symbol,close,last_trade_utc
A,147.52,2025-11-06T20:59:53Z
AA,36.74,2025-11-06T20:59:50Z
AAAA,27.02,2025-11-06T20:36:50Z
AAAU,39.285,2025-11-06T20:58:01Z
AADR,84.6,2025-11-06T16:04:44Z
AAL,13.14,2025-11-06T20:59:58Z
AAME,2.95,2025-11-06T20:59:26Z
AAMI,43.73,2025-11-06T20:59:20Z
AAOI,29.11,2025-11-06T20:59:56Z
AAON,99.98,2025-11-06T20:59:51Z
AAP,47.46,2025-11-06T20:59:51Z
AAPB,33.34,2025-11-06T20:58:24Z
AAPD,13.23,2025-11-06T20:59:23Z
AAPG,32.21,2025-11-06T20:47:37Z
AAPL,269.85,2025-11-06T20:59:56Z
AAPR,27.99,2025-11-06T20:35:47Z
AAPU,35.84,2025-11-06T20:59:48Z
AAPX,30.98,2025-11-06T20:59:51Z
AARD,9.81,2025-11-06T20:59:29Z
AAT,18.88,2025-11-06T20:59:55Z
AAUC,14.83,2025-11-06T20:59:33Z
AAXJ,93.76,2025-11-06T20:59:58Z
AB,39.61,2025-11-06T20:59:14Z
ABAT,3.69,2025-11-06T20:59:58Z
ABBV,219.105,2025-11-06T20:59:53Z
ABCB,72.865,2025-11-06T20:58:53Z
ABCL,4.51,2025-11-06T20:59:58Z
ABEO,4.2,2025-11-06T20:59:57Z
ABEV,2.4,2025-11-06T20:59:50Z
ABFL,71.28,2025-11-06T20:09:51Z
ABG,226.21,2025-11-06T20:59:33Z
ABIG,31.59,2025-11-06T20:45:32Z
ABL,5.29,2025-11-06T20:59:55Z
ABLLL,25.26,2025-11-06T15:19:12Z
ABM,41.96,2025-11-06T20:59:55Z
ABNB,120.52,2025-11-06T20:59:59Z
ABNY,9.2,2025-11-06T19:21:55Z
ABOS,1.91,2025-11-06T20:59:02Z
ABP,5.4,2025-11-06T17:25:13Z
ABR,9.43,2025-11-06T20:59:55Z
ABSI,3.59,2025-11-06T20:59:55Z
ABT,124.95,2025-11-06T20:59:55Z
ABTC,4.51,2025-11-06T20:59:48Z
ABTS,6.19,2025-11-06T18:12:45Z
ABUS,4.445,2025-11-06T20:59:54Z
ABVC,2.85,2025-11-06T20:59:51Z
ABVE,3.405,2025-11-06T20:55:35Z
ABVX,103.995,2025-11-06T20:59:23Z
ACA,99.405,2025-11-06T20:35:04Z
ACAD,21.67,2025-11-06T20:59:49Z
ACB,4.37,2025-11-06T20:59:45Z
ACCO,3.49,2025-11-06T20:59:59Z
ACCS,9.145,2025-11-06T19:46:58Z
ACDC,5.11,2025-11-06T20:59:54Z
ACEL,10.14,2025-11-06T20:59:51Z
ACES,34.56,2025-11-06T20:52:52Z
ACET,0.6665,2025-11-06T20:31:36Z
ACFN,14.145,2025-11-06T19:26:05Z
ACGL,87.715,2025-11-06T20:59:50Z
ACGLN,17.54,2025-11-06T17:48:11Z
ACHC,20.255,2025-11-06T20:59:57Z
ACHR,8.86,2025-11-06T20:59:59Z
ACHR+,2.21,2025-11-06T15:33:03Z
ACHV,4.735,2025-11-06T20:59:53Z
ACI,17.49,2025-11-06T20:59:57Z
ACIC,12.2,2025-11-06T20:59:55Z
ACIO,43.56,2025-11-06T18:51:36Z
ACIU,3.43,2025-11-06T20:58:58Z
ACIW,50.615,2025-11-06T20:59:59Z
ACKY,19.83,2025-11-06T19:33:54Z
ACLS,82.135,2025-11-06T20:59:43Z
ACLX,88.18,2025-11-06T20:59:50Z
ACM,130.04,2025-11-06T20:59:35Z
ACMR,30.875,2025-11-06T20:59:40Z
ACN,241.3,2025-11-06T20:59:50Z
ACNB,46.99,2025-11-06T14:45:48Z
ACNT,12.4,2025-11-06T20:59:11Z
ACOG,5.73,2025-11-06T20:37:43Z
ACP,5.48,2025-11-06T20:58:56Z
ACR,21.83,2025-11-06T20:23:42Z
ACRE,4.49,2025-11-06T20:59:53Z
ACRS,2.27,2025-11-06T20:59:58Z
ACRV,1.995,2025-11-06T20:58:17Z
ACT,36.74,2025-11-06T20:59:47Z
ACTG,3.58,2025-11-06T20:59:54Z
ACTU,6.36,2025-11-06T19:25:40Z
ACV,25.75,2025-11-06T20:55:01Z
ACVA,5.075,2025-11-06T20:59:59Z
ACWI,139.32,2025-11-06T20:59:58Z
ACWV,118,2025-11-06T20:59:55Z
ACWX,65.81,2025-11-06T20:59:03Z
ACXP,4.99,2025-11-06T20:52:11Z
AD,47.82,2025-11-06T20:59:55Z
ADAG,1.63,2025-11-06T15:47:32Z
ADAM,6.885,2025-11-06T20:59:58Z
ADAMH,25.33,2025-11-06T17:21:00Z
ADAMM,25.18,2025-11-06T18:33:04Z
ADAMZ,19,2025-11-06T20:03:55Z
ADBE,327.26,2025-11-06T20:59:51Z
ADBG,9.21,2025-11-06T20:57:30Z
ADC,72.48,2025-11-06T20:59:50Z
ADCT,4.16,2025-11-06T20:59:59Z
ADEA,13.99,2025-11-06T20:59:47Z
ADI,232.84,2025-11-06T20:59:55Z
ADIL,0.3301,2025-11-06T16:22:50Z
ADM,56.73,2025-11-06T20:59:58Z
ADMA,14.02,2025-11-06T20:59:57Z
ADME,51.19,2025-11-06T15:16:06Z
ADNT,18.945,2025-11-06T20:59:51Z
ADP,252.37,2025-11-06T20:59:53Z
ADPT,15.54,2025-11-06T20:59:48Z
ADSE,10.17,2025-11-06T20:59:29Z
ADSK,294.83,2025-11-06T20:59:48Z
ADT,8.155,2025-11-06T20:59:59Z
ADTN,8.03,2025-11-06T20:59:59Z
ADTX,5.88,2025-11-06T20:59:48Z
ADUR,12.015,2025-11-06T20:57:53Z
ADUS,114.14,2025-11-06T20:59:55Z
ADV,1.205,2025-11-06T20:59:59Z
ADVB,0.4314,2025-11-06T20:59:21Z
ADVE,38.68,2025-11-06T15:43:57Z
ADVM,4.28,2025-11-06T20:59:53Z
ADX,22.9,2025-11-06T20:55:26Z
AEBI,10.985,2025-11-06T20:59:37Z
AEC,6.76,2025-11-06T20:54:35Z
AEE,102.04,2025-11-06T20:59:56Z
AEF,6.885,2025-11-06T18:24:42Z
AEFC,20.2,2025-11-06T19:31:43Z
AEG,7.615,2025-11-06T20:59:58Z
AEHR,23.66,2025-11-06T20:59:44Z
AEI,2.42,2025-11-06T20:58:32Z
AEIS,219.19,2025-11-06T20:59:03Z
AEM,159.3,2025-11-06T20:59:54Z
AEMD,4.3,2025-11-06T19:37:24Z
AENT,6.28,2025-11-06T20:19:02Z
AEO,16.61,2025-11-06T20:59:55Z
AEON,1.02,2025-11-06T20:11:00Z
AEP,119.49,2025-11-06T20:59:49Z
AER,132.27,2025-11-06T20:59:46Z
AERO,20.4,2025-11-06T20:59:46Z
AERT,0.59,2025-11-06T20:52:21Z
AES,14.195,2025-11-06T20:59:59Z
AESI,11.19,2025-11-06T20:59:50Z
AESR,20.42,2025-11-06T20:55:00Z
AETH,39.25,2025-11-06T15:01:45Z
AEVA,12.895,2025-11-06T20:59:51Z
AEXA,11.27,2025-11-06T16:52:41Z
AEYE,13.46,2025-11-06T20:59:29Z
AFB,10.9,2025-11-06T19:42:57Z
AFCG,3.08,2025-11-06T18:14:05Z
AFG,141.4,2025-11-06T20:59:48Z
AFGB,22.59,2025-11-06T15:27:43Z
AFGC,20.08,2025-11-06T18:23:11Z
AFIF,9.44,2025-11-06T20:32:04Z
AFJK,25.98,2025-11-06T16:29:07Z
AFJKR,0.39,2025-11-06T20:03:18Z
AFK,23.8,2025-11-06T20:56:21Z
AFL,113.71,2025-11-06T20:59:53Z
AFLG,38.52,2025-11-06T20:59:47Z
AFMC,33.72,2025-11-06T14:36:37Z
AFRM,65.945,2025-11-06T20:59:43Z
AFRU,12.98,2025-11-06T20:26:36Z
AFYA,14.11,2025-11-06T20:56:23Z
AG,10.9,2025-11-06T20:59:58Z
AGAE,0.5394,2025-11-06T20:58:36Z
AGCC,5,2025-11-06T16:49:16Z
AGCO,105.74,2025-11-06T20:59:50Z
AGD,11.555,2025-11-06T16:34:39Z
AGEN,3.825,2025-11-06T20:59:46Z
AGG,100.23,2025-11-06T20:59:57Z
AGGH,20.82,2025-11-06T20:57:30Z
AGH,5.74,2025-11-06T14:30:01Z
AGI,30.43,2025-11-06T20:59:59Z
AGIO,40.255,2025-11-06T20:59:26Z
AGL,0.6971,2025-11-06T20:59:56Z
AGM,161.995,2025-11-06T20:58:05Z
AGNC,10.2,2025-11-06T20:59:51Z
AGNCO,25.25,2025-11-06T15:30:17Z
AGNCP,24.98,2025-11-06T20:55:34Z
AGO,81.595,2025-11-06T20:59:32Z
AGOX,30.33,2025-11-06T16:57:37Z
AGQ,77.79,2025-11-06T20:55:00Z
AGRI,2.44,2025-11-06T20:57:15Z
AGRO,8.05,2025-11-06T20:59:57Z
AGRZ,2.65,2025-11-06T20:24:12Z
AGX,310.71,2025-11-06T20:59:21Z
AGYS,126.28,2025-11-06T20:58:08Z
AHCO,9.61,2025-11-06T20:59:50Z
AHG,1.69,2025-11-06T15:48:50Z
AHH,6.225,2025-11-06T20:59:54Z
AHL,36.83,2025-11-06T20:59:49Z
AHR,47.91,2025-11-06T20:59:52Z
AHT,4.49,2025-11-06T18:00:13Z
AI,15.19,2025-11-06T20:59:58Z
AIA,97.68,2025-11-06T18:22:45Z
AIBD,7.06,2025-11-06T19:41:20Z
AIBU,55.855,2025-11-06T17:32:16Z
AIFF,1.585,2025-11-06T20:59:58Z
AIG,76.265,2025-11-06T20:59:55Z
AII,24.81,2025-11-06T20:59:12Z
AIIO,0.4635,2025-11-06T20:58:22Z
AIIOW,0.0832,2025-11-06T15:10:13Z
AIM,1.67,2025-11-06T20:25:04Z
AIMD,2.9,2025-11-06T20:00:25Z
AIN,53.94,2025-11-06T20:59:48Z
AIO,23.98,2025-11-06T20:57:04Z
AIOT,4.78,2025-11-06T20:59:59Z
AIP,14.88,2025-11-06T20:59:58Z
AIPI,42.55,2025-11-06T20:59:10Z
AIPO,23.97,2025-11-06T18:27:20Z
AIQ,51.095,2025-11-06T20:59:57Z
AIR,82.325,2025-11-06T20:59:00Z
AIRE,0.5057,2025-11-06T20:50:48Z
AIRI,2.95,2025-11-06T20:59:50Z
AIRJ,4.765,2025-11-06T20:58:53Z
AIRO,13.115,2025-11-06T20:59:52Z
AIRR,96.9,2025-11-06T20:59:57Z
AIRS,10.53,2025-11-06T20:59:40Z
AIS,38.95,2025-11-06T15:01:22Z
AISP,4.08,2025-11-06T20:59:57Z
AISPW,1.56,2025-11-06T16:37:20Z
AIT,259.78,2025-11-06T20:59:50Z
AIV,5.285,2025-11-06T20:59:58Z
AIXI,0.84,2025-11-06T17:05:09Z
AIYY,2.14,2025-11-06T20:59:54Z
AIZ,216.9,2025-11-06T20:59:26Z
AIZN,20.54,2025-11-06T20:49:06Z
AJG,245.3,2025-11-06T20:59:58Z
AKAM,72.97,2025-11-06T20:59:50Z
AKAN,1.36,2025-11-06T17:04:21Z
AKBA,2,2025-11-06T20:59:58Z
AKO.B,27.245,2025-11-06T20:50:00Z
AKR,19.94,2025-11-06T20:59:58Z
AKRE,63.9,2025-11-06T20:33:31Z
AKRO,53.93,2025-11-06T20:59:54Z
AKTX,0.6529,2025-11-06T18:25:43Z
AL,63.76,2025-11-06T20:59:58Z
ALAB,162.75,2025-11-06T20:59:58Z
ALAI,36.94,2025-11-06T20:58:23Z
ALAR,14.99,2025-11-06T19:22:17Z
ALB,91.27,2025-11-06T20:59:53Z
ALBT,2,2025-11-06T20:38:48Z
ALC,74.28,2025-11-06T20:59:47Z
ALCO,32.45,2025-11-06T20:04:24Z
ALDF,10.54,2025-11-06T16:35:38Z
ALDX,4.81,2025-11-06T20:59:56Z
ALE,67.32,2025-11-06T20:59:58Z
ALEC,1.31,2025-11-06T20:59:57Z
ALEX,15.69,2025-11-06T20:59:48Z
ALG,173.1,2025-11-06T20:57:22Z
ALGM,27.19,2025-11-06T20:59:37Z
ALGN,133.63,2025-11-06T20:59:52Z
ALGS,7.07,2025-11-06T20:56:47Z
ALGT,68.9,2025-11-06T20:59:26Z
ALH,26.38,2025-11-06T20:59:42Z
ALHC,16.49,2025-11-06T20:59:53Z
ALIT,2.39,2025-11-06T20:59:54Z
ALK,41.125,2025-11-06T20:59:53Z
ALKS,31.675,2025-11-06T20:59:53Z
ALKT,19.07,2025-11-06T20:59:55Z
ALL,198.08,2025-11-06T20:59:50Z
ALL-B,26.3,2025-11-06T18:42:00Z
ALL-H,21.44,2025-11-06T20:39:23Z
ALL-I,19.98,2025-11-06T17:05:59Z
ALLE,165.04,2025-11-06T20:59:47Z
ALLO,1.05,2025-11-06T20:59:59Z
ALLR,1.12,2025-11-06T20:54:31Z
ALLT,8.7,2025-11-06T20:59:16Z
ALLW,28.495,2025-11-06T20:55:36Z
ALLY,38.63,2025-11-06T20:59:50Z
ALM,6.405,2025-11-06T20:59:18Z
ALMS,4.71,2025-11-06T20:59:30Z
ALMU,14.545,2025-11-06T20:54:16Z
ALNT,50.57,2025-11-06T20:58:02Z
ALNY,440.43,2025-11-06T20:59:59Z
ALPS,0.8518,2025-11-06T20:49:34Z
ALRM,47.1,2025-11-06T20:59:40Z
ALRS,21.1,2025-11-06T20:58:02Z
ALSN,81.51,2025-11-06T20:59:54Z
ALT,3.935,2025-11-06T20:59:56Z
ALTG,5.89,2025-11-06T20:59:46Z
ALTI,3.91,2025-11-06T20:56:49Z
ALTO,1.42,2025-11-06T20:59:55Z
ALTS,1.955,2025-11-06T20:59:58Z
ALTY,11.855,2025-11-06T20:59:45Z
ALUR,1.62,2025-11-06T18:24:25Z
ALV,119.925,2025-11-06T20:59:54Z
ALVO,5.06,2025-11-06T20:59:53Z
ALX,231.85,2025-11-06T18:02:00Z
ALXO,1.195,2025-11-06T20:57:42Z
ALZN,2.52,2025-11-06T20:54:43Z
AM,17.26,2025-11-06T20:59:56Z
AMAL,27.805,2025-11-06T20:59:31Z
AMAT,233.44,2025-11-06T20:59:56Z
AMAX,8.08,2025-11-06T20:59:19Z
AMBA,90.53,2025-11-06T20:59:42Z
AMBC,8.165,2025-11-06T20:59:31Z
AMBO,3.59,2025-11-06T18:52:16Z
AMBP,3.33,2025-11-06T20:59:58Z
AMBQ,29.265,2025-11-06T20:58:28Z
AMBR,1.78,2025-11-06T16:06:45Z
AMC,2.6,2025-11-06T20:59:58Z
AMCR,8.22,2025-11-06T20:59:59Z
AMCX,7.235,2025-11-06T20:59:09Z
AMD,237.61,2025-11-06T20:59:59Z
AMDD,8.875,2025-11-06T20:59:25Z
AMDG,39.26,2025-11-06T20:26:27Z
AMDL,20.26,2025-11-06T20:59:59Z
AMDU,31.71,2025-11-06T14:48:11Z
AMDW,65.44,2025-11-06T18:28:36Z
AMDY,9.18,2025-11-06T20:59:59Z
AME,197.12,2025-11-06T20:59:46Z
AMG,259.01,2025-11-06T20:59:59Z
AMGN,315.51,2025-11-06T20:59:59Z
AMH,31.585,2025-11-06T20:59:53Z
AMIX,0.86,2025-11-06T18:21:34Z
AMJB,29.76,2025-11-06T19:37:11Z
AMKR,35.145,2025-11-06T20:59:58Z
AMLP,47.065,2025-11-06T20:59:57Z
AMLX,12.44,2025-11-06T20:59:51Z
AMN,18.37,2025-11-06T20:59:54Z
AMOD,1.095,2025-11-06T20:57:52Z
AMP,457.46,2025-11-06T20:59:44Z
AMPG,3.135,2025-11-06T20:57:30Z
AMPH,24.18,2025-11-06T20:59:53Z
AMPL,9.92,2025-11-06T20:59:58Z
AMPX,11.255,2025-11-06T20:59:59Z
AMPX+,4.47,2025-11-06T15:42:39Z
AMPY,4.9,2025-11-06T20:59:48Z
AMR,171.12,2025-11-06T20:59:26Z
AMRC,36.525,2025-11-06T20:59:41Z
AMRK,24.95,2025-11-06T20:59:57Z
AMRN,15.68,2025-11-06T20:54:03Z
AMRX,11.67,2025-11-06T20:59:56Z
AMRZ,49.73,2025-11-06T20:59:54Z
AMSC,36.55,2025-11-06T20:59:52Z
AMSF,40.2,2025-11-06T20:21:47Z
AMST,2.91,2025-11-06T17:41:42Z
AMT,178.1,2025-11-06T20:59:58Z
AMTB,16.69,2025-11-06T20:59:55Z
AMTM,21.78,2025-11-06T20:59:47Z
AMTX,1.795,2025-11-06T20:59:52Z
AMUB,18.66,2025-11-06T19:37:15Z
AMUU,79.86,2025-11-06T20:55:19Z
AMWD,56.05,2025-11-06T20:58:26Z
AMWL,4.105,2025-11-06T20:56:54Z
AMX,22.725,2025-11-06T20:59:54Z
AMYY,24.855,2025-11-06T20:59:34Z
AMZD,9.625,2025-11-06T20:59:15Z
AMZE,0.5151,2025-11-06T16:22:20Z
AMZN,242.96,2025-11-06T20:59:56Z
AMZU,41.34,2025-11-06T20:59:50Z
AMZW,48.37,2025-11-06T17:09:24Z
AMZY,14.535,2025-11-06T20:59:41Z
AMZZ,35.52,2025-11-06T20:59:50Z
AN,190.53,2025-11-06T20:58:17Z
ANAB,38.24,2025-11-06T20:56:32Z
ANDE,48.97,2025-11-06T20:59:40Z
ANEB,2.5,2025-11-06T20:10:58Z
ANEL,18.01,2025-11-06T20:41:19Z
ANET,133.97,2025-11-06T20:59:55Z
ANF,70.1,2025-11-06T20:59:51Z
ANG-D,25.5,2025-11-06T20:56:13Z
ANGI,11.36,2025-11-06T20:59:57Z
ANGL,29.235,2025-11-06T20:58:33Z
ANGO,11.74,2025-11-06T20:59:57Z
ANGX,6.43,2025-11-06T20:59:54Z
ANIK,9.79,2025-11-06T20:55:49Z
ANIP,90.29,2025-11-06T20:58:05Z
ANIX,4.04,2025-11-06T20:57:07Z
ANNX,3.015,2025-11-06T20:59:55Z
ANPA,26.04,2025-11-06T16:49:43Z
ANRO,11.16,2025-11-06T20:59:38Z
ANSC,11.07,2025-11-06T15:16:13Z
ANTX,1.14,2025-11-06T20:51:53Z
ANVS,1.975,2025-11-06T20:58:06Z
ANY,0.5607,2025-11-06T20:59:19Z
AOA,88.69,2025-11-06T20:21:24Z
AOD,9.29,2025-11-06T20:59:47Z
AOHY,11.065,2025-11-06T19:18:03Z
AOK,40.25,2025-11-06T20:57:03Z
AOM,47.69,2025-11-06T19:32:25Z
AOMR,9.08,2025-11-06T20:56:34Z
AON,339.89,2025-11-06T20:59:54Z
AOR,64.51,2025-11-06T20:58:03Z
AORT,47.56,2025-11-06T20:59:50Z
AOS,65.6,2025-11-06T20:59:59Z
AOSL,19.675,2025-11-06T20:58:03Z
AOTG,56.8,2025-11-06T20:12:13Z
AOUT,6.58,2025-11-06T20:52:52Z
AP,1.915,2025-11-06T20:57:44Z
APA,23.65,2025-11-06T20:59:59Z
APAM,44.7,2025-11-06T20:59:49Z
APD,258.8,2025-11-06T20:59:55Z
APEI,30.64,2025-11-06T20:56:02Z
APG,36.075,2025-11-06T20:59:55Z
APGE,55.03,2025-11-06T20:59:54Z
APH,138.09,2025-11-06T20:59:56Z
API,3.475,2025-11-06T20:59:54Z
APIE,35.93,2025-11-06T19:56:02Z
APLD,31.055,2025-11-06T20:59:53Z
APLE,11.24,2025-11-06T20:59:58Z
APLS,19.72,2025-11-06T20:59:55Z
APLT,0.7679,2025-11-06T20:59:49Z
APLX,105.76,2025-11-06T20:32:42Z
APLY,13.71,2025-11-06T20:58:00Z
APM,1.37,2025-11-06T18:34:19Z
APMU,25.08,2025-11-06T20:02:22Z
APO,128.89,2025-11-06T20:59:55Z
APOG,34.62,2025-11-06T20:55:39Z
APOS,26.21,2025-11-06T19:30:13Z
APP,621.56,2025-11-06T20:59:57Z
APPF,250.19,2025-11-06T20:58:20Z
APPN,38.38,2025-11-06T20:59:59Z
APPS,6.26,2025-11-06T20:59:57Z
APPX,34.45,2025-11-06T20:57:41Z
APRB,25.2,2025-11-06T20:24:28Z
APRE,1.27,2025-11-06T16:43:41Z
APRH,24.83,2025-11-06T16:56:24Z
APRJ,24.71,2025-11-06T20:31:33Z
APRW,34.35,2025-11-06T17:08:26Z
APT,4.61,2025-11-06T19:24:09Z
APTV,82.11,2025-11-06T20:59:53Z
APUE,41.07,2025-11-06T20:40:40Z
APUS,2.55,2025-11-06T19:02:48Z
APVO,1.48,2025-11-06T20:52:19Z
APYX,3.15,2025-11-06T18:54:58Z
AQB,1.08,2025-11-06T15:37:21Z
AQMS,6.55,2025-11-06T20:57:42Z
AQN,5.73,2025-11-06T20:59:59Z
AQST,6.12,2025-11-06T20:59:57Z
AQWA,19.54,2025-11-06T20:50:04Z
AR,32.62,2025-11-06T20:59:52Z
ARAI,4.41,2025-11-06T20:56:53Z
ARAY,1.235,2025-11-06T20:59:31Z
ARBE,1.615,2025-11-06T20:59:45Z
ARBK,0.3149,2025-11-06T20:58:49Z
ARBKL,1.77,2025-11-06T18:42:38Z
ARCB,65.04,2025-11-06T20:59:51Z
ARCC,19.98,2025-11-06T20:59:51Z
ARCO,7,2025-11-06T20:59:55Z
ARCT,8.275,2025-11-06T20:59:39Z
ARCX,11.11,2025-11-06T20:43:44Z
ARDC,13.885,2025-11-06T20:41:29Z
ARDT,14.46,2025-11-06T20:59:58Z
ARDX,5.64,2025-11-06T20:59:58Z
ARE,53.14,2025-11-06T20:59:53Z
AREB,1.275,2025-11-06T20:59:24Z
AREC,3.615,2025-11-06T20:59:56Z
AREN,4.98,2025-11-06T20:50:35Z
ARES,151.15,2025-11-06T20:59:54Z
ARGT,90.64,2025-11-06T20:54:50Z
ARGX,851.39,2025-11-06T20:59:21Z
ARHS,9.395,2025-11-06T20:59:59Z
ARI,9.78,2025-11-06T20:59:57Z
ARKB,33.5,2025-11-06T20:59:49Z
ARKF,51.28,2025-11-06T20:54:40Z
ARKG,28.37,2025-11-06T20:59:52Z
ARKK,80.95,2025-11-06T20:59:56Z
ARKO,3.995,2025-11-06T20:59:58Z
ARKOW,0.01,2025-11-06T14:37:11Z
ARKQ,113.39,2025-11-06T20:59:38Z
ARKW,161.65,2025-11-06T20:59:50Z
ARKX,28.42,2025-11-06T20:59:58Z
ARLO,16.92,2025-11-06T20:59:56Z
ARLP,24.985,2025-11-06T20:59:27Z
ARM,158.26,2025-11-06T20:59:54Z
ARMG,13.03,2025-11-06T20:57:05Z
ARMK,37.38,2025-11-06T20:59:57Z
ARMN,9.63,2025-11-06T20:59:11Z
ARMP,5.68,2025-11-06T20:19:49Z
AROC,24.8,2025-11-06T20:59:52Z
AROW,30.13,2025-11-06T20:06:40Z
ARQ,4.1,2025-11-06T20:59:56Z
ARQQ,31.9,2025-11-06T20:59:44Z
ARQT,25.12,2025-11-06T20:59:54Z
ARR,16.59,2025-11-06T20:59:59Z
ARR-C,21.74,2025-11-06T16:05:59Z
ARRY,8.38,2025-11-06T20:59:56Z
ARTL,1.89,2025-11-06T19:59:49Z
ARTV,3.515,2025-11-06T19:38:39Z
ARTY,48.19,2025-11-06T20:58:02Z
ARVN,10.01,2025-11-06T20:59:59Z
ARW,111.2,2025-11-06T20:59:49Z
ARWR,39.6,2025-11-06T20:59:55Z
ARX,12.04,2025-11-06T20:59:50Z
AS,29.66,2025-11-06T20:59:56Z
ASA,45.41,2025-11-06T20:59:53Z
ASAN,13.105,2025-11-06T20:59:48Z
ASB,25.24,2025-11-06T20:59:58Z
ASBA,24.655,2025-11-06T17:15:28Z
ASBP,0.2643,2025-11-06T20:58:46Z
ASC,12.89,2025-11-06T20:59:50Z
ASEA,17.89,2025-11-06T19:02:52Z
ASG,5.43,2025-11-06T20:49:30Z
ASGI,20.47,2025-11-06T20:55:28Z
ASGN,43.6,2025-11-06T20:59:52Z
ASH,50.26,2025-11-06T20:59:30Z
ASHR,33.26,2025-11-06T20:59:59Z
ASIC,18.18,2025-11-06T20:57:38Z
ASIX,18.195,2025-11-06T20:59:51Z
ASLE,7,2025-11-06T20:59:52Z
ASM,4.12,2025-11-06T20:59:52Z
ASMB,31.73,2025-11-06T20:55:14Z
ASMG,24.09,2025-11-06T20:59:50Z
ASML,1029,2025-11-06T20:59:56Z
ASND,199.29,2025-11-06T20:59:43Z
ASNS,0.4121,2025-11-06T20:59:52Z
ASO,46.05,2025-11-06T20:59:40Z
ASPI,7.65,2025-11-06T20:59:58Z
ASPN,4.09,2025-11-06T20:59:56Z
ASPS,9.49,2025-11-06T20:29:04Z
ASPSW,0.4275,2025-11-06T15:54:19Z
ASPSZ,0.395,2025-11-06T15:36:23Z
ASR,309.08,2025-11-06T20:59:47Z
ASRT,0.756,2025-11-06T20:41:36Z
ASRV,3.11,2025-11-06T16:01:03Z
ASST,1.455,2025-11-06T20:59:58Z
ASTE,45.56,2025-11-06T20:59:25Z
ASTH,33.38,2025-11-06T20:59:52Z
ASTI,1.61,2025-11-06T20:55:19Z
ASTL,3.665,2025-11-06T20:59:56Z
ASTS,65.275,2025-11-06T20:59:59Z
ASTX,40.785,2025-11-06T20:59:39Z
ASUR,8.21,2025-11-06T20:59:49Z
ASX,15.36,2025-11-06T20:59:55Z
ASYS,7.05,2025-11-06T20:58:51Z
ATAI,4.325,2025-11-06T20:59:55Z
ATAT,38.87,2025-11-06T20:59:53Z
ATCH,0.3158,2025-11-06T20:34:58Z
ATEC,19.53,2025-11-06T20:59:53Z
ATEN,17.79,2025-11-06T20:59:50Z
ATEX,17.98,2025-11-06T20:56:50Z
ATGE,94.98,2025-11-06T20:59:48Z
ATH-A,24.99,2025-11-06T20:20:21Z
ATH-B,20.82,2025-11-06T17:03:11Z
ATH-E,25.905,2025-11-06T20:34:11Z
ATHE,3.66,2025-11-06T15:47:22Z
ATHM,25.19,2025-11-06T20:59:51Z
ATHS,25.245,2025-11-06T20:52:49Z
ATI,96.2,2025-11-06T20:59:56Z
ATKR,66.445,2025-11-06T20:58:31Z
ATLC,55.86,2025-11-06T20:45:00Z
ATLN,2.56,2025-11-06T15:05:29Z
ATLO,21.035,2025-11-06T20:59:14Z
ATLX,4.39,2025-11-06T20:59:58Z
ATMP,27.87,2025-11-06T14:36:13Z
ATMU,46.475,2025-11-06T20:59:46Z
ATNI,17.23,2025-11-06T20:47:53Z
ATNM,1.33,2025-11-06T19:34:49Z
ATO,175.43,2025-11-06T20:59:50Z
ATOM,2.58,2025-11-06T20:59:43Z
ATOS,0.8183,2025-11-06T20:59:55Z
ATR,116.2,2025-11-06T20:59:30Z
ATRA,11.695,2025-11-06T20:49:52Z
ATRC,31.47,2025-11-06T20:59:44Z
ATRO,47,2025-11-06T20:59:48Z
ATS,28.21,2025-11-06T20:59:00Z
ATUS,2.06,2025-11-06T20:59:59Z
ATXG,0.455,2025-11-06T15:05:23Z
ATXS,12.43,2025-11-06T20:59:55Z
ATYR,0.7815,2025-11-06T20:59:55Z
AU,67.82,2025-11-06T20:59:59Z
AUB,32.335,2025-11-06T20:59:49Z
AUDC,9.24,2025-11-06T20:59:50Z
AUGO,33.02,2025-11-06T20:59:55Z
AUGW,31.99,2025-11-06T18:28:28Z
AUID,2.34,2025-11-06T14:42:24Z
AUNA,5.525,2025-11-06T20:46:25Z
AUPH,13.945,2025-11-06T20:59:56Z
AUR,4.23,2025-11-06T20:59:58Z
AURA,5.4,2025-11-06T20:59:49Z
AURE,0.4236,2025-11-06T20:54:25Z
AUST,1.525,2025-11-06T20:58:51Z
AUTL,1.35,2025-11-06T20:58:26Z
AVA,40.4,2025-11-06T20:59:50Z
AVAH,8.645,2025-11-06T20:59:58Z
AVAV,328.08,2025-11-06T20:59:51Z
AVB,175.065,2025-11-06T20:59:38Z
AVBC,15.24,2025-11-06T20:58:16Z
AVBH,25.49,2025-11-06T20:54:27Z
AVBP,18.4,2025-11-06T20:57:26Z
AVD,4.95,2025-11-06T20:59:45Z
AVDE,78.86,2025-11-06T20:56:30Z
AVDL,18.74,2025-11-06T20:59:55Z
AVDV,88.18,2025-11-06T20:58:02Z
AVEM,76.77,2025-11-06T20:59:57Z
AVGG,31.13,2025-11-06T20:53:32Z
AVGO,355.64,2025-11-06T20:59:59Z
AVGU,38.63,2025-11-06T16:06:34Z
AVGX,53.48,2025-11-06T20:57:22Z
AVIG,41.985,2025-11-06T20:59:57Z
AVIR,3.25,2025-11-06T20:59:55Z
AVIV,67.62,2025-11-06T16:24:05Z
AVK,12.77,2025-11-06T20:57:31Z
AVL,58.93,2025-11-06T20:56:42Z
AVLV,72.115,2025-11-06T20:59:46Z
AVMU,45.74,2025-11-06T20:36:04Z
AVNM,70.83,2025-11-06T16:30:12Z
AVNS,11.21,2025-11-06T20:59:54Z
AVNT,30.1,2025-11-06T20:59:29Z
AVNW,23.49,2025-11-06T20:28:12Z
AVO,12.07,2025-11-06T20:58:29Z
AVPT,13.84,2025-11-06T20:59:53Z
AVR,4.05,2025-11-06T20:58:17Z
AVRE,43.925,2025-11-06T16:47:18Z
AVS,9.665,2025-11-06T20:59:25Z
AVSC,56.32,2025-11-06T20:54:57Z
AVSE,64.93,2025-11-06T20:58:11Z
AVSF,47.045,2025-11-06T20:59:57Z
AVSU,74.17,2025-11-06T19:34:10Z
AVT,47.15,2025-11-06T20:59:57Z
AVTR,11.32,2025-11-06T20:59:57Z
AVTX,15.38,2025-11-06T20:58:52Z
AVUS,108.86,2025-11-06T20:52:16Z
AVUV,96.86,2025-11-06T20:59:43Z
AVXL,7.395,2025-11-06T20:59:56Z
AVXX,15.87,2025-11-06T17:29:50Z
AVY,171.89,2025-11-06T20:59:50Z
AWF,10.85,2025-11-06T20:58:58Z
AWI,187.365,2025-11-06T20:59:02Z
AWK,129.49,2025-11-06T20:59:57Z
AWP,3.825,2025-11-06T20:58:31Z
AWR,74.96,2025-11-06T20:59:46Z
AWRE,2.31,2025-11-06T19:02:05Z
AX,79.59,2025-11-06T20:59:41Z
AXG,3.395,2025-11-06T20:59:28Z
AXGN,23.985,2025-11-06T20:59:54Z
AXIN,10.06,2025-11-06T19:24:28Z
AXL,6.15,2025-11-06T20:59:55Z
AXON,586.38,2025-11-06T20:59:48Z
AXP,365.65,2025-11-06T20:59:48Z
AXR,20.91,2025-11-06T16:45:17Z
AXS,97.59,2025-11-06T20:59:49Z
AXS-E,20.78,2025-11-06T20:55:07Z
AXSM,139.2,2025-11-06T20:59:18Z
AXTA,28.23,2025-11-06T20:59:55Z
AXTI,8.87,2025-11-06T20:59:53Z
AXUP,14.36,2025-11-06T18:14:38Z
AYI,358.3,2025-11-06T20:59:47Z
AYTU,2.14,2025-11-06T14:51:04Z
AZ,5.63,2025-11-06T20:59:56Z
AZI,0.0988,2025-11-06T20:59:38Z
AZN,83.79,2025-11-06T20:59:57Z
AZO,3677.1,2025-11-06T20:59:50Z
AZTA,29.56,2025-11-06T20:59:50Z
AZTR,0.4299,2025-11-06T20:54:52Z
AZZ,99.83,2025-11-06T20:58:28Z
B,32.55,2025-11-06T20:59:59Z
BA,196.53,2025-11-06T20:59:50Z
BA-A,64.285,2025-11-06T14:34:18Z
BAB,27.36,2025-11-06T20:57:54Z
BABA,167.59,2025-11-06T20:59:53Z
BABO,15.485,2025-11-06T19:36:46Z
BABX,48.45,2025-11-06T20:59:56Z
BAC,53.33,2025-11-06T20:59:59Z
BAC-K,24.8,2025-11-06T17:58:41Z
BAC-L,1261.865,2025-11-06T18:57:05Z
BAC-M,22.85,2025-11-06T20:59:58Z
BAC-O,18.36,2025-11-06T20:09:04Z
BAC-P,17.32,2025-11-06T20:45:05Z
BACQ,10.75,2025-11-06T20:59:56Z
BACQR,0.85,2025-11-06T20:24:58Z
BAER,1.61,2025-11-06T20:59:49Z
BAFE,26.47,2025-11-06T18:39:01Z
BAFN,8.385,2025-11-06T18:04:12Z
BAH,85.58,2025-11-06T20:59:52Z
BAI,35.18,2025-11-06T20:59:24Z
BAIG,11.865,2025-11-06T20:57:12Z
BAK,2.41,2025-11-06T20:59:59Z
BALI,31.3,2025-11-06T20:58:43Z
BALL,48.355,2025-11-06T20:59:54Z
BALT,32.945,2025-11-06T20:59:45Z
BALY,17.125,2025-11-06T20:59:58Z
BAM,53.24,2025-11-06T20:59:51Z
BAMD,29.65,2025-11-06T20:59:46Z
BAMO,32.28,2025-11-06T20:54:18Z
BAMV,31.91,2025-11-06T18:33:54Z
BAMY,27.96,2025-11-06T20:39:29Z
BANC,17.1,2025-11-06T20:59:54Z
BAND,14.24,2025-11-06T20:57:19Z
BANF,108.69,2025-11-06T20:57:47Z
BANL,0.465,2025-11-06T15:20:55Z
BANR,59.57,2025-11-06T20:59:36Z
BAP,258.65,2025-11-06T20:59:18Z
BAPR,47.13,2025-11-06T19:11:45Z
BAR,39.21,2025-11-06T20:59:14Z
BARK,0.7962,2025-11-06T20:40:55Z
BASG,26.27,2025-11-06T15:46:53Z
BATL,1.065,2025-11-06T18:54:29Z
BATRA,42.35,2025-11-06T19:40:33Z
BATRK,38.83,2025-11-06T20:59:00Z
BATT,13.36,2025-11-06T20:46:52Z
BAUG,49.04,2025-11-06T20:52:26Z
BAX,17.99,2025-11-06T20:59:58Z
BB,4.615,2025-11-06T20:59:56Z
BBAG,46.6,2025-11-06T20:58:55Z
BBAI,5.65,2025-11-06T20:59:59Z
BBAI+,1.88,2025-11-06T15:26:47Z
BBAR,16.435,2025-11-06T20:59:49Z
BBAX,56.23,2025-11-06T20:49:10Z
BBBS,51.51,2025-11-06T20:50:31Z
BBBY,6.72,2025-11-06T20:59:52Z
BBBY+,0.97,2025-11-06T20:59:42Z
BBCA,85.53,2025-11-06T20:59:12Z
BBCP,6.25,2025-11-06T20:50:00Z
BBD,3.5,2025-11-06T20:59:59Z
BBDC,9,2025-11-06T20:57:58Z
BBDO,3.05,2025-11-06T20:41:49Z
BBEU,69.69,2025-11-06T20:59:45Z
BBH,181.91,2025-11-06T20:45:16Z
BBHY,46.37,2025-11-06T20:58:02Z
BBIN,70.6,2025-11-06T16:22:57Z
BBIO,62.725,2025-11-06T20:59:54Z
BBJP,68.525,2025-11-06T20:59:44Z
BBLG,1.88,2025-11-06T20:54:40Z
BBLU,15.24,2025-11-06T20:28:37Z
BBN,17.05,2025-11-06T20:57:06Z
BBNX,25.03,2025-11-06T20:59:59Z
BBOT,12.19,2025-11-06T20:59:45Z
BBRE,93.7,2025-11-06T20:49:10Z
BBSI,34.93,2025-11-06T20:59:47Z
BBT,26.225,2025-11-06T20:59:55Z
BBU,33.685,2025-11-06T18:49:53Z
BBUC,34.67,2025-11-06T20:59:00Z
BBUS,121.33,2025-11-06T20:59:51Z
BBVA,20.7,2025-11-06T20:59:56Z
BBW,48.99,2025-11-06T20:59:19Z
BBWI,22.655,2025-11-06T20:59:50Z
BBY,78.66,2025-11-06T20:59:54Z
BC,65.4,2025-11-06T20:59:29Z
BC-C,24.91,2025-11-06T16:00:07Z
BCAB,0.636,2025-11-06T20:57:31Z
BCAL,18.865,2025-11-06T20:58:52Z
BCAR,10.06,2025-11-06T17:11:12Z
BCAT,14.52,2025-11-06T20:59:44Z
BCAX,14.54,2025-11-06T20:59:41Z
BCBP,7.67,2025-11-06T20:50:36Z
BCC,70.74,2025-11-06T20:59:50Z
BCCC,21.7,2025-11-06T20:06:59Z
BCD,35.1,2025-11-06T20:59:46Z
BCDA,1.3,2025-11-06T20:47:36Z
BCDF,30.84,2025-11-06T18:20:11Z
BCE,23.17,2025-11-06T20:59:58Z
BCH,35.99,2025-11-06T20:59:43Z
BCI,22.105,2025-11-06T20:59:18Z
BCIC,12.055,2025-11-06T20:59:31Z
BCML,27.29,2025-11-06T20:58:56Z
BCO,112.14,2025-11-06T20:57:01Z
BCPC,151.95,2025-11-06T20:54:40Z
BCRX,7.04,2025-11-06T20:59:56Z
BCS,21.57,2025-11-06T20:59:55Z
BCSF,13.735,2025-11-06T20:59:49Z
BCSS=,10.37,2025-11-06T18:04:01Z
BCTXZ,0.3324,2025-11-06T15:40:49Z
BCV,23.39,2025-11-06T20:39:21Z
BCX,9.87,2025-11-06T20:59:50Z
BCYC,6.5,2025-11-06T20:59:47Z
BDBT,25.59,2025-11-06T20:59:25Z
BDC,119.905,2025-11-06T20:56:10Z
BDEC,48.32,2025-11-06T20:58:33Z
BDJ,9,2025-11-06T20:58:34Z
BDMD,1.075,2025-11-06T20:56:06Z
BDN,3.245,2025-11-06T20:59:54Z
BDRY,8.44,2025-11-06T20:59:49Z
BDSX,7.95,2025-11-06T20:19:12Z
BDTX,3.98,2025-11-06T20:59:54Z
BDX,177.38,2025-11-06T20:59:54Z
BDYN,25.53,2025-11-06T20:39:16Z
BE,136.89,2025-11-06T20:59:50Z
BEAG,10.65,2025-11-06T16:59:20Z
BEAGR,0.3687,2025-11-06T16:13:45Z
BEAM,23.16,2025-11-06T20:59:50Z
BEAT,1.65,2025-11-06T20:59:47Z
BEEM,2.205,2025-11-06T20:59:33Z
BEEP,3.265,2025-11-06T20:46:12Z
BEKE,15.8,2025-11-06T20:59:50Z
BELFB,159.28,2025-11-06T19:54:57Z
BEN,23.28,2025-11-06T20:59:58Z
BENF,0.5245,2025-11-06T20:54:03Z
BEP,31.01,2025-11-06T20:59:25Z
BEPC,44.4,2025-11-06T20:59:59Z
BEPH,15.4,2025-11-06T16:50:59Z
BERZ,2.965,2025-11-06T20:58:51Z
BETA,35.56,2025-11-06T20:59:45Z
BETE,61.085,2025-11-06T14:58:08Z
BETH,65.65,2025-11-06T19:50:55Z
BETR,60.63,2025-11-06T20:58:41Z
BETZ,20.4,2025-11-06T20:22:37Z
BF.A,26.365,2025-11-06T20:59:20Z
BF.B,26.53,2025-11-06T20:59:50Z
BFAM,97.83,2025-11-06T20:59:49Z
BFC,122.73,2025-11-06T20:45:06Z
BFH,63.88,2025-11-06T20:59:51Z
BFIN,11.21,2025-11-06T20:00:30Z
BFK,9.97,2025-11-06T20:59:00Z
BFLY,2.24,2025-11-06T20:59:58Z
BFRG,0.989,2025-11-06T18:41:32Z
BFRI,1.155,2025-11-06T20:58:34Z
BFRZ,26.71,2025-11-06T18:23:32Z
BFS,29.88,2025-11-06T20:25:36Z
BFST,24.62,2025-11-06T20:57:40Z
BG,94.8,2025-11-06T20:59:43Z
BGB,11.78,2025-11-06T20:27:05Z
BGC,9.115,2025-11-06T20:59:59Z
BGH,15.14,2025-11-06T20:59:58Z
BGI,1.085,2025-11-06T20:44:37Z
BGIG,31.79,2025-11-06T14:42:26Z
BGIN,3.91,2025-11-06T19:17:01Z
BGL,6.39,2025-11-06T20:58:59Z
BGLD,24.25,2025-11-06T16:38:49Z
BGM,9.495,2025-11-06T18:36:30Z
BGMS,1.57,2025-11-06T15:21:52Z
BGR,13.44,2025-11-06T20:08:08Z
BGS,4.96,2025-11-06T20:59:58Z
BGSF,3.3,2025-11-06T20:59:58Z
BGSI,150.215,2025-11-06T20:55:09Z
BGT,11.67,2025-11-06T20:55:11Z
BGX,11.76,2025-11-06T20:52:23Z
BGY,5.8,2025-11-06T20:58:50Z
BH,367.97,2025-11-06T15:07:48Z
BH.A,1793.55,2025-11-06T17:49:51Z
BHAT,1.57,2025-11-06T20:12:47Z
BHB,28.82,2025-11-06T20:50:29Z
BHC,6.69,2025-11-06T20:59:51Z
BHE,45.5,2025-11-06T20:59:05Z
BHF,65.68,2025-11-06T20:59:56Z
BHFAL,18.6,2025-11-06T17:52:30Z
BHFAM,12.5,2025-11-06T20:57:30Z
BHFAN,14.28,2025-11-06T20:11:49Z
BHFAO,17.77,2025-11-06T20:07:44Z
BHFAP,17.52,2025-11-06T20:33:41Z
BHK,9.735,2025-11-06T20:57:30Z
BHM,9.35,2025-11-06T20:59:56Z
BHP,55.61,2025-11-06T20:59:56Z
BHR,2.61,2025-11-06T20:59:55Z
BHR-D,20.97,2025-11-06T20:11:38Z
BHRB,60.7,2025-11-06T20:40:35Z
BHVN,8.52,2025-11-06T20:59:48Z
BIAF,2.11,2025-11-06T20:24:14Z
BIBL,44.89,2025-11-06T18:43:01Z
BIDD,28.09,2025-11-06T20:57:08Z
BIDU,127.05,2025-11-06T20:59:59Z
BIGY,52.68,2025-11-06T16:29:05Z
BIIB,156.7,2025-11-06T20:59:55Z
BIL,91.505,2025-11-06T20:59:50Z
BILI,28.41,2025-11-06T20:59:41Z
BILL,44.36,2025-11-06T20:59:58Z
BILS,99.255,2025-11-06T20:59:58Z
BILZ,100.835,2025-11-06T20:55:47Z
BINC,53.04,2025-11-06T20:59:25Z
BIO,306.74,2025-11-06T20:59:39Z
BIOA,7.48,2025-11-06T20:59:40Z
BIOX,1.655,2025-11-06T20:59:35Z
BIP,34.33,2025-11-06T20:59:54Z
BIP-B,16.78,2025-11-06T20:44:23Z
BIPC,46.43,2025-11-06T20:59:54Z
BIRD,8.15,2025-11-06T14:44:01Z
BIRK,39.05,2025-11-06T20:59:53Z
BIS,11.02,2025-11-06T20:57:12Z
BIT,13.24,2025-11-06T20:56:07Z
BITB,54.815,2025-11-06T20:59:44Z
BITF,3.68,2025-11-06T20:59:57Z
BITI,20.53,2025-11-06T20:59:45Z
BITK,20.21,2025-11-06T18:04:08Z
BITO,15.815,2025-11-06T20:59:48Z
BITQ,26.71,2025-11-06T20:29:11Z
BITS,102.61,2025-11-06T14:32:15Z
BITU,39.42,2025-11-06T20:59:09Z
BITX,40.61,2025-11-06T20:59:56Z
BIV,78.07,2025-11-06T20:59:57Z
BIVI,1.52,2025-11-06T20:55:26Z
BIYA,0.4794,2025-11-06T20:59:46Z
BIZD,14.015,2025-11-06T20:59:51Z
BJ,88.87,2025-11-06T20:59:48Z
BJDX,1.585,2025-11-06T20:54:27Z
BJK,40.26,2025-11-06T20:58:30Z
BJRI,34.69,2025-11-06T20:59:56Z
BJUN,45.94,2025-11-06T19:17:27Z
BK,108.435,2025-11-06T20:59:56Z
BK-K,25.81,2025-11-06T20:57:16Z
BKAG,42.565,2025-11-06T20:59:46Z
BKCH,98.63,2025-11-06T20:39:26Z
BKD,9.13,2025-11-06T20:59:58Z
BKDV,27.72,2025-11-06T20:59:45Z
BKE,56.57,2025-11-06T20:59:21Z
BKF,45.415,2025-11-06T14:39:58Z
BKGI,40.07,2025-11-06T20:34:05Z
BKH,67.755,2025-11-06T20:59:53Z
BKHY,48.06,2025-11-06T17:45:55Z
BKKT,21.27,2025-11-06T20:59:01Z
BKLC,128.69,2025-11-06T20:57:22Z
BKLN,20.935,2025-11-06T20:59:41Z
BKN,11.28,2025-11-06T20:57:09Z
BKNG,4899.75,2025-11-06T20:59:56Z
BKR,47.26,2025-11-06T20:59:53Z
BKSY,16.63,2025-11-06T20:59:56Z
BKT,11.205,2025-11-06T20:58:51Z
BKTI,80.74,2025-11-06T20:59:07Z
BKU,40.17,2025-11-06T20:59:39Z
BKV,24.72,2025-11-06T20:59:54Z
BKYI,0.6208,2025-11-06T20:53:58Z
BL,56.76,2025-11-06T20:59:48Z
BLBD,50.505,2025-11-06T20:59:51Z
BLBX,6.74,2025-11-06T17:24:50Z
BLCN,27.21,2025-11-06T19:36:05Z
BLCO,15.51,2025-11-06T20:59:13Z
BLD,405.03,2025-11-06T20:59:35Z
BLDP,3.55,2025-11-06T20:59:30Z
BLDR,109.02,2025-11-06T20:59:46Z
BLE,10.55,2025-11-06T20:59:47Z
BLFS,27.08,2025-11-06T20:59:59Z
BLFY,8.06,2025-11-06T20:59:21Z
BLGR,29.08,2025-11-06T19:16:33Z
BLK,1069.43,2025-11-06T20:59:50Z
BLKB,57.01,2025-11-06T20:59:29Z
BLLN,109.725,2025-11-06T20:59:33Z
BLMN,6.4,2025-11-06T20:59:57Z
BLMZ,0.1743,2025-11-06T20:59:46Z
BLND,2.97,2025-11-06T20:59:55Z
BLNE,1.955,2025-11-06T20:59:34Z
BLNK,1.5,2025-11-06T20:59:50Z
BLOK,65.27,2025-11-06T20:58:32Z
BLOX,22.68,2025-11-06T20:48:36Z
BLSG,10.175,2025-11-06T15:15:42Z
BLSH,44.59,2025-11-06T20:59:55Z
BLST,25.34,2025-11-06T19:41:56Z
BLTD,25.89,2025-11-06T20:54:18Z
BLTE,111.6,2025-11-06T20:54:40Z
BLUC,28.27,2025-11-06T18:24:07Z
BLUI,25.36,2025-11-06T20:29:51Z
BLUX,27.37,2025-11-06T20:56:36Z
BLV,70.82,2025-11-06T20:58:56Z
BLW,13.91,2025-11-06T19:05:25Z
BLX,44.395,2025-11-06T20:59:23Z
BLZE,6.2,2025-11-06T20:59:50Z
BMA,87.27,2025-11-06T20:59:52Z
BMBL,4.22,2025-11-06T20:59:55Z
BME,38.62,2025-11-06T20:59:26Z
BMEA,1.305,2025-11-06T20:59:45Z
BMEZ,14.61,2025-11-06T20:59:44Z
BMGL,1.48,2025-11-06T20:16:51Z
BMI,186.755,2025-11-06T20:59:43Z
BML-H,20.33,2025-11-06T19:58:09Z
BMN,25,2025-11-06T15:51:38Z
BMNG,9.07,2025-11-06T14:39:41Z
BMNR,37.23,2025-11-06T20:59:54Z
BMNU,11.925,2025-11-06T20:59:12Z
BMO,122.98,2025-11-06T20:59:30Z
BMR,2.135,2025-11-06T19:52:48Z
BMRC,25.59,2025-11-06T20:56:23Z
BMRN,51.885,2025-11-06T20:59:50Z
BMY,46.64,2025-11-06T20:59:59Z
BN,45.67,2025-11-06T20:59:49Z
BNAI,0.3831,2025-11-06T19:29:33Z
BNBX,3.465,2025-11-06T20:59:49Z
BNC,5.54,2025-11-06T20:59:55Z
BND,74.36,2025-11-06T20:59:57Z
BNDC,22.58,2025-11-06T18:23:41Z
BNDI,47.77,2025-11-06T18:23:45Z
BNDW,69.8,2025-11-06T20:57:18Z
BNDX,49.65,2025-11-06T20:59:59Z
BNED,8.665,2025-11-06T20:59:42Z
BNGO,1.6,2025-11-06T20:59:48Z
BNJ,15.6,2025-11-06T20:36:25Z
BNKD,13.52,2025-11-06T20:56:58Z
BNKK,0.1901,2025-11-06T20:59:50Z
BNKU,26.99,2025-11-06T18:41:30Z
BNL,17.78,2025-11-06T20:59:53Z
BNO,29.05,2025-11-06T20:53:00Z
BNOV,43.725,2025-11-06T20:52:31Z
BNRG,1.45,2025-11-06T18:35:26Z
BNS,65.85,2025-11-06T20:59:57Z
BNTC,12.12,2025-11-06T20:59:46Z
BNTX,103.33,2025-11-06T20:59:47Z
BNY,10.18,2025-11-06T20:59:51Z
BNZI,1.8,2025-11-06T20:56:43Z
BOC,12.54,2025-11-06T20:58:50Z
BOCT,48.47,2025-11-06T16:07:45Z
BOE,11.52,2025-11-06T16:55:40Z
BOED,19.9,2025-11-06T15:09:00Z
BOF,2.9,2025-11-06T20:58:00Z
BOH,64.65,2025-11-06T20:59:59Z
BOH-A,16.01,2025-11-06T20:56:15Z
BOH-B,26.01,2025-11-06T19:10:50Z
BOIL,33.525,2025-11-06T20:59:58Z
BOKF,106.245,2025-11-06T20:59:45Z
BOND,93.53,2025-11-06T20:58:15Z
BOOM,6.19,2025-11-06T20:59:42Z
BOOT,182.545,2025-11-06T20:59:43Z
BORR,3.22,2025-11-06T20:59:54Z
BOSC,6.11,2025-11-06T20:57:44Z
BOTZ,35.98,2025-11-06T20:59:54Z
BOW,25.1,2025-11-06T20:59:47Z
BOX,31.11,2025-11-06T20:59:48Z
BOXL,1.165,2025-11-06T20:20:18Z
BOXX,114.28,2025-11-06T20:59:52Z
BP,35.82,2025-11-06T20:59:55Z
BPOP,112.71,2025-11-06T20:59:49Z
BPRN,33.385,2025-11-06T18:34:53Z
BPYPO,14.85,2025-11-06T18:52:54Z
BQ,2.93,2025-11-06T20:59:55Z
BR,217.39,2025-11-06T20:59:43Z
BRAG,2.08,2025-11-06T20:27:58Z
BRBI,14.24,2025-11-06T19:41:25Z
BRBR,29.005,2025-11-06T20:59:47Z
BRBS,4.655,2025-11-06T20:59:36Z
BRC,74.88,2025-11-06T20:44:30Z
BRCB,24.05,2025-11-06T20:59:25Z
BRCC,1.205,2025-11-06T20:59:48Z
BRK.B,493.12,2025-11-06T20:59:58Z
BRKR,39.3,2025-11-06T20:59:50Z
BRKU,24.56,2025-11-06T20:45:04Z
BRKW,45.25,2025-11-06T20:57:26Z
BRLT,2.655,2025-11-06T20:55:52Z
BRNS,1.19,2025-11-06T20:56:57Z
BRNY,48.25,2025-11-06T20:59:45Z
BRO,76.39,2025-11-06T20:59:53Z
BROS,53.23,2025-11-06T20:59:55Z
BRR,10.215,2025-11-06T20:50:50Z
BRRR,28.48,2025-11-06T20:59:46Z
BRRWW,0.9701,2025-11-06T17:05:47Z
BRSL,16.66,2025-11-06T20:59:55Z
BRSP,5.34,2025-11-06T20:59:57Z
BRT,14.805,2025-11-06T20:59:59Z
BRTR,51.035,2025-11-06T20:08:39Z
BRTX,1.44,2025-11-06T15:38:39Z
BRW,7.3,2025-11-06T20:55:56Z
BRX,26.26,2025-11-06T20:59:59Z
BRY,3.28,2025-11-06T20:59:58Z
BRZE,27.25,2025-11-06T20:59:34Z
BRZU,78.86,2025-11-06T14:40:40Z
BSAC,29.19,2025-11-06T20:59:35Z
BSBR,6.015,2025-11-06T20:59:20Z
BSCP,20.705,2025-11-06T20:57:19Z
BSCQ,19.575,2025-11-06T19:55:29Z
BSCR,19.73,2025-11-06T20:59:59Z
BSCS,20.58,2025-11-06T20:59:55Z
BSCT,18.815,2025-11-06T20:59:45Z
BSCU,16.905,2025-11-06T20:55:24Z
BSCV,16.685,2025-11-06T20:55:16Z
BSCW,20.875,2025-11-06T20:59:57Z
BSCX,21.46,2025-11-06T20:59:59Z
BSCY,21.025,2025-11-06T20:55:16Z
BSCZ,20.82,2025-11-06T18:47:01Z
BSEP,48.34,2025-11-06T20:52:17Z
BSET,14.65,2025-11-06T20:21:42Z
BSJP,23.065,2025-11-06T20:59:45Z
BSJQ,23.36,2025-11-06T20:59:50Z
BSJR,22.615,2025-11-06T18:42:31Z
BSJS,21.93,2025-11-06T20:59:45Z
BSJT,21.4,2025-11-06T20:59:47Z
BSJU,25.955,2025-11-06T20:59:46Z
BSL,13.83,2025-11-06T20:59:50Z
BSLK,2.33,2025-11-06T20:16:17Z
BSM,13.09,2025-11-06T20:59:21Z
BSMQ,23.64,2025-11-06T18:27:44Z
BSMS,23.41,2025-11-06T17:55:10Z
BSMT,23.1,2025-11-06T20:57:47Z
BSMU,21.99,2025-11-06T14:42:12Z
BSMV,21.12,2025-11-06T17:20:51Z
BSMW,25.2,2025-11-06T20:23:15Z
BSMY,24.67,2025-11-06T20:23:15Z
BSOL,20.26,2025-11-06T20:58:48Z
BSRR,29.59,2025-11-06T20:57:13Z
BSSX,25.87,2025-11-06T20:59:46Z
BST,42.33,2025-11-06T20:50:49Z
BSTZ,22.51,2025-11-06T20:56:38Z
BSV,78.795,2025-11-06T20:59:59Z
BSVO,22.3,2025-11-06T20:59:25Z
BSX,99.05,2025-11-06T20:59:59Z
BSY,46.44,2025-11-06T20:59:56Z
BTA,9.5,2025-11-06T20:59:57Z
BTAI,1.79,2025-11-06T20:59:59Z
BTAL,15.07,2025-11-06T20:59:59Z
BTBD,1.62,2025-11-06T20:07:00Z
BTBT,3.03,2025-11-06T20:59:59Z
BTC,44.65,2025-11-06T20:59:48Z
BTCI,52.14,2025-11-06T20:54:10Z
BTCL,41.84,2025-11-06T20:45:42Z
BTCO,100.54,2025-11-06T20:59:30Z
BTCS,3.005,2025-11-06T20:59:55Z
BTCT,2.005,2025-11-06T19:51:33Z
BTCW,106.77,2025-11-06T20:59:26Z
BTCZ,3.435,2025-11-06T20:59:49Z
BTDR,21.25,2025-11-06T20:59:52Z
BTE,2.395,2025-11-06T20:59:55Z
BTFX,41.395,2025-11-06T17:21:39Z
BTG,3.785,2025-11-06T20:59:56Z
BTGD,38.925,2025-11-06T17:51:45Z
BTI,54.22,2025-11-06T20:59:59Z
BTM,2.685,2025-11-06T20:59:58Z
BTMD,2.83,2025-11-06T20:58:50Z
BTMWW,0.297,2025-11-06T20:58:18Z
BTO,33.16,2025-11-06T19:18:13Z
BTOG,0.2959,2025-11-06T20:54:49Z
BTOP,31.72,2025-11-06T20:56:39Z
BTQ,6.315,2025-11-06T20:58:31Z
BTSG,32.59,2025-11-06T20:59:59Z
BTT,22.53,2025-11-06T20:59:40Z
BTTC,3.2,2025-11-06T20:21:25Z
BTU,29.74,2025-11-06T20:59:50Z
BTX,6.945,2025-11-06T20:59:33Z
BTZ,11.01,2025-11-06T20:36:06Z
BUCK,23.825,2025-11-06T20:59:28Z
BUD,62.89,2025-11-06T20:59:53Z
BUFB,35.83,2025-11-06T20:58:35Z
BUFD,27.75,2025-11-06T20:57:02Z
BUFF,49.035,2025-11-06T20:59:58Z
BUFG,27.05,2025-11-06T20:31:31Z
BUFP,29.54,2025-11-06T20:23:16Z
BUFQ,35.12,2025-11-06T20:48:09Z
BUFR,33.54,2025-11-06T20:57:22Z
BUFS,22.38,2025-11-06T16:56:56Z
BUFT,24.25,2025-11-06T20:59:45Z
BUFY,21.77,2025-11-06T20:16:32Z
BUFZ,26.005,2025-11-06T20:59:46Z
BUG,33.145,2025-11-06T20:58:53Z
BUI,25.94,2025-11-06T17:46:55Z
BULG,5.45,2025-11-06T20:32:32Z
BULL,9.61,2025-11-06T20:59:50Z
BULZ,279.33,2025-11-06T20:59:48Z
BUR,9.06,2025-11-06T20:59:58Z
BURL,269.38,2025-11-06T20:59:49Z
BURU,0.27,2025-11-06T20:59:49Z
BUSA,34.56,2025-11-06T15:09:03Z
BUSE,22.73,2025-11-06T20:59:36Z
BUXX,20.28,2025-11-06T20:58:16Z
BUYW,14.22,2025-11-06T20:59:45Z
BUZZ,34.95,2025-11-06T20:59:08Z
BV,11.9,2025-11-06T20:59:59Z
BVAL,27.08,2025-11-06T18:30:53Z
BVFL,16.7,2025-11-06T20:08:01Z
BVN,21.69,2025-11-06T20:59:50Z
BVS,7.465,2025-11-06T20:59:54Z
BW,5.135,2025-11-06T20:59:55Z
BW-A,17.56,2025-11-06T16:56:53Z
BWA,45.01,2025-11-06T20:59:53Z
BWAY,15.615,2025-11-06T19:09:15Z
BWB,16.62,2025-11-06T20:59:26Z
BWEN,2.08,2025-11-06T20:05:05Z
BWET,18.34,2025-11-06T17:27:16Z
BWG,8.38,2025-11-06T20:53:40Z
BWIN,25.785,2025-11-06T20:59:55Z
BWLP,13.31,2025-11-06T20:59:55Z
BWMN,34.86,2025-11-06T20:54:28Z
BWMX,13.985,2025-11-06T17:32:58Z
BWX,22.65,2025-11-06T20:59:45Z
BWXT,194.16,2025-11-06T20:59:11Z
BWZ,27.17,2025-11-06T20:59:46Z
BX,143.42,2025-11-06T20:59:51Z
BXC,61.695,2025-11-06T20:51:23Z
BXMT,18.15,2025-11-06T20:59:56Z
BXMX,14.355,2025-11-06T20:59:02Z
BXP,70.12,2025-11-06T20:59:54Z
BXSL,25.97,2025-11-06T20:59:54Z
BY,27.03,2025-11-06T20:59:01Z
BYAH,0.2917,2025-11-06T16:57:30Z
BYD,79.97,2025-11-06T20:59:46Z
BYLD,22.815,2025-11-06T20:59:45Z
BYM,10.99,2025-11-06T20:57:19Z
BYND,1.195,2025-11-06T20:59:54Z
BYRN,17.32,2025-11-06T20:59:50Z
BYSI,1.955,2025-11-06T19:01:42Z
BZ,21.095,2025-11-06T20:59:50Z
BZAI,3.305,2025-11-06T20:59:58Z
BZAIW,0.7733,2025-11-06T20:32:00Z
BZFD,1.63,2025-11-06T20:59:21Z
BZH,22.065,2025-11-06T20:59:46Z
BZQ,8.26,2025-11-06T14:34:21Z
BZUN,3.2,2025-11-06T20:54:04Z
C,100.92,2025-11-06T20:59:58Z
C-N,30,2025-11-06T19:06:12Z
CAAP,21.98,2025-11-06T20:48:34Z
CABA,2.465,2025-11-06T20:59:58Z
CABO,134.015,2025-11-06T20:59:45Z
CAC,38.55,2025-11-06T20:53:19Z
CACC,417.445,2025-11-06T20:59:47Z
CACI,585.44,2025-11-06T20:59:43Z
CADE,37.59,2025-11-06T20:59:59Z
CADL,4.92,2025-11-06T20:59:35Z
CAE,27.06,2025-11-06T20:59:58Z
CAEP,10.64,2025-11-06T17:22:37Z
CAFX,25.04,2025-11-06T20:29:57Z
CAG,16.7,2025-11-06T20:59:59Z
CAH,198.045,2025-11-06T20:59:50Z
CAI,24.66,2025-11-06T20:59:36Z
CAIE,26.88,2025-11-06T20:57:41Z
CAKE,46.95,2025-11-06T20:59:50Z
CAL,11.04,2025-11-06T20:59:54Z
CALC,3.05,2025-11-06T14:57:14Z
CALF,42.9,2025-11-06T20:59:59Z
CALI,50.49,2025-11-06T20:55:07Z
CALM,87.97,2025-11-06T20:59:39Z
CALX,64.34,2025-11-06T20:59:44Z
CAM,25.13,2025-11-06T20:58:57Z
CAML,38.63,2025-11-06T20:24:55Z
CAMP,4.44,2025-11-06T20:56:57Z
CAMT,120.35,2025-11-06T20:59:21Z
CAN,1.125,2025-11-06T20:59:54Z
CANE,9.23,2025-11-06T16:41:06Z
CANF,0.4202,2025-11-06T16:54:02Z
CANG,3.42,2025-11-06T20:59:45Z
CAOS,90.1,2025-11-06T19:51:05Z
CAPR,6.265,2025-11-06T20:59:41Z
CAPT,0.6599,2025-11-06T20:42:20Z
CAR,138.24,2025-11-06T20:59:15Z
CARD,3.405,2025-11-06T20:58:01Z
CARE,17.3,2025-11-06T20:11:17Z
CARG,33.135,2025-11-06T20:59:52Z
CARL,11.97,2025-11-06T20:57:24Z
CARR,56.6,2025-11-06T20:59:54Z
CARS,11.1,2025-11-06T20:59:54Z
CART,34.99,2025-11-06T20:59:58Z
CARV,3.22,2025-11-06T16:36:17Z
CARY,20.91,2025-11-06T20:55:04Z
CARZ,75.9,2025-11-06T20:58:25Z
CASH,67.55,2025-11-06T20:57:06Z
CASS,39.77,2025-11-06T20:59:46Z
CASY,522.45,2025-11-06T20:59:37Z
CAT,569.57,2025-11-06T20:59:48Z
CATH,81.48,2025-11-06T18:54:52Z
CATX,2.23,2025-11-06T20:59:59Z
CATY,46.535,2025-11-06T20:59:11Z
CAVA,46.58,2025-11-06T20:59:59Z
CB,282.98,2025-11-06T20:59:52Z
CBAN,16.155,2025-11-06T20:12:58Z
CBAT,0.9003,2025-11-06T20:58:50Z
CBIO,13.04,2025-11-06T20:57:12Z
CBK,23.92,2025-11-06T20:56:18Z
CBL,31.45,2025-11-06T20:58:55Z
CBLL,11.52,2025-11-06T20:59:54Z
CBLS,28.27,2025-11-06T14:40:48Z
CBNK,27.99,2025-11-06T20:56:29Z
CBOE,252.62,2025-11-06T20:59:54Z
CBOJ,25.61,2025-11-06T18:57:22Z
CBOL,24.74,2025-11-06T15:27:38Z
CBRE,149.99,2025-11-06T20:59:50Z
CBRL,31.11,2025-11-06T20:59:58Z
CBSE,39.07,2025-11-06T18:11:35Z
CBSH,53.625,2025-11-06T20:59:54Z
CBT,59.375,2025-11-06T20:59:22Z
CBTL,23.36,2025-11-06T15:21:42Z
CBU,56.55,2025-11-06T20:50:40Z
CBUS,1.25,2025-11-06T20:57:06Z
CBXJ,25.99,2025-11-06T20:09:11Z
CBXL,23.9,2025-11-06T18:31:20Z
CBXO,23.84,2025-11-06T19:42:37Z
CBXY,24.59,2025-11-06T17:19:11Z
CBZ,53.595,2025-11-06T20:59:58Z
CC,11.75,2025-11-06T20:59:49Z
CCAP,13.94,2025-11-06T20:58:55Z
CCB,104.39,2025-11-06T20:05:10Z
CCC,7.62,2025-11-06T20:59:55Z
CCCC,2.375,2025-11-06T20:59:55Z
CCCX,17.74,2025-11-06T20:59:50Z
CCCXW,7.77,2025-11-06T20:59:45Z
CCD,21.62,2025-11-06T20:56:46Z
CCEC,20.325,2025-11-06T20:59:01Z
CCEP,88.815,2025-11-06T20:59:53Z
CCG,0.9956,2025-11-06T14:46:25Z
CCHH,4.55,2025-11-06T20:29:35Z
CCI,87.78,2025-11-06T20:59:52Z
CCID,25.3,2025-11-06T16:13:16Z
CCIF,5.19,2025-11-06T19:09:19Z
CCIX,10.67,2025-11-06T20:50:26Z
CCIXW,0.9961,2025-11-06T20:50:17Z
CCJ,90.24,2025-11-06T20:59:57Z
CCK,96.025,2025-11-06T20:59:53Z
CCL,26.375,2025-11-06T20:59:58Z
CCLD,3.46,2025-11-06T20:59:50Z
CCLDO,21.5,2025-11-06T14:33:33Z
CCNE,24.41,2025-11-06T20:59:30Z
CCO,1.77,2025-11-06T20:59:56Z
CCOI,24.935,2025-11-06T20:59:59Z
CCOR,25.56,2025-11-06T16:14:09Z
CCRN,13.04,2025-11-06T20:59:42Z
CCS,59.98,2025-11-06T20:59:04Z
CCSI,25.015,2025-11-06T20:59:25Z
CCSO,25.41,2025-11-06T14:32:22Z
CCTG,0.4343,2025-11-06T20:59:12Z
CCU,12.285,2025-11-06T20:51:21Z
CCUP,8.11,2025-11-06T20:25:44Z
CDE,14.43,2025-11-06T20:59:57Z
CDIO,3.87,2025-11-06T14:59:46Z
CDLR,17.05,2025-11-06T20:59:28Z
CDLX,1.26,2025-11-06T20:59:50Z
CDNA,15.01,2025-11-06T20:59:48Z
CDNS,324.38,2025-11-06T20:59:59Z
CDP,28.87,2025-11-06T20:59:55Z
CDRE,43.535,2025-11-06T20:58:54Z
CDRO,5.8,2025-11-06T20:56:11Z
CDT,2.41,2025-11-06T20:59:55Z
CDTX,98.53,2025-11-06T20:59:54Z
CDW,141.56,2025-11-06T20:59:50Z
CDX,22.72,2025-11-06T20:46:47Z
CDXS,2.03,2025-11-06T20:59:59Z
CDZI,4.905,2025-11-06T20:59:50Z
CE,36.105,2025-11-06T20:59:53Z
CECO,53.53,2025-11-06T20:59:14Z
CEF,37.19,2025-11-06T20:59:49Z
CEFS,22.69,2025-11-06T19:15:09Z
CEG,351.18,2025-11-06T20:59:58Z
CEGX,28.83,2025-11-06T20:59:47Z
CELC,74.18,2025-11-06T20:59:30Z
CELH,45.005,2025-11-06T20:59:57Z
CELT,11.96,2025-11-06T20:59:22Z
CELU,1.725,2025-11-06T20:07:50Z
CELZ,2.97,2025-11-06T20:58:28Z
CEMB,45.95,2025-11-06T20:28:49Z
CENN,0.1709,2025-11-06T20:57:17Z
CENT,31.27,2025-11-06T20:56:46Z
CENTA,28.21,2025-11-06T20:58:14Z
CENX,28.96,2025-11-06T20:59:52Z
CEP,17.345,2025-11-06T19:57:40Z
CEPF,10.485,2025-11-06T20:51:58Z
CEPI,39.81,2025-11-06T19:48:36Z
CEPO,10.43,2025-11-06T17:58:04Z
CEPT,11.395,2025-11-06T20:52:16Z
CEPU,14.61,2025-11-06T20:58:12Z
CEPV,10.33,2025-11-06T20:58:17Z
CERS,1.405,2025-11-06T20:59:58Z
CERT,11.275,2025-11-06T20:59:54Z
CERY,29.06,2025-11-06T20:58:31Z
CET,51.11,2025-11-06T17:35:18Z
CETX,4.39,2025-11-06T20:57:18Z
CETY,1.435,2025-11-06T16:07:28Z
CEV,10.45,2025-11-06T20:51:28Z
CEVA,26.97,2025-11-06T18:46:30Z
CF,81.45,2025-11-06T20:59:59Z
CFBK,23.24,2025-11-06T19:40:22Z
CFFN,6.225,2025-11-06T20:59:51Z
CFG,50.91,2025-11-06T20:59:58Z
CFG-H,26.42,2025-11-06T15:57:33Z
CFLT,22.61,2025-11-06T20:59:57Z
CFO,72.22,2025-11-06T20:55:12Z
CFR,123.79,2025-11-06T20:59:50Z
CG,52.46,2025-11-06T20:59:55Z
CGAU,11.335,2025-11-06T20:59:54Z
CGBD,11.94,2025-11-06T20:59:49Z
CGBL,34.445,2025-11-06T20:59:30Z
CGC,1.095,2025-11-06T20:59:04Z
CGCB,26.63,2025-11-06T20:59:59Z
CGCP,22.71,2025-11-06T20:59:52Z
CGCV,29.76,2025-11-06T20:59:58Z
CGDG,34.75,2025-11-06T20:59:51Z
CGDV,42.315,2025-11-06T20:59:46Z
CGEM,7.35,2025-11-06T20:59:50Z
CGEN,1.63,2025-11-06T20:59:31Z
CGGE,30.925,2025-11-06T20:55:31Z
CGGG,28.37,2025-11-06T20:18:02Z
CGGO,34.14,2025-11-06T20:59:48Z
CGGR,43.48,2025-11-06T20:59:59Z
CGHM,25.535,2025-11-06T20:55:09Z
CGIC,31.07,2025-11-06T20:59:59Z
CGIE,33.98,2025-11-06T20:59:59Z
CGMM,27.89,2025-11-06T20:59:28Z
CGMS,27.595,2025-11-06T20:59:26Z
CGMU,27.395,2025-11-06T20:58:59Z
CGNG,31.485,2025-11-06T20:57:41Z
CGNT,8.35,2025-11-06T20:59:56Z
CGNX,39.51,2025-11-06T20:59:48Z
CGO,11.7,2025-11-06T20:59:17Z
CGON,39.745,2025-11-06T20:59:46Z
CGRO,29.26,2025-11-06T15:59:03Z
CGSD,25.995,2025-11-06T20:57:59Z
CGSM,26.335,2025-11-06T19:50:40Z
CGTL,0.5988,2025-11-06T19:44:15Z
CGTX,1.66,2025-11-06T20:59:50Z
CGUI,25.28,2025-11-06T17:53:15Z
CGUS,39.625,2025-11-06T20:59:46Z
CGW,64.32,2025-11-06T16:10:20Z
CGXU,30.01,2025-11-06T20:59:59Z
CHA,14.89,2025-11-06T20:59:46Z
CHAC,12.41,2025-11-06T20:59:49Z
CHACR,1.035,2025-11-06T20:59:54Z
CHACU,14.97,2025-11-06T20:57:19Z
CHAI,3.365,2025-11-06T19:44:52Z
CHAT,62.925,2025-11-06T20:59:53Z
CHAU,20.855,2025-11-06T20:58:01Z
CHCI,14.88,2025-11-06T20:47:00Z
CHCO,119.555,2025-11-06T20:44:37Z
CHCT,14.775,2025-11-06T20:59:19Z
CHD,86.215,2025-11-06T20:59:44Z
CHDN,96.57,2025-11-06T20:59:38Z
CHE,429.175,2025-11-06T20:56:12Z
CHECU,9.995,2025-11-06T18:08:29Z
CHEF,63.625,2025-11-06T20:59:50Z
CHEK,1.225,2025-11-06T20:59:44Z
CHGG,1.01,2025-11-06T20:59:55Z
CHH,100.39,2025-11-06T20:59:46Z
CHI,11.26,2025-11-06T20:48:20Z
CHIQ,22.91,2025-11-06T20:32:26Z
CHKP,196.54,2025-11-06T20:59:58Z
CHMG,50.475,2025-11-06T19:20:26Z
CHMI,2.325,2025-11-06T20:59:45Z
CHOW,8.69,2025-11-06T20:41:58Z
CHPS,45.97,2025-11-06T20:27:04Z
CHPT,9.78,2025-11-06T20:59:47Z
CHPY,56.72,2025-11-06T20:56:55Z
CHR,0.0628,2025-11-06T20:59:54Z
CHRD,85.38,2025-11-06T20:59:49Z
CHRS,1.48,2025-11-06T20:59:34Z
CHRW,148.26,2025-11-06T20:59:58Z
CHSCM,25.03,2025-11-06T17:13:23Z
CHSCP,28.22,2025-11-06T18:13:16Z
CHSN,2.16,2025-11-06T14:38:51Z
CHT,41.9,2025-11-06T20:54:15Z
CHTR,217.9,2025-11-06T20:59:57Z
CHW,7.5,2025-11-06T20:16:21Z
CHWY,32.82,2025-11-06T20:59:53Z
CHY,11.605,2025-11-06T20:55:08Z
CHYM,18.09,2025-11-06T20:59:59Z
CI,256.29,2025-11-06T20:59:55Z
CIA,5.7,2025-11-06T20:59:10Z
CIB,60.34,2025-11-06T20:59:47Z
CIBR,74.66,2025-11-06T20:59:51Z
CIEN,201.46,2025-11-06T20:59:53Z
CIFR,21.7,2025-11-06T20:59:58Z
CIFRW,11.1,2025-11-06T20:55:48Z
CIG,2.195,2025-11-06T20:59:54Z
CIGI,150.82,2025-11-06T20:58:03Z
CII,24.04,2025-11-06T20:52:30Z
CIIT,0.619,2025-11-06T18:09:13Z
CIK,2.85,2025-11-06T18:42:10Z
CIM,11.725,2025-11-06T20:59:49Z
CIM-A,22.19,2025-11-06T15:52:48Z
CIM-B,24.02,2025-11-06T19:51:27Z
CIM-C,22.43,2025-11-06T18:20:56Z
CIMN,25.06,2025-11-06T18:59:01Z
CIMO,25.28,2025-11-06T18:42:54Z
CINF,161.315,2025-11-06T20:59:46Z
CINT,4.52,2025-11-06T20:58:30Z
CIO,6.9,2025-11-06T20:59:52Z
CION,9.75,2025-11-06T20:59:27Z
CISO,0.96,2025-11-06T20:10:44Z
CIVB,21.87,2025-11-06T20:59:54Z
CIVI,26.26,2025-11-06T20:59:48Z
CJMB,3.99,2025-11-06T17:25:18Z
CL,77.285,2025-11-06T20:59:59Z
CLAR,3.26,2025-11-06T20:59:55Z
CLB,15.305,2025-11-06T20:57:06Z
CLBK,15.12,2025-11-06T20:59:25Z
CLBT,15.24,2025-11-06T20:59:51Z
CLCG,26.81,2025-11-06T20:59:46Z
CLCO,9.7,2025-11-06T20:50:45Z
CLDI,1.65,2025-11-06T20:59:02Z
CLDT,6.43,2025-11-06T20:59:54Z
CLDX,23.29,2025-11-06T20:59:36Z
CLF,10.1,2025-11-06T20:59:57Z
CLFD,32.76,2025-11-06T20:53:01Z
CLGN,2.16,2025-11-06T17:10:25Z
CLH,205.21,2025-11-06T20:59:50Z
CLIP,100.15,2025-11-06T20:14:06Z
CLLS,3.195,2025-11-06T19:10:46Z
CLM,8.215,2025-11-06T20:59:58Z
CLMB,109.81,2025-11-06T20:58:29Z
CLMT,19.59,2025-11-06T20:59:47Z
CLNE,2.24,2025-11-06T20:59:46Z
CLNN,9.945,2025-11-06T17:40:22Z
CLOA,51.73,2025-11-06T20:59:51Z
CLOB,50.76,2025-11-06T20:55:27Z
CLOI,52.84,2025-11-06T20:59:55Z
CLOU,23.34,2025-11-06T20:58:02Z
CLOV,2.6,2025-11-06T20:59:57Z
CLOX,25.5,2025-11-06T20:59:45Z
CLOZ,26.53,2025-11-06T20:59:59Z
CLPR,3.72,2025-11-06T20:59:19Z
CLPT,18.27,2025-11-06T20:59:46Z
CLRB,3.45,2025-11-06T20:59:30Z
CLS,341.27,2025-11-06T20:59:43Z
CLSD,3.95,2025-11-06T18:05:34Z
CLSE,26.79,2025-11-06T17:21:15Z
CLSK,15.42,2025-11-06T20:59:59Z
CLSKW,0.5671,2025-11-06T20:59:31Z
CLSM,23.14,2025-11-06T20:33:03Z
CLSX,46.98,2025-11-06T20:42:07Z
CLVT,3.425,2025-11-06T20:59:58Z
CLW,18.4,2025-11-06T20:59:59Z
CLX,106.28,2025-11-06T20:59:50Z
CLYM,1.945,2025-11-06T20:59:52Z
CM,84.1,2025-11-06T20:59:56Z
CMA,78.22,2025-11-06T20:59:53Z
CMA-B,25.79,2025-11-06T19:54:54Z
CMBM,2.75,2025-11-06T20:59:59Z
CMBS,48.97,2025-11-06T20:51:37Z
CMBT,9.26,2025-11-06T20:59:59Z
CMC,57.43,2025-11-06T20:59:48Z
CMCL,26.45,2025-11-06T20:59:18Z
CMCO,15.66,2025-11-06T20:59:41Z
CMCSA,27.34,2025-11-06T20:59:59Z
CMDB,12.73,2025-11-06T20:57:04Z
CMDT,27.42,2025-11-06T16:35:15Z
CMDY,53.68,2025-11-06T20:17:38Z
CME,271.47,2025-11-06T20:59:57Z
CMF,57.415,2025-11-06T20:59:46Z
CMG,30.58,2025-11-06T20:59:59Z
CMI,462.14,2025-11-06T20:59:59Z
CMMB,2.625,2025-11-06T20:16:11Z
CMND,0.7403,2025-11-06T20:54:53Z
CMP,16.53,2025-11-06T20:59:57Z
CMPO,21.205,2025-11-06T20:59:51Z
CMPR,61.71,2025-11-06T20:45:23Z
CMPS,5.59,2025-11-06T20:59:57Z
CMPX,3.995,2025-11-06T20:59:58Z
CMRC,4.71,2025-11-06T20:59:58Z
CMRE,13.49,2025-11-06T20:59:42Z
CMS,72.345,2025-11-06T20:59:58Z
CMSC,23.79,2025-11-06T20:00:32Z
CMTG,3.48,2025-11-06T20:59:50Z
CMTL,3.01,2025-11-06T20:57:22Z
CMU,3.53,2025-11-06T17:30:02Z
CNA,44.19,2025-11-06T20:59:54Z
CNC,37.12,2025-11-06T20:59:58Z
CNCK,3.54,2025-11-06T20:36:16Z
CNDT,2.21,2025-11-06T20:59:58Z
CNEQ,34.82,2025-11-06T20:14:07Z
CNF,4.98,2025-11-06T16:14:49Z
CNH,10.25,2025-11-06T20:59:58Z
CNI,94.535,2025-11-06T20:59:44Z
CNK,28.99,2025-11-06T20:59:51Z
CNL,10.52,2025-11-06T20:34:33Z
CNM,51.11,2025-11-06T20:59:55Z
CNMD,44.13,2025-11-06T20:59:35Z
CNNE,17.385,2025-11-06T20:59:45Z
CNO,40.48,2025-11-06T20:59:57Z
CNOB,24.58,2025-11-06T20:59:54Z
CNP,39,2025-11-06T20:59:58Z
CNQ,31.49,2025-11-06T20:59:57Z
CNR,86.42,2025-11-06T20:59:46Z
CNRG,99.95,2025-11-06T20:58:52Z
CNS,67.92,2025-11-06T20:59:21Z
CNSP,6.8,2025-11-06T18:46:19Z
CNTA,22.8,2025-11-06T20:59:53Z
CNTB,1.645,2025-11-06T17:03:14Z
CNTX,1.055,2025-11-06T20:52:58Z
CNTY,1.72,2025-11-06T20:50:09Z
CNVS,2.62,2025-11-06T20:14:10Z
CNX,34.295,2025-11-06T20:59:48Z
CNXC,36.585,2025-11-06T20:59:20Z
CNXN,57.92,2025-11-06T20:57:38Z
CNXT,43.4,2025-11-06T20:54:05Z
CNYA,34.54,2025-11-06T20:59:59Z
COAL,22.97,2025-11-06T19:19:50Z
COCH,0.7405,2025-11-06T19:11:43Z
COCO,41.8,2025-11-06T20:59:47Z
COCP,1.02,2025-11-06T19:55:46Z
CODA,8.84,2025-11-06T20:59:53Z
CODI,5.9,2025-11-06T20:59:56Z
CODI-A,16.61,2025-11-06T17:44:56Z
CODI-B,18.56,2025-11-06T17:44:56Z
CODX,0.3968,2025-11-06T20:56:23Z
COEP,13.75,2025-11-06T19:49:40Z
COF,216.82,2025-11-06T20:59:54Z
COF-I,19.94,2025-11-06T19:26:26Z
COF-L,17.32,2025-11-06T17:40:19Z
COFS,29.44,2025-11-06T20:40:56Z
COGT,14.725,2025-11-06T20:59:54Z
COHR,159.43,2025-11-06T20:59:56Z
COHU,23.255,2025-11-06T20:59:52Z
COIA,22.83,2025-11-06T16:07:09Z
COIG,26.59,2025-11-06T20:47:54Z
COIN,295.115,2025-11-06T20:59:56Z
COIW,31.37,2025-11-06T19:03:30Z
COKE,135.49,2025-11-06T20:59:28Z
COLB,26.41,2025-11-06T20:59:56Z
COLD,11.855,2025-11-06T20:59:56Z
COLL,40.52,2025-11-06T20:59:48Z
COLM,50.78,2025-11-06T20:59:50Z
COLO,36.66,2025-11-06T20:48:21Z
COM,29.09,2025-11-06T19:52:42Z
COMB,22.35,2025-11-06T20:59:47Z
COMM,16.33,2025-11-06T20:59:58Z
COMP,8.54,2025-11-06T20:59:59Z
COMT,26.685,2025-11-06T20:58:48Z
CON,18.68,2025-11-06T20:59:53Z
CONI,46.25,2025-11-06T20:52:40Z
CONL,26.87,2025-11-06T20:59:08Z
CONY,5.44,2025-11-06T20:59:48Z
COO,69,2025-11-06T20:59:48Z
COOK,0.8605,2025-11-06T20:59:30Z
COOT,1.47,2025-11-06T20:59:07Z
COP,85.67,2025-11-06T20:59:59Z
COPJ,34.06,2025-11-06T18:05:29Z
COPP,28.51,2025-11-06T17:19:33Z
COPX,60.055,2025-11-06T20:59:48Z
COPY,12.095,2025-11-06T20:59:46Z
COR,360.43,2025-11-06T20:59:54Z
CORD,28.59,2025-11-06T20:59:30Z
CORN,17.82,2025-11-06T20:59:45Z
CORP,98.23,2025-11-06T18:30:02Z
CORT,73.095,2025-11-06T20:59:53Z
CORX,10.92,2025-11-06T18:49:56Z
CORZ,20.585,2025-11-06T20:59:59Z
CORZW,13.98,2025-11-06T20:59:52Z
CORZZ,20.55,2025-11-06T20:59:12Z
COSM,0.6713,2025-11-06T20:59:51Z
COSO,21.3,2025-11-06T20:40:26Z
COST,924.57,2025-11-06T20:59:55Z
COTY,3.715,2025-11-06T20:59:56Z
COUR,8,2025-11-06T20:59:59Z
COWG,35.17,2025-11-06T20:59:50Z
COWZ,57.43,2025-11-06T20:59:45Z
COYA,5.81,2025-11-06T18:16:15Z
COYY,12.64,2025-11-06T20:59:59Z
COZX,22.22,2025-11-06T20:03:21Z
CP,68.9,2025-11-06T20:59:59Z
CPA,125.24,2025-11-06T20:58:00Z
CPAG,102.065,2025-11-06T19:12:52Z
CPAY,277.94,2025-11-06T20:59:58Z
CPB,30.06,2025-11-06T20:59:59Z
CPBI,15.85,2025-11-06T20:13:00Z
CPER,30.79,2025-11-06T20:59:59Z
CPF,28.89,2025-11-06T20:58:15Z
CPHI,1.5,2025-11-06T15:33:12Z
CPIX,2.19,2025-11-06T20:51:43Z
CPK,133.96,2025-11-06T20:59:38Z
CPLB,21.31,2025-11-06T16:52:29Z
CPNG,29,2025-11-06T20:59:57Z
CPNQ,26.31,2025-11-06T19:53:06Z
CPOP,0.585,2025-11-06T20:20:15Z
CPRI,21.51,2025-11-06T20:59:50Z
CPRO,26.75,2025-11-06T20:25:33Z
CPRT,39.99,2025-11-06T20:59:59Z
CPRX,21.01,2025-11-06T20:59:49Z
CPS,28.665,2025-11-06T20:59:15Z
CPSA,26.68,2025-11-06T19:57:07Z
CPSD,25.7,2025-11-06T19:10:14Z
CPSH,3.31,2025-11-06T20:56:55Z
CPSL,26.96,2025-11-06T17:45:00Z
CPSM,28.34,2025-11-06T17:51:02Z
CPSN,26.72,2025-11-06T20:41:04Z
CPSO,26.87,2025-11-06T16:09:05Z
CPSS,8.43,2025-11-06T19:12:12Z
CPST,26.82,2025-11-06T19:57:28Z
CPT,99.31,2025-11-06T20:59:54Z
CPZ,15.22,2025-11-06T19:24:35Z
CQP,51.025,2025-11-06T20:59:36Z
CQQQ,56.025,2025-11-06T20:59:57Z
CR,188.725,2025-11-06T20:59:48Z
CRAI,183.15,2025-11-06T20:41:37Z
CRAK,39.57,2025-11-06T20:31:34Z
CRBG,29.91,2025-11-06T20:59:56Z
CRBP,10.48,2025-11-06T20:59:49Z
CRBU,2.14,2025-11-06T20:59:47Z
CRC,46.12,2025-11-06T20:59:50Z
CRCA,7.395,2025-11-06T20:59:42Z
CRCD,28.705,2025-11-06T17:37:49Z
CRCG,4.72,2025-11-06T20:56:56Z
CRCL,100.005,2025-11-06T20:59:58Z
CRCO,34.93,2025-11-06T18:35:46Z
CRCT,4.8,2025-11-06T20:59:58Z
CRD.A,11.005,2025-11-06T20:59:15Z
CRDF,2.26,2025-11-06T20:59:53Z
CRDL,1.025,2025-11-06T20:58:01Z
CRDO,162.6,2025-11-06T20:59:56Z
CRDU,22.48,2025-11-06T17:46:03Z
CREG,1.22,2025-11-06T19:49:35Z
CRESW,0.93,2025-11-06T20:52:59Z
CRESY,11.27,2025-11-06T20:59:39Z
CREV,4.19,2025-11-06T20:39:07Z
CREX,2.85,2025-11-06T17:48:53Z
CRF,7.99,2025-11-06T20:56:20Z
CRGO,3.66,2025-11-06T20:33:58Z
CRGY,8.48,2025-11-06T20:59:56Z
CRH,114.79,2025-11-06T20:59:53Z
CRI,31.08,2025-11-06T20:59:54Z
CRIS,1.43,2025-11-06T20:33:12Z
CRK,21.82,2025-11-06T20:59:56Z
CRL,170.905,2025-11-06T20:59:45Z
CRM,239.31,2025-11-06T20:59:57Z
CRMD,10.76,2025-11-06T20:59:58Z
CRMG,11.51,2025-11-06T20:58:24Z
CRML,10.04,2025-11-06T20:59:51Z
CRMLW,4.75,2025-11-06T20:58:43Z
CRMT,20.59,2025-11-06T20:58:40Z
CRNC,9.25,2025-11-06T20:59:55Z
CRNT,2.35,2025-11-06T20:59:53Z
CRNX,43.48,2025-11-06T20:59:46Z
CRON,2.465,2025-11-06T20:59:52Z
CROX,78.45,2025-11-06T20:59:57Z
CRPT,19.24,2025-11-06T17:12:34Z
CRS,316.155,2025-11-06T20:59:30Z
CRSH,2.87,2025-11-06T20:52:06Z
CRSP,56.59,2025-11-06T20:59:54Z
CRSR,6.27,2025-11-06T20:59:59Z
CRT,7.6,2025-11-06T18:19:11Z
CRTO,22.53,2025-11-06T20:59:14Z
CRUS,118.655,2025-11-06T20:58:34Z
CRVL,75.36,2025-11-06T20:59:10Z
CRVO,7.405,2025-11-06T16:05:14Z
CRVS,7.81,2025-11-06T20:59:50Z
CRWD,532.83,2025-11-06T20:59:58Z
CRWG,7.71,2025-11-06T20:59:50Z
CRWL,41.5,2025-11-06T20:55:06Z
CRWS,2.775,2025-11-06T20:19:14Z
CRWU,14.25,2025-11-06T20:57:37Z
CRWV,106.95,2025-11-06T20:59:57Z
CSAI,1.565,2025-11-06T20:59:54Z
CSAN,4.68,2025-11-06T20:59:58Z
CSB,57.05,2025-11-06T19:46:39Z
CSBR,6.745,2025-11-06T17:14:17Z
CSCO,71.08,2025-11-06T20:59:59Z
CSGP,67.37,2025-11-06T20:59:58Z
CSGS,78.19,2025-11-06T20:59:54Z
CSHI,49.785,2025-11-06T20:59:46Z
CSIQ,26.74,2025-11-06T20:59:55Z
CSL,316.46,2025-11-06T20:59:54Z
CSPF,25.87,2025-11-06T17:56:13Z
CSPI,11.27,2025-11-06T20:06:54Z
CSQ,18.8,2025-11-06T20:59:50Z
CSR,60.03,2025-11-06T20:57:44Z
CSRE,25.7,2025-11-06T20:55:41Z
CSTE,0.9948,2025-11-06T20:59:05Z
CSTL,33.585,2025-11-06T20:59:14Z
CSTM,15.44,2025-11-06T20:59:58Z
CSV,41.84,2025-11-06T20:58:26Z
CSW,250.265,2025-11-06T20:57:57Z
CSWC,20.345,2025-11-06T20:59:43Z
CSX,35.17,2025-11-06T20:59:59Z
CTA,26.89,2025-11-06T20:59:40Z
CTAS,184.79,2025-11-06T20:59:35Z
CTBB,19.91,2025-11-06T19:16:40Z
CTBI,52.45,2025-11-06T18:36:55Z
CTDD,20.6,2025-11-06T15:48:01Z
CTEC,60.91,2025-11-06T20:55:43Z
CTEV,62.13,2025-11-06T20:58:19Z
CTEX,38.31,2025-11-06T19:05:22Z
CTGO,20.55,2025-11-06T20:56:27Z
CTKB,4.56,2025-11-06T20:59:56Z
CTLP,10.56,2025-11-06T20:59:51Z
CTM,1.125,2025-11-06T20:58:33Z
CTMX,4.2,2025-11-06T20:59:50Z
CTNM,10.88,2025-11-06T20:59:46Z
CTNT,1.32,2025-11-06T20:55:27Z
CTO,17.07,2025-11-06T20:59:48Z
CTOR,1.43,2025-11-06T20:59:34Z
CTOS,5.81,2025-11-06T20:59:58Z
CTRA,26.365,2025-11-06T20:59:58Z
CTRE,35.57,2025-11-06T20:59:53Z
CTRI,21.345,2025-11-06T20:59:58Z
CTRM,1.86,2025-11-06T20:59:27Z
CTRN,38.885,2025-11-06T20:57:57Z
CTS,41,2025-11-06T20:59:42Z
CTSH,72.795,2025-11-06T20:59:52Z
CTSO,0.7233,2025-11-06T20:30:03Z
CTVA,63.145,2025-11-06T20:59:59Z
CTXR,1.24,2025-11-06T20:57:30Z
CUBE,36.96,2025-11-06T20:59:56Z
CUBI,66.54,2025-11-06T20:59:38Z
CUE,0.6927,2025-11-06T20:56:39Z
CUK,23.8,2025-11-06T20:59:48Z
CULP,3.91,2025-11-06T20:24:18Z
CUPR,0.835,2025-11-06T20:38:23Z
CURB,23.01,2025-11-06T20:59:59Z
CURE,93.98,2025-11-06T17:28:46Z
CURI,3.77,2025-11-06T20:59:57Z
CURR,2.975,2025-11-06T19:16:09Z
CURV,1.18,2025-11-06T20:56:07Z
CURX,0.6333,2025-11-06T19:14:26Z
CUT,27.92,2025-11-06T20:50:11Z
CUZ,25.735,2025-11-06T20:59:54Z
CV,4.8,2025-11-06T20:19:30Z
CVAC,5.25,2025-11-06T20:59:45Z
CVBF,18.69,2025-11-06T20:59:51Z
CVCO,573.7,2025-11-06T20:59:44Z
CVE,16.805,2025-11-06T20:59:59Z
CVEO,22.07,2025-11-06T20:56:01Z
CVGI,1.375,2025-11-06T20:59:05Z
CVGW,21.785,2025-11-06T20:59:03Z
CVI,36.58,2025-11-06T20:59:55Z
CVIE,68.985,2025-11-06T17:24:04Z
CVLC,82.88,2025-11-06T16:23:54Z
CVLG,19.38,2025-11-06T20:59:46Z
CVLT,125.11,2025-11-06T20:59:24Z
CVM,6.8,2025-11-06T20:50:00Z
CVNA,290.08,2025-11-06T20:59:54Z
CVNY,30.39,2025-11-06T18:24:08Z
CVRX,10.05,2025-11-06T20:59:52Z
CVS,78.64,2025-11-06T20:59:56Z
CVU,2.13,2025-11-06T20:59:50Z
CVX,152.915,2025-11-06T20:59:49Z
CVY,26.215,2025-11-06T20:10:58Z
CW,575.475,2025-11-06T20:59:41Z
CWAN,15.88,2025-11-06T20:59:59Z
CWB,91.455,2025-11-06T20:59:14Z
CWBC,21.44,2025-11-06T20:57:02Z
CWCO,34.24,2025-11-06T20:53:09Z
CWD,2.99,2025-11-06T20:52:23Z
CWEB,49.94,2025-11-06T20:59:51Z
CWEN,34.905,2025-11-06T20:59:47Z
CWEN.A,32.845,2025-11-06T20:59:22Z
CWH,11.88,2025-11-06T20:59:54Z
CWI,35.29,2025-11-06T20:59:59Z
CWK,15.42,2025-11-06T20:59:55Z
CWST,88.21,2025-11-06T20:57:31Z
CWT,46.31,2025-11-06T20:59:55Z
CWVX,11.71,2025-11-06T20:58:05Z
CX,10.2,2025-11-06T20:59:52Z
CXAI,0.6123,2025-11-06T20:58:45Z
CXDO,6.745,2025-11-06T20:57:33Z
CXE,3.71,2025-11-06T20:03:16Z
CXH,8,2025-11-06T20:32:57Z
CXM,7.525,2025-11-06T20:59:55Z
CXSE,42.39,2025-11-06T20:17:15Z
CXT,61.25,2025-11-06T20:59:47Z
CXW,16.82,2025-11-06T20:59:34Z
CYBN,6.05,2025-11-06T20:59:50Z
CYBR,501.865,2025-11-06T20:59:31Z
CYCU,2.39,2025-11-06T20:54:43Z
CYD,38.83,2025-11-06T20:57:23Z
CYH,3.69,2025-11-06T20:59:59Z
CYN,4.245,2025-11-06T20:59:38Z
CYRX,8.325,2025-11-06T20:59:31Z
CYTK,60.31,2025-11-06T20:59:57Z
CZNC,19.02,2025-11-06T20:59:51Z
CZR,19.165,2025-11-06T20:59:58Z
D,60.5,2025-11-06T20:59:59Z
DAAQ,10.32,2025-11-06T20:59:24Z
DAIO,2.95,2025-11-06T20:56:56Z
DAKT,19.25,2025-11-06T20:59:58Z
DAL,57.83,2025-11-06T20:59:54Z
DAN,21.425,2025-11-06T20:59:56Z
DAO,10.865,2025-11-06T20:55:37Z
DAPP,21.97,2025-11-06T20:59:15Z
DAR,31.94,2025-11-06T20:59:52Z
DARE,1.8,2025-11-06T20:59:30Z
DASH,196.54,2025-11-06T20:59:59Z
DAUG,43.7,2025-11-06T17:59:34Z
DAVA,8.9,2025-11-06T20:59:53Z
DAVE,222.98,2025-11-06T20:54:40Z
DAWN,8.97,2025-11-06T20:59:57Z
DAX,43.49,2025-11-06T16:24:41Z
DAY,68.52,2025-11-06T20:59:58Z
DB,36.18,2025-11-06T20:59:48Z
DBA,26.07,2025-11-06T20:32:15Z
DBB,21.5,2025-11-06T20:58:02Z
DBC,22.85,2025-11-06T20:59:52Z
DBD,65.58,2025-11-06T20:57:28Z
DBE,19.23,2025-11-06T20:59:45Z
DBEF,47.735,2025-11-06T20:58:52Z
DBEU,47.08,2025-11-06T15:34:42Z
DBGI,7.82,2025-11-06T19:03:55Z
DBI,3.985,2025-11-06T20:59:55Z
DBL,15.435,2025-11-06T18:37:31Z
DBMF,28.05,2025-11-06T20:59:45Z
DBND,46.425,2025-11-06T20:59:45Z
DBO,12.95,2025-11-06T20:53:07Z
DBRG,10.94,2025-11-06T20:59:56Z
DBRG-J,21.44,2025-11-06T14:33:41Z
DBVT,13.86,2025-11-06T19:55:10Z
DBX,28.69,2025-11-06T20:59:56Z
DC,3.89,2025-11-06T20:59:58Z
DCBO,24.43,2025-11-06T20:57:22Z
DCGO,1.065,2025-11-06T20:59:41Z
DCI,85.92,2025-11-06T20:59:54Z
DCO,89.1,2025-11-06T20:54:32Z
DCOM,26.395,2025-11-06T20:59:52Z
DCRE,51.985,2025-11-06T20:58:57Z
DCTH,8.635,2025-11-06T20:59:30Z
DD,39.12,2025-11-06T20:59:59Z
DDC,6.41,2025-11-06T20:53:36Z
DDD,2.25,2025-11-06T20:59:49Z
DDEC,43.95,2025-11-06T15:55:21Z
DDFN,18.95,2025-11-06T20:17:30Z
DDFO,21.25,2025-11-06T16:51:57Z
DDI,8.7,2025-11-06T16:49:26Z
DDL,1.7,2025-11-06T20:58:13Z
DDLS,41.09,2025-11-06T15:06:13Z
DDM,109,2025-11-06T20:59:38Z
DDOG,190.9,2025-11-06T20:59:59Z
DDS,609.375,2025-11-06T20:42:40Z
DDTL,20.49,2025-11-06T17:54:01Z
DDTN,18.86,2025-11-06T20:50:28Z
DDTO,21.17,2025-11-06T16:50:27Z
DDWM,41.84,2025-11-06T17:58:13Z
DE,475.06,2025-11-06T20:59:50Z
DEA,21.44,2025-11-06T20:59:51Z
DEC,13.71,2025-11-06T20:59:40Z
DECK,79.79,2025-11-06T20:59:54Z
DECP,29.66,2025-11-06T20:05:16Z
DECT,35.68,2025-11-06T16:21:19Z
DECW,33.32,2025-11-06T14:55:17Z
DECZ,41.01,2025-11-06T20:24:09Z
DEED,21.56,2025-11-06T19:19:27Z
DEEP,34.58,2025-11-06T20:45:45Z
DEFT,1.635,2025-11-06T20:59:35Z
DEHP,31.73,2025-11-06T20:52:57Z
DEI,11.97,2025-11-06T20:59:58Z
DELL,149.13,2025-11-06T20:59:53Z
DEM,46.42,2025-11-06T20:52:23Z
DENN,6.15,2025-11-06T20:59:56Z
DEO,87.27,2025-11-06T20:59:59Z
DERM,9.17,2025-11-06T20:59:51Z
DES,32.67,2025-11-06T19:34:45Z
DEVS,1.78,2025-11-06T16:01:00Z
DFAC,38.45,2025-11-06T20:59:44Z
DFAE,32.335,2025-11-06T20:56:04Z
DFAI,36.415,2025-11-06T20:59:50Z
DFAR,23.26,2025-11-06T20:58:02Z
DFAS,67.05,2025-11-06T20:59:32Z
DFAT,56.5,2025-11-06T20:58:07Z
DFAU,45.835,2025-11-06T20:59:48Z
DFAW,71.78,2025-11-06T20:59:46Z
DFAX,31.53,2025-11-06T20:59:14Z
DFCA,50.12,2025-11-06T20:31:10Z
DFCF,42.855,2025-11-06T20:55:00Z
DFDV,8.1,2025-11-06T20:59:46Z
DFDVW,1.675,2025-11-06T19:27:42Z
DFE,67.425,2025-11-06T17:57:49Z
DFEB,46.66,2025-11-06T15:55:23Z
DFEM,32.82,2025-11-06T20:56:46Z
DFEN,65.53,2025-11-06T20:59:30Z
DFEV,33.25,2025-11-06T20:59:04Z
DFGP,55.27,2025-11-06T20:57:04Z
DFGR,26.905,2025-11-06T20:57:37Z
DFGX,54.485,2025-11-06T20:39:32Z
DFH,18.74,2025-11-06T20:59:50Z
DFIC,32.725,2025-11-06T20:59:44Z
DFII,20.74,2025-11-06T17:55:46Z
DFIN,45.38,2025-11-06T20:57:12Z
DFIS,30.88,2025-11-06T20:59:45Z
DFIV,46.545,2025-11-06T20:59:46Z
DFJ,92.23,2025-11-06T14:45:30Z
DFLI,0.8902,2025-11-06T20:58:53Z
DFLV,32.67,2025-11-06T20:57:20Z
DFNM,48.22,2025-11-06T20:59:59Z
DFP,21.67,2025-11-06T20:55:27Z
DFSB,53.02,2025-11-06T20:40:07Z
DFSC,3.34,2025-11-06T20:55:55Z
DFSD,48.21,2025-11-06T20:59:59Z
DFSE,41.56,2025-11-06T20:51:18Z
DFSI,40.95,2025-11-06T20:20:55Z
DFSU,42.37,2025-11-06T20:59:49Z
DFSV,31.105,2025-11-06T20:55:10Z
DFUS,72.76,2025-11-06T20:59:50Z
DFUV,44.5,2025-11-06T20:55:09Z
DG,95.95,2025-11-06T20:59:54Z
DGCB,55.175,2025-11-06T20:55:07Z
DGICA,19.025,2025-11-06T20:58:58Z
DGII,35.52,2025-11-06T20:57:00Z
DGLY,1.62,2025-11-06T20:35:00Z
DGNX,18.93,2025-11-06T20:59:58Z
DGRE,29.87,2025-11-06T20:41:21Z
DGRO,67.47,2025-11-06T20:59:48Z
DGRS,49.01,2025-11-06T14:38:47Z
DGRW,87.84,2025-11-06T20:59:56Z
DGS,56.65,2025-11-06T20:57:04Z
DGT,163.355,2025-11-06T20:53:23Z
DGX,176.55,2025-11-06T20:59:50Z
DGXX,5.195,2025-11-06T20:59:57Z
DGZ,6.59,2025-11-06T16:34:59Z
DH,2.63,2025-11-06T20:59:52Z
DHAI,0.7915,2025-11-06T20:58:16Z
DHC,4.455,2025-11-06T20:59:57Z
DHCNI,17.075,2025-11-06T15:57:03Z
DHCNL,17.825,2025-11-06T19:29:25Z
DHF,2.54,2025-11-06T20:49:58Z
DHI,145.16,2025-11-06T20:59:50Z
DHIL,131.525,2025-11-06T20:41:58Z
DHR,210.75,2025-11-06T20:59:50Z
DHT,13.23,2025-11-06T20:59:55Z
DHX,1.805,2025-11-06T20:59:51Z
DHY,2.05,2025-11-06T20:59:50Z
DIA,469.275,2025-11-06T20:59:58Z
DIAL,18.36,2025-11-06T20:47:51Z
DIAX,14.89,2025-11-06T16:19:50Z
DIBS,3.49,2025-11-06T20:59:50Z
DIG,35.52,2025-11-06T20:52:24Z
DIHP,30.48,2025-11-06T20:59:48Z
DIM,76.89,2025-11-06T18:40:53Z
DIN,24.38,2025-11-06T20:59:27Z
DINO,53.635,2025-11-06T20:59:49Z
DIOD,51.78,2025-11-06T20:59:49Z
DIPS,5.33,2025-11-06T20:49:33Z
DIS,110.475,2025-11-06T20:59:59Z
DISV,35.13,2025-11-06T20:52:00Z
DIV,17.13,2025-11-06T20:59:34Z
DIVB,51.4,2025-11-06T20:59:46Z
DIVI,37.74,2025-11-06T20:59:16Z
DIVN,25.61,2025-11-06T18:16:04Z
DIVO,44.69,2025-11-06T20:58:58Z
DIVZ,35.04,2025-11-06T20:55:27Z
DJCO,399.67,2025-11-06T20:56:12Z
DJD,55.32,2025-11-06T20:59:46Z
DJIA,22.11,2025-11-06T19:04:44Z
DJP,36.3,2025-11-06T17:13:54Z
DJT,13.315,2025-11-06T20:59:59Z
DJTU,4.86,2025-11-06T20:59:48Z
DJUL,46.77,2025-11-06T15:55:26Z
DK,39.02,2025-11-06T20:59:49Z
DKI,0.519,2025-11-06T17:23:11Z
DKL,45.745,2025-11-06T20:55:18Z
DKNG,27.97,2025-11-06T20:59:58Z
DKNX,6.78,2025-11-06T20:51:10Z
DKS,216.95,2025-11-06T20:59:48Z
DKUP,8.65,2025-11-06T16:17:02Z
DLB,65.02,2025-11-06T20:59:47Z
DLN,86.04,2025-11-06T20:59:01Z
DLNG,3.585,2025-11-06T20:58:52Z
DLO,13.595,2025-11-06T20:59:47Z
DLPN,1.59,2025-11-06T16:19:57Z
DLR,168.31,2025-11-06T20:59:50Z
DLR-K,24.28,2025-11-06T17:19:13Z
DLS,77.19,2025-11-06T20:33:21Z
DLTH,2.75,2025-11-06T20:59:51Z
DLTR,101.915,2025-11-06T20:59:42Z
DLX,20.76,2025-11-06T20:59:01Z
DLXY,1.06,2025-11-06T15:39:00Z
DLY,14.855,2025-11-06T20:59:47Z
DMA,8.65,2025-11-06T17:34:41Z
DMAC,6.22,2025-11-06T20:58:54Z
DMAR,40.87,2025-11-06T17:26:42Z
DMAT,23.295,2025-11-06T20:00:59Z
DMAX,26.62,2025-11-06T20:09:50Z
DMAY,44.41,2025-11-06T18:55:16Z
DMB,10.775,2025-11-06T20:59:59Z
DMBS,49.715,2025-11-06T20:46:28Z
DMLP,23.36,2025-11-06T20:58:01Z
DMO,11.905,2025-11-06T15:30:56Z
DMRC,8.32,2025-11-06T20:58:01Z
DMXF,75.92,2025-11-06T20:57:35Z
DNA,11.29,2025-11-06T20:59:51Z
DNLI,14.415,2025-11-06T20:59:53Z
DNN,2.55,2025-11-06T20:59:59Z
DNOV,47.24,2025-11-06T15:55:51Z
DNOW,13.575,2025-11-06T20:59:59Z
DNP,10.01,2025-11-06T20:55:07Z
DNTH,36.465,2025-11-06T20:59:00Z
DNUT,3.9,2025-11-06T20:59:59Z
DOC,17.56,2025-11-06T20:59:58Z
DOCN,47.07,2025-11-06T20:59:52Z
DOCS,62.59,2025-11-06T20:59:47Z
DOCT,43.71,2025-11-06T20:01:32Z
DOCU,69.705,2025-11-06T20:59:45Z
DOG,24.2,2025-11-06T20:59:48Z
DOGZ,11.92,2025-11-06T15:14:57Z
DOL,62.72,2025-11-06T19:38:31Z
DOLE,13.06,2025-11-06T20:59:59Z
DOMH,4.63,2025-11-06T20:14:45Z
DOMO,12.46,2025-11-06T20:59:46Z
DON,50.235,2025-11-06T20:55:28Z
DOOO,62.74,2025-11-06T20:48:56Z
DORM,129.5,2025-11-06T20:56:27Z
DOUG,2.445,2025-11-06T20:59:57Z
DOV,178.51,2025-11-06T20:59:48Z
DOW,22.24,2025-11-06T20:59:58Z
DOX,83.65,2025-11-06T20:59:48Z
DOYU,6.52,2025-11-06T20:59:09Z
DPG,12.94,2025-11-06T20:58:52Z
DPRO,7.83,2025-11-06T20:59:59Z
DPST,83.06,2025-11-06T20:41:40Z
DPZ,401.42,2025-11-06T20:59:49Z
DQ,30.58,2025-11-06T20:59:58Z
DRAY,29.475,2025-11-06T17:12:31Z
DRCT,0.3102,2025-11-06T20:59:43Z
DRD,25.27,2025-11-06T20:59:44Z
DRGN,35.48,2025-11-06T19:58:23Z
DRH,8.2,2025-11-06T20:59:54Z
DRI,177.55,2025-11-06T20:59:40Z
DRIP,9.18,2025-11-06T20:59:48Z
DRIV,29.78,2025-11-06T20:25:36Z
DRKY,21.37,2025-11-06T14:35:27Z
DRLL,28.53,2025-11-06T20:45:27Z
DRMA,3.15,2025-11-06T15:02:47Z
DRN,8.69,2025-11-06T20:59:49Z
DRS,35.31,2025-11-06T20:59:51Z
DRSK,29.14,2025-11-06T20:40:33Z
DRTS,3.81,2025-11-06T20:39:50Z
DRUG,55.635,2025-11-06T20:26:55Z
DRV,26.22,2025-11-06T20:56:00Z
DRVN,14.11,2025-11-06T20:59:56Z
DSEP,44.25,2025-11-06T15:55:22Z
DSGN,6.88,2025-11-06T20:59:53Z
DSGR,26.15,2025-11-06T20:56:07Z
DSGX,83.855,2025-11-06T20:59:38Z
DSI,127.39,2025-11-06T20:12:20Z
DSL,11.55,2025-11-06T20:59:49Z
DSM,5.95,2025-11-06T20:41:38Z
DSP,8.68,2025-11-06T20:59:29Z
DSS,1.17,2025-11-06T15:55:00Z
DSTL,56.355,2025-11-06T20:54:27Z
DSU,10.315,2025-11-06T20:55:16Z
DSX,1.65,2025-11-06T20:59:25Z
DSY,0.6042,2025-11-06T20:46:46Z
DT,46.05,2025-11-06T20:59:58Z
DTAN,30.01,2025-11-06T19:07:14Z
DTB,18.175,2025-11-06T20:33:48Z
DTCK,6.35,2025-11-06T20:58:19Z
DTCR,21.72,2025-11-06T20:59:20Z
DTD,82.92,2025-11-06T20:59:54Z
DTE,134.06,2025-11-06T20:59:39Z
DTF,11.3,2025-11-06T18:25:40Z
DTG,18.12,2025-11-06T17:41:01Z
DTH,49.035,2025-11-06T20:59:49Z
DTI,2.09,2025-11-06T15:36:50Z
DTIL,6.41,2025-11-06T20:59:51Z
DTM,111.485,2025-11-06T20:59:21Z
DTST,4.135,2025-11-06T20:54:57Z
DTW,22.1,2025-11-06T20:10:11Z
DUBS,36.93,2025-11-06T16:36:00Z
DUG,34.21,2025-11-06T20:57:26Z
DUHP,37.395,2025-11-06T20:59:58Z
DUK,124.1,2025-11-06T20:59:59Z
DUKB,24.615,2025-11-06T19:46:54Z
DULL,2.17,2025-11-06T19:50:20Z
DUO,1.99,2025-11-06T19:42:43Z
DUOL,193.49,2025-11-06T20:59:54Z
DUOT,10.375,2025-11-06T20:40:02Z
DUSA,47.92,2025-11-06T17:27:14Z
DUSB,50.805,2025-11-06T17:06:29Z
DUST,11.84,2025-11-06T20:59:35Z
DV,10.96,2025-11-06T20:59:50Z
DVA,121.495,2025-11-06T20:59:43Z
DVAX,10.99,2025-11-06T20:59:54Z
DVLT,1.365,2025-11-06T20:59:50Z
DVN,32.46,2025-11-06T20:59:58Z
DVOL,34.52,2025-11-06T17:08:37Z
DVS,3.65,2025-11-06T20:58:59Z
DVY,138.885,2025-11-06T20:55:49Z
DVYE,30.94,2025-11-06T20:51:00Z
DWAW,43.34,2025-11-06T20:22:27Z
DWM,66.2,2025-11-06T19:30:35Z
DWMF,31.91,2025-11-06T18:06:07Z
DWSH,7.23,2025-11-06T18:10:23Z
DWSN,2.09,2025-11-06T19:48:26Z
DWTX,5.55,2025-11-06T17:43:28Z
DWX,42.67,2025-11-06T19:06:24Z
DX,13.34,2025-11-06T20:59:57Z
DXC,13.64,2025-11-06T20:59:54Z
DXCM,58.02,2025-11-06T20:59:59Z
DXD,21.65,2025-11-06T20:59:58Z
DXF,2.69,2025-11-06T20:45:28Z
DXJ,134.89,2025-11-06T20:59:48Z
DXPE,99.16,2025-11-06T20:59:28Z
DXST,1,2025-11-06T20:57:14Z
DXYZ,25.1,2025-11-06T20:55:06Z
DY,282.55,2025-11-06T20:58:54Z
DYCQ,12.34,2025-11-06T20:58:26Z
DYCQU,12.1,2025-11-06T16:49:07Z
DYN,18.2,2025-11-06T20:59:55Z
DYNF,59.82,2025-11-06T20:59:58Z
DZZ,5.26,2025-11-06T14:49:46Z
E,36.8,2025-11-06T20:59:54Z
EA,200.305,2025-11-06T20:59:44Z
EAD,6.86,2025-11-06T20:59:32Z
EAF,11.985,2025-11-06T20:59:45Z
EAGG,48.025,2025-11-06T19:59:17Z
EAGL,31.25,2025-11-06T20:58:02Z
EAI,21.35,2025-11-06T16:59:16Z
EALT,34.84,2025-11-06T20:32:08Z
EARN,5.125,2025-11-06T20:59:43Z
EASY,25.22,2025-11-06T20:12:10Z
EAT,102.3,2025-11-06T20:59:50Z
EB,2.2,2025-11-06T20:59:55Z
EBAY,80.815,2025-11-06T20:59:56Z
EBC,17.51,2025-11-06T20:59:59Z
EBF,16.94,2025-11-06T20:58:40Z
EBIZ,32.67,2025-11-06T20:28:09Z
EBMT,16.44,2025-11-06T20:55:26Z
EBND,21.18,2025-11-06T20:48:27Z
EBON,4.42,2025-11-06T16:08:59Z
EBR,10.92,2025-11-06T20:59:59Z
EBR.B,11.57,2025-11-06T20:10:16Z
EBS,10.27,2025-11-06T20:59:54Z
EC,9.685,2025-11-06T20:59:54Z
ECAT,15.95,2025-11-06T20:59:58Z
ECC,6.19,2025-11-06T20:59:47Z
ECCW,23.98,2025-11-06T17:19:28Z
ECDA,1.565,2025-11-06T20:33:17Z
ECF,12.17,2025-11-06T20:37:45Z
ECG,99,2025-11-06T20:54:55Z
ECH,35.28,2025-11-06T20:59:57Z
ECL,252.96,2025-11-06T20:59:58Z
ECNS,35.98,2025-11-06T15:51:59Z
ECO,33.6,2025-11-06T20:55:09Z
ECOR,5.835,2025-11-06T20:59:47Z
ECPG,47.3,2025-11-06T20:58:46Z
ECVT,8.34,2025-11-06T20:59:58Z
ECX,2.635,2025-11-06T20:59:52Z
ED,97.01,2025-11-06T20:59:56Z
EDAP,2,2025-11-06T20:55:26Z
EDBL,1.52,2025-11-06T20:58:31Z
EDC,53.73,2025-11-06T20:55:10Z
EDD,5.32,2025-11-06T20:59:04Z
EDEN,106.98,2025-11-06T20:17:00Z
EDF,4.97,2025-11-06T20:57:09Z
EDGF,24.905,2025-11-06T20:58:05Z
EDGH,28.84,2025-11-06T18:51:54Z
EDGI,27.87,2025-11-06T20:22:10Z
EDHL,1.045,2025-11-06T20:58:58Z
EDIT,2.685,2025-11-06T20:59:56Z
EDIV,38.76,2025-11-06T20:51:26Z
EDN,32.135,2025-11-06T20:59:50Z
EDU,55.2,2025-11-06T20:59:43Z
EDUC,1.35,2025-11-06T20:59:53Z
EDV,68.73,2025-11-06T20:59:57Z
EDZ,36.93,2025-11-06T20:59:07Z
EE,28.175,2025-11-06T20:59:40Z
EEFT,72.16,2025-11-06T20:59:54Z
EELV,27.02,2025-11-06T20:33:11Z
EEM,54.72,2025-11-06T20:59:59Z
EEMA,94.24,2025-11-06T16:29:45Z
EEMO,17.77,2025-11-06T20:57:09Z
EEMS,68.17,2025-11-06T20:46:44Z
EEMV,64.8,2025-11-06T20:59:59Z
EET,79.68,2025-11-06T20:57:36Z
EETH,47.595,2025-11-06T20:31:09Z
EEV,9.72,2025-11-06T20:55:06Z
EEX,4.065,2025-11-06T20:59:04Z
EFA,93.96,2025-11-06T20:59:59Z
EFAA,52.85,2025-11-06T19:42:01Z
EFAD,41.58,2025-11-06T16:03:24Z
EFAS,18.54,2025-11-06T20:59:51Z
EFAV,84.73,2025-11-06T20:59:38Z
EFAX,49.38,2025-11-06T16:07:17Z
EFC,13.8,2025-11-06T20:59:58Z
EFG,113.995,2025-11-06T20:59:49Z
EFIV,64.31,2025-11-06T20:56:54Z
EFNL,45.29,2025-11-06T20:10:43Z
EFO,59.97,2025-11-06T15:23:49Z
EFR,11.235,2025-11-06T20:42:04Z
EFSC,53.25,2025-11-06T20:23:49Z
EFSI,35.63,2025-11-06T20:36:08Z
EFT,11.49,2025-11-06T20:55:09Z
EFV,68.7,2025-11-06T20:59:55Z
EFX,204.18,2025-11-06T20:59:58Z
EFXT,13.375,2025-11-06T20:59:57Z
EG,319.64,2025-11-06T20:59:46Z
EGAN,14.31,2025-11-06T20:57:26Z
EGBN,16.31,2025-11-06T20:59:59Z
EGGQ,48.48,2025-11-06T15:39:28Z
EGGS,41.92,2025-11-06T18:25:43Z
EGGY,38.38,2025-11-06T20:57:41Z
EGHAR,0.2719,2025-11-06T17:34:49Z
EGHT,1.96,2025-11-06T20:59:59Z
EGO,26.24,2025-11-06T20:59:58Z
EGP,174.49,2025-11-06T20:56:40Z
EGY,3.815,2025-11-06T20:59:53Z
EH,16.35,2025-11-06T20:59:54Z
EHAB,7.7,2025-11-06T20:59:49Z
EHC,115.05,2025-11-06T20:59:31Z
EHGO,0.428,2025-11-06T20:40:16Z
EHI,6.34,2025-11-06T20:58:23Z
EHTH,3.85,2025-11-06T20:59:52Z
EIC,12.28,2025-11-06T20:19:59Z
EICA,24.67,2025-11-06T16:38:06Z
EIDO,18.44,2025-11-06T20:59:55Z
EIG,38.21,2025-11-06T20:59:45Z
EIM,9.92,2025-11-06T20:46:27Z
EIPI,19.7,2025-11-06T20:21:49Z
EIRL,68.78,2025-11-06T17:50:34Z
EIS,102.245,2025-11-06T18:05:04Z
EIX,56.525,2025-11-06T20:59:43Z
EJH,0.805,2025-11-06T16:00:17Z
EJUL,29.17,2025-11-06T19:25:31Z
EKSO,4.86,2025-11-06T20:57:07Z
EL,87.76,2025-11-06T20:59:50Z
ELA,10.29,2025-11-06T20:59:54Z
ELAB,5.37,2025-11-06T17:57:19Z
ELAN,21.51,2025-11-06T20:59:58Z
ELBM,0.9371,2025-11-06T20:59:46Z
ELCV,26.5,2025-11-06T20:24:35Z
ELD,28.505,2025-11-06T17:25:10Z
ELDN,4.1,2025-11-06T20:59:53Z
ELF,76.64,2025-11-06T20:59:55Z
ELIL,23.58,2025-11-06T18:24:46Z
ELIS,20.49,2025-11-06T17:02:39Z
ELM,27.455,2025-11-06T17:14:07Z
ELMD,24.415,2025-11-06T20:54:04Z
ELME,16.57,2025-11-06T20:59:58Z
ELP,10.725,2025-11-06T20:59:53Z
ELPW,0.295,2025-11-06T17:01:45Z
ELS,60.83,2025-11-06T20:59:47Z
ELTX,9.05,2025-11-06T20:59:24Z
ELUT,0.9494,2025-11-06T15:06:54Z
ELV,314.52,2025-11-06T20:59:56Z
ELVA,5.16,2025-11-06T20:59:58Z
ELVN,18.31,2025-11-06T20:59:51Z
ELVR,25.625,2025-11-06T20:17:10Z
ELWS,3.82,2025-11-06T16:21:27Z
ELWT,7.925,2025-11-06T20:58:28Z
EM,1.38,2025-11-06T20:59:59Z
EMA,47.81,2025-11-06T20:59:08Z
EMB,95.96,2025-11-06T20:59:55Z
EMBC,13.47,2025-11-06T20:59:52Z
EMBD,23.93,2025-11-06T20:55:38Z
EMBJ,63.84,2025-11-06T20:59:48Z
EMBX,50.12,2025-11-06T17:57:15Z
EMCB,66.96,2025-11-06T17:50:59Z
EMCS,35.335,2025-11-06T20:07:28Z
EMD,10.38,2025-11-06T20:59:19Z
EME,653.56,2025-11-06T20:59:49Z
EMEQ,39.34,2025-11-06T18:54:51Z
EMF,17.65,2025-11-06T20:59:46Z
EMGF,58.19,2025-11-06T20:36:01Z
EMHC,25.52,2025-11-06T20:55:07Z
EMHY,40.05,2025-11-06T20:59:59Z
EMLC,25.43,2025-11-06T20:59:52Z
EMLP,37.75,2025-11-06T20:59:59Z
EMM,32.86,2025-11-06T15:26:39Z
EMMF,31.375,2025-11-06T20:58:44Z
EMN,59.7,2025-11-06T20:59:55Z
EMO,41.97,2025-11-06T20:49:36Z
EMPD,6.4,2025-11-06T20:59:56Z
EMQQ,44.21,2025-11-06T16:13:38Z
EMR,131.45,2025-11-06T20:59:53Z
EMTY,12.5,2025-11-06T18:44:41Z
EMX,3.75,2025-11-06T20:59:58Z
EMXC,71.13,2025-11-06T20:59:49Z
EMXF,47.26,2025-11-06T20:14:06Z
ENB,46.91,2025-11-06T20:59:55Z
ENFR,30.44,2025-11-06T20:20:50Z
ENGN,6,2025-11-06T20:56:56Z
ENGS,3.99,2025-11-06T20:58:19Z
ENIC,3.735,2025-11-06T20:59:59Z
ENLV,1,2025-11-06T19:18:02Z
ENOV,28.415,2025-11-06T20:59:51Z
ENPH,31.175,2025-11-06T20:59:57Z
ENR,23.635,2025-11-06T20:59:48Z
ENS,129.21,2025-11-06T20:59:45Z
ENSG,182.78,2025-11-06T20:59:52Z
ENTA,10.785,2025-11-06T20:59:31Z
ENTG,85.62,2025-11-06T20:59:55Z
ENTO,3.61,2025-11-06T19:38:35Z
ENTX,3.1,2025-11-06T18:15:08Z
ENVA,122.81,2025-11-06T20:58:42Z
ENVB,6.24,2025-11-06T20:55:17Z
ENVX,9.02,2025-11-06T20:59:58Z
EOCT,31.31,2025-11-06T19:11:23Z
EOD,5.72,2025-11-06T20:19:57Z
EOG,104.98,2025-11-06T20:59:58Z
EOI,20.23,2025-11-06T20:59:52Z
EOLS,7.2,2025-11-06T20:59:56Z
EONR,0.5042,2025-11-06T20:59:25Z
EOS,23.215,2025-11-06T20:55:08Z
EOSE,15.28,2025-11-06T20:59:59Z
EOSEW,3.88,2025-11-06T20:55:09Z
EP,3.14,2025-11-06T20:56:27Z
EPAC,40.52,2025-11-06T20:59:49Z
EPAM,168.01,2025-11-06T20:59:59Z
EPC,18.69,2025-11-06T20:59:54Z
EPD,30.97,2025-11-06T20:59:57Z
EPHE,24.14,2025-11-06T18:32:16Z
EPI,45.625,2025-11-06T20:59:51Z
EPM,4.35,2025-11-06T20:59:57Z
EPOL,33.98,2025-11-06T20:55:21Z
EPOW,1.19,2025-11-06T15:45:16Z
EPP,51.26,2025-11-06T20:58:02Z
EPR,49.35,2025-11-06T20:59:30Z
EPR-C,22.1,2025-11-06T16:33:22Z
EPR-G,19.64,2025-11-06T19:25:41Z
EPRF,17.9,2025-11-06T19:37:04Z
EPRT,29.845,2025-11-06T20:59:58Z
EPRX,5.59,2025-11-06T20:59:22Z
EPS,69.26,2025-11-06T20:59:46Z
EPSM,6.895,2025-11-06T20:36:12Z
EPSN,4.63,2025-11-06T20:59:47Z
EPV,24.68,2025-11-06T20:53:42Z
EPWK,0.0711,2025-11-06T20:48:32Z
EQ,1.265,2025-11-06T20:59:47Z
EQAL,51.07,2025-11-06T18:35:25Z
EQBK,41.03,2025-11-06T19:12:14Z
EQH,44.845,2025-11-06T20:59:58Z
EQH-A,20.57,2025-11-06T20:36:06Z
EQH-C,16.78,2025-11-06T18:37:56Z
EQIX,819.09,2025-11-06T20:59:48Z
EQL,45.5,2025-11-06T19:55:05Z
EQNR,24.04,2025-11-06T20:59:56Z
EQR,58.71,2025-11-06T20:59:59Z
EQT,56.31,2025-11-06T20:59:57Z
EQWL,115.04,2025-11-06T20:29:39Z
EQX,11.4,2025-11-06T20:59:58Z
ERAS,2.24,2025-11-06T20:59:55Z
ERC,9.4,2025-11-06T20:18:07Z
ERIC,9.745,2025-11-06T20:59:56Z
ERIE,281.46,2025-11-06T20:59:52Z
ERII,14.5,2025-11-06T20:59:51Z
ERNA,1.705,2025-11-06T20:51:47Z
ERNZ,20.68,2025-11-06T20:58:55Z
ERO,21.67,2025-11-06T20:59:58Z
ERX,54.51,2025-11-06T20:59:57Z
ERY,20.81,2025-11-06T20:58:19Z
ES,71.49,2025-11-06T20:59:55Z
ESAB,111.92,2025-11-06T20:59:40Z
ESE,219.23,2025-11-06T20:46:01Z
ESEA,57.75,2025-11-06T18:20:35Z
ESG,154.45,2025-11-06T20:57:09Z
ESGD,93.61,2025-11-06T20:32:15Z
ESGE,44.365,2025-11-06T20:59:23Z
ESGU,146.78,2025-11-06T20:59:44Z
ESGV,118.93,2025-11-06T20:59:01Z
ESI,26.77,2025-11-06T20:59:54Z
ESLA,2.8,2025-11-06T20:59:20Z
ESLT,463.445,2025-11-06T20:59:22Z
ESML,44.62,2025-11-06T20:43:44Z
ESN,17,2025-11-06T14:48:11Z
ESNT,60.82,2025-11-06T20:59:46Z
ESOA,10.62,2025-11-06T20:59:23Z
ESPO,112.24,2025-11-06T16:35:07Z
ESPR,2.51,2025-11-06T20:59:59Z
ESQ,96.16,2025-11-06T20:33:53Z
ESRT,7.29,2025-11-06T20:59:56Z
ESS,256.27,2025-11-06T20:59:46Z
ESTA,64.96,2025-11-06T20:59:45Z
ESTC,86.59,2025-11-06T20:59:56Z
ESUM,26.98,2025-11-06T20:58:43Z
ET,16.865,2025-11-06T20:59:57Z
ET-I,11.64,2025-11-06T18:16:44Z
ETB,15.15,2025-11-06T20:46:54Z
ETCO,22.96,2025-11-06T15:43:46Z
ETD,23.585,2025-11-06T20:59:29Z
ETG,21.825,2025-11-06T20:56:10Z
ETH,31.075,2025-11-06T20:59:23Z
ETHA,24.98,2025-11-06T20:59:56Z
ETHD,4.855,2025-11-06T20:59:49Z
ETHE,27.13,2025-11-06T20:59:58Z
ETHM,10.32,2025-11-06T20:27:20Z
ETHMW,2.195,2025-11-06T18:02:09Z
ETHO,63.78,2025-11-06T18:01:33Z
ETHT,51.92,2025-11-06T20:59:50Z
ETHU,74.32,2025-11-06T20:54:15Z
ETHV,48.37,2025-11-06T20:59:51Z
ETHW,23.655,2025-11-06T20:59:46Z
ETHZ,16.01,2025-11-06T20:59:52Z
ETJ,8.84,2025-11-06T20:54:51Z
ETN,377.25,2025-11-06T20:59:54Z
ETO,28.27,2025-11-06T20:58:59Z
ETON,19.045,2025-11-06T20:59:46Z
ETOR,33.475,2025-11-06T20:59:52Z
ETQ,43.62,2025-11-06T16:18:54Z
ETR,95.71,2025-11-06T20:59:57Z
ETRL,12.47,2025-11-06T17:49:21Z
ETS,0.642,2025-11-06T16:43:17Z
ETSY,56.79,2025-11-06T20:59:59Z
ETU,19.685,2025-11-06T20:57:13Z
ETV,14.33,2025-11-06T20:54:55Z
ETW,9.02,2025-11-06T20:55:01Z
ETX,19.19,2025-11-06T17:30:06Z
ETY,15.59,2025-11-06T20:56:33Z
EU,2.565,2025-11-06T20:59:06Z
EUAD,43.23,2025-11-06T20:59:52Z
EUDA,3.05,2025-11-06T20:58:35Z
EUDV,51.1,2025-11-06T17:28:04Z
EUFN,34.035,2025-11-06T20:59:46Z
EUM,20.37,2025-11-06T20:52:16Z
EUO,29.17,2025-11-06T16:50:00Z
EURL,36.23,2025-11-06T20:53:19Z
EUSA,101.16,2025-11-06T20:59:46Z
EUSB,43.98,2025-11-06T19:37:15Z
EVAX,6.25,2025-11-06T20:58:00Z
EVC,2.9,2025-11-06T20:59:58Z
EVCM,11.595,2025-11-06T20:57:20Z
EVER,24.795,2025-11-06T20:59:28Z
EVEX,4.025,2025-11-06T20:59:54Z
EVG,11.085,2025-11-06T19:39:39Z
EVGO,3.41,2025-11-06T20:59:58Z
EVH,6.01,2025-11-06T20:59:58Z
EVIM,53.04,2025-11-06T19:03:12Z
EVLN,49.55,2025-11-06T20:59:45Z
EVLV,6.875,2025-11-06T20:59:56Z
EVMN,19.77,2025-11-06T20:59:13Z
EVMO,50.71,2025-11-06T19:04:33Z
EVMT,17.04,2025-11-06T20:59:09Z
EVN,11.11,2025-11-06T15:59:37Z
EVO,3.315,2025-11-06T20:50:05Z
EVOK,10.69,2025-11-06T20:05:31Z
EVR,302.69,2025-11-06T20:59:49Z
EVRG,75.51,2025-11-06T20:59:51Z
EVSD,51.44,2025-11-06T20:59:46Z
EVSM,50.365,2025-11-06T20:35:40Z
EVT,24.35,2025-11-06T20:55:08Z
EVTC,28.12,2025-11-06T20:59:39Z
EVTL,4.22,2025-11-06T20:59:55Z
EVTR,51.56,2025-11-06T20:51:27Z
EVTV,1.32,2025-11-06T17:25:36Z
EVUS,31.13,2025-11-06T20:59:46Z
EVV,10.045,2025-11-06T20:38:37Z
EVX,36.825,2025-11-06T17:37:31Z
EVYM,50.02,2025-11-06T19:29:02Z
EW,82.44,2025-11-06T20:59:59Z
EWA,26.46,2025-11-06T20:59:53Z
EWBC,102.05,2025-11-06T20:59:50Z
EWC,49.76,2025-11-06T20:59:28Z
EWCZ,3.67,2025-11-06T20:56:35Z
EWD,47.08,2025-11-06T18:46:19Z
EWG,40.38,2025-11-06T20:59:54Z
EWH,22.22,2025-11-06T20:59:57Z
EWI,51.74,2025-11-06T20:57:56Z
EWJ,82.97,2025-11-06T20:59:59Z
EWJV,39.41,2025-11-06T20:46:28Z
EWL,55.255,2025-11-06T20:59:41Z
EWM,26.055,2025-11-06T20:59:46Z
EWN,57.87,2025-11-06T20:59:44Z
EWP,50.645,2025-11-06T20:57:09Z
EWQ,43.4,2025-11-06T20:58:02Z
EWS,28.405,2025-11-06T20:59:55Z
EWT,64.955,2025-11-06T20:59:49Z
EWTX,17.1,2025-11-06T20:59:57Z
EWU,42.615,2025-11-06T20:59:27Z
EWW,66.93,2025-11-06T20:59:58Z
EWX,67.045,2025-11-06T17:41:06Z
EWY,93.525,2025-11-06T20:59:58Z
EWZ,32.045,2025-11-06T20:59:58Z
EWZS,13.81,2025-11-06T20:59:50Z
EXAS,67.21,2025-11-06T20:59:50Z
EXC,45.72,2025-11-06T20:59:59Z
EXE,110.65,2025-11-06T20:59:57Z
EXEL,40.78,2025-11-06T20:59:54Z
EXFY,1.57,2025-11-06T20:59:44Z
EXG,9.15,2025-11-06T20:36:31Z
EXI,172.16,2025-11-06T20:03:56Z
EXK,7.31,2025-11-06T20:59:54Z
EXLS,38.74,2025-11-06T20:59:45Z
EXOD,21.32,2025-11-06T20:52:01Z
EXP,205.33,2025-11-06T20:59:30Z
EXPD,134.39,2025-11-06T20:59:46Z
EXPE,219.9,2025-11-06T20:59:49Z
EXPI,9.695,2025-11-06T20:59:44Z
EXPO,71.18,2025-11-06T20:59:05Z
EXR,131,2025-11-06T20:59:48Z
EXTR,17.51,2025-11-06T20:59:52Z
EYE,23.475,2025-11-06T20:59:58Z
EYLD,38.43,2025-11-06T18:08:46Z
EYPT,11.075,2025-11-06T20:59:58Z
EZA,63.76,2025-11-06T20:58:00Z
EZBC,58.35,2025-11-06T20:59:37Z
EZET,25.08,2025-11-06T20:59:50Z
EZGO,0.2038,2025-11-06T20:59:23Z
EZM,64.28,2025-11-06T16:56:54Z
EZPW,17.62,2025-11-06T20:59:50Z
EZPZ,26.725,2025-11-06T14:41:10Z
EZU,61.555,2025-11-06T20:59:50Z
F,13.13,2025-11-06T20:59:58Z
F-B,22.03,2025-11-06T20:22:13Z
F-D,23.6,2025-11-06T20:59:21Z
FA,13.815,2025-11-06T20:59:48Z
FAAR,30.17,2025-11-06T20:16:11Z
FAD,160.08,2025-11-06T20:35:08Z
FAF,60.835,2025-11-06T20:59:54Z
FAI,41.59,2025-11-06T20:55:00Z
FALN,27.3,2025-11-06T20:59:49Z
FAMI,1.52,2025-11-06T14:40:49Z
FAN,20.4,2025-11-06T20:55:04Z
FANG,140.83,2025-11-06T20:59:55Z
FAPR,43.68,2025-11-06T15:56:01Z
FARM,1.71,2025-11-06T20:59:37Z
FAS,160.84,2025-11-06T20:59:09Z
FAST,40.765,2025-11-06T20:59:59Z
FATE,1.035,2025-11-06T20:59:56Z
FATN,3.71,2025-11-06T18:17:24Z
FAUG,51.9,2025-11-06T16:58:41Z
FAX,15.23,2025-11-06T20:55:18Z
FAZ,44.085,2025-11-06T20:59:53Z
FBCG,54.04,2025-11-06T20:50:18Z
FBCV,34.395,2025-11-06T20:56:36Z
FBIN,49.38,2025-11-06T20:59:54Z
FBIO,2.52,2025-11-06T20:59:28Z
FBIZ,51.25,2025-11-06T20:54:33Z
FBK,54.17,2025-11-06T20:59:14Z
FBL,29.81,2025-11-06T20:57:46Z
FBLA,12.05,2025-11-06T20:54:41Z
FBLG,0.3386,2025-11-06T20:58:45Z
FBNC,50.5,2025-11-06T20:59:21Z
FBND,46.38,2025-11-06T20:59:59Z
FBOT,33.11,2025-11-06T18:48:17Z
FBP,19.7,2025-11-06T20:59:59Z
FBRT,9.98,2025-11-06T20:59:52Z
FBRT-E,21.32,2025-11-06T14:50:55Z
FBRX,11.13,2025-11-06T17:16:31Z
FBT,194.99,2025-11-06T20:43:38Z
FBTC,87.93,2025-11-06T20:59:59Z
FBUF,30.22,2025-11-06T20:44:12Z
FBY,12.87,2025-11-06T20:59:48Z
FBYD,13.22,2025-11-06T20:30:09Z
FC,15.88,2025-11-06T20:59:47Z
FCBC,32.92,2025-11-06T20:21:16Z
FCBD,25.74,2025-11-06T19:41:33Z
FCCO,26.695,2025-11-06T20:47:46Z
FCEL,7.71,2025-11-06T20:59:52Z
FCF,15.62,2025-11-06T20:59:55Z
FCFS,161.68,2025-11-06T20:58:44Z
FCG,22.635,2025-11-06T20:55:46Z
FCLD,30.26,2025-11-06T15:58:30Z
FCN,164.515,2025-11-06T20:57:41Z
FCNCA,1798.155,2025-11-06T20:59:49Z
FCO,2.98,2025-11-06T20:59:51Z
FCOM,69.07,2025-11-06T20:59:48Z
FCOR,48.06,2025-11-06T19:49:00Z
FCPI,49.45,2025-11-06T20:59:46Z
FCPT,23.73,2025-11-06T20:59:49Z
FCT,9.59,2025-11-06T20:08:43Z
FCTE,24.535,2025-11-06T20:55:15Z
FCTR,35.32,2025-11-06T18:52:34Z
FCVT,43.99,2025-11-06T19:40:40Z
FCX,38.64,2025-11-06T20:59:58Z
FDCF,47.65,2025-11-06T19:03:04Z
FDD,16.18,2025-11-06T19:32:10Z
FDEM,30.81,2025-11-06T15:14:54Z
FDG,123.99,2025-11-06T17:31:26Z
FDHY,48.93,2025-11-06T20:59:56Z
FDIG,49.01,2025-11-06T20:55:05Z
FDIS,100.55,2025-11-06T20:59:48Z
FDIV,26.05,2025-11-06T20:59:29Z
FDL,42.475,2025-11-06T20:59:48Z
FDLO,65.35,2025-11-06T20:59:06Z
FDLS,34.6,2025-11-06T20:13:24Z
FDM,75.11,2025-11-06T14:30:00Z
FDMT,10.9,2025-11-06T20:59:57Z
FDN,270.735,2025-11-06T20:59:05Z
FDP,36.5,2025-11-06T20:59:58Z
FDS,253.46,2025-11-06T20:59:53Z
FDSB,13.2,2025-11-06T20:55:34Z
FDT,76.36,2025-11-06T16:25:04Z
FDUS,20.68,2025-11-06T20:59:39Z
FDV,28.04,2025-11-06T20:42:45Z
FDVV,55.395,2025-11-06T20:55:02Z
FDX,258.925,2025-11-06T20:59:54Z
FE,45.88,2025-11-06T20:59:58Z
FEAM,4.615,2025-11-06T20:59:37Z
FEDM,57.11,2025-11-06T17:56:55Z
FEGE,44.02,2025-11-06T20:59:59Z
FEIM,33.165,2025-11-06T20:59:19Z
FELC,37.34,2025-11-06T20:59:53Z
FELE,95.005,2025-11-06T20:59:13Z
FELG,41.45,2025-11-06T20:57:46Z
FELV,33.55,2025-11-06T20:32:09Z
FEM,27.2,2025-11-06T19:08:03Z
FEMB,29.485,2025-11-06T20:59:52Z
FEMS,42.16,2025-11-06T19:48:12Z
FEMY,0.7773,2025-11-06T20:59:45Z
FENC,8,2025-11-06T20:57:53Z
FENI,35.295,2025-11-06T20:59:57Z
FENY,24.42,2025-11-06T20:59:57Z
FEOE,46.33,2025-11-06T20:55:31Z
FEPI,47.12,2025-11-06T18:04:16Z
FER,63.94,2025-11-06T20:59:39Z
FERG,246.18,2025-11-06T20:59:57Z
FESM,36.44,2025-11-06T20:58:02Z
FET,28.66,2025-11-06T20:23:01Z
FETH,32.97,2025-11-06T20:59:55Z
FEX,115.75,2025-11-06T20:10:30Z
FEZ,61.91,2025-11-06T20:59:41Z
FF,3.755,2025-11-06T20:59:06Z
FFA,21.675,2025-11-06T20:06:46Z
FFAI,1.17,2025-11-06T20:56:43Z
FFBC,23.64,2025-11-06T20:59:48Z
FFC,16.74,2025-11-06T20:39:54Z
FFEB,55.37,2025-11-06T18:48:07Z
FFIC,14.68,2025-11-06T20:59:23Z
FFIN,30.76,2025-11-06T20:59:50Z
FFIV,247.99,2025-11-06T20:59:54Z
FFLC,52.135,2025-11-06T20:56:32Z
FFLG,29.57,2025-11-06T20:59:48Z
FFLS,24.86,2025-11-06T19:22:18Z
FFND,29.8,2025-11-06T20:59:50Z
FFOG,46.96,2025-11-06T16:58:30Z
FFSM,29.5,2025-11-06T20:59:51Z
FFTY,36.88,2025-11-06T20:59:13Z
FFWM,5.32,2025-11-06T20:59:58Z
FG,29.93,2025-11-06T20:59:46Z
FGD,29.19,2025-11-06T20:59:15Z
FGDL,53.215,2025-11-06T20:12:14Z
FGI,4.96,2025-11-06T17:09:00Z
FGL,0.501,2025-11-06T20:58:03Z
FGN,26.29,2025-11-06T20:37:26Z
FGNX,3.17,2025-11-06T20:59:50Z
FGSI,20.11,2025-11-06T20:38:06Z
FGSN,23.61,2025-11-06T16:53:32Z
FHB,24.395,2025-11-06T20:59:54Z
FHEQ,30.61,2025-11-06T20:59:46Z
FHI,49.81,2025-11-06T20:59:44Z
FHLC,70.12,2025-11-06T20:59:33Z
FHN,21.35,2025-11-06T20:59:58Z
FHN-E,24.69,2025-11-06T18:25:34Z
FHN-F,18.5,2025-11-06T19:21:47Z
FHTX,3.99,2025-11-06T20:59:48Z
FI,61.51,2025-11-06T20:59:57Z
FIAT,2.615,2025-11-06T20:56:22Z
FIAX,18.01,2025-11-06T15:29:55Z
FIBK,31.77,2025-11-06T20:59:45Z
FICO,1674.87,2025-11-06T20:59:50Z
FIDI,24.74,2025-11-06T20:27:34Z
FIDU,81.57,2025-11-06T20:52:41Z
FIEE,2.49,2025-11-06T17:53:31Z
FIG,46.09,2025-11-06T20:59:53Z
FIGB,43.635,2025-11-06T17:35:20Z
FIGG,7.35,2025-11-06T20:59:59Z
FIGR,35.635,2025-11-06T20:59:21Z
FIGS,7.525,2025-11-06T20:59:56Z
FIHL,18.595,2025-11-06T20:59:51Z
FIIG,21.19,2025-11-06T20:55:28Z
FINS,13.2,2025-11-06T18:57:28Z
FINV,6.025,2025-11-06T20:59:55Z
FINX,31.43,2025-11-06T20:48:25Z
FIP,5.15,2025-11-06T20:59:58Z
FIS,64.67,2025-11-06T20:59:55Z
FISI,29.07,2025-11-06T20:59:48Z
FISR,26.05,2025-11-06T20:59:49Z
FITB,42.53,2025-11-06T20:59:59Z
FITBI,25.5,2025-11-06T19:26:04Z
FITBO,20.23,2025-11-06T16:19:28Z
FITBP,25.075,2025-11-06T18:32:23Z
FITE,85.35,2025-11-06T20:51:38Z
FIVA,31.565,2025-11-06T20:59:55Z
FIVE,150.22,2025-11-06T20:59:50Z
FIVN,21.515,2025-11-06T20:59:49Z
FIW,111.64,2025-11-06T20:48:43Z
FIX,957.54,2025-11-06T20:59:50Z
FIXD,44.52,2025-11-06T20:59:59Z
FIXP,19.78,2025-11-06T16:19:02Z
FIXT,38.61,2025-11-06T17:27:01Z
FIZZ,32.68,2025-11-06T20:59:12Z
FJAN,50.42,2025-11-06T20:48:48Z
FJUN,56.08,2025-11-06T18:36:49Z
FLBL,23.71,2025-11-06T20:59:39Z
FLBR,19.715,2025-11-06T16:01:40Z
FLC,17.63,2025-11-06T19:45:46Z
FLCA,44.585,2025-11-06T20:59:46Z
FLCB,21.705,2025-11-06T20:59:46Z
FLCC,31.61,2025-11-06T20:19:07Z
FLCG,32.49,2025-11-06T20:43:43Z
FLCH,25.33,2025-11-06T20:59:14Z
FLCO,21.735,2025-11-06T19:45:59Z
FLD,3.21,2025-11-06T20:59:42Z
FLDR,50.265,2025-11-06T19:33:06Z
FLEE,34.895,2025-11-06T20:58:35Z
FLEX,63.315,2025-11-06T20:59:50Z
FLG,10.9,2025-11-06T20:59:59Z
FLG-A,21.88,2025-11-06T15:21:28Z
FLG-U,39.4,2025-11-06T18:36:13Z
FLGB,32.77,2025-11-06T20:23:24Z
FLGT,22.3,2025-11-06T20:59:45Z
FLGV,20.655,2025-11-06T20:59:51Z
FLHY,24.255,2025-11-06T20:57:19Z
FLIA,20.665,2025-11-06T20:59:42Z
FLIN,38.33,2025-11-06T20:59:59Z
FLJH,38.56,2025-11-06T19:27:06Z
FLJJ,31.37,2025-11-06T18:30:34Z
FLJP,35.55,2025-11-06T20:57:46Z
FLKR,31.355,2025-11-06T20:38:34Z
FLL,2.625,2025-11-06T20:59:00Z
FLLA,24.08,2025-11-06T19:14:28Z
FLMI,24.87,2025-11-06T20:59:50Z
FLNC,19.8,2025-11-06T20:59:56Z
FLNG,26.415,2025-11-06T20:59:55Z
FLNT,1.95,2025-11-06T20:59:15Z
FLO,11.645,2025-11-06T20:59:59Z
FLOC,17.01,2025-11-06T20:59:52Z
FLOT,50.88,2025-11-06T20:59:54Z
FLQL,68.18,2025-11-06T20:57:02Z
FLQM,54.91,2025-11-06T20:59:45Z
FLR,44.57,2025-11-06T20:59:50Z
FLRG,37.345,2025-11-06T20:59:46Z
FLRN,30.73,2025-11-06T20:59:57Z
FLRT,47.28,2025-11-06T20:56:58Z
FLS,69.55,2025-11-06T20:59:58Z
FLSP,26.81,2025-11-06T20:06:34Z
FLTB,50.635,2025-11-06T18:20:24Z
FLTR,25.46,2025-11-06T20:59:49Z
FLTW,60.97,2025-11-06T20:02:53Z
FLUD,25.01,2025-11-06T20:55:03Z
FLUT,216.5,2025-11-06T20:59:49Z
FLUX,2.35,2025-11-06T20:59:25Z
FLWS,3.42,2025-11-06T20:59:58Z
FLX,3.53,2025-11-06T20:46:01Z
FLXN,25.51,2025-11-06T18:16:05Z
FLXR,39.66,2025-11-06T20:54:32Z
FLXS,34.57,2025-11-06T19:30:14Z
FLY,19.32,2025-11-06T20:59:20Z
FLYE,6,2025-11-06T20:28:30Z
FLYW,13.54,2025-11-06T20:59:56Z
FLYX,3.535,2025-11-06T16:00:10Z
FMAG,34.25,2025-11-06T20:55:13Z
FMAO,24.205,2025-11-06T20:27:49Z
FMAR,46.63,2025-11-06T20:24:28Z
FMAT,49.42,2025-11-06T19:01:20Z
FMAY,52.39,2025-11-06T15:55:26Z
FMB,51.25,2025-11-06T20:55:01Z
FMBH,36.46,2025-11-06T20:59:48Z
FMC,12.975,2025-11-06T20:59:56Z
FMDE,35.46,2025-11-06T20:23:47Z
FMET,36.86,2025-11-06T20:14:59Z
FMF,48.2,2025-11-06T14:57:18Z
FMFC,1.035,2025-11-06T20:54:48Z
FMHI,48.01,2025-11-06T20:55:18Z
FMN,11.1,2025-11-06T20:44:31Z
FMNB,13.33,2025-11-06T20:59:55Z
FMS,24.34,2025-11-06T20:59:46Z
FMST,2.655,2025-11-06T20:59:55Z
FMTL,24.77,2025-11-06T20:03:04Z
FMTM,31.46,2025-11-06T18:04:34Z
FMX,93.32,2025-11-06T20:59:50Z
FMY,12.12,2025-11-06T20:13:00Z
FN,461.33,2025-11-06T20:59:55Z
FNB,15.77,2025-11-06T20:59:58Z
FNCL,74.18,2025-11-06T20:58:02Z
FND,58.84,2025-11-06T20:59:55Z
FNDA,30.39,2025-11-06T20:59:54Z
FNDB,25.775,2025-11-06T18:56:06Z
FNDC,43.935,2025-11-06T19:06:21Z
FNDE,36.93,2025-11-06T20:59:53Z
FNDF,43.805,2025-11-06T20:59:54Z
FNDX,26.38,2025-11-06T20:56:14Z
FNF,54.56,2025-11-06T20:59:44Z
FNGD,4.76,2025-11-06T20:59:56Z
FNGR,1.385,2025-11-06T20:59:50Z
FNGS,70.8,2025-11-06T20:58:57Z
FNGU,29.62,2025-11-06T20:59:50Z
FNK,52.88,2025-11-06T17:07:52Z
FNKO,3.02,2025-11-06T20:59:55Z
FNV,188.04,2025-11-06T20:59:43Z
FNWB,8.89,2025-11-06T20:51:56Z
FNWD,33,2025-11-06T18:33:53Z
FNY,90.35,2025-11-06T17:03:34Z
FOA,21.95,2025-11-06T20:59:42Z
FOCT,48.205,2025-11-06T19:55:31Z
FOF,12.95,2025-11-06T20:39:48Z
FOLD,8.915,2025-11-06T20:59:55Z
FONR,14.89,2025-11-06T17:36:46Z
FOR,24.425,2025-11-06T20:59:25Z
FORA,2.17,2025-11-06T20:59:43Z
FORD,9.71,2025-11-06T20:59:30Z
FORM,54.22,2025-11-06T20:59:54Z
FORR,7.53,2025-11-06T20:59:12Z
FOSL,1.8,2025-11-06T20:59:47Z
FOSLL,17.53,2025-11-06T20:59:15Z
FOUR,66.86,2025-11-06T20:59:51Z
FOX,59.3,2025-11-06T20:59:56Z
FOXA,65.7,2025-11-06T20:59:53Z
FOXF,21.97,2025-11-06T20:59:45Z
FPAG,35.82,2025-11-06T18:37:57Z
FPE,18.32,2025-11-06T20:59:57Z
FPEI,19.4,2025-11-06T20:59:59Z
FPF,18.81,2025-11-06T20:59:53Z
FPH,5.85,2025-11-06T20:59:55Z
FPI,9.73,2025-11-06T20:59:55Z
FPX,162.36,2025-11-06T15:04:45Z
FQAL,74.055,2025-11-06T20:59:46Z
FR,55.16,2025-11-06T20:59:50Z
FRA,12.45,2025-11-06T20:49:55Z
FRAF,46.325,2025-11-06T20:55:03Z
FRBA,15.74,2025-11-06T20:57:57Z
FRDM,47.6,2025-11-06T20:43:46Z
FRDU,32.57,2025-11-06T15:04:05Z
FREL,27.04,2025-11-06T20:53:49Z
FRGE,44.06,2025-11-06T20:59:52Z
FRGT,0.8457,2025-11-06T19:44:10Z
FRHC,136.06,2025-11-06T20:55:11Z
FRI,27.61,2025-11-06T14:51:26Z
FRME,35.61,2025-11-06T20:59:49Z
FRMEP,26.24,2025-11-06T20:56:57Z
FRMI,25.62,2025-11-06T20:59:43Z
FRO,23.73,2025-11-06T20:59:57Z
FROG,47.235,2025-11-06T20:59:57Z
FRPH,22.785,2025-11-06T20:59:07Z
FRPT,56.03,2025-11-06T20:59:35Z
FRSH,10.84,2025-11-06T20:59:55Z
FRST,10.74,2025-11-06T20:55:37Z
FRT,95.91,2025-11-06T20:59:49Z
FSBC,34.39,2025-11-06T20:57:00Z
FSCO,6.345,2025-11-06T20:59:26Z
FSEC,44.45,2025-11-06T20:58:59Z
FSEP,50.77,2025-11-06T20:17:26Z
FSI,8.315,2025-11-06T20:17:11Z
FSIG,19.21,2025-11-06T20:56:48Z
FSK,15.22,2025-11-06T20:59:57Z
FSLR,272.11,2025-11-06T20:59:47Z
FSLY,10.97,2025-11-06T20:59:59Z
FSM,7.97,2025-11-06T20:59:59Z
FSMB,20.05,2025-11-06T15:57:13Z
FSMD,42.91,2025-11-06T20:59:46Z
FSP,1.13,2025-11-06T20:59:58Z
FSS,110.845,2025-11-06T20:59:55Z
FSST,30.44,2025-11-06T19:24:03Z
FSTA,48.17,2025-11-06T20:59:45Z
FSUN,34.02,2025-11-06T14:32:30Z
FSV,154.15,2025-11-06T20:58:23Z
FSYD,48.04,2025-11-06T17:35:36Z
FT,7.955,2025-11-06T20:56:06Z
FTA,82.51,2025-11-06T20:35:51Z
FTAI,162.405,2025-11-06T20:59:49Z
FTAIM,26.56,2025-11-06T14:53:51Z
FTAIN,25.52,2025-11-06T14:50:27Z
FTCB,21.385,2025-11-06T20:56:26Z
FTCI,8.11,2025-11-06T20:46:43Z
FTCS,90.56,2025-11-06T20:59:50Z
FTDR,49.35,2025-11-06T20:59:50Z
FTEC,227.16,2025-11-06T20:59:48Z
FTEK,2.11,2025-11-06T20:58:45Z
FTEL,1.54,2025-11-06T20:59:59Z
FTF,6.14,2025-11-06T20:59:00Z
FTFT,1.36,2025-11-06T20:59:54Z
FTGC,26.575,2025-11-06T20:59:46Z
FTGS,34.96,2025-11-06T19:53:46Z
FTHI,23.54,2025-11-06T20:59:58Z
FTHM,1.18,2025-11-06T20:59:51Z
FTHY,14.125,2025-11-06T20:23:03Z
FTI,42.375,2025-11-06T20:59:57Z
FTK,15.16,2025-11-06T20:59:45Z
FTLS,71.19,2025-11-06T19:19:48Z
FTMH,11.65,2025-11-06T20:12:54Z
FTMS,9.92,2025-11-06T20:31:55Z
FTMU,7.84,2025-11-06T20:45:50Z
FTNT,80.49,2025-11-06T20:59:58Z
FTNY,7.88,2025-11-06T18:57:56Z
FTQI,20.72,2025-11-06T20:59:49Z
FTRB,25.49,2025-11-06T20:53:31Z
FTRE,11.02,2025-11-06T20:59:52Z
FTRI,14.69,2025-11-06T15:54:45Z
FTS,51.06,2025-11-06T20:59:34Z
FTSL,45.82,2025-11-06T20:59:23Z
FTSM,59.95,2025-11-06T20:59:58Z
FTV,51.07,2025-11-06T20:59:50Z
FTW,10.45,2025-11-06T20:58:47Z
FTXG,20.555,2025-11-06T20:59:46Z
FTXO,34.78,2025-11-06T20:26:26Z
FUBO,3.77,2025-11-06T20:59:58Z
FUFU,3.36,2025-11-06T18:19:35Z
FUL,57.22,2025-11-06T20:59:47Z
FULC,7.64,2025-11-06T20:59:50Z
FULT,17.365,2025-11-06T20:59:55Z
FUMB,20.08,2025-11-06T18:25:57Z
FUN,18.345,2025-11-06T20:59:56Z
FUNC,35.605,2025-11-06T20:51:02Z
FUNL,45.55,2025-11-06T20:58:00Z
FURY,0.5338,2025-11-06T20:27:04Z
FUSE,2.21,2025-11-06T20:58:06Z
FUSEW,0.1763,2025-11-06T18:39:22Z
FUTU,184,2025-11-06T20:59:52Z
FUTY,57.15,2025-11-06T20:59:30Z
FV,60.68,2025-11-06T20:55:15Z
FVAL,70.2,2025-11-06T15:30:10Z
FVC,35.77,2025-11-06T20:49:36Z
FVD,45.125,2025-11-06T20:59:49Z
FVR,13,2025-11-06T20:59:53Z
FVRR,19.965,2025-11-06T20:59:48Z
FWD,105.37,2025-11-06T20:58:13Z
FWONA,95.23,2025-11-06T20:05:37Z
FWONK,103.27,2025-11-06T20:59:50Z
FWRD,20.94,2025-11-06T20:59:49Z
FWRG,17.235,2025-11-06T20:59:55Z
FXA,64.06,2025-11-06T17:04:20Z
FXB,125.93,2025-11-06T16:20:37Z
FXE,106.51,2025-11-06T20:09:16Z
FXF,109.75,2025-11-06T20:52:03Z
FXG,60.68,2025-11-06T14:50:33Z
FXI,40.145,2025-11-06T20:59:57Z
FXL,168.69,2025-11-06T17:43:28Z
FXN,15.99,2025-11-06T20:59:50Z
FXO,57.27,2025-11-06T20:58:02Z
FXP,8.46,2025-11-06T14:30:16Z
FXR,76.215,2025-11-06T20:59:48Z
FXU,46.15,2025-11-06T20:59:48Z
FXY,60.07,2025-11-06T20:21:22Z
FXZ,58.95,2025-11-06T18:39:05Z
FYBR,37.78,2025-11-06T20:59:57Z
FYC,92.15,2025-11-06T17:16:59Z
FYEE,28.37,2025-11-06T18:29:08Z
FYLD,31.09,2025-11-06T20:59:43Z
FYT,54.2,2025-11-06T17:00:03Z
G,38.37,2025-11-06T20:59:58Z
GAB,6,2025-11-06T20:27:10Z
GABC,39.7,2025-11-06T20:23:02Z
GAIA,4.2,2025-11-06T20:53:45Z
GAIN,13.91,2025-11-06T20:59:28Z
GALT,5.62,2025-11-06T20:59:30Z
GAM,62.67,2025-11-06T20:56:15Z
GAMB,6.675,2025-11-06T20:59:28Z
GAME,0.5318,2025-11-06T20:59:58Z
GANX,1.89,2025-11-06T20:51:56Z
GAP,22.79,2025-11-06T20:59:58Z
GARP,67.33,2025-11-06T20:30:23Z
GASS,6.77,2025-11-06T16:55:01Z
GATX,152.81,2025-11-06T20:56:54Z
GAU,2.35,2025-11-06T20:59:54Z
GAUG,38.65,2025-11-06T20:27:37Z
GAUZ,5.1,2025-11-06T19:29:07Z
GBAB,15.51,2025-11-06T20:24:13Z
GBCI,41.34,2025-11-06T20:59:53Z
GBDC,13.77,2025-11-06T20:59:57Z
GBFH,34.595,2025-11-06T20:25:26Z
GBIL,99.945,2025-11-06T20:57:00Z
GBIO,5.02,2025-11-06T20:13:34Z
GBTC,78.96,2025-11-06T20:59:45Z
GBTG,7.78,2025-11-06T20:59:58Z
GBUG,35.735,2025-11-06T15:10:41Z
GBX,42.665,2025-11-06T20:59:19Z
GCI,5.04,2025-11-06T20:59:55Z
GCMG,11.68,2025-11-06T20:59:56Z
GCO,30.44,2025-11-06T18:25:50Z
GCOR,41.71,2025-11-06T20:59:39Z
GCOW,39.94,2025-11-06T20:50:07Z
GCT,25.48,2025-11-06T20:59:45Z
GCTK,5.74,2025-11-06T19:13:15Z
GCTS,1.385,2025-11-06T20:59:51Z
GD,340.35,2025-11-06T20:59:53Z
GDC,3.96,2025-11-06T17:25:59Z
GDDY,132.93,2025-11-06T20:59:44Z
GDEC,36.92,2025-11-06T20:59:24Z
GDEN,28.55,2025-11-06T20:59:57Z
GDIV,16.07,2025-11-06T19:05:41Z
GDLC,48.23,2025-11-06T19:14:43Z
GDOT,11.75,2025-11-06T20:59:52Z
GDRX,3.16,2025-11-06T20:59:57Z
GDS,33.93,2025-11-06T20:59:40Z
GDTC,1.81,2025-11-06T15:30:26Z
GDV,26.85,2025-11-06T20:58:02Z
GDV-H,22.93,2025-11-06T14:45:25Z
GDX,70.765,2025-11-06T20:59:57Z
GDXD,18.27,2025-11-06T18:30:17Z
GDXJ,90.355,2025-11-06T20:59:57Z
GDXU,143.86,2025-11-06T20:16:11Z
GDXY,15.16,2025-11-06T20:59:54Z
GDYN,8.735,2025-11-06T20:59:52Z
GE,305.18,2025-11-06T20:59:52Z
GECC,7.565,2025-11-06T17:15:49Z
GEF,57.515,2025-11-06T20:58:49Z
GEGGL,24.72,2025-11-06T19:55:32Z
GEHC,74.175,2025-11-06T20:59:59Z
GEL,16.21,2025-11-06T20:59:55Z
GEM,41.865,2025-11-06T20:55:05Z
GEMI,16.01,2025-11-06T20:59:49Z
GEN,25.48,2025-11-06T20:59:59Z
GENC,13.89,2025-11-06T20:40:03Z
GENI,10.19,2025-11-06T20:59:58Z
GENK,2.82,2025-11-06T20:55:53Z
GENT,10.4,2025-11-06T19:29:52Z
GENVR,3.94,2025-11-06T20:53:59Z
GEO,15.415,2025-11-06T20:59:52Z
GEOS,26.715,2025-11-06T19:36:01Z
GERN,1.075,2025-11-06T20:59:58Z
GES,16.95,2025-11-06T20:59:58Z
GETY,1.81,2025-11-06T20:59:58Z
GEV,550.09,2025-11-06T20:59:48Z
GEVO,2.05,2025-11-06T20:59:53Z
GEVX,24.07,2025-11-06T18:28:25Z
GFAI,0.8503,2025-11-06T20:59:25Z
GFEB,40.74,2025-11-06T20:19:10Z
GFF,71.12,2025-11-06T20:59:36Z
GFI,37.725,2025-11-06T20:59:57Z
GFL,43.88,2025-11-06T20:59:52Z
GFLW,28.24,2025-11-06T20:42:13Z
GFR,4.38,2025-11-06T20:59:22Z
GFS,34.42,2025-11-06T20:59:55Z
GGAL,57.51,2025-11-06T20:59:50Z
GGB,3.56,2025-11-06T20:59:56Z
GGG,81.25,2025-11-06T20:59:49Z
GGLL,85.08,2025-11-06T20:59:48Z
GGLS,7.59,2025-11-06T20:59:46Z
GGME,62.18,2025-11-06T17:11:49Z
GGN,4.74,2025-11-06T20:59:22Z
GGN-B,20.83,2025-11-06T20:40:40Z
GGOV,50.62,2025-11-06T15:55:29Z
GGT,4.05,2025-11-06T19:45:26Z
GH,96.2,2025-11-06T20:59:52Z
GHC,1036.205,2025-11-06T20:59:35Z
GHI,7.37,2025-11-06T20:59:00Z
GHLD,19.99,2025-11-06T17:18:39Z
GHM,62.27,2025-11-06T20:58:45Z
GHRS,13.53,2025-11-06T20:59:54Z
GHY,12.57,2025-11-06T20:50:01Z
GIAX,17.14,2025-11-06T19:28:18Z
GIB,84.785,2025-11-06T20:59:52Z
GIBO,2,2025-11-06T16:04:27Z
GIC,27.32,2025-11-06T20:59:18Z
GIFI,7.99,2025-11-06T20:58:58Z
GIG,10.58,2025-11-06T20:47:16Z
GIGB,46.47,2025-11-06T20:59:46Z
GIGGW,0.8001,2025-11-06T19:26:58Z
GIII,27.52,2025-11-06T20:59:51Z
GIL,55.75,2025-11-06T20:59:55Z
GILD,123.43,2025-11-06T20:59:59Z
GILT,12.56,2025-11-06T20:59:50Z
GIPR,1.065,2025-11-06T20:59:12Z
GIS,46,2025-11-06T20:59:59Z
GIW,9.94,2025-11-06T16:53:01Z
GJP,24.81,2025-11-06T18:42:46Z
GJUN,39.035,2025-11-06T14:48:35Z
GK,25.515,2025-11-06T20:59:47Z
GKOS,81.66,2025-11-06T20:59:12Z
GL,131.795,2025-11-06T20:59:59Z
GLAD,19.11,2025-11-06T20:59:42Z
GLBE,35.69,2025-11-06T20:59:58Z
GLD,366.11,2025-11-06T20:59:44Z
GLDB,23.65,2025-11-06T14:30:01Z
GLDD,12.17,2025-11-06T20:59:45Z
GLDG,1.24,2025-11-06T20:59:59Z
GLDI,168.62,2025-11-06T17:03:34Z
GLDM,78.79,2025-11-06T20:59:43Z
GLDW,50.79,2025-11-06T20:37:29Z
GLDY,16.85,2025-11-06T19:06:10Z
GLE,0.5718,2025-11-06T17:46:18Z
GLGG,21.44,2025-11-06T14:31:44Z
GLIBA,34.005,2025-11-06T20:56:32Z
GLIBK,33.67,2025-11-06T20:59:44Z
GLL,15.365,2025-11-06T20:59:46Z
GLMD,1.28,2025-11-06T15:23:47Z
GLNG,39.175,2025-11-06T20:59:54Z
GLO,5.7,2025-11-06T20:40:01Z
GLOB,58.85,2025-11-06T20:59:50Z
GLOV,56.335,2025-11-06T20:45:41Z
GLP,44.955,2025-11-06T20:56:23Z
GLP-B,25.64,2025-11-06T18:15:40Z
GLPG,31.33,2025-11-06T20:50:39Z
GLPI,44.18,2025-11-06T20:59:58Z
GLQ,7.69,2025-11-06T20:13:14Z
GLRE,12.695,2025-11-06T20:55:29Z
GLRY,36.38,2025-11-06T18:59:37Z
GLSI,8.24,2025-11-06T19:53:37Z
GLTO,5.755,2025-11-06T18:10:07Z
GLTR,171.025,2025-11-06T18:40:20Z
GLUE,13.015,2025-11-06T20:59:50Z
GLV,6.025,2025-11-06T20:13:05Z
GLW,87.92,2025-11-06T20:59:58Z
GLXU,23.41,2025-11-06T19:00:24Z
GLXY,30.38,2025-11-06T20:59:53Z
GM,68.815,2025-11-06T20:59:53Z
GMAB,28.84,2025-11-06T20:59:59Z
GME,21.37,2025-11-06T20:59:59Z
GME+,2.72,2025-11-06T20:57:13Z
GMED,61.67,2025-11-06T20:59:55Z
GMEU,10.55,2025-11-06T20:59:59Z
GMGI,0.9742,2025-11-06T20:44:41Z
GMHS,1.135,2025-11-06T17:00:31Z
GMM,1.76,2025-11-06T20:59:16Z
GMRE,32.35,2025-11-06T20:58:51Z
GMUB,51,2025-11-06T15:29:50Z
GNE,14.695,2025-11-06T20:58:01Z
GNK,16.99,2025-11-06T20:59:58Z
GNL,7.93,2025-11-06T20:59:55Z
GNL-B,22.01,2025-11-06T18:17:22Z
GNLN,3.24,2025-11-06T19:08:01Z
GNLX,5.415,2025-11-06T20:58:09Z
GNOM,42.7,2025-11-06T20:44:14Z
GNOV,38.4,2025-11-06T15:40:59Z
GNPX,4.66,2025-11-06T20:57:02Z
GNR,58.19,2025-11-06T20:59:47Z
GNRC,153.71,2025-11-06T20:59:48Z
GNS,0.7447,2025-11-06T20:50:08Z
GNSS,2.395,2025-11-06T20:59:27Z
GNT,6.76,2025-11-06T20:57:21Z
GNTA,2.315,2025-11-06T20:47:15Z
GNTX,23.065,2025-11-06T20:59:58Z
GNW,8.59,2025-11-06T20:59:56Z
GO,12.14,2025-11-06T20:59:58Z
GOCO,3.545,2025-11-06T20:08:58Z
GOCT,38.75,2025-11-06T20:40:51Z
GOEX,66.37,2025-11-06T15:26:50Z
GOF,13.065,2025-11-06T20:59:59Z
GOGO,7.61,2025-11-06T20:59:56Z
GOLF,77.855,2025-11-06T20:59:06Z
GOOD,10.655,2025-11-06T20:59:48Z
GOODO,20.03,2025-11-06T20:08:07Z
GOOG,285.35,2025-11-06T20:59:59Z
GOOGL,284.79,2025-11-06T20:59:58Z
GOOP,37.06,2025-11-06T20:24:28Z
GOOS,12.21,2025-11-06T20:59:56Z
GOOX,60.04,2025-11-06T18:56:32Z
GOOY,14.47,2025-11-06T20:59:52Z
GORO,0.6762,2025-11-06T20:37:37Z
GORV,1.58,2025-11-06T16:53:06Z
GOSS,2.305,2025-11-06T20:59:55Z
GOTU,2.755,2025-11-06T20:58:40Z
GOVI,27.925,2025-11-06T20:58:47Z
GOVT,23.14,2025-11-06T20:59:56Z
GOVX,0.5154,2025-11-06T20:51:11Z
GOVZ,9.795,2025-11-06T20:47:51Z
GP,1.74,2025-11-06T20:59:32Z
GPC,124.835,2025-11-06T20:59:40Z
GPCR,33.55,2025-11-06T20:59:51Z
GPI,384.43,2025-11-06T20:59:47Z
GPIQ,52.47,2025-11-06T20:59:51Z
GPIX,51.95,2025-11-06T20:56:24Z
GPK,16.49,2025-11-06T20:59:56Z
GPMT,2.77,2025-11-06T20:58:45Z
GPN,76.35,2025-11-06T20:59:58Z
GPOR,196.355,2025-11-06T20:59:51Z
GPRE,9.62,2025-11-06T20:59:53Z
GPRK,8.31,2025-11-06T20:59:57Z
GPRO,1.715,2025-11-06T20:59:59Z
GPTY,46.48,2025-11-06T19:57:50Z
GPUS,0.3704,2025-11-06T20:58:27Z
GPUS-D,23.05,2025-11-06T18:07:33Z
GPZ,25.53,2025-11-06T20:59:59Z
GQGU,24.11,2025-11-06T20:42:41Z
GQI,56.24,2025-11-06T19:55:10Z
GRAB,5.625,2025-11-06T20:59:58Z
GRAL,80.035,2025-11-06T20:59:42Z
GRBK,62.34,2025-11-06T20:55:50Z
GRC,45.045,2025-11-06T20:51:58Z
GRCE,3,2025-11-06T16:55:57Z
GRDN,28.44,2025-11-06T20:58:01Z
GREE,1.45,2025-11-06T20:58:32Z
GREEL,16.3,2025-11-06T19:57:34Z
GREK,62.62,2025-11-06T20:32:16Z
GRFS,8.37,2025-11-06T20:59:59Z
GRI,1.73,2025-11-06T16:07:10Z
GRID,155.2,2025-11-06T20:55:11Z
GRMN,203.98,2025-11-06T20:59:34Z
GRND,13.595,2025-11-06T20:59:54Z
GRNQ,1.68,2025-11-06T20:54:27Z
GRNT,5.415,2025-11-06T20:59:55Z
GRNY,25.06,2025-11-06T20:59:50Z
GRO,2.14,2025-11-06T20:53:15Z
GROV,1.37,2025-11-06T20:58:39Z
GROW,2.44,2025-11-06T19:33:44Z
GROY,3.18,2025-11-06T20:59:56Z
GROY+,1.37,2025-11-06T20:51:14Z
GROZ,29.835,2025-11-06T20:54:10Z
GRP=,55.675,2025-11-06T19:31:37Z
GRPN,18.89,2025-11-06T20:59:56Z
GRRR,14.06,2025-11-06T20:59:41Z
GRRRW,0.52,2025-11-06T18:17:15Z
GRVY,58.25,2025-11-06T19:58:19Z
GRW,31.015,2025-11-06T16:47:26Z
GRWG,1.38,2025-11-06T20:57:04Z
GRX,9.26,2025-11-06T20:59:58Z
GS,787.44,2025-11-06T20:59:52Z
GS-D,20.42,2025-11-06T17:32:24Z
GSAT,48.25,2025-11-06T20:59:48Z
GSBD,9.74,2025-11-06T20:59:50Z
GSEE,57.085,2025-11-06T19:37:20Z
GSEP,38.12,2025-11-06T20:59:46Z
GSEW,83.88,2025-11-06T14:51:05Z
GSG,23.04,2025-11-06T20:59:44Z
GSHD,67.62,2025-11-06T20:59:34Z
GSHR,10.25,2025-11-06T15:05:27Z
GSIE,41.085,2025-11-06T20:59:45Z
GSIT,8.38,2025-11-06T20:59:53Z
GSIW,0.1737,2025-11-06T20:38:44Z
GSK,47.11,2025-11-06T20:59:54Z
GSL,31.84,2025-11-06T20:54:45Z
GSLC,129.81,2025-11-06T20:55:08Z
GSM,4.13,2025-11-06T20:59:57Z
GSOL,11.3,2025-11-06T20:59:55Z
GSRF,10.065,2025-11-06T20:58:44Z
GSST,50.5,2025-11-06T19:51:44Z
GSUN,2.19,2025-11-06T20:32:17Z
GSY,50.27,2025-11-06T20:59:52Z
GT,7.82,2025-11-06T20:59:54Z
GTBP,0.5526,2025-11-06T20:59:40Z
GTE,4.085,2025-11-06T20:59:15Z
GTEC,0.945,2025-11-06T18:55:32Z
GTEK,39.905,2025-11-06T16:56:50Z
GTES,21.525,2025-11-06T20:59:51Z
GTI,4.15,2025-11-06T20:49:08Z
GTIM,1.355,2025-11-06T16:02:48Z
GTLB,45.555,2025-11-06T20:59:54Z
GTLS,199.3,2025-11-06T20:59:21Z
GTM,10.72,2025-11-06T20:59:58Z
GTN,4.62,2025-11-06T20:59:48Z
GTO,47.565,2025-11-06T20:57:00Z
GTR,25.8,2025-11-06T20:58:00Z
GTX,17.3,2025-11-06T20:59:59Z
GTY,26.92,2025-11-06T20:59:51Z
GUG,15.49,2025-11-06T19:27:31Z
GUNR,43.115,2025-11-06T20:55:23Z
GURE,4.42,2025-11-06T14:30:01Z
GUSH,22.31,2025-11-06T20:59:59Z
GUT,6.05,2025-11-06T20:53:37Z
GUTS,1.095,2025-11-06T20:59:50Z
GV,1.45,2025-11-06T20:23:56Z
GVA,99.75,2025-11-06T20:59:46Z
GVAL,30.3,2025-11-06T20:53:25Z
GVH,4.53,2025-11-06T17:46:31Z
GVI,107.375,2025-11-06T20:55:21Z
GVIP,152.39,2025-11-06T19:29:25Z
GWAV,6.195,2025-11-06T20:58:45Z
GWH,4.185,2025-11-06T20:58:23Z
GWRE,215.01,2025-11-06T20:59:26Z
GWRS,10.18,2025-11-06T20:49:20Z
GWW,952.42,2025-11-06T20:59:48Z
GWX,39.17,2025-11-06T17:42:38Z
GXAI,1.53,2025-11-06T20:59:45Z
GXDW,27.42,2025-11-06T19:27:38Z
GXIG,25.7,2025-11-06T18:24:11Z
GXO,50.88,2025-11-06T20:59:51Z
GXPC,27.98,2025-11-06T16:38:25Z
GXPS,23.82,2025-11-06T19:28:06Z
GXPT,27.7,2025-11-06T20:59:46Z
GYLD,13.34,2025-11-06T20:15:03Z
GYRE,7.395,2025-11-06T20:54:40Z
H,146.44,2025-11-06T20:59:44Z
HACK,85.07,2025-11-06T20:59:20Z
HAE,67.165,2025-11-06T20:59:55Z
HAFC,26.41,2025-11-06T20:59:44Z
HAFN,6.185,2025-11-06T20:59:41Z
HAIL,35.65,2025-11-06T19:17:46Z
HAIN,1.06,2025-11-06T20:59:58Z
HAL,27.33,2025-11-06T20:59:58Z
HALO,68.4,2025-11-06T20:59:50Z
HAS,76.6,2025-11-06T20:59:50Z
HASI,28.56,2025-11-06T20:59:59Z
HAUZ,23.16,2025-11-06T17:45:04Z
HAVAU,9.99,2025-11-06T17:22:35Z
HAYW,15.99,2025-11-06T20:59:57Z
HBAN,15.41,2025-11-06T20:59:58Z
HBANM,23.12,2025-11-06T15:03:14Z
HBANP,17.92,2025-11-06T19:07:33Z
HBI,6.36,2025-11-06T20:59:59Z
HBIO,0.5477,2025-11-06T20:57:58Z
HBM,15.75,2025-11-06T20:59:59Z
HBNC,15.865,2025-11-06T20:59:45Z
HBT,23.575,2025-11-06T17:10:52Z
HCA,471.28,2025-11-06T20:59:50Z
HCAI,0.543,2025-11-06T20:04:37Z
HCAT,2.97,2025-11-06T20:59:56Z
HCC,81.395,2025-11-06T20:59:41Z
HCHL,3.29,2025-11-06T15:31:59Z
HCI,194.52,2025-11-06T20:59:48Z
HCKT,18.77,2025-11-06T20:59:48Z
HCM,15.445,2025-11-06T18:38:37Z
HCMT,38.27,2025-11-06T20:50:00Z
HCOW,23.61,2025-11-06T17:09:21Z
HCRB,35.615,2025-11-06T15:40:44Z
HCSG,17.47,2025-11-06T20:59:56Z
HCTI,2.61,2025-11-06T20:59:45Z
HCWB,3.3,2025-11-06T16:23:33Z
HCWC,0.57,2025-11-06T14:45:27Z
HD,369.19,2025-11-06T20:59:55Z
HDB,35.68,2025-11-06T20:59:50Z
HDEF,29.665,2025-11-06T20:31:12Z
HDGE,17.345,2025-11-06T20:59:46Z
HDSN,6.705,2025-11-06T20:59:16Z
HDUS,64.595,2025-11-06T16:35:37Z
HDV,118.41,2025-11-06T20:59:50Z
HE,11.6,2025-11-06T20:59:58Z
HEAL,30.84,2025-11-06T18:54:11Z
HECA,27.96,2025-11-06T17:33:01Z
HECO,45.03,2025-11-06T16:04:55Z
HEDG,29.06,2025-11-06T18:59:06Z
HEDJ,51.285,2025-11-06T18:21:09Z
HEEM,34.69,2025-11-06T16:02:59Z
HEFA,40.725,2025-11-06T20:59:59Z
HEGD,25.165,2025-11-06T20:59:27Z
HEI,317.455,2025-11-06T20:59:37Z
HEI.A,248.1,2025-11-06T20:59:51Z
HELE,19.225,2025-11-06T20:59:50Z
HELO,65.18,2025-11-06T20:59:51Z
HEPS,2.325,2025-11-06T20:59:10Z
HEQ,10.68,2025-11-06T20:59:37Z
HEQT,31.57,2025-11-06T20:42:06Z
HERO,32.04,2025-11-06T18:49:55Z
HERZ,2.38,2025-11-06T19:53:16Z
HESM,33.5,2025-11-06T20:59:56Z
HEWJ,52.74,2025-11-06T17:18:57Z
HFFG,2.4,2025-11-06T19:25:42Z
HFGM,31.21,2025-11-06T17:21:33Z
HFGO,27.51,2025-11-06T16:01:42Z
HFMF,20.64,2025-11-06T20:58:55Z
HFRO,6.47,2025-11-06T20:58:20Z
HFRO-B,16.62,2025-11-06T19:37:01Z
HFSI,35.695,2025-11-06T19:50:02Z
HFWA,22.045,2025-11-06T20:59:50Z
HFXI,31.87,2025-11-06T20:14:22Z
HG,25.67,2025-11-06T20:59:54Z
HGBL,1.47,2025-11-06T14:41:46Z
HGER,26.45,2025-11-06T20:59:59Z
HGRO,27.94,2025-11-06T20:51:59Z
HGTY,11.63,2025-11-06T20:59:27Z
HGV,39.695,2025-11-06T20:59:43Z
HHH,78.31,2025-11-06T20:59:21Z
HI,31.605,2025-11-06T20:59:57Z
HIBL,60.675,2025-11-06T20:57:52Z
HIBS,5.955,2025-11-06T20:58:45Z
HIDE,23.35,2025-11-06T20:59:50Z
HIFS,287.925,2025-11-06T19:05:17Z
HIG,127.92,2025-11-06T20:59:49Z
HIGH,22.97,2025-11-06T20:59:42Z
HII,305.405,2025-11-06T20:59:51Z
HIMS,41.5,2025-11-06T20:59:53Z
HIMU,49.17,2025-11-06T20:59:31Z
HIMX,7.905,2025-11-06T20:59:53Z
HIMY,11.52,2025-11-06T15:56:50Z
HIMZ,10.64,2025-11-06T20:59:51Z
HIND,5.765,2025-11-06T19:48:41Z
HIO,3.785,2025-11-06T20:57:11Z
HIPO,34.615,2025-11-06T20:59:30Z
HIT,2.79,2025-11-06T20:49:55Z
HITI,2.9,2025-11-06T20:59:58Z
HIVE,4.77,2025-11-06T20:59:59Z
HIW,28.765,2025-11-06T20:58:24Z
HIX,4.26,2025-11-06T20:02:11Z
HKD,1.79,2025-11-06T20:58:34Z
HKIT,2.2,2025-11-06T17:27:36Z
HL,13.555,2025-11-06T20:59:57Z
HLAL,60.48,2025-11-06T20:59:40Z
HLF,9.21,2025-11-06T20:59:56Z
HLI,179.78,2025-11-06T20:59:32Z
HLIO,55.88,2025-11-06T20:59:06Z
HLIT,10.2,2025-11-06T20:59:55Z
HLLY,2.725,2025-11-06T20:59:59Z
HLMN,8.73,2025-11-06T20:59:56Z
HLN,9.425,2025-11-06T20:59:44Z
HLNE,127.87,2025-11-06T20:59:54Z
HLP,1.63,2025-11-06T17:47:27Z
HLT,265.29,2025-11-06T20:59:57Z
HLX,6.595,2025-11-06T20:59:55Z
HMC,30.4,2025-11-06T20:59:54Z
HMN,45.405,2025-11-06T20:48:01Z
HMOP,39.17,2025-11-06T20:22:09Z
HMR,1.28,2025-11-06T20:41:18Z
HMY,15.83,2025-11-06T20:59:57Z
HNGE,44.07,2025-11-06T20:59:57Z
HNI,39.8,2025-11-06T20:59:50Z
HNRG,20.425,2025-11-06T20:59:53Z
HNST,2.325,2025-11-06T20:59:59Z
HODL,28.53,2025-11-06T20:59:54Z
HOFT,9.205,2025-11-06T19:11:27Z
HOG,25.13,2025-11-06T20:59:57Z
HOII,21.76,2025-11-06T16:48:57Z
HOLA,52.22,2025-11-06T17:48:00Z
HOLO,3.63,2025-11-06T20:59:46Z
HOLX,74.175,2025-11-06T20:59:58Z
HOMB,27.09,2025-11-06T20:59:59Z
HON,195.76,2025-11-06T20:59:49Z
HOOD,127.06,2025-11-06T20:59:58Z
HOOG,84.66,2025-11-06T20:58:11Z
HOOI,19.46,2025-11-06T18:43:13Z
HOOW,62.85,2025-11-06T20:59:11Z
HOOX,135.49,2025-11-06T20:21:22Z
HOOY,59.22,2025-11-06T20:43:49Z
HOPE,10.5,2025-11-06T20:59:55Z
HOTH,1.285,2025-11-06T20:51:14Z
HOUR,1.85,2025-11-06T20:11:17Z
HOUS,11.29,2025-11-06T20:59:55Z
HOV,121.06,2025-11-06T16:20:43Z
HOVR,2.125,2025-11-06T20:59:53Z
HOVRW,0.3876,2025-11-06T15:55:25Z
HOWL,1.215,2025-11-06T20:58:45Z
HOYY,21.08,2025-11-06T20:12:27Z
HP,26.355,2025-11-06T20:59:48Z
HPE,23.425,2025-11-06T20:59:59Z
HPF,16.65,2025-11-06T20:50:10Z
HPI,17.26,2025-11-06T19:24:58Z
HPK,5.24,2025-11-06T20:59:43Z
HPP,2.215,2025-11-06T20:59:52Z
HPQ,26.17,2025-11-06T20:59:58Z
HPS,15.45,2025-11-06T20:59:05Z
HQH,17.925,2025-11-06T20:59:53Z
HQI,8.47,2025-11-06T16:17:12Z
HQL,16.08,2025-11-06T20:55:07Z
HQY,92.75,2025-11-06T20:59:55Z
HR,17.915,2025-11-06T20:59:49Z
HRB,51.48,2025-11-06T20:59:51Z
HRI,136.045,2025-11-06T20:59:35Z
HRL,21.72,2025-11-06T20:59:58Z
HRMY,30.935,2025-11-06T20:59:57Z
HROW,34.44,2025-11-06T20:59:46Z
HRTG,27.855,2025-11-06T20:59:56Z
HRTX,1.1,2025-11-06T20:59:57Z
HRZN,6.61,2025-11-06T20:59:55Z
HSAI,22.12,2025-11-06T20:59:44Z
HSBC,72,2025-11-06T20:59:56Z
HSCS,2.76,2025-11-06T20:49:49Z
HSDT,5.29,2025-11-06T20:59:58Z
HSHP,7.7,2025-11-06T20:37:54Z
HSIC,70.05,2025-11-06T20:59:51Z
HSII,58.73,2025-11-06T20:59:44Z
HST,17.305,2025-11-06T20:59:59Z
HSTM,24.775,2025-11-06T20:54:56Z
HSY,167.64,2025-11-06T20:59:54Z
HTAB,19.275,2025-11-06T20:55:20Z
HTAX,24.53,2025-11-06T20:36:59Z
HTB,39.76,2025-11-06T20:47:51Z
HTBK,10.45,2025-11-06T20:59:56Z
HTCR,0.8649,2025-11-06T20:58:44Z
HTD,24.78,2025-11-06T20:58:06Z
HTFL,34.68,2025-11-06T20:59:12Z
HTGC,17.78,2025-11-06T20:59:55Z
HTH,32.795,2025-11-06T20:59:01Z
HTHT,40.245,2025-11-06T20:59:54Z
HTLD,7.62,2025-11-06T20:59:47Z
HTO,47.27,2025-11-06T20:58:15Z
HTRB,34.435,2025-11-06T20:59:50Z
HTUS,43.06,2025-11-06T20:50:38Z
HTZ,6.18,2025-11-06T20:59:58Z
HTZWW,3.42,2025-11-06T20:59:32Z
HUBB,461.95,2025-11-06T20:59:48Z
HUBC,1.36,2025-11-06T20:59:45Z
HUBG,34.75,2025-11-06T20:59:54Z
HUBS,395,2025-11-06T20:59:58Z
HUM,251.095,2025-11-06T20:59:58Z
HUMA,1.305,2025-11-06T20:59:57Z
HUMN,29.79,2025-11-06T20:54:40Z
HUN,7.425,2025-11-06T20:59:57Z
HURA,2.455,2025-11-06T20:58:27Z
HURC,17,2025-11-06T14:40:20Z
HURN,166.415,2025-11-06T20:59:20Z
HUSA,4.95,2025-11-06T20:57:14Z
HUT,43.355,2025-11-06T20:59:58Z
HUYA,2.72,2025-11-06T20:59:51Z
HVII,10.475,2025-11-06T18:58:32Z
HVMCW,0.35,2025-11-06T18:20:13Z
HVT,22.615,2025-11-06T20:55:09Z
HWBK,31.165,2025-11-06T20:59:11Z
HWC,58.065,2025-11-06T20:59:57Z
HWH,1.8,2025-11-06T20:59:30Z
HWKN,126.825,2025-11-06T20:59:39Z
HWM,205.69,2025-11-06T20:59:42Z
HXHX,0.767,2025-11-06T18:06:02Z
HXL,69.14,2025-11-06T20:59:50Z
HY,34.76,2025-11-06T20:19:40Z
HYBL,28.365,2025-11-06T20:59:59Z
HYD,50.85,2025-11-06T20:59:55Z
HYDB,47.12,2025-11-06T20:59:24Z
HYEM,19.9,2025-11-06T20:46:29Z
HYFI,37.56,2025-11-06T20:35:05Z
HYFT,1.7,2025-11-06T20:57:10Z
HYG,80.27,2025-11-06T20:59:56Z
HYGH,85.705,2025-11-06T19:47:57Z
HYGV,40.57,2025-11-06T20:59:59Z
HYGW,29.96,2025-11-06T19:20:00Z
HYHG,63.97,2025-11-06T20:22:20Z
HYI,11.29,2025-11-06T17:25:38Z
HYLB,36.68,2025-11-06T20:59:52Z
HYLN,2.09,2025-11-06T20:59:56Z
HYLS,41.73,2025-11-06T20:58:32Z
HYMB,25.135,2025-11-06T20:54:10Z
HYMC,7.22,2025-11-06T20:59:47Z
HYPD,5.64,2025-11-06T20:59:42Z
HYPR,1.04,2025-11-06T20:59:20Z
HYS,94.51,2025-11-06T16:56:50Z
HYSA,15.06,2025-11-06T20:02:51Z
HYT,9.435,2025-11-06T19:40:53Z
HYXF,46.92,2025-11-06T17:47:50Z
HYZD,22.42,2025-11-06T20:53:38Z
HZO,23.355,2025-11-06T20:59:47Z
IAC,33.16,2025-11-06T20:59:49Z
IAE,7.45,2025-11-06T20:59:58Z
IAF,13.32,2025-11-06T20:39:10Z
IAG,12.03,2025-11-06T20:59:59Z
IAGG,51.73,2025-11-06T20:59:54Z
IAI,173.19,2025-11-06T20:54:26Z
IAK,128.67,2025-11-06T20:43:27Z
IART,11.215,2025-11-06T20:59:54Z
IAS,10.245,2025-11-06T20:59:57Z
IAT,49.62,2025-11-06T20:59:04Z
IAU,74.98,2025-11-06T20:59:46Z
IAUG,27.78,2025-11-06T17:49:58Z
IAUI,53.29,2025-11-06T20:54:30Z
IAUM,39.67,2025-11-06T20:59:47Z
IAUX,0.8995,2025-11-06T20:59:06Z
IBAT,32.07,2025-11-06T14:55:31Z
IBB,158.34,2025-11-06T20:59:55Z
IBBQ,26.6,2025-11-06T19:59:33Z
IBCP,30.565,2025-11-06T20:59:18Z
IBDQ,25.11,2025-11-06T20:59:56Z
IBDR,24.225,2025-11-06T20:54:56Z
IBDS,24.265,2025-11-06T20:45:32Z
IBDT,25.435,2025-11-06T20:59:50Z
IBDU,23.39,2025-11-06T20:59:45Z
IBDV,22.065,2025-11-06T20:55:52Z
IBDW,21.145,2025-11-06T20:54:56Z
IBDX,25.51,2025-11-06T20:59:59Z
IBDY,26.125,2025-11-06T19:55:13Z
IBDZ,26.38,2025-11-06T20:50:36Z
IBEX,37.065,2025-11-06T20:58:49Z
IBGA,25.175,2025-11-06T19:16:33Z
IBHE,23.15,2025-11-06T14:59:31Z
IBHF,23.225,2025-11-06T20:59:47Z
IBHG,22.31,2025-11-06T19:05:53Z
IBHH,23.59,2025-11-06T19:05:54Z
IBHI,23.54,2025-11-06T20:59:51Z
IBHJ,26.42,2025-11-06T19:03:12Z
IBIF,26.29,2025-11-06T17:50:07Z
IBIJ,26.175,2025-11-06T20:59:45Z
IBIO,1.38,2025-11-06T20:59:59Z
IBIT,57.25,2025-11-06T20:59:59Z
IBKR,69.865,2025-11-06T20:59:51Z
IBM,312.48,2025-11-06T20:59:53Z
IBMO,25.55,2025-11-06T20:59:58Z
IBMP,25.325,2025-11-06T20:59:46Z
IBMQ,25.49,2025-11-06T20:04:01Z
IBMR,25.36,2025-11-06T19:28:24Z
IBMS,25.96,2025-11-06T20:59:46Z
IBMT,25.9,2025-11-06T20:55:01Z
IBN,29.885,2025-11-06T20:59:55Z
IBND,31.675,2025-11-06T20:55:04Z
IBO,0.5315,2025-11-06T20:58:31Z
IBOC,67.29,2025-11-06T20:59:49Z
IBOT,51.445,2025-11-06T19:20:20Z
IBP,252.13,2025-11-06T20:59:51Z
IBRX,2.115,2025-11-06T20:59:38Z
IBTA,28.91,2025-11-06T20:59:46Z
IBTF,23.29,2025-11-06T16:30:54Z
IBTH,22.46,2025-11-06T20:48:02Z
IBTI,22.36,2025-11-06T17:28:37Z
IBTJ,21.945,2025-11-06T20:59:52Z
IBTK,19.865,2025-11-06T20:50:33Z
IBTL,20.58,2025-11-06T19:28:36Z
IBTM,23.155,2025-11-06T20:48:00Z
IBTO,24.68,2025-11-06T19:28:28Z
IBTP,25.95,2025-11-06T20:32:32Z
IBUF,28.53,2025-11-06T20:25:20Z
IBUY,70.43,2025-11-06T20:56:56Z
ICCM,0.6933,2025-11-06T20:47:27Z
ICE,147.54,2025-11-06T20:59:56Z
ICF,60.51,2025-11-06T20:54:41Z
ICFI,81.49,2025-11-06T20:59:29Z
ICG,1.02,2025-11-06T20:59:59Z
ICHR,15.08,2025-11-06T20:59:48Z
ICL,5.505,2025-11-06T20:59:46Z
ICLN,17.775,2025-11-06T20:59:57Z
ICLO,25.605,2025-11-06T20:59:45Z
ICLR,159.97,2025-11-06T20:59:47Z
ICMB,2.72,2025-11-06T14:41:45Z
ICOI,25.78,2025-11-06T16:46:03Z
ICON,1.26,2025-11-06T17:14:36Z
ICOP,37.93,2025-11-06T19:38:56Z
ICOW,37.51,2025-11-06T16:52:40Z
ICSH,50.61,2025-11-06T20:59:45Z
ICU,0.4614,2025-11-06T20:59:44Z
ICUI,129.645,2025-11-06T20:59:53Z
ICVT,101.38,2025-11-06T20:59:00Z
IDA,127.95,2025-11-06T20:59:49Z
IDAI,3.9,2025-11-06T20:42:44Z
IDCC,380.885,2025-11-06T20:59:41Z
IDE,11.88,2025-11-06T19:27:11Z
IDEF,30.725,2025-11-06T20:59:45Z
IDEQ,28.94,2025-11-06T20:00:33Z
IDEV,80.05,2025-11-06T20:59:52Z
IDHQ,34.16,2025-11-06T17:08:26Z
IDLV,33.07,2025-11-06T16:28:12Z
IDMO,53.86,2025-11-06T20:59:59Z
IDN,4.12,2025-11-06T20:59:45Z
IDNA,25.04,2025-11-06T20:53:29Z
IDOG,36.88,2025-11-06T20:56:32Z
IDR,28.98,2025-11-06T20:59:34Z
IDT,50.72,2025-11-06T20:59:19Z
IDU,111.075,2025-11-06T20:59:59Z
IDV,37.435,2025-11-06T20:59:40Z
IDVO,37.58,2025-11-06T20:59:59Z
IDXX,714,2025-11-06T20:59:46Z
IDYA,29.855,2025-11-06T20:59:57Z
IE,12.64,2025-11-06T20:59:48Z
IEF,96.65,2025-11-06T20:59:52Z
IEFA,87.51,2025-11-06T20:59:59Z
IEI,119.53,2025-11-06T20:59:50Z
IEMG,67.53,2025-11-06T20:59:59Z
IEO,89.91,2025-11-06T20:57:01Z
IEP,9.135,2025-11-06T20:59:33Z
IESC,396.42,2025-11-06T20:58:18Z
IETC,102.58,2025-11-06T20:45:45Z
IEUR,67.93,2025-11-06T20:59:57Z
IEV,65.465,2025-11-06T20:59:30Z
IEX,166.74,2025-11-06T20:59:34Z
IEZ,20.37,2025-11-06T20:56:53Z
IFBD,1.155,2025-11-06T15:13:56Z
IFF,62.85,2025-11-06T20:59:54Z
IFGL,22.7,2025-11-06T20:58:46Z
IFN,14.86,2025-11-06T20:42:47Z
IFRA,51.97,2025-11-06T20:59:25Z
IFRX,1.215,2025-11-06T20:58:17Z
IFS,43.49,2025-11-06T20:56:05Z
IFV,24.22,2025-11-06T15:34:34Z
IG,21.01,2025-11-06T20:59:51Z
IGA,9.55,2025-11-06T19:51:45Z
IGBH,24.425,2025-11-06T18:06:12Z
IGC,0.3871,2025-11-06T20:59:52Z
IGD,5.675,2025-11-06T20:52:00Z
IGE,47.38,2025-11-06T20:59:46Z
IGEB,45.785,2025-11-06T20:54:26Z
IGF,61.115,2025-11-06T20:59:54Z
IGIB,53.91,2025-11-06T20:59:51Z
IGIC,22.22,2025-11-06T20:47:54Z
IGLB,51.185,2025-11-06T20:59:57Z
IGLD,24.29,2025-11-06T20:38:14Z
IGM,129.34,2025-11-06T20:59:49Z
IGOV,42.12,2025-11-06T20:47:18Z
IGPT,58.82,2025-11-06T20:57:45Z
IGR,4.81,2025-11-06T20:59:53Z
IGRO,79.305,2025-11-06T20:59:44Z
IGSB,52.855,2025-11-06T20:59:50Z
IGV,109.23,2025-11-06T20:59:57Z
IHAK,50.38,2025-11-06T20:59:02Z
IHD,6.22,2025-11-06T20:31:18Z
IHDG,46.655,2025-11-06T20:59:46Z
IHE,76.32,2025-11-06T17:51:53Z
IHF,47.96,2025-11-06T20:53:24Z
IHG,125.86,2025-11-06T20:55:12Z
IHI,60.665,2025-11-06T20:59:40Z
IHRT,4.7,2025-11-06T20:59:58Z
IHS,6.39,2025-11-06T20:59:40Z
IHT,1.47,2025-11-06T20:46:50Z
IHY,21.83,2025-11-06T17:33:33Z
IIF,27.19,2025-11-06T15:22:35Z
III,5.775,2025-11-06T20:59:38Z
IIIN,31.26,2025-11-06T20:59:32Z
IIIV,29.485,2025-11-06T20:59:47Z
IIM,12.52,2025-11-06T20:58:36Z
IINN,1.045,2025-11-06T20:50:13Z
IIPR,50.885,2025-11-06T20:59:29Z
IIPR-A,25.22,2025-11-06T20:59:59Z
IJAN,35.45,2025-11-06T16:42:10Z
IJH,64.17,2025-11-06T20:59:53Z
IJJ,127.13,2025-11-06T19:26:23Z
IJK,94.87,2025-11-06T20:55:49Z
IJR,116.93,2025-11-06T20:59:53Z
IJS,109.1,2025-11-06T20:59:09Z
IJT,139.38,2025-11-06T19:48:43Z
IJUL,32.68,2025-11-06T15:43:50Z
IKT,1.49,2025-11-06T20:59:50Z
ILCB,93.37,2025-11-06T19:27:05Z
ILCG,104.4,2025-11-06T20:02:58Z
ILCV,91.8,2025-11-06T14:32:00Z
ILDR,33.23,2025-11-06T20:57:04Z
ILF,29.86,2025-11-06T20:59:54Z
ILLR,0.5501,2025-11-06T20:59:51Z
ILMN,121.07,2025-11-06T20:59:52Z
ILOW,41.74,2025-11-06T17:01:57Z
ILPT,5.4,2025-11-06T20:59:53Z
ILS,20.26,2025-11-06T19:39:34Z
ILTB,50.52,2025-11-06T17:37:43Z
IMA,8.175,2025-11-06T15:47:05Z
IMAX,34.44,2025-11-06T20:59:46Z
IMAY,29.03,2025-11-06T17:59:36Z
IMCB,82.22,2025-11-06T14:32:00Z
IMCG,80.435,2025-11-06T20:59:31Z
IMCR,31.655,2025-11-06T20:59:50Z
IMCV,79.81,2025-11-06T14:32:00Z
IMDX,6.45,2025-11-06T20:52:45Z
IMFL,28.5,2025-11-06T18:51:45Z
IMG,0.1917,2025-11-06T20:59:01Z
IMKTA,72.95,2025-11-06T20:59:52Z
IMMP,1.66,2025-11-06T16:46:02Z
IMMR,6.865,2025-11-06T20:59:56Z
IMMX,3.02,2025-11-06T20:59:32Z
IMNM,15.485,2025-11-06T20:59:45Z
IMNN,3.93,2025-11-06T20:59:34Z
IMO,91,2025-11-06T20:58:40Z
IMPP,5.6,2025-11-06T20:57:45Z
IMRN,1.65,2025-11-06T20:57:26Z
IMRX,6.61,2025-11-06T20:59:53Z
IMSR,13.625,2025-11-06T20:59:54Z
IMSRW,5.85,2025-11-06T20:11:53Z
IMST,22.15,2025-11-06T20:49:38Z
IMTM,47.69,2025-11-06T20:57:12Z
IMTX,9.22,2025-11-06T20:59:49Z
IMUX,0.6999,2025-11-06T20:59:59Z
IMVT,23.65,2025-11-06T20:59:58Z
IMXI,15,2025-11-06T20:59:56Z
INAB,1.71,2025-11-06T17:53:15Z
INBK,17.905,2025-11-06T20:59:40Z
INBKZ,24.55,2025-11-06T16:27:17Z
INBS,0.7875,2025-11-06T20:40:04Z
INBX,80.68,2025-11-06T20:59:41Z
INCM,27.535,2025-11-06T20:59:37Z
INCO,64.43,2025-11-06T17:07:05Z
INCY,105.175,2025-11-06T20:59:54Z
INDA,53.62,2025-11-06T20:59:59Z
INDB,69.31,2025-11-06T20:59:40Z
INDI,4.655,2025-11-06T20:59:54Z
INDL,56.66,2025-11-06T15:37:23Z
INDO,2.67,2025-11-06T20:59:50Z
INDV,31.89,2025-11-06T20:59:54Z
INDY,52.49,2025-11-06T20:59:30Z
INEQ,38.135,2025-11-06T20:57:51Z
INFA,24.86,2025-11-06T20:59:59Z
INFL,43.545,2025-11-06T20:59:45Z
INFU,10.25,2025-11-06T20:46:34Z
INFY,16.185,2025-11-06T20:59:57Z
ING,25.635,2025-11-06T20:59:50Z
INGM,22.17,2025-11-06T20:59:58Z
INGN,7.03,2025-11-06T20:58:16Z
INGR,106.37,2025-11-06T20:59:43Z
INHD,1.06,2025-11-06T20:27:52Z
INKT,13.23,2025-11-06T16:46:15Z
INM,1.7,2025-11-06T15:00:35Z
INMB,1.635,2025-11-06T20:59:48Z
INMD,14.45,2025-11-06T20:59:59Z
INMU,24.075,2025-11-06T20:55:27Z
INN,5.29,2025-11-06T20:59:56Z
INNV,4.88,2025-11-06T20:59:51Z
INO,2.24,2025-11-06T20:59:59Z
INOD,60.93,2025-11-06T20:59:21Z
INOV,33.62,2025-11-06T20:47:24Z
INQQ,15.545,2025-11-06T17:18:57Z
INR,11.195,2025-11-06T20:59:54Z
INSE,8.1,2025-11-06T20:59:06Z
INSG,14,2025-11-06T20:59:14Z
INSM,185.76,2025-11-06T20:59:49Z
INSP,83.85,2025-11-06T20:59:52Z
INSW,52.45,2025-11-06T20:59:48Z
INTA,38.63,2025-11-06T20:59:50Z
INTC,37.24,2025-11-06T20:59:59Z
INTF,36.155,2025-11-06T20:57:19Z
INTJ,0.551,2025-11-06T20:58:15Z
INTR,9.47,2025-11-06T20:59:52Z
INTS,0.482,2025-11-06T20:59:49Z
INTT,7.87,2025-11-06T17:11:05Z
INTU,653.725,2025-11-06T20:59:57Z
INTW,46.03,2025-11-06T20:57:09Z
INTZ,1.715,2025-11-06T20:59:22Z
INUV,2.74,2025-11-06T20:33:09Z
INV,3.335,2025-11-06T20:59:50Z
INVA,20.615,2025-11-06T20:59:52Z
INVE,3.905,2025-11-06T20:32:18Z
INVH,27.83,2025-11-06T20:59:58Z
INVN,20.88,2025-11-06T19:34:37Z
INVX,19.505,2025-11-06T20:59:58Z
INVZ,1.655,2025-11-06T20:59:30Z
IOBT,0.8468,2025-11-06T20:59:51Z
IOCT,34.07,2025-11-06T16:14:57Z
IONL,65.635,2025-11-06T19:33:59Z
IONQ,57.48,2025-11-06T20:59:59Z
IONR,4.07,2025-11-06T20:15:41Z
IONS,74.11,2025-11-06T20:59:50Z
IONX,88.45,2025-11-06T20:55:56Z
IONZ,3.82,2025-11-06T20:59:44Z
IOO,123.875,2025-11-06T20:59:47Z
IOSP,73.52,2025-11-06T20:58:51Z
IOT,38.1,2025-11-06T20:59:58Z
IOTR,0.285,2025-11-06T17:56:23Z
IOVA,2.305,2025-11-06T20:59:54Z
IOYY,25.15,2025-11-06T19:57:40Z
IP,36.55,2025-11-06T20:59:59Z
IPAC,74.46,2025-11-06T20:55:25Z
IPAR,88.02,2025-11-06T20:55:21Z
IPAV,28.295,2025-11-06T15:49:38Z
IPAY,52.935,2025-11-06T19:33:30Z
IPDN,2.32,2025-11-06T20:59:41Z
IPG,25.04,2025-11-06T20:59:59Z
IPGP,89.715,2025-11-06T20:57:16Z
IPI,24.11,2025-11-06T20:57:10Z
IPKW,52.79,2025-11-06T17:20:39Z
IPM,1.95,2025-11-06T20:33:41Z
IPO,46.18,2025-11-06T20:53:40Z
IPOD,10.18,2025-11-06T20:59:45Z
IPSC,0.5347,2025-11-06T20:59:45Z
IPST,8.54,2025-11-06T20:58:38Z
IPX,36.2,2025-11-06T20:18:36Z
IQ,2.155,2025-11-06T20:59:34Z
IQDF,29.09,2025-11-06T20:59:30Z
IQDG,39.5,2025-11-06T17:07:29Z
IQHI,26.42,2025-11-06T14:34:36Z
IQI,10,2025-11-06T20:59:24Z
IQLT,44.095,2025-11-06T20:59:53Z
IQM,89.54,2025-11-06T18:07:27Z
IQQQ,44.85,2025-11-06T20:48:52Z
IQST,5.62,2025-11-06T15:18:25Z
IQV,210.92,2025-11-06T20:59:53Z
IR,77.59,2025-11-06T20:59:50Z
IRBT,2.305,2025-11-06T20:59:53Z
IRD,2.03,2025-11-06T20:59:27Z
IRDM,16.885,2025-11-06T20:59:55Z
IRE,23.31,2025-11-06T20:59:54Z
IREN,67.175,2025-11-06T20:59:59Z
IREX,39.11,2025-11-06T20:56:16Z
IRIX,1.045,2025-11-06T20:58:17Z
IRM,100.86,2025-11-06T20:59:49Z
IRMD,85.01,2025-11-06T19:25:52Z
IRON,86.74,2025-11-06T20:59:41Z
IROQ,25.79,2025-11-06T15:48:49Z
IRS,14.45,2025-11-06T20:59:53Z
IRT,15.96,2025-11-06T20:59:58Z
IRTC,177.54,2025-11-06T20:59:45Z
IRWD,2.04,2025-11-06T20:59:59Z
ISBA,40.805,2025-11-06T14:30:57Z
ISCF,39.85,2025-11-06T20:58:32Z
ISCV,66.18,2025-11-06T14:32:00Z
ISD,14.48,2025-11-06T20:44:23Z
ISHG,75.1,2025-11-06T20:21:00Z
ISMD,37.75,2025-11-06T14:50:31Z
ISMF,26.79,2025-11-06T19:29:04Z
ISOU,8.12,2025-11-06T18:03:24Z
ISPO,2.52,2025-11-06T20:28:44Z
ISPR,1.64,2025-11-06T20:59:30Z
ISPY,45.23,2025-11-06T20:58:09Z
ISRA,55.93,2025-11-06T19:00:36Z
ISRG,547.9,2025-11-06T20:59:52Z
ISSC,8.84,2025-11-06T20:59:47Z
ISTB,48.725,2025-11-06T20:59:52Z
ISTR,23.53,2025-11-06T20:55:36Z
ISUL,35.44,2025-11-06T15:07:15Z
ISVL,44.34,2025-11-06T18:35:40Z
IT,226.39,2025-11-06T20:59:58Z
ITA,207.5,2025-11-06T20:59:54Z
ITAN,35.6,2025-11-06T19:06:07Z
ITB,97.77,2025-11-06T20:59:48Z
ITDB,33.075,2025-11-06T20:59:45Z
ITDC,34.13,2025-11-06T20:40:00Z
ITGR,66.755,2025-11-06T20:59:53Z
ITIC,275.735,2025-11-06T20:55:07Z
ITM,46.98,2025-11-06T20:59:59Z
ITOT,146.19,2025-11-06T20:59:59Z
ITP,0.278,2025-11-06T20:50:41Z
ITRG,2.67,2025-11-06T20:59:51Z
ITRI,105.92,2025-11-06T20:59:50Z
ITRM,0.5856,2025-11-06T20:55:00Z
ITRN,38.54,2025-11-06T20:58:20Z
ITT,185.33,2025-11-06T20:59:05Z
ITUB,7.495,2025-11-06T20:59:58Z
ITW,244.24,2025-11-06T20:59:49Z
IUSB,46.7,2025-11-06T20:59:55Z
IUSG,165.785,2025-11-06T20:59:46Z
IUSV,100.04,2025-11-06T20:59:51Z
IVA,4.2,2025-11-06T20:57:33Z
IVDA,0.8306,2025-11-06T17:23:24Z
IVE,206.94,2025-11-06T20:58:56Z
IVES,32.995,2025-11-06T20:59:46Z
IVF,0.4912,2025-11-06T20:39:34Z
IVLU,36.085,2025-11-06T20:55:38Z
IVOL,19.165,2025-11-06T20:59:50Z
IVOO,108.56,2025-11-06T20:59:46Z
IVP,0.81,2025-11-06T16:47:17Z
IVR,7.71,2025-11-06T20:59:51Z
IVR-C,24.72,2025-11-06T17:26:18Z
IVT,27.35,2025-11-06T20:59:53Z
IVV,673.53,2025-11-06T20:59:59Z
IVVB,33.06,2025-11-06T19:22:20Z
IVVD,1.54,2025-11-06T20:59:49Z
IVVW,46.02,2025-11-06T17:49:10Z
IVW,121.79,2025-11-06T20:59:59Z
IVZ,23.385,2025-11-06T20:59:58Z
IWB,366.85,2025-11-06T20:59:51Z
IWC,149.64,2025-11-06T18:34:16Z
IWD,203.065,2025-11-06T20:59:48Z
IWF,472.23,2025-11-06T20:59:56Z
IWL,168.15,2025-11-06T20:32:09Z
IWM,240.27,2025-11-06T20:59:55Z
IWMI,48.25,2025-11-06T20:28:31Z
IWMW,39.78,2025-11-06T17:23:40Z
IWMY,21.19,2025-11-06T19:32:36Z
IWN,174.57,2025-11-06T20:59:54Z
IWO,319.53,2025-11-06T20:59:43Z
IWP,137.81,2025-11-06T20:59:04Z
IWR,94.35,2025-11-06T20:59:56Z
IWS,136.99,2025-11-06T20:58:50Z
IWV,380.15,2025-11-06T20:55:59Z
IWX,88.49,2025-11-06T20:53:07Z
IWY,276.43,2025-11-06T20:55:18Z
IX,24.985,2025-11-06T16:35:15Z
IXC,41.7,2025-11-06T20:59:11Z
IXG,114.715,2025-11-06T20:54:26Z
IXHL,0.361,2025-11-06T20:47:43Z
IXJ,91.885,2025-11-06T20:58:54Z
IXN,105.82,2025-11-06T20:55:16Z
IXP,120.79,2025-11-06T20:52:09Z
IXUS,83.23,2025-11-06T20:59:58Z
IYC,101.51,2025-11-06T20:53:50Z
IYE,46.885,2025-11-06T20:59:48Z
IYF,122.78,2025-11-06T20:58:38Z
IYG,88.28,2025-11-06T20:34:19Z
IYH,61.34,2025-11-06T20:59:26Z
IYJ,144.49,2025-11-06T20:56:54Z
IYK,66.5,2025-11-06T20:59:48Z
IYLD,21.31,2025-11-06T15:37:03Z
IYM,140.52,2025-11-06T20:24:35Z
IYR,94.3,2025-11-06T20:59:57Z
IYT,71.03,2025-11-06T20:59:48Z
IYW,200.11,2025-11-06T20:59:58Z
IYY,163.52,2025-11-06T19:03:50Z
IYZ,32,2025-11-06T20:58:42Z
IZEA,4.96,2025-11-06T20:59:51Z
J,153.43,2025-11-06T20:59:50Z
JAAA,50.57,2025-11-06T20:59:44Z
JACK,15.92,2025-11-06T20:59:49Z
JAGX,1.68,2025-11-06T20:23:01Z
JAKK,16.81,2025-11-06T20:57:23Z
JAMF,12.87,2025-11-06T20:59:58Z
JANJ,24.86,2025-11-06T15:19:43Z
JANW,36.355,2025-11-06T20:33:20Z
JANX,28.67,2025-11-06T20:59:53Z
JANZ,38.22,2025-11-06T19:35:46Z
JAPN,27.035,2025-11-06T19:19:41Z
JAVA,69.15,2025-11-06T20:52:16Z
JAZZ,133.95,2025-11-06T20:59:24Z
JBBB,47.89,2025-11-06T20:59:52Z
JBGS,18.105,2025-11-06T20:59:54Z
JBHT,169.075,2025-11-06T20:59:50Z
JBI,6.9,2025-11-06T20:59:59Z
JBIO,8.895,2025-11-06T20:39:10Z
JBL,215.095,2025-11-06T20:59:43Z
JBLU,4.25,2025-11-06T20:59:59Z
JBND,54.17,2025-11-06T20:59:54Z
JBS,13.46,2025-11-06T20:59:59Z
JBSS,68.38,2025-11-06T20:19:48Z
JBTM,140.47,2025-11-06T20:59:51Z
JCAP,19.55,2025-11-06T20:54:32Z
JCE,15.78,2025-11-06T17:37:08Z
JCI,122.29,2025-11-06T20:59:59Z
JCPB,47.46,2025-11-06T20:59:59Z
JCPI,48.57,2025-11-06T20:50:32Z
JCTC,2.65,2025-11-06T20:30:16Z
JD,31.95,2025-11-06T20:59:50Z
JDST,4.72,2025-11-06T20:59:43Z
JDVI,34.125,2025-11-06T15:57:17Z
JEF,53.33,2025-11-06T20:59:54Z
JELD,2.58,2025-11-06T20:59:45Z
JEM,0.3175,2025-11-06T20:13:55Z
JEMB,54.02,2025-11-06T15:08:51Z
JENA^,0.23,2025-11-06T20:51:14Z
JEPI,56.22,2025-11-06T20:59:57Z
JEPQ,57.8,2025-11-06T20:59:58Z
JETD,6.69,2025-11-06T14:36:56Z
JETS,24.705,2025-11-06T20:59:54Z
JFBR,2.42,2025-11-06T17:42:17Z
JFIN,8.95,2025-11-06T15:37:52Z
JFLX,50.3,2025-11-06T20:31:24Z
JFR,7.945,2025-11-06T20:57:18Z
JFU,4.74,2025-11-06T14:55:31Z
JGH,12.73,2025-11-06T20:55:46Z
JGH^,0.0186,2025-11-06T20:58:05Z
JGLO,67.1,2025-11-06T20:59:55Z
JGRO,93.2,2025-11-06T20:59:50Z
JGRW,26.55,2025-11-06T18:35:14Z
JHAC,15.23,2025-11-06T16:30:36Z
JHCB,21.69,2025-11-06T19:44:04Z
JHEM,32.595,2025-11-06T20:59:25Z
JHG,43.27,2025-11-06T20:59:50Z
JHI,13.79,2025-11-06T16:53:24Z
JHMB,22.255,2025-11-06T20:55:29Z
JHMD,40.1,2025-11-06T17:32:11Z
JHML,78.44,2025-11-06T20:53:06Z
JHMM,63.87,2025-11-06T20:51:41Z
JHPI,22.99,2025-11-06T20:55:01Z
JHSC,41,2025-11-06T16:35:33Z
JHX,17.325,2025-11-06T20:59:58Z
JILL,14.68,2025-11-06T20:59:42Z
JIRE,74.11,2025-11-06T20:59:24Z
JIVE,76.815,2025-11-06T20:58:17Z
JJSF,83.7,2025-11-06T20:58:15Z
JKHY,163.095,2025-11-06T20:59:59Z
JKS,28.61,2025-11-06T20:59:47Z
JL,4.59,2025-11-06T17:31:31Z
JLL,287.985,2025-11-06T20:59:35Z
JLS,18.7,2025-11-06T20:53:42Z
JMBS,45.72,2025-11-06T20:59:59Z
JMEE,62.88,2025-11-06T18:53:48Z
JMIA,10.37,2025-11-06T20:59:55Z
JMOM,67.61,2025-11-06T20:58:00Z
JMSI,50.435,2025-11-06T20:59:46Z
JMST,50.895,2025-11-06T20:55:09Z
JMTG,51.08,2025-11-06T20:58:03Z
JMUB,50.67,2025-11-06T20:49:00Z
JNJ,186.96,2025-11-06T20:59:53Z
JNK,96.715,2025-11-06T20:59:51Z
JNUG,132.11,2025-11-06T18:30:59Z
JOB,0.1878,2025-11-06T20:59:48Z
JOBX,23.8,2025-11-06T19:54:23Z
JOBY,14.32,2025-11-06T20:59:59Z
JOBY+,4.93,2025-11-06T20:50:33Z
JOE,58.51,2025-11-06T20:59:25Z
JOF,10.27,2025-11-06T15:18:19Z
JOJO,15.48,2025-11-06T20:01:52Z
JOUT,39.165,2025-11-06T20:59:25Z
JOYY,59.5,2025-11-06T20:50:13Z
JPC,8.11,2025-11-06T20:59:18Z
JPEF,74.08,2025-11-06T20:59:47Z
JPEM,60.35,2025-11-06T20:37:29Z
JPHY,50.445,2025-11-06T20:33:08Z
JPIB,48.88,2025-11-06T20:59:59Z
JPIE,46.2,2025-11-06T20:59:47Z
JPLD,52.355,2025-11-06T20:59:58Z
JPM,313.53,2025-11-06T20:59:58Z
JPM-C,25.33,2025-11-06T20:57:36Z
JPM-D,25.04,2025-11-06T19:47:15Z
JPM-J,20.71,2025-11-06T17:01:50Z
JPM-K,19.74,2025-11-06T17:29:35Z
JPM-L,19.98,2025-11-06T18:02:30Z
JPM-M,18.72,2025-11-06T17:00:48Z
JPMB,40.39,2025-11-06T18:34:21Z
JPMO,16.495,2025-11-06T20:55:29Z
JPSE,49.47,2025-11-06T14:50:22Z
JPST,50.615,2025-11-06T20:59:53Z
JPX,21.42,2025-11-06T16:26:15Z
JQC,5.11,2025-11-06T20:33:51Z
JQUA,61.62,2025-11-06T20:58:59Z
JRI,13.735,2025-11-06T20:55:11Z
JRSH,3.25,2025-11-06T17:13:23Z
JRVR,5.3,2025-11-06T20:59:28Z
JSCP,47.495,2025-11-06T20:06:09Z
JSI,52.025,2025-11-06T20:52:05Z
JSM,18.95,2025-11-06T19:51:03Z
JSMD,82.485,2025-11-06T20:22:05Z
JSML,74.15,2025-11-06T15:09:50Z
JSPR,1.835,2025-11-06T20:53:12Z
JSTC,20.05,2025-11-06T16:56:38Z
JTAI,2.1,2025-11-06T20:59:35Z
JTEK,92.81,2025-11-06T20:44:58Z
JUCY,22.255,2025-11-06T20:52:12Z
JULB,25.16,2025-11-06T16:08:00Z
JULW,38.5,2025-11-06T15:33:18Z
JULZ,46.55,2025-11-06T18:31:46Z
JUNS,1.345,2025-11-06T18:15:59Z
JUST,94.94,2025-11-06T20:55:15Z
JVA,3.85,2025-11-06T20:55:48Z
JVAL,47.52,2025-11-06T17:53:36Z
JWEL,1.67,2025-11-06T14:51:16Z
JXI,80.39,2025-11-06T15:37:44Z
JXN,91.93,2025-11-06T20:59:46Z
JXN-A,26.38,2025-11-06T19:18:55Z
JYD,3.98,2025-11-06T20:57:15Z
JYNT,7.97,2025-11-06T20:58:56Z
JZXN,0.2645,2025-11-06T20:59:35Z
K,83.24,2025-11-06T20:59:59Z
KAI,267.795,2025-11-06T20:59:49Z
KALA,0.735,2025-11-06T20:50:20Z
KALU,92.165,2025-11-06T20:54:25Z
KALV,10.895,2025-11-06T20:59:54Z
KAPA,0.87,2025-11-06T19:28:32Z
KAR,24.95,2025-11-06T20:59:58Z
KARO,44.205,2025-11-06T16:50:34Z
KARS,30.675,2025-11-06T17:20:13Z
KAUG,25.96,2025-11-06T17:32:25Z
KB,86.205,2025-11-06T16:56:45Z
KBA,30.52,2025-11-06T20:59:39Z
KBAB,30.85,2025-11-06T20:30:11Z
KBDC,14.05,2025-11-06T20:58:15Z
KBE,56.7,2025-11-06T20:59:55Z
KBH,60.67,2025-11-06T20:59:54Z
KBR,41.7,2025-11-06T20:59:51Z
KBWB,77,2025-11-06T20:59:48Z
KBWD,13.525,2025-11-06T20:59:02Z
KBWY,15.09,2025-11-06T20:54:18Z
KC,11.73,2025-11-06T20:59:55Z
KCE,145.38,2025-11-06T20:42:15Z
KCHVR,0.28,2025-11-06T17:33:49Z
KD,26.52,2025-11-06T20:59:59Z
KDEC,25.29,2025-11-06T18:30:00Z
KDEF,44,2025-11-06T20:51:28Z
KDK,7.38,2025-11-06T20:59:43Z
KDKRW,1.71,2025-11-06T20:06:12Z
KDP,26.36,2025-11-06T20:59:59Z
KE,28.46,2025-11-06T20:53:39Z
KELYA,9.385,2025-11-06T20:59:45Z
KEMX,36.4,2025-11-06T19:05:33Z
KEP,15.915,2025-11-06T20:59:20Z
KEQU,40.53,2025-11-06T17:34:57Z
KEX,106.12,2025-11-06T20:59:43Z
KEY,17.595,2025-11-06T20:59:57Z
KEY-I,24.99,2025-11-06T20:20:19Z
KEY-L,25.28,2025-11-06T20:59:00Z
KEYS,185.095,2025-11-06T20:59:52Z
KFIIR,0.19,2025-11-06T19:15:31Z
KFRC,30.29,2025-11-06T20:59:31Z
KFS,14.615,2025-11-06T20:59:58Z
KFY,64.9,2025-11-06T20:59:35Z
KG,19.82,2025-11-06T17:05:29Z
KGC,23.75,2025-11-06T20:59:58Z
KGEI,4.09,2025-11-06T20:59:18Z
KGRN,30.655,2025-11-06T20:48:16Z
KGS,34,2025-11-06T20:59:59Z
KHC,23.73,2025-11-06T20:59:59Z
KHPI,25.8,2025-11-06T20:00:01Z
KIDS,16.405,2025-11-06T20:58:47Z
KIDZ,0.5686,2025-11-06T20:59:48Z
KIE,57.525,2025-11-06T20:59:35Z
KIM,20.255,2025-11-06T20:59:59Z
KIM-M,21.11,2025-11-06T16:27:24Z
KINS,14.805,2025-11-06T20:58:00Z
KIO,11.98,2025-11-06T20:39:23Z
KITT,1.41,2025-11-06T20:59:53Z
KJUL,30.94,2025-11-06T19:48:45Z
KKR,119.365,2025-11-06T20:59:57Z
KKR-D,49.06,2025-11-06T17:22:14Z
KKRS,18.04,2025-11-06T20:33:35Z
KKRT,25.91,2025-11-06T19:51:04Z
KLAC,1206.86,2025-11-06T20:59:58Z
KLAR,34.89,2025-11-06T20:59:59Z
KLC,5.25,2025-11-06T20:59:53Z
KLIC,38.41,2025-11-06T20:59:45Z
KLIP,32.41,2025-11-06T19:33:49Z
KLRS,4.64,2025-11-06T20:15:15Z
KLTO,0.4756,2025-11-06T20:51:34Z
KLTR,1.44,2025-11-06T20:56:37Z
KLXE,1.8,2025-11-06T20:55:51Z
KMB,100.73,2025-11-06T20:59:53Z
KMDA,6.72,2025-11-06T15:23:33Z
KMI,26.13,2025-11-06T20:59:59Z
KMLI,17.9,2025-11-06T17:41:38Z
KMLM,26.515,2025-11-06T17:16:35Z
KMPB,23.62,2025-11-06T20:34:03Z
KMPR,36.515,2025-11-06T20:59:50Z
KMT,26.08,2025-11-06T20:59:58Z
KMTS,26.015,2025-11-06T20:59:22Z
KMX,30.92,2025-11-06T20:59:47Z
KN,22.51,2025-11-06T20:59:53Z
KNDI,1.11,2025-11-06T20:31:28Z
KNF,71.1,2025-11-06T20:59:24Z
KNG,47.985,2025-11-06T20:59:49Z
KNGZ,34.93,2025-11-06T17:46:54Z
KNOP,9.9,2025-11-06T20:59:52Z
KNOV,27.94,2025-11-06T19:50:11Z
KNRX,1.71,2025-11-06T20:53:36Z
KNSA,38.655,2025-11-06T20:58:51Z
KNSL,393.03,2025-11-06T20:59:49Z
KNTK,34.3,2025-11-06T20:59:55Z
KNX,44.34,2025-11-06T20:59:53Z
KO,69.07,2025-11-06T20:59:57Z
KOD,16.89,2025-11-06T20:59:46Z
KODK,5.87,2025-11-06T20:59:49Z
KOF,88.4,2025-11-06T17:52:01Z
KOID,30.46,2025-11-06T18:11:49Z
KOLD,28.755,2025-11-06T20:59:58Z
KOMP,62.22,2025-11-06T20:57:05Z
KOOL,12.73,2025-11-06T15:20:41Z
KOP,27.795,2025-11-06T20:59:47Z
KOPN,2.86,2025-11-06T20:59:58Z
KORE,4.405,2025-11-06T20:55:21Z
KORP,47.42,2025-11-06T17:08:03Z
KORU,159.535,2025-11-06T20:50:01Z
KOS,1.415,2025-11-06T20:59:52Z
KOSS,4.46,2025-11-06T20:59:53Z
KPDD,27.83,2025-11-06T20:59:27Z
KPLT,10.075,2025-11-06T20:59:54Z
KPTI,5.27,2025-11-06T20:55:28Z
KR,63.465,2025-11-06T20:59:50Z
KRBN,33.7,2025-11-06T20:50:22Z
KRC,42.72,2025-11-06T20:59:53Z
KRE,60.17,2025-11-06T20:59:59Z
KREF,7.795,2025-11-06T20:59:47Z
KRG,22.005,2025-11-06T20:59:58Z
KRMD,3.96,2025-11-06T20:59:45Z
KRMN,75.065,2025-11-06T20:59:45Z
KRNT,13.15,2025-11-06T20:59:53Z
KRNY,6.36,2025-11-06T20:59:37Z
KRO,4.72,2025-11-06T20:59:53Z
KROS,16.175,2025-11-06T20:59:44Z
KRP,13.18,2025-11-06T20:59:55Z
KRRO,32.49,2025-11-06T20:55:43Z
KRSP=,10.85,2025-11-06T20:37:31Z
KRT,23.995,2025-11-06T20:59:50Z
KRUS,54.63,2025-11-06T20:59:35Z
KRYS,199.685,2025-11-06T20:59:54Z
KSA,39.3,2025-11-06T20:59:51Z
KSCP,4.2,2025-11-06T20:58:21Z
KSPI,71.79,2025-11-06T20:59:12Z
KSPY,28.72,2025-11-06T15:22:39Z
KSS,16.745,2025-11-06T20:59:59Z
KSTR,19.25,2025-11-06T14:59:48Z
KT,18.41,2025-11-06T20:59:52Z
KTB,72.37,2025-11-06T20:59:46Z
KTCC,2.89,2025-11-06T20:55:45Z
KTEC,17.46,2025-11-06T20:51:58Z
KTF,9.17,2025-11-06T20:59:18Z
KTOS,72.43,2025-11-06T20:59:59Z
KTTA,0.7206,2025-11-06T17:33:53Z
KULR,3.03,2025-11-06T20:59:49Z
KURA,10.165,2025-11-06T20:59:54Z
KURE,19.045,2025-11-06T19:26:47Z
KVHI,5.61,2025-11-06T20:57:01Z
KVUE,16.47,2025-11-06T20:59:59Z
KVYO,28.68,2025-11-06T20:59:57Z
KW,9.57,2025-11-06T20:59:56Z
KWEB,39.495,2025-11-06T20:59:53Z
KWIN,25.09,2025-11-06T14:36:49Z
KWM,1.69,2025-11-06T20:55:43Z
KWR,132.48,2025-11-06T20:54:38Z
KXI,63.54,2025-11-06T20:54:00Z
KXIN,1.795,2025-11-06T20:59:51Z
KYIV,13.1,2025-11-06T20:59:52Z
KYLD,24.07,2025-11-06T19:45:16Z
KYMR,60.99,2025-11-06T20:59:53Z
KYN,11.505,2025-11-06T20:55:45Z
KYTX,7.05,2025-11-06T20:59:34Z
KZIA,7.83,2025-11-06T18:10:03Z
KZR,6.1,2025-11-06T17:46:10Z
L,101.59,2025-11-06T20:59:41Z
LAB,1.12,2025-11-06T20:59:55Z
LABD,30.6,2025-11-06T20:58:02Z
LABU,118.95,2025-11-06T20:48:29Z
LABX,16.735,2025-11-06T20:59:08Z
LAC,4.54,2025-11-06T20:59:53Z
LAD,290.555,2025-11-06T20:59:46Z
LADR,10.5,2025-11-06T20:59:55Z
LAES,6.01,2025-11-06T20:59:57Z
LAKE,15.99,2025-11-06T20:59:06Z
LAMR,119.985,2025-11-06T20:59:26Z
LAND,9.33,2025-11-06T20:59:00Z
LANDM,24.8,2025-11-06T20:25:24Z
LANV,2.16,2025-11-06T14:34:54Z
LAR,3.73,2025-11-06T20:59:59Z
LARK,25.7,2025-11-06T20:30:17Z
LASE,3.315,2025-11-06T20:59:53Z
LASR,29.78,2025-11-06T20:59:58Z
LAUR,30.455,2025-11-06T20:59:48Z
LAW,6.89,2025-11-06T20:59:06Z
LAZ,49.57,2025-11-06T20:59:09Z
LAZR,1.15,2025-11-06T20:59:50Z
LB,66.535,2025-11-06T20:59:31Z
LBGJ,0.6536,2025-11-06T20:59:14Z
LBO,27.88,2025-11-06T16:50:02Z
LBRDA,49.87,2025-11-06T20:59:48Z
LBRDK,50.2,2025-11-06T20:59:37Z
LBRT,17.405,2025-11-06T20:59:58Z
LBRX,15.515,2025-11-06T20:58:46Z
LBTYA,10.65,2025-11-06T20:59:59Z
LBTYK,10.815,2025-11-06T20:59:56Z
LC,17.97,2025-11-06T20:59:54Z
LCAP,29.46,2025-11-06T15:54:55Z
LCDL,10.03,2025-11-06T18:35:32Z
LCFY,4.1,2025-11-06T15:31:43Z
LCG,32.93,2025-11-06T20:58:01Z
LCID,18,2025-11-06T20:59:59Z
LCII,108.005,2025-11-06T20:56:45Z
LCOW,23.16,2025-11-06T16:24:51Z
LCTD,53.46,2025-11-06T15:50:38Z
LCTX,1.725,2025-11-06T20:59:54Z
LDEM,59.04,2025-11-06T18:37:29Z
LDI,2.65,2025-11-06T20:59:58Z
LDOS,194.885,2025-11-06T20:59:45Z
LDP,21.78,2025-11-06T20:57:45Z
LDRH,25.03,2025-11-06T14:46:22Z
LDSF,19.12,2025-11-06T20:59:46Z
LDWY,4.74,2025-11-06T16:41:36Z
LE,15.89,2025-11-06T20:58:59Z
LEA,108.43,2025-11-06T20:59:50Z
LECO,227.28,2025-11-06T20:58:02Z
LEDS,2.91,2025-11-06T15:20:07Z
LEG,8.71,2025-11-06T20:59:54Z
LEGH,22.53,2025-11-06T20:50:37Z
LEGN,32.39,2025-11-06T20:59:52Z
LEGT+,0.71,2025-11-06T20:57:21Z
LEMB,41.5,2025-11-06T19:37:50Z
LEN,120.38,2025-11-06T20:59:50Z
LEN.B,113.515,2025-11-06T20:50:23Z
LENZ,23,2025-11-06T20:59:47Z
LEO,6.26,2025-11-06T20:54:25Z
LESL,3.07,2025-11-06T20:09:12Z
LEU,276.28,2025-11-06T20:59:56Z
LEVI,20,2025-11-06T20:59:55Z
LEXX,1.07,2025-11-06T20:59:44Z
LFCR,6.61,2025-11-06T20:59:45Z
LFGY,32.47,2025-11-06T20:44:49Z
LFMD,5.265,2025-11-06T20:59:58Z
LFMDP,23.99,2025-11-06T16:02:48Z
LFS,2.39,2025-11-06T14:59:48Z
LFST,6.255,2025-11-06T20:59:54Z
LFT,1.525,2025-11-06T20:58:16Z
LFUS,241.05,2025-11-06T20:59:25Z
LFVN,6.805,2025-11-06T20:57:20Z
LFWD,0.5358,2025-11-06T19:30:13Z
LGCB,1.67,2025-11-06T19:03:43Z
LGCL,2.775,2025-11-06T20:24:42Z
LGCY,8.3,2025-11-06T20:21:50Z
LGH,61.04,2025-11-06T16:00:06Z
LGHL,0.8442,2025-11-06T15:04:37Z
LGI,17.6,2025-11-06T16:10:16Z
LGIH,46.15,2025-11-06T20:59:35Z
LGN,36.52,2025-11-06T20:59:50Z
LGND,207.62,2025-11-06T20:57:59Z
LGO,1.115,2025-11-06T20:59:56Z
LGOV,21.99,2025-11-06T20:58:10Z
LGPS,1.14,2025-11-06T14:30:06Z
LGVN,0.77,2025-11-06T20:59:03Z
LH,246.58,2025-11-06T20:59:59Z
LHAI,10.925,2025-11-06T19:55:07Z
LHSW,2.01,2025-11-06T16:03:26Z
LHX,285.05,2025-11-06T20:59:57Z
LI,20.175,2025-11-06T20:59:59Z
LIDR,2.305,2025-11-06T20:59:55Z
LIEN,10.11,2025-11-06T20:59:27Z
LIF,91.605,2025-11-06T20:59:50Z
LIFT,29.63,2025-11-06T20:18:32Z
LII,491.17,2025-11-06T20:59:54Z
LILA,8.48,2025-11-06T20:59:49Z
LILAK,8.58,2025-11-06T20:59:59Z
LIMN,1.29,2025-11-06T20:59:51Z
LIN,415.29,2025-11-06T20:59:53Z
LINC,17.795,2025-11-06T20:59:06Z
LIND,12.01,2025-11-06T20:59:21Z
LINE,35.99,2025-11-06T20:59:17Z
LINK,4.955,2025-11-06T20:49:10Z
LION,7.04,2025-11-06T20:59:54Z
LIT,60.205,2025-11-06T20:59:38Z
LITE,239.09,2025-11-06T20:59:48Z
LITM,3.34,2025-11-06T20:59:32Z
LITS,1.835,2025-11-06T20:58:41Z
LIVE,13.93,2025-11-06T16:10:33Z
LIVN,49.58,2025-11-06T20:59:48Z
LIXT,4.29,2025-11-06T20:57:45Z
LKFN,57.345,2025-11-06T20:58:35Z
LKOR,43.06,2025-11-06T15:10:12Z
LKQ,30,2025-11-06T20:59:49Z
LKSP,9.94,2025-11-06T15:28:08Z
LKSPR,1.8,2025-11-06T19:43:14Z
LKSPU,10.15,2025-11-06T16:56:54Z
LLY,937.13,2025-11-06T20:59:48Z
LLYVA,81.415,2025-11-06T20:54:34Z
LLYVK,84.615,2025-11-06T20:59:42Z
LLYX,20.48,2025-11-06T20:58:52Z
LMAT,85.24,2025-11-06T20:26:40Z
LMB,81.69,2025-11-06T20:57:07Z
LMBO,36.24,2025-11-06T20:40:16Z
LMBS,49.915,2025-11-06T20:59:47Z
LMFA,1.055,2025-11-06T20:59:24Z
LMND,75.13,2025-11-06T20:59:47Z
LMNR,13.83,2025-11-06T20:55:43Z
LMNX,36.67,2025-11-06T20:24:28Z
LMT,468.96,2025-11-06T20:59:57Z
LNAI,1.01,2025-11-06T20:59:07Z
LNC,40.83,2025-11-06T20:59:53Z
LNC-D,27.385,2025-11-06T18:33:16Z
LND,3.705,2025-11-06T18:27:08Z
LNG,208.01,2025-11-06T20:59:35Z
LNKB,7.3,2025-11-06T20:27:51Z
LNN,111.84,2025-11-06T20:55:40Z
LNSR,11.42,2025-11-06T20:59:58Z
LNT,66.74,2025-11-06T20:59:50Z
LNTH,53.68,2025-11-06T20:59:50Z
LNW,79.7,2025-11-06T20:59:51Z
LOAN,4.89,2025-11-06T19:10:09Z
LOAR,74.93,2025-11-06T20:59:42Z
LOB,31.49,2025-11-06T20:59:13Z
LOB-A,25.47,2025-11-06T19:56:35Z
LOCO,10.37,2025-11-06T20:59:54Z
LODE,2.715,2025-11-06T20:59:43Z
LOGI,119.45,2025-11-06T20:59:27Z
LOKV,10.26,2025-11-06T15:53:17Z
LOMA,10.73,2025-11-06T20:59:54Z
LONZ,50.45,2025-11-06T20:59:59Z
LOOP,1.56,2025-11-06T20:43:02Z
LOPE,167.34,2025-11-06T20:58:25Z
LOT,1.63,2025-11-06T17:12:58Z
LOUP,79.3,2025-11-06T17:05:45Z
LOVE,13.09,2025-11-06T20:59:48Z
LOW,231.25,2025-11-06T20:59:55Z
LPA,2.74,2025-11-06T15:42:55Z
LPG,27.15,2025-11-06T20:59:55Z
LPL,4.765,2025-11-06T20:59:52Z
LPLA,372.58,2025-11-06T20:59:54Z
LPRO,1.61,2025-11-06T20:59:51Z
LPSN,5.39,2025-11-06T20:57:08Z
LPTH,7.63,2025-11-06T20:59:58Z
LPTX,0.4098,2025-11-06T20:59:35Z
LPX,77.195,2025-11-06T20:59:45Z
LQD,110.925,2025-11-06T20:59:58Z
LQDA,25.58,2025-11-06T20:59:46Z
LQDH,92.84,2025-11-06T15:30:00Z
LQDI,26.7,2025-11-06T20:54:42Z
LQDT,22.11,2025-11-06T20:59:28Z
LQDW,24.9,2025-11-06T20:59:45Z
LQTI,20.17,2025-11-06T20:35:59Z
LRCX,162.175,2025-11-06T20:59:56Z
LRGC,76.78,2025-11-06T19:14:23Z
LRGE,83.57,2025-11-06T19:43:59Z
LRGF,68.775,2025-11-06T20:59:17Z
LRGG,29.41,2025-11-06T20:36:33Z
LRHC,3.87,2025-11-06T18:19:40Z
LRMR,3.46,2025-11-06T20:59:49Z
LRN,70.55,2025-11-06T20:59:54Z
LRND,40.2,2025-11-06T17:02:26Z
LRNZ,50.39,2025-11-06T20:27:07Z
LSAK,4.03,2025-11-06T18:10:05Z
LSAT,39.82,2025-11-06T16:33:44Z
LSBK,13.96,2025-11-06T20:55:20Z
LSCC,62.49,2025-11-06T20:59:50Z
LSE,5.48,2025-11-06T20:54:10Z
LSF,4.1,2025-11-06T20:57:06Z
LSGR,44.08,2025-11-06T16:29:05Z
LSH,1.25,2025-11-06T15:41:46Z
LSPD,13.43,2025-11-06T20:59:53Z
LSTA,2.345,2025-11-06T20:56:42Z
LSTR,127.905,2025-11-06T20:59:59Z
LTBR,17.92,2025-11-06T20:59:46Z
LTC,35.43,2025-11-06T20:59:44Z
LTCC,21.5,2025-11-06T19:34:46Z
LTH,25.05,2025-11-06T20:59:53Z
LTM,43.61,2025-11-06T20:59:48Z
LTPZ,53.2,2025-11-06T19:34:26Z
LTRN,3.36,2025-11-06T20:59:57Z
LTRX,5.09,2025-11-06T20:59:17Z
LU,2.815,2025-11-06T20:59:54Z
LUCD,1.08,2025-11-06T20:59:56Z
LUCK,8.025,2025-11-06T20:55:57Z
LUCY,1.57,2025-11-06T20:32:08Z
LULU,163.56,2025-11-06T20:59:50Z
LUMN,10.95,2025-11-06T20:59:56Z
LUNG,1.83,2025-11-06T20:59:54Z
LUNR,9.545,2025-11-06T20:59:56Z
LUV,31.53,2025-11-06T20:59:59Z
LUXE,9.08,2025-11-06T20:59:18Z
LVHD,39.56,2025-11-06T19:31:44Z
LVHI,35.715,2025-11-06T20:59:46Z
LVLU,4.4,2025-11-06T14:34:54Z
LVO,5.21,2025-11-06T20:35:20Z
LVS,62.785,2025-11-06T20:59:47Z
LVWR,4.95,2025-11-06T18:19:56Z
LW,61.9,2025-11-06T20:59:49Z
LWAY,24.6,2025-11-06T20:55:10Z
LWLG,5.03,2025-11-06T20:59:58Z
LX,4.27,2025-11-06T20:59:56Z
LXEH,0.456,2025-11-06T18:03:16Z
LXEO,8.415,2025-11-06T20:59:51Z
LXFR,12.24,2025-11-06T20:55:57Z
LXP,9.48,2025-11-06T20:59:58Z
LXRX,1.42,2025-11-06T20:59:57Z
LXU,8.375,2025-11-06T20:59:46Z
LYB,42.35,2025-11-06T20:59:58Z
LYEL,17.495,2025-11-06T19:22:10Z
LYFT,21.25,2025-11-06T20:59:59Z
LYG,4.815,2025-11-06T20:59:57Z
LYRA,4.91,2025-11-06T18:28:14Z
LYTS,20.655,2025-11-06T20:58:54Z
LYV,137.765,2025-11-06T20:59:58Z
LZ,10.93,2025-11-06T20:59:55Z
LZB,31.17,2025-11-06T20:59:54Z
LZM,3.79,2025-11-06T20:58:25Z
LZMH,3.23,2025-11-06T20:51:05Z
M,20.37,2025-11-06T20:59:59Z
MA,553.2,2025-11-06T20:59:49Z
MAA,127.035,2025-11-06T20:59:54Z
MAC,17.38,2025-11-06T20:59:58Z
MAGH,1.43,2025-11-06T20:59:52Z
MAGN,8.7,2025-11-06T20:59:58Z
MAGS,66.15,2025-11-06T20:59:54Z
MAGY,55.91,2025-11-06T20:59:43Z
MAIA,1.085,2025-11-06T20:52:20Z
MAIN,57.16,2025-11-06T20:59:51Z
MAMA,10.67,2025-11-06T20:59:47Z
MAMK,9.95,2025-11-06T20:58:58Z
MAMO,2.99,2025-11-06T16:23:20Z
MAN,28.6,2025-11-06T20:59:30Z
MANH,175.38,2025-11-06T20:59:48Z
MANU,15.66,2025-11-06T20:58:01Z
MAPS,0.979,2025-11-06T20:59:56Z
MAR,281.16,2025-11-06T20:59:57Z
MARA,15.96,2025-11-06T20:59:59Z
MARO,14.46,2025-11-06T20:16:15Z
MARU,27.57,2025-11-06T15:16:05Z
MAS,62.09,2025-11-06T20:59:58Z
MASI,143.95,2025-11-06T20:59:57Z
MASK,0.5773,2025-11-06T20:20:04Z
MASS,7.82,2025-11-06T20:59:53Z
MAT,18.68,2025-11-06T20:59:56Z
MATH,2.625,2025-11-06T16:31:47Z
MATV,12.86,2025-11-06T20:59:55Z
MATW,23.26,2025-11-06T20:59:59Z
MATX,107.855,2025-11-06T20:59:39Z
MAX,12.7,2025-11-06T20:59:49Z
MAXI,21.75,2025-11-06T15:00:08Z
MAXJ,28.11,2025-11-06T16:56:54Z
MAXN,3.55,2025-11-06T17:35:18Z
MAZE,29.64,2025-11-06T20:59:51Z
MBAV,10.55,2025-11-06T20:30:10Z
MBB,95.29,2025-11-06T20:59:55Z
MBC,11.06,2025-11-06T20:59:59Z
MBI,7.31,2025-11-06T20:59:55Z
MBIN,31.42,2025-11-06T20:59:10Z
MBIO,1.22,2025-11-06T20:57:30Z
MBLY,12.57,2025-11-06T20:59:56Z
MBNKO,25.09,2025-11-06T17:57:19Z
MBOT,2.02,2025-11-06T20:59:54Z
MBRX,0.4654,2025-11-06T20:21:37Z
MBS,8.76,2025-11-06T16:15:12Z
MBSD,20.9,2025-11-06T19:00:32Z
MBSF,25.54,2025-11-06T20:52:00Z
MBUU,26.925,2025-11-06T20:59:11Z
MBWM,45.235,2025-11-06T20:59:51Z
MBX,24.74,2025-11-06T20:59:58Z
MC,62.92,2025-11-06T20:59:49Z
MCB,66.19,2025-11-06T15:37:29Z
MCBS,25.97,2025-11-06T20:56:27Z
MCD,298.44,2025-11-06T20:59:55Z
MCFT,20.21,2025-11-06T20:59:44Z
MCGA,10.32,2025-11-06T20:54:19Z
MCGAW,1.1,2025-11-06T17:31:04Z
MCHB,13.16,2025-11-06T20:59:45Z
MCHI,63.965,2025-11-06T20:59:46Z
MCHP,59.38,2025-11-06T20:59:57Z
MCK,858.22,2025-11-06T20:59:46Z
MCN,5.99,2025-11-06T16:08:43Z
MCO,481.72,2025-11-06T20:59:30Z
MCR,6.36,2025-11-06T19:03:14Z
MCRB,13.925,2025-11-06T20:59:53Z
MCRI,92.05,2025-11-06T20:52:18Z
MCRP,1.5,2025-11-06T20:59:12Z
MCS,15.1,2025-11-06T20:59:29Z
MCTA,20.97,2025-11-06T20:57:22Z
MCTR,0.95,2025-11-06T16:12:35Z
MCW,5.17,2025-11-06T20:59:55Z
MCY,82.06,2025-11-06T20:49:13Z
MD,21.81,2025-11-06T20:59:51Z
MDAI,1.945,2025-11-06T20:59:43Z
MDAIW,0.6177,2025-11-06T20:59:42Z
MDB,355.99,2025-11-06T20:59:54Z
MDBH,3.47,2025-11-06T16:02:07Z
MDCX,2.365,2025-11-06T14:51:05Z
MDGL,488.36,2025-11-06T20:59:55Z
MDIA,0.9499,2025-11-06T20:30:16Z
MDIV,15.725,2025-11-06T19:14:17Z
MDLZ,56.2,2025-11-06T20:59:54Z
MDST,25.37,2025-11-06T18:13:47Z
MDT,90.035,2025-11-06T20:59:54Z
MDU,20.64,2025-11-06T20:59:58Z
MDWD,18.05,2025-11-06T20:59:12Z
MDXG,7.33,2025-11-06T20:59:55Z
MDXH,4.66,2025-11-06T20:59:47Z
MDY,586.015,2025-11-06T20:59:50Z
MDYG,90.45,2025-11-06T20:59:19Z
MDYV,81.6,2025-11-06T20:51:23Z
MEAR,50.31,2025-11-06T20:59:50Z
MEC,16.715,2025-11-06T20:59:44Z
MED,11.825,2025-11-06T20:57:14Z
MEDI,29.99,2025-11-06T20:10:59Z
MEDP,592.22,2025-11-06T20:59:45Z
MEG,25.17,2025-11-06T20:59:52Z
MEGI,13.99,2025-11-06T20:59:56Z
MEHA,1.285,2025-11-06T20:58:05Z
MEI,6.49,2025-11-06T20:59:50Z
MELI,2127.02,2025-11-06T20:59:54Z
MEME,7.62,2025-11-06T19:51:13Z
MENS,39.02,2025-11-06T19:13:52Z
MEOH,36,2025-11-06T20:59:53Z
MER-K,25.905,2025-11-06T18:42:00Z
MERC,1.86,2025-11-06T20:59:59Z
MESO,14.915,2025-11-06T20:59:11Z
MET,75.97,2025-11-06T20:59:53Z
MET-E,24.22,2025-11-06T20:58:24Z
MET-F,20.71,2025-11-06T20:58:17Z
META,619.02,2025-11-06T20:59:58Z
METC,23.775,2025-11-06T20:59:54Z
METCB,15.4,2025-11-06T20:59:45Z
METD,17,2025-11-06T20:59:57Z
METU,29.2,2025-11-06T20:59:50Z
METV,19.77,2025-11-06T20:52:14Z
METW,35.455,2025-11-06T20:41:31Z
MEXX,22.335,2025-11-06T19:32:36Z
MFA,8.965,2025-11-06T20:59:54Z
MFA-C,23.855,2025-11-06T19:13:34Z
MFC,33.18,2025-11-06T20:59:52Z
MFG,6.7,2025-11-06T20:59:47Z
MFH,12.39,2025-11-06T20:59:57Z
MFIC,12.15,2025-11-06T20:59:59Z
MFICL,25.37,2025-11-06T19:41:39Z
MFIN,9.88,2025-11-06T20:56:43Z
MFM,5.38,2025-11-06T20:14:28Z
MFSB,25.275,2025-11-06T18:18:45Z
MFSG,28.29,2025-11-06T20:08:23Z
MFSI,29.46,2025-11-06T20:55:28Z
MFUL,22.05,2025-11-06T17:16:55Z
MFUT,15.49,2025-11-06T15:02:00Z
MG,11.635,2025-11-06T20:59:27Z
MGA,49.65,2025-11-06T20:59:56Z
MGC,246.775,2025-11-06T17:00:03Z
MGEE,83.56,2025-11-06T20:58:00Z
MGIC,21.77,2025-11-06T20:45:06Z
MGK,409.3,2025-11-06T20:59:48Z
MGM,31.72,2025-11-06T20:59:55Z
MGNI,14.86,2025-11-06T20:59:56Z
MGNX,1.36,2025-11-06T20:59:59Z
MGOV,20.6,2025-11-06T20:59:51Z
MGPI,24.81,2025-11-06T20:59:18Z
MGR,21.7,2025-11-06T20:49:23Z
MGRB,17.45,2025-11-06T17:02:34Z
MGRC,105.865,2025-11-06T20:59:24Z
MGRE,24.61,2025-11-06T20:33:46Z
MGRT,6.34,2025-11-06T17:10:56Z
MGRX,1.835,2025-11-06T20:56:55Z
MGTX,8.415,2025-11-06T20:59:16Z
MGV,136.735,2025-11-06T20:59:48Z
MGX,2.215,2025-11-06T20:59:50Z
MGY,21.405,2025-11-06T20:59:58Z
MGYR,16.73,2025-11-06T20:50:44Z
MH,11.24,2025-11-06T20:59:48Z
MHD,11.73,2025-11-06T20:57:03Z
MHF,6.94,2025-11-06T20:59:30Z
MHK,106.83,2025-11-06T20:59:49Z
MHN,10.29,2025-11-06T19:42:57Z
MHNC,17.76,2025-11-06T20:00:24Z
MHO,126.67,2025-11-06T20:59:32Z
MHUA,0.2208,2025-11-06T20:59:17Z
MIAX,47.125,2025-11-06T20:59:44Z
MIDD,120.15,2025-11-06T20:59:53Z
MIDU,47.61,2025-11-06T19:31:19Z
MIGI,1.06,2025-11-06T20:50:30Z
MIMI,0.9,2025-11-06T20:59:48Z
MIN,2.625,2025-11-06T17:10:23Z
MIND,12.355,2025-11-06T20:56:01Z
MINN,22.36,2025-11-06T14:58:51Z
MINO,45.57,2025-11-06T20:38:56Z
MINT,100.375,2025-11-06T20:58:44Z
MIR,27.555,2025-11-06T20:59:57Z
MIRA,1.435,2025-11-06T20:58:55Z
MIRM,67.545,2025-11-06T20:57:37Z
MIST,1.725,2025-11-06T20:59:54Z
MITK,9.235,2025-11-06T20:59:52Z
MITQ,0.891,2025-11-06T16:16:05Z
MITT,7.84,2025-11-06T20:59:50Z
MIY,11.59,2025-11-06T20:58:33Z
MJ,29.04,2025-11-06T20:33:17Z
MKC,64.04,2025-11-06T20:59:50Z
MKDW,0.1857,2025-11-06T20:59:11Z
MKL,2010.82,2025-11-06T20:59:26Z
MKLY,9.96,2025-11-06T20:40:05Z
MKOR,33.09,2025-11-06T16:53:09Z
MKSI,155.31,2025-11-06T20:59:51Z
MKTX,165.85,2025-11-06T20:59:28Z
MLAB,74.49,2025-11-06T20:59:51Z
MLAC,10.445,2025-11-06T20:01:58Z
MLCI,7.84,2025-11-06T20:01:37Z
MLCO,8.425,2025-11-06T20:59:56Z
MLGO,8.76,2025-11-06T20:59:57Z
MLI,106.51,2025-11-06T20:59:46Z
MLKN,14.54,2025-11-06T20:59:59Z
MLM,607.765,2025-11-06T20:59:49Z
MLN,17.645,2025-11-06T20:51:51Z
MLP,14.26,2025-11-06T19:31:17Z
MLPA,48.5,2025-11-06T20:59:58Z
MLPB,24.71,2025-11-06T19:45:53Z
MLPD,24.79,2025-11-06T20:47:57Z
MLPX,58.82,2025-11-06T20:59:48Z
MLR,38.52,2025-11-06T20:59:59Z
MLSS,0.371,2025-11-06T17:00:57Z
MLTX,10.28,2025-11-06T20:59:54Z
MLYS,37.045,2025-11-06T20:59:55Z
MMA,1.41,2025-11-06T20:55:39Z
MMC,176.51,2025-11-06T20:59:56Z
MMCA,21.84,2025-11-06T20:55:34Z
MMD,15.15,2025-11-06T14:40:53Z
MMI,29.435,2025-11-06T20:59:50Z
MMIN,24.03,2025-11-06T20:58:55Z
MMIT,24.355,2025-11-06T20:58:48Z
MMKT,100.27,2025-11-06T20:43:46Z
MMLP,2.61,2025-11-06T17:55:10Z
MMM,163.87,2025-11-06T20:59:54Z
MMS,83.02,2025-11-06T20:58:08Z
MMSI,86.42,2025-11-06T20:58:52Z
MMT,4.665,2025-11-06T20:54:02Z
MMU,10.32,2025-11-06T20:46:19Z
MMYT,78.54,2025-11-06T20:59:50Z
MNDY,180.41,2025-11-06T20:59:43Z
MNKD,5.7,2025-11-06T20:59:54Z
MNMD,11.33,2025-11-06T20:59:53Z
MNOV,1.475,2025-11-06T17:59:30Z
MNPR,82.3,2025-11-06T20:45:01Z
MNR,12.055,2025-11-06T20:59:33Z
MNRO,17.45,2025-11-06T20:59:54Z
MNSB,18.15,2025-11-06T20:59:03Z
MNSBP,24.54,2025-11-06T20:07:13Z
MNSO,20.66,2025-11-06T20:59:51Z
MNST,66.42,2025-11-06T20:59:59Z
MNTK,1.635,2025-11-06T20:59:30Z
MNTN,14.38,2025-11-06T20:59:52Z
MNTS,0.9659,2025-11-06T20:58:56Z
MNY,1.23,2025-11-06T20:56:25Z
MO,57.27,2025-11-06T20:59:59Z
MOAT,99.84,2025-11-06T20:59:59Z
MOB,6.07,2025-11-06T20:57:35Z
MOBX,0.6631,2025-11-06T20:42:24Z
MOD,148.805,2025-11-06T20:59:48Z
MODD,0.5101,2025-11-06T20:59:43Z
MODG,9.27,2025-11-06T20:59:56Z
MODL,46.88,2025-11-06T15:24:03Z
MOFG,39.16,2025-11-06T20:59:48Z
MOG.A,199.69,2025-11-06T20:56:51Z
MOGO,1.415,2025-11-06T20:58:46Z
MOH,147.1,2025-11-06T20:59:56Z
MOLN,4.64,2025-11-06T19:55:47Z
MOMO,6.71,2025-11-06T20:59:58Z
MOO,70.21,2025-11-06T20:15:13Z
MOOD,36.54,2025-11-06T20:59:50Z
MORN,211.66,2025-11-06T20:58:55Z
MORT,10.39,2025-11-06T20:59:46Z
MOS,24.92,2025-11-06T20:59:59Z
MOV,17.78,2025-11-06T20:59:30Z
MP,51.94,2025-11-06T20:59:50Z
MPA,11.345,2025-11-06T20:57:56Z
MPAA,17.25,2025-11-06T20:59:32Z
MPB,29,2025-11-06T20:36:38Z
MPC,192.74,2025-11-06T20:59:57Z
MPG,8.45,2025-11-06T15:02:18Z
MPL,7.54,2025-11-06T20:53:14Z
MPLT,15.995,2025-11-06T20:57:39Z
MPLX,51.53,2025-11-06T20:59:48Z
MPU,1.06,2025-11-06T20:48:23Z
MPV,19.45,2025-11-06T20:58:19Z
MPW,5.045,2025-11-06T20:59:51Z
MPWR,957.96,2025-11-06T20:59:50Z
MPX,8.7,2025-11-06T20:59:59Z
MQ,4.87,2025-11-06T20:59:53Z
MQQQ,186.53,2025-11-06T20:25:09Z
MQT,10.08,2025-11-06T20:37:50Z
MQY,11.53,2025-11-06T20:59:55Z
MRAL,16.075,2025-11-06T20:59:39Z
MRAM,8.73,2025-11-06T20:59:53Z
MRBK,14.54,2025-11-06T20:49:23Z
MRCC,6.6,2025-11-06T20:58:45Z
MRCY,75.33,2025-11-06T20:59:49Z
MREO,1.77,2025-11-06T20:59:53Z
MRK,85.795,2025-11-06T20:59:57Z
MRKR,0.88,2025-11-06T19:24:48Z
MRM,2,2025-11-06T20:49:55Z
MRNA,24.32,2025-11-06T20:59:59Z
MRNY,1.51,2025-11-06T20:59:43Z
MRP,31.24,2025-11-06T20:59:55Z
MRSK,35.95,2025-11-06T20:59:46Z
MRT,2.45,2025-11-06T20:59:50Z
MRTN,9.79,2025-11-06T20:59:55Z
MRUS,95.15,2025-11-06T20:59:51Z
MRVI,2.885,2025-11-06T20:59:58Z
MRVL,93.28,2025-11-06T20:59:59Z
MRX,32.065,2025-11-06T20:59:49Z
MS,163.435,2025-11-06T20:59:58Z
MS-A,20.78,2025-11-06T14:49:05Z
MS-E,25.515,2025-11-06T19:30:15Z
MS-I,25.26,2025-11-06T20:29:55Z
MS-K,24.44,2025-11-06T20:29:05Z
MS-L,21.04,2025-11-06T16:28:28Z
MS-O,18.04,2025-11-06T18:11:20Z
MS-P,25.54,2025-11-06T20:50:34Z
MSA,156.805,2025-11-06T20:50:00Z
MSAI,1.34,2025-11-06T20:59:57Z
MSB,34.61,2025-11-06T17:42:40Z
MSBI,15.97,2025-11-06T20:59:10Z
MSCI,580.34,2025-11-06T20:59:49Z
MSD,7.285,2025-11-06T20:59:28Z
MSDL,16.625,2025-11-06T20:59:53Z
MSEX,53.02,2025-11-06T19:59:59Z
MSFD,11.27,2025-11-06T20:59:16Z
MSFL,29.11,2025-11-06T20:55:13Z
MSFO,16.52,2025-11-06T20:52:25Z
MSFT,497.315,2025-11-06T20:59:59Z
MSFU,47.35,2025-11-06T20:59:49Z
MSFX,31.68,2025-11-06T20:59:50Z
MSFY,26.17,2025-11-06T16:38:31Z
MSGE,44.405,2025-11-06T20:59:03Z
MSGS,215.935,2025-11-06T20:57:37Z
MSGY,1.55,2025-11-06T14:30:03Z
MSI,388.855,2025-11-06T20:59:49Z
MSIF,11.93,2025-11-06T20:58:16Z
MSII,12.92,2025-11-06T20:55:00Z
MSLC,54.43,2025-11-06T20:59:48Z
MSM,85.51,2025-11-06T20:59:39Z
MSOS,3.895,2025-11-06T20:59:58Z
MSOX,4.825,2025-11-06T20:56:16Z
MSPR,0.4032,2025-11-06T20:58:47Z
MSPRW,0.0014,2025-11-06T18:12:06Z
MSS,0.5261,2025-11-06T20:59:55Z
MSSM,50.44,2025-11-06T20:59:45Z
MSSS,29.76,2025-11-06T17:35:53Z
MST,4.27,2025-11-06T20:59:58Z
MSTK,20.9,2025-11-06T17:22:12Z
MSTP,7.57,2025-11-06T16:27:05Z
MSTR,237.26,2025-11-06T20:59:59Z
MSTU,2.29,2025-11-06T20:59:50Z
MSTW,19.48,2025-11-06T20:55:06Z
MSTX,10.53,2025-11-06T20:59:08Z
MSTY,9.52,2025-11-06T20:59:50Z
MSTZ,8.37,2025-11-06T20:59:59Z
MT,37.86,2025-11-06T20:59:57Z
MTA,6.27,2025-11-06T20:59:57Z
MTB,183.24,2025-11-06T20:59:45Z
MTB-K,24.88,2025-11-06T20:59:56Z
MTBA,50.46,2025-11-06T20:59:23Z
MTC,2.765,2025-11-06T20:59:53Z
MTCH,32.65,2025-11-06T20:59:56Z
MTD,1439.935,2025-11-06T20:59:51Z
MTDR,37.915,2025-11-06T20:59:55Z
MTEN,2.33,2025-11-06T19:30:39Z
MTEX,9.255,2025-11-06T15:06:08Z
MTG,27.64,2025-11-06T20:59:55Z
MTGP,44.715,2025-11-06T20:57:42Z
MTH,65.38,2025-11-06T20:59:38Z
MTLS,5.85,2025-11-06T20:59:23Z
MTN,144.35,2025-11-06T20:59:48Z
MTNB,1.23,2025-11-06T20:11:51Z
MTR,4.5,2025-11-06T15:22:05Z
MTRN,115.295,2025-11-06T20:58:06Z
MTRX,12.65,2025-11-06T20:59:19Z
MTSI,167.03,2025-11-06T20:59:57Z
MTSR,81.58,2025-11-06T20:59:56Z
MTUM,246.88,2025-11-06T20:59:57Z
MTUS,17.24,2025-11-06T20:59:47Z
MTVA,0.8264,2025-11-06T20:47:43Z
MTW,11.24,2025-11-06T20:59:24Z
MTX,55.45,2025-11-06T20:58:52Z
MTZ,196.6,2025-11-06T20:59:52Z
MU,238.39,2025-11-06T20:59:59Z
MUA,10.785,2025-11-06T20:04:13Z
MUB,107.25,2025-11-06T20:59:58Z
MUC,10.8,2025-11-06T20:58:06Z
MUD,7.465,2025-11-06T20:59:45Z
MUE,10.07,2025-11-06T20:55:23Z
MUFG,15.09,2025-11-06T20:59:58Z
MUJ,11.81,2025-11-06T18:53:58Z
MULL,68.875,2025-11-06T20:50:46Z
MUNI,52.515,2025-11-06T20:59:54Z
MUNY,103.42,2025-11-06T19:48:16Z
MUR,27.98,2025-11-06T20:59:58Z
MURA,2.09,2025-11-06T20:59:56Z
MUSA,356.78,2025-11-06T20:59:57Z
MUST,20.63,2025-11-06T20:46:41Z
MUU,79.86,2025-11-06T20:58:14Z
MUX,15.66,2025-11-06T20:59:55Z
MVF,6.955,2025-11-06T20:52:11Z
MVIS,1.04,2025-11-06T20:57:50Z
MVLL,27.83,2025-11-06T20:59:14Z
MVO,4.47,2025-11-06T20:24:02Z
MVPA,32.2,2025-11-06T18:52:12Z
MVST,4.81,2025-11-06T20:59:53Z
MVT,10.75,2025-11-06T20:58:22Z
MVV,66.21,2025-11-06T20:58:26Z
MWA,25.01,2025-11-06T20:59:59Z
MWG,0.2701,2025-11-06T15:35:06Z
MX,2.405,2025-11-06T20:59:13Z
MXCT,1.475,2025-11-06T20:59:34Z
MXF,19.255,2025-11-06T20:35:58Z
MXL,14.805,2025-11-06T20:59:56Z
MYD,10.58,2025-11-06T20:12:06Z
MYE,17.515,2025-11-06T20:59:56Z
MYFW,22.74,2025-11-06T20:33:04Z
MYGN,6.32,2025-11-06T20:59:59Z
MYI,11.03,2025-11-06T20:57:07Z
MYN,9.98,2025-11-06T20:47:08Z
MYNZ,1.36,2025-11-06T16:14:08Z
MYO,0.8107,2025-11-06T20:54:21Z
MYPS,0.7671,2025-11-06T20:56:05Z
MYRG,233.4,2025-11-06T20:59:09Z
MYSE,2.25,2025-11-06T19:06:56Z
MZTI,172.55,2025-11-06T20:54:48Z
NA,4.18,2025-11-06T20:59:44Z
NABL,8.52,2025-11-06T20:59:55Z
NAC,11.95,2025-11-06T20:58:41Z
NAD,11.89,2025-11-06T20:59:39Z
NAGE,6.595,2025-11-06T20:59:54Z
NAIL,54.11,2025-11-06T20:59:48Z
NAK,1.725,2025-11-06T20:59:59Z
NAKA,0.7272,2025-11-06T20:59:51Z
NAMI,0.811,2025-11-06T15:36:38Z
NAMM,1.56,2025-11-06T20:55:18Z
NAMS,36.99,2025-11-06T20:59:15Z
NANR,62.54,2025-11-06T19:00:15Z
NAOV,4.83,2025-11-06T15:18:03Z
NAPR,52.83,2025-11-06T18:06:33Z
NAT,3.585,2025-11-06T20:59:51Z
NATH,105.83,2025-11-06T16:38:35Z
NATL,35.03,2025-11-06T20:59:47Z
NATO,37.41,2025-11-06T16:00:35Z
NATR,13.68,2025-11-06T20:59:41Z
NAUG,29.06,2025-11-06T17:54:44Z
NAUT,1.525,2025-11-06T20:58:20Z
NAVI,11.675,2025-11-06T20:59:36Z
NAVN,17.84,2025-11-06T20:59:47Z
NAZ,11.86,2025-11-06T19:33:32Z
NB,5.9,2025-11-06T20:59:58Z
NBB,16.38,2025-11-06T20:55:00Z
NBBK,18.175,2025-11-06T20:59:20Z
NBCR,31.13,2025-11-06T20:39:38Z
NBDS,37.125,2025-11-06T14:51:20Z
NBH,10.25,2025-11-06T20:59:05Z
NBHC,35.86,2025-11-06T20:59:51Z
NBIG,13.03,2025-11-06T19:29:46Z
NBIL,17.39,2025-11-06T20:48:26Z
NBIS,109.4,2025-11-06T20:59:59Z
NBIX,154.74,2025-11-06T20:59:30Z
NBN,84.2,2025-11-06T20:57:48Z
NBOS,27.035,2025-11-06T20:58:19Z
NBP,4.195,2025-11-06T20:59:55Z
NBR,51.56,2025-11-06T20:59:55Z
NBSD,51.145,2025-11-06T20:55:29Z
NBSM,24.85,2025-11-06T20:45:42Z
NBTB,40.735,2025-11-06T20:56:44Z
NBTX,19.7,2025-11-06T20:27:06Z
NBXG,14.9,2025-11-06T20:59:34Z
NBY,1.085,2025-11-06T19:35:05Z
NCA,9.09,2025-11-06T19:47:54Z
NCDL,14.11,2025-11-06T20:57:41Z
NCEL,4.325,2025-11-06T16:12:05Z
NCEW,0.5049,2025-11-06T20:56:34Z
NCIQ,26.545,2025-11-06T15:43:16Z
NCL,0.51,2025-11-06T19:56:29Z
NCLH,18.24,2025-11-06T20:59:59Z
NCLO,25.05,2025-11-06T20:53:11Z
NCMI,4.135,2025-11-06T20:59:58Z
NCNO,25.495,2025-11-06T20:59:47Z
NCPL,1.865,2025-11-06T19:21:47Z
NCRA,1.115,2025-11-06T20:39:40Z
NCT,0.9,2025-11-06T20:56:39Z
NCTY,8.055,2025-11-06T20:55:55Z
NCV,15.56,2025-11-06T20:57:38Z
NCZ,14,2025-11-06T20:52:57Z
NDAQ,86.21,2025-11-06T20:59:59Z
NDIV,26.28,2025-11-06T20:44:44Z
NDLS,0.7334,2025-11-06T20:59:46Z
NDMO,10.56,2025-11-06T20:55:46Z
NDRA,5.86,2025-11-06T20:24:06Z
NDSN,230.74,2025-11-06T20:55:13Z
NE,28.785,2025-11-06T20:59:50Z
NEA,11.59,2025-11-06T20:56:30Z
NEAR,51.135,2025-11-06T20:51:54Z
NEBX,57.565,2025-11-06T19:39:37Z
NEE,82,2025-11-06T20:59:54Z
NEE-N,24.21,2025-11-06T20:50:34Z
NEE-T,49.68,2025-11-06T17:27:56Z
NEE-U,25.83,2025-11-06T20:58:58Z
NEGG,85.68,2025-11-06T20:53:25Z
NELS,25.48,2025-11-06T20:58:00Z
NEM,82.5,2025-11-06T20:59:55Z
NEO,10.42,2025-11-06T20:59:59Z
NEOG,5.99,2025-11-06T20:59:58Z
NEON,2.315,2025-11-06T20:58:04Z
NEOV,4,2025-11-06T20:59:48Z
NERV,3.68,2025-11-06T20:59:41Z
NESR,12.425,2025-11-06T20:58:56Z
NET,226,2025-11-06T20:59:47Z
NETL,23.87,2025-11-06T14:39:50Z
NEU,763.56,2025-11-06T20:59:11Z
NEUP,4.3,2025-11-06T20:53:06Z
NEWP,2.085,2025-11-06T20:59:46Z
NEWT,10.2,2025-11-06T20:57:48Z
NEXA,5.25,2025-11-06T20:57:30Z
NEXM,3.75,2025-11-06T20:48:43Z
NEXN,7.75,2025-11-06T20:59:53Z
NEXT,5.89,2025-11-06T20:59:56Z
NFBK,9.975,2025-11-06T20:59:43Z
NFE,1.4,2025-11-06T20:59:56Z
NFEB,27.4,2025-11-06T20:31:52Z
NFG,77.995,2025-11-06T20:59:58Z
NFGC,1.915,2025-11-06T20:59:31Z
NFJ,12.85,2025-11-06T17:28:35Z
NFLT,23.1,2025-11-06T20:54:41Z
NFLU,45.25,2025-11-06T19:08:41Z
NFLW,35.42,2025-11-06T15:39:08Z
NFLX,1097.18,2025-11-06T20:59:59Z
NFLY,14.5,2025-11-06T20:59:54Z
NFRA,62.09,2025-11-06T16:44:58Z
NFTY,58.28,2025-11-06T15:29:41Z
NFXL,45.56,2025-11-06T20:59:56Z
NFXS,14.99,2025-11-06T20:56:42Z
NG,7.83,2025-11-06T20:59:59Z
NGD,6.91,2025-11-06T20:59:59Z
NGG,76.34,2025-11-06T20:59:50Z
NGL,9.16,2025-11-06T20:59:22Z
NGNE,26.55,2025-11-06T20:51:09Z
NGS,28.88,2025-11-06T20:57:00Z
NGVC,31.23,2025-11-06T20:59:43Z
NGVT,46.125,2025-11-06T20:59:09Z
NHC,127.06,2025-11-06T19:07:53Z
NHI,75.21,2025-11-06T20:59:46Z
NHS,7.44,2025-11-06T20:59:00Z
NHTC,2.42,2025-11-06T20:39:33Z
NI,42.78,2025-11-06T20:59:55Z
NIC,124.275,2025-11-06T20:58:58Z
NICE,126.255,2025-11-06T20:59:24Z
NIE,25.5,2025-11-06T20:57:54Z
NIKL,13.365,2025-11-06T20:59:14Z
NINE,0.5006,2025-11-06T20:36:04Z
NIO,7.155,2025-11-06T20:59:56Z
NIOBW,2.04,2025-11-06T14:35:57Z
NIPG,1.52,2025-11-06T17:37:56Z
NIQ,12.005,2025-11-06T20:59:53Z
NISN,3.83,2025-11-06T20:01:32Z
NIU,3.92,2025-11-06T20:59:50Z
NIVF,0.5589,2025-11-06T20:55:15Z
NIXX,1.5,2025-11-06T20:59:49Z
NJR,45.19,2025-11-06T20:59:52Z
NJUL,71.44,2025-11-06T17:55:25Z
NKE,61.92,2025-11-06T20:59:55Z
NKLR,6.27,2025-11-06T20:59:54Z
NKSH,29.37,2025-11-06T19:49:27Z
NKTR,54.97,2025-11-06T20:59:45Z
NKTX,1.95,2025-11-06T20:59:58Z
NKX,12.875,2025-11-06T20:15:14Z
NLOP,29.38,2025-11-06T18:02:21Z
NLR,135.42,2025-11-06T20:58:54Z
NLY,21.605,2025-11-06T20:59:55Z
NLY-J,26.01,2025-11-06T16:59:25Z
NMAI,13.195,2025-11-06T20:51:59Z
NMAX,8.84,2025-11-06T20:59:51Z
NMAY,27.34,2025-11-06T18:30:48Z
NMCO,10.9,2025-11-06T20:56:51Z
NMFC,9.575,2025-11-06T20:59:55Z
NMG,2.6,2025-11-06T20:59:53Z
NMI,10.06,2025-11-06T15:57:15Z
NMIH,36.05,2025-11-06T20:59:52Z
NML,8.33,2025-11-06T20:59:46Z
NMP,10.01,2025-11-06T20:15:14Z
NMPAU,10.19,2025-11-06T16:10:10Z
NMR,7.065,2025-11-06T20:59:53Z
NMRA,2.555,2025-11-06T20:59:45Z
NMRK,17.08,2025-11-06T20:59:53Z
NMZ,10.6,2025-11-06T20:33:38Z
NN,11.835,2025-11-06T20:59:58Z
NNAVW,4.41,2025-11-06T20:54:26Z
NNBR,1.685,2025-11-06T20:59:41Z
NNDM,1.535,2025-11-06T20:58:40Z
NNE,38.455,2025-11-06T20:59:48Z
NNI,128.8,2025-11-06T16:50:28Z
NNN,39.635,2025-11-06T20:59:48Z
NNNN,14.06,2025-11-06T18:29:20Z
NNOV,28.52,2025-11-06T19:49:53Z
NNOX,3.155,2025-11-06T20:59:46Z
NNVC,2.01,2025-11-06T16:30:55Z
NNY,8.53,2025-11-06T20:56:02Z
NOA,14.02,2025-11-06T20:52:25Z
NOAH,11.135,2025-11-06T20:58:16Z
NOBL,100.86,2025-11-06T20:59:51Z
NOC,571.99,2025-11-06T20:59:59Z
NOCT,57.09,2025-11-06T20:59:47Z
NODE,43.01,2025-11-06T16:34:29Z
NODK,13.23,2025-11-06T15:21:55Z
NOG,20.48,2025-11-06T20:59:58Z
NOK,6.91,2025-11-06T20:59:58Z
NOMA,7.995,2025-11-06T16:32:46Z
NOMD,12.02,2025-11-06T20:59:59Z
NORW,28.37,2025-11-06T19:03:16Z
NOTE,2.99,2025-11-06T20:58:22Z
NOTV,1.165,2025-11-06T20:59:48Z
NOV,15.38,2025-11-06T20:59:58Z
NOVP,29.96,2025-11-06T20:09:55Z
NOVT,107.185,2025-11-06T20:59:53Z
NOW,858.21,2025-11-06T20:59:56Z
NP,25.295,2025-11-06T20:59:31Z
NPB,15.78,2025-11-06T20:59:56Z
NPCE,12.77,2025-11-06T20:59:51Z
NPCT,10.72,2025-11-06T19:50:16Z
NPFD,19.87,2025-11-06T20:13:59Z
NPK,107.5,2025-11-06T20:54:12Z
NPKI,12.69,2025-11-06T20:59:58Z
NPO,212.86,2025-11-06T20:56:56Z
NPT,4.21,2025-11-06T17:17:53Z
NPWR,3.33,2025-11-06T20:59:55Z
NQP,12.05,2025-11-06T19:00:54Z
NRC,14.31,2025-11-06T20:59:49Z
NRDS,11.97,2025-11-06T20:59:50Z
NRDY,0.952,2025-11-06T20:59:58Z
NREF,13.26,2025-11-06T20:06:52Z
NREF-A,24.57,2025-11-06T14:32:20Z
NRG,170.005,2025-11-06T20:59:58Z
NRGU,18.23,2025-11-06T14:48:39Z
NRGV,3.55,2025-11-06T20:59:55Z
NRIM,22.605,2025-11-06T20:59:19Z
NRIX,12.5,2025-11-06T20:59:59Z
NRK,10.145,2025-11-06T20:51:19Z
NRO,3.19,2025-11-06T14:53:32Z
NRSN,1.01,2025-11-06T20:56:22Z
NRT,6.36,2025-11-06T20:59:48Z
NRXP,2.67,2025-11-06T20:59:57Z
NRXS,2.56,2025-11-06T20:56:21Z
NSA,30.01,2025-11-06T20:59:54Z
NSA-A,22.55,2025-11-06T18:20:14Z
NSA-B,21.81,2025-11-06T18:20:51Z
NSC,282.06,2025-11-06T20:59:58Z
NSIT,91.34,2025-11-06T20:57:58Z
NSP,34.02,2025-11-06T20:59:45Z
NSPR,1.965,2025-11-06T19:04:43Z
NSSC,42.87,2025-11-06T20:59:53Z
NTAP,113.62,2025-11-06T20:59:37Z
NTB,45.76,2025-11-06T20:57:38Z
NTCL,1.115,2025-11-06T16:32:56Z
NTCT,29.25,2025-11-06T20:59:33Z
NTES,139.28,2025-11-06T20:59:39Z
NTGR,29.18,2025-11-06T20:59:53Z
NTHI,10.015,2025-11-06T20:59:00Z
NTIP,1.47,2025-11-06T20:51:31Z
NTLA,12.31,2025-11-06T20:59:56Z
NTNX,68.755,2025-11-06T20:59:48Z
NTR,55.595,2025-11-06T20:59:49Z
NTRA,198.25,2025-11-06T20:59:58Z
NTRS,128.275,2025-11-06T20:59:55Z
NTRSO,19.84,2025-11-06T20:04:58Z
NTSI,43.27,2025-11-06T17:00:02Z
NTSK,21.77,2025-11-06T20:59:46Z
NTST,18.19,2025-11-06T20:59:53Z
NTWK,4,2025-11-06T19:45:46Z
NTZ,2.75,2025-11-06T20:40:20Z
NU,15.95,2025-11-06T20:59:58Z
NUAG,21.26,2025-11-06T19:38:08Z
NUAI,6.015,2025-11-06T20:59:36Z
NUAIW,2.5,2025-11-06T20:58:49Z
NUBD,22.455,2025-11-06T20:50:53Z
NUDM,37.72,2025-11-06T20:59:50Z
NUE,144.54,2025-11-06T20:59:26Z
NUEM,36.62,2025-11-06T20:55:10Z
NUGT,127.76,2025-11-06T20:59:48Z
NUHY,21.52,2025-11-06T20:56:26Z
NUKK,6.21,2025-11-06T20:59:50Z
NUKZ,68.145,2025-11-06T20:52:05Z
NULC,51.72,2025-11-06T20:59:45Z
NULG,97.32,2025-11-06T17:34:29Z
NULV,44.29,2025-11-06T15:56:50Z
NUMG,47.5,2025-11-06T15:39:47Z
NUMI,25.18,2025-11-06T20:00:51Z
NUS,10.84,2025-11-06T20:59:57Z
NUSA,23.41,2025-11-06T19:03:50Z
NUSC,43.75,2025-11-06T17:53:09Z
NUTX,125.65,2025-11-06T16:39:56Z
NUV,9.09,2025-11-06T20:59:20Z
NUVB,5.02,2025-11-06T20:59:58Z
NUVL,95.78,2025-11-06T20:59:54Z
NUW,14.32,2025-11-06T20:10:52Z
NUWE,2.77,2025-11-06T20:42:08Z
NVA,6.885,2025-11-06T20:56:09Z
NVAX,7.58,2025-11-06T20:59:58Z
NVBT,36.35,2025-11-06T14:41:40Z
NVBW,33.34,2025-11-06T20:59:57Z
NVCR,11.285,2025-11-06T20:59:50Z
NVCT,5.68,2025-11-06T20:59:34Z
NVD,8.25,2025-11-06T20:59:52Z
NVDA,188.14,2025-11-06T20:59:58Z
NVDB,32.47,2025-11-06T14:49:35Z
NVDD,38.565,2025-11-06T20:59:58Z
NVDG,19.76,2025-11-06T20:54:10Z
NVDL,92.54,2025-11-06T20:59:54Z
NVDQ,17.45,2025-11-06T20:54:10Z
NVDS,32.2,2025-11-06T20:59:45Z
NVDU,129.56,2025-11-06T20:59:48Z
NVDW,46.01,2025-11-06T20:58:43Z
NVDX,18.83,2025-11-06T20:59:58Z
NVDY,15.33,2025-11-06T20:59:42Z
NVEC,64.805,2025-11-06T20:01:23Z
NVFY,5.5,2025-11-06T20:58:49Z
NVG,12.525,2025-11-06T20:59:42Z
NVGS,17.47,2025-11-06T20:59:58Z
NVII,30.34,2025-11-06T20:48:30Z
NVMI,314.065,2025-11-06T20:59:50Z
NVNI,3.18,2025-11-06T19:02:28Z
NVO,46.5,2025-11-06T20:59:58Z
NVOX,2.405,2025-11-06T20:59:45Z
NVR,7204.64,2025-11-06T20:51:41Z
NVRI,12.265,2025-11-06T20:59:49Z
NVS,126.64,2025-11-06T20:59:48Z
NVST,19.475,2025-11-06T20:59:57Z
NVT,109.9,2025-11-06T20:59:37Z
NVTS,8.835,2025-11-06T20:59:58Z
NVTX,44.04,2025-11-06T17:05:20Z
NVVE,0.1907,2025-11-06T20:59:33Z
NVX,1.2,2025-11-06T20:59:59Z
NVYY,22.42,2025-11-06T19:45:31Z
NWBI,11.62,2025-11-06T20:59:59Z
NWE,63.215,2025-11-06T20:59:47Z
NWFL,26.67,2025-11-06T15:50:10Z
NWG,15.855,2025-11-06T20:59:42Z
NWL,3.11,2025-11-06T20:59:56Z
NWN,46.65,2025-11-06T20:59:41Z
NWPX,60.65,2025-11-06T20:58:11Z
NWS,28.435,2025-11-06T20:59:37Z
NWSA,25.05,2025-11-06T20:59:59Z
NWTG,1.34,2025-11-06T20:56:35Z
NX,12.985,2025-11-06T20:59:28Z
NXC,13.385,2025-11-06T20:55:10Z
NXDR,1.68,2025-11-06T20:59:58Z
NXDT,2.895,2025-11-06T20:59:57Z
NXE,8.125,2025-11-06T20:59:52Z
NXG,49.73,2025-11-06T18:54:30Z
NXGL,2.6,2025-11-06T14:42:57Z
NXJ,12.72,2025-11-06T19:39:13Z
NXL,1.24,2025-11-06T20:59:56Z
NXN,12.13,2025-11-06T17:34:33Z
NXP,14.37,2025-11-06T20:38:08Z
NXPI,206.475,2025-11-06T20:59:56Z
NXPL,0.7706,2025-11-06T17:32:57Z
NXRT,30.69,2025-11-06T20:57:14Z
NXST,190.19,2025-11-06T20:56:55Z
NXT,106.55,2025-11-06T20:59:55Z
NXTC,9.53,2025-11-06T16:58:22Z
NXTG,106.9,2025-11-06T17:05:53Z
NXXT,1.53,2025-11-06T20:58:59Z
NYAX,40,2025-11-06T14:45:34Z
NYF,53.605,2025-11-06T20:28:30Z
NYT,60,2025-11-06T20:59:57Z
NZF,12.61,2025-11-06T20:59:46Z
O,56.34,2025-11-06T20:59:59Z
OABI,1.385,2025-11-06T20:59:39Z
OACP,23.06,2025-11-06T20:07:05Z
OAIM,39.76,2025-11-06T20:07:43Z
OAK-A,21.69,2025-11-06T20:52:57Z
OAKM,26.39,2025-11-06T20:37:38Z
OARK,8.19,2025-11-06T20:59:58Z
OBAWW,0.25,2025-11-06T14:35:40Z
OBDC,12.1,2025-11-06T20:59:59Z
OBE,5.665,2025-11-06T20:59:55Z
OBIL,50.175,2025-11-06T20:55:23Z
OBIO,3.8,2025-11-06T20:59:52Z
OBK,35.1,2025-11-06T20:59:43Z
OBLG,2.53,2025-11-06T20:51:01Z
OBOR,25.49,2025-11-06T16:56:50Z
OBT,25.69,2025-11-06T20:50:05Z
OC,104.94,2025-11-06T20:59:58Z
OCC,7.745,2025-11-06T20:51:21Z
OCCI,4.79,2025-11-06T20:44:51Z
OCFC,18.14,2025-11-06T20:59:42Z
OCG,2.29,2025-11-06T17:08:44Z
OCGN,1.38,2025-11-06T20:59:51Z
OCS,19.405,2025-11-06T20:58:35Z
OCSL,13.505,2025-11-06T20:59:53Z
OCTB,25.11,2025-11-06T16:07:26Z
OCTH,23.96,2025-11-06T19:58:19Z
OCTM,32.38,2025-11-06T20:24:30Z
OCTT,42.675,2025-11-06T16:53:09Z
OCTW,38.41,2025-11-06T20:59:46Z
OCUL,10.615,2025-11-06T20:59:50Z
ODC,56.25,2025-11-06T20:56:20Z
ODD,39.92,2025-11-06T20:59:50Z
ODFL,137.61,2025-11-06T20:59:48Z
ODP,27.855,2025-11-06T20:59:52Z
ODV,2.945,2025-11-06T20:59:46Z
OEC,4.6,2025-11-06T20:59:56Z
OEF,337.99,2025-11-06T20:59:55Z
OFG,40,2025-11-06T20:58:52Z
OFIX,14.69,2025-11-06T20:59:45Z
OFLX,28.19,2025-11-06T20:35:34Z
OFS,5.16,2025-11-06T20:57:38Z
OGE,44.1,2025-11-06T20:59:55Z
OGEN,1.11,2025-11-06T20:58:56Z
OGI,1.49,2025-11-06T20:58:02Z
OGIG,54.96,2025-11-06T18:05:30Z
OGN,6.71,2025-11-06T20:59:55Z
OGS,81.45,2025-11-06T20:59:49Z
OHI,42.635,2025-11-06T20:59:53Z
OI,13.2,2025-11-06T20:59:59Z
OIA,5.97,2025-11-06T18:41:37Z
OIH,283.45,2025-11-06T20:58:55Z
OII,22.62,2025-11-06T20:59:51Z
OILD,11.14,2025-11-06T17:00:03Z
OILU,22.66,2025-11-06T20:56:15Z
OIS,6.08,2025-11-06T20:59:56Z
OKE,67.815,2025-11-06T20:59:50Z
OKLL,45.55,2025-11-06T20:59:53Z
OKLO,106.75,2025-11-06T20:59:58Z
OKTA,85.86,2025-11-06T20:59:47Z
OKUR,3.14,2025-11-06T20:59:24Z
OLED,135.4,2025-11-06T20:59:41Z
OLLI,122.75,2025-11-06T20:59:39Z
OLMA,8.21,2025-11-06T20:59:56Z
OLN,19.11,2025-11-06T20:59:53Z
OLP,20.06,2025-11-06T20:57:08Z
OLPX,1.08,2025-11-06T20:59:59Z
OM,11.775,2025-11-06T20:59:04Z
OMAB,106.405,2025-11-06T18:03:05Z
OMAH,18.88,2025-11-06T20:56:51Z
OMC,72.985,2025-11-06T20:59:52Z
OMCL,35.75,2025-11-06T20:59:51Z
OMDA,21.83,2025-11-06T20:59:56Z
OMER,6.57,2025-11-06T20:59:55Z
OMEX,1.925,2025-11-06T20:59:59Z
OMF,59.36,2025-11-06T20:59:49Z
OMFL,59.49,2025-11-06T20:59:54Z
OMFS,43.21,2025-11-06T20:59:46Z
OMH,1.22,2025-11-06T15:55:17Z
OMI,3.12,2025-11-06T20:59:57Z
OMSE,5.285,2025-11-06T20:23:27Z
ON,48.8,2025-11-06T20:59:56Z
ONB,20.58,2025-11-06T20:59:58Z
ONC,332.3,2025-11-06T20:59:29Z
ONCO,2.75,2025-11-06T16:43:23Z
ONCY,1.005,2025-11-06T20:29:56Z
OND,44.235,2025-11-06T20:37:06Z
ONDS,5.24,2025-11-06T20:59:56Z
ONEG,9.54,2025-11-06T20:55:35Z
ONEQ,90.68,2025-11-06T20:59:58Z
ONEW,14.91,2025-11-06T20:59:33Z
ONEZ,26.66,2025-11-06T15:33:21Z
ONFO,1.17,2025-11-06T15:16:36Z
ONIT,38.68,2025-11-06T20:06:13Z
ONL,2.435,2025-11-06T20:58:06Z
ONMD,1.46,2025-11-06T20:59:49Z
ONON,35.515,2025-11-06T20:59:56Z
ONTF,5.03,2025-11-06T20:59:45Z
ONTO,131.745,2025-11-06T20:59:44Z
OOMA,11.855,2025-11-06T20:56:51Z
OP,1.27,2025-11-06T20:30:34Z
OPAD,1.79,2025-11-06T20:59:53Z
OPAL,2.01,2025-11-06T20:59:50Z
OPBK,13.12,2025-11-06T20:51:41Z
OPCH,27.07,2025-11-06T20:59:47Z
OPEN,6.545,2025-11-06T20:59:59Z
OPER,100.08,2025-11-06T20:22:37Z
OPEX,24.07,2025-11-06T18:45:03Z
OPFI,9.45,2025-11-06T20:59:28Z
OPFI+,1.21,2025-11-06T20:59:49Z
OPK,1.39,2025-11-06T20:59:55Z
OPP,8.06,2025-11-06T20:59:39Z
OPP-A,16.9,2025-11-06T20:59:06Z
OPPE,49.38,2025-11-06T20:47:51Z
OPPJ,43.77,2025-11-06T19:27:19Z
OPP^,0.0153,2025-11-06T20:59:16Z
OPRA,13.73,2025-11-06T20:59:56Z
OPRT,4.68,2025-11-06T20:59:47Z
OPRX,18.89,2025-11-06T20:59:47Z
OPTT,0.4273,2025-11-06T20:58:06Z
OPTX,2.225,2025-11-06T20:59:52Z
OPY,67.91,2025-11-06T16:24:02Z
OR,31.08,2025-11-06T20:59:53Z
ORA,114.79,2025-11-06T20:59:54Z
ORBS,4.135,2025-11-06T20:59:45Z
ORC,7.32,2025-11-06T20:59:55Z
ORCL,243.85,2025-11-06T20:59:55Z
ORCX,28.84,2025-11-06T20:59:50Z
ORGN,0.5183,2025-11-06T20:59:55Z
ORGO,3.9,2025-11-06T20:59:56Z
ORI,40.68,2025-11-06T20:59:50Z
ORIC,12.48,2025-11-06T20:59:55Z
ORIS,0.1425,2025-11-06T20:55:44Z
ORKA,28.395,2025-11-06T20:59:13Z
ORKT,1.155,2025-11-06T20:58:17Z
ORLA,9.585,2025-11-06T20:59:26Z
ORLY,95,2025-11-06T20:59:54Z
ORMP,2.2,2025-11-06T20:49:31Z
ORN,10.27,2025-11-06T20:59:50Z
ORRF,33.65,2025-11-06T20:58:49Z
OS,19.065,2025-11-06T20:59:54Z
OSBC,18.19,2025-11-06T20:59:45Z
OSCG,13.89,2025-11-06T20:56:08Z
OSCR,16.55,2025-11-06T20:59:59Z
OSCV,36.73,2025-11-06T17:09:32Z
OSCX,14.62,2025-11-06T20:46:31Z
OSEA,30.12,2025-11-06T16:29:35Z
OSIS,282.95,2025-11-06T18:18:54Z
OSK,125.5,2025-11-06T20:59:50Z
OSPN,12.195,2025-11-06T20:59:59Z
OSRH,0.6689,2025-11-06T20:59:42Z
OSS,5.33,2025-11-06T20:59:27Z
OSTX,1.8,2025-11-06T20:58:45Z
OSUR,2.4,2025-11-06T20:59:55Z
OSW,22.025,2025-11-06T20:59:28Z
OTEX,35.96,2025-11-06T20:59:55Z
OTF,13.95,2025-11-06T20:59:28Z
OTGA,10.09,2025-11-06T20:46:43Z
OTGAU,10.24,2025-11-06T15:47:50Z
OTIS,91.14,2025-11-06T20:59:52Z
OTLK,1.175,2025-11-06T20:59:49Z
OTLY,15.14,2025-11-06T20:54:30Z
OTTR,84.245,2025-11-06T20:59:50Z
OUNZ,38.31,2025-11-06T20:59:03Z
OUSA,55.86,2025-11-06T14:32:53Z
OUSM,43.67,2025-11-06T16:03:53Z
OUST,24.1,2025-11-06T20:59:49Z
OUT,17.62,2025-11-06T20:59:55Z
OVB,20.69,2025-11-06T19:15:06Z
OVID,1.33,2025-11-06T20:59:50Z
OVL,52.34,2025-11-06T20:40:18Z
OVLH,39.36,2025-11-06T18:29:08Z
OVM,21.54,2025-11-06T18:14:10Z
OVS,34.77,2025-11-06T18:29:40Z
OVT,22.05,2025-11-06T19:49:31Z
OVV,37.575,2025-11-06T20:59:59Z
OWL,14.945,2025-11-06T20:59:58Z
OWLT,8.675,2025-11-06T20:34:28Z
OWNB,31.22,2025-11-06T19:36:44Z
OWNS,17.53,2025-11-06T20:58:57Z
OXBR,1.335,2025-11-06T18:34:50Z
OXLC,15.135,2025-11-06T20:57:41Z
OXM,36.14,2025-11-06T20:59:42Z
OXSQ,1.885,2025-11-06T20:59:16Z
OXY,40.3,2025-11-06T20:59:59Z
OYSE,10.055,2025-11-06T20:57:17Z
OZEM,29.63,2025-11-06T19:41:45Z
OZK,43.755,2025-11-06T20:59:46Z
PAA,16.42,2025-11-06T20:59:57Z
PAAA,51.29,2025-11-06T20:59:48Z
PAAS,33.825,2025-11-06T20:59:57Z
PAC,218.67,2025-11-06T15:33:16Z
PACB,1.78,2025-11-06T20:59:56Z
PACH,10.14,2025-11-06T20:05:20Z
PACK,4.93,2025-11-06T20:59:51Z
PACS,12.485,2025-11-06T20:59:48Z
PAG,154.62,2025-11-06T20:58:06Z
PAGP,17.24,2025-11-06T20:59:57Z
PAGS,9.475,2025-11-06T20:59:55Z
PAHC,43.1,2025-11-06T20:59:25Z
PAL,6.98,2025-11-06T20:59:56Z
PALD,21.21,2025-11-06T20:55:00Z
PALI,1.655,2025-11-06T20:59:45Z
PALL,125.83,2025-11-06T20:08:55Z
PALU,26.54,2025-11-06T20:41:52Z
PAM,86.94,2025-11-06T20:59:55Z
PAMC,45.4,2025-11-06T17:15:46Z
PANG,16.76,2025-11-06T20:55:00Z
PANL,4.92,2025-11-06T20:59:55Z
PANW,211.44,2025-11-06T20:59:59Z
PAPI,25.42,2025-11-06T20:28:23Z
PAPR,38.52,2025-11-06T19:30:52Z
PAR,33.215,2025-11-06T20:59:32Z
PARR,40.78,2025-11-06T20:59:53Z
PASG,6.38,2025-11-06T16:41:24Z
PASW,0.5946,2025-11-06T20:52:13Z
PATH,14.13,2025-11-06T20:59:58Z
PATK,104.12,2025-11-06T20:58:57Z
PAUG,42.51,2025-11-06T20:59:46Z
PAVE,47.615,2025-11-06T20:59:33Z
PAVM,0.3171,2025-11-06T20:59:47Z
PAVS,0.6275,2025-11-06T14:39:50Z
PAX,14.97,2025-11-06T20:59:48Z
PAXS,15.89,2025-11-06T20:54:12Z
PAY,36.155,2025-11-06T20:59:53Z
PAYC,164.01,2025-11-06T20:59:54Z
PAYO,5.265,2025-11-06T20:59:58Z
PAYR,49.32,2025-11-06T15:47:41Z
PAYS,5.11,2025-11-06T20:59:57Z
PAYX,112.86,2025-11-06T20:59:58Z
PB,66.185,2025-11-06T20:59:50Z
PBA,38.185,2025-11-06T20:59:46Z
PBAP,28.52,2025-11-06T18:34:48Z
PBDC,30.07,2025-11-06T20:49:56Z
PBF,36.845,2025-11-06T20:59:50Z
PBFR,28.73,2025-11-06T19:45:41Z
PBFS,13.115,2025-11-06T20:25:49Z
PBH,61.605,2025-11-06T20:55:31Z
PBI,9.35,2025-11-06T20:59:58Z
PBI-B,19.21,2025-11-06T16:26:50Z
PBM,2.56,2025-11-06T20:59:06Z
PBNV,29,2025-11-06T19:59:25Z
PBP,22.53,2025-11-06T20:59:46Z
PBQQ,28.3,2025-11-06T17:15:29Z
PBR,12.135,2025-11-06T20:59:59Z
PBR.A,11.59,2025-11-06T20:59:54Z
PBT,17.8,2025-11-06T17:19:07Z
PBUS,67.4,2025-11-06T20:48:30Z
PBW,31.49,2025-11-06T20:59:46Z
PBYI,4.905,2025-11-06T20:59:51Z
PCAR,98.205,2025-11-06T20:59:54Z
PCB,21.475,2025-11-06T20:57:21Z
PCEF,19.86,2025-11-06T20:38:06Z
PCF,6.255,2025-11-06T20:55:17Z
PCG,16.36,2025-11-06T20:59:59Z
PCGG,12.07,2025-11-06T19:36:15Z
PCH,40.405,2025-11-06T20:59:47Z
PCMM,50.23,2025-11-06T19:41:03Z
PCN,12.92,2025-11-06T20:58:05Z
PCOR,79.04,2025-11-06T20:59:50Z
PCQ,8.885,2025-11-06T20:50:05Z
PCRX,21.105,2025-11-06T20:59:59Z
PCSA,0.3182,2025-11-06T20:55:18Z
PCT,9.6,2025-11-06T20:59:58Z
PCTY,138.445,2025-11-06T20:59:57Z
PCVX,41.705,2025-11-06T20:59:53Z
PCY,21.74,2025-11-06T20:58:57Z
PCYO,10.855,2025-11-06T20:58:41Z
PD,15.13,2025-11-06T20:59:56Z
PDBA,34.79,2025-11-06T19:11:41Z
PDBC,13.59,2025-11-06T20:59:57Z
PDD,136.71,2025-11-06T20:59:57Z
PDEC,42.32,2025-11-06T20:52:14Z
PDEX,32.435,2025-11-06T20:56:30Z
PDFS,27.45,2025-11-06T20:59:24Z
PDI,18.33,2025-11-06T20:59:25Z
PDLB,14.74,2025-11-06T20:06:10Z
PDM,8.28,2025-11-06T20:59:50Z
PDN,40.64,2025-11-06T19:48:12Z
PDO,13.875,2025-11-06T20:59:58Z
PDP,117.06,2025-11-06T20:24:00Z
PDS,57.5,2025-11-06T20:57:00Z
PDSB,0.8938,2025-11-06T20:56:27Z
PDT,12.92,2025-11-06T20:52:14Z
PDX,21.97,2025-11-06T20:55:28Z
PDYN,6.755,2025-11-06T20:59:52Z
PEB,10.42,2025-11-06T20:59:59Z
PEB-F,19.5,2025-11-06T18:29:39Z
PEBO,28.52,2025-11-06T20:29:26Z
PECO,34.475,2025-11-06T20:59:34Z
PED,0.5675,2025-11-06T20:57:54Z
PEG,82.42,2025-11-06T20:59:50Z
PEGA,58.96,2025-11-06T20:59:56Z
PEJ,57.03,2025-11-06T19:22:21Z
PELI,10.14,2025-11-06T19:25:10Z
PEN,264.72,2025-11-06T20:59:58Z
PENG,21.595,2025-11-06T20:59:47Z
PENN,14.645,2025-11-06T20:59:58Z
PEO,21.37,2025-11-06T20:59:41Z
PEP,141.6,2025-11-06T20:59:59Z
PEPG,4.2,2025-11-06T20:59:49Z
PERF,1.89,2025-11-06T20:59:12Z
PERI,9.05,2025-11-06T20:59:42Z
PESI,12.795,2025-11-06T20:35:23Z
PETS,2.47,2025-11-06T20:58:41Z
PEW,4.3,2025-11-06T20:58:35Z
PEY,20.165,2025-11-06T20:58:51Z
PFBC,90.47,2025-11-06T20:59:49Z
PFE,24.885,2025-11-06T20:59:59Z
PFEB,39.9,2025-11-06T20:15:38Z
PFF,30.965,2025-11-06T20:59:53Z
PFFA,21.485,2025-11-06T20:59:16Z
PFFD,19.015,2025-11-06T20:59:43Z
PFFV,22.8,2025-11-06T20:29:00Z
PFG,82.455,2025-11-06T20:59:49Z
PFGC,94.955,2025-11-06T20:59:54Z
PFIG,24.28,2025-11-06T20:23:31Z
PFIS,45.99,2025-11-06T20:43:15Z
PFIX,46.15,2025-11-06T18:40:18Z
PFL,8.4,2025-11-06T19:52:16Z
PFLD,19.66,2025-11-06T19:01:03Z
PFLT,9.12,2025-11-06T20:59:55Z
PFN,7.51,2025-11-06T20:59:34Z
PFS,18.28,2025-11-06T20:59:45Z
PFSA,0.1903,2025-11-06T20:52:47Z
PFSI,124.44,2025-11-06T20:59:42Z
PFXF,17.475,2025-11-06T20:59:45Z
PFXNZ,23.72,2025-11-06T20:19:01Z
PG,146.125,2025-11-06T20:59:43Z
PGC,25.43,2025-11-06T20:59:11Z
PGEN,3.92,2025-11-06T20:59:58Z
PGF,14.44,2025-11-06T20:59:46Z
PGNY,18.015,2025-11-06T20:59:55Z
PGP,8.57,2025-11-06T20:59:21Z
PGR,209.64,2025-11-06T20:59:53Z
PGRE,6.555,2025-11-06T20:59:49Z
PGRO,44.655,2025-11-06T20:57:44Z
PGX,11.445,2025-11-06T20:59:50Z
PGY,23.38,2025-11-06T20:59:54Z
PGYWW,0.42,2025-11-06T16:39:40Z
PGZ,10.39,2025-11-06T20:52:05Z
PH,834.14,2025-11-06T20:59:51Z
PHAT,13.035,2025-11-06T20:59:59Z
PHB,18.49,2025-11-06T19:21:50Z
PHDG,37.84,2025-11-06T18:17:47Z
PHEQ,32.23,2025-11-06T19:17:03Z
PHG,28.245,2025-11-06T20:59:58Z
PHGE,0.392,2025-11-06T20:59:26Z
PHI,19.395,2025-11-06T20:55:40Z
PHIN,52.75,2025-11-06T20:59:53Z
PHIO,1.465,2025-11-06T20:57:14Z
PHK,4.865,2025-11-06T17:46:03Z
PHM,118.98,2025-11-06T20:59:49Z
PHO,71.68,2025-11-06T20:59:04Z
PHR,22.29,2025-11-06T20:59:40Z
PHUN,2.245,2025-11-06T20:56:40Z
PHVS,21.76,2025-11-06T20:59:26Z
PHXE-,20.26,2025-11-06T15:06:02Z
PHYL,35.295,2025-11-06T20:50:04Z
PHYS,30.195,2025-11-06T20:55:32Z
PI,168.915,2025-11-06T20:59:52Z
PICB,23.54,2025-11-06T17:17:43Z
PICK,45.25,2025-11-06T20:55:31Z
PID,21.31,2025-11-06T18:02:23Z
PIE,24.28,2025-11-06T19:31:03Z
PIEQ,31.64,2025-11-06T20:59:45Z
PII,65.125,2025-11-06T20:59:52Z
PILL,8.19,2025-11-06T20:59:50Z
PIM,3.37,2025-11-06T18:31:32Z
PINC,28.14,2025-11-06T20:59:58Z
PINE,15.055,2025-11-06T20:45:04Z
PINK,32.82,2025-11-06T19:57:31Z
PINS,26.28,2025-11-06T20:59:59Z
PIPE,23.1,2025-11-06T17:34:13Z
PIPR,327.99,2025-11-06T20:59:35Z
PIZ,47.82,2025-11-06T18:28:46Z
PJAN,46.055,2025-11-06T20:29:36Z
PJIO,62.115,2025-11-06T20:46:37Z
PJP,97.12,2025-11-06T18:03:29Z
PJT,168.19,2025-11-06T20:59:53Z
PJUL,45.71,2025-11-06T20:42:06Z
PK,10.15,2025-11-06T20:59:58Z
PKE,19.08,2025-11-06T20:58:59Z
PKG,198.04,2025-11-06T20:59:55Z
PKOH,18.44,2025-11-06T19:27:06Z
PKST,14.36,2025-11-06T20:59:52Z
PKX,53.1,2025-11-06T20:12:44Z
PL,12.46,2025-11-06T20:59:58Z
PL+,3.46,2025-11-06T20:53:49Z
PLAB,22.71,2025-11-06T20:59:52Z
PLAY,13.21,2025-11-06T20:59:47Z
PLBY,1.295,2025-11-06T20:59:21Z
PLCE,8.07,2025-11-06T20:59:50Z
PLD,123.99,2025-11-06T20:59:55Z
PLDR,36.74,2025-11-06T20:15:32Z
PLG,1.87,2025-11-06T20:59:53Z
PLMR,117.645,2025-11-06T20:56:45Z
PLNT,103.23,2025-11-06T20:59:54Z
PLOW,31.265,2025-11-06T18:27:21Z
PLPC,211.24,2025-11-06T19:24:51Z
PLRX,1.52,2025-11-06T20:59:10Z
PLRZ,0.9483,2025-11-06T17:32:32Z
PLSE,15.68,2025-11-06T20:59:11Z
PLTA,34.92,2025-11-06T14:50:31Z
PLTD,6.895,2025-11-06T20:59:48Z
PLTG,31.665,2025-11-06T20:52:04Z
PLTK,4.185,2025-11-06T20:59:58Z
PLTM,14.77,2025-11-06T20:54:27Z
PLTR,175.1,2025-11-06T20:59:57Z
PLTU,89.765,2025-11-06T20:59:48Z
PLTW,41.86,2025-11-06T20:33:16Z
PLTY,57.04,2025-11-06T20:54:50Z
PLTZ,7.1,2025-11-06T20:59:59Z
PLUG,2.5,2025-11-06T20:59:58Z
PLUR,3.31,2025-11-06T15:11:34Z
PLUS,73.555,2025-11-06T20:59:59Z
PLX,2.22,2025-11-06T20:59:55Z
PLXS,143.69,2025-11-06T20:59:30Z
PLYM,22.095,2025-11-06T20:59:53Z
PM,149.88,2025-11-06T20:59:52Z
PMAR,44.07,2025-11-06T15:49:06Z
PMAX,2.23,2025-11-06T16:51:48Z
PMAY,38.93,2025-11-06T16:01:03Z
PMBS,49.66,2025-11-06T20:47:33Z
PMCB,0.8752,2025-11-06T18:38:58Z
PMEC,1.25,2025-11-06T17:00:49Z
PMI,3.33,2025-11-06T20:52:46Z
PMIO,51.08,2025-11-06T19:53:20Z
PML,7.855,2025-11-06T20:56:33Z
PMM,6.09,2025-11-06T20:58:37Z
PMMF,100.28,2025-11-06T20:59:46Z
PMNV,25.02,2025-11-06T20:07:56Z
PMO,10.36,2025-11-06T19:18:34Z
PMT,12.07,2025-11-06T20:59:59Z
PMT-A,24.32,2025-11-06T19:54:39Z
PMT-C,18.87,2025-11-06T20:21:00Z
PMTR,10.31,2025-11-06T19:21:55Z
PMTS,14.355,2025-11-06T20:53:28Z
PMVP,1.25,2025-11-06T20:59:55Z
PNBK,1.095,2025-11-06T20:54:26Z
PNC,182.91,2025-11-06T20:59:49Z
PNFP,85.375,2025-11-06T20:59:50Z
PNFPP,25.08,2025-11-06T19:28:09Z
PNI,6.995,2025-11-06T20:54:54Z
PNNT,6.49,2025-11-06T20:59:48Z
PNOV,41.11,2025-11-06T20:59:16Z
PNQI,54.11,2025-11-06T20:30:14Z
PNR,106.65,2025-11-06T20:59:56Z
PNTG,23.75,2025-11-06T20:59:29Z
PNW,87.625,2025-11-06T20:59:53Z
POCT,43.16,2025-11-06T20:55:07Z
PODC,2.18,2025-11-06T19:37:45Z
PODD,323.48,2025-11-06T20:59:42Z
POET,5.315,2025-11-06T20:59:58Z
POM,6.1,2025-11-06T20:50:52Z
PONX,23.66,2025-11-06T16:40:42Z
PONY,14.81,2025-11-06T20:59:52Z
POOL,248.425,2025-11-06T20:59:57Z
POR,47.76,2025-11-06T20:59:50Z
POST,104.94,2025-11-06T20:59:51Z
POW,20.375,2025-11-06T19:47:44Z
POWI,36.5,2025-11-06T20:59:52Z
POWL,374.88,2025-11-06T20:59:06Z
POWW,1.615,2025-11-06T20:58:25Z
PPA,153.13,2025-11-06T20:12:13Z
PPBT,0.7452,2025-11-06T20:56:38Z
PPC,36.62,2025-11-06T20:59:39Z
PPCB,1.12,2025-11-06T20:53:45Z
PPG,95.16,2025-11-06T20:59:54Z
PPH,94.3,2025-11-06T20:59:50Z
PPI,18.385,2025-11-06T20:59:06Z
PPIH,27.965,2025-11-06T20:58:35Z
PPL,36.5,2025-11-06T20:59:58Z
PPLT,139.35,2025-11-06T20:59:14Z
PPT,3.635,2025-11-06T20:58:00Z
PPTA,20.85,2025-11-06T20:59:46Z
PPTY,29.89,2025-11-06T20:04:10Z
PQAP,28.14,2025-11-06T20:34:35Z
PQDI,19.55,2025-11-06T15:29:51Z
PR,12.81,2025-11-06T20:59:57Z
PRA,23.99,2025-11-06T20:59:58Z
PRAA,13.65,2025-11-06T20:59:47Z
PRAX,171.86,2025-11-06T20:59:57Z
PRAY,31.13,2025-11-06T17:21:30Z
PRCH,10.62,2025-11-06T20:59:55Z
PRCS,26.29,2025-11-06T20:18:08Z
PRCT,31.28,2025-11-06T20:59:45Z
PRDO,29.78,2025-11-06T20:59:42Z
PRE,12.275,2025-11-06T20:45:09Z
PREF,19.045,2025-11-06T20:57:00Z
PRF,45.34,2025-11-06T20:59:52Z
PRFD,51.64,2025-11-06T17:36:32Z
PRFX,1.07,2025-11-06T20:59:18Z
PRFZ,44.46,2025-11-06T20:48:22Z
PRG,27.72,2025-11-06T20:59:48Z
PRGO,14.93,2025-11-06T20:59:52Z
PRGS,41.96,2025-11-06T20:59:58Z
PRH,24.985,2025-11-06T20:41:49Z
PRHI,1.225,2025-11-06T20:59:19Z
PRI,250.5,2025-11-06T20:59:42Z
PRIM,126.68,2025-11-06T20:59:52Z
PRK,155.305,2025-11-06T20:29:11Z
PRKS,35.14,2025-11-06T20:59:54Z
PRLB,48.55,2025-11-06T20:59:44Z
PRLD,1.345,2025-11-06T20:59:54Z
PRM,24.45,2025-11-06T20:59:57Z
PRMB,17.74,2025-11-06T20:59:59Z
PRME,4.2,2025-11-06T20:59:58Z
PRN,176.25,2025-11-06T16:01:04Z
PRNT,22.46,2025-11-06T15:07:51Z
PRO,23.11,2025-11-06T20:59:55Z
PROF,5.85,2025-11-06T20:55:10Z
PROK,2.8,2025-11-06T20:59:59Z
PROP,1.855,2025-11-06T20:59:50Z
PRPH,0.2769,2025-11-06T20:50:52Z
PRPL,0.6975,2025-11-06T20:57:31Z
PRQR,2.215,2025-11-06T20:59:37Z
PRS,24.22,2025-11-06T19:09:32Z
PRSO,1.15,2025-11-06T20:41:16Z
PRSU,32.73,2025-11-06T20:58:13Z
PRTA,10.07,2025-11-06T20:59:50Z
PRTH,4.82,2025-11-06T20:59:33Z
PRTS,0.6301,2025-11-06T20:06:16Z
PRU,105.21,2025-11-06T20:59:56Z
PRVA,24.12,2025-11-06T20:59:41Z
PRZO,1.22,2025-11-06T20:57:30Z
PSA,273.9,2025-11-06T20:59:55Z
PSA-J,19.35,2025-11-06T17:41:59Z
PSA-K,19.55,2025-11-06T17:13:26Z
PSA-M,17.16,2025-11-06T16:21:10Z
PSA-S,16.99,2025-11-06T15:47:48Z
PSBD,12.18,2025-11-06T20:58:45Z
PSC,55.75,2025-11-06T20:59:12Z
PSCC,31.69,2025-11-06T20:38:06Z
PSCD,99.06,2025-11-06T20:52:24Z
PSCE,42.68,2025-11-06T20:15:33Z
PSCH,41.98,2025-11-06T20:15:26Z
PSEC,2.55,2025-11-06T20:59:55Z
PSEP,42.99,2025-11-06T18:40:37Z
PSET,75.3,2025-11-06T20:59:45Z
PSFE,10.37,2025-11-06T20:55:34Z
PSFF,31.76,2025-11-06T19:04:26Z
PSFO,31.84,2025-11-06T17:45:21Z
PSH,50.34,2025-11-06T20:55:08Z
PSHG,2.1,2025-11-06T17:35:30Z
PSI,77.59,2025-11-06T19:15:28Z
PSIX,81.47,2025-11-06T20:59:41Z
PSK,32.395,2025-11-06T20:56:08Z
PSKY,14.81,2025-11-06T20:59:58Z
PSLV,15.91,2025-11-06T20:59:59Z
PSMO,30.24,2025-11-06T18:25:27Z
PSMT,117.23,2025-11-06T20:58:55Z
PSN,82.25,2025-11-06T20:59:48Z
PSNL,7.185,2025-11-06T20:59:48Z
PSNY,0.7595,2025-11-06T20:59:52Z
PSO,13.095,2025-11-06T20:59:51Z
PSQ,30.6,2025-11-06T20:59:21Z
PSQH,1.75,2025-11-06T20:57:58Z
PSTG,93.1,2025-11-06T20:59:55Z
PSTL,15.3,2025-11-06T20:58:31Z
PSTP,34.78,2025-11-06T18:29:55Z
PSTV,0.5131,2025-11-06T20:59:44Z
PSWD,35.53,2025-11-06T18:29:08Z
PSX,138.23,2025-11-06T20:59:48Z
PT,1.015,2025-11-06T20:58:16Z
PTA,19.88,2025-11-06T15:39:47Z
PTBD,19.565,2025-11-06T19:01:59Z
PTC,173.91,2025-11-06T20:59:54Z
PTCT,72.58,2025-11-06T20:59:54Z
PTEN,6.075,2025-11-06T20:59:56Z
PTF,78.69,2025-11-06T17:00:02Z
PTGX,79.8,2025-11-06T20:59:54Z
PTHS,36.86,2025-11-06T18:20:21Z
PTIR,28.61,2025-11-06T20:59:55Z
PTIX,2.11,2025-11-06T20:50:13Z
PTL,247,2025-11-06T15:58:56Z
PTLC,55.12,2025-11-06T20:55:08Z
PTLE,0.2205,2025-11-06T16:30:59Z
PTLO,4.77,2025-11-06T20:59:56Z
PTMC,35.16,2025-11-06T20:57:09Z
PTNQ,78.97,2025-11-06T20:59:02Z
PTON,6.725,2025-11-06T20:59:58Z
PTRB,42.23,2025-11-06T20:54:17Z
PTRN,18.21,2025-11-06T20:59:59Z
PTY,13.71,2025-11-06T20:49:59Z
PUBM,7.395,2025-11-06T20:59:51Z
PUI,46.15,2025-11-06T20:55:04Z
PUK,28.57,2025-11-06T20:59:57Z
PULS,49.66,2025-11-06T20:59:55Z
PULT,50.6,2025-11-06T20:19:49Z
PUMP,10.75,2025-11-06T20:59:59Z
PVAL,43.13,2025-11-06T20:59:46Z
PVBC,12.77,2025-11-06T18:35:54Z
PVH,75.95,2025-11-06T20:59:46Z
PVL,1.81,2025-11-06T18:33:48Z
PVLA,79.175,2025-11-06T20:56:41Z
PW,0.7215,2025-11-06T16:09:56Z
PWB,126.48,2025-11-06T20:59:46Z
PWP,18.86,2025-11-06T20:59:58Z
PWR,443.22,2025-11-06T20:59:49Z
PWRD,99.61,2025-11-06T20:05:40Z
PWS,32.7,2025-11-06T18:01:56Z
PWV,64.91,2025-11-06T20:38:13Z
PWZ,24.26,2025-11-06T20:59:51Z
PX,10.4,2025-11-06T20:59:52Z
PXE,28.07,2025-11-06T16:19:04Z
PXED,33.15,2025-11-06T20:57:06Z
PXH,25.965,2025-11-06T20:57:41Z
PXLW,6.15,2025-11-06T20:40:36Z
PXS,2.685,2025-11-06T16:45:44Z
PYLD,26.75,2025-11-06T20:59:47Z
PYPD,3.77,2025-11-06T20:44:29Z
PYPG,14.945,2025-11-06T20:10:41Z
PYPL,66.25,2025-11-06T20:59:54Z
PYT,23.28,2025-11-06T16:21:41Z
PYXS,4.055,2025-11-06T20:58:51Z
PZA,23.315,2025-11-06T20:56:33Z
PZG,0.9749,2025-11-06T20:59:42Z
PZT,22.45,2025-11-06T20:30:44Z
PZZA,42.82,2025-11-06T20:59:43Z
Q,93.51,2025-11-06T20:59:58Z
QABA,53.87,2025-11-06T18:32:01Z
QAI,33.67,2025-11-06T20:27:18Z
QBIG,39.06,2025-11-06T18:42:17Z
QBTS,28.39,2025-11-06T20:59:51Z
QBTS+,31.23,2025-11-06T14:44:56Z
QBTX,53.34,2025-11-06T20:59:03Z
QBTZ,16.06,2025-11-06T20:54:09Z
QCJA,21.58,2025-11-06T20:41:00Z
QCLN,45.79,2025-11-06T20:58:55Z
QCLS,2.63,2025-11-06T15:56:05Z
QCML,22.06,2025-11-06T20:58:48Z
QCMU,28.64,2025-11-06T20:24:28Z
QCOC,22.135,2025-11-06T20:58:37Z
QCOM,173.21,2025-11-06T20:59:59Z
QCRH,76.05,2025-11-06T20:57:04Z
QD,4.75,2025-11-06T20:59:55Z
QDEL,21.28,2025-11-06T20:59:54Z
QDF,79.1,2025-11-06T19:09:19Z
QDIV,33.93,2025-11-06T20:01:56Z
QDPL,41.99,2025-11-06T20:55:11Z
QDTE,34.875,2025-11-06T20:59:40Z
QDTY,45.23,2025-11-06T15:31:29Z
QDVO,29.265,2025-11-06T20:55:29Z
QEFA,88.11,2025-11-06T14:48:23Z
QETH,33.22,2025-11-06T18:42:00Z
QFIN,22.57,2025-11-06T20:59:52Z
QFLR,34.07,2025-11-06T20:42:14Z
QGEN,43.06,2025-11-06T20:59:59Z
QGRD,27.36,2025-11-06T16:12:37Z
QGRO,113.555,2025-11-06T18:46:27Z
QGRW,58.465,2025-11-06T20:58:03Z
QH,0.8978,2025-11-06T20:34:17Z
QID,20.75,2025-11-06T20:59:48Z
QINT,61.39,2025-11-06T16:08:42Z
QIPT,2.3,2025-11-06T20:59:27Z
QLD,140.76,2025-11-06T20:59:35Z
QLGN,2.58,2025-11-06T20:52:49Z
QLTA,48.305,2025-11-06T20:59:47Z
QLTY,36.94,2025-11-06T20:57:01Z
QLYS,147.39,2025-11-06T20:59:51Z
QMAG,23.28,2025-11-06T17:26:55Z
QMAR,32.33,2025-11-06T18:03:08Z
QMCO,8.04,2025-11-06T20:59:44Z
QMOM,65.5,2025-11-06T20:49:03Z
QNCX,1.6,2025-11-06T20:59:28Z
QNRX,8.29,2025-11-06T20:44:05Z
QNST,13.855,2025-11-06T20:59:53Z
QNTM,8.49,2025-11-06T17:51:49Z
QPUX,32.105,2025-11-06T18:41:49Z
QPX,43.93,2025-11-06T14:41:41Z
QQA,53.13,2025-11-06T20:59:59Z
QQEW,140.96,2025-11-06T19:47:04Z
QQH,78.175,2025-11-06T20:29:31Z
QQQ,611.69,2025-11-06T20:59:59Z
QQQD,13.18,2025-11-06T20:45:01Z
QQQE,101.01,2025-11-06T20:59:50Z
QQQI,54.23,2025-11-06T20:59:57Z
QQQJ,36.19,2025-11-06T19:48:01Z
QQQM,251.67,2025-11-06T20:59:48Z
QQQT,18.1,2025-11-06T19:12:19Z
QQQU,60.6,2025-11-06T17:00:02Z
QQQX,27.76,2025-11-06T17:35:49Z
QQQY,24.46,2025-11-06T20:57:03Z
QQXL,43.59,2025-11-06T20:54:42Z
QRHC,1.44,2025-11-06T16:15:59Z
QRVO,87.14,2025-11-06T20:59:59Z
QS,15.895,2025-11-06T20:59:57Z
QSG,6.36,2025-11-06T20:59:50Z
QSI,1.65,2025-11-06T20:59:59Z
QSIX,37.75,2025-11-06T18:47:03Z
QSPT,31.25,2025-11-06T20:56:50Z
QSR,68.16,2025-11-06T20:59:56Z
QSU,17.24,2025-11-06T20:46:22Z
QSX,31.9,2025-11-06T20:16:35Z
QTEC,233.1,2025-11-06T20:58:59Z
QTOP,31.84,2025-11-06T20:59:47Z
QTPI,25.61,2025-11-06T16:26:12Z
QTRX,4.99,2025-11-06T20:59:56Z
QTTB,2.3,2025-11-06T20:59:20Z
QTUM,110.51,2025-11-06T20:59:48Z
QTWO,70.17,2025-11-06T20:59:51Z
QUAD,5.685,2025-11-06T20:59:56Z
QUAL,193.27,2025-11-06T20:59:58Z
QUBT,13.14,2025-11-06T20:59:57Z
QUBX,8.7,2025-11-06T20:58:40Z
QUIK,7.175,2025-11-06T20:52:43Z
QUIZ,25.66,2025-11-06T18:34:10Z
QURE,27.505,2025-11-06T20:59:54Z
QUSA,18.38,2025-11-06T20:59:54Z
QUVU,26.67,2025-11-06T16:16:57Z
QVCC,10.355,2025-11-06T18:30:06Z
QVCD,10.31,2025-11-06T19:12:06Z
QVCGA,5.73,2025-11-06T20:55:46Z
QVCGP,4.91,2025-11-06T14:41:01Z
QVML,39.44,2025-11-06T20:55:21Z
QWLD,139.79,2025-11-06T18:15:45Z
QXO,16.12,2025-11-06T20:59:53Z
QXO-B,47.25,2025-11-06T20:39:49Z
QYLD,17.345,2025-11-06T20:59:57Z
QYLG,29.86,2025-11-06T20:56:41Z
R,167.185,2025-11-06T20:59:12Z
RA,13.16,2025-11-06T20:58:57Z
RAA,27.32,2025-11-06T20:59:45Z
RAAX,34.23,2025-11-06T15:48:02Z
RACE,405.49,2025-11-06T20:59:53Z
RADX,4.71,2025-11-06T18:58:55Z
RAFE,40.57,2025-11-06T20:59:46Z
RAIL,8.32,2025-11-06T20:58:59Z
RAL,46.87,2025-11-06T20:59:52Z
RAMP,29.25,2025-11-06T20:59:51Z
RANI,2.245,2025-11-06T20:59:44Z
RAPP,25.28,2025-11-06T20:59:52Z
RAPT,28.99,2025-11-06T20:57:31Z
RARE,30.95,2025-11-06T20:59:52Z
RAVE,2.855,2025-11-06T20:59:53Z
RAVI,75.4,2025-11-06T20:31:51Z
RAY,0.1962,2025-11-06T20:55:01Z
RAYA,3.9,2025-11-06T17:43:07Z
RAYC,18.425,2025-11-06T16:53:14Z
RAYD,37.615,2025-11-06T14:51:45Z
RBA,96.25,2025-11-06T20:59:54Z
RBB,18.89,2025-11-06T20:59:27Z
RBBN,3.165,2025-11-06T20:59:37Z
RBC,431.09,2025-11-06T20:58:54Z
RBLU,49.54,2025-11-06T20:24:55Z
RBLX,101.36,2025-11-06T20:59:49Z
RBNE,1.14,2025-11-06T20:58:01Z
RBOT,4.48,2025-11-06T16:21:56Z
RBRK,71.49,2025-11-06T20:59:50Z
RBUF,28.82,2025-11-06T20:25:00Z
RC,2.97,2025-11-06T20:59:55Z
RCAT,8.625,2025-11-06T20:59:58Z
RCD,23.96,2025-11-06T18:36:13Z
RCEL,3.43,2025-11-06T20:59:25Z
RCI,36.82,2025-11-06T20:59:49Z
RCKT,3.16,2025-11-06T20:59:57Z
RCKY,29.88,2025-11-06T20:59:04Z
RCL,253.625,2025-11-06T20:59:49Z
RCMT,22.19,2025-11-06T20:56:20Z
RCON,1.4,2025-11-06T20:59:00Z
RCS,7,2025-11-06T20:58:01Z
RCT,2.045,2025-11-06T20:59:54Z
RCUS,19.55,2025-11-06T20:59:53Z
RDCM,12.705,2025-11-06T16:20:04Z
RDDT,183.57,2025-11-06T20:59:48Z
RDHL,1.25,2025-11-06T20:53:57Z
RDI,1.37,2025-11-06T20:00:00Z
RDN,33.87,2025-11-06T20:59:47Z
RDNT,78.91,2025-11-06T20:59:54Z
RDNW,4.155,2025-11-06T20:36:21Z
RDTE,32.16,2025-11-06T19:38:30Z
RDTL,34.3,2025-11-06T20:51:12Z
RDVI,25.5,2025-11-06T20:59:50Z
RDVT,59.45,2025-11-06T20:51:46Z
RDVY,66.83,2025-11-06T20:59:36Z
RDW,5.97,2025-11-06T20:59:55Z
RDWR,23.57,2025-11-06T20:57:31Z
RDY,13.47,2025-11-06T20:59:52Z
RDZN,1.44,2025-11-06T20:13:28Z
REAL,10.8,2025-11-06T20:59:59Z
REAX,3.63,2025-11-06T20:59:58Z
REBN,1.67,2025-11-06T16:19:03Z
RECS,40.195,2025-11-06T20:59:15Z
RECT,2.12,2025-11-06T14:55:23Z
REE,0.8634,2025-11-06T20:50:11Z
REET,25.175,2025-11-06T20:59:48Z
REFI,12.59,2025-11-06T20:59:43Z
REFR,1.63,2025-11-06T20:57:23Z
REG,68.7,2025-11-06T20:59:51Z
REGL,81.83,2025-11-06T20:59:30Z
REGN,646.87,2025-11-06T20:59:53Z
REI,0.9543,2025-11-06T20:58:45Z
REIT,26.54,2025-11-06T19:59:56Z
REK,17.16,2025-11-06T16:21:57Z
REKR,2.15,2025-11-06T20:59:51Z
REKT,15.49,2025-11-06T20:58:11Z
RELI,0.88,2025-11-06T20:56:23Z
RELL,10.33,2025-11-06T20:58:08Z
RELX,43.375,2025-11-06T20:59:52Z
RELY,12.29,2025-11-06T20:59:56Z
REM,21.985,2025-11-06T20:59:44Z
REMG,29.35,2025-11-06T20:41:56Z
REMX,63.49,2025-11-06T20:59:58Z
RENT,3.9,2025-11-06T18:02:00Z
REPL,8.505,2025-11-06T20:59:53Z
REPX,24.7,2025-11-06T20:49:44Z
RERE,3.9,2025-11-06T20:59:56Z
RES,5.43,2025-11-06T20:59:59Z
RETL,7.445,2025-11-06T20:59:34Z
REVB,1.01,2025-11-06T20:39:17Z
REVG,52.575,2025-11-06T20:59:49Z
REW,5.51,2025-11-06T19:44:42Z
REX,31.73,2025-11-06T20:59:32Z
REXR,40.89,2025-11-06T20:59:49Z
REYN,24.845,2025-11-06T20:59:42Z
REZ,83.01,2025-11-06T20:29:16Z
REZI,31.31,2025-11-06T20:59:59Z
RF,24.32,2025-11-06T20:59:59Z
RF-C,24.26,2025-11-06T20:08:48Z
RF-E,18.08,2025-11-06T20:09:24Z
RF-F,25.65,2025-11-06T19:39:21Z
RFEM,77.86,2025-11-06T20:56:45Z
RFI,11.5,2025-11-06T19:29:18Z
RFIL,7.29,2025-11-06T20:31:04Z
RFIX,41.38,2025-11-06T19:48:51Z
RFL,1.27,2025-11-06T19:25:01Z
RFLR,27.8,2025-11-06T20:39:38Z
RFMZ,13.05,2025-11-06T20:24:14Z
RFV,125.31,2025-11-06T20:24:28Z
RGA,191.155,2025-11-06T20:59:48Z
RGC,13.19,2025-11-06T17:54:59Z
RGEN,144.99,2025-11-06T20:59:32Z
RGLD,169.62,2025-11-06T20:59:50Z
RGLO,28.78,2025-11-06T20:53:48Z
RGNX,11.16,2025-11-06T20:59:42Z
RGP,4.545,2025-11-06T20:59:38Z
RGR,35.35,2025-11-06T20:54:59Z
RGT,12.51,2025-11-06T20:51:01Z
RGTI,34.345,2025-11-06T20:59:59Z
RGTIW,23.05,2025-11-06T20:30:38Z
RGTU,53.78,2025-11-06T15:00:45Z
RGTX,150.78,2025-11-06T20:55:12Z
RGTZ,16.58,2025-11-06T20:59:40Z
RH,157.86,2025-11-06T20:59:45Z
RHI,26.015,2025-11-06T20:59:35Z
RHLD,169.56,2025-11-06T20:59:45Z
RHP,91.59,2025-11-06T20:59:49Z
RICK,23.885,2025-11-06T20:14:18Z
RIG,3.905,2025-11-06T20:59:54Z
RIGL,36.135,2025-11-06T20:59:02Z
RIGS,23.2,2025-11-06T18:01:01Z
RILY,5.13,2025-11-06T20:59:56Z
RILYG,17.825,2025-11-06T19:12:33Z
RILYP,4.96,2025-11-06T18:31:31Z
RIME,2.05,2025-11-06T20:15:12Z
RING,61.01,2025-11-06T20:08:51Z
RINT,28.15,2025-11-06T20:55:04Z
RIO,69.215,2025-11-06T20:59:45Z
RIOT,17.315,2025-11-06T20:59:59Z
RIOX,24.34,2025-11-06T20:57:54Z
RITA,19.55,2025-11-06T14:33:37Z
RITM,10.955,2025-11-06T20:59:54Z
RITM-E,25.115,2025-11-06T18:20:01Z
RITR,1.84,2025-11-06T20:13:58Z
RIVN,15.24,2025-11-06T20:59:56Z
RJF,160.96,2025-11-06T20:59:46Z
RJVI,24.88,2025-11-06T18:34:46Z
RKDA,3.935,2025-11-06T20:27:38Z
RKLB,49.605,2025-11-06T20:59:55Z
RKLX,81.98,2025-11-06T20:53:33Z
RKT,15.61,2025-11-06T20:59:59Z
RL,315.02,2025-11-06T20:59:51Z
RLAY,6.525,2025-11-06T20:59:54Z
RLGT,6.07,2025-11-06T20:58:53Z
RLI,60.675,2025-11-06T20:59:39Z
RLJ,6.86,2025-11-06T20:59:59Z
RLJ-A,25.13,2025-11-06T18:43:22Z
RLMD,2.61,2025-11-06T20:59:14Z
RLTY,15.01,2025-11-06T20:42:25Z
RLX,2.315,2025-11-06T20:59:59Z
RLYB,0.6106,2025-11-06T15:40:03Z
RM,36.725,2025-11-06T20:59:37Z
RMAX,7.535,2025-11-06T20:59:51Z
RMBS,106.49,2025-11-06T20:59:56Z
RMCO,3.21,2025-11-06T18:08:27Z
RMD,249.77,2025-11-06T20:59:59Z
RMI,14.62,2025-11-06T20:53:11Z
RMM,14.12,2025-11-06T20:31:12Z
RMMZ,15.11,2025-11-06T18:10:34Z
RMNI,3.865,2025-11-06T20:58:53Z
RMR,15.8,2025-11-06T20:58:16Z
RMT,10.17,2025-11-06T20:58:46Z
RMTI,1.005,2025-11-06T20:16:27Z
RNA,69.775,2025-11-06T20:59:59Z
RNAC,7.57,2025-11-06T20:59:59Z
RNG,26.96,2025-11-06T20:59:54Z
RNGR,13.77,2025-11-06T20:57:12Z
RNP,20.95,2025-11-06T20:38:49Z
RNR,266.02,2025-11-06T20:59:44Z
RNR-F,23.27,2025-11-06T20:59:31Z
RNR-G,16.64,2025-11-06T19:41:35Z
RNST,34.01,2025-11-06T20:59:46Z
RNTX,1.56,2025-11-06T20:59:22Z
RNW,7.45,2025-11-06T20:59:58Z
RNXT,0.9655,2025-11-06T20:59:04Z
ROAD,112.68,2025-11-06T20:59:54Z
ROBN,79.44,2025-11-06T20:53:30Z
ROBO,68.295,2025-11-06T15:56:32Z
ROBT,53.26,2025-11-06T19:46:18Z
ROCK,59.595,2025-11-06T20:58:19Z
ROE,34.525,2025-11-06T20:59:46Z
ROG,83.99,2025-11-06T20:57:14Z
ROIV,20.55,2025-11-06T20:59:58Z
ROK,372.66,2025-11-06T20:59:55Z
ROKU,104.79,2025-11-06T20:59:54Z
ROL,58.66,2025-11-06T20:59:57Z
ROLR,3.17,2025-11-06T20:30:16Z
ROM,97.72,2025-11-06T19:41:32Z
ROOT,81.1,2025-11-06T20:59:52Z
ROP,444.36,2025-11-06T20:59:50Z
ROST,160.14,2025-11-06T20:59:51Z
RPAR,21.4,2025-11-06T19:24:20Z
RPAY,3.86,2025-11-06T20:59:58Z
RPD,14.4,2025-11-06T20:59:55Z
RPG,46.01,2025-11-06T20:53:51Z
RPGL,1.93,2025-11-06T20:55:27Z
RPM,105.72,2025-11-06T20:59:39Z
RPRX,40.76,2025-11-06T20:59:55Z
RPT,2.405,2025-11-06T20:58:16Z
RPTX,1.685,2025-11-06T20:59:43Z
RPV,98.61,2025-11-06T20:55:52Z
RQI,11.97,2025-11-06T18:51:06Z
RR,3.715,2025-11-06T20:59:58Z
RRBI,65.9,2025-11-06T18:01:56Z
RRC,36.71,2025-11-06T20:59:53Z
RRGB,4.79,2025-11-06T20:59:34Z
RRR,55.23,2025-11-06T20:59:46Z
RRX,135.375,2025-11-06T20:59:35Z
RS,274.515,2025-11-06T20:59:32Z
RSEE,33.5,2025-11-06T19:14:03Z
RSF,14.76,2025-11-06T20:54:30Z
RSG,204.18,2025-11-06T20:59:57Z
RSI,16.55,2025-11-06T20:59:57Z
RSKD,4.66,2025-11-06T20:59:56Z
RSMR,21.46,2025-11-06T14:48:19Z
RSMV,26.75,2025-11-06T18:05:08Z
RSP,185.97,2025-11-06T20:59:53Z
RSPA,50.14,2025-11-06T20:48:51Z
RSPD,54.05,2025-11-06T20:58:57Z
RSPE,28.6,2025-11-06T16:32:56Z
RSPG,79.41,2025-11-06T20:50:06Z
RSPH,30.32,2025-11-06T20:51:52Z
RSPN,55.155,2025-11-06T20:59:50Z
RSPS,28.33,2025-11-06T17:38:45Z
RSPT,45.32,2025-11-06T20:55:11Z
RSSB,28.455,2025-11-06T20:59:45Z
RSSE,20.9,2025-11-06T20:58:25Z
RSSL,94.66,2025-11-06T18:01:04Z
RSSS,3.06,2025-11-06T17:48:01Z
RSST,27.4,2025-11-06T19:45:46Z
RSSX,25.1,2025-11-06T16:42:14Z
RSVR,7.28,2025-11-06T20:35:55Z
RTAC,10.97,2025-11-06T20:59:35Z
RTACW,1.32,2025-11-06T18:52:49Z
RTH,250.21,2025-11-06T20:59:45Z
RTO,26.945,2025-11-06T20:59:43Z
RTRE,25.4,2025-11-06T20:51:50Z
RTX,175.11,2025-11-06T20:59:57Z
RUBI,0.229,2025-11-06T20:59:59Z
RUM,5.885,2025-11-06T20:59:57Z
RUMBW,1.79,2025-11-06T18:22:45Z
RUN,20.36,2025-11-06T20:59:54Z
RUSHA,47.2,2025-11-06T20:59:32Z
RVLV,21.1,2025-11-06T20:59:55Z
RVMD,61.42,2025-11-06T20:59:53Z
RVNL,37.94,2025-11-06T19:26:06Z
RVNU,24.77,2025-11-06T20:10:48Z
RVP,0.8336,2025-11-06T16:45:57Z
RVPH,0.5002,2025-11-06T20:59:18Z
RVSB,5.43,2025-11-06T20:59:50Z
RVSN,0.389,2025-11-06T20:59:08Z
RVT,15.74,2025-11-06T20:58:48Z
RVTY,89.54,2025-11-06T20:59:52Z
RVYL,0.2947,2025-11-06T20:58:24Z
RWAY,9.735,2025-11-06T20:59:50Z
RWJ,47.07,2025-11-06T16:57:07Z
RWL,111.235,2025-11-06T20:59:45Z
RWM,16.94,2025-11-06T20:59:45Z
RWO,45.155,2025-11-06T14:50:31Z
RWR,98.7,2025-11-06T20:59:46Z
RWT,5.115,2025-11-06T20:59:59Z
RWTO,25.1,2025-11-06T19:08:34Z
RWTP,25.23,2025-11-06T19:55:44Z
RWX,27.86,2025-11-06T20:59:47Z
RXI,204.195,2025-11-06T20:23:09Z
RXO,13.545,2025-11-06T20:59:52Z
RXRX,4.61,2025-11-06T20:59:56Z
RXST,8.6,2025-11-06T20:59:53Z
RXT,1.465,2025-11-06T20:59:57Z
RY,145.32,2025-11-06T20:59:49Z
RYAAY,63.16,2025-11-06T20:59:26Z
RYAM,6.02,2025-11-06T20:59:56Z
RYAN,56.95,2025-11-06T20:59:52Z
RYDE,0.443,2025-11-06T20:34:58Z
RYI,20.52,2025-11-06T20:59:55Z
RYLD,15.28,2025-11-06T20:59:42Z
RYN,22.425,2025-11-06T20:59:54Z
RYTM,98.41,2025-11-06T20:59:03Z
RZB,24.91,2025-11-06T17:10:26Z
RZLT,9.605,2025-11-06T20:59:55Z
RZLV,3.845,2025-11-06T20:59:52Z
RZLVW,1.21,2025-11-06T20:52:08Z
S,16.36,2025-11-06T20:59:57Z
SA,22.31,2025-11-06T20:59:56Z
SAA,24.1,2025-11-06T20:58:34Z
SABA,8.63,2025-11-06T20:56:23Z
SABR,1.83,2025-11-06T20:59:58Z
SABS,3.1,2025-11-06T20:59:47Z
SACH,1.055,2025-11-06T20:59:25Z
SAFE,12.835,2025-11-06T20:59:45Z
SAFT,73.46,2025-11-06T20:59:07Z
SAFX,0.6761,2025-11-06T20:46:50Z
SAGT,2.57,2025-11-06T20:52:16Z
SAH,59.525,2025-11-06T20:59:28Z
SAIA,273.635,2025-11-06T20:59:34Z
SAIC,90.67,2025-11-06T20:56:20Z
SAIL,19.945,2025-11-06T20:59:59Z
SAM,199.57,2025-11-06T20:56:46Z
SAMG,13.845,2025-11-06T17:32:31Z
SAMT,37.15,2025-11-06T20:45:03Z
SAN,10.29,2025-11-06T20:59:56Z
SANA,4.05,2025-11-06T20:59:58Z
SANM,172.565,2025-11-06T20:59:47Z
SAP,253.8,2025-11-06T20:59:56Z
SAR,21.88,2025-11-06T20:40:52Z
SARK,30.13,2025-11-06T20:59:18Z
SARO,26.85,2025-11-06T20:59:50Z
SATL,1.605,2025-11-06T20:59:45Z
SATS,70.605,2025-11-06T20:59:20Z
SAUG,25.13,2025-11-06T14:54:18Z
SAVA,2.955,2025-11-06T20:59:49Z
SB,4.715,2025-11-06T20:59:44Z
SB-C,25.72,2025-11-06T18:06:22Z
SBAC,194.73,2025-11-06T20:59:57Z
SBAR,26.03,2025-11-06T20:57:36Z
SBB,14.17,2025-11-06T20:56:16Z
SBC,3.105,2025-11-06T19:17:03Z
SBCF,30.54,2025-11-06T20:59:57Z
SBDS,9.3,2025-11-06T15:50:57Z
SBET,11.17,2025-11-06T20:59:57Z
SBEV,1.295,2025-11-06T20:58:50Z
SBFG,20.5,2025-11-06T14:34:58Z
SBFM,1.79,2025-11-06T17:11:15Z
SBGI,16.06,2025-11-06T20:59:53Z
SBH,13.76,2025-11-06T20:59:58Z
SBIL,100.135,2025-11-06T19:45:58Z
SBIO,44.14,2025-11-06T18:21:36Z
SBIT,35.455,2025-11-06T20:59:46Z
SBLK,18.14,2025-11-06T20:59:57Z
SBND,18.9,2025-11-06T20:47:51Z
SBRA,18.83,2025-11-06T20:59:59Z
SBS,25.54,2025-11-06T20:59:59Z
SBSI,28.53,2025-11-06T20:59:57Z
SBSW,10.38,2025-11-06T20:59:58Z
SBTU,14.4,2025-11-06T15:20:28Z
SBUX,82.225,2025-11-06T20:59:55Z
SBXD,10.56,2025-11-06T16:24:37Z
SCCD,23.87,2025-11-06T15:44:45Z
SCCO,137.24,2025-11-06T20:59:49Z
SCCR,25.9,2025-11-06T20:46:32Z
SCD,14.745,2025-11-06T20:59:43Z
SCDV,24.07,2025-11-06T15:46:36Z
SCE-L,16.34,2025-11-06T17:44:56Z
SCE-M,23.65,2025-11-06T16:11:17Z
SCEC,25.46,2025-11-06T20:57:22Z
SCHA,27.48,2025-11-06T20:59:58Z
SCHB,25.78,2025-11-06T20:59:57Z
SCHC,44.38,2025-11-06T20:59:59Z
SCHD,26.51,2025-11-06T20:59:58Z
SCHE,33.65,2025-11-06T20:59:59Z
SCHF,23.57,2025-11-06T20:59:50Z
SCHG,32.41,2025-11-06T20:59:48Z
SCHH,21.035,2025-11-06T20:59:57Z
SCHI,22.985,2025-11-06T20:56:06Z
SCHJ,24.85,2025-11-06T20:59:50Z
SCHK,32.23,2025-11-06T20:59:42Z
SCHL,27.58,2025-11-06T20:59:45Z
SCHM,29.09,2025-11-06T20:56:47Z
SCHO,24.35,2025-11-06T18:53:32Z
SCHP,26.82,2025-11-06T20:59:58Z
SCHQ,32.415,2025-11-06T20:58:10Z
SCHR,25.13,2025-11-06T20:59:50Z
SCHV,28.75,2025-11-06T20:59:58Z
SCHW,94.2,2025-11-06T20:59:53Z
SCHW-D,25.11,2025-11-06T20:28:00Z
SCHW-J,19.78,2025-11-06T17:20:37Z
SCHX,26.46,2025-11-06T20:59:47Z
SCHY,28.45,2025-11-06T20:59:59Z
SCHZ,23.455,2025-11-06T20:56:02Z
SCI,80.22,2025-11-06T20:59:50Z
SCIO,20.8,2025-11-06T20:14:40Z
SCJ,90.8,2025-11-06T17:06:30Z
SCL,42.7,2025-11-06T20:59:33Z
SCLX,17.02,2025-11-06T20:51:59Z
SCM,11.76,2025-11-06T20:58:01Z
SCMB,25.805,2025-11-06T20:58:33Z
SCNI,1.07,2025-11-06T19:52:53Z
SCNX,0.7447,2025-11-06T20:59:10Z
SCO,18.48,2025-11-06T20:59:48Z
SCS,15.8,2025-11-06T20:59:59Z
SCSC,41.4,2025-11-06T20:55:10Z
SCUS,25.175,2025-11-06T20:52:47Z
SCVL,16.96,2025-11-06T20:59:57Z
SCWO,0.3905,2025-11-06T20:48:49Z
SCYB,26.335,2025-11-06T20:59:46Z
SCYX,0.5999,2025-11-06T20:55:11Z
SCZ,75.195,2025-11-06T20:59:41Z
SD,12.82,2025-11-06T20:59:45Z
SDA,1.95,2025-11-06T15:38:15Z
SDCI,22.91,2025-11-06T20:59:55Z
SDD,13.45,2025-11-06T17:21:15Z
SDG,84.65,2025-11-06T17:21:17Z
SDGR,18.64,2025-11-06T20:59:53Z
SDHC,16.8,2025-11-06T20:54:41Z
SDHY,16.45,2025-11-06T19:28:21Z
SDIV,23.655,2025-11-06T20:59:57Z
SDOG,58.66,2025-11-06T20:11:44Z
SDOW,34.83,2025-11-06T20:59:45Z
SDP,11.875,2025-11-06T18:02:50Z
SDRL,28.87,2025-11-06T20:59:51Z
SDS,14.36,2025-11-06T20:59:58Z
SDST,3.95,2025-11-06T18:29:01Z
SDTY,45.28,2025-11-06T16:35:37Z
SDVD,21.14,2025-11-06T20:59:59Z
SDVY,37.365,2025-11-06T20:59:21Z
SDY,136.075,2025-11-06T20:58:13Z
SE,153.51,2025-11-06T20:59:50Z
SEAL-B,25.5,2025-11-06T16:20:47Z
SEAT,10.555,2025-11-06T20:56:03Z
SEB,3800.36,2025-11-06T20:37:30Z
SECT,63.19,2025-11-06T15:36:41Z
SEDG,38.9,2025-11-06T20:59:54Z
SEE,36.915,2025-11-06T20:59:50Z
SEEM,30.81,2025-11-06T20:39:23Z
SEER,2.16,2025-11-06T19:44:18Z
SEF,32.42,2025-11-06T16:52:57Z
SEG,23.79,2025-11-06T20:59:03Z
SEGG,2.71,2025-11-06T20:59:37Z
SEI,53.5,2025-11-06T20:59:53Z
SEIC,82.18,2025-11-06T20:59:45Z
SEIE,30.84,2025-11-06T20:39:23Z
SEIM,45.11,2025-11-06T18:30:12Z
SEIQ,37.74,2025-11-06T20:03:35Z
SEIS,26.93,2025-11-06T20:39:23Z
SEIV,39.63,2025-11-06T20:12:36Z
SEIX,23.44,2025-11-06T19:51:11Z
SEM,13.32,2025-11-06T20:59:58Z
SEMG,26.7,2025-11-06T19:46:47Z
SEMR,7.21,2025-11-06T20:59:58Z
SENEA,102.89,2025-11-06T20:55:02Z
SENS,6.215,2025-11-06T20:59:16Z
SEPN,18.84,2025-11-06T20:52:04Z
SEPT,34.51,2025-11-06T20:24:12Z
SEPW,31.49,2025-11-06T20:24:10Z
SER,4.31,2025-11-06T15:05:31Z
SERA,2.71,2025-11-06T20:58:27Z
SERV,10.71,2025-11-06T20:59:55Z
SES,2.21,2025-11-06T20:59:56Z
SES+,0.34,2025-11-06T20:50:09Z
SETH,9.995,2025-11-06T20:59:48Z
SETM,24.105,2025-11-06T20:55:51Z
SEV,7.785,2025-11-06T15:35:07Z
SEVN,8.97,2025-11-06T20:28:02Z
SEZL,57.94,2025-11-06T20:59:39Z
SF,120.05,2025-11-06T20:59:46Z
SFB,21.34,2025-11-06T15:25:59Z
SFBS,70.47,2025-11-06T20:59:48Z
SFD,21.9,2025-11-06T20:59:54Z
SFGV,30.71,2025-11-06T20:59:27Z
SFHG,0.5101,2025-11-06T15:33:49Z
SFIX,4.18,2025-11-06T20:59:59Z
SFL,7.45,2025-11-06T20:59:51Z
SFLO,28.52,2025-11-06T14:36:04Z
SFLR,36.345,2025-11-06T20:41:04Z
SFM,77.865,2025-11-06T20:59:50Z
SFNC,17.44,2025-11-06T20:59:59Z
SFST,43.7,2025-11-06T14:30:30Z
SFY,132.06,2025-11-06T15:23:55Z
SFYX,15.7,2025-11-06T16:27:55Z
SG,6.245,2025-11-06T20:59:53Z
SGBX,2.13,2025-11-06T20:59:36Z
SGC,9.085,2025-11-06T17:50:53Z
SGDJ,69.52,2025-11-06T20:58:02Z
SGHC,11.76,2025-11-06T20:59:59Z
SGHT,5.01,2025-11-06T20:58:56Z
SGI,88.965,2025-11-06T20:59:52Z
SGML,5.06,2025-11-06T20:59:59Z
SGMO,0.4639,2025-11-06T20:59:56Z
SGMT,7.69,2025-11-06T20:59:58Z
SGN,1.36,2025-11-06T20:55:26Z
SGOL,37.95,2025-11-06T20:45:58Z
SGOV,100.43,2025-11-06T20:59:24Z
SGRP,1.05,2025-11-06T20:58:35Z
SGRY,21.585,2025-11-06T20:59:48Z
SGU,11.455,2025-11-06T20:48:34Z
SGVT,100.46,2025-11-06T20:59:50Z
SH,36.95,2025-11-06T20:58:57Z
SHAK,91.95,2025-11-06T20:59:52Z
SHBI,15.94,2025-11-06T20:59:02Z
SHC,16.01,2025-11-06T20:59:54Z
SHCO,8.885,2025-11-06T20:59:28Z
SHDG,31.84,2025-11-06T18:38:25Z
SHEL,74.225,2025-11-06T20:59:56Z
SHEN,11.25,2025-11-06T20:59:45Z
SHFS,2.31,2025-11-06T20:55:13Z
SHG,54.965,2025-11-06T20:55:08Z
SHIM,2.17,2025-11-06T19:20:55Z
SHIP,8.43,2025-11-06T20:59:05Z
SHLD,65,2025-11-06T20:59:57Z
SHLS,9.13,2025-11-06T20:59:56Z
SHM,47.95,2025-11-06T19:03:43Z
SHMD,4.895,2025-11-06T20:59:46Z
SHNY,108.17,2025-11-06T15:05:25Z
SHO,9.285,2025-11-06T20:59:54Z
SHOC,67.42,2025-11-06T20:46:42Z
SHOO,38.39,2025-11-06T20:59:50Z
SHOP,155.98,2025-11-06T20:59:54Z
SHPD,18.72,2025-11-06T20:55:12Z
SHPH,2.47,2025-11-06T18:35:40Z
SHPU,34.06,2025-11-06T17:03:06Z
SHV,110.19,2025-11-06T20:49:46Z
SHW,333.6,2025-11-06T20:59:55Z
SHY,82.8,2025-11-06T20:59:51Z
SHYD,22.78,2025-11-06T20:58:42Z
SHYG,42.76,2025-11-06T20:59:59Z
SHYL,44.82,2025-11-06T17:21:50Z
SHYM,22.31,2025-11-06T20:59:59Z
SI,11.285,2025-11-06T16:58:06Z
SIBN,15.195,2025-11-06T20:59:50Z
SID,1.585,2025-11-06T20:59:56Z
SIDU,0.99,2025-11-06T20:58:19Z
SIEB,2.665,2025-11-06T20:59:25Z
SIF,6.52,2025-11-06T17:12:55Z
SIFY,10.9,2025-11-06T20:56:41Z
SIG,99.76,2025-11-06T20:59:49Z
SIGA,8.175,2025-11-06T20:59:57Z
SIGI,77.14,2025-11-06T20:59:43Z
SIGIP,17.66,2025-11-06T20:33:30Z
SIHY,45.72,2025-11-06T20:59:38Z
SII,84.16,2025-11-06T20:59:47Z
SIL,63.12,2025-11-06T20:59:51Z
SILA,23.14,2025-11-06T20:59:52Z
SILC,15,2025-11-06T20:35:53Z
SILJ,21.2,2025-11-06T20:59:55Z
SILO,0.4902,2025-11-06T20:49:14Z
SIMO,95.285,2025-11-06T20:59:21Z
SINT,3.43,2025-11-06T20:59:54Z
SIO,26.43,2025-11-06T19:49:18Z
SION,34.45,2025-11-06T20:58:02Z
SIRI,21.62,2025-11-06T20:59:57Z
SITC,7.165,2025-11-06T20:59:57Z
SITE,122.17,2025-11-06T20:59:10Z
SITM,339.315,2025-11-06T20:59:36Z
SIVR,45.72,2025-11-06T20:59:57Z
SIXD,28.54,2025-11-06T20:45:54Z
SIXF,31.225,2025-11-06T16:33:45Z
SIXG,65.365,2025-11-06T17:09:19Z
SIXH,37.925,2025-11-06T17:30:43Z
SIXJ,33.535,2025-11-06T19:18:20Z
SIXO,34.08,2025-11-06T20:59:50Z
SIXP,30.92,2025-11-06T16:30:19Z
SIXZ,29.11,2025-11-06T16:29:21Z
SJB,15.505,2025-11-06T20:59:46Z
SJM,104.95,2025-11-06T20:59:50Z
SJNK,25.275,2025-11-06T20:55:33Z
SJT,6,2025-11-06T20:59:46Z
SKBL,3.3,2025-11-06T20:59:56Z
SKE,15.835,2025-11-06T20:59:47Z
SKF,28.02,2025-11-06T15:27:28Z
SKIL,11.555,2025-11-06T20:39:33Z
SKIN,1.285,2025-11-06T20:59:55Z
SKLZ,6.41,2025-11-06T20:55:01Z
SKM,20.315,2025-11-06T20:59:45Z
SKOR,49.07,2025-11-06T18:22:34Z
SKRE,10.84,2025-11-06T19:54:32Z
SKT,33.58,2025-11-06T20:59:53Z
SKWD,45.61,2025-11-06T20:59:38Z
SKY,81.155,2025-11-06T20:59:54Z
SKYE,1.54,2025-11-06T20:59:57Z
SKYH,9.61,2025-11-06T20:56:41Z
SKYH+,1.19,2025-11-06T15:39:24Z
SKYQ,0.379,2025-11-06T20:59:52Z
SKYT,18.685,2025-11-06T20:59:52Z
SKYW,96.92,2025-11-06T20:58:29Z
SKYX,1.58,2025-11-06T20:58:21Z
SKYY,137.92,2025-11-06T19:41:27Z
SLAB,130.295,2025-11-06T20:59:40Z
SLAI,1.92,2025-11-06T17:19:02Z
SLB,36.38,2025-11-06T20:59:59Z
SLDB,4.215,2025-11-06T20:59:51Z
SLDE,16.61,2025-11-06T20:59:54Z
SLDP,6.745,2025-11-06T20:59:57Z
SLDPW,1.705,2025-11-06T16:21:38Z
SLE,1.16,2025-11-06T18:09:34Z
SLF,59.1,2025-11-06T20:59:52Z
SLG,50.23,2025-11-06T20:59:55Z
SLG-I,21.41,2025-11-06T15:42:23Z
SLGB,2.16,2025-11-06T16:22:17Z
SLGN,38.23,2025-11-06T20:59:44Z
SLI,3.265,2025-11-06T20:59:55Z
SLM,26.75,2025-11-06T20:59:59Z
SLMT,6.855,2025-11-06T20:58:35Z
SLN,6.44,2025-11-06T20:56:06Z
SLND,4.45,2025-11-06T20:52:27Z
SLNH,3.025,2025-11-06T20:59:00Z
SLNHP,11.1,2025-11-06T17:45:47Z
SLNO,43.48,2025-11-06T20:59:58Z
SLON,24.68,2025-11-06T20:59:16Z
SLP,17.71,2025-11-06T20:59:47Z
SLQD,50.67,2025-11-06T20:59:46Z
SLQT,1.675,2025-11-06T20:59:50Z
SLRC,15.155,2025-11-06T20:59:50Z
SLRX,2.835,2025-11-06T20:54:59Z
SLS,1.615,2025-11-06T20:59:53Z
SLSN,3.105,2025-11-06T20:59:45Z
SLSR,6.645,2025-11-06T20:58:53Z
SLTY,38.49,2025-11-06T19:46:43Z
SLV,43.56,2025-11-06T20:59:55Z
SLVM,43.35,2025-11-06T20:59:45Z
SLVP,25.58,2025-11-06T20:27:08Z
SLVR,39.48,2025-11-06T20:31:39Z
SLX,77.69,2025-11-06T16:35:40Z
SLXN,2.81,2025-11-06T17:55:22Z
SLYG,92.885,2025-11-06T18:39:44Z
SLYV,87.5,2025-11-06T20:59:50Z
SM,17.89,2025-11-06T20:59:54Z
SMA,34.19,2025-11-06T20:59:53Z
SMAX,26.9,2025-11-06T16:06:15Z
SMB,17.305,2025-11-06T15:00:14Z
SMBC,53.125,2025-11-06T20:57:56Z
SMBS,25.725,2025-11-06T18:57:08Z
SMC,21.14,2025-11-06T20:28:13Z
SMCC,14.64,2025-11-06T14:45:35Z
SMCI,40.335,2025-11-06T20:59:58Z
SMCL,9.385,2025-11-06T20:59:12Z
SMCO,26.53,2025-11-06T20:59:50Z
SMCX,24.58,2025-11-06T20:59:38Z
SMCY,11.61,2025-11-06T20:59:57Z
SMCZ,4.595,2025-11-06T20:59:59Z
SMDV,65.53,2025-11-06T15:44:15Z
SMFG,16.36,2025-11-06T20:59:54Z
SMG,56.475,2025-11-06T20:59:53Z
SMH,350.94,2025-11-06T20:59:56Z
SMHB,3.85,2025-11-06T15:43:31Z
SMHI,6.62,2025-11-06T20:59:50Z
SMHX,39.26,2025-11-06T20:59:50Z
SMIG,28.2,2025-11-06T20:59:50Z
SMIN,72.695,2025-11-06T20:57:56Z
SMIZ,36.94,2025-11-06T20:32:23Z
SMLF,73.08,2025-11-06T20:54:02Z
SMLR,27.33,2025-11-06T20:59:14Z
SMMD,72.64,2025-11-06T20:58:54Z
SMMT,18.44,2025-11-06T20:59:57Z
SMMV,42.02,2025-11-06T20:28:31Z
SMP,37.715,2025-11-06T20:52:40Z
SMPL,20.08,2025-11-06T20:59:52Z
SMR,32.425,2025-11-06T20:59:56Z
SMRT,1.5,2025-11-06T20:59:59Z
SMSI,0.5856,2025-11-06T17:02:00Z
SMST,46.09,2025-11-06T20:59:34Z
SMTC,69.91,2025-11-06T20:59:52Z
SMTH,26.2,2025-11-06T20:59:11Z
SMTI,28.16,2025-11-06T20:13:51Z
SMU,12.885,2025-11-06T20:59:41Z
SMUP,6.935,2025-11-06T20:57:09Z
SMWB,8.41,2025-11-06T20:56:26Z
SMX,1.96,2025-11-06T20:59:55Z
SMXT,0.9699,2025-11-06T20:06:40Z
SN,91.9,2025-11-06T20:59:51Z
SNA,341.28,2025-11-06T20:59:49Z
SNAL,1.03,2025-11-06T20:30:16Z
SNAP,8.02,2025-11-06T20:59:58Z
SNAV,34.38,2025-11-06T20:29:26Z
SNBR,4.77,2025-11-06T20:59:49Z
SNCR,4.99,2025-11-06T20:59:44Z
SNCY,12.38,2025-11-06T20:59:51Z
SNDA,31.22,2025-11-06T20:58:15Z
SNDK,207.59,2025-11-06T20:59:57Z
SNDL,1.765,2025-11-06T20:59:56Z
SNDR,22.125,2025-11-06T20:59:50Z
SNDX,14.68,2025-11-06T20:59:55Z
SNES,3.065,2025-11-06T20:52:06Z
SNEX,86.03,2025-11-06T20:59:45Z
SNFCA,8,2025-11-06T20:59:10Z
SNGX,1.29,2025-11-06T20:58:20Z
SNN,32.48,2025-11-06T20:59:41Z
SNOA,3.68,2025-11-06T20:59:26Z
SNOU,67.94,2025-11-06T20:59:50Z
SNOW,264.755,2025-11-06T20:59:59Z
SNOY,15.285,2025-11-06T20:59:26Z
SNPE,60.68,2025-11-06T20:59:00Z
SNPS,396.27,2025-11-06T20:59:59Z
SNSR,37.095,2025-11-06T20:58:26Z
SNT,4.535,2025-11-06T20:59:59Z
SNTH,30.79,2025-11-06T18:17:41Z
SNTI,1.82,2025-11-06T18:20:29Z
SNV,44.7,2025-11-06T20:59:56Z
SNWV,26.48,2025-11-06T20:59:53Z
SNX,149.83,2025-11-06T20:59:25Z
SNY,49.485,2025-11-06T20:59:46Z
SNYR,2.16,2025-11-06T17:52:37Z
SO,90.875,2025-11-06T20:59:51Z
SOAR,1.43,2025-11-06T20:59:46Z
SOBO,25.75,2025-11-06T20:59:53Z
SOC,4.82,2025-11-06T20:59:46Z
SOFI,27.15,2025-11-06T20:59:59Z
SOFX,37.69,2025-11-06T20:59:11Z
SOHO,2.155,2025-11-06T20:59:24Z
SOHOB,17,2025-11-06T18:27:58Z
SOHOO,17.55,2025-11-06T20:31:17Z
SOHU,15.05,2025-11-06T20:47:49Z
SOJC,22.64,2025-11-06T20:59:24Z
SOJD,20.71,2025-11-06T20:20:19Z
SOJE,18.45,2025-11-06T19:55:15Z
SOJF,25.92,2025-11-06T16:49:04Z
SOL,1.89,2025-11-06T18:10:38Z
SOLR,31.7,2025-11-06T18:48:30Z
SOLS,45.015,2025-11-06T20:59:47Z
SOLT,11.25,2025-11-06T20:59:48Z
SOLV,66.26,2025-11-06T20:59:54Z
SOLZ,16.12,2025-11-06T20:59:50Z
SON,40.45,2025-11-06T20:59:56Z
SOND,0.621,2025-11-06T20:04:04Z
SONM,11.48,2025-11-06T20:59:38Z
SONN,4.13,2025-11-06T20:59:05Z
SONO,16.285,2025-11-06T20:59:49Z
SONY,28.3,2025-11-06T20:59:50Z
SOPA,1.85,2025-11-06T20:55:02Z
SOPH,4.715,2025-11-06T20:58:46Z
SORA,4.39,2025-11-06T19:32:32Z
SOUN,14.285,2025-11-06T20:59:59Z
SOUNW,6.28,2025-11-06T18:02:07Z
SOUX,30.12,2025-11-06T20:59:13Z
SOWG,0.6582,2025-11-06T20:43:38Z
SOXL,43.075,2025-11-06T20:59:59Z
SOXQ,55.25,2025-11-06T20:59:57Z
SOXS,3.585,2025-11-06T20:59:47Z
SOXX,297.34,2025-11-06T20:59:59Z
SOXY,59.46,2025-11-06T19:10:19Z
SOYB,22.94,2025-11-06T20:57:24Z
SPAB,25.86,2025-11-06T20:59:52Z
SPAI,5.26,2025-11-06T20:59:29Z
SPB,54.76,2025-11-06T20:59:52Z
SPBO,29.475,2025-11-06T20:59:51Z
SPBU,27.96,2025-11-06T19:51:13Z
SPCE,3.58,2025-11-06T20:59:47Z
SPDN,9.62,2025-11-06T20:59:53Z
SPDW,43.105,2025-11-06T20:58:32Z
SPE,15.17,2025-11-06T18:03:12Z
SPEM,47.29,2025-11-06T20:59:59Z
SPEU,49.64,2025-11-06T20:58:02Z
SPFF,9.14,2025-11-06T16:21:12Z
SPG,180.79,2025-11-06T20:59:52Z
SPGI,490.01,2025-11-06T20:59:58Z
SPGM,75.68,2025-11-06T20:55:16Z
SPGP,110.09,2025-11-06T20:57:22Z
SPH,18.25,2025-11-06T20:59:58Z
SPHB,111.99,2025-11-06T20:57:36Z
SPHD,47.12,2025-11-06T20:59:58Z
SPHL,0.5297,2025-11-06T20:59:08Z
SPHQ,73.16,2025-11-06T20:59:45Z
SPHR,73.08,2025-11-06T20:59:54Z
SPHY,23.605,2025-11-06T20:59:46Z
SPIB,33.8,2025-11-06T20:59:45Z
SPIN,31.94,2025-11-06T20:27:05Z
SPIP,26.21,2025-11-06T20:59:12Z
SPIR,8.73,2025-11-06T20:59:48Z
SPIT,27.51,2025-11-06T20:24:28Z
SPKLW,0.4301,2025-11-06T19:38:40Z
SPLB,22.935,2025-11-06T20:58:44Z
SPLV,70.59,2025-11-06T20:59:51Z
SPMB,22.505,2025-11-06T20:59:59Z
SPMC,16.49,2025-11-06T18:07:29Z
SPMD,56.245,2025-11-06T20:59:59Z
SPME,25.07,2025-11-06T15:37:17Z
SPMO,118.1,2025-11-06T20:59:58Z
SPNS,43.12,2025-11-06T20:59:58Z
SPNT,19.33,2025-11-06T20:59:51Z
SPOK,13.28,2025-11-06T20:59:45Z
SPOT,618.395,2025-11-06T20:59:49Z
SPPP,13.43,2025-11-06T20:59:38Z
SPR,35.65,2025-11-06T20:59:58Z
SPRO,2.385,2025-11-06T20:59:03Z
SPRU,2.69,2025-11-06T20:18:43Z
SPRX,40.98,2025-11-06T20:55:52Z
SPRY,8.195,2025-11-06T20:59:57Z
SPSB,30.175,2025-11-06T20:56:09Z
SPSC,80.48,2025-11-06T20:59:53Z
SPSK,18.555,2025-11-06T20:59:45Z
SPSM,45.585,2025-11-06T20:59:54Z
SPT,9.865,2025-11-06T20:59:55Z
SPTB,30.625,2025-11-06T19:29:13Z
SPTE,35.175,2025-11-06T18:09:42Z
SPTI,28.9,2025-11-06T20:59:47Z
SPTL,27.065,2025-11-06T20:59:04Z
SPTM,80.985,2025-11-06T20:59:00Z
SPTS,29.265,2025-11-06T20:26:17Z
SPUS,50.285,2025-11-06T20:59:48Z
SPUU,183.92,2025-11-06T14:50:31Z
SPWH,2.1,2025-11-06T20:59:53Z
SPWR,1.59,2025-11-06T20:59:59Z
SPXC,217.405,2025-11-06T20:59:54Z
SPXE,72.82,2025-11-06T19:58:33Z
SPXL,212.11,2025-11-06T20:58:51Z
SPXS,37.475,2025-11-06T20:59:58Z
SPXT,100.9,2025-11-06T19:40:58Z
SPXU,13.36,2025-11-06T20:59:30Z
SPXV,73.82,2025-11-06T18:51:49Z
SPXX,17.48,2025-11-06T20:59:52Z
SPY,670.24,2025-11-06T20:59:59Z
SPYD,42.22,2025-11-06T20:59:51Z
SPYG,105.45,2025-11-06T20:59:58Z
SPYH,54.66,2025-11-06T16:39:59Z
SPYI,52.08,2025-11-06T20:59:44Z
SPYM,78.83,2025-11-06T20:59:57Z
SPYT,17.85,2025-11-06T20:59:24Z
SPYU,53.37,2025-11-06T20:59:56Z
SPYV,55.45,2025-11-06T20:59:48Z
SPYX,55.18,2025-11-06T20:59:40Z
SQFT,5.86,2025-11-06T14:32:01Z
SQLV,41.69,2025-11-06T15:06:30Z
SQM,46.25,2025-11-06T20:59:51Z
SQNS,5.86,2025-11-06T20:59:43Z
SQQQ,14.28,2025-11-06T20:59:58Z
SR,88.69,2025-11-06T20:59:49Z
SRAD,22.845,2025-11-06T20:59:59Z
SRBK,14.96,2025-11-06T19:28:15Z
SRCE,60.76,2025-11-06T19:56:31Z
SRDX,26.395,2025-11-06T20:56:07Z
SRE,92.74,2025-11-06T20:59:52Z
SREA,22.48,2025-11-06T20:20:20Z
SRET,21.57,2025-11-06T18:39:28Z
SRFM,3.3,2025-11-06T20:59:50Z
SRG,4.025,2025-11-06T20:59:12Z
SRI,5.755,2025-11-06T20:59:27Z
SRLN,41.27,2025-11-06T20:59:54Z
SRPT,17.63,2025-11-06T20:59:57Z
SRPU,11.87,2025-11-06T14:34:05Z
SRRK,28.785,2025-11-06T20:59:56Z
SRS,49.05,2025-11-06T20:54:10Z
SRTA,4.67,2025-11-06T20:59:53Z
SRTS,3.485,2025-11-06T20:39:27Z
SRTY,11.85,2025-11-06T20:59:50Z
SRXH,0.2681,2025-11-06T20:55:38Z
SSB,87.52,2025-11-06T20:59:49Z
SSD,168.565,2025-11-06T20:59:46Z
SSG,8.065,2025-11-06T20:59:59Z
SSII,7.16,2025-11-06T20:24:10Z
SSK,23.85,2025-11-06T20:57:03Z
SSKN,1.63,2025-11-06T20:58:02Z
SSL,6.46,2025-11-06T20:59:59Z
SSM,7.345,2025-11-06T15:13:03Z
SSNC,84.36,2025-11-06T20:59:53Z
SSO,112.58,2025-11-06T20:59:55Z
SSP,2.03,2025-11-06T20:59:58Z
SSRM,19.775,2025-11-06T20:59:58Z
SSSS,10.105,2025-11-06T20:59:54Z
SST,4.53,2025-11-06T20:05:15Z
SSTI,7.99,2025-11-06T20:59:17Z
SSTK,21.92,2025-11-06T20:59:09Z
SSXU,34.2,2025-11-06T17:36:04Z
SSYS,9.45,2025-11-06T20:59:51Z
ST,30.69,2025-11-06T20:59:55Z
STAA,26.64,2025-11-06T20:59:52Z
STAG,38.595,2025-11-06T20:59:52Z
STAI,0.4326,2025-11-06T20:56:31Z
STBA,37.955,2025-11-06T20:59:41Z
STC,69.275,2025-11-06T20:59:27Z
STCE,88.87,2025-11-06T20:07:16Z
STE,260.15,2025-11-06T20:59:58Z
STEC,1,2025-11-06T20:55:34Z
STEL,29.79,2025-11-06T20:57:46Z
STEM,17.23,2025-11-06T20:50:21Z
STEP,62.13,2025-11-06T20:59:51Z
STEW,17.605,2025-11-06T18:32:05Z
STEX,4.71,2025-11-06T20:59:50Z
STFS,0.1857,2025-11-06T20:59:30Z
STGW,5.62,2025-11-06T20:59:57Z
STHO,7.03,2025-11-06T20:59:07Z
STI,10.21,2025-11-06T17:57:51Z
STIM,2.52,2025-11-06T20:59:59Z
STIP,102.805,2025-11-06T20:59:52Z
STK,38.895,2025-11-06T20:47:21Z
STKE,2.91,2025-11-06T14:57:48Z
STKH,2.54,2025-11-06T17:23:20Z
STKL,3.86,2025-11-06T20:59:57Z
STKS,1.91,2025-11-06T20:58:43Z
STLA,10.07,2025-11-06T20:59:56Z
STLD,152.86,2025-11-06T20:59:52Z
STM,23.645,2025-11-06T20:59:57Z
STN,108.51,2025-11-06T20:59:23Z
STNE,18.88,2025-11-06T20:59:53Z
STNG,63.22,2025-11-06T20:59:53Z
STOK,22.44,2025-11-06T20:59:54Z
STOX,27.59,2025-11-06T18:16:10Z
STPZ,53.875,2025-11-06T19:10:42Z
STRA,75.26,2025-11-06T20:58:30Z
STRC,99.92,2025-11-06T20:59:01Z
STRD,76.89,2025-11-06T20:50:46Z
STRF,110.23,2025-11-06T20:55:25Z
STRK,88.19,2025-11-06T18:18:20Z
STRL,388.495,2025-11-06T20:59:45Z
STRO,0.9417,2025-11-06T20:59:33Z
STRT,67.705,2025-11-06T20:34:10Z
STRV,43.77,2025-11-06T14:50:31Z
STRZ,10.26,2025-11-06T20:32:28Z
STSS,3.78,2025-11-06T20:57:57Z
STT,117.26,2025-11-06T20:59:53Z
STTK,1.94,2025-11-06T20:59:54Z
STUB,18.26,2025-11-06T20:59:58Z
STVN,24.44,2025-11-06T20:59:58Z
STWD,18.25,2025-11-06T20:59:56Z
STX,278.41,2025-11-06T20:59:59Z
STXG,50.61,2025-11-06T20:05:17Z
STXS,2.685,2025-11-06T20:59:55Z
STXT,20.24,2025-11-06T20:58:30Z
STXV,32.06,2025-11-06T18:05:47Z
STZ,128.01,2025-11-06T20:59:44Z
SU,42,2025-11-06T20:59:59Z
SUB,106.33,2025-11-06T20:59:55Z
SUI,124.1,2025-11-06T20:59:45Z
SUIG,2.475,2025-11-06T20:59:46Z
SUN,52.17,2025-11-06T20:59:54Z
SUNC,49.83,2025-11-06T20:59:43Z
SUNE,1.28,2025-11-06T20:59:38Z
SUNS,9.26,2025-11-06T20:59:41Z
SUPN,47.27,2025-11-06T20:59:49Z
SUPV,11.995,2025-11-06T20:59:53Z
SUPX,50.6,2025-11-06T20:57:55Z
SURG,2.47,2025-11-06T20:57:26Z
SUSA,136.97,2025-11-06T20:59:49Z
SUSB,25.22,2025-11-06T20:59:46Z
SUSC,23.475,2025-11-06T20:59:04Z
SUSL,118.51,2025-11-06T17:01:21Z
SUUN,1.71,2025-11-06T20:57:09Z
SUZ,9.05,2025-11-06T20:59:59Z
SVAC,10.5,2025-11-06T15:24:59Z
SVC,2.045,2025-11-06T20:59:57Z
SVCO,4.89,2025-11-06T20:59:48Z
SVIX,19.12,2025-11-06T20:59:58Z
SVM,6.19,2025-11-06T20:59:58Z
SVOL,17.415,2025-11-06T20:59:58Z
SVRA,3.975,2025-11-06T20:59:58Z
SVRE,1.15,2025-11-06T20:46:48Z
SVV,7.895,2025-11-06T20:59:58Z
SVXY,48.68,2025-11-06T20:59:52Z
SW,35.675,2025-11-06T20:59:55Z
SWAG,1.99,2025-11-06T20:59:31Z
SWAN,32.47,2025-11-06T19:25:44Z
SWBI,8.695,2025-11-06T20:59:50Z
SWIM,6.605,2025-11-06T20:59:52Z
SWK,67.45,2025-11-06T20:59:55Z
SWKH,16.965,2025-11-06T19:24:16Z
SWKS,70.63,2025-11-06T20:59:57Z
SWP,28.14,2025-11-06T20:55:00Z
SWX,78.86,2025-11-06T20:59:46Z
SWZ,6.02,2025-11-06T20:48:06Z
SXC,6.64,2025-11-06T20:59:59Z
SXI,237,2025-11-06T20:51:11Z
SXT,91.87,2025-11-06T20:59:39Z
SXTC,1.44,2025-11-06T20:57:58Z
SXTP,1.235,2025-11-06T15:56:35Z
SXTPW,0.0684,2025-11-06T18:52:18Z
SY,4.32,2025-11-06T20:59:59Z
SYBT,66.445,2025-11-06T20:53:19Z
SYF,73.57,2025-11-06T20:59:59Z
SYF-A,19.9,2025-11-06T20:30:46Z
SYFI,35.72,2025-11-06T20:50:30Z
SYK,353.8,2025-11-06T20:59:52Z
SYLD,67.12,2025-11-06T17:02:29Z
SYM,70.18,2025-11-06T20:59:54Z
SYNA,68.485,2025-11-06T20:59:26Z
SYNX,1.53,2025-11-06T20:58:21Z
SYRE,22.36,2025-11-06T20:59:15Z
SYY,72.92,2025-11-06T20:59:58Z
SYZ,24.04,2025-11-06T19:25:12Z
T,24.77,2025-11-06T20:59:59Z
T-A,20.4,2025-11-06T20:33:35Z
T-C,19.44,2025-11-06T20:59:36Z
TAC,14.98,2025-11-06T20:59:58Z
TACHW,0.36,2025-11-06T15:40:11Z
TACOW,0.4301,2025-11-06T19:23:07Z
TACT,4.385,2025-11-06T20:57:50Z
TAFI,25.25,2025-11-06T20:59:59Z
TAFL,25.23,2025-11-06T19:10:53Z
TAFM,25.55,2025-11-06T19:15:32Z
TAGG,43.2,2025-11-06T20:58:05Z
TAGS,23.32,2025-11-06T16:31:02Z
TAIL,11.89,2025-11-06T20:30:59Z
TAIT,2.19,2025-11-06T20:59:22Z
TAK,13.63,2025-11-06T20:59:55Z
TAL,12.02,2025-11-06T20:59:59Z
TALK,3.39,2025-11-06T20:59:59Z
TALO,9.79,2025-11-06T20:59:56Z
TAN,50.16,2025-11-06T20:58:55Z
TAOX,8.02,2025-11-06T20:55:06Z
TAP,44.085,2025-11-06T20:59:54Z
TAPR,25.69,2025-11-06T15:37:56Z
TARA,4.29,2025-11-06T20:59:57Z
TARK,70.56,2025-11-06T16:29:46Z
TARS,68.035,2025-11-06T20:59:49Z
TASK,12.475,2025-11-06T20:59:52Z
TATT,37.26,2025-11-06T20:59:46Z
TAXF,50.5,2025-11-06T14:52:55Z
TBB,22.73,2025-11-06T20:59:45Z
TBBB,27.44,2025-11-06T20:58:27Z
TBBK,61.425,2025-11-06T20:59:38Z
TBCH,14.945,2025-11-06T20:59:46Z
TBF,23.6,2025-11-06T20:58:54Z
TBFG,29.79,2025-11-06T19:43:13Z
TBG,32.61,2025-11-06T20:24:28Z
TBH,1.065,2025-11-06T20:59:33Z
TBHC,1.48,2025-11-06T19:04:29Z
TBI,5.04,2025-11-06T20:59:37Z
TBIL,49.88,2025-11-06T20:57:58Z
TBJL,20.18,2025-11-06T20:44:42Z
TBLA,3.775,2025-11-06T20:59:58Z
TBLD,20.23,2025-11-06T16:06:58Z
TBLL,105.695,2025-11-06T20:55:02Z
TBN,23.325,2025-11-06T17:34:59Z
TBPH,14.88,2025-11-06T20:59:48Z
TBRG,19.18,2025-11-06T20:57:15Z
TBT,33.26,2025-11-06T20:59:08Z
TBUX,49.885,2025-11-06T20:52:01Z
TCAF,37.99,2025-11-06T20:59:47Z
TCAL,23.71,2025-11-06T20:45:16Z
TCBI,84.595,2025-11-06T20:59:26Z
TCBK,44.64,2025-11-06T20:56:00Z
TCBX,36.72,2025-11-06T16:43:49Z
TCGL,4.87,2025-11-06T19:34:13Z
TCHP,48.82,2025-11-06T20:59:47Z
TCMD,23.87,2025-11-06T20:59:06Z
TCOM,69.98,2025-11-06T20:59:50Z
TCPA,24.66,2025-11-06T20:17:21Z
TCPC,5.78,2025-11-06T20:59:54Z
TCRT,2.52,2025-11-06T17:45:54Z
TCRX,1.145,2025-11-06T20:58:55Z
TCX,18.91,2025-11-06T19:03:24Z
TD,80.41,2025-11-06T20:59:55Z
TDAC,10.45,2025-11-06T17:04:34Z
TDAQ,26.38,2025-11-06T20:55:00Z
TDC,28.3,2025-11-06T20:59:59Z
TDF,11.635,2025-11-06T16:22:46Z
TDG,1272.755,2025-11-06T20:59:54Z
TDIC,0.48,2025-11-06T20:29:27Z
TDIV,98.01,2025-11-06T20:57:12Z
TDOC,7.615,2025-11-06T20:59:59Z
TDS,38.53,2025-11-06T20:59:23Z
TDS-U,20.38,2025-11-06T20:55:49Z
TDS-V,18.8,2025-11-06T18:34:58Z
TDSB,23.725,2025-11-06T16:00:50Z
TDTF,24.145,2025-11-06T20:56:28Z
TDTH,0.5865,2025-11-06T20:47:35Z
TDTT,24.17,2025-11-06T20:59:45Z
TDUP,7.885,2025-11-06T20:59:58Z
TDVG,43.81,2025-11-06T20:59:54Z
TDVI,28.29,2025-11-06T20:59:44Z
TDW,50.94,2025-11-06T20:59:51Z
TDY,506.66,2025-11-06T20:59:32Z
TE,3.68,2025-11-06T20:59:55Z
TEAD,0.7963,2025-11-06T20:59:11Z
TEAF,12.355,2025-11-06T20:59:35Z
TEAM,156.15,2025-11-06T20:59:57Z
TECB,61.38,2025-11-06T20:46:17Z
TECH,58.175,2025-11-06T20:59:59Z
TECK,41.43,2025-11-06T20:59:50Z
TECL,130.08,2025-11-06T20:59:37Z
TECS,17.68,2025-11-06T20:59:41Z
TECX,19,2025-11-06T20:59:48Z
TEF,4.14,2025-11-06T20:59:57Z
TEI,6.31,2025-11-06T20:59:34Z
TEK,31.45,2025-11-06T17:45:40Z
TEL,242.33,2025-11-06T20:59:55Z
TELA,1.16,2025-11-06T16:59:18Z
TELO,1.35,2025-11-06T20:59:59Z
TEM,72.09,2025-11-06T20:59:59Z
TEMT,23.41,2025-11-06T20:37:24Z
TEN,24.44,2025-11-06T20:56:40Z
TENB,27.39,2025-11-06T20:59:54Z
TEND,25.13,2025-11-06T16:56:48Z
TEO,12.26,2025-11-06T20:58:47Z
TEQI,43.13,2025-11-06T18:41:27Z
TER,185.02,2025-11-06T20:59:56Z
TERN,18.23,2025-11-06T20:59:57Z
TESL,28.45,2025-11-06T14:38:32Z
TETH,16.48,2025-11-06T20:59:44Z
TEVA,24.455,2025-11-06T20:59:58Z
TEX,46.23,2025-11-06T20:59:53Z
TFC,44,2025-11-06T20:59:59Z
TFC-O,22.43,2025-11-06T18:48:39Z
TFC-R,19.88,2025-11-06T20:50:03Z
TFI,45.74,2025-11-06T20:58:18Z
TFII,85.715,2025-11-06T20:59:00Z
TFIN,54.07,2025-11-06T20:56:52Z
TFLO,50.465,2025-11-06T20:14:21Z
TFLR,51.39,2025-11-06T20:56:29Z
TFPM,27.72,2025-11-06T20:59:51Z
TFSL,13.575,2025-11-06T20:59:45Z
TFX,108.55,2025-11-06T20:59:56Z
TG,6.295,2025-11-06T20:58:37Z
TGB,4.345,2025-11-06T20:59:59Z
TGE,1.16,2025-11-06T20:59:15Z
TGEN,8.13,2025-11-06T20:59:48Z
TGL,0.7984,2025-11-06T20:32:37Z
TGLS,52.51,2025-11-06T20:59:39Z
TGNA,19.85,2025-11-06T20:59:59Z
TGRT,44.17,2025-11-06T18:56:57Z
TGS,29.23,2025-11-06T20:59:07Z
TGT,89.18,2025-11-06T20:59:57Z
TGTX,33.25,2025-11-06T20:59:59Z
TH,6.52,2025-11-06T20:59:50Z
THAR,4.17,2025-11-06T20:59:21Z
THC,204.26,2025-11-06T20:59:26Z
THD,60.475,2025-11-06T20:59:44Z
THFF,55.51,2025-11-06T20:57:19Z
THG,176.795,2025-11-06T20:59:40Z
THH,8.45,2025-11-06T20:57:38Z
THIR,31.71,2025-11-06T18:15:01Z
THM,1.665,2025-11-06T20:59:45Z
THMZ,32.16,2025-11-06T19:12:16Z
THNQ,66.27,2025-11-06T18:37:19Z
THO,101.78,2025-11-06T20:59:47Z
THQ,17.58,2025-11-06T20:38:34Z
THR,32.86,2025-11-06T20:59:44Z
THRM,35.98,2025-11-06T20:57:21Z
THRO,37.955,2025-11-06T20:59:51Z
THRY,6.88,2025-11-06T20:59:47Z
THS,18.66,2025-11-06T20:59:55Z
THW,12.06,2025-11-06T20:48:20Z
THYF,52.11,2025-11-06T17:28:27Z
TIC,11.14,2025-11-06T20:59:58Z
TIGO,47.77,2025-11-06T20:59:50Z
TIGR,10.355,2025-11-06T20:59:59Z
TIL,14.95,2025-11-06T18:58:37Z
TILE,25.75,2025-11-06T20:58:56Z
TILL,17.63,2025-11-06T16:46:58Z
TIMB,22.79,2025-11-06T20:59:00Z
TIME,24.56,2025-11-06T19:04:43Z
TIP,110.875,2025-11-06T20:59:57Z
TIPT,18.34,2025-11-06T20:54:36Z
TIPX,19.19,2025-11-06T20:59:50Z
TIRX,0.8796,2025-11-06T14:52:28Z
TITN,16.19,2025-11-06T20:38:20Z
TIVC,2.235,2025-11-06T20:40:02Z
TJAN,26.99,2025-11-06T20:24:29Z
TJX,143.68,2025-11-06T20:59:56Z
TK,9.755,2025-11-06T20:59:58Z
TKC,6.03,2025-11-06T20:59:52Z
TKNO,4.8,2025-11-06T20:59:55Z
TKO,181.145,2025-11-06T20:59:57Z
TKR,77.94,2025-11-06T20:59:26Z
TLCI,25.77,2025-11-06T15:47:33Z
TLF,2.92,2025-11-06T20:54:13Z
TLH,103.365,2025-11-06T20:59:42Z
TLIH,0.4155,2025-11-06T20:58:41Z
TLK,20.47,2025-11-06T20:59:55Z
TLN,385.98,2025-11-06T20:59:57Z
TLPH,1.17,2025-11-06T20:59:53Z
TLRY,1.21,2025-11-06T20:57:25Z
TLS,6.57,2025-11-06T20:59:56Z
TLSA,1.795,2025-11-06T20:59:51Z
TLSI,4.41,2025-11-06T20:57:28Z
TLT,89.77,2025-11-06T20:59:59Z
TLTE,65.04,2025-11-06T14:39:44Z
TLTP,22.74,2025-11-06T20:50:42Z
TLTW,23.385,2025-11-06T20:56:49Z
TLX,9.865,2025-11-06T20:56:20Z
TLYS,1.43,2025-11-06T20:57:29Z
TM,203,2025-11-06T20:59:48Z
TMAT,26.75,2025-11-06T20:54:34Z
TMB,25.66,2025-11-06T20:04:42Z
TMC,5.53,2025-11-06T20:59:56Z
TMCI,6.25,2025-11-06T20:59:57Z
TMCWW,1.015,2025-11-06T15:23:24Z
TMDE,0.7263,2025-11-06T19:55:14Z
TMDX,124.87,2025-11-06T20:59:30Z
TME,22.31,2025-11-06T20:59:58Z
TMF,41.05,2025-11-06T20:59:51Z
TMFC,71.43,2025-11-06T20:12:55Z
TMFG,29.895,2025-11-06T19:32:40Z
TMFX,21.04,2025-11-06T18:05:10Z
TMHC,58.56,2025-11-06T20:59:48Z
TMO,566.3,2025-11-06T20:59:48Z
TMP,67.01,2025-11-06T17:45:14Z
TMQ,3.95,2025-11-06T20:59:57Z
TMSL,34.62,2025-11-06T20:49:41Z
TMUS,201,2025-11-06T20:59:58Z
TMUSI,23.23,2025-11-06T20:33:03Z
TMUSZ,23.34,2025-11-06T20:10:09Z
TMV,34.24,2025-11-06T20:55:24Z
TNA,43.24,2025-11-06T20:59:58Z
TNC,74.06,2025-11-06T20:58:31Z
TNDM,13.325,2025-11-06T20:59:50Z
TNET,55.235,2025-11-06T20:59:55Z
TNGX,8.005,2025-11-06T20:59:54Z
TNGY,9.09,2025-11-06T19:02:00Z
TNK,61.05,2025-11-06T20:59:11Z
TNL,62.095,2025-11-06T20:59:40Z
TNMG,0.2787,2025-11-06T20:32:15Z
TNON,1.14,2025-11-06T20:56:01Z
TNXP,17.36,2025-11-06T20:59:36Z
TNYA,1.345,2025-11-06T20:59:52Z
TOCT,26.38,2025-11-06T15:37:35Z
TOI,3.8,2025-11-06T20:59:59Z
TOL,132.75,2025-11-06T20:59:57Z
TONX,3.16,2025-11-06T20:59:48Z
TOON,0.6622,2025-11-06T20:55:16Z
TOPP,1.25,2025-11-06T20:58:38Z
TOPT,30.9,2025-11-06T20:58:57Z
TORO,3.48,2025-11-06T20:56:38Z
TOST,36.37,2025-11-06T20:59:54Z
TOTL,40.435,2025-11-06T20:59:45Z
TOTR,40.975,2025-11-06T20:55:39Z
TOUS,33.515,2025-11-06T20:59:46Z
TOV,28.51,2025-11-06T14:50:33Z
TOVX,0.2665,2025-11-06T20:53:33Z
TOWN,32.86,2025-11-06T20:59:44Z
TOYO,6.74,2025-11-06T20:55:15Z
TPB,100.145,2025-11-06T20:59:46Z
TPC,67.4,2025-11-06T20:59:54Z
TPCS,4.19,2025-11-06T19:02:14Z
TPET,0.9245,2025-11-06T18:53:04Z
TPG,54.66,2025-11-06T20:59:52Z
TPGXL,25.73,2025-11-06T19:06:48Z
TPH,31.435,2025-11-06T20:59:56Z
TPHD,37.9,2025-11-06T20:59:46Z
TPIF,33.455,2025-11-06T16:30:14Z
TPL,1011.66,2025-11-06T20:59:48Z
TPLC,45.24,2025-11-06T18:52:55Z
TPR,98.83,2025-11-06T20:59:48Z
TPVG,5.74,2025-11-06T20:59:21Z
TPYP,34.635,2025-11-06T20:56:21Z
TQQQ,106.815,2025-11-06T20:59:58Z
TQQY,17.86,2025-11-06T16:49:24Z
TR,36.8,2025-11-06T20:59:40Z
TRAK,15,2025-11-06T20:57:09Z
TRAW,2.04,2025-11-06T20:39:15Z
TRC,15.75,2025-11-06T20:59:44Z
TRDA,6.995,2025-11-06T20:59:55Z
TREE,53.36,2025-11-06T20:47:21Z
TREX,31.94,2025-11-06T20:59:54Z
TRFK,69.92,2025-11-06T20:45:12Z
TRGP,169.925,2025-11-06T20:59:50Z
TRI,138.945,2025-11-06T20:59:59Z
TRIN,14.405,2025-11-06T20:59:51Z
TRIP,15.43,2025-11-06T20:59:52Z
TRMB,78.89,2025-11-06T20:59:50Z
TRMD,22.34,2025-11-06T20:58:59Z
TRMK,37.73,2025-11-06T20:59:47Z
TRN,25.9,2025-11-06T20:59:58Z
TRNO,59.01,2025-11-06T20:59:55Z
TRNR,2.6,2025-11-06T19:12:19Z
TRNS,58.22,2025-11-06T20:43:55Z
TRON,2.135,2025-11-06T20:59:59Z
TROO,1.18,2025-11-06T14:55:58Z
TROW,102.135,2025-11-06T20:59:48Z
TROX,3.17,2025-11-06T20:59:57Z
TRP,50.48,2025-11-06T20:59:55Z
TRS,31.76,2025-11-06T20:59:54Z
TRST,38.72,2025-11-06T16:05:47Z
TRSY,30.09,2025-11-06T20:49:18Z
TRT,6.71,2025-11-06T20:35:41Z
TRTN-F,25.025,2025-11-06T20:11:40Z
TRTX,8.93,2025-11-06T20:59:52Z
TRTX-C,17.82,2025-11-06T17:59:20Z
TRU,79.02,2025-11-06T20:59:59Z
TRUD,26.28,2025-11-06T18:02:55Z
TRUE,2.19,2025-11-06T20:59:08Z
TRUG,1.8,2025-11-06T20:49:19Z
TRUP,42.11,2025-11-06T20:59:50Z
TRUT,26.81,2025-11-06T19:08:10Z
TRV,276.25,2025-11-06T20:59:52Z
TRVG,3.09,2025-11-06T16:40:59Z
TRVI,11.03,2025-11-06T20:59:55Z
TRX,0.5702,2025-11-06T20:58:51Z
TS,40.62,2025-11-06T20:59:50Z
TSAT,26.805,2025-11-06T20:55:53Z
TSCO,53.1,2025-11-06T20:59:53Z
TSDD,9.19,2025-11-06T20:59:57Z
TSE,1.25,2025-11-06T20:59:40Z
TSEM,84.355,2025-11-06T20:59:44Z
TSHA,3.91,2025-11-06T20:59:57Z
TSI,4.92,2025-11-06T16:19:51Z
TSII,28.66,2025-11-06T20:15:50Z
TSL,18.67,2025-11-06T20:59:55Z
TSLA,445.895,2025-11-06T20:59:58Z
TSLG,10.16,2025-11-06T20:59:55Z
TSLI,42.015,2025-11-06T14:47:50Z
TSLL,20.4,2025-11-06T20:59:59Z
TSLP,24.6,2025-11-06T20:56:06Z
TSLQ,22.15,2025-11-06T20:59:48Z
TSLR,32.81,2025-11-06T20:59:46Z
TSLS,5.25,2025-11-06T20:59:41Z
TSLT,27.73,2025-11-06T20:57:27Z
TSLV,20.44,2025-11-06T15:12:46Z
TSLW,37.2,2025-11-06T18:43:10Z
TSLX,21.155,2025-11-06T20:59:52Z
TSLY,8.25,2025-11-06T20:59:51Z
TSLZ,13.04,2025-11-06T20:57:27Z
TSM,289.225,2025-11-06T20:59:59Z
TSME,40.78,2025-11-06T20:57:01Z
TSMG,24.53,2025-11-06T20:55:52Z
TSMU,41.955,2025-11-06T14:53:50Z
TSMX,48.87,2025-11-06T20:50:33Z
TSMY,15.865,2025-11-06T20:59:46Z
TSMZ,12.92,2025-11-06T20:59:15Z
TSN,51.73,2025-11-06T20:59:59Z
TSPA,42.265,2025-11-06T20:59:47Z
TSPY,25.2,2025-11-06T20:59:04Z
TSQ,6.23,2025-11-06T20:58:40Z
TSSI,16.34,2025-11-06T20:59:00Z
TSXU,31.71,2025-11-06T19:50:51Z
TSYY,7.505,2025-11-06T20:59:45Z
TT,435.99,2025-11-06T20:59:46Z
TTAM,15.33,2025-11-06T20:59:45Z
TTAN,92,2025-11-06T20:59:17Z
TTC,73.61,2025-11-06T20:59:55Z
TTD,45.905,2025-11-06T20:59:58Z
TTDU,24.94,2025-11-06T20:57:53Z
TTE,61.13,2025-11-06T20:59:55Z
TTEC,3.135,2025-11-06T20:58:56Z
TTEK,31.92,2025-11-06T20:59:50Z
TTEQ,33.14,2025-11-06T17:58:01Z
TTGT,4.94,2025-11-06T20:59:34Z
TTI,7.46,2025-11-06T20:59:56Z
TTMI,68.1,2025-11-06T20:59:50Z
TTRX,4.085,2025-11-06T20:06:50Z
TTSH,6.265,2025-11-06T20:58:40Z
TTWO,252.56,2025-11-06T20:59:55Z
TTXD,24.98,2025-11-06T16:57:18Z
TTXU,24.76,2025-11-06T20:32:13Z
TU,14.625,2025-11-06T20:59:56Z
TUA,21.955,2025-11-06T20:59:46Z
TUGN,26.03,2025-11-06T17:43:48Z
TUR,34.26,2025-11-06T20:59:35Z
TURB,2.62,2025-11-06T20:59:51Z
TUSB,50.405,2025-11-06T19:42:49Z
TUSI,25.345,2025-11-06T18:45:14Z
TUSK,2.015,2025-11-06T20:58:38Z
TUYA,2.2,2025-11-06T20:59:20Z
TV,2.815,2025-11-06T20:59:49Z
TVA,10.99,2025-11-06T15:34:36Z
TVACW,1.4,2025-11-06T19:45:11Z
TVAL,34.065,2025-11-06T20:59:46Z
TVC,24.025,2025-11-06T19:52:13Z
TVE,24.07,2025-11-06T16:27:59Z
TVGN,0.4641,2025-11-06T20:58:55Z
TVRD,3.96,2025-11-06T20:53:14Z
TVTX,33.295,2025-11-06T20:59:54Z
TW,106.95,2025-11-06T20:59:57Z
TWFG,24.775,2025-11-06T20:26:40Z
TWI,7.71,2025-11-06T20:59:58Z
TWIN,16.07,2025-11-06T20:59:47Z
TWLO,127.49,2025-11-06T20:59:56Z
TWM,34.19,2025-11-06T20:59:58Z
TWN,56.37,2025-11-06T19:58:34Z
TWO,9.53,2025-11-06T20:59:59Z
TWO-B,22.69,2025-11-06T19:22:52Z
TWST,30.645,2025-11-06T20:59:54Z
TX,35.625,2025-11-06T20:56:47Z
TXG,12.99,2025-11-06T20:59:59Z
TXMD,1.29,2025-11-06T20:03:55Z
TXN,161.4,2025-11-06T20:59:58Z
TXNM,57.09,2025-11-06T20:59:58Z
TXO,13.09,2025-11-06T20:48:56Z
TXRH,160.62,2025-11-06T20:59:52Z
TXT,80.48,2025-11-06T20:59:30Z
TXUE,30.26,2025-11-06T20:58:45Z
TXUG,24.62,2025-11-06T15:48:46Z
TY,33.98,2025-11-06T20:48:25Z
TYA,13.76,2025-11-06T15:52:09Z
TYD,26.02,2025-11-06T20:59:54Z
TYG,43.27,2025-11-06T20:52:15Z
TYGO,2.27,2025-11-06T20:59:52Z
TYL,464.53,2025-11-06T20:59:52Z
TYO,13.06,2025-11-06T18:42:41Z
TYRA,14.28,2025-11-06T20:59:04Z
TZA,8.29,2025-11-06T20:59:32Z
TZOO,7.5,2025-11-06T20:59:52Z
TZUP,3.93,2025-11-06T20:58:47Z
U,39.94,2025-11-06T20:59:54Z
UA,4.35,2025-11-06T20:59:57Z
UAA,4.56,2025-11-06T20:59:59Z
UAE,19.305,2025-11-06T20:59:41Z
UAL,95.69,2025-11-06T20:59:51Z
UAMY,7.07,2025-11-06T20:59:59Z
UAN,99.27,2025-11-06T20:58:35Z
UAVS,1.295,2025-11-06T20:59:51Z
UBER,92.2,2025-11-06T20:59:49Z
UBFO,9.5,2025-11-06T20:56:34Z
UBND,22.095,2025-11-06T20:59:46Z
UBOT,25.57,2025-11-06T18:02:48Z
UBRL,30.7,2025-11-06T20:44:02Z
UBS,38.04,2025-11-06T20:59:59Z
UBSI,36.175,2025-11-06T20:59:58Z
UBT,17.625,2025-11-06T20:59:45Z
UCAR,2.1,2025-11-06T14:30:29Z
UCB,29.495,2025-11-06T20:59:45Z
UCL,2.2,2025-11-06T14:43:24Z
UCO,20.94,2025-11-06T20:59:50Z
UCON,25.215,2025-11-06T20:58:52Z
UCTT,26.13,2025-11-06T20:59:01Z
UDEC,38.7,2025-11-06T16:06:13Z
UDMY,5.18,2025-11-06T20:59:56Z
UDN,18.46,2025-11-06T19:39:58Z
UDOW,109.31,2025-11-06T20:59:48Z
UDR,33.765,2025-11-06T20:59:50Z
UE,18.715,2025-11-06T20:59:55Z
UEC,12.2,2025-11-06T20:59:58Z
UEIC,3.4,2025-11-06T20:13:16Z
UFCS,35.17,2025-11-06T20:55:48Z
UFEB,35.94,2025-11-06T17:57:48Z
UFG,1.04,2025-11-06T17:57:30Z
UFI,4.035,2025-11-06T20:58:02Z
UFIV,49.34,2025-11-06T15:27:30Z
UFO,34.66,2025-11-06T15:34:46Z
UFPI,92.415,2025-11-06T20:59:51Z
UFPT,223,2025-11-06T20:54:40Z
UG,6.75,2025-11-06T18:42:33Z
UGA,66.94,2025-11-06T15:20:41Z
UGE,15.89,2025-11-06T15:37:35Z
UGI,33.73,2025-11-06T20:59:50Z
UGL,48.08,2025-11-06T20:58:15Z
UGP,4.125,2025-11-06T20:59:56Z
UGRO,0.3207,2025-11-06T19:37:39Z
UHAL,53.14,2025-11-06T20:55:21Z
UHAL.B,48.525,2025-11-06T20:59:21Z
UHG,1.405,2025-11-06T18:32:45Z
UHS,226.52,2025-11-06T20:59:02Z
UHT,38.11,2025-11-06T17:00:35Z
UI,760.935,2025-11-06T20:57:29Z
UIS,2.7,2025-11-06T20:59:55Z
UITB,47.635,2025-11-06T20:59:46Z
UK,0.8545,2025-11-06T20:58:56Z
UKOMW,0.0035,2025-11-06T17:30:07Z
UL,60.93,2025-11-06T20:59:55Z
ULBI,6.86,2025-11-06T20:51:15Z
ULCC,3.87,2025-11-06T20:59:56Z
ULH,15.48,2025-11-06T20:59:14Z
ULS,85.69,2025-11-06T20:59:49Z
ULTA,509.84,2025-11-06T20:59:49Z
ULTI,23.735,2025-11-06T18:41:49Z
ULTY,4.555,2025-11-06T20:59:58Z
ULY,2.44,2025-11-06T15:15:34Z
UMAC,10.74,2025-11-06T20:59:04Z
UMAR,39.18,2025-11-06T18:24:28Z
UMBF,106.97,2025-11-06T20:59:32Z
UMBFO,27.01,2025-11-06T17:44:12Z
UMC,7.3,2025-11-06T20:59:59Z
UMH,14.89,2025-11-06T20:59:58Z
UMH-D,22.73,2025-11-06T20:01:21Z
UMI,48.63,2025-11-06T20:58:24Z
UMMA,28.145,2025-11-06T20:59:11Z
UNCY,4.5,2025-11-06T20:58:40Z
UNF,149.75,2025-11-06T20:55:39Z
UNFI,37.255,2025-11-06T20:59:46Z
UNG,14.18,2025-11-06T20:59:45Z
UNH,321.73,2025-11-06T20:59:59Z
UNHG,18.01,2025-11-06T20:59:30Z
UNIT,6.28,2025-11-06T20:59:58Z
UNM,76.81,2025-11-06T20:59:48Z
UNMA,23.56,2025-11-06T19:55:15Z
UNOV,37.56,2025-11-06T20:52:16Z
UNP,217.99,2025-11-06T20:59:53Z
UNTY,45.14,2025-11-06T20:30:23Z
UONE,1.29,2025-11-06T16:33:53Z
UONEK,0.465,2025-11-06T20:58:12Z
UP,1.25,2025-11-06T20:59:31Z
UPB,23.64,2025-11-06T20:59:06Z
UPBD,18.585,2025-11-06T20:59:51Z
UPC,3.86,2025-11-06T18:57:00Z
UPGD,72.7,2025-11-06T19:52:04Z
UPGR,25.22,2025-11-06T20:55:14Z
UPLD,1.855,2025-11-06T20:59:59Z
UPRO,111.56,2025-11-06T20:59:48Z
UPS,93.635,2025-11-06T20:59:59Z
UPSD,26.22,2025-11-06T20:47:58Z
UPST,37.72,2025-11-06T20:59:58Z
UPSX,7.94,2025-11-06T20:59:50Z
UPWK,16.155,2025-11-06T20:59:57Z
UPXI,3.32,2025-11-06T20:59:50Z
URA,47.13,2025-11-06T20:59:58Z
URAA,38.01,2025-11-06T20:45:47Z
URBN,62.5,2025-11-06T20:59:53Z
URG,1.27,2025-11-06T20:59:54Z
URGN,23.54,2025-11-06T20:59:52Z
URI,845.43,2025-11-06T20:59:44Z
URNJ,25.53,2025-11-06T20:58:09Z
URNM,55.06,2025-11-06T20:59:59Z
UROY,3.58,2025-11-06T20:59:54Z
URTH,182.02,2025-11-06T20:59:31Z
URTY,50.595,2025-11-06T20:59:46Z
USA,6.17,2025-11-06T20:51:22Z
USAC,24.11,2025-11-06T20:59:51Z
USAR,15.795,2025-11-06T20:59:57Z
USARW,4.64,2025-11-06T20:42:53Z
USAS,3.715,2025-11-06T20:59:12Z
USAU,14.61,2025-11-06T20:35:49Z
USB,46.85,2025-11-06T20:59:58Z
USB-H,18.855,2025-11-06T19:09:49Z
USB-P,23.39,2025-11-06T17:20:43Z
USB-Q,15.75,2025-11-06T15:55:07Z
USB-R,16.65,2025-11-06T20:59:58Z
USB-S,18.94,2025-11-06T20:08:53Z
USBC,0.8202,2025-11-06T20:54:30Z
USCB,17.555,2025-11-06T20:58:41Z
USCI,77.54,2025-11-06T20:18:25Z
USD,108.01,2025-11-06T20:56:00Z
USDU,26.985,2025-11-06T20:58:45Z
USDX,25.95,2025-11-06T20:48:52Z
USEA,1.5,2025-11-06T20:20:03Z
USEG,1.06,2025-11-06T17:25:40Z
USEP,38.71,2025-11-06T20:48:54Z
USFD,71.37,2025-11-06T20:59:58Z
USFR,50.295,2025-11-06T20:59:34Z
USGO,10.165,2025-11-06T20:50:26Z
USHY,37.29,2025-11-06T20:59:59Z
USIG,51.99,2025-11-06T20:59:54Z
USIO,1.505,2025-11-06T20:58:46Z
USLM,114.41,2025-11-06T19:57:31Z
USMC,68.28,2025-11-06T20:11:19Z
USMF,50.56,2025-11-06T16:06:23Z
USMV,92.34,2025-11-06T20:59:57Z
USNA,19.175,2025-11-06T20:59:51Z
USO,70.87,2025-11-06T20:58:48Z
USOY,7.06,2025-11-06T20:35:14Z
USPH,77.58,2025-11-06T20:59:34Z
USPX,58.94,2025-11-06T20:49:52Z
USRT,57.55,2025-11-06T20:58:31Z
USSE,33.21,2025-11-06T20:58:02Z
USSG,62.26,2025-11-06T20:44:15Z
USTB,50.97,2025-11-06T20:59:34Z
USVM,88.27,2025-11-06T20:57:13Z
USXF,57,2025-11-06T20:58:00Z
UTES,82.425,2025-11-06T18:11:02Z
UTF,23.63,2025-11-06T20:52:54Z
UTG,37.21,2025-11-06T18:10:54Z
UTHR,454.34,2025-11-06T20:59:41Z
UTHY,42.4,2025-11-06T17:16:12Z
UTI,28.21,2025-11-06T20:59:47Z
UTL,47.495,2025-11-06T20:59:35Z
UTSL,45.62,2025-11-06T20:51:08Z
UTWY,44.25,2025-11-06T17:21:16Z
UTZ,10.25,2025-11-06T20:59:55Z
UUP,28.19,2025-11-06T20:59:50Z
UUU,4.425,2025-11-06T18:07:00Z
UUUU,15.09,2025-11-06T20:59:58Z
UVE,32.81,2025-11-06T20:58:50Z
UVIX,10.45,2025-11-06T20:59:59Z
UVSP,29.44,2025-11-06T20:58:46Z
UVV,54.91,2025-11-06T20:59:57Z
UVXY,11.11,2025-11-06T20:59:54Z
UWM,45.23,2025-11-06T20:59:36Z
UWMC,5.095,2025-11-06T20:59:59Z
UXIN,3.095,2025-11-06T20:39:48Z
UXRP,14.845,2025-11-06T20:59:52Z
UYLD,51.18,2025-11-06T20:58:34Z
UYM,21.55,2025-11-06T20:57:02Z
UZD,21.25,2025-11-06T19:39:06Z
UZE,18.07,2025-11-06T20:59:46Z
V,336.86,2025-11-06T20:59:55Z
VAC,49.58,2025-11-06T20:59:29Z
VACI=,10.085,2025-11-06T20:33:30Z
VAL,54.1,2025-11-06T20:59:51Z
VAL+,2.93,2025-11-06T16:20:10Z
VALE,12.22,2025-11-06T20:59:59Z
VALQ,63.36,2025-11-06T18:18:09Z
VANI,1.475,2025-11-06T20:56:56Z
VAW,192.64,2025-11-06T20:54:58Z
VB,250.31,2025-11-06T20:59:53Z
VBIL,75.44,2025-11-06T20:55:14Z
VBK,295.795,2025-11-06T20:56:52Z
VBND,44.23,2025-11-06T18:08:10Z
VBNK,11.79,2025-11-06T20:59:00Z
VBR,204.58,2025-11-06T20:54:58Z
VC,104.06,2025-11-06T20:59:54Z
VCEB,63.93,2025-11-06T20:05:16Z
VCEL,38.77,2025-11-06T20:59:55Z
VCIG,1.075,2025-11-06T20:56:20Z
VCIT,83.805,2025-11-06T20:59:46Z
VCLT,77.05,2025-11-06T20:59:55Z
VCR,387.77,2025-11-06T20:47:03Z
VCRB,78.31,2025-11-06T20:59:51Z
VCRM,75.75,2025-11-06T20:46:32Z
VCSH,79.66,2025-11-06T20:59:48Z
VCTR,61.72,2025-11-06T20:59:51Z
VCV,11.245,2025-11-06T20:58:37Z
VCYT,41.73,2025-11-06T20:59:54Z
VDC,206.84,2025-11-06T18:59:39Z
VDE,124.25,2025-11-06T20:59:13Z
VEA,60.405,2025-11-06T20:59:54Z
VECO,29.15,2025-11-06T20:59:50Z
VEEA,0.5446,2025-11-06T20:27:59Z
VEEE,1.98,2025-11-06T20:55:53Z
VEEV,291.22,2025-11-06T20:59:51Z
VEL,18.79,2025-11-06T20:59:09Z
VELO,4.535,2025-11-06T20:52:44Z
VEMY,28.17,2025-11-06T20:59:48Z
VENU,12.19,2025-11-06T20:41:56Z
VEON,45.045,2025-11-06T20:50:41Z
VERA,25.195,2025-11-06T20:59:55Z
VERI,6.38,2025-11-06T20:59:59Z
VERU,2.53,2025-11-06T20:54:05Z
VERX,19.1,2025-11-06T20:59:55Z
VET,7.95,2025-11-06T20:59:59Z
VETZ,20.14,2025-11-06T17:36:18Z
VEU,72.165,2025-11-06T20:59:54Z
VEXC,77.82,2025-11-06T15:38:12Z
VFC,14.255,2025-11-06T20:59:55Z
VFF,2.98,2025-11-06T20:59:54Z
VFH,127.49,2025-11-06T20:59:36Z
VFL,10.16,2025-11-06T20:03:16Z
VFLO,37.425,2025-11-06T20:59:45Z
VFMF,143.48,2025-11-06T20:45:51Z
VFMO,188.95,2025-11-06T20:55:10Z
VFQY,149.42,2025-11-06T15:17:24Z
VFS,3.405,2025-11-06T20:59:48Z
VFVA,124.85,2025-11-06T18:29:01Z
VG,7.74,2025-11-06T20:59:56Z
VGI,7.835,2025-11-06T16:49:14Z
VGIT,60.065,2025-11-06T20:59:48Z
VGK,79.65,2025-11-06T20:59:59Z
VGLT,57.08,2025-11-06T20:57:55Z
VGM,10.195,2025-11-06T20:55:46Z
VGMS,51.46,2025-11-06T17:29:44Z
VGSH,58.725,2025-11-06T20:59:32Z
VGSR,10.41,2025-11-06T20:59:59Z
VGT,761.7,2025-11-06T20:59:27Z
VGUS,75.475,2025-11-06T20:04:56Z
VGZ,1.605,2025-11-06T20:59:53Z
VHT,272.46,2025-11-06T20:54:50Z
VIA,50.18,2025-11-06T20:59:14Z
VIAV,17.53,2025-11-06T20:59:58Z
VICI,29.78,2025-11-06T20:59:58Z
VICR,88.94,2025-11-06T20:59:51Z
VIDI,32.94,2025-11-06T18:54:53Z
VIG,215.19,2025-11-06T20:59:39Z
VIGI,88.62,2025-11-06T20:58:57Z
VIK,57.32,2025-11-06T20:59:51Z
VINP,11.915,2025-11-06T20:59:08Z
VIOG,119.58,2025-11-06T20:52:20Z
VIOO,109.36,2025-11-06T16:04:59Z
VIOT,2.97,2025-11-06T20:55:14Z
VIOV,95.14,2025-11-06T15:10:21Z
VIPS,18.285,2025-11-06T20:59:59Z
VIR,5.115,2025-11-06T20:59:46Z
VIRC,6.81,2025-11-06T20:59:52Z
VIRT,35.055,2025-11-06T20:59:46Z
VIS,294.7,2025-11-06T20:50:17Z
VIST,48.46,2025-11-06T20:59:01Z
VITL,35.465,2025-11-06T20:59:58Z
VIV,12.54,2025-11-06T20:59:55Z
VIVK,0.1465,2025-11-06T20:59:36Z
VIVS,2.25,2025-11-06T19:04:52Z
VIXI,15.06,2025-11-06T20:15:24Z
VIXM,16.53,2025-11-06T20:59:51Z
VIXY,33.99,2025-11-06T20:59:57Z
VKI,8.95,2025-11-06T20:53:10Z
VKQ,9.71,2025-11-06T20:55:22Z
VKTX,37.27,2025-11-06T20:59:45Z
VLGEA,32.69,2025-11-06T20:57:05Z
VLN,1.56,2025-11-06T20:59:54Z
VLO,176.17,2025-11-06T20:59:48Z
VLRS,6.71,2025-11-06T20:58:30Z
VLTO,98.57,2025-11-06T20:59:50Z
VLU,203.83,2025-11-06T20:52:23Z
VLUE,129.385,2025-11-06T20:59:58Z
VLY,10.79,2025-11-06T20:59:57Z
VLYPO,25.04,2025-11-06T19:27:59Z
VMAR,1.37,2025-11-06T20:56:55Z
VMBS,47.06,2025-11-06T20:59:44Z
VMC,286.32,2025-11-06T20:59:57Z
VMD,6.27,2025-11-06T20:59:52Z
VMEO,7.805,2025-11-06T20:58:57Z
VMI,407.5,2025-11-06T20:57:28Z
VMO,9.65,2025-11-06T20:50:28Z
VNAM,22.485,2025-11-06T15:05:19Z
VNCE,2.585,2025-11-06T20:38:40Z
VNDA,4.4,2025-11-06T20:59:51Z
VNET,9.96,2025-11-06T20:59:59Z
VNLA,49.165,2025-11-06T20:59:52Z
VNM,17.32,2025-11-06T20:59:48Z
VNO,35.625,2025-11-06T20:59:53Z
VNO-L,17.68,2025-11-06T16:25:46Z
VNO-N,17.6,2025-11-06T16:48:07Z
VNOM,36.835,2025-11-06T20:59:54Z
VNQ,88.845,2025-11-06T20:59:58Z
VNQI,47.075,2025-11-06T20:48:02Z
VNRX,0.4142,2025-11-06T20:59:32Z
VNT,37.795,2025-11-06T20:59:43Z
VNTG,1.02,2025-11-06T19:19:16Z
VO,286.175,2025-11-06T20:59:49Z
VOD,11.345,2025-11-06T20:59:45Z
VOE,171.86,2025-11-06T20:57:18Z
VOLT,30.23,2025-11-06T20:59:36Z
VONE,305.2,2025-11-06T15:10:10Z
VONG,121.48,2025-11-06T20:59:48Z
VONV,89.12,2025-11-06T20:59:50Z
VOO,615.935,2025-11-06T20:59:51Z
VOOG,439.18,2025-11-06T20:54:40Z
VOOV,200.2,2025-11-06T20:53:47Z
VOR,18.86,2025-11-06T20:51:04Z
VOT,282.35,2025-11-06T20:59:27Z
VOX,182.65,2025-11-06T20:59:06Z
VOXR,3.88,2025-11-06T20:57:52Z
VOYA,72.5,2025-11-06T20:59:36Z
VOYA-B,24.39,2025-11-06T20:26:39Z
VOYG,23.825,2025-11-06T20:59:51Z
VPC,18.485,2025-11-06T17:24:09Z
VPG,33.045,2025-11-06T20:59:24Z
VPL,90.76,2025-11-06T20:59:48Z
VPLS,78.58,2025-11-06T20:23:48Z
VPU,192.005,2025-11-06T20:55:28Z
VRA,2.37,2025-11-06T20:57:55Z
VRAR,1.365,2025-11-06T17:30:39Z
VRCA,3.69,2025-11-06T16:45:29Z
VRDN,27.52,2025-11-06T20:59:58Z
VRE,14.74,2025-11-06T20:59:58Z
VREX,11.91,2025-11-06T20:59:50Z
VRIG,25.11,2025-11-06T20:38:23Z
VRME,0.844,2025-11-06T20:54:35Z
VRNS,34.11,2025-11-06T20:59:55Z
VRNT,20.28,2025-11-06T20:59:51Z
VRP,24.585,2025-11-06T20:59:39Z
VRRM,22.915,2025-11-06T20:59:53Z
VRSK,212.88,2025-11-06T20:59:58Z
VRSN,239.55,2025-11-06T20:59:54Z
VRT,182.95,2025-11-06T20:59:54Z
VRTL,68.45,2025-11-06T15:19:06Z
VRTS,162.425,2025-11-06T19:41:43Z
VRTX,416.28,2025-11-06T20:59:54Z
VS,1.7,2025-11-06T17:44:39Z
VSA,2.28,2025-11-06T14:58:45Z
VSAT,35.48,2025-11-06T20:59:40Z
VSCO,36.28,2025-11-06T20:59:49Z
VSDM,76.41,2025-11-06T16:24:06Z
VSEC,174.365,2025-11-06T20:58:02Z
VSEE,1.07,2025-11-06T20:59:49Z
VSGX,69.79,2025-11-06T20:59:02Z
VSH,14.605,2025-11-06T20:59:59Z
VSME,0.335,2025-11-06T19:37:38Z
VSMV,53.24,2025-11-06T16:35:38Z
VSS,139.81,2025-11-06T20:59:50Z
VST,184.67,2025-11-06T20:59:57Z
VSTA,4.98,2025-11-06T20:48:54Z
VSTD,0.5353,2025-11-06T20:45:12Z
VSTL,16.77,2025-11-06T16:57:57Z
VSTM,7.905,2025-11-06T20:59:56Z
VSTS,5.22,2025-11-06T20:59:58Z
VT,138.445,2025-11-06T20:59:48Z
VTAK,2.22,2025-11-06T18:03:02Z
VTC,78.02,2025-11-06T20:55:14Z
VTEB,50.375,2025-11-06T20:59:51Z
VTEC,100.24,2025-11-06T20:55:16Z
VTEI,100.76,2025-11-06T18:24:06Z
VTEL,104,2025-11-06T15:17:48Z
VTES,101.42,2025-11-06T20:28:20Z
VTEX,4.32,2025-11-06T20:59:58Z
VTG,76.52,2025-11-06T20:12:50Z
VTGN,4.015,2025-11-06T20:59:24Z
VTHR,295.72,2025-11-06T16:30:00Z
VTI,329.34,2025-11-06T20:59:59Z
VTIP,50.035,2025-11-06T20:59:13Z
VTLE,15.81,2025-11-06T20:59:47Z
VTMX,30.62,2025-11-06T20:40:05Z
VTN,11.03,2025-11-06T20:46:29Z
VTOL,38.035,2025-11-06T20:59:40Z
VTP,76.62,2025-11-06T19:28:23Z
VTR,74.96,2025-11-06T20:59:50Z
VTRS,10.105,2025-11-06T20:59:58Z
VTS,20.96,2025-11-06T20:59:58Z
VTSI,5.41,2025-11-06T20:46:21Z
VTV,184.95,2025-11-06T20:59:58Z
VTWG,235.14,2025-11-06T15:43:20Z
VTWO,97.13,2025-11-06T20:59:49Z
VTYX,9.28,2025-11-06T20:59:56Z
VUG,485.31,2025-11-06T20:59:40Z
VUSB,49.83,2025-11-06T20:59:46Z
VUZI,2.84,2025-11-06T20:59:40Z
VV,309.87,2025-11-06T20:56:45Z
VVOS,2.33,2025-11-06T20:44:21Z
VVPR,3.175,2025-11-06T20:59:54Z
VVR,3.335,2025-11-06T20:59:50Z
VVV,31.3,2025-11-06T20:59:50Z
VVX,56.285,2025-11-06T20:59:42Z
VWAV,10.8,2025-11-06T18:39:05Z
VWAVW,1.31,2025-11-06T20:58:00Z
VWO,54.59,2025-11-06T20:59:59Z
VWOB,67.48,2025-11-06T20:59:54Z
VXF,205.94,2025-11-06T20:58:20Z
VXUS,74.05,2025-11-06T20:59:55Z
VXX,35.01,2025-11-06T20:59:54Z
VYGR,4.22,2025-11-06T20:59:50Z
VYM,139.56,2025-11-06T20:59:58Z
VYMI,85.69,2025-11-06T20:59:51Z
VYNE,0.3539,2025-11-06T20:50:12Z
VYX,10.685,2025-11-06T20:59:55Z
VZ,39.84,2025-11-06T20:59:59Z
VZLA,3.805,2025-11-06T20:59:55Z
W,98.74,2025-11-06T20:59:58Z
WAB,203.72,2025-11-06T20:59:41Z
WABC,47.31,2025-11-06T20:07:37Z
WAFD,29.995,2025-11-06T20:59:42Z
WAFDP,16.68,2025-11-06T19:12:29Z
WAI,3.39,2025-11-06T15:39:37Z
WAL,78.61,2025-11-06T20:59:33Z
WAL-A,21.45,2025-11-06T17:25:37Z
WALD,1.81,2025-11-06T20:53:32Z
WANT,48.86,2025-11-06T17:26:42Z
WASH,27.61,2025-11-06T20:59:53Z
WAT,371.31,2025-11-06T20:59:58Z
WATT,7.59,2025-11-06T17:48:22Z
WAVE,7.135,2025-11-06T18:37:11Z
WAY,35.8,2025-11-06T20:59:48Z
WB,10.58,2025-11-06T20:59:55Z
WBD,22.44,2025-11-06T20:59:59Z
WBI,24.29,2025-11-06T20:59:47Z
WBIL,34.78,2025-11-06T20:31:02Z
WBIY,30.58,2025-11-06T16:25:37Z
WBS,56.64,2025-11-06T20:59:53Z
WBS-G,24.51,2025-11-06T17:25:45Z
WBTN,16.945,2025-11-06T20:59:50Z
WBX,4.085,2025-11-06T18:51:03Z
WCC,257.31,2025-11-06T20:59:07Z
WCLD,34.69,2025-11-06T20:59:47Z
WCMI,16.53,2025-11-06T20:59:03Z
WCN,165.3,2025-11-06T20:59:55Z
WCT,0.246,2025-11-06T15:08:49Z
WD,70.96,2025-11-06T20:59:30Z
WDAY,224.53,2025-11-06T20:59:56Z
WDC,163.59,2025-11-06T20:59:57Z
WDEF,29.73,2025-11-06T17:45:15Z
WDFC,193.26,2025-11-06T20:32:11Z
WDH,1.6,2025-11-06T20:55:06Z
WDI,14.3,2025-11-06T20:58:27Z
WDS,16.54,2025-11-06T20:59:56Z
WDTE,32.61,2025-11-06T16:45:25Z
WEA,11.105,2025-11-06T15:05:00Z
WEAT,4.26,2025-11-06T18:36:37Z
WEAV,6.66,2025-11-06T20:59:56Z
WEBL,28.51,2025-11-06T20:58:00Z
WEBS,20.04,2025-11-06T20:58:02Z
WEC,110.77,2025-11-06T20:59:57Z
WEED,17.48,2025-11-06T19:32:26Z
WEEI,20.93,2025-11-06T17:39:40Z
WEEK,100.08,2025-11-06T16:39:40Z
WELL,187.73,2025-11-06T20:59:58Z
WEN,8.81,2025-11-06T20:59:56Z
WENN,10.22,2025-11-06T16:02:10Z
WERN,25.575,2025-11-06T20:59:48Z
WES,38.47,2025-11-06T20:58:49Z
WEST,3.925,2025-11-06T20:59:52Z
WETH,2.37,2025-11-06T20:59:55Z
WETO,1.14,2025-11-06T20:44:27Z
WEX,144.67,2025-11-06T20:59:06Z
WF,55.89,2025-11-06T20:50:48Z
WFC,86.05,2025-11-06T20:59:57Z
WFC-A,19.69,2025-11-06T18:56:44Z
WFC-C,18.32,2025-11-06T20:59:59Z
WFC-Y,24.55,2025-11-06T16:35:23Z
WFF,0.65,2025-11-06T17:33:46Z
WFG,59.12,2025-11-06T20:59:48Z
WFRD,71.265,2025-11-06T20:59:58Z
WGMI,56.57,2025-11-06T20:49:33Z
WGO,36.27,2025-11-06T20:59:50Z
WGRX,0.6767,2025-11-06T19:10:17Z
WGS,139.045,2025-11-06T20:59:42Z
WH,72.075,2025-11-06T20:59:54Z
WHD,42.75,2025-11-06T20:59:52Z
WHF,7.2,2025-11-06T20:57:16Z
WHLR,2.29,2025-11-06T18:09:58Z
WHR,68.455,2025-11-06T20:59:53Z
WHWK,2.09,2025-11-06T20:59:42Z
WIA,8.39,2025-11-06T19:33:24Z
WILD,27.95,2025-11-06T15:50:31Z
WIMI,3.225,2025-11-06T20:56:13Z
WINA,417.44,2025-11-06T20:54:42Z
WING,244.595,2025-11-06T20:59:59Z
WINN,31.355,2025-11-06T20:59:05Z
WIP,38.85,2025-11-06T20:59:46Z
WISE,43.69,2025-11-06T20:50:31Z
WIT,2.615,2025-11-06T20:59:50Z
WIW,8.815,2025-11-06T20:59:49Z
WIX,136.59,2025-11-06T20:59:47Z
WK,86.92,2025-11-06T20:59:56Z
WKC,26.02,2025-11-06T20:59:56Z
WKEY,12.61,2025-11-06T20:59:52Z
WKHS,0.8547,2025-11-06T20:21:56Z
WKSP,2.695,2025-11-06T20:55:46Z
WLAC,12.25,2025-11-06T18:31:50Z
WLDN,84.64,2025-11-06T20:58:45Z
WLDS,1.88,2025-11-06T20:59:48Z
WLFC,123.33,2025-11-06T20:45:59Z
WLK,64.365,2025-11-06T20:59:44Z
WLKP,18.705,2025-11-06T20:59:44Z
WLY,36.19,2025-11-06T20:59:48Z
WM,199.575,2025-11-06T20:59:57Z
WMB,57.945,2025-11-06T20:59:59Z
WMG,29.75,2025-11-06T20:59:56Z
WMK,64.92,2025-11-06T20:57:16Z
WMS,146.675,2025-11-06T20:59:50Z
WMT,101.705,2025-11-06T20:59:56Z
WNC,7.74,2025-11-06T20:59:45Z
WNEB,11.75,2025-11-06T20:59:49Z
WNTR,33.11,2025-11-06T20:47:01Z
WOK,3.445,2025-11-06T15:58:10Z
WOLF,18.62,2025-11-06T20:59:53Z
WOOD,69.24,2025-11-06T17:47:39Z
WOOF,3.145,2025-11-06T20:59:53Z
WOR,55.125,2025-11-06T20:57:25Z
WORX,0.3963,2025-11-06T20:59:59Z
WOW,5.13,2025-11-06T20:59:50Z
WPAY,49.83,2025-11-06T20:59:22Z
WPC,66.23,2025-11-06T20:59:51Z
WPM,96.335,2025-11-06T20:59:54Z
WPP,17.61,2025-11-06T20:59:48Z
WPRT,2.035,2025-11-06T20:59:46Z
WQTM,27.68,2025-11-06T19:02:26Z
WRAP,2.24,2025-11-06T20:54:34Z
WRB,74.57,2025-11-06T20:59:56Z
WRBY,16.93,2025-11-06T20:59:59Z
WRD,8.555,2025-11-06T20:59:56Z
WRLD,130.08,2025-11-06T20:52:59Z
WRN,1.91,2025-11-06T20:59:32Z
WS,31.36,2025-11-06T20:59:48Z
WSBC,30.33,2025-11-06T20:59:45Z
WSBCO,25.45,2025-11-06T20:41:27Z
WSBF,15.195,2025-11-06T20:30:49Z
WSC,19.54,2025-11-06T20:59:55Z
WSFS,53.77,2025-11-06T20:59:23Z
WSM,191.8,2025-11-06T20:59:51Z
WSO,351.175,2025-11-06T20:59:48Z
WSR,13.26,2025-11-06T20:58:44Z
WST,275.42,2025-11-06T20:59:58Z
WSTNU,10.025,2025-11-06T20:46:28Z
WT,11.65,2025-11-06T20:59:48Z
WTAI,30.51,2025-11-06T20:48:26Z
WTFC,128.51,2025-11-06T20:59:26Z
WTI,1.915,2025-11-06T20:59:56Z
WTM,1892.965,2025-11-06T20:54:50Z
WTMF,37.42,2025-11-06T20:58:56Z
WTO,0.0458,2025-11-06T20:59:07Z
WTPI,33.26,2025-11-06T19:51:01Z
WTRE,22.79,2025-11-06T16:48:28Z
WTRG,39.51,2025-11-06T20:59:52Z
WTS,263.65,2025-11-06T20:59:54Z
WTTR,11.32,2025-11-06T20:59:52Z
WTV,89.49,2025-11-06T20:58:08Z
WTW,322.14,2025-11-06T20:59:57Z
WU,9.27,2025-11-06T20:59:54Z
WULF,14.29,2025-11-06T20:59:55Z
WULX,31.67,2025-11-06T15:45:15Z
WVE,7.875,2025-11-06T20:59:53Z
WW,34.46,2025-11-06T20:59:25Z
WWD,264.56,2025-11-06T20:59:56Z
WWR,1.095,2025-11-06T20:59:56Z
WWW,15.63,2025-11-06T20:59:49Z
WXET,17.5,2025-11-06T18:40:04Z
WXM,0.9904,2025-11-06T20:23:21Z
WY,22.84,2025-11-06T20:59:59Z
WYFI,28.22,2025-11-06T20:59:09Z
WYHG,1.01,2025-11-06T19:48:44Z
WYNN,122.29,2025-11-06T20:59:54Z
WYY,6.85,2025-11-06T20:59:51Z
XAIR,1.72,2025-11-06T20:59:42Z
XAR,233.21,2025-11-06T20:58:34Z
XBB,40.865,2025-11-06T20:59:59Z
XBI,109.28,2025-11-06T20:59:54Z
XBIL,50.075,2025-11-06T20:58:17Z
XBIO,2.68,2025-11-06T15:44:57Z
XBIT,2.315,2025-11-06T19:49:05Z
XBJA,31.46,2025-11-06T20:47:57Z
XBOC,32.97,2025-11-06T20:24:29Z
XBP,0.566,2025-11-06T20:59:46Z
XBTY,14.59,2025-11-06T18:34:05Z
XCCC,38.23,2025-11-06T20:59:54Z
XCEM,38,2025-11-06T20:58:58Z
XCH,1.44,2025-11-06T20:58:50Z
XCLR,30.025,2025-11-06T20:59:45Z
XDIV,27.18,2025-11-06T20:48:45Z
XDSQ,40.09,2025-11-06T16:31:21Z
XDTE,43.38,2025-11-06T20:59:37Z
XEL,80.5,2025-11-06T20:59:54Z
XELB,1.105,2025-11-06T19:17:29Z
XELLL,25.04,2025-11-06T20:49:55Z
XEMD,44.21,2025-11-06T17:11:26Z
XENE,38.31,2025-11-06T20:59:37Z
XERS,7.715,2025-11-06T20:59:59Z
XES,79.885,2025-11-06T20:59:49Z
XFIV,49.595,2025-11-06T17:42:11Z
XFLT,4.93,2025-11-06T20:49:29Z
XFOR,3.505,2025-11-06T20:59:12Z
XGN,10.385,2025-11-06T20:59:28Z
XHB,104.54,2025-11-06T20:59:55Z
XHE,79.48,2025-11-06T15:03:23Z
XHLD,0.3061,2025-11-06T20:57:12Z
XHLF,50.25,2025-11-06T20:48:04Z
XHR,13.025,2025-11-06T20:59:47Z
XHS,103.68,2025-11-06T14:47:17Z
XHYE,38.91,2025-11-06T20:45:34Z
XIDV,32.33,2025-11-06T15:34:05Z
XIFR,9.44,2025-11-06T20:59:56Z
XJUN,42.31,2025-11-06T17:05:29Z
XLB,84.8,2025-11-06T20:59:59Z
XLC,112.4,2025-11-06T20:59:52Z
XLE,88.255,2025-11-06T20:59:57Z
XLF,52.41,2025-11-06T20:59:59Z
XLG,58.61,2025-11-06T20:59:58Z
XLI,152.61,2025-11-06T20:59:58Z
XLII,24.59,2025-11-06T16:32:28Z
XLK,289.02,2025-11-06T20:59:54Z
XLKI,26.08,2025-11-06T20:16:25Z
XLO,0.8343,2025-11-06T20:59:55Z
XLP,75.605,2025-11-06T20:59:57Z
XLRE,40.715,2025-11-06T20:59:53Z
XLSR,60.7,2025-11-06T20:34:25Z
XLU,88.48,2025-11-06T20:59:58Z
XLV,145.92,2025-11-06T20:59:58Z
XLY,235.465,2025-11-06T20:59:59Z
XMAG,22.13,2025-11-06T15:32:59Z
XME,91.11,2025-11-06T20:59:55Z
XMHQ,101.295,2025-11-06T20:59:46Z
XMMO,134.91,2025-11-06T20:59:46Z
XMPT,21.91,2025-11-06T20:56:32Z
XMTR,62.14,2025-11-06T20:59:55Z
XMVM,59.99,2025-11-06T20:52:20Z
XNCR,13.985,2025-11-06T20:59:42Z
XNET,7.83,2025-11-06T20:59:46Z
XNTK,281.13,2025-11-06T20:55:06Z
XOM,114.495,2025-11-06T20:59:54Z
XOMA,34.505,2025-11-06T20:45:21Z
XOMO,11.62,2025-11-06T20:57:24Z
XOMX,26.4,2025-11-06T14:49:35Z
XONE,49.535,2025-11-06T18:29:57Z
XOP,126.825,2025-11-06T20:59:47Z
XOVR,20.35,2025-11-06T20:56:46Z
XP,18.64,2025-11-06T20:59:59Z
XPAY,54.7,2025-11-06T16:58:25Z
XPEL,36.095,2025-11-06T20:58:48Z
XPER,6.87,2025-11-06T20:59:55Z
XPEV,23.89,2025-11-06T20:59:57Z
XPH,48.73,2025-11-06T19:38:55Z
XPL,0.6177,2025-11-06T17:58:38Z
XPO,136.3,2025-11-06T20:59:49Z
XPOF,6.29,2025-11-06T20:59:50Z
XPON,1.165,2025-11-06T20:59:45Z
XPRO,13.07,2025-11-06T20:59:55Z
XRAY,11.02,2025-11-06T20:59:59Z
XRMI,17.76,2025-11-06T16:18:53Z
XRPI,12.9,2025-11-06T20:58:54Z
XRPN,10.26,2025-11-06T18:25:39Z
XRPNU,11.46,2025-11-06T16:48:11Z
XRPNW,1.12,2025-11-06T17:44:35Z
XRPR,18.06,2025-11-06T20:58:05Z
XRPT,8.06,2025-11-06T20:59:54Z
XRT,78.79,2025-11-06T20:59:51Z
XRTX,0.5826,2025-11-06T20:58:49Z
XRX,3,2025-11-06T20:59:56Z
XSD,333.38,2025-11-06T20:54:40Z
XSEP,41.77,2025-11-06T15:22:47Z
XSMO,71.565,2025-11-06T20:59:46Z
XSOE,38.8,2025-11-06T20:49:45Z
XSW,190.8,2025-11-06T15:36:06Z
XT,73.77,2025-11-06T20:50:09Z
XTEN,46.71,2025-11-06T15:00:10Z
XTIA,1.435,2025-11-06T20:59:59Z
XTKG,1.6,2025-11-06T16:41:51Z
XTL,147.4,2025-11-06T19:29:40Z
XTNT,0.7924,2025-11-06T20:58:40Z
XTRE,49.785,2025-11-06T20:36:50Z
XTWO,49.47,2025-11-06T16:53:56Z
XXII,1.23,2025-11-06T20:59:32Z
XXRP,16.695,2025-11-06T20:59:53Z
XYF,12.185,2025-11-06T18:05:16Z
XYL,150.34,2025-11-06T20:59:51Z
XYLD,39.79,2025-11-06T20:52:13Z
XYLG,29.1,2025-11-06T16:29:05Z
XYZ,71.02,2025-11-06T20:59:57Z
XYZY,8.14,2025-11-06T20:12:26Z
XZO,19.5,2025-11-06T20:59:57Z
YAAS,1.715,2025-11-06T18:36:11Z
YALA,7.255,2025-11-06T20:59:22Z
YALL,43.95,2025-11-06T15:12:46Z
YANG,22.65,2025-11-06T20:59:48Z
YB,21.225,2025-11-06T18:19:27Z
YBIT,8.13,2025-11-06T20:59:54Z
YBTC,36.11,2025-11-06T19:19:12Z
YCL,20.18,2025-11-06T17:15:36Z
YCS,48.02,2025-11-06T20:59:22Z
YDDL,4.32,2025-11-06T20:57:43Z
YDEC,25.88,2025-11-06T14:57:17Z
YDES,9.515,2025-11-06T15:10:52Z
YDKG,0.0518,2025-11-06T20:32:10Z
YEAR,50.53,2025-11-06T19:33:43Z
YELP,32.2,2025-11-06T20:59:50Z
YETH,19.505,2025-11-06T20:59:55Z
YETI,35.12,2025-11-06T20:59:52Z
YEXT,8.485,2025-11-06T20:59:53Z
YFFI,10.17,2025-11-06T18:37:10Z
YGMZ,0.1838,2025-11-06T20:58:11Z
YHC,0.84,2025-11-06T16:39:08Z
YI,4.33,2025-11-06T16:25:11Z
YINN,48.92,2025-11-06T20:59:58Z
YJUN,25.1,2025-11-06T14:56:28Z
YLD,19.105,2025-11-06T20:59:59Z
YMAG,14.94,2025-11-06T20:59:53Z
YMAR,26.315,2025-11-06T16:29:17Z
YMAT,0.9,2025-11-06T20:47:39Z
YMAX,11.29,2025-11-06T20:58:10Z
YMM,12.465,2025-11-06T20:59:57Z
YMT,1.68,2025-11-06T15:40:45Z
YOLO,2.89,2025-11-06T17:08:39Z
YORW,32.44,2025-11-06T20:59:29Z
YOU,31.99,2025-11-06T20:59:57Z
YOUL,1.905,2025-11-06T20:59:21Z
YPF,36.53,2025-11-06T20:59:51Z
YRD,5.24,2025-11-06T17:49:52Z
YSEP,25.36,2025-11-06T17:49:30Z
YSG,6.48,2025-11-06T20:55:18Z
YSPY,18.9,2025-11-06T17:21:28Z
YSXT,2.27,2025-11-06T20:50:29Z
YTRA,1.4,2025-11-06T19:47:53Z
YUM,147.55,2025-11-06T20:59:48Z
YUMC,43.08,2025-11-06T20:59:54Z
YXI,9.85,2025-11-06T18:35:46Z
YXT,0.96,2025-11-06T15:33:00Z
YYAI,1.365,2025-11-06T20:59:42Z
YYGH,0.2815,2025-11-06T20:59:50Z
YYY,11.565,2025-11-06T20:55:18Z
Z,72.295,2025-11-06T20:59:58Z
ZALT,32.08,2025-11-06T20:50:15Z
ZAP,30.44,2025-11-06T20:53:57Z
ZBAI,8.36,2025-11-06T14:54:20Z
ZBH,88.51,2025-11-06T20:59:53Z
ZBIO,32.41,2025-11-06T20:59:25Z
ZBRA,258.08,2025-11-06T20:59:52Z
ZCMD,0.699,2025-11-06T18:29:44Z
ZD,32.61,2025-11-06T20:59:55Z
ZDAI,0.411,2025-11-06T20:55:42Z
ZDGE,2.85,2025-11-06T20:59:50Z
ZECP,34.16,2025-11-06T20:24:28Z
ZENA,4.05,2025-11-06T20:59:25Z
ZENV,1.35,2025-11-06T20:42:58Z
ZEO,1.54,2025-11-06T15:55:33Z
ZEPP,27.61,2025-11-06T20:59:02Z
ZETA,19.58,2025-11-06T20:59:59Z
ZEUS,34.34,2025-11-06T20:59:38Z
ZEXIT,10,2025-11-06T14:30:00Z
ZFEB,25.025,2025-11-06T18:56:50Z
ZG,69.75,2025-11-06T20:59:53Z
ZGM,1.91,2025-11-06T15:21:07Z
ZGN,9.735,2025-11-06T20:59:47Z
ZH,4.22,2025-11-06T20:59:46Z
ZIEXT,1,2025-11-06T14:30:00Z
ZIM,14.68,2025-11-06T20:59:59Z
ZION,51.23,2025-11-06T20:59:50Z
ZIP,4.28,2025-11-06T20:59:58Z
ZIPP,31.68,2025-11-06T17:44:40Z
ZJAN,27,2025-11-06T16:02:25Z
ZJK,2.455,2025-11-06T15:14:20Z
ZJYL,0.267,2025-11-06T20:46:47Z
ZK,27.89,2025-11-06T20:59:50Z
ZKH,2.99,2025-11-06T20:59:54Z
ZKIN,2.95,2025-11-06T19:34:49Z
ZLAB,23.06,2025-11-06T20:59:56Z
ZM,82.21,2025-11-06T20:59:58Z
ZNB,1.035,2025-11-06T20:59:44Z
ZNOV,26.5,2025-11-06T20:29:11Z
ZNTL,1.29,2025-11-06T20:59:59Z
ZONE,1.19,2025-11-06T20:59:48Z
ZOOZ,0.5791,2025-11-06T20:59:16Z
ZROZ,68.31,2025-11-06T20:58:28Z
ZS,317.8,2025-11-06T20:59:52Z
ZSL,13.72,2025-11-06T20:50:01Z
ZSPC,0.8238,2025-11-06T20:59:56Z
ZTO,18.91,2025-11-06T20:59:57Z
ZTR,6.45,2025-11-06T19:05:27Z
ZTS,119.52,2025-11-06T20:59:58Z
ZUMZ,21.6,2025-11-06T20:58:58Z
ZURA,3.49,2025-11-06T20:59:49Z
ZVIA,2.63,2025-11-06T20:59:53Z
ZVOL,10.97,2025-11-06T20:52:14Z
ZVRA,9.08,2025-11-06T20:59:55Z
ZWS,47.585,2025-11-06T20:59:49Z
ZXIET,100,2025-11-06T14:30:00Z
ZYBT,2.14,2025-11-06T20:31:10Z
ZYME,17.895,2025-11-06T20:59:54Z
ZYXI,1.06,2025-11-06T20:13:50Z
