symbol,close,last_trade_utc
A,146.73,2025-11-07T20:59:55Z
AA,37.34,2025-11-07T20:59:57Z
AAA,24.985,2025-11-07T17:27:38Z
AAAU,39.52,2025-11-07T20:59:50Z
AADR,83.13,2025-11-07T14:38:51Z
AAL,13.67,2025-11-07T20:59:58Z
AALG,14.04,2025-11-07T19:05:06Z
AAME,2.93,2025-11-07T16:47:20Z
AAMI,44.45,2025-11-07T20:59:15Z
AAOI,28.56,2025-11-07T20:59:55Z
AAON,105.39,2025-11-07T20:59:57Z
AAP,48.645,2025-11-07T20:59:55Z
AAPB,32.83,2025-11-07T20:55:07Z
AAPD,13.31,2025-11-07T20:59:51Z
AAPL,268.47,2025-11-07T20:59:59Z
AAPU,35.45,2025-11-07T20:59:11Z
AAPX,30.58,2025-11-07T20:52:18Z
AARD,10.15,2025-11-07T20:59:00Z
AAT,19.32,2025-11-07T20:59:57Z
AAUC,15.4,2025-11-07T20:59:11Z
AAXJ,93.34,2025-11-07T20:59:59Z
AB,39.185,2025-11-07T20:54:06Z
ABAT,4.435,2025-11-07T20:59:53Z
ABBV,219.22,2025-11-07T20:59:59Z
ABCB,73.67,2025-11-07T20:59:52Z
ABCL,3.895,2025-11-07T20:59:54Z
ABEO,4.19,2025-11-07T20:59:57Z
ABEQ,34.85,2025-11-07T17:50:40Z
ABEV,2.435,2025-11-07T20:58:51Z
ABFL,70.47,2025-11-07T18:21:47Z
ABG,226.26,2025-11-07T20:59:28Z
ABL,6.43,2025-11-07T20:59:52Z
ABLLL,25.32,2025-11-07T20:52:26Z
ABM,41.92,2025-11-07T20:59:12Z
ABNB,120.88,2025-11-07T20:59:53Z
ABNY,9.17,2025-11-07T19:06:07Z
ABOS,1.885,2025-11-07T20:58:41Z
ABP,5.53,2025-11-07T19:46:58Z
ABR,9.23,2025-11-07T20:59:54Z
ABR-D,17.75,2025-11-07T20:53:31Z
ABR-E,17.17,2025-11-07T16:16:02Z
ABR-F,22.09,2025-11-07T17:55:40Z
ABSI,3.335,2025-11-07T20:59:59Z
ABT,126.36,2025-11-07T20:59:46Z
ABTC,4.635,2025-11-07T20:59:54Z
ABUS,4.49,2025-11-07T20:59:58Z
ABVC,2.85,2025-11-07T17:34:52Z
ABVE,2.745,2025-11-07T20:56:33Z
ABVX,105.36,2025-11-07T20:58:44Z
ACA,98.97,2025-11-07T20:58:39Z
ACAD,22.555,2025-11-07T20:59:54Z
ACB,4.55,2025-11-07T20:59:50Z
ACCL,4.01,2025-11-07T14:47:50Z
ACCO,3.445,2025-11-07T20:59:58Z
ACDC,5.03,2025-11-07T20:59:56Z
ACEL,10.175,2025-11-07T20:59:49Z
ACET,0.6394,2025-11-07T20:55:08Z
ACGL,89.565,2025-11-07T20:59:51Z
ACGLN,17.45,2025-11-07T20:29:05Z
ACHC,19.515,2025-11-07T20:59:56Z
ACHR,8.175,2025-11-07T20:59:57Z
ACHR+,1.95,2025-11-07T20:59:21Z
ACHV,4.59,2025-11-07T20:59:53Z
ACI,17.745,2025-11-07T20:59:58Z
ACIC,12.155,2025-11-07T20:58:30Z
ACII,25.08,2025-11-07T17:50:17Z
ACIO,43.545,2025-11-07T20:59:50Z
ACIU,3.305,2025-11-07T20:59:18Z
ACIW,48.94,2025-11-07T20:59:51Z
ACKY,19.55,2025-11-07T16:58:10Z
ACLC,76.64,2025-11-07T17:16:39Z
ACLS,85.77,2025-11-07T20:59:54Z
ACLX,86.5,2025-11-07T20:59:40Z
ACM,130.82,2025-11-07T20:59:50Z
ACMR,31.065,2025-11-07T20:59:29Z
ACN,245.77,2025-11-07T20:59:57Z
ACNB,47.265,2025-11-07T19:41:11Z
ACNT,12.67,2025-11-07T20:56:01Z
ACOG,5.745,2025-11-07T20:59:45Z
ACON,7.23,2025-11-07T20:55:56Z
ACP,5.515,2025-11-07T20:58:02Z
ACR,21.925,2025-11-07T20:54:15Z
ACRE,5.06,2025-11-07T20:59:50Z
ACRS,2.32,2025-11-07T20:59:58Z
ACRV,1.87,2025-11-07T20:51:42Z
ACT,37,2025-11-07T20:59:55Z
ACTG,3.56,2025-11-07T20:59:33Z
ACTU,6.18,2025-11-07T20:21:40Z
ACU,37.41,2025-11-07T19:00:25Z
ACVA,5.42,2025-11-07T20:59:55Z
ACWI,139.565,2025-11-07T20:59:58Z
ACWV,118.735,2025-11-07T20:59:44Z
ACWX,65.935,2025-11-07T20:59:58Z
ACXP,4.54,2025-11-07T18:57:30Z
AD,46.15,2025-11-07T20:59:47Z
ADAG,1.33,2025-11-07T20:59:31Z
ADAM,7,2025-11-07T20:59:55Z
ADAMG,25.13,2025-11-07T19:40:12Z
ADAMH,25.45,2025-11-07T19:22:35Z
ADAMZ,18.64,2025-11-07T16:13:34Z
ADBE,326.97,2025-11-07T20:59:57Z
ADBG,9.16,2025-11-07T20:59:27Z
ADC,73.405,2025-11-07T20:59:49Z
ADCT,4.04,2025-11-07T20:59:54Z
ADEA,13.88,2025-11-07T20:59:42Z
ADI,228.55,2025-11-07T20:59:58Z
ADIL,0.32,2025-11-07T19:41:09Z
ADM,56.965,2025-11-07T20:59:58Z
ADMA,14.52,2025-11-07T20:59:56Z
ADNT,19.63,2025-11-07T20:59:55Z
ADP,254.165,2025-11-07T20:59:57Z
ADPT,14.81,2025-11-07T20:59:52Z
ADSE,10.25,2025-11-07T20:56:28Z
ADSK,297.31,2025-11-07T20:59:53Z
ADT,8.265,2025-11-07T20:59:58Z
ADTN,7.965,2025-11-07T20:59:58Z
ADTX,5.27,2025-11-07T20:59:39Z
ADUR,12.335,2025-11-07T20:59:38Z
ADUS,113.13,2025-11-07T20:59:45Z
ADV,1.12,2025-11-07T20:59:31Z
ADVB,0.41,2025-11-07T17:01:45Z
ADVM,4.33,2025-11-07T20:55:10Z
ADX,22.76,2025-11-07T20:59:06Z
AEBI,10.98,2025-11-07T20:59:03Z
AEC,6.8,2025-11-07T20:01:27Z
AEE,104.62,2025-11-07T20:59:42Z
AEF,6.79,2025-11-07T20:46:03Z
AEFC,20.04,2025-11-07T20:51:10Z
AEG,7.59,2025-11-07T20:59:52Z
AEHL,1.53,2025-11-07T16:34:39Z
AEHR,24.47,2025-11-07T20:59:54Z
AEI,2.41,2025-11-07T20:59:24Z
AEIS,216.63,2025-11-07T20:59:02Z
AEM,161.39,2025-11-07T20:59:47Z
AEMD,4.08,2025-11-07T14:55:17Z
AENT,6.42,2025-11-07T19:46:30Z
AEO,17.115,2025-11-07T20:59:54Z
AEP,121.435,2025-11-07T20:59:46Z
AER,133.02,2025-11-07T20:59:50Z
AERO,19.9,2025-11-07T20:59:49Z
AERT,0.629,2025-11-07T16:57:43Z
AES,14.13,2025-11-07T20:59:58Z
AESI,11.155,2025-11-07T20:59:28Z
AESR,20.39,2025-11-07T20:59:46Z
AETH,39.45,2025-11-07T15:25:39Z
AEVA,13.055,2025-11-07T20:59:58Z
AEXA,11.17,2025-11-07T19:59:00Z
AEYE,13.24,2025-11-07T20:50:20Z
AFB,10.835,2025-11-07T20:57:55Z
AFCG,3.12,2025-11-07T20:54:36Z
AFG,143.025,2025-11-07T20:59:27Z
AFGB,22.5,2025-11-07T19:16:29Z
AFGC,20.05,2025-11-07T17:03:55Z
AFIF,9.44,2025-11-07T20:33:06Z
AFJK,12.63,2025-11-07T19:20:39Z
AFJKU,13.05,2025-11-07T20:54:22Z
AFK,23.64,2025-11-07T20:27:31Z
AFL,114.02,2025-11-07T20:59:38Z
AFLG,38.665,2025-11-07T20:59:47Z
AFRM,73.675,2025-11-07T20:59:55Z
AFYA,14.07,2025-11-07T20:57:22Z
AG,11.42,2025-11-07T20:59:58Z
AGAE,0.5512,2025-11-07T20:52:05Z
AGCO,105.58,2025-11-07T20:59:50Z
AGD,11.335,2025-11-07T17:37:35Z
AGEN,3.975,2025-11-07T20:59:49Z
AGG,100.21,2025-11-07T20:59:59Z
AGGH,20.815,2025-11-07T20:59:45Z
AGGY,44.21,2025-11-07T20:55:09Z
AGH,5.22,2025-11-07T16:12:37Z
AGI,30.99,2025-11-07T20:59:56Z
AGIO,40.645,2025-11-07T20:59:54Z
AGIQ,22.57,2025-11-07T15:43:51Z
AGL,0.6618,2025-11-07T20:59:57Z
AGM,163.72,2025-11-07T20:47:51Z
AGNC,10.33,2025-11-07T20:59:55Z
AGNCM,24.58,2025-11-07T20:19:20Z
AGNCN,25.45,2025-11-07T20:53:23Z
AGNCO,25.21,2025-11-07T15:11:06Z
AGNCP,24.99,2025-11-07T20:17:26Z
AGNCZ,25.5,2025-11-07T20:50:21Z
AGO,86.9,2025-11-07T20:59:44Z
AGQ,79.33,2025-11-07T20:58:20Z
AGRI,2.19,2025-11-07T20:58:28Z
AGRO,8.215,2025-11-07T20:59:54Z
AGRZ,2.71,2025-11-07T19:51:19Z
AGX,311.73,2025-11-07T20:59:48Z
AGYS,126.62,2025-11-07T20:37:50Z
AGZ,110.51,2025-11-07T19:34:30Z
AHCO,9.51,2025-11-07T20:59:55Z
AHH,6.38,2025-11-07T20:59:52Z
AHH-A,20.84,2025-11-07T19:23:09Z
AHL,36.82,2025-11-07T20:59:54Z
AHL-F,25.2,2025-11-07T18:35:47Z
AHMA,5.255,2025-11-07T15:15:07Z
AHR,49.475,2025-11-07T20:59:47Z
AHT,4.44,2025-11-07T20:58:45Z
AI,15.53,2025-11-07T20:59:55Z
AIA,96.99,2025-11-07T20:52:34Z
AIBD,7.28,2025-11-07T20:54:50Z
AIBU,55.38,2025-11-07T20:58:07Z
AIFD,36.48,2025-11-07T19:00:03Z
AIFF,1.63,2025-11-07T20:59:45Z
AIG,76.93,2025-11-07T20:59:53Z
AII,24.855,2025-11-07T20:09:04Z
AIIO,0.5184,2025-11-07T20:58:02Z
AIM,1.675,2025-11-07T20:59:49Z
AIMD,2.63,2025-11-07T20:35:12Z
AIN,47.87,2025-11-07T20:59:22Z
AIO,23.84,2025-11-07T19:36:26Z
AIOT,4.91,2025-11-07T20:59:59Z
AIP,14.45,2025-11-07T20:59:42Z
AIPI,42.33,2025-11-07T19:38:59Z
AIPO,23.97,2025-11-07T20:56:49Z
AIQ,50.675,2025-11-07T20:59:59Z
AIR,82.42,2025-11-07T20:57:15Z
AIRE,0.4917,2025-11-07T20:59:46Z
AIRG,4.12,2025-11-07T19:51:43Z
AIRI,2.93,2025-11-07T17:10:12Z
AIRJ,4.77,2025-11-07T20:45:27Z
AIRO,13.465,2025-11-07T20:59:53Z
AIRR,97.24,2025-11-07T20:55:48Z
AIRS,6.1,2025-11-07T20:59:51Z
AIS,38,2025-11-07T20:53:02Z
AISP,4.26,2025-11-07T20:59:51Z
AISPW,1.42,2025-11-07T18:38:41Z
AIT,258.54,2025-11-07T20:59:25Z
AIV,5.38,2025-11-07T20:59:57Z
AIVC,67.57,2025-11-07T16:00:17Z
AIXI,0.8099,2025-11-07T18:10:51Z
AIYY,2.175,2025-11-07T20:58:38Z
AIZ,224.185,2025-11-07T20:59:39Z
AJAN,27.6,2025-11-07T20:59:19Z
AJG,249.98,2025-11-07T20:59:53Z
AKAM,83.66,2025-11-07T20:59:55Z
AKAN,1.28,2025-11-07T20:08:24Z
AKBA,2.035,2025-11-07T20:59:47Z
AKO.B,27,2025-11-07T17:47:05Z
AKR,20.24,2025-11-07T20:59:47Z
AKRE,64.14,2025-11-07T20:57:21Z
AKRO,54.04,2025-11-07T20:59:54Z
AKTX,0.6199,2025-11-07T17:58:36Z
AL,63.79,2025-11-07T20:59:58Z
ALAB,165.4,2025-11-07T20:59:52Z
ALAI,36.89,2025-11-07T20:55:09Z
ALAR,14.01,2025-11-07T17:35:18Z
ALB,97.16,2025-11-07T20:59:52Z
ALB-A,43.82,2025-11-07T20:51:38Z
ALC,73.98,2025-11-07T20:59:49Z
ALCO,32.815,2025-11-07T20:30:36Z
ALDX,4.695,2025-11-07T20:59:58Z
ALE,67.435,2025-11-07T20:59:54Z
ALEC,1.29,2025-11-07T20:59:58Z
ALEX,15.515,2025-11-07T20:59:49Z
ALG,165.835,2025-11-07T20:46:53Z
ALGM,26.975,2025-11-07T20:59:55Z
ALGN,134.78,2025-11-07T20:59:50Z
ALGS,6.94,2025-11-07T20:54:56Z
ALGT,70.78,2025-11-07T20:59:44Z
ALH,26.4,2025-11-07T20:59:56Z
ALHC,16.34,2025-11-07T20:59:56Z
ALIT,2.355,2025-11-07T20:59:54Z
ALK,42.94,2025-11-07T20:59:58Z
ALKS,32.895,2025-11-07T20:59:53Z
ALKT,19.45,2025-11-07T20:59:55Z
ALL,202.295,2025-11-07T20:59:53Z
ALL-H,21.35,2025-11-07T20:58:40Z
ALLE,167.315,2025-11-07T20:59:30Z
ALLO,1.165,2025-11-07T20:59:45Z
ALLR,1.17,2025-11-07T20:54:50Z
ALLT,8.99,2025-11-07T20:59:51Z
ALLW,28.54,2025-11-07T20:59:51Z
ALLY,39.26,2025-11-07T20:59:58Z
ALM,6.99,2025-11-07T20:59:56Z
ALMS,4.725,2025-11-07T20:59:46Z
ALMU,14.76,2025-11-07T20:59:26Z
ALNT,52.285,2025-11-07T20:58:01Z
ALNY,442.69,2025-11-07T20:59:41Z
ALPS,0.711,2025-11-07T20:54:26Z
ALRM,49.91,2025-11-07T20:59:39Z
ALRS,21.02,2025-11-07T20:56:31Z
ALSN,81.9,2025-11-07T20:59:49Z
ALT,4.1,2025-11-07T20:59:59Z
ALTG,5.25,2025-11-07T20:59:16Z
ALTI,4.05,2025-11-07T20:54:21Z
ALTO,1.375,2025-11-07T20:59:35Z
ALTS,2.13,2025-11-07T20:59:58Z
ALUR,1.56,2025-11-07T16:57:02Z
ALV,121.71,2025-11-07T20:59:48Z
ALVO,5.7,2025-11-07T20:59:50Z
ALXO,1.36,2025-11-07T20:58:00Z
ALZN,2.375,2025-11-07T20:15:47Z
AM,17.72,2025-11-07T20:59:56Z
AMAL,27.84,2025-11-07T20:59:07Z
AMAT,230.01,2025-11-07T20:59:58Z
AMAX,8.09,2025-11-07T19:18:14Z
AMBA,89.81,2025-11-07T20:59:46Z
AMBC,8.47,2025-11-07T20:59:55Z
AMBP,3.405,2025-11-07T20:59:58Z
AMBQ,26.91,2025-11-07T20:48:24Z
AMBR,1.73,2025-11-07T20:59:33Z
AMC,2.41,2025-11-07T20:59:56Z
AMCR,8.365,2025-11-07T20:59:59Z
AMCX,7.515,2025-11-07T20:59:51Z
AMD,233.56,2025-11-07T20:59:59Z
AMDD,9.035,2025-11-07T20:59:45Z
AMDG,36.29,2025-11-07T20:00:48Z
AMDL,19.49,2025-11-07T20:59:46Z
AMDW,62.09,2025-11-07T19:45:52Z
AMDY,9.015,2025-11-07T20:59:43Z
AME,196.34,2025-11-07T20:59:45Z
AMG,258.77,2025-11-07T20:59:38Z
AMGN,320.3,2025-11-07T20:59:54Z
AMH,31.99,2025-11-07T20:59:58Z
AMID,34.06,2025-11-07T19:52:58Z
AMIX,0.7906,2025-11-07T20:46:54Z
AMJB,29.74,2025-11-07T19:36:45Z
AMKR,34.78,2025-11-07T20:59:54Z
AMLP,47.23,2025-11-07T20:59:50Z
AMLX,12.3,2025-11-07T20:59:47Z
AMN,17.85,2025-11-07T20:59:54Z
AMOD,1.055,2025-11-07T20:57:18Z
AMP,461.55,2025-11-07T20:59:59Z
AMPG,3.245,2025-11-07T20:54:14Z
AMPH,24.01,2025-11-07T20:59:49Z
AMPL,10.03,2025-11-07T20:59:58Z
AMPX,12.74,2025-11-07T20:59:58Z
AMPX+,5.01,2025-11-07T20:55:33Z
AMPY,5.37,2025-11-07T20:59:55Z
AMR,170.145,2025-11-07T20:57:10Z
AMRC,35.22,2025-11-07T20:59:46Z
AMRK,25.27,2025-11-07T20:59:56Z
AMRN,15.685,2025-11-07T20:25:39Z
AMRX,11.38,2025-11-07T20:59:58Z
AMRZ,49.43,2025-11-07T20:59:52Z
AMSC,38.73,2025-11-07T20:59:31Z
AMSF,40.39,2025-11-07T20:55:28Z
AMST,2.87,2025-11-07T17:02:12Z
AMT,177.93,2025-11-07T20:59:59Z
AMTB,17.105,2025-11-07T20:59:05Z
AMTD,0.9602,2025-11-07T20:14:28Z
AMTM,22.425,2025-11-07T20:59:48Z
AMTX,2.1,2025-11-07T20:59:58Z
AMUU,76.94,2025-11-07T20:59:55Z
AMWD,55.65,2025-11-07T20:47:50Z
AMWL,4.19,2025-11-07T20:59:42Z
AMX,23.29,2025-11-07T20:59:56Z
AMZA,39.1,2025-11-07T20:49:29Z
AMZD,9.565,2025-11-07T20:59:46Z
AMZE,0.4861,2025-11-07T20:59:33Z
AMZN,244.42,2025-11-07T20:59:59Z
AMZU,41.86,2025-11-07T20:59:36Z
AMZW,47.58,2025-11-07T14:56:42Z
AMZY,14.595,2025-11-07T20:58:08Z
AMZZ,35.88,2025-11-07T20:57:17Z
AN,193.74,2025-11-07T20:59:50Z
ANAB,39.75,2025-11-07T20:59:00Z
ANDE,50.4,2025-11-07T20:59:48Z
ANEB,2.36,2025-11-07T17:23:48Z
ANEL,17.83,2025-11-07T20:52:30Z
ANET,134.65,2025-11-07T20:59:58Z
ANF,71.515,2025-11-07T20:59:49Z
ANGH,2.8,2025-11-07T15:15:18Z
ANGI,11.3,2025-11-07T20:59:45Z
ANGL,29.27,2025-11-07T20:56:25Z
ANGO,12.005,2025-11-07T20:59:05Z
ANGX,6,2025-11-07T20:59:54Z
ANIK,9.805,2025-11-07T20:58:45Z
ANIP,90.4,2025-11-07T20:59:30Z
ANIX,4.12,2025-11-07T20:17:34Z
ANL,1.53,2025-11-07T17:32:06Z
ANNX,2.87,2025-11-07T20:59:52Z
ANRO,11.49,2025-11-07T20:59:10Z
ANTA,10.81,2025-11-07T15:42:04Z
ANTX,1.135,2025-11-07T20:43:36Z
ANVS,2.04,2025-11-07T20:59:58Z
ANY,0.5973,2025-11-07T20:55:58Z
AOA,88.33,2025-11-07T19:40:29Z
AOCT,26.2,2025-11-07T15:11:05Z
AOD,9.2,2025-11-07T20:59:59Z
AOHY,11.095,2025-11-07T19:08:35Z
AOK,40.26,2025-11-07T20:59:11Z
AOM,47.62,2025-11-07T20:36:37Z
AOMR,9.02,2025-11-07T20:59:33Z
AON,346.33,2025-11-07T20:59:59Z
AOR,64.585,2025-11-07T20:59:45Z
AORT,44.75,2025-11-07T20:59:49Z
AOS,66.28,2025-11-07T20:59:55Z
AOSL,20.315,2025-11-07T20:54:50Z
AOUT,6.585,2025-11-07T20:59:32Z
AP,1.85,2025-11-07T18:37:20Z
APA,23.83,2025-11-07T20:59:56Z
APACU,10.065,2025-11-07T20:10:10Z
APAM,44.92,2025-11-07T20:59:41Z
APCB,29.87,2025-11-07T18:32:03Z
APD,259.64,2025-11-07T20:59:58Z
APED,11.81,2025-11-07T14:46:43Z
APEI,31.085,2025-11-07T20:59:52Z
APG,36.25,2025-11-07T20:59:53Z
APGE,54.73,2025-11-07T20:58:01Z
APH,139.105,2025-11-07T20:59:57Z
API,3.495,2025-11-07T20:59:57Z
APIE,35.55,2025-11-07T18:08:10Z
APLD,30.98,2025-11-07T20:59:49Z
APLE,11.69,2025-11-07T20:59:59Z
APLS,19.26,2025-11-07T20:59:59Z
APLT,0.8453,2025-11-07T20:59:55Z
APLU,25.22,2025-11-07T20:57:44Z
APLX,98.32,2025-11-07T20:34:13Z
APLY,13.64,2025-11-07T20:59:11Z
APM,1.35,2025-11-07T20:27:18Z
APMU,25.12,2025-11-07T19:19:45Z
APO,132.36,2025-11-07T20:59:58Z
APOC,25.97,2025-11-07T19:43:08Z
APOG,34.37,2025-11-07T20:58:50Z
APOS,26.22,2025-11-07T20:50:39Z
APP,619.73,2025-11-07T20:59:54Z
APPF,251.69,2025-11-07T20:59:53Z
APPN,40.34,2025-11-07T20:59:33Z
APPS,5.98,2025-11-07T20:59:58Z
APPX,34.56,2025-11-07T20:57:43Z
APRB,25.17,2025-11-07T20:11:08Z
APRE,1.28,2025-11-07T19:43:50Z
APRJ,24.71,2025-11-07T18:36:31Z
APRT,40.685,2025-11-07T16:30:29Z
APRW,34.3,2025-11-07T19:15:56Z
APT,4.625,2025-11-07T17:58:07Z
APTV,83.64,2025-11-07T20:59:50Z
APUE,40.975,2025-11-07T20:45:04Z
APUS,2.38,2025-11-07T18:12:10Z
APVO,1.495,2025-11-07T20:59:59Z
APYX,3.84,2025-11-07T20:58:49Z
AQMS,7.27,2025-11-07T20:59:32Z
AQN,6.21,2025-11-07T20:59:53Z
AQST,6.045,2025-11-07T20:59:58Z
AQWA,19.47,2025-11-07T20:58:29Z
AR,33.64,2025-11-07T20:59:50Z
ARAI,4.32,2025-11-07T20:59:01Z
ARAY,1.18,2025-11-07T20:59:49Z
ARB,28.97,2025-11-07T20:30:54Z
ARBB,5.6,2025-11-07T20:27:13Z
ARBE,1.64,2025-11-07T20:58:39Z
ARBK,0.3399,2025-11-07T20:58:16Z
ARCB,66.865,2025-11-07T20:59:27Z
ARCC,20.195,2025-11-07T20:59:53Z
ARCO,7.07,2025-11-07T20:59:56Z
ARCT,8.71,2025-11-07T20:59:41Z
ARCX,9.01,2025-11-07T20:48:00Z
ARDC,13.83,2025-11-07T20:58:21Z
ARDT,14.415,2025-11-07T20:59:48Z
ARDX,5.595,2025-11-07T20:59:54Z
ARE,55.62,2025-11-07T20:59:57Z
AREB,1.15,2025-11-07T20:59:59Z
AREC,4.015,2025-11-07T20:59:54Z
AREN,4.75,2025-11-07T20:59:45Z
ARES,153.87,2025-11-07T20:59:53Z
ARGT,89.75,2025-11-07T20:28:34Z
ARGX,853.805,2025-11-07T20:59:53Z
ARHS,9.845,2025-11-07T20:59:56Z
ARI,9.83,2025-11-07T20:59:56Z
ARKB,34.475,2025-11-07T20:59:57Z
ARKF,51.86,2025-11-07T20:59:41Z
ARKG,28.01,2025-11-07T20:59:45Z
ARKK,80.85,2025-11-07T20:59:59Z
ARKO,4.295,2025-11-07T20:59:54Z
ARKQ,113.13,2025-11-07T20:55:11Z
ARKR,7.09,2025-11-07T14:40:57Z
ARKW,161.85,2025-11-07T20:39:13Z
ARKX,28.61,2025-11-07T20:59:51Z
ARLO,14.855,2025-11-07T20:59:55Z
ARLP,24.38,2025-11-07T20:59:49Z
ARM,152.53,2025-11-07T20:59:55Z
ARMG,11.11,2025-11-07T17:09:43Z
ARMK,37.775,2025-11-07T20:59:55Z
ARMN,9.85,2025-11-07T20:59:53Z
ARMP,5.755,2025-11-07T20:44:37Z
ARMW,42.57,2025-11-07T17:55:45Z
AROC,24.59,2025-11-07T20:59:57Z
ARQ,3.875,2025-11-07T20:59:20Z
ARQQ,33.795,2025-11-07T20:58:43Z
ARQQW,0.46,2025-11-07T20:34:00Z
ARQT,24.21,2025-11-07T20:59:49Z
ARR,16.82,2025-11-07T20:59:56Z
ARRY,8.56,2025-11-07T20:59:59Z
ARTL,2.16,2025-11-07T20:54:24Z
ARTNA,33.05,2025-11-07T20:59:46Z
ARTV,3.45,2025-11-07T20:56:59Z
ARTW,2.33,2025-11-07T20:49:22Z
ARTY,47.93,2025-11-07T20:49:26Z
ARVN,10.62,2025-11-07T20:59:58Z
ARW,111.69,2025-11-07T20:59:50Z
ARWR,39.23,2025-11-07T20:59:51Z
ARX,12.62,2025-11-07T20:59:45Z
AS,29.505,2025-11-07T20:59:48Z
ASA,45.57,2025-11-07T19:47:35Z
ASAN,13.32,2025-11-07T20:59:55Z
ASB,25.555,2025-11-07T20:59:46Z
ASBA,24.545,2025-11-07T20:40:03Z
ASBP,0.246,2025-11-07T20:58:15Z
ASC,12.715,2025-11-07T20:59:56Z
ASEA,17.94,2025-11-07T19:53:58Z
ASG,5.39,2025-11-07T20:59:54Z
ASGI,20.31,2025-11-07T20:56:01Z
ASGM,27.13,2025-11-07T19:57:31Z
ASGN,43.7,2025-11-07T20:59:30Z
ASH,50.045,2025-11-07T20:59:30Z
ASHR,33.255,2025-11-07T20:59:56Z
ASIC,17.77,2025-11-07T20:59:43Z
ASIX,15.39,2025-11-07T20:59:43Z
ASLE,6.155,2025-11-07T20:59:44Z
ASM,4.3,2025-11-07T20:59:30Z
ASMB,31.29,2025-11-07T20:50:42Z
ASMG,23.51,2025-11-07T20:58:48Z
ASML,1017.3,2025-11-07T20:59:58Z
ASND,197.8,2025-11-07T20:59:50Z
ASNS,0.4349,2025-11-07T20:53:30Z
ASO,45.745,2025-11-07T20:59:53Z
ASPCU,11.02,2025-11-07T20:24:24Z
ASPI,8.99,2025-11-07T20:59:57Z
ASPN,3.855,2025-11-07T20:59:57Z
ASPS,9.97,2025-11-07T14:50:48Z
ASPSW,0.51,2025-11-07T14:54:02Z
ASR,309.21,2025-11-07T20:54:04Z
ASRT,0.7641,2025-11-07T20:59:28Z
ASST,1.505,2025-11-07T20:59:50Z
ASTE,44.93,2025-11-07T20:59:51Z
ASTH,25.575,2025-11-07T20:59:45Z
ASTI,1.63,2025-11-07T20:50:01Z
ASTL,3.855,2025-11-07T20:59:52Z
ASTS,69.21,2025-11-07T20:59:50Z
ASTX,46.12,2025-11-07T20:57:33Z
ASUR,8.065,2025-11-07T20:58:07Z
ASX,15.215,2025-11-07T20:59:59Z
ASYS,7.5,2025-11-07T20:59:57Z
ATAI,4.36,2025-11-07T20:59:59Z
ATAT,39.22,2025-11-07T20:59:42Z
ATCH,0.3091,2025-11-07T20:58:17Z
ATEC,19.805,2025-11-07T20:59:55Z
ATEN,17.22,2025-11-07T20:59:49Z
ATER,0.8494,2025-11-07T15:16:47Z
ATEX,18.065,2025-11-07T20:59:22Z
ATFV,34.76,2025-11-07T20:21:15Z
ATGE,94.98,2025-11-07T20:59:41Z
ATH-A,24.95,2025-11-07T19:57:29Z
ATH-E,25.93,2025-11-07T14:41:29Z
ATHA,3.935,2025-11-07T20:50:53Z
ATHM,24.34,2025-11-07T20:59:48Z
ATHS,25.365,2025-11-07T19:21:57Z
ATI,97.665,2025-11-07T20:59:56Z
ATKR,65.91,2025-11-07T20:59:47Z
ATLC,54.01,2025-11-07T20:59:45Z
ATLX,4.54,2025-11-07T20:59:51Z
ATMU,47.895,2025-11-07T20:59:45Z
ATNI,18.28,2025-11-07T17:01:57Z
ATNM,1.27,2025-11-07T20:39:35Z
ATO,177,2025-11-07T20:59:49Z
ATOM,2.7,2025-11-07T20:59:52Z
ATON,3.835,2025-11-07T18:48:53Z
ATOS,0.8033,2025-11-07T20:47:26Z
ATR,116.17,2025-11-07T20:59:30Z
ATRA,11.76,2025-11-07T19:55:46Z
ATRC,32.065,2025-11-07T20:59:49Z
ATRO,46.96,2025-11-07T20:58:16Z
ATS,26.835,2025-11-07T20:57:08Z
ATUS,2.085,2025-11-07T20:59:40Z
ATXG,0.45,2025-11-07T18:39:54Z
ATXS,12.515,2025-11-07T20:59:54Z
ATYR,0.8173,2025-11-07T20:58:54Z
AU,69.375,2025-11-07T20:59:42Z
AUB,32.74,2025-11-07T20:59:48Z
AUB-A,25.07,2025-11-07T18:57:41Z
AUDC,9.265,2025-11-07T20:50:49Z
AUGO,34.255,2025-11-07T20:59:55Z
AUGT,34.935,2025-11-07T20:57:46Z
AUGW,32.01,2025-11-07T20:59:53Z
AUID,2.3,2025-11-07T16:50:59Z
AUNA,5.43,2025-11-07T20:59:38Z
AUPH,14.615,2025-11-07T20:59:43Z
AUR,4.335,2025-11-07T20:59:58Z
AURA,5.36,2025-11-07T20:58:21Z
AUSF,44.8,2025-11-07T20:30:54Z
AUST,1.57,2025-11-07T20:58:42Z
AUTL,1.325,2025-11-07T20:59:57Z
AVA,40.805,2025-11-07T20:59:48Z
AVAH,8.77,2025-11-07T20:59:58Z
AVAV,329.82,2025-11-07T20:59:53Z
AVB,177.33,2025-11-07T20:59:55Z
AVBC,15.335,2025-11-07T20:55:15Z
AVBH,25.6,2025-11-07T19:50:23Z
AVBP,18.03,2025-11-07T20:58:14Z
AVD,5.11,2025-11-07T20:59:53Z
AVDE,79.155,2025-11-07T20:58:56Z
AVDL,18.7,2025-11-07T20:59:53Z
AVDV,88.54,2025-11-07T20:57:18Z
AVEE,63.03,2025-11-07T18:34:22Z
AVEM,76.55,2025-11-07T20:58:58Z
AVES,57.74,2025-11-07T20:02:27Z
AVGG,29.58,2025-11-07T20:55:00Z
AVGO,349.45,2025-11-07T20:59:59Z
AVGU,36.36,2025-11-07T20:10:01Z
AVGW,52.12,2025-11-07T20:27:14Z
AVGX,50.715,2025-11-07T20:50:00Z
AVIG,41.97,2025-11-07T20:49:58Z
AVIR,3.26,2025-11-07T20:59:58Z
AVIV,68.085,2025-11-07T20:47:08Z
AVK,12.655,2025-11-07T20:59:00Z
AVL,56.34,2025-11-07T20:54:10Z
AVLV,72.57,2025-11-07T20:59:45Z
AVMV,68.05,2025-11-07T20:25:04Z
AVNM,70.49,2025-11-07T15:01:16Z
AVNS,11.21,2025-11-07T20:59:55Z
AVNT,29.695,2025-11-07T20:59:58Z
AVNW,22.865,2025-11-07T20:53:45Z
AVO,12.345,2025-11-07T20:59:25Z
AVPT,12.08,2025-11-07T20:59:59Z
AVR,3.98,2025-11-07T20:59:46Z
AVRE,44.04,2025-11-07T16:59:40Z
AVS,9.85,2025-11-07T20:59:26Z
AVSC,56.47,2025-11-07T19:53:26Z
AVSD,71.15,2025-11-07T18:31:08Z
AVSF,47.05,2025-11-07T15:00:20Z
AVSU,73.28,2025-11-07T14:43:26Z
AVT,47.29,2025-11-07T20:59:54Z
AVTR,11.555,2025-11-07T20:59:59Z
AVTX,15.03,2025-11-07T20:59:51Z
AVUS,108.94,2025-11-07T20:44:34Z
AVUV,97.72,2025-11-07T20:59:09Z
AVXL,7.28,2025-11-07T20:59:58Z
AVY,174.04,2025-11-07T20:59:44Z
AWAY,21.09,2025-11-07T19:51:14Z
AWF,10.785,2025-11-07T20:55:15Z
AWI,188.83,2025-11-07T20:59:50Z
AWK,130.82,2025-11-07T20:59:54Z
AWP,3.875,2025-11-07T20:57:48Z
AWR,74.9,2025-11-07T20:58:37Z
AWRE,2.45,2025-11-07T20:19:58Z
AWX,2.64,2025-11-07T20:40:10Z
AX,80.81,2025-11-07T20:58:38Z
AXG,3.37,2025-11-07T20:57:52Z
AXGN,23.575,2025-11-07T20:59:41Z
AXIL,5,2025-11-07T18:32:08Z
AXL,6.545,2025-11-07T20:59:58Z
AXON,602.08,2025-11-07T20:59:54Z
AXP,368.61,2025-11-07T20:59:57Z
AXR,20.8,2025-11-07T17:59:48Z
AXS,99.54,2025-11-07T20:59:53Z
AXSM,138.19,2025-11-07T20:59:27Z
AXTA,29,2025-11-07T20:59:57Z
AXTI,9.47,2025-11-07T20:59:55Z
AXUP,13.56,2025-11-07T14:30:59Z
AYI,360.255,2025-11-07T20:59:53Z
AZ,5.73,2025-11-07T20:59:34Z
AZI,0.0943,2025-11-07T20:56:38Z
AZN,84.595,2025-11-07T20:59:57Z
AZO,3716.48,2025-11-07T20:59:57Z
AZTA,29.35,2025-11-07T20:59:48Z
AZTR,0.3892,2025-11-07T20:59:18Z
AZZ,100.01,2025-11-07T20:58:59Z
B,33.11,2025-11-07T20:59:58Z
BA,194.58,2025-11-07T20:59:57Z
BAB,27.355,2025-11-07T20:55:37Z
BABA,166.35,2025-11-07T20:59:52Z
BABO,15.17,2025-11-07T20:59:59Z
BABX,47.68,2025-11-07T20:59:55Z
BAC,53.22,2025-11-07T20:59:59Z
BAC-B,25.26,2025-11-07T20:37:25Z
BAC-M,22.75,2025-11-07T16:51:42Z
BAC-N,21.15,2025-11-07T20:53:23Z
BAC-P,17.24,2025-11-07T18:35:31Z
BAC-Q,17.72,2025-11-07T15:18:32Z
BAC-S,19.89,2025-11-07T16:42:42Z
BACQ,10.785,2025-11-07T20:51:58Z
BACQR,0.8787,2025-11-07T15:27:54Z
BAER,1.63,2025-11-07T20:58:46Z
BAFE,26.46,2025-11-07T20:59:50Z
BAH,87.465,2025-11-07T20:59:55Z
BAI,34.83,2025-11-07T20:58:40Z
BAIG,12.18,2025-11-07T20:59:03Z
BAK,2.48,2025-11-07T20:59:09Z
BALI,31.26,2025-11-07T20:50:15Z
BALL,48.98,2025-11-07T20:59:49Z
BALT,32.96,2025-11-07T20:59:50Z
BALY,18.34,2025-11-07T20:40:28Z
BAM,53.03,2025-11-07T20:59:59Z
BAMB,26.67,2025-11-07T20:57:12Z
BAMG,38.94,2025-11-07T15:54:04Z
BAMV,31.75,2025-11-07T16:22:26Z
BAMY,27.9,2025-11-07T20:26:46Z
BANC,17.095,2025-11-07T20:59:58Z
BAND,14.29,2025-11-07T20:59:43Z
BANF,110.25,2025-11-07T20:41:04Z
BANR,60.9,2025-11-07T20:58:08Z
BAP,259.03,2025-11-07T20:59:24Z
BAR,39.46,2025-11-07T20:59:27Z
BARK,0.7988,2025-11-07T20:59:53Z
BATRA,42.075,2025-11-07T20:57:33Z
BATRK,38.67,2025-11-07T20:59:35Z
BATT,13.37,2025-11-07T20:41:50Z
BAX,18.01,2025-11-07T20:59:58Z
BB,4.545,2025-11-07T20:59:57Z
BBAG,46.6,2025-11-07T20:55:09Z
BBAI,5.665,2025-11-07T20:59:53Z
BBAR,15.795,2025-11-07T20:59:47Z
BBAX,56.225,2025-11-07T20:59:51Z
BBBS,51.5,2025-11-07T16:21:06Z
BBBY,6.995,2025-11-07T20:59:54Z
BBBY+,0.9375,2025-11-07T20:59:58Z
BBCA,86.11,2025-11-07T20:56:30Z
BBCP,6.125,2025-11-07T20:58:32Z
BBD,3.535,2025-11-07T20:59:43Z
BBDC,8.96,2025-11-07T20:59:51Z
BBDO,3.12,2025-11-07T20:59:50Z
BBEM,64.3,2025-11-07T19:36:39Z
BBEU,70.06,2025-11-07T20:59:55Z
BBHY,46.37,2025-11-07T20:16:06Z
BBIN,70.45,2025-11-07T16:48:22Z
BBIO,61.785,2025-11-07T20:59:47Z
BBJP,68.8,2025-11-07T20:59:51Z
BBLG,1.73,2025-11-07T18:21:47Z
BBLU,15.14,2025-11-07T19:47:46Z
BBN,17.22,2025-11-07T20:55:46Z
BBNX,26.215,2025-11-07T20:59:58Z
BBOT,12.24,2025-11-07T20:57:36Z
BBSB,99.2,2025-11-07T19:50:35Z
BBSI,33.28,2025-11-07T20:59:07Z
BBT,26.37,2025-11-07T20:59:50Z
BBU,30.51,2025-11-07T20:57:16Z
BBUC,31.38,2025-11-07T20:53:56Z
BBUS,121.54,2025-11-07T20:59:47Z
BBVA,20.42,2025-11-07T20:59:58Z
BBW,49.225,2025-11-07T20:59:57Z
BBWI,22.91,2025-11-07T20:59:58Z
BBY,79.01,2025-11-07T20:59:59Z
BC,65.76,2025-11-07T20:59:45Z
BC-C,24.84,2025-11-07T17:58:07Z
BCAB,0.6856,2025-11-07T20:49:32Z
BCAL,18.85,2025-11-07T20:57:12Z
BCAT,14.485,2025-11-07T20:59:22Z
BCAX,14.61,2025-11-07T20:59:46Z
BCBP,7.765,2025-11-07T20:59:50Z
BCC,70.515,2025-11-07T20:59:17Z
BCCC,21.66,2025-11-07T15:47:44Z
BCD,35.205,2025-11-07T20:57:33Z
BCDA,1.29,2025-11-07T19:52:31Z
BCDF,31.405,2025-11-07T19:26:36Z
BCE,23.19,2025-11-07T20:59:58Z
BCG,1.47,2025-11-07T19:43:48Z
BCH,36.24,2025-11-07T20:59:54Z
BCI,22.17,2025-11-07T20:59:51Z
BCIC,12.62,2025-11-07T20:58:45Z
BCIM,22.31,2025-11-07T19:00:14Z
BCML,27.655,2025-11-07T19:15:04Z
BCO,113.025,2025-11-07T20:59:44Z
BCPC,152.455,2025-11-07T20:50:01Z
BCRX,7.085,2025-11-07T20:59:57Z
BCS,21.75,2025-11-07T20:59:55Z
BCSF,13.91,2025-11-07T20:59:53Z
BCSS=,10.325,2025-11-07T20:03:08Z
BCTX,11.37,2025-11-07T20:56:53Z
BCTXZ,0.285,2025-11-07T17:54:55Z
BCV,22.945,2025-11-07T20:53:04Z
BCX,9.995,2025-11-07T20:53:28Z
BCYC,6.38,2025-11-07T20:55:00Z
BDBT,25.59,2025-11-07T18:05:13Z
BDC,119.76,2025-11-07T20:59:57Z
BDCX,22.955,2025-11-07T14:40:26Z
BDEC,47.825,2025-11-07T17:20:38Z
BDJ,8.935,2025-11-07T20:59:44Z
BDMD,1.065,2025-11-07T20:55:29Z
BDN,3.4,2025-11-07T20:59:58Z
BDRX,5.17,2025-11-07T17:55:55Z
BDRY,8.3,2025-11-07T15:15:27Z
BDSX,7.29,2025-11-07T16:27:36Z
BDTX,3.89,2025-11-07T20:59:58Z
BDVL,24.93,2025-11-07T20:23:47Z
BDX,177.9,2025-11-07T20:59:43Z
BDYN,25.46,2025-11-07T20:53:45Z
BE,135.32,2025-11-07T20:59:50Z
BEAGR,0.34,2025-11-07T19:01:47Z
BEAM,22.22,2025-11-07T20:59:44Z
BEAT,1.65,2025-11-07T19:58:10Z
BEEM,2.29,2025-11-07T20:59:46Z
BEEP,3.35,2025-11-07T20:59:13Z
BEGS,34.79,2025-11-07T19:57:52Z
BEKE,15.61,2025-11-07T20:59:55Z
BELFA,136.53,2025-11-07T20:56:44Z
BELFB,161.24,2025-11-07T20:58:42Z
BEN,22.225,2025-11-07T20:59:57Z
BENF,0.51,2025-11-07T20:56:30Z
BEP,31.09,2025-11-07T20:59:57Z
BEPC,44.43,2025-11-07T20:59:50Z
BEPH,15.43,2025-11-07T18:57:53Z
BEPJ,25.54,2025-11-07T15:11:20Z
BERZ,2.995,2025-11-07T20:57:36Z
BETA,32.03,2025-11-07T20:59:54Z
BETE,62.57,2025-11-07T20:33:11Z
BETR,55.68,2025-11-07T20:51:13Z
BETZ,20.56,2025-11-07T20:55:56Z
BF.A,26.5,2025-11-07T20:52:37Z
BF.B,26.61,2025-11-07T20:59:57Z
BFAM,98.46,2025-11-07T20:59:58Z
BFC,123.3,2025-11-07T17:28:20Z
BFH,63.58,2025-11-07T20:59:54Z
BFIN,11.3,2025-11-07T19:32:57Z
BFK,9.98,2025-11-07T20:59:27Z
BFLY,2.235,2025-11-07T20:59:50Z
BFOR,79.3,2025-11-07T19:29:21Z
BFRG,1.105,2025-11-07T20:59:41Z
BFRI,1.035,2025-11-07T19:43:57Z
BFRZ,26.67,2025-11-07T20:50:25Z
BFS,30.49,2025-11-07T20:17:21Z
BFST,24.69,2025-11-07T20:59:51Z
BFZ,10.97,2025-11-07T17:35:02Z
BG,94.685,2025-11-07T20:59:50Z
BGB,11.79,2025-11-07T20:49:02Z
BGC,9.24,2025-11-07T20:59:54Z
BGIN,3.9,2025-11-07T20:59:05Z
BGL,7.28,2025-11-07T20:59:51Z
BGLC,5.01,2025-11-07T19:20:23Z
BGLD,24.15,2025-11-07T20:53:46Z
BGLWW,0.65,2025-11-07T20:57:42Z
BGM,9.64,2025-11-07T18:06:08Z
BGMS,1.44,2025-11-07T15:33:15Z
BGR,13.54,2025-11-07T18:56:03Z
BGRN,48.03,2025-11-07T17:34:51Z
BGS,4.61,2025-11-07T20:59:57Z
BGSF,3.53,2025-11-07T20:45:54Z
BGSI,151.67,2025-11-07T20:59:50Z
BGT,11.59,2025-11-07T20:59:57Z
BGX,11.77,2025-11-07T20:52:37Z
BGY,5.76,2025-11-07T20:36:33Z
BH,362.4,2025-11-07T20:00:09Z
BH.A,1728.86,2025-11-07T16:12:21Z
BHAT,1.56,2025-11-07T20:20:57Z
BHB,29.46,2025-11-07T20:58:50Z
BHC,6.65,2025-11-07T20:59:47Z
BHE,44.13,2025-11-07T20:57:03Z
BHF,65.995,2025-11-07T20:59:59Z
BHFAL,17.925,2025-11-07T19:41:17Z
BHFAM,12.21,2025-11-07T20:22:37Z
BHFAN,13.88,2025-11-07T20:24:57Z
BHFAO,17.41,2025-11-07T20:59:41Z
BHFAP,17.225,2025-11-07T16:21:10Z
BHK,9.74,2025-11-07T20:59:59Z
BHM,9.45,2025-11-07T18:49:30Z
BHP,55.17,2025-11-07T20:59:54Z
BHR,2.725,2025-11-07T20:59:51Z
BHRB,60.4,2025-11-07T19:40:53Z
BHST,6.97,2025-11-07T20:57:14Z
BHVN,8.25,2025-11-07T20:59:55Z
BIAF,2.05,2025-11-07T20:16:14Z
BIB,68.67,2025-11-07T14:45:55Z
BIDD,28.1,2025-11-07T20:55:29Z
BIDU,126,2025-11-07T20:59:59Z
BIGY,51.9,2025-11-07T16:05:05Z
BIIB,155.59,2025-11-07T20:59:55Z
BIL,91.535,2025-11-07T20:59:40Z
BILI,27.835,2025-11-07T20:59:55Z
BILL,45.62,2025-11-07T20:59:59Z
BILS,99.285,2025-11-07T20:59:46Z
BILT,26.02,2025-11-07T20:59:50Z
BILZ,100.86,2025-11-07T20:43:06Z
BINC,53.06,2025-11-07T20:59:48Z
BINT,27.51,2025-11-07T18:23:26Z
BINV,38.59,2025-11-07T17:10:35Z
BIO,305.42,2025-11-07T20:59:50Z
BIOA,7.25,2025-11-07T20:59:50Z
BIOX,1.78,2025-11-07T20:58:44Z
BIP,35.2,2025-11-07T20:59:57Z
BIPC,45.33,2025-11-07T20:59:50Z
BIPJ,25.01,2025-11-07T14:42:34Z
BIRD,6,2025-11-07T20:59:21Z
BIRK,38.76,2025-11-07T20:59:47Z
BIS,11.23,2025-11-07T20:52:59Z
BIT,13.265,2025-11-07T20:59:04Z
BITB,56.39,2025-11-07T20:59:39Z
BITC,40.64,2025-11-07T16:37:50Z
BITF,3.665,2025-11-07T20:59:54Z
BITI,19.95,2025-11-07T20:59:47Z
BITK,20.23,2025-11-07T19:56:59Z
BITO,16.27,2025-11-07T20:59:51Z
BITQ,26.17,2025-11-07T20:55:06Z
BITS,99.76,2025-11-07T20:02:52Z
BITU,41.735,2025-11-07T20:59:51Z
BITX,42.945,2025-11-07T20:59:54Z
BIV,78.06,2025-11-07T20:59:19Z
BIVI,1.49,2025-11-07T20:59:47Z
BIYA,0.4496,2025-11-07T20:58:34Z
BIZD,14.195,2025-11-07T20:59:47Z
BJ,91.43,2025-11-07T20:59:59Z
BJAN,53.26,2025-11-07T20:44:00Z
BJRI,34.965,2025-11-07T20:59:43Z
BJUN,45.77,2025-11-07T19:47:47Z
BK,109.645,2025-11-07T20:59:52Z
BK-K,25.795,2025-11-07T18:48:33Z
BKAG,42.55,2025-11-07T20:35:35Z
BKCH,96.77,2025-11-07T20:08:18Z
BKCI,50.88,2025-11-07T17:44:32Z
BKD,9.43,2025-11-07T20:59:56Z
BKDV,27.89,2025-11-07T20:59:59Z
BKE,57.2,2025-11-07T20:59:07Z
BKF,44.67,2025-11-07T16:21:17Z
BKGI,40.33,2025-11-07T20:58:01Z
BKH,69.7,2025-11-07T20:59:50Z
BKHY,48.07,2025-11-07T14:57:41Z
BKIE,89.745,2025-11-07T20:56:08Z
BKKT,23.63,2025-11-07T20:59:49Z
BKLC,128.78,2025-11-07T20:58:25Z
BKLN,20.94,2025-11-07T20:59:52Z
BKN,11.21,2025-11-07T18:19:18Z
BKNG,4939.16,2025-11-07T20:59:46Z
BKR,47.885,2025-11-07T20:59:57Z
BKSY,16.92,2025-11-07T20:59:59Z
BKT,11.17,2025-11-07T20:55:21Z
BKTI,74.44,2025-11-07T20:43:35Z
BKU,40.24,2025-11-07T20:59:52Z
BKV,25.36,2025-11-07T20:59:47Z
BKYI,0.9693,2025-11-07T20:59:59Z
BL,53.625,2025-11-07T20:59:21Z
BLBD,50.265,2025-11-07T20:56:54Z
BLBX,7.055,2025-11-07T20:56:35Z
BLCN,26.04,2025-11-07T16:43:49Z
BLCO,15.535,2025-11-07T20:59:50Z
BLD,422.84,2025-11-07T20:59:49Z
BLDP,3.5,2025-11-07T20:59:49Z
BLDR,109.42,2025-11-07T20:59:51Z
BLE,10.55,2025-11-07T20:59:27Z
BLFS,25.94,2025-11-07T20:59:51Z
BLFY,8.2,2025-11-07T20:59:39Z
BLGR,28.8,2025-11-07T19:40:40Z
BLIN,1.18,2025-11-07T14:51:41Z
BLK,1082.36,2025-11-07T20:59:51Z
BLKB,57.38,2025-11-07T20:58:48Z
BLLN,100.025,2025-11-07T20:59:39Z
BLMN,6.67,2025-11-07T20:59:59Z
BLMZ,0.1671,2025-11-07T20:58:25Z
BLND,2.78,2025-11-07T20:59:59Z
BLNE,2.105,2025-11-07T20:59:55Z
BLNK,1.6,2025-11-07T20:59:55Z
BLOK,65.59,2025-11-07T20:48:44Z
BLOX,22.78,2025-11-07T19:58:09Z
BLRX,3.28,2025-11-07T17:19:08Z
BLSG,9.88,2025-11-07T18:47:59Z
BLSH,45.09,2025-11-07T20:59:53Z
BLTE,113.21,2025-11-07T20:36:51Z
BLUC,27.92,2025-11-07T16:35:17Z
BLV,70.63,2025-11-07T20:59:36Z
BLW,13.93,2025-11-07T20:59:40Z
BLX,44.605,2025-11-07T20:52:00Z
BLZE,5.795,2025-11-07T20:59:49Z
BLZR,10.14,2025-11-07T18:40:42Z
BLZRU,10.32,2025-11-07T18:25:34Z
BMA,86.15,2025-11-07T20:59:07Z
BMBL,4.26,2025-11-07T20:59:58Z
BME,38.8,2025-11-07T20:55:30Z
BMEA,1.37,2025-11-07T20:59:50Z
BMEZ,14.66,2025-11-07T20:59:25Z
BMGL,1.44,2025-11-07T20:54:05Z
BMI,187.645,2025-11-07T20:59:38Z
BMN,24.62,2025-11-07T19:53:41Z
BMNG,8.78,2025-11-07T19:38:13Z
BMNR,40.18,2025-11-07T20:59:59Z
BMNU,13.8,2025-11-07T20:58:25Z
BMO,123.53,2025-11-07T20:59:30Z
BMR,2.12,2025-11-07T18:37:05Z
BMRA,2.5,2025-11-07T14:30:00Z
BMRC,26.4,2025-11-07T20:58:51Z
BMRN,51.475,2025-11-07T20:59:52Z
BMY,46.71,2025-11-07T20:59:58Z
BN,45.81,2025-11-07T20:59:54Z
BNAI,0.3696,2025-11-07T20:57:09Z
BNBX,3.56,2025-11-07T18:55:30Z
BNC,5.96,2025-11-07T20:59:10Z
BNCWW,0.125,2025-11-07T18:56:51Z
BND,74.32,2025-11-07T20:59:42Z
BNDI,47.775,2025-11-07T18:47:46Z
BNDW,69.765,2025-11-07T20:29:47Z
BNDX,49.62,2025-11-07T20:59:40Z
BNDY,25.91,2025-11-07T19:34:12Z
BNED,8.24,2025-11-07T20:59:50Z
BNGO,1.62,2025-11-07T20:59:55Z
BNH,16.11,2025-11-07T20:51:15Z
BNJ,15.35,2025-11-07T20:51:34Z
BNKD,14.05,2025-11-07T17:47:18Z
BNKK,0.1938,2025-11-07T20:59:51Z
BNKU,27.05,2025-11-07T20:58:01Z
BNL,18.115,2025-11-07T20:59:55Z
BNO,29.13,2025-11-07T20:59:50Z
BNOV,43.62,2025-11-07T20:29:31Z
BNR,11.79,2025-11-07T20:38:46Z
BNS,66.68,2025-11-07T20:59:57Z
BNT,45.57,2025-11-07T20:15:03Z
BNTC,12.825,2025-11-07T20:59:46Z
BNTX,103.2,2025-11-07T20:59:49Z
BNY,10.15,2025-11-07T20:03:00Z
BNZI,1.76,2025-11-07T20:59:45Z
BOBP,26.44,2025-11-07T14:34:03Z
BOC,12.43,2025-11-07T20:59:48Z
BODI,4.73,2025-11-07T20:51:41Z
BOE,11.45,2025-11-07T20:59:10Z
BOED,20.28,2025-11-07T15:35:26Z
BOEG,12.54,2025-11-07T20:30:31Z
BOF,2.94,2025-11-07T20:53:37Z
BOH,65.66,2025-11-07T20:59:57Z
BOH-A,16.13,2025-11-07T17:18:07Z
BOH-B,25.89,2025-11-07T16:24:34Z
BOIL,32.725,2025-11-07T20:59:24Z
BOKF,108.02,2025-11-07T20:59:57Z
BOLT,4.51,2025-11-07T16:16:59Z
BOND,93.49,2025-11-07T20:55:23Z
BOOM,6.04,2025-11-07T20:59:15Z
BOOT,186.715,2025-11-07T20:59:29Z
BORR,3.175,2025-11-07T20:59:51Z
BOSC,5.3,2025-11-07T20:59:41Z
BOTJ,16.5,2025-11-07T18:11:52Z
BOTT,39.06,2025-11-07T20:58:03Z
BOTZ,36,2025-11-07T20:59:53Z
BOW,25.79,2025-11-07T20:58:12Z
BOX,31.35,2025-11-07T20:59:58Z
BOXL,1.15,2025-11-07T19:22:38Z
BOXX,114.295,2025-11-07T20:53:27Z
BP,36.59,2025-11-07T20:59:58Z
BPOP,114.47,2025-11-07T20:59:41Z
BPYPN,13.57,2025-11-07T16:39:05Z
BQ,2.88,2025-11-07T20:55:07Z
BR,221.75,2025-11-07T20:59:50Z
BRAG,2.03,2025-11-07T18:54:04Z
BRBI,14.685,2025-11-07T15:44:33Z
BRBR,29.26,2025-11-07T20:59:46Z
BRBS,4.42,2025-11-07T20:59:49Z
BRC,75.03,2025-11-07T20:59:50Z
BRCB,24.045,2025-11-07T20:58:29Z
BRCC,1.215,2025-11-07T20:59:57Z
BRFH,3.17,2025-11-07T20:42:05Z
BRHY,51.87,2025-11-07T19:23:37Z
BRK.B,498.95,2025-11-07T20:59:54Z
BRKC,46.67,2025-11-07T15:13:40Z
BRKR,39.945,2025-11-07T20:59:53Z
BRKU,25.09,2025-11-07T20:43:55Z
BRKW,45.75,2025-11-07T19:41:29Z
BRLN,51.52,2025-11-07T20:56:07Z
BRLT,2.79,2025-11-07T20:56:52Z
BRNS,1.055,2025-11-07T20:26:15Z
BRNY,48.72,2025-11-07T20:59:45Z
BRO,78.57,2025-11-07T20:59:57Z
BROS,53.425,2025-11-07T20:59:57Z
BRR,10.21,2025-11-07T19:41:42Z
BRRR,29.29,2025-11-07T20:59:47Z
BRRWW,0.9302,2025-11-07T16:40:38Z
BRSL,16.55,2025-11-07T20:59:59Z
BRSP,5.37,2025-11-07T20:59:56Z
BRT,14.63,2025-11-07T20:26:19Z
BRTX,1.36,2025-11-07T14:48:46Z
BRW,7.24,2025-11-07T20:57:08Z
BRX,26.73,2025-11-07T20:59:57Z
BRY,3.29,2025-11-07T20:55:02Z
BRZE,28.005,2025-11-07T20:59:54Z
BRZU,78.695,2025-11-07T20:16:43Z
BSAC,29.63,2025-11-07T20:58:58Z
BSBR,6.05,2025-11-07T20:59:49Z
BSCP,20.705,2025-11-07T20:59:52Z
BSCQ,19.585,2025-11-07T20:55:27Z
BSCR,19.735,2025-11-07T20:56:39Z
BSCS,20.575,2025-11-07T20:59:46Z
BSCT,18.825,2025-11-07T20:59:24Z
BSCU,16.915,2025-11-07T20:59:58Z
BSCV,16.68,2025-11-07T20:56:42Z
BSCW,20.865,2025-11-07T20:59:55Z
BSCX,21.435,2025-11-07T20:57:58Z
BSCY,20.995,2025-11-07T20:57:56Z
BSCZ,20.78,2025-11-07T20:55:30Z
BSET,14.63,2025-11-07T20:27:04Z
BSJP,23.075,2025-11-07T20:39:01Z
BSJQ,23.375,2025-11-07T20:55:10Z
BSJR,22.62,2025-11-07T20:59:46Z
BSJS,21.935,2025-11-07T20:58:17Z
BSJT,21.425,2025-11-07T20:54:39Z
BSJU,25.97,2025-11-07T20:41:12Z
BSL,13.825,2025-11-07T20:55:13Z
BSLK,2.21,2025-11-07T20:56:19Z
BSM,13.3,2025-11-07T20:59:46Z
BSMQ,23.65,2025-11-07T16:57:41Z
BSMR,23.65,2025-11-07T16:56:47Z
BSMS,23.42,2025-11-07T19:58:13Z
BSMT,23.135,2025-11-07T20:41:19Z
BSMV,21.14,2025-11-07T15:09:04Z
BSMW,25.21,2025-11-07T19:58:38Z
BSOL,21.39,2025-11-07T20:59:48Z
BSRR,29.725,2025-11-07T17:54:18Z
BSSX,25.88,2025-11-07T20:54:56Z
BST,41.37,2025-11-07T20:59:29Z
BSTZ,22.27,2025-11-07T20:59:42Z
BSV,78.82,2025-11-07T20:58:42Z
BSVO,22.38,2025-11-07T20:29:03Z
BSX,100.02,2025-11-07T20:59:53Z
BSY,46.72,2025-11-07T20:59:59Z
BTA,9.44,2025-11-07T19:18:52Z
BTAI,1.83,2025-11-07T20:58:24Z
BTAL,15.16,2025-11-07T20:59:51Z
BTBD,1.62,2025-11-07T20:17:37Z
BTBT,3.135,2025-11-07T20:59:56Z
BTC,45.95,2025-11-07T20:59:55Z
BTCC,26.09,2025-11-07T17:54:15Z
BTCI,53.51,2025-11-07T20:56:37Z
BTCL,44.23,2025-11-07T20:41:08Z
BTCO,103.43,2025-11-07T20:59:43Z
BTCS,3.145,2025-11-07T20:59:30Z
BTCT,2.015,2025-11-07T20:58:29Z
BTCW,109.77,2025-11-07T20:59:23Z
BTCZ,3.235,2025-11-07T20:59:48Z
BTDR,22.02,2025-11-07T20:59:55Z
BTE,2.52,2025-11-07T20:59:56Z
BTF,15.02,2025-11-07T20:50:14Z
BTFX,41.26,2025-11-07T16:00:50Z
BTG,3.905,2025-11-07T20:59:57Z
BTGD,39.79,2025-11-07T20:59:54Z
BTI,54.6,2025-11-07T20:59:58Z
BTM,2.67,2025-11-07T20:59:56Z
BTMD,2.72,2025-11-07T20:59:24Z
BTMWW,0.2566,2025-11-07T20:57:29Z
BTO,33.5,2025-11-07T20:38:18Z
BTOC,0.5481,2025-11-07T17:51:19Z
BTOG,0.3132,2025-11-07T20:58:24Z
BTQ,6.64,2025-11-07T20:59:33Z
BTSG,33.16,2025-11-07T20:59:56Z
BTT,22.495,2025-11-07T20:56:10Z
BTU,30.395,2025-11-07T20:59:57Z
BTX,7.02,2025-11-07T20:58:33Z
BTZ,11.02,2025-11-07T20:59:43Z
BUCK,23.835,2025-11-07T20:55:35Z
BUD,63.27,2025-11-07T20:59:59Z
BUFB,35.83,2025-11-07T20:37:11Z
BUFD,27.75,2025-11-07T20:59:50Z
BUFF,48.98,2025-11-07T20:08:27Z
BUFG,26.91,2025-11-07T19:05:16Z
BUFP,29.53,2025-11-07T20:59:46Z
BUFQ,35,2025-11-07T20:49:46Z
BUFR,33.54,2025-11-07T20:51:14Z
BUFT,24.2,2025-11-07T17:54:55Z
BUFX,20.88,2025-11-07T19:12:21Z
BUFY,21.71,2025-11-07T16:40:31Z
BUFZ,26,2025-11-07T20:27:52Z
BUG,33.32,2025-11-07T20:59:09Z
BUI,25.85,2025-11-07T18:55:55Z
BULG,5.23,2025-11-07T20:50:07Z
BULL,9.625,2025-11-07T20:59:53Z
BULLW,3.42,2025-11-07T17:01:59Z
BULZ,276.285,2025-11-07T20:53:48Z
BUR,8.96,2025-11-07T20:59:57Z
BURL,280.875,2025-11-07T20:59:57Z
BURU,0.2782,2025-11-07T20:59:41Z
BUSE,22.99,2025-11-07T20:59:22Z
BUSEP,25.75,2025-11-07T18:09:13Z
BUYW,14.21,2025-11-07T20:59:50Z
BUZZ,35.045,2025-11-07T20:59:46Z
BV,11.805,2025-11-07T20:59:49Z
BVAL,26.99,2025-11-07T18:28:52Z
BVN,22.375,2025-11-07T20:59:45Z
BVS,7.44,2025-11-07T20:59:58Z
BW,5.62,2025-11-07T20:59:59Z
BWA,44.9,2025-11-07T20:59:56Z
BWAY,15.165,2025-11-07T16:29:06Z
BWB,16.73,2025-11-07T19:59:15Z
BWEN,2.01,2025-11-07T20:52:44Z
BWET,18.33,2025-11-07T18:47:59Z
BWG,8.32,2025-11-07T20:03:28Z
BWIN,26.87,2025-11-07T20:59:56Z
BWLP,13.48,2025-11-07T20:59:47Z
BWMN,32.59,2025-11-07T20:59:20Z
BWMX,14.17,2025-11-07T16:07:09Z
BWNB,24.12,2025-11-07T14:36:00Z
BWX,22.645,2025-11-07T20:59:10Z
BWXT,193.56,2025-11-07T20:59:57Z
BWZ,27.23,2025-11-07T20:36:06Z
BX,145.96,2025-11-07T20:59:58Z
BXC,60.7,2025-11-07T19:34:26Z
BXMT,18.41,2025-11-07T20:59:51Z
BXMX,14.27,2025-11-07T19:59:30Z
BXP,72.365,2025-11-07T20:59:58Z
BXSL,26.495,2025-11-07T20:59:47Z
BY,27.205,2025-11-07T20:50:05Z
BYAH,0.2688,2025-11-07T16:27:43Z
BYD,81.24,2025-11-07T20:59:45Z
BYLD,22.82,2025-11-07T20:59:56Z
BYM,11.01,2025-11-07T19:48:14Z
BYND,1.385,2025-11-07T20:59:53Z
BYRN,18.43,2025-11-07T20:59:21Z
BYSI,1.98,2025-11-07T19:03:31Z
BZ,21.09,2025-11-07T20:59:54Z
BZAI,3.29,2025-11-07T20:59:55Z
BZFD,1.065,2025-11-07T20:59:47Z
BZH,21.91,2025-11-07T20:59:58Z
BZQ,8.4,2025-11-07T15:38:51Z
BZUN,3.225,2025-11-07T20:59:00Z
C,100.8,2025-11-07T20:59:54Z
C-N,30.02,2025-11-07T17:31:03Z
CAAP,21.79,2025-11-07T18:52:37Z
CAAS,4.17,2025-11-07T19:31:54Z
CABA,2.55,2025-11-07T20:59:51Z
CABO,131.375,2025-11-07T20:59:44Z
CAC,38.605,2025-11-07T18:35:05Z
CACC,422.47,2025-11-07T20:59:29Z
CACI,589.05,2025-11-07T20:59:46Z
CADE,38.43,2025-11-07T20:59:58Z
CADL,5.04,2025-11-07T20:59:53Z
CAE,27.2,2025-11-07T20:59:54Z
CAEP,10.23,2025-11-07T20:51:33Z
CAFX,25.035,2025-11-07T20:02:18Z
CAG,17.12,2025-11-07T20:59:58Z
CAH,203.63,2025-11-07T20:59:48Z
CAI,25.63,2025-11-07T20:59:56Z
CAIE,26.81,2025-11-07T20:50:48Z
CAKE,47.46,2025-11-07T20:59:50Z
CAL,11.3,2025-11-07T20:59:54Z
CALC,3.06,2025-11-07T20:51:03Z
CALF,43.41,2025-11-07T20:59:50Z
CALI,50.51,2025-11-07T20:55:07Z
CALM,88.71,2025-11-07T20:59:49Z
CALX,63.98,2025-11-07T20:59:36Z
CAM,25.2,2025-11-07T15:34:03Z
CAML,38.01,2025-11-07T17:13:18Z
CAMP,4.33,2025-11-07T20:58:00Z
CAMT,118.965,2025-11-07T20:59:32Z
CAN,1.185,2025-11-07T20:59:46Z
CANE,9.14,2025-11-07T20:15:29Z
CANF,0.4118,2025-11-07T16:09:24Z
CANG,3.475,2025-11-07T20:59:46Z
CAOS,90.14,2025-11-07T20:50:07Z
CAPE,31.31,2025-11-07T20:12:55Z
CAPL,20.36,2025-11-07T16:20:07Z
CAPR,5.935,2025-11-07T20:59:47Z
CAPS,1.055,2025-11-07T20:56:57Z
CAPT,0.6821,2025-11-07T14:48:20Z
CAR,143.31,2025-11-07T20:59:30Z
CARD,3.43,2025-11-07T15:39:19Z
CARE,17.41,2025-11-07T20:49:37Z
CARG,33.35,2025-11-07T20:59:56Z
CARL,13.42,2025-11-07T20:32:34Z
CARR,57.51,2025-11-07T20:59:54Z
CARS,11.15,2025-11-07T20:59:52Z
CART,36.77,2025-11-07T20:59:59Z
CARV,3.51,2025-11-07T20:15:56Z
CARY,20.91,2025-11-07T20:58:52Z
CASH,68.71,2025-11-07T20:57:26Z
CASI,1.36,2025-11-07T20:12:52Z
CASS,39.55,2025-11-07T20:56:45Z
CASY,533.34,2025-11-07T20:57:13Z
CAT,563.17,2025-11-07T20:59:58Z
CATH,80.4,2025-11-07T16:54:06Z
CATO,3.66,2025-11-07T20:57:27Z
CATX,2.2,2025-11-07T20:58:50Z
CATY,47.06,2025-11-07T20:59:52Z
CAVA,48.66,2025-11-07T20:59:50Z
CB,287.56,2025-11-07T20:59:55Z
CBAN,16.1,2025-11-07T20:37:45Z
CBAT,0.8751,2025-11-07T20:59:05Z
CBFV,32.98,2025-11-07T17:43:32Z
CBIO,13.03,2025-11-07T20:56:38Z
CBK,24.115,2025-11-07T20:55:10Z
CBL,32.75,2025-11-07T20:59:36Z
CBLL,11.98,2025-11-07T20:59:53Z
CBNA,29.75,2025-11-07T16:02:33Z
CBNK,27.97,2025-11-07T20:48:41Z
CBOE,256.83,2025-11-07T20:59:50Z
CBOL,24.76,2025-11-07T19:59:36Z
CBOO,24.75,2025-11-07T14:38:35Z
CBRE,152.67,2025-11-07T20:59:52Z
CBRL,31.77,2025-11-07T20:59:54Z
CBSE,38.68,2025-11-07T18:47:20Z
CBSH,54.14,2025-11-07T20:59:53Z
CBT,61.45,2025-11-07T20:59:21Z
CBTO,22.92,2025-11-07T14:30:09Z
CBU,56.635,2025-11-07T20:45:52Z
CBUS,1.3,2025-11-07T20:59:50Z
CBXJ,25.94,2025-11-07T16:51:45Z
CBXO,23.85,2025-11-07T17:22:08Z
CBZ,53.1,2025-11-07T20:59:49Z
CC,12.53,2025-11-07T20:59:56Z
CCAP,13.97,2025-11-07T20:50:04Z
CCB,104.865,2025-11-07T19:39:52Z
CCC,7.61,2025-11-07T20:59:58Z
CCCC,2.34,2025-11-07T20:59:38Z
CCCX,18.58,2025-11-07T20:59:59Z
CCCXW,8.09,2025-11-07T20:56:54Z
CCD,21.42,2025-11-07T20:44:48Z
CCEF,28.47,2025-11-07T15:45:16Z
CCEP,91.42,2025-11-07T20:59:55Z
CCG,0.9201,2025-11-07T20:54:11Z
CCHH,4.57,2025-11-07T17:41:36Z
CCI,89.44,2025-11-07T20:59:55Z
CCID,25.21,2025-11-07T20:50:29Z
CCIF,5.16,2025-11-07T20:52:19Z
CCIX,10.66,2025-11-07T15:15:03Z
CCJ,92.2,2025-11-07T20:59:46Z
CCK,97.99,2025-11-07T20:59:48Z
CCL,26.72,2025-11-07T20:59:58Z
CCLD,3.47,2025-11-07T20:59:41Z
CCNE,24.77,2025-11-07T20:59:41Z
CCNEP,25.14,2025-11-07T20:39:01Z
CCO,1.88,2025-11-07T20:59:55Z
CCOI,23.48,2025-11-07T20:59:55Z
CCRN,12.44,2025-11-07T20:59:43Z
CCS,59.95,2025-11-07T20:59:50Z
CCSI,24.5,2025-11-07T20:59:46Z
CCSO,24.42,2025-11-07T16:18:16Z
CCTG,0.3301,2025-11-07T20:58:26Z
CCU,12.39,2025-11-07T20:59:58Z
CCUP,8.35,2025-11-07T20:52:11Z
CDE,14.69,2025-11-07T20:59:59Z
CDLR,17.05,2025-11-07T20:59:47Z
CDLX,1.42,2025-11-07T20:59:54Z
CDNA,15.6,2025-11-07T20:59:50Z
CDNS,325.04,2025-11-07T20:59:58Z
CDP,28.98,2025-11-07T20:59:46Z
CDRE,42.475,2025-11-07T20:53:07Z
CDRO,5.71,2025-11-07T16:57:14Z
CDT,2.51,2025-11-07T20:59:55Z
CDTG,0.6303,2025-11-07T20:54:23Z
CDTX,104.13,2025-11-07T20:59:55Z
CDW,142.4,2025-11-07T20:59:50Z
CDX,22.735,2025-11-07T20:58:50Z
CDXS,1.69,2025-11-07T20:59:55Z
CDZI,4.905,2025-11-07T20:59:52Z
CE,41.29,2025-11-07T20:59:55Z
CECO,53.19,2025-11-07T20:50:46Z
CEF,37.49,2025-11-07T20:59:45Z
CEFS,22.555,2025-11-07T20:43:59Z
CEFZ,8.07,2025-11-07T20:59:10Z
CEG,358.63,2025-11-07T20:59:59Z
CEGX,29.75,2025-11-07T20:46:32Z
CELC,74.55,2025-11-07T20:59:27Z
CELH,41.535,2025-11-07T20:59:58Z
CELT,10.08,2025-11-07T20:50:07Z
CELU,1.78,2025-11-07T20:37:50Z
CELZ,2.95,2025-11-07T20:59:58Z
CEMB,45.96,2025-11-07T19:48:19Z
CENN,0.1636,2025-11-07T20:59:49Z
CENT,31.46,2025-11-07T20:21:01Z
CENTA,28.355,2025-11-07T20:59:48Z
CENX,33.005,2025-11-07T20:59:44Z
CEP,15.28,2025-11-07T20:28:09Z
CEPF,10.43,2025-11-07T20:59:51Z
CEPI,39.14,2025-11-07T20:45:24Z
CEPO,10.42,2025-11-07T19:33:33Z
CEPT,11.36,2025-11-07T20:59:16Z
CEPU,14.45,2025-11-07T20:59:20Z
CEPV,10.26,2025-11-07T20:59:06Z
CERS,1.72,2025-11-07T20:59:59Z
CERT,8.67,2025-11-07T20:59:55Z
CERY,29.175,2025-11-07T20:59:59Z
CET,50.975,2025-11-07T15:13:17Z
CETX,4.52,2025-11-07T20:32:00Z
CEVA,26.105,2025-11-07T20:59:42Z
CF,81.99,2025-11-07T20:59:50Z
CFBK,22.95,2025-11-07T18:55:49Z
CFFN,6.2,2025-11-07T20:59:56Z
CFG,51.7,2025-11-07T20:59:58Z
CFG-I,25.35,2025-11-07T19:20:17Z
CFLT,22.68,2025-11-07T20:59:56Z
CFND,6.95,2025-11-07T16:23:24Z
CFO,72.64,2025-11-07T20:54:04Z
CFR,125.65,2025-11-07T20:59:40Z
CG,52.415,2025-11-07T20:59:56Z
CGAU,11.41,2025-11-07T20:59:55Z
CGBD,11.98,2025-11-07T20:59:48Z
CGBL,34.515,2025-11-07T20:59:33Z
CGC,1.17,2025-11-07T20:59:35Z
CGCB,26.615,2025-11-07T20:59:59Z
CGCP,22.71,2025-11-07T20:59:51Z
CGCV,29.94,2025-11-07T20:59:47Z
CGDG,34.955,2025-11-07T20:59:01Z
CGDV,42.565,2025-11-07T20:59:46Z
CGEM,7.2,2025-11-07T20:59:46Z
CGEN,1.62,2025-11-07T20:59:43Z
CGGE,30.995,2025-11-07T20:59:59Z
CGGG,28.05,2025-11-07T19:15:30Z
CGGO,34.165,2025-11-07T20:59:46Z
CGGR,43.49,2025-11-07T20:59:54Z
CGHM,25.545,2025-11-07T20:58:58Z
CGIB,25.53,2025-11-07T15:49:12Z
CGIC,31.155,2025-11-07T20:56:59Z
CGIE,34.125,2025-11-07T20:58:28Z
CGMM,28.16,2025-11-07T20:59:38Z
CGMS,27.57,2025-11-07T20:59:59Z
CGMU,27.39,2025-11-07T20:59:59Z
CGNG,31.44,2025-11-07T20:59:46Z
CGNT,8.42,2025-11-07T20:59:50Z
CGNX,39.29,2025-11-07T20:59:50Z
CGO,11.59,2025-11-07T20:37:02Z
CGON,39.71,2025-11-07T20:59:55Z
CGSD,25.985,2025-11-07T20:56:54Z
CGTL,0.624,2025-11-07T20:28:40Z
CGTX,1.67,2025-11-07T20:59:28Z
CGUI,25.285,2025-11-07T20:57:19Z
CGUS,39.725,2025-11-07T20:59:38Z
CGW,64.29,2025-11-07T20:54:09Z
CGXU,29.985,2025-11-07T20:58:16Z
CHA,14.6,2025-11-07T20:59:25Z
CHAC,12.375,2025-11-07T20:57:52Z
CHACR,1.06,2025-11-07T20:59:38Z
CHAI,3.44,2025-11-07T20:55:33Z
CHAT,62.47,2025-11-07T20:59:58Z
CHAU,20.86,2025-11-07T20:59:43Z
CHCI,15.52,2025-11-07T20:50:24Z
CHCO,119.77,2025-11-07T20:21:42Z
CHCT,14.48,2025-11-07T20:59:51Z
CHD,86.835,2025-11-07T20:59:53Z
CHDN,97.4,2025-11-07T20:59:51Z
CHE,433.585,2025-11-07T20:59:00Z
CHEF,62.17,2025-11-07T20:59:49Z
CHEK,1.65,2025-11-07T20:59:27Z
CHGG,0.8952,2025-11-07T20:59:34Z
CHH,98.535,2025-11-07T20:59:56Z
CHI,10.925,2025-11-07T20:56:00Z
CHIQ,22.44,2025-11-07T16:26:20Z
CHKP,200.22,2025-11-07T20:59:32Z
CHMI,2.36,2025-11-07T20:58:03Z
CHOW,10.23,2025-11-07T20:43:32Z
CHPS,44.61,2025-11-07T20:02:19Z
CHPT,9.75,2025-11-07T20:59:49Z
CHPX,54.04,2025-11-07T14:30:01Z
CHPY,55.905,2025-11-07T20:37:05Z
CHR,0.0634,2025-11-07T20:57:21Z
CHRD,87.395,2025-11-07T20:59:42Z
CHRS,1.34,2025-11-07T20:59:07Z
CHRW,149.295,2025-11-07T20:59:47Z
CHT,42.33,2025-11-07T20:58:54Z
CHTR,219.88,2025-11-07T20:59:52Z
CHW,7.43,2025-11-07T20:53:22Z
CHWY,33.705,2025-11-07T20:59:57Z
CHY,11.54,2025-11-07T20:53:23Z
CHYM,20.355,2025-11-07T20:59:51Z
CI,264.54,2025-11-07T20:59:54Z
CIA,6.11,2025-11-07T20:54:35Z
CIB,63.26,2025-11-07T20:59:50Z
CIBR,75.38,2025-11-07T20:59:48Z
CIEN,199.27,2025-11-07T20:59:54Z
CIFR,20.66,2025-11-07T20:59:54Z
CIFRW,10.08,2025-11-07T20:59:08Z
CIG,2.165,2025-11-07T20:59:54Z
CIGI,151.52,2025-11-07T20:59:52Z
CII,23.73,2025-11-07T20:59:34Z
CIK,2.845,2025-11-07T16:55:33Z
CIM,12.2,2025-11-07T20:59:49Z
CIM-A,22.01,2025-11-07T15:25:44Z
CIM-B,24.06,2025-11-07T17:14:22Z
CIMO,25.2,2025-11-07T17:00:53Z
CINF,164.68,2025-11-07T20:59:35Z
CING,3.65,2025-11-07T14:31:24Z
CINT,4.495,2025-11-07T20:59:22Z
CIO,6.9,2025-11-07T20:59:57Z
CION,9.61,2025-11-07T20:59:34Z
CISO,0.971,2025-11-07T19:55:03Z
CISS,2.01,2025-11-07T20:42:40Z
CIVB,21.86,2025-11-07T20:57:42Z
CIVI,27.28,2025-11-07T20:59:58Z
CIX,22.1,2025-11-07T17:25:23Z
CJET,2.485,2025-11-07T20:49:17Z
CL,78.755,2025-11-07T20:59:57Z
CLAR,3.675,2025-11-07T20:55:46Z
CLB,15.35,2025-11-07T20:59:55Z
CLBK,15.19,2025-11-07T20:57:58Z
CLBT,15.415,2025-11-07T20:59:53Z
CLCO,9.71,2025-11-07T20:59:52Z
CLDI,1.42,2025-11-07T20:59:30Z
CLDT,6.63,2025-11-07T20:59:56Z
CLDX,22.88,2025-11-07T20:58:56Z
CLF,10.43,2025-11-07T20:59:56Z
CLFD,31.785,2025-11-07T20:25:05Z
CLH,207.63,2025-11-07T20:55:29Z
CLIP,100.18,2025-11-07T20:59:59Z
CLIX,59.94,2025-11-07T16:35:55Z
CLLS,3.21,2025-11-07T20:59:12Z
CLM,8.175,2025-11-07T20:55:22Z
CLMB,110.2,2025-11-07T20:51:56Z
CLMT,19.2,2025-11-07T20:59:57Z
CLNE,2.385,2025-11-07T20:59:54Z
CLNN,9.655,2025-11-07T20:18:50Z
CLOA,51.76,2025-11-07T20:59:59Z
CLOI,52.875,2025-11-07T20:59:54Z
CLOU,23.64,2025-11-07T20:57:59Z
CLOV,2.665,2025-11-07T20:59:57Z
CLOX,25.525,2025-11-07T20:58:55Z
CLOZ,26.565,2025-11-07T19:54:51Z
CLPR,3.74,2025-11-07T20:54:58Z
CLPT,15.89,2025-11-07T20:56:48Z
CLRB,3.43,2025-11-07T20:49:55Z
CLRO,5.3,2025-11-07T16:34:33Z
CLS,322.19,2025-11-07T20:59:52Z
CLSD,3.7,2025-11-07T17:45:08Z
CLSE,26.72,2025-11-07T15:36:57Z
CLSK,15.59,2025-11-07T20:59:55Z
CLSKW,0.5799,2025-11-07T20:58:44Z
CLST,14.21,2025-11-07T17:30:51Z
CLSX,45.75,2025-11-07T19:43:04Z
CLVT,3.44,2025-11-07T20:59:57Z
CLW,18.07,2025-11-07T20:55:16Z
CLX,107.35,2025-11-07T20:59:48Z
CLYM,1.83,2025-11-07T20:58:48Z
CM,84.73,2025-11-07T20:59:53Z
CMA,78.94,2025-11-07T20:59:58Z
CMA-B,25.8,2025-11-07T20:56:11Z
CMBM,2.545,2025-11-07T20:55:28Z
CMBS,49.015,2025-11-07T20:59:46Z
CMBT,9.475,2025-11-07T20:59:39Z
CMC,58.765,2025-11-07T20:59:58Z
CMCL,27.41,2025-11-07T20:59:14Z
CMCM,7.19,2025-11-07T18:33:34Z
CMCO,15.67,2025-11-07T20:59:53Z
CMCSA,27.34,2025-11-07T20:59:59Z
CMCT,4.9,2025-11-07T16:20:58Z
CMDB,12.7,2025-11-07T20:59:50Z
CMDT,27.56,2025-11-07T20:06:34Z
CME,276.56,2025-11-07T20:59:56Z
CMF,57.415,2025-11-07T20:51:03Z
CMG,30.565,2025-11-07T20:59:59Z
CMI,473.345,2025-11-07T20:59:59Z
CMMB,2.635,2025-11-07T20:21:17Z
CMND,0.6712,2025-11-07T20:51:59Z
CMP,17.16,2025-11-07T20:59:49Z
CMPO,20.64,2025-11-07T20:59:45Z
CMPR,61.22,2025-11-07T20:56:28Z
CMPS,5.44,2025-11-07T20:59:57Z
CMPX,4.23,2025-11-07T20:59:58Z
CMRC,4.625,2025-11-07T20:59:52Z
CMRE,13.41,2025-11-07T20:58:58Z
CMS,73.225,2025-11-07T20:59:52Z
CMS-C,18.9,2025-11-07T18:07:39Z
CMSA,22.81,2025-11-07T15:38:43Z
CMSC,23.78,2025-11-07T19:19:00Z
CMSD,24.06,2025-11-07T19:44:06Z
CMT,19.26,2025-11-07T20:47:28Z
CMTG,3.26,2025-11-07T20:59:56Z
CMTL,3.03,2025-11-07T20:59:50Z
CMU,3.5,2025-11-07T20:59:50Z
CNA,45.19,2025-11-07T20:58:25Z
CNBS,24.63,2025-11-07T18:16:37Z
CNC,37.575,2025-11-07T20:59:56Z
CNDT,1.78,2025-11-07T20:59:54Z
CNH,9.655,2025-11-07T20:59:58Z
CNI,95.03,2025-11-07T20:59:50Z
CNK,28.585,2025-11-07T20:59:59Z
CNL,10.53,2025-11-07T20:49:45Z
CNM,50.84,2025-11-07T20:59:50Z
CNMD,43.905,2025-11-07T20:59:49Z
CNNE,17.345,2025-11-07T20:59:53Z
CNO,41.21,2025-11-07T20:59:47Z
CNOB,24.355,2025-11-07T20:59:43Z
CNP,39.41,2025-11-07T20:59:58Z
CNQ,31.65,2025-11-07T20:59:58Z
CNR,89.4,2025-11-07T20:59:46Z
CNRG,101.355,2025-11-07T20:57:47Z
CNS,68.26,2025-11-07T20:50:06Z
CNTA,22.12,2025-11-07T20:59:50Z
CNTB,1.58,2025-11-07T20:58:15Z
CNTX,1.11,2025-11-07T20:59:36Z
CNTY,1.715,2025-11-07T20:59:22Z
CNVS,2.59,2025-11-07T20:54:32Z
CNX,35.15,2025-11-07T20:59:49Z
CNXC,34.77,2025-11-07T20:59:53Z
CNXN,58.01,2025-11-07T20:55:59Z
CNXT,43.1,2025-11-07T19:45:32Z
CNYA,34.47,2025-11-07T15:33:29Z
COCH,0.7128,2025-11-07T16:25:47Z
COCO,42.02,2025-11-07T20:59:24Z
COCP,1.08,2025-11-07T20:58:07Z
CODA,9.26,2025-11-07T20:24:36Z
CODI,5.945,2025-11-07T20:59:58Z
CODI-B,18.44,2025-11-07T20:57:14Z
CODX,0.4063,2025-11-07T20:59:24Z
COE,45.32,2025-11-07T14:45:52Z
COEP,13.8,2025-11-07T20:57:22Z
COF,217.78,2025-11-07T20:59:55Z
COF-I,19.88,2025-11-07T20:57:53Z
COFS,29.35,2025-11-07T20:56:03Z
COGT,14.81,2025-11-07T20:59:52Z
COHR,154.51,2025-11-07T20:59:54Z
COHU,23.95,2025-11-07T20:59:55Z
COII,19.64,2025-11-07T15:39:13Z
COIN,309.215,2025-11-07T20:59:59Z
COIW,32.5,2025-11-07T20:30:20Z
COKE,136.94,2025-11-07T20:49:31Z
COLB,26.94,2025-11-07T20:59:58Z
COLD,11.75,2025-11-07T20:59:56Z
COLL,42.36,2025-11-07T20:58:49Z
COLM,51.64,2025-11-07T20:59:43Z
COLO,36.52,2025-11-07T15:03:14Z
COM,29.1,2025-11-07T15:46:23Z
COMM,16.66,2025-11-07T20:59:56Z
COMP,8.555,2025-11-07T20:59:51Z
COMT,26.78,2025-11-07T20:59:36Z
CON,19.34,2025-11-07T20:59:51Z
CONI,42.05,2025-11-07T20:59:26Z
CONL,29.28,2025-11-07T20:59:59Z
CONY,5.665,2025-11-07T20:59:49Z
COO,70.09,2025-11-07T20:59:52Z
COOK,0.81,2025-11-07T20:59:42Z
COOT,1.28,2025-11-07T17:33:06Z
COP,86.855,2025-11-07T20:59:55Z
COPP,28.92,2025-11-07T14:30:01Z
COPX,60.8,2025-11-07T20:59:53Z
COPY,12.16,2025-11-07T20:59:41Z
COR,360.79,2025-11-07T20:59:55Z
CORD,30.02,2025-11-07T20:55:31Z
CORN,17.765,2025-11-07T19:14:04Z
CORP,98.145,2025-11-07T20:56:49Z
CORT,73.83,2025-11-07T20:57:50Z
CORZ,20.19,2025-11-07T20:59:59Z
CORZW,13.56,2025-11-07T20:59:50Z
CORZZ,19.59,2025-11-07T17:53:28Z
COSO,21.1,2025-11-07T20:35:45Z
COST,922.68,2025-11-07T20:59:58Z
COTG,13.66,2025-11-07T16:35:10Z
COTY,3.74,2025-11-07T20:59:58Z
COUR,8.25,2025-11-07T20:59:58Z
COWG,35.08,2025-11-07T20:59:14Z
COWZ,57.89,2025-11-07T20:59:54Z
COYA,5.66,2025-11-07T20:33:10Z
COYY,12.21,2025-11-07T20:56:34Z
COZX,21.46,2025-11-07T19:46:25Z
CP,70.92,2025-11-07T20:59:54Z
CPA,125.105,2025-11-07T20:57:51Z
CPAC,7.19,2025-11-07T14:56:16Z
CPAY,276.1,2025-11-07T20:59:42Z
CPB,30.74,2025-11-07T20:59:58Z
CPER,30.7,2025-11-07T20:59:50Z
CPF,29.205,2025-11-07T20:59:11Z
CPIX,2.15,2025-11-07T20:17:20Z
CPK,135.78,2025-11-07T20:59:48Z
CPNG,28.89,2025-11-07T20:59:59Z
CPOP,0.6335,2025-11-07T17:57:47Z
CPRI,22.125,2025-11-07T20:59:45Z
CPRT,40.515,2025-11-07T20:59:58Z
CPRX,21.365,2025-11-07T20:59:40Z
CPS,29.42,2025-11-07T20:42:38Z
CPSH,3.36,2025-11-07T20:54:09Z
CPSM,28.4,2025-11-07T14:32:55Z
CPSS,8.45,2025-11-07T17:57:20Z
CPT,101.795,2025-11-07T20:59:49Z
CPXR,21,2025-11-07T17:02:30Z
CPZ,15.12,2025-11-07T18:08:37Z
CQP,50.805,2025-11-07T20:59:32Z
CQQQ,55.06,2025-11-07T20:59:51Z
CR,189.245,2025-11-07T20:59:43Z
CRACU,10.06,2025-11-07T20:59:33Z
CRAI,180.53,2025-11-07T20:48:23Z
CRAK,39.33,2025-11-07T17:27:43Z
CRBD,24.91,2025-11-07T19:52:19Z
CRBG,29.955,2025-11-07T20:59:57Z
CRBP,10.51,2025-11-07T20:59:52Z
CRBU,2.1,2025-11-07T20:59:42Z
CRC,46.165,2025-11-07T20:59:45Z
CRCA,7.85,2025-11-07T20:57:24Z
CRCD,28.95,2025-11-07T20:36:10Z
CRCG,4.995,2025-11-07T20:59:26Z
CRCL,103.2,2025-11-07T20:59:47Z
CRCO,33.72,2025-11-07T17:19:16Z
CRCT,4.77,2025-11-07T20:59:55Z
CRD.A,11.12,2025-11-07T20:59:42Z
CRD.B,10.65,2025-11-07T20:59:41Z
CRDF,2.2,2025-11-07T20:59:38Z
CRDL,1,2025-11-07T20:17:12Z
CRDO,163.33,2025-11-07T20:59:55Z
CRDT,23.51,2025-11-07T16:45:56Z
CRDU,20.51,2025-11-07T19:47:49Z
CRE,0.4222,2025-11-07T20:22:12Z
CREG,1.29,2025-11-07T20:04:54Z
CRESY,11.46,2025-11-07T20:52:32Z
CREV,4,2025-11-07T20:45:12Z
CRF,7.95,2025-11-07T20:59:50Z
CRGO,3.725,2025-11-07T20:57:24Z
CRGY,8.86,2025-11-07T20:59:56Z
CRH,113,2025-11-07T20:59:59Z
CRI,31.695,2025-11-07T20:59:53Z
CRIS,1.305,2025-11-07T20:59:56Z
CRK,23.025,2025-11-07T20:59:53Z
CRL,168.03,2025-11-07T20:59:58Z
CRM,239.84,2025-11-07T20:59:55Z
CRMD,10.78,2025-11-07T20:59:53Z
CRMG,11.48,2025-11-07T20:30:43Z
CRML,10.77,2025-11-07T20:59:55Z
CRMLW,5.29,2025-11-07T20:57:53Z
CRMT,19.67,2025-11-07T20:59:37Z
CRNC,9.275,2025-11-07T20:59:56Z
CRNT,2.325,2025-11-07T20:59:35Z
CRNX,39.985,2025-11-07T20:59:30Z
CRON,2.48,2025-11-07T20:59:51Z
CROX,78.83,2025-11-07T20:59:38Z
CRPT,19.39,2025-11-07T20:38:53Z
CRS,327.91,2025-11-07T20:59:45Z
CRSH,2.925,2025-11-07T20:56:49Z
CRSP,55.11,2025-11-07T20:59:59Z
CRSR,6.56,2025-11-07T20:59:57Z
CRT,7.66,2025-11-07T18:29:26Z
CRTO,21.4,2025-11-07T20:59:50Z
CRUS,118.635,2025-11-07T20:59:57Z
CRVL,75.96,2025-11-07T20:52:41Z
CRVO,6.89,2025-11-07T20:58:27Z
CRVS,7.595,2025-11-07T20:59:56Z
CRWD,539.81,2025-11-07T20:59:56Z
CRWG,7.24,2025-11-07T20:59:47Z
CRWL,42.32,2025-11-07T20:55:08Z
CRWS,2.76,2025-11-07T18:37:39Z
CRWU,13.43,2025-11-07T20:59:41Z
CRWV,104,2025-11-07T20:59:58Z
CSAI,1.485,2025-11-07T20:59:56Z
CSAN,4.74,2025-11-07T20:59:58Z
CSB,57.11,2025-11-07T17:39:33Z
CSBR,6.745,2025-11-07T20:55:11Z
CSCL,26.11,2025-11-07T16:56:26Z
CSCO,71.08,2025-11-07T20:59:59Z
CSGP,67.53,2025-11-07T20:59:50Z
CSGS,78.32,2025-11-07T20:59:51Z
CSHI,49.76,2025-11-07T20:59:58Z
CSIQ,28.465,2025-11-07T20:59:51Z
CSL,318.7,2025-11-07T20:59:41Z
CSM,76.23,2025-11-07T17:09:44Z
CSPI,11.22,2025-11-07T20:06:57Z
CSQ,18.695,2025-11-07T19:40:20Z
CSR,59.82,2025-11-07T20:59:43Z
CSTE,0.9905,2025-11-07T20:59:56Z
CSTL,33,2025-11-07T20:59:18Z
CSTM,15.835,2025-11-07T20:59:54Z
CSV,41.035,2025-11-07T20:54:24Z
CSW,244.43,2025-11-07T20:58:29Z
CSWC,20.78,2025-11-07T20:59:57Z
CSX,35.34,2025-11-07T20:59:59Z
CTA,26.99,2025-11-07T20:59:14Z
CTA-A,54.98,2025-11-07T16:30:32Z
CTAS,185.1,2025-11-07T20:59:58Z
CTEC,60.51,2025-11-07T19:57:13Z
CTEV,73.68,2025-11-07T17:23:26Z
CTGO,21.73,2025-11-07T20:55:42Z
CTKB,4.625,2025-11-07T20:59:59Z
CTLP,10.555,2025-11-07T20:59:06Z
CTM,1.2,2025-11-07T20:59:55Z
CTMX,3.625,2025-11-07T20:59:58Z
CTNM,10.99,2025-11-07T20:57:09Z
CTNT,1.33,2025-11-07T20:24:32Z
CTO,17.37,2025-11-07T20:59:49Z
CTOR,1.405,2025-11-07T20:59:57Z
CTOS,5.76,2025-11-07T20:59:55Z
CTRA,26.58,2025-11-07T20:59:59Z
CTRE,36.16,2025-11-07T20:59:51Z
CTRI,21.04,2025-11-07T20:59:44Z
CTRM,1.92,2025-11-07T20:57:22Z
CTRN,38.63,2025-11-07T20:59:39Z
CTS,40.67,2025-11-07T20:59:43Z
CTSH,73.215,2025-11-07T20:59:55Z
CTSO,0.7001,2025-11-07T20:29:20Z
CTVA,64.13,2025-11-07T20:59:57Z
CTW,2.42,2025-11-07T20:11:44Z
CTXR,1.26,2025-11-07T20:59:59Z
CUBE,37.53,2025-11-07T20:59:57Z
CUBI,67.59,2025-11-07T20:59:11Z
CUE,0.6929,2025-11-07T20:55:08Z
CUK,24.18,2025-11-07T20:59:48Z
CULP,3.82,2025-11-07T19:26:21Z
CURB,23.07,2025-11-07T20:59:54Z
CURE,95.02,2025-11-07T20:59:31Z
CURI,3.915,2025-11-07T20:59:49Z
CURR,3.365,2025-11-07T20:59:27Z
CURV,1.195,2025-11-07T20:58:50Z
CURX,0.6301,2025-11-07T17:33:42Z
CUZ,26.16,2025-11-07T20:59:52Z
CV,4.75,2025-11-07T15:47:29Z
CVAC,5.215,2025-11-07T20:59:45Z
CVBF,18.72,2025-11-07T20:59:52Z
CVCO,573.16,2025-11-07T20:55:00Z
CVE,17.45,2025-11-07T20:59:58Z
CVEO,21.99,2025-11-07T19:01:11Z
CVGI,1.345,2025-11-07T20:59:55Z
CVGW,21.79,2025-11-07T20:59:37Z
CVI,36.46,2025-11-07T20:59:52Z
CVLC,82.015,2025-11-07T16:12:18Z
CVLG,19.585,2025-11-07T20:51:36Z
CVLT,127.41,2025-11-07T20:59:46Z
CVM,7.01,2025-11-07T19:56:59Z
CVNA,304.04,2025-11-07T20:59:59Z
CVNX,12.92,2025-11-07T14:32:02Z
CVNY,31.32,2025-11-07T20:20:44Z
CVRT,37.17,2025-11-07T15:06:30Z
CVRX,9.63,2025-11-07T20:56:42Z
CVS,78.99,2025-11-07T20:59:55Z
CVU,2.14,2025-11-07T20:57:22Z
CVV,3.41,2025-11-07T19:37:44Z
CVX,155,2025-11-07T20:59:51Z
CW,578.52,2025-11-07T20:59:51Z
CWAN,16.18,2025-11-07T20:59:54Z
CWB,91.835,2025-11-07T20:59:54Z
CWBC,21.46,2025-11-07T20:51:02Z
CWCO,34.78,2025-11-07T20:58:02Z
CWD,2.94,2025-11-07T20:34:08Z
CWEB,48.55,2025-11-07T20:58:04Z
CWEN,35.035,2025-11-07T20:59:10Z
CWEN.A,32.935,2025-11-07T15:10:15Z
CWH,12.5,2025-11-07T20:59:51Z
CWI,35.31,2025-11-07T20:59:50Z
CWK,15.73,2025-11-07T20:59:52Z
CWS,67.38,2025-11-07T18:40:27Z
CWST,88.11,2025-11-07T20:59:57Z
CWT,46.625,2025-11-07T20:59:41Z
CWVX,11.04,2025-11-07T20:59:47Z
CX,10.2,2025-11-07T20:59:55Z
CXAI,0.5997,2025-11-07T20:56:05Z
CXDO,6.655,2025-11-07T20:59:24Z
CXE,3.715,2025-11-07T19:26:08Z
CXH,7.99,2025-11-07T20:52:04Z
CXM,7.42,2025-11-07T20:59:55Z
CXSE,41.7,2025-11-07T19:04:36Z
CXT,62.55,2025-11-07T20:59:49Z
CXW,16.95,2025-11-07T20:59:50Z
CYBN,6,2025-11-07T20:59:49Z
CYBR,504.15,2025-11-07T20:59:38Z
CYCN,1.61,2025-11-07T16:23:33Z
CYCU,2.405,2025-11-07T20:17:28Z
CYD,39.72,2025-11-07T20:50:15Z
CYH,3.765,2025-11-07T20:59:54Z
CYN,4.07,2025-11-07T20:59:57Z
CYRX,8.395,2025-11-07T20:59:52Z
CYTK,60.14,2025-11-07T20:59:58Z
CZFS,56.83,2025-11-07T18:03:39Z
CZNC,19.19,2025-11-07T20:51:00Z
CZR,19.82,2025-11-07T20:59:55Z
D,61.6,2025-11-07T20:59:57Z
DABS,50.98,2025-11-07T18:39:42Z
DAIC,2.33,2025-11-07T18:55:30Z
DAKT,18.8,2025-11-07T20:59:50Z
DAL,58.9,2025-11-07T20:59:54Z
DAN,21.71,2025-11-07T20:59:50Z
DAO,10.435,2025-11-07T20:58:36Z
DAPP,21.96,2025-11-07T20:59:45Z
DAPR,38.74,2025-11-07T20:49:13Z
DAR,32.51,2025-11-07T20:59:49Z
DARE,1.82,2025-11-07T20:59:49Z
DASH,204.235,2025-11-07T20:59:57Z
DASX,15.41,2025-11-07T20:27:01Z
DAT,45.915,2025-11-07T16:26:41Z
DAUG,43.63,2025-11-07T19:47:52Z
DAVA,9.31,2025-11-07T20:59:49Z
DAVE,234.985,2025-11-07T20:59:43Z
DAVEW,1.29,2025-11-07T20:03:58Z
DAWN,9.735,2025-11-07T20:59:52Z
DAX,43.545,2025-11-07T19:08:08Z
DAY,68.35,2025-11-07T20:59:54Z
DB,36.48,2025-11-07T20:59:58Z
DBA,26.205,2025-11-07T20:58:24Z
DBAW,40.42,2025-11-07T17:57:40Z
DBB,21.6,2025-11-07T20:30:45Z
DBC,22.895,2025-11-07T20:58:46Z
DBD,64.42,2025-11-07T20:59:26Z
DBE,19.21,2025-11-07T20:17:27Z
DBEF,47.895,2025-11-07T20:59:32Z
DBEU,47.01,2025-11-07T19:38:37Z
DBEZ,54,2025-11-07T20:59:18Z
DBGI,7.85,2025-11-07T20:30:44Z
DBI,4.09,2025-11-07T20:59:54Z
DBL,15.48,2025-11-07T17:11:14Z
DBMF,28.14,2025-11-07T20:59:49Z
DBND,46.46,2025-11-07T18:33:38Z
DBO,13.005,2025-11-07T20:59:46Z
DBP,91.95,2025-11-07T17:06:44Z
DBRG,10.54,2025-11-07T20:59:55Z
DBVT,14.05,2025-11-07T20:41:25Z
DBX,30.875,2025-11-07T20:59:53Z
DC,4.03,2025-11-07T20:59:27Z
DCBO,23.54,2025-11-07T20:57:00Z
DCGO,1.105,2025-11-07T20:58:56Z
DCI,86.94,2025-11-07T20:59:50Z
DCMT,27.01,2025-11-07T20:17:52Z
DCO,89.615,2025-11-07T20:56:45Z
DCOM,26.95,2025-11-07T20:55:51Z
DCOR,71.94,2025-11-07T20:40:01Z
DCRE,52.04,2025-11-07T19:46:58Z
DCTH,8.635,2025-11-07T20:59:30Z
DD,39.82,2025-11-07T20:59:54Z
DDC,6.6,2025-11-07T20:56:03Z
DDD,2.225,2025-11-07T20:59:58Z
DDEC,43.77,2025-11-07T18:09:54Z
DDFL,20.19,2025-11-07T15:32:51Z
DDFN,18.93,2025-11-07T20:18:04Z
DDFO,21.26,2025-11-07T19:46:35Z
DDI,8.71,2025-11-07T17:38:07Z
DDL,1.67,2025-11-07T20:59:11Z
DDLS,41.15,2025-11-07T20:59:36Z
DDM,109.25,2025-11-07T20:58:00Z
DDOG,191.21,2025-11-07T20:59:58Z
DDS,605.75,2025-11-07T20:59:44Z
DDTL,20.38,2025-11-07T17:36:34Z
DDTN,18.86,2025-11-07T20:54:49Z
DDTO,21.14,2025-11-07T17:41:35Z
DDWM,41.98,2025-11-07T20:48:16Z
DE,467.495,2025-11-07T20:59:54Z
DEA,21.37,2025-11-07T20:59:51Z
DEC,13.895,2025-11-07T20:59:48Z
DECK,81.74,2025-11-07T20:59:51Z
DECO,50.56,2025-11-07T16:13:11Z
DECT,35.26,2025-11-07T17:06:16Z
DECU,26.75,2025-11-07T18:11:23Z
DECW,33.245,2025-11-07T20:57:49Z
DECZ,40.88,2025-11-07T20:17:52Z
DEEP,34.15,2025-11-07T15:09:01Z
DEFT,1.63,2025-11-07T20:59:58Z
DEHP,31.41,2025-11-07T14:58:38Z
DEI,12.42,2025-11-07T20:59:59Z
DELL,146.685,2025-11-07T20:59:49Z
DEM,46.39,2025-11-07T20:56:13Z
DENN,6.11,2025-11-07T20:59:56Z
DEO,90.79,2025-11-07T20:59:49Z
DERM,9.12,2025-11-07T20:59:50Z
DES,32.84,2025-11-07T20:56:14Z
DEVS,1.78,2025-11-07T14:50:05Z
DEW,59.665,2025-11-07T18:47:36Z
DFAC,38.63,2025-11-07T20:59:53Z
DFAE,32.22,2025-11-07T20:59:58Z
DFAI,36.595,2025-11-07T20:59:28Z
DFAR,23.585,2025-11-07T20:55:06Z
DFAS,67.655,2025-11-07T20:59:48Z
DFAT,56.98,2025-11-07T20:59:04Z
DFAU,45.965,2025-11-07T20:59:47Z
DFAW,71.315,2025-11-07T16:00:03Z
DFAX,31.59,2025-11-07T20:58:07Z
DFCA,50.14,2025-11-07T20:58:59Z
DFCF,42.815,2025-11-07T20:59:59Z
DFDV,8.35,2025-11-07T20:59:41Z
DFDVW,2.61,2025-11-07T20:45:29Z
DFEB,46.53,2025-11-07T14:46:50Z
DFEM,32.72,2025-11-07T20:59:55Z
DFEN,67.16,2025-11-07T20:28:09Z
DFEV,33.13,2025-11-07T20:36:19Z
DFGP,55.165,2025-11-07T20:55:12Z
DFGR,27.23,2025-11-07T20:59:59Z
DFGX,54.4,2025-11-07T20:59:21Z
DFH,18.93,2025-11-07T20:59:58Z
DFIC,32.91,2025-11-07T20:59:50Z
DFIN,45.61,2025-11-07T20:59:49Z
DFIP,42.15,2025-11-07T19:47:19Z
DFIS,31.07,2025-11-07T20:59:23Z
DFIV,46.86,2025-11-07T20:59:52Z
DFLI,0.8815,2025-11-07T20:59:56Z
DFLV,32.81,2025-11-07T20:52:01Z
DFNL,45.06,2025-11-07T17:21:37Z
DFNM,48.255,2025-11-07T20:49:37Z
DFP,21.63,2025-11-07T19:54:03Z
DFSB,53,2025-11-07T19:09:00Z
DFSC,3.15,2025-11-07T15:45:51Z
DFSD,48.23,2025-11-07T20:59:46Z
DFSI,41,2025-11-07T20:13:19Z
DFSU,42.14,2025-11-07T18:37:04Z
DFSV,31.37,2025-11-07T20:59:49Z
DFUS,72.79,2025-11-07T20:54:50Z
DFUV,44.78,2025-11-07T20:59:59Z
DG,99.225,2025-11-07T20:59:54Z
DGICA,19.235,2025-11-07T20:59:40Z
DGII,35.23,2025-11-07T20:35:51Z
DGLY,1.59,2025-11-07T17:18:37Z
DGNX,16.96,2025-11-07T20:57:58Z
DGP,141.28,2025-11-07T17:05:46Z
DGRE,29.57,2025-11-07T19:10:58Z
DGRO,67.765,2025-11-07T20:59:47Z
DGRW,88.175,2025-11-07T20:59:48Z
DGS,56.6,2025-11-07T20:58:36Z
DGX,179.375,2025-11-07T20:59:46Z
DGXX,5.05,2025-11-07T20:59:55Z
DGZ,5.87,2025-11-07T16:00:46Z
DH,2.94,2025-11-07T20:59:55Z
DHC,4.48,2025-11-07T20:59:55Z
DHCNI,16.605,2025-11-07T15:56:00Z
DHF,2.535,2025-11-07T19:29:32Z
DHI,144.64,2025-11-07T20:59:45Z
DHR,209.93,2025-11-07T20:59:44Z
DHS,98.82,2025-11-07T20:26:05Z
DHT,13.335,2025-11-07T20:59:59Z
DHX,1.75,2025-11-07T20:59:27Z
DHY,2.05,2025-11-07T18:44:41Z
DIA,469.94,2025-11-07T20:59:57Z
DIAL,18.37,2025-11-07T20:42:59Z
DIAX,14.82,2025-11-07T20:59:38Z
DIBS,4.02,2025-11-07T20:56:20Z
DIG,36.14,2025-11-07T20:26:46Z
DIHP,30.655,2025-11-07T20:59:46Z
DIM,76.79,2025-11-07T16:06:30Z
DIME,20.27,2025-11-07T18:24:44Z
DIN,24.875,2025-11-07T20:59:47Z
DINO,54.74,2025-11-07T20:59:49Z
DIOD,44.3,2025-11-07T20:59:50Z
DIPS,5.35,2025-11-07T20:58:07Z
DIS,110.72,2025-11-07T20:59:55Z
DISV,35.39,2025-11-07T20:59:50Z
DIV,17.27,2025-11-07T20:58:32Z
DIVB,51.65,2025-11-07T20:59:40Z
DIVE,24.14,2025-11-07T19:30:48Z
DIVI,37.9,2025-11-07T20:54:22Z
DIVO,44.82,2025-11-07T20:40:19Z
DIVP,24.26,2025-11-07T16:54:45Z
DJCO,402.25,2025-11-07T20:40:44Z
DJIA,22.03,2025-11-07T16:54:43Z
DJT,13.09,2025-11-07T20:59:59Z
DJTU,4.67,2025-11-07T20:59:50Z
DJTWW,5.62,2025-11-07T14:42:22Z
DK,41.47,2025-11-07T20:59:50Z
DKI,0.478,2025-11-07T19:50:13Z
DKL,44.68,2025-11-07T20:59:19Z
DKNG,30.41,2025-11-07T20:59:57Z
DKNX,7.74,2025-11-07T20:58:37Z
DKS,219,2025-11-07T20:59:47Z
DLAG,30.59,2025-11-07T18:07:26Z
DLB,65.14,2025-11-07T20:59:51Z
DLHC,6.02,2025-11-07T20:52:25Z
DLLL,32.13,2025-11-07T19:38:42Z
DLN,86.415,2025-11-07T20:59:46Z
DLNG,3.57,2025-11-07T20:04:45Z
DLO,13.585,2025-11-07T20:59:57Z
DLPN,1.45,2025-11-07T17:05:37Z
DLR,169.96,2025-11-07T20:59:43Z
DLR-K,24.33,2025-11-07T19:23:24Z
DLS,77.47,2025-11-07T20:49:42Z
DLTH,2.77,2025-11-07T20:57:29Z
DLTR,105.79,2025-11-07T20:59:55Z
DLX,20.68,2025-11-07T20:59:59Z
DLY,14.75,2025-11-07T20:59:59Z
DMA,8.64,2025-11-07T16:24:48Z
DMAC,5.91,2025-11-07T20:59:45Z
DMAR,40.83,2025-11-07T19:23:42Z
DMAT,23.81,2025-11-07T20:45:49Z
DMAX,26.53,2025-11-07T18:20:18Z
DMB,10.755,2025-11-07T19:58:33Z
DMBS,49.73,2025-11-07T20:43:06Z
DMLP,22.99,2025-11-07T20:59:50Z
DMO,12.02,2025-11-07T20:56:33Z
DMRC,8.285,2025-11-07T20:59:44Z
DMX,50.43,2025-11-07T20:31:57Z
DMXF,75.94,2025-11-07T19:51:12Z
DNA,8.94,2025-11-07T20:59:55Z
DNL,40.37,2025-11-07T20:58:50Z
DNLI,15.02,2025-11-07T20:59:54Z
DNMXU,10.14,2025-11-07T19:15:55Z
DNN,2.565,2025-11-07T20:59:54Z
DNOV,47.08,2025-11-07T18:10:12Z
DNOW,13.68,2025-11-07T20:59:58Z
DNP,10.13,2025-11-07T20:59:03Z
DNTH,36.34,2025-11-07T20:59:57Z
DNUT,4.17,2025-11-07T20:59:59Z
DOC,17.81,2025-11-07T20:59:56Z
DOCN,49.495,2025-11-07T20:59:49Z
DOCS,54.385,2025-11-07T20:59:45Z
DOCT,43.6,2025-11-07T20:20:52Z
DOCU,69.72,2025-11-07T20:59:55Z
DOG,24.21,2025-11-07T20:37:38Z
DOLE,13.13,2025-11-07T20:59:52Z
DOMH,4.74,2025-11-07T20:59:53Z
DOMO,12.62,2025-11-07T20:59:49Z
DON,50.71,2025-11-07T20:44:27Z
DOOO,63.925,2025-11-07T20:53:00Z
DORM,134.225,2025-11-07T20:59:09Z
DOUG,2.435,2025-11-07T20:59:56Z
DOV,180.28,2025-11-07T20:59:15Z
DOW,22.28,2025-11-07T20:59:59Z
DOX,84.525,2025-11-07T20:59:59Z
DOYU,6.755,2025-11-07T20:52:24Z
DPG,12.97,2025-11-07T19:16:05Z
DPRO,8.45,2025-11-07T20:59:45Z
DPST,85.68,2025-11-07T20:59:57Z
DPZ,410.06,2025-11-07T20:59:54Z
DQ,33.51,2025-11-07T20:59:54Z
DRAI,30.11,2025-11-07T14:30:23Z
DRAY,31.53,2025-11-07T20:48:19Z
DRCT,0.2107,2025-11-07T20:58:52Z
DRD,26.09,2025-11-07T20:59:47Z
DRGN,34.14,2025-11-07T15:05:46Z
DRH,8.96,2025-11-07T20:59:58Z
DRH-A,25.32,2025-11-07T20:17:11Z
DRI,178,2025-11-07T20:59:56Z
DRIP,8.81,2025-11-07T20:59:45Z
DRIV,29.57,2025-11-07T20:55:19Z
DRLL,28.89,2025-11-07T20:59:51Z
DRMA,2.92,2025-11-07T17:08:59Z
DRN,9.04,2025-11-07T20:59:11Z
DRS,35.34,2025-11-07T20:59:56Z
DRSK,29,2025-11-07T20:14:06Z
DRTS,3.8,2025-11-07T20:33:18Z
DRUG,57.81,2025-11-07T18:48:56Z
DRV,25.305,2025-11-07T20:59:46Z
DRVN,13.86,2025-11-07T20:59:54Z
DSEP,44.02,2025-11-07T16:46:38Z
DSGN,7.595,2025-11-07T20:59:41Z
DSGR,26.11,2025-11-07T20:39:49Z
DSGX,84.285,2025-11-07T20:59:48Z
DSI,126.37,2025-11-07T19:41:19Z
DSL,11.555,2025-11-07T20:59:19Z
DSM,5.95,2025-11-07T20:59:32Z
DSP,8.6,2025-11-07T20:59:46Z
DSPY,57.2,2025-11-07T20:13:04Z
DSS,1.22,2025-11-07T20:51:32Z
DSTL,56.7,2025-11-07T20:55:32Z
DSU,10.31,2025-11-07T20:52:15Z
DSWL,3.31,2025-11-07T14:34:32Z
DSX,1.705,2025-11-07T20:53:13Z
DSY,0.582,2025-11-07T14:43:06Z
DT,47.215,2025-11-07T20:59:54Z
DTCK,1.41,2025-11-07T20:59:26Z
DTCR,21.72,2025-11-07T20:59:27Z
DTD,82.715,2025-11-07T17:20:20Z
DTE,136.735,2025-11-07T20:59:53Z
DTEC,49.235,2025-11-07T18:38:24Z
DTF,11.4,2025-11-07T20:58:50Z
DTG,18.1,2025-11-07T19:43:16Z
DTI,2.08,2025-11-07T20:58:46Z
DTIL,6.13,2025-11-07T20:54:01Z
DTM,113.99,2025-11-07T20:59:51Z
DTSS,1.8,2025-11-07T20:36:57Z
DTW,22,2025-11-07T17:23:37Z
DUBS,36.47,2025-11-07T17:22:15Z
DUG,33.36,2025-11-07T20:50:14Z
DUHP,37.42,2025-11-07T20:56:09Z
DUK,123.62,2025-11-07T20:59:54Z
DUK-A,25.14,2025-11-07T16:11:13Z
DUKB,24.6,2025-11-07T19:51:33Z
DULL,2.15,2025-11-07T20:37:04Z
DUO,1.915,2025-11-07T17:22:44Z
DUOL,201.36,2025-11-07T20:59:55Z
DUOT,9.92,2025-11-07T20:56:55Z
DUSA,47.49,2025-11-07T16:55:31Z
DUSB,50.81,2025-11-07T20:59:46Z
DUST,11.255,2025-11-07T20:59:29Z
DV,9.39,2025-11-07T20:59:58Z
DVA,123.7,2025-11-07T20:59:57Z
DVAX,10.84,2025-11-07T20:59:55Z
DVLT,1.685,2025-11-07T20:59:27Z
DVLU,33.54,2025-11-07T16:40:07Z
DVN,33.695,2025-11-07T20:59:58Z
DVS,3.86,2025-11-07T20:59:49Z
DVY,140.21,2025-11-07T20:59:46Z
DVYA,42.86,2025-11-07T17:37:09Z
DVYE,31.09,2025-11-07T20:55:11Z
DWAS,90.2,2025-11-07T18:42:38Z
DWAW,42.75,2025-11-07T16:02:59Z
DWSH,7.17,2025-11-07T19:54:02Z
DWSN,2.06,2025-11-07T19:44:25Z
DX,13.62,2025-11-07T20:59:56Z
DX-C,26.19,2025-11-07T20:46:39Z
DXC,13.16,2025-11-07T20:59:57Z
DXCM,55,2025-11-07T20:59:54Z
DXD,21.67,2025-11-07T20:51:56Z
DXF,2.74,2025-11-07T15:28:36Z
DXJ,135.93,2025-11-07T20:58:40Z
DXLG,0.935,2025-11-07T15:53:50Z
DXPE,100.715,2025-11-07T20:59:34Z
DXR,13.01,2025-11-07T18:54:52Z
DXST,1.05,2025-11-07T15:02:05Z
DXUV,57.67,2025-11-07T14:33:31Z
DXYZ,24.77,2025-11-07T20:48:32Z
DY,286.635,2025-11-07T20:59:28Z
DYAI,0.96,2025-11-07T19:03:58Z
DYCQ,12.54,2025-11-07T16:12:47Z
DYN,18.345,2025-11-07T20:59:56Z
DYNF,59.825,2025-11-07T20:59:58Z
DYTA,29.05,2025-11-07T20:38:22Z
DZZ,4.63,2025-11-07T20:27:16Z
E,36.97,2025-11-07T20:59:48Z
EA,200.62,2025-11-07T20:59:53Z
EAD,6.865,2025-11-07T20:57:27Z
EAF,12.87,2025-11-07T20:59:48Z
EAGG,48.015,2025-11-07T20:49:28Z
EAGL,31.28,2025-11-07T20:59:47Z
EALT,34.56,2025-11-07T18:52:43Z
EARN,5.275,2025-11-07T20:59:28Z
EAT,102.53,2025-11-07T20:59:46Z
EB,2.635,2025-11-07T20:59:51Z
EBAY,83.825,2025-11-07T20:59:53Z
EBC,17.55,2025-11-07T20:59:58Z
EBF,16.97,2025-11-07T20:59:55Z
EBIZ,32.695,2025-11-07T18:49:07Z
EBMT,16.5,2025-11-07T20:15:14Z
EBND,21.18,2025-11-07T20:59:36Z
EBR,11.05,2025-11-07T20:59:57Z
EBR.B,11.625,2025-11-07T19:51:09Z
EBS,10.155,2025-11-07T20:59:56Z
EC,9.91,2025-11-07T20:59:59Z
ECAT,15.99,2025-11-07T20:55:15Z
ECC,6.25,2025-11-07T20:59:50Z
ECDA,1.33,2025-11-07T20:56:11Z
ECF,12.155,2025-11-07T20:53:04Z
ECG,97.78,2025-11-07T20:59:28Z
ECH,35.78,2025-11-07T20:59:59Z
ECL,256.1,2025-11-07T20:59:55Z
ECNS,35.58,2025-11-07T20:50:12Z
ECO,33.495,2025-11-07T20:59:35Z
ECOR,5.92,2025-11-07T20:37:24Z
ECOW,25.18,2025-11-07T15:27:36Z
ECPG,47.28,2025-11-07T20:59:34Z
ECVT,8.44,2025-11-07T20:59:56Z
ECX,2.325,2025-11-07T20:59:53Z
ED,98.52,2025-11-07T20:59:50Z
EDAP,1.985,2025-11-07T20:44:10Z
EDBL,1.44,2025-11-07T18:10:01Z
EDC,52.875,2025-11-07T20:55:28Z
EDD,5.31,2025-11-07T20:57:31Z
EDEN,106.105,2025-11-07T14:36:21Z
EDF,4.93,2025-11-07T20:56:34Z
EDGF,24.93,2025-11-07T16:24:20Z
EDHL,1.095,2025-11-07T20:54:40Z
EDIT,2.465,2025-11-07T20:59:53Z
EDIV,38.83,2025-11-07T20:58:50Z
EDN,32.8,2025-11-07T20:52:19Z
EDRY,12.96,2025-11-07T14:38:32Z
EDSA,1.73,2025-11-07T20:59:55Z
EDU,54.43,2025-11-07T20:59:59Z
EDUC,1.33,2025-11-07T20:51:50Z
EDV,68.465,2025-11-07T20:59:46Z
EDZ,37.49,2025-11-07T20:52:52Z
EE,27.53,2025-11-07T20:59:45Z
EEFT,72.29,2025-11-07T20:59:51Z
EEIQ,0.356,2025-11-07T19:06:47Z
EELV,27.06,2025-11-07T20:58:07Z
EEM,54.55,2025-11-07T20:59:59Z
EEMA,93.7,2025-11-07T20:29:07Z
EEMS,67.775,2025-11-07T20:01:44Z
EEMV,64.85,2025-11-07T20:59:58Z
EES,54.81,2025-11-07T20:44:46Z
EETH,49.475,2025-11-07T20:08:26Z
EEV,10,2025-11-07T15:59:13Z
EEX,3.985,2025-11-07T20:27:55Z
EFA,94.31,2025-11-07T20:59:59Z
EFAA,52.89,2025-11-07T20:08:26Z
EFAV,85.43,2025-11-07T20:59:58Z
EFC,13.34,2025-11-07T20:59:59Z
EFG,114.335,2025-11-07T20:59:59Z
EFIV,64.23,2025-11-07T19:45:01Z
EFOI,2.27,2025-11-07T17:14:50Z
EFR,11.12,2025-11-07T20:25:38Z
EFSC,52.705,2025-11-07T20:59:40Z
EFT,11.41,2025-11-07T17:21:34Z
EFV,69.07,2025-11-07T20:59:59Z
EFX,207.62,2025-11-07T20:59:54Z
EFXT,13.405,2025-11-07T20:59:20Z
EFZ,13.22,2025-11-07T15:44:00Z
EG,325.895,2025-11-07T20:59:49Z
EGAN,14.37,2025-11-07T20:59:11Z
EGBN,16.57,2025-11-07T20:59:50Z
EGGQ,47.84,2025-11-07T20:13:30Z
EGGY,37.44,2025-11-07T18:22:44Z
EGHT,1.92,2025-11-07T20:59:58Z
EGO,26.79,2025-11-07T20:59:55Z
EGP,177.56,2025-11-07T20:59:51Z
EGY,3.915,2025-11-07T20:59:42Z
EH,16.52,2025-11-07T20:57:01Z
EHAB,7.975,2025-11-07T20:59:46Z
EHC,115.21,2025-11-07T20:59:56Z
EHGO,0.344,2025-11-07T14:46:27Z
EHI,6.33,2025-11-07T19:21:53Z
EHTH,4.07,2025-11-07T20:59:51Z
EIC,12.24,2025-11-07T20:50:08Z
EIDO,18.54,2025-11-07T20:59:54Z
EIG,38.37,2025-11-07T20:56:30Z
EIM,9.88,2025-11-07T20:56:53Z
EINC,93,2025-11-07T18:58:35Z
EIPX,26.26,2025-11-07T14:39:03Z
EIS,102.61,2025-11-07T20:24:30Z
EIX,57.05,2025-11-07T20:59:55Z
EJH,0.805,2025-11-07T14:47:17Z
EKSO,4.74,2025-11-07T14:38:42Z
EL,87.78,2025-11-07T20:59:50Z
ELA,10.09,2025-11-07T20:45:15Z
ELAN,21.48,2025-11-07T20:59:57Z
ELBM,1.045,2025-11-07T20:59:51Z
ELC,21.13,2025-11-07T20:59:58Z
ELDN,2.06,2025-11-07T20:59:59Z
ELF,73.73,2025-11-07T20:59:50Z
ELIL,23.65,2025-11-07T19:58:31Z
ELM,27.34,2025-11-07T18:20:07Z
ELMD,24.185,2025-11-07T20:09:31Z
ELME,16.74,2025-11-07T20:59:51Z
ELP,10.68,2025-11-07T20:59:47Z
ELPW,0.2917,2025-11-07T20:58:18Z
ELS,62.115,2025-11-07T20:59:58Z
ELTX,8.78,2025-11-07T20:47:03Z
ELUT,0.88,2025-11-07T19:55:32Z
ELV,317.76,2025-11-07T20:59:46Z
ELVA,5.35,2025-11-07T20:59:59Z
ELVN,17.65,2025-11-07T20:59:50Z
ELVR,24.41,2025-11-07T19:13:58Z
ELWS,3.77,2025-11-07T17:35:46Z
ELWT,7.195,2025-11-07T20:59:37Z
EM,1.37,2025-11-07T20:01:48Z
EMA,47.8,2025-11-07T20:53:40Z
EMB,96.015,2025-11-07T20:59:57Z
EMBC,13.81,2025-11-07T20:59:53Z
EMBJ,64.39,2025-11-07T20:59:49Z
EMBX,50.16,2025-11-07T18:49:22Z
EMCS,34.71,2025-11-07T17:16:35Z
EMD,10.28,2025-11-07T20:59:44Z
EME,649.34,2025-11-07T20:58:52Z
EMF,17.525,2025-11-07T20:55:16Z
EMGF,57.29,2025-11-07T15:44:22Z
EMHY,40.09,2025-11-07T20:55:54Z
EMIF,26.7,2025-11-07T19:13:14Z
EMLC,25.465,2025-11-07T20:59:48Z
EMLP,38.06,2025-11-07T20:41:50Z
EMN,61.24,2025-11-07T20:59:55Z
EMO,41.99,2025-11-07T20:33:27Z
EMPD,6.415,2025-11-07T20:59:34Z
EMR,129.47,2025-11-07T20:59:58Z
EMX,3.95,2025-11-07T20:59:44Z
EMXC,71.01,2025-11-07T20:59:51Z
ENB,47.7,2025-11-07T20:59:53Z
ENGN,6.02,2025-11-07T20:59:06Z
ENGS,1.83,2025-11-07T20:59:38Z
ENIC,3.835,2025-11-07T20:59:53Z
ENLT,33.475,2025-11-07T14:56:57Z
ENOR,27.305,2025-11-07T19:27:52Z
ENOV,28.06,2025-11-07T20:59:49Z
ENPH,30.185,2025-11-07T20:59:54Z
ENR,23.845,2025-11-07T20:59:48Z
ENS,131.98,2025-11-07T20:59:59Z
ENSC,2.05,2025-11-07T17:03:24Z
ENSG,180.03,2025-11-07T20:59:51Z
ENTA,10.98,2025-11-07T20:59:58Z
ENTG,86.64,2025-11-07T20:59:58Z
ENTO,3.93,2025-11-07T20:56:15Z
ENTX,3.14,2025-11-07T20:44:12Z
ENVA,124.44,2025-11-07T20:56:29Z
ENVB,6.04,2025-11-07T20:57:06Z
ENVX,9.57,2025-11-07T20:59:57Z
EOCT,31.18,2025-11-07T20:25:13Z
EOD,5.68,2025-11-07T19:54:29Z
EOG,105.4,2025-11-07T20:59:54Z
EOLS,6.57,2025-11-07T20:59:56Z
EONR,0.4822,2025-11-07T20:59:51Z
EOS,22.88,2025-11-07T20:55:28Z
EOSE,18.28,2025-11-07T20:59:59Z
EOSEW,6.68,2025-11-07T20:59:27Z
EOT,16.7,2025-11-07T20:55:12Z
EP,3.13,2025-11-07T17:33:48Z
EPAC,40.19,2025-11-07T20:59:53Z
EPAM,175.46,2025-11-07T20:59:52Z
EPC,18.705,2025-11-07T20:59:47Z
EPD,31.27,2025-11-07T20:59:59Z
EPHE,23.82,2025-11-07T20:58:09Z
EPI,45.77,2025-11-07T20:59:54Z
EPM,4.46,2025-11-07T20:59:59Z
EPOL,33.76,2025-11-07T20:48:55Z
EPOW,1.13,2025-11-07T19:25:25Z
EPP,51.285,2025-11-07T20:59:51Z
EPR,50.97,2025-11-07T20:59:40Z
EPR-E,29.86,2025-11-07T19:31:10Z
EPR-G,19.82,2025-11-07T19:28:16Z
EPRT,30.555,2025-11-07T20:59:55Z
EPRX,5.5,2025-11-07T20:44:37Z
EPS,69.445,2025-11-07T20:59:48Z
EPSM,5.92,2025-11-07T20:38:15Z
EPSN,4.53,2025-11-07T20:58:56Z
EPV,24.65,2025-11-07T18:42:25Z
EPWK,0.0722,2025-11-07T20:45:06Z
EQ,1.12,2025-11-07T20:08:06Z
EQAL,51.24,2025-11-07T20:25:52Z
EQH,45.25,2025-11-07T20:59:52Z
EQH-A,20.385,2025-11-07T18:08:33Z
EQIN,46.36,2025-11-07T19:47:49Z
EQIX,824.52,2025-11-07T20:59:49Z
EQL,45.23,2025-11-07T17:04:10Z
EQNR,24.335,2025-11-07T20:59:58Z
EQR,59.7,2025-11-07T20:59:50Z
EQS,1.85,2025-11-07T17:50:28Z
EQT,57.975,2025-11-07T20:59:57Z
EQWL,115.01,2025-11-07T20:46:41Z
EQX,11.69,2025-11-07T20:59:58Z
ERAS,2.28,2025-11-07T20:59:56Z
ERC,9.385,2025-11-07T19:31:38Z
ERH,12.78,2025-11-07T19:42:14Z
ERIC,9.725,2025-11-07T20:59:53Z
ERIE,284.67,2025-11-07T20:58:52Z
ERII,13.985,2025-11-07T20:59:53Z
ERNA,1.8,2025-11-07T20:58:09Z
ERNZ,20.84,2025-11-07T20:43:41Z
ERO,21.645,2025-11-07T20:59:43Z
ERTH,48.085,2025-11-07T19:58:35Z
ERX,56.11,2025-11-07T20:47:56Z
ERY,20.27,2025-11-07T20:59:41Z
ES,73.06,2025-11-07T20:59:49Z
ESAB,114.15,2025-11-07T20:56:17Z
ESE,215.08,2025-11-07T20:35:50Z
ESG,154.57,2025-11-07T20:49:37Z
ESGD,93.7,2025-11-07T20:30:37Z
ESGE,44.19,2025-11-07T20:59:02Z
ESGU,147.02,2025-11-07T20:59:38Z
ESGV,118.97,2025-11-07T20:59:43Z
ESI,27.66,2025-11-07T20:59:54Z
ESLA,2.94,2025-11-07T20:59:39Z
ESLT,468.72,2025-11-07T20:59:47Z
ESML,44.805,2025-11-07T20:51:52Z
ESNT,61.09,2025-11-07T20:59:47Z
ESOA,10.83,2025-11-07T19:56:25Z
ESPO,111.53,2025-11-07T19:29:53Z
ESPR,2.66,2025-11-07T20:59:59Z
ESQ,96.47,2025-11-07T20:06:04Z
ESRT,7.455,2025-11-07T20:59:48Z
ESS,260.33,2025-11-07T20:59:48Z
ESTA,65.01,2025-11-07T20:59:54Z
ESTC,90.04,2025-11-07T20:59:55Z
ESUM,26.85,2025-11-07T14:45:16Z
ET,16.45,2025-11-07T20:59:58Z
ETB,14.93,2025-11-07T20:52:33Z
ETD,23.675,2025-11-07T20:59:39Z
ETG,21.745,2025-11-07T20:50:35Z
ETH,32.64,2025-11-07T20:59:21Z
ETHA,26.195,2025-11-07T20:59:58Z
ETHD,4.39,2025-11-07T20:59:44Z
ETHE,28.455,2025-11-07T20:59:17Z
ETHI,10.09,2025-11-07T18:38:14Z
ETHM,10.32,2025-11-07T20:52:47Z
ETHT,56.92,2025-11-07T20:51:54Z
ETHU,81.79,2025-11-07T20:59:58Z
ETHV,50.695,2025-11-07T20:59:06Z
ETHW,24.815,2025-11-07T20:59:53Z
ETHZ,17.94,2025-11-07T20:59:49Z
ETJ,8.79,2025-11-07T20:59:29Z
ETN,373.78,2025-11-07T20:59:53Z
ETON,16.88,2025-11-07T20:59:48Z
ETOR,34.91,2025-11-07T20:59:57Z
ETQ,39.03,2025-11-07T20:59:19Z
ETR,97.19,2025-11-07T20:59:49Z
ETRL,12.44,2025-11-07T18:31:00Z
ETS,0.5774,2025-11-07T20:58:30Z
ETSY,59.105,2025-11-07T20:59:57Z
ETU,21.66,2025-11-07T20:50:52Z
ETV,14.195,2025-11-07T20:59:05Z
ETW,8.98,2025-11-07T20:43:18Z
ETX,19.23,2025-11-07T20:07:08Z
ETY,15.47,2025-11-07T20:59:36Z
EU,2.64,2025-11-07T20:59:58Z
EUAD,43.895,2025-11-07T20:59:58Z
EUDA,3.42,2025-11-07T20:53:03Z
EUDG,35.215,2025-11-07T18:46:57Z
EUFN,34.13,2025-11-07T20:59:56Z
EUM,20.545,2025-11-07T20:52:23Z
EUO,28.93,2025-11-07T15:15:00Z
EURK,10.89,2025-11-07T19:05:58Z
EURL,35.8,2025-11-07T20:37:32Z
EUSA,101.87,2025-11-07T20:44:31Z
EUSB,43.97,2025-11-07T15:07:29Z
EVAC,10.03,2025-11-07T15:45:49Z
EVAX,6.32,2025-11-07T20:52:25Z
EVC,2.88,2025-11-07T20:59:58Z
EVCM,9.365,2025-11-07T20:57:22Z
EVER,25.42,2025-11-07T20:59:49Z
EVEX,4.135,2025-11-07T20:59:57Z
EVF,5.4,2025-11-07T17:25:58Z
EVG,11.035,2025-11-07T15:22:07Z
EVGN,1.145,2025-11-07T17:47:36Z
EVGO,3.415,2025-11-07T20:59:58Z
EVH,4.95,2025-11-07T20:59:56Z
EVI,27.825,2025-11-07T20:57:56Z
EVIM,53.1,2025-11-07T19:48:28Z
EVLN,49.555,2025-11-07T17:05:18Z
EVLV,7.22,2025-11-07T20:59:58Z
EVMN,18.33,2025-11-07T20:57:52Z
EVMO,50.73,2025-11-07T19:45:05Z
EVN,11.095,2025-11-07T19:46:59Z
EVO,3.05,2025-11-07T20:58:45Z
EVOK,10.69,2025-11-07T18:44:29Z
EVR,306.53,2025-11-07T20:59:50Z
EVRG,75.59,2025-11-07T20:59:57Z
EVSD,51.45,2025-11-07T20:48:29Z
EVSM,50.355,2025-11-07T20:59:48Z
EVT,24.17,2025-11-07T20:50:41Z
EVTC,27.23,2025-11-07T20:59:37Z
EVTL,4.405,2025-11-07T20:59:52Z
EVTR,51.585,2025-11-07T20:55:42Z
EVTV,1.17,2025-11-07T14:47:20Z
EVUS,31.03,2025-11-07T17:28:06Z
EVV,10.07,2025-11-07T20:59:10Z
EVYM,50,2025-11-07T19:40:45Z
EW,83.37,2025-11-07T20:59:52Z
EWA,26.44,2025-11-07T20:59:50Z
EWBC,103.9,2025-11-07T20:59:51Z
EWC,50.105,2025-11-07T20:59:58Z
EWCZ,3.68,2025-11-07T20:59:10Z
EWD,47.255,2025-11-07T20:16:42Z
EWG,40.48,2025-11-07T20:59:49Z
EWH,22.315,2025-11-07T20:59:53Z
EWI,52.2,2025-11-07T20:56:09Z
EWJ,83.31,2025-11-07T20:59:57Z
EWJV,39.435,2025-11-07T19:48:45Z
EWL,55.725,2025-11-07T20:59:50Z
EWM,26.205,2025-11-07T20:55:09Z
EWO,31.115,2025-11-07T17:21:16Z
EWP,50.515,2025-11-07T20:59:18Z
EWQ,43.79,2025-11-07T20:59:59Z
EWS,28.425,2025-11-07T20:59:36Z
EWT,64.63,2025-11-07T20:59:59Z
EWTX,17.13,2025-11-07T20:59:23Z
EWU,42.865,2025-11-07T20:58:00Z
EWV,26.095,2025-11-07T18:53:22Z
EWW,67.81,2025-11-07T20:59:54Z
EWX,66.78,2025-11-07T14:52:34Z
EWY,91.81,2025-11-07T20:59:59Z
EWZ,32.285,2025-11-07T20:59:59Z
EWZS,13.7,2025-11-07T20:59:48Z
EXAS,66.16,2025-11-07T20:59:59Z
EXC,46.19,2025-11-07T20:59:56Z
EXE,112.45,2025-11-07T20:59:42Z
EXEL,40.82,2025-11-07T20:59:47Z
EXFY,1.375,2025-11-07T20:58:00Z
EXG,9.13,2025-11-07T20:57:44Z
EXI,172.63,2025-11-07T19:42:52Z
EXK,7.21,2025-11-07T20:59:58Z
EXLS,39.55,2025-11-07T20:59:58Z
EXOD,21.66,2025-11-07T20:47:17Z
EXP,206.72,2025-11-07T20:59:49Z
EXPD,137.425,2025-11-07T20:59:52Z
EXPE,258.07,2025-11-07T20:59:54Z
EXPI,10.785,2025-11-07T20:59:55Z
EXPO,70.545,2025-11-07T20:59:24Z
EXR,133.31,2025-11-07T20:59:50Z
EXTR,17.405,2025-11-07T20:59:59Z
EYE,24.13,2025-11-07T20:59:59Z
EYPT,11.2,2025-11-07T20:59:51Z
EZA,64.28,2025-11-07T20:59:57Z
EZBC,60.04,2025-11-07T20:59:59Z
EZET,26.28,2025-11-07T20:59:45Z
EZGO,0.1522,2025-11-07T20:58:55Z
EZMO,25.405,2025-11-07T18:48:57Z
EZPW,17.68,2025-11-07T20:59:56Z
EZPZ,26.46,2025-11-07T16:17:44Z
EZU,61.76,2025-11-07T20:59:54Z
F,13.215,2025-11-07T20:59:58Z
F-B,21.96,2025-11-07T19:58:31Z
F-C,21.75,2025-11-07T17:02:01Z
FA,13.295,2025-11-07T20:59:47Z
FAAR,30.33,2025-11-07T20:11:40Z
FAF,62.37,2025-11-07T20:59:50Z
FAI,41.16,2025-11-07T20:42:28Z
FALN,27.315,2025-11-07T20:55:07Z
FAN,20.42,2025-11-07T20:57:09Z
FANG,143.61,2025-11-07T20:59:34Z
FAPR,43.69,2025-11-07T20:30:29Z
FARM,1.46,2025-11-07T20:38:08Z
FAS,164.24,2025-11-07T20:59:41Z
FAST,40.85,2025-11-07T20:59:57Z
FAT,1.46,2025-11-07T20:36:15Z
FATE,1.08,2025-11-07T20:59:41Z
FATN,3.085,2025-11-07T20:59:17Z
FAUG,51.94,2025-11-07T19:44:16Z
FAX,15.155,2025-11-07T20:59:55Z
FAZ,43.2,2025-11-07T20:59:09Z
FBCG,53.88,2025-11-07T20:56:48Z
FBCV,34.59,2025-11-07T20:28:59Z
FBGL,0.53,2025-11-07T18:12:09Z
FBIN,49.72,2025-11-07T20:59:57Z
FBIO,2.61,2025-11-07T20:59:50Z
FBIZ,51.66,2025-11-07T20:58:58Z
FBK,55.13,2025-11-07T20:58:06Z
FBL,30.1,2025-11-07T20:59:48Z
FBLA,12.1,2025-11-07T19:17:06Z
FBLG,0.3596,2025-11-07T20:55:04Z
FBNC,51.08,2025-11-07T20:59:25Z
FBND,46.35,2025-11-07T20:59:59Z
FBOT,32.845,2025-11-07T20:17:51Z
FBP,20.02,2025-11-07T20:59:49Z
FBRT,9.91,2025-11-07T20:59:52Z
FBRX,12.425,2025-11-07T20:45:27Z
FBT,193.61,2025-11-07T20:30:03Z
FBTC,90.43,2025-11-07T20:59:47Z
FBUF,30.02,2025-11-07T19:35:20Z
FBY,12.89,2025-11-07T20:50:54Z
FBYD,14.39,2025-11-07T20:32:13Z
FC,14.81,2025-11-07T20:59:58Z
FCBC,32.77,2025-11-07T20:53:41Z
FCCO,26.81,2025-11-07T20:05:37Z
FCEL,7.505,2025-11-07T20:59:52Z
FCF,15.75,2025-11-07T20:59:51Z
FCFS,160.68,2025-11-07T20:59:40Z
FCG,23.175,2025-11-07T20:59:45Z
FCN,163.6,2025-11-07T20:57:07Z
FCNCA,1818.23,2025-11-07T20:59:54Z
FCNCP,22.01,2025-11-07T20:58:48Z
FCO,3.005,2025-11-07T20:48:00Z
FCOM,68.88,2025-11-07T20:57:18Z
FCPI,49.02,2025-11-07T16:13:23Z
FCPT,24.17,2025-11-07T20:59:41Z
FCRS=,10.46,2025-11-07T20:47:59Z
FCT,9.51,2025-11-07T20:37:20Z
FCTE,24.61,2025-11-07T20:37:32Z
FCUV,3.63,2025-11-07T20:23:25Z
FCVT,43.28,2025-11-07T20:00:06Z
FCX,39.82,2025-11-07T20:59:58Z
FDBC,44.16,2025-11-07T20:28:44Z
FDCF,46.9,2025-11-07T18:27:42Z
FDD,16.3,2025-11-07T20:55:57Z
FDEM,30.55,2025-11-07T20:15:45Z
FDEV,32.98,2025-11-07T16:51:59Z
FDHY,48.95,2025-11-07T17:48:50Z
FDIF,34.71,2025-11-07T16:26:13Z
FDIG,48.89,2025-11-07T20:59:58Z
FDIS,100.91,2025-11-07T20:59:01Z
FDL,42.96,2025-11-07T20:59:49Z
FDLO,65.505,2025-11-07T20:59:09Z
FDLS,34.32,2025-11-07T20:26:46Z
FDMO,82.31,2025-11-07T19:12:13Z
FDMT,10.505,2025-11-07T20:59:46Z
FDN,272.505,2025-11-07T20:59:48Z
FDND,23.05,2025-11-07T20:12:49Z
FDP,37.305,2025-11-07T20:59:56Z
FDRR,59.07,2025-11-07T20:50:46Z
FDS,262.54,2025-11-07T20:59:53Z
FDSB,13.21,2025-11-07T20:15:26Z
FDT,76.01,2025-11-07T18:28:11Z
FDTX,41.22,2025-11-07T20:07:45Z
FDUS,19.725,2025-11-07T20:58:45Z
FDV,28.2,2025-11-07T20:49:22Z
FDVV,55.62,2025-11-07T20:58:24Z
FDWM,26.13,2025-11-07T18:54:33Z
FDX,262.22,2025-11-07T20:59:48Z
FE,45.89,2025-11-07T20:59:55Z
FEAM,4.21,2025-11-07T20:49:43Z
FEBU,27.29,2025-11-07T20:05:45Z
FEBW,33.13,2025-11-07T17:42:45Z
FEDM,56.77,2025-11-07T16:09:19Z
FEGE,44.22,2025-11-07T20:52:54Z
FEIM,31.74,2025-11-07T20:57:24Z
FELC,37.285,2025-11-07T20:55:01Z
FELE,94.85,2025-11-07T19:59:55Z
FELG,41.345,2025-11-07T20:59:45Z
FELV,33.62,2025-11-07T20:54:40Z
FEM,26.94,2025-11-07T19:19:27Z
FEMB,29.525,2025-11-07T20:55:24Z
FEMS,41.78,2025-11-07T19:59:27Z
FEMY,1.035,2025-11-07T20:58:16Z
FENC,8.01,2025-11-07T20:58:42Z
FENI,35.395,2025-11-07T20:59:50Z
FENY,24.785,2025-11-07T20:59:46Z
FEOE,46.59,2025-11-07T20:54:31Z
FEPI,47,2025-11-07T20:58:59Z
FER,63.245,2025-11-07T20:59:46Z
FERG,249.76,2025-11-07T20:59:53Z
FESM,36.72,2025-11-07T20:59:59Z
FET,28.65,2025-11-07T20:58:43Z
FETH,34.57,2025-11-07T20:59:51Z
FEUZ,58.065,2025-11-07T18:17:24Z
FEX,114.35,2025-11-07T14:35:22Z
FEZ,62.15,2025-11-07T20:59:53Z
FF,3.8,2025-11-07T20:59:50Z
FFAI,1.195,2025-11-07T20:59:42Z
FFBC,24.03,2025-11-07T20:59:39Z
FFC,16.86,2025-11-07T20:54:11Z
FFEM,32.57,2025-11-07T15:31:38Z
FFIC,15.26,2025-11-07T20:59:46Z
FFIN,31.365,2025-11-07T20:59:46Z
FFIV,245.81,2025-11-07T20:59:51Z
FFLC,52.05,2025-11-07T19:47:52Z
FFLG,29.56,2025-11-07T20:59:47Z
FFND,29.85,2025-11-07T20:40:57Z
FFOG,46.68,2025-11-07T20:25:52Z
FFOX,27.54,2025-11-07T20:59:46Z
FFSM,29.755,2025-11-07T20:57:00Z
FFTY,36.93,2025-11-07T20:59:57Z
FFWM,5.15,2025-11-07T20:59:59Z
FG,30.82,2025-11-07T20:59:49Z
FGD,29.265,2025-11-07T20:50:00Z
FGDL,53.455,2025-11-07T18:04:53Z
FGEN,11.32,2025-11-07T19:26:49Z
FGI,5.2,2025-11-07T20:04:22Z
FGL,0.4364,2025-11-07T20:13:54Z
FGN,26.235,2025-11-07T14:50:27Z
FGNX,3.275,2025-11-07T20:58:01Z
FGSI,20.05,2025-11-07T20:41:18Z
FGSN,23.63,2025-11-07T18:18:12Z
FHB,24.795,2025-11-07T20:59:56Z
FHEQ,30.59,2025-11-07T20:59:46Z
FHI,49.47,2025-11-07T20:59:49Z
FHLC,70.235,2025-11-07T20:59:46Z
FHN,21.51,2025-11-07T20:59:54Z
FHTX,4.36,2025-11-07T20:59:57Z
FHYS,23.22,2025-11-07T20:55:09Z
FI,63.7,2025-11-07T20:59:55Z
FIAT,2.535,2025-11-07T20:57:58Z
FIBK,32.505,2025-11-07T20:59:46Z
FICO,1739.76,2025-11-07T20:59:56Z
FID,19.97,2025-11-07T17:56:19Z
FIDU,81.8,2025-11-07T20:59:19Z
FIEE,2.42,2025-11-07T19:31:49Z
FIG,44.13,2025-11-07T20:59:59Z
FIGB,43.67,2025-11-07T19:15:19Z
FIGG,6.72,2025-11-07T20:56:04Z
FIGR,36.61,2025-11-07T20:59:58Z
FIGS,8.56,2025-11-07T20:59:59Z
FIHL,18.86,2025-11-07T20:59:36Z
FIIG,21.19,2025-11-07T19:30:00Z
FINS,13.18,2025-11-07T19:08:10Z
FINV,6.025,2025-11-07T20:59:59Z
FINX,31.34,2025-11-07T19:41:59Z
FIP,5.08,2025-11-07T20:59:58Z
FIS,64.76,2025-11-07T20:59:57Z
FISI,29.245,2025-11-07T20:46:24Z
FITB,42.86,2025-11-07T20:59:59Z
FITBO,20.21,2025-11-07T19:34:13Z
FITE,85.76,2025-11-07T19:47:31Z
FIVA,31.425,2025-11-07T16:50:07Z
FIVE,152.17,2025-11-07T20:59:49Z
FIVN,19.84,2025-11-07T20:59:54Z
FIW,110.72,2025-11-07T17:54:36Z
FIX,956.11,2025-11-07T20:59:47Z
FIXD,44.525,2025-11-07T20:59:46Z
FIXT,38.52,2025-11-07T20:09:23Z
FIZZ,32.875,2025-11-07T20:57:51Z
FJAN,50.25,2025-11-07T19:12:11Z
FJUL,54.59,2025-11-07T18:24:19Z
FJUN,56.03,2025-11-07T20:33:04Z
FLAX,29.49,2025-11-07T15:48:35Z
FLBL,23.725,2025-11-07T20:59:03Z
FLC,17.56,2025-11-07T19:56:15Z
FLCA,44.71,2025-11-07T20:25:04Z
FLCB,21.695,2025-11-07T20:56:58Z
FLCG,32.135,2025-11-07T18:36:54Z
FLCH,25.16,2025-11-07T20:49:35Z
FLCO,21.715,2025-11-07T19:52:19Z
FLD,3.1,2025-11-07T20:57:09Z
FLDR,50.28,2025-11-07T20:36:55Z
FLEU,31.965,2025-11-07T19:45:16Z
FLEX,62.63,2025-11-07T20:59:45Z
FLG,10.88,2025-11-07T20:59:59Z
FLG-A,22.02,2025-11-07T15:26:44Z
FLGB,32.88,2025-11-07T20:56:47Z
FLGC,7.46,2025-11-07T16:29:56Z
FLGR,31.58,2025-11-07T14:30:00Z
FLGT,26.37,2025-11-07T20:59:52Z
FLGV,20.655,2025-11-07T20:58:14Z
FLHY,24.31,2025-11-07T20:59:59Z
FLIA,20.67,2025-11-07T20:59:59Z
FLIN,38.49,2025-11-07T20:59:55Z
FLJP,35.675,2025-11-07T20:59:53Z
FLKR,30.595,2025-11-07T20:57:36Z
FLL,2.625,2025-11-07T20:59:24Z
FLLA,24.03,2025-11-07T15:31:42Z
FLMI,24.875,2025-11-07T20:58:48Z
FLNC,20.775,2025-11-07T20:59:49Z
FLNG,26.515,2025-11-07T20:59:40Z
FLO,11.87,2025-11-07T20:59:57Z
FLOC,16.47,2025-11-07T20:59:32Z
FLOT,50.89,2025-11-07T20:59:46Z
FLQL,67.34,2025-11-07T17:49:15Z
FLQM,55.62,2025-11-07T20:59:50Z
FLQS,42.07,2025-11-07T17:46:12Z
FLR,45.72,2025-11-07T20:59:48Z
FLRG,37.09,2025-11-07T17:00:27Z
FLRN,30.75,2025-11-07T20:59:51Z
FLRT,47.28,2025-11-07T15:36:40Z
FLS,69.26,2025-11-07T20:59:48Z
FLSP,26.88,2025-11-07T17:01:51Z
FLTB,50.68,2025-11-07T20:58:14Z
FLTR,25.46,2025-11-07T20:59:51Z
FLTW,59.97,2025-11-07T20:36:34Z
FLUD,24.99,2025-11-07T19:10:49Z
FLUT,223.07,2025-11-07T20:59:59Z
FLUX,2.23,2025-11-07T20:59:54Z
FLWS,3.485,2025-11-07T20:59:58Z
FLX,3.4,2025-11-07T20:56:53Z
FLXR,39.675,2025-11-07T20:55:26Z
FLXS,34.63,2025-11-07T18:07:10Z
FLY,19.74,2025-11-07T20:59:57Z
FLYD,7.48,2025-11-07T20:04:17Z
FLYW,13.55,2025-11-07T20:59:56Z
FLYX,3.22,2025-11-07T20:51:51Z
FMAG,34.31,2025-11-07T20:59:29Z
FMAT,49.475,2025-11-07T17:58:40Z
FMB,51.235,2025-11-07T20:42:46Z
FMBH,36.87,2025-11-07T20:47:24Z
FMC,13.99,2025-11-07T20:59:54Z
FMDE,35.68,2025-11-07T20:59:10Z
FMET,35.77,2025-11-07T17:18:06Z
FMF,48.21,2025-11-07T18:35:13Z
FMFC,0.83,2025-11-07T16:37:28Z
FMHI,48.045,2025-11-07T20:55:07Z
FMKT,22.64,2025-11-07T20:59:46Z
FMN,11.07,2025-11-07T20:21:38Z
FMNB,13.145,2025-11-07T20:59:27Z
FMS,24.01,2025-11-07T20:59:40Z
FMST,2.56,2025-11-07T20:59:30Z
FMTM,31.6,2025-11-07T20:59:46Z
FMUB,51.2,2025-11-07T17:12:04Z
FMX,95.86,2025-11-07T20:59:08Z
FN,449.07,2025-11-07T20:59:54Z
FNB,16.09,2025-11-07T20:59:58Z
FNCL,74.535,2025-11-07T20:50:08Z
FND,59.25,2025-11-07T20:59:41Z
FNDA,30.63,2025-11-07T20:59:49Z
FNDB,25.8,2025-11-07T20:46:04Z
FNDC,43.82,2025-11-07T19:08:31Z
FNDE,37.035,2025-11-07T20:59:22Z
FNDF,44.025,2025-11-07T20:59:58Z
FNDX,26.49,2025-11-07T20:59:47Z
FNF,57.05,2025-11-07T20:59:58Z
FNGD,4.78,2025-11-07T20:59:54Z
FNGG,238.96,2025-11-07T17:54:36Z
FNGR,1.33,2025-11-07T20:59:37Z
FNGS,70.125,2025-11-07T19:31:26Z
FNGU,29.48,2025-11-07T20:59:58Z
FNK,53.11,2025-11-07T16:43:09Z
FNKO,3.33,2025-11-07T20:59:56Z
FNLC,24.97,2025-11-07T17:03:00Z
FNOV,53.38,2025-11-07T19:58:39Z
FNV,192.07,2025-11-07T20:59:43Z
FNWB,8.94,2025-11-07T14:49:45Z
FNX,121.67,2025-11-07T15:21:56Z
FOA,22.33,2025-11-07T20:58:31Z
FOCT,48.085,2025-11-07T20:46:38Z
FOF,12.88,2025-11-07T19:33:29Z
FOFO,13.7,2025-11-07T20:11:45Z
FOLD,8.865,2025-11-07T20:59:57Z
FOR,24.36,2025-11-07T20:58:54Z
FORA,2.18,2025-11-07T19:59:26Z
FORD,10.41,2025-11-07T20:59:37Z
FORM,52.245,2025-11-07T20:59:57Z
FORR,7.525,2025-11-07T20:59:11Z
FOSL,1.905,2025-11-07T20:59:35Z
FOUR,66.16,2025-11-07T20:59:53Z
FOWF,30.47,2025-11-07T14:37:35Z
FOX,59.48,2025-11-07T20:59:51Z
FOXA,65.965,2025-11-07T20:59:55Z
FOXF,16.35,2025-11-07T20:59:40Z
FPA,37.87,2025-11-07T18:55:58Z
FPE,18.32,2025-11-07T20:59:49Z
FPEI,19.41,2025-11-07T20:59:59Z
FPF,18.79,2025-11-07T20:28:04Z
FPFD,21.95,2025-11-07T17:12:57Z
FPH,5.89,2025-11-07T20:09:02Z
FPI,9.69,2025-11-07T20:59:55Z
FPWR,33.835,2025-11-07T20:58:49Z
FPXI,58.37,2025-11-07T20:55:33Z
FR,56.27,2025-11-07T20:59:56Z
FRA,12.36,2025-11-07T20:59:32Z
FRBA,15.74,2025-11-07T15:45:31Z
FRDD,20.4,2025-11-07T15:45:55Z
FRDM,47.33,2025-11-07T20:57:38Z
FREL,27.39,2025-11-07T20:57:15Z
FRGE,43.995,2025-11-07T20:59:40Z
FRGT,0.832,2025-11-07T20:21:24Z
FRHC,141.26,2025-11-07T20:55:43Z
FRI,27.77,2025-11-07T15:04:37Z
FRME,36.01,2025-11-07T20:58:41Z
FRMI,24.29,2025-11-07T20:59:54Z
FRNW,21.27,2025-11-07T14:37:28Z
FRO,23.665,2025-11-07T20:59:54Z
FROG,60.01,2025-11-07T20:59:51Z
FRPH,23.35,2025-11-07T20:59:45Z
FRPT,55.26,2025-11-07T20:59:54Z
FRSH,11.2,2025-11-07T20:59:57Z
FRST,10.82,2025-11-07T20:50:53Z
FRT,97.275,2025-11-07T20:59:24Z
FRTY,21.58,2025-11-07T20:59:49Z
FSBC,34.575,2025-11-07T18:47:23Z
FSBW,38.98,2025-11-07T20:11:51Z
FSCO,6.475,2025-11-07T20:59:44Z
FSCS,35.25,2025-11-07T20:28:31Z
FSEC,44.43,2025-11-07T20:59:59Z
FSEP,50.31,2025-11-07T16:00:04Z
FSI,8.14,2025-11-07T19:43:31Z
FSIG,19.215,2025-11-07T20:31:05Z
FSK,15.23,2025-11-07T20:59:54Z
FSLR,267.63,2025-11-07T20:59:42Z
FSLY,11.565,2025-11-07T20:59:56Z
FSM,8.185,2025-11-07T20:59:57Z
FSMB,20.05,2025-11-07T20:15:19Z
FSMD,42.975,2025-11-07T19:12:42Z
FSP,1.155,2025-11-07T20:59:56Z
FSS,110.65,2025-11-07T20:59:43Z
FSST,29.94,2025-11-07T17:45:42Z
FSTA,48.75,2025-11-07T20:59:45Z
FSTR,27.09,2025-11-07T20:59:54Z
FSUN,32.69,2025-11-07T20:54:57Z
FSV,151.46,2025-11-07T20:58:18Z
FSYD,48.055,2025-11-07T16:11:13Z
FT,7.95,2025-11-07T19:17:28Z
FTA,83.09,2025-11-07T20:59:50Z
FTAI,164.065,2025-11-07T20:59:59Z
FTCB,21.36,2025-11-07T20:59:59Z
FTCI,8.06,2025-11-07T19:30:19Z
FTCS,91.33,2025-11-07T20:59:50Z
FTDR,50.455,2025-11-07T20:59:53Z
FTEC,227.02,2025-11-07T20:59:58Z
FTEK,2.115,2025-11-07T20:55:04Z
FTEL,1.3,2025-11-07T20:52:35Z
FTF,6.135,2025-11-07T20:59:38Z
FTGC,26.655,2025-11-07T20:59:09Z
FTGS,34.86,2025-11-07T20:49:37Z
FTHF,31.37,2025-11-07T20:36:09Z
FTHI,23.585,2025-11-07T20:59:57Z
FTHM,1.24,2025-11-07T20:56:06Z
FTHY,14.12,2025-11-07T20:39:00Z
FTI,42.87,2025-11-07T20:59:58Z
FTK,15.54,2025-11-07T20:59:25Z
FTLS,70.905,2025-11-07T20:55:07Z
FTMU,7.83,2025-11-07T20:25:41Z
FTNT,81.78,2025-11-07T20:59:55Z
FTNY,7.88,2025-11-07T19:00:21Z
FTQI,20.75,2025-11-07T20:59:47Z
FTRB,25.49,2025-11-07T17:41:46Z
FTRE,11.28,2025-11-07T20:59:55Z
FTRK,0.452,2025-11-07T20:54:12Z
FTS,51.275,2025-11-07T20:59:47Z
FTSD,90.89,2025-11-07T18:32:59Z
FTSL,45.87,2025-11-07T20:59:47Z
FTSM,59.96,2025-11-07T20:59:50Z
FTV,51.245,2025-11-07T20:59:52Z
FTW,10.45,2025-11-07T20:59:41Z
FTW=,10.61,2025-11-07T20:56:45Z
FTXG,20.86,2025-11-07T20:55:48Z
FTXO,34.94,2025-11-07T20:59:47Z
FTXR,35.77,2025-11-07T19:03:46Z
FUBO,3.88,2025-11-07T20:59:55Z
FUFU,3.21,2025-11-07T20:59:50Z
FUL,57.855,2025-11-07T20:59:47Z
FULC,7.64,2025-11-07T20:59:55Z
FULT,17.64,2025-11-07T20:59:57Z
FUMB,20.085,2025-11-07T17:10:36Z
FUN,18.03,2025-11-07T20:59:59Z
FUNC,35.265,2025-11-07T16:29:29Z
FURY,0.5544,2025-11-07T20:59:49Z
FUSE,1.795,2025-11-07T20:53:20Z
FUTG,18.97,2025-11-07T20:29:40Z
FUTU,185.22,2025-11-07T20:59:54Z
FUTY,57.95,2025-11-07T20:59:54Z
FV,61.11,2025-11-07T20:55:06Z
FVAL,69.61,2025-11-07T19:39:12Z
FVCB,12.25,2025-11-07T16:44:25Z
FVD,45.545,2025-11-07T20:58:31Z
FVR,13.06,2025-11-07T20:59:38Z
FVRR,20.885,2025-11-07T20:59:49Z
FWD,105.105,2025-11-07T20:59:28Z
FWONA,92.34,2025-11-07T20:49:51Z
FWONK,102.01,2025-11-07T20:59:50Z
FWRD,20.895,2025-11-07T20:59:53Z
FWRG,17.185,2025-11-07T20:59:49Z
FXB,126.25,2025-11-07T14:40:00Z
FXD,65,2025-11-07T14:53:29Z
FXE,106.7,2025-11-07T19:30:21Z
FXF,109.88,2025-11-07T19:37:57Z
FXG,61.345,2025-11-07T20:39:26Z
FXH,110.05,2025-11-07T18:03:50Z
FXI,39.95,2025-11-07T20:59:59Z
FXL,167.89,2025-11-07T19:47:49Z
FXN,16.22,2025-11-07T20:49:04Z
FXNC,23.13,2025-11-07T14:49:54Z
FXO,57.78,2025-11-07T20:23:04Z
FXP,8.82,2025-11-07T14:51:53Z
FXR,76.81,2025-11-07T20:32:48Z
FXU,46.67,2025-11-07T20:59:53Z
FXY,59.95,2025-11-07T20:59:46Z
FYBR,37.85,2025-11-07T20:59:55Z
FYC,91.005,2025-11-07T14:34:41Z
FYEE,28.28,2025-11-07T20:22:37Z
FYLD,31.135,2025-11-07T17:01:51Z
G,44.48,2025-11-07T20:59:55Z
GAB,5.97,2025-11-07T20:53:26Z
GABC,39.585,2025-11-07T19:04:40Z
GAIA,4.24,2025-11-07T20:51:07Z
GAIN,13.99,2025-11-07T20:58:42Z
GAINL,25.53,2025-11-07T15:29:23Z
GAL,49.06,2025-11-07T18:00:06Z
GALT,5.2,2025-11-07T20:59:37Z
GAMB,6.66,2025-11-07T20:59:56Z
GAME,0.5755,2025-11-07T20:59:58Z
GANX,1.96,2025-11-07T20:59:14Z
GAP,23.47,2025-11-07T20:59:59Z
GARP,66.62,2025-11-07T20:49:37Z
GASS,6.8,2025-11-07T20:03:19Z
GATX,155.165,2025-11-07T20:57:48Z
GAU,2.04,2025-11-07T20:59:59Z
GAUG,38.56,2025-11-07T19:56:20Z
GAUZ,4.81,2025-11-07T19:48:03Z
GBAB,15.445,2025-11-07T17:31:21Z
GBCI,42.61,2025-11-07T20:59:58Z
GBDC,13.88,2025-11-07T20:59:56Z
GBFH,34.13,2025-11-07T20:42:55Z
GBIL,99.98,2025-11-07T20:59:50Z
GBIO,5.11,2025-11-07T20:55:10Z
GBLI,28.93,2025-11-07T14:35:08Z
GBR,0.87,2025-11-07T18:32:15Z
GBTC,81.21,2025-11-07T20:55:16Z
GBTG,7.99,2025-11-07T20:59:48Z
GBUG,36.07,2025-11-07T20:58:02Z
GBX,43.015,2025-11-07T20:59:09Z
GCAL,50.95,2025-11-07T17:22:11Z
GCI,5.09,2025-11-07T20:59:56Z
GCMG,11.7,2025-11-07T20:59:57Z
GCO,31.34,2025-11-07T20:59:59Z
GCOR,41.72,2025-11-07T16:56:03Z
GCOW,40.25,2025-11-07T20:59:46Z
GCT,33.125,2025-11-07T20:59:42Z
GCTS,1.4,2025-11-07T20:57:33Z
GCV,4.23,2025-11-07T14:58:23Z
GD,346.36,2025-11-07T20:59:52Z
GDDY,131.99,2025-11-07T20:59:51Z
GDE,56.84,2025-11-07T20:56:01Z
GDEC,36.815,2025-11-07T19:04:04Z
GDEN,29.225,2025-11-07T20:59:52Z
GDFN,23.74,2025-11-07T18:11:17Z
GDLC,49.21,2025-11-07T20:12:19Z
GDO,11.445,2025-11-07T20:55:14Z
GDOT,11.565,2025-11-07T20:59:46Z
GDRX,3.105,2025-11-07T20:59:57Z
GDS,32.85,2025-11-07T20:59:28Z
GDTC,1.88,2025-11-07T19:13:34Z
GDV,26.69,2025-11-07T20:57:36Z
GDV-H,22.96,2025-11-07T16:17:57Z
GDX,72.55,2025-11-07T20:59:58Z
GDXD,17.5,2025-11-07T19:36:46Z
GDXJ,93.085,2025-11-07T20:59:57Z
GDXU,150.13,2025-11-07T20:34:54Z
GDXW,51.17,2025-11-07T20:54:05Z
GDXY,15.43,2025-11-07T20:56:20Z
GDYN,8.825,2025-11-07T20:59:44Z
GE,307.27,2025-11-07T20:59:58Z
GECC,7.73,2025-11-07T20:54:10Z
GEF,58.395,2025-11-07T20:58:10Z
GEHC,73.04,2025-11-07T20:59:59Z
GEL,16.13,2025-11-07T20:59:50Z
GELS,1.01,2025-11-07T18:29:13Z
GEMI,16.195,2025-11-07T20:59:54Z
GEN,25.71,2025-11-07T20:59:59Z
GENC,13.715,2025-11-07T17:25:33Z
GENI,10.23,2025-11-07T20:59:57Z
GENK,2.685,2025-11-07T20:53:58Z
GENVR,4.07,2025-11-07T19:50:28Z
GEO,15.12,2025-11-07T20:59:54Z
GEOS,25.96,2025-11-07T20:56:05Z
GERN,1.08,2025-11-07T20:59:56Z
GES,16.955,2025-11-07T20:59:49Z
GETY,1.77,2025-11-07T20:59:58Z
GEV,575.31,2025-11-07T20:59:55Z
GEVO,2.2,2025-11-07T20:59:57Z
GEVX,25.99,2025-11-07T20:56:01Z
GF,10.13,2025-11-07T14:30:00Z
GFAI,0.8395,2025-11-07T20:39:14Z
GFEB,40.68,2025-11-07T20:08:24Z
GFF,72.135,2025-11-07T20:59:58Z
GFI,39.02,2025-11-07T20:59:50Z
GFL,42.96,2025-11-07T20:59:53Z
GFLW,27.85,2025-11-07T15:40:35Z
GFR,4.545,2025-11-07T20:47:02Z
GFS,34.13,2025-11-07T20:59:56Z
GGAL,55.49,2025-11-07T20:59:58Z
GGB,3.565,2025-11-07T20:59:48Z
GGG,81.57,2025-11-07T20:59:35Z
GGLL,81.62,2025-11-07T20:59:57Z
GGLS,7.74,2025-11-07T20:59:45Z
GGME,61.18,2025-11-07T18:11:02Z
GGN,4.8,2025-11-07T20:59:57Z
GGN-B,20.71,2025-11-07T20:48:27Z
GGT,4.045,2025-11-07T20:59:59Z
GH,96.75,2025-11-07T20:59:50Z
GHC,1048.315,2025-11-07T20:59:49Z
GHG,1.97,2025-11-07T18:08:44Z
GHI,7.045,2025-11-07T20:54:30Z
GHLD,19.99,2025-11-07T18:31:21Z
GHM,62.83,2025-11-07T20:43:23Z
GHRS,13.535,2025-11-07T20:59:52Z
GHY,12.56,2025-11-07T20:59:40Z
GHYB,45.17,2025-11-07T17:18:39Z
GHYG,45.65,2025-11-07T19:02:13Z
GIAX,16.83,2025-11-07T15:15:00Z
GIB,86.25,2025-11-07T20:59:47Z
GIBO,1.915,2025-11-07T20:57:43Z
GIC,27.28,2025-11-07T20:53:14Z
GIFI,11.78,2025-11-07T20:59:56Z
GIFT,1.1,2025-11-07T20:24:56Z
GIG,10.56,2025-11-07T20:49:19Z
GIGB,46.395,2025-11-07T20:57:42Z
GIGGW,0.7875,2025-11-07T20:35:49Z
GIII,27.63,2025-11-07T20:59:53Z
GIL,55.4,2025-11-07T20:59:48Z
GILD,118.81,2025-11-07T20:59:53Z
GILT,12.395,2025-11-07T20:59:52Z
GINN,73.07,2025-11-07T19:15:56Z
GINX,29.53,2025-11-07T17:57:53Z
GIS,46.88,2025-11-07T20:59:57Z
GIW,9.915,2025-11-07T19:30:58Z
GJUL,40.46,2025-11-07T18:50:25Z
GKOS,83.84,2025-11-07T20:59:53Z
GL,132.28,2025-11-07T20:59:49Z
GL-D,16.77,2025-11-07T20:59:18Z
GLAD,19.105,2025-11-07T18:45:17Z
GLBE,36.43,2025-11-07T20:59:49Z
GLBS,1.19,2025-11-07T16:25:06Z
GLD,368.31,2025-11-07T20:59:54Z
GLDD,12.26,2025-11-07T20:59:51Z
GLDG,1.275,2025-11-07T20:59:45Z
GLDI,168.79,2025-11-07T20:18:08Z
GLDM,79.24,2025-11-07T20:59:47Z
GLDY,16.92,2025-11-07T18:32:27Z
GLE,0.5105,2025-11-07T18:33:23Z
GLGG,20.59,2025-11-07T20:09:48Z
GLIBA,33.38,2025-11-07T20:20:30Z
GLIBK,33.31,2025-11-07T20:59:48Z
GLL,15.2,2025-11-07T20:44:38Z
GLNG,38.42,2025-11-07T20:59:48Z
GLO,5.715,2025-11-07T20:57:03Z
GLOB,60.67,2025-11-07T20:59:50Z
GLOP-A,25.49,2025-11-07T16:41:50Z
GLP,42.24,2025-11-07T20:59:47Z
GLPG,31.515,2025-11-07T20:59:43Z
GLPI,44.96,2025-11-07T20:59:50Z
GLQ,7.67,2025-11-07T20:52:27Z
GLRE,12.98,2025-11-07T20:58:49Z
GLRY,36.345,2025-11-07T20:59:46Z
GLSI,8.65,2025-11-07T20:28:57Z
GLTR,171.72,2025-11-07T19:39:21Z
GLU,18.285,2025-11-07T20:40:02Z
GLUE,12.3,2025-11-07T20:59:33Z
GLV,5.975,2025-11-07T17:28:02Z
GLW,85.455,2025-11-07T20:59:51Z
GLXU,25.305,2025-11-07T20:52:40Z
GLXY,31.58,2025-11-07T20:59:53Z
GM,70.755,2025-11-07T20:59:54Z
GMAB,28.67,2025-11-07T20:59:59Z
GMAR,40.18,2025-11-07T19:00:46Z
GMAY,40.465,2025-11-07T15:43:01Z
GME,21.49,2025-11-07T20:59:59Z
GME+,2.86,2025-11-07T20:56:35Z
GMED,83.86,2025-11-07T20:59:58Z
GMEU,10.64,2025-11-07T20:59:59Z
GMEY,42.57,2025-11-07T20:00:32Z
GMF,138.39,2025-11-07T17:25:05Z
GMGI,0.955,2025-11-07T20:13:58Z
GMHS,1.105,2025-11-07T14:34:39Z
GMM,1.75,2025-11-07T17:31:09Z
GMMF,100.275,2025-11-07T15:54:44Z
GMNY,50,2025-11-07T19:44:02Z
GMOI,31.41,2025-11-07T19:10:39Z
GMOV,26.04,2025-11-07T19:10:13Z
GMRE,32.335,2025-11-07T20:59:51Z
GMUB,51.12,2025-11-07T17:16:46Z
GNE,14.87,2025-11-07T20:59:34Z
GNK,16.9,2025-11-07T20:59:59Z
GNL,8.08,2025-11-07T20:59:57Z
GNLN,3.04,2025-11-07T20:07:00Z
GNLX,5.415,2025-11-07T20:54:14Z
GNMA,44.62,2025-11-07T14:39:34Z
GNPX,4.22,2025-11-07T20:59:25Z
GNR,58.765,2025-11-07T20:49:39Z
GNRC,155.28,2025-11-07T20:59:53Z
GNS,0.7255,2025-11-07T20:59:16Z
GNSS,2.345,2025-11-07T16:41:57Z
GNT,6.96,2025-11-07T20:59:54Z
GNTA,2.31,2025-11-07T20:54:30Z
GNTX,23.475,2025-11-07T20:59:56Z
GNW,8.67,2025-11-07T20:59:55Z
GO,12.16,2025-11-07T20:59:54Z
GOAU,36.46,2025-11-07T20:28:30Z
GOCO,3.39,2025-11-07T20:33:04Z
GOCT,38.61,2025-11-07T19:22:58Z
GOEX,64.98,2025-11-07T16:10:15Z
GOF,13.12,2025-11-07T20:59:03Z
GOGO,7.64,2025-11-07T20:59:58Z
GOLF,79.705,2025-11-07T20:57:35Z
GOLY,33.26,2025-11-07T20:50:51Z
GOOD,10.95,2025-11-07T20:59:18Z
GOOG,279.64,2025-11-07T20:59:59Z
GOOGL,278.865,2025-11-07T20:59:59Z
GOOS,12.595,2025-11-07T20:59:55Z
GOOW,66.36,2025-11-07T15:13:03Z
GOOX,57.29,2025-11-07T20:59:45Z
GOOY,14.21,2025-11-07T20:59:48Z
GOP,36.21,2025-11-07T20:26:02Z
GORO,0.7218,2025-11-07T20:59:11Z
GORV,1.5,2025-11-07T15:01:47Z
GOSS,2.35,2025-11-07T20:59:56Z
GOTU,2.7,2025-11-07T20:59:50Z
GOVI,27.91,2025-11-07T20:38:05Z
GOVT,23.14,2025-11-07T20:59:53Z
GOVX,0.511,2025-11-07T20:57:51Z
GOVZ,9.75,2025-11-07T19:35:19Z
GP,1.7,2025-11-07T17:24:43Z
GPC,126.61,2025-11-07T20:59:54Z
GPCR,32.82,2025-11-07T20:59:50Z
GPI,390.71,2025-11-07T20:58:56Z
GPIQ,52.4,2025-11-07T20:59:46Z
GPIX,51.94,2025-11-07T20:57:38Z
GPK,16.43,2025-11-07T20:59:57Z
GPMT,2.78,2025-11-07T20:57:19Z
GPN,76.03,2025-11-07T20:59:50Z
GPOR,202.1,2025-11-07T20:57:19Z
GPRE,10.105,2025-11-07T20:59:55Z
GPRK,8.195,2025-11-07T20:59:53Z
GPRO,1.53,2025-11-07T20:59:58Z
GPTY,44.87,2025-11-07T16:55:23Z
GPUS,0.3733,2025-11-07T20:58:44Z
GPZ,25.87,2025-11-07T20:59:51Z
GQGU,24.36,2025-11-07T19:15:48Z
GQI,55.69,2025-11-07T16:16:37Z
GQRE,59.895,2025-11-07T20:42:16Z
GRAB,5.55,2025-11-07T20:59:58Z
GRAF,10.67,2025-11-07T19:29:14Z
GRAL,79.41,2025-11-07T20:59:53Z
GRAN,2.77,2025-11-07T16:40:36Z
GRBK,62.38,2025-11-07T20:15:13Z
GRC,44.4,2025-11-07T20:55:07Z
GRCE,2.99,2025-11-07T19:38:59Z
GRDN,28.86,2025-11-07T20:56:44Z
GREE,1.52,2025-11-07T20:57:30Z
GREEL,17,2025-11-07T20:58:47Z
GREK,62.345,2025-11-07T20:25:46Z
GRFS,8.42,2025-11-07T20:59:55Z
GRI,1.69,2025-11-07T20:59:29Z
GRID,154.6,2025-11-07T20:59:41Z
GRMN,201.17,2025-11-07T20:59:46Z
GRND,15.06,2025-11-07T20:59:58Z
GRNQ,1.585,2025-11-07T16:04:16Z
GRNT,5.15,2025-11-07T20:59:56Z
GRNY,25.225,2025-11-07T20:59:41Z
GRO,2.18,2025-11-07T20:59:11Z
GROV,1.365,2025-11-07T20:57:38Z
GROW,2.39,2025-11-07T17:31:17Z
GROY,3.29,2025-11-07T20:59:59Z
GROY+,1.32,2025-11-07T20:12:14Z
GROZ,29.23,2025-11-07T17:09:59Z
GRP=,55.225,2025-11-07T19:37:50Z
GRPM,116.27,2025-11-07T16:54:04Z
GRPN,17.95,2025-11-07T20:59:50Z
GRRR,14.16,2025-11-07T20:59:12Z
GRVY,58.35,2025-11-07T16:28:30Z
GRW,31.06,2025-11-07T20:59:04Z
GRWG,1.77,2025-11-07T20:59:52Z
GRX,9.21,2025-11-07T20:02:43Z
GS,786.21,2025-11-07T20:59:52Z
GSAT,50.43,2025-11-07T20:59:48Z
GSBD,9.885,2025-11-07T20:59:50Z
GSC,52.28,2025-11-07T16:22:25Z
GSEP,38.18,2025-11-07T20:59:46Z
GSEW,83.92,2025-11-07T20:55:14Z
GSG,23.075,2025-11-07T20:59:45Z
GSHD,69.515,2025-11-07T20:59:31Z
GSIE,41.28,2025-11-07T20:59:59Z
GSIT,8.63,2025-11-07T20:59:52Z
GSIW,0.1602,2025-11-07T20:49:58Z
GSK,46.63,2025-11-07T20:59:58Z
GSL,31.665,2025-11-07T20:59:40Z
GSLC,130.03,2025-11-07T20:57:38Z
GSM,3.92,2025-11-07T20:59:52Z
GSOL,11.9,2025-11-07T20:59:54Z
GSRFR,2.5,2025-11-07T18:22:19Z
GSSC,73.42,2025-11-07T19:40:20Z
GSUN,2.16,2025-11-07T20:53:20Z
GSY,50.29,2025-11-07T20:59:51Z
GT,7.58,2025-11-07T20:59:58Z
GTBP,0.604,2025-11-07T20:29:19Z
GTE,4.32,2025-11-07T20:59:53Z
GTEC,0.9626,2025-11-07T18:54:30Z
GTEK,39.37,2025-11-07T15:14:22Z
GTEN,10.35,2025-11-07T18:12:04Z
GTES,22.11,2025-11-07T20:59:52Z
GTIM,1.305,2025-11-07T16:36:53Z
GTLB,45.52,2025-11-07T20:59:58Z
GTLS,200.64,2025-11-07T20:59:21Z
GTM,10.57,2025-11-07T20:59:58Z
GTN,4.82,2025-11-07T20:59:55Z
GTO,47.565,2025-11-07T20:55:12Z
GTX,17.56,2025-11-07T20:59:53Z
GTY,27.255,2025-11-07T20:59:42Z
GUG,15.465,2025-11-07T20:59:03Z
GUNR,43.53,2025-11-07T20:53:36Z
GURE,4.245,2025-11-07T20:11:51Z
GUSH,23.225,2025-11-07T20:59:54Z
GUT,6.07,2025-11-07T20:48:00Z
GUTS,1.1,2025-11-07T20:59:50Z
GV,1.47,2025-11-07T20:49:49Z
GVA,98.41,2025-11-07T20:59:48Z
GVAL,30.39,2025-11-07T20:53:40Z
GVI,107.37,2025-11-07T20:59:59Z
GVLU,25.03,2025-11-07T20:35:42Z
GWAV,6.39,2025-11-07T14:58:37Z
GWH,4.48,2025-11-07T20:58:03Z
GWRE,218.04,2025-11-07T20:59:56Z
GWRS,10.03,2025-11-07T20:55:17Z
GWW,955.78,2025-11-07T20:58:57Z
GWX,39.18,2025-11-07T20:57:41Z
GXAI,1.36,2025-11-07T20:52:38Z
GXC,101.265,2025-11-07T16:55:53Z
GXIG,25.685,2025-11-07T16:13:00Z
GXO,50.83,2025-11-07T20:59:49Z
GXPT,27.51,2025-11-07T20:52:10Z
GYRE,7.21,2025-11-07T20:59:51Z
GYRO,9.63,2025-11-07T15:06:00Z
H,155.2,2025-11-07T20:59:50Z
HACK,85.525,2025-11-07T20:54:00Z
HAE,68.37,2025-11-07T20:59:58Z
HAFC,26.59,2025-11-07T20:55:00Z
HAFN,6.18,2025-11-07T20:59:54Z
HAIN,1.21,2025-11-07T20:59:53Z
HAL,27.58,2025-11-07T20:59:57Z
HALO,68.28,2025-11-07T20:59:55Z
HAP,57.42,2025-11-07T19:53:18Z
HARD,29.3,2025-11-07T17:31:35Z
HAS,76.58,2025-11-07T20:59:49Z
HASI,31.995,2025-11-07T20:59:56Z
HAUS,17.11,2025-11-07T15:19:32Z
HAUZ,23.32,2025-11-07T20:53:23Z
HAWX,38.92,2025-11-07T20:57:45Z
HAYW,15.9,2025-11-07T20:59:59Z
HBAN,15.69,2025-11-07T20:59:57Z
HBANP,17.85,2025-11-07T18:42:06Z
HBB,13.87,2025-11-07T16:12:13Z
HBCP,53.2,2025-11-07T16:21:58Z
HBI,6.385,2025-11-07T20:59:50Z
HBIO,0.5388,2025-11-07T20:56:38Z
HBM,16.135,2025-11-07T20:59:54Z
HBNC,15.99,2025-11-07T20:58:50Z
HBT,23.58,2025-11-07T20:55:45Z
HCA,476.7,2025-11-07T20:59:54Z
HCAT,2.835,2025-11-07T20:59:35Z
HCC,81.22,2025-11-07T20:59:54Z
HCI,181.3,2025-11-07T20:59:50Z
HCKT,18.59,2025-11-07T20:59:58Z
HCM,14.99,2025-11-07T20:54:41Z
HCMT,37.89,2025-11-07T20:50:00Z
HCOW,23.9,2025-11-07T20:47:32Z
HCRB,35.61,2025-11-07T20:59:48Z
HCSG,17.26,2025-11-07T20:59:51Z
HCTI,2.785,2025-11-07T20:59:59Z
HCWB,2.91,2025-11-07T19:43:30Z
HCWC,0.558,2025-11-07T17:37:37Z
HD,371.065,2025-11-07T20:59:54Z
HDB,35.825,2025-11-07T20:59:59Z
HDEF,29.86,2025-11-07T20:55:11Z
HDGE,17.12,2025-11-07T20:55:09Z
HDSN,6.85,2025-11-07T20:59:53Z
HDV,119.58,2025-11-07T20:59:49Z
HE,11.585,2025-11-07T20:59:52Z
HEAL,29.98,2025-11-07T16:23:26Z
HECA,27.96,2025-11-07T20:59:59Z
HEDG,28.9,2025-11-07T14:54:44Z
HEDJ,51.38,2025-11-07T20:47:58Z
HEFA,40.845,2025-11-07T20:59:45Z
HEGD,25.14,2025-11-07T20:44:21Z
HEI,323.35,2025-11-07T20:59:44Z
HEI.A,251.52,2025-11-07T20:59:53Z
HELE,19.41,2025-11-07T20:59:52Z
HELO,65.17,2025-11-07T20:34:45Z
HEPS,2.31,2025-11-07T20:59:47Z
HEQ,10.69,2025-11-07T20:59:07Z
HEQT,31.52,2025-11-07T20:49:45Z
HERO,31.705,2025-11-07T20:09:27Z
HERZ,2.4,2025-11-07T20:59:15Z
HESM,33.925,2025-11-07T20:59:50Z
HEWJ,52.87,2025-11-07T19:36:14Z
HEZU,42.65,2025-11-07T20:21:51Z
HFFG,2.355,2025-11-07T20:57:03Z
HFGO,27.115,2025-11-07T19:08:32Z
HFRO,6.52,2025-11-07T20:25:31Z
HFRO-B,16.69,2025-11-07T20:29:10Z
HFSI,35.69,2025-11-07T20:34:37Z
HFWA,22.06,2025-11-07T20:59:53Z
HFXI,31.88,2025-11-07T20:59:12Z
HG,26.04,2025-11-07T20:59:50Z
HGBL,1.305,2025-11-07T20:51:03Z
HGER,26.47,2025-11-07T20:59:44Z
HGLB,10.12,2025-11-07T20:53:14Z
HGRO,27.68,2025-11-07T15:24:11Z
HGTY,12.415,2025-11-07T20:59:14Z
HGV,39.75,2025-11-07T20:59:46Z
HHH,80.17,2025-11-07T20:59:22Z
HHS,2.76,2025-11-07T15:39:40Z
HI,31.66,2025-11-07T20:59:58Z
HIBL,60.63,2025-11-07T19:43:16Z
HIBS,5.89,2025-11-07T20:58:59Z
HIFS,284.55,2025-11-07T14:30:00Z
HIG,129.41,2025-11-07T20:59:53Z
HIGH,22.94,2025-11-07T20:29:31Z
HII,309.47,2025-11-07T20:59:54Z
HIMS,41.02,2025-11-07T20:59:55Z
HIMU,49.23,2025-11-07T20:57:42Z
HIMX,8.14,2025-11-07T20:59:57Z
HIMY,11.17,2025-11-07T16:56:08Z
HIMZ,10.36,2025-11-07T20:59:49Z
HIND,5.38,2025-11-07T20:51:28Z
HIO,3.765,2025-11-07T20:57:07Z
HIPO,33.835,2025-11-07T20:57:01Z
HIPS,11.59,2025-11-07T16:08:25Z
HIT,2.925,2025-11-07T20:58:53Z
HITI,2.96,2025-11-07T20:59:56Z
HIVE,4.705,2025-11-07T20:59:59Z
HIW,29.355,2025-11-07T20:59:50Z
HIX,4.235,2025-11-07T20:59:59Z
HKD,1.91,2025-11-07T20:55:19Z
HKIT,2.15,2025-11-07T20:54:55Z
HL,13.885,2025-11-07T20:59:58Z
HLAL,60.31,2025-11-07T20:59:57Z
HLF,9.07,2025-11-07T20:59:55Z
HLI,180.3,2025-11-07T20:59:56Z
HLIO,54.265,2025-11-07T20:59:59Z
HLIT,10.02,2025-11-07T20:59:56Z
HLLY,3.6,2025-11-07T20:59:59Z
HLMN,8.77,2025-11-07T20:59:57Z
HLN,9.46,2025-11-07T20:59:56Z
HLNE,131,2025-11-07T20:59:31Z
HLP,1.61,2025-11-07T16:59:09Z
HLT,273.38,2025-11-07T20:59:58Z
HLX,6.5,2025-11-07T20:59:56Z
HMC,29.83,2025-11-07T20:59:58Z
HMN,45.27,2025-11-07T20:59:37Z
HMOP,39.19,2025-11-07T19:53:44Z
HMR,1.28,2025-11-07T14:42:17Z
HMY,16.41,2025-11-07T20:59:48Z
HNDL,22.18,2025-11-07T20:59:46Z
HNGE,44.52,2025-11-07T20:59:55Z
HNI,39.45,2025-11-07T20:59:51Z
HNRG,19.655,2025-11-07T20:59:56Z
HNST,2.66,2025-11-07T20:59:59Z
HODL,29.34,2025-11-07T20:59:47Z
HOFT,9.43,2025-11-07T19:51:36Z
HOG,25.585,2025-11-07T20:59:58Z
HOLA,52.02,2025-11-07T19:14:17Z
HOLO,3.67,2025-11-07T20:55:48Z
HOLX,74.12,2025-11-07T20:59:57Z
HOMB,27.465,2025-11-07T20:59:53Z
HON,194.09,2025-11-07T20:59:43Z
HOOD,130.36,2025-11-07T20:59:51Z
HOOG,88.07,2025-11-07T20:53:57Z
HOOI,17.98,2025-11-07T18:15:33Z
HOOW,64.43,2025-11-07T20:56:32Z
HOOX,138.595,2025-11-07T20:01:30Z
HOOY,59.87,2025-11-07T19:44:46Z
HOPE,10.46,2025-11-07T20:59:55Z
HOTH,1.245,2025-11-07T20:59:53Z
HOUS,11.42,2025-11-07T20:59:55Z
HOV,120.37,2025-11-07T20:24:36Z
HOVR,2.04,2025-11-07T20:59:54Z
HOWL,1.155,2025-11-07T20:59:24Z
HOYY,20.405,2025-11-07T20:59:42Z
HP,26.225,2025-11-07T20:59:52Z
HPE,23.45,2025-11-07T20:59:58Z
HPF,16.66,2025-11-07T19:09:04Z
HPI,17.235,2025-11-07T16:01:25Z
HPK,5.83,2025-11-07T20:59:58Z
HPP,2.245,2025-11-07T20:59:55Z
HPQ,26.27,2025-11-07T20:59:58Z
HPS,15.37,2025-11-07T20:59:58Z
HQH,17.72,2025-11-07T20:58:11Z
HQL,15.94,2025-11-07T20:59:09Z
HQY,93.68,2025-11-07T20:59:16Z
HR,18.1,2025-11-07T20:59:54Z
HRB,49.61,2025-11-07T20:59:50Z
HRI,136.73,2025-11-07T20:59:33Z
HRL,22.03,2025-11-07T20:59:56Z
HRMY,31.42,2025-11-07T20:59:50Z
HROW,33.93,2025-11-07T20:59:54Z
HRTG,29.54,2025-11-07T20:59:51Z
HRTX,1.1,2025-11-07T20:59:58Z
HRZN,6.67,2025-11-07T20:59:02Z
HSAI,21.09,2025-11-07T20:59:54Z
HSBC,71.265,2025-11-07T20:59:49Z
HSCS,2.61,2025-11-07T19:13:46Z
HSDT,5.51,2025-11-07T20:58:56Z
HSHP,7.73,2025-11-07T20:59:37Z
HSIC,71.885,2025-11-07T20:59:55Z
HSII,58.745,2025-11-07T20:59:04Z
HST,17.83,2025-11-07T20:59:59Z
HSTM,24.65,2025-11-07T20:59:40Z
HSY,170.71,2025-11-07T20:59:50Z
HTAB,19.275,2025-11-07T20:53:59Z
HTB,39.68,2025-11-07T20:57:18Z
HTBK,10.575,2025-11-07T20:59:50Z
HTCR,0.86,2025-11-07T19:35:20Z
HTD,25.01,2025-11-07T20:56:12Z
HTEC,32.78,2025-11-07T20:41:35Z
HTFL,32.66,2025-11-07T20:58:49Z
HTGC,18,2025-11-07T20:59:50Z
HTH,32.99,2025-11-07T20:59:31Z
HTHT,41.055,2025-11-07T20:59:54Z
HTLD,7.63,2025-11-07T20:59:56Z
HTLM,3.17,2025-11-07T14:44:54Z
HTO,47.66,2025-11-07T20:59:35Z
HTOO,3.84,2025-11-07T19:52:26Z
HTRB,34.41,2025-11-07T20:33:04Z
HTZ,6.59,2025-11-07T20:59:58Z
HUBB,462.38,2025-11-07T20:59:45Z
HUBC,1.3,2025-11-07T20:54:40Z
HUBG,35.7,2025-11-07T20:59:46Z
HUBS,398.005,2025-11-07T20:59:59Z
HUDI,1.25,2025-11-07T16:12:52Z
HUHU,9.65,2025-11-07T17:30:31Z
HUIZ,3.43,2025-11-07T14:53:25Z
HUM,251.94,2025-11-07T20:59:50Z
HUMA,1.335,2025-11-07T20:59:51Z
HUMN,29.22,2025-11-07T20:59:59Z
HUN,8.18,2025-11-07T20:59:56Z
HURA,2.5,2025-11-07T20:42:36Z
HURN,166.1,2025-11-07T20:56:21Z
HUSA,5.045,2025-11-07T17:32:40Z
HUT,44.61,2025-11-07T20:59:59Z
HUYA,2.71,2025-11-07T20:59:57Z
HVII,10.44,2025-11-07T20:57:11Z
HVT,21.9,2025-11-07T20:59:50Z
HWBK,31.18,2025-11-07T17:21:54Z
HWC,58.75,2025-11-07T20:59:44Z
HWKN,127.99,2025-11-07T20:58:36Z
HWM,206.66,2025-11-07T20:59:58Z
HXHX,0.7205,2025-11-07T14:43:07Z
HXL,69.07,2025-11-07T20:59:40Z
HY,34.13,2025-11-07T20:59:50Z
HYAC+,1,2025-11-07T19:26:15Z
HYBL,28.36,2025-11-07T20:55:18Z
HYBX,30.17,2025-11-07T20:44:04Z
HYD,50.865,2025-11-07T20:59:51Z
HYDB,47.105,2025-11-07T20:42:09Z
HYDR,43.82,2025-11-07T20:25:52Z
HYDW,47.09,2025-11-07T14:52:52Z
HYEM,19.93,2025-11-07T20:57:58Z
HYFI,37.48,2025-11-07T18:57:36Z
HYFT,1.71,2025-11-07T20:54:12Z
HYG,80.335,2025-11-07T20:59:59Z
HYGH,85.76,2025-11-07T19:31:52Z
HYGV,40.61,2025-11-07T20:59:17Z
HYI,11.29,2025-11-07T18:04:39Z
HYLB,36.7,2025-11-07T20:59:41Z
HYLN,2.115,2025-11-07T20:59:40Z
HYLS,41.76,2025-11-07T20:59:33Z
HYMB,25.115,2025-11-07T20:59:46Z
HYMC,7.6,2025-11-07T20:59:30Z
HYP,22.45,2025-11-07T14:40:31Z
HYPD,6.38,2025-11-07T20:58:17Z
HYPR,1.075,2025-11-07T20:59:54Z
HYS,94.57,2025-11-07T20:53:47Z
HYSA,15.13,2025-11-07T17:47:40Z
HYT,9.435,2025-11-07T20:59:30Z
HYTR,21.72,2025-11-07T14:58:21Z
HYZD,22.37,2025-11-07T20:59:47Z
HZO,23.705,2025-11-07T20:59:48Z
IAC,33.24,2025-11-07T20:59:54Z
IAF,13.19,2025-11-07T19:19:08Z
IAG,12.695,2025-11-07T20:59:59Z
IAGG,51.7,2025-11-07T20:59:45Z
IAI,174.25,2025-11-07T20:55:01Z
IAK,130.71,2025-11-07T20:57:41Z
IART,12.05,2025-11-07T20:59:56Z
IAS,10.25,2025-11-07T20:59:50Z
IAT,50.28,2025-11-07T20:59:47Z
IAU,75.425,2025-11-07T20:59:25Z
IAUG,27.9,2025-11-07T19:58:30Z
IAUM,39.91,2025-11-07T20:59:45Z
IAUX,0.9383,2025-11-07T20:59:38Z
IBAT,31.3,2025-11-07T19:15:40Z
IBB,157.66,2025-11-07T20:59:52Z
IBBQ,26.3,2025-11-07T20:49:30Z
IBCA,25.9,2025-11-07T15:19:28Z
IBCP,30.605,2025-11-07T20:45:40Z
IBD,24.11,2025-11-07T20:55:10Z
IBDQ,25.125,2025-11-07T20:59:46Z
IBDR,24.225,2025-11-07T20:59:59Z
IBDS,24.27,2025-11-07T20:59:50Z
IBDT,25.445,2025-11-07T18:58:10Z
IBDU,23.395,2025-11-07T20:58:07Z
IBDV,22.075,2025-11-07T20:50:00Z
IBDW,21.145,2025-11-07T20:57:28Z
IBDX,25.51,2025-11-07T20:01:47Z
IBDY,26.105,2025-11-07T20:59:46Z
IBDZ,26.38,2025-11-07T20:57:52Z
IBEX,36.435,2025-11-07T20:51:50Z
IBG,2.14,2025-11-07T20:03:01Z
IBGA,25.17,2025-11-07T15:00:39Z
IBHE,23.16,2025-11-07T20:59:50Z
IBHF,23.235,2025-11-07T20:53:54Z
IBHG,22.31,2025-11-07T16:49:53Z
IBHH,23.625,2025-11-07T20:55:56Z
IBHI,23.55,2025-11-07T20:59:59Z
IBHK,25.65,2025-11-07T17:54:03Z
IBHL,25.44,2025-11-07T17:43:21Z
IBIC,25.73,2025-11-07T20:58:05Z
IBIF,26.27,2025-11-07T15:26:36Z
IBIO,1.31,2025-11-07T20:59:53Z
IBIT,58.89,2025-11-07T20:59:59Z
IBKR,70.53,2025-11-07T20:59:43Z
IBLC,53.89,2025-11-07T17:06:10Z
IBM,306.36,2025-11-07T20:59:56Z
IBMN,26.76,2025-11-07T20:59:45Z
IBMO,25.56,2025-11-07T20:59:49Z
IBMP,25.355,2025-11-07T20:31:05Z
IBMQ,25.495,2025-11-07T17:30:54Z
IBMR,25.37,2025-11-07T20:55:09Z
IBMS,25.97,2025-11-07T17:09:42Z
IBN,30.225,2025-11-07T20:59:58Z
IBND,31.71,2025-11-07T20:57:00Z
IBO,0.5428,2025-11-07T19:55:16Z
IBOC,67.21,2025-11-07T20:59:37Z
IBOT,50.575,2025-11-07T18:42:51Z
IBP,257.735,2025-11-07T20:59:53Z
IBRX,2.135,2025-11-07T20:59:54Z
IBTA,28.21,2025-11-07T20:59:46Z
IBTH,22.47,2025-11-07T19:56:37Z
IBTI,22.365,2025-11-07T20:59:45Z
IBTJ,21.95,2025-11-07T20:03:38Z
IBTK,19.885,2025-11-07T20:45:58Z
IBTL,20.61,2025-11-07T19:30:54Z
IBTM,23.175,2025-11-07T20:55:09Z
IBTO,24.7,2025-11-07T20:05:53Z
IBTP,25.99,2025-11-07T16:08:30Z
IBUF,28.51,2025-11-07T14:32:14Z
IBUY,72.09,2025-11-07T20:32:25Z
ICCM,0.6819,2025-11-07T19:44:22Z
ICE,149.035,2025-11-07T20:59:49Z
ICF,61.23,2025-11-07T20:56:48Z
ICFI,81.735,2025-11-07T20:58:42Z
ICG,0.95,2025-11-07T19:10:44Z
ICHR,14.985,2025-11-07T20:59:54Z
ICL,5.64,2025-11-07T20:59:46Z
ICLN,17.66,2025-11-07T20:59:50Z
ICLO,25.615,2025-11-07T20:52:58Z
ICLR,159.085,2025-11-07T20:59:45Z
ICMB,2.745,2025-11-07T17:16:34Z
ICOI,26.84,2025-11-07T20:48:56Z
ICON,1.25,2025-11-07T18:26:52Z
ICOP,37.98,2025-11-07T20:59:56Z
ICOW,37.68,2025-11-07T20:38:43Z
ICSH,50.615,2025-11-07T20:55:06Z
ICU,0.4847,2025-11-07T20:33:08Z
ICUI,140.06,2025-11-07T20:59:14Z
ICVT,101.67,2025-11-07T20:59:54Z
IDA,129.59,2025-11-07T20:59:31Z
IDAI,4.15,2025-11-07T20:32:02Z
IDCC,369.595,2025-11-07T20:59:45Z
IDE,11.74,2025-11-07T16:50:47Z
IDEF,30.36,2025-11-07T15:59:37Z
IDEQ,28.81,2025-11-07T20:04:02Z
IDEV,80.41,2025-11-07T20:59:42Z
IDMO,53.93,2025-11-07T20:56:32Z
IDN,4.335,2025-11-07T20:38:30Z
IDNA,24.49,2025-11-07T18:46:00Z
IDOG,36.99,2025-11-07T17:57:13Z
IDR,31.71,2025-11-07T20:53:51Z
IDT,50.49,2025-11-07T20:59:50Z
IDU,112.51,2025-11-07T20:59:45Z
IDUB,23.8,2025-11-07T20:53:32Z
IDV,37.66,2025-11-07T20:59:50Z
IDVO,37.58,2025-11-07T20:46:38Z
IDX,16.72,2025-11-07T17:36:30Z
IDXX,708.195,2025-11-07T20:59:20Z
IDYA,30.24,2025-11-07T20:58:09Z
IE,12.345,2025-11-07T20:59:59Z
IEF,96.685,2025-11-07T20:59:50Z
IEFA,87.84,2025-11-07T20:59:58Z
IEI,119.605,2025-11-07T20:55:38Z
IEMG,67.3,2025-11-07T20:59:59Z
IEO,90.93,2025-11-07T20:52:49Z
IEP,8.845,2025-11-07T20:59:24Z
IESC,399.295,2025-11-07T20:56:31Z
IETC,100.25,2025-11-07T17:54:35Z
IEUR,68.235,2025-11-07T20:59:30Z
IEV,65.78,2025-11-07T20:58:53Z
IEX,168,2025-11-07T20:59:47Z
IEZ,20.495,2025-11-07T20:59:46Z
IFF,61.99,2025-11-07T20:59:58Z
IFGL,22.72,2025-11-07T16:30:20Z
IFN,14.75,2025-11-07T19:44:24Z
IFRA,52.38,2025-11-07T20:59:24Z
IFRX,1.23,2025-11-07T20:58:56Z
IFS,41.98,2025-11-07T20:59:37Z
IGA,9.53,2025-11-07T20:59:43Z
IGBH,24.345,2025-11-07T17:10:14Z
IGC,0.3708,2025-11-07T20:59:48Z
IGD,5.64,2025-11-07T20:49:52Z
IGE,48.1,2025-11-07T20:59:51Z
IGEB,45.735,2025-11-07T20:59:59Z
IGF,61.65,2025-11-07T20:59:59Z
IGI,16.41,2025-11-07T14:46:09Z
IGIB,53.88,2025-11-07T20:59:59Z
IGIC,21.93,2025-11-07T20:55:09Z
IGLB,51.01,2025-11-07T20:59:59Z
IGLD,24.4,2025-11-07T20:50:02Z
IGM,128.75,2025-11-07T20:59:40Z
IGOV,42.135,2025-11-07T20:58:22Z
IGPT,58.415,2025-11-07T20:55:11Z
IGR,4.84,2025-11-07T20:57:03Z
IGRO,79.59,2025-11-07T20:59:02Z
IGSB,52.88,2025-11-07T20:59:54Z
IGTR,26.98,2025-11-07T20:55:15Z
IGV,109.53,2025-11-07T20:59:57Z
IH,2.92,2025-11-07T16:52:01Z
IHAK,51.235,2025-11-07T20:59:23Z
IHD,6.2,2025-11-07T20:55:11Z
IHDG,46.82,2025-11-07T20:43:55Z
IHE,75.6,2025-11-07T19:47:46Z
IHF,48.24,2025-11-07T20:59:50Z
IHG,130.06,2025-11-07T20:59:34Z
IHI,61.3,2025-11-07T20:59:51Z
IHRT,4.64,2025-11-07T20:59:50Z
IHS,6.585,2025-11-07T20:58:36Z
IHY,21.86,2025-11-07T14:37:36Z
IIF,26.75,2025-11-07T16:47:29Z
III,5.235,2025-11-07T20:59:46Z
IIIN,31.21,2025-11-07T20:56:51Z
IIIV,29.475,2025-11-07T20:59:40Z
IIM,12.47,2025-11-07T20:55:28Z
IINN,0.9844,2025-11-07T15:49:13Z
IIPR,51.44,2025-11-07T20:56:07Z
IIPR-A,25.35,2025-11-07T20:56:04Z
IJAN,35.42,2025-11-07T20:50:16Z
IJH,64.925,2025-11-07T20:59:59Z
IJJ,128.16,2025-11-07T20:57:05Z
IJK,95.69,2025-11-07T20:55:04Z
IJR,117.94,2025-11-07T20:59:59Z
IJS,110.41,2025-11-07T20:59:46Z
IJT,139.62,2025-11-07T20:57:49Z
IJUL,32.62,2025-11-07T19:31:38Z
IJUN,28.51,2025-11-07T20:26:45Z
IKT,1.49,2025-11-07T20:34:11Z
ILCG,103.855,2025-11-07T20:59:48Z
ILDR,32.785,2025-11-07T19:15:02Z
ILF,30.245,2025-11-07T20:59:51Z
ILIT,13.15,2025-11-07T20:26:58Z
ILLR,0.57,2025-11-07T19:53:31Z
ILMN,121.87,2025-11-07T20:59:57Z
ILOW,41.85,2025-11-07T20:21:02Z
ILPT,5.52,2025-11-07T20:59:58Z
ILS,20.28,2025-11-07T15:32:48Z
ILTB,50.44,2025-11-07T15:54:17Z
IMA,8.2,2025-11-07T20:59:50Z
IMAR,29.05,2025-11-07T20:24:33Z
IMAX,34.475,2025-11-07T20:59:51Z
IMCB,81.955,2025-11-07T20:31:41Z
IMCC,1.23,2025-11-07T17:16:49Z
IMCG,80.46,2025-11-07T19:12:06Z
IMCR,33.495,2025-11-07T20:59:48Z
IMDX,6.36,2025-11-07T20:54:42Z
IMG,0.1815,2025-11-07T20:59:56Z
IMKTA,73.9,2025-11-07T20:56:59Z
IMMP,1.695,2025-11-07T20:59:07Z
IMMR,6.85,2025-11-07T20:57:16Z
IMMX,3.17,2025-11-07T20:59:50Z
IMNM,15.21,2025-11-07T20:59:57Z
IMNN,4,2025-11-07T17:47:15Z
IMO,93.39,2025-11-07T20:59:57Z
IMOM,36.66,2025-11-07T16:35:37Z
IMPP,5.34,2025-11-07T20:59:53Z
IMRA,27.1,2025-11-07T18:52:26Z
IMRN,1.65,2025-11-07T20:18:54Z
IMRX,6.89,2025-11-07T20:59:59Z
IMSR,13.86,2025-11-07T20:59:49Z
IMSRW,5.65,2025-11-07T19:30:29Z
IMST,22.4,2025-11-07T19:32:00Z
IMTB,44.18,2025-11-07T19:45:35Z
IMTE,0.6704,2025-11-07T16:13:17Z
IMTM,47.79,2025-11-07T20:55:09Z
IMTX,9.05,2025-11-07T20:59:51Z
IMUX,0.7175,2025-11-07T20:59:00Z
IMVT,23.38,2025-11-07T20:59:59Z
IMXI,15.14,2025-11-07T20:59:57Z
INAB,1.55,2025-11-07T19:04:33Z
INBK,17.68,2025-11-07T18:55:03Z
INBS,0.778,2025-11-07T20:56:58Z
INBX,80.815,2025-11-07T20:59:36Z
INCM,27.6,2025-11-07T20:57:07Z
INCO,64.43,2025-11-07T20:04:04Z
INCR,1.33,2025-11-07T18:54:18Z
INCY,105.99,2025-11-07T20:59:52Z
INDA,53.76,2025-11-07T20:59:59Z
INDB,70.37,2025-11-07T20:56:40Z
INDI,4.68,2025-11-07T20:59:58Z
INDL,56.66,2025-11-07T14:41:06Z
INDO,2.69,2025-11-07T20:59:32Z
INDP,2.52,2025-11-07T15:16:06Z
INDS,37.62,2025-11-07T15:49:41Z
INDV,31.325,2025-11-07T20:59:57Z
INDY,52.48,2025-11-07T15:40:05Z
INFA,24.845,2025-11-07T20:59:08Z
INFL,44.065,2025-11-07T20:59:11Z
INFU,9.925,2025-11-07T20:59:19Z
INFY,16.495,2025-11-07T20:59:52Z
ING,25.74,2025-11-07T20:59:54Z
INGM,21.91,2025-11-07T20:58:53Z
INGN,7,2025-11-07T20:59:55Z
INGR,108.53,2025-11-07T20:59:18Z
INHD,0.988,2025-11-07T19:24:57Z
INM,1.59,2025-11-07T20:56:41Z
INMB,1.64,2025-11-07T20:59:04Z
INMD,14.455,2025-11-07T20:59:48Z
INMU,24.075,2025-11-07T20:53:10Z
INN,5.585,2025-11-07T20:59:50Z
INNV,5.29,2025-11-07T20:59:02Z
INO,2.12,2025-11-07T20:59:56Z
INOD,65.19,2025-11-07T20:59:57Z
INOV,33.67,2025-11-07T20:55:55Z
INQQ,15.645,2025-11-07T19:09:52Z
INR,11.51,2025-11-07T20:58:36Z
INSE,8.13,2025-11-07T20:59:37Z
INSG,14.285,2025-11-07T20:59:46Z
INSM,189.71,2025-11-07T20:59:54Z
INSP,81.8,2025-11-07T20:59:59Z
INSW,53.25,2025-11-07T20:59:22Z
INTA,38.08,2025-11-07T20:59:55Z
INTC,38.15,2025-11-07T20:59:59Z
INTF,36.295,2025-11-07T20:58:16Z
INTJ,0.5585,2025-11-07T18:42:35Z
INTL,27.73,2025-11-07T18:33:21Z
INTR,9.47,2025-11-07T20:59:57Z
INTS,0.4573,2025-11-07T20:32:06Z
INTT,7.71,2025-11-07T20:56:54Z
INTU,648.92,2025-11-07T20:59:49Z
INTW,48.51,2025-11-07T20:59:59Z
INTZ,1.67,2025-11-07T20:59:44Z
INUV,2.5,2025-11-07T20:57:04Z
INV,4.095,2025-11-07T20:59:57Z
INVA,20.85,2025-11-07T20:59:56Z
INVE,3.835,2025-11-07T19:48:39Z
INVG,25.79,2025-11-07T20:54:01Z
INVH,28.01,2025-11-07T20:59:59Z
INVX,20.02,2025-11-07T20:59:52Z
INVZ,1.655,2025-11-07T20:59:49Z
IOBT,0.8887,2025-11-07T20:59:12Z
IOCT,34.1,2025-11-07T20:24:55Z
IONL,67.49,2025-11-07T20:59:55Z
IONQ,59.26,2025-11-07T20:59:56Z
IONR,4.26,2025-11-07T20:57:07Z
IONS,73.55,2025-11-07T20:59:57Z
IONX,92.705,2025-11-07T20:59:23Z
IONZ,3.55,2025-11-07T20:59:50Z
IOO,123.51,2025-11-07T20:51:28Z
IOSP,76.44,2025-11-07T20:59:48Z
IOT,38.845,2025-11-07T20:59:58Z
IOTR,0.2902,2025-11-07T20:57:49Z
IOVA,2.295,2025-11-07T20:59:27Z
IOYY,24.99,2025-11-07T20:51:01Z
IP,38.135,2025-11-07T20:59:54Z
IPAC,74.4,2025-11-07T20:21:51Z
IPAR,87.235,2025-11-07T20:53:45Z
IPAY,51.97,2025-11-07T17:28:17Z
IPDN,2.45,2025-11-07T20:49:55Z
IPG,25.48,2025-11-07T20:59:57Z
IPGP,88,2025-11-07T20:59:47Z
IPI,25.235,2025-11-07T20:59:31Z
IPKW,52.745,2025-11-07T19:15:55Z
IPO,46.34,2025-11-07T20:54:53Z
IPODW,0.3241,2025-11-07T20:22:01Z
IPSC,0.5308,2025-11-07T20:59:19Z
IPST,9.695,2025-11-07T20:09:12Z
IPW,9.99,2025-11-07T20:58:35Z
IPWR,5,2025-11-07T20:52:21Z
IPX,36.315,2025-11-07T20:49:48Z
IQ,2.15,2025-11-07T20:59:54Z
IQDF,29.2,2025-11-07T20:58:36Z
IQDG,39.67,2025-11-07T20:59:50Z
IQI,9.96,2025-11-07T20:56:56Z
IQLT,44.34,2025-11-07T20:59:54Z
IQM,88.95,2025-11-07T20:15:56Z
IQQQ,44.61,2025-11-07T20:04:40Z
IQST,4.885,2025-11-07T20:59:58Z
IQV,210.48,2025-11-07T20:59:54Z
IR,77.5,2025-11-07T20:59:57Z
IRBT,2.2,2025-11-07T20:59:57Z
IRD,2.005,2025-11-07T20:59:13Z
IRDM,16.8,2025-11-07T20:59:47Z
IRE,20.06,2025-11-07T20:59:45Z
IREN,62.47,2025-11-07T20:59:50Z
IREX,33.61,2025-11-07T20:36:51Z
IRIX,1.045,2025-11-07T15:43:29Z
IRM,104.1,2025-11-07T20:59:45Z
IRMD,83.76,2025-11-07T20:52:10Z
IRON,83.79,2025-11-07T20:59:46Z
IRS,15.02,2025-11-07T20:59:47Z
IRT,16.47,2025-11-07T20:59:57Z
IRTC,174.6,2025-11-07T20:59:39Z
IRWD,1.91,2025-11-07T20:59:59Z
ISBA,41.8,2025-11-07T14:33:20Z
ISCG,54.39,2025-11-07T20:41:08Z
ISD,14.445,2025-11-07T20:37:28Z
ISEP,31.88,2025-11-07T20:24:57Z
ISHG,75.175,2025-11-07T20:58:45Z
ISMD,37.52,2025-11-07T19:47:50Z
ISOU,7.76,2025-11-07T16:29:47Z
ISPC,0.6426,2025-11-07T20:58:02Z
ISPR,1.5,2025-11-07T20:47:36Z
ISPY,45.26,2025-11-07T20:59:59Z
ISRG,560.04,2025-11-07T20:59:59Z
ISSC,8.815,2025-11-07T20:58:41Z
ISTB,48.745,2025-11-07T20:58:59Z
ISUL,37.14,2025-11-07T20:52:15Z
IT,230.52,2025-11-07T20:59:57Z
ITA,209.11,2025-11-07T20:59:12Z
ITAN,35.26,2025-11-07T16:44:57Z
ITB,98.63,2025-11-07T20:59:55Z
ITDC,34.1,2025-11-07T19:57:13Z
ITDH,36.845,2025-11-07T17:19:22Z
ITDI,36.91,2025-11-07T17:25:50Z
ITGR,68.28,2025-11-07T20:59:40Z
ITIC,276.585,2025-11-07T20:56:48Z
ITM,47.005,2025-11-07T20:15:57Z
ITOT,146.5,2025-11-07T20:59:59Z
ITP,0.2544,2025-11-07T20:59:00Z
ITRG,2.755,2025-11-07T20:59:51Z
ITRI,105.23,2025-11-07T20:59:49Z
ITRM,0.6,2025-11-07T20:04:16Z
ITRN,38.3,2025-11-07T20:26:09Z
ITT,188.18,2025-11-07T20:59:51Z
ITUB,7.575,2025-11-07T20:59:54Z
ITW,245.49,2025-11-07T20:59:50Z
IUSB,46.69,2025-11-07T20:59:54Z
IUSG,163.52,2025-11-07T17:59:17Z
IUSV,100.53,2025-11-07T20:57:38Z
IVA,4,2025-11-07T20:24:09Z
IVDA,0.8902,2025-11-07T20:58:58Z
IVE,207.94,2025-11-07T20:59:35Z
IVES,32.975,2025-11-07T20:59:46Z
IVF,0.5364,2025-11-07T20:59:54Z
IVLU,36.245,2025-11-07T20:59:40Z
IVOL,19.25,2025-11-07T20:45:29Z
IVOO,109.445,2025-11-07T19:47:46Z
IVP,0.71,2025-11-07T16:00:52Z
IVR,7.76,2025-11-07T20:59:52Z
IVRS,37.86,2025-11-07T18:51:23Z
IVT,27.51,2025-11-07T20:59:49Z
IVV,674.205,2025-11-07T20:59:59Z
IVVB,32.82,2025-11-07T14:57:57Z
IVVD,1.585,2025-11-07T20:59:57Z
IVVW,45.73,2025-11-07T16:14:16Z
IVW,121.555,2025-11-07T20:59:47Z
IVZ,23.37,2025-11-07T20:59:57Z
IWB,367.66,2025-11-07T20:59:48Z
IWC,149.11,2025-11-07T20:59:07Z
IWD,204.46,2025-11-07T20:59:51Z
IWF,471.37,2025-11-07T20:59:53Z
IWL,167.31,2025-11-07T20:50:27Z
IWM,241.625,2025-11-07T20:59:56Z
IWMI,48.27,2025-11-07T20:59:39Z
IWMW,39.42,2025-11-07T15:53:43Z
IWMY,21.185,2025-11-07T20:59:40Z
IWN,175.85,2025-11-07T20:59:58Z
IWO,321.05,2025-11-07T20:59:50Z
IWP,139.44,2025-11-07T20:59:04Z
IWR,95.4,2025-11-07T20:59:46Z
IWS,138.45,2025-11-07T20:59:28Z
IWV,380.69,2025-11-07T20:59:09Z
IWX,88.76,2025-11-07T20:56:58Z
IWY,275.52,2025-11-07T20:59:00Z
IX,25.1,2025-11-07T20:59:40Z
IXC,42.41,2025-11-07T20:57:42Z
IXG,115.255,2025-11-07T20:46:51Z
IXHL,0.3485,2025-11-07T20:59:06Z
IXJ,91.84,2025-11-07T20:37:39Z
IXN,105.34,2025-11-07T20:59:53Z
IXP,119.85,2025-11-07T20:08:32Z
IXUS,83.375,2025-11-07T20:59:45Z
IYC,102.01,2025-11-07T20:57:14Z
IYE,47.55,2025-11-07T20:59:16Z
IYF,124,2025-11-07T20:59:39Z
IYG,88.67,2025-11-07T20:59:09Z
IYH,61.46,2025-11-07T20:59:28Z
IYJ,144.95,2025-11-07T20:41:03Z
IYK,67.325,2025-11-07T20:55:05Z
IYM,142.09,2025-11-07T20:59:50Z
IYR,95.67,2025-11-07T20:59:59Z
IYRI,49.28,2025-11-07T15:31:22Z
IYT,72.055,2025-11-07T20:58:58Z
IYW,199.48,2025-11-07T20:59:45Z
IYY,161.06,2025-11-07T17:09:30Z
IYZ,31.9,2025-11-07T20:59:59Z
IZEA,5.22,2025-11-07T20:59:56Z
IZM,1.4,2025-11-07T20:57:58Z
IZRL,28.25,2025-11-07T16:20:30Z
J,153.37,2025-11-07T20:59:49Z
JAAA,50.585,2025-11-07T20:59:41Z
JACK,17.09,2025-11-07T20:59:58Z
JAGX,1.79,2025-11-07T20:42:52Z
JAJL,28.79,2025-11-07T20:54:15Z
JAKK,16.79,2025-11-07T20:58:09Z
JAMF,12.88,2025-11-07T20:59:50Z
JANW,36.32,2025-11-07T20:26:08Z
JANX,26.455,2025-11-07T20:59:55Z
JAVA,69.48,2025-11-07T20:56:20Z
JAZZ,131.2,2025-11-07T20:59:52Z
JBBB,47.955,2025-11-07T20:55:27Z
JBGS,18.695,2025-11-07T20:59:51Z
JBHT,171.01,2025-11-07T20:59:53Z
JBI,6.73,2025-11-07T20:59:56Z
JBIO,9.16,2025-11-07T20:59:25Z
JBL,213.81,2025-11-07T20:59:42Z
JBLU,4.42,2025-11-07T20:59:57Z
JBND,54.155,2025-11-07T20:59:59Z
JBS,12.945,2025-11-07T20:59:58Z
JBSS,67.4,2025-11-07T20:42:21Z
JBTM,141.35,2025-11-07T20:58:51Z
JCAP,19.485,2025-11-07T20:58:27Z
JCE,15.7,2025-11-07T20:52:46Z
JCI,122.24,2025-11-07T20:59:53Z
JCPB,47.475,2025-11-07T20:59:51Z
JCPI,48.57,2025-11-07T20:59:45Z
JD,31.8,2025-11-07T20:59:55Z
JDST,4.44,2025-11-07T20:59:44Z
JEF,54.52,2025-11-07T20:59:53Z
JELD,2.59,2025-11-07T20:59:58Z
JEM,0.2953,2025-11-07T18:55:28Z
JEMA,48.68,2025-11-07T16:23:12Z
JEPI,56.44,2025-11-07T20:59:46Z
JEPQ,57.7,2025-11-07T20:59:54Z
JETD,6.4,2025-11-07T20:20:50Z
JETS,25.235,2025-11-07T20:59:58Z
JFIN,9.03,2025-11-07T20:53:20Z
JFLX,50.315,2025-11-07T20:50:04Z
JFR,7.94,2025-11-07T20:59:53Z
JGH,12.75,2025-11-07T20:59:54Z
JGLO,67.39,2025-11-07T20:59:02Z
JGRO,92.92,2025-11-07T20:45:40Z
JGRW,26.52,2025-11-07T20:42:38Z
JHAI,27.01,2025-11-07T17:40:12Z
JHG,43.94,2025-11-07T20:59:53Z
JHLN,24.92,2025-11-07T19:54:32Z
JHMD,39.98,2025-11-07T17:07:07Z
JHMM,64.23,2025-11-07T20:50:11Z
JHPI,23.015,2025-11-07T20:59:46Z
JHS,11.48,2025-11-07T17:18:42Z
JHSC,41.1,2025-11-07T19:34:32Z
JHX,17.38,2025-11-07T20:59:58Z
JILL,15.19,2025-11-07T20:58:20Z
JIRE,74.305,2025-11-07T20:58:28Z
JIVE,76.985,2025-11-07T20:59:36Z
JJSF,81.62,2025-11-07T20:55:25Z
JKHY,160.725,2025-11-07T20:59:48Z
JKS,28.23,2025-11-07T20:59:32Z
JL,4.28,2025-11-07T19:24:49Z
JLL,299.63,2025-11-07T20:59:52Z
JMBS,45.745,2025-11-07T20:59:46Z
JMEE,63.26,2025-11-07T20:55:07Z
JMHI,50.45,2025-11-07T20:25:33Z
JMIA,10.88,2025-11-07T20:59:54Z
JMID,29.2,2025-11-07T19:20:02Z
JMM,6.12,2025-11-07T18:18:12Z
JMOM,67.24,2025-11-07T14:30:12Z
JMSB,20.6,2025-11-07T20:59:44Z
JMSI,50.4,2025-11-07T20:59:46Z
JMST,50.895,2025-11-07T19:59:56Z
JMTG,51.11,2025-11-07T20:59:46Z
JMUB,50.665,2025-11-07T20:59:45Z
JNJ,186.555,2025-11-07T20:59:54Z
JNK,96.78,2025-11-07T20:59:58Z
JNUG,137.425,2025-11-07T20:57:27Z
JOB,0.1834,2025-11-07T20:59:18Z
JOBX,25.21,2025-11-07T20:17:42Z
JOBY,14.89,2025-11-07T20:59:59Z
JOBY+,5.24,2025-11-07T20:13:00Z
JOE,58.54,2025-11-07T20:56:48Z
JOET,42.205,2025-11-07T20:58:40Z
JOF,10.26,2025-11-07T20:57:19Z
JOJO,15.47,2025-11-07T15:48:19Z
JOUT,38.97,2025-11-07T20:19:32Z
JOYT,52.32,2025-11-07T15:15:15Z
JOYY,59.53,2025-11-07T20:59:47Z
JPC,8.135,2025-11-07T20:59:59Z
JPEF,73.905,2025-11-07T19:54:07Z
JPIB,48.895,2025-11-07T20:56:45Z
JPIE,46.23,2025-11-07T20:59:52Z
JPLD,52.37,2025-11-07T20:59:58Z
JPM,314.265,2025-11-07T20:59:56Z
JPM-C,25.31,2025-11-07T20:46:11Z
JPM-D,25.065,2025-11-07T16:58:12Z
JPM-K,19.77,2025-11-07T20:20:51Z
JPM-L,19.9,2025-11-07T18:22:54Z
JPM-M,18.72,2025-11-07T19:13:59Z
JPMO,16.26,2025-11-07T16:58:18Z
JPRE,47.51,2025-11-07T20:26:51Z
JPST,50.615,2025-11-07T20:59:45Z
JPSV,57.05,2025-11-07T19:54:32Z
JQC,5.095,2025-11-07T20:59:59Z
JQUA,61.835,2025-11-07T20:53:52Z
JRI,13.695,2025-11-07T20:55:12Z
JRS,7.915,2025-11-07T20:35:42Z
JRVR,5.49,2025-11-07T20:59:55Z
JSCP,47.495,2025-11-07T20:38:36Z
JSI,52.045,2025-11-07T20:59:46Z
JSMD,81.32,2025-11-07T16:26:44Z
JSML,72.91,2025-11-07T18:10:06Z
JSPR,1.8,2025-11-07T20:58:48Z
JSTC,19.98,2025-11-07T19:22:00Z
JTEK,91.82,2025-11-07T20:57:18Z
JULP,30.26,2025-11-07T20:59:50Z
JUNS,1.33,2025-11-07T18:08:17Z
JVAL,47.61,2025-11-07T20:56:55Z
JXG,0.5224,2025-11-07T18:05:09Z
JXI,80.26,2025-11-07T18:09:01Z
JXN,92.83,2025-11-07T20:59:43Z
JXN-A,26.42,2025-11-07T20:59:12Z
JXX,27.52,2025-11-07T20:23:39Z
JYD,3.72,2025-11-07T19:51:17Z
JYNT,7.675,2025-11-07T20:59:35Z
JZXN,0.248,2025-11-07T20:58:05Z
K,83.34,2025-11-07T20:59:57Z
KAI,269.095,2025-11-07T20:58:43Z
KALU,93.44,2025-11-07T20:50:04Z
KALV,10.77,2025-11-07T20:59:53Z
KAPA,0.818,2025-11-07T17:16:07Z
KAPR,34.17,2025-11-07T18:38:00Z
KAR,25.095,2025-11-07T20:59:52Z
KARO,43.24,2025-11-07T20:57:27Z
KARS,30.175,2025-11-07T16:57:55Z
KAT,53.51,2025-11-07T20:55:13Z
KB,84.35,2025-11-07T20:55:47Z
KBA,30.44,2025-11-07T20:42:07Z
KBAB,28.53,2025-11-07T17:54:36Z
KBDC,14.175,2025-11-07T20:59:48Z
KBE,57.44,2025-11-07T20:59:54Z
KBH,60.855,2025-11-07T20:59:49Z
KBR,42.64,2025-11-07T20:59:51Z
KBWB,77.52,2025-11-07T20:59:56Z
KBWD,13.575,2025-11-07T20:59:45Z
KBWY,15.475,2025-11-07T20:59:02Z
KC,11.63,2025-11-07T20:59:54Z
KCCA,16.735,2025-11-07T16:10:43Z
KCE,143.4,2025-11-07T16:18:44Z
KD,26.37,2025-11-07T20:59:58Z
KDEC,25.11,2025-11-07T17:21:37Z
KDEF,42.01,2025-11-07T19:34:42Z
KDK,7.78,2025-11-07T20:59:43Z
KDKRW,1.75,2025-11-07T20:54:26Z
KDP,25.95,2025-11-07T20:59:59Z
KE,27.195,2025-11-07T20:58:51Z
KELYA,9.625,2025-11-07T20:59:55Z
KEMX,35.86,2025-11-07T16:21:06Z
KEP,15.25,2025-11-07T20:59:49Z
KEQU,39.76,2025-11-07T14:40:01Z
KEUA,26.64,2025-11-07T20:32:56Z
KEX,107.635,2025-11-07T20:59:44Z
KEY,18.08,2025-11-07T20:59:58Z
KEY-L,25.34,2025-11-07T20:59:36Z
KEYS,180.72,2025-11-07T20:59:47Z
KF,34.42,2025-11-07T20:59:00Z
KFIIR,0.18,2025-11-07T18:14:26Z
KFRC,30.17,2025-11-07T20:59:56Z
KFS,12.955,2025-11-07T20:57:11Z
KFY,64.45,2025-11-07T20:59:57Z
KG,18.3,2025-11-07T17:52:58Z
KGC,24.335,2025-11-07T20:59:57Z
KGEI,4.12,2025-11-07T20:46:58Z
KGLD,28.31,2025-11-07T20:59:32Z
KGRN,30.51,2025-11-07T20:58:42Z
KGS,33.75,2025-11-07T20:59:53Z
KHC,24.29,2025-11-07T20:59:55Z
KHPI,25.76,2025-11-07T20:59:39Z
KIDS,17.01,2025-11-07T20:59:50Z
KIDZ,0.5698,2025-11-07T20:59:48Z
KIE,58.62,2025-11-07T20:59:57Z
KIM,20.53,2025-11-07T20:59:57Z
KINS,14.74,2025-11-07T20:47:34Z
KIO,11.995,2025-11-07T20:51:04Z
KITT,1.435,2025-11-07T20:59:52Z
KJAN,40,2025-11-07T17:37:07Z
KKR,121.44,2025-11-07T20:59:58Z
KKR-D,49.21,2025-11-07T18:09:05Z
KKRS,17.97,2025-11-07T19:35:49Z
KKRT,25.95,2025-11-07T17:54:53Z
KLAC,1193.65,2025-11-07T20:59:56Z
KLAR,36.19,2025-11-07T20:59:54Z
KLC,5.5,2025-11-07T20:59:40Z
KLIC,38.41,2025-11-07T20:59:30Z
KLIP,32.03,2025-11-07T20:18:04Z
KLRS,4.745,2025-11-07T20:49:59Z
KLTO,0.4715,2025-11-07T20:59:41Z
KLTR,1.46,2025-11-07T20:59:36Z
KLXE,1.75,2025-11-07T20:59:38Z
KMAR,27.77,2025-11-07T20:22:01Z
KMB,103.89,2025-11-07T20:59:54Z
KMDA,6.71,2025-11-07T20:59:38Z
KMI,26.56,2025-11-07T20:59:55Z
KMLI,17.5,2025-11-07T20:38:54Z
KMLM,26.57,2025-11-07T20:38:09Z
KMPR,37.035,2025-11-07T20:59:46Z
KMRK,0.89,2025-11-07T18:41:57Z
KMT,26.265,2025-11-07T20:59:54Z
KMTS,26.28,2025-11-07T20:59:24Z
KMX,32.35,2025-11-07T20:59:55Z
KN,22.6,2025-11-07T20:59:58Z
KNDI,1.1,2025-11-07T20:18:27Z
KNF,70.93,2025-11-07T20:59:50Z
KNG,48.49,2025-11-07T20:59:50Z
KNOP,9.83,2025-11-07T20:59:26Z
KNOV,27.94,2025-11-07T20:13:47Z
KNSA,38.225,2025-11-07T20:57:06Z
KNSL,398.09,2025-11-07T20:59:50Z
KNTK,34.97,2025-11-07T20:59:50Z
KNX,46.34,2025-11-07T20:59:50Z
KO,70.56,2025-11-07T20:59:57Z
KOCT,32.95,2025-11-07T20:24:55Z
KOD,17.63,2025-11-07T20:59:48Z
KODK,7.8,2025-11-07T20:59:55Z
KOF,90.33,2025-11-07T20:59:52Z
KOID,30.08,2025-11-07T19:21:40Z
KOKU,117.225,2025-11-07T20:59:09Z
KOLD,29.42,2025-11-07T20:58:31Z
KOMP,62.485,2025-11-07T20:59:46Z
KOP,26.775,2025-11-07T20:57:39Z
KOPN,2.87,2025-11-07T20:59:59Z
KORE,4.29,2025-11-07T19:13:15Z
KORP,47.445,2025-11-07T18:53:01Z
KORU,143.035,2025-11-07T16:31:18Z
KOS,1.47,2025-11-07T20:59:53Z
KOSS,4.5,2025-11-07T20:45:28Z
KPDD,27.27,2025-11-07T19:47:49Z
KPLT,10.43,2025-11-07T20:56:03Z
KPTI,5.19,2025-11-07T20:56:10Z
KQQQ,28.6,2025-11-07T16:13:05Z
KR,64.915,2025-11-07T20:59:55Z
KRBN,33.68,2025-11-07T20:57:54Z
KRC,43.43,2025-11-07T20:59:59Z
KRE,61.02,2025-11-07T20:59:59Z
KREF,7.87,2025-11-07T20:59:54Z
KRG,22.49,2025-11-07T20:59:53Z
KRKR,5.08,2025-11-07T17:11:24Z
KRMD,3.89,2025-11-07T20:59:39Z
KRMN,70.78,2025-11-07T20:59:59Z
KRNT,13.205,2025-11-07T20:59:48Z
KRNY,6.395,2025-11-07T20:59:55Z
KRO,4.4,2025-11-07T20:59:56Z
KROS,16.2,2025-11-07T20:59:53Z
KRP,13.38,2025-11-07T20:59:52Z
KRRO,34.095,2025-11-07T20:56:32Z
KRT,22.55,2025-11-07T20:59:42Z
KRUS,48.38,2025-11-07T20:59:52Z
KRYS,198.01,2025-11-07T20:59:14Z
KSA,39.29,2025-11-07T20:59:20Z
KSCP,4.325,2025-11-07T20:57:25Z
KSPI,71.29,2025-11-07T20:58:29Z
KSPY,28.46,2025-11-07T16:38:12Z
KSS,17.02,2025-11-07T20:59:58Z
KSTR,19.18,2025-11-07T20:08:26Z
KT,18.2,2025-11-07T20:59:53Z
KTB,72.1,2025-11-07T20:59:53Z
KTCC,2.87,2025-11-07T20:57:21Z
KTEC,17.17,2025-11-07T19:44:54Z
KTF,9.15,2025-11-07T20:57:35Z
KTOS,77.9,2025-11-07T20:59:48Z
KTTA,0.6683,2025-11-07T17:46:11Z
KULR,3.135,2025-11-07T20:59:45Z
KURA,9.875,2025-11-07T20:59:57Z
KURE,18.69,2025-11-07T20:31:10Z
KVHI,5.59,2025-11-07T17:23:02Z
KVUE,16.895,2025-11-07T20:59:56Z
KVYO,30.5,2025-11-07T20:59:52Z
KW,9.4,2025-11-07T20:59:57Z
KWEB,38.99,2025-11-07T20:59:56Z
KWM,1.62,2025-11-07T18:51:31Z
KWR,136.49,2025-11-07T20:55:58Z
KXI,64.25,2025-11-07T20:26:15Z
KXIN,1.765,2025-11-07T20:59:15Z
KYIV,12.07,2025-11-07T20:59:52Z
KYLD,23.32,2025-11-07T15:41:07Z
KYMR,58.47,2025-11-07T20:59:45Z
KYN,11.58,2025-11-07T20:59:42Z
KYTX,6.575,2025-11-07T20:59:24Z
KZIA,7.29,2025-11-07T15:33:07Z
KZR,6.04,2025-11-07T20:59:49Z
L,102.585,2025-11-07T20:59:49Z
LAB,1.125,2025-11-07T20:59:45Z
LABD,31.005,2025-11-07T20:59:58Z
LABU,116.17,2025-11-07T20:54:46Z
LABX,16.855,2025-11-07T20:54:40Z
LAC,4.88,2025-11-07T20:59:59Z
LAD,293.545,2025-11-07T20:59:44Z
LADR,10.59,2025-11-07T20:59:52Z
LAES,6.17,2025-11-07T20:59:59Z
LAKE,16.04,2025-11-07T20:17:58Z
LALT,22.915,2025-11-07T19:23:18Z
LAMR,126.3,2025-11-07T20:59:44Z
LAND,9.375,2025-11-07T20:59:42Z
LANDP,19.63,2025-11-07T14:43:53Z
LANV,2.04,2025-11-07T17:09:58Z
LAR,3.905,2025-11-07T20:59:52Z
LARK,25.99,2025-11-07T20:14:12Z
LASE,3.325,2025-11-07T20:59:21Z
LASR,34.15,2025-11-07T20:59:55Z
LAUR,30.375,2025-11-07T20:59:48Z
LAW,6.6,2025-11-07T20:55:14Z
LAZ,50.51,2025-11-07T20:59:55Z
LAZR,1.25,2025-11-07T20:59:47Z
LB,69,2025-11-07T20:59:42Z
LBAY,23.85,2025-11-07T19:03:48Z
LBGJ,0.7118,2025-11-07T20:44:32Z
LBO,27.65,2025-11-07T17:01:29Z
LBRDA,50.415,2025-11-07T20:58:08Z
LBRDK,50.74,2025-11-07T20:59:34Z
LBRT,17.195,2025-11-07T20:59:55Z
LBRX,15.04,2025-11-07T20:05:41Z
LBTYA,10.69,2025-11-07T20:59:59Z
LBTYK,10.84,2025-11-07T20:59:57Z
LC,18.14,2025-11-07T20:59:56Z
LCAP,29.4,2025-11-07T20:44:34Z
LCDL,9.31,2025-11-07T20:50:00Z
LCFY,3.84,2025-11-07T17:18:21Z
LCG,32.85,2025-11-07T20:41:53Z
LCID,17.34,2025-11-07T20:59:58Z
LCII,108.67,2025-11-07T20:57:54Z
LCLG,62.73,2025-11-07T20:28:53Z
LCNB,15.63,2025-11-07T17:54:25Z
LCOW,23.03,2025-11-07T15:36:51Z
LCTX,1.745,2025-11-07T20:59:51Z
LDEM,58.85,2025-11-07T14:30:03Z
LDI,2.735,2025-11-07T20:59:41Z
LDOS,196.935,2025-11-07T20:59:40Z
LDP,21.73,2025-11-07T20:58:29Z
LDUR,95.945,2025-11-07T19:37:41Z
LDWY,4.44,2025-11-07T14:31:00Z
LE,16.28,2025-11-07T20:35:11Z
LEA,110.145,2025-11-07T20:59:49Z
LEAD,75.36,2025-11-07T18:30:09Z
LECO,226.73,2025-11-07T20:59:38Z
LEDS,2.69,2025-11-07T20:04:37Z
LEG,8.77,2025-11-07T20:59:58Z
LEGH,22.205,2025-11-07T20:59:04Z
LEGN,31.81,2025-11-07T20:59:29Z
LEGR,57.21,2025-11-07T19:23:49Z
LEGT,11.06,2025-11-07T20:32:03Z
LEGT+,0.825,2025-11-07T20:58:17Z
LEGT=,11.25,2025-11-07T14:36:38Z
LEMB,41.53,2025-11-07T19:19:26Z
LEN,121.48,2025-11-07T20:59:50Z
LEN.B,114.075,2025-11-07T20:47:29Z
LENZ,22.975,2025-11-07T20:59:41Z
LEO,6.225,2025-11-07T20:59:22Z
LESL,3.13,2025-11-07T20:50:56Z
LEU,292.705,2025-11-07T20:59:44Z
LEVI,20.23,2025-11-07T20:59:54Z
LEXX,1.045,2025-11-07T20:59:50Z
LFCR,6.83,2025-11-07T20:59:41Z
LFGY,32.62,2025-11-07T20:59:06Z
LFMD,5.25,2025-11-07T20:59:58Z
LFSC,31.67,2025-11-07T19:52:35Z
LFST,6.29,2025-11-07T20:59:56Z
LFT,1.52,2025-11-07T20:55:06Z
LFUS,242.835,2025-11-07T20:59:06Z
LFVN,7.415,2025-11-07T20:59:41Z
LFWD,0.5316,2025-11-07T20:38:25Z
LGCB,1.69,2025-11-07T18:19:18Z
LGCL,2.61,2025-11-07T20:37:37Z
LGCY,8.26,2025-11-07T20:59:53Z
LGH,60.71,2025-11-07T19:47:46Z
LGHL,0.78,2025-11-07T19:39:09Z
LGI,17.39,2025-11-07T20:49:52Z
LGIH,46.685,2025-11-07T20:59:38Z
LGLV,172.825,2025-11-07T16:47:01Z
LGN,35.49,2025-11-07T20:59:54Z
LGND,202.685,2025-11-07T20:59:54Z
LGO,1.09,2025-11-07T20:59:57Z
LGOV,21.985,2025-11-07T20:58:22Z
LGPS,1.23,2025-11-07T19:04:44Z
LGVN,0.7438,2025-11-07T20:59:38Z
LH,252.69,2025-11-07T20:59:57Z
LHAI,10.71,2025-11-07T20:56:07Z
LHSW,1.92,2025-11-07T17:39:04Z
LHX,290.59,2025-11-07T20:59:59Z
LI,19.985,2025-11-07T20:59:57Z
LIDR,2.4,2025-11-07T20:55:48Z
LIEN,10.11,2025-11-07T14:54:15Z
LIF,90.81,2025-11-07T20:59:13Z
LII,492.17,2025-11-07T20:59:44Z
LILA,7.85,2025-11-07T20:59:28Z
LILAK,7.94,2025-11-07T20:59:56Z
LIMN,1.165,2025-11-07T20:55:05Z
LIN,420.475,2025-11-07T20:59:51Z
LINC,17.81,2025-11-07T20:58:15Z
LIND,12.115,2025-11-07T20:59:07Z
LINE,34.62,2025-11-07T20:59:54Z
LINK,5.2,2025-11-07T20:57:21Z
LION,6.88,2025-11-07T20:59:59Z
LIT,60.83,2025-11-07T20:59:46Z
LITE,240.08,2025-11-07T20:59:52Z
LITM,3.575,2025-11-07T20:58:34Z
LITP,9.34,2025-11-07T19:36:20Z
LITS,2.09,2025-11-07T20:59:57Z
LIVN,50.47,2025-11-07T20:59:47Z
LIXT,4.24,2025-11-07T20:49:51Z
LKFN,57.525,2025-11-07T20:32:47Z
LKQ,30.355,2025-11-07T20:59:59Z
LKSP,9.93,2025-11-07T19:46:49Z
LKSPR,1.7,2025-11-07T18:22:29Z
LLY,924.24,2025-11-07T20:59:54Z
LLYVA,82.64,2025-11-07T20:57:44Z
LLYVK,85.72,2025-11-07T20:58:36Z
LLYX,19.8,2025-11-07T20:59:01Z
LMAT,86.82,2025-11-07T20:55:01Z
LMB,78.155,2025-11-07T20:59:25Z
LMBO,35.69,2025-11-07T20:12:16Z
LMBS,49.955,2025-11-07T20:57:40Z
LMFA,1.275,2025-11-07T20:59:31Z
LMND,75.04,2025-11-07T20:59:49Z
LMNR,13.91,2025-11-07T20:59:44Z
LMNX,35.65,2025-11-07T20:39:33Z
LMT,458.24,2025-11-07T20:59:53Z
LNAI,0.9402,2025-11-07T20:56:48Z
LNC,41.15,2025-11-07T20:59:58Z
LNC-D,27.315,2025-11-07T18:16:09Z
LND,3.61,2025-11-07T14:30:04Z
LNG,208.1,2025-11-07T20:59:56Z
LNKB,7.44,2025-11-07T18:51:17Z
LNN,110.86,2025-11-07T20:57:18Z
LNSR,10.615,2025-11-07T20:55:51Z
LNT,67.335,2025-11-07T20:59:50Z
LNTH,51.1,2025-11-07T20:59:54Z
LNW,80.57,2025-11-07T20:59:53Z
LOAR,74.49,2025-11-07T20:59:49Z
LOB,32.56,2025-11-07T20:59:44Z
LOCO,10.455,2025-11-07T20:59:43Z
LOCT,23.72,2025-11-07T19:17:27Z
LODE,2.745,2025-11-07T20:59:54Z
LOGI,120.41,2025-11-07T20:59:24Z
LOGO,21.01,2025-11-07T20:27:18Z
LOKV,10.29,2025-11-07T19:51:33Z
LOMA,10.8,2025-11-07T20:59:12Z
LONZ,50.45,2025-11-07T20:59:47Z
LOOP,1.52,2025-11-07T18:06:09Z
LOPE,165.93,2025-11-07T20:56:49Z
LOTI,25.24,2025-11-07T20:14:06Z
LOUP,78.675,2025-11-07T20:36:48Z
LOVE,13.39,2025-11-07T20:59:33Z
LOW,233.08,2025-11-07T20:59:58Z
LPA,3.19,2025-11-07T20:50:11Z
LPG,27.795,2025-11-07T20:59:46Z
LPL,4.535,2025-11-07T20:59:39Z
LPLA,373.35,2025-11-07T20:59:52Z
LPRO,1.45,2025-11-07T20:59:59Z
LPSN,5.57,2025-11-07T20:58:42Z
LPTH,7.71,2025-11-07T20:59:53Z
LPTX,0.4574,2025-11-07T20:24:37Z
LPX,78.53,2025-11-07T20:59:50Z
LQD,110.74,2025-11-07T20:59:58Z
LQDA,26.13,2025-11-07T20:59:55Z
LQDH,92.65,2025-11-07T16:09:17Z
LQDT,22.68,2025-11-07T20:58:53Z
LQDW,24.89,2025-11-07T19:32:01Z
LQTI,20.15,2025-11-07T20:42:03Z
LRCX,159.34,2025-11-07T20:59:59Z
LRGC,76.44,2025-11-07T19:53:02Z
LRGF,68.98,2025-11-07T20:58:55Z
LRHC,3.71,2025-11-07T20:55:25Z
LRMR,3.47,2025-11-07T20:59:56Z
LRN,71.88,2025-11-07T20:59:47Z
LRNZ,49.79,2025-11-07T19:37:31Z
LSAF,44.41,2025-11-07T20:11:44Z
LSAK,4,2025-11-07T17:54:26Z
LSBK,14.26,2025-11-07T20:47:11Z
LSCC,63.5,2025-11-07T20:59:58Z
LSF,4.15,2025-11-07T20:50:29Z
LSGR,43.42,2025-11-07T16:00:26Z
LSH,1.06,2025-11-07T20:57:28Z
LSPD,13.095,2025-11-07T20:59:54Z
LSTA,2.07,2025-11-07T20:53:50Z
LSTR,130.095,2025-11-07T20:59:38Z
LTBR,18.745,2025-11-07T20:59:59Z
LTC,35.9,2025-11-07T20:59:33Z
LTCC,24.9,2025-11-07T20:56:55Z
LTH,25.52,2025-11-07T20:59:49Z
LTM,43.93,2025-11-07T20:59:45Z
LTPZ,53.02,2025-11-07T14:33:51Z
LTRN,3.48,2025-11-07T20:08:28Z
LTRX,5.035,2025-11-07T20:59:53Z
LU,2.82,2025-11-07T20:59:54Z
LUCD,1.085,2025-11-07T20:59:25Z
LUCK,8.04,2025-11-07T20:59:53Z
LUCY,1.495,2025-11-07T20:59:50Z
LULU,166.16,2025-11-07T20:59:55Z
LUMN,10.53,2025-11-07T20:59:59Z
LUNG,1.93,2025-11-07T20:59:58Z
LUNR,9.585,2025-11-07T20:59:57Z
LUV,32.46,2025-11-07T20:59:58Z
LUXE,8.795,2025-11-07T20:59:06Z
LVHD,39.83,2025-11-07T20:42:40Z
LVHI,35.945,2025-11-07T20:59:03Z
LVO,5.06,2025-11-07T20:49:24Z
LVS,65.22,2025-11-07T20:59:50Z
LVWR,4.695,2025-11-07T18:58:26Z
LW,62.4,2025-11-07T20:59:59Z
LWAY,24.32,2025-11-07T20:50:00Z
LWLG,5.23,2025-11-07T20:59:59Z
LX,4.27,2025-11-07T20:59:56Z
LXEO,8.2,2025-11-07T20:59:55Z
LXFR,12.31,2025-11-07T20:59:46Z
LXP,9.61,2025-11-07T20:59:49Z
LXRX,1.25,2025-11-07T20:59:58Z
LXU,8.555,2025-11-07T20:59:51Z
LYB,43,2025-11-07T20:59:52Z
LYFT,22.04,2025-11-07T20:59:59Z
LYG,4.855,2025-11-07T20:59:47Z
LYRA,4.66,2025-11-07T19:49:52Z
LYTS,19.355,2025-11-07T20:55:28Z
LYV,140.57,2025-11-07T20:59:50Z
LZ,10.11,2025-11-07T20:59:59Z
LZB,31.41,2025-11-07T20:59:57Z
LZM,3.81,2025-11-07T20:58:12Z
LZMH,3.055,2025-11-07T20:21:01Z
M,20.36,2025-11-07T20:59:58Z
MA,551.955,2025-11-07T20:59:55Z
MAA,129.67,2025-11-07T20:59:50Z
MAC,18.03,2025-11-07T20:59:52Z
MAGH,1.435,2025-11-07T20:51:42Z
MAGN,8.9,2025-11-07T20:59:55Z
MAGS,65.62,2025-11-07T20:59:59Z
MAGX,56.86,2025-11-07T20:16:43Z
MAGY,54.94,2025-11-07T20:19:11Z
MAIA,1.1,2025-11-07T20:59:22Z
MAIN,58.8,2025-11-07T20:57:38Z
MAMA,10.84,2025-11-07T20:59:56Z
MAMB,23.96,2025-11-07T17:29:01Z
MAMK,10,2025-11-07T20:46:07Z
MAN,28.72,2025-11-07T20:59:58Z
MANH,177.69,2025-11-07T20:59:52Z
MANU,15.65,2025-11-07T20:59:42Z
MAPS,0.965,2025-11-07T20:53:12Z
MAR,291.21,2025-11-07T20:59:58Z
MARA,15.89,2025-11-07T20:59:59Z
MARO,14,2025-11-07T20:51:55Z
MART,37.66,2025-11-07T14:45:37Z
MARU,27.15,2025-11-07T17:48:15Z
MAS,61.985,2025-11-07T20:59:57Z
MASI,143.16,2025-11-07T20:59:54Z
MASK,0.5213,2025-11-07T15:07:18Z
MASS,7.38,2025-11-07T20:59:53Z
MAT,18.75,2025-11-07T20:59:58Z
MATH,2.33,2025-11-07T20:59:47Z
MATV,12.08,2025-11-07T20:59:54Z
MATW,23.02,2025-11-07T20:57:35Z
MATX,110.715,2025-11-07T20:59:49Z
MAX,12.78,2025-11-07T20:59:49Z
MAXI,21.18,2025-11-07T17:54:02Z
MAXJ,28.16,2025-11-07T20:11:19Z
MAXN,3.35,2025-11-07T20:59:54Z
MAYM,31.82,2025-11-07T17:19:35Z
MAYW,33.02,2025-11-07T20:50:24Z
MAZE,28.54,2025-11-07T20:59:43Z
MBAVW,0.95,2025-11-07T20:52:38Z
MBB,95.41,2025-11-07T20:59:56Z
MBBC,10.69,2025-11-07T19:57:40Z
MBC,11.01,2025-11-07T20:59:59Z
MBCN,34.15,2025-11-07T20:23:44Z
MBI,7.495,2025-11-07T20:59:55Z
MBIN,31.47,2025-11-07T20:55:03Z
MBINN,19.78,2025-11-07T15:13:07Z
MBIO,1.215,2025-11-07T20:19:49Z
MBLY,12.62,2025-11-07T20:59:59Z
MBND,27.46,2025-11-07T19:03:12Z
MBOT,2.035,2025-11-07T20:59:35Z
MBOX,34.33,2025-11-07T15:06:03Z
MBRX,0.4909,2025-11-07T20:49:27Z
MBS,8.76,2025-11-07T16:16:59Z
MBSX,26.73,2025-11-07T18:47:46Z
MBUU,26.24,2025-11-07T20:59:39Z
MBVI,10.08,2025-11-07T20:59:25Z
MBWM,44.97,2025-11-07T20:29:39Z
MBX,25.575,2025-11-07T20:59:55Z
MC,63.85,2025-11-07T20:59:49Z
MCB,66.7,2025-11-07T20:57:03Z
MCBS,26.02,2025-11-07T20:11:17Z
MCD,299.63,2025-11-07T20:59:54Z
MCFT,20.125,2025-11-07T20:57:58Z
MCGA,10.3,2025-11-07T16:53:25Z
MCHB,13.27,2025-11-07T20:59:50Z
MCHI,63.61,2025-11-07T20:59:59Z
MCHP,56.285,2025-11-07T20:59:58Z
MCK,851.34,2025-11-07T20:59:47Z
MCN,5.9,2025-11-07T17:45:53Z
MCO,488.065,2025-11-07T20:59:52Z
MCR,6.27,2025-11-07T14:30:02Z
MCRI,92.68,2025-11-07T20:59:32Z
MCRP,1.56,2025-11-07T20:58:39Z
MCS,15.1,2025-11-07T20:59:14Z
MCSE,13.805,2025-11-07T19:43:40Z
MCTA,21.9,2025-11-07T20:54:10Z
MCW,5.12,2025-11-07T20:59:59Z
MCY,83.73,2025-11-07T20:58:34Z
MD,21.95,2025-11-07T20:59:57Z
MDAI,1.94,2025-11-07T20:59:49Z
MDB,361.08,2025-11-07T20:59:59Z
MDBH,3.34,2025-11-07T16:24:47Z
MDCX,2.39,2025-11-07T20:56:16Z
MDGL,488.365,2025-11-07T20:59:31Z
MDIV,15.775,2025-11-07T20:55:08Z
MDLV,27.58,2025-11-07T18:05:06Z
MDLZ,57.18,2025-11-07T20:59:59Z
MDST,25.72,2025-11-07T20:23:33Z
MDT,92.205,2025-11-07T20:59:56Z
MDU,20.89,2025-11-07T20:59:56Z
MDV,14.43,2025-11-07T17:24:08Z
MDWD,17.54,2025-11-07T20:57:42Z
MDXG,7.44,2025-11-07T20:59:52Z
MDXH,4.505,2025-11-07T20:59:50Z
MDY,592.68,2025-11-07T20:59:52Z
MDYG,91.47,2025-11-07T20:59:00Z
MDYV,82.35,2025-11-07T20:57:21Z
MEAR,50.34,2025-11-07T20:31:45Z
MEC,16.58,2025-11-07T20:59:48Z
MED,11.955,2025-11-07T20:59:55Z
MEDP,589.05,2025-11-07T20:59:46Z
MEG,25.92,2025-11-07T20:59:48Z
MEGI,14.04,2025-11-07T20:57:34Z
MEHA,0.6899,2025-11-07T20:59:43Z
MEI,6.62,2025-11-07T20:59:54Z
MELI,2108.15,2025-11-07T20:59:56Z
MEME,7.46,2025-11-07T20:26:43Z
MENS,36.61,2025-11-07T15:34:50Z
MEOH,37.45,2025-11-07T20:59:54Z
MER-K,25.87,2025-11-07T17:51:54Z
MERC,1.85,2025-11-07T20:59:52Z
MESA,1.44,2025-11-07T19:49:07Z
MESO,14.6,2025-11-07T20:59:43Z
MET,76.1,2025-11-07T20:59:49Z
MET-A,23.5,2025-11-07T20:36:37Z
MET-F,20.56,2025-11-07T20:43:38Z
META,621.75,2025-11-07T20:59:58Z
METC,24.72,2025-11-07T20:59:57Z
METCB,15.945,2025-11-07T20:18:15Z
METD,16.93,2025-11-07T20:59:06Z
METU,29.475,2025-11-07T20:59:58Z
METV,19.64,2025-11-07T19:36:30Z
METW,35.12,2025-11-07T19:47:47Z
MEXX,22.81,2025-11-07T20:56:47Z
MFA,9.205,2025-11-07T20:59:54Z
MFAN,25.06,2025-11-07T20:26:47Z
MFC,33.395,2025-11-07T20:59:52Z
MFG,6.62,2025-11-07T20:59:58Z
MFH,11.12,2025-11-07T20:59:53Z
MFI,22.01,2025-11-07T15:37:11Z
MFIC,12,2025-11-07T20:59:25Z
MFICL,25.4,2025-11-07T17:52:59Z
MFIN,9.825,2025-11-07T20:31:08Z
MFM,5.37,2025-11-07T20:59:37Z
MFSB,25.275,2025-11-07T20:59:56Z
MFSG,28.14,2025-11-07T20:56:05Z
MFSI,29.53,2025-11-07T20:54:14Z
MFSV,25.725,2025-11-07T20:27:28Z
MG,12.01,2025-11-07T20:59:52Z
MGA,49.855,2025-11-07T20:59:57Z
MGC,246.2,2025-11-07T20:49:22Z
MGEE,83.34,2025-11-07T20:58:49Z
MGF,3.085,2025-11-07T20:55:04Z
MGIC,21.89,2025-11-07T20:54:13Z
MGIH,1.55,2025-11-07T20:58:23Z
MGK,408.13,2025-11-07T20:59:57Z
MGM,32.65,2025-11-07T20:59:56Z
MGMT,43.01,2025-11-07T20:59:41Z
MGN,1.34,2025-11-07T14:42:36Z
MGNI,15.095,2025-11-07T20:59:56Z
MGNX,1.36,2025-11-07T20:57:42Z
MGPI,25.36,2025-11-07T20:59:54Z
MGR,21.72,2025-11-07T14:38:16Z
MGRC,104.59,2025-11-07T20:58:24Z
MGRE,24.64,2025-11-07T20:12:00Z
MGRX,2.04,2025-11-07T19:05:26Z
MGTX,8.47,2025-11-07T20:59:47Z
MGV,137.515,2025-11-07T20:59:46Z
MGX,2.17,2025-11-07T20:59:59Z
MGY,21.96,2025-11-07T20:59:54Z
MGYR,16.82,2025-11-07T20:58:05Z
MH,11.34,2025-11-07T20:59:47Z
MHD,11.77,2025-11-07T20:59:49Z
MHF,6.88,2025-11-07T20:56:16Z
MHK,108.75,2025-11-07T20:59:56Z
MHN,10.25,2025-11-07T20:54:18Z
MHO,127.59,2025-11-07T20:55:49Z
MHUA,0.2262,2025-11-07T20:36:43Z
MIAX,48.73,2025-11-07T20:59:48Z
MIDD,123.28,2025-11-07T20:59:45Z
MIGI,1.07,2025-11-07T20:59:51Z
MILN,45.97,2025-11-07T20:49:22Z
MIMI,0.845,2025-11-07T20:59:58Z
MIN,2.61,2025-11-07T20:12:33Z
MIND,13.18,2025-11-07T20:56:30Z
MINO,45.58,2025-11-07T20:58:01Z
MINT,100.41,2025-11-07T20:48:38Z
MIR,27.445,2025-11-07T20:59:59Z
MIRA,1.45,2025-11-07T20:59:31Z
MIRM,68.17,2025-11-07T20:59:31Z
MISL,41.61,2025-11-07T20:46:34Z
MIST,1.71,2025-11-07T20:59:38Z
MITK,9.14,2025-11-07T20:58:56Z
MITT,7.785,2025-11-07T20:57:39Z
MIY,11.6,2025-11-07T20:53:59Z
MKC,65.02,2025-11-07T20:59:48Z
MKDW,0.1725,2025-11-07T18:07:21Z
MKL,2036.42,2025-11-07T20:59:54Z
MKLYR,0.2,2025-11-07T15:46:04Z
MKOR,32.3,2025-11-07T18:32:16Z
MKSI,154.77,2025-11-07T20:59:11Z
MKTW,17.01,2025-11-07T16:54:48Z
MKTX,167.185,2025-11-07T20:59:51Z
MLAB,76.045,2025-11-07T20:59:49Z
MLAC,10.4,2025-11-07T17:42:40Z
MLACR,0.43,2025-11-07T17:49:09Z
MLCI,7.88,2025-11-07T19:53:23Z
MLCO,8.505,2025-11-07T20:59:56Z
MLEC,0.649,2025-11-07T19:34:09Z
MLGO,8.4,2025-11-07T20:56:38Z
MLI,107.18,2025-11-07T20:59:44Z
MLKN,14.27,2025-11-07T20:59:41Z
MLM,610.13,2025-11-07T20:59:49Z
MLN,17.62,2025-11-07T20:59:48Z
MLP,15.08,2025-11-07T19:57:55Z
MLPA,47.56,2025-11-07T20:57:30Z
MLPD,24.77,2025-11-07T14:31:53Z
MLPX,58.84,2025-11-07T20:59:53Z
MLR,39.155,2025-11-07T20:53:47Z
MLSS,0.3942,2025-11-07T16:39:54Z
MLTX,10.615,2025-11-07T20:59:57Z
MLYS,38.045,2025-11-07T20:59:46Z
MMA,1.46,2025-11-07T20:46:00Z
MMC,180.05,2025-11-07T20:59:58Z
MMD,15.05,2025-11-07T20:57:47Z
MMI,29.21,2025-11-07T20:56:56Z
MMIN,24.04,2025-11-07T17:43:23Z
MMIT,24.34,2025-11-07T20:59:59Z
MMM,164.8,2025-11-07T20:59:54Z
MMS,84.075,2025-11-07T20:59:41Z
MMSI,87.56,2025-11-07T20:59:42Z
MMU,10.27,2025-11-07T20:36:48Z
MMYT,77.97,2025-11-07T20:59:50Z
MNA,35.765,2025-11-07T20:14:05Z
MNDO,1.055,2025-11-07T18:36:50Z
MNDR,2,2025-11-07T14:38:40Z
MNDY,189.94,2025-11-07T20:59:41Z
MNKD,5.64,2025-11-07T20:59:59Z
MNMD,11.69,2025-11-07T20:59:48Z
MNOV,1.435,2025-11-07T20:59:47Z
MNPR,81.31,2025-11-07T20:55:30Z
MNR,11.61,2025-11-07T20:59:53Z
MNRO,17.51,2025-11-07T20:59:58Z
MNSB,18.13,2025-11-07T20:56:27Z
MNSO,20.67,2025-11-07T20:59:51Z
MNST,69.69,2025-11-07T20:59:54Z
MNTK,1.775,2025-11-07T20:59:25Z
MNTN,14.38,2025-11-07T20:59:53Z
MNTS,0.9258,2025-11-07T20:58:18Z
MNY,1.21,2025-11-07T17:15:15Z
MO,58.01,2025-11-07T20:59:56Z
MOAT,100.02,2025-11-07T20:59:58Z
MOB,6.53,2025-11-07T20:59:10Z
MOBX,0.637,2025-11-07T20:59:42Z
MOD,156.49,2025-11-07T20:59:49Z
MODD,0.5166,2025-11-07T20:17:31Z
MODG,10.6,2025-11-07T20:59:57Z
MODL,46.49,2025-11-07T20:37:37Z
MOFG,38.885,2025-11-07T20:59:38Z
MOG.A,201.425,2025-11-07T20:59:50Z
MOGO,1.41,2025-11-07T20:58:46Z
MOH,152.03,2025-11-07T20:59:57Z
MOMO,6.755,2025-11-07T20:59:55Z
MOO,70.465,2025-11-07T20:59:50Z
MOOD,36.46,2025-11-07T15:16:31Z
MORN,215.21,2025-11-07T20:57:19Z
MORT,10.485,2025-11-07T20:59:45Z
MOS,25.585,2025-11-07T20:59:56Z
MOTI,37.02,2025-11-07T15:47:35Z
MOV,17.88,2025-11-07T19:01:54Z
MP,58.615,2025-11-07T20:59:49Z
MPA,11.32,2025-11-07T20:03:23Z
MPAA,17.38,2025-11-07T20:59:35Z
MPB,28.9,2025-11-07T20:46:01Z
MPC,193.82,2025-11-07T20:59:51Z
MPG,9.76,2025-11-07T19:16:47Z
MPL,9.29,2025-11-07T20:38:34Z
MPLT,15.595,2025-11-07T20:59:15Z
MPLX,51.255,2025-11-07T20:59:50Z
MPTI,52.925,2025-11-07T20:52:11Z
MPTI+,1.5,2025-11-07T20:39:36Z
MPU,1,2025-11-07T20:18:35Z
MPW,5.075,2025-11-07T20:59:59Z
MPWR,958.86,2025-11-07T20:59:58Z
MPX,8.78,2025-11-07T19:58:37Z
MQ,4.64,2025-11-07T20:59:54Z
MQQQ,181.8,2025-11-07T20:19:57Z
MQT,10.04,2025-11-07T16:03:59Z
MQY,11.5,2025-11-07T20:50:35Z
MRAL,15.875,2025-11-07T20:59:09Z
MRAM,9.005,2025-11-07T20:59:18Z
MRBK,14.5,2025-11-07T20:59:45Z
MRCC,6.56,2025-11-07T20:59:53Z
MRCY,73.955,2025-11-07T20:59:52Z
MREO,1.8,2025-11-07T20:59:50Z
MRK,86.3,2025-11-07T20:59:57Z
MRKR,0.8649,2025-11-07T20:57:31Z
MRM,2.02,2025-11-07T19:42:18Z
MRNA,24.56,2025-11-07T20:59:59Z
MRNY,1.525,2025-11-07T20:59:50Z
MRP,31.83,2025-11-07T20:59:56Z
MRSK,35.92,2025-11-07T20:48:52Z
MRSN,7.93,2025-11-07T17:36:43Z
MRT,2.55,2025-11-07T20:13:35Z
MRTN,9.885,2025-11-07T20:59:50Z
MRUS,95.21,2025-11-07T20:59:51Z
MRVI,2.875,2025-11-07T20:59:55Z
MRVL,90.935,2025-11-07T20:59:58Z
MRX,33.54,2025-11-07T20:59:55Z
MS,162.32,2025-11-07T20:59:54Z
MS-E,25.475,2025-11-07T18:52:14Z
MS-L,21.13,2025-11-07T19:54:13Z
MS-O,18,2025-11-07T19:10:26Z
MS-P,25.47,2025-11-07T20:59:51Z
MS-Q,26.25,2025-11-07T18:07:59Z
MSA,158.42,2025-11-07T20:54:10Z
MSAI,1.105,2025-11-07T20:59:40Z
MSBI,16.01,2025-11-07T20:59:04Z
MSBIP,24.17,2025-11-07T19:14:34Z
MSC,3.84,2025-11-07T16:09:01Z
MSCI,582.9,2025-11-07T20:59:55Z
MSD,7.26,2025-11-07T20:31:38Z
MSDL,16.46,2025-11-07T20:59:50Z
MSEX,53.52,2025-11-07T20:59:02Z
MSFD,11.27,2025-11-07T20:59:50Z
MSFL,29.04,2025-11-07T20:59:48Z
MSFO,16.47,2025-11-07T20:59:49Z
MSFT,496.81,2025-11-07T20:59:59Z
MSFU,47.17,2025-11-07T20:57:35Z
MSFX,31.56,2025-11-07T20:56:21Z
MSGE,46.445,2025-11-07T20:59:49Z
MSGM,3.71,2025-11-07T20:59:50Z
MSGS,219.39,2025-11-07T20:49:55Z
MSGY,0.9367,2025-11-07T19:19:07Z
MSI,390.61,2025-11-07T20:59:51Z
MSIF,11.935,2025-11-07T20:59:53Z
MSII,13.1,2025-11-07T19:45:20Z
MSLC,54.19,2025-11-07T19:14:39Z
MSM,88.07,2025-11-07T20:59:45Z
MSN,0.4666,2025-11-07T20:59:56Z
MSOS,4.215,2025-11-07T20:59:58Z
MSOX,5.53,2025-11-07T20:56:06Z
MSPR,0.3731,2025-11-07T20:59:53Z
MSS,0.5152,2025-11-07T20:59:18Z
MSSM,50.72,2025-11-07T20:40:15Z
MST,4.4,2025-11-07T20:53:33Z
MSTB,39.52,2025-11-07T17:18:00Z
MSTK,20.34,2025-11-07T19:15:39Z
MSTP,7.64,2025-11-07T20:41:00Z
MSTQ,39.28,2025-11-07T20:26:46Z
MSTR,241.96,2025-11-07T20:59:58Z
MSTU,2.375,2025-11-07T20:59:48Z
MSTW,19.69,2025-11-07T19:47:46Z
MSTX,10.915,2025-11-07T20:59:51Z
MSTY,9.66,2025-11-07T20:59:38Z
MSTZ,8.035,2025-11-07T20:59:44Z
MT,39.145,2025-11-07T20:59:49Z
MTA,6.445,2025-11-07T20:58:54Z
MTB,185.83,2025-11-07T20:59:47Z
MTB-H,24.955,2025-11-07T15:49:57Z
MTB-K,24.865,2025-11-07T20:55:11Z
MTBA,50.435,2025-11-07T20:02:21Z
MTC,2.64,2025-11-07T20:59:58Z
MTCH,32.88,2025-11-07T20:59:55Z
MTD,1439.78,2025-11-07T20:59:44Z
MTDR,39.33,2025-11-07T20:59:53Z
MTEN,2.48,2025-11-07T20:49:07Z
MTG,28.03,2025-11-07T20:59:50Z
MTH,67.025,2025-11-07T20:59:56Z
MTLS,5.77,2025-11-07T20:59:32Z
MTN,147.605,2025-11-07T20:59:50Z
MTNB,1.22,2025-11-07T19:09:09Z
MTRN,115.99,2025-11-07T20:59:31Z
MTRX,12.52,2025-11-07T20:59:15Z
MTSI,170.025,2025-11-07T20:59:58Z
MTSR,83.135,2025-11-07T20:59:54Z
MTUM,248.23,2025-11-07T20:59:32Z
MTUS,17.05,2025-11-07T20:56:42Z
MTVA,0.92,2025-11-07T20:57:31Z
MTW,10.95,2025-11-07T20:59:45Z
MTX,55.81,2025-11-07T20:59:46Z
MTZ,200.55,2025-11-07T20:59:51Z
MU,237.9,2025-11-07T20:59:58Z
MUA,10.81,2025-11-07T20:23:30Z
MUB,107.21,2025-11-07T20:59:54Z
MUC,10.81,2025-11-07T20:58:38Z
MUD,7.475,2025-11-07T20:59:28Z
MUE,10.05,2025-11-07T20:19:17Z
MUFG,15.07,2025-11-07T20:59:54Z
MUJ,11.8,2025-11-07T20:29:25Z
MULL,67.35,2025-11-07T20:37:21Z
MUNI,52.53,2025-11-07T20:59:56Z
MUNY,103.555,2025-11-07T17:22:43Z
MUR,28.41,2025-11-07T20:59:52Z
MURA,2.09,2025-11-07T20:59:51Z
MUSA,363.72,2025-11-07T20:59:58Z
MUST,20.63,2025-11-07T20:58:40Z
MUU,79.46,2025-11-07T20:59:30Z
MUX,16.065,2025-11-07T20:59:58Z
MVBF,26.575,2025-11-07T20:53:14Z
MVF,6.97,2025-11-07T20:26:23Z
MVFG,29.99,2025-11-07T20:59:50Z
MVIS,1.075,2025-11-07T20:58:36Z
MVLL,26.31,2025-11-07T20:59:23Z
MVO,4.42,2025-11-07T20:59:24Z
MVPA,32.385,2025-11-07T20:59:45Z
MVRL,14.43,2025-11-07T18:55:16Z
MVST,4.93,2025-11-07T20:59:54Z
MVSTW,0.3301,2025-11-07T20:59:18Z
MVT,10.77,2025-11-07T20:44:15Z
MVV,66.29,2025-11-07T18:27:17Z
MWA,23.91,2025-11-07T20:59:54Z
MWYN,0.93,2025-11-07T20:58:43Z
MX,2.275,2025-11-07T20:59:50Z
MXCT,1.44,2025-11-07T20:59:54Z
MXI,88.95,2025-11-07T16:10:03Z
MXL,14.77,2025-11-07T20:59:49Z
MYD,10.565,2025-11-07T20:49:12Z
MYE,17.395,2025-11-07T20:59:39Z
MYFW,22.775,2025-11-07T19:33:58Z
MYGN,6.29,2025-11-07T20:59:56Z
MYI,11.01,2025-11-07T20:48:39Z
MYLD,25.21,2025-11-07T15:08:33Z
MYN,9.95,2025-11-07T19:45:27Z
MYNZ,1.36,2025-11-07T14:47:22Z
MYO,0.8395,2025-11-07T20:52:53Z
MYPS,0.8,2025-11-07T20:46:29Z
MYRG,232.39,2025-11-07T20:54:47Z
MYSE,2.13,2025-11-07T20:55:01Z
MYSZ,1.12,2025-11-07T15:21:17Z
MYY,18.3,2025-11-07T17:07:11Z
MZTI,172.48,2025-11-07T20:57:01Z
MZZ,8.65,2025-11-07T17:03:16Z
NA,4.22,2025-11-07T20:12:21Z
NABL,8.24,2025-11-07T20:59:54Z
NAC,12.035,2025-11-07T20:59:10Z
NAD,11.82,2025-11-07T20:59:20Z
NAGE,6.83,2025-11-07T20:59:57Z
NAII,2.86,2025-11-07T16:24:38Z
NAIL,55.35,2025-11-07T20:59:45Z
NAK,1.745,2025-11-07T20:59:15Z
NAKA,0.777,2025-11-07T20:59:59Z
NAMM,1.5,2025-11-07T20:57:14Z
NAMS,36.77,2025-11-07T20:59:54Z
NAN,11.505,2025-11-07T20:45:12Z
NANC,45.085,2025-11-07T14:34:03Z
NAT,3.565,2025-11-07T20:59:53Z
NATH,108.85,2025-11-07T20:58:56Z
NATL,35.635,2025-11-07T20:59:58Z
NATO,37.43,2025-11-07T20:59:36Z
NATR,17.92,2025-11-07T20:59:16Z
NAUT,1.495,2025-11-07T20:42:33Z
NAVI,11.705,2025-11-07T20:59:54Z
NAVN,17.855,2025-11-07T20:59:48Z
NAZ,11.8,2025-11-07T20:11:37Z
NB,6.165,2025-11-07T20:59:57Z
NBB,16.29,2025-11-07T20:57:50Z
NBBK,18.53,2025-11-07T20:59:50Z
NBCM,23.975,2025-11-07T20:55:08Z
NBH,10.2,2025-11-07T18:57:14Z
NBHC,36.345,2025-11-07T20:59:54Z
NBIL,17.96,2025-11-07T20:47:22Z
NBIS,111.18,2025-11-07T20:59:52Z
NBIX,152.44,2025-11-07T20:59:37Z
NBN,84.42,2025-11-07T18:50:24Z
NBP,4.055,2025-11-07T20:59:38Z
NBR,51.44,2025-11-07T20:59:31Z
NBSD,51.17,2025-11-07T20:52:37Z
NBSM,25.03,2025-11-07T20:59:45Z
NBTB,41.57,2025-11-07T20:58:31Z
NBTX,19.185,2025-11-07T15:55:12Z
NBXG,14.745,2025-11-07T19:12:53Z
NBY,1.045,2025-11-07T20:55:38Z
NCA,9.08,2025-11-07T20:51:00Z
NCDL,14.26,2025-11-07T20:58:28Z
NCEL,4.04,2025-11-07T19:47:39Z
NCIQ,26.24,2025-11-07T14:47:00Z
NCL,0.4473,2025-11-07T17:01:37Z
NCLH,19.05,2025-11-07T20:59:58Z
NCLO,25.05,2025-11-07T20:51:09Z
NCMI,3.925,2025-11-07T20:59:45Z
NCNA,3.715,2025-11-07T19:57:54Z
NCNO,26.07,2025-11-07T20:59:50Z
NCPL,1.85,2025-11-07T19:24:20Z
NCRA,1.1,2025-11-07T16:58:50Z
NCTY,7.57,2025-11-07T17:32:35Z
NCV,15.6,2025-11-07T20:59:55Z
NCZ,13.9,2025-11-07T17:39:33Z
NDAQ,87.23,2025-11-07T20:59:50Z
NDEC,27.35,2025-11-07T20:04:16Z
NDLS,0.7101,2025-11-07T20:59:59Z
NDMO,10.55,2025-11-07T20:58:28Z
NDRA,5.23,2025-11-07T17:32:33Z
NDSN,232.29,2025-11-07T20:54:19Z
NE,29.24,2025-11-07T20:59:53Z
NEA,11.475,2025-11-07T20:59:53Z
NEAR,51.165,2025-11-07T20:55:12Z
NEBX,56.81,2025-11-07T20:59:04Z
NEE,83.95,2025-11-07T20:59:54Z
NEE-N,24.14,2025-11-07T20:58:59Z
NEE-U,25.75,2025-11-07T17:52:59Z
NEGG,89.955,2025-11-07T20:35:58Z
NEM,83.39,2025-11-07T20:59:50Z
NEO,10.08,2025-11-07T20:59:55Z
NEOG,6.41,2025-11-07T20:59:50Z
NEON,2.345,2025-11-07T20:59:52Z
NEOV,4.25,2025-11-07T20:59:53Z
NEPH,5.165,2025-11-07T16:14:52Z
NERD,25.77,2025-11-07T17:32:42Z
NERV,3.67,2025-11-07T20:58:25Z
NESR,12.39,2025-11-07T20:59:55Z
NET,232.86,2025-11-07T20:59:51Z
NETX,27.32,2025-11-07T20:31:00Z
NEU,777.05,2025-11-07T20:22:17Z
NEUP,4.095,2025-11-07T20:56:58Z
NEWP,2.14,2025-11-07T20:58:54Z
NEWT,10.265,2025-11-07T20:58:27Z
NEXA,5.25,2025-11-07T20:59:17Z
NEXM,3.78,2025-11-07T19:45:56Z
NEXN,7.665,2025-11-07T20:59:38Z
NEXT,5.91,2025-11-07T20:59:59Z
NFBK,10.08,2025-11-07T20:59:48Z
NFE,1.345,2025-11-07T20:59:33Z
NFEB,27.27,2025-11-07T17:39:59Z
NFG,79.35,2025-11-07T20:59:53Z
NFGC,1.92,2025-11-07T20:59:53Z
NFJ,12.795,2025-11-07T20:55:14Z
NFLP,33,2025-11-07T20:30:05Z
NFLT,23.16,2025-11-07T20:59:57Z
NFLW,35.36,2025-11-07T16:05:20Z
NFLX,1103.55,2025-11-07T20:59:59Z
NFLY,14.59,2025-11-07T20:59:45Z
NFTY,58.07,2025-11-07T16:49:48Z
NFXL,45.68,2025-11-07T20:53:49Z
NFXS,14.96,2025-11-07T20:51:38Z
NG,8.18,2025-11-07T20:59:37Z
NGD,7.03,2025-11-07T20:59:56Z
NGG,77.74,2025-11-07T20:59:53Z
NGL,9.53,2025-11-07T20:59:59Z
NGL-B,23.7,2025-11-07T16:20:21Z
NGNE,26.7,2025-11-07T20:59:59Z
NGS,29.31,2025-11-07T20:56:10Z
NGVC,31.51,2025-11-07T20:55:03Z
NGVT,48.4,2025-11-07T20:59:16Z
NHC,129.315,2025-11-07T16:42:20Z
NHI,76.85,2025-11-07T20:59:55Z
NHIC,10.35,2025-11-07T17:39:17Z
NHPAP,18.24,2025-11-07T20:13:34Z
NHS,7.44,2025-11-07T20:47:46Z
NHTC,3.15,2025-11-07T16:56:13Z
NHYB,24.91,2025-11-07T18:13:12Z
NI,43.55,2025-11-07T20:59:49Z
NIC,123.11,2025-11-07T20:50:47Z
NICE,124.03,2025-11-07T20:58:59Z
NIE,25.325,2025-11-07T20:30:16Z
NIHI,49.64,2025-11-07T18:37:17Z
NIKL,13.37,2025-11-07T20:25:42Z
NIM,9.33,2025-11-07T19:19:46Z
NINE,0.4961,2025-11-07T20:58:23Z
NIO,6.845,2025-11-07T20:59:58Z
NIOBW,1.83,2025-11-07T15:27:16Z
NIQ,12.325,2025-11-07T20:59:54Z
NISN,3.76,2025-11-07T14:51:14Z
NIU,3.99,2025-11-07T20:59:45Z
NIVF,0.4756,2025-11-07T19:44:18Z
NIXX,1.43,2025-11-07T20:56:39Z
NJR,45.74,2025-11-07T20:59:55Z
NJUL,71.21,2025-11-07T20:41:10Z
NJUN,30.84,2025-11-07T20:39:44Z
NKE,61.06,2025-11-07T20:59:58Z
NKLR,6.565,2025-11-07T20:59:13Z
NKSH,29.7,2025-11-07T14:54:11Z
NKTR,56.035,2025-11-07T20:59:47Z
NKTX,1.955,2025-11-07T20:57:43Z
NKX,12.85,2025-11-07T18:38:19Z
NL,5.87,2025-11-07T19:50:48Z
NLOP,29.6,2025-11-07T18:59:47Z
NLR,136.52,2025-11-07T20:58:42Z
NLY,21.9,2025-11-07T20:59:55Z
NMAI,13.125,2025-11-07T20:54:43Z
NMAX,9.11,2025-11-07T20:59:59Z
NMCO,10.885,2025-11-07T20:58:51Z
NMFC,9.615,2025-11-07T20:59:54Z
NMG,2.575,2025-11-07T20:59:20Z
NMI,10.07,2025-11-07T16:06:31Z
NMIH,36.645,2025-11-07T20:59:48Z
NML,8.37,2025-11-07T20:24:41Z
NMM,48.505,2025-11-07T20:59:35Z
NMP,10.01,2025-11-07T20:01:11Z
NMR,7.09,2025-11-07T20:54:40Z
NMRA,2.555,2025-11-07T20:59:57Z
NMRK,17.41,2025-11-07T20:59:59Z
NMT,11.46,2025-11-07T20:53:43Z
NMTC,0.6806,2025-11-07T19:22:07Z
NMZ,10.62,2025-11-07T20:59:05Z
NN,12.56,2025-11-07T20:59:54Z
NNBR,1.66,2025-11-07T20:53:53Z
NNDM,1.525,2025-11-07T20:59:55Z
NNE,39.2,2025-11-07T20:59:49Z
NNI,132.34,2025-11-07T20:59:37Z
NNN,40.69,2025-11-07T20:59:56Z
NNOV,28.12,2025-11-07T16:40:48Z
NNOX,3.04,2025-11-07T20:59:48Z
NNVC,1.89,2025-11-07T20:00:57Z
NNY,8.53,2025-11-07T20:39:47Z
NOA,13.79,2025-11-07T20:45:10Z
NOAH,11.14,2025-11-07T20:57:05Z
NOBL,101.99,2025-11-07T20:59:58Z
NOC,568.6,2025-11-07T20:59:54Z
NOCT,56.9,2025-11-07T20:26:07Z
NODK,13.24,2025-11-07T20:12:03Z
NOG,21.61,2025-11-07T20:59:54Z
NOK,6.835,2025-11-07T20:59:55Z
NOMA,6.8,2025-11-07T16:02:30Z
NOMD,12.13,2025-11-07T20:59:56Z
NOTE,3.025,2025-11-07T20:59:53Z
NOTV,1.155,2025-11-07T20:53:46Z
NOV,15.405,2025-11-07T20:59:57Z
NOVM,32.35,2025-11-07T16:14:11Z
NOVP,29.87,2025-11-07T20:45:16Z
NOVT,105.575,2025-11-07T20:59:47Z
NOVZ,44.66,2025-11-07T19:56:27Z
NOW,861.75,2025-11-07T20:59:59Z
NP,26.92,2025-11-07T20:59:11Z
NPAC,10.23,2025-11-07T19:04:19Z
NPB,15.845,2025-11-07T20:45:20Z
NPCE,13.175,2025-11-07T20:55:21Z
NPCT,10.67,2025-11-07T19:00:20Z
NPFD,19.82,2025-11-07T20:57:34Z
NPKI,12.43,2025-11-07T20:59:58Z
NPO,213,2025-11-07T20:58:47Z
NPV,11.38,2025-11-07T20:55:06Z
NPWR,3.435,2025-11-07T20:59:55Z
NQP,12.03,2025-11-07T20:57:37Z
NRC,14.78,2025-11-07T20:57:30Z
NRDS,13.65,2025-11-07T20:59:53Z
NRDY,0.8605,2025-11-07T20:59:40Z
NREF,13.38,2025-11-07T20:59:50Z
NREF-A,23.97,2025-11-07T15:57:44Z
NRG,172.48,2025-11-07T20:59:54Z
NRGU,18.65,2025-11-07T15:22:58Z
NRGV,3.51,2025-11-07T20:59:55Z
NRIM,22.8,2025-11-07T20:57:31Z
NRIX,12.31,2025-11-07T20:59:46Z
NRK,10.24,2025-11-07T20:58:52Z
NRO,3.155,2025-11-07T20:59:45Z
NRP,105.135,2025-11-07T20:48:01Z
NRSN,0.9705,2025-11-07T16:09:16Z
NRT,6.625,2025-11-07T20:48:19Z
NRUC,23.53,2025-11-07T17:17:04Z
NRXP,2.44,2025-11-07T20:59:43Z
NRXS,2.57,2025-11-07T20:53:26Z
NSA,30.71,2025-11-07T20:59:54Z
NSC,284.18,2025-11-07T20:59:43Z
NSEP,28.63,2025-11-07T17:42:04Z
NSI,32.7,2025-11-07T14:32:02Z
NSIT,91.2,2025-11-07T20:59:02Z
NSP,33.84,2025-11-07T20:59:54Z
NSPR,1.84,2025-11-07T20:58:04Z
NSSC,42.08,2025-11-07T20:58:42Z
NTAP,112.89,2025-11-07T20:59:50Z
NTB,45.755,2025-11-07T20:59:50Z
NTCT,28.68,2025-11-07T20:59:55Z
NTES,138.87,2025-11-07T20:59:51Z
NTGR,29.315,2025-11-07T20:59:02Z
NTHI,9.965,2025-11-07T20:52:55Z
NTIP,1.42,2025-11-07T18:51:30Z
NTLA,9.51,2025-11-07T20:59:54Z
NTNX,69.62,2025-11-07T20:59:54Z
NTR,56.865,2025-11-07T20:59:52Z
NTRA,199.655,2025-11-07T20:59:53Z
NTRB,6,2025-11-07T20:47:43Z
NTRS,130,2025-11-07T20:59:00Z
NTRSO,19.78,2025-11-07T20:33:52Z
NTSK,22.3,2025-11-07T20:59:53Z
NTST,18.35,2025-11-07T20:59:54Z
NTSX,54.07,2025-11-07T20:29:50Z
NTWK,4.14,2025-11-07T20:43:28Z
NTWOW,0.28,2025-11-07T14:37:33Z
NTZ,2.66,2025-11-07T17:22:11Z
NU,15.86,2025-11-07T20:59:58Z
NUAI,5.365,2025-11-07T20:59:10Z
NUAIW,2.09,2025-11-07T20:57:16Z
NUBD,22.445,2025-11-07T20:41:36Z
NUDM,37.87,2025-11-07T20:59:06Z
NUE,144.24,2025-11-07T20:59:49Z
NUEM,36.46,2025-11-07T20:58:41Z
NUGO,39.57,2025-11-07T20:26:46Z
NUGT,133.89,2025-11-07T20:59:00Z
NUHY,21.5,2025-11-07T17:24:21Z
NUKK,5.935,2025-11-07T20:59:52Z
NUKZ,68.43,2025-11-07T20:55:54Z
NULV,44.245,2025-11-07T18:59:52Z
NUMG,46.83,2025-11-07T16:26:35Z
NUMV,38.31,2025-11-07T17:43:03Z
NUS,9.11,2025-11-07T20:59:50Z
NUSC,43.92,2025-11-07T20:07:06Z
NUTX,114.3,2025-11-07T20:13:57Z
NUV,9.11,2025-11-07T20:59:59Z
NUVB,4.725,2025-11-07T20:59:58Z
NUVL,93.33,2025-11-07T20:59:45Z
NUW,14.33,2025-11-07T20:32:26Z
NUWE,2.825,2025-11-07T20:07:20Z
NVA,8.84,2025-11-07T20:59:53Z
NVAX,7.45,2025-11-07T20:59:58Z
NVBW,33.33,2025-11-07T20:50:25Z
NVCR,10.925,2025-11-07T20:59:20Z
NVCT,6.13,2025-11-07T20:59:52Z
NVD,8.24,2025-11-07T20:59:59Z
NVDA,188.205,2025-11-07T20:59:59Z
NVDB,27.48,2025-11-07T16:52:31Z
NVDD,38.57,2025-11-07T20:59:41Z
NVDG,19.77,2025-11-07T20:57:31Z
NVDL,92.68,2025-11-07T20:59:56Z
NVDO,20.7,2025-11-07T14:33:01Z
NVDQ,17.4,2025-11-07T20:59:54Z
NVDS,32.22,2025-11-07T20:57:31Z
NVDU,129.49,2025-11-07T20:59:09Z
NVDW,46.09,2025-11-07T20:59:27Z
NVDX,18.76,2025-11-07T20:57:31Z
NVDY,15.315,2025-11-07T20:59:54Z
NVFY,5.38,2025-11-07T20:57:05Z
NVG,12.465,2025-11-07T20:57:22Z
NVGS,17.03,2025-11-07T20:59:28Z
NVII,29.3,2025-11-07T15:08:11Z
NVMI,306.69,2025-11-07T20:59:23Z
NVNI,3.235,2025-11-07T20:59:43Z
NVNO,0.6401,2025-11-07T20:00:31Z
NVO,45.655,2025-11-07T20:59:54Z
NVOX,2.305,2025-11-07T20:57:49Z
NVR,7246.36,2025-11-07T20:45:56Z
NVRI,12.17,2025-11-07T20:59:49Z
NVS,126.355,2025-11-07T20:59:54Z
NVST,19.42,2025-11-07T20:59:47Z
NVT,111.05,2025-11-07T20:59:55Z
NVTS,7.835,2025-11-07T20:59:49Z
NVTX,32.79,2025-11-07T20:57:58Z
NVVE,0.1662,2025-11-07T20:43:14Z
NVX,1.19,2025-11-07T20:59:46Z
NVYY,21.745,2025-11-07T20:49:44Z
NWBI,11.72,2025-11-07T20:59:55Z
NWE,64.905,2025-11-07T20:59:41Z
NWG,15.92,2025-11-07T20:59:59Z
NWGL,1.16,2025-11-07T18:53:07Z
NWL,3.18,2025-11-07T20:59:55Z
NWN,46.79,2025-11-07T20:58:56Z
NWPX,59.145,2025-11-07T19:22:24Z
NWS,30.28,2025-11-07T20:59:38Z
NWSA,26.74,2025-11-07T20:59:56Z
NX,13.07,2025-11-07T20:59:55Z
NXC,13.265,2025-11-07T19:19:49Z
NXDR,1.79,2025-11-07T20:59:58Z
NXDT,2.905,2025-11-07T20:55:59Z
NXE,8.445,2025-11-07T20:59:54Z
NXG,49.54,2025-11-07T19:43:16Z
NXGL,2.47,2025-11-07T20:59:49Z
NXJ,12.71,2025-11-07T20:31:47Z
NXL,1.33,2025-11-07T20:50:35Z
NXN,12.14,2025-11-07T20:41:08Z
NXP,14.32,2025-11-07T20:38:26Z
NXPI,204.62,2025-11-07T20:59:58Z
NXPL,0.7561,2025-11-07T16:57:00Z
NXRT,31.44,2025-11-07T20:53:28Z
NXST,189.92,2025-11-07T20:55:00Z
NXT,104.61,2025-11-07T20:59:58Z
NXTC,9.83,2025-11-07T16:02:36Z
NXTT,16.34,2025-11-07T14:59:00Z
NXXT,1.765,2025-11-07T20:59:10Z
NYF,53.605,2025-11-07T20:58:59Z
NYT,61.33,2025-11-07T20:59:49Z
NYXH,4.86,2025-11-07T16:24:06Z
NZF,12.575,2025-11-07T20:59:52Z
O,56.86,2025-11-07T20:59:58Z
OABI,1.39,2025-11-07T20:59:34Z
OACP,23.11,2025-11-07T19:40:16Z
OAEM,34.34,2025-11-07T19:31:37Z
OAIM,39.6,2025-11-07T19:05:54Z
OAKM,26.425,2025-11-07T20:02:44Z
OARK,8.13,2025-11-07T20:59:53Z
OASC,28.295,2025-11-07T19:25:20Z
OBDC,12.13,2025-11-07T20:59:53Z
OBE,5.87,2025-11-07T20:59:45Z
OBIO,3.815,2025-11-07T20:59:46Z
OBK,35.5,2025-11-07T20:59:44Z
OBLG,2.56,2025-11-07T17:54:23Z
OC,104.15,2025-11-07T20:59:49Z
OCC,7.19,2025-11-07T16:25:02Z
OCCI,4.925,2025-11-07T20:59:47Z
OCFC,17.86,2025-11-07T20:59:51Z
OCGN,1.355,2025-11-07T20:57:39Z
OCSL,13.67,2025-11-07T20:59:57Z
OCTB,25.06,2025-11-07T19:32:50Z
OCTH,23.82,2025-11-07T18:18:08Z
OCTM,32.32,2025-11-07T16:59:28Z
OCTW,38.42,2025-11-07T20:50:02Z
OCUL,10.85,2025-11-07T20:59:56Z
ODC,56.005,2025-11-07T20:58:55Z
ODD,38.965,2025-11-07T20:59:53Z
ODFL,139.93,2025-11-07T20:59:54Z
ODP,27.855,2025-11-07T20:59:57Z
ODV,3.02,2025-11-07T20:59:56Z
ODVWZ,0.21,2025-11-07T17:14:01Z
OEC,4.71,2025-11-07T20:59:53Z
OEF,337.59,2025-11-07T20:59:57Z
OEI,25.13,2025-11-07T17:51:31Z
OFAL,0.9095,2025-11-07T16:36:51Z
OFG,40.54,2025-11-07T20:58:34Z
OFIX,14.97,2025-11-07T20:59:45Z
OFLX,27.64,2025-11-07T14:53:12Z
OFS,5.14,2025-11-07T20:59:09Z
OGE,44.315,2025-11-07T20:59:53Z
OGI,1.54,2025-11-07T20:59:04Z
OGIG,54.075,2025-11-07T17:47:34Z
OGN,6.79,2025-11-07T20:59:57Z
OGS,82.23,2025-11-07T20:59:50Z
OGSP,10.06,2025-11-07T18:32:56Z
OHI,43.555,2025-11-07T20:59:58Z
OI,12.88,2025-11-07T20:59:59Z
OIA,5.99,2025-11-07T20:00:10Z
OIH,284.49,2025-11-07T20:55:20Z
OII,22.65,2025-11-07T20:59:44Z
OILD,10.66,2025-11-07T20:59:59Z
OILK,38.76,2025-11-07T17:45:05Z
OILU,23.59,2025-11-07T20:59:59Z
OIS,6.15,2025-11-07T20:59:54Z
OKE,68.09,2025-11-07T20:59:50Z
OKLL,50.03,2025-11-07T20:59:36Z
OKLO,112.68,2025-11-07T20:59:55Z
OKTA,85.175,2025-11-07T20:59:49Z
OKUR,3.01,2025-11-07T20:52:30Z
OKYO,2.44,2025-11-07T19:44:16Z
OLED,125.29,2025-11-07T20:59:45Z
OLLI,123.41,2025-11-07T20:59:56Z
OLMA,8.38,2025-11-07T20:58:38Z
OLN,19.385,2025-11-07T20:59:57Z
OLP,20.61,2025-11-07T20:54:07Z
OLPX,1.105,2025-11-07T20:59:52Z
OM,12.055,2025-11-07T20:59:27Z
OMAB,104.48,2025-11-07T20:59:46Z
OMAH,19.01,2025-11-07T20:59:59Z
OMC,74.29,2025-11-07T20:59:55Z
OMCL,35.665,2025-11-07T20:59:35Z
OMDA,20.25,2025-11-07T20:59:20Z
OMER,6.59,2025-11-07T20:59:53Z
OMEX,2.205,2025-11-07T20:59:47Z
OMF,60.18,2025-11-07T20:59:53Z
OMFL,59.79,2025-11-07T20:59:46Z
OMH,1.14,2025-11-07T20:45:29Z
OMI,3.18,2025-11-07T20:59:56Z
OMSE,5.225,2025-11-07T20:40:05Z
ON,47.83,2025-11-07T20:59:54Z
ONB,20.995,2025-11-07T20:59:58Z
ONC,320.09,2025-11-07T20:59:45Z
ONCH,10.35,2025-11-07T20:54:57Z
ONCHU,10.54,2025-11-07T20:45:44Z
ONCO,2.68,2025-11-07T17:38:46Z
ONCY,1.02,2025-11-07T20:59:50Z
OND,43.9,2025-11-07T20:48:38Z
ONDS,5.795,2025-11-07T20:59:56Z
ONEG,9.8,2025-11-07T20:58:44Z
ONEQ,90.45,2025-11-07T20:59:58Z
ONEW,15.06,2025-11-07T20:58:32Z
ONEZ,26.64,2025-11-07T20:26:00Z
ONFO,1.07,2025-11-07T20:51:10Z
ONIT,38.01,2025-11-07T20:54:54Z
ONL,2.61,2025-11-07T20:59:48Z
ONMD,1.46,2025-11-07T20:57:59Z
ONON,35,2025-11-07T20:59:50Z
ONTF,4.925,2025-11-07T20:59:05Z
ONTO,139.11,2025-11-07T20:59:55Z
OOMA,11.52,2025-11-07T20:32:38Z
OP,1.41,2025-11-07T20:50:19Z
OPAD,1.8,2025-11-07T20:59:21Z
OPAL,2.09,2025-11-07T20:58:56Z
OPBK,13.09,2025-11-07T20:59:15Z
OPCH,27.655,2025-11-07T20:59:54Z
OPEN,6.56,2025-11-07T20:59:57Z
OPER,100.09,2025-11-07T16:43:00Z
OPEX,20.745,2025-11-07T20:33:07Z
OPFI,9.94,2025-11-07T20:59:50Z
OPHC,3.955,2025-11-07T18:56:26Z
OPK,1.34,2025-11-07T20:59:54Z
OPP,8.1,2025-11-07T20:56:19Z
OPPE,49.23,2025-11-07T19:00:04Z
OPPJ,43.935,2025-11-07T20:58:17Z
OPP^,0.006,2025-11-07T20:07:51Z
OPRA,13.89,2025-11-07T20:59:49Z
OPRT,4.74,2025-11-07T20:59:54Z
OPRX,15.69,2025-11-07T20:59:49Z
OPTT,0.4459,2025-11-07T20:59:45Z
OPTX,2.22,2025-11-07T20:59:20Z
OPXS,14.575,2025-11-07T16:41:55Z
OPY,67.85,2025-11-07T19:03:59Z
OR,31.955,2025-11-07T20:59:59Z
ORA,113.38,2025-11-07T20:59:40Z
ORBS,4.46,2025-11-07T20:59:54Z
ORC,7.405,2025-11-07T20:59:44Z
ORCL,239.24,2025-11-07T20:59:55Z
ORCX,27.74,2025-11-07T20:59:50Z
ORGN,0.5332,2025-11-07T20:59:27Z
ORGO,5.63,2025-11-07T20:59:51Z
ORI,41.24,2025-11-07T20:59:53Z
ORIC,12.335,2025-11-07T20:59:53Z
ORIS,0.1409,2025-11-07T20:58:25Z
ORKA,27.735,2025-11-07T20:59:53Z
ORLA,9.935,2025-11-07T20:59:29Z
ORLY,97.11,2025-11-07T20:59:51Z
ORMP,2.2,2025-11-07T20:27:34Z
ORN,10.15,2025-11-07T20:59:53Z
ORRF,33.79,2025-11-07T20:59:53Z
OS,22.74,2025-11-07T20:59:52Z
OSBC,18.32,2025-11-07T20:59:48Z
OSCR,17.74,2025-11-07T20:59:59Z
OSCV,36.69,2025-11-07T16:19:00Z
OSCX,16.75,2025-11-07T20:59:58Z
OSIS,285.04,2025-11-07T20:59:49Z
OSK,121.35,2025-11-07T20:59:50Z
OSPN,12.24,2025-11-07T20:59:42Z
OSRH,0.6001,2025-11-07T20:59:37Z
OSS,5.19,2025-11-07T20:58:51Z
OSTX,1.81,2025-11-07T20:55:42Z
OSUR,2.39,2025-11-07T20:59:50Z
OSW,21.91,2025-11-07T20:59:58Z
OTEX,34.56,2025-11-07T20:59:58Z
OTF,13.74,2025-11-07T20:59:52Z
OTGAU,10.19,2025-11-07T20:03:10Z
OTIS,91.02,2025-11-07T20:59:50Z
OTLK,1.2,2025-11-07T20:59:54Z
OTLY,15.105,2025-11-07T20:44:54Z
OTTR,84.59,2025-11-07T20:59:54Z
OUNZ,38.55,2025-11-07T20:58:27Z
OUSA,55.67,2025-11-07T20:59:47Z
OUSM,43.61,2025-11-07T20:31:14Z
OUST,25.73,2025-11-07T20:59:56Z
OUT,20.09,2025-11-07T20:59:49Z
OVBC,35.75,2025-11-07T20:01:01Z
OVID,1.31,2025-11-07T20:59:46Z
OVL,51.88,2025-11-07T15:16:45Z
OVLH,39.385,2025-11-07T14:31:17Z
OVT,22.14,2025-11-07T20:51:49Z
OVV,38.865,2025-11-07T20:59:57Z
OWL,15.425,2025-11-07T20:59:59Z
OWLS,9.07,2025-11-07T20:59:44Z
OWLT,8.82,2025-11-07T20:58:05Z
OWNB,29.39,2025-11-07T15:37:49Z
OXBR,1.33,2025-11-07T19:44:46Z
OXLC,15.145,2025-11-07T20:59:41Z
OXM,37.125,2025-11-07T20:59:50Z
OXSQ,1.91,2025-11-07T20:59:59Z
OXY,41.31,2025-11-07T20:59:59Z
OXY+,18.88,2025-11-07T14:54:31Z
OYSE,10.055,2025-11-07T20:59:25Z
OZK,44.38,2025-11-07T20:59:58Z
PAA,16.62,2025-11-07T20:59:57Z
PAAA,51.315,2025-11-07T20:29:51Z
PAAS,34.82,2025-11-07T20:59:58Z
PAC,215.65,2025-11-07T20:55:30Z
PACB,1.77,2025-11-07T20:59:59Z
PACHW,0.3,2025-11-07T16:49:44Z
PACK,4.97,2025-11-07T20:59:31Z
PACS,12.31,2025-11-07T20:59:57Z
PAG,158.7,2025-11-07T20:57:18Z
PAGP,17.52,2025-11-07T20:59:55Z
PAGS,9.245,2025-11-07T20:59:50Z
PAHC,43.82,2025-11-07T20:58:57Z
PAII+,0.4,2025-11-07T20:50:37Z
PAL,6.59,2025-11-07T20:58:34Z
PALI,1.685,2025-11-07T20:59:31Z
PALL,126.49,2025-11-07T20:56:57Z
PAM,86.83,2025-11-07T20:54:30Z
PANG,16.36,2025-11-07T15:57:11Z
PANL,5.8,2025-11-07T20:59:52Z
PANW,212.265,2025-11-07T20:59:54Z
PAPI,25.5,2025-11-07T19:51:08Z
PAPL,3.28,2025-11-07T20:48:51Z
PAR,38.65,2025-11-07T20:59:46Z
PARR,41.15,2025-11-07T20:59:53Z
PASW,0.598,2025-11-07T20:53:08Z
PATH,14.29,2025-11-07T20:59:58Z
PATK,104.93,2025-11-07T20:30:32Z
PATN,26.52,2025-11-07T17:42:34Z
PAUG,42.52,2025-11-07T20:46:02Z
PAVE,47.755,2025-11-07T20:59:52Z
PAVM,0.3301,2025-11-07T19:46:55Z
PAX,14.82,2025-11-07T20:59:57Z
PAXS,15.98,2025-11-07T20:51:38Z
PAY,37.48,2025-11-07T20:59:48Z
PAYC,162.2,2025-11-07T20:59:50Z
PAYO,5.35,2025-11-07T20:59:57Z
PAYS,5.08,2025-11-07T20:59:56Z
PAYX,111.95,2025-11-07T20:59:58Z
PB,67.5,2025-11-07T20:59:48Z
PBA,37.105,2025-11-07T20:59:58Z
PBAP,28.25,2025-11-07T20:59:46Z
PBD,16.68,2025-11-07T20:07:57Z
PBDC,29.91,2025-11-07T17:51:03Z
PBE,75.68,2025-11-07T20:23:09Z
PBF,36.89,2025-11-07T20:59:51Z
PBFB,29.7,2025-11-07T17:45:26Z
PBH,59.81,2025-11-07T20:59:28Z
PBHC,15.14,2025-11-07T20:58:31Z
PBI,9.42,2025-11-07T20:59:58Z
PBJL,29.45,2025-11-07T20:45:41Z
PBM,2.27,2025-11-07T20:04:13Z
PBNV,28.93,2025-11-07T20:55:00Z
PBP,22.55,2025-11-07T20:59:45Z
PBR,12.855,2025-11-07T20:59:52Z
PBR.A,12.05,2025-11-07T20:59:56Z
PBT,19.12,2025-11-07T19:42:16Z
PBUS,67.285,2025-11-07T20:50:20Z
PBW,31.87,2025-11-07T20:59:53Z
PBYI,5.98,2025-11-07T20:59:55Z
PCAP,10.2,2025-11-07T20:51:23Z
PCAR,98.67,2025-11-07T20:59:45Z
PCB,21.64,2025-11-07T20:55:13Z
PCEF,19.79,2025-11-07T20:59:46Z
PCF,6.235,2025-11-07T19:19:08Z
PCFI,24.1,2025-11-07T17:16:56Z
PCG,16.52,2025-11-07T20:59:58Z
PCG-X,41.67,2025-11-07T15:35:17Z
PCGG,11.89,2025-11-07T18:49:27Z
PCH,41.41,2025-11-07T20:59:45Z
PCLA,0.32,2025-11-07T20:52:36Z
PCM,6.24,2025-11-07T16:10:25Z
PCMM,50.25,2025-11-07T17:57:02Z
PCN,12.84,2025-11-07T20:41:56Z
PCOR,79.63,2025-11-07T20:59:52Z
PCQ,8.9,2025-11-07T20:58:08Z
PCRX,22.07,2025-11-07T20:59:55Z
PCSA,0.3043,2025-11-07T19:40:10Z
PCT,10.54,2025-11-07T20:59:56Z
PCTTW,1.99,2025-11-07T16:23:30Z
PCTY,141.85,2025-11-07T20:59:54Z
PCVX,41.63,2025-11-07T20:59:52Z
PCY,21.76,2025-11-07T20:58:36Z
PCYO,10.935,2025-11-07T20:59:50Z
PD,15.49,2025-11-07T20:59:57Z
PDBC,13.62,2025-11-07T20:59:51Z
PDD,135.81,2025-11-07T20:59:50Z
PDEC,42.34,2025-11-07T20:04:14Z
PDEX,31.11,2025-11-07T20:59:00Z
PDFS,26.45,2025-11-07T20:59:56Z
PDI,18.385,2025-11-07T20:59:35Z
PDLB,15.07,2025-11-07T20:59:41Z
PDM,8.255,2025-11-07T20:59:50Z
PDO,13.9,2025-11-07T20:59:49Z
PDP,115.6,2025-11-07T18:59:52Z
PDS,57.93,2025-11-07T20:58:06Z
PDSB,0.9298,2025-11-07T20:37:02Z
PDT,12.97,2025-11-07T20:55:10Z
PDX,21.945,2025-11-07T20:59:51Z
PDYN,6.95,2025-11-07T20:59:46Z
PEB,11.31,2025-11-07T20:59:50Z
PEBO,28.91,2025-11-07T20:59:17Z
PECO,34.905,2025-11-07T20:59:41Z
PED,0.565,2025-11-07T14:43:39Z
PEG,83.29,2025-11-07T20:59:50Z
PEGA,59.09,2025-11-07T20:59:59Z
PEN,266.21,2025-11-07T20:59:51Z
PENG,21.685,2025-11-07T20:59:59Z
PENN,14.535,2025-11-07T20:59:59Z
PEO,21.51,2025-11-07T19:33:30Z
PEP,142.97,2025-11-07T20:59:51Z
PEPG,4.615,2025-11-07T20:59:54Z
PERF,1.93,2025-11-07T19:59:35Z
PERI,8.96,2025-11-07T20:59:36Z
PESI,12.855,2025-11-07T20:59:37Z
PETS,2.58,2025-11-07T20:53:36Z
PEW,4.345,2025-11-07T20:58:22Z
PEW+,1.01,2025-11-07T15:04:53Z
PEX,25.43,2025-11-07T20:11:51Z
PEY,20.29,2025-11-07T20:59:59Z
PFBC,90.595,2025-11-07T20:17:01Z
PFE,24.435,2025-11-07T20:59:59Z
PFEB,39.84,2025-11-07T20:59:50Z
PFF,31.025,2025-11-07T20:59:45Z
PFFA,21.505,2025-11-07T20:55:32Z
PFFD,19.05,2025-11-07T20:59:51Z
PFFR,18.28,2025-11-07T18:15:41Z
PFFV,22.79,2025-11-07T17:26:23Z
PFG,82.92,2025-11-07T20:59:54Z
PFGC,98.755,2025-11-07T20:59:50Z
PFH,17.98,2025-11-07T20:56:53Z
PFIS,46.7,2025-11-07T18:13:57Z
PFL,8.4,2025-11-07T20:58:17Z
PFLD,19.675,2025-11-07T20:59:46Z
PFLT,9.26,2025-11-07T20:59:56Z
PFN,7.515,2025-11-07T20:59:55Z
PFO,9.57,2025-11-07T20:59:58Z
PFRL,49.665,2025-11-07T20:43:57Z
PFS,18.66,2025-11-07T20:59:50Z
PFSA,0.182,2025-11-07T20:48:20Z
PFSI,126.07,2025-11-07T20:59:26Z
PFXF,17.5,2025-11-07T20:59:33Z
PG,147,2025-11-07T20:59:48Z
PGC,25.77,2025-11-07T20:59:53Z
PGEN,3.895,2025-11-07T20:59:57Z
PGF,14.4,2025-11-07T17:58:52Z
PGHY,19.89,2025-11-07T18:24:05Z
PGNY,22.38,2025-11-07T20:59:57Z
PGR,217.255,2025-11-07T20:59:51Z
PGRE,6.555,2025-11-07T20:59:55Z
PGX,11.44,2025-11-07T20:59:52Z
PGY,24.47,2025-11-07T20:59:46Z
PGZ,10.27,2025-11-07T15:28:30Z
PH,843.18,2025-11-07T20:59:45Z
PHAT,13.25,2025-11-07T20:59:23Z
PHB,18.495,2025-11-07T20:07:25Z
PHEQ,32.07,2025-11-07T19:11:56Z
PHG,28.16,2025-11-07T20:59:51Z
PHGE,0.3984,2025-11-07T18:20:09Z
PHI,19.235,2025-11-07T20:25:19Z
PHIN,53.37,2025-11-07T20:59:46Z
PHIO,1.56,2025-11-07T20:59:51Z
PHK,4.89,2025-11-07T20:47:16Z
PHM,119.75,2025-11-07T20:59:54Z
PHO,72.05,2025-11-07T20:59:57Z
PHR,22.01,2025-11-07T20:59:40Z
PHUN,2.29,2025-11-07T20:59:39Z
PHVS,21.58,2025-11-07T20:58:07Z
PHYD,52.18,2025-11-07T16:21:38Z
PHYL,35.295,2025-11-07T20:55:06Z
PHYS,30.43,2025-11-07T20:58:50Z
PI,163.955,2025-11-07T20:59:46Z
PICB,23.56,2025-11-07T15:13:56Z
PICK,45.36,2025-11-07T20:59:50Z
PID,21.42,2025-11-07T19:05:00Z
PIE,23.88,2025-11-07T20:27:30Z
PIEQ,31.46,2025-11-07T18:55:13Z
PII,65.65,2025-11-07T20:59:55Z
PIII,7.53,2025-11-07T17:21:32Z
PILL,8,2025-11-07T14:34:08Z
PIM,3.35,2025-11-07T20:56:24Z
PIN,25.91,2025-11-07T18:08:59Z
PINC,28.16,2025-11-07T20:59:59Z
PINE,15.36,2025-11-07T20:58:55Z
PINK,33.06,2025-11-07T20:55:24Z
PINS,27.09,2025-11-07T20:59:58Z
PIPR,326.51,2025-11-07T20:59:49Z
PIZ,47.19,2025-11-07T16:53:22Z
PJAN,46.02,2025-11-07T20:55:41Z
PJT,166.81,2025-11-07T20:59:03Z
PJUL,45.545,2025-11-07T18:52:49Z
PJUN,41.07,2025-11-07T18:18:04Z
PK,10.7,2025-11-07T20:59:55Z
PKE,19.2,2025-11-07T20:59:42Z
PKG,200.45,2025-11-07T20:58:43Z
PKOH,19.31,2025-11-07T17:12:17Z
PKST,14.915,2025-11-07T20:59:44Z
PKW,128.15,2025-11-07T17:16:51Z
PKX,51.715,2025-11-07T20:59:42Z
PL,12.82,2025-11-07T20:59:56Z
PL+,3.14,2025-11-07T14:35:09Z
PLAB,21.7,2025-11-07T20:58:26Z
PLAY,14.04,2025-11-07T20:59:52Z
PLBC,41.6,2025-11-07T20:13:25Z
PLBL,8.2,2025-11-07T15:02:36Z
PLBY,1.31,2025-11-07T20:59:47Z
PLCE,8.59,2025-11-07T20:59:35Z
PLD,125.61,2025-11-07T20:59:52Z
PLDR,36.28,2025-11-07T18:26:01Z
PLG,1.965,2025-11-07T20:59:42Z
PLMR,128,2025-11-07T20:59:38Z
PLNT,106.28,2025-11-07T20:59:46Z
PLOW,30.78,2025-11-07T20:54:59Z
PLPC,199.54,2025-11-07T15:12:41Z
PLRX,1.58,2025-11-07T20:59:59Z
PLRZ,0.8591,2025-11-07T19:59:06Z
PLSE,15.43,2025-11-07T20:59:09Z
PLTA,28.4,2025-11-07T15:39:20Z
PLTD,6.77,2025-11-07T20:56:12Z
PLTG,32.63,2025-11-07T20:54:40Z
PLTK,4.275,2025-11-07T20:59:59Z
PLTM,14.89,2025-11-07T20:59:40Z
PLTR,177.97,2025-11-07T20:59:58Z
PLTU,92.96,2025-11-07T20:55:45Z
PLTW,42.33,2025-11-07T20:55:59Z
PLTY,57.88,2025-11-07T20:59:53Z
PLTZ,6.865,2025-11-07T20:59:43Z
PLUG,2.64,2025-11-07T20:59:59Z
PLUS,84.83,2025-11-07T20:59:04Z
PLUT,3.38,2025-11-07T14:46:22Z
PLX,2.17,2025-11-07T20:59:52Z
PLXS,143,2025-11-07T20:35:55Z
PLYM,22.29,2025-11-07T20:59:58Z
PLYY,22.63,2025-11-07T20:59:16Z
PM,153.31,2025-11-07T20:59:46Z
PMAR,43.99,2025-11-07T20:20:59Z
PMAY,38.87,2025-11-07T16:10:36Z
PMBS,49.71,2025-11-07T16:55:42Z
PMEC,1.25,2025-11-07T15:13:43Z
PMI,3.1,2025-11-07T20:54:02Z
PMIO,51.1,2025-11-07T19:15:25Z
PML,7.825,2025-11-07T20:15:14Z
PMM,6.05,2025-11-07T20:58:45Z
PMMF,100.305,2025-11-07T20:59:45Z
PMN,0.371,2025-11-07T20:28:46Z
PMNT,0.451,2025-11-07T20:59:08Z
PMO,10.33,2025-11-07T19:11:44Z
PMT,12.16,2025-11-07T20:59:58Z
PMTS,13.8,2025-11-07T20:58:46Z
PMVP,1.305,2025-11-07T20:59:42Z
PN,0.6301,2025-11-07T16:58:31Z
PNBK,1.12,2025-11-07T20:59:58Z
PNC,184.2,2025-11-07T20:59:45Z
PNFP,86.65,2025-11-07T20:59:56Z
PNI,6.99,2025-11-07T20:44:52Z
PNNT,6.38,2025-11-07T20:59:44Z
PNOV,41.18,2025-11-07T20:59:50Z
PNQI,53.6,2025-11-07T14:46:34Z
PNR,107.15,2025-11-07T20:59:11Z
PNTG,25.52,2025-11-07T20:59:25Z
PNW,87.97,2025-11-07T20:59:56Z
POCT,43.17,2025-11-07T20:57:46Z
PODC,2.3,2025-11-07T20:39:20Z
PODD,319.87,2025-11-07T20:59:42Z
POET,5.39,2025-11-07T20:59:39Z
POLEU,10.65,2025-11-07T15:11:54Z
POM,5.22,2025-11-07T20:59:50Z
PONX,20.465,2025-11-07T18:46:19Z
PONY,14.035,2025-11-07T20:59:58Z
POOL,252.21,2025-11-07T20:59:55Z
POR,47.85,2025-11-07T20:59:58Z
POST,106.555,2025-11-07T20:59:11Z
POW,20.1,2025-11-07T20:46:04Z
POWI,35.33,2025-11-07T20:59:50Z
POWL,365.79,2025-11-07T20:59:57Z
POWR,25.75,2025-11-07T20:56:09Z
POWW,1.64,2025-11-07T20:59:48Z
PPA,153.39,2025-11-07T20:57:33Z
PPBT,0.809,2025-11-07T20:58:55Z
PPC,37.05,2025-11-07T20:59:54Z
PPCB,1.04,2025-11-07T15:02:23Z
PPG,96.27,2025-11-07T20:59:55Z
PPH,93.85,2025-11-07T20:59:50Z
PPIH,27.88,2025-11-07T20:25:06Z
PPL,36.575,2025-11-07T20:59:59Z
PPLT,140.785,2025-11-07T20:58:25Z
PPSI,4.19,2025-11-07T20:58:44Z
PPT,3.62,2025-11-07T15:24:32Z
PPTA,22.3,2025-11-07T20:59:52Z
PQDI,19.52,2025-11-07T16:39:46Z
PQNT,20.12,2025-11-07T17:09:44Z
PR,13.26,2025-11-07T20:59:57Z
PRA,24.025,2025-11-07T20:59:47Z
PRAA,14.73,2025-11-07T20:58:56Z
PRAX,168.03,2025-11-07T20:59:45Z
PRCH,10.71,2025-11-07T20:59:57Z
PRCT,31.89,2025-11-07T20:59:49Z
PRDO,30.11,2025-11-07T20:59:22Z
PRE,12.39,2025-11-07T20:26:06Z
PREF,19.04,2025-11-07T20:59:50Z
PRF,45.575,2025-11-07T20:59:46Z
PRFX,1.005,2025-11-07T18:57:15Z
PRFZ,44.69,2025-11-07T19:54:58Z
PRG,27.34,2025-11-07T20:59:54Z
PRGO,14.45,2025-11-07T20:59:55Z
PRGS,42.25,2025-11-07T20:59:29Z
PRHI,1.175,2025-11-07T20:00:38Z
PRI,252.465,2025-11-07T20:59:48Z
PRIF-K,22.02,2025-11-07T16:03:04Z
PRIM,125.27,2025-11-07T20:59:55Z
PRK,155.06,2025-11-07T18:35:49Z
PRKS,36.8,2025-11-07T20:59:55Z
PRLB,48.97,2025-11-07T20:59:48Z
PRLD,1.21,2025-11-07T20:59:16Z
PRM,24.88,2025-11-07T20:59:55Z
PRMB,14.415,2025-11-07T20:59:59Z
PRME,3.8,2025-11-07T20:59:58Z
PRNT,22.14,2025-11-07T16:02:54Z
PRO,23.125,2025-11-07T20:59:56Z
PROF,5.94,2025-11-07T20:50:20Z
PROK,2.92,2025-11-07T20:59:55Z
PROP,1.915,2025-11-07T20:59:15Z
PRPH,0.2819,2025-11-07T20:59:54Z
PRPL,0.8276,2025-11-07T20:58:36Z
PRQR,2.195,2025-11-07T20:59:34Z
PRSO,1.135,2025-11-07T20:57:59Z
PRSU,33.03,2025-11-07T20:50:14Z
PRTA,10.6,2025-11-07T20:59:57Z
PRTH,4.88,2025-11-07T20:59:56Z
PRTS,0.62,2025-11-07T20:58:44Z
PRU,106.31,2025-11-07T20:59:45Z
PRVA,23.43,2025-11-07T20:59:52Z
PRZO,1.245,2025-11-07T20:59:00Z
PSA,278.08,2025-11-07T20:59:50Z
PSA-G,21.415,2025-11-07T18:57:49Z
PSA-L,19.14,2025-11-07T16:02:55Z
PSA-M,16.95,2025-11-07T20:59:37Z
PSA-R,16.53,2025-11-07T20:11:45Z
PSA-S,16.91,2025-11-07T16:00:28Z
PSBD,12.15,2025-11-07T20:58:42Z
PSC,56.17,2025-11-07T19:56:04Z
PSCC,31.91,2025-11-07T16:40:44Z
PSCH,41.68,2025-11-07T18:28:38Z
PSCQ,29.06,2025-11-07T20:41:29Z
PSCT,58.98,2025-11-07T20:57:38Z
PSCW,27.39,2025-11-07T20:18:11Z
PSDM,51.47,2025-11-07T17:57:51Z
PSEC,2.74,2025-11-07T20:59:49Z
PSEP,42.93,2025-11-07T20:42:15Z
PSF,20.755,2025-11-07T20:52:38Z
PSFD,36.45,2025-11-07T20:58:00Z
PSFE,10.165,2025-11-07T20:59:15Z
PSFF,31.78,2025-11-07T20:09:18Z
PSFO,31.77,2025-11-07T20:32:55Z
PSI,74.5,2025-11-07T15:50:28Z
PSIG,3.9,2025-11-07T16:31:54Z
PSIX,65.61,2025-11-07T20:59:52Z
PSK,32.345,2025-11-07T20:59:45Z
PSKY,15.13,2025-11-07T20:59:57Z
PSLV,16.065,2025-11-07T20:59:35Z
PSMD,31.8,2025-11-07T19:47:50Z
PSMO,30.105,2025-11-07T19:15:58Z
PSMR,29.27,2025-11-07T18:49:17Z
PSMT,116.725,2025-11-07T20:59:48Z
PSN,85.855,2025-11-07T20:59:51Z
PSNL,6.94,2025-11-07T20:59:56Z
PSNY,0.7543,2025-11-07T20:59:47Z
PSO,13.045,2025-11-07T20:59:58Z
PSQ,30.69,2025-11-07T20:59:41Z
PSQH,1.81,2025-11-07T20:59:38Z
PSQO,20.69,2025-11-07T16:13:21Z
PSTG,90.09,2025-11-07T20:59:55Z
PSTL,15.56,2025-11-07T20:59:57Z
PSTR,28.36,2025-11-07T17:58:37Z
PSTV,0.5412,2025-11-07T20:58:30Z
PSX,137.885,2025-11-07T20:59:50Z
PT,0.97,2025-11-07T19:03:33Z
PTA,19.84,2025-11-07T18:21:47Z
PTBD,19.59,2025-11-07T16:10:05Z
PTC,176,2025-11-07T20:59:58Z
PTCT,71.8,2025-11-07T20:59:52Z
PTEN,6.075,2025-11-07T20:59:57Z
PTF,75.62,2025-11-07T16:24:40Z
PTGX,79.56,2025-11-07T20:59:49Z
PTHL,0.591,2025-11-07T17:03:05Z
PTHS,33.2,2025-11-07T20:19:04Z
PTIR,29.53,2025-11-07T20:58:56Z
PTIX,2.03,2025-11-07T17:24:37Z
PTLC,55.13,2025-11-07T20:58:21Z
PTLE,0.1893,2025-11-07T20:50:32Z
PTLO,4.93,2025-11-07T20:59:56Z
PTNQ,78.22,2025-11-07T19:37:31Z
PTON,7.66,2025-11-07T20:59:57Z
PTRB,42.24,2025-11-07T18:14:27Z
PTRN,17.06,2025-11-07T20:59:25Z
PTY,13.635,2025-11-07T20:59:50Z
PUBM,7.39,2025-11-07T20:59:58Z
PUK,28.56,2025-11-07T20:59:53Z
PULM,4.69,2025-11-07T15:36:12Z
PULS,49.675,2025-11-07T20:43:08Z
PULT,50.65,2025-11-07T20:51:58Z
PUMP,10.75,2025-11-07T20:59:56Z
PUSH,50.42,2025-11-07T18:02:10Z
PVAL,43.49,2025-11-07T20:59:50Z
PVBC,12.85,2025-11-07T20:59:17Z
PVH,76.67,2025-11-07T20:59:30Z
PVI,24.8,2025-11-07T19:52:47Z
PVLA,77.62,2025-11-07T20:56:45Z
PWB,126.385,2025-11-07T19:47:46Z
PWP,18,2025-11-07T20:59:51Z
PWR,445.06,2025-11-07T20:59:50Z
PWRD,98.325,2025-11-07T19:14:48Z
PWV,65.09,2025-11-07T20:59:24Z
PWZ,24.255,2025-11-07T20:42:32Z
PX,10.58,2025-11-07T20:59:49Z
PXED,32.28,2025-11-07T20:59:49Z
PXH,25.92,2025-11-07T20:06:42Z
PXIU,6.655,2025-11-07T19:31:28Z
PXLW,6.21,2025-11-07T20:46:04Z
PYLD,26.75,2025-11-07T20:59:58Z
PYPD,3.61,2025-11-07T20:52:22Z
PYPG,14.58,2025-11-07T20:26:46Z
PYPL,66.225,2025-11-07T20:59:53Z
PYPY,9.55,2025-11-07T18:34:43Z
PYXS,3.91,2025-11-07T20:59:50Z
PZA,23.3,2025-11-07T20:59:50Z
PZT,22.51,2025-11-07T20:55:23Z
PZZA,41.09,2025-11-07T20:59:57Z
Q,92.4,2025-11-07T20:59:54Z
QABA,54.36,2025-11-07T19:55:49Z
QAI,33.51,2025-11-07T16:32:09Z
QALT,25.69,2025-11-07T15:44:01Z
QBIG,38.58,2025-11-07T20:55:00Z
QBTS,29.53,2025-11-07T20:59:59Z
QBTS+,30.36,2025-11-07T19:47:46Z
QBTX,58.38,2025-11-07T20:59:47Z
QBTZ,14.86,2025-11-07T20:51:27Z
QBUF,28.81,2025-11-07T16:19:01Z
QCLN,45.76,2025-11-07T20:59:50Z
QCLS,2.975,2025-11-07T20:59:27Z
QCML,21.24,2025-11-07T20:55:00Z
QCMU,27.21,2025-11-07T18:12:18Z
QCOC,21.98,2025-11-07T16:57:06Z
QCOM,170.9,2025-11-07T20:59:59Z
QCRH,76.57,2025-11-07T15:58:28Z
QD,4.73,2025-11-07T20:59:35Z
QDEC,31.3,2025-11-07T18:32:30Z
QDEL,20.37,2025-11-07T20:59:58Z
QDF,78.87,2025-11-07T20:50:00Z
QDPL,41.9,2025-11-07T20:31:38Z
QDTE,34.85,2025-11-07T20:59:57Z
QDVO,29.19,2025-11-07T20:59:59Z
QEFA,88.53,2025-11-07T20:55:50Z
QETH,34.44,2025-11-07T20:36:45Z
QFIN,22.295,2025-11-07T20:59:55Z
QFLR,33.72,2025-11-07T20:46:38Z
QGEN,43.55,2025-11-07T20:59:52Z
QGRW,58.17,2025-11-07T20:47:55Z
QH,0.8603,2025-11-07T20:53:14Z
QID,20.87,2025-11-07T20:59:47Z
QIPT,2.45,2025-11-07T20:58:02Z
QJUN,30.93,2025-11-07T17:43:49Z
QLD,140.06,2025-11-07T20:59:09Z
QLGN,2.51,2025-11-07T20:50:14Z
QLTA,48.235,2025-11-07T20:59:59Z
QLTI,25.51,2025-11-07T18:51:34Z
QLTY,36.955,2025-11-07T20:59:46Z
QLV,70.81,2025-11-07T15:19:17Z
QLYS,149.63,2025-11-07T20:59:44Z
QMCO,8.185,2025-11-07T20:59:43Z
QMNV,22.53,2025-11-07T16:30:09Z
QMOM,65.63,2025-11-07T20:04:16Z
QNCX,1.56,2025-11-07T19:47:51Z
QNST,13.77,2025-11-07T20:59:45Z
QNTM,8.14,2025-11-07T14:56:22Z
QPUX,25.3,2025-11-07T16:57:42Z
QPX,43.27,2025-11-07T20:57:55Z
QQA,52.88,2025-11-07T20:55:19Z
QQDN,27.03,2025-11-07T17:08:07Z
QQEW,140.05,2025-11-07T20:16:39Z
QQQ,609.75,2025-11-07T20:59:59Z
QQQD,13.34,2025-11-07T20:50:17Z
QQQE,100.82,2025-11-07T20:48:25Z
QQQI,54.12,2025-11-07T20:59:58Z
QQQJ,36.37,2025-11-07T20:42:52Z
QQQM,251.05,2025-11-07T20:59:43Z
QQQT,17.75,2025-11-07T17:38:56Z
QQQU,59.23,2025-11-07T20:26:47Z
QQQX,27.455,2025-11-07T20:41:11Z
QQQY,24.34,2025-11-07T20:27:38Z
QQXL,42.1,2025-11-07T18:05:12Z
QQXT,96.6,2025-11-07T16:44:51Z
QRHC,1.445,2025-11-07T20:59:33Z
QRMI,15.96,2025-11-07T17:53:28Z
QRVO,85.95,2025-11-07T20:59:55Z
QS,16.62,2025-11-07T20:59:56Z
QSG,6.06,2025-11-07T20:59:43Z
QSI,1.575,2025-11-07T20:59:54Z
QSR,67.725,2025-11-07T20:59:48Z
QSU,18.065,2025-11-07T19:47:46Z
QTEC,231.93,2025-11-07T20:59:46Z
QTOP,31.67,2025-11-07T20:52:43Z
QTPI,25.59,2025-11-07T15:42:39Z
QTRX,4.95,2025-11-07T20:59:59Z
QTTB,2.3,2025-11-07T20:13:58Z
QTUM,110.11,2025-11-07T20:57:01Z
QTWO,71.985,2025-11-07T20:59:53Z
QUAD,5.525,2025-11-07T20:58:01Z
QUAL,193.2,2025-11-07T20:59:44Z
QUBT,12.86,2025-11-07T20:59:56Z
QUBX,8.285,2025-11-07T20:59:16Z
QUIK,7.11,2025-11-07T20:58:53Z
QURE,27.81,2025-11-07T20:59:51Z
QUS,169.735,2025-11-07T19:05:00Z
QUSA,18.32,2025-11-07T15:27:45Z
QVCC,10.38,2025-11-07T20:53:47Z
QVCD,10.26,2025-11-07T14:44:32Z
QVCGA,7.16,2025-11-07T20:59:55Z
QVCGP,4.79,2025-11-07T16:48:16Z
QXO,17.19,2025-11-07T20:59:57Z
QYLD,17.355,2025-11-07T20:59:46Z
QYLG,29.73,2025-11-07T19:42:08Z
R,169.315,2025-11-07T20:59:49Z
RA,13.27,2025-11-07T20:59:40Z
RAA,27.3,2025-11-07T20:28:40Z
RACE,413.27,2025-11-07T20:59:56Z
RAIL,8.49,2025-11-07T20:59:54Z
RAL,46.66,2025-11-07T20:59:51Z
RAMP,29.86,2025-11-07T20:59:42Z
RANI,2.015,2025-11-07T20:59:53Z
RAPP,25.61,2025-11-07T20:59:52Z
RAPT,28.915,2025-11-07T20:59:45Z
RARE,30.645,2025-11-07T20:59:58Z
RAVE,2.83,2025-11-07T20:57:22Z
RAY,3.01,2025-11-07T14:31:38Z
RAYA,3.6,2025-11-07T14:47:58Z
RBA,100.37,2025-11-07T20:59:50Z
RBB,19.01,2025-11-07T20:52:27Z
RBBN,3.16,2025-11-07T20:59:52Z
RBC,434.185,2025-11-07T20:59:50Z
RBLD,76.36,2025-11-07T20:49:13Z
RBLU,54.63,2025-11-07T20:54:02Z
RBLX,106.81,2025-11-07T20:59:52Z
RBNE,1.1,2025-11-07T20:59:13Z
RBOT,4.36,2025-11-07T20:57:15Z
RBRK,73,2025-11-07T20:59:49Z
RBUF,28.8,2025-11-07T19:46:08Z
RC,2.94,2025-11-07T20:59:56Z
RCAT,9.28,2025-11-07T20:59:55Z
RCEL,3.76,2025-11-07T20:59:45Z
RCI,37.4,2025-11-07T20:59:45Z
RCKT,3.18,2025-11-07T20:59:53Z
RCKY,29.81,2025-11-07T20:59:45Z
RCL,256.03,2025-11-07T20:59:58Z
RCLO,25.195,2025-11-07T15:16:24Z
RCMT,20.57,2025-11-07T20:26:32Z
RCS,7.08,2025-11-07T20:55:15Z
RCT,2.085,2025-11-07T20:59:51Z
RCUS,19.29,2025-11-07T20:59:52Z
RDCM,12.75,2025-11-07T17:12:44Z
RDDT,194.73,2025-11-07T20:59:57Z
RDFI,23.79,2025-11-07T19:54:49Z
RDHL,1.13,2025-11-07T20:59:42Z
RDI,1.34,2025-11-07T14:44:53Z
RDN,34.925,2025-11-07T20:59:48Z
RDNT,78.295,2025-11-07T20:59:55Z
RDNW,4.35,2025-11-07T20:55:07Z
RDTE,31.89,2025-11-07T19:34:21Z
RDTL,38.26,2025-11-07T20:59:35Z
RDVI,25.65,2025-11-07T20:59:50Z
RDVT,58.01,2025-11-07T20:42:47Z
RDVY,67.205,2025-11-07T20:59:37Z
RDW,6.545,2025-11-07T20:59:48Z
RDWR,23.19,2025-11-07T20:59:28Z
RDY,13.465,2025-11-07T20:59:50Z
RDZN,1.465,2025-11-07T20:46:31Z
RDZNW,0.16,2025-11-07T19:01:55Z
REAL,11,2025-11-07T20:59:59Z
REAX,3.66,2025-11-07T20:59:37Z
REBN,1.52,2025-11-07T15:36:46Z
RECS,40.35,2025-11-07T20:58:53Z
REE,0.859,2025-11-07T20:46:52Z
REET,25.505,2025-11-07T20:59:46Z
REFI,12.68,2025-11-07T19:49:56Z
REFR,1.59,2025-11-07T15:10:35Z
REG,69.77,2025-11-07T20:59:53Z
REGCP,23.6,2025-11-07T20:12:27Z
REGL,82.5,2025-11-07T20:08:07Z
REGN,657.755,2025-11-07T20:59:48Z
REI,0.9278,2025-11-07T20:57:01Z
REK,17.02,2025-11-07T20:55:10Z
REKR,2.235,2025-11-07T20:59:53Z
REKT,16.08,2025-11-07T15:09:56Z
RELI,0.8421,2025-11-07T20:55:53Z
RELL,10.36,2025-11-07T20:53:51Z
RELX,42.255,2025-11-07T20:59:50Z
RELY,12.695,2025-11-07T20:59:57Z
REM,22.19,2025-11-07T20:59:41Z
REMG,28.91,2025-11-07T16:07:31Z
REMX,65.07,2025-11-07T20:59:59Z
RENT,3.935,2025-11-07T20:54:57Z
REPL,8.32,2025-11-07T20:59:56Z
REPX,24.92,2025-11-07T20:40:01Z
RERE,3.955,2025-11-07T20:59:39Z
RES,5.48,2025-11-07T20:59:45Z
RETL,7.76,2025-11-07T20:55:28Z
REVG,52.14,2025-11-07T20:59:53Z
REW,5.67,2025-11-07T20:32:52Z
REX,32.06,2025-11-07T20:58:00Z
REXR,41.83,2025-11-07T20:59:50Z
REYN,24.9,2025-11-07T20:59:54Z
REZ,83.69,2025-11-07T20:26:56Z
REZI,31.09,2025-11-07T20:59:53Z
RF,24.84,2025-11-07T20:59:55Z
RF-E,17.91,2025-11-07T16:08:13Z
RFG,51.73,2025-11-07T20:59:44Z
RFI,11.49,2025-11-07T20:15:53Z
RFIL,7.225,2025-11-07T19:59:00Z
RFIX,41.48,2025-11-07T20:46:45Z
RFL,1.29,2025-11-07T20:23:58Z
RFLR,27.55,2025-11-07T15:48:58Z
RFM,14.3,2025-11-07T20:23:36Z
RFMZ,12.98,2025-11-07T20:16:49Z
RGA,190.465,2025-11-07T20:59:58Z
RGC,12.72,2025-11-07T15:36:51Z
RGEN,142.68,2025-11-07T20:59:33Z
RGLD,175.9,2025-11-07T20:59:51Z
RGLO,28.37,2025-11-07T14:37:35Z
RGNX,11.215,2025-11-07T20:59:28Z
RGP,4.48,2025-11-07T20:59:56Z
RGR,33.965,2025-11-07T20:59:35Z
RGS,28.12,2025-11-07T19:40:03Z
RGT,12.435,2025-11-07T20:58:02Z
RGTI,33.765,2025-11-07T20:59:59Z
RGTIW,21.77,2025-11-07T20:31:11Z
RGTU,43.735,2025-11-07T19:32:55Z
RGTX,138.71,2025-11-07T20:54:30Z
RGTZ,17.04,2025-11-07T20:59:59Z
RH,162.205,2025-11-07T20:59:48Z
RHI,26.37,2025-11-07T20:59:53Z
RHLD,172.82,2025-11-07T20:47:03Z
RHP,93.75,2025-11-07T20:59:46Z
RICK,23.7,2025-11-07T20:54:57Z
RIET,9.345,2025-11-07T20:58:14Z
RIG,3.975,2025-11-07T20:59:58Z
RIGL,35.165,2025-11-07T20:59:18Z
RIGS,23.15,2025-11-07T18:04:29Z
RILY,5.355,2025-11-07T20:59:56Z
RILYG,17.73,2025-11-07T15:44:34Z
RILYK,24.13,2025-11-07T19:42:21Z
RILYT,12.48,2025-11-07T19:11:55Z
RIME,2.01,2025-11-07T17:53:44Z
RING,61.81,2025-11-07T20:57:16Z
RINT,27.88,2025-11-07T16:07:27Z
RIO,69.34,2025-11-07T20:59:58Z
RIOT,17.02,2025-11-07T20:59:59Z
RIOX,23.495,2025-11-07T20:54:13Z
RISN,29.28,2025-11-07T20:17:20Z
RITM,11.03,2025-11-07T20:59:58Z
RITM-C,24.56,2025-11-07T20:53:47Z
RITR,1.73,2025-11-07T20:38:57Z
RIV,11.465,2025-11-07T20:58:55Z
RIVN,15.25,2025-11-07T20:59:59Z
RJF,162.95,2025-11-07T20:59:45Z
RKDA,3.92,2025-11-07T17:22:07Z
RKLB,51.635,2025-11-07T20:59:59Z
RKLX,87.945,2025-11-07T20:58:42Z
RKT,16.17,2025-11-07T20:59:56Z
RL,324.68,2025-11-07T20:59:59Z
RLAY,6.05,2025-11-07T20:59:54Z
RLGT,6.09,2025-11-07T20:59:39Z
RLI,62.12,2025-11-07T20:59:49Z
RLJ,7.25,2025-11-07T20:59:57Z
RLMD,2.65,2025-11-07T20:58:56Z
RLTY,15.04,2025-11-07T14:47:38Z
RLX,2.32,2025-11-07T20:59:55Z
RLY,31.015,2025-11-07T20:52:14Z
RLYB,0.6253,2025-11-07T20:52:32Z
RM,37.46,2025-11-07T19:16:26Z
RMAX,7.505,2025-11-07T20:59:08Z
RMBI,13.42,2025-11-07T20:28:44Z
RMBS,107.58,2025-11-07T20:59:50Z
RMCF,1.64,2025-11-07T19:08:42Z
RMCO,3.26,2025-11-07T18:55:54Z
RMD,251.46,2025-11-07T20:59:44Z
RMI,14.47,2025-11-07T20:52:45Z
RMM,14,2025-11-07T20:54:04Z
RMMZ,15.105,2025-11-07T19:23:51Z
RMNI,3.91,2025-11-07T20:59:53Z
RMR,15.85,2025-11-07T20:59:59Z
RMSG,2,2025-11-07T17:47:06Z
RMT,10.14,2025-11-07T20:54:14Z
RMTI,0.9889,2025-11-07T20:59:49Z
RNA,69.815,2025-11-07T20:59:45Z
RNAC,7.91,2025-11-07T20:57:01Z
RNG,26.93,2025-11-07T20:59:52Z
RNGR,13.74,2025-11-07T20:59:55Z
RNIN,27.16,2025-11-07T20:57:36Z
RNP,20.91,2025-11-07T20:19:34Z
RNR,269.23,2025-11-07T20:59:49Z
RNR-F,23.26,2025-11-07T19:46:52Z
RNR-G,16.68,2025-11-07T19:00:05Z
RNST,34.625,2025-11-07T20:59:49Z
RNTX,1.6,2025-11-07T20:59:04Z
RNW,7.55,2025-11-07T20:59:57Z
RNXT,0.9201,2025-11-07T17:57:11Z
ROAD,111.215,2025-11-07T20:59:39Z
ROAM,28.96,2025-11-07T20:29:54Z
ROBN,82.345,2025-11-07T20:56:55Z
ROBO,67.955,2025-11-07T20:03:38Z
ROBT,52.88,2025-11-07T20:50:17Z
ROCK,61.595,2025-11-07T20:59:58Z
RODM,35.58,2025-11-07T14:42:46Z
ROG,83.91,2025-11-07T20:56:39Z
ROIV,20.645,2025-11-07T20:59:59Z
ROK,373.75,2025-11-07T20:59:51Z
ROKU,102.315,2025-11-07T20:59:55Z
ROL,58.6,2025-11-07T20:59:47Z
ROM,94.92,2025-11-07T20:03:08Z
ROMO,33.55,2025-11-07T16:40:16Z
ROOT,79.08,2025-11-07T20:59:35Z
ROP,447.07,2025-11-07T20:59:52Z
ROST,161.07,2025-11-07T20:59:46Z
RPAY,3.79,2025-11-07T20:59:58Z
RPD,14.19,2025-11-07T20:59:54Z
RPG,46.46,2025-11-07T20:59:02Z
RPGL,1.99,2025-11-07T20:50:24Z
RPID,3.08,2025-11-07T18:35:51Z
RPM,107.49,2025-11-07T20:59:47Z
RPRX,38.53,2025-11-07T20:59:55Z
RPT,2.44,2025-11-07T20:59:31Z
RPTX,1.7,2025-11-07T20:59:37Z
RPV,99.56,2025-11-07T20:57:36Z
RQI,12.01,2025-11-07T20:54:32Z
RR,3.75,2025-11-07T20:59:55Z
RRBI,65.91,2025-11-07T17:35:17Z
RRC,37.57,2025-11-07T20:59:52Z
RRGB,4.695,2025-11-07T20:59:44Z
RRR,57.835,2025-11-07T20:59:48Z
RRX,136.02,2025-11-07T20:59:39Z
RS,275.5,2025-11-07T20:59:48Z
RSDE,21.21,2025-11-07T18:33:33Z
RSF,14.695,2025-11-07T20:59:24Z
RSG,205.58,2025-11-07T20:59:51Z
RSI,17.25,2025-11-07T20:59:57Z
RSKD,4.79,2025-11-07T20:59:55Z
RSMV,26.72,2025-11-07T19:31:11Z
RSP,187.61,2025-11-07T20:59:59Z
RSPA,50.365,2025-11-07T20:38:45Z
RSPC,38.22,2025-11-07T19:29:29Z
RSPD,55.03,2025-11-07T20:59:11Z
RSPG,80.09,2025-11-07T20:38:24Z
RSPH,30.3,2025-11-07T20:49:45Z
RSPM,31.75,2025-11-07T19:47:46Z
RSPN,55.47,2025-11-07T20:26:50Z
RSPS,28.49,2025-11-07T18:46:13Z
RSPT,45.225,2025-11-07T20:56:50Z
RSPU,77.39,2025-11-07T17:17:33Z
RSSB,28.44,2025-11-07T20:54:19Z
RSSE,20.93,2025-11-07T20:41:17Z
RSSS,3.11,2025-11-07T20:42:38Z
RSST,27.12,2025-11-07T20:09:27Z
RSVR,7.35,2025-11-07T20:45:24Z
RTAC,10.91,2025-11-07T19:54:40Z
RTACW,1.36,2025-11-07T19:44:05Z
RTO,27.08,2025-11-07T20:59:54Z
RTX,176.95,2025-11-07T20:59:59Z
RUBI,0.3133,2025-11-07T20:59:55Z
RUM,5.895,2025-11-07T20:59:58Z
RUMBW,1.6,2025-11-07T16:11:22Z
RUN,17.105,2025-11-07T20:59:59Z
RUNN,33.04,2025-11-07T20:58:23Z
RUSHA,48.87,2025-11-07T20:59:50Z
RUSHB,50.47,2025-11-07T20:26:18Z
RVLV,21.4,2025-11-07T20:59:55Z
RVMD,61,2025-11-07T20:59:56Z
RVNL,37.81,2025-11-07T20:42:47Z
RVPH,0.5005,2025-11-07T20:56:31Z
RVSB,5.55,2025-11-07T20:35:12Z
RVSN,0.3873,2025-11-07T20:33:13Z
RVT,15.75,2025-11-07T20:58:37Z
RVTY,90.81,2025-11-07T20:59:55Z
RVYL,0.3001,2025-11-07T20:59:25Z
RWAY,9.895,2025-11-07T20:58:48Z
RWJ,47.39,2025-11-07T20:46:29Z
RWL,112,2025-11-07T20:59:49Z
RWM,16.85,2025-11-07T20:59:48Z
RWR,100.265,2025-11-07T20:59:49Z
RWT,5.185,2025-11-07T20:59:56Z
RWTO,25.05,2025-11-07T14:46:42Z
RWX,28.13,2025-11-07T20:59:34Z
RXD,10.42,2025-11-07T15:42:40Z
RXI,204.28,2025-11-07T20:59:43Z
RXO,12.465,2025-11-07T20:59:46Z
RXRX,4.63,2025-11-07T20:59:59Z
RXST,9.37,2025-11-07T20:59:55Z
RXT,1.25,2025-11-07T20:59:09Z
RY,145.43,2025-11-07T20:59:53Z
RYAAY,63.8,2025-11-07T20:59:46Z
RYAM,6.095,2025-11-07T20:59:56Z
RYAN,58.08,2025-11-07T20:59:52Z
RYDE,0.4676,2025-11-07T19:15:47Z
RYET,0.98,2025-11-07T16:28:41Z
RYI,20.49,2025-11-07T20:59:53Z
RYLD,15.31,2025-11-07T20:49:50Z
RYN,23.03,2025-11-07T20:59:56Z
RYOJ,4.62,2025-11-07T20:39:20Z
RYTM,100.235,2025-11-07T20:59:50Z
RZC,25.59,2025-11-07T18:07:51Z
RZLT,10.77,2025-11-07T20:59:55Z
RZLV,3.82,2025-11-07T20:59:58Z
RZV,113.83,2025-11-07T17:02:42Z
S,16.925,2025-11-07T20:59:59Z
SA,22.81,2025-11-07T20:59:56Z
SAA,24.195,2025-11-07T15:41:29Z
SABA,8.68,2025-11-07T20:10:57Z
SABR,1.875,2025-11-07T20:59:29Z
SABS,3.2,2025-11-07T20:59:49Z
SAFE,13.29,2025-11-07T20:59:58Z
SAFT,74.295,2025-11-07T20:25:50Z
SAFX,0.6368,2025-11-07T20:59:38Z
SAGT,2.27,2025-11-07T20:59:05Z
SAH,61.755,2025-11-07T20:59:44Z
SAIA,282.33,2025-11-07T20:59:54Z
SAIC,91.765,2025-11-07T20:59:48Z
SAIH,7.08,2025-11-07T20:14:11Z
SAIL,19.8,2025-11-07T20:59:54Z
SAM,200.175,2025-11-07T20:59:48Z
SAMG,13.69,2025-11-07T19:22:59Z
SAN,10.36,2025-11-07T20:59:58Z
SANA,4.09,2025-11-07T20:59:56Z
SANM,170.6,2025-11-07T20:58:39Z
SAP,251.93,2025-11-07T20:59:58Z
SAR,21.67,2025-11-07T20:59:43Z
SARK,30.14,2025-11-07T20:59:57Z
SARO,26.845,2025-11-07T20:59:56Z
SATL,1.645,2025-11-07T20:59:59Z
SATS,73.505,2025-11-07T20:59:53Z
SAVA,2.955,2025-11-07T20:59:50Z
SB,4.78,2025-11-07T20:59:29Z
SBAC,197.49,2025-11-07T20:59:40Z
SBAR,26.09,2025-11-07T20:54:11Z
SBB,14.24,2025-11-07T17:25:38Z
SBC,3.15,2025-11-07T20:50:03Z
SBCF,30.89,2025-11-07T20:59:43Z
SBET,11.97,2025-11-07T20:59:56Z
SBEV,1.1,2025-11-07T20:55:48Z
SBFG,20.71,2025-11-07T14:30:00Z
SBFM,1.71,2025-11-07T17:11:46Z
SBGI,16.405,2025-11-07T20:59:53Z
SBH,14,2025-11-07T20:59:54Z
SBIO,44.17,2025-11-07T20:43:20Z
SBIT,33.405,2025-11-07T20:59:54Z
SBLK,18.185,2025-11-07T20:59:40Z
SBLX,3.5,2025-11-07T20:58:58Z
SBND,18.92,2025-11-07T20:58:15Z
SBR,76.26,2025-11-07T20:04:58Z
SBRA,18.87,2025-11-07T20:59:54Z
SBS,25.71,2025-11-07T20:59:56Z
SBSI,28.75,2025-11-07T20:59:10Z
SBSW,10.68,2025-11-07T20:59:55Z
SBUX,85.605,2025-11-07T20:59:54Z
SBXD,10.535,2025-11-07T15:31:00Z
SCAG,1.82,2025-11-07T20:59:50Z
SCC,14.92,2025-11-07T20:26:46Z
SCCE,22.87,2025-11-07T16:56:51Z
SCCO,136.65,2025-11-07T20:59:54Z
SCCR,25.895,2025-11-07T20:55:00Z
SCD,14.59,2025-11-07T20:59:59Z
SCE-J,23.935,2025-11-07T20:12:27Z
SCE-M,23.605,2025-11-07T18:35:20Z
SCE-N,22.15,2025-11-07T14:48:30Z
SCEC,25.46,2025-11-07T19:26:45Z
SCHA,27.73,2025-11-07T20:59:35Z
SCHB,25.82,2025-11-07T20:56:07Z
SCHC,44.41,2025-11-07T20:28:01Z
SCHD,26.72,2025-11-07T20:58:26Z
SCHE,33.615,2025-11-07T20:59:58Z
SCHF,23.645,2025-11-07T20:59:49Z
SCHG,32.36,2025-11-07T20:59:07Z
SCHH,21.375,2025-11-07T20:59:58Z
SCHI,22.965,2025-11-07T20:59:57Z
SCHJ,24.865,2025-11-07T20:59:52Z
SCHK,32.31,2025-11-07T20:59:09Z
SCHL,27.705,2025-11-07T20:59:44Z
SCHM,29.46,2025-11-07T20:59:42Z
SCHO,24.37,2025-11-07T17:57:47Z
SCHP,26.82,2025-11-07T20:32:37Z
SCHQ,32.35,2025-11-07T20:59:21Z
SCHR,25.145,2025-11-07T20:55:05Z
SCHV,28.945,2025-11-07T20:59:46Z
SCHW,95.23,2025-11-07T20:59:53Z
SCHW-D,25.07,2025-11-07T17:41:35Z
SCHW-J,19.81,2025-11-07T20:53:38Z
SCHX,26.53,2025-11-07T20:59:49Z
SCHY,28.63,2025-11-07T20:59:43Z
SCHZ,23.445,2025-11-07T20:59:46Z
SCI,80.59,2025-11-07T20:59:52Z
SCIO,20.815,2025-11-07T20:30:58Z
SCJ,91.13,2025-11-07T20:28:45Z
SCL,43.21,2025-11-07T20:41:12Z
SCLX,18.75,2025-11-07T20:46:50Z
SCM,11.79,2025-11-07T20:59:57Z
SCMB,25.8,2025-11-07T20:59:48Z
SCNI,1.04,2025-11-07T20:39:54Z
SCNX,0.73,2025-11-07T20:57:13Z
SCO,18.295,2025-11-07T20:59:46Z
SCOR,7.78,2025-11-07T20:40:47Z
SCS,15.76,2025-11-07T20:59:56Z
SCSC,40.23,2025-11-07T20:43:00Z
SCUS,25.185,2025-11-07T20:59:46Z
SCVL,17.4,2025-11-07T20:59:40Z
SCWO,0.3971,2025-11-07T20:50:22Z
SCYB,26.37,2025-11-07T20:59:59Z
SCYX,0.6035,2025-11-07T20:59:09Z
SCZ,75.545,2025-11-07T20:59:48Z
SD,12.58,2025-11-07T20:59:42Z
SDA,1.86,2025-11-07T17:08:53Z
SDCI,22.995,2025-11-07T18:25:14Z
SDGR,17.75,2025-11-07T20:59:51Z
SDHC,17.305,2025-11-07T20:59:44Z
SDHI,10.28,2025-11-07T16:56:33Z
SDHIR,0.27,2025-11-07T14:31:52Z
SDHY,16.35,2025-11-07T20:03:24Z
SDIV,23.905,2025-11-07T20:59:45Z
SDOG,58.91,2025-11-07T20:49:06Z
SDOT,4.66,2025-11-07T16:18:01Z
SDOW,34.68,2025-11-07T20:59:27Z
SDRL,28.485,2025-11-07T20:59:49Z
SDS,14.34,2025-11-07T20:59:58Z
SDSI,51.61,2025-11-07T17:12:33Z
SDST,4.19,2025-11-07T20:53:13Z
SDVD,21.33,2025-11-07T20:59:50Z
SDVY,37.715,2025-11-07T20:58:55Z
SDY,137.27,2025-11-07T20:59:50Z
SE,149.97,2025-11-07T20:59:59Z
SEAT,10.515,2025-11-07T20:59:47Z
SECT,62.93,2025-11-07T20:57:39Z
SEDG,39.96,2025-11-07T20:59:56Z
SEE,36.64,2025-11-07T20:59:57Z
SEEM,30.59,2025-11-07T19:27:19Z
SEER,2.1,2025-11-07T20:59:50Z
SEF,32.29,2025-11-07T18:47:15Z
SEG,23.23,2025-11-07T20:59:18Z
SEGG,2.71,2025-11-07T20:59:41Z
SEI,50.715,2025-11-07T20:59:54Z
SEIC,82.92,2025-11-07T20:59:51Z
SEIE,30.935,2025-11-07T20:43:40Z
SEIM,45.12,2025-11-07T19:46:16Z
SEIS,26.72,2025-11-07T17:40:10Z
SEIV,39.7,2025-11-07T19:55:57Z
SEIX,23.465,2025-11-07T20:59:46Z
SELF,4.96,2025-11-07T20:53:41Z
SEM,13.32,2025-11-07T20:59:59Z
SEMG,26.43,2025-11-07T14:59:15Z
SEMR,7.24,2025-11-07T20:59:56Z
SENEA,104.25,2025-11-07T15:16:40Z
SENS,6.005,2025-11-07T20:59:05Z
SEPI,25.76,2025-11-07T18:47:18Z
SEPN,18.5,2025-11-07T20:55:00Z
SEPT,34.48,2025-11-07T20:59:07Z
SEPW,31.41,2025-11-07T20:58:59Z
SEPZ,42.5,2025-11-07T20:48:03Z
SERA,2.515,2025-11-07T20:56:12Z
SERV,10.7,2025-11-07T20:59:56Z
SES,2.55,2025-11-07T20:59:49Z
SES+,0.41,2025-11-07T19:49:09Z
SETH,9.485,2025-11-07T20:58:42Z
SETM,23.955,2025-11-07T16:18:10Z
SEV,7.475,2025-11-07T20:46:10Z
SEVN,9,2025-11-07T20:51:50Z
SEZL,59.25,2025-11-07T20:59:50Z
SF,121.69,2025-11-07T20:59:38Z
SF-B,24.49,2025-11-07T15:26:00Z
SFB,21.43,2025-11-07T20:55:34Z
SFBC,45.185,2025-11-07T15:52:43Z
SFBS,71.72,2025-11-07T20:59:27Z
SFD,21.83,2025-11-07T20:59:54Z
SFGV,30.73,2025-11-07T16:25:39Z
SFIX,4.21,2025-11-07T20:59:58Z
SFL,7.6,2025-11-07T20:59:56Z
SFLO,28.3,2025-11-07T20:29:19Z
SFLR,36.265,2025-11-07T20:55:35Z
SFM,78.805,2025-11-07T20:59:52Z
SFNC,17.92,2025-11-07T20:59:59Z
SFST,45.79,2025-11-07T20:24:16Z
SFTY,27.24,2025-11-07T16:18:49Z
SFY,130.39,2025-11-07T20:50:00Z
SFYF,54.25,2025-11-07T16:34:07Z
SFYX,15.84,2025-11-07T20:44:54Z
SG,5.785,2025-11-07T20:59:57Z
SGBX,2.03,2025-11-07T20:31:28Z
SGC,9.35,2025-11-07T20:29:58Z
SGD,0.94,2025-11-07T14:52:27Z
SGDJ,71.07,2025-11-07T20:44:04Z
SGDM,58.765,2025-11-07T20:45:06Z
SGHC,11.51,2025-11-07T20:59:58Z
SGHT,5.79,2025-11-07T20:59:44Z
SGI,91.245,2025-11-07T20:59:55Z
SGLC,36.92,2025-11-07T20:50:10Z
SGML,5.32,2025-11-07T20:59:59Z
SGMO,0.4721,2025-11-07T20:59:55Z
SGMT,7.53,2025-11-07T20:59:58Z
SGN,1.33,2025-11-07T20:59:10Z
SGOL,38.15,2025-11-07T20:56:07Z
SGOV,100.46,2025-11-07T20:59:51Z
SGRT,24.13,2025-11-07T19:22:42Z
SGRY,21.51,2025-11-07T20:59:51Z
SGU,11.68,2025-11-07T20:59:50Z
SGVT,100.5,2025-11-07T20:47:17Z
SH,36.93,2025-11-07T20:59:09Z
SHAK,90.99,2025-11-07T20:59:44Z
SHBI,15.92,2025-11-07T20:29:22Z
SHC,15.695,2025-11-07T20:59:59Z
SHCO,8.89,2025-11-07T20:59:30Z
SHDG,31.8,2025-11-07T20:59:46Z
SHEL,75.59,2025-11-07T20:59:55Z
SHEN,10.89,2025-11-07T20:59:28Z
SHFS,2.32,2025-11-07T18:36:56Z
SHG,53.25,2025-11-07T20:58:25Z
SHIP,8.62,2025-11-07T20:59:47Z
SHLD,65.6,2025-11-07T20:59:59Z
SHLS,9.09,2025-11-07T20:59:59Z
SHM,47.925,2025-11-07T20:35:27Z
SHMD,5.04,2025-11-07T20:57:32Z
SHO,9.45,2025-11-07T20:59:58Z
SHO-I,19.655,2025-11-07T19:14:29Z
SHOC,65.58,2025-11-07T14:39:11Z
SHOO,38.2,2025-11-07T20:59:44Z
SHOP,152.26,2025-11-07T20:59:50Z
SHPD,19.25,2025-11-07T20:58:42Z
SHPH,2.42,2025-11-07T19:58:20Z
SHPU,30.35,2025-11-07T17:35:20Z
SHRY,41.14,2025-11-07T20:43:07Z
SHV,110.22,2025-11-07T20:59:10Z
SHW,340.19,2025-11-07T20:59:51Z
SHY,82.83,2025-11-07T20:59:47Z
SHYD,22.8,2025-11-07T18:42:25Z
SHYG,42.76,2025-11-07T20:59:50Z
SHYM,22.31,2025-11-07T19:30:00Z
SI,11.08,2025-11-07T20:56:29Z
SIBN,15.78,2025-11-07T20:59:48Z
SID,1.56,2025-11-07T20:59:50Z
SIDU,0.9813,2025-11-07T20:58:36Z
SIEB,2.66,2025-11-07T20:45:18Z
SIFY,10.785,2025-11-07T18:32:49Z
SIG,100.31,2025-11-07T20:59:54Z
SIGA,6.55,2025-11-07T20:59:55Z
SIGI,78.22,2025-11-07T20:59:00Z
SIHY,45.68,2025-11-07T14:49:20Z
SII,90.13,2025-11-07T20:59:50Z
SIJ,12,2025-11-07T16:22:50Z
SIL,64.78,2025-11-07T20:59:48Z
SILA,23.14,2025-11-07T20:59:02Z
SILJ,21.74,2025-11-07T20:59:56Z
SILO,0.4564,2025-11-07T16:59:37Z
SIMO,93.77,2025-11-07T20:59:44Z
SIMS,44.49,2025-11-07T17:13:58Z
SINT,3.23,2025-11-07T17:57:37Z
SIO,26.39,2025-11-07T18:03:11Z
SION,34.76,2025-11-07T20:59:18Z
SIRI,21.72,2025-11-07T20:59:58Z
SITC,7.285,2025-11-07T20:59:58Z
SITE,122.88,2025-11-07T20:59:54Z
SITM,327.095,2025-11-07T20:59:45Z
SIVR,46.11,2025-11-07T20:59:04Z
SIXA,48.28,2025-11-07T17:41:27Z
SIXD,28.54,2025-11-07T20:06:05Z
SIXF,31.065,2025-11-07T17:15:16Z
SIXG,65.12,2025-11-07T19:47:46Z
SIXO,33.88,2025-11-07T16:45:47Z
SIXP,30.905,2025-11-07T20:57:44Z
SIXZ,28.92,2025-11-07T17:55:00Z
SIZE,157.625,2025-11-07T16:58:15Z
SJB,15.5,2025-11-07T20:58:53Z
SJM,107.05,2025-11-07T20:59:53Z
SJNK,25.28,2025-11-07T20:59:58Z
SJT,6,2025-11-07T20:59:36Z
SKBL,3.88,2025-11-07T20:59:33Z
SKE,16.4,2025-11-07T20:59:54Z
SKIL,11.35,2025-11-07T19:51:33Z
SKIN,1.4,2025-11-07T20:59:51Z
SKK,0.3516,2025-11-07T17:55:21Z
SKLZ,6.205,2025-11-07T20:56:22Z
SKM,20.085,2025-11-07T20:59:56Z
SKOR,49.09,2025-11-07T18:50:26Z
SKRE,10.73,2025-11-07T20:29:00Z
SKT,34.455,2025-11-07T20:59:52Z
SKWD,47.44,2025-11-07T20:59:18Z
SKY,82.93,2025-11-07T20:59:58Z
SKYE,1.55,2025-11-07T20:59:59Z
SKYH,9.59,2025-11-07T20:59:36Z
SKYQ,0.394,2025-11-07T16:43:16Z
SKYT,17.97,2025-11-07T20:59:56Z
SKYW,98.66,2025-11-07T20:56:29Z
SKYX,1.52,2025-11-07T20:59:58Z
SKYY,137.04,2025-11-07T20:59:56Z
SLAB,126.4,2025-11-07T20:59:55Z
SLAI,1.91,2025-11-07T19:41:00Z
SLB,36.68,2025-11-07T20:59:58Z
SLDB,4.06,2025-11-07T20:59:52Z
SLDE,16.59,2025-11-07T20:59:55Z
SLDP,6.86,2025-11-07T20:59:58Z
SLDPW,1.69,2025-11-07T20:57:00Z
SLE,1.17,2025-11-07T20:59:46Z
SLF,58.52,2025-11-07T20:59:46Z
SLG,52.21,2025-11-07T20:59:50Z
SLGB,1.99,2025-11-07T16:09:30Z
SLGN,38.2,2025-11-07T20:59:51Z
SLI,3.35,2025-11-07T20:59:50Z
SLJY,26.6,2025-11-07T19:03:35Z
SLM,26.76,2025-11-07T20:59:58Z
SLMT,7.71,2025-11-07T20:59:52Z
SLN,6.65,2025-11-07T20:45:52Z
SLND,4.47,2025-11-07T20:46:58Z
SLND+,0.2304,2025-11-07T20:59:56Z
SLNH,2.605,2025-11-07T20:59:55Z
SLNO,47.7,2025-11-07T20:59:56Z
SLON,27.7,2025-11-07T19:47:46Z
SLP,17.15,2025-11-07T20:57:45Z
SLQD,50.68,2025-11-07T20:59:51Z
SLQT,1.74,2025-11-07T20:59:59Z
SLRC,15.31,2025-11-07T20:59:57Z
SLRX,2.41,2025-11-07T20:37:02Z
SLS,1.585,2025-11-07T20:59:55Z
SLSN,3.03,2025-11-07T14:42:46Z
SLSR,7.02,2025-11-07T20:59:34Z
SLTY,38.635,2025-11-07T18:28:53Z
SLV,43.91,2025-11-07T20:59:54Z
SLVM,43.09,2025-11-07T20:59:51Z
SLVO,91.45,2025-11-07T18:28:03Z
SLVP,25.625,2025-11-07T16:35:58Z
SLVR,40.54,2025-11-07T20:48:12Z
SLX,78.14,2025-11-07T20:08:21Z
SLXN,2.73,2025-11-07T15:48:29Z
SLYG,93.06,2025-11-07T20:58:45Z
SLYV,88.52,2025-11-07T20:59:49Z
SM,18.3,2025-11-07T20:59:58Z
SMA,34.135,2025-11-07T20:59:58Z
SMAX,26.84,2025-11-07T16:22:37Z
SMAY,25.25,2025-11-07T18:04:41Z
SMB,17.315,2025-11-07T20:57:03Z
SMBC,53.37,2025-11-07T20:50:12Z
SMBK,35.565,2025-11-07T15:22:34Z
SMBS,25.725,2025-11-07T20:59:33Z
SMC,21.2,2025-11-07T20:57:39Z
SMCC,12.4,2025-11-07T18:14:56Z
SMCI,39.78,2025-11-07T20:59:59Z
SMCL,9.05,2025-11-07T20:59:43Z
SMCX,23.88,2025-11-07T20:59:28Z
SMCY,11.44,2025-11-07T20:59:52Z
SMCZ,4.71,2025-11-07T20:59:47Z
SMDD,13.52,2025-11-07T20:17:28Z
SMDV,65.43,2025-11-07T20:50:10Z
SMFG,16.28,2025-11-07T20:59:56Z
SMG,56.45,2025-11-07T20:59:46Z
SMH,348.06,2025-11-07T20:59:59Z
SMHB,3.85,2025-11-07T20:29:40Z
SMHI,6.8,2025-11-07T20:50:11Z
SMHX,38.59,2025-11-07T20:07:36Z
SMIG,28.355,2025-11-07T20:59:48Z
SMIN,72.78,2025-11-07T20:55:26Z
SMLF,73.6,2025-11-07T20:15:15Z
SMLR,27.54,2025-11-07T20:51:23Z
SMMD,73.2,2025-11-07T20:55:01Z
SMMT,18.17,2025-11-07T20:59:55Z
SMMU,50.41,2025-11-07T20:59:46Z
SMOT,35.45,2025-11-07T20:36:47Z
SMP,38.29,2025-11-07T20:45:56Z
SMPL,20,2025-11-07T20:59:50Z
SMR,30.36,2025-11-07T20:59:48Z
SMRT,1.45,2025-11-07T20:59:51Z
SMSI,0.6361,2025-11-07T20:56:58Z
SMST,44.42,2025-11-07T20:57:55Z
SMTC,71.87,2025-11-07T20:59:41Z
SMTH,26.185,2025-11-07T20:41:31Z
SMTI,27.95,2025-11-07T20:59:05Z
SMTK,1.7,2025-11-07T20:51:34Z
SMU,11.305,2025-11-07T20:59:23Z
SMUP,5.97,2025-11-07T20:54:19Z
SMWB,8.4,2025-11-07T20:59:46Z
SMX,1.715,2025-11-07T20:59:50Z
SMXT,0.9929,2025-11-07T20:55:16Z
SN,92.43,2025-11-07T20:59:54Z
SNA,343.665,2025-11-07T20:59:50Z
SNAP,8.205,2025-11-07T20:59:58Z
SNAV,34.33,2025-11-07T19:59:29Z
SNBR,4.605,2025-11-07T20:59:35Z
SNCR,5.18,2025-11-07T20:59:35Z
SNCY,12.51,2025-11-07T20:59:59Z
SND,2.1,2025-11-07T20:35:26Z
SNDA,31.985,2025-11-07T20:18:15Z
SNDK,239.49,2025-11-07T20:59:57Z
SNDL,1.78,2025-11-07T20:59:59Z
SNDR,22.765,2025-11-07T20:59:47Z
SNDX,15.04,2025-11-07T20:59:50Z
SNES,3.355,2025-11-07T20:52:45Z
SNEX,89.13,2025-11-07T20:57:53Z
SNFCA,8.01,2025-11-07T18:19:38Z
SNGX,1.375,2025-11-07T20:59:45Z
SNN,33.23,2025-11-07T20:59:54Z
SNOA,3.6,2025-11-07T16:58:19Z
SNOU,64.36,2025-11-07T16:11:18Z
SNOW,262.98,2025-11-07T20:59:48Z
SNOY,15.04,2025-11-07T16:00:56Z
SNPE,60.78,2025-11-07T20:59:58Z
SNPS,393.3,2025-11-07T20:59:54Z
SNSE,8.98,2025-11-07T17:00:01Z
SNT,4.62,2025-11-07T18:42:56Z
SNTH,30.7,2025-11-07T19:48:54Z
SNTI,1.92,2025-11-07T20:38:47Z
SNV,45.455,2025-11-07T20:59:43Z
SNWV,30.98,2025-11-07T20:48:10Z
SNX,151.51,2025-11-07T20:59:52Z
SNY,49.64,2025-11-07T20:59:55Z
SNYR,2.2,2025-11-07T17:20:34Z
SO,91.42,2025-11-07T20:59:53Z
SOAR,1.41,2025-11-07T20:59:50Z
SOBO,25.97,2025-11-07T20:59:53Z
SOBR,2.7,2025-11-07T14:30:29Z
SOC,5.32,2025-11-07T20:59:58Z
SOCA,10.14,2025-11-07T20:58:51Z
SOCL,55.42,2025-11-07T19:42:01Z
SOFI,28.235,2025-11-07T20:59:59Z
SOFX,40.43,2025-11-07T20:56:00Z
SOGP,12.68,2025-11-07T20:04:01Z
SOHO,2.155,2025-11-07T20:12:11Z
SOHU,14.79,2025-11-07T20:12:30Z
SOJC,22.56,2025-11-07T20:50:26Z
SOJD,20.63,2025-11-07T20:59:56Z
SOJE,18.44,2025-11-07T20:59:58Z
SOJF,25.895,2025-11-07T18:02:33Z
SOL,1.86,2025-11-07T20:59:45Z
SOLS,47.45,2025-11-07T20:59:55Z
SOLT,12.45,2025-11-07T20:59:55Z
SOLV,71.57,2025-11-07T20:59:39Z
SOLZ,17,2025-11-07T20:59:54Z
SON,40.68,2025-11-07T20:59:57Z
SOND,0.51,2025-11-07T20:50:58Z
SONM,11.52,2025-11-07T19:47:22Z
SONN,4.83,2025-11-07T20:55:39Z
SONO,16.28,2025-11-07T20:59:50Z
SONY,27.71,2025-11-07T20:59:58Z
SOPA,1.765,2025-11-07T20:55:40Z
SOPH,4.39,2025-11-07T20:50:37Z
SOS,1.48,2025-11-07T16:17:28Z
SOUL^,0.22,2025-11-07T15:32:58Z
SOUN,14.17,2025-11-07T20:59:59Z
SOUNW,6.26,2025-11-07T19:12:27Z
SOUX,29.49,2025-11-07T20:59:59Z
SOWG,0.595,2025-11-07T19:56:02Z
SOXL,41.735,2025-11-07T20:59:58Z
SOXQ,54.69,2025-11-07T20:59:54Z
SOXS,3.695,2025-11-07T20:59:57Z
SOXX,294.38,2025-11-07T20:59:56Z
SOXY,58.48,2025-11-07T19:57:59Z
SOYB,23.15,2025-11-07T20:14:47Z
SPAB,25.85,2025-11-07T20:59:59Z
SPAI,5.345,2025-11-07T20:58:05Z
SPB,54.085,2025-11-07T20:59:38Z
SPBO,29.435,2025-11-07T20:59:55Z
SPBU,27.61,2025-11-07T18:24:55Z
SPC,21.98,2025-11-07T14:49:43Z
SPCB,10.795,2025-11-07T20:42:59Z
SPCE,3.58,2025-11-07T20:59:44Z
SPCY,22.84,2025-11-07T16:11:42Z
SPD,39.38,2025-11-07T20:55:30Z
SPDN,9.61,2025-11-07T20:59:54Z
SPDW,43.23,2025-11-07T20:58:44Z
SPE,15.22,2025-11-07T17:19:08Z
SPEM,47.245,2025-11-07T20:59:58Z
SPEU,49.575,2025-11-07T17:54:40Z
SPFF,9.14,2025-11-07T20:59:40Z
SPFI,36.56,2025-11-07T17:45:15Z
SPG,183.62,2025-11-07T20:59:52Z
SPGI,496.18,2025-11-07T20:59:47Z
SPGM,75.625,2025-11-07T20:55:04Z
SPGP,111.04,2025-11-07T20:51:46Z
SPH,18.265,2025-11-07T20:59:50Z
SPHB,112.44,2025-11-07T20:59:58Z
SPHD,47.785,2025-11-07T20:59:07Z
SPHL,0.513,2025-11-07T17:05:55Z
SPHQ,73.44,2025-11-07T20:58:26Z
SPHR,77.115,2025-11-07T20:59:52Z
SPHY,23.63,2025-11-07T20:59:46Z
SPIB,33.78,2025-11-07T20:59:45Z
SPIP,26.225,2025-11-07T20:55:07Z
SPIR,8.9,2025-11-07T20:59:50Z
SPIT,26.95,2025-11-07T14:30:00Z
SPLB,22.84,2025-11-07T20:59:44Z
SPLV,71.425,2025-11-07T20:59:52Z
SPMB,22.505,2025-11-07T20:59:49Z
SPMD,56.88,2025-11-07T20:59:52Z
SPMO,118.525,2025-11-07T20:59:57Z
SPNS,43.15,2025-11-07T20:59:57Z
SPNT,19.8,2025-11-07T20:59:44Z
SPOK,13.44,2025-11-07T20:59:39Z
SPOT,617.145,2025-11-07T20:59:55Z
SPPL,5.17,2025-11-07T20:23:30Z
SPPP,13.63,2025-11-07T20:59:31Z
SPR,35.62,2025-11-07T20:59:50Z
SPRB,121.72,2025-11-07T18:05:50Z
SPRC,2.69,2025-11-07T19:54:49Z
SPRE,19.335,2025-11-07T19:00:06Z
SPRO,2.455,2025-11-07T20:59:55Z
SPRU,2.7,2025-11-07T20:54:09Z
SPRX,40.41,2025-11-07T20:41:50Z
SPRY,8.84,2025-11-07T20:59:51Z
SPSB,30.185,2025-11-07T20:59:45Z
SPSC,82.12,2025-11-07T20:59:46Z
SPSK,18.54,2025-11-07T15:12:34Z
SPSM,45.975,2025-11-07T20:59:58Z
SPT,10,2025-11-07T20:59:52Z
SPTE,34.53,2025-11-07T16:07:28Z
SPTI,28.92,2025-11-07T20:59:00Z
SPTL,27.015,2025-11-07T20:59:44Z
SPTM,81.145,2025-11-07T20:59:46Z
SPTS,29.28,2025-11-07T20:58:12Z
SPUC,48.9,2025-11-07T14:30:33Z
SPUS,50.18,2025-11-07T20:59:48Z
SPUU,180.02,2025-11-07T19:47:46Z
SPWH,2.025,2025-11-07T20:59:47Z
SPWR,1.635,2025-11-07T20:59:43Z
SPXC,222.56,2025-11-07T20:59:46Z
SPXD,25.36,2025-11-07T20:55:10Z
SPXL,212.88,2025-11-07T20:59:41Z
SPXS,37.39,2025-11-07T20:59:55Z
SPXT,100.19,2025-11-07T16:11:27Z
SPXU,13.29,2025-11-07T20:59:58Z
SPXX,17.36,2025-11-07T20:54:40Z
SPY,670.92,2025-11-07T20:59:59Z
SPYC,42.23,2025-11-07T18:03:40Z
SPYD,42.745,2025-11-07T20:59:46Z
SPYG,105.26,2025-11-07T20:59:54Z
SPYH,54.23,2025-11-07T17:57:16Z
SPYI,52.16,2025-11-07T20:59:48Z
SPYM,78.94,2025-11-07T20:59:58Z
SPYT,17.84,2025-11-07T20:50:24Z
SPYU,53.5,2025-11-07T20:59:59Z
SPYV,55.72,2025-11-07T20:59:46Z
SPYX,55.055,2025-11-07T19:39:56Z
SQFT,5.18,2025-11-07T15:28:51Z
SQM,48.84,2025-11-07T20:59:58Z
SQNS,6.28,2025-11-07T20:59:40Z
SQQQ,14.43,2025-11-07T20:59:59Z
SR,89.66,2025-11-07T20:59:25Z
SRAD,22.965,2025-11-07T20:59:57Z
SRBK,15.01,2025-11-07T20:59:41Z
SRCE,60.475,2025-11-07T20:54:24Z
SRDX,26.785,2025-11-07T20:58:57Z
SRE,93.72,2025-11-07T20:59:49Z
SREA,22.315,2025-11-07T17:14:18Z
SRET,21.68,2025-11-07T15:39:42Z
SRFM,3.32,2025-11-07T20:59:19Z
SRG,4.04,2025-11-07T20:58:50Z
SRG-A,23.5,2025-11-07T19:44:34Z
SRI,6.17,2025-11-07T20:59:51Z
SRLN,41.25,2025-11-07T20:59:57Z
SRPT,17.63,2025-11-07T20:59:55Z
SRPU,10.91,2025-11-07T20:55:00Z
SRRK,28.99,2025-11-07T20:59:50Z
SRS,48.9,2025-11-07T18:07:31Z
SRTA,4.43,2025-11-07T20:59:43Z
SRTS,4.2,2025-11-07T20:58:45Z
SRTY,11.66,2025-11-07T20:59:58Z
SRV,41.3,2025-11-07T20:59:13Z
SRVR,30.36,2025-11-07T19:53:44Z
SRXH,0.2339,2025-11-07T20:49:14Z
SSB,87.825,2025-11-07T20:59:56Z
SSD,170.475,2025-11-07T20:59:04Z
SSFI,21.72,2025-11-07T18:25:10Z
SSG,8.11,2025-11-07T20:59:59Z
SSII,6.86,2025-11-07T20:56:52Z
SSK,25.12,2025-11-07T20:56:10Z
SSKN,1.63,2025-11-07T20:59:09Z
SSL,6.73,2025-11-07T20:59:50Z
SSNC,84.23,2025-11-07T20:59:56Z
SSO,112.885,2025-11-07T20:59:58Z
SSP,2.55,2025-11-07T20:59:55Z
SSRM,19.94,2025-11-07T20:59:56Z
SSSS,9.84,2025-11-07T20:58:03Z
SSTI,7.915,2025-11-07T20:34:04Z
SSTK,21.4,2025-11-07T20:59:28Z
SSYS,9.495,2025-11-07T20:59:22Z
ST,31.04,2025-11-07T20:59:58Z
STAA,26.55,2025-11-07T20:59:50Z
STAG,38.995,2025-11-07T20:59:49Z
STAI,0.424,2025-11-07T20:54:28Z
STAK,0.5921,2025-11-07T20:59:45Z
STBA,38.21,2025-11-07T20:59:44Z
STBF,25.45,2025-11-07T20:59:45Z
STC,71.3,2025-11-07T20:59:51Z
STCE,84.38,2025-11-07T18:05:21Z
STE,263.78,2025-11-07T20:59:36Z
STEC,0.92,2025-11-07T16:13:00Z
STEL,30.09,2025-11-07T20:57:25Z
STEM,18.36,2025-11-07T20:30:33Z
STEN,24.98,2025-11-07T18:47:17Z
STEP,61.14,2025-11-07T20:59:52Z
STEW,17.615,2025-11-07T17:06:51Z
STEX,4.49,2025-11-07T20:59:58Z
STFS,0.1754,2025-11-07T20:52:15Z
STGW,4.815,2025-11-07T20:59:56Z
STHO,7.25,2025-11-07T20:51:36Z
STI,11.17,2025-11-07T19:49:20Z
STIM,2.265,2025-11-07T20:59:56Z
STIP,102.875,2025-11-07T20:59:49Z
STK,38.155,2025-11-07T18:09:00Z
STKE,2.985,2025-11-07T20:32:01Z
STKH,2.34,2025-11-07T15:52:47Z
STKL,3.97,2025-11-07T20:59:56Z
STKS,1.87,2025-11-07T20:55:11Z
STLA,10.25,2025-11-07T20:59:56Z
STLD,151.87,2025-11-07T20:59:55Z
STM,23.53,2025-11-07T20:59:58Z
STN,108,2025-11-07T20:59:55Z
STNE,16.825,2025-11-07T20:59:58Z
STNG,63.91,2025-11-07T20:59:36Z
STOK,22.88,2025-11-07T20:59:45Z
STOT,47.37,2025-11-07T20:57:51Z
STPZ,53.89,2025-11-07T17:43:03Z
STRA,75.86,2025-11-07T20:59:32Z
STRC,99.35,2025-11-07T20:59:49Z
STRD,75.6,2025-11-07T20:39:17Z
STRF,110.065,2025-11-07T20:57:35Z
STRK,88,2025-11-07T20:50:48Z
STRL,377.88,2025-11-07T20:59:26Z
STRO,0.808,2025-11-07T20:03:52Z
STRR,9.56,2025-11-07T17:12:56Z
STRRP,9.81,2025-11-07T20:46:14Z
STRV,43.38,2025-11-07T20:55:23Z
STRW,11.835,2025-11-07T19:34:05Z
STRZ,10.345,2025-11-07T20:56:00Z
STSS,3.84,2025-11-07T20:53:34Z
STT,118.275,2025-11-07T20:59:41Z
STT-G,22.72,2025-11-07T20:54:44Z
STTK,1.99,2025-11-07T20:59:54Z
STUB,19.465,2025-11-07T20:59:57Z
STVN,23.83,2025-11-07T20:54:01Z
STWD,18.4,2025-11-07T20:59:53Z
STX,279.32,2025-11-07T20:59:53Z
STXK,32.43,2025-11-07T18:32:45Z
STXS,2.71,2025-11-07T20:59:56Z
STXT,20.25,2025-11-07T19:01:39Z
STZ,127.65,2025-11-07T20:59:56Z
SU,42.605,2025-11-07T20:59:58Z
SUB,106.41,2025-11-07T20:57:38Z
SUI,126.64,2025-11-07T20:59:49Z
SUIG,2.75,2025-11-07T20:59:50Z
SUN,50.775,2025-11-07T20:59:53Z
SUNC,49.22,2025-11-07T20:59:41Z
SUNE,1.265,2025-11-07T19:36:29Z
SUNS,9.33,2025-11-07T20:59:50Z
SUPN,46.02,2025-11-07T20:59:45Z
SUPV,11.83,2025-11-07T20:59:46Z
SUPX,46.97,2025-11-07T20:55:40Z
SURG,2.43,2025-11-07T20:57:24Z
SUSA,137.095,2025-11-07T20:59:51Z
SUSB,25.23,2025-11-07T19:43:36Z
SUSC,23.445,2025-11-07T20:50:53Z
SUUN,1.58,2025-11-07T20:57:33Z
SUZ,8.91,2025-11-07T20:59:59Z
SVAL,33.01,2025-11-07T20:55:32Z
SVC,2.005,2025-11-07T20:59:55Z
SVCO,4.95,2025-11-07T20:59:54Z
SVIX,19.23,2025-11-07T20:59:50Z
SVM,6.31,2025-11-07T20:59:48Z
SVOL,17.38,2025-11-07T20:59:17Z
SVRA,3.945,2025-11-07T20:59:54Z
SVRE,1.11,2025-11-07T16:19:29Z
SVV,8.23,2025-11-07T20:59:41Z
SVXY,48.905,2025-11-07T20:59:57Z
SW,35.815,2025-11-07T20:59:53Z
SWAG,2.1,2025-11-07T20:57:04Z
SWAN,32.42,2025-11-07T20:49:49Z
SWBI,8.62,2025-11-07T20:59:54Z
SWIM,6.825,2025-11-07T20:59:55Z
SWK,68.26,2025-11-07T20:59:58Z
SWKS,69.6,2025-11-07T20:59:59Z
SWX,79.82,2025-11-07T20:59:37Z
SWZ,6.02,2025-11-07T17:39:07Z
SXC,6.78,2025-11-07T20:59:56Z
SXI,234.42,2025-11-07T17:21:59Z
SXT,93.115,2025-11-07T20:58:47Z
SXTC,1.36,2025-11-07T15:26:58Z
SXTP,1.185,2025-11-07T18:54:55Z
SY,4.465,2025-11-07T20:59:49Z
SYBT,66.92,2025-11-07T20:58:58Z
SYF,73.135,2025-11-07T20:59:47Z
SYFI,35.745,2025-11-07T20:59:47Z
SYK,355.84,2025-11-07T20:59:43Z
SYLD,67.54,2025-11-07T20:59:49Z
SYM,69.885,2025-11-07T20:59:08Z
SYNA,66.145,2025-11-07T20:59:46Z
SYNX,1.49,2025-11-07T15:29:56Z
SYPR,2.05,2025-11-07T18:37:04Z
SYRE,22.52,2025-11-07T20:59:48Z
SYY,75.18,2025-11-07T20:59:52Z
SZNE,33.58,2025-11-07T18:55:20Z
SZZLU,10.33,2025-11-07T17:37:52Z
T,24.825,2025-11-07T20:59:54Z
T-A,20.36,2025-11-07T20:59:50Z
T-C,19.37,2025-11-07T20:59:33Z
TAC,15.525,2025-11-07T20:59:59Z
TACO,10.19,2025-11-07T20:59:04Z
TACT,4.29,2025-11-07T18:12:40Z
TAFI,25.23,2025-11-07T20:59:59Z
TAFL,25.23,2025-11-07T17:00:08Z
TAFM,25.59,2025-11-07T18:29:50Z
TAIL,11.915,2025-11-07T20:47:55Z
TAIT,2.19,2025-11-07T20:03:10Z
TAK,13.66,2025-11-07T20:59:56Z
TAL,11.74,2025-11-07T20:59:52Z
TALK,3.41,2025-11-07T20:59:57Z
TALO,10.38,2025-11-07T20:59:58Z
TAN,50.395,2025-11-07T20:59:59Z
TANH,1.13,2025-11-07T20:50:00Z
TAOX,8.31,2025-11-07T20:57:03Z
TAP,46.34,2025-11-07T20:59:59Z
TAPR,25.67,2025-11-07T14:36:52Z
TARA,4.28,2025-11-07T20:54:46Z
TARS,68.245,2025-11-07T20:59:44Z
TASK,13.055,2025-11-07T20:59:49Z
TATT,38.83,2025-11-07T20:59:46Z
TAXF,50.52,2025-11-07T20:55:13Z
TBB,22.59,2025-11-07T20:49:51Z
TBBB,28.07,2025-11-07T20:59:42Z
TBBK,62.21,2025-11-07T20:59:31Z
TBCH,14.42,2025-11-07T20:59:10Z
TBF,23.66,2025-11-07T20:58:38Z
TBH,1.025,2025-11-07T20:59:57Z
TBHC,1.46,2025-11-07T20:56:10Z
TBI,4.88,2025-11-07T20:57:40Z
TBIL,49.9,2025-11-07T16:25:27Z
TBJL,20.18,2025-11-07T19:40:16Z
TBLA,3.79,2025-11-07T20:59:51Z
TBLD,20.215,2025-11-07T20:32:30Z
TBLL,105.735,2025-11-07T20:45:20Z
TBN,25,2025-11-07T20:59:57Z
TBPH,14.74,2025-11-07T20:59:41Z
TBRG,19.46,2025-11-07T20:58:49Z
TBT,33.43,2025-11-07T20:59:54Z
TBUX,49.885,2025-11-07T17:49:26Z
TCAF,38.08,2025-11-07T20:59:42Z
TCAI,31.28,2025-11-07T15:06:05Z
TCAL,23.81,2025-11-07T19:47:50Z
TCBI,86.67,2025-11-07T20:59:19Z
TCBK,44.9,2025-11-07T20:59:42Z
TCBX,36.63,2025-11-07T20:55:42Z
TCGL,5.33,2025-11-07T20:59:35Z
TCHI,24.9,2025-11-07T19:12:26Z
TCHP,48.73,2025-11-07T20:54:04Z
TCMD,24.87,2025-11-07T20:59:50Z
TCOM,70.22,2025-11-07T20:59:51Z
TCPA,24.66,2025-11-07T20:59:58Z
TCPB,51.67,2025-11-07T16:09:43Z
TCPC,5.69,2025-11-07T20:59:50Z
TCRT,2.59,2025-11-07T20:51:28Z
TCRX,1.07,2025-11-07T20:59:59Z
TCX,20.445,2025-11-07T14:37:44Z
TD,80.925,2025-11-07T20:59:56Z
TDAQ,26.35,2025-11-07T20:59:57Z
TDC,27.61,2025-11-07T20:59:50Z
TDG,1285.09,2025-11-07T20:59:54Z
TDIC,0.4727,2025-11-07T20:30:12Z
TDIV,96.75,2025-11-07T20:48:47Z
TDOC,7.53,2025-11-07T20:59:59Z
TDS,37.7,2025-11-07T20:59:56Z
TDS-U,20.37,2025-11-07T15:34:43Z
TDSB,23.73,2025-11-07T20:26:46Z
TDTF,24.16,2025-11-07T19:30:01Z
TDTH,0.59,2025-11-07T14:46:20Z
TDTT,24.185,2025-11-07T20:59:49Z
TDUP,7.915,2025-11-07T20:59:55Z
TDVG,43.93,2025-11-07T20:50:35Z
TDVI,27.94,2025-11-07T20:57:02Z
TDW,52.91,2025-11-07T20:59:52Z
TDWDU,10.04,2025-11-07T20:59:55Z
TDY,512.65,2025-11-07T20:59:24Z
TE,3.8,2025-11-07T20:59:59Z
TEAD,0.7306,2025-11-07T20:59:41Z
TEAF,12.25,2025-11-07T20:58:36Z
TEAM,157.84,2025-11-07T20:59:51Z
TECB,60.24,2025-11-07T16:50:10Z
TECH,57.44,2025-11-07T20:59:54Z
TECK,41.05,2025-11-07T20:59:54Z
TECL,128.93,2025-11-07T20:59:34Z
TECS,17.85,2025-11-07T20:59:25Z
TECX,19.345,2025-11-07T20:59:49Z
TEF,4.16,2025-11-07T20:59:50Z
TEI,6.29,2025-11-07T20:54:19Z
TEL,242.36,2025-11-07T20:59:47Z
TELA,1.175,2025-11-07T20:59:29Z
TELO,1.32,2025-11-07T20:59:59Z
TEM,71.54,2025-11-07T20:59:52Z
TEMT,22.31,2025-11-07T20:46:52Z
TEN,24.64,2025-11-07T20:59:03Z
TENB,27.63,2025-11-07T20:59:52Z
TEND,25.05,2025-11-07T17:40:52Z
TENX,7.055,2025-11-07T16:13:59Z
TEO,11.83,2025-11-07T20:59:52Z
TER,182.33,2025-11-07T20:59:57Z
TERN,18.475,2025-11-07T20:59:53Z
TESL,23.9,2025-11-07T16:52:51Z
TETH,17.3,2025-11-07T20:55:28Z
TEVA,23.96,2025-11-07T20:59:59Z
TEX,46.02,2025-11-07T20:59:58Z
TFC,44.72,2025-11-07T20:59:54Z
TFC-O,22.35,2025-11-07T17:39:57Z
TFC-R,19.72,2025-11-07T20:35:10Z
TFI,45.76,2025-11-07T19:36:27Z
TFII,87.3,2025-11-07T20:59:49Z
TFIN,53.665,2025-11-07T20:59:34Z
TFLO,50.475,2025-11-07T20:57:11Z
TFPM,28.515,2025-11-07T20:59:53Z
TFPN,25.13,2025-11-07T16:22:13Z
TFSL,13.79,2025-11-07T20:59:57Z
TFX,109.44,2025-11-07T20:59:54Z
TG,6.92,2025-11-07T20:38:28Z
TGB,4.41,2025-11-07T20:59:59Z
TGE,1.22,2025-11-07T20:52:50Z
TGEN,8.27,2025-11-07T20:59:53Z
TGL,0.8083,2025-11-07T20:56:23Z
TGLS,49.67,2025-11-07T20:59:57Z
TGNA,19.95,2025-11-07T20:59:59Z
TGRT,43.54,2025-11-07T14:36:35Z
TGRW,45.38,2025-11-07T20:26:48Z
TGS,28.595,2025-11-07T20:59:51Z
TGT,91.25,2025-11-07T20:59:55Z
TGTX,32.25,2025-11-07T20:59:54Z
TH,6.395,2025-11-07T20:59:39Z
THAR,4.19,2025-11-07T20:59:40Z
THC,205.15,2025-11-07T20:59:48Z
THD,59.84,2025-11-07T17:15:09Z
THEQ,27.63,2025-11-07T16:18:58Z
THFF,55.915,2025-11-07T19:39:39Z
THG,179.5,2025-11-07T20:59:40Z
THH,8.31,2025-11-07T16:18:26Z
THIR,31.45,2025-11-07T18:22:50Z
THLV,29.91,2025-11-07T20:26:47Z
THM,1.665,2025-11-07T20:59:31Z
THMZ,31.83,2025-11-07T20:20:23Z
THNQ,65.89,2025-11-07T20:58:27Z
THO,103.79,2025-11-07T20:59:44Z
THQ,17.395,2025-11-07T20:57:54Z
THR,34.17,2025-11-07T20:59:20Z
THRM,36.16,2025-11-07T20:57:44Z
THRO,38.005,2025-11-07T20:59:57Z
THRY,6.255,2025-11-07T20:59:53Z
THS,19.1,2025-11-07T20:59:50Z
THTA,15.16,2025-11-07T19:47:30Z
THW,11.99,2025-11-07T18:36:13Z
THY,22.38,2025-11-07T16:43:05Z
THYF,52.06,2025-11-07T15:42:59Z
TIC,11.115,2025-11-07T20:59:54Z
TIGO,47.45,2025-11-07T20:59:49Z
TIGR,10.25,2025-11-07T20:59:54Z
TIL,15.02,2025-11-07T20:59:08Z
TILE,25.755,2025-11-07T20:59:51Z
TIMB,22.87,2025-11-07T20:59:49Z
TINS,24.73,2025-11-07T18:27:51Z
TIP,110.9,2025-11-07T20:59:57Z
TIPT,18.415,2025-11-07T20:55:46Z
TIPX,19.195,2025-11-07T19:44:38Z
TIRX,0.875,2025-11-07T20:59:26Z
TISI,16.05,2025-11-07T20:05:05Z
TITN,15.81,2025-11-07T20:55:54Z
TIVC,2.27,2025-11-07T20:50:49Z
TJX,144.62,2025-11-07T20:59:45Z
TK,9.715,2025-11-07T20:59:02Z
TKC,5.83,2025-11-07T20:59:54Z
TKNO,4.73,2025-11-07T20:59:31Z
TKO,182.49,2025-11-07T20:59:53Z
TKR,79.04,2025-11-07T20:59:47Z
TLCI,25.73,2025-11-07T18:47:52Z
TLH,103.225,2025-11-07T20:59:58Z
TLIH,0.4077,2025-11-07T20:21:25Z
TLK,20.68,2025-11-07T20:59:54Z
TLN,386.57,2025-11-07T20:59:59Z
TLNCW,0.8,2025-11-07T20:50:05Z
TLPH,1.235,2025-11-07T20:37:19Z
TLRY,1.245,2025-11-07T20:59:46Z
TLS,6.38,2025-11-07T20:59:34Z
TLSA,1.74,2025-11-07T20:49:32Z
TLSI,4.39,2025-11-07T20:53:14Z
TLT,89.57,2025-11-07T20:59:58Z
TLTD,88.69,2025-11-07T20:17:21Z
TLTP,22.73,2025-11-07T19:03:43Z
TLTW,23.345,2025-11-07T20:50:14Z
TLX,9.73,2025-11-07T20:52:31Z
TLYS,1.4,2025-11-07T20:59:25Z
TM,202,2025-11-07T20:59:49Z
TMAT,26.63,2025-11-07T20:30:59Z
TMC,5.705,2025-11-07T20:59:49Z
TMCI,4.455,2025-11-07T20:59:50Z
TMCWW,1.005,2025-11-07T20:58:57Z
TMDE,0.7475,2025-11-07T15:11:16Z
TMDX,119.07,2025-11-07T20:59:40Z
TME,21.275,2025-11-07T20:59:56Z
TMED,27.93,2025-11-07T16:07:09Z
TMF,40.745,2025-11-07T20:59:55Z
TMFC,70.28,2025-11-07T18:05:22Z
TMFE,28.89,2025-11-07T15:17:04Z
TMFG,29.72,2025-11-07T20:17:53Z
TMFS,33.23,2025-11-07T14:35:44Z
TMFX,20.88,2025-11-07T15:28:56Z
TMHC,59.33,2025-11-07T20:59:58Z
TMO,572.53,2025-11-07T20:59:50Z
TMP,66.22,2025-11-07T20:21:42Z
TMQ,4.075,2025-11-07T20:59:54Z
TMSL,34.785,2025-11-07T20:50:00Z
TMUS,206.98,2025-11-07T20:59:59Z
TMUSI,23,2025-11-07T20:59:54Z
TMUSZ,23.4,2025-11-07T17:49:43Z
TMV,34.5,2025-11-07T20:59:56Z
TNA,43.92,2025-11-07T20:59:42Z
TNC,74.37,2025-11-07T20:56:45Z
TNDM,16.25,2025-11-07T20:59:52Z
TNET,55.71,2025-11-07T20:59:49Z
TNGX,7.875,2025-11-07T20:59:50Z
TNGY,9.17,2025-11-07T20:26:55Z
TNK,60.85,2025-11-07T20:59:48Z
TNL,63.36,2025-11-07T20:59:48Z
TNMG,0.2792,2025-11-07T20:46:25Z
TNON,1.16,2025-11-07T20:58:49Z
TNXP,16.95,2025-11-07T20:55:18Z
TNYA,1.275,2025-11-07T20:59:50Z
TOCT,26.35,2025-11-07T20:46:35Z
TOI,3.545,2025-11-07T20:59:42Z
TOKE,5.63,2025-11-07T20:59:35Z
TOL,133.71,2025-11-07T20:59:48Z
TOLL,34.26,2025-11-07T20:02:25Z
TOMZ,0.8522,2025-11-07T17:20:30Z
TONX,3.29,2025-11-07T20:59:52Z
TOON,0.6529,2025-11-07T18:18:20Z
TOP,1.095,2025-11-07T20:58:36Z
TOPT,30.745,2025-11-07T20:55:00Z
TORO,3.47,2025-11-07T15:22:48Z
TOST,36.995,2025-11-07T20:59:58Z
TOTL,40.445,2025-11-07T20:59:45Z
TOTR,40.94,2025-11-07T16:12:03Z
TOUR,0.85,2025-11-07T20:17:05Z
TOUS,33.59,2025-11-07T20:26:03Z
TOVX,0.2769,2025-11-07T20:59:36Z
TOWN,33.02,2025-11-07T20:59:58Z
TPB,102.94,2025-11-07T20:59:45Z
TPC,62.93,2025-11-07T20:59:50Z
TPCS,4.71,2025-11-07T20:58:43Z
TPET,0.944,2025-11-07T20:50:16Z
TPG,55.11,2025-11-07T20:59:55Z
TPH,31.59,2025-11-07T20:59:57Z
TPHD,38.04,2025-11-07T17:18:48Z
TPL,979.6,2025-11-07T20:59:43Z
TPLC,45.03,2025-11-07T17:22:35Z
TPOR,26.68,2025-11-07T18:34:41Z
TPR,103.68,2025-11-07T20:59:54Z
TPSC,40.44,2025-11-07T20:45:21Z
TPST,9.55,2025-11-07T18:48:58Z
TPVG,5.67,2025-11-07T20:58:45Z
TPYP,34.87,2025-11-07T20:00:47Z
TQQQ,105.745,2025-11-07T20:59:59Z
TR,37.72,2025-11-07T20:58:10Z
TRAK,15.02,2025-11-07T20:55:34Z
TRAW,1.95,2025-11-07T20:27:27Z
TRC,16.04,2025-11-07T20:52:30Z
TRDA,6.9,2025-11-07T20:59:52Z
TREE,52.02,2025-11-07T20:58:01Z
TREX,32.97,2025-11-07T20:59:57Z
TRFK,69.105,2025-11-07T20:54:00Z
TRFM,48.9,2025-11-07T20:04:24Z
TRGP,172.08,2025-11-07T20:59:50Z
TRI,137.56,2025-11-07T20:59:55Z
TRIB,0.954,2025-11-07T20:56:25Z
TRIN,14.59,2025-11-07T20:59:58Z
TRIP,15.43,2025-11-07T20:59:57Z
TRMB,78.94,2025-11-07T20:59:48Z
TRMD,22.8,2025-11-07T20:59:57Z
TRMK,38.17,2025-11-07T20:59:46Z
TRN,25.63,2025-11-07T20:59:55Z
TRNO,60.97,2025-11-07T20:59:50Z
TRNR,2.72,2025-11-07T20:48:45Z
TRNS,55.38,2025-11-07T20:58:48Z
TRON,2.245,2025-11-07T20:59:58Z
TROW,102.66,2025-11-07T20:59:55Z
TROX,3.42,2025-11-07T20:59:53Z
TRP,52.225,2025-11-07T20:59:57Z
TRS,31.145,2025-11-07T20:59:53Z
TRST,39.005,2025-11-07T19:39:56Z
TRTX,8.92,2025-11-07T20:59:58Z
TRU,80.56,2025-11-07T20:59:56Z
TRUD,25.91,2025-11-07T17:28:14Z
TRUE,2.195,2025-11-07T20:58:45Z
TRUG,1.605,2025-11-07T19:12:56Z
TRUP,38.595,2025-11-07T20:59:50Z
TRUT,26.33,2025-11-07T19:25:18Z
TRV,279.78,2025-11-07T20:59:58Z
TRVG,3.095,2025-11-07T20:58:09Z
TRVI,11.02,2025-11-07T20:59:55Z
TRX,0.5953,2025-11-07T20:59:01Z
TS,40.565,2025-11-07T20:59:43Z
TSAT,26.22,2025-11-07T20:34:32Z
TSBK,33.07,2025-11-07T20:39:15Z
TSCO,54.27,2025-11-07T20:59:52Z
TSDD,9.875,2025-11-07T20:59:58Z
TSE,1.225,2025-11-07T20:59:41Z
TSEL,28.36,2025-11-07T18:55:01Z
TSEM,84,2025-11-07T20:59:56Z
TSEP,23.35,2025-11-07T19:13:06Z
TSHA,3.845,2025-11-07T20:59:52Z
TSI,4.915,2025-11-07T16:23:24Z
TSII,27.4,2025-11-07T15:57:11Z
TSL,17.82,2025-11-07T20:59:08Z
TSLA,429.39,2025-11-07T20:59:59Z
TSLG,9.42,2025-11-07T20:59:50Z
TSLI,36.34,2025-11-07T15:12:14Z
TSLL,18.865,2025-11-07T20:59:59Z
TSLP,23.6,2025-11-07T20:59:45Z
TSLQ,23.77,2025-11-07T20:59:51Z
TSLR,30.43,2025-11-07T20:59:28Z
TSLS,5.44,2025-11-07T20:59:55Z
TSLT,25.635,2025-11-07T20:58:58Z
TSLV,19.06,2025-11-07T20:37:20Z
TSLW,35.3,2025-11-07T20:50:01Z
TSLX,21.19,2025-11-07T20:59:56Z
TSLY,8,2025-11-07T20:59:53Z
TSLZ,14.055,2025-11-07T20:59:56Z
TSM,286.59,2025-11-07T20:59:58Z
TSME,40.85,2025-11-07T20:48:56Z
TSMG,24.13,2025-11-07T20:59:07Z
TSMU,40.285,2025-11-07T20:58:30Z
TSMX,47.94,2025-11-07T20:59:59Z
TSMY,15.62,2025-11-07T20:28:52Z
TSMZ,13.03,2025-11-07T20:59:24Z
TSN,52.65,2025-11-07T20:59:55Z
TSPA,42.185,2025-11-07T20:58:07Z
TSPY,24.93,2025-11-07T17:41:28Z
TSQ,6.14,2025-11-07T20:58:11Z
TSSI,16.59,2025-11-07T20:59:36Z
TSXU,29.86,2025-11-07T20:17:57Z
TSYY,6.91,2025-11-07T20:59:59Z
TT,434.37,2025-11-07T20:59:58Z
TTAM,15.54,2025-11-07T20:59:55Z
TTAN,94.125,2025-11-07T20:59:27Z
TTC,72.73,2025-11-07T20:59:47Z
TTD,43.01,2025-11-07T20:59:59Z
TTDU,22.14,2025-11-07T20:25:40Z
TTE,62.25,2025-11-07T20:59:49Z
TTEC,2.74,2025-11-07T20:59:53Z
TTEK,32.21,2025-11-07T20:59:53Z
TTGT,4.78,2025-11-07T20:59:56Z
TTI,7.55,2025-11-07T20:59:56Z
TTMI,66.715,2025-11-07T20:59:58Z
TTRX,4.01,2025-11-07T20:25:42Z
TTSH,6.24,2025-11-07T20:51:44Z
TTWO,231.96,2025-11-07T20:59:51Z
TTXU,24.2,2025-11-07T20:54:49Z
TU,14.805,2025-11-07T20:59:57Z
TUA,21.965,2025-11-07T20:59:59Z
TUR,33.86,2025-11-07T20:59:45Z
TUSI,25.36,2025-11-07T20:59:46Z
TUSK,1.975,2025-11-07T20:50:20Z
TUYA,2.155,2025-11-07T20:59:57Z
TV,2.85,2025-11-07T20:59:58Z
TVA,10.83,2025-11-07T18:13:52Z
TVAIR,0.23,2025-11-07T19:58:09Z
TVAL,34.23,2025-11-07T20:45:03Z
TVC,24.03,2025-11-07T18:43:20Z
TVGN,0.4981,2025-11-07T20:50:20Z
TVGNW,0.0494,2025-11-07T18:24:01Z
TVRD,4.025,2025-11-07T20:59:52Z
TVTX,32.31,2025-11-07T20:59:51Z
TW,109.15,2025-11-07T20:59:51Z
TWFG,25.34,2025-11-07T20:57:12Z
TWI,7.83,2025-11-07T20:59:55Z
TWIN,16.915,2025-11-07T20:54:23Z
TWLO,127.68,2025-11-07T20:59:52Z
TWM,33.87,2025-11-07T20:59:26Z
TWN,55.89,2025-11-07T17:13:31Z
TWO,9.68,2025-11-07T20:59:54Z
TWO-C,23.91,2025-11-07T20:58:20Z
TWST,30.28,2025-11-07T20:59:54Z
TX,36.26,2025-11-07T20:59:07Z
TXG,15.25,2025-11-07T20:59:54Z
TXMD,1.37,2025-11-07T20:57:21Z
TXN,160.56,2025-11-07T20:59:58Z
TXNM,57.33,2025-11-07T20:59:59Z
TXO,13.22,2025-11-07T20:59:54Z
TXRH,165.16,2025-11-07T20:59:44Z
TXT,82.03,2025-11-07T20:59:50Z
TY,33.77,2025-11-07T20:58:53Z
TYA,13.78,2025-11-07T20:59:50Z
TYD,26.08,2025-11-07T19:35:16Z
TYGO,2.24,2025-11-07T20:59:55Z
TYL,463.17,2025-11-07T20:59:44Z
TYRA,14.34,2025-11-07T20:59:45Z
TZA,8.15,2025-11-07T20:59:55Z
TZOO,7.525,2025-11-07T20:56:02Z
TZUP,4.49,2025-11-07T20:46:38Z
U,40.02,2025-11-07T20:59:57Z
UA,4.45,2025-11-07T20:59:56Z
UAA,4.67,2025-11-07T20:59:59Z
UAE,19.34,2025-11-07T18:56:02Z
UAL,97.335,2025-11-07T20:59:50Z
UAMY,8.34,2025-11-07T20:59:57Z
UAN,99.455,2025-11-07T17:12:33Z
UAPR,32.2,2025-11-07T15:34:48Z
UAVS,1.365,2025-11-07T20:59:28Z
UBER,91.995,2025-11-07T20:59:53Z
UBFO,9.56,2025-11-07T20:53:43Z
UBND,22.015,2025-11-07T20:59:46Z
UBOT,25.475,2025-11-07T20:59:46Z
UBRL,30.1,2025-11-07T19:47:46Z
UBS,38.31,2025-11-07T20:59:58Z
UBSI,36.52,2025-11-07T20:59:37Z
UBT,17.55,2025-11-07T20:59:00Z
UCB,29.955,2025-11-07T20:59:33Z
UCO,21.17,2025-11-07T20:59:53Z
UCON,25.215,2025-11-07T20:59:46Z
UCTT,26.07,2025-11-07T20:59:39Z
UDMY,5.15,2025-11-07T20:59:55Z
UDN,18.49,2025-11-07T20:59:48Z
UDOW,109.71,2025-11-07T20:59:09Z
UDR,34.48,2025-11-07T20:59:50Z
UE,19.155,2025-11-07T20:59:45Z
UEC,12.235,2025-11-07T20:59:58Z
UEIC,3.58,2025-11-07T20:58:45Z
UFCS,35.355,2025-11-07T20:56:55Z
UFEB,35.9,2025-11-07T20:36:44Z
UFG,1.06,2025-11-07T20:15:02Z
UFI,3.85,2025-11-07T20:58:14Z
UFIV,49.4,2025-11-07T15:32:17Z
UFO,34.45,2025-11-07T20:57:54Z
UFPI,92,2025-11-07T20:59:53Z
UFPT,224.84,2025-11-07T20:54:43Z
UGA,67.14,2025-11-07T20:51:28Z
UGE,16.28,2025-11-07T20:52:44Z
UGI,33.94,2025-11-07T20:59:47Z
UGL,48.695,2025-11-07T20:59:56Z
UGP,4.175,2025-11-07T20:59:05Z
UGRO,0.288,2025-11-07T19:11:51Z
UHAL,53.16,2025-11-07T20:59:49Z
UHAL.B,48.47,2025-11-07T20:59:36Z
UHG,1.29,2025-11-07T20:59:28Z
UHS,229.04,2025-11-07T20:59:27Z
UHT,38.61,2025-11-07T20:08:02Z
UI,612.19,2025-11-07T20:59:37Z
UIS,2.72,2025-11-07T20:59:55Z
UITB,47.485,2025-11-07T20:59:46Z
UK,0.85,2025-11-07T16:27:26Z
UKOMW,0.0064,2025-11-07T19:14:05Z
UL,61.48,2025-11-07T20:59:58Z
ULBI,6.74,2025-11-07T16:38:52Z
ULCC,3.925,2025-11-07T20:59:57Z
ULH,15.07,2025-11-07T20:56:27Z
ULS,85.58,2025-11-07T20:59:49Z
ULTA,517.86,2025-11-07T20:59:58Z
ULTI,22.845,2025-11-07T19:58:49Z
ULTY,4.57,2025-11-07T20:59:46Z
ULY,2.47,2025-11-07T20:59:07Z
UMAC,10.5,2025-11-07T20:59:48Z
UMAY,35.95,2025-11-07T18:44:52Z
UMBF,108.925,2025-11-07T20:57:30Z
UMC,7.41,2025-11-07T20:59:56Z
UMH,15.205,2025-11-07T20:59:49Z
UMI,49.08,2025-11-07T19:55:02Z
UMMA,28.115,2025-11-07T20:58:30Z
UNCY,4.63,2025-11-07T20:59:47Z
UNF,151.2,2025-11-07T20:56:12Z
UNFI,38.49,2025-11-07T20:59:50Z
UNG,13.935,2025-11-07T20:59:50Z
UNH,324,2025-11-07T20:59:59Z
UNHG,18.285,2025-11-07T20:59:30Z
UNIT,6.49,2025-11-07T20:59:48Z
UNL,8.2,2025-11-07T14:51:58Z
UNM,78.15,2025-11-07T20:59:53Z
UNMA,23.55,2025-11-07T16:28:57Z
UNOV,37.5,2025-11-07T20:46:21Z
UNP,221.47,2025-11-07T20:59:55Z
UNTY,46.08,2025-11-07T19:25:40Z
UNX,16.43,2025-11-07T20:09:12Z
UOCT,38.44,2025-11-07T20:19:38Z
UONE,1.27,2025-11-07T20:40:54Z
UONEK,0.487,2025-11-07T15:03:01Z
UP,1.405,2025-11-07T20:59:55Z
UPAR,15.35,2025-11-07T20:37:03Z
UPB,22.94,2025-11-07T20:59:55Z
UPBD,17.805,2025-11-07T20:59:57Z
UPLD,1.72,2025-11-07T20:59:24Z
UPRO,112.04,2025-11-07T20:59:56Z
UPS,95.985,2025-11-07T20:59:52Z
UPSD,25.9,2025-11-07T17:22:15Z
UPST,38.59,2025-11-07T20:59:50Z
UPSX,8.31,2025-11-07T20:59:30Z
UPWK,17.46,2025-11-07T20:59:55Z
UPXI,3.3,2025-11-07T20:59:54Z
URA,47.84,2025-11-07T20:59:54Z
URAA,38.18,2025-11-07T19:53:34Z
URAN,42.93,2025-11-07T14:30:00Z
URBN,63.91,2025-11-07T20:59:56Z
URG,1.245,2025-11-07T20:59:59Z
URGN,23.27,2025-11-07T20:59:56Z
URI,847.4,2025-11-07T20:59:43Z
URNJ,25.925,2025-11-07T20:59:45Z
URNM,55.515,2025-11-07T20:59:52Z
UROY,3.74,2025-11-07T20:59:59Z
URTH,182.58,2025-11-07T20:59:45Z
URTY,51.42,2025-11-07T20:59:43Z
USA,6.14,2025-11-07T20:59:49Z
USAC,23.68,2025-11-07T20:59:50Z
USAI,36.94,2025-11-07T14:50:17Z
USAR,17.36,2025-11-07T20:59:55Z
USARW,5.92,2025-11-07T20:53:01Z
USAS,3.92,2025-11-07T20:59:51Z
USAU,15.27,2025-11-07T20:59:47Z
USB,47.31,2025-11-07T20:59:58Z
USB-A,775,2025-11-07T20:39:34Z
USB-H,18.81,2025-11-07T19:29:59Z
USB-P,23.44,2025-11-07T15:46:58Z
USB-R,16.61,2025-11-07T20:59:59Z
USB-S,18.825,2025-11-07T20:22:33Z
USBC,0.8237,2025-11-07T20:54:38Z
USCB,17.615,2025-11-07T19:43:47Z
USCI,78.13,2025-11-07T19:36:17Z
USD,105.83,2025-11-07T20:55:01Z
USDU,26.915,2025-11-07T20:55:40Z
USDX,25.935,2025-11-07T19:17:54Z
USEG,1.065,2025-11-07T20:59:25Z
USFD,73.47,2025-11-07T20:59:48Z
USFR,50.305,2025-11-07T19:47:17Z
USGO,10.41,2025-11-07T16:44:47Z
USHY,37.32,2025-11-07T20:59:59Z
USIG,51.915,2025-11-07T20:59:56Z
USIO,1.49,2025-11-07T16:36:56Z
USL,34.445,2025-11-07T16:16:05Z
USLM,115.625,2025-11-07T20:59:59Z
USMC,67.91,2025-11-07T20:59:46Z
USMF,50.47,2025-11-07T18:11:27Z
USMV,92.97,2025-11-07T20:59:58Z
USNA,19.11,2025-11-07T20:59:39Z
USO,71.265,2025-11-07T20:59:26Z
USOI,49.19,2025-11-07T20:03:50Z
USOY,7.08,2025-11-07T20:44:30Z
USPH,73.715,2025-11-07T20:56:03Z
USPX,58.92,2025-11-07T20:55:25Z
USRT,58.52,2025-11-07T20:57:35Z
USSG,61.57,2025-11-07T15:15:00Z
USSH,50.87,2025-11-07T14:48:05Z
USTB,50.81,2025-11-07T20:59:59Z
USVM,88.94,2025-11-07T20:27:38Z
USXF,56.3,2025-11-07T18:08:26Z
UTEN,44.325,2025-11-07T20:55:10Z
UTES,83.54,2025-11-07T20:59:39Z
UTF,23.71,2025-11-07T20:57:22Z
UTG,37.23,2025-11-07T20:58:09Z
UTHR,449.13,2025-11-07T20:59:50Z
UTHY,42.34,2025-11-07T15:52:55Z
UTI,28.29,2025-11-07T20:59:33Z
UTL,47.71,2025-11-07T20:59:07Z
UTMD,57.85,2025-11-07T19:40:44Z
UTSL,45.24,2025-11-07T14:30:28Z
UTWO,48.535,2025-11-07T20:59:45Z
UTZ,9.89,2025-11-07T20:59:57Z
UUP,28.155,2025-11-07T20:59:58Z
UUU,4.55,2025-11-07T20:57:42Z
UUUU,15.66,2025-11-07T20:59:58Z
UVE,33.57,2025-11-07T20:55:16Z
UVIX,10.285,2025-11-07T20:59:59Z
UVSP,29.35,2025-11-07T20:35:48Z
UVV,53.29,2025-11-07T20:59:48Z
UVXY,10.95,2025-11-07T20:59:58Z
UWM,45.71,2025-11-07T20:59:12Z
UWMC,5.25,2025-11-07T20:59:57Z
UXIN,2.985,2025-11-07T20:07:35Z
UXOC,34.63,2025-11-07T18:09:37Z
UXRP,16.975,2025-11-07T20:59:50Z
UYLD,51.185,2025-11-07T20:59:45Z
UYSCR,0.21,2025-11-07T14:44:49Z
UZD,21.25,2025-11-07T19:21:51Z
V,336.02,2025-11-07T20:59:50Z
VAC,47.1,2025-11-07T20:59:49Z
VACI=,10.08,2025-11-07T20:49:24Z
VAL,54.3,2025-11-07T20:59:49Z
VAL+,2.8,2025-11-07T17:22:45Z
VALE,12.15,2025-11-07T20:59:58Z
VALN,8.74,2025-11-07T20:54:49Z
VALQ,63.36,2025-11-07T16:54:51Z
VALU,37.2,2025-11-07T20:30:37Z
VANI,1.51,2025-11-07T20:59:12Z
VATE,5.36,2025-11-07T17:15:54Z
VAW,193.01,2025-11-07T15:57:23Z
VB,253.21,2025-11-07T20:59:24Z
VBF,15.85,2025-11-07T20:57:10Z
VBIL,75.465,2025-11-07T20:31:27Z
VBK,298.58,2025-11-07T20:59:09Z
VBNK,11.68,2025-11-07T20:59:43Z
VBR,206.735,2025-11-07T20:59:12Z
VC,106.75,2025-11-07T20:57:52Z
VCEB,63.86,2025-11-07T20:59:50Z
VCEL,38.98,2025-11-07T20:59:53Z
VCIC,11.04,2025-11-07T20:50:00Z
VCIG,1.04,2025-11-07T20:59:37Z
VCIT,83.76,2025-11-07T20:59:59Z
VCLT,76.77,2025-11-07T20:59:58Z
VCR,384.875,2025-11-07T16:33:09Z
VCRB,78.29,2025-11-07T20:59:46Z
VCRM,75.77,2025-11-07T20:53:20Z
VCSH,79.69,2025-11-07T20:59:58Z
VCTR,61.26,2025-11-07T20:59:53Z
VCV,11.195,2025-11-07T18:34:14Z
VCYT,41.71,2025-11-07T20:59:53Z
VDC,209.165,2025-11-07T20:59:45Z
VDE,126.135,2025-11-07T20:59:46Z
VEA,60.6,2025-11-07T20:59:43Z
VECO,30.41,2025-11-07T20:59:56Z
VEEA,0.5651,2025-11-07T20:54:34Z
VEEE,2.02,2025-11-07T20:56:27Z
VEEV,295.03,2025-11-07T20:59:59Z
VEGN,58.81,2025-11-07T16:41:45Z
VEL,18.88,2025-11-07T20:58:31Z
VELO,4.67,2025-11-07T20:58:08Z
VENU,12.75,2025-11-07T20:50:40Z
VEON,43.655,2025-11-07T20:59:55Z
VERA,24.2,2025-11-07T20:59:55Z
VERI,5.7,2025-11-07T20:59:51Z
VERO,1.92,2025-11-07T20:59:56Z
VERU,2.565,2025-11-07T20:59:50Z
VERX,19.51,2025-11-07T20:59:52Z
VET,8.35,2025-11-07T20:59:59Z
VEU,72.3,2025-11-07T20:59:30Z
VFC,14.64,2025-11-07T20:59:57Z
VFF,2.97,2025-11-07T20:59:58Z
VFH,128.55,2025-11-07T20:59:54Z
VFL,10.08,2025-11-07T20:57:27Z
VFLO,37.865,2025-11-07T20:59:49Z
VFMF,142.75,2025-11-07T16:07:52Z
VFS,3.44,2025-11-07T20:59:35Z
VFVA,125.07,2025-11-07T15:04:16Z
VG,7.99,2025-11-07T20:59:56Z
VGHY,74.66,2025-11-07T20:11:29Z
VGI,7.84,2025-11-07T19:31:20Z
VGIT,60.09,2025-11-07T20:59:49Z
VGK,79.99,2025-11-07T20:59:52Z
VGLT,56.98,2025-11-07T20:59:57Z
VGM,10.16,2025-11-07T20:48:23Z
VGSH,58.745,2025-11-07T20:50:23Z
VGT,758.03,2025-11-07T20:50:16Z
VGUS,75.505,2025-11-07T20:19:31Z
VGVT,76.51,2025-11-07T19:35:13Z
VGZ,1.65,2025-11-07T20:59:51Z
VHC,23.055,2025-11-07T20:59:26Z
VHT,272.56,2025-11-07T20:59:37Z
VIA,50.26,2025-11-07T20:58:21Z
VIAV,17.82,2025-11-07T20:59:56Z
VICI,30.325,2025-11-07T20:59:59Z
VICR,87.4,2025-11-07T20:59:42Z
VIDI,32.99,2025-11-07T20:33:23Z
VIG,215.58,2025-11-07T20:59:31Z
VIGI,89,2025-11-07T20:57:59Z
VIK,58.405,2025-11-07T20:59:53Z
VINP,11.935,2025-11-07T19:27:13Z
VIOO,109.49,2025-11-07T19:47:46Z
VIOT,3.03,2025-11-07T20:58:35Z
VIOV,94,2025-11-07T18:31:41Z
VIPS,18.65,2025-11-07T20:59:57Z
VIR,5.135,2025-11-07T20:59:53Z
VIRC,6.86,2025-11-07T20:53:48Z
VIRT,35.66,2025-11-07T20:59:53Z
VIS,295.43,2025-11-07T19:47:52Z
VIST,48.135,2025-11-07T20:59:54Z
VITL,34.69,2025-11-07T20:59:52Z
VIV,12.56,2025-11-07T20:59:58Z
VIVK,0.1651,2025-11-07T20:59:22Z
VIVS,2.195,2025-11-07T20:51:53Z
VIXM,16.54,2025-11-07T19:30:35Z
VIXY,33.73,2025-11-07T20:59:58Z
VKI,9.01,2025-11-07T20:36:46Z
VKQ,9.715,2025-11-07T20:52:58Z
VKTX,36.79,2025-11-07T20:59:49Z
VLGEA,32.51,2025-11-07T18:18:49Z
VLN,1.57,2025-11-07T20:59:05Z
VLO,175.63,2025-11-07T20:59:56Z
VLRS,6.63,2025-11-07T20:59:45Z
VLTO,98.595,2025-11-07T20:59:51Z
VLUE,130.26,2025-11-07T20:59:59Z
VLY,11.06,2025-11-07T20:59:53Z
VLYPO,24.81,2025-11-07T15:39:17Z
VMAR,1.22,2025-11-07T20:59:54Z
VMBS,47.075,2025-11-07T20:59:19Z
VMC,287.37,2025-11-07T20:59:50Z
VMD,6.38,2025-11-07T20:59:45Z
VMEO,7.825,2025-11-07T20:59:20Z
VMI,407.17,2025-11-07T20:54:00Z
VMO,9.66,2025-11-07T20:50:01Z
VNAM,21.82,2025-11-07T14:52:38Z
VNCE,2.615,2025-11-07T20:59:45Z
VNDA,4.41,2025-11-07T20:59:54Z
VNET,9.67,2025-11-07T20:59:53Z
VNLA,49.175,2025-11-07T20:58:49Z
VNM,16.94,2025-11-07T20:59:47Z
VNO,37.2,2025-11-07T20:59:57Z
VNO-O,14.45,2025-11-07T20:20:50Z
VNOM,37.55,2025-11-07T20:59:50Z
VNQ,90.235,2025-11-07T20:59:58Z
VNQI,47.425,2025-11-07T20:55:49Z
VNRX,0.3943,2025-11-07T20:59:51Z
VNT,37.96,2025-11-07T20:59:54Z
VNTG,1.07,2025-11-07T17:02:02Z
VO,288.84,2025-11-07T20:56:44Z
VOC,2.87,2025-11-07T20:54:05Z
VOD,11.575,2025-11-07T20:59:52Z
VOE,173.15,2025-11-07T20:39:55Z
VOLT,30.225,2025-11-07T20:55:22Z
VONE,303.25,2025-11-07T20:07:16Z
VONG,121.28,2025-11-07T20:59:46Z
VONV,89.73,2025-11-07T20:58:49Z
VOO,616.91,2025-11-07T20:59:58Z
VOOG,438.085,2025-11-07T20:57:16Z
VOOV,199.29,2025-11-07T16:56:37Z
VOR,18.54,2025-11-07T20:59:46Z
VOT,284.88,2025-11-07T19:55:07Z
VOTE,78.44,2025-11-07T19:16:27Z
VOX,181.035,2025-11-07T19:14:27Z
VOXR,3.945,2025-11-07T20:59:55Z
VOYA,72.01,2025-11-07T20:59:51Z
VOYG,23.45,2025-11-07T20:59:54Z
VPG,33.065,2025-11-07T20:36:38Z
VPL,90.785,2025-11-07T20:59:58Z
VPLS,78.545,2025-11-07T20:57:37Z
VPU,194.185,2025-11-07T20:58:15Z
VPV,10.625,2025-11-07T18:34:53Z
VRA,2.36,2025-11-07T20:59:23Z
VRAR,1.34,2025-11-07T20:59:08Z
VRAX,0.463,2025-11-07T20:58:47Z
VRCA,3.46,2025-11-07T19:50:04Z
VRDN,27.45,2025-11-07T20:59:50Z
VRE,15.01,2025-11-07T20:59:48Z
VREX,11.95,2025-11-07T20:58:01Z
VRIG,25.11,2025-11-07T20:54:32Z
VRNS,34.13,2025-11-07T20:59:48Z
VRNT,20.295,2025-11-07T20:59:58Z
VRP,24.575,2025-11-07T20:53:07Z
VRRM,22.8,2025-11-07T20:59:52Z
VRSK,214.68,2025-11-07T20:59:54Z
VRSN,241.915,2025-11-07T20:59:30Z
VRT,179.775,2025-11-07T20:59:52Z
VRTL,64.905,2025-11-07T20:38:00Z
VRTS,162.35,2025-11-07T20:55:09Z
VRTX,409.415,2025-11-07T20:59:56Z
VS,1.67,2025-11-07T16:59:39Z
VSA,1.81,2025-11-07T20:45:43Z
VSAT,35.88,2025-11-07T20:59:57Z
VSCO,35.09,2025-11-07T20:59:59Z
VSDA,51.67,2025-11-07T16:05:03Z
VSDB,76.53,2025-11-07T18:20:35Z
VSEC,176.6,2025-11-07T20:59:00Z
VSEE,0.98,2025-11-07T20:58:31Z
VSGX,69.73,2025-11-07T20:54:02Z
VSH,14.375,2025-11-07T20:59:58Z
VSHY,21.88,2025-11-07T17:33:35Z
VSME,0.2989,2025-11-07T20:52:08Z
VSS,140.165,2025-11-07T20:54:51Z
VST,190.975,2025-11-07T20:59:53Z
VSTA,4.97,2025-11-07T20:52:41Z
VSTD,0.5122,2025-11-07T20:50:40Z
VSTL,16.32,2025-11-07T14:35:18Z
VSTM,8.07,2025-11-07T20:59:56Z
VSTS,5.3,2025-11-07T20:59:58Z
VT,138.845,2025-11-07T20:59:58Z
VTAK,2.16,2025-11-07T16:35:55Z
VTC,77.9,2025-11-07T20:58:02Z
VTEB,50.355,2025-11-07T20:59:54Z
VTEC,100.26,2025-11-07T20:41:40Z
VTEI,100.74,2025-11-07T20:59:59Z
VTEL,103.98,2025-11-07T19:45:46Z
VTES,101.455,2025-11-07T17:15:42Z
VTEX,3.93,2025-11-07T20:59:47Z
VTG,76.57,2025-11-07T19:34:30Z
VTGN,4.01,2025-11-07T20:59:52Z
VTHR,293.55,2025-11-07T19:06:27Z
VTI,330.125,2025-11-07T20:59:58Z
VTIP,50.055,2025-11-07T20:58:30Z
VTLE,16.755,2025-11-07T20:59:28Z
VTMX,30.78,2025-11-07T20:04:13Z
VTN,11.03,2025-11-07T19:47:20Z
VTOL,36.99,2025-11-07T20:58:57Z
VTP,76.6,2025-11-07T15:38:46Z
VTR,76.065,2025-11-07T20:59:57Z
VTRS,10.115,2025-11-07T20:59:54Z
VTS,21.12,2025-11-07T20:59:37Z
VTSI,5.39,2025-11-07T20:58:21Z
VTV,186.18,2025-11-07T20:59:57Z
VTVT,25,2025-11-07T16:43:08Z
VTWG,229.535,2025-11-07T17:46:08Z
VTWO,97.68,2025-11-07T20:59:48Z
VTYX,8.755,2025-11-07T20:59:55Z
VUG,484.51,2025-11-07T20:59:09Z
VUSB,49.835,2025-11-07T20:59:45Z
VUSE,64.93,2025-11-07T20:32:56Z
VUZI,2.855,2025-11-07T20:59:50Z
VV,310.01,2025-11-07T20:59:09Z
VVOS,2.56,2025-11-07T20:54:44Z
VVPR,3.2,2025-11-07T20:59:50Z
VVR,3.345,2025-11-07T20:49:41Z
VVV,31.535,2025-11-07T20:59:54Z
VVX,55.615,2025-11-07T20:58:38Z
VWAV,11.3,2025-11-07T20:09:43Z
VWAVW,1.13,2025-11-07T15:03:05Z
VWO,54.535,2025-11-07T20:59:40Z
VWOB,67.465,2025-11-07T20:58:03Z
VXF,207.675,2025-11-07T20:56:02Z
VXUS,74.18,2025-11-07T20:59:14Z
VXX,34.7,2025-11-07T20:59:58Z
VXZ,57.75,2025-11-07T18:40:59Z
VYGR,4.24,2025-11-07T20:59:54Z
VYM,140.235,2025-11-07T20:59:46Z
VYMI,86.065,2025-11-07T20:57:48Z
VYNE,0.3501,2025-11-07T20:59:55Z
VYX,10.905,2025-11-07T20:59:54Z
VZ,40.04,2025-11-07T20:59:58Z
VZLA,3.93,2025-11-07T20:59:58Z
W,106.9,2025-11-07T20:59:50Z
WAB,206.105,2025-11-07T20:59:35Z
WABC,47.96,2025-11-07T20:58:18Z
WAFD,30.21,2025-11-07T20:59:49Z
WAFU,1.75,2025-11-07T20:51:25Z
WAI,3.16,2025-11-07T19:54:45Z
WAL,80,2025-11-07T20:59:53Z
WAL-A,21.5,2025-11-07T16:51:19Z
WALD,1.825,2025-11-07T20:58:46Z
WANT,49.75,2025-11-07T19:47:46Z
WASH,28.14,2025-11-07T20:59:19Z
WAT,371.7,2025-11-07T20:59:58Z
WATT,7.07,2025-11-07T17:28:35Z
WAVE,7.4,2025-11-07T19:44:51Z
WAY,36.21,2025-11-07T20:59:49Z
WB,10.42,2025-11-07T20:59:54Z
WBD,22.67,2025-11-07T20:59:58Z
WBI,24.31,2025-11-07T20:59:55Z
WBS,57.53,2025-11-07T20:59:44Z
WBTN,16.38,2025-11-07T20:59:54Z
WBUY,2,2025-11-07T15:51:44Z
WCAP,9.78,2025-11-07T19:49:03Z
WCBR,30.59,2025-11-07T15:33:49Z
WCC,254.92,2025-11-07T20:59:44Z
WCLD,35.22,2025-11-07T20:59:51Z
WCMI,16.495,2025-11-07T20:59:47Z
WCN,166.07,2025-11-07T20:59:39Z
WCT,0.2354,2025-11-07T15:56:00Z
WD,69.36,2025-11-07T20:59:47Z
WDAY,225.27,2025-11-07T20:59:50Z
WDC,163.01,2025-11-07T20:59:59Z
WDEF,30.22,2025-11-07T19:52:33Z
WDFC,198.26,2025-11-07T17:23:23Z
WDH,1.61,2025-11-07T20:56:19Z
WDI,14.315,2025-11-07T20:59:12Z
WDS,16.9,2025-11-07T20:59:57Z
WDTE,32.39,2025-11-07T14:39:43Z
WEA,11.065,2025-11-07T20:55:07Z
WEAT,4.195,2025-11-07T20:55:28Z
WEAV,6.395,2025-11-07T20:59:59Z
WEBL,29.05,2025-11-07T20:59:54Z
WEBS,19.66,2025-11-07T20:59:09Z
WEC,112.89,2025-11-07T20:59:45Z
WEEL,20.05,2025-11-07T16:57:16Z
WELL,190.26,2025-11-07T20:59:55Z
WEN,8.96,2025-11-07T20:59:57Z
WERN,26.2,2025-11-07T20:59:52Z
WES,38.995,2025-11-07T20:59:55Z
WEST,3.86,2025-11-07T20:59:53Z
WETH,2.31,2025-11-07T17:55:03Z
WETO,1.09,2025-11-07T15:32:33Z
WEX,145.63,2025-11-07T20:59:56Z
WF,53.75,2025-11-07T19:41:01Z
WFC,86.07,2025-11-07T20:59:57Z
WFC-A,19.66,2025-11-07T18:02:33Z
WFC-L,1234.54,2025-11-07T14:36:55Z
WFC-Y,24.43,2025-11-07T18:06:44Z
WFC-Z,19.72,2025-11-07T18:20:57Z
WFCF,12.11,2025-11-07T14:57:16Z
WFG,58.965,2025-11-07T20:59:46Z
WFRD,73.24,2025-11-07T20:58:38Z
WGMI,55.05,2025-11-07T20:58:37Z
WGO,36.63,2025-11-07T20:59:33Z
WGRX,0.6318,2025-11-07T20:55:08Z
WGS,139.88,2025-11-07T20:58:41Z
WH,73.72,2025-11-07T20:59:54Z
WHD,42.85,2025-11-07T20:59:48Z
WHF,7.105,2025-11-07T20:59:50Z
WHLR,1.885,2025-11-07T20:45:33Z
WHR,67.58,2025-11-07T20:59:55Z
WHWK,2.05,2025-11-07T20:59:45Z
WILD,25.92,2025-11-07T16:57:06Z
WIMI,3.17,2025-11-07T20:57:24Z
WINA,420.35,2025-11-07T20:59:37Z
WING,238.1,2025-11-07T20:59:52Z
WINN,30.71,2025-11-07T16:46:51Z
WIP,38.76,2025-11-07T20:50:19Z
WISE,42,2025-11-07T17:53:30Z
WIT,2.6,2025-11-07T20:59:56Z
WIW,8.835,2025-11-07T20:54:02Z
WIX,135.89,2025-11-07T20:59:57Z
WK,89.02,2025-11-07T20:59:54Z
WKC,25.55,2025-11-07T20:59:53Z
WKEY,13.445,2025-11-07T20:58:51Z
WKHS,0.7725,2025-11-07T20:58:48Z
WKSP,2.73,2025-11-07T20:59:53Z
WLAC,12.7,2025-11-07T20:15:25Z
WLDN,91.07,2025-11-07T20:59:27Z
WLDR,36.055,2025-11-07T17:30:10Z
WLDS,1.8,2025-11-07T20:58:42Z
WLFC,121.01,2025-11-07T19:16:44Z
WLK,64.92,2025-11-07T20:59:54Z
WLKP,18.695,2025-11-07T20:59:12Z
WLY,36.52,2025-11-07T20:59:45Z
WM,201.87,2025-11-07T20:59:00Z
WMB,59.585,2025-11-07T20:59:54Z
WMG,30.23,2025-11-07T20:59:58Z
WMK,64.41,2025-11-07T20:59:49Z
WMS,148.17,2025-11-07T20:59:47Z
WMT,102.63,2025-11-07T20:59:54Z
WNC,7.725,2025-11-07T20:59:45Z
WNEB,11.77,2025-11-07T20:46:02Z
WNTR,32.735,2025-11-07T20:38:21Z
WOK,3.62,2025-11-07T19:32:12Z
WOLF,17.95,2025-11-07T20:59:47Z
WOOF,3.13,2025-11-07T20:59:56Z
WOR,54.785,2025-11-07T20:58:07Z
WORX,0.2963,2025-11-07T20:59:36Z
WOW,5.14,2025-11-07T20:59:51Z
WPAY,49.875,2025-11-07T20:56:05Z
WPC,67.36,2025-11-07T20:59:50Z
WPM,99.07,2025-11-07T20:59:57Z
WPP,18.495,2025-11-07T20:59:36Z
WPRT,1.985,2025-11-07T20:59:44Z
WQTM,27.49,2025-11-07T20:06:44Z
WRAP,2.05,2025-11-07T20:59:12Z
WRB,74.97,2025-11-07T20:59:53Z
WRB-F,20.375,2025-11-07T18:16:06Z
WRBY,17.22,2025-11-07T20:59:58Z
WRD,7.98,2025-11-07T20:59:25Z
WRLD,131.89,2025-11-07T18:34:48Z
WRN,1.92,2025-11-07T20:58:39Z
WS,31.5,2025-11-07T20:56:07Z
WSBC,30.91,2025-11-07T20:59:54Z
WSBF,15.26,2025-11-07T20:59:25Z
WSC,18.275,2025-11-07T20:59:57Z
WSFS,54.36,2025-11-07T20:58:52Z
WSM,196.98,2025-11-07T20:59:59Z
WSO,351.47,2025-11-07T20:59:53Z
WSR,13.345,2025-11-07T20:59:08Z
WST,270.82,2025-11-07T20:59:59Z
WT,11.58,2025-11-07T20:59:57Z
WTAI,30.36,2025-11-07T20:59:59Z
WTF,5.07,2025-11-07T18:30:09Z
WTFC,130.42,2025-11-07T20:57:39Z
WTFCN,26.27,2025-11-07T16:34:02Z
WTGUR,0.2053,2025-11-07T14:39:13Z
WTI,2.05,2025-11-07T20:59:58Z
WTID,11.76,2025-11-07T15:46:42Z
WTIU,10.05,2025-11-07T20:47:30Z
WTM,1906.52,2025-11-07T20:59:45Z
WTMF,37.49,2025-11-07T20:06:14Z
WTO,0.043,2025-11-07T20:59:27Z
WTPI,33.175,2025-11-07T20:37:11Z
WTRE,22.43,2025-11-07T14:58:57Z
WTRG,39.65,2025-11-07T20:59:49Z
WTS,273.2,2025-11-07T20:59:50Z
WTTR,10.955,2025-11-07T20:59:53Z
WTV,90.095,2025-11-07T20:50:15Z
WTW,325.92,2025-11-07T20:59:36Z
WU,9.1,2025-11-07T20:59:59Z
WULF,13.93,2025-11-07T20:59:59Z
WULX,28.61,2025-11-07T19:47:46Z
WVE,7.85,2025-11-07T20:59:57Z
WW,33.34,2025-11-07T20:34:58Z
WWD,266.43,2025-11-07T20:59:04Z
WWR,1.23,2025-11-07T20:59:34Z
WWW,15.915,2025-11-07T20:59:59Z
WXM,0.9101,2025-11-07T20:58:45Z
WY,23.08,2025-11-07T20:59:57Z
WYFI,28.93,2025-11-07T20:58:45Z
WYNN,126.18,2025-11-07T20:59:46Z
WYY,6.78,2025-11-07T15:56:26Z
XAIR,1.74,2025-11-07T20:48:09Z
XAR,234.02,2025-11-07T20:21:55Z
XBB,40.865,2025-11-07T17:09:02Z
XBI,108.925,2025-11-07T20:59:59Z
XBIL,50.095,2025-11-07T20:59:25Z
XBIO,2.585,2025-11-07T20:44:19Z
XBIT,2.34,2025-11-07T20:59:39Z
XBOC,32.85,2025-11-07T20:28:02Z
XBP,0.5542,2025-11-07T20:50:01Z
XBTY,14.26,2025-11-07T16:18:54Z
XC,34.93,2025-11-07T17:29:51Z
XCCC,38.27,2025-11-07T20:59:43Z
XCEM,37.88,2025-11-07T20:55:13Z
XCH,1.47,2025-11-07T20:57:01Z
XCOR,77.84,2025-11-07T17:13:01Z
XDEC,40.34,2025-11-07T20:37:49Z
XDQQ,37.82,2025-11-07T17:01:11Z
XDSQ,39.67,2025-11-07T16:38:44Z
XDTE,43.365,2025-11-07T19:54:58Z
XEL,80.9,2025-11-07T20:59:53Z
XELB,1.08,2025-11-07T20:59:25Z
XELLL,25.04,2025-11-07T20:52:46Z
XEMD,44.25,2025-11-07T19:37:16Z
XENE,38.28,2025-11-07T20:59:57Z
XERS,7.42,2025-11-07T20:59:59Z
XES,79.76,2025-11-07T20:55:04Z
XFIV,49.665,2025-11-07T19:24:50Z
XFLT,4.925,2025-11-07T20:59:49Z
XFOR,3.7,2025-11-07T20:59:49Z
XGN,9.535,2025-11-07T20:59:47Z
XHB,105.6,2025-11-07T20:59:55Z
XHG,0.82,2025-11-07T20:58:26Z
XHLD,0.289,2025-11-07T19:00:37Z
XHR,13.59,2025-11-07T20:59:54Z
XHS,102.75,2025-11-07T15:05:51Z
XIFR,9.33,2025-11-07T20:59:50Z
XISE,30.13,2025-11-07T20:26:46Z
XJR,41.63,2025-11-07T20:01:00Z
XLB,85.845,2025-11-07T20:59:57Z
XLC,112.12,2025-11-07T20:59:58Z
XLE,89.53,2025-11-07T20:59:59Z
XLEI,24.36,2025-11-07T17:45:05Z
XLF,52.78,2025-11-07T20:59:58Z
XLG,58.44,2025-11-07T20:59:59Z
XLI,153.32,2025-11-07T20:59:58Z
XLK,288.19,2025-11-07T20:59:55Z
XLKI,25.67,2025-11-07T18:27:12Z
XLO,0.8,2025-11-07T20:59:43Z
XLP,76.71,2025-11-07T20:59:58Z
XLRE,41.28,2025-11-07T20:59:53Z
XLSR,60.17,2025-11-07T19:47:46Z
XLU,89.7,2025-11-07T20:59:57Z
XLV,146.13,2025-11-07T20:59:59Z
XLY,235.895,2025-11-07T20:59:48Z
XMAG,22.11,2025-11-07T20:16:43Z
XMAR,39.36,2025-11-07T20:25:49Z
XME,93.6,2025-11-07T20:59:52Z
XMHQ,101.94,2025-11-07T20:59:50Z
XMLV,62.72,2025-11-07T19:33:30Z
XMMO,136.3,2025-11-07T20:58:58Z
XMPT,21.87,2025-11-07T19:21:51Z
XMTR,64.81,2025-11-07T20:59:45Z
XMVM,60.02,2025-11-07T18:03:03Z
XNCR,13.91,2025-11-07T20:59:48Z
XNET,7.86,2025-11-07T20:55:21Z
XNOV,36.9,2025-11-07T17:51:52Z
XNTK,278.185,2025-11-07T20:50:04Z
XOM,117.255,2025-11-07T20:59:57Z
XOMO,11.79,2025-11-07T20:50:17Z
XOMX,27.24,2025-11-07T14:47:43Z
XONE,49.555,2025-11-07T20:17:55Z
XOP,129.435,2025-11-07T20:59:50Z
XOVR,20.36,2025-11-07T20:25:38Z
XP,18.615,2025-11-07T20:59:56Z
XPAY,54.7,2025-11-07T20:19:07Z
XPEL,37.82,2025-11-07T20:59:44Z
XPER,6.59,2025-11-07T20:59:56Z
XPEV,22.425,2025-11-07T20:59:59Z
XPH,48.205,2025-11-07T20:57:37Z
XPL,0.5806,2025-11-07T20:56:54Z
XPO,140.78,2025-11-07T20:59:51Z
XPOF,6.39,2025-11-07T20:59:53Z
XPON,1.16,2025-11-07T20:59:51Z
XPRO,12.945,2025-11-07T20:59:53Z
XRAY,11.19,2025-11-07T20:59:57Z
XRLV,53.77,2025-11-07T15:43:34Z
XRMI,17.8,2025-11-07T20:44:37Z
XRPI,13.93,2025-11-07T20:59:52Z
XRPN,10.24,2025-11-07T19:05:30Z
XRPNU,11.02,2025-11-07T14:36:21Z
XRPR,19.5,2025-11-07T20:59:51Z
XRPT,9.215,2025-11-07T20:59:55Z
XRT,79.9,2025-11-07T20:59:59Z
XRTX,0.5623,2025-11-07T19:53:00Z
XRX,3.06,2025-11-07T20:59:54Z
XSD,324.54,2025-11-07T20:55:00Z
XSHD,12.72,2025-11-07T20:34:59Z
XSHQ,41.49,2025-11-07T20:40:02Z
XSLV,45.5,2025-11-07T20:41:16Z
XSMO,71.67,2025-11-07T20:55:00Z
XSOE,38.6,2025-11-07T20:59:45Z
XSVM,54.74,2025-11-07T20:05:03Z
XSVN,48.31,2025-11-07T15:51:45Z
XSW,190.11,2025-11-07T20:36:09Z
XT,73.5,2025-11-07T20:55:32Z
XTEN,46.79,2025-11-07T17:27:48Z
XTIA,1.46,2025-11-07T20:59:54Z
XTJA,31.315,2025-11-07T19:43:32Z
XTKG,1.56,2025-11-07T15:44:37Z
XTL,143.195,2025-11-07T16:31:36Z
XTNT,0.7663,2025-11-07T20:55:27Z
XTR,30.23,2025-11-07T16:09:47Z
XUSP,46.03,2025-11-07T16:37:58Z
XV,26.31,2025-11-07T17:54:37Z
XVV,51.62,2025-11-07T19:47:48Z
XXII,1.245,2025-11-07T20:59:05Z
XXRP,19.04,2025-11-07T20:59:50Z
XYF,12.33,2025-11-07T19:56:27Z
XYL,151.28,2025-11-07T20:59:39Z
XYLD,39.8,2025-11-07T20:48:18Z
XYZ,65.485,2025-11-07T20:59:57Z
XYZG,15.78,2025-11-07T16:34:25Z
XYZY,7.41,2025-11-07T20:33:42Z
XZO,19.265,2025-11-07T20:59:10Z
YAAS,1.56,2025-11-07T16:16:32Z
YALA,7.19,2025-11-07T20:59:50Z
YANG,23.015,2025-11-07T20:59:50Z
YB,21.365,2025-11-07T15:44:49Z
YBIT,8.325,2025-11-07T20:59:46Z
YBTC,36.1,2025-11-07T17:16:23Z
YCBD,0.7868,2025-11-07T20:59:13Z
YCL,20.16,2025-11-07T15:52:51Z
YCS,48.31,2025-11-07T20:59:47Z
YCY,10.02,2025-11-07T18:55:05Z
YDDL,4.125,2025-11-07T18:29:05Z
YDEC,25.86,2025-11-07T17:47:17Z
YDES,8.845,2025-11-07T16:03:15Z
YDKG,0.0504,2025-11-07T20:58:32Z
YEAR,50.575,2025-11-07T20:55:11Z
YELP,28.905,2025-11-07T20:59:55Z
YETH,19.97,2025-11-07T17:42:58Z
YETI,36.28,2025-11-07T20:59:56Z
YEXT,8.46,2025-11-07T20:59:51Z
YGLD,41.92,2025-11-07T17:27:43Z
YGMZ,0.1494,2025-11-07T20:57:35Z
YHC,0.8798,2025-11-07T20:53:38Z
YINN,48.155,2025-11-07T20:59:54Z
YLD,19.11,2025-11-07T20:59:47Z
YLDE,52.73,2025-11-07T17:21:32Z
YMAG,14.855,2025-11-07T20:59:07Z
YMAT,0.82,2025-11-07T19:04:35Z
YMAX,11.355,2025-11-07T20:57:15Z
YMM,12.36,2025-11-07T20:59:57Z
YMT,1.4,2025-11-07T20:09:33Z
YOKE,26.77,2025-11-07T20:48:59Z
YORW,32.07,2025-11-07T20:56:26Z
YOU,36.09,2025-11-07T20:59:48Z
YPF,36.28,2025-11-07T20:59:48Z
YQQQ,12.55,2025-11-07T14:57:55Z
YRD,5.28,2025-11-07T16:26:39Z
YSEP,25.42,2025-11-07T18:04:51Z
YSG,6.48,2025-11-07T20:59:49Z
YSPY,18.19,2025-11-07T16:23:24Z
YSXT,2.36,2025-11-07T16:56:42Z
YUM,148.92,2025-11-07T20:59:55Z
YUMC,43.565,2025-11-07T20:59:49Z
YYAI,1.33,2025-11-07T20:54:12Z
YYGH,0.2725,2025-11-07T16:04:29Z
YYY,11.525,2025-11-07T20:59:45Z
Z,72.995,2025-11-07T20:59:54Z
ZALT,32.06,2025-11-07T20:59:54Z
ZAP,30.57,2025-11-07T20:22:14Z
ZAUG,26.46,2025-11-07T17:34:47Z
ZBAI,8.17,2025-11-07T17:08:15Z
ZBH,88.48,2025-11-07T20:59:53Z
ZBIO,33.63,2025-11-07T20:59:26Z
ZBRA,259.65,2025-11-07T20:59:55Z
ZD,32.58,2025-11-07T20:59:30Z
ZDAI,0.3801,2025-11-07T18:29:59Z
ZDEK,25.41,2025-11-07T20:59:45Z
ZDGE,2.84,2025-11-07T20:04:21Z
ZECP,33.94,2025-11-07T16:34:46Z
ZENA,4.07,2025-11-07T20:59:46Z
ZENV,1.3,2025-11-07T20:37:34Z
ZEO,1.35,2025-11-07T20:59:54Z
ZEPP,26.95,2025-11-07T20:59:52Z
ZETA,19.505,2025-11-07T20:59:55Z
ZEUS,34.35,2025-11-07T20:59:46Z
ZEXIT,10,2025-11-07T14:30:00Z
ZG,70.83,2025-11-07T20:59:50Z
ZGN,9.8,2025-11-07T20:59:59Z
ZH,4.14,2025-11-07T20:59:29Z
ZIEXT,1,2025-11-07T14:30:00Z
ZIM,14.72,2025-11-07T20:59:58Z
ZION,52.21,2025-11-07T20:59:51Z
ZIP,4.37,2025-11-07T20:59:56Z
ZJK,2.29,2025-11-07T16:36:54Z
ZJUN,26.55,2025-11-07T19:40:29Z
ZJYL,0.2692,2025-11-07T20:59:27Z
ZK,27.565,2025-11-07T20:59:58Z
ZKH,2.96,2025-11-07T20:59:56Z
ZKIN,2.96,2025-11-07T15:27:59Z
ZLAB,21.9,2025-11-07T20:59:59Z
ZM,81.69,2025-11-07T20:59:55Z
ZNB,1.085,2025-11-07T20:59:45Z
ZNOV,26.48,2025-11-07T20:29:31Z
ZNTL,1.27,2025-11-07T20:59:54Z
ZOCT,26.61,2025-11-07T19:12:21Z
ZONE,0.8492,2025-11-07T20:59:42Z
ZOOZ,0.625,2025-11-07T20:59:57Z
ZROZ,67.93,2025-11-07T20:59:51Z
ZS,319.96,2025-11-07T20:59:58Z
ZSL,13.455,2025-11-07T20:58:49Z
ZSPC,0.7926,2025-11-07T20:59:45Z
ZTEK,0.8111,2025-11-07T20:45:20Z
ZTO,18.83,2025-11-07T20:59:50Z
ZTR,6.46,2025-11-07T20:59:50Z
ZTRE,51.17,2025-11-07T19:54:17Z
ZTS,120.21,2025-11-07T20:59:53Z
ZUMZ,21.79,2025-11-07T20:55:16Z
ZURA,3.665,2025-11-07T20:59:39Z
ZVIA,2.68,2025-11-07T20:59:51Z
ZVOL,10.97,2025-11-07T20:52:49Z
ZVRA,8.84,2025-11-07T20:59:45Z
ZVZZT,12.045,2025-11-07T18:50:19Z
ZWS,47.44,2025-11-07T20:59:46Z
ZXIET,100,2025-11-07T14:30:00Z
ZYBT,2.04,2025-11-07T18:45:22Z
ZYME,16.44,2025-11-07T20:59:50Z
ZYXI,1.045,2025-11-07T20:04:36Z
