symbol,close,last_trade_utc
A,157.26,2025-11-25T20:59:49Z
AA,39.19,2025-11-25T20:59:49Z
AAAU,40.785,2025-11-25T20:59:02Z
AACBR,0.3,2025-11-25T15:08:10Z
AAL,13.47,2025-11-25T20:59:56Z
AAME,2.34,2025-11-25T15:13:57Z
AAMI,44.915,2025-11-25T20:59:20Z
AAOI,22.725,2025-11-25T20:59:54Z
AAON,93.92,2025-11-25T20:58:43Z
AAP,51.06,2025-11-25T20:59:50Z
AAPB,35.07,2025-11-25T20:54:40Z
AAPD,12.91,2025-11-25T20:59:43Z
AAPL,276.9,2025-11-25T20:59:59Z
AAPU,37.61,2025-11-25T20:58:51Z
AAPX,32.515,2025-11-25T20:59:48Z
AAPY,25.41,2025-11-25T20:59:50Z
AARD,9.35,2025-11-25T20:59:04Z
AAT,19.43,2025-11-25T20:59:57Z
AAUC,17.475,2025-11-25T20:56:48Z
AAVM,28.74,2025-11-25T14:52:15Z
AAXJ,91.85,2025-11-25T20:59:37Z
AB,41.09,2025-11-25T20:46:58Z
ABAT,3.575,2025-11-25T20:59:41Z
ABBV,231.83,2025-11-25T20:59:55Z
ABCB,76.28,2025-11-25T20:58:16Z
ABCL,3.625,2025-11-25T20:59:56Z
ABEO,4.87,2025-11-25T20:59:47Z
ABEV,2.505,2025-11-25T20:59:59Z
ABFL,70.8,2025-11-25T20:59:38Z
ABG,234.27,2025-11-25T20:54:30Z
ABL,6.24,2025-11-25T20:59:53Z
ABM,42.91,2025-11-25T20:59:26Z
ABNB,118.56,2025-11-25T20:59:59Z
ABOS,1.95,2025-11-25T20:51:22Z
ABR,8.93,2025-11-25T20:59:50Z
ABR-D,17.59,2025-11-25T18:27:46Z
ABR-F,22.3,2025-11-25T14:35:31Z
ABSI,3.08,2025-11-25T20:59:55Z
ABT,128.07,2025-11-25T20:59:51Z
ABTC,4.29,2025-11-25T20:59:54Z
ABTS,6.41,2025-11-25T15:38:51Z
ABUS,4.31,2025-11-25T20:59:14Z
ABVC,2.55,2025-11-25T20:42:48Z
ABVE,2.31,2025-11-25T20:59:35Z
ABVX,128.21,2025-11-25T20:59:57Z
ACA,106.74,2025-11-25T20:48:18Z
ACAD,24.38,2025-11-25T20:59:54Z
ACB,4.49,2025-11-25T20:59:50Z
ACCL,4.37,2025-11-25T17:30:19Z
ACCO,3.46,2025-11-25T20:59:55Z
ACDC,3.36,2025-11-25T20:59:55Z
ACEI,24.7,2025-11-25T18:44:07Z
ACEL,10.1,2025-11-25T20:59:52Z
ACES,32.13,2025-11-25T20:59:53Z
ACET,0.5999,2025-11-25T20:59:16Z
ACGL,93.62,2025-11-25T20:59:59Z
ACGLN,17.18,2025-11-25T17:51:32Z
ACGLO,20.965,2025-11-25T17:24:22Z
ACHC,16.57,2025-11-25T20:59:58Z
ACHR,7.38,2025-11-25T20:59:57Z
ACHV,4.59,2025-11-25T20:59:50Z
ACI,18,2025-11-25T20:59:59Z
ACIC,11.96,2025-11-25T20:59:43Z
ACIO,43.705,2025-11-25T20:59:50Z
ACIU,2.895,2025-11-25T20:59:01Z
ACIW,47.18,2025-11-25T20:59:41Z
ACKY,19.9,2025-11-25T19:41:39Z
ACLS,82.77,2025-11-25T20:59:59Z
ACLX,73.2,2025-11-25T20:59:41Z
ACM,103.8,2025-11-25T20:59:49Z
ACMR,33.06,2025-11-25T20:59:51Z
ACN,249.205,2025-11-25T20:59:48Z
ACNB,49.24,2025-11-25T19:58:57Z
ACNT,14.58,2025-11-25T20:59:52Z
ACOG,5.89,2025-11-25T14:57:40Z
ACP,5.34,2025-11-25T20:57:34Z
ACR,21.265,2025-11-25T20:59:51Z
ACRE,5.25,2025-11-25T20:59:17Z
ACRS,2.73,2025-11-25T20:59:56Z
ACRV,2.31,2025-11-25T20:59:51Z
ACT,39.11,2025-11-25T20:59:52Z
ACTG,3.665,2025-11-25T20:59:31Z
ACTU,6.29,2025-11-25T20:27:58Z
ACU,36.98,2025-11-25T20:46:06Z
ACV,25.165,2025-11-25T17:26:10Z
ACVA,7.6,2025-11-25T20:59:53Z
ACWI,139.645,2025-11-25T20:59:56Z
ACWV,120.64,2025-11-25T17:35:38Z
ACWX,65.58,2025-11-25T20:59:29Z
ACXP,4.05,2025-11-25T14:56:04Z
AD,47.27,2025-11-25T20:59:41Z
ADAG,1.98,2025-11-25T20:59:55Z
ADAM,7.56,2025-11-25T20:59:51Z
ADAMH,25.41,2025-11-25T20:59:12Z
ADAMI,25.21,2025-11-25T19:39:01Z
ADAMM,24.84,2025-11-25T19:56:31Z
ADAMN,22.24,2025-11-25T15:46:18Z
ADBE,319.47,2025-11-25T20:59:51Z
ADBG,8.66,2025-11-25T20:58:26Z
ADC,75.105,2025-11-25T20:59:54Z
ADC-A,17.59,2025-11-25T20:50:36Z
ADCT,4.39,2025-11-25T20:59:50Z
ADEA,12.35,2025-11-25T20:59:58Z
ADI,251.96,2025-11-25T20:59:55Z
ADIL,0.315,2025-11-25T20:49:09Z
ADM,59.71,2025-11-25T20:59:54Z
ADMA,19.2,2025-11-25T20:59:53Z
ADME,51.3,2025-11-25T20:42:00Z
ADNT,19.525,2025-11-25T20:59:35Z
ADP,256.345,2025-11-25T20:59:57Z
ADPT,20.33,2025-11-25T20:59:58Z
ADSE,11.5,2025-11-25T20:33:06Z
ADSK,295.12,2025-11-25T20:59:53Z
ADT,8.06,2025-11-25T20:59:57Z
ADTN,7.71,2025-11-25T20:59:55Z
ADTX,2.585,2025-11-25T20:39:55Z
ADUR,12.435,2025-11-25T20:57:39Z
ADUS,120.415,2025-11-25T20:57:21Z
ADV,0.926,2025-11-25T20:50:57Z
ADVB,0.4226,2025-11-25T18:44:23Z
ADVM,4.095,2025-11-25T20:54:17Z
ADX,22.46,2025-11-25T20:56:12Z
AEBI,11.755,2025-11-25T20:57:13Z
AEC,6.41,2025-11-25T20:49:58Z
AEE,104.97,2025-11-25T20:59:56Z
AEF,6.59,2025-11-25T20:38:55Z
AEFC,19.96,2025-11-25T18:44:51Z
AEG,7.715,2025-11-25T20:59:47Z
AEHL,3.19,2025-11-25T20:59:56Z
AEHR,21.55,2025-11-25T20:59:44Z
AEI,2.62,2025-11-25T20:59:06Z
AEIS,205.61,2025-11-25T20:59:17Z
AEM,165.88,2025-11-25T20:59:48Z
AENT,6.65,2025-11-25T17:17:09Z
AEO,19.66,2025-11-25T20:59:56Z
AEP,121.57,2025-11-25T20:59:59Z
AER,132.12,2025-11-25T20:59:54Z
AERO,18.63,2025-11-25T20:59:56Z
AES,13.81,2025-11-25T20:59:57Z
AESI,8.335,2025-11-25T20:59:42Z
AESR,20.19,2025-11-25T19:59:30Z
AEVA,10.41,2025-11-25T20:59:51Z
AEXA,11.155,2025-11-25T20:54:30Z
AEYE,12.14,2025-11-25T20:59:34Z
AFB,10.865,2025-11-25T20:39:08Z
AFCG,2.805,2025-11-25T20:56:33Z
AFG,137.56,2025-11-25T20:59:50Z
AFGC,19.26,2025-11-25T20:49:57Z
AFGD,21.13,2025-11-25T20:54:38Z
AFIF,9.46,2025-11-25T20:59:47Z
AFJKR,0.36,2025-11-25T15:25:35Z
AFL,111.67,2025-11-25T20:59:53Z
AFLG,39,2025-11-25T20:59:25Z
AFRI,9.75,2025-11-25T17:38:25Z
AFRM,68.82,2025-11-25T20:59:53Z
AFRU,13,2025-11-25T20:31:58Z
AFYA,14.72,2025-11-25T20:53:24Z
AG,12.405,2025-11-25T20:59:51Z
AGAE,0.3879,2025-11-25T20:58:37Z
AGCC,7.07,2025-11-25T16:48:30Z
AGCO,111.09,2025-11-25T20:59:45Z
AGD,11.45,2025-11-25T17:04:12Z
AGEM,37.16,2025-11-25T14:34:01Z
AGEN,4.37,2025-11-25T20:59:38Z
AGG,100.81,2025-11-25T20:59:59Z
AGGH,20.865,2025-11-25T20:59:45Z
AGGY,44.335,2025-11-25T20:55:29Z
AGH,4.69,2025-11-25T20:42:39Z
AGI,34.625,2025-11-25T20:59:58Z
AGIO,28.47,2025-11-25T20:59:50Z
AGIQ,22.26,2025-11-25T17:05:16Z
AGL,0.6251,2025-11-25T20:59:58Z
AGM,171.48,2025-11-25T20:59:00Z
AGM-F,19.35,2025-11-25T17:15:06Z
AGNC,10.4,2025-11-25T20:59:54Z
AGNCL,24.75,2025-11-25T18:38:11Z
AGNCM,24.39,2025-11-25T20:54:44Z
AGNCN,25.34,2025-11-25T17:12:09Z
AGNCO,25.2,2025-11-25T20:53:02Z
AGNCP,24.92,2025-11-25T20:58:05Z
AGNCZ,25.46,2025-11-25T20:48:12Z
AGNG,36.655,2025-11-25T19:07:57Z
AGO,90.04,2025-11-25T20:59:29Z
AGOX,29.52,2025-11-25T17:04:03Z
AGQ,88.255,2025-11-25T20:59:44Z
AGRO,7.85,2025-11-25T20:59:56Z
AGRZ,3.34,2025-11-25T16:08:13Z
AGX,372.23,2025-11-25T20:59:50Z
AGYS,125.99,2025-11-25T20:59:52Z
AGZD,22.46,2025-11-25T17:25:12Z
AHCO,9.67,2025-11-25T20:59:59Z
AHG,1.52,2025-11-25T20:09:13Z
AHH,6.42,2025-11-25T20:59:55Z
AHL,36.92,2025-11-25T20:59:54Z
AHL-D,20.255,2025-11-25T16:26:24Z
AHL-E,20.1,2025-11-25T20:18:21Z
AHL-F,24.92,2025-11-25T19:41:15Z
AHR,48.795,2025-11-25T20:59:52Z
AHT,3.18,2025-11-25T17:07:36Z
AHT-F,13.2,2025-11-25T17:03:53Z
AI,14.19,2025-11-25T20:59:58Z
AIA,94.64,2025-11-25T20:59:20Z
AIBD,7.48,2025-11-25T20:31:33Z
AIFF,1.61,2025-11-25T20:44:11Z
AIG,74.99,2025-11-25T20:59:54Z
AII,20.87,2025-11-25T20:59:53Z
AIIA,9.915,2025-11-25T18:58:57Z
AIIA=,10.18,2025-11-25T15:50:42Z
AIIO,0.6955,2025-11-25T20:59:56Z
AIM,1.575,2025-11-25T20:59:16Z
AIMD,2.05,2025-11-25T20:48:12Z
AIN,47.575,2025-11-25T20:59:39Z
AIO,22.635,2025-11-25T20:47:40Z
AIOO,25.63,2025-11-25T19:52:11Z
AIOT,4.71,2025-11-25T20:59:56Z
AIP,13.63,2025-11-25T20:59:53Z
AIPI,40.18,2025-11-25T20:15:11Z
AIPO,22.3,2025-11-25T20:46:06Z
AIQ,49.25,2025-11-25T20:59:46Z
AIR,82.66,2025-11-25T20:58:26Z
AIRE,0.5236,2025-11-25T20:59:50Z
AIRG,4.02,2025-11-25T19:56:19Z
AIRI,2.86,2025-11-25T14:59:30Z
AIRJ,3.11,2025-11-25T20:59:50Z
AIRO,7.835,2025-11-25T20:59:54Z
AIRR,97.31,2025-11-25T20:58:49Z
AIRS,3.85,2025-11-25T20:59:50Z
AIS,35.48,2025-11-25T20:10:30Z
AISP,3.605,2025-11-25T20:59:58Z
AIT,255.96,2025-11-25T20:59:46Z
AIV,5.695,2025-11-25T20:59:58Z
AIXC,2.48,2025-11-25T20:58:43Z
AIXI,0.731,2025-11-25T20:38:17Z
AIYY,1.93,2025-11-25T20:52:17Z
AIZ,228.42,2025-11-25T20:58:05Z
AIZN,19.7,2025-11-25T19:36:47Z
AJG,250.26,2025-11-25T20:59:51Z
AKAM,90.78,2025-11-25T20:59:56Z
AKBA,1.57,2025-11-25T20:59:57Z
AKR,20.655,2025-11-25T20:59:54Z
AKRE,64.23,2025-11-25T20:55:47Z
AKRO,54.35,2025-11-25T20:59:15Z
AL,63.85,2025-11-25T20:59:55Z
ALAB,144.67,2025-11-25T20:59:56Z
ALAI,36.05,2025-11-25T20:58:21Z
ALAR,11.6,2025-11-25T17:12:24Z
ALB,125.27,2025-11-25T20:59:54Z
ALB-A,53.14,2025-11-25T20:51:54Z
ALBT,1.36,2025-11-25T20:39:33Z
ALC,79.69,2025-11-25T20:59:54Z
ALCO,33.23,2025-11-25T20:59:59Z
ALDX,5.25,2025-11-25T20:59:56Z
ALE,67.525,2025-11-25T20:59:56Z
ALEC,1.28,2025-11-25T20:59:59Z
ALEX,15.63,2025-11-25T20:59:46Z
ALG,163.495,2025-11-25T20:59:55Z
ALGM,25.75,2025-11-25T20:59:41Z
ALGN,147.52,2025-11-25T20:59:58Z
ALGS,9.775,2025-11-25T20:58:52Z
ALGT,72.48,2025-11-25T20:59:50Z
ALH,24.005,2025-11-25T20:58:51Z
ALHC,19.15,2025-11-25T20:59:51Z
ALIS,9.94,2025-11-25T14:31:45Z
ALIT,2.24,2025-11-25T20:59:58Z
ALK,41.27,2025-11-25T20:59:51Z
ALKS,29.01,2025-11-25T20:59:54Z
ALKT,21.565,2025-11-25T20:59:52Z
ALL,212.625,2025-11-25T20:59:54Z
ALL-H,21.21,2025-11-25T20:24:32Z
ALL-J,26.62,2025-11-25T18:33:34Z
ALLE,166.08,2025-11-25T20:59:55Z
ALLO,1.355,2025-11-25T20:59:59Z
ALLR,1.155,2025-11-25T14:36:11Z
ALLT,9.635,2025-11-25T20:59:26Z
ALLW,28.665,2025-11-25T20:56:56Z
ALLY,40.72,2025-11-25T20:59:52Z
ALM,6.19,2025-11-25T20:59:59Z
ALMS,7.325,2025-11-25T20:59:47Z
ALMU,13.71,2025-11-25T20:46:16Z
ALNT,53.515,2025-11-25T20:29:25Z
ALNY,429.78,2025-11-25T20:59:59Z
ALPS,1.27,2025-11-25T20:01:11Z
ALRG,27.03,2025-11-25T14:53:33Z
ALRM,52.49,2025-11-25T20:59:50Z
ALRS,21.84,2025-11-25T20:59:30Z
ALSN,87.84,2025-11-25T20:59:54Z
ALT,5.135,2025-11-25T20:59:56Z
ALTG,4.835,2025-11-25T20:59:44Z
ALTI,3.99,2025-11-25T20:59:15Z
ALTL,42.44,2025-11-25T19:16:48Z
ALTO,2.45,2025-11-25T20:59:57Z
ALTS,1.76,2025-11-25T20:59:56Z
ALTY,11.97,2025-11-25T18:20:27Z
ALUB=,10.06,2025-11-25T18:01:47Z
ALUR,1.46,2025-11-25T20:54:37Z
ALV,117.4,2025-11-25T20:59:51Z
ALVO,5.33,2025-11-25T20:59:57Z
ALVOW,0.7312,2025-11-25T16:40:08Z
ALX,212.615,2025-11-25T16:47:02Z
ALXO,1.5,2025-11-25T17:12:52Z
ALZN,2.13,2025-11-25T18:32:14Z
AM,17.595,2025-11-25T20:59:57Z
AMAL,30.105,2025-11-25T20:59:11Z
AMAT,242.52,2025-11-25T20:59:56Z
AMAX,7.98,2025-11-25T14:54:01Z
AMBA,91.05,2025-11-25T20:59:47Z
AMBO,4,2025-11-25T15:02:30Z
AMBP,3.74,2025-11-25T20:59:58Z
AMBQ,23.45,2025-11-25T18:35:52Z
AMBR,1.6,2025-11-25T20:39:31Z
AMC,2.26,2025-11-25T20:59:59Z
AMCR,8.51,2025-11-25T20:59:56Z
AMCX,8.925,2025-11-25T20:59:55Z
AMD,206.125,2025-11-25T20:59:59Z
AMDD,9.98,2025-11-25T20:59:05Z
AMDG,27.98,2025-11-25T20:54:50Z
AMDL,14.75,2025-11-25T20:59:33Z
AMDW,48.91,2025-11-25T15:43:33Z
AMDY,7.715,2025-11-25T20:59:42Z
AME,197,2025-11-25T20:59:47Z
AMG,265.67,2025-11-25T20:59:41Z
AMGN,341.07,2025-11-25T20:59:55Z
AMH,32.08,2025-11-25T20:59:58Z
AMIX,0.9703,2025-11-25T20:58:46Z
AMJB,30.47,2025-11-25T20:47:26Z
AMKR,33.8,2025-11-25T20:59:50Z
AMLP,47.15,2025-11-25T20:59:50Z
AMLX,14.895,2025-11-25T20:59:47Z
AMN,17.485,2025-11-25T20:59:55Z
AMOD,0.7409,2025-11-25T18:53:12Z
AMP,452.64,2025-11-25T20:59:30Z
AMPG,3.25,2025-11-25T20:56:59Z
AMPH,27.665,2025-11-25T20:59:29Z
AMPL,10.21,2025-11-25T20:59:58Z
AMPX,10.74,2025-11-25T20:59:51Z
AMPY,5.235,2025-11-25T20:59:39Z
AMR,160.62,2025-11-25T20:57:48Z
AMRC,33.28,2025-11-25T20:59:51Z
AMRK,26.56,2025-11-25T20:59:33Z
AMRN,15.72,2025-11-25T20:59:03Z
AMRX,12.45,2025-11-25T20:59:55Z
AMRZ,50.79,2025-11-25T20:59:53Z
AMS,2.16,2025-11-25T17:03:28Z
AMSC,30.79,2025-11-25T20:59:38Z
AMSF,40.925,2025-11-25T20:59:43Z
AMT,179.71,2025-11-25T20:59:50Z
AMTB,18.91,2025-11-25T20:59:24Z
AMTD,1.03,2025-11-25T19:33:48Z
AMTM,30,2025-11-25T20:59:54Z
AMTX,1.64,2025-11-25T20:59:58Z
AMUN,26.12,2025-11-25T19:53:36Z
AMUU,56.99,2025-11-25T20:30:19Z
AMWD,54.75,2025-11-25T20:57:41Z
AMWL,4.01,2025-11-25T20:55:33Z
AMX,23.15,2025-11-25T20:59:54Z
AMYY,22,2025-11-25T15:52:36Z
AMZA,39.64,2025-11-25T18:12:22Z
AMZD,10.15,2025-11-25T20:54:10Z
AMZE,0.349,2025-11-25T20:59:28Z
AMZN,229.57,2025-11-25T20:59:59Z
AMZU,36.58,2025-11-25T20:59:04Z
AMZY,13.56,2025-11-25T20:59:36Z
AMZZ,31.46,2025-11-25T20:58:57Z
AN,215.53,2025-11-25T20:59:59Z
ANAB,41.44,2025-11-25T20:59:44Z
ANDE,50.97,2025-11-25T20:59:55Z
ANEL,15.04,2025-11-25T20:20:32Z
ANET,125.07,2025-11-25T20:59:53Z
ANF,90.3,2025-11-25T20:59:54Z
ANGI,11.43,2025-11-25T20:59:59Z
ANGL,29.515,2025-11-25T20:58:00Z
ANGO,12.4,2025-11-25T20:58:58Z
ANGX,4.64,2025-11-25T20:59:50Z
ANIK,9.98,2025-11-25T20:59:53Z
ANIP,83.29,2025-11-25T20:59:51Z
ANIX,4.32,2025-11-25T20:59:28Z
ANL,1.445,2025-11-25T18:20:28Z
ANNX,4.435,2025-11-25T20:59:57Z
ANRO,13.315,2025-11-25T20:59:50Z
ANTA,9.3,2025-11-25T20:31:10Z
ANVS,4.79,2025-11-25T20:59:55Z
ANY,0.4714,2025-11-25T18:48:16Z
AOA,88.8,2025-11-25T20:31:08Z
AOD,9.37,2025-11-25T20:50:10Z
AOHY,11.16,2025-11-25T20:59:47Z
AOK,40.45,2025-11-25T20:54:39Z
AOM,47.88,2025-11-25T20:59:45Z
AOMR,8.615,2025-11-25T20:59:22Z
AON,350.89,2025-11-25T20:59:54Z
AOR,64.835,2025-11-25T20:59:46Z
AORT,46.85,2025-11-25T20:59:53Z
AOS,65.41,2025-11-25T20:59:59Z
AOSL,20.585,2025-11-25T20:59:44Z
AOUT,7.09,2025-11-25T20:59:47Z
AP,2.51,2025-11-25T20:45:48Z
APA,24.08,2025-11-25T20:59:59Z
APACR,0.15,2025-11-25T19:58:42Z
APAM,41.52,2025-11-25T20:57:58Z
APD,258.91,2025-11-25T20:59:51Z
APEI,34.98,2025-11-25T20:59:43Z
APG,38.98,2025-11-25T20:59:52Z
APGE,70.86,2025-11-25T20:59:28Z
APH,137.79,2025-11-25T20:59:57Z
API,3.64,2025-11-25T20:59:08Z
APLD,23.72,2025-11-25T20:59:58Z
APLE,12.01,2025-11-25T20:59:58Z
APLS,21.005,2025-11-25T20:59:49Z
APLT,0.2466,2025-11-25T20:59:55Z
APLX,54.51,2025-11-25T20:56:09Z
APLY,13.905,2025-11-25T19:56:10Z
APM,1.3,2025-11-25T15:45:02Z
APMU,25.16,2025-11-25T20:40:30Z
APO,130.65,2025-11-25T20:59:54Z
APOC,25.99,2025-11-25T17:21:04Z
APOG,35.94,2025-11-25T20:59:51Z
APP,555.88,2025-11-25T20:59:52Z
APPF,229.73,2025-11-25T20:59:13Z
APPN,42.21,2025-11-25T20:59:40Z
APPS,4.77,2025-11-25T20:59:54Z
APPX,26.92,2025-11-25T14:30:00Z
APRB,25.3,2025-11-25T20:25:16Z
APRE,1.2,2025-11-25T16:53:12Z
APRJ,24.78,2025-11-25T17:47:59Z
APRZ,37.99,2025-11-25T15:12:48Z
APT,4.6,2025-11-25T19:13:03Z
APTV,76.36,2025-11-25T20:59:49Z
APUE,41.39,2025-11-25T20:59:45Z
APUS,1.92,2025-11-25T18:19:03Z
APVO,1.21,2025-11-25T20:59:52Z
APYX,4.015,2025-11-25T20:48:08Z
AQB,0.893,2025-11-25T19:47:25Z
AQMS,7.21,2025-11-25T18:17:06Z
AQN,6.075,2025-11-25T20:59:48Z
AQST,6.085,2025-11-25T20:59:57Z
AR,33.985,2025-11-25T20:59:51Z
ARAI,3.98,2025-11-25T20:41:29Z
ARAY,1.01,2025-11-25T20:59:30Z
ARBB,5.84,2025-11-25T15:26:34Z
ARBE,1.415,2025-11-25T20:59:55Z
ARBK,0.2278,2025-11-25T20:58:55Z
ARBKL,1.16,2025-11-25T20:59:44Z
ARCB,64.23,2025-11-25T20:58:55Z
ARCC,20.325,2025-11-25T20:59:55Z
ARCO,7.21,2025-11-25T20:59:23Z
ARCT,6.815,2025-11-25T20:59:53Z
ARCX,7.3,2025-11-25T20:25:20Z
ARDC,13.46,2025-11-25T16:10:28Z
ARDT,9.13,2025-11-25T20:59:53Z
ARDX,5.71,2025-11-25T20:59:51Z
ARE,52.63,2025-11-25T20:59:49Z
AREB,1.095,2025-11-25T20:59:38Z
AREC,2.645,2025-11-25T20:59:55Z
AREN,3.84,2025-11-25T20:58:59Z
ARES,152.79,2025-11-25T20:59:52Z
ARGT,88.075,2025-11-25T20:58:40Z
ARGX,917.83,2025-11-25T20:59:41Z
ARHS,9.905,2025-11-25T20:59:56Z
ARI,10.185,2025-11-25T20:59:55Z
ARKB,29,2025-11-25T20:59:48Z
ARKF,47.14,2025-11-25T19:43:07Z
ARKG,31.125,2025-11-25T20:59:54Z
ARKK,77.265,2025-11-25T20:59:55Z
ARKO,4.65,2025-11-25T20:59:49Z
ARKQ,106.69,2025-11-25T19:09:24Z
ARKW,147.315,2025-11-25T20:49:56Z
ARKX,26.9,2025-11-25T20:59:54Z
ARLO,14.1,2025-11-25T20:59:51Z
ARLP,24.12,2025-11-25T20:55:23Z
ARM,131.46,2025-11-25T20:59:57Z
ARMG,8.65,2025-11-25T17:35:05Z
ARMK,37.955,2025-11-25T20:59:54Z
ARMN,13.11,2025-11-25T20:59:58Z
ARMP,7.17,2025-11-25T20:59:56Z
ARMW,36.1,2025-11-25T20:54:40Z
AROC,23.99,2025-11-25T20:59:53Z
AROW,30.775,2025-11-25T20:59:22Z
ARP,31.2,2025-11-25T15:42:58Z
ARQ,3.615,2025-11-25T20:59:54Z
ARQQ,25.67,2025-11-25T20:57:32Z
ARQQW,0.2433,2025-11-25T20:00:10Z
ARQT,30.73,2025-11-25T20:59:48Z
ARR,17.05,2025-11-25T20:59:56Z
ARR-C,21.23,2025-11-25T20:51:59Z
ARRY,7.49,2025-11-25T20:59:55Z
ARTNA,31.455,2025-11-25T18:03:17Z
ARTV,3.345,2025-11-25T20:58:55Z
ARTW,2.29,2025-11-25T17:13:28Z
ARTY,46.2,2025-11-25T20:57:05Z
ARVN,12.115,2025-11-25T20:59:55Z
ARW,106.735,2025-11-25T20:59:36Z
ARWR,46.82,2025-11-25T20:59:52Z
ARX,14.425,2025-11-25T20:59:53Z
AS,36.61,2025-11-25T20:59:54Z
ASA,48.905,2025-11-25T19:42:21Z
ASAN,12.43,2025-11-25T20:59:59Z
ASB,26.43,2025-11-25T20:59:54Z
ASBP,0.1015,2025-11-25T20:55:06Z
ASC,12.52,2025-11-25T20:59:49Z
ASEA,18.21,2025-11-25T14:36:16Z
ASG,5.3,2025-11-25T20:50:01Z
ASGI,21.37,2025-11-25T20:52:20Z
ASGN,45.54,2025-11-25T20:59:43Z
ASH,51.79,2025-11-25T20:59:41Z
ASHR,32.27,2025-11-25T20:59:59Z
ASIC,18.51,2025-11-25T20:59:52Z
ASIX,15.195,2025-11-25T20:58:50Z
ASLE,6.415,2025-11-25T20:59:04Z
ASM,4.75,2025-11-25T20:59:58Z
ASMB,37.3,2025-11-25T20:59:50Z
ASMF,23.54,2025-11-25T17:25:28Z
ASMG,22.74,2025-11-25T20:54:30Z
ASML,1003.835,2025-11-25T20:59:59Z
ASND,206.33,2025-11-25T20:59:30Z
ASNS,2.775,2025-11-25T20:59:14Z
ASO,46.545,2025-11-25T20:59:47Z
ASPI,5.98,2025-11-25T20:59:50Z
ASPN,3.215,2025-11-25T20:59:52Z
ASR,305.56,2025-11-25T17:57:54Z
ASRT,0.7179,2025-11-25T20:59:58Z
ASST,1.105,2025-11-25T20:59:59Z
ASTE,44.02,2025-11-25T20:56:21Z
ASTH,23.13,2025-11-25T20:59:38Z
ASTI,1.46,2025-11-25T15:58:46Z
ASTL,3.635,2025-11-25T20:59:04Z
ASTS,55.54,2025-11-25T20:59:54Z
ASTX,28.08,2025-11-25T20:57:20Z
ASUR,8.04,2025-11-25T20:57:05Z
ASX,14.17,2025-11-25T20:59:59Z
ASYS,7.57,2025-11-25T20:59:53Z
ATAI,3.75,2025-11-25T20:59:56Z
ATAT,37.21,2025-11-25T20:59:52Z
ATCH,0.2986,2025-11-25T20:59:42Z
ATEC,21.825,2025-11-25T20:59:53Z
ATEN,17.07,2025-11-25T20:59:50Z
ATER,0.7055,2025-11-25T19:54:12Z
ATEX,20.48,2025-11-25T20:59:57Z
ATGE,89.47,2025-11-25T20:59:46Z
ATH-A,24.78,2025-11-25T20:44:19Z
ATH-D,17.15,2025-11-25T16:21:52Z
ATH-E,25.53,2025-11-25T15:03:16Z
ATHM,23.95,2025-11-25T20:59:51Z
ATHS,25.18,2025-11-25T20:32:22Z
ATI,99.29,2025-11-25T20:59:57Z
ATIIW,0.4302,2025-11-25T19:56:57Z
ATKR,65.02,2025-11-25T20:59:49Z
ATLC,58.04,2025-11-25T20:56:50Z
ATLCP,23.88,2025-11-25T20:50:38Z
ATLCZ,25.4,2025-11-25T15:35:16Z
ATLN,2.32,2025-11-25T20:59:53Z
ATLX,4.86,2025-11-25T20:59:26Z
ATMU,48.01,2025-11-25T20:59:54Z
ATNI,21.16,2025-11-25T20:59:19Z
ATO,173.255,2025-11-25T20:59:50Z
ATOM,2.415,2025-11-25T20:58:48Z
ATON,2.105,2025-11-25T20:55:58Z
ATOS,0.7679,2025-11-25T20:59:57Z
ATR,123.43,2025-11-25T20:59:34Z
ATRC,38.4,2025-11-25T20:59:51Z
ATRO,51.02,2025-11-25T20:59:32Z
ATS,25.055,2025-11-25T20:55:14Z
ATXG,0.44,2025-11-25T20:41:48Z
ATXS,12.34,2025-11-25T20:59:56Z
ATYR,0.769,2025-11-25T20:59:50Z
AU,84.38,2025-11-25T20:59:53Z
AUB,34.27,2025-11-25T20:59:58Z
AUDC,8.675,2025-11-25T20:59:25Z
AUGO,37.2,2025-11-25T20:59:59Z
AUGT,35.08,2025-11-25T18:57:29Z
AUGW,32.11,2025-11-25T20:21:52Z
AUID,1.22,2025-11-25T20:54:51Z
AUNA,4.67,2025-11-25T19:19:07Z
AUPH,16.29,2025-11-25T20:59:58Z
AUR,3.925,2025-11-25T20:59:56Z
AURA,6.14,2025-11-25T20:59:52Z
AURE,0.488,2025-11-25T20:03:10Z
AUSF,45.88,2025-11-25T20:24:29Z
AUST,1.56,2025-11-25T16:12:02Z
AUTL,1.38,2025-11-25T20:59:47Z
AVA,41.27,2025-11-25T20:59:53Z
AVAH,9.225,2025-11-25T20:59:58Z
AVAL,4.1,2025-11-25T20:47:39Z
AVAV,278.315,2025-11-25T20:59:32Z
AVB,181.66,2025-11-25T20:59:59Z
AVBC,15.74,2025-11-25T20:59:09Z
AVBH,25.87,2025-11-25T20:34:39Z
AVBP,22.77,2025-11-25T20:59:56Z
AVD,4.39,2025-11-25T20:56:26Z
AVDE,79.5,2025-11-25T20:58:59Z
AVDL,22.93,2025-11-25T20:59:58Z
AVDV,90.275,2025-11-25T20:59:50Z
AVEM,75.95,2025-11-25T20:59:48Z
AVGG,35.68,2025-11-25T19:57:45Z
AVGO,385.16,2025-11-25T20:59:59Z
AVGU,43.845,2025-11-25T20:11:41Z
AVGW,56.03,2025-11-25T15:16:25Z
AVGX,61.42,2025-11-25T20:59:45Z
AVIG,42.285,2025-11-25T20:55:21Z
AVIR,3.02,2025-11-25T20:59:39Z
AVIV,68.57,2025-11-25T20:59:01Z
AVK,12.35,2025-11-25T20:56:16Z
AVL,67.6,2025-11-25T20:59:46Z
AVLC,77.41,2025-11-25T20:45:01Z
AVLV,73.705,2025-11-25T20:59:46Z
AVMU,46.05,2025-11-25T20:15:21Z
AVNS,11.95,2025-11-25T20:59:56Z
AVNT,30.285,2025-11-25T20:59:33Z
AVNW,21.6,2025-11-25T20:59:51Z
AVO,11.78,2025-11-25T20:59:27Z
AVPT,12.94,2025-11-25T20:59:58Z
AVR,3.85,2025-11-25T20:59:52Z
AVRE,44.2,2025-11-25T20:56:58Z
AVS,8.775,2025-11-25T20:59:25Z
AVSC,58.11,2025-11-25T20:57:50Z
AVSE,64.14,2025-11-25T17:52:46Z
AVSF,47.285,2025-11-25T20:54:53Z
AVSU,74.58,2025-11-25T16:39:07Z
AVT,47.175,2025-11-25T20:59:32Z
AVTR,11.85,2025-11-25T20:59:57Z
AVTX,18.96,2025-11-25T20:59:45Z
AVUQ,59.67,2025-11-25T20:53:40Z
AVUS,110.14,2025-11-25T20:50:01Z
AVUV,100.15,2025-11-25T20:59:45Z
AVX,1.89,2025-11-25T20:20:56Z
AVXC,61.52,2025-11-25T20:28:12Z
AVXL,3.46,2025-11-25T20:59:58Z
AVY,170.52,2025-11-25T20:59:24Z
AWF,10.755,2025-11-25T20:57:50Z
AWI,190.05,2025-11-25T20:57:37Z
AWK,130.36,2025-11-25T20:59:46Z
AWP,3.915,2025-11-25T20:56:05Z
AWR,74.175,2025-11-25T20:58:32Z
AWRE,2.18,2025-11-25T20:54:59Z
AX,82.72,2025-11-25T20:50:59Z
AXG,3.605,2025-11-25T20:59:25Z
AXGN,28.32,2025-11-25T20:59:51Z
AXIA,11.605,2025-11-25T20:59:48Z
AXIA-,12.51,2025-11-25T20:59:41Z
AXL,6.36,2025-11-25T20:59:53Z
AXON,528.715,2025-11-25T20:59:51Z
AXP,362.7,2025-11-25T20:59:55Z
AXS,100.12,2025-11-25T20:59:47Z
AXS-E,20.81,2025-11-25T16:00:51Z
AXSM,150.15,2025-11-25T20:59:33Z
AXTA,29.745,2025-11-25T20:59:56Z
AXTI,9.215,2025-11-25T20:59:50Z
AYI,364.09,2025-11-25T20:59:32Z
AYTU,2.11,2025-11-25T20:54:10Z
AZ,6.495,2025-11-25T20:59:49Z
AZI,0.0688,2025-11-25T20:59:58Z
AZN,93.25,2025-11-25T20:59:50Z
AZO,3948.41,2025-11-25T20:59:32Z
AZTA,38.11,2025-11-25T20:59:53Z
AZTR,0.3151,2025-11-25T20:59:44Z
AZZ,106.925,2025-11-25T20:44:58Z
B,39.125,2025-11-25T20:59:58Z
BA,182.43,2025-11-25T20:59:52Z
BA-A,60.96,2025-11-25T20:59:56Z
BAB,27.47,2025-11-25T20:32:25Z
BABA,157.065,2025-11-25T20:59:54Z
BABO,14.35,2025-11-25T20:59:59Z
BABX,41.94,2025-11-25T20:59:47Z
BAC,52.47,2025-11-25T20:59:59Z
BAC-L,1249.185,2025-11-25T20:35:58Z
BAC-M,22.23,2025-11-25T19:51:54Z
BAC-N,20.705,2025-11-25T14:48:09Z
BAC-O,18.01,2025-11-25T16:53:10Z
BAC-P,16.82,2025-11-25T14:50:51Z
BAC-Q,17.37,2025-11-25T19:14:16Z
BAC-S,19.51,2025-11-25T17:10:59Z
BACC,10.315,2025-11-25T20:38:49Z
BACCR,0.35,2025-11-25T16:05:02Z
BACQ,10.705,2025-11-25T20:58:53Z
BAER,1.8,2025-11-25T18:44:41Z
BAFE,26.78,2025-11-25T20:59:46Z
BAH,83.64,2025-11-25T20:59:52Z
BAI,33.5,2025-11-25T20:59:35Z
BAIG,13.05,2025-11-25T20:55:49Z
BAK,2.88,2025-11-25T20:59:55Z
BALI,31.64,2025-11-25T20:59:59Z
BALL,49.375,2025-11-25T20:59:52Z
BALT,33.075,2025-11-25T20:54:30Z
BALY,16.74,2025-11-25T20:55:55Z
BAM,51.305,2025-11-25T20:59:56Z
BAMB,26.87,2025-11-25T20:55:11Z
BAMG,39.75,2025-11-25T20:59:31Z
BAMV,32.03,2025-11-25T20:37:29Z
BAMY,28.14,2025-11-25T19:19:03Z
BANC,18.62,2025-11-25T20:59:58Z
BANC-F,24.8,2025-11-25T15:46:28Z
BAND,14.37,2025-11-25T20:59:35Z
BANF,113.57,2025-11-25T20:55:04Z
BANFP,26.28,2025-11-25T15:13:18Z
BANR,64.69,2025-11-25T20:58:49Z
BANX,21.41,2025-11-25T19:57:46Z
BAOS,3.185,2025-11-25T20:50:02Z
BAP,251.66,2025-11-25T20:59:42Z
BAR,40.75,2025-11-25T20:20:58Z
BARK,0.7023,2025-11-25T20:59:52Z
BASG,25.62,2025-11-25T19:36:16Z
BATL,1.15,2025-11-25T14:35:16Z
BATRK,38.895,2025-11-25T20:59:46Z
BATT,12.84,2025-11-25T20:57:57Z
BAUG,49.35,2025-11-25T20:58:00Z
BAX,18.65,2025-11-25T20:59:59Z
BB,4.01,2025-11-25T20:59:54Z
BBAI,6.2,2025-11-25T20:59:56Z
BBAR,14.375,2025-11-25T20:58:46Z
BBAX,55.185,2025-11-25T20:54:05Z
BBBI,52.42,2025-11-25T20:15:21Z
BBBY,5.68,2025-11-25T20:59:48Z
BBC,36.31,2025-11-25T19:19:47Z
BBCA,88.63,2025-11-25T20:50:00Z
BBCP,6.1,2025-11-25T20:59:47Z
BBD,3.535,2025-11-25T20:59:49Z
BBDC,8.98,2025-11-25T20:59:57Z
BBDO,3.08,2025-11-25T19:34:40Z
BBEU,70.19,2025-11-25T20:59:44Z
BBH,194.975,2025-11-25T15:12:21Z
BBHY,46.705,2025-11-25T20:59:46Z
BBIN,70.72,2025-11-25T20:58:41Z
BBIO,70.61,2025-11-25T20:59:43Z
BBJP,67.82,2025-11-25T20:59:41Z
BBLG,1.44,2025-11-25T15:15:45Z
BBLU,15.28,2025-11-25T20:57:56Z
BBMC,104.28,2025-11-25T15:14:07Z
BBN,17.235,2025-11-25T20:53:41Z
BBNX,31.47,2025-11-25T20:59:51Z
BBOT,12.38,2025-11-25T20:59:36Z
BBRE,95.04,2025-11-25T15:01:37Z
BBSI,35.45,2025-11-25T20:59:33Z
BBT,25.865,2025-11-25T20:59:49Z
BBU,33.64,2025-11-25T20:48:25Z
BBUC,33.9,2025-11-25T20:59:32Z
BBUS,122.2,2025-11-25T20:59:47Z
BBVA,21.17,2025-11-25T20:59:55Z
BBW,51.435,2025-11-25T20:59:50Z
BBWI,16.905,2025-11-25T20:59:59Z
BBY,79.64,2025-11-25T20:59:49Z
BC,67.28,2025-11-25T20:59:52Z
BC-C,23.6,2025-11-25T20:55:43Z
BCAB,0.8288,2025-11-25T20:59:38Z
BCAL,19.47,2025-11-25T20:59:37Z
BCARW,0.35,2025-11-25T16:12:15Z
BCAT,14.17,2025-11-25T20:59:20Z
BCAX,18.42,2025-11-25T20:59:46Z
BCBP,8.07,2025-11-25T20:57:01Z
BCC,75.46,2025-11-25T20:59:49Z
BCCC,18.43,2025-11-25T19:19:31Z
BCD,35.22,2025-11-25T18:01:09Z
BCDF,30.61,2025-11-25T18:26:37Z
BCE,23.02,2025-11-25T20:59:59Z
BCG,3.145,2025-11-25T20:30:57Z
BCH,36.86,2025-11-25T20:59:52Z
BCI,22.14,2025-11-25T20:59:54Z
BCIC,13.07,2025-11-25T20:57:20Z
BCML,29.07,2025-11-25T14:30:03Z
BCO,112.6,2025-11-25T20:59:44Z
BCPC,156.78,2025-11-25T20:58:53Z
BCRX,6.85,2025-11-25T20:59:56Z
BCS,21.69,2025-11-25T20:59:50Z
BCSF,14.18,2025-11-25T20:59:54Z
BCTX,9.745,2025-11-25T20:55:38Z
BCTXZ,0.3231,2025-11-25T18:31:53Z
BCX,9.99,2025-11-25T20:59:50Z
BCYC,6.885,2025-11-25T20:59:50Z
BDBT,25.67,2025-11-25T19:24:03Z
BDC,113.69,2025-11-25T20:59:17Z
BDEC,48.6,2025-11-25T18:37:33Z
BDGS,34.35,2025-11-25T15:32:15Z
BDJ,9,2025-11-25T20:53:37Z
BDMD,1.49,2025-11-25T16:03:20Z
BDN,3.37,2025-11-25T20:59:57Z
BDRX,3.86,2025-11-25T19:46:05Z
BDRY,9.26,2025-11-25T19:52:09Z
BDSX,7.655,2025-11-25T20:57:46Z
BDTX,3.865,2025-11-25T20:59:51Z
BDVL,25.12,2025-11-25T18:42:12Z
BDX,195.54,2025-11-25T20:59:47Z
BDYN,25.55,2025-11-25T20:59:06Z
BE,94.28,2025-11-25T20:59:50Z
BEAG,10.77,2025-11-25T20:59:52Z
BEAGR,0.42,2025-11-25T20:36:42Z
BEAM,24.7,2025-11-25T20:59:51Z
BEAT,0.5942,2025-11-25T20:00:04Z
BEEM,1.68,2025-11-25T20:59:41Z
BEEP,3.07,2025-11-25T20:33:16Z
BEKE,17.42,2025-11-25T20:59:59Z
BELFA,126.85,2025-11-25T19:55:56Z
BELFB,150.8,2025-11-25T20:57:42Z
BEN,22.26,2025-11-25T20:59:55Z
BENF,0.5244,2025-11-25T20:14:05Z
BEP,28.25,2025-11-25T20:59:42Z
BEPC,41.525,2025-11-25T20:59:57Z
BEPH,15.58,2025-11-25T18:03:34Z
BERZ,3.26,2025-11-25T20:40:57Z
BETA,25.94,2025-11-25T20:59:18Z
BETR,45.59,2025-11-25T20:59:17Z
BETRW,0.57,2025-11-25T20:26:00Z
BEX,12.67,2025-11-25T20:41:43Z
BF.A,28.255,2025-11-25T20:55:52Z
BF.B,28.81,2025-11-25T20:59:59Z
BFAM,101.93,2025-11-25T20:59:48Z
BFAP,21.38,2025-11-25T17:16:18Z
BFC,126.18,2025-11-25T20:54:34Z
BFEB,47.46,2025-11-25T15:25:12Z
BFH,66.785,2025-11-25T20:59:55Z
BFIN,11.92,2025-11-25T20:55:18Z
BFIX,25.22,2025-11-25T18:14:54Z
BFK,9.92,2025-11-25T20:52:21Z
BFLY,3.38,2025-11-25T20:59:57Z
BFRI,0.776,2025-11-25T20:51:01Z
BFS,31.2,2025-11-25T20:52:57Z
BFST,26.48,2025-11-25T20:57:29Z
BFZ,10.96,2025-11-25T20:55:56Z
BG,96.49,2025-11-25T20:59:51Z
BGB,11.8,2025-11-25T20:42:43Z
BGC,8.475,2025-11-25T20:59:51Z
BGH,15.005,2025-11-25T20:57:05Z
BGIG,32.56,2025-11-25T20:50:38Z
BGL,3.175,2025-11-25T20:59:58Z
BGLC,4.35,2025-11-25T17:20:33Z
BGLD,24.38,2025-11-25T20:47:22Z
BGM,8.33,2025-11-25T15:57:08Z
BGR,13.32,2025-11-25T20:03:58Z
BGRN,48.32,2025-11-25T17:51:39Z
BGS,4.445,2025-11-25T20:59:52Z
BGSF,4.31,2025-11-25T20:27:20Z
BGSI,160.21,2025-11-25T17:20:52Z
BGT,11.275,2025-11-25T20:58:57Z
BGX,11.8,2025-11-25T20:59:54Z
BGY,5.63,2025-11-25T20:54:24Z
BH,293.74,2025-11-25T20:59:48Z
BHB,30.55,2025-11-25T20:47:56Z
BHC,6.315,2025-11-25T20:59:41Z
BHE,44.71,2025-11-25T20:59:48Z
BHF,65.57,2025-11-25T20:59:58Z
BHFAL,17.11,2025-11-25T15:54:19Z
BHFAM,11.42,2025-11-25T20:14:47Z
BHFAN,13.145,2025-11-25T20:09:21Z
BHFAO,16.52,2025-11-25T17:39:40Z
BHFAP,16.06,2025-11-25T18:56:05Z
BHK,9.64,2025-11-25T20:53:44Z
BHP,53.685,2025-11-25T20:59:57Z
BHR,2.7,2025-11-25T20:59:30Z
BHRB,65.215,2025-11-25T20:58:47Z
BHST,7.045,2025-11-25T20:36:41Z
BHVN,9.4,2025-11-25T20:59:58Z
BIB,81.34,2025-11-25T18:20:42Z
BIBL,44.88,2025-11-25T20:49:22Z
BIDD,27.91,2025-11-25T17:56:52Z
BIDU,117.9,2025-11-25T20:59:57Z
BIGY,52.91,2025-11-25T18:50:28Z
BIIB,181.98,2025-11-25T20:59:56Z
BIL,91.675,2025-11-25T20:59:31Z
BILI,27.2,2025-11-25T20:59:58Z
BILL,49.45,2025-11-25T20:59:47Z
BILS,99.435,2025-11-25T20:59:44Z
BILT,26.16,2025-11-25T20:43:19Z
BILZ,101.005,2025-11-25T20:12:09Z
BINC,53.29,2025-11-25T20:59:30Z
BINT,27.685,2025-11-25T20:54:43Z
BIO,332.265,2025-11-25T20:59:48Z
BIOA,8.985,2025-11-25T20:59:21Z
BIOX,1.55,2025-11-25T20:49:09Z
BIP,35.79,2025-11-25T20:59:59Z
BIPC,44.79,2025-11-25T20:59:39Z
BIPH,17.07,2025-11-25T19:23:49Z
BIRD,5.06,2025-11-25T20:55:41Z
BIRK,42.44,2025-11-25T20:59:49Z
BIS,9.37,2025-11-25T20:59:45Z
BIT,13.19,2025-11-25T20:58:06Z
BITB,47.475,2025-11-25T20:59:56Z
BITC,40.73,2025-11-25T17:36:27Z
BITF,2.78,2025-11-25T20:59:53Z
BITI,23.49,2025-11-25T20:59:47Z
BITK,16.35,2025-11-25T19:17:44Z
BITO,13.675,2025-11-25T20:59:57Z
BITQ,21.7,2025-11-25T20:51:14Z
BITU,28.975,2025-11-25T20:59:51Z
BITX,29.3,2025-11-25T20:59:47Z
BIV,78.72,2025-11-25T20:59:52Z
BIVI,1.35,2025-11-25T20:13:30Z
BIYA,0.2584,2025-11-25T20:57:36Z
BIZD,14.38,2025-11-25T20:59:57Z
BJ,89.32,2025-11-25T20:59:52Z
BJRI,38.24,2025-11-25T20:59:43Z
BK,109.12,2025-11-25T20:59:52Z
BK-K,25.78,2025-11-25T20:09:49Z
BKAG,42.82,2025-11-25T20:28:58Z
BKCH,73.52,2025-11-25T20:58:59Z
BKD,11.245,2025-11-25T20:59:57Z
BKDV,28.345,2025-11-25T20:55:48Z
BKE,56.485,2025-11-25T20:59:47Z
BKGI,40.11,2025-11-25T20:52:30Z
BKH,72,2025-11-25T20:59:50Z
BKHY,48.42,2025-11-25T20:32:41Z
BKKT,15.39,2025-11-25T20:59:59Z
BKLC,129.575,2025-11-25T20:54:42Z
BKLN,20.86,2025-11-25T20:59:50Z
BKN,11.095,2025-11-25T20:50:14Z
BKNG,4905.395,2025-11-25T20:59:49Z
BKR,49.445,2025-11-25T20:59:59Z
BKSE,111.29,2025-11-25T15:52:31Z
BKSY,17.14,2025-11-25T20:59:51Z
BKT,11.115,2025-11-25T20:57:31Z
BKTI,66.69,2025-11-25T20:52:55Z
BKU,43.305,2025-11-25T20:59:51Z
BKV,25.5,2025-11-25T20:59:50Z
BKYI,0.7919,2025-11-25T20:59:58Z
BL,57.74,2025-11-25T20:59:54Z
BLBD,51.76,2025-11-25T20:59:07Z
BLBX,6.51,2025-11-25T19:27:19Z
BLCN,24.27,2025-11-25T14:43:40Z
BLCO,15.9,2025-11-25T20:59:53Z
BLD,446.845,2025-11-25T20:59:50Z
BLDG,25.53,2025-11-25T15:48:59Z
BLDP,2.685,2025-11-25T20:59:51Z
BLDR,108.99,2025-11-25T20:59:50Z
BLE,10.4,2025-11-25T20:44:57Z
BLFS,26.97,2025-11-25T20:59:50Z
BLFY,11.46,2025-11-25T20:59:18Z
BLGR,28.6,2025-11-25T15:15:00Z
BLK,1029.99,2025-11-25T20:59:54Z
BLKB,56.36,2025-11-25T20:59:45Z
BLKC,24.61,2025-11-25T15:40:05Z
BLLN,129.57,2025-11-25T20:59:20Z
BLMN,6.89,2025-11-25T20:59:58Z
BLMZ,1.03,2025-11-25T19:19:48Z
BLND,3.16,2025-11-25T20:59:59Z
BLNE,1.76,2025-11-25T20:59:58Z
BLNK,1.265,2025-11-25T20:59:51Z
BLOK,58.89,2025-11-25T20:59:57Z
BLOX,18.59,2025-11-25T20:26:38Z
BLRX,3.8,2025-11-25T19:16:47Z
BLSG,7.84,2025-11-25T14:39:26Z
BLSH,40.46,2025-11-25T20:59:50Z
BLTE,127.03,2025-11-25T20:39:50Z
BLUC,28.23,2025-11-25T17:00:15Z
BLUW,10.06,2025-11-25T18:40:31Z
BLUWW,0.17,2025-11-25T19:26:59Z
BLUX,27.81,2025-11-25T20:37:42Z
BLV,71.27,2025-11-25T20:59:48Z
BLW,13.83,2025-11-25T20:23:12Z
BLX,44.57,2025-11-25T20:58:37Z
BLZE,4.59,2025-11-25T20:59:56Z
BLZRU,10.24,2025-11-25T15:04:04Z
BMA,76.62,2025-11-25T20:59:49Z
BMAY,44.18,2025-11-25T20:56:06Z
BMBL,3.56,2025-11-25T20:59:57Z
BMEA,1.025,2025-11-25T20:59:57Z
BMEZ,15.18,2025-11-25T20:59:54Z
BMGL,1.16,2025-11-25T17:00:16Z
BMHL,3.5,2025-11-25T18:31:33Z
BMI,183.21,2025-11-25T20:59:22Z
BML-G,19.45,2025-11-25T17:19:34Z
BML-H,19.1,2025-11-25T19:57:44Z
BML-J,19.65,2025-11-25T17:06:11Z
BML-L,18.93,2025-11-25T20:02:59Z
BMN,24.75,2025-11-25T17:30:14Z
BMNG,4.48,2025-11-25T20:31:54Z
BMNR,28.975,2025-11-25T20:59:58Z
BMNU,6.345,2025-11-25T20:59:59Z
BMNZ,28.45,2025-11-25T20:45:53Z
BMO,123.875,2025-11-25T20:59:30Z
BMR,2.01,2025-11-25T17:47:31Z
BMRC,27.04,2025-11-25T20:59:01Z
BMRN,56.32,2025-11-25T20:59:50Z
BMY,49.05,2025-11-25T20:59:59Z
BN,46.06,2025-11-25T20:59:58Z
BNAI,0.3754,2025-11-25T20:45:17Z
BNAIW,0.0485,2025-11-25T20:54:59Z
BNBX,2.38,2025-11-25T20:44:45Z
BNC,5.76,2025-11-25T20:59:55Z
BND,74.815,2025-11-25T20:59:59Z
BNDC,22.61,2025-11-25T15:46:04Z
BNDI,48.12,2025-11-25T19:09:50Z
BNDW,70.01,2025-11-25T20:59:46Z
BNDX,49.645,2025-11-25T20:59:58Z
BNDY,26.12,2025-11-25T17:40:34Z
BNED,9.12,2025-11-25T20:59:56Z
BNGO,1.73,2025-11-25T20:59:55Z
BNKK,0.1654,2025-11-25T20:58:14Z
BNL,17.715,2025-11-25T20:59:50Z
BNO,28.51,2025-11-25T20:59:05Z
BNR,18.99,2025-11-25T20:17:20Z
BNRG,1.13,2025-11-25T19:50:35Z
BNS,67.855,2025-11-25T20:59:59Z
BNTC,12.96,2025-11-25T20:59:37Z
BNTX,99.71,2025-11-25T20:59:46Z
BNY,10.3,2025-11-25T20:57:31Z
BNZI,1.185,2025-11-25T20:59:50Z
BOC,12.37,2025-11-25T20:53:54Z
BOCT,48.65,2025-11-25T19:15:44Z
BODI,9,2025-11-25T20:59:50Z
BOE,11.45,2025-11-25T20:58:12Z
BOF,2.76,2025-11-25T16:14:39Z
BOH,66.86,2025-11-25T20:59:54Z
BOH-A,15.9,2025-11-25T20:59:44Z
BOIL,31.435,2025-11-25T20:59:45Z
BOKF,113.3,2025-11-25T20:59:53Z
BOLD,1.115,2025-11-25T16:34:15Z
BOND,94.06,2025-11-25T20:59:12Z
BOOM,6.175,2025-11-25T20:58:32Z
BOOT,195.95,2025-11-25T20:59:54Z
BORR,3.325,2025-11-25T20:59:49Z
BOSC,4.77,2025-11-25T20:55:49Z
BOTJ,17.475,2025-11-25T20:31:59Z
BOTZ,34.56,2025-11-25T20:59:55Z
BOW,28.005,2025-11-25T20:53:23Z
BOX,29.995,2025-11-25T20:59:54Z
BOXL,0.8428,2025-11-25T18:05:13Z
BOXX,114.53,2025-11-25T20:59:47Z
BP,35.69,2025-11-25T20:59:54Z
BPOP,114.81,2025-11-25T20:59:35Z
BPRN,34,2025-11-25T16:31:23Z
BPYPO,14.6,2025-11-25T15:50:20Z
BQ,1.785,2025-11-25T20:40:30Z
BR,228.58,2025-11-25T20:56:24Z
BRAG,2.105,2025-11-25T17:00:00Z
BRBR,30.365,2025-11-25T20:59:55Z
BRBS,4.27,2025-11-25T20:59:49Z
BRC,80.99,2025-11-25T20:59:38Z
BRCB,20.705,2025-11-25T20:59:28Z
BRCC,1.2,2025-11-25T20:58:50Z
BRK.B,508.57,2025-11-25T20:59:58Z
BRKR,49.34,2025-11-25T20:59:58Z
BRKU,25.97,2025-11-25T20:54:09Z
BRKW,46.21,2025-11-25T20:09:39Z
BRLS,1.8,2025-11-25T16:04:55Z
BRLT,1.805,2025-11-25T20:59:54Z
BRN,1.17,2025-11-25T20:59:19Z
BRNS,0.72,2025-11-25T20:25:02Z
BRO,80.5,2025-11-25T20:59:50Z
BROS,57.39,2025-11-25T20:59:52Z
BRR,10.155,2025-11-25T20:49:07Z
BRRR,24.68,2025-11-25T20:58:46Z
BRRWW,0.7,2025-11-25T18:21:36Z
BRSL,15.92,2025-11-25T20:59:51Z
BRSP,5.61,2025-11-25T20:59:57Z
BRT,14.8,2025-11-25T20:34:41Z
BRTR,51.355,2025-11-25T19:10:02Z
BRW,7.16,2025-11-25T20:49:00Z
BRX,26.08,2025-11-25T20:59:58Z
BRY,3.285,2025-11-25T20:59:56Z
BRZE,28.315,2025-11-25T20:59:53Z
BRZU,80.18,2025-11-25T20:04:17Z
BSAC,29.51,2025-11-25T20:59:31Z
BSBK,8.45,2025-11-25T19:34:10Z
BSBR,6.225,2025-11-25T20:59:55Z
BSCP,20.675,2025-11-25T18:40:22Z
BSCQ,19.555,2025-11-25T20:44:56Z
BSCR,19.715,2025-11-25T20:59:58Z
BSCS,20.585,2025-11-25T20:59:48Z
BSCT,18.845,2025-11-25T20:59:45Z
BSCU,16.945,2025-11-25T20:59:46Z
BSCV,16.735,2025-11-25T20:59:25Z
BSCW,20.945,2025-11-25T20:50:39Z
BSCX,21.545,2025-11-25T20:55:23Z
BSCY,21.105,2025-11-25T20:59:54Z
BSCZ,20.92,2025-11-25T20:59:46Z
BSEP,48.53,2025-11-25T19:16:34Z
BSET,15.495,2025-11-25T18:32:32Z
BSJP,23.035,2025-11-25T20:59:45Z
BSJQ,23.335,2025-11-25T20:59:05Z
BSJR,22.59,2025-11-25T20:59:46Z
BSJS,21.98,2025-11-25T20:54:29Z
BSJT,21.45,2025-11-25T20:52:23Z
BSJU,26.03,2025-11-25T20:49:26Z
BSJW,25.77,2025-11-25T18:36:58Z
BSL,13.63,2025-11-25T18:36:07Z
BSLK,2.06,2025-11-25T20:49:10Z
BSM,13.745,2025-11-25T20:59:43Z
BSMC,34.09,2025-11-25T20:12:54Z
BSMP,24.49,2025-11-25T19:50:07Z
BSMQ,23.595,2025-11-25T20:55:11Z
BSMS,23.45,2025-11-25T17:40:31Z
BSMV,21.12,2025-11-25T20:59:42Z
BSMW,25.1,2025-11-25T17:55:24Z
BSOL,18.08,2025-11-25T20:59:33Z
BSRR,31.04,2025-11-25T18:31:20Z
BST,39.4,2025-11-25T20:36:56Z
BSTZ,21.44,2025-11-25T19:29:00Z
BSV,79.155,2025-11-25T20:59:59Z
BSVN,42.72,2025-11-25T15:11:40Z
BSVO,23.2,2025-11-25T20:58:53Z
BSX,101.34,2025-11-25T20:59:50Z
BSY,41.25,2025-11-25T20:59:52Z
BTA,9.41,2025-11-25T15:09:30Z
BTAI,1.91,2025-11-25T20:59:59Z
BTAL,15.17,2025-11-25T20:59:45Z
BTBD,1.44,2025-11-25T16:59:23Z
BTBT,2.25,2025-11-25T20:59:51Z
BTC,38.65,2025-11-25T20:59:50Z
BTCI,45.47,2025-11-25T20:59:59Z
BTCL,30.33,2025-11-25T20:11:08Z
BTCO,86.92,2025-11-25T20:46:07Z
BTCS,3.055,2025-11-25T20:59:45Z
BTCW,91.9,2025-11-25T20:11:36Z
BTCZ,4.425,2025-11-25T20:59:40Z
BTDR,11.915,2025-11-25T20:59:57Z
BTE,3.165,2025-11-25T20:59:06Z
BTG,4.325,2025-11-25T20:59:59Z
BTGD,34.02,2025-11-25T16:07:24Z
BTI,56.67,2025-11-25T20:59:58Z
BTM,1.405,2025-11-25T20:59:58Z
BTMD,2.54,2025-11-25T20:59:38Z
BTMWW,0.1302,2025-11-25T17:09:30Z
BTOG,0.2477,2025-11-25T20:59:05Z
BTQ,6.87,2025-11-25T20:59:41Z
BTSG,36.225,2025-11-25T20:59:59Z
BTT,22.53,2025-11-25T19:02:24Z
BTTC,3.08,2025-11-25T18:01:16Z
BTU,26.59,2025-11-25T20:59:54Z
BTX,6.6,2025-11-25T20:59:45Z
BTZ,10.89,2025-11-25T20:58:14Z
BUCK,23.78,2025-11-25T20:55:28Z
BUD,62.56,2025-11-25T20:59:57Z
BUFB,36.04,2025-11-25T20:59:49Z
BUFD,27.915,2025-11-25T20:45:03Z
BUFF,49.29,2025-11-25T17:24:32Z
BUFG,27.175,2025-11-25T20:59:45Z
BUFQ,35.11,2025-11-25T19:58:24Z
BUFR,33.79,2025-11-25T20:57:29Z
BUFT,24.37,2025-11-25T20:59:45Z
BUFZ,26.24,2025-11-25T20:59:47Z
BUG,31.575,2025-11-25T20:58:55Z
BUI,25.78,2025-11-25T16:51:31Z
BULL,8.705,2025-11-25T20:59:58Z
BULX,8.99,2025-11-25T16:27:53Z
BULZ,233.4,2025-11-25T19:50:18Z
BUR,9.42,2025-11-25T20:59:50Z
BURL,249.95,2025-11-25T20:59:50Z
BURU,0.2046,2025-11-25T20:46:17Z
BUSE,23.965,2025-11-25T20:59:46Z
BUSEP,25.35,2025-11-25T20:32:19Z
BUUU,8.45,2025-11-25T16:46:12Z
BUXX,20.345,2025-11-25T20:51:42Z
BUYW,14.205,2025-11-25T20:59:45Z
BUZZ,32.11,2025-11-25T17:45:44Z
BV,12.505,2025-11-25T20:59:44Z
BVAL,27.21,2025-11-25T15:11:26Z
BVFL,18.37,2025-11-25T19:34:27Z
BVN,23.375,2025-11-25T20:59:53Z
BVS,7.79,2025-11-25T20:59:47Z
BW,5.885,2025-11-25T20:59:58Z
BWA,43.605,2025-11-25T20:59:50Z
BWAY,15.47,2025-11-25T20:54:59Z
BWB,17.54,2025-11-25T20:59:01Z
BWEN,2.825,2025-11-25T20:59:13Z
BWFG,45.6,2025-11-25T20:59:53Z
BWG,8.29,2025-11-25T17:06:02Z
BWIN,27.5,2025-11-25T20:59:52Z
BWLP,12.37,2025-11-25T20:59:00Z
BWMN,34.925,2025-11-25T20:57:34Z
BWMX,14.39,2025-11-25T20:30:06Z
BWNB,24.5,2025-11-25T18:49:41Z
BWTG,38.89,2025-11-25T15:37:42Z
BWX,22.5,2025-11-25T20:48:46Z
BWXT,174.86,2025-11-25T20:59:19Z
BWZ,27.11,2025-11-25T20:50:10Z
BX,143.44,2025-11-25T20:59:55Z
BXC,60.56,2025-11-25T20:46:46Z
BXMT,19.35,2025-11-25T20:59:58Z
BXMX,14.365,2025-11-25T20:40:19Z
BXP,72.41,2025-11-25T20:59:49Z
BXSL,27.25,2025-11-25T20:59:53Z
BY,28.36,2025-11-25T20:59:49Z
BYAH,0.2766,2025-11-25T20:59:59Z
BYD,82.69,2025-11-25T20:59:55Z
BYLD,22.97,2025-11-25T18:37:59Z
BYM,10.895,2025-11-25T20:54:31Z
BYND,0.8673,2025-11-25T20:59:55Z
BYRN,17.52,2025-11-25T20:58:55Z
BYSI,1.96,2025-11-25T17:01:07Z
BZ,21.735,2025-11-25T20:59:58Z
BZAI,2.36,2025-11-25T20:59:53Z
BZFD,0.8907,2025-11-25T20:59:46Z
BZH,22.68,2025-11-25T20:59:55Z
BZUN,2.75,2025-11-25T20:59:51Z
C,101.165,2025-11-25T20:59:58Z
C-N,29.83,2025-11-25T18:44:57Z
CAAA,20.59,2025-11-25T19:51:00Z
CAAP,23.58,2025-11-25T20:59:48Z
CABA,2.2,2025-11-25T20:59:54Z
CABO,112.83,2025-11-25T20:59:40Z
CABR,1.095,2025-11-25T19:53:46Z
CAC,41.55,2025-11-25T20:58:43Z
CACC,448.315,2025-11-25T20:57:03Z
CACI,618.01,2025-11-25T20:59:48Z
CADE,39.615,2025-11-25T20:59:56Z
CADE-A,21.45,2025-11-25T17:10:56Z
CADL,4.465,2025-11-25T20:59:41Z
CAE,25.89,2025-11-25T20:59:50Z
CAFG,25.41,2025-11-25T16:51:09Z
CAG,17.74,2025-11-25T20:59:59Z
CAH,213.78,2025-11-25T20:59:38Z
CAI,25.57,2025-11-25T20:59:55Z
CAIE,27.085,2025-11-25T20:43:42Z
CAIQ,25.78,2025-11-25T20:54:40Z
CAKE,47.005,2025-11-25T20:59:53Z
CAL,11.64,2025-11-25T20:59:57Z
CALC,4.15,2025-11-25T14:36:33Z
CALF,44.14,2025-11-25T20:59:25Z
CALI,50.56,2025-11-25T20:52:22Z
CALM,83.86,2025-11-25T20:59:47Z
CALX,55.87,2025-11-25T20:59:43Z
CAML,38.18,2025-11-25T19:37:34Z
CAMP,3.56,2025-11-25T20:12:45Z
CAMT,103.25,2025-11-25T20:59:42Z
CAN,0.9038,2025-11-25T20:59:56Z
CANF,0.3167,2025-11-25T20:54:21Z
CANG,1.4,2025-11-25T20:59:00Z
CAOS,89.88,2025-11-25T20:56:13Z
CAPE,32.33,2025-11-25T17:41:53Z
CAPR,4.595,2025-11-25T20:59:54Z
CAPS,0.789,2025-11-25T20:33:04Z
CAPT,0.7482,2025-11-25T19:19:49Z
CAR,133.935,2025-11-25T20:59:25Z
CARE,18.265,2025-11-25T20:59:59Z
CARG,36,2025-11-25T20:59:53Z
CARL,14.74,2025-11-25T20:54:57Z
CARR,53.95,2025-11-25T20:59:52Z
CARS,11.74,2025-11-25T20:59:51Z
CART,42.205,2025-11-25T20:59:59Z
CARV,1.55,2025-11-25T20:28:35Z
CARY,21.02,2025-11-25T20:59:46Z
CASH,71.61,2025-11-25T20:54:52Z
CASI,1.095,2025-11-25T20:22:51Z
CASS,41.925,2025-11-25T20:58:24Z
CASY,565.45,2025-11-25T20:59:38Z
CAT,566.74,2025-11-25T20:59:54Z
CATO,3.43,2025-11-25T20:01:09Z
CATX,2.195,2025-11-25T20:59:40Z
CATY,49.28,2025-11-25T20:59:58Z
CAVA,48.54,2025-11-25T20:59:56Z
CB,297.83,2025-11-25T20:59:54Z
CBAN,17.085,2025-11-25T20:54:09Z
CBAT,0.8977,2025-11-25T17:11:40Z
CBC,24.215,2025-11-25T20:57:14Z
CBIO,13.895,2025-11-25T19:13:36Z
CBK,24.5,2025-11-25T18:45:48Z
CBL,33.11,2025-11-25T20:59:50Z
CBLL,17.345,2025-11-25T20:59:30Z
CBNK,28.21,2025-11-25T20:20:12Z
CBOE,256.65,2025-11-25T20:59:42Z
CBOJ,24.97,2025-11-25T14:35:41Z
CBOO,24.61,2025-11-25T19:48:18Z
CBOY,24.94,2025-11-25T15:06:55Z
CBRE,162.17,2025-11-25T20:59:49Z
CBRL,28.16,2025-11-25T20:59:59Z
CBSE,39.39,2025-11-25T20:33:08Z
CBSH,53.905,2025-11-25T20:59:46Z
CBT,64.1,2025-11-25T20:59:54Z
CBU,58.775,2025-11-25T20:20:00Z
CBUS,1.315,2025-11-25T20:58:51Z
CBXJ,23.82,2025-11-25T15:31:36Z
CBXO,23.14,2025-11-25T19:27:37Z
CBZ,49.13,2025-11-25T20:59:53Z
CC,12.32,2025-11-25T20:59:57Z
CCAP,14.18,2025-11-25T20:59:59Z
CCB,108.65,2025-11-25T20:58:27Z
CCBG,42.39,2025-11-25T20:56:40Z
CCC,7.25,2025-11-25T20:59:55Z
CCCC,2.47,2025-11-25T20:59:50Z
CCCX,13.85,2025-11-25T20:59:41Z
CCCXW,6.05,2025-11-25T20:23:55Z
CCD,20.65,2025-11-25T20:39:18Z
CCEC,19.475,2025-11-25T16:42:41Z
CCEF,28.59,2025-11-25T18:26:31Z
CCEP,91.29,2025-11-25T20:59:50Z
CCG,0.9701,2025-11-25T20:24:47Z
CCHH,9.7,2025-11-25T20:59:17Z
CCI,89.385,2025-11-25T20:59:50Z
CCID,25.1,2025-11-25T17:12:21Z
CCIF,5.13,2025-11-25T20:08:22Z
CCJ,87.33,2025-11-25T20:59:51Z
CCK,97.06,2025-11-25T20:59:56Z
CCL,25.73,2025-11-25T20:59:58Z
CCLD,2.975,2025-11-25T20:58:44Z
CCLDO,25.16,2025-11-25T20:35:39Z
CCNE,25.98,2025-11-25T20:59:53Z
CCO,1.92,2025-11-25T20:59:50Z
CCOI,17.91,2025-11-25T20:59:58Z
CCRN,10.85,2025-11-25T20:50:07Z
CCS,64.19,2025-11-25T20:58:26Z
CCSI,21.595,2025-11-25T20:59:43Z
CCSO,24.09,2025-11-25T15:11:05Z
CCTG,0.2028,2025-11-25T20:58:59Z
CCU,13.04,2025-11-25T20:59:57Z
CCUP,3.63,2025-11-25T20:59:46Z
CD,9.685,2025-11-25T20:59:26Z
CDC,66.27,2025-11-25T16:02:57Z
CDE,15.07,2025-11-25T20:59:59Z
CDIO,3.01,2025-11-25T14:30:04Z
CDL,69.17,2025-11-25T16:44:18Z
CDLR,16.75,2025-11-25T20:59:25Z
CDLX,1.215,2025-11-25T20:59:56Z
CDNA,17.91,2025-11-25T20:59:49Z
CDNS,303.72,2025-11-25T20:59:56Z
CDP,30.63,2025-11-25T20:59:44Z
CDRE,42.565,2025-11-25T20:58:54Z
CDRO,6.76,2025-11-25T20:22:24Z
CDROW,0.71,2025-11-25T16:23:14Z
CDTX,219.675,2025-11-25T20:58:48Z
CDW,143.23,2025-11-25T20:59:49Z
CDX,22.585,2025-11-25T20:53:22Z
CDXS,1.68,2025-11-25T20:59:58Z
CDZI,5.48,2025-11-25T20:59:49Z
CDZIP,19.6,2025-11-25T20:52:47Z
CE,39.48,2025-11-25T20:59:59Z
CECO,51.48,2025-11-25T20:59:39Z
CEE,16.785,2025-11-25T20:54:39Z
CEF,39.365,2025-11-25T20:58:59Z
CEG,351.75,2025-11-25T20:59:55Z
CELC,98.895,2025-11-25T20:59:19Z
CELH,40.43,2025-11-25T20:59:59Z
CELU,1.98,2025-11-25T20:59:45Z
CELZ,2.82,2025-11-25T20:07:29Z
CEMB,46.15,2025-11-25T20:52:38Z
CENN,0.1675,2025-11-25T20:53:24Z
CENT,34.095,2025-11-25T20:59:29Z
CENTA,30.99,2025-11-25T20:59:55Z
CENX,28.425,2025-11-25T20:59:37Z
CEP,14.375,2025-11-25T20:16:05Z
CEPF,10.38,2025-11-25T18:40:25Z
CEPI,35.48,2025-11-25T20:59:28Z
CEPO,10.41,2025-11-25T20:09:04Z
CEPT,10.86,2025-11-25T20:59:55Z
CEPU,14.16,2025-11-25T20:58:08Z
CEPV,10.23,2025-11-25T20:51:44Z
CERS,1.78,2025-11-25T20:59:56Z
CERT,9.13,2025-11-25T20:59:54Z
CERY,29.1,2025-11-25T17:24:16Z
CET,49.33,2025-11-25T17:06:52Z
CETX,2.92,2025-11-25T20:59:30Z
CETY,2.33,2025-11-25T20:59:55Z
CEV,10.5,2025-11-25T16:38:56Z
CEVA,20.26,2025-11-25T20:59:33Z
CEW,18.99,2025-11-25T14:47:13Z
CF,77.69,2025-11-25T20:59:58Z
CFBK,24.01,2025-11-25T18:37:06Z
CFFN,6.65,2025-11-25T20:59:55Z
CFG,54.19,2025-11-25T20:59:58Z
CFG-H,26.28,2025-11-25T15:48:42Z
CFG-I,25.49,2025-11-25T20:17:21Z
CFLT,21.845,2025-11-25T20:59:56Z
CFND,5.39,2025-11-25T20:49:07Z
CFO,73.12,2025-11-25T19:19:09Z
CFR,125.39,2025-11-25T20:59:00Z
CFR-B,18.07,2025-11-25T16:38:51Z
CG,52.65,2025-11-25T20:59:54Z
CGABL,17.585,2025-11-25T20:25:13Z
CGAU,12.36,2025-11-25T20:59:56Z
CGBD,12.43,2025-11-25T20:59:41Z
CGBL,34.915,2025-11-25T20:59:59Z
CGC,1.19,2025-11-25T20:59:59Z
CGCB,26.805,2025-11-25T20:59:59Z
CGCP,22.84,2025-11-25T20:59:46Z
CGCV,30.39,2025-11-25T20:59:57Z
CGDG,35.325,2025-11-25T20:59:54Z
CGDV,43.31,2025-11-25T20:59:25Z
CGEM,11.76,2025-11-25T20:59:57Z
CGEN,1.6,2025-11-25T20:59:45Z
CGGE,31.125,2025-11-25T20:59:45Z
CGGO,34.045,2025-11-25T20:59:55Z
CGGR,43.65,2025-11-25T20:58:57Z
CGHM,25.585,2025-11-25T20:59:49Z
CGHY,25.43,2025-11-25T20:52:57Z
CGIB,25.535,2025-11-25T20:59:07Z
CGIC,31.27,2025-11-25T20:56:28Z
CGIE,33.865,2025-11-25T20:57:05Z
CGMM,28.295,2025-11-25T20:55:47Z
CGMS,27.785,2025-11-25T20:57:01Z
CGMU,27.42,2025-11-25T20:59:59Z
CGNG,31.315,2025-11-25T20:59:46Z
CGNT,8.27,2025-11-25T20:59:42Z
CGNX,37.76,2025-11-25T20:59:45Z
CGO,11.05,2025-11-25T19:37:15Z
CGON,45.545,2025-11-25T20:59:45Z
CGSD,26.075,2025-11-25T20:59:45Z
CGSM,26.375,2025-11-25T20:58:58Z
CGTL,0.8498,2025-11-25T17:17:14Z
CGTX,1.465,2025-11-25T20:59:17Z
CGUS,39.96,2025-11-25T20:59:45Z
CGW,64.21,2025-11-25T20:38:57Z
CGXU,29.34,2025-11-25T20:58:35Z
CHA,14.23,2025-11-25T20:59:51Z
CHAC,11.2,2025-11-25T20:23:51Z
CHACR,1.02,2025-11-25T18:15:09Z
CHAI,2.67,2025-11-25T20:59:04Z
CHAT,58.85,2025-11-25T20:59:00Z
CHAU,19.57,2025-11-25T20:59:50Z
CHCI,13.6,2025-11-25T18:12:21Z
CHCO,123.3,2025-11-25T20:27:35Z
CHCT,15.575,2025-11-25T20:59:03Z
CHD,84.16,2025-11-25T20:59:37Z
CHDN,107.63,2025-11-25T20:59:48Z
CHE,440.68,2025-11-25T20:59:50Z
CHEF,62.09,2025-11-25T20:59:09Z
CHEK,1.6,2025-11-25T20:53:31Z
CHGG,0.9092,2025-11-25T20:57:36Z
CHH,92.2,2025-11-25T20:58:52Z
CHI,10.67,2025-11-25T20:58:49Z
CHIQ,21.86,2025-11-25T14:46:53Z
CHKP,185.91,2025-11-25T20:59:55Z
CHMI,2.31,2025-11-25T20:59:48Z
CHOW,9.3,2025-11-25T20:59:50Z
CHPS,42.65,2025-11-25T15:59:50Z
CHPT,7.79,2025-11-25T20:59:54Z
CHPY,55.13,2025-11-25T20:48:07Z
CHR,0.0451,2025-11-25T20:41:23Z
CHRD,91.865,2025-11-25T20:59:48Z
CHRS,1.27,2025-11-25T20:59:35Z
CHRW,157.35,2025-11-25T20:59:52Z
CHSCO,26.31,2025-11-25T19:03:13Z
CHSN,2.21,2025-11-25T20:49:55Z
CHT,41.765,2025-11-25T20:57:32Z
CHTR,200.73,2025-11-25T20:59:59Z
CHW,7.22,2025-11-25T20:39:45Z
CHWY,33.52,2025-11-25T20:59:56Z
CHY,11.28,2025-11-25T20:59:50Z
CHYM,19.63,2025-11-25T20:59:54Z
CI,278.23,2025-11-25T20:59:58Z
CIA,5.845,2025-11-25T20:59:50Z
CIB,60.47,2025-11-25T20:59:16Z
CIBR,73.65,2025-11-25T20:59:01Z
CIEN,196.06,2025-11-25T20:59:50Z
CIF,1.71,2025-11-25T17:29:14Z
CIFR,17.54,2025-11-25T20:59:55Z
CIFRW,7.57,2025-11-25T20:56:53Z
CIFU,35.16,2025-11-25T20:23:04Z
CIG,2.06,2025-11-25T20:59:54Z
CIGI,141.67,2025-11-25T20:58:34Z
CII,24.65,2025-11-25T20:59:31Z
CIK,2.81,2025-11-25T20:59:51Z
CIM,12.61,2025-11-25T20:59:51Z
CIM-C,22.31,2025-11-25T15:26:56Z
CIM-D,24.33,2025-11-25T18:51:58Z
CIMO,24.98,2025-11-25T14:33:37Z
CIMP,24.87,2025-11-25T17:08:47Z
CINF,168.415,2025-11-25T20:58:43Z
CING,3.625,2025-11-25T20:05:20Z
CINT,4.445,2025-11-25T20:56:48Z
CIO,6.86,2025-11-25T20:59:49Z
CIO-A,24.85,2025-11-25T16:14:00Z
CION,9.95,2025-11-25T20:59:47Z
CISO,0.5201,2025-11-25T20:50:18Z
CISS,1.64,2025-11-25T20:46:02Z
CIVB,22.79,2025-11-25T20:50:00Z
CIVI,27.99,2025-11-25T20:59:49Z
CJET,1.185,2025-11-25T20:59:33Z
CJMB,2.46,2025-11-25T20:54:23Z
CL,79.81,2025-11-25T20:59:59Z
CLAR,3.55,2025-11-25T20:21:47Z
CLB,15.02,2025-11-25T20:59:50Z
CLBK,16.07,2025-11-25T20:59:45Z
CLBT,16.8,2025-11-25T20:59:58Z
CLCO,9.73,2025-11-25T20:57:52Z
CLDI,1.38,2025-11-25T20:44:43Z
CLDT,6.78,2025-11-25T20:59:46Z
CLDX,26.42,2025-11-25T20:59:45Z
CLF,12.35,2025-11-25T20:59:58Z
CLFD,27.85,2025-11-25T20:59:55Z
CLGN,2.13,2025-11-25T15:16:39Z
CLH,223.95,2025-11-25T20:59:50Z
CLIR,0.7038,2025-11-25T14:46:48Z
CLLS,5.23,2025-11-25T20:57:09Z
CLM,8.22,2025-11-25T20:59:57Z
CLMB,100.285,2025-11-25T20:48:41Z
CLMT,19.04,2025-11-25T20:59:46Z
CLNE,2.13,2025-11-25T20:59:58Z
CLNN,9.465,2025-11-25T20:53:25Z
CLOA,51.88,2025-11-25T20:59:50Z
CLOB,50.96,2025-11-25T20:58:15Z
CLOI,52.99,2025-11-25T20:37:41Z
CLOU,22.95,2025-11-25T20:58:15Z
CLOV,2.415,2025-11-25T20:59:58Z
CLOZ,26.595,2025-11-25T20:43:16Z
CLPR,3.805,2025-11-25T20:34:18Z
CLPT,14.58,2025-11-25T20:59:51Z
CLRB,3.04,2025-11-25T19:34:36Z
CLS,327.5,2025-11-25T20:59:48Z
CLSD,0.6103,2025-11-25T20:55:19Z
CLSE,26.96,2025-11-25T20:24:29Z
CLSK,11.85,2025-11-25T20:59:58Z
CLSKW,0.5496,2025-11-25T20:59:18Z
CLSX,25.1,2025-11-25T20:56:36Z
CLVT,3.655,2025-11-25T20:59:53Z
CLW,17.75,2025-11-25T20:59:41Z
CLX,106.865,2025-11-25T20:59:55Z
CLYM,1.805,2025-11-25T20:59:33Z
CM,84.945,2025-11-25T20:59:44Z
CMA,79.79,2025-11-25T20:59:53Z
CMBM,1.965,2025-11-25T20:59:09Z
CMBS,49.38,2025-11-25T20:04:02Z
CMBT,10.16,2025-11-25T20:59:57Z
CMC,62.57,2025-11-25T20:59:54Z
CMCL,28.87,2025-11-25T20:59:46Z
CMCM,8.49,2025-11-25T20:51:40Z
CMCO,16.24,2025-11-25T20:54:50Z
CMCSA,26.675,2025-11-25T20:59:59Z
CMCT,2.87,2025-11-25T20:59:55Z
CMDB,16.43,2025-11-25T20:29:22Z
CMDY,53.81,2025-11-25T18:32:34Z
CME,277,2025-11-25T20:59:55Z
CMF,57.605,2025-11-25T20:56:27Z
CMG,33.405,2025-11-25T20:59:59Z
CMGG,16.35,2025-11-25T19:23:01Z
CMI,494.82,2025-11-25T20:59:56Z
CMMB,2.44,2025-11-25T14:41:25Z
CMND,0.1564,2025-11-25T20:59:41Z
CMP,18.47,2025-11-25T20:59:39Z
CMPO,19.545,2025-11-25T20:59:50Z
CMPR,70.58,2025-11-25T20:59:52Z
CMPS,5.2,2025-11-25T20:59:57Z
CMPX,5,2025-11-25T20:59:56Z
CMRC,4.53,2025-11-25T20:59:30Z
CMRE,15.255,2025-11-25T20:59:58Z
CMS,74.83,2025-11-25T20:59:50Z
CMS-C,17.64,2025-11-25T20:49:19Z
CMSA,22.75,2025-11-25T19:29:49Z
CMSC,23.41,2025-11-25T20:42:03Z
CMTG,3.34,2025-11-25T20:59:54Z
CMTL,3.07,2025-11-25T20:47:58Z
CMU,3.505,2025-11-25T20:40:57Z
CNA,46.73,2025-11-25T20:59:50Z
CNC,39.665,2025-11-25T20:59:57Z
CNCK,3.05,2025-11-25T16:01:53Z
CNDT,1.905,2025-11-25T20:59:32Z
CNF,5.5,2025-11-25T19:30:13Z
CNH,9.71,2025-11-25T20:59:59Z
CNI,92.68,2025-11-25T20:59:51Z
CNK,27.99,2025-11-25T20:59:54Z
CNL,11.01,2025-11-25T17:57:30Z
CNM,47.07,2025-11-25T20:59:52Z
CNMD,43.25,2025-11-25T20:59:51Z
CNNE,15.76,2025-11-25T20:59:50Z
CNO,41.23,2025-11-25T20:59:50Z
CNOB,25.48,2025-11-25T20:59:54Z
CNP,39.41,2025-11-25T20:59:59Z
CNQ,33.235,2025-11-25T20:59:57Z
CNQQ,22.9,2025-11-25T19:19:28Z
CNR,77.91,2025-11-25T20:59:27Z
CNRG,88.88,2025-11-25T15:22:41Z
CNS,62.76,2025-11-25T20:57:42Z
CNTA,28.95,2025-11-25T20:59:59Z
CNTB,2.78,2025-11-25T20:58:13Z
CNTX,1.085,2025-11-25T20:59:18Z
CNTY,1.485,2025-11-25T20:59:05Z
CNVS,2.48,2025-11-25T20:52:34Z
CNX,37.405,2025-11-25T20:59:49Z
CNXC,35.74,2025-11-25T20:59:53Z
CNXN,58.515,2025-11-25T20:54:55Z
CNYA,33.495,2025-11-25T20:58:41Z
COCH,0.7902,2025-11-25T20:58:11Z
COCO,53.06,2025-11-25T20:59:54Z
COCP,0.9313,2025-11-25T20:09:19Z
CODA,8.63,2025-11-25T20:51:45Z
CODI,6.64,2025-11-25T20:59:58Z
CODX,0.3249,2025-11-25T20:59:29Z
COF,214.48,2025-11-25T20:59:49Z
COF-I,19.09,2025-11-25T20:10:36Z
COF-J,18.2,2025-11-25T20:36:34Z
COF-K,17.64,2025-11-25T18:51:19Z
COF-L,16.595,2025-11-25T20:51:05Z
COFS,30.755,2025-11-25T20:59:27Z
COGT,39.745,2025-11-25T20:59:55Z
COHN,14.8,2025-11-25T20:48:00Z
COHR,148.7,2025-11-25T20:59:46Z
COHU,23.62,2025-11-25T20:54:50Z
COIG,17.89,2025-11-25T19:26:04Z
COIN,254.07,2025-11-25T20:59:59Z
COIW,23.8,2025-11-25T17:33:11Z
COKE,162.31,2025-11-25T20:59:44Z
COLB,28.42,2025-11-25T20:59:54Z
COLD,10.55,2025-11-25T20:59:58Z
COLL,45.59,2025-11-25T20:59:14Z
COLM,54.23,2025-11-25T20:59:52Z
COM,29.34,2025-11-25T20:31:29Z
COMB,22.32,2025-11-25T17:00:16Z
COMM,19.4,2025-11-25T20:59:55Z
COMP,10.495,2025-11-25T20:59:57Z
COMT,26.335,2025-11-25T20:59:31Z
CON,21.18,2025-11-25T20:59:04Z
CONI,58.12,2025-11-25T20:52:29Z
CONL,19.15,2025-11-25T20:59:57Z
CONX,21.25,2025-11-25T15:34:09Z
CONY,4.635,2025-11-25T20:59:56Z
COO,78.215,2025-11-25T20:59:58Z
COOK,0.7751,2025-11-25T20:56:52Z
COOT,0.827,2025-11-25T20:47:24Z
COP,86.6,2025-11-25T20:59:50Z
COPP,29.25,2025-11-25T17:37:47Z
COPX,60.61,2025-11-25T20:59:55Z
COPY,12.32,2025-11-25T17:00:15Z
COR,374.74,2025-11-25T20:59:53Z
CORD,56.74,2025-11-25T20:59:05Z
CORP,98.905,2025-11-25T20:20:41Z
CORT,80.29,2025-11-25T20:59:56Z
CORZ,15.55,2025-11-25T20:59:57Z
CORZW,9.25,2025-11-25T20:59:50Z
CORZZ,14.73,2025-11-25T15:28:01Z
COSM,0.6356,2025-11-25T19:02:00Z
COST,894.15,2025-11-25T20:59:57Z
COSW,45.79,2025-11-25T18:48:13Z
COTY,3.225,2025-11-25T20:59:44Z
COUR,7.9,2025-11-25T20:59:59Z
COWG,34.54,2025-11-25T20:59:53Z
COWZ,59.07,2025-11-25T20:59:50Z
COYA,6.06,2025-11-25T20:59:00Z
COYY,9.925,2025-11-25T20:53:56Z
COZX,11.64,2025-11-25T20:38:43Z
CP,71.56,2025-11-25T20:59:56Z
CPA,119.72,2025-11-25T20:59:33Z
CPAY,291.99,2025-11-25T20:59:54Z
CPB,30.43,2025-11-25T20:59:59Z
CPBI,16.08,2025-11-25T20:28:00Z
CPER,31.18,2025-11-25T20:59:55Z
CPF,30.73,2025-11-25T20:49:53Z
CPHI,1.62,2025-11-25T20:51:43Z
CPIX,2.13,2025-11-25T20:47:08Z
CPK,137.17,2025-11-25T20:59:02Z
CPLS,35.995,2025-11-25T18:46:16Z
CPNG,27.74,2025-11-25T20:59:59Z
CPOP,0.447,2025-11-25T19:47:54Z
CPRI,24.875,2025-11-25T20:59:51Z
CPRT,39.04,2025-11-25T20:59:59Z
CPRX,23.585,2025-11-25T20:59:56Z
CPS,30.765,2025-11-25T20:02:06Z
CPSH,3.28,2025-11-25T20:59:49Z
CPSJ,26.68,2025-11-25T19:19:24Z
CPSN,26.78,2025-11-25T19:53:54Z
CPSS,8.42,2025-11-25T20:11:30Z
CPT,106.185,2025-11-25T20:59:54Z
CPZ,14.98,2025-11-25T20:38:55Z
CQP,53.055,2025-11-25T20:57:47Z
CQQQ,52.46,2025-11-25T20:59:45Z
CR,182.44,2025-11-25T20:59:39Z
CRACU,10.11,2025-11-25T18:14:25Z
CRAI,177.32,2025-11-25T19:33:15Z
CRAK,39.18,2025-11-25T15:03:21Z
CRBD,23.72,2025-11-25T19:09:25Z
CRBG,29.59,2025-11-25T20:59:58Z
CRBP,11.295,2025-11-25T20:56:09Z
CRBU,1.86,2025-11-25T20:59:53Z
CRC,46.39,2025-11-25T20:59:46Z
CRCA,3.41,2025-11-25T20:59:57Z
CRCG,2.175,2025-11-25T20:58:59Z
CRCL,69.97,2025-11-25T20:59:58Z
CRCO,23.51,2025-11-25T20:51:03Z
CRCT,4.845,2025-11-25T20:59:54Z
CRD.A,11.5,2025-11-25T20:24:28Z
CRDF,2.105,2025-11-25T20:59:40Z
CRDL,1.015,2025-11-25T16:55:42Z
CRDO,154.18,2025-11-25T20:59:59Z
CRDU,17.14,2025-11-25T18:03:34Z
CRE,0.4087,2025-11-25T20:25:16Z
CREG,1.24,2025-11-25T18:23:43Z
CRESY,11.38,2025-11-25T20:57:25Z
CREX,3.07,2025-11-25T20:26:54Z
CRF,7.86,2025-11-25T20:59:51Z
CRGO,3.155,2025-11-25T19:30:00Z
CRGY,9.2,2025-11-25T20:59:53Z
CRH,116.255,2025-11-25T20:59:50Z
CRI,31.2,2025-11-25T20:59:58Z
CRIS,1.145,2025-11-25T19:18:39Z
CRK,25.145,2025-11-25T20:59:54Z
CRL,178.12,2025-11-25T20:59:53Z
CRM,234.09,2025-11-25T20:59:59Z
CRMD,9.425,2025-11-25T20:59:54Z
CRMG,10.88,2025-11-25T20:59:47Z
CRML,7.35,2025-11-25T20:59:54Z
CRMLW,3,2025-11-25T15:54:23Z
CRMT,23.65,2025-11-25T20:56:41Z
CRNC,10.265,2025-11-25T20:59:45Z
CRNT,1.99,2025-11-25T20:59:59Z
CRNX,44.69,2025-11-25T20:59:50Z
CRON,2.47,2025-11-25T20:59:50Z
CROX,83.105,2025-11-25T20:59:46Z
CRPT,15.46,2025-11-25T14:47:52Z
CRS,322.41,2025-11-25T20:59:27Z
CRSH,2.9,2025-11-25T20:59:59Z
CRSP,53.64,2025-11-25T20:59:57Z
CRSR,6.15,2025-11-25T20:59:56Z
CRT,8.76,2025-11-25T16:46:48Z
CRTO,19.84,2025-11-25T20:57:03Z
CRUS,118.48,2025-11-25T20:59:31Z
CRVL,74.43,2025-11-25T20:51:40Z
CRVO,9.31,2025-11-25T18:02:40Z
CRVS,8.855,2025-11-25T20:59:17Z
CRWD,512.455,2025-11-25T20:59:52Z
CRWG,3.195,2025-11-25T20:59:25Z
CRWL,37.71,2025-11-25T20:59:52Z
CRWS,2.72,2025-11-25T20:20:23Z
CRWU,5.88,2025-11-25T20:52:00Z
CRWV,71.27,2025-11-25T20:59:57Z
CSAI,1.065,2025-11-25T20:59:02Z
CSAN,4.71,2025-11-25T20:59:25Z
CSB,58.79,2025-11-25T19:57:33Z
CSCO,76.27,2025-11-25T20:59:59Z
CSCS,21.91,2025-11-25T16:11:56Z
CSGP,69.19,2025-11-25T20:59:55Z
CSGS,78.28,2025-11-25T20:59:51Z
CSHI,49.89,2025-11-25T19:35:52Z
CSIQ,25.04,2025-11-25T20:59:54Z
CSL,316.69,2025-11-25T20:59:47Z
CSMD,31.96,2025-11-25T19:42:01Z
CSQ,18.63,2025-11-25T20:55:05Z
CSR,66.55,2025-11-25T20:59:23Z
CSTE,1.16,2025-11-25T20:37:20Z
CSTL,39.98,2025-11-25T20:59:40Z
CSTM,16.095,2025-11-25T20:59:58Z
CSV,42.815,2025-11-25T20:37:05Z
CSW,269.785,2025-11-25T20:58:26Z
CSWC,21.45,2025-11-25T20:59:58Z
CSX,34.9,2025-11-25T20:59:59Z
CTA,26.905,2025-11-25T20:57:32Z
CTAS,183.59,2025-11-25T20:59:35Z
CTBB,19.445,2025-11-25T16:06:05Z
CTBI,56.215,2025-11-25T20:55:04Z
CTDD,19.535,2025-11-25T20:43:45Z
CTEV,52.08,2025-11-25T20:59:35Z
CTGO,23.02,2025-11-25T20:49:58Z
CTKB,5.82,2025-11-25T20:59:50Z
CTLP,10.71,2025-11-25T20:59:53Z
CTM,1.03,2025-11-25T20:57:17Z
CTMX,4.15,2025-11-25T20:59:53Z
CTNM,10.7,2025-11-25T20:59:01Z
CTNT,1.35,2025-11-25T16:39:04Z
CTO,17.94,2025-11-25T20:59:42Z
CTO-A,21.22,2025-11-25T17:59:56Z
CTOR,1.17,2025-11-25T18:51:42Z
CTOS,6.17,2025-11-25T20:59:58Z
CTRA,25.84,2025-11-25T20:59:59Z
CTRE,37.09,2025-11-25T20:59:53Z
CTRI,21.26,2025-11-25T20:59:54Z
CTRN,45.21,2025-11-25T17:19:44Z
CTS,42.5,2025-11-25T20:58:56Z
CTSH,76.505,2025-11-25T20:59:54Z
CTSO,0.8382,2025-11-25T20:47:26Z
CTVA,66.065,2025-11-25T20:59:55Z
CTW,2.15,2025-11-25T18:40:01Z
CTXR,1.225,2025-11-25T20:59:31Z
CUBE,36.91,2025-11-25T20:59:52Z
CUBI,69.39,2025-11-25T20:59:04Z
CUE,0.5982,2025-11-25T20:04:52Z
CUK,23.58,2025-11-25T20:59:53Z
CULP,4.08,2025-11-25T20:59:30Z
CURB,23.925,2025-11-25T20:59:39Z
CURE,120.93,2025-11-25T20:55:29Z
CURI,4.715,2025-11-25T20:59:52Z
CURR,2.75,2025-11-25T20:59:52Z
CURV,1.24,2025-11-25T20:59:31Z
CURX,0.4601,2025-11-25T19:24:43Z
CUZ,25.58,2025-11-25T20:59:54Z
CVAC,5.285,2025-11-25T20:59:48Z
CVBF,20.23,2025-11-25T20:59:54Z
CVCO,595.72,2025-11-25T20:56:52Z
CVE,17.42,2025-11-25T20:59:59Z
CVEO,21.88,2025-11-25T20:49:23Z
CVGI,1.7,2025-11-25T20:56:17Z
CVGW,18.81,2025-11-25T20:59:56Z
CVI,34.19,2025-11-25T20:59:52Z
CVIE,68.4,2025-11-25T15:51:09Z
CVKD,10.02,2025-11-25T17:05:08Z
CVLG,19.79,2025-11-25T20:59:50Z
CVLT,123.875,2025-11-25T20:59:34Z
CVM,6.8,2025-11-25T20:46:56Z
CVNA,351.36,2025-11-25T20:59:57Z
CVNY,33.37,2025-11-25T19:05:40Z
CVR,8.715,2025-11-25T14:44:48Z
CVRT,37.33,2025-11-25T16:52:12Z
CVRX,9.995,2025-11-25T20:59:51Z
CVS,78.48,2025-11-25T20:59:52Z
CVU,2.68,2025-11-25T19:51:57Z
CVX,148.53,2025-11-25T20:59:44Z
CW,555.285,2025-11-25T20:59:50Z
CWAN,22.125,2025-11-25T20:59:54Z
CWB,88.83,2025-11-25T20:59:55Z
CWBC,22.76,2025-11-25T20:58:50Z
CWCO,34.51,2025-11-25T20:35:24Z
CWD,2.26,2025-11-25T20:59:24Z
CWEB,45.325,2025-11-25T20:59:56Z
CWEN,36.175,2025-11-25T20:59:54Z
CWEN.A,33.95,2025-11-25T20:59:53Z
CWH,11.46,2025-11-25T20:59:53Z
CWI,34.54,2025-11-25T20:59:59Z
CWK,16.77,2025-11-25T20:59:54Z
CWS,69.14,2025-11-25T20:39:55Z
CWST,96.875,2025-11-25T20:59:39Z
CWT,45.665,2025-11-25T20:59:53Z
CWVX,4.87,2025-11-25T20:59:29Z
CX,10.44,2025-11-25T20:59:57Z
CXAI,0.4633,2025-11-25T20:57:49Z
CXDO,6.965,2025-11-25T20:59:45Z
CXE,3.68,2025-11-25T18:50:29Z
CXM,7.245,2025-11-25T20:59:56Z
CXSE,40.5,2025-11-25T20:59:50Z
CXT,56.48,2025-11-25T20:59:50Z
CXW,17.71,2025-11-25T20:59:46Z
CYBN,6.16,2025-11-25T20:59:55Z
CYBR,447.24,2025-11-25T20:59:55Z
CYCN,1.51,2025-11-25T18:34:22Z
CYCU,3.54,2025-11-25T20:42:42Z
CYD,35.19,2025-11-25T20:59:49Z
CYH,3.475,2025-11-25T20:59:42Z
CYN,3.26,2025-11-25T20:59:44Z
CYPH,1.5,2025-11-25T20:59:53Z
CYRX,9.695,2025-11-25T20:59:39Z
CYTK,67.52,2025-11-25T20:59:58Z
CZFS,56.34,2025-11-25T14:38:23Z
CZNC,20.11,2025-11-25T20:58:11Z
CZR,22,2025-11-25T20:59:59Z
CZWI,17.12,2025-11-25T17:38:50Z
D,61.54,2025-11-25T20:59:59Z
DAAQ,10.18,2025-11-25T20:23:57Z
DAAQW,0.675,2025-11-25T15:10:17Z
DAC,97.17,2025-11-25T17:41:28Z
DAIC,1.55,2025-11-25T18:49:56Z
DAIO,2.82,2025-11-25T19:27:33Z
DAKT,19.04,2025-11-25T20:59:01Z
DAL,62.18,2025-11-25T20:59:54Z
DAMD,29.28,2025-11-25T16:21:11Z
DAN,22.43,2025-11-25T20:59:49Z
DAO,9.4,2025-11-25T20:59:25Z
DAPP,17.59,2025-11-25T20:59:55Z
DAR,35.23,2025-11-25T20:59:54Z
DARE,1.79,2025-11-25T20:26:08Z
DARP,42.88,2025-11-25T15:02:57Z
DASH,195.455,2025-11-25T20:59:59Z
DAVA,6.35,2025-11-25T20:59:51Z
DAVE,210.31,2025-11-25T20:59:51Z
DAWN,9.415,2025-11-25T20:59:47Z
DAX,43.28,2025-11-25T20:50:00Z
DAY,69.05,2025-11-25T20:59:59Z
DB,34.76,2025-11-25T20:59:55Z
DBA,25.84,2025-11-25T20:59:16Z
DBB,21.47,2025-11-25T17:36:36Z
DBC,22.525,2025-11-25T20:59:42Z
DBD,64,2025-11-25T20:57:29Z
DBE,18.55,2025-11-25T16:53:39Z
DBEF,47.905,2025-11-25T20:59:51Z
DBEM,31.45,2025-11-25T18:46:12Z
DBEZ,53.76,2025-11-25T16:06:25Z
DBGI,6.83,2025-11-25T17:56:46Z
DBI,3.98,2025-11-25T20:59:54Z
DBJP,91.83,2025-11-25T20:59:09Z
DBL,15.45,2025-11-25T19:25:51Z
DBMF,28.77,2025-11-25T20:59:55Z
DBND,46.73,2025-11-25T18:26:30Z
DBO,12.645,2025-11-25T20:59:49Z
DBRG,9.4,2025-11-25T20:59:54Z
DBVT,12.96,2025-11-25T20:59:59Z
DBX,29.835,2025-11-25T20:59:59Z
DC,4.26,2025-11-25T20:59:31Z
DCBO,21.3,2025-11-25T20:40:25Z
DCGO,1.01,2025-11-25T20:59:51Z
DCI,90.5,2025-11-25T20:59:51Z
DCO,90.1,2025-11-25T20:07:20Z
DCOM,28.58,2025-11-25T20:58:01Z
DCOR,72.87,2025-11-25T20:52:20Z
DCRE,52.23,2025-11-25T20:59:50Z
DCTH,9.24,2025-11-25T20:59:44Z
DD,38.77,2025-11-25T20:59:48Z
DDC,3.35,2025-11-25T20:44:47Z
DDD,2.025,2025-11-25T20:59:49Z
DDFL,20.28,2025-11-25T19:18:26Z
DDFN,19.005,2025-11-25T19:26:42Z
DDFS,20.96,2025-11-25T17:49:28Z
DDI,9.27,2025-11-25T20:59:11Z
DDL,1.75,2025-11-25T20:59:46Z
DDM,55.06,2025-11-25T20:52:19Z
DDOG,158.99,2025-11-25T20:59:49Z
DDS,662.93,2025-11-25T20:58:30Z
DDTN,18.95,2025-11-25T20:26:09Z
DDTO,21.4,2025-11-25T20:37:22Z
DDWM,42.3,2025-11-25T20:46:25Z
DE,498.295,2025-11-25T20:59:53Z
DEA,21.77,2025-11-25T20:59:53Z
DEC,14.86,2025-11-25T20:59:50Z
DECK,85.47,2025-11-25T20:59:54Z
DECT,35.81,2025-11-25T15:45:50Z
DECW,33.66,2025-11-25T20:28:01Z
DEFR,26.82,2025-11-25T15:36:45Z
DEFT,1.155,2025-11-25T20:59:54Z
DEHP,31.11,2025-11-25T19:43:07Z
DEI,12.18,2025-11-25T20:59:57Z
DELL,125.92,2025-11-25T20:59:57Z
DEM,46.155,2025-11-25T20:52:19Z
DENN,6.19,2025-11-25T20:59:28Z
DEO,91.12,2025-11-25T20:59:23Z
DERM,7.92,2025-11-25T20:56:19Z
DES,33.45,2025-11-25T20:58:32Z
DEUS,58.13,2025-11-25T16:45:51Z
DEXC,57.9,2025-11-25T17:37:00Z
DFAC,39.05,2025-11-25T20:59:53Z
DFAE,31.83,2025-11-25T20:59:54Z
DFAI,36.775,2025-11-25T20:59:45Z
DFAR,23.6,2025-11-25T20:59:52Z
DFAS,69.17,2025-11-25T20:59:45Z
DFAT,58.585,2025-11-25T20:59:45Z
DFAU,46.31,2025-11-25T20:59:59Z
DFAX,31.625,2025-11-25T20:59:08Z
DFCA,50.115,2025-11-25T20:59:55Z
DFCF,42.945,2025-11-25T20:56:36Z
DFDV,6.99,2025-11-25T20:59:09Z
DFEM,32.32,2025-11-25T20:59:24Z
DFEN,60.19,2025-11-25T20:59:52Z
DFEV,32.78,2025-11-25T20:58:30Z
DFGP,54.97,2025-11-25T20:59:55Z
DFGR,27.15,2025-11-25T20:59:54Z
DFGX,53.855,2025-11-25T20:55:23Z
DFH,19.43,2025-11-25T20:59:50Z
DFIC,33.165,2025-11-25T20:59:58Z
DFIN,48.635,2025-11-25T20:58:41Z
DFIP,42.13,2025-11-25T20:56:38Z
DFIS,31.37,2025-11-25T20:59:38Z
DFIV,47.525,2025-11-25T20:55:03Z
DFLI,0.8945,2025-11-25T20:59:40Z
DFLV,33.23,2025-11-25T20:59:25Z
DFNL,45.965,2025-11-25T20:55:50Z
DFNM,48.215,2025-11-25T20:55:13Z
DFP,21.18,2025-11-25T16:26:49Z
DFSB,52.72,2025-11-25T20:03:05Z
DFSC,3.315,2025-11-25T20:45:08Z
DFSD,48.235,2025-11-25T20:42:28Z
DFSE,40.735,2025-11-25T19:49:01Z
DFSI,41.215,2025-11-25T20:43:31Z
DFSU,42.98,2025-11-25T20:59:02Z
DFSV,32.34,2025-11-25T20:59:52Z
DFUS,73.34,2025-11-25T20:59:48Z
DFUV,45.275,2025-11-25T20:59:16Z
DFVX,73.41,2025-11-25T20:45:39Z
DG,104.29,2025-11-25T20:59:50Z
DGCB,55.09,2025-11-25T20:47:28Z
DGICA,20.105,2025-11-25T20:59:09Z
DGICB,16.55,2025-11-25T19:36:54Z
DGII,41.835,2025-11-25T20:57:51Z
DGLY,1.69,2025-11-25T20:59:48Z
DGNX,11.33,2025-11-25T20:20:17Z
DGOC,30.79,2025-11-25T20:02:01Z
DGRE,29.87,2025-11-25T20:48:12Z
DGRO,69.1,2025-11-25T20:59:50Z
DGRW,89.18,2025-11-25T20:59:58Z
DGS,56.38,2025-11-25T20:22:10Z
DGT,164.285,2025-11-25T20:58:58Z
DGX,192.39,2025-11-25T20:59:51Z
DGXX,4.205,2025-11-25T20:59:58Z
DH,2.79,2025-11-25T20:59:38Z
DHC,4.735,2025-11-25T20:59:45Z
DHCNI,17.29,2025-11-25T15:46:31Z
DHF,2.535,2025-11-25T20:59:09Z
DHI,154.565,2025-11-25T20:59:58Z
DHIL,116.82,2025-11-25T16:16:15Z
DHR,230.77,2025-11-25T20:59:49Z
DHT,13.03,2025-11-25T20:59:56Z
DHX,1.855,2025-11-25T20:59:05Z
DHY,2.04,2025-11-25T20:52:36Z
DIA,471.265,2025-11-25T20:59:54Z
DIAL,18.455,2025-11-25T18:45:46Z
DIAX,14.77,2025-11-25T19:51:14Z
DIBS,5.38,2025-11-25T20:58:59Z
DIEM,32.48,2025-11-25T14:52:03Z
DIG,35.38,2025-11-25T20:58:54Z
DIHP,30.875,2025-11-25T20:46:24Z
DIN,30.19,2025-11-25T20:59:56Z
DINO,52.5,2025-11-25T20:59:50Z
DINT,27.53,2025-11-25T17:54:36Z
DIOD,45.15,2025-11-25T20:59:50Z
DIPS,5.635,2025-11-25T20:59:46Z
DIS,103.29,2025-11-25T20:59:58Z
DISV,35.965,2025-11-25T20:59:46Z
DIV,17.655,2025-11-25T20:59:25Z
DIVB,52.085,2025-11-25T17:50:01Z
DIVI,37.81,2025-11-25T20:57:53Z
DIVL,22.7,2025-11-25T18:39:27Z
DIVN,26.41,2025-11-25T17:40:34Z
DIVO,45.24,2025-11-25T20:59:05Z
DIVP,25,2025-11-25T15:59:55Z
DJCO,469.09,2025-11-25T20:58:17Z
DJD,57.13,2025-11-25T16:17:32Z
DJIA,22.315,2025-11-25T20:31:45Z
DJP,36.58,2025-11-25T20:59:01Z
DJT,10.735,2025-11-25T20:59:59Z
DJTU,3.05,2025-11-25T20:55:16Z
DJTWW,5.16,2025-11-25T17:04:50Z
DJUN,46.68,2025-11-25T17:13:37Z
DK,38.25,2025-11-25T20:59:39Z
DKI,0.439,2025-11-25T17:42:58Z
DKL,45.53,2025-11-25T20:16:31Z
DKNG,31.66,2025-11-25T20:59:56Z
DKNX,8.04,2025-11-25T18:45:35Z
DKS,206.76,2025-11-25T20:59:54Z
DLAG,30.9,2025-11-25T20:35:57Z
DLB,67.37,2025-11-25T20:59:49Z
DLHC,6.42,2025-11-25T15:47:52Z
DLLL,23.58,2025-11-25T20:59:41Z
DLN,87.485,2025-11-25T20:59:55Z
DLNG,3.83,2025-11-25T15:29:14Z
DLNV,30.8,2025-11-25T20:15:25Z
DLO,12.925,2025-11-25T20:59:51Z
DLPN,1.625,2025-11-25T19:42:54Z
DLR,157.23,2025-11-25T20:59:50Z
DLR-K,23.7,2025-11-25T20:54:44Z
DLS,78.2,2025-11-25T20:45:21Z
DLTH,3.06,2025-11-25T20:58:16Z
DLTR,105.65,2025-11-25T20:59:54Z
DLX,20.485,2025-11-25T20:59:06Z
DLY,14.51,2025-11-25T19:46:06Z
DMAC,9.02,2025-11-25T20:59:52Z
DMAT,23.95,2025-11-25T16:03:04Z
DMB,10.5,2025-11-25T14:36:21Z
DMBS,50.055,2025-11-25T20:55:13Z
DMLP,21.85,2025-11-25T20:59:43Z
DMO,11.71,2025-11-25T17:10:26Z
DMRC,7.81,2025-11-25T20:58:49Z
DMX,50.63,2025-11-25T20:52:00Z
DMXF,75.02,2025-11-25T18:21:54Z
DNA,8.72,2025-11-25T20:59:57Z
DNL,40.035,2025-11-25T19:47:50Z
DNLI,19.13,2025-11-25T20:59:54Z
DNN,2.48,2025-11-25T20:59:58Z
DNOV,48.24,2025-11-25T19:44:18Z
DNOW,13.95,2025-11-25T20:59:54Z
DNP,10.25,2025-11-25T20:57:30Z
DNTH,44.06,2025-11-25T20:59:39Z
DNUT,3.98,2025-11-25T20:59:56Z
DOC,18.12,2025-11-25T20:59:57Z
DOCN,44.935,2025-11-25T20:59:53Z
DOCS,51.06,2025-11-25T20:59:57Z
DOCT,43.79,2025-11-25T18:40:13Z
DOCU,67.98,2025-11-25T20:59:42Z
DOG,24.1,2025-11-25T20:49:55Z
DOGG,21.09,2025-11-25T19:08:59Z
DOGZ,11.99,2025-11-25T19:16:31Z
DOL,62.74,2025-11-25T19:40:15Z
DOLE,14.15,2025-11-25T20:59:53Z
DOMH,4.43,2025-11-25T20:58:54Z
DOMO,11.325,2025-11-25T20:59:40Z
DON,51.61,2025-11-25T20:58:58Z
DOOO,69.71,2025-11-25T20:59:49Z
DORM,136.485,2025-11-25T20:50:02Z
DOUG,2.56,2025-11-25T20:59:52Z
DOV,186.03,2025-11-25T20:59:50Z
DOW,23.2,2025-11-25T20:59:59Z
DOX,76.42,2025-11-25T20:59:54Z
DOYU,7.1,2025-11-25T20:57:24Z
DPG,12.99,2025-11-25T20:13:37Z
DPRO,7.47,2025-11-25T20:59:59Z
DPST,94.68,2025-11-25T20:58:27Z
DPZ,417.7,2025-11-25T20:59:45Z
DQ,30.685,2025-11-25T20:59:44Z
DRCT,0.15,2025-11-25T20:58:34Z
DRD,28.04,2025-11-25T20:59:51Z
DRH,9.13,2025-11-25T20:59:54Z
DRI,179.28,2025-11-25T20:59:50Z
DRIO,11.57,2025-11-25T18:10:46Z
DRIP,8.675,2025-11-25T20:59:32Z
DRIV,28.49,2025-11-25T18:31:37Z
DRLL,28.66,2025-11-25T20:23:23Z
DRMA,2.76,2025-11-25T16:14:57Z
DRN,8.98,2025-11-25T20:59:14Z
DRNZ,19.36,2025-11-25T16:58:47Z
DRS,33.78,2025-11-25T20:59:32Z
DRSK,29.44,2025-11-25T20:59:45Z
DRTS,3.93,2025-11-25T20:49:42Z
DRUG,65.3,2025-11-25T20:57:59Z
DRV,25.285,2025-11-25T20:54:58Z
DRVN,14.45,2025-11-25T20:59:53Z
DSGN,9.415,2025-11-25T20:59:49Z
DSGR,27.97,2025-11-25T20:49:01Z
DSGX,82.33,2025-11-25T20:59:37Z
DSI,127.1,2025-11-25T20:50:12Z
DSL,11.35,2025-11-25T20:59:59Z
DSM,5.9,2025-11-25T20:59:38Z
DSMC,34.69,2025-11-25T15:16:11Z
DSP,10.385,2025-11-25T20:54:17Z
DSS,1.07,2025-11-25T20:14:31Z
DSU,10.3,2025-11-25T20:58:34Z
DSX,1.74,2025-11-25T20:58:47Z
DSY,0.455,2025-11-25T20:44:17Z
DT,44.625,2025-11-25T20:59:54Z
DTAN,30.06,2025-11-25T17:07:52Z
DTCK,0.508,2025-11-25T18:55:34Z
DTCR,20.27,2025-11-25T20:20:17Z
DTD,84.09,2025-11-25T15:37:02Z
DTE,136.06,2025-11-25T20:59:51Z
DTG,17.345,2025-11-25T18:29:16Z
DTI,2.2,2025-11-25T20:05:19Z
DTIL,4.91,2025-11-25T20:55:32Z
DTK,25.12,2025-11-25T17:16:48Z
DTM,117.37,2025-11-25T20:59:40Z
DTSS,1.235,2025-11-25T20:48:22Z
DTST,4.33,2025-11-25T19:42:16Z
DTW,21.32,2025-11-25T18:43:48Z
DUG,33.92,2025-11-25T20:52:02Z
DUHP,37.72,2025-11-25T20:59:02Z
DUK,121.945,2025-11-25T20:59:45Z
DULL,1.93,2025-11-25T19:05:46Z
DUOL,175.77,2025-11-25T20:59:56Z
DUOT,9.57,2025-11-25T20:59:55Z
DUSA,49.31,2025-11-25T20:59:21Z
DUSB,50.75,2025-11-25T20:59:59Z
DUST,9.535,2025-11-25T20:59:45Z
DV,10.48,2025-11-25T20:59:59Z
DVA,121.39,2025-11-25T20:59:50Z
DVAX,11.46,2025-11-25T20:59:56Z
DVLT,2.205,2025-11-25T20:59:56Z
DVN,35.83,2025-11-25T20:59:59Z
DVQQ,27.24,2025-11-25T19:50:17Z
DVS,3.74,2025-11-25T20:59:50Z
DVY,141.91,2025-11-25T20:58:28Z
DVYE,30.91,2025-11-25T20:58:15Z
DWAS,96.115,2025-11-25T20:41:48Z
DWLD,45.16,2025-11-25T20:52:35Z
DWM,66.13,2025-11-25T15:23:26Z
DWSH,7,2025-11-25T20:54:58Z
DWX,43.24,2025-11-25T16:53:41Z
DX,13.79,2025-11-25T20:59:58Z
DXC,13.07,2025-11-25T20:59:55Z
DXCM,61.68,2025-11-25T20:59:52Z
DXD,21.46,2025-11-25T20:59:48Z
DXF,2.51,2025-11-25T15:58:15Z
DXIV,61.97,2025-11-25T15:13:29Z
DXJ,138.235,2025-11-25T20:59:50Z
DXLG,0.9351,2025-11-25T19:46:11Z
DXPE,93.425,2025-11-25T20:59:48Z
DXST,1.67,2025-11-25T20:45:37Z
DXYZ,21.15,2025-11-25T20:59:28Z
DY,348.33,2025-11-25T20:59:55Z
DYAI,0.94,2025-11-25T20:15:37Z
DYLD,22.74,2025-11-25T19:59:56Z
DYLG,27.24,2025-11-25T14:53:35Z
DYN,20.79,2025-11-25T20:59:49Z
DYNF,60.045,2025-11-25T20:59:56Z
DYORU,10.08,2025-11-25T17:18:43Z
DZZ,3.88,2025-11-25T20:59:52Z
E,36.53,2025-11-25T20:58:44Z
EA,201.72,2025-11-25T20:59:44Z
EAD,6.815,2025-11-25T20:51:20Z
EAF,12.89,2025-11-25T20:59:44Z
EAGG,48.305,2025-11-25T20:55:12Z
EAGL,31.64,2025-11-25T20:59:33Z
EAI,21.335,2025-11-25T17:53:52Z
EALT,34.9,2025-11-25T19:18:26Z
EARN,5.42,2025-11-25T20:59:48Z
EAT,149.67,2025-11-25T20:59:50Z
EB,2.465,2025-11-25T20:59:50Z
EBAY,82.81,2025-11-25T20:59:45Z
EBC,19.205,2025-11-25T20:59:58Z
EBF,17.37,2025-11-25T20:53:40Z
EBI,55.74,2025-11-25T15:46:51Z
EBIZ,31.86,2025-11-25T14:36:03Z
EBMT,16.715,2025-11-25T20:59:30Z
EBND,21.28,2025-11-25T19:19:06Z
EBS,10.965,2025-11-25T20:59:55Z
EC,9.63,2025-11-25T20:59:55Z
ECAT,15.845,2025-11-25T20:59:30Z
ECC,6.02,2025-11-25T20:59:54Z
ECC-D,19.49,2025-11-25T20:54:31Z
ECDA,0.5636,2025-11-25T20:58:43Z
ECF,11.47,2025-11-25T20:47:34Z
ECG,87.58,2025-11-25T20:59:05Z
ECH,37.27,2025-11-25T20:59:51Z
ECL,273.36,2025-11-25T20:59:52Z
ECNS,35.17,2025-11-25T20:39:33Z
ECO,36.68,2025-11-25T20:57:21Z
ECON,26.84,2025-11-25T20:58:52Z
ECOR,4.88,2025-11-25T20:14:48Z
ECPG,51.43,2025-11-25T20:59:50Z
ECVT,8.92,2025-11-25T20:59:58Z
ECX,1.75,2025-11-25T20:59:51Z
ED,98.84,2025-11-25T20:59:58Z
EDAP,2.44,2025-11-25T20:59:20Z
EDC,50.6,2025-11-25T20:59:46Z
EDD,5.41,2025-11-25T20:59:08Z
EDF,4.87,2025-11-25T20:56:31Z
EDGF,24.985,2025-11-25T20:59:46Z
EDGI,27.71,2025-11-25T19:56:38Z
EDGU,28.05,2025-11-25T20:09:59Z
EDHL,0.81,2025-11-25T20:50:02Z
EDIT,2.39,2025-11-25T20:59:56Z
EDIV,38.6,2025-11-25T20:56:34Z
EDN,30.77,2025-11-25T20:47:27Z
EDOW,40.83,2025-11-25T20:13:31Z
EDU,50.59,2025-11-25T20:59:48Z
EDUC,1.245,2025-11-25T20:59:42Z
EDV,68.85,2025-11-25T20:55:26Z
EE,26.66,2025-11-25T20:59:29Z
EEFT,72.78,2025-11-25T20:59:49Z
EELV,26.88,2025-11-25T20:24:54Z
EEM,53.855,2025-11-25T20:59:59Z
EEMA,92.27,2025-11-25T20:55:02Z
EEMS,66.95,2025-11-25T16:14:10Z
EEMV,64.27,2025-11-25T20:59:55Z
EET,76.92,2025-11-25T20:54:12Z
EETH,42.13,2025-11-25T20:58:01Z
EEV,20.38,2025-11-25T16:52:07Z
EEX,3.62,2025-11-25T20:24:56Z
EFA,93.845,2025-11-25T20:59:59Z
EFAA,52.46,2025-11-25T20:41:38Z
EFAD,41.75,2025-11-25T20:50:10Z
EFAV,85.755,2025-11-25T20:59:15Z
EFAX,48.14,2025-11-25T16:01:51Z
EFC,13.88,2025-11-25T20:59:59Z
EFG,112.195,2025-11-25T20:59:30Z
EFIV,65.26,2025-11-25T20:58:34Z
EFR,11.14,2025-11-25T20:58:50Z
EFSC,55.35,2025-11-25T20:58:50Z
EFT,11.32,2025-11-25T20:59:53Z
EFU,9.91,2025-11-25T17:00:16Z
EFV,69.465,2025-11-25T20:59:55Z
EFX,214.95,2025-11-25T20:59:50Z
EFXT,13.71,2025-11-25T20:59:56Z
EFZ,13.3,2025-11-25T20:53:01Z
EG,314.08,2025-11-25T20:59:32Z
EGAN,10.67,2025-11-25T20:59:45Z
EGBN,18.695,2025-11-25T20:59:42Z
EGG,3.94,2025-11-25T14:44:06Z
EGGQ,45.58,2025-11-25T20:34:15Z
EGGY,35.77,2025-11-25T17:33:00Z
EGHT,1.93,2025-11-25T20:59:53Z
EGO,29.045,2025-11-25T20:59:59Z
EGP,181.15,2025-11-25T20:57:06Z
EGY,3.45,2025-11-25T20:59:56Z
EH,13.41,2025-11-25T20:59:51Z
EHAB,8.79,2025-11-25T20:59:32Z
EHC,116.22,2025-11-25T20:59:43Z
EHI,6.39,2025-11-25T20:49:03Z
EHTH,3.97,2025-11-25T20:59:52Z
EIC,11.57,2025-11-25T20:45:42Z
EIDO,18.765,2025-11-25T20:59:54Z
EIG,39.59,2025-11-25T20:59:42Z
EIM,9.91,2025-11-25T16:12:55Z
EIRL,71.35,2025-11-25T17:37:45Z
EIS,101.93,2025-11-25T20:27:09Z
EIX,58.47,2025-11-25T20:59:52Z
EJAN,33.53,2025-11-25T20:17:56Z
EJH,0.82,2025-11-25T18:03:23Z
EL,91.925,2025-11-25T20:59:54Z
ELA,11.46,2025-11-25T20:59:18Z
ELAN,23.44,2025-11-25T20:59:50Z
ELBM,0.97,2025-11-25T20:59:46Z
ELCV,26.625,2025-11-25T20:59:46Z
ELD,28.72,2025-11-25T20:58:34Z
ELDN,1.68,2025-11-25T20:59:52Z
ELE,12.865,2025-11-25T20:59:56Z
ELF,72.14,2025-11-25T20:59:53Z
ELFY,35.56,2025-11-25T18:31:30Z
ELIL,33.76,2025-11-25T18:27:25Z
ELM,27.5,2025-11-25T20:37:13Z
ELMD,27.505,2025-11-25T19:44:43Z
ELME,17.155,2025-11-25T20:59:52Z
ELP,10.41,2025-11-25T20:59:54Z
ELPW,0.221,2025-11-25T20:01:40Z
ELS,63.03,2025-11-25T20:59:57Z
ELTX,8.99,2025-11-25T20:48:18Z
ELUT,0.62,2025-11-25T20:41:47Z
ELV,336.21,2025-11-25T20:59:30Z
ELVA,4.53,2025-11-25T20:59:50Z
ELVN,21.71,2025-11-25T20:59:58Z
ELVR,33.465,2025-11-25T20:59:47Z
ELWT,7.025,2025-11-25T20:58:18Z
EM,1.335,2025-11-25T20:59:51Z
EMA,48.415,2025-11-25T20:59:21Z
EMB,96.585,2025-11-25T20:59:58Z
EMBC,13.59,2025-11-25T20:59:36Z
EMBD,24.02,2025-11-25T20:58:29Z
EMBJ,60.995,2025-11-25T20:59:56Z
EMBX,50.75,2025-11-25T20:57:27Z
EMC,29.91,2025-11-25T20:59:47Z
EMD,10.48,2025-11-25T20:58:59Z
EMDM,30.15,2025-11-25T19:35:40Z
EME,605.29,2025-11-25T20:59:33Z
EMF,16.55,2025-11-25T19:57:46Z
EMGF,56.93,2025-11-25T18:22:59Z
EMHC,25.66,2025-11-25T20:47:06Z
EMHY,40.29,2025-11-25T20:48:51Z
EMIF,27.31,2025-11-25T20:34:42Z
EMLC,25.63,2025-11-25T20:59:54Z
EMLP,38.6,2025-11-25T20:46:16Z
EMM,32.305,2025-11-25T20:55:22Z
EMN,60.655,2025-11-25T20:59:54Z
EMO,43.71,2025-11-25T14:48:48Z
EMPD,4.93,2025-11-25T20:59:09Z
EMR,130.9,2025-11-25T20:59:59Z
EMTY,12.28,2025-11-25T15:59:58Z
EMXC,70.255,2025-11-25T20:59:58Z
ENB,47.56,2025-11-25T20:59:54Z
ENFR,30.92,2025-11-25T18:59:05Z
ENGN,7.74,2025-11-25T20:59:44Z
ENGNW,2.74,2025-11-25T18:49:05Z
ENGS,1.27,2025-11-25T20:40:32Z
ENIC,3.79,2025-11-25T20:59:56Z
ENJ,21.08,2025-11-25T16:47:22Z
ENLT,38.32,2025-11-25T20:58:36Z
ENLV,0.98,2025-11-25T20:58:31Z
ENO,22.67,2025-11-25T18:08:35Z
ENOV,30.415,2025-11-25T20:59:53Z
ENPH,27.72,2025-11-25T20:59:58Z
ENR,17.46,2025-11-25T20:59:48Z
ENS,141.09,2025-11-25T20:59:50Z
ENSC,1.69,2025-11-25T20:27:14Z
ENSG,187.415,2025-11-25T20:59:40Z
ENTA,13.65,2025-11-25T20:59:58Z
ENTG,73.69,2025-11-25T20:59:51Z
ENTO,2.8,2025-11-25T14:44:07Z
ENTX,2.55,2025-11-25T20:47:42Z
ENVA,130.53,2025-11-25T20:59:33Z
ENVX,7.57,2025-11-25T20:59:55Z
EOCT,30.94,2025-11-25T16:17:58Z
EOD,5.77,2025-11-25T17:21:02Z
EOG,105.48,2025-11-25T20:59:55Z
EOI,19.635,2025-11-25T20:46:47Z
EOLS,6.97,2025-11-25T20:59:52Z
EONR,0.4012,2025-11-25T20:56:20Z
EOS,22.475,2025-11-25T17:20:27Z
EOSE,13.38,2025-11-25T20:59:59Z
EOT,16.79,2025-11-25T20:29:40Z
EP,3.11,2025-11-25T20:27:38Z
EPAC,38.04,2025-11-25T20:59:54Z
EPAM,185.8,2025-11-25T20:59:58Z
EPC,17.55,2025-11-25T20:59:47Z
EPD,32.5,2025-11-25T20:59:57Z
EPHE,24.98,2025-11-25T20:59:43Z
EPI,46.06,2025-11-25T20:59:44Z
EPM,3.81,2025-11-25T20:59:58Z
EPMB,22.86,2025-11-25T18:53:53Z
EPOL,33.72,2025-11-25T20:54:34Z
EPOW,1.17,2025-11-25T17:13:49Z
EPP,50.15,2025-11-25T20:59:54Z
EPR,52.14,2025-11-25T20:59:51Z
EPRF,17.62,2025-11-25T19:11:16Z
EPRT,31.45,2025-11-25T20:59:52Z
EPRX,6.145,2025-11-25T20:47:29Z
EPS,70.33,2025-11-25T20:18:04Z
EPSM,3.84,2025-11-25T20:48:09Z
EPSN,4.7,2025-11-25T20:59:55Z
EPV,24.7,2025-11-25T16:07:48Z
EPWK,1.35,2025-11-25T16:25:41Z
EQ,0.9401,2025-11-25T20:52:11Z
EQBK,43.93,2025-11-25T20:57:10Z
EQH,46.695,2025-11-25T20:59:53Z
EQH-A,19.77,2025-11-25T20:14:55Z
EQH-C,16.05,2025-11-25T16:25:11Z
EQIX,748.39,2025-11-25T20:59:12Z
EQL,45.97,2025-11-25T19:34:58Z
EQNR,22.52,2025-11-25T20:59:58Z
EQR,61.095,2025-11-25T20:59:40Z
EQS,1.785,2025-11-25T20:48:09Z
EQT,56.74,2025-11-25T20:59:57Z
EQWL,115.8,2025-11-25T17:14:13Z
EQX,12.79,2025-11-25T20:59:59Z
ERAS,3.08,2025-11-25T20:59:53Z
ERC,9.35,2025-11-25T20:59:47Z
ERH,12.25,2025-11-25T20:32:16Z
ERIC,9.51,2025-11-25T20:59:53Z
ERIE,295.8,2025-11-25T20:59:48Z
ERII,14.26,2025-11-25T20:58:08Z
ERNA,1.35,2025-11-25T20:57:01Z
ERNZ,20.815,2025-11-25T17:33:08Z
ERO,23.465,2025-11-25T20:59:50Z
ERX,54.7,2025-11-25T20:58:46Z
ERY,20.67,2025-11-25T20:58:00Z
ES,65.93,2025-11-25T20:59:58Z
ESAB,111.545,2025-11-25T20:59:36Z
ESE,216.65,2025-11-25T20:55:04Z
ESEA,58.51,2025-11-25T18:31:20Z
ESGD,92.95,2025-11-25T19:43:40Z
ESGE,43.75,2025-11-25T20:59:55Z
ESGL,3.38,2025-11-25T16:23:21Z
ESGU,147.66,2025-11-25T20:59:52Z
ESGV,119.3,2025-11-25T19:46:42Z
ESI,25.905,2025-11-25T20:59:54Z
ESLA,1.83,2025-11-25T18:07:22Z
ESLT,464.22,2025-11-25T20:54:50Z
ESML,45.69,2025-11-25T20:24:04Z
ESN,17.075,2025-11-25T20:16:57Z
ESNT,63,2025-11-25T20:59:49Z
ESOA,8.885,2025-11-25T20:59:37Z
ESPO,109.61,2025-11-25T20:39:17Z
ESPR,3.69,2025-11-25T20:59:54Z
ESQ,103.74,2025-11-25T20:59:41Z
ESRT,6.93,2025-11-25T20:59:59Z
ESS,261.22,2025-11-25T20:59:40Z
ESTA,68.94,2025-11-25T20:59:52Z
ESTC,69.51,2025-11-25T20:59:57Z
ESUM,27.02,2025-11-25T17:38:10Z
ET,16.265,2025-11-25T20:59:53Z
ETB,15.1,2025-11-25T18:05:57Z
ETD,23.59,2025-11-25T20:58:44Z
ETG,21.93,2025-11-25T20:47:52Z
ETH,27.625,2025-11-25T20:59:50Z
ETHA,22.16,2025-11-25T20:59:59Z
ETHD,57.16,2025-11-25T20:59:40Z
ETHE,24.045,2025-11-25T20:59:46Z
ETHI,7,2025-11-25T20:06:12Z
ETHM,10.255,2025-11-25T19:10:43Z
ETHO,64.35,2025-11-25T15:41:58Z
ETHT,39.09,2025-11-25T20:59:12Z
ETHU,56.355,2025-11-25T20:59:50Z
ETHV,42.88,2025-11-25T20:59:46Z
ETHW,20.98,2025-11-25T20:59:58Z
ETHZ,10.14,2025-11-25T20:59:49Z
ETJ,8.74,2025-11-25T20:48:47Z
ETN,336.67,2025-11-25T20:59:58Z
ETON,16.27,2025-11-25T20:58:23Z
ETOR,39.84,2025-11-25T20:59:59Z
ETQ,49.93,2025-11-25T18:21:58Z
ETR,95.265,2025-11-25T20:59:48Z
ETS,0.5402,2025-11-25T20:22:07Z
ETSY,53.95,2025-11-25T20:59:53Z
ETU,14.97,2025-11-25T20:59:52Z
ETV,14.19,2025-11-25T20:51:11Z
ETW,9.04,2025-11-25T20:57:40Z
ETY,15.36,2025-11-25T20:56:20Z
EU,2.655,2025-11-25T20:59:56Z
EUAD,40.32,2025-11-25T20:59:39Z
EUFN,34.27,2025-11-25T20:59:56Z
EUHY,54.68,2025-11-25T20:52:49Z
EURL,35.89,2025-11-25T19:22:56Z
EUSA,102.28,2025-11-25T20:59:41Z
EUSB,44.225,2025-11-25T19:47:51Z
EVAX,5.27,2025-11-25T17:43:56Z
EVC,2.72,2025-11-25T20:59:51Z
EVCM,8.62,2025-11-25T20:59:12Z
EVER,25.845,2025-11-25T20:59:28Z
EVEX,3.77,2025-11-25T20:59:48Z
EVF,5.335,2025-11-25T18:33:50Z
EVG,11.05,2025-11-25T20:30:46Z
EVGN,1.115,2025-11-25T19:24:49Z
EVGO,3.03,2025-11-25T20:59:54Z
EVH,4.32,2025-11-25T20:59:56Z
EVLN,49.73,2025-11-25T19:11:48Z
EVLV,6.2,2025-11-25T20:59:56Z
EVMN,18.91,2025-11-25T20:59:58Z
EVMO,50.95,2025-11-25T20:35:27Z
EVN,10.885,2025-11-25T20:27:47Z
EVO,3.22,2025-11-25T20:58:18Z
EVOK,10.82,2025-11-25T20:55:25Z
EVOXU,10.12,2025-11-25T15:44:29Z
EVR,314.26,2025-11-25T20:59:56Z
EVRG,76.54,2025-11-25T20:59:51Z
EVSD,51.64,2025-11-25T20:59:45Z
EVSM,50.415,2025-11-25T20:59:46Z
EVT,23.95,2025-11-25T20:57:05Z
EVTC,29.79,2025-11-25T20:59:54Z
EVTL,4.255,2025-11-25T20:59:43Z
EVTR,51.925,2025-11-25T20:59:14Z
EVTV,1.1,2025-11-25T20:11:21Z
EVV,10.075,2025-11-25T20:59:45Z
EW,86.81,2025-11-25T20:59:48Z
EWA,25.64,2025-11-25T20:59:53Z
EWBC,107.44,2025-11-25T20:57:47Z
EWC,51.55,2025-11-25T20:59:50Z
EWCZ,3.71,2025-11-25T20:59:55Z
EWG,40.21,2025-11-25T20:59:42Z
EWH,22.175,2025-11-25T20:59:37Z
EWI,52.155,2025-11-25T20:58:42Z
EWJ,81.925,2025-11-25T20:59:56Z
EWJV,39.675,2025-11-25T20:59:04Z
EWL,57.255,2025-11-25T20:59:46Z
EWM,26.49,2025-11-25T20:59:52Z
EWN,56.85,2025-11-25T20:50:14Z
EWO,32.525,2025-11-25T20:58:13Z
EWP,50.845,2025-11-25T20:59:14Z
EWQ,44.065,2025-11-25T20:55:29Z
EWS,27.995,2025-11-25T20:59:46Z
EWT,62.8,2025-11-25T20:59:53Z
EWTX,24.04,2025-11-25T20:59:55Z
EWU,42.505,2025-11-25T20:59:48Z
EWUS,40.075,2025-11-25T20:58:24Z
EWW,67.755,2025-11-25T20:59:56Z
EWX,65.37,2025-11-25T16:34:01Z
EWY,89.785,2025-11-25T20:59:58Z
EWZ,32.545,2025-11-25T20:59:56Z
EWZS,13.585,2025-11-25T20:59:18Z
EXAS,101.135,2025-11-25T20:59:54Z
EXC,45.77,2025-11-25T20:59:59Z
EXE,115.99,2025-11-25T20:59:51Z
EXEL,43.14,2025-11-25T20:59:53Z
EXFY,1.515,2025-11-25T20:59:53Z
EXG,9.05,2025-11-25T20:59:55Z
EXI,169.915,2025-11-25T20:10:12Z
EXK,7.81,2025-11-25T20:59:59Z
EXLS,39.75,2025-11-25T20:59:45Z
EXOD,14.73,2025-11-25T20:58:06Z
EXP,219.235,2025-11-25T20:58:38Z
EXPD,147.58,2025-11-25T20:59:49Z
EXPE,258.155,2025-11-25T20:59:42Z
EXPI,11.79,2025-11-25T20:59:58Z
EXPO,72.39,2025-11-25T20:58:50Z
EXR,132.37,2025-11-25T20:59:51Z
EXTR,17.47,2025-11-25T20:59:50Z
EXUS,25.36,2025-11-25T17:03:50Z
EYE,28.39,2025-11-25T20:59:54Z
EYLD,38.38,2025-11-25T20:49:29Z
EYPT,14.73,2025-11-25T20:59:49Z
EZA,66.39,2025-11-25T20:59:48Z
EZBC,50.56,2025-11-25T20:59:47Z
EZET,22.24,2025-11-25T20:59:46Z
EZPW,18.5,2025-11-25T20:59:56Z
EZPZ,22.61,2025-11-25T14:54:15Z
EZU,61.77,2025-11-25T20:59:52Z
F,13.16,2025-11-25T20:59:59Z
F-B,21.21,2025-11-25T20:50:25Z
FA,14.025,2025-11-25T20:59:52Z
FAF,65.835,2025-11-25T20:59:50Z
FALN,27.545,2025-11-25T20:58:17Z
FAN,19.51,2025-11-25T20:57:41Z
FANG,146.98,2025-11-25T20:59:57Z
FAPR,43.69,2025-11-25T15:02:45Z
FARM,1.55,2025-11-25T20:28:05Z
FAS,161.3,2025-11-25T20:50:04Z
FAST,40.09,2025-11-25T20:59:59Z
FAT,0.5475,2025-11-25T20:51:20Z
FATBB,1.84,2025-11-25T18:09:30Z
FATE,1.05,2025-11-25T20:59:55Z
FATN,2.65,2025-11-25T17:51:15Z
FAUG,52.22,2025-11-25T17:43:48Z
FAX,15.24,2025-11-25T20:58:45Z
FAZ,43.79,2025-11-25T20:59:54Z
FBCG,53.86,2025-11-25T20:59:49Z
FBCV,35.22,2025-11-25T15:57:00Z
FBGL,0.6636,2025-11-25T18:24:03Z
FBIN,49.63,2025-11-25T20:59:55Z
FBIO,2.67,2025-11-25T20:59:02Z
FBIZ,52.51,2025-11-25T19:50:59Z
FBK,56.59,2025-11-25T20:49:46Z
FBL,31.24,2025-11-25T20:58:43Z
FBLA,12.72,2025-11-25T20:59:19Z
FBLG,0.2678,2025-11-25T20:59:07Z
FBNC,51.53,2025-11-25T20:59:05Z
FBND,46.635,2025-11-25T20:59:03Z
FBOT,31.9,2025-11-25T19:12:36Z
FBP,20.015,2025-11-25T20:59:54Z
FBRT,10.34,2025-11-25T20:59:53Z
FBRX,19.45,2025-11-25T20:54:33Z
FBTC,76.13,2025-11-25T20:59:59Z
FBUF,30.41,2025-11-25T20:49:17Z
FBY,12.91,2025-11-25T20:59:44Z
FBYD,15.3,2025-11-25T19:40:29Z
FBYDW,1.69,2025-11-25T15:26:53Z
FC,15.44,2025-11-25T20:59:35Z
FCAL,49.29,2025-11-25T20:52:59Z
FCBC,33.67,2025-11-25T20:49:16Z
FCCO,29.16,2025-11-25T20:28:23Z
FCEL,6.03,2025-11-25T20:59:56Z
FCF,16.59,2025-11-25T20:59:49Z
FCFS,154.08,2025-11-25T20:53:16Z
FCG,23.705,2025-11-25T20:59:26Z
FCHL,0.3539,2025-11-25T15:52:51Z
FCN,165.69,2025-11-25T20:59:46Z
FCNCA,1875.06,2025-11-25T20:59:50Z
FCNCO,22.4,2025-11-25T17:39:09Z
FCNCP,22.13,2025-11-25T15:20:45Z
FCOM,71.62,2025-11-25T20:59:47Z
FCOR,48.35,2025-11-25T20:47:07Z
FCPT,24.03,2025-11-25T20:59:52Z
FCRS,10.13,2025-11-25T20:52:15Z
FCT,9.56,2025-11-25T20:50:10Z
FCTE,24.55,2025-11-25T14:53:05Z
FCX,41.05,2025-11-25T20:59:59Z
FDCF,46.5,2025-11-25T20:52:40Z
FDD,16.3,2025-11-25T17:34:28Z
FDEC,49.92,2025-11-25T17:20:17Z
FDEM,30.28,2025-11-25T19:54:20Z
FDEV,33.56,2025-11-25T20:52:06Z
FDG,121.36,2025-11-25T15:14:44Z
FDHY,49.38,2025-11-25T20:54:50Z
FDIG,41.285,2025-11-25T20:58:06Z
FDIS,100.12,2025-11-25T20:52:27Z
FDL,43.8,2025-11-25T20:52:19Z
FDLO,67.25,2025-11-25T20:49:31Z
FDLS,35.42,2025-11-25T20:49:05Z
FDM,77.54,2025-11-25T17:36:23Z
FDMO,82.39,2025-11-25T17:45:08Z
FDMT,10.68,2025-11-25T20:59:59Z
FDN,267.76,2025-11-25T20:59:56Z
FDP,35.465,2025-11-25T20:59:45Z
FDS,278.73,2025-11-25T20:59:59Z
FDSB,13.48,2025-11-25T15:30:23Z
FDT,77.11,2025-11-25T20:53:25Z
FDUS,19.66,2025-11-25T20:59:46Z
FDV,28.69,2025-11-25T19:10:18Z
FDVV,56.19,2025-11-25T20:59:41Z
FDX,273.87,2025-11-25T20:59:52Z
FE,46.91,2025-11-25T20:59:58Z
FEAM,3.59,2025-11-25T20:58:19Z
FEBT,37.38,2025-11-25T19:40:10Z
FEBU,27.26,2025-11-25T15:36:34Z
FEBZ,38.47,2025-11-25T17:13:06Z
FEDM,57.21,2025-11-25T15:52:25Z
FEGE,45.165,2025-11-25T20:59:07Z
FEIM,27.84,2025-11-25T20:55:35Z
FELC,37.64,2025-11-25T20:58:54Z
FELE,95.355,2025-11-25T20:57:17Z
FELG,41.44,2025-11-25T20:59:33Z
FELV,34.1,2025-11-25T20:41:09Z
FEM,26.62,2025-11-25T17:26:16Z
FEMB,29.51,2025-11-25T20:25:58Z
FEMR,31.1,2025-11-25T18:54:55Z
FEMS,41.93,2025-11-25T19:47:13Z
FEMY,0.9922,2025-11-25T20:58:52Z
FENC,7.965,2025-11-25T20:57:39Z
FENI,35.25,2025-11-25T20:59:55Z
FENY,24.61,2025-11-25T20:46:33Z
FEOE,47,2025-11-25T20:59:52Z
FEPI,44.43,2025-11-25T18:00:53Z
FER,65.39,2025-11-25T20:59:25Z
FERG,247.96,2025-11-25T20:59:46Z
FESM,37.405,2025-11-25T20:57:27Z
FET,30.28,2025-11-25T20:59:28Z
FETH,29.235,2025-11-25T20:59:41Z
FEZ,61.985,2025-11-25T20:59:56Z
FF,3.225,2025-11-25T20:59:29Z
FFA,21.4,2025-11-25T15:42:44Z
FFAI,1.145,2025-11-25T20:59:54Z
FFBC,25.25,2025-11-25T20:59:52Z
FFC,16.45,2025-11-25T20:23:46Z
FFGX,29.55,2025-11-25T19:01:46Z
FFIC,16.35,2025-11-25T20:59:15Z
FFIN,31.61,2025-11-25T20:59:41Z
FFIV,240.055,2025-11-25T20:59:55Z
FFLG,29.48,2025-11-25T20:59:45Z
FFLV,23.75,2025-11-25T15:21:16Z
FFND,29.8,2025-11-25T20:56:41Z
FFOX,28.04,2025-11-25T20:59:50Z
FFSM,30.39,2025-11-25T20:59:46Z
FFTY,34.9,2025-11-25T20:59:52Z
FFWM,5.495,2025-11-25T20:59:44Z
FG,32.34,2025-11-25T20:54:54Z
FGBI,4.88,2025-11-25T20:47:57Z
FGBIP,15.37,2025-11-25T15:47:44Z
FGD,29.77,2025-11-25T20:59:50Z
FGDL,55.31,2025-11-25T18:22:40Z
FGEN,8.655,2025-11-25T14:43:18Z
FGI,6.26,2025-11-25T19:57:17Z
FGL,0.438,2025-11-25T20:59:59Z
FGMC,10.02,2025-11-25T20:16:45Z
FGN,26.7,2025-11-25T16:54:23Z
FGNX,2.69,2025-11-25T20:59:46Z
FGSN,23.2,2025-11-25T20:44:53Z
FHB,25.33,2025-11-25T20:59:53Z
FHEQ,30.71,2025-11-25T20:59:47Z
FHI,49.43,2025-11-25T20:59:53Z
FHLC,76.28,2025-11-25T20:59:52Z
FHN,22.39,2025-11-25T20:59:58Z
FHTX,4.705,2025-11-25T20:59:24Z
FHYS,23.3,2025-11-25T14:49:26Z
FIAT,2.785,2025-11-25T20:58:50Z
FIBK,33.125,2025-11-25T20:59:58Z
FICO,1810.96,2025-11-25T20:59:55Z
FID,20.26,2025-11-25T20:55:11Z
FIDU,80.9,2025-11-25T19:51:56Z
FIEE,2.45,2025-11-25T18:18:28Z
FIG,35.5,2025-11-25T20:59:54Z
FIGB,43.89,2025-11-25T20:43:57Z
FIGG,3.94,2025-11-25T14:38:00Z
FIGR,33.75,2025-11-25T20:59:52Z
FIGS,9.69,2025-11-25T20:59:59Z
FIHL,18.89,2025-11-25T20:59:51Z
FIIG,21.305,2025-11-25T19:29:31Z
FINS,13.12,2025-11-25T19:48:54Z
FINV,5.25,2025-11-25T20:59:56Z
FINX,29.525,2025-11-25T17:23:33Z
FIP,4.16,2025-11-25T20:59:59Z
FIS,65.68,2025-11-25T20:59:54Z
FISI,30.76,2025-11-25T20:58:54Z
FISR,26.23,2025-11-25T19:37:55Z
FISV,60.75,2025-11-25T20:59:58Z
FITB,43.27,2025-11-25T20:59:59Z
FITBO,19.79,2025-11-25T20:10:33Z
FITE,82.12,2025-11-25T17:26:54Z
FIVA,32.175,2025-11-25T20:40:32Z
FIVE,163.07,2025-11-25T20:59:38Z
FIVN,19.41,2025-11-25T20:59:53Z
FIX,957.12,2025-11-25T20:59:59Z
FIXD,44.61,2025-11-25T20:59:50Z
FIXT,38.74,2025-11-25T18:21:54Z
FIZZ,34.1,2025-11-25T20:57:48Z
FJP,67.48,2025-11-25T18:10:05Z
FJUL,54.91,2025-11-25T15:45:47Z
FLBL,23.73,2025-11-25T20:59:47Z
FLC,17.29,2025-11-25T20:26:01Z
FLCA,45.94,2025-11-25T16:11:17Z
FLCB,21.825,2025-11-25T20:55:07Z
FLCG,32.565,2025-11-25T20:59:47Z
FLCH,24.66,2025-11-25T17:42:18Z
FLCO,21.885,2025-11-25T20:59:42Z
FLD,3.09,2025-11-25T20:59:54Z
FLDB,50.71,2025-11-25T17:27:04Z
FLDR,50.445,2025-11-25T20:59:45Z
FLEX,57.36,2025-11-25T20:59:54Z
FLG,12.125,2025-11-25T20:59:53Z
FLGB,32.63,2025-11-25T18:38:09Z
FLGT,30.88,2025-11-25T20:59:06Z
FLHY,24.46,2025-11-25T20:49:37Z
FLIA,20.67,2025-11-25T20:55:46Z
FLIN,38.89,2025-11-25T20:59:33Z
FLJP,35.18,2025-11-25T20:59:55Z
FLKR,29.76,2025-11-25T19:31:44Z
FLL,2.66,2025-11-25T20:49:52Z
FLLA,24.29,2025-11-25T18:13:38Z
FLMI,24.925,2025-11-25T20:55:27Z
FLNC,16.77,2025-11-25T20:59:59Z
FLNG,26.37,2025-11-25T20:59:46Z
FLNT,1.72,2025-11-25T19:21:47Z
FLO,10.77,2025-11-25T20:59:58Z
FLOC,16.545,2025-11-25T20:59:32Z
FLOT,51.04,2025-11-25T20:59:48Z
FLOW,34.78,2025-11-25T20:37:31Z
FLQL,68.7,2025-11-25T17:42:45Z
FLQM,56.26,2025-11-25T19:35:50Z
FLR,41.85,2025-11-25T20:59:56Z
FLRN,30.83,2025-11-25T20:48:13Z
FLRT,47.095,2025-11-25T17:21:47Z
FLS,70.31,2025-11-25T20:59:47Z
FLSP,27.1,2025-11-25T20:09:50Z
FLSW,39.255,2025-11-25T14:57:18Z
FLTB,50.9,2025-11-25T20:59:46Z
FLTR,25.53,2025-11-25T20:59:58Z
FLTW,58.35,2025-11-25T20:13:24Z
FLUD,25.08,2025-11-25T14:46:24Z
FLUT,195.78,2025-11-25T20:59:59Z
FLUX,1.56,2025-11-25T20:55:50Z
FLWS,3.275,2025-11-25T20:59:55Z
FLX,3.19,2025-11-25T20:28:33Z
FLXR,39.855,2025-11-25T20:55:12Z
FLXS,39.565,2025-11-25T20:52:45Z
FLY,17.32,2025-11-25T20:59:44Z
FLYD,7.72,2025-11-25T20:59:50Z
FLYW,13.78,2025-11-25T20:59:59Z
FMAG,34.05,2025-11-25T20:57:43Z
FMAO,25.44,2025-11-25T20:49:53Z
FMB,51.165,2025-11-25T20:32:21Z
FMBH,38.375,2025-11-25T15:06:18Z
FMC,13.41,2025-11-25T20:59:54Z
FMDE,35.87,2025-11-25T20:59:14Z
FMF,48.55,2025-11-25T20:49:30Z
FMFC,0.58,2025-11-25T20:55:45Z
FMHI,47.98,2025-11-25T20:59:54Z
FMN,11.11,2025-11-25T20:56:50Z
FMNB,13.565,2025-11-25T20:59:23Z
FMQQ,14.02,2025-11-25T16:38:32Z
FMS,24.1,2025-11-25T20:59:22Z
FMST,2.635,2025-11-25T20:57:23Z
FMTM,31.19,2025-11-25T19:40:18Z
FMUB,51.275,2025-11-25T16:46:49Z
FMUN,50.36,2025-11-25T20:11:48Z
FMX,93.98,2025-11-25T20:59:42Z
FN,429.71,2025-11-25T20:59:57Z
FNB,16.71,2025-11-25T20:59:55Z
FNCL,74.595,2025-11-25T20:59:48Z
FND,64.1,2025-11-25T20:59:50Z
FNDA,31.3,2025-11-25T20:59:12Z
FNDB,26.24,2025-11-25T20:58:01Z
FNDC,44.395,2025-11-25T20:57:11Z
FNDE,36.715,2025-11-25T20:59:19Z
FNDF,44.3,2025-11-25T20:59:54Z
FNDX,26.87,2025-11-25T20:59:50Z
FNF,59.35,2025-11-25T20:59:58Z
FNGD,4.68,2025-11-25T20:59:59Z
FNGG,241.29,2025-11-25T15:16:25Z
FNGR,1.37,2025-11-25T20:58:23Z
FNGS,70.38,2025-11-25T17:16:12Z
FNGU,29.17,2025-11-25T20:59:56Z
FNKO,3.06,2025-11-25T20:59:54Z
FNOV,54.03,2025-11-25T19:30:59Z
FNV,201,2025-11-25T20:59:42Z
FNWB,9.91,2025-11-25T20:54:23Z
FNWD,37.31,2025-11-25T20:03:06Z
FNX,124.58,2025-11-25T19:32:39Z
FNY,90.68,2025-11-25T18:24:19Z
FOA,23.825,2025-11-25T20:59:25Z
FOCT,48.04,2025-11-25T15:15:33Z
FOF,12.955,2025-11-25T19:46:00Z
FOLD,9.86,2025-11-25T20:59:59Z
FOR,25.45,2025-11-25T20:59:50Z
FORA,2.215,2025-11-25T20:55:07Z
FORM,53.13,2025-11-25T20:59:45Z
FORR,7.17,2025-11-25T20:53:58Z
FOSL,2.95,2025-11-25T20:59:57Z
FOUR,70.145,2025-11-25T20:59:50Z
FOX,57.975,2025-11-25T20:59:55Z
FOXA,64.71,2025-11-25T20:59:51Z
FOXF,14.625,2025-11-25T20:58:28Z
FOXX,4.96,2025-11-25T20:59:48Z
FPE,18.21,2025-11-25T20:59:50Z
FPEI,19.335,2025-11-25T20:59:45Z
FPF,18.65,2025-11-25T20:47:47Z
FPH,6.23,2025-11-25T20:55:38Z
FPI,9.66,2025-11-25T20:59:56Z
FPX,156.98,2025-11-25T20:16:54Z
FR,57,2025-11-25T20:59:57Z
FRA,11.88,2025-11-25T20:59:44Z
FRAF,53.125,2025-11-25T18:03:21Z
FRBA,16,2025-11-25T20:59:54Z
FRD,19.98,2025-11-25T19:51:06Z
FRDD,20.16,2025-11-25T17:29:36Z
FRDM,47.165,2025-11-25T20:58:16Z
FREL,27.51,2025-11-25T20:59:52Z
FRGE,44.33,2025-11-25T20:55:44Z
FRGT,0.7076,2025-11-25T20:59:15Z
FRHC,132.82,2025-11-25T20:42:32Z
FRI,28.14,2025-11-25T20:12:14Z
FRME,37.19,2025-11-25T20:59:50Z
FRMI,14.11,2025-11-25T20:59:47Z
FRNW,19.72,2025-11-25T15:23:08Z
FRO,23.98,2025-11-25T20:59:53Z
FROG,62.74,2025-11-25T20:59:50Z
FRPH,23.785,2025-11-25T20:55:30Z
FRPT,55.825,2025-11-25T20:59:56Z
FRSH,12.36,2025-11-25T20:59:58Z
FRST,11.16,2025-11-25T20:59:30Z
FRT,98.39,2025-11-25T20:59:39Z
FRTY,20.74,2025-11-25T20:59:49Z
FSBC,35.25,2025-11-25T20:47:09Z
FSCO,6.3,2025-11-25T20:59:52Z
FSEC,44.67,2025-11-25T20:47:09Z
FSEP,50.795,2025-11-25T19:49:56Z
FSFG,31.15,2025-11-25T19:20:17Z
FSI,6.95,2025-11-25T17:38:04Z
FSIG,19.215,2025-11-25T19:49:32Z
FSK,15.96,2025-11-25T20:59:54Z
FSLR,260.15,2025-11-25T20:59:09Z
FSLY,12.35,2025-11-25T20:59:58Z
FSM,9.31,2025-11-25T20:59:55Z
FSMB,20.015,2025-11-25T20:12:19Z
FSMD,44.01,2025-11-25T20:59:45Z
FSOL,16.13,2025-11-25T20:59:51Z
FSP,0.9738,2025-11-25T20:59:38Z
FSS,111.595,2025-11-25T20:58:05Z
FSSL,13.61,2025-11-25T20:59:38Z
FSTA,49.57,2025-11-25T20:59:47Z
FSTR,26.45,2025-11-25T20:55:51Z
FSUN,34.435,2025-11-25T20:59:28Z
FSV,153.01,2025-11-25T20:59:04Z
FSYD,48.275,2025-11-25T16:36:23Z
FT,7.96,2025-11-25T20:57:47Z
FTA,84.74,2025-11-25T20:59:46Z
FTAG,25.875,2025-11-25T15:51:11Z
FTAI,163.99,2025-11-25T20:59:51Z
FTC,155.46,2025-11-25T18:27:06Z
FTCA,7.37,2025-11-25T18:23:18Z
FTCB,21.435,2025-11-25T20:59:52Z
FTCI,9.11,2025-11-25T20:56:24Z
FTCS,92.225,2025-11-25T20:59:20Z
FTDR,53.92,2025-11-25T20:59:50Z
FTEC,220.44,2025-11-25T20:57:37Z
FTEK,1.815,2025-11-25T20:54:23Z
FTEL,0.749,2025-11-25T16:55:59Z
FTF,6.07,2025-11-25T20:49:53Z
FTFT,1.17,2025-11-25T18:05:35Z
FTGC,26.495,2025-11-25T20:31:02Z
FTGS,34.72,2025-11-25T20:44:34Z
FTHI,23.5,2025-11-25T20:59:47Z
FTHM,1.25,2025-11-25T20:59:17Z
FTHY,14.11,2025-11-25T20:59:41Z
FTI,45.04,2025-11-25T20:59:59Z
FTK,14.01,2025-11-25T20:59:54Z
FTLF,18.19,2025-11-25T20:49:14Z
FTLS,70.82,2025-11-25T15:58:18Z
FTMA,9.01,2025-11-25T20:39:22Z
FTMH,11.66,2025-11-25T20:55:12Z
FTMU,7.86,2025-11-25T20:49:24Z
FTNJ,8.75,2025-11-25T20:39:25Z
FTNT,80.88,2025-11-25T20:59:52Z
FTNY,7.88,2025-11-25T20:42:04Z
FTPA,8.63,2025-11-25T19:53:00Z
FTQI,20.6,2025-11-25T20:59:59Z
FTRB,25.66,2025-11-25T20:30:33Z
FTRE,12.76,2025-11-25T20:58:56Z
FTS,51.915,2025-11-25T20:59:49Z
FTSD,91.07,2025-11-25T18:49:10Z
FTSL,45.845,2025-11-25T20:59:45Z
FTSM,60.07,2025-11-25T20:59:34Z
FTV,53.28,2025-11-25T20:59:55Z
FTW,10.45,2025-11-25T14:49:11Z
FTXG,21.59,2025-11-25T16:02:11Z
FTXL,119.89,2025-11-25T20:50:14Z
FTXO,35.6,2025-11-25T18:17:32Z
FUBO,3.12,2025-11-25T20:59:56Z
FUFU,2.91,2025-11-25T20:59:50Z
FUL,58.38,2025-11-25T20:59:43Z
FULC,11.53,2025-11-25T20:59:54Z
FULT,18.29,2025-11-25T20:59:57Z
FULTP,19.27,2025-11-25T20:38:52Z
FUMB,20.065,2025-11-25T20:59:46Z
FUN,14.675,2025-11-25T20:59:51Z
FUNC,38.515,2025-11-25T20:48:56Z
FUNL,46.415,2025-11-25T16:18:42Z
FURY,0.515,2025-11-25T17:42:58Z
FUSB,13.61,2025-11-25T15:27:51Z
FUSI,50.35,2025-11-25T14:46:12Z
FUTU,168.31,2025-11-25T20:59:06Z
FUTY,57.4,2025-11-25T20:58:21Z
FV,61.2,2025-11-25T20:50:21Z
FVCB,12.81,2025-11-25T17:21:07Z
FVD,46.225,2025-11-25T20:59:29Z
FVNNU,10.8,2025-11-25T15:24:32Z
FVR,15.185,2025-11-25T20:59:32Z
FVRR,20.49,2025-11-25T20:59:48Z
FWD,99.935,2025-11-25T15:16:28Z
FWDI,8.525,2025-11-25T20:51:40Z
FWONA,85.5,2025-11-25T20:33:12Z
FWONK,94.175,2025-11-25T20:59:46Z
FWRD,21.89,2025-11-25T20:59:50Z
FWRG,17.895,2025-11-25T20:59:59Z
FXA,64.09,2025-11-25T20:39:05Z
FXB,126.99,2025-11-25T20:19:04Z
FXC,69.29,2025-11-25T19:43:51Z
FXE,106.72,2025-11-25T20:59:45Z
FXF,109.67,2025-11-25T18:59:49Z
FXI,39.615,2025-11-25T20:59:57Z
FXL,161.14,2025-11-25T14:36:54Z
FXN,16.355,2025-11-25T20:55:03Z
FXO,58.9,2025-11-25T20:52:39Z
FXP,17.61,2025-11-25T17:00:21Z
FXU,46.765,2025-11-25T20:58:30Z
FXY,58.91,2025-11-25T17:16:32Z
FXZ,61.6,2025-11-25T20:56:17Z
FYBR,37.9,2025-11-25T20:59:59Z
FYC,94.11,2025-11-25T20:59:50Z
FYEE,28.605,2025-11-25T20:59:47Z
FYLD,31.72,2025-11-25T15:51:33Z
FYT,56.21,2025-11-25T20:33:10Z
FYX,110.6,2025-11-25T16:10:55Z
G,44.64,2025-11-25T20:59:49Z
GAB,6.115,2025-11-25T20:59:55Z
GAB-K,21.32,2025-11-25T20:46:12Z
GABC,40.19,2025-11-25T20:58:10Z
GAIA,3.92,2025-11-25T20:59:45Z
GAIN,13.97,2025-11-25T20:59:13Z
GAL,49.51,2025-11-25T20:59:49Z
GALT,5.72,2025-11-25T20:59:56Z
GAM,57.81,2025-11-25T20:45:05Z
GAMB,5.12,2025-11-25T20:59:59Z
GAME,0.4892,2025-11-25T20:58:50Z
GANX,2.915,2025-11-25T20:59:31Z
GAP,26.61,2025-11-25T20:59:59Z
GARP,66.42,2025-11-25T19:04:30Z
GASS,6.67,2025-11-25T20:58:07Z
GATX,159.18,2025-11-25T20:58:35Z
GAU,2.27,2025-11-25T20:59:30Z
GAUG,38.81,2025-11-25T20:47:40Z
GAUZ,1.85,2025-11-25T20:19:11Z
GBAB,15.135,2025-11-25T16:59:15Z
GBCI,43.235,2025-11-25T20:59:57Z
GBDC,13.93,2025-11-25T20:59:54Z
GBFH,34.05,2025-11-25T20:17:13Z
GBHI,25.2,2025-11-25T15:31:08Z
GBIL,100.145,2025-11-25T19:44:21Z
GBIO,5.265,2025-11-25T20:57:35Z
GBLI,27.49,2025-11-25T20:56:18Z
GBTC,68.345,2025-11-25T20:59:57Z
GBTG,7.73,2025-11-25T20:59:54Z
GBUG,38.67,2025-11-25T20:52:19Z
GBX,44.33,2025-11-25T20:59:54Z
GCL,1.29,2025-11-25T20:59:53Z
GCMG,10.685,2025-11-25T20:59:51Z
GCO,34.87,2025-11-25T20:55:15Z
GCOR,41.955,2025-11-25T20:56:43Z
GCOW,41.095,2025-11-25T20:59:27Z
GCT,36.725,2025-11-25T20:57:09Z
GCTK,5.11,2025-11-25T20:29:28Z
GCTS,1.3,2025-11-25T20:59:29Z
GD,341.09,2025-11-25T20:59:52Z
GDDY,126.38,2025-11-25T20:59:57Z
GDE,58.925,2025-11-25T20:56:05Z
GDEN,29.52,2025-11-25T20:59:38Z
GDHG,4.68,2025-11-25T16:54:39Z
GDLC,41.47,2025-11-25T20:02:22Z
GDMN,83.52,2025-11-25T19:56:39Z
GDOC,37.13,2025-11-25T18:48:48Z
GDOG,17.73,2025-11-25T17:25:07Z
GDOT,11.825,2025-11-25T20:59:57Z
GDRX,2.805,2025-11-25T20:59:56Z
GDS,34.09,2025-11-25T20:59:57Z
GDX,77.805,2025-11-25T20:59:57Z
GDXD,13.065,2025-11-25T20:59:46Z
GDXJ,100.14,2025-11-25T20:59:58Z
GDXU,183.48,2025-11-25T20:55:50Z
GDXW,54.32,2025-11-25T14:34:13Z
GDXY,15.77,2025-11-25T20:59:04Z
GDYN,8.745,2025-11-25T20:59:25Z
GE,293.47,2025-11-25T20:59:55Z
GECC,7.65,2025-11-25T20:54:29Z
GECCG,24.68,2025-11-25T20:56:20Z
GEF,64.13,2025-11-25T20:59:17Z
GEG,2.56,2025-11-25T18:34:50Z
GEGGL,24.79,2025-11-25T16:16:14Z
GEHC,79.955,2025-11-25T20:59:50Z
GEL,15.785,2025-11-25T20:59:47Z
GELS,1.0055,2025-11-25T20:52:08Z
GEM,41.27,2025-11-25T20:58:52Z
GEMG,5.62,2025-11-25T20:55:00Z
GEMI,10.47,2025-11-25T20:59:41Z
GEN,26.69,2025-11-25T20:59:58Z
GENC,12.935,2025-11-25T20:13:27Z
GENI,9.89,2025-11-25T20:59:58Z
GENK,2.4,2025-11-25T14:37:21Z
GEO,15.62,2025-11-25T20:59:52Z
GEOS,11.2,2025-11-25T20:59:00Z
GERN,1.15,2025-11-25T20:59:57Z
GES,17.05,2025-11-25T20:59:49Z
GETY,1.595,2025-11-25T20:59:46Z
GEV,572.28,2025-11-25T20:59:50Z
GEVO,2.08,2025-11-25T20:59:57Z
GEVX,25.075,2025-11-25T20:58:36Z
GF,10.69,2025-11-25T15:28:34Z
GFAI,0.71,2025-11-25T20:54:40Z
GFEB,40.9,2025-11-25T18:35:35Z
GFF,75.425,2025-11-25T20:59:42Z
GFI,40.72,2025-11-25T20:59:50Z
GFL,45.155,2025-11-25T20:59:52Z
GFLW,27.86,2025-11-25T19:37:40Z
GFR,5.17,2025-11-25T20:55:54Z
GFS,34.605,2025-11-25T20:59:54Z
GGAL,48.9,2025-11-25T20:59:50Z
GGB,3.485,2025-11-25T20:59:46Z
GGG,82.875,2025-11-25T20:59:46Z
GGLL,108.25,2025-11-25T20:54:40Z
GGLS,6.62,2025-11-25T20:59:58Z
GGN,4.975,2025-11-25T20:55:02Z
GGN-B,20.63,2025-11-25T14:47:50Z
GGT,4.05,2025-11-25T20:57:18Z
GH,108.68,2025-11-25T20:59:52Z
GHC,1089.5,2025-11-25T20:57:29Z
GHG,1.82,2025-11-25T19:40:30Z
GHI,6.705,2025-11-25T20:59:36Z
GHLD,19.89,2025-11-25T20:53:17Z
GHM,57.19,2025-11-25T20:58:56Z
GHMS,26.21,2025-11-25T20:57:25Z
GHRS,14.82,2025-11-25T20:49:26Z
GHY,12.4,2025-11-25T20:59:59Z
GIAX,16.99,2025-11-25T20:58:00Z
GIB,89.22,2025-11-25T20:59:52Z
GIBO,2.26,2025-11-25T18:02:59Z
GIC,28.24,2025-11-25T20:50:01Z
GIFI,11.85,2025-11-25T20:56:49Z
GIFT,1.085,2025-11-25T16:57:09Z
GIG,10.48,2025-11-25T20:57:59Z
GIGB,46.77,2025-11-25T17:12:50Z
GIGGW,0.45,2025-11-25T14:50:55Z
GIGM,1.51,2025-11-25T15:49:55Z
GII,70.675,2025-11-25T20:57:10Z
GIII,29.445,2025-11-25T20:59:42Z
GIL,57.195,2025-11-25T20:59:56Z
GILD,127.11,2025-11-25T20:59:56Z
GILT,11.35,2025-11-25T20:58:01Z
GINX,30.26,2025-11-25T20:43:12Z
GIS,46.945,2025-11-25T20:59:58Z
GJAN,42.02,2025-11-25T16:45:30Z
GJR,24.86,2025-11-25T15:38:51Z
GJUL,40.77,2025-11-25T20:49:43Z
GJUN,38.94,2025-11-25T15:26:00Z
GKOS,104.34,2025-11-25T20:59:50Z
GL,135.37,2025-11-25T20:59:59Z
GL-D,16.78,2025-11-25T20:57:00Z
GLAD,20.93,2025-11-25T20:48:40Z
GLBE,39.45,2025-11-25T20:59:51Z
GLBS,1.23,2025-11-25T20:59:40Z
GLD,380.05,2025-11-25T20:59:52Z
GLDD,12.33,2025-11-25T20:59:50Z
GLDG,1.39,2025-11-25T20:48:21Z
GLDM,81.78,2025-11-25T20:59:42Z
GLGG,12.73,2025-11-25T20:57:48Z
GLIBA,36.78,2025-11-25T19:23:17Z
GLIBK,36.47,2025-11-25T20:59:48Z
GLIN,46.15,2025-11-25T20:52:50Z
GLL,28.48,2025-11-25T20:55:15Z
GLMD,0.822,2025-11-25T20:13:06Z
GLNG,36.4,2025-11-25T20:59:47Z
GLO,5.66,2025-11-25T20:59:07Z
GLOB,63.19,2025-11-25T20:59:44Z
GLOO,9.25,2025-11-25T20:59:55Z
GLOV,57.34,2025-11-25T20:59:59Z
GLP,42.87,2025-11-25T19:54:03Z
GLPG,31.14,2025-11-25T20:56:19Z
GLPI,43.305,2025-11-25T20:59:58Z
GLQ,7.6,2025-11-25T18:19:02Z
GLRE,13.08,2025-11-25T20:59:53Z
GLSI,8.38,2025-11-25T20:53:17Z
GLTO,16.505,2025-11-25T20:59:41Z
GLTR,178.565,2025-11-25T18:17:03Z
GLUE,16.035,2025-11-25T20:59:57Z
GLW,82.935,2025-11-25T20:59:51Z
GLXG,3,2025-11-25T20:44:33Z
GLXU,15.935,2025-11-25T17:44:56Z
GLXY,25.48,2025-11-25T20:59:58Z
GM,72.78,2025-11-25T20:59:52Z
GMAB,31.4,2025-11-25T20:59:56Z
GME,21.07,2025-11-25T20:59:59Z
GME+,2.77,2025-11-25T20:43:06Z
GMED,91.13,2025-11-25T20:59:47Z
GMEU,10.05,2025-11-25T20:59:45Z
GMEY,40.55,2025-11-25T20:37:43Z
GMF,138.07,2025-11-25T20:42:33Z
GMGI,0.7847,2025-11-25T20:21:39Z
GMMA,21.31,2025-11-25T20:59:33Z
GMNY,50.04,2025-11-25T19:12:34Z
GMRE,33.005,2025-11-25T20:58:23Z
GMRE-A,23.91,2025-11-25T17:55:33Z
GMRE-B,24.82,2025-11-25T20:59:45Z
GMUB,51.24,2025-11-25T16:06:57Z
GNE,14.32,2025-11-25T20:57:26Z
GNK,18.91,2025-11-25T20:59:52Z
GNL,8.18,2025-11-25T20:59:51Z
GNL-A,22.43,2025-11-25T19:40:29Z
GNL-B,21.62,2025-11-25T20:06:14Z
GNL-D,23.52,2025-11-25T16:33:35Z
GNL-E,22.7,2025-11-25T20:53:18Z
GNLN,3.35,2025-11-25T18:56:07Z
GNLX,5.18,2025-11-25T20:40:27Z
GNMA,44.81,2025-11-25T20:55:12Z
GNOM,45.635,2025-11-25T20:09:04Z
GNOV,39.17,2025-11-25T19:35:17Z
GNPX,2.92,2025-11-25T20:51:20Z
GNR,59.72,2025-11-25T20:55:09Z
GNRC,148.55,2025-11-25T20:59:48Z
GNS,0.7519,2025-11-25T20:58:33Z
GNSS,2.135,2025-11-25T19:26:35Z
GNT,7.09,2025-11-25T18:29:31Z
GNTA,1.935,2025-11-25T20:26:54Z
GNTX,22.735,2025-11-25T20:59:52Z
GNW,8.78,2025-11-25T20:59:56Z
GO,10.865,2025-11-25T20:59:44Z
GOAU,39.29,2025-11-25T15:11:16Z
GOCO,2.76,2025-11-25T15:33:58Z
GOCT,38.93,2025-11-25T20:52:24Z
GOEX,72.6,2025-11-25T19:31:21Z
GOF,12.42,2025-11-25T20:59:19Z
GOGO,7.12,2025-11-25T20:59:55Z
GOLF,84.145,2025-11-25T20:59:54Z
GOLY,34.03,2025-11-25T20:21:20Z
GOOD,11.04,2025-11-25T20:59:49Z
GOOG,323.69,2025-11-25T20:59:59Z
GOOGL,323.465,2025-11-25T20:59:56Z
GOOS,13.49,2025-11-25T20:59:59Z
GOOW,77.17,2025-11-25T15:42:34Z
GOOX,75.445,2025-11-25T20:50:00Z
GOOY,15.73,2025-11-25T20:59:10Z
GORO,0.6764,2025-11-25T20:59:17Z
GOSS,3.265,2025-11-25T20:59:59Z
GOTU,2.62,2025-11-25T20:59:48Z
GOVI,28.035,2025-11-25T20:59:59Z
GOVT,23.275,2025-11-25T20:59:50Z
GOVX,0.3779,2025-11-25T20:58:00Z
GOVZ,9.81,2025-11-25T20:55:23Z
GP,0.92,2025-11-25T19:05:58Z
GPC,128.83,2025-11-25T20:59:46Z
GPCR,34.18,2025-11-25T20:59:54Z
GPI,410.59,2025-11-25T20:49:26Z
GPIQ,52.55,2025-11-25T20:59:47Z
GPIX,52.325,2025-11-25T20:59:51Z
GPJA,23.11,2025-11-25T20:06:57Z
GPK,16.11,2025-11-25T20:59:58Z
GPMT,2.75,2025-11-25T20:59:54Z
GPN,74.01,2025-11-25T20:59:50Z
GPOR,212.1,2025-11-25T20:59:34Z
GPRE,10.145,2025-11-25T20:59:52Z
GPRK,7.92,2025-11-25T20:59:59Z
GPRO,1.61,2025-11-25T20:59:59Z
GPT,30.32,2025-11-25T20:17:21Z
GPTY,43.57,2025-11-25T20:46:17Z
GPUS,0.2857,2025-11-25T20:59:19Z
GQGU,24.885,2025-11-25T20:58:01Z
GQI,56.79,2025-11-25T18:08:58Z
GRAB,5.25,2025-11-25T20:59:56Z
GRAL,107.75,2025-11-25T20:58:56Z
GRAN,2.33,2025-11-25T14:54:36Z
GRBK,67.99,2025-11-25T20:59:36Z
GRC,46.55,2025-11-25T20:50:20Z
GRCE,3.2,2025-11-25T17:18:01Z
GRDN,29.43,2025-11-25T20:59:34Z
GREE,1.505,2025-11-25T20:59:40Z
GREK,65.565,2025-11-25T20:57:18Z
GRFS,8.66,2025-11-25T20:59:49Z
GRI,2.06,2025-11-25T17:11:20Z
GRID,149.06,2025-11-25T20:59:04Z
GRMN,192.845,2025-11-25T20:59:37Z
GRND,12.605,2025-11-25T20:59:54Z
GRNI,20.1,2025-11-25T18:42:56Z
GRNJ,25.16,2025-11-25T20:56:20Z
GRNT,5.1,2025-11-25T20:59:56Z
GRNY,24.43,2025-11-25T20:59:56Z
GRO,2.26,2025-11-25T20:59:14Z
GROW,2.5,2025-11-25T20:55:15Z
GROY,3.82,2025-11-25T20:59:52Z
GROY+,1.77,2025-11-25T19:50:37Z
GRP=,54.37,2025-11-25T17:05:13Z
GRPM,119.24,2025-11-25T20:38:55Z
GRPN,16.49,2025-11-25T20:59:53Z
GRRR,12.88,2025-11-25T20:59:50Z
GRVY,57.01,2025-11-25T20:08:37Z
GRWG,1.55,2025-11-25T20:57:43Z
GRX,9.595,2025-11-25T15:51:15Z
GS,802.31,2025-11-25T20:59:48Z
GS-A,19.33,2025-11-25T15:01:53Z
GS-C,19.51,2025-11-25T19:05:32Z
GS-D,19.07,2025-11-25T15:54:06Z
GSAT,60.82,2025-11-25T20:59:39Z
GSBC,60.41,2025-11-25T20:59:38Z
GSBD,9.785,2025-11-25T20:59:31Z
GSEP,38.26,2025-11-25T19:35:17Z
GSEU,43.685,2025-11-25T20:37:32Z
GSEW,83.91,2025-11-25T17:47:33Z
GSG,22.68,2025-11-25T20:59:54Z
GSGO,39.69,2025-11-25T17:30:37Z
GSHD,70.56,2025-11-25T20:59:41Z
GSIE,41.275,2025-11-25T20:59:45Z
GSIT,6,2025-11-25T20:59:52Z
GSK,47.55,2025-11-25T20:59:58Z
GSL,35.05,2025-11-25T20:55:48Z
GSLC,130.97,2025-11-25T20:54:37Z
GSM,4.085,2025-11-25T20:59:50Z
GSOL,10.035,2025-11-25T20:58:41Z
GSST,50.63,2025-11-25T20:59:59Z
GSUN,1.39,2025-11-25T19:18:04Z
GSUS,93.53,2025-11-25T20:59:47Z
GSY,50.215,2025-11-25T20:55:10Z
GT,8.415,2025-11-25T20:59:56Z
GTBP,0.7446,2025-11-25T20:59:44Z
GTE,4.245,2025-11-25T20:59:52Z
GTEC,1.08,2025-11-25T20:59:59Z
GTEK,37.48,2025-11-25T15:12:37Z
GTEN,10.33,2025-11-25T19:33:16Z
GTES,22.675,2025-11-25T20:59:57Z
GTLB,41.23,2025-11-25T20:59:49Z
GTLS,203.75,2025-11-25T20:59:09Z
GTM,9.61,2025-11-25T20:59:56Z
GTN,4.89,2025-11-25T20:59:51Z
GTO,47.635,2025-11-25T20:59:09Z
GTX,16.52,2025-11-25T20:59:59Z
GTY,28.57,2025-11-25T20:59:48Z
GUG,15.3,2025-11-25T20:59:09Z
GUNR,43.885,2025-11-25T20:58:11Z
GUSH,23.36,2025-11-25T20:57:17Z
GUT,6,2025-11-25T20:59:50Z
GUTS,1.455,2025-11-25T20:59:39Z
GV,1.33,2025-11-25T20:59:19Z
GVA,105.66,2025-11-25T20:59:44Z
GVAL,30.575,2025-11-25T20:59:54Z
GVH,3.665,2025-11-25T14:55:46Z
GVI,107.96,2025-11-25T20:58:16Z
GVIP,148.6,2025-11-25T15:20:39Z
GWAV,5.19,2025-11-25T20:23:09Z
GWH,2.6,2025-11-25T20:59:19Z
GWRE,213.98,2025-11-25T20:59:29Z
GWRS,8.5,2025-11-25T20:24:41Z
GWW,942.48,2025-11-25T20:59:10Z
GWX,39.505,2025-11-25T20:45:24Z
GXIG,25.89,2025-11-25T16:31:19Z
GXO,49.61,2025-11-25T20:59:50Z
GXPC,29.76,2025-11-25T16:41:06Z
GXPS,24.54,2025-11-25T20:49:44Z
GXPT,26.52,2025-11-25T14:43:09Z
GXRP,42.79,2025-11-25T20:48:28Z
GYRE,7.75,2025-11-25T20:51:51Z
H,166.42,2025-11-25T20:59:42Z
HACK,83.15,2025-11-25T17:00:52Z
HAE,80.61,2025-11-25T20:59:51Z
HAFC,28.19,2025-11-25T20:54:01Z
HAFN,5.95,2025-11-25T20:59:55Z
HAIN,1.07,2025-11-25T20:59:51Z
HAL,25.69,2025-11-25T20:59:58Z
HALO,72.81,2025-11-25T20:59:53Z
HAS,81.56,2025-11-25T20:59:50Z
HASI,33.58,2025-11-25T20:59:58Z
HAUZ,23.45,2025-11-25T20:59:59Z
HAYW,16.51,2025-11-25T20:59:54Z
HBAN,16.195,2025-11-25T20:59:59Z
HBANP,17.33,2025-11-25T20:29:20Z
HBB,16.04,2025-11-25T20:50:44Z
HBCP,56.14,2025-11-25T20:41:02Z
HBDC,25.16,2025-11-25T20:42:50Z
HBI,6.61,2025-11-25T20:59:53Z
HBIO,0.72,2025-11-25T20:41:03Z
HBM,15.75,2025-11-25T20:59:57Z
HBNC,17.055,2025-11-25T20:59:37Z
HBR,19.875,2025-11-25T18:22:44Z
HBT,24.45,2025-11-25T19:16:56Z
HCA,516.01,2025-11-25T20:59:50Z
HCACU,10.02,2025-11-25T20:56:30Z
HCAT,2.775,2025-11-25T20:59:58Z
HCC,77.38,2025-11-25T20:59:57Z
HCHL,3.62,2025-11-25T15:03:51Z
HCI,176.25,2025-11-25T20:14:59Z
HCKT,18.64,2025-11-25T20:59:45Z
HCM,14.23,2025-11-25T17:02:08Z
HCOW,24.02,2025-11-25T20:02:11Z
HCRB,35.81,2025-11-25T20:37:30Z
HCSG,18.865,2025-11-25T20:59:53Z
HCTI,2.025,2025-11-25T20:59:38Z
HCWB,2.04,2025-11-25T16:45:49Z
HCWC,0.6292,2025-11-25T20:37:15Z
HD,351.06,2025-11-25T20:59:55Z
HDB,36.17,2025-11-25T20:59:53Z
HDEF,30.32,2025-11-25T20:52:32Z
HDGE,17.03,2025-11-25T20:59:19Z
HDSN,6.795,2025-11-25T20:59:32Z
HDV,122.98,2025-11-25T20:59:32Z
HE,11.74,2025-11-25T20:59:56Z
HECA,28.075,2025-11-25T20:59:46Z
HEDJ,51.64,2025-11-25T17:41:55Z
HEEM,34.32,2025-11-25T20:59:41Z
HEFA,40.87,2025-11-25T20:57:05Z
HEFT,25.16,2025-11-25T20:01:47Z
HEGD,25.25,2025-11-25T19:52:11Z
HEI,315.04,2025-11-25T20:59:48Z
HEI.A,245.995,2025-11-25T20:59:49Z
HELE,18.84,2025-11-25T20:59:40Z
HELO,65.87,2025-11-25T20:57:29Z
HEPS,2.3,2025-11-25T20:59:50Z
HEQ,10.8,2025-11-25T20:45:36Z
HEQQ,57.58,2025-11-25T16:29:37Z
HEQT,31.63,2025-11-25T19:49:35Z
HERE,5.38,2025-11-25T20:59:50Z
HERO,30.92,2025-11-25T19:53:02Z
HESM,32.685,2025-11-25T20:59:25Z
HEZU,42.77,2025-11-25T20:51:01Z
HFFG,2.39,2025-11-25T20:16:12Z
HFGO,27.385,2025-11-25T20:59:49Z
HFRO,6.13,2025-11-25T20:59:43Z
HFRO-A,16.41,2025-11-25T17:19:47Z
HFRO-B,16.32,2025-11-25T17:01:20Z
HFSI,35.86,2025-11-25T20:59:46Z
HFWA,24.455,2025-11-25T20:58:01Z
HFXI,31.77,2025-11-25T19:50:05Z
HG,27.61,2025-11-25T20:59:56Z
HGBL,1.36,2025-11-25T19:17:36Z
HGER,26.28,2025-11-25T20:59:59Z
HGRO,28.06,2025-11-25T15:49:19Z
HGTY,13.38,2025-11-25T20:59:53Z
HGV,41.91,2025-11-25T20:59:58Z
HHH,88.33,2025-11-25T20:59:49Z
HHS,2.965,2025-11-25T19:02:35Z
HI,31.74,2025-11-25T20:59:54Z
HIBL,56.31,2025-11-25T18:45:21Z
HIBS,6.145,2025-11-25T20:59:46Z
HIFS,286.15,2025-11-25T16:14:18Z
HIG,137.575,2025-11-25T20:59:54Z
HIGH,22.72,2025-11-25T16:54:46Z
HII,314.7,2025-11-25T20:59:53Z
HIMS,37.09,2025-11-25T20:59:56Z
HIMU,49.3,2025-11-25T20:59:25Z
HIMX,7.37,2025-11-25T20:59:59Z
HIMZ,8.195,2025-11-25T20:52:47Z
HIO,3.76,2025-11-25T19:53:09Z
HIPO,33.49,2025-11-25T20:58:12Z
HIPS,11.695,2025-11-25T18:26:07Z
HISF,45.32,2025-11-25T18:56:44Z
HIT,1.45,2025-11-25T20:59:55Z
HITI,2.56,2025-11-25T20:59:31Z
HIVE,3.17,2025-11-25T20:59:59Z
HIW,27.555,2025-11-25T20:59:51Z
HIX,4.16,2025-11-25T20:58:12Z
HKD,1.5,2025-11-25T20:58:13Z
HKIT,1.42,2025-11-25T15:38:03Z
HKPD,1.055,2025-11-25T18:17:15Z
HL,14.99,2025-11-25T20:59:59Z
HLAL,61.65,2025-11-25T20:50:00Z
HLF,11.82,2025-11-25T20:59:53Z
HLI,175.83,2025-11-25T20:57:50Z
HLIO,54.295,2025-11-25T20:59:52Z
HLIT,9.49,2025-11-25T20:59:49Z
HLLY,4.08,2025-11-25T20:59:51Z
HLMN,8.73,2025-11-25T20:59:55Z
HLN,9.815,2025-11-25T20:59:59Z
HLNE,123.05,2025-11-25T20:59:54Z
HLT,284.73,2025-11-25T20:59:55Z
HLX,6.7,2025-11-25T20:59:58Z
HMC,29.94,2025-11-25T20:59:33Z
HMN,45.855,2025-11-25T20:59:55Z
HMOP,39.27,2025-11-25T15:01:39Z
HMR,1.15,2025-11-25T17:55:43Z
HMY,18.145,2025-11-25T20:59:58Z
HNDL,22.18,2025-11-25T20:58:17Z
HNGE,48.26,2025-11-25T20:59:55Z
HNI,41.29,2025-11-25T20:59:49Z
HNRG,19.65,2025-11-25T20:59:53Z
HNST,2.635,2025-11-25T20:59:48Z
HODL,24.68,2025-11-25T20:59:47Z
HOG,24.21,2025-11-25T20:59:50Z
HOLO,3.32,2025-11-25T20:59:46Z
HOLX,74.89,2025-11-25T20:59:59Z
HOMB,28.39,2025-11-25T20:59:45Z
HON,190.99,2025-11-25T20:59:58Z
HOOD,115.61,2025-11-25T20:59:59Z
HOOG,68.035,2025-11-25T20:54:40Z
HOOW,53.36,2025-11-25T20:05:04Z
HOOX,105.03,2025-11-25T20:54:50Z
HOOY,51.98,2025-11-25T19:22:31Z
HOOZ,23.92,2025-11-25T20:53:44Z
HOPE,10.675,2025-11-25T20:59:58Z
HOTH,1.16,2025-11-25T20:57:30Z
HOUR,1.94,2025-11-25T20:28:00Z
HOUS,14.34,2025-11-25T20:59:54Z
HOV,129.89,2025-11-25T20:52:44Z
HOVR,1.555,2025-11-25T20:59:52Z
HOWL,0.91,2025-11-25T20:18:44Z
HOYY,16.96,2025-11-25T17:39:54Z
HP,27.575,2025-11-25T20:59:56Z
HPAI,3.605,2025-11-25T20:15:07Z
HPE,21.36,2025-11-25T20:59:59Z
HPE-C,59.945,2025-11-25T18:53:11Z
HPF,16.23,2025-11-25T15:26:27Z
HPI,16.83,2025-11-25T16:24:51Z
HPK,6.43,2025-11-25T20:59:58Z
HPP,1.885,2025-11-25T20:59:58Z
HPP-C,14.7,2025-11-25T20:11:19Z
HPQ,24.3,2025-11-25T20:59:58Z
HPS,14.91,2025-11-25T20:55:59Z
HQH,19.36,2025-11-25T20:59:46Z
HQL,17.355,2025-11-25T20:40:42Z
HQY,105.4,2025-11-25T20:59:46Z
HR,18.04,2025-11-25T20:59:51Z
HRB,41.935,2025-11-25T20:59:56Z
HRI,136.46,2025-11-25T20:58:24Z
HRL,22.99,2025-11-25T20:59:55Z
HRMY,35.3,2025-11-25T20:59:59Z
HROW,41.08,2025-11-25T20:59:41Z
HRTG,28.82,2025-11-25T20:59:24Z
HRTX,1.08,2025-11-25T20:59:56Z
HRZN,6.66,2025-11-25T20:59:51Z
HSAI,20.25,2025-11-25T20:59:52Z
HSBC,69.5,2025-11-25T20:59:58Z
HSCZ,38.425,2025-11-25T20:56:33Z
HSDT,3.61,2025-11-25T20:59:48Z
HSHP,8.73,2025-11-25T20:54:21Z
HSIC,75.485,2025-11-25T20:59:30Z
HSII,58.82,2025-11-25T20:59:51Z
HST,17.8,2025-11-25T20:59:56Z
HSTM,25.66,2025-11-25T20:54:30Z
HSY,186.69,2025-11-25T20:59:50Z
HTAB,19.315,2025-11-25T20:59:48Z
HTAX,24.59,2025-11-25T19:58:26Z
HTB,41.62,2025-11-25T20:33:32Z
HTBK,11.075,2025-11-25T20:59:54Z
HTCO,14.11,2025-11-25T19:52:00Z
HTCR,0.4943,2025-11-25T20:49:11Z
HTD,24.47,2025-11-25T20:50:47Z
HTEC,36.245,2025-11-25T20:57:05Z
HTFL,32.435,2025-11-25T20:59:53Z
HTGC,17.67,2025-11-25T20:59:56Z
HTH,34.85,2025-11-25T20:59:50Z
HTHT,46.205,2025-11-25T20:59:51Z
HTLD,7.79,2025-11-25T20:59:55Z
HTO,46.07,2025-11-25T20:59:57Z
HTRB,34.6,2025-11-25T20:50:01Z
HTZ,5.265,2025-11-25T20:59:59Z
HTZWW,2.875,2025-11-25T14:57:06Z
HUBB,430.015,2025-11-25T20:59:51Z
HUBC,0.9701,2025-11-25T20:05:06Z
HUBG,38.31,2025-11-25T20:59:50Z
HUBS,371.94,2025-11-25T20:59:47Z
HUHU,10.85,2025-11-25T20:56:07Z
HUM,237.85,2025-11-25T20:59:59Z
HUMA,1.315,2025-11-25T20:59:59Z
HUMN,27.21,2025-11-25T18:14:08Z
HUN,9.57,2025-11-25T20:59:55Z
HURA,1.94,2025-11-25T20:58:57Z
HURC,16.61,2025-11-25T20:53:43Z
HURN,164.51,2025-11-25T20:55:19Z
HUSA,2.53,2025-11-25T20:58:02Z
HUSV,39.04,2025-11-25T19:33:37Z
HUT,39.95,2025-11-25T20:59:57Z
HUYA,2.805,2025-11-25T20:57:31Z
HVII,10.335,2025-11-25T16:26:04Z
HVT,24.16,2025-11-25T20:59:21Z
HWC,60.8,2025-11-25T20:59:57Z
HWCPZ,23.31,2025-11-25T20:24:04Z
HWKN,129.9,2025-11-25T20:50:00Z
HWM,203.28,2025-11-25T20:59:50Z
HXHX,0.6,2025-11-25T20:46:20Z
HXL,74.71,2025-11-25T20:59:54Z
HY,29.415,2025-11-25T20:59:50Z
HYBB,47.115,2025-11-25T14:43:07Z
HYBL,28.52,2025-11-25T20:53:48Z
HYD,51.235,2025-11-25T20:59:59Z
HYDB,47.465,2025-11-25T20:59:46Z
HYEM,19.97,2025-11-25T20:51:11Z
HYFI,37.84,2025-11-25T20:57:59Z
HYFM,1.74,2025-11-25T16:21:22Z
HYFT,1.8,2025-11-25T20:59:49Z
HYG,80.875,2025-11-25T20:59:54Z
HYGH,86.02,2025-11-25T20:11:40Z
HYGV,40.945,2025-11-25T20:59:18Z
HYGW,30.05,2025-11-25T20:50:16Z
HYI,11.11,2025-11-25T20:55:17Z
HYIN,16.06,2025-11-25T20:23:32Z
HYLB,36.96,2025-11-25T20:59:43Z
HYLN,1.825,2025-11-25T20:59:58Z
HYLS,41.77,2025-11-25T20:59:46Z
HYMB,25.175,2025-11-25T20:59:58Z
HYMC,9.98,2025-11-25T20:59:54Z
HYPD,4.03,2025-11-25T20:59:00Z
HYPR,1.075,2025-11-25T20:57:58Z
HYS,95.16,2025-11-25T20:57:15Z
HYT,9.385,2025-11-25T20:59:50Z
HYTI,19.75,2025-11-25T17:16:37Z
HYTR,21.815,2025-11-25T20:55:28Z
HYZD,22.41,2025-11-25T20:59:50Z
HZO,24.72,2025-11-25T20:59:47Z
IAC,34.36,2025-11-25T20:59:54Z
IAF,12.47,2025-11-25T16:03:18Z
IAG,14.545,2025-11-25T20:59:54Z
IAGG,51.745,2025-11-25T20:56:09Z
IAI,171.97,2025-11-25T20:34:23Z
IAK,134.74,2025-11-25T20:30:00Z
IART,13.26,2025-11-25T20:59:54Z
IAS,10.26,2025-11-25T20:59:57Z
IAT,51.99,2025-11-25T20:59:01Z
IAU,77.82,2025-11-25T20:59:58Z
IAUI,54.975,2025-11-25T20:59:45Z
IAUM,41.19,2025-11-25T20:59:54Z
IAUX,1.035,2025-11-25T20:59:26Z
IBB,172.32,2025-11-25T20:59:54Z
IBBQ,28.66,2025-11-25T18:01:53Z
IBCA,26.175,2025-11-25T20:58:41Z
IBCP,33.02,2025-11-25T20:59:36Z
IBD,24.195,2025-11-25T20:59:52Z
IBDQ,25.16,2025-11-25T20:59:53Z
IBDR,24.285,2025-11-25T20:55:18Z
IBDS,24.34,2025-11-25T20:59:47Z
IBDT,25.545,2025-11-25T20:58:26Z
IBDU,23.52,2025-11-25T20:49:52Z
IBDV,22.205,2025-11-25T18:39:59Z
IBDW,21.295,2025-11-25T20:59:50Z
IBDX,25.715,2025-11-25T20:59:52Z
IBDY,26.345,2025-11-25T20:53:28Z
IBDZ,26.57,2025-11-25T15:36:59Z
IBEX,35.41,2025-11-25T20:59:13Z
IBG,2.39,2025-11-25T20:58:36Z
IBGA,25.37,2025-11-25T20:59:46Z
IBHE,23.19,2025-11-25T16:11:57Z
IBHF,23.255,2025-11-25T20:59:46Z
IBHG,22.405,2025-11-25T20:55:12Z
IBHH,23.74,2025-11-25T17:38:27Z
IBHI,23.69,2025-11-25T20:55:05Z
IBHJ,26.69,2025-11-25T19:31:10Z
IBHK,25.83,2025-11-25T14:50:22Z
IBHL,25.7,2025-11-25T14:50:34Z
IBID,26.03,2025-11-25T20:59:59Z
IBIE,26.24,2025-11-25T17:58:59Z
IBIH,26.46,2025-11-25T18:34:12Z
IBIJ,26.36,2025-11-25T19:05:02Z
IBIO,1.185,2025-11-25T20:59:48Z
IBIT,49.55,2025-11-25T20:59:58Z
IBKR,63.175,2025-11-25T20:59:57Z
IBLC,46.05,2025-11-25T20:02:05Z
IBM,304.47,2025-11-25T20:59:31Z
IBMN,26.78,2025-11-25T20:46:12Z
IBMO,25.63,2025-11-25T20:17:20Z
IBMP,25.395,2025-11-25T20:58:41Z
IBMQ,25.53,2025-11-25T20:31:39Z
IBMR,25.39,2025-11-25T19:47:29Z
IBMS,26,2025-11-25T15:06:24Z
IBMT,25.94,2025-11-25T20:29:21Z
IBN,30.62,2025-11-25T20:59:56Z
IBND,31.77,2025-11-25T17:30:54Z
IBO,0.437,2025-11-25T20:59:48Z
IBOC,66.78,2025-11-25T20:59:36Z
IBP,270.37,2025-11-25T20:59:50Z
IBRX,2.07,2025-11-25T20:59:56Z
IBTA,22.935,2025-11-25T20:59:57Z
IBTG,22.935,2025-11-25T14:49:29Z
IBTH,22.525,2025-11-25T20:55:14Z
IBTI,22.455,2025-11-25T18:41:23Z
IBTJ,22.07,2025-11-25T19:05:33Z
IBTK,20.01,2025-11-25T19:05:06Z
IBTL,20.75,2025-11-25T18:36:44Z
IBTM,23.37,2025-11-25T20:59:50Z
IBTO,24.905,2025-11-25T20:59:46Z
IBTP,26.19,2025-11-25T14:45:13Z
IBUF,28.5,2025-11-25T20:56:09Z
IBUY,72.27,2025-11-25T16:40:10Z
ICCM,0.6964,2025-11-25T19:59:43Z
ICE,155.96,2025-11-25T20:59:49Z
ICF,61.265,2025-11-25T20:40:21Z
ICFI,78.11,2025-11-25T20:28:25Z
ICG,1.6,2025-11-25T14:31:56Z
ICHR,16.22,2025-11-25T20:59:42Z
ICL,5.54,2025-11-25T20:59:58Z
ICLN,16.435,2025-11-25T20:59:58Z
ICLO,25.545,2025-11-25T20:55:28Z
ICLR,174.47,2025-11-25T20:59:57Z
ICOI,22.25,2025-11-25T20:58:20Z
ICON,1.02,2025-11-25T20:59:54Z
ICOP,38.63,2025-11-25T14:31:45Z
ICOW,37.995,2025-11-25T20:19:52Z
ICPY,10.09,2025-11-25T15:02:58Z
ICSH,50.73,2025-11-25T20:59:45Z
ICU,0.3259,2025-11-25T20:59:51Z
ICUCW,0.01,2025-11-25T19:10:22Z
ICUI,151.97,2025-11-25T20:58:30Z
ICVT,98.59,2025-11-25T20:59:48Z
IDA,129.6,2025-11-25T20:59:46Z
IDAI,3.89,2025-11-25T20:30:24Z
IDCC,357.79,2025-11-25T20:59:53Z
IDE,11.64,2025-11-25T19:19:01Z
IDEF,28.89,2025-11-25T15:10:00Z
IDEQ,29.02,2025-11-25T19:26:26Z
IDEV,80.465,2025-11-25T20:59:52Z
IDGT,86.49,2025-11-25T17:34:46Z
IDHQ,34.085,2025-11-25T20:07:46Z
IDLV,33.695,2025-11-25T15:34:59Z
IDMO,53.565,2025-11-25T20:58:13Z
IDN,6.41,2025-11-25T20:58:35Z
IDNA,26.93,2025-11-25T16:11:26Z
IDOG,37.275,2025-11-25T15:54:32Z
IDR,37.25,2025-11-25T20:59:58Z
IDRV,37.14,2025-11-25T20:35:01Z
IDT,50.07,2025-11-25T20:58:28Z
IDU,112.2,2025-11-25T20:52:19Z
IDUB,23.62,2025-11-25T20:51:02Z
IDV,37.91,2025-11-25T20:59:49Z
IDVO,37.465,2025-11-25T20:58:12Z
IDVZ,30.75,2025-11-25T20:43:22Z
IDX,17.02,2025-11-25T15:42:56Z
IDXX,766.55,2025-11-25T20:59:48Z
IDYA,35.505,2025-11-25T20:59:31Z
IE,12.45,2025-11-25T20:59:56Z
IEF,97.585,2025-11-25T20:59:58Z
IEFA,87.525,2025-11-25T20:59:50Z
IEI,120.35,2025-11-25T20:59:26Z
IEMG,66.46,2025-11-25T20:59:58Z
IEO,91.19,2025-11-25T20:10:15Z
IEP,7.835,2025-11-25T20:59:53Z
IESC,407.27,2025-11-25T20:57:36Z
IETC,99.82,2025-11-25T18:58:52Z
IEUR,68.4,2025-11-25T20:59:31Z
IEV,66.02,2025-11-25T20:49:29Z
IEX,173.655,2025-11-25T20:59:52Z
IEZ,20.6,2025-11-25T20:48:13Z
IFF,69.2,2025-11-25T20:59:56Z
IFGL,22.905,2025-11-25T20:59:46Z
IFN,14.195,2025-11-25T20:58:00Z
IFRA,52.67,2025-11-25T20:58:59Z
IFRX,1.18,2025-11-25T20:59:06Z
IFS,39.81,2025-11-25T20:59:46Z
IFV,23.7,2025-11-25T16:12:16Z
IGA,9.66,2025-11-25T20:55:34Z
IGACU,10.01,2025-11-25T20:59:56Z
IGC,0.3164,2025-11-25T20:59:30Z
IGD,5.745,2025-11-25T20:38:55Z
IGE,48.64,2025-11-25T18:06:39Z
IGEB,46.085,2025-11-25T20:59:46Z
IGF,62.16,2025-11-25T20:59:58Z
IGHG,78.45,2025-11-25T16:22:45Z
IGI,16.44,2025-11-25T17:45:58Z
IGIB,54.32,2025-11-25T20:59:31Z
IGIC,23.97,2025-11-25T20:59:14Z
IGLB,51.49,2025-11-25T20:59:48Z
IGLD,25.11,2025-11-25T20:39:42Z
IGM,128.11,2025-11-25T20:59:40Z
IGME,28.645,2025-11-25T20:20:56Z
IGOV,41.97,2025-11-25T20:59:29Z
IGR,4.6,2025-11-25T20:58:13Z
IGRO,80.61,2025-11-25T20:55:43Z
IGSB,53.11,2025-11-25T20:59:46Z
IGTR,26.275,2025-11-25T16:30:00Z
IGV,103.175,2025-11-25T20:59:59Z
IHAK,49.21,2025-11-25T20:59:05Z
IHDG,47.225,2025-11-25T20:57:36Z
IHE,85.85,2025-11-25T20:16:54Z
IHF,49.3,2025-11-25T20:55:26Z
IHG,134.645,2025-11-25T20:55:34Z
IHI,64.505,2025-11-25T20:59:55Z
IHRT,3.71,2025-11-25T20:59:50Z
IHS,6.715,2025-11-25T20:59:51Z
IHT,1.29,2025-11-25T20:59:10Z
IIF,26.56,2025-11-25T20:59:53Z
III,5.29,2025-11-25T20:59:37Z
IIIN,31.79,2025-11-25T20:49:34Z
IIIV,24.31,2025-11-25T20:59:10Z
IIM,12.4,2025-11-25T20:45:41Z
IINN,0.9699,2025-11-25T19:35:03Z
IIPR,49.01,2025-11-25T20:59:51Z
IIPR-A,24.98,2025-11-25T20:01:31Z
IJH,65.59,2025-11-25T20:59:59Z
IJJ,130.705,2025-11-25T20:59:49Z
IJK,96.11,2025-11-25T20:59:02Z
IJR,120.135,2025-11-25T20:59:56Z
IJS,112.785,2025-11-25T20:50:00Z
IJT,142.46,2025-11-25T20:54:30Z
IJUL,32.7,2025-11-25T20:34:09Z
IKT,1.565,2025-11-25T20:59:55Z
ILCB,93.48,2025-11-25T20:59:08Z
ILCG,102.815,2025-11-25T20:59:54Z
ILDR,32.57,2025-11-25T20:59:35Z
ILF,30.35,2025-11-25T20:59:45Z
ILLR,0.3705,2025-11-25T20:56:05Z
ILMN,129.63,2025-11-25T20:59:54Z
ILOW,41.81,2025-11-25T20:59:47Z
ILPT,5.475,2025-11-25T20:59:56Z
IMA,7.31,2025-11-25T20:51:27Z
IMAX,36.045,2025-11-25T20:59:43Z
IMCB,81.83,2025-11-25T19:47:01Z
IMCC,1.57,2025-11-25T16:01:36Z
IMCG,80.13,2025-11-25T20:58:49Z
IMCR,39.84,2025-11-25T20:59:38Z
IMCV,80.07,2025-11-25T15:20:44Z
IMFL,28.595,2025-11-25T20:55:04Z
IMG,0.1739,2025-11-25T20:33:28Z
IMKTA,76.89,2025-11-25T20:58:05Z
IMMP,1.77,2025-11-25T14:43:17Z
IMMR,7.17,2025-11-25T20:59:53Z
IMMX,4.31,2025-11-25T20:59:51Z
IMNM,18.315,2025-11-25T20:59:57Z
IMO,97.83,2025-11-25T20:59:48Z
IMOM,36.78,2025-11-25T14:40:07Z
IMOS,27.84,2025-11-25T16:13:56Z
IMPP,6.27,2025-11-25T20:59:51Z
IMRA,19.9,2025-11-25T17:06:20Z
IMRN,1.75,2025-11-25T20:59:24Z
IMRX,7.445,2025-11-25T20:59:52Z
IMSR,8.44,2025-11-25T20:59:54Z
IMSRW,2.64,2025-11-25T19:41:16Z
IMST,16.72,2025-11-25T16:46:37Z
IMTB,44.46,2025-11-25T15:59:49Z
IMTE,0.69,2025-11-25T20:50:00Z
IMTM,47.405,2025-11-25T20:59:31Z
IMTX,10.97,2025-11-25T20:59:49Z
IMUX,0.7065,2025-11-25T20:58:54Z
IMVT,23.96,2025-11-25T20:59:54Z
IMXI,15.125,2025-11-25T20:59:46Z
INAB,1.89,2025-11-25T20:59:42Z
INBK,19.06,2025-11-25T20:59:46Z
INBX,81.23,2025-11-25T20:54:50Z
INCM,27.97,2025-11-25T20:55:40Z
INCO,64.8,2025-11-25T19:25:56Z
INCY,105.55,2025-11-25T20:59:54Z
INDA,54.26,2025-11-25T20:59:57Z
INDB,73.81,2025-11-25T20:53:51Z
INDI,3.465,2025-11-25T20:59:54Z
INDL,57.495,2025-11-25T14:43:21Z
INDO,2.64,2025-11-25T20:59:15Z
INDP,1.96,2025-11-25T18:48:14Z
INDS,37.9,2025-11-25T15:51:01Z
INDV,33.075,2025-11-25T20:59:53Z
INDY,53.185,2025-11-25T16:50:18Z
INEQ,38.53,2025-11-25T20:07:14Z
INFL,42.91,2025-11-25T19:19:54Z
INFU,9.55,2025-11-25T20:59:50Z
INFY,17.275,2025-11-25T20:59:57Z
ING,25.57,2025-11-25T20:59:56Z
INGM,21.555,2025-11-25T20:59:41Z
INGN,7.08,2025-11-25T20:54:19Z
INGR,107.18,2025-11-25T20:59:49Z
INHD,0.264,2025-11-25T20:59:54Z
INKM,33.36,2025-11-25T17:30:34Z
INKT,11.07,2025-11-25T20:37:53Z
INLF,0.5787,2025-11-25T20:32:45Z
INM,1.41,2025-11-25T20:59:24Z
INMB,1.52,2025-11-25T20:55:00Z
INMD,14.125,2025-11-25T20:59:56Z
INMU,24.11,2025-11-25T20:22:35Z
INN,5.41,2025-11-25T20:59:52Z
INNV,5.32,2025-11-25T20:58:46Z
INO,1.815,2025-11-25T20:59:45Z
INOD,55.615,2025-11-25T20:59:42Z
INOV,33.56,2025-11-25T19:14:20Z
INR,12.88,2025-11-25T20:59:03Z
INSE,8.07,2025-11-25T20:59:52Z
INSG,10.575,2025-11-25T20:58:59Z
INSM,208.93,2025-11-25T20:59:55Z
INSP,130.43,2025-11-25T20:59:55Z
INSW,53.835,2025-11-25T20:59:53Z
INTA,41.91,2025-11-25T20:59:47Z
INTC,35.805,2025-11-25T20:59:59Z
INTF,36.535,2025-11-25T20:58:10Z
INTL,27.85,2025-11-25T20:59:55Z
INTR,8.44,2025-11-25T20:59:57Z
INTS,0.3935,2025-11-25T20:59:01Z
INTT,7.89,2025-11-25T20:59:50Z
INTU,647.97,2025-11-25T20:59:55Z
INTW,42.245,2025-11-25T20:59:49Z
INTZ,1.39,2025-11-25T20:58:09Z
INUV,2.54,2025-11-25T15:08:36Z
INV,5.48,2025-11-25T20:59:50Z
INVA,21.715,2025-11-25T20:59:33Z
INVE,3.45,2025-11-25T20:23:54Z
INVG,26.04,2025-11-25T17:32:00Z
INVH,28.045,2025-11-25T20:59:54Z
INVX,22.58,2025-11-25T20:59:53Z
INVZ,1.21,2025-11-25T20:59:41Z
IOBT,0.7283,2025-11-25T20:59:27Z
IONL,36.31,2025-11-25T15:32:09Z
IONQ,47.08,2025-11-25T20:59:54Z
IONQ+,35.02,2025-11-25T18:50:18Z
IONR,4.275,2025-11-25T16:07:59Z
IONS,80.92,2025-11-25T20:59:56Z
IONX,55.36,2025-11-25T20:54:33Z
IONZ,4.58,2025-11-25T20:59:59Z
IOO,125.58,2025-11-25T20:59:54Z
IOPP,27.05,2025-11-25T19:38:08Z
IOSP,74.46,2025-11-25T20:58:41Z
IOT,37.435,2025-11-25T20:59:54Z
IOTR,3.38,2025-11-25T20:59:19Z
IOVA,2.475,2025-11-25T20:59:50Z
IP,39.16,2025-11-25T20:59:50Z
IPAC,73.64,2025-11-25T20:05:17Z
IPAR,80.18,2025-11-25T20:58:10Z
IPAY,50.77,2025-11-25T14:34:50Z
IPCXR,0.43,2025-11-25T19:49:55Z
IPDN,1.725,2025-11-25T14:48:12Z
IPG,25.055,2025-11-25T20:59:58Z
IPGP,77.55,2025-11-25T20:59:34Z
IPHA,1.88,2025-11-25T17:03:09Z
IPI,24.99,2025-11-25T20:59:46Z
IPKW,53.26,2025-11-25T20:58:16Z
IPM,1.86,2025-11-25T20:13:28Z
IPO,45.05,2025-11-25T20:32:58Z
IPSC,0.5396,2025-11-25T20:55:28Z
IPST,6.41,2025-11-25T20:52:39Z
IPWR,3.82,2025-11-25T16:42:36Z
IPX,32.01,2025-11-25T20:48:44Z
IQ,2.22,2025-11-25T20:59:56Z
IQDF,29.23,2025-11-25T20:59:58Z
IQDG,39.82,2025-11-25T20:36:26Z
IQI,9.93,2025-11-25T20:56:07Z
IQLT,44.26,2025-11-25T20:59:50Z
IQQQ,44.21,2025-11-25T19:58:39Z
IQSI,34.2,2025-11-25T20:52:44Z
IQST,4.24,2025-11-25T19:07:53Z
IQV,231.94,2025-11-25T20:59:32Z
IR,79.44,2025-11-25T20:59:52Z
IRBT,1.54,2025-11-25T20:59:51Z
IRD,2,2025-11-25T20:59:05Z
IRDM,16.455,2025-11-25T20:59:48Z
IRE,10.785,2025-11-25T20:59:53Z
IREN,47.46,2025-11-25T20:59:56Z
IREX,17.79,2025-11-25T19:01:18Z
IRIX,0.9255,2025-11-25T18:36:21Z
IRM,85.66,2025-11-25T20:59:50Z
IRMD,92.025,2025-11-25T20:53:36Z
IRON,92.51,2025-11-25T20:59:44Z
IRS,14.17,2025-11-25T20:59:33Z
IRT,17.08,2025-11-25T20:59:59Z
IRTC,188.035,2025-11-25T20:56:45Z
IRWD,3.12,2025-11-25T20:59:49Z
ISBA,42.76,2025-11-25T14:51:00Z
ISCF,40.31,2025-11-25T20:31:23Z
ISCV,67.825,2025-11-25T20:57:10Z
ISD,14.58,2025-11-25T20:59:37Z
ISHG,75.065,2025-11-25T17:37:57Z
ISMD,38,2025-11-25T16:59:06Z
ISMF,27.03,2025-11-25T14:30:11Z
ISOU,8.37,2025-11-25T20:53:06Z
ISPC,0.4804,2025-11-25T20:44:22Z
ISPO,2.69,2025-11-25T20:59:41Z
ISPR,2.38,2025-11-25T20:55:08Z
ISPY,45.25,2025-11-25T20:25:27Z
ISRA,54.75,2025-11-25T16:05:14Z
ISRG,579.18,2025-11-25T20:59:55Z
ISSC,9.42,2025-11-25T20:59:40Z
ISTB,48.925,2025-11-25T20:59:53Z
ISTR,24.715,2025-11-25T16:16:47Z
ISUL,39.79,2025-11-25T20:45:16Z
IT,235.42,2025-11-25T20:59:49Z
ITA,202.34,2025-11-25T20:59:52Z
ITAN,35.93,2025-11-25T17:07:28Z
ITB,102.61,2025-11-25T20:59:55Z
ITDB,33.265,2025-11-25T20:59:49Z
ITDC,34.265,2025-11-25T20:59:46Z
ITGR,71.425,2025-11-25T20:59:57Z
ITM,47.11,2025-11-25T20:59:46Z
ITOT,147.3,2025-11-25T20:59:58Z
ITP,0.2221,2025-11-25T14:31:13Z
ITRG,3.185,2025-11-25T20:59:54Z
ITRI,96.96,2025-11-25T20:59:35Z
ITRM,0.4473,2025-11-25T20:42:10Z
ITRN,40.67,2025-11-25T20:57:37Z
ITT,183.46,2025-11-25T20:59:58Z
ITUB,7.41,2025-11-25T20:59:49Z
ITW,248.55,2025-11-25T20:59:48Z
ITWO,39.39,2025-11-25T16:10:31Z
IUS,56.8,2025-11-25T20:56:26Z
IUSB,46.96,2025-11-25T20:59:52Z
IUSG,166.67,2025-11-25T20:59:28Z
IUSV,101.31,2025-11-25T20:59:52Z
IVA,4.42,2025-11-25T20:59:11Z
IVAL,30.38,2025-11-25T19:30:08Z
IVDA,0.916,2025-11-25T20:59:01Z
IVE,209.275,2025-11-25T20:59:40Z
IVES,31.515,2025-11-25T20:59:48Z
IVF,0.256,2025-11-25T20:59:54Z
IVLU,36.695,2025-11-25T20:59:55Z
IVOG,119.25,2025-11-25T17:13:40Z
IVOL,19.505,2025-11-25T20:59:59Z
IVOO,110.64,2025-11-25T19:19:46Z
IVOV,101.38,2025-11-25T17:00:16Z
IVP,0.1717,2025-11-25T20:59:58Z
IVR,7.965,2025-11-25T20:59:59Z
IVR-C,24.37,2025-11-25T18:36:31Z
IVT,28.28,2025-11-25T20:59:50Z
IVV,678.35,2025-11-25T20:59:59Z
IVVD,2.265,2025-11-25T20:59:56Z
IVVW,46.57,2025-11-25T20:50:00Z
IVW,122.28,2025-11-25T20:59:59Z
IVZ,24.22,2025-11-25T20:59:58Z
IWB,369.83,2025-11-25T20:59:49Z
IWC,153.62,2025-11-25T19:20:28Z
IWD,207.26,2025-11-25T20:59:55Z
IWF,470.97,2025-11-25T20:59:56Z
IWL,168.67,2025-11-25T20:27:30Z
IWM,245.14,2025-11-25T20:59:59Z
IWMI,48.93,2025-11-25T19:41:21Z
IWMY,20.715,2025-11-25T20:59:45Z
IWN,180.05,2025-11-25T20:59:23Z
IWO,322.73,2025-11-25T20:59:52Z
IWP,137.07,2025-11-25T20:59:51Z
IWR,95.68,2025-11-25T20:59:35Z
IWS,139.76,2025-11-25T20:58:47Z
IWV,383.31,2025-11-25T20:57:24Z
IWX,90.26,2025-11-25T20:57:05Z
IWY,275.3,2025-11-25T20:59:06Z
IX,26.73,2025-11-25T20:59:36Z
IXC,42.14,2025-11-25T20:59:45Z
IXHL,0.3333,2025-11-25T20:59:57Z
IXJ,99.21,2025-11-25T20:59:30Z
IXN,102.65,2025-11-25T20:54:30Z
IXP,123.36,2025-11-25T16:31:28Z
IXUS,83.045,2025-11-25T20:59:42Z
IYC,101.01,2025-11-25T20:52:06Z
IYE,47.12,2025-11-25T20:59:49Z
IYF,123.94,2025-11-25T20:59:46Z
IYG,88.07,2025-11-25T20:59:42Z
IYH,66.84,2025-11-25T20:59:43Z
IYJ,144.225,2025-11-25T20:59:52Z
IYK,68.91,2025-11-25T20:59:54Z
IYLD,21.35,2025-11-25T15:31:14Z
IYM,146.58,2025-11-25T18:49:07Z
IYR,96.08,2025-11-25T20:59:59Z
IYRI,49.7,2025-11-25T14:30:00Z
IYT,71.45,2025-11-25T20:59:08Z
IYW,195.51,2025-11-25T20:59:56Z
IYY,162.26,2025-11-25T14:54:47Z
IYZ,32.26,2025-11-25T20:59:08Z
IZEA,5.02,2025-11-25T20:58:16Z
IZM,0.98,2025-11-25T20:59:54Z
J,133.485,2025-11-25T20:59:21Z
JAAA,50.67,2025-11-25T20:59:49Z
JACK,19.46,2025-11-25T20:59:51Z
JACS,10.43,2025-11-25T20:44:43Z
JAGX,1.21,2025-11-25T20:13:51Z
JAJL,28.87,2025-11-25T16:49:55Z
JAKK,16.31,2025-11-25T20:59:51Z
JAMF,12.91,2025-11-25T20:59:58Z
JANB,25.28,2025-11-25T20:06:20Z
JANJ,24.87,2025-11-25T18:01:01Z
JANM,32.645,2025-11-25T17:21:28Z
JANU,27.54,2025-11-25T15:23:52Z
JANX,34.74,2025-11-25T20:59:51Z
JANZ,38.36,2025-11-25T20:56:37Z
JAVA,70.44,2025-11-25T20:59:20Z
JAZZ,180,2025-11-25T20:59:53Z
JBBB,48.035,2025-11-25T20:59:45Z
JBDI,0.8028,2025-11-25T18:58:29Z
JBGS,18.255,2025-11-25T20:59:13Z
JBHT,171.995,2025-11-25T20:59:49Z
JBI,6.17,2025-11-25T20:59:52Z
JBIO,12.6,2025-11-25T20:59:47Z
JBL,204.11,2025-11-25T20:59:48Z
JBLU,4.36,2025-11-25T20:59:59Z
JBND,54.58,2025-11-25T20:59:50Z
JBS,14.53,2025-11-25T20:59:59Z
JBSS,72.29,2025-11-25T20:54:47Z
JBTM,142.91,2025-11-25T20:57:27Z
JCAP,21.045,2025-11-25T20:59:59Z
JCE,15.7,2025-11-25T20:59:02Z
JCI,114.67,2025-11-25T20:59:54Z
JCPB,47.82,2025-11-25T20:59:51Z
JCPI,48.72,2025-11-25T19:49:32Z
JD,29.14,2025-11-25T20:59:58Z
JDST,3.73,2025-11-25T20:58:44Z
JEDI,22.68,2025-11-25T17:40:26Z
JEF,56.82,2025-11-25T20:59:49Z
JELD,2.57,2025-11-25T20:59:51Z
JEM,0.2651,2025-11-25T19:14:32Z
JEMA,48.975,2025-11-25T20:41:37Z
JEPI,57.465,2025-11-25T20:59:49Z
JEPQ,57.965,2025-11-25T20:59:54Z
JETS,25.7,2025-11-25T20:59:56Z
JFB,20.84,2025-11-25T16:13:20Z
JFBR,1.5,2025-11-25T19:16:01Z
JFIN,7.4,2025-11-25T20:59:44Z
JFLX,50.39,2025-11-25T20:59:59Z
JFR,7.91,2025-11-25T20:59:50Z
JG,6.46,2025-11-25T16:46:05Z
JGH,12.49,2025-11-25T20:46:35Z
JGLO,67.25,2025-11-25T20:51:59Z
JGRO,92.68,2025-11-25T20:59:49Z
JGRW,27.175,2025-11-25T20:52:19Z
JHCB,21.755,2025-11-25T19:35:58Z
JHCP,25.67,2025-11-25T18:28:20Z
JHG,42.71,2025-11-25T20:59:46Z
JHHY,25.98,2025-11-25T19:19:15Z
JHI,13.73,2025-11-25T16:44:25Z
JHMB,22.29,2025-11-25T15:56:34Z
JHMD,40.135,2025-11-25T16:15:39Z
JHML,79.07,2025-11-25T18:39:00Z
JHMM,64.92,2025-11-25T20:58:37Z
JHPI,22.86,2025-11-25T20:55:47Z
JHSC,42.02,2025-11-25T19:57:00Z
JHX,19.15,2025-11-25T20:59:54Z
JILL,14.935,2025-11-25T20:50:30Z
JIRE,73.98,2025-11-25T20:58:45Z
JIVE,78.09,2025-11-25T20:59:45Z
JJSF,90.98,2025-11-25T20:59:39Z
JKHY,173.61,2025-11-25T20:58:12Z
JKS,25.51,2025-11-25T20:59:47Z
JLHL,3.5,2025-11-25T16:32:49Z
JLL,330.6,2025-11-25T20:59:54Z
JMBS,46.03,2025-11-25T20:59:51Z
JMEE,64.46,2025-11-25T20:55:24Z
JMHI,50.71,2025-11-25T20:13:45Z
JMIA,11.49,2025-11-25T20:59:50Z
JMSB,20.21,2025-11-25T20:49:52Z
JMSI,50.585,2025-11-25T20:58:41Z
JMST,50.975,2025-11-25T20:56:45Z
JMTG,51.44,2025-11-25T20:59:51Z
JMUB,50.75,2025-11-25T20:59:56Z
JNEU,29.89,2025-11-25T15:12:29Z
JNJ,206.665,2025-11-25T20:59:53Z
JNK,97.43,2025-11-25T20:59:47Z
JNUG,159.45,2025-11-25T19:49:57Z
JOBY,13.945,2025-11-25T20:59:59Z
JOBY+,4.73,2025-11-25T20:46:14Z
JOE,61.065,2025-11-25T20:58:53Z
JOF,10.38,2025-11-25T18:03:35Z
JOUT,41.22,2025-11-25T20:52:33Z
JOYT,52.71,2025-11-25T15:53:04Z
JOYY,64.56,2025-11-25T20:59:14Z
JPAN,36.84,2025-11-25T17:23:30Z
JPC,8.1,2025-11-25T20:59:55Z
JPEF,75.025,2025-11-25T20:44:46Z
JPEM,59.86,2025-11-25T15:45:41Z
JPIB,48.98,2025-11-25T20:59:46Z
JPIE,46.445,2025-11-25T20:59:56Z
JPIN,67.715,2025-11-25T20:18:10Z
JPLD,52.54,2025-11-25T20:59:57Z
JPM,302.99,2025-11-25T20:59:58Z
JPM-D,25.06,2025-11-25T20:37:22Z
JPM-K,19.29,2025-11-25T19:53:40Z
JPM-L,19.675,2025-11-25T20:06:19Z
JPM-M,18.23,2025-11-25T16:04:22Z
JPMB,40.52,2025-11-25T20:18:38Z
JPME,108.68,2025-11-25T16:24:30Z
JPMO,15.81,2025-11-25T20:34:37Z
JPRE,47.78,2025-11-25T20:58:21Z
JPSE,49.85,2025-11-25T19:32:17Z
JPST,50.74,2025-11-25T20:59:59Z
JPUS,124.48,2025-11-25T19:52:28Z
JPXN,86.305,2025-11-25T17:00:16Z
JQC,5.055,2025-11-25T20:58:43Z
JQUA,62.56,2025-11-25T20:59:09Z
JRI,13.54,2025-11-25T20:24:06Z
JRS,7.755,2025-11-25T14:44:24Z
JRSH,3.125,2025-11-25T17:31:34Z
JRVR,5.705,2025-11-25T20:59:46Z
JSCP,47.705,2025-11-25T20:59:46Z
JSI,52.355,2025-11-25T20:43:36Z
JSMD,82.23,2025-11-25T18:49:43Z
JSPR,1.755,2025-11-25T20:59:03Z
JTAI,1.8,2025-11-25T20:59:24Z
JTEK,88.755,2025-11-25T20:59:00Z
JUCY,22.34,2025-11-25T18:59:42Z
JULB,25.19,2025-11-25T16:11:56Z
JULU,29.28,2025-11-25T15:57:24Z
JULW,38.64,2025-11-25T20:56:37Z
JVA,3.67,2025-11-25T20:59:44Z
JVAL,47.9,2025-11-25T15:50:36Z
JWEL,2.33,2025-11-25T19:43:57Z
JXG,3.76,2025-11-25T19:58:34Z
JXI,80.44,2025-11-25T16:01:59Z
JXN,97.06,2025-11-25T20:59:36Z
JXX,27.47,2025-11-25T17:39:46Z
JYNT,8.51,2025-11-25T20:59:07Z
JZXN,0.1783,2025-11-25T20:07:49Z
K,83.5,2025-11-25T20:59:56Z
KAI,281.75,2025-11-25T20:59:43Z
KALU,95,2025-11-25T20:58:10Z
KALV,13.27,2025-11-25T20:59:56Z
KAPA,0.7538,2025-11-25T17:38:34Z
KAR,25.115,2025-11-25T20:59:58Z
KARO,44.28,2025-11-25T20:58:55Z
KB,83.79,2025-11-25T20:57:00Z
KBA,29.645,2025-11-25T20:59:45Z
KBAB,27.72,2025-11-25T14:33:08Z
KBDC,15.29,2025-11-25T20:59:51Z
KBDU,26.51,2025-11-25T15:01:14Z
KBE,59.28,2025-11-25T20:59:48Z
KBH,63.78,2025-11-25T20:59:53Z
KBR,40.745,2025-11-25T20:59:57Z
KBUF,33.27,2025-11-25T20:40:11Z
KBWB,78.2,2025-11-25T20:59:53Z
KBWD,13.63,2025-11-25T20:45:04Z
KBWY,15.55,2025-11-25T20:59:40Z
KC,12.96,2025-11-25T20:59:58Z
KCAI,38.72,2025-11-25T20:38:02Z
KCCA,16.56,2025-11-25T18:12:07Z
KCE,143.41,2025-11-25T20:56:53Z
KCHV,10.15,2025-11-25T19:25:56Z
KD,25.115,2025-11-25T20:59:44Z
KDEC,24.935,2025-11-25T14:45:14Z
KDEF,40.03,2025-11-25T18:52:00Z
KDK,5.99,2025-11-25T20:54:41Z
KDP,27.03,2025-11-25T20:59:59Z
KE,28.565,2025-11-25T20:59:14Z
KELYA,8.52,2025-11-25T20:59:47Z
KEMX,35.86,2025-11-25T15:37:25Z
KEP,17.83,2025-11-25T20:59:54Z
KEUA,27.1,2025-11-25T15:31:37Z
KEX,112.095,2025-11-25T20:59:53Z
KEY,18.36,2025-11-25T20:59:59Z
KEY-K,21.49,2025-11-25T17:55:26Z
KEY-L,25.34,2025-11-25T17:59:54Z
KEYS,195.34,2025-11-25T20:59:49Z
KFRC,29.785,2025-11-25T20:59:48Z
KFS,12.98,2025-11-25T20:59:58Z
KFY,66.24,2025-11-25T20:59:50Z
KGC,26.095,2025-11-25T20:59:54Z
KGEI,3.85,2025-11-25T20:47:51Z
KGLD,29.36,2025-11-25T16:16:25Z
KGRN,28.25,2025-11-25T15:51:50Z
KGS,34.99,2025-11-25T20:59:52Z
KHC,25.43,2025-11-25T20:59:59Z
KHPI,26.01,2025-11-25T19:04:10Z
KHYB,24.43,2025-11-25T16:19:55Z
KIDS,19.07,2025-11-25T20:59:38Z
KIDZ,0.3947,2025-11-25T20:53:44Z
KIE,59.795,2025-11-25T20:59:48Z
KIM,20.67,2025-11-25T20:59:56Z
KIM-L,20.2,2025-11-25T19:38:31Z
KIM-M,20.6,2025-11-25T19:00:34Z
KINS,15.155,2025-11-25T20:57:56Z
KIO,11.625,2025-11-25T20:59:57Z
KITT,0.8861,2025-11-25T20:10:07Z
KKR,120.81,2025-11-25T20:59:56Z
KKR-D,49.11,2025-11-25T20:50:29Z
KKRS,17.39,2025-11-25T15:45:32Z
KKRT,25.49,2025-11-25T20:59:45Z
KLAC,1145.84,2025-11-25T20:59:54Z
KLAR,30.3,2025-11-25T20:59:53Z
KLC,3.95,2025-11-25T20:59:55Z
KLIC,43.58,2025-11-25T20:59:19Z
KLIP,31.69,2025-11-25T20:04:57Z
KLRS,6.18,2025-11-25T20:51:22Z
KLTO,0.496,2025-11-25T20:50:01Z
KLTR,1.455,2025-11-25T20:57:14Z
KLXE,1.6,2025-11-25T20:59:42Z
KMB,106.01,2025-11-25T20:59:54Z
KMDA,6.77,2025-11-25T20:58:54Z
KMI,26.51,2025-11-25T20:59:59Z
KMLI,16.22,2025-11-25T20:14:41Z
KMLM,26.54,2025-11-25T20:59:47Z
KMPR,40.54,2025-11-25T20:59:55Z
KMT,27.815,2025-11-25T20:59:58Z
KMTS,27.095,2025-11-25T20:59:50Z
KMX,37.555,2025-11-25T20:59:53Z
KN,22.405,2025-11-25T20:59:34Z
KNCT,131.22,2025-11-25T20:48:43Z
KNDI,0.982,2025-11-25T20:31:08Z
KNF,74.61,2025-11-25T20:59:50Z
KNG,49.2,2025-11-25T20:59:37Z
KNOP,9.96,2025-11-25T20:56:19Z
KNSA,42.72,2025-11-25T20:59:34Z
KNSL,386.21,2025-11-25T20:59:50Z
KNTK,33.36,2025-11-25T20:59:53Z
KNX,45.43,2025-11-25T20:59:53Z
KO,72.6,2025-11-25T20:59:59Z
KOD,22.945,2025-11-25T20:59:42Z
KODK,7.57,2025-11-25T20:59:58Z
KOF,86.59,2025-11-25T20:58:18Z
KOID,28.98,2025-11-25T20:51:26Z
KOLD,29.78,2025-11-25T20:59:55Z
KOMP,59.29,2025-11-25T15:22:35Z
KOOL,12.52,2025-11-25T15:22:57Z
KOP,30.08,2025-11-25T20:57:20Z
KOPN,2.355,2025-11-25T20:59:58Z
KORP,47.78,2025-11-25T17:20:31Z
KORU,137.97,2025-11-25T20:54:40Z
KOS,1.085,2025-11-25T20:59:55Z
KOSS,4.75,2025-11-25T20:53:54Z
KPLT,6.28,2025-11-25T19:35:09Z
KPRX,1.82,2025-11-25T17:15:33Z
KPTI,5.47,2025-11-25T16:17:02Z
KQQQ,28.4,2025-11-25T16:50:24Z
KR,66.155,2025-11-25T20:59:57Z
KRBN,34.21,2025-11-25T16:20:58Z
KRC,43.03,2025-11-25T20:59:57Z
KRE,63.41,2025-11-25T20:59:59Z
KREF,8.535,2025-11-25T20:59:54Z
KRG,23.02,2025-11-25T20:59:54Z
KRMA,43.15,2025-11-25T15:23:01Z
KRMD,5.23,2025-11-25T20:58:17Z
KRMN,65.01,2025-11-25T20:59:45Z
KRNT,12.96,2025-11-25T20:59:33Z
KRNY,6.88,2025-11-25T20:59:32Z
KRO,4.92,2025-11-25T20:59:44Z
KROP,30.87,2025-11-25T14:35:20Z
KROS,17.3,2025-11-25T20:59:54Z
KRP,12.33,2025-11-25T20:59:48Z
KRRO,5.72,2025-11-25T20:59:52Z
KRT,21.85,2025-11-25T20:59:32Z
KRUS,47.19,2025-11-25T20:58:04Z
KRYS,216.63,2025-11-25T20:59:43Z
KSA,37.575,2025-11-25T20:59:53Z
KSCP,4.73,2025-11-25T20:59:54Z
KSEP,27.5,2025-11-25T15:46:07Z
KSLV,26.245,2025-11-25T20:50:24Z
KSPI,74.345,2025-11-25T20:59:17Z
KSPY,28.81,2025-11-25T18:40:38Z
KSS,22.415,2025-11-25T20:59:58Z
KSTR,17.82,2025-11-25T14:45:54Z
KT,18.18,2025-11-25T20:59:49Z
KTB,73.7,2025-11-25T20:59:52Z
KTCC,2.69,2025-11-25T16:34:49Z
KTF,9.095,2025-11-25T20:58:42Z
KTOS,75.1,2025-11-25T20:59:46Z
KTTA,0.467,2025-11-25T20:59:55Z
KULR,2.55,2025-11-25T20:59:42Z
KURA,11.58,2025-11-25T20:59:58Z
KURE,19.07,2025-11-25T20:51:19Z
KVHI,6.08,2025-11-25T20:15:07Z
KVUE,17.03,2025-11-25T20:59:59Z
KVYO,28.49,2025-11-25T20:59:54Z
KW,9.71,2025-11-25T20:59:58Z
KWEB,37.75,2025-11-25T20:59:53Z
KWIN,25.16,2025-11-25T16:48:49Z
KWM,0.4899,2025-11-25T20:43:04Z
KWR,139.975,2025-11-25T20:54:49Z
KXI,65.065,2025-11-25T20:58:03Z
KXIN,0.1981,2025-11-25T20:45:47Z
KYIV,14.5,2025-11-25T20:59:04Z
KYIVW,4.36,2025-11-25T19:52:12Z
KYMR,65.99,2025-11-25T20:59:32Z
KYN,11.99,2025-11-25T20:59:54Z
KYTX,7.375,2025-11-25T20:59:52Z
KZIA,12.62,2025-11-25T20:58:38Z
L,107.96,2025-11-25T20:59:49Z
LAB,1.42,2025-11-25T20:59:39Z
LABD,22.165,2025-11-25T20:59:47Z
LABU,159.77,2025-11-25T20:59:57Z
LABX,12.935,2025-11-25T20:52:10Z
LAC,5.025,2025-11-25T20:59:42Z
LAD,317.66,2025-11-25T20:59:48Z
LADR,11.1,2025-11-25T20:59:52Z
LAES,4.285,2025-11-25T20:59:56Z
LAKE,14.79,2025-11-25T20:59:21Z
LAMR,132.48,2025-11-25T20:59:36Z
LAND,9.195,2025-11-25T20:59:55Z
LANDO,19.25,2025-11-25T20:37:01Z
LANDP,18.74,2025-11-25T20:56:51Z
LAR,5.19,2025-11-25T20:59:58Z
LARK,28.99,2025-11-25T20:36:26Z
LASE,3.18,2025-11-25T20:59:43Z
LASR,33.255,2025-11-25T20:59:56Z
LAUR,30.175,2025-11-25T20:59:51Z
LAW,7.21,2025-11-25T20:56:20Z
LAYS,44.86,2025-11-25T14:55:29Z
LAZ,50.34,2025-11-25T20:59:54Z
LAZR,0.7987,2025-11-25T20:59:59Z
LB,56.125,2025-11-25T20:58:53Z
LBAY,24.5,2025-11-25T16:01:37Z
LBGJ,0.6931,2025-11-25T15:11:28Z
LBRDA,46.335,2025-11-25T20:59:48Z
LBRDK,46.44,2025-11-25T20:59:57Z
LBRT,17.655,2025-11-25T20:59:57Z
LBRX,16.2,2025-11-25T20:59:43Z
LBTYA,11.245,2025-11-25T20:59:56Z
LBTYK,11.37,2025-11-25T20:59:50Z
LC,17.425,2025-11-25T20:59:49Z
LCAP,29.26,2025-11-25T15:30:48Z
LCDL,5.14,2025-11-25T18:09:37Z
LCID,13.15,2025-11-25T20:59:59Z
LCII,116.745,2025-11-25T20:58:53Z
LCNB,15.87,2025-11-25T20:59:33Z
LCTD,53.38,2025-11-25T20:55:45Z
LCTX,1.75,2025-11-25T20:59:52Z
LCUT,3.61,2025-11-25T18:05:37Z
LDDR,85.3,2025-11-25T19:08:01Z
LDI,3.025,2025-11-25T20:59:53Z
LDOS,191.515,2025-11-25T20:59:54Z
LDP,21.24,2025-11-25T20:48:48Z
LDRT,25.45,2025-11-25T17:37:19Z
LDSF,19.17,2025-11-25T20:59:46Z
LDUR,96.225,2025-11-25T16:29:13Z
LE,15.67,2025-11-25T20:59:53Z
LEA,108.4,2025-11-25T20:59:49Z
LECO,237.71,2025-11-25T20:59:05Z
LEG,9.99,2025-11-25T20:59:59Z
LEGH,19.69,2025-11-25T20:57:59Z
LEGN,28.18,2025-11-25T20:59:53Z
LEMB,41.855,2025-11-25T20:59:46Z
LEN,131.05,2025-11-25T20:59:48Z
LEN.B,122.55,2025-11-25T20:51:02Z
LENZ,29.89,2025-11-25T20:59:57Z
LEO,6.21,2025-11-25T20:46:09Z
LESL,3,2025-11-25T20:47:52Z
LEU,249.255,2025-11-25T20:59:39Z
LEVI,21.7,2025-11-25T20:59:58Z
LEXX,1.04,2025-11-25T14:44:39Z
LFCR,7.955,2025-11-25T20:31:38Z
LFGY,27.54,2025-11-25T18:26:06Z
LFMD,3.925,2025-11-25T20:59:41Z
LFMDP,23,2025-11-25T19:28:46Z
LFS,5.135,2025-11-25T20:00:49Z
LFSC,36.79,2025-11-25T14:55:21Z
LFST,6.63,2025-11-25T20:59:57Z
LFT,1.58,2025-11-25T20:59:45Z
LFT-A,20.72,2025-11-25T20:53:57Z
LFUS,253.195,2025-11-25T20:57:58Z
LFVN,6.79,2025-11-25T20:59:45Z
LFWD,0.5898,2025-11-25T18:38:58Z
LGCL,2.39,2025-11-25T15:52:30Z
LGCY,10.005,2025-11-25T19:46:37Z
LGH,61.08,2025-11-25T19:38:29Z
LGI,17.03,2025-11-25T19:33:40Z
LGIH,51.47,2025-11-25T20:59:50Z
LGL,5.9,2025-11-25T18:11:05Z
LGN,45.005,2025-11-25T20:59:28Z
LGND,203.62,2025-11-25T20:58:11Z
LGO,0.9399,2025-11-25T16:25:52Z
LGOV,22.145,2025-11-25T20:53:40Z
LGPS,1.07,2025-11-25T15:45:49Z
LGVN,0.6047,2025-11-25T20:58:51Z
LH,269.88,2025-11-25T20:59:50Z
LHSW,1.56,2025-11-25T20:39:34Z
LHX,276.34,2025-11-25T20:59:55Z
LI,18.32,2025-11-25T20:59:55Z
LIAM,244.09,2025-11-25T18:39:56Z
LIDR,2.465,2025-11-25T20:59:36Z
LIEN,10.84,2025-11-25T18:06:06Z
LIF,79.01,2025-11-25T20:59:39Z
LIFT,29.75,2025-11-25T20:06:01Z
LII,484.245,2025-11-25T20:59:53Z
LILA,8.69,2025-11-25T20:59:59Z
LILAK,8.75,2025-11-25T20:59:59Z
LIMN,0.866,2025-11-25T19:31:25Z
LIN,407.72,2025-11-25T20:59:56Z
LINC,20.505,2025-11-25T20:59:45Z
LIND,12.1,2025-11-25T20:59:53Z
LINE,35.65,2025-11-25T20:59:59Z
LINK,4.125,2025-11-25T16:41:02Z
LION,7.17,2025-11-25T20:59:51Z
LIQT,1.91,2025-11-25T15:55:30Z
LIT,61.34,2025-11-25T20:59:27Z
LITE,291.285,2025-11-25T20:59:56Z
LITM,2.67,2025-11-25T20:59:50Z
LITS,1.835,2025-11-25T20:57:07Z
LIVE,9.22,2025-11-25T17:31:47Z
LIVN,63.31,2025-11-25T20:59:49Z
LIXT,4.07,2025-11-25T20:58:09Z
LIXTW,0.0163,2025-11-25T18:00:40Z
LKFN,59.375,2025-11-25T20:55:01Z
LKQ,29.745,2025-11-25T20:59:54Z
LLY,1109.75,2025-11-25T20:59:54Z
LLYVA,75.705,2025-11-25T20:43:03Z
LLYVK,78.63,2025-11-25T20:58:57Z
LLYX,28.34,2025-11-25T20:58:00Z
LLYZ,8.16,2025-11-25T20:59:46Z
LMAT,83.425,2025-11-25T20:58:34Z
LMB,69.1,2025-11-25T20:59:50Z
LMBO,24.63,2025-11-25T17:43:35Z
LMBS,50.06,2025-11-25T20:59:46Z
LMFA,0.8744,2025-11-25T20:57:18Z
LMND,74.12,2025-11-25T20:59:50Z
LMNR,13.45,2025-11-25T20:58:53Z
LMNX,34.14,2025-11-25T19:59:13Z
LMT,452.53,2025-11-25T20:59:58Z
LNAI,1.065,2025-11-25T20:59:30Z
LNC,41.015,2025-11-25T20:59:55Z
LNC-D,26.8,2025-11-25T19:26:10Z
LND,3.54,2025-11-25T20:00:24Z
LNG,204.92,2025-11-25T20:59:54Z
LNKB,7.42,2025-11-25T20:50:20Z
LNN,117.45,2025-11-25T20:55:52Z
LNSR,10.005,2025-11-25T20:59:30Z
LNT,68.44,2025-11-25T20:59:50Z
LNTH,59.065,2025-11-25T20:59:52Z
LOAN,4.57,2025-11-25T16:46:32Z
LOAR,67.45,2025-11-25T20:59:55Z
LOB,32.16,2025-11-25T20:59:48Z
LOBO,0.5423,2025-11-25T19:37:58Z
LOCL,2.34,2025-11-25T19:44:25Z
LOCO,10.74,2025-11-25T20:59:23Z
LODE,3.455,2025-11-25T20:59:42Z
LOGI,112.42,2025-11-25T20:57:34Z
LOMA,11.335,2025-11-25T20:59:33Z
LONZ,50.65,2025-11-25T20:59:46Z
LOOP,1.12,2025-11-25T17:24:01Z
LOPE,155.335,2025-11-25T20:58:31Z
LOT,1.31,2025-11-25T16:18:38Z
LOUP,74.455,2025-11-25T17:43:09Z
LOVE,13.5,2025-11-25T20:59:48Z
LOW,238.06,2025-11-25T20:59:56Z
LPA,3.44,2025-11-25T18:30:23Z
LPBBW,0.45,2025-11-25T19:37:25Z
LPCN,3.35,2025-11-25T18:09:58Z
LPG,24.74,2025-11-25T20:59:58Z
LPL,4.265,2025-11-25T20:59:58Z
LPLA,348.36,2025-11-25T20:59:52Z
LPRO,1.865,2025-11-25T20:59:38Z
LPSN,4.67,2025-11-25T20:59:52Z
LPTH,6.91,2025-11-25T20:59:57Z
LPX,81.37,2025-11-25T20:59:53Z
LQD,111.67,2025-11-25T20:59:54Z
LQDA,32.23,2025-11-25T20:59:59Z
LQDH,93.17,2025-11-25T17:17:49Z
LQDT,30.28,2025-11-25T20:59:31Z
LQDW,24.92,2025-11-25T20:59:00Z
LQTI,20.31,2025-11-25T20:54:59Z
LRCX,151.92,2025-11-25T20:59:59Z
LRGC,77.18,2025-11-25T20:31:02Z
LRGF,68.82,2025-11-25T20:59:47Z
LRGG,29.18,2025-11-25T17:45:17Z
LRHC,1.9,2025-11-25T20:59:18Z
LRMR,3.67,2025-11-25T20:59:51Z
LRN,62.95,2025-11-25T20:59:58Z
LRNZ,46.31,2025-11-25T16:13:47Z
LSAK,3.82,2025-11-25T20:57:57Z
LSAT,39.82,2025-11-25T15:33:07Z
LSBK,14.17,2025-11-25T16:58:29Z
LSCC,67.95,2025-11-25T20:59:52Z
LSE,5.16,2025-11-25T17:41:17Z
LSEQ,28.48,2025-11-25T20:49:41Z
LSGR,43.29,2025-11-25T16:27:27Z
LSPD,11.12,2025-11-25T20:59:57Z
LSTA,2.01,2025-11-25T17:07:58Z
LSTR,130.76,2025-11-25T20:59:27Z
LTBR,15.1,2025-11-25T20:59:58Z
LTC,36.535,2025-11-25T20:59:20Z
LTH,27.54,2025-11-25T20:59:59Z
LTM,47.14,2025-11-25T20:59:50Z
LTPZ,53.34,2025-11-25T20:59:48Z
LTRN,3.83,2025-11-25T20:54:38Z
LTRX,4.845,2025-11-25T20:59:28Z
LU,2.55,2025-11-25T20:59:57Z
LUCD,1.08,2025-11-25T20:59:55Z
LUCK,7.46,2025-11-25T20:59:44Z
LUCY,1.57,2025-11-25T18:16:38Z
LUD,7.25,2025-11-25T15:57:32Z
LULU,177.465,2025-11-25T20:59:50Z
LUMN,8.01,2025-11-25T20:59:59Z
LUNG,1.69,2025-11-25T20:59:51Z
LUNR,9.395,2025-11-25T20:59:55Z
LUV,34.36,2025-11-25T20:59:59Z
LUXE,9.235,2025-11-25T20:59:25Z
LVHD,40.5,2025-11-25T20:32:12Z
LVHI,36.72,2025-11-25T20:58:31Z
LVO,4.55,2025-11-25T20:59:48Z
LVRO,0.9894,2025-11-25T15:11:07Z
LVS,67.62,2025-11-25T20:59:50Z
LVWR,4.43,2025-11-25T20:38:32Z
LW,59.045,2025-11-25T20:59:49Z
LWAC,10.09,2025-11-25T20:43:59Z
LWAY,24.16,2025-11-25T20:56:34Z
LWLG,4.485,2025-11-25T20:59:55Z
LX,3.41,2025-11-25T20:59:55Z
LXEO,9.7,2025-11-25T20:59:58Z
LXFR,12.37,2025-11-25T19:28:47Z
LXP,48.39,2025-11-25T20:59:18Z
LXRX,1.405,2025-11-25T20:59:53Z
LXU,8.955,2025-11-25T20:59:48Z
LYB,47.015,2025-11-25T20:59:49Z
LYEL,22.275,2025-11-25T20:59:36Z
LYFT,19.605,2025-11-25T20:59:59Z
LYG,4.805,2025-11-25T20:59:05Z
LYRA,2.93,2025-11-25T20:56:53Z
LYTS,18.16,2025-11-25T20:59:19Z
LYV,129.56,2025-11-25T20:59:49Z
LZ,9.34,2025-11-25T20:59:55Z
LZB,39.315,2025-11-25T20:59:48Z
LZM,3.75,2025-11-25T20:59:22Z
LZMH,2.99,2025-11-25T16:39:04Z
M,21.85,2025-11-25T20:59:58Z
MA,546.44,2025-11-25T20:59:50Z
MAA,135.1,2025-11-25T20:59:55Z
MAC,17.02,2025-11-25T20:59:54Z
MADE,30.01,2025-11-25T14:57:43Z
MAGH,4.795,2025-11-25T20:29:42Z
MAGN,13.51,2025-11-25T20:59:57Z
MAGS,66.03,2025-11-25T20:59:54Z
MAGX,57.27,2025-11-25T20:57:23Z
MAGY,54.23,2025-11-25T19:56:43Z
MAIA,0.9528,2025-11-25T20:43:16Z
MAIN,57.17,2025-11-25T20:58:41Z
MAMA,11.14,2025-11-25T20:59:32Z
MAMB,24.2,2025-11-25T18:44:39Z
MAMO,4.135,2025-11-25T15:38:17Z
MAN,28.315,2025-11-25T20:59:50Z
MANH,176.645,2025-11-25T20:59:41Z
MANU,15.49,2025-11-25T20:59:51Z
MAPS,0.8531,2025-11-25T20:59:32Z
MAR,304.1,2025-11-25T20:59:55Z
MARA,11.19,2025-11-25T20:59:57Z
MARO,9.855,2025-11-25T20:57:11Z
MARU,27.32,2025-11-25T15:13:00Z
MAS,63.325,2025-11-25T20:59:52Z
MASI,146.47,2025-11-25T20:59:43Z
MASK,0.4002,2025-11-25T20:36:48Z
MASS,6.46,2025-11-25T20:59:53Z
MAT,20.77,2025-11-25T20:59:55Z
MATH,2.89,2025-11-25T19:45:07Z
MATV,12.63,2025-11-25T20:59:53Z
MATW,25.2,2025-11-25T20:58:33Z
MATX,109.24,2025-11-25T20:59:54Z
MAX,12.525,2025-11-25T20:59:27Z
MAXI,15.675,2025-11-25T17:22:09Z
MAXJ,28.24,2025-11-25T20:34:11Z
MAXN,2.88,2025-11-25T20:57:14Z
MAYU,30.93,2025-11-25T15:12:48Z
MAZE,36.68,2025-11-25T20:59:29Z
MBAV,10.595,2025-11-25T20:58:27Z
MBB,95.9,2025-11-25T20:59:59Z
MBC,10.995,2025-11-25T20:59:55Z
MBCN,35.28,2025-11-25T17:37:35Z
MBI,7.54,2025-11-25T20:55:51Z
MBIN,32.64,2025-11-25T20:54:50Z
MBINL,22.92,2025-11-25T16:48:45Z
MBINN,19.25,2025-11-25T16:22:57Z
MBIO,1.17,2025-11-25T20:35:56Z
MBLY,11.26,2025-11-25T20:59:58Z
MBNKO,25.03,2025-11-25T15:40:56Z
MBOT,1.88,2025-11-25T20:59:55Z
MBRX,0.3595,2025-11-25T20:58:02Z
MBS,8.81,2025-11-25T20:58:52Z
MBSF,25.7,2025-11-25T20:59:49Z
MBUU,28.12,2025-11-25T20:56:52Z
MBVIW,0.4999,2025-11-25T20:57:28Z
MBWM,46.88,2025-11-25T20:59:49Z
MBX,31.6,2025-11-25T20:59:57Z
MC,64.065,2025-11-25T20:59:46Z
MCB,75.3,2025-11-25T20:55:36Z
MCBS,26.89,2025-11-25T20:59:45Z
MCD,310.46,2025-11-25T20:59:54Z
MCFT,18.54,2025-11-25T20:59:06Z
MCGA,10.13,2025-11-25T18:17:08Z
MCHB,14.775,2025-11-25T20:59:38Z
MCHI,62.215,2025-11-25T20:59:31Z
MCHP,51.785,2025-11-25T20:59:54Z
MCHPP,51,2025-11-25T18:02:19Z
MCHX,1.61,2025-11-25T19:06:26Z
MCI,21.04,2025-11-25T19:53:34Z
MCK,889.8,2025-11-25T20:59:55Z
MCO,485.75,2025-11-25T20:59:59Z
MCR,6.26,2025-11-25T20:55:48Z
MCRB,16.95,2025-11-25T20:54:33Z
MCRI,97.51,2025-11-25T16:09:51Z
MCRP,1.24,2025-11-25T20:17:00Z
MCS,15.72,2025-11-25T20:58:27Z
MCW,5.305,2025-11-25T20:59:58Z
MCY,93.64,2025-11-25T20:37:23Z
MD,24.67,2025-11-25T20:59:58Z
MDAI,1.555,2025-11-25T20:57:59Z
MDB,331.68,2025-11-25T20:59:55Z
MDCX,1.98,2025-11-25T20:35:27Z
MDGL,591.74,2025-11-25T20:59:09Z
MDIA,0.95,2025-11-25T15:56:26Z
MDIV,15.77,2025-11-25T20:17:15Z
MDLZ,56.525,2025-11-25T20:59:59Z
MDT,105.35,2025-11-25T20:59:58Z
MDU,21.165,2025-11-25T20:59:49Z
MDV,14.815,2025-11-25T20:59:24Z
MDWD,18.16,2025-11-25T20:59:36Z
MDXG,6.95,2025-11-25T20:59:39Z
MDXH,3.58,2025-11-25T20:59:52Z
MDY,598.87,2025-11-25T20:59:59Z
MDYG,91.74,2025-11-25T20:24:40Z
MDYV,84.09,2025-11-25T20:54:23Z
MEAR,50.39,2025-11-25T20:58:58Z
MEC,16.75,2025-11-25T20:57:28Z
MED,10.89,2025-11-25T20:50:02Z
MEDP,611.67,2025-11-25T20:59:58Z
MEG,25.68,2025-11-25T20:56:17Z
MEGI,14.01,2025-11-25T20:58:06Z
MEHA,0.3676,2025-11-25T20:59:13Z
MEI,7.31,2025-11-25T20:59:54Z
MELI,2055.49,2025-11-25T20:59:57Z
MEME,6.305,2025-11-25T20:57:16Z
MEMX,35.88,2025-11-25T18:52:01Z
MENS,30,2025-11-25T20:52:27Z
MEOH,35,2025-11-25T20:59:45Z
MER-K,25.76,2025-11-25T20:09:20Z
MERC,1.79,2025-11-25T20:57:31Z
MESO,16.065,2025-11-25T20:59:17Z
MET,75.735,2025-11-25T20:59:59Z
MET-A,22.37,2025-11-25T14:50:29Z
MET-E,23.87,2025-11-25T19:21:57Z
MET-F,19.945,2025-11-25T18:43:48Z
META,636.22,2025-11-25T20:59:59Z
METC,16.09,2025-11-25T20:59:54Z
METCB,12.695,2025-11-25T20:59:06Z
METD,16.53,2025-11-25T20:59:49Z
METU,30.55,2025-11-25T20:59:45Z
METV,19,2025-11-25T20:55:22Z
MEXX,22.45,2025-11-25T20:52:00Z
MFA,9.52,2025-11-25T20:59:53Z
MFA-B,20.8,2025-11-25T20:58:27Z
MFA-C,23.8,2025-11-25T20:55:21Z
MFC,35.32,2025-11-25T20:59:57Z
MFDX,37.365,2025-11-25T20:55:13Z
MFG,6.865,2025-11-25T20:59:50Z
MFI,15.95,2025-11-25T20:37:30Z
MFIC,12.02,2025-11-25T20:59:57Z
MFIN,9.88,2025-11-25T20:54:39Z
MFLX,17.03,2025-11-25T18:26:45Z
MFM,5.33,2025-11-25T20:55:32Z
MFSB,25.425,2025-11-25T19:29:16Z
MFSG,28.07,2025-11-25T20:59:15Z
MFSI,29.6,2025-11-25T20:59:13Z
MFSV,26.025,2025-11-25T20:59:51Z
MFUL,22.02,2025-11-25T17:55:27Z
MG,11.85,2025-11-25T20:58:44Z
MGA,49.21,2025-11-25T20:59:53Z
MGC,248.04,2025-11-25T19:53:53Z
MGEE,81.995,2025-11-25T20:58:43Z
MGIC,22.7,2025-11-25T20:56:58Z
MGIH,1.41,2025-11-25T20:23:54Z
MGK,409.86,2025-11-25T20:59:59Z
MGLD,1.09,2025-11-25T15:56:02Z
MGM,34.145,2025-11-25T20:59:56Z
MGMT,43.21,2025-11-25T17:27:30Z
MGN,1.94,2025-11-25T15:38:26Z
MGNI,14.84,2025-11-25T20:59:53Z
MGNX,1.44,2025-11-25T20:59:58Z
MGPI,22.56,2025-11-25T20:59:00Z
MGR,21.29,2025-11-25T15:00:55Z
MGRB,17.325,2025-11-25T19:25:26Z
MGRC,104.235,2025-11-25T20:59:20Z
MGRE,24.45,2025-11-25T20:17:50Z
MGRX,1.12,2025-11-25T20:56:31Z
MGTX,7.58,2025-11-25T20:59:48Z
MGV,139.02,2025-11-25T20:56:14Z
MGX,1.66,2025-11-25T20:58:07Z
MGY,22.97,2025-11-25T20:59:50Z
MH,17.98,2025-11-25T20:59:48Z
MHD,11.62,2025-11-25T20:59:22Z
MHF,6.91,2025-11-25T20:57:12Z
MHH,7.75,2025-11-25T20:21:13Z
MHK,114.44,2025-11-25T20:59:50Z
MHN,10.425,2025-11-25T18:26:23Z
MHO,137.46,2025-11-25T20:57:38Z
MHUA,11.22,2025-11-25T14:30:01Z
MIAX,44.04,2025-11-25T20:59:48Z
MIDD,117.42,2025-11-25T20:59:48Z
MIDU,49.83,2025-11-25T20:08:51Z
MIGI,5.06,2025-11-25T20:58:49Z
MIMI,0.4599,2025-11-25T20:59:51Z
MIND,8.64,2025-11-25T20:50:58Z
MINO,45.62,2025-11-25T20:51:24Z
MINT,100.61,2025-11-25T20:47:45Z
MIR,25.425,2025-11-25T20:59:59Z
MIRA,1.46,2025-11-25T20:57:09Z
MIRM,71.695,2025-11-25T20:59:05Z
MIST,2.46,2025-11-25T20:59:59Z
MITK,9.02,2025-11-25T20:59:54Z
MITQ,0.679,2025-11-25T20:45:44Z
MITT,8.09,2025-11-25T20:59:42Z
MITT-C,25.52,2025-11-25T17:55:37Z
MIY,11.6,2025-11-25T20:38:19Z
MJ,25.67,2025-11-25T17:59:43Z
MKC,67.14,2025-11-25T20:59:49Z
MKDW,0.184,2025-11-25T16:59:40Z
MKL,2081.53,2025-11-25T20:41:38Z
MKOR,32.48,2025-11-25T20:59:00Z
MKSI,148.95,2025-11-25T20:58:32Z
MKTX,163.88,2025-11-25T20:59:40Z
MKZR,4.04,2025-11-25T20:46:10Z
MLAB,81.12,2025-11-25T20:59:40Z
MLCO,8.92,2025-11-25T20:59:58Z
MLECW,0.009,2025-11-25T20:59:46Z
MLGO,6.665,2025-11-25T20:58:53Z
MLI,109.86,2025-11-25T20:59:49Z
MLKN,15.89,2025-11-25T20:59:47Z
MLM,617.92,2025-11-25T20:59:46Z
MLN,17.575,2025-11-25T20:41:29Z
MLP,15.445,2025-11-25T20:28:25Z
MLPA,48.44,2025-11-25T20:52:07Z
MLPB,25.28,2025-11-25T16:20:33Z
MLPD,25.03,2025-11-25T15:03:44Z
MLPX,59.5,2025-11-25T20:59:50Z
MLR,38.675,2025-11-25T20:53:10Z
MLSS,0.3052,2025-11-25T20:37:02Z
MLTX,13.585,2025-11-25T20:58:50Z
MLYS,42.225,2025-11-25T20:59:50Z
MMA,1.22,2025-11-25T20:59:45Z
MMC,181.965,2025-11-25T20:59:52Z
MMCA,21.89,2025-11-25T19:50:49Z
MMD,14.895,2025-11-25T20:41:34Z
MMI,29.88,2025-11-25T20:55:21Z
MMIN,24.08,2025-11-25T15:02:32Z
MMIT,24.375,2025-11-25T20:55:16Z
MMKT,100.235,2025-11-25T15:48:18Z
MMLG,34.72,2025-11-25T19:31:27Z
MMM,171.49,2025-11-25T20:59:49Z
MMS,86.58,2025-11-25T20:59:52Z
MMSI,87.59,2025-11-25T20:59:45Z
MMT,4.67,2025-11-25T15:49:09Z
MMU,10.3,2025-11-25T20:59:01Z
MMYT,72.78,2025-11-25T20:59:21Z
MNA,35.8,2025-11-25T17:00:26Z
MNDR,1.945,2025-11-25T20:58:31Z
MNDY,147.87,2025-11-25T20:59:53Z
MNKD,5.37,2025-11-25T20:59:59Z
MNMD,11.91,2025-11-25T20:59:50Z
MNOV,1.525,2025-11-25T20:59:22Z
MNPR,89.05,2025-11-25T20:55:21Z
MNR,11.28,2025-11-25T20:59:46Z
MNRO,19.38,2025-11-25T20:59:38Z
MNSB,19.48,2025-11-25T20:54:05Z
MNSO,19.21,2025-11-25T20:59:54Z
MNST,74.83,2025-11-25T20:59:56Z
MNTK,1.61,2025-11-25T20:58:42Z
MNTN,13.52,2025-11-25T20:59:48Z
MNTS,0.6151,2025-11-25T20:38:01Z
MNY,1.26,2025-11-25T15:03:10Z
MNYWW,0.06,2025-11-25T18:33:08Z
MO,58.32,2025-11-25T20:59:59Z
MOAT,102.71,2025-11-25T20:59:53Z
MOB,5.97,2025-11-25T20:57:36Z
MOBBW,1.59,2025-11-25T16:21:31Z
MOBX,0.4471,2025-11-25T20:42:11Z
MOD,155.8,2025-11-25T20:59:49Z
MODD,0.405,2025-11-25T20:53:23Z
MODG,11.7,2025-11-25T20:59:59Z
MOFG,39.86,2025-11-25T20:59:26Z
MOG.A,228.45,2025-11-25T20:59:46Z
MOGO,1.22,2025-11-25T20:56:41Z
MOH,146.81,2025-11-25T20:59:54Z
MOMO,7.04,2025-11-25T20:59:49Z
MOOD,36.82,2025-11-25T15:22:41Z
MORN,214.38,2025-11-25T20:52:08Z
MORT,10.72,2025-11-25T20:59:42Z
MOS,24.16,2025-11-25T20:59:59Z
MOTI,36.64,2025-11-25T20:48:51Z
MOV,20.675,2025-11-25T20:59:34Z
MP,58.23,2025-11-25T20:59:54Z
MPA,11.22,2025-11-25T18:35:51Z
MPAA,13.34,2025-11-25T20:59:02Z
MPB,29.63,2025-11-25T20:59:08Z
MPC,189.97,2025-11-25T20:59:54Z
MPL,8.59,2025-11-25T20:24:01Z
MPLT,12.8,2025-11-25T20:59:58Z
MPLX,53.455,2025-11-25T20:59:54Z
MPLY,29.96,2025-11-25T20:02:54Z
MPTI,51.76,2025-11-25T20:50:01Z
MPU,1.035,2025-11-25T20:59:09Z
MPV,20.09,2025-11-25T18:31:42Z
MPW,5.65,2025-11-25T20:59:59Z
MPWR,908.25,2025-11-25T20:59:52Z
MQ,4.72,2025-11-25T20:59:56Z
MQT,9.93,2025-11-25T20:48:01Z
MQY,11.33,2025-11-25T20:59:38Z
MRAL,7.42,2025-11-25T20:59:06Z
MRAM,7.77,2025-11-25T20:54:08Z
MRBK,16.15,2025-11-25T20:55:10Z
MRCC,6.3,2025-11-25T19:12:17Z
MRCY,69.08,2025-11-25T20:58:29Z
MREO,1.79,2025-11-25T20:59:59Z
MRK,105.665,2025-11-25T20:59:58Z
MRKR,1.095,2025-11-25T20:45:01Z
MRM,1.97,2025-11-25T20:45:42Z
MRNA,24.75,2025-11-25T20:59:55Z
MRNY,1.48,2025-11-25T20:55:21Z
MRP,31.725,2025-11-25T20:59:54Z
MRP#,31.935,2025-11-25T20:46:19Z
MRSN,27.35,2025-11-25T20:59:04Z
MRTN,10.15,2025-11-25T20:59:56Z
MRUS,96.03,2025-11-25T20:59:52Z
MRVI,3.75,2025-11-25T20:59:58Z
MRVL,83.395,2025-11-25T20:59:57Z
MRX,34.23,2025-11-25T20:59:48Z
MS,165.41,2025-11-25T20:59:58Z
MS-K,24.59,2025-11-25T20:27:11Z
MS-L,20.56,2025-11-25T16:22:52Z
MS-O,17.57,2025-11-25T19:30:36Z
MSA,160.96,2025-11-25T20:58:33Z
MSAI,0.6561,2025-11-25T20:52:13Z
MSB,31.29,2025-11-25T14:51:46Z
MSBI,16.27,2025-11-25T20:59:32Z
MSBIP,24.22,2025-11-25T18:27:25Z
MSCI,562.85,2025-11-25T20:59:56Z
MSD,7.355,2025-11-25T20:51:23Z
MSDL,17.25,2025-11-25T20:59:56Z
MSEX,50.77,2025-11-25T20:50:10Z
MSFD,11.725,2025-11-25T20:59:46Z
MSFL,26.74,2025-11-25T20:59:45Z
MSFT,476.99,2025-11-25T20:59:59Z
MSFU,43.48,2025-11-25T20:59:59Z
MSFX,29.25,2025-11-25T20:39:11Z
MSFY,24.58,2025-11-25T19:05:26Z
MSGE,48.76,2025-11-25T20:59:13Z
MSGS,225.03,2025-11-25T20:59:46Z
MSGY,2.625,2025-11-25T19:28:25Z
MSI,369.51,2025-11-25T20:59:56Z
MSIF,14.015,2025-11-25T20:59:41Z
MSII,8.92,2025-11-25T20:45:14Z
MSLC,54.71,2025-11-25T17:45:24Z
MSM,88.37,2025-11-25T20:59:50Z
MSN,0.4066,2025-11-25T20:28:59Z
MSOS,3.32,2025-11-25T20:59:59Z
MSOX,3.1,2025-11-25T20:59:59Z
MSPR,0.3651,2025-11-25T20:59:40Z
MSPRW,0.0018,2025-11-25T19:20:09Z
MSS,0.412,2025-11-25T19:06:51Z
MSSM,51.28,2025-11-25T16:57:17Z
MST,2.08,2025-11-25T20:47:39Z
MSTB,39.64,2025-11-25T20:37:03Z
MSTK,13.56,2025-11-25T20:45:00Z
MSTP,3.69,2025-11-25T20:59:12Z
MSTR,172.18,2025-11-25T20:59:58Z
MSTU,1.14,2025-11-25T20:59:42Z
MSTW,12.48,2025-11-25T20:53:59Z
MSTX,5.26,2025-11-25T20:59:55Z
MSTY,6.935,2025-11-25T20:59:42Z
MSTZ,14.45,2025-11-25T20:59:55Z
MT,42.24,2025-11-25T20:59:54Z
MTA,7.02,2025-11-25T20:59:41Z
MTB,191.58,2025-11-25T20:59:48Z
MTB-K,25.03,2025-11-25T17:22:57Z
MTBA,50.46,2025-11-25T20:59:20Z
MTCH,33.4,2025-11-25T20:59:51Z
MTD,1506.44,2025-11-25T20:59:48Z
MTDR,41.24,2025-11-25T20:59:56Z
MTEK,1.39,2025-11-25T20:38:39Z
MTEN,1.51,2025-11-25T16:37:54Z
MTG,28.46,2025-11-25T20:59:54Z
MTH,72.97,2025-11-25T20:59:50Z
MTLS,6.08,2025-11-25T20:58:27Z
MTN,140,2025-11-25T20:59:49Z
MTNB,0.771,2025-11-25T19:07:29Z
MTRA,25.83,2025-11-25T20:56:00Z
MTRN,121.82,2025-11-25T20:41:05Z
MTRX,11.4,2025-11-25T20:59:44Z
MTSI,165.81,2025-11-25T20:59:52Z
MTUM,244.18,2025-11-25T20:59:51Z
MTUS,16.94,2025-11-25T20:55:23Z
MTW,11.345,2025-11-25T20:59:31Z
MTX,59.21,2025-11-25T20:57:25Z
MTYY,10.91,2025-11-25T14:40:25Z
MTZ,205.51,2025-11-25T20:59:49Z
MU,224.49,2025-11-25T20:59:59Z
MUA,10.58,2025-11-25T20:31:46Z
MUB,107.26,2025-11-25T20:59:48Z
MUC,10.76,2025-11-25T20:49:40Z
MUD,7.695,2025-11-25T20:59:36Z
MUE,9.96,2025-11-25T20:50:01Z
MUFG,15.5,2025-11-25T20:59:52Z
MUJ,11.885,2025-11-25T20:58:22Z
MULL,58.7,2025-11-25T20:59:59Z
MULT,25.26,2025-11-25T18:05:54Z
MUNI,52.605,2025-11-25T20:59:45Z
MUNY,103.565,2025-11-25T20:55:20Z
MUR,31.16,2025-11-25T20:59:53Z
MURA,2.09,2025-11-25T20:50:57Z
MUSA,378.5,2025-11-25T20:59:50Z
MUSI,44.51,2025-11-25T20:58:25Z
MUST,20.68,2025-11-25T20:39:20Z
MUU,68.88,2025-11-25T20:51:14Z
MUX,17.48,2025-11-25T20:59:47Z
MVBF,26.92,2025-11-25T20:59:41Z
MVF,6.915,2025-11-25T20:41:45Z
MVIS,0.9588,2025-11-25T20:59:57Z
MVLL,20.935,2025-11-25T19:04:04Z
MVO,1.04,2025-11-25T20:43:54Z
MVST,3.42,2025-11-25T20:59:56Z
MVT,10.65,2025-11-25T20:59:01Z
MWA,24.34,2025-11-25T20:59:58Z
MWYN,0.8103,2025-11-25T19:30:40Z
MX,2.38,2025-11-25T20:59:04Z
MXCT,1.7,2025-11-25T20:59:54Z
MXF,19.1,2025-11-25T19:56:48Z
MXL,15.5,2025-11-25T20:59:54Z
MYCJ,25.12,2025-11-25T15:20:08Z
MYD,10.375,2025-11-25T20:28:47Z
MYE,17.94,2025-11-25T20:59:23Z
MYFW,23.62,2025-11-25T20:57:07Z
MYGN,7.91,2025-11-25T20:59:58Z
MYI,10.92,2025-11-25T20:42:29Z
MYN,10.09,2025-11-25T20:08:35Z
MYNZ,1,2025-11-25T20:51:11Z
MYO,0.8245,2025-11-25T20:59:52Z
MYPS,0.6493,2025-11-25T20:59:22Z
MYRG,215.815,2025-11-25T20:58:47Z
MYSE,2.08,2025-11-25T17:29:28Z
MZTI,168.96,2025-11-25T20:56:48Z
NA,4.14,2025-11-25T17:54:20Z
NAAS,3.69,2025-11-25T16:39:22Z
NABL,7.355,2025-11-25T20:59:53Z
NAC,11.78,2025-11-25T20:59:52Z
NAD,11.955,2025-11-25T20:59:54Z
NAGE,7.025,2025-11-25T20:59:59Z
NAII,3.55,2025-11-25T15:01:33Z
NAIL,61.09,2025-11-25T20:59:00Z
NAK,1.69,2025-11-25T20:59:58Z
NAKA,0.4612,2025-11-25T20:59:59Z
NAMM,1.51,2025-11-25T19:57:07Z
NAMS,40.47,2025-11-25T20:59:44Z
NAN,11.555,2025-11-25T20:58:20Z
NANC,44.79,2025-11-25T14:45:01Z
NAOV,5.15,2025-11-25T20:40:11Z
NAT,3.755,2025-11-25T20:59:40Z
NATL,36.9,2025-11-25T20:59:53Z
NATO,35.8,2025-11-25T20:47:11Z
NATR,20.32,2025-11-25T20:54:46Z
NAUT,2.195,2025-11-25T20:57:02Z
NAVI,12.555,2025-11-25T20:59:50Z
NAVN,14.965,2025-11-25T20:59:51Z
NB,5.775,2025-11-25T20:59:59Z
NBB,16.1,2025-11-25T20:55:13Z
NBBK,19.795,2025-11-25T20:59:54Z
NBCR,31.28,2025-11-25T17:05:02Z
NBET,32.71,2025-11-25T20:59:16Z
NBH,10.22,2025-11-25T18:51:13Z
NBHC,38.04,2025-11-25T20:59:53Z
NBIG,7.81,2025-11-25T20:28:47Z
NBIL,10.66,2025-11-25T20:54:40Z
NBIS,88.905,2025-11-25T20:59:57Z
NBIX,143.48,2025-11-25T20:59:49Z
NBJP,30.68,2025-11-25T17:16:53Z
NBN,87.69,2025-11-25T19:59:32Z
NBOS,26.86,2025-11-25T18:02:29Z
NBP,3.885,2025-11-25T20:57:56Z
NBR,50.27,2025-11-25T20:59:49Z
NBSD,51.185,2025-11-25T20:55:46Z
NBSM,25.54,2025-11-25T18:21:54Z
NBTB,42.405,2025-11-25T20:57:50Z
NBXG,14.34,2025-11-25T20:59:21Z
NBY,0.9504,2025-11-25T20:59:04Z
NC,48.395,2025-11-25T20:58:35Z
NCA,9.12,2025-11-25T19:24:18Z
NCDL,14.64,2025-11-25T20:56:49Z
NCEL,3.52,2025-11-25T20:40:57Z
NCEW,3.765,2025-11-25T19:04:12Z
NCIQ,23.07,2025-11-25T20:31:05Z
NCLH,18.35,2025-11-25T20:59:59Z
NCLO,25.08,2025-11-25T20:55:02Z
NCMI,4.27,2025-11-25T20:59:46Z
NCNA,3.91,2025-11-25T19:40:39Z
NCNO,24.615,2025-11-25T20:59:54Z
NCPB,25.43,2025-11-25T15:15:47Z
NCT,0.85,2025-11-25T20:46:04Z
NCTY,7.59,2025-11-25T20:14:52Z
NCV,15.07,2025-11-25T18:16:27Z
NCZ,13.71,2025-11-25T20:17:04Z
NDAQ,89.12,2025-11-25T20:59:52Z
NDEC,27.58,2025-11-25T17:32:32Z
NDIV,26.78,2025-11-25T16:04:08Z
NDLS,0.7006,2025-11-25T20:59:14Z
NDMO,10.47,2025-11-25T20:59:46Z
NDRA,5.25,2025-11-25T16:03:11Z
NDSN,238.355,2025-11-25T20:59:02Z
NE,30.51,2025-11-25T20:59:52Z
NEA,11.49,2025-11-25T20:54:16Z
NEAR,51.29,2025-11-25T20:42:43Z
NEBX,34.22,2025-11-25T20:57:06Z
NECB,21.13,2025-11-25T20:49:00Z
NEE,84.83,2025-11-25T20:59:59Z
NEE-N,24.34,2025-11-25T20:57:06Z
NEE-S,54.43,2025-11-25T20:57:12Z
NEE-T,50.345,2025-11-25T16:58:54Z
NEE-U,25.56,2025-11-25T20:51:42Z
NEGG,75.9,2025-11-25T20:15:03Z
NEM,86.29,2025-11-25T20:59:53Z
NEMD,51.98,2025-11-25T20:30:20Z
NEN,67.27,2025-11-25T16:02:57Z
NEO,12.34,2025-11-25T20:59:59Z
NEOG,5.99,2025-11-25T20:59:56Z
NEON,2.105,2025-11-25T20:59:46Z
NEOV,3.635,2025-11-25T20:54:43Z
NEPH,5.58,2025-11-25T20:20:55Z
NERV,3.84,2025-11-25T16:53:35Z
NESR,14.36,2025-11-25T20:59:50Z
NET,197.5,2025-11-25T20:59:59Z
NETD,11.56,2025-11-25T20:39:39Z
NEU,768.03,2025-11-25T18:10:03Z
NEUP,4.52,2025-11-25T20:54:48Z
NEWP,2.355,2025-11-25T20:59:31Z
NEWT,10.46,2025-11-25T20:59:44Z
NEWTP,23.51,2025-11-25T19:32:51Z
NEXA,6.525,2025-11-25T20:59:47Z
NEXM,3.47,2025-11-25T20:46:04Z
NEXN,6.53,2025-11-25T20:59:59Z
NEXT,5.82,2025-11-25T20:59:59Z
NFBK,10.89,2025-11-25T20:59:58Z
NFE,1.11,2025-11-25T20:59:58Z
NFG,80.64,2025-11-25T20:59:50Z
NFGC,2.225,2025-11-25T20:59:29Z
NFJ,12.81,2025-11-25T20:54:09Z
NFLT,23.06,2025-11-25T20:59:49Z
NFLU,41.24,2025-11-25T20:57:37Z
NFLW,32.48,2025-11-25T15:36:29Z
NFLX,104.31,2025-11-25T20:59:59Z
NFLY,13.575,2025-11-25T20:52:18Z
NFRA,62.11,2025-11-25T17:00:16Z
NFTY,58.75,2025-11-25T17:20:08Z
NFXL,40.525,2025-11-25T20:50:36Z
NFXS,15.67,2025-11-25T20:57:09Z
NG,9.23,2025-11-25T20:59:56Z
NGD,7.345,2025-11-25T20:59:54Z
NGG,74.08,2025-11-25T20:59:53Z
NGL,9.42,2025-11-25T20:59:50Z
NGNE,20.7,2025-11-25T20:59:21Z
NGS,31.17,2025-11-25T20:58:29Z
NGVC,28.01,2025-11-25T20:58:07Z
NGVT,52.235,2025-11-25T20:59:40Z
NHC,138.5,2025-11-25T20:08:16Z
NHI,79.92,2025-11-25T20:34:37Z
NHPAP,18.4,2025-11-25T17:46:08Z
NHS,7.195,2025-11-25T19:44:12Z
NI,43.14,2025-11-25T20:59:56Z
NIC,126.71,2025-11-25T20:27:52Z
NICE,103.38,2025-11-25T20:59:36Z
NIE,25.21,2025-11-25T19:19:31Z
NIHI,49.86,2025-11-25T18:47:43Z
NIM,9.26,2025-11-25T20:43:58Z
NINE,0.4337,2025-11-25T20:59:50Z
NIO,5.5,2025-11-25T20:59:57Z
NIPG,1.45,2025-11-25T20:29:30Z
NIQ,15.005,2025-11-25T20:59:51Z
NIU,3.645,2025-11-25T20:59:57Z
NIVF,0.321,2025-11-25T14:45:22Z
NIXT,25.91,2025-11-25T20:59:54Z
NIXX,1.08,2025-11-25T20:59:46Z
NJNK,20.38,2025-11-25T18:39:17Z
NJR,47.83,2025-11-25T20:59:33Z
NJUL,71.49,2025-11-25T17:42:33Z
NJUN,30.89,2025-11-25T14:32:02Z
NKE,63.71,2025-11-25T20:59:58Z
NKLR,4.39,2025-11-25T20:59:16Z
NKSH,29.48,2025-11-25T20:50:05Z
NKTR,60.32,2025-11-25T20:59:49Z
NKTX,1.81,2025-11-25T20:59:57Z
NKX,12.815,2025-11-25T20:50:01Z
NLOP,29.73,2025-11-25T20:59:51Z
NLR,126.54,2025-11-25T20:54:09Z
NLY,22.445,2025-11-25T20:59:55Z
NLY-F,25.625,2025-11-25T18:43:14Z
NLY-I,25.63,2025-11-25T19:13:17Z
NLY-J,25.925,2025-11-25T19:32:13Z
NMAI,12.925,2025-11-25T20:58:12Z
NMAX,8.33,2025-11-25T20:59:55Z
NMCO,10.61,2025-11-25T20:59:58Z
NMFC,9.55,2025-11-25T20:59:56Z
NMG,2.61,2025-11-25T20:59:58Z
NMI,9.99,2025-11-25T20:26:40Z
NMIH,38.27,2025-11-25T20:59:47Z
NML,8.455,2025-11-25T20:59:46Z
NMM,52.94,2025-11-25T20:25:47Z
NMR,7.33,2025-11-25T20:59:58Z
NMRA,2.235,2025-11-25T20:59:51Z
NMRK,17.24,2025-11-25T20:59:57Z
NMTC,0.6849,2025-11-25T20:48:03Z
NMZ,10.61,2025-11-25T20:59:49Z
NN,13.865,2025-11-25T20:59:53Z
NNBR,1.345,2025-11-25T20:56:31Z
NNDM,1.68,2025-11-25T20:59:48Z
NNE,30.26,2025-11-25T20:59:03Z
NNI,129.25,2025-11-25T19:46:25Z
NNN,41.005,2025-11-25T20:59:54Z
NNOV,28.46,2025-11-25T20:59:57Z
NNOX,4.51,2025-11-25T20:59:45Z
NNVC,1.18,2025-11-25T19:20:13Z
NNY,8.35,2025-11-25T19:56:08Z
NOA,14.07,2025-11-25T20:59:46Z
NOAH,10.4,2025-11-25T20:58:17Z
NOBL,104.31,2025-11-25T20:59:00Z
NOC,569.36,2025-11-25T20:59:50Z
NODE,36.94,2025-11-25T20:46:01Z
NODK,13.565,2025-11-25T20:49:42Z
NOG,21.8,2025-11-25T20:59:52Z
NOK,6.055,2025-11-25T20:59:56Z
NOMA,8,2025-11-25T19:47:04Z
NOMD,12.08,2025-11-25T20:59:53Z
NOTE,2.215,2025-11-25T20:59:31Z
NOTV,0.8277,2025-11-25T20:59:45Z
NOV,15.03,2025-11-25T20:59:59Z
NOVM,32.64,2025-11-25T17:15:34Z
NOVP,30.01,2025-11-25T19:55:05Z
NOVT,111.8,2025-11-25T20:59:20Z
NOW,825.08,2025-11-25T20:59:54Z
NP,24.42,2025-11-25T20:59:04Z
NPB,17.3,2025-11-25T20:54:19Z
NPCE,16.69,2025-11-25T20:58:53Z
NPCT,10.52,2025-11-25T20:39:22Z
NPFD,19.42,2025-11-25T20:58:35Z
NPK,94.935,2025-11-25T17:33:00Z
NPKI,12.19,2025-11-25T20:59:50Z
NPO,226.83,2025-11-25T20:51:31Z
NPT,4.51,2025-11-25T17:27:10Z
NPV,11.19,2025-11-25T20:52:16Z
NPWR,2.64,2025-11-25T20:59:59Z
NQP,12.11,2025-11-25T16:57:52Z
NRC,18.04,2025-11-25T20:59:50Z
NRDS,14.675,2025-11-25T20:59:36Z
NRDY,1.19,2025-11-25T20:59:54Z
NREF,14.47,2025-11-25T20:59:24Z
NRG,163.83,2025-11-25T20:59:58Z
NRGU,18.26,2025-11-25T16:59:10Z
NRGV,3.22,2025-11-25T20:59:53Z
NRIM,25.35,2025-11-25T20:59:38Z
NRIX,17,2025-11-25T20:59:58Z
NRK,10.17,2025-11-25T20:55:47Z
NRO,3.03,2025-11-25T20:44:09Z
NRSN,1.055,2025-11-25T20:59:05Z
NRT,5.965,2025-11-25T20:54:05Z
NRXP,2.16,2025-11-25T20:59:45Z
NRXS,2.66,2025-11-25T20:59:20Z
NSA,29.25,2025-11-25T20:59:51Z
NSA-A,21.25,2025-11-25T17:33:52Z
NSC,289.36,2025-11-25T20:59:48Z
NSIT,85.145,2025-11-25T20:59:48Z
NSP,35.52,2025-11-25T20:59:50Z
NSPR,2,2025-11-25T20:20:11Z
NSSC,40.515,2025-11-25T20:59:02Z
NTAP,111.615,2025-11-25T20:59:42Z
NTB,46.55,2025-11-25T20:59:50Z
NTCL,1.19,2025-11-25T20:56:13Z
NTCT,26.84,2025-11-25T20:59:35Z
NTES,139.805,2025-11-25T20:59:21Z
NTGR,25.5,2025-11-25T20:58:07Z
NTHI,9.115,2025-11-25T19:40:02Z
NTIC,7.51,2025-11-25T20:50:30Z
NTLA,8.54,2025-11-25T20:59:54Z
NTNX,58.78,2025-11-25T20:59:58Z
NTR,56.835,2025-11-25T20:59:55Z
NTRA,236.29,2025-11-25T20:59:40Z
NTRS,129.92,2025-11-25T20:59:58Z
NTRSO,19.62,2025-11-25T20:56:28Z
NTSK,18.52,2025-11-25T20:59:50Z
NTST,18.16,2025-11-25T20:59:54Z
NTZ,2.38,2025-11-25T15:30:25Z
NU,16.605,2025-11-25T20:59:57Z
NUAG,21.38,2025-11-25T18:04:49Z
NUAI,4.675,2025-11-25T20:59:54Z
NUBD,22.58,2025-11-25T20:59:46Z
NUE,156.12,2025-11-25T20:59:49Z
NUEM,36.08,2025-11-25T17:53:18Z
NUGO,39.43,2025-11-25T16:37:31Z
NUGT,152.55,2025-11-25T20:57:27Z
NUHY,21.685,2025-11-25T20:49:23Z
NUKK,6.24,2025-11-25T20:59:50Z
NUKZ,64.23,2025-11-25T20:55:05Z
NULG,96.84,2025-11-25T20:20:13Z
NULV,45.14,2025-11-25T20:58:53Z
NUMG,46.58,2025-11-25T19:17:19Z
NUMV,39.02,2025-11-25T20:59:46Z
NUS,10.1,2025-11-25T20:59:48Z
NUSC,44.875,2025-11-25T20:18:01Z
NUTX,120.08,2025-11-25T20:57:53Z
NUV,9.075,2025-11-25T20:54:37Z
NUVB,7.87,2025-11-25T20:59:58Z
NUVL,109.77,2025-11-25T20:59:52Z
NUW,14.15,2025-11-25T17:14:26Z
NUWE,2.33,2025-11-25T20:19:58Z
NVA,8.26,2025-11-25T20:59:01Z
NVAX,6.7,2025-11-25T20:59:56Z
NVBT,36.43,2025-11-25T20:24:41Z
NVBW,33.53,2025-11-25T20:51:33Z
NVCR,12.645,2025-11-25T20:59:54Z
NVCT,6.08,2025-11-25T20:51:21Z
NVD,8.98,2025-11-25T20:59:49Z
NVDA,177.8,2025-11-25T20:59:59Z
NVDB,23.96,2025-11-25T15:24:36Z
NVDD,40.56,2025-11-25T20:55:00Z
NVDG,17.43,2025-11-25T20:59:35Z
NVDL,81.53,2025-11-25T20:59:56Z
NVDQ,18.94,2025-11-25T20:59:41Z
NVDS,34.49,2025-11-25T20:59:46Z
NVDU,114.11,2025-11-25T20:59:48Z
NVDW,41.045,2025-11-25T17:32:36Z
NVDX,16.515,2025-11-25T20:59:59Z
NVDY,14.56,2025-11-25T20:59:54Z
NVEC,61.83,2025-11-25T17:33:06Z
NVG,12.645,2025-11-25T20:54:50Z
NVGS,17.79,2025-11-25T20:59:45Z
NVII,28.115,2025-11-25T20:59:07Z
NVMI,301.12,2025-11-25T20:59:50Z
NVNI,2.86,2025-11-25T15:58:17Z
NVNO,0.3629,2025-11-25T20:59:52Z
NVO,47.05,2025-11-25T20:59:59Z
NVOH,25.68,2025-11-25T15:07:48Z
NVOX,2.42,2025-11-25T20:59:40Z
NVR,7454.95,2025-11-25T20:58:18Z
NVRI,18.35,2025-11-25T20:59:55Z
NVS,130.24,2025-11-25T20:59:52Z
NVST,21.05,2025-11-25T20:59:54Z
NVT,105,2025-11-25T20:59:52Z
NVTS,8.01,2025-11-25T20:59:59Z
NVTX,32.095,2025-11-25T20:28:54Z
NVVE,0.27,2025-11-25T20:55:26Z
NVX,1.08,2025-11-25T20:59:13Z
NVYY,20.32,2025-11-25T20:53:01Z
NWBI,12.16,2025-11-25T20:59:54Z
NWE,67.56,2025-11-25T20:59:54Z
NWFL,28.41,2025-11-25T19:32:12Z
NWG,15.955,2025-11-25T20:59:59Z
NWGL,1.01,2025-11-25T16:40:32Z
NWL,3.47,2025-11-25T20:59:58Z
NWLG,37.33,2025-11-25T15:41:51Z
NWN,48.9,2025-11-25T20:59:23Z
NWPX,57.675,2025-11-25T15:49:39Z
NWS,29.07,2025-11-25T20:59:58Z
NWSA,25.4,2025-11-25T20:59:54Z
NWTG,1.45,2025-11-25T20:59:31Z
NX,12.505,2025-11-25T20:59:31Z
NXC,13.28,2025-11-25T14:38:42Z
NXDR,1.735,2025-11-25T20:58:42Z
NXDT,2.98,2025-11-25T20:59:49Z
NXE,8.3,2025-11-25T20:59:59Z
NXG,48,2025-11-25T15:34:41Z
NXGL,1.81,2025-11-25T20:54:37Z
NXJ,12.7,2025-11-25T20:37:26Z
NXL,1.05,2025-11-25T20:50:16Z
NXN,12.105,2025-11-25T20:35:31Z
NXP,14.33,2025-11-25T20:59:46Z
NXPI,191.01,2025-11-25T20:59:53Z
NXPL,0.6268,2025-11-25T20:26:55Z
NXRT,32.195,2025-11-25T20:45:39Z
NXST,190.96,2025-11-25T20:59:41Z
NXT,90.095,2025-11-25T20:59:59Z
NXTC,13.9,2025-11-25T20:53:16Z
NXTG,104.2,2025-11-25T17:26:04Z
NXTT,6.71,2025-11-25T20:54:30Z
NXXT,1.115,2025-11-25T20:59:46Z
NYF,53.61,2025-11-25T20:48:01Z
NYT,64.64,2025-11-25T20:59:52Z
NYXH,4.56,2025-11-25T20:59:36Z
NZAC,41.71,2025-11-25T14:42:15Z
NZF,12.625,2025-11-25T20:59:45Z
O,56.73,2025-11-25T20:59:59Z
OABI,1.86,2025-11-25T20:59:54Z
OACC,10.6,2025-11-25T20:59:53Z
OACP,23.3,2025-11-25T18:14:04Z
OAEM,34.21,2025-11-25T18:59:30Z
OAIM,39.625,2025-11-25T17:42:54Z
OAKM,27,2025-11-25T20:58:00Z
OARK,7.58,2025-11-25T20:59:58Z
OBA,10.06,2025-11-25T20:21:12Z
OBDC,12.89,2025-11-25T20:59:58Z
OBE,5.94,2025-11-25T20:59:58Z
OBIL,50.27,2025-11-25T17:20:18Z
OBIO,5.34,2025-11-25T20:58:53Z
OBK,36.46,2025-11-25T20:59:19Z
OBOR,25.42,2025-11-25T15:46:25Z
OBT,26.75,2025-11-25T15:06:18Z
OC,109.33,2025-11-25T20:59:55Z
OCC,7.37,2025-11-25T16:12:30Z
OCCI,4.82,2025-11-25T20:59:38Z
OCFC,18.95,2025-11-25T20:54:58Z
OCG,2.71,2025-11-25T19:55:21Z
OCGN,1.165,2025-11-25T20:59:55Z
OCS,19.335,2025-11-25T20:59:42Z
OCSL,13.635,2025-11-25T20:59:36Z
OCTB,25.21,2025-11-25T18:10:34Z
OCTH,24,2025-11-25T20:58:29Z
OCTP,29.94,2025-11-25T20:52:10Z
OCUL,12.135,2025-11-25T20:59:54Z
ODC,54.79,2025-11-25T19:13:37Z
ODD,41.19,2025-11-25T20:59:52Z
ODFL,134.29,2025-11-25T20:59:20Z
ODP,27.93,2025-11-25T20:59:54Z
ODV,3.285,2025-11-25T20:59:57Z
ODYS,2.97,2025-11-25T15:22:38Z
OEC,5.035,2025-11-25T20:59:49Z
OEF,340.07,2025-11-25T20:59:59Z
OFG,40.21,2025-11-25T20:58:14Z
OFIX,16.12,2025-11-25T20:59:24Z
OFLX,26.995,2025-11-25T20:52:14Z
OFS,4.74,2025-11-25T20:59:32Z
OGE,44.84,2025-11-25T20:59:53Z
OGI,1.61,2025-11-25T20:55:22Z
OGIG,52.63,2025-11-25T20:59:45Z
OGN,7.52,2025-11-25T20:59:54Z
OGS,82.96,2025-11-25T20:59:54Z
OHI,45.51,2025-11-25T20:59:59Z
OI,13.125,2025-11-25T20:59:53Z
OIA,6.03,2025-11-25T20:57:37Z
OIH,285.11,2025-11-25T20:59:51Z
OII,24.57,2025-11-25T20:59:45Z
OILD,10.77,2025-11-25T20:59:58Z
OILU,22.915,2025-11-25T19:51:49Z
OIS,6.16,2025-11-25T20:59:59Z
OKE,70.89,2025-11-25T20:59:54Z
OKLL,27.13,2025-11-25T20:59:02Z
OKLO,85.73,2025-11-25T20:59:57Z
OKTA,81.16,2025-11-25T20:59:45Z
OKYO,2,2025-11-25T20:16:32Z
OLB,1.08,2025-11-25T18:34:41Z
OLED,117.11,2025-11-25T20:59:05Z
OLLI,123.5,2025-11-25T20:59:50Z
OLMA,26.06,2025-11-25T20:59:55Z
OLN,20.3,2025-11-25T20:59:57Z
OLP,20.97,2025-11-25T20:59:01Z
OLPX,1.095,2025-11-25T20:59:40Z
OM,4.46,2025-11-25T20:59:15Z
OMAB,108.02,2025-11-25T20:26:19Z
OMAH,18.91,2025-11-25T20:59:59Z
OMC,72.84,2025-11-25T20:59:58Z
OMCC,4.96,2025-11-25T15:57:05Z
OMCL,37.02,2025-11-25T20:59:51Z
OMDA,18.12,2025-11-25T20:59:52Z
OMER,9.43,2025-11-25T20:59:45Z
OMEX,1.765,2025-11-25T20:59:44Z
OMF,61.34,2025-11-25T20:59:53Z
OMFL,59.68,2025-11-25T20:59:00Z
OMFS,43.59,2025-11-25T19:31:57Z
OMH,0.8148,2025-11-25T16:56:03Z
OMI,2.74,2025-11-25T20:59:50Z
OMSE,4.68,2025-11-25T20:54:40Z
ON,48.29,2025-11-25T20:59:58Z
ONB,21.88,2025-11-25T20:59:55Z
ONC,335.125,2025-11-25T20:59:36Z
ONCHW,0.9,2025-11-25T20:58:04Z
ONCO,2.28,2025-11-25T18:30:44Z
ONCY,1.035,2025-11-25T20:59:50Z
ONDS,8.455,2025-11-25T20:59:59Z
ONEG,1.09,2025-11-25T20:57:37Z
ONEQ,90.71,2025-11-25T20:56:22Z
ONEV,133.97,2025-11-25T18:17:28Z
ONEW,11.62,2025-11-25T20:59:41Z
ONFO,0.7941,2025-11-25T20:21:26Z
ONIT,44.24,2025-11-25T15:55:50Z
ONL,2.19,2025-11-25T20:59:55Z
ONMD,1.465,2025-11-25T20:58:33Z
ONOF,37.505,2025-11-25T20:57:33Z
ONON,41.74,2025-11-25T20:59:58Z
ONTF,5.6,2025-11-25T20:59:44Z
ONTO,136.97,2025-11-25T20:59:50Z
OOMA,11.77,2025-11-25T20:59:55Z
OPAD,1.97,2025-11-25T20:59:20Z
OPAL,2.31,2025-11-25T20:59:44Z
OPBK,13.515,2025-11-25T20:59:47Z
OPCH,31.24,2025-11-25T20:59:58Z
OPEN,7.765,2025-11-25T20:59:57Z
OPENL,1.18,2025-11-25T20:59:23Z
OPENW,1.81,2025-11-25T20:59:18Z
OPENZ,0.9395,2025-11-25T20:59:55Z
OPEX,27.03,2025-11-25T20:51:40Z
OPFI,9.59,2025-11-25T20:59:32Z
OPK,1.35,2025-11-25T20:59:55Z
OPP,8.035,2025-11-25T20:50:00Z
OPPE,49.22,2025-11-25T19:01:34Z
OPPJ,44.16,2025-11-25T16:35:57Z
OPRA,13.465,2025-11-25T20:59:02Z
OPRT,4.945,2025-11-25T20:59:28Z
OPRX,15.4,2025-11-25T20:59:18Z
OPTT,0.4292,2025-11-25T20:59:51Z
OPTU,2.09,2025-11-25T20:59:45Z
OPTX,1.52,2025-11-25T15:37:34Z
OPTZ,34.93,2025-11-25T16:33:35Z
OPXS,13.805,2025-11-25T20:59:58Z
OR,33.57,2025-11-25T20:59:51Z
ORA,113.18,2025-11-25T20:58:52Z
ORBS,2.42,2025-11-25T20:59:43Z
ORC,7.24,2025-11-25T20:59:56Z
ORCL,196.98,2025-11-25T20:59:59Z
ORCS,28.32,2025-11-25T19:54:19Z
ORCX,18.42,2025-11-25T20:58:33Z
ORGN,0.461,2025-11-25T20:57:08Z
ORGO,5.27,2025-11-25T20:59:59Z
ORI,46.275,2025-11-25T20:59:59Z
ORIC,11.61,2025-11-25T20:59:58Z
ORIS,0.1246,2025-11-25T17:59:14Z
ORKA,30.485,2025-11-25T20:59:57Z
ORLA,12.79,2025-11-25T20:59:59Z
ORLY,101.38,2025-11-25T20:59:52Z
ORMP,2.885,2025-11-25T20:59:51Z
ORN,9.675,2025-11-25T20:59:41Z
ORR,33.3,2025-11-25T20:12:41Z
ORRF,36.17,2025-11-25T20:04:03Z
OS,20.87,2025-11-25T20:59:56Z
OSBC,19,2025-11-25T20:59:52Z
OSCR,16.74,2025-11-25T20:59:55Z
OSCV,37.49,2025-11-25T20:59:25Z
OSCX,13.09,2025-11-25T19:41:44Z
OSEA,29.99,2025-11-25T19:54:35Z
OSG,8.79,2025-11-25T20:59:57Z
OSIS,267.64,2025-11-25T20:57:55Z
OSK,127.515,2025-11-25T20:59:46Z
OSPN,12.22,2025-11-25T20:59:53Z
OSRH,0.8165,2025-11-25T20:59:47Z
OSRHW,0.0607,2025-11-25T19:06:24Z
OSS,4.625,2025-11-25T20:59:55Z
OSTX,1.8,2025-11-25T20:59:43Z
OSUR,2.45,2025-11-25T20:59:58Z
OSW,20.75,2025-11-25T20:59:46Z
OTEX,33.76,2025-11-25T20:59:57Z
OTF,13.72,2025-11-25T20:59:53Z
OTGAU,10.18,2025-11-25T20:12:42Z
OTH,3.32,2025-11-25T20:55:48Z
OTIS,88.44,2025-11-25T20:59:54Z
OTLK,1.6,2025-11-25T20:59:35Z
OTLY,12.12,2025-11-25T20:47:16Z
OTTR,81.775,2025-11-25T20:59:41Z
OUNZ,39.775,2025-11-25T20:58:18Z
OUSA,57.07,2025-11-25T18:22:29Z
OUSM,43.82,2025-11-25T20:41:36Z
OUST,21.77,2025-11-25T20:59:51Z
OUT,23.305,2025-11-25T20:59:48Z
OVB,20.8,2025-11-25T19:19:03Z
OVF,28.88,2025-11-25T17:16:11Z
OVID,1.505,2025-11-25T20:59:59Z
OVLY,28.285,2025-11-25T20:10:46Z
OVV,39.025,2025-11-25T20:59:57Z
OWL,14.46,2025-11-25T20:59:55Z
OWLS,6.84,2025-11-25T14:56:00Z
OWLT,13.02,2025-11-25T20:59:51Z
OWNB,23.9,2025-11-25T16:57:50Z
OXLC,14.225,2025-11-25T20:59:35Z
OXM,37.03,2025-11-25T20:59:49Z
OXSQ,1.835,2025-11-25T20:59:05Z
OXY,41.425,2025-11-25T20:59:57Z
OXY+,19.11,2025-11-25T15:05:26Z
OZK,45.95,2025-11-25T20:59:52Z
OZKAP,16.43,2025-11-25T19:17:51Z
PAA,17.41,2025-11-25T20:59:59Z
PAAA,51.415,2025-11-25T20:31:21Z
PAAS,39.475,2025-11-25T20:59:49Z
PABD,62.58,2025-11-25T20:10:06Z
PABU,71.56,2025-11-25T15:11:34Z
PAC,236.44,2025-11-25T20:51:38Z
PACB,2.63,2025-11-25T20:59:55Z
PACK,4.77,2025-11-25T20:59:18Z
PACS,31.83,2025-11-25T20:59:56Z
PAG,163.155,2025-11-25T20:57:23Z
PAGP,18.48,2025-11-25T20:59:45Z
PAGS,9.79,2025-11-25T20:59:57Z
PAHC,44.3,2025-11-25T20:59:30Z
PAL,8.13,2025-11-25T20:59:35Z
PALI,2.15,2025-11-25T20:59:59Z
PALL,126.78,2025-11-25T20:58:49Z
PALU,19.87,2025-11-25T16:57:59Z
PAM,86.145,2025-11-25T20:55:21Z
PANG,12.85,2025-11-25T20:54:30Z
PANL,7.14,2025-11-25T20:59:46Z
PANW,186.26,2025-11-25T20:59:56Z
PAPI,26.05,2025-11-25T20:28:25Z
PAPR,38.7,2025-11-25T20:57:34Z
PAR,34.12,2025-11-25T20:58:31Z
PARR,44.975,2025-11-25T20:59:15Z
PASW,0.4705,2025-11-25T20:59:10Z
PATH,13.63,2025-11-25T20:59:56Z
PATK,107.15,2025-11-25T20:59:04Z
PATN,26.27,2025-11-25T18:36:54Z
PAUG,42.65,2025-11-25T17:02:40Z
PAVE,47.955,2025-11-25T20:59:47Z
PAVM,0.3346,2025-11-25T20:23:45Z
PAVS,0.824,2025-11-25T20:58:00Z
PAX,14.405,2025-11-25T20:59:29Z
PAXS,15.8,2025-11-25T20:57:15Z
PAY,34.26,2025-11-25T20:59:57Z
PAYC,164.27,2025-11-25T20:59:44Z
PAYO,5.705,2025-11-25T20:59:58Z
PAYS,5.17,2025-11-25T20:59:58Z
PAYX,112.11,2025-11-25T20:59:57Z
PB,69.38,2025-11-25T20:59:48Z
PBA,38.02,2025-11-25T20:59:57Z
PBDC,30.83,2025-11-25T20:59:46Z
PBDE,29.24,2025-11-25T19:51:41Z
PBF,34.39,2025-11-25T20:59:49Z
PBFR,28.85,2025-11-25T20:07:02Z
PBFS,13.36,2025-11-25T20:36:43Z
PBH,59,2025-11-25T20:59:49Z
PBI,9.9,2025-11-25T20:59:58Z
PBI-B,19.78,2025-11-25T18:38:10Z
PBM,1.62,2025-11-25T20:54:01Z
PBNV,29.06,2025-11-25T20:09:09Z
PBR,12.62,2025-11-25T20:59:59Z
PBR.A,11.945,2025-11-25T20:59:54Z
PBSE,29.04,2025-11-25T14:36:24Z
PBT,17.885,2025-11-25T20:58:58Z
PBUS,67.815,2025-11-25T20:43:37Z
PBW,30.07,2025-11-25T20:59:57Z
PBYI,4.94,2025-11-25T20:59:54Z
PCAR,104.89,2025-11-25T20:59:51Z
PCB,22.16,2025-11-25T20:26:54Z
PCF,6.16,2025-11-25T17:40:48Z
PCG,15.74,2025-11-25T20:59:57Z
PCG-X,40.07,2025-11-25T20:50:19Z
PCGG,11.97,2025-11-25T20:59:46Z
PCH,39.86,2025-11-25T20:58:27Z
PCLA,0.3,2025-11-25T19:30:20Z
PCM,6.2,2025-11-25T20:53:53Z
PCN,12.69,2025-11-25T20:50:07Z
PCOR,73.795,2025-11-25T20:59:55Z
PCQ,8.785,2025-11-25T20:33:31Z
PCRX,23.2,2025-11-25T20:59:48Z
PCSA,0.242,2025-11-25T20:57:14Z
PCT,8.4,2025-11-25T20:59:57Z
PCTY,148.29,2025-11-25T20:59:35Z
PCVX,50.235,2025-11-25T20:59:28Z
PCY,21.76,2025-11-25T20:59:58Z
PCYO,11.26,2025-11-25T20:39:39Z
PD,15.2,2025-11-25T20:59:58Z
PDBA,34.455,2025-11-25T17:56:42Z
PDBC,13.405,2025-11-25T20:59:54Z
PDD,113.975,2025-11-25T20:59:59Z
PDEC,43,2025-11-25T20:57:37Z
PDEX,35.58,2025-11-25T18:20:39Z
PDFS,26.965,2025-11-25T20:59:39Z
PDI,17.94,2025-11-25T20:59:54Z
PDLB,16.02,2025-11-25T20:57:09Z
PDM,8.475,2025-11-25T20:59:52Z
PDN,41,2025-11-25T20:22:41Z
PDO,13.865,2025-11-25T20:59:55Z
PDP,112.33,2025-11-25T15:11:34Z
PDS,59.58,2025-11-25T20:05:34Z
PDSB,0.7467,2025-11-25T20:59:53Z
PDT,12.93,2025-11-25T20:13:57Z
PDX,21.21,2025-11-25T19:31:10Z
PDYN,5.33,2025-11-25T20:59:42Z
PEB,11.475,2025-11-25T20:59:58Z
PEB-F,18.59,2025-11-25T17:23:16Z
PEB-G,18.5,2025-11-25T18:36:56Z
PEBO,29.95,2025-11-25T20:59:25Z
PECO,35.55,2025-11-25T20:59:58Z
PED,0.4778,2025-11-25T16:40:07Z
PEG,82.13,2025-11-25T20:59:49Z
PEGA,54.49,2025-11-25T20:59:40Z
PEJ,58.06,2025-11-25T20:59:26Z
PEN,298.71,2025-11-25T20:59:53Z
PENG,19.02,2025-11-25T20:59:49Z
PENN,14.565,2025-11-25T20:59:54Z
PEO,21.15,2025-11-25T20:46:03Z
PEP,146.11,2025-11-25T20:59:40Z
PEPG,6.06,2025-11-25T20:59:55Z
PERF,1.69,2025-11-25T20:54:33Z
PERI,9.855,2025-11-25T20:59:45Z
PESI,12.3,2025-11-25T20:57:22Z
PETS,1.64,2025-11-25T20:59:09Z
PEW,3.425,2025-11-25T20:59:50Z
PEY,20.34,2025-11-25T20:59:49Z
PFBC,95.315,2025-11-25T20:44:29Z
PFD,11.71,2025-11-25T17:57:09Z
PFE,25.71,2025-11-25T20:59:58Z
PFEB,40.08,2025-11-25T19:26:02Z
PFF,30.76,2025-11-25T20:59:54Z
PFFA,21.385,2025-11-25T20:59:42Z
PFFD,18.84,2025-11-25T20:59:54Z
PFFV,22.55,2025-11-25T18:26:27Z
PFG,84.695,2025-11-25T20:59:46Z
PFGC,96.57,2025-11-25T20:59:57Z
PFH,17.36,2025-11-25T19:21:33Z
PFIS,49.19,2025-11-25T20:55:12Z
PFIX,46.75,2025-11-25T20:52:45Z
PFL,8.39,2025-11-25T20:54:03Z
PFLD,19.65,2025-11-25T20:59:46Z
PFLT,9.1,2025-11-25T20:59:58Z
PFM,51.435,2025-11-25T20:59:32Z
PFN,7.44,2025-11-25T20:51:12Z
PFS,19.43,2025-11-25T20:59:49Z
PFSA,0.1524,2025-11-25T20:46:57Z
PFSI,133.655,2025-11-25T20:59:42Z
PFXF,17.44,2025-11-25T20:50:07Z
PG,148.42,2025-11-25T20:59:49Z
PGC,27.14,2025-11-25T20:56:57Z
PGEN,3.665,2025-11-25T20:59:52Z
PGF,14.17,2025-11-25T20:58:40Z
PGNY,26.77,2025-11-25T20:59:52Z
PGP,8.5,2025-11-25T18:28:55Z
PGR,226.32,2025-11-25T20:59:51Z
PGRE,6.585,2025-11-25T20:59:53Z
PGRO,43.84,2025-11-25T15:14:15Z
PGX,11.27,2025-11-25T20:59:53Z
PGY,23.875,2025-11-25T20:59:45Z
PGZ,10.14,2025-11-25T20:39:37Z
PH,852.21,2025-11-25T20:59:58Z
PHAT,14.96,2025-11-25T20:59:53Z
PHB,18.575,2025-11-25T20:43:49Z
PHEQ,32.38,2025-11-25T19:52:08Z
PHG,27.85,2025-11-25T20:59:50Z
PHGE,5.335,2025-11-25T20:50:50Z
PHI,22.44,2025-11-25T20:59:44Z
PHIN,54.8,2025-11-25T20:59:47Z
PHIO,1.2,2025-11-25T20:59:15Z
PHK,4.835,2025-11-25T20:43:28Z
PHM,125.73,2025-11-25T20:59:57Z
PHO,72.46,2025-11-25T19:52:29Z
PHR,20.62,2025-11-25T20:59:57Z
PHUN,2.025,2025-11-25T20:57:30Z
PHVS,25.41,2025-11-25T20:59:21Z
PHYD,52.29,2025-11-25T19:49:21Z
PHYL,35.49,2025-11-25T20:43:49Z
PHYS,31.61,2025-11-25T20:59:45Z
PI,165.48,2025-11-25T20:59:54Z
PICB,23.525,2025-11-25T20:23:02Z
PICK,46.135,2025-11-25T20:59:54Z
PID,21.665,2025-11-25T20:53:26Z
PIEQ,32.2,2025-11-25T20:56:00Z
PIFI,95.71,2025-11-25T17:42:26Z
PII,66.8,2025-11-25T20:59:48Z
PIII,5.85,2025-11-25T16:29:31Z
PILL,11.21,2025-11-25T20:26:57Z
PIM,3.34,2025-11-25T20:58:21Z
PIN,26.07,2025-11-25T19:37:44Z
PINE,17.37,2025-11-25T20:59:01Z
PINK,37.705,2025-11-25T20:58:57Z
PINS,25.5,2025-11-25T20:59:58Z
PIO,44.37,2025-11-25T15:08:10Z
PIPR,334.41,2025-11-25T20:59:49Z
PIZ,47.09,2025-11-25T18:14:05Z
PJFG,109.11,2025-11-25T16:25:51Z
PJP,106.47,2025-11-25T14:54:43Z
PJT,170.245,2025-11-25T20:59:30Z
PK,10.83,2025-11-25T20:59:55Z
PKE,19.69,2025-11-25T20:59:53Z
PKG,201.18,2025-11-25T20:58:42Z
PKOH,19.89,2025-11-25T20:59:49Z
PKST,13.32,2025-11-25T20:47:13Z
PKX,52.075,2025-11-25T20:38:19Z
PL,11.73,2025-11-25T20:59:57Z
PLAB,22.78,2025-11-25T20:59:54Z
PLAG,2.57,2025-11-25T20:41:52Z
PLAY,15.985,2025-11-25T20:59:51Z
PLBY,1.84,2025-11-25T20:59:59Z
PLCE,7.75,2025-11-25T20:59:43Z
PLD,127.33,2025-11-25T20:59:45Z
PLG,2.08,2025-11-25T20:59:56Z
PLMR,123.915,2025-11-25T20:59:49Z
PLNT,111.77,2025-11-25T20:59:53Z
PLOW,32.44,2025-11-25T20:58:05Z
PLPC,195.61,2025-11-25T15:06:36Z
PLRX,1.565,2025-11-25T20:59:43Z
PLRZ,0.5971,2025-11-25T20:33:07Z
PLSE,13.335,2025-11-25T20:59:42Z
PLT,13.59,2025-11-25T19:05:25Z
PLTA,23.48,2025-11-25T15:35:51Z
PLTD,7.255,2025-11-25T20:59:57Z
PLTG,26.98,2025-11-25T20:36:14Z
PLTK,4.03,2025-11-25T20:59:56Z
PLTM,14.96,2025-11-25T20:59:58Z
PLTR,163.59,2025-11-25T20:59:57Z
PLTU,76.86,2025-11-25T20:54:50Z
PLTW,36.28,2025-11-25T17:47:04Z
PLTY,52.59,2025-11-25T20:59:50Z
PLTZ,7.64,2025-11-25T20:59:45Z
PLUG,1.95,2025-11-25T20:59:58Z
PLUS,90.63,2025-11-25T20:53:58Z
PLX,1.79,2025-11-25T20:59:59Z
PLXS,142.81,2025-11-25T20:57:44Z
PLYM,22.685,2025-11-25T20:59:53Z
PM,157.385,2025-11-25T20:59:58Z
PMBS,50.01,2025-11-25T20:01:48Z
PMCB,0.8815,2025-11-25T20:59:27Z
PMI,2.06,2025-11-25T20:59:24Z
PML,7.75,2025-11-25T20:57:39Z
PMM,6.09,2025-11-25T20:45:41Z
PMMF,100.495,2025-11-25T17:59:29Z
PMN,0.324,2025-11-25T18:27:25Z
PMO,10.34,2025-11-25T20:03:50Z
PMT,12.83,2025-11-25T20:59:58Z
PMTR,10.285,2025-11-25T20:58:17Z
PMTRW,0.845,2025-11-25T20:18:09Z
PMTS,13.145,2025-11-25T20:33:35Z
PMVP,1.33,2025-11-25T20:57:55Z
PN,0.8089,2025-11-25T20:52:16Z
PNBK,1.385,2025-11-25T20:59:49Z
PNC,192.55,2025-11-25T20:59:41Z
PNFP,92.7,2025-11-25T20:59:33Z
PNI,6.95,2025-11-25T16:07:30Z
PNNT,6.025,2025-11-25T20:59:59Z
PNOV,41.38,2025-11-25T20:54:27Z
PNQI,53.44,2025-11-25T17:55:12Z
PNR,106.03,2025-11-25T20:59:39Z
PNRG,160.95,2025-11-25T16:38:02Z
PNTG,28.075,2025-11-25T20:59:49Z
PNW,89.49,2025-11-25T20:59:52Z
POAI,6.03,2025-11-25T18:50:20Z
POAS,3.635,2025-11-25T17:30:39Z
POCI,4.6,2025-11-25T18:31:15Z
POCT,43.41,2025-11-25T20:52:36Z
PODC,2.51,2025-11-25T18:59:39Z
PODD,328.52,2025-11-25T20:59:52Z
POET,4.67,2025-11-25T20:59:55Z
POLA,2.39,2025-11-25T17:08:59Z
POM,4.28,2025-11-25T20:59:19Z
PONX,18.09,2025-11-25T15:11:19Z
PONY,13.34,2025-11-25T20:59:56Z
POOL,243.64,2025-11-25T20:59:29Z
POR,50.325,2025-11-25T20:59:40Z
POST,101.08,2025-11-25T20:59:53Z
POWI,33.52,2025-11-25T20:59:45Z
POWL,312.55,2025-11-25T20:59:24Z
POWR,25.335,2025-11-25T20:57:57Z
POWW,1.765,2025-11-25T20:54:33Z
PPA,149.32,2025-11-25T20:56:30Z
PPBT,0.8123,2025-11-25T20:06:19Z
PPC,37.4,2025-11-25T20:59:54Z
PPG,99.59,2025-11-25T20:59:59Z
PPH,103.2,2025-11-25T20:59:38Z
PPIH,25.03,2025-11-25T20:59:55Z
PPL,36.41,2025-11-25T20:59:59Z
PPLT,141.34,2025-11-25T20:57:50Z
PPSI,3.63,2025-11-25T20:59:19Z
PPT,3.625,2025-11-25T20:59:14Z
PPTA,24.005,2025-11-25T20:59:52Z
PPTY,30.55,2025-11-25T15:15:00Z
PQOC,28.27,2025-11-25T20:51:34Z
PR,14.1,2025-11-25T20:59:58Z
PRA,24.03,2025-11-25T20:59:57Z
PRAA,15.98,2025-11-25T20:59:56Z
PRAX,183.97,2025-11-25T20:59:47Z
PRCH,9.82,2025-11-25T20:59:07Z
PRCS,26.81,2025-11-25T20:58:44Z
PRCT,32.26,2025-11-25T20:59:57Z
PRDO,27.92,2025-11-25T20:58:42Z
PRE,14.94,2025-11-25T20:48:42Z
PREF,19.08,2025-11-25T20:59:46Z
PRF,46.25,2025-11-25T20:59:45Z
PRFZ,45.74,2025-11-25T20:59:43Z
PRG,29.17,2025-11-25T20:59:50Z
PRGO,12.92,2025-11-25T20:59:55Z
PRGS,41.665,2025-11-25T20:59:11Z
PRH,24.73,2025-11-25T19:52:24Z
PRHI,0.961,2025-11-25T14:39:34Z
PRI,259.95,2025-11-25T20:59:43Z
PRIM,124.14,2025-11-25T20:59:59Z
PRIV,25.665,2025-11-25T20:08:05Z
PRK,157.75,2025-11-25T20:54:44Z
PRKS,35.13,2025-11-25T20:59:48Z
PRLB,50.765,2025-11-25T20:59:30Z
PRLD,1.58,2025-11-25T20:59:42Z
PRM,27.36,2025-11-25T20:59:52Z
PRMB,15.48,2025-11-25T20:59:58Z
PRME,3.71,2025-11-25T20:59:55Z
PRN,168.95,2025-11-25T20:03:47Z
PRNT,21.91,2025-11-25T16:23:57Z
PRO,23.15,2025-11-25T20:59:59Z
PROF,6.53,2025-11-25T20:54:12Z
PROK,2.09,2025-11-25T20:59:59Z
PROP,1.795,2025-11-25T20:58:40Z
PRPH,0.172,2025-11-25T20:58:45Z
PRPL,0.7571,2025-11-25T20:02:56Z
PRPO,23.62,2025-11-25T16:23:10Z
PRQR,2.14,2025-11-25T20:59:54Z
PRS,23.985,2025-11-25T18:46:22Z
PRSO,0.908,2025-11-25T19:12:27Z
PRSU,34.14,2025-11-25T20:59:47Z
PRTA,10.505,2025-11-25T20:59:56Z
PRTH,5.69,2025-11-25T20:59:57Z
PRTS,0.5143,2025-11-25T20:57:27Z
PRU,108.34,2025-11-25T20:59:50Z
PRVA,24.53,2025-11-25T20:59:52Z
PRZO,1.33,2025-11-25T20:01:53Z
PSA,272.36,2025-11-25T20:59:59Z
PSA-G,21.04,2025-11-25T20:58:32Z
PSA-H,23.16,2025-11-25T20:53:10Z
PSA-M,16.89,2025-11-25T17:08:52Z
PSA-O,15.86,2025-11-25T15:11:59Z
PSA-P,16.19,2025-11-25T14:34:39Z
PSA-R,16.24,2025-11-25T18:37:59Z
PSA-S,16.69,2025-11-25T20:28:02Z
PSBD,12.42,2025-11-25T20:43:28Z
PSC,57.59,2025-11-25T20:53:54Z
PSCC,31.49,2025-11-25T20:16:00Z
PSCE,42.28,2025-11-25T15:03:49Z
PSCT,56.25,2025-11-25T18:46:06Z
PSDM,51.62,2025-11-25T19:50:26Z
PSEC,2.625,2025-11-25T20:59:44Z
PSEC-A,17.24,2025-11-25T20:41:00Z
PSF,20.36,2025-11-25T20:36:06Z
PSFE,7.145,2025-11-25T20:59:11Z
PSFF,31.81,2025-11-25T15:54:49Z
PSH,50.48,2025-11-25T14:42:06Z
PSHG,2,2025-11-25T20:54:39Z
PSI,72.65,2025-11-25T17:05:09Z
PSIG,4.1,2025-11-25T15:17:59Z
PSIX,54.24,2025-11-25T20:59:59Z
PSKY,15.65,2025-11-25T20:59:59Z
PSLV,17.055,2025-11-25T20:59:45Z
PSMT,124.75,2025-11-25T18:39:25Z
PSN,84.21,2025-11-25T20:59:49Z
PSNL,11.22,2025-11-25T20:59:48Z
PSNY,0.5716,2025-11-25T20:59:38Z
PSNYW,0.2518,2025-11-25T14:36:45Z
PSO,12.995,2025-11-25T20:59:59Z
PSP,64.89,2025-11-25T20:29:05Z
PSQ,30.735,2025-11-25T20:59:48Z
PSQH,1.275,2025-11-25T20:59:28Z
PSTG,83.17,2025-11-25T20:59:54Z
PSTL,15.44,2025-11-25T20:57:54Z
PSTR,28.7,2025-11-25T19:35:10Z
PSTV,0.5627,2025-11-25T20:59:50Z
PSX,134.07,2025-11-25T20:59:44Z
PTA,19.34,2025-11-25T20:59:42Z
PTC,173.42,2025-11-25T20:59:54Z
PTCT,82.94,2025-11-25T20:59:54Z
PTEN,5.71,2025-11-25T20:59:56Z
PTEU,30.06,2025-11-25T20:15:21Z
PTF,73.7,2025-11-25T15:19:15Z
PTGX,89.745,2025-11-25T20:59:19Z
PTH,53.55,2025-11-25T20:52:19Z
PTHS,27.695,2025-11-25T20:46:16Z
PTIN,30.9,2025-11-25T20:59:26Z
PTIR,24.36,2025-11-25T20:59:49Z
PTIX,2.22,2025-11-25T20:50:36Z
PTLC,55.55,2025-11-25T20:55:08Z
PTLE,0.1697,2025-11-25T14:30:00Z
PTLO,5.14,2025-11-25T20:59:58Z
PTN,18.56,2025-11-25T20:49:45Z
PTON,6.75,2025-11-25T20:59:54Z
PTRB,42.49,2025-11-25T20:59:48Z
PTRN,14.785,2025-11-25T20:59:10Z
PTY,13.285,2025-11-25T20:59:31Z
PUBM,8.98,2025-11-25T20:57:40Z
PUI,45.05,2025-11-25T20:45:34Z
PUK,28.27,2025-11-25T20:59:48Z
PULS,49.785,2025-11-25T20:58:58Z
PUMP,9.55,2025-11-25T20:59:51Z
PVAL,44.15,2025-11-25T20:59:52Z
PVH,82,2025-11-25T20:59:36Z
PVI,24.89,2025-11-25T18:08:29Z
PVL,1.75,2025-11-25T20:14:45Z
PVLA,94.32,2025-11-25T20:53:18Z
PW,0.7871,2025-11-25T16:38:08Z
PWB,124.6,2025-11-25T20:52:39Z
PWP,17.955,2025-11-25T20:59:58Z
PWR,450.27,2025-11-25T20:59:58Z
PWRD,96.11,2025-11-25T20:52:16Z
PWS,32.93,2025-11-25T17:23:16Z
PWV,66.05,2025-11-25T20:59:49Z
PWZ,24.285,2025-11-25T20:29:36Z
PX,9.22,2025-11-25T20:59:28Z
PXED,29.82,2025-11-25T20:59:56Z
PXF,62.88,2025-11-25T18:10:29Z
PXH,25.705,2025-11-25T20:59:29Z
PXLW,7.05,2025-11-25T20:43:22Z
PXS,2.99,2025-11-25T20:55:52Z
PY,51.32,2025-11-25T15:30:49Z
PYLD,26.88,2025-11-25T20:58:47Z
PYPD,3.685,2025-11-25T20:59:43Z
PYPG,12.43,2025-11-25T20:59:52Z
PYPL,61.235,2025-11-25T20:59:55Z
PYPY,8.78,2025-11-25T15:55:10Z
PYXS,5.32,2025-11-25T20:59:52Z
PZA,23.29,2025-11-25T20:59:46Z
PZG,1.19,2025-11-25T20:54:24Z
PZT,22.41,2025-11-25T17:19:29Z
PZZA,41.185,2025-11-25T20:59:51Z
Q,77.995,2025-11-25T20:59:57Z
QAI,33.51,2025-11-25T19:09:49Z
QAT,18.7,2025-11-25T19:35:24Z
QB,42.34,2025-11-25T16:14:02Z
QBER,24.63,2025-11-25T20:56:33Z
QBF,22.52,2025-11-25T19:49:47Z
QBSF,25.84,2025-11-25T18:49:42Z
QBTS,22.58,2025-11-25T20:59:56Z
QBTX,31.115,2025-11-25T20:33:05Z
QBTZ,20.59,2025-11-25T20:50:47Z
QBUF,29.06,2025-11-25T19:38:47Z
QCAP,23.43,2025-11-25T17:28:44Z
QCLN,43.355,2025-11-25T20:59:35Z
QCLS,3.63,2025-11-25T18:24:56Z
QCML,19.435,2025-11-25T20:59:24Z
QCMU,24.81,2025-11-25T14:53:06Z
QCOC,22.2,2025-11-25T20:59:45Z
QCOM,163.33,2025-11-25T20:59:59Z
QCRH,81.21,2025-11-25T20:59:46Z
QD,4.88,2025-11-25T20:59:35Z
QDEC,31.64,2025-11-25T20:04:01Z
QDEF,80.52,2025-11-25T15:13:42Z
QDEL,28.12,2025-11-25T20:59:54Z
QDF,79.86,2025-11-25T15:57:05Z
QDIV,34.48,2025-11-25T15:04:01Z
QDPL,42.27,2025-11-25T20:57:04Z
QDTE,34.655,2025-11-25T20:59:53Z
QDVO,29.42,2025-11-25T20:47:33Z
QETH,29.28,2025-11-25T20:51:35Z
QFIN,19.5,2025-11-25T20:59:56Z
QFLR,33.95,2025-11-25T20:45:23Z
QGEN,48.575,2025-11-25T20:59:43Z
QGRW,58.55,2025-11-25T20:59:50Z
QH,0.9,2025-11-25T17:26:52Z
QID,20.85,2025-11-25T20:59:42Z
QINT,62.17,2025-11-25T18:56:21Z
QIPT,2.31,2025-11-25T20:58:48Z
QJUN,31.12,2025-11-25T15:57:24Z
QLC,80.105,2025-11-25T20:45:00Z
QLD,69.565,2025-11-25T20:59:17Z
QLDY,48.33,2025-11-25T20:47:48Z
QLTA,48.62,2025-11-25T20:59:45Z
QLTY,38.055,2025-11-25T20:49:03Z
QLYS,142.045,2025-11-25T20:56:51Z
QMCO,6.95,2025-11-25T20:59:52Z
QMMY,24.61,2025-11-25T17:47:20Z
QMNV,23.1,2025-11-25T20:59:46Z
QNCX,2.66,2025-11-25T20:59:39Z
QNRX,22.175,2025-11-25T20:56:29Z
QNST,14.07,2025-11-25T20:59:58Z
QNTM,7.75,2025-11-25T20:45:00Z
QPUX,19.63,2025-11-25T20:57:18Z
QQA,52.655,2025-11-25T20:59:59Z
QQEW,139.75,2025-11-25T20:59:33Z
QQH,75.93,2025-11-25T16:51:53Z
QQQ,608.915,2025-11-25T20:59:59Z
QQQD,13.22,2025-11-25T20:54:31Z
QQQE,100.61,2025-11-25T20:59:52Z
QQQI,54.2,2025-11-25T20:59:55Z
QQQJ,36.1,2025-11-25T18:21:59Z
QQQM,250.72,2025-11-25T20:59:59Z
QQQT,18.06,2025-11-25T20:58:04Z
QQQU,59.93,2025-11-25T20:33:58Z
QQQX,27.54,2025-11-25T20:54:08Z
QQQY,24.13,2025-11-25T20:00:09Z
QQXT,99.065,2025-11-25T20:55:50Z
QRHC,1.93,2025-11-25T20:35:52Z
QRVO,84.475,2025-11-25T20:58:47Z
QS,11.87,2025-11-25T20:59:57Z
QSI,1.35,2025-11-25T20:59:59Z
QSIG,49.03,2025-11-25T20:58:53Z
QSPT,31.2,2025-11-25T18:13:10Z
QSR,72.03,2025-11-25T20:59:50Z
QSU,9.11,2025-11-25T17:43:54Z
QTEC,223.98,2025-11-25T20:57:11Z
QTOC,33.43,2025-11-25T17:33:43Z
QTOP,31.49,2025-11-25T20:59:54Z
QTR,35.3,2025-11-25T15:12:25Z
QTRX,7.23,2025-11-25T20:59:55Z
QTTB,2.02,2025-11-25T20:30:45Z
QTUM,105.34,2025-11-25T20:59:48Z
QTWO,72.685,2025-11-25T20:59:53Z
QUAD,5.6,2025-11-25T20:59:40Z
QUAL,196,2025-11-25T20:59:53Z
QUBT,11.605,2025-11-25T20:59:59Z
QUBX,6.25,2025-11-25T20:58:58Z
QUIK,5.96,2025-11-25T20:59:18Z
QUP,37.05,2025-11-25T15:55:57Z
QURE,27.95,2025-11-25T20:59:54Z
QUS,172.52,2025-11-25T20:52:14Z
QUSA,18.1,2025-11-25T15:53:39Z
QUVU,26.98,2025-11-25T14:31:19Z
QVCC,9.5,2025-11-25T18:38:50Z
QVCD,9.52,2025-11-25T20:00:41Z
QVCGA,8.59,2025-11-25T16:20:26Z
QVCGP,3.35,2025-11-25T18:39:54Z
QXO,17.67,2025-11-25T20:59:59Z
QXO-B,51.6,2025-11-25T20:58:53Z
QYLD,17.385,2025-11-25T20:57:19Z
QYLG,29.55,2025-11-25T17:09:22Z
R,172.55,2025-11-25T20:57:17Z
RA,13.03,2025-11-25T20:55:02Z
RAAX,34.66,2025-11-25T15:00:27Z
RACE,385.1,2025-11-25T20:59:45Z
RAFE,41.3,2025-11-25T20:58:01Z
RAIL,7.82,2025-11-25T20:59:50Z
RAIN,5.31,2025-11-25T19:32:42Z
RAL,48.09,2025-11-25T20:59:47Z
RAMP,29.63,2025-11-25T20:59:54Z
RANI,1.62,2025-11-25T20:59:51Z
RAPP,28.59,2025-11-25T20:59:48Z
RAPT,29.965,2025-11-25T20:59:31Z
RARE,33.54,2025-11-25T20:59:39Z
RAUS,25.87,2025-11-25T15:12:55Z
RAVE,3.02,2025-11-25T20:59:25Z
RAVI,75.57,2025-11-25T20:03:43Z
RAY,1.89,2025-11-25T19:27:08Z
RAYA,3.96,2025-11-25T16:51:21Z
RBA,97.47,2025-11-25T20:59:40Z
RBB,19.915,2025-11-25T20:55:21Z
RBBN,2.815,2025-11-25T20:59:50Z
RBC,443.24,2025-11-25T20:59:48Z
RBLU,37.87,2025-11-25T16:44:16Z
RBLX,91.05,2025-11-25T20:59:51Z
RBNE,0.7741,2025-11-25T18:09:35Z
RBOT,2.48,2025-11-25T20:58:55Z
RBRK,68.89,2025-11-25T20:59:51Z
RC,2.52,2025-11-25T20:59:48Z
RC-E,13.86,2025-11-25T17:47:02Z
RCAT,7.28,2025-11-25T20:59:58Z
RCC,24.85,2025-11-25T18:45:37Z
RCEL,3.75,2025-11-25T20:59:48Z
RCGE,27.78,2025-11-25T16:39:48Z
RCI,38.47,2025-11-25T20:59:43Z
RCKT,3.11,2025-11-25T20:59:53Z
RCL,266.55,2025-11-25T20:59:57Z
RCMT,20.185,2025-11-25T20:55:11Z
RCS,6.59,2025-11-25T19:31:51Z
RCT,1.66,2025-11-25T20:59:09Z
RCUS,24.27,2025-11-25T20:59:59Z
RDAC,11.32,2025-11-25T20:29:43Z
RDAG,10.18,2025-11-25T17:28:53Z
RDCM,12.895,2025-11-25T20:59:25Z
RDDT,218.59,2025-11-25T20:59:59Z
RDFI,23.79,2025-11-25T17:09:23Z
RDHL,1.1,2025-11-25T20:50:02Z
RDI,1.27,2025-11-25T20:59:22Z
RDIV,52.8,2025-11-25T20:21:57Z
RDN,35.55,2025-11-25T20:59:52Z
RDNT,82.87,2025-11-25T20:59:36Z
RDNW,5.19,2025-11-25T19:23:47Z
RDTL,46.87,2025-11-25T20:59:44Z
RDVI,25.7,2025-11-25T20:56:36Z
RDVT,55.28,2025-11-25T20:59:55Z
RDVY,67.765,2025-11-25T20:59:42Z
RDW,5.42,2025-11-25T20:59:56Z
RDWR,22.565,2025-11-25T20:50:38Z
RDY,13.885,2025-11-25T20:59:55Z
RDZN,1.675,2025-11-25T20:59:50Z
REAL,14.47,2025-11-25T20:59:54Z
REAX,3.98,2025-11-25T20:59:56Z
RECS,40.66,2025-11-25T20:52:46Z
REE,0.752,2025-11-25T15:00:14Z
REET,25.38,2025-11-25T20:59:51Z
REFI,12.655,2025-11-25T20:58:19Z
REG,71.07,2025-11-25T20:59:54Z
REGL,84.31,2025-11-25T20:32:56Z
REGN,787.56,2025-11-25T20:59:59Z
REI,0.8826,2025-11-25T20:49:21Z
REIT,26.81,2025-11-25T16:01:38Z
REKR,1.715,2025-11-25T20:59:51Z
REKT,18.26,2025-11-25T19:56:39Z
RELI,0.655,2025-11-25T20:59:37Z
RELL,10.19,2025-11-25T20:58:07Z
RELX,40.375,2025-11-25T20:59:54Z
RELY,12.94,2025-11-25T20:59:57Z
REM,22.66,2025-11-25T20:59:55Z
REMG,28.69,2025-11-25T17:49:36Z
REMX,71.58,2025-11-25T20:59:17Z
RENT,4.97,2025-11-25T20:36:19Z
REPL,9.525,2025-11-25T20:59:58Z
REPX,27.11,2025-11-25T20:59:24Z
RERE,4.22,2025-11-25T20:59:59Z
RES,5.265,2025-11-25T20:59:53Z
RETL,8.605,2025-11-25T20:59:46Z
REVB,0.8421,2025-11-25T20:52:35Z
REVG,52.56,2025-11-25T20:59:55Z
REVS,28.3,2025-11-25T18:58:26Z
REW,11.77,2025-11-25T20:54:40Z
REX,32.76,2025-11-25T20:55:24Z
REXR,41.415,2025-11-25T20:59:47Z
REYN,24.55,2025-11-25T20:59:57Z
REZ,86.58,2025-11-25T20:59:49Z
REZI,31.79,2025-11-25T20:59:54Z
RF,25.425,2025-11-25T20:59:53Z
RF-C,23.7,2025-11-25T20:11:52Z
RF-E,17.4,2025-11-25T18:13:23Z
RFDA,62.87,2025-11-25T17:32:41Z
RFG,52.24,2025-11-25T20:44:46Z
RFI,11.29,2025-11-25T19:31:40Z
RFIL,6.2,2025-11-25T20:36:06Z
RFIX,41.92,2025-11-25T20:41:46Z
RFL,1.215,2025-11-25T18:50:08Z
RFLR,28.2,2025-11-25T19:26:42Z
RFM,14.1,2025-11-25T20:52:20Z
RFMZ,12.71,2025-11-25T19:16:38Z
RGA,190,2025-11-25T20:59:50Z
RGC,10.86,2025-11-25T20:53:37Z
RGCO,22.36,2025-11-25T20:59:16Z
RGEN,171.7,2025-11-25T20:59:36Z
RGLD,192.46,2025-11-25T20:59:59Z
RGLO,28.97,2025-11-25T19:34:54Z
RGNX,13.42,2025-11-25T20:57:34Z
RGP,4.775,2025-11-25T20:59:30Z
RGR,29.93,2025-11-25T20:57:22Z
RGS,26.91,2025-11-25T15:41:02Z
RGT,12.4,2025-11-25T20:45:05Z
RGTI,26.09,2025-11-25T20:59:59Z
RGTIW,14.82,2025-11-25T20:55:07Z
RGTU,25.74,2025-11-25T20:26:43Z
RGTX,77.51,2025-11-25T20:59:51Z
RGTZ,23.22,2025-11-25T20:59:32Z
RH,159.595,2025-11-25T20:59:42Z
RHI,27.32,2025-11-25T20:59:55Z
RHLD,180.755,2025-11-25T20:57:01Z
RHP,96.06,2025-11-25T20:59:54Z
RHRX,17.94,2025-11-25T17:37:36Z
RHTX,17.97,2025-11-25T16:42:12Z
RICK,24.36,2025-11-25T20:58:29Z
RIG,4.05,2025-11-25T20:59:55Z
RIGL,49.56,2025-11-25T20:59:42Z
RILY,4.17,2025-11-25T20:59:53Z
RILYT,11.6,2025-11-25T19:24:19Z
RILYZ,9.2,2025-11-25T18:56:40Z
RIME,1.33,2025-11-25T18:13:50Z
RING,66.64,2025-11-25T20:54:37Z
RIO,71.075,2025-11-25T20:59:52Z
RIOT,14.4,2025-11-25T20:59:56Z
RIOX,15.85,2025-11-25T20:55:10Z
RISN,29.275,2025-11-25T20:59:27Z
RISR,36.05,2025-11-25T14:40:26Z
RITA,19.71,2025-11-25T14:34:26Z
RITM,11.39,2025-11-25T20:59:58Z
RITM-B,25.1,2025-11-25T19:43:03Z
RITM-C,24.65,2025-11-25T17:17:53Z
RITM-E,25.18,2025-11-25T18:51:17Z
RITR,1.12,2025-11-25T20:31:34Z
RIV,11.505,2025-11-25T20:59:58Z
RIVN,15.58,2025-11-25T20:59:56Z
RJET,20.8,2025-11-25T16:27:44Z
RJF,154.6,2025-11-25T20:59:47Z
RJVI,25.11,2025-11-25T17:11:28Z
RKDA,3.575,2025-11-25T20:59:39Z
RKLB,42.6,2025-11-25T20:59:53Z
RKLX,57.82,2025-11-25T20:49:50Z
RKT,19.67,2025-11-25T20:59:59Z
RL,364.91,2025-11-25T20:59:54Z
RLAY,8.06,2025-11-25T20:59:56Z
RLGT,6.215,2025-11-25T20:59:32Z
RLI,63.93,2025-11-25T20:59:53Z
RLJ,7.645,2025-11-25T20:59:53Z
RLMD,4.28,2025-11-25T20:59:55Z
RLTY,14.86,2025-11-25T20:47:40Z
RLX,2.48,2025-11-25T20:59:57Z
RLY,31.01,2025-11-25T14:31:26Z
RLYB,0.6428,2025-11-25T20:39:21Z
RM,37.5,2025-11-25T20:48:02Z
RMAX,8.35,2025-11-25T20:55:04Z
RMBI,13.745,2025-11-25T20:53:01Z
RMBS,92.4,2025-11-25T20:59:54Z
RMCF,1.67,2025-11-25T17:28:01Z
RMCO,2.205,2025-11-25T20:59:29Z
RMD,255.87,2025-11-25T20:59:56Z
RMI,14.52,2025-11-25T20:57:10Z
RMM,13.76,2025-11-25T20:05:03Z
RMMZ,14.47,2025-11-25T14:59:46Z
RMNI,3.825,2025-11-25T20:59:20Z
RMOP,25.21,2025-11-25T20:58:48Z
RMR,15.02,2025-11-25T20:58:54Z
RMT,10.2,2025-11-25T20:59:59Z
RMTI,0.9097,2025-11-25T20:59:45Z
RNA,71.54,2025-11-25T20:59:55Z
RNAC,7.33,2025-11-25T20:59:57Z
RNG,28.26,2025-11-25T20:59:52Z
RNGR,13.22,2025-11-25T20:59:06Z
RNP,20.48,2025-11-25T20:46:23Z
RNR,262.105,2025-11-25T20:59:43Z
RNR-G,16.14,2025-11-25T19:10:26Z
RNRG,33.13,2025-11-25T15:53:46Z
RNST,35.71,2025-11-25T20:59:57Z
RNTX,1.52,2025-11-25T19:00:23Z
RNW,7.59,2025-11-25T20:59:58Z
RNXT,0.8435,2025-11-25T19:33:42Z
ROAD,105.79,2025-11-25T20:59:33Z
ROAM,28.89,2025-11-25T20:51:09Z
ROBN,62.34,2025-11-25T20:59:52Z
ROBT,50.935,2025-11-25T19:34:59Z
ROCK,49.29,2025-11-25T20:59:37Z
RODM,36.1,2025-11-25T20:46:25Z
ROG,81.7,2025-11-25T20:59:42Z
ROIV,20.85,2025-11-25T20:59:59Z
ROK,391.36,2025-11-25T20:59:51Z
ROKU,94.93,2025-11-25T20:59:47Z
ROL,61.225,2025-11-25T20:59:56Z
ROM,90.35,2025-11-25T20:54:40Z
ROMA,2.74,2025-11-25T20:58:59Z
ROOT,78.95,2025-11-25T20:59:26Z
ROP,446.44,2025-11-25T20:59:52Z
ROST,176.49,2025-11-25T20:59:58Z
RPAR,21.47,2025-11-25T15:43:47Z
RPAY,3.305,2025-11-25T20:59:48Z
RPD,15.325,2025-11-25T20:59:54Z
RPG,45.51,2025-11-25T20:57:01Z
RPGL,0.4365,2025-11-25T17:16:22Z
RPID,4.17,2025-11-25T20:58:42Z
RPM,107.22,2025-11-25T20:59:54Z
RPRX,39.535,2025-11-25T20:59:56Z
RPT,2.59,2025-11-25T20:59:53Z
RPTX,2.125,2025-11-25T20:59:43Z
RPV,101.06,2025-11-25T20:55:24Z
RQI,11.81,2025-11-25T20:47:32Z
RR,3.585,2025-11-25T20:59:45Z
RRBI,70.81,2025-11-25T20:52:24Z
RRC,37.81,2025-11-25T20:59:51Z
RRGB,4.15,2025-11-25T20:59:44Z
RRR,57.96,2025-11-25T20:59:54Z
RRX,146.945,2025-11-25T20:59:01Z
RS,279.86,2025-11-25T20:59:50Z
RSBT,18.01,2025-11-25T19:50:01Z
RSDE,21.15,2025-11-25T14:50:25Z
RSF,14.35,2025-11-25T14:35:34Z
RSG,217.13,2025-11-25T20:59:46Z
RSHO,43.38,2025-11-25T19:44:29Z
RSI,18.14,2025-11-25T20:59:54Z
RSKD,4.925,2025-11-25T20:59:42Z
RSMC,25.52,2025-11-25T16:00:52Z
RSP,189.24,2025-11-25T20:59:57Z
RSPD,56.08,2025-11-25T20:59:46Z
RSPE,29.23,2025-11-25T18:33:47Z
RSPF,75.32,2025-11-25T18:40:29Z
RSPG,79.64,2025-11-25T20:02:54Z
RSPH,32.5,2025-11-25T16:06:07Z
RSPM,32.91,2025-11-25T19:54:37Z
RSPN,55.58,2025-11-25T20:58:00Z
RSPR,34.14,2025-11-25T20:25:06Z
RSPS,29.235,2025-11-25T20:59:30Z
RSPT,43.905,2025-11-25T20:59:47Z
RSSB,28.73,2025-11-25T20:53:00Z
RSSL,96.22,2025-11-25T20:59:36Z
RSSS,3.15,2025-11-25T20:51:31Z
RSST,27.43,2025-11-25T20:54:52Z
RSSX,24.66,2025-11-25T16:47:44Z
RSSY,19.94,2025-11-25T14:31:25Z
RSVR,7.38,2025-11-25T20:59:44Z
RTAC,10.715,2025-11-25T20:59:30Z
RTACU,11.05,2025-11-25T17:09:32Z
RTACW,0.945,2025-11-25T20:12:40Z
RTO,27.255,2025-11-25T20:59:54Z
RTX,172.13,2025-11-25T20:59:54Z
RUBI,0.2356,2025-11-25T20:59:59Z
RUM,6.76,2025-11-25T20:59:57Z
RUMBW,2.1,2025-11-25T15:47:49Z
RUN,18.635,2025-11-25T20:59:53Z
RUNN,33.33,2025-11-25T20:01:19Z
RUSC,30.8,2025-11-25T20:43:41Z
RUSHA,51.83,2025-11-25T20:59:58Z
RUSHB,52.82,2025-11-25T20:01:16Z
RVLV,24.47,2025-11-25T20:59:49Z
RVMD,76.35,2025-11-25T20:59:55Z
RVNU,24.9,2025-11-25T20:56:37Z
RVP,0.811,2025-11-25T20:38:16Z
RVPH,0.5063,2025-11-25T20:59:01Z
RVSB,5.24,2025-11-25T20:59:48Z
RVSN,0.346,2025-11-25T20:58:21Z
RVT,15.99,2025-11-25T20:00:01Z
RVTY,105.555,2025-11-25T20:59:56Z
RVYL,0.3018,2025-11-25T20:56:03Z
RWAY,9.005,2025-11-25T20:59:59Z
RWJ,48.47,2025-11-25T20:32:55Z
RWL,113.2,2025-11-25T20:59:35Z
RWM,16.62,2025-11-25T20:59:45Z
RWO,46.1,2025-11-25T17:32:18Z
RWR,101.09,2025-11-25T20:59:33Z
RWT,5.39,2025-11-25T20:59:55Z
RWTN,24.81,2025-11-25T16:15:36Z
RWTQ,24.94,2025-11-25T17:48:53Z
RWX,27.87,2025-11-25T20:31:11Z
RXI,202.94,2025-11-25T20:09:34Z
RXO,13.03,2025-11-25T20:59:59Z
RXRX,4.365,2025-11-25T20:59:56Z
RXST,10.66,2025-11-25T20:59:52Z
RXT,1.035,2025-11-25T20:59:49Z
RY,152.245,2025-11-25T20:59:44Z
RYAAY,67.35,2025-11-25T20:59:52Z
RYAM,6.5,2025-11-25T20:59:50Z
RYAN,58.08,2025-11-25T20:59:52Z
RYET,1.02,2025-11-25T17:55:07Z
RYI,22.765,2025-11-25T20:59:35Z
RYLD,15.245,2025-11-25T20:59:54Z
RYN,21.9,2025-11-25T20:59:56Z
RYOJ,4.11,2025-11-25T20:31:05Z
RYTM,108.73,2025-11-25T20:59:50Z
RZC,25.52,2025-11-25T20:07:41Z
RZLT,9.525,2025-11-25T20:59:56Z
RZLV,3.005,2025-11-25T20:59:57Z
RZLVW,1.12,2025-11-25T19:52:48Z
S,16.24,2025-11-25T20:59:57Z
SA,25.19,2025-11-25T20:59:02Z
SAA,25.79,2025-11-25T19:52:16Z
SABA,8.69,2025-11-25T16:58:53Z
SABR,1.64,2025-11-25T20:59:55Z
SABS,3.94,2025-11-25T20:59:49Z
SACH,1.045,2025-11-25T17:59:08Z
SAFE,14.01,2025-11-25T20:59:51Z
SAFT,76.31,2025-11-25T20:49:30Z
SAFX,0.6803,2025-11-25T20:59:49Z
SAGT,2.28,2025-11-25T20:55:56Z
SAH,62.8,2025-11-25T20:59:59Z
SAIA,279.65,2025-11-25T20:58:39Z
SAIC,85.62,2025-11-25T20:59:52Z
SAIL,18.75,2025-11-25T20:59:54Z
SAM,190.395,2025-11-25T20:59:43Z
SAMG,13.46,2025-11-25T20:58:33Z
SAMT,37.21,2025-11-25T20:58:06Z
SAN,10.46,2025-11-25T20:59:53Z
SANA,3.505,2025-11-25T20:59:46Z
SANM,153.99,2025-11-25T20:59:05Z
SAP,237.805,2025-11-25T20:59:54Z
SAR,23.02,2025-11-25T20:58:24Z
SARK,31.18,2025-11-25T20:59:54Z
SARO,25.14,2025-11-25T20:59:50Z
SAT,24.77,2025-11-25T20:06:20Z
SATA,91.51,2025-11-25T16:48:51Z
SATL,1.545,2025-11-25T20:59:56Z
SATS,71.01,2025-11-25T20:59:51Z
SAVA,3.035,2025-11-25T20:59:14Z
SB,4.89,2025-11-25T20:59:59Z
SBAC,193.35,2025-11-25T20:59:54Z
SBAR,25.8,2025-11-25T18:57:21Z
SBB,13.78,2025-11-25T20:32:35Z
SBC,3.47,2025-11-25T20:55:11Z
SBCF,31.58,2025-11-25T20:59:46Z
SBET,9.95,2025-11-25T20:59:59Z
SBEV,1.02,2025-11-25T20:57:24Z
SBFG,21.12,2025-11-25T18:23:25Z
SBFM,1.375,2025-11-25T20:59:40Z
SBGI,15.69,2025-11-25T20:59:55Z
SBH,16,2025-11-25T20:59:55Z
SBIL,100.07,2025-11-25T20:05:21Z
SBIO,48.51,2025-11-25T19:32:54Z
SBIT,45.84,2025-11-25T20:59:54Z
SBLK,19.865,2025-11-25T20:59:56Z
SBLX,3.2,2025-11-25T20:59:48Z
SBR,76.99,2025-11-25T20:59:04Z
SBRA,18.94,2025-11-25T20:59:53Z
SBS,25.92,2025-11-25T20:59:50Z
SBSI,29.69,2025-11-25T20:59:50Z
SBSW,11.905,2025-11-25T20:59:58Z
SBU,15.2,2025-11-25T17:22:43Z
SBUX,85.905,2025-11-25T20:59:54Z
SBXD,10.52,2025-11-25T15:57:51Z
SCAG,1.81,2025-11-25T16:33:53Z
SCCG,23.16,2025-11-25T20:43:36Z
SCCO,129.17,2025-11-25T20:59:42Z
SCCR,26.075,2025-11-25T19:19:19Z
SCD,14.42,2025-11-25T20:00:45Z
SCDV,23.93,2025-11-25T15:28:05Z
SCE-G,17.35,2025-11-25T15:05:17Z
SCE-J,25.4,2025-11-25T19:38:33Z
SCE-L,17.19,2025-11-25T20:53:51Z
SCE-N,23.64,2025-11-25T20:14:17Z
SCEC,25.595,2025-11-25T20:56:53Z
SCHA,28.31,2025-11-25T20:59:52Z
SCHB,25.985,2025-11-25T20:59:41Z
SCHC,44.955,2025-11-25T20:46:58Z
SCHD,27.315,2025-11-25T20:59:41Z
SCHE,33.22,2025-11-25T20:59:54Z
SCHF,23.625,2025-11-25T20:59:50Z
SCHG,32.41,2025-11-25T20:59:55Z
SCHH,21.39,2025-11-25T20:59:52Z
SCHI,23.165,2025-11-25T20:57:40Z
SCHJ,24.98,2025-11-25T20:59:46Z
SCHK,32.51,2025-11-25T20:55:08Z
SCHL,29.8,2025-11-25T20:55:00Z
SCHM,29.765,2025-11-25T20:59:47Z
SCHO,24.435,2025-11-25T20:56:20Z
SCHP,26.92,2025-11-25T20:59:51Z
SCHQ,32.615,2025-11-25T20:55:23Z
SCHR,25.32,2025-11-25T20:59:50Z
SCHV,29.17,2025-11-25T20:59:25Z
SCHW,90.73,2025-11-25T20:59:59Z
SCHW-D,24.92,2025-11-25T15:38:14Z
SCHW-J,18.84,2025-11-25T20:38:33Z
SCHX,26.645,2025-11-25T20:59:46Z
SCHY,29.145,2025-11-25T20:51:33Z
SCHZ,23.595,2025-11-25T20:57:02Z
SCI,78.31,2025-11-25T20:59:56Z
SCIO,20.84,2025-11-25T20:56:32Z
SCJ,91.84,2025-11-25T19:54:01Z
SCKT,1.295,2025-11-25T18:06:21Z
SCL,45.83,2025-11-25T20:42:59Z
SCLX,20.09,2025-11-25T20:59:50Z
SCM,12.05,2025-11-25T20:59:50Z
SCMB,25.815,2025-11-25T20:59:48Z
SCNX,0.6043,2025-11-25T20:16:19Z
SCO,19.36,2025-11-25T20:59:44Z
SCS,16.25,2025-11-25T20:59:58Z
SCSC,41.2,2025-11-25T20:59:54Z
SCVL,16.455,2025-11-25T20:59:52Z
SCWO,0.2695,2025-11-25T20:51:37Z
SCYB,26.555,2025-11-25T20:56:55Z
SCYX,0.672,2025-11-25T20:59:27Z
SCZ,76.075,2025-11-25T20:59:52Z
SD,13.88,2025-11-25T20:59:04Z
SDA,2,2025-11-25T20:59:02Z
SDFI,35.96,2025-11-25T19:42:57Z
SDG,83.91,2025-11-25T19:19:27Z
SDGR,17.45,2025-11-25T20:59:25Z
SDHC,18.86,2025-11-25T17:43:15Z
SDHY,16.31,2025-11-25T20:57:47Z
SDIV,24.025,2025-11-25T20:50:01Z
SDOT,2.61,2025-11-25T16:12:37Z
SDOW,34.26,2025-11-25T20:59:58Z
SDRL,29.8,2025-11-25T20:59:54Z
SDS,70.9,2025-11-25T20:59:59Z
SDST,3.31,2025-11-25T20:11:30Z
SDTY,45,2025-11-25T20:35:01Z
SDVD,21.33,2025-11-25T20:59:51Z
SDVY,38.07,2025-11-25T20:59:45Z
SDY,139.37,2025-11-25T20:59:56Z
SE,136.29,2025-11-25T20:59:59Z
SEAT,7.355,2025-11-25T20:58:36Z
SEB,4550.3,2025-11-25T19:49:30Z
SECT,63,2025-11-25T20:23:06Z
SEDG,35.01,2025-11-25T20:59:54Z
SEE,43.34,2025-11-25T20:59:53Z
SEED,1.32,2025-11-25T20:59:52Z
SEEM,30.26,2025-11-25T20:58:30Z
SEER,1.935,2025-11-25T20:41:49Z
SEG,21,2025-11-25T20:59:55Z
SEGG,1.37,2025-11-25T20:00:14Z
SEI,46.68,2025-11-25T20:59:46Z
SEIC,80.2,2025-11-25T20:59:24Z
SEIE,31.13,2025-11-25T15:34:40Z
SEIM,44.61,2025-11-25T16:29:57Z
SEIQ,38.49,2025-11-25T19:18:55Z
SEIS,27.78,2025-11-25T20:13:54Z
SEIV,40.22,2025-11-25T20:13:54Z
SEIX,23.365,2025-11-25T20:50:01Z
SELF,5.19,2025-11-25T18:04:40Z
SELX,0.5945,2025-11-25T19:41:19Z
SEM,15.56,2025-11-25T20:59:47Z
SEMR,11.82,2025-11-25T20:59:57Z
SEMY,23.52,2025-11-25T20:41:21Z
SENEA,127,2025-11-25T20:34:53Z
SENS,6.035,2025-11-25T20:58:37Z
SEPI,26.37,2025-11-25T20:40:02Z
SEPN,27.965,2025-11-25T20:59:36Z
SEPW,31.59,2025-11-25T20:56:34Z
SERA,3.37,2025-11-25T19:49:18Z
SERV,9.725,2025-11-25T20:59:58Z
SES,1.88,2025-11-25T20:59:56Z
SETH,44.36,2025-11-25T19:42:32Z
SETM,26.415,2025-11-25T20:58:16Z
SEV,5.8,2025-11-25T20:57:56Z
SEVN,8.77,2025-11-25T20:59:55Z
SEVNR,0.0405,2025-11-25T19:43:50Z
SEZL,56.33,2025-11-25T20:59:54Z
SF,120.59,2025-11-25T20:59:02Z
SF-C,23.99,2025-11-25T14:39:25Z
SF-D,17.65,2025-11-25T16:10:09Z
SFBC,44.53,2025-11-25T20:47:32Z
SFBS,72.4,2025-11-25T20:53:05Z
SFD,21.35,2025-11-25T20:59:52Z
SFGV,31.26,2025-11-25T16:33:45Z
SFIX,4.15,2025-11-25T20:59:59Z
SFL,8.22,2025-11-25T20:59:56Z
SFLO,29.06,2025-11-25T20:20:07Z
SFLR,36.47,2025-11-25T20:59:50Z
SFM,80.95,2025-11-25T20:59:52Z
SFNC,18.73,2025-11-25T20:59:59Z
SFY,130.24,2025-11-25T19:19:46Z
SFYX,15.95,2025-11-25T17:48:31Z
SG,6.86,2025-11-25T20:59:53Z
SGA,11.71,2025-11-25T18:30:46Z
SGBX,3.17,2025-11-25T20:59:50Z
SGC,9.5,2025-11-25T20:17:56Z
SGD,1.01,2025-11-25T18:52:31Z
SGDM,63.875,2025-11-25T17:05:26Z
SGHC,11.715,2025-11-25T20:59:49Z
SGHT,8.075,2025-11-25T20:59:29Z
SGI,89.31,2025-11-25T20:59:57Z
SGML,9.825,2025-11-25T20:59:58Z
SGMO,0.4211,2025-11-25T20:59:54Z
SGMT,6.98,2025-11-25T20:59:51Z
SGN,1.19,2025-11-25T16:30:20Z
SGOL,39.385,2025-11-25T20:59:54Z
SGOV,100.62,2025-11-25T20:59:51Z
SGRP,0.8801,2025-11-25T20:43:34Z
SGRT,23.23,2025-11-25T20:59:46Z
SGRY,16.865,2025-11-25T20:59:50Z
SH,36.76,2025-11-25T20:59:50Z
SHAK,86.98,2025-11-25T20:59:56Z
SHBI,17.42,2025-11-25T20:59:21Z
SHC,17.36,2025-11-25T20:59:48Z
SHCO,8.85,2025-11-25T20:59:59Z
SHE,127.59,2025-11-25T17:21:56Z
SHEL,72.8,2025-11-25T20:59:53Z
SHEN,11.02,2025-11-25T20:59:58Z
SHFS,1.36,2025-11-25T20:50:09Z
SHG,53.8,2025-11-25T20:58:11Z
SHIM,2.57,2025-11-25T20:59:09Z
SHIP,10.19,2025-11-25T20:59:50Z
SHLD,61.875,2025-11-25T20:59:31Z
SHLS,8.11,2025-11-25T20:59:59Z
SHM,47.985,2025-11-25T20:59:38Z
SHMD,4.24,2025-11-25T20:59:01Z
SHNY,120.165,2025-11-25T17:05:07Z
SHO,9.35,2025-11-25T20:59:54Z
SHOC,64.77,2025-11-25T17:07:55Z
SHOO,41.48,2025-11-25T20:59:50Z
SHOP,157.395,2025-11-25T20:59:55Z
SHPH,1.34,2025-11-25T19:02:19Z
SHRY,41.09,2025-11-25T15:27:58Z
SHV,110.4,2025-11-25T20:55:53Z
SHW,342.6,2025-11-25T20:59:50Z
SHY,83.09,2025-11-25T20:59:51Z
SHYD,22.9,2025-11-25T20:59:50Z
SHYG,43.03,2025-11-25T20:59:40Z
SHYM,22.34,2025-11-25T20:01:23Z
SI,15.005,2025-11-25T20:57:41Z
SIBN,19.665,2025-11-25T20:59:52Z
SID,1.545,2025-11-25T20:55:48Z
SIDU,0.6969,2025-11-25T20:59:30Z
SIF,6.35,2025-11-25T20:40:37Z
SIFY,11.22,2025-11-25T17:50:09Z
SIG,100.01,2025-11-25T20:59:32Z
SIGA,5.945,2025-11-25T20:59:54Z
SIGI,79.16,2025-11-25T20:59:42Z
SIHY,46.08,2025-11-25T20:18:35Z
SII,88.07,2025-11-25T20:38:42Z
SIL,69.39,2025-11-25T20:59:50Z
SILA,23.665,2025-11-25T20:59:47Z
SILJ,23.19,2025-11-25T20:59:55Z
SILO,0.4317,2025-11-25T20:52:07Z
SIMO,84.74,2025-11-25T20:59:45Z
SION,44.4,2025-11-25T20:59:47Z
SIRI,20.98,2025-11-25T20:59:58Z
SITC,7.39,2025-11-25T20:59:50Z
SITE,135.05,2025-11-25T20:57:26Z
SITM,287.11,2025-11-25T20:58:46Z
SIVR,48.93,2025-11-25T20:53:24Z
SIXG,63.39,2025-11-25T20:59:50Z
SIXP,31.05,2025-11-25T18:37:32Z
SIXZ,29.16,2025-11-25T15:45:47Z
SIZE,160.21,2025-11-25T20:48:43Z
SJB,15.425,2025-11-25T20:59:47Z
SJM,100.445,2025-11-25T20:59:51Z
SJNK,25.425,2025-11-25T20:59:54Z
SJT,5.34,2025-11-25T20:58:59Z
SKBL,2.545,2025-11-25T20:59:12Z
SKE,18.88,2025-11-25T20:59:50Z
SKF,28.11,2025-11-25T17:09:59Z
SKIL,12.945,2025-11-25T20:53:19Z
SKIN,1.37,2025-11-25T20:59:54Z
SKLZ,5.365,2025-11-25T20:52:32Z
SKM,20.12,2025-11-25T20:59:57Z
SKOR,49.315,2025-11-25T15:39:02Z
SKRE,9.69,2025-11-25T18:40:41Z
SKT,33.57,2025-11-25T20:59:52Z
SKWD,49.225,2025-11-25T20:59:43Z
SKY,85.63,2025-11-25T20:59:46Z
SKYE,1.265,2025-11-25T20:58:56Z
SKYH,8.94,2025-11-25T20:58:05Z
SKYQ,0.3733,2025-11-25T20:38:08Z
SKYT,14.8,2025-11-25T20:59:45Z
SKYW,99.335,2025-11-25T20:59:28Z
SKYX,2.035,2025-11-25T20:59:45Z
SKYY,128.74,2025-11-25T20:52:25Z
SLAB,123.51,2025-11-25T20:57:21Z
SLAI,1.46,2025-11-25T20:01:49Z
SLB,35.91,2025-11-25T20:59:58Z
SLDB,5.16,2025-11-25T20:59:58Z
SLDE,16.88,2025-11-25T20:59:43Z
SLDP,5.1,2025-11-25T20:59:56Z
SLE,0.8133,2025-11-25T20:28:17Z
SLF,59.82,2025-11-25T20:59:28Z
SLG,46.785,2025-11-25T20:59:53Z
SLGL,39.395,2025-11-25T20:25:03Z
SLGN,39.475,2025-11-25T20:59:55Z
SLI,3.945,2025-11-25T20:59:25Z
SLJY,29.09,2025-11-25T17:25:41Z
SLM,29.02,2025-11-25T20:59:55Z
SLMT,2.14,2025-11-25T20:59:59Z
SLN,6.34,2025-11-25T20:57:07Z
SLND,3.36,2025-11-25T20:59:52Z
SLNH,1.58,2025-11-25T20:59:58Z
SLNO,49.8,2025-11-25T20:59:54Z
SLON,18.52,2025-11-25T20:52:21Z
SLP,17.18,2025-11-25T20:59:54Z
SLQD,50.875,2025-11-25T20:59:45Z
SLQT,1.44,2025-11-25T20:59:56Z
SLRC,15.81,2025-11-25T20:59:39Z
SLRX,0.885,2025-11-25T20:59:17Z
SLS,1.435,2025-11-25T20:59:50Z
SLSN,2.26,2025-11-25T20:58:24Z
SLSR,7.375,2025-11-25T20:59:46Z
SLTY,38.23,2025-11-25T20:56:15Z
SLV,46.675,2025-11-25T20:59:45Z
SLVM,47.95,2025-11-25T20:59:45Z
SLVP,28.22,2025-11-25T20:50:19Z
SLVR,43.88,2025-11-25T20:57:28Z
SLX,79.21,2025-11-25T15:29:35Z
SLXN,2.4,2025-11-25T20:56:36Z
SLYG,95.1,2025-11-25T20:40:01Z
SLYV,90.205,2025-11-25T20:58:23Z
SM,18.505,2025-11-25T20:59:47Z
SMA,31.935,2025-11-25T20:59:53Z
SMAX,26.95,2025-11-25T15:56:51Z
SMB,17.365,2025-11-25T20:56:18Z
SMBC,56.76,2025-11-25T20:26:33Z
SMBK,36.44,2025-11-25T20:59:58Z
SMBS,25.875,2025-11-25T20:54:17Z
SMC,25.09,2025-11-25T19:56:49Z
SMCC,8.1,2025-11-25T16:04:02Z
SMCI,32.49,2025-11-25T20:59:59Z
SMCL,5.84,2025-11-25T20:43:51Z
SMCO,26.31,2025-11-25T14:51:05Z
SMCX,15.34,2025-11-25T20:59:09Z
SMCY,9.33,2025-11-25T20:59:43Z
SMCZ,6.5,2025-11-25T20:59:23Z
SMDV,66.56,2025-11-25T15:00:09Z
SMDX,22.77,2025-11-25T19:09:35Z
SMFG,17.395,2025-11-25T20:59:46Z
SMG,55.415,2025-11-25T20:59:35Z
SMH,339.82,2025-11-25T20:59:56Z
SMHB,3.84,2025-11-25T20:07:39Z
SMHI,6.98,2025-11-25T20:59:49Z
SMHX,37.42,2025-11-25T20:52:10Z
SMIG,28.51,2025-11-25T20:59:02Z
SMIN,72.18,2025-11-25T20:50:49Z
SMLF,74.45,2025-11-25T20:45:58Z
SMLR,20.265,2025-11-25T20:56:51Z
SMMD,74.27,2025-11-25T20:59:44Z
SMMT,17.66,2025-11-25T20:59:50Z
SMMU,50.5,2025-11-25T19:30:21Z
SMN,14.27,2025-11-25T19:04:20Z
SMP,38.23,2025-11-25T20:56:32Z
SMPL,19.93,2025-11-25T20:59:59Z
SMR,18.72,2025-11-25T20:59:59Z
SMRT,1.735,2025-11-25T20:59:52Z
SMSI,0.62,2025-11-25T18:53:12Z
SMST,79.45,2025-11-25T20:56:35Z
SMTC,71.72,2025-11-25T20:59:56Z
SMTH,26.245,2025-11-25T20:59:45Z
SMTI,20.63,2025-11-25T20:27:12Z
SMTK,1.34,2025-11-25T20:52:58Z
SMU,3.995,2025-11-25T20:59:30Z
SMUP,2.11,2025-11-25T20:51:57Z
SMWB,7.69,2025-11-25T20:59:59Z
SMX,5.9,2025-11-25T20:59:10Z
SMXT,0.9334,2025-11-25T19:16:22Z
SN,93.3,2025-11-25T20:59:41Z
SNA,340.57,2025-11-25T20:59:08Z
SNAL,0.8926,2025-11-25T19:54:05Z
SNAP,7.64,2025-11-25T20:59:57Z
SNBR,4.665,2025-11-25T20:59:55Z
SNCR,4.83,2025-11-25T20:59:24Z
SNCY,13.215,2025-11-25T20:59:55Z
SND,2.885,2025-11-25T20:59:50Z
SNDA,32.91,2025-11-25T18:04:51Z
SNDK,220.41,2025-11-25T20:59:45Z
SNDL,1.74,2025-11-25T20:57:35Z
SNDR,22.435,2025-11-25T20:59:38Z
SNDX,19.46,2025-11-25T20:59:55Z
SNES,2.86,2025-11-25T18:41:00Z
SNEX,88.81,2025-11-25T20:59:01Z
SNFCA,8.58,2025-11-25T20:57:45Z
SNGX,1.42,2025-11-25T20:55:10Z
SNN,33.43,2025-11-25T20:59:52Z
SNOA,3.28,2025-11-25T19:53:27Z
SNOV,24.4,2025-11-25T19:26:14Z
SNOW,250.28,2025-11-25T20:59:50Z
SNOY,14.23,2025-11-25T20:59:50Z
SNPE,61.595,2025-11-25T20:59:09Z
SNPS,401.72,2025-11-25T20:59:54Z
SNPX,25.3,2025-11-25T14:35:10Z
SNSR,35.88,2025-11-25T20:45:24Z
SNT,4.4,2025-11-25T19:44:22Z
SNTH,30.85,2025-11-25T20:32:52Z
SNTI,2.02,2025-11-25T18:21:33Z
SNV,48.775,2025-11-25T20:59:50Z
SNV-E,26.33,2025-11-25T18:38:23Z
SNWV,34.34,2025-11-25T15:10:33Z
SNX,152.115,2025-11-25T20:57:50Z
SNY,50.3,2025-11-25T20:59:59Z
SNYR,2.08,2025-11-25T18:41:53Z
SO,89.315,2025-11-25T20:59:56Z
SOAR,1.26,2025-11-25T18:48:32Z
SOBO,27.25,2025-11-25T20:59:59Z
SOBR,1.46,2025-11-25T15:32:23Z
SOC,4.45,2025-11-25T20:59:58Z
SOFI,28.34,2025-11-25T20:59:58Z
SOFX,38.805,2025-11-25T20:59:16Z
SOHU,14.86,2025-11-25T14:48:05Z
SOJC,22.08,2025-11-25T17:01:53Z
SOJD,20.14,2025-11-25T20:56:05Z
SOJE,17.875,2025-11-25T17:47:07Z
SOJF,25.97,2025-11-25T20:58:20Z
SOL,1.775,2025-11-25T20:58:14Z
SOLS,46.89,2025-11-25T20:59:58Z
SOLT,8.37,2025-11-25T20:59:46Z
SOLV,85.76,2025-11-25T20:59:53Z
SOLZ,14.21,2025-11-25T20:59:50Z
SON,41.55,2025-11-25T20:59:49Z
SONM,5.83,2025-11-25T20:27:02Z
SONN,4.2,2025-11-25T20:59:30Z
SONO,18.48,2025-11-25T20:59:55Z
SONY,28.59,2025-11-25T20:59:50Z
SOPA,1.18,2025-11-25T15:47:47Z
SOPH,4.82,2025-11-25T20:55:38Z
SOS,1.17,2025-11-25T15:06:11Z
SOTK,3.92,2025-11-25T20:13:27Z
SOUL,10.12,2025-11-25T18:19:37Z
SOUL^,0.195,2025-11-25T20:24:57Z
SOUN,11.955,2025-11-25T20:59:57Z
SOUNW,4.85,2025-11-25T15:26:15Z
SOUX,20.53,2025-11-25T20:40:50Z
SOXL,36.17,2025-11-25T20:59:58Z
SOXQ,52.88,2025-11-25T20:59:46Z
SOXS,3.955,2025-11-25T20:59:54Z
SOXX,283.6,2025-11-25T20:59:57Z
SOXY,57.43,2025-11-25T20:14:37Z
SOYB,23.36,2025-11-25T20:40:04Z
SPAB,26.015,2025-11-25T20:57:31Z
SPAI,4.55,2025-11-25T20:08:53Z
SPB,58.855,2025-11-25T20:58:41Z
SPBC,43.72,2025-11-25T14:52:37Z
SPBO,29.655,2025-11-25T20:59:46Z
SPBU,27.92,2025-11-25T19:33:27Z
SPBW,27.07,2025-11-25T16:19:16Z
SPCB,8.55,2025-11-25T20:59:57Z
SPCE,3.51,2025-11-25T20:59:43Z
SPCY,17.98,2025-11-25T15:42:08Z
SPDN,9.57,2025-11-25T20:59:30Z
SPDW,43.19,2025-11-25T20:58:58Z
SPE,14.93,2025-11-25T15:10:35Z
SPEM,46.61,2025-11-25T20:59:57Z
SPEU,50.015,2025-11-25T20:59:59Z
SPFF,9.18,2025-11-25T17:35:59Z
SPG,185.13,2025-11-25T20:59:54Z
SPGI,494.16,2025-11-25T20:59:53Z
SPGM,75.13,2025-11-25T20:54:30Z
SPGP,111.465,2025-11-25T20:55:38Z
SPH,19.22,2025-11-25T20:59:55Z
SPHB,110.36,2025-11-25T20:55:00Z
SPHD,48.18,2025-11-25T20:59:52Z
SPHQ,74.02,2025-11-25T20:59:50Z
SPHR,81.79,2025-11-25T20:59:48Z
SPHY,23.78,2025-11-25T20:59:47Z
SPIB,34,2025-11-25T20:59:42Z
SPIP,26.3,2025-11-25T19:14:36Z
SPIR,8.06,2025-11-25T20:59:54Z
SPLB,23.075,2025-11-25T20:59:47Z
SPLV,72.635,2025-11-25T20:59:55Z
SPMB,22.645,2025-11-25T20:59:59Z
SPMD,57.47,2025-11-25T20:59:50Z
SPMO,117.93,2025-11-25T20:59:53Z
SPMV,49.86,2025-11-25T18:02:07Z
SPNS,43.145,2025-11-25T20:57:39Z
SPNT,20.91,2025-11-25T20:59:49Z
SPOK,13.1,2025-11-25T20:54:22Z
SPOT,585.2,2025-11-25T20:59:48Z
SPPP,13.62,2025-11-25T20:58:59Z
SPR,35.42,2025-11-25T20:59:54Z
SPRB,109.97,2025-11-25T17:03:47Z
SPRC,2.47,2025-11-25T18:35:38Z
SPRE,19.62,2025-11-25T17:47:06Z
SPRO,2.34,2025-11-25T20:59:31Z
SPRU,5,2025-11-25T20:58:43Z
SPRX,36.57,2025-11-25T17:00:16Z
SPRY,9.3,2025-11-25T20:59:50Z
SPSB,30.285,2025-11-25T20:58:50Z
SPSC,83.03,2025-11-25T20:59:55Z
SPSK,18.6,2025-11-25T20:52:50Z
SPSM,46.845,2025-11-25T20:59:54Z
SPT,9.915,2025-11-25T20:59:57Z
SPTB,30.8,2025-11-25T20:37:39Z
SPTE,34.07,2025-11-25T19:23:31Z
SPTI,29.125,2025-11-25T20:59:48Z
SPTL,27.235,2025-11-25T20:59:48Z
SPTM,81.7,2025-11-25T20:59:52Z
SPTS,29.37,2025-11-25T20:41:42Z
SPUS,50.76,2025-11-25T20:57:22Z
SPUU,181.62,2025-11-25T19:22:19Z
SPWH,2.07,2025-11-25T20:59:55Z
SPWO,26.15,2025-11-25T15:35:33Z
SPWR,1.65,2025-11-25T20:59:50Z
SPXC,215.85,2025-11-25T20:58:58Z
SPXL,215.1,2025-11-25T20:58:45Z
SPXM,21.5,2025-11-25T19:51:07Z
SPXS,36.675,2025-11-25T20:59:59Z
SPXT,103.03,2025-11-25T20:51:48Z
SPXU,52.145,2025-11-25T20:59:59Z
SPXX,17.535,2025-11-25T20:30:43Z
SPY,675,2025-11-25T20:59:59Z
SPYD,43.365,2025-11-25T20:59:49Z
SPYG,105.9,2025-11-25T20:59:59Z
SPYI,52.59,2025-11-25T20:59:49Z
SPYM,79.42,2025-11-25T20:59:57Z
SPYT,17.96,2025-11-25T20:59:46Z
SPYU,53.83,2025-11-25T20:58:16Z
SPYV,56.09,2025-11-25T20:59:55Z
SPYX,55.68,2025-11-25T20:49:47Z
SQM,61.745,2025-11-25T20:59:34Z
SQNS,5.515,2025-11-25T20:53:29Z
SQQQ,71.75,2025-11-25T20:59:53Z
SR,87.025,2025-11-25T20:59:49Z
SRAD,21.7,2025-11-25T20:59:55Z
SRBK,15.24,2025-11-25T20:38:08Z
SRCE,63.57,2025-11-25T20:23:21Z
SRE,92.485,2025-11-25T20:59:58Z
SREA,21.91,2025-11-25T15:18:40Z
SRET,21.89,2025-11-25T20:55:01Z
SRFM,2.03,2025-11-25T20:59:58Z
SRG,3.545,2025-11-25T20:59:50Z
SRI,5.665,2025-11-25T20:56:45Z
SRLN,41.37,2025-11-25T20:59:59Z
SRPT,19.365,2025-11-25T20:59:47Z
SRPU,12.72,2025-11-25T16:58:43Z
SRRK,41.455,2025-11-25T20:59:48Z
SRS,47.93,2025-11-25T16:03:37Z
SRTA,4.235,2025-11-25T20:59:52Z
SRTS,4.03,2025-11-25T16:35:43Z
SRTY,43.99,2025-11-25T20:52:10Z
SRV,40.43,2025-11-25T18:51:55Z
SRVR,28.95,2025-11-25T20:59:32Z
SRV^,0.1112,2025-11-25T20:52:50Z
SRXH,0.3173,2025-11-25T20:50:01Z
SRZN,16.06,2025-11-25T20:59:50Z
SSB,89.93,2025-11-25T20:59:57Z
SSD,166.18,2025-11-25T20:59:52Z
SSII,6.02,2025-11-25T20:59:50Z
SSK,21.08,2025-11-25T20:27:07Z
SSKN,1.31,2025-11-25T15:29:50Z
SSL,6.35,2025-11-25T20:59:57Z
SSNC,85.855,2025-11-25T20:59:58Z
SSO,56.92,2025-11-25T20:58:43Z
SSP,4.38,2025-11-25T20:59:58Z
SSRM,21.6,2025-11-25T20:59:52Z
SSSS,8.9,2025-11-25T20:58:49Z
SSTI,6.295,2025-11-25T20:59:56Z
SSTK,21.23,2025-11-25T20:56:06Z
SSYS,8.54,2025-11-25T20:59:50Z
ST,31.625,2025-11-25T20:59:31Z
STAA,26.22,2025-11-25T20:59:50Z
STAG,39.255,2025-11-25T20:59:53Z
STAI,0.3908,2025-11-25T20:59:25Z
STBA,40.71,2025-11-25T20:57:23Z
STC,77.2,2025-11-25T20:59:53Z
STCE,68.52,2025-11-25T20:55:02Z
STE,267.73,2025-11-25T20:57:43Z
STEC,1.32,2025-11-25T16:13:20Z
STEL,31.83,2025-11-25T20:52:55Z
STEM,16.25,2025-11-25T20:55:13Z
STEN,25.07,2025-11-25T15:26:55Z
STEP,62.49,2025-11-25T20:59:49Z
STEW,18.005,2025-11-25T20:53:01Z
STEX,4.165,2025-11-25T20:59:53Z
STFS,0.159,2025-11-25T20:45:30Z
STG,5.49,2025-11-25T14:32:34Z
STGW,5.415,2025-11-25T20:59:54Z
STHO,7.73,2025-11-25T20:57:48Z
STIM,1.38,2025-11-25T20:59:50Z
STIP,103.06,2025-11-25T20:59:58Z
STK,34.74,2025-11-25T19:04:49Z
STKE,2.37,2025-11-25T20:08:58Z
STKL,3.36,2025-11-25T20:59:57Z
STKS,1.99,2025-11-25T20:59:51Z
STLA,10.54,2025-11-25T20:59:56Z
STLD,164.28,2025-11-25T20:59:53Z
STM,22.47,2025-11-25T20:59:59Z
STN,95.92,2025-11-25T20:59:36Z
STNE,15.51,2025-11-25T20:59:58Z
STNG,58.99,2025-11-25T20:59:49Z
STOK,29.8,2025-11-25T20:59:54Z
STOT,47.5,2025-11-25T20:59:45Z
STPZ,54,2025-11-25T20:59:46Z
STRA,77.43,2025-11-25T20:51:46Z
STRC,96.2,2025-11-25T20:47:54Z
STRD,71.95,2025-11-25T20:55:16Z
STRF,102.175,2025-11-25T20:48:50Z
STRL,332.81,2025-11-25T20:59:57Z
STRO,0.8545,2025-11-25T20:58:54Z
STRV,43.445,2025-11-25T17:00:16Z
STRW,12.1,2025-11-25T19:28:16Z
STRZ,11.15,2025-11-25T20:59:44Z
STSS,3.13,2025-11-25T20:11:13Z
STT,116.08,2025-11-25T20:59:49Z
STT-G,22.35,2025-11-25T19:59:27Z
STTK,2.04,2025-11-25T20:46:35Z
STUB,12.85,2025-11-25T20:59:54Z
STVN,23.63,2025-11-25T20:59:37Z
STWD,18.27,2025-11-25T20:59:57Z
STX,261.96,2025-11-25T20:59:58Z
STXS,2.46,2025-11-25T20:59:55Z
STXT,20.32,2025-11-25T15:21:11Z
STZ,132.16,2025-11-25T20:59:59Z
SU,44.32,2025-11-25T20:59:52Z
SUB,106.68,2025-11-25T20:58:56Z
SUI,128.56,2025-11-25T20:59:49Z
SUIG,1.95,2025-11-25T20:59:36Z
SUN,55.44,2025-11-25T20:59:53Z
SUNC,52.19,2025-11-25T20:59:52Z
SUNS,10.28,2025-11-25T20:59:16Z
SUPN,46.06,2025-11-25T20:59:50Z
SUPV,10.25,2025-11-25T20:59:52Z
SUPX,21.96,2025-11-25T20:59:54Z
SURG,1.98,2025-11-25T19:55:15Z
SURI,17.09,2025-11-25T18:44:48Z
SUSA,137.97,2025-11-25T19:22:19Z
SUSB,25.335,2025-11-25T20:59:58Z
SUSC,23.645,2025-11-25T18:03:36Z
SUSL,118.2,2025-11-25T15:55:00Z
SUUN,1.55,2025-11-25T20:45:36Z
SUZ,8.86,2025-11-25T20:59:55Z
SVAL,34.18,2025-11-25T19:56:35Z
SVC,1.725,2025-11-25T20:59:43Z
SVCO,4.26,2025-11-25T20:57:41Z
SVIX,19.355,2025-11-25T20:59:55Z
SVM,6.805,2025-11-25T20:59:59Z
SVOL,17.395,2025-11-25T20:59:45Z
SVRA,5.14,2025-11-25T20:59:56Z
SVRE,0.945,2025-11-25T20:36:02Z
SVRN,1.39,2025-11-25T20:59:10Z
SVV,8.765,2025-11-25T20:59:58Z
SVXY,49.295,2025-11-25T20:59:55Z
SW,34.955,2025-11-25T20:59:54Z
SWAG,2.025,2025-11-25T20:55:55Z
SWAN,32.53,2025-11-25T16:34:24Z
SWBI,8.63,2025-11-25T20:59:54Z
SWIM,7.095,2025-11-25T20:59:54Z
SWK,70.73,2025-11-25T20:59:58Z
SWKS,63.5,2025-11-25T20:59:55Z
SWP,27.99,2025-11-25T14:50:56Z
SWX,81.995,2025-11-25T20:59:48Z
SXC,6.49,2025-11-25T20:59:48Z
SXI,243.025,2025-11-25T20:20:54Z
SXT,97.175,2025-11-25T20:59:33Z
SXTC,1.35,2025-11-25T15:38:23Z
SY,2.86,2025-11-25T20:59:55Z
SYBT,67,2025-11-25T20:59:25Z
SYBX,1.67,2025-11-25T20:24:54Z
SYF,76.575,2025-11-25T20:59:39Z
SYF-A,19.73,2025-11-25T15:46:31Z
SYF-B,25.89,2025-11-25T20:33:02Z
SYFI,35.99,2025-11-25T20:34:00Z
SYK,374.98,2025-11-25T20:59:51Z
SYLD,69.08,2025-11-25T20:45:00Z
SYM,77.22,2025-11-25T20:59:56Z
SYNA,66.475,2025-11-25T20:59:19Z
SYNX,1.06,2025-11-25T18:59:28Z
SYPR,2.11,2025-11-25T16:46:29Z
SYRE,29.2,2025-11-25T20:59:52Z
SYSB,90.39,2025-11-25T20:59:46Z
SYY,75.91,2025-11-25T20:59:49Z
SZNE,33.77,2025-11-25T15:10:56Z
T,25.84,2025-11-25T20:59:59Z
T-A,20.02,2025-11-25T20:16:50Z
T-C,18.97,2025-11-25T20:30:52Z
TAC,14,2025-11-25T20:59:59Z
TACHW,0.36,2025-11-25T18:36:42Z
TACT,4.42,2025-11-25T20:18:30Z
TAFI,25.27,2025-11-25T20:59:46Z
TAFM,25.56,2025-11-25T20:42:34Z
TAGG,43.33,2025-11-25T19:17:02Z
TAIL,11.925,2025-11-25T20:59:43Z
TAIT,1.18,2025-11-25T20:44:31Z
TAK,14.51,2025-11-25T20:59:58Z
TAL,11.06,2025-11-25T20:59:57Z
TALK,3.35,2025-11-25T20:59:57Z
TALO,11.42,2025-11-25T20:59:54Z
TAN,47.145,2025-11-25T20:59:26Z
TAOP,2.29,2025-11-25T20:49:25Z
TAOX,7.075,2025-11-25T20:11:28Z
TAP,46.41,2025-11-25T20:59:49Z
TARA,7.55,2025-11-25T20:59:56Z
TARK,62.9,2025-11-25T20:53:36Z
TARS,78.82,2025-11-25T20:59:38Z
TASK,11.3,2025-11-25T20:59:42Z
TATT,36.2,2025-11-25T20:59:25Z
TAXE,51.14,2025-11-25T15:05:40Z
TAXF,50.56,2025-11-25T20:39:39Z
TAYD,49.77,2025-11-25T20:59:50Z
TBB,22.45,2025-11-25T20:58:35Z
TBBB,32.17,2025-11-25T20:59:57Z
TBBK,64.29,2025-11-25T20:59:44Z
TBCH,13.68,2025-11-25T20:59:16Z
TBF,23.55,2025-11-25T20:59:34Z
TBG,33.5,2025-11-25T20:59:00Z
TBH,0.9557,2025-11-25T20:59:44Z
TBHC,1.175,2025-11-25T20:58:34Z
TBI,5.025,2025-11-25T20:59:47Z
TBIL,49.98,2025-11-25T20:59:46Z
TBLA,4.05,2025-11-25T20:59:58Z
TBLD,19.745,2025-11-25T20:59:51Z
TBLL,105.57,2025-11-25T20:59:50Z
TBN,22.78,2025-11-25T20:03:48Z
TBPH,18.915,2025-11-25T20:59:43Z
TBRG,22.51,2025-11-25T20:59:51Z
TBT,33.04,2025-11-25T20:59:54Z
TBUX,49.805,2025-11-25T17:16:32Z
TCAF,38.52,2025-11-25T20:59:52Z
TCAI,29.76,2025-11-25T17:16:33Z
TCAL,24.03,2025-11-25T19:48:50Z
TCBI,90.62,2025-11-25T20:59:55Z
TCBIO,21.17,2025-11-25T17:32:16Z
TCBK,48.91,2025-11-25T20:55:55Z
TCBX,38.555,2025-11-25T20:59:37Z
TCGL,5.74,2025-11-25T20:56:21Z
TCHI,23.535,2025-11-25T20:59:46Z
TCHP,48.79,2025-11-25T17:06:35Z
TCMD,26,2025-11-25T20:59:54Z
TCOM,70.28,2025-11-25T20:59:55Z
TCPB,51.98,2025-11-25T20:43:35Z
TCPC,5.855,2025-11-25T20:59:05Z
TCRT,3.44,2025-11-25T20:58:09Z
TCRX,0.9797,2025-11-25T20:59:49Z
TCX,21.84,2025-11-25T20:55:05Z
TD,82.295,2025-11-25T20:59:53Z
TDAQ,25.81,2025-11-25T19:45:46Z
TDAY,4.955,2025-11-25T20:59:52Z
TDC,28.485,2025-11-25T20:59:53Z
TDF,11.05,2025-11-25T20:59:51Z
TDG,1352.42,2025-11-25T20:59:46Z
TDIC,0.2882,2025-11-25T20:58:55Z
TDIV,95.08,2025-11-25T18:15:34Z
TDOC,7.465,2025-11-25T20:59:56Z
TDS,39.21,2025-11-25T20:59:57Z
TDS-U,20.92,2025-11-25T17:59:56Z
TDSB,24.07,2025-11-25T19:23:34Z
TDSC,25.11,2025-11-25T15:15:00Z
TDTF,24.24,2025-11-25T20:30:29Z
TDTH,0.46,2025-11-25T15:27:31Z
TDTT,24.24,2025-11-25T20:59:49Z
TDUP,7.565,2025-11-25T20:59:59Z
TDVG,44.69,2025-11-25T20:12:41Z
TDVI,27.34,2025-11-25T20:26:28Z
TDW,52.09,2025-11-25T20:59:45Z
TDY,498.33,2025-11-25T20:59:23Z
TE,3.29,2025-11-25T20:59:56Z
TEAD,0.6428,2025-11-25T20:59:55Z
TEAM,149.11,2025-11-25T20:59:58Z
TECB,60.515,2025-11-25T20:35:35Z
TECH,65.855,2025-11-25T20:59:40Z
TECK,42.245,2025-11-25T20:59:57Z
TECL,117.175,2025-11-25T20:58:13Z
TECS,19.04,2025-11-25T20:59:32Z
TECX,21.19,2025-11-25T20:59:30Z
TEF,4.27,2025-11-25T20:59:46Z
TEI,6.325,2025-11-25T20:56:35Z
TEKY,37.12,2025-11-25T18:31:06Z
TEL,222.1,2025-11-25T20:59:50Z
TELA,1.15,2025-11-25T20:59:50Z
TELO,1.3,2025-11-25T20:59:49Z
TEM,76.86,2025-11-25T20:59:53Z
TEMT,25.33,2025-11-25T20:59:19Z
TEN,24.35,2025-11-25T20:59:38Z
TEN-F,26.57,2025-11-25T14:37:31Z
TENB,26.52,2025-11-25T20:59:45Z
TENX,9.39,2025-11-25T20:45:58Z
TEO,11.7,2025-11-25T20:54:58Z
TER,167.575,2025-11-25T20:59:56Z
TERN,29.36,2025-11-25T20:59:57Z
TESL,22.34,2025-11-25T16:31:16Z
TETH,14.625,2025-11-25T20:59:34Z
TEVA,24.99,2025-11-25T20:59:59Z
TEX,45.82,2025-11-25T20:59:50Z
TFC,46.325,2025-11-25T20:59:58Z
TFC-I,20.165,2025-11-25T19:21:27Z
TFC-O,21.6,2025-11-25T16:24:55Z
TFI,45.805,2025-11-25T20:58:55Z
TFII,85.96,2025-11-25T20:55:48Z
TFIN,56.42,2025-11-25T20:55:10Z
TFLO,50.57,2025-11-25T20:52:07Z
TFLR,51.27,2025-11-25T18:37:28Z
TFPM,31.55,2025-11-25T20:59:02Z
TFSL,14.46,2025-11-25T20:59:41Z
TFX,114.8,2025-11-25T20:59:50Z
TG,7.89,2025-11-25T20:57:19Z
TGB,4.55,2025-11-25T20:59:50Z
TGE,1.15,2025-11-25T17:01:38Z
TGEN,6.93,2025-11-25T20:59:31Z
TGHL,0.55,2025-11-25T16:26:06Z
TGL,0.5856,2025-11-25T20:59:04Z
TGLR,35.6,2025-11-25T15:07:26Z
TGLS,48.34,2025-11-25T20:59:52Z
TGNA,19.605,2025-11-25T20:59:54Z
TGRT,44.06,2025-11-25T20:50:14Z
TGS,29.22,2025-11-25T20:59:15Z
TGT,86.58,2025-11-25T20:59:58Z
TGTX,32.975,2025-11-25T20:59:47Z
TH,7.53,2025-11-25T20:59:42Z
THAR,2.51,2025-11-25T20:55:02Z
THC,218.285,2025-11-25T20:59:50Z
THCH,2.59,2025-11-25T16:52:30Z
THD,59.05,2025-11-25T18:50:55Z
THFF,59.4,2025-11-25T20:55:47Z
THG,185.345,2025-11-25T20:58:16Z
THH,9.91,2025-11-25T14:59:35Z
THM,1.68,2025-11-25T20:59:40Z
THO,107.25,2025-11-25T20:59:34Z
THQ,18.98,2025-11-25T20:50:28Z
THR,35.19,2025-11-25T20:59:52Z
THRM,35.97,2025-11-25T20:58:29Z
THRO,38.235,2025-11-25T20:59:54Z
THRY,5.715,2025-11-25T20:59:55Z
THS,23.77,2025-11-25T20:59:54Z
THTA,15.1,2025-11-25T14:42:00Z
THW,12.735,2025-11-25T20:51:18Z
THYF,52.03,2025-11-25T20:25:14Z
TIC,9.62,2025-11-25T20:59:56Z
TIGO,53.735,2025-11-25T20:59:40Z
TIGR,8.49,2025-11-25T20:59:59Z
TII,2.37,2025-11-25T19:50:40Z
TIL,11.44,2025-11-25T20:56:34Z
TILE,27.84,2025-11-25T20:59:48Z
TILT,242.955,2025-11-25T14:45:03Z
TIMB,23.04,2025-11-25T20:59:47Z
TIME,24.5,2025-11-25T19:54:11Z
TIP,111.26,2025-11-25T20:59:30Z
TIPT,18.73,2025-11-25T20:59:51Z
TIPX,19.25,2025-11-25T17:20:11Z
TIRX,0.868,2025-11-25T20:57:48Z
TITN,19.5,2025-11-25T20:59:22Z
TIVC,1.75,2025-11-25T20:58:06Z
TJX,152.41,2025-11-25T20:59:54Z
TK,9.965,2025-11-25T20:59:56Z
TKC,5.63,2025-11-25T20:59:53Z
TKNO,4.63,2025-11-25T20:59:50Z
TKO,187.42,2025-11-25T20:59:47Z
TKR,81.21,2025-11-25T20:59:58Z
TLH,104.135,2025-11-25T20:53:29Z
TLIH,0.3507,2025-11-25T20:07:00Z
TLK,22.14,2025-11-25T20:59:45Z
TLN,379.11,2025-11-25T20:59:51Z
TLNCW,0.74,2025-11-25T16:56:45Z
TLPH,1.34,2025-11-25T20:55:22Z
TLRY,0.9867,2025-11-25T20:59:44Z
TLS,5.81,2025-11-25T20:59:58Z
TLSA,1.79,2025-11-25T20:55:45Z
TLSI,6.29,2025-11-25T20:59:42Z
TLT,90.24,2025-11-25T20:59:57Z
TLTW,23.495,2025-11-25T20:58:47Z
TLTX,25.27,2025-11-25T14:58:55Z
TLX,9.53,2025-11-25T14:44:16Z
TLYS,1.16,2025-11-25T20:59:36Z
TM,200.355,2025-11-25T20:59:42Z
TMAT,25.38,2025-11-25T20:59:46Z
TMC,5.43,2025-11-25T20:59:58Z
TMCI,3.105,2025-11-25T20:59:47Z
TMDX,146.025,2025-11-25T20:59:48Z
TME,18.42,2025-11-25T20:59:55Z
TMF,41.44,2025-11-25T20:59:57Z
TMFC,71.1,2025-11-25T20:57:32Z
TMFE,29.12,2025-11-25T20:48:50Z
TMFG,29.825,2025-11-25T20:58:31Z
TMFM,23.5,2025-11-25T17:45:13Z
TMHC,62.235,2025-11-25T20:59:51Z
TMO,597.72,2025-11-25T20:59:57Z
TMP,71.17,2025-11-25T20:10:51Z
TMQ,3.995,2025-11-25T20:59:31Z
TMSL,35.47,2025-11-25T20:50:35Z
TMUS,206.86,2025-11-25T20:59:24Z
TMUSI,23.475,2025-11-25T19:04:55Z
TMUSL,25.25,2025-11-25T20:30:56Z
TMUSZ,23.7,2025-11-25T20:28:22Z
TMV,33.955,2025-11-25T20:59:50Z
TNA,45.16,2025-11-25T20:59:48Z
TNC,73.705,2025-11-25T20:59:31Z
TNDM,21.84,2025-11-25T20:59:55Z
TNET,58.81,2025-11-25T20:59:41Z
TNGX,10.57,2025-11-25T20:59:57Z
TNGY,9.12,2025-11-25T20:58:30Z
TNK,59.22,2025-11-25T20:59:48Z
TNL,68.29,2025-11-25T20:59:47Z
TNMG,0.3285,2025-11-25T20:47:47Z
TNON,1.13,2025-11-25T20:10:56Z
TNXP,14.1,2025-11-25T20:59:05Z
TNYA,1.23,2025-11-25T20:59:58Z
TOI,3.16,2025-11-25T20:59:59Z
TOL,138.51,2025-11-25T20:59:49Z
TOMZ,0.81,2025-11-25T20:45:17Z
TONX,2.86,2025-11-25T20:59:52Z
TOON,0.7223,2025-11-25T20:47:18Z
TOPP,1.34,2025-11-25T20:34:38Z
TOPT,31.13,2025-11-25T20:55:19Z
TORO,3.78,2025-11-25T20:43:56Z
TOST,33.25,2025-11-25T20:59:58Z
TOTL,40.715,2025-11-25T20:59:45Z
TOUR,0.7076,2025-11-25T18:35:42Z
TOUS,33.68,2025-11-25T20:56:13Z
TOVX,0.2411,2025-11-25T20:59:53Z
TOWN,33.765,2025-11-25T20:59:30Z
TPB,98.35,2025-11-25T20:27:46Z
TPC,65.17,2025-11-25T20:59:02Z
TPCS,4.585,2025-11-25T15:46:34Z
TPG,57.45,2025-11-25T20:59:56Z
TPGXL,25.85,2025-11-25T20:59:49Z
TPH,33.845,2025-11-25T20:59:53Z
TPL,863.71,2025-11-25T20:59:36Z
TPLC,45.56,2025-11-25T20:59:55Z
TPOR,26.47,2025-11-25T18:15:34Z
TPR,107.65,2025-11-25T20:59:50Z
TPST,3.19,2025-11-25T20:59:50Z
TPTA,23.65,2025-11-25T19:16:57Z
TPVG,6.39,2025-11-25T20:59:56Z
TPYP,35.38,2025-11-25T20:14:25Z
TPZ,20.88,2025-11-25T15:37:17Z
TQQQ,52.035,2025-11-25T20:59:59Z
TQQY,16.39,2025-11-25T15:23:35Z
TR,39.23,2025-11-25T20:51:32Z
TRAK,13.22,2025-11-25T20:56:48Z
TRAW,2.61,2025-11-25T20:59:54Z
TRC,16.19,2025-11-25T20:58:54Z
TRDA,10.125,2025-11-25T20:58:28Z
TREE,55.38,2025-11-25T20:57:01Z
TREX,33.975,2025-11-25T20:59:55Z
TRFK,63.94,2025-11-25T15:49:10Z
TRFM,46.69,2025-11-25T20:46:08Z
TRGP,170.96,2025-11-25T20:59:48Z
TRI,133.71,2025-11-25T20:59:50Z
TRIB,0.9001,2025-11-25T16:29:58Z
TRIN,14.65,2025-11-25T20:59:55Z
TRIP,15.195,2025-11-25T20:59:56Z
TRMB,80.85,2025-11-25T20:59:45Z
TRMD,21.25,2025-11-25T20:59:59Z
TRMK,39.2,2025-11-25T20:59:51Z
TRN,26.37,2025-11-25T20:59:38Z
TRNO,62.57,2025-11-25T20:59:49Z
TRNR,2.24,2025-11-25T17:11:49Z
TRNS,54.635,2025-11-25T20:54:38Z
TRON,1.835,2025-11-25T20:59:43Z
TROO,1.35,2025-11-25T18:45:48Z
TROW,101.11,2025-11-25T20:59:59Z
TROX,3.925,2025-11-25T20:59:59Z
TRP,53.66,2025-11-25T20:59:52Z
TRS,33.23,2025-11-25T20:59:48Z
TRST,42.54,2025-11-25T20:59:54Z
TRSY,30.135,2025-11-25T18:24:43Z
TRT,8.52,2025-11-25T15:28:12Z
TRTN-C,24.94,2025-11-25T17:11:27Z
TRTX,9.06,2025-11-25T20:59:42Z
TRU,85.09,2025-11-25T20:59:50Z
TRUD,25.62,2025-11-25T20:32:20Z
TRUE,2.155,2025-11-25T20:46:11Z
TRUG,1.23,2025-11-25T20:15:00Z
TRUP,35.345,2025-11-25T20:59:52Z
TRUT,25.87,2025-11-25T16:41:06Z
TRV,293.7,2025-11-25T20:59:53Z
TRVG,2.785,2025-11-25T19:17:22Z
TRVI,11.365,2025-11-25T20:59:54Z
TRX,0.6988,2025-11-25T20:59:32Z
TS,39.615,2025-11-25T20:59:56Z
TSAT,25.66,2025-11-25T20:59:27Z
TSBK,34.885,2025-11-25T20:13:55Z
TSCO,54.43,2025-11-25T20:59:58Z
TSDD,10.01,2025-11-25T20:59:51Z
TSE,0.9174,2025-11-25T20:23:32Z
TSEM,98,2025-11-25T20:59:53Z
TSEP,23.19,2025-11-25T19:37:43Z
TSHA,4.6,2025-11-25T20:59:57Z
TSI,4.94,2025-11-25T20:53:53Z
TSII,25.49,2025-11-25T17:54:55Z
TSL,17.24,2025-11-25T20:59:03Z
TSLA,419.42,2025-11-25T20:59:58Z
TSLG,8.82,2025-11-25T20:59:50Z
TSLI,33.14,2025-11-25T17:09:43Z
TSLL,17.645,2025-11-25T20:59:57Z
TSLP,23.22,2025-11-25T17:47:56Z
TSLQ,24.1,2025-11-25T20:59:51Z
TSLR,28.48,2025-11-25T20:59:51Z
TSLS,5.52,2025-11-25T20:59:49Z
TSLT,23.92,2025-11-25T20:59:46Z
TSLW,32.63,2025-11-25T19:26:04Z
TSLX,21.53,2025-11-25T20:57:32Z
TSLY,7.68,2025-11-25T20:59:58Z
TSLZ,14.22,2025-11-25T20:59:50Z
TSM,284.675,2025-11-25T20:59:55Z
TSME,40.78,2025-11-25T20:57:22Z
TSMG,23.6,2025-11-25T20:59:46Z
TSMU,39.41,2025-11-25T20:54:10Z
TSMX,46.49,2025-11-25T20:16:49Z
TSMY,15.445,2025-11-25T20:59:46Z
TSMZ,13.08,2025-11-25T20:58:48Z
TSN,57.145,2025-11-25T20:59:52Z
TSOL,13.76,2025-11-25T17:45:32Z
TSPA,42.42,2025-11-25T20:22:01Z
TSPY,25.285,2025-11-25T19:52:03Z
TSQ,4.74,2025-11-25T20:59:03Z
TSSI,8.29,2025-11-25T20:59:53Z
TSXU,28.33,2025-11-25T20:52:27Z
TSYY,6.07,2025-11-25T20:30:36Z
TT,418.98,2025-11-25T20:59:55Z
TTAM,16.05,2025-11-25T20:59:46Z
TTAN,89.65,2025-11-25T20:59:47Z
TTC,71.45,2025-11-25T20:59:45Z
TTD,39.09,2025-11-25T20:59:53Z
TTE,65.245,2025-11-25T20:59:31Z
TTEC,3.16,2025-11-25T20:59:55Z
TTEK,34.115,2025-11-25T20:59:52Z
TTGT,5.18,2025-11-25T20:59:25Z
TTI,7.5,2025-11-25T20:59:57Z
TTMI,68.52,2025-11-25T20:59:58Z
TTRX,3.385,2025-11-25T20:53:47Z
TTSH,6.38,2025-11-25T20:58:48Z
TTWO,241.825,2025-11-25T20:59:46Z
TTXU,22.13,2025-11-25T14:47:35Z
TU,12.96,2025-11-25T20:59:59Z
TUA,22.065,2025-11-25T20:59:58Z
TUG,39.79,2025-11-25T17:23:04Z
TUGN,25.54,2025-11-25T17:59:31Z
TUR,33.52,2025-11-25T19:41:15Z
TURB,1.4,2025-11-25T20:59:42Z
TUSI,25.425,2025-11-25T18:56:40Z
TUSK,1.835,2025-11-25T20:55:42Z
TUYA,2.32,2025-11-25T20:59:59Z
TV,2.71,2025-11-25T20:59:56Z
TVC,24.175,2025-11-25T20:04:34Z
TVE,24.25,2025-11-25T20:59:59Z
TVGN,0.4374,2025-11-25T20:58:26Z
TVRD,3.94,2025-11-25T20:06:05Z
TVTX,35.98,2025-11-25T20:59:42Z
TW,107.52,2025-11-25T20:59:52Z
TWFG,28.36,2025-11-25T20:55:24Z
TWI,8.36,2025-11-25T20:59:54Z
TWIN,15.59,2025-11-25T20:59:50Z
TWLO,128.49,2025-11-25T20:59:54Z
TWM,32.76,2025-11-25T20:59:32Z
TWN,52.74,2025-11-25T14:58:47Z
TWNP,1.99,2025-11-25T20:56:30Z
TWO,10.05,2025-11-25T20:59:58Z
TWO-C,23.88,2025-11-25T17:26:27Z
TWOX,27.46,2025-11-25T17:12:20Z
TWST,31.12,2025-11-25T20:59:58Z
TX,35.7,2025-11-25T20:59:45Z
TXBC,21.81,2025-11-25T17:06:38Z
TXG,19.08,2025-11-25T20:59:54Z
TXN,161.765,2025-11-25T20:59:56Z
TXNM,57.98,2025-11-25T20:59:59Z
TXO,12.09,2025-11-25T20:59:47Z
TXRH,175.5,2025-11-25T20:59:52Z
TXT,82.91,2025-11-25T20:59:52Z
TXUE,30.66,2025-11-25T20:39:05Z
TXXD,24.39,2025-11-25T20:23:51Z
TY,34.28,2025-11-25T20:57:37Z
TYA,14.02,2025-11-25T20:59:46Z
TYG,43,2025-11-25T20:53:12Z
TYGO,1.79,2025-11-25T20:59:50Z
TYL,471.23,2025-11-25T20:59:49Z
TYRA,21.84,2025-11-25T20:59:00Z
TZA,7.7,2025-11-25T20:59:54Z
TZOO,7.19,2025-11-25T20:59:04Z
TZUP,4.13,2025-11-25T20:58:58Z
U,42.57,2025-11-25T20:59:53Z
UA,4.29,2025-11-25T20:59:53Z
UAA,4.49,2025-11-25T20:59:56Z
UAE,18.7,2025-11-25T20:59:46Z
UAL,98.905,2025-11-25T20:59:54Z
UAMY,5.775,2025-11-25T20:59:57Z
UAVS,1.28,2025-11-25T20:59:35Z
UBER,83.685,2025-11-25T20:59:57Z
UBFO,9.8,2025-11-25T20:59:39Z
UBND,22.165,2025-11-25T20:58:58Z
UBRL,25.01,2025-11-25T20:01:02Z
UBS,37.58,2025-11-25T20:59:59Z
UBSI,37.94,2025-11-25T20:59:42Z
UBT,17.77,2025-11-25T20:16:45Z
UBXG,1.99,2025-11-25T14:30:16Z
UCB,31.195,2025-11-25T20:59:37Z
UCL,1.93,2025-11-25T20:46:31Z
UCO,19.78,2025-11-25T20:59:54Z
UCON,25.245,2025-11-25T20:59:58Z
UCTT,24.895,2025-11-25T20:59:29Z
UDEC,39.25,2025-11-25T20:40:19Z
UDIV,51.96,2025-11-25T15:15:05Z
UDMY,5.05,2025-11-25T20:59:57Z
UDN,18.47,2025-11-25T19:35:02Z
UDOW,55.1,2025-11-25T20:59:53Z
UDR,36.09,2025-11-25T20:59:54Z
UE,19.245,2025-11-25T20:59:54Z
UEC,12.12,2025-11-25T20:59:58Z
UEIC,3.3,2025-11-25T20:59:50Z
UFCS,37.185,2025-11-25T20:54:42Z
UFG,0.869,2025-11-25T15:32:43Z
UFI,3.4,2025-11-25T20:21:17Z
UFO,32.69,2025-11-25T20:55:59Z
UFPI,92.97,2025-11-25T20:57:54Z
UFPT,230.73,2025-11-25T20:27:48Z
UGE,16.81,2025-11-25T20:55:06Z
UGI,38.76,2025-11-25T20:59:54Z
UGL,51.58,2025-11-25T20:59:53Z
UGP,4.075,2025-11-25T20:59:26Z
UGRO,0.2276,2025-11-25T19:12:33Z
UHAL,51.68,2025-11-25T20:59:53Z
UHAL.B,47.24,2025-11-25T20:59:50Z
UHG,1.045,2025-11-25T18:51:19Z
UHS,243.92,2025-11-25T20:58:30Z
UHT,41.035,2025-11-25T20:57:07Z
UI,570.43,2025-11-25T20:58:58Z
UIS,2.54,2025-11-25T20:59:55Z
UITB,47.815,2025-11-25T20:59:52Z
UJUN,36.9,2025-11-25T19:16:47Z
UK,0.93,2025-11-25T20:50:02Z
UL,60.23,2025-11-25T20:59:55Z
ULBI,5.895,2025-11-25T20:58:58Z
ULCC,4.19,2025-11-25T20:59:56Z
ULE,12.82,2025-11-25T17:21:33Z
ULH,15.78,2025-11-25T20:45:45Z
ULS,88.68,2025-11-25T20:59:50Z
ULST,40.67,2025-11-25T17:14:56Z
ULTA,521.265,2025-11-25T20:59:12Z
ULTY,4.025,2025-11-25T20:59:56Z
UMAC,8.38,2025-11-25T20:59:53Z
UMAR,39.28,2025-11-25T15:36:49Z
UMBF,112.14,2025-11-25T20:59:44Z
UMC,7.26,2025-11-25T20:59:58Z
UMDD,24.93,2025-11-25T17:22:31Z
UMH,15.16,2025-11-25T20:58:59Z
UMI,49.63,2025-11-25T20:21:13Z
UNB,23.14,2025-11-25T20:59:17Z
UNCY,5.73,2025-11-25T20:59:32Z
UNF,167.38,2025-11-25T20:59:22Z
UNFI,37.06,2025-11-25T20:59:46Z
UNG,13.835,2025-11-25T20:59:51Z
UNH,326.29,2025-11-25T20:59:57Z
UNHG,18.32,2025-11-25T20:57:37Z
UNIT,6.26,2025-11-25T20:59:55Z
UNL,8.06,2025-11-25T20:55:08Z
UNM,76.545,2025-11-25T20:59:56Z
UNOV,37.71,2025-11-25T20:50:02Z
UNP,229.11,2025-11-25T20:59:49Z
UOCT,38.49,2025-11-25T15:25:27Z
UONEK,0.85,2025-11-25T20:51:38Z
UP,0.6606,2025-11-25T20:59:59Z
UPB,28.81,2025-11-25T20:59:59Z
UPBD,18.25,2025-11-25T20:59:57Z
UPLD,1.86,2025-11-25T20:58:59Z
UPRO,113.055,2025-11-25T20:59:50Z
UPS,94.56,2025-11-25T20:59:54Z
UPSD,26.7,2025-11-25T20:42:01Z
UPST,41.8,2025-11-25T20:59:50Z
UPSX,9.435,2025-11-25T20:59:16Z
UPWK,19.66,2025-11-25T20:59:55Z
UPXI,2.99,2025-11-25T20:59:50Z
URA,43.895,2025-11-25T20:59:52Z
URAA,32.63,2025-11-25T19:09:18Z
URAN,41.77,2025-11-25T15:01:53Z
URBN,68.31,2025-11-25T20:59:58Z
URG,1.255,2025-11-25T20:59:49Z
URGN,27.69,2025-11-25T20:59:44Z
URI,810.55,2025-11-25T20:59:47Z
URNJ,25.36,2025-11-25T20:40:59Z
URNM,54.445,2025-11-25T20:59:35Z
UROY,3.675,2025-11-25T20:59:59Z
URTH,183.19,2025-11-25T20:59:50Z
URTY,52.89,2025-11-25T20:59:49Z
USA,6.045,2025-11-25T20:58:41Z
USAC,24.57,2025-11-25T20:59:49Z
USAR,12.095,2025-11-25T20:59:59Z
USARW,0.6728,2025-11-25T20:56:20Z
USAS,3.98,2025-11-25T20:59:59Z
USAU,15.855,2025-11-25T20:59:45Z
USB,48.92,2025-11-25T20:59:59Z
USB-H,17.985,2025-11-25T15:16:45Z
USB-R,16.265,2025-11-25T18:57:03Z
USB-S,18.35,2025-11-25T14:42:44Z
USBC,0.7375,2025-11-25T20:58:52Z
USCA,41.19,2025-11-25T18:02:17Z
USCB,18.04,2025-11-25T19:20:25Z
USCI,76.61,2025-11-25T15:33:47Z
USD,50.59,2025-11-25T20:59:50Z
USDU,27.075,2025-11-25T20:58:54Z
USEA,1.62,2025-11-25T20:02:46Z
USEG,1.0004,2025-11-25T20:27:22Z
USFD,78.87,2025-11-25T20:59:51Z
USFR,50.26,2025-11-25T20:49:19Z
USGO,9.36,2025-11-25T19:19:44Z
USGOW,0.64,2025-11-25T20:45:17Z
USHY,37.58,2025-11-25T20:59:48Z
USIG,52.29,2025-11-25T20:59:51Z
USIO,1.41,2025-11-25T17:46:57Z
USL,33.455,2025-11-25T18:37:23Z
USLM,122.8,2025-11-25T20:06:23Z
USMC,68.09,2025-11-25T20:59:46Z
USMF,51.19,2025-11-25T19:29:10Z
USMV,94.65,2025-11-25T20:59:56Z
USNA,19.79,2025-11-25T20:58:32Z
USO,69.255,2025-11-25T20:59:58Z
USOI,47.105,2025-11-25T15:17:00Z
USOY,6.82,2025-11-25T20:31:39Z
USPH,73.925,2025-11-25T20:59:27Z
USPX,59.18,2025-11-25T17:55:07Z
USRT,58.46,2025-11-25T20:59:49Z
USSE,32.63,2025-11-25T16:45:19Z
USSG,62.46,2025-11-25T18:57:02Z
USTB,50.975,2025-11-25T20:03:09Z
USVM,91.34,2025-11-25T20:59:46Z
USXF,56.6,2025-11-25T20:58:51Z
UTEN,44.775,2025-11-25T20:00:39Z
UTES,81.95,2025-11-25T20:59:46Z
UTF,24.03,2025-11-25T20:59:59Z
UTG,37.055,2025-11-25T20:37:29Z
UTHR,486.07,2025-11-25T20:59:56Z
UTHY,42.76,2025-11-25T17:27:23Z
UTI,22.9,2025-11-25T20:59:47Z
UTL,50.13,2025-11-25T20:59:41Z
UTMD,55.34,2025-11-25T20:49:55Z
UTWO,48.675,2025-11-25T20:59:45Z
UTZ,9.39,2025-11-25T20:59:50Z
UUP,28.3,2025-11-25T20:57:46Z
UUU,4,2025-11-25T20:10:02Z
UUUU,14.495,2025-11-25T20:59:57Z
UVE,33.235,2025-11-25T20:53:01Z
UVIX,9.38,2025-11-25T20:59:59Z
UVSP,32.29,2025-11-25T20:58:48Z
UVV,52.95,2025-11-25T20:54:47Z
UVXY,51.415,2025-11-25T20:59:55Z
UWM,46.8,2025-11-25T20:58:36Z
UWMC,5.74,2025-11-25T20:59:56Z
UXI,43.7,2025-11-25T14:38:07Z
UXIN,2.57,2025-11-25T19:03:07Z
UXOC,35.07,2025-11-25T18:30:15Z
UXRP,13.775,2025-11-25T20:59:47Z
UYLD,51.28,2025-11-25T20:59:45Z
UZD,20.49,2025-11-25T14:32:04Z
V,334.68,2025-11-25T20:59:54Z
VAC,54.58,2025-11-25T20:59:50Z
VAL,56.01,2025-11-25T20:59:58Z
VAL+,2.57,2025-11-25T20:47:26Z
VALE,12.18,2025-11-25T20:59:58Z
VALQ,64.84,2025-11-25T20:06:24Z
VANI,1.25,2025-11-25T18:34:04Z
VAW,198.88,2025-11-25T17:05:07Z
VB,255.4,2025-11-25T20:59:49Z
VBF,15.64,2025-11-25T20:52:16Z
VBIL,75.59,2025-11-25T20:59:31Z
VBIX,1.6,2025-11-25T20:46:46Z
VBK,298.93,2025-11-25T20:59:52Z
VBNK,12,2025-11-25T20:14:47Z
VBR,209.71,2025-11-25T20:59:51Z
VC,102.71,2025-11-25T20:59:35Z
VCEB,64.29,2025-11-25T20:45:18Z
VCEL,42.62,2025-11-25T20:59:50Z
VCIC,10.75,2025-11-25T20:54:05Z
VCIG,1.115,2025-11-25T20:59:37Z
VCIT,84.455,2025-11-25T20:59:56Z
VCLT,77.51,2025-11-25T20:59:54Z
VCR,385.215,2025-11-25T20:46:07Z
VCRB,78.785,2025-11-25T20:59:53Z
VCRM,75.935,2025-11-25T20:53:34Z
VCSH,80.035,2025-11-25T20:59:53Z
VCTR,63.07,2025-11-25T20:58:50Z
VCV,10.78,2025-11-25T20:52:03Z
VCYT,49.325,2025-11-25T20:59:50Z
VDC,212.43,2025-11-25T20:26:25Z
VDE,125.07,2025-11-25T20:59:55Z
VDIG,61.285,2025-11-25T20:29:31Z
VEA,60.615,2025-11-25T20:59:56Z
VECO,29.22,2025-11-25T20:58:55Z
VEEE,1.76,2025-11-25T19:12:55Z
VEEV,239.97,2025-11-25T20:59:54Z
VEGN,59.12,2025-11-25T15:11:07Z
VEL,18.92,2025-11-25T20:58:36Z
VELO,5.08,2025-11-25T20:39:39Z
VENU,9.65,2025-11-25T20:59:32Z
VEON,53.34,2025-11-25T20:56:21Z
VERA,29.415,2025-11-25T20:59:48Z
VERI,4.22,2025-11-25T20:59:55Z
VERO,1.935,2025-11-25T20:06:56Z
VERU,2.44,2025-11-25T20:55:06Z
VERX,19.82,2025-11-25T20:59:50Z
VET,8.615,2025-11-25T20:59:57Z
VEU,71.99,2025-11-25T20:59:52Z
VEXC,76.87,2025-11-25T19:46:24Z
VFC,17.25,2025-11-25T20:59:55Z
VFF,3.815,2025-11-25T20:59:55Z
VFH,128.31,2025-11-25T20:59:45Z
VFL,10.06,2025-11-25T17:53:24Z
VFLO,38.35,2025-11-25T20:59:40Z
VFMF,146.6,2025-11-25T15:39:40Z
VFS,3.2,2025-11-25T20:59:47Z
VG,6.88,2025-11-25T20:59:55Z
VGHY,75.29,2025-11-25T17:43:18Z
VGIT,60.515,2025-11-25T20:57:11Z
VGK,80.235,2025-11-25T20:59:25Z
VGLT,57.45,2025-11-25T20:59:51Z
VGM,10.09,2025-11-25T20:57:57Z
VGMS,51.83,2025-11-25T20:57:05Z
VGSH,58.925,2025-11-25T20:59:46Z
VGSR,10.51,2025-11-25T20:22:49Z
VGT,739.08,2025-11-25T20:59:45Z
VGUS,75.62,2025-11-25T20:57:54Z
VGZ,1.695,2025-11-25T20:59:32Z
VHT,296.04,2025-11-25T20:59:45Z
VIA,36.3,2025-11-25T20:59:50Z
VIAV,17.485,2025-11-25T20:59:58Z
VICI,28.74,2025-11-25T20:59:55Z
VICR,87.95,2025-11-25T20:58:13Z
VIDI,32.885,2025-11-25T20:33:28Z
VIG,220.07,2025-11-25T20:58:59Z
VIGI,89.89,2025-11-25T20:59:05Z
VIK,67.84,2025-11-25T20:59:50Z
VINP,11.87,2025-11-25T20:59:40Z
VIOO,111.77,2025-11-25T19:09:56Z
VIOT,2.69,2025-11-25T20:59:54Z
VIOV,97.15,2025-11-25T20:38:09Z
VIPS,19.27,2025-11-25T20:59:53Z
VIR,6.445,2025-11-25T20:59:57Z
VIRC,6.95,2025-11-25T18:17:50Z
VIRT,34.71,2025-11-25T20:59:52Z
VIS,293.42,2025-11-25T20:17:00Z
VIST,47.43,2025-11-25T20:59:53Z
VITL,31.33,2025-11-25T20:59:50Z
VIV,12.9,2025-11-25T20:59:56Z
VIVK,0.1364,2025-11-25T20:58:23Z
VIVS,2.23,2025-11-25T20:55:24Z
VIXI,15.31,2025-11-25T18:06:24Z
VIXM,16.355,2025-11-25T20:59:45Z
VIXY,32.65,2025-11-25T20:59:58Z
VKI,8.78,2025-11-25T20:59:04Z
VKQ,9.55,2025-11-25T20:59:44Z
VKTX,35.49,2025-11-25T20:59:50Z
VLGEA,34.76,2025-11-25T20:33:55Z
VLN,1.54,2025-11-25T20:59:28Z
VLO,174.13,2025-11-25T20:59:55Z
VLRS,7,2025-11-25T20:59:54Z
VLTO,104,2025-11-25T20:59:49Z
VLUE,130.87,2025-11-25T20:59:52Z
VLY,11.315,2025-11-25T20:59:55Z
VMAR,1.21,2025-11-25T20:58:43Z
VMBS,47.36,2025-11-25T20:59:59Z
VMC,292.755,2025-11-25T20:59:59Z
VMD,7.03,2025-11-25T20:59:45Z
VMI,406.63,2025-11-25T20:59:57Z
VMO,9.555,2025-11-25T20:59:44Z
VNCE,2.355,2025-11-25T20:59:45Z
VNDA,5,2025-11-25T20:59:39Z
VNET,8.95,2025-11-25T20:59:57Z
VNLA,49.29,2025-11-25T20:59:45Z
VNM,17.78,2025-11-25T20:59:40Z
VNO,37.165,2025-11-25T20:59:55Z
VNO-L,17.84,2025-11-25T20:51:47Z
VNO-N,17.48,2025-11-25T16:40:02Z
VNOM,36.18,2025-11-25T20:59:56Z
VNQ,90.64,2025-11-25T20:59:59Z
VNQI,47.48,2025-11-25T20:59:16Z
VNRX,0.2994,2025-11-25T20:59:51Z
VNT,35.69,2025-11-25T20:59:53Z
VO,287.91,2025-11-25T20:58:50Z
VOD,12.23,2025-11-25T20:59:58Z
VOE,175.27,2025-11-25T20:48:24Z
VOLT,29.33,2025-11-25T20:59:59Z
VONE,306.21,2025-11-25T20:54:47Z
VONG,121.295,2025-11-25T20:56:02Z
VONV,90.97,2025-11-25T20:59:50Z
VOO,620.845,2025-11-25T20:58:05Z
VOOG,440.86,2025-11-25T20:38:28Z
VOOV,201.98,2025-11-25T19:28:16Z
VOR,7.93,2025-11-25T20:59:28Z
VOT,279.06,2025-11-25T20:59:07Z
VOTE,79.31,2025-11-25T20:08:01Z
VOX,189.52,2025-11-25T20:59:04Z
VOXR,4.38,2025-11-25T20:59:55Z
VOYA,70.81,2025-11-25T20:59:42Z
VOYA-B,24.54,2025-11-25T18:41:05Z
VOYG,20.94,2025-11-25T20:59:49Z
VPC,18.6,2025-11-25T20:28:30Z
VPG,33.75,2025-11-25T20:57:06Z
VPL,89.615,2025-11-25T20:59:58Z
VPLS,79.025,2025-11-25T20:59:52Z
VPU,192.41,2025-11-25T20:36:50Z
VPV,10.42,2025-11-25T20:07:41Z
VRA,2.755,2025-11-25T20:59:50Z
VRAR,1.12,2025-11-25T20:59:05Z
VRAX,0.3916,2025-11-25T20:13:01Z
VRCA,5.14,2025-11-25T20:35:38Z
VRDN,31.39,2025-11-25T20:59:54Z
VRE,14.98,2025-11-25T20:59:52Z
VREX,11.21,2025-11-25T20:59:38Z
VRIG,25.065,2025-11-25T20:55:04Z
VRME,0.7439,2025-11-25T20:59:07Z
VRNS,32.465,2025-11-25T20:59:55Z
VRNT,20.505,2025-11-25T20:59:56Z
VRP,24.335,2025-11-25T20:59:56Z
VRRM,21.58,2025-11-25T20:59:52Z
VRSK,223.05,2025-11-25T20:59:56Z
VRSN,255.77,2025-11-25T20:59:30Z
VRT,169.65,2025-11-25T20:59:59Z
VRTL,55.07,2025-11-25T19:49:50Z
VRTS,157.48,2025-11-25T16:27:01Z
VRTX,429.91,2025-11-25T20:59:56Z
VS,1.49,2025-11-25T20:54:49Z
VSA,0.145,2025-11-25T20:59:57Z
VSAT,33.005,2025-11-25T20:59:52Z
VSCO,38.16,2025-11-25T20:59:53Z
VSDA,52.795,2025-11-25T20:58:51Z
VSDM,76.54,2025-11-25T16:07:40Z
VSEC,182,2025-11-25T20:55:10Z
VSEE,0.603,2025-11-25T20:59:39Z
VSGX,69.74,2025-11-25T20:46:49Z
VSH,13.3,2025-11-25T20:59:51Z
VSLU,43.68,2025-11-25T19:50:28Z
VSME,0.1615,2025-11-25T20:56:02Z
VSMV,54.3,2025-11-25T17:03:51Z
VSS,140.49,2025-11-25T20:49:18Z
VST,170.78,2025-11-25T20:59:51Z
VSTL,14.02,2025-11-25T16:03:51Z
VSTM,10.25,2025-11-25T20:59:58Z
VSTS,6.345,2025-11-25T20:59:57Z
VT,139.08,2025-11-25T20:59:51Z
VTAK,2.08,2025-11-25T20:35:02Z
VTC,78.51,2025-11-25T20:54:27Z
VTEB,50.41,2025-11-25T20:59:57Z
VTEC,100.54,2025-11-25T20:55:51Z
VTEI,100.92,2025-11-25T20:13:12Z
VTES,101.575,2025-11-25T15:27:53Z
VTEX,3.905,2025-11-25T20:59:58Z
VTG,76.99,2025-11-25T16:38:22Z
VTGN,4.685,2025-11-25T20:59:54Z
VTHR,297.97,2025-11-25T20:55:16Z
VTI,332.145,2025-11-25T20:59:52Z
VTIP,50.14,2025-11-25T20:59:49Z
VTLE,17.37,2025-11-25T20:59:52Z
VTMX,31.28,2025-11-25T20:44:03Z
VTN,11.4,2025-11-25T20:57:34Z
VTOL,37.515,2025-11-25T20:58:12Z
VTR,79.44,2025-11-25T20:59:58Z
VTRS,10.55,2025-11-25T20:59:58Z
VTS,20.84,2025-11-25T20:59:58Z
VTSI,4.88,2025-11-25T20:59:10Z
VTV,188.02,2025-11-25T20:59:53Z
VTWG,235.56,2025-11-25T20:59:40Z
VTWO,99.14,2025-11-25T20:59:55Z
VTYX,10.46,2025-11-25T20:59:56Z
VUG,484.915,2025-11-25T20:59:48Z
VUSB,49.95,2025-11-25T20:59:46Z
VUSE,65.21,2025-11-25T19:36:31Z
VUZI,2.34,2025-11-25T20:59:52Z
VV,311.815,2025-11-25T20:59:48Z
VVPR,2.45,2025-11-25T20:59:07Z
VVR,3.3,2025-11-25T20:56:28Z
VVV,31.625,2025-11-25T20:59:58Z
VVX,54.945,2025-11-25T20:59:54Z
VWAV,10.325,2025-11-25T18:21:30Z
VWAVW,1.235,2025-11-25T19:56:46Z
VWO,53.845,2025-11-25T20:59:59Z
VWOB,67.82,2025-11-25T20:59:52Z
VXF,207.875,2025-11-25T20:50:00Z
VXUS,73.91,2025-11-25T20:59:53Z
VXX,33.65,2025-11-25T20:59:59Z
VXZ,57.38,2025-11-25T20:59:50Z
VYGR,3.97,2025-11-25T20:59:58Z
VYM,143.08,2025-11-25T20:59:49Z
VYMI,86.675,2025-11-25T20:59:49Z
VYNE,0.3879,2025-11-25T20:54:58Z
VYX,10.015,2025-11-25T20:59:57Z
VZ,40.61,2025-11-25T20:59:59Z
VZLA,4.44,2025-11-25T20:59:56Z
W,109.75,2025-11-25T20:59:50Z
WAB,206.09,2025-11-25T20:59:49Z
WABC,49.13,2025-11-25T20:59:27Z
WAFD,32.47,2025-11-25T20:59:39Z
WAFDP,16.48,2025-11-25T15:00:13Z
WAFU,1.61,2025-11-25T20:59:46Z
WAL,81.03,2025-11-25T20:59:53Z
WAL-A,22.28,2025-11-25T18:00:41Z
WALD,2.55,2025-11-25T20:59:05Z
WANT,47.33,2025-11-25T20:58:55Z
WASH,28.575,2025-11-25T20:58:00Z
WAT,412.55,2025-11-25T20:59:51Z
WAY,36.94,2025-11-25T20:59:38Z
WB,9.99,2025-11-25T20:59:55Z
WBD,22.94,2025-11-25T20:59:59Z
WBI,22.115,2025-11-25T20:59:47Z
WBIL,34.45,2025-11-25T14:54:40Z
WBIY,31.31,2025-11-25T15:17:43Z
WBS,59.86,2025-11-25T20:59:58Z
WBTN,14.54,2025-11-25T20:59:54Z
WCC,260.2,2025-11-25T20:58:55Z
WCLD,34.2,2025-11-25T20:50:03Z
WCME,16.95,2025-11-25T18:44:48Z
WCMI,16.28,2025-11-25T20:58:54Z
WCN,176.455,2025-11-25T20:59:36Z
WD,64.325,2025-11-25T20:59:39Z
WDAY,234.56,2025-11-25T20:59:58Z
WDC,155.43,2025-11-25T20:59:53Z
WDEF,27.32,2025-11-25T20:06:38Z
WDFC,195.185,2025-11-25T20:49:40Z
WDH,1.71,2025-11-25T20:57:02Z
WDI,14.28,2025-11-25T20:50:10Z
WDIV,74.34,2025-11-25T20:38:57Z
WDNA,17.36,2025-11-25T14:51:34Z
WDS,16.24,2025-11-25T20:59:50Z
WEA,11.01,2025-11-25T15:12:33Z
WEAT,20.84,2025-11-25T20:49:07Z
WEAV,6.31,2025-11-25T20:59:57Z
WEBL,27.235,2025-11-25T20:59:49Z
WEBS,20.62,2025-11-25T20:42:32Z
WEC,111.22,2025-11-25T20:59:53Z
WEEI,21.22,2025-11-25T20:38:24Z
WEEL,20.5,2025-11-25T19:04:05Z
WELL,204.55,2025-11-25T20:59:50Z
WEN,8.44,2025-11-25T20:59:59Z
WENN,10.145,2025-11-25T20:41:32Z
WENNW,0.46,2025-11-25T20:54:26Z
WERN,25.185,2025-11-25T20:59:38Z
WES,39,2025-11-25T20:59:54Z
WEST,4.19,2025-11-25T20:59:57Z
WETH,1.95,2025-11-25T14:59:43Z
WEX,149.425,2025-11-25T20:59:12Z
WF,53.99,2025-11-25T20:58:39Z
WFC,85.09,2025-11-25T20:59:59Z
WFC-A,19.29,2025-11-25T18:24:34Z
WFC-C,17.91,2025-11-25T16:00:16Z
WFC-D,17.43,2025-11-25T19:18:48Z
WFC-L,1247.92,2025-11-25T15:56:09Z
WFC-Z,19.6,2025-11-25T20:21:50Z
WFG,60.74,2025-11-25T20:59:49Z
WFRD,72.83,2025-11-25T20:59:31Z
WGMI,43.67,2025-11-25T20:59:25Z
WGO,36.18,2025-11-25T20:59:30Z
WGRX,0.5608,2025-11-25T20:50:59Z
WGS,167.5,2025-11-25T20:59:33Z
WH,73.89,2025-11-25T20:59:50Z
WHD,42.22,2025-11-25T20:59:39Z
WHF,7.13,2025-11-25T20:59:16Z
WHFCL,25.43,2025-11-25T14:49:39Z
WHG,16.57,2025-11-25T18:28:25Z
WHR,77.75,2025-11-25T20:59:51Z
WHWK,2.15,2025-11-25T20:58:30Z
WIA,8.3,2025-11-25T17:10:01Z
WILD,18.9,2025-11-25T15:42:00Z
WIMI,2.94,2025-11-25T20:34:50Z
WINA,421.86,2025-11-25T20:52:22Z
WING,262.9,2025-11-25T20:59:54Z
WINN,31.045,2025-11-25T20:59:54Z
WIP,38.75,2025-11-25T20:38:24Z
WISE,40.32,2025-11-25T19:58:17Z
WIT,2.695,2025-11-25T20:59:36Z
WIW,8.725,2025-11-25T20:56:14Z
WIX,94.45,2025-11-25T20:59:54Z
WK,93.06,2025-11-25T20:59:45Z
WKC,23.775,2025-11-25T20:59:52Z
WKEY,9.15,2025-11-25T20:59:46Z
WKHS,0.931,2025-11-25T20:59:39Z
WKSP,2.29,2025-11-25T20:55:48Z
WLAC,11.675,2025-11-25T20:59:46Z
WLDN,99.03,2025-11-25T20:54:39Z
WLDS,1.91,2025-11-25T20:59:51Z
WLK,62.85,2025-11-25T20:59:50Z
WLKP,18.705,2025-11-25T20:42:09Z
WLY,36.05,2025-11-25T20:59:51Z
WM,216.155,2025-11-25T20:59:20Z
WMB,59.39,2025-11-25T20:59:55Z
WMG,28.33,2025-11-25T20:59:54Z
WMK,65.66,2025-11-25T20:59:16Z
WMS,151.98,2025-11-25T20:59:50Z
WMT,106.97,2025-11-25T20:59:55Z
WNC,8.56,2025-11-25T20:59:35Z
WNEB,12.275,2025-11-25T20:30:36Z
WNTR,38.5,2025-11-25T16:16:39Z
WOK,3.92,2025-11-25T15:46:53Z
WOLF,19.99,2025-11-25T20:59:47Z
WOOD,69.025,2025-11-25T20:36:35Z
WOOF,2.985,2025-11-25T20:59:56Z
WOR,55.5,2025-11-25T20:55:35Z
WORX,0.252,2025-11-25T20:26:59Z
WOW,5.175,2025-11-25T20:58:31Z
WPAY,45.51,2025-11-25T20:59:51Z
WPC,67.25,2025-11-25T20:59:44Z
WPM,102.51,2025-11-25T20:59:46Z
WPP,19.675,2025-11-25T20:59:57Z
WPRT,1.665,2025-11-25T20:59:21Z
WQTM,25.39,2025-11-25T20:23:56Z
WRAP,2.075,2025-11-25T20:55:03Z
WRB,77.94,2025-11-25T20:59:51Z
WRB-E,22.44,2025-11-25T16:23:40Z
WRB-F,20.01,2025-11-25T20:45:40Z
WRBY,19.995,2025-11-25T20:59:55Z
WRD,7.915,2025-11-25T20:59:55Z
WRLD,153.62,2025-11-25T18:44:39Z
WRN,2.285,2025-11-25T20:56:00Z
WS,33.76,2025-11-25T20:58:53Z
WSBC,32.53,2025-11-25T20:59:51Z
WSBF,15.79,2025-11-25T20:59:26Z
WSC,19.29,2025-11-25T20:59:58Z
WSFS,56.65,2025-11-25T20:59:34Z
WSM,179.78,2025-11-25T20:59:41Z
WSO,342.59,2025-11-25T20:59:53Z
WSR,13.35,2025-11-25T20:59:52Z
WST,280.77,2025-11-25T20:59:53Z
WT,10.99,2025-11-25T20:59:56Z
WTAI,28.76,2025-11-25T20:56:53Z
WTBA,22.19,2025-11-25T16:54:00Z
WTBN,25.83,2025-11-25T15:05:39Z
WTF,2.89,2025-11-25T20:59:16Z
WTFC,136.63,2025-11-25T20:57:38Z
WTFCN,26.25,2025-11-25T17:25:38Z
WTI,1.775,2025-11-25T20:59:46Z
WTM,2009.315,2025-11-25T20:51:51Z
WTMF,37.84,2025-11-25T20:59:53Z
WTO,1.255,2025-11-25T20:58:14Z
WTPI,33.25,2025-11-25T20:33:21Z
WTRG,39.54,2025-11-25T20:59:59Z
WTS,277.58,2025-11-25T20:58:55Z
WTTR,9.995,2025-11-25T20:59:45Z
WTV,91.74,2025-11-25T20:55:43Z
WTW,320.6,2025-11-25T20:59:56Z
WU,8.63,2025-11-25T20:59:54Z
WUGI,85.65,2025-11-25T15:37:27Z
WULF,13.94,2025-11-25T20:59:57Z
WULX,26.37,2025-11-25T20:59:55Z
WVE,7.425,2025-11-25T20:59:55Z
WW,26.785,2025-11-25T20:59:59Z
WWD,293.41,2025-11-25T20:59:41Z
WWR,0.8544,2025-11-25T20:59:40Z
WWW,16.06,2025-11-25T20:59:58Z
WXM,0.5099,2025-11-25T20:46:27Z
WY,22.14,2025-11-25T20:59:56Z
WYFI,17.84,2025-11-25T20:59:56Z
WYHG,0.8342,2025-11-25T19:38:46Z
WYNN,127.47,2025-11-25T20:59:59Z
WYY,6.59,2025-11-25T20:37:19Z
XAGG,50.64,2025-11-25T17:57:45Z
XAIR,1.33,2025-11-25T20:59:21Z
XAIX,41.49,2025-11-25T17:21:51Z
XAR,227.41,2025-11-25T19:52:06Z
XBB,41.3,2025-11-25T20:47:35Z
XBI,121.36,2025-11-25T20:59:57Z
XBIL,50.175,2025-11-25T14:31:00Z
XBIT,2.35,2025-11-25T20:59:27Z
XBOC,32.98,2025-11-25T19:34:58Z
XBP,0.6522,2025-11-25T19:22:05Z
XBTY,12.08,2025-11-25T18:57:15Z
XCCC,38.365,2025-11-25T20:48:34Z
XCEM,37.48,2025-11-25T20:59:16Z
XCUR,4.18,2025-11-25T19:52:31Z
XDTE,43.275,2025-11-25T20:55:30Z
XEL,80.39,2025-11-25T20:59:55Z
XELB,0.99,2025-11-25T18:34:28Z
XELLL,25.1,2025-11-25T20:37:23Z
XEMD,44.62,2025-11-25T20:10:55Z
XENE,43.94,2025-11-25T20:59:53Z
XERS,7.105,2025-11-25T20:59:55Z
XES,79.015,2025-11-25T17:46:47Z
XFIV,49.985,2025-11-25T19:46:22Z
XFLT,4.595,2025-11-25T20:59:57Z
XFOR,3.8,2025-11-25T20:59:59Z
XGN,7.655,2025-11-25T20:59:01Z
XHB,107.805,2025-11-25T20:59:52Z
XHE,89.71,2025-11-25T20:56:26Z
XHLD,0.1492,2025-11-25T20:55:49Z
XHLF,50.345,2025-11-25T20:32:55Z
XHR,14.04,2025-11-25T20:59:53Z
XIFR,9.18,2025-11-25T20:59:46Z
XISE,30.2,2025-11-25T18:37:57Z
XJH,44.1,2025-11-25T19:18:03Z
XLB,87.815,2025-11-25T20:59:57Z
XLC,114.28,2025-11-25T20:59:59Z
XLE,88.61,2025-11-25T20:59:59Z
XLF,52.53,2025-11-25T20:59:58Z
XLG,58.925,2025-11-25T20:59:45Z
XLI,151.915,2025-11-25T20:59:59Z
XLK,280.49,2025-11-25T20:59:59Z
XLO,0.7549,2025-11-25T18:02:51Z
XLP,78.06,2025-11-25T20:59:59Z
XLRE,41.28,2025-11-25T20:59:59Z
XLSR,62.27,2025-11-25T20:35:12Z
XLU,88.81,2025-11-25T20:59:59Z
XLUI,25.11,2025-11-25T15:30:10Z
XLV,158.76,2025-11-25T20:59:59Z
XLVI,26.86,2025-11-25T20:18:46Z
XLY,233.41,2025-11-25T20:59:59Z
XLYI,24.64,2025-11-25T19:50:51Z
XMAG,22.22,2025-11-25T17:37:36Z
XMAR,39.46,2025-11-25T16:05:16Z
XME,92.86,2025-11-25T20:59:50Z
XMHQ,102.21,2025-11-25T20:59:46Z
XMLV,63.46,2025-11-25T18:37:16Z
XMMO,136.94,2025-11-25T20:55:02Z
XMPT,21.94,2025-11-25T20:59:47Z
XMTR,57.58,2025-11-25T20:59:37Z
XMVM,62.4,2025-11-25T20:30:48Z
XNCR,17.27,2025-11-25T20:59:47Z
XNET,6.935,2025-11-25T20:59:15Z
XNOV,37.33,2025-11-25T15:44:27Z
XNTK,266.86,2025-11-25T17:28:19Z
XOM,114.535,2025-11-25T20:59:54Z
XOMA,31.24,2025-11-25T16:48:54Z
XOMO,11.485,2025-11-25T20:56:58Z
XONE,49.645,2025-11-25T15:45:50Z
XOP,130.21,2025-11-25T20:59:51Z
XOS,2.27,2025-11-25T19:17:49Z
XOVR,19.53,2025-11-25T20:59:13Z
XP,18.16,2025-11-25T20:59:58Z
XPEL,47.38,2025-11-25T20:58:59Z
XPER,5.675,2025-11-25T20:58:22Z
XPEV,21.62,2025-11-25T20:59:59Z
XPH,54.175,2025-11-25T20:59:48Z
XPL,0.6099,2025-11-25T15:42:18Z
XPO,140.005,2025-11-25T20:59:53Z
XPOF,6.36,2025-11-25T20:59:45Z
XPON,1.095,2025-11-25T20:59:37Z
XPRO,13.99,2025-11-25T20:59:48Z
XRAY,11.1,2025-11-25T20:59:58Z
XRLV,54.78,2025-11-25T15:09:50Z
XRMI,17.81,2025-11-25T18:04:02Z
XRP,24.76,2025-11-25T20:51:08Z
XRPC,23.63,2025-11-25T20:52:21Z
XRPI,12.86,2025-11-25T20:59:00Z
XRPR,18.075,2025-11-25T20:59:33Z
XRPT,7.53,2025-11-25T20:57:48Z
XRPZ,23.99,2025-11-25T20:55:31Z
XRT,83.17,2025-11-25T20:59:50Z
XRX,2.71,2025-11-25T20:59:59Z
XSD,307.945,2025-11-25T17:42:39Z
XSHD,12.815,2025-11-25T20:56:28Z
XSHQ,42.45,2025-11-25T18:25:01Z
XSLV,46.89,2025-11-25T20:49:16Z
XSMO,73.14,2025-11-25T20:57:13Z
XSOE,38.02,2025-11-25T20:58:57Z
XSW,184.07,2025-11-25T18:52:37Z
XT,73.07,2025-11-25T20:24:07Z
XTEN,47.135,2025-11-25T20:59:37Z
XTIA,1.5,2025-11-25T20:59:34Z
XTKG,2.08,2025-11-25T18:05:36Z
XTL,143.53,2025-11-25T20:10:30Z
XTLB,0.8179,2025-11-25T19:45:36Z
XTN,85,2025-11-25T17:00:03Z
XTNT,0.606,2025-11-25T20:39:37Z
XTRE,50.04,2025-11-25T19:47:06Z
XTWO,49.62,2025-11-25T15:10:08Z
XV,26.23,2025-11-25T17:35:34Z
XWEL,0.7528,2025-11-25T16:39:08Z
XWIN,5.42,2025-11-25T20:58:29Z
XXRP,15.59,2025-11-25T20:58:25Z
XYF,7.37,2025-11-25T20:54:04Z
XYL,141.38,2025-11-25T20:59:48Z
XYLD,40.16,2025-11-25T20:54:40Z
XYLG,29.1,2025-11-25T15:38:52Z
XYZ,63.68,2025-11-25T20:59:52Z
XYZY,7.03,2025-11-25T19:55:01Z
XZO,17.24,2025-11-25T20:59:51Z
YALA,7.14,2025-11-25T20:59:47Z
YALL,42.45,2025-11-25T15:16:39Z
YANG,23.58,2025-11-25T20:54:42Z
YBIT,7.055,2025-11-25T20:58:06Z
YBTC,30.96,2025-11-25T17:51:07Z
YCBD,0.5736,2025-11-25T20:20:42Z
YCL,19.3,2025-11-25T14:31:53Z
YCS,50.175,2025-11-25T20:59:46Z
YDDL,4.9,2025-11-25T20:47:18Z
YDES,8.3,2025-11-25T18:18:42Z
YDKG,1.355,2025-11-25T19:41:42Z
YEAR,50.675,2025-11-25T20:58:43Z
YELP,29.36,2025-11-25T20:59:32Z
YETH,17.25,2025-11-25T18:57:12Z
YETI,41.2,2025-11-25T20:59:50Z
YEXT,8.45,2025-11-25T20:59:56Z
YGMZ,0.1843,2025-11-25T20:59:49Z
YI,3.385,2025-11-25T14:35:12Z
YINN,46.44,2025-11-25T20:59:14Z
YLD,19.085,2025-11-25T20:52:22Z
YMAG,14.635,2025-11-25T20:59:50Z
YMAR,26.35,2025-11-25T18:40:28Z
YMAX,10.525,2025-11-25T20:59:28Z
YMM,10.98,2025-11-25T20:59:57Z
YMT,1.2,2025-11-25T16:24:03Z
YOLO,2.79,2025-11-25T14:39:30Z
YORW,32.2,2025-11-25T20:59:33Z
YOU,35.71,2025-11-25T20:59:49Z
YPF,35.33,2025-11-25T20:59:54Z
YQQQ,12.55,2025-11-25T15:29:43Z
YRD,4.27,2025-11-25T19:47:37Z
YSEP,25.43,2025-11-25T19:50:13Z
YSG,6.34,2025-11-25T20:59:33Z
YSXT,2.19,2025-11-25T17:41:34Z
YTRA,1.585,2025-11-25T20:59:38Z
YUM,154.01,2025-11-25T20:59:57Z
YUMC,48.015,2025-11-25T20:59:53Z
YYAI,0.9791,2025-11-25T20:59:11Z
YYGH,0.2629,2025-11-25T17:17:58Z
YYY,11.645,2025-11-25T20:58:41Z
Z,74.12,2025-11-25T20:59:44Z
ZALT,32.25,2025-11-25T20:59:51Z
ZAP,29.79,2025-11-25T16:18:53Z
ZAUG,26.51,2025-11-25T17:59:54Z
ZBH,97.06,2025-11-25T20:59:57Z
ZBIO,39.955,2025-11-25T20:59:25Z
ZBRA,249.34,2025-11-25T20:59:54Z
ZD,32.57,2025-11-25T20:59:49Z
ZDGE,2.35,2025-11-25T20:53:12Z
ZECP,35.02,2025-11-25T20:59:46Z
ZENA,3.14,2025-11-25T20:59:50Z
ZENV,1.15,2025-11-25T20:59:42Z
ZEO,1.34,2025-11-25T16:23:52Z
ZEPP,29.24,2025-11-25T20:41:23Z
ZETA,18.03,2025-11-25T20:59:58Z
ZEUS,38.5,2025-11-25T20:59:50Z
ZEXIT,10,2025-11-25T14:30:00Z
ZG,72.25,2025-11-25T20:59:35Z
ZGN,10.54,2025-11-25T20:59:41Z
ZH,3.71,2025-11-25T20:59:46Z
ZIEXT,1,2025-11-25T14:30:00Z
ZIM,19.52,2025-11-25T20:59:59Z
ZION,53.23,2025-11-25T20:59:41Z
ZIP,4.61,2025-11-25T20:59:49Z
ZJAN,27.11,2025-11-25T15:45:28Z
ZJK,3.54,2025-11-25T20:41:01Z
ZJUL,28.81,2025-11-25T16:10:46Z
ZJYL,0.253,2025-11-25T17:00:14Z
ZK,26.85,2025-11-25T20:59:53Z
ZKH,3.08,2025-11-25T19:47:54Z
ZLAB,19.88,2025-11-25T20:59:51Z
ZM,86.31,2025-11-25T20:59:56Z
ZNB,0.8031,2025-11-25T20:53:42Z
ZNOV,26.53,2025-11-25T17:03:27Z
ZNTL,1.43,2025-11-25T20:59:27Z
ZONE,0.3639,2025-11-25T20:59:26Z
ZOOZ,0.5177,2025-11-25T20:22:54Z
ZROZ,68.37,2025-11-25T20:52:19Z
ZS,289.78,2025-11-25T20:59:54Z
ZSEP,26.59,2025-11-25T18:09:32Z
ZSL,11.77,2025-11-25T20:55:35Z
ZSPC,0.3896,2025-11-25T20:59:22Z
ZTEK,0.7661,2025-11-25T19:15:41Z
ZTO,20.53,2025-11-25T20:59:58Z
ZTR,6.49,2025-11-25T20:58:57Z
ZTS,127.88,2025-11-25T20:59:49Z
ZUMZ,25.105,2025-11-25T20:58:59Z
ZURA,3.755,2025-11-25T20:59:50Z
ZVIA,2.68,2025-11-25T20:59:58Z
ZVOL,10.32,2025-11-25T14:49:23Z
ZVRA,8.4,2025-11-25T20:59:54Z
ZVZZT,19.275,2025-11-25T19:06:55Z
ZWS,48.06,2025-11-25T20:59:54Z
ZXIET,100,2025-11-25T14:30:00Z
ZYBT,2.36,2025-11-25T18:35:48Z
ZYME,26.2,2025-11-25T20:59:44Z
ZYXI,0.73,2025-11-25T20:59:48Z
