symbol,close,last_trade_utc
A,143.2,2025-10-29T19:59:50Z
AA,38.925,2025-10-29T19:59:59Z
AAAU,38.94,2025-10-29T19:59:49Z
AACIW,1.115,2025-10-29T19:11:04Z
AADR,85.77,2025-10-29T14:22:46Z
AAL,12.99,2025-10-29T19:59:59Z
AALG,13.38,2025-10-29T19:51:03Z
AAMI,49.27,2025-10-29T19:59:14Z
AAOI,35.41,2025-10-29T19:59:47Z
AAON,103.265,2025-10-29T19:59:47Z
AAP,55.155,2025-10-29T19:59:49Z
AAPB,33.32,2025-10-29T18:57:54Z
AAPD,13.24,2025-10-29T19:59:51Z
AAPL,269.82,2025-10-29T19:59:59Z
AAPU,35.87,2025-10-29T19:59:43Z
AAPX,30.94,2025-10-29T19:59:51Z
AARD,11.47,2025-10-29T19:59:57Z
AAT,18.96,2025-10-29T19:59:59Z
AAUC,17.3,2025-10-29T19:59:01Z
AAXJ,96.12,2025-10-29T19:59:57Z
AB,39.845,2025-10-29T19:35:18Z
ABAT,5.36,2025-10-29T19:59:58Z
ABBV,225.18,2025-10-29T19:59:52Z
ABCB,72.26,2025-10-29T19:59:46Z
ABCL,5.62,2025-10-29T19:59:58Z
ABEO,5,2025-10-29T19:59:58Z
ABEQ,34.6,2025-10-29T19:59:45Z
ABEV,2.18,2025-10-29T19:59:46Z
ABFL,72.86,2025-10-29T14:04:15Z
ABG,236.95,2025-10-29T19:59:33Z
ABL,5.34,2025-10-29T19:59:59Z
ABM,43.03,2025-10-29T19:59:47Z
ABNB,126.43,2025-10-29T19:59:52Z
ABOS,2.26,2025-10-29T19:57:11Z
ABP,0.2004,2025-10-29T19:58:15Z
ABR,11.57,2025-10-29T19:59:59Z
ABR-F,22.65,2025-10-29T13:51:43Z
ABSI,4.36,2025-10-29T19:59:54Z
ABT,124.48,2025-10-29T19:59:58Z
ABTC,5.43,2025-10-29T19:59:51Z
ABUS,4.61,2025-10-29T19:59:57Z
ABVC,2.75,2025-10-29T19:58:36Z
ABVE,4.18,2025-10-29T19:59:50Z
ABVEW,1.22,2025-10-29T17:05:34Z
ABVX,98.77,2025-10-29T19:59:31Z
ACA,93.04,2025-10-29T19:58:59Z
ACAD,22.51,2025-10-29T19:59:55Z
ACB,4.96,2025-10-29T19:59:58Z
ACCL,3.12,2025-10-29T17:46:56Z
ACCO,3.91,2025-10-29T19:59:43Z
ACDC,5.395,2025-10-29T19:59:55Z
ACEL,10.06,2025-10-29T19:59:48Z
ACES,35.52,2025-10-29T19:00:10Z
ACET,0.7566,2025-10-29T19:59:39Z
ACGL,85.87,2025-10-29T19:59:54Z
ACGLN,18.01,2025-10-29T17:07:33Z
ACHC,23.02,2025-10-29T19:59:53Z
ACHR,11.19,2025-10-29T19:59:59Z
ACHR+,3.24,2025-10-29T19:12:06Z
ACHV,4.94,2025-10-29T19:59:50Z
ACI,18.28,2025-10-29T19:59:59Z
ACIC,11.89,2025-10-29T19:58:04Z
ACII,25.435,2025-10-29T14:02:17Z
ACIO,44.35,2025-10-29T19:06:56Z
ACIU,3.86,2025-10-29T19:59:45Z
ACIW,47.3,2025-10-29T19:59:59Z
ACKY,20.09,2025-10-29T15:48:08Z
ACLS,83.07,2025-10-29T19:59:50Z
ACLX,85.99,2025-10-29T19:59:50Z
ACM,133.42,2025-10-29T19:59:49Z
ACMR,42.17,2025-10-29T19:58:54Z
ACN,247.75,2025-10-29T19:59:45Z
ACNB,43.875,2025-10-29T19:45:31Z
ACNT,12.2,2025-10-29T19:58:14Z
ACOG,6.53,2025-10-29T19:35:16Z
ACON,7.935,2025-10-29T19:55:33Z
ACP,5.49,2025-10-29T19:50:01Z
ACRE,4.43,2025-10-29T19:59:53Z
ACRS,2.34,2025-10-29T19:59:53Z
ACRV,1.89,2025-10-29T19:59:22Z
ACT,34.93,2025-10-29T19:59:56Z
ACTG,3.33,2025-10-29T19:59:45Z
ACTU,6.47,2025-10-29T19:59:50Z
ACU,39.12,2025-10-29T19:21:11Z
ACV,25.495,2025-10-29T16:05:19Z
ACVA,8.93,2025-10-29T19:59:59Z
ACVF,49.85,2025-10-29T19:59:45Z
ACWI,142.36,2025-10-29T19:59:55Z
ACWV,118.475,2025-10-29T19:59:13Z
ACWX,66.865,2025-10-29T19:59:46Z
ACXP,5.68,2025-10-29T14:41:57Z
AD,50.05,2025-10-29T19:51:00Z
ADAG,1.84,2025-10-29T18:17:47Z
ADAM,6.91,2025-10-29T19:59:58Z
ADAMG,24.91,2025-10-29T18:05:36Z
ADAMI,25.06,2025-10-29T16:00:34Z
ADAMN,21.79,2025-10-29T17:24:58Z
ADBE,337.755,2025-10-29T19:59:53Z
ADBG,9.835,2025-10-29T19:59:57Z
ADC,73.09,2025-10-29T19:59:54Z
ADCT,4.605,2025-10-29T19:59:34Z
ADEA,17.6,2025-10-29T19:59:59Z
ADGM,1.2,2025-10-29T19:59:23Z
ADI,234.76,2025-10-29T19:59:52Z
ADIL,0.352,2025-10-29T13:40:09Z
ADM,60.49,2025-10-29T19:59:49Z
ADMA,15.54,2025-10-29T19:59:59Z
ADN,0.9099,2025-10-29T19:58:31Z
ADNT,23.68,2025-10-29T19:59:58Z
ADNWW,0.0046,2025-10-29T17:57:27Z
ADP,261.17,2025-10-29T19:59:55Z
ADPT,16.8,2025-10-29T19:59:59Z
ADSE,10.475,2025-10-29T19:59:34Z
ADSK,296.975,2025-10-29T19:59:39Z
ADT,8.6,2025-10-29T19:59:59Z
ADTN,10.14,2025-10-29T19:59:59Z
ADTX,0.1147,2025-10-29T19:59:47Z
ADUR,14.12,2025-10-29T19:59:45Z
ADUS,122.5,2025-10-29T19:59:28Z
ADV,1.37,2025-10-29T19:59:57Z
ADVB,0.4481,2025-10-29T19:10:40Z
ADVM,4.25,2025-10-29T19:55:50Z
ADX,23.12,2025-10-29T19:59:59Z
AEBI,11.185,2025-10-29T19:59:51Z
AEC,8.09,2025-10-29T19:49:35Z
AEE,102.29,2025-10-29T19:59:52Z
AEF,6.87,2025-10-29T19:58:41Z
AEFC,20.22,2025-10-29T19:43:31Z
AEG,7.51,2025-10-29T19:59:59Z
AEHL,1.91,2025-10-29T18:15:09Z
AEHR,27.17,2025-10-29T19:57:25Z
AEI,2.72,2025-10-29T19:52:18Z
AEIS,207.89,2025-10-29T19:59:18Z
AEM,156.795,2025-10-29T19:59:49Z
AEMD,5.53,2025-10-29T19:32:20Z
AEMS,11.23,2025-10-29T16:59:44Z
AENT,6.975,2025-10-29T19:56:37Z
AEO,16.98,2025-10-29T19:59:59Z
AEP,122.13,2025-10-29T19:59:57Z
AER,131.49,2025-10-29T19:59:59Z
AERT,0.7591,2025-10-29T19:31:05Z
AERTW,0.04,2025-10-29T14:12:07Z
AES,14.38,2025-10-29T19:59:59Z
AESI,12.1,2025-10-29T19:59:59Z
AESR,21.03,2025-10-29T19:42:45Z
AETH,42.94,2025-10-29T13:34:29Z
AEVA,17.33,2025-10-29T19:59:59Z
AEXA,11.62,2025-10-29T19:59:55Z
AEYE,14.2,2025-10-29T19:24:45Z
AFB,10.985,2025-10-29T19:30:06Z
AFCG,3.29,2025-10-29T19:59:30Z
AFG,129.75,2025-10-29T19:59:53Z
AFGB,22.9,2025-10-29T17:26:33Z
AFGD,22.06,2025-10-29T13:38:37Z
AFIF,9.45,2025-10-29T19:59:45Z
AFJKR,0.39,2025-10-29T19:24:08Z
AFK,23.85,2025-10-29T18:33:47Z
AFL,105.68,2025-10-29T19:59:31Z
AFLG,39.54,2025-10-29T18:08:23Z
AFMC,33.67,2025-10-29T19:33:31Z
AFRM,72.63,2025-10-29T19:59:57Z
AFYA,14.39,2025-10-29T19:59:53Z
AG,12.64,2025-10-29T19:59:59Z
AGAE,0.6399,2025-10-29T18:58:33Z
AGCC,5.22,2025-10-29T19:52:01Z
AGCO,108.165,2025-10-29T19:59:52Z
AGD,11.58,2025-10-29T19:46:10Z
AGEM,38.77,2025-10-29T19:58:44Z
AGEN,3.845,2025-10-29T19:59:28Z
AGG,100.8,2025-10-29T19:59:57Z
AGGH,20.8,2025-10-29T19:59:57Z
AGGY,44.46,2025-10-29T19:52:06Z
AGH,6.71,2025-10-29T19:57:44Z
AGI,31.855,2025-10-29T19:59:57Z
AGIO,42.055,2025-10-29T19:59:58Z
AGIQ,23.89,2025-10-29T19:59:49Z
AGIX,39.34,2025-10-29T19:17:26Z
AGL,0.8604,2025-10-29T19:59:54Z
AGM,158.055,2025-10-29T19:01:24Z
AGM-G,19.33,2025-10-29T19:02:39Z
AGMH,4.28,2025-10-29T19:51:58Z
AGNC,10.05,2025-10-29T19:59:59Z
AGNCM,24.62,2025-10-29T14:34:29Z
AGNCN,25.64,2025-10-29T14:55:50Z
AGNCO,25.26,2025-10-29T15:48:10Z
AGNCP,24.81,2025-10-29T17:43:05Z
AGNCZ,25.47,2025-10-29T17:04:44Z
AGNG,33.75,2025-10-29T19:55:05Z
AGO,80.765,2025-10-29T19:57:35Z
AGQ,76.49,2025-10-29T19:52:41Z
AGRI,3.27,2025-10-29T19:51:24Z
AGRO,8.16,2025-10-29T19:59:52Z
AGRZ,4.46,2025-10-29T19:41:58Z
AGX,292.4,2025-10-29T19:59:53Z
AGYS,132.57,2025-10-29T19:57:29Z
AHCO,9.17,2025-10-29T19:59:54Z
AHH,6.46,2025-10-29T19:59:59Z
AHL,36.7,2025-10-29T19:59:16Z
AHL-E,21.56,2025-10-29T19:29:44Z
AHL-F,25.25,2025-10-29T19:59:42Z
AHMA,6.15,2025-10-29T19:25:53Z
AHR,44.57,2025-10-29T19:59:59Z
AHT,4.89,2025-10-29T15:53:46Z
AHT-F,14.49,2025-10-29T18:10:22Z
AI,17.56,2025-10-29T19:59:58Z
AIA,100.625,2025-10-29T19:57:55Z
AIBD,6.28,2025-10-29T18:54:04Z
AIBU,64.93,2025-10-29T17:26:08Z
AIEQ,46.49,2025-10-29T14:14:22Z
AIFD,38.89,2025-10-29T18:34:44Z
AIFF,1.92,2025-10-29T19:59:54Z
AIFU,4.83,2025-10-29T16:57:53Z
AIG,77.95,2025-10-29T19:59:54Z
AIHS,1.76,2025-10-29T18:36:23Z
AII,23.37,2025-10-29T19:59:59Z
AIIO,0.9106,2025-10-29T19:58:01Z
AIM,2.38,2025-10-29T19:45:24Z
AIMD,3.65,2025-10-29T17:25:17Z
AIN,56.865,2025-10-29T19:59:40Z
AIO,24.465,2025-10-29T19:55:56Z
AIOT,5.15,2025-10-29T19:59:59Z
AIP,13.61,2025-10-29T19:59:58Z
AIPI,43.695,2025-10-29T19:57:16Z
AIPO,25.68,2025-10-29T19:59:55Z
AIQ,53.46,2025-10-29T19:59:58Z
AIR,84.8,2025-10-29T19:58:50Z
AIRE,0.6949,2025-10-29T19:59:58Z
AIRI,3.23,2025-10-29T16:40:13Z
AIRJ,5.165,2025-10-29T19:54:57Z
AIRO,16.81,2025-10-29T19:59:59Z
AIRR,100.33,2025-10-29T19:59:50Z
AIRS,10.92,2025-10-29T19:59:57Z
AIS,40.56,2025-10-29T18:45:23Z
AISP,4.73,2025-10-29T19:59:59Z
AIT,254.4,2025-10-29T19:59:02Z
AIV,5.38,2025-10-29T19:59:59Z
AIXI,1.105,2025-10-29T19:45:00Z
AIYY,2.49,2025-10-29T19:59:51Z
AIZ,207.76,2025-10-29T19:58:32Z
AJG,262.005,2025-10-29T19:59:45Z
AKAM,73.03,2025-10-29T19:59:59Z
AKAN,1.675,2025-10-29T19:58:19Z
AKBA,2.09,2025-10-29T19:59:58Z
AKO.A,22.93,2025-10-29T19:43:06Z
AKR,19.1,2025-10-29T19:59:58Z
AKRE,64.955,2025-10-29T19:51:17Z
AKRO,54.01,2025-10-29T19:59:59Z
AKTX,0.76,2025-10-29T14:01:54Z
AL,63.76,2025-10-29T19:59:56Z
ALAB,173.64,2025-10-29T19:59:47Z
ALAI,39.15,2025-10-29T19:55:25Z
ALAR,15.99,2025-10-29T15:05:33Z
ALB,97.785,2025-10-29T19:59:53Z
ALB-A,43.33,2025-10-29T13:30:04Z
ALBT,2.07,2025-10-29T18:21:02Z
ALC,73.58,2025-10-29T19:59:59Z
ALCO,34.42,2025-10-29T19:31:11Z
ALDX,5.055,2025-10-29T19:59:53Z
ALE,67.43,2025-10-29T19:59:58Z
ALEC,1.555,2025-10-29T19:59:53Z
ALEX,16.41,2025-10-29T19:59:42Z
ALFUW,0.4,2025-10-29T19:58:31Z
ALG,182.95,2025-10-29T16:31:06Z
ALGM,30.77,2025-10-29T19:59:51Z
ALGN,132.03,2025-10-29T19:59:37Z
ALGS,8.54,2025-10-29T19:59:05Z
ALGT,62.36,2025-10-29T19:58:57Z
ALH,26.295,2025-10-29T19:59:30Z
ALHC,18.21,2025-10-29T19:59:54Z
ALIT,2.87,2025-10-29T19:59:48Z
ALK,41.77,2025-10-29T19:59:54Z
ALKS,31.45,2025-10-29T19:59:59Z
ALKT,22.58,2025-10-29T19:59:59Z
ALL,190.01,2025-10-29T19:59:56Z
ALL-B,26.23,2025-10-29T19:23:24Z
ALL-H,21.92,2025-10-29T19:53:04Z
ALL-I,20.57,2025-10-29T15:35:39Z
ALLE,165.49,2025-10-29T19:59:49Z
ALLO,1.23,2025-10-29T19:59:53Z
ALLR,1.42,2025-10-29T19:58:57Z
ALLT,9.71,2025-10-29T19:56:43Z
ALLW,28.67,2025-10-29T19:59:36Z
ALLY,39.97,2025-10-29T19:59:56Z
ALM,7.08,2025-10-29T19:59:56Z
ALMS,4.71,2025-10-29T19:59:56Z
ALMU,15.995,2025-10-29T19:58:41Z
ALNT,56.74,2025-10-29T19:59:56Z
ALNY,482.09,2025-10-29T19:59:31Z
ALRM,49.075,2025-10-29T19:59:55Z
ALRS,20.96,2025-10-29T19:57:41Z
ALSN,81.51,2025-10-29T19:59:46Z
ALT,4,2025-10-29T19:59:55Z
ALTG,5.94,2025-10-29T19:59:19Z
ALTI,3.92,2025-10-29T19:59:55Z
ALTL,44.85,2025-10-29T19:06:01Z
ALTO,1.02,2025-10-29T19:54:10Z
ALTS,2.39,2025-10-29T19:59:58Z
ALTY,11.95,2025-10-29T18:43:22Z
ALUR,1.87,2025-10-29T17:45:00Z
ALV,116.205,2025-10-29T19:59:58Z
ALVO,7.9,2025-10-29T19:59:51Z
ALX,223.25,2025-10-29T19:53:35Z
ALXO,1.6,2025-10-29T19:59:23Z
ALZN,2.48,2025-10-29T19:54:49Z
AM,17.545,2025-10-29T19:59:56Z
AMAL,27.215,2025-10-29T19:59:46Z
AMAT,235.82,2025-10-29T19:59:55Z
AMAX,8.29,2025-10-29T19:06:21Z
AMBA,85.93,2025-10-29T19:59:25Z
AMBC,8.57,2025-10-29T19:59:59Z
AMBO,4.09,2025-10-29T19:46:35Z
AMBP,3.66,2025-10-29T19:59:53Z
AMBQ,30.195,2025-10-29T19:55:58Z
AMBR,1.85,2025-10-29T19:34:09Z
AMC,2.66,2025-10-29T19:59:56Z
AMCR,8.005,2025-10-29T19:59:59Z
AMCX,7.72,2025-10-29T19:59:33Z
AMD,264.31,2025-10-29T19:59:56Z
AMDD,8.04,2025-10-29T19:59:59Z
AMDG,47.83,2025-10-29T19:15:02Z
AMDL,25.35,2025-10-29T19:59:59Z
AMDY,10.255,2025-10-29T19:59:43Z
AME,184.06,2025-10-29T19:59:46Z
AMG,237.47,2025-10-29T19:56:33Z
AMGN,291.82,2025-10-29T19:59:55Z
AMH,31.93,2025-10-29T19:59:57Z
AMIX,1.04,2025-10-29T19:31:47Z
AMJB,29.45,2025-10-29T14:54:58Z
AMKR,32.68,2025-10-29T19:59:57Z
AMLP,46.69,2025-10-29T19:59:45Z
AMLX,13.875,2025-10-29T19:59:45Z
AMN,20.64,2025-10-29T19:59:55Z
AMOD,1.09,2025-10-29T15:46:46Z
AMP,478.125,2025-10-29T19:59:46Z
AMPG,3.63,2025-10-29T19:59:51Z
AMPH,24.23,2025-10-29T19:59:39Z
AMPL,9.72,2025-10-29T19:59:48Z
AMPX,12.5,2025-10-29T19:59:58Z
AMPX+,5.3,2025-10-29T18:26:58Z
AMPY,4.415,2025-10-29T19:59:45Z
AMR,166.36,2025-10-29T19:59:03Z
AMRC,39.42,2025-10-29T19:59:40Z
AMRK,27.09,2025-10-29T19:59:19Z
AMRN,16.875,2025-10-29T19:48:14Z
AMRX,10.41,2025-10-29T19:59:59Z
AMRZ,52.86,2025-10-29T19:59:56Z
AMSC,62.95,2025-10-29T19:59:59Z
AMSF,39.76,2025-10-29T19:57:04Z
AMST,3.51,2025-10-29T19:40:14Z
AMT,179.01,2025-10-29T19:59:42Z
AMTB,16.72,2025-10-29T19:59:55Z
AMTM,21.49,2025-10-29T19:59:57Z
AMTX,2.285,2025-10-29T19:56:41Z
AMUU,99.69,2025-10-29T19:58:29Z
AMWD,64.66,2025-10-29T19:59:59Z
AMWL,5.265,2025-10-29T19:58:11Z
AMX,23.03,2025-10-29T19:59:57Z
AMYY,26.14,2025-10-29T15:17:16Z
AMZA,38.98,2025-10-29T19:06:17Z
AMZD,10.32,2025-10-29T19:43:26Z
AMZE,1.05,2025-10-29T17:29:48Z
AMZN,230.36,2025-10-29T19:59:59Z
AMZU,37.64,2025-10-29T19:59:35Z
AMZW,45.41,2025-10-29T18:12:09Z
AMZY,14.49,2025-10-29T19:55:04Z
AMZZ,32.28,2025-10-29T19:58:36Z
AN,196.34,2025-10-29T19:59:26Z
ANAB,36.15,2025-10-29T19:59:50Z
ANDE,46.83,2025-10-29T19:59:49Z
ANEL,25.64,2025-10-29T18:03:30Z
ANET,161.99,2025-10-29T19:59:49Z
ANF,73.27,2025-10-29T19:59:57Z
ANGI,13.3,2025-10-29T19:59:49Z
ANGL,29.62,2025-10-29T19:59:47Z
ANGO,12.1,2025-10-29T19:59:31Z
ANGX,6.33,2025-10-29T19:59:55Z
ANIK,9.69,2025-10-29T19:59:50Z
ANIP,92.16,2025-10-29T19:59:42Z
ANIX,4.23,2025-10-29T15:10:10Z
ANNX,3.18,2025-10-29T19:59:58Z
ANRO,14.015,2025-10-29T19:59:55Z
ANTA,11.86,2025-10-29T19:52:45Z
ANTX,1.3,2025-10-29T19:46:05Z
ANVS,2.19,2025-10-29T19:59:58Z
ANY,0.7326,2025-10-29T19:52:07Z
AOA,89.83,2025-10-29T18:50:08Z
AOD,9.53,2025-10-29T19:59:58Z
AOHY,11.19,2025-10-29T19:57:08Z
AOK,40.72,2025-10-29T18:26:25Z
AOM,48.21,2025-10-29T18:32:39Z
AOMN,25,2025-10-29T18:36:26Z
AOMR,9.045,2025-10-29T19:59:30Z
AON,326.225,2025-10-29T19:59:51Z
AOR,65.38,2025-10-29T19:59:49Z
AORT,45.055,2025-10-29T19:59:46Z
AOS,65.55,2025-10-29T19:59:50Z
AOSL,28.63,2025-10-29T19:59:29Z
AOUT,7.005,2025-10-29T19:59:08Z
AP,2.315,2025-10-29T19:59:53Z
APA,22.54,2025-10-29T19:59:59Z
APACU,10.02,2025-10-29T18:33:39Z
APAM,43.57,2025-10-29T19:59:50Z
APCB,30.02,2025-10-29T19:51:27Z
APD,248.225,2025-10-29T19:59:25Z
APEI,33.72,2025-10-29T19:56:00Z
APG,34.45,2025-10-29T19:59:56Z
APGE,55.695,2025-10-29T19:59:19Z
APH,139.665,2025-10-29T19:59:54Z
API,3.515,2025-10-29T19:59:42Z
APIE,36.615,2025-10-29T16:38:14Z
APLD,34.41,2025-10-29T19:59:58Z
APLE,11.46,2025-10-29T19:59:59Z
APLM,16.21,2025-10-29T17:19:29Z
APLS,30.055,2025-10-29T19:59:55Z
APLT,1.205,2025-10-29T19:59:59Z
APLU,25.35,2025-10-29T19:18:58Z
APLX,129.75,2025-10-29T19:56:13Z
APLY,13.92,2025-10-29T19:59:50Z
APM,1.46,2025-10-29T19:59:50Z
APO,124.87,2025-10-29T19:59:49Z
APOC,26.07,2025-10-29T15:23:13Z
APOG,36.835,2025-10-29T19:59:49Z
APOS,26.25,2025-10-29T19:55:42Z
APP,631.23,2025-10-29T19:59:53Z
APPF,238.12,2025-10-29T19:59:09Z
APPN,29.84,2025-10-29T19:59:59Z
APPS,6.26,2025-10-29T19:59:59Z
APPX,35.97,2025-10-29T19:54:30Z
APRB,25.35,2025-10-29T19:31:56Z
APRE,1.44,2025-10-29T19:12:23Z
APRW,34.39,2025-10-29T19:53:32Z
APT,4.64,2025-10-29T15:31:32Z
APTV,85.82,2025-10-29T19:59:48Z
APUE,42,2025-10-29T16:47:34Z
APUS,2.03,2025-10-29T19:51:41Z
APVO,1.42,2025-10-29T19:59:43Z
APXTU,10.085,2025-10-29T19:59:55Z
APYX,2.95,2025-10-29T19:40:48Z
AQB,1.33,2025-10-29T18:58:11Z
AQMS,6.9,2025-10-29T19:59:34Z
AQN,5.63,2025-10-29T19:59:57Z
AQST,6.48,2025-10-29T19:59:59Z
AQWA,19.65,2025-10-29T19:51:59Z
AR,31.65,2025-10-29T19:59:59Z
ARAI,5.06,2025-10-29T19:59:52Z
ARAY,1.44,2025-10-29T19:59:00Z
ARB,29.11,2025-10-29T15:23:34Z
ARBE,1.915,2025-10-29T19:59:37Z
ARBK,0.3917,2025-10-29T19:43:55Z
ARCB,72.125,2025-10-29T19:59:51Z
ARCC,20.61,2025-10-29T19:59:58Z
ARCO,7.37,2025-10-29T19:59:58Z
ARCT,9.44,2025-10-29T19:59:54Z
ARCX,17.4,2025-10-29T19:44:03Z
ARDC,13.5,2025-10-29T19:48:44Z
ARDT,14.985,2025-10-29T19:59:39Z
ARDX,4.94,2025-10-29T19:59:56Z
ARE,58.91,2025-10-29T19:59:50Z
AREB,1.44,2025-10-29T19:57:40Z
AREC,3.78,2025-10-29T19:59:59Z
AREN,5.77,2025-10-29T19:59:55Z
ARES,150.38,2025-10-29T19:59:48Z
ARGT,91.81,2025-10-29T19:57:00Z
ARGX,822.895,2025-10-29T19:58:30Z
ARHS,10.16,2025-10-29T19:59:50Z
ARI,10.1,2025-10-29T19:59:54Z
ARKB,36.73,2025-10-29T19:59:55Z
ARKF,57.55,2025-10-29T19:59:55Z
ARKG,29.92,2025-10-29T19:59:43Z
ARKK,89.23,2025-10-29T19:59:58Z
ARKO,4.38,2025-10-29T19:59:46Z
ARKQ,124.66,2025-10-29T19:59:53Z
ARKW,178.04,2025-10-29T18:36:20Z
ARKX,31.38,2025-10-29T19:59:59Z
ARLO,19.305,2025-10-29T19:59:49Z
ARLP,24.17,2025-10-29T19:58:50Z
ARM,170.365,2025-10-29T19:59:45Z
ARMG,15.38,2025-10-29T18:51:46Z
ARMK,39.09,2025-10-29T19:59:53Z
ARMN,9.32,2025-10-29T19:59:32Z
ARMP,5.49,2025-10-29T19:59:04Z
AROC,24.94,2025-10-29T19:59:59Z
AROW,26.335,2025-10-29T19:57:23Z
ARQ,6.66,2025-10-29T19:59:47Z
ARQQ,45.455,2025-10-29T19:54:50Z
ARQQW,0.7567,2025-10-29T17:56:18Z
ARQT,25.27,2025-10-29T19:59:57Z
ARR,16.2,2025-10-29T19:59:59Z
ARRY,8.92,2025-10-29T19:59:59Z
ARTNA,33.32,2025-10-29T15:29:22Z
ARTV,4.43,2025-10-29T19:59:59Z
ARTW,2.56,2025-10-29T18:41:05Z
ARTY,51.43,2025-10-29T19:59:28Z
ARVN,9.595,2025-10-29T19:59:58Z
ARVR,51.67,2025-10-29T19:04:59Z
ARW,116.01,2025-10-29T19:59:55Z
ARWR,40.25,2025-10-29T19:59:53Z
ARX,11.77,2025-10-29T19:59:48Z
AS,32.145,2025-10-29T19:59:50Z
ASA,45.265,2025-10-29T19:06:03Z
ASAN,13.735,2025-10-29T19:59:59Z
ASB,24.825,2025-10-29T19:59:57Z
ASBA,24.75,2025-10-29T19:50:51Z
ASBP,0.3941,2025-10-29T19:59:58Z
ASC,12.57,2025-10-29T19:59:52Z
ASG,5.62,2025-10-29T19:59:58Z
ASGI,20.58,2025-10-29T19:59:50Z
ASGN,44.53,2025-10-29T19:59:46Z
ASH,49.65,2025-10-29T19:59:59Z
ASHR,33.91,2025-10-29T19:59:50Z
ASHS,38.09,2025-10-29T19:59:46Z
ASIC,19.315,2025-10-29T19:58:52Z
ASIX,19.43,2025-10-29T19:59:58Z
ASLE,7.415,2025-10-29T19:59:29Z
ASM,4.78,2025-10-29T19:59:59Z
ASMB,31,2025-10-29T19:59:18Z
ASMF,23.53,2025-10-29T14:12:38Z
ASMG,26.38,2025-10-29T19:53:51Z
ASML,1070.37,2025-10-29T19:59:46Z
ASND,205.86,2025-10-29T19:59:29Z
ASNS,0.561,2025-10-29T19:52:10Z
ASO,48.83,2025-10-29T19:59:59Z
ASPCU,10.58,2025-10-29T18:59:55Z
ASPI,10.36,2025-10-29T19:59:42Z
ASPN,7.9,2025-10-29T19:59:59Z
ASPS,10.01,2025-10-29T14:28:50Z
ASPSW,0.5399,2025-10-29T13:54:13Z
ASPSZ,0.4999,2025-10-29T15:35:13Z
ASR,311.33,2025-10-29T18:05:51Z
ASRT,0.7814,2025-10-29T19:59:52Z
ASST,1.245,2025-10-29T19:59:51Z
ASTC,4.13,2025-10-29T17:31:18Z
ASTE,47.54,2025-10-29T19:57:05Z
ASTH,33.19,2025-10-29T19:59:42Z
ASTI,2.13,2025-10-29T19:19:17Z
ASTL,4.265,2025-10-29T19:59:58Z
ASTS,80.02,2025-10-29T19:59:59Z
ASTX,63.32,2025-10-29T19:59:51Z
ASUR,8.1,2025-10-29T19:58:54Z
ASX,14.44,2025-10-29T19:59:58Z
ASYS,8.12,2025-10-29T19:58:59Z
ATAI,5.87,2025-10-29T19:59:59Z
ATAT,37.39,2025-10-29T19:59:33Z
ATCH,0.4103,2025-10-29T19:59:31Z
ATEC,16.49,2025-10-29T19:59:53Z
ATEN,17.49,2025-10-29T19:59:50Z
ATEX,19.375,2025-10-29T19:59:33Z
ATFV,36.57,2025-10-29T19:24:00Z
ATGE,140.58,2025-10-29T19:59:34Z
ATH-A,25.075,2025-10-29T18:36:11Z
ATH-D,17.99,2025-10-29T14:16:29Z
ATH-E,25.88,2025-10-29T16:18:21Z
ATHE,4.62,2025-10-29T19:07:00Z
ATHM,25.41,2025-10-29T19:56:06Z
ATHS,25.31,2025-10-29T19:38:22Z
ATI,102.9,2025-10-29T19:59:55Z
ATKR,69.595,2025-10-29T19:58:02Z
ATLC,56.95,2025-10-29T19:17:48Z
ATLCZ,25.5,2025-10-29T19:53:04Z
ATLN,2.82,2025-10-29T16:45:16Z
ATLX,5.15,2025-10-29T19:59:58Z
ATMCW,0.065,2025-10-29T18:25:33Z
ATMP,27.62,2025-10-29T19:59:51Z
ATMU,47.13,2025-10-29T19:59:50Z
ATNI,14.83,2025-10-29T19:58:58Z
ATNM,1.45,2025-10-29T19:59:39Z
ATO,171.63,2025-10-29T19:59:34Z
ATOM,3.175,2025-10-29T19:58:59Z
ATON,5.21,2025-10-29T17:29:26Z
ATOS,0.8736,2025-10-29T19:58:54Z
ATR,124.185,2025-10-29T19:59:41Z
ATRA,14.655,2025-10-29T14:33:22Z
ATRC,35.48,2025-10-29T19:59:53Z
ATRO,49.765,2025-10-29T19:59:56Z
ATS,27.29,2025-10-29T19:59:47Z
ATUS,2.115,2025-10-29T19:59:47Z
ATXG,0.4755,2025-10-29T19:59:17Z
ATXS,12.6,2025-10-29T19:59:59Z
ATYR,0.9692,2025-10-29T19:59:47Z
AU,67.315,2025-10-29T19:59:55Z
AUB,32.85,2025-10-29T19:59:58Z
AUDC,8.96,2025-10-29T19:59:56Z
AUGM,33.82,2025-10-29T14:38:43Z
AUGO,30.12,2025-10-29T19:58:21Z
AUGU,29.75,2025-10-29T16:55:25Z
AUGW,32.24,2025-10-29T16:45:29Z
AUID,2.6,2025-10-29T14:02:27Z
AUNA,5.94,2025-10-29T19:59:50Z
AUPH,12.22,2025-10-29T19:59:59Z
AUR,5.11,2025-10-29T19:59:48Z
AURA,6.14,2025-10-29T19:59:50Z
AURE,0.45,2025-10-29T17:32:51Z
AURU,20.42,2025-10-29T18:52:57Z
AUSF,45.47,2025-10-29T18:26:53Z
AUST,1.83,2025-10-29T19:45:10Z
AUTL,1.465,2025-10-29T19:59:49Z
AUUD,1.33,2025-10-29T19:59:32Z
AVA,38.22,2025-10-29T19:59:47Z
AVAH,9.86,2025-10-29T19:59:59Z
AVAL,4.05,2025-10-29T15:36:47Z
AVAV,381.015,2025-10-29T19:55:06Z
AVB,176.23,2025-10-29T19:59:27Z
AVBC,15.03,2025-10-29T17:58:57Z
AVBH,25.91,2025-10-29T17:47:57Z
AVBP,18.65,2025-10-29T19:58:21Z
AVD,4.61,2025-10-29T19:59:23Z
AVDE,79.805,2025-10-29T19:59:27Z
AVDL,18.9,2025-10-29T19:59:59Z
AVDS,67.79,2025-10-29T14:33:23Z
AVDV,89.46,2025-10-29T19:59:51Z
AVEM,78.395,2025-10-29T19:59:27Z
AVES,58.805,2025-10-29T17:52:59Z
AVGG,36.71,2025-10-29T19:59:07Z
AVGO,385.915,2025-10-29T19:59:57Z
AVGU,45.28,2025-10-29T19:54:00Z
AVGW,60.41,2025-10-29T19:52:19Z
AVGX,63.55,2025-10-29T19:56:43Z
AVIG,42.255,2025-10-29T19:59:45Z
AVIR,3.27,2025-10-29T19:59:59Z
AVIV,68.325,2025-10-29T19:55:06Z
AVK,12.975,2025-10-29T19:59:50Z
AVL,69.645,2025-10-29T19:59:56Z
AVLV,73.175,2025-10-29T19:59:48Z
AVNS,11.43,2025-10-29T19:59:59Z
AVNT,31.89,2025-10-29T19:59:55Z
AVO,11.25,2025-10-29T19:59:56Z
AVPT,13.845,2025-10-29T19:59:51Z
AVR,4.43,2025-10-29T19:59:47Z
AVRE,43.84,2025-10-29T19:05:24Z
AVS,8.925,2025-10-29T19:59:47Z
AVSC,58.17,2025-10-29T14:18:12Z
AVSD,72.72,2025-10-29T18:14:12Z
AVSF,47.2,2025-10-29T19:54:06Z
AVT,48.73,2025-10-29T19:59:58Z
AVTR,11.58,2025-10-29T19:59:59Z
AVTX,18.29,2025-10-29T19:26:00Z
AVUQ,62.17,2025-10-29T14:06:33Z
AVUS,111.01,2025-10-29T19:59:51Z
AVUV,98.26,2025-10-29T19:59:55Z
AVXL,8.01,2025-10-29T19:59:59Z
AVXX,22.25,2025-10-29T15:44:56Z
AVY,176.09,2025-10-29T19:59:48Z
AWF,11.02,2025-10-29T19:36:23Z
AWI,192.28,2025-10-29T19:58:59Z
AWK,130.095,2025-10-29T19:59:33Z
AWP,3.8,2025-10-29T19:57:17Z
AWR,72.62,2025-10-29T19:59:58Z
AWRE,2.5,2025-10-29T18:35:31Z
AX,78.68,2025-10-29T19:59:51Z
AXG,3.66,2025-10-29T19:59:31Z
AXGN,22.23,2025-10-29T19:59:52Z
AXL,6.63,2025-10-29T19:59:55Z
AXON,759.47,2025-10-29T19:59:23Z
AXP,358.11,2025-10-29T19:59:49Z
AXR,23.1,2025-10-29T18:43:46Z
AXS,88.255,2025-10-29T19:59:49Z
AXS-E,21.39,2025-10-29T18:36:08Z
AXSM,132.92,2025-10-29T19:51:37Z
AXTA,29.51,2025-10-29T19:59:59Z
AXTI,7.07,2025-10-29T19:59:53Z
AYI,360.55,2025-10-29T19:58:42Z
AZ,7.26,2025-10-29T19:59:53Z
AZI,0.0924,2025-10-29T19:57:08Z
AZN,82.23,2025-10-29T19:59:58Z
AZO,3748.23,2025-10-29T17:37:18Z
AZTA,29.76,2025-10-29T19:59:55Z
AZTR,0.4996,2025-10-29T19:24:22Z
AZZ,99.92,2025-10-29T19:59:47Z
B,32.05,2025-10-29T19:59:59Z
BA,213.64,2025-10-29T19:59:59Z
BA-A,68.395,2025-10-29T19:50:32Z
BAB,27.47,2025-10-29T19:04:19Z
BABA,179.96,2025-10-29T19:59:59Z
BABO,16.47,2025-10-29T19:59:59Z
BABX,56.01,2025-10-29T19:59:41Z
BAC,52.62,2025-10-29T19:59:59Z
BAC-B,25.67,2025-10-29T19:59:43Z
BAC-N,21.535,2025-10-29T16:08:18Z
BAC-O,18.53,2025-10-29T19:57:01Z
BAC-Q,18.29,2025-10-29T15:14:30Z
BACQ,11.24,2025-10-29T19:59:50Z
BACQR,0.8601,2025-10-29T19:37:09Z
BAER,1.66,2025-10-29T19:58:25Z
BAFE,26.99,2025-10-29T19:59:46Z
BAH,82.82,2025-10-29T19:59:55Z
BAI,37.91,2025-10-29T19:59:27Z
BAIG,19.11,2025-10-29T19:19:07Z
BAK,2.605,2025-10-29T19:59:54Z
BALI,32.06,2025-10-29T19:55:09Z
BALL,47.76,2025-10-29T19:59:49Z
BALT,33.045,2025-10-29T19:59:45Z
BALY,18.37,2025-10-29T19:59:44Z
BAM,54.47,2025-10-29T19:59:41Z
BAMD,30.455,2025-10-29T19:59:45Z
BAMO,32.49,2025-10-29T19:38:26Z
BAMY,28.06,2025-10-29T17:04:07Z
BANC,16.96,2025-10-29T19:59:58Z
BANC-F,25.01,2025-10-29T16:54:30Z
BAND,16.78,2025-10-29T19:59:51Z
BANF,109.65,2025-10-29T19:30:56Z
BANL,0.4805,2025-10-29T17:26:34Z
BANR,61.04,2025-10-29T19:59:43Z
BANX,21.16,2025-10-29T18:59:22Z
BAP,263.01,2025-10-29T19:59:17Z
BAPR,47.26,2025-10-29T18:48:17Z
BAR,38.89,2025-10-29T19:58:35Z
BARK,0.9501,2025-10-29T19:59:59Z
BATL,1.15,2025-10-29T15:00:17Z
BATRA,42.94,2025-10-29T19:51:07Z
BATRK,40.07,2025-10-29T19:59:55Z
BATT,13.94,2025-10-29T19:35:11Z
BAX,22.415,2025-10-29T19:59:59Z
BB,4.835,2025-10-29T19:59:28Z
BBAG,46.88,2025-10-29T19:30:20Z
BBAI,6.9,2025-10-29T19:59:59Z
BBAI+,2.07,2025-10-29T19:05:15Z
BBAR,15.51,2025-10-29T19:59:58Z
BBAX,56.66,2025-10-29T19:59:49Z
BBBL,50.12,2025-10-29T18:53:14Z
BBBS,51.74,2025-10-29T18:45:41Z
BBBY,8.18,2025-10-29T19:59:55Z
BBBY+,1.35,2025-10-29T19:40:43Z
BBCA,87.16,2025-10-29T19:58:00Z
BBCB,46.695,2025-10-29T14:48:08Z
BBCP,6.34,2025-10-29T19:59:37Z
BBD,3.54,2025-10-29T19:59:59Z
BBDC,9.03,2025-10-29T19:59:47Z
BBDO,3.03,2025-10-29T18:42:00Z
BBEU,70.85,2025-10-29T19:59:37Z
BBHY,46.83,2025-10-29T19:34:08Z
BBIN,71.5,2025-10-29T19:56:46Z
BBIO,66.62,2025-10-29T19:59:57Z
BBJP,68.65,2025-10-29T19:59:58Z
BBLU,15.58,2025-10-29T19:38:54Z
BBMC,106.23,2025-10-29T16:21:44Z
BBN,16.67,2025-10-29T19:53:33Z
BBNX,26.8,2025-10-29T19:59:55Z
BBOT,11.56,2025-10-29T19:59:26Z
BBRE,93.96,2025-10-29T15:06:00Z
BBSB,99.57,2025-10-29T14:35:30Z
BBSI,40.28,2025-10-29T19:59:09Z
BBT,23.14,2025-10-29T19:59:59Z
BBU,34.755,2025-10-29T18:55:38Z
BBUC,35.965,2025-10-29T19:55:42Z
BBUS,124.39,2025-10-29T19:59:55Z
BBVA,20.29,2025-10-29T19:59:58Z
BBW,54.94,2025-10-29T19:59:54Z
BBWI,24.92,2025-10-29T19:59:58Z
BBY,83.985,2025-10-29T19:59:53Z
BC,68.32,2025-10-29T19:59:50Z
BCAB,0.6917,2025-10-29T19:59:41Z
BCAL,18.1,2025-10-29T19:59:51Z
BCAR,10.06,2025-10-29T16:52:59Z
BCAT,14.565,2025-10-29T19:59:54Z
BCAX,15.87,2025-10-29T19:59:02Z
BCBP,7.88,2025-10-29T19:58:59Z
BCC,70.4,2025-10-29T19:59:50Z
BCCC,22.48,2025-10-29T19:59:50Z
BCD,35.1,2025-10-29T15:04:13Z
BCDA,1.29,2025-10-29T19:29:55Z
BCDF,31.36,2025-10-29T17:27:43Z
BCE,23.5,2025-10-29T19:59:55Z
BCH,34.45,2025-10-29T19:59:57Z
BCI,21.885,2025-10-29T19:59:46Z
BCIC,11.58,2025-10-29T19:37:08Z
BCIM,22.74,2025-10-29T19:59:46Z
BCML,27.065,2025-10-29T19:40:35Z
BCO,112.815,2025-10-29T19:30:19Z
BCPC,153.58,2025-10-29T19:58:55Z
BCRX,7.3,2025-10-29T19:59:56Z
BCS,21.35,2025-10-29T19:59:55Z
BCSF,14.15,2025-10-29T19:55:50Z
BCSS=,10.36,2025-10-29T18:37:51Z
BCTX,12.91,2025-10-29T15:59:05Z
BCV,23.69,2025-10-29T19:06:02Z
BCX,9.9,2025-10-29T19:59:26Z
BCYC,8.21,2025-10-29T19:58:45Z
BDBT,25.71,2025-10-29T19:56:40Z
BDC,119.66,2025-10-29T19:59:01Z
BDCI,10.125,2025-10-29T19:16:52Z
BDCIU,10.32,2025-10-29T19:30:41Z
BDJ,9.08,2025-10-29T19:59:54Z
BDMD,1.44,2025-10-29T17:30:04Z
BDN,3.465,2025-10-29T19:59:49Z
BDRX,6.06,2025-10-29T17:07:05Z
BDRY,8.15,2025-10-29T14:58:18Z
BDSX,6.405,2025-10-29T19:53:39Z
BDTX,3.82,2025-10-29T19:59:39Z
BDVL,25.18,2025-10-29T17:45:26Z
BDX,181.48,2025-10-29T19:59:41Z
BDYN,26.045,2025-10-29T19:56:46Z
BE,133.71,2025-10-29T19:59:59Z
BEAGR,0.405,2025-10-29T16:28:19Z
BEAM,24.77,2025-10-29T19:59:57Z
BEAT,1.6,2025-10-29T14:27:01Z
BEEM,2.74,2025-10-29T19:59:54Z
BEEP,3.53,2025-10-29T19:40:35Z
BEKE,17.77,2025-10-29T19:59:56Z
BELFA,138.975,2025-10-29T18:36:00Z
BELFB,151.85,2025-10-29T19:59:50Z
BEN,22.95,2025-10-29T19:59:59Z
BENF,0.6227,2025-10-29T19:59:35Z
BEP,30.685,2025-10-29T19:59:43Z
BEP-A,18.61,2025-10-29T15:42:11Z
BEPC,42.67,2025-10-29T19:59:57Z
BERZ,2.56,2025-10-29T19:51:10Z
BETR,78.15,2025-10-29T19:59:10Z
BETZ,21.9,2025-10-29T17:36:58Z
BF.A,26.645,2025-10-29T19:57:33Z
BF.B,26.795,2025-10-29T19:59:59Z
BFAM,92.725,2025-10-29T19:59:50Z
BFC,128.64,2025-10-29T15:11:33Z
BFEB,47.94,2025-10-29T19:53:22Z
BFH,62.17,2025-10-29T19:59:53Z
BFIN,11.3,2025-10-29T18:39:49Z
BFK,10.14,2025-10-29T19:51:39Z
BFLY,2.155,2025-10-29T19:59:41Z
BFOC,19.82,2025-10-29T15:25:47Z
BFOR,81.27,2025-10-29T18:08:56Z
BFRG,1.31,2025-10-29T19:44:03Z
BFRI,1.09,2025-10-29T18:49:47Z
BFRZ,26.84,2025-10-29T14:10:38Z
BFS,29.76,2025-10-29T19:45:42Z
BFST,24.62,2025-10-29T19:59:28Z
BFZ,10.985,2025-10-29T19:59:41Z
BG,96.05,2025-10-29T19:59:49Z
BGB,11.81,2025-10-29T19:57:01Z
BGC,9.13,2025-10-29T19:59:59Z
BGH,15.33,2025-10-29T19:25:18Z
BGI,1.17,2025-10-29T19:30:21Z
BGIG,31.97,2025-10-29T19:49:58Z
BGIN,4.22,2025-10-29T16:28:48Z
BGL,6.71,2025-10-29T19:57:38Z
BGLC,5.2,2025-10-29T18:18:20Z
BGMS,1.81,2025-10-29T19:59:03Z
BGR,13.27,2025-10-29T19:56:18Z
BGRN,48.33,2025-10-29T19:25:36Z
BGS,4.12,2025-10-29T19:59:55Z
BGSF,3.4,2025-10-29T19:59:54Z
BGT,11.75,2025-10-29T19:58:56Z
BGX,11.775,2025-10-29T18:47:32Z
BGY,5.86,2025-10-29T19:59:58Z
BH,361.88,2025-10-29T19:40:45Z
BH.A,1799.3,2025-10-29T19:59:20Z
BHAT,1.52,2025-10-29T19:49:23Z
BHB,29.09,2025-10-29T19:48:17Z
BHC,5.885,2025-10-29T19:59:49Z
BHE,43.775,2025-10-29T19:59:48Z
BHF,46.29,2025-10-29T19:59:59Z
BHFAN,13.09,2025-10-29T19:32:48Z
BHFAO,16.08,2025-10-29T19:41:43Z
BHFAP,15.95,2025-10-29T19:38:14Z
BHK,9.745,2025-10-29T19:57:09Z
BHP,57.94,2025-10-29T19:59:54Z
BHR,2.535,2025-10-29T19:59:14Z
BHRB,59.55,2025-10-29T19:39:25Z
BHVN,18.11,2025-10-29T19:59:54Z
BIAF,2.47,2025-10-29T19:58:35Z
BIB,68.17,2025-10-29T19:40:05Z
BIBL,45.56,2025-10-29T19:00:10Z
BIDD,28.8,2025-10-29T19:59:47Z
BIDU,127.58,2025-10-29T19:59:36Z
BIIB,148.16,2025-10-29T19:59:51Z
BIL,91.735,2025-10-29T19:59:47Z
BILI,32.02,2025-10-29T19:59:59Z
BILL,49.155,2025-10-29T19:59:59Z
BILS,99.49,2025-10-29T19:59:45Z
BILT,25.94,2025-10-29T14:54:18Z
BILZ,101.125,2025-10-29T19:55:15Z
BINC,53.35,2025-10-29T19:59:49Z
BINV,39,2025-10-29T19:42:35Z
BIO,319.415,2025-10-29T19:59:40Z
BIOA,7.67,2025-10-29T19:59:45Z
BIOX,1.92,2025-10-29T19:59:31Z
BIP,34.33,2025-10-29T19:59:48Z
BIP-B,16.95,2025-10-29T19:55:47Z
BIPC,44,2025-10-29T19:59:47Z
BIRD,7.69,2025-10-29T19:09:28Z
BIRK,40.13,2025-10-29T19:59:51Z
BIT,13.17,2025-10-29T19:59:59Z
BITB,60.12,2025-10-29T19:59:55Z
BITC,41.19,2025-10-29T18:35:31Z
BITF,4.25,2025-10-29T19:59:59Z
BITI,18.86,2025-10-29T19:59:49Z
BITO,18.2,2025-10-29T19:59:50Z
BITQ,28.59,2025-10-29T19:55:22Z
BITS,110.37,2025-10-29T15:42:42Z
BITU,48.33,2025-10-29T19:59:56Z
BITX,49.43,2025-10-29T19:59:56Z
BIV,78.385,2025-10-29T19:58:49Z
BIVI,1.81,2025-10-29T18:43:54Z
BIYA,0.3108,2025-10-29T16:43:10Z
BIZD,14.42,2025-10-29T19:59:48Z
BJ,89.9,2025-10-29T19:59:56Z
BJDX,2.3,2025-10-29T19:30:54Z
BJK,41.81,2025-10-29T16:01:24Z
BJRI,30.045,2025-10-29T19:59:31Z
BK,107.05,2025-10-29T19:59:59Z
BKAG,42.79,2025-10-29T19:50:05Z
BKCH,108.82,2025-10-29T19:25:49Z
BKD,8.96,2025-10-29T19:59:59Z
BKDV,28.08,2025-10-29T16:05:12Z
BKE,54.18,2025-10-29T19:59:49Z
BKF,45.78,2025-10-29T19:28:27Z
BKGI,39.5,2025-10-29T19:59:07Z
BKH,63.7,2025-10-29T19:59:50Z
BKHA,11.49,2025-10-29T13:40:42Z
BKHY,48.7,2025-10-29T15:21:09Z
BKIE,90.51,2025-10-29T19:56:55Z
BKKT,26.01,2025-10-29T19:59:53Z
BKLC,131.88,2025-10-29T18:59:13Z
BKLN,20.9,2025-10-29T19:52:05Z
BKN,11.24,2025-10-29T16:53:20Z
BKNG,5059.88,2025-10-29T19:47:57Z
BKR,48.33,2025-10-29T19:59:59Z
BKSE,112.15,2025-10-29T18:35:29Z
BKSY,21,2025-10-29T19:59:52Z
BKT,11.2,2025-10-29T19:59:57Z
BKTI,72.01,2025-10-29T18:44:41Z
BKU,40.34,2025-10-29T19:59:54Z
BKUI,49.945,2025-10-29T18:40:30Z
BKV,22.91,2025-10-29T19:59:47Z
BKYI,0.8989,2025-10-29T19:58:49Z
BL,56.54,2025-10-29T19:59:57Z
BLBD,51.66,2025-10-29T19:59:51Z
BLBX,8.12,2025-10-29T19:57:40Z
BLCO,15.51,2025-10-29T19:59:57Z
BLCV,36.18,2025-10-29T16:57:02Z
BLD,432.485,2025-10-29T19:59:42Z
BLDP,3.55,2025-10-29T19:59:50Z
BLDR,115.31,2025-10-29T19:59:55Z
BLE,10.57,2025-10-29T18:53:33Z
BLFS,27.5,2025-10-29T19:59:29Z
BLFY,8.52,2025-10-29T19:59:52Z
BLGR,29.94,2025-10-29T18:57:34Z
BLIN,1.3,2025-10-29T14:10:40Z
BLK,1097,2025-10-29T19:59:56Z
BLKB,67.95,2025-10-29T19:59:40Z
BLMN,7.41,2025-10-29T19:59:59Z
BLMZ,0.2028,2025-10-29T19:50:07Z
BLND,3.39,2025-10-29T19:59:59Z
BLNE,2.94,2025-10-29T19:59:40Z
BLNK,1.68,2025-10-29T19:59:58Z
BLOK,70.65,2025-10-29T19:54:35Z
BLOX,25.875,2025-10-29T19:53:03Z
BLRX,3.61,2025-10-29T18:29:43Z
BLSH,52.725,2025-10-29T19:59:47Z
BLSX,26.01,2025-10-29T15:01:22Z
BLTE,97.55,2025-10-29T19:59:53Z
BLUC,29.09,2025-10-29T17:29:52Z
BLUWW,0.1822,2025-10-29T19:05:19Z
BLUX,28,2025-10-29T19:51:45Z
BLV,71.895,2025-10-29T19:56:40Z
BLW,13.86,2025-10-29T19:59:05Z
BLX,42.235,2025-10-29T19:59:19Z
BLZE,10.5,2025-10-29T19:59:28Z
BLZRU,10.3,2025-10-29T15:35:22Z
BMA,85.45,2025-10-29T19:59:28Z
BMBL,5.54,2025-10-29T19:59:57Z
BMEA,1.365,2025-10-29T19:58:56Z
BMEZ,15.02,2025-10-29T19:59:50Z
BMGL,1.56,2025-10-29T19:56:56Z
BMI,182.5,2025-10-29T19:59:33Z
BML-H,20.64,2025-10-29T15:25:37Z
BMN,24.705,2025-10-29T17:47:30Z
BMNG,14.215,2025-10-29T18:43:18Z
BMNR,49.73,2025-10-29T19:59:59Z
BMNU,22.48,2025-10-29T19:59:17Z
BMO,125.95,2025-10-29T19:59:58Z
BMR,2.66,2025-10-29T19:43:47Z
BMRC,25.875,2025-10-29T19:57:22Z
BMRN,51.87,2025-10-29T19:59:59Z
BMY,42.64,2025-10-29T19:59:59Z
BN,46.55,2025-10-29T19:59:58Z
BNAI,0.4516,2025-10-29T19:39:42Z
BNBX,3.66,2025-10-29T19:56:09Z
BNC,7.61,2025-10-29T19:59:59Z
BND,74.73,2025-10-29T19:59:54Z
BNDD,101.61,2025-10-29T15:27:36Z
BNDI,47.98,2025-10-29T18:32:05Z
BNDW,70.03,2025-10-29T19:59:50Z
BNDX,49.76,2025-10-29T19:59:50Z
BNDY,26.12,2025-10-29T16:34:14Z
BNED,9.06,2025-10-29T19:59:50Z
BNGO,1.815,2025-10-29T19:57:13Z
BNKK,0.2347,2025-10-29T19:59:53Z
BNKU,26.81,2025-10-29T14:04:12Z
BNL,17.94,2025-10-29T19:59:59Z
BNO,29.335,2025-10-29T19:58:30Z
BNOV,44.12,2025-10-29T16:02:02Z
BNRG,1.55,2025-10-29T19:53:36Z
BNS,65.31,2025-10-29T19:59:59Z
BNTC,16.14,2025-10-29T19:59:56Z
BNTX,103.31,2025-10-29T19:59:52Z
BNY,10.28,2025-10-29T18:00:33Z
BNZI,2.09,2025-10-29T19:59:49Z
BOAT,32.13,2025-10-29T15:05:07Z
BOC,12.94,2025-10-29T19:59:49Z
BODI,4.74,2025-10-29T16:55:58Z
BOE,11.64,2025-10-29T19:56:38Z
BOED,18.33,2025-10-29T14:05:37Z
BOEU,40.29,2025-10-29T14:15:03Z
BOF,3.07,2025-10-29T19:58:22Z
BOH,64.35,2025-10-29T19:59:51Z
BOH-A,16.77,2025-10-29T19:10:52Z
BOH-B,26.24,2025-10-29T14:37:39Z
BOIL,26.315,2025-10-29T19:59:28Z
BOKF,105.945,2025-10-29T19:59:53Z
BON,1.91,2025-10-29T19:56:40Z
BOND,94.09,2025-10-29T19:58:12Z
BOOM,8.52,2025-10-29T19:59:25Z
BOOT,194.16,2025-10-29T19:59:50Z
BORR,3.035,2025-10-29T19:59:56Z
BOSC,5.52,2025-10-29T19:58:42Z
BOTT,42.75,2025-10-29T17:57:53Z
BOTZ,38.125,2025-10-29T19:59:47Z
BOW,24.15,2025-10-29T19:55:45Z
BOX,31.69,2025-10-29T19:59:59Z
BOXL,1.535,2025-10-29T19:51:38Z
BOXX,114.17,2025-10-29T19:59:55Z
BP,35.195,2025-10-29T19:59:53Z
BPOP,109.135,2025-10-29T19:59:46Z
BPRN,31.05,2025-10-29T19:32:18Z
BQ,8,2025-10-29T19:00:00Z
BR,219.86,2025-10-29T19:59:45Z
BRAG,2.47,2025-10-29T19:57:21Z
BRBR,30.84,2025-10-29T19:59:53Z
BRBS,4.39,2025-10-29T19:59:46Z
BRC,76.195,2025-10-29T19:55:00Z
BRCB,24.73,2025-10-29T19:59:53Z
BRCC,1.295,2025-10-29T19:58:22Z
BRFH,3.3,2025-10-29T19:01:15Z
BRHY,52.455,2025-10-29T14:49:00Z
BRIA,1.925,2025-10-29T16:31:08Z
BRK.B,475.67,2025-10-29T19:59:48Z
BRKR,37.71,2025-10-29T19:59:50Z
BRKU,22.91,2025-10-29T19:58:31Z
BRKW,43.45,2025-10-29T19:58:19Z
BRLT,2.48,2025-10-29T19:57:35Z
BRNS,1.35,2025-10-29T19:59:09Z
BRNY,49.45,2025-10-29T19:59:50Z
BRO,80.27,2025-10-29T19:59:55Z
BROS,57.8,2025-10-29T19:59:54Z
BRR,10.21,2025-10-29T19:05:39Z
BRRR,31.24,2025-10-29T19:59:46Z
BRSL,16.68,2025-10-29T19:59:59Z
BRSP,5.22,2025-10-29T19:59:56Z
BRT,14.46,2025-10-29T19:59:14Z
BRTR,51.355,2025-10-29T19:59:46Z
BRTX,1.53,2025-10-29T19:50:51Z
BRW,7.335,2025-10-29T19:55:44Z
BRX,26.82,2025-10-29T19:59:59Z
BRY,3.325,2025-10-29T19:59:47Z
BRZE,27.18,2025-10-29T19:59:59Z
BRZU,74.58,2025-10-29T18:31:28Z
BSAC,28.26,2025-10-29T19:59:53Z
BSBR,5.59,2025-10-29T19:59:59Z
BSCP,20.685,2025-10-29T19:59:34Z
BSCQ,19.555,2025-10-29T19:47:14Z
BSCR,19.715,2025-10-29T19:50:01Z
BSCS,20.565,2025-10-29T19:59:26Z
BSCT,18.825,2025-10-29T19:55:14Z
BSCU,16.925,2025-10-29T19:59:50Z
BSCV,16.7,2025-10-29T19:50:33Z
BSCW,20.945,2025-10-29T19:58:49Z
BSCX,21.54,2025-10-29T19:59:50Z
BSCY,21.13,2025-10-29T19:15:23Z
BSEP,48.99,2025-10-29T16:04:01Z
BSET,15.165,2025-10-29T15:26:14Z
BSJP,23.045,2025-10-29T19:46:50Z
BSJQ,23.385,2025-10-29T19:59:47Z
BSJR,22.665,2025-10-29T19:59:50Z
BSJS,21.975,2025-10-29T19:59:45Z
BSJT,21.445,2025-10-29T19:59:42Z
BSJU,26.07,2025-10-29T19:55:46Z
BSJV,26.71,2025-10-29T15:51:27Z
BSJX,25.62,2025-10-29T19:54:48Z
BSL,13.87,2025-10-29T19:55:47Z
BSLK,2.52,2025-10-29T19:48:19Z
BSM,13.06,2025-10-29T19:58:00Z
BSMP,24.495,2025-10-29T19:32:23Z
BSMQ,23.6,2025-10-29T19:55:11Z
BSMR,23.64,2025-10-29T19:56:02Z
BSMS,23.37,2025-10-29T19:02:40Z
BSMT,23.06,2025-10-29T18:33:01Z
BSMV,21.13,2025-10-29T14:28:22Z
BSMW,25.2,2025-10-29T18:41:19Z
BSMY,24.68,2025-10-29T15:45:06Z
BSMZ,25.47,2025-10-29T16:08:32Z
BSOL,25.16,2025-10-29T19:59:51Z
BSRR,29.08,2025-10-29T19:42:04Z
BST,43.57,2025-10-29T16:59:01Z
BSTZ,22.75,2025-10-29T19:53:17Z
BSV,78.965,2025-10-29T19:59:46Z
BSVN,42.73,2025-10-29T13:38:22Z
BSVO,22.47,2025-10-29T19:58:51Z
BSX,100.23,2025-10-29T19:59:50Z
BSY,50.51,2025-10-29T19:59:58Z
BTAI,2.065,2025-10-29T19:59:49Z
BTAL,14.51,2025-10-29T19:59:59Z
BTBD,1.98,2025-10-29T19:56:45Z
BTBT,3.8,2025-10-29T19:59:59Z
BTC,48.955,2025-10-29T19:59:40Z
BTCC,28.13,2025-10-29T19:33:23Z
BTCI,56.63,2025-10-29T19:59:59Z
BTCL,51.08,2025-10-29T19:55:00Z
BTCO,110.47,2025-10-29T19:51:04Z
BTCS,3.75,2025-10-29T19:59:31Z
BTCW,116.92,2025-10-29T19:45:13Z
BTCZ,2.92,2025-10-29T19:59:46Z
BTDR,23.09,2025-10-29T19:59:52Z
BTE,2.34,2025-10-29T19:59:56Z
BTF,16.45,2025-10-29T19:59:46Z
BTFX,50.01,2025-10-29T18:38:03Z
BTG,4.765,2025-10-29T19:59:56Z
BTGD,41.88,2025-10-29T19:39:06Z
BTI,51.73,2025-10-29T19:59:59Z
BTM,2.67,2025-10-29T19:59:50Z
BTMD,2.67,2025-10-29T19:58:47Z
BTMWW,0.2651,2025-10-29T17:52:46Z
BTO,33.42,2025-10-29T19:51:30Z
BTOC,0.606,2025-10-29T19:53:02Z
BTOG,0.364,2025-10-29T19:45:38Z
BTQ,7.94,2025-10-29T19:59:32Z
BTSG,34.03,2025-10-29T19:59:55Z
BTT,22.51,2025-10-29T19:42:52Z
BTTC,3.95,2025-10-29T19:48:41Z
BTU,27.05,2025-10-29T19:59:57Z
BTX,6.97,2025-10-29T19:59:50Z
BTZ,11.12,2025-10-29T19:59:50Z
BUCK,23.85,2025-10-29T19:51:20Z
BUD,61.44,2025-10-29T19:59:51Z
BUFD,27.88,2025-10-29T19:51:14Z
BUFF,49.33,2025-10-29T19:54:56Z
BUFP,29.77,2025-10-29T15:08:36Z
BUFQ,35.515,2025-10-29T19:55:09Z
BUFR,33.825,2025-10-29T19:59:58Z
BUFS,22.6,2025-10-29T19:58:02Z
BUFY,21.9,2025-10-29T18:51:46Z
BUFZ,26.19,2025-10-29T19:59:46Z
BUG,33.94,2025-10-29T19:55:18Z
BUI,26.355,2025-10-29T19:47:50Z
BULG,7.155,2025-10-29T19:10:26Z
BULL,10.96,2025-10-29T19:59:58Z
BULZ,333.645,2025-10-29T19:59:33Z
BUR,10.09,2025-10-29T19:59:56Z
BURL,281.705,2025-10-29T19:59:59Z
BURU,0.3462,2025-10-29T19:58:58Z
BUSE,22.52,2025-10-29T19:59:59Z
BUXX,20.345,2025-10-29T19:59:45Z
BUYW,14.18,2025-10-29T19:59:50Z
BUZZ,38.36,2025-10-29T19:29:26Z
BV,12.515,2025-10-29T19:59:55Z
BVFL,16.755,2025-10-29T18:55:53Z
BVN,22.225,2025-10-29T19:59:51Z
BVS,6.75,2025-10-29T19:59:29Z
BW,3.305,2025-10-29T19:59:31Z
BW-A,14.63,2025-10-29T19:02:54Z
BWA,42.81,2025-10-29T19:59:53Z
BWB,16.4,2025-10-29T19:53:03Z
BWEN,2.29,2025-10-29T19:56:44Z
BWET,18.1,2025-10-29T19:03:28Z
BWG,8.6,2025-10-29T19:48:50Z
BWIN,22.57,2025-10-29T19:59:53Z
BWLP,13.485,2025-10-29T19:59:49Z
BWMN,43.3,2025-10-29T19:40:23Z
BWMX,14.37,2025-10-29T18:56:47Z
BWNB,23.58,2025-10-29T14:14:28Z
BWX,22.815,2025-10-29T19:59:59Z
BWXT,213.54,2025-10-29T19:59:47Z
BWZ,27.38,2025-10-29T19:57:07Z
BX,148.91,2025-10-29T19:59:56Z
BXC,67.89,2025-10-29T19:57:15Z
BXMT,18.78,2025-10-29T19:59:59Z
BXMX,14.535,2025-10-29T19:59:59Z
BXP,70.43,2025-10-29T19:59:56Z
BXSL,27.035,2025-10-29T19:59:54Z
BY,26.945,2025-10-29T19:50:08Z
BYAH,0.375,2025-10-29T19:49:58Z
BYD,76.77,2025-10-29T19:59:51Z
BYLD,23.01,2025-10-29T19:58:06Z
BYM,11.005,2025-10-29T18:35:02Z
BYND,1.84,2025-10-29T19:59:50Z
BYRN,20.43,2025-10-29T19:58:58Z
BYSI,1.84,2025-10-29T17:02:30Z
BZ,22.48,2025-10-29T19:59:51Z
BZAI,4.015,2025-10-29T19:59:58Z
BZAIW,1.02,2025-10-29T19:51:21Z
BZFD,1.62,2025-10-29T19:55:47Z
BZH,22.98,2025-10-29T19:59:54Z
BZQ,8.76,2025-10-29T15:07:24Z
BZUN,3.41,2025-10-29T19:50:01Z
C,99.18,2025-10-29T19:59:59Z
C-N,30.11,2025-10-29T18:49:39Z
CAAP,22.03,2025-10-29T19:38:36Z
CAAS,4.27,2025-10-29T15:44:01Z
CABA,2.495,2025-10-29T19:59:54Z
CABO,159.03,2025-10-29T17:36:11Z
CAC,39.095,2025-10-29T18:42:12Z
CACC,459.93,2025-10-29T19:59:52Z
CACI,562.095,2025-10-29T19:58:29Z
CADE,37.04,2025-10-29T19:59:59Z
CADE-A,22.01,2025-10-29T16:43:15Z
CADL,5.49,2025-10-29T19:59:50Z
CAE,28,2025-10-29T19:59:56Z
CAF,17.16,2025-10-29T19:26:25Z
CAFX,25.21,2025-10-29T16:34:06Z
CAG,17.38,2025-10-29T19:59:57Z
CAH,164.46,2025-10-29T19:59:52Z
CAI,29.4,2025-10-29T19:59:53Z
CAIE,27.675,2025-10-29T19:59:59Z
CAKE,50.41,2025-10-29T19:59:59Z
CAL,11.78,2025-10-29T19:59:53Z
CALC,3.03,2025-10-29T16:15:36Z
CALF,43.26,2025-10-29T19:59:51Z
CALI,50.61,2025-10-29T13:51:43Z
CALM,87.06,2025-10-29T19:59:49Z
CALX,62.135,2025-10-29T19:59:29Z
CAM,25.16,2025-10-29T19:17:33Z
CAML,40.09,2025-10-29T13:50:59Z
CAMP,3.83,2025-10-29T19:59:44Z
CAMT,128.41,2025-10-29T19:59:15Z
CAN,1.365,2025-10-29T19:59:55Z
CANC,30.8,2025-10-29T17:10:11Z
CANE,9.31,2025-10-29T15:19:56Z
CANF,0.434,2025-10-29T19:52:03Z
CANG,3.985,2025-10-29T19:59:58Z
CAOS,89.96,2025-10-29T18:20:33Z
CAPE,31.9,2025-10-29T17:02:55Z
CAPL,20.8,2025-10-29T17:32:09Z
CAPR,6.93,2025-10-29T19:59:52Z
CAPT,0.771,2025-10-29T19:15:12Z
CAR,138.96,2025-10-29T19:59:46Z
CARD,2.87,2025-10-29T14:04:19Z
CARE,17.365,2025-10-29T19:58:45Z
CARG,34.22,2025-10-29T19:59:45Z
CARL,12.7,2025-10-29T18:16:18Z
CARR,60.79,2025-10-29T19:59:59Z
CARS,10.535,2025-10-29T19:59:48Z
CART,37.79,2025-10-29T19:59:59Z
CARY,21.035,2025-10-29T19:59:59Z
CASH,67.9,2025-10-29T19:59:49Z
CASI,1.42,2025-10-29T19:44:01Z
CASS,39.245,2025-10-29T19:57:30Z
CASY,529.51,2025-10-29T19:51:51Z
CAT,586.14,2025-10-29T19:59:48Z
CATO,3.85,2025-10-29T19:41:30Z
CATX,2.73,2025-10-29T19:59:51Z
CATY,45.69,2025-10-29T19:59:28Z
CAVA,60.45,2025-10-29T19:59:54Z
CB,278.02,2025-10-29T19:59:43Z
CBAN,15.99,2025-10-29T19:59:43Z
CBAT,0.9076,2025-10-29T19:56:39Z
CBIO,12.5,2025-10-29T18:35:37Z
CBK,24.52,2025-10-29T19:59:46Z
CBL,29.37,2025-10-29T19:19:57Z
CBLL,12.02,2025-10-29T19:59:48Z
CBLS,28.56,2025-10-29T15:43:24Z
CBNK,27.99,2025-10-29T19:59:46Z
CBOE,232.38,2025-10-29T19:59:51Z
CBRE,152.69,2025-10-29T19:59:58Z
CBRL,34.65,2025-10-29T19:59:33Z
CBSE,41.21,2025-10-29T15:46:06Z
CBSH,52.18,2025-10-29T19:59:55Z
CBT,68.87,2025-10-29T19:59:33Z
CBTJ,28.25,2025-10-29T13:53:55Z
CBU,55.98,2025-10-29T19:55:33Z
CBUS,1.575,2025-10-29T19:58:33Z
CBXL,24.6,2025-10-29T19:42:41Z
CBZ,51.24,2025-10-29T19:59:48Z
CC,13.77,2025-10-29T19:59:59Z
CCAP,14.375,2025-10-29T19:59:56Z
CCB,105.42,2025-10-29T19:59:54Z
CCBG,40.23,2025-10-29T18:11:04Z
CCCC,2.52,2025-10-29T19:59:57Z
CCCS,9,2025-10-29T19:59:57Z
CCCX,19.24,2025-10-29T19:58:01Z
CCCXW,8.005,2025-10-29T18:06:25Z
CCD,21.79,2025-10-29T16:59:54Z
CCEP,88.61,2025-10-29T19:59:55Z
CCG,1.055,2025-10-29T17:37:19Z
CCHH,4.38,2025-10-29T13:34:20Z
CCI,92.3,2025-10-29T19:59:49Z
CCIF,5.23,2025-10-29T19:48:06Z
CCJ,106.68,2025-10-29T19:59:59Z
CCK,95.35,2025-10-29T19:59:44Z
CCL,27.9,2025-10-29T19:59:59Z
CCLD,3.01,2025-10-29T19:59:50Z
CCM,5.6,2025-10-29T16:46:55Z
CCNE,24.27,2025-10-29T19:59:07Z
CCNR,31.78,2025-10-29T19:40:09Z
CCO,1.935,2025-10-29T19:59:50Z
CCOI,42.94,2025-10-29T19:59:37Z
CCRD,24.365,2025-10-29T19:59:28Z
CCRN,12.09,2025-10-29T19:58:40Z
CCS,61.185,2025-10-29T19:59:44Z
CCSI,26.56,2025-10-29T19:33:19Z
CCSO,26.17,2025-10-29T17:11:29Z
CCTG,1.29,2025-10-29T19:59:44Z
CCU,12.77,2025-10-29T19:51:52Z
CCUP,14.06,2025-10-29T19:45:54Z
CDE,18.26,2025-10-29T19:59:58Z
CDIG,25.23,2025-10-29T18:49:16Z
CDL,68.05,2025-10-29T19:57:50Z
CDLR,18.66,2025-10-29T19:59:50Z
CDLX,1.95,2025-10-29T19:59:57Z
CDNA,14.25,2025-10-29T19:59:31Z
CDNS,341.195,2025-10-29T19:59:51Z
CDP,27.48,2025-10-29T19:59:59Z
CDR-C,16.59,2025-10-29T19:10:40Z
CDRE,43.09,2025-10-29T19:58:31Z
CDRO,6.255,2025-10-29T18:07:02Z
CDT,2.92,2025-10-29T19:58:20Z
CDTG,0.629,2025-10-29T19:59:10Z
CDTX,104.57,2025-10-29T19:59:42Z
CDW,157.34,2025-10-29T19:59:51Z
CDX,22.66,2025-10-29T19:33:13Z
CDXS,2.42,2025-10-29T19:59:51Z
CDZI,5.5,2025-10-29T19:59:55Z
CDZIP,19.6,2025-10-29T15:22:40Z
CE,40.1,2025-10-29T19:59:51Z
CECO,48.085,2025-10-29T19:59:45Z
CEF,36.74,2025-10-29T19:58:03Z
CEFS,23.125,2025-10-29T14:55:42Z
CEG,400.19,2025-10-29T19:59:56Z
CEGX,38.13,2025-10-29T19:22:47Z
CELC,73.975,2025-10-29T19:59:58Z
CELH,61.39,2025-10-29T19:59:59Z
CELU,1.93,2025-10-29T19:59:12Z
CELZ,3.79,2025-10-29T19:57:44Z
CEMB,46.18,2025-10-29T19:09:18Z
CENN,0.2193,2025-10-29T19:58:41Z
CENT,31.12,2025-10-29T19:59:52Z
CENTA,28.165,2025-10-29T19:59:55Z
CENX,28.69,2025-10-29T19:59:53Z
CEP,19.145,2025-10-29T19:19:25Z
CEPF,10.56,2025-10-29T19:35:15Z
CEPI,41.25,2025-10-29T19:40:16Z
CEPO,10.51,2025-10-29T18:49:18Z
CEPT,11.99,2025-10-29T19:59:54Z
CEPU,14.29,2025-10-29T19:59:56Z
CERO,1.76,2025-10-29T19:59:53Z
CERS,1.45,2025-10-29T19:59:51Z
CERT,11.56,2025-10-29T19:59:58Z
CET,51.44,2025-10-29T13:36:44Z
CETX,4.89,2025-10-29T19:56:30Z
CETY,2.565,2025-10-29T16:24:50Z
CEV,10.29,2025-10-29T19:55:49Z
CEVA,27.915,2025-10-29T19:58:46Z
CF,84.135,2025-10-29T19:59:52Z
CFBK,23.39,2025-10-29T19:51:47Z
CFFN,6.03,2025-10-29T19:59:56Z
CFG,50.45,2025-10-29T19:59:59Z
CFLT,23.675,2025-10-29T19:59:59Z
CFND,7.73,2025-10-29T18:45:43Z
CFR,121.21,2025-10-29T19:59:49Z
CG,57.58,2025-10-29T19:59:59Z
CGAU,11.25,2025-10-29T19:59:58Z
CGBD,12.785,2025-10-29T19:59:50Z
CGBDL,25.53,2025-10-29T15:05:39Z
CGBL,35.14,2025-10-29T19:59:48Z
CGC,1.255,2025-10-29T19:54:45Z
CGCB,26.755,2025-10-29T19:59:46Z
CGCP,22.885,2025-10-29T19:56:56Z
CGCV,30.41,2025-10-29T19:59:59Z
CGDG,35.065,2025-10-29T19:58:52Z
CGDV,43.2,2025-10-29T19:59:59Z
CGEM,7.66,2025-10-29T19:59:54Z
CGEN,1.65,2025-10-29T19:59:45Z
CGGE,31.51,2025-10-29T19:59:47Z
CGGO,35.43,2025-10-29T19:59:58Z
CGGR,45.61,2025-10-29T19:59:57Z
CGHM,25.625,2025-10-29T19:55:28Z
CGHY,25.59,2025-10-29T19:39:14Z
CGIB,25.57,2025-10-29T19:53:19Z
CGIC,31.39,2025-10-29T19:59:25Z
CGIE,34.37,2025-10-29T19:59:59Z
CGMM,28.3,2025-10-29T19:59:12Z
CGMS,27.88,2025-10-29T19:59:59Z
CGMU,27.46,2025-10-29T19:59:51Z
CGNG,32.21,2025-10-29T19:59:58Z
CGNT,8.45,2025-10-29T19:57:30Z
CGNX,47.41,2025-10-29T19:59:52Z
CGO,11.93,2025-10-29T19:50:02Z
CGON,42.99,2025-10-29T19:59:48Z
CGSD,26.075,2025-10-29T19:59:46Z
CGSM,26.4,2025-10-29T19:59:59Z
CGTX,1.59,2025-10-29T19:59:05Z
CGUI,25.36,2025-10-29T18:29:32Z
CGUS,40.655,2025-10-29T19:59:10Z
CGW,64.17,2025-10-29T19:52:32Z
CGXU,31.025,2025-10-29T19:59:51Z
CHA,16,2025-10-29T19:59:42Z
CHAC,11.26,2025-10-29T18:18:46Z
CHACR,0.65,2025-10-29T15:25:27Z
CHAI,4.34,2025-10-29T19:49:08Z
CHAT,67.95,2025-10-29T19:55:06Z
CHAU,21.725,2025-10-29T19:49:48Z
CHCO,117.57,2025-10-29T19:47:20Z
CHCT,14.45,2025-10-29T19:59:52Z
CHD,81.81,2025-10-29T19:59:52Z
CHDN,100.59,2025-10-29T19:59:32Z
CHE,465.555,2025-10-29T19:59:43Z
CHEF,62.42,2025-10-29T19:59:41Z
CHEK,1.43,2025-10-29T19:59:43Z
CHGG,1.055,2025-10-29T19:59:59Z
CHH,94.125,2025-10-29T19:58:41Z
CHI,11.49,2025-10-29T16:59:51Z
CHIQ,23.64,2025-10-29T14:45:18Z
CHKP,197.34,2025-10-29T19:59:58Z
CHMI,2.32,2025-10-29T19:56:43Z
CHN,18.19,2025-10-29T19:59:34Z
CHOW,9.99,2025-10-29T19:50:22Z
CHPS,47.155,2025-10-29T19:57:58Z
CHPT,10.69,2025-10-29T19:59:33Z
CHPX,59.16,2025-10-29T18:24:23Z
CHPY,60.02,2025-10-29T13:33:54Z
CHR,0.1202,2025-10-29T19:09:43Z
CHRD,91,2025-10-29T19:59:41Z
CHRS,1.735,2025-10-29T19:55:09Z
CHRW,129.56,2025-10-29T19:59:50Z
CHSCO,26.94,2025-10-29T15:46:14Z
CHT,42.85,2025-10-29T19:57:38Z
CHTR,241.58,2025-10-29T19:59:45Z
CHW,7.72,2025-10-29T18:38:15Z
CHWY,33.575,2025-10-29T19:59:59Z
CHY,11.685,2025-10-29T19:59:58Z
CHYM,17.85,2025-10-29T19:59:57Z
CI,299.13,2025-10-29T19:59:49Z
CIA,5.395,2025-10-29T19:59:50Z
CIB,57.43,2025-10-29T19:59:49Z
CIBR,76.455,2025-10-29T19:59:55Z
CIEN,189.2,2025-10-29T19:59:48Z
CIF,1.73,2025-10-29T15:36:17Z
CIFR,19.6,2025-10-29T19:59:59Z
CIFRW,9.76,2025-10-29T19:58:56Z
CIG,2.07,2025-10-29T19:59:56Z
CIGI,162.91,2025-10-29T19:59:38Z
CII,24.015,2025-10-29T19:50:08Z
CIIT,0.7619,2025-10-29T19:59:59Z
CIK,2.875,2025-10-29T19:50:50Z
CIM,12.73,2025-10-29T19:59:59Z
CIM-A,22.01,2025-10-29T19:59:32Z
CIMP,25.07,2025-10-29T19:54:49Z
CINF,151.75,2025-10-29T19:59:50Z
CING,3.57,2025-10-29T19:59:38Z
CINT,4.71,2025-10-29T19:59:50Z
CIO,6.9,2025-10-29T19:59:57Z
CION,9.32,2025-10-29T19:59:48Z
CISO,1.1,2025-10-29T19:59:57Z
CISS,2.18,2025-10-29T19:58:02Z
CIVB,21.635,2025-10-29T19:58:43Z
CIVI,28.77,2025-10-29T19:59:59Z
CJET,0.0599,2025-10-29T19:58:27Z
CL,75.74,2025-10-29T19:59:56Z
CLAR,3.4,2025-10-29T19:53:35Z
CLB,16.1,2025-10-29T19:59:57Z
CLBK,14.94,2025-10-29T19:59:19Z
CLBT,17.4,2025-10-29T19:59:55Z
CLCO,9.64,2025-10-29T19:54:20Z
CLCV,25.6,2025-10-29T19:42:44Z
CLDI,1.51,2025-10-29T17:44:36Z
CLDT,6.45,2025-10-29T19:59:49Z
CLDX,25.95,2025-10-29T19:59:55Z
CLF,14.11,2025-10-29T19:59:59Z
CLFD,36.08,2025-10-29T19:58:24Z
CLH,218.21,2025-10-29T19:59:45Z
CLIK,7.58,2025-10-29T19:35:39Z
CLIP,100.395,2025-10-29T19:55:04Z
CLLS,3.71,2025-10-29T16:04:48Z
CLM,8.25,2025-10-29T19:59:51Z
CLMT,19.5,2025-10-29T19:59:41Z
CLNE,2.85,2025-10-29T19:59:50Z
CLNN,9.1,2025-10-29T19:48:45Z
CLOA,51.91,2025-10-29T19:59:51Z
CLOI,53.035,2025-10-29T19:09:18Z
CLOU,23.65,2025-10-29T19:59:50Z
CLOV,3.63,2025-10-29T19:59:59Z
CLOX,25.59,2025-10-29T16:12:48Z
CLOZ,26.7,2025-10-29T19:51:36Z
CLPR,3.96,2025-10-29T19:55:41Z
CLPT,24.1,2025-10-29T19:59:27Z
CLRB,3.39,2025-10-29T19:58:40Z
CLS,337.79,2025-10-29T19:59:51Z
CLSD,3.8,2025-10-29T13:33:02Z
CLSE,26.93,2025-10-29T18:35:33Z
CLSK,18.9,2025-10-29T19:59:59Z
CLSKW,0.7566,2025-10-29T19:58:17Z
CLST,13.48,2025-10-29T14:42:01Z
CLSX,72.68,2025-10-29T19:22:33Z
CLVT,3.5,2025-10-29T19:59:59Z
CLW,17.72,2025-10-29T19:59:48Z
CLX,110.645,2025-10-29T19:59:49Z
CLYM,2.09,2025-10-29T19:59:58Z
CM,82.67,2025-10-29T19:59:59Z
CMA,76.79,2025-10-29T19:59:57Z
CMBM,2.95,2025-10-29T19:48:14Z
CMBS,49.28,2025-10-29T15:57:08Z
CMBT,9.385,2025-10-29T19:59:53Z
CMC,61.06,2025-10-29T19:59:58Z
CMCL,28.885,2025-10-29T19:57:40Z
CMCO,15.09,2025-10-29T19:59:59Z
CMCSA,28.53,2025-10-29T19:59:59Z
CMCT,5.83,2025-10-29T19:08:06Z
CMDY,53.58,2025-10-29T18:16:10Z
CME,261.37,2025-10-29T19:59:55Z
CMF,57.5,2025-10-29T19:39:35Z
CMG,39.81,2025-10-29T19:59:59Z
CMI,441.475,2025-10-29T19:59:46Z
CMMB,3.06,2025-10-29T19:59:22Z
CMND,1.004,2025-10-29T19:33:18Z
CMP,17.165,2025-10-29T19:59:46Z
CMPO,19.8,2025-10-29T19:59:55Z
CMPR,66.85,2025-10-29T19:58:22Z
CMPS,6.32,2025-10-29T19:59:54Z
CMPX,3.77,2025-10-29T19:59:56Z
CMRC,4.73,2025-10-29T19:59:49Z
CMRE,12.08,2025-10-29T19:59:57Z
CMS,72.25,2025-10-29T19:59:55Z
CMT,18.16,2025-10-29T19:54:21Z
CMTG,3.35,2025-10-29T19:59:56Z
CMTL,2.935,2025-10-29T19:59:12Z
CNA,44.08,2025-10-29T19:59:48Z
CNC,37.36,2025-10-29T19:59:59Z
CNCK,3.83,2025-10-29T19:53:20Z
CNCKW,0.68,2025-10-29T16:49:39Z
CNDT,2.36,2025-10-29T19:59:51Z
CNEQ,36.755,2025-10-29T19:59:59Z
CNF,4.79,2025-10-29T14:24:56Z
CNH,10.62,2025-10-29T19:59:59Z
CNI,93.16,2025-10-29T19:59:59Z
CNK,27.3,2025-10-29T19:59:59Z
CNL,11.45,2025-10-29T19:48:19Z
CNM,53.125,2025-10-29T19:59:52Z
CNMD,46.705,2025-10-29T19:59:44Z
CNNE,17.92,2025-10-29T19:59:59Z
CNO,39.85,2025-10-29T19:59:59Z
CNOB,23.9,2025-10-29T19:59:57Z
CNP,38.96,2025-10-29T19:59:59Z
CNQ,32.14,2025-10-29T19:59:58Z
CNR,78.535,2025-10-29T19:59:44Z
CNRG,99.75,2025-10-29T19:46:47Z
CNS,69.46,2025-10-29T19:59:56Z
CNTA,23.945,2025-10-29T19:59:45Z
CNTB,1.59,2025-10-29T18:34:17Z
CNTX,1.145,2025-10-29T19:59:08Z
CNTY,2.06,2025-10-29T19:49:46Z
CNVS,2.99,2025-10-29T19:57:09Z
CNX,31.76,2025-10-29T19:59:54Z
CNXC,42.62,2025-10-29T19:59:53Z
CNXN,60.99,2025-10-29T19:58:01Z
CNYA,35.28,2025-10-29T19:59:59Z
COCH,0.7799,2025-10-29T19:49:01Z
COCO,45.21,2025-10-29T19:59:52Z
COCP,1.1,2025-10-29T16:49:04Z
CODA,10.34,2025-10-29T19:59:10Z
CODI,6.8,2025-10-29T19:59:53Z
CODX,0.4932,2025-10-29T19:59:44Z
COEP,14.76,2025-10-29T19:29:38Z
COF,218.535,2025-10-29T19:59:48Z
COF-I,20.29,2025-10-29T19:51:08Z
COF-J,19.46,2025-10-29T16:48:02Z
COF-K,18.85,2025-10-29T14:57:42Z
COF-L,17.71,2025-10-29T19:37:35Z
COF-N,17.6,2025-10-29T18:39:30Z
COFS,29,2025-10-29T19:58:50Z
COGT,15.995,2025-10-29T19:59:57Z
COHR,138.16,2025-10-29T19:59:47Z
COHU,24.04,2025-10-29T19:59:56Z
COIA,31.54,2025-10-29T18:59:33Z
COII,23.78,2025-10-29T13:42:05Z
COIN,348.45,2025-10-29T19:59:59Z
COIW,38.915,2025-10-29T16:44:45Z
COKE,127.93,2025-10-29T19:59:46Z
COLB,26.36,2025-10-29T19:59:59Z
COLD,12.54,2025-10-29T19:59:59Z
COLL,34.79,2025-10-29T19:59:44Z
COLM,51.91,2025-10-29T19:59:14Z
COLO,34.74,2025-10-29T15:43:48Z
COM,29.11,2025-10-29T19:24:06Z
COMB,22.22,2025-10-29T17:42:18Z
COMM,15.76,2025-10-29T19:59:59Z
COMP,7.61,2025-10-29T19:59:59Z
COMT,26.845,2025-10-29T19:59:46Z
CON,20.09,2025-10-29T19:59:55Z
CONI,35.4,2025-10-29T19:59:00Z
CONL,38.26,2025-10-29T19:59:48Z
CONY,6.485,2025-10-29T19:59:57Z
COO,69.59,2025-10-29T19:59:53Z
COOK,0.9699,2025-10-29T19:57:07Z
COOT,1.395,2025-10-29T19:59:57Z
COP,88.06,2025-10-29T19:59:54Z
COPJ,36.12,2025-10-29T15:03:10Z
COPX,62.88,2025-10-29T19:59:51Z
COPY,12.415,2025-10-29T19:59:49Z
COR,333.105,2025-10-29T19:59:49Z
CORD,17.83,2025-10-29T19:42:46Z
CORP,99.18,2025-10-29T19:53:07Z
CORT,72.1,2025-10-29T19:59:31Z
CORZ,20.78,2025-10-29T19:59:59Z
CORZW,14.18,2025-10-29T19:59:38Z
CORZZ,20.8,2025-10-29T19:58:21Z
COSM,0.9147,2025-10-29T19:33:40Z
COST,911.98,2025-10-29T19:59:58Z
COTY,3.955,2025-10-29T19:59:56Z
COUR,8.45,2025-10-29T19:59:59Z
COWG,36.42,2025-10-29T19:57:52Z
COWZ,57.59,2025-10-29T19:59:49Z
COYA,6.27,2025-10-29T19:56:32Z
COYY,14.27,2025-10-29T19:05:04Z
CP,73.135,2025-10-29T19:59:57Z
CPA,123.63,2025-10-29T19:56:15Z
CPAY,268,2025-10-29T19:59:59Z
CPB,29.975,2025-10-29T19:59:59Z
CPER,32.21,2025-10-29T19:57:43Z
CPF,28.41,2025-10-29T19:59:30Z
CPHC,15.86,2025-10-29T17:45:50Z
CPHI,1.75,2025-10-29T16:50:55Z
CPIX,3.26,2025-10-29T15:01:47Z
CPK,128.885,2025-10-29T19:52:11Z
CPLS,36.07,2025-10-29T18:50:05Z
CPNG,32.08,2025-10-29T19:59:59Z
CPNJ,26.8,2025-10-29T15:19:21Z
CPNQ,26.3,2025-10-29T19:05:27Z
CPNS,27.12,2025-10-29T14:46:28Z
CPOP,0.7274,2025-10-29T17:15:44Z
CPRI,21.34,2025-10-29T19:59:55Z
CPRJ,26.53,2025-10-29T18:27:07Z
CPRT,42.52,2025-10-29T19:59:58Z
CPRX,20.99,2025-10-29T19:59:49Z
CPS,38.45,2025-10-29T19:59:30Z
CPSD,25.72,2025-10-29T18:16:27Z
CPSH,4.375,2025-10-29T19:59:43Z
CPSJ,26.71,2025-10-29T15:19:20Z
CPSL,27.04,2025-10-29T15:36:02Z
CPSN,26.71,2025-10-29T18:59:48Z
CPSS,7.64,2025-10-29T19:47:24Z
CPSY,24.79,2025-10-29T16:45:26Z
CPT,97.58,2025-10-29T19:59:49Z
CPXR,23.22,2025-10-29T19:59:46Z
CPZ,15.19,2025-10-29T19:22:11Z
CQP,53.64,2025-10-29T19:41:06Z
CQQQ,58.43,2025-10-29T19:59:45Z
CR,193.18,2025-10-29T19:59:58Z
CRAI,177.81,2025-10-29T19:58:20Z
CRAQ,10.11,2025-10-29T19:34:57Z
CRBD,24.8,2025-10-29T19:05:16Z
CRBG,31.83,2025-10-29T19:59:56Z
CRBN,233.22,2025-10-29T18:28:23Z
CRBP,16.86,2025-10-29T19:39:19Z
CRBU,2.38,2025-10-29T19:59:52Z
CRC,46.825,2025-10-29T19:59:41Z
CRCA,13.315,2025-10-29T19:59:48Z
CRCD,18.88,2025-10-29T19:50:50Z
CRCG,8.48,2025-10-29T19:59:46Z
CRCL,131.69,2025-10-29T19:59:56Z
CRCO,45.77,2025-10-29T15:40:43Z
CRCT,5.255,2025-10-29T19:59:53Z
CRD.A,10.88,2025-10-29T19:52:55Z
CRDF,2.25,2025-10-29T19:59:55Z
CRDL,1.135,2025-10-29T19:59:46Z
CRDO,171.41,2025-10-29T19:59:56Z
CRDT,23.34,2025-10-29T14:48:34Z
CRDU,24.46,2025-10-29T19:54:50Z
CRE,0.5284,2025-10-29T19:58:47Z
CREG,1.23,2025-10-29T16:06:19Z
CRESY,12.18,2025-10-29T19:58:30Z
CREV,6.5,2025-10-29T19:59:50Z
CREX,3.03,2025-10-29T19:43:13Z
CRF,8.03,2025-10-29T19:59:56Z
CRGO,3.41,2025-10-29T19:57:30Z
CRGY,8.14,2025-10-29T19:59:59Z
CRH,118.46,2025-10-29T19:59:54Z
CRI,31.4,2025-10-29T19:59:58Z
CRIS,1.5,2025-10-29T18:41:27Z
CRK,17.51,2025-10-29T19:59:57Z
CRL,180.145,2025-10-29T19:59:48Z
CRM,251.42,2025-10-29T19:59:55Z
CRMD,11.31,2025-10-29T19:59:59Z
CRMG,12.82,2025-10-29T19:43:01Z
CRML,11.57,2025-10-29T19:59:50Z
CRMLW,5.805,2025-10-29T19:30:45Z
CRMT,22.46,2025-10-29T19:18:23Z
CRNC,11.2,2025-10-29T19:59:58Z
CRNT,2.54,2025-10-29T19:55:52Z
CRNX,42.835,2025-10-29T19:59:41Z
CRON,2.46,2025-10-29T19:59:56Z
CROX,84.69,2025-10-29T19:59:48Z
CRPT,22.02,2025-10-29T14:12:12Z
CRS,323.7,2025-10-29T19:59:52Z
CRSH,2.825,2025-10-29T19:58:32Z
CRSP,62.52,2025-10-29T19:59:51Z
CRSR,8.31,2025-10-29T19:59:57Z
CRT,7.47,2025-10-29T19:49:10Z
CRTC,37.635,2025-10-29T15:36:08Z
CRTO,22.205,2025-10-29T19:59:15Z
CRUS,131.3,2025-10-29T19:59:17Z
CRVL,73.43,2025-10-29T19:58:05Z
CRVO,7.02,2025-10-29T16:18:50Z
CRVS,7.67,2025-10-29T19:59:57Z
CRWD,545.45,2025-10-29T19:59:55Z
CRWG,13.535,2025-10-29T19:59:28Z
CRWL,43.695,2025-10-29T18:43:54Z
CRWU,24.93,2025-10-29T19:54:09Z
CRWV,139.915,2025-10-29T19:59:59Z
CSAI,1.375,2025-10-29T19:59:55Z
CSAN,4.5,2025-10-29T19:59:50Z
CSBR,6.82,2025-10-29T18:29:56Z
CSCO,71.34,2025-10-29T19:59:59Z
CSGP,70.55,2025-10-29T19:59:59Z
CSGS,78.72,2025-10-29T19:59:45Z
CSHI,49.72,2025-10-29T19:50:52Z
CSIQ,17.56,2025-10-29T19:59:53Z
CSL,330.855,2025-10-29T19:59:46Z
CSM,78.46,2025-10-29T19:43:01Z
CSMD,34.07,2025-10-29T18:00:20Z
CSPI,13.365,2025-10-29T19:13:03Z
CSQ,19.31,2025-10-29T19:59:49Z
CSR,58.77,2025-10-29T19:57:28Z
CSTE,1.19,2025-10-29T19:59:30Z
CSTL,23.71,2025-10-29T19:59:31Z
CSTM,16.27,2025-10-29T19:59:58Z
CSV,44.12,2025-10-29T19:55:30Z
CSW,244.085,2025-10-29T19:59:10Z
CSWC,20.405,2025-10-29T19:59:41Z
CSX,35.3,2025-10-29T19:59:59Z
CTA,27.15,2025-10-29T19:54:52Z
CTAS,183.88,2025-10-29T19:59:55Z
CTBB,20.59,2025-10-29T19:38:37Z
CTBI,50.73,2025-10-29T19:41:49Z
CTEC,59.88,2025-10-29T13:48:28Z
CTEV,69,2025-10-29T19:46:15Z
CTGO,21.4,2025-10-29T18:40:53Z
CTKB,4.015,2025-10-29T19:59:54Z
CTLP,10.57,2025-10-29T19:59:56Z
CTM,1.06,2025-10-29T19:59:59Z
CTMX,3.26,2025-10-29T19:59:56Z
CTNM,10.87,2025-10-29T19:55:16Z
CTNT,1.67,2025-10-29T15:37:23Z
CTO,16.53,2025-10-29T19:59:59Z
CTOR,1.75,2025-10-29T19:54:48Z
CTOS,6.03,2025-10-29T19:59:30Z
CTRA,23.35,2025-10-29T19:59:58Z
CTRE,33.98,2025-10-29T19:59:59Z
CTRI,20.27,2025-10-29T19:59:59Z
CTRN,35.79,2025-10-29T19:59:46Z
CTS,41.03,2025-10-29T19:59:33Z
CTSH,71.7,2025-10-29T19:59:59Z
CTSO,0.7819,2025-10-29T19:59:47Z
CTVA,63.19,2025-10-29T19:59:50Z
CTW,2.33,2025-10-29T19:51:24Z
CTXR,1.515,2025-10-29T19:58:12Z
CUB,10.6,2025-10-29T19:49:43Z
CUBE,40.11,2025-10-29T19:59:56Z
CUBI,67.275,2025-10-29T19:58:55Z
CUE,0.6955,2025-10-29T19:28:54Z
CUK,25.29,2025-10-29T19:59:47Z
CUPR,0.9002,2025-10-29T15:51:37Z
CURB,23.86,2025-10-29T19:59:59Z
CURE,91.21,2025-10-29T19:45:48Z
CURI,4.7,2025-10-29T19:59:56Z
CURR,2.535,2025-10-29T19:58:23Z
CURV,1.35,2025-10-29T19:59:53Z
CURX,0.7001,2025-10-29T18:06:50Z
CUT,28.495,2025-10-29T19:26:31Z
CUZ,25.375,2025-10-29T19:59:57Z
CVAC,5.37,2025-10-29T19:58:53Z
CVBF,18.59,2025-10-29T19:59:59Z
CVCO,502.515,2025-10-29T19:52:28Z
CVE,17.075,2025-10-29T19:59:59Z
CVEO,22.64,2025-10-29T19:34:18Z
CVGI,1.61,2025-10-29T19:50:51Z
CVGW,22.37,2025-10-29T19:59:57Z
CVI,39.17,2025-10-29T19:59:55Z
CVIE,70.205,2025-10-29T19:04:56Z
CVLG,20.06,2025-10-29T19:57:26Z
CVLT,140.17,2025-10-29T19:59:46Z
CVM,7.605,2025-10-29T19:33:38Z
CVNA,354.35,2025-10-29T19:59:45Z
CVNX,20.84,2025-10-29T19:21:01Z
CVNY,36.725,2025-10-29T18:53:54Z
CVRX,10.79,2025-10-29T19:58:58Z
CVS,80.68,2025-10-29T19:59:59Z
CVV,4.18,2025-10-29T18:27:19Z
CVX,154.965,2025-10-29T19:59:50Z
CW,602.375,2025-10-29T19:59:47Z
CWAN,18.1,2025-10-29T19:59:59Z
CWB,93.575,2025-10-29T19:59:52Z
CWBC,21.035,2025-10-29T19:59:07Z
CWCO,34.035,2025-10-29T19:59:41Z
CWD,2.95,2025-10-29T19:55:52Z
CWEB,54.25,2025-10-29T19:55:16Z
CWEN,31.82,2025-10-29T19:59:49Z
CWEN.A,29.76,2025-10-29T19:59:49Z
CWH,12.62,2025-10-29T19:59:57Z
CWI,35.76,2025-10-29T19:30:21Z
CWK,16.55,2025-10-29T19:59:59Z
CWST,84.07,2025-10-29T19:59:53Z
CWT,47.42,2025-10-29T19:59:53Z
CWVX,20.55,2025-10-29T19:59:14Z
CX,10.27,2025-10-29T19:59:59Z
CXAI,0.6978,2025-10-29T19:35:29Z
CXAIW,0.09,2025-10-29T17:37:46Z
CXDO,6.26,2025-10-29T19:55:12Z
CXE,3.725,2025-10-29T15:02:01Z
CXH,8,2025-10-29T19:50:55Z
CXM,7.6,2025-10-29T19:59:59Z
CXSE,43.81,2025-10-29T19:59:46Z
CXT,64.995,2025-10-29T19:59:20Z
CXW,18.66,2025-10-29T19:59:47Z
CYBN,7.45,2025-10-29T19:59:59Z
CYBR,512.98,2025-10-29T19:59:55Z
CYCU,4.22,2025-10-29T19:59:43Z
CYD,38.845,2025-10-29T19:58:50Z
CYH,4.22,2025-10-29T19:59:58Z
CYN,4.67,2025-10-29T19:50:24Z
CYRX,9.25,2025-10-29T19:59:56Z
CYTK,61.95,2025-10-29T19:59:55Z
CZA,109.75,2025-10-29T17:16:16Z
CZNC,19.255,2025-10-29T18:59:03Z
CZR,18.72,2025-10-29T19:59:58Z
CZWI,15.61,2025-10-29T19:42:04Z
D,59.03,2025-10-29T19:59:59Z
DAAQ,10.31,2025-10-29T19:43:15Z
DAAQW,0.71,2025-10-29T19:45:31Z
DAC,89.815,2025-10-29T19:52:19Z
DAIC,2.66,2025-10-29T17:01:06Z
DAIO,3.06,2025-10-29T18:38:38Z
DAKT,19.54,2025-10-29T19:59:59Z
DAL,58.76,2025-10-29T19:59:59Z
DAN,21.55,2025-10-29T19:59:55Z
DAO,10.9,2025-10-29T19:59:21Z
DAPP,24.73,2025-10-29T19:59:49Z
DAR,33.475,2025-10-29T19:59:57Z
DARE,2.01,2025-10-29T19:45:29Z
DASH,265.975,2025-10-29T19:59:59Z
DAVA,9.61,2025-10-29T19:59:55Z
DAVE,243.58,2025-10-29T19:59:04Z
DAWN,7.035,2025-10-29T19:59:55Z
DAX,44.46,2025-10-29T19:55:13Z
DAY,68.37,2025-10-29T19:59:50Z
DB,35.94,2025-10-29T19:59:59Z
DBA,26.345,2025-10-29T19:59:17Z
DBAW,41.25,2025-10-29T18:25:30Z
DBB,21.76,2025-10-29T18:45:15Z
DBC,22.695,2025-10-29T19:59:45Z
DBD,57.35,2025-10-29T19:55:57Z
DBEF,48.08,2025-10-29T19:59:53Z
DBGI,8.215,2025-10-29T19:26:29Z
DBI,3.69,2025-10-29T19:59:55Z
DBJP,91.11,2025-10-29T19:59:58Z
DBL,15.45,2025-10-29T19:13:35Z
DBMF,28.36,2025-10-29T19:55:04Z
DBND,46.69,2025-10-29T19:54:50Z
DBO,13.095,2025-10-29T19:54:16Z
DBP,91.45,2025-10-29T18:14:10Z
DBRG,12.73,2025-10-29T19:59:59Z
DBVT,15,2025-10-29T19:58:59Z
DBX,28.41,2025-10-29T19:59:59Z
DC,4.085,2025-10-29T19:59:35Z
DC+,2.13,2025-10-29T16:16:28Z
DCBO,25.58,2025-10-29T19:59:35Z
DCGO,1.09,2025-10-29T19:59:58Z
DCI,83.56,2025-10-29T19:59:57Z
DCO,93.48,2025-10-29T19:59:45Z
DCOM,26.135,2025-10-29T19:59:42Z
DCOMP,19.14,2025-10-29T19:18:02Z
DCOR,73.19,2025-10-29T19:59:50Z
DCRE,52.26,2025-10-29T17:52:46Z
DCTH,9.71,2025-10-29T19:59:49Z
DD,82.13,2025-10-29T19:59:48Z
DD#,35.4,2025-10-29T19:58:12Z
DDC,7.69,2025-10-29T19:59:52Z
DDD,3.03,2025-10-29T19:59:59Z
DDEC,44.22,2025-10-29T14:15:00Z
DDFL,20.28,2025-10-29T19:09:18Z
DDFO,21.45,2025-10-29T17:47:00Z
DDFS,20.985,2025-10-29T16:12:33Z
DDI,9.125,2025-10-29T18:36:10Z
DDL,1.885,2025-10-29T19:59:32Z
DDLS,41.68,2025-10-29T18:50:19Z
DDM,112.23,2025-10-29T19:29:54Z
DDOG,156.03,2025-10-29T19:59:57Z
DDS,609.65,2025-10-29T19:57:41Z
DDTS,21.1,2025-10-29T19:49:24Z
DDWM,42.19,2025-10-29T18:57:54Z
DE,473.08,2025-10-29T19:59:41Z
DEA,21.57,2025-10-29T19:59:57Z
DEC,12.6,2025-10-29T19:59:49Z
DECK,83.775,2025-10-29T19:59:48Z
DECT,36.17,2025-10-29T14:23:27Z
DECW,33.4,2025-10-29T18:32:06Z
DECZ,41.69,2025-10-29T19:21:51Z
DEEP,35.24,2025-10-29T19:18:24Z
DEFT,1.935,2025-10-29T19:59:30Z
DEI,12.7,2025-10-29T19:59:59Z
DELL,163.54,2025-10-29T19:59:57Z
DEM,46.26,2025-10-29T19:31:13Z
DEMZ,43.75,2025-10-29T15:15:20Z
DENN,4.19,2025-10-29T19:59:59Z
DEO,91.685,2025-10-29T19:59:47Z
DERM,7.91,2025-10-29T19:58:29Z
DES,32.61,2025-10-29T19:42:44Z
DEVS,1.83,2025-10-29T16:21:24Z
DEW,59.58,2025-10-29T19:20:08Z
DFAC,39.24,2025-10-29T19:59:44Z
DFAE,33.05,2025-10-29T19:59:57Z
DFAI,36.81,2025-10-29T19:59:59Z
DFAR,23.12,2025-10-29T19:58:37Z
DFAS,68.265,2025-10-29T19:59:50Z
DFAT,57.03,2025-10-29T19:59:51Z
DFAU,46.96,2025-10-29T19:57:00Z
DFAW,73.09,2025-10-29T18:36:41Z
DFAX,31.96,2025-10-29T19:59:58Z
DFCA,50.1,2025-10-29T19:13:58Z
DFCF,42.975,2025-10-29T19:59:45Z
DFDV,12.25,2025-10-29T19:59:50Z
DFEM,33.43,2025-10-29T19:59:50Z
DFEN,75.685,2025-10-29T19:03:04Z
DFEV,33.71,2025-10-29T19:19:23Z
DFGP,55.375,2025-10-29T19:53:53Z
DFGR,26.845,2025-10-29T19:55:00Z
DFGX,54.48,2025-10-29T19:59:59Z
DFH,21.58,2025-10-29T19:59:38Z
DFIC,33.075,2025-10-29T19:59:52Z
DFIN,44.415,2025-10-29T19:59:42Z
DFIP,42.38,2025-10-29T14:02:52Z
DFIS,31.7,2025-10-29T19:59:59Z
DFIV,46.585,2025-10-29T19:59:56Z
DFLI,1.065,2025-10-29T19:59:57Z
DFLV,32.84,2025-10-29T19:59:59Z
DFNL,44.66,2025-10-29T17:53:05Z
DFNM,48.18,2025-10-29T19:59:59Z
DFP,21.63,2025-10-29T18:54:27Z
DFSB,53.09,2025-10-29T19:30:21Z
DFSC,4.48,2025-10-29T18:43:45Z
DFSD,48.22,2025-10-29T19:59:50Z
DFSE,42.42,2025-10-29T14:09:14Z
DFSI,41.61,2025-10-29T14:36:50Z
DFSU,43.54,2025-10-29T18:30:28Z
DFSV,31.46,2025-10-29T19:57:04Z
DFUS,74.59,2025-10-29T19:59:52Z
DFUV,44.78,2025-10-29T19:59:59Z
DG,99.91,2025-10-29T19:59:49Z
DGCB,55.47,2025-10-29T18:27:32Z
DGICA,18.58,2025-10-29T19:59:45Z
DGII,37.94,2025-10-29T19:53:12Z
DGLY,1.79,2025-10-29T19:49:44Z
DGNX,15.73,2025-10-29T19:59:36Z
DGOC,30.88,2025-10-29T19:50:54Z
DGP,139.075,2025-10-29T19:25:07Z
DGRE,30.31,2025-10-29T19:00:57Z
DGRO,68.26,2025-10-29T19:59:44Z
DGRS,49.92,2025-10-29T18:19:41Z
DGRW,89.885,2025-10-29T19:59:40Z
DGS,57.345,2025-10-29T19:57:59Z
DGT,166.96,2025-10-29T18:02:28Z
DGX,174.725,2025-10-29T19:59:54Z
DGXX,4.7,2025-10-29T19:59:48Z
DH,2.77,2025-10-29T19:59:52Z
DHAI,2.31,2025-10-29T19:58:44Z
DHC,4.11,2025-10-29T19:59:58Z
DHCNI,17,2025-10-29T13:57:37Z
DHF,2.58,2025-10-29T18:40:01Z
DHI,148.22,2025-10-29T19:59:55Z
DHIL,133.77,2025-10-29T14:40:38Z
DHLX,12.77,2025-10-29T14:04:42Z
DHR,214.09,2025-10-29T19:59:47Z
DHS,98.66,2025-10-29T19:59:45Z
DHT,13.04,2025-10-29T19:59:58Z
DHX,2.02,2025-10-29T19:59:25Z
DHY,2.085,2025-10-29T14:16:35Z
DIA,476.21,2025-10-29T19:59:54Z
DIAL,18.51,2025-10-29T19:59:46Z
DIAX,14.94,2025-10-29T18:35:29Z
DIBS,3.89,2025-10-29T19:59:09Z
DIHP,30.845,2025-10-29T19:59:56Z
DIME,19.61,2025-10-29T17:54:11Z
DIN,25.2,2025-10-29T19:59:53Z
DINO,53.98,2025-10-29T19:59:59Z
DIOD,54.315,2025-10-29T19:57:19Z
DIPS,5.12,2025-10-29T17:25:03Z
DIS,110.16,2025-10-29T19:59:51Z
DISV,35.78,2025-10-29T19:59:50Z
DIV,17.11,2025-10-29T19:52:06Z
DIVB,52.36,2025-10-29T17:46:51Z
DIVD,37.1,2025-10-29T16:54:18Z
DIVI,38.11,2025-10-29T19:58:55Z
DIVN,25.83,2025-10-29T18:30:07Z
DIVO,45.26,2025-10-29T19:56:50Z
DIVZ,35.55,2025-10-29T19:59:46Z
DJCO,423.03,2025-10-29T15:22:34Z
DJD,55.97,2025-10-29T15:55:31Z
DJIA,22.12,2025-10-29T19:56:16Z
DJP,36.08,2025-10-29T19:59:47Z
DJT,15.97,2025-10-29T19:59:59Z
DJTU,7.14,2025-10-29T19:53:16Z
DJTWW,6.7,2025-10-29T19:01:42Z
DJUN,46.92,2025-10-29T17:01:56Z
DK,38.23,2025-10-29T19:59:59Z
DKI,0.6838,2025-10-29T19:30:26Z
DKL,45.1,2025-10-29T19:59:14Z
DKNG,30.65,2025-10-29T19:59:59Z
DKNX,8.09,2025-10-29T19:58:26Z
DKS,225.605,2025-10-29T19:59:57Z
DKUP,10.52,2025-10-29T18:25:26Z
DLB,64.87,2025-10-29T19:59:39Z
DLHC,5.73,2025-10-29T18:21:01Z
DLLL,41.02,2025-10-29T17:11:03Z
DLN,87.01,2025-10-29T19:59:56Z
DLNG,3.57,2025-10-29T19:51:36Z
DLNG-A,26.03,2025-10-29T14:22:45Z
DLO,15.41,2025-10-29T19:59:54Z
DLR,167.15,2025-10-29T19:59:57Z
DLS,79.1,2025-10-29T14:03:25Z
DLTH,2.99,2025-10-29T19:59:13Z
DLTR,101.3,2025-10-29T19:59:58Z
DLX,18.28,2025-10-29T19:59:33Z
DLXY,0.94,2025-10-29T19:42:44Z
DLY,14.71,2025-10-29T19:59:59Z
DMA,8.68,2025-10-29T15:38:07Z
DMAC,6.67,2025-10-29T19:59:53Z
DMAR,41.01,2025-10-29T19:42:44Z
DMAT,24.74,2025-10-29T19:59:42Z
DMB,10.84,2025-10-29T16:43:04Z
DMBS,49.895,2025-10-29T19:36:08Z
DMLP,24.95,2025-10-29T19:54:40Z
DMO,11.95,2025-10-29T19:55:13Z
DMRC,9.375,2025-10-29T19:58:17Z
DNA,12.16,2025-10-29T19:59:48Z
DNLI,16.28,2025-10-29T19:59:59Z
DNN,3.185,2025-10-29T19:59:59Z
DNOW,14.76,2025-10-29T19:59:59Z
DNP,10.18,2025-10-29T19:59:53Z
DNTH,33.8,2025-10-29T19:59:47Z
DNUT,3.78,2025-10-29T19:59:56Z
DOC,17.58,2025-10-29T19:59:59Z
DOCN,39.58,2025-10-29T19:59:53Z
DOCS,66.77,2025-10-29T19:59:57Z
DOCT,44.035,2025-10-29T19:25:46Z
DOCU,68.99,2025-10-29T19:59:56Z
DOG,23.81,2025-10-29T19:59:51Z
DOGZ,11.72,2025-10-29T19:55:55Z
DOLE,12.69,2025-10-29T19:59:59Z
DOMH,5.44,2025-10-29T19:59:31Z
DOMO,13.89,2025-10-29T19:59:49Z
DON,50.69,2025-10-29T19:59:46Z
DOOO,64.62,2025-10-29T19:50:02Z
DORM,133.59,2025-10-29T19:59:51Z
DOUG,2.565,2025-10-29T19:59:47Z
DOV,180.64,2025-10-29T19:59:49Z
DOW,24.88,2025-10-29T19:59:59Z
DOX,84.14,2025-10-29T19:59:50Z
DOYU,6.9,2025-10-29T18:50:42Z
DPG,13.16,2025-10-29T15:23:34Z
DPRO,8.555,2025-10-29T19:59:16Z
DPST,81.02,2025-10-29T19:59:54Z
DPZ,405.82,2025-10-29T19:59:33Z
DQ,30.51,2025-10-29T19:59:58Z
DRCT,0.3597,2025-10-29T19:58:08Z
DRD,24.205,2025-10-29T19:59:50Z
DRGN,36.61,2025-10-29T18:35:29Z
DRH,7.86,2025-10-29T19:59:59Z
DRI,182.34,2025-10-29T19:59:52Z
DRIP,9.24,2025-10-29T19:59:49Z
DRIV,30.71,2025-10-29T19:52:38Z
DRLL,28.37,2025-10-29T15:33:08Z
DRMA,3.73,2025-10-29T17:22:48Z
DRN,8.665,2025-10-29T19:59:10Z
DRS,38.45,2025-10-29T19:59:50Z
DRSK,29.7,2025-10-29T18:39:10Z
DRTS,4.01,2025-10-29T19:59:37Z
DRV,26.445,2025-10-29T19:59:46Z
DRVN,14.86,2025-10-29T19:59:54Z
DSEP,44.78,2025-10-29T18:20:40Z
DSGN,6.52,2025-10-29T19:58:47Z
DSGR,29.655,2025-10-29T19:55:29Z
DSGX,89.795,2025-10-29T19:59:37Z
DSI,130.665,2025-10-29T19:59:46Z
DSL,11.73,2025-10-29T19:59:57Z
DSM,5.99,2025-10-29T19:57:58Z
DSP,8.55,2025-10-29T19:59:03Z
DSS,1.24,2025-10-29T14:37:31Z
DSTL,56.91,2025-10-29T19:42:44Z
DSU,10.37,2025-10-29T19:59:58Z
DSWL,3.51,2025-10-29T15:43:50Z
DSX,1.72,2025-10-29T19:56:49Z
DSY,0.6398,2025-10-29T18:40:27Z
DT,48.96,2025-10-29T19:59:51Z
DTCK,1.85,2025-10-29T19:46:41Z
DTCR,22.43,2025-10-29T19:55:36Z
DTD,83.655,2025-10-29T18:44:23Z
DTE,138.86,2025-10-29T19:59:48Z
DTF,11.36,2025-10-29T13:43:15Z
DTG,18.27,2025-10-29T19:43:37Z
DTH,49.135,2025-10-29T19:57:40Z
DTIL,8.47,2025-10-29T19:55:29Z
DTK,25.16,2025-10-29T19:37:52Z
DTM,106.425,2025-10-29T19:59:42Z
DTSS,1.91,2025-10-29T19:31:23Z
DTST,4.21,2025-10-29T19:32:47Z
DUG,34.44,2025-10-29T18:43:00Z
DUHP,38.29,2025-10-29T19:59:25Z
DUK,124.25,2025-10-29T19:59:54Z
DUK-A,25.16,2025-10-29T13:53:08Z
DUKB,24.71,2025-10-29T15:11:38Z
DULL,2.245,2025-10-29T19:59:46Z
DUOL,272.53,2025-10-29T19:59:57Z
DUOT,9.96,2025-10-29T19:58:36Z
DUSB,50.745,2025-10-29T19:59:59Z
DUSL,75.04,2025-10-29T18:46:12Z
DUST,11.825,2025-10-29T19:59:54Z
DV,11.34,2025-10-29T19:59:55Z
DVA,126.52,2025-10-29T19:59:55Z
DVAX,10.3,2025-10-29T19:59:59Z
DVDN,20.42,2025-10-29T13:51:09Z
DVLT,2.66,2025-10-29T19:59:41Z
DVN,32.05,2025-10-29T19:59:59Z
DVOL,34.48,2025-10-29T19:59:45Z
DVS,4.03,2025-10-29T19:59:58Z
DVY,140.22,2025-10-29T19:59:02Z
DVYE,30.645,2025-10-29T19:55:13Z
DWM,67.33,2025-10-29T15:05:57Z
DWSH,6.82,2025-10-29T17:05:18Z
DWTX,6.345,2025-10-29T19:47:00Z
DX,13.32,2025-10-29T19:59:59Z
DXC,13.18,2025-10-29T19:59:59Z
DXCM,68.17,2025-10-29T19:59:54Z
DXD,20.975,2025-10-29T19:59:57Z
DXF,2.8,2025-10-29T19:17:52Z
DXJ,133.85,2025-10-29T19:54:51Z
DXLG,1.055,2025-10-29T19:58:41Z
DXPE,122.97,2025-10-29T19:22:13Z
DXYZ,24.415,2025-10-29T19:59:17Z
DY,288.02,2025-10-29T19:58:46Z
DYN,23.625,2025-10-29T19:59:59Z
DYNF,61.26,2025-10-29T19:59:59Z
DYORU,10.135,2025-10-29T19:59:55Z
DZZ,7.91,2025-10-29T19:46:02Z
E,37.08,2025-10-29T19:59:47Z
EA,200.19,2025-10-29T19:59:52Z
EAD,6.93,2025-10-29T19:59:51Z
EAF,13.06,2025-10-29T19:59:26Z
EAGG,48.285,2025-10-29T19:59:49Z
EAGL,32.19,2025-10-29T19:03:33Z
EARN,5.23,2025-10-29T19:59:50Z
EAT,114.92,2025-10-29T19:59:56Z
EB,2.26,2025-10-29T19:59:52Z
EBAY,99.57,2025-10-29T19:59:58Z
EBC,16.74,2025-10-29T19:59:59Z
EBF,16.49,2025-10-29T19:59:57Z
EBIZ,34.59,2025-10-29T14:16:22Z
EBND,21.345,2025-10-29T19:51:45Z
EBON,4.4,2025-10-29T19:12:41Z
EBR,10.29,2025-10-29T19:59:56Z
EBR.B,10.94,2025-10-29T19:56:55Z
EBS,9.43,2025-10-29T19:59:58Z
EC,9.32,2025-10-29T19:59:49Z
ECAT,16.45,2025-10-29T19:59:50Z
ECBK,15.395,2025-10-29T19:54:04Z
ECC,6.1,2025-10-29T19:59:54Z
ECDA,2.22,2025-10-29T19:47:39Z
ECF,12.43,2025-10-29T15:29:30Z
ECG,91.96,2025-10-29T19:59:50Z
ECH,34.95,2025-10-29T19:59:58Z
ECL,257.35,2025-10-29T19:59:48Z
ECO,34.275,2025-10-29T19:59:57Z
ECOR,5.01,2025-10-29T18:56:28Z
ECOW,25.23,2025-10-29T15:51:32Z
ECPG,42.025,2025-10-29T19:59:55Z
ECVT,8.3,2025-10-29T19:59:59Z
ECX,2.37,2025-10-29T19:59:54Z
ED,96.92,2025-10-29T19:59:48Z
EDAP,2.18,2025-10-29T16:38:08Z
EDBL,1.73,2025-10-29T19:45:40Z
EDC,57.65,2025-10-29T19:59:46Z
EDD,5.36,2025-10-29T19:56:06Z
EDEN,110.9,2025-10-29T18:36:33Z
EDF,4.99,2025-10-29T19:59:50Z
EDGH,28.565,2025-10-29T19:57:11Z
EDGU,28.93,2025-10-29T19:59:48Z
EDHL,0.9094,2025-10-29T19:59:36Z
EDIT,3.04,2025-10-29T19:59:59Z
EDIV,38.85,2025-10-29T19:30:03Z
EDN,31.745,2025-10-29T19:51:02Z
EDSA,2.06,2025-10-29T17:38:32Z
EDU,57.855,2025-10-29T19:59:42Z
EDUC,1.68,2025-10-29T19:59:10Z
EDV,70.125,2025-10-29T19:59:57Z
EDZ,34.62,2025-10-29T19:55:27Z
EE,25.37,2025-10-29T19:59:09Z
EEA,10.76,2025-10-29T18:29:38Z
EEFT,77.58,2025-10-29T19:59:41Z
EEIQ,0.4702,2025-10-29T19:59:14Z
EELV,26.95,2025-10-29T19:19:08Z
EEM,56.04,2025-10-29T19:59:59Z
EEMS,69.55,2025-10-29T17:19:38Z
EEMV,65.74,2025-10-29T19:59:45Z
EETH,59.67,2025-10-29T18:45:04Z
EEV,9.29,2025-10-29T19:53:07Z
EEX,4.49,2025-10-29T19:57:42Z
EFA,95.125,2025-10-29T19:59:59Z
EFAA,53.23,2025-10-29T19:59:38Z
EFAD,41.94,2025-10-29T14:04:13Z
EFAS,18.8,2025-10-29T17:49:17Z
EFAV,84.65,2025-10-29T19:59:28Z
EFC,13.31,2025-10-29T19:59:59Z
EFG,116.39,2025-10-29T19:55:57Z
EFIV,66.025,2025-10-29T19:59:25Z
EFR,11.365,2025-10-29T19:40:42Z
EFSC,52.335,2025-10-29T19:58:58Z
EFSI,36.685,2025-10-29T19:25:20Z
EFT,11.5,2025-10-29T19:40:56Z
EFV,68.84,2025-10-29T19:59:59Z
EFX,214.22,2025-10-29T19:59:41Z
EFXT,12.685,2025-10-29T19:58:40Z
EFZ,13.09,2025-10-29T18:40:05Z
EG,309.205,2025-10-29T19:59:07Z
EGAN,13.425,2025-10-29T19:57:58Z
EGBN,16.65,2025-10-29T19:59:52Z
EGG,4.62,2025-10-29T17:38:14Z
EGGQ,51.76,2025-10-29T18:55:47Z
EGGS,44.26,2025-10-29T18:35:37Z
EGGY,41.71,2025-10-29T19:42:10Z
EGHT,1.865,2025-10-29T19:55:54Z
EGO,25.1,2025-10-29T19:59:57Z
EGP,173.81,2025-10-29T19:57:09Z
EGY,3.875,2025-10-29T19:59:40Z
EH,18.95,2025-10-29T19:59:44Z
EHAB,8.5,2025-10-29T19:59:46Z
EHC,125.65,2025-10-29T19:59:46Z
EHGO,0.3998,2025-10-29T15:12:46Z
EHI,6.37,2025-10-29T19:05:37Z
EHTH,5.47,2025-10-29T19:59:41Z
EHY,22.24,2025-10-29T16:17:15Z
EIC,12.74,2025-10-29T19:59:50Z
EIDO,18.315,2025-10-29T19:59:43Z
EIG,40.195,2025-10-29T19:57:38Z
EIM,9.92,2025-10-29T19:58:02Z
EINC,93.52,2025-10-29T16:16:54Z
EIRL,68.46,2025-10-29T14:13:09Z
EIS,102.05,2025-10-29T15:04:54Z
EIX,55.38,2025-10-29T19:59:50Z
EJAN,33.35,2025-10-29T16:27:39Z
EJUL,29.4,2025-10-29T15:09:15Z
EKSO,5.23,2025-10-29T19:14:20Z
EL,97.37,2025-10-29T19:59:58Z
ELA,8.92,2025-10-29T19:40:50Z
ELAB,5.85,2025-10-29T19:55:38Z
ELAN,22.6,2025-10-29T19:59:57Z
ELBM,1.475,2025-10-29T19:59:57Z
ELC,21.7,2025-10-29T19:11:46Z
ELD,28.895,2025-10-29T17:53:36Z
ELDN,4.26,2025-10-29T19:59:56Z
ELF,126.76,2025-10-29T19:59:41Z
ELFY,37.37,2025-10-29T18:17:03Z
ELMD,24.01,2025-10-29T19:53:35Z
ELME,16.45,2025-10-29T19:59:59Z
ELOG,2.4,2025-10-29T16:25:33Z
ELP,10.255,2025-10-29T19:58:49Z
ELPW,0.327,2025-10-29T19:05:22Z
ELS,59.83,2025-10-29T19:59:51Z
ELTX,9.38,2025-10-29T19:58:59Z
ELUT,0.899,2025-10-29T15:55:14Z
ELV,336.545,2025-10-29T19:59:50Z
ELVA,6.48,2025-10-29T19:59:39Z
ELVN,22.65,2025-10-29T19:59:47Z
ELVR,24.44,2025-10-29T19:16:35Z
EM,1.37,2025-10-29T19:39:46Z
EMA,48.27,2025-10-29T19:59:47Z
EMB,96.62,2025-10-29T19:59:50Z
EMBC,13.55,2025-10-29T19:59:51Z
EMBD,24.08,2025-10-29T19:57:15Z
EMC,31.63,2025-10-29T19:45:34Z
EMCS,36.53,2025-10-29T14:40:54Z
EMD,10.495,2025-10-29T19:57:58Z
EME,776.835,2025-10-29T19:59:35Z
EMEQ,40.27,2025-10-29T19:22:38Z
EMF,17.89,2025-10-29T17:42:39Z
EMGF,59.27,2025-10-29T19:10:40Z
EMHY,40.275,2025-10-29T19:55:57Z
EMLC,25.54,2025-10-29T19:59:52Z
EMLP,37.76,2025-10-29T19:20:37Z
EMM,33.49,2025-10-29T13:31:35Z
EMN,61.09,2025-10-29T19:59:54Z
EMO,43.26,2025-10-29T14:26:34Z
EMPD,6.93,2025-10-29T19:59:56Z
EMQQ,45.93,2025-10-29T19:08:27Z
EMR,136.445,2025-10-29T19:59:52Z
EMX,4.05,2025-10-29T19:59:28Z
EMXC,72.76,2025-10-29T19:59:59Z
EMXF,47.76,2025-10-29T19:59:43Z
ENB,46.68,2025-10-29T19:59:59Z
ENFR,30.18,2025-10-29T19:13:26Z
ENGN,7.25,2025-10-29T19:52:17Z
ENGS,8.71,2025-10-29T17:56:02Z
ENIC,3.81,2025-10-29T19:59:42Z
ENLT,35.02,2025-10-29T19:56:46Z
ENLV,1.04,2025-10-29T19:56:17Z
ENOV,31.98,2025-10-29T19:59:55Z
ENPH,31.15,2025-10-29T19:59:54Z
ENPX,15.11,2025-10-29T19:42:55Z
ENR,23.51,2025-10-29T19:59:10Z
ENS,124.655,2025-10-29T19:59:28Z
ENSC,2.105,2025-10-29T15:47:08Z
ENSG,182.34,2025-10-29T19:59:12Z
ENTA,10.63,2025-10-29T19:59:59Z
ENTG,94.54,2025-10-29T19:59:54Z
ENTO,4.26,2025-10-29T18:45:14Z
ENTX,2.7,2025-10-29T19:59:54Z
ENVA,121.19,2025-10-29T19:58:58Z
ENVB,6.73,2025-10-29T19:59:13Z
ENVX,11.77,2025-10-29T19:59:59Z
EOCT,31.66,2025-10-29T18:11:07Z
EOD,5.765,2025-10-29T19:59:53Z
EOG,105.97,2025-10-29T19:59:48Z
EOI,20.74,2025-10-29T16:24:23Z
EOLS,6.87,2025-10-29T19:59:59Z
EONR,0.517,2025-10-29T19:59:57Z
EOS,23.825,2025-10-29T19:45:48Z
EOSE,14.37,2025-10-29T19:59:59Z
EOSEW,3.34,2025-10-29T19:54:55Z
EOT,16.68,2025-10-29T17:51:24Z
EPAC,41.675,2025-10-29T19:59:38Z
EPAM,162.83,2025-10-29T19:59:48Z
EPC,18.97,2025-10-29T19:59:42Z
EPD,31.085,2025-10-29T19:59:59Z
EPHE,24.67,2025-10-29T19:30:03Z
EPI,46.56,2025-10-29T19:59:51Z
EPM,4.42,2025-10-29T19:59:59Z
EPOL,34.57,2025-10-29T19:59:26Z
EPOW,1.135,2025-10-29T18:25:34Z
EPP,51.755,2025-10-29T19:59:10Z
EPR,52.07,2025-10-29T19:59:49Z
EPR-C,22.86,2025-10-29T18:46:25Z
EPRT,30.19,2025-10-29T19:59:59Z
EPRX,5.46,2025-10-29T16:11:48Z
EPS,70.37,2025-10-29T18:52:44Z
EPSM,18.03,2025-10-29T13:53:13Z
EPSN,4.735,2025-10-29T19:57:51Z
EPU,63.02,2025-10-29T18:39:38Z
EPV,23.92,2025-10-29T19:52:49Z
EPWK,0.0657,2025-10-29T19:59:42Z
EQ,1.39,2025-10-29T19:59:41Z
EQAL,51.82,2025-10-29T19:45:39Z
EQBK,41,2025-10-29T19:59:33Z
EQH,47.62,2025-10-29T19:59:54Z
EQIX,796.71,2025-10-29T19:59:57Z
EQL,46,2025-10-29T19:57:09Z
EQNR,24.19,2025-10-29T19:59:54Z
EQR,58.97,2025-10-29T19:59:59Z
EQT,51.785,2025-10-29T19:59:55Z
EQTY,26.1,2025-10-29T14:15:00Z
EQWL,116.62,2025-10-29T19:56:05Z
EQX,10.91,2025-10-29T19:59:59Z
ERAS,2.35,2025-10-29T19:59:37Z
ERC,9.4,2025-10-29T19:58:30Z
ERH,12.84,2025-10-29T18:04:40Z
ERIC,10.11,2025-10-29T19:59:59Z
ERIE,303.015,2025-10-29T19:50:36Z
ERII,17.17,2025-10-29T19:59:50Z
ERJ,65.77,2025-10-29T19:59:49Z
ERNA,1.785,2025-10-29T19:59:52Z
ERNZ,21.42,2025-10-29T18:17:37Z
ERO,21.435,2025-10-29T19:59:52Z
ERX,54.23,2025-10-29T19:59:02Z
ERY,20.91,2025-10-29T19:59:56Z
ES,73.77,2025-10-29T19:59:51Z
ESAB,114.31,2025-10-29T19:59:49Z
ESE,220.83,2025-10-29T19:56:48Z
ESEA,56.65,2025-10-29T18:41:31Z
ESGD,94.69,2025-10-29T19:54:20Z
ESGE,45.3,2025-10-29T19:59:00Z
ESGU,150.19,2025-10-29T19:59:52Z
ESGV,122.27,2025-10-29T19:59:22Z
ESI,26.42,2025-10-29T19:59:58Z
ESLA,2.45,2025-10-29T19:51:33Z
ESML,45.51,2025-10-29T19:59:46Z
ESMV,28.61,2025-10-29T18:43:28Z
ESN,17.245,2025-10-29T19:55:04Z
ESNT,59.7,2025-10-29T19:59:58Z
ESOA,11.545,2025-10-29T19:59:59Z
ESP,38.5,2025-10-29T19:58:58Z
ESPO,115.56,2025-10-29T17:25:21Z
ESPR,2.86,2025-10-29T19:59:58Z
ESQ,95.475,2025-10-29T19:58:51Z
ESRT,7.62,2025-10-29T19:59:59Z
ESS,247.12,2025-10-29T19:59:47Z
ESTA,52.21,2025-10-29T19:59:19Z
ESTC,86.42,2025-10-29T19:59:50Z
ET,16.915,2025-10-29T19:59:50Z
ETB,15.2,2025-10-29T19:59:05Z
ETD,27.02,2025-10-29T19:59:33Z
ETG,21.92,2025-10-29T17:45:25Z
ETH,36.765,2025-10-29T19:59:01Z
ETHA,29.51,2025-10-29T19:59:59Z
ETHD,3.8,2025-10-29T19:59:59Z
ETHE,32.07,2025-10-29T19:59:53Z
ETHI,13.46,2025-10-29T18:45:32Z
ETHM,10.46,2025-10-29T15:10:37Z
ETHT,75.24,2025-10-29T19:58:50Z
ETHU,108.37,2025-10-29T19:59:59Z
ETHV,57.12,2025-10-29T19:59:51Z
ETHW,27.95,2025-10-29T19:59:53Z
ETHZ,20.7,2025-10-29T19:59:54Z
ETHZW,0.0533,2025-10-29T19:59:50Z
ETJ,8.905,2025-10-29T19:59:14Z
ETN,387.85,2025-10-29T19:59:49Z
ETNB,14.85,2025-10-29T19:59:55Z
ETO,28.21,2025-10-29T19:50:15Z
ETON,18.345,2025-10-29T19:55:14Z
ETOR,37.86,2025-10-29T19:59:49Z
ETQ,34.64,2025-10-29T18:43:22Z
ETR,95.465,2025-10-29T19:59:59Z
ETS,0.7211,2025-10-29T19:59:45Z
ETSY,65.48,2025-10-29T19:59:50Z
ETTY,22.4,2025-10-29T13:37:37Z
ETU,28.74,2025-10-29T19:58:30Z
ETV,14.475,2025-10-29T19:58:22Z
ETW,9.05,2025-10-29T19:59:44Z
ETX,19.19,2025-10-29T19:51:24Z
ETY,15.76,2025-10-29T19:53:56Z
EU,3.105,2025-10-29T19:59:59Z
EUAD,44.335,2025-10-29T19:59:56Z
EUDA,2.105,2025-10-29T19:59:50Z
EUFN,34.05,2025-10-29T19:59:55Z
EUM,19.99,2025-10-29T19:50:32Z
EUO,28.87,2025-10-29T19:45:41Z
EURL,37.57,2025-10-29T19:53:49Z
EUSA,102.49,2025-10-29T19:55:23Z
EUSB,44.21,2025-10-29T18:40:50Z
EVAX,5.835,2025-10-29T19:53:43Z
EVC,2.05,2025-10-29T19:58:44Z
EVCM,11.66,2025-10-29T19:59:46Z
EVER,19.33,2025-10-29T19:59:55Z
EVEX,4.55,2025-10-29T19:59:52Z
EVF,5.44,2025-10-29T15:04:38Z
EVG,11.09,2025-10-29T19:59:49Z
EVGN,1.29,2025-10-29T18:49:48Z
EVGO,3.97,2025-10-29T19:59:56Z
EVH,7.09,2025-10-29T19:59:59Z
EVIM,53.29,2025-10-29T17:11:55Z
EVLN,49.76,2025-10-29T18:43:01Z
EVLV,7.65,2025-10-29T19:59:59Z
EVMO,50.955,2025-10-29T19:59:55Z
EVN,10.89,2025-10-29T19:49:32Z
EVO,4.12,2025-10-29T19:35:04Z
EVOK,5.03,2025-10-29T19:14:22Z
EVR,292.44,2025-10-29T19:59:22Z
EVRG,76.915,2025-10-29T19:59:54Z
EVSD,51.6,2025-10-29T19:59:46Z
EVSM,50.49,2025-10-29T19:59:38Z
EVT,24.33,2025-10-29T19:49:18Z
EVTC,29.3,2025-10-29T19:59:55Z
EVTL,4.405,2025-10-29T19:59:50Z
EVTR,51.885,2025-10-29T19:59:46Z
EVTV,1.54,2025-10-29T17:38:40Z
EVUS,31.53,2025-10-29T19:59:47Z
EVV,10.055,2025-10-29T19:57:02Z
EW,82.7,2025-10-29T19:59:59Z
EWA,27,2025-10-29T19:59:52Z
EWBC,99.79,2025-10-29T19:59:29Z
EWC,50.76,2025-10-29T19:59:55Z
EWCZ,3.56,2025-10-29T19:59:57Z
EWD,48.59,2025-10-29T18:49:12Z
EWG,41.26,2025-10-29T19:59:50Z
EWH,21.93,2025-10-29T19:59:58Z
EWI,52.08,2025-10-29T19:59:50Z
EWJ,83.21,2025-10-29T19:59:56Z
EWJV,39.32,2025-10-29T18:56:03Z
EWL,55.615,2025-10-29T19:48:33Z
EWM,25.9,2025-10-29T19:59:45Z
EWP,50.64,2025-10-29T19:57:41Z
EWQ,44.85,2025-10-29T19:58:27Z
EWS,28.415,2025-10-29T19:59:40Z
EWT,67.12,2025-10-29T19:59:57Z
EWTX,16.32,2025-10-29T19:59:41Z
EWU,42.82,2025-10-29T19:59:47Z
EWW,67.42,2025-10-29T19:59:58Z
EWX,67.54,2025-10-29T19:40:33Z
EWY,96.905,2025-10-29T19:59:58Z
EWZ,31.165,2025-10-29T19:59:53Z
EWZS,13.63,2025-10-29T19:59:51Z
EXAS,62.71,2025-10-29T19:59:55Z
EXC,47.21,2025-10-29T19:59:57Z
EXE,100.38,2025-10-29T19:59:53Z
EXEL,39.41,2025-10-29T19:59:41Z
EXFY,1.62,2025-10-29T19:59:48Z
EXG,9.21,2025-10-29T19:59:50Z
EXI,174.61,2025-10-29T19:02:04Z
EXK,8.08,2025-10-29T19:59:24Z
EXLS,38.555,2025-10-29T19:59:56Z
EXOD,24.47,2025-10-29T19:46:29Z
EXP,233.095,2025-10-29T19:59:41Z
EXPD,117.51,2025-10-29T19:59:35Z
EXPE,219.615,2025-10-29T19:59:50Z
EXPI,10.415,2025-10-29T19:59:36Z
EXPO,65.35,2025-10-29T19:59:29Z
EXR,141.71,2025-10-29T19:59:53Z
EXTR,18.005,2025-10-29T19:59:58Z
EYE,27.04,2025-10-29T19:59:59Z
EYLD,38.93,2025-10-29T16:20:45Z
EYPT,11.7,2025-10-29T19:59:56Z
EZA,64.7,2025-10-29T19:59:12Z
EZBC,63.895,2025-10-29T19:38:03Z
EZET,29.64,2025-10-29T19:58:53Z
EZGO,0.1459,2025-10-29T19:59:47Z
EZM,65.7,2025-10-29T15:20:17Z
EZPW,17.43,2025-10-29T19:59:28Z
EZPZ,29.435,2025-10-29T16:12:14Z
EZU,62.82,2025-10-29T19:59:42Z
F,13.25,2025-10-29T19:59:59Z
F-B,22.88,2025-10-29T18:08:13Z
F-C,22.8,2025-10-29T15:47:18Z
FA,13.18,2025-10-29T19:59:59Z
FAAR,30.22,2025-10-29T15:33:36Z
FAF,61.31,2025-10-29T19:59:41Z
FALN,27.645,2025-10-29T19:55:22Z
FAN,20.5,2025-10-29T15:18:04Z
FANG,143.51,2025-10-29T19:59:12Z
FAPR,43.76,2025-10-29T19:59:50Z
FARM,1.73,2025-10-29T18:18:54Z
FAS,158.225,2025-10-29T19:59:46Z
FAST,41.09,2025-10-29T19:59:59Z
FATE,1.34,2025-10-29T19:59:59Z
FAX,15.36,2025-10-29T19:59:50Z
FAZ,44.84,2025-10-29T19:59:35Z
FBCG,56.21,2025-10-29T19:59:50Z
FBCV,34.47,2025-10-29T19:58:37Z
FBIN,49.74,2025-10-29T19:59:59Z
FBIO,2.52,2025-10-29T19:58:56Z
FBIZ,49.33,2025-10-29T19:59:33Z
FBK,53.83,2025-10-29T19:59:49Z
FBL,44.9,2025-10-29T19:59:50Z
FBLA,11.915,2025-10-29T19:43:04Z
FBLG,0.3854,2025-10-29T19:54:11Z
FBNC,48.64,2025-10-29T19:59:58Z
FBND,46.605,2025-10-29T19:59:46Z
FBOT,34.46,2025-10-29T18:08:30Z
FBP,19.25,2025-10-29T19:59:59Z
FBRT,10.66,2025-10-29T19:59:59Z
FBRX,14.46,2025-10-29T19:44:01Z
FBT,188.36,2025-10-29T19:01:41Z
FBTC,96.37,2025-10-29T19:59:36Z
FBY,15.52,2025-10-29T19:59:50Z
FC,16.9,2025-10-29T19:58:17Z
FCAL,49.36,2025-10-29T19:58:30Z
FCBC,32.11,2025-10-29T19:55:26Z
FCCO,26.94,2025-10-29T19:22:59Z
FCEL,8.17,2025-10-29T19:59:50Z
FCF,15.51,2025-10-29T19:59:59Z
FCFS,147.745,2025-10-29T19:59:40Z
FCG,22.11,2025-10-29T19:59:04Z
FCHL,0.505,2025-10-29T19:22:22Z
FCN,169.03,2025-10-29T19:59:47Z
FCNCA,1790,2025-10-29T19:54:49Z
FCNCP,22.53,2025-10-29T18:23:19Z
FCO,2.88,2025-10-29T19:46:27Z
FCOM,72.15,2025-10-29T19:59:46Z
FCOR,48.5,2025-10-29T19:23:48Z
FCPI,50.05,2025-10-29T19:17:09Z
FCPT,23.46,2025-10-29T19:59:58Z
FCRS=,10.68,2025-10-29T18:48:03Z
FCT,9.7,2025-10-29T19:36:45Z
FCTE,24.69,2025-10-29T19:56:25Z
FCUS,35.08,2025-10-29T14:30:53Z
FCVT,44.27,2025-10-29T18:40:26Z
FCX,42.2,2025-10-29T19:59:59Z
FDAT,22.93,2025-10-29T15:21:14Z
FDD,16.39,2025-10-29T16:37:57Z
FDEV,33.305,2025-10-29T18:12:54Z
FDIG,54.25,2025-10-29T19:54:23Z
FDIS,102.04,2025-10-29T19:40:08Z
FDL,42.93,2025-10-29T19:56:45Z
FDLO,66.005,2025-10-29T19:55:00Z
FDLS,35.24,2025-10-29T15:58:46Z
FDMO,85.81,2025-10-29T19:59:57Z
FDMT,11.39,2025-10-29T19:59:50Z
FDN,285.49,2025-10-29T19:59:54Z
FDNI,38.96,2025-10-29T17:01:22Z
FDP,34.33,2025-10-29T19:59:59Z
FDRV,17.895,2025-10-29T18:24:07Z
FDS,266.72,2025-10-29T19:59:49Z
FDSB,13.39,2025-10-29T14:57:01Z
FDT,77.33,2025-10-29T18:31:09Z
FDTX,43.27,2025-10-29T17:30:29Z
FDUS,20.68,2025-10-29T19:59:05Z
FDV,28.25,2025-10-29T19:52:05Z
FDVV,56.39,2025-10-29T19:59:59Z
FDX,249.635,2025-10-29T19:59:40Z
FE,45.79,2025-10-29T19:59:58Z
FEAM,4.94,2025-10-29T19:59:42Z
FEBU,28.07,2025-10-29T15:40:06Z
FEBW,33.44,2025-10-29T15:01:34Z
FEDM,57.75,2025-10-29T14:18:56Z
FEGE,44.42,2025-10-29T19:58:24Z
FEIM,37.12,2025-10-29T19:57:30Z
FELC,38.2,2025-10-29T19:58:45Z
FELE,95.27,2025-10-29T19:59:45Z
FELG,43.105,2025-10-29T19:59:55Z
FELV,33.54,2025-10-29T19:36:45Z
FEM,27.01,2025-10-29T18:49:15Z
FEMB,29.325,2025-10-29T19:16:07Z
FEMR,32.44,2025-10-29T18:42:31Z
FEMS,42.65,2025-10-29T17:56:05Z
FEMY,0.6356,2025-10-29T19:59:39Z
FENC,8.47,2025-10-29T19:59:54Z
FENI,35.825,2025-10-29T19:59:27Z
FENY,24.45,2025-10-29T19:56:07Z
FEOE,46.62,2025-10-29T19:16:32Z
FEPI,48.61,2025-10-29T18:51:46Z
FER,63.07,2025-10-29T19:59:59Z
FERG,249.05,2025-10-29T19:59:47Z
FESM,37.305,2025-10-29T19:59:00Z
FET,32.03,2025-10-29T19:55:54Z
FETH,38.97,2025-10-29T19:59:46Z
FEUZ,59.005,2025-10-29T18:50:01Z
FEX,117.35,2025-10-29T19:48:39Z
FEZ,63.31,2025-10-29T19:59:57Z
FF,3.925,2025-10-29T19:59:54Z
FFAI,1.38,2025-10-29T19:59:59Z
FFBC,23.61,2025-10-29T19:59:59Z
FFC,16.81,2025-10-29T19:59:54Z
FFEB,55.81,2025-10-29T18:19:52Z
FFIC,12.86,2025-10-29T19:59:47Z
FFIN,30.64,2025-10-29T19:59:59Z
FFIV,258.61,2025-10-29T19:59:38Z
FFLC,53.95,2025-10-29T15:38:49Z
FFLG,30.9,2025-10-29T16:07:31Z
FFLV,23.45,2025-10-29T16:39:27Z
FFOG,49.84,2025-10-29T19:02:01Z
FFOX,27.6,2025-10-29T19:59:50Z
FFSM,29.81,2025-10-29T19:59:46Z
FFTY,41.045,2025-10-29T19:58:38Z
FFWM,5.33,2025-10-29T19:59:49Z
FG,29.04,2025-10-29T19:59:39Z
FGBIP,17.39,2025-10-29T18:07:21Z
FGD,29.26,2025-10-29T19:58:00Z
FGDL,52.34,2025-10-29T19:59:59Z
FGI,5.41,2025-10-29T16:31:39Z
FGL,0.4068,2025-10-29T19:59:32Z
FGNX,3.85,2025-10-29T19:59:56Z
FHB,24.45,2025-10-29T19:59:54Z
FHEQ,31.28,2025-10-29T19:59:46Z
FHI,47.67,2025-10-29T19:59:58Z
FHLC,69.37,2025-10-29T19:59:50Z
FHN,20.73,2025-10-29T19:59:58Z
FHN-C,25.11,2025-10-29T16:24:34Z
FHTX,4.205,2025-10-29T19:59:32Z
FHYS,23.36,2025-10-29T14:06:37Z
FI,70.09,2025-10-29T19:59:58Z
FIAT,2.41,2025-10-29T19:56:08Z
FIBK,32.11,2025-10-29T19:59:59Z
FICO,1566.01,2025-10-29T19:59:33Z
FIDI,24.7,2025-10-29T19:58:30Z
FIDU,83.65,2025-10-29T18:18:34Z
FIG,50.815,2025-10-29T19:59:51Z
FIGB,43.98,2025-10-29T17:52:29Z
FIGG,9.23,2025-10-29T19:26:52Z
FIGR,42.655,2025-10-29T19:59:57Z
FIGS,7.82,2025-10-29T19:59:59Z
FIHL,17.94,2025-10-29T19:59:47Z
FIIG,21.25,2025-10-29T19:57:19Z
FINS,13.04,2025-10-29T18:54:42Z
FINV,5.605,2025-10-29T19:59:50Z
FINX,33.79,2025-10-29T18:56:02Z
FIP,5.265,2025-10-29T19:59:50Z
FIS,61.52,2025-10-29T19:59:59Z
FISI,28.88,2025-10-29T19:59:17Z
FISR,26.22,2025-10-29T19:59:58Z
FITB,41.76,2025-10-29T19:59:59Z
FITBO,20.59,2025-10-29T17:06:01Z
FITBP,25.15,2025-10-29T18:59:46Z
FIVA,31.81,2025-10-29T19:46:06Z
FIVE,161.62,2025-10-29T19:59:52Z
FIVN,23.35,2025-10-29T19:59:46Z
FIW,113.01,2025-10-29T18:35:29Z
FIX,1008.585,2025-10-29T19:57:18Z
FIXD,44.72,2025-10-29T19:59:50Z
FIZZ,32.49,2025-10-29T19:59:59Z
FJUL,55.44,2025-10-29T18:35:30Z
FLBL,23.85,2025-10-29T19:59:50Z
FLC,17.655,2025-10-29T18:36:52Z
FLCA,45.48,2025-10-29T19:55:55Z
FLCB,21.835,2025-10-29T19:58:01Z
FLCG,33.91,2025-10-29T19:55:08Z
FLCH,25.81,2025-10-29T19:59:42Z
FLCO,22.075,2025-10-29T15:48:39Z
FLD,3.7,2025-10-29T19:59:29Z
FLDB,50.74,2025-10-29T15:12:11Z
FLDR,50.435,2025-10-29T19:55:19Z
FLEE,35.33,2025-10-29T18:42:05Z
FLEU,32.73,2025-10-29T18:28:04Z
FLEX,66.13,2025-10-29T19:59:57Z
FLG,11.54,2025-10-29T19:59:59Z
FLG-A,22.19,2025-10-29T15:31:04Z
FLGC,10.37,2025-10-29T14:09:50Z
FLGT,22.72,2025-10-29T19:59:49Z
FLGV,20.79,2025-10-29T18:28:13Z
FLHY,24.495,2025-10-29T19:55:08Z
FLIA,20.68,2025-10-29T19:59:59Z
FLIN,39.18,2025-10-29T19:57:52Z
FLJH,38.43,2025-10-29T19:55:52Z
FLJP,35.58,2025-10-29T19:59:59Z
FLKR,32.34,2025-10-29T18:50:08Z
FLL,2.535,2025-10-29T19:51:35Z
FLMI,24.97,2025-10-29T19:59:53Z
FLNC,20.3,2025-10-29T19:59:59Z
FLNG,25.69,2025-10-29T19:59:53Z
FLNT,2.1,2025-10-29T18:28:29Z
FLO,12.17,2025-10-29T19:59:59Z
FLOC,15.94,2025-10-29T19:59:28Z
FLOT,51.055,2025-10-29T19:59:46Z
FLQM,54.92,2025-10-29T19:49:56Z
FLR,49.295,2025-10-29T19:59:57Z
FLRG,38.48,2025-10-29T14:25:28Z
FLRN,30.85,2025-10-29T19:54:23Z
FLRT,47.23,2025-10-29T19:42:03Z
FLS,69,2025-10-29T19:59:59Z
FLSP,26.53,2025-10-29T16:29:57Z
FLTB,50.86,2025-10-29T19:53:23Z
FLTR,25.55,2025-10-29T19:59:51Z
FLTW,62.8,2025-10-29T19:50:45Z
FLUD,25.14,2025-10-29T19:57:20Z
FLUT,236.86,2025-10-29T19:59:46Z
FLUX,4.23,2025-10-29T19:59:35Z
FLWS,3.5,2025-10-29T19:59:53Z
FLX,3.79,2025-10-29T19:57:07Z
FLXR,39.86,2025-10-29T19:59:40Z
FLXS,35.57,2025-10-29T19:21:18Z
FLY,25.02,2025-10-29T19:59:55Z
FLYD,7.69,2025-10-29T14:15:00Z
FLYE,0.955,2025-10-29T19:59:21Z
FLYT,22.62,2025-10-29T14:11:07Z
FLYW,13.49,2025-10-29T19:59:47Z
FMAO,23.115,2025-10-29T19:41:04Z
FMAR,46.73,2025-10-29T18:49:23Z
FMAT,50.82,2025-10-29T19:59:45Z
FMB,51.18,2025-10-29T19:59:59Z
FMBH,36.01,2025-10-29T19:37:40Z
FMC,29.075,2025-10-29T19:59:55Z
FMDE,35.665,2025-10-29T19:49:58Z
FMET,38.89,2025-10-29T19:59:55Z
FMF,48.64,2025-10-29T18:02:22Z
FMFC,2.925,2025-10-29T19:59:42Z
FMHI,48.02,2025-10-29T19:54:16Z
FMN,11.07,2025-10-29T19:59:49Z
FMNB,12.92,2025-10-29T19:59:54Z
FMS,26.89,2025-10-29T19:59:57Z
FMST,3.64,2025-10-29T19:57:36Z
FMX,94.55,2025-10-29T19:59:36Z
FMY,11.97,2025-10-29T18:45:27Z
FN,443.88,2025-10-29T19:59:45Z
FNB,15.49,2025-10-29T19:59:59Z
FNCL,73.71,2025-10-29T18:37:52Z
FND,69.11,2025-10-29T19:59:52Z
FNDA,30.845,2025-10-29T19:59:45Z
FNDB,26.055,2025-10-29T19:59:46Z
FNDC,44.62,2025-10-29T19:58:33Z
FNDE,37.415,2025-10-29T19:59:46Z
FNDF,44.27,2025-10-29T19:59:41Z
FNDX,26.71,2025-10-29T19:59:46Z
FNF,54.91,2025-10-29T19:59:54Z
FNGD,4.205,2025-10-29T19:58:42Z
FNGG,269.59,2025-10-29T17:43:39Z
FNGR,1.595,2025-10-29T19:59:42Z
FNGS,73.755,2025-10-29T18:35:32Z
FNGU,33.9,2025-10-29T19:59:40Z
FNK,54.2,2025-10-29T18:23:52Z
FNKO,3.1,2025-10-29T19:59:50Z
FNV,186.58,2025-10-29T19:59:02Z
FNX,125.3,2025-10-29T19:12:33Z
FNY,94.21,2025-10-29T18:31:17Z
FOA,21.62,2025-10-29T19:56:40Z
FOCT,48.82,2025-10-29T17:53:28Z
FOF,12.9,2025-10-29T19:50:16Z
FOLD,8.905,2025-10-29T19:59:59Z
FOR,26.98,2025-10-29T19:59:44Z
FORA,2.3,2025-10-29T19:13:45Z
FORD,14.34,2025-10-29T19:59:49Z
FORM,47.675,2025-10-29T19:59:55Z
FORR,8.36,2025-10-29T19:59:41Z
FOSL,2.1,2025-10-29T19:59:45Z
FOUR,70.05,2025-10-29T19:59:59Z
FOUR-A,88.11,2025-10-29T17:53:26Z
FOX,54.345,2025-10-29T19:59:51Z
FOXA,60.86,2025-10-29T19:59:50Z
FOXF,22.3,2025-10-29T19:59:36Z
FPE,18.435,2025-10-29T19:59:29Z
FPEI,19.49,2025-10-29T19:59:51Z
FPF,18.97,2025-10-29T19:59:39Z
FPH,5.81,2025-10-29T19:55:21Z
FPI,10.09,2025-10-29T19:59:50Z
FPWR,33.485,2025-10-29T19:48:21Z
FQAL,76.27,2025-10-29T14:15:00Z
FR,55.68,2025-10-29T19:59:59Z
FRA,12.505,2025-10-29T19:47:09Z
FRBA,15.71,2025-10-29T19:58:10Z
FRD,21.5,2025-10-29T19:05:06Z
FRDM,48.285,2025-10-29T19:55:15Z
FREL,26.875,2025-10-29T19:59:46Z
FRGE,19.655,2025-10-29T19:59:44Z
FRGT,1.175,2025-10-29T19:59:24Z
FRHC,154.875,2025-10-29T18:50:07Z
FRI,27.75,2025-10-29T14:15:00Z
FRME,35.65,2025-10-29T19:59:59Z
FRMI,28.75,2025-10-29T19:59:42Z
FRO,24.75,2025-10-29T19:59:55Z
FROG,48.25,2025-10-29T19:59:54Z
FRPH,23.03,2025-10-29T19:45:25Z
FRPT,52.615,2025-10-29T19:59:47Z
FRSH,10.95,2025-10-29T19:59:59Z
FRST,10.71,2025-10-29T19:57:09Z
FRT,95.48,2025-10-29T19:59:43Z
FRTY,22.92,2025-10-29T18:26:21Z
FSBC,36.095,2025-10-29T19:59:08Z
FSBW,38.32,2025-10-29T19:30:09Z
FSCO,6.455,2025-10-29T19:55:52Z
FSEC,44.5,2025-10-29T19:59:59Z
FSEP,51.28,2025-10-29T18:36:58Z
FSFG,29.82,2025-10-29T19:14:14Z
FSI,9.24,2025-10-29T18:36:03Z
FSIG,19.22,2025-10-29T19:59:47Z
FSK,15.2,2025-10-29T19:59:56Z
FSLR,241.47,2025-10-29T19:59:50Z
FSLY,8.03,2025-10-29T19:59:59Z
FSM,8.03,2025-10-29T19:59:55Z
FSMB,20.045,2025-10-29T19:10:39Z
FSMD,43.305,2025-10-29T19:59:45Z
FSP,1.26,2025-10-29T19:59:40Z
FSS,129.88,2025-10-29T19:59:54Z
FSTA,48.86,2025-10-29T19:59:45Z
FSUN,33.51,2025-10-29T19:59:48Z
FSV,155.95,2025-10-29T19:59:45Z
FSYD,48.86,2025-10-29T16:44:16Z
FT,7.92,2025-10-29T19:24:20Z
FTA,82.61,2025-10-29T19:59:50Z
FTAG,25.81,2025-10-29T19:34:50Z
FTAI,174.05,2025-10-29T19:59:27Z
FTAIM,27,2025-10-29T19:20:39Z
FTCB,21.415,2025-10-29T19:57:24Z
FTCS,91.45,2025-10-29T19:59:51Z
FTDR,66.01,2025-10-29T19:58:58Z
FTEC,238.64,2025-10-29T19:57:55Z
FTEK,2.595,2025-10-29T19:54:40Z
FTEL,2.34,2025-10-29T19:54:55Z
FTF,6.18,2025-10-29T19:59:53Z
FTGC,26.34,2025-10-29T19:31:33Z
FTGS,35.96,2025-10-29T19:47:40Z
FTHF,31.99,2025-10-29T17:33:05Z
FTHI,23.935,2025-10-29T19:59:29Z
FTHM,1.505,2025-10-29T19:58:23Z
FTHY,14.3,2025-10-29T19:39:16Z
FTI,41.04,2025-10-29T19:59:59Z
FTK,17.09,2025-10-29T19:59:52Z
FTLF,19.7,2025-10-29T19:04:45Z
FTLS,71.295,2025-10-29T19:55:56Z
FTMU,7.83,2025-10-29T19:05:32Z
FTNT,84.2,2025-10-29T19:59:55Z
FTNY,7.88,2025-10-29T17:22:33Z
FTQI,21.04,2025-10-29T19:50:06Z
FTRB,25.76,2025-10-29T16:36:22Z
FTRE,10.45,2025-10-29T19:59:54Z
FTRI,15.06,2025-10-29T19:05:35Z
FTS,50.19,2025-10-29T19:59:59Z
FTSD,91.17,2025-10-29T19:49:49Z
FTSL,45.785,2025-10-29T19:59:50Z
FTSM,60.1,2025-10-29T19:59:45Z
FTV,50.365,2025-10-29T19:59:57Z
FTXG,20.86,2025-10-29T19:59:40Z
FTXL,129.19,2025-10-29T16:47:31Z
FTXN,27.4,2025-10-29T19:10:50Z
FTXO,34.1,2025-10-29T19:43:02Z
FTXR,35.75,2025-10-29T19:59:13Z
FUBO,3.7,2025-10-29T19:59:58Z
FUFU,3.48,2025-10-29T18:07:08Z
FUL,57.9,2025-10-29T19:59:38Z
FULC,9.31,2025-10-29T19:59:40Z
FULT,17.51,2025-10-29T19:59:59Z
FUMB,20.065,2025-10-29T19:57:00Z
FUN,23.745,2025-10-29T19:59:55Z
FUNC,34.94,2025-10-29T19:59:59Z
FUND,8.24,2025-10-29T19:48:27Z
FURY,0.5726,2025-10-29T19:59:19Z
FUSE,3.04,2025-10-29T18:36:35Z
FUSEW,0.2,2025-10-29T19:21:50Z
FUTG,22.17,2025-10-29T18:29:25Z
FUTU,197.485,2025-10-29T19:59:35Z
FUTY,58.195,2025-10-29T19:59:45Z
FV,61.91,2025-10-29T19:55:15Z
FVAL,71.09,2025-10-29T19:21:56Z
FVCB,12.01,2025-10-29T19:36:21Z
FVD,45.11,2025-10-29T19:59:43Z
FVR,13.54,2025-10-29T19:59:32Z
FVRR,22.86,2025-10-29T19:59:52Z
FWD,110.05,2025-10-29T18:44:23Z
FWONA,87.775,2025-10-29T19:59:17Z
FWONK,96.07,2025-10-29T19:59:50Z
FWRD,19.23,2025-10-29T19:59:55Z
FWRG,17.09,2025-10-29T19:59:59Z
FXB,126.94,2025-10-29T19:52:09Z
FXC,70.35,2025-10-29T15:49:19Z
FXE,107.045,2025-10-29T19:58:41Z
FXF,110.46,2025-10-29T19:21:44Z
FXI,40.98,2025-10-29T19:59:59Z
FXN,15.835,2025-10-29T19:59:45Z
FXNC,22.79,2025-10-29T17:48:40Z
FXO,56.95,2025-10-29T18:51:46Z
FXP,8.16,2025-10-29T15:15:08Z
FXR,79.33,2025-10-29T18:35:29Z
FXU,46.15,2025-10-29T19:59:47Z
FXY,60.185,2025-10-29T19:57:49Z
FXZ,61.66,2025-10-29T19:48:22Z
FYBR,37.73,2025-10-29T19:59:59Z
FYC,95.015,2025-10-29T19:05:35Z
FYEE,28.65,2025-10-29T18:36:02Z
FYLD,31.33,2025-10-29T19:57:59Z
FYT,54.86,2025-10-29T18:55:34Z
G,37.88,2025-10-29T19:59:51Z
GAB,6.01,2025-10-29T19:50:01Z
GABC,38.815,2025-10-29T19:59:42Z
GAIA,5,2025-10-29T19:21:22Z
GAIN,13.89,2025-10-29T19:55:56Z
GAINN,25.1,2025-10-29T18:57:27Z
GAINZ,23.92,2025-10-29T13:43:34Z
GALT,5.1,2025-10-29T19:54:21Z
GAMB,7.24,2025-10-29T19:59:59Z
GAME,0.6689,2025-10-29T19:59:50Z
GANX,1.83,2025-10-29T19:56:44Z
GAP,23.695,2025-10-29T19:59:56Z
GAPR,39.47,2025-10-29T17:25:25Z
GARP,69.36,2025-10-29T19:47:09Z
GASS,6.485,2025-10-29T19:41:21Z
GATX,158.245,2025-10-29T19:59:48Z
GAU,2.425,2025-10-29T19:59:53Z
GAUZ,5.8,2025-10-29T14:02:38Z
GBAB,15.74,2025-10-29T18:20:36Z
GBCI,40.66,2025-10-29T19:59:58Z
GBDC,14.07,2025-10-29T19:59:59Z
GBFH,39.15,2025-10-29T19:09:23Z
GBIL,100.19,2025-10-29T19:10:37Z
GBIO,5.6,2025-10-29T18:51:13Z
GBTC,86.63,2025-10-29T19:59:43Z
GBTG,7.85,2025-10-29T19:59:59Z
GBUG,35.54,2025-10-29T19:37:36Z
GBX,42.06,2025-10-29T19:59:50Z
GCAL,51.09,2025-10-29T14:18:46Z
GCC,20.64,2025-10-29T19:23:52Z
GCI,4.13,2025-10-29T19:59:59Z
GCMG,11.56,2025-10-29T19:59:59Z
GCO,30.53,2025-10-29T18:26:56Z
GCOR,41.93,2025-10-29T19:54:40Z
GCOW,40.335,2025-10-29T13:39:00Z
GCT,29.305,2025-10-29T19:54:31Z
GCTK,6.63,2025-10-29T14:42:28Z
GCTS,1.42,2025-10-29T19:59:01Z
GCV,4.335,2025-10-29T19:55:15Z
GD,343.255,2025-10-29T19:59:47Z
GDC,3.99,2025-10-29T19:46:42Z
GDDY,126.585,2025-10-29T19:59:57Z
GDE,57.42,2025-10-29T19:58:01Z
GDEN,20.95,2025-10-29T19:59:47Z
GDHG,4.33,2025-10-29T15:39:33Z
GDIV,16.3,2025-10-29T19:20:33Z
GDLC,53.35,2025-10-29T18:38:29Z
GDMN,73.72,2025-10-29T19:13:37Z
GDO,11.705,2025-10-29T14:55:48Z
GDOT,12.3,2025-10-29T19:59:54Z
GDRX,3.51,2025-10-29T19:59:57Z
GDS,37.65,2025-10-29T19:59:54Z
GDTC,2.25,2025-10-29T17:10:40Z
GDV,27.205,2025-10-29T18:55:33Z
GDV-K,18.68,2025-10-29T15:46:23Z
GDX,71.115,2025-10-29T19:59:56Z
GDXD,18.425,2025-10-29T19:29:39Z
GDXJ,92.765,2025-10-29T19:59:56Z
GDXU,150.88,2025-10-29T19:12:53Z
GDXY,15.42,2025-10-29T19:59:59Z
GDYN,8.105,2025-10-29T19:59:53Z
GE,314.035,2025-10-29T19:59:49Z
GECC,7.85,2025-10-29T19:59:26Z
GEF,56.79,2025-10-29T19:59:55Z
GEG,2.47,2025-10-29T17:50:16Z
GEHC,77.39,2025-10-29T19:59:59Z
GEL,15.98,2025-10-29T19:59:16Z
GEM,42.65,2025-10-29T19:20:46Z
GEME,33.42,2025-10-29T19:22:38Z
GEMI,19.16,2025-10-29T19:59:38Z
GEN,25.86,2025-10-29T19:59:59Z
GENI,11.74,2025-10-29T19:59:59Z
GENK,3.04,2025-10-29T19:58:15Z
GENVR,4,2025-10-29T19:47:02Z
GEO,16.68,2025-10-29T19:59:57Z
GEOS,25.185,2025-10-29T19:58:09Z
GERN,1.235,2025-10-29T19:59:46Z
GES,17.05,2025-10-29T19:59:52Z
GETY,2.07,2025-10-29T19:59:59Z
GEV,577.905,2025-10-29T19:59:55Z
GEVO,2.285,2025-10-29T19:59:57Z
GEVX,26.655,2025-10-29T19:05:04Z
GF,11.12,2025-10-29T15:18:52Z
GFAI,1.005,2025-10-29T19:58:02Z
GFEB,40.96,2025-10-29T17:50:03Z
GFF,74.73,2025-10-29T19:59:50Z
GFI,38.225,2025-10-29T19:59:57Z
GFL,43.895,2025-10-29T19:59:57Z
GFR,4.805,2025-10-29T17:58:42Z
GFS,34.37,2025-10-29T19:59:59Z
GGAL,55.01,2025-10-29T19:59:52Z
GGB,3.61,2025-10-29T19:59:53Z
GGG,80.75,2025-10-29T19:59:55Z
GGLL,79.57,2025-10-29T19:59:26Z
GGLS,7.87,2025-10-29T19:59:44Z
GGME,65.89,2025-10-29T14:47:38Z
GGN,4.71,2025-10-29T19:59:06Z
GGT,4.015,2025-10-29T19:59:59Z
GGZ,14.13,2025-10-29T19:26:18Z
GH,72.4,2025-10-29T19:59:54Z
GHG,2.07,2025-10-29T15:23:22Z
GHI,8.46,2025-10-29T19:54:28Z
GHLD,19.86,2025-10-29T19:16:40Z
GHM,60.385,2025-10-29T19:59:50Z
GHRS,13.695,2025-10-29T19:59:56Z
GHY,12.625,2025-10-29T19:59:58Z
GIAX,17.93,2025-10-29T17:45:26Z
GIB,86.03,2025-10-29T19:59:09Z
GIC,28.73,2025-10-29T19:59:50Z
GIG,10.815,2025-10-29T19:53:42Z
GIGB,47.09,2025-10-29T17:31:40Z
GIGGW,0.8604,2025-10-29T19:56:57Z
GII,69.655,2025-10-29T19:33:47Z
GIII,27.87,2025-10-29T19:59:47Z
GIL,60.215,2025-10-29T19:59:55Z
GILD,118.52,2025-10-29T19:59:53Z
GILT,14.445,2025-10-29T19:59:56Z
GIPR,1.37,2025-10-29T16:00:11Z
GIS,46.575,2025-10-29T19:59:59Z
GIW,9.95,2025-10-29T19:35:31Z
GJR,24.92,2025-10-29T19:58:07Z
GJUL,40.94,2025-10-29T17:26:01Z
GJUN,39.18,2025-10-29T16:57:08Z
GKOS,76.915,2025-10-29T19:59:53Z
GL,131.73,2025-10-29T19:59:42Z
GL-D,17,2025-10-29T17:07:14Z
GLAD,19.46,2025-10-29T19:59:59Z
GLBE,36.05,2025-10-29T19:59:57Z
GLD,363,2025-10-29T19:59:55Z
GLDD,11.505,2025-10-29T19:59:50Z
GLDG,1.345,2025-10-29T19:59:55Z
GLDM,78.11,2025-10-29T19:59:58Z
GLDY,16.95,2025-10-29T19:29:10Z
GLE,0.6412,2025-10-29T14:30:19Z
GLIBK,36.445,2025-10-29T19:59:57Z
GLIN,46.52,2025-10-29T18:13:18Z
GLL,15.6,2025-10-29T19:59:14Z
GLMD,1.36,2025-10-29T19:40:00Z
GLNG,40.63,2025-10-29T19:59:47Z
GLO,5.835,2025-10-29T19:13:27Z
GLOB,59.44,2025-10-29T19:59:51Z
GLOF,53.24,2025-10-29T18:24:38Z
GLOP-A,25.45,2025-10-29T15:54:17Z
GLOW,30.9,2025-10-29T19:59:46Z
GLP,45.65,2025-10-29T19:34:46Z
GLPG,30.95,2025-10-29T19:35:55Z
GLPI,43.64,2025-10-29T19:59:58Z
GLQ,7.86,2025-10-29T17:42:03Z
GLRE,12.145,2025-10-29T19:59:32Z
GLRY,37.94,2025-10-29T15:35:12Z
GLSI,9.18,2025-10-29T19:37:06Z
GLTO,7.49,2025-10-29T19:59:42Z
GLTR,169.09,2025-10-29T18:42:37Z
GLU,18.39,2025-10-29T13:46:33Z
GLUE,12.51,2025-10-29T19:59:55Z
GLV,6.045,2025-10-29T19:43:22Z
GLW,90.31,2025-10-29T19:59:59Z
GLXG,4.11,2025-10-29T17:38:44Z
GLXU,36.08,2025-10-29T19:26:31Z
GLXY,36.41,2025-10-29T19:59:52Z
GM,69.125,2025-10-29T19:59:56Z
GMAB,28.955,2025-10-29T19:59:56Z
GME,23.4,2025-10-29T19:59:59Z
GME+,3.08,2025-10-29T19:59:35Z
GMED,61.45,2025-10-29T19:59:58Z
GMET,32.99,2025-10-29T14:39:30Z
GMEU,12.69,2025-10-29T19:59:51Z
GMEY,45.72,2025-10-29T16:04:07Z
GMMF,100.515,2025-10-29T18:36:42Z
GMNY,50.15,2025-10-29T19:32:06Z
GMOM,33.05,2025-10-29T14:01:29Z
GMRE,31.05,2025-10-29T19:59:36Z
GMUB,51.28,2025-10-29T18:40:50Z
GNE,14.81,2025-10-29T19:55:58Z
GNK,16.58,2025-10-29T19:59:44Z
GNL,7.56,2025-10-29T19:59:59Z
GNLN,3.24,2025-10-29T17:13:47Z
GNLX,7.675,2025-10-29T19:59:11Z
GNMA,44.87,2025-10-29T17:56:27Z
GNOV,38.47,2025-10-29T17:12:06Z
GNPX,6.63,2025-10-29T19:58:56Z
GNR,59.35,2025-10-29T19:59:45Z
GNRC,180.63,2025-10-29T19:59:56Z
GNS,0.819,2025-10-29T19:34:57Z
GNSS,2.275,2025-10-29T19:59:59Z
GNT,6.845,2025-10-29T19:56:24Z
GNTA,3.05,2025-10-29T19:59:50Z
GNTX,23.72,2025-10-29T19:59:59Z
GNW,8.33,2025-10-29T19:59:59Z
GO,14.35,2025-10-29T19:59:59Z
GOAU,37.47,2025-10-29T13:34:24Z
GOCO,4.08,2025-10-29T19:58:59Z
GOCT,39.06,2025-10-29T19:33:30Z
GOF,13,2025-10-29T19:59:41Z
GOGO,8.71,2025-10-29T19:59:59Z
GOLF,78.82,2025-10-29T19:59:31Z
GOLY,33.29,2025-10-29T19:20:04Z
GOOD,11.2,2025-10-29T19:59:54Z
GOODN,22.32,2025-10-29T16:17:21Z
GOOG,275.54,2025-10-29T19:59:58Z
GOOGL,274.81,2025-10-29T19:59:59Z
GOOP,35.56,2025-10-29T19:39:12Z
GOOS,13.9,2025-10-29T19:59:54Z
GOOX,54.73,2025-10-29T18:44:23Z
GOOY,14.54,2025-10-29T19:58:34Z
GORO,0.7057,2025-10-29T19:59:31Z
GORV,2.14,2025-10-29T19:49:49Z
GOSS,2.385,2025-10-29T19:59:54Z
GOTU,2.88,2025-10-29T19:58:50Z
GOVI,28.065,2025-10-29T19:58:44Z
GOVT,23.22,2025-10-29T19:59:58Z
GOVX,0.5517,2025-10-29T19:59:45Z
GOVZ,10.1,2025-10-29T19:09:46Z
GP,2.73,2025-10-29T19:21:23Z
GPC,129.1,2025-10-29T19:59:52Z
GPCR,29.59,2025-10-29T19:59:49Z
GPI,403.09,2025-10-29T19:59:41Z
GPIQ,54.49,2025-10-29T19:59:46Z
GPIX,53.27,2025-10-29T19:59:50Z
GPJA,23.55,2025-10-29T18:39:31Z
GPK,16.29,2025-10-29T19:59:59Z
GPMT,2.735,2025-10-29T19:59:21Z
GPN,79.24,2025-10-29T19:59:54Z
GPOR,180.635,2025-10-29T19:59:35Z
GPRE,10.32,2025-10-29T19:59:59Z
GPRK,6.6,2025-10-29T19:59:56Z
GPRO,1.97,2025-10-29T19:59:54Z
GPT,31.13,2025-10-29T14:08:49Z
GPTY,48.94,2025-10-29T18:46:16Z
GPUS,0.4358,2025-10-29T19:59:41Z
GPZ,26.05,2025-10-29T18:44:12Z
GQGU,24.65,2025-10-29T17:14:28Z
GRAB,6.04,2025-10-29T19:59:59Z
GRAF,10.62,2025-10-29T13:33:58Z
GRAL,85.01,2025-10-29T19:59:40Z
GRBK,64.19,2025-10-29T19:59:24Z
GRC,45.36,2025-10-29T16:11:34Z
GRCE,3.18,2025-10-29T17:32:53Z
GRDN,28.495,2025-10-29T19:59:38Z
GREE,1.89,2025-10-29T19:56:24Z
GREEL,14.01,2025-10-29T18:49:09Z
GREK,63.5,2025-10-29T19:39:56Z
GRF,10.61,2025-10-29T16:30:07Z
GRFS,9.375,2025-10-29T19:59:50Z
GRI,1.77,2025-10-29T19:58:07Z
GRID,158.85,2025-10-29T19:59:17Z
GRMN,220.2,2025-10-29T19:59:41Z
GRNB,24.56,2025-10-29T18:50:52Z
GRND,14.845,2025-10-29T19:59:47Z
GRNT,5.21,2025-10-29T19:59:56Z
GRNY,26.22,2025-10-29T19:59:59Z
GRO,2.59,2025-10-29T19:57:56Z
GROV,1.345,2025-10-29T19:59:50Z
GROW,2.625,2025-10-29T15:40:33Z
GROY,3.645,2025-10-29T19:59:51Z
GROZ,30.79,2025-10-29T14:46:25Z
GRPM,120.65,2025-10-29T15:00:17Z
GRPN,20.64,2025-10-29T19:59:59Z
GRRR,15.8,2025-10-29T19:59:56Z
GRWG,1.57,2025-10-29T19:59:54Z
GRX,9.23,2025-10-29T19:28:09Z
GS,782.79,2025-10-29T19:59:47Z
GS-D,20.56,2025-10-29T17:29:49Z
GSAT,41.48,2025-10-29T19:59:37Z
GSBD,10.03,2025-10-29T19:59:56Z
GSEW,84.67,2025-10-29T19:56:00Z
GSG,23.03,2025-10-29T19:59:40Z
GSHD,69.41,2025-10-29T19:59:27Z
GSIE,41.545,2025-10-29T19:59:59Z
GSIT,11.62,2025-10-29T19:59:41Z
GSIW,0.1492,2025-10-29T13:40:56Z
GSK,45.925,2025-10-29T19:59:56Z
GSL,30.5,2025-10-29T19:59:59Z
GSLC,132.84,2025-10-29T19:50:51Z
GSM,4.955,2025-10-29T19:59:55Z
GSOL,13.985,2025-10-29T19:59:29Z
GSRFR,2.32,2025-10-29T13:40:52Z
GSSC,76.055,2025-10-29T15:21:28Z
GSST,50.61,2025-10-29T19:59:51Z
GSUN,2.26,2025-10-29T14:05:28Z
GSUS,95.335,2025-10-29T19:55:25Z
GSY,50.23,2025-10-29T19:43:31Z
GT,7.03,2025-10-29T19:59:59Z
GTBP,0.5922,2025-10-29T19:48:11Z
GTE,3.75,2025-10-29T19:59:55Z
GTEK,41.27,2025-10-29T14:10:19Z
GTENW,0.95,2025-10-29T18:12:37Z
GTERR,0.162,2025-10-29T18:18:18Z
GTERW,0.1997,2025-10-29T18:15:30Z
GTES,22.51,2025-10-29T19:59:58Z
GTI,4.52,2025-10-29T16:43:48Z
GTLB,47.99,2025-10-29T19:59:54Z
GTLS,199.77,2025-10-29T19:59:33Z
GTM,10.93,2025-10-29T19:59:59Z
GTN,4.405,2025-10-29T19:59:51Z
GTO,47.745,2025-10-29T19:54:57Z
GTPE,50.63,2025-10-29T18:35:29Z
GTX,17.07,2025-10-29T19:59:59Z
GTY,27.76,2025-10-29T19:59:46Z
GUG,15.91,2025-10-29T19:59:09Z
GUNR,43.835,2025-10-29T19:55:10Z
GURE,5.1,2025-10-29T14:34:51Z
GUSH,22.19,2025-10-29T19:59:12Z
GUT,6.05,2025-10-29T19:55:20Z
GUTS,1.24,2025-10-29T19:59:55Z
GV,1.56,2025-10-29T15:21:22Z
GVA,102.685,2025-10-29T19:40:02Z
GVAL,29.99,2025-10-29T19:37:25Z
GVH,5.47,2025-10-29T15:36:32Z
GVI,107.6,2025-10-29T19:53:49Z
GWAV,6.995,2025-10-29T19:57:36Z
GWH,4.375,2025-10-29T19:59:52Z
GWRE,239.17,2025-10-29T19:59:50Z
GWRS,9.94,2025-10-29T19:59:56Z
GWW,958.115,2025-10-29T19:59:27Z
GWX,40.17,2025-10-29T19:57:45Z
GXAI,1.62,2025-10-29T19:59:26Z
GXIG,26.16,2025-10-29T15:08:33Z
GXO,54.03,2025-10-29T19:59:43Z
GXPC,28.9,2025-10-29T18:45:23Z
GXPD,26.73,2025-10-29T18:25:05Z
GXPS,23.99,2025-10-29T19:44:25Z
GXPT,29.285,2025-10-29T19:59:46Z
GYRE,7.54,2025-10-29T19:59:54Z
H,143.74,2025-10-29T19:59:58Z
HACK,85.845,2025-10-29T19:42:54Z
HAE,49.425,2025-10-29T19:59:48Z
HAFC,26.84,2025-10-29T19:59:15Z
HAFN,6.315,2025-10-29T19:59:52Z
HAIN,1.315,2025-10-29T19:59:39Z
HAL,27.51,2025-10-29T19:59:59Z
HALO,65.23,2025-10-29T19:59:48Z
HARD,29.46,2025-10-29T13:55:42Z
HAS,77.97,2025-10-29T19:59:59Z
HASI,28.145,2025-10-29T19:59:55Z
HAUZ,23.41,2025-10-29T19:29:16Z
HAWX,39.27,2025-10-29T19:18:38Z
HAYW,17.195,2025-10-29T19:59:59Z
HBAN,15.165,2025-10-29T19:59:59Z
HBANP,18.38,2025-10-29T18:53:51Z
HBCP,52.865,2025-10-29T19:46:58Z
HBDC,25.25,2025-10-29T19:50:17Z
HBI,6.79,2025-10-29T19:59:59Z
HBIO,0.443,2025-10-29T19:55:04Z
HBM,16.235,2025-10-29T19:59:50Z
HBNB,4.88,2025-10-29T17:37:13Z
HBNC,15.85,2025-10-29T19:59:55Z
HBR,27.46,2025-10-29T19:49:39Z
HCA,468.31,2025-10-29T19:59:56Z
HCAT,3.345,2025-10-29T19:59:56Z
HCC,64.27,2025-10-29T19:59:45Z
HCHL,3.68,2025-10-29T13:57:55Z
HCI,201.14,2025-10-29T19:59:21Z
HCKT,17.84,2025-10-29T19:59:57Z
HCM,14.7,2025-10-29T19:33:16Z
HCMAW,0.801,2025-10-29T14:38:24Z
HCMT,40.67,2025-10-29T19:50:00Z
HCOW,24.05,2025-10-29T18:38:42Z
HCRB,35.85,2025-10-29T19:15:02Z
HCSG,18.81,2025-10-29T19:59:57Z
HCTI,3,2025-10-29T19:59:50Z
HCWC,0.66,2025-10-29T16:02:50Z
HD,377.99,2025-10-29T19:59:49Z
HDB,37,2025-10-29T19:59:59Z
HDEF,29.65,2025-10-29T19:59:52Z
HDGE,16.58,2025-10-29T19:55:56Z
HDSN,9.13,2025-10-29T19:59:42Z
HDUS,65.84,2025-10-29T18:35:27Z
HDV,119.63,2025-10-29T19:59:50Z
HE,11.56,2025-10-29T19:59:59Z
HEAL,32.36,2025-10-29T13:59:57Z
HECA,28.46,2025-10-29T19:59:46Z
HEDJ,52.14,2025-10-29T19:59:45Z
HEFA,41,2025-10-29T19:57:46Z
HEGD,25.54,2025-10-29T19:59:59Z
HEI,311.045,2025-10-29T19:58:53Z
HEI.A,241.08,2025-10-29T19:41:29Z
HELE,20.04,2025-10-29T19:59:55Z
HELO,65.76,2025-10-29T19:31:55Z
HEPS,2.65,2025-10-29T19:59:55Z
HEQ,10.8,2025-10-29T19:15:37Z
HEQQ,58.39,2025-10-29T15:41:48Z
HEQT,31.79,2025-10-29T19:59:54Z
HERO,32.875,2025-10-29T18:11:41Z
HESM,33.75,2025-10-29T19:59:59Z
HEWJ,52.93,2025-10-29T18:17:46Z
HEZU,43.31,2025-10-29T19:25:41Z
HFFG,2.17,2025-10-29T19:57:08Z
HFGM,32.53,2025-10-29T19:51:54Z
HFGO,28.59,2025-10-29T19:59:46Z
HFRO,6.4,2025-10-29T19:59:48Z
HFSI,35.84,2025-10-29T19:57:01Z
HFWA,22.63,2025-10-29T19:54:39Z
HG,23.695,2025-10-29T19:59:52Z
HGBL,1.455,2025-10-29T14:54:53Z
HGER,26.215,2025-10-29T19:59:59Z
HGLB,9.98,2025-10-29T19:04:00Z
HGTY,10.72,2025-10-29T19:56:22Z
HGV,44.13,2025-10-29T19:59:47Z
HHH,78.825,2025-10-29T19:58:45Z
HI,31.53,2025-10-29T19:59:59Z
HIBL,66.86,2025-10-29T19:36:07Z
HIBS,5.44,2025-10-29T19:59:59Z
HIFS,286.99,2025-10-29T14:43:51Z
HIG,122.29,2025-10-29T19:59:50Z
HIG-G,25.3,2025-10-29T19:59:30Z
HIGH,23.6,2025-10-29T18:03:09Z
HII,298.185,2025-10-29T19:59:29Z
HIMS,46.645,2025-10-29T19:59:58Z
HIMU,49.38,2025-10-29T19:55:25Z
HIMX,9.52,2025-10-29T19:59:55Z
HIMY,15.81,2025-10-29T17:26:45Z
HIMZ,13.565,2025-10-29T19:59:36Z
HIND,5.43,2025-10-29T19:57:59Z
HIO,3.86,2025-10-29T19:59:50Z
HIPO,36.82,2025-10-29T19:50:38Z
HIPS,11.63,2025-10-29T18:43:53Z
HISF,45.31,2025-10-29T18:06:41Z
HIT,2.77,2025-10-29T19:59:42Z
HITI,3.085,2025-10-29T19:59:55Z
HIVE,5.55,2025-10-29T19:59:59Z
HIW,28.43,2025-10-29T19:59:59Z
HIX,4.25,2025-10-29T19:59:58Z
HKD,1.7,2025-10-29T19:59:59Z
HKIT,2.09,2025-10-29T18:56:20Z
HL,12.54,2025-10-29T19:59:59Z
HLAL,62.17,2025-10-29T19:48:26Z
HLF,8.02,2025-10-29T19:59:59Z
HLI,198.275,2025-10-29T19:59:50Z
HLIO,56.795,2025-10-29T19:59:06Z
HLIT,10.39,2025-10-29T19:59:51Z
HLLY,2.995,2025-10-29T19:59:50Z
HLMN,9.45,2025-10-29T19:59:59Z
HLN,9.035,2025-10-29T19:59:44Z
HLNE,115.31,2025-10-29T19:58:55Z
HLT,260.395,2025-10-29T19:59:58Z
HLX,6.74,2025-10-29T19:59:59Z
HMC,31.2,2025-10-29T19:59:56Z
HMN,44.305,2025-10-29T19:59:46Z
HMOP,39.31,2025-10-29T19:59:58Z
HMY,16.35,2025-10-29T19:59:58Z
HNGE,49.575,2025-10-29T19:59:50Z
HNI,41.38,2025-10-29T19:59:48Z
HNRG,20.49,2025-10-29T19:59:34Z
HNST,3.465,2025-10-29T19:59:59Z
HODL,31.285,2025-10-29T19:59:54Z
HOFT,9,2025-10-29T19:59:59Z
HOG,26.97,2025-10-29T19:59:59Z
HOLA,52.66,2025-10-29T17:40:12Z
HOLO,4.2,2025-10-29T19:59:50Z
HOLX,73.97,2025-10-29T19:59:59Z
HOMB,26.63,2025-10-29T19:59:59Z
HON,212.81,2025-10-29T19:59:56Z
HONE,12.28,2025-10-29T19:58:52Z
HONIV,200.79,2025-10-29T19:59:36Z
HOOD,144.81,2025-10-29T19:59:58Z
HOOG,115.74,2025-10-29T19:07:21Z
HOOI,24.07,2025-10-29T18:25:06Z
HOOW,75.02,2025-10-29T18:50:21Z
HOOX,172.96,2025-10-29T18:48:13Z
HOOY,68.345,2025-10-29T18:40:43Z
HOPE,10.65,2025-10-29T19:59:53Z
HOTH,1.41,2025-10-29T19:59:04Z
HOUR,2.13,2025-10-29T19:46:21Z
HOUS,9.97,2025-10-29T19:59:59Z
HOV,134.3,2025-10-29T16:36:53Z
HOVR,2.32,2025-10-29T19:59:45Z
HOVRW,0.5034,2025-10-29T19:58:38Z
HOWL,1.57,2025-10-29T19:58:13Z
HP,26.6,2025-10-29T19:59:57Z
HPE,24.3,2025-10-29T19:59:59Z
HPI,17.37,2025-10-29T19:00:06Z
HPK,6.21,2025-10-29T19:59:54Z
HPP,2.355,2025-10-29T19:59:55Z
HPQ,27.71,2025-10-29T19:59:59Z
HPS,15.35,2025-10-29T19:13:51Z
HQH,19.39,2025-10-29T19:59:58Z
HQI,8.76,2025-10-29T15:21:52Z
HQL,17.51,2025-10-29T19:59:22Z
HQY,94.51,2025-10-29T19:59:50Z
HR,17.77,2025-10-29T19:59:59Z
HRB,50.82,2025-10-29T19:59:59Z
HRI,141.61,2025-10-29T19:59:49Z
HRL,21.49,2025-10-29T19:59:59Z
HRMY,29.31,2025-10-29T19:59:59Z
HROW,36.73,2025-10-29T19:59:38Z
HRTG,22.93,2025-10-29T19:48:59Z
HRTX,1.17,2025-10-29T19:59:58Z
HRZN,6.57,2025-10-29T19:59:58Z
HSAI,24.05,2025-10-29T19:59:54Z
HSBC,70.52,2025-10-29T19:59:58Z
HSCS,3,2025-10-29T19:27:22Z
HSCZ,38.275,2025-10-29T19:50:05Z
HSDT,6.65,2025-10-29T19:59:52Z
HSHP,7.7,2025-10-29T19:58:59Z
HSIC,62.3,2025-10-29T19:59:47Z
HSII,58.32,2025-10-29T19:59:44Z
HSPOW,0.0761,2025-10-29T19:15:19Z
HST,16.295,2025-10-29T19:59:59Z
HSTM,24.63,2025-10-29T19:59:51Z
HSY,175.69,2025-10-29T19:59:51Z
HTAB,19.36,2025-10-29T19:59:00Z
HTB,39.595,2025-10-29T19:40:38Z
HTBK,10.435,2025-10-29T19:59:50Z
HTCO,8.41,2025-10-29T19:35:54Z
HTCR,0.77,2025-10-29T16:56:24Z
HTD,24.55,2025-10-29T19:55:53Z
HTFC,24.85,2025-10-29T15:24:23Z
HTFL,37.365,2025-10-29T19:59:30Z
HTGC,17.735,2025-10-29T19:59:53Z
HTH,32.46,2025-10-29T19:59:58Z
HTHT,38.31,2025-10-29T19:59:54Z
HTLD,7.71,2025-10-29T19:59:57Z
HTO,46.52,2025-10-29T19:59:29Z
HTRB,34.63,2025-10-29T19:47:30Z
HTZ,5.265,2025-10-29T19:59:54Z
HTZWW,3,2025-10-29T16:04:44Z
HUBB,472.055,2025-10-29T19:59:26Z
HUBC,1.39,2025-10-29T19:59:53Z
HUBG,35.72,2025-10-29T19:59:59Z
HUBS,466.06,2025-10-29T19:59:47Z
HUDI,1.42,2025-10-29T14:53:57Z
HUM,292.46,2025-10-29T19:59:48Z
HUMA,1.685,2025-10-29T19:59:20Z
HUMN,31.145,2025-10-29T18:35:34Z
HUN,8.68,2025-10-29T19:59:56Z
HURA,2.45,2025-10-29T19:59:46Z
HURC,17.67,2025-10-29T19:54:47Z
HURN,169.855,2025-10-29T19:58:38Z
HUSA,5.21,2025-10-29T19:48:33Z
HUSV,38.25,2025-10-29T19:57:39Z
HUT,51.95,2025-10-29T19:59:59Z
HUYA,2.8,2025-10-29T19:59:49Z
HVII,10.7,2025-10-29T19:58:49Z
HVT,20.1,2025-10-29T19:59:46Z
HWC,56.33,2025-10-29T19:59:59Z
HWCPZ,24.35,2025-10-29T14:05:00Z
HWH,1.93,2025-10-29T19:59:53Z
HWKN,158.39,2025-10-29T19:59:27Z
HWM,203.68,2025-10-29T19:59:44Z
HXL,73,2025-10-29T19:59:48Z
HY,36.395,2025-10-29T19:09:01Z
HYBB,47.41,2025-10-29T16:40:49Z
HYBI,50.48,2025-10-29T19:56:24Z
HYBL,28.545,2025-10-29T19:57:04Z
HYD,51.135,2025-10-29T19:59:48Z
HYDB,47.61,2025-10-29T19:52:31Z
HYDR,45.45,2025-10-29T19:39:18Z
HYEM,20.07,2025-10-29T19:59:45Z
HYFI,37.84,2025-10-29T19:32:46Z
HYFM,2.49,2025-10-29T18:55:11Z
HYFT,1.63,2025-10-29T19:59:36Z
HYG,80.95,2025-10-29T19:59:54Z
HYGH,86.585,2025-10-29T19:59:25Z
HYGV,41,2025-10-29T19:59:40Z
HYGW,30.255,2025-10-29T19:59:50Z
HYI,11.41,2025-10-29T18:40:46Z
HYLB,36.99,2025-10-29T19:56:00Z
HYLN,2.28,2025-10-29T19:59:59Z
HYLS,41.9,2025-10-29T19:28:34Z
HYMB,25.195,2025-10-29T19:59:46Z
HYMC,7.8,2025-10-29T19:59:53Z
HYPD,7.16,2025-10-29T19:59:45Z
HYPR,1.17,2025-10-29T19:59:56Z
HYS,95.42,2025-10-29T19:59:54Z
HYSA,15.275,2025-10-29T14:12:11Z
HYT,9.48,2025-10-29T19:59:19Z
HYTI,19.945,2025-10-29T17:26:47Z
HYTR,21.815,2025-10-29T19:55:01Z
HYZD,22.49,2025-10-29T19:35:54Z
HZO,24.565,2025-10-29T19:59:52Z
IAC,31.73,2025-10-29T19:59:59Z
IAE,7.9,2025-10-29T15:29:50Z
IAF,13.7,2025-10-29T18:39:28Z
IAG,11.49,2025-10-29T19:59:56Z
IAGG,51.685,2025-10-29T19:59:46Z
IAI,173.8,2025-10-29T19:12:21Z
IAK,125.32,2025-10-29T19:58:49Z
IAPR,30.32,2025-10-29T13:51:56Z
IART,15.43,2025-10-29T19:59:59Z
IAS,10.22,2025-10-29T19:59:59Z
IAT,49.075,2025-10-29T19:59:12Z
IAU,74.31,2025-10-29T19:59:49Z
IAUG,28.05,2025-10-29T18:39:48Z
IAUI,52.88,2025-10-29T19:06:50Z
IAUM,39.325,2025-10-29T19:59:52Z
IAUX,0.9465,2025-10-29T19:59:56Z
IBAT,32.4,2025-10-29T19:44:17Z
IBB,156.92,2025-10-29T19:59:44Z
IBBQ,26.21,2025-10-29T19:12:53Z
IBCA,26.19,2025-10-29T19:38:34Z
IBCP,30.48,2025-10-29T19:44:15Z
IBD,24.165,2025-10-29T19:59:45Z
IBDQ,25.175,2025-10-29T19:53:56Z
IBDR,24.275,2025-10-29T19:56:51Z
IBDS,24.335,2025-10-29T19:46:52Z
IBDT,25.525,2025-10-29T19:55:08Z
IBDU,23.495,2025-10-29T19:57:41Z
IBDV,22.18,2025-10-29T19:59:59Z
IBDW,21.255,2025-10-29T19:59:04Z
IBDX,25.705,2025-10-29T19:54:27Z
IBDY,26.335,2025-10-29T19:59:46Z
IBDZ,26.6,2025-10-29T19:59:50Z
IBEX,37.425,2025-10-29T19:58:56Z
IBGA,25.62,2025-10-29T16:37:46Z
IBHE,23.205,2025-10-29T19:55:15Z
IBHF,23.335,2025-10-29T19:58:25Z
IBHG,22.445,2025-10-29T19:59:50Z
IBHH,23.82,2025-10-29T18:33:58Z
IBHI,23.805,2025-10-29T17:28:45Z
IBHJ,26.77,2025-10-29T14:30:57Z
IBHK,26.04,2025-10-29T17:49:00Z
IBIC,25.715,2025-10-29T19:59:46Z
IBIE,26.195,2025-10-29T19:58:01Z
IBIF,26.255,2025-10-29T19:58:01Z
IBIK,26.02,2025-10-29T19:43:57Z
IBIL,25.83,2025-10-29T19:51:31Z
IBIO,1.55,2025-10-29T19:59:59Z
IBIT,62.73,2025-10-29T19:59:58Z
IBKR,69.21,2025-10-29T19:59:59Z
IBLC,64.35,2025-10-29T13:54:40Z
IBM,308.37,2025-10-29T19:59:59Z
IBMN,26.75,2025-10-29T18:49:17Z
IBMO,25.59,2025-10-29T17:48:28Z
IBMP,25.38,2025-10-29T19:46:48Z
IBMS,26.07,2025-10-29T14:42:49Z
IBN,31.02,2025-10-29T19:59:58Z
IBND,31.92,2025-10-29T19:00:21Z
IBOC,66.41,2025-10-29T19:58:52Z
IBOT,52.985,2025-10-29T14:20:00Z
IBP,262.595,2025-10-29T19:59:49Z
IBRN,30.07,2025-10-29T19:31:51Z
IBRX,2.415,2025-10-29T19:59:51Z
IBTA,34.41,2025-10-29T19:59:58Z
IBTF,23.355,2025-10-29T19:31:51Z
IBTG,22.95,2025-10-29T13:35:11Z
IBTH,22.515,2025-10-29T18:47:18Z
IBTI,22.395,2025-10-29T19:55:34Z
IBTJ,21.98,2025-10-29T19:27:20Z
IBTK,19.895,2025-10-29T19:59:05Z
IBTL,20.62,2025-10-29T19:00:54Z
IBTM,23.225,2025-10-29T18:43:48Z
IBTO,24.74,2025-10-29T19:50:06Z
IBTP,26.035,2025-10-29T19:55:57Z
ICCC,6.06,2025-10-29T14:38:18Z
ICCM,0.7429,2025-10-29T19:35:53Z
ICE,150.53,2025-10-29T19:59:54Z
ICF,59.94,2025-10-29T19:59:51Z
ICFI,85.49,2025-10-29T19:59:22Z
ICG,1.185,2025-10-29T18:10:29Z
ICHR,23.6,2025-10-29T19:59:59Z
ICL,6.58,2025-10-29T19:59:53Z
ICLN,17.3,2025-10-29T19:59:50Z
ICLO,25.565,2025-10-29T19:59:45Z
ICLR,165.975,2025-10-29T19:59:51Z
ICMB,2.82,2025-10-29T13:45:42Z
ICOI,29.39,2025-10-29T18:39:57Z
ICON,1.69,2025-10-29T19:45:14Z
ICOP,38.96,2025-10-29T13:30:05Z
ICOW,38.23,2025-10-29T19:58:16Z
ICSH,50.75,2025-10-29T19:59:51Z
ICU,0.5564,2025-10-29T18:42:10Z
ICUI,117.58,2025-10-29T19:59:54Z
ICVT,103.7,2025-10-29T19:59:35Z
IDA,133.495,2025-10-29T19:59:29Z
IDAI,4.44,2025-10-29T19:50:07Z
IDCC,383.75,2025-10-29T19:59:36Z
IDE,12.28,2025-10-29T19:35:57Z
IDEQ,29.25,2025-10-29T15:40:39Z
IDEV,81.21,2025-10-29T19:59:54Z
IDGT,88.74,2025-10-29T18:40:25Z
IDHQ,34.585,2025-10-29T19:37:20Z
IDMO,54.05,2025-10-29T19:59:58Z
IDN,4.545,2025-10-29T19:58:55Z
IDNA,25,2025-10-29T19:32:51Z
IDOG,37.49,2025-10-29T18:35:01Z
IDR,29.27,2025-10-29T19:58:21Z
IDRV,39.35,2025-10-29T14:26:15Z
IDT,51.09,2025-10-29T19:59:08Z
IDU,112.67,2025-10-29T19:39:50Z
IDV,37.57,2025-10-29T19:59:59Z
IDVO,38.125,2025-10-29T19:59:59Z
IDX,16.34,2025-10-29T16:09:46Z
IDXX,627.58,2025-10-29T19:59:18Z
IDYA,32.12,2025-10-29T19:59:47Z
IE,13.965,2025-10-29T19:59:56Z
IEF,96.94,2025-10-29T19:59:53Z
IEFA,88.66,2025-10-29T19:59:59Z
IEI,119.685,2025-10-29T19:57:58Z
IEMG,69.13,2025-10-29T19:59:59Z
IEO,89.03,2025-10-29T19:15:03Z
IEP,8.085,2025-10-29T19:59:45Z
IESC,418.04,2025-10-29T19:59:56Z
IETC,107.78,2025-10-29T16:35:40Z
IEUR,69.095,2025-10-29T19:59:44Z
IEV,66.39,2025-10-29T19:39:38Z
IEX,173.67,2025-10-29T19:59:45Z
IEZ,20.67,2025-10-29T19:53:06Z
IFBD,1.17,2025-10-29T15:03:03Z
IFF,63.27,2025-10-29T19:59:54Z
IFLO,27.48,2025-10-29T13:59:40Z
IFN,15.17,2025-10-29T19:59:58Z
IFRA,53.275,2025-10-29T19:56:11Z
IFRX,1.37,2025-10-29T19:44:51Z
IFS,42.405,2025-10-29T19:50:56Z
IG,21.26,2025-10-29T17:33:43Z
IGA,9.725,2025-10-29T16:44:38Z
IGC,0.4044,2025-10-29T19:27:38Z
IGD,5.83,2025-10-29T19:59:44Z
IGE,47.71,2025-10-29T19:31:12Z
IGEB,46.22,2025-10-29T19:58:50Z
IGF,61.3,2025-10-29T19:59:35Z
IGI,16.74,2025-10-29T18:38:46Z
IGIB,54.285,2025-10-29T19:59:53Z
IGIC,21.89,2025-10-29T19:59:49Z
IGLB,52.21,2025-10-29T19:54:29Z
IGLD,24.51,2025-10-29T13:37:49Z
IGM,135.53,2025-10-29T19:59:50Z
IGOV,42.46,2025-10-29T19:59:50Z
IGPT,61.435,2025-10-29T19:59:46Z
IGR,4.835,2025-10-29T19:59:58Z
IGRO,79.8,2025-10-29T19:55:02Z
IGSB,53.055,2025-10-29T19:59:54Z
IGV,115.08,2025-10-29T19:59:53Z
IHAK,50.43,2025-10-29T19:55:14Z
IHDG,47.21,2025-10-29T19:56:02Z
IHE,73.97,2025-10-29T19:59:57Z
IHF,50.54,2025-10-29T19:59:51Z
IHG,123.3,2025-10-29T19:59:54Z
IHI,61.06,2025-10-29T19:59:57Z
IHRT,3.015,2025-10-29T19:59:53Z
IHS,6.84,2025-10-29T19:59:46Z
III,5.52,2025-10-29T19:59:53Z
IIIN,30.82,2025-10-29T19:19:30Z
IIIV,31.76,2025-10-29T19:52:24Z
IIM,12.545,2025-10-29T19:59:10Z
IINN,1.03,2025-10-29T14:13:07Z
IIPR,49.6,2025-10-29T19:58:51Z
IJH,65.22,2025-10-29T19:59:57Z
IJJ,128.425,2025-10-29T19:49:28Z
IJK,96.49,2025-10-29T19:59:00Z
IJR,118.94,2025-10-29T19:59:59Z
IJS,110.995,2025-10-29T19:59:33Z
IJT,140.07,2025-10-29T19:42:58Z
IKT,1.45,2025-10-29T19:55:17Z
ILCB,95.48,2025-10-29T15:10:02Z
ILCG,108.6,2025-10-29T19:19:59Z
ILCV,91.25,2025-10-29T19:33:42Z
ILDR,34.535,2025-10-29T19:57:49Z
ILF,29.505,2025-10-29T19:59:51Z
ILIT,13.43,2025-10-29T13:33:15Z
ILLR,0.5953,2025-10-29T19:22:53Z
ILMN,94.98,2025-10-29T19:59:51Z
ILOW,42.53,2025-10-29T15:38:43Z
ILPT,5.26,2025-10-29T19:59:56Z
ILS,20.23,2025-10-29T19:55:52Z
ILTB,51.42,2025-10-29T19:15:03Z
IMA,8.8,2025-10-29T19:59:55Z
IMAB,4.635,2025-10-29T19:59:45Z
IMAX,32.915,2025-10-29T19:59:55Z
IMCB,82.31,2025-10-29T19:44:29Z
IMCC,1.44,2025-10-29T19:59:55Z
IMCG,82.15,2025-10-29T19:59:46Z
IMCR,32.86,2025-10-29T19:59:42Z
IMDX,5.735,2025-10-29T19:54:34Z
IMG,0.2391,2025-10-29T19:58:01Z
IMKTA,69.32,2025-10-29T19:59:28Z
IMMP,2.02,2025-10-29T17:31:39Z
IMMR,6.67,2025-10-29T19:59:59Z
IMMX,3.71,2025-10-29T19:58:14Z
IMNM,15.72,2025-10-29T19:59:48Z
IMNN,4.54,2025-10-29T18:11:06Z
IMO,92.38,2025-10-29T19:59:55Z
IMOM,36.4,2025-10-29T18:11:11Z
IMPP,5.375,2025-10-29T19:59:45Z
IMRA,31.94,2025-10-29T18:38:05Z
IMRN,2.17,2025-10-29T13:42:18Z
IMRX,6.26,2025-10-29T19:59:52Z
IMSR,19.025,2025-10-29T19:56:11Z
IMSRW,8.16,2025-10-29T19:24:29Z
IMST,25.7,2025-10-29T19:59:01Z
IMTE,0.95,2025-10-29T19:59:44Z
IMTM,47.76,2025-10-29T19:59:43Z
IMTX,10.345,2025-10-29T19:59:52Z
IMUX,0.7954,2025-10-29T19:59:37Z
IMVT,21.67,2025-10-29T19:59:59Z
IMXI,14.84,2025-10-29T19:59:53Z
INAB,2.06,2025-10-29T15:10:18Z
INBK,17.635,2025-10-29T19:54:33Z
INBS,0.9907,2025-10-29T14:16:05Z
INBX,76.81,2025-10-29T19:59:40Z
INCM,27.83,2025-10-29T19:59:59Z
INCO,65.91,2025-10-29T17:46:50Z
INCR,1.4,2025-10-29T18:55:27Z
INCY,90.12,2025-10-29T19:59:51Z
INDA,54.6,2025-10-29T19:59:59Z
INDB,66.94,2025-10-29T19:54:40Z
INDI,5.75,2025-10-29T19:59:57Z
INDL,59.42,2025-10-29T14:29:03Z
INDO,2.82,2025-10-29T19:59:10Z
INDP,3.4,2025-10-29T18:29:23Z
INDV,25.245,2025-10-29T19:59:56Z
INDY,53.58,2025-10-29T19:59:30Z
INFA,24.85,2025-10-29T19:59:54Z
INFL,43.59,2025-10-29T19:08:29Z
INFU,10.56,2025-10-29T19:59:51Z
INFY,16.875,2025-10-29T19:59:57Z
ING,24.185,2025-10-29T19:59:55Z
INGM,22.02,2025-10-29T19:59:50Z
INGN,8.4,2025-10-29T19:59:05Z
INGR,115.72,2025-10-29T19:58:55Z
INHD,1.09,2025-10-29T19:58:29Z
INKM,33.41,2025-10-29T16:56:03Z
INLF,0.8298,2025-10-29T17:50:11Z
INM,1.86,2025-10-29T19:57:46Z
INMB,1.82,2025-10-29T19:59:29Z
INMD,14.9,2025-10-29T19:59:36Z
INMU,24.145,2025-10-29T17:12:50Z
INN,5.24,2025-10-29T19:59:57Z
INNV,4.84,2025-10-29T19:44:20Z
INO,2.43,2025-10-29T19:59:46Z
INOD,78.69,2025-10-29T19:59:40Z
INOV,33.68,2025-10-29T17:41:21Z
INQQ,16.12,2025-10-29T18:14:53Z
INR,11.43,2025-10-29T19:59:13Z
INSE,7.69,2025-10-29T19:58:31Z
INSG,16.08,2025-10-29T19:59:53Z
INSM,166.65,2025-10-29T19:59:49Z
INSP,75.07,2025-10-29T19:59:50Z
INSW,50.735,2025-10-29T19:59:50Z
INTA,38.565,2025-10-29T19:59:43Z
INTC,41.345,2025-10-29T19:59:59Z
INTF,36.515,2025-10-29T19:55:14Z
INTR,9.56,2025-10-29T19:59:59Z
INTS,0.2663,2025-10-29T19:59:50Z
INTT,8.45,2025-10-29T19:53:15Z
INTU,656.28,2025-10-29T19:59:59Z
INTW,58.11,2025-10-29T19:40:53Z
INTZ,1.89,2025-10-29T16:30:15Z
INUV,2.8,2025-10-29T19:51:03Z
INV,2.92,2025-10-29T19:59:58Z
INVA,17.57,2025-10-29T19:59:59Z
INVE,3.83,2025-10-29T16:01:55Z
INVH,27.48,2025-10-29T19:59:56Z
INVX,21.12,2025-10-29T19:52:08Z
INVZ,1.955,2025-10-29T19:59:52Z
IOBT,0.8681,2025-10-29T19:59:52Z
IOCT,34.46,2025-10-29T14:17:22Z
ION,42.04,2025-10-29T15:47:43Z
IONL,73.1,2025-10-29T19:30:00Z
IONQ,61.14,2025-10-29T19:59:59Z
IONR,4.855,2025-10-29T19:25:44Z
IONS,71.885,2025-10-29T19:59:45Z
IONX,101.655,2025-10-29T19:59:42Z
IONZ,3.575,2025-10-29T19:59:59Z
IOO,126.5,2025-10-29T19:59:46Z
IOSP,73.29,2025-10-29T19:57:52Z
IOT,39.32,2025-10-29T19:59:48Z
IOTR,0.31,2025-10-29T19:54:39Z
IOVA,2.005,2025-10-29T19:59:53Z
IP,44.2,2025-10-29T19:59:57Z
IPAC,74.81,2025-10-29T19:52:57Z
IPAR,91.735,2025-10-29T19:56:56Z
IPAY,54.895,2025-10-29T19:17:14Z
IPDN,3.06,2025-10-29T19:59:36Z
IPG,25.76,2025-10-29T19:59:59Z
IPGP,86.125,2025-10-29T19:56:47Z
IPHA,2.075,2025-10-29T19:59:34Z
IPI,27.02,2025-10-29T19:57:53Z
IPKW,52.88,2025-10-29T19:56:06Z
IPM,2.02,2025-10-29T18:53:50Z
IPO,49.05,2025-10-29T19:59:51Z
IPODW,0.325,2025-10-29T19:24:36Z
IPSC,0.5724,2025-10-29T19:59:33Z
IPST,0.57,2025-10-29T19:59:17Z
IPW,23.11,2025-10-29T19:54:48Z
IPWR,5.455,2025-10-29T18:49:27Z
IPX,45.18,2025-10-29T18:35:34Z
IQ,2.36,2025-10-29T19:59:55Z
IQDF,29.075,2025-10-29T19:43:00Z
IQI,10.03,2025-10-29T19:59:54Z
IQLT,44.89,2025-10-29T19:55:14Z
IQM,95.78,2025-10-29T18:58:09Z
IQQQ,46.715,2025-10-29T19:55:09Z
IQST,5.93,2025-10-29T13:41:31Z
IQV,217.82,2025-10-29T19:59:50Z
IR,79.665,2025-10-29T19:59:48Z
IRBT,3.255,2025-10-29T19:59:48Z
IRD,1.99,2025-10-29T19:59:57Z
IRDM,16.94,2025-10-29T19:59:57Z
IRE,20.245,2025-10-29T19:20:37Z
IREN,60.32,2025-10-29T19:59:59Z
IREX,33.33,2025-10-29T19:55:50Z
IRM,101.375,2025-10-29T19:58:43Z
IRMD,78.25,2025-10-29T19:59:17Z
IRON,85.08,2025-10-29T19:58:31Z
IRS,15.24,2025-10-29T19:59:47Z
IRT,15.15,2025-10-29T19:59:59Z
IRTC,185.35,2025-10-29T19:58:12Z
IRWD,1.515,2025-10-29T19:58:53Z
ISCG,56.23,2025-10-29T15:35:00Z
ISD,14.5,2025-10-29T18:42:30Z
ISEP,31.96,2025-10-29T19:42:45Z
ISHG,75.39,2025-10-29T19:26:20Z
ISMD,38.08,2025-10-29T19:48:02Z
ISOU,9.845,2025-10-29T19:59:46Z
ISPC,0.8189,2025-10-29T19:56:39Z
ISPR,2.27,2025-10-29T19:59:38Z
ISPY,46.42,2025-10-29T19:58:37Z
ISRA,55.305,2025-10-29T15:00:12Z
ISRG,537.57,2025-10-29T19:59:10Z
ISSC,9.53,2025-10-29T19:59:32Z
ISTB,48.865,2025-10-29T19:59:46Z
ISTR,24.21,2025-10-29T19:25:55Z
ISUL,34.67,2025-10-29T19:55:18Z
ISVL,45.3,2025-10-29T19:28:47Z
IT,249.725,2025-10-29T19:59:39Z
ITA,217.4,2025-10-29T19:59:50Z
ITAN,35.67,2025-10-29T18:58:04Z
ITB,100.72,2025-10-29T19:59:54Z
ITDB,33.59,2025-10-29T17:12:27Z
ITDC,34.67,2025-10-29T18:29:20Z
ITDD,35.71,2025-10-29T19:07:13Z
ITDG,37.91,2025-10-29T19:36:57Z
ITEQ,58.58,2025-10-29T13:48:51Z
ITGR,65.22,2025-10-29T19:59:43Z
ITM,47.12,2025-10-29T19:58:05Z
ITOT,149.9,2025-10-29T19:59:58Z
ITP,0.2432,2025-10-29T19:35:57Z
ITRG,2.695,2025-10-29T19:59:30Z
ITRI,138.175,2025-10-29T19:59:38Z
ITRM,0.6554,2025-10-29T18:49:07Z
ITRN,37.985,2025-10-29T19:36:10Z
ITT,195.46,2025-10-29T19:59:43Z
ITUB,7.365,2025-10-29T19:59:54Z
ITW,242.09,2025-10-29T19:59:59Z
IUS,56.38,2025-10-29T19:41:23Z
IUSB,46.955,2025-10-29T19:59:46Z
IUSG,171.86,2025-10-29T19:50:52Z
IUSV,101.11,2025-10-29T19:59:50Z
IVA,4.18,2025-10-29T19:57:02Z
IVAL,30.39,2025-10-29T19:37:10Z
IVDA,1.315,2025-10-29T19:41:45Z
IVE,209.125,2025-10-29T19:59:46Z
IVES,35.185,2025-10-29T19:59:46Z
IVF,0.5134,2025-10-29T19:08:56Z
IVLU,36.14,2025-10-29T19:59:16Z
IVOG,121.52,2025-10-29T17:07:43Z
IVOL,19.255,2025-10-29T19:58:48Z
IVOO,110.29,2025-10-29T19:58:36Z
IVOV,100.94,2025-10-29T16:47:36Z
IVR,7.295,2025-10-29T19:59:56Z
IVT,27.61,2025-10-29T19:59:59Z
IVV,690.66,2025-10-29T19:59:59Z
IVVB,33.31,2025-10-29T18:40:00Z
IVVD,1.905,2025-10-29T19:59:59Z
IVVM,34.68,2025-10-29T19:18:27Z
IVVW,47.14,2025-10-29T19:00:59Z
IVW,126.32,2025-10-29T19:59:59Z
IVZ,24.105,2025-10-29T19:59:57Z
IWB,376.14,2025-10-29T19:59:56Z
IWC,155.39,2025-10-29T19:48:30Z
IWD,204.49,2025-10-29T19:59:48Z
IWF,491.37,2025-10-29T19:59:45Z
IWL,171.92,2025-10-29T18:50:08Z
IWLG,57.25,2025-10-29T14:41:24Z
IWM,246.79,2025-10-29T19:59:58Z
IWMI,48.98,2025-10-29T19:59:50Z
IWMY,21.82,2025-10-29T19:51:00Z
IWN,177.96,2025-10-29T19:59:57Z
IWO,330.345,2025-10-29T19:59:58Z
IWP,142.65,2025-10-29T19:59:47Z
IWR,95.79,2025-10-29T19:59:45Z
IWS,138.16,2025-10-29T19:59:42Z
IWV,389.3,2025-10-29T19:59:39Z
IWX,88.91,2025-10-29T19:49:56Z
IWY,287.92,2025-10-29T19:55:25Z
IX,24.26,2025-10-29T19:59:12Z
IXC,41.79,2025-10-29T19:50:49Z
IXHL,0.3406,2025-10-29T19:58:50Z
IXJ,91.095,2025-10-29T19:58:30Z
IXN,112.105,2025-10-29T19:50:01Z
IXUS,84.6,2025-10-29T19:59:55Z
IYC,103.15,2025-10-29T19:59:46Z
IYE,46.73,2025-10-29T19:59:52Z
IYF,121.63,2025-10-29T19:59:51Z
IYG,87.515,2025-10-29T19:59:46Z
IYH,60.66,2025-10-29T19:59:32Z
IYJ,147.19,2025-10-29T18:35:29Z
IYK,67.12,2025-10-29T19:59:47Z
IYM,145.68,2025-10-29T18:45:23Z
IYR,93.98,2025-10-29T19:59:58Z
IYRI,48.885,2025-10-29T19:59:50Z
IYT,71.05,2025-10-29T19:59:46Z
IYW,211.03,2025-10-29T19:59:45Z
IYY,166.515,2025-10-29T18:44:23Z
IYZ,32.975,2025-10-29T19:59:41Z
IZEA,5.25,2025-10-29T19:58:58Z
IZRL,29.23,2025-10-29T19:30:46Z
J,158.315,2025-10-29T19:59:45Z
JAAA,50.715,2025-10-29T19:59:40Z
JACK,16.44,2025-10-29T19:59:55Z
JAGX,2.04,2025-10-29T19:47:56Z
JAKK,17.81,2025-10-29T19:57:37Z
JAMF,12.84,2025-10-29T19:59:57Z
JANW,36.47,2025-10-29T16:59:33Z
JANX,27.84,2025-10-29T19:59:50Z
JAVA,69.4,2025-10-29T19:59:45Z
JAZZ,135.685,2025-10-29T19:59:55Z
JBBB,48.15,2025-10-29T19:59:59Z
JBDI,1.36,2025-10-29T17:53:23Z
JBGS,20.15,2025-10-29T19:59:58Z
JBHT,168.8,2025-10-29T19:59:56Z
JBI,9.93,2025-10-29T19:59:58Z
JBIO,9.445,2025-10-29T19:59:10Z
JBL,222.38,2025-10-29T19:59:15Z
JBLU,4.08,2025-10-29T19:59:59Z
JBND,54.425,2025-10-29T19:58:59Z
JBS,13.025,2025-10-29T19:59:59Z
JBSS,59.67,2025-10-29T19:59:26Z
JBTM,125.13,2025-10-29T19:59:19Z
JCAP,18.8,2025-10-29T19:58:06Z
JCE,15.79,2025-10-29T19:56:30Z
JCI,113.25,2025-10-29T19:59:49Z
JCPB,47.765,2025-10-29T19:59:59Z
JCPI,48.805,2025-10-29T19:14:16Z
JD,34.37,2025-10-29T19:59:59Z
JDST,4.515,2025-10-29T19:59:43Z
JDVI,34.355,2025-10-29T16:49:00Z
JEDI,26.42,2025-10-29T17:10:02Z
JEF,52.87,2025-10-29T19:59:53Z
JELD,4.5,2025-10-29T19:59:58Z
JEM,0.3287,2025-10-29T19:11:05Z
JEMA,50.38,2025-10-29T19:00:59Z
JEPI,56.875,2025-10-29T19:59:47Z
JEPQ,59.2,2025-10-29T19:59:33Z
JETS,24.535,2025-10-29T19:59:59Z
JFB,18.625,2025-10-29T17:18:51Z
JFBR,2.55,2025-10-29T19:02:52Z
JFIN,8.57,2025-10-29T19:53:28Z
JFLX,50.53,2025-10-29T19:33:46Z
JFR,7.89,2025-10-29T19:59:40Z
JG,7.84,2025-10-29T14:49:46Z
JGH,13.06,2025-10-29T15:13:08Z
JGH^,0.0111,2025-10-29T16:53:24Z
JGLO,69.01,2025-10-29T19:59:57Z
JGRO,97.68,2025-10-29T19:59:46Z
JHAC,15.69,2025-10-29T17:56:17Z
JHG,44.29,2025-10-29T19:59:58Z
JHI,13.79,2025-10-29T19:54:31Z
JHLN,24.9,2025-10-29T18:31:38Z
JHMB,22.36,2025-10-29T19:04:20Z
JHMD,40.71,2025-10-29T14:21:09Z
JHML,79.5,2025-10-29T19:43:01Z
JHMM,64.4,2025-10-29T19:59:48Z
JHPI,23.15,2025-10-29T17:34:31Z
JHX,21.35,2025-10-29T19:59:57Z
JIG,77.77,2025-10-29T17:12:25Z
JIII,51.3,2025-10-29T19:29:09Z
JILL,15.38,2025-10-29T19:59:05Z
JIRE,74.87,2025-10-29T19:59:46Z
JIVE,76.83,2025-10-29T19:55:04Z
JJSF,87.9,2025-10-29T19:56:37Z
JKHY,149.85,2025-10-29T19:59:53Z
JKS,24.14,2025-10-29T19:59:50Z
JLHL,3.915,2025-10-29T19:57:34Z
JLL,302.98,2025-10-29T19:59:17Z
JLS,18.66,2025-10-29T16:58:24Z
JMBS,45.92,2025-10-29T19:59:08Z
JMEE,63.63,2025-10-29T19:55:51Z
JMHI,50.78,2025-10-29T19:54:06Z
JMIA,11.73,2025-10-29T19:59:50Z
JMID,30.04,2025-10-29T19:53:51Z
JMSI,50.6,2025-10-29T18:31:16Z
JMST,51,2025-10-29T19:59:59Z
JMTG,51.285,2025-10-29T19:57:07Z
JMUB,50.635,2025-10-29T19:52:04Z
JNJ,186.59,2025-10-29T19:59:56Z
JNK,97.62,2025-10-29T19:59:54Z
JNUG,139.04,2025-10-29T19:25:07Z
JOBX,34.8,2025-10-29T19:12:15Z
JOBY,17.05,2025-10-29T19:59:59Z
JOBY+,6.58,2025-10-29T19:41:43Z
JOE,49.02,2025-10-29T19:56:51Z
JOET,42.84,2025-10-29T18:18:18Z
JOF,10.31,2025-10-29T19:57:07Z
JOJO,15.68,2025-10-29T19:33:22Z
JOUT,42.775,2025-10-29T19:56:44Z
JOYY,60.28,2025-10-29T19:35:10Z
JPC,8.135,2025-10-29T19:59:59Z
JPEF,76,2025-10-29T19:59:50Z
JPIB,49.215,2025-10-29T19:59:55Z
JPIE,46.39,2025-10-29T19:59:46Z
JPIN,67.43,2025-10-29T19:46:11Z
JPLD,52.505,2025-10-29T19:42:40Z
JPM,305.34,2025-10-29T19:59:50Z
JPM-D,25.23,2025-10-29T19:48:42Z
JPM-J,21.43,2025-10-29T19:10:23Z
JPM-K,20.28,2025-10-29T19:59:46Z
JPM-L,20.6,2025-10-29T18:55:28Z
JPM-M,19.23,2025-10-29T18:41:23Z
JPMO,16.47,2025-10-29T19:08:02Z
JPST,50.735,2025-10-29T19:59:47Z
JPXN,87.59,2025-10-29T13:50:54Z
JPY,31.95,2025-10-29T19:58:36Z
JQC,5.105,2025-10-29T19:55:18Z
JQUA,62.98,2025-10-29T19:52:06Z
JRI,13.83,2025-10-29T19:59:50Z
JRS,8.005,2025-10-29T19:17:21Z
JRSH,3.39,2025-10-29T19:59:36Z
JRVR,5.13,2025-10-29T19:59:34Z
JSCP,47.59,2025-10-29T19:32:43Z
JSI,52.285,2025-10-29T18:45:01Z
JSMD,84.495,2025-10-29T19:55:57Z
JSML,76.67,2025-10-29T17:19:19Z
JSPR,2.37,2025-10-29T19:58:09Z
JSTC,20.38,2025-10-29T19:38:01Z
JTAI,2.5,2025-10-29T18:38:24Z
JTEK,97.12,2025-10-29T19:59:50Z
JUCY,22.4,2025-10-29T19:45:46Z
JULB,25.43,2025-10-29T14:26:35Z
JULT,44.42,2025-10-29T15:29:03Z
JULU,30.05,2025-10-29T16:17:55Z
JUNS,1.41,2025-10-29T19:25:19Z
JUNT,35.91,2025-10-29T16:25:36Z
JUNW,32.98,2025-10-29T18:51:12Z
JVAL,48.39,2025-10-29T19:46:27Z
JWEL,1.59,2025-10-29T13:41:10Z
JXG,0.8102,2025-10-29T14:00:40Z
JXN,97.82,2025-10-29T19:59:50Z
JXX,28.89,2025-10-29T17:01:10Z
JYD,4.83,2025-10-29T14:14:32Z
JYNT,8.15,2025-10-29T19:59:09Z
JZXN,0.2715,2025-10-29T19:04:05Z
K,83.03,2025-10-29T19:59:58Z
KAI,300.83,2025-10-29T19:57:06Z
KALA,0.7915,2025-10-29T19:59:55Z
KALU,92.65,2025-10-29T19:58:35Z
KALV,10.94,2025-10-29T19:59:49Z
KAPA,1.11,2025-10-29T19:53:32Z
KAR,26.23,2025-10-29T19:59:34Z
KARO,44.81,2025-10-29T19:58:37Z
KARS,31.8,2025-10-29T18:53:24Z
KAUG,26.27,2025-10-29T14:15:00Z
KAVL,0.5626,2025-10-29T19:14:49Z
KB,81.35,2025-10-29T19:59:44Z
KBA,31.29,2025-10-29T19:59:59Z
KBDC,14.4,2025-10-29T19:59:59Z
KBE,56.44,2025-10-29T19:59:51Z
KBH,62.675,2025-10-29T19:59:54Z
KBR,42.9,2025-10-29T19:59:57Z
KBWB,76.17,2025-10-29T19:59:47Z
KBWD,13.5,2025-10-29T19:59:51Z
KBWP,115.06,2025-10-29T14:06:48Z
KBWY,14.995,2025-10-29T19:59:46Z
KC,13.235,2025-10-29T19:59:53Z
KCCA,17.835,2025-10-29T19:14:05Z
KCE,148.76,2025-10-29T16:20:42Z
KD,28.38,2025-10-29T19:59:55Z
KDEF,48.48,2025-10-29T19:45:09Z
KDK,9.165,2025-10-29T19:59:14Z
KDKRW,2.485,2025-10-29T19:59:51Z
KDP,27.15,2025-10-29T19:59:59Z
KE,29.42,2025-10-29T19:59:17Z
KELYA,11.46,2025-10-29T19:59:42Z
KEP,15.99,2025-10-29T19:59:19Z
KEX,100.985,2025-10-29T19:59:59Z
KEY,17.4,2025-10-29T19:59:59Z
KEY-I,25.075,2025-10-29T17:07:33Z
KEY-K,22.41,2025-10-29T17:08:36Z
KEY-L,25.25,2025-10-29T14:53:41Z
KEYS,170.45,2025-10-29T19:59:43Z
KFRC,25.35,2025-10-29T19:59:40Z
KFS,14.23,2025-10-29T19:42:25Z
KFY,66.48,2025-10-29T19:59:47Z
KG,24.7,2025-10-29T14:31:29Z
KGC,23.11,2025-10-29T19:59:58Z
KGEI,4.38,2025-10-29T19:59:17Z
KGLD,28.17,2025-10-29T19:22:32Z
KGRN,30.88,2025-10-29T19:00:50Z
KGS,36.18,2025-10-29T19:59:58Z
KHC,24.4,2025-10-29T19:59:59Z
KHPI,26.37,2025-10-29T19:59:56Z
KIDS,16.475,2025-10-29T19:59:45Z
KIDZ,0.6502,2025-10-29T18:50:25Z
KIE,55.75,2025-10-29T19:59:54Z
KIM,21.43,2025-10-29T19:59:59Z
KINS,14.53,2025-10-29T19:59:40Z
KIO,12.07,2025-10-29T19:59:58Z
KITT,1.75,2025-10-29T19:54:30Z
KKR,118.56,2025-10-29T19:59:58Z
KKRT,25.75,2025-10-29T19:56:20Z
KLAC,1235.51,2025-10-29T19:59:36Z
KLAR,37.415,2025-10-29T19:59:48Z
KLC,5.695,2025-10-29T19:59:51Z
KLIC,39.62,2025-10-29T19:59:45Z
KLIP,33.39,2025-10-29T19:43:58Z
KLRS,4.825,2025-10-29T19:59:01Z
KLTO,0.523,2025-10-29T15:05:59Z
KLTR,1.53,2025-10-29T19:58:58Z
KLXE,1.87,2025-10-29T19:59:59Z
KMB,116.83,2025-10-29T19:59:59Z
KMDA,7.01,2025-10-29T14:11:58Z
KMI,25.91,2025-10-29T19:59:59Z
KMLI,21.09,2025-10-29T17:14:40Z
KMLM,26.8,2025-10-29T19:10:50Z
KMPR,45.31,2025-10-29T19:59:49Z
KMRK,1.08,2025-10-29T19:54:56Z
KMT,22.9,2025-10-29T19:59:56Z
KMTS,27.91,2025-10-29T19:58:53Z
KMX,42.45,2025-10-29T19:59:54Z
KN,23.57,2025-10-29T19:59:34Z
KNCT,137.11,2025-10-29T18:37:09Z
KNDI,1.19,2025-10-29T16:13:31Z
KNF,60.64,2025-10-29T19:59:53Z
KNG,48.02,2025-10-29T19:59:51Z
KNOP,9.17,2025-10-29T18:32:48Z
KNOV,28.6,2025-10-29T17:33:57Z
KNSA,37.49,2025-10-29T19:59:10Z
KNSL,403.155,2025-10-29T19:58:52Z
KNTK,37.66,2025-10-29T19:59:49Z
KNX,44.5,2025-10-29T19:59:58Z
KO,68.39,2025-10-29T19:59:59Z
KOCT,33.23,2025-10-29T19:29:52Z
KOD,18.9,2025-10-29T19:59:28Z
KODK,6.45,2025-10-29T19:59:59Z
KOF,85.615,2025-10-29T19:59:45Z
KOID,31.93,2025-10-29T17:55:11Z
KOLD,37.27,2025-10-29T19:59:56Z
KOMP,65.14,2025-10-29T19:22:13Z
KOP,29.23,2025-10-29T19:59:54Z
KOPN,3.515,2025-10-29T19:59:57Z
KORE,3.66,2025-10-29T13:41:51Z
KORP,47.89,2025-10-29T19:55:59Z
KORU,179.99,2025-10-29T19:50:32Z
KOS,1.55,2025-10-29T19:59:53Z
KOSS,4.91,2025-10-29T19:31:13Z
KOYNW,0.4747,2025-10-29T19:09:47Z
KPDD,28.44,2025-10-29T18:56:33Z
KPLT,11.05,2025-10-29T19:44:46Z
KPTI,6.11,2025-10-29T19:59:51Z
KR,66.06,2025-10-29T19:59:59Z
KRBN,33.75,2025-10-29T19:05:20Z
KRC,41.14,2025-10-29T19:59:59Z
KRE,59.83,2025-10-29T19:59:59Z
KREF,8.335,2025-10-29T19:59:46Z
KRG,22.28,2025-10-29T19:59:56Z
KRMD,3.955,2025-10-29T19:59:01Z
KRMN,85.765,2025-10-29T19:59:57Z
KRNT,14.26,2025-10-29T19:59:54Z
KRNY,6.455,2025-10-29T19:59:55Z
KRO,4.92,2025-10-29T19:59:59Z
KROS,15.02,2025-10-29T19:59:52Z
KRP,13.25,2025-10-29T19:59:41Z
KRRO,38.815,2025-10-29T19:59:48Z
KRT,24.5,2025-10-29T19:58:36Z
KRUS,57.27,2025-10-29T19:56:38Z
KRYS,184.775,2025-10-29T19:59:40Z
KSA,41.04,2025-10-29T19:59:44Z
KSCP,5.37,2025-10-29T19:59:58Z
KSPI,75.02,2025-10-29T19:59:56Z
KSPY,28.77,2025-10-29T19:48:19Z
KSS,15.93,2025-10-29T19:59:57Z
KSTR,20.12,2025-10-29T19:59:46Z
KT,18.92,2025-10-29T19:59:53Z
KTB,81.04,2025-10-29T19:59:48Z
KTCC,3.61,2025-10-29T19:49:29Z
KTEC,18.38,2025-10-29T15:23:12Z
KTF,9.17,2025-10-29T19:57:42Z
KTOS,91.045,2025-10-29T19:59:34Z
KTTA,0.7221,2025-10-29T19:40:26Z
KULR,3.905,2025-10-29T19:59:55Z
KURA,10.25,2025-10-29T19:59:56Z
KURE,19.28,2025-10-29T16:06:26Z
KVHI,6.03,2025-10-29T15:48:46Z
KVLE,27.68,2025-10-29T19:50:50Z
KVUE,14.31,2025-10-29T19:59:58Z
KVYO,25.39,2025-10-29T19:59:54Z
KW,7.46,2025-10-29T19:59:59Z
KWEB,41.125,2025-10-29T19:59:47Z
KWM,2,2025-10-29T19:57:37Z
KWR,130.4,2025-10-29T19:59:54Z
KXI,63.83,2025-10-29T19:28:53Z
KXIN,0.9,2025-10-29T14:10:26Z
KYIV,13.57,2025-10-29T19:59:55Z
KYMR,60.04,2025-10-29T19:59:50Z
KYN,11.4,2025-10-29T19:59:16Z
KYTX,7.145,2025-10-29T19:59:52Z
KZIA,7.75,2025-10-29T19:31:35Z
KZR,6.165,2025-10-29T19:57:52Z
L,97.76,2025-10-29T19:59:31Z
LAB,1.185,2025-10-29T19:58:04Z
LABD,29.41,2025-10-29T19:59:48Z
LABU,125.22,2025-10-29T19:58:19Z
LABX,19.52,2025-10-29T19:54:10Z
LAC,5.745,2025-10-29T19:59:51Z
LAD,321.41,2025-10-29T19:59:36Z
LADR,10.735,2025-10-29T19:59:59Z
LAES,6.31,2025-10-29T19:59:59Z
LAKE,16.49,2025-10-29T19:21:16Z
LAMR,116.3,2025-10-29T19:59:57Z
LAND,9.095,2025-10-29T19:59:30Z
LANDO,19.99,2025-10-29T18:51:49Z
LANDP,19.62,2025-10-29T18:48:09Z
LAR,4.27,2025-10-29T19:59:51Z
LASE,3.91,2025-10-29T19:51:30Z
LASR,32.34,2025-10-29T19:59:29Z
LAUR,28.85,2025-10-29T19:59:59Z
LAW,6.59,2025-10-29T19:59:03Z
LAYS,73.39,2025-10-29T15:13:38Z
LAZ,47.86,2025-10-29T19:59:50Z
LAZR,2.08,2025-10-29T19:59:39Z
LB,60.085,2025-10-29T19:59:23Z
LBGJ,0.6667,2025-10-29T18:05:45Z
LBO,28.69,2025-10-29T14:26:39Z
LBRDA,55.365,2025-10-29T19:59:42Z
LBRDK,55.535,2025-10-29T19:59:28Z
LBRT,18.95,2025-10-29T19:59:58Z
LBRX,15.68,2025-10-29T19:58:10Z
LBTYA,10.69,2025-10-29T19:59:55Z
LBTYK,10.87,2025-10-29T19:59:56Z
LC,17.215,2025-10-29T19:59:57Z
LCDL,10.43,2025-10-29T18:45:20Z
LCFY,4.3,2025-10-29T19:32:12Z
LCID,18.04,2025-10-29T19:59:53Z
LCII,90.415,2025-10-29T19:59:52Z
LCNB,15.17,2025-10-29T19:28:17Z
LCTU,74.835,2025-10-29T18:35:29Z
LCTX,1.73,2025-10-29T19:58:48Z
LDI,3.145,2025-10-29T19:59:53Z
LDOS,188.2,2025-10-29T19:59:47Z
LDP,21.7,2025-10-29T19:55:10Z
LDRH,25.12,2025-10-29T19:24:14Z
LDSF,19.14,2025-10-29T19:36:00Z
LDUR,96.255,2025-10-29T16:55:13Z
LE,16.03,2025-10-29T19:59:52Z
LEA,104.08,2025-10-29T19:59:51Z
LECO,234.15,2025-10-29T19:59:32Z
LEDS,3.01,2025-10-29T19:35:20Z
LEG,10.06,2025-10-29T19:59:59Z
LEGH,22.22,2025-10-29T19:56:41Z
LEGN,32.02,2025-10-29T19:59:52Z
LEGR,58.85,2025-10-29T19:44:55Z
LEMB,41.43,2025-10-29T19:55:19Z
LEN,124.16,2025-10-29T19:59:55Z
LEN.B,121.41,2025-10-29T18:00:05Z
LENZ,30.58,2025-10-29T19:59:47Z
LEO,6.27,2025-10-29T19:59:58Z
LESL,3.615,2025-10-29T19:58:47Z
LEU,389.59,2025-10-29T19:59:04Z
LEVI,20.4,2025-10-29T19:59:57Z
LEXX,0.96,2025-10-29T19:32:54Z
LFCR,7.05,2025-10-29T19:59:17Z
LFGY,35.95,2025-10-29T18:14:12Z
LFMD,6.11,2025-10-29T19:59:52Z
LFS,2.67,2025-10-29T15:47:24Z
LFST,4.97,2025-10-29T19:59:59Z
LFT,1.58,2025-10-29T19:59:55Z
LFUS,252.115,2025-10-29T19:59:08Z
LFVN,8.14,2025-10-29T19:52:23Z
LFWD,0.6539,2025-10-29T19:59:24Z
LGCB,1.76,2025-10-29T19:39:32Z
LGCL,2.95,2025-10-29T19:57:11Z
LGCY,9.25,2025-10-29T19:34:53Z
LGH,63.1,2025-10-29T19:50:00Z
LGHL,1.05,2025-10-29T19:59:29Z
LGI,17.64,2025-10-29T15:44:31Z
LGIH,42.48,2025-10-29T19:59:51Z
LGLV,172.255,2025-10-29T18:35:29Z
LGN,41.565,2025-10-29T19:59:31Z
LGND,185.17,2025-10-29T19:56:21Z
LGO,1.15,2025-10-29T19:56:30Z
LGOV,22.035,2025-10-29T19:57:37Z
LGPS,0.9902,2025-10-29T18:42:54Z
LGVN,0.8837,2025-10-29T19:59:25Z
LH,248.11,2025-10-29T19:59:55Z
LHAI,10.67,2025-10-29T19:54:27Z
LHSW,1.9,2025-10-29T19:57:07Z
LHX,286.88,2025-10-29T19:59:48Z
LI,20.975,2025-10-29T19:59:56Z
LIDR,2.63,2025-10-29T19:59:46Z
LIEN,10.2,2025-10-29T19:58:51Z
LIF,97.855,2025-10-29T19:59:19Z
LIFT,30.46,2025-10-29T18:40:20Z
LII,488.19,2025-10-29T19:59:40Z
LILA,7.585,2025-10-29T19:59:42Z
LILAK,7.73,2025-10-29T19:59:59Z
LIMN,1.425,2025-10-29T19:59:56Z
LIN,431.89,2025-10-29T19:59:55Z
LINC,20.96,2025-10-29T19:59:30Z
LIND,11.76,2025-10-29T19:59:27Z
LINE,38.225,2025-10-29T19:59:52Z
LINK,6.41,2025-10-29T15:50:20Z
LION,6.24,2025-10-29T19:59:53Z
LIQT,2.39,2025-10-29T19:30:55Z
LIT,62.075,2025-10-29T19:59:09Z
LITB,3.71,2025-10-29T19:59:52Z
LITE,214.27,2025-10-29T19:59:59Z
LITM,3.845,2025-10-29T19:59:45Z
LITP,9.97,2025-10-29T15:44:35Z
LITS,2.09,2025-10-29T19:59:38Z
LIVN,53.29,2025-10-29T19:59:53Z
LIXT,4.335,2025-10-29T19:54:32Z
LKFN,56.715,2025-10-29T19:59:19Z
LKQ,30.05,2025-10-29T19:59:59Z
LLDR,47.3,2025-10-29T17:36:47Z
LLY,812.19,2025-10-29T19:59:32Z
LLYVA,87.09,2025-10-29T19:41:35Z
LLYVK,90.48,2025-10-29T19:57:58Z
LLYX,15.43,2025-10-29T19:57:02Z
LMAT,88.505,2025-10-29T19:59:30Z
LMB,95.47,2025-10-29T19:58:04Z
LMBO,43.55,2025-10-29T19:25:15Z
LMBS,49.935,2025-10-29T19:59:53Z
LMFA,0.99,2025-10-29T19:58:34Z
LMND,60.675,2025-10-29T19:59:44Z
LMNR,14,2025-10-29T19:55:20Z
LMNX,25.34,2025-10-29T19:43:43Z
LMT,485.19,2025-10-29T19:59:50Z
LNAI,0.955,2025-10-29T19:52:53Z
LNC,40.08,2025-10-29T19:59:57Z
LNC-D,27.06,2025-10-29T19:17:28Z
LND,3.69,2025-10-29T18:36:52Z
LNG,210.9,2025-10-29T19:59:50Z
LNKB,7.01,2025-10-29T19:55:59Z
LNKS,0.5005,2025-10-29T19:19:36Z
LNN,110.595,2025-10-29T19:36:10Z
LNSR,11.91,2025-10-29T19:59:32Z
LNT,67.81,2025-10-29T19:59:58Z
LNTH,55.885,2025-10-29T19:59:59Z
LNW,73.23,2025-10-29T19:59:42Z
LNZA,23.69,2025-10-29T19:55:25Z
LOAR,79.895,2025-10-29T19:59:33Z
LOB,31.85,2025-10-29T19:55:17Z
LOBO,1.15,2025-10-29T17:11:48Z
LOCL,2.86,2025-10-29T16:13:18Z
LOCO,9.52,2025-10-29T19:59:49Z
LODE,2.99,2025-10-29T19:59:49Z
LOGI,115.79,2025-10-29T19:59:56Z
LOMA,10.58,2025-10-29T19:59:57Z
LONZ,50.86,2025-10-29T19:59:59Z
LOOP,1.7,2025-10-29T13:30:04Z
LOPE,204.21,2025-10-29T19:59:24Z
LOT,1.78,2025-10-29T17:35:47Z
LOUP,82.56,2025-10-29T18:29:09Z
LOVE,14.25,2025-10-29T19:59:46Z
LOW,238.525,2025-10-29T19:59:59Z
LPG,28.85,2025-10-29T19:59:51Z
LPL,5.11,2025-10-29T19:59:56Z
LPLA,343.43,2025-10-29T19:59:06Z
LPRO,1.81,2025-10-29T19:59:54Z
LPSN,6.01,2025-10-29T19:59:49Z
LPTH,8.215,2025-10-29T19:59:50Z
LPTX,0.4775,2025-10-29T19:58:32Z
LPX,89.095,2025-10-29T19:59:31Z
LQD,112.27,2025-10-29T19:59:55Z
LQDA,22.42,2025-10-29T19:59:50Z
LQDI,27.14,2025-10-29T19:59:47Z
LQDT,23.26,2025-10-29T19:40:17Z
LQDW,25.35,2025-10-29T19:52:55Z
LQTI,20.5,2025-10-29T19:27:15Z
LRCU,62.47,2025-10-29T14:22:19Z
LRCX,160.7,2025-10-29T19:59:59Z
LRGE,86.6,2025-10-29T18:51:39Z
LRGF,70.8,2025-10-29T19:55:50Z
LRGG,30.16,2025-10-29T19:43:14Z
LRMR,4.32,2025-10-29T19:59:56Z
LRN,70.175,2025-10-29T19:59:59Z
LRNZ,50.73,2025-10-29T17:21:04Z
LSAF,44.73,2025-10-29T16:40:04Z
LSAT,39.92,2025-10-29T19:55:26Z
LSBK,13.86,2025-10-29T19:27:24Z
LSCC,73.78,2025-10-29T19:59:50Z
LSE,5.44,2025-10-29T15:56:17Z
LSF,4.65,2025-10-29T15:45:55Z
LSGR,46.01,2025-10-29T19:31:53Z
LSH,1.26,2025-10-29T19:58:54Z
LSPD,12.22,2025-10-29T19:59:50Z
LSTA,2.68,2025-10-29T19:35:20Z
LSTR,124.545,2025-10-29T19:59:56Z
LTBR,26.44,2025-10-29T19:59:45Z
LTC,34.59,2025-10-29T19:59:49Z
LTCC,23.945,2025-10-29T18:36:03Z
LTH,25.03,2025-10-29T19:59:59Z
LTM,44.62,2025-10-29T19:59:35Z
LTPZ,54.245,2025-10-29T19:59:28Z
LTRN,3.82,2025-10-29T19:42:21Z
LTRX,4.98,2025-10-29T19:59:29Z
LU,2.825,2025-10-29T19:56:56Z
LUCD,1.235,2025-10-29T19:59:09Z
LUCK,8.015,2025-10-29T19:59:48Z
LUCY,1.75,2025-10-29T19:53:30Z
LUD,8.97,2025-10-29T17:18:15Z
LULU,170.27,2025-10-29T19:59:51Z
LUMN,11.01,2025-10-29T19:59:59Z
LUNG,1.915,2025-10-29T19:59:50Z
LUNR,12.03,2025-10-29T19:59:59Z
LUV,30.67,2025-10-29T19:59:59Z
LUXE,9.58,2025-10-29T19:59:57Z
LVHD,40.53,2025-10-29T17:27:20Z
LVHI,35.43,2025-10-29T19:59:59Z
LVLU,5.45,2025-10-29T13:43:01Z
LVO,5.305,2025-10-29T19:59:59Z
LVS,58.8,2025-10-29T19:59:57Z
LW,63.2,2025-10-29T19:59:56Z
LWAC,10.03,2025-10-29T16:29:11Z
LWAY,24.39,2025-10-29T19:32:42Z
LWLG,4.735,2025-10-29T19:59:54Z
LX,3.685,2025-10-29T19:59:50Z
LXEH,0.5,2025-10-29T19:55:56Z
LXEO,9.9,2025-10-29T19:59:54Z
LXFR,12.86,2025-10-29T19:59:33Z
LXP,9.52,2025-10-29T19:59:59Z
LXRX,1.325,2025-10-29T19:59:30Z
LXU,9.21,2025-10-29T19:59:53Z
LYB,46.71,2025-10-29T19:59:51Z
LYFT,20,2025-10-29T19:59:56Z
LYG,4.675,2025-10-29T19:59:54Z
LYLD,27.32,2025-10-29T14:01:29Z
LYRA,6.035,2025-10-29T16:56:35Z
LYTS,23.13,2025-10-29T19:59:54Z
LYV,149.22,2025-10-29T19:59:48Z
LZ,9.97,2025-10-29T19:59:59Z
LZB,32.32,2025-10-29T19:59:55Z
LZM,5.01,2025-10-29T19:59:54Z
LZMH,3.355,2025-10-29T18:14:55Z
M,19.55,2025-10-29T19:59:59Z
MA,554.33,2025-10-29T19:59:57Z
MAA,126.24,2025-10-29T19:59:53Z
MAAS,3.78,2025-10-29T16:11:29Z
MAC,16.88,2025-10-29T19:59:53Z
MAGN,8.59,2025-10-29T19:59:55Z
MAGS,68.99,2025-10-29T19:59:53Z
MAGX,62.3,2025-10-29T18:47:41Z
MAGY,57.185,2025-10-29T19:06:01Z
MAIA,1.33,2025-10-29T16:13:57Z
MAIN,57.7,2025-10-29T19:59:39Z
MAMA,11.18,2025-10-29T19:59:45Z
MAMB,24.09,2025-10-29T17:43:45Z
MAMK,4.11,2025-10-29T19:54:43Z
MAN,30.635,2025-10-29T19:59:52Z
MANH,178.27,2025-10-29T19:59:46Z
MANU,17.29,2025-10-29T19:59:56Z
MAPS,1.055,2025-10-29T19:56:39Z
MAR,263.055,2025-10-29T19:59:45Z
MARA,18.9,2025-10-29T19:59:59Z
MARM,32.715,2025-10-29T15:31:45Z
MARO,16.97,2025-10-29T18:14:08Z
MARU,28.01,2025-10-29T18:46:51Z
MAS,65.2,2025-10-29T19:59:54Z
MASI,142.865,2025-10-29T19:59:15Z
MASK,0.5175,2025-10-29T19:54:41Z
MASS,7.68,2025-10-29T19:59:33Z
MAT,19.04,2025-10-29T19:59:59Z
MATH,3.04,2025-10-29T19:58:58Z
MATV,10.89,2025-10-29T19:59:49Z
MATW,23.13,2025-10-29T19:58:40Z
MATX,98.625,2025-10-29T19:58:48Z
MAX,11.14,2025-10-29T19:59:50Z
MAXI,26.41,2025-10-29T17:36:43Z
MAXJ,28.18,2025-10-29T18:50:08Z
MAXN,3.43,2025-10-29T19:59:58Z
MAYW,33.09,2025-10-29T19:59:50Z
MAZE,31.22,2025-10-29T19:59:44Z
MBAV,10.57,2025-10-29T19:53:18Z
MBB,95.6,2025-10-29T19:59:54Z
MBC,12.795,2025-10-29T19:59:54Z
MBCN,33.69,2025-10-29T14:46:48Z
MBI,6.61,2025-10-29T19:57:31Z
MBIN,31.69,2025-10-29T19:59:52Z
MBIO,1.49,2025-10-29T19:50:02Z
MBLY,13.13,2025-10-29T19:59:55Z
MBND,27.55,2025-10-29T19:54:34Z
MBNKO,25.01,2025-10-29T19:50:24Z
MBOT,2.14,2025-10-29T19:59:56Z
MBRX,0.4744,2025-10-29T19:50:45Z
MBS,8.85,2025-10-29T19:27:20Z
MBSD,21.01,2025-10-29T15:52:33Z
MBSF,25.51,2025-10-29T19:16:53Z
MBUU,32.56,2025-10-29T19:59:52Z
MBWM,43.15,2025-10-29T19:58:58Z
MBX,19.61,2025-10-29T19:59:46Z
MC,66.54,2025-10-29T19:59:48Z
MCB,66.56,2025-10-29T19:59:40Z
MCBS,25.45,2025-10-29T19:36:10Z
MCD,302.32,2025-10-29T19:59:47Z
MCFT,21.29,2025-10-29T19:59:39Z
MCGA,10.44,2025-10-29T13:57:53Z
MCHB,13.425,2025-10-29T19:59:11Z
MCHI,65.465,2025-10-29T19:57:49Z
MCHP,62.54,2025-10-29T19:59:59Z
MCHX,1.79,2025-10-29T19:55:52Z
MCI,20.69,2025-10-29T17:55:01Z
MCK,808.18,2025-10-29T19:59:24Z
MCN,6.09,2025-10-29T16:50:34Z
MCO,471.55,2025-10-29T19:59:47Z
MCR,6.34,2025-10-29T19:47:34Z
MCRB,16.79,2025-10-29T19:03:05Z
MCRI,88.81,2025-10-29T19:59:10Z
MCRP,1.96,2025-10-29T19:56:21Z
MCS,13.3,2025-10-29T19:59:52Z
MCTA,16.56,2025-10-29T17:11:12Z
MCW,5.21,2025-10-29T19:59:54Z
MCY,76.915,2025-10-29T19:59:50Z
MD,17.855,2025-10-29T19:59:49Z
MDAI,2.165,2025-10-29T19:58:53Z
MDB,340.51,2025-10-29T19:59:48Z
MDBH,4.03,2025-10-29T19:32:41Z
MDCX,2.32,2025-10-29T19:52:21Z
MDGL,422.055,2025-10-29T19:57:39Z
MDIA,1.11,2025-10-29T19:55:12Z
MDLZ,57.88,2025-10-29T19:59:59Z
MDPL,26.21,2025-10-29T17:43:40Z
MDT,91.73,2025-10-29T19:59:59Z
MDU,19.46,2025-10-29T19:59:59Z
MDV,14.56,2025-10-29T19:29:15Z
MDWD,18.08,2025-10-29T19:54:45Z
MDXG,7.2,2025-10-29T19:59:51Z
MDXH,4.81,2025-10-29T19:59:54Z
MDY,595.48,2025-10-29T19:59:55Z
MDYG,92.98,2025-10-29T17:53:23Z
MDYV,82.57,2025-10-29T19:57:26Z
MEAR,50.425,2025-10-29T19:56:45Z
MEC,16.69,2025-10-29T19:36:59Z
MED,12.17,2025-10-29T19:59:43Z
MEDP,585.38,2025-10-29T19:57:41Z
MEG,26.53,2025-10-29T19:59:41Z
MEGI,14.34,2025-10-29T19:50:59Z
MEGL,1.46,2025-10-29T19:14:19Z
MEI,6.86,2025-10-29T19:59:53Z
MELI,2304.665,2025-10-29T19:59:46Z
MEME,8.65,2025-10-29T19:54:47Z
MENS,49.69,2025-10-29T19:49:25Z
MEOH,34.05,2025-10-29T19:59:59Z
MER-K,26.05,2025-10-29T19:57:59Z
MERC,2.3,2025-10-29T19:59:58Z
MESA,1.36,2025-10-29T19:41:07Z
MESO,16.36,2025-10-29T19:59:55Z
MET,78.26,2025-10-29T19:59:50Z
MET-A,23.96,2025-10-29T17:58:15Z
MET-E,24.88,2025-10-29T19:38:14Z
MET-F,21.03,2025-10-29T18:20:30Z
META,751.52,2025-10-29T19:59:54Z
METC,29.01,2025-10-29T19:59:53Z
METCB,12.9,2025-10-29T19:56:06Z
METCI,25.27,2025-10-29T14:41:11Z
METCZ,25.4,2025-10-29T19:55:33Z
METD,14.2,2025-10-29T19:59:45Z
METL,22.88,2025-10-29T18:54:36Z
METU,44.04,2025-10-29T19:59:53Z
METV,21.1,2025-10-29T19:36:55Z
METW,44.98,2025-10-29T19:37:29Z
MEXX,22.61,2025-10-29T19:47:23Z
MFA,8.98,2025-10-29T19:59:59Z
MFA-C,23.91,2025-10-29T19:32:42Z
MFAO,25.5,2025-10-29T18:38:27Z
MFC,32.55,2025-10-29T19:59:59Z
MFDX,37.21,2025-10-29T18:45:56Z
MFG,6.6,2025-10-29T19:59:59Z
MFH,11.095,2025-10-29T19:59:54Z
MFI,26.87,2025-10-29T14:15:40Z
MFIC,12.26,2025-10-29T19:59:56Z
MFIN,9.3,2025-10-29T19:59:33Z
MFM,5.42,2025-10-29T19:58:19Z
MFSB,25.55,2025-10-29T15:17:28Z
MFSG,29.365,2025-10-29T19:56:42Z
MFSI,29.94,2025-10-29T19:59:49Z
MFSV,25.7,2025-10-29T18:42:02Z
MFUL,22.29,2025-10-29T15:37:43Z
MG,9.63,2025-10-29T19:59:09Z
MGA,45.51,2025-10-29T19:59:53Z
MGC,253.56,2025-10-29T19:59:58Z
MGEE,82.94,2025-10-29T19:58:46Z
MGF,3.04,2025-10-29T19:55:15Z
MGIC,20.845,2025-10-29T18:38:42Z
MGK,425.69,2025-10-29T19:53:25Z
MGM,31.24,2025-10-29T19:59:58Z
MGMT,43.62,2025-10-29T17:11:40Z
MGNI,18.64,2025-10-29T19:59:59Z
MGNX,1.695,2025-10-29T19:59:51Z
MGOV,20.585,2025-10-29T19:56:02Z
MGPI,24.665,2025-10-29T19:59:05Z
MGR,21.95,2025-10-29T17:28:39Z
MGRB,17.77,2025-10-29T18:40:56Z
MGRC,111.15,2025-10-29T19:57:14Z
MGRT,5.03,2025-10-29T15:47:33Z
MGRX,2.15,2025-10-29T19:59:13Z
MGTX,8.93,2025-10-29T19:59:53Z
MGV,137.58,2025-10-29T19:55:47Z
MGX,2.35,2025-10-29T19:58:14Z
MGY,23,2025-10-29T19:59:59Z
MGYR,16.99,2025-10-29T16:23:58Z
MH,11.18,2025-10-29T19:59:58Z
MHD,11.76,2025-10-29T18:46:03Z
MHF,7.055,2025-10-29T19:50:22Z
MHK,117.445,2025-10-29T19:58:55Z
MHN,10.33,2025-10-29T19:09:19Z
MHNC,17.54,2025-10-29T19:06:35Z
MHO,124.8,2025-10-29T19:59:02Z
MHUA,0.2328,2025-10-29T19:41:14Z
MI,3.86,2025-10-29T14:52:43Z
MIAX,42.965,2025-10-29T19:59:20Z
MIDD,124.87,2025-10-29T19:59:34Z
MIDU,51.43,2025-10-29T16:58:17Z
MIGI,1.2,2025-10-29T19:54:21Z
MILN,48.26,2025-10-29T18:57:55Z
MIMI,6.25,2025-10-29T18:57:18Z
MIN,2.605,2025-10-29T18:38:45Z
MIND,10.81,2025-10-29T19:31:44Z
MINO,45.715,2025-10-29T19:59:46Z
MINT,100.65,2025-10-29T19:59:55Z
MIR,29.77,2025-10-29T19:59:59Z
MIRA,1.62,2025-10-29T19:23:27Z
MIRM,70.43,2025-10-29T19:59:37Z
MISL,43.44,2025-10-29T16:19:53Z
MIST,1.835,2025-10-29T19:59:59Z
MITK,9.385,2025-10-29T19:59:45Z
MITQ,0.911,2025-10-29T17:32:31Z
MITT,7.06,2025-10-29T19:58:17Z
MITT-B,21.43,2025-10-29T18:17:48Z
MIY,11.44,2025-10-29T19:56:54Z
MJ,32.63,2025-10-29T19:08:56Z
MKAM,31.04,2025-10-29T19:57:39Z
MKC,63.78,2025-10-29T19:59:50Z
MKC.V,65.01,2025-10-29T14:08:29Z
MKDW,0.205,2025-10-29T19:49:48Z
MKL,1824.55,2025-10-29T19:59:34Z
MKLYR,0.22,2025-10-29T14:46:36Z
MKOR,34.28,2025-10-29T19:46:36Z
MKSI,141.385,2025-10-29T19:59:46Z
MKTX,158.78,2025-10-29T19:59:13Z
MKZR,5.01,2025-10-29T15:50:36Z
MLAB,76.31,2025-10-29T19:36:03Z
MLAC,10.47,2025-10-29T19:24:14Z
MLCI,7.4,2025-10-29T19:06:36Z
MLCO,8.08,2025-10-29T19:59:59Z
MLEC,0.62,2025-10-29T19:49:09Z
MLGO,8.9,2025-10-29T18:36:39Z
MLI,104.8,2025-10-29T19:59:54Z
MLKN,15.97,2025-10-29T19:59:41Z
MLM,616.29,2025-10-29T19:59:43Z
MLN,17.705,2025-10-29T19:59:59Z
MLP,15.87,2025-10-29T13:49:10Z
MLPA,48.16,2025-10-29T19:47:53Z
MLPB,24.53,2025-10-29T15:27:59Z
MLPX,58.065,2025-10-29T19:59:50Z
MLR,40.71,2025-10-29T17:01:06Z
MLSS,0.4375,2025-10-29T19:59:55Z
MLTX,9.615,2025-10-29T19:59:48Z
MLYS,40.06,2025-10-29T19:59:37Z
MMA,1.38,2025-10-29T19:59:31Z
MMC,179.975,2025-10-29T19:59:55Z
MMD,15.09,2025-10-29T19:56:44Z
MMI,29.17,2025-10-29T19:59:45Z
MMID,24.845,2025-10-29T18:52:48Z
MMIN,24.07,2025-10-29T19:26:30Z
MMIT,24.41,2025-10-29T19:59:38Z
MMM,164.65,2025-10-29T19:59:44Z
MMS,85.15,2025-10-29T19:59:57Z
MMSI,81.19,2025-10-29T19:59:51Z
MMT,4.71,2025-10-29T19:54:24Z
MMU,10.3,2025-10-29T19:51:37Z
MMYT,77.285,2025-10-29T19:59:54Z
MNDY,195.91,2025-10-29T19:59:34Z
MNKD,5.53,2025-10-29T19:59:56Z
MNMD,12.93,2025-10-29T19:59:59Z
MNOV,1.195,2025-10-29T16:28:17Z
MNPR,84,2025-10-29T19:23:32Z
MNR,12.12,2025-10-29T19:59:49Z
MNRO,15.205,2025-10-29T19:58:38Z
MNRS,49.45,2025-10-29T17:39:04Z
MNSB,18.71,2025-10-29T19:01:25Z
MNSO,21.52,2025-10-29T19:59:50Z
MNST,66.545,2025-10-29T19:59:56Z
MNTK,2.055,2025-10-29T19:59:00Z
MNTN,16.405,2025-10-29T19:59:50Z
MNTS,1.19,2025-10-29T19:59:59Z
MNY,1.4,2025-10-29T19:09:21Z
MO,61.96,2025-10-29T19:59:59Z
MOAT,101.29,2025-10-29T19:59:59Z
MOB,8.17,2025-10-29T19:17:12Z
MOBX,0.6529,2025-10-29T19:59:04Z
MOD,155.19,2025-10-29T19:59:53Z
MODD,0.5209,2025-10-29T19:59:02Z
MODG,9.51,2025-10-29T19:59:50Z
MOFG,36.06,2025-10-29T19:59:46Z
MOG.A,209.85,2025-10-29T19:59:20Z
MOGO,1.62,2025-10-29T19:59:47Z
MOH,160.3,2025-10-29T19:59:48Z
MOMO,6.855,2025-10-29T19:59:29Z
MOO,72.96,2025-10-29T19:58:52Z
MOOD,37.34,2025-10-29T17:47:34Z
MORN,208.78,2025-10-29T19:59:42Z
MORT,10.425,2025-10-29T19:58:31Z
MOS,28.645,2025-10-29T19:59:53Z
MOTI,38.56,2025-10-29T17:58:56Z
MOV,17.895,2025-10-29T19:59:31Z
MP,64.24,2025-10-29T19:59:50Z
MPA,11.37,2025-10-29T19:56:43Z
MPAA,17.01,2025-10-29T19:52:50Z
MPB,28.74,2025-10-29T19:57:53Z
MPC,195.635,2025-10-29T19:59:51Z
MPL,12.01,2025-10-29T19:13:03Z
MPLT,16.515,2025-10-29T19:59:45Z
MPLX,50.28,2025-10-29T19:59:53Z
MPRO,30.69,2025-10-29T17:43:45Z
MPTI,57.09,2025-10-29T17:05:04Z
MPTI+,2.08,2025-10-29T15:26:57Z
MPU,1.16,2025-10-29T19:57:54Z
MPV,19.43,2025-10-29T19:43:47Z
MPW,4.86,2025-10-29T19:59:55Z
MPWR,1093.73,2025-10-29T19:59:57Z
MQ,4.52,2025-10-29T19:59:59Z
MQT,10.035,2025-10-29T18:11:17Z
MQY,11.65,2025-10-29T19:59:08Z
MRAL,22.9,2025-10-29T19:52:23Z
MRAM,10.835,2025-10-29T19:59:33Z
MRBK,14.33,2025-10-29T19:51:00Z
MRC,13.96,2025-10-29T19:59:59Z
MRCC,7.01,2025-10-29T19:56:07Z
MRCY,77.29,2025-10-29T19:59:21Z
MREO,1.91,2025-10-29T19:59:59Z
MRGR,44.17,2025-10-29T14:21:08Z
MRK,86.54,2025-10-29T19:59:59Z
MRKR,0.99,2025-10-29T18:37:20Z
MRM,2.095,2025-10-29T19:59:13Z
MRNA,24.72,2025-10-29T19:59:59Z
MRNO,2.7,2025-10-29T16:29:16Z
MRNY,1.575,2025-10-29T19:59:44Z
MRP,32.08,2025-10-29T19:59:55Z
MRSK,36.58,2025-10-29T19:20:12Z
MRT,2.415,2025-10-29T19:29:52Z
MRTN,9.86,2025-10-29T19:59:59Z
MRUS,94.82,2025-10-29T19:59:49Z
MRVI,3.07,2025-10-29T19:59:56Z
MRVL,90.13,2025-10-29T19:59:57Z
MRX,30.82,2025-10-29T19:59:59Z
MS,164.065,2025-10-29T19:59:59Z
MS-E,25.74,2025-10-29T18:41:53Z
MS-F,25.28,2025-10-29T19:50:58Z
MS-I,25.16,2025-10-29T19:17:28Z
MS-K,24.91,2025-10-29T17:23:33Z
MS-O,18.37,2025-10-29T19:59:45Z
MS-P,25.61,2025-10-29T19:17:27Z
MSA,169.1,2025-10-29T19:59:27Z
MSAI,0.9991,2025-10-29T19:59:16Z
MSB,35.69,2025-10-29T19:51:04Z
MSBI,16.13,2025-10-29T19:58:50Z
MSCI,566.575,2025-10-29T19:59:36Z
MSD,7.43,2025-10-29T19:59:00Z
MSDL,17.07,2025-10-29T19:59:52Z
MSEX,57.84,2025-10-29T19:57:17Z
MSFD,10.38,2025-10-29T19:55:14Z
MSFL,34.76,2025-10-29T19:59:59Z
MSFT,542.425,2025-10-29T19:59:59Z
MSFU,56.17,2025-10-29T19:56:38Z
MSFX,37.3,2025-10-29T14:12:15Z
MSFY,27.84,2025-10-29T19:15:42Z
MSGE,44.21,2025-10-29T19:59:33Z
MSGS,224.9,2025-10-29T19:57:34Z
MSGY,1.535,2025-10-29T19:59:46Z
MSI,432.19,2025-10-29T19:58:42Z
MSIF,12.64,2025-10-29T19:58:55Z
MSLC,55.735,2025-10-29T19:59:01Z
MSM,84.13,2025-10-29T19:58:51Z
MSMR,35.19,2025-10-29T19:59:46Z
MSN,0.4932,2025-10-29T19:52:57Z
MSOS,4.5,2025-10-29T19:59:59Z
MSOX,6.36,2025-10-29T19:55:30Z
MSPR,0.591,2025-10-29T19:29:47Z
MSSM,52.32,2025-10-29T15:39:28Z
MST,5.87,2025-10-29T19:59:50Z
MSTK,24.7,2025-10-29T18:47:17Z
MSTR,275.38,2025-10-29T19:59:54Z
MSTU,3.19,2025-10-29T19:59:49Z
MSTW,23.705,2025-10-29T19:59:01Z
MSTX,14.67,2025-10-29T19:59:57Z
MSTY,11.3,2025-10-29T19:59:22Z
MSTZ,6.58,2025-10-29T19:59:58Z
MSW,2.25,2025-10-29T17:14:52Z
MT,39.01,2025-10-29T19:59:52Z
MTA,6.725,2025-10-29T19:58:31Z
MTB,181.15,2025-10-29T19:59:30Z
MTB-J,26.79,2025-10-29T16:50:44Z
MTBA,50.425,2025-10-29T19:55:10Z
MTC,0.755,2025-10-29T15:15:28Z
MTCH,32.01,2025-10-29T19:59:51Z
MTD,1389.665,2025-10-29T19:17:59Z
MTDR,39.71,2025-10-29T19:59:58Z
MTEK,1.71,2025-10-29T19:16:55Z
MTEN,3.22,2025-10-29T18:49:45Z
MTG,26.37,2025-10-29T19:59:59Z
MTGP,44.88,2025-10-29T15:15:40Z
MTH,67.03,2025-10-29T19:59:48Z
MTLS,5.51,2025-10-29T19:59:53Z
MTN,148.19,2025-10-29T19:59:49Z
MTNB,1.36,2025-10-29T19:54:45Z
MTRN,117,2025-10-29T19:40:34Z
MTRX,14.9,2025-10-29T19:59:53Z
MTSI,152.605,2025-10-29T19:59:46Z
MTSR,52.2,2025-10-29T19:59:58Z
MTUM,257.9,2025-10-29T19:59:00Z
MTUS,17.85,2025-10-29T19:59:59Z
MTW,11.18,2025-10-29T19:59:57Z
MTX,55.03,2025-10-29T19:59:59Z
MTYY,17.38,2025-10-29T15:37:00Z
MTZ,221.72,2025-10-29T19:59:54Z
MU,226.54,2025-10-29T19:59:56Z
MUA,10.85,2025-10-29T18:43:00Z
MUB,107.39,2025-10-29T19:59:58Z
MUC,10.88,2025-10-29T19:58:40Z
MUD,7.96,2025-10-29T19:59:45Z
MUE,10.1,2025-10-29T19:48:32Z
MUFG,15.015,2025-10-29T19:59:51Z
MUJ,11.63,2025-10-29T19:58:24Z
MULL,64.24,2025-10-29T18:37:52Z
MUNB,101.23,2025-10-29T16:47:49Z
MUNC,103.085,2025-10-29T15:31:50Z
MUNI,52.625,2025-10-29T19:41:06Z
MUNY,103.81,2025-10-29T19:08:16Z
MUR,27.91,2025-10-29T19:59:53Z
MURA,2.09,2025-10-29T19:55:46Z
MUSA,391.975,2025-10-29T19:59:45Z
MUST,20.71,2025-10-29T19:44:05Z
MUU,73.58,2025-10-29T19:55:12Z
MUX,18.58,2025-10-29T19:59:47Z
MVBF,26.2,2025-10-29T19:33:31Z
MVF,7,2025-10-29T19:19:25Z
MVIS,1.21,2025-10-29T19:59:59Z
MVLL,26.38,2025-10-29T19:03:05Z
MVO,4.92,2025-10-29T18:52:17Z
MVST,5.38,2025-10-29T19:59:58Z
MVSTW,0.48,2025-10-29T18:45:21Z
MVT,10.755,2025-10-29T19:58:04Z
MVV,70.08,2025-10-29T15:54:56Z
MWA,25.71,2025-10-29T19:59:59Z
MWG,0.291,2025-10-29T17:41:17Z
MX,3.025,2025-10-29T19:59:56Z
MXCT,1.52,2025-10-29T19:59:52Z
MXI,91.64,2025-10-29T18:35:33Z
MXL,15.2,2025-10-29T19:59:54Z
MYD,10.585,2025-10-29T19:56:35Z
MYE,17.38,2025-10-29T19:59:59Z
MYGN,7.89,2025-10-29T19:59:59Z
MYI,10.99,2025-10-29T19:59:53Z
MYN,10.09,2025-10-29T19:55:56Z
MYND,0.6721,2025-10-29T17:10:53Z
MYNZ,1.515,2025-10-29T17:17:59Z
MYO,0.9544,2025-10-29T19:58:07Z
MYPS,0.9375,2025-10-29T19:57:59Z
MYRG,225.89,2025-10-29T19:59:28Z
MYSE,2.71,2025-10-29T19:27:03Z
MYSZ,1.18,2025-10-29T13:49:56Z
MYY,17.87,2025-10-29T18:37:19Z
MZTI,158.75,2025-10-29T19:13:04Z
NA,4.56,2025-10-29T19:16:39Z
NABL,7.66,2025-10-29T19:59:55Z
NAC,11.83,2025-10-29T19:59:59Z
NAD,11.93,2025-10-29T19:59:50Z
NAGE,7.26,2025-10-29T19:59:50Z
NAII,2.81,2025-10-29T14:55:53Z
NAIL,59.28,2025-10-29T19:58:58Z
NAK,2.02,2025-10-29T19:59:59Z
NAKA,0.9572,2025-10-29T19:59:47Z
NAMM,2.08,2025-10-29T17:47:22Z
NAMS,35.77,2025-10-29T19:59:41Z
NAN,11.49,2025-10-29T19:37:00Z
NANC,46.45,2025-10-29T19:59:37Z
NANR,63.79,2025-10-29T19:13:48Z
NAT,3.71,2025-10-29T19:59:53Z
NATL,36.89,2025-10-29T19:59:56Z
NATO,39.12,2025-10-29T13:42:01Z
NATR,13.44,2025-10-29T19:59:04Z
NAUT,1.45,2025-10-29T19:59:12Z
NAVI,11.67,2025-10-29T19:59:54Z
NAZ,11.97,2025-10-29T19:31:03Z
NB,7.575,2025-10-29T19:59:35Z
NBB,16.44,2025-10-29T19:49:52Z
NBBK,17.89,2025-10-29T19:59:54Z
NBCM,23.83,2025-10-29T19:59:46Z
NBH,10.28,2025-10-29T19:59:35Z
NBHC,35.78,2025-10-29T19:59:53Z
NBIG,15.71,2025-10-29T18:45:32Z
NBIL,23.465,2025-10-29T19:49:01Z
NBIS,125.085,2025-10-29T19:59:50Z
NBIX,138.04,2025-10-29T19:59:51Z
NBN,93.89,2025-10-29T18:35:31Z
NBOS,27.155,2025-10-29T17:54:27Z
NBR,51.965,2025-10-29T19:59:38Z
NBSD,51.12,2025-10-29T19:55:51Z
NBTB,39.815,2025-10-29T19:59:01Z
NBTX,17.8,2025-10-29T19:13:27Z
NBXG,15.24,2025-10-29T19:56:14Z
NBY,1.2,2025-10-29T19:59:12Z
NCA,8.97,2025-10-29T17:31:54Z
NCDL,14.45,2025-10-29T19:59:59Z
NCIQ,29.495,2025-10-29T19:50:04Z
NCL,0.5798,2025-10-29T19:59:52Z
NCLH,22.225,2025-10-29T19:59:59Z
NCMI,4.145,2025-10-29T19:58:52Z
NCNA,4.07,2025-10-29T17:19:39Z
NCNO,25.785,2025-10-29T19:59:53Z
NCPL,2.08,2025-10-29T18:27:29Z
NCT,1,2025-10-29T19:55:22Z
NCTY,9.98,2025-10-29T15:02:36Z
NCV,15.61,2025-10-29T19:55:26Z
NCV-A,21.83,2025-10-29T14:13:07Z
NCZ,14.245,2025-10-29T19:32:09Z
NCZ-A,20.72,2025-10-29T17:17:55Z
NDAQ,85.41,2025-10-29T19:59:59Z
NDIA,30.33,2025-10-29T18:03:34Z
NDIV,27.8,2025-10-29T19:42:44Z
NDLS,0.7102,2025-10-29T19:51:49Z
NDMO,10.6,2025-10-29T19:59:41Z
NDRA,5.15,2025-10-29T17:58:24Z
NDSN,233.27,2025-10-29T19:59:49Z
NE,29.34,2025-10-29T19:59:59Z
NEA,11.44,2025-10-29T19:57:29Z
NEAR,51.285,2025-10-29T19:59:10Z
NEBX,72.345,2025-10-29T19:32:07Z
NECB,19.96,2025-10-29T19:59:09Z
NEE,81.74,2025-10-29T19:59:58Z
NEE-U,25.75,2025-10-29T19:06:50Z
NEGG,68.81,2025-10-29T19:59:40Z
NEM,79.66,2025-10-29T19:59:57Z
NEO,10.29,2025-10-29T19:59:59Z
NEOG,6.24,2025-10-29T19:59:59Z
NEON,3.18,2025-10-29T19:59:48Z
NEOV,4.15,2025-10-29T19:59:53Z
NEPH,5.55,2025-10-29T19:53:42Z
NERD,27.035,2025-10-29T15:27:01Z
NERV,4.225,2025-10-29T19:50:49Z
NESR,14.09,2025-10-29T19:59:51Z
NET,227.28,2025-10-29T19:59:50Z
NETL,23.955,2025-10-29T19:59:58Z
NEU,742.02,2025-10-29T17:30:08Z
NEUP,4.615,2025-10-29T19:43:56Z
NEWP,2.175,2025-10-29T19:59:49Z
NEWT,10.53,2025-10-29T19:59:49Z
NEWTP,24.42,2025-10-29T19:45:48Z
NEXA,5.56,2025-10-29T19:56:38Z
NEXM,4.03,2025-10-29T19:43:23Z
NEXN,8.22,2025-10-29T19:59:53Z
NEXT,5.86,2025-10-29T19:59:55Z
NFBK,10.22,2025-10-29T19:59:28Z
NFE,1.315,2025-10-29T19:59:31Z
NFEB,27.61,2025-10-29T19:50:23Z
NFG,78.99,2025-10-29T19:59:55Z
NFGC,1.93,2025-10-29T19:59:37Z
NFJ,12.79,2025-10-29T19:59:58Z
NFLT,23.18,2025-10-29T15:41:34Z
NFLU,46.6,2025-10-29T16:34:52Z
NFLW,35.68,2025-10-29T19:59:50Z
NFLX,1099.67,2025-10-29T19:59:55Z
NFLY,14.7,2025-10-29T18:50:54Z
NFTY,59.8,2025-10-29T13:48:30Z
NFXL,45.85,2025-10-29T18:48:31Z
NFXS,14.94,2025-10-29T19:59:50Z
NG,8.1,2025-10-29T19:59:56Z
NGD,7.04,2025-10-29T19:59:59Z
NGG,75.56,2025-10-29T19:59:54Z
NGL,6.4,2025-10-29T19:59:54Z
NGL-B,22.4,2025-10-29T13:33:48Z
NGL-C,23.15,2025-10-29T19:55:10Z
NGNE,32.63,2025-10-29T19:55:00Z
NGS,27.66,2025-10-29T19:49:55Z
NGVC,38.575,2025-10-29T19:59:53Z
NGVT,53.57,2025-10-29T19:58:00Z
NHC,122.455,2025-10-29T19:16:18Z
NHI,73.55,2025-10-29T19:59:22Z
NHIC,10.35,2025-10-29T19:57:30Z
NHS,7.515,2025-10-29T19:59:48Z
NHYM,25,2025-10-29T19:56:07Z
NI,42.48,2025-10-29T19:59:59Z
NIC,114.85,2025-10-29T19:54:26Z
NICE,134.23,2025-10-29T19:59:56Z
NIE,25.76,2025-10-29T19:44:10Z
NIKL,14.97,2025-10-29T16:11:34Z
NIM,9.43,2025-10-29T19:57:02Z
NINE,0.7159,2025-10-29T19:44:52Z
NIO,7.14,2025-10-29T19:59:58Z
NIOBW,2.69,2025-10-29T18:37:05Z
NIPG,1.63,2025-10-29T19:01:08Z
NIQ,12.745,2025-10-29T19:59:40Z
NITO,3.445,2025-10-29T19:27:41Z
NIU,4.2,2025-10-29T19:59:50Z
NIVF,1.15,2025-10-29T18:45:33Z
NIXX,1.46,2025-10-29T19:51:43Z
NJR,44.3,2025-10-29T19:59:59Z
NJUL,72.18,2025-10-29T19:20:37Z
NKE,65.34,2025-10-29T19:59:57Z
NKLR,8.88,2025-10-29T19:56:23Z
NKTR,59.615,2025-10-29T19:58:07Z
NKTX,2.075,2025-10-29T19:59:55Z
NKX,12.74,2025-10-29T19:57:05Z
NL,5.84,2025-10-29T19:21:24Z
NLOP,28.685,2025-10-29T19:35:29Z
NLR,157.64,2025-10-29T19:59:02Z
NLSP,0.7612,2025-10-29T19:58:26Z
NLY,20.67,2025-10-29T19:59:59Z
NMAI,13.17,2025-10-29T19:59:50Z
NMAX,9.88,2025-10-29T19:59:48Z
NMAY,27.48,2025-10-29T19:51:33Z
NMCO,10.785,2025-10-29T19:57:49Z
NMFC,9.65,2025-10-29T19:59:56Z
NMG,2.815,2025-10-29T19:59:48Z
NMI,10.02,2025-10-29T16:05:47Z
NMIH,35.53,2025-10-29T19:59:28Z
NML,8.06,2025-10-29T19:39:21Z
NMM,47.55,2025-10-29T17:46:54Z
NMR,7.075,2025-10-29T19:59:50Z
NMRA,2.5,2025-10-29T19:59:54Z
NMRK,18.59,2025-10-29T19:59:59Z
NMT,11.49,2025-10-29T19:31:11Z
NMZ,10.65,2025-10-29T19:59:19Z
NN,13.41,2025-10-29T19:59:57Z
NNAVW,5.16,2025-10-29T19:58:28Z
NNBR,1.89,2025-10-29T19:53:10Z
NNDM,1.625,2025-10-29T19:58:11Z
NNE,47.775,2025-10-29T19:59:36Z
NNI,129.095,2025-10-29T15:07:00Z
NNN,41.095,2025-10-29T19:59:50Z
NNOV,28.75,2025-10-29T16:42:55Z
NNOX,3.74,2025-10-29T19:59:59Z
NNVC,1.85,2025-10-29T19:55:22Z
NNY,8.37,2025-10-29T19:59:28Z
NOA,15.61,2025-10-29T19:43:02Z
NOAH,11.35,2025-10-29T19:58:26Z
NOBL,101.03,2025-10-29T19:59:59Z
NOC,585.125,2025-10-29T19:59:46Z
NOCT,58.06,2025-10-29T19:59:57Z
NODK,13.21,2025-10-29T19:59:33Z
NOEMW,0.2211,2025-10-29T13:44:01Z
NOG,21.98,2025-10-29T19:59:57Z
NOK,7.31,2025-10-29T19:59:54Z
NOM,11.11,2025-10-29T19:31:43Z
NOMD,11.44,2025-10-29T19:59:56Z
NOTE,4.01,2025-10-29T19:57:57Z
NOTV,1.36,2025-10-29T19:59:55Z
NOV,15.33,2025-10-29T19:59:59Z
NOVT,128.45,2025-10-29T19:56:43Z
NOW,912.15,2025-10-29T19:59:48Z
NOWL,21.43,2025-10-29T19:24:59Z
NP,25.48,2025-10-29T19:59:54Z
NPB,15.75,2025-10-29T19:59:36Z
NPCE,10.12,2025-10-29T19:59:57Z
NPCT,10.67,2025-10-29T19:59:50Z
NPFD,19.825,2025-10-29T19:55:09Z
NPK,109.005,2025-10-29T17:22:15Z
NPKI,13.66,2025-10-29T19:59:58Z
NPO,226.83,2025-10-29T19:57:47Z
NPT,8.74,2025-10-29T18:24:59Z
NPV,11.46,2025-10-29T18:13:47Z
NPWR,4.14,2025-10-29T19:59:58Z
NPWR+,1.33,2025-10-29T14:46:10Z
NRC,13.46,2025-10-29T19:59:38Z
NRDS,11.62,2025-10-29T19:59:57Z
NRDY,1.045,2025-10-29T19:59:57Z
NREF,13.19,2025-10-29T19:45:15Z
NRG,178.41,2025-10-29T19:59:56Z
NRGU,18.24,2025-10-29T19:59:46Z
NRGV,3.255,2025-10-29T19:59:54Z
NRIM,22.18,2025-10-29T19:59:36Z
NRIX,11.69,2025-10-29T19:59:54Z
NRK,10.04,2025-10-29T19:58:29Z
NRO,3.135,2025-10-29T19:59:45Z
NRP,102.09,2025-10-29T17:54:44Z
NRSN,1.1,2025-10-29T18:01:47Z
NRT,5.63,2025-10-29T13:51:02Z
NRXP,3.065,2025-10-29T19:59:45Z
NRXS,3.035,2025-10-29T19:43:12Z
NSA,29.95,2025-10-29T19:59:59Z
NSC,279.56,2025-10-29T19:59:50Z
NSEP,29.15,2025-10-29T18:35:29Z
NSI,33.76,2025-10-29T19:13:40Z
NSIT,103.66,2025-10-29T19:59:40Z
NSP,42.465,2025-10-29T19:59:52Z
NSPR,2.26,2025-10-29T19:51:03Z
NSSC,43.645,2025-10-29T19:55:41Z
NTAP,114.11,2025-10-29T19:59:59Z
NTB,44.415,2025-10-29T19:57:48Z
NTCT,26.53,2025-10-29T19:59:58Z
NTES,144.925,2025-10-29T19:59:41Z
NTGR,33.595,2025-10-29T19:59:46Z
NTHI,9.28,2025-10-29T16:10:24Z
NTIP,1.5,2025-10-29T19:59:53Z
NTLA,13.12,2025-10-29T19:59:59Z
NTNX,68.13,2025-10-29T19:59:55Z
NTR,56.44,2025-10-29T19:59:59Z
NTRA,192.73,2025-10-29T19:59:55Z
NTRB,7.43,2025-10-29T13:47:14Z
NTRP,4.565,2025-10-29T19:55:04Z
NTRS,127.21,2025-10-29T19:59:57Z
NTRSO,20.29,2025-10-29T18:00:25Z
NTSI,44.18,2025-10-29T17:09:02Z
NTSK,23.365,2025-10-29T19:59:56Z
NTST,18.79,2025-10-29T19:59:59Z
NTSX,55.76,2025-10-29T17:08:34Z
NTWK,4.44,2025-10-29T19:49:39Z
NTWOW,0.261,2025-10-29T14:03:30Z
NU,16.1,2025-10-29T19:59:59Z
NUAI,5.51,2025-10-29T19:58:47Z
NUAIW,1.67,2025-10-29T16:43:21Z
NUBD,22.57,2025-10-29T19:04:40Z
NUDM,38.37,2025-10-29T18:40:42Z
NUE,154.4,2025-10-29T19:59:45Z
NUEM,37.59,2025-10-29T19:59:57Z
NUGT,129.68,2025-10-29T19:49:11Z
NUHY,21.73,2025-10-29T19:52:05Z
NUKK,6.98,2025-10-29T19:59:23Z
NUKZ,74.35,2025-10-29T19:05:18Z
NULG,102.29,2025-10-29T19:59:45Z
NULV,44.26,2025-10-29T19:53:39Z
NUMG,48.62,2025-10-29T15:19:06Z
NURE,27.36,2025-10-29T19:59:49Z
NUS,10.64,2025-10-29T19:59:45Z
NUSC,44.705,2025-10-29T19:59:45Z
NUTX,127.275,2025-10-29T19:55:14Z
NUV,8.975,2025-10-29T19:54:26Z
NUVB,5.26,2025-10-29T19:59:59Z
NUVL,103,2025-10-29T19:59:34Z
NUW,14.33,2025-10-29T19:33:25Z
NUWE,3.05,2025-10-29T19:30:17Z
NVA,6.63,2025-10-29T19:58:58Z
NVAX,8.4,2025-10-29T19:59:59Z
NVBW,33.53,2025-10-29T17:20:44Z
NVCR,13.48,2025-10-29T19:59:59Z
NVCT,6.71,2025-10-29T19:59:56Z
NVD,6.88,2025-10-29T19:59:54Z
NVDA,207.035,2025-10-29T19:59:59Z
NVDB,37.795,2025-10-29T13:58:44Z
NVDD,35.155,2025-10-29T19:59:54Z
NVDG,24.12,2025-10-29T19:59:50Z
NVDL,113.27,2025-10-29T19:59:59Z
NVDQ,14.56,2025-10-29T18:52:09Z
NVDS,28.07,2025-10-29T19:59:50Z
NVDU,158.03,2025-10-29T19:59:54Z
NVDW,52.165,2025-10-29T19:11:22Z
NVDX,23.03,2025-10-29T19:59:59Z
NVDY,17.22,2025-10-29T19:59:59Z
NVEC,72.23,2025-10-29T19:59:55Z
NVFY,5.69,2025-10-29T19:59:00Z
NVG,12.44,2025-10-29T19:59:49Z
NVGS,16.32,2025-10-29T19:59:50Z
NVII,33.7,2025-10-29T19:59:57Z
NVMI,351.25,2025-10-29T19:58:51Z
NVNI,3.5,2025-10-29T19:18:53Z
NVNO,0.7302,2025-10-29T17:05:21Z
NVO,51.39,2025-10-29T19:59:59Z
NVOH,28.65,2025-10-29T16:06:30Z
NVOX,2.96,2025-10-29T19:57:35Z
NVR,7315.91,2025-10-29T19:58:56Z
NVRI,12.75,2025-10-29T19:59:49Z
NVS,121.76,2025-10-29T19:59:55Z
NVST,19.98,2025-10-29T19:59:56Z
NVT,106.13,2025-10-29T19:59:49Z
NVTS,13.57,2025-10-29T19:59:59Z
NVTX,100.99,2025-10-29T13:44:38Z
NVVE,0.2129,2025-10-29T19:38:37Z
NVX,1.63,2025-10-29T19:59:51Z
NVYY,24.23,2025-10-29T18:58:33Z
NWBI,11.74,2025-10-29T19:59:59Z
NWE,59.73,2025-10-29T19:59:51Z
NWFL,26.3,2025-10-29T19:59:07Z
NWG,15.45,2025-10-29T19:59:58Z
NWL,4.93,2025-10-29T19:59:58Z
NWN,45.855,2025-10-29T19:59:28Z
NWPX,55.54,2025-10-29T19:59:05Z
NWS,30.26,2025-10-29T19:59:54Z
NWSA,26.04,2025-10-29T19:59:58Z
NWTG,1.48,2025-10-29T19:59:09Z
NX,14.47,2025-10-29T19:59:33Z
NXC,13.025,2025-10-29T15:22:39Z
NXDR,1.94,2025-10-29T19:59:44Z
NXDT,3.26,2025-10-29T19:59:53Z
NXE,9.68,2025-10-29T19:59:54Z
NXG,49.76,2025-10-29T19:39:56Z
NXGL,2.47,2025-10-29T19:54:11Z
NXJ,12.74,2025-10-29T19:37:20Z
NXL,1.55,2025-10-29T19:58:07Z
NXP,14.435,2025-10-29T19:59:10Z
NXPI,204.57,2025-10-29T19:59:55Z
NXPL,0.804,2025-10-29T19:34:29Z
NXRT,30.19,2025-10-29T19:58:07Z
NXST,188.37,2025-10-29T19:58:56Z
NXT,102.73,2025-10-29T19:59:59Z
NXTC,10.61,2025-10-29T15:46:29Z
NXTG,110.71,2025-10-29T19:12:56Z
NXTT,21.99,2025-10-29T13:56:02Z
NXXT,1.84,2025-10-29T19:59:54Z
NYF,53.78,2025-10-29T14:03:19Z
NYT,56.09,2025-10-29T19:59:58Z
NZF,12.485,2025-10-29T19:59:40Z
O,58.37,2025-10-29T19:59:58Z
OABI,1.475,2025-10-29T19:59:37Z
OACP,23.425,2025-10-29T19:59:57Z
OAIM,40.83,2025-10-29T17:54:59Z
OAKM,26.55,2025-10-29T18:41:56Z
OALC,35.85,2025-10-29T17:26:51Z
OARK,8.98,2025-10-29T19:34:53Z
OASC,28.81,2025-10-29T14:16:42Z
OBDC,13.05,2025-10-29T19:59:56Z
OBE,5.955,2025-10-29T19:59:20Z
OBIL,50.285,2025-10-29T18:35:33Z
OBIO,3.59,2025-10-29T19:59:17Z
OBK,34.54,2025-10-29T19:59:09Z
OBLG,2.89,2025-10-29T14:46:23Z
OC,124.805,2025-10-29T19:59:43Z
OCC,7.815,2025-10-29T19:46:47Z
OCCI,4.77,2025-10-29T19:26:14Z
OCFC,18.94,2025-10-29T19:59:59Z
OCFT,7.89,2025-10-29T19:21:40Z
OCGN,1.505,2025-10-29T19:59:24Z
OCS,21.34,2025-10-29T15:19:29Z
OCSL,14.02,2025-10-29T19:59:55Z
OCTB,25.38,2025-10-29T19:38:07Z
OCTH,24.09,2025-10-29T15:06:34Z
OCTU,28.8,2025-10-29T13:57:42Z
OCTW,38.71,2025-10-29T18:43:38Z
OCUL,11.48,2025-10-29T19:59:59Z
ODC,54.82,2025-10-29T19:57:37Z
ODD,46.71,2025-10-29T19:59:48Z
ODFL,136.09,2025-10-29T19:59:50Z
ODP,27.79,2025-10-29T19:59:59Z
ODV,3.06,2025-10-29T19:59:54Z
OEC,5.325,2025-10-29T19:59:59Z
OEF,348.06,2025-10-29T19:59:58Z
OEFA,33.42,2025-10-29T18:58:03Z
OEI,25.68,2025-10-29T18:54:24Z
OFAL,0.9951,2025-10-29T19:59:01Z
OFG,38.38,2025-10-29T19:59:19Z
OFIX,15.29,2025-10-29T19:59:55Z
OFLX,27.93,2025-10-29T19:21:26Z
OFS,7.01,2025-10-29T19:59:31Z
OGCP,7.45,2025-10-29T17:41:47Z
OGE,44.37,2025-10-29T19:59:55Z
OGEN,1.28,2025-10-29T19:50:03Z
OGI,1.6,2025-10-29T19:55:40Z
OGN,6.33,2025-10-29T19:59:56Z
OGS,80.455,2025-10-29T19:59:46Z
OHI,39.54,2025-10-29T19:59:57Z
OI,11.57,2025-10-29T19:59:50Z
OIA,5.93,2025-10-29T19:50:22Z
OIH,286.08,2025-10-29T19:59:54Z
OII,23.51,2025-10-29T19:59:51Z
OILD,11.32,2025-10-29T19:22:47Z
OILK,39.04,2025-10-29T19:59:50Z
OILU,22.29,2025-10-29T19:59:50Z
OIS,6.81,2025-10-29T19:59:53Z
OKE,67.19,2025-10-29T19:59:57Z
OKLL,86.79,2025-10-29T19:51:44Z
OKLO,143.325,2025-10-29T19:59:56Z
OKTA,87.62,2025-10-29T19:59:54Z
OKUR,3.19,2025-10-29T18:38:45Z
OKYO,2.7,2025-10-29T19:55:10Z
OLB,1.22,2025-10-29T13:49:52Z
OLED,149.05,2025-10-29T19:56:36Z
OLLI,123.45,2025-10-29T19:59:47Z
OLMA,8.635,2025-10-29T19:59:55Z
OLN,21.385,2025-10-29T19:59:58Z
OLP,19.96,2025-10-29T19:48:51Z
OLPX,1.04,2025-10-29T19:56:39Z
OM,13.45,2025-10-29T19:59:52Z
OMAB,103.305,2025-10-29T16:16:40Z
OMAH,18.78,2025-10-29T19:59:37Z
OMC,75.245,2025-10-29T19:59:59Z
OMCL,29.535,2025-10-29T19:59:46Z
OMDA,25.23,2025-10-29T19:59:54Z
OMER,7.67,2025-10-29T19:59:40Z
OMEX,2.305,2025-10-29T19:59:50Z
OMF,56.01,2025-10-29T19:59:49Z
OMFL,60.62,2025-10-29T19:58:27Z
OMH,1.29,2025-10-29T19:58:14Z
OMI,5.22,2025-10-29T19:59:58Z
OMSE,6.72,2025-10-29T19:53:04Z
ON,51.4,2025-10-29T19:59:59Z
ONB,20.09,2025-10-29T19:59:59Z
ONC,315.235,2025-10-29T19:54:22Z
ONCY,1.165,2025-10-29T19:59:52Z
ONDS,6.735,2025-10-29T19:59:55Z
ONEG,10.44,2025-10-29T19:48:53Z
ONEQ,94.19,2025-10-29T19:59:56Z
ONEV,131.22,2025-10-29T19:07:55Z
ONEW,15.65,2025-10-29T19:58:47Z
ONFO,1.07,2025-10-29T18:42:50Z
ONIT,38.56,2025-10-29T17:31:32Z
ONL,2.53,2025-10-29T19:59:50Z
ONMD,2.4,2025-10-29T19:55:28Z
ONON,39.29,2025-10-29T19:59:54Z
ONTF,5.36,2025-10-29T19:50:53Z
ONTO,137.2,2025-10-29T19:59:36Z
OOMA,11.13,2025-10-29T19:59:58Z
OP,1.605,2025-10-29T19:59:56Z
OPAD,2.46,2025-10-29T19:59:19Z
OPAL,2.35,2025-10-29T19:59:32Z
OPBK,13.525,2025-10-29T19:12:25Z
OPCH,28.68,2025-10-29T19:59:59Z
OPEN,7.65,2025-10-29T19:59:59Z
OPER,100.37,2025-10-29T15:30:07Z
OPEX,30.91,2025-10-29T18:57:09Z
OPFI,10.39,2025-10-29T19:59:55Z
OPHC,4.06,2025-10-29T19:40:06Z
OPK,1.425,2025-10-29T19:59:51Z
OPP,8.17,2025-10-29T19:35:16Z
OPPJ,42.76,2025-10-29T18:19:36Z
OPRA,14.96,2025-10-29T19:59:54Z
OPRT,5.35,2025-10-29T19:59:57Z
OPRX,20.5,2025-10-29T19:59:09Z
OPTT,0.5176,2025-10-29T19:59:21Z
OPTX,2.61,2025-10-29T19:55:56Z
OPXS,17.055,2025-10-29T15:39:09Z
OR,31.895,2025-10-29T19:59:57Z
ORA,107.23,2025-10-29T19:59:53Z
ORBS,5.31,2025-10-29T19:59:50Z
ORC,7.4,2025-10-29T19:59:59Z
ORCL,275.17,2025-10-29T19:59:54Z
ORCX,37.15,2025-10-29T19:59:40Z
ORGN,0.6217,2025-10-29T19:56:18Z
ORGO,4.175,2025-10-29T19:59:54Z
ORI,38.39,2025-10-29T19:59:56Z
ORIC,12.93,2025-10-29T19:59:59Z
ORIS,0.1366,2025-10-29T19:52:24Z
ORKA,27.545,2025-10-29T19:59:54Z
ORLA,10.24,2025-10-29T19:59:58Z
ORLY,94.485,2025-10-29T19:59:57Z
ORMP,2.37,2025-10-29T19:59:34Z
ORN,10.2,2025-10-29T19:59:56Z
ORRF,33.17,2025-10-29T19:52:58Z
OS,18.18,2025-10-29T19:59:58Z
OSBC,18.34,2025-10-29T19:59:52Z
OSCR,18.93,2025-10-29T19:59:59Z
OSCV,37.42,2025-10-29T19:32:18Z
OSCX,19.48,2025-10-29T19:55:14Z
OSIS,249.12,2025-10-29T19:57:56Z
OSK,124.57,2025-10-29T19:59:39Z
OSPN,15.2,2025-10-29T19:59:59Z
OSRH,0.7211,2025-10-29T19:36:01Z
OSS,5.09,2025-10-29T19:58:55Z
OSTX,1.89,2025-10-29T19:59:36Z
OSUR,2.795,2025-10-29T19:59:30Z
OSW,21.96,2025-10-29T19:59:59Z
OTEX,38.11,2025-10-29T19:59:48Z
OTF,14.33,2025-10-29T19:59:40Z
OTGAU,10.21,2025-10-29T18:53:48Z
OTIS,93.42,2025-10-29T19:59:46Z
OTLK,1.29,2025-10-29T19:59:59Z
OTLY,15.27,2025-10-29T19:34:55Z
OTTR,77.22,2025-10-29T19:59:51Z
OUNZ,37.985,2025-10-29T19:59:51Z
OUSA,56.06,2025-10-29T19:59:50Z
OUSM,44.34,2025-10-29T16:33:51Z
OUST,34.555,2025-10-29T19:59:30Z
OUT,17.09,2025-10-29T19:59:59Z
OVBC,35.81,2025-10-29T15:33:01Z
OVID,1.45,2025-10-29T19:59:27Z
OVL,53.865,2025-10-29T19:56:13Z
OVV,36.88,2025-10-29T19:59:56Z
OWL,16.55,2025-10-29T19:59:55Z
OWLS,9.73,2025-10-29T19:57:32Z
OWLT,9.62,2025-10-29T19:59:39Z
OWNS,17.555,2025-10-29T19:55:12Z
OXBRW,0.3499,2025-10-29T19:57:11Z
OXLC,15.25,2025-10-29T19:59:59Z
OXLCG,25,2025-10-29T17:37:28Z
OXM,37.53,2025-10-29T19:59:49Z
OXSQ,1.845,2025-10-29T19:55:48Z
OXY,40.59,2025-10-29T19:59:59Z
OZ,64.65,2025-10-29T19:56:02Z
OZEM,27.83,2025-10-29T16:13:50Z
OZK,45.1,2025-10-29T19:59:59Z
OZKAP,17.33,2025-10-29T17:10:44Z
PAA,16.9,2025-10-29T19:59:59Z
PAAA,51.43,2025-10-29T19:59:50Z
PAAS,35.085,2025-10-29T19:59:56Z
PAC,216.055,2025-10-29T19:50:37Z
PACB,2.01,2025-10-29T19:59:57Z
PACK,5.6,2025-10-29T19:59:49Z
PACS,12.45,2025-10-29T19:59:59Z
PAG,160.865,2025-10-29T19:59:48Z
PAGP,17.68,2025-10-29T19:59:56Z
PAGS,9.5,2025-10-29T19:59:59Z
PAHC,40.95,2025-10-29T19:50:10Z
PAI,12.595,2025-10-29T19:59:37Z
PAL,7.245,2025-10-29T19:59:54Z
PALI,2.12,2025-10-29T19:59:21Z
PALL,128.09,2025-10-29T19:53:33Z
PAM,82.72,2025-10-29T19:58:53Z
PANG,17.79,2025-10-29T14:50:22Z
PANL,4.875,2025-10-29T19:58:53Z
PANW,217.08,2025-10-29T19:59:58Z
PAPI,25.3,2025-10-29T19:59:46Z
PAPR,38.64,2025-10-29T14:57:34Z
PAR,35.035,2025-10-29T19:59:36Z
PARR,40.885,2025-10-29T19:59:08Z
PASW,0.7489,2025-10-29T19:58:54Z
PATH,16.23,2025-10-29T19:59:55Z
PATK,98.9,2025-10-29T19:59:30Z
PAUG,42.86,2025-10-29T19:59:57Z
PAVE,48.515,2025-10-29T19:59:45Z
PAVM,0.435,2025-10-29T18:46:18Z
PAVS,0.6332,2025-10-29T18:36:39Z
PAX,14.54,2025-10-29T19:59:51Z
PAXS,15.99,2025-10-29T19:59:50Z
PAY,29.41,2025-10-29T19:59:47Z
PAYC,186.29,2025-10-29T19:59:44Z
PAYO,5.87,2025-10-29T19:59:59Z
PAYR,49.48,2025-10-29T19:17:45Z
PAYS,5.43,2025-10-29T19:59:58Z
PAYX,117.365,2025-10-29T19:59:55Z
PB,65.14,2025-10-29T19:59:59Z
PBA,37.545,2025-10-29T19:59:54Z
PBD,16.78,2025-10-29T19:56:47Z
PBDC,30.835,2025-10-29T19:59:59Z
PBE,73.56,2025-10-29T15:48:27Z
PBF,34.16,2025-10-29T19:59:59Z
PBFR,28.87,2025-10-29T17:55:25Z
PBFS,13.05,2025-10-29T19:59:43Z
PBH,60.635,2025-10-29T19:59:31Z
PBI,11.22,2025-10-29T19:59:51Z
PBI-B,19.3,2025-10-29T18:36:11Z
PBJ,44.14,2025-10-29T16:59:29Z
PBM,3.25,2025-10-29T15:46:22Z
PBP,22.58,2025-10-29T19:42:31Z
PBQQ,28.64,2025-10-29T14:17:09Z
PBR,11.89,2025-10-29T19:59:59Z
PBR.A,11.22,2025-10-29T19:59:59Z
PBSE,29.14,2025-10-29T19:59:50Z
PBUS,69.045,2025-10-29T19:59:46Z
PBW,33.13,2025-10-29T19:59:53Z
PBYI,5.17,2025-10-29T19:59:58Z
PCAR,98.14,2025-10-29T19:59:50Z
PCB,21.15,2025-10-29T19:59:55Z
PCEF,20.04,2025-10-29T13:38:15Z
PCG,15.77,2025-10-29T19:59:59Z
PCGG,12.45,2025-10-29T19:49:30Z
PCH,40.67,2025-10-29T19:59:59Z
PCLA,0.4143,2025-10-29T19:13:31Z
PCMM,50.43,2025-10-29T17:27:31Z
PCN,13.02,2025-10-29T19:57:13Z
PCOR,71.7,2025-10-29T19:59:49Z
PCQ,8.88,2025-10-29T19:32:36Z
PCRX,20.98,2025-10-29T19:59:33Z
PCSA,0.3926,2025-10-29T19:59:49Z
PCT,12.14,2025-10-29T19:59:53Z
PCTTW,3,2025-10-29T19:49:44Z
PCTY,141.47,2025-10-29T19:58:09Z
PCVX,43.44,2025-10-29T19:59:54Z
PCY,21.895,2025-10-29T19:59:53Z
PCYO,10.93,2025-10-29T19:55:42Z
PD,15.77,2025-10-29T19:59:59Z
PDBA,35.02,2025-10-29T19:02:09Z
PDBC,13.51,2025-10-29T19:59:45Z
PDD,138.1,2025-10-29T19:59:59Z
PDEC,42.6,2025-10-29T19:59:59Z
PDEX,30.82,2025-10-29T19:58:42Z
PDFS,29.1,2025-10-29T19:51:58Z
PDI,18.125,2025-10-29T19:59:20Z
PDLB,14.15,2025-10-29T19:59:16Z
PDM,8.05,2025-10-29T19:59:57Z
PDO,13.92,2025-10-29T19:59:55Z
PDS,58.435,2025-10-29T19:33:04Z
PDSB,1.025,2025-10-29T19:54:08Z
PDT,13.01,2025-10-29T19:52:11Z
PDX,22.23,2025-10-29T19:28:39Z
PDYN,8.02,2025-10-29T19:59:57Z
PEB,10.8,2025-10-29T19:59:57Z
PEBO,28.7,2025-10-29T19:59:50Z
PECO,34.06,2025-10-29T19:59:50Z
PED,0.657,2025-10-29T19:56:21Z
PEG,80.27,2025-10-29T19:59:54Z
PEGA,63.26,2025-10-29T19:59:55Z
PEN,233.715,2025-10-29T19:53:55Z
PENG,22.39,2025-10-29T19:59:47Z
PENN,16.6,2025-10-29T19:59:57Z
PEO,21.645,2025-10-29T18:06:50Z
PEP,146.19,2025-10-29T19:59:58Z
PEPG,4.515,2025-10-29T19:59:40Z
PERF,1.91,2025-10-29T19:58:45Z
PERI,9.34,2025-10-29T19:58:52Z
PESI,14.38,2025-10-29T19:55:37Z
PETS,2.6,2025-10-29T19:59:56Z
PEW,4.84,2025-10-29T19:59:59Z
PEW+,1.36,2025-10-29T18:15:06Z
PEX,26.41,2025-10-29T16:26:12Z
PEY,20.8,2025-10-29T19:59:59Z
PFAI,2.83,2025-10-29T15:20:41Z
PFBC,90,2025-10-29T19:28:29Z
PFD,11.9,2025-10-29T19:59:59Z
PFE,24.31,2025-10-29T19:59:59Z
PFEB,40.08,2025-10-29T19:59:44Z
PFF,31.53,2025-10-29T19:59:46Z
PFFA,21.46,2025-10-29T19:59:59Z
PFFD,19.4,2025-10-29T19:59:49Z
PFFR,18.6,2025-10-29T19:45:37Z
PFFV,22.995,2025-10-29T19:59:45Z
PFG,82.39,2025-10-29T19:59:43Z
PFGC,98.385,2025-10-29T19:59:57Z
PFH,18.555,2025-10-29T14:36:14Z
PFIX,44.295,2025-10-29T18:57:02Z
PFL,8.41,2025-10-29T19:50:11Z
PFLD,19.8,2025-10-29T14:15:00Z
PFLT,9.2,2025-10-29T19:59:56Z
PFM,51.015,2025-10-29T19:59:46Z
PFN,7.47,2025-10-29T19:52:20Z
PFO,9.67,2025-10-29T19:12:40Z
PFS,18.56,2025-10-29T19:59:59Z
PFSA,0.2807,2025-10-29T19:59:44Z
PFSI,125.95,2025-10-29T19:59:49Z
PFUT,26.43,2025-10-29T15:31:45Z
PFXF,17.88,2025-10-29T19:59:46Z
PG,148.67,2025-10-29T19:59:50Z
PGC,25.735,2025-10-29T19:50:51Z
PGEN,4.01,2025-10-29T19:59:59Z
PGF,14.555,2025-10-29T19:58:53Z
PGHY,19.96,2025-10-29T18:38:05Z
PGNY,19.1,2025-10-29T19:59:59Z
PGP,8.6,2025-10-29T18:38:19Z
PGR,207.96,2025-10-29T19:59:52Z
PGRE,6.53,2025-10-29T19:59:57Z
PGRI,25.14,2025-10-29T18:54:03Z
PGRO,46.4,2025-10-29T19:10:37Z
PGX,11.56,2025-10-29T19:59:45Z
PGY,27.885,2025-10-29T19:59:52Z
PGZ,10.325,2025-10-29T19:51:11Z
PH,774.32,2025-10-29T19:59:50Z
PHAR,13.6,2025-10-29T16:57:54Z
PHAT,13.56,2025-10-29T19:59:51Z
PHB,18.565,2025-10-29T19:59:45Z
PHEQ,32.59,2025-10-29T17:26:36Z
PHG,27.585,2025-10-29T19:59:55Z
PHGE,0.537,2025-10-29T19:42:04Z
PHI,18.72,2025-10-29T19:49:35Z
PHIN,52.1,2025-10-29T19:59:48Z
PHIO,2.05,2025-10-29T19:52:00Z
PHK,4.855,2025-10-29T19:53:08Z
PHM,118.2,2025-10-29T19:59:54Z
PHO,72.37,2025-10-29T18:40:43Z
PHR,23.23,2025-10-29T19:59:51Z
PHUN,2.545,2025-10-29T19:59:42Z
PHVS,22.04,2025-10-29T19:51:29Z
PHYL,35.645,2025-10-29T19:57:08Z
PHYS,29.785,2025-10-29T19:59:53Z
PI,242.27,2025-10-29T19:59:46Z
PICB,23.73,2025-10-29T18:47:42Z
PICK,46.97,2025-10-29T19:55:05Z
PID,21.365,2025-10-29T19:59:04Z
PIEQ,32.02,2025-10-29T19:28:56Z
PII,67.545,2025-10-29T19:59:55Z
PILL,8.29,2025-10-29T19:56:53Z
PIM,3.355,2025-10-29T19:59:12Z
PIN,26.32,2025-10-29T19:23:39Z
PINC,28.12,2025-10-29T19:59:59Z
PINE,14.52,2025-10-29T19:59:42Z
PINK,33.4,2025-10-29T18:47:20Z
PINS,32.82,2025-10-29T19:59:59Z
PIO,45.21,2025-10-29T18:49:37Z
PIPR,326.245,2025-10-29T19:59:48Z
PIZ,48.77,2025-10-29T18:17:49Z
PJAN,46.16,2025-10-29T19:59:50Z
PJT,168.67,2025-10-29T19:59:39Z
PJUL,45.96,2025-10-29T19:59:58Z
PJUN,41.39,2025-10-29T19:54:59Z
PK,10.99,2025-10-29T19:59:56Z
PKBK,21.84,2025-10-29T18:05:37Z
PKE,19.065,2025-10-29T19:59:06Z
PKG,196.505,2025-10-29T19:59:47Z
PKST,13.85,2025-10-29T19:59:53Z
PKW,132.07,2025-10-29T18:18:26Z
PKX,57.49,2025-10-29T19:22:24Z
PL,12.9,2025-10-29T19:59:59Z
PL+,3.87,2025-10-29T17:48:13Z
PLAB,24.11,2025-10-29T19:59:59Z
PLAG,2.04,2025-10-29T19:58:20Z
PLAY,16.06,2025-10-29T19:59:59Z
PLBC,41.15,2025-10-29T18:35:55Z
PLBY,1.315,2025-10-29T19:59:53Z
PLCE,7.86,2025-10-29T19:59:37Z
PLD,123.42,2025-10-29T19:59:51Z
PLG,2.275,2025-10-29T19:59:09Z
PLMR,112.49,2025-10-29T19:59:45Z
PLNT,91.48,2025-10-29T19:59:50Z
PLOW,31.46,2025-10-29T19:58:59Z
PLPC,235.76,2025-10-29T18:35:33Z
PLRX,1.73,2025-10-29T19:59:38Z
PLRZ,1.04,2025-10-29T18:41:05Z
PLSE,17.06,2025-10-29T19:59:09Z
PLTA,37.81,2025-10-29T13:56:43Z
PLTD,6.15,2025-10-29T19:59:46Z
PLTG,39.975,2025-10-29T18:41:10Z
PLTK,3.725,2025-10-29T19:59:45Z
PLTM,15.345,2025-10-29T19:59:56Z
PLTR,198.79,2025-10-29T19:59:59Z
PLTU,117.86,2025-10-29T19:59:57Z
PLTW,48.375,2025-10-29T18:46:19Z
PLTY,65.82,2025-10-29T19:53:35Z
PLTZ,5.75,2025-10-29T19:59:59Z
PLUG,2.75,2025-10-29T19:59:58Z
PLUS,72.63,2025-10-29T19:04:29Z
PLUT,3.59,2025-10-29T18:52:48Z
PLX,2.37,2025-10-29T19:59:46Z
PLXS,139.12,2025-10-29T19:58:58Z
PLYM,21.87,2025-10-29T19:59:59Z
PLYY,24.82,2025-10-29T17:26:44Z
PM,146.77,2025-10-29T19:59:57Z
PMAR,44.32,2025-10-29T16:05:11Z
PMAX,2.75,2025-10-29T19:09:37Z
PMAY,39.06,2025-10-29T19:37:18Z
PMBS,49.86,2025-10-29T19:51:09Z
PMEC,1.78,2025-10-29T14:45:43Z
PMI,3.25,2025-10-29T19:59:31Z
PMIO,51.38,2025-10-29T18:37:45Z
PML,7.88,2025-10-29T19:59:59Z
PMM,6.09,2025-10-29T19:57:52Z
PMMF,100.545,2025-10-29T19:31:53Z
PMN,0.415,2025-10-29T15:33:00Z
PMNT,0.4551,2025-10-29T17:42:41Z
PMT,12.32,2025-10-29T19:59:53Z
PMTRW,1.02,2025-10-29T15:22:27Z
PMTS,16.235,2025-10-29T19:55:35Z
PMTW,25.6,2025-10-29T19:57:06Z
PMVP,1.415,2025-10-29T19:59:55Z
PN,0.7331,2025-10-29T16:01:24Z
PNBK,1.18,2025-10-29T19:59:34Z
PNC,181.045,2025-10-29T19:59:54Z
PNFP,84.35,2025-10-29T19:59:48Z
PNFPP,25.1,2025-10-29T17:52:29Z
PNI,6.96,2025-10-29T19:59:56Z
PNNT,6.515,2025-10-29T19:57:51Z
PNOV,41.44,2025-10-29T19:20:21Z
PNQI,56.51,2025-10-29T18:45:09Z
PNR,107.58,2025-10-29T19:59:54Z
PNTG,25.005,2025-10-29T19:59:44Z
PNW,89.08,2025-10-29T19:59:45Z
POAI,9.01,2025-10-29T19:06:22Z
POCT,43.61,2025-10-29T19:56:05Z
PODC,1.98,2025-10-29T18:38:13Z
PODD,316.16,2025-10-29T19:59:49Z
POET,6.62,2025-10-29T19:59:59Z
POLA,3.84,2025-10-29T19:59:17Z
POM,4.89,2025-10-29T19:55:40Z
PONY,21.19,2025-10-29T19:59:52Z
POOL,283.36,2025-10-29T19:59:44Z
POR,45.76,2025-10-29T19:59:58Z
POST,104.23,2025-10-29T19:59:55Z
POWI,41.47,2025-10-29T19:59:56Z
POWL,408.97,2025-10-29T19:58:01Z
POWW,1.605,2025-10-29T19:59:59Z
PPA,158.395,2025-10-29T19:59:45Z
PPBT,1.065,2025-10-29T19:59:55Z
PPC,38.12,2025-10-29T19:59:59Z
PPCB,1.28,2025-10-29T19:26:42Z
PPG,99.08,2025-10-29T19:59:54Z
PPH,90.92,2025-10-29T19:59:50Z
PPIH,27.885,2025-10-29T19:38:07Z
PPL,36.48,2025-10-29T19:59:59Z
PPLT,145.06,2025-10-29T19:57:40Z
PPSI,4.6,2025-10-29T16:22:42Z
PPT,3.62,2025-10-29T19:59:03Z
PPTA,23.55,2025-10-29T19:59:59Z
PPTY,29.48,2025-10-29T18:43:25Z
PQOC,28.72,2025-10-29T17:51:35Z
PR,12.53,2025-10-29T19:59:59Z
PRA,23.96,2025-10-29T19:59:59Z
PRAA,13.93,2025-10-29T19:59:59Z
PRAX,196.565,2025-10-29T19:59:23Z
PRCH,15.3,2025-10-29T19:59:59Z
PRCS,26.58,2025-10-29T19:35:37Z
PRCT,35.925,2025-10-29T19:59:51Z
PRDO,34.61,2025-10-29T19:58:19Z
PRE,13.92,2025-10-29T19:58:26Z
PREF,19.185,2025-10-29T19:57:24Z
PRF,45.895,2025-10-29T19:51:56Z
PRFD,52.17,2025-10-29T19:56:07Z
PRFX,1.28,2025-10-29T16:40:06Z
PRFZ,45.5,2025-10-29T19:52:08Z
PRG,29.99,2025-10-29T19:59:38Z
PRGO,21.295,2025-10-29T19:59:57Z
PRGS,42.51,2025-10-29T19:59:51Z
PRH,25.26,2025-10-29T17:29:17Z
PRHI,1.43,2025-10-29T19:40:35Z
PRI,260.06,2025-10-29T19:44:38Z
PRIF-L,23.93,2025-10-29T17:01:49Z
PRIM,144.43,2025-10-29T19:56:43Z
PRK,151.285,2025-10-29T19:55:56Z
PRKS,47.925,2025-10-29T19:59:48Z
PRLB,52.545,2025-10-29T19:58:03Z
PRLD,1.525,2025-10-29T19:45:44Z
PRM,21.34,2025-10-29T19:59:59Z
PRMB,21.505,2025-10-29T19:59:59Z
PRME,4.55,2025-10-29T19:59:59Z
PRN,186.86,2025-10-29T17:34:37Z
PRO,23,2025-10-29T19:59:57Z
PROF,5.99,2025-10-29T19:30:20Z
PROK,3.115,2025-10-29T19:59:59Z
PROP,1.97,2025-10-29T19:59:59Z
PRPH,0.365,2025-10-29T19:53:21Z
PRPL,0.8568,2025-10-29T16:10:42Z
PRPO,21.375,2025-10-29T16:57:21Z
PRQR,2.65,2025-10-29T19:59:56Z
PRS,24.98,2025-10-29T19:12:46Z
PRSO,1.47,2025-10-29T19:58:56Z
PRSU,34.88,2025-10-29T19:06:01Z
PRTA,10.66,2025-10-29T19:59:52Z
PRTH,7.11,2025-10-29T19:59:41Z
PRTS,0.6714,2025-10-29T19:59:53Z
PRU,101.19,2025-10-29T19:59:41Z
PRVA,25.57,2025-10-29T19:59:51Z
PRXV,29.57,2025-10-29T14:41:34Z
PRZO,1.44,2025-10-29T19:56:12Z
PSA,289.03,2025-10-29T19:59:47Z
PSA-F,22.66,2025-10-29T19:21:20Z
PSA-J,19.93,2025-10-29T15:50:39Z
PSA-N,16.49,2025-10-29T19:23:32Z
PSA-P,17.16,2025-10-29T19:59:39Z
PSA-S,17.62,2025-10-29T15:13:56Z
PSBD,12.28,2025-10-29T19:59:43Z
PSC,56.92,2025-10-29T19:58:50Z
PSCC,31.79,2025-10-29T16:56:02Z
PSCE,43.11,2025-10-29T18:35:29Z
PSCH,42.94,2025-10-29T17:02:03Z
PSCQ,29.41,2025-10-29T13:49:05Z
PSEC,2.675,2025-10-29T19:59:43Z
PSEP,43.31,2025-10-29T19:59:46Z
PSF,20.925,2025-10-29T16:20:06Z
PSFE,11.325,2025-10-29T19:59:47Z
PSFF,31.9,2025-10-29T17:17:15Z
PSFJ,32.85,2025-10-29T17:46:23Z
PSH,50.61,2025-10-29T19:09:18Z
PSHG,1.995,2025-10-29T19:59:39Z
PSI,78.45,2025-10-29T19:43:23Z
PSIG,3.84,2025-10-29T19:21:00Z
PSIL,20.02,2025-10-29T19:14:59Z
PSIX,87.89,2025-10-29T19:57:55Z
PSK,32.965,2025-10-29T19:59:45Z
PSKY,15.885,2025-10-29T19:59:59Z
PSLV,15.695,2025-10-29T19:59:58Z
PSMT,121.14,2025-10-29T19:59:44Z
PSN,82.75,2025-10-29T19:59:36Z
PSNL,9.54,2025-10-29T19:59:44Z
PSNY,0.87,2025-10-29T19:59:54Z
PSO,14.235,2025-10-29T19:59:49Z
PSQ,29.42,2025-10-29T19:59:53Z
PSQA,20.42,2025-10-29T18:41:20Z
PSQH,2.075,2025-10-29T19:58:30Z
PSQO,20.69,2025-10-29T17:57:46Z
PST,21.875,2025-10-29T18:35:36Z
PSTG,97.55,2025-10-29T19:59:45Z
PSTL,14.71,2025-10-29T19:59:50Z
PSTV,0.5406,2025-10-29T19:45:34Z
PSX,138.01,2025-10-29T19:59:51Z
PT,0.951,2025-10-29T19:34:49Z
PTA,19.95,2025-10-29T19:45:31Z
PTBD,19.545,2025-10-29T19:56:54Z
PTC,197.83,2025-10-29T19:59:52Z
PTCT,67.33,2025-10-29T19:59:48Z
PTEN,6.49,2025-10-29T19:59:59Z
PTGX,76.74,2025-10-29T19:59:47Z
PTHL,0.6566,2025-10-29T18:14:32Z
PTIR,37.52,2025-10-29T19:59:53Z
PTIX,2.6,2025-10-29T19:59:03Z
PTL,254.87,2025-10-29T18:33:55Z
PTLC,56.46,2025-10-29T19:55:13Z
PTLE,0.1504,2025-10-29T19:56:37Z
PTLO,5.37,2025-10-29T19:59:55Z
PTMC,35.74,2025-10-29T19:55:46Z
PTNQ,82.06,2025-10-29T19:59:46Z
PTON,7.48,2025-10-29T19:59:59Z
PTRB,42.55,2025-10-29T18:35:30Z
PTRN,16.9,2025-10-29T19:59:42Z
PTY,13.755,2025-10-29T19:59:58Z
PUBM,8.445,2025-10-29T19:59:48Z
PUK,27.795,2025-10-29T19:59:53Z
PULS,49.81,2025-10-29T19:59:59Z
PULT,50.715,2025-10-29T19:56:10Z
PUMP,11.125,2025-10-29T19:59:59Z
PUSH,50.43,2025-10-29T18:14:22Z
PVAL,43.16,2025-10-29T19:59:45Z
PVBC,12.62,2025-10-29T19:44:29Z
PVH,80.475,2025-10-29T19:59:51Z
PVLA,74.885,2025-10-29T19:59:02Z
PW,0.68,2025-10-29T19:58:16Z
PWB,131.055,2025-10-29T18:35:29Z
PWP,18.73,2025-10-29T19:59:56Z
PWR,447.52,2025-10-29T19:59:47Z
PWRD,103.1,2025-10-29T19:15:32Z
PWV,64.91,2025-10-29T19:54:58Z
PWZ,24.205,2025-10-29T19:59:46Z
PX,10.61,2025-10-29T19:59:47Z
PXED,37.05,2025-10-29T19:58:00Z
PXF,62.715,2025-10-29T19:55:12Z
PXH,26.32,2025-10-29T18:59:10Z
PXJ,29.55,2025-10-29T13:38:43Z
PXLW,6.5,2025-10-29T19:59:59Z
PYLD,26.945,2025-10-29T19:59:55Z
PYPD,3.82,2025-10-29T19:59:45Z
PYPG,16.37,2025-10-29T19:59:59Z
PYPL,69.685,2025-10-29T19:59:59Z
PYPY,10.285,2025-10-29T19:59:06Z
PYXS,3.31,2025-10-29T19:59:29Z
PZA,23.315,2025-10-29T19:59:57Z
PZG,1.08,2025-10-29T19:59:45Z
PZT,22.56,2025-10-29T19:55:13Z
PZZA,52.38,2025-10-29T19:59:29Z
Q#,94.5,2025-10-29T19:59:46Z
QABA,53.85,2025-10-29T18:39:57Z
QBER,24.67,2025-10-29T19:02:29Z
QBF,26.39,2025-10-29T19:43:07Z
QBIG,40.68,2025-10-29T14:39:55Z
QBSF,25.89,2025-10-29T19:59:57Z
QBTS,34.23,2025-10-29T19:59:54Z
QBTS+,38.26,2025-10-29T19:55:20Z
QBTX,81.56,2025-10-29T19:21:23Z
QBTZ,12.51,2025-10-29T19:59:10Z
QBUF,29.24,2025-10-29T19:45:56Z
QCJL,23.57,2025-10-29T19:09:18Z
QCLN,46.68,2025-10-29T19:57:16Z
QCLS,3.75,2025-10-29T19:59:44Z
QCML,23.62,2025-10-29T19:54:00Z
QCMU,30.65,2025-10-29T18:47:39Z
QCOC,22.45,2025-10-29T19:11:44Z
QCOM,178.46,2025-10-29T19:59:50Z
QCRH,73.08,2025-10-29T19:58:20Z
QD,4.555,2025-10-29T19:58:40Z
QDEC,31.79,2025-10-29T19:59:50Z
QDEL,27.95,2025-10-29T19:59:59Z
QDF,80.8,2025-10-29T18:40:39Z
QDPL,43.05,2025-10-29T19:55:41Z
QDTE,36.54,2025-10-29T19:59:49Z
QDVO,30.33,2025-10-29T19:58:59Z
QETH,38.92,2025-10-29T19:59:59Z
QFIN,21.06,2025-10-29T19:59:55Z
QFLR,34.26,2025-10-29T18:35:29Z
QGEN,47.19,2025-10-29T19:59:59Z
QGRD,28.04,2025-10-29T15:10:54Z
QGRO,116.16,2025-10-29T18:10:13Z
QGRW,60.605,2025-10-29T19:59:29Z
QH,1.25,2025-10-29T19:45:15Z
QHY,46.6,2025-10-29T14:59:53Z
QID,19.245,2025-10-29T19:59:51Z
QIDX,10.89,2025-10-29T14:49:54Z
QINT,61.96,2025-10-29T18:45:32Z
QIPT,2.4,2025-10-29T19:59:49Z
QIS,19.37,2025-10-29T13:31:43Z
QJUN,31.53,2025-10-29T18:38:26Z
QLD,152.495,2025-10-29T19:59:37Z
QLGN,2.86,2025-10-29T19:59:41Z
QLTA,48.77,2025-10-29T19:59:08Z
QLTI,26.03,2025-10-29T19:57:38Z
QLTY,37.76,2025-10-29T19:59:54Z
QLYS,122.43,2025-10-29T19:59:52Z
QMAR,32.55,2025-10-29T14:56:58Z
QMCO,9.61,2025-10-29T19:59:57Z
QMMY,24.79,2025-10-29T17:17:12Z
QMOM,67.39,2025-10-29T19:15:09Z
QNCX,1.67,2025-10-29T19:59:03Z
QNRX,12.41,2025-10-29T19:56:59Z
QNST,13.85,2025-10-29T19:59:41Z
QNTM,13.56,2025-10-29T16:39:50Z
QNXT,28.31,2025-10-29T18:54:24Z
QPUX,42.5,2025-10-29T17:07:06Z
QPX,44.36,2025-10-29T19:48:22Z
QQA,54.37,2025-10-29T19:59:59Z
QQH,82.38,2025-10-29T14:25:16Z
QQMG,43.85,2025-10-29T19:59:45Z
QQQ,635.87,2025-10-29T19:59:59Z
QQQA,50.94,2025-10-29T19:59:46Z
QQQD,12.68,2025-10-29T19:59:45Z
QQQE,103.9,2025-10-29T19:55:14Z
QQQH,55.67,2025-10-29T15:44:15Z
QQQI,55.77,2025-10-29T19:59:59Z
QQQJ,36.48,2025-10-29T19:58:45Z
QQQM,261.61,2025-10-29T19:59:20Z
QQQS,35.67,2025-10-29T17:37:36Z
QQQT,19.14,2025-10-29T16:46:03Z
QQQU,65.77,2025-10-29T19:29:15Z
QQQX,28.44,2025-10-29T19:59:50Z
QQQY,25.44,2025-10-29T19:10:21Z
QQUP,64.5,2025-10-29T16:34:28Z
QQXL,47.3,2025-10-29T17:18:19Z
QRHC,1.58,2025-10-29T19:54:16Z
QRVO,95.535,2025-10-29T19:59:49Z
QS,15.83,2025-10-29T19:59:59Z
QSG,7.03,2025-10-29T19:59:50Z
QSI,2.13,2025-10-29T19:59:59Z
QSIG,49.18,2025-10-29T18:23:10Z
QSIX,38.85,2025-10-29T18:53:53Z
QSPT,31.78,2025-10-29T19:54:48Z
QSR,66.04,2025-10-29T19:59:54Z
QSU,18.33,2025-10-29T19:00:48Z
QTEC,242.555,2025-10-29T19:59:57Z
QTJA,29.37,2025-10-29T19:50:23Z
QTOC,34.33,2025-10-29T18:08:10Z
QTOP,33.145,2025-10-29T19:59:51Z
QTR,37.4,2025-10-29T15:47:38Z
QTRX,5.17,2025-10-29T19:59:54Z
QTTB,2.67,2025-10-29T19:59:44Z
QTUM,114.36,2025-10-29T19:56:39Z
QTWO,61.07,2025-10-29T19:59:49Z
QUAD,5.325,2025-10-29T19:59:55Z
QUAL,198.24,2025-10-29T19:59:56Z
QUBT,15.53,2025-10-29T19:59:59Z
QUBX,12.76,2025-10-29T19:59:50Z
QUIK,7.42,2025-10-29T19:59:28Z
QUMS,9.98,2025-10-29T19:58:20Z
QURE,70.615,2025-10-29T19:59:56Z
QUSA,18.88,2025-10-29T15:55:56Z
QVCGA,11.4,2025-10-29T18:25:57Z
QVCGP,5.55,2025-10-29T19:51:19Z
QVMM,30.32,2025-10-29T19:22:12Z
QWLD,142.18,2025-10-29T18:15:12Z
QXO,18.51,2025-10-29T19:59:54Z
QYLD,17.43,2025-10-29T19:59:49Z
QYLG,30.5,2025-10-29T19:59:02Z
R,170.8,2025-10-29T19:59:57Z
RA,13.195,2025-10-29T19:59:50Z
RAA,27.96,2025-10-29T15:01:42Z
RAAA,25.065,2025-10-29T16:57:58Z
RAAQW,0.6153,2025-10-29T15:45:17Z
RAAX,34.55,2025-10-29T18:38:30Z
RACE,391.09,2025-10-29T19:59:07Z
RAIL,9.18,2025-10-29T19:57:51Z
RAL,43.6,2025-10-29T19:59:58Z
RAMP,27.14,2025-10-29T19:59:49Z
RANI,1.67,2025-10-29T19:56:53Z
RAPP,27.44,2025-10-29T19:59:10Z
RAPT,29.83,2025-10-29T19:59:59Z
RARE,34.55,2025-10-29T19:59:39Z
RAUS,26.45,2025-10-29T19:19:28Z
RAVE,2.61,2025-10-29T14:26:45Z
RAY,0.2385,2025-10-29T19:59:23Z
RAYD,38.105,2025-10-29T19:39:08Z
RBA,99.86,2025-10-29T19:59:59Z
RBB,19.07,2025-10-29T19:56:53Z
RBBN,3.45,2025-10-29T19:59:59Z
RBC,409,2025-10-29T19:59:25Z
RBCAA,68.03,2025-10-29T16:04:27Z
RBIL,49.98,2025-10-29T15:20:14Z
RBLU,89.53,2025-10-29T19:56:51Z
RBLX,133.85,2025-10-29T19:59:56Z
RBNE,1.2,2025-10-29T19:59:59Z
RBOT,5.57,2025-10-29T18:24:00Z
RBRK,71.925,2025-10-29T19:59:54Z
RC,3.045,2025-10-29T19:59:51Z
RC-E,15,2025-10-29T19:48:40Z
RCAT,11.4,2025-10-29T19:59:59Z
RCEL,3.7,2025-10-29T19:59:53Z
RCI,39.77,2025-10-29T19:59:56Z
RCKT,3.765,2025-10-29T19:59:59Z
RCKY,29.195,2025-10-29T19:53:09Z
RCL,280.03,2025-10-29T19:59:53Z
RCMT,22.545,2025-10-29T19:38:58Z
RCS,7.12,2025-10-29T19:57:02Z
RCT,1.8,2025-10-29T19:59:23Z
RCUS,20.3,2025-10-29T19:59:59Z
RDCM,13.98,2025-10-29T17:00:58Z
RDDT,210.77,2025-10-29T19:59:57Z
RDGT,1.615,2025-10-29T16:35:01Z
RDHL,1.44,2025-10-29T19:59:53Z
RDI,1.4,2025-10-29T18:41:26Z
RDIV,52.35,2025-10-29T14:20:03Z
RDN,33.11,2025-10-29T19:59:59Z
RDNT,78.78,2025-10-29T19:59:54Z
RDNW,3.53,2025-10-29T19:57:25Z
RDTE,33.11,2025-10-29T19:59:49Z
RDTL,46.695,2025-10-29T19:57:28Z
RDTY,43.85,2025-10-29T18:36:20Z
RDVI,25.82,2025-10-29T19:58:26Z
RDVT,51.24,2025-10-29T19:42:45Z
RDVY,67.865,2025-10-29T19:59:46Z
RDW,7.86,2025-10-29T19:59:59Z
RDWR,26.08,2025-10-29T19:59:01Z
RDY,13.405,2025-10-29T19:59:48Z
RDYY,42.735,2025-10-29T18:31:33Z
RDZN,1.67,2025-10-29T19:59:46Z
REAL,12.29,2025-10-29T19:59:59Z
REAX,3.575,2025-10-29T19:59:51Z
REBN,2.04,2025-10-29T16:32:31Z
RECS,41.28,2025-10-29T19:59:49Z
RECT,2.395,2025-10-29T15:47:31Z
REE,1.09,2025-10-29T13:31:59Z
REET,25.09,2025-10-29T19:59:49Z
REFI,12.89,2025-10-29T19:40:34Z
REFR,2.04,2025-10-29T18:51:51Z
REG,69.31,2025-10-29T19:59:50Z
REGL,81.79,2025-10-29T19:36:17Z
REGN,652.35,2025-10-29T19:59:14Z
REI,0.973,2025-10-29T19:59:09Z
REIT,26.36,2025-10-29T18:24:44Z
REKR,2.56,2025-10-29T19:59:51Z
REKT,14.13,2025-10-29T19:57:12Z
RELI,1,2025-10-29T19:59:30Z
RELL,10.845,2025-10-29T19:04:03Z
RELX,44.7,2025-10-29T19:59:55Z
RELY,16.28,2025-10-29T19:59:59Z
REM,21.97,2025-10-29T19:59:25Z
REMG,30.05,2025-10-29T16:18:13Z
REMX,69.355,2025-10-29T19:59:50Z
RENT,4.49,2025-10-29T16:19:43Z
REPL,10.19,2025-10-29T19:59:48Z
REPX,25.97,2025-10-29T19:59:57Z
RERE,3.83,2025-10-29T19:59:53Z
RES,5.01,2025-10-29T19:59:54Z
RETL,8.945,2025-10-29T19:59:39Z
REVB,1.3,2025-10-29T19:50:14Z
REVG,60.01,2025-10-29T19:59:49Z
REW,5.08,2025-10-29T19:44:14Z
REX,31.74,2025-10-29T19:59:47Z
REXR,41.455,2025-10-29T19:59:54Z
REXR-B,22.95,2025-10-29T19:01:35Z
REYN,24.95,2025-10-29T19:59:56Z
REZ,81.18,2025-10-29T19:51:52Z
REZI,43.69,2025-10-29T19:59:57Z
RF,24.07,2025-10-29T19:59:56Z
RF-C,25.03,2025-10-29T16:35:01Z
RF-E,18.32,2025-10-29T19:14:37Z
RF-F,25.54,2025-10-29T19:35:43Z
RFI,11.41,2025-10-29T19:50:37Z
RFIL,7.97,2025-10-29T18:35:11Z
RFIX,42.31,2025-10-29T19:47:10Z
RFL,1.35,2025-10-29T19:41:33Z
RFM,14.3,2025-10-29T19:58:21Z
RFMZ,12.98,2025-10-29T18:10:14Z
RGA,189.69,2025-10-29T19:59:50Z
RGC,16.72,2025-10-29T18:03:06Z
RGEN,148.465,2025-10-29T19:59:50Z
RGLD,176.76,2025-10-29T19:59:30Z
RGLO,29.46,2025-10-29T15:41:21Z
RGNX,12.83,2025-10-29T19:59:45Z
RGP,4.365,2025-10-29T19:59:55Z
RGR,44.05,2025-10-29T19:59:47Z
RGTI,39.41,2025-10-29T19:59:59Z
RGTIW,27.84,2025-10-29T19:57:11Z
RGTU,68.89,2025-10-29T19:22:15Z
RGTX,201.98,2025-10-29T19:42:22Z
RGTZ,14.4,2025-10-29T19:58:59Z
RH,183.64,2025-10-29T19:58:44Z
RHI,27.41,2025-10-29T19:59:54Z
RHP,86.66,2025-10-29T19:59:56Z
RICK,24.76,2025-10-29T19:59:18Z
RIET,9.19,2025-10-29T19:43:36Z
RIG,3.84,2025-10-29T19:59:59Z
RIGL,29.39,2025-10-29T19:59:19Z
RIGS,23.33,2025-10-29T15:54:46Z
RILA,11.99,2025-10-29T18:45:16Z
RILY,5.17,2025-10-29T19:59:33Z
RILYN,19.78,2025-10-29T19:54:44Z
RILYP,5.07,2025-10-29T19:24:10Z
RILYZ,10.36,2025-10-29T19:40:48Z
RIME,2.04,2025-10-29T19:46:20Z
RING,60.51,2025-10-29T19:57:09Z
RINT,28.61,2025-10-29T16:20:00Z
RIO,72.56,2025-10-29T19:59:51Z
RIOT,22.17,2025-10-29T19:59:59Z
RIOX,40.175,2025-10-29T19:32:34Z
RISN,29.83,2025-10-29T17:35:44Z
RISR,35.48,2025-10-29T17:28:13Z
RITM,10.98,2025-10-29T19:59:59Z
RITM-C,25.02,2025-10-29T18:34:13Z
RITM-E,25.17,2025-10-29T19:36:01Z
RITR,1.8,2025-10-29T19:59:50Z
RIV,11.695,2025-10-29T18:15:40Z
RIVN,13.7,2025-10-29T19:59:58Z
RJF,158.1,2025-10-29T19:59:50Z
RJMI,25.58,2025-10-29T18:41:19Z
RKLB,66.16,2025-10-29T19:59:50Z
RKLX,155.875,2025-10-29T19:07:26Z
RKT,16.23,2025-10-29T19:59:57Z
RL,327.31,2025-10-29T19:57:55Z
RLAY,7.3,2025-10-29T19:59:59Z
RLGT,5.985,2025-10-29T19:59:51Z
RLI,58.39,2025-10-29T19:59:47Z
RLJ,6.89,2025-10-29T19:59:59Z
RLMD,2.47,2025-10-29T19:59:33Z
RLTY,14.86,2025-10-29T19:58:45Z
RLX,2.395,2025-10-29T19:59:57Z
RLY,31.075,2025-10-29T19:55:56Z
RM,39.06,2025-10-29T19:59:50Z
RMAX,8.31,2025-10-29T19:59:45Z
RMBI,13.29,2025-10-29T19:59:09Z
RMBS,111.375,2025-10-29T19:59:41Z
RMCF,1.69,2025-10-29T19:57:26Z
RMCO,3.27,2025-10-29T17:34:11Z
RMD,253.71,2025-10-29T19:59:48Z
RMI,14.43,2025-10-29T19:49:03Z
RMM,13.995,2025-10-29T19:59:26Z
RMNI,4.6,2025-10-29T19:59:59Z
RMOP,25.28,2025-10-29T19:55:33Z
RMR,14.485,2025-10-29T19:59:44Z
RMT,10.575,2025-10-29T19:59:59Z
RMTI,1.085,2025-10-29T19:58:26Z
RNA,69.685,2025-10-29T19:59:59Z
RNAC,8.23,2025-10-29T19:59:50Z
RNG,29.665,2025-10-29T19:59:53Z
RNGR,13.93,2025-10-29T19:59:53Z
RNP,21.17,2025-10-29T19:59:42Z
RNR,247.6,2025-10-29T19:59:50Z
RNR-F,23.58,2025-10-29T15:33:25Z
RNST,33.74,2025-10-29T19:59:59Z
RNTX,1.55,2025-10-29T19:29:36Z
RNW,7.615,2025-10-29T19:59:59Z
RNXT,1.045,2025-10-29T19:59:54Z
ROAD,116.105,2025-10-29T19:59:16Z
ROBN,105.65,2025-10-29T19:55:00Z
ROBO,70.01,2025-10-29T15:03:24Z
ROBT,56.005,2025-10-29T19:58:09Z
ROCK,66.965,2025-10-29T19:59:42Z
RODM,35.635,2025-10-29T19:24:39Z
ROE,34.96,2025-10-29T19:59:45Z
ROG,83.67,2025-10-29T19:59:50Z
ROIV,18.76,2025-10-29T19:59:59Z
ROK,367.98,2025-10-29T19:59:32Z
ROKT,81.62,2025-10-29T15:25:16Z
ROKU,98.54,2025-10-29T19:59:50Z
ROL,53.88,2025-10-29T19:59:58Z
ROM,106.88,2025-10-29T19:58:23Z
ROOT,79.16,2025-10-29T19:55:22Z
ROP,446.31,2025-10-29T19:59:31Z
ROST,158.305,2025-10-29T19:59:56Z
RPAY,4.85,2025-10-29T19:59:58Z
RPD,18.25,2025-10-29T19:59:53Z
RPG,47.99,2025-10-29T19:59:47Z
RPGL,1.275,2025-10-29T18:44:06Z
RPID,2.83,2025-10-29T19:44:50Z
RPM,108.3,2025-10-29T19:59:40Z
RPRX,36.68,2025-10-29T19:59:51Z
RPT,2.48,2025-10-29T19:59:48Z
RPTX,1.77,2025-10-29T19:59:53Z
RPV,99.57,2025-10-29T19:59:35Z
RQI,11.92,2025-10-29T19:41:47Z
RR,5.07,2025-10-29T19:59:59Z
RRBI,66.1,2025-10-29T19:50:05Z
RRC,34.96,2025-10-29T19:59:53Z
RRGB,5.36,2025-10-29T19:59:52Z
RRR,52.245,2025-10-29T19:59:36Z
RRX,150.585,2025-10-29T19:59:54Z
RS,282.21,2025-10-29T19:59:58Z
RSBA,21.61,2025-10-29T15:03:56Z
RSF,14.84,2025-10-29T19:59:45Z
RSG,210.44,2025-10-29T19:59:53Z
RSHO,45.12,2025-10-29T19:59:45Z
RSI,18.2,2025-10-29T19:59:59Z
RSJN,33.8,2025-10-29T17:43:33Z
RSKD,4.76,2025-10-29T19:59:59Z
RSMC,26.01,2025-10-29T17:04:43Z
RSP,188.3,2025-10-29T19:59:58Z
RSPA,50.61,2025-10-29T19:58:13Z
RSPD,56.54,2025-10-29T13:48:51Z
RSPF,74.52,2025-10-29T18:35:28Z
RSPG,77.275,2025-10-29T19:51:57Z
RSPH,30.64,2025-10-29T16:07:32Z
RSPN,55.61,2025-10-29T19:43:33Z
RSPS,28.63,2025-10-29T19:00:27Z
RSPT,46.5,2025-10-29T19:59:59Z
RSPU,78.41,2025-10-29T16:15:27Z
RSSB,29.28,2025-10-29T17:31:18Z
RSSL,98.49,2025-10-29T16:55:57Z
RSSS,3.32,2025-10-29T19:57:55Z
RSST,28.29,2025-10-29T19:50:05Z
RSSY,20.555,2025-10-29T14:39:46Z
RSVR,7.34,2025-10-29T19:59:08Z
RTAC,11.215,2025-10-29T19:56:07Z
RTACW,1.475,2025-10-29T13:40:11Z
RTO,27.45,2025-10-29T19:59:47Z
RTX,176.355,2025-10-29T19:59:59Z
RTXG,22.68,2025-10-29T19:57:32Z
RUBI,1.52,2025-10-29T18:37:15Z
RULE,23.3,2025-10-29T18:43:25Z
RUM,6.82,2025-10-29T19:59:59Z
RUN,20.11,2025-10-29T19:59:59Z
RUNN,33.56,2025-10-29T17:41:49Z
RUSC,30.61,2025-10-29T19:30:01Z
RUSHA,50.37,2025-10-29T19:59:53Z
RUSHB,54.14,2025-10-29T19:18:25Z
RVLV,23.3,2025-10-29T19:59:57Z
RVMD,58.04,2025-10-29T19:59:58Z
RVP,0.882,2025-10-29T17:34:30Z
RVPH,0.5902,2025-10-29T19:59:50Z
RVSB,5.145,2025-10-29T19:59:54Z
RVSN,0.4368,2025-10-29T19:57:42Z
RVSNW,0.15,2025-10-29T18:41:50Z
RVT,15.94,2025-10-29T19:42:34Z
RVTY,95.305,2025-10-29T19:59:49Z
RVYL,0.3457,2025-10-29T19:59:40Z
RWAY,9.87,2025-10-29T19:58:42Z
RWJ,48.13,2025-10-29T19:51:47Z
RWK,125.32,2025-10-29T13:51:19Z
RWL,112.09,2025-10-29T19:38:12Z
RWM,16.5,2025-10-29T19:59:45Z
RWR,97.81,2025-10-29T19:58:56Z
RWT,5.49,2025-10-29T19:59:55Z
RXO,17.41,2025-10-29T19:59:49Z
RXRX,5.88,2025-10-29T19:59:59Z
RXST,8.44,2025-10-29T19:59:52Z
RXT,1.62,2025-10-29T19:59:50Z
RY,146.67,2025-10-29T19:59:50Z
RYAAY,60.92,2025-10-29T19:59:45Z
RYAM,7.02,2025-10-29T19:59:43Z
RYAN,50.85,2025-10-29T19:59:53Z
RYDE,0.52,2025-10-29T19:38:07Z
RYET,1.32,2025-10-29T15:47:48Z
RYI,22.255,2025-10-29T19:59:52Z
RYLD,15.4,2025-10-29T19:59:49Z
RYN,22.61,2025-10-29T19:59:59Z
RYOJ,5.09,2025-10-29T19:55:49Z
RYTM,113.77,2025-10-29T19:59:48Z
RZB,25.09,2025-10-29T18:59:06Z
RZC,25.67,2025-10-29T18:37:46Z
RZLT,9.53,2025-10-29T19:59:55Z
RZLV,4.32,2025-10-29T19:59:56Z
RZLVW,1.25,2025-10-29T18:48:17Z
S,16.89,2025-10-29T19:59:58Z
SA,23.465,2025-10-29T19:59:49Z
SABA,8.765,2025-10-29T19:38:41Z
SABR,1.905,2025-10-29T19:59:59Z
SABS,3.02,2025-10-29T19:58:23Z
SACH,1.065,2025-10-29T19:59:46Z
SAFE,14.56,2025-10-29T19:59:55Z
SAFT,67.24,2025-10-29T19:57:06Z
SAFX,0.8521,2025-10-29T19:48:38Z
SAH,62.86,2025-10-29T19:59:19Z
SAIA,277.255,2025-10-29T19:58:58Z
SAIC,90.69,2025-10-29T19:59:48Z
SAIL,21.42,2025-10-29T19:59:50Z
SAM,212.9,2025-10-29T19:58:27Z
SAMG,14.14,2025-10-29T19:59:59Z
SAMM,30.55,2025-10-29T14:47:10Z
SAMT,38.315,2025-10-29T19:59:46Z
SAN,10.38,2025-10-29T19:59:56Z
SANA,5.36,2025-10-29T19:59:57Z
SANM,137.82,2025-10-29T19:58:49Z
SAP,259.84,2025-10-29T19:59:56Z
SAR,22.77,2025-10-29T14:36:40Z
SARK,27.56,2025-10-29T19:59:59Z
SARO,28.64,2025-10-29T19:59:57Z
SAT,24.95,2025-10-29T14:09:54Z
SATL,1.85,2025-10-29T19:59:32Z
SATS,73.59,2025-10-29T19:59:58Z
SAUG,25.2,2025-10-29T19:23:28Z
SAVA,3.41,2025-10-29T19:59:21Z
SB,4.62,2025-10-29T19:59:35Z
SBAC,190.39,2025-10-29T19:59:55Z
SBAR,26.19,2025-10-29T19:59:46Z
SBC,3.45,2025-10-29T18:39:28Z
SBCF,30.85,2025-10-29T19:59:59Z
SBDS,13.6,2025-10-29T16:22:53Z
SBET,13.6,2025-10-29T19:59:58Z
SBEV,1.87,2025-10-29T19:49:56Z
SBFM,1.75,2025-10-29T19:59:53Z
SBGI,13.17,2025-10-29T19:59:55Z
SBH,15.05,2025-10-29T19:59:59Z
SBI,7.81,2025-10-29T19:50:00Z
SBIL,100.045,2025-10-29T15:40:22Z
SBIT,30.155,2025-10-29T19:59:46Z
SBLK,18.565,2025-10-29T19:59:11Z
SBLX,4.53,2025-10-29T19:08:28Z
SBND,18.995,2025-10-29T19:55:24Z
SBR,70.475,2025-10-29T19:21:42Z
SBRA,17.24,2025-10-29T19:59:59Z
SBS,24.48,2025-10-29T19:59:54Z
SBSI,27.86,2025-10-29T19:59:27Z
SBSW,10.77,2025-10-29T19:59:56Z
SBTU,20.31,2025-10-29T18:51:46Z
SBUX,84.17,2025-10-29T19:59:59Z
SCCF,22.8,2025-10-29T19:40:47Z
SCCG,23.35,2025-10-29T16:44:08Z
SCCO,141.77,2025-10-29T19:59:54Z
SCCR,26.12,2025-10-29T18:35:29Z
SCD,15.09,2025-10-29T18:21:03Z
SCDV,25.25,2025-10-29T16:11:27Z
SCE-G,16.73,2025-10-29T16:08:15Z
SCE-J,24.21,2025-10-29T15:43:04Z
SCE-K,24.18,2025-10-29T16:51:22Z
SCE-L,16.34,2025-10-29T19:56:06Z
SCE-M,23.35,2025-10-29T19:17:29Z
SCE-N,21.96,2025-10-29T19:01:20Z
SCEC,25.615,2025-10-29T19:53:54Z
SCHA,28.12,2025-10-29T19:59:00Z
SCHB,26.44,2025-10-29T19:59:56Z
SCHC,45.56,2025-10-29T19:59:50Z
SCHD,26.74,2025-10-29T19:59:55Z
SCHE,34.37,2025-10-29T19:59:57Z
SCHF,23.89,2025-10-29T19:59:49Z
SCHG,33.66,2025-10-29T19:59:01Z
SCHH,20.9,2025-10-29T19:59:49Z
SCHI,23.155,2025-10-29T19:59:45Z
SCHJ,24.96,2025-10-29T18:45:10Z
SCHK,33.07,2025-10-29T19:59:44Z
SCHL,28.775,2025-10-29T19:59:09Z
SCHM,29.635,2025-10-29T19:59:49Z
SCHO,24.4,2025-10-29T19:47:04Z
SCHP,26.96,2025-10-29T19:59:51Z
SCHQ,32.815,2025-10-29T19:58:37Z
SCHR,25.175,2025-10-29T19:57:01Z
SCHV,28.97,2025-10-29T19:59:49Z
SCHW,94.61,2025-10-29T19:59:55Z
SCHW-D,25.3,2025-10-29T19:51:41Z
SCHW-J,20.15,2025-10-29T18:41:07Z
SCHX,27.16,2025-10-29T19:59:58Z
SCHY,28.435,2025-10-29T19:55:10Z
SCHZ,23.58,2025-10-29T19:59:59Z
SCI,80.09,2025-10-29T19:59:54Z
SCIO,20.77,2025-10-29T19:42:21Z
SCJ,90.97,2025-10-29T16:58:07Z
SCL,44.06,2025-10-29T19:56:07Z
SCLX,17.915,2025-10-29T14:56:07Z
SCLZ,55.1,2025-10-29T19:26:10Z
SCM,12.09,2025-10-29T19:59:46Z
SCMB,25.845,2025-10-29T19:39:21Z
SCNI,1.47,2025-10-29T17:10:29Z
SCNX,0.9125,2025-10-29T19:59:59Z
SCO,18.19,2025-10-29T19:59:07Z
SCS,15.98,2025-10-29T19:59:59Z
SCSC,41.74,2025-10-29T19:43:31Z
SCUS,25.245,2025-10-29T19:58:01Z
SCVL,18.58,2025-10-29T19:59:19Z
SCWO,0.3961,2025-10-29T19:42:53Z
SCYB,26.61,2025-10-29T19:59:55Z
SCYX,0.6871,2025-10-29T19:58:50Z
SCZ,76.705,2025-10-29T19:59:51Z
SD,11.73,2025-10-29T19:59:58Z
SDA,2.1,2025-10-29T19:59:54Z
SDAWW,0.085,2025-10-29T18:49:30Z
SDCI,23.1,2025-10-29T19:56:58Z
SDGR,21.145,2025-10-29T19:59:59Z
SDHC,17.55,2025-10-29T19:58:58Z
SDHY,16.53,2025-10-29T14:02:37Z
SDIV,23.895,2025-10-29T19:59:42Z
SDOG,59.59,2025-10-29T19:55:50Z
SDOW,33.185,2025-10-29T19:59:44Z
SDRL,30.535,2025-10-29T19:59:21Z
SDS,13.66,2025-10-29T19:59:43Z
SDSI,51.81,2025-10-29T16:26:52Z
SDST,4.94,2025-10-29T19:56:42Z
SDSTW,0.22,2025-10-29T17:49:35Z
SDVD,21.15,2025-10-29T19:59:45Z
SDVY,37.485,2025-10-29T19:59:45Z
SDY,137,2025-10-29T19:59:04Z
SE,155.9,2025-10-29T19:59:52Z
SEAT,12.945,2025-10-29T19:56:01Z
SEB,3221.655,2025-10-29T19:59:12Z
SECT,64.785,2025-10-29T19:58:18Z
SEDG,36.24,2025-10-29T19:59:50Z
SEE,33.68,2025-10-29T19:59:52Z
SEER,2.3,2025-10-29T15:53:05Z
SEG,23.97,2025-10-29T19:52:01Z
SEGG,4.65,2025-10-29T14:56:34Z
SEI,52,2025-10-29T19:59:54Z
SEIC,80.61,2025-10-29T19:59:59Z
SEIE,30.825,2025-10-29T19:55:22Z
SEIM,46.87,2025-10-29T19:57:00Z
SEIQ,38.49,2025-10-29T19:03:38Z
SEIS,28.16,2025-10-29T15:45:45Z
SEIV,39.5,2025-10-29T19:17:49Z
SEIX,23.44,2025-10-29T19:32:02Z
SELF,4.91,2025-10-29T18:00:36Z
SELV,30.93,2025-10-29T19:35:35Z
SELX,0.721,2025-10-29T13:57:43Z
SEM,14.29,2025-10-29T19:59:58Z
SEMG,27.28,2025-10-29T13:35:06Z
SEMR,7.32,2025-10-29T19:59:55Z
SENS,7.22,2025-10-29T19:59:54Z
SEPI,26.6,2025-10-29T18:15:23Z
SEPN,21.925,2025-10-29T19:59:51Z
SEPU,29.21,2025-10-29T16:21:37Z
SEPW,31.6,2025-10-29T19:32:26Z
SEPZ,43.2,2025-10-29T19:02:28Z
SERA,3.43,2025-10-29T19:49:11Z
SERV,13.86,2025-10-29T19:59:57Z
SES,2.245,2025-10-29T19:59:52Z
SES+,0.32,2025-10-29T19:20:21Z
SETH,8.7,2025-10-29T19:59:16Z
SETM,27.05,2025-10-29T19:59:17Z
SEV,7.115,2025-10-29T19:50:10Z
SEVN,9.58,2025-10-29T19:59:59Z
SEZL,70.325,2025-10-29T19:58:35Z
SF,117.43,2025-10-29T19:59:49Z
SF-D,18.84,2025-10-29T15:57:06Z
SFBS,68.86,2025-10-29T19:59:10Z
SFD,21.81,2025-10-29T19:59:50Z
SFIX,4.22,2025-10-29T19:59:58Z
SFL,7.19,2025-10-29T19:59:59Z
SFLO,28.63,2025-10-29T19:59:46Z
SFLR,36.73,2025-10-29T19:59:50Z
SFM,104.49,2025-10-29T19:59:52Z
SFNC,17.26,2025-10-29T19:59:59Z
SFST,43.765,2025-10-29T18:56:00Z
SFY,134.61,2025-10-29T19:03:43Z
SFYX,16.31,2025-10-29T15:48:49Z
SG,6.94,2025-10-29T19:59:59Z
SGBX,2.455,2025-10-29T19:45:44Z
SGC,10.03,2025-10-29T16:17:33Z
SGDJ,69.97,2025-10-29T19:46:59Z
SGDM,58.25,2025-10-29T17:05:17Z
SGHC,11.05,2025-10-29T19:59:59Z
SGHT,5.04,2025-10-29T19:59:51Z
SGI,81.71,2025-10-29T19:59:54Z
SGLY,0.671,2025-10-29T19:39:46Z
SGML,5.735,2025-10-29T19:59:56Z
SGMO,0.58,2025-10-29T19:59:49Z
SGMT,8.335,2025-10-29T19:56:48Z
SGN,1.505,2025-10-29T19:57:47Z
SGOL,37.6,2025-10-29T19:59:45Z
SGOV,100.685,2025-10-29T19:42:24Z
SGRP,1.05,2025-10-29T13:50:21Z
SGRT,26.27,2025-10-29T18:36:37Z
SGRY,22.76,2025-10-29T19:59:58Z
SGU,11.445,2025-10-29T19:52:57Z
SGVT,100.67,2025-10-29T19:53:47Z
SH,35.99,2025-10-29T19:59:58Z
SHAG,48.015,2025-10-29T19:09:33Z
SHAK,89.83,2025-10-29T19:59:50Z
SHBI,15.57,2025-10-29T19:59:54Z
SHC,16.59,2025-10-29T19:59:55Z
SHCO,8.89,2025-10-29T19:59:55Z
SHEL,75.56,2025-10-29T19:59:56Z
SHEN,13.11,2025-10-29T19:59:54Z
SHFS,2.91,2025-10-29T14:14:19Z
SHG,52.645,2025-10-29T19:59:42Z
SHIP,8.48,2025-10-29T19:58:38Z
SHLD,68.02,2025-10-29T19:59:59Z
SHLS,10.63,2025-10-29T19:59:59Z
SHM,48.01,2025-10-29T19:59:59Z
SHMD,4.03,2025-10-29T19:17:18Z
SHNY,105.825,2025-10-29T19:59:59Z
SHO,9.08,2025-10-29T19:59:59Z
SHO-I,20.11,2025-10-29T19:39:41Z
SHOO,34.42,2025-10-29T19:59:59Z
SHOP,178.98,2025-10-29T19:59:53Z
SHPD,16.44,2025-10-29T14:00:54Z
SHPH,3.13,2025-10-29T19:36:58Z
SHPU,44.34,2025-10-29T19:14:29Z
SHV,110.46,2025-10-29T19:59:51Z
SHW,345.78,2025-10-29T19:59:50Z
SHY,82.94,2025-10-29T19:59:56Z
SHYD,22.84,2025-10-29T19:39:44Z
SHYG,43.15,2025-10-29T19:59:46Z
SHYL,45.33,2025-10-29T18:35:29Z
SHYM,22.37,2025-10-29T19:59:59Z
SI,11.845,2025-10-29T19:59:18Z
SIBN,15.27,2025-10-29T19:59:47Z
SID,1.745,2025-10-29T19:59:54Z
SIDU,1.155,2025-10-29T19:59:59Z
SIEB,2.925,2025-10-29T19:54:05Z
SIF,7.18,2025-10-29T19:53:26Z
SIFI,44.73,2025-10-29T16:06:38Z
SIFY,12.77,2025-10-29T19:55:34Z
SIG,101.165,2025-10-29T19:59:50Z
SIGA,8.14,2025-10-29T19:59:28Z
SIGI,74.58,2025-10-29T19:59:50Z
SIHY,46.14,2025-10-29T19:47:46Z
SII,81.98,2025-10-29T19:42:26Z
SIL,66.495,2025-10-29T19:59:59Z
SILA,23.39,2025-10-29T19:59:40Z
SILC,17.89,2025-10-29T16:58:01Z
SILJ,22.525,2025-10-29T19:59:41Z
SILO,0.5359,2025-10-29T18:57:41Z
SIMO,101.07,2025-10-29T19:52:35Z
SINT,3.375,2025-10-29T19:36:16Z
SION,37.36,2025-10-29T19:58:55Z
SIRI,21.07,2025-10-29T19:59:58Z
SITC,8.505,2025-10-29T19:59:59Z
SITE,131.97,2025-10-29T19:59:46Z
SITM,277.93,2025-10-29T19:59:09Z
SIVR,45.415,2025-10-29T19:55:58Z
SIXG,66.73,2025-10-29T19:59:44Z
SIXH,37.87,2025-10-29T16:06:21Z
SIXJ,33.66,2025-10-29T18:35:41Z
SIXO,34.4,2025-10-29T17:59:52Z
SIXZ,29.32,2025-10-29T16:09:10Z
SJB,15.42,2025-10-29T19:17:26Z
SJM,101.225,2025-10-29T19:59:59Z
SJNK,25.485,2025-10-29T19:59:52Z
SJT,5.41,2025-10-29T19:58:26Z
SKBL,3.17,2025-10-29T19:59:35Z
SKE,16.215,2025-10-29T19:59:45Z
SKF,28.4,2025-10-29T18:51:46Z
SKIL,12.51,2025-10-29T19:59:53Z
SKIN,1.445,2025-10-29T19:59:37Z
SKK,0.3877,2025-10-29T19:53:18Z
SKLZ,6.85,2025-10-29T19:58:08Z
SKM,21.045,2025-10-29T19:59:44Z
SKOR,49.45,2025-10-29T18:22:02Z
SKRE,11.02,2025-10-29T19:59:51Z
SKT,32.99,2025-10-29T19:59:57Z
SKWD,44.92,2025-10-29T19:59:50Z
SKY,66.17,2025-10-29T19:59:19Z
SKYE,1.595,2025-10-29T19:59:43Z
SKYH,9.855,2025-10-29T19:59:25Z
SKYH+,1.24,2025-10-29T19:57:19Z
SKYQ,0.4505,2025-10-29T19:56:13Z
SKYT,16.835,2025-10-29T19:59:42Z
SKYW,96.43,2025-10-29T19:59:44Z
SKYX,1.75,2025-10-29T19:59:50Z
SKYY,140.74,2025-10-29T19:59:16Z
SLAB,131.975,2025-10-29T19:59:38Z
SLAI,2.31,2025-10-29T19:04:16Z
SLB,36.84,2025-10-29T19:59:58Z
SLDB,5.5,2025-10-29T19:59:59Z
SLDE,15.55,2025-10-29T19:59:59Z
SLDP,5.52,2025-10-29T19:59:59Z
SLDPW,1,2025-10-29T17:02:21Z
SLE,1.39,2025-10-29T18:50:34Z
SLF,61.74,2025-10-29T19:59:45Z
SLG,51.525,2025-10-29T19:59:50Z
SLG-I,22.155,2025-10-29T18:44:50Z
SLGB,3.14,2025-10-29T19:58:47Z
SLGL,38.125,2025-10-29T18:14:14Z
SLGN,38.66,2025-10-29T19:59:59Z
SLI,3.805,2025-10-29T19:59:54Z
SLM,26.985,2025-10-29T19:59:59Z
SLMT,12.3,2025-10-29T19:59:12Z
SLN,7.22,2025-10-29T19:59:45Z
SLND,4.34,2025-10-29T19:56:05Z
SLNH,3.2,2025-10-29T19:59:59Z
SLNHP,10.01,2025-10-29T14:18:27Z
SLNO,69.9,2025-10-29T19:59:57Z
SLON,40.5,2025-10-29T19:59:44Z
SLP,17.775,2025-10-29T19:59:51Z
SLQD,50.83,2025-10-29T19:59:45Z
SLQT,2.105,2025-10-29T19:59:43Z
SLRC,15.315,2025-10-29T19:59:46Z
SLRX,3.78,2025-10-29T19:53:17Z
SLS,2.08,2025-10-29T19:59:34Z
SLSR,6.46,2025-10-29T19:59:47Z
SLTY,36.91,2025-10-29T19:58:23Z
SLV,43.25,2025-10-29T19:59:53Z
SLVM,41.67,2025-10-29T19:56:54Z
SLVO,89.46,2025-10-29T19:13:03Z
SLVP,26.005,2025-10-29T19:59:58Z
SLVR,42.41,2025-10-29T19:55:11Z
SLX,81.16,2025-10-29T17:53:27Z
SLYG,93.93,2025-10-29T19:59:47Z
SLYV,89.07,2025-10-29T19:59:46Z
SM,20.63,2025-10-29T19:59:55Z
SMA,36.14,2025-10-29T19:59:32Z
SMAP,25.03,2025-10-29T14:28:43Z
SMB,17.38,2025-10-29T19:03:26Z
SMBC,52.83,2025-10-29T19:41:49Z
SMBK,34.445,2025-10-29T19:46:17Z
SMBS,25.85,2025-10-29T19:59:15Z
SMC,22.05,2025-10-29T19:36:31Z
SMCC,23.49,2025-10-29T13:50:31Z
SMCI,52.64,2025-10-29T19:59:53Z
SMCL,16.47,2025-10-29T19:59:59Z
SMCX,43.52,2025-10-29T19:59:45Z
SMCY,15.105,2025-10-29T19:59:20Z
SMCZ,2.88,2025-10-29T19:59:50Z
SMDD,13.12,2025-10-29T19:50:08Z
SMFG,16.16,2025-10-29T19:59:51Z
SMG,53.965,2025-10-29T19:59:41Z
SMH,369.08,2025-10-29T19:59:59Z
SMHB,4.39,2025-10-29T18:36:08Z
SMHI,6.12,2025-10-29T19:59:55Z
SMHX,42.18,2025-10-29T19:59:47Z
SMIG,28.46,2025-10-29T19:59:13Z
SMIN,74.23,2025-10-29T19:59:22Z
SMIZ,37.45,2025-10-29T19:47:31Z
SMLF,74.91,2025-10-29T19:17:04Z
SMLR,25.985,2025-10-29T19:59:58Z
SMMD,74.17,2025-10-29T19:35:43Z
SMMT,18.655,2025-10-29T19:59:59Z
SMMU,50.53,2025-10-29T19:59:57Z
SMMV,42.13,2025-10-29T18:45:23Z
SMN,14.43,2025-10-29T19:59:45Z
SMOG,137.22,2025-10-29T17:08:18Z
SMOT,35.83,2025-10-29T19:59:20Z
SMP,39.015,2025-10-29T19:59:48Z
SMPL,19.69,2025-10-29T19:59:58Z
SMR,43.18,2025-10-29T19:59:58Z
SMRT,1.37,2025-10-29T19:59:49Z
SMST,36.23,2025-10-29T19:59:19Z
SMTC,69.52,2025-10-29T19:59:39Z
SMTH,26.255,2025-10-29T19:40:58Z
SMTK,2.21,2025-10-29T14:45:03Z
SMU,24.5,2025-10-29T19:58:02Z
SMUP,12.99,2025-10-29T19:57:35Z
SMWB,8.41,2025-10-29T19:59:56Z
SMX,3.005,2025-10-29T19:56:21Z
SMXT,1,2025-10-29T19:47:16Z
SMYY,23.465,2025-10-29T18:27:01Z
SN,95.47,2025-10-29T19:59:53Z
SNA,337,2025-10-29T19:59:35Z
SNAP,7.74,2025-10-29T19:59:56Z
SNAV,35.105,2025-10-29T19:59:45Z
SNBR,5.5,2025-10-29T19:59:55Z
SNCR,5.11,2025-10-29T19:34:40Z
SNCY,10.645,2025-10-29T19:59:55Z
SNDK,204.25,2025-10-29T19:59:58Z
SNDL,2.16,2025-10-29T19:59:13Z
SNDR,22.635,2025-10-29T19:59:57Z
SNDX,13.21,2025-10-29T19:59:51Z
SNES,3.42,2025-10-29T18:00:25Z
SNEX,93.08,2025-10-29T19:58:54Z
SNFCA,8.24,2025-10-29T18:24:27Z
SNGX,1.565,2025-10-29T19:59:37Z
SNN,35.78,2025-10-29T19:59:52Z
SNOV,25.39,2025-10-29T17:55:03Z
SNOW,269.625,2025-10-29T19:59:52Z
SNOY,16,2025-10-29T19:59:00Z
SNPE,62.34,2025-10-29T19:59:57Z
SNPS,455.05,2025-10-29T19:59:50Z
SNSE,9.41,2025-10-29T19:36:44Z
SNSR,39.92,2025-10-29T16:06:16Z
SNT,4.77,2025-10-29T19:59:25Z
SNTG,2.71,2025-10-29T19:59:31Z
SNTI,2.13,2025-10-29T19:59:42Z
SNV,44.06,2025-10-29T19:59:58Z
SNWV,30.5,2025-10-29T19:58:44Z
SNX,155.52,2025-10-29T19:59:50Z
SNY,50.7,2025-10-29T19:59:59Z
SO,93.55,2025-10-29T19:59:59Z
SOAR,1.705,2025-10-29T19:59:42Z
SOBO,25.99,2025-10-29T19:59:59Z
SOC,13.27,2025-10-29T19:59:57Z
SOCL,59.49,2025-10-29T19:42:07Z
SOFI,30.9,2025-10-29T19:59:59Z
SOFX,49.84,2025-10-29T19:59:50Z
SOGP,15.1,2025-10-29T13:53:11Z
SOHO,2.12,2025-10-29T19:59:49Z
SOHOO,17,2025-10-29T16:58:05Z
SOHU,15.225,2025-10-29T18:35:49Z
SOJD,20.89,2025-10-29T19:59:44Z
SOJE,18.66,2025-10-29T19:59:58Z
SOJF,26.09,2025-10-29T18:38:50Z
SOL,1.835,2025-10-29T18:50:28Z
SOLSV,49,2025-10-29T19:59:58Z
SOLT,18.31,2025-10-29T19:59:53Z
SOLV,69.77,2025-10-29T19:59:49Z
SOLZ,20.09,2025-10-29T19:59:51Z
SON,39.72,2025-10-29T19:59:59Z
SONM,10.715,2025-10-29T15:33:31Z
SONN,4.75,2025-10-29T19:59:54Z
SONO,16.725,2025-10-29T19:59:52Z
SONY,28.185,2025-10-29T19:59:56Z
SOPA,2.81,2025-10-29T19:52:56Z
SOPH,4.56,2025-10-29T19:54:46Z
SOR,45.65,2025-10-29T17:23:00Z
SOS,1.73,2025-10-29T19:58:55Z
SOTK,4.75,2025-10-29T17:15:05Z
SOUN,18.17,2025-10-29T19:59:59Z
SOUX,50.86,2025-10-29T19:53:37Z
SOWG,0.8105,2025-10-29T19:10:08Z
SOXL,49.395,2025-10-29T19:59:58Z
SOXQ,57.655,2025-10-29T19:59:47Z
SOXS,3.22,2025-10-29T19:59:59Z
SOXX,309.74,2025-10-29T19:59:51Z
SOXY,62.61,2025-10-29T19:02:28Z
SOYB,22.79,2025-10-29T19:58:53Z
SPAB,25.995,2025-10-29T19:59:00Z
SPAI,6.15,2025-10-29T18:58:34Z
SPB,54.34,2025-10-29T19:59:49Z
SPBC,46.24,2025-10-29T15:04:30Z
SPBO,29.78,2025-10-29T19:57:19Z
SPBU,28.56,2025-10-29T17:20:30Z
SPBX,27.15,2025-10-29T16:38:10Z
SPCB,11.27,2025-10-29T19:44:19Z
SPCE,4.025,2025-10-29T19:59:49Z
SPCY,36.66,2025-10-29T19:59:50Z
SPDN,9.37,2025-10-29T19:59:58Z
SPDV,34.33,2025-10-29T19:59:57Z
SPDW,43.775,2025-10-29T19:59:57Z
SPE,15.25,2025-10-29T19:50:01Z
SPEM,48.31,2025-10-29T19:59:44Z
SPFI,36.06,2025-10-29T19:54:03Z
SPG,173.65,2025-10-29T19:59:58Z
SPGI,472.715,2025-10-29T19:59:50Z
SPGM,77.22,2025-10-29T19:59:59Z
SPGP,113.835,2025-10-29T19:50:32Z
SPH,18.33,2025-10-29T19:59:33Z
SPHB,115.725,2025-10-29T19:59:59Z
SPHD,47.37,2025-10-29T19:59:59Z
SPHL,0.656,2025-10-29T18:32:00Z
SPHQ,74.12,2025-10-29T19:59:54Z
SPHR,67.92,2025-10-29T19:59:51Z
SPHY,23.84,2025-10-29T19:59:46Z
SPIB,33.96,2025-10-29T19:59:09Z
SPIP,26.365,2025-10-29T19:59:27Z
SPIR,10.65,2025-10-29T19:59:55Z
SPLB,23.415,2025-10-29T19:59:48Z
SPLG,80.74,2025-10-29T19:59:50Z
SPLV,70.345,2025-10-29T19:59:59Z
SPMB,22.57,2025-10-29T19:59:46Z
SPMC,16.41,2025-10-29T19:48:23Z
SPMD,57.115,2025-10-29T19:59:46Z
SPMO,124.045,2025-10-29T19:59:47Z
SPNS,43.09,2025-10-29T19:59:53Z
SPNT,18.26,2025-10-29T19:59:59Z
SPNT-B,25.47,2025-10-29T16:19:13Z
SPOK,15.79,2025-10-29T19:59:56Z
SPOT,666.095,2025-10-29T19:59:57Z
SPPP,13.95,2025-10-29T19:59:50Z
SPR,38.1,2025-10-29T19:59:50Z
SPRB,112.5,2025-10-29T18:37:11Z
SPRC,3.44,2025-10-29T19:54:35Z
SPRE,19.39,2025-10-29T14:38:26Z
SPRO,2.33,2025-10-29T19:59:53Z
SPRU,2.91,2025-10-29T18:24:16Z
SPRX,43.035,2025-10-29T19:59:57Z
SPRY,8.97,2025-10-29T19:59:58Z
SPSB,30.27,2025-10-29T19:59:45Z
SPSC,105.17,2025-10-29T19:57:52Z
SPSK,18.52,2025-10-29T19:39:29Z
SPSM,46.315,2025-10-29T19:59:46Z
SPT,10.405,2025-10-29T19:59:37Z
SPTE,37.05,2025-10-29T18:09:11Z
SPTI,28.955,2025-10-29T19:59:43Z
SPTL,27.395,2025-10-29T19:59:53Z
SPTM,83.01,2025-10-29T19:59:59Z
SPTS,29.32,2025-10-29T19:37:44Z
SPUC,51.845,2025-10-29T19:57:52Z
SPUS,52.065,2025-10-29T19:59:00Z
SPUU,189.65,2025-10-29T19:46:04Z
SPWH,2.635,2025-10-29T19:59:55Z
SPWO,27.465,2025-10-29T18:42:25Z
SPWR,1.88,2025-10-29T19:59:54Z
SPXC,199.98,2025-10-29T19:59:50Z
SPXD,25.66,2025-10-29T17:43:31Z
SPXL,229.175,2025-10-29T19:59:10Z
SPXS,34.71,2025-10-29T19:59:59Z
SPXT,101.55,2025-10-29T15:36:52Z
SPXU,12.365,2025-10-29T19:59:58Z
SPXV,75.08,2025-10-29T18:41:51Z
SPXX,17.8,2025-10-29T18:36:11Z
SPY,687.315,2025-10-29T19:59:59Z
SPYD,42.77,2025-10-29T19:59:52Z
SPYG,109.25,2025-10-29T19:59:45Z
SPYI,52.94,2025-10-29T19:59:51Z
SPYT,18.62,2025-10-29T19:59:47Z
SPYU,59.37,2025-10-29T19:55:25Z
SPYV,56.03,2025-10-29T19:59:51Z
SPYX,56.55,2025-10-29T19:27:41Z
SQM,46.035,2025-10-29T19:59:51Z
SQMX,32.95,2025-10-29T18:44:17Z
SQNS,7.7,2025-10-29T19:59:56Z
SQQQ,12.75,2025-10-29T19:59:59Z
SR,86.62,2025-10-29T19:59:36Z
SRAD,26.14,2025-10-29T19:59:56Z
SRBK,14.8,2025-10-29T19:21:47Z
SRCE,59.055,2025-10-29T19:59:47Z
SRDX,26.955,2025-10-29T19:58:29Z
SRE,92.16,2025-10-29T19:59:48Z
SREA,23.24,2025-10-29T19:13:54Z
SRET,21.675,2025-10-29T19:54:54Z
SRFM,3.965,2025-10-29T19:59:46Z
SRG,4.06,2025-10-29T19:59:48Z
SRI,7.03,2025-10-29T19:59:58Z
SRLN,41.52,2025-10-29T19:59:59Z
SRPT,23.44,2025-10-29T19:59:59Z
SRPU,27.07,2025-10-29T19:57:08Z
SRRK,29.25,2025-10-29T19:59:59Z
SRTA,5.06,2025-10-29T19:59:59Z
SRTS,3.25,2025-10-29T18:58:54Z
SRTY,10.98,2025-10-29T19:59:50Z
SRV,42.98,2025-10-29T19:59:59Z
SRVR,31.03,2025-10-29T19:38:35Z
SRXH,0.3423,2025-10-29T16:54:07Z
SRZN,13.6,2025-10-29T19:56:16Z
SSB,88.29,2025-10-29T19:59:50Z
SSBI,10.9,2025-10-29T19:22:23Z
SSD,179.545,2025-10-29T19:59:54Z
SSG,6.95,2025-10-29T19:59:47Z
SSII,8.89,2025-10-29T17:57:04Z
SSK,29.615,2025-10-29T19:59:45Z
SSKN,1.75,2025-10-29T19:58:04Z
SSL,6.225,2025-10-29T19:59:39Z
SSNC,83.29,2025-10-29T19:59:55Z
SSO,118.445,2025-10-29T19:59:55Z
SSP,2.34,2025-10-29T19:59:52Z
SSRM,22.37,2025-10-29T19:59:59Z
SSSS,9.07,2025-10-29T19:59:36Z
SSSSL,24.87,2025-10-29T19:18:00Z
SST,5.755,2025-10-29T18:36:13Z
SSTI,9.19,2025-10-29T19:59:56Z
SSTK,24.965,2025-10-29T19:41:32Z
SSYS,11.085,2025-10-29T19:59:41Z
ST,32.69,2025-10-29T19:59:59Z
STAA,26.63,2025-10-29T19:59:52Z
STAG,37.69,2025-10-29T19:59:57Z
STAI,0.5281,2025-10-29T19:59:50Z
STBA,35.875,2025-10-29T19:59:09Z
STC,69.85,2025-10-29T19:55:58Z
STCE,95.12,2025-10-29T19:59:28Z
STE,236.68,2025-10-29T19:59:49Z
STEL,29.35,2025-10-29T19:59:37Z
STEM,23.11,2025-10-29T19:54:12Z
STEN,25.55,2025-10-29T18:31:56Z
STEP,62.38,2025-10-29T19:59:28Z
STEW,17.36,2025-10-29T19:49:04Z
STEX,4.76,2025-10-29T19:59:40Z
STFS,0.1516,2025-10-29T19:07:18Z
STGW,4.74,2025-10-29T19:59:51Z
STHO,7.425,2025-10-29T19:46:35Z
STI,11.2,2025-10-29T19:55:25Z
STIM,2.91,2025-10-29T19:59:55Z
STIP,103.13,2025-10-29T19:59:12Z
STK,38.58,2025-10-29T19:54:50Z
STKE,3.64,2025-10-29T19:59:15Z
STKH,3.56,2025-10-29T13:57:25Z
STKL,5.445,2025-10-29T19:59:53Z
STKS,2.47,2025-10-29T19:59:17Z
STLA,11.21,2025-10-29T19:59:55Z
STLD,163.335,2025-10-29T19:59:36Z
STM,24.66,2025-10-29T19:59:56Z
STN,112.76,2025-10-29T19:37:57Z
STNE,19.06,2025-10-29T19:59:59Z
STNG,62.18,2025-10-29T19:59:37Z
STOK,31.33,2025-10-29T19:59:37Z
STOX,28.57,2025-10-29T16:34:19Z
STPZ,54.17,2025-10-29T16:56:36Z
STRA,78.08,2025-10-29T19:59:10Z
STRC,98.68,2025-10-29T19:59:46Z
STRD,78.23,2025-10-29T18:42:06Z
STRF,109.92,2025-10-29T19:58:33Z
STRK,86.75,2025-10-29T19:57:37Z
STRL,402.77,2025-10-29T19:59:18Z
STRO,1.05,2025-10-29T19:59:58Z
STRR,11.255,2025-10-29T18:13:33Z
STRT,65.215,2025-10-29T19:37:04Z
STRV,44.32,2025-10-29T19:37:02Z
STRW,11.75,2025-10-29T19:54:14Z
STRZ,10.465,2025-10-29T19:56:02Z
STSS,4.96,2025-10-29T19:58:30Z
STT,116.78,2025-10-29T19:59:59Z
STT-G,23.28,2025-10-29T14:52:05Z
STTK,1.96,2025-10-29T19:59:48Z
STUB,19.655,2025-10-29T19:59:57Z
STVN,25.81,2025-10-29T19:59:56Z
STWD,18.27,2025-10-29T19:59:58Z
STX,265.4,2025-10-29T19:59:54Z
STXI,30.78,2025-10-29T14:13:19Z
STXS,2.92,2025-10-29T19:59:02Z
STZ,131.03,2025-10-29T19:59:58Z
SU,40,2025-10-29T19:59:58Z
SUB,106.425,2025-10-29T19:57:24Z
SUGP,6.88,2025-10-29T16:45:48Z
SUI,119.53,2025-10-29T19:59:49Z
SUIG,3.065,2025-10-29T19:59:55Z
SUN,53.39,2025-10-29T19:59:19Z
SUNE,1.49,2025-10-29T18:31:14Z
SUNS,9.65,2025-10-29T19:58:20Z
SUPN,55.64,2025-10-29T19:59:50Z
SUPV,11.495,2025-10-29T19:59:54Z
SUPX,62.34,2025-10-29T19:33:44Z
SURG,2.8,2025-10-29T19:49:40Z
SUSA,139.44,2025-10-29T19:51:56Z
SUSB,25.315,2025-10-29T19:59:33Z
SUSC,23.71,2025-10-29T19:59:51Z
SUSL,121.65,2025-10-29T19:54:00Z
SUUN,1.58,2025-10-29T19:53:04Z
SUZ,9.16,2025-10-29T19:59:50Z
SVAL,33.68,2025-10-29T14:15:00Z
SVC,2.185,2025-10-29T19:59:58Z
SVCO,6.355,2025-10-29T19:56:28Z
SVIX,20.04,2025-10-29T19:59:47Z
SVM,6.335,2025-10-29T19:59:57Z
SVOL,17.81,2025-10-29T19:59:59Z
SVRA,4.34,2025-10-29T19:59:50Z
SVRE,1.47,2025-10-29T19:52:01Z
SVV,13.29,2025-10-29T19:59:54Z
SVXY,49.83,2025-10-29T19:59:46Z
SW,37.835,2025-10-29T19:59:53Z
SWAG,1.8,2025-10-29T16:10:01Z
SWAN,32.93,2025-10-29T19:50:04Z
SWBI,9.94,2025-10-29T19:59:45Z
SWIM,7.33,2025-10-29T19:59:47Z
SWK,69.925,2025-10-29T19:59:52Z
SWKHL,25.55,2025-10-29T17:38:22Z
SWKS,78.66,2025-10-29T19:59:54Z
SWP,28.23,2025-10-29T19:47:17Z
SWVL,3.42,2025-10-29T15:06:57Z
SWX,79.86,2025-10-29T19:59:40Z
SWZ,5.89,2025-10-29T19:57:37Z
SXC,7.96,2025-10-29T19:59:51Z
SXI,243.56,2025-10-29T18:38:17Z
SXT,89.97,2025-10-29T19:59:04Z
SXTC,1.37,2025-10-29T16:21:53Z
SY,2.89,2025-10-29T19:59:59Z
SYBT,66.305,2025-10-29T19:59:45Z
SYF,73.155,2025-10-29T19:59:49Z
SYFI,36.03,2025-10-29T19:52:03Z
SYK,369.59,2025-10-29T19:59:52Z
SYLD,67.64,2025-10-29T19:06:01Z
SYM,77.73,2025-10-29T19:59:59Z
SYNA,69.76,2025-10-29T19:41:54Z
SYPR,2,2025-10-29T19:59:50Z
SYRE,23.85,2025-10-29T19:59:42Z
SYY,74.275,2025-10-29T19:59:57Z
SZNE,34.44,2025-10-29T18:46:03Z
T,25.14,2025-10-29T19:59:59Z
T-A,20.96,2025-10-29T19:26:56Z
T-C,19.83,2025-10-29T19:55:06Z
TAC,17.74,2025-10-29T19:59:56Z
TACO,10.2,2025-10-29T17:28:57Z
TACOW,0.49,2025-10-29T19:22:43Z
TACT,4.64,2025-10-29T19:29:33Z
TAFI,25.305,2025-10-29T19:59:59Z
TAFM,25.63,2025-10-29T19:10:24Z
TAGG,43.285,2025-10-29T19:58:57Z
TAIL,11.83,2025-10-29T19:59:50Z
TAK,13.75,2025-10-29T19:59:57Z
TAL,12.03,2025-10-29T19:59:55Z
TALK,2.775,2025-10-29T19:59:58Z
TALO,9.565,2025-10-29T19:59:51Z
TAN,48.61,2025-10-29T19:59:42Z
TANH,1.58,2025-10-29T19:47:44Z
TAOX,7.845,2025-10-29T19:59:46Z
TAP,43.52,2025-10-29T19:59:55Z
TARA,5.19,2025-10-29T19:59:41Z
TARK,85.88,2025-10-29T19:59:46Z
TARS,67.46,2025-10-29T19:59:38Z
TASK,13.11,2025-10-29T19:59:56Z
TATT,43.56,2025-10-29T19:59:21Z
TAVIR,0.24,2025-10-29T15:35:15Z
TAXF,50.69,2025-10-29T17:39:05Z
TAXM,50.4,2025-10-29T19:05:44Z
TBBB,30.19,2025-10-29T19:59:51Z
TBBK,77.63,2025-10-29T19:59:59Z
TBCH,16.74,2025-10-29T19:55:05Z
TBF,23.315,2025-10-29T19:33:20Z
TBG,32.55,2025-10-29T19:59:50Z
TBH,1.16,2025-10-29T19:59:23Z
TBHC,1.55,2025-10-29T18:35:31Z
TBI,4.995,2025-10-29T19:59:06Z
TBIL,50,2025-10-29T19:59:54Z
TBJL,20.36,2025-10-29T19:04:22Z
TBLA,3.47,2025-10-29T19:59:59Z
TBLD,19.97,2025-10-29T16:02:56Z
TBLL,105.615,2025-10-29T19:50:28Z
TBN,26.04,2025-10-29T18:29:04Z
TBPH,14.15,2025-10-29T19:59:51Z
TBRG,19.445,2025-10-29T19:59:11Z
TBT,32.55,2025-10-29T19:57:01Z
TBUX,49.81,2025-10-29T19:59:51Z
TCAF,39.14,2025-10-29T19:59:59Z
TCAL,23.745,2025-10-29T19:55:34Z
TCBI,83.25,2025-10-29T19:59:46Z
TCBK,43.96,2025-10-29T19:59:55Z
TCBX,36.525,2025-10-29T19:58:52Z
TCGL,4.73,2025-10-29T19:36:50Z
TCHI,26.46,2025-10-29T15:06:13Z
TCHP,51.32,2025-10-29T19:59:46Z
TCMD,15.2,2025-10-29T19:59:44Z
TCOM,72.43,2025-10-29T19:59:59Z
TCPA,24.71,2025-10-29T19:44:14Z
TCPC,5.79,2025-10-29T19:59:59Z
TCRT,2.67,2025-10-29T18:51:48Z
TCRX,1.915,2025-10-29T19:59:51Z
TCX,18.465,2025-10-29T18:04:54Z
TD,81.78,2025-10-29T19:59:59Z
TDAQ,27.37,2025-10-29T18:51:50Z
TDC,21.03,2025-10-29T19:59:48Z
TDG,1314.96,2025-10-29T19:59:48Z
TDI,38.13,2025-10-29T17:03:04Z
TDIC,0.4905,2025-10-29T19:53:30Z
TDIV,102.08,2025-10-29T19:45:13Z
TDOC,8.23,2025-10-29T19:59:59Z
TDS,39.22,2025-10-29T19:59:55Z
TDS-U,20.47,2025-10-29T16:15:31Z
TDS-V,18.465,2025-10-29T18:38:55Z
TDTF,24.21,2025-10-29T19:58:39Z
TDTT,24.25,2025-10-29T19:59:50Z
TDUP,9.02,2025-10-29T19:59:57Z
TDVG,44.3,2025-10-29T19:27:42Z
TDVI,29.39,2025-10-29T19:10:28Z
TDW,49.38,2025-10-29T19:59:47Z
TDY,516.31,2025-10-29T19:50:04Z
TE,3.6,2025-10-29T19:59:51Z
TE+,0.387,2025-10-29T13:53:07Z
TEAD,1.53,2025-10-29T19:59:59Z
TEAF,12.205,2025-10-29T19:58:08Z
TEAM,159.275,2025-10-29T19:59:46Z
TECB,63.78,2025-10-29T16:07:16Z
TECH,62.02,2025-10-29T19:59:46Z
TECK,43.955,2025-10-29T19:59:58Z
TECL,153.005,2025-10-29T19:59:59Z
TECS,15.23,2025-10-29T19:59:56Z
TECX,18.57,2025-10-29T19:59:48Z
TEF,5.17,2025-10-29T19:59:11Z
TEI,6.48,2025-10-29T19:57:59Z
TEK,33.52,2025-10-29T19:03:41Z
TEKY,41.305,2025-10-29T19:59:25Z
TEL,240.68,2025-10-29T19:59:48Z
TELA,1.325,2025-10-29T19:59:50Z
TELO,1.51,2025-10-29T19:59:59Z
TEM,88.855,2025-10-29T19:59:45Z
TEMT,36.04,2025-10-29T18:59:13Z
TEN,24,2025-10-29T19:59:49Z
TENB,28.65,2025-10-29T19:59:59Z
TEO,10.89,2025-10-29T19:59:42Z
TER,173.865,2025-10-29T19:59:57Z
TERN,7.98,2025-10-29T19:59:59Z
TESL,28.59,2025-10-29T19:48:16Z
TETH,19.49,2025-10-29T19:59:46Z
TEVA,20.24,2025-10-29T19:59:58Z
TEX,55.99,2025-10-29T19:59:57Z
TEXN,27.9,2025-10-29T18:39:31Z
TEXU,23.01,2025-10-29T13:34:12Z
TFC,43.94,2025-10-29T19:59:59Z
TFC-I,22.25,2025-10-29T14:20:50Z
TFC-O,22.95,2025-10-29T18:41:45Z
TFC-R,20.28,2025-10-29T19:06:32Z
TFI,45.85,2025-10-29T19:59:57Z
TFII,89.08,2025-10-29T19:59:28Z
TFIN,55.7,2025-10-29T19:59:25Z
TFLO,50.58,2025-10-29T13:35:12Z
TFLR,51.355,2025-10-29T19:28:38Z
TFPM,27.98,2025-10-29T19:59:48Z
TFSL,13.4,2025-10-29T19:59:52Z
TFX,128.275,2025-10-29T19:58:35Z
TG,7.085,2025-10-29T19:59:49Z
TGB,4.495,2025-10-29T19:59:52Z
TGE,1.68,2025-10-29T19:41:03Z
TGEN,9.515,2025-10-29T19:59:44Z
TGL,0.7501,2025-10-29T19:54:21Z
TGLS,59.235,2025-10-29T19:56:35Z
TGNA,19.71,2025-10-29T19:59:59Z
TGRT,46.01,2025-10-29T19:54:00Z
TGRW,48.03,2025-10-29T19:59:46Z
TGS,31.46,2025-10-29T19:59:42Z
TGT,94.1,2025-10-29T19:59:47Z
TGTX,33.76,2025-10-29T19:59:29Z
TH,7.34,2025-10-29T19:59:50Z
THAR,3.01,2025-10-29T19:59:29Z
THC,209.13,2025-10-29T19:59:58Z
THCH,2.45,2025-10-29T16:22:32Z
THD,61.335,2025-10-29T17:50:49Z
THFF,53.29,2025-10-29T19:59:04Z
THG,168.26,2025-10-29T19:59:49Z
THH,8.88,2025-10-29T17:44:50Z
THM,1.86,2025-10-29T19:59:50Z
THNQ,68.245,2025-10-29T17:50:31Z
THO,103.43,2025-10-29T19:59:11Z
THQ,17.995,2025-10-29T19:55:54Z
THR,27.94,2025-10-29T19:58:57Z
THRM,37.025,2025-10-29T19:59:05Z
THRO,38.99,2025-10-29T19:59:48Z
THRY,11.67,2025-10-29T19:59:59Z
THS,18.42,2025-10-29T19:59:58Z
THTA,15.1,2025-10-29T17:28:09Z
THW,12.97,2025-10-29T19:53:18Z
TIC,12.29,2025-10-29T19:59:50Z
TIGO,46.57,2025-10-29T19:59:47Z
TIGR,10.815,2025-10-29T19:59:59Z
TIL,17.7,2025-10-29T19:59:54Z
TILE,26.57,2025-10-29T19:59:45Z
TIMB,23.2,2025-10-29T19:59:53Z
TIME,25.16,2025-10-29T19:44:09Z
TIP,111.43,2025-10-29T19:59:54Z
TIPT,17.59,2025-10-29T19:57:45Z
TIPX,19.24,2025-10-29T19:59:45Z
TIRX,0.9618,2025-10-29T15:02:14Z
TISI,16.02,2025-10-29T18:40:24Z
TITN,16.575,2025-10-29T19:57:03Z
TIVC,2.5,2025-10-29T17:28:41Z
TIXT,4.35,2025-10-29T19:59:55Z
TJX,141.655,2025-10-29T19:59:57Z
TK,9.5,2025-10-29T19:59:57Z
TKC,6.03,2025-10-29T19:59:54Z
TKNO,5.39,2025-10-29T19:58:04Z
TKO,186.73,2025-10-29T19:59:46Z
TKR,79.17,2025-10-29T19:59:50Z
TLF,2.96,2025-10-29T19:56:40Z
TLH,104.395,2025-10-29T19:59:41Z
TLIH,0.4983,2025-10-29T19:59:48Z
TLK,19.98,2025-10-29T19:59:51Z
TLN,398.875,2025-10-29T19:59:25Z
TLNC,9.995,2025-10-29T19:59:24Z
TLPH,1.25,2025-10-29T19:44:44Z
TLRY,1.36,2025-10-29T19:59:39Z
TLS,6.97,2025-10-29T19:59:56Z
TLSA,1.89,2025-10-29T19:54:04Z
TLSI,4.76,2025-10-29T19:18:22Z
TLT,91.07,2025-10-29T19:59:59Z
TLTD,90,2025-10-29T17:52:02Z
TLTI,47.98,2025-10-29T19:50:21Z
TLTP,23.19,2025-10-29T19:40:29Z
TLTW,23.915,2025-10-29T19:59:57Z
TLX,10.635,2025-10-29T19:55:41Z
TLYS,1.53,2025-10-29T19:58:46Z
TM,206.96,2025-10-29T19:59:48Z
TMAT,28.55,2025-10-29T17:55:55Z
TMB,25.93,2025-10-29T18:00:35Z
TMC,6.88,2025-10-29T19:59:57Z
TMCI,6.54,2025-10-29T19:58:48Z
TMCWW,1.49,2025-10-29T19:58:57Z
TMDE,0.743,2025-10-29T19:59:29Z
TMDX,134.44,2025-10-29T19:59:28Z
TME,22.915,2025-10-29T19:59:56Z
TMF,42.53,2025-10-29T19:59:58Z
TMFC,73.31,2025-10-29T19:53:32Z
TMFM,24.11,2025-10-29T18:37:51Z
TMFX,21.4,2025-10-29T19:41:05Z
TMHC,59.1,2025-10-29T19:59:59Z
TMO,558.41,2025-10-29T19:59:59Z
TMP,65.17,2025-10-29T18:35:32Z
TMQ,4.73,2025-10-29T19:59:58Z
TMSL,35.35,2025-10-29T19:50:18Z
TMUS,214.895,2025-10-29T19:59:52Z
TMUSL,24.995,2025-10-29T18:09:55Z
TMUSZ,23.43,2025-10-29T13:49:25Z
TMV,33.09,2025-10-29T19:59:59Z
TNA,46.945,2025-10-29T19:59:50Z
TNC,82.24,2025-10-29T18:05:03Z
TNDM,15.15,2025-10-29T19:59:51Z
TNET,58.73,2025-10-29T19:59:22Z
TNGX,7.8,2025-10-29T19:59:56Z
TNGY,8.9,2025-10-29T19:31:14Z
TNK,60.27,2025-10-29T19:59:44Z
TNL,63.695,2025-10-29T19:59:49Z
TNMG,0.3217,2025-10-29T19:58:56Z
TNON,1.235,2025-10-29T19:59:51Z
TNXP,18.55,2025-10-29T19:59:50Z
TNYA,1.435,2025-10-29T19:59:51Z
TOAK,28.2,2025-10-29T15:42:05Z
TOGA,34.91,2025-10-29T16:56:05Z
TOI,4.7,2025-10-29T19:59:55Z
TOKE,5.73,2025-10-29T19:59:54Z
TOL,134.62,2025-10-29T19:59:56Z
TOMZ,1.04,2025-10-29T18:35:37Z
TONX,4.27,2025-10-29T19:59:06Z
TOON,0.811,2025-10-29T18:39:50Z
TOPT,31.84,2025-10-29T19:59:56Z
TOST,35.745,2025-10-29T19:59:59Z
TOTL,40.625,2025-10-29T19:59:46Z
TOUR,0.85,2025-10-29T16:25:16Z
TOUS,33.855,2025-10-29T19:55:50Z
TOV,29,2025-10-29T18:35:29Z
TOVX,0.3082,2025-10-29T19:53:50Z
TOWN,32.6,2025-10-29T19:59:59Z
TOYO,6.995,2025-10-29T15:03:21Z
TPB,87.97,2025-10-29T19:59:31Z
TPC,69.29,2025-10-29T19:59:51Z
TPET,1.025,2025-10-29T14:46:53Z
TPG,56.21,2025-10-29T19:59:55Z
TPH,31.84,2025-10-29T19:59:55Z
TPL,925,2025-10-29T19:57:09Z
TPLC,45.92,2025-10-29T17:49:20Z
TPOR,27.33,2025-10-29T17:43:06Z
TPR,112.885,2025-10-29T19:59:58Z
TPSC,40.695,2025-10-29T19:58:48Z
TPST,10.735,2025-10-29T19:09:08Z
TPVG,5.55,2025-10-29T19:58:43Z
TPYP,34.21,2025-10-29T19:59:14Z
TPZ,21.02,2025-10-29T19:57:23Z
TQQQ,120.25,2025-10-29T19:59:51Z
TQQY,18.965,2025-10-29T14:46:43Z
TR,35.49,2025-10-29T19:52:23Z
TRAK,14.96,2025-10-29T19:36:27Z
TRAW,2.74,2025-10-29T19:52:40Z
TRC,15.61,2025-10-29T19:58:37Z
TRDA,6.85,2025-10-29T19:57:56Z
TREE,60.39,2025-10-29T19:59:16Z
TREX,48.66,2025-10-29T19:59:50Z
TRFK,73.86,2025-10-29T19:59:58Z
TRFM,51.21,2025-10-29T18:18:21Z
TRGP,151.33,2025-10-29T19:59:41Z
TRI,152.78,2025-10-29T19:59:55Z
TRIB,0.9913,2025-10-29T19:58:00Z
TRIL,21.04,2025-10-29T15:33:00Z
TRIN,15.065,2025-10-29T19:59:52Z
TRIP,15.935,2025-10-29T19:59:57Z
TRMB,79.42,2025-10-29T19:59:59Z
TRMD,21.72,2025-10-29T19:59:42Z
TRMK,38.02,2025-10-29T19:59:59Z
TRN,27.8,2025-10-29T19:59:57Z
TRNO,58.21,2025-10-29T19:59:46Z
TRNS,74.23,2025-10-29T19:55:56Z
TRON,2.56,2025-10-29T19:59:48Z
TROO,1.59,2025-10-29T19:59:40Z
TROW,103.51,2025-10-29T19:59:53Z
TROX,3.66,2025-10-29T19:59:59Z
TRP,50.38,2025-10-29T19:59:59Z
TRS,37.03,2025-10-29T19:59:30Z
TRST,37.55,2025-10-29T19:54:44Z
TRTN-D,23.1,2025-10-29T18:10:15Z
TRTX,8.65,2025-10-29T19:59:45Z
TRTX-C,17.64,2025-10-29T18:42:46Z
TRU,80.385,2025-10-29T19:59:59Z
TRUE,2.28,2025-10-29T19:59:57Z
TRUG,2.23,2025-10-29T19:10:08Z
TRUP,41.69,2025-10-29T19:59:52Z
TRUT,28.22,2025-10-29T16:56:55Z
TRV,267.85,2025-10-29T19:59:49Z
TRVG,3.23,2025-10-29T19:13:03Z
TRVI,10.59,2025-10-29T19:59:59Z
TRX,0.6468,2025-10-29T19:59:36Z
TS,38.1,2025-10-29T19:59:57Z
TSAT,30.44,2025-10-29T19:59:37Z
TSCO,54.22,2025-10-29T19:59:55Z
TSDD,8.81,2025-10-29T19:59:29Z
TSE,1.36,2025-10-29T19:59:54Z
TSEM,83.38,2025-10-29T19:59:57Z
TSEP,23.78,2025-10-29T13:54:52Z
TSHA,5.01,2025-10-29T19:59:53Z
TSI,4.9,2025-10-29T19:24:47Z
TSII,29.75,2025-10-29T13:50:16Z
TSL,19.54,2025-10-29T19:59:59Z
TSLA,461.36,2025-10-29T19:59:56Z
TSLG,11.04,2025-10-29T19:59:37Z
TSLI,41.98,2025-10-29T13:51:19Z
TSLL,22.1,2025-10-29T19:59:59Z
TSLP,25.45,2025-10-29T14:49:01Z
TSLQ,21.25,2025-10-29T19:59:44Z
TSLR,35.59,2025-10-29T19:59:45Z
TSLS,5.105,2025-10-29T19:59:50Z
TSLT,29.96,2025-10-29T19:59:56Z
TSLV,20.48,2025-10-29T16:02:05Z
TSLW,38.96,2025-10-29T19:58:32Z
TSLX,22.76,2025-10-29T19:59:49Z
TSLY,8.62,2025-10-29T19:59:47Z
TSLZ,12.61,2025-10-29T17:56:43Z
TSM,305.09,2025-10-29T19:59:55Z
TSME,42.02,2025-10-29T17:42:30Z
TSMG,27.47,2025-10-29T19:59:59Z
TSMU,45.75,2025-10-29T19:06:00Z
TSMX,54.525,2025-10-29T19:57:34Z
TSMY,16.87,2025-10-29T19:12:06Z
TSMZ,12.235,2025-10-29T19:59:45Z
TSN,50.66,2025-10-29T19:59:50Z
TSPA,43.305,2025-10-29T19:59:29Z
TSPY,26.06,2025-10-29T19:59:53Z
TSQ,6.315,2025-10-29T19:59:50Z
TSSI,17.63,2025-10-29T19:59:57Z
TSXU,36.42,2025-10-29T13:53:29Z
TSYY,7.81,2025-10-29T19:59:58Z
TT,427.16,2025-10-29T19:59:50Z
TTAM,15.385,2025-10-29T19:59:49Z
TTAN,96.54,2025-10-29T19:59:55Z
TTC,75.17,2025-10-29T19:59:54Z
TTD,49.98,2025-10-29T19:59:58Z
TTDU,29.59,2025-10-29T19:56:06Z
TTE,62.225,2025-10-29T19:59:50Z
TTEC,3.41,2025-10-29T19:45:56Z
TTEK,31.86,2025-10-29T19:59:59Z
TTEQ,34.95,2025-10-29T14:10:46Z
TTGT,5.51,2025-10-29T19:59:28Z
TTI,7.2,2025-10-29T19:59:57Z
TTMI,63.62,2025-10-29T19:59:48Z
TTRX,5.28,2025-10-29T19:48:26Z
TTSH,6.245,2025-10-29T19:58:10Z
TTWO,251.68,2025-10-29T19:59:45Z
TTXD,21.68,2025-10-29T14:49:37Z
TTXU,28.39,2025-10-29T19:39:55Z
TU,14.77,2025-10-29T19:59:57Z
TUA,21.885,2025-10-29T19:59:46Z
TUG,41.545,2025-10-29T19:59:45Z
TUR,33.88,2025-10-29T19:05:46Z
TUSB,50.56,2025-10-29T19:44:57Z
TUSI,25.435,2025-10-29T17:29:24Z
TUSK,2.16,2025-10-29T16:20:08Z
TUYA,2.31,2025-10-29T19:59:24Z
TV,2.75,2025-10-29T19:59:54Z
TVA,10.97,2025-10-29T19:59:01Z
TVACW,1.34,2025-10-29T19:59:31Z
TVAL,34.35,2025-10-29T19:36:06Z
TVC,24.06,2025-10-29T18:20:14Z
TVE,24.14,2025-10-29T19:59:59Z
TVGN,0.59,2025-10-29T16:55:15Z
TVRD,4.745,2025-10-29T19:59:53Z
TVTX,29.99,2025-10-29T19:59:58Z
TW,105.475,2025-10-29T19:59:53Z
TWFG,24.25,2025-10-29T19:59:46Z
TWI,7.98,2025-10-29T19:59:55Z
TWIN,16.145,2025-10-29T18:03:23Z
TWLO,111.635,2025-10-29T19:59:56Z
TWM,32.56,2025-10-29T19:59:27Z
TWN,58.115,2025-10-29T18:41:41Z
TWO,9.64,2025-10-29T19:59:56Z
TWO-C,23.8,2025-10-29T15:01:29Z
TWOD,26.18,2025-10-29T13:52:35Z
TWST,32.17,2025-10-29T19:59:53Z
TX,35.87,2025-10-29T19:58:39Z
TXG,12.9,2025-10-29T19:59:59Z
TXN,160.31,2025-10-29T19:59:59Z
TXNM,56.83,2025-10-29T19:59:58Z
TXO,13.205,2025-10-29T19:53:32Z
TXRH,170.83,2025-10-29T19:55:37Z
TXT,80.015,2025-10-29T19:59:45Z
TXUE,30.6,2025-10-29T18:35:11Z
TY,34.43,2025-10-29T19:59:39Z
TYA,13.75,2025-10-29T19:59:51Z
TYG,42.15,2025-10-29T18:39:38Z
TYGO,2.28,2025-10-29T19:59:37Z
TYL,479.29,2025-10-29T19:59:40Z
TYO,12.76,2025-10-29T14:08:03Z
TYRA,15.205,2025-10-29T19:59:55Z
TZA,7.65,2025-10-29T19:59:59Z
TZOO,8.09,2025-10-29T19:59:39Z
TZUP,4.61,2025-10-29T19:59:42Z
U,37.14,2025-10-29T19:59:59Z
UA,4.455,2025-10-29T19:59:53Z
UAA,4.63,2025-10-29T19:59:54Z
UAE,19.985,2025-10-29T19:59:46Z
UAL,95.96,2025-10-29T19:59:53Z
UAMY,8.4,2025-10-29T19:59:58Z
UAPR,32.33,2025-10-29T19:42:42Z
UAVS,1.835,2025-10-29T19:59:27Z
UBER,95.7,2025-10-29T19:59:53Z
UBEW,51.84,2025-10-29T13:37:41Z
UBFO,9.115,2025-10-29T19:58:29Z
UBND,22.14,2025-10-29T19:59:46Z
UBRL,33.31,2025-10-29T19:57:02Z
UBS,38.3,2025-10-29T19:59:57Z
UBSI,35.8,2025-10-29T19:59:57Z
UBXG,2.18,2025-10-29T19:59:50Z
UCB,29.22,2025-10-29T19:59:58Z
UCC,52.88,2025-10-29T19:44:17Z
UCL,2.11,2025-10-29T14:15:34Z
UCO,21.265,2025-10-29T19:59:50Z
UCON,25.255,2025-10-29T19:58:44Z
UCTT,28.585,2025-10-29T19:59:50Z
UDEC,38.93,2025-10-29T19:48:53Z
UDMY,6.38,2025-10-29T19:59:56Z
UDN,18.555,2025-10-29T19:57:40Z
UDOW,114.64,2025-10-29T19:59:52Z
UDR,33.57,2025-10-29T19:59:59Z
UE,19.74,2025-10-29T19:59:58Z
UEC,15.64,2025-10-29T19:59:59Z
UEIC,3.98,2025-10-29T19:31:54Z
UFCS,30.01,2025-10-29T19:59:26Z
UFG,1.44,2025-10-29T19:59:50Z
UFI,4.38,2025-10-29T19:59:26Z
UFIV,49.42,2025-10-29T19:59:45Z
UFO,37.69,2025-10-29T19:56:14Z
UFPI,89.9,2025-10-29T19:58:57Z
UFPT,189.41,2025-10-29T19:59:47Z
UGA,65.35,2025-10-29T16:07:16Z
UGE,16.36,2025-10-29T19:53:56Z
UGI,33.22,2025-10-29T19:59:58Z
UGL,47.38,2025-10-29T19:59:52Z
UGP,3.86,2025-10-29T19:59:59Z
UGRO,0.3814,2025-10-29T15:14:15Z
UHAL,53.415,2025-10-29T19:58:00Z
UHAL.B,48.79,2025-10-29T19:59:57Z
UHG,1.63,2025-10-29T19:59:56Z
UHS,225.285,2025-10-29T19:59:52Z
UHT,36.33,2025-10-29T19:58:42Z
UI,770.08,2025-10-29T16:07:01Z
UIS,3.53,2025-10-29T19:59:59Z
UITB,47.705,2025-10-29T19:55:04Z
UIVM,61.57,2025-10-29T14:12:32Z
UJUL,38.43,2025-10-29T17:27:43Z
UKOMW,0.0038,2025-10-29T18:50:03Z
UL,60.97,2025-10-29T19:59:58Z
ULBI,7.04,2025-10-29T17:59:02Z
ULCC,3.82,2025-10-29T19:59:54Z
ULE,12.84,2025-10-29T19:59:31Z
ULH,17.13,2025-10-29T19:18:22Z
ULS,81.02,2025-10-29T19:59:50Z
ULST,40.715,2025-10-29T17:08:04Z
ULTA,505.835,2025-10-29T19:59:21Z
ULTY,4.96,2025-10-29T19:59:41Z
ULVM,89.4,2025-10-29T19:35:19Z
ULY,2.83,2025-10-29T16:34:32Z
UMAC,15.8,2025-10-29T19:59:59Z
UMBF,108.49,2025-10-29T19:59:35Z
UMBFO,26.89,2025-10-29T19:23:43Z
UMC,7.39,2025-10-29T19:59:58Z
UMH,14.29,2025-10-29T19:59:59Z
UMI,48.49,2025-10-29T13:30:29Z
UMMA,28.855,2025-10-29T18:43:32Z
UNB,22.365,2025-10-29T19:27:09Z
UNCY,4.82,2025-10-29T19:59:49Z
UNF,155.715,2025-10-29T19:59:46Z
UNFI,38.305,2025-10-29T19:59:59Z
UNG,12.21,2025-10-29T19:59:45Z
UNH,355.17,2025-10-29T19:59:56Z
UNHG,22.08,2025-10-29T19:59:50Z
UNIT,5.85,2025-10-29T19:59:59Z
UNL,7.69,2025-10-29T19:50:06Z
UNM,74.785,2025-10-29T19:59:49Z
UNOV,37.74,2025-10-29T16:39:49Z
UNP,216.36,2025-10-29T19:59:46Z
UNX,15.26,2025-10-29T16:35:56Z
UONE,1.32,2025-10-29T16:41:57Z
UONEK,0.614,2025-10-29T16:54:18Z
UP,1.46,2025-10-29T19:59:59Z
UPB,24.17,2025-10-29T19:59:07Z
UPBD,23.13,2025-10-29T19:59:59Z
UPGR,25.74,2025-10-29T19:51:09Z
UPLD,2.08,2025-10-29T19:55:01Z
UPRO,120.52,2025-10-29T19:59:45Z
UPS,97.36,2025-10-29T19:59:50Z
UPSD,26.84,2025-10-29T18:37:08Z
UPST,48.685,2025-10-29T19:59:47Z
UPSX,13.745,2025-10-29T19:55:23Z
UPV,85.81,2025-10-29T13:48:18Z
UPWK,16.89,2025-10-29T19:59:56Z
UPXI,4.55,2025-10-29T19:59:59Z
URA,56.475,2025-10-29T19:59:57Z
URAA,53.63,2025-10-29T19:48:37Z
URAN,51.96,2025-10-29T19:27:20Z
URBN,66.315,2025-10-29T19:59:51Z
URG,1.68,2025-10-29T19:59:59Z
URGN,19.74,2025-10-29T19:59:48Z
URI,870.795,2025-10-29T19:59:35Z
URNJ,31.18,2025-10-29T19:55:25Z
URNM,64.16,2025-10-29T19:59:26Z
UROY,4.815,2025-10-29T19:59:49Z
URTH,186.13,2025-10-29T19:58:49Z
URTY,55.11,2025-10-29T19:59:54Z
USA,6.38,2025-10-29T19:55:07Z
USAC,22.035,2025-10-29T19:59:45Z
USAF,27.29,2025-10-29T18:40:52Z
USAR,20.1,2025-10-29T19:59:59Z
USARW,8.41,2025-10-29T18:32:42Z
USAS,4.1,2025-10-29T19:59:59Z
USAU,15.32,2025-10-29T19:59:40Z
USB,46.64,2025-10-29T19:59:59Z
USB-H,19.07,2025-10-29T19:37:05Z
USB-P,23.84,2025-10-29T19:56:39Z
USB-Q,15.85,2025-10-29T19:23:29Z
USB-R,16.9,2025-10-29T14:32:17Z
USB-S,19.48,2025-10-29T18:46:02Z
USBC,0.98,2025-10-29T18:12:11Z
USCB,17.645,2025-10-29T15:09:03Z
USCI,78.19,2025-10-29T16:55:52Z
USD,126.64,2025-10-29T19:58:31Z
USDU,26.795,2025-10-29T19:59:55Z
USEG,1.195,2025-10-29T19:51:47Z
USFD,73.04,2025-10-29T19:59:58Z
USFR,50.25,2025-10-29T19:59:50Z
USGO,11.565,2025-10-29T17:14:16Z
USHY,37.65,2025-10-29T19:59:56Z
USIG,52.465,2025-10-29T19:59:24Z
USIO,1.44,2025-10-29T19:33:28Z
USL,34.835,2025-10-29T18:21:04Z
USLM,126.525,2025-10-29T19:45:10Z
USMC,69.88,2025-10-29T19:59:46Z
USMV,93.04,2025-10-29T19:59:58Z
USNA,19.61,2025-10-29T19:59:59Z
USO,71.8,2025-10-29T19:59:55Z
USOI,49.45,2025-10-29T16:46:25Z
USOY,7.19,2025-10-29T17:59:40Z
USPH,87.475,2025-10-29T19:56:32Z
USPX,60.38,2025-10-29T19:50:30Z
USRT,57.05,2025-10-29T19:48:33Z
USSG,63.69,2025-10-29T19:05:34Z
USTB,50.935,2025-10-29T19:59:53Z
USVM,89.42,2025-10-29T19:59:45Z
USXF,59.37,2025-10-29T19:59:46Z
UTES,84.965,2025-10-29T19:59:48Z
UTF,23.61,2025-10-29T19:59:55Z
UTG,38.145,2025-10-29T19:31:20Z
UTHR,455.37,2025-10-29T19:59:53Z
UTHY,43.28,2025-10-29T14:41:51Z
UTI,32.55,2025-10-29T19:59:38Z
UTL,48.575,2025-10-29T19:58:50Z
UTSL,47.935,2025-10-29T19:59:45Z
UTWO,48.575,2025-10-29T19:59:47Z
UTZ,11.96,2025-10-29T19:59:59Z
UUP,28.015,2025-10-29T19:59:35Z
UUU,4.85,2025-10-29T15:06:40Z
UUUU,20.38,2025-10-29T19:59:58Z
UVE,31.41,2025-10-29T19:50:03Z
UVIX,9.64,2025-10-29T19:59:57Z
UVSP,29.49,2025-10-29T19:48:40Z
UVV,50.97,2025-10-29T19:59:32Z
UVXY,10.41,2025-10-29T19:59:59Z
UWM,47.73,2025-10-29T19:59:41Z
UWMC,5.65,2025-10-29T19:59:58Z
UXIN,2.6,2025-10-29T19:56:23Z
UXRP,21.64,2025-10-29T19:59:46Z
UYLD,51.33,2025-10-29T18:06:36Z
UYM,23,2025-10-29T18:44:13Z
V,341.05,2025-10-29T19:59:53Z
VAC,66.475,2025-10-29T19:59:30Z
VAL,56.475,2025-10-29T19:59:35Z
VALE,11.835,2025-10-29T19:59:50Z
VANI,1.765,2025-10-29T19:59:42Z
VATE,5.25,2025-10-29T19:51:26Z
VAW,199.23,2025-10-29T18:54:08Z
VB,255.37,2025-10-29T19:59:55Z
VBF,15.77,2025-10-29T19:38:42Z
VBIL,75.615,2025-10-29T19:55:10Z
VBK,304.055,2025-10-29T19:59:46Z
VBNK,11.845,2025-10-29T19:53:32Z
VBR,206.995,2025-10-29T19:59:46Z
VC,104.2,2025-10-29T19:59:49Z
VCEB,64.58,2025-10-29T19:10:31Z
VCEL,34.86,2025-10-29T19:59:28Z
VCIC,11.1,2025-10-29T19:58:27Z
VCIG,1.825,2025-10-29T19:55:54Z
VCIT,84.405,2025-10-29T19:59:54Z
VCLT,78.635,2025-10-29T19:59:30Z
VCR,394.19,2025-10-29T19:28:15Z
VCRB,78.755,2025-10-29T19:55:15Z
VCRM,75.86,2025-10-29T19:59:59Z
VCSH,79.95,2025-10-29T19:59:47Z
VCTR,62.825,2025-10-29T19:59:25Z
VCV,10.96,2025-10-29T19:53:36Z
VCYT,35.43,2025-10-29T19:59:54Z
VDC,209.54,2025-10-29T19:53:01Z
VDE,124.545,2025-10-29T19:49:16Z
VEA,61.3,2025-10-29T19:59:55Z
VECO,29.33,2025-10-29T19:59:59Z
VEEA,0.679,2025-10-29T19:54:39Z
VEEE,2.23,2025-10-29T16:05:46Z
VEEV,286.53,2025-10-29T19:59:49Z
VEL,18.28,2025-10-29T19:50:36Z
VELO,5.53,2025-10-29T19:54:52Z
VENU,13.53,2025-10-29T19:58:50Z
VEON,47.28,2025-10-29T19:45:32Z
VERA,29.3,2025-10-29T19:59:49Z
VERI,6.375,2025-10-29T19:59:57Z
VERU,3.51,2025-10-29T19:56:23Z
VERX,23.25,2025-10-29T19:59:57Z
VET,7.435,2025-10-29T19:59:59Z
VEU,73.24,2025-10-29T19:57:40Z
VEXC,79.455,2025-10-29T17:25:22Z
VFC,14.545,2025-10-29T19:59:58Z
VFF,3.08,2025-10-29T19:59:49Z
VFH,126.805,2025-10-29T19:59:46Z
VFL,10.31,2025-10-29T15:15:15Z
VFLO,37.655,2025-10-29T19:59:47Z
VFS,3.38,2025-10-29T19:59:59Z
VG,8.78,2025-10-29T19:59:56Z
VGI,7.95,2025-10-29T16:45:03Z
VGIT,60.16,2025-10-29T19:59:45Z
VGK,81.06,2025-10-29T19:59:58Z
VGLT,57.8,2025-10-29T19:59:50Z
VGM,10.205,2025-10-29T19:59:15Z
VGMS,51.87,2025-10-29T19:06:24Z
VGSH,58.835,2025-10-29T19:31:17Z
VGSR,10.56,2025-10-29T16:50:30Z
VGT,801.375,2025-10-29T19:58:38Z
VGUS,75.66,2025-10-29T16:10:47Z
VGVT,76.99,2025-10-29T19:13:03Z
VGZ,1.675,2025-10-29T19:59:55Z
VHI,14.85,2025-10-29T18:37:17Z
VHT,269.38,2025-10-29T19:59:46Z
VIA,53.23,2025-10-29T19:56:10Z
VIAV,13.99,2025-10-29T19:59:58Z
VICI,29.73,2025-10-29T19:59:59Z
VICR,91.105,2025-10-29T19:59:53Z
VIDI,33.11,2025-10-29T19:06:44Z
VIG,218.06,2025-10-29T19:58:29Z
VIGI,89.53,2025-10-29T19:50:06Z
VIK,59.535,2025-10-29T19:59:55Z
VINP,11.31,2025-10-29T19:57:18Z
VIOO,110.545,2025-10-29T19:51:29Z
VIOT,3.1,2025-10-29T19:59:47Z
VIPS,18.31,2025-10-29T19:59:59Z
VIR,5.9,2025-10-29T19:59:58Z
VIRC,7.24,2025-10-29T19:59:51Z
VIRT,34.385,2025-10-29T19:59:52Z
VIS,302.965,2025-10-29T15:40:03Z
VIST,48.415,2025-10-29T19:59:56Z
VITL,34.89,2025-10-29T19:59:59Z
VIV,12.755,2025-10-29T19:59:43Z
VIVK,0.2551,2025-10-29T19:57:08Z
VIVS,2.33,2025-10-29T18:07:06Z
VIXM,16.04,2025-10-29T19:59:51Z
VIXY,32.55,2025-10-29T19:59:45Z
VKI,8.92,2025-10-29T19:59:45Z
VKQ,9.71,2025-10-29T19:52:24Z
VKTX,35.21,2025-10-29T19:59:50Z
VLGEA,31.42,2025-10-29T19:56:06Z
VLN,1.705,2025-10-29T19:59:48Z
VLO,170.67,2025-10-29T19:59:44Z
VLRS,6.42,2025-10-29T19:59:58Z
VLT,11.28,2025-10-29T18:16:15Z
VLTO,99.425,2025-10-29T19:59:48Z
VLUE,130.27,2025-10-29T19:59:55Z
VLY,10.96,2025-10-29T19:59:59Z
VMAR,1.49,2025-10-29T19:49:19Z
VMBS,47.14,2025-10-29T19:59:49Z
VMC,295.1,2025-10-29T19:59:50Z
VMD,6.55,2025-10-29T19:59:14Z
VMEO,7.78,2025-10-29T19:59:59Z
VMI,420.45,2025-10-29T19:51:06Z
VMO,9.65,2025-10-29T19:59:54Z
VNCE,2.79,2025-10-29T16:47:50Z
VNDA,5.41,2025-10-29T19:59:59Z
VNET,11.045,2025-10-29T19:59:53Z
VNLA,49.3,2025-10-29T19:59:45Z
VNM,18.145,2025-10-29T19:59:46Z
VNO,37.61,2025-10-29T19:59:45Z
VNOM,37.13,2025-10-29T19:59:59Z
VNQ,88.525,2025-10-29T19:59:58Z
VNQI,47.6,2025-10-29T19:57:11Z
VNRX,0.4294,2025-10-29T19:51:27Z
VNT,42.76,2025-10-29T19:59:51Z
VNTG,0.9288,2025-10-29T19:36:30Z
VO,291.24,2025-10-29T19:59:53Z
VOC,3.14,2025-10-29T19:59:35Z
VOD,11.91,2025-10-29T19:59:55Z
VOE,172.42,2025-10-29T19:50:38Z
VOLT,31.195,2025-10-29T19:59:50Z
VONE,310.99,2025-10-29T19:49:13Z
VONG,126.43,2025-10-29T19:59:30Z
VONV,89.78,2025-10-29T19:58:42Z
VOO,631.97,2025-10-29T19:59:59Z
VOOG,455.13,2025-10-29T19:54:00Z
VOOV,202.26,2025-10-29T19:11:54Z
VOR,25.44,2025-10-29T19:59:45Z
VOT,292.67,2025-10-29T19:45:22Z
VOX,190.83,2025-10-29T19:53:30Z
VOXR,4.15,2025-10-29T19:59:52Z
VOYA,73.1,2025-10-29T19:59:56Z
VOYA-B,24.68,2025-10-29T19:05:50Z
VOYG,30.74,2025-10-29T19:59:54Z
VPC,18.62,2025-10-29T19:50:12Z
VPG,38.195,2025-10-29T19:59:48Z
VPL,91.66,2025-10-29T19:59:59Z
VPLS,79.005,2025-10-29T19:50:20Z
VPU,194.725,2025-10-29T19:36:07Z
VPV,10.47,2025-10-29T15:07:24Z
VRA,2.45,2025-10-29T19:59:55Z
VRAR,1.57,2025-10-29T19:54:02Z
VRCA,3.57,2025-10-29T19:59:08Z
VRDN,23.01,2025-10-29T19:59:59Z
VRE,14.28,2025-10-29T19:59:46Z
VREX,11.97,2025-10-29T19:59:27Z
VRIG,25.085,2025-10-29T19:55:40Z
VRNS,32.355,2025-10-29T19:59:57Z
VRNT,20.27,2025-10-29T19:59:59Z
VRP,24.685,2025-10-29T19:59:11Z
VRRM,23.81,2025-10-29T19:59:49Z
VRSK,208.03,2025-10-29T19:59:58Z
VRSN,232.955,2025-10-29T19:59:57Z
VRT,199.24,2025-10-29T19:59:52Z
VRTL,80.805,2025-10-29T19:34:42Z
VRTS,165.565,2025-10-29T18:42:46Z
VRTX,417.09,2025-10-29T19:59:54Z
VSA,2.69,2025-10-29T19:44:53Z
VSAT,39.165,2025-10-29T19:59:56Z
VSCO,36.27,2025-10-29T19:59:57Z
VSDB,76.74,2025-10-29T19:55:00Z
VSDM,76.61,2025-10-29T19:27:13Z
VSEC,180.9,2025-10-29T19:58:46Z
VSEE,1.38,2025-10-29T19:59:58Z
VSEEW,0.2054,2025-10-29T19:54:51Z
VSGX,71.15,2025-10-29T19:59:59Z
VSH,17.28,2025-10-29T19:59:56Z
VSLU,44.09,2025-10-29T19:23:27Z
VSME,1.265,2025-10-29T19:57:47Z
VSS,143.1,2025-10-29T19:59:55Z
VST,199.335,2025-10-29T19:59:50Z
VSTD,0.9382,2025-10-29T19:33:23Z
VSTL,20.4,2025-10-29T15:15:00Z
VSTM,8.8,2025-10-29T19:59:42Z
VSTS,5.23,2025-10-29T19:59:57Z
VT,141.5,2025-10-29T19:59:52Z
VTAK,2.44,2025-10-29T19:30:41Z
VTC,78.795,2025-10-29T19:55:58Z
VTEB,50.495,2025-10-29T19:59:54Z
VTEC,100.72,2025-10-29T19:59:59Z
VTEI,101.03,2025-10-29T19:59:59Z
VTEL,104.5,2025-10-29T16:23:07Z
VTES,101.545,2025-10-29T19:53:22Z
VTEX,4.42,2025-10-29T19:59:57Z
VTG,77.06,2025-10-29T13:54:08Z
VTGN,3.94,2025-10-29T19:57:33Z
VTHR,303.6,2025-10-29T15:56:08Z
VTI,337.47,2025-10-29T19:59:55Z
VTIP,49.99,2025-10-29T19:59:46Z
VTLE,15.28,2025-10-29T19:59:41Z
VTMX,30.29,2025-10-29T19:54:50Z
VTN,10.915,2025-10-29T19:09:26Z
VTOL,39.06,2025-10-29T19:59:48Z
VTR,69.65,2025-10-29T19:59:53Z
VTRS,10.27,2025-10-29T19:59:59Z
VTS,21.59,2025-10-29T19:59:43Z
VTSI,5.94,2025-10-29T19:49:45Z
VTV,185.88,2025-10-29T19:59:51Z
VTWO,99.79,2025-10-29T19:59:59Z
VTWV,158.6,2025-10-29T14:20:58Z
VTYX,7.365,2025-10-29T19:59:57Z
VUG,503.95,2025-10-29T19:59:55Z
VUSB,49.955,2025-10-29T19:59:59Z
VUZI,3.61,2025-10-29T19:59:35Z
VV,317.4,2025-10-29T19:58:01Z
VVOS,2.63,2025-10-29T19:55:53Z
VVPR,4.72,2025-10-29T19:59:59Z
VVR,3.27,2025-10-29T19:59:50Z
VVV,32.7,2025-10-29T19:59:50Z
VVX,56.945,2025-10-29T19:59:29Z
VWAV,12.33,2025-10-29T19:34:07Z
VWAVW,1.45,2025-10-29T19:35:39Z
VWO,55.755,2025-10-29T19:59:58Z
VWOB,67.98,2025-10-29T19:59:57Z
VXF,212.12,2025-10-29T19:50:45Z
VXUS,75.25,2025-10-29T19:59:10Z
VXX,33.53,2025-10-29T19:59:47Z
VYGR,4.6,2025-10-29T19:59:57Z
VYM,141.23,2025-10-29T19:59:54Z
VYMI,85.84,2025-10-29T19:59:46Z
VYNE,0.3424,2025-10-29T19:58:32Z
VYX,11.43,2025-10-29T19:59:58Z
VZ,40.22,2025-10-29T19:59:59Z
VZLA,4.17,2025-10-29T19:59:56Z
W,103.605,2025-10-29T19:59:54Z
WAB,201.325,2025-10-29T19:59:24Z
WABC,47.495,2025-10-29T19:43:32Z
WAFD,29.13,2025-10-29T19:59:41Z
WAI,3,2025-10-29T16:03:31Z
WAL,76.125,2025-10-29T19:59:54Z
WAL-A,21.06,2025-10-29T19:49:57Z
WALD,1.76,2025-10-29T19:59:15Z
WANT,51.9,2025-10-29T19:59:51Z
WASH,27.37,2025-10-29T19:59:42Z
WAT,343.78,2025-10-29T19:59:25Z
WATT,7.81,2025-10-29T19:34:16Z
WAVE,7.865,2025-10-29T13:38:33Z
WAY,39.66,2025-10-29T19:59:59Z
WB,11.14,2025-10-29T19:59:55Z
WBD,21.34,2025-10-29T19:59:59Z
WBI,23.67,2025-10-29T19:55:39Z
WBS,56.16,2025-10-29T19:59:54Z
WBTN,17.885,2025-10-29T19:59:23Z
WBUY,2.54,2025-10-29T19:48:47Z
WCBR,30.91,2025-10-29T15:42:19Z
WCC,228.73,2025-10-29T19:59:45Z
WCLD,35.2,2025-10-29T19:51:10Z
WCMI,16.945,2025-10-29T19:59:22Z
WCN,168.33,2025-10-29T19:59:40Z
WCPB,25.83,2025-10-29T15:25:44Z
WCT,0.2557,2025-10-29T18:39:12Z
WD,79.585,2025-10-29T19:59:46Z
WDAY,231.4,2025-10-29T19:59:56Z
WDC,141.26,2025-10-29T19:59:52Z
WDEF,31.09,2025-10-29T16:22:18Z
WDFC,191.6,2025-10-29T19:59:48Z
WDH,1.73,2025-10-29T19:59:54Z
WDI,14.43,2025-10-29T19:59:58Z
WDS,15.97,2025-10-29T19:59:50Z
WDTE,33.52,2025-10-29T14:01:33Z
WEA,11.19,2025-10-29T15:28:41Z
WEAT,4.25,2025-10-29T18:18:28Z
WEAV,6.59,2025-10-29T19:59:59Z
WEBL,33.7,2025-10-29T19:59:50Z
WEBS,17.25,2025-10-29T14:22:11Z
WEC,114.64,2025-10-29T19:59:59Z
WEEI,21.09,2025-10-29T14:46:25Z
WELL,177.03,2025-10-29T19:59:53Z
WEN,8.63,2025-10-29T19:59:56Z
WERN,26.875,2025-10-29T19:59:49Z
WES,38.3,2025-10-29T19:59:54Z
WEST,4.79,2025-10-29T19:59:58Z
WETH,3.53,2025-10-29T19:56:33Z
WETO,1.36,2025-10-29T19:22:00Z
WEX,154.01,2025-10-29T19:59:26Z
WF,54.49,2025-10-29T17:28:59Z
WFC,86.06,2025-10-29T19:59:59Z
WFC-A,19.93,2025-10-29T18:40:26Z
WFC-C,18.5,2025-10-29T19:59:25Z
WFC-D,17.98,2025-10-29T19:59:56Z
WFC-Z,20.055,2025-10-29T19:42:51Z
WFG,62.05,2025-10-29T19:59:50Z
WFRD,73.16,2025-10-29T19:59:47Z
WGMI,58.59,2025-10-29T19:58:40Z
WGO,37.21,2025-10-29T19:59:53Z
WGRX,0.628,2025-10-29T19:52:09Z
WGS,131.78,2025-10-29T19:59:50Z
WH,73.56,2025-10-29T19:59:57Z
WHD,42.285,2025-10-29T19:59:53Z
WHF,7.24,2025-10-29T19:06:45Z
WHLR,3,2025-10-29T19:59:28Z
WHR,74.555,2025-10-29T19:59:54Z
WHWK,2.45,2025-10-29T19:58:32Z
WIA,8.38,2025-10-29T17:12:49Z
WILD,33.86,2025-10-29T19:02:09Z
WIMI,3.85,2025-10-29T19:57:50Z
WINA,401.735,2025-10-29T18:49:27Z
WING,242.69,2025-10-29T19:59:39Z
WINN,32.59,2025-10-29T19:30:02Z
WIP,39.43,2025-10-29T17:03:48Z
WISE,46.76,2025-10-29T19:55:19Z
WIT,2.68,2025-10-29T19:59:39Z
WIW,8.88,2025-10-29T19:59:58Z
WIX,135.78,2025-10-29T19:58:41Z
WK,86.63,2025-10-29T19:59:29Z
WKC,25.69,2025-10-29T19:59:59Z
WKEY,15.885,2025-10-29T19:59:44Z
WKHS,1.055,2025-10-29T19:59:47Z
WKSP,3.2,2025-10-29T19:13:17Z
WLAC,12.44,2025-10-29T19:42:27Z
WLACW,3.25,2025-10-29T18:39:41Z
WLDN,92.03,2025-10-29T19:59:29Z
WLDR,36.94,2025-10-29T18:36:00Z
WLDS,2.675,2025-10-29T19:59:51Z
WLK,73.41,2025-10-29T19:59:50Z
WLKP,18.975,2025-10-29T19:57:22Z
WLY,36.63,2025-10-29T19:59:53Z
WM,197.575,2025-10-29T19:59:42Z
WMB,56.97,2025-10-29T19:59:59Z
WMG,31.295,2025-10-29T19:59:55Z
WMK,64.015,2025-10-29T19:45:29Z
WMS,139.86,2025-10-29T19:59:49Z
WMT,102.47,2025-10-29T19:59:57Z
WNC,8.29,2025-10-29T19:59:49Z
WNEB,11.44,2025-10-29T19:35:35Z
WNTR,31.34,2025-10-29T15:44:05Z
WOK,3.65,2025-10-29T19:40:02Z
WOLF,31.89,2025-10-29T19:59:54Z
WOOF,3.49,2025-10-29T19:59:58Z
WOR,55.125,2025-10-29T19:55:52Z
WORX,0.2941,2025-10-29T19:51:57Z
WOW,5.135,2025-10-29T19:59:53Z
WPAY,54.725,2025-10-29T19:55:04Z
WPC,66.28,2025-10-29T19:59:59Z
WPM,95.18,2025-10-29T19:59:47Z
WPP,23.42,2025-10-29T19:53:40Z
WPRT,2.01,2025-10-29T19:39:31Z
WQTM,29.42,2025-10-29T18:52:49Z
WRAP,2.65,2025-10-29T19:56:55Z
WRB,71.4,2025-10-29T19:59:57Z
WRB-F,20.74,2025-10-29T19:47:48Z
WRBY,20.04,2025-10-29T19:59:57Z
WRD,11.105,2025-10-29T19:59:56Z
WRLD,133.935,2025-10-29T14:45:00Z
WRN,2.125,2025-10-29T19:59:53Z
WS,31.8,2025-10-29T19:59:51Z
WSBC,29.91,2025-10-29T19:59:49Z
WSBCO,25.62,2025-10-29T18:52:18Z
WSBF,15.38,2025-10-29T19:43:40Z
WSC,22.13,2025-10-29T19:59:47Z
WSFS,52.93,2025-10-29T19:59:57Z
WSM,195.34,2025-10-29T19:59:50Z
WSO,368.18,2025-10-29T19:59:46Z
WSR,12.05,2025-10-29T19:59:49Z
WST,285,2025-10-29T19:59:55Z
WT,11.795,2025-10-29T19:59:59Z
WTAI,31.925,2025-10-29T19:59:28Z
WTBA,21.5,2025-10-29T18:42:14Z
WTBN,25.805,2025-10-29T18:46:11Z
WTF,4.9,2025-10-29T19:19:58Z
WTFC,127.52,2025-10-29T19:58:40Z
WTFCN,26.275,2025-10-29T19:58:42Z
WTI,2.125,2025-10-29T19:59:53Z
WTMF,38.085,2025-10-29T19:52:09Z
WTMU,25.82,2025-10-29T18:36:43Z
WTO,0.0456,2025-10-29T19:57:23Z
WTPI,33.59,2025-10-29T19:40:50Z
WTRG,39.16,2025-10-29T19:59:50Z
WTS,272.555,2025-10-29T19:59:47Z
WTTR,11.855,2025-10-29T19:59:44Z
WTV,91.21,2025-10-29T18:35:29Z
WTW,317.38,2025-10-29T19:59:51Z
WU,9.55,2025-10-29T19:59:56Z
WUGI,93.905,2025-10-29T16:32:41Z
WULF,14.49,2025-10-29T19:59:58Z
WULX,32.76,2025-10-29T19:54:50Z
WVE,8.25,2025-10-29T19:59:58Z
WW,34.9,2025-10-29T19:59:04Z
WWD,266.87,2025-10-29T19:56:06Z
WWR,1.39,2025-10-29T19:59:59Z
WWW,23.265,2025-10-29T19:59:59Z
WXM,3.28,2025-10-29T18:44:08Z
WY,23.21,2025-10-29T19:59:59Z
WYFI,33.78,2025-10-29T19:59:49Z
WYHG,1.055,2025-10-29T19:59:38Z
WYNN,120.82,2025-10-29T19:59:41Z
WYY,6.675,2025-10-29T19:53:35Z
XAIR,2.05,2025-10-29T19:59:29Z
XAIX,44.31,2025-10-29T14:44:57Z
XAPR,36.01,2025-10-29T17:25:02Z
XAR,249.81,2025-10-29T19:41:31Z
XBAP,38.09,2025-10-29T14:52:27Z
XBB,41.33,2025-10-29T19:56:00Z
XBI,110.99,2025-10-29T19:59:55Z
XBIL,50.185,2025-10-29T19:59:45Z
XBIO,3.385,2025-10-29T18:53:24Z
XBIT,2.38,2025-10-29T17:14:27Z
XBJA,31.53,2025-10-29T16:03:26Z
XBP,0.547,2025-10-29T19:52:37Z
XBTY,16.22,2025-10-29T14:32:11Z
XC,35.56,2025-10-29T16:14:41Z
XCCC,38.82,2025-10-29T19:17:37Z
XCEM,38.85,2025-10-29T19:21:20Z
XDIV,27.91,2025-10-29T15:58:07Z
XDSQ,40.77,2025-10-29T18:47:09Z
XDTE,44.68,2025-10-29T19:59:50Z
XEL,79.71,2025-10-29T19:59:54Z
XELB,1.24,2025-10-29T18:39:40Z
XELLL,25.15,2025-10-29T19:59:54Z
XEMD,44.59,2025-10-29T16:15:08Z
XENE,42.275,2025-10-29T19:59:57Z
XERS,9.6,2025-10-29T19:59:52Z
XES,81.39,2025-10-29T19:55:59Z
XFLT,4.915,2025-10-29T19:59:23Z
XFOR,3.75,2025-10-29T19:59:43Z
XGN,11.85,2025-10-29T19:59:52Z
XHB,105.27,2025-10-29T19:59:52Z
XHE,80.8,2025-10-29T18:36:07Z
XHG,0.999,2025-10-29T19:57:06Z
XHLD,0.3527,2025-10-29T19:57:25Z
XHLF,50.41,2025-10-29T18:35:30Z
XHR,12.84,2025-10-29T19:59:50Z
XHS,105.25,2025-10-29T13:41:27Z
XIFR,9.905,2025-10-29T19:59:52Z
XIMR,31.16,2025-10-29T16:05:38Z
XLB,87.39,2025-10-29T19:59:59Z
XLC,116.34,2025-10-29T19:59:59Z
XLE,88.04,2025-10-29T19:59:59Z
XLF,52.09,2025-10-29T19:59:59Z
XLFI,24.68,2025-10-29T16:43:40Z
XLG,60.52,2025-10-29T19:59:59Z
XLI,155.04,2025-10-29T19:59:55Z
XLK,304.15,2025-10-29T19:59:57Z
XLO,0.8065,2025-10-29T19:43:26Z
XLP,76.63,2025-10-29T19:59:59Z
XLRE,40.65,2025-10-29T19:59:59Z
XLSR,62.27,2025-10-29T19:50:02Z
XLU,90.11,2025-10-29T19:59:59Z
XLV,144.05,2025-10-29T19:59:59Z
XLY,239.035,2025-10-29T19:59:52Z
XMAR,39.45,2025-10-29T17:41:06Z
XMAY,34.46,2025-10-29T17:43:36Z
XME,98.24,2025-10-29T19:59:59Z
XMHQ,104.155,2025-10-29T19:59:48Z
XMLV,61.58,2025-10-29T19:50:03Z
XMMO,137.08,2025-10-29T19:59:56Z
XMPT,22,2025-10-29T14:26:39Z
XMTR,50.27,2025-10-29T19:57:15Z
XMVM,59.94,2025-10-29T15:02:57Z
XNCR,14.7,2025-10-29T19:59:59Z
XNET,8.94,2025-10-29T19:59:21Z
XNTK,294.93,2025-10-29T19:55:10Z
XOM,116.53,2025-10-29T19:59:59Z
XOMA,32.92,2025-10-29T19:47:56Z
XOP,126.415,2025-10-29T19:59:57Z
XOS,2.72,2025-10-29T19:59:50Z
XOVR,21.58,2025-10-29T18:54:25Z
XP,18.2,2025-10-29T19:59:58Z
XPAY,56.39,2025-10-29T14:02:09Z
XPEL,35.555,2025-10-29T19:59:53Z
XPER,6.655,2025-10-29T19:59:54Z
XPEV,23.18,2025-10-29T19:59:58Z
XPH,49.31,2025-10-29T17:49:48Z
XPL,0.6921,2025-10-29T19:49:14Z
XPO,124.81,2025-10-29T19:59:46Z
XPOF,6.54,2025-10-29T19:59:52Z
XPON,1.38,2025-10-29T19:51:48Z
XPRO,14.11,2025-10-29T19:59:59Z
XRAY,12.87,2025-10-29T19:59:59Z
XRMI,17.77,2025-10-29T19:59:45Z
XRPI,15.35,2025-10-29T19:51:32Z
XRPR,21.315,2025-10-29T19:59:13Z
XRPT,11.66,2025-10-29T19:58:52Z
XRT,83.52,2025-10-29T19:59:59Z
XRTX,0.6626,2025-10-29T17:35:22Z
XRX,3.42,2025-10-29T19:59:59Z
XSHD,12.85,2025-10-29T19:59:51Z
XSHQ,41.8,2025-10-29T19:41:11Z
XSLV,44.58,2025-10-29T19:42:46Z
XSMO,72.35,2025-10-29T19:59:57Z
XSOE,39.885,2025-10-29T19:58:57Z
XSVN,48.54,2025-10-29T18:35:29Z
XSW,200.16,2025-10-29T13:53:25Z
XT,75.19,2025-10-29T19:59:50Z
XTEN,47.04,2025-10-29T19:43:41Z
XTIA,1.61,2025-10-29T19:59:55Z
XTL,153.53,2025-10-29T14:00:15Z
XTLB,1.16,2025-10-29T19:59:53Z
XTNT,0.9017,2025-10-29T19:58:34Z
XV,26.73,2025-10-29T17:08:56Z
XVV,53.08,2025-10-29T18:59:56Z
XXII,1.61,2025-10-29T19:59:04Z
XXRP,24.3,2025-10-29T19:59:47Z
XYF,12,2025-10-29T19:59:54Z
XYL,153.04,2025-10-29T19:59:32Z
XYLD,39.885,2025-10-29T19:59:56Z
XYLG,29.38,2025-10-29T19:49:49Z
XYZ,76.45,2025-10-29T19:59:55Z
XYZG,23.03,2025-10-29T19:59:59Z
XYZY,8.93,2025-10-29T14:19:31Z
YAAS,2.43,2025-10-29T19:59:17Z
YALA,7.31,2025-10-29T19:57:00Z
YANG,21.355,2025-10-29T19:59:50Z
YB,22.895,2025-10-29T19:57:17Z
YBIT,9.015,2025-10-29T19:59:46Z
YBTC,39.92,2025-10-29T13:38:23Z
YCBD,0.966,2025-10-29T18:41:51Z
YCL,20.25,2025-10-29T19:59:50Z
YCS,47.72,2025-10-29T19:58:56Z
YCY+,0.215,2025-10-29T18:15:27Z
YDDL,5.035,2025-10-29T15:30:59Z
YDES,13.18,2025-10-29T17:12:00Z
YDESW,1.29,2025-10-29T19:29:09Z
YDKG,0.052,2025-10-29T19:44:15Z
YEAR,50.65,2025-10-29T19:40:07Z
YELP,31.95,2025-10-29T19:59:54Z
YETH,23.12,2025-10-29T18:46:02Z
YETI,34.57,2025-10-29T19:59:46Z
YEXT,8.31,2025-10-29T19:59:59Z
YGMZ,0.1248,2025-10-29T19:58:18Z
YHNAR,0.196,2025-10-29T18:45:19Z
YINN,52.16,2025-10-29T19:58:52Z
YLD,19.275,2025-10-29T19:59:46Z
YLDE,53.57,2025-10-29T19:59:45Z
YMAG,15.65,2025-10-29T19:59:59Z
YMAT,1.065,2025-10-29T19:58:28Z
YMAX,12.26,2025-10-29T19:59:44Z
YMM,12.71,2025-10-29T19:59:48Z
YORW,30.9,2025-10-29T19:59:47Z
YOU,31.2,2025-10-29T19:59:58Z
YPF,34.97,2025-10-29T19:59:49Z
YQ,5.13,2025-10-29T14:14:09Z
YQQQ,12.17,2025-10-29T15:53:43Z
YRD,5.34,2025-10-29T19:25:49Z
YSEP,25.62,2025-10-29T19:42:12Z
YSG,7.17,2025-10-29T19:59:47Z
YSPY,19.685,2025-10-29T18:35:29Z
YSXT,2.69,2025-10-29T19:59:12Z
YTRA,1.55,2025-10-29T13:52:36Z
YUM,139.165,2025-10-29T19:59:56Z
YUMC,43.83,2025-10-29T19:59:55Z
YXI,9.63,2025-10-29T16:28:30Z
YYAI,2.49,2025-10-29T19:57:13Z
YYGH,0.3507,2025-10-29T19:59:15Z
YYY,11.85,2025-10-29T19:59:50Z
Z,71.46,2025-10-29T19:59:51Z
ZALT,32.28,2025-10-29T14:15:00Z
ZAP,30.77,2025-10-29T19:59:29Z
ZBH,99.71,2025-10-29T19:59:46Z
ZBIO,28,2025-10-29T19:59:34Z
ZBRA,270.695,2025-10-29T19:59:45Z
ZD,33.72,2025-10-29T19:59:50Z
ZDAI,0.4971,2025-10-29T17:56:33Z
ZDEK,25.45,2025-10-29T14:15:00Z
ZDGE,2.65,2025-10-29T19:55:14Z
ZECP,34.3,2025-10-29T15:00:55Z
ZENA,4.58,2025-10-29T19:59:02Z
ZENV,1.315,2025-10-29T16:04:09Z
ZEO,1.675,2025-10-29T19:59:42Z
ZEPP,39.94,2025-10-29T19:59:05Z
ZETA,17.77,2025-10-29T19:59:59Z
ZEUS,37.08,2025-10-29T19:59:54Z
ZEXIT,10,2025-10-29T13:30:00Z
ZG,68.79,2025-10-29T19:59:46Z
ZGN,10.36,2025-10-29T19:59:59Z
ZH,4.31,2025-10-29T19:59:31Z
ZHDG,23.4,2025-10-29T19:02:31Z
ZIEXT,1,2025-10-29T13:30:00Z
ZIM,15.12,2025-10-29T19:59:56Z
ZION,51.49,2025-10-29T19:59:57Z
ZIP,4.575,2025-10-29T19:59:55Z
ZJUL,28.84,2025-10-29T19:01:02Z
ZJYL,0.302,2025-10-29T14:49:53Z
ZK,28.97,2025-10-29T19:59:49Z
ZKH,3,2025-10-29T19:59:15Z
ZLAB,25.33,2025-10-29T19:59:21Z
ZM,83.29,2025-10-29T19:59:51Z
ZNB,1.4,2025-10-29T19:59:50Z
ZNOV,26.47,2025-10-29T19:59:59Z
ZNTL,1.53,2025-10-29T19:59:56Z
ZONE,1.11,2025-10-29T19:59:52Z
ZOOZ,1.65,2025-10-29T19:59:51Z
ZROZ,69.9,2025-10-29T19:59:48Z
ZS,320.8,2025-10-29T19:59:39Z
ZSEP,26.61,2025-10-29T19:42:45Z
ZSL,14.015,2025-10-29T19:57:49Z
ZSPC,0.9667,2025-10-29T19:58:43Z
ZTEK,0.8573,2025-10-29T13:51:11Z
ZTO,19.08,2025-10-29T19:59:58Z
ZTR,6.48,2025-10-29T19:59:50Z
ZTS,143.87,2025-10-29T19:59:46Z
ZUMZ,22.16,2025-10-29T19:59:31Z
ZURA,3.78,2025-10-29T19:59:35Z
ZVIA,2.375,2025-10-29T19:59:59Z
ZVOL,11.31,2025-10-29T19:58:51Z
ZVRA,10.13,2025-10-29T19:59:54Z
ZVZZT,24.835,2025-10-29T15:37:15Z
ZWS,47.99,2025-10-29T19:59:59Z
ZXIET,100,2025-10-29T13:30:00Z
ZYBT,2.53,2025-10-29T15:18:32Z
ZYME,19.39,2025-10-29T19:59:59Z
