symbol,close,last_trade_utc
A,138.14,2025-10-14T19:59:15Z
AA,35.74,2025-10-14T19:59:59Z
AAA,24.95,2025-10-14T18:02:38Z
AAAU,40.885,2025-10-14T19:55:06Z
AAL,12.19,2025-10-14T19:59:55Z
AALG,12.17,2025-10-14T19:49:23Z
AAM+,0.1813,2025-10-14T16:13:21Z
AAME,2.92,2025-10-14T18:13:32Z
AAMI,47.63,2025-10-14T19:59:47Z
AAOI,28.47,2025-10-14T19:59:59Z
AAON,104.2,2025-10-14T19:59:56Z
AAP,54.955,2025-10-14T19:59:49Z
AAPB,28.25,2025-10-14T19:41:44Z
AAPD,14.39,2025-10-14T19:59:56Z
AAPL,247.96,2025-10-14T19:59:55Z
AAPU,30.53,2025-10-14T19:59:46Z
AAPW,39.02,2025-10-14T16:51:11Z
AAPX,26.39,2025-10-14T19:59:56Z
AARD,14.82,2025-10-14T19:59:58Z
AAT,19.24,2025-10-14T19:59:45Z
AAUC,18.815,2025-10-14T19:50:04Z
AAXJ,90.78,2025-10-14T19:59:53Z
AB,39.51,2025-10-14T19:59:28Z
ABAT,11.34,2025-10-14T19:59:58Z
ABBV,229.165,2025-10-14T19:59:56Z
ABCB,74.915,2025-10-14T19:59:55Z
ABCL,5.61,2025-10-14T19:59:55Z
ABEO,5.34,2025-10-14T19:59:50Z
ABEV,2.165,2025-10-14T19:59:56Z
ABFL,71.7,2025-10-14T18:32:14Z
ABG,246.14,2025-10-14T19:59:54Z
ABL,6,2025-10-14T19:59:45Z
ABM,45.41,2025-10-14T19:59:45Z
ABNB,122.89,2025-10-14T19:59:59Z
ABNY,9.885,2025-10-14T17:12:56Z
ABOS,2.335,2025-10-14T19:56:09Z
ABP,0.187,2025-10-14T19:57:49Z
ABR,11.8,2025-10-14T19:59:58Z
ABSI,3.9,2025-10-14T19:59:59Z
ABT,133.29,2025-10-14T19:59:50Z
ABTC,5.76,2025-10-14T19:59:50Z
ABTS,7.94,2025-10-14T19:18:32Z
ABUS,4.245,2025-10-14T19:59:52Z
ABVC,2.96,2025-10-14T19:59:52Z
ABVE,4.32,2025-10-14T19:59:45Z
ABVEW,0.94,2025-10-14T19:37:36Z
ABVX,97.845,2025-10-14T19:59:55Z
ACA,93.195,2025-10-14T19:31:49Z
ACAD,20.36,2025-10-14T19:59:59Z
ACB,5.48,2025-10-14T19:59:58Z
ACCO,3.79,2025-10-14T19:59:56Z
ACDC,3.705,2025-10-14T19:59:55Z
ACEL,10.49,2025-10-14T19:59:52Z
ACES,36.59,2025-10-14T19:23:11Z
ACET,0.959,2025-10-14T19:59:50Z
ACFN,25.56,2025-10-14T19:56:15Z
ACGL,92.23,2025-10-14T19:59:59Z
ACGLN,17.84,2025-10-14T19:30:24Z
ACHC,24.92,2025-10-14T19:59:55Z
ACHR,13.02,2025-10-14T19:59:56Z
ACHR+,4.2,2025-10-14T19:59:51Z
ACHV,3.16,2025-10-14T19:59:55Z
ACI,19.28,2025-10-14T19:59:59Z
ACIC,12.3,2025-10-14T19:59:39Z
ACIO,43.52,2025-10-14T19:33:07Z
ACIU,3.08,2025-10-14T19:58:05Z
ACIW,51.48,2025-10-14T19:59:46Z
ACLS,80.38,2025-10-14T19:59:28Z
ACLX,87.33,2025-10-14T19:59:57Z
ACM,132.48,2025-10-14T19:59:55Z
ACMR,38.12,2025-10-14T19:59:49Z
ACN,244.255,2025-10-14T19:59:50Z
ACNB,44.7,2025-10-14T17:52:47Z
ACNT,12.07,2025-10-14T19:58:37Z
ACOG,7.015,2025-10-14T18:33:26Z
ACON,9.33,2025-10-14T19:32:01Z
ACONW,0.0718,2025-10-14T14:33:47Z
ACP,5.595,2025-10-14T19:55:50Z
ACRE,4.62,2025-10-14T19:59:52Z
ACRS,1.81,2025-10-14T19:59:58Z
ACRV,1.74,2025-10-14T19:59:50Z
ACT,36.35,2025-10-14T19:59:37Z
ACTG,3.425,2025-10-14T19:57:59Z
ACTU,7.95,2025-10-14T16:21:15Z
ACV,24.84,2025-10-14T18:03:50Z
ACVA,8.825,2025-10-14T19:59:53Z
ACWI,137.71,2025-10-14T19:59:59Z
ACWV,119.68,2025-10-14T19:37:27Z
ACWX,65.015,2025-10-14T19:59:33Z
ACXP,7.615,2025-10-14T19:58:31Z
AD,49.145,2025-10-14T19:52:07Z
ADAG,1.775,2025-10-14T17:12:13Z
ADAM,7.005,2025-10-14T19:59:50Z
ADAMH,25.1,2025-10-14T19:51:42Z
ADAMM,24.97,2025-10-14T17:31:46Z
ADAP,0.1612,2025-10-14T19:59:53Z
ADBE,335.9,2025-10-14T19:59:59Z
ADBG,9.84,2025-10-14T19:59:45Z
ADC,73.17,2025-10-14T19:59:58Z
ADCT,4.1,2025-10-14T19:59:56Z
ADEA,16.58,2025-10-14T19:59:54Z
ADGM,1.705,2025-10-14T19:15:25Z
ADI,235.37,2025-10-14T19:59:56Z
ADIL,0.3738,2025-10-14T19:58:21Z
ADM,61.865,2025-10-14T19:59:57Z
ADMA,14.94,2025-10-14T19:59:55Z
ADN,3.71,2025-10-14T19:59:50Z
ADNT,22.99,2025-10-14T19:59:54Z
ADP,285.84,2025-10-14T19:59:18Z
ADPT,15.6,2025-10-14T19:59:58Z
ADSE,10.18,2025-10-14T19:58:36Z
ADSK,306.675,2025-10-14T19:59:36Z
ADT,8.57,2025-10-14T19:59:58Z
ADTN,8.8,2025-10-14T19:59:51Z
ADTX,0.4767,2025-10-14T18:08:00Z
ADUR,17.465,2025-10-14T19:57:45Z
ADUS,113.98,2025-10-14T19:36:14Z
ADV,1.5,2025-10-14T19:59:44Z
ADVB,0.402,2025-10-14T13:48:05Z
ADVM,4.55,2025-10-14T19:57:29Z
ADX,22.45,2025-10-14T19:59:59Z
AEBI,11.67,2025-10-14T19:59:53Z
AEC,10.73,2025-10-14T19:56:24Z
AEE,104.21,2025-10-14T19:59:38Z
AEF,6.48,2025-10-14T19:59:58Z
AEFC,20.36,2025-10-14T14:41:45Z
AEG,7.8,2025-10-14T19:59:58Z
AEHL,4.135,2025-10-14T19:56:04Z
AEHR,27.3,2025-10-14T19:59:04Z
AEI,2.63,2025-10-14T19:57:25Z
AEIS,182.68,2025-10-14T19:59:05Z
AEM,171.22,2025-10-14T19:59:57Z
AEMD,0.705,2025-10-14T18:35:14Z
AEMS,10.76,2025-10-14T19:36:15Z
AENT,6.25,2025-10-14T13:30:04Z
AEO,15.845,2025-10-14T19:59:56Z
AEON,1.15,2025-10-14T19:49:24Z
AEP,118.44,2025-10-14T19:59:51Z
AER,123.58,2025-10-14T19:59:50Z
AERT,0.63,2025-10-14T13:34:22Z
AES,14.39,2025-10-14T19:59:58Z
AESI,10.75,2025-10-14T19:59:54Z
AESR,20.28,2025-10-14T14:11:07Z
AEVA,18.05,2025-10-14T19:59:44Z
AEVAW,0.2807,2025-10-14T19:40:39Z
AEXA,11.6,2025-10-14T19:59:47Z
AEYE,14.09,2025-10-14T19:59:13Z
AFB,10.87,2025-10-14T14:53:49Z
AFCG,3.54,2025-10-14T19:59:16Z
AFG,140.78,2025-10-14T19:59:33Z
AFGB,22.86,2025-10-14T17:55:11Z
AFGC,19.55,2025-10-14T19:59:56Z
AFIF,9.41,2025-10-14T19:54:00Z
AFJKR,0.41,2025-10-14T13:39:12Z
AFK,24.51,2025-10-14T19:59:48Z
AFL,111.53,2025-10-14T19:59:53Z
AFLG,38.48,2025-10-14T19:45:13Z
AFRM,72.89,2025-10-14T19:59:55Z
AFSM,32.16,2025-10-14T18:00:44Z
AFYA,14.645,2025-10-14T19:59:40Z
AG,13.815,2025-10-14T19:59:58Z
AGAE,0.7804,2025-10-14T19:51:26Z
AGCO,107.31,2025-10-14T19:59:39Z
AGD,11.155,2025-10-14T19:56:35Z
AGEN,3.975,2025-10-14T19:59:49Z
AGG,100.77,2025-10-14T19:59:42Z
AGGH,20.86,2025-10-14T15:25:34Z
AGGS,41.89,2025-10-14T13:41:35Z
AGGY,44.54,2025-10-14T19:57:16Z
AGH,4.38,2025-10-14T19:58:30Z
AGI,34.05,2025-10-14T19:59:59Z
AGIO,40.28,2025-10-14T19:59:47Z
AGIX,37.32,2025-10-14T19:41:49Z
AGL,0.9052,2025-10-14T19:59:54Z
AGM-E,22.125,2025-10-14T19:19:27Z
AGMH,5.15,2025-10-14T17:26:51Z
AGMI,57.46,2025-10-14T18:37:26Z
AGNC,10.005,2025-10-14T19:59:59Z
AGNCL,24.67,2025-10-14T19:35:03Z
AGNCM,24.76,2025-10-14T19:58:30Z
AGNCN,25.68,2025-10-14T19:56:24Z
AGNCO,25.27,2025-10-14T19:37:44Z
AGNCP,24.93,2025-10-14T16:49:51Z
AGNCZ,25.28,2025-10-14T19:54:00Z
AGNG,33.9,2025-10-14T19:55:10Z
AGO,82.28,2025-10-14T19:59:38Z
AGOX,30.78,2025-10-14T16:13:33Z
AGQ,87.14,2025-10-14T19:59:49Z
AGRI,3.405,2025-10-14T16:59:59Z
AGRO,7.61,2025-10-14T19:59:51Z
AGRZ,5.28,2025-10-14T14:16:07Z
AGX,300.635,2025-10-14T19:59:08Z
AGYS,111.97,2025-10-14T19:57:54Z
AGZ,110.565,2025-10-14T15:25:46Z
AHCO,9.05,2025-10-14T19:59:52Z
AHG,1.65,2025-10-14T16:49:55Z
AHH,6.71,2025-10-14T19:59:43Z
AHH-A,21.3,2025-10-14T14:44:33Z
AHL,36.69,2025-10-14T19:59:46Z
AHL-E,21.41,2025-10-14T17:00:44Z
AHR,41.51,2025-10-14T19:59:59Z
AHT,5.5,2025-10-14T18:50:13Z
AI,18.98,2025-10-14T19:59:56Z
AIA,93.88,2025-10-14T19:59:56Z
AIBD,7.32,2025-10-14T19:41:10Z
AIBU,55.62,2025-10-14T19:46:44Z
AIFF,2.77,2025-10-14T19:52:20Z
AIG,82.95,2025-10-14T19:59:53Z
AII,23.75,2025-10-14T19:54:10Z
AIIA=,10.11,2025-10-14T19:53:09Z
AIIO,1.53,2025-10-14T19:59:59Z
AIM,2.635,2025-10-14T19:38:25Z
AIMD,4.06,2025-10-14T19:55:32Z
AIN,56.04,2025-10-14T19:51:17Z
AIO,23.56,2025-10-14T19:59:22Z
AIOO,25.57,2025-10-14T17:52:25Z
AIOT,5.45,2025-10-14T19:59:58Z
AIP,13.415,2025-10-14T19:59:43Z
AIPI,42.99,2025-10-14T16:39:00Z
AIPO,24.905,2025-10-14T19:59:08Z
AIQ,49.84,2025-10-14T19:59:46Z
AIR,82.94,2025-10-14T19:51:44Z
AIRE,0.5055,2025-10-14T19:59:58Z
AIRI,3.27,2025-10-14T19:46:39Z
AIRJ,5.49,2025-10-14T19:59:01Z
AIRJW,1.32,2025-10-14T14:06:42Z
AIRO,20.07,2025-10-14T19:59:50Z
AIRR,97.74,2025-10-14T19:59:55Z
AIRS,9.85,2025-10-14T19:59:52Z
AIS,36.64,2025-10-14T15:51:41Z
AISP,5.89,2025-10-14T19:59:59Z
AISPW,2.3,2025-10-14T19:54:48Z
AIT,253.19,2025-10-14T19:59:08Z
AIV,7.9,2025-10-14T19:59:54Z
AIXI,1.35,2025-10-14T19:59:50Z
AIYY,2.74,2025-10-14T19:53:10Z
AIZ,221.65,2025-10-14T19:58:54Z
AJG,303.68,2025-10-14T19:59:33Z
AJUL,28.6,2025-10-14T18:04:52Z
AKA,14.46,2025-10-14T14:02:29Z
AKAM,74.175,2025-10-14T19:59:54Z
AKAN,2.36,2025-10-14T18:18:50Z
AKBA,2.79,2025-10-14T19:59:56Z
AKR,19.27,2025-10-14T19:59:57Z
AKRO,53.84,2025-10-14T19:59:57Z
AKTX,0.9427,2025-10-14T19:51:11Z
AL,63.61,2025-10-14T19:59:54Z
ALAB,161.55,2025-10-14T19:59:54Z
ALAI,37.09,2025-10-14T19:59:49Z
ALB,96.24,2025-10-14T19:59:58Z
ALBT,2.2,2025-10-14T18:43:26Z
ALC,74.09,2025-10-14T19:59:51Z
ALCO,33.93,2025-10-14T19:59:29Z
ALCYW,0.17,2025-10-14T17:02:14Z
ALDX,5.33,2025-10-14T19:59:50Z
ALE,67.36,2025-10-14T19:59:54Z
ALEC,2.98,2025-10-14T19:59:56Z
ALEX,16.7,2025-10-14T19:59:50Z
ALFUU,10.74,2025-10-14T18:00:02Z
ALFUW,0.4016,2025-10-14T19:25:11Z
ALG,183.16,2025-10-14T18:28:23Z
ALGM,27.62,2025-10-14T19:59:55Z
ALGN,129.81,2025-10-14T19:59:52Z
ALGS,9.56,2025-10-14T19:59:05Z
ALGT,65.095,2025-10-14T19:59:17Z
ALH,26,2025-10-14T19:59:54Z
ALHC,17.27,2025-10-14T19:59:52Z
ALIT,3.09,2025-10-14T19:59:56Z
ALK,49.415,2025-10-14T19:59:59Z
ALKS,31.93,2025-10-14T19:59:59Z
ALKT,23.31,2025-10-14T19:59:46Z
ALL,209.56,2025-10-14T19:59:55Z
ALL-B,25.895,2025-10-14T13:53:05Z
ALL-H,22.1,2025-10-14T18:47:48Z
ALLE,175.655,2025-10-14T19:59:47Z
ALLO,1.22,2025-10-14T19:59:57Z
ALLR,1.51,2025-10-14T19:54:40Z
ALLT,10.235,2025-10-14T19:59:45Z
ALLW,28.485,2025-10-14T19:59:25Z
ALLY,39.95,2025-10-14T19:59:51Z
ALM,9.96,2025-10-14T19:59:55Z
ALMS,4.64,2025-10-14T19:59:45Z
ALMU,19.7,2025-10-14T19:59:58Z
ALNT,51.79,2025-10-14T19:59:21Z
ALNY,469.58,2025-10-14T19:59:58Z
ALOT,9.4,2025-10-14T13:50:05Z
ALRM,50.12,2025-10-14T19:59:31Z
ALRS,21.93,2025-10-14T19:55:17Z
ALSN,82.2,2025-10-14T19:59:42Z
ALT,3.96,2025-10-14T19:59:59Z
ALTG,6.56,2025-10-14T19:59:55Z
ALTG-A,25.68,2025-10-14T15:41:03Z
ALTI,3.755,2025-10-14T17:27:43Z
ALTL,43.24,2025-10-14T18:31:44Z
ALTO,1.1,2025-10-14T19:27:15Z
ALTS,2.5,2025-10-14T19:59:57Z
ALUR,2.11,2025-10-14T18:34:22Z
ALV,118.69,2025-10-14T19:59:50Z
ALVO,8.5,2025-10-14T19:59:26Z
ALXO,1.68,2025-10-14T19:59:49Z
ALZN,2.24,2025-10-14T17:46:52Z
AM,18,2025-10-14T19:59:56Z
AMAL,27.67,2025-10-14T19:59:48Z
AMAT,218.22,2025-10-14T19:59:56Z
AMAX,8.36,2025-10-14T19:53:58Z
AMBA,80.905,2025-10-14T19:58:04Z
AMBC,8.41,2025-10-14T19:59:51Z
AMBI,1.07,2025-10-14T15:51:26Z
AMBO,4.8,2025-10-14T19:41:22Z
AMBP,3.725,2025-10-14T19:59:58Z
AMBQ,32.145,2025-10-14T19:45:54Z
AMBR,2.59,2025-10-14T19:59:51Z
AMC,2.83,2025-10-14T19:59:55Z
AMCR,8.11,2025-10-14T19:59:57Z
AMCX,7.67,2025-10-14T19:59:50Z
AMD,218.01,2025-10-14T19:59:58Z
AMDD,9.905,2025-10-14T19:59:34Z
AMDG,33.64,2025-10-14T19:55:00Z
AMDL,17.6,2025-10-14T19:59:56Z
AMDU,27.82,2025-10-14T19:44:06Z
AMDY,9.88,2025-10-14T19:59:41Z
AME,185.76,2025-10-14T19:59:55Z
AMG,238.93,2025-10-14T19:59:41Z
AMGN,293.97,2025-10-14T19:59:48Z
AMH,33.07,2025-10-14T19:59:55Z
AMIX,1.165,2025-10-14T19:02:50Z
AMJB,28.4,2025-10-14T19:59:20Z
AMKR,29.9,2025-10-14T19:59:42Z
AMLP,45.375,2025-10-14T19:59:56Z
AMLX,14.2,2025-10-14T19:59:53Z
AMN,20.7,2025-10-14T19:59:50Z
AMOD,1.08,2025-10-14T17:03:10Z
AMP,486.555,2025-10-14T19:59:48Z
AMPG,4.065,2025-10-14T19:59:38Z
AMPH,23.9,2025-10-14T19:59:51Z
AMPL,10.16,2025-10-14T19:59:49Z
AMPX,13.25,2025-10-14T19:59:56Z
AMPX+,5.19,2025-10-14T14:36:47Z
AMPY,4.38,2025-10-14T19:59:56Z
AMR,164.18,2025-10-14T19:59:55Z
AMRC,41.6,2025-10-14T19:59:42Z
AMRK,27.69,2025-10-14T19:59:41Z
AMRN,19.44,2025-10-14T19:13:54Z
AMRX,9.72,2025-10-14T19:59:49Z
AMRZ,49.06,2025-10-14T19:59:57Z
AMS,2.3,2025-10-14T14:37:32Z
AMSC,65.54,2025-10-14T19:59:50Z
AMSF,42.15,2025-10-14T19:58:44Z
AMST,3.52,2025-10-14T19:26:23Z
AMT,186.52,2025-10-14T19:59:52Z
AMTB,19.02,2025-10-14T19:56:04Z
AMTM,23.43,2025-10-14T19:59:49Z
AMTX,3.09,2025-10-14T19:59:41Z
AMUU,69.45,2025-10-14T19:57:52Z
AMWD,66.56,2025-10-14T19:59:50Z
AMWL,5.94,2025-10-14T19:53:36Z
AMX,20.925,2025-10-14T19:59:53Z
AMZA,38.61,2025-10-14T19:25:02Z
AMZD,10.92,2025-10-14T19:59:00Z
AMZE,1.94,2025-10-14T19:49:26Z
AMZN,216.43,2025-10-14T19:59:57Z
AMZP,28.51,2025-10-14T16:00:04Z
AMZU,33.52,2025-10-14T19:59:18Z
AMZW,43.56,2025-10-14T15:39:23Z
AMZY,14.17,2025-10-14T19:58:24Z
AMZZ,28.69,2025-10-14T19:59:45Z
AN,221.135,2025-10-14T19:59:53Z
ANAB,31.95,2025-10-14T19:58:44Z
ANDE,42.53,2025-10-14T19:59:42Z
ANEB,2.38,2025-10-14T14:52:10Z
ANEL,19.39,2025-10-14T19:44:30Z
ANET,138.755,2025-10-14T19:59:57Z
ANF,72.43,2025-10-14T19:59:45Z
ANGI,14.1,2025-10-14T19:59:46Z
ANGL,29.4,2025-10-14T19:59:46Z
ANGO,11.43,2025-10-14T19:59:52Z
ANGX,7.36,2025-10-14T19:58:07Z
ANIK,9.14,2025-10-14T19:33:32Z
ANIP,88.675,2025-10-14T19:59:01Z
ANIX,4.28,2025-10-14T19:58:57Z
ANL,1.685,2025-10-14T16:43:03Z
ANNX,3,2025-10-14T19:59:50Z
ANRO,5.61,2025-10-14T19:59:53Z
ANSCW,0.255,2025-10-14T14:22:05Z
ANVS,1.67,2025-10-14T19:55:42Z
ANY,0.9173,2025-10-14T19:15:09Z
AOA,87.67,2025-10-14T19:47:16Z
AOD,9.5,2025-10-14T19:50:01Z
AOHY,11.11,2025-10-14T19:21:18Z
AOK,40.21,2025-10-14T17:37:50Z
AOM,47.43,2025-10-14T19:33:35Z
AOMD,25.26,2025-10-14T19:07:35Z
AOMR,9.23,2025-10-14T19:59:20Z
AON,360.57,2025-10-14T19:59:33Z
AOR,64.09,2025-10-14T19:58:56Z
AORT,40.98,2025-10-14T19:59:11Z
AOS,68.82,2025-10-14T19:59:55Z
AOSL,30.09,2025-10-14T19:56:33Z
AOUT,7.92,2025-10-14T19:59:08Z
APA,22.89,2025-10-14T19:59:57Z
APAD,9.95,2025-10-14T17:23:10Z
APAM,44,2025-10-14T19:59:41Z
APCB,30.025,2025-10-14T19:59:46Z
APD,261.73,2025-10-14T19:59:41Z
APEI,38.79,2025-10-14T19:03:32Z
APG,34.66,2025-10-14T19:59:54Z
APGE,52.34,2025-10-14T19:59:31Z
APH,122.655,2025-10-14T19:59:58Z
API,3.53,2025-10-14T19:59:58Z
APLD,35.03,2025-10-14T19:59:56Z
APLE,11.615,2025-10-14T19:59:56Z
APLS,23.16,2025-10-14T19:59:49Z
APLT,1.15,2025-10-14T19:59:41Z
APLX,140.23,2025-10-14T19:38:28Z
APLY,13.41,2025-10-14T19:37:19Z
APM,1.585,2025-10-14T17:39:30Z
APO,127.71,2025-10-14T19:59:56Z
APOC,25.97,2025-10-14T19:43:07Z
APOG,38.43,2025-10-14T19:58:47Z
APOS,26.21,2025-10-14T17:30:18Z
APP,590.39,2025-10-14T19:59:53Z
APPF,227.67,2025-10-14T19:59:54Z
APPN,28.12,2025-10-14T19:59:48Z
APPS,6.57,2025-10-14T19:59:57Z
APPX,95.52,2025-10-14T19:55:03Z
APRE,1.5,2025-10-14T18:28:53Z
APRP,28.95,2025-10-14T15:18:42Z
APRW,34.165,2025-10-14T15:04:25Z
APT,4.78,2025-10-14T15:01:42Z
APTV,82.725,2025-10-14T19:59:56Z
APUE,40.69,2025-10-14T18:15:25Z
APUS,1.84,2025-10-14T19:48:50Z
APVO,1.63,2025-10-14T19:58:57Z
APYX,3.46,2025-10-14T19:59:50Z
AQB,1.86,2025-10-14T18:54:12Z
AQLT,27.175,2025-10-14T16:49:08Z
AQMS,29.91,2025-10-14T19:58:55Z
AQN,5.86,2025-10-14T19:59:54Z
AQST,6.87,2025-10-14T19:59:55Z
AQWA,19.595,2025-10-14T19:38:01Z
AR,31.595,2025-10-14T19:59:56Z
ARAI,6.275,2025-10-14T19:59:38Z
ARAY,1.7,2025-10-14T19:59:27Z
ARBE,2.64,2025-10-14T19:59:27Z
ARBK,0.6071,2025-10-14T19:59:39Z
ARBKL,2.54,2025-10-14T14:20:43Z
ARCB,71.965,2025-10-14T19:58:51Z
ARCC,19.94,2025-10-14T19:59:49Z
ARCO,6.97,2025-10-14T19:59:55Z
ARCT,21.22,2025-10-14T19:59:54Z
ARCX,25.74,2025-10-14T19:37:16Z
ARDC,13.59,2025-10-14T19:39:00Z
ARDT,14.31,2025-10-14T19:59:00Z
ARDX,5,2025-10-14T19:59:58Z
ARE,75.12,2025-10-14T19:59:54Z
AREB,3.965,2025-10-14T19:57:54Z
AREC,6.825,2025-10-14T19:59:58Z
AREN,4.9,2025-10-14T19:59:47Z
ARES,149.59,2025-10-14T19:59:53Z
ARGT,71.715,2025-10-14T19:56:48Z
ARGX,812.55,2025-10-14T19:59:31Z
ARHS,10.26,2025-10-14T19:59:52Z
ARI,10.17,2025-10-14T19:59:57Z
ARIS,23.53,2025-10-14T19:59:54Z
ARKB,37.425,2025-10-14T19:59:58Z
ARKF,55.55,2025-10-14T19:59:50Z
ARKG,30.51,2025-10-14T19:59:51Z
ARKK,86.99,2025-10-14T19:59:55Z
ARKO,4.04,2025-10-14T19:59:53Z
ARKQ,120.68,2025-10-14T19:59:33Z
ARKW,172,2025-10-14T14:48:39Z
ARKX,31.35,2025-10-14T19:59:46Z
ARLO,17.47,2025-10-14T19:59:55Z
ARLP,25.56,2025-10-14T19:59:50Z
ARM,168.1,2025-10-14T19:59:58Z
ARMG,15.04,2025-10-14T19:53:18Z
ARMK,39.88,2025-10-14T19:59:57Z
ARMN,10.775,2025-10-14T19:59:49Z
ARMU,35.56,2025-10-14T19:41:47Z
AROC,24.17,2025-10-14T19:59:57Z
AROW,27.33,2025-10-14T19:53:47Z
ARQ,7.155,2025-10-14T19:59:54Z
ARQQ,57.96,2025-10-14T19:54:08Z
ARQQW,0.5497,2025-10-14T19:56:35Z
ARQT,20.435,2025-10-14T19:59:54Z
ARR,15.68,2025-10-14T19:59:57Z
ARR-C,21.63,2025-10-14T16:30:16Z
ARRY,9.06,2025-10-14T19:59:59Z
ARTL,4.19,2025-10-14T18:27:27Z
ARTV,2.87,2025-10-14T18:45:13Z
ARTW,3,2025-10-14T17:55:33Z
ARTY,47.685,2025-10-14T19:59:48Z
ARVN,9.415,2025-10-14T19:59:58Z
ARW,115.885,2025-10-14T19:59:53Z
ARWR,35.98,2025-10-14T19:59:45Z
ARX,14.65,2025-10-14T19:59:47Z
AS,30.93,2025-10-14T19:59:59Z
ASA,50.15,2025-10-14T19:55:16Z
ASAN,14.135,2025-10-14T19:59:56Z
ASB,26.375,2025-10-14T19:59:49Z
ASBA,24.97,2025-10-14T19:56:40Z
ASBP,0.3471,2025-10-14T19:40:27Z
ASBPW,0.0439,2025-10-14T19:06:39Z
ASC,10.92,2025-10-14T19:59:58Z
ASEA,17.06,2025-10-14T15:36:25Z
ASG,5.515,2025-10-14T19:57:57Z
ASGI,21.66,2025-10-14T19:51:27Z
ASGN,47.77,2025-10-14T19:59:49Z
ASH,49,2025-10-14T19:59:39Z
ASHR,32.16,2025-10-14T19:59:59Z
ASIA,33.16,2025-10-14T14:33:25Z
ASIC,18.27,2025-10-14T19:59:53Z
ASIX,20.5,2025-10-14T19:59:51Z
ASLE,7.6,2025-10-14T19:59:50Z
ASLV,27.48,2025-10-14T18:13:55Z
ASM,5.535,2025-10-14T19:59:54Z
ASMB,28.335,2025-10-14T19:56:49Z
ASMG,22.11,2025-10-14T19:59:32Z
ASML,980.93,2025-10-14T19:59:50Z
ASND,208.48,2025-10-14T19:58:05Z
ASNS,0.5913,2025-10-14T19:59:54Z
ASO,54.28,2025-10-14T19:59:51Z
ASPI,14.08,2025-10-14T19:59:54Z
ASPN,8.08,2025-10-14T19:59:58Z
ASR,304.58,2025-10-14T15:17:09Z
ASRT,0.8462,2025-10-14T19:44:00Z
ASRV,3.09,2025-10-14T15:32:38Z
ASST,0.9925,2025-10-14T19:59:54Z
ASTC,4.415,2025-10-14T19:20:17Z
ASTE,46.05,2025-10-14T19:59:50Z
ASTH,29.67,2025-10-14T19:59:55Z
ASTI,2.29,2025-10-14T19:56:57Z
ASTL,4.02,2025-10-14T19:59:59Z
ASTS,94.47,2025-10-14T19:59:59Z
ASTX,91.54,2025-10-14T19:56:31Z
ASUR,8.385,2025-10-14T19:59:11Z
ASX,11.31,2025-10-14T19:59:56Z
ASYS,8.22,2025-10-14T19:58:57Z
ATAI,5.99,2025-10-14T19:59:56Z
ATAT,35.43,2025-10-14T19:58:34Z
ATCH,0.4001,2025-10-14T19:59:34Z
ATEC,13.815,2025-10-14T19:59:52Z
ATEN,17.76,2025-10-14T19:59:09Z
ATEX,21.31,2025-10-14T19:59:46Z
ATFV,35.25,2025-10-14T15:33:38Z
ATGE,149.69,2025-10-14T19:59:38Z
ATH-A,25.07,2025-10-14T19:59:50Z
ATH-D,17.83,2025-10-14T13:44:06Z
ATH-E,25.94,2025-10-14T18:46:14Z
ATHA,3.675,2025-10-14T14:02:09Z
ATHE,4.72,2025-10-14T19:06:23Z
ATHM,26.82,2025-10-14T19:59:52Z
ATHS,25.4,2025-10-14T16:12:41Z
ATI,84.81,2025-10-14T19:59:51Z
ATKR,64.425,2025-10-14T19:59:08Z
ATLC,58,2025-10-14T19:58:54Z
ATLCP,24.19,2025-10-14T16:31:05Z
ATLCZ,25.6,2025-10-14T18:02:59Z
ATLN,3.06,2025-10-14T17:55:33Z
ATLX,7.45,2025-10-14T19:59:26Z
ATMCW,0.061,2025-10-14T15:52:36Z
ATMP,27.38,2025-10-14T15:39:12Z
ATMU,44.3,2025-10-14T19:59:50Z
ATNM,1.535,2025-10-14T19:59:46Z
ATO,177.69,2025-10-14T19:59:24Z
ATOM,4.96,2025-10-14T19:59:48Z
ATON,7.16,2025-10-14T19:50:09Z
ATOS,1.03,2025-10-14T19:42:47Z
ATR,129.78,2025-10-14T19:59:50Z
ATRC,35.41,2025-10-14T19:59:52Z
ATRO,48.11,2025-10-14T19:59:50Z
ATS,26.545,2025-10-14T19:56:30Z
ATUS,2.555,2025-10-14T19:59:53Z
ATXG,1.015,2025-10-14T19:58:49Z
ATXS,11.67,2025-10-14T19:59:59Z
ATYR,1.04,2025-10-14T19:59:47Z
AU,73.51,2025-10-14T19:59:52Z
AUB,36.01,2025-10-14T19:59:49Z
AUDC,9.49,2025-10-14T19:56:17Z
AUGO,39.19,2025-10-14T19:59:17Z
AUID,2.69,2025-10-14T18:39:11Z
AUNA,6.61,2025-10-14T19:59:34Z
AUPH,11.23,2025-10-14T19:59:32Z
AUR,5.41,2025-10-14T19:59:58Z
AURA,6.155,2025-10-14T19:59:58Z
AURE,0.7,2025-10-14T19:48:25Z
AUROW,0.56,2025-10-14T19:34:22Z
AUSF,45.96,2025-10-14T19:23:11Z
AUST,2.57,2025-10-14T19:02:13Z
AUTL,1.615,2025-10-14T19:59:55Z
AUUD,2.14,2025-10-14T18:56:50Z
AVA,37.33,2025-10-14T19:59:53Z
AVAH,9.32,2025-10-14T19:59:54Z
AVAL,3.66,2025-10-14T17:20:09Z
AVAV,402.06,2025-10-14T19:59:31Z
AVB,185.37,2025-10-14T19:59:49Z
AVBC,14.88,2025-10-14T19:59:48Z
AVBH,25.5,2025-10-14T18:08:33Z
AVBP,20,2025-10-14T19:59:35Z
AVD,5.165,2025-10-14T19:59:35Z
AVDE,78.665,2025-10-14T19:59:46Z
AVDL,14.38,2025-10-14T19:59:54Z
AVDV,88.52,2025-10-14T19:46:07Z
AVDX,10.005,2025-10-14T19:59:50Z
AVEM,74.475,2025-10-14T19:58:50Z
AVES,56.56,2025-10-14T19:11:31Z
AVGE,82.675,2025-10-14T16:02:16Z
AVGG,29.47,2025-10-14T19:59:56Z
AVGO,344.26,2025-10-14T19:59:55Z
AVGU,36.7,2025-10-14T15:38:30Z
AVGV,69.77,2025-10-14T19:58:54Z
AVGX,50.8,2025-10-14T19:55:20Z
AVIG,42.22,2025-10-14T18:15:01Z
AVIR,3.15,2025-10-14T19:59:37Z
AVIV,67.13,2025-10-14T19:38:20Z
AVK,12.96,2025-10-14T19:53:56Z
AVL,56.01,2025-10-14T19:57:25Z
AVLV,71.715,2025-10-14T19:59:46Z
AVNM,69.4,2025-10-14T13:44:25Z
AVNS,10.995,2025-10-14T19:59:45Z
AVNT,31.24,2025-10-14T19:59:49Z
AVNW,22.635,2025-10-14T19:47:35Z
AVO,11.97,2025-10-14T19:59:55Z
AVPT,14.54,2025-10-14T19:59:57Z
AVR,4.565,2025-10-14T19:53:57Z
AVRE,43.71,2025-10-14T16:08:40Z
AVS,10.02,2025-10-14T19:59:21Z
AVSC,57.63,2025-10-14T19:09:09Z
AVSD,71.08,2025-10-14T15:31:37Z
AVSE,63.19,2025-10-14T19:35:45Z
AVSF,47.245,2025-10-14T19:48:30Z
AVSU,73.11,2025-10-14T15:52:10Z
AVT,51.48,2025-10-14T19:59:50Z
AVTR,13.905,2025-10-14T19:59:56Z
AVTX,13.99,2025-10-14T19:32:17Z
AVUS,108.13,2025-10-14T19:37:16Z
AVUV,99.08,2025-10-14T19:59:30Z
AVXL,8.795,2025-10-14T19:59:50Z
AVY,160.12,2025-10-14T19:59:41Z
AWF,10.95,2025-10-14T19:58:02Z
AWI,198.915,2025-10-14T19:56:03Z
AWK,141.56,2025-10-14T19:59:53Z
AWP,3.85,2025-10-14T19:57:57Z
AWR,74.11,2025-10-14T19:59:03Z
AWRE,2.41,2025-10-14T16:54:55Z
AWX,5.05,2025-10-14T19:57:24Z
AX,84.44,2025-10-14T19:55:45Z
AXG,3.41,2025-10-14T19:59:49Z
AXGN,15.87,2025-10-14T19:59:39Z
AXIL,5.31,2025-10-14T18:59:08Z
AXIN,10,2025-10-14T17:45:58Z
AXL,5.61,2025-10-14T19:59:52Z
AXON,704.99,2025-10-14T19:58:00Z
AXP,332.93,2025-10-14T19:59:53Z
AXR,24.795,2025-10-14T15:52:42Z
AXS,98.86,2025-10-14T19:59:54Z
AXS-E,21.3,2025-10-14T19:50:39Z
AXSM,123.46,2025-10-14T19:58:36Z
AXTA,27.26,2025-10-14T19:59:54Z
AXTI,4.575,2025-10-14T19:59:54Z
AYI,362.15,2025-10-14T19:58:35Z
AYTU,2.36,2025-10-14T18:24:22Z
AZ,6.925,2025-10-14T19:58:11Z
AZI,0.2026,2025-10-14T19:59:39Z
AZN,85.12,2025-10-14T19:59:58Z
AZO,4062.02,2025-10-14T19:57:53Z
AZTA,30.62,2025-10-14T19:59:49Z
AZTD,27.81,2025-10-14T19:34:10Z
AZTR,0.742,2025-10-14T19:56:33Z
AZZ,100.88,2025-10-14T19:50:11Z
B,33.3,2025-10-14T19:59:59Z
BA,214.42,2025-10-14T19:59:50Z
BAB,27.51,2025-10-14T19:59:45Z
BABA,162.96,2025-10-14T19:59:49Z
BABO,15.57,2025-10-14T19:47:11Z
BABX,46.37,2025-10-14T19:56:42Z
BAC,50.01,2025-10-14T19:59:59Z
BAC-E,21.35,2025-10-14T15:39:22Z
BAC-K,25.02,2025-10-14T19:59:37Z
BAC-L,1253.345,2025-10-14T15:18:55Z
BAC-Q,18.15,2025-10-14T19:20:47Z
BAC-S,20.375,2025-10-14T15:54:22Z
BACC,10.02,2025-10-14T19:53:42Z
BACCR,0.1841,2025-10-14T13:48:32Z
BACQ,10.9,2025-10-14T19:53:16Z
BACQR,0.82,2025-10-14T18:26:20Z
BAER,1.68,2025-10-14T19:16:03Z
BAFE,26.82,2025-10-14T19:59:46Z
BAGY,49.58,2025-10-14T13:59:07Z
BAH,97.83,2025-10-14T19:59:54Z
BAI,34.265,2025-10-14T19:59:50Z
BAIG,32.95,2025-10-14T19:52:25Z
BAK,2.49,2025-10-14T19:59:59Z
BALI,31.26,2025-10-14T19:59:59Z
BALL,47.59,2025-10-14T19:59:48Z
BALT,32.78,2025-10-14T19:53:54Z
BALY,12.7,2025-10-14T17:51:11Z
BAM,56.515,2025-10-14T19:59:44Z
BAMB,26.72,2025-10-14T18:58:39Z
BAMU,25.31,2025-10-14T19:02:51Z
BANC,17.49,2025-10-14T19:59:56Z
BANC-F,24.9,2025-10-14T15:30:41Z
BAND,15.23,2025-10-14T19:59:53Z
BANF,124.97,2025-10-14T19:48:37Z
BANR,64.1,2025-10-14T19:57:16Z
BANX,21.66,2025-10-14T18:31:20Z
BAP,254.17,2025-10-14T19:59:48Z
BAR,40.825,2025-10-14T19:59:50Z
BARK,0.7467,2025-10-14T19:42:10Z
BATL,1.135,2025-10-14T14:53:42Z
BATRA,43.625,2025-10-14T19:54:30Z
BATRK,40.225,2025-10-14T19:58:10Z
BATT,13.28,2025-10-14T18:28:31Z
BAX,22.825,2025-10-14T19:59:59Z
BB,4.475,2025-10-14T19:59:50Z
BBAI,8.91,2025-10-14T19:59:59Z
BBAI+,2.99,2025-10-14T13:34:50Z
BBAR,9.4,2025-10-14T19:59:48Z
BBAX,55.66,2025-10-14T19:58:45Z
BBBS,51.65,2025-10-14T16:34:17Z
BBBY,9.04,2025-10-14T19:59:55Z
BBBY+,1.62,2025-10-14T18:49:53Z
BBCA,87.09,2025-10-14T19:50:25Z
BBCP,6.9,2025-10-14T19:55:53Z
BBD,3.155,2025-10-14T19:59:32Z
BBDC,8.795,2025-10-14T19:59:53Z
BBDO,2.74,2025-10-14T18:38:58Z
BBEU,69.97,2025-10-14T19:59:57Z
BBHY,46.46,2025-10-14T15:05:37Z
BBIN,70.14,2025-10-14T19:55:17Z
BBIO,56.55,2025-10-14T19:59:49Z
BBJP,66.1,2025-10-14T19:59:59Z
BBLU,14.95,2025-10-14T13:58:58Z
BBN,16.83,2025-10-14T19:58:57Z
BBNX,22.315,2025-10-14T19:59:54Z
BBOT,10.96,2025-10-14T19:59:46Z
BBSI,43.09,2025-10-14T19:59:17Z
BBT,25.09,2025-10-14T19:59:54Z
BBU,35.915,2025-10-14T19:55:10Z
BBUC,36.86,2025-10-14T19:59:48Z
BBUS,120.07,2025-10-14T19:59:48Z
BBVA,18.57,2025-10-14T19:59:51Z
BBW,60.43,2025-10-14T19:59:07Z
BBWI,26.11,2025-10-14T19:59:59Z
BBY,77.195,2025-10-14T19:59:52Z
BC,62.84,2025-10-14T19:59:49Z
BC-A,24.17,2025-10-14T19:39:51Z
BC-C,24.53,2025-10-14T15:02:45Z
BCAB,0.8128,2025-10-14T19:56:13Z
BCAL,17.06,2025-10-14T19:53:51Z
BCARW,0.3855,2025-10-14T15:59:24Z
BCAT,14.85,2025-10-14T19:58:50Z
BCAX,17.3,2025-10-14T19:59:42Z
BCBP,8.11,2025-10-14T19:59:04Z
BCC,74.14,2025-10-14T19:59:46Z
BCCC,23.5,2025-10-14T16:44:59Z
BCD,34.62,2025-10-14T15:22:07Z
BCDA,1.52,2025-10-14T19:47:41Z
BCE,23.33,2025-10-14T19:59:57Z
BCG,2.1,2025-10-14T19:47:01Z
BCH,31.105,2025-10-14T19:59:56Z
BCI,21.65,2025-10-14T19:59:55Z
BCIC,11.29,2025-10-14T19:57:57Z
BCIM,21.925,2025-10-14T19:59:46Z
BCLO,50.06,2025-10-14T17:08:04Z
BCO,111.785,2025-10-14T19:59:49Z
BCPC,142.1,2025-10-14T19:54:26Z
BCRX,6.415,2025-10-14T19:59:59Z
BCS,20.425,2025-10-14T19:59:46Z
BCSF,14.07,2025-10-14T19:59:53Z
BCSS=,10.32,2025-10-14T19:59:24Z
BCTX,10.795,2025-10-14T13:36:27Z
BCUS,32.31,2025-10-14T16:12:31Z
BCX,9.89,2025-10-14T19:59:58Z
BCYC,7.905,2025-10-14T19:59:29Z
BDBT,25.74,2025-10-14T19:59:46Z
BDC,112,2025-10-14T19:59:50Z
BDCX,23.24,2025-10-14T16:12:32Z
BDEC,47.89,2025-10-14T18:16:19Z
BDJ,9.135,2025-10-14T19:51:14Z
BDMD,1.59,2025-10-14T19:57:40Z
BDN,3.72,2025-10-14T19:59:56Z
BDRX,8.08,2025-10-14T17:09:15Z
BDRY,8.18,2025-10-14T13:53:32Z
BDSX,7.75,2025-10-14T19:58:51Z
BDTX,3.76,2025-10-14T19:59:50Z
BDX,188.29,2025-10-14T19:59:43Z
BDYN,25.23,2025-10-14T19:44:10Z
BE,114.13,2025-10-14T19:59:56Z
BEAG,10.8,2025-10-14T15:33:43Z
BEAGR,0.39,2025-10-14T18:23:34Z
BEAM,25.43,2025-10-14T19:59:51Z
BEEM,3.83,2025-10-14T19:59:03Z
BEEP,3.4,2025-10-14T18:27:46Z
BEGS,41.06,2025-10-14T16:56:35Z
BEKE,18.22,2025-10-14T19:59:54Z
BELFB,147.27,2025-10-14T19:51:05Z
BEN,22.91,2025-10-14T19:59:58Z
BENF,0.5102,2025-10-14T19:54:04Z
BENFW,0.0116,2025-10-14T14:33:13Z
BEP,26.92,2025-10-14T19:59:49Z
BEPC,39.245,2025-10-14T19:59:53Z
BEPH,15.69,2025-10-14T16:12:08Z
BERZ,3.35,2025-10-14T19:53:36Z
BETE,75.58,2025-10-14T16:42:23Z
BETR,50.03,2025-10-14T19:59:58Z
BETRW,0.5,2025-10-14T19:55:59Z
BETZ,22.71,2025-10-14T19:58:12Z
BF.A,27.37,2025-10-14T19:58:15Z
BF.B,27.52,2025-10-14T19:59:55Z
BFAM,98.44,2025-10-14T19:59:50Z
BFC,130.86,2025-10-14T16:04:04Z
BFH,59.26,2025-10-14T19:59:59Z
BFIN,12.09,2025-10-14T19:38:59Z
BFK,10.08,2025-10-14T19:58:18Z
BFLY,2.285,2025-10-14T19:59:24Z
BFRG,1.47,2025-10-14T19:57:45Z
BFRZ,26.47,2025-10-14T16:05:09Z
BFS,30.65,2025-10-14T19:59:50Z
BFST,23.96,2025-10-14T19:59:41Z
BFZ,11.015,2025-10-14T19:56:31Z
BG,82.41,2025-10-14T19:59:52Z
BGB,11.9,2025-10-14T18:57:46Z
BGC,9.18,2025-10-14T19:59:54Z
BGH,14.98,2025-10-14T19:49:34Z
BGI,1.1,2025-10-14T15:02:36Z
BGIG,32.295,2025-10-14T18:32:29Z
BGL,10.27,2025-10-14T19:55:00Z
BGLC,5.1,2025-10-14T19:48:31Z
BGLD,24.02,2025-10-14T19:24:54Z
BGM,9.3,2025-10-14T18:19:27Z
BGMS,6.02,2025-10-14T14:55:25Z
BGR,13.235,2025-10-14T17:05:58Z
BGS,4.365,2025-10-14T19:59:56Z
BGSF,3.84,2025-10-14T19:58:57Z
BGT,12.08,2025-10-14T19:25:21Z
BGX,11.775,2025-10-14T19:40:02Z
BGY,5.715,2025-10-14T19:56:03Z
BH,353.94,2025-10-14T16:15:57Z
BH.A,1710.62,2025-10-14T18:07:12Z
BHB,30,2025-10-14T19:53:13Z
BHC,6.11,2025-10-14T19:59:35Z
BHE,37.83,2025-10-14T19:55:52Z
BHF,49.935,2025-10-14T19:59:55Z
BHFAM,11.16,2025-10-14T15:16:43Z
BHFAN,12.46,2025-10-14T19:22:51Z
BHFAO,15.26,2025-10-14T14:45:02Z
BHFAP,15.24,2025-10-14T17:05:29Z
BHK,9.94,2025-10-14T19:57:57Z
BHP,56.42,2025-10-14T19:59:55Z
BHR,2.56,2025-10-14T19:59:58Z
BHR-D,19.8,2025-10-14T15:23:32Z
BHRB,61.2,2025-10-14T19:32:03Z
BHST,12.14,2025-10-14T18:55:44Z
BHVN,16.68,2025-10-14T19:59:58Z
BIAF,2.89,2025-10-14T19:59:46Z
BIB,65.14,2025-10-14T18:38:26Z
BIBL,43.92,2025-10-14T14:08:59Z
BIDD,28.06,2025-10-14T19:57:48Z
BIDU,119.98,2025-10-14T19:59:57Z
BIIB,145.31,2025-10-14T19:59:56Z
BIL,91.585,2025-10-14T19:59:55Z
BILI,26.29,2025-10-14T19:59:58Z
BILL,49.89,2025-10-14T19:59:48Z
BILS,99.34,2025-10-14T19:53:54Z
BILZ,100.945,2025-10-14T17:50:42Z
BINC,53.14,2025-10-14T19:59:43Z
BINT,27.41,2025-10-14T18:56:12Z
BINV,38.3,2025-10-14T19:29:42Z
BIO,305.69,2025-10-14T19:51:27Z
BIOA,5.49,2025-10-14T19:59:37Z
BIOX,1.545,2025-10-14T19:59:58Z
BIP,34.85,2025-10-14T19:59:50Z
BIPC,45.815,2025-10-14T19:59:35Z
BIRD,6.52,2025-10-14T15:56:15Z
BIRK,42.67,2025-10-14T19:59:51Z
BIS,12.03,2025-10-14T19:59:59Z
BIT,13.26,2025-10-14T19:53:49Z
BITB,61.27,2025-10-14T19:59:54Z
BITC,42.31,2025-10-14T19:31:52Z
BITF,5.885,2025-10-14T19:59:55Z
BITI,18.58,2025-10-14T19:59:53Z
BITK,23.35,2025-10-14T17:43:15Z
BITO,18.58,2025-10-14T19:59:55Z
BITQ,29.97,2025-10-14T19:58:09Z
BITS,109.48,2025-10-14T13:47:47Z
BITU,50.79,2025-10-14T19:59:59Z
BITX,52.73,2025-10-14T19:59:50Z
BIV,78.505,2025-10-14T19:58:16Z
BIVI,1.98,2025-10-14T19:48:39Z
BIYA,0.503,2025-10-14T14:15:04Z
BIZD,14.185,2025-10-14T19:59:46Z
BJ,94.09,2025-10-14T19:59:56Z
BJDX,3.51,2025-10-14T19:59:45Z
BJK,41.43,2025-10-14T15:18:56Z
BJRI,31.97,2025-10-14T19:59:55Z
BJUN,45.62,2025-10-14T16:53:53Z
BK,107.08,2025-10-14T19:59:58Z
BK-K,25.795,2025-10-14T19:04:02Z
BKAG,42.77,2025-10-14T19:01:28Z
BKCG,35.305,2025-10-14T16:41:04Z
BKCH,116.98,2025-10-14T19:43:02Z
BKD,8.73,2025-10-14T19:59:56Z
BKE,53.72,2025-10-14T19:59:54Z
BKGI,38.965,2025-10-14T19:58:21Z
BKH,61.07,2025-10-14T19:59:46Z
BKHY,48.29,2025-10-14T16:47:57Z
BKKT,45,2025-10-14T19:59:55Z
BKLC,127.3,2025-10-14T19:59:55Z
BKLN,20.82,2025-10-14T19:59:49Z
BKMC,107.73,2025-10-14T15:16:51Z
BKN,11.43,2025-10-14T19:33:45Z
BKNG,5288,2025-10-14T19:41:50Z
BKR,44.82,2025-10-14T19:59:58Z
BKSE,111.58,2025-10-14T18:45:20Z
BKSY,29.8,2025-10-14T19:59:49Z
BKT,11.32,2025-10-14T19:59:21Z
BKT^,0.105,2025-10-14T19:41:59Z
BKU,39.64,2025-10-14T19:59:55Z
BKV,21.18,2025-10-14T19:59:57Z
BKYI,0.7215,2025-10-14T15:43:50Z
BL,49.29,2025-10-14T19:58:46Z
BLBD,56.38,2025-10-14T19:59:58Z
BLBX,14.34,2025-10-14T19:59:40Z
BLCN,29.12,2025-10-14T14:42:46Z
BLCO,15.15,2025-10-14T19:59:57Z
BLD,439.92,2025-10-14T19:59:32Z
BLDG,24.89,2025-10-14T17:49:03Z
BLDP,3.975,2025-10-14T19:59:45Z
BLDR,128.09,2025-10-14T19:59:59Z
BLE,10.56,2025-10-14T19:59:39Z
BLFS,27.67,2025-10-14T19:59:49Z
BLFY,9.01,2025-10-14T19:55:12Z
BLGR,28.46,2025-10-14T19:54:23Z
BLIN,1.42,2025-10-14T19:24:20Z
BLK,1194.36,2025-10-14T19:59:43Z
BLKB,63.82,2025-10-14T19:59:49Z
BLKC,32.13,2025-10-14T17:30:47Z
BLMN,7.69,2025-10-14T19:59:55Z
BLMZ,0.2057,2025-10-14T19:59:50Z
BLND,3.33,2025-10-14T19:59:59Z
BLNE,3.48,2025-10-14T19:37:00Z
BLNK,2.26,2025-10-14T19:59:59Z
BLOK,72.945,2025-10-14T19:58:15Z
BLOX,26.16,2025-10-14T19:58:33Z
BLSH,59.07,2025-10-14T19:59:55Z
BLTD,26.18,2025-10-14T19:59:46Z
BLTE,79.5,2025-10-14T19:26:15Z
BLUC,28,2025-10-14T19:17:30Z
BLUX,27.64,2025-10-14T18:53:51Z
BLV,71.71,2025-10-14T19:59:31Z
BLW,13.95,2025-10-14T19:47:27Z
BLX,45.17,2025-10-14T19:55:28Z
BLZE,9.1,2025-10-14T19:59:54Z
BMA,50.745,2025-10-14T19:59:32Z
BMAY,43.75,2025-10-14T17:10:02Z
BMBL,5.34,2025-10-14T19:59:57Z
BME,37.61,2025-10-14T19:55:02Z
BMEA,1.665,2025-10-14T19:59:50Z
BMEZ,14.93,2025-10-14T19:58:09Z
BMGL,1.615,2025-10-14T19:18:07Z
BMI,178.93,2025-10-14T19:59:53Z
BML-G,20.58,2025-10-14T16:48:16Z
BML-J,20.98,2025-10-14T19:55:14Z
BML-L,20.35,2025-10-14T16:34:15Z
BMNR,52.96,2025-10-14T19:59:57Z
BMNU,26.58,2025-10-14T19:58:37Z
BMO,127.715,2025-10-14T19:59:11Z
BMR,2.99,2025-10-14T19:15:49Z
BMRA,2.85,2025-10-14T19:58:38Z
BMRC,24.35,2025-10-14T19:55:48Z
BMRN,52.46,2025-10-14T19:59:44Z
BMVP,48.43,2025-10-14T19:16:47Z
BMY,43.8,2025-10-14T19:59:57Z
BN,45.35,2025-10-14T19:59:47Z
BNAI,0.4973,2025-10-14T19:57:32Z
BNBX,3.79,2025-10-14T19:55:49Z
BNC,9.65,2025-10-14T19:59:34Z
BND,74.74,2025-10-14T19:59:56Z
BNDW,70.055,2025-10-14T19:37:13Z
BNDX,49.72,2025-10-14T19:59:58Z
BNED,9.63,2025-10-14T19:59:52Z
BNGO,2.1,2025-10-14T19:59:55Z
BNKK,0.2981,2025-10-14T19:59:46Z
BNKU,26.03,2025-10-14T17:07:50Z
BNL,18.295,2025-10-14T19:59:59Z
BNO,28.25,2025-10-14T19:59:45Z
BNOV,43.56,2025-10-14T17:21:20Z
BNRG,1.805,2025-10-14T19:49:52Z
BNS,64.16,2025-10-14T19:59:56Z
BNT,45.22,2025-10-14T19:54:05Z
BNTC,15.03,2025-10-14T17:06:23Z
BNTX,102.6,2025-10-14T19:59:55Z
BNY,10.235,2025-10-14T18:54:55Z
BNZI,3.18,2025-10-14T19:55:52Z
BNZIW,0.0356,2025-10-14T13:36:23Z
BOAT,29.79,2025-10-14T19:41:01Z
BOC,13.88,2025-10-14T19:59:58Z
BOCT,48.24,2025-10-14T16:33:31Z
BOE,11.54,2025-10-14T19:45:53Z
BOH,64.21,2025-10-14T19:59:50Z
BOIL,25.88,2025-10-14T19:59:39Z
BOKF,113.525,2025-10-14T19:54:50Z
BOLD,1.325,2025-10-14T19:49:08Z
BOLT,6.02,2025-10-14T13:45:22Z
BOND,93.76,2025-10-14T19:51:22Z
BOOM,7.81,2025-10-14T19:59:49Z
BOOT,180.04,2025-10-14T19:59:27Z
BORR,2.64,2025-10-14T19:59:58Z
BOSC,4.87,2025-10-14T19:45:40Z
BOTT,41.22,2025-10-14T19:51:54Z
BOTZ,36.455,2025-10-14T19:56:11Z
BOW,27.13,2025-10-14T19:57:45Z
BOX,32.66,2025-10-14T19:59:55Z
BOXL,2,2025-10-14T19:38:40Z
BOXX,113.99,2025-10-14T19:58:00Z
BP,33.12,2025-10-14T19:59:56Z
BPOP,124.07,2025-10-14T19:59:29Z
BPYPP,14.93,2025-10-14T18:07:05Z
BQ,9.37,2025-10-14T14:44:35Z
BR,235.225,2025-10-14T19:57:53Z
BRAZ,24.73,2025-10-14T14:07:06Z
BRBR,34.705,2025-10-14T19:59:48Z
BRBS,4.18,2025-10-14T19:59:52Z
BRC,74.575,2025-10-14T19:30:53Z
BRCB,24.76,2025-10-14T19:59:50Z
BRCC,1.4,2025-10-14T19:59:54Z
BRFH,3.41,2025-10-14T14:02:20Z
BRHY,51.88,2025-10-14T17:26:44Z
BRK.B,496.09,2025-10-14T19:59:49Z
BRKC,47.3,2025-10-14T14:57:00Z
BRKR,36.53,2025-10-14T19:59:59Z
BRKU,24.91,2025-10-14T19:39:31Z
BRLS,3.065,2025-10-14T18:01:12Z
BRLT,2.72,2025-10-14T19:58:55Z
BRN,1.29,2025-10-14T16:47:40Z
BRNS,1.36,2025-10-14T19:50:29Z
BRO,94.79,2025-10-14T19:59:49Z
BROS,52.93,2025-10-14T19:59:52Z
BRR,10.27,2025-10-14T19:44:10Z
BRRR,31.81,2025-10-14T19:59:48Z
BRSL,16.96,2025-10-14T19:59:58Z
BRSP,5.32,2025-10-14T19:59:52Z
BRT,14.83,2025-10-14T19:25:35Z
BRTR,51.07,2025-10-14T15:39:17Z
BRW,7.49,2025-10-14T19:50:04Z
BRW^,0.0106,2025-10-14T19:23:50Z
BRX,27.04,2025-10-14T19:59:59Z
BRY,3.42,2025-10-14T19:59:50Z
BRZE,25.95,2025-10-14T19:59:57Z
BRZU,64.03,2025-10-14T13:54:07Z
BSAC,26.77,2025-10-14T19:59:12Z
BSBR,5.065,2025-10-14T19:59:26Z
BSCP,20.715,2025-10-14T19:59:47Z
BSCQ,19.595,2025-10-14T19:59:28Z
BSCR,19.775,2025-10-14T19:37:17Z
BSCS,20.645,2025-10-14T19:40:29Z
BSCT,18.905,2025-10-14T19:59:55Z
BSCU,17,2025-10-14T19:45:55Z
BSCV,16.785,2025-10-14T19:52:59Z
BSCW,21.025,2025-10-14T19:31:05Z
BSCX,21.615,2025-10-14T19:46:52Z
BSCY,21.175,2025-10-14T19:57:25Z
BSCZ,20.895,2025-10-14T14:25:34Z
BSET,15.67,2025-10-14T19:32:48Z
BSJP,23.095,2025-10-14T18:36:41Z
BSJQ,23.425,2025-10-14T19:59:46Z
BSJR,22.72,2025-10-14T19:59:45Z
BSJS,22.005,2025-10-14T16:58:45Z
BSJT,21.485,2025-10-14T19:59:28Z
BSJU,25.985,2025-10-14T19:59:00Z
BSJV,26.58,2025-10-14T19:59:06Z
BSL,13.905,2025-10-14T19:55:35Z
BSLK,3.72,2025-10-14T18:41:43Z
BSM,12.42,2025-10-14T19:59:58Z
BSMP,24.54,2025-10-14T14:45:13Z
BSMQ,23.64,2025-10-14T19:59:05Z
BSMR,23.68,2025-10-14T14:43:24Z
BSMS,23.46,2025-10-14T14:44:29Z
BSMT,23.16,2025-10-14T19:58:17Z
BSMV,21.15,2025-10-14T19:59:05Z
BSMW,25.14,2025-10-14T16:37:59Z
BSMY,24.54,2025-10-14T16:03:27Z
BSMZ,25.38,2025-10-14T19:50:45Z
BSRR,28.8,2025-10-14T19:57:33Z
BST,41.84,2025-10-14T19:59:11Z
BSTZ,22.255,2025-10-14T19:30:21Z
BSV,79.05,2025-10-14T19:59:50Z
BSVO,22.5,2025-10-14T19:59:45Z
BSX,96.23,2025-10-14T19:59:58Z
BSY,50.31,2025-10-14T19:59:46Z
BTA,9.51,2025-10-14T19:56:20Z
BTAI,2.62,2025-10-14T19:57:40Z
BTAL,15.58,2025-10-14T19:52:58Z
BTBD,1.89,2025-10-14T19:59:43Z
BTBT,4.12,2025-10-14T19:59:56Z
BTC,49.88,2025-10-14T19:59:54Z
BTCI,58.53,2025-10-14T19:59:59Z
BTCL,53.915,2025-10-14T19:37:53Z
BTCM,2.89,2025-10-14T19:52:19Z
BTCO,112.43,2025-10-14T19:54:55Z
BTCS,4.45,2025-10-14T19:59:49Z
BTCT,2.82,2025-10-14T17:37:47Z
BTCW,120.04,2025-10-14T19:17:21Z
BTCZ,2.85,2025-10-14T18:41:23Z
BTDR,20.1,2025-10-14T19:59:56Z
BTE,2.315,2025-10-14T19:59:37Z
BTG,5.36,2025-10-14T19:59:59Z
BTGD,45.06,2025-10-14T19:58:16Z
BTI,51.09,2025-10-14T19:59:59Z
BTM,3.01,2025-10-14T19:59:58Z
BTMD,2.83,2025-10-14T19:27:46Z
BTMWW,0.3096,2025-10-14T19:46:48Z
BTO,35.895,2025-10-14T19:59:18Z
BTOG,0.4298,2025-10-14T19:41:50Z
BTOP,32.005,2025-10-14T15:18:01Z
BTQ,11.74,2025-10-14T19:59:35Z
BTSG,29.925,2025-10-14T19:59:53Z
BTT,22.66,2025-10-14T19:55:47Z
BTU,34.91,2025-10-14T19:59:51Z
BTX,6.72,2025-10-14T19:53:00Z
BTZ,11.06,2025-10-14T19:59:25Z
BUCK,23.94,2025-10-14T19:56:44Z
BUD,60.21,2025-10-14T19:59:50Z
BUFB,35.59,2025-10-14T19:52:59Z
BUFD,27.565,2025-10-14T19:59:53Z
BUFF,48.79,2025-10-14T17:00:00Z
BUFG,26.79,2025-10-14T19:39:16Z
BUFH,20.61,2025-10-14T17:47:46Z
BUFM,38.1,2025-10-14T19:41:09Z
BUFP,29.27,2025-10-14T14:05:45Z
BUFQ,34.685,2025-10-14T19:59:00Z
BUFR,33.275,2025-10-14T19:55:10Z
BUFZ,25.85,2025-10-14T19:55:30Z
BUG,34.55,2025-10-14T19:59:55Z
BUI,26.535,2025-10-14T19:55:31Z
BULG,8.07,2025-10-14T19:45:26Z
BULL,11.735,2025-10-14T19:59:59Z
BULX,16.69,2025-10-14T13:31:39Z
BULZ,261.89,2025-10-14T19:59:59Z
BUR,11.315,2025-10-14T19:59:49Z
BURL,273.565,2025-10-14T19:59:39Z
BURU,0.4062,2025-10-14T19:59:47Z
BUSE,23.77,2025-10-14T19:59:52Z
BUXX,20.325,2025-10-14T18:31:21Z
BUYW,14.215,2025-10-14T19:18:15Z
BUZZ,38.265,2025-10-14T19:59:32Z
BV,13.185,2025-10-14T19:59:39Z
BVAL,26.82,2025-10-14T14:22:52Z
BVFL,15.26,2025-10-14T19:57:09Z
BVN,25.27,2025-10-14T19:59:58Z
BVS,6.685,2025-10-14T19:59:46Z
BW,3.755,2025-10-14T19:59:51Z
BWA,41.75,2025-10-14T19:59:55Z
BWAY,15.245,2025-10-14T19:38:21Z
BWB,17.84,2025-10-14T19:59:46Z
BWEN,2.27,2025-10-14T19:58:49Z
BWIN,27.22,2025-10-14T19:59:52Z
BWLP,12.18,2025-10-14T19:59:55Z
BWMN,42.76,2025-10-14T19:55:06Z
BWMX,12.62,2025-10-14T19:43:32Z
BWSN,25,2025-10-14T19:49:51Z
BWX,22.79,2025-10-14T19:58:58Z
BWXT,202.44,2025-10-14T19:59:55Z
BWZ,27.34,2025-10-14T14:56:42Z
BX,163.87,2025-10-14T19:59:55Z
BXC,71.37,2025-10-14T14:47:26Z
BXMT,18.565,2025-10-14T19:59:55Z
BXMX,14.18,2025-10-14T19:53:30Z
BXP,70.535,2025-10-14T19:59:50Z
BXSL,26.42,2025-10-14T19:59:54Z
BY,27.555,2025-10-14T19:59:45Z
BYD,83.28,2025-10-14T19:59:47Z
BYLD,22.885,2025-10-14T19:58:50Z
BYM,11.09,2025-10-14T19:59:47Z
BYND,0.7857,2025-10-14T19:59:52Z
BYRN,24.93,2025-10-14T19:59:51Z
BYSI,1.64,2025-10-14T19:31:20Z
BZ,21.94,2025-10-14T19:59:49Z
BZAI,5.01,2025-10-14T19:59:49Z
BZFD,1.71,2025-10-14T19:59:10Z
BZH,22.7,2025-10-14T19:59:21Z
BZQ,10.13,2025-10-14T19:56:30Z
BZUN,3.49,2025-10-14T19:59:47Z
C,99.88,2025-10-14T19:59:50Z
C-N,30.65,2025-10-14T14:28:07Z
CAAP,17.95,2025-10-14T19:59:48Z
CAAS,4.325,2025-10-14T18:58:58Z
CABA,2.89,2025-10-14T19:59:55Z
CABO,164.185,2025-10-14T19:32:03Z
CAC,38.39,2025-10-14T19:59:53Z
CACC,505.845,2025-10-14T19:57:52Z
CACI,515.93,2025-10-14T19:42:34Z
CADE,39.48,2025-10-14T19:59:55Z
CADL,5.78,2025-10-14T19:59:34Z
CAE,27.68,2025-10-14T19:59:51Z
CAEP,10.75,2025-10-14T19:42:55Z
CAF,16.215,2025-10-14T18:17:14Z
CAFX,25.16,2025-10-14T18:47:32Z
CAG,18.515,2025-10-14T19:59:59Z
CAH,154,2025-10-14T19:59:38Z
CAI,30.36,2025-10-14T19:59:52Z
CAIE,26.875,2025-10-14T19:59:59Z
CAKE,54.48,2025-10-14T19:59:51Z
CAL,12.95,2025-10-14T19:59:54Z
CALC,3.18,2025-10-14T17:20:53Z
CALF,42.825,2025-10-14T19:59:46Z
CALI,50.58,2025-10-14T17:36:37Z
CALM,93.36,2025-10-14T19:59:49Z
CALX,59.21,2025-10-14T19:59:53Z
CAML,38.34,2025-10-14T15:36:12Z
CAMP,3.4,2025-10-14T19:59:35Z
CAMT,121.07,2025-10-14T19:59:46Z
CAN,1.815,2025-10-14T19:59:46Z
CANC,29.565,2025-10-14T19:37:46Z
CANE,10.095,2025-10-14T19:59:45Z
CANF,0.4875,2025-10-14T19:34:57Z
CANG,4.36,2025-10-14T19:59:59Z
CAOS,89.915,2025-10-14T16:35:32Z
CAPE,32.03,2025-10-14T17:32:50Z
CAPR,6.7,2025-10-14T19:59:36Z
CAPS,1.35,2025-10-14T19:59:52Z
CAPT,0.841,2025-10-14T16:11:05Z
CAR,155.535,2025-10-14T19:59:19Z
CARD,3.205,2025-10-14T17:45:45Z
CARE,19.6,2025-10-14T19:38:36Z
CARG,34.97,2025-10-14T19:59:56Z
CARL,13.8,2025-10-14T19:11:17Z
CARR,57.52,2025-10-14T19:59:53Z
CARS,10.745,2025-10-14T19:59:55Z
CART,39.465,2025-10-14T19:59:56Z
CARY,20.955,2025-10-14T19:37:19Z
CASH,76.96,2025-10-14T19:59:42Z
CASI,1.84,2025-10-14T19:39:44Z
CASS,36.98,2025-10-14T19:59:40Z
CASY,560.925,2025-10-14T19:59:37Z
CAT,528.29,2025-10-14T19:59:54Z
CATO,4.195,2025-10-14T19:59:59Z
CATX,4.835,2025-10-14T19:59:37Z
CATY,49.35,2025-10-14T19:59:43Z
CAVA,64.69,2025-10-14T19:59:46Z
CB,284.51,2025-10-14T19:59:21Z
CBAN,17.045,2025-10-14T19:56:44Z
CBAT,1.185,2025-10-14T19:59:02Z
CBFV,32.575,2025-10-14T19:36:56Z
CBIO,10.34,2025-10-14T19:55:05Z
CBL,29.04,2025-10-14T19:53:03Z
CBLL,12.455,2025-10-14T19:58:07Z
CBNK,29.8,2025-10-14T19:14:25Z
CBOE,238.11,2025-10-14T19:59:57Z
CBOJ,26.07,2025-10-14T16:31:50Z
CBOO,24.88,2025-10-14T15:53:25Z
CBRE,154.26,2025-10-14T19:59:38Z
CBRL,41.375,2025-10-14T19:59:51Z
CBSH,58.88,2025-10-14T19:59:55Z
CBT,68.095,2025-10-14T19:59:47Z
CBTO,24.115,2025-10-14T14:41:14Z
CBTY,25.65,2025-10-14T18:58:25Z
CBU,58.53,2025-10-14T19:50:11Z
CBUS,1.46,2025-10-14T19:59:36Z
CBXJ,27.6,2025-10-14T18:58:25Z
CBXO,24.52,2025-10-14T16:20:26Z
CBXY,25.42,2025-10-14T16:58:38Z
CBZ,54.42,2025-10-14T19:59:02Z
CC,13.76,2025-10-14T19:59:55Z
CCAP,13.98,2025-10-14T19:59:57Z
CCB,109.5,2025-10-14T18:51:26Z
CCBG,42.505,2025-10-14T19:55:51Z
CCCC,2.015,2025-10-14T19:59:54Z
CCCS,9.32,2025-10-14T19:59:56Z
CCCX,24.33,2025-10-14T19:59:54Z
CCCXU,28.375,2025-10-14T19:38:24Z
CCCXW,13.32,2025-10-14T19:59:29Z
CCD,22.03,2025-10-14T19:58:00Z
CCEF,28.69,2025-10-14T18:47:32Z
CCEP,89.82,2025-10-14T19:59:51Z
CCG,0.99,2025-10-14T17:37:11Z
CCHH,4.385,2025-10-14T13:30:04Z
CCI,97.295,2025-10-14T19:59:53Z
CCIF,5.28,2025-10-14T19:38:48Z
CCII,10.31,2025-10-14T19:34:53Z
CCIX,10.81,2025-10-14T19:55:43Z
CCIXW,1.41,2025-10-14T19:33:35Z
CCJ,93.2,2025-10-14T19:59:49Z
CCK,90.77,2025-10-14T19:59:52Z
CCL,28.95,2025-10-14T19:59:59Z
CCLD,3.22,2025-10-14T19:59:44Z
CCM,5.97,2025-10-14T14:44:49Z
CCMG,30.79,2025-10-14T16:40:35Z
CCNE,24.66,2025-10-14T19:58:44Z
CCO,1.355,2025-10-14T19:59:48Z
CCOI,44.03,2025-10-14T19:59:46Z
CCOR,26.24,2025-10-14T17:45:04Z
CCRD,27.255,2025-10-14T19:57:46Z
CCRN,12.98,2025-10-14T19:59:50Z
CCS,60.74,2025-10-14T19:59:50Z
CCSI,26.64,2025-10-14T19:55:25Z
CCTG,1.255,2025-10-14T19:58:33Z
CCU,11.85,2025-10-14T19:59:16Z
CCUP,15.28,2025-10-14T19:49:07Z
CDE,21,2025-10-14T19:59:59Z
CDIO,4.47,2025-10-14T18:28:05Z
CDLR,20.09,2025-10-14T19:54:00Z
CDLX,2.12,2025-10-14T19:59:56Z
CDNA,14.34,2025-10-14T19:59:50Z
CDNS,325.92,2025-10-14T19:59:55Z
CDP,27.845,2025-10-14T19:59:52Z
CDR-C,16.685,2025-10-14T18:13:25Z
CDRE,41.165,2025-10-14T19:59:34Z
CDRO,6.42,2025-10-14T19:20:24Z
CDT,3.79,2025-10-14T19:54:18Z
CDTG,0.639,2025-10-14T19:00:18Z
CDTX,110.77,2025-10-14T19:59:54Z
CDW,150.335,2025-10-14T19:59:45Z
CDX,22.745,2025-10-14T18:38:58Z
CDXS,2.515,2025-10-14T19:58:54Z
CDZI,5.54,2025-10-14T19:59:58Z
CE,40.83,2025-10-14T19:59:59Z
CECO,47.82,2025-10-14T19:59:47Z
CEF,39.44,2025-10-14T19:59:54Z
CEFS,22.86,2025-10-14T19:03:20Z
CEFZ,8.13,2025-10-14T17:56:19Z
CEG,389.64,2025-10-14T19:59:23Z
CEGX,36.43,2025-10-14T19:59:45Z
CELC,46.19,2025-10-14T19:59:53Z
CELH,61.85,2025-10-14T19:59:45Z
CELU,2.27,2025-10-14T19:56:04Z
CEMB,45.91,2025-10-14T16:47:16Z
CENN,0.2275,2025-10-14T19:58:34Z
CENT,29.53,2025-10-14T19:50:36Z
CENTA,26.71,2025-10-14T19:59:48Z
CENX,31.97,2025-10-14T19:59:34Z
CEP,21.33,2025-10-14T19:23:24Z
CEPF,10.575,2025-10-14T19:43:35Z
CEPO,10.545,2025-10-14T19:53:23Z
CEPT,12.62,2025-10-14T19:57:07Z
CEPU,8.975,2025-10-14T19:59:41Z
CERO,2.84,2025-10-14T19:58:30Z
CERS,1.575,2025-10-14T19:59:50Z
CERT,11.9,2025-10-14T19:59:47Z
CERY,28.76,2025-10-14T19:08:49Z
CETX,6.285,2025-10-14T19:59:13Z
CETY,2.73,2025-10-14T19:59:08Z
CEV,10.21,2025-10-14T13:54:58Z
CEVA,29.13,2025-10-14T19:59:41Z
CF,86.74,2025-10-14T19:59:48Z
CFBK,23.61,2025-10-14T19:29:26Z
CFFN,6.39,2025-10-14T19:59:58Z
CFG,51.805,2025-10-14T19:59:54Z
CFG-H,26.39,2025-10-14T14:34:07Z
CFG-I,25.45,2025-10-14T19:59:53Z
CFLT,22.8,2025-10-14T19:59:59Z
CFND,8.38,2025-10-14T17:10:46Z
CFO,73.055,2025-10-14T16:37:40Z
CFR,129.07,2025-10-14T19:59:48Z
CG,59.6,2025-10-14T19:59:59Z
CGABL,18.27,2025-10-14T19:52:42Z
CGAU,11.83,2025-10-14T19:59:59Z
CGBD,12.37,2025-10-14T19:59:53Z
CGBL,34.84,2025-10-14T19:59:58Z
CGC,1.365,2025-10-14T19:59:45Z
CGCB,26.765,2025-10-14T19:59:43Z
CGCP,22.855,2025-10-14T19:59:46Z
CGCTW,0.384,2025-10-14T15:29:35Z
CGCV,30.02,2025-10-14T19:51:06Z
CGDG,34.585,2025-10-14T19:56:09Z
CGDV,41.77,2025-10-14T19:59:46Z
CGEM,7.74,2025-10-14T19:59:50Z
CGEN,2.11,2025-10-14T19:59:17Z
CGGE,30.885,2025-10-14T19:57:33Z
CGGO,34.27,2025-10-14T19:59:48Z
CGGR,43.83,2025-10-14T19:59:59Z
CGHM,25.495,2025-10-14T19:55:17Z
CGIB,25.41,2025-10-14T19:30:22Z
CGIC,30.74,2025-10-14T19:55:31Z
CGIE,33.72,2025-10-14T19:59:43Z
CGMM,28.365,2025-10-14T19:59:49Z
CGMS,27.8,2025-10-14T19:59:56Z
CGMU,27.365,2025-10-14T19:00:25Z
CGNG,30.7,2025-10-14T19:59:40Z
CGNT,8.185,2025-10-14T19:58:08Z
CGNX,45.24,2025-10-14T19:59:48Z
CGO,12.05,2025-10-14T19:59:28Z
CGON,42.91,2025-10-14T19:59:50Z
CGSD,26.065,2025-10-14T19:57:20Z
CGSM,26.41,2025-10-14T19:59:59Z
CGTL,0.5037,2025-10-14T19:27:10Z
CGTX,1.75,2025-10-14T19:59:26Z
CGUI,25.32,2025-10-14T18:33:26Z
CGUS,39.24,2025-10-14T19:59:58Z
CGW,63.93,2025-10-14T18:42:14Z
CGXU,29.7,2025-10-14T19:59:46Z
CHA,16.42,2025-10-14T19:58:22Z
CHAC,10.35,2025-10-14T19:59:55Z
CHACR,0.4361,2025-10-14T18:34:32Z
CHAI,5.25,2025-10-14T19:24:02Z
CHAT,62.135,2025-10-14T19:57:10Z
CHAU,19.57,2025-10-14T19:38:12Z
CHCI,14.45,2025-10-14T19:03:48Z
CHCO,120.445,2025-10-14T13:59:11Z
CHCT,13.915,2025-10-14T19:59:40Z
CHD,86.94,2025-10-14T19:59:52Z
CHDN,88.39,2025-10-14T19:59:46Z
CHE,436.935,2025-10-14T19:59:27Z
CHEF,57.975,2025-10-14T19:59:31Z
CHEK,2,2025-10-14T19:48:50Z
CHGG,1.29,2025-10-14T19:59:57Z
CHH,101.43,2025-10-14T19:59:32Z
CHI,11.12,2025-10-14T19:59:12Z
CHIQ,22.685,2025-10-14T19:48:41Z
CHKP,194,2025-10-14T19:59:27Z
CHMI,2.36,2025-10-14T19:59:55Z
CHN,17.62,2025-10-14T18:34:21Z
CHNR,6.9,2025-10-14T19:47:00Z
CHOW,8.2,2025-10-14T18:45:54Z
CHPGR,0.19,2025-10-14T15:54:38Z
CHPT,12.31,2025-10-14T19:59:55Z
CHPY,56.81,2025-10-14T16:05:23Z
CHR,0.14,2025-10-14T19:00:09Z
CHRD,90.86,2025-10-14T19:59:55Z
CHRS,1.705,2025-10-14T19:59:52Z
CHRW,127.99,2025-10-14T19:59:56Z
CHSCM,24.9,2025-10-14T19:44:32Z
CHSN,2.585,2025-10-14T19:14:49Z
CHT,43.035,2025-10-14T19:59:31Z
CHTR,266.295,2025-10-14T19:59:49Z
CHW,7.69,2025-10-14T19:59:50Z
CHWY,38.3,2025-10-14T19:59:55Z
CHY,11.535,2025-10-14T19:55:06Z
CHYM,20.365,2025-10-14T19:59:50Z
CI,301.97,2025-10-14T19:59:46Z
CIA,5.79,2025-10-14T19:55:04Z
CIB,54.685,2025-10-14T19:58:51Z
CIBR,75.85,2025-10-14T19:59:58Z
CIEN,164.94,2025-10-14T19:59:59Z
CIFR,20.89,2025-10-14T19:59:59Z
CIFRW,10.43,2025-10-14T19:59:57Z
CIG,1.96,2025-10-14T19:59:59Z
CIGI,152.43,2025-10-14T19:58:46Z
CII,23.45,2025-10-14T18:57:57Z
CIIT,0.5137,2025-10-14T19:15:13Z
CIK,2.915,2025-10-14T19:57:23Z
CIL,50.95,2025-10-14T14:16:52Z
CIM,13.02,2025-10-14T19:59:53Z
CIM-A,22.12,2025-10-14T13:50:20Z
CIM-B,24.2,2025-10-14T15:40:22Z
CIM-C,22.66,2025-10-14T19:57:40Z
CINF,158.765,2025-10-14T19:59:56Z
CING,4.155,2025-10-14T19:49:26Z
CINGW,0.05,2025-10-14T15:55:03Z
CINT,4.22,2025-10-14T19:59:53Z
CIO,6.97,2025-10-14T19:59:59Z
CION,9.42,2025-10-14T19:59:40Z
CISO,1.395,2025-10-14T19:59:15Z
CISS,2.22,2025-10-14T18:00:45Z
CIVB,21.36,2025-10-14T19:59:46Z
CIVI,28.91,2025-10-14T19:59:59Z
CJET,0.1196,2025-10-14T19:56:11Z
CJMB,4.085,2025-10-14T16:59:24Z
CL,78.42,2025-10-14T19:59:58Z
CLAR,3.28,2025-10-14T19:59:08Z
CLB,11.45,2025-10-14T19:59:53Z
CLBK,14.64,2025-10-14T19:59:26Z
CLBT,19.46,2025-10-14T19:59:49Z
CLCO,9.68,2025-10-14T19:59:52Z
CLDI,1.675,2025-10-14T19:42:59Z
CLDT,6.32,2025-10-14T19:59:56Z
CLDX,26.48,2025-10-14T19:59:44Z
CLF,13.94,2025-10-14T19:59:58Z
CLFD,36.11,2025-10-14T19:59:26Z
CLH,235.78,2025-10-14T19:59:50Z
CLIK,7.85,2025-10-14T18:36:30Z
CLIP,100.22,2025-10-14T19:08:50Z
CLIR,0.9935,2025-10-14T19:43:51Z
CLLS,4.15,2025-10-14T19:59:51Z
CLM,8.41,2025-10-14T19:59:40Z
CLMB,135.695,2025-10-14T19:45:25Z
CLMT,18.64,2025-10-14T19:59:49Z
CLNE,2.87,2025-10-14T19:59:22Z
CLNN,8.475,2025-10-14T19:32:15Z
CLOA,51.825,2025-10-14T19:58:03Z
CLOI,52.945,2025-10-14T19:55:06Z
CLOU,23.1,2025-10-14T19:58:42Z
CLOV,2.785,2025-10-14T19:59:54Z
CLOX,25.55,2025-10-14T19:58:44Z
CLOZ,26.62,2025-10-14T19:29:28Z
CLPR,4.16,2025-10-14T19:58:19Z
CLPT,26.05,2025-10-14T19:59:50Z
CLRB,4.94,2025-10-14T19:58:25Z
CLS,247.84,2025-10-14T19:59:50Z
CLSD,4.145,2025-10-14T19:59:50Z
CLSE,25.6,2025-10-14T19:50:53Z
CLSK,21.975,2025-10-14T19:59:58Z
CLSKW,0.8187,2025-10-14T19:57:41Z
CLST,13.22,2025-10-14T15:33:14Z
CLSX,102.74,2025-10-14T19:59:49Z
CLVT,3.605,2025-10-14T19:59:53Z
CLW,19.11,2025-10-14T19:52:20Z
CLX,119.35,2025-10-14T19:59:49Z
CLYM,1.88,2025-10-14T19:59:49Z
CM,80.41,2025-10-14T19:59:58Z
CMA,79.52,2025-10-14T19:59:54Z
CMA-B,25.9,2025-10-14T19:58:10Z
CMBM,0.864,2025-10-14T18:58:25Z
CMBS,49.27,2025-10-14T19:57:42Z
CMBT,9.26,2025-10-14T19:59:43Z
CMC,60.46,2025-10-14T19:59:49Z
CMCL,37.625,2025-10-14T19:57:42Z
CMCM,8.12,2025-10-14T19:06:17Z
CMCO,15.28,2025-10-14T19:59:51Z
CMCSA,29.99,2025-10-14T19:59:59Z
CMDB,13.51,2025-10-14T19:59:47Z
CMDT,27.29,2025-10-14T19:37:42Z
CMDY,53.15,2025-10-14T16:52:36Z
CME,267.21,2025-10-14T19:59:54Z
CMF,57.245,2025-10-14T19:59:36Z
CMG,42.08,2025-10-14T19:59:56Z
CMI,416.9,2025-10-14T19:59:48Z
CMMB,3.445,2025-10-14T19:30:21Z
CMND,0.9292,2025-10-14T17:24:44Z
CMP,19.92,2025-10-14T19:59:52Z
CMPO,20.465,2025-10-14T19:59:49Z
CMPR,64.42,2025-10-14T19:57:59Z
CMPS,6.84,2025-10-14T19:59:56Z
CMPX,4.335,2025-10-14T19:59:59Z
CMRC,4.68,2025-10-14T19:59:54Z
CMRE,11.02,2025-10-14T19:59:50Z
CMRE-D,26.91,2025-10-14T13:44:30Z
CMS,74.34,2025-10-14T19:59:52Z
CMSA,23.86,2025-10-14T16:22:01Z
CMSC,23.84,2025-10-14T16:16:19Z
CMTG,3.48,2025-10-14T19:59:51Z
CMTL,3.175,2025-10-14T19:55:25Z
CNA,47.095,2025-10-14T19:59:39Z
CNAV,30.59,2025-10-14T19:58:01Z
CNC,36.445,2025-10-14T19:59:56Z
CNDT,2.41,2025-10-14T19:59:53Z
CNEQ,34.75,2025-10-14T19:45:26Z
CNET,2.05,2025-10-14T19:54:11Z
CNF,4.76,2025-10-14T13:35:59Z
CNH,10.265,2025-10-14T19:59:58Z
CNI,95.92,2025-10-14T19:59:50Z
CNK,26.19,2025-10-14T19:59:58Z
CNL,13.48,2025-10-14T19:53:50Z
CNM,51.78,2025-10-14T19:59:54Z
CNMD,44.73,2025-10-14T19:57:57Z
CNNE,18.745,2025-10-14T19:59:46Z
CNO,40.06,2025-10-14T19:59:46Z
CNOB,25.72,2025-10-14T19:59:53Z
CNP,39.48,2025-10-14T19:59:59Z
CNQ,30.93,2025-10-14T19:59:57Z
CNR,99.97,2025-10-14T19:59:49Z
CNRG,97.905,2025-10-14T17:39:27Z
CNS,67.1,2025-10-14T19:59:49Z
CNSP,8.77,2025-10-14T13:36:58Z
CNTA,22.415,2025-10-14T19:59:32Z
CNTB,1.82,2025-10-14T19:58:37Z
CNTX,1.38,2025-10-14T19:57:36Z
CNTY,2.41,2025-10-14T15:09:11Z
CNVS,3.29,2025-10-14T19:43:03Z
CNX,31.85,2025-10-14T19:59:50Z
CNXC,44.98,2025-10-14T19:59:21Z
CNXN,60.83,2025-10-14T19:57:31Z
CNXT,40,2025-10-14T19:54:37Z
CNYA,33.65,2025-10-14T17:53:45Z
COAL,24.3,2025-10-14T14:19:53Z
COCH,0.9253,2025-10-14T19:59:35Z
COCHW,0.059,2025-10-14T14:30:22Z
COCO,39.08,2025-10-14T19:59:53Z
COCP,1.075,2025-10-14T19:59:40Z
CODA,9.12,2025-10-14T19:38:50Z
CODI,8.58,2025-10-14T19:59:54Z
CODX,0.3776,2025-10-14T19:52:32Z
COE,43.52,2025-10-14T16:24:09Z
COF,213.91,2025-10-14T19:59:33Z
COF-L,17.45,2025-10-14T19:59:18Z
COFS,28.15,2025-10-14T19:54:20Z
COGT,15.43,2025-10-14T19:59:53Z
COHR,109.42,2025-10-14T19:59:57Z
COHU,21.67,2025-10-14T19:59:45Z
COIA,30.75,2025-10-14T15:23:31Z
COIG,37.695,2025-10-14T19:45:00Z
COII,23.93,2025-10-14T14:48:12Z
COIN,341.14,2025-10-14T19:59:59Z
COIW,40.01,2025-10-14T19:34:40Z
COKE,126.71,2025-10-14T19:59:40Z
COLB,26.74,2025-10-14T19:59:56Z
COLD,13.4,2025-10-14T19:59:58Z
COLL,32.12,2025-10-14T19:59:40Z
COLM,51.44,2025-10-14T19:59:20Z
COLO,32.83,2025-10-14T14:03:03Z
COM,29.065,2025-10-14T19:31:40Z
COMB,21.94,2025-10-14T17:40:32Z
COMM,15.53,2025-10-14T19:59:59Z
COMP,7.19,2025-10-14T19:59:55Z
COMT,26.37,2025-10-14T19:54:40Z
CON,20.25,2025-10-14T19:59:54Z
CONI,37.14,2025-10-14T19:37:04Z
CONL,37.505,2025-10-14T19:59:45Z
CONY,6.815,2025-10-14T19:59:44Z
COO,71.25,2025-10-14T19:59:50Z
COOK,1.06,2025-10-14T19:59:52Z
COOT,0.9627,2025-10-14T19:59:54Z
COP,88.155,2025-10-14T19:59:50Z
COPJ,38.48,2025-10-14T18:18:44Z
COPL+,0.3,2025-10-14T18:10:53Z
COPP,29.88,2025-10-14T14:50:34Z
COPX,62.13,2025-10-14T19:59:56Z
COPY,12.235,2025-10-14T19:58:41Z
COR,317.96,2025-10-14T19:59:48Z
CORN,17.25,2025-10-14T19:59:46Z
CORP,98.99,2025-10-14T18:10:26Z
CORT,72.13,2025-10-14T19:59:46Z
CORZ,18.96,2025-10-14T19:59:59Z
CORZW,12.18,2025-10-14T18:16:13Z
CORZZ,18.94,2025-10-14T14:59:19Z
COSM,1.11,2025-10-14T17:33:03Z
COSO,21.67,2025-10-14T15:53:54Z
COST,946.71,2025-10-14T19:59:51Z
COTG,14.18,2025-10-14T14:36:05Z
COTY,4.31,2025-10-14T19:59:56Z
COUR,10.22,2025-10-14T19:59:56Z
COWG,35.63,2025-10-14T19:59:58Z
COWZ,56.73,2025-10-14T19:59:50Z
COYA,7.1,2025-10-14T19:56:43Z
COYY,15.335,2025-10-14T19:59:08Z
CP,76.21,2025-10-14T19:59:51Z
CPA,128.185,2025-10-14T19:59:40Z
CPAI,39.26,2025-10-14T19:53:22Z
CPAY,289.38,2025-10-14T19:58:01Z
CPB,30.34,2025-10-14T19:59:59Z
CPER,30.835,2025-10-14T19:59:49Z
CPF,29.53,2025-10-14T19:38:25Z
CPHI,1.85,2025-10-14T17:34:58Z
CPIX,3.38,2025-10-14T19:59:51Z
CPK,134.34,2025-10-14T19:57:53Z
CPNG,31.745,2025-10-14T19:59:56Z
CPNS,27.01,2025-10-14T17:42:19Z
CPOP,0.8033,2025-10-14T18:14:23Z
CPRI,20.02,2025-10-14T19:59:48Z
CPRT,44.79,2025-10-14T19:59:59Z
CPRX,20.34,2025-10-14T19:59:51Z
CPS,32.85,2025-10-14T19:59:16Z
CPSH,4.68,2025-10-14T19:59:41Z
CPSJ,26.58,2025-10-14T16:47:12Z
CPSO,26.77,2025-10-14T13:54:48Z
CPSS,7.79,2025-10-14T17:45:49Z
CPT,102.13,2025-10-14T19:59:47Z
CPZ,15.68,2025-10-14T19:58:34Z
CQP,51.61,2025-10-14T19:45:04Z
CQQQ,54.945,2025-10-14T19:59:55Z
CR,180.01,2025-10-14T19:58:07Z
CRBD,24.45,2025-10-14T14:36:15Z
CRBG,32.59,2025-10-14T19:59:57Z
CRBN,225.615,2025-10-14T19:54:35Z
CRBP,16.215,2025-10-14T19:59:44Z
CRBU,2.44,2025-10-14T19:59:19Z
CRC,48.25,2025-10-14T19:59:59Z
CRCA,14.32,2025-10-14T19:59:58Z
CRCD,17.83,2025-10-14T16:57:14Z
CRCG,9.085,2025-10-14T19:59:56Z
CRCL,134.465,2025-10-14T19:59:56Z
CRCT,5.38,2025-10-14T19:59:52Z
CRD.A,10.91,2025-10-14T19:59:59Z
CRDF,2.26,2025-10-14T19:59:50Z
CRDL,1.04,2025-10-14T18:59:27Z
CRDO,129.78,2025-10-14T19:59:59Z
CRDT,23.755,2025-10-14T18:51:06Z
CRDU,14.54,2025-10-14T19:59:30Z
CRE,0.6099,2025-10-14T15:09:28Z
CREG,1.51,2025-10-14T17:32:31Z
CRESY,9.6,2025-10-14T19:59:23Z
CREX,2.45,2025-10-14T14:14:06Z
CRF,8.115,2025-10-14T19:58:56Z
CRGO,3.6,2025-10-14T19:59:48Z
CRGY,8.36,2025-10-14T19:59:56Z
CRH,120.15,2025-10-14T19:59:53Z
CRI,31.19,2025-10-14T19:59:52Z
CRIS,1.54,2025-10-14T19:36:07Z
CRK,19.225,2025-10-14T19:59:52Z
CRL,170.06,2025-10-14T19:59:46Z
CRM,239.87,2025-10-14T19:59:58Z
CRMD,10.55,2025-10-14T19:59:59Z
CRMG,11.76,2025-10-14T19:57:58Z
CRML,29.86,2025-10-14T19:59:55Z
CRMLW,18.53,2025-10-14T19:59:55Z
CRMT,26.44,2025-10-14T19:57:06Z
CRNC,13.06,2025-10-14T19:59:56Z
CRNT,2.44,2025-10-14T19:59:58Z
CRNX,44.1,2025-10-14T19:59:50Z
CRON,2.54,2025-10-14T19:59:23Z
CROX,84.03,2025-10-14T19:59:57Z
CRS,242.25,2025-10-14T19:59:50Z
CRSH,3.075,2025-10-14T19:58:01Z
CRSP,69.36,2025-10-14T19:59:43Z
CRSR,8.01,2025-10-14T19:59:56Z
CRT,7.5,2025-10-14T14:58:19Z
CRTO,20.04,2025-10-14T19:59:57Z
CRUS,120.94,2025-10-14T19:58:46Z
CRVL,71.95,2025-10-14T19:53:46Z
CRVO,8.15,2025-10-14T19:59:47Z
CRVS,7.05,2025-10-14T19:59:49Z
CRWD,489.265,2025-10-14T19:58:48Z
CRWG,12.72,2025-10-14T19:56:11Z
CRWL,36.7,2025-10-14T19:27:39Z
CRWS,2.89,2025-10-14T19:45:42Z
CRWU,23.28,2025-10-14T19:50:49Z
CRWV,134.11,2025-10-14T19:59:54Z
CSAI,1.3,2025-10-14T19:59:50Z
CSAN,4.27,2025-10-14T19:59:56Z
CSB,57.76,2025-10-14T19:38:35Z
CSCL,24.88,2025-10-14T15:57:32Z
CSCO,68.67,2025-10-14T19:59:59Z
CSGP,75.74,2025-10-14T19:59:56Z
CSGS,65.11,2025-10-14T19:59:41Z
CSHI,49.795,2025-10-14T19:55:51Z
CSIQ,15.69,2025-10-14T19:59:56Z
CSL,329.76,2025-10-14T19:59:09Z
CSMD,33.45,2025-10-14T18:22:39Z
CSPF,25.96,2025-10-14T19:48:21Z
CSQ,19.02,2025-10-14T19:56:35Z
CSR,59.02,2025-10-14T19:48:59Z
CSRE,25.64,2025-10-14T19:08:36Z
CSTE,1.51,2025-10-14T19:51:24Z
CSTL,22.4,2025-10-14T19:59:51Z
CSTM,15.33,2025-10-14T19:59:52Z
CSV,44.76,2025-10-14T19:51:27Z
CSW,240.83,2025-10-14T19:57:52Z
CSWC,20.205,2025-10-14T19:59:05Z
CSX,36.14,2025-10-14T19:59:59Z
CTA,28.915,2025-10-14T19:31:08Z
CTAS,188.2,2025-10-14T19:59:59Z
CTBB,19.05,2025-10-14T19:59:26Z
CTBI,56.155,2025-10-14T19:56:51Z
CTDD,19.955,2025-10-14T18:59:30Z
CTEV,54.685,2025-10-14T19:56:44Z
CTGO,26.47,2025-10-14T19:59:07Z
CTKB,4.015,2025-10-14T19:59:58Z
CTLP,10.615,2025-10-14T19:59:57Z
CTM,1.055,2025-10-14T19:59:57Z
CTMX,3.41,2025-10-14T19:59:59Z
CTNM,11.675,2025-10-14T19:57:17Z
CTNT,1.85,2025-10-14T16:41:51Z
CTO,15.74,2025-10-14T19:59:50Z
CTOR,1.765,2025-10-14T19:45:02Z
CTOS,6.54,2025-10-14T19:59:56Z
CTRA,23.23,2025-10-14T19:59:49Z
CTRE,33.22,2025-10-14T19:59:50Z
CTRI,20.495,2025-10-14T19:59:38Z
CTRN,36.06,2025-10-14T19:59:30Z
CTS,38.08,2025-10-14T19:54:28Z
CTSH,67.295,2025-10-14T19:59:55Z
CTVA,62.68,2025-10-14T19:59:54Z
CTW,2.29,2025-10-14T14:04:24Z
CTXR,1.31,2025-10-14T19:59:49Z
CUBE,40.925,2025-10-14T19:59:51Z
CUBI,66.68,2025-10-14T19:59:45Z
CUBWW,0.2399,2025-10-14T19:50:00Z
CUE,0.7976,2025-10-14T19:41:00Z
CUK,26.47,2025-10-14T19:59:54Z
CULP,4.16,2025-10-14T18:11:08Z
CUPR,1.015,2025-10-14T15:53:08Z
CURB,22.885,2025-10-14T19:59:53Z
CURE,88.61,2025-10-14T19:58:31Z
CURI,4.75,2025-10-14T19:59:47Z
CURIW,0.0211,2025-10-14T14:53:26Z
CURR,1.69,2025-10-14T16:41:22Z
CURV,1.53,2025-10-14T19:59:37Z
CURX,0.666,2025-10-14T19:59:52Z
CUZ,26.4,2025-10-14T19:59:42Z
CV,4.63,2025-10-14T18:00:49Z
CVAC,5.37,2025-10-14T19:59:47Z
CVBF,19.29,2025-10-14T19:59:39Z
CVCO,508.965,2025-10-14T17:40:13Z
CVE,17.25,2025-10-14T19:59:45Z
CVEO,20.855,2025-10-14T19:58:30Z
CVGI,1.59,2025-10-14T19:14:37Z
CVGW,25.01,2025-10-14T19:59:45Z
CVI,35.295,2025-10-14T19:59:44Z
CVIE,68.465,2025-10-14T15:05:28Z
CVLG,21.005,2025-10-14T19:50:43Z
CVLT,174.38,2025-10-14T19:59:42Z
CVM,9.8,2025-10-14T19:59:31Z
CVNA,345.92,2025-10-14T19:59:50Z
CVNX,19.01,2025-10-14T16:02:46Z
CVRX,9.27,2025-10-14T19:59:32Z
CVS,79.69,2025-10-14T19:59:57Z
CVU,2.54,2025-10-14T19:59:24Z
CVV,3.85,2025-10-14T19:51:12Z
CVX,152.47,2025-10-14T19:59:55Z
CVY,26.28,2025-10-14T16:58:34Z
CW,554.815,2025-10-14T19:58:41Z
CWAN,17.915,2025-10-14T19:59:58Z
CWB,92.93,2025-10-14T19:59:53Z
CWBC,20.82,2025-10-14T19:43:45Z
CWCO,35.03,2025-10-14T19:59:17Z
CWD,3.9,2025-10-14T19:59:45Z
CWEB,49.59,2025-10-14T19:51:44Z
CWEN,31.48,2025-10-14T19:59:47Z
CWEN.A,29.62,2025-10-14T19:55:02Z
CWH,15.24,2025-10-14T19:59:56Z
CWI,34.9,2025-10-14T19:56:32Z
CWK,15.54,2025-10-14T19:59:58Z
CWST,89.85,2025-10-14T19:59:44Z
CWT,46.74,2025-10-14T19:59:48Z
CWVX,19.29,2025-10-14T19:59:09Z
CX,9.56,2025-10-14T19:59:58Z
CXAI,0.8361,2025-10-14T19:33:00Z
CXDO,6.06,2025-10-14T19:57:16Z
CXE,3.73,2025-10-14T17:46:36Z
CXH,7.93,2025-10-14T17:09:46Z
CXM,7.51,2025-10-14T19:59:58Z
CXSE,41.44,2025-10-14T19:59:28Z
CXT,66.83,2025-10-14T19:59:10Z
CXW,18.21,2025-10-14T19:59:49Z
CYBN,6.15,2025-10-14T19:55:03Z
CYBR,491.23,2025-10-14T19:59:31Z
CYCN,2.45,2025-10-14T19:33:33Z
CYCU,0.2768,2025-10-14T19:58:57Z
CYD,39.025,2025-10-14T19:59:35Z
CYH,2.97,2025-10-14T19:59:53Z
CYN,5.665,2025-10-14T19:59:42Z
CYRX,9.33,2025-10-14T19:59:55Z
CYTK,61.09,2025-10-14T19:59:55Z
CZFS,54.82,2025-10-14T16:51:58Z
CZNC,19.54,2025-10-14T19:54:49Z
CZR,22.15,2025-10-14T19:59:58Z
CZWI,15.99,2025-10-14T19:53:01Z
D,61.53,2025-10-14T19:59:58Z
DAC,84.205,2025-10-14T19:56:09Z
DAIC,2.8,2025-10-14T19:58:05Z
DAIO,3.07,2025-10-14T19:53:12Z
DAKT,19.915,2025-10-14T19:59:50Z
DAL,61.26,2025-10-14T19:59:59Z
DALI,27.79,2025-10-14T13:39:51Z
DAN,18.57,2025-10-14T19:59:55Z
DAO,11.33,2025-10-14T19:58:40Z
DAPP,25.86,2025-10-14T19:59:20Z
DAR,31.57,2025-10-14T19:59:51Z
DARE,2.05,2025-10-14T19:57:35Z
DASH,270.53,2025-10-14T19:59:42Z
DAT,47.25,2025-10-14T14:53:51Z
DAVA,8.58,2025-10-14T19:59:47Z
DAVE,215.66,2025-10-14T19:59:24Z
DAWN,7.05,2025-10-14T19:59:49Z
DAX,44.945,2025-10-14T18:41:23Z
DAY,68.2,2025-10-14T19:59:54Z
DB,35.275,2025-10-14T19:59:57Z
DBA,26.6,2025-10-14T19:59:40Z
DBB,20.84,2025-10-14T19:54:31Z
DBC,22.1,2025-10-14T19:59:41Z
DBD,57.18,2025-10-14T19:59:39Z
DBE,18.05,2025-10-14T14:51:59Z
DBEF,47.105,2025-10-14T19:51:50Z
DBEM,30.89,2025-10-14T19:13:04Z
DBEU,46.77,2025-10-14T19:47:40Z
DBEZ,53.96,2025-10-14T19:28:36Z
DBGI,8.73,2025-10-14T19:50:58Z
DBI,3.56,2025-10-14T19:59:52Z
DBL,15.68,2025-10-14T19:55:32Z
DBMF,27.99,2025-10-14T19:59:39Z
DBND,46.595,2025-10-14T15:38:35Z
DBO,12.595,2025-10-14T19:59:44Z
DBP,95.48,2025-10-14T17:51:52Z
DBRG,13.47,2025-10-14T19:59:56Z
DBRG-I,22,2025-10-14T15:19:05Z
DBRG-J,21.8,2025-10-14T18:04:50Z
DBVT,15.485,2025-10-14T19:20:08Z
DBX,28.39,2025-10-14T19:59:58Z
DC,5.045,2025-10-14T19:59:58Z
DCBO,26.9,2025-10-14T19:57:19Z
DCGO,1.3,2025-10-14T19:59:59Z
DCI,81.93,2025-10-14T19:59:39Z
DCO,96.39,2025-10-14T19:56:40Z
DCOM,30.35,2025-10-14T19:55:25Z
DCOMP,19.25,2025-10-14T14:34:59Z
DCOR,71.425,2025-10-14T19:55:09Z
DCRE,52.03,2025-10-14T16:56:21Z
DCTH,11.34,2025-10-14T19:59:56Z
DD,77.56,2025-10-14T19:59:56Z
DDC,9.415,2025-10-14T19:55:40Z
DDD,3.08,2025-10-14T19:59:59Z
DDEC,43.7,2025-10-14T18:12:34Z
DDFL,20.11,2025-10-14T19:58:01Z
DDFO,21.23,2025-10-14T19:23:00Z
DDI,8.92,2025-10-14T19:56:39Z
DDL,1.81,2025-10-14T19:58:56Z
DDLS,41.5,2025-10-14T17:39:44Z
DDM,106.14,2025-10-14T19:44:15Z
DDOG,160.93,2025-10-14T19:59:57Z
DDS,621.14,2025-10-14T19:44:17Z
DDTO,21.18,2025-10-14T18:59:13Z
DDWM,41.64,2025-10-14T19:53:21Z
DE,447.925,2025-10-14T19:59:36Z
DEA,21.58,2025-10-14T19:59:48Z
DEC,12.66,2025-10-14T19:59:57Z
DECK,99.37,2025-10-14T19:59:50Z
DECO,55.83,2025-10-14T18:43:08Z
DECT,35.26,2025-10-14T19:57:41Z
DECU,26.86,2025-10-14T17:43:43Z
DECW,32.94,2025-10-14T19:59:48Z
DECZ,40.52,2025-10-14T19:56:47Z
DEED,21.525,2025-10-14T17:44:44Z
DEFI,127.14,2025-10-14T17:34:11Z
DEFT,2.1,2025-10-14T19:59:55Z
DEI,13.7,2025-10-14T19:59:56Z
DELL,148.79,2025-10-14T19:59:55Z
DEM,45.22,2025-10-14T19:52:19Z
DENN,4.95,2025-10-14T19:59:54Z
DEO,94.83,2025-10-14T19:59:42Z
DERM,7.175,2025-10-14T19:56:11Z
DES,33.57,2025-10-14T19:16:26Z
DEVS,2.39,2025-10-14T19:49:30Z
DEXC,57.135,2025-10-14T16:50:26Z
DFAC,38.33,2025-10-14T19:59:43Z
DFAE,31.36,2025-10-14T19:54:08Z
DFAI,36.285,2025-10-14T19:56:19Z
DFAR,23.37,2025-10-14T19:45:23Z
DFAS,68.45,2025-10-14T19:58:16Z
DFAT,57.73,2025-10-14T19:58:02Z
DFAU,45.41,2025-10-14T19:47:16Z
DFAX,31.155,2025-10-14T19:59:45Z
DFCA,50.05,2025-10-14T14:28:04Z
DFCF,43.095,2025-10-14T19:55:05Z
DFDV,15.7,2025-10-14T19:59:19Z
DFE,69.38,2025-10-14T19:44:20Z
DFEM,31.855,2025-10-14T19:59:08Z
DFEN,69.46,2025-10-14T19:55:20Z
DFEV,31.63,2025-10-14T19:55:04Z
DFGP,55.905,2025-10-14T19:55:08Z
DFGR,26.97,2025-10-14T19:56:27Z
DFGX,54.34,2025-10-14T19:59:47Z
DFH,24.16,2025-10-14T19:59:53Z
DFIC,32.64,2025-10-14T19:59:59Z
DFIN,55.56,2025-10-14T19:58:21Z
DFIP,42.49,2025-10-14T19:07:10Z
DFIS,31.55,2025-10-14T19:27:36Z
DFIV,45.65,2025-10-14T19:59:53Z
DFJ,90.95,2025-10-14T18:46:29Z
DFLI,1.53,2025-10-14T19:58:55Z
DFLIW,0.1858,2025-10-14T19:58:59Z
DFLV,32.67,2025-10-14T19:59:46Z
DFNL,44.485,2025-10-14T15:59:10Z
DFNM,48.165,2025-10-14T17:59:20Z
DFP,21.65,2025-10-14T18:20:56Z
DFSB,53.6,2025-10-14T16:26:05Z
DFSD,48.405,2025-10-14T19:46:12Z
DFSE,40.21,2025-10-14T13:36:22Z
DFSI,41.02,2025-10-14T19:59:46Z
DFSU,42.32,2025-10-14T19:05:17Z
DFSV,31.73,2025-10-14T19:59:42Z
DFUS,72.09,2025-10-14T19:54:18Z
DFUV,44.45,2025-10-14T19:59:56Z
DG,103.725,2025-10-14T19:59:58Z
DGCB,55.69,2025-10-14T15:03:23Z
DGICA,19.44,2025-10-14T19:53:54Z
DGII,36.65,2025-10-14T19:59:43Z
DGLY,2.03,2025-10-14T19:59:20Z
DGNX,23.21,2025-10-14T19:56:46Z
DGRO,68.03,2025-10-14T19:57:07Z
DGRS,50.23,2025-10-14T19:52:13Z
DGRW,88.49,2025-10-14T19:59:02Z
DGS,56.28,2025-10-14T19:28:34Z
DGT,161.83,2025-10-14T19:48:29Z
DGX,185.5,2025-10-14T19:59:54Z
DGXX,3.345,2025-10-14T19:59:49Z
DH,3.03,2025-10-14T19:59:50Z
DHAI,0.1783,2025-10-14T19:59:10Z
DHC,4.17,2025-10-14T19:59:50Z
DHCNI,17.33,2025-10-14T19:35:14Z
DHF,2.565,2025-10-14T15:56:44Z
DHI,156.73,2025-10-14T19:59:52Z
DHIL,139.155,2025-10-14T17:47:58Z
DHR,206.27,2025-10-14T19:59:55Z
DHT,11.2,2025-10-14T19:59:56Z
DHX,2.065,2025-10-14T19:59:50Z
DHY,2.07,2025-10-14T19:59:45Z
DIA,462.76,2025-10-14T19:59:57Z
DIAL,18.425,2025-10-14T19:52:16Z
DIAX,14.57,2025-10-14T19:55:03Z
DIBS,2.69,2025-10-14T19:24:51Z
DIEM,31.81,2025-10-14T13:44:14Z
DIG,33.42,2025-10-14T13:55:57Z
DIHP,30.5,2025-10-14T19:59:54Z
DIME,21.85,2025-10-14T18:51:47Z
DIN,27.89,2025-10-14T19:59:38Z
DINO,52.585,2025-10-14T19:59:50Z
DIOD,53.65,2025-10-14T19:58:33Z
DIPS,5.865,2025-10-14T19:59:46Z
DIS,111.19,2025-10-14T19:59:55Z
DISV,35.53,2025-10-14T19:51:45Z
DIV,17.07,2025-10-14T19:59:34Z
DIVB,51.75,2025-10-14T19:59:30Z
DIVI,37.29,2025-10-14T19:46:23Z
DIVO,44.19,2025-10-14T19:51:36Z
DIVY,25.55,2025-10-14T19:54:49Z
DJCO,416.54,2025-10-14T16:09:29Z
DJIA,21.73,2025-10-14T14:40:03Z
DJP,35.64,2025-10-14T19:59:46Z
DJT,16.27,2025-10-14T19:59:57Z
DJTU,7.555,2025-10-14T19:59:45Z
DJTWW,7.28,2025-10-14T14:00:13Z
DK,34.65,2025-10-14T19:59:48Z
DKI,0.8258,2025-10-14T19:38:06Z
DKL,44.355,2025-10-14T19:58:59Z
DKNG,34.35,2025-10-14T19:59:59Z
DKNX,10.35,2025-10-14T19:59:46Z
DKS,230.13,2025-10-14T19:59:55Z
DLAG,30.52,2025-10-14T19:49:39Z
DLB,69.085,2025-10-14T19:58:40Z
DLHC,5.65,2025-10-14T17:10:54Z
DLLL,34.43,2025-10-14T15:22:13Z
DLN,86.42,2025-10-14T19:50:41Z
DLNG,3.5,2025-10-14T19:59:49Z
DLNG-A,26.405,2025-10-14T18:39:23Z
DLO,15.68,2025-10-14T19:59:56Z
DLPN,1.53,2025-10-14T18:04:37Z
DLR,171.9,2025-10-14T19:59:56Z
DLR-L,21.92,2025-10-14T19:12:17Z
DLS,78.3,2025-10-14T17:43:11Z
DLTH,3.31,2025-10-14T19:57:22Z
DLTR,95.64,2025-10-14T19:59:51Z
DLX,18.47,2025-10-14T19:59:59Z
DLXY,0.9098,2025-10-14T18:04:40Z
DLY,14.855,2025-10-14T19:55:30Z
DMA,8.76,2025-10-14T19:52:13Z
DMAC,6.845,2025-10-14T19:58:48Z
DMAR,40.68,2025-10-14T15:13:54Z
DMAT,25.93,2025-10-14T19:23:08Z
DMB,10.65,2025-10-14T18:32:57Z
DMIIU,9.985,2025-10-14T19:37:05Z
DMO,11.98,2025-10-14T16:21:38Z
DMRC,9,2025-10-14T19:59:32Z
DMX,50.51,2025-10-14T19:36:41Z
DNA,14.085,2025-10-14T19:59:50Z
DNLI,15.205,2025-10-14T19:59:56Z
DNN,3.195,2025-10-14T19:59:44Z
DNOW,13.98,2025-10-14T19:59:54Z
DNP,10.04,2025-10-14T19:59:36Z
DNTH,35.545,2025-10-14T19:59:59Z
DNUT,3.48,2025-10-14T19:59:58Z
DOC,18.16,2025-10-14T19:59:56Z
DOCN,40.48,2025-10-14T19:59:50Z
DOCS,66.99,2025-10-14T19:59:52Z
DOCT,43.3,2025-10-14T15:19:27Z
DOCU,68.35,2025-10-14T19:59:47Z
DOG,24.43,2025-10-14T19:58:53Z
DOGD,37.77,2025-10-14T19:23:25Z
DOGZ,14.34,2025-10-14T19:37:38Z
DOJE,18.94,2025-10-14T19:57:35Z
DOLE,13.09,2025-10-14T19:59:55Z
DOMH,6.01,2025-10-14T19:59:52Z
DOMO,13.32,2025-10-14T19:59:50Z
DON,51.68,2025-10-14T19:35:22Z
DOOO,67.745,2025-10-14T19:59:52Z
DORM,139.955,2025-10-14T19:59:15Z
DOUG,2.61,2025-10-14T19:59:55Z
DOV,162.56,2025-10-14T19:59:46Z
DOW,21.92,2025-10-14T19:59:56Z
DOX,83.68,2025-10-14T19:59:51Z
DOYU,6.755,2025-10-14T19:59:36Z
DPG,13.19,2025-10-14T19:58:48Z
DPRO,13.14,2025-10-14T19:59:22Z
DPST,99.2,2025-10-14T19:57:51Z
DPZ,424.57,2025-10-14T19:59:45Z
DQ,26.66,2025-10-14T19:59:41Z
DRCT,0.3673,2025-10-14T19:57:52Z
DRD,29.01,2025-10-14T19:59:48Z
DRDB,10.395,2025-10-14T18:59:52Z
DRGN,34.1,2025-10-14T18:09:30Z
DRH,7.72,2025-10-14T19:59:59Z
DRI,186.81,2025-10-14T19:59:15Z
DRIO,14.31,2025-10-14T16:01:10Z
DRIP,9.29,2025-10-14T19:59:47Z
DRIV,29.19,2025-10-14T19:34:35Z
DRLL,27.87,2025-10-14T19:50:21Z
DRMA,4.24,2025-10-14T16:35:34Z
DRN,9.18,2025-10-14T19:59:46Z
DRS,43.84,2025-10-14T19:59:58Z
DRSK,29.33,2025-10-14T19:38:07Z
DRTS,3.96,2025-10-14T14:14:36Z
DRUG,67.64,2025-10-14T19:59:30Z
DRV,25.43,2025-10-14T17:15:05Z
DRVN,16.28,2025-10-14T19:59:55Z
DSEP,44.14,2025-10-14T18:55:14Z
DSGN,6.605,2025-10-14T19:59:41Z
DSGR,29.22,2025-10-14T19:03:37Z
DSGX,97.52,2025-10-14T19:58:30Z
DSI,125.34,2025-10-14T19:39:46Z
DSL,12.03,2025-10-14T19:23:51Z
DSMC,35.22,2025-10-14T19:26:17Z
DSP,8.44,2025-10-14T19:56:49Z
DSS,1.29,2025-10-14T13:47:32Z
DSTL,57.52,2025-10-14T17:03:21Z
DSU,10.35,2025-10-14T19:59:59Z
DSWL,3.49,2025-10-14T19:54:48Z
DSX,1.64,2025-10-14T19:57:18Z
DSY,0.785,2025-10-14T17:59:18Z
DT,48.2,2025-10-14T19:59:49Z
DTAN,29.76,2025-10-14T13:55:28Z
DTCR,21.485,2025-10-14T19:59:54Z
DTE,141.64,2025-10-14T19:59:53Z
DTEC,51.485,2025-10-14T16:51:33Z
DTG,18.27,2025-10-14T17:27:09Z
DTIL,5.875,2025-10-14T19:55:48Z
DTK,24.985,2025-10-14T19:57:34Z
DTM,110.05,2025-10-14T19:59:49Z
DTRE,39.675,2025-10-14T18:16:25Z
DTST,4.295,2025-10-14T19:27:56Z
DUG,35.69,2025-10-14T19:44:45Z
DUHP,37.64,2025-10-14T19:59:56Z
DUK,127.81,2025-10-14T19:59:58Z
DUKB,24.615,2025-10-14T19:55:28Z
DULL,2.02,2025-10-14T19:47:08Z
DUO,3.08,2025-10-14T19:55:19Z
DUOL,332.53,2025-10-14T19:59:49Z
DUOT,8.67,2025-10-14T19:58:32Z
DUSB,50.835,2025-10-14T18:42:55Z
DUSL,72.23,2025-10-14T15:30:41Z
DUST,10.22,2025-10-14T19:59:45Z
DV,11.24,2025-10-14T19:59:55Z
DVA,126.6,2025-10-14T19:59:50Z
DVAX,9.84,2025-10-14T19:59:54Z
DVDN,20.48,2025-10-14T16:18:40Z
DVLT,2.19,2025-10-14T19:59:50Z
DVN,32.72,2025-10-14T19:59:58Z
DVS,4.72,2025-10-14T19:59:53Z
DVY,141.14,2025-10-14T19:55:08Z
DVYA,42.72,2025-10-14T19:37:06Z
DVYE,29.27,2025-10-14T19:58:02Z
DWSH,6.89,2025-10-14T19:15:09Z
DWTX,6.24,2025-10-14T14:56:53Z
DX,13.31,2025-10-14T19:59:56Z
DXC,13.31,2025-10-14T19:59:58Z
DXCM,66.18,2025-10-14T19:59:59Z
DXD,22.15,2025-10-14T19:59:41Z
DXF,3.41,2025-10-14T19:44:15Z
DXJ,129.76,2025-10-14T19:59:54Z
DXLG,1.045,2025-10-14T18:25:52Z
DXPE,124.225,2025-10-14T19:59:59Z
DXR,12.7,2025-10-14T18:31:20Z
DXST,1.36,2025-10-14T14:50:58Z
DXYZ,25.32,2025-10-14T19:30:54Z
DY,293.01,2025-10-14T19:59:44Z
DYAI,1.055,2025-10-14T19:56:24Z
DYLD,22.75,2025-10-14T16:47:23Z
DYN,15.46,2025-10-14T19:59:57Z
DYNF,58.72,2025-10-14T19:59:57Z
E,34.03,2025-10-14T19:59:56Z
EA,200.21,2025-10-14T19:59:57Z
EAD,6.88,2025-10-14T19:55:14Z
EAF,19.84,2025-10-14T19:59:54Z
EAGG,48.275,2025-10-14T19:46:43Z
EARN,5.055,2025-10-14T19:59:51Z
EASG,34.495,2025-10-14T14:23:29Z
EAT,131.915,2025-10-14T19:59:43Z
EB,2.395,2025-10-14T19:59:39Z
EBAY,91.035,2025-10-14T19:59:39Z
EBC,18.855,2025-10-14T19:59:56Z
EBF,17.57,2025-10-14T19:59:21Z
EBIZ,33.45,2025-10-14T13:30:00Z
EBND,21.225,2025-10-14T19:59:46Z
EBR,9.51,2025-10-14T19:59:55Z
EBS,9.1,2025-10-14T19:59:55Z
EC,8.785,2025-10-14T19:59:57Z
ECAT,16.49,2025-10-14T19:59:58Z
ECBK,15.19,2025-10-14T18:34:55Z
ECC,6.475,2025-10-14T19:55:16Z
ECC-D,19.395,2025-10-14T14:30:11Z
ECCF,25.34,2025-10-14T13:36:19Z
ECDA,3.01,2025-10-14T19:42:55Z
ECF,12.11,2025-10-14T19:58:24Z
ECG,88.71,2025-10-14T19:58:46Z
ECH,32.87,2025-10-14T19:59:44Z
ECL,273.15,2025-10-14T19:59:48Z
ECNS,36.66,2025-10-14T15:46:16Z
ECO,28.795,2025-10-14T19:57:02Z
ECOR,5.1,2025-10-14T16:55:14Z
ECPG,44.95,2025-10-14T19:59:17Z
ECVT,8.35,2025-10-14T19:59:55Z
ECX,2.255,2025-10-14T19:59:55Z
ED,101.87,2025-10-14T19:59:51Z
EDBL,2.34,2025-10-14T19:51:48Z
EDC,49.115,2025-10-14T19:59:46Z
EDD,5.27,2025-10-14T19:58:59Z
EDF,5.015,2025-10-14T19:55:08Z
EDGH,29.91,2025-10-14T19:59:46Z
EDGU,27.96,2025-10-14T18:50:10Z
EDHL,1.08,2025-10-14T19:59:50Z
EDIT,3.58,2025-10-14T19:59:55Z
EDIV,38.33,2025-10-14T19:29:47Z
EDN,19.135,2025-10-14T19:59:49Z
EDOG,22.94,2025-10-14T19:40:01Z
EDSA,2.48,2025-10-14T16:00:45Z
EDU,52.88,2025-10-14T19:59:57Z
EDUC,1.38,2025-10-14T14:11:42Z
EDV,69.685,2025-10-14T19:59:46Z
EE,27.515,2025-10-14T19:59:55Z
EEFT,87.78,2025-10-14T19:59:28Z
EELV,26.49,2025-10-14T19:30:03Z
EEM,52.97,2025-10-14T19:59:59Z
EEMA,91.35,2025-10-14T19:37:44Z
EEMV,63.87,2025-10-14T19:59:55Z
EETH,63.06,2025-10-14T19:47:42Z
EEV,10.355,2025-10-14T19:59:55Z
EEX,4.89,2025-10-14T19:56:05Z
EFA,93.42,2025-10-14T19:59:55Z
EFAA,52.77,2025-10-14T16:03:30Z
EFAD,41.89,2025-10-14T18:59:52Z
EFAV,84.44,2025-10-14T19:59:50Z
EFC,13.655,2025-10-14T19:59:52Z
EFG,114.46,2025-10-14T19:59:50Z
EFIV,63.155,2025-10-14T19:55:00Z
EFR,11.32,2025-10-14T19:49:45Z
EFSC,57.995,2025-10-14T19:54:40Z
EFT,11.68,2025-10-14T19:50:46Z
EFV,67.58,2025-10-14T19:59:42Z
EFX,228.215,2025-10-14T19:59:40Z
EFXT,10.85,2025-10-14T19:59:57Z
EG,356.55,2025-10-14T19:58:33Z
EGAN,14.03,2025-10-14T19:57:42Z
EGBN,21.28,2025-10-14T19:59:41Z
EGG,5.15,2025-10-14T16:37:42Z
EGGY,40.49,2025-10-14T18:40:22Z
EGHT,1.895,2025-10-14T19:58:49Z
EGO,28.31,2025-10-14T19:59:55Z
EGP,170.29,2025-10-14T19:59:50Z
EGY,3.815,2025-10-14T19:59:40Z
EH,18.23,2025-10-14T19:59:37Z
EHAB,8,2025-10-14T19:59:55Z
EHC,122.94,2025-10-14T19:59:59Z
EHGO,0.57,2025-10-14T15:37:55Z
EHI,6.45,2025-10-14T19:06:47Z
EHTH,4.69,2025-10-14T19:59:52Z
EIC,12.46,2025-10-14T19:43:29Z
EICC,25.05,2025-10-14T18:46:04Z
EIDO,17.225,2025-10-14T19:59:58Z
EIG,42.145,2025-10-14T19:59:02Z
EIM,9.98,2025-10-14T19:46:11Z
EIS,101.13,2025-10-14T19:44:57Z
EIX,56.025,2025-10-14T19:59:33Z
EJUL,28.86,2025-10-14T16:42:08Z
EKSO,5.11,2025-10-14T19:41:39Z
EL,94.96,2025-10-14T19:59:56Z
ELA,7.705,2025-10-14T19:58:03Z
ELAB,9.11,2025-10-14T19:59:53Z
ELAN,20.22,2025-10-14T19:59:59Z
ELBM,4.635,2025-10-14T19:58:54Z
ELD,28.48,2025-10-14T15:47:22Z
ELDN,2.705,2025-10-14T19:59:32Z
ELF,132.53,2025-10-14T19:59:55Z
ELIL,18.83,2025-10-14T17:19:42Z
ELIS,23.67,2025-10-14T19:53:47Z
ELMD,24.74,2025-10-14T18:36:19Z
ELME,16.76,2025-10-14T19:59:53Z
ELP,9.26,2025-10-14T19:59:17Z
ELPW,0.3831,2025-10-14T19:58:57Z
ELS,62.3,2025-10-14T19:59:49Z
ELTX,10.6,2025-10-14T17:23:49Z
ELUT,0.89,2025-10-14T19:42:27Z
ELV,350.19,2025-10-14T19:59:29Z
ELVA,7.34,2025-10-14T19:58:05Z
ELVN,20.05,2025-10-14T19:59:56Z
ELVR,30.86,2025-10-14T19:57:51Z
ELWS,3.765,2025-10-14T18:12:45Z
EM,1.32,2025-10-14T19:59:58Z
EMA,48.22,2025-10-14T19:59:59Z
EMB,95.25,2025-10-14T19:59:58Z
EMBC,13.56,2025-10-14T19:59:50Z
EMBD,23.755,2025-10-14T19:57:01Z
EMC,30.875,2025-10-14T16:30:19Z
EMD,10.22,2025-10-14T19:56:24Z
EME,675.11,2025-10-14T19:59:52Z
EMEQ,36.04,2025-10-14T19:44:27Z
EMF,16.1,2025-10-14T13:31:21Z
EMGF,56.43,2025-10-14T19:26:08Z
EMHC,25.31,2025-10-14T16:47:54Z
EMHY,39.49,2025-10-14T19:59:35Z
EML,22.3,2025-10-14T15:10:20Z
EMLC,25.345,2025-10-14T19:56:45Z
EMLP,38.035,2025-10-14T19:55:06Z
EMMF,30.415,2025-10-14T19:55:17Z
EMN,60.54,2025-10-14T19:59:51Z
EMO,43.15,2025-10-14T15:21:42Z
EMPD,7.305,2025-10-14T19:59:46Z
EMQQ,44.29,2025-10-14T15:24:10Z
EMR,129.82,2025-10-14T19:59:53Z
EMSF,29.16,2025-10-14T19:35:45Z
EMX,4.79,2025-10-14T19:59:45Z
EMXC,68.41,2025-10-14T19:59:59Z
ENB,47.53,2025-10-14T19:59:57Z
ENFR,30.6,2025-10-14T19:55:02Z
ENGN,8.97,2025-10-14T19:25:42Z
ENGS,8.09,2025-10-14T19:44:01Z
ENIC,3.71,2025-10-14T19:59:59Z
ENLT,34.145,2025-10-14T19:59:05Z
ENLV,1.115,2025-10-14T18:57:18Z
ENO,23.02,2025-10-14T13:42:34Z
ENOV,31.075,2025-10-14T19:59:57Z
ENPH,36.445,2025-10-14T19:59:56Z
ENR,23.875,2025-10-14T19:59:51Z
ENS,119.5,2025-10-14T19:59:45Z
ENSC,2.48,2025-10-14T19:59:25Z
ENSG,177.97,2025-10-14T19:59:55Z
ENTA,10.96,2025-10-14T19:59:59Z
ENTG,90.92,2025-10-14T19:59:54Z
ENTO,5.37,2025-10-14T19:47:06Z
ENTX,2.585,2025-10-14T19:04:09Z
ENVA,110.26,2025-10-14T19:59:46Z
ENVX,12.875,2025-10-14T19:59:51Z
ENX,9.945,2025-10-14T17:57:13Z
ENZL,45.21,2025-10-14T19:58:49Z
EOD,5.65,2025-10-14T15:44:59Z
EOG,109.14,2025-10-14T19:59:55Z
EOI,20.5,2025-10-14T19:51:02Z
EOLS,6.36,2025-10-14T19:59:58Z
EONR,0.5095,2025-10-14T19:38:18Z
EOS,23.7,2025-10-14T19:46:06Z
EOSE,16.995,2025-10-14T19:59:59Z
EOSEW,5.7,2025-10-14T19:50:44Z
EOT,16.67,2025-10-14T19:56:17Z
EP,3.86,2025-10-14T19:38:18Z
EPAC,40.37,2025-10-14T19:58:31Z
EPAM,147.13,2025-10-14T19:58:24Z
EPC,20.08,2025-10-14T19:59:59Z
EPD,30.78,2025-10-14T19:59:54Z
EPHE,25.34,2025-10-14T15:50:55Z
EPI,44.82,2025-10-14T19:57:16Z
EPM,4.63,2025-10-14T19:59:45Z
EPOL,32.16,2025-10-14T19:59:47Z
EPOW,1.27,2025-10-14T19:59:59Z
EPP,51.075,2025-10-14T19:59:47Z
EPR,54.78,2025-10-14T19:59:49Z
EPR-E,31.2,2025-10-14T16:39:40Z
EPRT,29.78,2025-10-14T19:59:55Z
EPRX,5.93,2025-10-14T19:57:14Z
EPS,68.36,2025-10-14T19:37:19Z
EPSM,33.04,2025-10-14T19:47:57Z
EPSN,4.82,2025-10-14T19:59:22Z
EPU,63.325,2025-10-14T19:58:30Z
EPV,24.39,2025-10-14T19:51:50Z
EPWK,0.082,2025-10-14T19:32:22Z
EQ,1.245,2025-10-14T19:54:50Z
EQAL,52.1,2025-10-14T19:58:42Z
EQBK,42.325,2025-10-14T19:59:57Z
EQH,49.61,2025-10-14T19:59:54Z
EQH-A,21.32,2025-10-14T19:59:58Z
EQIN,46.225,2025-10-14T16:27:05Z
EQIX,817.395,2025-10-14T19:59:24Z
EQL,45.7,2025-10-14T19:45:25Z
EQLT,29.37,2025-10-14T14:08:26Z
EQNR,23.09,2025-10-14T19:59:56Z
EQR,62.31,2025-10-14T19:59:55Z
EQT,53.3,2025-10-14T19:59:56Z
EQX,11.87,2025-10-14T19:59:57Z
ERAS,2.415,2025-10-14T19:59:54Z
ERC,9.44,2025-10-14T19:49:52Z
ERH,12.715,2025-10-14T17:17:14Z
ERIC,9.86,2025-10-14T19:59:58Z
ERIE,320.36,2025-10-14T19:57:49Z
ERII,15.75,2025-10-14T19:59:27Z
ERJ,60.47,2025-10-14T19:59:46Z
ERNA,1.28,2025-10-14T19:55:46Z
ERNZ,21.54,2025-10-14T16:42:17Z
ERO,23.56,2025-10-14T19:59:58Z
ERX,52.5,2025-10-14T19:56:35Z
ERY,21.65,2025-10-14T19:59:46Z
ES,70.57,2025-10-14T19:59:56Z
ESAB,120.35,2025-10-14T19:59:47Z
ESBA,7.105,2025-10-14T18:33:16Z
ESCA,11.805,2025-10-14T15:06:19Z
ESE,213.17,2025-10-14T19:59:00Z
ESGD,92.93,2025-10-14T19:55:06Z
ESGE,43.015,2025-10-14T19:55:17Z
ESGU,144.73,2025-10-14T19:59:59Z
ESGV,117.65,2025-10-14T19:59:46Z
ESI,25.275,2025-10-14T19:59:55Z
ESLA,1.64,2025-10-14T15:44:51Z
ESLT,514.555,2025-10-14T14:10:11Z
ESML,45.4,2025-10-14T19:58:49Z
ESNT,60.66,2025-10-14T19:59:59Z
ESOA,9.965,2025-10-14T19:59:23Z
ESPO,115.94,2025-10-14T19:04:11Z
ESPR,2.69,2025-10-14T19:59:55Z
ESQ,100.65,2025-10-14T14:21:23Z
ESRT,7.24,2025-10-14T19:59:59Z
ESS,259.31,2025-10-14T19:59:49Z
ESTA,44.54,2025-10-14T19:59:48Z
ESTC,81.76,2025-10-14T19:59:57Z
ESUM,27.145,2025-10-14T19:52:27Z
ET,16.535,2025-10-14T19:59:49Z
ETB,14.915,2025-10-14T19:59:53Z
ETCO,27.2,2025-10-14T14:13:17Z
ETD,28.035,2025-10-14T19:59:59Z
ETG,21.23,2025-10-14T19:59:33Z
ETH,38.675,2025-10-14T19:59:58Z
ETHA,31.07,2025-10-14T19:59:58Z
ETHD,3.55,2025-10-14T19:59:45Z
ETHE,33.765,2025-10-14T19:59:55Z
ETHI,14,2025-10-14T13:38:25Z
ETHM,10.48,2025-10-14T19:55:52Z
ETHMW,2.37,2025-10-14T19:51:01Z
ETHT,85.58,2025-10-14T19:59:37Z
ETHU,122.59,2025-10-14T19:59:51Z
ETHV,60.125,2025-10-14T19:59:57Z
ETHW,29.42,2025-10-14T19:59:51Z
ETHZ,1.92,2025-10-14T19:59:55Z
ETJ,8.91,2025-10-14T19:59:59Z
ETN,374.34,2025-10-14T19:59:39Z
ETNB,14.8,2025-10-14T19:59:58Z
ETO,27.295,2025-10-14T19:29:39Z
ETON,18.78,2025-10-14T19:59:51Z
ETOR,39.07,2025-10-14T19:59:50Z
ETQ,1.6,2025-10-14T19:59:37Z
ETR,96.7,2025-10-14T19:59:54Z
ETS,0.78,2025-10-14T19:43:22Z
ETSY,71.91,2025-10-14T19:59:55Z
ETU,32.38,2025-10-14T19:59:49Z
ETV,14.13,2025-10-14T19:50:53Z
ETW,9.035,2025-10-14T19:59:28Z
ETX,19.165,2025-10-14T19:16:57Z
ETY,15.675,2025-10-14T19:44:36Z
EU,3.655,2025-10-14T19:59:55Z
EUAD,44.86,2025-10-14T19:58:46Z
EUDA,3.22,2025-10-14T19:59:09Z
EUFN,33.89,2025-10-14T19:59:27Z
EUM,21.01,2025-10-14T19:50:56Z
EUO,28.785,2025-10-14T18:50:26Z
EUSA,102.72,2025-10-14T18:49:33Z
EVAX,7.76,2025-10-14T19:55:43Z
EVC,2.1,2025-10-14T19:58:33Z
EVCM,10.99,2025-10-14T19:59:36Z
EVER,20.76,2025-10-14T19:58:49Z
EVEX,4.805,2025-10-14T19:59:46Z
EVF,5.41,2025-10-14T15:43:43Z
EVG,11.185,2025-10-14T19:35:30Z
EVGN,1.32,2025-10-14T19:58:52Z
EVGO,4.53,2025-10-14T19:59:59Z
EVH,7.71,2025-10-14T19:59:58Z
EVHY,53.125,2025-10-14T19:57:42Z
EVI,28.58,2025-10-14T17:56:56Z
EVIM,52.86,2025-10-14T14:55:00Z
EVLN,49.43,2025-10-14T19:36:14Z
EVLV,8.29,2025-10-14T19:59:57Z
EVM,9.55,2025-10-14T19:55:12Z
EVMO,50.66,2025-10-14T18:37:35Z
EVN,11.115,2025-10-14T17:12:40Z
EVO,3.865,2025-10-14T19:58:55Z
EVR,319.88,2025-10-14T19:59:55Z
EVRG,78.13,2025-10-14T19:59:50Z
EVSB,51.07,2025-10-14T16:01:26Z
EVSD,51.59,2025-10-14T19:59:43Z
EVSM,50.46,2025-10-14T19:55:19Z
EVT,24.535,2025-10-14T19:49:02Z
EVTC,31.11,2025-10-14T19:59:55Z
EVTL,5.5,2025-10-14T19:59:47Z
EVTR,51.81,2025-10-14T19:56:34Z
EVTV,1.5,2025-10-14T19:50:50Z
EVV,10.02,2025-10-14T19:59:46Z
EW,73.36,2025-10-14T19:59:54Z
EWA,26.715,2025-10-14T19:59:50Z
EWBC,103.51,2025-10-14T19:59:50Z
EWC,50.545,2025-10-14T19:59:53Z
EWCZ,3.52,2025-10-14T19:59:42Z
EWD,47.56,2025-10-14T19:02:59Z
EWG,41.68,2025-10-14T19:59:59Z
EWH,21.035,2025-10-14T19:59:59Z
EWI,50.78,2025-10-14T19:59:59Z
EWJ,80.06,2025-10-14T19:59:53Z
EWJV,38.26,2025-10-14T19:56:53Z
EWK,23.78,2025-10-14T19:06:39Z
EWL,56.32,2025-10-14T19:59:54Z
EWM,25.7,2025-10-14T19:59:54Z
EWN,57.815,2025-10-14T16:43:51Z
EWP,49.125,2025-10-14T19:59:59Z
EWQ,44.19,2025-10-14T18:36:51Z
EWS,28.415,2025-10-14T19:59:39Z
EWT,63.68,2025-10-14T19:59:58Z
EWTX,14.71,2025-10-14T19:59:54Z
EWU,42.08,2025-10-14T19:59:45Z
EWUS,41.065,2025-10-14T19:49:31Z
EWW,64.835,2025-10-14T19:59:49Z
EWX,66.14,2025-10-14T19:54:34Z
EWY,82.67,2025-10-14T19:59:56Z
EWZ,29.11,2025-10-14T19:59:55Z
EWZS,12.86,2025-10-14T19:59:52Z
EXAS,60.585,2025-10-14T19:59:54Z
EXC,47.38,2025-10-14T19:59:58Z
EXE,101.36,2025-10-14T19:59:56Z
EXEL,39.53,2025-10-14T19:59:58Z
EXFY,1.705,2025-10-14T19:54:33Z
EXG,9.09,2025-10-14T19:51:27Z
EXI,172.105,2025-10-14T19:55:04Z
EXK,8.71,2025-10-14T19:59:57Z
EXLS,41,2025-10-14T19:59:39Z
EXOD,27.89,2025-10-14T19:39:53Z
EXP,238.97,2025-10-14T19:59:42Z
EXPD,117.53,2025-10-14T19:59:46Z
EXPE,223.2,2025-10-14T19:59:57Z
EXPI,10.96,2025-10-14T19:59:56Z
EXPO,66.89,2025-10-14T19:58:45Z
EXR,147.89,2025-10-14T19:59:55Z
EXTR,19.915,2025-10-14T19:59:53Z
EYE,26.905,2025-10-14T19:59:57Z
EYPT,13.16,2025-10-14T19:59:56Z
EZA,65.38,2025-10-14T19:58:51Z
EZBC,65.17,2025-10-14T19:58:32Z
EZET,31.23,2025-10-14T19:59:07Z
EZGO,0.179,2025-10-14T19:47:12Z
EZM,65.53,2025-10-14T19:30:23Z
EZPW,19.31,2025-10-14T19:59:16Z
EZPZ,30.16,2025-10-14T18:54:09Z
EZU,61.86,2025-10-14T19:59:59Z
F,11.67,2025-10-14T19:59:59Z
F-B,22.24,2025-10-14T14:05:05Z
F-C,22.01,2025-10-14T13:42:45Z
FA,14.465,2025-10-14T19:59:56Z
FAB,86.35,2025-10-14T18:44:31Z
FAF,60.32,2025-10-14T19:59:51Z
FAI,40.2,2025-10-14T19:59:43Z
FALN,27.51,2025-10-14T19:58:57Z
FAN,20.12,2025-10-14T19:25:33Z
FANG,141.83,2025-10-14T19:59:55Z
FAPR,43.445,2025-10-14T19:54:28Z
FARM,1.72,2025-10-14T19:59:53Z
FAS,170.96,2025-10-14T19:59:46Z
FAST,42.75,2025-10-14T19:59:58Z
FAT,2.02,2025-10-14T17:10:44Z
FATE,1.49,2025-10-14T19:59:52Z
FATN,5.445,2025-10-14T19:29:04Z
FAX,15.575,2025-10-14T19:59:03Z
FAZ,41.925,2025-10-14T19:59:45Z
FBCG,52.8,2025-10-14T19:42:23Z
FBCV,34.1,2025-10-14T18:22:10Z
FBIN,49.83,2025-10-14T19:59:59Z
FBIO,2.735,2025-10-14T19:59:49Z
FBIOP,6.93,2025-10-14T19:58:53Z
FBIZ,50.5,2025-10-14T19:03:43Z
FBK,58.59,2025-10-14T19:59:53Z
FBL,40.22,2025-10-14T19:59:30Z
FBLA,11.97,2025-10-14T19:56:38Z
FBLG,0.4257,2025-10-14T19:47:51Z
FBNC,51.16,2025-10-14T19:59:03Z
FBND,46.57,2025-10-14T19:59:51Z
FBP,22.13,2025-10-14T19:59:58Z
FBRT,10.75,2025-10-14T19:59:53Z
FBRX,13.8,2025-10-14T19:59:47Z
FBT,184.16,2025-10-14T16:57:26Z
FBTC,98.23,2025-10-14T19:59:58Z
FBUF,29.48,2025-10-14T13:56:28Z
FBY,15.11,2025-10-14T16:47:59Z
FBYD,12.39,2025-10-14T19:02:08Z
FC,17.71,2025-10-14T19:59:04Z
FCCO,28.08,2025-10-14T19:59:49Z
FCEL,11.43,2025-10-14T19:59:31Z
FCF,16.61,2025-10-14T19:59:58Z
FCFS,158.19,2025-10-14T19:41:10Z
FCG,22.33,2025-10-14T19:59:42Z
FCHL,0.4793,2025-10-14T14:59:10Z
FCN,157.38,2025-10-14T19:44:50Z
FCNCA,1782.19,2025-10-14T19:39:12Z
FCNCO,22.68,2025-10-14T16:55:03Z
FCNCP,22.35,2025-10-14T19:34:52Z
FCO,2.82,2025-10-14T19:50:09Z
FCOM,69.735,2025-10-14T19:59:46Z
FCOR,48.41,2025-10-14T19:24:00Z
FCPI,49.43,2025-10-14T14:47:21Z
FCPT,24.09,2025-10-14T19:59:48Z
FCRS=,10.615,2025-10-14T19:58:00Z
FCT,9.8,2025-10-14T19:59:20Z
FCTE,26,2025-10-14T19:47:13Z
FCUV,3.38,2025-10-14T14:43:30Z
FCX,41.965,2025-10-14T19:59:58Z
FDAT,23.01,2025-10-14T19:25:20Z
FDCF,48.15,2025-10-14T14:40:33Z
FDD,16.01,2025-10-14T19:57:07Z
FDEC,49.2,2025-10-14T19:03:08Z
FDEV,33.26,2025-10-14T19:06:15Z
FDHY,49.1,2025-10-14T15:44:42Z
FDIG,57.63,2025-10-14T19:47:15Z
FDIS,100.61,2025-10-14T19:37:20Z
FDL,42.905,2025-10-14T19:59:56Z
FDLO,64.99,2025-10-14T14:52:26Z
FDLS,34.51,2025-10-14T19:36:21Z
FDMO,82.82,2025-10-14T18:27:33Z
FDMT,9.98,2025-10-14T19:59:58Z
FDN,278.59,2025-10-14T19:59:57Z
FDNI,37.25,2025-10-14T19:59:59Z
FDP,33.59,2025-10-14T19:59:46Z
FDRV,17.01,2025-10-14T15:12:37Z
FDS,285.84,2025-10-14T19:59:50Z
FDSB,13.62,2025-10-14T18:13:31Z
FDT,74.99,2025-10-14T17:51:28Z
FDUS,20.12,2025-10-14T19:58:13Z
FDV,28.64,2025-10-14T19:53:10Z
FDVV,55.37,2025-10-14T19:57:12Z
FDX,234.5,2025-10-14T19:59:30Z
FE,47.53,2025-10-14T19:59:57Z
FEAM,7.035,2025-10-14T19:59:54Z
FEBW,33.11,2025-10-14T16:58:29Z
FEGE,44.02,2025-10-14T19:55:11Z
FEIM,38,2025-10-14T19:59:09Z
FELC,36.865,2025-10-14T19:59:16Z
FELE,93.79,2025-10-14T19:55:07Z
FELG,40.59,2025-10-14T19:59:59Z
FELV,33.3,2025-10-14T19:56:31Z
FEM,26.195,2025-10-14T19:53:49Z
FEMB,29.21,2025-10-14T17:16:09Z
FEMS,41.98,2025-10-14T18:31:25Z
FEMY,0.5893,2025-10-14T19:55:08Z
FENC,8.26,2025-10-14T19:59:49Z
FENI,35.185,2025-10-14T19:57:39Z
FENY,23.99,2025-10-14T19:59:46Z
FEOE,46.1,2025-10-14T19:53:44Z
FEPI,47.19,2025-10-14T19:24:05Z
FER,62.15,2025-10-14T19:59:58Z
FERG,240.22,2025-10-14T19:59:48Z
FESM,36.86,2025-10-14T19:45:36Z
FET,26.715,2025-10-14T19:56:35Z
FETH,41,2025-10-14T19:59:58Z
FEUZ,58.43,2025-10-14T19:50:44Z
FEZ,62,2025-10-14T19:59:54Z
FF,3.845,2025-10-14T19:59:18Z
FFA,21.45,2025-10-14T19:00:50Z
FFAI,1.495,2025-10-14T19:58:38Z
FFBC,25.66,2025-10-14T19:59:59Z
FFC,16.705,2025-10-14T19:59:27Z
FFDI,30.02,2025-10-14T17:39:08Z
FFIC,13.84,2025-10-14T19:59:39Z
FFIN,33.7,2025-10-14T19:59:46Z
FFIV,343.645,2025-10-14T19:59:27Z
FFLC,51.76,2025-10-14T19:55:03Z
FFLG,28.765,2025-10-14T13:48:43Z
FFLS,24.64,2025-10-14T19:37:09Z
FFND,29.82,2025-10-14T19:34:06Z
FFOG,47.03,2025-10-14T16:11:51Z
FFOX,27.435,2025-10-14T19:59:50Z
FFTY,39.49,2025-10-14T19:54:25Z
FFWM,5.82,2025-10-14T19:59:36Z
FG,30.095,2025-10-14T19:55:50Z
FGD,28.61,2025-10-14T19:59:41Z
FGDL,55.435,2025-10-14T19:33:47Z
FGEN,10.61,2025-10-14T14:46:58Z
FGI,5.62,2025-10-14T15:32:14Z
FGL,0.3874,2025-10-14T19:51:43Z
FGMC,10.05,2025-10-14T15:52:21Z
FGMCR,0.5299,2025-10-14T18:23:13Z
FGNX,4.28,2025-10-14T19:59:48Z
FGSN,23.9,2025-10-14T19:50:48Z
FHB,24.64,2025-10-14T19:59:50Z
FHEQ,30.31,2025-10-14T19:38:05Z
FHI,52.45,2025-10-14T19:59:52Z
FHLC,68.36,2025-10-14T19:51:27Z
FHN,23,2025-10-14T19:59:59Z
FHTX,4.35,2025-10-14T19:59:27Z
FI,124.03,2025-10-14T19:59:45Z
FIAT,2.63,2025-10-14T19:55:29Z
FIBK,32.29,2025-10-14T19:58:43Z
FICO,1648.14,2025-10-14T19:59:50Z
FID,19.65,2025-10-14T14:58:52Z
FIDI,24.53,2025-10-14T19:53:32Z
FIDU,82.31,2025-10-14T19:32:49Z
FIG,60.79,2025-10-14T19:59:59Z
FIGB,43.845,2025-10-14T19:58:01Z
FIGG,14.19,2025-10-14T19:28:23Z
FIGR,44.405,2025-10-14T19:59:57Z
FIGS,7.23,2025-10-14T19:59:56Z
FIHL,18.89,2025-10-14T19:59:54Z
FIIG,21.34,2025-10-14T18:44:06Z
FINS,13.1,2025-10-14T19:59:55Z
FINV,6.61,2025-10-14T19:59:52Z
FINW,18.75,2025-10-14T19:21:59Z
FINX,34.21,2025-10-14T19:58:36Z
FIP,5.485,2025-10-14T19:59:13Z
FIS,67.73,2025-10-14T19:59:59Z
FISI,27.51,2025-10-14T19:51:36Z
FISR,26.205,2025-10-14T19:55:28Z
FITB,43.4,2025-10-14T19:59:57Z
FITBO,20.79,2025-10-14T19:30:24Z
FITBP,24.89,2025-10-14T18:03:15Z
FIVA,31.51,2025-10-14T17:21:38Z
FIVE,149.99,2025-10-14T19:59:54Z
FIVN,22.25,2025-10-14T19:59:50Z
FIW,112.535,2025-10-14T16:20:11Z
FIX,830.8,2025-10-14T19:59:24Z
FIXD,44.73,2025-10-14T19:37:12Z
FIZZ,36.105,2025-10-14T19:59:52Z
FJAN,50.01,2025-10-14T19:39:02Z
FKWL,4.95,2025-10-14T17:24:43Z
FLAX,28.94,2025-10-14T17:55:44Z
FLBL,23.665,2025-10-14T19:59:40Z
FLBR,17.95,2025-10-14T17:24:46Z
FLC,17.785,2025-10-14T19:07:32Z
FLCA,45.2,2025-10-14T15:45:26Z
FLCB,21.84,2025-10-14T19:59:10Z
FLCG,32.345,2025-10-14T19:37:32Z
FLCH,24.74,2025-10-14T19:55:23Z
FLCO,21.95,2025-10-14T19:16:18Z
FLD,4.05,2025-10-14T19:58:19Z
FLDDW,0.45,2025-10-14T15:07:29Z
FLDR,50.345,2025-10-14T19:54:40Z
FLEX,59.585,2025-10-14T19:59:59Z
FLG,12.05,2025-10-14T19:59:55Z
FLG-A,21.44,2025-10-14T16:49:59Z
FLG-U,39.365,2025-10-14T14:25:19Z
FLGB,32.41,2025-10-14T18:33:42Z
FLGR,32.74,2025-10-14T14:20:24Z
FLGT,22.46,2025-10-14T19:53:43Z
FLGV,20.775,2025-10-14T19:55:02Z
FLHY,24.29,2025-10-14T19:52:47Z
FLIA,20.655,2025-10-14T18:25:56Z
FLIN,37.84,2025-10-14T19:59:01Z
FLJP,34.405,2025-10-14T19:37:06Z
FLKR,27.7,2025-10-14T19:59:46Z
FLL,2.52,2025-10-14T19:58:27Z
FLMB,23.79,2025-10-14T13:30:49Z
FLMI,24.805,2025-10-14T19:59:32Z
FLMX,31.72,2025-10-14T15:55:45Z
FLN,20.47,2025-10-14T17:55:44Z
FLNC,18.44,2025-10-14T19:59:53Z
FLNG,24.605,2025-10-14T19:59:41Z
FLO,12.68,2025-10-14T19:59:56Z
FLOC,14.75,2025-10-14T19:59:52Z
FLOT,50.935,2025-10-14T19:58:11Z
FLQL,67.07,2025-10-14T14:10:02Z
FLQM,56.19,2025-10-14T19:45:13Z
FLR,48.28,2025-10-14T19:59:51Z
FLRG,37.93,2025-10-14T17:04:57Z
FLRN,30.755,2025-10-14T19:55:22Z
FLRT,47.355,2025-10-14T19:21:25Z
FLS,51.24,2025-10-14T19:59:59Z
FLSP,26.45,2025-10-14T16:03:56Z
FLSW,38.83,2025-10-14T14:47:34Z
FLTB,50.83,2025-10-14T18:04:16Z
FLTR,25.495,2025-10-14T19:57:16Z
FLTW,59.21,2025-10-14T19:14:05Z
FLUT,249.95,2025-10-14T19:59:55Z
FLUX,6.2,2025-10-14T19:59:51Z
FLWS,4.33,2025-10-14T19:59:56Z
FLX,3.57,2025-10-14T19:59:05Z
FLXR,39.81,2025-10-14T19:54:37Z
FLXS,42.76,2025-10-14T19:47:01Z
FLY,30.095,2025-10-14T19:59:42Z
FLYD,7.35,2025-10-14T19:58:53Z
FLYE,0.55,2025-10-14T19:46:02Z
FLYW,13,2025-10-14T19:59:50Z
FLYX,3.91,2025-10-14T13:34:55Z
FMAG,34.98,2025-10-14T18:46:58Z
FMAO,24.21,2025-10-14T16:36:35Z
FMB,51.05,2025-10-14T19:55:26Z
FMBH,37.15,2025-10-14T19:53:48Z
FMC,30.42,2025-10-14T19:59:59Z
FMDE,35.66,2025-10-14T19:54:23Z
FMF,49.24,2025-10-14T16:54:58Z
FMFC,10.43,2025-10-14T19:57:29Z
FMHI,47.92,2025-10-14T19:58:59Z
FMN,11.045,2025-10-14T19:45:34Z
FMNB,14.265,2025-10-14T19:59:25Z
FMNY,26.71,2025-10-14T15:25:31Z
FMQQ,14.75,2025-10-14T17:33:57Z
FMS,27.41,2025-10-14T19:59:42Z
FMST,3.86,2025-10-14T19:59:54Z
FMSTW,0.602,2025-10-14T16:57:09Z
FMUN,50.12,2025-10-14T15:52:49Z
FMX,92.14,2025-10-14T19:59:50Z
FMY,12.255,2025-10-14T17:10:14Z
FN,375.65,2025-10-14T19:59:48Z
FNB,16.11,2025-10-14T19:59:59Z
FNCL,75.51,2025-10-14T19:47:03Z
FND,70.42,2025-10-14T19:59:55Z
FNDA,30.84,2025-10-14T19:59:59Z
FNDB,25.66,2025-10-14T19:03:11Z
FNDC,43.84,2025-10-14T19:59:09Z
FNDE,35.535,2025-10-14T19:59:46Z
FNDF,43.015,2025-10-14T19:59:47Z
FNDX,26.18,2025-10-14T19:59:55Z
FNF,56.98,2025-10-14T19:59:54Z
FNGD,5.15,2025-10-14T19:59:08Z
FNGR,1.71,2025-10-14T19:52:43Z
FNGS,69.685,2025-10-14T18:25:35Z
FNGU,28.185,2025-10-14T19:59:50Z
FNK,54.5,2025-10-14T19:42:12Z
FNKO,3.13,2025-10-14T19:59:59Z
FNLC,25.19,2025-10-14T19:47:55Z
FNOV,52.81,2025-10-14T19:39:02Z
FNV,208.9,2025-10-14T19:59:48Z
FNWB,7.95,2025-10-14T16:39:35Z
FNWD,32.125,2025-10-14T19:53:31Z
FNY,94.24,2025-10-14T17:48:00Z
FOA,21.48,2025-10-14T19:47:42Z
FOCT,47.61,2025-10-14T19:41:07Z
FOF,13.13,2025-10-14T18:19:33Z
FOLD,8.04,2025-10-14T19:59:56Z
FOR,26,2025-10-14T19:59:38Z
FORA,2.4,2025-10-14T19:56:42Z
FORD,24.12,2025-10-14T19:57:59Z
FORLW,0.05,2025-10-14T14:43:23Z
FORM,40.29,2025-10-14T19:59:49Z
FORR,8.87,2025-10-14T19:56:18Z
FOSL,2.655,2025-10-14T19:59:58Z
FOSLL,18.44,2025-10-14T18:59:31Z
FOUR,77.8,2025-10-14T19:59:56Z
FOX,52.1,2025-10-14T19:59:56Z
FOXA,58.105,2025-10-14T19:59:56Z
FOXF,23.63,2025-10-14T19:59:56Z
FPAY,0.367,2025-10-14T19:59:52Z
FPE,18.235,2025-10-14T19:59:09Z
FPEI,19.325,2025-10-14T19:59:45Z
FPF,18.59,2025-10-14T19:59:32Z
FPH,5.91,2025-10-14T19:59:27Z
FPI,10.235,2025-10-14T19:59:56Z
FPX,166.95,2025-10-14T19:32:14Z
FQAL,73.92,2025-10-14T19:59:08Z
FR,51.93,2025-10-14T19:59:56Z
FRA,12.84,2025-10-14T19:59:48Z
FRAF,44.95,2025-10-14T15:09:33Z
FRBA,15.8,2025-10-14T19:59:55Z
FRD,20.3,2025-10-14T19:49:49Z
FRDM,44.83,2025-10-14T19:57:15Z
FREL,27.14,2025-10-14T19:38:04Z
FRGE,17.53,2025-10-14T19:58:14Z
FRHC,171.83,2025-10-14T19:51:54Z
FRI,27.55,2025-10-14T19:45:32Z
FRME,37.655,2025-10-14T19:59:47Z
FRMI,29.5,2025-10-14T19:59:52Z
FRNW,21.4,2025-10-14T18:17:01Z
FRO,22,2025-10-14T19:59:59Z
FROG,46.99,2025-10-14T19:59:57Z
FRPH,24.69,2025-10-14T19:59:17Z
FRPT,51.58,2025-10-14T19:59:57Z
FRSH,11.12,2025-10-14T19:59:55Z
FRST,10.35,2025-10-14T19:59:49Z
FRSX,2.32,2025-10-14T13:54:34Z
FRT,97.37,2025-10-14T19:59:56Z
FSBC,32.94,2025-10-14T18:01:29Z
FSBD,48.22,2025-10-14T17:43:22Z
FSCO,6.49,2025-10-14T19:55:57Z
FSEC,44.545,2025-10-14T18:18:21Z
FSEP,50.305,2025-10-14T19:59:46Z
FSI,8.855,2025-10-14T19:59:58Z
FSIG,19.265,2025-10-14T19:55:03Z
FSK,15.115,2025-10-14T19:59:44Z
FSLR,224.31,2025-10-14T19:59:56Z
FSLY,8.07,2025-10-14T19:59:57Z
FSM,9.175,2025-10-14T19:59:51Z
FSP,1.45,2025-10-14T19:59:18Z
FSS,119.08,2025-10-14T19:58:05Z
FSTA,50.375,2025-10-14T19:59:41Z
FSTR,26.47,2025-10-14T19:45:04Z
FSUN,41.19,2025-10-14T19:43:03Z
FSV,184.52,2025-10-14T19:58:32Z
FSYD,48.44,2025-10-14T19:36:21Z
FT,8.03,2025-10-14T19:53:37Z
FTA,82.6,2025-10-14T17:21:28Z
FTAI,170.675,2025-10-14T19:58:40Z
FTCB,21.51,2025-10-14T19:59:59Z
FTCI,8.23,2025-10-14T19:57:31Z
FTCS,93.46,2025-10-14T19:53:44Z
FTDR,66.4,2025-10-14T19:59:17Z
FTEC,221.94,2025-10-14T19:45:38Z
FTEK,3.07,2025-10-14T19:59:33Z
FTEL,4.215,2025-10-14T19:43:17Z
FTF,6.34,2025-10-14T19:18:52Z
FTGC,25.84,2025-10-14T19:39:06Z
FTGS,35.98,2025-10-14T19:55:04Z
FTHI,23.65,2025-10-14T19:59:46Z
FTHM,1.805,2025-10-14T19:59:44Z
FTHY,14.14,2025-10-14T19:54:43Z
FTI,35.975,2025-10-14T19:59:55Z
FTK,15.905,2025-10-14T19:59:29Z
FTLS,68.965,2025-10-14T19:59:57Z
FTNT,83.08,2025-10-14T19:59:57Z
FTQI,20.72,2025-10-14T19:59:48Z
FTRB,25.565,2025-10-14T19:58:58Z
FTRE,9.54,2025-10-14T19:59:49Z
FTRI,15.15,2025-10-14T18:01:41Z
FTRK,0.4826,2025-10-14T14:50:57Z
FTS,50.98,2025-10-14T19:59:50Z
FTSL,45.73,2025-10-14T19:59:42Z
FTSM,60.025,2025-10-14T19:53:57Z
FTV,49.04,2025-10-14T19:59:55Z
FTWO,40.87,2025-10-14T17:20:51Z
FTXL,114.82,2025-10-14T19:45:42Z
FTXN,27.19,2025-10-14T19:37:05Z
FTXO,34.72,2025-10-14T15:50:31Z
FUBO,3.83,2025-10-14T19:59:56Z
FUFU,3.74,2025-10-14T19:48:08Z
FUFUW,0.4475,2025-10-14T19:57:44Z
FUL,59.05,2025-10-14T19:59:48Z
FULC,8.72,2025-10-14T19:59:59Z
FULT,18.235,2025-10-14T19:59:55Z
FUMB,20.11,2025-10-14T19:58:51Z
FUN,21.37,2025-10-14T19:59:58Z
FUNC,36.57,2025-10-14T19:58:10Z
FUND,8.3,2025-10-14T15:38:29Z
FUNL,45.95,2025-10-14T19:58:01Z
FURY,0.8234,2025-10-14T19:58:26Z
FUSB,12.44,2025-10-14T18:03:22Z
FUTU,158.52,2025-10-14T19:59:59Z
FUTY,59.31,2025-10-14T19:57:21Z
FV,62.15,2025-10-14T19:37:09Z
FVC,36.14,2025-10-14T19:09:25Z
FVCB,12.995,2025-10-14T19:45:42Z
FVD,45.86,2025-10-14T19:58:05Z
FVR,14.12,2025-10-14T19:58:18Z
FVRR,22.79,2025-10-14T19:59:47Z
FWD,103.55,2025-10-14T19:37:44Z
FWONA,94.83,2025-10-14T18:29:50Z
FWONK,103.77,2025-10-14T19:59:42Z
FWRD,21.18,2025-10-14T19:59:57Z
FWRG,17.53,2025-10-14T19:59:50Z
FXA,64.29,2025-10-14T16:45:29Z
FXB,127.77,2025-10-14T15:11:07Z
FXD,66.92,2025-10-14T19:37:05Z
FXE,107.07,2025-10-14T18:25:27Z
FXG,62.07,2025-10-14T15:10:12Z
FXI,39.42,2025-10-14T19:59:59Z
FXN,15.5,2025-10-14T19:59:46Z
FXO,58.68,2025-10-14T19:52:19Z
FXP,8.93,2025-10-14T14:05:43Z
FXR,77.55,2025-10-14T15:20:43Z
FXU,46.7,2025-10-14T19:47:52Z
FXY,60.645,2025-10-14T19:59:46Z
FXZ,61.93,2025-10-14T19:37:05Z
FYBR,37.48,2025-10-14T19:59:59Z
FYT,55.08,2025-10-14T19:28:25Z
G,39.86,2025-10-14T19:59:58Z
GAB,6,2025-10-14T19:57:39Z
GABC,39.13,2025-10-14T19:38:34Z
GAIA,6.08,2025-10-14T18:14:23Z
GAIN,13.93,2025-10-14T19:58:01Z
GAL,49.12,2025-10-14T19:14:02Z
GALT,4.99,2025-10-14T19:59:34Z
GAM,62.71,2025-10-14T16:21:12Z
GAMB,7.845,2025-10-14T19:59:48Z
GAME,0.7263,2025-10-14T19:59:52Z
GANX,2.06,2025-10-14T19:59:20Z
GAP,20.62,2025-10-14T19:59:58Z
GAPR,39.13,2025-10-14T13:33:41Z
GASS,6.48,2025-10-14T19:59:59Z
GATX,174.105,2025-10-14T19:58:04Z
GAU,2.815,2025-10-14T19:59:59Z
GAUG,38.49,2025-10-14T18:40:04Z
GAUZ,6.915,2025-10-14T13:50:00Z
GBAB,15.44,2025-10-14T18:09:17Z
GBCI,49.07,2025-10-14T19:59:53Z
GBDC,14.07,2025-10-14T19:59:59Z
GBFH,41.835,2025-10-14T19:41:37Z
GBIL,100.04,2025-10-14T14:20:37Z
GBLI,28.885,2025-10-14T17:31:31Z
GBR,0.9399,2025-10-14T19:59:24Z
GBTC,88.295,2025-10-14T19:59:46Z
GBTG,7.99,2025-10-14T19:59:56Z
GBUG,39.59,2025-10-14T14:28:35Z
GBX,45.42,2025-10-14T19:59:53Z
GCAL,50.825,2025-10-14T16:29:09Z
GCBC,22.58,2025-10-14T18:01:15Z
GCI,3.6,2025-10-14T19:59:56Z
GCL,2.24,2025-10-14T19:57:47Z
GCMG,11.55,2025-10-14T19:59:57Z
GCO,28.71,2025-10-14T19:57:12Z
GCOR,41.84,2025-10-14T15:14:59Z
GCOW,39.35,2025-10-14T16:15:27Z
GCT,27.4,2025-10-14T19:57:13Z
GCTK,7.17,2025-10-14T18:36:38Z
GCTS,1.54,2025-10-14T19:59:59Z
GCV,4.28,2025-10-14T15:50:39Z
GD,335.48,2025-10-14T19:59:33Z
GDC,5.36,2025-10-14T18:58:31Z
GDDY,132.23,2025-10-14T19:59:33Z
GDE,61.11,2025-10-14T16:54:15Z
GDEC,36.69,2025-10-14T18:23:47Z
GDEN,22.2,2025-10-14T19:59:46Z
GDLC,54.91,2025-10-14T19:09:32Z
GDMN,86,2025-10-14T19:45:40Z
GDOT,12.52,2025-10-14T19:59:56Z
GDRX,4.13,2025-10-14T19:59:58Z
GDS,33.675,2025-10-14T19:59:53Z
GDTC,2.28,2025-10-14T19:56:55Z
GDV,26.91,2025-10-14T19:37:26Z
GDV-H,22.88,2025-10-14T13:47:52Z
GDX,78.43,2025-10-14T19:59:58Z
GDXD,0.7585,2025-10-14T19:58:43Z
GDXJ,103.55,2025-10-14T19:59:57Z
GDXU,220.82,2025-10-14T19:14:02Z
GDXY,17.155,2025-10-14T19:59:47Z
GDYN,7.79,2025-10-14T19:59:53Z
GE,300.045,2025-10-14T19:59:56Z
GECC,7.375,2025-10-14T19:59:00Z
GEF,58.66,2025-10-14T19:59:43Z
GEG,2.5,2025-10-14T18:28:09Z
GEGGL,24.4,2025-10-14T15:10:02Z
GEHC,72.35,2025-10-14T19:59:56Z
GEL,15.34,2025-10-14T19:59:34Z
GELS,1.29,2025-10-14T19:55:21Z
GEM,40.505,2025-10-14T19:58:30Z
GEME,32.04,2025-10-14T19:16:34Z
GEMI,22.65,2025-10-14T19:59:12Z
GEN,26.82,2025-10-14T19:59:59Z
GENC,14.17,2025-10-14T19:49:31Z
GENI,11.72,2025-10-14T19:59:56Z
GENK,3.06,2025-10-14T19:44:49Z
GEO,17.46,2025-10-14T19:59:51Z
GEOS,23.38,2025-10-14T19:59:34Z
GERN,1.25,2025-10-14T19:59:57Z
GES,16.87,2025-10-14T19:59:44Z
GETY,2.19,2025-10-14T19:59:55Z
GEV,644.6,2025-10-14T19:59:30Z
GEVO,2.555,2025-10-14T19:59:53Z
GEVX,32.82,2025-10-14T19:51:34Z
GFAI,1.145,2025-10-14T19:58:50Z
GFEB,40.29,2025-10-14T13:37:36Z
GFF,74.96,2025-10-14T19:59:26Z
GFI,42.19,2025-10-14T19:59:53Z
GFL,45.64,2025-10-14T19:59:52Z
GFLW,28.31,2025-10-14T14:56:08Z
GFR,4.555,2025-10-14T19:18:21Z
GFS,35.15,2025-10-14T19:59:49Z
GGAL,32.2,2025-10-14T19:59:46Z
GGB,3.23,2025-10-14T19:59:56Z
GGG,82.03,2025-10-14T19:59:46Z
GGLL,64.07,2025-10-14T19:59:08Z
GGLS,8.81,2025-10-14T19:59:36Z
GGME,63.76,2025-10-14T18:41:13Z
GGN,5.13,2025-10-14T19:57:22Z
GGOV,50.735,2025-10-14T19:47:21Z
GGT,4.07,2025-10-14T16:33:07Z
GH,62.52,2025-10-14T19:59:33Z
GHG,2.03,2025-10-14T19:59:14Z
GHI,9.88,2025-10-14T19:55:36Z
GHLD,19.89,2025-10-14T18:50:04Z
GHM,60.855,2025-10-14T19:32:11Z
GHRS,13.35,2025-10-14T19:59:42Z
GHY,12.58,2025-10-14T19:59:32Z
GHYG,45.85,2025-10-14T19:26:24Z
GIAX,17.43,2025-10-14T15:23:19Z
GIB,90.16,2025-10-14T19:59:43Z
GIC,34.33,2025-10-14T19:34:31Z
GIFI,7.25,2025-10-14T19:54:32Z
GIG,11.625,2025-10-14T19:59:53Z
GIGB,46.86,2025-10-14T19:57:00Z
GIGGU,12.02,2025-10-14T14:40:55Z
GIGGW,1.65,2025-10-14T19:57:14Z
GIGM,1.6,2025-10-14T13:38:06Z
GIII,26.54,2025-10-14T19:59:51Z
GIL,60.69,2025-10-14T19:59:50Z
GILD,118.49,2025-10-14T19:59:59Z
GILT,13.95,2025-10-14T19:59:51Z
GIPR,1.33,2025-10-14T19:56:07Z
GIS,48.56,2025-10-14T19:59:58Z
GIWWU,10.16,2025-10-14T18:12:29Z
GJAN,41.57,2025-10-14T19:38:23Z
GKOS,85.215,2025-10-14T19:59:19Z
GL,139.87,2025-10-14T19:59:56Z
GL-D,16.63,2025-10-14T19:41:05Z
GLAD,20.125,2025-10-14T19:54:53Z
GLBE,34.115,2025-10-14T19:59:45Z
GLBS,1.19,2025-10-14T18:04:11Z
GLD,381.13,2025-10-14T19:59:57Z
GLDD,11.265,2025-10-14T19:59:51Z
GLDG,1.66,2025-10-14T19:59:49Z
GLDM,82,2025-10-14T19:59:51Z
GLDY,18.31,2025-10-14T17:10:55Z
GLGG,39.75,2025-10-14T19:37:27Z
GLIBA,36.3,2025-10-14T19:59:31Z
GLIBK,36.475,2025-10-14T19:59:50Z
GLIN,45.03,2025-10-14T18:45:30Z
GLL,14.43,2025-10-14T19:57:04Z
GLMD,1.44,2025-10-14T17:15:35Z
GLNG,38.12,2025-10-14T19:59:55Z
GLO,5.7,2025-10-14T19:50:37Z
GLOB,59.68,2025-10-14T19:59:46Z
GLOW,30.09,2025-10-14T17:03:09Z
GLP,44.64,2025-10-14T19:51:38Z
GLPG,33.52,2025-10-14T19:55:43Z
GLPI,44.69,2025-10-14T19:59:49Z
GLQ,7.66,2025-10-14T17:49:48Z
GLRE,12.75,2025-10-14T19:59:43Z
GLSI,10.52,2025-10-14T17:24:49Z
GLTO,11.31,2025-10-14T19:10:43Z
GLTR,179.77,2025-10-14T19:57:22Z
GLUE,10.62,2025-10-14T19:59:58Z
GLV,5.92,2025-10-14T15:06:35Z
GLW,84.67,2025-10-14T19:59:49Z
GLXU,48.75,2025-10-14T19:41:21Z
GLXY,41.19,2025-10-14T19:59:53Z
GM,57.145,2025-10-14T19:59:56Z
GMAB,32.755,2025-10-14T19:59:55Z
GMAR,40.1,2025-10-14T18:42:20Z
GME,23.24,2025-10-14T19:59:55Z
GME+,2.995,2025-10-14T19:57:18Z
GMED,58.14,2025-10-14T19:59:58Z
GMEU,12.97,2025-10-14T19:45:14Z
GMEY,49.39,2025-10-14T16:07:10Z
GMF,137.605,2025-10-14T15:29:16Z
GMGI,0.9999,2025-10-14T19:54:04Z
GMHS,1.315,2025-10-14T16:18:15Z
GMM,1.99,2025-10-14T14:44:04Z
GMMA,21.05,2025-10-14T13:44:39Z
GMRE,31.53,2025-10-14T19:59:53Z
GNE,15.82,2025-10-14T19:59:25Z
GNK,16.09,2025-10-14T19:59:49Z
GNL,7.77,2025-10-14T19:59:54Z
GNLN,3.86,2025-10-14T17:16:42Z
GNLX,5.38,2025-10-14T19:23:08Z
GNMA,44.59,2025-10-14T18:04:28Z
GNOM,40.52,2025-10-14T15:25:39Z
GNPX,0.2518,2025-10-14T19:59:38Z
GNR,58.7,2025-10-14T19:59:46Z
GNRC,183.82,2025-10-14T19:59:53Z
GNS,0.9026,2025-10-14T19:57:17Z
GNSS,2.22,2025-10-14T19:59:54Z
GNT,7.145,2025-10-14T18:46:38Z
GNTX,25.95,2025-10-14T19:59:59Z
GNW,8.83,2025-10-14T19:59:55Z
GO,15.44,2025-10-14T19:59:55Z
GOAU,41.12,2025-10-14T19:45:22Z
GOCO,4.545,2025-10-14T19:54:10Z
GOCT,38.445,2025-10-14T19:37:41Z
GOF,14.89,2025-10-14T19:58:04Z
GOGO,9.58,2025-10-14T19:59:56Z
GOLF,81.24,2025-10-14T19:59:42Z
GOLY,35.06,2025-10-14T15:38:58Z
GOOD,11.56,2025-10-14T19:59:46Z
GOODN,22.31,2025-10-14T13:45:29Z
GOOG,246.305,2025-10-14T19:59:55Z
GOOGL,245.425,2025-10-14T19:59:59Z
GOOS,13.49,2025-10-14T19:57:57Z
GOOX,43.335,2025-10-14T13:51:35Z
GOOY,13.705,2025-10-14T17:40:26Z
GORO,0.9526,2025-10-14T19:41:58Z
GORV,1.98,2025-10-14T19:51:28Z
GOSS,2.375,2025-10-14T19:59:58Z
GOTU,3.02,2025-10-14T19:57:48Z
GOVI,28.16,2025-10-14T19:59:58Z
GOVT,23.25,2025-10-14T19:59:51Z
GOVX,0.6052,2025-10-14T19:56:16Z
GOVZ,9.995,2025-10-14T19:59:41Z
GP,3.09,2025-10-14T17:45:27Z
GPAT,10.65,2025-10-14T15:15:28Z
GPC,133.61,2025-10-14T19:59:49Z
GPCR,30.2,2025-10-14T19:59:56Z
GPI,438.37,2025-10-14T19:44:09Z
GPIQ,51.9,2025-10-14T19:59:47Z
GPIX,51.655,2025-10-14T19:55:41Z
GPK,17.51,2025-10-14T19:59:58Z
GPMT,2.75,2025-10-14T19:59:50Z
GPN,86.47,2025-10-14T19:59:56Z
GPOR,179,2025-10-14T19:48:59Z
GPRE,11.17,2025-10-14T19:59:59Z
GPRK,6.3,2025-10-14T19:59:55Z
GPRO,2.07,2025-10-14T19:59:55Z
GPTY,46.96,2025-10-14T14:52:35Z
GPUS,0.4002,2025-10-14T19:58:38Z
GPZ,27.18,2025-10-14T19:27:10Z
GQGU,25.25,2025-10-14T19:37:25Z
GRAB,5.9,2025-10-14T19:59:58Z
GRAL,69.36,2025-10-14T19:59:26Z
GRAN,3.11,2025-10-14T15:48:02Z
GRBK,66.76,2025-10-14T19:59:02Z
GRC,45.46,2025-10-14T19:59:23Z
GRCE,3.03,2025-10-14T19:31:35Z
GRDN,24.43,2025-10-14T19:59:50Z
GREE,2,2025-10-14T19:45:52Z
GREK,65.045,2025-10-14T19:38:41Z
GRFS,9.58,2025-10-14T19:59:55Z
GRI,1.93,2025-10-14T19:27:12Z
GRID,152.44,2025-10-14T19:57:21Z
GRMN,249.38,2025-10-14T19:59:27Z
GRNB,24.45,2025-10-14T16:22:29Z
GRND,12.77,2025-10-14T19:59:56Z
GRNT,5.29,2025-10-14T19:59:59Z
GRNY,25.12,2025-10-14T19:59:55Z
GRO,2.87,2025-10-14T19:52:13Z
GROV,1.555,2025-10-14T19:11:32Z
GROY,3.65,2025-10-14T19:59:56Z
GROY+,1.68,2025-10-14T16:53:36Z
GROZ,29.16,2025-10-14T16:55:04Z
GRP=,54.74,2025-10-14T15:35:17Z
GRPM,119.34,2025-10-14T17:57:28Z
GRPN,21.46,2025-10-14T19:59:52Z
GRRR,18.025,2025-10-14T19:56:54Z
GRVY,59.17,2025-10-14T16:36:22Z
GRW,32.16,2025-10-14T19:57:43Z
GRWG,1.665,2025-10-14T19:58:20Z
GRX,9.2,2025-10-14T17:54:16Z
GS,771.06,2025-10-14T19:59:50Z
GS-A,21.26,2025-10-14T19:59:16Z
GS-D,20.37,2025-10-14T19:17:59Z
GSAT,43.33,2025-10-14T19:59:45Z
GSBC,62.38,2025-10-14T19:39:45Z
GSBD,10,2025-10-14T19:59:58Z
GSEE,55.475,2025-10-14T15:42:50Z
GSEP,37.91,2025-10-14T19:49:33Z
GSEW,83.61,2025-10-14T13:47:58Z
GSG,22.52,2025-10-14T19:59:52Z
GSHD,68.97,2025-10-14T19:58:00Z
GSIE,40.9,2025-10-14T19:56:04Z
GSIG,47.74,2025-10-14T14:11:32Z
GSIT,4.67,2025-10-14T19:59:52Z
GSIW,0.155,2025-10-14T19:59:00Z
GSK,44.15,2025-10-14T19:59:59Z
GSL,27.765,2025-10-14T19:59:46Z
GSLC,128.98,2025-10-14T19:58:08Z
GSM,5.58,2025-10-14T19:59:59Z
GSST,50.555,2025-10-14T19:45:45Z
GSUN,2.48,2025-10-14T17:11:01Z
GSUS,92.06,2025-10-14T19:37:19Z
GSX,23.99,2025-10-14T17:07:16Z
GSY,50.335,2025-10-14T19:23:49Z
GT,6.71,2025-10-14T19:59:56Z
GTBP,0.7204,2025-10-14T19:57:10Z
GTE,4.34,2025-10-14T19:59:50Z
GTEK,38.985,2025-10-14T19:59:58Z
GTERU,10.27,2025-10-14T19:55:15Z
GTES,24.92,2025-10-14T19:59:59Z
GTI,5.49,2025-10-14T19:58:52Z
GTIM,1.57,2025-10-14T15:48:17Z
GTLB,44.77,2025-10-14T19:59:52Z
GTLS,200.14,2025-10-14T19:59:33Z
GTM,10.265,2025-10-14T19:59:54Z
GTN,4.835,2025-10-14T19:59:54Z
GTO,47.78,2025-10-14T19:50:01Z
GTX,12.545,2025-10-14T19:59:54Z
GTY,25.885,2025-10-14T19:59:45Z
GUG,16.01,2025-10-14T17:12:55Z
GUNR,43.51,2025-10-14T19:56:12Z
GURE,0.732,2025-10-14T19:57:01Z
GUSH,22.225,2025-10-14T19:59:43Z
GUT,6.065,2025-10-14T19:59:28Z
GUTS,1.355,2025-10-14T19:59:54Z
GV,1.61,2025-10-14T19:59:30Z
GVA,107.2,2025-10-14T19:58:43Z
GVAL,28.7,2025-10-14T19:49:44Z
GVH,5.24,2025-10-14T19:59:53Z
GVI,107.74,2025-10-14T17:53:17Z
GWAV,17.45,2025-10-14T19:59:52Z
GWH,7.62,2025-10-14T19:59:21Z
GWRE,240.57,2025-10-14T19:58:55Z
GWRS,11.02,2025-10-14T19:59:21Z
GWW,960.11,2025-10-14T19:57:50Z
GWX,39.91,2025-10-14T19:52:22Z
GXAI,1.97,2025-10-14T19:56:55Z
GXC,100.41,2025-10-14T19:46:20Z
GXIG,25.98,2025-10-14T19:56:27Z
GXO,54.11,2025-10-14T19:59:47Z
GXPC,27.62,2025-10-14T18:34:26Z
GXPD,25.63,2025-10-14T15:00:02Z
GXPS,24.76,2025-10-14T18:34:26Z
GXPT,26.955,2025-10-14T19:37:43Z
GYLD,12.97,2025-10-14T16:56:56Z
GYRE,8.02,2025-10-14T19:59:46Z
H,147.735,2025-10-14T19:59:46Z
HACK,86.58,2025-10-14T19:47:10Z
HAE,49.75,2025-10-14T19:59:47Z
HAFC,24.86,2025-10-14T19:50:27Z
HAFN,5.56,2025-10-14T19:59:58Z
HAIN,1.34,2025-10-14T19:59:55Z
HAL,22.43,2025-10-14T19:59:59Z
HALO,66.66,2025-10-14T19:59:52Z
HAP,57.04,2025-10-14T19:49:39Z
HAPI,40.03,2025-10-14T15:46:06Z
HAS,73.14,2025-10-14T19:59:46Z
HASI,29.875,2025-10-14T19:59:46Z
HAUZ,23.33,2025-10-14T19:59:42Z
HAYW,15.44,2025-10-14T19:59:54Z
HBAN,16.34,2025-10-14T19:59:56Z
HBANP,18.45,2025-10-14T17:01:41Z
HBCP,53.83,2025-10-14T17:17:06Z
HBDC,25.09,2025-10-14T19:34:14Z
HBI,6.935,2025-10-14T19:59:55Z
HBIO,0.4203,2025-10-14T19:08:54Z
HBM,17.03,2025-10-14T19:59:55Z
HBNB,3.43,2025-10-14T16:31:05Z
HBNC,15.945,2025-10-14T19:59:46Z
HBT,24.07,2025-10-14T15:41:04Z
HCA,418.36,2025-10-14T19:59:47Z
HCAI,0.629,2025-10-14T13:31:33Z
HCAT,2.9,2025-10-14T19:59:56Z
HCC,67.24,2025-10-14T19:59:44Z
HCHL,3.62,2025-10-14T19:24:28Z
HCI,197.4,2025-10-14T19:39:45Z
HCKT,19.055,2025-10-14T19:59:43Z
HCM,15.045,2025-10-14T19:58:37Z
HCMA,10.255,2025-10-14T18:01:57Z
HCMAW,0.83,2025-10-14T19:21:04Z
HCOW,23.57,2025-10-14T17:33:57Z
HCRB,35.795,2025-10-14T19:55:33Z
HCSG,16.14,2025-10-14T19:59:42Z
HCTI,2.85,2025-10-14T19:59:48Z
HCWB,4.53,2025-10-14T18:23:16Z
HCWC,0.7578,2025-10-14T19:40:55Z
HD,387.76,2025-10-14T19:59:55Z
HDB,35.1,2025-10-14T19:59:57Z
HDEF,29.52,2025-10-14T19:44:37Z
HDGE,16.61,2025-10-14T19:45:21Z
HDLB,15.89,2025-10-14T19:05:27Z
HDSN,8.91,2025-10-14T19:59:54Z
HDV,121.63,2025-10-14T19:59:56Z
HE,11.24,2025-10-14T19:59:56Z
HECA,28.48,2025-10-14T19:31:31Z
HEDG,28.795,2025-10-14T19:53:10Z
HEDJ,50.86,2025-10-14T19:44:02Z
HEFA,40.19,2025-10-14T19:59:30Z
HEGD,24.81,2025-10-14T14:30:54Z
HEI,312.93,2025-10-14T19:57:11Z
HEI.A,245.87,2025-10-14T19:56:51Z
HELE,20.74,2025-10-14T19:59:56Z
HELO,64.81,2025-10-14T19:57:39Z
HEPS,2.625,2025-10-14T19:56:56Z
HEQ,10.61,2025-10-14T18:38:41Z
HEQT,31.22,2025-10-14T19:39:05Z
HERO,32.385,2025-10-14T19:58:02Z
HERZ,2.435,2025-10-14T18:39:59Z
HESM,32.185,2025-10-14T19:59:50Z
HEZU,42.55,2025-10-14T19:40:59Z
HFFG,2.46,2025-10-14T19:54:35Z
HFGM,31.08,2025-10-14T13:36:13Z
HFND,23.53,2025-10-14T15:05:15Z
HFRO,6.5,2025-10-14T19:32:31Z
HFRO-B,16.73,2025-10-14T14:30:35Z
HFSI,35.7,2025-10-14T19:51:45Z
HFWA,23.8,2025-10-14T19:57:45Z
HFXI,31.24,2025-10-14T19:56:34Z
HG,24.63,2025-10-14T19:59:53Z
HGBL,1.535,2025-10-14T18:04:45Z
HGER,25.9,2025-10-14T19:59:59Z
HGLB,9.92,2025-10-14T19:55:06Z
HGRO,27.16,2025-10-14T14:57:13Z
HGTY,12.23,2025-10-14T19:59:44Z
HGV,43.04,2025-10-14T19:59:53Z
HHH,79.65,2025-10-14T19:58:09Z
HHS,3.445,2025-10-14T18:31:47Z
HI,26.48,2025-10-14T19:59:47Z
HIBL,60.62,2025-10-14T19:37:19Z
HIBS,6.195,2025-10-14T19:59:31Z
HIDE,23.13,2025-10-14T13:40:27Z
HIFS,275.58,2025-10-14T19:04:36Z
HIG,131.22,2025-10-14T19:59:49Z
HIGH,23.09,2025-10-14T18:03:58Z
HII,291.645,2025-10-14T19:59:34Z
HIMS,54.01,2025-10-14T19:59:56Z
HIMU,49.085,2025-10-14T19:59:50Z
HIMX,9.09,2025-10-14T19:59:54Z
HIMY,20.805,2025-10-14T14:02:01Z
HIMZ,19.8,2025-10-14T19:59:59Z
HIND,5.29,2025-10-14T19:41:36Z
HIO,3.81,2025-10-14T19:25:08Z
HIPO,35.53,2025-10-14T19:59:45Z
HIPS,11.6,2025-10-14T16:21:17Z
HISF,45.33,2025-10-14T19:52:19Z
HIT,3.46,2025-10-14T19:06:48Z
HITI,3.465,2025-10-14T19:59:55Z
HIVE,6.91,2025-10-14T19:59:58Z
HIW,29.91,2025-10-14T19:59:49Z
HIX,4.31,2025-10-14T19:50:40Z
HKD,1.7,2025-10-14T19:58:01Z
HKIT,1.865,2025-10-14T16:03:04Z
HL,13.295,2025-10-14T19:59:58Z
HLAL,59.1,2025-10-14T19:37:19Z
HLF,8.72,2025-10-14T19:59:54Z
HLI,193.88,2025-10-14T19:59:00Z
HLIO,49.74,2025-10-14T19:58:49Z
HLIT,10.18,2025-10-14T19:59:55Z
HLLY,2.995,2025-10-14T19:59:48Z
HLMN,9.58,2025-10-14T19:59:59Z
HLN,9.19,2025-10-14T19:59:59Z
HLNE,124.875,2025-10-14T19:59:58Z
HLP,1.48,2025-10-14T16:43:34Z
HLT,268.45,2025-10-14T19:59:49Z
HLX,6.32,2025-10-14T19:59:59Z
HMC,30.65,2025-10-14T19:59:55Z
HMN,45.59,2025-10-14T19:58:31Z
HMOP,39.13,2025-10-14T15:35:20Z
HMR,1.35,2025-10-14T18:43:22Z
HMY,19.535,2025-10-14T19:59:59Z
HNDL,22.175,2025-10-14T19:55:26Z
HNGE,50.49,2025-10-14T19:59:44Z
HNI,44.56,2025-10-14T19:59:29Z
HNNA,9.76,2025-10-14T14:39:47Z
HNRG,21.42,2025-10-14T19:59:52Z
HNST,3.795,2025-10-14T19:59:50Z
HNVR,21.95,2025-10-14T19:54:56Z
HODL,31.86,2025-10-14T19:59:49Z
HOFT,8.7,2025-10-14T19:56:53Z
HOG,26.99,2025-10-14T19:59:54Z
HOLO,5.04,2025-10-14T19:57:25Z
HOLX,65.89,2025-10-14T19:59:57Z
HOMB,28.34,2025-10-14T19:59:50Z
HON,208.59,2025-10-14T19:59:50Z
HOND,24.92,2025-10-14T19:59:45Z
HONDU,31.04,2025-10-14T19:01:46Z
HONDW,10.79,2025-10-14T19:54:52Z
HONE,14.14,2025-10-14T19:59:52Z
HOOD,134.96,2025-10-14T19:59:59Z
HOOG,100.62,2025-10-14T19:55:00Z
HOOI,23.36,2025-10-14T19:51:48Z
HOOW,72.71,2025-10-14T19:37:20Z
HOOX,153.89,2025-10-14T13:58:20Z
HOOY,73.195,2025-10-14T19:38:04Z
HOPE,11.065,2025-10-14T19:59:49Z
HOTH,1.52,2025-10-14T19:48:18Z
HOUR,2.59,2025-10-14T19:54:05Z
HOUS,9.64,2025-10-14T19:59:50Z
HOV,122.6,2025-10-14T15:19:35Z
HOVR,3.9,2025-10-14T19:59:59Z
HOVRW,0.66,2025-10-14T19:55:43Z
HOWL,1.66,2025-10-14T19:59:30Z
HOYY,23.35,2025-10-14T13:30:02Z
HP,22.72,2025-10-14T19:59:47Z
HPE,24.98,2025-10-14T19:59:58Z
HPF,16.59,2025-10-14T16:35:57Z
HPI,17.26,2025-10-14T16:47:54Z
HPK,7.07,2025-10-14T19:59:49Z
HPP,2.61,2025-10-14T19:59:57Z
HPQ,28.53,2025-10-14T19:59:58Z
HPS,15.3,2025-10-14T19:30:46Z
HQH,18.93,2025-10-14T18:11:08Z
HQI,8.63,2025-10-14T17:14:22Z
HQL,16.23,2025-10-14T19:59:29Z
HQY,94.07,2025-10-14T19:59:54Z
HR,18.44,2025-10-14T19:59:58Z
HRB,51.67,2025-10-14T19:59:55Z
HRI,128.13,2025-10-14T19:59:46Z
HRL,23.92,2025-10-14T19:59:54Z
HRMY,26.86,2025-10-14T19:59:49Z
HROW,39.375,2025-10-14T19:59:45Z
HRTG,27.81,2025-10-14T19:59:50Z
HRTS,31.97,2025-10-14T15:14:27Z
HRTX,1.315,2025-10-14T19:59:25Z
HRZN,6.06,2025-10-14T19:59:44Z
HSAI,23.64,2025-10-14T19:59:15Z
HSBC,66.83,2025-10-14T19:59:59Z
HSDT,14.175,2025-10-14T19:57:57Z
HSHP,7.995,2025-10-14T19:58:24Z
HSIC,63.37,2025-10-14T19:59:54Z
HSII,58.24,2025-10-14T19:59:27Z
HSMV,35.58,2025-10-14T13:59:44Z
HSPOW,0.045,2025-10-14T14:05:10Z
HST,16.38,2025-10-14T19:59:59Z
HSTM,25.85,2025-10-14T19:59:46Z
HSY,189.44,2025-10-14T19:59:54Z
HTAB,19.315,2025-10-14T19:55:07Z
HTB,40.26,2025-10-14T19:59:26Z
HTBK,10.03,2025-10-14T19:59:50Z
HTCO,6.325,2025-10-14T13:54:30Z
HTCR,0.8208,2025-10-14T19:58:05Z
HTD,24.72,2025-10-14T19:59:44Z
HTFL,34.7,2025-10-14T19:59:59Z
HTGC,17.42,2025-10-14T19:59:53Z
HTH,33.15,2025-10-14T19:59:54Z
HTHT,37.09,2025-10-14T19:59:50Z
HTLD,8.07,2025-10-14T19:59:52Z
HTO,47.85,2025-10-14T19:59:29Z
HTRB,34.585,2025-10-14T19:55:08Z
HTZ,5.51,2025-10-14T19:59:57Z
HTZWW,2.93,2025-10-14T13:43:09Z
HUBB,427.06,2025-10-14T19:59:46Z
HUBC,1.72,2025-10-14T19:58:50Z
HUBCW,0.0191,2025-10-14T19:28:34Z
HUBG,34.79,2025-10-14T19:59:57Z
HUBS,456.6,2025-10-14T19:59:54Z
HUDI,1.33,2025-10-14T19:50:08Z
HUM,261.59,2025-10-14T19:59:55Z
HUMA,1.79,2025-10-14T19:59:55Z
HUMN,29.44,2025-10-14T19:37:06Z
HUN,8.19,2025-10-14T19:59:58Z
HURA,2.52,2025-10-14T19:57:00Z
HURC,17.3,2025-10-14T16:14:43Z
HURN,148.65,2025-10-14T19:55:03Z
HUSA,5.8,2025-10-14T19:58:57Z
HUSV,39.55,2025-10-14T17:17:02Z
HUT,49.98,2025-10-14T19:59:53Z
HUYA,2.98,2025-10-14T19:59:49Z
HVII,10.32,2025-10-14T19:28:01Z
HVIIR,0.4,2025-10-14T19:59:05Z
HVMCU,10.15,2025-10-14T19:21:55Z
HVT,20.48,2025-10-14T19:58:49Z
HWC,62.56,2025-10-14T19:59:17Z
HWKN,175.07,2025-10-14T19:52:53Z
HWM,192.98,2025-10-14T19:59:56Z
HXHX,1.2,2025-10-14T19:37:42Z
HXL,62.47,2025-10-14T19:59:56Z
HYAC+,1.24,2025-10-14T19:45:14Z
HYBL,28.325,2025-10-14T19:58:45Z
HYD,50.775,2025-10-14T19:59:58Z
HYDB,47.275,2025-10-14T19:55:04Z
HYDR,45.135,2025-10-14T19:53:47Z
HYEM,19.78,2025-10-14T19:59:26Z
HYFI,37.58,2025-10-14T19:39:34Z
HYFM,2.99,2025-10-14T14:16:58Z
HYFT,1.805,2025-10-14T19:59:31Z
HYG,80.53,2025-10-14T19:59:58Z
HYGH,85.685,2025-10-14T17:30:26Z
HYGV,40.755,2025-10-14T19:52:05Z
HYGW,30.11,2025-10-14T19:55:05Z
HYHG,64.29,2025-10-14T17:52:22Z
HYI,11.48,2025-10-14T18:48:49Z
HYIN,16.585,2025-10-14T19:54:03Z
HYLB,36.785,2025-10-14T19:40:00Z
HYLN,2.405,2025-10-14T19:59:18Z
HYLS,41.9,2025-10-14T19:57:23Z
HYMB,25.035,2025-10-14T19:59:46Z
HYMC,7.895,2025-10-14T19:59:52Z
HYP,24.64,2025-10-14T13:39:00Z
HYPD,8.09,2025-10-14T19:59:04Z
HYPR,2.045,2025-10-14T19:59:53Z
HYRM,23.41,2025-10-14T15:10:31Z
HYS,94.845,2025-10-14T19:55:03Z
HYT,9.425,2025-10-14T19:51:12Z
HYTI,19.85,2025-10-14T19:56:32Z
HYTR,21.86,2025-10-14T19:59:48Z
HYXF,47.2,2025-10-14T19:55:04Z
HYZD,22.365,2025-10-14T19:58:17Z
HZO,27.11,2025-10-14T19:59:46Z
IAC,33.29,2025-10-14T19:59:51Z
IAE,7.22,2025-10-14T19:59:52Z
IAF,4.405,2025-10-14T18:50:01Z
IAG,13.61,2025-10-14T19:59:54Z
IAGG,51.59,2025-10-14T19:59:42Z
IAI,172.55,2025-10-14T19:58:00Z
IAK,133.59,2025-10-14T19:37:36Z
IAPR,30.02,2025-10-14T18:17:45Z
IART,14.405,2025-10-14T19:59:58Z
IAS,10.19,2025-10-14T19:59:58Z
IAT,51.22,2025-10-14T19:59:07Z
IAU,78.04,2025-10-14T19:59:54Z
IAUG,27.865,2025-10-14T19:55:05Z
IAUI,54.55,2025-10-14T19:59:45Z
IAUM,41.29,2025-10-14T19:59:37Z
IAUX,1.03,2025-10-14T19:59:53Z
IAUX+,0.395,2025-10-14T13:50:43Z
IBAC,10.44,2025-10-14T14:18:34Z
IBAT,29.71,2025-10-14T16:30:41Z
IBB,151.37,2025-10-14T19:59:54Z
IBBQ,25.42,2025-10-14T17:36:33Z
IBCA,26.15,2025-10-14T17:02:00Z
IBCP,31.69,2025-10-14T19:59:39Z
IBD,24.32,2025-10-14T19:25:09Z
IBDQ,25.13,2025-10-14T19:59:53Z
IBDR,24.255,2025-10-14T19:55:36Z
IBDS,24.335,2025-10-14T19:56:47Z
IBDT,25.535,2025-10-14T19:42:05Z
IBDU,23.5,2025-10-14T19:59:19Z
IBDV,22.19,2025-10-14T19:45:42Z
IBDW,21.275,2025-10-14T19:53:07Z
IBDX,25.695,2025-10-14T19:55:10Z
IBDY,26.325,2025-10-14T19:54:43Z
IBDZ,26.58,2025-10-14T18:52:04Z
IBEX,36.8,2025-10-14T19:59:37Z
IBG,3.42,2025-10-14T19:56:22Z
IBHE,23.175,2025-10-14T16:03:01Z
IBHF,23.32,2025-10-14T19:59:54Z
IBHG,22.415,2025-10-14T19:59:46Z
IBHH,23.66,2025-10-14T15:13:26Z
IBHI,23.65,2025-10-14T19:09:15Z
IBHJ,26.49,2025-10-14T16:19:41Z
IBHL,25.555,2025-10-14T15:28:34Z
IBIC,25.715,2025-10-14T19:58:51Z
IBII,26.17,2025-10-14T14:17:51Z
IBIL,25.86,2025-10-14T19:37:15Z
IBIO,0.8037,2025-10-14T19:59:46Z
IBIT,63.935,2025-10-14T19:59:59Z
IBKR,69.335,2025-10-14T19:59:58Z
IBM,276.21,2025-10-14T19:59:55Z
IBMO,25.57,2025-10-14T19:51:21Z
IBMP,25.4,2025-10-14T19:52:26Z
IBMQ,25.575,2025-10-14T17:25:52Z
IBMS,26.04,2025-10-14T14:36:57Z
IBN,31.33,2025-10-14T19:59:58Z
IBND,31.965,2025-10-14T19:55:04Z
IBOC,68.58,2025-10-14T19:59:43Z
IBOT,50.525,2025-10-14T19:14:55Z
IBP,256.565,2025-10-14T19:59:46Z
IBRX,2.505,2025-10-14T19:59:42Z
IBTA,31.115,2025-10-14T19:59:51Z
IBTF,23.315,2025-10-14T19:55:04Z
IBTG,22.915,2025-10-14T13:47:41Z
IBTH,22.515,2025-10-14T18:35:40Z
IBTJ,22.02,2025-10-14T18:28:47Z
IBTK,19.955,2025-10-14T19:21:07Z
IBTL,20.685,2025-10-14T19:59:25Z
IBTM,23.25,2025-10-14T16:24:09Z
IBTO,24.78,2025-10-14T14:37:51Z
IBTP,26.095,2025-10-14T19:59:45Z
IBUF,28.49,2025-10-14T19:55:05Z
ICCM,0.847,2025-10-14T19:57:45Z
ICE,158.25,2025-10-14T19:59:59Z
ICF,60.63,2025-10-14T19:46:17Z
ICFI,86.65,2025-10-14T19:59:17Z
ICG,1.635,2025-10-14T19:58:30Z
ICHR,20.43,2025-10-14T19:59:57Z
ICL,6.59,2025-10-14T19:59:48Z
ICLN,16.45,2025-10-14T19:59:59Z
ICLO,25.66,2025-10-14T19:29:21Z
ICLR,186.1,2025-10-14T19:59:49Z
ICMB,3.01,2025-10-14T19:58:40Z
ICOI,33.72,2025-10-14T15:44:36Z
ICON,1.92,2025-10-14T16:55:01Z
ICOP,38.82,2025-10-14T19:55:37Z
ICOW,36.26,2025-10-14T15:42:16Z
ICSH,50.665,2025-10-14T19:56:40Z
ICU,0.5632,2025-10-14T19:59:21Z
ICUI,117.33,2025-10-14T19:59:19Z
ICVT,102.83,2025-10-14T19:59:53Z
IDA,135.19,2025-10-14T19:59:46Z
IDAI,3.875,2025-10-14T19:54:41Z
IDCC,358.205,2025-10-14T19:59:01Z
IDE,12.01,2025-10-14T19:32:19Z
IDEV,80.15,2025-10-14T19:59:51Z
IDGT,85.51,2025-10-14T13:30:00Z
IDMO,53.47,2025-10-14T19:55:07Z
IDN,4.81,2025-10-14T19:58:41Z
IDNA,24.24,2025-10-14T19:59:11Z
IDOG,35.42,2025-10-14T14:57:08Z
IDR,52.795,2025-10-14T19:58:11Z
IDRV,36.18,2025-10-14T14:24:27Z
IDT,47.13,2025-10-14T19:58:39Z
IDU,115.75,2025-10-14T19:31:00Z
IDV,36.425,2025-10-14T19:59:55Z
IDVO,36.96,2025-10-14T19:36:02Z
IDXX,636.405,2025-10-14T19:59:45Z
IDYA,27.07,2025-10-14T19:59:41Z
IE,16.65,2025-10-14T19:59:59Z
IEF,97.205,2025-10-14T19:59:58Z
IEFA,87.2,2025-10-14T19:59:59Z
IEI,120.06,2025-10-14T19:59:50Z
IEMG,65.485,2025-10-14T19:59:52Z
IEO,88.2,2025-10-14T19:59:40Z
IEP,8.19,2025-10-14T19:59:55Z
IESC,395.05,2025-10-14T19:57:19Z
IETC,102.14,2025-10-14T19:37:05Z
IEUR,68.35,2025-10-14T19:59:59Z
IEUS,67.3,2025-10-14T17:51:59Z
IEV,65.73,2025-10-14T19:55:20Z
IEX,163.62,2025-10-14T19:58:51Z
IEZ,18.23,2025-10-14T19:42:13Z
IFEB,29.36,2025-10-14T18:20:39Z
IFF,61.66,2025-10-14T19:59:32Z
IFN,14.6,2025-10-14T19:50:52Z
IFRA,53.33,2025-10-14T19:59:47Z
IFRX,1.28,2025-10-14T19:25:55Z
IFS,40.23,2025-10-14T19:59:46Z
IG,21.16,2025-10-14T19:24:13Z
IGA,9.78,2025-10-14T19:59:37Z
IGBH,24.405,2025-10-14T15:32:00Z
IGC,0.4157,2025-10-14T19:52:26Z
IGD,5.83,2025-10-14T19:59:18Z
IGE,48.275,2025-10-14T19:58:55Z
IGEB,46.145,2025-10-14T19:53:59Z
IGF,61.8,2025-10-14T19:57:59Z
IGHG,78.51,2025-10-14T16:14:46Z
IGIB,54.24,2025-10-14T19:57:48Z
IGIC,23.1,2025-10-14T19:32:17Z
IGLB,51.96,2025-10-14T19:59:57Z
IGLD,25.02,2025-10-14T14:40:12Z
IGM,126.33,2025-10-14T19:55:00Z
IGOV,42.37,2025-10-14T19:59:45Z
IGPT,55.895,2025-10-14T18:42:03Z
IGR,4.97,2025-10-14T19:59:54Z
IGRO,79.27,2025-10-14T15:20:11Z
IGSB,53.04,2025-10-14T19:59:48Z
IGV,113.57,2025-10-14T19:59:57Z
IHAK,51.36,2025-10-14T19:57:34Z
IHD,6.125,2025-10-14T19:50:24Z
IHDG,46.41,2025-10-14T19:55:53Z
IHE,73.58,2025-10-14T17:35:09Z
IHF,50.235,2025-10-14T19:51:52Z
IHG,122.32,2025-10-14T19:54:05Z
IHI,59.46,2025-10-14T19:59:52Z
IHRT,2.755,2025-10-14T19:59:32Z
IHS,6.61,2025-10-14T19:59:44Z
IHT,1.52,2025-10-14T14:31:05Z
IHY,21.815,2025-10-14T15:57:50Z
IIF,26.59,2025-10-14T18:33:24Z
III,5.47,2025-10-14T19:59:49Z
IIIN,37.05,2025-10-14T19:59:50Z
IIIV,31.62,2025-10-14T19:38:04Z
IIM,12.68,2025-10-14T19:58:20Z
IINN,1.18,2025-10-14T19:55:25Z
IIPR,53.545,2025-10-14T19:55:31Z
IIPR-A,24.83,2025-10-14T15:46:32Z
IJAN,35.15,2025-10-14T19:39:05Z
IJH,65.1,2025-10-14T19:59:51Z
IJJ,129.44,2025-10-14T19:59:48Z
IJK,95.84,2025-10-14T19:37:16Z
IJR,118.31,2025-10-14T19:59:58Z
IJS,110.04,2025-10-14T19:59:50Z
IJT,139.69,2025-10-14T15:05:30Z
IJUN,28.39,2025-10-14T17:25:37Z
IKT,1.61,2025-10-14T19:11:21Z
ILCG,103.95,2025-10-14T19:37:05Z
ILCV,89.18,2025-10-14T15:34:47Z
ILDR,33.27,2025-10-14T19:55:08Z
ILF,27.65,2025-10-14T19:59:59Z
ILIT,14.46,2025-10-14T17:57:07Z
ILLR,0.83,2025-10-14T19:42:28Z
ILMN,91.1,2025-10-14T19:59:52Z
ILOW,42.35,2025-10-14T19:57:21Z
ILPT,5.32,2025-10-14T19:59:53Z
ILS,20.27,2025-10-14T18:27:31Z
ILTB,50.97,2025-10-14T17:57:53Z
IMAB,6.08,2025-10-14T19:59:58Z
IMAR,28.95,2025-10-14T17:58:14Z
IMAX,31.29,2025-10-14T19:59:49Z
IMCB,82.455,2025-10-14T19:37:42Z
IMCC,1.91,2025-10-14T17:08:13Z
IMCG,82.62,2025-10-14T19:37:05Z
IMCR,31.75,2025-10-14T19:59:46Z
IMCV,78.99,2025-10-14T14:50:27Z
IMG,0.2554,2025-10-14T19:57:25Z
IMKTA,74,2025-10-14T19:34:38Z
IMMP,2.07,2025-10-14T19:58:16Z
IMMR,7.19,2025-10-14T19:59:38Z
IMMX,2.43,2025-10-14T19:16:48Z
IMNM,14.08,2025-10-14T19:59:41Z
IMNN,5.11,2025-10-14T19:58:48Z
IMO,87.84,2025-10-14T19:58:40Z
IMOS,19.26,2025-10-14T15:15:04Z
IMPP,4.52,2025-10-14T19:59:38Z
IMRA,40.88,2025-10-14T17:29:47Z
IMRN,1.99,2025-10-14T14:41:48Z
IMRX,5.965,2025-10-14T19:59:53Z
IMST,31.65,2025-10-14T18:49:18Z
IMTM,47.44,2025-10-14T19:54:10Z
IMTX,10.16,2025-10-14T19:59:53Z
IMUX,0.847,2025-10-14T19:58:55Z
IMVT,17.51,2025-10-14T19:59:57Z
IMXI,14.98,2025-10-14T19:59:21Z
INAB,2.15,2025-10-14T19:40:57Z
INBK,22.615,2025-10-14T19:38:12Z
INBS,1.07,2025-10-14T19:56:00Z
INBX,34.7,2025-10-14T19:58:13Z
INCM,27.82,2025-10-14T19:55:12Z
INCO,64.65,2025-10-14T18:37:10Z
INCY,85.98,2025-10-14T19:59:52Z
INDA,52.77,2025-10-14T19:59:59Z
INDB,69.795,2025-10-14T19:58:59Z
INDI,5.54,2025-10-14T19:59:57Z
INDL,54.94,2025-10-14T13:52:35Z
INDO,2.8,2025-10-14T19:59:08Z
INDP,4.12,2025-10-14T19:58:40Z
INDV,24.53,2025-10-14T19:59:57Z
INDY,51.62,2025-10-14T19:59:50Z
INEO,0.9104,2025-10-14T19:54:43Z
INFA,24.89,2025-10-14T19:59:56Z
INFL,44.35,2025-10-14T19:30:53Z
INFU,9.16,2025-10-14T19:59:27Z
INFY,16.47,2025-10-14T19:59:59Z
ING,24.56,2025-10-14T19:59:59Z
INGM,21.61,2025-10-14T19:55:32Z
INGN,8.365,2025-10-14T19:59:00Z
INGR,120.89,2025-10-14T19:59:54Z
INHD,1.27,2025-10-14T19:59:42Z
INKM,33.1,2025-10-14T19:37:13Z
INM,2.2,2025-10-14T19:52:16Z
INMB,1.87,2025-10-14T19:59:30Z
INMD,15.445,2025-10-14T19:59:34Z
INMU,24,2025-10-14T16:56:10Z
INN,5.395,2025-10-14T19:59:57Z
INNV,5.81,2025-10-14T19:27:40Z
INO,2.425,2025-10-14T19:59:17Z
INOD,75.78,2025-10-14T19:59:57Z
INQQ,15.94,2025-10-14T17:07:48Z
INR,12.44,2025-10-14T19:58:24Z
INSE,8.075,2025-10-14T19:59:24Z
INSG,15.14,2025-10-14T19:46:17Z
INSM,161.45,2025-10-14T19:59:56Z
INSP,78.83,2025-10-14T19:59:51Z
INSW,43.38,2025-10-14T19:59:47Z
INTA,37.55,2025-10-14T19:59:56Z
INTC,35.64,2025-10-14T19:59:59Z
INTF,35.85,2025-10-14T19:55:17Z
INTG,24.5,2025-10-14T13:54:48Z
INTJ,0.51,2025-10-14T18:15:39Z
INTR,8.67,2025-10-14T19:59:59Z
INTS,0.2835,2025-10-14T19:58:53Z
INTT,8.405,2025-10-14T18:50:55Z
INTU,657.09,2025-10-14T19:57:48Z
INTW,43.2,2025-10-14T19:56:04Z
INTZ,1.87,2025-10-14T19:39:06Z
INUV,3.34,2025-10-14T19:59:42Z
INV,3.19,2025-10-14T19:59:42Z
INVA,16.69,2025-10-14T19:59:49Z
INVH,28.5,2025-10-14T19:59:58Z
INVX,17.755,2025-10-14T19:59:08Z
INVZ,2.38,2025-10-14T19:59:59Z
INVZW,0.0802,2025-10-14T14:01:18Z
IOBT,0.6404,2025-10-14T19:59:54Z
IOCT,34.11,2025-10-14T19:44:30Z
ION,40.74,2025-10-14T17:14:54Z
IONL,129.18,2025-10-14T19:43:21Z
IONQ,77.53,2025-10-14T19:59:59Z
IONR,7.56,2025-10-14T19:59:58Z
IONS,71.36,2025-10-14T19:59:55Z
IONX,177.19,2025-10-14T19:47:29Z
IONZ,2.57,2025-10-14T19:59:56Z
IOO,119.35,2025-10-14T19:38:24Z
IOSP,74.505,2025-10-14T19:58:55Z
IOT,38.05,2025-10-14T19:59:57Z
IOTR,0.3401,2025-10-14T13:52:23Z
IOVA,2.12,2025-10-14T19:59:56Z
IP,46.67,2025-10-14T19:59:56Z
IPAC,72.98,2025-10-14T18:43:21Z
IPAR,93.94,2025-10-14T19:59:51Z
IPAY,57.05,2025-10-14T19:52:04Z
IPCXR,0.44,2025-10-14T14:35:05Z
IPDN,4.21,2025-10-14T19:52:26Z
IPG,26.78,2025-10-14T19:59:58Z
IPGP,83.255,2025-10-14T19:58:23Z
IPHA,2.02,2025-10-14T19:11:40Z
IPI,28.015,2025-10-14T19:57:08Z
IPKW,51.83,2025-10-14T19:29:38Z
IPM,2.05,2025-10-14T17:51:34Z
IPO,49.79,2025-10-14T19:32:40Z
IPODW,0.3478,2025-10-14T15:13:25Z
IPSC,0.5597,2025-10-14T19:52:05Z
IPST,0.6705,2025-10-14T19:59:44Z
IPW,0.567,2025-10-14T19:59:25Z
IPWR,5.05,2025-10-14T19:36:41Z
IPX,56.97,2025-10-14T19:58:21Z
IQ,2.21,2025-10-14T19:59:50Z
IQDF,28.45,2025-10-14T19:14:16Z
IQDG,39.59,2025-10-14T19:58:42Z
IQI,10.01,2025-10-14T19:57:44Z
IQLT,44.42,2025-10-14T19:59:54Z
IQQQ,44.02,2025-10-14T19:37:05Z
IQST,6.15,2025-10-14T19:30:03Z
IQV,204.72,2025-10-14T19:59:46Z
IR,77.23,2025-10-14T19:59:57Z
IRBT,3.93,2025-10-14T19:59:55Z
IRD,2,2025-10-14T19:55:15Z
IRDM,19.04,2025-10-14T19:59:52Z
IREN,69.52,2025-10-14T19:59:51Z
IRM,103.31,2025-10-14T19:59:49Z
IRMD,72.505,2025-10-14T15:36:38Z
IRON,73.06,2025-10-14T19:59:51Z
IRS,11.815,2025-10-14T19:59:11Z
IRT,16.23,2025-10-14T19:59:46Z
IRTC,176.365,2025-10-14T19:59:50Z
IRVH,20.99,2025-10-14T14:35:36Z
IRWD,1.485,2025-10-14T19:59:38Z
ISCF,40.64,2025-10-14T16:37:29Z
ISCG,55.56,2025-10-14T17:52:52Z
ISCV,66.19,2025-10-14T16:26:39Z
ISD,14.28,2025-10-14T19:59:38Z
ISEP,31.64,2025-10-14T14:24:41Z
ISHG,75.36,2025-10-14T19:56:25Z
ISMD,38.06,2025-10-14T16:02:53Z
ISOU,10.81,2025-10-14T19:59:17Z
ISPC,0.8029,2025-10-14T19:59:45Z
ISPR,2.35,2025-10-14T19:36:04Z
ISPY,44.94,2025-10-14T19:30:25Z
ISRG,436.53,2025-10-14T19:59:59Z
ISSC,11.92,2025-10-14T19:57:41Z
ISTB,48.885,2025-10-14T19:59:24Z
ISUL,23.79,2025-10-14T17:53:05Z
ISVL,44.32,2025-10-14T13:34:49Z
IT,246.87,2025-10-14T19:59:50Z
ITA,210.71,2025-10-14T19:59:21Z
ITB,103.47,2025-10-14T19:59:59Z
ITDE,35.7,2025-10-14T15:08:58Z
ITDJ,28.565,2025-10-14T15:19:35Z
ITGR,104.04,2025-10-14T19:58:42Z
ITIC,262.3,2025-10-14T19:37:42Z
ITM,46.815,2025-10-14T19:16:05Z
ITOT,145.1,2025-10-14T19:59:58Z
ITP,0.343,2025-10-14T19:58:52Z
ITRG,3.12,2025-10-14T19:59:59Z
ITRI,130.36,2025-10-14T19:59:51Z
ITRM,0.7349,2025-10-14T19:18:35Z
ITRN,36.995,2025-10-14T19:56:04Z
ITT,172.23,2025-10-14T19:59:50Z
ITUB,6.86,2025-10-14T19:59:50Z
ITW,248.285,2025-10-14T19:59:30Z
IUS,55.05,2025-10-14T19:37:05Z
IUSB,46.895,2025-10-14T19:57:36Z
IUSG,163.37,2025-10-14T19:58:04Z
IUSV,99.58,2025-10-14T19:59:46Z
IVA,4.93,2025-10-14T19:50:28Z
IVAL,29.92,2025-10-14T14:11:02Z
IVDA,1.375,2025-10-14T19:59:54Z
IVE,205.625,2025-10-14T19:59:12Z
IVES,33.08,2025-10-14T19:59:03Z
IVF,0.749,2025-10-14T17:38:29Z
IVLU,35.27,2025-10-14T19:57:38Z
IVOL,19.49,2025-10-14T19:58:03Z
IVOO,110.115,2025-10-14T19:59:45Z
IVP,0.98,2025-10-14T16:34:23Z
IVR,7.245,2025-10-14T19:59:59Z
IVRS,41.48,2025-10-14T16:58:30Z
IVT,27.46,2025-10-14T19:59:46Z
IVV,665.27,2025-10-14T19:59:58Z
IVVB,32.68,2025-10-14T18:37:56Z
IVVD,1.625,2025-10-14T19:59:57Z
IVW,119.81,2025-10-14T19:59:57Z
IVZ,23.42,2025-10-14T19:59:59Z
IWB,363.83,2025-10-14T19:58:25Z
IWC,157.19,2025-10-14T17:12:02Z
IWD,203.15,2025-10-14T19:59:45Z
IWF,465.04,2025-10-14T19:59:55Z
IWL,165.27,2025-10-14T19:59:50Z
IWM,247.86,2025-10-14T19:59:59Z
IWMI,49.435,2025-10-14T19:51:45Z
IWMW,40.16,2025-10-14T13:30:02Z
IWMY,22.47,2025-10-14T19:55:53Z
IWN,179.53,2025-10-14T19:59:57Z
IWO,330.53,2025-10-14T19:59:28Z
IWP,142.66,2025-10-14T19:59:46Z
IWR,96,2025-10-14T19:59:50Z
IWS,138.64,2025-10-14T19:54:40Z
IWV,376.43,2025-10-14T19:44:34Z
IWX,88.105,2025-10-14T19:37:08Z
IWY,271.22,2025-10-14T19:58:00Z
IX,24.72,2025-10-14T19:59:49Z
IXC,40.64,2025-10-14T19:59:21Z
IXG,114.36,2025-10-14T15:15:56Z
IXHL,0.3791,2025-10-14T19:59:23Z
IXJ,90.935,2025-10-14T19:59:46Z
IXN,103.6,2025-10-14T19:37:16Z
IXP,120.805,2025-10-14T19:52:05Z
IXUS,82.44,2025-10-14T19:58:00Z
IYC,103.26,2025-10-14T19:59:45Z
IYE,45.96,2025-10-14T19:59:46Z
IYF,124.53,2025-10-14T19:59:21Z
IYG,88.2,2025-10-14T19:44:23Z
IYH,59.975,2025-10-14T19:59:45Z
IYJ,145.86,2025-10-14T19:52:37Z
IYK,68.57,2025-10-14T19:21:30Z
IYLD,20.97,2025-10-14T14:09:03Z
IYM,147.17,2025-10-14T13:47:54Z
IYR,95.23,2025-10-14T19:59:56Z
IYRI,49.385,2025-10-14T13:52:03Z
IYT,71.08,2025-10-14T19:59:51Z
IYW,194.73,2025-10-14T19:59:35Z
IYY,161.1,2025-10-14T15:30:56Z
IYZ,33.005,2025-10-14T19:57:52Z
IZEA,5.12,2025-10-14T19:59:36Z
IZM,2.345,2025-10-14T16:15:28Z
IZRL,29.57,2025-10-14T19:59:23Z
J,157.815,2025-10-14T19:59:42Z
JAAA,50.59,2025-10-14T19:59:52Z
JACK,19.63,2025-10-14T19:59:55Z
JAGX,2.15,2025-10-14T17:50:08Z
JAKK,18.95,2025-10-14T19:38:58Z
JAMF,9.695,2025-10-14T19:59:59Z
JANU,27.47,2025-10-14T16:12:07Z
JANX,25.76,2025-10-14T19:59:49Z
JAPN,27.7,2025-10-14T19:29:37Z
JAVA,68.37,2025-10-14T19:44:26Z
JAZZ,133.75,2025-10-14T19:59:41Z
JBBB,47.885,2025-10-14T19:51:45Z
JBDI,1.86,2025-10-14T18:10:27Z
JBGS,20.72,2025-10-14T19:59:57Z
JBHT,139.37,2025-10-14T19:59:44Z
JBI,9.86,2025-10-14T19:59:56Z
JBIO,9.12,2025-10-14T19:59:46Z
JBL,200.65,2025-10-14T19:59:50Z
JBLU,4.9,2025-10-14T19:59:58Z
JBND,54.445,2025-10-14T19:51:27Z
JBS,12.755,2025-10-14T19:59:55Z
JBSS,61.395,2025-10-14T19:30:04Z
JBTM,140.735,2025-10-14T19:59:42Z
JCAP,18,2025-10-14T19:59:49Z
JCE,15.56,2025-10-14T19:59:13Z
JCHI,57.46,2025-10-14T17:22:21Z
JCI,107.85,2025-10-14T19:59:58Z
JCPB,47.73,2025-10-14T19:46:10Z
JCPI,48.89,2025-10-14T19:45:02Z
JD,32.71,2025-10-14T19:59:59Z
JDST,3.845,2025-10-14T19:59:43Z
JDVI,33.675,2025-10-14T14:45:25Z
JDZG,3.11,2025-10-14T19:59:54Z
JEDI,27.08,2025-10-14T18:29:00Z
JEF,53.865,2025-10-14T19:59:48Z
JELD,4.48,2025-10-14T19:59:37Z
JEM,0.32,2025-10-14T19:36:02Z
JEMB,53.01,2025-10-14T19:08:11Z
JENA^,0.25,2025-10-14T18:58:07Z
JEPI,56.9,2025-10-14T19:59:55Z
JEPQ,57.05,2025-10-14T19:59:53Z
JETD,7.37,2025-10-14T15:16:28Z
JETS,25.37,2025-10-14T19:59:58Z
JFBR,3.92,2025-10-14T19:20:54Z
JFIN,10.31,2025-10-14T19:55:13Z
JFLX,50.29,2025-10-14T18:32:47Z
JFR,7.985,2025-10-14T19:59:58Z
JFU,4.69,2025-10-14T18:19:14Z
JGH,13.15,2025-10-14T19:58:54Z
JGLO,67.31,2025-10-14T19:59:55Z
JGRO,92.93,2025-10-14T19:59:46Z
JGRW,26.68,2025-10-14T13:36:55Z
JHCB,21.865,2025-10-14T19:25:53Z
JHEM,31.56,2025-10-14T18:52:29Z
JHG,43.825,2025-10-14T19:59:38Z
JHI,13.76,2025-10-14T19:58:26Z
JHMD,39.97,2025-10-14T18:54:20Z
JHML,78.12,2025-10-14T19:37:05Z
JHMM,64.37,2025-10-14T19:59:50Z
JHPI,23.165,2025-10-14T19:58:57Z
JHX,22.42,2025-10-14T19:59:57Z
JIG,75.3,2025-10-14T18:16:55Z
JILL,15.99,2025-10-14T19:59:48Z
JIRE,73.7,2025-10-14T19:55:09Z
JIVE,74.98,2025-10-14T19:55:50Z
JJSF,94.31,2025-10-14T19:51:54Z
JKHY,154.13,2025-10-14T19:59:52Z
JKS,23.57,2025-10-14T19:59:32Z
JL,5.78,2025-10-14T14:49:21Z
JLL,295.08,2025-10-14T19:59:45Z
JLS,18.9,2025-10-14T17:29:22Z
JMBS,45.85,2025-10-14T19:59:53Z
JMEE,63.23,2025-10-14T19:55:08Z
JMIA,12.44,2025-10-14T19:59:52Z
JMID,30.06,2025-10-14T16:59:25Z
JMSB,19.24,2025-10-14T15:29:45Z
JMSI,50.26,2025-10-14T18:51:03Z
JMST,50.94,2025-10-14T19:59:57Z
JMTG,51.23,2025-10-14T19:59:45Z
JMUB,50.54,2025-10-14T19:59:45Z
JNJ,190.86,2025-10-14T19:59:55Z
JNK,96.99,2025-10-14T19:59:59Z
JNUG,176.63,2025-10-14T19:39:45Z
JOBX,41.48,2025-10-14T19:30:23Z
JOBY,18.11,2025-10-14T19:59:59Z
JOBY+,7.4,2025-10-14T19:40:00Z
JOE,48.595,2025-10-14T19:57:35Z
JOF,10.18,2025-10-14T18:36:43Z
JOUT,41.91,2025-10-14T19:35:17Z
JOYY,56.195,2025-10-14T19:59:49Z
JPC,8.15,2025-10-14T19:57:19Z
JPEF,73.79,2025-10-14T19:59:46Z
JPEM,58.63,2025-10-14T19:52:47Z
JPIB,48.89,2025-10-14T19:37:04Z
JPIE,46.3,2025-10-14T19:55:17Z
JPIN,65.8,2025-10-14T19:59:52Z
JPLD,52.51,2025-10-14T19:59:59Z
JPM,302.15,2025-10-14T19:59:58Z
JPM-C,25.65,2025-10-14T19:58:46Z
JPM-D,25.035,2025-10-14T17:31:57Z
JPM-K,19.99,2025-10-14T19:50:21Z
JPM-L,20.25,2025-10-14T17:55:47Z
JPM-M,18.88,2025-10-14T19:59:34Z
JPME,107.65,2025-10-14T19:37:00Z
JPMO,16.61,2025-10-14T17:26:11Z
JPSE,50.33,2025-10-14T18:37:29Z
JPST,50.68,2025-10-14T19:59:55Z
JPX,20.36,2025-10-14T19:54:59Z
JQC,5.14,2025-10-14T19:53:10Z
JQUA,62.42,2025-10-14T19:58:49Z
JRI,14.07,2025-10-14T19:52:30Z
JRS,8.01,2025-10-14T19:26:51Z
JRSH,3.24,2025-10-14T19:09:39Z
JRVR,5.475,2025-10-14T19:59:14Z
JSCP,47.61,2025-10-14T19:50:00Z
JSI,52.25,2025-10-14T19:52:41Z
JSM,20.04,2025-10-14T15:18:10Z
JSMD,82.775,2025-10-14T19:59:46Z
JSPR,2.5,2025-10-14T19:59:50Z
JTAI,3.16,2025-10-14T19:43:20Z
JTEK,91.48,2025-10-14T19:59:56Z
JUCY,22.23,2025-10-14T19:57:00Z
JULT,43.44,2025-10-14T14:18:51Z
JULW,38.31,2025-10-14T19:58:01Z
JUNS,1.5,2025-10-14T19:59:44Z
JVA,4.35,2025-10-14T13:40:30Z
JVAL,47.57,2025-10-14T18:44:55Z
JXG,0.871,2025-10-14T14:25:15Z
JXI,80.86,2025-10-14T19:25:33Z
JXN,99.425,2025-10-14T19:59:41Z
JYD,6.395,2025-10-14T19:39:55Z
JYNT,8.24,2025-10-14T19:59:26Z
JZ,1.6,2025-10-14T14:35:19Z
JZXN,0.37,2025-10-14T19:08:32Z
K,82.94,2025-10-14T19:59:58Z
KAI,292.9,2025-10-14T19:57:12Z
KALA,1.51,2025-10-14T19:59:29Z
KALU,80.045,2025-10-14T18:50:52Z
KALV,11.54,2025-10-14T19:59:58Z
KAPA,1.3,2025-10-14T19:59:46Z
KAPR,34.44,2025-10-14T18:55:00Z
KAR,26.34,2025-10-14T19:59:54Z
KARO,56.36,2025-10-14T19:59:45Z
KAT,56.06,2025-10-14T19:51:51Z
KAUG,26.26,2025-10-14T18:45:17Z
KAVL,0.624,2025-10-14T19:45:26Z
KB,78.62,2025-10-14T19:46:46Z
KBA,28.94,2025-10-14T19:51:40Z
KBAB,29.83,2025-10-14T16:00:09Z
KBDC,13.96,2025-10-14T19:59:40Z
KBE,59.34,2025-10-14T19:59:55Z
KBH,61.29,2025-10-14T19:59:52Z
KBR,44.855,2025-10-14T19:59:31Z
KBWB,76.38,2025-10-14T19:59:54Z
KBWD,13.57,2025-10-14T19:44:07Z
KBWY,15.355,2025-10-14T19:59:55Z
KC,12.89,2025-10-14T19:59:56Z
KCCA,17.94,2025-10-14T15:33:03Z
KCE,151.9,2025-10-14T19:13:47Z
KCHVR,0.3402,2025-10-14T15:36:45Z
KD,27.98,2025-10-14T19:59:54Z
KDEF,45.02,2025-10-14T15:50:49Z
KDK,8.985,2025-10-14T19:59:13Z
KDKRW,1.59,2025-10-14T19:56:52Z
KDP,26.7,2025-10-14T19:59:59Z
KE,28.51,2025-10-14T19:59:17Z
KELYA,12.35,2025-10-14T19:59:50Z
KEP,13.565,2025-10-14T19:59:23Z
KEX,82.18,2025-10-14T19:59:44Z
KEY,18.02,2025-10-14T19:59:58Z
KEY-J,22.01,2025-10-14T19:54:41Z
KEY-K,22.16,2025-10-14T16:22:51Z
KEY-L,25.09,2025-10-14T19:37:43Z
KEYS,164.85,2025-10-14T19:59:55Z
KFIIR,0.1875,2025-10-14T15:45:58Z
KFRC,28.24,2025-10-14T19:58:19Z
KFS,15.7,2025-10-14T19:47:46Z
KFY,69.84,2025-10-14T19:59:49Z
KGC,25.45,2025-10-14T19:59:59Z
KGEI,5.15,2025-10-14T19:51:30Z
KGLD,29.92,2025-10-14T18:59:44Z
KGRN,29.73,2025-10-14T13:54:38Z
KGS,34.38,2025-10-14T19:59:55Z
KHC,25.43,2025-10-14T19:59:59Z
KIDS,17.68,2025-10-14T19:59:45Z
KIDZ,1,2025-10-14T19:37:32Z
KIE,59.515,2025-10-14T19:59:39Z
KIM,21.37,2025-10-14T19:59:58Z
KIM-M,21.59,2025-10-14T15:02:45Z
KINS,14.94,2025-10-14T19:59:52Z
KIO,12.005,2025-10-14T19:59:30Z
KITT,3.175,2025-10-14T19:59:52Z
KKR,126,2025-10-14T19:59:58Z
KKRS,18.475,2025-10-14T15:32:41Z
KKRT,25.91,2025-10-14T15:08:33Z
KLAC,1025.445,2025-10-14T19:59:49Z
KLAR,39.345,2025-10-14T19:59:55Z
KLC,5.88,2025-10-14T19:59:48Z
KLIC,40.06,2025-10-14T19:59:22Z
KLIP,31.98,2025-10-14T14:36:21Z
KLMT,30.3,2025-10-14T19:16:34Z
KLRS,5.17,2025-10-14T17:54:45Z
KLTO,0.6152,2025-10-14T19:58:53Z
KLTR,1.64,2025-10-14T19:59:33Z
KMB,120.18,2025-10-14T19:59:54Z
KMDA,6.81,2025-10-14T19:57:12Z
KMI,27.32,2025-10-14T19:59:59Z
KMID,24.48,2025-10-14T16:18:49Z
KMLM,27.12,2025-10-14T19:55:11Z
KMPR,50.38,2025-10-14T19:59:43Z
KMT,22.01,2025-10-14T19:59:46Z
KMTS,22.93,2025-10-14T19:59:28Z
KMX,44.01,2025-10-14T19:59:50Z
KN,22.86,2025-10-14T19:59:49Z
KNDI,1.205,2025-10-14T19:49:31Z
KNF,70.535,2025-10-14T19:59:41Z
KNG,49.055,2025-10-14T19:58:31Z
KNOP,8.98,2025-10-14T19:58:06Z
KNOV,28.31,2025-10-14T18:45:17Z
KNSA,37.9,2025-10-14T19:59:42Z
KNSL,473.495,2025-10-14T19:59:43Z
KNTK,37.445,2025-10-14T19:59:41Z
KNX,43.675,2025-10-14T19:59:52Z
KO,67.53,2025-10-14T19:59:59Z
KOD,12.49,2025-10-14T19:59:10Z
KODK,6.95,2025-10-14T19:59:57Z
KOF,80.32,2025-10-14T19:58:52Z
KOID,31.25,2025-10-14T19:25:49Z
KOLD,38.85,2025-10-14T19:59:45Z
KOMP,64.325,2025-10-14T19:59:50Z
KOP,26.73,2025-10-14T19:58:40Z
KOPN,3.95,2025-10-14T19:59:52Z
KORP,47.65,2025-10-14T15:12:07Z
KOS,1.6,2025-10-14T19:59:52Z
KOSS,5.15,2025-10-14T19:58:05Z
KOYN,9.96,2025-10-14T15:21:18Z
KPLT,12.06,2025-10-14T19:58:25Z
KPTI,5.78,2025-10-14T19:59:41Z
KR,69.13,2025-10-14T19:59:59Z
KRBN,32.9,2025-10-14T19:59:50Z
KRC,40.585,2025-10-14T19:59:54Z
KRE,63.41,2025-10-14T19:59:57Z
KREF,8.77,2025-10-14T19:59:53Z
KRG,21.825,2025-10-14T19:59:58Z
KRMD,4.12,2025-10-14T19:57:48Z
KRMN,76.9,2025-10-14T19:59:48Z
KRNT,14.25,2025-10-14T19:59:52Z
KRNY,6.86,2025-10-14T19:59:58Z
KRO,5.34,2025-10-14T19:59:57Z
KROS,15.14,2025-10-14T19:59:45Z
KRP,12.935,2025-10-14T19:59:25Z
KRRO,45.72,2025-10-14T19:59:46Z
KRSP=,10.7,2025-10-14T15:02:42Z
KRT,24.16,2025-10-14T19:59:57Z
KRUS,63.535,2025-10-14T19:57:13Z
KRYS,188.86,2025-10-14T19:56:42Z
KSA,40.805,2025-10-14T19:59:46Z
KSCP,6.66,2025-10-14T19:59:59Z
KSLV,26.82,2025-10-14T19:54:08Z
KSPI,74.32,2025-10-14T19:59:49Z
KSPY,28.45,2025-10-14T19:00:58Z
KSS,15.48,2025-10-14T19:59:59Z
KSTR,18.97,2025-10-14T19:50:12Z
KT,18.2,2025-10-14T19:59:58Z
KTB,81.89,2025-10-14T19:59:45Z
KTCC,3.25,2025-10-14T19:45:16Z
KTEC,17.695,2025-10-14T19:59:46Z
KTF,9.25,2025-10-14T19:35:04Z
KTOS,95.22,2025-10-14T19:59:49Z
KTTA,0.7,2025-10-14T19:54:51Z
KUKE,0.5449,2025-10-14T15:05:03Z
KULR,5.13,2025-10-14T19:59:56Z
KURA,9.625,2025-10-14T19:59:54Z
KURE,19.285,2025-10-14T17:58:04Z
KVHI,5.8,2025-10-14T17:54:34Z
KVUE,16.15,2025-10-14T19:59:59Z
KVYO,24.455,2025-10-14T19:59:50Z
KW,7.615,2025-10-14T19:59:50Z
KWEB,39.15,2025-10-14T19:59:59Z
KWM,2.99,2025-10-14T19:59:49Z
KWR,131.49,2025-10-14T19:58:31Z
KXI,64.84,2025-10-14T19:59:56Z
KYIV,12.17,2025-10-14T19:59:45Z
KYIVW,3.715,2025-10-14T15:25:19Z
KYMR,58.21,2025-10-14T19:59:50Z
KYN,11.91,2025-10-14T19:59:23Z
KYTX,6.76,2025-10-14T19:59:51Z
KZR,4.34,2025-10-14T19:56:16Z
L,102.64,2025-10-14T19:59:47Z
LAB,1.32,2025-10-14T19:58:40Z
LABD,35.02,2025-10-14T19:59:54Z
LABU,107.61,2025-10-14T19:59:08Z
LABX,17.05,2025-10-14T19:59:35Z
LAC,10.07,2025-10-14T19:59:59Z
LAD,311.68,2025-10-14T19:58:39Z
LADR,10.775,2025-10-14T19:59:47Z
LAES,7.67,2025-10-14T19:59:55Z
LAKE,16.68,2025-10-14T19:59:45Z
LAMR,119.98,2025-10-14T19:56:55Z
LAND,9.255,2025-10-14T19:59:37Z
LANV,2,2025-10-14T15:55:19Z
LAR,5.19,2025-10-14T19:59:59Z
LASE,4.465,2025-10-14T19:58:05Z
LASR,30.72,2025-10-14T19:59:46Z
LAUR,29.79,2025-10-14T19:59:46Z
LAW,6.14,2025-10-14T19:59:26Z
LAWR,3.4,2025-10-14T19:56:41Z
LAZ,49.69,2025-10-14T19:59:55Z
LAZR,2.09,2025-10-14T19:59:53Z
LB,51.825,2025-10-14T19:54:25Z
LBGJ,0.62,2025-10-14T19:07:14Z
LBRDK,61.39,2025-10-14T19:59:41Z
LBRT,12.23,2025-10-14T19:59:57Z
LBRX,15.73,2025-10-14T19:57:36Z
LBTYA,10.96,2025-10-14T19:59:55Z
LBTYK,11.02,2025-10-14T19:59:56Z
LC,16.06,2025-10-14T19:59:46Z
LCDL,15.72,2025-10-14T18:45:52Z
LCID,21.93,2025-10-14T19:59:55Z
LCII,87.77,2025-10-14T19:59:01Z
LCNB,14.83,2025-10-14T17:43:18Z
LCTD,53.39,2025-10-14T19:59:58Z
LCTU,72.43,2025-10-14T19:29:14Z
LCTX,1.805,2025-10-14T19:59:50Z
LCUT,3.45,2025-10-14T16:29:29Z
LDI,2.99,2025-10-14T19:59:54Z
LDOS,187.27,2025-10-14T19:59:30Z
LDP,21.275,2025-10-14T15:43:29Z
LDRC,25.37,2025-10-14T19:19:59Z
LDRI,25.39,2025-10-14T19:39:57Z
LDRT,25.41,2025-10-14T19:50:14Z
LDSF,19.17,2025-10-14T18:04:17Z
LDUR,96.15,2025-10-14T19:55:04Z
LE,15.46,2025-10-14T19:59:03Z
LEA,99.85,2025-10-14T19:59:58Z
LECO,236.72,2025-10-14T19:59:12Z
LEDS,2.31,2025-10-14T19:44:04Z
LEE,4.56,2025-10-14T19:26:42Z
LEG,8.81,2025-10-14T19:59:57Z
LEGH,22.76,2025-10-14T19:59:28Z
LEGN,33.22,2025-10-14T19:59:56Z
LEGR,56.83,2025-10-14T16:55:28Z
LEMB,41.01,2025-10-14T19:51:51Z
LEN,122.255,2025-10-14T19:59:55Z
LEN.B,114.475,2025-10-14T19:54:58Z
LENZ,38.85,2025-10-14T19:59:58Z
LEO,6.29,2025-10-14T19:59:58Z
LESL,4.455,2025-10-14T19:51:09Z
LEU,397.79,2025-10-14T19:59:35Z
LEVI,21.4,2025-10-14T19:59:54Z
LEXX,0.8715,2025-10-14T19:59:52Z
LEXXW,0.0397,2025-10-14T18:09:53Z
LFCR,6.545,2025-10-14T19:53:05Z
LFGY,38.29,2025-10-14T19:21:03Z
LFMD,6.34,2025-10-14T19:59:54Z
LFS,3.63,2025-10-14T19:56:04Z
LFSC,29.69,2025-10-14T15:57:23Z
LFST,5.09,2025-10-14T19:59:58Z
LFT,1.83,2025-10-14T19:52:32Z
LFUS,261.16,2025-10-14T19:59:55Z
LFVN,9.02,2025-10-14T19:59:23Z
LFWD,0.7701,2025-10-14T19:47:10Z
LGCY,9.45,2025-10-14T19:30:32Z
LGDX,22.57,2025-10-14T18:26:59Z
LGH,60.03,2025-10-14T16:22:05Z
LGHL,1.32,2025-10-14T18:34:00Z
LGI,17.03,2025-10-14T19:46:01Z
LGIH,46.34,2025-10-14T19:59:55Z
LGN,31.52,2025-10-14T19:59:52Z
LGND,181.03,2025-10-14T19:57:21Z
LGO,2.505,2025-10-14T19:59:50Z
LGOV,22.115,2025-10-14T19:51:22Z
LGVN,0.8,2025-10-14T17:17:22Z
LH,280.04,2025-10-14T19:59:48Z
LHAI,9.41,2025-10-14T19:59:18Z
LHX,300.05,2025-10-14T19:59:09Z
LI,22.81,2025-10-14T19:59:55Z
LIDR,3.35,2025-10-14T19:59:59Z
LIDRW,0.24,2025-10-14T16:14:30Z
LIEN,10.27,2025-10-14T19:00:29Z
LIF,100.74,2025-10-14T19:58:21Z
LII,531.305,2025-10-14T19:57:49Z
LILA,7.77,2025-10-14T19:59:41Z
LILAK,7.925,2025-10-14T19:59:52Z
LIMN,1.32,2025-10-14T19:50:27Z
LIN,459.37,2025-10-14T19:59:59Z
LINC,21.84,2025-10-14T19:59:49Z
LIND,12.22,2025-10-14T19:59:46Z
LINE,39.88,2025-10-14T19:59:31Z
LINK,11.82,2025-10-14T19:43:53Z
LION,6.1,2025-10-14T19:59:59Z
LIQT,3.11,2025-10-14T16:59:43Z
LIT,57.3,2025-10-14T19:59:29Z
LITE,156.74,2025-10-14T19:59:56Z
LITM,6.3,2025-10-14T19:59:13Z
LITP,10.86,2025-10-14T19:50:04Z
LITS,2.185,2025-10-14T19:57:50Z
LIVE,17.68,2025-10-14T19:36:27Z
LIVN,52.775,2025-10-14T19:59:54Z
LIXT,4.19,2025-10-14T15:31:52Z
LKFN,63.83,2025-10-14T17:59:51Z
LKQ,29.83,2025-10-14T19:59:56Z
LLY,812.595,2025-10-14T19:59:28Z
LLYVK,88.22,2025-10-14T19:59:47Z
LLYX,15.58,2025-10-14T19:58:31Z
LMAT,87.15,2025-10-14T19:56:33Z
LMB,91.63,2025-10-14T19:58:44Z
LMBO,45.23,2025-10-14T16:57:54Z
LMBS,50.04,2025-10-14T19:59:53Z
LMFA,1.26,2025-10-14T19:59:37Z
LMND,52.545,2025-10-14T19:59:53Z
LMNR,14.99,2025-10-14T19:54:04Z
LMT,505.08,2025-10-14T19:59:50Z
LMTL,33.74,2025-10-14T13:52:12Z
LNAI,1.24,2025-10-14T19:48:23Z
LNC,40.24,2025-10-14T19:59:54Z
LNC-D,26.92,2025-10-14T16:08:37Z
LND,3.68,2025-10-14T19:59:28Z
LNG,226.43,2025-10-14T19:59:48Z
LNKB,7.23,2025-10-14T19:59:41Z
LNKS,0.529,2025-10-14T19:21:03Z
LNN,134.385,2025-10-14T19:56:39Z
LNSR,11.98,2025-10-14T19:44:01Z
LNT,68.37,2025-10-14T19:59:50Z
LNTH,55.09,2025-10-14T19:59:52Z
LNW,79.75,2025-10-14T19:59:42Z
LOAN,5.325,2025-10-14T13:39:50Z
LOAR,81.25,2025-10-14T19:59:59Z
LOB,36.69,2025-10-14T19:59:52Z
LOCO,9.6,2025-10-14T19:59:44Z
LODE,4.38,2025-10-14T19:59:58Z
LOGI,104.865,2025-10-14T19:58:07Z
LOKV,10.23,2025-10-14T19:59:04Z
LOMA,7.8,2025-10-14T19:59:58Z
LONZ,50.51,2025-10-14T18:17:18Z
LOOP,1.85,2025-10-14T19:59:09Z
LOPE,213.37,2025-10-14T19:59:02Z
LOUP,76.555,2025-10-14T16:12:08Z
LOVE,14.71,2025-10-14T19:59:46Z
LOW,240.79,2025-10-14T19:59:56Z
LPCN,3.18,2025-10-14T17:54:17Z
LPG,26.24,2025-10-14T19:59:50Z
LPL,5.07,2025-10-14T19:59:54Z
LPLA,321.035,2025-10-14T19:58:37Z
LPRO,2.02,2025-10-14T19:59:30Z
LPSN,6.52,2025-10-14T19:59:55Z
LPTH,10.4,2025-10-14T19:59:51Z
LPTX,0.6145,2025-10-14T19:55:03Z
LPX,92.78,2025-10-14T19:59:50Z
LQD,112.09,2025-10-14T19:59:58Z
LQDA,22.755,2025-10-14T19:59:49Z
LQDH,93.235,2025-10-14T19:57:23Z
LQDT,24.065,2025-10-14T19:59:36Z
LQDW,25.26,2025-10-14T19:24:12Z
LQTI,20.43,2025-10-14T19:52:57Z
LRCU,48.34,2025-10-14T19:01:48Z
LRCX,138.33,2025-10-14T19:59:55Z
LRE,1.45,2025-10-14T19:45:38Z
LRGE,82.525,2025-10-14T15:34:29Z
LRGF,68.55,2025-10-14T19:37:04Z
LRGG,29.32,2025-10-14T19:59:10Z
LRMR,3.89,2025-10-14T19:59:56Z
LRN,146.34,2025-10-14T19:59:48Z
LSAF,44.35,2025-10-14T17:15:54Z
LSAK,3.92,2025-10-14T19:48:23Z
LSCC,71,2025-10-14T19:59:55Z
LSE,5.41,2025-10-14T13:35:14Z
LSF,5.12,2025-10-14T17:49:37Z
LSGR,44.33,2025-10-14T19:26:50Z
LSH,1.34,2025-10-14T19:23:00Z
LSPD,11.56,2025-10-14T19:59:54Z
LSTR,127.12,2025-10-14T19:58:53Z
LTBR,25.68,2025-10-14T19:59:43Z
LTC,34.2,2025-10-14T19:59:56Z
LTH,25.7,2025-10-14T19:59:54Z
LTM,44,2025-10-14T19:59:54Z
LTPZ,54.01,2025-10-14T19:25:21Z
LTRN,4.35,2025-10-14T19:59:55Z
LTRX,5.35,2025-10-14T19:59:54Z
LTTI,20.01,2025-10-14T19:33:19Z
LU,3.64,2025-10-14T19:59:51Z
LUCD,1.195,2025-10-14T19:59:48Z
LUCK,9.9,2025-10-14T19:55:52Z
LUCY,1.92,2025-10-14T19:59:52Z
LUD,9.4,2025-10-14T15:24:55Z
LULU,169.02,2025-10-14T19:59:55Z
LUMN,6.87,2025-10-14T19:59:51Z
LUNG,1.58,2025-10-14T19:54:04Z
LUNR,13.84,2025-10-14T19:59:54Z
LUV,33.41,2025-10-14T19:59:58Z
LUXE,8.39,2025-10-14T19:59:51Z
LVHD,41.1,2025-10-14T17:04:35Z
LVHI,35.11,2025-10-14T19:53:01Z
LVLU,5.68,2025-10-14T19:52:29Z
LVO,4.45,2025-10-14T19:59:25Z
LVS,48.05,2025-10-14T19:59:50Z
LVTX,1.535,2025-10-14T16:51:14Z
LVWR,5.1,2025-10-14T19:50:25Z
LW,64.175,2025-10-14T19:59:46Z
LWAY,27.05,2025-10-14T19:34:58Z
LWLG,5.665,2025-10-14T19:58:09Z
LX,4.94,2025-10-14T19:59:52Z
LXEH,0.5016,2025-10-14T19:57:00Z
LXEO,8.5,2025-10-14T19:59:44Z
LXFR,13.27,2025-10-14T19:59:45Z
LXP,9.02,2025-10-14T19:59:51Z
LXRX,1.45,2025-10-14T19:59:05Z
LXU,8.64,2025-10-14T19:59:58Z
LYB,46.66,2025-10-14T19:59:55Z
LYEL,16.71,2025-10-14T19:54:08Z
LYFT,20.14,2025-10-14T19:59:55Z
LYFX,22.09,2025-10-14T19:46:59Z
LYG,4.52,2025-10-14T19:59:56Z
LYRA,7.15,2025-10-14T17:11:19Z
LYTS,22.66,2025-10-14T19:59:56Z
LYV,152.94,2025-10-14T19:59:46Z
LZ,10.12,2025-10-14T19:59:43Z
LZB,32.455,2025-10-14T19:59:46Z
LZM,5.95,2025-10-14T19:59:58Z
LZMH,3.18,2025-10-14T16:55:01Z
M,17.83,2025-10-14T19:59:58Z
MA,567.72,2025-10-14T19:59:59Z
MAA,133.86,2025-10-14T19:59:23Z
MAAS,3.05,2025-10-14T14:01:45Z
MAC,17.12,2025-10-14T19:59:59Z
MAGG,20.74,2025-10-14T18:22:08Z
MAGN,10.52,2025-10-14T19:59:55Z
MAGS,63.47,2025-10-14T19:59:58Z
MAGX,53.76,2025-10-14T19:59:47Z
MAGY,55.43,2025-10-14T19:41:16Z
MAIA,1.46,2025-10-14T19:59:44Z
MAIN,58.45,2025-10-14T19:59:52Z
MAMA,11.12,2025-10-14T19:59:51Z
MAMB,24.22,2025-10-14T19:59:46Z
MAMK,2.66,2025-10-14T19:56:42Z
MAN,37.99,2025-10-14T19:59:47Z
MANH,200.63,2025-10-14T19:58:32Z
MANU,16.93,2025-10-14T19:59:02Z
MAPS,1.115,2025-10-14T19:59:40Z
MAR,267.97,2025-10-14T19:59:50Z
MARA,22.23,2025-10-14T19:59:59Z
MARO,19.92,2025-10-14T19:59:03Z
MAS,68.13,2025-10-14T19:59:48Z
MASI,147.75,2025-10-14T19:59:33Z
MASS,8.195,2025-10-14T19:59:20Z
MAT,17.78,2025-10-14T19:59:58Z
MATH,3.11,2025-10-14T17:16:37Z
MATV,11.13,2025-10-14T19:59:47Z
MATW,22.83,2025-10-14T19:59:54Z
MATX,93.18,2025-10-14T19:59:50Z
MAX,11.16,2025-10-14T19:59:17Z
MAXJ,28.04,2025-10-14T19:59:46Z
MAXN,3.8,2025-10-14T19:58:51Z
MAYA,10.35,2025-10-14T19:06:35Z
MAYAR,0.85,2025-10-14T16:59:39Z
MAYT,36.05,2025-10-14T19:34:39Z
MAYW,32.85,2025-10-14T14:16:46Z
MAZE,28.485,2025-10-14T19:59:34Z
MBB,95.54,2025-10-14T19:59:56Z
MBC,13.08,2025-10-14T19:59:46Z
MBI,6.79,2025-10-14T19:59:59Z
MBIN,32.535,2025-10-14T19:59:40Z
MBINM,24.67,2025-10-14T19:40:17Z
MBIO,1.65,2025-10-14T19:08:16Z
MBLY,15.43,2025-10-14T19:59:58Z
MBND,27.35,2025-10-14T19:54:46Z
MBNKO,24.97,2025-10-14T18:10:53Z
MBOT,2.89,2025-10-14T19:59:52Z
MBRX,0.497,2025-10-14T19:31:05Z
MBS,8.76,2025-10-14T17:38:17Z
MBSF,25.5,2025-10-14T18:12:56Z
MBUU,30.54,2025-10-14T19:58:50Z
MBWM,46.26,2025-10-14T19:37:34Z
MBX,13.485,2025-10-14T19:59:46Z
MC,67.78,2025-10-14T19:59:49Z
MCB,78.93,2025-10-14T19:59:39Z
MCBS,27.26,2025-10-14T19:55:10Z
MCD,304.65,2025-10-14T19:59:52Z
MCFT,21.15,2025-10-14T19:56:28Z
MCGA,10.69,2025-10-14T19:10:52Z
MCH,28.82,2025-10-14T17:07:03Z
MCHB,14.165,2025-10-14T19:59:33Z
MCHI,62.6,2025-10-14T19:59:59Z
MCHP,64.59,2025-10-14T19:59:59Z
MCHX,1.8,2025-10-14T16:47:35Z
MCK,782.4,2025-10-14T19:59:47Z
MCN,6.11,2025-10-14T19:58:25Z
MCO,481.105,2025-10-14T19:59:56Z
MCR,6.345,2025-10-14T14:34:01Z
MCRB,19.61,2025-10-14T19:50:51Z
MCRI,96.08,2025-10-14T19:52:28Z
MCRP,2.285,2025-10-14T19:59:23Z
MCS,13.64,2025-10-14T19:53:29Z
MCW,4.845,2025-10-14T19:59:51Z
MCY,81.435,2025-10-14T19:59:42Z
MD,16.1,2025-10-14T19:59:48Z
MDAI,2.52,2025-10-14T19:58:20Z
MDAIW,0.881,2025-10-14T19:59:15Z
MDB,313.76,2025-10-14T19:59:45Z
MDBH,3.77,2025-10-14T18:50:23Z
MDCX,2.36,2025-10-14T19:57:41Z
MDGL,436.5,2025-10-14T19:58:00Z
MDIA,1.26,2025-10-14T19:49:40Z
MDIV,15.64,2025-10-14T13:54:10Z
MDLV,27.83,2025-10-14T18:31:01Z
MDLZ,62.135,2025-10-14T19:59:58Z
MDPL,26.08,2025-10-14T17:06:15Z
MDST,25.6,2025-10-14T15:43:11Z
MDT,96.53,2025-10-14T19:59:59Z
MDU,19.145,2025-10-14T19:59:56Z
MDV,14.45,2025-10-14T19:55:06Z
MDWD,18.525,2025-10-14T19:52:15Z
MDXG,6.585,2025-10-14T19:59:50Z
MDXH,4.1,2025-10-14T19:58:47Z
MDY,594.39,2025-10-14T19:59:57Z
MDYG,91.22,2025-10-14T19:59:45Z
MDYV,83.44,2025-10-14T19:37:05Z
MEAR,50.41,2025-10-14T17:36:59Z
MEC,13.36,2025-10-14T19:59:09Z
MED,13.27,2025-10-14T19:58:57Z
MEDI,29.5,2025-10-14T14:47:28Z
MEDP,516.54,2025-10-14T19:59:45Z
MEG,29.94,2025-10-14T19:59:51Z
MEGI,14.67,2025-10-14T19:59:41Z
MEI,7.27,2025-10-14T19:59:54Z
MELI,2158.78,2025-10-14T19:58:23Z
MEME,11.06,2025-10-14T19:58:09Z
MENS,56.19,2025-10-14T17:08:29Z
MEOH,35.88,2025-10-14T19:59:48Z
MERC,2.64,2025-10-14T19:57:55Z
MESO,17.83,2025-10-14T19:59:46Z
MET,82.92,2025-10-14T19:59:54Z
MET-A,23.78,2025-10-14T19:38:12Z
MET-F,20.71,2025-10-14T19:51:52Z
META,708.66,2025-10-14T19:59:59Z
METC,54.57,2025-10-14T19:59:54Z
METCB,21.12,2025-10-14T19:44:04Z
METD,15.005,2025-10-14T19:59:54Z
METL,24.11,2025-10-14T19:55:30Z
METU,39.4,2025-10-14T19:59:45Z
METV,20.37,2025-10-14T19:55:26Z
MEXX,20.21,2025-10-14T19:48:52Z
MFA,9.24,2025-10-14T19:59:48Z
MFC,32.32,2025-10-14T19:59:56Z
MFDX,36.91,2025-10-14T17:58:49Z
MFG,6.235,2025-10-14T19:59:50Z
MFH,20.19,2025-10-14T19:59:07Z
MFI,38.82,2025-10-14T17:59:55Z
MFIC,11.865,2025-10-14T19:59:54Z
MFICL,25.35,2025-10-14T17:40:38Z
MFIN,9.9,2025-10-14T19:38:17Z
MFM,5.4,2025-10-14T15:45:35Z
MFSB,25.42,2025-10-14T19:39:34Z
MFSI,29.39,2025-10-14T19:59:11Z
MFUS,55.55,2025-10-14T16:15:13Z
MG,9.595,2025-10-14T19:59:52Z
MGA,44.97,2025-10-14T19:59:56Z
MGC,243.19,2025-10-14T19:37:20Z
MGEE,84.38,2025-10-14T19:52:50Z
MGIC,20.85,2025-10-14T19:55:04Z
MGIH,2.145,2025-10-14T15:53:39Z
MGK,399.055,2025-10-14T19:54:40Z
MGLD,1.09,2025-10-14T19:38:02Z
MGM,32.435,2025-10-14T19:59:58Z
MGNI,17.95,2025-10-14T19:59:50Z
MGNR,41.03,2025-10-14T17:04:17Z
MGNX,1.605,2025-10-14T19:57:00Z
MGPI,23.63,2025-10-14T19:54:40Z
MGR,21.61,2025-10-14T15:03:55Z
MGRC,116.835,2025-10-14T19:52:21Z
MGRT,4.52,2025-10-14T19:35:37Z
MGRX,2.59,2025-10-14T19:29:28Z
MGTX,7.925,2025-10-14T19:59:50Z
MGV,137.6,2025-10-14T19:37:37Z
MGX,2.905,2025-10-14T19:59:21Z
MGY,23.085,2025-10-14T19:59:53Z
MH,12.62,2025-10-14T19:59:56Z
MHD,11.82,2025-10-14T19:51:37Z
MHF,7.01,2025-10-14T18:36:26Z
MHK,125.67,2025-10-14T19:59:47Z
MHN,10.51,2025-10-14T19:59:52Z
MHNC,17.52,2025-10-14T18:46:00Z
MHO,135.415,2025-10-14T19:55:25Z
MHUA,0.4062,2025-10-14T19:12:56Z
MI,3.82,2025-10-14T19:57:32Z
MIAX,43.38,2025-10-14T19:58:51Z
MIDD,134.01,2025-10-14T19:59:55Z
MIDU,50.5,2025-10-14T19:26:26Z
MIGI,0.9658,2025-10-14T19:59:40Z
MILN,48.77,2025-10-14T17:34:39Z
MIMI,7.535,2025-10-14T19:59:45Z
MIN,2.66,2025-10-14T14:53:00Z
MIND,10.35,2025-10-14T19:46:38Z
MINN,22.4,2025-10-14T19:46:32Z
MINO,45.42,2025-10-14T19:42:52Z
MINT,100.435,2025-10-14T19:59:46Z
MIR,24.84,2025-10-14T19:59:50Z
MIRA,1.32,2025-10-14T19:56:13Z
MIRM,73.21,2025-10-14T19:59:45Z
MISL,43.625,2025-10-14T19:35:10Z
MIST,2.04,2025-10-14T19:59:48Z
MITK,9.1,2025-10-14T19:59:55Z
MITT,7.185,2025-10-14T19:58:56Z
MIY,11.51,2025-10-14T18:15:55Z
MJ,36.9,2025-10-14T14:41:02Z
MKC,65.82,2025-10-14T19:59:54Z
MKC.V,65.33,2025-10-14T18:01:11Z
MKDW,0.2115,2025-10-14T18:58:40Z
MKL,1953.57,2025-10-14T19:59:47Z
MKLYR,0.17,2025-10-14T19:54:45Z
MKOR,30.79,2025-10-14T15:59:27Z
MKSI,132.71,2025-10-14T19:59:53Z
MKTX,171.115,2025-10-14T19:59:28Z
MLAB,71.75,2025-10-14T19:55:04Z
MLAC,10.45,2025-10-14T16:32:39Z
MLCI,7.74,2025-10-14T19:59:54Z
MLCO,7.79,2025-10-14T19:59:57Z
MLEC,0.8,2025-10-14T15:14:43Z
MLGO,10.47,2025-10-14T19:51:51Z
MLI,99.83,2025-10-14T19:59:40Z
MLKN,16.6,2025-10-14T19:59:50Z
MLM,656.1,2025-10-14T19:59:36Z
MLN,17.615,2025-10-14T19:55:09Z
MLNK,19.985,2025-10-14T19:59:54Z
MLPA,47.02,2025-10-14T19:59:44Z
MLPX,59.28,2025-10-14T19:59:46Z
MLR,41.375,2025-10-14T18:24:03Z
MLSS,0.53,2025-10-14T18:58:35Z
MLTX,10.13,2025-10-14T19:59:51Z
MLYS,42.845,2025-10-14T19:59:23Z
MMA,1.54,2025-10-14T19:59:54Z
MMC,206.99,2025-10-14T19:59:42Z
MMD,15.145,2025-10-14T19:28:12Z
MMI,28.83,2025-10-14T19:39:31Z
MMIN,23.94,2025-10-14T16:45:37Z
MMIT,24.295,2025-10-14T19:57:07Z
MMLP,3.07,2025-10-14T18:29:04Z
MMM,152.465,2025-10-14T19:59:58Z
MMS,84.79,2025-10-14T19:59:29Z
MMSI,80.61,2025-10-14T19:59:44Z
MMT,4.73,2025-10-14T16:25:45Z
MMU,10.39,2025-10-14T19:55:46Z
MMYT,91.35,2025-10-14T19:59:53Z
MNA,35.76,2025-10-14T19:57:37Z
MNDO,1.095,2025-10-14T18:40:45Z
MNDR,3.58,2025-10-14T19:42:37Z
MNDY,187.51,2025-10-14T19:59:59Z
MNKD,5.1,2025-10-14T19:59:59Z
MNMD,12.62,2025-10-14T19:59:56Z
MNPR,96.9,2025-10-14T19:14:03Z
MNR,12.245,2025-10-14T19:57:35Z
MNRO,16.87,2025-10-14T19:59:45Z
MNRS,53.4,2025-10-14T19:59:37Z
MNSB,19.335,2025-10-14T19:57:36Z
MNSO,22.19,2025-10-14T19:59:19Z
MNST,68.62,2025-10-14T19:59:55Z
MNTK,2.09,2025-10-14T16:43:47Z
MNTN,15.91,2025-10-14T19:59:58Z
MNTS,1.72,2025-10-14T19:59:53Z
MNY,1.21,2025-10-14T19:58:23Z
MNYWW,0.1015,2025-10-14T19:13:56Z
MO,65.395,2025-10-14T19:59:58Z
MOAT,99.76,2025-10-14T19:59:39Z
MOB,9.27,2025-10-14T19:59:56Z
MOBX,0.8478,2025-10-14T19:56:51Z
MOD,153.775,2025-10-14T19:59:46Z
MODD,0.59,2025-10-14T17:49:06Z
MODG,9.385,2025-10-14T19:59:47Z
MOFG,29.08,2025-10-14T19:40:30Z
MOG.A,206.77,2025-10-14T19:57:35Z
MOGO,1.86,2025-10-14T19:57:55Z
MOH,194.665,2025-10-14T19:59:41Z
MOMO,6.87,2025-10-14T19:59:49Z
MOO,71.66,2025-10-14T15:46:45Z
MORN,225.18,2025-10-14T19:58:05Z
MORT,10.485,2025-10-14T19:55:20Z
MOS,29.945,2025-10-14T19:59:59Z
MOV,17.94,2025-10-14T19:58:21Z
MP,98.82,2025-10-14T19:59:47Z
MPAA,15.825,2025-10-14T19:58:17Z
MPB,28.16,2025-10-14T19:58:51Z
MPC,183.14,2025-10-14T19:59:52Z
MPLX,48.95,2025-10-14T19:59:59Z
MPU,1.105,2025-10-14T19:58:02Z
MPV,20.08,2025-10-14T15:34:40Z
MPW,5.23,2025-10-14T19:59:56Z
MPWR,967.02,2025-10-14T19:59:48Z
MPX,8.75,2025-10-14T19:40:05Z
MQ,4.77,2025-10-14T19:59:57Z
MQT,10.21,2025-10-14T19:59:03Z
MQY,11.665,2025-10-14T19:55:32Z
MRAL,33.03,2025-10-14T19:59:12Z
MRAM,10.9,2025-10-14T19:59:54Z
MRBK,14.95,2025-10-14T19:59:14Z
MRC,13.23,2025-10-14T19:59:54Z
MRCC,6.99,2025-10-14T15:17:04Z
MRCY,77.79,2025-10-14T19:59:34Z
MREO,1.96,2025-10-14T19:57:05Z
MRK,84.72,2025-10-14T19:59:54Z
MRKR,1.07,2025-10-14T18:56:50Z
MRM,2.15,2025-10-14T19:59:00Z
MRNA,26.23,2025-10-14T19:59:59Z
MRNY,1.665,2025-10-14T19:58:06Z
MRP,31.53,2025-10-14T19:59:54Z
MRSK,35.725,2025-10-14T19:37:06Z
MRSN,9.55,2025-10-14T14:23:28Z
MRT,2.25,2025-10-14T17:22:20Z
MRTN,10.565,2025-10-14T19:59:52Z
MRUS,94.83,2025-10-14T19:59:53Z
MRVI,3.22,2025-10-14T19:59:57Z
MRVL,86.21,2025-10-14T19:59:59Z
MRX,31.49,2025-10-14T19:59:36Z
MS,155.35,2025-10-14T19:59:56Z
MS-E,25.64,2025-10-14T19:23:59Z
MS-I,25.09,2025-10-14T18:28:17Z
MS-K,24.5,2025-10-14T19:51:52Z
MS-O,18.16,2025-10-14T13:49:14Z
MS-P,25.64,2025-10-14T19:59:40Z
MS-Q,26.08,2025-10-14T19:11:16Z
MSA,168.28,2025-10-14T19:58:21Z
MSAI,0.519,2025-10-14T19:59:56Z
MSBI,16.565,2025-10-14T19:59:53Z
MSCI,554.1,2025-10-14T19:58:31Z
MSD,7.26,2025-10-14T19:59:04Z
MSDL,17.03,2025-10-14T19:59:40Z
MSEX,56.62,2025-10-14T18:53:44Z
MSFD,10.89,2025-10-14T19:59:33Z
MSFL,31.18,2025-10-14T19:37:05Z
MSFO,17.31,2025-10-14T15:01:10Z
MSFT,513.9,2025-10-14T19:59:50Z
MSFU,51.02,2025-10-14T19:59:45Z
MSGE,44.11,2025-10-14T19:59:43Z
MSGM,2.29,2025-10-14T16:08:47Z
MSGS,220.47,2025-10-14T19:59:18Z
MSGY,1.68,2025-10-14T19:52:20Z
MSI,460.63,2025-10-14T19:59:43Z
MSIF,13.23,2025-10-14T19:58:28Z
MSLC,54.34,2025-10-14T17:44:38Z
MSM,86.97,2025-10-14T19:59:49Z
MSMR,33.87,2025-10-14T19:50:12Z
MSN,0.4738,2025-10-14T18:59:01Z
MSOS,5.115,2025-10-14T19:59:58Z
MSOX,8.39,2025-10-14T19:49:08Z
MSPR,1.07,2025-10-14T19:37:32Z
MSS,0.8039,2025-10-14T19:57:58Z
MSSM,50.9,2025-10-14T16:18:04Z
MST,7.27,2025-10-14T19:58:20Z
MSTR,300.67,2025-10-14T19:59:59Z
MSTU,3.92,2025-10-14T19:59:49Z
MSTW,27.8,2025-10-14T19:37:23Z
MSTX,18.08,2025-10-14T19:58:30Z
MSTY,12.86,2025-10-14T19:59:54Z
MSTZ,5.71,2025-10-14T19:59:51Z
MT,38.275,2025-10-14T19:59:43Z
MTA,7.12,2025-10-14T19:59:52Z
MTB,187.065,2025-10-14T19:59:51Z
MTBA,50.605,2025-10-14T19:55:03Z
MTC,0.9996,2025-10-14T19:59:27Z
MTCH,32.445,2025-10-14T19:59:58Z
MTD,1301,2025-10-14T19:49:33Z
MTDR,42.93,2025-10-14T19:59:51Z
MTEK,1.98,2025-10-14T19:38:22Z
MTEN,4.07,2025-10-14T19:24:01Z
MTEX,9.775,2025-10-14T15:26:22Z
MTG,27.67,2025-10-14T19:59:59Z
MTGP,45.01,2025-10-14T13:36:13Z
MTH,69.45,2025-10-14T19:59:51Z
MTLS,6.085,2025-10-14T19:12:54Z
MTN,154.38,2025-10-14T19:57:08Z
MTNB,1.89,2025-10-14T19:30:15Z
MTRN,128.21,2025-10-14T19:34:51Z
MTRX,12.87,2025-10-14T19:59:49Z
MTSI,131.51,2025-10-14T19:59:53Z
MTSR,52.575,2025-10-14T19:59:54Z
MTUM,254.19,2025-10-14T19:59:51Z
MTUS,17.03,2025-10-14T19:58:37Z
MTW,10.72,2025-10-14T19:59:47Z
MTX,59.465,2025-10-14T19:59:46Z
MTYY,20.22,2025-10-14T15:46:36Z
MTZ,205.42,2025-10-14T19:59:24Z
MU,187.035,2025-10-14T19:59:58Z
MUA,10.81,2025-10-14T14:42:03Z
MUB,106.925,2025-10-14T19:59:53Z
MUC,10.82,2025-10-14T19:57:36Z
MUD,9.705,2025-10-14T19:59:58Z
MUE,10.11,2025-10-14T19:54:03Z
MUFG,14.985,2025-10-14T19:59:58Z
MUJ,11.66,2025-10-14T19:59:10Z
MULL,44.51,2025-10-14T19:53:40Z
MUNI,52.395,2025-10-14T19:57:13Z
MUR,28.32,2025-10-14T19:59:50Z
MURA,2.085,2025-10-14T19:59:42Z
MUSA,379.79,2025-10-14T19:59:48Z
MUSI,44.3,2025-10-14T19:58:58Z
MUST,20.61,2025-10-14T14:04:05Z
MUU,51.18,2025-10-14T19:53:37Z
MUX,20.295,2025-10-14T19:59:52Z
MVBF,26.785,2025-10-14T19:56:26Z
MVF,7.045,2025-10-14T15:52:24Z
MVFD,27.17,2025-10-14T19:59:50Z
MVIS,1.365,2025-10-14T19:59:56Z
MVLL,24.445,2025-10-14T19:59:50Z
MVO,5.935,2025-10-14T13:54:05Z
MVST,5.23,2025-10-14T19:59:58Z
MVT,10.88,2025-10-14T19:40:56Z
MVV,68.5,2025-10-14T19:59:42Z
MWA,25.39,2025-10-14T19:59:55Z
MWYN,1.16,2025-10-14T19:59:53Z
MX,3.05,2025-10-14T19:57:50Z
MXCT,1.655,2025-10-14T19:59:38Z
MXF,18.76,2025-10-14T17:07:19Z
MXL,16.885,2025-10-14T19:59:57Z
MYCH,25.18,2025-10-14T17:07:31Z
MYD,10.69,2025-10-14T19:59:45Z
MYE,15.98,2025-10-14T19:59:53Z
MYFW,23.6,2025-10-14T19:53:54Z
MYGN,7.79,2025-10-14T19:59:55Z
MYI,11.12,2025-10-14T14:52:56Z
MYN,10.22,2025-10-14T18:27:00Z
MYNZ,1.535,2025-10-14T19:59:32Z
MYO,1.17,2025-10-14T19:59:52Z
MYPS,0.9549,2025-10-14T19:54:00Z
MYRG,206.14,2025-10-14T19:56:51Z
MYSE,3.07,2025-10-14T19:58:35Z
MYSZ,1.24,2025-10-14T18:07:18Z
MZTI,163.2,2025-10-14T17:00:43Z
NA,5.64,2025-10-14T19:12:32Z
NAAS,3.26,2025-10-14T19:20:57Z
NABL,7.62,2025-10-14T19:59:57Z
NAC,11.67,2025-10-14T19:57:04Z
NAD,11.905,2025-10-14T19:58:00Z
NAGE,7.48,2025-10-14T19:59:52Z
NAIL,65.03,2025-10-14T19:59:00Z
NAK,2.76,2025-10-14T19:59:58Z
NAKA,0.7906,2025-10-14T19:59:54Z
NAMM,3.18,2025-10-14T19:59:37Z
NAMMW,0.32,2025-10-14T17:59:46Z
NAMS,37.82,2025-10-14T19:59:59Z
NAN,11.43,2025-10-14T17:20:28Z
NANC,44.61,2025-10-14T19:47:15Z
NANR,64.66,2025-10-14T18:43:02Z
NAOV,6.365,2025-10-14T19:51:15Z
NAT,3.18,2025-10-14T19:59:59Z
NATH,108.58,2025-10-14T14:33:40Z
NATL,37.77,2025-10-14T19:59:50Z
NATR,14.74,2025-10-14T19:58:47Z
NAUT,0.9622,2025-10-14T19:26:33Z
NAVI,12.47,2025-10-14T19:59:49Z
NAZ,12,2025-10-14T16:18:37Z
NB,11.655,2025-10-14T19:59:58Z
NBB,16.38,2025-10-14T17:39:35Z
NBBK,17.85,2025-10-14T19:59:56Z
NBCM,23.72,2025-10-14T19:37:05Z
NBCR,30.85,2025-10-14T19:11:06Z
NBH,10.31,2025-10-14T17:06:17Z
NBHC,37.95,2025-10-14T19:59:56Z
NBIL,26.27,2025-10-14T19:49:10Z
NBIS,128.19,2025-10-14T19:59:56Z
NBIX,137.3,2025-10-14T19:59:47Z
NBN,96.03,2025-10-14T19:58:39Z
NBR,40.08,2025-10-14T19:59:42Z
NBSD,51.3,2025-10-14T19:58:32Z
NBSM,25.2,2025-10-14T16:24:33Z
NBTB,42.19,2025-10-14T19:59:46Z
NBXG,14.92,2025-10-14T19:59:48Z
NBY,1.05,2025-10-14T19:59:38Z
NCA,8.895,2025-10-14T17:52:31Z
NCDL,13.82,2025-10-14T19:59:41Z
NCI,1.8,2025-10-14T19:59:57Z
NCIQ,30.28,2025-10-14T19:37:08Z
NCL,0.7316,2025-10-14T16:17:24Z
NCLH,23.75,2025-10-14T19:59:58Z
NCMI,4.18,2025-10-14T19:59:55Z
NCNA,5.84,2025-10-14T19:59:28Z
NCNO,24.9,2025-10-14T19:59:55Z
NCPL,2.28,2025-10-14T19:59:39Z
NCSM,40.64,2025-10-14T13:30:00Z
NCTY,9.87,2025-10-14T16:31:29Z
NCV,15.57,2025-10-14T19:53:30Z
NCZ,13.98,2025-10-14T19:58:30Z
NCZ-A,20.54,2025-10-14T17:57:59Z
NDAQ,89.52,2025-10-14T19:59:59Z
NDMO,10.6,2025-10-14T19:59:36Z
NDRA,7.02,2025-10-14T19:57:20Z
NDSN,233.285,2025-10-14T19:59:09Z
NE,27.31,2025-10-14T19:59:50Z
NEA,11.43,2025-10-14T19:59:24Z
NEAR,51.26,2025-10-14T19:59:47Z
NEBX,81.12,2025-10-14T19:59:56Z
NECB,20.82,2025-10-14T19:20:54Z
NEE,84.67,2025-10-14T19:59:52Z
NEGG,49.42,2025-10-14T19:59:55Z
NEM,90.56,2025-10-14T19:59:51Z
NEMD,51.22,2025-10-14T19:07:10Z
NEO,9.39,2025-10-14T19:59:55Z
NEOG,5.92,2025-10-14T19:59:57Z
NEON,3.62,2025-10-14T19:59:49Z
NEOV,5.49,2025-10-14T19:58:46Z
NERV,2.53,2025-10-14T13:38:37Z
NESR,10.46,2025-10-14T19:59:57Z
NET,217.68,2025-10-14T19:59:46Z
NETDW,0.2429,2025-10-14T19:29:38Z
NETX,24.6,2025-10-14T17:29:01Z
NEU,784.35,2025-10-14T16:53:16Z
NEUP,15.685,2025-10-14T18:56:37Z
NEWP,2.975,2025-10-14T19:59:50Z
NEWT,10.94,2025-10-14T19:59:45Z
NEWTG,25.16,2025-10-14T18:37:19Z
NEXA,5.71,2025-10-14T19:57:40Z
NEXM,6.17,2025-10-14T19:56:18Z
NEXN,8.98,2025-10-14T19:59:55Z
NEXT,6.17,2025-10-14T19:59:50Z
NFBK,11.33,2025-10-14T19:59:54Z
NFE,2.005,2025-10-14T19:59:49Z
NFG,84.57,2025-10-14T19:58:02Z
NFGC,2.545,2025-10-14T19:59:46Z
NFJ,12.88,2025-10-14T19:58:24Z
NFLT,23.13,2025-10-14T19:59:31Z
NFLX,1215.98,2025-10-14T19:59:55Z
NFLY,16.445,2025-10-14T19:59:50Z
NFRA,63.23,2025-10-14T19:18:18Z
NFXL,57.04,2025-10-14T19:54:30Z
NFXS,13.66,2025-10-14T19:37:26Z
NG,9.62,2025-10-14T19:59:58Z
NGD,7.14,2025-10-14T19:59:59Z
NGG,74.265,2025-10-14T19:59:39Z
NGL,6.21,2025-10-14T19:59:50Z
NGL-C,22.93,2025-10-14T19:23:46Z
NGNE,33.145,2025-10-14T19:59:17Z
NGS,26.55,2025-10-14T19:04:31Z
NGVC,40.07,2025-10-14T19:57:41Z
NGVT,54.76,2025-10-14T19:56:00Z
NHC,121.725,2025-10-14T19:59:26Z
NHI,72.765,2025-10-14T19:51:17Z
NHS,7.495,2025-10-14T19:59:45Z
NI,42.93,2025-10-14T19:59:56Z
NIC,136.38,2025-10-14T19:34:45Z
NICE,131.49,2025-10-14T19:59:59Z
NIE,25.41,2025-10-14T19:56:09Z
NIM,9.39,2025-10-14T15:33:08Z
NINE,0.6254,2025-10-14T19:59:54Z
NIO,6.81,2025-10-14T19:59:59Z
NIOBW,5.4,2025-10-14T19:04:14Z
NIPG,1.59,2025-10-14T17:51:55Z
NIQ,14.19,2025-10-14T19:59:53Z
NITO,4.55,2025-10-14T17:46:00Z
NIU,4.38,2025-10-14T19:59:57Z
NIVF,1.8,2025-10-14T19:38:15Z
NIXX,1.91,2025-10-14T19:57:47Z
NJAN,53.01,2025-10-14T15:26:42Z
NJR,45.76,2025-10-14T19:59:31Z
NJUN,30.7,2025-10-14T15:47:01Z
NKE,67.685,2025-10-14T19:59:53Z
NKLR,17.67,2025-10-14T19:59:53Z
NKTR,57.11,2025-10-14T19:59:43Z
NKTX,2.4,2025-10-14T19:59:59Z
NKX,12.55,2025-10-14T19:58:44Z
NL,5.92,2025-10-14T18:06:38Z
NLOP,29.325,2025-10-14T19:34:13Z
NLR,159.84,2025-10-14T19:59:43Z
NLSP,1.78,2025-10-14T19:44:52Z
NLY,20.71,2025-10-14T19:59:56Z
NLY-F,25.42,2025-10-14T17:43:53Z
NLY-I,25.57,2025-10-14T17:04:43Z
NLY-J,25.85,2025-10-14T18:12:46Z
NMAI,13,2025-10-14T19:52:57Z
NMAX,11.6,2025-10-14T19:59:54Z
NMCO,10.88,2025-10-14T19:57:57Z
NMFC,9.55,2025-10-14T19:59:56Z
NMG,4.69,2025-10-14T19:59:39Z
NMI,10.02,2025-10-14T19:55:48Z
NMIH,36.265,2025-10-14T19:59:21Z
NML,8.2,2025-10-14T19:59:45Z
NMM,43.87,2025-10-14T19:42:07Z
NMR,6.885,2025-10-14T19:59:31Z
NMRA,1.815,2025-10-14T19:59:55Z
NMRK,17.905,2025-10-14T19:59:48Z
NMTC,0.9,2025-10-14T19:56:39Z
NMZ,10.72,2025-10-14T19:23:03Z
NN,13.425,2025-10-14T19:59:50Z
NNBR,1.875,2025-10-14T19:59:05Z
NNDM,2.02,2025-10-14T19:59:55Z
NNE,54.35,2025-10-14T19:59:45Z
NNN,42.225,2025-10-14T19:59:54Z
NNNN,27.76,2025-10-14T16:00:06Z
NNOX,4.12,2025-10-14T19:59:10Z
NNVC,1.3,2025-10-14T16:03:55Z
NNY,8.43,2025-10-14T19:45:32Z
NOA,14.44,2025-10-14T19:55:01Z
NOAH,11.48,2025-10-14T19:58:35Z
NOBL,102.54,2025-10-14T19:59:54Z
NOC,627.06,2025-10-14T19:59:49Z
NOCT,56.77,2025-10-14T19:12:24Z
NODK,13.5,2025-10-14T19:55:26Z
NOEMW,0.2251,2025-10-14T13:49:51Z
NOG,22.3,2025-10-14T19:59:54Z
NOK,5.47,2025-10-14T19:59:48Z
NOMD,12.43,2025-10-14T19:59:52Z
NOTE,4.72,2025-10-14T19:55:04Z
NOTV,1.43,2025-10-14T19:54:53Z
NOV,12.555,2025-10-14T19:59:58Z
NOVP,30.49,2025-10-14T13:31:00Z
NOVT,105.59,2025-10-14T19:57:14Z
NOW,912.83,2025-10-14T19:57:02Z
NOWL,21.02,2025-10-14T13:53:25Z
NP,27.395,2025-10-14T19:59:46Z
NPB,17.59,2025-10-14T19:59:48Z
NPCE,10.74,2025-10-14T19:41:46Z
NPCT,10.88,2025-10-14T19:58:35Z
NPFD,19.94,2025-10-14T19:45:09Z
NPFI,26.295,2025-10-14T19:54:04Z
NPK,110.83,2025-10-14T18:01:53Z
NPKI,11.12,2025-10-14T19:59:55Z
NPO,226.5,2025-10-14T19:59:33Z
NPV,11.51,2025-10-14T18:12:00Z
NPWR,4.83,2025-10-14T19:59:55Z
NPWR+,1.23,2025-10-14T18:41:49Z
NQP,12.155,2025-10-14T17:16:48Z
NRC,11.51,2025-10-14T19:54:40Z
NRDS,10.66,2025-10-14T19:59:49Z
NRDY,1.125,2025-10-14T19:59:51Z
NREF,13.725,2025-10-14T19:57:52Z
NRG,165.63,2025-10-14T19:59:31Z
NRGU,17.69,2025-10-14T19:48:13Z
NRGV,4.195,2025-10-14T19:59:57Z
NRIM,21.41,2025-10-14T19:58:27Z
NRIX,9.175,2025-10-14T19:59:51Z
NRK,10.15,2025-10-14T19:51:27Z
NRO,3.21,2025-10-14T17:20:14Z
NRP,106.755,2025-10-14T19:53:02Z
NRSN,1.235,2025-10-14T19:59:55Z
NRUC,23.31,2025-10-14T19:19:04Z
NRXP,3.05,2025-10-14T19:59:53Z
NRXS,3.03,2025-10-14T19:55:25Z
NSA,31.47,2025-10-14T19:59:49Z
NSC,290.14,2025-10-14T19:59:39Z
NSEP,28.62,2025-10-14T18:40:11Z
NSI,31.77,2025-10-14T13:57:14Z
NSIT,107.7,2025-10-14T19:59:55Z
NSP,47,2025-10-14T19:59:29Z
NSPR,2.4,2025-10-14T19:38:21Z
NSSC,42.96,2025-10-14T19:59:42Z
NTAP,120.525,2025-10-14T19:59:56Z
NTB,42.32,2025-10-14T19:59:37Z
NTCL,1.3,2025-10-14T14:12:27Z
NTCT,25.69,2025-10-14T19:59:25Z
NTES,145.965,2025-10-14T19:58:39Z
NTGR,34.82,2025-10-14T19:59:46Z
NTLA,23.89,2025-10-14T19:59:55Z
NTNX,67.93,2025-10-14T19:59:58Z
NTR,58.005,2025-10-14T19:59:56Z
NTRA,172.945,2025-10-14T19:59:41Z
NTRP,3.345,2025-10-14T14:50:41Z
NTRS,129.08,2025-10-14T19:59:50Z
NTRSO,20.12,2025-10-14T16:51:58Z
NTSK,22.47,2025-10-14T19:59:52Z
NTST,19,2025-10-14T19:59:55Z
NTWK,4.48,2025-10-14T19:49:19Z
NU,14.91,2025-10-14T19:59:54Z
NUAI,3.04,2025-10-14T19:59:57Z
NUAIW,0.7025,2025-10-14T17:40:55Z
NUBD,22.52,2025-10-14T15:26:33Z
NUDM,37.485,2025-10-14T13:32:09Z
NUE,138.445,2025-10-14T19:59:27Z
NUEM,35.65,2025-10-14T13:40:25Z
NUGT,161.7,2025-10-14T19:58:35Z
NUKK,11.37,2025-10-14T19:59:52Z
NUKZ,71.59,2025-10-14T19:59:35Z
NULG,98.94,2025-10-14T19:59:15Z
NULV,43.5,2025-10-14T19:46:37Z
NUMV,38.25,2025-10-14T19:42:56Z
NUS,10.645,2025-10-14T19:59:42Z
NUSC,44.46,2025-10-14T18:45:22Z
NUTX,99,2025-10-14T16:25:52Z
NUV,9.075,2025-10-14T19:59:08Z
NUVB,3.555,2025-10-14T19:59:52Z
NUVL,84.65,2025-10-14T19:59:37Z
NUW,14.39,2025-10-14T18:39:46Z
NUWE,3.41,2025-10-14T19:59:53Z
NVA,71.61,2025-10-14T19:59:28Z
NVAWW,51.01,2025-10-14T15:43:07Z
NVAX,8.88,2025-10-14T19:59:54Z
NVCR,13.18,2025-10-14T19:59:47Z
NVCT,6.06,2025-10-14T19:59:47Z
NVD,9.195,2025-10-14T19:59:50Z
NVDA,180.03,2025-10-14T19:59:56Z
NVDB,28.66,2025-10-14T17:40:12Z
NVDD,40.45,2025-10-14T19:57:23Z
NVDG,18.47,2025-10-14T19:55:04Z
NVDL,86.43,2025-10-14T19:59:48Z
NVDO,20.17,2025-10-14T15:32:08Z
NVDQ,0.975,2025-10-14T19:59:26Z
NVDS,11.58,2025-10-14T19:59:57Z
NVDU,120.8,2025-10-14T19:59:37Z
NVDW,45.64,2025-10-14T19:47:44Z
NVDX,17.57,2025-10-14T19:59:57Z
NVDY,15.55,2025-10-14T19:59:49Z
NVEC,72.845,2025-10-14T19:39:52Z
NVFY,5.35,2025-10-14T19:59:41Z
NVG,12.46,2025-10-14T19:59:37Z
NVGS,14.51,2025-10-14T19:50:02Z
NVMI,313.82,2025-10-14T19:59:54Z
NVNI,4.54,2025-10-14T19:56:19Z
NVNIW,0.07,2025-10-14T19:18:55Z
NVNO,0.7786,2025-10-14T19:59:32Z
NVO,56.665,2025-10-14T19:59:57Z
NVOX,3.61,2025-10-14T19:45:35Z
NVR,7744.285,2025-10-14T19:59:47Z
NVRI,12.38,2025-10-14T19:59:54Z
NVS,130.27,2025-10-14T19:59:55Z
NVST,19.45,2025-10-14T19:59:54Z
NVT,99.55,2025-10-14T19:59:52Z
NVTS,12.56,2025-10-14T19:59:59Z
NVTX,103.87,2025-10-14T19:55:31Z
NVVE,0.2411,2025-10-14T19:46:58Z
NVX,2.785,2025-10-14T19:59:59Z
NVYY,23.2,2025-10-14T18:14:40Z
NWBI,12.67,2025-10-14T19:59:52Z
NWE,58.34,2025-10-14T19:59:25Z
NWG,14.695,2025-10-14T19:59:52Z
NWL,4.845,2025-10-14T19:59:57Z
NWN,44.44,2025-10-14T19:59:48Z
NWPX,51.45,2025-10-14T19:38:08Z
NWS,29.95,2025-10-14T19:59:54Z
NWSA,26.655,2025-10-14T19:59:57Z
NWTG,1.84,2025-10-14T17:11:24Z
NX,14.21,2025-10-14T19:59:45Z
NXC,13.07,2025-10-14T14:49:50Z
NXDR,2.04,2025-10-14T19:59:44Z
NXDT,3.47,2025-10-14T17:44:24Z
NXE,9.4,2025-10-14T19:59:58Z
NXG,49.42,2025-10-14T16:02:06Z
NXGL,2.59,2025-10-14T19:55:25Z
NXJ,12.66,2025-10-14T19:33:17Z
NXL,1.28,2025-10-14T19:58:55Z
NXN,12,2025-10-14T16:36:35Z
NXP,14.525,2025-10-14T19:59:36Z
NXPI,216.05,2025-10-14T19:59:54Z
NXPL,0.804,2025-10-14T19:58:21Z
NXRT,31.54,2025-10-14T19:59:40Z
NXST,198.12,2025-10-14T19:50:08Z
NXT,87.025,2025-10-14T19:59:27Z
NXTC,6.48,2025-10-14T13:32:53Z
NXTG,105.485,2025-10-14T19:58:21Z
NXTT,23.95,2025-10-14T19:47:52Z
NXXT,2.61,2025-10-14T19:59:56Z
NYF,53.495,2025-10-14T19:54:30Z
NYT,54.96,2025-10-14T19:59:54Z
NYXH,6.1,2025-10-14T19:56:48Z
NZAC,42.57,2025-10-14T17:10:40Z
NZF,12.58,2025-10-14T19:59:34Z
O,58.82,2025-10-14T19:59:59Z
OABI,1.615,2025-10-14T19:58:41Z
OACP,23.175,2025-10-14T17:27:45Z
OAEM,34.22,2025-10-14T17:31:50Z
OAIM,39.86,2025-10-14T17:31:51Z
OAK-A,21.95,2025-10-14T16:43:04Z
OAKM,26.54,2025-10-14T19:37:05Z
OARK,8.94,2025-10-14T19:59:54Z
OBAWW,0.235,2025-10-14T16:41:11Z
OBDC,12.88,2025-10-14T19:59:55Z
OBE,5.99,2025-10-14T19:59:56Z
OBIL,50.235,2025-10-14T19:59:24Z
OBIO,3.55,2025-10-14T19:59:24Z
OBK,34.5,2025-10-14T19:56:04Z
OBLG,2.945,2025-10-14T19:59:03Z
OBOR,25.9,2025-10-14T13:40:20Z
OBT,24.685,2025-10-14T16:40:03Z
OC,128.17,2025-10-14T19:59:45Z
OCC,8.75,2025-10-14T17:49:06Z
OCCI,5.45,2025-10-14T19:59:44Z
OCFC,18.72,2025-10-14T19:59:49Z
OCFT,7.46,2025-10-14T14:21:20Z
OCG,3.9,2025-10-14T16:58:49Z
OCGN,1.615,2025-10-14T19:59:48Z
OCIO,37.02,2025-10-14T17:24:24Z
OCS,21.51,2025-10-14T19:59:40Z
OCSL,13.06,2025-10-14T19:59:47Z
OCTH,23.77,2025-10-14T18:34:04Z
OCTJ,23.79,2025-10-14T13:41:57Z
OCTT,42.395,2025-10-14T19:41:47Z
OCTU,27.93,2025-10-14T19:58:01Z
OCTW,38.32,2025-10-14T18:48:30Z
OCUL,11.21,2025-10-14T19:59:56Z
ODC,60.39,2025-10-14T17:18:11Z
ODD,50.7,2025-10-14T19:59:51Z
ODFL,135.41,2025-10-14T19:59:56Z
ODP,27.8,2025-10-14T19:59:48Z
ODV,3.59,2025-10-14T19:59:27Z
ODYS,3.43,2025-10-14T18:54:36Z
OEC,5.75,2025-10-14T19:59:55Z
OEF,330.69,2025-10-14T19:54:23Z
OFAL,1.18,2025-10-14T19:59:41Z
OFG,43.4,2025-10-14T19:59:47Z
OFIX,14.8,2025-10-14T19:59:47Z
OFLX,29.55,2025-10-14T19:24:47Z
OFS,7.17,2025-10-14T19:53:48Z
OGE,46.54,2025-10-14T19:59:57Z
OGEN,1.39,2025-10-14T19:54:56Z
OGI,1.905,2025-10-14T19:50:13Z
OGIG,56.425,2025-10-14T19:46:43Z
OGN,9.55,2025-10-14T19:59:56Z
OGS,80.405,2025-10-14T19:59:49Z
OHI,39.67,2025-10-14T19:59:53Z
OI,11.61,2025-10-14T19:59:55Z
OIA,6.13,2025-10-14T19:41:57Z
OIH,248.77,2025-10-14T19:57:12Z
OII,22.245,2025-10-14T19:59:55Z
OILD,12.09,2025-10-14T19:37:19Z
OILK,38,2025-10-14T19:56:13Z
OILU,21.21,2025-10-14T19:59:46Z
OIS,5.91,2025-10-14T19:59:56Z
OKE,69.6,2025-10-14T19:59:49Z
OKLL,135.7,2025-10-14T19:58:27Z
OKLO,174.01,2025-10-14T19:59:54Z
OKTA,89.04,2025-10-14T19:59:42Z
OKUR,2.81,2025-10-14T19:53:09Z
OKYO,1.97,2025-10-14T19:58:51Z
OLB,1.465,2025-10-14T19:50:06Z
OLED,141.57,2025-10-14T19:57:54Z
OLLI,128.89,2025-10-14T19:59:41Z
OLMA,10.74,2025-10-14T19:59:55Z
OLN,24.575,2025-10-14T19:59:48Z
OLP,20.88,2025-10-14T19:56:13Z
OLPX,1.25,2025-10-14T19:59:57Z
OM,13.38,2025-10-14T19:59:46Z
OMAB,102.92,2025-10-14T19:48:20Z
OMAH,19.1,2025-10-14T17:31:44Z
OMC,78.555,2025-10-14T19:59:51Z
OMCC,5.67,2025-10-14T17:36:54Z
OMCL,29.71,2025-10-14T19:59:42Z
OMDA,24.5,2025-10-14T19:59:08Z
OMER,4.09,2025-10-14T19:59:57Z
OMEX,4.115,2025-10-14T19:59:59Z
OMF,55.825,2025-10-14T19:59:50Z
OMFL,59.73,2025-10-14T19:38:43Z
OMH,1.24,2025-10-14T19:44:20Z
OMI,4.57,2025-10-14T19:59:49Z
OMSE,3.77,2025-10-14T16:58:52Z
ON,49.545,2025-10-14T19:59:55Z
ONB,21.7,2025-10-14T19:59:57Z
ONBPP,25.15,2025-10-14T16:16:48Z
ONC,320.91,2025-10-14T19:59:34Z
ONCH,10.39,2025-10-14T16:37:10Z
ONCHU,10.55,2025-10-14T19:52:21Z
ONCO,3.71,2025-10-14T19:18:56Z
ONCY,1.2,2025-10-14T19:41:26Z
OND,46.9,2025-10-14T16:06:35Z
ONDS,10.42,2025-10-14T19:59:58Z
ONEG,12.09,2025-10-14T19:54:30Z
ONEQ,88.58,2025-10-14T19:59:55Z
ONEW,15.26,2025-10-14T19:59:26Z
ONFO,1.14,2025-10-14T14:51:24Z
ONIT,37.965,2025-10-14T19:37:30Z
ONL,2.585,2025-10-14T19:59:57Z
ONMD,2.985,2025-10-14T19:59:54Z
ONON,42.185,2025-10-14T19:59:56Z
ONTF,5.56,2025-10-14T19:37:15Z
ONTO,130.485,2025-10-14T19:59:49Z
OOMA,11.3,2025-10-14T19:51:57Z
OOQB,16.85,2025-10-14T19:56:15Z
OP,1.835,2025-10-14T19:58:38Z
OPAD,3.15,2025-10-14T19:59:39Z
OPAL,2.6,2025-10-14T19:58:40Z
OPBK,13.62,2025-10-14T19:45:12Z
OPCH,27.1,2025-10-14T19:59:51Z
OPEN,7.67,2025-10-14T19:59:59Z
OPER,100.23,2025-10-14T19:23:11Z
OPFI,10.24,2025-10-14T19:59:54Z
OPK,1.515,2025-10-14T19:59:50Z
OPP,8.37,2025-10-14T14:43:08Z
OPPJ,41.71,2025-10-14T17:31:53Z
OPRA,16.51,2025-10-14T19:59:49Z
OPRT,5.47,2025-10-14T19:59:56Z
OPRX,19.93,2025-10-14T19:59:46Z
OPTT,0.5855,2025-10-14T19:59:20Z
OPTX,2.29,2025-10-14T19:33:28Z
OPXS,14.5,2025-10-14T13:37:46Z
OPY,69.42,2025-10-14T19:39:06Z
OR,38.31,2025-10-14T19:59:54Z
ORA,108.27,2025-10-14T19:59:52Z
ORBS,9.83,2025-10-14T19:59:47Z
ORC,7.28,2025-10-14T19:59:48Z
ORCL,299.01,2025-10-14T19:59:58Z
ORCX,44.7,2025-10-14T19:59:19Z
ORGN,0.655,2025-10-14T19:58:33Z
ORGO,4.01,2025-10-14T19:59:55Z
ORI,43.51,2025-10-14T19:59:52Z
ORIC,13.16,2025-10-14T19:59:54Z
ORIQW,0.24,2025-10-14T18:03:34Z
ORIS,0.1601,2025-10-14T19:57:34Z
ORKA,27.625,2025-10-14T19:59:55Z
ORLA,13.13,2025-10-14T19:59:52Z
ORLY,103.05,2025-10-14T19:59:56Z
ORN,8.65,2025-10-14T19:59:26Z
ORRF,34.205,2025-10-14T19:57:14Z
OS,17.425,2025-10-14T19:59:58Z
OSBC,17.98,2025-10-14T19:59:51Z
OSCR,20.69,2025-10-14T19:59:59Z
OSCV,37.38,2025-10-14T15:38:27Z
OSCX,24.12,2025-10-14T19:59:28Z
OSEA,30.15,2025-10-14T19:34:34Z
OSIS,252.1,2025-10-14T19:14:09Z
OSK,131.55,2025-10-14T19:58:04Z
OSPN,15.33,2025-10-14T19:59:50Z
OSRH,0.5582,2025-10-14T19:57:05Z
OSS,6.075,2025-10-14T19:59:10Z
OSTX,1.945,2025-10-14T19:59:03Z
OSUR,3.06,2025-10-14T19:59:47Z
OSW,20.565,2025-10-14T19:59:58Z
OTEX,39.08,2025-10-14T19:59:55Z
OTF,14.42,2025-10-14T19:59:55Z
OTIS,90.83,2025-10-14T19:59:55Z
OTLK,1.44,2025-10-14T19:59:46Z
OTLY,13.55,2025-10-14T19:56:53Z
OTTR,77.88,2025-10-14T19:48:43Z
OUNZ,39.84,2025-10-14T19:52:18Z
OUSA,56.225,2025-10-14T19:59:49Z
OUSM,44.03,2025-10-14T19:44:19Z
OUST,36.19,2025-10-14T19:59:42Z
OUT,17.495,2025-10-14T19:59:48Z
OVID,1.75,2025-10-14T19:59:47Z
OVV,36.815,2025-10-14T19:59:58Z
OWL,16.76,2025-10-14T19:59:58Z
OWLT,8.95,2025-10-14T19:59:48Z
OXBR,1.8,2025-10-14T16:32:54Z
OXLC,16.44,2025-10-14T19:59:08Z
OXM,37.655,2025-10-14T19:54:53Z
OXSQ,1.835,2025-10-14T19:59:59Z
OXY,42.28,2025-10-14T19:59:54Z
OXY+,20.6,2025-10-14T16:30:35Z
OZK,51.3,2025-10-14T19:59:54Z
PAA,15.88,2025-10-14T19:59:51Z
PAAA,51.365,2025-10-14T19:59:57Z
PAAS,39.53,2025-10-14T19:59:58Z
PAB,43.15,2025-10-14T19:55:58Z
PABD,63.71,2025-10-14T19:29:33Z
PAC,221.455,2025-10-14T19:17:56Z
PACB,1.59,2025-10-14T19:59:56Z
PACK,5.57,2025-10-14T19:59:55Z
PACS,12.83,2025-10-14T19:59:58Z
PAG,174.04,2025-10-14T19:58:48Z
PAGP,16.87,2025-10-14T19:59:57Z
PAGS,8.74,2025-10-14T19:59:55Z
PAHC,37.71,2025-10-14T19:58:24Z
PAII,10.04,2025-10-14T18:13:50Z
PAL,6.14,2025-10-14T19:55:04Z
PALI,1.84,2025-10-14T19:59:52Z
PALL,138.365,2025-10-14T19:59:44Z
PAM,64.085,2025-10-14T19:57:47Z
PANG,16.32,2025-10-14T19:55:00Z
PANL,4.855,2025-10-14T19:59:48Z
PANW,207.6,2025-10-14T19:59:50Z
PAPI,25.83,2025-10-14T19:56:30Z
PAPL,5.53,2025-10-14T13:30:12Z
PAPR,38.35,2025-10-14T18:07:23Z
PAR,36.745,2025-10-14T19:59:45Z
PARR,36.15,2025-10-14T19:59:50Z
PASG,8.61,2025-10-14T17:37:17Z
PATH,16.45,2025-10-14T19:59:59Z
PATK,99.3,2025-10-14T19:58:31Z
PAUG,42.39,2025-10-14T17:11:54Z
PAVE,47.715,2025-10-14T19:59:50Z
PAVM,0.528,2025-10-14T19:58:49Z
PAVS,0.668,2025-10-14T19:43:45Z
PAX,14.42,2025-10-14T19:59:48Z
PAXS,16.13,2025-10-14T19:57:53Z
PAY,29.49,2025-10-14T19:59:50Z
PAYC,200.56,2025-10-14T19:59:41Z
PAYO,5.95,2025-10-14T19:59:56Z
PAYS,5.62,2025-10-14T19:59:49Z
PAYX,128.66,2025-10-14T19:59:52Z
PB,66.09,2025-10-14T19:59:46Z
PBA,38.95,2025-10-14T19:59:58Z
PBDC,30.36,2025-10-14T19:59:28Z
PBF,29.395,2025-10-14T19:59:42Z
PBFR,28.59,2025-10-14T19:37:16Z
PBFS,13.08,2025-10-14T19:59:55Z
PBH,61.9,2025-10-14T19:59:47Z
PBI,11.03,2025-10-14T19:59:57Z
PBM,3.43,2025-10-14T15:52:02Z
PBPB,17.11,2025-10-14T19:59:56Z
PBQQ,28.07,2025-10-14T16:19:56Z
PBR,11.785,2025-10-14T19:59:57Z
PBR.A,10.985,2025-10-14T19:59:45Z
PBT,17.87,2025-10-14T14:42:23Z
PBUS,66.655,2025-10-14T19:59:55Z
PBW,34.75,2025-10-14T19:59:50Z
PBYI,5.32,2025-10-14T19:59:58Z
PC,10,2025-10-14T19:57:56Z
PCAR,95.12,2025-10-14T19:59:50Z
PCB,20.745,2025-10-14T19:34:04Z
PCF,6.295,2025-10-14T19:44:23Z
PCG,16.42,2025-10-14T19:59:58Z
PCGG,12.29,2025-10-14T16:12:04Z
PCH,40.99,2025-10-14T19:59:59Z
PCIG,9.46,2025-10-14T18:49:24Z
PCM,6.625,2025-10-14T19:09:14Z
PCMM,50.48,2025-10-14T18:28:08Z
PCN,13.275,2025-10-14T19:50:18Z
PCOR,72.39,2025-10-14T19:59:50Z
PCQ,8.82,2025-10-14T19:08:24Z
PCRB,49.81,2025-10-14T19:03:17Z
PCRX,22.75,2025-10-14T19:59:48Z
PCSA,0.3971,2025-10-14T19:59:36Z
PCT,14.78,2025-10-14T19:59:53Z
PCTY,151.25,2025-10-14T19:58:26Z
PCVX,42.78,2025-10-14T19:59:47Z
PCY,21.615,2025-10-14T19:57:23Z
PCYO,11.08,2025-10-14T19:58:01Z
PD,15.81,2025-10-14T19:59:55Z
PDBA,35.38,2025-10-14T19:59:49Z
PDBC,13.175,2025-10-14T19:59:46Z
PDD,127.11,2025-10-14T19:59:59Z
PDDL,36.8,2025-10-14T14:21:26Z
PDEX,25.33,2025-10-14T19:29:31Z
PDFS,26.53,2025-10-14T19:58:24Z
PDI,19.565,2025-10-14T19:59:37Z
PDLB,14.58,2025-10-14T19:59:21Z
PDM,8.15,2025-10-14T19:59:51Z
PDN,40.63,2025-10-14T16:49:49Z
PDO,14.005,2025-10-14T19:59:51Z
PDP,120.88,2025-10-14T17:21:46Z
PDS,54.375,2025-10-14T19:57:45Z
PDSB,0.934,2025-10-14T19:55:49Z
PDT,13.21,2025-10-14T19:59:25Z
PDX,22.27,2025-10-14T17:49:07Z
PDYN,10.31,2025-10-14T19:59:46Z
PEB,10.75,2025-10-14T19:59:48Z
PEB-H,17.24,2025-10-14T18:22:05Z
PEBO,29.76,2025-10-14T19:59:46Z
PECO,33.75,2025-10-14T19:59:48Z
PEG,82.44,2025-10-14T19:59:56Z
PEGA,55.845,2025-10-14T19:59:50Z
PEJ,58.825,2025-10-14T17:33:12Z
PELI,10.11,2025-10-14T17:24:08Z
PEN,255.41,2025-10-14T19:58:16Z
PENG,22.59,2025-10-14T19:59:53Z
PENN,17.18,2025-10-14T19:59:57Z
PEO,21.115,2025-10-14T16:19:16Z
PEP,151.59,2025-10-14T19:59:56Z
PEPG,4.59,2025-10-14T19:59:34Z
PERF,2.01,2025-10-14T19:59:13Z
PERI,9.775,2025-10-14T19:59:06Z
PESI,11.07,2025-10-14T19:58:00Z
PETS,2.6,2025-10-14T19:59:34Z
PEW,4.68,2025-10-14T19:58:41Z
PEY,21.05,2025-10-14T19:52:14Z
PFAI,1.93,2025-10-14T16:22:58Z
PFBC,90.22,2025-10-14T19:46:20Z
PFE,24.53,2025-10-14T19:59:59Z
PFEB,39.53,2025-10-14T15:36:57Z
PFF,31.395,2025-10-14T19:59:45Z
PFFA,21.56,2025-10-14T19:59:55Z
PFFD,19.32,2025-10-14T19:59:29Z
PFFR,18.5,2025-10-14T19:59:31Z
PFFV,22.915,2025-10-14T16:45:56Z
PFG,81.31,2025-10-14T19:59:52Z
PFGC,103.54,2025-10-14T19:59:53Z
PFIS,47.8,2025-10-14T18:52:39Z
PFIX,46.58,2025-10-14T19:56:45Z
PFL,8.51,2025-10-14T17:33:52Z
PFLD,19.65,2025-10-14T19:22:27Z
PFLT,8.795,2025-10-14T19:59:56Z
PFN,7.54,2025-10-14T19:59:56Z
PFO,9.73,2025-10-14T19:59:57Z
PFS,19.48,2025-10-14T19:59:43Z
PFSA,0.3065,2025-10-14T19:46:07Z
PFSI,119.65,2025-10-14T19:59:51Z
PFUT,26.49,2025-10-14T19:26:44Z
PFXF,17.81,2025-10-14T19:59:58Z
PG,149.185,2025-10-14T19:59:56Z
PGC,28.515,2025-10-14T19:48:41Z
PGEN,3.205,2025-10-14T19:59:58Z
PGF,14.56,2025-10-14T19:37:43Z
PGHY,19.85,2025-10-14T19:53:59Z
PGNY,20.23,2025-10-14T19:59:48Z
PGP,8.46,2025-10-14T14:52:50Z
PGR,240.49,2025-10-14T19:59:49Z
PGRE,6.52,2025-10-14T19:59:53Z
PGRO,43.87,2025-10-14T19:44:49Z
PGX,11.53,2025-10-14T19:59:45Z
PGY,29.89,2025-10-14T19:59:56Z
PGZ,10.41,2025-10-14T18:46:04Z
PH,736.56,2025-10-14T19:59:42Z
PHAT,12.49,2025-10-14T19:59:53Z
PHB,18.55,2025-10-14T19:42:05Z
PHEQ,31.96,2025-10-14T17:40:14Z
PHG,27.175,2025-10-14T19:59:05Z
PHGE,0.6186,2025-10-14T18:38:44Z
PHH,0.4127,2025-10-14T19:38:43Z
PHI,19,2025-10-14T19:59:32Z
PHIN,52.82,2025-10-14T19:59:55Z
PHK,4.92,2025-10-14T19:50:06Z
PHLT,7.725,2025-10-14T19:59:47Z
PHM,124.88,2025-10-14T19:59:59Z
PHO,73.26,2025-10-14T19:29:40Z
PHOE,13.545,2025-10-14T18:45:31Z
PHR,22.93,2025-10-14T19:59:45Z
PHUN,2.99,2025-10-14T19:57:01Z
PHVS,20.96,2025-10-14T19:59:45Z
PHYL,35.395,2025-10-14T19:55:03Z
PHYS,31.62,2025-10-14T19:58:47Z
PI,197.43,2025-10-14T19:59:40Z
PICB,23.58,2025-10-14T13:51:41Z
PICK,46.035,2025-10-14T19:51:53Z
PID,21.18,2025-10-14T16:23:15Z
PIEQ,31.66,2025-10-14T19:45:47Z
PII,69.88,2025-10-14T19:59:54Z
PILL,7.73,2025-10-14T19:39:31Z
PIM,3.38,2025-10-14T18:15:17Z
PIN,25.47,2025-10-14T19:59:40Z
PINC,27.98,2025-10-14T19:59:58Z
PINE,13.695,2025-10-14T19:56:21Z
PINK,32.8,2025-10-14T19:59:53Z
PINS,33.12,2025-10-14T19:59:56Z
PIPR,346.18,2025-10-14T19:59:27Z
PIZ,46.9,2025-10-14T13:53:08Z
PJAN,45.69,2025-10-14T19:38:23Z
PJT,175.13,2025-10-14T19:59:42Z
PJUL,45.41,2025-10-14T19:52:35Z
PK,11.06,2025-10-14T19:59:54Z
PKBK,20.815,2025-10-14T19:39:28Z
PKE,21.16,2025-10-14T19:59:08Z
PKG,210.79,2025-10-14T19:59:55Z
PKOH,20.505,2025-10-14T19:29:08Z
PKST,12.515,2025-10-14T19:59:46Z
PKX,49.465,2025-10-14T19:58:22Z
PL,14.79,2025-10-14T19:59:58Z
PL+,4.65,2025-10-14T19:57:16Z
PLAB,23.16,2025-10-14T19:59:54Z
PLAG,2.03,2025-10-14T14:02:10Z
PLAY,18.76,2025-10-14T19:59:55Z
PLBC,42.745,2025-10-14T19:50:56Z
PLBY,1.405,2025-10-14T19:59:41Z
PLCE,7.89,2025-10-14T19:59:46Z
PLD,115.47,2025-10-14T19:59:55Z
PLG,2.89,2025-10-14T19:59:58Z
PLMR,119.22,2025-10-14T19:55:05Z
PLNT,94.74,2025-10-14T19:59:51Z
PLOW,30.63,2025-10-14T19:50:25Z
PLPC,220.1,2025-10-14T19:14:40Z
PLRX,1.51,2025-10-14T19:59:55Z
PLRZ,1.165,2025-10-14T19:59:39Z
PLSE,17.21,2025-10-14T19:47:48Z
PLTA,29.64,2025-10-14T13:54:33Z
PLTD,6.8,2025-10-14T19:59:45Z
PLTG,34.73,2025-10-14T19:18:11Z
PLTK,3.48,2025-10-14T19:59:58Z
PLTM,15.86,2025-10-14T19:59:42Z
PLTR,179.74,2025-10-14T19:59:59Z
PLTU,97.36,2025-10-14T19:59:56Z
PLTW,43.3,2025-10-14T13:45:42Z
PLTY,61.7,2025-10-14T19:59:43Z
PLTZ,7.13,2025-10-14T19:59:42Z
PLUG,4.04,2025-10-14T19:59:59Z
PLUS,72.74,2025-10-14T19:55:16Z
PLUT,3.59,2025-10-14T14:04:26Z
PLX,2.36,2025-10-14T19:59:34Z
PLXS,139.9,2025-10-14T18:56:13Z
PLYM,21.47,2025-10-14T19:59:25Z
PM,159.06,2025-10-14T19:59:57Z
PMAX,2.99,2025-10-14T19:54:02Z
PMAY,38.77,2025-10-14T19:44:22Z
PMBS,49.74,2025-10-14T15:59:46Z
PMCB,1.01,2025-10-14T19:33:30Z
PMEC,1.88,2025-10-14T18:42:12Z
PMI,9.76,2025-10-14T19:51:55Z
PML,7.925,2025-10-14T19:59:19Z
PMM,6.14,2025-10-14T19:59:37Z
PMMF,100.385,2025-10-14T19:58:47Z
PMN,0.4501,2025-10-14T19:42:26Z
PMNT,0.5001,2025-10-14T15:37:21Z
PMO,10.4,2025-10-14T19:57:30Z
PMT,11.98,2025-10-14T19:59:54Z
PMTR,10.3,2025-10-14T19:53:30Z
PMTRW,0.71,2025-10-14T19:36:27Z
PMTS,15.51,2025-10-14T19:13:36Z
PMTW,25.48,2025-10-14T19:51:16Z
PMVP,1.42,2025-10-14T19:57:52Z
PN,0.7058,2025-10-14T13:30:53Z
PNBK,1.325,2025-10-14T19:58:52Z
PNC,189.79,2025-10-14T19:59:46Z
PNFP,91.88,2025-10-14T19:59:54Z
PNFPP,25.2,2025-10-14T19:45:01Z
PNNT,6.64,2025-10-14T19:59:19Z
PNOV,41.15,2025-10-14T19:36:30Z
PNQI,54.88,2025-10-14T19:37:04Z
PNR,110.39,2025-10-14T19:59:46Z
PNRG,163.04,2025-10-14T19:57:42Z
PNTG,24.05,2025-10-14T19:59:05Z
PNW,93.495,2025-10-14T19:59:51Z
POAI,13.5,2025-10-14T19:58:00Z
POCI,4.2,2025-10-14T19:54:17Z
POCT,42.9,2025-10-14T19:59:42Z
PODC,1.63,2025-10-14T19:49:16Z
PODD,317.79,2025-10-14T19:55:00Z
POET,9.05,2025-10-14T19:59:58Z
POLA,4.94,2025-10-14T18:41:35Z
POM,4.68,2025-10-14T19:58:42Z
PONY,21.03,2025-10-14T19:59:55Z
POOL,295.37,2025-10-14T19:57:07Z
POR,43.43,2025-10-14T19:59:50Z
POST,108.07,2025-10-14T19:59:53Z
POWI,47.105,2025-10-14T19:59:53Z
POWL,317.76,2025-10-14T19:57:03Z
POWW,1.53,2025-10-14T19:59:54Z
PPA,156.16,2025-10-14T19:58:22Z
PPBT,0.62,2025-10-14T18:37:41Z
PPC,38.075,2025-10-14T19:59:52Z
PPCB,1.8,2025-10-14T19:42:05Z
PPG,100.51,2025-10-14T19:59:49Z
PPH,91.87,2025-10-14T19:59:56Z
PPI,19.07,2025-10-14T18:31:33Z
PPIE,28.11,2025-10-14T17:02:35Z
PPIH,25.63,2025-10-14T19:51:19Z
PPL,37.85,2025-10-14T19:59:58Z
PPLT,149.43,2025-10-14T19:55:07Z
PPSI,4.96,2025-10-14T19:22:54Z
PPT,3.68,2025-10-14T19:59:59Z
PPTA,27.18,2025-10-14T19:59:49Z
PR,12.36,2025-10-14T19:59:55Z
PRA,24.04,2025-10-14T19:59:55Z
PRAA,14.32,2025-10-14T19:59:47Z
PRAX,52.66,2025-10-14T19:59:28Z
PRCH,15.49,2025-10-14T19:59:58Z
PRCT,33.8,2025-10-14T19:59:54Z
PRDO,34.91,2025-10-14T19:59:57Z
PRE,13.94,2025-10-14T19:57:07Z
PREF,19.02,2025-10-14T19:59:55Z
PRF,45.005,2025-10-14T19:59:50Z
PRFX,1.28,2025-10-14T19:59:10Z
PRFZ,45.515,2025-10-14T19:59:46Z
PRG,31.77,2025-10-14T19:59:22Z
PRGO,21.65,2025-10-14T19:59:55Z
PRGS,46.3,2025-10-14T19:59:48Z
PRH,25.18,2025-10-14T19:51:39Z
PRHI,1.465,2025-10-14T19:59:54Z
PRI,272.21,2025-10-14T19:55:57Z
PRIM,140.525,2025-10-14T19:59:40Z
PRK,158.73,2025-10-14T16:51:50Z
PRKS,53.73,2025-10-14T19:59:50Z
PRLB,51.73,2025-10-14T19:56:46Z
PRLD,1.32,2025-10-14T18:54:23Z
PRM,22.07,2025-10-14T19:59:58Z
PRMB,22.35,2025-10-14T19:59:57Z
PRME,5.995,2025-10-14T19:59:57Z
PRNT,23.65,2025-10-14T19:57:22Z
PRO,22.93,2025-10-14T19:59:59Z
PROF,5.8,2025-10-14T19:59:50Z
PROK,3.08,2025-10-14T19:59:48Z
PROP,1.885,2025-10-14T19:59:53Z
PRPH,0.5287,2025-10-14T19:58:00Z
PRPL,0.9001,2025-10-14T19:56:59Z
PRPO,17.005,2025-10-14T18:35:11Z
PRQR,2.45,2025-10-14T19:59:54Z
PRSO,1.7,2025-10-14T19:58:01Z
PRSU,36.755,2025-10-14T19:59:03Z
PRT,3.94,2025-10-14T15:45:32Z
PRTA,10.11,2025-10-14T19:59:49Z
PRTH,7.415,2025-10-14T19:59:53Z
PRTS,0.6863,2025-10-14T19:58:01Z
PRU,103.76,2025-10-14T19:59:53Z
PRVA,24.83,2025-10-14T19:59:51Z
PRZO,1.71,2025-10-14T19:59:52Z
PSA,302.16,2025-10-14T19:59:49Z
PSA-F,22.4,2025-10-14T16:37:49Z
PSA-J,19.85,2025-10-14T16:38:37Z
PSA-K,20.23,2025-10-14T15:39:12Z
PSA-P,17.05,2025-10-14T13:42:08Z
PSA-R,16.86,2025-10-14T15:16:28Z
PSBD,12.55,2025-10-14T19:58:53Z
PSC,56.58,2025-10-14T19:38:37Z
PSCD,108.52,2025-10-14T19:42:13Z
PSCH,41.58,2025-10-14T19:38:55Z
PSDM,51.555,2025-10-14T19:46:19Z
PSEC,2.825,2025-10-14T19:59:21Z
PSEC-A,16.47,2025-10-14T16:19:30Z
PSEP,42.73,2025-10-14T19:53:09Z
PSET,76.08,2025-10-14T18:52:37Z
PSF,20.61,2025-10-14T19:59:54Z
PSFE,12.42,2025-10-14T19:59:39Z
PSFF,31.63,2025-10-14T19:27:36Z
PSFO,31.47,2025-10-14T15:40:03Z
PSI,70.74,2025-10-14T13:52:26Z
PSIG,3.505,2025-10-14T13:43:59Z
PSIX,91.705,2025-10-14T19:58:14Z
PSK,32.75,2025-10-14T16:19:51Z
PSKY,17.29,2025-10-14T19:59:45Z
PSLV,17.17,2025-10-14T19:59:50Z
PSMT,123.63,2025-10-14T19:59:39Z
PSN,85.99,2025-10-14T19:59:45Z
PSNL,8.22,2025-10-14T19:59:47Z
PSNY,0.8731,2025-10-14T19:58:27Z
PSNYW,0.1964,2025-10-14T19:14:47Z
PSO,14.23,2025-10-14T19:59:56Z
PSQ,31.17,2025-10-14T19:59:48Z
PSQA,20.36,2025-10-14T14:46:41Z
PSQH,2.33,2025-10-14T19:59:53Z
PSTG,92.56,2025-10-14T19:59:51Z
PSTL,14.91,2025-10-14T19:59:03Z
PSTP,34.64,2025-10-14T19:55:20Z
PSTR,28.38,2025-10-14T16:33:56Z
PSTV,0.6953,2025-10-14T19:58:31Z
PSX,130.855,2025-10-14T19:59:48Z
PT,0.835,2025-10-14T19:07:05Z
PTA,20.06,2025-10-14T19:56:41Z
PTBD,19.73,2025-10-14T19:39:00Z
PTC,202.15,2025-10-14T19:59:57Z
PTCT,66.04,2025-10-14T19:59:57Z
PTEN,5.675,2025-10-14T19:59:50Z
PTGX,76.94,2025-10-14T19:59:52Z
PTHL,0.665,2025-10-14T18:41:26Z
PTHS,26.495,2025-10-14T19:24:31Z
PTIN,30.55,2025-10-14T19:59:49Z
PTIR,31.04,2025-10-14T19:59:43Z
PTIX,3.04,2025-10-14T19:59:44Z
PTLC,54.55,2025-10-14T19:37:24Z
PTLE,0.1694,2025-10-14T19:59:07Z
PTLO,6.12,2025-10-14T19:59:54Z
PTMC,35.37,2025-10-14T14:35:07Z
PTNQ,77.27,2025-10-14T19:59:46Z
PTON,7.72,2025-10-14T19:59:58Z
PTRB,42.435,2025-10-14T19:51:24Z
PTRN,14.01,2025-10-14T19:59:55Z
PTY,14.35,2025-10-14T19:43:35Z
PUBM,8.25,2025-10-14T19:59:54Z
PUK,27.58,2025-10-14T19:59:44Z
PULS,49.73,2025-10-14T19:59:56Z
PUMP,5.14,2025-10-14T19:59:58Z
PVAL,42.64,2025-10-14T19:58:57Z
PVBC,12.6,2025-10-14T19:55:52Z
PVH,83.04,2025-10-14T19:59:29Z
PVLA,73.16,2025-10-14T19:54:43Z
PW,0.8589,2025-10-14T13:53:02Z
PWB,126.53,2025-10-14T19:37:05Z
PWP,19.72,2025-10-14T19:59:52Z
PWR,431.91,2025-10-14T19:59:53Z
PWRD,99.855,2025-10-14T19:45:30Z
PWV,64.41,2025-10-14T19:53:30Z
PWZ,24.145,2025-10-14T19:57:31Z
PX,10.7,2025-10-14T19:59:53Z
PXE,28.04,2025-10-14T19:37:25Z
PXED,36.765,2025-10-14T16:40:52Z
PXF,61.06,2025-10-14T19:37:44Z
PXH,24.98,2025-10-14T19:59:01Z
PXI,47.1,2025-10-14T14:28:57Z
PXIU,24.47,2025-10-14T13:54:32Z
PXLW,14.93,2025-10-14T19:59:19Z
PYLD,26.77,2025-10-14T19:59:56Z
PYPD,3.34,2025-10-14T19:53:19Z
PYPG,16.29,2025-10-14T19:55:04Z
PYPL,69.15,2025-10-14T19:59:55Z
PYXS,3.225,2025-10-14T19:59:00Z
PZA,23.27,2025-10-14T19:43:03Z
PZG,1.205,2025-10-14T19:59:52Z
PZT,22.425,2025-10-14T18:04:35Z
PZZA,48.7,2025-10-14T19:59:55Z
QARP,56.52,2025-10-14T15:48:58Z
QBF,26.92,2025-10-14T16:11:30Z
QBIG,37.31,2025-10-14T19:51:21Z
QBTS,43.025,2025-10-14T19:59:55Z
QBTS+,51.38,2025-10-14T19:53:45Z
QBTX,439.82,2025-10-14T19:59:52Z
QBTZ,10.43,2025-10-14T19:43:25Z
QCJA,21.43,2025-10-14T18:57:13Z
QCLN,46.19,2025-10-14T19:46:24Z
QCLS,4.4,2025-10-14T19:59:59Z
QCML,19.665,2025-10-14T19:59:06Z
QCMU,26.1,2025-10-14T19:37:05Z
QCOM,161.695,2025-10-14T19:59:57Z
QCRH,72.05,2025-10-14T19:38:20Z
QD,4.525,2025-10-14T19:59:43Z
QDEC,30.98,2025-10-14T15:02:51Z
QDEF,79.36,2025-10-14T19:37:19Z
QDEL,26.17,2025-10-14T19:59:52Z
QDF,78.56,2025-10-14T16:11:51Z
QDPL,41.63,2025-10-14T19:59:01Z
QDTE,34.82,2025-10-14T19:59:46Z
QDVO,29.01,2025-10-14T19:42:02Z
QEFA,87.76,2025-10-14T19:39:14Z
QEMM,66.36,2025-10-14T17:01:12Z
QETH,40.98,2025-10-14T19:54:24Z
QFIN,26.515,2025-10-14T19:59:33Z
QFLR,33.41,2025-10-14T19:18:26Z
QGEN,47.52,2025-10-14T19:59:54Z
QGRW,56.94,2025-10-14T19:59:25Z
QH,6.8,2025-10-14T19:26:13Z
QID,21.66,2025-10-14T19:57:53Z
QINT,61,2025-10-14T16:13:09Z
QIPT,2.53,2025-10-14T19:59:13Z
QLD,135.69,2025-10-14T19:59:46Z
QLGN,3.865,2025-10-14T19:59:47Z
QLTA,48.71,2025-10-14T19:57:48Z
QLTI,25.655,2025-10-14T15:45:13Z
QLTY,36.37,2025-10-14T15:09:45Z
QLVD,30.9,2025-10-14T19:53:55Z
QLVE,28.94,2025-10-14T19:58:36Z
QLYS,127.24,2025-10-14T19:51:44Z
QMCO,12.7,2025-10-14T19:59:45Z
QNCX,1.94,2025-10-14T19:59:28Z
QNRX,14.12,2025-10-14T17:33:15Z
QNST,14.4,2025-10-14T19:59:54Z
QNTM,16.2,2025-10-14T19:30:26Z
QPUX,82.49,2025-10-14T19:38:38Z
QPX,43.42,2025-10-14T19:27:20Z
QQA,53.25,2025-10-14T19:57:21Z
QQEW,140.63,2025-10-14T15:38:34Z
QQMG,41.35,2025-10-14T19:37:19Z
QQQ,598.08,2025-10-14T19:59:59Z
QQQD,13.8,2025-10-14T19:44:13Z
QQQE,101.5,2025-10-14T19:59:42Z
QQQI,54.07,2025-10-14T19:59:56Z
QQQJ,35.525,2025-10-14T19:59:33Z
QQQM,246.31,2025-10-14T19:59:51Z
QQQU,56.61,2025-10-14T19:37:05Z
QQQX,27.4,2025-10-14T19:21:51Z
QQQY,24.94,2025-10-14T19:38:07Z
QQXT,98.76,2025-10-14T19:09:25Z
QRHC,1.6,2025-10-14T19:59:52Z
QRVO,87.84,2025-10-14T19:59:45Z
QS,16.86,2025-10-14T19:59:59Z
QSG,7.03,2025-10-14T19:59:59Z
QSI,2.155,2025-10-14T19:59:51Z
QSPT,30.91,2025-10-14T19:57:37Z
QSR,68.705,2025-10-14T19:59:46Z
QTEC,230.15,2025-10-14T19:59:07Z
QTOP,30.99,2025-10-14T19:59:55Z
QTRX,5.87,2025-10-14T19:59:56Z
QTTB,3.865,2025-10-14T19:41:54Z
QTUM,111.13,2025-10-14T19:59:58Z
QTWO,62.23,2025-10-14T19:59:47Z
QUAD,5.75,2025-10-14T19:59:51Z
QUAL,193.07,2025-10-14T19:59:50Z
QUBT,21.75,2025-10-14T19:59:59Z
QUBX,26.7,2025-10-14T19:58:19Z
QUIK,6.79,2025-10-14T19:59:53Z
QUIZ,25.32,2025-10-14T19:58:18Z
QUMS,9.975,2025-10-14T18:16:21Z
QUMSR,0.39,2025-10-14T19:06:58Z
QURE,58.94,2025-10-14T19:59:54Z
QUSA,19.35,2025-10-14T15:49:45Z
QUVU,26.67,2025-10-14T16:23:53Z
QVCC,10.18,2025-10-14T17:06:18Z
QVCGA,15.03,2025-10-14T17:45:37Z
QVCGP,5.79,2025-10-14T17:29:42Z
QXO,19.54,2025-10-14T19:59:59Z
QXQ,31.13,2025-10-14T19:33:56Z
QYLD,17.1,2025-10-14T19:59:49Z
QYLG,29.37,2025-10-14T15:59:47Z
R,182.26,2025-10-14T19:56:17Z
RA,13.2,2025-10-14T19:59:40Z
RAA,27.46,2025-10-14T18:35:53Z
RAAA,25.06,2025-10-14T16:46:05Z
RAAQ,10.44,2025-10-14T19:49:43Z
RAAQW,0.845,2025-10-14T19:52:37Z
RAAX,34.74,2025-10-14T15:43:44Z
RACE,382.83,2025-10-14T19:58:21Z
RADX,7.2,2025-10-14T18:18:27Z
RAIL,9.74,2025-10-14T19:59:32Z
RAL,42.4,2025-10-14T19:59:34Z
RAMP,27.49,2025-10-14T19:59:53Z
RANGR,0.42,2025-10-14T17:04:31Z
RANI,0.4857,2025-10-14T19:36:55Z
RAPP,24.94,2025-10-14T19:59:49Z
RAPT,24.9,2025-10-14T19:57:48Z
RARE,31.67,2025-10-14T19:59:45Z
RAUS,25.51,2025-10-14T19:59:17Z
RAVE,2.89,2025-10-14T14:51:09Z
RAVI,75.485,2025-10-14T18:11:15Z
RAY,0.459,2025-10-14T19:30:49Z
RAYA,7.05,2025-10-14T17:52:57Z
RAYE,28.34,2025-10-14T19:02:46Z
RBA,105.77,2025-10-14T19:59:55Z
RBB,18.11,2025-10-14T19:25:28Z
RBBN,3.81,2025-10-14T19:59:50Z
RBC,383.69,2025-10-14T19:42:24Z
RBLX,133.265,2025-10-14T19:59:58Z
RBLY,50.72,2025-10-14T14:48:49Z
RBNE,1.3,2025-10-14T19:56:16Z
RBOT,6.07,2025-10-14T16:42:23Z
RBRK,78.21,2025-10-14T19:59:56Z
RC,3.41,2025-10-14T19:59:56Z
RC-E,14.94,2025-10-14T14:45:52Z
RCAT,15.265,2025-10-14T19:59:49Z
RCB,24.71,2025-10-14T15:11:02Z
RCC,24.92,2025-10-14T17:46:13Z
RCEL,5.26,2025-10-14T19:59:54Z
RCG,2.6,2025-10-14T14:19:26Z
RCI,36.775,2025-10-14T19:59:52Z
RCKT,4.27,2025-10-14T19:59:50Z
RCKY,27.39,2025-10-14T19:58:33Z
RCL,313.34,2025-10-14T19:59:29Z
RCMT,23.475,2025-10-14T19:55:03Z
RCS,7.52,2025-10-14T18:10:16Z
RCT,1.69,2025-10-14T19:37:43Z
RCUS,15.64,2025-10-14T19:59:49Z
RDACR,0.22,2025-10-14T14:38:34Z
RDDT,196.53,2025-10-14T19:59:53Z
RDGT,1.99,2025-10-14T19:58:08Z
RDHL,1.6,2025-10-14T19:59:45Z
RDIV,51.39,2025-10-14T15:01:56Z
RDN,33.99,2025-10-14T19:59:50Z
RDNT,73.81,2025-10-14T19:59:46Z
RDNW,3.78,2025-10-14T18:49:44Z
RDTE,33.23,2025-10-14T18:33:36Z
RDTL,41.81,2025-10-14T18:53:38Z
RDVI,25.59,2025-10-14T19:59:47Z
RDVT,52.815,2025-10-14T19:54:26Z
RDVY,66.6,2025-10-14T19:59:52Z
RDW,9.53,2025-10-14T19:59:54Z
RDWR,25.675,2025-10-14T19:57:51Z
RDY,13.96,2025-10-14T19:59:58Z
RDZN,1.355,2025-10-14T19:55:27Z
REAL,10.31,2025-10-14T19:59:58Z
REAX,4.03,2025-10-14T19:59:57Z
RECS,39.87,2025-10-14T19:59:17Z
REE,1.02,2025-10-14T13:47:46Z
REET,25.215,2025-10-14T19:59:47Z
REFI,12.51,2025-10-14T19:59:13Z
REFR,1.895,2025-10-14T18:53:30Z
REG,71.82,2025-10-14T19:59:49Z
REGL,84.91,2025-10-14T19:37:05Z
REGN,572.77,2025-10-14T19:59:42Z
REI,1.01,2025-10-14T19:56:44Z
REK,17.03,2025-10-14T16:37:04Z
REKR,2.51,2025-10-14T19:59:55Z
RELI,0.9044,2025-10-14T19:57:08Z
RELL,11.74,2025-10-14T19:58:25Z
RELX,45.43,2025-10-14T19:59:51Z
RELY,15.32,2025-10-14T19:59:55Z
REM,22.06,2025-10-14T19:38:43Z
REMG,28.32,2025-10-14T19:42:11Z
REMX,80.19,2025-10-14T19:59:50Z
RENT,4.87,2025-10-14T19:42:20Z
REPL,4.35,2025-10-14T19:59:57Z
REPX,27.82,2025-10-14T19:57:34Z
RERE,4.04,2025-10-14T19:59:57Z
RES,4.32,2025-10-14T19:59:53Z
RETL,9.52,2025-10-14T19:58:31Z
RETO,1.04,2025-10-14T15:00:05Z
REVB,1.35,2025-10-14T17:36:12Z
REVG,55.97,2025-10-14T19:59:44Z
REW,5.81,2025-10-14T19:16:13Z
REX,32.8,2025-10-14T19:58:54Z
REXR,40.93,2025-10-14T19:59:59Z
REYN,23.67,2025-10-14T19:59:57Z
REZ,82.615,2025-10-14T18:47:31Z
REZI,41.67,2025-10-14T19:59:48Z
RF,25.15,2025-10-14T19:59:56Z
RF-C,24.58,2025-10-14T17:30:20Z
RF-E,18.5,2025-10-14T17:24:57Z
RFAIR,0.1416,2025-10-14T17:43:33Z
RFG,51.03,2025-10-14T18:08:13Z
RFI,11.74,2025-10-14T18:25:41Z
RFIL,8.495,2025-10-14T19:57:42Z
RFIX,44.82,2025-10-14T19:27:45Z
RFL,1.32,2025-10-14T19:54:04Z
RFM,14.5,2025-10-14T17:43:17Z
RFMZ,13.06,2025-10-14T19:32:36Z
RFV,124.17,2025-10-14T13:53:15Z
RGA,197.09,2025-10-14T19:59:54Z
RGC,17.135,2025-10-14T19:59:45Z
RGCO,21.42,2025-10-14T19:37:35Z
RGEN,148.545,2025-10-14T19:59:36Z
RGLD,199.745,2025-10-14T19:59:48Z
RGLO,28.34,2025-10-14T19:42:11Z
RGNX,11.25,2025-10-14T19:59:58Z
RGP,4.25,2025-10-14T19:59:54Z
RGR,47.2,2025-10-14T19:59:04Z
RGTI,56.135,2025-10-14T19:59:58Z
RGTIW,44.48,2025-10-14T19:59:03Z
RGTU,442.21,2025-10-14T17:56:42Z
RGTX,491.69,2025-10-14T19:04:11Z
RGTZ,8.81,2025-10-14T19:59:11Z
RH,183.345,2025-10-14T19:59:16Z
RHI,32.61,2025-10-14T19:59:51Z
RHLD,83.01,2025-10-14T19:39:46Z
RHP,89.75,2025-10-14T19:59:49Z
RICK,28.97,2025-10-14T19:58:21Z
RIG,3.115,2025-10-14T19:59:55Z
RIGL,27.405,2025-10-14T19:59:46Z
RIGS,23.19,2025-10-14T15:11:59Z
RILY,5.85,2025-10-14T19:59:50Z
RILYZ,11.565,2025-10-14T15:30:22Z
RIME,2.2,2025-10-14T15:18:25Z
RINF,32.21,2025-10-14T17:40:29Z
RING,66.805,2025-10-14T19:58:37Z
RINT,27.995,2025-10-14T19:48:22Z
RIO,68.25,2025-10-14T19:59:57Z
RIOT,22.175,2025-10-14T19:59:55Z
RIOX,43.985,2025-10-14T19:51:45Z
RITA,18.96,2025-10-14T13:31:54Z
RITM,10.91,2025-10-14T19:59:56Z
RITM-D,24.62,2025-10-14T19:50:47Z
RITM-E,24.825,2025-10-14T19:10:33Z
RITR,1.72,2025-10-14T19:29:07Z
RIV,11.935,2025-10-14T19:04:07Z
RIVN,13.1,2025-10-14T19:59:59Z
RJF,162.64,2025-10-14T19:59:51Z
RJMI,25.39,2025-10-14T17:43:58Z
RJVI,25.01,2025-10-14T13:31:01Z
RKDA,3.4,2025-10-14T16:39:43Z
RKLB,68.035,2025-10-14T19:59:55Z
RKLX,164,2025-10-14T19:58:05Z
RKT,16.945,2025-10-14T19:59:58Z
RL,317.83,2025-10-14T19:59:58Z
RLAY,6.03,2025-10-14T19:59:50Z
RLGT,6.095,2025-10-14T19:59:42Z
RLI,64.23,2025-10-14T19:59:43Z
RLJ,6.77,2025-10-14T19:59:57Z
RLMD,1.96,2025-10-14T19:23:18Z
RLTY,15.015,2025-10-14T18:42:08Z
RLX,2.375,2025-10-14T19:59:43Z
RLYB,0.5259,2025-10-14T19:50:56Z
RM,40.4,2025-10-14T19:34:54Z
RMAX,8.415,2025-10-14T19:59:41Z
RMBS,94.67,2025-10-14T19:59:52Z
RMCF,1.57,2025-10-14T19:18:38Z
RMCO,3.9,2025-10-14T19:57:04Z
RMD,270.33,2025-10-14T19:59:43Z
RMI,14.77,2025-10-14T19:19:09Z
RMIF,24.86,2025-10-14T19:41:20Z
RMM,14.21,2025-10-14T18:48:38Z
RMMZ,15.14,2025-10-14T17:10:21Z
RMNI,4.465,2025-10-14T19:59:57Z
RMR,14.81,2025-10-14T19:51:51Z
RMSG,1.92,2025-10-14T19:58:42Z
RMT,10.43,2025-10-14T19:59:03Z
RMTI,1.2,2025-10-14T19:59:59Z
RNA,48.17,2025-10-14T19:59:40Z
RNAC,9.42,2025-10-14T19:59:56Z
RNAZ,14.44,2025-10-14T19:51:09Z
RNG,27.47,2025-10-14T19:59:56Z
RNGR,12.67,2025-10-14T19:58:02Z
RNP,21.45,2025-10-14T19:46:19Z
RNR,264.72,2025-10-14T19:59:39Z
RNST,36.56,2025-10-14T19:59:59Z
RNW,7.56,2025-10-14T19:59:57Z
RNXT,1.1,2025-10-14T19:53:51Z
ROAD,123.94,2025-10-14T19:59:26Z
ROAM,27.78,2025-10-14T15:36:53Z
ROBN,93.51,2025-10-14T19:59:56Z
ROBO,66.67,2025-10-14T19:59:03Z
ROBT,54.475,2025-10-14T19:51:36Z
ROCK,65.04,2025-10-14T19:58:44Z
RODM,35.41,2025-10-14T18:52:43Z
ROE,34.29,2025-10-14T19:59:45Z
ROG,84,2025-10-14T19:58:53Z
ROIV,16.39,2025-10-14T19:59:59Z
ROK,344.59,2025-10-14T19:59:46Z
ROKU,94.395,2025-10-14T19:59:53Z
ROL,56.88,2025-10-14T19:59:47Z
ROM,91.71,2025-10-14T19:55:13Z
ROMO,33.51,2025-10-14T15:46:31Z
ROOT,85.845,2025-10-14T19:59:43Z
ROP,514.075,2025-10-14T19:59:30Z
RORO,16.15,2025-10-14T15:26:12Z
ROST,155.32,2025-10-14T19:59:55Z
RPAR,21.5,2025-10-14T19:25:25Z
RPAY,4.635,2025-10-14T19:59:41Z
RPD,18.475,2025-10-14T19:59:43Z
RPG,47.655,2025-10-14T19:59:56Z
RPGL,4.95,2025-10-14T19:58:20Z
RPID,3.3,2025-10-14T19:59:49Z
RPM,114.07,2025-10-14T19:59:46Z
RPRX,35.995,2025-10-14T19:59:58Z
RPT,2.44,2025-10-14T19:59:15Z
RPTX,1.89,2025-10-14T18:50:21Z
RPV,98.09,2025-10-14T19:37:16Z
RQI,12.145,2025-10-14T19:59:17Z
RR,6.735,2025-10-14T19:59:59Z
RRBI,65.81,2025-10-14T18:50:21Z
RRC,36.15,2025-10-14T19:59:54Z
RRGB,6.81,2025-10-14T19:59:51Z
RRR,57.68,2025-10-14T19:59:50Z
RRX,143.03,2025-10-14T19:57:23Z
RS,275.59,2025-10-14T19:59:14Z
RSEE,33.12,2025-10-14T19:03:55Z
RSG,224.53,2025-10-14T19:59:23Z
RSHO,42.99,2025-10-14T16:20:53Z
RSI,19.83,2025-10-14T19:59:54Z
RSKD,4.675,2025-10-14T19:59:59Z
RSMV,26.62,2025-10-14T19:50:53Z
RSP,188.53,2025-10-14T19:59:51Z
RSPG,76.26,2025-10-14T16:45:43Z
RSPH,29.89,2025-10-14T18:04:30Z
RSPN,55.615,2025-10-14T19:59:46Z
RSPT,44.53,2025-10-14T19:38:25Z
RSPU,79.1,2025-10-14T19:46:14Z
RSSB,28.3,2025-10-14T16:14:42Z
RSSE,20.86,2025-10-14T13:45:19Z
RSSS,3.39,2025-10-14T15:14:20Z
RSVR,7.7,2025-10-14T19:54:05Z
RSVRW,0.6301,2025-10-14T15:03:28Z
RTAC,11.4,2025-10-14T19:59:51Z
RTACU,12.25,2025-10-14T14:46:28Z
RTACW,1.6,2025-10-14T15:52:07Z
RTO,26.955,2025-10-14T19:59:56Z
RTX,159.4,2025-10-14T19:59:53Z
RUBI,1.98,2025-10-14T16:57:18Z
RUM,8.01,2025-10-14T19:59:55Z
RUN,20.69,2025-10-14T19:59:55Z
RUNN,33.81,2025-10-14T15:34:23Z
RUSC,30.23,2025-10-14T17:19:46Z
RUSHA,52,2025-10-14T19:59:48Z
RUSHB,57.45,2025-10-14T19:28:36Z
RVLV,21.525,2025-10-14T19:59:51Z
RVMD,47.53,2025-10-14T19:59:35Z
RVNL,30.08,2025-10-14T19:20:17Z
RVPH,0.588,2025-10-14T19:59:49Z
RVSB,5.335,2025-10-14T19:10:49Z
RVSN,0.5802,2025-10-14T19:55:59Z
RVT,16.115,2025-10-14T19:57:41Z
RVTY,91.09,2025-10-14T19:59:50Z
RVYL,0.3475,2025-10-14T19:57:00Z
RW,25.33,2025-10-14T18:57:58Z
RWAY,9.625,2025-10-14T19:59:56Z
RWJ,47.93,2025-10-14T19:45:00Z
RWL,110.27,2025-10-14T19:44:55Z
RWM,16.39,2025-10-14T19:59:56Z
RWO,45.105,2025-10-14T19:36:58Z
RWR,98.56,2025-10-14T19:59:55Z
RWT,5.72,2025-10-14T19:59:50Z
RWTP,24.92,2025-10-14T14:23:42Z
RWX,27.605,2025-10-14T19:55:00Z
RXO,16.935,2025-10-14T19:59:52Z
RXRX,5.885,2025-10-14T19:59:54Z
RXST,7.73,2025-10-14T19:59:52Z
RXT,1.45,2025-10-14T19:59:56Z
RY,145.48,2025-10-14T19:59:51Z
RYAAY,61.435,2025-10-14T19:59:35Z
RYAM,7.36,2025-10-14T19:59:22Z
RYAN,56.38,2025-10-14T19:59:39Z
RYI,22.95,2025-10-14T19:59:28Z
RYLD,15.335,2025-10-14T19:59:49Z
RYN,24.18,2025-10-14T19:59:59Z
RYOJ,1.97,2025-10-14T14:48:49Z
RYTM,105.225,2025-10-14T19:59:17Z
RZC,25.47,2025-10-14T19:55:10Z
RZLT,8.415,2025-10-14T19:59:57Z
RZLV,5.46,2025-10-14T19:59:59Z
RZV,118.6,2025-10-14T19:33:04Z
S,17.01,2025-10-14T19:59:58Z
SA,26.16,2025-10-14T19:59:53Z
SABA,8.95,2025-10-14T15:17:46Z
SABR,1.8,2025-10-14T19:59:55Z
SABS,2.31,2025-10-14T19:59:58Z
SACH,1.1,2025-10-14T19:38:57Z
SAFE,15.33,2025-10-14T19:59:39Z
SAFT,69.89,2025-10-14T19:40:04Z
SAFX,1.17,2025-10-14T19:59:37Z
SAH,75.79,2025-10-14T19:55:25Z
SAIA,298.08,2025-10-14T19:59:57Z
SAIC,97.28,2025-10-14T19:59:54Z
SAIH,10.89,2025-10-14T14:30:17Z
SAIL,22.285,2025-10-14T19:59:38Z
SAM,222.24,2025-10-14T19:55:05Z
SAMG,14.755,2025-10-14T19:58:36Z
SAN,9.94,2025-10-14T19:59:54Z
SANA,4.45,2025-10-14T19:59:54Z
SAND,12.455,2025-10-14T19:59:57Z
SANG,4.84,2025-10-14T13:51:01Z
SANM,125.755,2025-10-14T19:52:20Z
SAP,270.65,2025-10-14T19:59:45Z
SAR,22.13,2025-10-14T19:59:52Z
SARK,28.34,2025-10-14T19:59:12Z
SARO,28.64,2025-10-14T19:59:58Z
SATL,3.915,2025-10-14T19:59:46Z
SATLW,0.4,2025-10-14T19:31:55Z
SATS,75.07,2025-10-14T19:59:55Z
SAUG,25.11,2025-10-14T15:49:30Z
SAVA,4.43,2025-10-14T19:59:56Z
SB,4.24,2025-10-14T19:59:55Z
SBAC,190.98,2025-10-14T19:59:36Z
SBAR,26.29,2025-10-14T19:01:33Z
SBC,4.3,2025-10-14T16:37:32Z
SBCF,31.61,2025-10-14T19:59:54Z
SBET,15.635,2025-10-14T19:59:52Z
SBEV,2.13,2025-10-14T17:30:11Z
SBFG,19.55,2025-10-14T19:58:02Z
SBFM,1.8,2025-10-14T19:59:14Z
SBGI,13.13,2025-10-14T19:59:49Z
SBH,15.56,2025-10-14T19:59:54Z
SBI,7.945,2025-10-14T17:01:55Z
SBIO,41.01,2025-10-14T17:20:22Z
SBIT,29.52,2025-10-14T19:59:39Z
SBLK,17.305,2025-10-14T19:59:59Z
SBLX,6,2025-10-14T19:59:48Z
SBND,18.95,2025-10-14T19:55:19Z
SBRA,17.64,2025-10-14T19:59:55Z
SBS,22.915,2025-10-14T19:59:47Z
SBSI,28.335,2025-10-14T19:47:35Z
SBSW,11.73,2025-10-14T19:59:55Z
SBUX,81.15,2025-10-14T19:59:56Z
SCAG,2.63,2025-10-14T14:25:33Z
SCAP,34.63,2025-10-14T17:26:12Z
SCC,15.28,2025-10-14T14:42:37Z
SCCO,130.71,2025-10-14T19:59:58Z
SCCR,26.045,2025-10-14T19:57:34Z
SCD,15.54,2025-10-14T19:08:23Z
SCDV,25,2025-10-14T18:59:15Z
SCE-L,16.24,2025-10-14T15:34:41Z
SCE-M,22.9,2025-10-14T19:58:33Z
SCE-N,21.26,2025-10-14T19:47:39Z
SCHA,28.16,2025-10-14T19:59:44Z
SCHB,25.59,2025-10-14T19:59:33Z
SCHC,45.17,2025-10-14T19:59:56Z
SCHD,26.85,2025-10-14T19:59:41Z
SCHE,32.995,2025-10-14T19:59:50Z
SCHF,23.33,2025-10-14T19:59:55Z
SCHG,31.79,2025-10-14T19:59:50Z
SCHH,21.165,2025-10-14T19:59:39Z
SCHI,23.14,2025-10-14T19:45:43Z
SCHJ,24.955,2025-10-14T19:55:51Z
SCHK,31.97,2025-10-14T19:59:55Z
SCHL,28.345,2025-10-14T19:56:19Z
SCHM,29.755,2025-10-14T19:59:48Z
SCHO,24.425,2025-10-14T19:39:32Z
SCHP,27.025,2025-10-14T19:55:07Z
SCHQ,32.76,2025-10-14T19:52:32Z
SCHR,25.255,2025-10-14T19:57:15Z
SCHV,29.01,2025-10-14T19:59:46Z
SCHW,93.39,2025-10-14T19:59:56Z
SCHW-D,25.195,2025-10-14T14:28:43Z
SCHX,26.235,2025-10-14T19:59:48Z
SCHY,28.02,2025-10-14T19:50:12Z
SCHZ,23.575,2025-10-14T19:44:53Z
SCI,81.965,2025-10-14T19:59:44Z
SCJ,89.16,2025-10-14T15:38:34Z
SCL,46.955,2025-10-14T19:59:26Z
SCLX,14.21,2025-10-14T17:50:12Z
SCM,12.4,2025-10-14T19:59:49Z
SCMB,25.735,2025-10-14T19:57:45Z
SCNI,1.395,2025-10-14T18:01:39Z
SCNX,0.7252,2025-10-14T18:51:41Z
SCO,19.25,2025-10-14T19:58:00Z
SCOR,7.75,2025-10-14T19:59:55Z
SCS,16.575,2025-10-14T19:59:56Z
SCSC,42.14,2025-10-14T19:57:15Z
SCUS,25.205,2025-10-14T17:37:27Z
SCVL,19.86,2025-10-14T19:59:46Z
SCWO,0.5161,2025-10-14T19:59:46Z
SCYB,26.46,2025-10-14T19:59:53Z
SCYX,0.8186,2025-10-14T19:40:28Z
SCZ,76.03,2025-10-14T19:59:59Z
SD,11.63,2025-10-14T19:59:49Z
SDA,2.12,2025-10-14T17:50:13Z
SDEM,27.71,2025-10-14T19:48:24Z
SDGR,19.42,2025-10-14T19:59:59Z
SDHC,16.18,2025-10-14T19:59:52Z
SDHY,16.84,2025-10-14T19:17:17Z
SDIV,23.22,2025-10-14T19:59:45Z
SDOT,5.345,2025-10-14T19:10:14Z
SDOW,36.09,2025-10-14T19:59:56Z
SDP,11.02,2025-10-14T17:30:03Z
SDRL,29.28,2025-10-14T19:59:50Z
SDS,14.63,2025-10-14T19:59:46Z
SDSI,51.55,2025-10-14T17:20:22Z
SDST,7.08,2025-10-14T19:59:42Z
SDVD,21.34,2025-10-14T19:59:47Z
SDVY,37.62,2025-10-14T19:59:37Z
SDY,139.52,2025-10-14T19:37:21Z
SE,180.7,2025-10-14T19:59:55Z
SEA,14,2025-10-14T16:24:33Z
SEAL-A,25.6,2025-10-14T19:54:22Z
SEAT,11.625,2025-10-14T19:59:21Z
SEB,3403.2,2025-10-14T19:58:54Z
SEDG,37.74,2025-10-14T19:59:55Z
SEE,34.35,2025-10-14T19:59:53Z
SEG,24.36,2025-10-14T19:35:13Z
SEGG,4.61,2025-10-14T19:59:46Z
SEI,52.72,2025-10-14T19:59:54Z
SEIC,83.41,2025-10-14T19:57:39Z
SEIE,30.165,2025-10-14T16:04:48Z
SEIM,44.785,2025-10-14T19:59:39Z
SEIQ,38.15,2025-10-14T19:41:01Z
SEIS,27.82,2025-10-14T19:59:46Z
SEIV,38.71,2025-10-14T16:59:04Z
SEIX,23.495,2025-10-14T19:03:38Z
SELF,4.9,2025-10-14T19:59:05Z
SELX,0.9,2025-10-14T19:51:04Z
SEM,13.42,2025-10-14T19:59:56Z
SEMR,7.165,2025-10-14T19:59:49Z
SENEA,117.62,2025-10-14T19:09:45Z
SENS,0.4392,2025-10-14T19:59:36Z
SEPN,23.25,2025-10-14T19:59:39Z
SEPT,34.38,2025-10-14T18:54:23Z
SEPW,31.31,2025-10-14T17:42:35Z
SEPZ,42.02,2025-10-14T14:34:02Z
SER,5.08,2025-10-14T19:44:26Z
SERA,3.12,2025-10-14T19:43:35Z
SERV,16.455,2025-10-14T19:59:50Z
SES,3.18,2025-10-14T19:59:59Z
SES+,0.535,2025-10-14T14:53:03Z
SETH,8.365,2025-10-14T19:59:48Z
SETM,29.63,2025-10-14T19:58:48Z
SEVN,10.245,2025-10-14T19:55:04Z
SEZL,80.14,2025-10-14T19:59:44Z
SF,110.93,2025-10-14T19:59:43Z
SF-C,24.45,2025-10-14T18:45:00Z
SFBS,81.22,2025-10-14T19:37:12Z
SFD,21.48,2025-10-14T19:59:55Z
SFHG,0.625,2025-10-14T19:49:04Z
SFIX,4.29,2025-10-14T19:59:57Z
SFL,6.88,2025-10-14T19:59:51Z
SFLO,28.44,2025-10-14T19:38:24Z
SFLR,35.88,2025-10-14T19:55:57Z
SFM,111.15,2025-10-14T19:59:56Z
SFNC,19.45,2025-10-14T19:59:53Z
SFTY,27.2,2025-10-14T14:12:27Z
SFY,128.93,2025-10-14T19:37:16Z
SG,7.68,2025-10-14T19:59:56Z
SGBX,3.845,2025-10-14T19:56:59Z
SGD,1.425,2025-10-14T19:38:18Z
SGDJ,79.34,2025-10-14T17:45:25Z
SGHC,13,2025-10-14T19:59:55Z
SGHT,3.31,2025-10-14T19:59:26Z
SGI,87.36,2025-10-14T19:59:48Z
SGML,6.32,2025-10-14T19:59:57Z
SGMO,0.6827,2025-10-14T19:59:49Z
SGMT,7.51,2025-10-14T19:59:57Z
SGN,1.82,2025-10-14T19:59:31Z
SGOL,39.48,2025-10-14T19:59:57Z
SGOV,100.515,2025-10-14T19:53:39Z
SGRY,20.94,2025-10-14T19:59:54Z
SGU,11.705,2025-10-14T19:43:13Z
SGVT,100.51,2025-10-14T19:45:00Z
SH,37.23,2025-10-14T19:59:44Z
SHAG,48.19,2025-10-14T19:36:06Z
SHAK,93.955,2025-10-14T19:59:59Z
SHBI,16.39,2025-10-14T19:59:29Z
SHC,15.99,2025-10-14T19:59:55Z
SHCO,8.87,2025-10-14T19:59:58Z
SHEL,71.65,2025-10-14T19:59:55Z
SHEN,13.43,2025-10-14T19:59:53Z
SHG,48.92,2025-10-14T19:59:13Z
SHIP,8.015,2025-10-14T19:58:01Z
SHLD,68.155,2025-10-14T19:59:48Z
SHLS,10.13,2025-10-14T19:59:57Z
SHM,48.08,2025-10-14T19:50:01Z
SHMD,3.11,2025-10-14T19:57:11Z
SHNY,126.74,2025-10-14T15:33:40Z
SHO,9.08,2025-10-14T19:59:58Z
SHOO,34.98,2025-10-14T19:59:51Z
SHOP,152.95,2025-10-14T19:59:55Z
SHPD,19.34,2025-10-14T19:57:21Z
SHPH,3.95,2025-10-14T18:47:21Z
SHPU,33.76,2025-10-14T17:52:11Z
SHV,110.295,2025-10-14T19:58:17Z
SHW,335.12,2025-10-14T19:59:57Z
SHY,83.03,2025-10-14T19:59:41Z
SHYD,22.76,2025-10-14T19:27:12Z
SHYG,42.91,2025-10-14T19:59:56Z
SHYM,22.2,2025-10-14T19:04:20Z
SI,12.46,2025-10-14T19:58:53Z
SIBN,15.25,2025-10-14T19:59:31Z
SID,1.55,2025-10-14T19:59:55Z
SIDU,1.405,2025-10-14T19:59:24Z
SIEB,3.17,2025-10-14T19:53:06Z
SIFY,17.08,2025-10-14T19:58:50Z
SIG,101.14,2025-10-14T19:59:50Z
SIGA,8.19,2025-10-14T19:59:49Z
SIGI,84.3,2025-10-14T19:59:43Z
SIGIP,17.65,2025-10-14T18:26:17Z
SIHY,45.75,2025-10-14T19:38:33Z
SII,85.595,2025-10-14T19:55:43Z
SIL,75.275,2025-10-14T19:59:52Z
SILA,23.87,2025-10-14T19:59:39Z
SILJ,24.79,2025-10-14T19:59:56Z
SILO,0.6221,2025-10-14T19:46:26Z
SIMO,88.67,2025-10-14T19:59:46Z
SINT,4.22,2025-10-14T19:51:40Z
SION,29.875,2025-10-14T19:59:46Z
SIRI,21.79,2025-10-14T19:59:59Z
SITC,8.61,2025-10-14T19:59:53Z
SITE,123.985,2025-10-14T19:58:57Z
SITM,289.195,2025-10-14T19:59:18Z
SIVR,49.095,2025-10-14T19:59:51Z
SIXG,64.25,2025-10-14T19:59:51Z
SIXJ,33.3,2025-10-14T19:52:21Z
SIXO,33.8,2025-10-14T15:45:56Z
SIZE,158.92,2025-10-14T15:30:12Z
SJ,0.527,2025-10-14T19:58:01Z
SJB,15.47,2025-10-14T19:57:16Z
SJM,102.41,2025-10-14T19:59:49Z
SJNK,25.365,2025-10-14T19:59:58Z
SJT,5.88,2025-10-14T19:51:11Z
SKBL,3.67,2025-10-14T19:57:16Z
SKE,19.24,2025-10-14T19:59:48Z
SKF,27.17,2025-10-14T16:21:14Z
SKIL,14.12,2025-10-14T14:39:53Z
SKIN,1.55,2025-10-14T19:59:59Z
SKK,0.4052,2025-10-14T18:48:14Z
SKLZ,7.395,2025-10-14T19:53:18Z
SKM,20.94,2025-10-14T19:59:55Z
SKOR,49.32,2025-10-14T19:18:20Z
SKT,32.54,2025-10-14T19:59:59Z
SKWD,50.61,2025-10-14T19:59:20Z
SKY,68.05,2025-10-14T19:59:53Z
SKYE,1.52,2025-10-14T19:59:54Z
SKYH,10.64,2025-10-14T19:59:40Z
SKYQ,0.5,2025-10-14T19:05:22Z
SKYT,18.82,2025-10-14T19:59:49Z
SKYW,101.11,2025-10-14T19:59:42Z
SKYX,1.31,2025-10-14T19:59:58Z
SKYY,133.68,2025-10-14T19:59:36Z
SLAB,130.695,2025-10-14T19:59:34Z
SLB,32.56,2025-10-14T19:59:59Z
SLDB,6.22,2025-10-14T19:59:54Z
SLDE,15.42,2025-10-14T19:59:54Z
SLDP,6.94,2025-10-14T19:59:58Z
SLDPW,1.34,2025-10-14T19:07:57Z
SLE,4.13,2025-10-14T19:41:50Z
SLF,62.4,2025-10-14T19:59:57Z
SLG,56.07,2025-10-14T19:59:53Z
SLGN,43.4,2025-10-14T19:59:55Z
SLI,5.185,2025-10-14T19:59:56Z
SLJY,30.96,2025-10-14T18:08:01Z
SLM,26.295,2025-10-14T19:59:58Z
SLMT,14.49,2025-10-14T19:59:55Z
SLN,5.765,2025-10-14T19:57:10Z
SLND,4.495,2025-10-14T19:58:04Z
SLNG,4.65,2025-10-14T17:27:52Z
SLNH,2.77,2025-10-14T19:59:18Z
SLNHP,9,2025-10-14T18:17:41Z
SLNO,63.62,2025-10-14T19:59:37Z
SLON,44.995,2025-10-14T19:54:09Z
SLP,15.27,2025-10-14T19:59:07Z
SLQD,50.825,2025-10-14T19:31:29Z
SLQT,1.925,2025-10-14T19:59:31Z
SLRC,14.49,2025-10-14T19:59:54Z
SLRX,4.16,2025-10-14T19:59:36Z
SLS,2.04,2025-10-14T19:59:50Z
SLSR,5.89,2025-10-14T19:40:30Z
SLTY,39.12,2025-10-14T18:24:04Z
SLV,46.79,2025-10-14T19:59:59Z
SLVM,42.59,2025-10-14T19:59:52Z
SLVP,28.8,2025-10-14T19:49:42Z
SLVR,47.07,2025-10-14T19:59:59Z
SLX,74.66,2025-10-14T19:44:11Z
SLXN,3.79,2025-10-14T19:16:11Z
SLYG,93.84,2025-10-14T19:38:12Z
SLYV,88.32,2025-10-14T19:37:16Z
SM,22.585,2025-10-14T19:59:49Z
SMA,35.57,2025-10-14T19:59:54Z
SMAX,26.86,2025-10-14T18:58:53Z
SMAY,25.51,2025-10-14T18:45:42Z
SMB,17.38,2025-10-14T16:07:34Z
SMBC,51.175,2025-10-14T19:46:51Z
SMBK,34.34,2025-10-14T15:16:22Z
SMBS,25.83,2025-10-14T19:03:37Z
SMC,20.23,2025-10-14T19:58:19Z
SMCC,25.21,2025-10-14T19:22:25Z
SMCI,53.11,2025-10-14T19:59:59Z
SMCL,17.3,2025-10-14T19:59:34Z
SMCO,27.19,2025-10-14T18:30:25Z
SMCX,46.005,2025-10-14T19:59:59Z
SMCY,16.31,2025-10-14T19:59:30Z
SMCZ,3.005,2025-10-14T19:57:19Z
SMDV,66.19,2025-10-14T19:38:24Z
SMFG,15.53,2025-10-14T19:59:55Z
SMG,56.215,2025-10-14T19:59:52Z
SMH,333.405,2025-10-14T19:59:57Z
SMHB,4.16,2025-10-14T14:14:17Z
SMHI,5.77,2025-10-14T19:44:26Z
SMHX,38.32,2025-10-14T19:59:21Z
SMID,37.34,2025-10-14T18:26:21Z
SMIG,29.32,2025-10-14T18:52:46Z
SMIN,72.34,2025-10-14T19:59:55Z
SMIZ,37.15,2025-10-14T16:59:48Z
SMLF,74.27,2025-10-14T19:37:09Z
SMLR,25.685,2025-10-14T19:59:50Z
SMMD,74.42,2025-10-14T19:59:46Z
SMMT,21.75,2025-10-14T19:59:50Z
SMMU,50.53,2025-10-14T19:46:48Z
SMMV,42.71,2025-10-14T18:45:03Z
SMP,39.06,2025-10-14T19:56:01Z
SMPL,24.16,2025-10-14T19:59:55Z
SMR,45.74,2025-10-14T19:59:51Z
SMRI,34.27,2025-10-14T19:59:50Z
SMRT,1.45,2025-10-14T19:59:55Z
SMST,31.7,2025-10-14T19:59:59Z
SMTC,67.58,2025-10-14T19:59:51Z
SMTH,26.325,2025-10-14T19:59:45Z
SMTK,2.84,2025-10-14T19:59:26Z
SMU,30.3,2025-10-14T19:58:17Z
SMUP,15.76,2025-10-14T19:52:13Z
SMWB,8.74,2025-10-14T19:59:50Z
SMX,1.22,2025-10-14T19:59:56Z
SMXT,1.03,2025-10-14T19:59:48Z
SN,91.21,2025-10-14T19:59:48Z
SNA,337.07,2025-10-14T19:58:58Z
SNAL,1.02,2025-10-14T18:51:49Z
SNAP,7.91,2025-10-14T19:59:55Z
SNBR,6.19,2025-10-14T19:59:59Z
SNCR,5.31,2025-10-14T19:45:01Z
SNCY,11.58,2025-10-14T19:59:52Z
SND,2.165,2025-10-14T19:27:14Z
SNDA,25.265,2025-10-14T14:33:13Z
SNDK,127.24,2025-10-14T19:59:53Z
SNDL,2.445,2025-10-14T19:57:37Z
SNDR,22.48,2025-10-14T19:59:57Z
SNDX,15.325,2025-10-14T19:59:52Z
SNES,4.08,2025-10-14T17:27:41Z
SNEX,98.49,2025-10-14T19:55:02Z
SNFCA,8.29,2025-10-14T19:59:08Z
SNGX,1.62,2025-10-14T19:51:39Z
SNN,35.26,2025-10-14T19:59:46Z
SNOA,4.07,2025-10-14T19:57:57Z
SNOV,25.27,2025-10-14T19:37:04Z
SNOW,240.76,2025-10-14T19:59:58Z
SNOY,15.26,2025-10-14T19:59:59Z
SNPE,59.61,2025-10-14T19:56:18Z
SNPS,443.715,2025-10-14T19:59:45Z
SNSR,38.44,2025-10-14T19:45:18Z
SNT,4.53,2025-10-14T19:56:20Z
SNTH,30.42,2025-10-14T17:58:34Z
SNTI,2.055,2025-10-14T19:58:53Z
SNV,47.84,2025-10-14T19:59:57Z
SNV-E,26.25,2025-10-14T19:03:15Z
SNWV,31.54,2025-10-14T19:56:49Z
SNX,155.08,2025-10-14T19:59:46Z
SNY,49.22,2025-10-14T19:59:54Z
SO,99.69,2025-10-14T19:59:56Z
SOAR,4.015,2025-10-14T19:59:43Z
SOBO,27.07,2025-10-14T19:59:44Z
SOC,17.74,2025-10-14T19:59:46Z
SOCL,57.87,2025-10-14T18:10:16Z
SOFI,27.865,2025-10-14T19:59:58Z
SOFX,41.77,2025-10-14T19:44:05Z
SOGP,13.53,2025-10-14T13:41:04Z
SOHO,0.89,2025-10-14T14:13:48Z
SOHU,14.335,2025-10-14T19:59:29Z
SOJD,20.85,2025-10-14T19:57:51Z
SOJE,18.26,2025-10-14T19:54:29Z
SOJF,25.84,2025-10-14T18:29:34Z
SOL,1.855,2025-10-14T19:37:33Z
SOLT,20.04,2025-10-14T19:59:54Z
SOLV,71.485,2025-10-14T19:59:45Z
SOLZ,20.895,2025-10-14T19:59:46Z
SON,39.585,2025-10-14T19:59:53Z
SOND,0.9575,2025-10-14T19:52:18Z
SONM,0.6922,2025-10-14T19:03:41Z
SONN,4.32,2025-10-14T19:59:44Z
SONO,15.97,2025-10-14T19:59:50Z
SONY,28.81,2025-10-14T19:59:59Z
SOPA,3.025,2025-10-14T19:59:57Z
SOPH,4.28,2025-10-14T19:52:33Z
SOR,45.74,2025-10-14T13:48:27Z
SORA,5.8,2025-10-14T13:46:22Z
SOTK,4.05,2025-10-14T19:59:59Z
SOUN,20.855,2025-10-14T19:59:57Z
SOUX,69.69,2025-10-14T19:59:55Z
SOWG,0.73,2025-10-14T15:03:45Z
SOXL,36.635,2025-10-14T19:59:57Z
SOXQ,51.69,2025-10-14T19:59:46Z
SOXS,4.49,2025-10-14T19:59:49Z
SOXX,278.97,2025-10-14T19:59:48Z
SPAB,25.985,2025-10-14T19:56:46Z
SPAI,6.91,2025-10-14T19:59:50Z
SPB,51.045,2025-10-14T19:59:35Z
SPBC,44.62,2025-10-14T16:37:59Z
SPBO,29.715,2025-10-14T19:59:46Z
SPBU,27.39,2025-10-14T14:10:48Z
SPBX,26.87,2025-10-14T18:34:43Z
SPCB,10.58,2025-10-14T18:17:16Z
SPCE,4.62,2025-10-14T19:59:54Z
SPCY,34.61,2025-10-14T16:51:52Z
SPDN,9.69,2025-10-14T19:59:56Z
SPDW,42.85,2025-10-14T19:59:55Z
SPEM,46.3,2025-10-14T19:59:53Z
SPEU,50.055,2025-10-14T19:57:52Z
SPFI,38.83,2025-10-14T19:54:49Z
SPG,175.86,2025-10-14T19:59:49Z
SPGI,486.48,2025-10-14T19:59:43Z
SPGM,74.68,2025-10-14T16:15:12Z
SPGP,113.23,2025-10-14T19:37:21Z
SPH,18.48,2025-10-14T19:59:59Z
SPHB,110.85,2025-10-14T19:50:07Z
SPHD,48.61,2025-10-14T19:59:55Z
SPHL,0.6436,2025-10-14T13:51:08Z
SPHQ,73.54,2025-10-14T19:59:48Z
SPHR,62.41,2025-10-14T19:59:56Z
SPHY,23.7,2025-10-14T19:59:46Z
SPIB,33.96,2025-10-14T19:59:44Z
SPIP,26.415,2025-10-14T19:59:58Z
SPIR,13.205,2025-10-14T19:59:31Z
SPLB,23.305,2025-10-14T19:59:51Z
SPLG,77.935,2025-10-14T19:59:51Z
SPLV,72.99,2025-10-14T19:59:50Z
SPMB,22.55,2025-10-14T19:55:14Z
SPMC,17.475,2025-10-14T17:07:37Z
SPMD,57.04,2025-10-14T19:59:41Z
SPMO,120.625,2025-10-14T19:59:49Z
SPNS,43.085,2025-10-14T19:59:54Z
SPNT,19.21,2025-10-14T19:59:49Z
SPOK,15.885,2025-10-14T19:59:51Z
SPOT,682.72,2025-10-14T19:59:48Z
SPPP,14.845,2025-10-14T19:59:01Z
SPR,38.665,2025-10-14T19:59:59Z
SPRB,177.97,2025-10-14T19:58:46Z
SPRC,3.325,2025-10-14T14:02:21Z
SPRE,19.12,2025-10-14T14:01:33Z
SPRO,2.36,2025-10-14T19:59:48Z
SPRU,3,2025-10-14T14:09:18Z
SPRX,41.31,2025-10-14T17:28:37Z
SPRY,10.65,2025-10-14T19:59:50Z
SPSB,30.26,2025-10-14T19:59:54Z
SPSC,109.28,2025-10-14T19:59:44Z
SPSK,18.57,2025-10-14T19:11:56Z
SPSM,46.12,2025-10-14T19:59:55Z
SPT,11.075,2025-10-14T19:59:56Z
SPTE,35.12,2025-10-14T19:17:51Z
SPTI,29.045,2025-10-14T19:59:41Z
SPTL,27.35,2025-10-14T19:59:32Z
SPTM,80.205,2025-10-14T19:59:50Z
SPTS,29.345,2025-10-14T19:55:05Z
SPUS,49.13,2025-10-14T19:55:00Z
SPUU,177.71,2025-10-14T19:37:16Z
SPVM,65.17,2025-10-14T19:37:08Z
SPWH,2.835,2025-10-14T19:58:41Z
SPWR,1.68,2025-10-14T19:59:48Z
SPXC,185.36,2025-10-14T19:59:16Z
SPXL,207.05,2025-10-14T19:59:48Z
SPXS,38.685,2025-10-14T19:59:56Z
SPXU,13.75,2025-10-14T19:59:55Z
SPXX,16.99,2025-10-14T14:03:57Z
SPY,662.255,2025-10-14T19:59:59Z
SPYD,43.455,2025-10-14T19:59:45Z
SPYG,103.73,2025-10-14T19:59:59Z
SPYI,52.085,2025-10-14T19:59:54Z
SPYT,18.015,2025-10-14T19:52:38Z
SPYU,52.035,2025-10-14T19:55:03Z
SPYV,55.1,2025-10-14T19:59:45Z
SPYX,54.5,2025-10-14T15:45:31Z
SQEW,35.895,2025-10-14T17:25:57Z
SQFT,6.09,2025-10-14T19:18:23Z
SQFTP,14.94,2025-10-14T19:53:24Z
SQLV,42.06,2025-10-14T19:38:37Z
SQM,44.61,2025-10-14T19:59:59Z
SQMX,32.57,2025-10-14T16:11:14Z
SQNS,8.54,2025-10-14T19:59:59Z
SQQQ,15.29,2025-10-14T19:59:51Z
SR,84.02,2025-10-14T19:59:02Z
SR-A,25.06,2025-10-14T19:16:49Z
SRAD,26.43,2025-10-14T19:59:58Z
SRBK,14.76,2025-10-14T19:53:33Z
SRCE,60.38,2025-10-14T19:49:40Z
SRDX,27.65,2025-10-14T19:49:27Z
SRE,91.375,2025-10-14T19:59:53Z
SREA,22.715,2025-10-14T18:59:29Z
SRET,21.49,2025-10-14T19:55:04Z
SRFM,5.09,2025-10-14T19:59:49Z
SRG,4.11,2025-10-14T19:57:53Z
SRI,6.775,2025-10-14T19:59:10Z
SRLN,41.08,2025-10-14T19:59:55Z
SRPT,21.44,2025-10-14T19:59:57Z
SRRK,31.92,2025-10-14T19:59:57Z
SRTA,5.57,2025-10-14T19:59:46Z
SRTS,3.27,2025-10-14T18:13:33Z
SRTY,10.86,2025-10-14T19:59:55Z
SRV,44.24,2025-10-14T16:31:30Z
SRVR,31.49,2025-10-14T18:00:09Z
SSB,99,2025-10-14T19:59:50Z
SSD,169.27,2025-10-14T19:59:15Z
SSEA,9.96,2025-10-14T14:07:07Z
SSG,8.98,2025-10-14T19:59:59Z
SSII,8.98,2025-10-14T19:45:25Z
SSK,30.69,2025-10-14T19:54:44Z
SSKN,2.18,2025-10-14T19:59:51Z
SSL,5.9,2025-10-14T19:59:48Z
SSNC,82.88,2025-10-14T19:59:52Z
SSO,110.56,2025-10-14T19:59:52Z
SSP,2.295,2025-10-14T19:59:47Z
SSRM,23.605,2025-10-14T19:59:59Z
SSSS,9.29,2025-10-14T19:59:53Z
SSSSL,24.72,2025-10-14T19:58:06Z
SST,7.95,2025-10-14T17:46:47Z
SSTI,11.705,2025-10-14T19:57:23Z
SSTK,24.88,2025-10-14T19:56:13Z
SSYS,10.84,2025-10-14T19:59:45Z
ST,31.09,2025-10-14T19:59:48Z
STAA,27.12,2025-10-14T19:59:53Z
STAG,36.82,2025-10-14T19:59:50Z
STAI,0.5574,2025-10-14T19:58:38Z
STAK,0.8231,2025-10-14T14:36:20Z
STBA,37.025,2025-10-14T19:56:53Z
STC,69.96,2025-10-14T19:59:28Z
STCE,104.575,2025-10-14T19:52:19Z
STE,237.89,2025-10-14T19:59:46Z
STEC,1.39,2025-10-14T13:55:56Z
STEL,31.22,2025-10-14T19:58:42Z
STEM,27.61,2025-10-14T19:51:43Z
STEP,66.84,2025-10-14T19:59:51Z
STEW,17.72,2025-10-14T19:47:44Z
STEX,5.88,2025-10-14T19:58:58Z
STFS,0.1942,2025-10-14T19:50:15Z
STGW,5.19,2025-10-14T19:59:55Z
STHO,7.69,2025-10-14T19:53:42Z
STI,27.8,2025-10-14T19:59:37Z
STIM,2.885,2025-10-14T19:59:53Z
STIP,103.425,2025-10-14T19:59:46Z
STK,35.895,2025-10-14T19:53:51Z
STKE,3.65,2025-10-14T18:58:06Z
STKH,3.96,2025-10-14T18:34:55Z
STKL,5.72,2025-10-14T19:59:55Z
STKS,2.845,2025-10-14T19:16:17Z
STLA,9.92,2025-10-14T19:59:59Z
STLD,146.985,2025-10-14T19:59:52Z
STM,28.31,2025-10-14T19:59:56Z
STN,112.52,2025-10-14T19:55:30Z
STNE,17.01,2025-10-14T19:59:53Z
STNG,53.37,2025-10-14T19:59:39Z
STOK,34.95,2025-10-14T19:59:56Z
STOT,47.39,2025-10-14T19:45:47Z
STPZ,54.225,2025-10-14T17:19:26Z
STRA,79.16,2025-10-14T19:45:26Z
STRC,98.8,2025-10-14T19:59:10Z
STRD,80.04,2025-10-14T19:17:31Z
STRF,111.64,2025-10-14T19:34:27Z
STRK,90.53,2025-10-14T19:21:32Z
STRL,363.09,2025-10-14T19:07:17Z
STRO,0.8014,2025-10-14T19:59:19Z
STRT,65.505,2025-10-14T13:47:08Z
STRV,42.87,2025-10-14T19:55:00Z
STRW,11.71,2025-10-14T14:23:45Z
STRZ,11.8,2025-10-14T19:59:45Z
STSS,5.84,2025-10-14T18:38:22Z
STT,115.44,2025-10-14T19:59:55Z
STT-G,22.97,2025-10-14T13:54:27Z
STTK,1.865,2025-10-14T19:58:51Z
STUB,18.69,2025-10-14T19:59:55Z
STVN,24.17,2025-10-14T19:59:31Z
STWD,18.91,2025-10-14T19:59:56Z
STX,211.5,2025-10-14T19:59:57Z
STXG,49.14,2025-10-14T13:38:59Z
STXS,3.05,2025-10-14T19:59:50Z
STXT,20.44,2025-10-14T19:13:19Z
STZ,141.46,2025-10-14T19:59:48Z
SU,39.36,2025-10-14T19:59:56Z
SUB,106.74,2025-10-14T19:59:30Z
SUGP,8.25,2025-10-14T17:50:03Z
SUI,123.27,2025-10-14T19:59:43Z
SUIG,3.61,2025-10-14T19:57:48Z
SUN,50.81,2025-10-14T19:59:56Z
SUNS,10.005,2025-10-14T19:59:45Z
SUPL,37,2025-10-14T15:18:16Z
SUPN,49.25,2025-10-14T19:59:59Z
SUPV,5.97,2025-10-14T19:59:56Z
SUPX,68.24,2025-10-14T19:23:43Z
SURE,120.12,2025-10-14T13:47:37Z
SURG,2.775,2025-10-14T19:50:35Z
SUSA,134.255,2025-10-14T15:40:03Z
SUSB,25.32,2025-10-14T19:20:32Z
SUSC,23.665,2025-10-14T19:52:19Z
SUSL,116.59,2025-10-14T16:20:45Z
SUUN,2.09,2025-10-14T19:58:18Z
SUZ,8.79,2025-10-14T19:59:52Z
SVAC,10.15,2025-10-14T15:06:11Z
SVACW,0.98,2025-10-14T18:59:04Z
SVC,2.27,2025-10-14T19:59:50Z
SVCO,5.99,2025-10-14T19:59:43Z
SVII,14.08,2025-10-14T19:59:21Z
SVIIR,0.75,2025-10-14T19:58:00Z
SVIIW,2.23,2025-10-14T19:56:55Z
SVIX,19.13,2025-10-14T19:59:46Z
SVM,6.825,2025-10-14T19:59:51Z
SVOL,17.52,2025-10-14T19:58:58Z
SVRA,3.38,2025-10-14T19:59:59Z
SVRE,1.35,2025-10-14T19:56:51Z
SVV,13.335,2025-10-14T19:59:58Z
SVXY,48.39,2025-10-14T19:59:58Z
SW,42.23,2025-10-14T19:59:58Z
SWAG,1.75,2025-10-14T17:20:02Z
SWAN,32.28,2025-10-14T19:58:25Z
SWBI,10.095,2025-10-14T19:59:57Z
SWIM,7.63,2025-10-14T19:59:53Z
SWK,67.02,2025-10-14T19:59:57Z
SWKH,16.645,2025-10-14T19:30:31Z
SWKHL,25.66,2025-10-14T19:07:02Z
SWKS,72.75,2025-10-14T19:59:55Z
SWP,27.51,2025-10-14T14:40:17Z
SWX,77.92,2025-10-14T19:59:03Z
SWZ,5.9,2025-10-14T19:59:47Z
SXC,8.58,2025-10-14T19:59:55Z
SXI,228.925,2025-10-14T19:44:25Z
SXT,95.27,2025-10-14T19:59:47Z
SXTP,1.83,2025-10-14T19:48:28Z
SY,3.32,2025-10-14T19:59:58Z
SYBT,70.59,2025-10-14T19:44:43Z
SYBX,1.6,2025-10-14T14:29:32Z
SYF,72.84,2025-10-14T19:59:53Z
SYF-B,26.35,2025-10-14T18:58:28Z
SYFI,35.82,2025-10-14T19:52:49Z
SYK,370.06,2025-10-14T19:59:53Z
SYLD,68.18,2025-10-14T19:45:13Z
SYM,73.63,2025-10-14T19:59:31Z
SYNA,66.72,2025-10-14T19:59:47Z
SYNX,1.74,2025-10-14T16:35:46Z
SYRE,21.04,2025-10-14T19:59:54Z
SYY,80.14,2025-10-14T19:59:56Z
SZZL,10.17,2025-10-14T18:43:22Z
SZZLR,0.23,2025-10-14T19:29:43Z
T,26.13,2025-10-14T19:59:56Z
T-A,20.715,2025-10-14T19:55:38Z
T-C,19.59,2025-10-14T19:54:10Z
TAC,16.715,2025-10-14T19:59:57Z
TACO,10.555,2025-10-14T17:48:30Z
TACOW,0.8099,2025-10-14T17:24:01Z
TACT,5,2025-10-14T19:52:50Z
TAFI,25.295,2025-10-14T14:11:54Z
TAFL,25.19,2025-10-14T17:55:20Z
TAFM,25.5,2025-10-14T15:05:07Z
TAGG,43.39,2025-10-14T19:06:59Z
TAIL,12.015,2025-10-14T19:54:14Z
TAK,13.81,2025-10-14T19:59:56Z
TAL,10.43,2025-10-14T19:59:59Z
TALK,3.06,2025-10-14T19:59:57Z
TALKW,0.0838,2025-10-14T18:18:07Z
TALO,9.295,2025-10-14T19:59:50Z
TAN,47.02,2025-10-14T19:59:42Z
TANH,1.73,2025-10-14T16:16:17Z
TAOX,9.565,2025-10-14T19:59:09Z
TAP,46.745,2025-10-14T19:59:50Z
TARA,5.36,2025-10-14T19:59:42Z
TARK,83.87,2025-10-14T19:37:19Z
TARS,69.9,2025-10-14T19:59:46Z
TASK,13.87,2025-10-14T19:59:55Z
TATT,42.71,2025-10-14T19:54:29Z
TAXE,51.05,2025-10-14T19:36:54Z
TAXF,50.31,2025-10-14T14:48:46Z
TAXX,50.83,2025-10-14T19:57:00Z
TBB,23.33,2025-10-14T15:52:58Z
TBBB,26.44,2025-10-14T19:59:49Z
TBBK,80.38,2025-10-14T19:59:18Z
TBCH,14.845,2025-10-14T19:59:24Z
TBF,23.31,2025-10-14T19:37:05Z
TBH,1.03,2025-10-14T19:59:32Z
TBHC,1.57,2025-10-14T19:03:36Z
TBI,5.58,2025-10-14T19:49:55Z
TBIL,49.915,2025-10-14T19:45:17Z
TBJL,20.32,2025-10-14T17:38:41Z
TBLA,3.07,2025-10-14T19:59:58Z
TBLD,20.41,2025-10-14T19:25:45Z
TBLL,105.805,2025-10-14T19:55:05Z
TBN,26.58,2025-10-14T19:57:55Z
TBPH,13.85,2025-10-14T19:59:43Z
TBRG,20.055,2025-10-14T19:59:11Z
TBT,32.59,2025-10-14T19:59:49Z
TBUX,49.945,2025-10-14T16:55:43Z
TBXU,26.3,2025-10-14T13:34:13Z
TC,14.83,2025-10-14T14:34:17Z
TCAF,37.91,2025-10-14T19:59:15Z
TCAL,24.575,2025-10-14T19:59:08Z
TCBI,85.35,2025-10-14T19:59:53Z
TCBK,44.06,2025-10-14T19:27:55Z
TCBX,39.23,2025-10-14T19:54:59Z
TCHI,24.76,2025-10-14T18:10:33Z
TCHP,48.62,2025-10-14T16:20:33Z
TCMD,14.655,2025-10-14T19:56:13Z
TCOM,70.15,2025-10-14T19:59:59Z
TCPC,5.78,2025-10-14T19:59:56Z
TCRT,3.47,2025-10-14T19:58:21Z
TCRX,2.12,2025-10-14T19:59:42Z
TD,79.37,2025-10-14T19:59:57Z
TDAQ,26.18,2025-10-14T18:12:50Z
TDC,21.35,2025-10-14T19:59:54Z
TDF,11.27,2025-10-14T18:30:46Z
TDG,1312.34,2025-10-14T19:59:54Z
TDIC,0.7852,2025-10-14T19:59:55Z
TDIV,98.92,2025-10-14T19:43:46Z
TDOC,8.93,2025-10-14T19:59:54Z
TDS,38.67,2025-10-14T19:59:47Z
TDS-V,18.57,2025-10-14T19:59:49Z
TDSC,24.91,2025-10-14T19:37:04Z
TDTF,24.325,2025-10-14T19:52:56Z
TDTH,0.8289,2025-10-14T17:55:44Z
TDTT,24.34,2025-10-14T19:59:46Z
TDUP,9.4,2025-10-14T19:59:54Z
TDV,85.68,2025-10-14T14:13:02Z
TDVG,43.71,2025-10-14T15:22:15Z
TDVI,28.72,2025-10-14T19:59:27Z
TDW,49.45,2025-10-14T19:59:48Z
TDY,571.57,2025-10-14T19:59:50Z
TE,4,2025-10-14T19:59:58Z
TE+,0.255,2025-10-14T19:37:10Z
TEAD,1.56,2025-10-14T19:59:55Z
TEAF,11.92,2025-10-14T18:45:49Z
TEAM,156.42,2025-10-14T19:59:48Z
TECH,59.3,2025-10-14T19:59:54Z
TECK,43.235,2025-10-14T19:59:55Z
TECL,122.05,2025-10-14T19:58:45Z
TECS,19.22,2025-10-14T19:59:55Z
TECTP,10.99,2025-10-14T18:38:24Z
TECX,16.06,2025-10-14T19:59:24Z
TEF,5.045,2025-10-14T19:59:48Z
TEI,6.21,2025-10-14T19:59:26Z
TEL,220.56,2025-10-14T19:59:47Z
TELA,1.46,2025-10-14T17:18:14Z
TELO,1.665,2025-10-14T19:59:08Z
TEM,89.96,2025-10-14T19:59:56Z
TEMT,37.725,2025-10-14T19:52:41Z
TEN,21.19,2025-10-14T19:57:44Z
TEN-F,26.86,2025-10-14T14:51:59Z
TENB,29.23,2025-10-14T19:59:52Z
TENX,7.45,2025-10-14T19:59:38Z
TEO,7.4,2025-10-14T19:56:00Z
TER,137.05,2025-10-14T19:59:56Z
TERN,8.085,2025-10-14T19:59:59Z
TETH,20.5,2025-10-14T19:59:57Z
TEVA,20.11,2025-10-14T19:59:55Z
TEX,54.18,2025-10-14T19:59:50Z
TEXU,23.66,2025-10-14T19:37:44Z
TFC,43.915,2025-10-14T19:59:58Z
TFC-I,21.74,2025-10-14T19:53:24Z
TFC-O,22.99,2025-10-14T19:54:04Z
TFC-R,20.4,2025-10-14T16:40:45Z
TFI,45.705,2025-10-14T19:59:15Z
TFII,89.29,2025-10-14T19:55:43Z
TFIN,48.24,2025-10-14T19:59:11Z
TFJL,20.54,2025-10-14T18:17:15Z
TFLO,50.495,2025-10-14T19:55:05Z
TFLR,51.34,2025-10-14T14:54:31Z
TFPM,31.52,2025-10-14T19:59:17Z
TFPN,25.17,2025-10-14T15:50:19Z
TFSL,13.5,2025-10-14T19:59:52Z
TFX,122.44,2025-10-14T19:59:51Z
TG,7.65,2025-10-14T19:59:37Z
TGB,4.385,2025-10-14T19:59:08Z
TGE,1.72,2025-10-14T19:59:50Z
TGEN,9.575,2025-10-14T19:58:26Z
TGHL,1.25,2025-10-14T19:39:59Z
TGL,1.07,2025-10-14T19:56:14Z
TGLS,64.69,2025-10-14T19:57:46Z
TGNA,20,2025-10-14T19:59:59Z
TGRT,42.75,2025-10-14T13:44:29Z
TGRW,45.28,2025-10-14T17:10:32Z
TGS,22.43,2025-10-14T19:59:27Z
TGT,88.98,2025-10-14T19:59:50Z
TGTX,34.12,2025-10-14T19:59:47Z
TH,7.435,2025-10-14T19:59:50Z
THAR,3.14,2025-10-14T19:57:40Z
THC,196.17,2025-10-14T19:59:47Z
THD,58.68,2025-10-14T19:04:02Z
THFF,54.455,2025-10-14T19:51:27Z
THG,177.43,2025-10-14T19:57:00Z
THH,8.05,2025-10-14T18:52:51Z
THM,2.75,2025-10-14T19:59:49Z
THNQ,65.305,2025-10-14T19:52:59Z
THO,105.155,2025-10-14T19:59:20Z
THQ,17.81,2025-10-14T19:54:27Z
THR,26.465,2025-10-14T19:59:43Z
THRM,33.94,2025-10-14T19:55:05Z
THRO,37.45,2025-10-14T19:58:36Z
THRY,11.12,2025-10-14T19:59:43Z
THS,19.34,2025-10-14T19:59:59Z
THTA,15.135,2025-10-14T19:59:46Z
THW,12.99,2025-10-14T19:18:52Z
TIC,13.11,2025-10-14T19:59:54Z
TIGO,46.115,2025-10-14T19:59:48Z
TIGR,9.37,2025-10-14T19:59:53Z
TIL,19.56,2025-10-14T19:50:20Z
TILE,26.59,2025-10-14T19:59:56Z
TILL,17.32,2025-10-14T14:13:04Z
TIMB,20.7,2025-10-14T19:59:53Z
TIP,111.67,2025-10-14T19:59:54Z
TIPT,18.17,2025-10-14T19:59:04Z
TIPX,19.315,2025-10-14T19:55:25Z
TIRX,1.11,2025-10-14T19:56:53Z
TITN,15.63,2025-10-14T19:59:54Z
TIVC,2.99,2025-10-14T19:44:18Z
TIXT,4.485,2025-10-14T19:59:06Z
TJAN,27.08,2025-10-14T19:09:30Z
TJX,144.09,2025-10-14T19:59:59Z
TK,7.92,2025-10-14T19:59:59Z
TKC,5.545,2025-10-14T19:59:20Z
TKLF,3.7,2025-10-14T19:35:01Z
TKNO,5.16,2025-10-14T19:59:47Z
TKO,190.01,2025-10-14T19:59:48Z
TKR,74.25,2025-10-14T19:59:43Z
TLCI,26.29,2025-10-14T15:30:00Z
TLH,104.33,2025-10-14T19:54:17Z
TLIH,0.4771,2025-10-14T19:37:19Z
TLK,18.22,2025-10-14T19:59:51Z
TLN,417.8,2025-10-14T19:59:55Z
TLNCW,0.6,2025-10-14T15:19:55Z
TLPH,1.16,2025-10-14T19:25:18Z
TLRY,1.595,2025-10-14T19:59:51Z
TLS,7.2,2025-10-14T19:59:56Z
TLSA,2.17,2025-10-14T19:59:36Z
TLSI,4.66,2025-10-14T19:59:45Z
TLT,90.86,2025-10-14T19:59:58Z
TLTD,88.025,2025-10-14T15:15:13Z
TLTP,22.99,2025-10-14T17:28:09Z
TLTW,23.7,2025-10-14T19:59:45Z
TLX,9.98,2025-10-14T19:58:45Z
TLYS,1.65,2025-10-14T18:38:02Z
TM,191.665,2025-10-14T19:59:32Z
TMAT,28.32,2025-10-14T19:18:41Z
TMC,10.695,2025-10-14T19:59:55Z
TMCI,6.13,2025-10-14T19:59:52Z
TMCWW,3.035,2025-10-14T19:59:02Z
TMDE,0.7456,2025-10-14T15:41:40Z
TMDX,111.385,2025-10-14T19:58:40Z
TME,22.48,2025-10-14T19:59:55Z
TMF,42.5,2025-10-14T19:59:16Z
TMFC,70.11,2025-10-14T19:37:06Z
TMFG,29.94,2025-10-14T19:31:03Z
TMFS,33.93,2025-10-14T14:41:09Z
TMHC,62.975,2025-10-14T19:59:52Z
TMO,525.595,2025-10-14T19:59:50Z
TMP,66.09,2025-10-14T19:37:33Z
TMQ,10.48,2025-10-14T19:59:59Z
TMSL,35.1,2025-10-14T19:37:08Z
TMUS,229.45,2025-10-14T19:59:51Z
TMUSI,23.2,2025-10-14T14:11:46Z
TMUSL,24.835,2025-10-14T17:08:10Z
TMUSZ,23.36,2025-10-14T15:10:50Z
TMV,33.13,2025-10-14T19:59:45Z
TNA,48.16,2025-10-14T19:59:47Z
TNC,79.725,2025-10-14T19:57:01Z
TNDM,14.39,2025-10-14T19:59:50Z
TNET,63.025,2025-10-14T19:59:47Z
TNGX,8.69,2025-10-14T19:59:55Z
TNGY,8.97,2025-10-14T19:37:09Z
TNK,48.81,2025-10-14T19:59:46Z
TNL,60.74,2025-10-14T19:59:47Z
TNMG,0.3557,2025-10-14T19:50:55Z
TNON,1.22,2025-10-14T18:34:26Z
TNXP,20.015,2025-10-14T19:59:59Z
TNYA,1.995,2025-10-14T19:59:21Z
TOCT,26.42,2025-10-14T18:46:33Z
TOI,4,2025-10-14T19:59:46Z
TOK,134.355,2025-10-14T16:00:36Z
TOKE,6.27,2025-10-14T15:45:02Z
TOL,133.29,2025-10-14T19:59:54Z
TOLZ,53.77,2025-10-14T19:16:25Z
TONX,4.26,2025-10-14T19:59:52Z
TOON,0.7731,2025-10-14T19:59:47Z
TOP,1.26,2025-10-14T19:59:52Z
TOPP,2.27,2025-10-14T19:44:39Z
TOPT,30.14,2025-10-14T19:59:56Z
TORO,4.13,2025-10-14T19:56:25Z
TOST,37.81,2025-10-14T19:59:56Z
TOT,20.69,2025-10-14T19:54:01Z
TOTL,40.67,2025-10-14T19:43:27Z
TOUR,0.86,2025-10-14T16:36:23Z
TOUS,33.45,2025-10-14T19:46:37Z
TOVX,0.4377,2025-10-14T19:38:45Z
TOWN,33.995,2025-10-14T19:59:46Z
TOYO,7.74,2025-10-14T19:17:48Z
TPB,91.215,2025-10-14T19:59:49Z
TPC,63.21,2025-10-14T19:59:28Z
TPCS,5.1,2025-10-14T14:15:07Z
TPET,1.07,2025-10-14T19:08:53Z
TPG,57.085,2025-10-14T19:59:53Z
TPGXL,25.9,2025-10-14T17:38:42Z
TPH,32.05,2025-10-14T19:59:53Z
TPIF,33.49,2025-10-14T19:39:02Z
TPL,908.51,2025-10-14T19:58:09Z
TPR,116.28,2025-10-14T19:59:50Z
TPSC,41.36,2025-10-14T19:32:56Z
TPST,11.94,2025-10-14T18:30:45Z
TPVG,5.39,2025-10-14T19:58:31Z
TQQQ,101.36,2025-10-14T19:59:49Z
TR,42.48,2025-10-14T19:57:40Z
TRAK,14.36,2025-10-14T19:53:53Z
TRAW,2.92,2025-10-14T19:46:51Z
TRC,15.76,2025-10-14T19:59:46Z
TRDA,6.05,2025-10-14T19:59:22Z
TREE,57.91,2025-10-14T19:58:32Z
TREX,53.14,2025-10-14T19:59:56Z
TRFK,69.265,2025-10-14T19:56:10Z
TRFM,49.5,2025-10-14T16:58:12Z
TRGP,150.42,2025-10-14T19:59:55Z
TRI,154.67,2025-10-14T19:59:52Z
TRIN,14.99,2025-10-14T19:59:53Z
TRINI,25.2,2025-10-14T19:16:40Z
TRIP,15.705,2025-10-14T19:59:41Z
TRMB,78.07,2025-10-14T19:59:52Z
TRMD,19.495,2025-10-14T19:59:44Z
TRMK,39.62,2025-10-14T19:59:39Z
TRML,47.87,2025-10-14T19:59:50Z
TRN,28.08,2025-10-14T19:59:21Z
TRNO,57.335,2025-10-14T19:59:56Z
TRNR,3.37,2025-10-14T19:43:22Z
TRNS,72.465,2025-10-14T19:53:59Z
TRON,3.88,2025-10-14T19:59:51Z
TROO,1.47,2025-10-14T19:59:54Z
TROW,106.16,2025-10-14T19:59:54Z
TROX,4.05,2025-10-14T19:59:56Z
TRP,52.05,2025-10-14T19:59:59Z
TRS,36.77,2025-10-14T19:59:55Z
TRSG,1.38,2025-10-14T15:13:43Z
TRST,36.81,2025-10-14T19:40:46Z
TRT,8.14,2025-10-14T19:38:24Z
TRTN-D,22.33,2025-10-14T14:36:04Z
TRTN-E,19.11,2025-10-14T17:57:32Z
TRTX,8.68,2025-10-14T19:59:53Z
TRU,78.91,2025-10-14T19:59:57Z
TRUE,1.49,2025-10-14T19:59:51Z
TRUG,2.11,2025-10-14T19:58:31Z
TRUP,41.86,2025-10-14T19:58:33Z
TRUT,25.96,2025-10-14T15:43:22Z
TRV,275.59,2025-10-14T19:59:05Z
TRVG,3.155,2025-10-14T19:20:58Z
TRVI,10.195,2025-10-14T19:59:48Z
TRX,0.8193,2025-10-14T19:55:45Z
TS,34.39,2025-10-14T19:59:53Z
TSAT,35.01,2025-10-14T19:57:49Z
TSCO,55.485,2025-10-14T19:59:55Z
TSDD,10.32,2025-10-14T19:59:55Z
TSE,2.09,2025-10-14T19:59:48Z
TSEL,29.48,2025-10-14T19:40:55Z
TSEM,73.36,2025-10-14T19:59:35Z
TSEP,23.13,2025-10-14T16:27:39Z
TSHA,5.155,2025-10-14T19:59:58Z
TSI,4.925,2025-10-14T19:48:35Z
TSL,17.9,2025-10-14T19:59:50Z
TSLA,429.18,2025-10-14T19:59:57Z
TSLG,9.67,2025-10-14T19:59:56Z
TSLI,35.22,2025-10-14T13:53:43Z
TSLL,19.3,2025-10-14T19:59:56Z
TSLQ,8.29,2025-10-14T19:59:56Z
TSLR,31.14,2025-10-14T19:59:53Z
TSLS,5.5,2025-10-14T19:59:46Z
TSLT,26.23,2025-10-14T19:59:52Z
TSLV,19.02,2025-10-14T18:43:02Z
TSLW,37.34,2025-10-14T19:59:45Z
TSLX,21.91,2025-10-14T19:59:42Z
TSLY,8.38,2025-10-14T19:59:49Z
TSLZ,0.7416,2025-10-14T19:57:01Z
TSM,295.92,2025-10-14T19:59:57Z
TSME,41.08,2025-10-14T19:44:21Z
TSMG,26.16,2025-10-14T19:53:40Z
TSMU,43.73,2025-10-14T19:45:09Z
TSMX,51.77,2025-10-14T19:59:50Z
TSMZ,12.42,2025-10-14T16:49:41Z
TSN,52.855,2025-10-14T19:59:55Z
TSPA,41.67,2025-10-14T19:59:37Z
TSPY,25.07,2025-10-14T15:38:34Z
TSQ,6.24,2025-10-14T19:59:21Z
TSSI,18.33,2025-10-14T19:59:53Z
TSYY,7.72,2025-10-14T19:59:59Z
TT,423.98,2025-10-14T19:59:57Z
TTAM,15.21,2025-10-14T19:59:57Z
TTAN,97.085,2025-10-14T19:59:42Z
TTC,74.74,2025-10-14T19:59:48Z
TTD,50.75,2025-10-14T19:59:53Z
TTDU,30.75,2025-10-14T14:15:54Z
TTE,58.39,2025-10-14T19:59:59Z
TTEC,3.54,2025-10-14T19:59:19Z
TTEK,33.31,2025-10-14T19:59:52Z
TTEQ,32.69,2025-10-14T18:12:43Z
TTGT,5.52,2025-10-14T19:59:48Z
TTI,7.04,2025-10-14T19:59:57Z
TTMI,55.29,2025-10-14T19:59:53Z
TTRX,5.91,2025-10-14T19:59:50Z
TTSH,6.12,2025-10-14T18:37:24Z
TTWO,257.9,2025-10-14T19:59:27Z
TTXU,25.26,2025-10-14T18:06:12Z
TU,15.125,2025-10-14T19:59:55Z
TUA,22.15,2025-10-14T16:43:30Z
TUG,39.26,2025-10-14T18:13:17Z
TUGN,25.9,2025-10-14T17:37:09Z
TUR,32.375,2025-10-14T19:40:14Z
TURB,3.87,2025-10-14T19:55:30Z
TUSB,50.59,2025-10-14T18:35:43Z
TUSI,25.395,2025-10-14T19:59:22Z
TUSK,2.27,2025-10-14T16:51:14Z
TUYA,2.365,2025-10-14T19:59:36Z
TV,2.41,2025-10-14T19:59:50Z
TVA,11.655,2025-10-14T19:59:50Z
TVACW,1.6,2025-10-14T19:28:07Z
TVAL,34.19,2025-10-14T16:40:47Z
TVC,23.94,2025-10-14T13:58:43Z
TVE,23.79,2025-10-14T18:14:27Z
TVGN,0.7011,2025-10-14T19:50:57Z
TVRD,6.935,2025-10-14T19:57:57Z
TVTX,26.135,2025-10-14T19:59:47Z
TW,108.265,2025-10-14T19:59:54Z
TWFG,27.025,2025-10-14T19:59:00Z
TWG,6.4,2025-10-14T17:22:01Z
TWI,7.49,2025-10-14T19:59:55Z
TWIN,14.875,2025-10-14T19:56:10Z
TWLO,108.14,2025-10-14T19:59:54Z
TWM,32.18,2025-10-14T19:59:55Z
TWN,53.9,2025-10-14T14:47:01Z
TWO,9.88,2025-10-14T19:59:52Z
TWST,30.575,2025-10-14T19:59:53Z
TX,36.295,2025-10-14T19:53:03Z
TXG,11.54,2025-10-14T19:59:56Z
TXN,173.9,2025-10-14T19:59:56Z
TXNM,56.87,2025-10-14T19:59:56Z
TXO,13.13,2025-10-14T19:59:59Z
TXRH,169.865,2025-10-14T19:59:57Z
TXT,83.785,2025-10-14T19:59:46Z
TY,33.95,2025-10-14T13:30:00Z
TYD,26.43,2025-10-14T19:08:08Z
TYG,42.75,2025-10-14T16:51:07Z
TYGO,2.53,2025-10-14T19:59:54Z
TYL,505.59,2025-10-14T19:39:42Z
TYRA,13.95,2025-10-14T19:55:20Z
TZA,7.58,2025-10-14T19:59:55Z
TZOO,10.38,2025-10-14T19:59:22Z
TZUP,5.365,2025-10-14T19:47:56Z
U,36.59,2025-10-14T19:59:59Z
UA,4.765,2025-10-14T19:59:50Z
UAA,4.895,2025-10-14T19:59:59Z
UAE,19.565,2025-10-14T19:59:47Z
UAL,103.19,2025-10-14T19:59:52Z
UAMY,17.41,2025-10-14T19:59:57Z
UAN,91.65,2025-10-14T14:51:09Z
UAVS,2.435,2025-10-14T19:59:51Z
UBER,94.29,2025-10-14T19:59:53Z
UBFO,8.83,2025-10-14T19:04:56Z
UBND,22.125,2025-10-14T19:37:14Z
UBOT,26.42,2025-10-14T16:21:25Z
UBR,21.26,2025-10-14T19:43:20Z
UBRL,32.38,2025-10-14T19:37:43Z
UBS,39.99,2025-10-14T19:59:55Z
UBSI,37.07,2025-10-14T19:59:48Z
UBT,17.97,2025-10-14T19:59:45Z
UBXG,1.9,2025-10-14T19:26:53Z
UCB,32.435,2025-10-14T19:59:50Z
UCL,2.14,2025-10-14T17:23:54Z
UCO,20.19,2025-10-14T19:59:30Z
UCON,25.305,2025-10-14T19:59:42Z
UCTT,27.95,2025-10-14T19:58:38Z
UDEC,38.22,2025-10-14T15:06:04Z
UDMY,6.51,2025-10-14T19:59:56Z
UDOW,105.83,2025-10-14T19:59:52Z
UDR,36.35,2025-10-14T19:59:59Z
UE,19.59,2025-10-14T19:59:54Z
UEC,15.72,2025-10-14T19:59:56Z
UEIC,4.59,2025-10-14T19:37:43Z
UFCS,31.29,2025-10-14T19:59:48Z
UFEB,35.72,2025-10-14T16:20:26Z
UFG,0.917,2025-10-14T19:53:09Z
UFI,4.59,2025-10-14T19:39:10Z
UFIV,49.58,2025-10-14T19:00:16Z
UFO,40.18,2025-10-14T19:58:17Z
UFPI,92.09,2025-10-14T19:56:55Z
UFPT,199.295,2025-10-14T19:54:40Z
UGA,61.26,2025-10-14T18:38:06Z
UGI,31.86,2025-10-14T19:59:58Z
UGL,52.67,2025-10-14T19:59:43Z
UGP,3.84,2025-10-14T19:59:50Z
UGRO,0.5919,2025-10-14T19:59:26Z
UHAL,55.93,2025-10-14T19:59:46Z
UHAL.B,50.92,2025-10-14T19:59:18Z
UHG,4.23,2025-10-14T19:59:51Z
UHS,203.83,2025-10-14T19:59:48Z
UHT,35.86,2025-10-14T19:57:40Z
UI,760.34,2025-10-14T19:30:11Z
UIS,3.65,2025-10-14T19:59:49Z
UITB,47.735,2025-10-14T19:55:04Z
UKOMW,0.0058,2025-10-14T19:30:24Z
UL,61,2025-10-14T19:59:54Z
ULBI,7.43,2025-10-14T19:23:21Z
ULCC,4.395,2025-10-14T19:59:59Z
ULH,19.165,2025-10-14T19:59:55Z
ULS,77.6,2025-10-14T19:59:31Z
ULST,40.655,2025-10-14T19:56:38Z
ULTA,541.065,2025-10-14T19:59:24Z
ULTY,5.41,2025-10-14T19:59:57Z
ULY,3.33,2025-10-14T19:58:04Z
UMAC,15.15,2025-10-14T19:59:59Z
UMAR,38.93,2025-10-14T16:25:41Z
UMAY,35.85,2025-10-14T18:05:28Z
UMBF,118.54,2025-10-14T19:58:31Z
UMC,7.4,2025-10-14T19:59:59Z
UMDD,25.31,2025-10-14T17:52:14Z
UMH,14.475,2025-10-14T19:59:55Z
UMMA,28.14,2025-10-14T15:46:30Z
UNCY,4.55,2025-10-14T19:58:42Z
UNF,163.38,2025-10-14T19:58:59Z
UNFI,42.05,2025-10-14T19:59:45Z
UNG,11.95,2025-10-14T19:59:30Z
UNH,359.79,2025-10-14T19:59:48Z
UNHG,22.84,2025-10-14T19:59:50Z
UNIT,5.37,2025-10-14T19:59:59Z
UNM,76.6,2025-10-14T19:59:54Z
UNP,227.135,2025-10-14T19:59:55Z
UNTY,49.26,2025-10-14T19:53:51Z
UOKA,3.07,2025-10-14T14:23:14Z
UP,1.735,2025-10-14T19:59:54Z
UPB,20,2025-10-14T19:59:43Z
UPBD,21.42,2025-10-14T19:59:55Z
UPC,6.705,2025-10-14T19:22:31Z
UPGD,74.61,2025-10-14T17:58:13Z
UPLD,2.47,2025-10-14T19:32:37Z
UPRO,108.76,2025-10-14T19:57:52Z
UPS,84.03,2025-10-14T19:59:57Z
UPST,50.41,2025-10-14T19:59:55Z
UPSX,15.1,2025-10-14T19:59:27Z
UPWK,16.94,2025-10-14T19:59:50Z
UPXI,6.255,2025-10-14T19:59:50Z
URA,56.97,2025-10-14T19:59:55Z
URAA,58.01,2025-10-14T18:12:19Z
URAN,52.78,2025-10-14T19:38:07Z
URBN,67.89,2025-10-14T19:59:49Z
URG,2.1,2025-10-14T19:59:49Z
URGN,16.695,2025-10-14T19:59:56Z
URI,1000.45,2025-10-14T19:59:16Z
URNJ,33.77,2025-10-14T19:59:33Z
URNM,65.975,2025-10-14T19:57:45Z
UROY,4.28,2025-10-14T19:59:56Z
URSP,39.69,2025-10-14T16:06:50Z
URTH,180.62,2025-10-14T19:56:35Z
URTY,56.4,2025-10-14T19:59:50Z
USA,6.275,2025-10-14T19:47:45Z
USAC,22.85,2025-10-14T19:59:58Z
USAF,27.64,2025-10-14T18:52:48Z
USAI,37.715,2025-10-14T19:59:09Z
USAR,37.57,2025-10-14T19:59:48Z
USARW,26.23,2025-10-14T19:53:45Z
USAS,4.455,2025-10-14T19:59:56Z
USAU,18.78,2025-10-14T19:52:44Z
USB,47.08,2025-10-14T19:59:56Z
USB-H,18.975,2025-10-14T15:56:27Z
USBC,0.9101,2025-10-14T19:04:22Z
USCB,17.395,2025-10-14T19:58:57Z
USCI,76.73,2025-10-14T18:45:23Z
USD,98.55,2025-10-14T19:58:52Z
USDU,26.755,2025-10-14T19:59:59Z
USDX,25.895,2025-10-14T15:14:32Z
USE,27.4,2025-10-14T14:43:04Z
USEA,1.69,2025-10-14T15:52:18Z
USEG,1.13,2025-10-14T19:45:54Z
USFD,77.12,2025-10-14T19:59:49Z
USFR,50.345,2025-10-14T19:51:26Z
USGO,14.52,2025-10-14T19:09:01Z
USHY,37.44,2025-10-14T19:59:59Z
USIG,52.39,2025-10-14T19:59:47Z
USIO,1.42,2025-10-14T19:59:05Z
USL,33.81,2025-10-14T19:21:25Z
USLM,126.76,2025-10-14T19:37:21Z
USMC,67.655,2025-10-14T19:59:40Z
USMF,51.4,2025-10-14T18:03:28Z
USMV,94.7,2025-10-14T19:59:58Z
USNA,21.205,2025-10-14T19:57:37Z
USO,69.01,2025-10-14T19:59:53Z
USOI,48.2,2025-10-14T15:47:41Z
USOY,7.2,2025-10-14T19:42:51Z
USPH,91.17,2025-10-14T19:59:50Z
USRT,57.69,2025-10-14T19:59:48Z
USSE,33.13,2025-10-14T19:28:24Z
USTB,50.925,2025-10-14T19:59:46Z
USVM,90.2,2025-10-14T17:40:16Z
USXF,57,2025-10-14T19:55:01Z
UTEN,44.6,2025-10-14T19:39:58Z
UTES,86.21,2025-10-14T19:55:13Z
UTF,23.83,2025-10-14T19:59:48Z
UTF^,0.0225,2025-10-14T19:47:18Z
UTG,41.26,2025-10-14T19:54:18Z
UTHR,433.55,2025-10-14T19:59:29Z
UTHY,42.69,2025-10-14T15:34:19Z
UTI,31.68,2025-10-14T19:59:48Z
UTL,47.9,2025-10-14T17:53:27Z
UTSL,50.905,2025-10-14T19:59:45Z
UTWO,48.61,2025-10-14T16:51:46Z
UTZ,12.25,2025-10-14T19:59:55Z
UUP,27.92,2025-10-14T19:59:54Z
UUU,6.07,2025-10-14T19:43:15Z
UUUU,26.23,2025-10-14T19:59:56Z
UVE,29.87,2025-10-14T19:40:26Z
UVIX,11.58,2025-10-14T19:59:58Z
UVSP,30.06,2025-10-14T19:58:20Z
UVV,53.35,2025-10-14T19:59:21Z
UVXY,11.8,2025-10-14T19:59:57Z
UWM,48.49,2025-10-14T19:43:29Z
UWMC,5.435,2025-10-14T19:59:56Z
UXAP,37.94,2025-10-14T17:14:25Z
UXIN,3.12,2025-10-14T19:59:53Z
UXRP,21.05,2025-10-14T19:37:06Z
UYLD,51.26,2025-10-14T19:45:04Z
UYM,23.07,2025-10-14T13:43:58Z
V,348.42,2025-10-14T19:59:45Z
VABK,40.14,2025-10-14T19:57:40Z
VAC,66.45,2025-10-14T19:59:11Z
VAL,48.09,2025-10-14T19:59:50Z
VAL+,2.58,2025-10-14T19:43:20Z
VALE,10.965,2025-10-14T19:59:54Z
VAMO,33.55,2025-10-14T19:30:01Z
VANI,1.325,2025-10-14T19:59:50Z
VATE,4.82,2025-10-14T19:36:49Z
VB,255.58,2025-10-14T19:59:50Z
VBF,15.8,2025-10-14T19:55:45Z
VBIL,75.495,2025-10-14T19:57:56Z
VBIX,3.03,2025-10-14T13:42:26Z
VBK,304.65,2025-10-14T19:37:05Z
VBNK,12.23,2025-10-14T19:38:28Z
VBR,207.66,2025-10-14T19:59:51Z
VBTX,31.86,2025-10-14T19:59:56Z
VC,113.32,2025-10-14T19:59:36Z
VCEB,64.44,2025-10-14T19:59:55Z
VCEL,34.665,2025-10-14T19:59:54Z
VCIC,11.25,2025-10-14T19:44:14Z
VCICW,1.9,2025-10-14T19:59:48Z
VCIG,3.805,2025-10-14T19:56:04Z
VCIT,84.33,2025-10-14T19:59:53Z
VCLT,78.29,2025-10-14T19:59:58Z
VCR,387.5,2025-10-14T19:37:19Z
VCRB,78.735,2025-10-14T19:48:47Z
VCRM,75.53,2025-10-14T19:59:38Z
VCSH,79.96,2025-10-14T19:59:59Z
VCTR,68.185,2025-10-14T19:59:56Z
VCV,10.79,2025-10-14T19:59:13Z
VCYT,33.98,2025-10-14T19:59:41Z
VDC,215.69,2025-10-14T18:44:25Z
VDE,122.23,2025-10-14T19:55:53Z
VEA,59.99,2025-10-14T19:59:56Z
VECO,27.8,2025-10-14T19:59:51Z
VEEA,0.859,2025-10-14T19:18:41Z
VEEE,2.46,2025-10-14T18:56:15Z
VEEV,287.64,2025-10-14T19:59:50Z
VEGI,38.1,2025-10-14T13:53:25Z
VEL,18.25,2025-10-14T19:59:22Z
VELO,6.93,2025-10-14T19:59:28Z
VENU,13.16,2025-10-14T19:59:46Z
VEON,49.28,2025-10-14T19:53:30Z
VERA,30.32,2025-10-14T19:59:50Z
VERI,5.46,2025-10-14T19:59:46Z
VERO,2.48,2025-10-14T18:55:14Z
VERU,4.135,2025-10-14T19:39:47Z
VERX,25.06,2025-10-14T19:59:58Z
VET,7.455,2025-10-14T19:59:59Z
VEU,71.29,2025-10-14T19:59:48Z
VEXC,76.67,2025-10-14T17:35:41Z
VFC,14.47,2025-10-14T19:59:59Z
VFF,3.24,2025-10-14T19:59:50Z
VFH,129.87,2025-10-14T19:59:08Z
VFLO,37.23,2025-10-14T19:57:22Z
VFS,3.28,2025-10-14T19:59:59Z
VG,8.99,2025-10-14T19:59:57Z
VGHY,74.71,2025-10-14T15:00:06Z
VGIT,60.35,2025-10-14T19:51:22Z
VGK,80.06,2025-10-14T19:59:53Z
VGLT,57.69,2025-10-14T19:59:49Z
VGM,10.24,2025-10-14T19:55:08Z
VGMS,51.61,2025-10-14T19:55:45Z
VGSH,58.88,2025-10-14T19:59:51Z
VGSR,10.505,2025-10-14T19:35:45Z
VGT,745.73,2025-10-14T19:59:45Z
VGZ,2.19,2025-10-14T19:59:57Z
VHI,14.03,2025-10-14T15:35:50Z
VHT,264.99,2025-10-14T19:44:57Z
VIA,47.4,2025-10-14T19:59:56Z
VIAV,12.79,2025-10-14T19:59:55Z
VICI,31.12,2025-10-14T19:59:59Z
VICR,53.63,2025-10-14T19:59:20Z
VIDI,31.715,2025-10-14T19:58:31Z
VIG,216.28,2025-10-14T19:58:58Z
VIGI,89.39,2025-10-14T19:55:19Z
VIK,61.51,2025-10-14T19:59:54Z
VINP,11.27,2025-10-14T19:58:28Z
VIOO,109.82,2025-10-14T19:38:02Z
VIOT,3.055,2025-10-14T19:59:10Z
VIPS,18.22,2025-10-14T19:59:55Z
VIR,5.72,2025-10-14T19:59:56Z
VIRC,7.03,2025-10-14T19:59:49Z
VIRT,33.525,2025-10-14T19:59:13Z
VIS,297.31,2025-10-14T19:37:05Z
VIST,35.3,2025-10-14T19:59:45Z
VITL,41.985,2025-10-14T19:59:22Z
VIV,11.75,2025-10-14T19:59:50Z
VIVK,0.1877,2025-10-14T19:52:51Z
VIVS,2.95,2025-10-14T14:40:26Z
VIXI,16.1,2025-10-14T16:33:33Z
VIXM,16.3,2025-10-14T19:59:45Z
VIXY,35.19,2025-10-14T19:59:36Z
VKI,8.895,2025-10-14T19:54:57Z
VKQ,9.755,2025-10-14T19:56:18Z
VKTX,33.045,2025-10-14T19:59:54Z
VLN,1.81,2025-10-14T19:57:40Z
VLO,162.25,2025-10-14T19:59:45Z
VLRS,6.97,2025-10-14T19:59:47Z
VLT,11.29,2025-10-14T19:52:35Z
VLTO,102.04,2025-10-14T19:59:53Z
VLUE,125.09,2025-10-14T19:59:51Z
VLY,10.785,2025-10-14T19:59:56Z
VLYPN,26.01,2025-10-14T15:40:15Z
VMAR,1.59,2025-10-14T19:17:36Z
VMBS,47.18,2025-10-14T19:59:46Z
VMC,309.01,2025-10-14T19:59:16Z
VMD,6.9,2025-10-14T19:59:52Z
VMEO,7.755,2025-10-14T19:59:59Z
VMI,402.9,2025-10-14T19:53:01Z
VMO,9.745,2025-10-14T19:55:00Z
VNCE,2.83,2025-10-14T19:47:35Z
VNDA,5.24,2025-10-14T19:59:50Z
VNET,9.19,2025-10-14T19:59:55Z
VNIE,25.06,2025-10-14T18:33:42Z
VNLA,49.225,2025-10-14T19:00:20Z
VNM,19.69,2025-10-14T19:59:59Z
VNO,39.785,2025-10-14T19:59:09Z
VNO-N,17.82,2025-10-14T19:48:08Z
VNOM,36.57,2025-10-14T19:59:56Z
VNQ,89.61,2025-10-14T19:59:57Z
VNQI,47.48,2025-10-14T19:37:23Z
VNRX,0.459,2025-10-14T19:59:05Z
VNSE,38.38,2025-10-14T15:02:36Z
VNT,39.17,2025-10-14T19:59:44Z
VNTG,1.08,2025-10-14T19:56:42Z
VO,291.695,2025-10-14T19:59:34Z
VOC,2.91,2025-10-14T17:03:00Z
VOD,11.355,2025-10-14T19:59:58Z
VOE,173.1,2025-10-14T19:53:58Z
VOLT,30,2025-10-14T19:10:04Z
VONE,300.805,2025-10-14T19:54:50Z
VONG,119.66,2025-10-14T19:58:30Z
VONV,89.16,2025-10-14T19:59:43Z
VOO,608.97,2025-10-14T19:59:55Z
VOOG,432.335,2025-10-14T19:59:49Z
VOOV,198.47,2025-10-14T19:41:42Z
VOR,30.78,2025-10-14T19:59:54Z
VOT,292.42,2025-10-14T19:38:23Z
VOX,184.26,2025-10-14T19:59:50Z
VOXR,4.45,2025-10-14T19:59:48Z
VOYA,75.82,2025-10-14T19:59:46Z
VOYA-B,24.385,2025-10-14T18:27:48Z
VOYG,35.27,2025-10-14T19:59:59Z
VPC,18.66,2025-10-14T19:45:25Z
VPG,33.18,2025-10-14T19:59:40Z
VPL,87.77,2025-10-14T19:59:55Z
VPLS,78.915,2025-10-14T19:59:07Z
VPU,199.47,2025-10-14T19:04:04Z
VPV,10.39,2025-10-14T19:51:25Z
VRA,2.07,2025-10-14T19:38:13Z
VRAR,1.65,2025-10-14T19:57:21Z
VRAX,0.6607,2025-10-14T19:53:42Z
VRCA,4.15,2025-10-14T19:51:31Z
VRDN,20.78,2025-10-14T19:59:50Z
VRE,14.68,2025-10-14T19:59:50Z
VREX,11.485,2025-10-14T19:59:32Z
VRIG,25.14,2025-10-14T15:25:51Z
VRNS,61.15,2025-10-14T19:59:47Z
VRNT,20.27,2025-10-14T19:59:54Z
VRP,24.7,2025-10-14T19:59:55Z
VRRM,24.21,2025-10-14T19:59:58Z
VRSK,243.45,2025-10-14T19:59:51Z
VRSN,265.17,2025-10-14T19:56:57Z
VRT,175.18,2025-10-14T19:59:50Z
VRTL,63.81,2025-10-14T19:49:11Z
VRTS,188.205,2025-10-14T14:31:27Z
VRTX,412.255,2025-10-14T19:59:45Z
VSA,3.3,2025-10-14T19:50:19Z
VSAT,36.92,2025-10-14T19:59:57Z
VSCO,29.48,2025-10-14T19:59:56Z
VSDM,76.615,2025-10-14T19:42:27Z
VSEC,159.79,2025-10-14T19:52:56Z
VSEE,0.6162,2025-10-14T15:52:29Z
VSH,16.05,2025-10-14T19:59:54Z
VSLU,42.57,2025-10-14T18:25:03Z
VSME,1.39,2025-10-14T19:59:59Z
VSS,141.205,2025-10-14T19:59:49Z
VST,205.5,2025-10-14T19:59:45Z
VSTA,4.98,2025-10-14T17:08:55Z
VSTD,1.25,2025-10-14T19:34:40Z
VSTM,9,2025-10-14T19:59:56Z
VSTS,4.865,2025-10-14T19:59:53Z
VT,137.235,2025-10-14T19:59:58Z
VTAK,2.73,2025-10-14T19:56:47Z
VTC,78.65,2025-10-14T19:59:48Z
VTEB,50.25,2025-10-14T19:59:59Z
VTEC,99.95,2025-10-14T19:28:42Z
VTEL,103.66,2025-10-14T18:06:04Z
VTES,101.65,2025-10-14T19:59:59Z
VTEX,4.33,2025-10-14T19:59:58Z
VTGN,3.99,2025-10-14T19:59:14Z
VTHR,294.37,2025-10-14T19:01:10Z
VTI,326.88,2025-10-14T19:59:33Z
VTIP,50.13,2025-10-14T19:59:42Z
VTLE,15.685,2025-10-14T19:59:58Z
VTMX,25.88,2025-10-14T19:59:06Z
VTN,11.22,2025-10-14T14:59:37Z
VTOL,38.245,2025-10-14T19:59:49Z
VTP,76.885,2025-10-14T15:35:01Z
VTR,67.96,2025-10-14T19:59:53Z
VTRS,9.93,2025-10-14T19:59:58Z
VTS,22.34,2025-10-14T19:59:58Z
VTSI,6.05,2025-10-14T19:58:52Z
VTV,186.19,2025-10-14T19:59:50Z
VTVT,21.8,2025-10-14T19:17:46Z
VTWG,241.4,2025-10-14T19:48:05Z
VTWO,100.22,2025-10-14T19:59:50Z
VTWV,157.98,2025-10-14T19:41:42Z
VTYX,3.64,2025-10-14T19:59:35Z
VUG,475.84,2025-10-14T19:59:30Z
VUSB,49.9,2025-10-14T19:38:13Z
VUZI,3.685,2025-10-14T19:59:58Z
VV,306.03,2025-10-14T19:55:26Z
VVOS,3.18,2025-10-14T19:59:41Z
VVPR,4.62,2025-10-14T19:59:41Z
VVR,3.36,2025-10-14T19:59:41Z
VVV,35.565,2025-10-14T19:59:54Z
VVX,58.41,2025-10-14T19:56:17Z
VWAV,11.24,2025-10-14T19:57:30Z
VWAVW,0.63,2025-10-14T15:02:58Z
VWO,53.53,2025-10-14T19:59:55Z
VWOB,67.02,2025-10-14T19:59:54Z
VXF,212.44,2025-10-14T19:37:05Z
VXUS,73.27,2025-10-14T19:59:55Z
VXX,36.05,2025-10-14T19:59:54Z
VXZ,57.51,2025-10-14T14:14:17Z
VYGR,4.98,2025-10-14T19:59:58Z
VYM,140.49,2025-10-14T19:58:42Z
VYMI,84.11,2025-10-14T19:59:55Z
VYNE,0.3837,2025-10-14T19:59:57Z
VYX,11.7,2025-10-14T19:59:55Z
VZ,40.56,2025-10-14T19:59:59Z
VZLA,4.72,2025-10-14T19:59:56Z
W,79.22,2025-10-14T19:59:50Z
WAB,196.05,2025-10-14T19:59:59Z
WABC,47.325,2025-10-14T19:59:10Z
WAFD,29.69,2025-10-14T19:59:41Z
WAI,3.99,2025-10-14T18:43:45Z
WAL,82.13,2025-10-14T19:59:55Z
WAL-A,21.22,2025-10-14T19:59:57Z
WALD,1.93,2025-10-14T19:23:56Z
WASH,27.1,2025-10-14T19:59:44Z
WAT,333.37,2025-10-14T19:59:47Z
WATT,7.36,2025-10-14T16:27:09Z
WAVE,8.11,2025-10-14T14:22:16Z
WAY,36.61,2025-10-14T19:59:51Z
WB,11.27,2025-10-14T19:59:57Z
WBD,17.99,2025-10-14T19:59:59Z
WBI,25.47,2025-10-14T19:59:34Z
WBIF,30.82,2025-10-14T15:57:30Z
WBIG,23.79,2025-10-14T15:56:22Z
WBIL,34.86,2025-10-14T15:56:58Z
WBS,59.48,2025-10-14T19:59:55Z
WBS-F,20.21,2025-10-14T18:05:24Z
WBTN,17.4,2025-10-14T19:59:46Z
WBUY,3.03,2025-10-14T17:52:16Z
WCAP,9.83,2025-10-14T15:49:50Z
WCBR,31.395,2025-10-14T16:31:32Z
WCC,218.71,2025-10-14T19:59:09Z
WCLD,34.65,2025-10-14T19:45:39Z
WCMI,16.67,2025-10-14T19:59:25Z
WCN,172.64,2025-10-14T19:59:41Z
WCT,0.3699,2025-10-14T19:57:54Z
WD,83.08,2025-10-14T19:59:50Z
WDAY,237.2,2025-10-14T19:59:57Z
WDC,113.1,2025-10-14T19:59:50Z
WDFC,191.09,2025-10-14T19:37:04Z
WDH,1.77,2025-10-14T19:59:56Z
WDI,14.795,2025-10-14T19:59:53Z
WDS,14.46,2025-10-14T19:59:58Z
WEA,11.03,2025-10-14T16:51:48Z
WEAT,4.04,2025-10-14T19:59:49Z
WEAV,6.79,2025-10-14T19:59:57Z
WEBL,31.53,2025-10-14T19:37:55Z
WEBS,18.4,2025-10-14T19:37:05Z
WEC,116.53,2025-10-14T19:59:51Z
WEED,21.98,2025-10-14T18:42:58Z
WELL,169.35,2025-10-14T19:59:59Z
WEN,8.915,2025-10-14T19:59:58Z
WENN,10.18,2025-10-14T15:22:58Z
WERN,26.535,2025-10-14T19:59:49Z
WES,37.44,2025-10-14T19:59:54Z
WEST,4.5,2025-10-14T19:59:51Z
WETH,1.69,2025-10-14T18:55:34Z
WEX,152.325,2025-10-14T19:59:49Z
WF,52.585,2025-10-14T19:55:58Z
WFC,84.6,2025-10-14T19:59:59Z
WFC-A,19.58,2025-10-14T19:54:16Z
WFC-C,18.13,2025-10-14T15:16:43Z
WFC-D,17.72,2025-10-14T19:08:55Z
WFC-Y,24.74,2025-10-14T19:59:18Z
WFC-Z,19.75,2025-10-14T19:58:38Z
WFF,0.86,2025-10-14T19:59:56Z
WFG,69.02,2025-10-14T19:51:21Z
WFRD,63.32,2025-10-14T19:59:49Z
WGMI,63.76,2025-10-14T19:53:35Z
WGO,30.73,2025-10-14T19:59:49Z
WGRX,0.628,2025-10-14T19:59:58Z
WGS,121.925,2025-10-14T19:58:36Z
WH,78.26,2025-10-14T19:59:56Z
WHD,35.25,2025-10-14T19:59:53Z
WHF,6.845,2025-10-14T19:57:48Z
WHFCL,25.17,2025-10-14T18:28:24Z
WHG,16.255,2025-10-14T18:25:23Z
WHLR,3.82,2025-10-14T19:58:17Z
WHR,74.09,2025-10-14T19:59:45Z
WHWK,2.01,2025-10-14T19:36:12Z
WIA,8.48,2025-10-14T15:55:05Z
WILD,33.28,2025-10-14T14:48:07Z
WIMI,4.28,2025-10-14T19:59:46Z
WINA,431.66,2025-10-14T14:25:52Z
WING,255,2025-10-14T19:59:51Z
WINN,30.88,2025-10-14T19:55:09Z
WIP,39.01,2025-10-14T16:05:51Z
WISE,45.19,2025-10-14T14:50:30Z
WIT,2.735,2025-10-14T19:59:57Z
WIW,8.955,2025-10-14T19:59:47Z
WIX,138.03,2025-10-14T19:59:57Z
WK,87.75,2025-10-14T19:59:43Z
WKC,25.27,2025-10-14T19:59:57Z
WKEY,9.36,2025-10-14T19:59:19Z
WKHS,1.1,2025-10-14T19:58:04Z
WKSP,3.515,2025-10-14T19:59:39Z
WLAC,14.005,2025-10-14T19:59:29Z
WLACW,5,2025-10-14T19:44:54Z
WLDN,95.64,2025-10-14T19:58:34Z
WLDS,3.45,2025-10-14T19:59:46Z
WLFC,134.64,2025-10-14T19:37:34Z
WLK,77.85,2025-10-14T19:59:47Z
WLKP,20.63,2025-10-14T19:59:10Z
WLY,37.01,2025-10-14T19:59:49Z
WLYB,36.66,2025-10-14T16:29:15Z
WM,217.945,2025-10-14T19:59:10Z
WMB,62.345,2025-10-14T19:59:56Z
WMG,32.575,2025-10-14T19:59:51Z
WMK,69.76,2025-10-14T19:49:24Z
WMS,141.46,2025-10-14T19:59:22Z
WMT,107.235,2025-10-14T19:59:53Z
WNC,8.92,2025-10-14T19:59:55Z
WNEB,11.53,2025-10-14T19:59:09Z
WNS,76.365,2025-10-14T19:59:56Z
WOK,0.0746,2025-10-14T19:34:37Z
WOLF,32.535,2025-10-14T19:59:53Z
WOOF,3.54,2025-10-14T19:59:58Z
WOR,57.24,2025-10-14T19:59:08Z
WORX,0.3012,2025-10-14T19:37:12Z
WOW,5.13,2025-10-14T19:59:48Z
WPAY,52.24,2025-10-14T19:50:59Z
WPC,67.64,2025-10-14T19:59:58Z
WPM,108.34,2025-10-14T19:59:42Z
WPP,22.88,2025-10-14T19:59:38Z
WPRT,2.3,2025-10-14T19:59:45Z
WQTM,32.105,2025-10-14T19:55:53Z
WRAP,2.59,2025-10-14T19:58:01Z
WRB,78.47,2025-10-14T19:59:50Z
WRBY,22.145,2025-10-14T19:59:49Z
WRD,10.62,2025-10-14T19:59:50Z
WRLD,180,2025-10-14T19:13:28Z
WRN,2.335,2025-10-14T19:59:50Z
WS,30.68,2025-10-14T19:58:09Z
WSBC,33.75,2025-10-14T19:59:46Z
WSBCO,25.565,2025-10-14T19:51:01Z
WSBF,15.02,2025-10-14T19:59:46Z
WSC,22.09,2025-10-14T19:59:54Z
WSFS,54.46,2025-10-14T19:59:46Z
WSM,191.49,2025-10-14T19:59:53Z
WSO,366.985,2025-10-14T19:59:45Z
WSR,11.88,2025-10-14T19:59:46Z
WST,261.2,2025-10-14T19:59:09Z
WT,13.34,2025-10-14T19:59:58Z
WTAI,29.555,2025-10-14T19:58:33Z
WTBA,19.99,2025-10-14T19:50:28Z
WTF,6.1,2025-10-14T18:20:11Z
WTFC,131.78,2025-10-14T19:59:53Z
WTFCN,26.34,2025-10-14T15:20:26Z
WTI,2.24,2025-10-14T19:59:55Z
WTIU,9.35,2025-10-14T17:44:15Z
WTMF,38.63,2025-10-14T18:57:55Z
WTO,1.19,2025-10-14T18:37:52Z
WTPI,33.25,2025-10-14T19:37:06Z
WTRG,39.945,2025-10-14T19:59:48Z
WTS,273.9,2025-10-14T16:51:16Z
WTTR,10.1,2025-10-14T19:59:46Z
WTV,90.84,2025-10-14T18:28:24Z
WTW,343.055,2025-10-14T19:57:11Z
WU,8.28,2025-10-14T19:59:56Z
WULF,15.46,2025-10-14T19:59:59Z
WVE,7.895,2025-10-14T19:59:58Z
WVVI,3.575,2025-10-14T16:47:04Z
WW,25.89,2025-10-14T19:51:20Z
WWD,255.36,2025-10-14T19:59:50Z
WWR,3.44,2025-10-14T19:59:58Z
WWW,25.82,2025-10-14T19:59:48Z
WXM,3.43,2025-10-14T13:48:03Z
WY,23.89,2025-10-14T19:59:58Z
WYFI,37.645,2025-10-14T19:59:57Z
WYHG,1.32,2025-10-14T17:28:16Z
WYNN,116.12,2025-10-14T19:59:50Z
WYY,5.72,2025-10-14T19:54:04Z
WZRD,23.8,2025-10-14T16:30:16Z
XAIR,2.705,2025-10-14T19:59:17Z
XAIX,41.27,2025-10-14T14:15:25Z
XAR,247.57,2025-10-14T19:37:05Z
XAUG,36.6,2025-10-14T15:38:34Z
XBI,105.09,2025-10-14T19:59:59Z
XBIO,5.06,2025-10-14T19:59:24Z
XBIT,2.505,2025-10-14T19:59:31Z
XBP,0.561,2025-10-14T19:59:50Z
XBTY,16.95,2025-10-14T19:59:52Z
XCCC,38.48,2025-10-14T19:59:37Z
XCEM,36.725,2025-10-14T19:55:07Z
XCH,1.48,2025-10-14T19:58:31Z
XDEC,40.095,2025-10-14T18:39:01Z
XDTE,43.39,2025-10-14T19:55:16Z
XEL,80.88,2025-10-14T19:59:53Z
XELB,2.22,2025-10-14T19:59:36Z
XELLL,24.97,2025-10-14T19:53:00Z
XEMD,43.81,2025-10-14T18:51:34Z
XENE,40.59,2025-10-14T19:59:51Z
XERS,8.13,2025-10-14T19:59:59Z
XFIV,49.76,2025-10-14T16:26:47Z
XFLT,5.11,2025-10-14T19:53:03Z
XFOR,2.98,2025-10-14T19:57:38Z
XGN,11.57,2025-10-14T19:59:54Z
XHB,107.58,2025-10-14T19:59:56Z
XHE,77.69,2025-10-14T15:30:24Z
XHG,1.17,2025-10-14T13:46:10Z
XHLD,0.2826,2025-10-14T19:53:26Z
XHLF,50.335,2025-10-14T18:01:15Z
XHR,12.795,2025-10-14T19:59:54Z
XIDV,31.985,2025-10-14T19:18:10Z
XIFR,10.35,2025-10-14T19:59:54Z
XJUL,38.33,2025-10-14T18:50:08Z
XLB,89.1,2025-10-14T19:59:58Z
XLC,114.59,2025-10-14T19:59:58Z
XLE,86.34,2025-10-14T19:59:59Z
XLF,53.25,2025-10-14T19:59:59Z
XLG,57.175,2025-10-14T19:59:48Z
XLI,153.23,2025-10-14T19:59:59Z
XLK,281.45,2025-10-14T19:59:59Z
XLO,0.7702,2025-10-14T19:46:20Z
XLP,79.075,2025-10-14T19:59:58Z
XLRE,41.315,2025-10-14T19:59:50Z
XLU,91.69,2025-10-14T19:59:59Z
XLUI,25.79,2025-10-14T15:59:05Z
XLV,142.335,2025-10-14T19:59:58Z
XLY,234.38,2025-10-14T19:59:57Z
XMAG,22.34,2025-10-14T18:16:35Z
XMAR,39.19,2025-10-14T16:17:25Z
XME,108.97,2025-10-14T19:59:54Z
XMHQ,104.69,2025-10-14T19:59:12Z
XMLV,62.9,2025-10-14T19:59:53Z
XMMO,135.75,2025-10-14T19:58:31Z
XMPT,21.92,2025-10-14T18:14:56Z
XMTR,48.295,2025-10-14T19:57:12Z
XNCR,12.43,2025-10-14T19:59:49Z
XNET,9.03,2025-10-14T19:59:40Z
XNOV,36.62,2025-10-14T15:34:13Z
XNTK,275.15,2025-10-14T19:38:01Z
XOM,112.33,2025-10-14T19:59:52Z
XOMA,37.085,2025-10-14T19:04:50Z
XONE,49.625,2025-10-14T19:05:47Z
XOP,126.135,2025-10-14T19:59:55Z
XOS,2.85,2025-10-14T19:32:41Z
XOVR,20.925,2025-10-14T19:59:05Z
XP,16.03,2025-10-14T19:59:59Z
XPAY,54.21,2025-10-14T15:56:27Z
XPEL,34.15,2025-10-14T19:57:21Z
XPER,6.73,2025-10-14T19:59:02Z
XPEV,21.285,2025-10-14T19:59:58Z
XPH,47.17,2025-10-14T16:31:00Z
XPL,0.7751,2025-10-14T19:56:13Z
XPO,129.38,2025-10-14T19:59:59Z
XPOF,7.57,2025-10-14T19:59:54Z
XPON,1.6,2025-10-14T19:59:35Z
XPRO,12.38,2025-10-14T19:59:24Z
XRAY,12.48,2025-10-14T19:59:56Z
XRLV,55.22,2025-10-14T17:59:10Z
XRPI,14.86,2025-10-14T19:59:10Z
XRPR,19.85,2025-10-14T13:36:38Z
XRPT,11.34,2025-10-14T19:59:46Z
XRT,84.94,2025-10-14T19:59:56Z
XRX,3.23,2025-10-14T19:59:49Z
XSD,344.35,2025-10-14T19:37:05Z
XSEP,41.47,2025-10-14T19:59:46Z
XSHD,13.11,2025-10-14T19:38:37Z
XSHQ,42.7,2025-10-14T18:40:30Z
XSMO,72.98,2025-10-14T19:57:21Z
XSOE,37.76,2025-10-14T19:39:03Z
XSVM,56.4,2025-10-14T19:59:55Z
XSVN,48.5,2025-10-14T18:08:22Z
XSW,197.65,2025-10-14T14:15:06Z
XT,72.725,2025-10-14T17:07:07Z
XTEN,47.13,2025-10-14T19:37:16Z
XTIA,1.51,2025-10-14T19:59:59Z
XTKG,1.42,2025-10-14T17:21:19Z
XTLB,1.32,2025-10-14T19:57:49Z
XTWO,49.59,2025-10-14T14:26:51Z
XV,26.835,2025-10-14T18:58:56Z
XVV,51.13,2025-10-14T16:15:37Z
XWEL,1.07,2025-10-14T19:59:50Z
XXII,1.59,2025-10-14T19:59:52Z
XXRP,23.405,2025-10-14T19:59:24Z
XYF,13.77,2025-10-14T19:34:07Z
XYL,146.63,2025-10-14T19:59:50Z
XYLD,39.41,2025-10-14T19:59:46Z
XYLG,28.77,2025-10-14T15:31:30Z
XYZ,76.18,2025-10-14T19:59:55Z
XYZY,9.09,2025-10-14T17:51:57Z
YAAS,2.8,2025-10-14T19:58:42Z
YALA,7.045,2025-10-14T19:59:43Z
YANG,23.97,2025-10-14T19:59:18Z
YB,21.34,2025-10-14T19:59:56Z
YBIT,9.45,2025-10-14T19:59:19Z
YBTC,40.73,2025-10-14T19:58:25Z
YCBD,1.24,2025-10-14T17:09:36Z
YCL,20.59,2025-10-14T16:19:42Z
YDDL,5.74,2025-10-14T19:44:18Z
YDES,18.23,2025-10-14T19:31:26Z
YDKG,1.41,2025-10-14T19:59:41Z
YEAR,50.615,2025-10-14T15:03:37Z
YELP,33.69,2025-10-14T19:59:54Z
YETH,24.62,2025-10-14T19:37:32Z
YETI,33.945,2025-10-14T19:59:52Z
YEXT,8.38,2025-10-14T19:59:57Z
YGLD,44.01,2025-10-14T13:43:43Z
YGMZ,0.6606,2025-10-14T19:54:11Z
YHC,0.814,2025-10-14T18:04:46Z
YHGJ,5.65,2025-10-14T16:19:38Z
YIBO,1.3,2025-10-14T19:59:51Z
YINN,46.885,2025-10-14T19:59:23Z
YJUN,24.99,2025-10-14T18:43:42Z
YLD,19.17,2025-10-14T19:56:54Z
YMAG,15.195,2025-10-14T19:58:54Z
YMAX,12.61,2025-10-14T19:59:57Z
YMM,12.08,2025-10-14T19:59:58Z
YMT,1.53,2025-10-14T15:00:21Z
YOLO,3.55,2025-10-14T19:33:36Z
YORW,30.75,2025-10-14T19:53:22Z
YOU,31.16,2025-10-14T19:59:29Z
YPF,26.075,2025-10-14T19:59:56Z
YQ,5.18,2025-10-14T15:52:20Z
YQQQ,12.83,2025-10-14T19:37:43Z
YSEP,25.41,2025-10-14T19:25:56Z
YSG,7.55,2025-10-14T19:59:47Z
YTRA,1.685,2025-10-14T19:59:31Z
YUM,143.9,2025-10-14T19:59:56Z
YUMC,43.08,2025-10-14T19:59:48Z
YYAI,0.1496,2025-10-14T19:59:37Z
YYGH,0.34,2025-10-14T18:36:25Z
YYY,11.745,2025-10-14T19:59:46Z
Z,72.325,2025-10-14T19:59:54Z
ZALT,31.89,2025-10-14T19:27:58Z
ZAP,30.81,2025-10-14T19:59:50Z
ZAPR,25.43,2025-10-14T15:36:56Z
ZAUG,26.47,2025-10-14T18:46:33Z
ZBAI,8.04,2025-10-14T14:03:06Z
ZBAO,0.999,2025-10-14T19:59:54Z
ZBH,98.4,2025-10-14T19:59:55Z
ZBIO,25.81,2025-10-14T19:59:10Z
ZBRA,288.73,2025-10-14T19:57:44Z
ZCMD,0.7166,2025-10-14T19:05:56Z
ZD,37.12,2025-10-14T19:58:53Z
ZDGE,3.235,2025-10-14T19:58:34Z
ZECP,33.76,2025-10-14T19:59:46Z
ZENA,6.68,2025-10-14T19:59:50Z
ZEOWW,0.06,2025-10-14T14:59:23Z
ZEPP,50.69,2025-10-14T19:59:29Z
ZETA,19.23,2025-10-14T19:59:52Z
ZEUS,28.7,2025-10-14T19:52:56Z
ZEXIT,10,2025-10-14T13:30:00Z
ZG,69.52,2025-10-14T19:59:54Z
ZGN,9.55,2025-10-14T19:59:54Z
ZH,4.44,2025-10-14T19:45:42Z
ZIEXT,1,2025-10-14T13:30:00Z
ZIM,13.435,2025-10-14T19:59:59Z
ZIMV,18.97,2025-10-14T19:59:53Z
ZION,55.29,2025-10-14T19:59:55Z
ZIP,4.405,2025-10-14T19:59:56Z
ZJYL,0.3692,2025-10-14T16:45:49Z
ZK,28.5,2025-10-14T19:59:42Z
ZKH,2.92,2025-10-14T19:59:07Z
ZLAB,29.39,2025-10-14T19:59:53Z
ZM,79.34,2025-10-14T19:59:23Z
ZNB,2.03,2025-10-14T19:59:29Z
ZNOV,26.41,2025-10-14T18:23:04Z
ZNTL,1.545,2025-10-14T19:59:50Z
ZOCT,26.62,2025-10-14T18:21:21Z
ZONE,1.735,2025-10-14T19:59:47Z
ZOOZ,1.98,2025-10-14T19:47:12Z
ZROZ,69.34,2025-10-14T19:59:46Z
ZS,301.95,2025-10-14T19:59:27Z
ZSL,12.96,2025-10-14T19:59:19Z
ZSPC,1.135,2025-10-14T19:59:31Z
ZTEK,0.7224,2025-10-14T18:59:14Z
ZTO,18.62,2025-10-14T19:59:57Z
ZTR,6.52,2025-10-14T19:59:12Z
ZTRE,51.26,2025-10-14T15:34:20Z
ZTS,143.4,2025-10-14T19:59:43Z
ZUMZ,20.92,2025-10-14T19:59:49Z
ZURA,3.56,2025-10-14T19:59:50Z
ZVIA,2.415,2025-10-14T19:59:42Z
ZVRA,10.47,2025-10-14T19:59:47Z
ZVZZT,22.36,2025-10-14T18:36:15Z
ZWS,46.42,2025-10-14T19:59:49Z
ZXIET,100,2025-10-14T13:30:00Z
ZYBT,2.88,2025-10-14T19:45:19Z
ZYME,18.22,2025-10-14T19:59:53Z
