symbol,close,last_trade_utc
A,141.63,2025-10-06T19:59:46Z
AA,33.79,2025-10-06T19:59:56Z
AAA,25.03,2025-10-06T16:14:10Z
AAAU,39.125,2025-10-06T19:55:25Z
AACG,1.445,2025-10-06T19:01:48Z
AAL,11.84,2025-10-06T19:59:54Z
AALG,11.42,2025-10-06T15:11:17Z
AAME,2.66,2025-10-06T18:29:38Z
AAMI,45.08,2025-10-06T19:59:44Z
AAOI,33.785,2025-10-06T19:59:56Z
AAON,103.93,2025-10-06T19:59:35Z
AAP,58.33,2025-10-06T19:59:27Z
AAPB,30.44,2025-10-06T19:59:46Z
AAPD,13.88,2025-10-06T19:51:07Z
AAPL,256.65,2025-10-06T19:59:59Z
AAPU,32.845,2025-10-06T19:59:52Z
AAPW,41.06,2025-10-06T19:31:40Z
AAPX,28.45,2025-10-06T19:58:45Z
AARD,17.365,2025-10-06T19:58:29Z
AAT,20.16,2025-10-06T19:59:44Z
AAUC,18.02,2025-10-06T19:55:51Z
AAXJ,93.57,2025-10-06T19:59:48Z
AB,38.42,2025-10-06T19:59:14Z
ABAT,5.35,2025-10-06T19:59:50Z
ABBV,230.17,2025-10-06T19:59:50Z
ABCB,74.855,2025-10-06T19:59:53Z
ABCL,5.87,2025-10-06T19:59:57Z
ABEO,5.34,2025-10-06T19:59:52Z
ABEV,2.18,2025-10-06T19:59:54Z
ABFL,72.02,2025-10-06T19:59:50Z
ABG,247.975,2025-10-06T19:58:22Z
ABL,6,2025-10-06T19:59:43Z
ABLLL,25.05,2025-10-06T17:25:04Z
ABLVW,0.0227,2025-10-06T15:52:48Z
ABM,46.23,2025-10-06T19:59:47Z
ABNB,120.3,2025-10-06T19:59:49Z
ABOS,1.95,2025-10-06T19:59:41Z
ABP,0.1958,2025-10-06T19:59:34Z
ABR,12.285,2025-10-06T19:59:59Z
ABSI,3.755,2025-10-06T19:59:59Z
ABT,133.7,2025-10-06T19:59:51Z
ABTC,7.145,2025-10-06T19:59:34Z
ABTS,10.46,2025-10-06T17:23:56Z
ABUS,4.345,2025-10-06T19:59:50Z
ABVC,3.08,2025-10-06T18:44:52Z
ABVE,3.3,2025-10-06T19:59:39Z
ABVEW,0.7399,2025-10-06T19:54:40Z
ABVX,86.64,2025-10-06T19:59:58Z
ACA,91.34,2025-10-06T19:59:19Z
ACAD,21.58,2025-10-06T19:59:47Z
ACB,5.815,2025-10-06T19:59:30Z
ACCO,4.06,2025-10-06T19:59:48Z
ACDC,4.215,2025-10-06T19:59:59Z
ACEL,10.93,2025-10-06T19:59:52Z
ACET,1,2025-10-06T19:59:44Z
ACGL,91.36,2025-10-06T19:59:58Z
ACGLN,17.91,2025-10-06T15:12:41Z
ACHC,26.45,2025-10-06T19:59:54Z
ACHR,13.63,2025-10-06T19:59:59Z
ACHR+,4.5,2025-10-06T19:54:34Z
ACHV,3.155,2025-10-06T19:59:46Z
ACI,16.81,2025-10-06T19:59:54Z
ACIC,11.86,2025-10-06T19:57:54Z
ACIO,43.75,2025-10-06T19:55:20Z
ACIU,3.44,2025-10-06T19:17:40Z
ACIW,53.55,2025-10-06T19:59:50Z
ACKY,20.27,2025-10-06T19:58:40Z
ACLS,87.76,2025-10-06T19:59:54Z
ACLX,84.66,2025-10-06T19:56:42Z
ACM,129.49,2025-10-06T19:59:53Z
ACMR,41.77,2025-10-06T19:59:50Z
ACN,248.2,2025-10-06T19:59:51Z
ACNT,12.37,2025-10-06T19:43:40Z
ACOG,7.46,2025-10-06T19:43:18Z
ACON,7.49,2025-10-06T18:02:06Z
ACP,5.74,2025-10-06T19:59:49Z
ACRE,4.59,2025-10-06T19:59:55Z
ACRS,1.895,2025-10-06T19:59:50Z
ACRV,1.915,2025-10-06T19:58:50Z
ACT,35.985,2025-10-06T19:59:41Z
ACTG,3.35,2025-10-06T19:59:50Z
ACTU,7.06,2025-10-06T19:54:54Z
ACTV,34.12,2025-10-06T19:59:46Z
ACV,24.35,2025-10-06T16:23:44Z
ACVA,9.685,2025-10-06T19:59:51Z
ACWI,140.005,2025-10-06T19:59:52Z
ACWV,120.02,2025-10-06T19:59:30Z
ACWX,66.39,2025-10-06T19:57:20Z
ACXP,4.28,2025-10-06T17:30:50Z
AD,49.63,2025-10-06T19:57:27Z
ADAG,1.99,2025-10-06T14:27:52Z
ADAM,6.8,2025-10-06T19:59:56Z
ADAMG,24.74,2025-10-06T18:45:29Z
ADAMH,25.12,2025-10-06T15:30:06Z
ADAMM,24.87,2025-10-06T19:11:37Z
ADAMN,21.92,2025-10-06T16:36:45Z
ADAP,0.1341,2025-10-06T19:59:52Z
ADBE,349.95,2025-10-06T19:59:51Z
ADBG,10.75,2025-10-06T19:51:10Z
ADC,70.22,2025-10-06T19:59:54Z
ADC-A,18.2,2025-10-06T19:55:45Z
ADCT,4.43,2025-10-06T19:59:55Z
ADEA,18.005,2025-10-06T19:59:40Z
ADGM,2.04,2025-10-06T15:40:19Z
ADI,242.515,2025-10-06T19:59:54Z
ADIL,0.4001,2025-10-06T19:58:15Z
ADM,62.45,2025-10-06T19:59:54Z
ADMA,14.07,2025-10-06T19:59:57Z
ADN,3.34,2025-10-06T19:59:26Z
ADNT,25.78,2025-10-06T19:59:49Z
ADP,290.44,2025-10-06T19:59:47Z
ADPT,14.46,2025-10-06T19:59:52Z
ADPV,43.76,2025-10-06T18:29:56Z
ADSE,11.37,2025-10-06T19:59:51Z
ADSK,323.5,2025-10-06T19:59:42Z
ADT,8.72,2025-10-06T19:59:59Z
ADTN,9.18,2025-10-06T19:59:47Z
ADTX,0.68,2025-10-06T19:58:55Z
ADUR,16,2025-10-06T19:53:20Z
ADUS,112.85,2025-10-06T19:53:00Z
ADV,1.515,2025-10-06T19:59:50Z
ADVB,0.4843,2025-10-06T16:05:45Z
ADVE,39.385,2025-10-06T17:05:12Z
ADVM,5.285,2025-10-06T19:59:51Z
ADVWW,0.0071,2025-10-06T19:46:37Z
ADX,22.51,2025-10-06T19:56:01Z
AEBI,12.25,2025-10-06T19:59:53Z
AEC,8.6,2025-10-06T19:31:49Z
AEE,104.87,2025-10-06T19:59:49Z
AEF,6.56,2025-10-06T19:48:00Z
AEFC,20.65,2025-10-06T18:58:56Z
AEG,7.9,2025-10-06T19:59:55Z
AEHL,3.4,2025-10-06T13:50:41Z
AEHR,31.76,2025-10-06T19:58:30Z
AEI,2.73,2025-10-06T19:54:26Z
AEIS,176.365,2025-10-06T19:58:27Z
AEM,170.42,2025-10-06T19:59:50Z
AEMD,0.7638,2025-10-06T19:31:51Z
AEMS,10.94,2025-10-06T19:11:34Z
AENT,6.7,2025-10-06T19:59:53Z
AEO,15.75,2025-10-06T19:59:59Z
AEON,0.836,2025-10-06T17:59:35Z
AEP,115.655,2025-10-06T19:59:47Z
AER,125.14,2025-10-06T19:59:45Z
AERT,0.6664,2025-10-06T19:44:17Z
AES,14.28,2025-10-06T19:59:58Z
AESI,11.905,2025-10-06T19:59:45Z
AESR,20.88,2025-10-06T18:48:40Z
AETH,47.88,2025-10-06T14:12:10Z
AEVA,17.055,2025-10-06T19:59:45Z
AEXA,11.05,2025-10-06T19:59:18Z
AEYE,14.62,2025-10-06T19:47:53Z
AFB,10.795,2025-10-06T19:59:53Z
AFCG,3.75,2025-10-06T19:59:58Z
AFG,147.69,2025-10-06T19:59:51Z
AFGE,19.17,2025-10-06T17:43:38Z
AFIF,9.41,2025-10-06T19:51:06Z
AFK,24.74,2025-10-06T17:16:25Z
AFL,113.08,2025-10-06T19:59:49Z
AFLG,39.035,2025-10-06T19:56:02Z
AFRI,8.61,2025-10-06T16:18:58Z
AFRM,75.87,2025-10-06T19:59:53Z
AFYA,15.52,2025-10-06T19:49:57Z
AG,12.835,2025-10-06T19:59:59Z
AGAE,0.8485,2025-10-06T19:57:10Z
AGCO,109.78,2025-10-06T19:59:48Z
AGD,13.78,2025-10-06T19:50:05Z
AGEN,4.155,2025-10-06T19:59:53Z
AGG,99.955,2025-10-06T19:59:44Z
AGGH,20.73,2025-10-06T18:02:59Z
AGGY,44.215,2025-10-06T19:59:46Z
AGH,3.7,2025-10-06T19:55:02Z
AGI,34.74,2025-10-06T19:59:58Z
AGIO,40.88,2025-10-06T19:59:42Z
AGIQ,22.935,2025-10-06T17:58:20Z
AGL,1.12,2025-10-06T19:59:58Z
AGM,159.625,2025-10-06T17:10:15Z
AGM-D,23.27,2025-10-06T15:40:52Z
AGM-F,20.4,2025-10-06T16:09:18Z
AGM-H,25.08,2025-10-06T19:56:37Z
AGMH,7.81,2025-10-06T18:36:42Z
AGNC,9.875,2025-10-06T19:59:59Z
AGNCM,24.915,2025-10-06T18:22:10Z
AGNCN,25.64,2025-10-06T18:53:32Z
AGNCO,25.23,2025-10-06T19:54:16Z
AGNCP,24.97,2025-10-06T19:38:30Z
AGNCZ,25.41,2025-10-06T19:56:03Z
AGNG,34.66,2025-10-06T19:57:12Z
AGO,83.745,2025-10-06T19:59:00Z
AGOX,30.95,2025-10-06T19:07:46Z
AGQ,81.23,2025-10-06T19:59:58Z
AGQI,16.18,2025-10-06T15:07:43Z
AGRI,4.215,2025-10-06T19:58:42Z
AGRO,7.82,2025-10-06T19:59:48Z
AGRZ,3.125,2025-10-06T18:17:09Z
AGX,264.09,2025-10-06T19:59:45Z
AGYS,108.995,2025-10-06T19:59:22Z
AHCO,8.95,2025-10-06T19:59:50Z
AHG,1.64,2025-10-06T13:50:30Z
AHH,6.845,2025-10-06T19:59:52Z
AHH-A,21.6,2025-10-06T18:08:49Z
AHL,36.71,2025-10-06T19:59:50Z
AHL-D,21.75,2025-10-06T15:10:25Z
AHL-E,21.865,2025-10-06T19:59:20Z
AHL-F,25.15,2025-10-06T14:57:32Z
AHR,41.025,2025-10-06T19:59:53Z
AHT,5.94,2025-10-06T17:45:41Z
AHT-G,16.26,2025-10-06T14:57:36Z
AI,19.67,2025-10-06T19:59:59Z
AIA,98.29,2025-10-06T19:10:36Z
AIBD,7.22,2025-10-06T19:59:45Z
AIBU,57.29,2025-10-06T15:13:56Z
AIEQ,45.3,2025-10-06T18:54:42Z
AIFF,3.03,2025-10-06T19:57:23Z
AIG,83.045,2025-10-06T19:59:54Z
AIHS,2.24,2025-10-06T15:48:17Z
AII,23.01,2025-10-06T19:44:27Z
AIIA=,10.02,2025-10-06T19:55:54Z
AIIO,1.81,2025-10-06T19:59:45Z
AIIOW,0.14,2025-10-06T17:59:13Z
AIM,2.72,2025-10-06T19:39:22Z
AIMD,3.77,2025-10-06T18:53:46Z
AIN,56.04,2025-10-06T19:59:49Z
AINP,25.35,2025-10-06T17:18:47Z
AIO,24.07,2025-10-06T19:48:46Z
AIOT,5.425,2025-10-06T19:59:54Z
AIP,13.55,2025-10-06T19:59:54Z
AIPI,42.73,2025-10-06T15:58:05Z
AIPO,23.675,2025-10-06T19:59:45Z
AIQ,51.04,2025-10-06T19:59:51Z
AIR,83.4,2025-10-06T19:59:54Z
AIRE,0.62,2025-10-06T19:39:49Z
AIRG,4.22,2025-10-06T18:24:29Z
AIRI,3.15,2025-10-06T16:05:03Z
AIRJ,5.435,2025-10-06T19:57:31Z
AIRO,19.61,2025-10-06T19:59:55Z
AIRR,98.24,2025-10-06T19:59:50Z
AIRS,8.19,2025-10-06T19:59:51Z
AIRT,22.5,2025-10-06T14:44:27Z
AIS,37.3,2025-10-06T19:40:41Z
AISP,6.97,2025-10-06T19:59:38Z
AISPW,3,2025-10-06T19:38:58Z
AIT,259.45,2025-10-06T19:58:57Z
AIV,7.72,2025-10-06T19:59:54Z
AIXI,1.2,2025-10-06T19:36:25Z
AIYY,2.805,2025-10-06T19:59:54Z
AIZ,221.62,2025-10-06T19:56:31Z
AJG,309.18,2025-10-06T19:59:24Z
AKAM,78.44,2025-10-06T19:59:52Z
AKAN,2.795,2025-10-06T19:59:21Z
AKBA,2.965,2025-10-06T19:59:58Z
AKO.B,22.11,2025-10-06T19:09:10Z
AKR,19.935,2025-10-06T19:59:53Z
AKRO,46.01,2025-10-06T19:59:50Z
AKTX,1.06,2025-10-06T19:47:20Z
AL,63.72,2025-10-06T19:59:59Z
ALAB,220.77,2025-10-06T19:59:57Z
ALAI,38.17,2025-10-06T16:49:55Z
ALAR,14.765,2025-10-06T16:59:59Z
ALB,92.01,2025-10-06T19:59:53Z
ALBT,2.31,2025-10-06T19:01:37Z
ALC,76.85,2025-10-06T19:59:43Z
ALCO,33.525,2025-10-06T16:35:30Z
ALDFW,0.55,2025-10-06T18:16:01Z
ALDX,5.505,2025-10-06T19:59:50Z
ALE,67.295,2025-10-06T19:59:59Z
ALEC,3.18,2025-10-06T19:59:59Z
ALEX,17.39,2025-10-06T19:59:46Z
ALGM,28.22,2025-10-06T19:59:55Z
ALGN,131.61,2025-10-06T19:59:21Z
ALGS,10.05,2025-10-06T19:44:00Z
ALGT,63.87,2025-10-06T19:59:47Z
ALHC,17.09,2025-10-06T19:59:56Z
ALIT,3.235,2025-10-06T19:59:58Z
ALK,48.44,2025-10-06T19:59:51Z
ALKS,30.985,2025-10-06T19:59:55Z
ALKT,24.245,2025-10-06T19:59:50Z
ALL,208.79,2025-10-06T19:59:48Z
ALL-B,25.96,2025-10-06T19:09:45Z
ALL-H,22.24,2025-10-06T16:10:37Z
ALL-J,26.68,2025-10-06T16:53:37Z
ALLE,177.43,2025-10-06T19:59:46Z
ALLO,1.385,2025-10-06T19:59:59Z
ALLR,1.64,2025-10-06T19:57:26Z
ALLT,11.19,2025-10-06T19:55:08Z
ALLW,28.16,2025-10-06T19:59:51Z
ALLY,39.795,2025-10-06T19:59:53Z
ALM,6.685,2025-10-06T19:59:43Z
ALMS,4.13,2025-10-06T19:59:14Z
ALMU,18.5,2025-10-06T19:59:34Z
ALNT,43.07,2025-10-06T19:34:34Z
ALNY,451.965,2025-10-06T19:59:50Z
ALRM,52.29,2025-10-06T19:59:06Z
ALRS,21.93,2025-10-06T19:54:06Z
ALSN,84.73,2025-10-06T19:59:50Z
ALT,4.015,2025-10-06T19:59:53Z
ALTG,6.87,2025-10-06T19:59:31Z
ALTI,3.59,2025-10-06T19:59:22Z
ALTO,1.135,2025-10-06T19:59:38Z
ALTS,2.94,2025-10-06T19:59:58Z
ALTY,11.835,2025-10-06T19:59:47Z
ALUR,2.04,2025-10-06T19:51:14Z
ALV,127.34,2025-10-06T19:59:52Z
ALVO,8.575,2025-10-06T19:59:55Z
ALVOW,1.48,2025-10-06T15:59:58Z
ALX,245.62,2025-10-06T17:42:17Z
ALXO,2.115,2025-10-06T19:59:20Z
ALZN,2.54,2025-10-06T19:47:21Z
AM,19.075,2025-10-06T19:59:50Z
AMAL,27.47,2025-10-06T19:59:31Z
AMAT,224.04,2025-10-06T19:59:52Z
AMBA,85.27,2025-10-06T19:59:32Z
AMBC,9.3,2025-10-06T19:59:51Z
AMBI,1.12,2025-10-06T13:32:56Z
AMBO,3.55,2025-10-06T15:42:28Z
AMBP,3.755,2025-10-06T19:59:50Z
AMBQ,31.35,2025-10-06T19:59:47Z
AMBR,2.89,2025-10-06T19:59:53Z
AMC,2.905,2025-10-06T19:59:59Z
AMCR,8.07,2025-10-06T19:59:58Z
AMCX,7.93,2025-10-06T19:59:25Z
AMD,203.695,2025-10-06T19:59:56Z
AMDD,10.81,2025-10-06T19:59:36Z
AMDG,30.09,2025-10-06T19:55:03Z
AMDL,15.7,2025-10-06T19:59:48Z
AMDU,25.99,2025-10-06T19:55:03Z
AMDW,59.125,2025-10-06T14:15:05Z
AMDY,9.27,2025-10-06T19:59:52Z
AME,182.98,2025-10-06T19:59:54Z
AMG,244.75,2025-10-06T19:59:12Z
AMGN,294.29,2025-10-06T19:59:12Z
AMH,32.51,2025-10-06T19:59:58Z
AMID,34.25,2025-10-06T19:59:50Z
AMIX,1.155,2025-10-06T19:41:16Z
AMJB,28.945,2025-10-06T19:59:46Z
AMKR,30.57,2025-10-06T19:59:56Z
AMLP,46.27,2025-10-06T19:59:34Z
AMLX,12.675,2025-10-06T19:59:52Z
AMN,19.845,2025-10-06T19:59:41Z
AMOD,1.115,2025-10-06T19:51:07Z
AMOM,49.29,2025-10-06T16:50:35Z
AMP,494.45,2025-10-06T19:58:54Z
AMPG,4.51,2025-10-06T19:57:13Z
AMPH,26.59,2025-10-06T19:59:26Z
AMPL,10.25,2025-10-06T19:59:47Z
AMPX,13.44,2025-10-06T19:59:58Z
AMPX+,5.52,2025-10-06T19:52:50Z
AMPY,5.08,2025-10-06T19:59:51Z
AMR,170.335,2025-10-06T19:59:34Z
AMRC,38.25,2025-10-06T19:59:52Z
AMRK,25.775,2025-10-06T19:59:37Z
AMRN,19.24,2025-10-06T19:56:23Z
AMRX,10.56,2025-10-06T19:59:52Z
AMRZ,48.35,2025-10-06T19:59:59Z
AMS,2.545,2025-10-06T18:38:04Z
AMSC,61.06,2025-10-06T19:57:45Z
AMSF,42.11,2025-10-06T19:56:38Z
AMST,3.54,2025-10-06T19:58:22Z
AMT,185.36,2025-10-06T19:59:50Z
AMTB,18.985,2025-10-06T19:57:59Z
AMTD,1.14,2025-10-06T19:32:12Z
AMTM,26.28,2025-10-06T19:59:55Z
AMTX,2.95,2025-10-06T19:59:16Z
AMUB,18.25,2025-10-06T19:04:28Z
AMUU,62.95,2025-10-06T19:52:16Z
AMWD,66.345,2025-10-06T19:59:09Z
AMWL,6.31,2025-10-06T19:56:05Z
AMX,20.875,2025-10-06T19:59:48Z
AMZA,39.75,2025-10-06T18:24:21Z
AMZD,10.73,2025-10-06T19:59:56Z
AMZE,2.06,2025-10-06T19:15:22Z
AMZN,220.84,2025-10-06T19:59:59Z
AMZU,35.105,2025-10-06T19:59:47Z
AMZW,45.07,2025-10-06T18:27:28Z
AMZY,14.37,2025-10-06T19:59:00Z
AMZZ,30.03,2025-10-06T19:59:50Z
AN,219.91,2025-10-06T19:57:50Z
ANAB,30.25,2025-10-06T19:59:17Z
ANDE,41.93,2025-10-06T19:59:51Z
ANEL,23.25,2025-10-06T19:13:33Z
ANET,149.55,2025-10-06T19:59:54Z
ANF,77.89,2025-10-06T19:59:52Z
ANG-D,25.4,2025-10-06T18:58:48Z
ANGI,15.87,2025-10-06T19:59:50Z
ANGL,29.605,2025-10-06T19:59:50Z
ANGO,11.275,2025-10-06T19:59:21Z
ANGX,8.26,2025-10-06T19:59:32Z
ANIK,9.23,2025-10-06T19:55:09Z
ANIP,92.08,2025-10-06T19:59:50Z
ANIX,3.26,2025-10-06T15:14:35Z
ANNX,3.18,2025-10-06T19:59:57Z
ANRO,6.555,2025-10-06T19:59:53Z
ANTA,13.55,2025-10-06T15:44:10Z
ANTX,1.28,2025-10-06T17:13:32Z
ANVS,2.255,2025-10-06T19:59:53Z
ANY,0.8896,2025-10-06T19:59:25Z
AOA,88.81,2025-10-06T19:21:01Z
AOD,9.62,2025-10-06T19:50:51Z
AOK,40.23,2025-10-06T19:59:42Z
AOM,47.575,2025-10-06T19:59:01Z
AOMR,9.4,2025-10-06T19:50:04Z
AON,366.145,2025-10-06T19:57:16Z
AOR,64.62,2025-10-06T19:58:09Z
AORT,40.76,2025-10-06T19:59:48Z
AOS,72.46,2025-10-06T19:59:29Z
AOSL,28.04,2025-10-06T19:59:17Z
AOTG,56.55,2025-10-06T18:01:48Z
AOUT,8.3,2025-10-06T19:59:13Z
AP,2.27,2025-10-06T17:23:10Z
APA,25.115,2025-10-06T19:59:57Z
APADU,10.08,2025-10-06T14:25:41Z
APAM,43.5,2025-10-06T19:59:34Z
APD,271.15,2025-10-06T19:59:18Z
APDN,5.67,2025-10-06T19:59:56Z
APEI,37.705,2025-10-06T19:59:47Z
APG,34.94,2025-10-06T19:59:56Z
APGE,39.78,2025-10-06T19:59:51Z
APH,123.44,2025-10-06T19:59:50Z
API,3.99,2025-10-06T19:59:53Z
APIE,36.515,2025-10-06T19:59:46Z
APLD,27.71,2025-10-06T19:59:59Z
APLE,11.72,2025-10-06T19:59:56Z
APLS,24.33,2025-10-06T19:59:47Z
APLT,1.015,2025-10-06T19:59:57Z
APLX,91.12,2025-10-06T18:54:32Z
APLY,13.77,2025-10-06T19:57:04Z
APM,2.37,2025-10-06T18:51:32Z
APMU,25.1,2025-10-06T18:30:59Z
APO,126.7,2025-10-06T19:59:58Z
APOC,25.98,2025-10-06T19:16:06Z
APOG,43.745,2025-10-06T19:58:30Z
APP,586.85,2025-10-06T19:59:57Z
APPF,243.54,2025-10-06T19:59:50Z
APPN,30.1,2025-10-06T19:59:46Z
APPS,6.515,2025-10-06T19:59:53Z
APPX,96.65,2025-10-06T19:58:51Z
APRE,1.485,2025-10-06T19:58:40Z
APRJ,24.65,2025-10-06T19:36:12Z
APT,4.79,2025-10-06T19:15:37Z
APTV,87.61,2025-10-06T19:59:52Z
APUE,41.12,2025-10-06T19:23:49Z
APUS,1.85,2025-10-06T19:51:52Z
APVO,1.415,2025-10-06T19:59:56Z
APYX,2.85,2025-10-06T19:55:48Z
AQB,1.88,2025-10-06T19:59:07Z
AQMS,6.26,2025-10-06T19:57:32Z
AQN,5.79,2025-10-06T19:59:55Z
AQST,5.97,2025-10-06T19:59:55Z
AR,33.91,2025-10-06T19:59:55Z
ARAI,4.99,2025-10-06T19:58:52Z
ARAY,1.715,2025-10-06T19:59:57Z
ARBB,7.56,2025-10-06T17:43:25Z
ARBE,2.285,2025-10-06T19:59:55Z
ARBK,0.82,2025-10-06T19:59:56Z
ARBKL,3.31,2025-10-06T17:46:39Z
ARCB,73.52,2025-10-06T19:59:56Z
ARCC,20.13,2025-10-06T19:59:59Z
ARCO,6.73,2025-10-06T19:59:58Z
ARCT,21.01,2025-10-06T19:59:13Z
ARCX,28.3,2025-10-06T19:40:08Z
ARDC,13.69,2025-10-06T19:59:50Z
ARDT,14.44,2025-10-06T19:59:43Z
ARDX,5.2,2025-10-06T19:59:48Z
ARE,79.99,2025-10-06T19:59:55Z
AREB,7.385,2025-10-06T19:55:45Z
AREC,3.81,2025-10-06T19:59:56Z
AREN,5.13,2025-10-06T19:59:42Z
ARES,150.04,2025-10-06T19:59:47Z
ARGT,68.98,2025-10-06T19:37:19Z
ARGX,788.93,2025-10-06T19:59:32Z
ARHS,10.52,2025-10-06T19:59:59Z
ARI,10.01,2025-10-06T19:59:48Z
ARIS,23.88,2025-10-06T19:59:52Z
ARKB,41.705,2025-10-06T19:59:41Z
ARKF,58.545,2025-10-06T19:55:08Z
ARKG,30.38,2025-10-06T19:59:55Z
ARKK,91.4,2025-10-06T19:59:59Z
ARKO,4.34,2025-10-06T19:59:55Z
ARKQ,121.95,2025-10-06T19:59:46Z
ARKT,20.99,2025-10-06T18:33:36Z
ARKW,181.73,2025-10-06T19:39:13Z
ARKX,31.44,2025-10-06T19:59:50Z
ARLO,17.165,2025-10-06T19:59:49Z
ARLP,25.28,2025-10-06T19:58:17Z
ARM,156.22,2025-10-06T19:59:52Z
ARMG,13.43,2025-10-06T19:55:05Z
ARMK,39,2025-10-06T19:59:58Z
ARMN,10.41,2025-10-06T19:59:58Z
ARMU,31.25,2025-10-06T19:59:46Z
AROC,24.06,2025-10-06T19:59:57Z
AROW,27.55,2025-10-06T19:07:10Z
ARQ,7.005,2025-10-06T19:59:50Z
ARQQ,53.51,2025-10-06T19:46:47Z
ARQQW,1.12,2025-10-06T19:47:07Z
ARQT,19.75,2025-10-06T19:59:55Z
ARR,15.46,2025-10-06T19:59:53Z
ARRY,8.905,2025-10-06T19:59:53Z
ARTL,4.53,2025-10-06T19:34:39Z
ARTNA,32.205,2025-10-06T19:55:26Z
ARTV,2.97,2025-10-06T19:59:53Z
ARTW,2.75,2025-10-06T19:59:50Z
ARTY,48.39,2025-10-06T19:59:50Z
ARVN,9.6,2025-10-06T19:59:52Z
ARVR,51.94,2025-10-06T14:29:56Z
ARW,122.915,2025-10-06T19:59:47Z
ARWR,37.5,2025-10-06T19:59:58Z
ARX,14.96,2025-10-06T19:59:55Z
AS,34.09,2025-10-06T19:59:55Z
ASA,47,2025-10-06T19:50:22Z
ASAN,14.605,2025-10-06T19:59:58Z
ASB,26.605,2025-10-06T19:59:56Z
ASBA,24.86,2025-10-06T19:59:20Z
ASBP,0.3814,2025-10-06T19:59:29Z
ASC,11.705,2025-10-06T19:59:59Z
ASEA,17.37,2025-10-06T19:26:22Z
ASG,5.575,2025-10-06T19:53:44Z
ASGI,21.18,2025-10-06T19:57:38Z
ASGN,49.06,2025-10-06T19:59:51Z
ASH,49.015,2025-10-06T19:59:32Z
ASHR,32.96,2025-10-06T19:59:59Z
ASHS,37.69,2025-10-06T13:40:55Z
ASIC,17.25,2025-10-06T19:59:47Z
ASIX,20.19,2025-10-06T19:59:41Z
ASLE,8.24,2025-10-06T19:59:54Z
ASM,5.38,2025-10-06T19:59:56Z
ASMB,24.46,2025-10-06T19:59:30Z
ASMF,23.74,2025-10-06T16:37:41Z
ASMG,25.4,2025-10-06T19:55:00Z
ASML,1043.09,2025-10-06T19:59:55Z
ASND,210.66,2025-10-06T19:59:48Z
ASNS,0.658,2025-10-06T19:59:58Z
ASO,54.075,2025-10-06T19:59:42Z
ASPC,10.35,2025-10-06T16:10:04Z
ASPCU,10.46,2025-10-06T14:51:15Z
ASPI,8.97,2025-10-06T19:59:56Z
ASPN,8.7,2025-10-06T19:59:58Z
ASPS,13.67,2025-10-06T19:53:19Z
ASPSZ,0.6854,2025-10-06T19:52:22Z
ASRT,0.8983,2025-10-06T19:56:42Z
ASRV,2.97,2025-10-06T15:13:27Z
ASST,2.52,2025-10-06T19:59:50Z
ASTC,5.22,2025-10-06T19:34:16Z
ASTE,48.72,2025-10-06T19:49:53Z
ASTH,28.82,2025-10-06T19:59:50Z
ASTI,2.44,2025-10-06T19:57:53Z
ASTL,3.57,2025-10-06T19:59:59Z
ASTS,72.895,2025-10-06T19:59:50Z
ASTX,56.05,2025-10-06T19:54:07Z
ASUR,8.27,2025-10-06T19:28:16Z
ASX,11.385,2025-10-06T19:59:59Z
ASYS,10.47,2025-10-06T19:54:13Z
ATAI,5.47,2025-10-06T19:59:55Z
ATAT,36.165,2025-10-06T19:59:41Z
ATCH,0.4272,2025-10-06T19:59:46Z
ATEC,13.6,2025-10-06T19:59:58Z
ATEN,18.67,2025-10-06T19:59:53Z
ATER,1.145,2025-10-06T19:59:48Z
ATEX,22.26,2025-10-06T19:59:51Z
ATFV,35.765,2025-10-06T19:56:56Z
ATGE,149.65,2025-10-06T19:59:31Z
ATH-A,25.56,2025-10-06T19:14:23Z
ATH-D,18.49,2025-10-06T16:53:45Z
ATH-E,26.06,2025-10-06T19:48:48Z
ATHA,4.4,2025-10-06T16:55:43Z
ATHE,4.31,2025-10-06T19:18:26Z
ATHM,28.83,2025-10-06T19:55:54Z
ATHS,25.84,2025-10-06T19:39:27Z
ATI,83.68,2025-10-06T19:59:54Z
ATKR,63.7,2025-10-06T19:59:55Z
ATLC,54.12,2025-10-06T19:58:34Z
ATLCP,24.34,2025-10-06T19:18:16Z
ATLCZ,25.31,2025-10-06T17:18:39Z
ATLN,3.03,2025-10-06T17:49:00Z
ATLO,20.105,2025-10-06T18:04:03Z
ATLX,6.17,2025-10-06T19:59:55Z
ATMP,28.45,2025-10-06T17:55:46Z
ATMU,44.125,2025-10-06T19:59:48Z
ATNI,14.63,2025-10-06T19:58:01Z
ATNM,1.56,2025-10-06T19:59:45Z
ATO,173.25,2025-10-06T19:59:57Z
ATOM,4.96,2025-10-06T19:58:51Z
ATON,5.74,2025-10-06T17:35:42Z
ATOS,1,2025-10-06T19:57:02Z
ATPC,1.2,2025-10-06T18:30:12Z
ATR,131.98,2025-10-06T19:59:49Z
ATRC,34.73,2025-10-06T19:59:21Z
ATRO,48.21,2025-10-06T19:59:54Z
ATS,26.74,2025-10-06T19:51:28Z
ATUS,2.595,2025-10-06T19:59:54Z
ATXG,1.01,2025-10-06T19:46:04Z
ATXS,7.7,2025-10-06T19:59:53Z
ATYR,0.8248,2025-10-06T19:59:55Z
AU,74.68,2025-10-06T19:59:54Z
AUB,36.13,2025-10-06T19:59:58Z
AUDC,9.775,2025-10-06T19:55:44Z
AUGM,33.69,2025-10-06T19:59:46Z
AUGO,36.56,2025-10-06T19:59:56Z
AUGW,31.99,2025-10-06T19:23:31Z
AUID,2.89,2025-10-06T19:53:43Z
AUNA,6.715,2025-10-06T19:59:58Z
AUPH,11.31,2025-10-06T19:59:52Z
AUR,5.52,2025-10-06T19:59:59Z
AURA,5.91,2025-10-06T19:59:59Z
AUROW,0.62,2025-10-06T19:54:26Z
AUSF,46.31,2025-10-06T18:49:54Z
AUST,2.02,2025-10-06T19:54:30Z
AUTL,1.56,2025-10-06T19:59:52Z
AUUD,2.06,2025-10-06T19:56:43Z
AVA,37.18,2025-10-06T19:59:52Z
AVAH,8.5,2025-10-06T19:59:53Z
AVAV,391.92,2025-10-06T19:59:55Z
AVB,187.61,2025-10-06T19:59:44Z
AVBH,25.8,2025-10-06T19:52:12Z
AVBP,19.96,2025-10-06T19:59:58Z
AVD,5.19,2025-10-06T19:59:45Z
AVDE,80.055,2025-10-06T19:57:41Z
AVDL,14.52,2025-10-06T19:59:53Z
AVDS,68.39,2025-10-06T18:24:30Z
AVDV,90.37,2025-10-06T19:35:33Z
AVDX,9.975,2025-10-06T19:59:59Z
AVEM,76.55,2025-10-06T19:54:35Z
AVES,57.68,2025-10-06T19:20:02Z
AVGG,28.53,2025-10-06T19:57:00Z
AVGO,335.59,2025-10-06T19:59:59Z
AVGU,35.44,2025-10-06T18:40:38Z
AVGW,53.97,2025-10-06T18:39:55Z
AVGX,49.37,2025-10-06T19:59:50Z
AVIG,41.945,2025-10-06T19:57:08Z
AVIR,2.905,2025-10-06T19:59:35Z
AVIV,68.485,2025-10-06T18:38:31Z
AVK,12.78,2025-10-06T19:45:12Z
AVL,54.2,2025-10-06T19:58:57Z
AVLC,77.09,2025-10-06T19:46:15Z
AVLV,72.68,2025-10-06T19:58:30Z
AVMC,70.185,2025-10-06T16:14:10Z
AVNS,11.59,2025-10-06T19:59:52Z
AVNT,32.54,2025-10-06T19:59:54Z
AVNW,22.69,2025-10-06T19:15:08Z
AVO,11.74,2025-10-06T19:59:43Z
AVPT,15.215,2025-10-06T19:59:50Z
AVR,4.37,2025-10-06T19:56:42Z
AVS,10.4,2025-10-06T19:52:16Z
AVSC,57.92,2025-10-06T18:29:16Z
AVSD,72.68,2025-10-06T15:31:10Z
AVSF,47.08,2025-10-06T18:51:59Z
AVSU,74.15,2025-10-06T14:40:27Z
AVT,52.395,2025-10-06T19:59:24Z
AVTR,14.1,2025-10-06T19:59:57Z
AVTX,13.96,2025-10-06T19:59:37Z
AVUS,109.435,2025-10-06T19:59:46Z
AVUV,100.56,2025-10-06T19:58:35Z
AVXL,9.605,2025-10-06T19:59:35Z
AVY,162.79,2025-10-06T19:59:32Z
AWF,11.05,2025-10-06T19:59:58Z
AWI,200.05,2025-10-06T19:58:59Z
AWK,138.965,2025-10-06T19:59:53Z
AWP,3.915,2025-10-06T19:32:47Z
AWR,70.655,2025-10-06T19:58:18Z
AWRE,2.65,2025-10-06T17:45:58Z
AX,85.8,2025-10-06T19:55:39Z
AXGN,17.155,2025-10-06T19:59:57Z
AXL,6.16,2025-10-06T19:59:56Z
AXON,721.87,2025-10-06T19:59:45Z
AXP,331.94,2025-10-06T19:59:50Z
AXS,94.975,2025-10-06T19:59:51Z
AXS-E,21.43,2025-10-06T15:10:28Z
AXSM,120,2025-10-06T19:59:36Z
AXTA,28.17,2025-10-06T19:59:58Z
AXTI,5.405,2025-10-06T19:59:46Z
AYI,351.915,2025-10-06T19:59:13Z
AYTU,2.18,2025-10-06T19:57:41Z
AZ,7.56,2025-10-06T19:59:51Z
AZI,0.2145,2025-10-06T19:59:54Z
AZN,85.5,2025-10-06T19:59:54Z
AZO,4177.46,2025-10-06T19:53:32Z
AZTA,31.76,2025-10-06T19:59:55Z
AZTD,28.365,2025-10-06T16:18:05Z
AZTR,0.75,2025-10-06T18:28:07Z
AZZ,107.1,2025-10-06T19:58:19Z
B,34.03,2025-10-06T19:59:58Z
BA,219.68,2025-10-06T19:59:48Z
BA-A,70.08,2025-10-06T18:01:46Z
BAB,27.245,2025-10-06T19:59:13Z
BABA,187.21,2025-10-06T19:59:50Z
BABO,19.67,2025-10-06T19:50:13Z
BABX,62.4,2025-10-06T19:59:50Z
BAC,50.37,2025-10-06T19:59:59Z
BAC-B,25.39,2025-10-06T19:21:30Z
BAC-E,21.88,2025-10-06T19:57:48Z
BAC-L,1264.7,2025-10-06T19:42:25Z
BAC-M,23.03,2025-10-06T17:08:01Z
BAC-Q,18.14,2025-10-06T16:00:01Z
BAC-S,20.54,2025-10-06T14:30:29Z
BACQ,10.71,2025-10-06T19:54:17Z
BACQR,0.77,2025-10-06T17:15:34Z
BAER,1.73,2025-10-06T19:55:51Z
BAFE,27.32,2025-10-06T19:56:45Z
BAH,103.635,2025-10-06T19:59:52Z
BAI,35.22,2025-10-06T19:59:46Z
BAIG,25.47,2025-10-06T19:24:26Z
BAK,2.585,2025-10-06T19:58:00Z
BALL,49.635,2025-10-06T19:59:53Z
BALT,32.86,2025-10-06T19:48:23Z
BALY,13.185,2025-10-06T19:59:51Z
BAM,57.775,2025-10-06T19:59:52Z
BAMA,33.78,2025-10-06T18:25:02Z
BAMB,26.5,2025-10-06T16:29:26Z
BAMD,31.14,2025-10-06T19:59:50Z
BAMO,32.17,2025-10-06T19:59:46Z
BAMU,25.29,2025-10-06T16:45:11Z
BAMV,32.63,2025-10-06T19:35:17Z
BANC,17.84,2025-10-06T19:59:55Z
BAND,16.54,2025-10-06T19:57:22Z
BANF,127.29,2025-10-06T19:59:31Z
BANR,63.03,2025-10-06T19:59:26Z
BANX,21.93,2025-10-06T18:21:14Z
BAP,264.75,2025-10-06T19:59:52Z
BAR,39.02,2025-10-06T19:59:50Z
BARK,0.7852,2025-10-06T19:58:38Z
BATRK,41.045,2025-10-06T19:59:51Z
BATT,13.34,2025-10-06T19:58:30Z
BAX,23.14,2025-10-06T19:59:59Z
BB,4.795,2025-10-06T19:59:50Z
BBAG,46.49,2025-10-06T19:57:05Z
BBAI,7.695,2025-10-06T19:59:59Z
BBAI+,2.41,2025-10-06T19:56:08Z
BBAR,8.36,2025-10-06T19:59:50Z
BBAX,57,2025-10-06T19:59:59Z
BBBY,12.11,2025-10-06T19:59:57Z
BBCA,88.46,2025-10-06T19:59:17Z
BBCP,6.88,2025-10-06T19:59:33Z
BBD,3.185,2025-10-06T19:59:51Z
BBDC,8.57,2025-10-06T19:59:58Z
BBEU,70.8,2025-10-06T19:57:35Z
BBHY,46.765,2025-10-06T17:25:44Z
BBIN,71.64,2025-10-06T19:24:55Z
BBIO,54.625,2025-10-06T19:59:59Z
BBJP,68.75,2025-10-06T19:59:54Z
BBLG,2.64,2025-10-06T19:30:43Z
BBLU,15.13,2025-10-06T14:11:11Z
BBN,16.525,2025-10-06T17:13:10Z
BBNX,21.965,2025-10-06T19:58:29Z
BBOT,12.52,2025-10-06T19:59:41Z
BBSI,44.4,2025-10-06T19:56:23Z
BBT,24.21,2025-10-06T19:59:54Z
BBU,33.365,2025-10-06T19:59:34Z
BBUC,33.98,2025-10-06T19:59:00Z
BBUS,121.72,2025-10-06T19:59:46Z
BBVA,18.77,2025-10-06T19:59:47Z
BBW,60.02,2025-10-06T19:59:45Z
BBWI,26.44,2025-10-06T19:59:56Z
BBY,75.62,2025-10-06T19:59:51Z
BC,64.705,2025-10-06T19:59:16Z
BC-C,24.95,2025-10-06T18:44:26Z
BCAB,0.8208,2025-10-06T19:59:44Z
BCAL,17.17,2025-10-06T19:59:50Z
BCAR,9.955,2025-10-06T19:39:49Z
BCARU,10.08,2025-10-06T16:53:02Z
BCAT,14.895,2025-10-06T19:59:49Z
BCAX,18.05,2025-10-06T19:59:50Z
BCBP,8.495,2025-10-06T19:59:33Z
BCC,75.23,2025-10-06T19:59:51Z
BCCC,25.62,2025-10-06T16:38:02Z
BCD,34.81,2025-10-06T18:11:01Z
BCDA,1.41,2025-10-06T19:42:21Z
BCE,23.18,2025-10-06T19:59:58Z
BCH,30.47,2025-10-06T19:59:55Z
BCHP,37.71,2025-10-06T17:18:19Z
BCI,21.825,2025-10-06T19:59:55Z
BCIC,11.725,2025-10-06T19:55:46Z
BCML,28.2,2025-10-06T19:59:07Z
BCO,114.91,2025-10-06T19:55:59Z
BCPC,143.11,2025-10-06T19:54:29Z
BCRX,7.025,2025-10-06T19:59:58Z
BCS,20.63,2025-10-06T19:59:58Z
BCSF,13.97,2025-10-06T19:59:41Z
BCSS=,10.165,2025-10-06T19:58:11Z
BCTX,13.1,2025-10-06T19:28:32Z
BCTXZ,0.405,2025-10-06T17:14:52Z
BCV,22.5,2025-10-06T19:55:29Z
BCV-A,21.91,2025-10-06T14:40:33Z
BCX,10.32,2025-10-06T19:53:00Z
BCYC,8.23,2025-10-06T19:59:56Z
BDC,117.17,2025-10-06T19:54:05Z
BDCX,25.18,2025-10-06T17:53:25Z
BDEC,48.13,2025-10-06T13:49:19Z
BDIV,22.69,2025-10-06T19:45:09Z
BDJ,9.145,2025-10-06T19:49:35Z
BDMD,1.67,2025-10-06T19:59:16Z
BDN,3.965,2025-10-06T19:59:59Z
BDRY,7.88,2025-10-06T18:59:04Z
BDTX,3.91,2025-10-06T19:59:52Z
BDVL,25.015,2025-10-06T19:25:44Z
BDX,192.01,2025-10-06T19:59:51Z
BDYN,25.48,2025-10-06T19:34:49Z
BE,86.975,2025-10-06T19:59:55Z
BEAGR,0.335,2025-10-06T15:46:26Z
BEAM,25.88,2025-10-06T19:59:50Z
BEAT,1.91,2025-10-06T17:09:09Z
BEDU,2.12,2025-10-06T19:58:40Z
BEEM,3.42,2025-10-06T19:59:34Z
BEEP,3.34,2025-10-06T19:47:43Z
BEKE,18.98,2025-10-06T19:59:59Z
BELFB,141.29,2025-10-06T19:14:58Z
BEN,23.18,2025-10-06T19:59:58Z
BENF,0.7964,2025-10-06T19:59:01Z
BEP,27.4,2025-10-06T19:59:50Z
BEPC,38.07,2025-10-06T19:59:54Z
BEPI,16.62,2025-10-06T14:06:39Z
BERZ,3.26,2025-10-06T19:59:59Z
BETR,57.74,2025-10-06T19:58:44Z
BETRW,0.5536,2025-10-06T19:26:09Z
BETZ,23.35,2025-10-06T17:43:46Z
BF.A,27.35,2025-10-06T19:59:56Z
BF.B,27.54,2025-10-06T19:59:59Z
BFAM,102.27,2025-10-06T19:59:57Z
BFC,132.79,2025-10-06T19:59:33Z
BFEB,47.35,2025-10-06T14:03:17Z
BFH,54.76,2025-10-06T19:59:47Z
BFIN,12.295,2025-10-06T19:44:09Z
BFK,9.92,2025-10-06T19:58:27Z
BFLY,2.57,2025-10-06T19:59:57Z
BFOR,81.5,2025-10-06T18:44:17Z
BFRG,1.5,2025-10-06T19:57:10Z
BFRI,1.06,2025-10-06T19:57:17Z
BFRZ,26.61,2025-10-06T19:27:31Z
BFS,31.58,2025-10-06T19:59:46Z
BFS-E,23.44,2025-10-06T19:27:53Z
BFST,23.7,2025-10-06T19:59:27Z
BFZ,10.88,2025-10-06T19:56:47Z
BG,84.13,2025-10-06T19:59:48Z
BGB,11.99,2025-10-06T19:55:10Z
BGC,8.98,2025-10-06T19:59:52Z
BGH,14.94,2025-10-06T19:55:14Z
BGI,1.21,2025-10-06T19:59:45Z
BGIG,32.47,2025-10-06T18:01:54Z
BGL,10.015,2025-10-06T19:57:42Z
BGLC,5.29,2025-10-06T17:23:08Z
BGR,13.53,2025-10-06T18:07:49Z
BGRN,47.99,2025-10-06T18:33:33Z
BGS,4.365,2025-10-06T19:59:48Z
BGSF,4.14,2025-10-06T19:43:58Z
BGT,12.025,2025-10-06T19:21:44Z
BGX,11.855,2025-10-06T19:53:22Z
BGY,5.875,2025-10-06T19:50:10Z
BH,333.91,2025-10-06T18:52:16Z
BH.A,1610.01,2025-10-06T19:34:17Z
BHAT,1.88,2025-10-06T19:59:48Z
BHC,6.47,2025-10-06T19:59:51Z
BHE,38.735,2025-10-06T19:55:09Z
BHF,51.04,2025-10-06T19:59:53Z
BHFAL,18.12,2025-10-06T18:22:27Z
BHFAM,12.02,2025-10-06T18:37:12Z
BHFAN,13.08,2025-10-06T17:01:57Z
BHFAO,16.4,2025-10-06T16:33:52Z
BHFAP,16.29,2025-10-06T19:19:54Z
BHK,10.035,2025-10-06T19:57:37Z
BHP,55.98,2025-10-06T19:59:58Z
BHR,2.68,2025-10-06T19:59:51Z
BHRB,61,2025-10-06T18:54:56Z
BHST,9.72,2025-10-06T19:38:42Z
BHVN,15.88,2025-10-06T19:59:56Z
BIAF,2.55,2025-10-06T19:35:21Z
BIAFW,0.25,2025-10-06T13:47:54Z
BIB,64.02,2025-10-06T19:45:06Z
BIBL,45.27,2025-10-06T18:01:03Z
BIDD,28.66,2025-10-06T19:50:56Z
BIDU,144.99,2025-10-06T19:59:58Z
BIGY,52.72,2025-10-06T15:41:04Z
BIIB,154.11,2025-10-06T19:59:41Z
BIL,91.5,2025-10-06T19:59:56Z
BILI,28.61,2025-10-06T19:59:53Z
BILL,53.33,2025-10-06T19:59:54Z
BILS,99.265,2025-10-06T19:59:58Z
BILZ,100.865,2025-10-06T17:19:52Z
BINC,53.09,2025-10-06T19:59:50Z
BINI,1.4,2025-10-06T19:58:17Z
BINT,27.84,2025-10-06T14:43:27Z
BINV,38.81,2025-10-06T16:24:48Z
BIO,309.085,2025-10-06T19:58:14Z
BIOA,5.63,2025-10-06T19:59:33Z
BIOX,1.39,2025-10-06T19:59:05Z
BIP,34.36,2025-10-06T19:58:42Z
BIPC,44.095,2025-10-06T19:59:49Z
BIRD,6.36,2025-10-06T18:05:56Z
BIRK,45.47,2025-10-06T19:59:57Z
BIT,13.365,2025-10-06T19:57:57Z
BITB,68.255,2025-10-06T19:59:50Z
BITC,46.82,2025-10-06T17:46:30Z
BITF,3.455,2025-10-06T19:59:54Z
BITI,16.695,2025-10-06T19:59:04Z
BITO,20.75,2025-10-06T19:59:41Z
BITQ,28.35,2025-10-06T19:57:28Z
BITS,110.07,2025-10-06T18:42:41Z
BITU,63.5,2025-10-06T19:59:44Z
BITX,66.115,2025-10-06T19:59:55Z
BIV,77.875,2025-10-06T19:50:13Z
BIVI,1.86,2025-10-06T19:58:55Z
BIYA,0.6251,2025-10-06T19:33:09Z
BIZD,14.305,2025-10-06T19:59:54Z
BJ,90.08,2025-10-06T19:59:57Z
BJRI,31.18,2025-10-06T19:59:55Z
BJUN,45.82,2025-10-06T19:18:07Z
BK,106.43,2025-10-06T19:59:49Z
BK-K,25.775,2025-10-06T15:53:06Z
BKAG,42.435,2025-10-06T19:36:14Z
BKCH,101.24,2025-10-06T19:49:50Z
BKD,8.02,2025-10-06T19:59:57Z
BKDV,28.145,2025-10-06T19:59:46Z
BKE,58.5,2025-10-06T19:59:32Z
BKEM,74.14,2025-10-06T17:06:29Z
BKF,45.88,2025-10-06T18:21:40Z
BKGI,38.73,2025-10-06T19:59:14Z
BKH,60.48,2025-10-06T19:58:45Z
BKHY,48.44,2025-10-06T19:59:06Z
BKIE,90.825,2025-10-06T19:55:46Z
BKKT,40.98,2025-10-06T19:59:56Z
BKKT+,0.45,2025-10-06T19:49:28Z
BKLC,129.17,2025-10-06T18:25:02Z
BKLN,20.935,2025-10-06T19:59:49Z
BKN,11.21,2025-10-06T19:46:38Z
BKNG,5424.315,2025-10-06T19:59:09Z
BKR,49.06,2025-10-06T19:59:56Z
BKSY,28.585,2025-10-06T19:59:39Z
BKT,11.195,2025-10-06T19:58:25Z
BKT^,0.07,2025-10-06T19:33:14Z
BKU,38.925,2025-10-06T19:59:13Z
BKUI,49.81,2025-10-06T17:33:55Z
BKV,24.385,2025-10-06T19:59:50Z
BKYI,0.77,2025-10-06T15:27:51Z
BL,52.2,2025-10-06T19:59:42Z
BLBD,53.085,2025-10-06T19:59:05Z
BLCN,29.5,2025-10-06T15:31:31Z
BLCO,14.88,2025-10-06T19:59:52Z
BLD,397.21,2025-10-06T19:59:46Z
BLDG,25.47,2025-10-06T18:11:50Z
BLDP,3.645,2025-10-06T19:59:54Z
BLDR,127.1,2025-10-06T19:59:55Z
BLE,10.36,2025-10-06T19:55:16Z
BLES,43.08,2025-10-06T19:10:52Z
BLFS,26.5,2025-10-06T19:59:47Z
BLFY,8.89,2025-10-06T19:59:05Z
BLIN,1.34,2025-10-06T13:52:09Z
BLK,1180.46,2025-10-06T19:59:49Z
BLKB,63.26,2025-10-06T19:59:41Z
BLKC,32.19,2025-10-06T13:39:58Z
BLMN,7.39,2025-10-06T19:59:55Z
BLMZ,0.2346,2025-10-06T19:59:42Z
BLND,3.395,2025-10-06T19:59:48Z
BLNE,3.67,2025-10-06T19:59:50Z
BLNK,2.5,2025-10-06T19:59:56Z
BLOK,72.01,2025-10-06T19:59:02Z
BLOX,27.01,2025-10-06T19:34:45Z
BLRX,4.31,2025-10-06T19:48:16Z
BLSH,68.83,2025-10-06T19:59:49Z
BLTD,25.83,2025-10-06T16:27:18Z
BLTE,78.13,2025-10-06T19:28:21Z
BLUC,28.33,2025-10-06T18:59:31Z
BLUX,27.82,2025-10-06T14:18:08Z
BLV,70.475,2025-10-06T19:59:39Z
BLW,13.96,2025-10-06T19:54:32Z
BLX,45.36,2025-10-06T19:59:41Z
BLZE,9.53,2025-10-06T19:59:40Z
BLZRU,10.26,2025-10-06T16:54:25Z
BMA,43.555,2025-10-06T19:59:55Z
BMBL,5.9,2025-10-06T19:59:56Z
BME,37.685,2025-10-06T17:55:33Z
BMEA,2.67,2025-10-06T19:59:31Z
BMEZ,14.82,2025-10-06T19:59:52Z
BMGL,1.575,2025-10-06T19:57:33Z
BMI,180.93,2025-10-06T19:59:22Z
BML-H,20.5,2025-10-06T18:10:53Z
BML-J,21.18,2025-10-06T15:43:34Z
BMNR,63.095,2025-10-06T19:59:59Z
BMNU,39.49,2025-10-06T19:59:59Z
BMO,129.265,2025-10-06T19:59:45Z
BMR,3.17,2025-10-06T19:47:11Z
BMRA,2.87,2025-10-06T17:45:18Z
BMRC,24.34,2025-10-06T19:59:50Z
BMRN,55.59,2025-10-06T19:59:59Z
BMY,45.12,2025-10-06T19:59:58Z
BN,68.09,2025-10-06T19:59:52Z
BNAI,0.5082,2025-10-06T19:59:47Z
BNC,9.36,2025-10-06T19:59:43Z
BNCWW,0.1448,2025-10-06T18:19:06Z
BND,74.13,2025-10-06T19:59:49Z
BNDI,47.665,2025-10-06T19:58:49Z
BNDW,69.465,2025-10-06T19:39:18Z
BNDX,49.29,2025-10-06T19:59:51Z
BNED,9.57,2025-10-06T19:59:44Z
BNGE,40.73,2025-10-06T15:07:54Z
BNGO,2.03,2025-10-06T19:58:10Z
BNH,16.02,2025-10-06T19:51:40Z
BNJ,15.745,2025-10-06T18:48:14Z
BNKU,26.54,2025-10-06T17:35:06Z
BNL,18.605,2025-10-06T19:59:49Z
BNO,29.8,2025-10-06T19:41:31Z
BNRG,1.68,2025-10-06T19:36:11Z
BNS,65.36,2025-10-06T19:59:59Z
BNT,67.945,2025-10-06T19:55:34Z
BNTX,105.095,2025-10-06T19:59:35Z
BNY,10.16,2025-10-06T18:32:06Z
BNZI,3.185,2025-10-06T19:58:15Z
BOAT,31.07,2025-10-06T16:29:13Z
BOC,13.34,2025-10-06T19:57:54Z
BOCT,48.66,2025-10-06T19:58:05Z
BODI,5.7,2025-10-06T16:29:00Z
BOE,11.75,2025-10-06T19:39:37Z
BOEG,16.58,2025-10-06T14:55:27Z
BOEU,40.71,2025-10-06T13:30:03Z
BOH,65.67,2025-10-06T19:59:49Z
BOH-B,26.49,2025-10-06T14:02:31Z
BOIL,30.96,2025-10-06T19:59:58Z
BOKF,114.27,2025-10-06T19:56:41Z
BOLD,1.235,2025-10-06T19:57:13Z
BOLT,5.32,2025-10-06T16:38:12Z
BON,2.06,2025-10-06T19:30:09Z
BOND,93.03,2025-10-06T19:59:41Z
BOOM,7.84,2025-10-06T19:59:50Z
BOOT,169.81,2025-10-06T19:59:48Z
BORR,2.87,2025-10-06T19:59:56Z
BOSC,4.76,2025-10-06T18:16:57Z
BOTT,42.69,2025-10-06T14:41:11Z
BOTZ,37.385,2025-10-06T19:59:51Z
BOW,26.275,2025-10-06T19:59:50Z
BOX,33.06,2025-10-06T19:59:55Z
BOXL,2.19,2025-10-06T19:58:28Z
BOXX,113.93,2025-10-06T17:27:15Z
BP,34.84,2025-10-06T19:59:51Z
BPOP,127.135,2025-10-06T19:58:02Z
BPRN,31.4,2025-10-06T13:37:37Z
BPYPN,13.905,2025-10-06T17:29:13Z
BPYPP,15.63,2025-10-06T19:53:36Z
BQ,15.4,2025-10-06T19:58:37Z
BR,235.25,2025-10-06T19:59:49Z
BRAG,2.91,2025-10-06T13:38:15Z
BRBI,13.27,2025-10-06T16:48:41Z
BRBR,33.74,2025-10-06T19:59:54Z
BRBS,4.25,2025-10-06T19:59:18Z
BRC,75.84,2025-10-06T19:57:36Z
BRCB,22.175,2025-10-06T19:59:57Z
BRCC,1.515,2025-10-06T19:47:21Z
BRF,15.95,2025-10-06T16:22:31Z
BRFH,3.31,2025-10-06T17:40:43Z
BRHY,52.08,2025-10-06T19:25:02Z
BRK.B,500.08,2025-10-06T19:59:56Z
BRKC,47.85,2025-10-06T15:16:18Z
BRKD,22.99,2025-10-06T14:30:31Z
BRKR,36.465,2025-10-06T19:59:57Z
BRKU,25.52,2025-10-06T19:59:59Z
BRKW,47.25,2025-10-06T18:07:08Z
BRLS,4.13,2025-10-06T19:17:03Z
BRLT,2,2025-10-06T19:59:53Z
BRN,1.33,2025-10-06T16:17:35Z
BRNS,1.54,2025-10-06T19:06:28Z
BRO,94.47,2025-10-06T19:59:54Z
BROS,49.04,2025-10-06T19:59:52Z
BRR,10.15,2025-10-06T15:11:00Z
BRRR,35.48,2025-10-06T19:59:46Z
BRSL,18.055,2025-10-06T19:59:42Z
BRSP,5.12,2025-10-06T19:59:54Z
BRT,15.255,2025-10-06T19:48:30Z
BRTR,50.82,2025-10-06T19:46:48Z
BRTX,1.52,2025-10-06T19:59:43Z
BRW,7.475,2025-10-06T19:59:50Z
BRX,26.885,2025-10-06T19:59:55Z
BRY,3.71,2025-10-06T19:59:50Z
BRZE,28.935,2025-10-06T19:59:58Z
BSAC,26.625,2025-10-06T19:59:24Z
BSBR,5.4,2025-10-06T19:59:28Z
BSCP,20.705,2025-10-06T14:53:16Z
BSCQ,19.575,2025-10-06T19:59:18Z
BSCR,19.735,2025-10-06T19:59:58Z
BSCS,20.585,2025-10-06T19:45:40Z
BSCT,18.835,2025-10-06T19:58:45Z
BSCU,16.91,2025-10-06T19:59:50Z
BSCV,16.705,2025-10-06T19:59:46Z
BSCW,20.915,2025-10-06T17:45:52Z
BSCX,21.495,2025-10-06T19:46:04Z
BSCY,21.045,2025-10-06T19:30:29Z
BSEP,48.48,2025-10-06T19:36:31Z
BSJP,23.07,2025-10-06T19:11:51Z
BSJQ,23.43,2025-10-06T19:59:52Z
BSJR,22.745,2025-10-06T19:57:16Z
BSJS,22.08,2025-10-06T16:00:18Z
BSJT,21.575,2025-10-06T19:58:57Z
BSJU,26.16,2025-10-06T14:40:21Z
BSJV,26.79,2025-10-06T16:42:25Z
BSL,13.84,2025-10-06T19:58:23Z
BSLK,3.89,2025-10-06T19:53:58Z
BSM,13.52,2025-10-06T19:59:14Z
BSMP,24.515,2025-10-06T19:58:19Z
BSMQ,23.625,2025-10-06T18:11:57Z
BSMR,23.66,2025-10-06T18:43:32Z
BSMS,23.445,2025-10-06T19:58:45Z
BSMT,23.095,2025-10-06T19:59:25Z
BSMU,21.925,2025-10-06T15:24:35Z
BSMW,25.01,2025-10-06T19:22:19Z
BSMY,24.395,2025-10-06T19:55:15Z
BSRR,28.96,2025-10-06T19:54:11Z
BST,42.135,2025-10-06T17:23:04Z
BSTP,36.42,2025-10-06T14:42:33Z
BSTZ,22.865,2025-10-06T19:57:38Z
BSV,78.74,2025-10-06T19:59:47Z
BSVO,22.81,2025-10-06T19:59:46Z
BSX,96.71,2025-10-06T19:59:53Z
BSY,56.83,2025-10-06T19:59:55Z
BTA,9.68,2025-10-06T14:24:59Z
BTAI,2.55,2025-10-06T19:59:54Z
BTAL,15.63,2025-10-06T19:59:59Z
BTBD,1.84,2025-10-06T19:54:06Z
BTBT,3.775,2025-10-06T19:59:57Z
BTC,55.58,2025-10-06T19:59:16Z
BTCC,31.725,2025-10-06T17:23:28Z
BTCI,63.68,2025-10-06T19:55:56Z
BTCL,67.29,2025-10-06T19:57:06Z
BTCM,3,2025-10-06T19:51:07Z
BTCO,125.21,2025-10-06T19:59:46Z
BTCS,5.835,2025-10-06T19:59:51Z
BTCT,3.03,2025-10-06T19:59:55Z
BTCW,133.09,2025-10-06T19:17:25Z
BTCZ,2.33,2025-10-06T19:59:04Z
BTDR,20.88,2025-10-06T19:59:55Z
BTE,2.48,2025-10-06T19:59:59Z
BTG,5.315,2025-10-06T19:59:58Z
BTGD,48.38,2025-10-06T19:57:52Z
BTI,51.17,2025-10-06T19:59:55Z
BTM,4.39,2025-10-06T19:59:56Z
BTMD,2.94,2025-10-06T19:58:50Z
BTMWW,0.37,2025-10-06T19:10:56Z
BTOC,0.8987,2025-10-06T19:51:41Z
BTOG,0.5037,2025-10-06T19:59:43Z
BTQ,9.08,2025-10-06T19:59:58Z
BTSG,28.84,2025-10-06T19:59:54Z
BTT,22.42,2025-10-06T19:57:25Z
BTTC,10.22,2025-10-06T19:20:09Z
BTU,31.26,2025-10-06T19:59:54Z
BTX,6.92,2025-10-06T19:58:00Z
BTZ,11,2025-10-06T19:59:50Z
BUCK,23.86,2025-10-06T17:42:20Z
BUD,58.515,2025-10-06T19:59:54Z
BUFB,35.78,2025-10-06T19:59:48Z
BUFD,27.67,2025-10-06T19:59:59Z
BUFF,48.91,2025-10-06T19:59:50Z
BUFP,29.45,2025-10-06T13:55:44Z
BUFQ,35.01,2025-10-06T19:55:07Z
BUFR,33.515,2025-10-06T19:25:02Z
BUFS,22.7,2025-10-06T18:29:10Z
BUFX,20.85,2025-10-06T13:56:31Z
BUFZ,25.98,2025-10-06T19:59:46Z
BUG,35.79,2025-10-06T19:44:18Z
BUI,26.825,2025-10-06T18:31:11Z
BULG,11.74,2025-10-06T19:31:11Z
BULL,13.69,2025-10-06T19:59:54Z
BULLW,5.69,2025-10-06T17:58:40Z
BULX,25.67,2025-10-06T19:24:22Z
BULZ,279.01,2025-10-06T19:47:18Z
BUR,11.53,2025-10-06T19:59:57Z
BURL,262.21,2025-10-06T19:59:50Z
BURU,0.2564,2025-10-06T19:59:56Z
BUSE,23.345,2025-10-06T19:59:33Z
BUUU,8.11,2025-10-06T15:15:13Z
BUXX,20.315,2025-10-06T19:57:27Z
BUYW,14.195,2025-10-06T19:21:00Z
BUZZ,38.235,2025-10-06T19:59:45Z
BV,13.445,2025-10-06T19:59:57Z
BVAL,27.34,2025-10-06T18:25:02Z
BVFL,15.68,2025-10-06T19:34:53Z
BVN,24.77,2025-10-06T19:59:48Z
BVS,6.78,2025-10-06T19:59:48Z
BW,3.13,2025-10-06T19:59:45Z
BWA,44.415,2025-10-06T19:59:55Z
BWAY,15.205,2025-10-06T19:56:07Z
BWB,17.44,2025-10-06T19:58:45Z
BWEN,2.22,2025-10-06T19:39:09Z
BWFG,43.295,2025-10-06T19:11:32Z
BWG,8.63,2025-10-06T19:38:54Z
BWIN,27.62,2025-10-06T19:59:57Z
BWLP,13.78,2025-10-06T19:59:53Z
BWMN,42.1,2025-10-06T19:59:18Z
BWMX,12.795,2025-10-06T16:36:10Z
BWSN,25.11,2025-10-06T14:21:05Z
BWX,22.79,2025-10-06T19:59:45Z
BWXT,191.51,2025-10-06T19:59:49Z
BWZ,27.59,2025-10-06T19:59:46Z
BX,166.87,2025-10-06T19:59:49Z
BXC,71.475,2025-10-06T18:04:30Z
BXMT,18.55,2025-10-06T19:59:53Z
BXMX,14.315,2025-10-06T19:07:49Z
BXP,74.58,2025-10-06T19:59:48Z
BXSL,26.04,2025-10-06T19:59:54Z
BY,28.17,2025-10-06T19:57:54Z
BYD,85.48,2025-10-06T19:59:57Z
BYLD,22.85,2025-10-06T19:55:11Z
BYM,10.835,2025-10-06T19:54:13Z
BYND,2.34,2025-10-06T19:59:26Z
BYRN,23.11,2025-10-06T19:59:50Z
BYSI,1.78,2025-10-06T19:53:01Z
BZ,24.29,2025-10-06T19:59:59Z
BZAI,5.045,2025-10-06T19:59:39Z
BZAIW,0.932,2025-10-06T19:57:53Z
BZFD,1.74,2025-10-06T19:15:12Z
BZH,24.285,2025-10-06T19:58:55Z
BZQ,9.34,2025-10-06T17:26:40Z
BZUN,3.84,2025-10-06T19:59:27Z
C,98.045,2025-10-06T19:59:53Z
C-N,30.8,2025-10-06T15:43:36Z
CAAP,17.63,2025-10-06T19:58:41Z
CAAS,4.6,2025-10-06T17:46:51Z
CABA,2.445,2025-10-06T19:59:55Z
CABO,174.97,2025-10-06T19:54:44Z
CAC,38.51,2025-10-06T14:10:19Z
CACC,491.925,2025-10-06T19:53:00Z
CACI,528.02,2025-10-06T19:57:16Z
CADE,38.75,2025-10-06T19:59:51Z
CADE-A,21.96,2025-10-06T15:05:13Z
CADL,5.46,2025-10-06T19:59:56Z
CAE,28.9,2025-10-06T19:59:58Z
CAEP,10.37,2025-10-06T18:02:53Z
CAF,16.85,2025-10-06T19:59:58Z
CAFX,25.06,2025-10-06T19:55:18Z
CAG,18.71,2025-10-06T19:59:58Z
CAH,155.27,2025-10-06T19:59:46Z
CAI,32.83,2025-10-06T19:59:54Z
CAIE,27.27,2025-10-06T19:58:42Z
CAKE,54.34,2025-10-06T19:59:53Z
CAL,13.93,2025-10-06T19:59:49Z
CALC,3.22,2025-10-06T17:16:57Z
CALF,44.045,2025-10-06T19:59:48Z
CALM,92.82,2025-10-06T19:59:50Z
CALX,60.47,2025-10-06T19:59:35Z
CAML,39,2025-10-06T19:31:14Z
CAMP,3.46,2025-10-06T19:59:58Z
CAMT,116.84,2025-10-06T19:57:55Z
CAN,1.325,2025-10-06T19:59:45Z
CANC,29.68,2025-10-06T18:25:06Z
CANE,10.7,2025-10-06T16:03:27Z
CANF,0.6151,2025-10-06T18:16:03Z
CANG,4.81,2025-10-06T19:55:44Z
CAOS,89.58,2025-10-06T19:45:24Z
CAPE,32.175,2025-10-06T19:59:46Z
CAPL,20.34,2025-10-06T19:49:55Z
CAPR,7.79,2025-10-06T19:59:48Z
CAPS,1.18,2025-10-06T19:59:57Z
CAPT,0.8415,2025-10-06T15:01:23Z
CAR,148.28,2025-10-06T19:59:42Z
CARE,19.41,2025-10-06T19:59:04Z
CARG,36.22,2025-10-06T19:59:49Z
CARL,14.5,2025-10-06T19:59:41Z
CARM,0.255,2025-10-06T19:59:56Z
CARR,59.805,2025-10-06T19:59:54Z
CARS,12.54,2025-10-06T19:59:55Z
CART,37.81,2025-10-06T19:59:59Z
CARV,2.58,2025-10-06T17:51:47Z
CARY,20.91,2025-10-06T19:59:50Z
CASH,74.075,2025-10-06T19:55:10Z
CASI,1.83,2025-10-06T19:53:57Z
CASS,39.13,2025-10-06T19:23:37Z
CASY,557.92,2025-10-06T19:57:44Z
CAT,495.57,2025-10-06T19:59:35Z
CATH,81.46,2025-10-06T17:22:37Z
CATX,3.55,2025-10-06T19:59:49Z
CATY,49.02,2025-10-06T19:59:21Z
CAVA,63.82,2025-10-06T19:59:54Z
CB,286.42,2025-10-06T19:59:55Z
CBAN,16.82,2025-10-06T19:59:31Z
CBAT,0.97,2025-10-06T19:59:39Z
CBFV,33.27,2025-10-06T18:44:58Z
CBIO,11.61,2025-10-06T19:54:59Z
CBK,24.51,2025-10-06T19:55:08Z
CBL,29.06,2025-10-06T19:59:20Z
CBLL,12.58,2025-10-06T19:59:45Z
CBNA,32.23,2025-10-06T17:04:59Z
CBNK,30.455,2025-10-06T18:56:10Z
CBOA,26.82,2025-10-06T14:35:08Z
CBOE,236.92,2025-10-06T19:59:56Z
CBRE,153.48,2025-10-06T19:59:46Z
CBRL,43.34,2025-10-06T19:59:49Z
CBSE,42.56,2025-10-06T16:52:47Z
CBSH,59.49,2025-10-06T19:59:55Z
CBT,75.555,2025-10-06T19:59:42Z
CBU,59.025,2025-10-06T19:59:38Z
CBUS,1.495,2025-10-06T19:58:06Z
CBXA,30.23,2025-10-06T18:53:30Z
CBZ,56.06,2025-10-06T19:59:49Z
CC,15.8,2025-10-06T19:59:58Z
CCAP,14.13,2025-10-06T19:59:00Z
CCB,112.525,2025-10-06T19:57:56Z
CCBG,43.035,2025-10-06T19:56:45Z
CCCC,2.285,2025-10-06T19:59:02Z
CCCS,9.49,2025-10-06T19:59:57Z
CCCX,15.91,2025-10-06T19:59:55Z
CCCXW,6.26,2025-10-06T19:59:35Z
CCD,21.6,2025-10-06T19:59:54Z
CCEP,87.63,2025-10-06T19:59:59Z
CCG,1.175,2025-10-06T17:55:21Z
CCHH,3.83,2025-10-06T19:50:35Z
CCI,93.98,2025-10-06T19:59:54Z
CCIF,5.65,2025-10-06T18:45:21Z
CCIX,10.51,2025-10-06T18:04:08Z
CCJ,85.38,2025-10-06T19:59:45Z
CCK,94.28,2025-10-06T19:59:56Z
CCL,29.085,2025-10-06T19:59:59Z
CCLD,3.705,2025-10-06T19:58:40Z
CCLDO,21.49,2025-10-06T15:11:47Z
CCMG,31.39,2025-10-06T19:29:22Z
CCNE,24.33,2025-10-06T19:59:27Z
CCO,1.48,2025-10-06T19:59:59Z
CCOI,42.8,2025-10-06T19:59:53Z
CCRD,27.085,2025-10-06T19:56:21Z
CCRN,13.27,2025-10-06T19:58:35Z
CCS,61.79,2025-10-06T19:58:18Z
CCSB,20.23,2025-10-06T14:15:25Z
CCSI,27.95,2025-10-06T19:56:33Z
CCTG,1.81,2025-10-06T19:50:05Z
CCU,11.705,2025-10-06T19:58:56Z
CCUP,18.48,2025-10-06T19:54:10Z
CDC,66.76,2025-10-06T19:55:10Z
CDE,19.355,2025-10-06T19:59:58Z
CDIG,25.07,2025-10-06T19:08:36Z
CDIO,4.5,2025-10-06T16:01:54Z
CDLR,21.25,2025-10-06T19:59:31Z
CDLX,2.575,2025-10-06T19:59:52Z
CDNA,14.94,2025-10-06T19:59:49Z
CDNS,353.23,2025-10-06T19:59:48Z
CDP,28.72,2025-10-06T19:59:48Z
CDRE,37.56,2025-10-06T19:57:27Z
CDRO,6.835,2025-10-06T18:17:30Z
CDT,0.8297,2025-10-06T19:59:50Z
CDTG,0.719,2025-10-06T13:58:37Z
CDTX,96.56,2025-10-06T19:59:47Z
CDW,157.36,2025-10-06T19:59:46Z
CDXS,2.68,2025-10-06T19:59:43Z
CDZI,4.84,2025-10-06T19:59:59Z
CE,44.28,2025-10-06T19:59:44Z
CECO,53.155,2025-10-06T19:59:51Z
CEE,15.37,2025-10-06T17:23:29Z
CEF,37.845,2025-10-06T19:59:45Z
CEFD,19.72,2025-10-06T15:37:18Z
CEFS,22.75,2025-10-06T19:59:27Z
CEG,364.11,2025-10-06T19:59:44Z
CEGX,31.56,2025-10-06T15:03:02Z
CELC,47.78,2025-10-06T19:59:53Z
CELG^,0.0365,2025-10-06T19:59:10Z
CELH,59.09,2025-10-06T19:59:52Z
CELU,2.19,2025-10-06T18:50:19Z
CELZ,3.365,2025-10-06T19:18:41Z
CEMB,46.01,2025-10-06T19:14:20Z
CENN,0.6248,2025-10-06T18:40:49Z
CENT,31.32,2025-10-06T19:55:14Z
CENTA,28.285,2025-10-06T19:58:10Z
CENX,29.105,2025-10-06T19:59:53Z
CEP,24.65,2025-10-06T19:52:24Z
CEPF,10.3,2025-10-06T18:26:34Z
CEPI,42.33,2025-10-06T18:00:30Z
CEPO,10.54,2025-10-06T19:59:46Z
CEPT,10.69,2025-10-06T19:59:08Z
CEPU,7.845,2025-10-06T19:52:51Z
CERO,5.35,2025-10-06T19:37:56Z
CERS,1.6,2025-10-06T19:59:59Z
CERT,13.44,2025-10-06T19:59:58Z
CERY,28.95,2025-10-06T19:59:18Z
CET,51.965,2025-10-06T19:55:11Z
CETX,5.51,2025-10-06T19:54:57Z
CETY,2.55,2025-10-06T19:36:31Z
CEV,10.06,2025-10-06T18:18:24Z
CEVA,28.99,2025-10-06T19:59:46Z
CF,92.08,2025-10-06T19:59:50Z
CFBK,24,2025-10-06T18:39:41Z
CFFN,6.37,2025-10-06T19:59:47Z
CFG,54.02,2025-10-06T19:59:53Z
CFG-E,20.87,2025-10-06T19:51:36Z
CFG-H,26.57,2025-10-06T18:50:31Z
CFG-I,25.315,2025-10-06T19:58:58Z
CFLT,21.27,2025-10-06T19:59:55Z
CFND,8.42,2025-10-06T18:18:29Z
CFO,74.16,2025-10-06T16:47:07Z
CFR,128.08,2025-10-06T19:59:49Z
CFR-B,18.12,2025-10-06T14:21:28Z
CG,63.36,2025-10-06T19:59:56Z
CGABL,18.225,2025-10-06T18:21:07Z
CGAU,11.61,2025-10-06T19:59:58Z
CGBD,12.29,2025-10-06T19:59:48Z
CGBDL,25.49,2025-10-06T19:12:40Z
CGBL,34.98,2025-10-06T19:59:49Z
CGC,1.4,2025-10-06T19:58:20Z
CGCB,26.545,2025-10-06T19:55:08Z
CGCP,22.75,2025-10-06T19:59:50Z
CGCT,10.045,2025-10-06T19:49:48Z
CGCV,30.36,2025-10-06T19:57:59Z
CGDG,35.03,2025-10-06T19:59:55Z
CGDV,42.42,2025-10-06T19:59:45Z
CGEM,5.825,2025-10-06T19:59:56Z
CGEN,1.79,2025-10-06T19:59:24Z
CGGE,31.285,2025-10-06T19:57:48Z
CGGO,34.775,2025-10-06T19:58:58Z
CGGR,44.545,2025-10-06T19:59:55Z
CGHM,25.31,2025-10-06T19:59:45Z
CGIB,25.39,2025-10-06T19:21:18Z
CGIC,31.265,2025-10-06T19:57:37Z
CGIE,34.54,2025-10-06T19:59:59Z
CGMM,28.41,2025-10-06T19:59:59Z
CGMS,27.79,2025-10-06T19:59:46Z
CGMU,27.235,2025-10-06T19:59:47Z
CGNG,31.38,2025-10-06T19:59:36Z
CGNT,8.56,2025-10-06T19:59:33Z
CGNX,46.845,2025-10-06T19:59:44Z
CGO,12.235,2025-10-06T19:58:16Z
CGON,38.115,2025-10-06T19:59:41Z
CGSD,26.01,2025-10-06T19:59:59Z
CGSM,26.355,2025-10-06T19:50:05Z
CGTL,0.5247,2025-10-06T19:24:41Z
CGTX,1.53,2025-10-06T19:56:29Z
CGUS,39.95,2025-10-06T19:56:32Z
CGV,14.76,2025-10-06T19:31:18Z
CGXU,30.375,2025-10-06T19:59:48Z
CHA,16.715,2025-10-06T19:59:56Z
CHAC,10.195,2025-10-06T19:59:29Z
CHAT,64.39,2025-10-06T19:59:07Z
CHAU,20.705,2025-10-06T19:58:33Z
CHCT,14.5,2025-10-06T19:59:40Z
CHD,88.895,2025-10-06T19:59:57Z
CHDN,93.41,2025-10-06T19:59:30Z
CHE,434.91,2025-10-06T19:59:36Z
CHEF,54.58,2025-10-06T19:59:45Z
CHEK,2.13,2025-10-06T19:22:56Z
CHGG,1.46,2025-10-06T19:59:59Z
CHH,103.905,2025-10-06T19:59:48Z
CHI,10.98,2025-10-06T19:59:32Z
CHIQ,24.33,2025-10-06T19:39:51Z
CHKP,201.31,2025-10-06T19:59:06Z
CHMI,2.45,2025-10-06T19:55:49Z
CHN,18.84,2025-10-06T19:55:14Z
CHOW,6.515,2025-10-06T19:58:04Z
CHPT,12.09,2025-10-06T19:58:43Z
CHPX,54.79,2025-10-06T17:04:47Z
CHR,0.1668,2025-10-06T19:59:49Z
CHRD,99.61,2025-10-06T19:59:47Z
CHRS,1.7,2025-10-06T19:59:57Z
CHRW,134.34,2025-10-06T19:59:57Z
CHSCL,25.85,2025-10-06T15:10:29Z
CHSCM,25.07,2025-10-06T16:49:57Z
CHSCN,25.09,2025-10-06T15:10:50Z
CHT,43.23,2025-10-06T19:59:56Z
CHTR,282.63,2025-10-06T19:58:49Z
CHW,7.66,2025-10-06T19:59:43Z
CHWY,37.59,2025-10-06T19:59:57Z
CHY,11.375,2025-10-06T19:59:59Z
CHYM,21.05,2025-10-06T19:59:55Z
CI,303.265,2025-10-06T19:59:36Z
CIA,5.4,2025-10-06T19:59:51Z
CIB,52.23,2025-10-06T19:59:08Z
CIBR,77.34,2025-10-06T19:59:47Z
CIEN,153.24,2025-10-06T19:59:54Z
CIF,1.755,2025-10-06T15:06:55Z
CIFR,15.33,2025-10-06T19:59:58Z
CIFRW,6.27,2025-10-06T19:50:57Z
CIG,2.01,2025-10-06T19:59:54Z
CIGI,152.45,2025-10-06T19:59:45Z
CIGL,3.35,2025-10-06T19:32:33Z
CII,23.23,2025-10-06T19:54:06Z
CIIT,0.6997,2025-10-06T19:34:38Z
CIK,2.955,2025-10-06T19:59:45Z
CIM,13.06,2025-10-06T19:59:50Z
CIMN,25.37,2025-10-06T16:50:56Z
CIMO,25.4,2025-10-06T16:05:09Z
CIMP,25.095,2025-10-06T19:45:09Z
CINF,165.23,2025-10-06T19:59:47Z
CING,4,2025-10-06T17:21:01Z
CINT,4.97,2025-10-06T19:59:37Z
CIO,6.97,2025-10-06T18:12:26Z
CION,9.365,2025-10-06T19:59:02Z
CISO,1.13,2025-10-06T19:59:25Z
CISS,2.18,2025-10-06T15:19:13Z
CIVB,20.67,2025-10-06T19:59:17Z
CIVI,34.255,2025-10-06T19:59:49Z
CJET,0.159,2025-10-06T19:56:40Z
CL,77.44,2025-10-06T19:59:50Z
CLAR,3.37,2025-10-06T19:55:59Z
CLB,12.37,2025-10-06T19:59:54Z
CLBK,15.36,2025-10-06T19:59:40Z
CLBT,18.79,2025-10-06T19:59:54Z
CLCO,9.535,2025-10-06T19:58:45Z
CLCV,25.63,2025-10-06T19:27:35Z
CLDI,1.57,2025-10-06T19:46:06Z
CLDT,6.525,2025-10-06T19:59:53Z
CLDX,26.365,2025-10-06T19:59:54Z
CLF,12.64,2025-10-06T19:59:59Z
CLFD,36.03,2025-10-06T19:58:55Z
CLGN,2.4,2025-10-06T14:30:51Z
CLH,231.79,2025-10-06T19:59:48Z
CLIK,0.316,2025-10-06T19:35:38Z
CLIP,100.13,2025-10-06T19:59:58Z
CLIR,1.045,2025-10-06T19:59:26Z
CLLS,3.46,2025-10-06T18:59:30Z
CLM,8.37,2025-10-06T19:36:18Z
CLMB,143.69,2025-10-06T19:50:16Z
CLMT,18.25,2025-10-06T19:59:54Z
CLNE,2.68,2025-10-06T19:59:52Z
CLNN,10.355,2025-10-06T19:59:54Z
CLOA,51.79,2025-10-06T19:59:46Z
CLOI,52.885,2025-10-06T19:57:51Z
CLOU,23.75,2025-10-06T19:53:52Z
CLOV,2.61,2025-10-06T19:59:59Z
CLOX,25.53,2025-10-06T19:59:57Z
CLOZ,26.745,2025-10-06T19:59:48Z
CLPR,3.99,2025-10-06T19:52:46Z
CLPT,26.55,2025-10-06T19:59:40Z
CLRB,6.13,2025-10-06T19:55:46Z
CLRO,5.94,2025-10-06T16:04:33Z
CLS,235.36,2025-10-06T19:59:57Z
CLSD,4.345,2025-10-06T19:46:01Z
CLSE,25.83,2025-10-06T19:59:57Z
CLSK,17.435,2025-10-06T19:59:58Z
CLSX,62.89,2025-10-06T15:41:44Z
CLVT,3.805,2025-10-06T19:59:55Z
CLW,20.12,2025-10-06T19:59:00Z
CLX,118.71,2025-10-06T19:59:49Z
CLYM,1.8,2025-10-06T19:59:48Z
CM,81.665,2025-10-06T19:58:50Z
CMA,80.2,2025-10-06T19:59:57Z
CMA-B,25.91,2025-10-06T19:59:38Z
CMBM,0.9402,2025-10-06T15:30:27Z
CMBS,49.03,2025-10-06T19:59:50Z
CMBT,9.41,2025-10-06T19:59:54Z
CMC,58.57,2025-10-06T19:59:49Z
CMCL,37.51,2025-10-06T19:56:33Z
CMCM,8.33,2025-10-06T13:57:59Z
CMCO,15.26,2025-10-06T19:59:39Z
CMCSA,31.095,2025-10-06T19:59:59Z
CMCT,6.59,2025-10-06T13:33:50Z
CMDB,14.55,2025-10-06T19:59:55Z
CMDT,27.44,2025-10-06T14:35:29Z
CMDY,53.3,2025-10-06T17:12:35Z
CME,262,2025-10-06T19:59:58Z
CMF,57.01,2025-10-06T19:59:00Z
CMG,41.65,2025-10-06T19:59:58Z
CMI,439.53,2025-10-06T19:58:30Z
CMMB,2.82,2025-10-06T19:34:51Z
CMND,1,2025-10-06T19:25:05Z
CMP,18.63,2025-10-06T19:59:59Z
CMPO,19.795,2025-10-06T19:59:51Z
CMPR,63.675,2025-10-06T19:54:07Z
CMPS,6.28,2025-10-06T19:59:54Z
CMPX,3.665,2025-10-06T19:59:57Z
CMRC,4.87,2025-10-06T19:59:47Z
CMRE,11.75,2025-10-06T19:59:50Z
CMS,73.2,2025-10-06T19:59:51Z
CMS-C,18.75,2025-10-06T14:38:09Z
CMSA,24.34,2025-10-06T17:36:47Z
CMSC,23.8,2025-10-06T17:23:27Z
CMT,19.05,2025-10-06T19:23:09Z
CMTG,3.23,2025-10-06T19:59:42Z
CMTL,2.85,2025-10-06T18:04:32Z
CNA,46.73,2025-10-06T19:59:47Z
CNC,37.645,2025-10-06T19:59:57Z
CNCK,4.98,2025-10-06T19:54:13Z
CNCKW,0.72,2025-10-06T19:59:44Z
CNDT,2.73,2025-10-06T19:59:50Z
CNEQ,35.91,2025-10-06T19:02:54Z
CNEY,2.2,2025-10-06T19:50:44Z
CNF,4.8,2025-10-06T19:47:38Z
CNH,10.97,2025-10-06T19:59:59Z
CNI,96.61,2025-10-06T19:59:52Z
CNK,26.91,2025-10-06T19:59:58Z
CNL,13.285,2025-10-06T19:59:12Z
CNM,51.64,2025-10-06T19:59:53Z
CNMD,46.44,2025-10-06T19:59:48Z
CNNE,18.83,2025-10-06T19:59:54Z
CNO,39.57,2025-10-06T19:59:50Z
CNOB,26.28,2025-10-06T19:59:31Z
CNP,39.46,2025-10-06T19:59:54Z
CNQ,32.45,2025-10-06T19:59:56Z
CNR,88.44,2025-10-06T19:59:39Z
CNRG,91.23,2025-10-06T18:25:57Z
CNS,66.09,2025-10-06T19:59:43Z
CNSP,9.44,2025-10-06T19:04:38Z
CNTA,23,2025-10-06T19:59:36Z
CNTX,1.2,2025-10-06T19:59:43Z
CNTY,2.64,2025-10-06T19:49:10Z
CNVS,3.465,2025-10-06T19:48:40Z
CNX,33.295,2025-10-06T19:59:50Z
CNXC,47.545,2025-10-06T19:59:50Z
CNXN,59.94,2025-10-06T19:40:06Z
CNXT,43.95,2025-10-06T14:44:01Z
CNYA,34.32,2025-10-06T14:52:05Z
COAL,23.37,2025-10-06T19:37:37Z
COCH,0.8,2025-10-06T16:50:20Z
COCO,42.9,2025-10-06T19:59:15Z
COCP,1.225,2025-10-06T19:58:03Z
CODA,8.625,2025-10-06T19:23:13Z
CODI,6.72,2025-10-06T19:59:55Z
CODI-A,17.5,2025-10-06T16:23:16Z
CODI-B,18.81,2025-10-06T14:42:07Z
CODI-C,19.03,2025-10-06T17:32:35Z
CODX,0.3831,2025-10-06T19:59:54Z
COEP,17.76,2025-10-06T18:09:49Z
COF,213.79,2025-10-06T19:59:49Z
COF-I,20.39,2025-10-06T19:59:58Z
COF-N,17.83,2025-10-06T19:32:40Z
COFS,28.62,2025-10-06T19:57:26Z
COGT,15.89,2025-10-06T19:59:55Z
COHR,114.83,2025-10-06T19:59:55Z
COHU,20.17,2025-10-06T19:59:53Z
COIG,48.075,2025-10-06T17:11:24Z
COII,27.12,2025-10-06T19:59:50Z
COIN,386.14,2025-10-06T19:59:58Z
COIW,46.29,2025-10-06T19:57:10Z
COKE,118.85,2025-10-06T19:59:01Z
COLA,10.24,2025-10-06T14:45:26Z
COLB,26.59,2025-10-06T19:59:59Z
COLD,13.45,2025-10-06T19:59:58Z
COLL,33.785,2025-10-06T19:59:50Z
COLM,53.46,2025-10-06T19:59:46Z
COM,28.95,2025-10-06T19:52:39Z
COMB,22.03,2025-10-06T18:50:01Z
COMM,15.265,2025-10-06T19:59:56Z
COMP,7.64,2025-10-06T19:59:59Z
COMT,26.88,2025-10-06T19:59:59Z
CON,20.64,2025-10-06T19:59:57Z
CONI,31.42,2025-10-06T19:54:40Z
CONL,48.61,2025-10-06T19:59:59Z
CONY,7.63,2025-10-06T19:59:44Z
COO,70.07,2025-10-06T19:59:51Z
COOK,1.16,2025-10-06T19:56:08Z
COOT,0.682,2025-10-06T19:59:37Z
COP,94.91,2025-10-06T19:59:55Z
COPA,38.1,2025-10-06T17:22:26Z
COPJ,32.76,2025-10-06T19:59:28Z
COPP,29.18,2025-10-06T16:21:02Z
COPX,61.7,2025-10-06T19:59:52Z
COPY,12.43,2025-10-06T19:59:59Z
COR,305.26,2025-10-06T19:59:41Z
CORN,17.64,2025-10-06T18:52:18Z
CORP,98.31,2025-10-06T19:30:18Z
CORT,89.9,2025-10-06T19:59:46Z
CORZ,17.89,2025-10-06T19:59:59Z
CORZW,11.55,2025-10-06T18:12:31Z
COSM,1.03,2025-10-06T19:59:06Z
COSO,21.925,2025-10-06T14:18:27Z
COST,910.905,2025-10-06T19:59:53Z
COTY,4.045,2025-10-06T19:59:55Z
COUR,10.28,2025-10-06T19:59:55Z
COWG,36.77,2025-10-06T19:59:53Z
COWS,32.47,2025-10-06T15:41:49Z
COWZ,57.93,2025-10-06T19:59:26Z
COYA,6.26,2025-10-06T15:27:32Z
COYY,17.64,2025-10-06T19:59:20Z
CP,77.37,2025-10-06T19:59:57Z
CPA,120.995,2025-10-06T19:59:52Z
CPAI,39.405,2025-10-06T19:59:48Z
CPAY,288.7,2025-10-06T19:56:20Z
CPB,31.28,2025-10-06T19:59:59Z
CPBI,16.25,2025-10-06T15:52:59Z
CPER,31.12,2025-10-06T19:58:25Z
CPF,30.59,2025-10-06T19:56:42Z
CPHI,1.9,2025-10-06T14:17:00Z
CPIX,3.13,2025-10-06T17:11:35Z
CPK,136.79,2025-10-06T19:59:20Z
CPLS,35.83,2025-10-06T15:38:20Z
CPNG,32.435,2025-10-06T19:59:59Z
CPNQ,26.15,2025-10-06T15:34:35Z
CPNS,26.98,2025-10-06T17:59:09Z
CPRI,21.19,2025-10-06T19:59:49Z
CPRO,26.82,2025-10-06T19:15:39Z
CPRT,44.45,2025-10-06T19:59:58Z
CPRX,20.74,2025-10-06T19:59:52Z
CPRY,26.21,2025-10-06T18:35:49Z
CPS,35.85,2025-10-06T19:44:34Z
CPSH,3.765,2025-10-06T19:59:59Z
CPSJ,26.67,2025-10-06T15:01:41Z
CPSL,26.89,2025-10-06T18:39:41Z
CPSM,28.28,2025-10-06T19:57:12Z
CPSN,26.6,2025-10-06T14:44:43Z
CPSO,26.86,2025-10-06T14:55:13Z
CPSS,7.61,2025-10-06T18:29:00Z
CPT,102.94,2025-10-06T19:59:52Z
CPXR,21.86,2025-10-06T16:09:11Z
CPZ,15.905,2025-10-06T18:03:28Z
CQP,52.98,2025-10-06T15:06:01Z
CQQQ,60.48,2025-10-06T19:59:52Z
CR,182.55,2025-10-06T19:59:49Z
CRAI,195.795,2025-10-06T16:43:37Z
CRAK,36.84,2025-10-06T16:24:56Z
CRAQR,0.25,2025-10-06T15:32:36Z
CRBD,24.91,2025-10-06T18:37:16Z
CRBG,32.19,2025-10-06T19:59:58Z
CRBP,14.5,2025-10-06T19:58:10Z
CRBU,2.345,2025-10-06T19:58:28Z
CRC,52.18,2025-10-06T19:59:57Z
CRCA,17.88,2025-10-06T19:59:18Z
CRCD,16.16,2025-10-06T19:50:23Z
CRCG,11.34,2025-10-06T19:56:52Z
CRCL,148.42,2025-10-06T19:59:55Z
CRCT,5.755,2025-10-06T19:59:54Z
CRD.A,10.3,2025-10-06T19:51:06Z
CRDF,2.19,2025-10-06T19:59:59Z
CRDL,1.08,2025-10-06T19:59:55Z
CRDO,147.41,2025-10-06T19:59:54Z
CRDU,19.8,2025-10-06T19:57:50Z
CRE,0.7816,2025-10-06T19:58:50Z
CREG,1.43,2025-10-06T19:50:15Z
CRESY,9.28,2025-10-06T19:52:41Z
CREV,4.33,2025-10-06T15:32:34Z
CREX,2.51,2025-10-06T19:04:54Z
CRF,8.125,2025-10-06T19:53:34Z
CRGO,3.59,2025-10-06T19:59:36Z
CRGY,9.17,2025-10-06T19:59:56Z
CRH,118.16,2025-10-06T19:59:58Z
CRI,29.855,2025-10-06T19:59:55Z
CRIS,1.63,2025-10-06T19:40:41Z
CRK,21.28,2025-10-06T19:59:59Z
CRL,175,2025-10-06T19:59:56Z
CRM,245.72,2025-10-06T19:59:53Z
CRMD,11.55,2025-10-06T19:59:50Z
CRMG,12.48,2025-10-06T19:48:46Z
CRML,11.58,2025-10-06T19:59:59Z
CRMLW,4.71,2025-10-06T19:57:48Z
CRMT,28.26,2025-10-06T19:56:09Z
CRNC,12.58,2025-10-06T19:59:55Z
CRNT,2.49,2025-10-06T19:59:53Z
CRNX,41.645,2025-10-06T19:59:48Z
CRON,2.555,2025-10-06T19:59:52Z
CROX,80.585,2025-10-06T19:59:36Z
CRPT,24.56,2025-10-06T19:59:08Z
CRS,251.98,2025-10-06T19:59:46Z
CRSH,2.91,2025-10-06T19:54:20Z
CRSP,70.16,2025-10-06T19:59:52Z
CRSR,7.96,2025-10-06T19:59:58Z
CRTO,21.44,2025-10-06T19:59:49Z
CRUS,128.035,2025-10-06T19:59:50Z
CRVL,74.44,2025-10-06T19:59:29Z
CRVO,8.645,2025-10-06T19:42:03Z
CRVS,6.97,2025-10-06T19:59:48Z
CRWD,495.935,2025-10-06T19:59:46Z
CRWG,12.86,2025-10-06T19:59:50Z
CRWL,37.06,2025-10-06T19:57:33Z
CRWS,2.95,2025-10-06T19:22:41Z
CRWU,23.93,2025-10-06T19:56:27Z
CRWV,133.825,2025-10-06T19:59:56Z
CSAI,1.59,2025-10-06T19:59:59Z
CSAN,4.49,2025-10-06T19:59:59Z
CSCO,68.91,2025-10-06T19:59:59Z
CSGP,81.055,2025-10-06T19:59:52Z
CSGS,63.81,2025-10-06T19:59:59Z
CSHI,49.75,2025-10-06T19:39:20Z
CSIQ,15.09,2025-10-06T19:59:54Z
CSL,328.23,2025-10-06T19:59:31Z
CSMD,33.69,2025-10-06T17:06:46Z
CSQ,19.36,2025-10-06T19:54:28Z
CSR,58.23,2025-10-06T19:04:58Z
CSRE,25.9,2025-10-06T19:50:22Z
CSTE,1.59,2025-10-06T19:57:26Z
CSTL,23.32,2025-10-06T19:59:40Z
CSTM,15.155,2025-10-06T19:59:58Z
CSV,47.15,2025-10-06T19:02:40Z
CSW,249.43,2025-10-06T19:44:46Z
CSWC,21.66,2025-10-06T19:59:41Z
CSX,36.25,2025-10-06T19:59:59Z
CTA,28.125,2025-10-06T19:58:24Z
CTAS,199.04,2025-10-06T19:59:58Z
CTBB,19.9,2025-10-06T19:47:50Z
CTBI,56.475,2025-10-06T19:59:41Z
CTDD,20.2,2025-10-06T19:40:44Z
CTEC,55.34,2025-10-06T18:42:41Z
CTEV,51.04,2025-10-06T19:59:28Z
CTGO,24.915,2025-10-06T19:54:00Z
CTKB,4.03,2025-10-06T19:59:58Z
CTLP,10.605,2025-10-06T19:59:52Z
CTM,1.105,2025-10-06T19:59:43Z
CTMX,3.27,2025-10-06T19:59:59Z
CTNM,11,2025-10-06T19:57:36Z
CTNT,1.89,2025-10-06T19:37:38Z
CTO,15.57,2025-10-06T19:59:50Z
CTOR,1.87,2025-10-06T19:58:16Z
CTOS,6.44,2025-10-06T19:59:46Z
CTRA,23.83,2025-10-06T19:59:58Z
CTRE,35.09,2025-10-06T19:59:52Z
CTRI,20.015,2025-10-06T19:59:47Z
CTRN,31.635,2025-10-06T19:59:48Z
CTS,40.14,2025-10-06T19:58:12Z
CTSH,67.8,2025-10-06T19:59:59Z
CTVA,64.29,2025-10-06T19:59:50Z
CTW,2.45,2025-10-06T19:38:44Z
CTXR,1.34,2025-10-06T19:58:39Z
CUBB,21.495,2025-10-06T14:38:51Z
CUBE,39.91,2025-10-06T19:59:49Z
CUBI,66.075,2025-10-06T19:55:41Z
CUE,0.72,2025-10-06T17:17:54Z
CUK,26.67,2025-10-06T19:59:52Z
CUPR,1.095,2025-10-06T19:58:53Z
CURB,23.21,2025-10-06T19:59:55Z
CURE,93.29,2025-10-06T15:22:33Z
CURI,5.18,2025-10-06T19:59:52Z
CURR,1.65,2025-10-06T19:55:05Z
CURV,1.725,2025-10-06T19:59:38Z
CURX,0.775,2025-10-06T19:58:16Z
CUZ,28.455,2025-10-06T19:59:29Z
CV,4.575,2025-10-06T19:26:40Z
CVAC,5.415,2025-10-06T19:59:41Z
CVBF,19.08,2025-10-06T19:59:50Z
CVCO,496,2025-10-06T19:59:24Z
CVE,17.45,2025-10-06T19:59:49Z
CVEO,21.93,2025-10-06T19:34:59Z
CVGI,1.755,2025-10-06T19:43:14Z
CVGW,25.115,2025-10-06T19:59:58Z
CVI,36.695,2025-10-06T19:59:49Z
CVIE,69.97,2025-10-06T19:59:03Z
CVLG,21.81,2025-10-06T19:55:35Z
CVLT,178.18,2025-10-06T19:59:34Z
CVM,10.195,2025-10-06T19:31:44Z
CVMC,64.02,2025-10-06T19:35:10Z
CVNA,369.75,2025-10-06T19:59:49Z
CVNX,23.09,2025-10-06T14:26:50Z
CVNY,40.02,2025-10-06T18:20:56Z
CVRX,8.73,2025-10-06T19:59:50Z
CVS,76.835,2025-10-06T19:59:54Z
CVSB,50.775,2025-10-06T15:12:49Z
CVU,2.58,2025-10-06T18:08:02Z
CVV,3.41,2025-10-06T19:46:50Z
CVX,154.03,2025-10-06T19:59:53Z
CW,553.62,2025-10-06T19:59:02Z
CWAN,17.54,2025-10-06T19:59:57Z
CWB,92.69,2025-10-06T19:58:59Z
CWBC,20.885,2025-10-06T19:59:15Z
CWCO,33.49,2025-10-06T19:59:43Z
CWD,4.545,2025-10-06T19:46:25Z
CWEB,60.07,2025-10-06T19:52:10Z
CWEN,32.35,2025-10-06T19:59:54Z
CWEN.A,30.47,2025-10-06T19:58:55Z
CWH,15.68,2025-10-06T19:59:57Z
CWI,35.7,2025-10-06T19:25:30Z
CWK,15.57,2025-10-06T19:59:57Z
CWST,92.9,2025-10-06T19:59:38Z
CWT,45.53,2025-10-06T19:59:57Z
CWVX,19.51,2025-10-06T19:59:51Z
CX,8.98,2025-10-06T19:59:58Z
CXAI,0.8226,2025-10-06T19:26:59Z
CXDO,6.37,2025-10-06T19:59:50Z
CXE,3.69,2025-10-06T18:34:02Z
CXH,7.875,2025-10-06T19:05:20Z
CXM,7.75,2025-10-06T19:59:58Z
CXT,67.59,2025-10-06T19:59:51Z
CXW,19.08,2025-10-06T19:59:44Z
CYBN,6.48,2025-10-06T19:59:51Z
CYBR,503.145,2025-10-06T19:57:47Z
CYCN,2.41,2025-10-06T19:26:24Z
CYCU,0.3033,2025-10-06T19:59:50Z
CYD,39.975,2025-10-06T19:59:08Z
CYH,3.095,2025-10-06T19:59:47Z
CYN,6.325,2025-10-06T19:59:05Z
CYRX,9.98,2025-10-06T19:59:59Z
CYTK,60.61,2025-10-06T19:59:49Z
CZR,26.36,2025-10-06T19:59:57Z
CZWI,16.02,2025-10-06T19:59:17Z
D,61.495,2025-10-06T19:59:57Z
DABS,50.92,2025-10-06T17:14:17Z
DAC,88.33,2025-10-06T19:33:17Z
DAIC,3.1,2025-10-06T16:36:18Z
DAIO,3.4,2025-10-06T15:59:46Z
DAKT,19.465,2025-10-06T19:59:31Z
DAL,58.27,2025-10-06T19:59:53Z
DALI,28.42,2025-10-06T19:59:46Z
DAN,19.53,2025-10-06T19:59:56Z
DAO,10.29,2025-10-06T19:49:12Z
DAPP,24.9,2025-10-06T19:59:59Z
DAR,31.15,2025-10-06T19:59:56Z
DARE,2.24,2025-10-06T19:53:52Z
DASH,281.69,2025-10-06T19:59:55Z
DAUG,43.74,2025-10-06T19:59:50Z
DAVA,9.3,2025-10-06T19:59:49Z
DAVE,200.355,2025-10-06T19:59:18Z
DAWN,7.28,2025-10-06T19:59:54Z
DAX,45.5,2025-10-06T15:02:26Z
DAY,69.02,2025-10-06T19:59:58Z
DB,34.94,2025-10-06T19:59:49Z
DBA,26.76,2025-10-06T19:59:59Z
DBAW,40.315,2025-10-06T19:58:30Z
DBB,20.98,2025-10-06T19:54:10Z
DBC,22.64,2025-10-06T19:59:48Z
DBD,58.3,2025-10-06T19:58:35Z
DBEF,47.575,2025-10-06T19:59:28Z
DBEM,31.46,2025-10-06T19:50:55Z
DBEZ,54.015,2025-10-06T19:51:06Z
DBGI,8.47,2025-10-06T19:42:40Z
DBI,3.49,2025-10-06T19:59:57Z
DBJP,89.36,2025-10-06T14:12:32Z
DBL,15.45,2025-10-06T19:57:46Z
DBMF,28.115,2025-10-06T19:55:20Z
DBND,46.42,2025-10-06T17:45:40Z
DBO,13.29,2025-10-06T19:59:40Z
DBRG,11.895,2025-10-06T19:59:47Z
DBRG-H,22.85,2025-10-06T15:36:54Z
DBRG-I,22.55,2025-10-06T19:44:52Z
DBVT,13.205,2025-10-06T19:59:36Z
DBX,29.335,2025-10-06T19:59:57Z
DC,4.61,2025-10-06T19:59:28Z
DC+,2.41,2025-10-06T14:22:49Z
DCBO,27.67,2025-10-06T19:57:53Z
DCGO,1.23,2025-10-06T19:59:58Z
DCI,82.96,2025-10-06T19:59:45Z
DCO,96.76,2025-10-06T19:56:50Z
DCOM,30.635,2025-10-06T19:59:39Z
DCOR,72.41,2025-10-06T19:59:45Z
DCRE,51.92,2025-10-06T18:08:56Z
DCTH,10.81,2025-10-06T19:59:49Z
DD,80.85,2025-10-06T19:59:57Z
DDC,9.03,2025-10-06T19:55:53Z
DDD,3.17,2025-10-06T19:59:57Z
DDFL,20.25,2025-10-06T19:14:48Z
DDFO,21.29,2025-10-06T18:51:52Z
DDFS,20.89,2025-10-06T18:43:52Z
DDI,9.21,2025-10-06T19:58:30Z
DDL,2.035,2025-10-06T19:59:35Z
DDM,108.65,2025-10-06T19:58:00Z
DDOG,157.355,2025-10-06T19:59:56Z
DDS,613.28,2025-10-06T19:52:56Z
DDTO,21.31,2025-10-06T18:28:47Z
DDWM,42.225,2025-10-06T19:59:52Z
DE,457,2025-10-06T19:59:35Z
DEA,22.225,2025-10-06T19:59:50Z
DEC,13.39,2025-10-06T19:59:50Z
DECK,102.08,2025-10-06T19:59:54Z
DECW,33.1,2025-10-06T14:19:01Z
DECZ,40.95,2025-10-06T14:18:59Z
DEFR,26.24,2025-10-06T19:51:35Z
DEFT,2.2,2025-10-06T19:59:54Z
DEHP,31.26,2025-10-06T17:20:16Z
DEI,15.27,2025-10-06T19:59:55Z
DELL,145.78,2025-10-06T19:59:53Z
DEM,45.835,2025-10-06T19:53:59Z
DENN,4.91,2025-10-06T19:59:51Z
DEO,94.34,2025-10-06T19:59:46Z
DERM,7.28,2025-10-06T19:59:59Z
DES,33.69,2025-10-06T19:11:58Z
DEVS,2.17,2025-10-06T18:54:10Z
DFAC,38.86,2025-10-06T19:59:43Z
DFAE,32.105,2025-10-06T19:58:38Z
DFAI,36.95,2025-10-06T19:59:55Z
DFAR,23.64,2025-10-06T19:59:32Z
DFAS,69.075,2025-10-06T19:59:45Z
DFAT,58.82,2025-10-06T18:59:42Z
DFAU,46.17,2025-10-06T19:52:45Z
DFAW,72.55,2025-10-06T18:46:45Z
DFAX,31.8,2025-10-06T19:57:30Z
DFCA,49.88,2025-10-06T19:59:22Z
DFCF,42.8,2025-10-06T19:59:56Z
DFDV,16.03,2025-10-06T19:59:30Z
DFEB,46.65,2025-10-06T19:59:45Z
DFEM,32.595,2025-10-06T19:59:24Z
DFEN,71.49,2025-10-06T18:09:30Z
DFEV,32.21,2025-10-06T19:59:10Z
DFGP,55.585,2025-10-06T19:31:10Z
DFGR,27.22,2025-10-06T19:59:59Z
DFGX,53.95,2025-10-06T19:39:45Z
DFH,25.68,2025-10-06T19:55:17Z
DFIC,33.2,2025-10-06T19:59:45Z
DFII,25.65,2025-10-06T19:44:19Z
DFIN,54.4,2025-10-06T19:57:35Z
DFIP,42.155,2025-10-06T19:48:06Z
DFIS,31.98,2025-10-06T19:59:01Z
DFIV,46.555,2025-10-06T19:59:47Z
DFJ,94.34,2025-10-06T19:58:18Z
DFLI,1.41,2025-10-06T19:59:53Z
DFLIW,0.14,2025-10-06T13:34:47Z
DFLV,33.13,2025-10-06T19:59:45Z
DFNM,48.025,2025-10-06T19:10:27Z
DFP,21.87,2025-10-06T19:22:57Z
DFSC,4.11,2025-10-06T19:24:57Z
DFSD,48.255,2025-10-06T19:55:19Z
DFSE,41.56,2025-10-06T13:45:51Z
DFSI,41.685,2025-10-06T19:50:10Z
DFSU,42.715,2025-10-06T19:45:46Z
DFSV,32.335,2025-10-06T19:58:50Z
DFUS,73.09,2025-10-06T19:59:38Z
DFUV,45.07,2025-10-06T19:59:19Z
DG,98.12,2025-10-06T19:59:46Z
DGCB,55.46,2025-10-06T19:46:52Z
DGICA,19.475,2025-10-06T19:59:59Z
DGII,36.75,2025-10-06T19:54:30Z
DGLY,2.14,2025-10-06T15:29:29Z
DGNX,19.58,2025-10-06T19:59:54Z
DGP,137.28,2025-10-06T13:53:58Z
DGRE,29.42,2025-10-06T19:42:23Z
DGRO,68.555,2025-10-06T19:59:48Z
DGRS,50.4,2025-10-06T16:10:53Z
DGRW,89.41,2025-10-06T19:59:55Z
DGS,57.095,2025-10-06T19:56:09Z
DGX,178.44,2025-10-06T19:59:56Z
DGXX,2.905,2025-10-06T19:59:52Z
DGZ,5.86,2025-10-06T15:43:15Z
DH,3.4,2025-10-06T19:59:55Z
DHAI,0.1987,2025-10-06T19:59:55Z
DHC,4.32,2025-10-06T19:59:48Z
DHCNI,17.1,2025-10-06T16:37:40Z
DHF,2.57,2025-10-06T19:43:33Z
DHI,171.5,2025-10-06T19:59:51Z
DHLX,13.11,2025-10-06T19:29:20Z
DHR,211.73,2025-10-06T19:59:51Z
DHT,11.61,2025-10-06T19:59:53Z
DHX,2.55,2025-10-06T18:33:28Z
DHY,2.05,2025-10-06T19:32:07Z
DIA,466.785,2025-10-06T19:59:58Z
DIAL,18.425,2025-10-06T19:48:35Z
DIAX,14.73,2025-10-06T15:59:54Z
DIBS,2.64,2025-10-06T19:36:24Z
DIEM,32.555,2025-10-06T18:12:06Z
DIHP,31.065,2025-10-06T19:46:43Z
DIN,27.9,2025-10-06T19:59:42Z
DINO,52.165,2025-10-06T19:59:47Z
DINT,28.62,2025-10-06T19:23:47Z
DIOD,53,2025-10-06T19:59:55Z
DIPS,5.935,2025-10-06T19:59:46Z
DIS,112.77,2025-10-06T19:59:47Z
DISV,36,2025-10-06T19:59:59Z
DIV,17.425,2025-10-06T19:59:17Z
DIVB,52.32,2025-10-06T18:25:19Z
DIVD,37.23,2025-10-06T13:48:32Z
DIVI,38.005,2025-10-06T19:58:16Z
DIVL,23.18,2025-10-06T18:44:11Z
DIVN,26.23,2025-10-06T17:18:13Z
DIVO,44.46,2025-10-06T19:59:59Z
DIVP,25.19,2025-10-06T19:58:12Z
DIVS,31.42,2025-10-06T17:13:12Z
DJAN,42.27,2025-10-06T19:32:48Z
DJCO,407.935,2025-10-06T19:50:02Z
DJD,55.45,2025-10-06T14:40:21Z
DJIA,22.05,2025-10-06T19:56:39Z
DJT,17.62,2025-10-06T19:59:59Z
DJTU,8.99,2025-10-06T19:59:57Z
DJTWW,8.02,2025-10-06T13:42:11Z
DK,32.03,2025-10-06T19:59:52Z
DKI,1.015,2025-10-06T19:57:48Z
DKL,45.04,2025-10-06T15:06:05Z
DKNG,34.98,2025-10-06T19:59:57Z
DKNX,10.91,2025-10-06T19:50:08Z
DKS,229.94,2025-10-06T19:59:49Z
DKUP,13.8,2025-10-06T19:25:53Z
DLAG,30.77,2025-10-06T19:13:06Z
DLB,72.66,2025-10-06T19:59:54Z
DLLL,32.95,2025-10-06T19:28:44Z
DLN,87.08,2025-10-06T19:59:28Z
DLNG,3.51,2025-10-06T19:35:01Z
DLNG-A,26.4,2025-10-06T15:08:15Z
DLO,14.155,2025-10-06T19:59:55Z
DLPN,1.46,2025-10-06T17:04:36Z
DLR,176.925,2025-10-06T19:59:49Z
DLS,79.83,2025-10-06T16:55:27Z
DLTH,3.95,2025-10-06T17:59:06Z
DLTR,87.66,2025-10-06T19:59:53Z
DLX,19.38,2025-10-06T19:59:59Z
DLXY,0.7948,2025-10-06T19:18:50Z
DLY,15.12,2025-10-06T19:59:39Z
DMA,8.72,2025-10-06T14:21:40Z
DMAC,6.935,2025-10-06T19:59:13Z
DMAT,25.62,2025-10-06T19:52:13Z
DMAX,26.49,2025-10-06T18:13:19Z
DMAY,44.435,2025-10-06T17:53:58Z
DMB,10.57,2025-10-06T19:03:19Z
DMBS,49.62,2025-10-06T19:56:56Z
DMIIU,9.96,2025-10-06T15:28:09Z
DMLP,25.55,2025-10-06T19:40:13Z
DMO,11.8,2025-10-06T19:13:54Z
DMRC,9.82,2025-10-06T19:59:53Z
DMX,50.64,2025-10-06T16:36:52Z
DNA,14.845,2025-10-06T19:59:44Z
DNL,41.505,2025-10-06T19:55:07Z
DNLI,15.225,2025-10-06T19:59:59Z
DNN,2.8,2025-10-06T19:59:52Z
DNOW,15.92,2025-10-06T19:59:50Z
DNP,10,2025-10-06T19:59:02Z
DNTH,34.475,2025-10-06T19:59:52Z
DNUT,3.66,2025-10-06T19:59:48Z
DOC,19.25,2025-10-06T19:59:58Z
DOCN,38.395,2025-10-06T19:59:49Z
DOCS,72.795,2025-10-06T19:59:49Z
DOCU,72.185,2025-10-06T19:59:52Z
DOG,24.18,2025-10-06T19:53:45Z
DOJE,25.11,2025-10-06T19:31:00Z
DOLE,13.23,2025-10-06T19:59:50Z
DOMH,7.41,2025-10-06T19:59:47Z
DOMO,15.18,2025-10-06T19:59:50Z
DON,52.45,2025-10-06T19:59:00Z
DOOO,66.87,2025-10-06T19:56:13Z
DORM,147.53,2025-10-06T19:59:48Z
DOUG,2.985,2025-10-06T19:59:50Z
DOV,166.505,2025-10-06T19:59:47Z
DOW,23.42,2025-10-06T19:59:57Z
DOX,82.44,2025-10-06T19:59:46Z
DOYU,7.43,2025-10-06T19:39:51Z
DPG,13.09,2025-10-06T19:24:58Z
DPRO,9.33,2025-10-06T19:59:55Z
DPST,103.69,2025-10-06T19:59:22Z
DPZ,422.6,2025-10-06T19:59:41Z
DQ,28.19,2025-10-06T19:59:59Z
DRAI,29.77,2025-10-06T15:27:15Z
DRCT,0.3148,2025-10-06T19:59:40Z
DRD,29.77,2025-10-06T19:59:38Z
DRGN,38.32,2025-10-06T19:18:39Z
DRH,7.865,2025-10-06T19:59:38Z
DRI,193.36,2025-10-06T19:59:50Z
DRIO,16.07,2025-10-06T15:55:06Z
DRIP,8.31,2025-10-06T19:59:41Z
DRIV,29.61,2025-10-06T13:30:02Z
DRMA,5.4,2025-10-06T19:54:50Z
DRN,9.45,2025-10-06T19:58:46Z
DRS,45.27,2025-10-06T19:54:22Z
DRSK,29.58,2025-10-06T19:59:59Z
DRTS,4.14,2025-10-06T17:58:11Z
DRV,24.505,2025-10-06T19:53:48Z
DRVN,15.33,2025-10-06T19:59:53Z
DSEP,44.33,2025-10-06T19:53:42Z
DSGN,6.35,2025-10-06T19:59:47Z
DSGR,28.85,2025-10-06T19:59:05Z
DSGX,94.67,2025-10-06T19:59:12Z
DSI,127.435,2025-10-06T19:59:48Z
DSL,12.19,2025-10-06T19:58:49Z
DSM,5.94,2025-10-06T17:27:34Z
DSP,8.6,2025-10-06T19:59:55Z
DSS,1.42,2025-10-06T17:40:21Z
DSTL,58.295,2025-10-06T19:59:46Z
DSU,10.475,2025-10-06T19:59:55Z
DSWL,3.95,2025-10-06T18:37:51Z
DSX,1.77,2025-10-06T19:53:54Z
DSY,1.03,2025-10-06T19:54:36Z
DT,49.125,2025-10-06T19:59:49Z
DTB,18.36,2025-10-06T14:17:54Z
DTCK,0.8,2025-10-06T18:54:50Z
DTCR,21.34,2025-10-06T19:59:50Z
DTE,141.74,2025-10-06T19:59:50Z
DTEC,52.215,2025-10-06T17:32:06Z
DTF,11.47,2025-10-06T18:55:02Z
DTG,18.37,2025-10-06T16:37:01Z
DTH,49.23,2025-10-06T19:07:40Z
DTI,2.255,2025-10-06T18:17:47Z
DTIL,5.66,2025-10-06T19:59:47Z
DTK,25.19,2025-10-06T19:53:10Z
DTM,114.43,2025-10-06T19:58:57Z
DTST,4.21,2025-10-06T19:32:13Z
DUG,33.31,2025-10-06T19:59:51Z
DUHP,38.03,2025-10-06T19:59:51Z
DUK,124.39,2025-10-06T19:59:51Z
DUK-A,25.28,2025-10-06T19:59:27Z
DULL,2.32,2025-10-06T19:48:03Z
DUO,3.37,2025-10-06T19:22:59Z
DUOL,320.3,2025-10-06T19:59:50Z
DUOT,7.91,2025-10-06T19:59:42Z
DURA,33.6,2025-10-06T18:42:26Z
DUSA,48.32,2025-10-06T15:29:10Z
DUSB,50.79,2025-10-06T19:59:58Z
DUST,10.36,2025-10-06T19:59:52Z
DV,11.295,2025-10-06T19:59:52Z
DVA,128.2,2025-10-06T19:59:47Z
DVAX,10.145,2025-10-06T19:59:50Z
DVLT,2.085,2025-10-06T19:59:53Z
DVN,34.91,2025-10-06T19:59:55Z
DVS,4.75,2025-10-06T19:59:45Z
DVY,142.91,2025-10-06T19:59:16Z
DVYE,29.51,2025-10-06T17:51:23Z
DWMF,31.95,2025-10-06T14:30:06Z
DWSH,6.68,2025-10-06T18:08:27Z
DWSN,1.75,2025-10-06T17:08:29Z
DWTX,6.7,2025-10-06T19:59:44Z
DX,12.63,2025-10-06T19:59:40Z
DXC,13.61,2025-10-06T19:59:53Z
DXCM,66.345,2025-10-06T19:59:50Z
DXD,21.735,2025-10-06T19:57:57Z
DXF,3.22,2025-10-06T14:13:38Z
DXJ,133.22,2025-10-06T19:58:25Z
DXPE,127.52,2025-10-06T19:54:50Z
DXYZ,28.95,2025-10-06T19:59:52Z
DY,288.46,2025-10-06T19:59:57Z
DYAI,1.15,2025-10-06T18:59:29Z
DYLD,22.74,2025-10-06T18:45:15Z
DYLG,27.18,2025-10-06T15:19:54Z
DYN,12.65,2025-10-06T19:59:52Z
DYNF,59.48,2025-10-06T19:58:05Z
E,35.38,2025-10-06T19:57:44Z
EA,200.52,2025-10-06T19:59:59Z
EAD,6.93,2025-10-06T19:54:28Z
EAF,15.2,2025-10-06T19:59:53Z
EAGG,47.875,2025-10-06T19:59:51Z
EAGL,32.015,2025-10-06T19:55:56Z
EALT,34.72,2025-10-06T14:02:21Z
EARN,5.245,2025-10-06T19:59:54Z
EAT,126.52,2025-10-06T19:59:44Z
EB,2.45,2025-10-06T19:59:56Z
EBAY,91.78,2025-10-06T19:59:53Z
EBC,18.69,2025-10-06T19:59:57Z
EBF,17.74,2025-10-06T19:56:49Z
EBIZ,35.395,2025-10-06T19:43:50Z
EBND,21.285,2025-10-06T19:39:18Z
EBR,9.86,2025-10-06T19:59:58Z
EBR.B,10.41,2025-10-06T18:54:52Z
EBS,9.14,2025-10-06T19:59:50Z
EBUF,28.24,2025-10-06T18:34:19Z
EC,9.145,2025-10-06T19:59:54Z
ECAT,16.61,2025-10-06T19:59:22Z
ECBK,15.69,2025-10-06T19:19:23Z
ECC,6.795,2025-10-06T19:59:34Z
ECDA,3.66,2025-10-06T19:59:01Z
ECF,11.805,2025-10-06T19:59:45Z
ECG,81.98,2025-10-06T19:59:23Z
ECH,32.06,2025-10-06T19:59:47Z
ECL,279.7,2025-10-06T19:59:54Z
ECNS,39.8,2025-10-06T19:59:38Z
ECOR,5.09,2025-10-06T17:53:53Z
ECOW,24.27,2025-10-06T14:50:01Z
ECPG,40.82,2025-10-06T19:55:21Z
ECVT,8.45,2025-10-06T19:59:54Z
ECX,2.26,2025-10-06T19:59:56Z
ED,99.33,2025-10-06T19:59:49Z
EDAP,2.285,2025-10-06T17:22:13Z
EDC,54.19,2025-10-06T18:34:50Z
EDD,5.28,2025-10-06T19:59:54Z
EDF,5.07,2025-10-06T18:44:05Z
EDGF,24.845,2025-10-06T19:47:55Z
EDHL,0.5292,2025-10-06T19:59:55Z
EDIT,3.81,2025-10-06T19:59:35Z
EDIV,38.735,2025-10-06T19:59:45Z
EDN,15.55,2025-10-06T19:28:34Z
EDOW,40.03,2025-10-06T16:52:32Z
EDSA,2.76,2025-10-06T19:54:45Z
EDU,52.685,2025-10-06T19:59:50Z
EDUC,1.36,2025-10-06T19:26:35Z
EDV,67.195,2025-10-06T19:59:58Z
EDZ,37.74,2025-10-06T19:50:20Z
EE,25.93,2025-10-06T19:59:48Z
EEFT,87.83,2025-10-06T19:59:55Z
EEIQ,0.4722,2025-10-06T16:41:24Z
EELV,26.69,2025-10-06T19:09:53Z
EEM,54.48,2025-10-06T19:59:57Z
EEMA,94.1,2025-10-06T19:58:17Z
EEMS,68.47,2025-10-06T18:01:00Z
EEMV,64,2025-10-06T19:50:27Z
EETH,73.34,2025-10-06T18:58:47Z
EEX,4.94,2025-10-06T16:49:22Z
EFA,95.3,2025-10-06T19:59:59Z
EFAA,53.41,2025-10-06T18:48:07Z
EFAD,42.96,2025-10-06T18:27:12Z
EFAS,18.66,2025-10-06T18:32:42Z
EFAV,85.22,2025-10-06T19:59:59Z
EFC,13.27,2025-10-06T19:59:53Z
EFG,117.34,2025-10-06T19:59:40Z
EFIV,64.265,2025-10-06T19:59:02Z
EFOI,2.86,2025-10-06T19:48:03Z
EFR,11.35,2025-10-06T19:59:50Z
EFSC,57.93,2025-10-06T19:59:20Z
EFSI,37.57,2025-10-06T15:21:28Z
EFT,11.7,2025-10-06T19:59:55Z
EFV,68.545,2025-10-06T19:59:52Z
EFX,237.23,2025-10-06T19:59:39Z
EFXT,11.44,2025-10-06T19:59:51Z
EG,361.71,2025-10-06T19:59:31Z
EGAN,10.47,2025-10-06T19:59:43Z
EGBN,21.53,2025-10-06T19:59:47Z
EGGY,40.56,2025-10-06T19:47:14Z
EGHA,10.07,2025-10-06T15:34:05Z
EGHT,2.03,2025-10-06T19:59:57Z
EGO,29.87,2025-10-06T19:59:49Z
EGP,171.75,2025-10-06T19:59:49Z
EGY,4.08,2025-10-06T19:59:50Z
EH,19.43,2025-10-06T19:59:49Z
EHAB,8.145,2025-10-06T19:59:49Z
EHC,123.6,2025-10-06T19:59:46Z
EHGO,0.5949,2025-10-06T19:59:21Z
EHI,6.51,2025-10-06T19:41:35Z
EHTH,5.255,2025-10-06T19:59:47Z
EIC,12.95,2025-10-06T19:50:57Z
EICC,25.05,2025-10-06T19:50:28Z
EIDO,17.41,2025-10-06T19:59:40Z
EIG,42.55,2025-10-06T19:55:35Z
EIM,9.92,2025-10-06T19:47:58Z
EIPI,19.875,2025-10-06T19:59:37Z
EIS,101.09,2025-10-06T18:58:00Z
EIX,54.805,2025-10-06T19:59:59Z
EJH,1.03,2025-10-06T17:57:41Z
EJUL,29.23,2025-10-06T18:14:48Z
EKG,17.88,2025-10-06T16:46:59Z
EKSO,5.43,2025-10-06T19:31:41Z
EL,88.67,2025-10-06T19:59:47Z
ELA,7.21,2025-10-06T19:57:01Z
ELAB,5.42,2025-10-06T19:44:09Z
ELAN,20.665,2025-10-06T19:59:58Z
ELBM,1.42,2025-10-06T19:59:46Z
ELCV,26.985,2025-10-06T19:59:46Z
ELD,28.8,2025-10-06T14:15:51Z
ELDN,2.855,2025-10-06T19:59:54Z
ELF,138.29,2025-10-06T19:59:47Z
ELM,27.64,2025-10-06T15:17:24Z
ELMD,24.8,2025-10-06T19:54:20Z
ELME,16.74,2025-10-06T19:59:51Z
ELOG,2.45,2025-10-06T15:50:01Z
ELP,9.51,2025-10-06T19:59:46Z
ELPW,0.5391,2025-10-06T19:55:36Z
ELS,61.78,2025-10-06T19:59:56Z
ELTX,11.02,2025-10-06T14:30:09Z
ELUT,0.889,2025-10-06T14:30:37Z
ELV,349.85,2025-10-06T19:59:44Z
ELVA,6.73,2025-10-06T19:59:43Z
ELVN,20.28,2025-10-06T19:59:29Z
ELVR,23.825,2025-10-06T19:54:42Z
ELWS,3.09,2025-10-06T19:49:29Z
EM,1.35,2025-10-06T19:59:28Z
EMA,48.075,2025-10-06T19:58:24Z
EMB,95.09,2025-10-06T19:59:58Z
EMBC,14.15,2025-10-06T19:59:51Z
EMBD,23.765,2025-10-06T19:57:16Z
EMCS,35.24,2025-10-06T13:34:58Z
EMD,10.27,2025-10-06T19:59:55Z
EME,670.26,2025-10-06T19:59:14Z
EMF,17.055,2025-10-06T19:59:34Z
EMGF,57.64,2025-10-06T15:50:00Z
EMHC,25.17,2025-10-06T18:06:22Z
EMHY,39.655,2025-10-06T19:47:36Z
EMISU,10.035,2025-10-06T18:22:10Z
EMLC,25.44,2025-10-06T19:59:47Z
EMLP,38.34,2025-10-06T19:54:19Z
EMMF,31.115,2025-10-06T19:55:14Z
EMN,63.71,2025-10-06T19:59:49Z
EMO,44.25,2025-10-06T19:55:20Z
EMO^,0.0036,2025-10-06T18:18:57Z
EMPD,7.93,2025-10-06T19:59:58Z
EMPG,16.72,2025-10-06T19:42:41Z
EMQQ,46.78,2025-10-06T18:39:27Z
EMR,134.775,2025-10-06T19:59:50Z
EMTL,43.69,2025-10-06T14:03:57Z
EMX,5.34,2025-10-06T19:59:59Z
EMXC,69.195,2025-10-06T19:59:31Z
EMXF,45.87,2025-10-06T19:58:24Z
ENB,49.76,2025-10-06T19:59:58Z
ENFR,32.13,2025-10-06T19:51:25Z
ENFY,0.82,2025-10-06T14:24:27Z
ENGN,7.65,2025-10-06T19:57:11Z
ENGS,7.32,2025-10-06T19:48:19Z
ENIC,3.79,2025-10-06T19:59:48Z
ENLT,32.09,2025-10-06T13:32:16Z
ENLV,1.14,2025-10-06T19:53:17Z
ENOR,29.21,2025-10-06T19:58:02Z
ENOV,31.26,2025-10-06T19:59:52Z
ENPH,37.145,2025-10-06T19:59:53Z
ENPX,23.18,2025-10-06T14:13:50Z
ENR,24.15,2025-10-06T19:59:55Z
ENS,116.02,2025-10-06T19:57:46Z
ENSC,2.36,2025-10-06T19:34:35Z
ENSG,177.19,2025-10-06T19:59:47Z
ENTA,11.38,2025-10-06T19:59:50Z
ENTG,100.34,2025-10-06T19:59:47Z
ENTO,4.22,2025-10-06T19:49:38Z
ENTX,1.85,2025-10-06T19:55:45Z
ENVA,110.5,2025-10-06T19:59:57Z
ENVB,0.6954,2025-10-06T19:37:23Z
ENVX,12.97,2025-10-06T19:59:56Z
ENX,9.915,2025-10-06T19:04:20Z
ENZL,47.11,2025-10-06T13:52:17Z
EOCT,31.29,2025-10-06T18:51:28Z
EOD,5.71,2025-10-06T19:59:02Z
EOG,110.475,2025-10-06T19:59:52Z
EOI,20.95,2025-10-06T18:06:48Z
EOLS,6.43,2025-10-06T19:59:54Z
EONR,0.5839,2025-10-06T19:56:53Z
EOS,23.97,2025-10-06T19:23:18Z
EOSE,13.87,2025-10-06T19:59:56Z
EOSEW,3.37,2025-10-06T18:18:45Z
EOT,16.63,2025-10-06T17:04:45Z
EP,4.26,2025-10-06T19:40:42Z
EPAC,40.545,2025-10-06T19:59:47Z
EPAM,152.665,2025-10-06T19:59:23Z
EPC,19.94,2025-10-06T19:59:51Z
EPD,31.52,2025-10-06T19:59:50Z
EPHE,25.13,2025-10-06T14:52:53Z
EPI,44.7,2025-10-06T19:59:50Z
EPIX,0.2045,2025-10-06T19:59:23Z
EPM,4.81,2025-10-06T19:59:42Z
EPOL,32.505,2025-10-06T19:58:56Z
EPOW,1.355,2025-10-06T18:40:30Z
EPP,52.345,2025-10-06T19:59:46Z
EPR,55.205,2025-10-06T19:59:55Z
EPR-E,31.71,2025-10-06T18:39:50Z
EPRF,18.33,2025-10-06T13:39:59Z
EPRT,29.22,2025-10-06T19:59:55Z
EPRX,5.92,2025-10-06T18:30:05Z
EPS,69.305,2025-10-06T19:59:46Z
EPSM,29.3,2025-10-06T19:58:00Z
EPSN,5.15,2025-10-06T19:59:50Z
EPU,63.09,2025-10-06T15:48:15Z
EPWK,0.3325,2025-10-06T19:55:48Z
EQ,1.51,2025-10-06T19:59:57Z
EQAL,52.68,2025-10-06T19:58:00Z
EQBK,40.77,2025-10-06T16:24:15Z
EQH,50.93,2025-10-06T19:59:59Z
EQH-C,17.36,2025-10-06T15:16:24Z
EQIX,789.755,2025-10-06T19:59:43Z
EQL,46.26,2025-10-06T18:39:40Z
EQNR,25.36,2025-10-06T19:59:53Z
EQR,62.22,2025-10-06T19:59:56Z
EQS,2.185,2025-10-06T19:57:04Z
EQT,57.185,2025-10-06T19:59:52Z
EQTY,26.225,2025-10-06T19:49:37Z
EQWL,115.55,2025-10-06T19:55:03Z
EQX,11.085,2025-10-06T19:59:53Z
ERAS,2.325,2025-10-06T19:59:58Z
ERC,9.59,2025-10-06T19:59:29Z
ERET,27.58,2025-10-06T13:54:58Z
ERH,12.76,2025-10-06T17:19:11Z
ERIC,8.42,2025-10-06T19:59:55Z
ERIE,315.6,2025-10-06T19:49:00Z
ERII,15.775,2025-10-06T19:59:33Z
ERJ,58.71,2025-10-06T19:59:42Z
ERNA,1.36,2025-10-06T19:58:20Z
ERO,21.65,2025-10-06T19:59:51Z
ERTH,48.47,2025-10-06T18:09:44Z
ERX,56.35,2025-10-06T19:56:01Z
ERY,20.25,2025-10-06T19:56:12Z
ES,72.7,2025-10-06T19:59:47Z
ESAB,118.65,2025-10-06T19:59:46Z
ESE,209.29,2025-10-06T19:59:37Z
ESEA,57.705,2025-10-06T17:41:27Z
ESGD,94.945,2025-10-06T19:58:57Z
ESGE,44.24,2025-10-06T19:58:31Z
ESGL,3.98,2025-10-06T19:59:50Z
ESGU,146.88,2025-10-06T19:59:50Z
ESGV,119.55,2025-10-06T19:36:29Z
ESI,27.155,2025-10-06T19:59:50Z
ESK,28.16,2025-10-06T15:22:45Z
ESLA,1.38,2025-10-06T19:48:50Z
ESLT,525.71,2025-10-06T18:55:18Z
ESML,45.93,2025-10-06T18:28:48Z
ESN,17.3,2025-10-06T19:14:42Z
ESNT,60.35,2025-10-06T19:59:43Z
ESOA,10.23,2025-10-06T19:59:50Z
ESP,38.3,2025-10-06T16:54:57Z
ESPO,121.08,2025-10-06T19:59:23Z
ESPR,3.115,2025-10-06T19:59:59Z
ESQ,104.625,2025-10-06T19:56:26Z
ESRT,7.79,2025-10-06T19:59:54Z
ESS,261.195,2025-10-06T19:59:01Z
ESTA,39.37,2025-10-06T19:59:30Z
ESTC,83.97,2025-10-06T19:59:55Z
ESUM,27.46,2025-10-06T19:55:57Z
ET,16.655,2025-10-06T19:59:57Z
ET-I,11.42,2025-10-06T18:10:37Z
ETB,14.98,2025-10-06T19:16:37Z
ETCO,32.23,2025-10-06T19:57:39Z
ETD,28.15,2025-10-06T19:59:54Z
ETG,21.69,2025-10-06T17:59:03Z
ETH,44.51,2025-10-06T19:59:57Z
ETHA,35.78,2025-10-06T19:59:59Z
ETHD,2.81,2025-10-06T19:59:59Z
ETHE,38.89,2025-10-06T19:59:55Z
ETHM,10.71,2025-10-06T19:49:07Z
ETHT,115.39,2025-10-06T19:59:50Z
ETHU,167.05,2025-10-06T19:59:59Z
ETHV,69.25,2025-10-06T19:59:51Z
ETHW,33.88,2025-10-06T19:59:55Z
ETHZ,2.54,2025-10-06T19:59:55Z
ETHZW,0.0662,2025-10-06T18:22:09Z
ETJ,8.9,2025-10-06T19:03:14Z
ETN,380.11,2025-10-06T19:59:59Z
ETNB,14.86,2025-10-06T19:59:59Z
ETO,28.065,2025-10-06T16:42:25Z
ETON,20.74,2025-10-06T19:59:44Z
ETOR,41.2,2025-10-06T19:59:58Z
ETQ,1.28,2025-10-06T19:26:56Z
ETR,97.475,2025-10-06T19:59:46Z
ETS,0.861,2025-10-06T19:49:05Z
ETSY,69.96,2025-10-06T19:59:56Z
ETU,43.55,2025-10-06T19:55:48Z
ETV,14.285,2025-10-06T19:55:52Z
ETW,9.155,2025-10-06T19:52:43Z
ETY,15.68,2025-10-06T19:27:29Z
EU,3.375,2025-10-06T19:59:52Z
EUAD,46.4,2025-10-06T19:59:57Z
EUDA,2.38,2025-10-06T17:23:53Z
EUFN,34.295,2025-10-06T19:59:53Z
EUO,28.205,2025-10-06T19:11:14Z
EURL,37.9,2025-10-06T14:02:10Z
EUSB,43.83,2025-10-06T17:06:49Z
EVAC=,10.03,2025-10-06T18:13:40Z
EVAX,6.97,2025-10-06T19:59:59Z
EVC,2.24,2025-10-06T19:58:41Z
EVCM,11.39,2025-10-06T19:59:38Z
EVER,22.31,2025-10-06T19:59:23Z
EVEX,5.06,2025-10-06T19:59:50Z
EVF,5.495,2025-10-06T14:49:49Z
EVG,11.13,2025-10-06T15:14:54Z
EVGN,1.175,2025-10-06T14:27:35Z
EVGO,4.885,2025-10-06T19:59:50Z
EVH,8.24,2025-10-06T19:59:56Z
EVI,30.8,2025-10-06T16:32:58Z
EVIM,52.55,2025-10-06T19:24:03Z
EVLN,49.625,2025-10-06T19:58:39Z
EVLV,7.49,2025-10-06T19:59:55Z
EVM,9.54,2025-10-06T19:43:53Z
EVMT,16.65,2025-10-06T18:24:54Z
EVN,10.79,2025-10-06T18:17:39Z
EVO,3.98,2025-10-06T19:59:51Z
EVOK,4.59,2025-10-06T16:30:42Z
EVR,325.41,2025-10-06T19:59:57Z
EVRG,77.48,2025-10-06T19:59:54Z
EVSB,50.945,2025-10-06T17:25:45Z
EVSD,51.455,2025-10-06T19:50:00Z
EVSM,50.395,2025-10-06T19:59:46Z
EVT,24.61,2025-10-06T19:50:50Z
EVTC,32.1,2025-10-06T19:59:53Z
EVTL,6.3,2025-10-06T19:59:50Z
EVTR,51.52,2025-10-06T19:59:51Z
EVTV,1.45,2025-10-06T17:44:41Z
EVUS,31.58,2025-10-06T19:59:50Z
EVV,10.11,2025-10-06T19:32:37Z
EVX,39.1,2025-10-06T17:57:30Z
EW,76.57,2025-10-06T19:59:56Z
EWA,27.365,2025-10-06T19:59:51Z
EWBC,107.445,2025-10-06T19:59:25Z
EWC,51.28,2025-10-06T19:59:54Z
EWCZ,3.71,2025-10-06T19:59:56Z
EWD,48.28,2025-10-06T19:59:26Z
EWG,42.425,2025-10-06T19:59:45Z
EWH,21.555,2025-10-06T19:59:45Z
EWI,52.265,2025-10-06T19:59:54Z
EWJ,83.26,2025-10-06T19:59:59Z
EWJV,39.635,2025-10-06T19:46:55Z
EWK,23.605,2025-10-06T19:59:54Z
EWL,56.765,2025-10-06T19:58:13Z
EWM,26.095,2025-10-06T19:59:59Z
EWN,59.7,2025-10-06T19:59:46Z
EWO,31.58,2025-10-06T17:08:53Z
EWP,49.26,2025-10-06T19:59:40Z
EWQ,44.2,2025-10-06T19:59:53Z
EWS,29.245,2025-10-06T19:59:30Z
EWT,65.035,2025-10-06T19:59:57Z
EWTX,15.33,2025-10-06T19:59:50Z
EWU,42.56,2025-10-06T19:59:56Z
EWV,25.65,2025-10-06T14:52:10Z
EWW,65.4,2025-10-06T19:59:52Z
EWX,67.54,2025-10-06T19:02:14Z
EWY,84.74,2025-10-06T19:59:57Z
EWZ,30.31,2025-10-06T19:59:57Z
EWZS,13.59,2025-10-06T19:56:30Z
EXAS,57.65,2025-10-06T19:59:51Z
EXC,45.685,2025-10-06T19:59:59Z
EXE,107.73,2025-10-06T19:59:59Z
EXEL,40.02,2025-10-06T19:59:55Z
EXFY,1.79,2025-10-06T19:59:56Z
EXG,9.225,2025-10-06T19:50:05Z
EXI,175.23,2025-10-06T19:52:55Z
EXK,7.825,2025-10-06T19:59:42Z
EXLS,42.52,2025-10-06T19:59:54Z
EXOD,31.825,2025-10-06T19:51:43Z
EXP,236.45,2025-10-06T19:59:49Z
EXPD,123.8,2025-10-06T19:59:44Z
EXPE,223.78,2025-10-06T19:59:51Z
EXPI,10.8,2025-10-06T19:59:58Z
EXPO,67.19,2025-10-06T19:55:07Z
EXR,141.58,2025-10-06T19:59:55Z
EXTR,20.155,2025-10-06T19:59:53Z
EYE,28.12,2025-10-06T19:59:55Z
EYPT,13.61,2025-10-06T19:59:59Z
EZA,65.425,2025-10-06T19:55:42Z
EZBC,72.68,2025-10-06T19:59:46Z
EZET,35.86,2025-10-06T19:58:12Z
EZGO,0.2096,2025-10-06T19:55:38Z
EZJ,52.39,2025-10-06T13:49:15Z
EZM,66.27,2025-10-06T19:59:46Z
EZPW,18.59,2025-10-06T19:59:50Z
EZPZ,33.45,2025-10-06T15:09:18Z
EZU,62.75,2025-10-06T19:59:59Z
F,12.72,2025-10-06T19:59:58Z
F-D,24.04,2025-10-06T19:50:29Z
FA,15.72,2025-10-06T19:59:23Z
FAF,61.68,2025-10-06T19:59:58Z
FAI,40.81,2025-10-06T13:57:12Z
FALN,27.665,2025-10-06T19:59:46Z
FAN,19.99,2025-10-06T19:58:30Z
FANG,149.025,2025-10-06T19:59:47Z
FAPR,43.58,2025-10-06T19:59:46Z
FARM,1.8,2025-10-06T19:59:51Z
FAS,175.83,2025-10-06T19:42:10Z
FAST,47.78,2025-10-06T19:59:59Z
FAT,2,2025-10-06T14:32:31Z
FATE,1.425,2025-10-06T19:59:45Z
FATN,6.75,2025-10-06T19:52:02Z
FAX,15.79,2025-10-06T19:59:52Z
FAZ,40.93,2025-10-06T19:59:53Z
FBCG,53.89,2025-10-06T19:59:50Z
FBCV,34.44,2025-10-06T15:55:56Z
FBGL,0.7223,2025-10-06T19:50:52Z
FBIN,51.73,2025-10-06T19:59:50Z
FBIO,3.1,2025-10-06T19:59:20Z
FBIOP,7.34,2025-10-06T15:13:46Z
FBIZ,50.79,2025-10-06T19:48:41Z
FBK,59.26,2025-10-06T19:59:25Z
FBL,41.15,2025-10-06T19:58:38Z
FBLA,12.015,2025-10-06T19:38:51Z
FBLG,0.5499,2025-10-06T19:59:58Z
FBNC,51.88,2025-10-06T19:59:50Z
FBND,46.225,2025-10-06T19:59:45Z
FBOT,33.735,2025-10-06T18:08:07Z
FBP,21.98,2025-10-06T19:59:57Z
FBRT,10.79,2025-10-06T19:59:52Z
FBRX,14.84,2025-10-06T17:17:49Z
FBT,188.91,2025-10-06T15:04:28Z
FBTC,109.5,2025-10-06T19:59:59Z
FBUF,30.02,2025-10-06T15:10:36Z
FBY,15.31,2025-10-06T19:49:14Z
FBYD,13.185,2025-10-06T19:55:42Z
FC,18.6,2025-10-06T19:58:58Z
FCA,29.29,2025-10-06T19:57:29Z
FCBC,34.2,2025-10-06T19:51:32Z
FCCO,27.57,2025-10-06T19:55:04Z
FCEL,10.585,2025-10-06T19:59:54Z
FCF,17.005,2025-10-06T19:59:54Z
FCFS,154.89,2025-10-06T19:54:13Z
FCG,23.825,2025-10-06T19:59:45Z
FCHL,0.6045,2025-10-06T19:58:50Z
FCLD,30.01,2025-10-06T17:45:29Z
FCN,160.94,2025-10-06T19:58:14Z
FCNCA,1757.345,2025-10-06T19:59:04Z
FCNCP,22.37,2025-10-06T17:57:29Z
FCO,2.91,2025-10-06T19:55:04Z
FCOM,70.51,2025-10-06T19:59:50Z
FCPI,50.36,2025-10-06T19:59:50Z
FCPT,23.82,2025-10-06T19:59:50Z
FCRS=,10.49,2025-10-06T19:59:17Z
FCT,9.76,2025-10-06T19:59:41Z
FCTE,26.26,2025-10-06T19:58:04Z
FCTR,35.69,2025-10-06T19:59:45Z
FCUV,4.26,2025-10-06T18:40:01Z
FCVT,44,2025-10-06T19:59:50Z
FCX,40.34,2025-10-06T19:59:57Z
FDBC,43.95,2025-10-06T19:51:28Z
FDCF,49.64,2025-10-06T16:39:23Z
FDD,16.15,2025-10-06T19:59:46Z
FDEC,49.43,2025-10-06T17:52:42Z
FDEM,30.59,2025-10-06T19:30:06Z
FDEV,33.36,2025-10-06T18:40:12Z
FDHY,49.25,2025-10-06T19:26:33Z
FDIF,36.2,2025-10-06T19:08:05Z
FDIG,54.94,2025-10-06T19:59:36Z
FDIS,102.675,2025-10-06T19:42:50Z
FDIV,26.93,2025-10-06T18:01:27Z
FDL,43.55,2025-10-06T19:59:54Z
FDLO,66.11,2025-10-06T19:58:01Z
FDLS,34.92,2025-10-06T17:55:45Z
FDM,75.55,2025-10-06T19:23:20Z
FDMO,83.11,2025-10-06T15:03:34Z
FDMT,8.37,2025-10-06T19:59:47Z
FDN,281.33,2025-10-06T19:59:27Z
FDP,34.17,2025-10-06T19:57:32Z
FDRR,59.21,2025-10-06T13:46:14Z
FDRV,18.005,2025-10-06T14:46:05Z
FDS,274.78,2025-10-06T19:59:22Z
FDSB,13.745,2025-10-06T14:44:44Z
FDT,76.43,2025-10-06T19:55:08Z
FDTX,41.96,2025-10-06T19:16:24Z
FDUS,20.395,2025-10-06T19:57:20Z
FDV,28.645,2025-10-06T18:55:01Z
FDVV,55.86,2025-10-06T19:57:48Z
FDWM,26.13,2025-10-06T14:56:59Z
FDX,247.3,2025-10-06T19:59:12Z
FE,46.355,2025-10-06T19:59:59Z
FEAC,28.64,2025-10-06T18:27:53Z
FEAM,4.39,2025-10-06T19:58:23Z
FEAT,33.2,2025-10-06T13:34:51Z
FEBT,37.18,2025-10-06T19:01:22Z
FEBU,27.38,2025-10-06T19:54:26Z
FEBW,33.21,2025-10-06T19:58:39Z
FEGE,44.895,2025-10-06T19:59:32Z
FEIM,38.28,2025-10-06T19:59:34Z
FELC,37.49,2025-10-06T19:58:30Z
FELE,95.115,2025-10-06T19:59:11Z
FELG,41.37,2025-10-06T19:59:35Z
FELV,33.71,2025-10-06T19:59:18Z
FEM,27.07,2025-10-06T15:10:05Z
FEMB,29.495,2025-10-06T19:55:13Z
FEMY,0.8375,2025-10-06T19:59:42Z
FENC,9.75,2025-10-06T19:59:51Z
FENG,2.75,2025-10-06T15:34:10Z
FENI,35.9,2025-10-06T19:59:59Z
FENY,24.79,2025-10-06T19:59:47Z
FEP,51.79,2025-10-06T19:22:51Z
FEPI,47.29,2025-10-06T19:54:15Z
FER,60.29,2025-10-06T19:59:58Z
FERAR,0.2899,2025-10-06T18:17:07Z
FERG,234.81,2025-10-06T19:59:42Z
FESM,37.06,2025-10-06T19:23:18Z
FET,25.82,2025-10-06T19:59:35Z
FETH,47.22,2025-10-06T19:59:53Z
FEX,118.28,2025-10-06T17:41:00Z
FEZ,63.1,2025-10-06T19:59:32Z
FF,3.905,2025-10-06T19:59:35Z
FFA,21.63,2025-10-06T16:43:13Z
FFAI,1.625,2025-10-06T19:59:59Z
FFBC,25.98,2025-10-06T19:59:43Z
FFC,16.765,2025-10-06T19:55:00Z
FFIC,13.945,2025-10-06T19:59:08Z
FFIN,33.64,2025-10-06T19:59:54Z
FFIV,329.29,2025-10-06T19:57:19Z
FFLC,52.35,2025-10-06T17:39:37Z
FFLG,29.675,2025-10-06T18:58:08Z
FFLS,25.05,2025-10-06T19:09:33Z
FFND,30.18,2025-10-06T18:55:19Z
FFOG,47.88,2025-10-06T19:53:48Z
FFOX,27.74,2025-10-06T19:38:37Z
FFSM,29.35,2025-10-06T19:59:50Z
FFTY,38.88,2025-10-06T19:57:20Z
FFWM,5.91,2025-10-06T19:59:56Z
FG,31.14,2025-10-06T19:59:00Z
FGD,28.94,2025-10-06T19:59:50Z
FGDL,53.075,2025-10-06T19:57:40Z
FGEN,11.42,2025-10-06T18:53:09Z
FGL,0.46,2025-10-06T19:53:05Z
FGM,60.28,2025-10-06T19:20:52Z
FGMCR,0.4628,2025-10-06T15:33:26Z
FGN,26.34,2025-10-06T15:10:33Z
FGNX,5.81,2025-10-06T19:45:13Z
FGSN,24.19,2025-10-06T15:10:32Z
FHB,24.8,2025-10-06T19:59:51Z
FHEQ,30.8,2025-10-06T19:15:04Z
FHI,51.93,2025-10-06T19:59:32Z
FHLC,69.17,2025-10-06T19:54:54Z
FHN,23.07,2025-10-06T19:59:55Z
FHTX,4.51,2025-10-06T19:59:39Z
FHYS,23.28,2025-10-06T15:23:33Z
FI,125.02,2025-10-06T19:59:54Z
FIAT,2.43,2025-10-06T19:34:44Z
FIAX,18.06,2025-10-06T19:59:48Z
FIBK,32,2025-10-06T19:59:54Z
FICO,1848.33,2025-10-06T19:59:32Z
FIDI,24.8,2025-10-06T17:45:09Z
FIDU,82.79,2025-10-06T19:56:41Z
FIEE,2.71,2025-10-06T15:58:22Z
FIG,57.08,2025-10-06T19:59:52Z
FIGB,43.515,2025-10-06T19:59:46Z
FIGR,43.6,2025-10-06T19:58:45Z
FIGS,7.04,2025-10-06T19:59:55Z
FIGXW,0.25,2025-10-06T17:48:48Z
FIHL,18.54,2025-10-06T19:59:58Z
FIIG,21.25,2025-10-06T19:41:22Z
FILL,25.375,2025-10-06T18:57:17Z
FINS,13.14,2025-10-06T18:15:15Z
FINV,7.34,2025-10-06T19:59:47Z
FINW,17.885,2025-10-06T17:08:49Z
FINX,34.755,2025-10-06T19:45:51Z
FIP,5.29,2025-10-06T19:59:59Z
FIS,67.145,2025-10-06T19:59:49Z
FISI,27.47,2025-10-06T19:55:12Z
FISR,25.98,2025-10-06T19:03:40Z
FITB,43.79,2025-10-06T19:59:59Z
FITBO,20.96,2025-10-06T19:12:35Z
FITBP,24.38,2025-10-06T14:37:41Z
FIVA,31.925,2025-10-06T19:59:45Z
FIVE,153.62,2025-10-06T19:59:50Z
FIVN,23.095,2025-10-06T19:59:59Z
FIW,113.9,2025-10-06T17:47:43Z
FIX,828.35,2025-10-06T19:57:56Z
FIXD,44.45,2025-10-06T19:22:42Z
FIXP,19.87,2025-10-06T15:11:41Z
FIZZ,37.12,2025-10-06T19:53:51Z
FJAN,50.31,2025-10-06T18:54:39Z
FJP,66.03,2025-10-06T15:43:35Z
FJUL,54.905,2025-10-06T19:52:05Z
FKWL,4.49,2025-10-06T16:56:14Z
FLBL,23.82,2025-10-06T19:59:59Z
FLBR,18.73,2025-10-06T13:54:31Z
FLC,17.875,2025-10-06T15:07:45Z
FLCA,46.24,2025-10-06T15:23:30Z
FLCB,21.655,2025-10-06T19:52:43Z
FLCH,26.29,2025-10-06T19:58:21Z
FLCO,21.815,2025-10-06T19:47:37Z
FLD,4.14,2025-10-06T19:59:47Z
FLDB,50.62,2025-10-06T18:36:43Z
FLDR,50.245,2025-10-06T19:59:46Z
FLEX,57.245,2025-10-06T19:59:51Z
FLG,12.1,2025-10-06T19:59:56Z
FLG-U,39.81,2025-10-06T15:56:03Z
FLGC,19.05,2025-10-06T15:07:32Z
FLGT,22.93,2025-10-06T19:56:06Z
FLGV,20.575,2025-10-06T18:56:12Z
FLHY,24.435,2025-10-06T19:43:50Z
FLIN,37.805,2025-10-06T19:59:59Z
FLJJ,31.36,2025-10-06T14:19:50Z
FLJP,35.71,2025-10-06T19:59:59Z
FLKR,28.45,2025-10-06T16:04:56Z
FLL,2.885,2025-10-06T19:59:45Z
FLLA,22.835,2025-10-06T14:06:56Z
FLMB,23.65,2025-10-06T19:11:12Z
FLMI,24.68,2025-10-06T19:55:22Z
FLMX,31.88,2025-10-06T19:05:49Z
FLNC,15.25,2025-10-06T19:59:58Z
FLNG,25.34,2025-10-06T19:59:46Z
FLNT,2.27,2025-10-06T19:55:55Z
FLO,12.78,2025-10-06T19:59:57Z
FLOC,15.505,2025-10-06T19:59:29Z
FLOT,50.93,2025-10-06T19:30:34Z
FLQL,68.495,2025-10-06T19:59:46Z
FLQM,56.9,2025-10-06T19:07:16Z
FLR,43.935,2025-10-06T19:59:50Z
FLRN,30.76,2025-10-06T19:58:05Z
FLS,52.49,2025-10-06T19:59:56Z
FLSW,39.43,2025-10-06T16:00:01Z
FLTB,50.68,2025-10-06T19:48:28Z
FLTR,25.485,2025-10-06T19:43:41Z
FLTW,60.1,2025-10-06T19:57:35Z
FLUD,25.01,2025-10-06T18:32:27Z
FLUT,246.95,2025-10-06T19:59:56Z
FLUX,4.96,2025-10-06T19:57:52Z
FLWS,4.42,2025-10-06T19:59:53Z
FLX,3.17,2025-10-06T19:59:46Z
FLXR,39.7,2025-10-06T19:57:45Z
FLY,29.03,2025-10-06T19:59:59Z
FLYD,7.17,2025-10-06T15:27:50Z
FLYE,0.6753,2025-10-06T19:58:16Z
FLYW,13.475,2025-10-06T19:59:53Z
FLYX,4.22,2025-10-06T14:09:47Z
FLYX+,0.29,2025-10-06T19:50:08Z
FMAG,35.22,2025-10-06T19:59:45Z
FMAY,52.35,2025-10-06T15:43:53Z
FMB,50.77,2025-10-06T19:28:56Z
FMBH,37.86,2025-10-06T15:27:05Z
FMC,31.32,2025-10-06T19:59:51Z
FMDE,36.32,2025-10-06T19:50:02Z
FMET,38.36,2025-10-06T14:00:38Z
FMF,49.29,2025-10-06T19:19:05Z
FMFC,15.03,2025-10-06T19:56:46Z
FMHI,47.565,2025-10-06T19:40:58Z
FMKT,24.19,2025-10-06T18:42:06Z
FMN,10.955,2025-10-06T14:55:44Z
FMNB,14.3,2025-10-06T19:59:01Z
FMNY,26.55,2025-10-06T14:29:19Z
FMQQ,15.05,2025-10-06T18:56:05Z
FMS,26.755,2025-10-06T19:59:46Z
FMST,3.51,2025-10-06T19:58:13Z
FMTM,30.5,2025-10-06T19:59:46Z
FMUB,50.86,2025-10-06T13:55:45Z
FMUN,49.98,2025-10-06T17:38:34Z
FMX,95.1,2025-10-06T19:59:50Z
FN,370.98,2025-10-06T19:59:22Z
FNB,16.48,2025-10-06T19:59:55Z
FNCL,76.345,2025-10-06T15:03:18Z
FND,71.68,2025-10-06T19:59:55Z
FNDA,31.38,2025-10-06T19:57:21Z
FNDB,25.945,2025-10-06T18:29:26Z
FNDC,44.99,2025-10-06T19:57:08Z
FNDE,36.355,2025-10-06T19:59:26Z
FNDF,43.8,2025-10-06T19:59:55Z
FNDX,26.535,2025-10-06T19:59:16Z
FNF,58.07,2025-10-06T19:59:56Z
FNGD,5.07,2025-10-06T19:59:44Z
FNGO,124.88,2025-10-06T15:46:51Z
FNGR,1.72,2025-10-06T19:59:56Z
FNGS,69.79,2025-10-06T19:08:41Z
FNGU,29.28,2025-10-06T19:59:53Z
FNK,55.82,2025-10-06T18:10:02Z
FNKO,3.335,2025-10-06T19:59:54Z
FNLC,25.29,2025-10-06T19:52:34Z
FNV,221.835,2025-10-06T19:59:52Z
FNWB,7.925,2025-10-06T18:19:15Z
FNWD,32.05,2025-10-06T16:03:06Z
FOA,22.28,2025-10-06T19:57:29Z
FOF,13.17,2025-10-06T17:18:34Z
FOFO,15.75,2025-10-06T15:23:46Z
FOLD,8.16,2025-10-06T19:59:59Z
FONR,16.16,2025-10-06T14:58:07Z
FOR,26.57,2025-10-06T19:54:22Z
FORD,24.69,2025-10-06T19:49:01Z
FORM,42.59,2025-10-06T19:59:53Z
FORR,9.12,2025-10-06T19:55:47Z
FOSL,2.56,2025-10-06T19:59:15Z
FOSLL,17.43,2025-10-06T19:05:40Z
FOUR,78.64,2025-10-06T19:59:51Z
FOX,55.08,2025-10-06T19:59:40Z
FOXA,61.4,2025-10-06T19:59:46Z
FOXF,24.09,2025-10-06T19:59:53Z
FOXX,4.35,2025-10-06T16:34:22Z
FOXY,27.69,2025-10-06T19:23:25Z
FPAY,0.3701,2025-10-06T19:40:29Z
FPE,18.26,2025-10-06T19:59:59Z
FPEI,19.36,2025-10-06T19:59:59Z
FPF,18.76,2025-10-06T19:36:06Z
FPFD,22.135,2025-10-06T19:03:19Z
FPH,5.99,2025-10-06T19:59:03Z
FPI,10.555,2025-10-06T19:59:42Z
FPRO,22.56,2025-10-06T13:34:17Z
FPX,164.2,2025-10-06T19:50:55Z
FQAL,75.18,2025-10-06T19:32:25Z
FR,51.56,2025-10-06T19:59:50Z
FRA,12.79,2025-10-06T19:56:57Z
FRAF,45.515,2025-10-06T19:55:53Z
FRBA,15.77,2025-10-06T19:59:17Z
FRDM,45.215,2025-10-06T19:59:24Z
FRDU,31.62,2025-10-06T14:53:59Z
FREL,27.53,2025-10-06T19:45:33Z
FRGE,16.2,2025-10-06T19:55:55Z
FRGT,1.44,2025-10-06T19:58:53Z
FRHC,168.25,2025-10-06T19:54:51Z
FRI,28.09,2025-10-06T18:16:42Z
FRME,38.46,2025-10-06T19:59:53Z
FRMI,26.425,2025-10-06T19:59:58Z
FRNW,20.86,2025-10-06T19:59:04Z
FRO,22.99,2025-10-06T19:59:53Z
FROG,48.44,2025-10-06T19:59:18Z
FRPH,24.16,2025-10-06T19:58:00Z
FRPT,53.26,2025-10-06T19:59:55Z
FRSH,11.3,2025-10-06T19:59:59Z
FRST,10.65,2025-10-06T19:59:57Z
FRSX,2.27,2025-10-06T19:55:36Z
FRT,98.755,2025-10-06T19:59:54Z
FRTY,22.685,2025-10-06T19:59:48Z
FSBC,32.305,2025-10-06T17:17:14Z
FSBW,39.97,2025-10-06T18:59:57Z
FSCO,6.93,2025-10-06T19:59:50Z
FSEC,44.24,2025-10-06T19:03:02Z
FSEP,50.77,2025-10-06T18:54:16Z
FSFG,31.88,2025-10-06T19:53:26Z
FSI,9.25,2025-10-06T19:59:05Z
FSIG,19.235,2025-10-06T18:13:08Z
FSK,14.675,2025-10-06T19:59:53Z
FSLR,229.47,2025-10-06T19:59:50Z
FSLY,8.65,2025-10-06T19:59:57Z
FSM,8.97,2025-10-06T19:59:58Z
FSMB,20.08,2025-10-06T19:59:45Z
FSMD,44.12,2025-10-06T19:05:25Z
FSP,1.61,2025-10-06T19:59:53Z
FSS,118.545,2025-10-06T19:59:50Z
FSTA,49.295,2025-10-06T19:59:54Z
FSTR,26.67,2025-10-06T18:24:22Z
FSUN,40.605,2025-10-06T19:57:29Z
FSV,186.025,2025-10-06T19:55:49Z
FSYD,48.75,2025-10-06T19:14:49Z
FT,7.99,2025-10-06T19:55:26Z
FTA,84.67,2025-10-06T14:40:21Z
FTAI,171.52,2025-10-06T19:59:54Z
FTC,162.24,2025-10-06T18:01:03Z
FTCB,21.32,2025-10-06T19:59:48Z
FTCI,7.905,2025-10-06T19:44:12Z
FTCS,93.66,2025-10-06T19:59:50Z
FTDR,67.12,2025-10-06T19:59:54Z
FTEC,226.94,2025-10-06T19:59:46Z
FTEK,2.98,2025-10-06T19:58:38Z
FTEL,4.98,2025-10-06T19:42:18Z
FTF,6.35,2025-10-06T19:56:27Z
FTFT,2.13,2025-10-06T19:53:09Z
FTGC,26.055,2025-10-06T19:59:46Z
FTGS,36.41,2025-10-06T19:59:40Z
FTHI,23.755,2025-10-06T19:59:50Z
FTHM,1.73,2025-10-06T19:57:55Z
FTHY,14.24,2025-10-06T19:49:38Z
FTI,38.02,2025-10-06T19:59:58Z
FTK,17.68,2025-10-06T19:58:56Z
FTLS,70.055,2025-10-06T19:55:52Z
FTNT,86.38,2025-10-06T19:59:56Z
FTQI,20.72,2025-10-06T19:59:49Z
FTRB,25.425,2025-10-06T19:56:46Z
FTRE,9.62,2025-10-06T19:59:59Z
FTRI,15.33,2025-10-06T19:55:26Z
FTRK,0.5225,2025-10-06T19:50:59Z
FTS,50.48,2025-10-06T19:59:51Z
FTSL,45.88,2025-10-06T19:40:23Z
FTSM,59.96,2025-10-06T19:54:59Z
FTV,50.045,2025-10-06T19:59:55Z
FTXG,21.44,2025-10-06T19:59:07Z
FTXH,29.49,2025-10-06T18:25:02Z
FTXO,35.29,2025-10-06T19:59:46Z
FUBO,3.93,2025-10-06T19:59:59Z
FUFU,3.94,2025-10-06T19:56:56Z
FUL,59.1,2025-10-06T19:51:58Z
FULC,9.5,2025-10-06T19:59:42Z
FULT,18.69,2025-10-06T19:59:55Z
FUMB,20.12,2025-10-06T13:56:18Z
FUN,22.42,2025-10-06T19:59:50Z
FUND,8.44,2025-10-06T16:03:53Z
FUNL,46.44,2025-10-06T14:13:24Z
FURY,0.6397,2025-10-06T18:17:42Z
FUSB,12.19,2025-10-06T13:35:29Z
FUTU,173.06,2025-10-06T19:59:52Z
FUTY,58.04,2025-10-06T19:53:30Z
FV,62.38,2025-10-06T19:59:51Z
FVC,36.16,2025-10-06T15:43:33Z
FVCB,12.69,2025-10-06T19:55:45Z
FVD,46.165,2025-10-06T19:59:46Z
FVR,13.74,2025-10-06T19:59:43Z
FVRR,24.075,2025-10-06T19:59:43Z
FWD,104.87,2025-10-06T19:59:59Z
FWONA,99.315,2025-10-06T19:58:30Z
FWONK,108.305,2025-10-06T19:59:54Z
FWRD,23.74,2025-10-06T19:59:50Z
FWRG,15.81,2025-10-06T19:59:50Z
FXB,129.56,2025-10-06T18:38:28Z
FXD,68.35,2025-10-06T17:30:29Z
FXE,108.08,2025-10-06T19:44:04Z
FXF,111.37,2025-10-06T19:58:49Z
FXG,62.62,2025-10-06T16:17:36Z
FXH,113.46,2025-10-06T18:08:23Z
FXI,41.395,2025-10-06T19:59:59Z
FXN,16.375,2025-10-06T19:59:42Z
FXNC,22.67,2025-10-06T19:59:50Z
FXO,59.3,2025-10-06T19:49:10Z
FXP,8.08,2025-10-06T15:55:14Z
FXR,79.3,2025-10-06T18:37:19Z
FXU,46.255,2025-10-06T19:59:46Z
FXY,61.2,2025-10-06T19:59:37Z
FYBR,37.35,2025-10-06T19:59:58Z
FYT,56.62,2025-10-06T18:46:32Z
G,41.105,2025-10-06T19:59:59Z
GAB,6.105,2025-10-06T19:59:59Z
GABC,39.52,2025-10-06T19:49:43Z
GAIA,5.65,2025-10-06T19:52:29Z
GAIN,13.85,2025-10-06T19:59:41Z
GALT,4.42,2025-10-06T19:59:33Z
GAM,63.075,2025-10-06T14:43:23Z
GAMB,8.175,2025-10-06T19:59:54Z
GAME,0.8546,2025-10-06T19:56:17Z
GANX,2.2,2025-10-06T19:59:52Z
GAP,21.49,2025-10-06T19:59:59Z
GAPR,39.3,2025-10-06T16:19:44Z
GASS,6.56,2025-10-06T19:57:37Z
GATX,176.33,2025-10-06T19:59:55Z
GAU,2.505,2025-10-06T19:59:53Z
GAUG,38.68,2025-10-06T19:59:46Z
GAUZ,6.74,2025-10-06T17:00:55Z
GBAB,15.685,2025-10-06T19:29:22Z
GBCI,48.44,2025-10-06T19:59:46Z
GBDC,13.69,2025-10-06T19:59:56Z
GBFH,41,2025-10-06T19:33:55Z
GBIL,99.965,2025-10-06T14:43:56Z
GBIO,6.27,2025-10-06T19:54:07Z
GBR,1.03,2025-10-06T19:40:12Z
GBTC,98.43,2025-10-06T19:59:58Z
GBTG,8.11,2025-10-06T19:59:50Z
GBUG,39.215,2025-10-06T19:54:09Z
GBX,45.49,2025-10-06T19:59:31Z
GCAL,50.59,2025-10-06T14:26:18Z
GCBC,23.02,2025-10-06T19:57:18Z
GCC,21.79,2025-10-06T14:41:27Z
GCI,4.1,2025-10-06T19:59:58Z
GCL,2.48,2025-10-06T19:59:07Z
GCMG,11.92,2025-10-06T19:59:56Z
GCO,29.305,2025-10-06T19:54:00Z
GCOR,41.605,2025-10-06T19:56:52Z
GCOW,39.995,2025-10-06T19:57:35Z
GCT,28.71,2025-10-06T19:59:19Z
GCTK,7.27,2025-10-06T18:50:09Z
GCTS,1.56,2025-10-06T19:24:59Z
GD,346.57,2025-10-06T19:59:46Z
GDC,6.14,2025-10-06T19:58:09Z
GDDY,137.245,2025-10-06T19:59:52Z
GDE,58.815,2025-10-06T14:24:39Z
GDEC,36.79,2025-10-06T15:45:08Z
GDEN,22.9,2025-10-06T19:59:38Z
GDEV,38.25,2025-10-06T18:46:13Z
GDIV,16.18,2025-10-06T19:00:40Z
GDLC,61.495,2025-10-06T19:48:53Z
GDMN,83.61,2025-10-06T19:07:02Z
GDOT,12.84,2025-10-06T19:59:50Z
GDRX,4.55,2025-10-06T19:59:59Z
GDS,39.67,2025-10-06T19:59:57Z
GDTC,2.2,2025-10-06T18:49:24Z
GDV,27.23,2025-10-06T19:10:27Z
GDV-H,23.13,2025-10-06T19:40:09Z
GDX,78.56,2025-10-06T19:59:59Z
GDXD,0.7913,2025-10-06T19:58:48Z
GDXJ,102.49,2025-10-06T19:59:54Z
GDXU,224.69,2025-10-06T19:46:31Z
GDXY,18.135,2025-10-06T19:59:53Z
GDYN,8.515,2025-10-06T19:59:58Z
GE,298.2,2025-10-06T19:59:49Z
GECC,7.62,2025-10-06T19:59:13Z
GEF,60.55,2025-10-06T19:50:53Z
GEG,2.49,2025-10-06T19:35:25Z
GEGGL,24.51,2025-10-06T13:54:41Z
GEHC,76.4,2025-10-06T19:59:52Z
GEL,16.08,2025-10-06T19:59:48Z
GELS,1.23,2025-10-06T19:38:47Z
GEM,41.5,2025-10-06T16:26:26Z
GEMD,42.1,2025-10-06T19:59:47Z
GEMI,25.41,2025-10-06T19:59:02Z
GEN,27.73,2025-10-06T19:59:57Z
GENI,11.77,2025-10-06T19:59:57Z
GENK,3.06,2025-10-06T18:26:18Z
GENVR,6.44,2025-10-06T19:29:33Z
GEO,19.41,2025-10-06T19:59:49Z
GEOS,21.96,2025-10-06T19:59:45Z
GERN,1.285,2025-10-06T19:59:59Z
GES,16.82,2025-10-06T19:59:46Z
GETY,2.195,2025-10-06T19:59:44Z
GEV,602.74,2025-10-06T19:59:46Z
GEVO,2.225,2025-10-06T19:59:58Z
GEVX,29.27,2025-10-06T16:54:55Z
GFAI,1.19,2025-10-06T19:59:01Z
GFEB,40.67,2025-10-06T19:59:45Z
GFF,76.56,2025-10-06T19:41:00Z
GFI,42.48,2025-10-06T19:59:46Z
GFL,46.075,2025-10-06T19:59:47Z
GFR,4.79,2025-10-06T19:29:47Z
GFS,35.915,2025-10-06T19:59:54Z
GGAL,28.8,2025-10-06T19:59:41Z
GGB,3.265,2025-10-06T19:59:57Z
GGG,84.76,2025-10-06T19:59:53Z
GGLL,66.91,2025-10-06T19:59:50Z
GGLS,8.65,2025-10-06T19:59:48Z
GGN,5.2,2025-10-06T17:48:11Z
GGR,6.27,2025-10-06T19:59:57Z
GGT,4.25,2025-10-06T19:57:24Z
GGT-E,21.87,2025-10-06T14:40:37Z
GGUS,63.98,2025-10-06T19:33:08Z
GH,63.375,2025-10-06T19:59:45Z
GHI,10.38,2025-10-06T14:50:26Z
GHLD,19.955,2025-10-06T19:44:11Z
GHM,57.72,2025-10-06T19:59:14Z
GHRS,13.02,2025-10-06T19:56:12Z
GHY,12.68,2025-10-06T19:59:04Z
GHYG,46.26,2025-10-06T13:55:33Z
GIAX,17.77,2025-10-06T19:54:09Z
GIB,91.17,2025-10-06T19:58:42Z
GIBO,2.59,2025-10-06T17:53:47Z
GIC,35.35,2025-10-06T19:56:55Z
GIFT,1.045,2025-10-06T16:55:42Z
GIG,10.7,2025-10-06T19:41:15Z
GIGB,46.56,2025-10-06T17:30:00Z
GIGGW,0.67,2025-10-06T18:49:11Z
GII,70.06,2025-10-06T19:30:39Z
GIII,27.21,2025-10-06T19:59:52Z
GIL,61.07,2025-10-06T19:59:54Z
GILD,113.58,2025-10-06T19:59:52Z
GILT,14.23,2025-10-06T19:59:42Z
GIPR,1.455,2025-10-06T19:58:17Z
GIS,50.17,2025-10-06T19:59:58Z
GIWWU,10.035,2025-10-06T19:35:12Z
GJAN,41.8,2025-10-06T16:29:11Z
GKOS,86.61,2025-10-06T19:59:40Z
GL,134.06,2025-10-06T19:59:47Z
GL-D,16.69,2025-10-06T17:27:56Z
GLAD,20.96,2025-10-06T19:59:19Z
GLBE,36.06,2025-10-06T19:59:26Z
GLBS,1.085,2025-10-06T16:12:01Z
GLBZ,4.69,2025-10-06T18:56:04Z
GLD,364.4,2025-10-06T19:59:59Z
GLDD,11.96,2025-10-06T19:59:48Z
GLDG,1.285,2025-10-06T19:58:54Z
GLDM,78.39,2025-10-06T19:59:55Z
GLDY,18.12,2025-10-06T15:55:52Z
GLE,0.7579,2025-10-06T19:29:23Z
GLGG,33.59,2025-10-06T13:50:56Z
GLIBA,36.51,2025-10-06T19:13:42Z
GLIBK,36.06,2025-10-06T19:59:38Z
GLIN,45.14,2025-10-06T15:16:10Z
GLL,15.8,2025-10-06T19:58:18Z
GLNG,39.31,2025-10-06T19:59:47Z
GLO,5.73,2025-10-06T19:59:50Z
GLOB,60.28,2025-10-06T19:59:46Z
GLOP-B,26.07,2025-10-06T15:26:05Z
GLOV,56.97,2025-10-06T19:55:08Z
GLOW,30.51,2025-10-06T19:59:50Z
GLP,46.43,2025-10-06T16:44:50Z
GLPG,35.52,2025-10-06T19:59:58Z
GLPI,46.2,2025-10-06T19:59:58Z
GLRE,12.615,2025-10-06T19:59:19Z
GLRY,37.33,2025-10-06T15:14:34Z
GLSI,11.35,2025-10-06T19:27:54Z
GLTO,3.68,2025-10-06T19:52:38Z
GLTR,170.95,2025-10-06T19:14:54Z
GLU,18.16,2025-10-06T18:27:46Z
GLUE,7.65,2025-10-06T19:59:20Z
GLV,5.95,2025-10-06T18:00:22Z
GLW,85.37,2025-10-06T19:59:58Z
GLXU,41.12,2025-10-06T18:44:47Z
GLXY,38.82,2025-10-06T19:59:56Z
GM,58.18,2025-10-06T19:59:55Z
GMAB,33.33,2025-10-06T19:59:59Z
GMAR,40.17,2025-10-06T16:44:40Z
GME,25.03,2025-10-06T19:59:56Z
GMED,60.165,2025-10-06T19:59:53Z
GMET,32.63,2025-10-06T17:20:58Z
GMEU,15.19,2025-10-06T19:49:45Z
GMGI,1.125,2025-10-06T19:59:48Z
GMHS,1.43,2025-10-06T13:54:27Z
GMM,2.03,2025-10-06T15:50:33Z
GMRE,31.985,2025-10-06T19:59:36Z
GMUB,50.78,2025-10-06T14:58:49Z
GNE,15.41,2025-10-06T19:59:50Z
GNFT,3.995,2025-10-06T14:30:09Z
GNK,16.96,2025-10-06T19:59:37Z
GNL,8.065,2025-10-06T19:59:50Z
GNL-B,21.86,2025-10-06T14:25:07Z
GNL-D,24.51,2025-10-06T19:59:19Z
GNL-E,23.16,2025-10-06T17:16:41Z
GNLN,4.02,2025-10-06T18:34:40Z
GNLX,4.525,2025-10-06T19:59:29Z
GNOM,41.18,2025-10-06T17:28:41Z
GNPX,0.2038,2025-10-06T19:52:12Z
GNR,59.71,2025-10-06T19:56:07Z
GNRC,164.06,2025-10-06T19:59:46Z
GNS,0.912,2025-10-06T19:59:54Z
GNSS,2.315,2025-10-06T19:59:02Z
GNT,7.165,2025-10-06T18:11:33Z
GNTX,27.31,2025-10-06T19:59:55Z
GNW,8.835,2025-10-06T19:59:58Z
GO,16.11,2025-10-06T19:59:57Z
GOAU,42.05,2025-10-06T15:21:03Z
GOCO,4.88,2025-10-06T19:50:09Z
GOEX,71.7,2025-10-06T18:51:10Z
GOF,15.025,2025-10-06T19:59:59Z
GOGO,8.87,2025-10-06T19:59:57Z
GOLF,81.01,2025-10-06T19:59:47Z
GOOD,11.82,2025-10-06T19:59:50Z
GOOG,251.525,2025-10-06T19:59:55Z
GOOGL,250.45,2025-10-06T19:59:59Z
GOOP,32.76,2025-10-06T18:48:22Z
GOOS,14.285,2025-10-06T19:59:57Z
GOOX,47.175,2025-10-06T19:55:00Z
GOOY,13.785,2025-10-06T19:59:07Z
GORO,0.8188,2025-10-06T19:52:39Z
GORV,2.93,2025-10-06T19:58:46Z
GOSS,2.41,2025-10-06T19:59:55Z
GOTU,3.26,2025-10-06T19:59:41Z
GOVI,27.7,2025-10-06T19:59:59Z
GOVT,23.035,2025-10-06T19:57:58Z
GOVX,0.5735,2025-10-06T19:57:48Z
GOVZ,9.6,2025-10-06T19:04:41Z
GP,3.17,2025-10-06T19:50:43Z
GPC,138.545,2025-10-06T19:59:42Z
GPCR,28.63,2025-10-06T19:59:50Z
GPI,433.81,2025-10-06T19:57:09Z
GPIQ,52.49,2025-10-06T19:56:47Z
GPIX,52.19,2025-10-06T19:59:46Z
GPJA,23.38,2025-10-06T14:15:43Z
GPK,19.08,2025-10-06T19:59:58Z
GPMT,2.82,2025-10-06T19:59:58Z
GPN,87.16,2025-10-06T19:59:49Z
GPOR,187.02,2025-10-06T19:59:20Z
GPRE,10.02,2025-10-06T19:59:55Z
GPRF,51.43,2025-10-06T19:14:20Z
GPRK,6.52,2025-10-06T19:59:55Z
GPRO,2.35,2025-10-06T19:59:55Z
GPTY,48,2025-10-06T19:11:25Z
GPUS,0.6019,2025-10-06T19:59:25Z
GPZ,27.38,2025-10-06T15:05:13Z
GQGU,25.06,2025-10-06T16:36:41Z
GRAB,6.395,2025-10-06T19:59:56Z
GRAF=,10.6,2025-10-06T14:49:11Z
GRAL,61.665,2025-10-06T19:59:45Z
GRAN,3.8,2025-10-06T16:57:30Z
GRBK,74.26,2025-10-06T19:55:59Z
GRC,46.715,2025-10-06T19:59:24Z
GRCE,3.01,2025-10-06T19:29:21Z
GRDN,23.73,2025-10-06T19:59:52Z
GREE,2.19,2025-10-06T19:59:13Z
GREK,65.48,2025-10-06T18:13:03Z
GRFS,9.6,2025-10-06T19:59:58Z
GRI,2.01,2025-10-06T19:58:31Z
GRID,153.52,2025-10-06T19:56:38Z
GRMN,257.74,2025-10-06T19:59:45Z
GRN,31.45,2025-10-06T18:11:54Z
GRNB,24.395,2025-10-06T19:17:51Z
GRND,14.105,2025-10-06T19:59:58Z
GRNQ,1.61,2025-10-06T19:57:53Z
GRNT,5.57,2025-10-06T19:59:54Z
GRNY,25.505,2025-10-06T19:59:45Z
GRO,2.44,2025-10-06T19:59:59Z
GROV,1.52,2025-10-06T19:57:54Z
GROW,2.735,2025-10-06T19:29:33Z
GROY,3.815,2025-10-06T19:59:28Z
GROY+,1.77,2025-10-06T19:51:08Z
GRP=,56.315,2025-10-06T14:51:46Z
GRPN,22.54,2025-10-06T19:59:49Z
GRRR,20.68,2025-10-06T19:59:48Z
GRW,32.495,2025-10-06T19:58:17Z
GRWG,1.79,2025-10-06T19:59:22Z
GRX,9.23,2025-10-06T19:16:32Z
GS,796.57,2025-10-06T19:59:46Z
GS-A,21.67,2025-10-06T14:09:48Z
GS-C,21.365,2025-10-06T18:26:40Z
GS-D,21.29,2025-10-06T19:46:50Z
GSAT,44.77,2025-10-06T19:59:45Z
GSBC,61.615,2025-10-06T18:02:44Z
GSBD,9.97,2025-10-06T19:59:58Z
GSEP,38.2,2025-10-06T19:38:41Z
GSEW,85.72,2025-10-06T19:59:50Z
GSG,22.975,2025-10-06T19:59:45Z
GSHD,66.67,2025-10-06T19:59:52Z
GSIB,47.29,2025-10-06T17:15:41Z
GSID,68.05,2025-10-06T14:11:38Z
GSIE,41.7,2025-10-06T19:59:36Z
GSIT,4.835,2025-10-06T19:58:50Z
GSIW,0.1505,2025-10-06T19:57:10Z
GSK,43.44,2025-10-06T19:59:57Z
GSL,29.88,2025-10-06T19:59:29Z
GSLC,130.88,2025-10-06T19:53:09Z
GSM,5.035,2025-10-06T19:59:59Z
GSRT,12.27,2025-10-06T19:59:54Z
GSRTR,11.825,2025-10-06T19:59:45Z
GSRTU,13.99,2025-10-06T19:52:40Z
GSSC,75.75,2025-10-06T19:15:49Z
GSST,50.495,2025-10-06T19:59:56Z
GSUS,93.205,2025-10-06T19:23:00Z
GSX,25.23,2025-10-06T19:34:39Z
GSY,50.285,2025-10-06T19:57:10Z
GT,7.555,2025-10-06T19:59:59Z
GTBP,0.7062,2025-10-06T19:59:55Z
GTE,4.705,2025-10-06T19:59:54Z
GTEC,1.34,2025-10-06T19:59:59Z
GTEK,40.24,2025-10-06T19:45:09Z
GTENW,0.91,2025-10-06T16:58:45Z
GTERA,10.01,2025-10-06T18:04:39Z
GTES,25.535,2025-10-06T19:59:57Z
GTI,3.88,2025-10-06T19:43:22Z
GTIM,1.645,2025-10-06T19:41:26Z
GTIP,49.7,2025-10-06T19:55:12Z
GTLB,47.1,2025-10-06T19:59:52Z
GTLS,200.03,2025-10-06T19:59:11Z
GTM,10.685,2025-10-06T19:59:59Z
GTN,5.66,2025-10-06T19:59:59Z
GTN.A,12,2025-10-06T17:24:11Z
GTO,47.57,2025-10-06T19:59:59Z
GTR,26.15,2025-10-06T18:39:41Z
GTX,13.445,2025-10-06T19:59:56Z
GTY,26.28,2025-10-06T19:59:47Z
GUG,16.06,2025-10-06T19:44:12Z
GUNR,44.175,2025-10-06T19:59:45Z
GURE,0.551,2025-10-06T19:52:18Z
GUSH,25.32,2025-10-06T19:58:01Z
GUT,5.98,2025-10-06T19:59:48Z
GUTS,1.465,2025-10-06T19:59:54Z
GV,2,2025-10-06T17:59:46Z
GVA,108.38,2025-10-06T19:59:32Z
GVAL,29.27,2025-10-06T18:13:52Z
GVH,4.77,2025-10-06T18:26:32Z
GVI,107.17,2025-10-06T19:59:51Z
GVLU,25.84,2025-10-06T14:00:42Z
GWAV,6.925,2025-10-06T17:40:21Z
GWH,1.98,2025-10-06T19:59:54Z
GWRE,232.96,2025-10-06T19:59:19Z
GWRS,10.23,2025-10-06T19:54:49Z
GWW,958.47,2025-10-06T19:58:02Z
GXAI,1.86,2025-10-06T19:59:48Z
GXC,106.26,2025-10-06T19:18:38Z
GXO,55.4,2025-10-06T19:59:55Z
GXPC,27.56,2025-10-06T13:45:55Z
GXPD,26.48,2025-10-06T19:17:26Z
GYLD,13.12,2025-10-06T18:50:38Z
GYRE,7.33,2025-10-06T19:56:13Z
H,147.64,2025-10-06T19:59:54Z
HACK,88.38,2025-10-06T17:20:53Z
HAE,49.6,2025-10-06T19:59:41Z
HAFC,25.12,2025-10-06T19:57:43Z
HAFN,6.21,2025-10-06T19:59:52Z
HAIN,1.48,2025-10-06T19:59:56Z
HAL,24.35,2025-10-06T19:59:55Z
HALO,66.97,2025-10-06T19:59:42Z
HAO,1.28,2025-10-06T18:31:21Z
HAP,57.93,2025-10-06T15:50:42Z
HARD,30.82,2025-10-06T19:57:00Z
HAS,74.79,2025-10-06T19:59:58Z
HASI,30.56,2025-10-06T19:59:53Z
HAUZ,23.67,2025-10-06T19:15:47Z
HAWX,38.755,2025-10-06T19:57:33Z
HAYW,15.57,2025-10-06T19:59:57Z
HBAN,16.715,2025-10-06T19:59:54Z
HBANL,25.39,2025-10-06T16:35:35Z
HBANP,18.43,2025-10-06T17:04:41Z
HBCP,54.56,2025-10-06T14:02:27Z
HBDC,25.22,2025-10-06T19:56:22Z
HBI,6.925,2025-10-06T19:59:54Z
HBIO,0.4397,2025-10-06T19:56:48Z
HBM,15.65,2025-10-06T19:59:49Z
HBNB,3.13,2025-10-06T19:58:32Z
HBNC,16.15,2025-10-06T19:59:25Z
HBT,24.91,2025-10-06T19:42:27Z
HCA,433.84,2025-10-06T19:59:39Z
HCAT,2.97,2025-10-06T19:59:56Z
HCC,63.94,2025-10-06T19:59:28Z
HCHL,3.38,2025-10-06T14:31:07Z
HCI,194.18,2025-10-06T19:58:48Z
HCKT,19.185,2025-10-06T19:59:50Z
HCM,16.25,2025-10-06T19:43:37Z
HCMT,38.37,2025-10-06T18:29:59Z
HCSG,16.21,2025-10-06T19:59:46Z
HCTI,2.665,2025-10-06T19:59:42Z
HCWB,4.02,2025-10-06T16:51:21Z
HCWC,0.6363,2025-10-06T19:50:46Z
HD,389.385,2025-10-06T19:59:49Z
HDB,34.82,2025-10-06T19:59:59Z
HDEF,29.82,2025-10-06T18:35:40Z
HDSN,9.23,2025-10-06T19:59:45Z
HDV,121.84,2025-10-06T19:57:55Z
HE,11.24,2025-10-06T19:59:54Z
HEAL,32.81,2025-10-06T17:52:29Z
HECA,28.25,2025-10-06T19:48:03Z
HEFA,40.59,2025-10-06T19:59:59Z
HEGD,25.105,2025-10-06T19:50:10Z
HEI,322.2,2025-10-06T19:57:17Z
HEI.A,254.47,2025-10-06T19:57:11Z
HELE,26.33,2025-10-06T19:59:50Z
HELO,65.18,2025-10-06T19:59:46Z
HEPS,2.735,2025-10-06T19:57:15Z
HEQ,10.58,2025-10-06T19:59:02Z
HEQT,31.345,2025-10-06T19:59:51Z
HERO,33.81,2025-10-06T18:02:54Z
HERZ,2.435,2025-10-06T19:58:03Z
HESM,33.3,2025-10-06T19:59:52Z
HEWJ,52.04,2025-10-06T19:56:04Z
HEZU,42.86,2025-10-06T13:45:06Z
HFFG,2.64,2025-10-06T19:59:31Z
HFGM,32.63,2025-10-06T17:53:47Z
HFRO,6.4,2025-10-06T19:20:36Z
HFSI,35.59,2025-10-06T18:39:18Z
HFWA,24.385,2025-10-06T19:59:53Z
HFXI,31.78,2025-10-06T19:58:30Z
HG,24.94,2025-10-06T19:56:46Z
HGER,25.87,2025-10-06T14:12:39Z
HGLB,9.98,2025-10-06T19:49:36Z
HGRO,27.71,2025-10-06T14:22:07Z
HGTY,12.055,2025-10-06T19:57:00Z
HGV,43.85,2025-10-06T19:59:57Z
HHH,85.1,2025-10-06T19:59:50Z
HI,26.675,2025-10-06T19:59:48Z
HIBL,64.49,2025-10-06T19:55:21Z
HIBS,5.91,2025-10-06T19:55:01Z
HIDE,23.21,2025-10-06T19:59:50Z
HIFS,292.5,2025-10-06T19:52:51Z
HIG,132.53,2025-10-06T19:59:55Z
HIHO,1.69,2025-10-06T18:04:36Z
HII,288.21,2025-10-06T19:59:50Z
HIMS,54.77,2025-10-06T19:59:55Z
HIMU,48.82,2025-10-06T19:59:59Z
HIMX,9.165,2025-10-06T19:59:45Z
HIMY,20.98,2025-10-06T16:10:52Z
HIMZ,20.63,2025-10-06T19:59:50Z
HIND,5.2,2025-10-06T19:55:25Z
HIO,3.825,2025-10-06T19:58:16Z
HIPO,36.06,2025-10-06T19:44:38Z
HIT,3.75,2025-10-06T19:59:59Z
HITI,3.59,2025-10-06T19:59:59Z
HIVE,5.575,2025-10-06T19:59:55Z
HIW,32.1,2025-10-06T19:59:55Z
HIX,4.33,2025-10-06T19:59:58Z
HKD,1.85,2025-10-06T18:25:55Z
HKIT,1.9,2025-10-06T15:28:07Z
HKPD,1.35,2025-10-06T16:52:46Z
HL,12.475,2025-10-06T19:59:58Z
HL-B,56.04,2025-10-06T13:33:13Z
HLAL,60.36,2025-10-06T19:59:50Z
HLF,8.8,2025-10-06T19:59:56Z
HLI,196.8,2025-10-06T19:59:36Z
HLIO,52.335,2025-10-06T19:56:51Z
HLIT,10.645,2025-10-06T19:59:59Z
HLLY,2.98,2025-10-06T19:59:53Z
HLLY+,0.129,2025-10-06T18:36:21Z
HLMN,9.3,2025-10-06T19:59:51Z
HLN,8.79,2025-10-06T19:59:54Z
HLNE,124.995,2025-10-06T19:59:07Z
HLP,1.41,2025-10-06T16:50:20Z
HLT,260.25,2025-10-06T19:59:56Z
HLX,6.65,2025-10-06T19:59:54Z
HMC,31.91,2025-10-06T19:59:54Z
HMN,44.29,2025-10-06T19:59:47Z
HMOP,38.97,2025-10-06T18:10:00Z
HMR,1.31,2025-10-06T19:52:32Z
HMY,18.53,2025-10-06T19:59:55Z
HNDL,22.425,2025-10-06T19:59:46Z
HNGE,51.7,2025-10-06T19:59:50Z
HNI,46.57,2025-10-06T19:59:47Z
HNRG,19.53,2025-10-06T19:59:34Z
HNST,3.965,2025-10-06T19:59:53Z
HODL,35.505,2025-10-06T19:59:41Z
HOFT,9.38,2025-10-06T19:59:40Z
HOG,26.55,2025-10-06T19:59:54Z
HOLO,5.58,2025-10-06T19:58:24Z
HOLX,67.355,2025-10-06T19:59:56Z
HOMB,28.19,2025-10-06T19:59:50Z
HON,208.98,2025-10-06T19:59:57Z
HOND,17.82,2025-10-06T19:59:51Z
HONDW,7.025,2025-10-06T19:58:01Z
HONE,13.905,2025-10-06T19:59:50Z
HOOD,144.245,2025-10-06T19:59:55Z
HOOG,117.1,2025-10-06T19:55:12Z
HOOI,28.16,2025-10-06T16:28:10Z
HOOW,80.02,2025-10-06T19:59:14Z
HOOY,77.1,2025-10-06T19:20:31Z
HOPE,11.13,2025-10-06T19:59:55Z
HOTH,1.535,2025-10-06T19:59:47Z
HOUR,2.86,2025-10-06T15:34:46Z
HOUS,10.32,2025-10-06T19:59:58Z
HOV,123.205,2025-10-06T19:50:05Z
HOVR,2.96,2025-10-06T19:59:58Z
HOVRW,0.41,2025-10-06T17:32:32Z
HOWL,2.025,2025-10-06T19:58:44Z
HOYY,25.64,2025-10-06T16:57:44Z
HP,23.7,2025-10-06T19:59:58Z
HPAI,3.555,2025-10-06T18:50:47Z
HPE,24.79,2025-10-06T19:59:54Z
HPF,17.05,2025-10-06T19:55:03Z
HPI,17.45,2025-10-06T14:33:55Z
HPK,7.335,2025-10-06T19:59:45Z
HPP,2.715,2025-10-06T19:59:50Z
HPQ,26.6,2025-10-06T19:59:56Z
HPS,15.64,2025-10-06T19:59:25Z
HQH,18.37,2025-10-06T19:58:41Z
HQL,15.675,2025-10-06T19:58:33Z
HQY,87.79,2025-10-06T19:59:48Z
HR,17.73,2025-10-06T19:59:57Z
HRB,50.91,2025-10-06T19:59:55Z
HRI,126.47,2025-10-06T19:59:31Z
HRL,24.3,2025-10-06T19:59:58Z
HRMY,26.56,2025-10-06T19:59:51Z
HROW,42.175,2025-10-06T19:59:49Z
HROWL,25.61,2025-10-06T15:28:53Z
HRTG,24.86,2025-10-06T19:59:48Z
HRTX,1.335,2025-10-06T19:59:54Z
HRZN,6.25,2025-10-06T19:59:15Z
HSAI,27.06,2025-10-06T19:59:55Z
HSBC,71.48,2025-10-06T19:59:54Z
HSCS,3.72,2025-10-06T16:18:33Z
HSDT,18.04,2025-10-06T19:40:02Z
HSHP,8.2,2025-10-06T19:58:22Z
HSIC,66.04,2025-10-06T19:59:55Z
HSII,58.215,2025-10-06T19:59:49Z
HST,16.61,2025-10-06T19:59:59Z
HSTM,27.34,2025-10-06T19:59:18Z
HSY,195.17,2025-10-06T19:59:58Z
HTAB,19.125,2025-10-06T14:45:09Z
HTAX,24.325,2025-10-06T19:56:52Z
HTB,40.84,2025-10-06T19:59:17Z
HTBK,9.965,2025-10-06T19:59:45Z
HTCR,0.8413,2025-10-06T16:02:05Z
HTD,24.75,2025-10-06T18:28:20Z
HTFL,37.265,2025-10-06T19:57:56Z
HTGC,18.31,2025-10-06T19:59:56Z
HTH,33.075,2025-10-06T19:59:54Z
HTHT,38.295,2025-10-06T19:59:56Z
HTLD,8.66,2025-10-06T19:59:51Z
HTLM,3.36,2025-10-06T18:30:15Z
HTO,47.12,2025-10-06T19:58:59Z
HTOO,5.28,2025-10-06T19:59:59Z
HTRB,34.305,2025-10-06T19:56:58Z
HTZ,5.6,2025-10-06T19:59:56Z
HTZWW,3.19,2025-10-06T19:24:13Z
HUBB,413.16,2025-10-06T19:59:16Z
HUBC,1.89,2025-10-06T19:59:20Z
HUBG,34.725,2025-10-06T19:59:49Z
HUBS,463.59,2025-10-06T19:59:55Z
HUM,295.45,2025-10-06T19:59:53Z
HUMA,2.465,2025-10-06T19:59:55Z
HUMAW,0.39,2025-10-06T17:37:51Z
HUMN,31.12,2025-10-06T19:50:51Z
HUN,9.38,2025-10-06T19:59:57Z
HURA,2.51,2025-10-06T19:54:35Z
HURC,17.89,2025-10-06T13:35:06Z
HURN,150.255,2025-10-06T19:59:28Z
HUSA,6.295,2025-10-06T19:58:50Z
HUT,41.39,2025-10-06T19:59:51Z
HUYA,3.255,2025-10-06T19:59:51Z
HVAC,31.24,2025-10-06T16:33:39Z
HVIIR,0.34,2025-10-06T19:57:54Z
HVT,21.135,2025-10-06T19:55:09Z
HWC,63.04,2025-10-06T19:59:48Z
HWH,2.87,2025-10-06T15:45:34Z
HWKN,183.555,2025-10-06T19:57:15Z
HWM,190.47,2025-10-06T19:59:46Z
HXHX,1.43,2025-10-06T19:19:03Z
HXL,66.03,2025-10-06T19:59:56Z
HY,36.25,2025-10-06T19:54:37Z
HYBB,47.1,2025-10-06T19:03:48Z
HYBL,28.48,2025-10-06T19:50:09Z
HYD,50.685,2025-10-06T19:59:54Z
HYDB,47.515,2025-10-06T19:59:46Z
HYDR,43.21,2025-10-06T19:34:15Z
HYDW,47.11,2025-10-06T19:57:16Z
HYEM,19.97,2025-10-06T14:10:28Z
HYFI,37.77,2025-10-06T19:17:22Z
HYFT,1.82,2025-10-06T19:59:54Z
HYG,80.84,2025-10-06T19:59:59Z
HYGH,86.49,2025-10-06T19:55:08Z
HYGV,40.965,2025-10-06T19:59:45Z
HYGW,30.15,2025-10-06T19:59:22Z
HYHG,65.01,2025-10-06T17:19:44Z
HYI,11.55,2025-10-06T19:21:08Z
HYIN,16.68,2025-10-06T17:07:34Z
HYLB,36.945,2025-10-06T19:59:55Z
HYLN,2.08,2025-10-06T19:59:51Z
HYLS,42.09,2025-10-06T15:14:14Z
HYMB,24.87,2025-10-06T19:59:55Z
HYMC,6.405,2025-10-06T19:59:47Z
HYPD,10.38,2025-10-06T19:59:45Z
HYPR,1.52,2025-10-06T19:59:50Z
HYS,95.24,2025-10-06T19:58:32Z
HYSA,15.27,2025-10-06T19:59:46Z
HYT,9.43,2025-10-06T19:59:54Z
HYTI,19.885,2025-10-06T19:59:19Z
HYTR,21.935,2025-10-06T19:55:46Z
HYXU,55.48,2025-10-06T14:14:49Z
HYZD,22.56,2025-10-06T19:55:07Z
HZO,26.36,2025-10-06T19:59:03Z
IAC,34.19,2025-10-06T19:59:55Z
IAE,7.605,2025-10-06T18:45:01Z
IAF,4.66,2025-10-06T19:57:27Z
IAG,13.72,2025-10-06T19:59:54Z
IAGG,51.275,2025-10-06T19:59:45Z
IAI,175.51,2025-10-06T19:54:50Z
IAK,135.14,2025-10-06T15:17:01Z
IAPR,30.285,2025-10-06T19:57:44Z
IART,14.47,2025-10-06T19:59:50Z
IAS,10.19,2025-10-06T19:59:54Z
IAT,52.23,2025-10-06T19:56:00Z
IAU,74.6,2025-10-06T19:59:55Z
IAUG,28.14,2025-10-06T16:13:54Z
IAUI,53.33,2025-10-06T17:59:38Z
IAUM,39.5,2025-10-06T19:56:56Z
IAUX,0.9854,2025-10-06T19:55:06Z
IBAC,10.49,2025-10-06T15:05:28Z
IBB,150.54,2025-10-06T19:59:59Z
IBBQ,25.27,2025-10-06T17:11:20Z
IBCP,31.5,2025-10-06T19:59:40Z
IBD,24.16,2025-10-06T19:31:16Z
IBDQ,25.11,2025-10-06T19:59:53Z
IBDR,24.23,2025-10-06T19:59:58Z
IBDS,24.285,2025-10-06T19:59:08Z
IBDT,25.465,2025-10-06T19:55:11Z
IBDU,23.41,2025-10-06T19:59:50Z
IBDV,22.085,2025-10-06T19:50:01Z
IBDW,21.165,2025-10-06T19:59:56Z
IBDX,25.56,2025-10-06T19:46:20Z
IBDY,26.17,2025-10-06T19:47:44Z
IBDZ,26.41,2025-10-06T19:59:50Z
IBEX,37.615,2025-10-06T19:59:43Z
IBG,3.49,2025-10-06T16:03:42Z
IBHE,23.155,2025-10-06T19:55:10Z
IBHF,23.27,2025-10-06T19:59:50Z
IBHG,22.415,2025-10-06T19:54:50Z
IBHH,23.74,2025-10-06T19:53:37Z
IBHI,23.715,2025-10-06T19:55:15Z
IBHJ,26.665,2025-10-06T19:52:18Z
IBHK,25.99,2025-10-06T14:27:35Z
IBIC,25.7,2025-10-06T16:09:26Z
IBID,26.02,2025-10-06T17:07:32Z
IBIE,26.21,2025-10-06T19:59:46Z
IBIF,26.245,2025-10-06T17:50:21Z
IBIO,0.8435,2025-10-06T19:12:11Z
IBIT,71.29,2025-10-06T19:59:59Z
IBKR,69.6,2025-10-06T19:59:59Z
IBLC,62.665,2025-10-06T18:11:30Z
IBM,289.5,2025-10-06T19:59:51Z
IBMN,26.75,2025-10-06T19:52:49Z
IBMO,25.6,2025-10-06T19:50:12Z
IBMP,25.4,2025-10-06T17:15:49Z
IBMQ,25.56,2025-10-06T19:23:48Z
IBMR,25.43,2025-10-06T18:19:32Z
IBMS,26.04,2025-10-06T17:23:40Z
IBN,30.735,2025-10-06T19:59:59Z
IBND,32.195,2025-10-06T19:55:06Z
IBO,0.6386,2025-10-06T19:17:30Z
IBOC,68.915,2025-10-06T19:58:24Z
IBP,239.54,2025-10-06T19:59:48Z
IBRX,2.53,2025-10-06T19:59:57Z
IBTA,29.41,2025-10-06T19:58:58Z
IBTF,23.305,2025-10-06T19:53:39Z
IBTG,22.895,2025-10-06T19:55:13Z
IBTH,22.46,2025-10-06T15:00:25Z
IBTI,22.34,2025-10-06T15:40:03Z
IBTJ,21.91,2025-10-06T15:23:51Z
IBTK,19.815,2025-10-06T19:46:20Z
IBTL,20.505,2025-10-06T18:49:32Z
IBTM,23.05,2025-10-06T19:35:57Z
IBTO,24.56,2025-10-06T19:16:42Z
IBTP,25.86,2025-10-06T14:10:29Z
IBUF,28.69,2025-10-06T18:34:19Z
IBUY,77.23,2025-10-06T17:33:36Z
ICAP,27.42,2025-10-06T19:07:17Z
ICCM,0.9993,2025-10-06T19:59:32Z
ICE,159.01,2025-10-06T19:59:49Z
ICF,61.31,2025-10-06T18:25:02Z
ICFI,94.665,2025-10-06T19:59:23Z
ICG,1.88,2025-10-06T19:34:59Z
ICHR,20.02,2025-10-06T19:59:53Z
ICL,6.41,2025-10-06T19:59:56Z
ICLN,16.075,2025-10-06T19:59:57Z
ICLO,25.615,2025-10-06T19:59:08Z
ICLR,190.32,2025-10-06T19:59:55Z
ICMB,2.99,2025-10-06T13:58:14Z
ICOI,35.86,2025-10-06T18:20:52Z
ICOP,38.09,2025-10-06T19:57:44Z
ICOW,37.14,2025-10-06T19:59:46Z
ICPY,10.23,2025-10-06T19:59:30Z
ICR-A,19.47,2025-10-06T19:10:09Z
ICSH,50.61,2025-10-06T18:53:38Z
ICU,0.6559,2025-10-06T19:50:39Z
ICUI,121.36,2025-10-06T19:59:57Z
ICVT,102.36,2025-10-06T19:55:10Z
IDA,133.56,2025-10-06T19:59:11Z
IDAI,3.12,2025-10-06T19:55:18Z
IDCC,336.92,2025-10-06T19:58:04Z
IDE,12.2,2025-10-06T18:46:31Z
IDEF,32.63,2025-10-06T19:58:50Z
IDEQ,29.03,2025-10-06T19:58:55Z
IDEV,81.685,2025-10-06T19:59:49Z
IDHQ,34.75,2025-10-06T19:55:28Z
IDLV,33.38,2025-10-06T14:03:30Z
IDMO,54.215,2025-10-06T19:57:35Z
IDN,4.965,2025-10-06T19:59:32Z
IDNA,24.67,2025-10-06T19:11:15Z
IDOG,36.095,2025-10-06T19:59:42Z
IDR,40.41,2025-10-06T19:59:37Z
IDT,48.49,2025-10-06T19:59:35Z
IDU,113.46,2025-10-06T17:31:27Z
IDUB,24.03,2025-10-06T16:29:50Z
IDV,36.57,2025-10-06T19:59:49Z
IDVO,37.645,2025-10-06T19:57:58Z
IDXX,628.02,2025-10-06T19:59:04Z
IDYA,27.46,2025-10-06T19:59:37Z
IE,12.17,2025-10-06T19:59:54Z
IEF,96.12,2025-10-06T19:59:46Z
IEFA,89,2025-10-06T19:59:56Z
IEI,119.19,2025-10-06T19:59:57Z
IEMG,67.215,2025-10-06T19:59:27Z
IEO,93.32,2025-10-06T19:44:13Z
IEP,8.26,2025-10-06T19:59:50Z
IESC,398.36,2025-10-06T19:54:50Z
IEUR,69.21,2025-10-06T19:59:59Z
IEV,66.6,2025-10-06T19:58:58Z
IEX,167.05,2025-10-06T19:59:44Z
IEZ,19.51,2025-10-06T19:50:39Z
IFF,61.525,2025-10-06T19:59:29Z
IFN,14.81,2025-10-06T18:43:29Z
IFRA,53.02,2025-10-06T19:34:53Z
IFRX,1.51,2025-10-06T19:58:15Z
IFS,40.28,2025-10-06T19:59:43Z
IFV,24.8,2025-10-06T19:18:47Z
IGA,9.78,2025-10-06T17:26:06Z
IGC,0.4032,2025-10-06T19:58:45Z
IGD,5.835,2025-10-06T19:59:28Z
IGE,49.25,2025-10-06T19:59:46Z
IGEB,45.905,2025-10-06T19:59:46Z
IGF,61.64,2025-10-06T19:59:15Z
IGI,16.72,2025-10-06T18:30:03Z
IGIB,53.945,2025-10-06T19:57:59Z
IGIC,23.38,2025-10-06T19:55:49Z
IGLB,51.32,2025-10-06T19:59:59Z
IGLD,24.25,2025-10-06T19:59:50Z
IGM,128.48,2025-10-06T19:59:45Z
IGME,38.85,2025-10-06T14:52:44Z
IGOV,42.37,2025-10-06T16:30:16Z
IGPT,56.98,2025-10-06T19:56:15Z
IGR,5.15,2025-10-06T19:58:56Z
IGRO,81.015,2025-10-06T19:59:52Z
IGSB,52.89,2025-10-06T19:59:46Z
IGTR,27.38,2025-10-06T17:49:53Z
IGV,115.64,2025-10-06T19:59:57Z
IHAK,53.37,2025-10-06T19:53:41Z
IHD,6.325,2025-10-06T19:09:43Z
IHDG,47.42,2025-10-06T19:59:46Z
IHE,75.44,2025-10-06T18:54:47Z
IHF,50.52,2025-10-06T19:59:31Z
IHG,124.245,2025-10-06T15:34:32Z
IHI,60.315,2025-10-06T19:59:33Z
IHRT,3.2,2025-10-06T19:59:51Z
IHS,6.685,2025-10-06T19:59:58Z
IHY,22.045,2025-10-06T16:14:08Z
IHYF,22.84,2025-10-06T18:10:15Z
IIF,26.69,2025-10-06T14:36:47Z
IIGD,24.85,2025-10-06T19:47:34Z
III,5.63,2025-10-06T19:59:55Z
IIIN,38.345,2025-10-06T19:46:04Z
IIIV,32.91,2025-10-06T19:59:17Z
IIM,12.4,2025-10-06T19:59:39Z
IINN,1.18,2025-10-06T19:59:58Z
IIPR,54.9,2025-10-06T19:58:03Z
IJH,65.865,2025-10-06T19:59:51Z
IJJ,131.07,2025-10-06T19:37:16Z
IJK,96.67,2025-10-06T19:59:26Z
IJR,119.81,2025-10-06T19:59:57Z
IJS,111.87,2025-10-06T19:59:05Z
IJT,142.32,2025-10-06T19:57:19Z
IJUL,33,2025-10-06T18:50:05Z
IJUN,28.7,2025-10-06T19:50:15Z
IKT,1.61,2025-10-06T19:59:41Z
ILCG,105.39,2025-10-06T18:41:45Z
ILCV,91.06,2025-10-06T13:31:51Z
ILDR,33.59,2025-10-06T19:12:33Z
ILF,28.19,2025-10-06T19:59:59Z
ILIT,13.28,2025-10-06T13:48:06Z
ILLR,0.9311,2025-10-06T19:46:05Z
ILMN,100.985,2025-10-06T19:59:53Z
ILOW,42.97,2025-10-06T13:42:02Z
ILPT,5.54,2025-10-06T19:59:41Z
ILTB,50.25,2025-10-06T16:31:59Z
IMA,8.57,2025-10-06T17:40:56Z
IMAB,4.32,2025-10-06T19:59:59Z
IMAX,33.34,2025-10-06T19:59:50Z
IMAY,29.29,2025-10-06T14:49:57Z
IMCB,83.49,2025-10-06T14:11:26Z
IMCC,2.07,2025-10-06T18:58:38Z
IMCG,83.25,2025-10-06T19:58:30Z
IMCR,33.98,2025-10-06T19:55:27Z
IMCV,81.3,2025-10-06T13:31:51Z
IMDX,3.28,2025-10-06T18:52:27Z
IMG,0.2497,2025-10-06T19:59:34Z
IMKTA,71.305,2025-10-06T19:57:45Z
IMMP,1.955,2025-10-06T19:59:59Z
IMMR,7.195,2025-10-06T19:59:46Z
IMMX,2.26,2025-10-06T19:57:55Z
IMNM,14.44,2025-10-06T19:59:56Z
IMNN,5.18,2025-10-06T18:12:56Z
IMO,91.035,2025-10-06T19:55:51Z
IMOM,36.91,2025-10-06T13:35:29Z
IMPP,4.71,2025-10-06T19:59:44Z
IMRA,38.07,2025-10-06T19:20:07Z
IMRN,2.23,2025-10-06T19:59:16Z
IMRX,6.27,2025-10-06T19:59:35Z
IMST,35.34,2025-10-06T17:01:26Z
IMTE,1.135,2025-10-06T19:53:43Z
IMTM,48.115,2025-10-06T19:59:46Z
IMTX,9.405,2025-10-06T19:59:56Z
IMUX,0.9346,2025-10-06T19:59:59Z
IMVT,16.55,2025-10-06T19:59:57Z
IMXI,13.94,2025-10-06T19:59:34Z
INACR,0.18,2025-10-06T17:26:00Z
INBK,22.335,2025-10-06T19:49:58Z
INBS,1.13,2025-10-06T19:44:29Z
INBX,34.925,2025-10-06T19:56:30Z
INCM,27.83,2025-10-06T19:53:46Z
INCO,65.145,2025-10-06T13:30:03Z
INCR,1.59,2025-10-06T19:59:26Z
INCY,87.245,2025-10-06T19:59:53Z
INDA,52.75,2025-10-06T19:59:57Z
INDB,70.305,2025-10-06T19:54:15Z
INDI,4.37,2025-10-06T19:59:51Z
INDO,3.03,2025-10-06T19:55:02Z
INDP,3.13,2025-10-06T18:29:58Z
INDS,37.78,2025-10-06T16:30:24Z
INDV,22.74,2025-10-06T19:59:51Z
INDY,51.53,2025-10-06T19:59:30Z
INFA,24.9,2025-10-06T19:59:59Z
INFL,45.175,2025-10-06T19:30:18Z
INFU,10.5,2025-10-06T19:59:28Z
INFY,16.695,2025-10-06T19:59:56Z
ING,25.32,2025-10-06T19:59:58Z
INGM,21.605,2025-10-06T19:58:10Z
INGN,8.42,2025-10-06T19:59:41Z
INGR,120.4,2025-10-06T19:59:38Z
INHD,1.34,2025-10-06T19:51:13Z
INKT,15.24,2025-10-06T19:54:40Z
INLF,0.7274,2025-10-06T17:20:00Z
INM,2.23,2025-10-06T19:57:38Z
INMB,2.07,2025-10-06T19:59:54Z
INMD,15.245,2025-10-06T19:59:43Z
INMU,23.885,2025-10-06T19:58:39Z
INN,5.45,2025-10-06T19:59:54Z
INN-E,19.16,2025-10-06T19:34:47Z
INNV,5.11,2025-10-06T19:05:40Z
INO,2.415,2025-10-06T19:59:50Z
INOD,87.185,2025-10-06T19:58:27Z
INR,13.75,2025-10-06T19:59:38Z
INSE,9.23,2025-10-06T19:59:55Z
INSG,16.555,2025-10-06T19:59:44Z
INSM,158.34,2025-10-06T19:59:56Z
INSP,76.395,2025-10-06T19:59:21Z
INSW,46.025,2025-10-06T19:59:49Z
INTA,39.81,2025-10-06T19:59:50Z
INTC,36.56,2025-10-06T19:59:59Z
INTF,36.6,2025-10-06T19:56:52Z
INTJ,0.4998,2025-10-06T19:59:19Z
INTL,28.38,2025-10-06T19:59:46Z
INTR,9.005,2025-10-06T19:59:55Z
INTS,0.2821,2025-10-06T19:59:37Z
INTT,7.85,2025-10-06T19:53:49Z
INTU,670.03,2025-10-06T19:59:59Z
INTW,46.3,2025-10-06T19:52:42Z
INTZ,1.83,2025-10-06T19:59:55Z
INUV,3.56,2025-10-06T19:29:49Z
INV,4.925,2025-10-06T19:59:41Z
INVA,17.39,2025-10-06T19:59:49Z
INVE,3.68,2025-10-06T19:47:04Z
INVH,28.215,2025-10-06T19:59:57Z
INVX,19.3,2025-10-06T19:59:50Z
INVZ,2.37,2025-10-06T19:59:57Z
INVZW,0.08,2025-10-06T18:34:13Z
IOBT,0.48,2025-10-06T19:59:57Z
IOCT,34.51,2025-10-06T19:58:44Z
ION,40.84,2025-10-06T14:32:07Z
IONL,136.02,2025-10-06T19:59:23Z
IONQ,78.95,2025-10-06T19:59:54Z
IONR,6.57,2025-10-06T19:58:40Z
IONS,69.015,2025-10-06T19:59:53Z
IONX,189.07,2025-10-06T19:59:59Z
IONZ,2.89,2025-10-06T19:59:44Z
IOO,121.8,2025-10-06T19:59:54Z
IOSP,78.73,2025-10-06T19:59:46Z
IOT,40.13,2025-10-06T19:59:49Z
IOTR,0.3698,2025-10-06T19:40:05Z
IOVA,2.205,2025-10-06T19:59:54Z
IP,45.895,2025-10-06T19:59:57Z
IPAC,75.425,2025-10-06T19:20:53Z
IPAR,93.5,2025-10-06T19:59:50Z
IPAY,58.31,2025-10-06T19:51:17Z
IPDN,3.49,2025-10-06T18:53:54Z
IPG,26.81,2025-10-06T19:59:54Z
IPGP,88.4,2025-10-06T19:57:35Z
IPHA,1.97,2025-10-06T16:22:39Z
IPI,30.63,2025-10-06T19:51:00Z
IPKW,53.355,2025-10-06T17:12:37Z
IPM,2.08,2025-10-06T19:52:27Z
IPO,50.92,2025-10-06T19:44:48Z
IPSC,0.557,2025-10-06T19:57:01Z
IPST,0.794,2025-10-06T19:59:03Z
IPW,0.567,2025-10-06T19:59:33Z
IPWR,5.5,2025-10-06T16:02:52Z
IPX,55.725,2025-10-06T19:11:57Z
IQ,2.45,2025-10-06T19:59:50Z
IQDF,28.935,2025-10-06T17:00:32Z
IQDG,40.95,2025-10-06T14:52:03Z
IQDY,34.63,2025-10-06T19:26:01Z
IQI,9.8,2025-10-06T19:49:55Z
IQLT,45.255,2025-10-06T19:59:43Z
IQQQ,44.54,2025-10-06T15:37:29Z
IQST,6.3,2025-10-06T18:53:08Z
IQV,205.09,2025-10-06T19:59:57Z
IR,83.44,2025-10-06T19:59:57Z
IRBT,4.56,2025-10-06T19:59:50Z
IRD,2.02,2025-10-06T19:59:58Z
IRDM,20.03,2025-10-06T19:59:50Z
IREN,57.74,2025-10-06T19:59:59Z
IRIX,1.135,2025-10-06T19:59:43Z
IRM,106.37,2025-10-06T19:59:42Z
IRMD,71.825,2025-10-06T19:54:43Z
IROC,50.64,2025-10-06T14:47:35Z
IRON,69.18,2025-10-06T19:59:36Z
IRS,11.505,2025-10-06T19:57:04Z
IRT,16.17,2025-10-06T19:59:52Z
IRTC,175.83,2025-10-06T19:59:13Z
IRWD,1.485,2025-10-06T19:59:55Z
ISCF,41.605,2025-10-06T19:56:17Z
ISCV,67.59,2025-10-06T18:43:32Z
ISD,14.18,2025-10-06T19:55:52Z
ISEP,32.22,2025-10-06T19:48:23Z
ISMD,39.26,2025-10-06T18:18:31Z
ISOU,10.36,2025-10-06T19:14:20Z
ISPC,1.12,2025-10-06T19:56:10Z
ISPO,2.98,2025-10-06T19:59:13Z
ISPR,2.55,2025-10-06T19:44:31Z
ISPY,45.39,2025-10-06T19:49:20Z
ISRG,449.675,2025-10-06T19:59:36Z
ISRLW,0.1743,2025-10-06T19:58:58Z
ISSC,12.365,2025-10-06T19:58:58Z
ISTB,48.715,2025-10-06T19:59:46Z
ISTR,22.9,2025-10-06T19:57:58Z
IT,256.5,2025-10-06T19:59:43Z
ITA,212.56,2025-10-06T19:59:50Z
ITB,107,2025-10-06T19:59:54Z
ITDB,33.145,2025-10-06T19:57:41Z
ITDC,34.21,2025-10-06T19:04:11Z
ITDF,37.15,2025-10-06T19:59:45Z
ITGR,105.315,2025-10-06T19:59:35Z
ITIC,276.13,2025-10-06T18:50:59Z
ITM,46.51,2025-10-06T19:59:59Z
ITOT,147.005,2025-10-06T19:59:50Z
ITP,0.2446,2025-10-06T19:52:31Z
ITRG,3.27,2025-10-06T19:59:50Z
ITRI,125.9,2025-10-06T19:59:29Z
ITRM,0.7023,2025-10-06T19:55:54Z
ITRN,36.41,2025-10-06T18:17:47Z
ITT,181.07,2025-10-06T19:59:42Z
ITUB,7.125,2025-10-06T19:59:57Z
ITW,258.83,2025-10-06T19:59:50Z
ITWO,40.23,2025-10-06T16:25:02Z
IUS,55.75,2025-10-06T18:20:12Z
IUSB,46.565,2025-10-06T19:59:57Z
IUSG,165.93,2025-10-06T19:53:00Z
IUSV,100.84,2025-10-06T19:59:46Z
IVA,6.225,2025-10-06T19:43:51Z
IVAL,30.77,2025-10-06T18:52:57Z
IVDA,1.56,2025-10-06T19:59:07Z
IVE,208.35,2025-10-06T19:59:26Z
IVES,33.465,2025-10-06T19:59:19Z
IVF,0.781,2025-10-06T19:12:04Z
IVLU,35.935,2025-10-06T19:59:42Z
IVOG,120.57,2025-10-06T19:32:41Z
IVOL,19.32,2025-10-06T18:33:10Z
IVOO,111.43,2025-10-06T19:59:50Z
IVR,7.5,2025-10-06T19:59:51Z
IVR-C,24.55,2025-10-06T18:26:38Z
IVT,27.805,2025-10-06T19:59:49Z
IVV,675.06,2025-10-06T19:59:18Z
IVVB,32.89,2025-10-06T15:28:46Z
IVVD,1.41,2025-10-06T19:59:56Z
IVVM,34.31,2025-10-06T18:43:58Z
IVVW,46.09,2025-10-06T16:09:27Z
IVW,121.64,2025-10-06T19:59:55Z
IVZ,24.125,2025-10-06T19:59:54Z
IWB,368.945,2025-10-06T19:58:58Z
IWC,154.08,2025-10-06T19:59:59Z
IWD,205.23,2025-10-06T19:59:53Z
IWF,473.02,2025-10-06T19:59:26Z
IWL,167.5,2025-10-06T15:50:01Z
IWLG,54.59,2025-10-06T17:16:50Z
IWM,246.805,2025-10-06T19:59:58Z
IWMI,49.34,2025-10-06T19:41:01Z
IWMW,40.58,2025-10-06T19:43:25Z
IWMY,23.23,2025-10-06T19:59:53Z
IWN,179.82,2025-10-06T19:59:36Z
IWO,327.44,2025-10-06T19:56:57Z
IWP,143.57,2025-10-06T19:59:23Z
IWR,97.29,2025-10-06T19:59:53Z
IWS,140.79,2025-10-06T19:59:37Z
IWV,382.305,2025-10-06T19:58:09Z
IWX,88.595,2025-10-06T19:59:51Z
IWY,276.15,2025-10-06T19:59:34Z
IX,25.94,2025-10-06T19:57:29Z
IXC,42.025,2025-10-06T19:34:38Z
IXHL,0.4446,2025-10-06T19:59:54Z
IXJ,92.39,2025-10-06T19:59:47Z
IXN,105.955,2025-10-06T19:59:19Z
IXP,122.58,2025-10-06T17:15:56Z
IXUS,84.15,2025-10-06T19:59:45Z
IYC,104.23,2025-10-06T19:59:09Z
IYE,47.555,2025-10-06T19:59:44Z
IYF,125.6,2025-10-06T19:59:41Z
IYG,89.06,2025-10-06T19:47:57Z
IYH,60.89,2025-10-06T19:55:54Z
IYJ,147.305,2025-10-06T19:36:04Z
IYK,67.42,2025-10-06T19:59:35Z
IYLD,21.21,2025-10-06T14:46:11Z
IYR,96.025,2025-10-06T19:59:55Z
IYT,73.29,2025-10-06T19:59:29Z
IYW,199.4,2025-10-06T19:59:58Z
IYZ,32.64,2025-10-06T19:59:19Z
IZEA,4.03,2025-10-06T18:25:24Z
IZM,2.38,2025-10-06T16:47:30Z
IZRL,29.7,2025-10-06T19:59:41Z
J,155.195,2025-10-06T19:59:34Z
JAAA,50.6,2025-10-06T19:59:26Z
JACK,19.17,2025-10-06T19:59:50Z
JADE,61.82,2025-10-06T16:08:08Z
JAGX,2.19,2025-10-06T19:55:43Z
JAKK,18.77,2025-10-06T19:59:26Z
JAMF,10.47,2025-10-06T19:59:54Z
JANW,36.21,2025-10-06T19:43:59Z
JANX,22.73,2025-10-06T19:59:46Z
JAPN,28.41,2025-10-06T15:48:11Z
JAVA,69.43,2025-10-06T19:59:42Z
JAZZ,137.56,2025-10-06T19:59:55Z
JBBB,48.13,2025-10-06T19:59:50Z
JBDI,2.04,2025-10-06T19:58:16Z
JBGS,21.82,2025-10-06T19:59:59Z
JBHT,141.65,2025-10-06T19:59:50Z
JBI,9.77,2025-10-06T19:59:55Z
JBIO,9.145,2025-10-06T19:54:58Z
JBL,202.445,2025-10-06T19:59:05Z
JBLU,4.87,2025-10-06T19:59:55Z
JBND,53.98,2025-10-06T19:59:54Z
JBS,13.57,2025-10-06T19:59:56Z
JBSS,63.27,2025-10-06T19:43:12Z
JBTM,146.8,2025-10-06T19:59:51Z
JCAP,17.985,2025-10-06T19:59:30Z
JCE,15.64,2025-10-06T13:53:00Z
JCI,109.55,2025-10-06T19:59:49Z
JCPB,47.35,2025-10-06T19:59:46Z
JCPI,48.66,2025-10-06T18:15:59Z
JCSE,1.505,2025-10-06T15:23:06Z
JCTC,3.57,2025-10-06T15:24:40Z
JD,35.915,2025-10-06T19:59:59Z
JDST,4.02,2025-10-06T19:59:47Z
JDVI,34.465,2025-10-06T15:32:35Z
JEDI,27.5,2025-10-06T15:29:41Z
JEF,61.2,2025-10-06T19:59:46Z
JELD,4.68,2025-10-06T19:59:58Z
JEM,0.3681,2025-10-06T19:06:29Z
JENA^,0.24,2025-10-06T15:04:38Z
JEPI,56.97,2025-10-06T19:59:57Z
JEPQ,57.46,2025-10-06T19:59:02Z
JEQ,8.37,2025-10-06T17:15:22Z
JETS,25.085,2025-10-06T19:59:54Z
JETU,23.02,2025-10-06T18:55:32Z
JFB,14.755,2025-10-06T19:58:24Z
JFBR,4.33,2025-10-06T19:50:11Z
JFIN,11.44,2025-10-06T18:12:34Z
JFLX,50.27,2025-10-06T18:17:42Z
JFR,8.04,2025-10-06T19:59:52Z
JFU,2.725,2025-10-06T16:44:49Z
JGH,13.44,2025-10-06T19:58:04Z
JGLO,68.53,2025-10-06T19:59:45Z
JGRO,94.365,2025-10-06T19:53:18Z
JGRW,27.34,2025-10-06T17:18:15Z
JHCB,21.74,2025-10-06T14:22:30Z
JHEM,32.21,2025-10-06T19:53:50Z
JHG,45.625,2025-10-06T19:59:49Z
JHI,13.91,2025-10-06T19:59:34Z
JHMD,40.65,2025-10-06T19:47:45Z
JHML,78.935,2025-10-06T19:59:46Z
JHMM,65.21,2025-10-06T19:59:38Z
JHPI,23.315,2025-10-06T19:59:45Z
JHSC,42.4,2025-10-06T16:51:54Z
JHX,20.1,2025-10-06T19:59:59Z
JIG,77.31,2025-10-06T18:42:07Z
JIII,50.99,2025-10-06T19:53:14Z
JILL,15.73,2025-10-06T19:33:08Z
JIRE,75.235,2025-10-06T19:59:03Z
JIVE,76.18,2025-10-06T19:46:26Z
JJSF,96.19,2025-10-06T19:59:41Z
JKHY,147.66,2025-10-06T19:59:57Z
JKS,24.55,2025-10-06T19:59:49Z
JL,5.035,2025-10-06T18:34:32Z
JLHL,4.23,2025-10-06T19:57:43Z
JLL,290.45,2025-10-06T19:52:18Z
JMBS,45.515,2025-10-06T19:50:00Z
JMEE,63.95,2025-10-06T19:56:53Z
JMHI,50.295,2025-10-06T19:58:01Z
JMIA,11.87,2025-10-06T19:59:56Z
JMID,30.08,2025-10-06T16:12:01Z
JMOM,68.06,2025-10-06T19:31:32Z
JMSB,19.6,2025-10-06T17:29:38Z
JMSI,50.12,2025-10-06T18:55:30Z
JMST,50.92,2025-10-06T19:59:59Z
JMTG,50.88,2025-10-06T19:59:59Z
JMUB,50.335,2025-10-06T19:59:46Z
JNJ,188.18,2025-10-06T19:59:49Z
JNK,97.49,2025-10-06T19:59:54Z
JNUG,174.65,2025-10-06T19:57:42Z
JOB,0.2103,2025-10-06T19:58:53Z
JOBX,46.91,2025-10-06T17:46:02Z
JOBY,19.57,2025-10-06T19:59:59Z
JOBY+,8.48,2025-10-06T19:59:51Z
JOE,47.74,2025-10-06T19:59:47Z
JOF,10.8,2025-10-06T19:55:24Z
JOUT,42.22,2025-10-06T19:58:27Z
JOYY,58.4,2025-10-06T19:59:32Z
JPC,8.155,2025-10-06T19:59:29Z
JPEF,74.48,2025-10-06T19:59:47Z
JPIB,48.8,2025-10-06T19:59:53Z
JPIE,46.245,2025-10-06T19:52:43Z
JPLD,52.31,2025-10-06T19:59:59Z
JPM,309.21,2025-10-06T19:59:50Z
JPM-C,25.53,2025-10-06T15:10:48Z
JPM-D,25.035,2025-10-06T18:46:03Z
JPM-K,20.24,2025-10-06T19:53:19Z
JPM-L,20.53,2025-10-06T18:45:42Z
JPM-M,19.19,2025-10-06T19:56:17Z
JPMO,17.1,2025-10-06T15:56:00Z
JPST,50.62,2025-10-06T19:59:41Z
JPX,21.24,2025-10-06T18:08:54Z
JPXN,88.1,2025-10-06T19:57:10Z
JQC,5.17,2025-10-06T19:59:10Z
JQUA,63.14,2025-10-06T19:55:07Z
JRI,14.2,2025-10-06T19:27:38Z
JRS,8.115,2025-10-06T18:23:24Z
JRSH,3.285,2025-10-06T19:58:55Z
JRVR,5.45,2025-10-06T19:59:52Z
JSCP,47.465,2025-10-06T18:01:33Z
JSI,52.105,2025-10-06T19:55:06Z
JSMD,83.665,2025-10-06T14:33:31Z
JSML,75.085,2025-10-06T15:12:04Z
JSPR,2.4,2025-10-06T19:59:50Z
JTAI,3.07,2025-10-06T19:59:36Z
JTEK,93.935,2025-10-06T19:58:45Z
JULH,25.03,2025-10-06T18:09:22Z
JULT,43.96,2025-10-06T19:36:26Z
JUNS,1.57,2025-10-06T16:36:52Z
JUNW,32.83,2025-10-06T14:21:17Z
JWEL,1.74,2025-10-06T19:41:07Z
JXI,79.15,2025-10-06T17:11:06Z
JXN,101.58,2025-10-06T19:59:40Z
JXN-A,26.01,2025-10-06T19:57:59Z
JXX,28.65,2025-10-06T18:33:11Z
JYD,0.1399,2025-10-06T19:56:11Z
JYNT,8.84,2025-10-06T19:59:46Z
JZXN,0.385,2025-10-06T19:36:07Z
K,82.67,2025-10-06T19:59:50Z
KAI,305.73,2025-10-06T19:50:13Z
KALA,1.54,2025-10-06T19:59:31Z
KALU,76.75,2025-10-06T19:48:15Z
KALV,10.95,2025-10-06T19:59:54Z
KAPA,1.24,2025-10-06T19:59:45Z
KAR,27.71,2025-10-06T19:59:53Z
KARO,54.72,2025-10-06T19:59:45Z
KARS,31.74,2025-10-06T19:59:28Z
KAUG,26.225,2025-10-06T18:46:07Z
KAVL,0.5781,2025-10-06T19:47:48Z
KB,83.195,2025-10-06T19:59:21Z
KBA,30.04,2025-10-06T19:59:50Z
KBAB,38.81,2025-10-06T19:59:50Z
KBDC,13.69,2025-10-06T19:59:53Z
KBE,59.63,2025-10-06T19:59:54Z
KBH,64.48,2025-10-06T19:59:54Z
KBR,47.465,2025-10-06T19:59:30Z
KBSX,1.515,2025-10-06T19:58:47Z
KBWB,77.315,2025-10-06T19:59:57Z
KBWD,13.505,2025-10-06T19:59:05Z
KBWY,15.645,2025-10-06T19:59:46Z
KC,15.32,2025-10-06T19:59:53Z
KCCA,17.7,2025-10-06T16:25:00Z
KCE,153.305,2025-10-06T13:33:37Z
KCHV,10.07,2025-10-06T15:41:33Z
KD,30.64,2025-10-06T19:59:55Z
KDEF,49.85,2025-10-06T16:38:58Z
KDK,8.09,2025-10-06T19:59:58Z
KDKRW,1.18,2025-10-06T18:30:04Z
KDP,25.27,2025-10-06T19:59:59Z
KDRN,23.28,2025-10-06T16:18:44Z
KE,28.685,2025-10-06T19:57:14Z
KEAT,29.68,2025-10-06T19:58:00Z
KELYA,12.93,2025-10-06T19:59:52Z
KEP,12.775,2025-10-06T19:59:22Z
KEX,83.48,2025-10-06T19:59:43Z
KEY,18.54,2025-10-06T19:59:58Z
KEY-I,25.16,2025-10-06T18:22:07Z
KEY-L,25.165,2025-10-06T16:10:49Z
KEYS,173.41,2025-10-06T19:59:52Z
KFEB,27.07,2025-10-06T18:03:00Z
KFRC,30.41,2025-10-06T19:59:48Z
KFS,14.455,2025-10-06T19:57:52Z
KFY,71.38,2025-10-06T19:59:42Z
KGC,25.34,2025-10-06T19:59:57Z
KGEI,5.42,2025-10-06T19:59:53Z
KGLD,28.89,2025-10-06T19:52:42Z
KGRN,32.14,2025-10-06T17:11:16Z
KGS,33.545,2025-10-06T19:59:56Z
KHC,25.26,2025-10-06T19:59:59Z
KHPI,25.65,2025-10-06T19:59:45Z
KIDS,18.2,2025-10-06T19:59:38Z
KIDZ,1.165,2025-10-06T19:59:54Z
KIE,59.895,2025-10-06T19:59:28Z
KIM,21.51,2025-10-06T19:59:56Z
KIM-M,22.15,2025-10-06T15:38:24Z
KINS,14.3,2025-10-06T19:59:50Z
KIO,12.32,2025-10-06T19:59:02Z
KITT,3.47,2025-10-06T19:56:58Z
KITTW,0.042,2025-10-06T14:10:42Z
KKR,126.89,2025-10-06T19:59:54Z
KKRT,26.05,2025-10-06T17:56:41Z
KLAC,1140.21,2025-10-06T19:57:58Z
KLAR,42.24,2025-10-06T19:59:59Z
KLC,6.61,2025-10-06T19:59:55Z
KLIC,41.59,2025-10-06T19:59:54Z
KLIP,33.14,2025-10-06T15:42:58Z
KLRS,8.02,2025-10-06T19:59:25Z
KLTO,0.5151,2025-10-06T19:59:55Z
KLTR,1.5,2025-10-06T19:59:44Z
KLXE,1.97,2025-10-06T19:59:25Z
KMAY,27.73,2025-10-06T18:29:28Z
KMB,120.53,2025-10-06T19:59:45Z
KMDA,6.69,2025-10-06T18:04:33Z
KMI,27.94,2025-10-06T19:59:59Z
KMLM,26.835,2025-10-06T19:59:46Z
KMPB,23.7,2025-10-06T18:44:23Z
KMPR,50.11,2025-10-06T19:59:56Z
KMT,21.95,2025-10-06T19:59:29Z
KMTS,25.1,2025-10-06T19:58:29Z
KMX,46.825,2025-10-06T19:59:48Z
KN,24.425,2025-10-06T19:58:14Z
KNF,71.02,2025-10-06T19:59:50Z
KNG,49.41,2025-10-06T19:59:59Z
KNOP,8.64,2025-10-06T19:56:33Z
KNRX,3.15,2025-10-06T13:38:36Z
KNSA,38.32,2025-10-06T19:59:36Z
KNSL,474.095,2025-10-06T19:59:44Z
KNTK,38.92,2025-10-06T19:59:52Z
KNX,43.26,2025-10-06T19:59:50Z
KO,66.08,2025-10-06T19:59:59Z
KOCT,33.34,2025-10-06T19:53:25Z
KOD,14.63,2025-10-06T19:59:40Z
KODK,6.64,2025-10-06T19:59:59Z
KOF,82.645,2025-10-06T19:53:23Z
KOID,32.72,2025-10-06T16:00:28Z
KOLD,33.16,2025-10-06T19:59:03Z
KOMP,64.765,2025-10-06T19:59:45Z
KOP,26.785,2025-10-06T19:59:46Z
KOPN,3.57,2025-10-06T19:59:50Z
KORE,2.83,2025-10-06T14:21:04Z
KORP,47.52,2025-10-06T17:31:35Z
KOS,1.865,2025-10-06T19:59:59Z
KOSS,5.15,2025-10-06T19:52:15Z
KOYNU,10.11,2025-10-06T19:28:28Z
KPDD,27.34,2025-10-06T19:59:50Z
KPLT,14.71,2025-10-06T17:55:39Z
KPTI,6.2,2025-10-06T19:58:34Z
KR,64.825,2025-10-06T19:59:59Z
KRBN,33.84,2025-10-06T18:02:50Z
KRC,42.44,2025-10-06T19:59:55Z
KRE,64.08,2025-10-06T19:59:58Z
KREF,8.66,2025-10-06T19:59:57Z
KREF-A,19.8,2025-10-06T17:35:18Z
KRG,22.295,2025-10-06T19:59:55Z
KRMD,3.97,2025-10-06T19:59:29Z
KRMN,74.27,2025-10-06T19:59:51Z
KRNT,13.99,2025-10-06T19:59:51Z
KRNY,6.82,2025-10-06T19:59:54Z
KRO,5.705,2025-10-06T19:59:43Z
KROS,15.64,2025-10-06T19:59:51Z
KRP,13.75,2025-10-06T19:59:44Z
KRRO,43.555,2025-10-06T19:59:49Z
KRSP=,10.55,2025-10-06T19:07:40Z
KRT,23.38,2025-10-06T19:55:05Z
KRUS,58.97,2025-10-06T19:58:02Z
KRYS,180.485,2025-10-06T19:59:43Z
KSA,40.77,2025-10-06T19:59:27Z
KSCP,7.36,2025-10-06T19:59:55Z
KSLV,25.83,2025-10-06T17:26:19Z
KSPI,77.7,2025-10-06T19:58:30Z
KSS,16.51,2025-10-06T19:59:53Z
KSTR,20.245,2025-10-06T19:58:51Z
KT,19.51,2025-10-06T19:59:50Z
KTB,81.95,2025-10-06T19:59:45Z
KTCC,3.33,2025-10-06T13:45:58Z
KTEC,19.4,2025-10-06T19:59:46Z
KTF,9.15,2025-10-06T19:49:21Z
KTOS,100.24,2025-10-06T19:59:52Z
KTTA,0.829,2025-10-06T19:24:44Z
KUKE,0.5781,2025-10-06T19:47:15Z
KULR,5.42,2025-10-06T19:59:55Z
KURA,9.79,2025-10-06T19:59:54Z
KURE,21.23,2025-10-06T13:31:54Z
KVUE,15.68,2025-10-06T19:59:58Z
KVYO,26.145,2025-10-06T19:59:52Z
KW,7.84,2025-10-06T19:59:56Z
KWEB,42.89,2025-10-06T19:59:54Z
KWM,2.81,2025-10-06T19:40:16Z
KWR,132.2,2025-10-06T19:56:44Z
KWT,39.435,2025-10-06T19:32:54Z
KXI,63.78,2025-10-06T17:42:43Z
KXIN,0.75,2025-10-06T19:51:34Z
KYIV,12.17,2025-10-06T19:59:45Z
KYIVW,3.43,2025-10-06T19:59:21Z
KYMR,57.555,2025-10-06T19:59:48Z
KYN,12.215,2025-10-06T19:42:42Z
KYTX,5.885,2025-10-06T19:59:53Z
KZIA,6.89,2025-10-06T16:26:08Z
KZR,3.915,2025-10-06T18:04:49Z
L,102.37,2025-10-06T19:59:49Z
LAB,1.32,2025-10-06T19:59:55Z
LABD,36.57,2025-10-06T19:59:06Z
LABU,103.41,2025-10-06T19:59:57Z
LABX,34.39,2025-10-06T19:58:33Z
LAC,8.47,2025-10-06T19:59:58Z
LAD,313.71,2025-10-06T19:59:47Z
LADR,10.37,2025-10-06T19:59:57Z
LAES,5.035,2025-10-06T19:59:51Z
LAKE,15.49,2025-10-06T19:59:32Z
LAMR,122.15,2025-10-06T19:59:45Z
LAND,9.13,2025-10-06T19:59:04Z
LANDP,19.4,2025-10-06T16:27:34Z
LAR,4.425,2025-10-06T19:59:52Z
LARK,26.575,2025-10-06T19:14:18Z
LASE,4.63,2025-10-06T19:59:45Z
LASR,30.785,2025-10-06T19:58:47Z
LATAU,9.99,2025-10-06T19:42:43Z
LAUR,29.895,2025-10-06T19:59:38Z
LAW,6.28,2025-10-06T19:59:16Z
LAWR,3.13,2025-10-06T19:59:46Z
LAYS,54.45,2025-10-06T15:56:05Z
LAZ,50.48,2025-10-06T19:59:52Z
LAZR,2.235,2025-10-06T19:59:52Z
LB,57.12,2025-10-06T19:59:02Z
LBGJ,0.565,2025-10-06T16:46:55Z
LBRDA,64.955,2025-10-06T19:57:23Z
LBRDK,65.2,2025-10-06T19:59:33Z
LBRT,13.1,2025-10-06T19:59:59Z
LBRX,15.195,2025-10-06T19:59:22Z
LBTYA,11.42,2025-10-06T19:59:55Z
LBTYK,11.625,2025-10-06T19:59:36Z
LC,14.81,2025-10-06T19:59:55Z
LCAP,29.38,2025-10-06T19:00:58Z
LCDL,19.48,2025-10-06T19:37:23Z
LCID,24.02,2025-10-06T19:59:59Z
LCII,90.19,2025-10-06T19:59:49Z
LCNB,14.59,2025-10-06T19:14:07Z
LCTU,73.19,2025-10-06T15:31:06Z
LCTX,1.7,2025-10-06T19:59:45Z
LCUT,3.81,2025-10-06T15:18:16Z
LDDR,84.86,2025-10-06T19:23:46Z
LDI,2.925,2025-10-06T19:59:59Z
LDOS,198.05,2025-10-06T19:59:54Z
LDP,21.69,2025-10-06T19:59:35Z
LDUR,95.88,2025-10-06T17:54:44Z
LE,15.55,2025-10-06T19:57:06Z
LEA,102.925,2025-10-06T19:59:47Z
LECO,236.495,2025-10-06T19:58:40Z
LEDS,2.61,2025-10-06T19:03:18Z
LEG,8.76,2025-10-06T19:59:57Z
LEGH,23.31,2025-10-06T19:58:37Z
LEGN,31.415,2025-10-06T19:59:42Z
LEGR,57.455,2025-10-06T19:58:17Z
LEGT+,0.37,2025-10-06T18:32:49Z
LEMB,41.18,2025-10-06T19:59:59Z
LEN,126.405,2025-10-06T19:59:41Z
LEN.B,120.3,2025-10-06T19:35:47Z
LENZ,46.12,2025-10-06T19:59:13Z
LEO,6.245,2025-10-06T19:55:24Z
LESL,4.515,2025-10-06T19:59:24Z
LEU,355.22,2025-10-06T19:57:31Z
LEVI,24.31,2025-10-06T19:59:59Z
LEXX,0.8325,2025-10-06T19:58:10Z
LFCR,6.84,2025-10-06T19:58:42Z
LFGY,38.05,2025-10-06T18:32:29Z
LFMD,6.93,2025-10-06T19:59:56Z
LFSC,30.26,2025-10-06T15:48:00Z
LFST,5.615,2025-10-06T19:59:57Z
LFT,1.875,2025-10-06T19:54:59Z
LFUS,260.71,2025-10-06T18:11:51Z
LFVN,9.53,2025-10-06T19:59:07Z
LFWD,0.82,2025-10-06T14:57:50Z
LGCB,1.93,2025-10-06T15:36:52Z
LGCL,0.1553,2025-10-06T14:49:32Z
LGCY,10.19,2025-10-06T19:59:40Z
LGHL,1.41,2025-10-06T18:38:51Z
LGI,17.61,2025-10-06T19:15:23Z
LGIH,50.1,2025-10-06T19:59:45Z
LGLV,177.49,2025-10-06T14:25:50Z
LGN,30.495,2025-10-06T19:59:52Z
LGND,182.52,2025-10-06T19:20:59Z
LGO,1.74,2025-10-06T19:59:45Z
LGOV,21.79,2025-10-06T19:58:58Z
LGRO,41,2025-10-06T19:59:50Z
LGVN,0.792,2025-10-06T19:53:15Z
LH,275.165,2025-10-06T19:59:49Z
LHAI,9.34,2025-10-06T19:53:35Z
LHSW,2.21,2025-10-06T19:59:58Z
LHX,303.02,2025-10-06T19:59:25Z
LI,24.9,2025-10-06T19:59:57Z
LICN,4.71,2025-10-06T13:32:10Z
LIDR,2.845,2025-10-06T19:59:50Z
LIEN,10.4,2025-10-06T18:01:52Z
LIF,110.925,2025-10-06T19:58:25Z
LII,553.81,2025-10-06T19:59:57Z
LILA,8.35,2025-10-06T19:59:59Z
LILAK,8.51,2025-10-06T19:59:59Z
LIMN,1.74,2025-10-06T19:58:13Z
LIN,468.52,2025-10-06T19:59:58Z
LINC,22.8,2025-10-06T19:57:10Z
LIND,12.425,2025-10-06T19:57:05Z
LINE,41.38,2025-10-06T19:59:52Z
LINK,12.005,2025-10-06T19:14:16Z
LION,6.415,2025-10-06T19:59:57Z
LIT,59.63,2025-10-06T19:59:58Z
LITE,160.52,2025-10-06T19:59:54Z
LITM,5.125,2025-10-06T19:58:47Z
LITP,10,2025-10-06T19:47:13Z
LITS,2.58,2025-10-06T19:59:46Z
LIVE,18.115,2025-10-06T14:56:35Z
LIVN,52.6,2025-10-06T19:59:30Z
LIXT,5.035,2025-10-06T19:55:29Z
LKFN,64.27,2025-10-06T19:57:28Z
LKQ,30.71,2025-10-06T19:59:59Z
LLY,844.99,2025-10-06T19:59:39Z
LLYVA,87.18,2025-10-06T19:50:59Z
LLYVK,89.605,2025-10-06T19:44:31Z
LLYX,16.94,2025-10-06T19:59:40Z
LMAT,87.565,2025-10-06T19:59:38Z
LMB,93.145,2025-10-06T19:59:31Z
LMBO,41.06,2025-10-06T17:54:30Z
LMBS,49.85,2025-10-06T19:59:46Z
LMFA,1.41,2025-10-06T19:59:50Z
LMND,56.19,2025-10-06T19:59:43Z
LMNR,14.94,2025-10-06T19:59:16Z
LMT,514.29,2025-10-06T19:59:45Z
LMTL,35.37,2025-10-06T13:47:02Z
LNAI,1.26,2025-10-06T19:57:02Z
LNC,40.24,2025-10-06T19:59:53Z
LNC-D,26.78,2025-10-06T19:57:30Z
LND,3.76,2025-10-06T17:54:04Z
LNG,233.185,2025-10-06T19:59:51Z
LNKB,7.12,2025-10-06T19:55:44Z
LNKS,0.4973,2025-10-06T19:58:35Z
LNN,140.81,2025-10-06T17:17:18Z
LNSR,12.1,2025-10-06T19:58:36Z
LNT,68.1,2025-10-06T19:59:56Z
LNTH,52.66,2025-10-06T19:59:50Z
LNW,83.015,2025-10-06T19:59:46Z
LOAR,78.83,2025-10-06T19:59:49Z
LOB,35.35,2025-10-06T19:57:26Z
LOB-A,26.07,2025-10-06T16:12:47Z
LOBO,0.8093,2025-10-06T17:01:18Z
LOCO,9.27,2025-10-06T19:59:01Z
LOCT,23.85,2025-10-06T18:38:50Z
LODE,3.75,2025-10-06T19:59:58Z
LODI,25.295,2025-10-06T14:51:05Z
LOGI,114.24,2025-10-06T19:59:12Z
LOMA,7.56,2025-10-06T19:59:15Z
LONZ,50.735,2025-10-06T19:58:57Z
LOOP,1.76,2025-10-06T19:12:54Z
LOPE,216.04,2025-10-06T19:58:59Z
LOT,2.235,2025-10-06T19:00:13Z
LOTWW,0.0785,2025-10-06T15:24:45Z
LOUP,77.8,2025-10-06T19:24:12Z
LOVE,16.12,2025-10-06T19:59:46Z
LOW,241.645,2025-10-06T19:59:54Z
LPBB,10.44,2025-10-06T19:28:24Z
LPCN,3.2,2025-10-06T19:55:00Z
LPG,28.355,2025-10-06T19:59:30Z
LPL,5.455,2025-10-06T19:59:21Z
LPLA,312.15,2025-10-06T19:59:32Z
LPRO,2.04,2025-10-06T19:59:50Z
LPSN,0.5642,2025-10-06T19:59:25Z
LPTH,8.38,2025-10-06T19:59:56Z
LPTX,0.758,2025-10-06T19:59:54Z
LPX,89.19,2025-10-06T19:59:50Z
LQD,111.19,2025-10-06T19:59:58Z
LQDA,22.87,2025-10-06T19:59:54Z
LQDB,87.98,2025-10-06T18:55:17Z
LQDH,93.355,2025-10-06T19:56:10Z
LQDT,27.11,2025-10-06T19:57:42Z
LQDW,25.085,2025-10-06T19:59:47Z
LQTI,20.28,2025-10-06T18:34:38Z
LRCX,149.145,2025-10-06T19:59:56Z
LRE,1.7,2025-10-06T19:47:33Z
LRGE,84.18,2025-10-06T18:20:32Z
LRGF,69.295,2025-10-06T19:58:06Z
LRMR,4.805,2025-10-06T19:59:50Z
LRN,140.68,2025-10-06T19:59:50Z
LSAK,4.27,2025-10-06T19:58:01Z
LSAT,41,2025-10-06T19:56:29Z
LSBK,13.04,2025-10-06T19:47:42Z
LSCC,74.46,2025-10-06T19:59:56Z
LSF,5.69,2025-10-06T19:52:33Z
LSGR,44.67,2025-10-06T17:56:49Z
LSH,1.33,2025-10-06T16:26:07Z
LSPD,11.94,2025-10-06T19:59:55Z
LSTA,2.52,2025-10-06T13:30:38Z
LSTR,123.91,2025-10-06T19:59:50Z
LTBR,22.665,2025-10-06T19:59:59Z
LTC,35.05,2025-10-06T19:59:42Z
LTH,26.99,2025-10-06T19:59:54Z
LTM,42.38,2025-10-06T19:59:57Z
LTPZ,52.79,2025-10-06T19:59:15Z
LTRN,4.4,2025-10-06T19:59:16Z
LTRX,5.15,2025-10-06T19:59:50Z
LU,4.09,2025-10-06T19:59:59Z
LUCD,1.025,2025-10-06T19:59:37Z
LUCK,10.35,2025-10-06T19:59:23Z
LUCY,2,2025-10-06T19:59:41Z
LULU,174.1,2025-10-06T19:59:50Z
LUMN,7.16,2025-10-06T19:59:55Z
LUNG,1.75,2025-10-06T19:59:19Z
LUNR,11.98,2025-10-06T19:59:56Z
LUV,32.56,2025-10-06T19:59:58Z
LUXE,7.71,2025-10-06T19:59:58Z
LVHD,41.23,2025-10-06T19:59:10Z
LVHI,35.135,2025-10-06T19:59:27Z
LVLU,4.95,2025-10-06T15:50:57Z
LVO,4.13,2025-10-06T19:50:15Z
LVS,52.28,2025-10-06T19:59:50Z
LVTX,1.62,2025-10-06T19:59:32Z
LVWR,5.09,2025-10-06T19:53:32Z
LW,63.405,2025-10-06T19:59:49Z
LWAY,25.89,2025-10-06T18:14:24Z
LWLG,4.95,2025-10-06T19:59:52Z
LX,5.3,2025-10-06T19:59:56Z
LXEH,0.9095,2025-10-06T19:59:36Z
LXEO,6.46,2025-10-06T19:59:50Z
LXFR,13.66,2025-10-06T19:59:16Z
LXP,9.335,2025-10-06T19:59:52Z
LXRX,1.545,2025-10-06T19:59:51Z
LXU,9.05,2025-10-06T19:59:50Z
LYB,48.66,2025-10-06T19:59:55Z
LYEL,17.93,2025-10-06T19:55:05Z
LYFT,21.74,2025-10-06T19:59:58Z
LYG,4.58,2025-10-06T19:59:50Z
LYRA,8.2,2025-10-06T19:42:29Z
LYTS,22.72,2025-10-06T19:52:24Z
LYV,155.89,2025-10-06T19:59:56Z
LZ,10.08,2025-10-06T19:59:58Z
LZB,33.77,2025-10-06T19:59:43Z
LZM,5.59,2025-10-06T19:58:06Z
LZM+,0.6475,2025-10-06T15:20:13Z
LZMH,3.215,2025-10-06T19:59:17Z
M,18.31,2025-10-06T19:59:56Z
MA,578.895,2025-10-06T19:59:49Z
MAA,135.98,2025-10-06T19:59:54Z
MAAS,3.355,2025-10-06T18:08:44Z
MAC,17.79,2025-10-06T19:59:53Z
MAGA,52.74,2025-10-06T17:36:31Z
MAGC,29.06,2025-10-06T14:46:57Z
MAGG,20.62,2025-10-06T19:20:50Z
MAGH,1.37,2025-10-06T18:27:45Z
MAGN,11.86,2025-10-06T19:59:48Z
MAGS,65.355,2025-10-06T19:59:54Z
MAGY,56.4,2025-10-06T14:37:03Z
MAIA,1.74,2025-10-06T19:37:22Z
MAIN,62.41,2025-10-06T19:59:46Z
MAMA,10.545,2025-10-06T19:59:43Z
MAMB,23.78,2025-10-06T19:59:46Z
MAMK,2.96,2025-10-06T19:59:42Z
MAMO,2.835,2025-10-06T18:28:59Z
MAN,39.335,2025-10-06T19:59:32Z
MANH,200.405,2025-10-06T19:59:15Z
MANU,15.41,2025-10-06T19:56:25Z
MAPS,1.16,2025-10-06T19:59:50Z
MAR,271.975,2025-10-06T19:59:57Z
MARA,20.58,2025-10-06T19:59:58Z
MARB,20.21,2025-10-06T19:59:56Z
MARO,20.4,2025-10-06T19:58:10Z
MAS,68.795,2025-10-06T19:59:56Z
MASI,148.11,2025-10-06T19:59:32Z
MASK,0.611,2025-10-06T19:33:45Z
MASS,8.745,2025-10-06T19:59:44Z
MAT,18.09,2025-10-06T19:59:57Z
MATH,3.825,2025-10-06T18:31:46Z
MATV,10.97,2025-10-06T19:59:15Z
MATW,24.295,2025-10-06T19:59:36Z
MATX,98.84,2025-10-06T19:59:40Z
MAX,11.46,2025-10-06T19:59:57Z
MAXJ,28.07,2025-10-06T19:53:45Z
MAXN,3.7,2025-10-06T17:01:27Z
MAYM,31.825,2025-10-06T19:42:39Z
MAYT,36.17,2025-10-06T15:27:00Z
MAZE,27.51,2025-10-06T19:59:45Z
MBAV,10.51,2025-10-06T15:16:24Z
MBB,94.91,2025-10-06T19:59:57Z
MBBC,10.455,2025-10-06T18:08:24Z
MBC,13.045,2025-10-06T19:59:50Z
MBI,7.27,2025-10-06T19:59:44Z
MBIN,32.17,2025-10-06T19:59:45Z
MBINL,23.11,2025-10-06T19:56:10Z
MBINN,21.18,2025-10-06T16:40:26Z
MBIO,1.57,2025-10-06T19:37:20Z
MBLY,15,2025-10-06T19:59:54Z
MBND,27.24,2025-10-06T18:12:06Z
MBOT,3.22,2025-10-06T19:59:55Z
MBRX,0.4826,2025-10-06T19:42:53Z
MBS,8.745,2025-10-06T19:59:45Z
MBSD,20.84,2025-10-06T18:54:21Z
MBSF,25.53,2025-10-06T19:44:17Z
MBUU,30.54,2025-10-06T19:56:49Z
MBVIU,10.145,2025-10-06T16:41:18Z
MBWM,45.855,2025-10-06T15:36:57Z
MBX,16.27,2025-10-06T19:59:49Z
MC,67.58,2025-10-06T19:59:46Z
MCB,76.68,2025-10-06T19:59:00Z
MCBS,26.96,2025-10-06T19:59:15Z
MCD,296.03,2025-10-06T19:59:54Z
MCFT,20.82,2025-10-06T19:55:21Z
MCGA,10.69,2025-10-06T19:59:47Z
MCHB,13.105,2025-10-06T19:53:38Z
MCHI,66.64,2025-10-06T19:59:57Z
MCHP,66.565,2025-10-06T19:59:51Z
MCHX,1.82,2025-10-06T17:50:15Z
MCI,20.36,2025-10-06T19:50:37Z
MCK,741.3,2025-10-06T19:59:39Z
MCO,483.71,2025-10-06T19:59:33Z
MCR,6.39,2025-10-06T19:39:53Z
MCRB,20.975,2025-10-06T19:42:32Z
MCRI,100.695,2025-10-06T19:46:38Z
MCRP,1.6,2025-10-06T19:50:42Z
MCS,14.675,2025-10-06T19:55:14Z
MCTR,1.95,2025-10-06T19:59:20Z
MCW,5.15,2025-10-06T19:59:56Z
MCY,86.4,2025-10-06T19:50:10Z
MD,17.64,2025-10-06T19:59:56Z
MDAI,2.425,2025-10-06T19:59:08Z
MDAIW,0.7979,2025-10-06T19:57:49Z
MDB,321.82,2025-10-06T19:59:12Z
MDCX,2.495,2025-10-06T19:56:56Z
MDGL,442.155,2025-10-06T19:59:54Z
MDLV,27.98,2025-10-06T14:28:53Z
MDLZ,61.77,2025-10-06T19:59:57Z
MDST,26.56,2025-10-06T15:45:38Z
MDT,98.46,2025-10-06T19:59:54Z
MDU,17.905,2025-10-06T19:59:52Z
MDV,14.54,2025-10-06T19:52:58Z
MDWD,17.625,2025-10-06T19:59:59Z
MDXG,7.32,2025-10-06T19:59:51Z
MDXH,4.735,2025-10-06T19:59:51Z
MDY,601.61,2025-10-06T19:59:55Z
MDYG,92.29,2025-10-06T19:51:53Z
MDYV,84.27,2025-10-06T19:48:04Z
MEAR,50.39,2025-10-06T19:59:59Z
MEC,13.42,2025-10-06T19:59:28Z
MED,13.94,2025-10-06T19:58:37Z
MEDI,29.61,2025-10-06T18:53:33Z
MEDP,528.51,2025-10-06T19:56:59Z
MEG,28.385,2025-10-06T19:59:51Z
MEGI,14.95,2025-10-06T19:50:02Z
MEI,8.015,2025-10-06T19:59:56Z
MELI,2153.93,2025-10-06T19:57:55Z
MENS,51.96,2025-10-06T17:05:19Z
MEOH,39.65,2025-10-06T19:59:50Z
MER-K,25.545,2025-10-06T13:54:23Z
MERC,2.905,2025-10-06T19:59:54Z
MESA,1.305,2025-10-06T19:59:39Z
MESO,17.37,2025-10-06T19:59:59Z
MET,82.34,2025-10-06T19:59:57Z
MET-F,20.94,2025-10-06T14:40:33Z
META,715.41,2025-10-06T19:59:47Z
METC,38.915,2025-10-06T19:59:46Z
METCB,17.245,2025-10-06T19:51:51Z
METD,14.885,2025-10-06T19:59:44Z
METL,22.86,2025-10-06T19:32:48Z
METU,40.36,2025-10-06T19:59:51Z
METV,21.31,2025-10-06T19:59:40Z
METW,44.17,2025-10-06T18:33:19Z
MEXX,20.89,2025-10-06T19:50:41Z
MFA,8.95,2025-10-06T19:59:57Z
MFA-C,24.16,2025-10-06T15:43:48Z
MFC,32.29,2025-10-06T19:59:51Z
MFG,6.485,2025-10-06T19:59:59Z
MFH,35.79,2025-10-06T19:59:41Z
MFI,38.85,2025-10-06T14:25:24Z
MFIC,11.72,2025-10-06T19:59:53Z
MFIN,9.87,2025-10-06T19:03:01Z
MFM,5.32,2025-10-06T19:48:35Z
MFSB,25.25,2025-10-06T19:55:13Z
MFSI,30.1,2025-10-06T19:31:18Z
MFSV,26.195,2025-10-06T19:59:45Z
MG,9.76,2025-10-06T19:59:08Z
MGA,49.195,2025-10-06T19:59:53Z
MGC,246.25,2025-10-06T19:55:56Z
MGEE,82.82,2025-10-06T19:57:29Z
MGIC,20.6,2025-10-06T19:59:50Z
MGIH,2.29,2025-10-06T18:49:01Z
MGK,407.29,2025-10-06T19:59:00Z
MGM,33.925,2025-10-06T19:59:59Z
MGN,2.83,2025-10-06T19:50:32Z
MGNI,19.27,2025-10-06T19:59:52Z
MGNR,41.19,2025-10-06T14:51:34Z
MGNX,1.76,2025-10-06T19:59:26Z
MGOV,20.45,2025-10-06T19:56:59Z
MGPI,23.79,2025-10-06T19:59:53Z
MGR,22.185,2025-10-06T19:52:09Z
MGRC,113.295,2025-10-06T19:56:46Z
MGRE,24.67,2025-10-06T19:39:49Z
MGRM,6,2025-10-06T19:59:57Z
MGRX,2.52,2025-10-06T19:54:25Z
MGTX,8.41,2025-10-06T19:59:57Z
MGV,138.25,2025-10-06T19:59:46Z
MGX,2.67,2025-10-06T19:59:44Z
MGY,23.94,2025-10-06T19:59:50Z
MGYR,17.05,2025-10-06T16:50:59Z
MH,11.685,2025-10-06T19:59:49Z
MHD,11.66,2025-10-06T19:59:59Z
MHF,7.24,2025-10-06T19:55:12Z
MHH,7.41,2025-10-06T14:48:09Z
MHK,126.16,2025-10-06T19:59:30Z
MHN,10.37,2025-10-06T19:52:46Z
MHNC,17.55,2025-10-06T19:48:10Z
MHO,143.52,2025-10-06T19:51:17Z
MI,3.84,2025-10-06T19:35:54Z
MIAX,43.69,2025-10-06T19:59:45Z
MIDD,139.91,2025-10-06T19:59:29Z
MIDE,32.39,2025-10-06T14:00:08Z
MIDU,52.03,2025-10-06T19:59:10Z
MIGI,0.903,2025-10-06T19:59:50Z
MILN,49.57,2025-10-06T19:16:19Z
MIMI,8.25,2025-10-06T19:47:09Z
MIN,2.655,2025-10-06T19:55:37Z
MIND,8.54,2025-10-06T19:39:51Z
MINO,45.21,2025-10-06T18:47:13Z
MINT,100.385,2025-10-06T18:14:50Z
MIR,23.16,2025-10-06T19:59:53Z
MIRA,1.34,2025-10-06T19:35:42Z
MIRM,72.485,2025-10-06T19:59:42Z
MIST,2.125,2025-10-06T19:59:57Z
MITK,9.66,2025-10-06T19:59:58Z
MITT,7.21,2025-10-06T19:59:40Z
MIY,11.28,2025-10-06T19:17:48Z
MJ,38.18,2025-10-06T19:51:46Z
MKAM,30.67,2025-10-06T19:04:27Z
MKC,68.31,2025-10-06T19:59:56Z
MKC.V,68.17,2025-10-06T19:46:45Z
MKDW,0.231,2025-10-06T16:39:55Z
MKL,1957.85,2025-10-06T19:59:37Z
MKSI,139.51,2025-10-06T19:59:57Z
MKTX,167.97,2025-10-06T19:59:53Z
MKZR,5.61,2025-10-06T19:15:40Z
MLAB,72.14,2025-10-06T19:56:00Z
MLAC,10.44,2025-10-06T17:54:02Z
MLACR,0.5,2025-10-06T19:59:59Z
MLCI,7.83,2025-10-06T19:48:29Z
MLCO,8.53,2025-10-06T19:59:57Z
MLEC,0.9256,2025-10-06T19:33:08Z
MLECW,0.0111,2025-10-06T15:52:52Z
MLGO,10.985,2025-10-06T19:53:25Z
MLI,99.68,2025-10-06T19:59:53Z
MLKN,16.96,2025-10-06T19:59:49Z
MLM,637.77,2025-10-06T19:59:10Z
MLN,17.475,2025-10-06T19:53:02Z
MLNK,19.94,2025-10-06T19:59:53Z
MLPA,47.86,2025-10-06T19:58:30Z
MLPB,24.67,2025-10-06T16:40:49Z
MLPX,61.97,2025-10-06T19:59:00Z
MLR,39.885,2025-10-06T19:59:27Z
MLTX,8.67,2025-10-06T19:59:57Z
MLYS,37.98,2025-10-06T19:59:40Z
MMA,1.41,2025-10-06T19:59:54Z
MMAX,26.13,2025-10-06T17:47:44Z
MMC,201.4,2025-10-06T19:59:57Z
MMCA,21.72,2025-10-06T18:11:47Z
MMD,14.95,2025-10-06T19:43:11Z
MMI,28.13,2025-10-06T19:56:29Z
MMIT,24.205,2025-10-06T18:02:32Z
MMKT,100.23,2025-10-06T16:36:32Z
MMM,155.93,2025-10-06T19:59:49Z
MMS,90.96,2025-10-06T19:59:49Z
MMSI,83.26,2025-10-06T19:59:46Z
MMT,4.76,2025-10-06T16:25:46Z
MMU,10.32,2025-10-06T19:59:59Z
MMYT,95.12,2025-10-06T19:59:35Z
MNA,35.91,2025-10-06T19:48:08Z
MNDR,3.88,2025-10-06T19:55:11Z
MNDY,188.56,2025-10-06T19:59:47Z
MNKD,5.66,2025-10-06T19:59:54Z
MNMD,12.205,2025-10-06T19:59:59Z
MNPR,99.61,2025-10-06T19:59:56Z
MNR,13.22,2025-10-06T19:59:49Z
MNRO,18.31,2025-10-06T19:59:59Z
MNRS,47.93,2025-10-06T19:59:46Z
MNSB,19.995,2025-10-06T19:51:38Z
MNSO,21.86,2025-10-06T19:59:53Z
MNST,67.11,2025-10-06T19:59:55Z
MNTK,2.27,2025-10-06T19:59:51Z
MNTN,18.175,2025-10-06T19:59:37Z
MNTS,1.6,2025-10-06T19:59:50Z
MNY,1.5,2025-10-06T19:10:53Z
MO,65.36,2025-10-06T19:59:59Z
MOAT,101.005,2025-10-06T19:59:42Z
MOB,9.84,2025-10-06T19:59:39Z
MOBX,1.08,2025-10-06T19:59:46Z
MOD,153.9,2025-10-06T19:58:52Z
MODD,0.6754,2025-10-06T19:59:50Z
MODG,9.425,2025-10-06T19:59:59Z
MOFG,29.265,2025-10-06T19:58:14Z
MOG.A,210.04,2025-10-06T19:13:41Z
MOGO,2.015,2025-10-06T19:54:57Z
MOGU,3.36,2025-10-06T14:27:05Z
MOH,200.62,2025-10-06T19:59:50Z
MOLN,3.725,2025-10-06T16:04:57Z
MOMO,7.4,2025-10-06T19:59:50Z
MORN,224.11,2025-10-06T19:53:37Z
MORT,10.385,2025-10-06T19:57:52Z
MOS,35.32,2025-10-06T19:59:50Z
MOTI,38.61,2025-10-06T16:17:16Z
MOV,19.275,2025-10-06T19:59:32Z
MOVE,0.6898,2025-10-06T19:23:48Z
MP,74.4,2025-10-06T19:59:51Z
MPA,11.24,2025-10-06T19:26:11Z
MPAA,15.47,2025-10-06T19:59:04Z
MPB,29.47,2025-10-06T19:59:32Z
MPC,193.43,2025-10-06T19:59:49Z
MPLX,49.165,2025-10-06T19:59:59Z
MPTI,54.955,2025-10-06T17:04:41Z
MPTI+,1.64,2025-10-06T16:34:12Z
MPU,1.25,2025-10-06T19:53:56Z
MPW,5.39,2025-10-06T19:59:58Z
MPWR,969.22,2025-10-06T19:59:40Z
MQ,5.03,2025-10-06T19:59:55Z
MQY,11.475,2025-10-06T19:54:49Z
MRAL,28.97,2025-10-06T19:58:35Z
MRAM,11.08,2025-10-06T19:59:55Z
MRBK,15.21,2025-10-06T19:53:01Z
MRC,15.04,2025-10-06T19:59:53Z
MRCC,7,2025-10-06T19:59:49Z
MRCY,84.03,2025-10-06T19:59:41Z
MREO,2.025,2025-10-06T19:59:52Z
MRK,88.805,2025-10-06T19:59:54Z
MRKR,1.075,2025-10-06T19:58:53Z
MRM,2.03,2025-10-06T19:52:34Z
MRNA,27.515,2025-10-06T19:59:54Z
MRNOW,0.1049,2025-10-06T19:59:24Z
MRNY,1.83,2025-10-06T19:59:42Z
MRP,31.87,2025-10-06T19:59:59Z
MRSN,8.24,2025-10-06T19:34:37Z
MRT,2.43,2025-10-06T19:59:52Z
MRTN,10.66,2025-10-06T19:59:52Z
MRUS,94.29,2025-10-06T19:59:52Z
MRVI,3.11,2025-10-06T19:59:54Z
MRVL,88.88,2025-10-06T19:59:59Z
MRX,29.115,2025-10-06T19:59:50Z
MS,158.11,2025-10-06T19:59:55Z
MS-A,21.39,2025-10-06T14:06:21Z
MS-E,25.495,2025-10-06T19:22:57Z
MS-F,25.245,2025-10-06T19:03:09Z
MS-I,25.1,2025-10-06T17:52:45Z
MS-K,24.58,2025-10-06T16:15:32Z
MS-O,18.52,2025-10-06T19:59:20Z
MS-P,25.58,2025-10-06T18:17:13Z
MS-Q,26.11,2025-10-06T19:59:31Z
MSA,175.915,2025-10-06T19:54:16Z
MSAI,0.6439,2025-10-06T19:57:52Z
MSBI,16.94,2025-10-06T19:59:05Z
MSCI,564.88,2025-10-06T19:59:01Z
MSD,7.37,2025-10-06T19:55:41Z
MSDL,16.58,2025-10-06T19:59:58Z
MSEX,54.1,2025-10-06T19:40:43Z
MSFD,10.56,2025-10-06T19:58:45Z
MSFL,33.22,2025-10-06T19:55:26Z
MSFO,17.76,2025-10-06T19:55:00Z
MSFT,528.42,2025-10-06T19:59:50Z
MSFU,54.2,2025-10-06T19:59:45Z
MSFX,35.39,2025-10-06T13:33:52Z
MSGE,45.695,2025-10-06T19:58:29Z
MSGM,2.66,2025-10-06T18:56:15Z
MSGS,232.05,2025-10-06T19:59:08Z
MSGY,2.02,2025-10-06T17:15:01Z
MSI,456.98,2025-10-06T19:59:42Z
MSIF,13.68,2025-10-06T19:59:29Z
MSII,20.26,2025-10-06T19:23:54Z
MSLC,54.82,2025-10-06T19:47:54Z
MSM,92.05,2025-10-06T19:59:47Z
MSOS,5.4,2025-10-06T19:59:50Z
MSOX,9.51,2025-10-06T19:59:46Z
MSPR,1,2025-10-06T19:06:25Z
MSS,1.03,2025-10-06T19:59:56Z
MSSM,51.96,2025-10-06T15:46:15Z
MST,10.37,2025-10-06T19:59:50Z
MSTR,359.695,2025-10-06T19:59:59Z
MSTU,5.74,2025-10-06T19:59:58Z
MSTW,34.75,2025-10-06T19:58:11Z
MSTX,26.36,2025-10-06T19:59:58Z
MSTY,15.02,2025-10-06T19:59:28Z
MSTZ,4.16,2025-10-06T19:59:35Z
MSW,2.595,2025-10-06T13:41:55Z
MT,38.955,2025-10-06T19:59:49Z
MTA,7,2025-10-06T19:59:58Z
MTAL,12.21,2025-10-06T19:59:51Z
MTB,190.03,2025-10-06T19:59:56Z
MTB-H,24.74,2025-10-06T13:32:56Z
MTBA,50.385,2025-10-06T19:45:56Z
MTC,0.8552,2025-10-06T15:29:50Z
MTCH,33.98,2025-10-06T19:59:56Z
MTD,1341.675,2025-10-06T19:56:07Z
MTDR,44.81,2025-10-06T19:59:49Z
MTEK,2.145,2025-10-06T15:04:53Z
MTG,27.23,2025-10-06T19:59:58Z
MTH,72.16,2025-10-06T19:59:48Z
MTLS,6.38,2025-10-06T19:59:47Z
MTN,156,2025-10-06T19:59:48Z
MTNB,1.93,2025-10-06T19:55:55Z
MTRN,125.845,2025-10-06T18:27:58Z
MTRX,12.8,2025-10-06T19:59:57Z
MTSI,131.675,2025-10-06T19:59:49Z
MTSR,52.49,2025-10-06T19:59:58Z
MTUM,254.225,2025-10-06T19:59:55Z
MTUS,16.61,2025-10-06T19:59:40Z
MTVA,1.08,2025-10-06T19:59:36Z
MTW,10.69,2025-10-06T19:59:45Z
MTX,61.345,2025-10-06T19:58:07Z
MTZ,216.89,2025-10-06T19:59:53Z
MU,191,2025-10-06T19:59:59Z
MUA,10.88,2025-10-06T19:46:24Z
MUB,106.44,2025-10-06T19:59:58Z
MUC,10.73,2025-10-06T17:55:02Z
MUD,9.605,2025-10-06T19:59:10Z
MUE,9.95,2025-10-06T19:57:30Z
MUFG,15.54,2025-10-06T19:58:13Z
MUJ,11.58,2025-10-06T19:56:39Z
MULL,46.585,2025-10-06T19:52:30Z
MUNI,52.195,2025-10-06T19:55:45Z
MUNY,102.68,2025-10-06T15:02:39Z
MUR,30.665,2025-10-06T19:59:50Z
MURA,2.085,2025-10-06T15:19:56Z
MUSA,380.445,2025-10-06T19:59:43Z
MUSI,44.29,2025-10-06T14:29:24Z
MUST,20.515,2025-10-06T19:59:46Z
MUU,53.65,2025-10-06T19:59:47Z
MUX,18.29,2025-10-06T19:59:50Z
MVBF,26.49,2025-10-06T19:57:52Z
MVF,6.93,2025-10-06T17:28:53Z
MVIS,1.425,2025-10-06T19:59:53Z
MVLL,26.33,2025-10-06T19:59:50Z
MVO,5.9,2025-10-06T19:59:46Z
MVST,4.61,2025-10-06T19:59:56Z
MVSTW,0.29,2025-10-06T19:21:42Z
MVT,10.62,2025-10-06T19:13:17Z
MVV,70.63,2025-10-06T16:21:00Z
MWA,25.705,2025-10-06T19:59:54Z
MWG,0.2801,2025-10-06T19:53:41Z
MWYN,1.18,2025-10-06T19:49:56Z
MX,3.24,2025-10-06T19:56:48Z
MXCT,1.64,2025-10-06T19:59:48Z
MXF,19.07,2025-10-06T13:40:44Z
MXL,16.5,2025-10-06T19:59:46Z
MYD,10.55,2025-10-06T19:59:09Z
MYE,16.86,2025-10-06T19:59:54Z
MYFW,22.855,2025-10-06T14:57:13Z
MYGN,7.99,2025-10-06T19:59:51Z
MYI,11.02,2025-10-06T19:58:39Z
MYN,10.065,2025-10-06T19:57:57Z
MYNZ,1.63,2025-10-06T19:59:52Z
MYO,0.9753,2025-10-06T19:59:33Z
MYPS,0.9435,2025-10-06T19:57:45Z
MYRG,199.765,2025-10-06T19:58:16Z
MYSE,3.275,2025-10-06T19:57:43Z
MYSZ,1.255,2025-10-06T19:59:35Z
MZTI,165.19,2025-10-06T19:59:08Z
NA,5.835,2025-10-06T18:07:30Z
NAAS,3.74,2025-10-06T17:01:24Z
NABL,7.92,2025-10-06T19:59:51Z
NAC,11.52,2025-10-06T19:58:28Z
NAD,11.57,2025-10-06T19:59:57Z
NAGE,7.235,2025-10-06T19:59:49Z
NAII,2.835,2025-10-06T19:34:23Z
NAIL,72.73,2025-10-06T19:59:36Z
NAK,1.515,2025-10-06T19:59:56Z
NAKA,1.025,2025-10-06T19:59:55Z
NAMM,3.28,2025-10-06T19:35:42Z
NAMS,32.505,2025-10-06T19:59:46Z
NAN,11.45,2025-10-06T19:58:37Z
NAPR,52.72,2025-10-06T13:30:00Z
NAT,3.285,2025-10-06T19:59:20Z
NATH,108.97,2025-10-06T19:59:30Z
NATL,39.95,2025-10-06T19:59:52Z
NATO,39.13,2025-10-06T15:27:23Z
NATR,15.19,2025-10-06T19:58:35Z
NAUT,0.8737,2025-10-06T19:08:07Z
NAVI,12.83,2025-10-06T19:59:47Z
NAZ,11.99,2025-10-06T19:50:35Z
NB,8.56,2025-10-06T19:59:59Z
NBB,16.24,2025-10-06T19:52:28Z
NBBK,18,2025-10-06T19:59:21Z
NBCM,24.01,2025-10-06T13:30:21Z
NBET,32.88,2025-10-06T15:47:43Z
NBH,10.27,2025-10-06T19:56:09Z
NBHC,38.52,2025-10-06T19:58:59Z
NBIS,125.005,2025-10-06T19:59:44Z
NBIX,139.365,2025-10-06T19:59:52Z
NBN,96.18,2025-10-06T19:11:03Z
NBOS,26.86,2025-10-06T19:36:01Z
NBR,44.72,2025-10-06T19:58:07Z
NBSD,51.22,2025-10-06T19:59:25Z
NBTB,41.78,2025-10-06T19:57:44Z
NBTX,22.41,2025-10-06T19:50:07Z
NBXG,15.515,2025-10-06T19:54:58Z
NBY,1.22,2025-10-06T19:46:23Z
NC,41,2025-10-06T16:45:32Z
NCA,9.01,2025-10-06T17:54:32Z
NCDL,13.69,2025-10-06T19:59:05Z
NCEW,0.6128,2025-10-06T15:54:21Z
NCI,1.84,2025-10-06T17:56:50Z
NCIQ,34.03,2025-10-06T18:17:02Z
NCL,0.1191,2025-10-06T19:58:56Z
NCLH,24.095,2025-10-06T19:59:57Z
NCMI,4.4,2025-10-06T19:59:50Z
NCNA,5.13,2025-10-06T19:59:02Z
NCNO,26.05,2025-10-06T19:59:52Z
NCPL,2.54,2025-10-06T18:56:29Z
NCSM,43.88,2025-10-06T17:32:18Z
NCT,1.55,2025-10-06T15:21:50Z
NCTY,10.455,2025-10-06T19:59:45Z
NCV,15.31,2025-10-06T19:49:27Z
NCZ,13.86,2025-10-06T19:31:25Z
NCZ-A,20.69,2025-10-06T18:42:46Z
NDAQ,88.185,2025-10-06T19:59:55Z
NDIV,28.81,2025-10-06T18:25:03Z
NDLS,0.6406,2025-10-06T19:08:23Z
NDMO,10.41,2025-10-06T19:57:32Z
NDRA,6.08,2025-10-06T18:02:20Z
NDSN,234.06,2025-10-06T19:59:53Z
NE,30.31,2025-10-06T19:59:49Z
NEA,11.22,2025-10-06T18:13:00Z
NEAR,51.165,2025-10-06T19:55:11Z
NEBX,79.02,2025-10-06T19:58:41Z
NECB,20.54,2025-10-06T19:54:06Z
NEE,82.115,2025-10-06T19:59:56Z
NEE-N,24.55,2025-10-06T18:56:55Z
NEE-S,52.85,2025-10-06T19:50:13Z
NEE-U,25.605,2025-10-06T19:59:11Z
NEGG,53.64,2025-10-06T19:59:45Z
NEM,88.53,2025-10-06T19:59:53Z
NEN,73,2025-10-06T17:37:26Z
NEO,9.11,2025-10-06T19:59:57Z
NEOG,5.63,2025-10-06T19:59:59Z
NEON,3.77,2025-10-06T19:59:50Z
NEOV,5.18,2025-10-06T19:59:52Z
NEPH,5.49,2025-10-06T16:54:58Z
NESR,10.305,2025-10-06T19:59:54Z
NET,220.96,2025-10-06T19:59:50Z
NEU,860.685,2025-10-06T19:57:06Z
NEUP,20.25,2025-10-06T19:20:26Z
NEWP,2.845,2025-10-06T19:59:52Z
NEWT,11.22,2025-10-06T19:59:39Z
NEWTG,25.21,2025-10-06T15:26:01Z
NEWTP,24.15,2025-10-06T14:36:29Z
NEXA,5.03,2025-10-06T18:59:32Z
NEXM,5.74,2025-10-06T19:59:52Z
NEXN,8.34,2025-10-06T19:59:59Z
NEXT,7.35,2025-10-06T19:59:58Z
NFBK,11.81,2025-10-06T19:59:40Z
NFE,2.44,2025-10-06T19:59:45Z
NFG,88.18,2025-10-06T19:59:46Z
NFGC,2.41,2025-10-06T19:59:57Z
NFJ,13.12,2025-10-06T19:50:05Z
NFLT,23.115,2025-10-06T19:58:58Z
NFLU,53.18,2025-10-06T18:49:14Z
NFLX,1163.37,2025-10-06T19:59:51Z
NFLY,15.885,2025-10-06T19:59:06Z
NFRA,63.29,2025-10-06T15:28:07Z
NFTY,57.68,2025-10-06T17:31:44Z
NFXL,52.46,2025-10-06T18:24:47Z
NFXS,14.265,2025-10-06T19:59:46Z
NG,9.64,2025-10-06T19:59:59Z
NGD,7.295,2025-10-06T19:59:56Z
NGG,73.9,2025-10-06T19:59:32Z
NGL,6.095,2025-10-06T19:59:00Z
NGL-B,23.175,2025-10-06T16:30:04Z
NGNE,22.95,2025-10-06T19:59:51Z
NGS,27.23,2025-10-06T19:58:38Z
NGVC,38.305,2025-10-06T19:57:42Z
NGVT,55.03,2025-10-06T19:59:47Z
NHC,118.42,2025-10-06T19:51:33Z
NHI,77.02,2025-10-06T19:59:46Z
NHPAP,18.05,2025-10-06T16:35:25Z
NHS,7.44,2025-10-06T19:59:57Z
NHTC,4.27,2025-10-06T16:53:17Z
NI,44.17,2025-10-06T19:59:57Z
NIC,134.55,2025-10-06T19:09:35Z
NICE,138.02,2025-10-06T19:59:31Z
NIE,25.32,2025-10-06T19:59:25Z
NIKL,15.51,2025-10-06T19:59:31Z
NIM,9.31,2025-10-06T16:11:23Z
NINE,0.641,2025-10-06T18:42:58Z
NIO,7.585,2025-10-06T19:59:57Z
NIOBW,2.74,2025-10-06T19:56:40Z
NIPG,1.765,2025-10-06T16:59:29Z
NIQ,15.26,2025-10-06T19:59:50Z
NISN,4.01,2025-10-06T16:50:09Z
NITO,4.21,2025-10-06T19:59:56Z
NIU,5.56,2025-10-06T19:59:54Z
NIVF,1.75,2025-10-06T19:55:35Z
NIXX,1.675,2025-10-06T19:59:53Z
NJR,46.43,2025-10-06T19:59:50Z
NJUN,30.89,2025-10-06T19:47:44Z
NKE,71.18,2025-10-06T19:59:59Z
NKTR,59.895,2025-10-06T19:59:19Z
NKTX,2.125,2025-10-06T19:59:49Z
NKX,12.63,2025-10-06T19:54:20Z
NL,6.16,2025-10-06T17:16:10Z
NLOP,29.86,2025-10-06T19:59:41Z
NLR,145.795,2025-10-06T19:55:13Z
NLSP,1.94,2025-10-06T19:58:00Z
NLY,20.445,2025-10-06T19:59:52Z
NLY-F,25.44,2025-10-06T18:26:39Z
NMAI,13.13,2025-10-06T19:45:09Z
NMAR,28.82,2025-10-06T17:02:32Z
NMAX,13.08,2025-10-06T19:59:30Z
NMCO,10.77,2025-10-06T19:32:35Z
NMFC,9.37,2025-10-06T19:59:55Z
NMG,2.95,2025-10-06T19:59:25Z
NMI,9.99,2025-10-06T19:46:41Z
NMIH,36.39,2025-10-06T19:59:19Z
NML,8.555,2025-10-06T19:42:57Z
NMM,44.29,2025-10-06T16:11:29Z
NMP,9.94,2025-10-06T17:06:07Z
NMR,7.32,2025-10-06T19:59:56Z
NMRA,1.89,2025-10-06T19:59:59Z
NMRK,17.66,2025-10-06T19:59:50Z
NMS,11.92,2025-10-06T19:46:58Z
NMT,11.64,2025-10-06T19:29:27Z
NMTC,1.025,2025-10-06T19:53:22Z
NMZ,10.57,2025-10-06T19:57:40Z
NN,14.74,2025-10-06T19:59:58Z
NNBR,1.985,2025-10-06T19:59:50Z
NNDM,1.685,2025-10-06T19:59:07Z
NNE,53.585,2025-10-06T19:59:52Z
NNN,42.41,2025-10-06T19:59:49Z
NNNN,30.38,2025-10-06T18:29:44Z
NNOX,4.125,2025-10-06T19:59:52Z
NNVC,1.455,2025-10-06T19:59:43Z
NNY,8.395,2025-10-06T19:59:38Z
NOA,14.735,2025-10-06T19:59:46Z
NOAH,12.07,2025-10-06T19:59:48Z
NOBL,103.43,2025-10-06T19:59:52Z
NOC,619.4,2025-10-06T19:59:31Z
NOCT,57.06,2025-10-06T15:48:27Z
NODE,45.13,2025-10-06T16:04:14Z
NOG,25.505,2025-10-06T19:59:56Z
NOK,4.95,2025-10-06T19:59:56Z
NOMD,12.76,2025-10-06T19:59:57Z
NOTE,5.135,2025-10-06T19:53:55Z
NOTV,1.5,2025-10-06T19:59:35Z
NOV,13.6,2025-10-06T19:59:58Z
NOVT,104.35,2025-10-06T19:56:27Z
NOW,913.14,2025-10-06T19:59:30Z
NP,29.86,2025-10-06T19:59:46Z
NPB,17.87,2025-10-06T19:59:52Z
NPCE,10.77,2025-10-06T19:57:22Z
NPCT,10.87,2025-10-06T19:39:42Z
NPFD,19.885,2025-10-06T19:45:14Z
NPFI,26.39,2025-10-06T17:40:57Z
NPK,119.15,2025-10-06T19:45:01Z
NPKI,11.13,2025-10-06T19:59:53Z
NPO,233.53,2025-10-06T19:59:51Z
NPV,11.515,2025-10-06T19:51:24Z
NPWR,3.76,2025-10-06T19:59:50Z
NPWR+,0.95,2025-10-06T19:51:07Z
NQP,12.105,2025-10-06T19:59:22Z
NRC,12.03,2025-10-06T19:59:26Z
NRDS,10.91,2025-10-06T19:59:46Z
NRDY,1.26,2025-10-06T19:59:53Z
NREF,13.965,2025-10-06T19:59:25Z
NRG,163.94,2025-10-06T19:59:52Z
NRGU,20.11,2025-10-06T18:52:16Z
NRGV,3.29,2025-10-06T19:59:59Z
NRIM,22.03,2025-10-06T19:59:48Z
NRIX,9.96,2025-10-06T19:59:59Z
NRK,10.145,2025-10-06T19:59:12Z
NRO,3.2,2025-10-06T19:18:13Z
NRP,108,2025-10-06T16:57:10Z
NRSN,1.15,2025-10-06T19:59:02Z
NRT,5.49,2025-10-06T19:46:54Z
NRUC,23.95,2025-10-06T15:09:07Z
NRXP,3.34,2025-10-06T19:59:40Z
NRXS,3.14,2025-10-06T17:58:58Z
NSA,29.91,2025-10-06T19:59:42Z
NSC,299.72,2025-10-06T19:59:59Z
NSEP,28.75,2025-10-06T15:57:13Z
NSI,32.88,2025-10-06T14:30:37Z
NSIT,110.48,2025-10-06T19:57:08Z
NSP,49.075,2025-10-06T19:59:33Z
NSPR,2.43,2025-10-06T16:10:59Z
NSRX,7,2025-10-06T19:43:29Z
NSSC,43.52,2025-10-06T19:58:57Z
NTAP,120.4,2025-10-06T19:59:50Z
NTB,41.76,2025-10-06T19:59:40Z
NTCT,26.78,2025-10-06T19:58:36Z
NTES,151.09,2025-10-06T19:59:53Z
NTGR,32.585,2025-10-06T19:59:20Z
NTIP,1.55,2025-10-06T14:12:50Z
NTLA,20.55,2025-10-06T19:59:55Z
NTNX,74.325,2025-10-06T19:59:55Z
NTR,60.35,2025-10-06T19:59:50Z
NTRA,170.43,2025-10-06T19:59:40Z
NTRB,7.59,2025-10-06T13:57:43Z
NTRP,3.565,2025-10-06T19:58:33Z
NTRS,132.18,2025-10-06T19:59:56Z
NTRSO,20.37,2025-10-06T19:52:34Z
NTSE,36.99,2025-10-06T19:57:53Z
NTSK,22.115,2025-10-06T19:59:50Z
NTST,18.41,2025-10-06T19:59:55Z
NTSX,54.2,2025-10-06T19:59:51Z
NTWK,4.62,2025-10-06T19:56:34Z
NU,15.37,2025-10-06T19:59:57Z
NUAI,1.775,2025-10-06T19:59:49Z
NUBD,22.42,2025-10-06T14:08:29Z
NUE,135.58,2025-10-06T19:59:55Z
NUEM,36.37,2025-10-06T19:49:00Z
NUGT,163.25,2025-10-06T19:58:56Z
NUHY,21.665,2025-10-06T19:56:47Z
NUKK,9.27,2025-10-06T19:58:58Z
NUKZ,68.93,2025-10-06T19:49:13Z
NULG,100.43,2025-10-06T16:33:36Z
NULV,43.935,2025-10-06T19:44:33Z
NUS,11.44,2025-10-06T19:59:50Z
NUSA,23.4,2025-10-06T17:40:56Z
NUSC,44.64,2025-10-06T19:49:46Z
NUTR,8.8,2025-10-06T19:58:03Z
NUTX,108.84,2025-10-06T18:25:53Z
NUV,8.945,2025-10-06T19:49:30Z
NUVB,3.765,2025-10-06T19:59:44Z
NUVB+,0.1401,2025-10-06T16:49:12Z
NUVL,83.82,2025-10-06T19:59:46Z
NUW,14.16,2025-10-06T17:11:06Z
NUWE,3.515,2025-10-06T19:47:14Z
NVA,23.78,2025-10-06T18:51:20Z
NVAWW,16,2025-10-06T18:39:04Z
NVAX,9.07,2025-10-06T19:59:58Z
NVCR,14.49,2025-10-06T19:59:53Z
NVCT,6.06,2025-10-06T19:59:50Z
NVD,8.795,2025-10-06T19:59:12Z
NVDA,185.51,2025-10-06T19:59:59Z
NVDB,29.56,2025-10-06T14:43:09Z
NVDD,39.43,2025-10-06T19:59:42Z
NVDG,19.82,2025-10-06T19:54:26Z
NVDL,92.4,2025-10-06T19:59:53Z
NVDQ,0.9309,2025-10-06T19:54:39Z
NVDS,11.17,2025-10-06T19:58:51Z
NVDU,129.72,2025-10-06T19:54:40Z
NVDW,48,2025-10-06T19:58:28Z
NVDX,18.85,2025-10-06T19:59:53Z
NVDY,16.69,2025-10-06T19:59:40Z
NVEC,69.16,2025-10-06T18:11:40Z
NVFY,5.46,2025-10-06T19:59:50Z
NVG,12.225,2025-10-06T19:59:51Z
NVGS,15.235,2025-10-06T19:59:58Z
NVII,31.92,2025-10-06T19:36:08Z
NVMI,334.31,2025-10-06T19:27:28Z
NVNI,3.135,2025-10-06T19:57:37Z
NVNO,0.9561,2025-10-06T16:53:48Z
NVO,59.67,2025-10-06T19:59:59Z
NVOX,4.07,2025-10-06T19:59:10Z
NVR,8102.425,2025-10-06T19:53:53Z
NVRI,11.825,2025-10-06T19:59:52Z
NVS,132.27,2025-10-06T19:59:49Z
NVST,20.625,2025-10-06T19:59:58Z
NVT,98.01,2025-10-06T19:59:53Z
NVTS,8.13,2025-10-06T19:59:56Z
NVVE,0.2779,2025-10-06T19:46:57Z
NVX,1.795,2025-10-06T19:59:06Z
NVYY,23.61,2025-10-06T19:59:19Z
NWBI,12.565,2025-10-06T19:59:56Z
NWE,58.1,2025-10-06T19:59:44Z
NWG,14.795,2025-10-06T19:59:51Z
NWGL,1.78,2025-10-06T19:59:17Z
NWL,5.26,2025-10-06T19:59:56Z
NWN,44.13,2025-10-06T19:56:27Z
NWS,31.805,2025-10-06T19:59:58Z
NWSA,28.065,2025-10-06T19:59:54Z
NWTG,1.78,2025-10-06T19:48:25Z
NX,14.53,2025-10-06T19:59:50Z
NXC,12.99,2025-10-06T18:05:52Z
NXDR,2.08,2025-10-06T19:59:51Z
NXDT,3.475,2025-10-06T19:55:40Z
NXE,9.055,2025-10-06T19:59:56Z
NXG,49.65,2025-10-06T19:56:27Z
NXGL,2.53,2025-10-06T19:30:45Z
NXJ,12.51,2025-10-06T19:59:43Z
NXL,0.9287,2025-10-06T19:50:17Z
NXN,12.01,2025-10-06T15:37:57Z
NXP,14.38,2025-10-06T19:59:25Z
NXPI,231.36,2025-10-06T19:59:49Z
NXPL,0.8144,2025-10-06T19:54:21Z
NXRT,31.16,2025-10-06T19:58:49Z
NXST,201.705,2025-10-06T19:58:40Z
NXT,78.27,2025-10-06T19:59:59Z
NXTC,6.01,2025-10-06T17:12:22Z
NXTG,106.535,2025-10-06T18:29:32Z
NXTT,26.23,2025-10-06T16:36:34Z
NXXT,2.06,2025-10-06T19:59:50Z
NYF,53.265,2025-10-06T19:55:06Z
NYT,55.55,2025-10-06T19:59:51Z
NYXH,5.75,2025-10-06T19:57:20Z
NZF,12.35,2025-10-06T19:59:30Z
O,59.9,2025-10-06T19:59:58Z
OABI,1.68,2025-10-06T19:59:00Z
OACC,10.5,2025-10-06T18:52:47Z
OAEM,34.91,2025-10-06T18:32:50Z
OAIM,40.79,2025-10-06T19:07:10Z
OAKM,26.78,2025-10-06T18:18:06Z
OARK,9.25,2025-10-06T19:45:42Z
OASC,28.79,2025-10-06T19:14:35Z
OBDC,12.54,2025-10-06T19:59:52Z
OBE,6.745,2025-10-06T19:59:06Z
OBIL,50.17,2025-10-06T19:57:27Z
OBIO,2.77,2025-10-06T19:58:13Z
OBK,34.86,2025-10-06T19:59:53Z
OBLG,2.77,2025-10-06T19:54:27Z
OBND,26.21,2025-10-06T19:53:02Z
OC,136.85,2025-10-06T19:59:49Z
OCC,9.905,2025-10-06T15:19:22Z
OCCI,5.53,2025-10-06T19:40:44Z
OCFC,18.01,2025-10-06T19:59:41Z
OCFT,7.48,2025-10-06T16:18:21Z
OCG,3.9,2025-10-06T13:33:21Z
OCGN,1.82,2025-10-06T19:59:58Z
OCS,18.375,2025-10-06T19:59:24Z
OCSL,12.805,2025-10-06T19:59:51Z
OCTH,23.95,2025-10-06T19:31:24Z
OCTJ,23.84,2025-10-06T19:28:55Z
OCTP,29.81,2025-10-06T18:43:40Z
OCTT,42.825,2025-10-06T19:58:30Z
OCTU,28.23,2025-10-06T19:46:18Z
OCTW,38.48,2025-10-06T18:39:41Z
OCUL,10.965,2025-10-06T19:59:56Z
ODC,60.205,2025-10-06T18:58:05Z
ODD,59.65,2025-10-06T19:52:40Z
ODFL,142.78,2025-10-06T19:59:50Z
ODP,27.73,2025-10-06T19:59:54Z
ODV,3.64,2025-10-06T19:59:45Z
ODYS,4.41,2025-10-06T19:25:20Z
OEC,7.23,2025-10-06T19:59:52Z
OEF,335.725,2025-10-06T19:59:09Z
OESX,8.08,2025-10-06T15:38:10Z
OFAL,1.145,2025-10-06T18:53:10Z
OFG,43.125,2025-10-06T19:54:10Z
OFIX,14.18,2025-10-06T19:59:33Z
OFLX,31.1,2025-10-06T15:30:17Z
OFS,7.66,2025-10-06T19:59:23Z
OGE,46.13,2025-10-06T19:59:50Z
OGEN,1.29,2025-10-06T18:46:35Z
OGI,1.855,2025-10-06T19:59:50Z
OGIG,57.74,2025-10-06T19:59:45Z
OGN,10.85,2025-10-06T19:59:58Z
OGS,79.92,2025-10-06T19:59:17Z
OHI,40.875,2025-10-06T19:59:50Z
OI,12.425,2025-10-06T19:59:46Z
OIA,6.015,2025-10-06T19:58:17Z
OIH,265.3,2025-10-06T19:59:15Z
OII,24.37,2025-10-06T19:59:48Z
OILD,10.81,2025-10-06T19:56:43Z
OILK,39.58,2025-10-06T14:47:21Z
OILU,24.18,2025-10-06T19:00:40Z
OIS,6.3,2025-10-06T19:59:55Z
OKE,72.72,2025-10-06T19:59:53Z
OKLL,90.28,2025-10-06T19:59:50Z
OKLO,138.49,2025-10-06T19:59:57Z
OKTA,93.7,2025-10-06T19:59:27Z
OKUR,2.85,2025-10-06T19:59:54Z
OKYO,2.06,2025-10-06T19:54:27Z
OLB,1.32,2025-10-06T18:01:09Z
OLED,146.7,2025-10-06T19:58:21Z
OLLI,127,2025-10-06T19:59:52Z
OLMA,11.06,2025-10-06T19:59:55Z
OLN,25.965,2025-10-06T19:59:56Z
OLP,21.79,2025-10-06T19:51:35Z
OLPX,1.275,2025-10-06T19:59:08Z
OM,14.9,2025-10-06T19:59:36Z
OMAB,101.925,2025-10-06T19:59:07Z
OMAH,19.185,2025-10-06T19:55:46Z
OMC,78.46,2025-10-06T19:59:58Z
OMCL,30.505,2025-10-06T19:59:01Z
OMDA,22.39,2025-10-06T19:59:46Z
OMER,4.605,2025-10-06T19:59:59Z
OMEX,2.655,2025-10-06T19:59:56Z
OMF,55.42,2025-10-06T19:59:51Z
OMFL,60.31,2025-10-06T19:57:08Z
OMH,1.26,2025-10-06T17:30:44Z
OMI,4.65,2025-10-06T19:59:55Z
OMSE,4.08,2025-10-06T19:54:29Z
ON,50.32,2025-10-06T19:59:57Z
ONB,22.57,2025-10-06T19:59:53Z
ONBPO,25.21,2025-10-06T13:52:27Z
ONBPP,25.22,2025-10-06T17:50:22Z
ONC,344.005,2025-10-06T19:52:18Z
ONCHU,10.565,2025-10-06T15:19:32Z
ONCO,3.07,2025-10-06T18:51:15Z
ONCY,1.355,2025-10-06T19:59:20Z
ONDS,10.67,2025-10-06T19:59:58Z
ONEG,12.17,2025-10-06T19:58:17Z
ONEQ,90.18,2025-10-06T19:59:50Z
ONEW,15.42,2025-10-06T19:47:52Z
ONFO,1.1,2025-10-06T13:53:46Z
ONIT,37.51,2025-10-06T19:52:55Z
ONL,2.58,2025-10-06T19:57:06Z
ONMD,2.57,2025-10-06T19:59:51Z
ONMDW,0.21,2025-10-06T19:09:36Z
ONON,42.57,2025-10-06T19:59:55Z
ONTF,5.7,2025-10-06T19:50:01Z
ONTO,145.44,2025-10-06T19:59:56Z
OOMA,11.55,2025-10-06T19:59:16Z
OP,1.31,2025-10-06T19:59:34Z
OPAD,4.04,2025-10-06T19:59:42Z
OPAL,2.51,2025-10-06T19:58:46Z
OPBK,13.72,2025-10-06T19:59:45Z
OPCH,27.315,2025-10-06T19:59:54Z
OPEN,9.28,2025-10-06T19:59:56Z
OPFI,10.49,2025-10-06T19:59:43Z
OPFI+,1.87,2025-10-06T18:22:39Z
OPI,0.2021,2025-10-06T19:59:34Z
OPK,1.575,2025-10-06T19:59:19Z
OPP,8.56,2025-10-06T15:21:31Z
OPP-A,17.2,2025-10-06T19:07:45Z
OPP-B,18.71,2025-10-06T19:07:05Z
OPPE,49.31,2025-10-06T17:11:33Z
OPPJ,42.915,2025-10-06T19:55:10Z
OPRA,17.935,2025-10-06T19:59:50Z
OPRT,5.73,2025-10-06T19:59:51Z
OPRX,17.78,2025-10-06T19:57:25Z
OPTT,0.6657,2025-10-06T19:59:52Z
OPTX,1.815,2025-10-06T19:59:39Z
OPXS,13.41,2025-10-06T15:19:03Z
OR,40.41,2025-10-06T19:59:39Z
ORA,104.09,2025-10-06T19:59:22Z
ORBS,11.04,2025-10-06T19:59:58Z
ORC,7.07,2025-10-06T19:59:54Z
ORCL,291.68,2025-10-06T19:59:48Z
ORCX,42.6,2025-10-06T19:51:36Z
ORGN,0.5357,2025-10-06T19:47:21Z
ORGO,4.2,2025-10-06T19:59:56Z
ORI,43.34,2025-10-06T19:59:54Z
ORIC,14.42,2025-10-06T19:59:54Z
ORIS,0.1599,2025-10-06T19:59:44Z
ORKA,20.545,2025-10-06T19:58:32Z
ORKT,2.29,2025-10-06T14:33:04Z
ORLA,11.53,2025-10-06T19:59:59Z
ORLY,103.31,2025-10-06T19:59:51Z
ORMP,2.455,2025-10-06T19:58:18Z
ORN,8.53,2025-10-06T19:59:45Z
ORR,31.5,2025-10-06T19:45:16Z
ORRF,33.93,2025-10-06T19:59:50Z
OS,19.19,2025-10-06T19:59:54Z
OSBC,17.52,2025-10-06T19:59:31Z
OSCR,22.32,2025-10-06T19:59:59Z
OSCV,38.22,2025-10-06T18:18:59Z
OSCX,28.28,2025-10-06T19:54:21Z
OSEA,30.615,2025-10-06T16:39:05Z
OSIS,252.85,2025-10-06T19:52:32Z
OSK,131.875,2025-10-06T19:59:32Z
OSPN,16.22,2025-10-06T19:59:43Z
OSRH,0.6332,2025-10-06T19:58:17Z
OSS,5.96,2025-10-06T19:59:32Z
OSTX,2.06,2025-10-06T19:59:03Z
OSUR,3.195,2025-10-06T19:59:19Z
OSW,20.87,2025-10-06T19:59:47Z
OTEX,38.3,2025-10-06T19:59:57Z
OTF,14.14,2025-10-06T19:59:46Z
OTGAU,10.08,2025-10-06T19:53:10Z
OTIS,90.825,2025-10-06T19:59:46Z
OTLK,1.085,2025-10-06T19:59:56Z
OTLY,14.51,2025-10-06T19:13:16Z
OTTR,79.12,2025-10-06T19:54:58Z
OUNZ,38.17,2025-10-06T19:34:41Z
OUSA,56.7,2025-10-06T19:43:51Z
OUSM,44.51,2025-10-06T19:59:25Z
OUST,32.44,2025-10-06T19:59:34Z
OUT,18.095,2025-10-06T19:59:50Z
OVID,1.795,2025-10-06T19:59:54Z
OVLH,39.32,2025-10-06T19:57:48Z
OVM,21.41,2025-10-06T18:59:54Z
OVT,22.105,2025-10-06T18:29:02Z
OVV,40.06,2025-10-06T19:59:59Z
OWL,16.52,2025-10-06T19:59:58Z
OWLT,9.1,2025-10-06T19:56:25Z
OWNB,37.49,2025-10-06T17:23:42Z
OXBR,1.94,2025-10-06T16:05:55Z
OXLC,16.735,2025-10-06T19:59:49Z
OXLCL,23.79,2025-10-06T14:49:23Z
OXLCO,23.38,2025-10-06T13:39:47Z
OXM,39.31,2025-10-06T19:59:47Z
OXSQ,1.67,2025-10-06T19:59:55Z
OXY,45.4,2025-10-06T19:59:58Z
OXY+,23.46,2025-10-06T19:54:12Z
OYSE,10.03,2025-10-06T15:33:53Z
OZ,64.49,2025-10-06T14:53:56Z
OZEM,29.31,2025-10-06T19:40:34Z
OZK,51.66,2025-10-06T19:59:54Z
OZKAP,17.63,2025-10-06T17:00:13Z
PAA,16.7,2025-10-06T19:59:59Z
PAAA,51.325,2025-10-06T19:58:57Z
PAAS,40.025,2025-10-06T19:59:51Z
PAC,228.26,2025-10-06T19:23:32Z
PACB,1.515,2025-10-06T19:59:50Z
PACH,9.965,2025-10-06T19:00:41Z
PACK,5.71,2025-10-06T19:59:58Z
PACS,13.85,2025-10-06T19:59:59Z
PAG,171.01,2025-10-06T19:31:11Z
PAGP,17.925,2025-10-06T19:59:50Z
PAGS,9.19,2025-10-06T19:59:56Z
PAHC,37.78,2025-10-06T19:59:44Z
PAL,6.315,2025-10-06T19:59:30Z
PALC,51.83,2025-10-06T18:03:43Z
PALI,1.905,2025-10-06T19:59:59Z
PALL,121.31,2025-10-06T19:59:10Z
PALU,26.64,2025-10-06T15:09:53Z
PAM,60.63,2025-10-06T19:59:20Z
PANG,17.22,2025-10-06T19:59:14Z
PANL,5.08,2025-10-06T19:59:27Z
PANW,212.6,2025-10-06T19:59:57Z
PAPI,26.09,2025-10-06T19:39:05Z
PAPL,5.25,2025-10-06T19:20:01Z
PAPR,38.44,2025-10-06T19:26:20Z
PAR,37.9,2025-10-06T19:59:55Z
PARR,35.24,2025-10-06T19:59:55Z
PASG,8,2025-10-06T18:01:40Z
PASW,0.9125,2025-10-06T19:49:13Z
PATH,14.51,2025-10-06T19:59:58Z
PATK,100.22,2025-10-06T19:21:30Z
PAUG,42.56,2025-10-06T18:44:30Z
PAVE,47.97,2025-10-06T19:59:43Z
PAVM,0.444,2025-10-06T16:29:38Z
PAX,14.255,2025-10-06T19:59:55Z
PAXS,16.42,2025-10-06T19:59:53Z
PAY,33,2025-10-06T19:59:59Z
PAYC,200.295,2025-10-06T19:59:47Z
PAYO,6.2,2025-10-06T19:59:59Z
PAYS,6.26,2025-10-06T19:59:32Z
PAYX,124.41,2025-10-06T19:59:58Z
PB,66.11,2025-10-06T19:59:54Z
PBA,41.13,2025-10-06T19:59:57Z
PBD,16.12,2025-10-06T19:40:58Z
PBDC,30.53,2025-10-06T19:42:49Z
PBF,31.005,2025-10-06T19:59:58Z
PBFR,28.67,2025-10-06T19:54:12Z
PBH,63.235,2025-10-06T19:59:20Z
PBI,10.97,2025-10-06T19:59:59Z
PBM,3.28,2025-10-06T19:13:26Z
PBOC,28.72,2025-10-06T19:35:33Z
PBP,22.26,2025-10-06T17:49:18Z
PBPB,17.07,2025-10-06T19:59:37Z
PBR,12.355,2025-10-06T19:59:59Z
PBR.A,11.555,2025-10-06T19:59:39Z
PBT,17.68,2025-10-06T19:56:42Z
PBUS,67.61,2025-10-06T19:53:30Z
PBW,32.75,2025-10-06T19:59:51Z
PBYI,5.035,2025-10-06T19:59:53Z
PC,10.28,2025-10-06T19:42:43Z
PCAP,10.4,2025-10-06T15:20:32Z
PCAR,98.48,2025-10-06T19:59:54Z
PCB,20.87,2025-10-06T17:40:58Z
PCEF,20.075,2025-10-06T19:59:48Z
PCF,6.24,2025-10-06T19:43:22Z
PCG,16.045,2025-10-06T19:59:56Z
PCGG,12.51,2025-10-06T15:32:40Z
PCH,42.7,2025-10-06T19:59:58Z
PCIG,9.725,2025-10-06T19:37:02Z
PCLA,0.4745,2025-10-06T19:58:34Z
PCM,6.69,2025-10-06T17:18:32Z
PCMM,50.49,2025-10-06T14:00:16Z
PCN,13.42,2025-10-06T18:16:51Z
PCOR,73.185,2025-10-06T19:59:46Z
PCQ,8.74,2025-10-06T19:34:30Z
PCRX,23.905,2025-10-06T19:59:41Z
PCSA,0.2782,2025-10-06T19:59:37Z
PCT,14.74,2025-10-06T19:59:53Z
PCTTW,4.23,2025-10-06T18:58:29Z
PCTY,156.54,2025-10-06T19:59:31Z
PCVX,41.26,2025-10-06T19:59:45Z
PCY,21.575,2025-10-06T19:59:55Z
PCYO,11.09,2025-10-06T19:58:45Z
PD,16,2025-10-06T19:59:55Z
PDBA,35.47,2025-10-06T14:36:21Z
PDBC,13.5,2025-10-06T19:59:57Z
PDCC,16.57,2025-10-06T18:31:12Z
PDD,134.315,2025-10-06T19:59:55Z
PDEC,42.18,2025-10-06T18:40:12Z
PDEX,33.675,2025-10-06T13:59:57Z
PDFS,26.95,2025-10-06T19:59:19Z
PDI,19.91,2025-10-06T19:55:11Z
PDLB,14.52,2025-10-06T19:59:52Z
PDM,8.645,2025-10-06T19:59:52Z
PDO,14.205,2025-10-06T19:59:50Z
PDP,120.37,2025-10-06T19:08:36Z
PDS,57.4,2025-10-06T19:55:24Z
PDSB,0.962,2025-10-06T19:59:54Z
PDT,13.34,2025-10-06T19:25:07Z
PDX,24.89,2025-10-06T19:07:00Z
PDYN,9.78,2025-10-06T19:59:47Z
PEB,10.88,2025-10-06T19:59:54Z
PEB-F,20.62,2025-10-06T16:52:17Z
PEB-H,18.11,2025-10-06T16:51:21Z
PEBO,30.33,2025-10-06T19:56:01Z
PECO,33.56,2025-10-06T19:59:51Z
PED,0.5727,2025-10-06T19:59:33Z
PEG,81.84,2025-10-06T19:59:57Z
PEGA,55.685,2025-10-06T19:59:53Z
PELIR,0.29,2025-10-06T17:21:23Z
PEN,255.345,2025-10-06T19:59:29Z
PENG,29.28,2025-10-06T19:59:50Z
PENN,18.48,2025-10-06T19:59:58Z
PEO,21.67,2025-10-06T19:54:10Z
PEP,139.72,2025-10-06T19:59:59Z
PEPG,4.92,2025-10-06T19:59:50Z
PERF,2.03,2025-10-06T19:59:59Z
PERI,9.78,2025-10-06T19:58:14Z
PESI,10.07,2025-10-06T19:59:46Z
PETS,2.55,2025-10-06T19:34:44Z
PEVC,29.12,2025-10-06T13:34:25Z
PEW,5.065,2025-10-06T19:59:58Z
PEW+,1.475,2025-10-06T19:59:08Z
PEX,26.44,2025-10-06T14:05:23Z
PEXL,58.66,2025-10-06T15:37:15Z
PEY,21.225,2025-10-06T19:59:46Z
PFBC,91.58,2025-10-06T19:59:59Z
PFE,26.44,2025-10-06T19:59:58Z
PFEB,39.8,2025-10-06T18:39:40Z
PFF,31.78,2025-10-06T19:59:53Z
PFFA,21.905,2025-10-06T19:59:54Z
PFFD,19.55,2025-10-06T19:59:43Z
PFFR,18.87,2025-10-06T19:10:50Z
PFFV,23.11,2025-10-06T16:41:18Z
PFG,84.16,2025-10-06T19:59:54Z
PFGC,101.5,2025-10-06T19:59:54Z
PFH,18.27,2025-10-06T15:10:40Z
PFIS,48.03,2025-10-06T19:16:27Z
PFIX,48.47,2025-10-06T19:48:16Z
PFL,8.65,2025-10-06T19:59:50Z
PFLD,19.73,2025-10-06T19:58:40Z
PFLT,8.855,2025-10-06T19:59:54Z
PFM,51.16,2025-10-06T18:25:03Z
PFN,7.6,2025-10-06T19:59:45Z
PFO,9.805,2025-10-06T19:29:31Z
PFS,20.02,2025-10-06T19:59:50Z
PFSA,0.3511,2025-10-06T19:47:11Z
PFSI,118.28,2025-10-06T19:59:32Z
PFXF,18.03,2025-10-06T19:59:31Z
PG,150.425,2025-10-06T19:59:49Z
PGC,28.165,2025-10-06T19:59:43Z
PGEN,3.13,2025-10-06T19:59:58Z
PGF,14.71,2025-10-06T18:25:37Z
PGHY,19.95,2025-10-06T19:55:01Z
PGNY,20.18,2025-10-06T19:59:54Z
PGR,240.515,2025-10-06T19:59:46Z
PGRE,6.525,2025-10-06T19:59:59Z
PGRO,44.76,2025-10-06T18:36:44Z
PGX,11.695,2025-10-06T19:59:54Z
PGY,29.65,2025-10-06T19:59:50Z
PGZ,10.41,2025-10-06T14:58:06Z
PH,764.295,2025-10-06T19:59:29Z
PHAT,11.605,2025-10-06T19:59:48Z
PHB,18.61,2025-10-06T19:15:45Z
PHD,9.945,2025-10-06T16:13:40Z
PHEQ,32.11,2025-10-06T19:43:21Z
PHG,28.045,2025-10-06T19:59:13Z
PHGE,0.5487,2025-10-06T19:59:45Z
PHH,0.4805,2025-10-06T19:16:49Z
PHI,18.865,2025-10-06T19:58:46Z
PHIN,55.48,2025-10-06T19:59:44Z
PHIO,2.36,2025-10-06T19:24:24Z
PHK,4.98,2025-10-06T19:55:33Z
PHLT,7.71,2025-10-06T19:59:55Z
PHM,135.57,2025-10-06T19:59:45Z
PHO,73.11,2025-10-06T19:19:04Z
PHOE,11.51,2025-10-06T16:58:11Z
PHR,23.48,2025-10-06T19:59:55Z
PHUN,3.07,2025-10-06T19:59:23Z
PHVS,23.11,2025-10-06T19:54:31Z
PHYL,35.555,2025-10-06T18:19:27Z
PHYS,30.27,2025-10-06T19:59:49Z
PI,196.94,2025-10-06T19:59:02Z
PICB,23.8,2025-10-06T19:55:15Z
PICK,45.39,2025-10-06T19:58:50Z
PID,21.47,2025-10-06T16:51:59Z
PIE,24.565,2025-10-06T19:52:08Z
PIEQ,32.38,2025-10-06T16:50:57Z
PII,64.33,2025-10-06T19:59:55Z
PIII,8.9,2025-10-06T19:59:21Z
PILL,8.45,2025-10-06T18:48:25Z
PIM,3.4,2025-10-06T19:34:41Z
PINC,27.88,2025-10-06T19:59:54Z
PINE,13.66,2025-10-06T19:57:06Z
PINK,32.82,2025-10-06T19:29:16Z
PINS,32.035,2025-10-06T19:59:58Z
PIO,45.445,2025-10-06T17:22:10Z
PIPR,344.345,2025-10-06T19:59:31Z
PIZ,48.52,2025-10-06T19:55:19Z
PJAN,45.87,2025-10-06T19:45:30Z
PJIO,65.595,2025-10-06T14:45:24Z
PJT,180.405,2025-10-06T19:59:49Z
PJUL,45.67,2025-10-06T19:47:01Z
PJUN,41.18,2025-10-06T19:59:45Z
PK,10.91,2025-10-06T19:59:58Z
PKE,19.89,2025-10-06T19:59:54Z
PKG,212.96,2025-10-06T19:59:46Z
PKOH,20.7,2025-10-06T19:42:27Z
PKST,13.53,2025-10-06T19:59:42Z
PKW,132.99,2025-10-06T19:29:49Z
PKX,48.65,2025-10-06T19:57:38Z
PL,15.24,2025-10-06T19:59:59Z
PL+,5.27,2025-10-06T16:58:07Z
PLAB,25.03,2025-10-06T19:59:55Z
PLAY,17.99,2025-10-06T19:59:52Z
PLBC,42.565,2025-10-06T19:09:43Z
PLBL,8.43,2025-10-06T19:21:27Z
PLBY,1.44,2025-10-06T19:59:56Z
PLCE,7.05,2025-10-06T19:59:49Z
PLD,117.1,2025-10-06T19:59:59Z
PLG,2.82,2025-10-06T19:59:54Z
PLMR,112.87,2025-10-06T19:58:40Z
PLNT,97.985,2025-10-06T19:59:53Z
PLOO,18.76,2025-10-06T15:18:08Z
PLOW,30.615,2025-10-06T19:55:00Z
PLPC,197.1,2025-10-06T19:59:46Z
PLRX,1.48,2025-10-06T19:59:50Z
PLRZ,1.135,2025-10-06T19:58:42Z
PLSE,19.435,2025-10-06T19:59:42Z
PLTA,32.6,2025-10-06T16:32:31Z
PLTD,6.835,2025-10-06T19:59:46Z
PLTG,34.69,2025-10-06T17:38:30Z
PLTK,3.75,2025-10-06T19:59:59Z
PLTM,15.735,2025-10-06T19:59:46Z
PLTR,179.58,2025-10-06T19:59:59Z
PLTU,97.94,2025-10-06T19:59:59Z
PLTW,46.62,2025-10-06T19:59:26Z
PLTY,64.2,2025-10-06T18:14:37Z
PLTZ,7.23,2025-10-06T19:59:59Z
PLUG,4.13,2025-10-06T19:59:59Z
PLUR,4.09,2025-10-06T17:10:30Z
PLUS,73.295,2025-10-06T19:54:40Z
PLUT,3.51,2025-10-06T16:52:07Z
PLX,2.595,2025-10-06T19:59:54Z
PLXS,148.79,2025-10-06T19:58:09Z
PLYM,22.01,2025-10-06T19:59:33Z
PM,153.52,2025-10-06T19:59:49Z
PMAR,44,2025-10-06T18:39:40Z
PMAX,2.79,2025-10-06T18:18:47Z
PMBS,49.45,2025-10-06T18:56:22Z
PMCB,1.03,2025-10-06T19:56:44Z
PMEC,1.65,2025-10-06T16:02:13Z
PMI,9.86,2025-10-06T19:59:29Z
PML,7.825,2025-10-06T19:59:59Z
PMM,6.05,2025-10-06T19:55:17Z
PMMF,100.285,2025-10-06T16:50:02Z
PMN,0.5449,2025-10-06T19:59:40Z
PMNT,0.5499,2025-10-06T19:58:26Z
PMO,10.21,2025-10-06T17:21:09Z
PMT,12.46,2025-10-06T19:59:53Z
PMTR,10.25,2025-10-06T19:58:53Z
PMTRW,0.6594,2025-10-06T17:02:55Z
PMTS,15.515,2025-10-06T18:45:06Z
PMVP,1.475,2025-10-06T19:59:55Z
PN,0.695,2025-10-06T17:17:05Z
PNBK,1.35,2025-10-06T19:59:50Z
PNC,195.57,2025-10-06T19:59:50Z
PNFP,93.56,2025-10-06T19:59:50Z
PNNT,6.59,2025-10-06T19:59:49Z
PNOV,41.17,2025-10-06T19:29:51Z
PNQI,56.34,2025-10-06T19:25:28Z
PNR,112.05,2025-10-06T19:59:50Z
PNRG,164.85,2025-10-06T16:18:24Z
PNTG,25.57,2025-10-06T19:56:08Z
PNW,90.84,2025-10-06T19:59:54Z
POAI,14.44,2025-10-06T19:33:38Z
POCT,43.215,2025-10-06T19:59:58Z
PODC,1.65,2025-10-06T16:22:00Z
PODD,311.71,2025-10-06T19:59:36Z
POET,6.385,2025-10-06T19:59:58Z
POLA,4.67,2025-10-06T19:28:12Z
PONX,66.07,2025-10-06T17:34:30Z
PONY,23.43,2025-10-06T19:59:55Z
POOL,307.385,2025-10-06T19:59:36Z
POR,43.7,2025-10-06T19:59:49Z
POST,106.75,2025-10-06T19:59:47Z
POWI,39.005,2025-10-06T19:59:45Z
POWL,312.35,2025-10-06T18:35:51Z
POWW,1.45,2025-10-06T19:59:54Z
PPA,158.08,2025-10-06T17:46:44Z
PPBT,0.6014,2025-10-06T16:16:46Z
PPC,38.52,2025-10-06T19:59:53Z
PPCB,1.96,2025-10-06T19:56:25Z
PPG,103.54,2025-10-06T19:59:44Z
PPH,93.69,2025-10-06T19:59:53Z
PPIE,28.65,2025-10-06T19:59:46Z
PPIH,23.01,2025-10-06T19:23:58Z
PPL,37.15,2025-10-06T19:59:57Z
PPLT,148.2,2025-10-06T19:59:50Z
PPSI,4.49,2025-10-06T19:52:36Z
PPT,3.69,2025-10-06T19:59:49Z
PPTA,23.575,2025-10-06T19:59:55Z
PPTY,30.85,2025-10-06T14:11:35Z
PR,12.62,2025-10-06T19:59:57Z
PRA,24.15,2025-10-06T19:59:57Z
PRAA,14.16,2025-10-06T19:58:05Z
PRAX,50.915,2025-10-06T19:58:49Z
PRCH,16.405,2025-10-06T19:59:46Z
PRCS,26.53,2025-10-06T18:36:40Z
PRCT,35.19,2025-10-06T19:59:40Z
PRDO,35.9,2025-10-06T19:59:39Z
PRE,14.91,2025-10-06T19:57:02Z
PREF,19.07,2025-10-06T19:56:37Z
PRF,45.59,2025-10-06T19:59:59Z
PRFX,1.39,2025-10-06T19:57:37Z
PRFZ,45.995,2025-10-06T19:43:22Z
PRG,31.415,2025-10-06T19:59:53Z
PRGO,22.055,2025-10-06T19:59:51Z
PRGS,46.7,2025-10-06T19:59:51Z
PRH,25.52,2025-10-06T14:16:05Z
PRHI,1.23,2025-10-06T19:41:14Z
PRI,277.9,2025-10-06T19:54:01Z
PRIM,139.54,2025-10-06T19:59:50Z
PRIV,25.46,2025-10-06T19:14:46Z
PRKS,54.56,2025-10-06T19:59:49Z
PRLB,50.475,2025-10-06T19:55:06Z
PRLD,1.465,2025-10-06T19:57:12Z
PRM,22.89,2025-10-06T19:59:53Z
PRMB,21.5,2025-10-06T19:59:58Z
PRME,6.06,2025-10-06T19:59:53Z
PRNT,24.16,2025-10-06T19:18:59Z
PRO,22.95,2025-10-06T19:59:56Z
PROF,5.73,2025-10-06T19:58:22Z
PROK,2.9,2025-10-06T19:59:51Z
PROP,2,2025-10-06T19:59:59Z
PRPH,0.5891,2025-10-06T19:48:10Z
PRPL,0.9552,2025-10-06T19:59:48Z
PRQR,2.365,2025-10-06T19:57:48Z
PRSO,1.205,2025-10-06T19:59:43Z
PRSU,36.405,2025-10-06T19:57:36Z
PRT,3.92,2025-10-06T18:22:04Z
PRTA,9.87,2025-10-06T19:59:16Z
PRTH,7.04,2025-10-06T19:59:51Z
PRTS,0.7033,2025-10-06T19:59:22Z
PRU,103.22,2025-10-06T19:59:47Z
PRVA,24.13,2025-10-06T19:59:55Z
PRXV,29.81,2025-10-06T15:53:26Z
PRZO,1.87,2025-10-06T19:59:09Z
PSA,290.82,2025-10-06T19:59:59Z
PSA-G,22.11,2025-10-06T14:05:03Z
PSA-H,24.71,2025-10-06T18:35:11Z
PSA-J,20.14,2025-10-06T14:05:03Z
PSA-L,19.86,2025-10-06T16:45:21Z
PSA-N,16.79,2025-10-06T19:06:08Z
PSA-P,17.41,2025-10-06T14:49:10Z
PSA-S,17.74,2025-10-06T14:20:10Z
PSBD,12.91,2025-10-06T19:58:25Z
PSCC,32.71,2025-10-06T19:59:50Z
PSCE,43.41,2025-10-06T17:14:59Z
PSCH,43,2025-10-06T15:08:35Z
PSDM,51.4,2025-10-06T16:09:00Z
PSEC,2.78,2025-10-06T19:59:56Z
PSEC-A,16.665,2025-10-06T19:17:08Z
PSEP,43,2025-10-06T19:23:35Z
PSF,20.86,2025-10-06T18:04:21Z
PSFE,12.84,2025-10-06T19:59:54Z
PSFF,31.74,2025-10-06T18:50:50Z
PSH,50.57,2025-10-06T19:55:20Z
PSHG,1.89,2025-10-06T19:44:16Z
PSIG,0.479,2025-10-06T13:33:54Z
PSIX,84.59,2025-10-06T19:56:47Z
PSKY,19.12,2025-10-06T19:59:52Z
PSLV,16.365,2025-10-06T19:59:59Z
PSMT,123.06,2025-10-06T19:56:29Z
PSN,88.33,2025-10-06T19:59:49Z
PSNL,7.195,2025-10-06T19:59:55Z
PSNY,0.9566,2025-10-06T18:59:15Z
PSNYW,0.2585,2025-10-06T18:18:08Z
PSO,14.205,2025-10-06T19:59:58Z
PSP,69.685,2025-10-06T18:56:37Z
PSQ,30.705,2025-10-06T19:59:44Z
PSQA,20.36,2025-10-06T13:49:51Z
PSQH,2.345,2025-10-06T19:59:45Z
PSQH+,0.2238,2025-10-06T19:15:01Z
PSQO,20.63,2025-10-06T19:18:48Z
PSTG,90.3,2025-10-06T19:59:40Z
PSTL,15.005,2025-10-06T19:32:33Z
PSTP,34.91,2025-10-06T18:21:15Z
PSTV,0.8779,2025-10-06T19:59:55Z
PSX,132.98,2025-10-06T19:59:31Z
PT,0.8652,2025-10-06T19:57:27Z
PTA,20.52,2025-10-06T19:46:58Z
PTBD,19.805,2025-10-06T19:57:48Z
PTC,204.98,2025-10-06T19:59:51Z
PTCT,64.755,2025-10-06T19:59:50Z
PTEN,5.81,2025-10-06T19:59:56Z
PTF,80.45,2025-10-06T19:59:50Z
PTGX,64.1,2025-10-06T19:59:46Z
PTHS,28.245,2025-10-06T19:50:58Z
PTIR,31.12,2025-10-06T19:59:57Z
PTIX,3.4,2025-10-06T19:15:42Z
PTL,252.05,2025-10-06T19:09:43Z
PTLC,55.255,2025-10-06T19:59:40Z
PTLE,0.2061,2025-10-06T19:50:45Z
PTLO,6.48,2025-10-06T19:59:57Z
PTNQ,78.53,2025-10-06T19:50:21Z
PTON,8.33,2025-10-06T19:59:57Z
PTRB,42.14,2025-10-06T15:19:23Z
PTRN,14.53,2025-10-06T19:59:55Z
PTY,14.485,2025-10-06T19:59:44Z
PUBM,8.46,2025-10-06T19:59:42Z
PUK,27.995,2025-10-06T19:59:54Z
PULM,5.26,2025-10-06T17:00:06Z
PULS,49.68,2025-10-06T17:50:17Z
PUMP,5.51,2025-10-06T19:59:56Z
PVAL,42.87,2025-10-06T19:59:59Z
PVBC,12.58,2025-10-06T15:03:01Z
PVH,85.12,2025-10-06T19:59:44Z
PVLA,68.01,2025-10-06T19:59:08Z
PWB,126.835,2025-10-06T19:59:46Z
PWM,0.89,2025-10-06T18:25:08Z
PWP,20.99,2025-10-06T19:59:39Z
PWR,428.3,2025-10-06T19:59:31Z
PWRD,99.235,2025-10-06T16:28:04Z
PWV,65.03,2025-10-06T16:00:00Z
PWZ,23.975,2025-10-06T18:35:08Z
PX,10.94,2025-10-06T19:59:50Z
PXF,62.265,2025-10-06T19:55:25Z
PXH,25.62,2025-10-06T19:59:50Z
PXIU,39.59,2025-10-06T19:57:10Z
PXLW,12.02,2025-10-06T19:59:47Z
PXSAW,0.0206,2025-10-06T16:19:23Z
PY,52.28,2025-10-06T19:28:41Z
PYLD,26.74,2025-10-06T19:59:46Z
PYPD,3.53,2025-10-06T19:53:09Z
PYPG,17.57,2025-10-06T19:59:46Z
PYPL,71.28,2025-10-06T19:59:57Z
PYPY,10.99,2025-10-06T14:02:46Z
PYXS,2.475,2025-10-06T19:59:53Z
PYZ,108.7,2025-10-06T14:06:09Z
PZA,23.135,2025-10-06T19:50:43Z
PZG,1.25,2025-10-06T19:59:12Z
PZZA,46.56,2025-10-06T19:59:37Z
QAT,19.23,2025-10-06T18:23:22Z
QBF,29.11,2025-10-06T18:34:19Z
QBIG,37.99,2025-10-06T18:06:09Z
QBSF,25.73,2025-10-06T18:03:34Z
QBTS,35.005,2025-10-06T19:59:54Z
QBTS+,40.4,2025-10-06T19:40:57Z
QBTX,310.68,2025-10-06T18:46:03Z
QBUF,28.845,2025-10-06T18:02:34Z
QCAP,23.37,2025-10-06T18:57:32Z
QCLN,44.15,2025-10-06T19:57:10Z
QCLR,32.54,2025-10-06T18:54:41Z
QCLS,4.875,2025-10-06T19:58:28Z
QCML,21.65,2025-10-06T19:16:46Z
QCMU,27.97,2025-10-06T18:14:56Z
QCOM,168.63,2025-10-06T19:59:54Z
QCRH,75.88,2025-10-06T18:54:57Z
QD,4.68,2025-10-06T19:58:58Z
QDEC,31.33,2025-10-06T18:31:09Z
QDEL,29.59,2025-10-06T19:59:51Z
QDF,79.68,2025-10-06T17:15:53Z
QDPL,42.2,2025-10-06T19:59:02Z
QDTE,35.79,2025-10-06T17:54:04Z
QDVO,29.19,2025-10-06T19:59:19Z
QEFA,89.47,2025-10-06T18:26:46Z
QETH,47.06,2025-10-06T19:58:00Z
QFIN,30.26,2025-10-06T19:59:52Z
QFLR,33.485,2025-10-06T19:56:26Z
QGEN,46.98,2025-10-06T19:59:58Z
QGRD,27.05,2025-10-06T17:18:17Z
QGRO,115.61,2025-10-06T17:38:21Z
QGRW,58.05,2025-10-06T19:59:48Z
QH,9.77,2025-10-06T18:30:43Z
QID,21.045,2025-10-06T19:59:52Z
QINT,62.64,2025-10-06T15:17:59Z
QIPT,2.56,2025-10-06T19:59:57Z
QJUN,31.17,2025-10-06T15:06:43Z
QLC,78.4,2025-10-06T19:30:26Z
QLD,140.61,2025-10-06T19:57:43Z
QLGN,5,2025-10-06T19:50:01Z
QLTA,48.345,2025-10-06T19:50:14Z
QLTY,37.07,2025-10-06T19:59:45Z
QLYS,129.63,2025-10-06T19:59:25Z
QMAR,32.28,2025-10-06T16:40:07Z
QMCO,11.91,2025-10-06T19:59:52Z
QMOM,65.07,2025-10-06T13:30:09Z
QNCX,1.93,2025-10-06T19:59:43Z
QNST,15.385,2025-10-06T19:59:55Z
QNTM,18,2025-10-06T18:12:59Z
QNXT,28.4,2025-10-06T19:59:46Z
QPUX,66.73,2025-10-06T18:32:59Z
QPX,43.6,2025-10-06T19:36:16Z
QQA,53.25,2025-10-06T19:58:38Z
QQEW,143.4,2025-10-06T19:59:46Z
QQH,77.49,2025-10-06T18:25:03Z
QQQ,607.68,2025-10-06T19:59:59Z
QQQD,13.53,2025-10-06T13:31:35Z
QQQE,103.21,2025-10-06T19:59:51Z
QQQH,54.74,2025-10-06T14:14:59Z
QQQI,54.73,2025-10-06T19:51:41Z
QQQJ,36.52,2025-10-06T19:59:50Z
QQQM,250.24,2025-10-06T19:59:18Z
QQQU,59.73,2025-10-06T19:59:50Z
QQQX,27.495,2025-10-06T15:23:10Z
QQQY,25.835,2025-10-06T17:47:30Z
QQUP,57.23,2025-10-06T16:57:59Z
QQXT,99.29,2025-10-06T18:40:06Z
QRHC,1.56,2025-10-06T17:13:58Z
QRVO,92.43,2025-10-06T19:59:51Z
QS,15.71,2025-10-06T19:59:59Z
QSG,8.32,2025-10-06T19:59:47Z
QSI,1.81,2025-10-06T19:59:55Z
QSIG,49.07,2025-10-06T19:14:11Z
QSPT,31.25,2025-10-06T19:39:25Z
QSR,68.885,2025-10-06T19:59:52Z
QTAP,43.77,2025-10-06T16:19:44Z
QTEC,236.415,2025-10-06T19:59:15Z
QTOP,31.405,2025-10-06T19:45:45Z
QTRX,5.87,2025-10-06T19:59:50Z
QTTB,2.18,2025-10-06T19:34:00Z
QTUM,112.51,2025-10-06T19:59:50Z
QTWO,65.81,2025-10-06T19:59:57Z
QUAD,5.69,2025-10-06T19:59:37Z
QUAL,196.89,2025-10-06T19:59:27Z
QUBT,22.14,2025-10-06T19:59:59Z
QUBX,28.52,2025-10-06T19:59:31Z
QUIK,6.07,2025-10-06T19:59:36Z
QURE,52.84,2025-10-06T19:59:47Z
QUSA,19.56,2025-10-06T16:37:04Z
QVAL,47.26,2025-10-06T19:59:28Z
QVCC,10.395,2025-10-06T16:33:29Z
QVCGA,14.28,2025-10-06T15:49:55Z
QVCGP,6.66,2025-10-06T16:38:08Z
QWLD,141.655,2025-10-06T19:59:46Z
QXO,19.775,2025-10-06T19:59:57Z
QYLD,17.12,2025-10-06T19:59:45Z
QYLG,29.56,2025-10-06T14:34:44Z
R,194.27,2025-10-06T19:59:50Z
RA,13.435,2025-10-06T19:59:52Z
RAAA,25.04,2025-10-06T13:38:54Z
RAAX,34.94,2025-10-06T15:15:38Z
RACE,491.055,2025-10-06T19:59:45Z
RADX,7.075,2025-10-06T17:29:04Z
RAIL,9.605,2025-10-06T19:11:08Z
RAL,43.895,2025-10-06T19:59:56Z
RAMP,28.015,2025-10-06T19:59:50Z
RANG,10.41,2025-10-06T19:28:57Z
RANI,0.5001,2025-10-06T19:46:52Z
RAPP,27.77,2025-10-06T19:58:00Z
RAPT,29.685,2025-10-06T19:59:52Z
RARE,30.195,2025-10-06T19:59:42Z
RAVE,3.06,2025-10-06T19:56:08Z
RAY,0.4943,2025-10-06T19:40:41Z
RAYA,5.45,2025-10-06T19:44:49Z
RAYE,28.7,2025-10-06T18:45:33Z
RBA,107.5,2025-10-06T19:59:49Z
RBB,18.51,2025-10-06T17:45:10Z
RBBN,3.83,2025-10-06T19:59:54Z
RBC,375.415,2025-10-06T18:49:08Z
RBCAA,72.26,2025-10-06T19:58:55Z
RBIL,50.12,2025-10-06T19:09:46Z
RBKB,11.6,2025-10-06T17:44:22Z
RBLU,79.63,2025-10-06T17:06:07Z
RBLX,126.32,2025-10-06T19:59:55Z
RBNE,1.34,2025-10-06T19:59:50Z
RBOT,6.74,2025-10-06T18:53:26Z
RBOT+,0.0249,2025-10-06T15:53:24Z
RBRK,82.22,2025-10-06T19:59:59Z
RC,3.56,2025-10-06T19:59:56Z
RCAT,14.58,2025-10-06T19:59:59Z
RCEL,5.54,2025-10-06T19:56:23Z
RCI,34.98,2025-10-06T19:59:55Z
RCKT,3.19,2025-10-06T19:59:52Z
RCKY,29.77,2025-10-06T15:16:09Z
RCL,316.85,2025-10-06T19:59:43Z
RCMT,25.085,2025-10-06T19:45:05Z
RCS,7.93,2025-10-06T19:56:12Z
RCT,2,2025-10-06T19:50:20Z
RCUS,14.51,2025-10-06T19:59:46Z
RDACR,0.2,2025-10-06T19:31:23Z
RDCM,14.13,2025-10-06T17:45:41Z
RDDT,203.57,2025-10-06T19:59:47Z
RDFI,24.05,2025-10-06T17:16:32Z
RDGT,1.36,2025-10-06T15:58:49Z
RDHL,2.02,2025-10-06T18:25:36Z
RDI,1.57,2025-10-06T19:59:21Z
RDIV,52.45,2025-10-06T16:37:10Z
RDN,34.73,2025-10-06T19:59:50Z
RDNT,78.285,2025-10-06T19:59:51Z
RDNW,4.06,2025-10-06T19:50:44Z
RDOG,36.41,2025-10-06T13:36:46Z
RDTE,33.98,2025-10-06T18:46:24Z
RDTL,44.86,2025-10-06T19:59:48Z
RDVI,26.05,2025-10-06T19:51:43Z
RDVT,51.255,2025-10-06T19:41:17Z
RDVY,67.91,2025-10-06T19:58:12Z
RDW,11.23,2025-10-06T19:59:47Z
RDWR,27.69,2025-10-06T19:52:08Z
RDY,14.11,2025-10-06T19:59:47Z
RDZN,1.055,2025-10-06T19:58:17Z
REAL,10.19,2025-10-06T19:59:59Z
REAX,4.255,2025-10-06T19:59:55Z
REBN,2.49,2025-10-06T19:18:41Z
RECS,40.49,2025-10-06T19:57:52Z
REE,0.8314,2025-10-06T19:50:50Z
REET,25.495,2025-10-06T19:59:58Z
REFI,12.675,2025-10-06T19:54:26Z
REFR,1.53,2025-10-06T18:03:40Z
REG,71.145,2025-10-06T19:59:55Z
REGL,85.84,2025-10-06T17:26:50Z
REGN,584.91,2025-10-06T19:59:57Z
REI,1.135,2025-10-06T19:59:37Z
REIT,26.575,2025-10-06T19:59:45Z
REKR,1.81,2025-10-06T19:59:50Z
RELI,1.045,2025-10-06T19:59:46Z
RELL,9.57,2025-10-06T19:58:54Z
RELX,46.395,2025-10-06T19:59:50Z
RELY,15.7,2025-10-06T19:59:54Z
REM,21.94,2025-10-06T19:59:50Z
REMX,74.06,2025-10-06T19:59:12Z
RENT,5.06,2025-10-06T19:57:32Z
REPL,4.67,2025-10-06T19:59:57Z
REPX,27.23,2025-10-06T19:59:17Z
RERE,4.34,2025-10-06T19:59:52Z
RES,4.78,2025-10-06T19:59:53Z
RETL,9.74,2025-10-06T19:59:41Z
RETO,1.16,2025-10-06T18:47:25Z
REVB,1.41,2025-10-06T19:57:41Z
REVG,53.38,2025-10-06T19:59:50Z
REW,5.66,2025-10-06T19:46:41Z
REX,32.07,2025-10-06T19:59:42Z
REXR,41.65,2025-10-06T19:59:58Z
REYN,24.565,2025-10-06T19:59:54Z
REZ,83.43,2025-10-06T19:58:46Z
REZI,42.87,2025-10-06T19:59:46Z
RF,25.86,2025-10-06T19:59:55Z
RF-C,24.64,2025-10-06T19:50:11Z
RFEM,77.1,2025-10-06T15:06:50Z
RFG,51.29,2025-10-06T19:36:39Z
RFI,11.97,2025-10-06T18:26:56Z
RFIL,7.985,2025-10-06T19:24:51Z
RFIX,42.18,2025-10-06T14:01:21Z
RFL,1.34,2025-10-06T19:50:35Z
RFM,14.32,2025-10-06T19:16:05Z
RFMZ,13.015,2025-10-06T18:57:25Z
RGA,197.365,2025-10-06T19:59:48Z
RGC,17.195,2025-10-06T15:26:42Z
RGEN,150.21,2025-10-06T19:59:53Z
RGLD,203.54,2025-10-06T19:59:56Z
RGNX,10.69,2025-10-06T19:59:50Z
RGP,4.92,2025-10-06T19:59:45Z
RGR,45.01,2025-10-06T19:59:46Z
RGS,29.825,2025-10-06T19:43:22Z
RGTI,41.7,2025-10-06T19:59:59Z
RGTIW,30.21,2025-10-06T19:57:33Z
RGTU,272.08,2025-10-06T18:02:35Z
RGTX,276.25,2025-10-06T19:58:40Z
RH,199.85,2025-10-06T19:59:49Z
RHI,34.355,2025-10-06T19:59:49Z
RHLD,77.13,2025-10-06T17:00:32Z
RHP,89.91,2025-10-06T19:59:45Z
RICK,28.995,2025-10-06T19:55:02Z
RIET,9.565,2025-10-06T19:59:45Z
RIG,3.425,2025-10-06T19:59:45Z
RIGL,28.9,2025-10-06T19:59:34Z
RIGS,23.19,2025-10-06T17:19:04Z
RILY,5.83,2025-10-06T19:59:51Z
RILYK,23.99,2025-10-06T15:22:49Z
RILYT,14.9,2025-10-06T14:09:10Z
RIME,2.51,2025-10-06T17:51:18Z
RING,66.77,2025-10-06T19:59:51Z
RIO,66.95,2025-10-06T19:59:59Z
RIOT,21.58,2025-10-06T19:59:56Z
RIOX,41.96,2025-10-06T19:55:04Z
RISR,35.97,2025-10-06T18:50:09Z
RITA,19.68,2025-10-06T13:34:33Z
RITM,10.9,2025-10-06T19:59:57Z
RITM-C,24.75,2025-10-06T14:04:53Z
RITM-E,24.995,2025-10-06T17:18:52Z
RITR,2.485,2025-10-06T19:53:38Z
RIV,11.98,2025-10-06T19:59:58Z
RIVN,13.48,2025-10-06T19:59:59Z
RJF,167.59,2025-10-06T19:59:46Z
RJF-B,25.15,2025-10-06T18:13:34Z
RKLB,58.47,2025-10-06T19:59:50Z
RKLX,123.6,2025-10-06T19:55:09Z
RKT,16.94,2025-10-06T19:59:56Z
RL,321.52,2025-10-06T19:59:04Z
RLAY,5.585,2025-10-06T19:59:46Z
RLGT,6.065,2025-10-06T19:59:55Z
RLI,64.11,2025-10-06T19:59:54Z
RLJ,7.055,2025-10-06T19:59:55Z
RLMD,2.07,2025-10-06T19:59:47Z
RLTY,15.19,2025-10-06T19:44:56Z
RLX,2.51,2025-10-06T19:59:49Z
RLY,31.16,2025-10-06T19:23:30Z
RLYB,0.5674,2025-10-06T19:54:22Z
RM,38.71,2025-10-06T19:55:33Z
RMAX,8.715,2025-10-06T19:59:07Z
RMBI,14.65,2025-10-06T16:44:33Z
RMBS,100.8,2025-10-06T19:59:55Z
RMCF,1.74,2025-10-06T19:50:23Z
RMCO,2.84,2025-10-06T19:57:20Z
RMCOW,0.07,2025-10-06T16:06:07Z
RMD,281.455,2025-10-06T19:59:57Z
RMI,14.48,2025-10-06T18:17:29Z
RMM,14.005,2025-10-06T19:44:32Z
RMMZ,14.77,2025-10-06T18:18:51Z
RMNI,4.74,2025-10-06T19:59:54Z
RMOP,24.945,2025-10-06T19:59:46Z
RMR,15.26,2025-10-06T19:59:17Z
RMT,10.54,2025-10-06T19:47:54Z
RMTI,1.205,2025-10-06T19:59:53Z
RNA,46.16,2025-10-06T19:59:59Z
RNAC,10.005,2025-10-06T19:59:49Z
RNAZ,11.36,2025-10-06T15:51:28Z
RNG,28.345,2025-10-06T19:59:39Z
RNGR,13.92,2025-10-06T19:59:30Z
RNGTU,10.02,2025-10-06T17:33:17Z
RNIN,27.66,2025-10-06T19:55:35Z
RNP,21.91,2025-10-06T19:23:56Z
RNR,266.63,2025-10-06T19:58:54Z
RNST,37.29,2025-10-06T19:59:48Z
RNTX,1.19,2025-10-06T19:55:55Z
RNW,8.05,2025-10-06T19:59:53Z
RNWWW,0.0655,2025-10-06T19:59:42Z
RNXT,1.335,2025-10-06T19:59:56Z
ROAD,124.11,2025-10-06T19:59:54Z
ROAM,28.18,2025-10-06T19:52:44Z
ROBN,108.97,2025-10-06T19:55:01Z
ROBO,68.96,2025-10-06T19:59:59Z
ROBT,55.685,2025-10-06T19:58:17Z
ROCK,64.495,2025-10-06T19:59:21Z
RODM,35.81,2025-10-06T19:42:29Z
ROE,34.97,2025-10-06T17:43:42Z
ROG,84.27,2025-10-06T19:59:07Z
ROIV,16.265,2025-10-06T19:59:58Z
ROK,348.52,2025-10-06T19:59:44Z
ROKU,104.86,2025-10-06T19:59:53Z
ROL,58.31,2025-10-06T19:59:50Z
ROM,96.5,2025-10-06T19:54:10Z
ROMA,2.815,2025-10-06T15:13:02Z
ROMO,34.13,2025-10-06T15:48:12Z
ROOT,83.19,2025-10-06T19:59:48Z
ROP,507.045,2025-10-06T19:59:58Z
ROST,152.28,2025-10-06T19:59:39Z
ROUS,57.72,2025-10-06T19:39:24Z
RPAR,21.24,2025-10-06T14:43:11Z
RPAY,4.97,2025-10-06T19:59:57Z
RPD,18.59,2025-10-06T19:59:50Z
RPG,48.09,2025-10-06T19:59:35Z
RPID,3.68,2025-10-06T19:59:53Z
RPM,114.18,2025-10-06T19:59:49Z
RPRX,36.11,2025-10-06T19:59:49Z
RPT,2.49,2025-10-06T19:59:58Z
RPTX,1.83,2025-10-06T19:58:01Z
RPV,100.06,2025-10-06T19:06:41Z
RQI,12.36,2025-10-06T19:49:26Z
RR,6.57,2025-10-06T19:59:58Z
RRBI,64.43,2025-10-06T18:42:27Z
RRC,38.79,2025-10-06T19:59:52Z
RRGB,6.81,2025-10-06T19:59:50Z
RRR,59.43,2025-10-06T19:59:35Z
RRX,150.01,2025-10-06T19:59:52Z
RS,280.83,2025-10-06T19:58:25Z
RSF,14.755,2025-10-06T19:31:41Z
RSG,223.175,2025-10-06T19:59:56Z
RSI,18.69,2025-10-06T19:59:54Z
RSKD,4.65,2025-10-06T19:59:51Z
RSP,191.175,2025-10-06T19:59:57Z
RSPA,51.355,2025-10-06T19:59:59Z
RSPC,40.29,2025-10-06T19:31:50Z
RSPD,57.85,2025-10-06T17:02:36Z
RSPG,79.92,2025-10-06T19:12:14Z
RSPH,30.24,2025-10-06T19:28:44Z
RSPM,33.01,2025-10-06T19:22:22Z
RSPS,29.11,2025-10-06T19:59:38Z
RSPT,45.615,2025-10-06T19:59:46Z
RSSB,28.6,2025-10-06T19:58:26Z
RSSS,3.58,2025-10-06T19:23:48Z
RSST,27.25,2025-10-06T13:54:01Z
RSSX,26.71,2025-10-06T19:04:43Z
RSVR,7.71,2025-10-06T19:57:21Z
RSVRW,0.6219,2025-10-06T16:09:47Z
RTAC,11.02,2025-10-06T19:42:04Z
RTACU,11.66,2025-10-06T18:18:32Z
RTACW,1.41,2025-10-06T15:24:41Z
RTO,26.61,2025-10-06T19:59:42Z
RTX,168.8,2025-10-06T19:59:54Z
RTXG,21.17,2025-10-06T19:59:41Z
RUBI,2.24,2025-10-06T19:20:55Z
RUM,8.5,2025-10-06T19:59:54Z
RUMBW,2.49,2025-10-06T17:49:51Z
RUN,19.28,2025-10-06T19:59:56Z
RUNN,34.54,2025-10-06T19:59:46Z
RUSHA,49.92,2025-10-06T19:59:45Z
RUSHB,55.2,2025-10-06T19:46:04Z
RVER,33.81,2025-10-06T18:23:32Z
RVLV,22.29,2025-10-06T19:59:57Z
RVMD,46.57,2025-10-06T19:59:57Z
RVNL,31.63,2025-10-06T18:39:29Z
RVNU,24.69,2025-10-06T19:28:54Z
RVPH,0.6656,2025-10-06T19:59:56Z
RVSB,5.26,2025-10-06T19:59:52Z
RVSN,0.5138,2025-10-06T19:59:34Z
RVT,16.38,2025-10-06T19:42:54Z
RVTY,93.31,2025-10-06T19:59:56Z
RVYL,0.4095,2025-10-06T19:52:24Z
RWAY,10.05,2025-10-06T19:59:50Z
RWJ,48.98,2025-10-06T19:51:41Z
RWL,111.26,2025-10-06T19:00:52Z
RWM,16.48,2025-10-06T19:59:50Z
RWR,99.48,2025-10-06T19:59:33Z
RWT,5.79,2025-10-06T19:59:52Z
RWT-A,25.03,2025-10-06T18:21:57Z
RWTN,24.72,2025-10-06T18:19:37Z
RWTO,24.61,2025-10-06T17:56:03Z
RXD,10.38,2025-10-06T13:31:07Z
RXO,17.52,2025-10-06T19:59:55Z
RXRX,5.52,2025-10-06T19:59:56Z
RXST,8.485,2025-10-06T19:59:54Z
RXT,1.505,2025-10-06T19:59:30Z
RY,147.03,2025-10-06T19:59:50Z
RYAAY,59.9,2025-10-06T19:59:59Z
RYAM,7.71,2025-10-06T19:59:32Z
RYAN,57.85,2025-10-06T19:59:54Z
RYET,1.485,2025-10-06T19:57:42Z
RYI,23.45,2025-10-06T19:59:13Z
RYLD,15.255,2025-10-06T19:43:51Z
RYM,48.62,2025-10-06T17:23:06Z
RYN,26.585,2025-10-06T19:59:49Z
RYOJ,2.27,2025-10-06T19:52:50Z
RYTM,97.81,2025-10-06T19:59:22Z
RZB,24.85,2025-10-06T15:10:47Z
RZC,25.54,2025-10-06T17:20:38Z
RZLT,8.805,2025-10-06T19:59:51Z
RZLV,6.555,2025-10-06T19:59:37Z
RZLVW,2.42,2025-10-06T13:44:01Z
S,17.9,2025-10-06T19:59:55Z
SA,24.7,2025-10-06T19:59:47Z
SAA,26.42,2025-10-06T16:02:12Z
SABA,9.09,2025-10-06T17:21:10Z
SABR,1.855,2025-10-06T19:59:25Z
SABS,2.27,2025-10-06T19:46:25Z
SACH,1.145,2025-10-06T19:59:46Z
SAFE,15.18,2025-10-06T19:59:52Z
SAFX,1.25,2025-10-06T19:59:59Z
SAGT,2.045,2025-10-06T18:52:04Z
SAH,73.98,2025-10-06T19:50:38Z
SAIA,309,2025-10-06T19:59:52Z
SAIC,102.82,2025-10-06T19:59:48Z
SAIL,23.61,2025-10-06T19:59:54Z
SAM,217.93,2025-10-06T19:54:25Z
SAMG,15.3,2025-10-06T17:39:11Z
SAN,10.09,2025-10-06T19:59:49Z
SANA,4.15,2025-10-06T19:59:56Z
SAND,12.715,2025-10-06T19:59:48Z
SANM,139.965,2025-10-06T19:59:29Z
SAP,274.165,2025-10-06T19:59:43Z
SAR,24.42,2025-10-06T19:59:29Z
SARK,27.155,2025-10-06T19:59:49Z
SARO,26.515,2025-10-06T19:59:54Z
SATL,3.77,2025-10-06T19:59:52Z
SATS,76.76,2025-10-06T19:59:54Z
SAUG,25.28,2025-10-06T17:18:17Z
SAVA,3.57,2025-10-06T19:59:46Z
SB,4.47,2025-10-06T19:59:53Z
SB-D,26.09,2025-10-06T15:18:26Z
SBAC,188.63,2025-10-06T19:59:45Z
SBAR,26.21,2025-10-06T17:17:33Z
SBC,4.31,2025-10-06T19:59:49Z
SBCF,31.45,2025-10-06T19:59:55Z
SBET,19.23,2025-10-06T19:59:54Z
SBEV,2.46,2025-10-06T16:33:53Z
SBFG,19.345,2025-10-06T19:20:58Z
SBFM,1.525,2025-10-06T18:29:18Z
SBGI,14.08,2025-10-06T19:59:47Z
SBH,16.48,2025-10-06T19:59:52Z
SBIL,100.135,2025-10-06T17:14:42Z
SBIT,23.995,2025-10-06T19:56:00Z
SBLK,18.435,2025-10-06T19:59:59Z
SBLX,6.29,2025-10-06T19:23:55Z
SBND,18.95,2025-10-06T14:26:16Z
SBR,75.45,2025-10-06T16:17:37Z
SBRA,17.92,2025-10-06T19:59:59Z
SBS,24.06,2025-10-06T19:59:57Z
SBSI,28.485,2025-10-06T19:59:39Z
SBSW,11.31,2025-10-06T19:59:59Z
SBUX,82.1,2025-10-06T19:59:59Z
SCCD,24.21,2025-10-06T15:47:29Z
SCCO,130.07,2025-10-06T19:59:54Z
SCCR,25.845,2025-10-06T19:19:16Z
SCD,15.625,2025-10-06T19:59:58Z
SCE-J,23.36,2025-10-06T18:29:31Z
SCE-M,23.245,2025-10-06T19:31:38Z
SCE-N,21.79,2025-10-06T13:54:04Z
SCEC,25.4,2025-10-06T17:43:41Z
SCHA,28.305,2025-10-06T19:59:50Z
SCHB,25.94,2025-10-06T19:59:46Z
SCHC,46.07,2025-10-06T19:59:41Z
SCHD,27.345,2025-10-06T19:59:46Z
SCHE,33.86,2025-10-06T19:59:44Z
SCHF,23.785,2025-10-06T19:59:47Z
SCHG,32.325,2025-10-06T19:59:51Z
SCHH,21.355,2025-10-06T19:59:43Z
SCHI,23.015,2025-10-06T19:56:39Z
SCHJ,24.885,2025-10-06T16:33:10Z
SCHK,32.41,2025-10-06T19:59:58Z
SCHL,28.72,2025-10-06T19:57:48Z
SCHM,30.07,2025-10-06T19:39:21Z
SCHO,24.345,2025-10-06T19:58:48Z
SCHP,26.825,2025-10-06T19:57:12Z
SCHQ,32.055,2025-10-06T19:59:45Z
SCHR,25.055,2025-10-06T19:57:08Z
SCHV,29.23,2025-10-06T19:59:48Z
SCHW,93.99,2025-10-06T19:59:59Z
SCHW-D,25.24,2025-10-06T17:47:45Z
SCHX,26.59,2025-10-06T19:59:45Z
SCHY,28.06,2025-10-06T19:59:59Z
SCHZ,23.395,2025-10-06T19:07:02Z
SCI,83.61,2025-10-06T19:59:56Z
SCIO,20.8,2025-10-06T16:37:31Z
SCJ,92.905,2025-10-06T15:57:50Z
SCL,48.88,2025-10-06T19:45:45Z
SCLX,16.89,2025-10-06T19:59:45Z
SCM,12.69,2025-10-06T19:59:50Z
SCMB,25.605,2025-10-06T19:33:00Z
SCNI,1.355,2025-10-06T19:56:12Z
SCNX,0.83,2025-10-06T16:37:55Z
SCO,17.71,2025-10-06T18:23:56Z
SCOR,8.12,2025-10-06T19:44:06Z
SCPH,5.68,2025-10-06T19:59:56Z
SCS,16.99,2025-10-06T19:59:56Z
SCSC,42.68,2025-10-06T19:57:16Z
SCVL,21.4,2025-10-06T19:59:52Z
SCWO,0.3343,2025-10-06T19:58:16Z
SCYB,26.57,2025-10-06T19:56:08Z
SCYX,0.7889,2025-10-06T19:59:50Z
SCZ,77.73,2025-10-06T19:59:55Z
SD,12.285,2025-10-06T19:58:53Z
SDAWW,0.0546,2025-10-06T19:43:47Z
SDCI,22.94,2025-10-06T19:21:35Z
SDD,12.77,2025-10-06T18:17:42Z
SDEM,27.8,2025-10-06T17:06:42Z
SDG,84.59,2025-10-06T18:31:40Z
SDGR,21.27,2025-10-06T19:59:55Z
SDHC,17.365,2025-10-06T19:58:41Z
SDHY,16.83,2025-10-06T19:47:36Z
SDIV,23.75,2025-10-06T19:50:02Z
SDOG,60.34,2025-10-06T18:52:24Z
SDOT,5.995,2025-10-06T18:40:28Z
SDOW,35.14,2025-10-06T19:59:58Z
SDP,11.5,2025-10-06T19:52:32Z
SDRL,32.15,2025-10-06T19:59:49Z
SDS,14.24,2025-10-06T19:59:53Z
SDST,4.01,2025-10-06T19:56:52Z
SDVD,21.51,2025-10-06T19:32:15Z
SDVY,37.95,2025-10-06T19:59:43Z
SDY,140.44,2025-10-06T19:59:54Z
SE,189.53,2025-10-06T19:59:51Z
SEAL-B,25.48,2025-10-06T19:39:09Z
SEAT,15.24,2025-10-06T19:54:03Z
SEB,3534,2025-10-06T19:59:53Z
SECT,63.82,2025-10-06T19:13:40Z
SEDG,37.08,2025-10-06T19:59:46Z
SEE,36.24,2025-10-06T19:59:50Z
SEEM,30.75,2025-10-06T19:18:03Z
SEER,2.25,2025-10-06T19:59:45Z
SEG,24.6,2025-10-06T19:59:29Z
SEGG,4.05,2025-10-06T18:40:01Z
SEI,46.75,2025-10-06T19:59:53Z
SEIC,85.33,2025-10-06T19:59:42Z
SEIE,30.83,2025-10-06T18:59:18Z
SEIM,45.37,2025-10-06T19:30:43Z
SEIQ,38.69,2025-10-06T19:35:33Z
SEIS,28.17,2025-10-06T18:07:58Z
SEIV,39.07,2025-10-06T19:28:03Z
SEIX,23.6,2025-10-06T15:19:58Z
SELF,5.03,2025-10-06T19:44:59Z
SELV,31.6,2025-10-06T16:45:31Z
SELX,0.87,2025-10-06T16:30:49Z
SEM,13.015,2025-10-06T19:59:54Z
SEMI,31.91,2025-10-06T16:04:47Z
SEMR,7.44,2025-10-06T19:59:59Z
SENEA,110.785,2025-10-06T19:29:30Z
SENS,0.5621,2025-10-06T19:59:53Z
SEPN,20.78,2025-10-06T19:59:53Z
SEPT,34.53,2025-10-06T18:36:20Z
SEPU,28.695,2025-10-06T19:59:45Z
SEPW,31.42,2025-10-06T19:55:51Z
SEPZ,42.52,2025-10-06T19:30:29Z
SER,5.14,2025-10-06T19:19:32Z
SERA,3.26,2025-10-06T19:54:25Z
SERV,14.905,2025-10-06T19:59:57Z
SES,2.44,2025-10-06T19:59:44Z
SETH,7.56,2025-10-06T13:38:03Z
SETM,26.655,2025-10-06T19:58:17Z
SEVN,10.07,2025-10-06T19:54:54Z
SEZL,86.32,2025-10-06T19:59:39Z
SF,113.25,2025-10-06T19:59:59Z
SF-C,24.16,2025-10-06T16:45:18Z
SF-D,18.5,2025-10-06T15:03:08Z
SFBS,82.305,2025-10-06T19:59:37Z
SFD,22.68,2025-10-06T19:59:58Z
SFHG,0.6681,2025-10-06T16:58:24Z
SFIX,4.11,2025-10-06T19:59:57Z
SFL,7.61,2025-10-06T19:59:57Z
SFLO,29.375,2025-10-06T19:59:46Z
SFLR,36.3,2025-10-06T18:34:19Z
SFM,101.78,2025-10-06T19:59:59Z
SFNC,19.5,2025-10-06T19:59:57Z
SFST,44.305,2025-10-06T19:49:59Z
SFWL,1,2025-10-06T13:37:22Z
SFY,130.32,2025-10-06T14:42:55Z
SG,7.93,2025-10-06T19:59:55Z
SGA,13.19,2025-10-06T19:22:29Z
SGBX,3.34,2025-10-06T19:59:20Z
SGC,10.19,2025-10-06T19:59:08Z
SGD,1.41,2025-10-06T19:51:39Z
SGDJ,77.02,2025-10-06T19:00:10Z
SGDM,63.89,2025-10-06T18:49:55Z
SGHC,13.76,2025-10-06T19:59:58Z
SGHT,3.37,2025-10-06T19:59:55Z
SGI,84.5,2025-10-06T19:59:53Z
SGLY,1.08,2025-10-06T19:47:42Z
SGML,7.57,2025-10-06T19:59:59Z
SGMO,0.6953,2025-10-06T19:59:25Z
SGMT,7.295,2025-10-06T19:59:38Z
SGN,1.86,2025-10-06T19:59:54Z
SGOL,37.745,2025-10-06T19:59:49Z
SGOV,100.425,2025-10-06T19:59:28Z
SGRP,1.04,2025-10-06T16:58:58Z
SGRY,20.38,2025-10-06T19:59:54Z
SGU,11.95,2025-10-06T17:06:16Z
SGVT,100.42,2025-10-06T19:59:50Z
SH,36.695,2025-10-06T19:59:45Z
SHAK,95.65,2025-10-06T19:59:50Z
SHBI,16.41,2025-10-06T19:59:34Z
SHC,16.225,2025-10-06T19:59:58Z
SHCO,8.86,2025-10-06T19:59:55Z
SHEL,74.29,2025-10-06T19:59:58Z
SHEN,13.42,2025-10-06T19:59:27Z
SHFS,6.99,2025-10-06T18:03:31Z
SHG,50.415,2025-10-06T19:58:00Z
SHIP,8.3,2025-10-06T19:59:14Z
SHLD,71.03,2025-10-06T19:59:57Z
SHLS,8.745,2025-10-06T19:59:59Z
SHM,48.085,2025-10-06T19:59:46Z
SHMD,2.63,2025-10-06T19:54:46Z
SHO,9.22,2025-10-06T19:59:50Z
SHOO,33.675,2025-10-06T19:59:50Z
SHOP,164.47,2025-10-06T19:59:59Z
SHOT,0.3815,2025-10-06T19:59:58Z
SHOTW,0.0387,2025-10-06T19:56:28Z
SHPH,4.21,2025-10-06T17:50:55Z
SHPU,38.48,2025-10-06T18:18:49Z
SHV,110.2,2025-10-06T19:51:27Z
SHW,336.92,2025-10-06T19:59:25Z
SHY,82.77,2025-10-06T19:59:52Z
SHYD,22.815,2025-10-06T19:59:02Z
SHYG,43.08,2025-10-06T19:59:45Z
SHYL,45.24,2025-10-06T18:21:37Z
SHYM,22.22,2025-10-06T19:59:59Z
SI,13.22,2025-10-06T19:58:10Z
SIBN,14.45,2025-10-06T19:59:33Z
SID,1.665,2025-10-06T19:59:51Z
SIDU,1.165,2025-10-06T19:59:46Z
SIEB,2.85,2025-10-06T19:40:16Z
SIFY,14.78,2025-10-06T19:30:49Z
SIG,93.84,2025-10-06T19:59:28Z
SIGA,8.21,2025-10-06T19:59:46Z
SIGI,84.2,2025-10-06T19:59:53Z
SIHY,46.13,2025-10-06T19:46:40Z
SII,86.39,2025-10-06T19:59:46Z
SIJ,11.44,2025-10-06T15:57:25Z
SIL,72.29,2025-10-06T19:59:50Z
SILA,23.98,2025-10-06T19:59:33Z
SILJ,23.68,2025-10-06T19:59:58Z
SILO,0.68,2025-10-06T19:54:02Z
SIMO,100.1,2025-10-06T19:59:53Z
SINT,4.11,2025-10-06T19:59:54Z
SION,29.12,2025-10-06T19:59:45Z
SIRI,22.75,2025-10-06T19:59:58Z
SISI,5.61,2025-10-06T18:34:41Z
SITC,8.58,2025-10-06T19:59:56Z
SITE,124.89,2025-10-06T19:59:55Z
SITM,316.56,2025-10-06T19:55:03Z
SIVR,46.28,2025-10-06T19:59:57Z
SIXA,49.12,2025-10-06T19:59:45Z
SIXG,64.29,2025-10-06T18:03:27Z
SIXJ,33.415,2025-10-06T16:05:29Z
SIXP,30.85,2025-10-06T16:33:39Z
SIXZ,29.17,2025-10-06T15:29:42Z
SIZE,162.245,2025-10-06T19:35:56Z
SJ,0.5152,2025-10-06T15:01:50Z
SJB,15.38,2025-10-06T19:57:24Z
SJM,107.02,2025-10-06T19:59:52Z
SJNK,25.465,2025-10-06T19:56:17Z
SJT,6.41,2025-10-06T19:59:29Z
SKBL,3.045,2025-10-06T19:59:30Z
SKE,18.12,2025-10-06T19:59:59Z
SKF,26.69,2025-10-06T19:59:45Z
SKIL,15.645,2025-10-06T18:20:35Z
SKIN,1.66,2025-10-06T19:59:49Z
SKK,0.415,2025-10-06T19:51:18Z
SKLZ,7.85,2025-10-06T19:58:57Z
SKM,21.465,2025-10-06T19:59:26Z
SKOR,49.105,2025-10-06T19:59:46Z
SKT,33.36,2025-10-06T19:59:53Z
SKWD,48.035,2025-10-06T19:59:35Z
SKY,69.49,2025-10-06T19:58:22Z
SKYE,1.92,2025-10-06T19:59:52Z
SKYH,10.24,2025-10-06T19:59:43Z
SKYQ,0.592,2025-10-06T19:57:30Z
SKYT,17.87,2025-10-06T19:59:48Z
SKYU,42.15,2025-10-06T19:11:24Z
SKYW,100.4,2025-10-06T19:57:00Z
SKYX,1.12,2025-10-06T19:58:16Z
SKYY,136.46,2025-10-06T19:59:52Z
SLAB,135.49,2025-10-06T19:59:06Z
SLB,34.59,2025-10-06T19:59:55Z
SLDB,5.49,2025-10-06T19:59:55Z
SLDE,16.02,2025-10-06T19:59:55Z
SLDP,5.765,2025-10-06T19:59:52Z
SLDPW,0.8255,2025-10-06T19:54:34Z
SLE,3.75,2025-10-06T19:57:29Z
SLF,61.12,2025-10-06T19:59:54Z
SLG,58.93,2025-10-06T19:59:53Z
SLGL,41.8,2025-10-06T19:28:17Z
SLGN,42.79,2025-10-06T19:59:45Z
SLI,4.18,2025-10-06T19:59:53Z
SLM,27.1,2025-10-06T19:59:57Z
SLMBP,75.26,2025-10-06T18:53:56Z
SLMT,21.615,2025-10-06T19:57:52Z
SLND,4.56,2025-10-06T19:49:53Z
SLND+,0.287,2025-10-06T19:30:11Z
SLNG,5.14,2025-10-06T18:32:40Z
SLNH,1.81,2025-10-06T19:59:50Z
SLNHP,7.31,2025-10-06T15:48:43Z
SLNO,58.355,2025-10-06T19:59:42Z
SLON,63.84,2025-10-06T18:36:03Z
SLP,16.55,2025-10-06T19:59:50Z
SLQD,50.695,2025-10-06T19:59:46Z
SLQT,2.07,2025-10-06T19:59:43Z
SLRC,14.84,2025-10-06T19:59:35Z
SLRX,3.89,2025-10-06T19:58:25Z
SLS,1.885,2025-10-06T19:59:45Z
SLSN,3.74,2025-10-06T19:50:20Z
SLSR,6.2,2025-10-06T19:59:42Z
SLTY,39.65,2025-10-06T18:03:46Z
SLV,44.06,2025-10-06T19:59:59Z
SLVM,43.41,2025-10-06T19:58:30Z
SLVP,27.81,2025-10-06T19:58:54Z
SLVR,45.61,2025-10-06T19:57:00Z
SLX,75.01,2025-10-06T15:11:27Z
SLXN,3.88,2025-10-06T19:58:26Z
SLYG,94.88,2025-10-06T19:59:08Z
SLYV,90.01,2025-10-06T18:34:06Z
SM,25.345,2025-10-06T19:59:49Z
SMA,35.09,2025-10-06T19:59:54Z
SMAX,26.85,2025-10-06T19:05:13Z
SMB,17.37,2025-10-06T15:30:00Z
SMBC,53.26,2025-10-06T19:54:51Z
SMBK,35.91,2025-10-06T17:11:58Z
SMBS,25.6,2025-10-06T19:59:59Z
SMC,21.52,2025-10-06T18:56:12Z
SMCI,54.6,2025-10-06T19:59:55Z
SMCL,18.695,2025-10-06T19:51:53Z
SMCX,49.78,2025-10-06T19:59:45Z
SMCY,16.9,2025-10-06T19:59:45Z
SMCZ,2.965,2025-10-06T19:59:24Z
SMDD,12.75,2025-10-06T16:23:05Z
SMFG,16.4,2025-10-06T19:59:56Z
SMG,57.37,2025-10-06T19:59:46Z
SMH,343.5,2025-10-06T19:59:53Z
SMHB,4.49,2025-10-06T19:47:11Z
SMHI,6.21,2025-10-06T19:54:28Z
SMHX,39.44,2025-10-06T19:59:46Z
SMIG,29.62,2025-10-06T18:14:54Z
SMIN,72.64,2025-10-06T19:59:59Z
SMIZ,37.61,2025-10-06T15:14:12Z
SMLF,75.06,2025-10-06T19:59:29Z
SMLR,30.66,2025-10-06T19:59:55Z
SMLV,130.69,2025-10-06T15:22:54Z
SMMD,74.89,2025-10-06T19:18:41Z
SMMT,22.17,2025-10-06T19:59:59Z
SMMU,50.46,2025-10-06T19:25:23Z
SMMV,42.98,2025-10-06T19:35:44Z
SMOT,36.32,2025-10-06T16:07:00Z
SMP,40.61,2025-10-06T19:55:11Z
SMPL,23.7,2025-10-06T19:59:48Z
SMR,41.94,2025-10-06T19:59:59Z
SMRT,1.375,2025-10-06T19:59:55Z
SMSI,0.8089,2025-10-06T18:35:53Z
SMST,23.12,2025-10-06T19:59:25Z
SMTC,68.16,2025-10-06T19:59:37Z
SMTH,26.155,2025-10-06T19:59:45Z
SMTI,31.365,2025-10-06T19:51:43Z
SMTK,2.775,2025-10-06T19:58:40Z
SMU,26.55,2025-10-06T19:59:20Z
SMUP,13.79,2025-10-06T19:59:50Z
SMWB,9.28,2025-10-06T19:59:48Z
SMX,1.235,2025-10-06T19:59:53Z
SMXT,1.085,2025-10-06T19:59:49Z
SN,94.39,2025-10-06T19:59:47Z
SNA,340.7,2025-10-06T19:59:58Z
SNAL,1.33,2025-10-06T18:54:37Z
SNAP,8.51,2025-10-06T19:59:59Z
SNBR,6.66,2025-10-06T19:59:56Z
SNCR,5.73,2025-10-06T19:59:21Z
SNCY,11.55,2025-10-06T19:59:54Z
SND,2.195,2025-10-06T19:59:26Z
SNDA,26.53,2025-10-06T19:56:18Z
SNDK,121.12,2025-10-06T19:59:53Z
SNDL,2.56,2025-10-06T19:59:57Z
SNDR,22.055,2025-10-06T19:59:49Z
SNDX,16.36,2025-10-06T19:59:50Z
SNES,4.21,2025-10-06T17:51:40Z
SNEX,98.98,2025-10-06T19:59:37Z
SNFCA,8.47,2025-10-06T19:53:07Z
SNGX,1.36,2025-10-06T19:59:37Z
SNN,35.92,2025-10-06T19:59:57Z
SNOA,4.385,2025-10-06T19:59:25Z
SNOV,25.1,2025-10-06T18:40:23Z
SNOW,242.55,2025-10-06T19:59:57Z
SNOY,15.46,2025-10-06T19:59:36Z
SNPE,60.66,2025-10-06T19:59:33Z
SNPS,478.26,2025-10-06T19:59:40Z
SNSR,39.73,2025-10-06T15:23:33Z
SNT,4.645,2025-10-06T19:59:48Z
SNTH,30.82,2025-10-06T19:53:31Z
SNTI,1.64,2025-10-06T17:46:32Z
SNV,48.49,2025-10-06T19:59:58Z
SNWV,40.67,2025-10-06T19:59:41Z
SNX,158.06,2025-10-06T19:59:41Z
SNY,49.72,2025-10-06T19:59:58Z
SNYR,2.5,2025-10-06T13:33:21Z
SO,95.475,2025-10-06T19:59:59Z
SOAR,2.09,2025-10-06T19:59:09Z
SOBO,28.905,2025-10-06T19:59:49Z
SOC,18.585,2025-10-06T19:59:57Z
SOCL,60.365,2025-10-06T14:23:39Z
SOFI,26.36,2025-10-06T19:59:57Z
SOFX,38.62,2025-10-06T19:54:56Z
SOGP,18.27,2025-10-06T17:12:08Z
SOHU,15.3,2025-10-06T19:23:09Z
SOJD,21.165,2025-10-06T19:38:19Z
SOJE,18.66,2025-10-06T14:21:25Z
SOJF,25.915,2025-10-06T17:00:12Z
SOL,1.9,2025-10-06T19:44:06Z
SOLT,28.87,2025-10-06T19:59:59Z
SOLV,73.775,2025-10-06T19:59:55Z
SOLZ,24.87,2025-10-06T19:59:55Z
SON,42.68,2025-10-06T19:59:53Z
SOND,1.28,2025-10-06T18:58:47Z
SONM,0.7011,2025-10-06T19:59:12Z
SONN,5.46,2025-10-06T18:51:08Z
SONO,17.81,2025-10-06T19:59:59Z
SONY,30.11,2025-10-06T19:59:59Z
SOPA,5.26,2025-10-06T19:59:59Z
SOPH,4.07,2025-10-06T19:51:42Z
SORA,5.3,2025-10-06T15:39:43Z
SOS,2.09,2025-10-06T18:56:49Z
SOUL,10.09,2025-10-06T19:59:15Z
SOUL^,0.2,2025-10-06T15:04:55Z
SOUN,18.25,2025-10-06T19:59:53Z
SOUNW,8.29,2025-10-06T16:35:01Z
SOUX,54.93,2025-10-06T19:50:31Z
SOWG,0.8793,2025-10-06T14:55:10Z
SOXL,41.66,2025-10-06T19:59:59Z
SOXQ,53.32,2025-10-06T19:59:42Z
SOXS,4.27,2025-10-06T19:59:59Z
SOXX,288.42,2025-10-06T19:59:50Z
SOXY,59.36,2025-10-06T19:11:52Z
SOYB,21.82,2025-10-06T14:53:39Z
SPAB,25.775,2025-10-06T19:59:41Z
SPAI,7.545,2025-10-06T19:50:49Z
SPB,53.02,2025-10-06T19:59:36Z
SPBC,45.6,2025-10-06T17:58:33Z
SPBO,29.535,2025-10-06T19:59:45Z
SPBU,27.89,2025-10-06T19:24:32Z
SPBW,26.97,2025-10-06T18:33:37Z
SPCB,10.82,2025-10-06T19:39:34Z
SPCE,4.085,2025-10-06T19:59:45Z
SPD,39.77,2025-10-06T19:57:57Z
SPDN,9.55,2025-10-06T19:59:48Z
SPDW,43.68,2025-10-06T19:59:53Z
SPEM,47.475,2025-10-06T19:59:58Z
SPEU,50.7,2025-10-06T18:13:55Z
SPFF,9.33,2025-10-06T18:24:59Z
SPFI,38.95,2025-10-06T19:49:35Z
SPG,179.21,2025-10-06T19:59:49Z
SPGI,478.34,2025-10-06T19:59:59Z
SPGM,75.96,2025-10-06T17:10:13Z
SPGP,115.28,2025-10-06T19:59:44Z
SPH,18.42,2025-10-06T19:59:34Z
SPHB,113.17,2025-10-06T19:59:59Z
SPHD,49.25,2025-10-06T19:59:56Z
SPHL,0.5461,2025-10-06T14:48:18Z
SPHQ,74,2025-10-06T19:59:42Z
SPHR,63.4,2025-10-06T19:59:51Z
SPHY,23.8,2025-10-06T19:59:48Z
SPIB,33.81,2025-10-06T19:59:47Z
SPIP,26.21,2025-10-06T19:07:22Z
SPIR,13.285,2025-10-06T19:59:39Z
SPKL,11.87,2025-10-06T19:35:14Z
SPKLW,0.5764,2025-10-06T16:07:01Z
SPLB,23.015,2025-10-06T19:59:46Z
SPLG,79.005,2025-10-06T19:59:54Z
SPLV,72.87,2025-10-06T19:59:53Z
SPMB,22.375,2025-10-06T19:59:49Z
SPMD,57.73,2025-10-06T19:59:55Z
SPMO,120.4,2025-10-06T19:59:55Z
SPNS,43.05,2025-10-06T19:59:37Z
SPNT,18.21,2025-10-06T19:59:55Z
SPOK,15.86,2025-10-06T19:59:29Z
SPOT,679.41,2025-10-06T19:58:37Z
SPPL,5.79,2025-10-06T15:31:59Z
SPPP,14.085,2025-10-06T19:59:58Z
SPR,39.395,2025-10-06T19:59:43Z
SPRB,125.23,2025-10-06T19:25:07Z
SPRC,4.66,2025-10-06T19:59:29Z
SPRE,19.59,2025-10-06T19:02:17Z
SPRO,2.085,2025-10-06T19:59:55Z
SPRU,3.15,2025-10-06T19:55:08Z
SPRX,41.46,2025-10-06T19:57:22Z
SPRY,10.29,2025-10-06T19:59:58Z
SPSB,30.2,2025-10-06T19:57:07Z
SPSC,107.31,2025-10-06T19:59:17Z
SPSK,18.5,2025-10-06T19:01:55Z
SPSM,46.68,2025-10-06T19:59:40Z
SPT,12.24,2025-10-06T19:59:53Z
SPTI,28.81,2025-10-06T19:02:39Z
SPTL,26.75,2025-10-06T19:59:41Z
SPTM,81.305,2025-10-06T19:59:50Z
SPTS,29.255,2025-10-06T19:55:12Z
SPUS,50.195,2025-10-06T19:59:35Z
SPVU,54.97,2025-10-06T17:33:21Z
SPWH,3.085,2025-10-06T19:59:54Z
SPWO,27.675,2025-10-06T18:35:51Z
SPWR,1.925,2025-10-06T19:59:59Z
SPXC,191.09,2025-10-06T19:59:50Z
SPXL,216.88,2025-10-06T19:59:58Z
SPXS,37.165,2025-10-06T19:59:57Z
SPXT,100.93,2025-10-06T15:06:46Z
SPXU,13.225,2025-10-06T19:59:48Z
SPXX,17.37,2025-10-06T19:59:04Z
SPY,671.585,2025-10-06T19:59:59Z
SPYD,43.88,2025-10-06T19:59:34Z
SPYG,105.305,2025-10-06T19:59:57Z
SPYI,52.57,2025-10-06T19:59:49Z
SPYT,18.255,2025-10-06T17:21:12Z
SPYU,55.96,2025-10-06T19:53:01Z
SPYV,55.81,2025-10-06T19:59:54Z
SPYX,55.31,2025-10-06T19:24:02Z
SQEW,36.4,2025-10-06T16:37:00Z
SQFT,5.99,2025-10-06T16:26:32Z
SQLV,43.25,2025-10-06T15:15:47Z
SQM,43.175,2025-10-06T19:59:55Z
SQNS,10.01,2025-10-06T19:59:30Z
SQQQ,14.715,2025-10-06T19:59:59Z
SR,81.43,2025-10-06T19:59:46Z
SRAD,25.51,2025-10-06T19:59:52Z
SRBK,14.98,2025-10-06T19:59:30Z
SRCE,60.97,2025-10-06T19:59:47Z
SRDX,28.695,2025-10-06T19:59:45Z
SRE,92.44,2025-10-06T19:59:54Z
SRET,21.56,2025-10-06T17:45:19Z
SRFM,5.15,2025-10-06T19:59:59Z
SRG,4.3,2025-10-06T19:56:01Z
SRI,7.27,2025-10-06T19:59:53Z
SRL,5.57,2025-10-06T19:52:03Z
SRLN,41.36,2025-10-06T19:59:46Z
SRPT,23.25,2025-10-06T19:59:56Z
SRRK,39.83,2025-10-06T19:59:44Z
SRTA,5.2,2025-10-06T19:59:53Z
SRTS,3.41,2025-10-06T19:19:27Z
SRTY,11.115,2025-10-06T19:59:46Z
SRV,45.42,2025-10-06T18:32:24Z
SRVR,31.85,2025-10-06T17:31:08Z
SRXH,0.3739,2025-10-06T19:40:35Z
SRZN,13.85,2025-10-06T19:59:21Z
SSB,100.89,2025-10-06T19:59:19Z
SSD,169.795,2025-10-06T19:58:28Z
SSEAR,0.25,2025-10-06T15:07:27Z
SSG,8.87,2025-10-06T19:59:59Z
SSII,6.91,2025-10-06T15:19:34Z
SSK,36.135,2025-10-06T19:59:48Z
SSKN,1.88,2025-10-06T19:51:40Z
SSL,6.2,2025-10-06T19:59:57Z
SSM,8.36,2025-10-06T14:21:49Z
SSNC,87.29,2025-10-06T19:59:49Z
SSO,113.94,2025-10-06T19:58:20Z
SSP,2.41,2025-10-06T19:59:54Z
SSPX,31.54,2025-10-06T19:58:52Z
SSRM,23.405,2025-10-06T19:59:57Z
SSSS,9.83,2025-10-06T19:59:40Z
SSSSL,24.91,2025-10-06T16:19:52Z
SSTI,12.08,2025-10-06T19:59:48Z
SSTK,22.585,2025-10-06T19:59:13Z
SSYS,11.86,2025-10-06T19:57:28Z
ST,31.045,2025-10-06T19:59:40Z
STAA,26.84,2025-10-06T19:59:51Z
STAG,36.39,2025-10-06T19:59:53Z
STAI,0.4491,2025-10-06T19:58:09Z
STAK,0.969,2025-10-06T19:58:34Z
STBA,37.68,2025-10-06T19:50:42Z
STC,69.7,2025-10-06T19:59:40Z
STCE,91.61,2025-10-06T17:48:15Z
STE,240.58,2025-10-06T19:59:51Z
STEC,1.42,2025-10-06T19:36:13Z
STEL,31.105,2025-10-06T19:59:02Z
STEM,21.67,2025-10-06T19:57:39Z
STEN,25.135,2025-10-06T14:57:43Z
STEP,67.82,2025-10-06T19:59:49Z
STEW,18.195,2025-10-06T14:52:15Z
STEX,6.29,2025-10-06T19:59:54Z
STFS,0.2069,2025-10-06T19:59:59Z
STGW,5.49,2025-10-06T19:59:59Z
STHO,8.13,2025-10-06T19:57:32Z
STI,5.07,2025-10-06T19:51:25Z
STIM,2.835,2025-10-06T19:59:55Z
STIP,103.165,2025-10-06T19:58:56Z
STK,36.55,2025-10-06T14:10:07Z
STKE,4.47,2025-10-06T19:51:56Z
STKH,4.09,2025-10-06T17:15:31Z
STKL,5.9,2025-10-06T19:59:54Z
STKS,2.49,2025-10-06T19:33:55Z
STLA,10.79,2025-10-06T19:59:56Z
STLD,141.68,2025-10-06T19:59:53Z
STM,28.91,2025-10-06T19:59:59Z
STN,111.07,2025-10-06T19:59:23Z
STNE,17.88,2025-10-06T19:59:56Z
STNG,56.2,2025-10-06T19:59:40Z
STOK,26.855,2025-10-06T19:59:29Z
STOT,47.235,2025-10-06T14:02:27Z
STRA,84.04,2025-10-06T19:29:26Z
STRC,99.15,2025-10-06T19:57:13Z
STRD,84,2025-10-06T19:22:46Z
STRF,116.56,2025-10-06T19:20:50Z
STRK,98.95,2025-10-06T19:59:57Z
STRL,353.05,2025-10-06T19:58:31Z
STRO,0.8601,2025-10-06T19:49:40Z
STRR,11.7,2025-10-06T17:54:40Z
STRS,22.515,2025-10-06T15:13:21Z
STRT,70.74,2025-10-06T19:30:28Z
STRV,43.52,2025-10-06T19:54:50Z
STRW,11.91,2025-10-06T19:59:49Z
STRZ,14.08,2025-10-06T19:56:32Z
STSS,6.69,2025-10-06T19:57:19Z
STT,116.96,2025-10-06T19:59:49Z
STT-G,23.31,2025-10-06T14:08:20Z
STTK,2.61,2025-10-06T19:59:33Z
STUB,16.89,2025-10-06T19:59:57Z
STVN,24.41,2025-10-06T19:57:22Z
STWD,19,2025-10-06T19:59:58Z
STX,242.8,2025-10-06T19:59:57Z
STXG,50.475,2025-10-06T17:22:33Z
STXI,30.58,2025-10-06T14:15:02Z
STXK,33.78,2025-10-06T17:36:09Z
STXS,3.28,2025-10-06T19:59:56Z
STXT,20.34,2025-10-06T19:54:24Z
STZ,138.635,2025-10-06T19:59:49Z
SU,41.54,2025-10-06T19:59:57Z
SUB,106.56,2025-10-06T19:59:58Z
SUGP,6.575,2025-10-06T18:48:08Z
SUI,127.5,2025-10-06T19:59:50Z
SUIG,4.58,2025-10-06T19:59:22Z
SUN,50.71,2025-10-06T19:59:24Z
SUNS,9.97,2025-10-06T19:19:27Z
SUPN,48.29,2025-10-06T19:59:37Z
SUPV,5.075,2025-10-06T19:59:53Z
SUPX,73.58,2025-10-06T19:59:46Z
SURG,2.88,2025-10-06T19:40:41Z
SURI,16.36,2025-10-06T19:11:34Z
SUSA,137.13,2025-10-06T19:55:00Z
SUSB,25.235,2025-10-06T19:59:52Z
SUSC,23.505,2025-10-06T19:59:45Z
SUUN,1.82,2025-10-06T19:58:57Z
SUZ,9.37,2025-10-06T19:59:57Z
SVAL,33.65,2025-10-06T19:59:45Z
SVC,2.535,2025-10-06T19:59:43Z
SVCO,5.91,2025-10-06T19:59:30Z
SVIIR,0.6101,2025-10-06T19:53:47Z
SVIIW,0.98,2025-10-06T19:45:21Z
SVIX,21.38,2025-10-06T19:59:43Z
SVM,7.145,2025-10-06T19:59:54Z
SVOL,18.07,2025-10-06T19:59:59Z
SVRA,3.455,2025-10-06T19:59:59Z
SVRE,1.52,2025-10-06T18:11:36Z
SVV,12.98,2025-10-06T19:59:55Z
SVXY,51.06,2025-10-06T19:59:39Z
SW,40.3,2025-10-06T19:59:57Z
SWAG,1.81,2025-10-06T19:37:16Z
SWAGW,0.1,2025-10-06T19:29:06Z
SWBI,9.94,2025-10-06T19:59:55Z
SWIM,7.41,2025-10-06T19:59:47Z
SWIN,2.96,2025-10-06T19:42:24Z
SWK,74.39,2025-10-06T19:59:49Z
SWKH,14.545,2025-10-06T17:00:28Z
SWKS,76.93,2025-10-06T19:59:37Z
SWX,78.18,2025-10-06T19:59:56Z
SWZ,6.06,2025-10-06T19:51:06Z
SXC,8.36,2025-10-06T19:59:58Z
SXI,215.84,2025-10-06T17:57:07Z
SXQG,33.36,2025-10-06T19:12:47Z
SXT,93.71,2025-10-06T19:57:26Z
SY,3.97,2025-10-06T19:59:57Z
SYBT,70.24,2025-10-06T19:58:58Z
SYF,71.38,2025-10-06T19:59:49Z
SYF-A,20.5,2025-10-06T19:50:02Z
SYF-B,26.31,2025-10-06T19:55:50Z
SYFI,35.99,2025-10-06T19:42:28Z
SYK,366.17,2025-10-06T19:59:49Z
SYLD,69.505,2025-10-06T19:59:59Z
SYM,67.845,2025-10-06T19:59:45Z
SYNA,68.71,2025-10-06T19:59:50Z
SYNX,1.7,2025-10-06T18:37:29Z
SYPR,2.38,2025-10-06T17:53:30Z
SYRE,16.67,2025-10-06T19:59:54Z
SYTA,3.07,2025-10-06T19:59:17Z
SYY,80.81,2025-10-06T19:59:48Z
SZK,12.88,2025-10-06T14:46:12Z
T,25.86,2025-10-06T19:59:59Z
T-A,21.26,2025-10-06T19:59:59Z
T-C,20.1,2025-10-06T17:57:11Z
TAC,14.68,2025-10-06T19:59:58Z
TACH,10.15,2025-10-06T16:23:42Z
TACT,5.65,2025-10-06T17:25:09Z
TAFI,25.255,2025-10-06T19:11:53Z
TAFM,25.34,2025-10-06T18:51:03Z
TAGS,23.55,2025-10-06T16:04:25Z
TAIL,11.81,2025-10-06T18:31:24Z
TAIT,2.62,2025-10-06T19:04:30Z
TAK,14.57,2025-10-06T19:59:49Z
TAL,11.23,2025-10-06T19:59:56Z
TALK,2.83,2025-10-06T19:59:58Z
TALKW,0.0637,2025-10-06T19:45:08Z
TALO,10.24,2025-10-06T19:59:55Z
TAN,46.28,2025-10-06T19:59:52Z
TANH,1.88,2025-10-06T18:00:05Z
TAOP,2.97,2025-10-06T14:44:37Z
TAOX,7.695,2025-10-06T19:58:14Z
TAP,45.655,2025-10-06T19:59:42Z
TARA,4.875,2025-10-06T19:59:57Z
TARK,91.885,2025-10-06T17:44:55Z
TARS,67.7,2025-10-06T19:59:25Z
TASK,17.04,2025-10-06T19:59:51Z
TATT,44.1,2025-10-06T19:57:24Z
TAX,28.09,2025-10-06T16:53:00Z
TAXF,49.99,2025-10-06T14:37:02Z
TAYD,41.925,2025-10-06T13:30:39Z
TBB,23.375,2025-10-06T18:34:53Z
TBBB,24.87,2025-10-06T19:59:49Z
TBBK,78.45,2025-10-06T19:59:45Z
TBCH,15.465,2025-10-06T19:58:31Z
TBF,23.87,2025-10-06T19:53:05Z
TBG,33.13,2025-10-06T19:20:05Z
TBH,2.1,2025-10-06T19:56:28Z
TBHC,1.77,2025-10-06T19:31:14Z
TBI,5.95,2025-10-06T19:59:54Z
TBJL,20.03,2025-10-06T18:25:03Z
TBLA,3.28,2025-10-06T19:59:56Z
TBLD,20.105,2025-10-06T19:57:16Z
TBLL,105.7,2025-10-06T19:59:59Z
TBMCR,0.22,2025-10-06T13:58:46Z
TBN,30.34,2025-10-06T19:54:31Z
TBPH,14.61,2025-10-06T19:59:45Z
TBRG,19.895,2025-10-06T19:58:57Z
TBT,34.16,2025-10-06T19:59:50Z
TBUX,49.885,2025-10-06T19:31:28Z
TCAF,38.45,2025-10-06T19:55:01Z
TCAI,31.38,2025-10-06T16:21:54Z
TCAL,24.515,2025-10-06T19:55:10Z
TCBI,86.51,2025-10-06T19:59:27Z
TCBIO,21.6,2025-10-06T16:12:34Z
TCBK,44.42,2025-10-06T19:42:13Z
TCBX,38.3,2025-10-06T19:56:13Z
TCHI,27.065,2025-10-06T19:59:05Z
TCHP,49.455,2025-10-06T19:17:12Z
TCMD,15.175,2025-10-06T19:55:46Z
TCOM,71.38,2025-10-06T19:59:58Z
TCPC,5.92,2025-10-06T19:59:58Z
TCRT,2.56,2025-10-06T19:54:41Z
TCRX,2.05,2025-10-06T19:57:14Z
TD,81.21,2025-10-06T19:59:59Z
TDACU,10.9,2025-10-06T16:11:51Z
TDAQ,26.56,2025-10-06T19:21:12Z
TDC,23.03,2025-10-06T19:59:53Z
TDG,1294.91,2025-10-06T19:58:53Z
TDIC,7.145,2025-10-06T19:59:05Z
TDIV,100.31,2025-10-06T19:59:46Z
TDOC,8.58,2025-10-06T19:59:57Z
TDS,39,2025-10-06T19:59:59Z
TDS-U,23.085,2025-10-06T18:34:39Z
TDS-V,20.44,2025-10-06T19:19:45Z
TDTF,24.185,2025-10-06T19:24:55Z
TDTH,0.9689,2025-10-06T19:59:54Z
TDTT,24.265,2025-10-06T19:59:46Z
TDUP,9.01,2025-10-06T19:59:48Z
TDVG,44.19,2025-10-06T19:46:00Z
TDVI,29.13,2025-10-06T19:59:39Z
TDW,53.75,2025-10-06T19:59:50Z
TDY,593.69,2025-10-06T19:57:55Z
TE,2.8,2025-10-06T19:59:49Z
TEAD,1.66,2025-10-06T19:59:48Z
TEAF,11.88,2025-10-06T19:45:27Z
TEAM,150.095,2025-10-06T19:59:51Z
TECB,61.69,2025-10-06T15:32:42Z
TECH,61.905,2025-10-06T19:59:57Z
TECK,43.04,2025-10-06T19:59:54Z
TECL,131.62,2025-10-06T19:59:46Z
TECS,18.26,2025-10-06T19:59:56Z
TECX,15.205,2025-10-06T19:57:01Z
TEF,4.94,2025-10-06T19:59:47Z
TEI,6.18,2025-10-06T19:59:46Z
TEL,222.93,2025-10-06T19:59:53Z
TELA,1.555,2025-10-06T16:52:00Z
TELO,1.39,2025-10-06T19:59:35Z
TEM,93.12,2025-10-06T19:59:55Z
TEMT,40.69,2025-10-06T18:37:08Z
TEN,21.8,2025-10-06T19:59:58Z
TEN-E,26.4,2025-10-06T14:43:15Z
TEN-F,26.8,2025-10-06T19:10:06Z
TENB,29.655,2025-10-06T19:59:55Z
TENX,7.64,2025-10-06T19:20:01Z
TEO,7.53,2025-10-06T19:59:58Z
TER,147.9,2025-10-06T19:59:48Z
TERN,8.43,2025-10-06T19:59:50Z
TESL,28.54,2025-10-06T14:02:41Z
TETH,23.56,2025-10-06T19:34:38Z
TEVA,19.96,2025-10-06T19:59:54Z
TEX,53.585,2025-10-06T19:59:48Z
TFC,45.345,2025-10-06T19:59:58Z
TFI,45.455,2025-10-06T19:59:45Z
TFII,93.235,2025-10-06T19:59:50Z
TFIN,48.62,2025-10-06T19:59:30Z
TFLO,50.455,2025-10-06T19:55:06Z
TFLR,51.49,2025-10-06T14:39:59Z
TFPM,30.45,2025-10-06T19:59:46Z
TFSL,13.65,2025-10-06T19:59:48Z
TFX,127.62,2025-10-06T19:59:50Z
TG,7.82,2025-10-06T19:50:49Z
TGB,4.105,2025-10-06T19:59:30Z
TGE,2.12,2025-10-06T19:59:33Z
TGE+,0.0902,2025-10-06T19:18:05Z
TGEN,9.735,2025-10-06T19:59:24Z
TGHL,1.7,2025-10-06T14:12:32Z
TGL,1.155,2025-10-06T19:59:50Z
TGLS,66.155,2025-10-06T19:57:46Z
TGNA,20.155,2025-10-06T19:59:56Z
TGRT,44.05,2025-10-06T19:46:33Z
TGS,21.315,2025-10-06T19:59:52Z
TGT,88.97,2025-10-06T19:59:52Z
TGTX,36.74,2025-10-06T19:59:55Z
TH,7.82,2025-10-06T19:59:50Z
THAR,3.03,2025-10-06T19:59:33Z
THC,199.64,2025-10-06T19:59:48Z
THD,59.765,2025-10-06T19:35:12Z
THFF,54.61,2025-10-06T19:56:14Z
THG,183.495,2025-10-06T19:45:53Z
THH,6.36,2025-10-06T14:58:43Z
THM,1.81,2025-10-06T19:59:59Z
THNQ,67.79,2025-10-06T19:59:42Z
THO,106.52,2025-10-06T19:59:45Z
THQ,18.07,2025-10-06T19:55:14Z
THR,27.46,2025-10-06T19:59:48Z
THRM,35.885,2025-10-06T19:56:29Z
THRO,37.945,2025-10-06T19:44:31Z
THRY,11.83,2025-10-06T19:59:56Z
THS,20.535,2025-10-06T19:59:40Z
THTA,15.11,2025-10-06T17:03:34Z
THW,12.775,2025-10-06T19:50:05Z
THY,22.77,2025-10-06T14:56:17Z
TIC,13.76,2025-10-06T19:59:58Z
TIGO,48.46,2025-10-06T19:59:50Z
TIGR,10.45,2025-10-06T19:59:50Z
TIL,18.36,2025-10-06T19:58:48Z
TILE,27.215,2025-10-06T19:59:51Z
TIMB,22.095,2025-10-06T19:58:27Z
TIME,24.94,2025-10-06T14:46:25Z
TIP,110.86,2025-10-06T19:59:57Z
TIPT,18.16,2025-10-06T19:59:52Z
TIPX,19.225,2025-10-06T19:58:57Z
TIRX,2.27,2025-10-06T15:45:00Z
TISI,15.89,2025-10-06T13:56:45Z
TITN,16.34,2025-10-06T19:59:50Z
TIVC,3.03,2025-10-06T16:03:08Z
TIXT,4.48,2025-10-06T19:59:51Z
TJAN,27.12,2025-10-06T18:17:39Z
TJX,143.15,2025-10-06T19:59:49Z
TK,8.11,2025-10-06T19:59:50Z
TKC,5.985,2025-10-06T19:59:41Z
TKNO,5.65,2025-10-06T19:59:43Z
TKO,197.9,2025-10-06T19:59:54Z
TKR,76.765,2025-10-06T19:59:59Z
TLCI,26.68,2025-10-06T16:43:37Z
TLH,102.365,2025-10-06T19:59:39Z
TLIH,0.5301,2025-10-06T19:55:09Z
TLK,18.21,2025-10-06T19:59:51Z
TLN,430.4,2025-10-06T19:58:52Z
TLNCU,10.03,2025-10-06T16:27:22Z
TLPH,1.105,2025-10-06T19:58:29Z
TLRY,1.57,2025-10-06T19:58:05Z
TLS,7.115,2025-10-06T19:59:56Z
TLSA,1.965,2025-10-06T19:59:33Z
TLSI,4.64,2025-10-06T19:58:07Z
TLT,88.67,2025-10-06T19:59:57Z
TLTP,22.69,2025-10-06T14:32:15Z
TLTW,23.135,2025-10-06T19:59:46Z
TLTX,25.91,2025-10-06T13:39:36Z
TLX,10.17,2025-10-06T19:59:27Z
TLYS,1.96,2025-10-06T19:58:17Z
TM,199.265,2025-10-06T19:59:24Z
TMAT,28.41,2025-10-06T18:40:16Z
TMC,7.715,2025-10-06T19:59:55Z
TMCI,6.29,2025-10-06T19:59:52Z
TMCWW,1.58,2025-10-06T19:57:23Z
TMDE,0.99,2025-10-06T19:58:16Z
TMDX,113.85,2025-10-06T19:59:02Z
TME,22.9,2025-10-06T19:59:59Z
TMF,39.59,2025-10-06T19:59:41Z
TMFC,70.97,2025-10-06T19:55:47Z
TMFG,30.15,2025-10-06T13:42:21Z
TMHC,66.43,2025-10-06T19:59:53Z
TMO,544.105,2025-10-06T19:59:51Z
TMQ,2.1,2025-10-06T19:59:48Z
TMSL,35.295,2025-10-06T19:57:46Z
TMUS,224.99,2025-10-06T19:59:59Z
TMUSI,22.9,2025-10-06T18:44:05Z
TMUSL,24.97,2025-10-06T19:53:54Z
TMUSZ,22.9,2025-10-06T17:36:31Z
TMV,35.575,2025-10-06T19:59:58Z
TNA,47.955,2025-10-06T19:59:57Z
TNC,83.89,2025-10-06T19:54:53Z
TNDM,15,2025-10-06T19:59:54Z
TNET,66.15,2025-10-06T19:59:25Z
TNGX,7.57,2025-10-06T19:59:57Z
TNGY,9.17,2025-10-06T18:06:37Z
TNK,50.47,2025-10-06T19:59:27Z
TNL,61.96,2025-10-06T19:59:02Z
TNMG,0.2954,2025-10-06T19:56:33Z
TNON,1.175,2025-10-06T19:59:45Z
TNXP,24.22,2025-10-06T19:59:46Z
TNYA,1.72,2025-10-06T19:59:53Z
TOCT,26.43,2025-10-06T19:33:43Z
TOI,3.81,2025-10-06T19:59:56Z
TOKE,6.46,2025-10-06T19:35:09Z
TOL,140.86,2025-10-06T19:59:54Z
TOLZ,54.09,2025-10-06T19:14:20Z
TONX,7.01,2025-10-06T19:59:55Z
TOON,0.7761,2025-10-06T18:57:39Z
TOP,1.265,2025-10-06T19:58:17Z
TOPS,5.61,2025-10-06T15:29:46Z
TOPT,30.72,2025-10-06T19:51:57Z
TORO,4.28,2025-10-06T19:55:30Z
TOST,36.96,2025-10-06T19:59:59Z
TOTL,40.42,2025-10-06T19:55:04Z
TOUR,0.9335,2025-10-06T19:59:58Z
TOUS,34.2,2025-10-06T19:58:30Z
TOVX,0.4122,2025-10-06T17:03:26Z
TOWN,34.34,2025-10-06T19:59:52Z
TOYO,6.7,2025-10-06T17:11:16Z
TPB,89.29,2025-10-06T19:59:32Z
TPC,62.82,2025-10-06T19:59:43Z
TPET,1.14,2025-10-06T18:02:28Z
TPG,58.5,2025-10-06T19:59:47Z
TPGXL,25.945,2025-10-06T18:39:16Z
TPH,33.855,2025-10-06T19:59:48Z
TPL,983.23,2025-10-06T18:02:18Z
TPR,115.51,2025-10-06T19:59:53Z
TPST,10.75,2025-10-06T16:28:02Z
TPVG,5.57,2025-10-06T19:59:56Z
TPYP,36.25,2025-10-06T17:45:33Z
TQQQ,107.005,2025-10-06T19:59:57Z
TR,43.295,2025-10-06T19:59:45Z
TRAK,14.54,2025-10-06T19:52:17Z
TRAW,2.3,2025-10-06T19:38:08Z
TRC,15.85,2025-10-06T19:59:32Z
TRDA,5.91,2025-10-06T19:59:43Z
TREE,60.51,2025-10-06T19:50:17Z
TREX,52.3,2025-10-06T19:59:50Z
TRFK,69.72,2025-10-06T19:59:19Z
TRFM,49.99,2025-10-06T19:42:55Z
TRGP,162.65,2025-10-06T19:59:50Z
TRI,152.095,2025-10-06T19:59:54Z
TRIB,1.11,2025-10-06T19:52:32Z
TRIL,20.32,2025-10-06T15:50:12Z
TRIN,15.06,2025-10-06T19:59:38Z
TRINZ,25.18,2025-10-06T19:36:11Z
TRIP,16,2025-10-06T19:59:57Z
TRMB,80.75,2025-10-06T19:59:51Z
TRMD,21.36,2025-10-06T19:59:48Z
TRMK,39.79,2025-10-06T19:58:41Z
TRML,47.88,2025-10-06T19:59:49Z
TRN,27.95,2025-10-06T19:58:11Z
TRNO,58.39,2025-10-06T19:59:58Z
TRNR,3.43,2025-10-06T16:06:40Z
TRNS,70.94,2025-10-06T19:55:29Z
TRON,2.95,2025-10-06T19:59:58Z
TROO,1.28,2025-10-06T18:13:18Z
TROW,105.71,2025-10-06T19:59:57Z
TROX,3.975,2025-10-06T19:59:59Z
TRP,54.465,2025-10-06T19:59:58Z
TRPA,38.95,2025-10-06T19:59:46Z
TRS,37.1,2025-10-06T19:59:38Z
TRST,36.975,2025-10-06T19:59:17Z
TRT,6.38,2025-10-06T19:56:38Z
TRTN-D,22.78,2025-10-06T19:57:39Z
TRTX,8.54,2025-10-06T19:59:52Z
TRU,76.63,2025-10-06T19:59:58Z
TRUE,1.825,2025-10-06T19:59:39Z
TRUG,2.37,2025-10-06T19:34:34Z
TRUP,42.04,2025-10-06T19:59:59Z
TRV,282.62,2025-10-06T19:59:46Z
TRVG,3.14,2025-10-06T17:31:16Z
TRVI,9.945,2025-10-06T19:59:55Z
TRX,0.6347,2025-10-06T19:52:53Z
TS,36.16,2025-10-06T19:59:54Z
TSAT,30.53,2025-10-06T19:55:31Z
TSBK,32.51,2025-10-06T19:50:53Z
TSCO,54.67,2025-10-06T19:59:56Z
TSDD,9.475,2025-10-06T19:59:37Z
TSE,2.075,2025-10-06T19:59:35Z
TSEL,30.26,2025-10-06T17:41:40Z
TSEM,73.75,2025-10-06T19:59:48Z
TSHA,4.4,2025-10-06T19:59:59Z
TSI,4.92,2025-10-06T19:59:36Z
TSII,29.47,2025-10-06T15:17:41Z
TSL,19.14,2025-10-06T19:55:09Z
TSLA,453.27,2025-10-06T19:59:57Z
TSLG,10.885,2025-10-06T19:59:44Z
TSLL,21.75,2025-10-06T19:59:55Z
TSLQ,7.6,2025-10-06T19:59:11Z
TSLR,35.03,2025-10-06T19:59:43Z
TSLS,5.245,2025-10-06T19:59:45Z
TSLT,29.58,2025-10-06T19:59:25Z
TSLV,20.05,2025-10-06T13:45:57Z
TSLW,40.56,2025-10-06T19:20:17Z
TSLX,22.25,2025-10-06T19:59:50Z
TSLY,8.665,2025-10-06T19:59:49Z
TSLZ,0.6883,2025-10-06T19:48:20Z
TSM,302.48,2025-10-06T19:59:53Z
TSME,41.45,2025-10-06T17:16:51Z
TSMG,27.63,2025-10-06T19:57:29Z
TSMU,46.52,2025-10-06T19:50:23Z
TSMX,54.97,2025-10-06T19:59:59Z
TSMY,17.26,2025-10-06T19:16:41Z
TSMZ,12.5,2025-10-06T19:57:35Z
TSN,54.15,2025-10-06T19:59:49Z
TSPA,42.255,2025-10-06T19:59:48Z
TSPY,25.79,2025-10-06T19:59:24Z
TSQ,6.45,2025-10-06T19:59:50Z
TSSI,17.97,2025-10-06T19:59:30Z
TSXD,20.41,2025-10-06T13:56:57Z
TSXU,29.68,2025-10-06T19:44:35Z
TSYY,8.27,2025-10-06T19:59:59Z
TT,424.78,2025-10-06T19:59:31Z
TTAM,15.32,2025-10-06T19:59:16Z
TTAN,101.16,2025-10-06T19:59:36Z
TTC,76.59,2025-10-06T19:59:45Z
TTD,53.135,2025-10-06T19:59:54Z
TTDU,34.23,2025-10-06T19:03:35Z
TTE,59.79,2025-10-06T19:59:50Z
TTEC,3.655,2025-10-06T19:59:37Z
TTEK,33.9,2025-10-06T19:59:47Z
TTEQ,33.37,2025-10-06T15:15:56Z
TTGT,6.05,2025-10-06T19:59:53Z
TTI,5.84,2025-10-06T19:59:56Z
TTMI,59.875,2025-10-06T19:59:39Z
TTSH,5.87,2025-10-06T19:56:53Z
TTT,69.425,2025-10-06T19:59:46Z
TTWO,257.01,2025-10-06T19:59:55Z
TU,15.52,2025-10-06T19:59:57Z
TUA,21.915,2025-10-06T19:59:46Z
TUR,33.48,2025-10-06T19:59:59Z
TURB,4.29,2025-10-06T14:31:03Z
TUSB,50.46,2025-10-06T16:59:55Z
TUSI,25.365,2025-10-06T17:37:16Z
TUSK,2.32,2025-10-06T19:59:57Z
TUYA,2.6,2025-10-06T19:59:51Z
TV,2.535,2025-10-06T19:59:36Z
TVA,10.78,2025-10-06T19:58:40Z
TVACU,11.47,2025-10-06T16:26:02Z
TVACW,1.145,2025-10-06T15:25:30Z
TVC,23.93,2025-10-06T16:34:16Z
TVE,23.94,2025-10-06T19:59:59Z
TVGN,0.649,2025-10-06T19:27:43Z
TVGNW,0.05,2025-10-06T18:24:50Z
TVRD,39.97,2025-10-06T19:58:14Z
TVTX,26.11,2025-10-06T19:59:57Z
TW,103.59,2025-10-06T19:59:49Z
TWFG,28.44,2025-10-06T19:59:56Z
TWG,7.37,2025-10-06T17:21:54Z
TWI,7.84,2025-10-06T19:59:48Z
TWIN,14.33,2025-10-06T19:59:54Z
TWLO,109.71,2025-10-06T19:59:57Z
TWM,32.6,2025-10-06T19:56:51Z
TWNP,4.12,2025-10-06T19:21:06Z
TWO,9.655,2025-10-06T19:59:53Z
TWO-A,24.08,2025-10-06T19:58:48Z
TWO-B,23.71,2025-10-06T18:30:05Z
TWOD,25.91,2025-10-06T19:57:26Z
TWST,31.85,2025-10-06T19:59:53Z
TX,36.14,2025-10-06T19:59:55Z
TXG,12.64,2025-10-06T19:59:58Z
TXMD,1,2025-10-06T13:48:52Z
TXN,181.79,2025-10-06T19:59:57Z
TXNM,56.85,2025-10-06T19:59:54Z
TXO,14.47,2025-10-06T19:59:46Z
TXRH,167.15,2025-10-06T19:59:52Z
TXT,87.31,2025-10-06T19:59:49Z
TY,34.215,2025-10-06T19:59:46Z
TYA,13.58,2025-10-06T19:50:26Z
TYD,25.63,2025-10-06T19:59:45Z
TYG,43.465,2025-10-06T19:55:12Z
TYGO,2.555,2025-10-06T19:59:43Z
TYL,496.52,2025-10-06T19:59:28Z
TYLD,25.24,2025-10-06T15:39:55Z
TYRA,13.425,2025-10-06T19:59:54Z
TZA,7.77,2025-10-06T19:59:47Z
TZOO,9.995,2025-10-06T19:59:36Z
TZUP,5.44,2025-10-06T19:59:47Z
U,37.52,2025-10-06T19:59:51Z
UA,4.85,2025-10-06T19:59:56Z
UAA,5.01,2025-10-06T19:59:59Z
UAE,19.035,2025-10-06T19:59:45Z
UAL,97.075,2025-10-06T19:59:59Z
UAMY,8.05,2025-10-06T19:59:57Z
UAVS,2.875,2025-10-06T19:59:54Z
UBER,100.11,2025-10-06T19:59:55Z
UBND,22.065,2025-10-06T19:39:20Z
UBOT,27.84,2025-10-06T19:59:16Z
UBRL,37.52,2025-10-06T18:50:23Z
UBS,41.035,2025-10-06T19:59:54Z
UBSI,37.61,2025-10-06T19:59:45Z
UBT,17.155,2025-10-06T19:58:03Z
UBXG,1.87,2025-10-06T19:24:54Z
UCAR,2.05,2025-10-06T19:30:33Z
UCB,31.845,2025-10-06T19:59:44Z
UCIB,27.52,2025-10-06T16:57:07Z
UCO,22.14,2025-10-06T19:59:37Z
UCON,25.225,2025-10-06T19:59:46Z
UCTT,29.4,2025-10-06T19:59:21Z
UDMY,6.87,2025-10-06T19:59:58Z
UDN,18.745,2025-10-06T19:56:52Z
UDOW,109.02,2025-10-06T19:59:44Z
UDR,36.02,2025-10-06T19:59:57Z
UE,19.935,2025-10-06T19:59:47Z
UEC,13.04,2025-10-06T19:59:53Z
UEIC,4.63,2025-10-06T19:13:13Z
UFCS,31.24,2025-10-06T19:59:46Z
UFEB,35.89,2025-10-06T18:54:40Z
UFG,1.25,2025-10-06T19:59:52Z
UFI,4.66,2025-10-06T19:58:32Z
UFO,39.22,2025-10-06T19:54:39Z
UFPI,91.37,2025-10-06T19:57:12Z
UFPT,201.805,2025-10-06T19:57:39Z
UG,7.65,2025-10-06T17:51:08Z
UGA,63.43,2025-10-06T17:24:28Z
UGI,32.36,2025-10-06T19:59:54Z
UGL,48.34,2025-10-06T19:59:49Z
UGP,3.9,2025-10-06T19:59:46Z
UGRO,0.4425,2025-10-06T19:56:29Z
UHAL,56.385,2025-10-06T19:59:22Z
UHAL.B,50.9,2025-10-06T19:59:51Z
UHG,4.195,2025-10-06T19:55:30Z
UHGWW,1.4,2025-10-06T19:57:31Z
UHS,206.86,2025-10-06T19:59:59Z
UHT,37.225,2025-10-06T19:52:20Z
UI,664.61,2025-10-06T19:59:44Z
UIS,3.895,2025-10-06T19:59:56Z
UITB,47.52,2025-10-06T19:59:57Z
UK,0.9935,2025-10-06T13:39:14Z
UL,58.55,2025-10-06T19:59:55Z
ULBI,7.05,2025-10-06T19:50:11Z
ULCC,4.64,2025-10-06T19:59:57Z
ULH,21.725,2025-10-06T19:59:29Z
ULS,73.85,2025-10-06T19:59:45Z
ULST,40.6,2025-10-06T18:57:22Z
ULTA,566.79,2025-10-06T19:59:56Z
ULTY,5.52,2025-10-06T19:59:59Z
ULY,3.03,2025-10-06T19:59:58Z
UMAC,16.17,2025-10-06T19:59:47Z
UMAR,39.08,2025-10-06T19:17:52Z
UMBF,119.99,2025-10-06T19:59:28Z
UMBFO,27.46,2025-10-06T18:22:26Z
UMC,7.35,2025-10-06T19:59:55Z
UMH,14.205,2025-10-06T19:59:55Z
UMMA,29,2025-10-06T16:18:15Z
UNCY,4.6,2025-10-06T19:59:03Z
UNF,165.165,2025-10-06T19:58:19Z
UNFI,41.36,2025-10-06T19:59:52Z
UNG,13.315,2025-10-06T19:58:56Z
UNH,358.83,2025-10-06T19:59:53Z
UNHG,22.83,2025-10-06T19:59:45Z
UNIT,6.11,2025-10-06T19:59:57Z
UNM,78.62,2025-10-06T19:59:07Z
UNMA,24.14,2025-10-06T15:29:48Z
UNP,237.44,2025-10-06T19:59:56Z
UNTY,49.56,2025-10-06T19:56:32Z
UOCT,38.56,2025-10-06T18:54:03Z
UONE,1.415,2025-10-06T18:36:49Z
UONEK,0.711,2025-10-06T17:36:24Z
UP,2.095,2025-10-06T19:59:41Z
UPB,18.98,2025-10-06T19:59:50Z
UPBD,22,2025-10-06T19:59:45Z
UPLD,2.45,2025-10-06T19:54:55Z
UPRO,114.09,2025-10-06T19:59:58Z
UPS,86.62,2025-10-06T19:59:49Z
UPST,52.61,2025-10-06T19:59:52Z
UPSX,16.63,2025-10-06T19:57:06Z
UPWK,17.4,2025-10-06T19:59:47Z
UPXI,7.675,2025-10-06T19:59:57Z
URA,51.305,2025-10-06T19:59:54Z
URAA,46.85,2025-10-06T19:45:19Z
URAN,48.83,2025-10-06T18:00:57Z
URBN,73.025,2025-10-06T19:59:38Z
URG,1.81,2025-10-06T19:59:53Z
URGN,17.045,2025-10-06T19:59:53Z
URI,986.73,2025-10-06T19:54:01Z
URNJ,29.97,2025-10-06T19:12:36Z
URNM,60.72,2025-10-06T19:59:51Z
UROY,4.27,2025-10-06T19:59:34Z
URTH,183.755,2025-10-06T19:15:44Z
URTY,56.055,2025-10-06T19:59:46Z
USA,6.44,2025-10-06T19:42:38Z
USAC,23.415,2025-10-06T19:59:48Z
USAF,27.47,2025-10-06T18:16:04Z
USAR,26.325,2025-10-06T19:59:59Z
USARW,14.79,2025-10-06T19:59:58Z
USAS,4.02,2025-10-06T19:59:12Z
USAU,18.37,2025-10-06T19:53:07Z
USB,47.715,2025-10-06T19:59:52Z
USB-H,19.44,2025-10-06T19:59:47Z
USB-P,24.55,2025-10-06T17:13:26Z
USB-Q,16.02,2025-10-06T19:22:37Z
USB-R,17.08,2025-10-06T19:59:58Z
USBC,1.095,2025-10-06T19:58:57Z
USCB,17.425,2025-10-06T15:48:01Z
USCI,77.89,2025-10-06T19:48:39Z
USD,103.48,2025-10-06T19:55:00Z
USDU,26.515,2025-10-06T19:55:50Z
USDX,25.83,2025-10-06T18:57:52Z
USEA,1.69,2025-10-06T17:49:22Z
USEG,1.22,2025-10-06T19:59:59Z
USEP,38.77,2025-10-06T18:53:10Z
USFD,75.5,2025-10-06T19:59:50Z
USFR,50.295,2025-10-06T19:56:13Z
USGO,13.395,2025-10-06T19:59:33Z
USHY,37.59,2025-10-06T19:59:59Z
USIG,52.04,2025-10-06T19:59:47Z
USIO,1.485,2025-10-06T15:01:07Z
USLM,127.19,2025-10-06T19:57:55Z
USMC,68.33,2025-10-06T19:59:46Z
USMF,51.96,2025-10-06T19:22:25Z
USMV,95.1,2025-10-06T19:59:45Z
USNA,26.655,2025-10-06T19:35:14Z
USO,72.88,2025-10-06T19:59:47Z
USOY,7.62,2025-10-06T19:26:59Z
USPH,89.47,2025-10-06T19:59:18Z
USRT,58.35,2025-10-06T19:55:24Z
USSE,33.5,2025-10-06T18:59:29Z
USSG,62.2,2025-10-06T19:31:02Z
UST,44.01,2025-10-06T15:12:21Z
USTB,51.015,2025-10-06T19:55:10Z
USVM,91.52,2025-10-06T17:53:21Z
USXF,57.9,2025-10-06T19:25:37Z
UTEN,44.055,2025-10-06T18:44:56Z
UTES,85.37,2025-10-06T19:59:46Z
UTF,24.85,2025-10-06T19:58:53Z
UTF^,0.0706,2025-10-06T19:58:49Z
UTG,40.51,2025-10-06T19:59:31Z
UTHR,453.44,2025-10-06T19:59:50Z
UTI,31.86,2025-10-06T19:59:52Z
UTL,46.82,2025-10-06T19:59:11Z
UTMD,63.41,2025-10-06T17:45:04Z
UTSL,47.56,2025-10-06T18:50:05Z
UTWO,48.475,2025-10-06T19:59:45Z
UTZ,12.205,2025-10-06T19:59:57Z
UUP,27.61,2025-10-06T19:58:38Z
UUU,4.95,2025-10-06T19:41:45Z
UUUU,16.88,2025-10-06T19:59:58Z
UVE,29.66,2025-10-06T19:59:53Z
UVIX,9.92,2025-10-06T19:59:59Z
UVSP,30.49,2025-10-06T19:59:40Z
UVV,54.87,2025-10-06T19:58:00Z
UVXY,10.42,2025-10-06T19:59:57Z
UWM,48.2,2025-10-06T19:49:36Z
UWMC,5.6,2025-10-06T19:59:57Z
UXIN,3.49,2025-10-06T19:59:27Z
UXRP,31.68,2025-10-06T19:59:06Z
UYLD,51.185,2025-10-06T19:07:27Z
UZD,21.23,2025-10-06T18:14:21Z
V,349.36,2025-10-06T19:59:50Z
VABK,38.45,2025-10-06T19:32:48Z
VABS,24.34,2025-10-06T15:40:57Z
VAC,68.42,2025-10-06T19:59:55Z
VAL,52.015,2025-10-06T19:59:20Z
VALE,11.295,2025-10-06T19:59:57Z
VALN,11.43,2025-10-06T15:47:49Z
VALU,39.64,2025-10-06T19:51:37Z
VATE,4.52,2025-10-06T19:29:40Z
VB,258.19,2025-10-06T19:59:51Z
VBF,15.74,2025-10-06T19:00:20Z
VBIL,75.425,2025-10-06T19:29:00Z
VBK,304.8,2025-10-06T19:48:52Z
VBND,44.27,2025-10-06T19:59:46Z
VBNK,12.605,2025-10-06T18:20:39Z
VBR,210.94,2025-10-06T19:54:45Z
VBTX,32.56,2025-10-06T19:59:53Z
VC,121.56,2025-10-06T19:55:55Z
VCEB,64.04,2025-10-06T19:25:04Z
VCEL,33.7,2025-10-06T19:59:50Z
VCIC,10.87,2025-10-06T19:59:54Z
VCICW,1.755,2025-10-06T19:59:21Z
VCIG,6.28,2025-10-06T19:59:35Z
VCIT,83.88,2025-10-06T19:59:40Z
VCLT,77.33,2025-10-06T19:59:59Z
VCR,396.25,2025-10-06T18:49:14Z
VCRB,78.135,2025-10-06T19:55:13Z
VCRM,75.19,2025-10-06T19:52:57Z
VCSH,79.715,2025-10-06T19:59:45Z
VCTR,65.91,2025-10-06T19:59:40Z
VCV,10.55,2025-10-06T18:57:38Z
VCYT,36.035,2025-10-06T19:59:56Z
VDC,211.24,2025-10-06T19:46:20Z
VDE,126.21,2025-10-06T19:59:43Z
VEA,61.185,2025-10-06T19:59:54Z
VECO,30.85,2025-10-06T19:59:56Z
VEEA,0.8988,2025-10-06T19:58:46Z
VEEE,2.76,2025-10-06T19:28:53Z
VEEV,299.83,2025-10-06T19:59:49Z
VEGI,39.415,2025-10-06T19:55:08Z
VEGN,60.4,2025-10-06T19:49:02Z
VEL,18.01,2025-10-06T19:59:54Z
VELO,3.96,2025-10-06T19:56:20Z
VENU,13.02,2025-10-06T19:59:58Z
VEON,51.755,2025-10-06T17:23:18Z
VERA,30.93,2025-10-06T19:59:50Z
VERI,5.55,2025-10-06T19:59:56Z
VERO,2.32,2025-10-06T18:20:24Z
VERU,3.99,2025-10-06T19:58:09Z
VERX,25.11,2025-10-06T19:59:55Z
VET,8.47,2025-10-06T19:59:56Z
VEU,72.825,2025-10-06T19:57:36Z
VEXC,76.93,2025-10-06T13:42:56Z
VFC,14.505,2025-10-06T19:59:58Z
VFF,3.25,2025-10-06T19:59:54Z
VFH,130.89,2025-10-06T19:56:50Z
VFL,10.13,2025-10-06T19:57:22Z
VFLO,38.03,2025-10-06T19:59:59Z
VFMO,195.78,2025-10-06T16:47:43Z
VFS,3.28,2025-10-06T19:59:55Z
VFVA,129.76,2025-10-06T15:26:28Z
VG,13.945,2025-10-06T19:59:58Z
VGASW,0.125,2025-10-06T16:24:07Z
VGHY,75.395,2025-10-06T15:18:34Z
VGI,7.94,2025-10-06T18:28:37Z
VGIT,59.855,2025-10-06T19:59:46Z
VGK,81.1,2025-10-06T19:59:59Z
VGLT,56.445,2025-10-06T19:59:50Z
VGM,10.065,2025-10-06T19:56:41Z
VGMS,51.65,2025-10-06T19:29:27Z
VGSH,58.705,2025-10-06T19:58:45Z
VGSR,10.62,2025-10-06T19:04:54Z
VGT,762.36,2025-10-06T19:58:33Z
VGUS,75.465,2025-10-06T19:58:17Z
VGZ,2.2,2025-10-06T19:59:17Z
VHT,268.43,2025-10-06T19:59:58Z
VIA,46.8,2025-10-06T19:59:47Z
VIAV,12.78,2025-10-06T19:59:58Z
VICI,32.24,2025-10-06T19:59:56Z
VICR,49.92,2025-10-06T19:58:30Z
VIDI,32.42,2025-10-06T19:54:30Z
VIG,217.81,2025-10-06T19:59:48Z
VIGI,91.46,2025-10-06T19:44:50Z
VIK,59.7,2025-10-06T19:59:59Z
VINP,10.73,2025-10-06T19:59:47Z
VIOO,112.27,2025-10-06T15:00:34Z
VIOT,3.38,2025-10-06T19:59:41Z
VIOV,96.53,2025-10-06T18:55:03Z
VIPS,20.41,2025-10-06T19:59:58Z
VIR,5.585,2025-10-06T19:59:59Z
VIRC,7.24,2025-10-06T19:58:58Z
VIRT,32.405,2025-10-06T19:59:48Z
VIST,35.57,2025-10-06T19:59:56Z
VITL,41.9,2025-10-06T19:59:37Z
VIV,12.43,2025-10-06T19:59:56Z
VIVK,0.2816,2025-10-06T19:39:08Z
VIVS,3.015,2025-10-06T15:36:26Z
VIXM,15.87,2025-10-06T19:59:53Z
VIXY,32.15,2025-10-06T19:59:59Z
VKI,8.67,2025-10-06T19:59:50Z
VKQ,9.555,2025-10-06T19:57:08Z
VKTX,32.28,2025-10-06T19:59:50Z
VLGEA,36.45,2025-10-06T19:59:23Z
VLN,1.94,2025-10-06T19:57:59Z
VLN+,0.0505,2025-10-06T18:37:24Z
VLO,163.29,2025-10-06T19:59:41Z
VLRS,6.9,2025-10-06T19:59:49Z
VLT,11.29,2025-10-06T19:44:06Z
VLTO,106.12,2025-10-06T19:59:54Z
VLUE,127.19,2025-10-06T19:59:50Z
VLY,10.92,2025-10-06T19:59:53Z
VLYPN,26.06,2025-10-06T18:46:38Z
VMAR,1.515,2025-10-06T19:55:23Z
VMBS,46.86,2025-10-06T19:59:51Z
VMC,305.43,2025-10-06T19:57:26Z
VMD,6.88,2025-10-06T19:59:46Z
VMEO,7.775,2025-10-06T19:59:55Z
VMI,398.695,2025-10-06T19:12:03Z
VMO,9.55,2025-10-06T19:59:25Z
VNAM,23.5,2025-10-06T13:46:52Z
VNCE,3.26,2025-10-06T19:59:50Z
VNDA,5.39,2025-10-06T19:59:50Z
VNET,10.6,2025-10-06T19:59:58Z
VNLA,49.155,2025-10-06T18:55:07Z
VNM,18.43,2025-10-06T19:59:50Z
VNO,41.215,2025-10-06T19:59:45Z
VNOM,38.905,2025-10-06T19:59:58Z
VNQ,90.56,2025-10-06T19:59:58Z
VNQI,47.83,2025-10-06T19:58:42Z
VNRX,0.6474,2025-10-06T19:59:54Z
VNT,40.45,2025-10-06T19:59:57Z
VNTG,7.45,2025-10-06T19:58:01Z
VO,295.58,2025-10-06T19:59:08Z
VOC,3.025,2025-10-06T17:28:32Z
VOD,11.285,2025-10-06T19:59:53Z
VOE,175.14,2025-10-06T19:59:43Z
VOLT,29.46,2025-10-06T17:11:37Z
VONE,305.25,2025-10-06T19:52:39Z
VONG,121.635,2025-10-06T19:59:46Z
VONV,90.06,2025-10-06T19:59:57Z
VOO,617.72,2025-10-06T19:59:29Z
VOOG,439.1,2025-10-06T18:18:31Z
VOOV,201.47,2025-10-06T15:45:17Z
VOR,35.825,2025-10-06T19:56:54Z
VOT,296.81,2025-10-06T19:38:20Z
VOX,186.23,2025-10-06T19:39:08Z
VOXR,4.225,2025-10-06T19:59:35Z
VOYA,75.41,2025-10-06T19:59:49Z
VOYA-B,24.49,2025-10-06T18:22:45Z
VOYG,35.66,2025-10-06T19:59:48Z
VOYX,30.99,2025-10-06T15:29:04Z
VPG,32.13,2025-10-06T19:56:26Z
VPL,90.535,2025-10-06T19:59:45Z
VPLS,78.395,2025-10-06T19:59:45Z
VPU,194.26,2025-10-06T18:38:21Z
VPV,10.46,2025-10-06T19:10:03Z
VRA,2.215,2025-10-06T19:48:28Z
VRAR,1.69,2025-10-06T19:22:55Z
VRCA,4.62,2025-10-06T19:49:08Z
VRDN,20.84,2025-10-06T19:59:56Z
VRE,14.6,2025-10-06T19:59:50Z
VREX,11.86,2025-10-06T19:56:34Z
VRIG,25.115,2025-10-06T19:55:14Z
VRME,1.095,2025-10-06T19:59:41Z
VRNA,106.91,2025-10-06T19:59:58Z
VRNS,60.77,2025-10-06T19:59:54Z
VRNT,20.26,2025-10-06T19:59:54Z
VRP,24.76,2025-10-06T19:59:45Z
VRRM,23.85,2025-10-06T19:59:50Z
VRSK,245.25,2025-10-06T19:59:02Z
VRSN,270.755,2025-10-06T19:59:51Z
VRT,162.795,2025-10-06T19:59:53Z
VRTL,58.29,2025-10-06T18:15:24Z
VRTS,192.15,2025-10-06T18:24:19Z
VRTX,402.785,2025-10-06T19:59:50Z
VSA,2.955,2025-10-06T19:58:34Z
VSAT,33.01,2025-10-06T19:59:56Z
VSCO,29.215,2025-10-06T19:59:56Z
VSDM,76.46,2025-10-06T19:25:18Z
VSEC,162.19,2025-10-06T19:55:52Z
VSGX,70.87,2025-10-06T16:05:15Z
VSH,16.07,2025-10-06T19:59:54Z
VSME,2.31,2025-10-06T19:58:18Z
VSMV,54.14,2025-10-06T19:05:15Z
VSS,144.44,2025-10-06T16:09:12Z
VST,200.365,2025-10-06T19:59:42Z
VSTD,1.43,2025-10-06T19:19:43Z
VSTL,22.51,2025-10-06T13:37:52Z
VSTM,8.615,2025-10-06T19:59:49Z
VSTS,5.025,2025-10-06T19:59:59Z
VT,139.56,2025-10-06T19:59:58Z
VTAK,2.55,2025-10-06T18:59:25Z
VTC,78.14,2025-10-06T19:31:07Z
VTEB,50.005,2025-10-06T19:59:45Z
VTEC,99.51,2025-10-06T19:32:33Z
VTES,101.64,2025-10-06T19:15:58Z
VTEX,4.545,2025-10-06T19:59:49Z
VTGN,3.88,2025-10-06T19:55:23Z
VTHR,297.14,2025-10-06T17:21:16Z
VTI,331.19,2025-10-06T19:59:58Z
VTIP,50.005,2025-10-06T19:59:43Z
VTLE,17.46,2025-10-06T19:59:58Z
VTMX,26.8,2025-10-06T19:27:25Z
VTN,11.09,2025-10-06T17:31:40Z
VTOL,37.15,2025-10-06T19:59:10Z
VTP,76.37,2025-10-06T19:49:48Z
VTR,69.26,2025-10-06T19:59:51Z
VTRS,10.13,2025-10-06T19:59:55Z
VTS,23.485,2025-10-06T19:59:50Z
VTSI,5.63,2025-10-06T18:29:02Z
VTV,187.33,2025-10-06T19:59:57Z
VTWG,240.13,2025-10-06T18:19:35Z
VTWO,99.74,2025-10-06T19:59:40Z
VTWV,158.5,2025-10-06T19:59:33Z
VTYX,3.74,2025-10-06T19:59:50Z
VUG,484.995,2025-10-06T19:56:57Z
VUSB,49.85,2025-10-06T19:59:50Z
VUSE,66.915,2025-10-06T17:53:09Z
VUZI,3.875,2025-10-06T19:59:50Z
VV,310.63,2025-10-06T19:54:32Z
VVOS,3.27,2025-10-06T19:59:31Z
VVPR,5.495,2025-10-06T19:59:53Z
VVR,3.355,2025-10-06T19:59:51Z
VVV,34.955,2025-10-06T19:59:57Z
VVX,60.355,2025-10-06T19:59:15Z
VWAV,8.32,2025-10-06T19:27:25Z
VWO,54.975,2025-10-06T19:59:56Z
VWOB,66.835,2025-10-06T19:59:59Z
VXF,212.91,2025-10-06T19:58:58Z
VXUS,74.82,2025-10-06T19:59:47Z
VXX,33.05,2025-10-06T19:59:49Z
VXZ,55.63,2025-10-06T19:59:50Z
VYGR,4.955,2025-10-06T19:59:50Z
VYM,141.23,2025-10-06T19:59:56Z
VYMI,85.19,2025-10-06T19:59:58Z
VYNE,0.3637,2025-10-06T19:59:58Z
VYX,12.52,2025-10-06T19:59:56Z
VZ,41.44,2025-10-06T19:59:59Z
VZLA,4.595,2025-10-06T19:59:46Z
W,84.21,2025-10-06T19:59:57Z
WAB,201.28,2025-10-06T19:59:49Z
WABC,47.7,2025-10-06T19:59:51Z
WAFD,29.89,2025-10-06T19:59:52Z
WAI,2.92,2025-10-06T19:59:52Z
WAL,87.465,2025-10-06T19:59:48Z
WAL-A,22.5,2025-10-06T17:09:33Z
WALD,1.91,2025-10-06T19:59:27Z
WANT,53.12,2025-10-06T18:25:03Z
WASH,29.37,2025-10-06T19:59:52Z
WAT,327.72,2025-10-06T19:59:51Z
WATT,8.36,2025-10-06T16:30:51Z
WAVE,7.51,2025-10-06T14:37:52Z
WAY,38.23,2025-10-06T19:59:55Z
WB,12.5,2025-10-06T19:59:54Z
WBD,19.09,2025-10-06T19:59:59Z
WBI,25.96,2025-10-06T19:59:59Z
WBIY,31.35,2025-10-06T17:11:01Z
WBS,61.43,2025-10-06T19:59:50Z
WBTN,18.46,2025-10-06T19:59:35Z
WBUY,3.52,2025-10-06T19:58:34Z
WBX,5.4,2025-10-06T17:46:10Z
WCAP,9.97,2025-10-06T17:06:43Z
WCC,219.81,2025-10-06T19:59:45Z
WCLD,35.51,2025-10-06T19:59:55Z
WCMI,17.19,2025-10-06T19:51:41Z
WCN,174.195,2025-10-06T19:59:50Z
WCT,0.407,2025-10-06T19:54:53Z
WD,80.96,2025-10-06T19:59:32Z
WDAF,32.43,2025-10-06T19:46:48Z
WDAY,238.375,2025-10-06T19:59:54Z
WDC,125.26,2025-10-06T19:59:56Z
WDEF,33.63,2025-10-06T13:54:26Z
WDFC,191.72,2025-10-06T19:56:30Z
WDH,1.96,2025-10-06T19:59:58Z
WDI,14.87,2025-10-06T19:27:38Z
WDIV,73.16,2025-10-06T18:16:26Z
WDS,15.315,2025-10-06T19:58:24Z
WEA,11.24,2025-10-06T19:57:27Z
WEAT,4.145,2025-10-06T19:59:50Z
WEAV,6.78,2025-10-06T19:59:56Z
WEBL,32.705,2025-10-06T19:43:08Z
WEBS,18.12,2025-10-06T19:58:07Z
WEC,114.55,2025-10-06T19:59:47Z
WEEK,100.07,2025-10-06T15:42:51Z
WELL,174.13,2025-10-06T19:59:48Z
WEN,9.33,2025-10-06T19:59:58Z
WENN,10.175,2025-10-06T15:14:06Z
WENNW,0.5762,2025-10-06T18:28:20Z
WERN,28.53,2025-10-06T19:59:57Z
WES,37.97,2025-10-06T19:59:53Z
WEST,4.68,2025-10-06T19:59:50Z
WETH,1.295,2025-10-06T19:51:17Z
WETO,1.86,2025-10-06T14:26:48Z
WEX,158.34,2025-10-06T19:55:05Z
WF,56.6,2025-10-06T19:59:01Z
WFC,80.695,2025-10-06T19:59:59Z
WFC-A,19.74,2025-10-06T17:51:40Z
WFC-C,18.37,2025-10-06T19:16:15Z
WFC-D,17.9,2025-10-06T17:03:37Z
WFC-Y,24.95,2025-10-06T15:14:10Z
WFC-Z,20.03,2025-10-06T19:59:20Z
WFF,0.9881,2025-10-06T17:21:10Z
WFG,70.445,2025-10-06T19:56:00Z
WFRD,65.08,2025-10-06T19:59:42Z
WGMI,52.28,2025-10-06T19:59:45Z
WGO,32.89,2025-10-06T19:59:41Z
WGRX,0.7153,2025-10-06T19:58:24Z
WGS,120.155,2025-10-06T19:59:22Z
WH,81.01,2025-10-06T19:59:38Z
WHD,37.255,2025-10-06T19:59:48Z
WHF,7.03,2025-10-06T19:56:00Z
WHLR,5.77,2025-10-06T19:59:41Z
WHR,79.3,2025-10-06T19:59:40Z
WHWK,2.15,2025-10-06T19:58:31Z
WIA,8.44,2025-10-06T16:31:22Z
WILC,20.31,2025-10-06T16:04:55Z
WILD,37.83,2025-10-06T18:14:55Z
WIMI,4.9,2025-10-06T19:59:23Z
WING,244.01,2025-10-06T19:59:50Z
WINN,31.45,2025-10-06T19:56:35Z
WISE,46.99,2025-10-06T19:27:56Z
WIT,2.65,2025-10-06T19:59:58Z
WIW,8.91,2025-10-06T19:15:42Z
WIX,146.09,2025-10-06T19:59:47Z
WK,89.01,2025-10-06T19:59:50Z
WKC,25.975,2025-10-06T19:59:47Z
WKEY,7.015,2025-10-06T19:48:13Z
WKHS,1.145,2025-10-06T19:54:04Z
WKSP,3.59,2025-10-06T19:59:04Z
WLAC,12.65,2025-10-06T19:59:55Z
WLACU,13.95,2025-10-06T13:48:44Z
WLACW,3.38,2025-10-06T19:59:16Z
WLDN,90.8,2025-10-06T19:50:00Z
WLDS,4.98,2025-10-06T19:59:50Z
WLFC,136.96,2025-10-06T16:45:18Z
WLK,81.67,2025-10-06T19:59:48Z
WLKP,21.2,2025-10-06T18:54:19Z
WLY,38.77,2025-10-06T19:59:18Z
WM,217.68,2025-10-06T19:59:57Z
WMB,63.59,2025-10-06T19:59:54Z
WMG,33.64,2025-10-06T19:59:54Z
WMK,69.57,2025-10-06T19:47:43Z
WMS,141.45,2025-10-06T19:59:46Z
WMT,102.66,2025-10-06T19:59:59Z
WNC,9.39,2025-10-06T19:59:54Z
WNEB,11.73,2025-10-06T19:59:17Z
WNS,76.32,2025-10-06T19:59:50Z
WNW,1.99,2025-10-06T19:17:35Z
WOK,0.0785,2025-10-06T19:43:34Z
WOLF,26.22,2025-10-06T19:59:42Z
WOMN,40.85,2025-10-06T14:15:43Z
WOOD,72.29,2025-10-06T17:21:34Z
WOOF,3.74,2025-10-06T19:59:55Z
WOR,55.42,2025-10-06T19:56:18Z
WORX,0.3223,2025-10-06T19:59:57Z
WOW,5.15,2025-10-06T19:59:55Z
WPAY,55.7,2025-10-06T19:59:42Z
WPC,68.18,2025-10-06T19:59:48Z
WPM,109.81,2025-10-06T19:59:56Z
WPP,24.79,2025-10-06T19:59:17Z
WPRT,2.285,2025-10-06T19:59:50Z
WRAP,2.82,2025-10-06T19:58:02Z
WRB,76.96,2025-10-06T19:59:46Z
WRB-H,18.265,2025-10-06T16:58:10Z
WRBY,25.35,2025-10-06T19:59:55Z
WRD,11.305,2025-10-06T19:59:50Z
WRN,2.14,2025-10-06T19:59:54Z
WS,31.06,2025-10-06T19:58:12Z
WSBC,33.445,2025-10-06T19:59:26Z
WSBF,15.255,2025-10-06T19:59:36Z
WSC,21.535,2025-10-06T19:59:57Z
WSFS,54.51,2025-10-06T19:56:10Z
WSM,196.22,2025-10-06T19:59:51Z
WSO,411.075,2025-10-06T19:59:33Z
WSR,11.87,2025-10-06T19:59:49Z
WST,268.535,2025-10-06T19:59:32Z
WT,13.86,2025-10-06T19:59:54Z
WTAI,30.07,2025-10-06T19:59:45Z
WTBA,20.2,2025-10-06T17:47:39Z
WTF,6.07,2025-10-06T17:19:23Z
WTFC,132.76,2025-10-06T19:59:45Z
WTFCN,26.42,2025-10-06T17:34:57Z
WTI,2.16,2025-10-06T19:59:50Z
WTID,11.81,2025-10-06T13:37:40Z
WTIU,10.58,2025-10-06T19:14:13Z
WTM,1864.61,2025-10-06T19:51:59Z
WTMF,38.34,2025-10-06T17:22:06Z
WTMY,25.43,2025-10-06T15:25:47Z
WTPI,33.43,2025-10-06T19:41:01Z
WTRE,23.24,2025-10-06T18:39:00Z
WTRG,40.06,2025-10-06T19:59:52Z
WTS,283.59,2025-10-06T19:45:33Z
WTTR,10.84,2025-10-06T19:59:55Z
WTV,91.59,2025-10-06T17:01:25Z
WTW,349.39,2025-10-06T19:59:55Z
WU,8.075,2025-10-06T19:59:57Z
WULF,11.955,2025-10-06T19:59:58Z
WVE,7.21,2025-10-06T19:59:56Z
WW,26.67,2025-10-06T19:58:01Z
WWD,258.345,2025-10-06T19:59:14Z
WWJD,35.795,2025-10-06T15:25:47Z
WWR,1.415,2025-10-06T19:59:56Z
WWW,25.1,2025-10-06T19:59:59Z
WXM,3.34,2025-10-06T16:57:22Z
WY,24.95,2025-10-06T19:59:57Z
WYFI,34.025,2025-10-06T19:59:46Z
WYHG,1.36,2025-10-06T14:48:22Z
WYNN,124.62,2025-10-06T19:59:37Z
WYY,5.23,2025-10-06T18:33:07Z
XAIR,2.495,2025-10-06T19:59:44Z
XAPR,35.86,2025-10-06T14:55:51Z
XAR,246.69,2025-10-06T19:33:31Z
XAUG,36.8,2025-10-06T13:48:35Z
XBI,103.64,2025-10-06T19:59:57Z
XBIL,50.065,2025-10-06T19:59:24Z
XBIT,2.665,2025-10-06T19:54:14Z
XBP,0.7486,2025-10-06T19:08:49Z
XBTY,19.36,2025-10-06T19:39:36Z
XCCC,38.82,2025-10-06T19:59:48Z
XCEM,37.165,2025-10-06T15:47:24Z
XCH,1.3,2025-10-06T13:44:39Z
XCOR,78.74,2025-10-06T16:03:36Z
XCUR,4.225,2025-10-06T15:26:45Z
XDIV,27.23,2025-10-06T18:52:18Z
XDSQ,40.02,2025-10-06T19:55:08Z
XDTE,44.37,2025-10-06T18:12:23Z
XEL,80.99,2025-10-06T19:59:58Z
XELB,2.03,2025-10-06T19:59:37Z
XENE,39.515,2025-10-06T19:59:52Z
XERS,8.12,2025-10-06T19:59:59Z
XES,74.5,2025-10-06T16:00:48Z
XFIV,49.415,2025-10-06T18:47:24Z
XFLT,5.23,2025-10-06T19:57:24Z
XFOR,3.37,2025-10-06T19:59:43Z
XGN,10.9,2025-10-06T19:59:55Z
XHB,109.81,2025-10-06T19:59:58Z
XHLD,0.324,2025-10-06T19:58:43Z
XHR,13.21,2025-10-06T19:59:54Z
XIFR,11.05,2025-10-06T19:59:52Z
XIMR,31.07,2025-10-06T18:25:03Z
XJAN,36.1,2025-10-06T17:54:39Z
XJR,42.84,2025-10-06T19:51:14Z
XJUN,42.27,2025-10-06T13:49:21Z
XLB,89.78,2025-10-06T19:59:58Z
XLC,116.53,2025-10-06T19:59:55Z
XLE,89.37,2025-10-06T19:59:55Z
XLF,53.7,2025-10-06T19:59:57Z
XLFI,25.05,2025-10-06T18:07:06Z
XLG,57.96,2025-10-06T19:59:46Z
XLI,155.11,2025-10-06T19:59:59Z
XLK,287.6,2025-10-06T19:59:55Z
XLO,0.8397,2025-10-06T19:33:38Z
XLP,77.465,2025-10-06T19:59:57Z
XLRE,41.635,2025-10-06T19:59:57Z
XLU,89.77,2025-10-06T19:59:57Z
XLV,144.1,2025-10-06T19:59:59Z
XLY,239.92,2025-10-06T19:59:53Z
XMAY,34.285,2025-10-06T16:44:53Z
XME,98.16,2025-10-06T19:59:59Z
XMHQ,105.06,2025-10-06T19:59:46Z
XMLV,63.15,2025-10-06T19:57:51Z
XMMO,135.935,2025-10-06T19:44:06Z
XMPT,21.64,2025-10-06T19:59:46Z
XMTR,52.76,2025-10-06T19:59:48Z
XNCR,11.81,2025-10-06T19:59:51Z
XNET,10.76,2025-10-06T19:59:47Z
XNOV,36.68,2025-10-06T19:33:18Z
XNTK,283.69,2025-10-06T16:09:22Z
XOM,114.21,2025-10-06T19:59:59Z
XOMA,37.39,2025-10-06T18:49:50Z
XOP,134.2,2025-10-06T19:59:58Z
XOS,2.95,2025-10-06T19:50:07Z
XOVR,21.06,2025-10-06T19:59:50Z
XP,17.11,2025-10-06T19:59:57Z
XPAY,55.96,2025-10-06T19:59:46Z
XPEL,33.64,2025-10-06T19:57:46Z
XPER,6.88,2025-10-06T19:59:54Z
XPEV,23.64,2025-10-06T19:59:59Z
XPH,48.65,2025-10-06T19:28:47Z
XPL,0.7152,2025-10-06T19:59:41Z
XPO,133.51,2025-10-06T19:59:54Z
XPOF,7.94,2025-10-06T19:59:52Z
XPON,1.58,2025-10-06T19:59:59Z
XPP,30.98,2025-10-06T19:19:37Z
XPRO,13.19,2025-10-06T19:59:55Z
XRAY,12.52,2025-10-06T19:59:58Z
XRLX,46.56,2025-10-06T16:03:08Z
XRMI,17.79,2025-10-06T19:59:45Z
XRPI,18.21,2025-10-06T19:55:02Z
XRPR,24.99,2025-10-06T19:50:20Z
XRPT,17.06,2025-10-06T19:41:55Z
XRT,85.33,2025-10-06T19:59:51Z
XRTX,0.9,2025-10-06T15:44:59Z
XRX,3.68,2025-10-06T19:59:58Z
XSD,339.025,2025-10-06T18:34:03Z
XSHD,13.29,2025-10-06T19:56:29Z
XSHQ,42.95,2025-10-06T18:22:56Z
XSMO,73.57,2025-10-06T19:56:00Z
XSOE,38.73,2025-10-06T19:46:10Z
XSVM,56.64,2025-10-06T19:47:38Z
XSVN,48.07,2025-10-06T14:52:35Z
XSW,203.81,2025-10-06T17:40:21Z
XT,74.26,2025-10-06T19:59:46Z
XTEN,46.39,2025-10-06T19:34:56Z
XTIA,1.6,2025-10-06T19:58:31Z
XTJA,30.86,2025-10-06T19:55:51Z
XTKG,1.7,2025-10-06T19:38:32Z
XTLB,1.2,2025-10-06T13:44:22Z
XTN,85.96,2025-10-06T16:37:56Z
XTNT,0.6876,2025-10-06T19:52:38Z
XTOC,32.81,2025-10-06T17:45:20Z
XTR,30.73,2025-10-06T19:59:46Z
XTWY,38.68,2025-10-06T19:26:38Z
XUSP,46.96,2025-10-06T15:36:44Z
XV,26.88,2025-10-06T13:42:25Z
XXII,1.64,2025-10-06T19:57:42Z
XXRP,35.42,2025-10-06T19:59:54Z
XYF,14.63,2025-10-06T19:46:45Z
XYL,149.87,2025-10-06T19:59:49Z
XYLD,39.46,2025-10-06T19:59:59Z
XYZ,77.8,2025-10-06T19:59:48Z
XYZG,24.62,2025-10-06T16:33:36Z
XYZY,9.265,2025-10-06T19:58:17Z
YAAS,3.06,2025-10-06T19:58:00Z
YALA,7.545,2025-10-06T19:59:53Z
YANG,21.11,2025-10-06T19:59:13Z
YB,19.595,2025-10-06T19:56:43Z
YBIT,10.225,2025-10-06T19:59:49Z
YBTC,45.03,2025-10-06T17:24:08Z
YCBD,1.305,2025-10-06T19:50:07Z
YCL,21.045,2025-10-06T19:57:38Z
YCS,45.72,2025-10-06T14:13:19Z
YDESW,2.06,2025-10-06T15:24:33Z
YDKG,3.535,2025-10-06T18:53:25Z
YEAR,50.535,2025-10-06T19:54:59Z
YELP,32.83,2025-10-06T19:59:56Z
YETH,28.12,2025-10-06T19:59:19Z
YETI,34.31,2025-10-06T19:59:58Z
YEXT,8.42,2025-10-06T19:59:57Z
YGLD,42.01,2025-10-06T16:55:18Z
YHC,0.8354,2025-10-06T19:04:32Z
YIBO,1.53,2025-10-06T14:22:27Z
YINN,55.23,2025-10-06T19:59:55Z
YLD,19.26,2025-10-06T19:59:59Z
YMAG,15.67,2025-10-06T19:59:42Z
YMAT,1.22,2025-10-06T19:50:21Z
YMAX,13.04,2025-10-06T19:59:59Z
YMM,13.99,2025-10-06T19:59:59Z
YMT,1.725,2025-10-06T17:42:04Z
YOLO,3.64,2025-10-06T19:59:38Z
YORW,30.2,2025-10-06T19:59:30Z
YOU,31.02,2025-10-06T19:59:53Z
YPF,24.62,2025-10-06T19:59:54Z
YQ,4.76,2025-10-06T17:42:25Z
YQQQ,12.665,2025-10-06T17:47:31Z
YRD,6.6,2025-10-06T19:47:34Z
YSG,8.25,2025-10-06T19:59:47Z
YSPY,20.15,2025-10-06T14:47:46Z
YTRA,1.48,2025-10-06T19:52:15Z
YUM,148.76,2025-10-06T19:59:50Z
YUMC,43.2,2025-10-06T19:59:55Z
YXT,1,2025-10-06T19:58:51Z
YYAI,2.53,2025-10-06T19:59:31Z
YYGH,0.3836,2025-10-06T19:48:52Z
YYY,11.825,2025-10-06T19:55:19Z
Z,74.02,2025-10-06T19:59:52Z
ZALT,31.975,2025-10-06T19:59:54Z
ZBAI,8.71,2025-10-06T16:37:41Z
ZBAO,1.06,2025-10-06T18:37:32Z
ZBH,98.83,2025-10-06T19:59:54Z
ZBIO,23,2025-10-06T19:53:52Z
ZBRA,302.125,2025-10-06T19:59:49Z
ZD,39.54,2025-10-06T19:59:50Z
ZDAI,0.6583,2025-10-06T19:51:53Z
ZDEK,25.305,2025-10-06T19:59:45Z
ZDGE,3.26,2025-10-06T18:48:41Z
ZENA,5.77,2025-10-06T19:59:46Z
ZENV,1.415,2025-10-06T17:38:34Z
ZEO,1.315,2025-10-06T16:09:22Z
ZEPP,55.9,2025-10-06T19:33:05Z
ZETA,20,2025-10-06T19:59:54Z
ZEUS,29.96,2025-10-06T19:02:43Z
ZEXIT,10,2025-10-06T13:30:00Z
ZFEB,24.98,2025-10-06T18:23:27Z
ZG,71.51,2025-10-06T19:59:30Z
ZGN,10.205,2025-10-06T19:59:55Z
ZH,5.025,2025-10-06T19:59:21Z
ZIEXT,1,2025-10-06T13:30:00Z
ZIG,38.1,2025-10-06T15:07:32Z
ZIM,13.69,2025-10-06T19:59:51Z
ZIMV,18.92,2025-10-06T19:59:29Z
ZION,56.865,2025-10-06T19:59:55Z
ZIP,4.1,2025-10-06T19:59:47Z
ZJUL,28.75,2025-10-06T17:29:49Z
ZJUN,26.52,2025-10-06T16:25:27Z
ZK,29.89,2025-10-06T19:59:47Z
ZKH,2.88,2025-10-06T19:58:23Z
ZLAB,33.3,2025-10-06T19:59:54Z
ZM,81.025,2025-10-06T19:59:45Z
ZNB,1.665,2025-10-06T19:59:05Z
ZNTL,1.58,2025-10-06T19:59:52Z
ZONE,2.24,2025-10-06T19:59:29Z
ZOOZ,2.305,2025-10-06T19:59:39Z
ZROZ,66.63,2025-10-06T19:55:00Z
ZS,305.26,2025-10-06T19:59:35Z
ZSEP,26.53,2025-10-06T18:39:42Z
ZSL,14.28,2025-10-06T19:59:54Z
ZSPC,0.9829,2025-10-06T19:57:59Z
ZTEK,0.8407,2025-10-06T19:54:05Z
ZTO,19.26,2025-10-06T19:59:49Z
ZTR,6.575,2025-10-06T19:58:55Z
ZTRE,51.21,2025-10-06T18:58:22Z
ZTS,145.335,2025-10-06T19:59:46Z
ZUMZ,20.62,2025-10-06T19:59:45Z
ZURA,4.155,2025-10-06T19:59:38Z
ZVIA,2.35,2025-10-06T19:59:54Z
ZVOL,11.945,2025-10-06T19:59:27Z
ZVRA,10.65,2025-10-06T19:59:58Z
ZVZZT,38.775,2025-10-06T17:55:01Z
ZWS,47.305,2025-10-06T19:59:49Z
ZXIET,100,2025-10-06T13:30:00Z
ZYBT,2.91,2025-10-06T19:57:18Z
ZYME,16.66,2025-10-06T19:59:50Z
ZYXI,1.465,2025-10-06T19:55:00Z
