symbol,close,last_trade_utc
A,138.24,2025-12-24T17:59:50Z
AA,53.63,2025-12-24T17:59:49Z
AAAU,44.205,2025-12-24T17:59:30Z
AAL,15.67,2025-12-24T17:59:58Z
AAMI,48.55,2025-12-24T17:47:17Z
AAOI,41,2025-12-24T17:59:55Z
AAON,75.79,2025-12-24T17:59:56Z
AAP,41.09,2025-12-24T17:59:29Z
AAPB,33.95,2025-12-24T17:59:30Z
AAPD,12.99,2025-12-24T17:52:56Z
AAPL,273.9,2025-12-24T17:59:53Z
AAPU,34.135,2025-12-24T17:59:45Z
AAPX,30.89,2025-12-24T17:59:50Z
AARD,14.15,2025-12-24T17:44:18Z
AAT,18.84,2025-12-24T17:59:50Z
AAUC,24.46,2025-12-24T17:59:30Z
AAXJ,92.45,2025-12-24T17:59:38Z
AB,39.085,2025-12-24T17:57:34Z
ABAT,3.99,2025-12-24T17:59:50Z
ABBV,230.1,2025-12-24T17:59:32Z
ABCB,76.595,2025-12-24T17:58:12Z
ABCL,3.73,2025-12-24T17:59:53Z
ABEO,5.42,2025-12-24T17:59:46Z
ABEV,2.365,2025-12-24T17:59:50Z
ABFL,72.96,2025-12-24T17:47:05Z
ABG,240.09,2025-12-24T17:50:08Z
ABL,8.545,2025-12-24T17:59:53Z
ABM,42.125,2025-12-24T17:59:37Z
ABNB,136.8,2025-12-24T17:59:57Z
ABOS,2.17,2025-12-24T17:57:37Z
ABR,7.915,2025-12-24T17:59:49Z
ABR-D,17.06,2025-12-24T17:59:55Z
ABR-E,16.89,2025-12-24T16:08:32Z
ABR-F,21.44,2025-12-24T17:11:08Z
ABSI,3.575,2025-12-24T17:59:51Z
ABT,124.775,2025-12-24T17:59:54Z
ABTC,1.89,2025-12-24T17:59:38Z
ABUS,4.79,2025-12-24T17:59:55Z
ABVC,2.31,2025-12-24T16:56:33Z
ABVE,1.835,2025-12-24T17:59:10Z
ABVX,145.4,2025-12-24T17:59:48Z
ACA,110.72,2025-12-24T17:56:42Z
ACAD,27.865,2025-12-24T17:59:38Z
ACB,4.59,2025-12-24T17:59:32Z
ACCL,2.66,2025-12-24T17:06:55Z
ACCO,3.7,2025-12-24T17:59:50Z
ACDC,3.79,2025-12-24T17:59:55Z
ACEI,24.94,2025-12-24T15:19:12Z
ACEL,11.485,2025-12-24T17:59:27Z
ACET,0.518,2025-12-24T17:55:59Z
ACGL,96.47,2025-12-24T17:58:04Z
ACGLN,16.66,2025-12-24T15:10:04Z
ACGLO,20.175,2025-12-24T17:59:59Z
ACHC,14.295,2025-12-24T17:59:48Z
ACHR,8.14,2025-12-24T17:59:55Z
ACHR+,1.405,2025-12-24T15:25:23Z
ACHV,4.45,2025-12-24T17:59:33Z
ACI,17.275,2025-12-24T17:59:54Z
ACIC,12.68,2025-12-24T17:28:00Z
ACIO,44.23,2025-12-24T17:48:50Z
ACIU,3.12,2025-12-24T17:59:15Z
ACIW,48.87,2025-12-24T17:59:38Z
ACLC,79.26,2025-12-24T15:25:48Z
ACLS,82.86,2025-12-24T17:45:02Z
ACLX,66.05,2025-12-24T17:59:42Z
ACM,97.5,2025-12-24T17:59:41Z
ACMR,40.125,2025-12-24T17:59:40Z
ACN,269.98,2025-12-24T17:59:33Z
ACNT,15.935,2025-12-24T17:59:24Z
ACOG,6.29,2025-12-24T17:55:59Z
ACP,5.47,2025-12-24T17:59:50Z
ACR-D,22.3,2025-12-24T17:52:40Z
ACRE,5.11,2025-12-24T17:59:52Z
ACRS,3.04,2025-12-24T17:59:47Z
ACRV,2.39,2025-12-24T17:58:29Z
ACT,40.265,2025-12-24T17:59:53Z
ACTG,3.795,2025-12-24T17:58:42Z
ACTU,6.675,2025-12-24T15:21:36Z
ACVA,8.26,2025-12-24T17:59:55Z
ACWI,142.73,2025-12-24T17:59:56Z
ACWV,119.52,2025-12-24T17:47:26Z
ACWX,67.245,2025-12-24T17:59:46Z
ACXP,3.48,2025-12-24T15:49:13Z
AD,53.79,2025-12-24T17:59:52Z
ADAM,7.3,2025-12-24T17:59:50Z
ADAMH,25.72,2025-12-24T17:33:00Z
ADAMN,22.365,2025-12-24T15:08:39Z
ADBE,353.075,2025-12-24T17:59:50Z
ADBG,10.435,2025-12-24T17:59:10Z
ADC,72.39,2025-12-24T17:59:50Z
ADCT,3.55,2025-12-24T17:59:39Z
ADEA,17.335,2025-12-24T17:59:39Z
ADGM,1.055,2025-12-24T17:31:19Z
ADI,277.51,2025-12-24T17:59:49Z
ADIL,0.2403,2025-12-24T17:59:45Z
ADM,57.785,2025-12-24T17:59:49Z
ADMA,19.535,2025-12-24T17:59:52Z
ADME,52.02,2025-12-24T17:59:46Z
ADNT,19.365,2025-12-24T17:57:48Z
ADP,258.13,2025-12-24T17:59:45Z
ADPT,16.675,2025-12-24T17:59:57Z
ADPV,44.39,2025-12-24T17:47:10Z
ADSE,12.21,2025-12-24T17:49:01Z
ADSK,298.19,2025-12-24T17:59:46Z
ADT,8.075,2025-12-24T17:59:54Z
ADTN,8.81,2025-12-24T17:59:52Z
ADTX,1.14,2025-12-24T17:59:50Z
ADUR,11.26,2025-12-24T17:59:31Z
ADV,0.8753,2025-12-24T17:59:59Z
ADX,23.27,2025-12-24T17:42:33Z
ADXN,8.03,2025-12-24T17:56:05Z
AEBI,13.14,2025-12-24T17:59:52Z
AEC,5.06,2025-12-24T17:48:28Z
AEE,99.8,2025-12-24T17:59:49Z
AEF,6.92,2025-12-24T17:55:02Z
AEFC,19.75,2025-12-24T17:58:31Z
AEG,7.68,2025-12-24T17:59:59Z
AEHL,1.45,2025-12-24T16:03:50Z
AEHR,22.1,2025-12-24T17:59:46Z
AEIS,217.71,2025-12-24T17:58:36Z
AEM,181.23,2025-12-24T17:59:59Z
AENT,7.935,2025-12-24T17:13:33Z
AEO,26.66,2025-12-24T17:59:57Z
AEON,1.05,2025-12-24T16:27:27Z
AEP,115.33,2025-12-24T17:59:56Z
AER,145.1,2025-12-24T17:59:38Z
AERO,21.83,2025-12-24T17:44:52Z
AES,13.96,2025-12-24T17:59:55Z
AESI,9.62,2025-12-24T17:59:35Z
AESR,17.23,2025-12-24T16:35:12Z
AEVA,13.41,2025-12-24T17:56:56Z
AEXA,11.2,2025-12-24T17:56:45Z
AEYE,10.76,2025-12-24T17:57:04Z
AFB,10.725,2025-12-24T17:59:31Z
AFCG,2.895,2025-12-24T17:56:32Z
AFG,138.09,2025-12-24T17:50:01Z
AFGD,20.82,2025-12-24T15:58:48Z
AFIF,9.41,2025-12-24T17:59:45Z
AFJK,48.5,2025-12-24T17:52:17Z
AFK,26.83,2025-12-24T16:30:38Z
AFL,110.595,2025-12-24T17:59:48Z
AFLG,39.715,2025-12-24T17:59:46Z
AFRM,76,2025-12-24T17:59:55Z
AFRU,15.44,2025-12-24T17:59:50Z
AFYA,14.71,2025-12-24T17:59:18Z
AG,17.2,2025-12-24T17:59:59Z
AGAE,0.4305,2025-12-24T17:58:04Z
AGCC,10.48,2025-12-24T17:35:39Z
AGCO,105.225,2025-12-24T17:59:59Z
AGD,12.13,2025-12-24T17:57:57Z
AGEM,38.52,2025-12-24T16:16:40Z
AGEN,3.36,2025-12-24T17:58:03Z
AGG,100.03,2025-12-24T17:59:55Z
AGGH,20.77,2025-12-24T16:47:09Z
AGGY,44.27,2025-12-24T16:45:40Z
AGI,40.3,2025-12-24T17:59:44Z
AGIG,2.13,2025-12-24T17:59:40Z
AGIO,29.16,2025-12-24T17:59:45Z
AGIX,36.72,2025-12-24T14:53:48Z
AGL,0.7021,2025-12-24T17:59:56Z
AGM,177.44,2025-12-24T16:24:23Z
AGM-D,20.96,2025-12-24T17:44:28Z
AGMH,2.19,2025-12-24T16:44:26Z
AGNC,10.855,2025-12-24T17:59:45Z
AGNCM,25,2025-12-24T15:03:45Z
AGO,90.92,2025-12-24T17:59:13Z
AGPU,6.25,2025-12-24T15:38:53Z
AGQ,167.695,2025-12-24T17:59:54Z
AGRO,7.945,2025-12-24T17:59:20Z
AGRZ,1.03,2025-12-24T17:58:30Z
AGX,329,2025-12-24T17:49:12Z
AGYS,120.38,2025-12-24T17:46:02Z
AGZD,22.575,2025-12-24T17:59:46Z
AHCO,10.225,2025-12-24T17:59:52Z
AHH,6.59,2025-12-24T17:59:48Z
AHL,37.05,2025-12-24T17:59:51Z
AHL-D,19.605,2025-12-24T16:55:36Z
AHR,48.36,2025-12-24T17:59:55Z
AHT,3.76,2025-12-24T17:51:55Z
AI,14.035,2025-12-24T17:59:58Z
AIA,95.96,2025-12-24T17:59:10Z
AIFD,38.07,2025-12-24T16:56:54Z
AIFF,1.11,2025-12-24T17:59:50Z
AIFU,2.8,2025-12-24T17:50:39Z
AIG,86.52,2025-12-24T17:59:43Z
AII,20.75,2025-12-24T17:59:50Z
AIIO,0.3295,2025-12-24T17:58:55Z
AIM,1.28,2025-12-24T15:45:48Z
AIMD,1.98,2025-12-24T17:14:53Z
AIN,51.12,2025-12-24T17:58:19Z
AIOT,5.48,2025-12-24T17:59:58Z
AIP,15.96,2025-12-24T17:59:18Z
AIPI,40.48,2025-12-24T17:16:09Z
AIPO,22.67,2025-12-24T17:50:00Z
AIQ,51.45,2025-12-24T17:59:28Z
AIR,85.97,2025-12-24T17:50:01Z
AIRE,0.4584,2025-12-24T17:59:58Z
AIRG,4,2025-12-24T16:47:26Z
AIRI,3.33,2025-12-24T17:58:17Z
AIRJ,3.85,2025-12-24T17:59:50Z
AIRO,9.37,2025-12-24T17:59:37Z
AIRR,101.55,2025-12-24T17:59:51Z
AIRS,2.16,2025-12-24T17:59:56Z
AISP,2.98,2025-12-24T17:59:11Z
AIT,264.19,2025-12-24T17:59:42Z
AIV,5.97,2025-12-24T17:59:55Z
AIVI,52.94,2025-12-24T17:59:40Z
AIXC,2.73,2025-12-24T17:41:33Z
AIXI,0.4477,2025-12-24T16:46:33Z
AIYY,17.87,2025-12-24T14:40:18Z
AIZ,241.8,2025-12-24T17:59:38Z
AJG,260.63,2025-12-24T17:59:36Z
AJUL,29.12,2025-12-24T17:40:10Z
AKAM,88.83,2025-12-24T17:59:49Z
AKAN,0.5055,2025-12-24T17:33:59Z
AKBA,1.695,2025-12-24T17:58:40Z
AKR,20.915,2025-12-24T17:59:40Z
AKRE,66.35,2025-12-24T17:56:13Z
AKTX,0.2652,2025-12-24T17:52:10Z
AL,64.2,2025-12-24T17:59:51Z
ALAB,169.96,2025-12-24T17:59:10Z
ALAI,36.99,2025-12-24T17:14:35Z
ALAR,7.885,2025-12-24T17:59:50Z
ALB,148.285,2025-12-24T17:59:58Z
ALB-A,60.78,2025-12-24T16:56:39Z
ALBT,1.235,2025-12-24T15:24:37Z
ALC,80.125,2025-12-24T17:59:51Z
ALCY,13,2025-12-24T14:34:22Z
ALDX,5.28,2025-12-24T17:59:47Z
ALEC,1.45,2025-12-24T17:59:50Z
ALEX,20.66,2025-12-24T17:59:49Z
ALG,173.09,2025-12-24T15:08:04Z
ALGM,26.965,2025-12-24T17:59:49Z
ALGN,158,2025-12-24T17:59:23Z
ALGS,10.345,2025-12-24T15:32:51Z
ALGT,84.99,2025-12-24T17:55:04Z
ALH,21.575,2025-12-24T17:59:16Z
ALHC,19.165,2025-12-24T17:59:52Z
ALIT,1.97,2025-12-24T17:59:38Z
ALK,51.355,2025-12-24T17:59:29Z
ALKS,28.51,2025-12-24T17:59:54Z
ALKT,23.02,2025-12-24T17:59:47Z
ALL,209.33,2025-12-24T17:59:41Z
ALL-B,26.12,2025-12-24T15:27:33Z
ALL-H,21.24,2025-12-24T15:46:40Z
ALLE,161.28,2025-12-24T17:50:18Z
ALLO,1.405,2025-12-24T17:59:52Z
ALLR,1.05,2025-12-24T14:50:37Z
ALLT,9.39,2025-12-24T17:59:26Z
ALLW,29.175,2025-12-24T17:59:50Z
ALLY,46.28,2025-12-24T17:59:58Z
ALM,9.44,2025-12-24T17:59:54Z
ALMS,11.43,2025-12-24T17:59:56Z
ALMU,16.1,2025-12-24T17:59:41Z
ALNT,56.34,2025-12-24T17:59:30Z
ALNY,400.66,2025-12-24T17:59:56Z
ALOT,8.27,2025-12-24T16:53:35Z
ALPS,0.9353,2025-12-24T17:55:37Z
ALRM,51.88,2025-12-24T17:59:46Z
ALRS,22.06,2025-12-24T17:59:11Z
ALSN,100.69,2025-12-24T17:59:58Z
ALT,3.99,2025-12-24T17:59:52Z
ALTG,4.7,2025-12-24T17:59:41Z
ALTI,4.83,2025-12-24T17:59:40Z
ALTO,3.085,2025-12-24T17:59:59Z
ALTS,1.19,2025-12-24T17:59:57Z
ALTY,12.03,2025-12-24T16:37:39Z
ALUR,1.37,2025-12-24T14:51:06Z
ALV,119.78,2025-12-24T17:59:15Z
ALVO,5.28,2025-12-24T17:59:46Z
AM,17.875,2025-12-24T17:59:55Z
AMAL,32.97,2025-12-24T15:56:43Z
AMAT,260.655,2025-12-24T17:59:59Z
AMAX,8.09,2025-12-24T15:09:34Z
AMBA,71.7,2025-12-24T17:59:50Z
AMBO,2.98,2025-12-24T15:04:16Z
AMBP,4.06,2025-12-24T17:59:58Z
AMBQ,31,2025-12-24T17:46:24Z
AMBR,1.85,2025-12-24T16:03:15Z
AMC,1.69,2025-12-24T17:59:52Z
AMCI,9.36,2025-12-24T17:59:57Z
AMCR,8.275,2025-12-24T17:59:59Z
AMCX,9.695,2025-12-24T17:58:54Z
AMD,215.06,2025-12-24T17:59:57Z
AMDD,9.345,2025-12-24T17:59:46Z
AMDG,29.75,2025-12-24T17:50:00Z
AMDL,15.71,2025-12-24T17:59:56Z
AMDY,38.435,2025-12-24T17:59:20Z
AME,208.39,2025-12-24T17:59:05Z
AMG,292.11,2025-12-24T17:48:10Z
AMGN,333.89,2025-12-24T17:59:56Z
AMH,31.82,2025-12-24T17:59:56Z
AMID,34.31,2025-12-24T17:59:46Z
AMIX,0.5962,2025-12-24T17:30:18Z
AMJB,30.07,2025-12-24T17:58:56Z
AMKR,40.76,2025-12-24T17:59:54Z
AMLP,47.185,2025-12-24T17:59:41Z
AMLX,12.49,2025-12-24T17:59:57Z
AMN,16.025,2025-12-24T17:59:49Z
AMOD,0.4706,2025-12-24T14:57:46Z
AMP,501.18,2025-12-24T17:59:26Z
AMPG,3.06,2025-12-24T17:58:42Z
AMPH,26.88,2025-12-24T17:59:09Z
AMPL,11.93,2025-12-24T17:59:54Z
AMPX,8.545,2025-12-24T17:59:56Z
AMPX+,3.09,2025-12-24T17:41:56Z
AMPY,4.71,2025-12-24T17:59:54Z
AMR,207.67,2025-12-24T17:43:59Z
AMRC,30.345,2025-12-24T17:59:28Z
AMRN,13.73,2025-12-24T15:55:16Z
AMRX,12.885,2025-12-24T17:59:41Z
AMRZ,55.855,2025-12-24T17:59:49Z
AMSC,31.39,2025-12-24T17:58:30Z
AMSF,38.68,2025-12-24T17:03:56Z
AMST,2.13,2025-12-24T17:37:55Z
AMT,174.65,2025-12-24T17:59:54Z
AMTB,20.205,2025-12-24T17:59:53Z
AMTD,1.01,2025-12-24T14:41:49Z
AMTM,29.885,2025-12-24T17:59:53Z
AMTX,1.38,2025-12-24T17:59:45Z
AMUB,19.03,2025-12-24T14:53:57Z
AMUU,55.38,2025-12-24T15:13:35Z
AMWL,4.6,2025-12-24T17:54:58Z
AMX,20.84,2025-12-24T17:59:59Z
AMZD,9.985,2025-12-24T17:59:28Z
AMZE,0.3348,2025-12-24T17:48:49Z
AMZN,232.44,2025-12-24T17:59:56Z
AMZP,28.32,2025-12-24T15:14:07Z
AMZU,35.51,2025-12-24T17:59:50Z
AMZW,43.085,2025-12-24T17:03:18Z
AMZY,13.385,2025-12-24T17:56:34Z
AMZZ,32.01,2025-12-24T17:48:42Z
AN,211.96,2025-12-24T17:50:00Z
ANAB,50.12,2025-12-24T17:59:50Z
ANDE,53.84,2025-12-24T17:59:42Z
ANDG,25.185,2025-12-24T17:59:24Z
ANEB,1.2,2025-12-24T17:52:38Z
ANET,130.92,2025-12-24T17:59:46Z
ANF,126.84,2025-12-24T17:59:49Z
ANGI,12.71,2025-12-24T17:59:49Z
ANGL,29.495,2025-12-24T17:57:58Z
ANGO,13.17,2025-12-24T17:59:08Z
ANGX,5.04,2025-12-24T17:59:56Z
ANIK,9.5,2025-12-24T17:59:42Z
ANIP,82.09,2025-12-24T17:59:25Z
ANIX,3.415,2025-12-24T17:59:50Z
ANL,1.54,2025-12-24T17:39:13Z
ANNA,2.83,2025-12-24T16:08:00Z
ANNX,5.175,2025-12-24T17:59:56Z
ANRO,19.96,2025-12-24T17:59:54Z
ANVS,3.68,2025-12-24T17:59:51Z
ANY,0.3662,2025-12-24T17:59:48Z
AOD,9.98,2025-12-24T17:59:50Z
AOHY,11.17,2025-12-24T17:39:01Z
AOK,40.39,2025-12-24T16:33:15Z
AOM,47.91,2025-12-24T16:57:17Z
AOMR,8.67,2025-12-24T17:18:10Z
AON,356.53,2025-12-24T17:59:53Z
AOR,65.395,2025-12-24T17:57:48Z
AORT,46.95,2025-12-24T17:59:34Z
AOS,68.055,2025-12-24T17:59:18Z
AOSL,20.26,2025-12-24T17:59:52Z
AOTG,56.77,2025-12-24T15:15:00Z
AOTS,25.31,2025-12-24T17:35:55Z
AOUT,8.11,2025-12-24T17:38:26Z
AP,4.425,2025-12-24T17:36:00Z
APA,24.36,2025-12-24T17:59:54Z
APAM,41.775,2025-12-24T17:56:16Z
APCB,29.66,2025-12-24T17:41:50Z
APD,245.84,2025-12-24T17:59:47Z
APEI,37.54,2025-12-24T17:56:22Z
APG,39.37,2025-12-24T17:59:58Z
APGE,78.035,2025-12-24T17:59:27Z
APH,137.94,2025-12-24T17:59:45Z
API,3.87,2025-12-24T17:59:41Z
APIE,35.81,2025-12-24T17:37:27Z
APLD,25.72,2025-12-24T17:59:39Z
APLE,12.075,2025-12-24T17:59:53Z
APLM,18.45,2025-12-24T17:21:01Z
APLS,25.155,2025-12-24T17:59:48Z
APLT,0.1129,2025-12-24T17:59:57Z
APLX,57.81,2025-12-24T17:45:17Z
APLY,13.48,2025-12-24T17:47:24Z
APMU,25.06,2025-12-24T16:32:06Z
APO,148.835,2025-12-24T17:59:49Z
APOG,37.715,2025-12-24T17:58:51Z
APP,727.235,2025-12-24T17:59:44Z
APPF,236.585,2025-12-24T17:59:31Z
APPN,36.5,2025-12-24T17:59:51Z
APPS,5.38,2025-12-24T17:59:53Z
APPX,44.61,2025-12-24T15:09:01Z
APRJ,25.02,2025-12-24T15:16:11Z
APT,4.45,2025-12-24T17:00:44Z
APTV,76.71,2025-12-24T17:59:51Z
APUE,42.25,2025-12-24T17:34:18Z
APVO,0.93,2025-12-24T17:59:09Z
APWC,1.9,2025-12-24T14:31:51Z
APYX,3.64,2025-12-24T17:57:16Z
AQMS,5.36,2025-12-24T17:35:23Z
AQN,6.225,2025-12-24T17:59:59Z
AQNB,25.56,2025-12-24T17:15:46Z
AQST,5.975,2025-12-24T17:59:57Z
AR,34.14,2025-12-24T17:59:54Z
ARAI,3.33,2025-12-24T17:37:40Z
ARAY,0.8614,2025-12-24T17:59:06Z
ARBE,1.06,2025-12-24T17:11:30Z
ARBEW,0.0851,2025-12-24T16:29:36Z
ARBK,3.72,2025-12-24T17:44:10Z
ARCB,77.06,2025-12-24T17:59:12Z
ARCC,20.015,2025-12-24T17:59:57Z
ARCO,7.33,2025-12-24T17:59:52Z
ARCT,6.5,2025-12-24T17:52:13Z
ARDC,13.29,2025-12-24T17:58:04Z
ARDT,8.975,2025-12-24T17:59:51Z
ARDX,5.985,2025-12-24T17:59:55Z
ARE,48.72,2025-12-24T17:59:53Z
AREC,2.735,2025-12-24T17:59:56Z
AREN,4.09,2025-12-24T17:55:43Z
ARES,169,2025-12-24T17:59:53Z
ARGT,91.935,2025-12-24T16:13:01Z
ARGX,849.435,2025-12-24T17:59:24Z
ARHS,11.695,2025-12-24T17:59:46Z
ARI,9.97,2025-12-24T17:59:47Z
ARKB,28.975,2025-12-24T17:59:56Z
ARKF,49.03,2025-12-24T16:03:53Z
ARKG,30.16,2025-12-24T17:59:57Z
ARKK,80.62,2025-12-24T17:59:59Z
ARKO,4.675,2025-12-24T17:59:42Z
ARKQ,119.26,2025-12-24T17:55:00Z
ARKW,154.44,2025-12-24T17:37:53Z
ARKX,30.035,2025-12-24T17:59:46Z
ARLO,14.045,2025-12-24T17:59:43Z
ARLP,23.77,2025-12-24T17:59:42Z
ARM,111.57,2025-12-24T17:59:26Z
ARMG,6.18,2025-12-24T16:18:15Z
ARMK,37.705,2025-12-24T17:59:53Z
ARMN,16.3,2025-12-24T17:58:55Z
AROC,25.78,2025-12-24T17:59:48Z
AROW,31.895,2025-12-24T16:09:32Z
ARQ,3.415,2025-12-24T17:58:54Z
ARQQ,25.28,2025-12-24T17:39:41Z
ARQT,29.44,2025-12-24T17:59:39Z
ARR,17.56,2025-12-24T17:59:55Z
ARRY,10.175,2025-12-24T17:59:59Z
ARTL,1.6,2025-12-24T15:50:32Z
ARTV,4.24,2025-12-24T16:19:26Z
ARTY,48.485,2025-12-24T17:55:09Z
ARVN,12.18,2025-12-24T17:59:57Z
ARW,113,2025-12-24T17:41:56Z
ARWR,70.16,2025-12-24T17:59:49Z
ARX,16.875,2025-12-24T17:59:55Z
AS,37.815,2025-12-24T17:59:54Z
ASA,61.49,2025-12-24T17:56:20Z
ASAN,13.71,2025-12-24T17:59:59Z
ASB,26.555,2025-12-24T17:59:50Z
ASBP,0.0943,2025-12-24T17:55:25Z
ASC,10.72,2025-12-24T17:59:03Z
ASCE,28,2025-12-24T17:58:48Z
ASCI,34.83,2025-12-24T16:07:27Z
ASEA,18.83,2025-12-24T17:41:39Z
ASG,5.38,2025-12-24T15:09:14Z
ASGI,22.885,2025-12-24T17:57:44Z
ASGM,26.88,2025-12-24T17:17:40Z
ASGN,49.94,2025-12-24T17:56:35Z
ASH,59.35,2025-12-24T17:59:28Z
ASHR,32.795,2025-12-24T17:59:54Z
ASIC,21.42,2025-12-24T17:44:11Z
ASIX,17.115,2025-12-24T17:59:04Z
ASLE,7.19,2025-12-24T17:59:27Z
ASM,6.775,2025-12-24T17:59:45Z
ASMB,33.59,2025-12-24T17:39:30Z
ASMG,24.78,2025-12-24T15:28:09Z
ASML,1065.55,2025-12-24T17:59:25Z
ASND,212.84,2025-12-24T17:59:17Z
ASNS,0.5597,2025-12-24T17:41:33Z
ASO,51.04,2025-12-24T17:59:52Z
ASPC,20,2025-12-24T14:49:10Z
ASPI,5.96,2025-12-24T17:59:52Z
ASPN,2.97,2025-12-24T17:59:54Z
ASPS,6.33,2025-12-24T16:16:33Z
ASRT,0.6576,2025-12-24T17:59:37Z
ASST,0.8563,2025-12-24T17:59:50Z
ASTE,45.72,2025-12-24T17:58:34Z
ASTH,25.105,2025-12-24T17:59:37Z
ASTI,4.52,2025-12-24T17:59:49Z
ASTL,4.18,2025-12-24T17:59:59Z
ASTS,78.07,2025-12-24T17:59:56Z
ASTX,47.6,2025-12-24T17:57:46Z
ASUR,9.02,2025-12-24T17:59:21Z
ASX,15.53,2025-12-24T17:59:58Z
ASYS,12.44,2025-12-24T17:59:52Z
ATAI,4.2,2025-12-24T17:59:54Z
ATAT,42.255,2025-12-24T17:58:29Z
ATCH,0.2679,2025-12-24T17:59:04Z
ATEC,20.765,2025-12-24T17:59:54Z
ATEN,18,2025-12-24T17:59:49Z
ATEX,22.38,2025-12-24T17:58:16Z
ATFV,35.72,2025-12-24T17:59:46Z
ATGE,103.71,2025-12-24T17:58:40Z
ATHA,7.28,2025-12-24T17:57:37Z
ATHE,3.1,2025-12-24T17:42:26Z
ATHM,23.53,2025-12-24T17:58:12Z
ATHS,25.09,2025-12-24T16:33:36Z
ATI,116.64,2025-12-24T17:59:45Z
ATKR,65.24,2025-12-24T17:58:59Z
ATLC,69.65,2025-12-24T17:57:00Z
ATLCZ,25.69,2025-12-24T16:07:52Z
ATLN,1.285,2025-12-24T16:18:28Z
ATLO,23.1,2025-12-24T17:59:50Z
ATLX,4.8,2025-12-24T17:59:50Z
ATMP,28.84,2025-12-24T16:31:24Z
ATMU,53.415,2025-12-24T17:59:32Z
ATNI,22.455,2025-12-24T16:24:06Z
ATNM,1.57,2025-12-24T17:35:34Z
ATO,168.335,2025-12-24T17:59:31Z
ATOM,2.26,2025-12-24T17:59:52Z
ATON,0.6555,2025-12-24T17:58:45Z
ATOS,0.6863,2025-12-24T17:59:18Z
ATPC,0.1112,2025-12-24T17:34:57Z
ATR,122.88,2025-12-24T17:50:04Z
ATRA,17.615,2025-12-24T17:54:17Z
ATRC,40.58,2025-12-24T17:58:11Z
ATRO,55.41,2025-12-24T17:58:09Z
ATS,28.3,2025-12-24T16:54:12Z
ATXS,12.99,2025-12-24T17:59:50Z
ATYR,0.7362,2025-12-24T17:59:43Z
AU,89.89,2025-12-24T17:59:56Z
AUB,36.555,2025-12-24T17:59:50Z
AUB-A,24.56,2025-12-24T17:48:57Z
AUDC,8.92,2025-12-24T17:54:34Z
AUGO,51.8,2025-12-24T17:59:49Z
AUGU,29.7,2025-12-24T17:18:23Z
AUID,1.02,2025-12-24T17:51:00Z
AUNA,4.64,2025-12-24T17:59:50Z
AUPH,16.285,2025-12-24T17:59:59Z
AUR,4.105,2025-12-24T17:59:50Z
AURA,5.88,2025-12-24T17:57:51Z
AURE,0.3301,2025-12-24T14:33:13Z
AUROW,0.2939,2025-12-24T17:39:59Z
AUST,1.69,2025-12-24T17:56:33Z
AUTL,1.68,2025-12-24T17:59:47Z
AVA,38.4,2025-12-24T17:59:51Z
AVAH,8.715,2025-12-24T17:59:21Z
AVAL,4.265,2025-12-24T17:55:00Z
AVAV,260.7,2025-12-24T17:59:59Z
AVB,182.99,2025-12-24T17:59:50Z
AVBC,17.23,2025-12-24T17:58:47Z
AVBH,27.32,2025-12-24T17:48:40Z
AVBP,22.075,2025-12-24T17:46:29Z
AVD,3.99,2025-12-24T17:59:49Z
AVDE,82.72,2025-12-24T17:59:51Z
AVDL,21.56,2025-12-24T17:59:59Z
AVDS,70.195,2025-12-24T17:35:22Z
AVDV,94.51,2025-12-24T17:59:28Z
AVEM,76.87,2025-12-24T17:59:31Z
AVGG,28.34,2025-12-24T17:46:16Z
AVGO,350.06,2025-12-24T17:59:58Z
AVGU,35.67,2025-12-24T17:28:50Z
AVGV,73.92,2025-12-24T14:59:17Z
AVGX,48.77,2025-12-24T17:57:27Z
AVIG,41.955,2025-12-24T17:13:52Z
AVIR,3.625,2025-12-24T17:59:31Z
AVIV,71.605,2025-12-24T17:58:33Z
AVK,12.65,2025-12-24T17:42:33Z
AVL,45.17,2025-12-24T17:59:58Z
AVLV,76.75,2025-12-24T17:59:51Z
AVMU,46.12,2025-12-24T15:32:50Z
AVNM,73.61,2025-12-24T15:19:44Z
AVNS,11.39,2025-12-24T17:59:47Z
AVNT,31.36,2025-12-24T17:59:48Z
AVNW,21.46,2025-12-24T17:59:36Z
AVO,11.76,2025-12-24T17:59:09Z
AVPT,13.59,2025-12-24T17:59:58Z
AVR,5.44,2025-12-24T17:28:54Z
AVS,9.33,2025-12-24T17:57:57Z
AVSC,59.89,2025-12-24T16:35:34Z
AVSF,47.01,2025-12-24T17:29:05Z
AVT,49.18,2025-12-24T17:59:54Z
AVTR,11.285,2025-12-24T17:59:51Z
AVTX,18.995,2025-12-24T17:59:21Z
AVUS,113.35,2025-12-24T17:58:49Z
AVUV,103.89,2025-12-24T17:59:39Z
AVX,1.37,2025-12-24T16:02:19Z
AVXL,3.715,2025-12-24T17:59:50Z
AVXX,9.33,2025-12-24T17:01:01Z
AVY,181.82,2025-12-24T17:59:39Z
AWF,10.72,2025-12-24T17:59:53Z
AWI,191.44,2025-12-24T17:58:42Z
AWK,131.23,2025-12-24T17:59:44Z
AWP,3.91,2025-12-24T17:52:28Z
AWR,73.44,2025-12-24T17:51:05Z
AWRE,2.03,2025-12-24T16:40:16Z
AX,88.96,2025-12-24T17:57:46Z
AXG,4.31,2025-12-24T17:56:32Z
AXGN,32.62,2025-12-24T17:59:45Z
AXIA,9.08,2025-12-24T17:59:53Z
AXIA-,9.44,2025-12-24T16:23:20Z
AXIL,7.52,2025-12-24T15:11:14Z
AXL,6.44,2025-12-24T17:59:52Z
AXON,591.3,2025-12-24T17:59:25Z
AXP,382.99,2025-12-24T17:59:48Z
AXS,108.8,2025-12-24T17:59:19Z
AXS-E,20.27,2025-12-24T16:07:02Z
AXSM,153.89,2025-12-24T17:58:27Z
AXTA,32.3,2025-12-24T17:59:37Z
AXTI,15.04,2025-12-24T17:59:28Z
AYI,372.15,2025-12-24T17:59:46Z
AYTU,2.57,2025-12-24T14:44:17Z
AZ,6.535,2025-12-24T17:59:55Z
AZI,3.695,2025-12-24T17:59:50Z
AZN,92.485,2025-12-24T17:59:51Z
AZO,3462.355,2025-12-24T17:59:33Z
AZTA,34.545,2025-12-24T17:59:56Z
AZTR,0.305,2025-12-24T17:41:14Z
AZZ,110.81,2025-12-24T17:49:02Z
B,45.445,2025-12-24T17:59:57Z
BA,218.325,2025-12-24T17:59:55Z
BA-A,70.69,2025-12-24T15:54:06Z
BAB,27.23,2025-12-24T16:05:00Z
BABA,150.15,2025-12-24T17:59:50Z
BABX,38.06,2025-12-24T17:41:03Z
BAC,56.26,2025-12-24T17:59:59Z
BAC-B,25.07,2025-12-24T17:43:12Z
BAC-M,21.95,2025-12-24T17:58:40Z
BAC-N,20.68,2025-12-24T16:07:54Z
BAC-Q,17.39,2025-12-24T17:15:46Z
BACQ,10.84,2025-12-24T14:49:17Z
BAER,1.7,2025-12-24T17:59:20Z
BAFE,27.65,2025-12-24T17:59:46Z
BAH,85,2025-12-24T17:59:54Z
BAI,33.98,2025-12-24T17:59:51Z
BAIG,11.53,2025-12-24T17:59:43Z
BAK,3.08,2025-12-24T17:59:59Z
BALI,32.09,2025-12-24T14:39:34Z
BALL,52.29,2025-12-24T17:59:59Z
BALT,33.45,2025-12-24T17:59:59Z
BALY,17.465,2025-12-24T17:23:17Z
BAM,53.48,2025-12-24T17:59:56Z
BAMA,34.32,2025-12-24T17:59:45Z
BANC,19.68,2025-12-24T17:59:55Z
BAND,15.05,2025-12-24T17:59:56Z
BANR,65.22,2025-12-24T17:59:40Z
BANX,22.42,2025-12-24T17:06:36Z
BAP,289.76,2025-12-24T17:55:27Z
BAR,44.12,2025-12-24T17:28:58Z
BARK,0.6484,2025-12-24T17:59:52Z
BASG,26.24,2025-12-24T16:31:33Z
BATRA,42.645,2025-12-24T17:55:24Z
BATRK,39.33,2025-12-24T17:52:37Z
BATT,14.15,2025-12-24T17:04:08Z
BAX,19.115,2025-12-24T17:59:55Z
BB,3.99,2025-12-24T17:59:48Z
BBAG,46.64,2025-12-24T17:59:45Z
BBAI,6.055,2025-12-24T17:59:59Z
BBAR,18.29,2025-12-24T17:58:46Z
BBAX,57.16,2025-12-24T17:59:55Z
BBBI,52.2,2025-12-24T15:03:24Z
BBBY,5.61,2025-12-24T17:59:48Z
BBBY+,0.71,2025-12-24T17:53:51Z
BBCA,94.065,2025-12-24T17:59:56Z
BBCP,7.01,2025-12-24T17:57:53Z
BBD,3.355,2025-12-24T17:59:53Z
BBDC,8.86,2025-12-24T17:59:55Z
BBDO,2.925,2025-12-24T15:09:15Z
BBEM,63.48,2025-12-24T15:10:28Z
BBEU,73.395,2025-12-24T17:59:13Z
BBH,193.09,2025-12-24T17:59:50Z
BBHL,16.22,2025-12-24T15:16:51Z
BBHY,46.76,2025-12-24T17:55:05Z
BBIN,72.81,2025-12-24T17:59:46Z
BBIO,76.56,2025-12-24T17:59:45Z
BBJP,66.055,2025-12-24T17:59:57Z
BBLG,1.8,2025-12-24T17:15:55Z
BBLU,15.42,2025-12-24T15:45:38Z
BBN,16.76,2025-12-24T17:57:35Z
BBNX,31.13,2025-12-24T17:59:38Z
BBOT,12.27,2025-12-24T17:58:16Z
BBSI,36.23,2025-12-24T17:57:21Z
BBT,27.04,2025-12-24T17:59:54Z
BBU,35.385,2025-12-24T15:11:28Z
BBUC,36.22,2025-12-24T15:55:39Z
BBUS,124.825,2025-12-24T17:55:07Z
BBVA,23.3,2025-12-24T17:59:47Z
BBW,59.81,2025-12-24T17:59:56Z
BBWI,19.74,2025-12-24T17:59:55Z
BBY,69.69,2025-12-24T17:59:51Z
BC,75.95,2025-12-24T17:59:59Z
BC-C,25.27,2025-12-24T17:18:11Z
BCAB,0.725,2025-12-24T17:59:20Z
BCAL,19.03,2025-12-24T17:59:45Z
BCARW,0.38,2025-12-24T15:53:27Z
BCAT,14.23,2025-12-24T17:45:37Z
BCAX,17.265,2025-12-24T17:59:04Z
BCBP,8.22,2025-12-24T16:48:15Z
BCC,74.85,2025-12-24T17:58:24Z
BCCC,18.5,2025-12-24T17:59:46Z
BCD,36.705,2025-12-24T17:59:46Z
BCE,23.01,2025-12-24T17:59:57Z
BCH,38.175,2025-12-24T17:59:55Z
BCI,23.085,2025-12-24T17:37:23Z
BCML,29.46,2025-12-24T17:58:27Z
BCO,119.6,2025-12-24T17:59:04Z
BCPC,157.67,2025-12-24T17:48:00Z
BCRX,7.69,2025-12-24T17:59:55Z
BCS,25.62,2025-12-24T17:59:50Z
BCSF,13.84,2025-12-24T17:48:39Z
BCTX,8.1,2025-12-24T17:50:00Z
BCUS,32.73,2025-12-24T17:09:33Z
BCV,22.395,2025-12-24T17:59:51Z
BCX,11.01,2025-12-24T17:55:12Z
BCYC,6.98,2025-12-24T17:59:45Z
BDC,118.395,2025-12-24T17:42:48Z
BDCX,22.39,2025-12-24T14:46:04Z
BDGS,34.815,2025-12-24T17:59:56Z
BDJ,9.32,2025-12-24T17:51:43Z
BDMD,1.42,2025-12-24T16:47:23Z
BDN,2.86,2025-12-24T17:59:58Z
BDRX,2.87,2025-12-24T17:44:13Z
BDRY,8.77,2025-12-24T17:44:37Z
BDSX,6.635,2025-12-24T15:11:06Z
BDTX,2.665,2025-12-24T17:59:58Z
BDVL,24.93,2025-12-24T17:59:29Z
BDX,196.14,2025-12-24T17:59:59Z
BDYN,25.98,2025-12-24T17:59:46Z
BE,91.99,2025-12-24T17:59:47Z
BEAM,28.11,2025-12-24T17:59:57Z
BEAT,2.58,2025-12-24T17:58:43Z
BEDZ,33.58,2025-12-24T14:30:30Z
BEEM,1.68,2025-12-24T17:51:14Z
BEEP,2.785,2025-12-24T17:10:29Z
BEGS,23.42,2025-12-24T17:59:16Z
BEKE,16.05,2025-12-24T17:59:57Z
BELFB,175.65,2025-12-24T16:11:59Z
BEN,24.17,2025-12-24T17:59:56Z
BENF,8.82,2025-12-24T17:59:52Z
BEP,27.45,2025-12-24T17:57:35Z
BEPC,39.14,2025-12-24T17:59:32Z
BERZ,2.7,2025-12-24T16:07:30Z
BETA,30.225,2025-12-24T17:58:59Z
BETE,45.28,2025-12-24T14:42:22Z
BETH,50.76,2025-12-24T15:51:38Z
BETR,37.22,2025-12-24T17:42:52Z
BETRW,0.1551,2025-12-24T17:52:01Z
BETZ,21.95,2025-12-24T16:49:24Z
BEX,10.125,2025-12-24T15:00:05Z
BF.A,26.69,2025-12-24T17:56:08Z
BF.B,26.86,2025-12-24T17:59:59Z
BFAM,100.74,2025-12-24T17:57:43Z
BFC,128.44,2025-12-24T16:24:58Z
BFH,76.75,2025-12-24T17:59:48Z
BFIN,12.35,2025-12-24T16:23:44Z
BFK,9.84,2025-12-24T17:57:35Z
BFLY,3.95,2025-12-24T17:59:56Z
BFOR,84.06,2025-12-24T15:47:11Z
BFRI,0.73,2025-12-24T16:42:56Z
BFS,31.44,2025-12-24T17:29:06Z
BFST,26.88,2025-12-24T17:53:29Z
BFZ,10.775,2025-12-24T17:59:27Z
BG,88.68,2025-12-24T17:59:56Z
BGB,11.73,2025-12-24T17:45:40Z
BGC,9.07,2025-12-24T17:59:58Z
BGH,15.23,2025-12-24T17:49:18Z
BGIG,32.64,2025-12-24T15:29:50Z
BGL,2.65,2025-12-24T17:58:45Z
BGLD,25.1,2025-12-24T16:49:31Z
BGR,13.42,2025-12-24T17:35:12Z
BGRN,47.96,2025-12-24T17:59:45Z
BGS,4.545,2025-12-24T17:59:57Z
BGSF,4.78,2025-12-24T17:59:11Z
BGT,11.355,2025-12-24T17:59:34Z
BGX,11.665,2025-12-24T15:05:26Z
BGY,5.835,2025-12-24T17:59:40Z
BH,360.34,2025-12-24T15:03:19Z
BHAT,1.37,2025-12-24T15:48:09Z
BHB,32.03,2025-12-24T17:39:01Z
BHC,7.19,2025-12-24T17:59:58Z
BHE,45.005,2025-12-24T17:30:33Z
BHF,64.75,2025-12-24T17:59:50Z
BHFAL,16.6,2025-12-24T17:37:37Z
BHFAM,11.17,2025-12-24T17:59:09Z
BHFAN,12.54,2025-12-24T17:05:36Z
BHFAO,15.34,2025-12-24T17:49:34Z
BHFAP,14.98,2025-12-24T17:27:21Z
BHK,9.525,2025-12-24T17:59:44Z
BHM,10.23,2025-12-24T17:50:26Z
BHP,60.86,2025-12-24T17:59:59Z
BHR,2.89,2025-12-24T17:59:52Z
BHR-B,15.09,2025-12-24T17:22:29Z
BHR-D,18.2,2025-12-24T16:45:03Z
BHRB,63.685,2025-12-24T17:59:30Z
BHV,10.545,2025-12-24T15:56:19Z
BHVN,10.8,2025-12-24T17:59:49Z
BIB,83.76,2025-12-24T17:47:57Z
BIBL,45.82,2025-12-24T17:37:51Z
BIDU,123.325,2025-12-24T17:59:53Z
BIIB,176.38,2025-12-24T17:59:54Z
BIL,91.325,2025-12-24T17:59:43Z
BILI,24.755,2025-12-24T17:59:50Z
BILL,55.165,2025-12-24T17:59:47Z
BILZ,101.01,2025-12-24T17:02:56Z
BINC,52.75,2025-12-24T17:59:56Z
BIO,302.2,2025-12-24T17:59:28Z
BIOA,14.08,2025-12-24T17:59:57Z
BIOX,1.365,2025-12-24T17:58:02Z
BIP,35.04,2025-12-24T17:59:56Z
BIPC,46.48,2025-12-24T17:59:56Z
BIPI,16.73,2025-12-24T15:17:49Z
BIRD,4.06,2025-12-24T17:17:06Z
BIRK,42.39,2025-12-24T17:59:56Z
BIS,9.03,2025-12-24T17:59:45Z
BIT,13.15,2025-12-24T17:55:50Z
BITB,47.415,2025-12-24T17:59:47Z
BITF,2.69,2025-12-24T17:59:56Z
BITI,23.21,2025-12-24T17:59:44Z
BITK,15.77,2025-12-24T17:59:46Z
BITO,12.14,2025-12-24T17:59:57Z
BITQ,21.165,2025-12-24T15:50:13Z
BITS,78.8,2025-12-24T16:27:48Z
BITU,22.015,2025-12-24T17:59:53Z
BITW,58.61,2025-12-24T17:56:30Z
BITX,27.65,2025-12-24T17:59:25Z
BIV,77.97,2025-12-24T17:59:56Z
BIVI,1.26,2025-12-24T17:59:35Z
BIXIU,9.98,2025-12-24T17:31:46Z
BIYA,0.1562,2025-12-24T17:48:29Z
BIZD,14.41,2025-12-24T17:59:04Z
BJ,94.37,2025-12-24T17:59:56Z
BJDX,0.6991,2025-12-24T17:51:50Z
BJRI,41.105,2025-12-24T17:59:58Z
BK,118.15,2025-12-24T17:59:54Z
BK-K,25.6,2025-12-24T17:54:08Z
BKAG,42.55,2025-12-24T17:56:48Z
BKCG,36.675,2025-12-24T16:36:53Z
BKCH,70.52,2025-12-24T14:42:22Z
BKD,10.89,2025-12-24T17:59:55Z
BKDV,29.525,2025-12-24T17:59:27Z
BKE,54.67,2025-12-24T17:57:53Z
BKF,43.9,2025-12-24T16:42:40Z
BKGI,40.52,2025-12-24T16:02:42Z
BKH,69.44,2025-12-24T17:59:49Z
BKKT,10.76,2025-12-24T17:55:29Z
BKLC,132.76,2025-12-24T17:55:00Z
BKLN,20.975,2025-12-24T17:59:59Z
BKMC,111.755,2025-12-24T16:16:39Z
BKN,11.04,2025-12-24T17:55:14Z
BKNG,5450.04,2025-12-24T17:58:31Z
BKR,45.295,2025-12-24T17:59:48Z
BKSE,115.255,2025-12-24T15:47:07Z
BKSY,21.21,2025-12-24T17:59:50Z
BKT,11.005,2025-12-24T17:40:54Z
BKTI,74.72,2025-12-24T17:59:56Z
BKU,45.26,2025-12-24T17:59:42Z
BKV,27.39,2025-12-24T17:59:21Z
BL,57.49,2025-12-24T17:41:30Z
BLBD,51.87,2025-12-24T17:58:24Z
BLBX,8.56,2025-12-24T17:08:13Z
BLCO,17.015,2025-12-24T17:59:28Z
BLD,428.365,2025-12-24T17:59:00Z
BLDP,2.695,2025-12-24T17:58:09Z
BLDR,103.895,2025-12-24T17:59:56Z
BLE,10.305,2025-12-24T17:59:47Z
BLFS,25.48,2025-12-24T17:58:44Z
BLFY,12.755,2025-12-24T17:58:12Z
BLIV,3.95,2025-12-24T15:35:30Z
BLK,1089.625,2025-12-24T17:59:41Z
BLKB,63.39,2025-12-24T17:58:55Z
BLLN,85.91,2025-12-24T17:52:30Z
BLMN,6.545,2025-12-24T17:59:55Z
BLND,3.02,2025-12-24T17:59:28Z
BLNE,2.015,2025-12-24T17:59:43Z
BLNK,0.719,2025-12-24T17:59:53Z
BLOK,59.945,2025-12-24T17:23:08Z
BLOX,18.63,2025-12-24T17:59:50Z
BLRKU,10.01,2025-12-24T14:40:01Z
BLSH,42.92,2025-12-24T17:59:24Z
BLTD,25.74,2025-12-24T16:45:53Z
BLTE,155,2025-12-24T17:57:44Z
BLUWW,0.58,2025-12-24T17:50:11Z
BLV,69.97,2025-12-24T17:59:56Z
BLW,13.78,2025-12-24T17:45:42Z
BLX,44.37,2025-12-24T17:55:35Z
BLZE,4.8,2025-12-24T17:56:16Z
BMA,90.72,2025-12-24T16:11:42Z
BMBL,3.59,2025-12-24T17:59:58Z
BMEA,1.28,2025-12-24T17:59:48Z
BMEZ,15.23,2025-12-24T17:59:50Z
BMI,182.67,2025-12-24T17:34:20Z
BML-J,19.65,2025-12-24T17:55:14Z
BMNG,3.72,2025-12-24T17:58:02Z
BMNR,29.37,2025-12-24T17:59:55Z
BMNU,5.6,2025-12-24T17:59:58Z
BMNZ,20.77,2025-12-24T17:41:22Z
BMO,130.485,2025-12-24T17:59:48Z
BMR,2.01,2025-12-24T16:54:27Z
BMRA,2.59,2025-12-24T14:46:46Z
BMRC,26.56,2025-12-24T17:59:38Z
BMRN,60.17,2025-12-24T17:59:53Z
BMY,54.71,2025-12-24T17:59:59Z
BN,46.62,2025-12-24T17:59:58Z
BNAI,1.38,2025-12-24T17:58:09Z
BNC,6.67,2025-12-24T17:59:59Z
BND,74.185,2025-12-24T17:59:54Z
BNDC,22.52,2025-12-24T17:59:46Z
BNDP,75.12,2025-12-24T17:53:47Z
BNDW,68.855,2025-12-24T17:42:38Z
BNDX,48.41,2025-12-24T17:52:57Z
BNDY,25.73,2025-12-24T15:21:47Z
BNED,9.52,2025-12-24T17:58:30Z
BNGO,1.555,2025-12-24T17:59:46Z
BNH,16.215,2025-12-24T16:44:41Z
BNKK,3.275,2025-12-24T17:34:25Z
BNKU,36.38,2025-12-24T15:20:14Z
BNL,17.5,2025-12-24T17:59:41Z
BNO,28.72,2025-12-24T17:55:04Z
BNR,20.65,2025-12-24T16:08:49Z
BNRG,0.6518,2025-12-24T16:09:51Z
BNS,74.08,2025-12-24T17:59:59Z
BNT,46.7,2025-12-24T16:21:19Z
BNTC,13.13,2025-12-24T17:55:31Z
BNTX,95.1,2025-12-24T17:59:55Z
BNY,10.1,2025-12-24T17:56:45Z
BNZI,1.045,2025-12-24T17:57:46Z
BOAT,32.42,2025-12-24T17:34:59Z
BOC,12.68,2025-12-24T17:58:00Z
BOE,11.72,2025-12-24T17:54:12Z
BOED,17.82,2025-12-24T17:53:14Z
BOF,3.415,2025-12-24T14:58:40Z
BOH,70.24,2025-12-24T17:53:22Z
BOIL,23.9,2025-12-24T17:59:58Z
BOKF,121.425,2025-12-24T17:58:41Z
BOLT,5.25,2025-12-24T16:09:12Z
BOND,93.64,2025-12-24T17:59:49Z
BOOM,6.585,2025-12-24T17:43:52Z
BOOT,189.02,2025-12-24T17:59:24Z
BORR,3.97,2025-12-24T17:59:54Z
BOSC,4.66,2025-12-24T17:40:38Z
BOTZ,36.665,2025-12-24T17:59:44Z
BOW,28.68,2025-12-24T17:59:13Z
BOX,29.795,2025-12-24T17:59:51Z
BOXL,2.31,2025-12-24T17:47:49Z
BOXX,114.97,2025-12-24T17:59:48Z
BP,34.31,2025-12-24T17:59:58Z
BPOP,125.94,2025-12-24T17:59:57Z
BPRE,15.955,2025-12-24T17:58:53Z
BPRN,35.66,2025-12-24T16:10:00Z
BPYPM,15.7,2025-12-24T14:50:02Z
BPYPO,14.61,2025-12-24T17:59:17Z
BQ,2.12,2025-12-24T17:33:30Z
BR,228.05,2025-12-24T17:54:21Z
BRAG,2.105,2025-12-24T17:28:31Z
BRBR,30.11,2025-12-24T17:59:55Z
BRBS,4.3,2025-12-24T17:57:32Z
BRC,80.055,2025-12-24T14:43:56Z
BRCB,23.37,2025-12-24T17:59:23Z
BRCC,1.21,2025-12-24T17:59:42Z
BRF,15.85,2025-12-24T16:00:52Z
BRK.B,501.235,2025-12-24T17:59:59Z
BRKR,48.125,2025-12-24T17:59:42Z
BRKU,24.77,2025-12-24T17:58:53Z
BRLN,51.5,2025-12-24T16:42:17Z
BRNS,0.712,2025-12-24T16:15:40Z
BRNY,51.14,2025-12-24T17:59:45Z
BRO,80.86,2025-12-24T17:59:52Z
BROS,64.04,2025-12-24T17:59:51Z
BRR,3.14,2025-12-24T17:59:53Z
BRRR,24.64,2025-12-24T17:59:57Z
BRRWW,0.65,2025-12-24T17:59:31Z
BRSL,15.68,2025-12-24T17:59:56Z
BRSP,5.9,2025-12-24T17:59:31Z
BRTR,50.875,2025-12-24T17:59:33Z
BRTX,1.19,2025-12-24T17:18:02Z
BRW,6.96,2025-12-24T17:59:38Z
BRX,26.335,2025-12-24T17:59:52Z
BRZE,35.82,2025-12-24T17:59:58Z
BRZU,78.17,2025-12-24T17:25:18Z
BSAC,31.26,2025-12-24T17:58:25Z
BSBR,6.11,2025-12-24T17:59:55Z
BSCQ,19.565,2025-12-24T17:59:58Z
BSCR,19.705,2025-12-24T17:59:45Z
BSCS,20.565,2025-12-24T17:59:20Z
BSCT,18.825,2025-12-24T17:59:37Z
BSCU,16.915,2025-12-24T17:59:46Z
BSCV,16.69,2025-12-24T17:56:13Z
BSCW,20.895,2025-12-24T17:59:44Z
BSCX,21.475,2025-12-24T17:58:31Z
BSCY,21.06,2025-12-24T17:59:46Z
BSCZ,20.87,2025-12-24T17:59:48Z
BSET,17.4,2025-12-24T17:46:48Z
BSJQ,23.32,2025-12-24T17:59:48Z
BSJR,22.615,2025-12-24T17:55:48Z
BSJS,22.03,2025-12-24T17:59:10Z
BSJT,21.545,2025-12-24T17:59:46Z
BSJU,26.125,2025-12-24T17:59:47Z
BSJV,26.68,2025-12-24T17:25:26Z
BSL,13.54,2025-12-24T17:13:31Z
BSLK,1.46,2025-12-24T17:57:36Z
BSM,13.36,2025-12-24T17:48:31Z
BSMQ,23.625,2025-12-24T17:58:17Z
BSMR,23.64,2025-12-24T15:30:00Z
BSMS,23.48,2025-12-24T17:59:45Z
BSMT,23.11,2025-12-24T17:48:12Z
BSMU,22.015,2025-12-24T17:59:46Z
BSMV,21.115,2025-12-24T17:58:16Z
BSMW,25.14,2025-12-24T17:59:50Z
BSMY,24.57,2025-12-24T15:32:32Z
BSOL,16.085,2025-12-24T17:59:46Z
BSRR,33.38,2025-12-24T16:14:27Z
BST,40,2025-12-24T17:43:22Z
BSTZ,23.02,2025-12-24T17:59:08Z
BSV,78.725,2025-12-24T17:58:21Z
BSVO,23.72,2025-12-24T17:56:44Z
BSX,96.12,2025-12-24T17:59:48Z
BSY,38.915,2025-12-24T17:59:46Z
BTA,9.36,2025-12-24T14:57:20Z
BTAI,1.71,2025-12-24T17:57:17Z
BTAL,14.49,2025-12-24T17:59:48Z
BTBD,1.44,2025-12-24T14:56:00Z
BTBT,2.145,2025-12-24T17:59:46Z
BTC,38.595,2025-12-24T17:59:36Z
BTCI,43.83,2025-12-24T17:55:00Z
BTCL,29.01,2025-12-24T17:53:30Z
BTCO,86.96,2025-12-24T17:59:50Z
BTCS,3.04,2025-12-24T17:59:47Z
BTCZ,4.235,2025-12-24T17:59:46Z
BTDR,11.49,2025-12-24T17:59:37Z
BTE,3.17,2025-12-24T17:59:38Z
BTF,5.185,2025-12-24T17:59:50Z
BTG,4.73,2025-12-24T17:59:44Z
BTGD,36.93,2025-12-24T17:34:20Z
BTI,57.25,2025-12-24T17:59:58Z
BTM,1.31,2025-12-24T17:59:50Z
BTMD,2.765,2025-12-24T17:59:46Z
BTOG,0.1815,2025-12-24T17:01:57Z
BTOP,29.515,2025-12-24T17:31:42Z
BTOT,50.22,2025-12-24T15:23:53Z
BTQ,5.94,2025-12-24T17:58:54Z
BTSG,37.72,2025-12-24T17:59:57Z
BTT,22.345,2025-12-24T17:09:19Z
BTTC,1.97,2025-12-24T17:53:40Z
BTU,30.78,2025-12-24T17:59:56Z
BTX,6.73,2025-12-24T17:59:52Z
BTZ,10.815,2025-12-24T17:58:31Z
BUCK,23.68,2025-12-24T17:43:05Z
BUD,63.83,2025-12-24T17:59:42Z
BUFD,28.33,2025-12-24T17:59:59Z
BUFF,50.04,2025-12-24T16:42:23Z
BUFG,27.73,2025-12-24T17:02:54Z
BUFH,20.89,2025-12-24T15:19:17Z
BUFP,30.23,2025-12-24T16:38:34Z
BUFQ,36.04,2025-12-24T17:49:44Z
BUFR,34.405,2025-12-24T17:59:48Z
BUFZ,26.58,2025-12-24T17:59:46Z
BUG,31.14,2025-12-24T17:58:18Z
BUI,25.59,2025-12-24T17:20:32Z
BULG,3.84,2025-12-24T17:38:37Z
BULL,8.4,2025-12-24T17:59:56Z
BULZ,275.975,2025-12-24T17:59:46Z
BUR,9,2025-12-24T17:59:51Z
BURL,287.96,2025-12-24T17:59:49Z
BURU,0.1943,2025-12-24T17:59:56Z
BUSA,37.08,2025-12-24T15:46:32Z
BUSE,24.4,2025-12-24T17:59:36Z
BUXX,20.34,2025-12-24T17:59:51Z
BUYW,14.32,2025-12-24T17:59:45Z
BUZZ,33.755,2025-12-24T17:59:45Z
BV,12.925,2025-12-24T17:59:39Z
BVC,1.18,2025-12-24T17:56:14Z
BVN,29.555,2025-12-24T17:59:42Z
BVS,7.37,2025-12-24T17:59:49Z
BW,5.335,2025-12-24T17:59:58Z
BWA,45.41,2025-12-24T17:59:55Z
BWAY,19.335,2025-12-24T17:39:24Z
BWB,18.15,2025-12-24T17:59:56Z
BWEN,3.18,2025-12-24T17:49:48Z
BWET,20.57,2025-12-24T17:57:57Z
BWFG,48.15,2025-12-24T15:27:12Z
BWIN,25.14,2025-12-24T17:59:47Z
BWLP,12.61,2025-12-24T17:59:46Z
BWMN,34.42,2025-12-24T17:54:42Z
BWX,22.62,2025-12-24T17:59:59Z
BWXT,176.96,2025-12-24T17:59:50Z
BX,155.345,2025-12-24T17:59:52Z
BXC,62.54,2025-12-24T17:51:55Z
BXMT,19.84,2025-12-24T17:59:58Z
BXMX,14.45,2025-12-24T17:59:18Z
BXP,69.25,2025-12-24T17:59:59Z
BXSL,27.08,2025-12-24T17:59:51Z
BY,29.86,2025-12-24T17:59:51Z
BYD,85.34,2025-12-24T17:59:26Z
BYLD,22.8,2025-12-24T16:36:58Z
BYM,10.85,2025-12-24T16:29:51Z
BYND,0.9956,2025-12-24T17:59:53Z
BYRN,17.47,2025-12-24T17:59:13Z
BZ,21.005,2025-12-24T17:59:53Z
BZAI,2.14,2025-12-24T17:59:59Z
BZAIW,0.49,2025-12-24T16:52:21Z
BZFD,0.9014,2025-12-24T17:35:47Z
BZH,20.35,2025-12-24T17:59:37Z
BZUN,2.73,2025-12-24T17:58:54Z
C,121.545,2025-12-24T17:59:52Z
CAAP,26.075,2025-12-24T17:59:30Z
CABA,2.195,2025-12-24T17:59:34Z
CABO,118.42,2025-12-24T17:07:06Z
CAC,44.905,2025-12-24T15:36:31Z
CACC,459.675,2025-12-24T17:46:54Z
CACI,544.7,2025-12-24T17:58:31Z
CADE,43.825,2025-12-24T17:59:56Z
CADL,6.085,2025-12-24T17:59:43Z
CAE,31.44,2025-12-24T17:59:36Z
CAEP,10.2,2025-12-24T17:44:00Z
CAF,17.23,2025-12-24T17:52:01Z
CAFX,25,2025-12-24T15:28:09Z
CAG,17.06,2025-12-24T17:59:53Z
CAH,207.63,2025-12-24T17:59:55Z
CAI,28.26,2025-12-24T17:59:49Z
CAIE,27.07,2025-12-24T17:56:00Z
CAKE,51.64,2025-12-24T17:59:51Z
CAL,13.155,2025-12-24T17:59:56Z
CALC,6.205,2025-12-24T17:43:15Z
CALF,45.285,2025-12-24T17:59:26Z
CALI,50.425,2025-12-24T17:59:47Z
CALM,82.88,2025-12-24T17:59:03Z
CALX,54.605,2025-12-24T17:59:56Z
CAM,25.155,2025-12-24T15:39:07Z
CAMP,5.975,2025-12-24T17:59:46Z
CAMT,109.515,2025-12-24T17:50:22Z
CAN,0.7854,2025-12-24T17:59:54Z
CANC,35.72,2025-12-24T17:52:01Z
CANE,9.9,2025-12-24T17:50:00Z
CANF,0.1757,2025-12-24T17:59:50Z
CANG,1.38,2025-12-24T17:55:49Z
CAPR,29.7,2025-12-24T17:59:53Z
CAPS,0.73,2025-12-24T16:19:25Z
CAPT,0.3465,2025-12-24T17:24:27Z
CAR,132.045,2025-12-24T17:59:40Z
CARE,19.84,2025-12-24T17:13:45Z
CARG,38.88,2025-12-24T17:59:50Z
CARL,13.905,2025-12-24T17:56:44Z
CARR,53.465,2025-12-24T17:59:53Z
CARS,12.64,2025-12-24T17:59:50Z
CART,45.62,2025-12-24T17:59:49Z
CARY,21.01,2025-12-24T17:59:46Z
CASH,74.24,2025-12-24T17:59:53Z
CASI,0.8066,2025-12-24T16:57:34Z
CASS,42.28,2025-12-24T14:30:15Z
CASY,568.425,2025-12-24T17:59:19Z
CAT,583.61,2025-12-24T17:59:46Z
CATH,83.71,2025-12-24T17:13:02Z
CATO,3.17,2025-12-24T16:21:07Z
CATX,2.81,2025-12-24T17:59:51Z
CATY,50.165,2025-12-24T17:59:18Z
CAVA,61.765,2025-12-24T17:59:48Z
CB,313.44,2025-12-24T17:59:14Z
CBAN,18.13,2025-12-24T17:59:03Z
CBAT,0.89,2025-12-24T15:44:42Z
CBC,24.11,2025-12-24T17:58:53Z
CBIO,12.415,2025-12-24T17:59:03Z
CBK,24.545,2025-12-24T17:52:43Z
CBL,37.12,2025-12-24T17:43:10Z
CBLL,21.41,2025-12-24T17:59:52Z
CBNA,34.96,2025-12-24T16:13:35Z
CBNK,28.72,2025-12-24T16:55:03Z
CBOE,255.975,2025-12-24T17:59:57Z
CBON,22.72,2025-12-24T17:49:01Z
CBRE,164.855,2025-12-24T17:59:55Z
CBRL,26.41,2025-12-24T17:59:47Z
CBSH,53.085,2025-12-24T17:59:28Z
CBT,66.08,2025-12-24T17:53:28Z
CBTL,20.92,2025-12-24T17:59:18Z
CBU,59.22,2025-12-24T17:58:24Z
CBUS,1.75,2025-12-24T17:44:25Z
CBXJ,22.78,2025-12-24T17:35:39Z
CBXO,22.9,2025-12-24T17:59:46Z
CBZ,52.5,2025-12-24T17:59:50Z
CC,11.995,2025-12-24T17:59:55Z
CCAP,14.555,2025-12-24T17:56:12Z
CCB,116.855,2025-12-24T17:59:38Z
CCC,8.015,2025-12-24T17:59:55Z
CCCC,2.08,2025-12-24T17:59:48Z
CCCX,17.915,2025-12-24T17:59:46Z
CCCXW,8.7,2025-12-24T15:48:04Z
CCD,21.66,2025-12-24T17:57:24Z
CCEP,91.565,2025-12-24T17:59:07Z
CCG,0.87,2025-12-24T16:17:04Z
CCHH,0.5119,2025-12-24T15:15:00Z
CCI,87.88,2025-12-24T17:59:50Z
CCIF,4.65,2025-12-24T17:59:36Z
CCJ,93.375,2025-12-24T17:59:52Z
CCK,102.72,2025-12-24T17:59:46Z
CCL,31.24,2025-12-24T17:59:56Z
CCLD,3.085,2025-12-24T17:54:01Z
CCNE,26.91,2025-12-24T17:26:09Z
CCNEP,24.78,2025-12-24T16:25:59Z
CCO,2.25,2025-12-24T17:59:53Z
CCOI,22.27,2025-12-24T17:59:53Z
CCOR,26.38,2025-12-24T17:39:38Z
CCRN,8.025,2025-12-24T17:59:33Z
CCS,59.05,2025-12-24T17:56:37Z
CCSI,22.78,2025-12-24T17:59:46Z
CCTG,0.1649,2025-12-24T17:46:25Z
CCU,12.66,2025-12-24T17:57:27Z
CCUP,4.715,2025-12-24T17:59:50Z
CCXIU,10.25,2025-12-24T17:44:00Z
CD,5.975,2025-12-24T17:55:31Z
CDE,18.725,2025-12-24T17:59:58Z
CDIG,25.21,2025-12-24T17:59:46Z
CDLR,19.285,2025-12-24T17:22:38Z
CDLX,1.21,2025-12-24T17:59:52Z
CDNA,19.71,2025-12-24T17:59:40Z
CDNL,23.56,2025-12-24T17:58:20Z
CDNS,317.655,2025-12-24T17:59:57Z
CDP,28.36,2025-12-24T17:59:53Z
CDRE,42.395,2025-12-24T17:41:06Z
CDRO,8.08,2025-12-24T17:19:01Z
CDTX,220.85,2025-12-24T17:59:59Z
CDW,138.75,2025-12-24T17:59:45Z
CDX,22.275,2025-12-24T17:58:00Z
CDXS,1.675,2025-12-24T17:59:49Z
CDZI,5.72,2025-12-24T17:59:44Z
CDZIP,19.41,2025-12-24T14:46:40Z
CE,42.18,2025-12-24T17:59:47Z
CECO,62.55,2025-12-24T17:59:48Z
CEF,47.195,2025-12-24T17:55:35Z
CEFS,23.1,2025-12-24T14:50:33Z
CEG,363.96,2025-12-24T17:59:59Z
CELC,102.51,2025-12-24T17:59:15Z
CELH,44.79,2025-12-24T17:59:00Z
CELU,1.3,2025-12-24T17:45:27Z
CELZ,2.22,2025-12-24T17:44:29Z
CEMB,45.89,2025-12-24T17:48:23Z
CENN,0.1489,2025-12-24T17:52:33Z
CENT,32.63,2025-12-24T17:54:55Z
CENTA,29.57,2025-12-24T17:59:42Z
CENX,39.31,2025-12-24T17:59:45Z
CEPF,10.24,2025-12-24T14:44:11Z
CEPI,34.275,2025-12-24T17:19:29Z
CEPO,10.42,2025-12-24T17:25:35Z
CEPT,11.135,2025-12-24T17:55:20Z
CEPU,17.6,2025-12-24T17:59:32Z
CERS,2.06,2025-12-24T17:59:57Z
CERT,8.895,2025-12-24T17:59:54Z
CERY,30.47,2025-12-24T17:30:15Z
CET,51.07,2025-12-24T17:55:10Z
CETX,2.45,2025-12-24T17:58:06Z
CETY,0.87,2025-12-24T17:50:20Z
CEVA,21.82,2025-12-24T17:59:41Z
CF,77.59,2025-12-24T17:59:38Z
CFA,92.05,2025-12-24T17:59:44Z
CFBK,26.06,2025-12-24T15:57:40Z
CFFN,7.07,2025-12-24T17:59:30Z
CFG,59.8,2025-12-24T17:59:58Z
CFG-H,26.48,2025-12-24T17:13:12Z
CFG-I,25.27,2025-12-24T17:51:00Z
CFIT,25.24,2025-12-24T15:14:25Z
CFLT,30.15,2025-12-24T17:59:59Z
CFND,4.79,2025-12-24T17:56:55Z
CFO,74.64,2025-12-24T15:52:03Z
CFR,128.9,2025-12-24T17:56:27Z
CG,60.93,2025-12-24T17:59:58Z
CGABL,17.23,2025-12-24T17:04:24Z
CGAU,14.905,2025-12-24T17:59:54Z
CGBD,12.55,2025-12-24T17:59:39Z
CGBL,35.815,2025-12-24T17:59:56Z
CGC,1.32,2025-12-24T17:59:59Z
CGCB,26.52,2025-12-24T17:59:59Z
CGCP,22.66,2025-12-24T17:59:46Z
CGCT,10.32,2025-12-24T17:02:25Z
CGCV,30.88,2025-12-24T17:59:50Z
CGDG,36.02,2025-12-24T17:59:45Z
CGDV,44.215,2025-12-24T17:59:46Z
CGEM,10.25,2025-12-24T17:59:30Z
CGEN,1.53,2025-12-24T17:59:15Z
CGGE,32,2025-12-24T17:59:45Z
CGGO,35.31,2025-12-24T17:59:57Z
CGGR,45.18,2025-12-24T17:59:55Z
CGHM,25.42,2025-12-24T17:22:48Z
CGHY,25.44,2025-12-24T16:12:45Z
CGIB,25.385,2025-12-24T17:10:23Z
CGIC,32.735,2025-12-24T17:38:24Z
CGIE,35.075,2025-12-24T17:58:09Z
CGMM,29.55,2025-12-24T17:59:31Z
CGMS,27.645,2025-12-24T17:59:46Z
CGMU,27.355,2025-12-24T17:57:06Z
CGNG,32.225,2025-12-24T17:59:27Z
CGNT,9.555,2025-12-24T17:59:27Z
CGNX,36.705,2025-12-24T17:59:14Z
CGO,11.58,2025-12-24T17:51:13Z
CGON,40.14,2025-12-24T17:59:29Z
CGRO,27.81,2025-12-24T17:34:59Z
CGSD,25.975,2025-12-24T16:50:18Z
CGSM,26.33,2025-12-24T17:50:00Z
CGTX,1.465,2025-12-24T17:59:46Z
CGUI,25.285,2025-12-24T17:55:23Z
CGUS,40.69,2025-12-24T17:59:30Z
CGV,14.94,2025-12-24T17:44:55Z
CGW,63.6,2025-12-24T16:59:50Z
CGXU,30.775,2025-12-24T17:59:46Z
CHA,12.19,2025-12-24T17:59:13Z
CHAC,11,2025-12-24T17:57:17Z
CHAI,2.01,2025-12-24T14:31:11Z
CHAT,61.04,2025-12-24T16:38:04Z
CHAU,20.97,2025-12-24T17:53:45Z
CHCI,10.5,2025-12-24T17:54:00Z
CHCO,124.2,2025-12-24T15:19:08Z
CHCT,15.79,2025-12-24T17:59:28Z
CHD,85.47,2025-12-24T17:59:20Z
CHDN,114.015,2025-12-24T17:59:50Z
CHE,434.795,2025-12-24T17:57:17Z
CHEF,63.52,2025-12-24T17:59:42Z
CHGG,0.9105,2025-12-24T17:57:33Z
CHGX,27.54,2025-12-24T17:41:14Z
CHH,95.07,2025-12-24T17:59:55Z
CHI,10.9,2025-12-24T17:06:57Z
CHIQ,21.71,2025-12-24T17:57:26Z
CHKP,188.54,2025-12-24T17:57:37Z
CHMI,2.76,2025-12-24T17:55:03Z
CHPT,7.16,2025-12-24T17:59:59Z
CHPY,56.48,2025-12-24T17:25:12Z
CHRD,90.9,2025-12-24T17:59:55Z
CHRS,1.345,2025-12-24T17:59:50Z
CHRW,165.1,2025-12-24T17:58:54Z
CHSCL,25.27,2025-12-24T15:04:25Z
CHSCM,24.7,2025-12-24T16:54:28Z
CHSCN,24.9,2025-12-24T16:54:28Z
CHSCO,25.76,2025-12-24T17:26:27Z
CHSN,2.28,2025-12-24T14:52:20Z
CHT,41.33,2025-12-24T17:59:29Z
CHTR,208.445,2025-12-24T17:59:58Z
CHW,7.45,2025-12-24T17:59:31Z
CHWY,31.945,2025-12-24T17:59:49Z
CHY,11.765,2025-12-24T17:42:03Z
CHYM,26.625,2025-12-24T17:59:46Z
CI,274.89,2025-12-24T17:59:48Z
CIA,5.19,2025-12-24T15:06:53Z
CIB,64.28,2025-12-24T17:58:16Z
CIBR,72.91,2025-12-24T17:59:26Z
CIEN,240.03,2025-12-24T17:59:43Z
CIFR,16.23,2025-12-24T17:59:59Z
CIFRW,4.27,2025-12-24T17:23:50Z
CIFU,26.61,2025-12-24T17:55:27Z
CIG,2.03,2025-12-24T17:56:27Z
CIGI,150.07,2025-12-24T17:59:32Z
CII,23.12,2025-12-24T17:59:44Z
CIK,2.825,2025-12-24T17:57:50Z
CIM,12.9,2025-12-24T17:59:57Z
CIM-B,22.9,2025-12-24T17:23:09Z
CIM-C,21.15,2025-12-24T17:50:32Z
CINF,166.19,2025-12-24T17:54:34Z
CING,3.97,2025-12-24T17:23:29Z
CINT,4.405,2025-12-24T17:59:59Z
CIO,6.965,2025-12-24T17:39:40Z
CION,9.505,2025-12-24T17:59:55Z
CISO,0.4599,2025-12-24T17:55:06Z
CISS,0.2179,2025-12-24T17:12:19Z
CIVB,23,2025-12-24T17:59:41Z
CIVI,27.15,2025-12-24T17:59:48Z
CL,80.245,2025-12-24T17:59:56Z
CLAR,3.365,2025-12-24T17:50:02Z
CLB,16.53,2025-12-24T17:59:56Z
CLBK,16.16,2025-12-24T17:59:39Z
CLBT,18.745,2025-12-24T17:59:26Z
CLCG,27.39,2025-12-24T16:03:35Z
CLDI,1.27,2025-12-24T14:36:02Z
CLDT,6.875,2025-12-24T17:56:09Z
CLDX,26.835,2025-12-24T17:59:52Z
CLF,13.74,2025-12-24T17:59:55Z
CLFD,29.54,2025-12-24T17:26:23Z
CLGN,1.47,2025-12-24T17:52:46Z
CLH,240.565,2025-12-24T17:48:34Z
CLIP,100.35,2025-12-24T16:49:06Z
CLLS,4.85,2025-12-24T17:59:55Z
CLM,8.325,2025-12-24T17:59:56Z
CLMB,104.2,2025-12-24T17:21:08Z
CLMT,19.75,2025-12-24T17:59:44Z
CLNE,2.22,2025-12-24T17:59:48Z
CLNN,6.3,2025-12-24T17:26:49Z
CLOA,51.68,2025-12-24T17:59:47Z
CLOB,51,2025-12-24T15:04:13Z
CLOC,25.23,2025-12-24T16:45:16Z
CLOI,53.02,2025-12-24T14:37:17Z
CLOU,22.89,2025-12-24T17:59:45Z
CLOV,2.54,2025-12-24T17:59:46Z
CLOX,25.585,2025-12-24T17:59:46Z
CLOZ,26.585,2025-12-24T17:58:21Z
CLPR,3.385,2025-12-24T17:52:25Z
CLPT,14.52,2025-12-24T17:59:40Z
CLS,308.97,2025-12-24T17:55:56Z
CLSE,27.72,2025-12-24T16:47:00Z
CLSK,11.41,2025-12-24T17:59:59Z
CLST,15.52,2025-12-24T17:18:04Z
CLSX,20.55,2025-12-24T17:55:00Z
CLVT,3.415,2025-12-24T17:59:47Z
CLW,18.04,2025-12-24T17:57:52Z
CLX,98.13,2025-12-24T17:59:47Z
CLYM,4.85,2025-12-24T17:59:21Z
CM,92.57,2025-12-24T17:59:58Z
CMA,88.605,2025-12-24T17:59:31Z
CMA-B,25.82,2025-12-24T17:59:59Z
CMBM,1.445,2025-12-24T17:59:51Z
CMBT,9.59,2025-12-24T17:59:49Z
CMC,70.78,2025-12-24T17:59:37Z
CMCL,27.095,2025-12-24T17:52:21Z
CMCO,17.74,2025-12-24T17:59:47Z
CMCSA,29.78,2025-12-24T17:59:58Z
CMCT,4.17,2025-12-24T17:58:37Z
CMDT,27.92,2025-12-24T17:57:52Z
CMDY,49.43,2025-12-24T17:59:55Z
CME,276.27,2025-12-24T17:59:47Z
CMF,57.41,2025-12-24T17:59:57Z
CMG,37.885,2025-12-24T17:59:59Z
CMI,517.79,2025-12-24T17:59:59Z
CMMB,1.88,2025-12-24T17:58:21Z
CMND,2.245,2025-12-24T17:45:11Z
CMP,20.17,2025-12-24T17:59:55Z
CMPO,19.52,2025-12-24T17:59:49Z
CMPR,70.055,2025-12-24T17:51:32Z
CMPS,6.84,2025-12-24T17:59:49Z
CMPX,5.14,2025-12-24T17:59:53Z
CMRC,4.295,2025-12-24T17:59:57Z
CMRE,15.61,2025-12-24T17:58:03Z
CMS,70.11,2025-12-24T17:59:56Z
CMS-C,17.595,2025-12-24T15:40:17Z
CMSC,23.07,2025-12-24T15:35:22Z
CMSD,23.14,2025-12-24T17:59:24Z
CMT,20.4,2025-12-24T14:46:02Z
CMTG,3.07,2025-12-24T17:59:32Z
CMTL,4.43,2025-12-24T17:59:13Z
CMU,3.475,2025-12-24T17:36:43Z
CNA,47.91,2025-12-24T17:59:40Z
CNBS,28.84,2025-12-24T17:55:19Z
CNC,39.875,2025-12-24T17:59:56Z
CNCK,3.08,2025-12-24T17:56:20Z
CNDT,1.97,2025-12-24T17:59:53Z
CNH,9.395,2025-12-24T17:59:59Z
CNI,98.69,2025-12-24T17:59:40Z
CNK,22.71,2025-12-24T17:59:54Z
CNL,15.17,2025-12-24T17:39:34Z
CNM,54.24,2025-12-24T17:59:45Z
CNMD,40.16,2025-12-24T17:59:30Z
CNNE,15.89,2025-12-24T17:59:36Z
CNO,43.61,2025-12-24T17:59:51Z
CNOB,26.92,2025-12-24T17:59:38Z
CNP,38.2,2025-12-24T17:59:49Z
CNQ,32.98,2025-12-24T17:59:58Z
CNR,89.15,2025-12-24T17:59:46Z
CNS,63.06,2025-12-24T17:49:40Z
CNTA,25.595,2025-12-24T17:59:35Z
CNTB,2.795,2025-12-24T17:54:59Z
CNTX,1.155,2025-12-24T17:58:38Z
CNTY,1.385,2025-12-24T17:00:18Z
CNVS,2.17,2025-12-24T17:59:55Z
CNX,37,2025-12-24T17:59:49Z
CNXC,41.65,2025-12-24T17:59:41Z
CNXN,59.53,2025-12-24T17:57:16Z
COAL,23.73,2025-12-24T17:58:53Z
COCH,0.7397,2025-12-24T17:44:57Z
COCO,53.39,2025-12-24T17:59:56Z
COCP,0.95,2025-12-24T16:07:22Z
CODA,9.475,2025-12-24T17:46:37Z
CODI,4.95,2025-12-24T17:59:56Z
CODI-C,18.17,2025-12-24T16:28:34Z
CODX,0.2425,2025-12-24T17:59:11Z
COEP,14.875,2025-12-24T17:47:33Z
COF,248.28,2025-12-24T17:59:59Z
COF-I,18.95,2025-12-24T17:05:55Z
COF-J,18.12,2025-12-24T17:59:00Z
COF-K,17.48,2025-12-24T17:22:03Z
COFS,30.44,2025-12-24T17:54:47Z
COGT,39.755,2025-12-24T17:59:52Z
COHN,17.11,2025-12-24T16:12:58Z
COHR,191.395,2025-12-24T17:59:46Z
COHU,23.56,2025-12-24T17:59:21Z
COIN,239.73,2025-12-24T17:59:59Z
COKE,162.135,2025-12-24T17:59:20Z
COLB,28.6,2025-12-24T17:59:50Z
COLD,12.57,2025-12-24T17:59:52Z
COLL,49.565,2025-12-24T17:59:58Z
COLM,55.71,2025-12-24T17:56:53Z
COLO,38.395,2025-12-24T17:15:33Z
COMM,18.095,2025-12-24T17:59:35Z
COMP,10.67,2025-12-24T17:59:55Z
COMT,25.105,2025-12-24T17:59:46Z
CON,19.83,2025-12-24T17:59:57Z
CONI,62.02,2025-12-24T14:40:10Z
CONL,16.56,2025-12-24T17:59:59Z
CONY,41.785,2025-12-24T17:58:17Z
COO,82.56,2025-12-24T17:59:57Z
COOK,1.07,2025-12-24T17:59:39Z
COOT,0.611,2025-12-24T17:02:09Z
COP,91.79,2025-12-24T17:59:49Z
COPJ,38.99,2025-12-24T17:59:34Z
COPP,34.945,2025-12-24T17:59:25Z
COPX,73.69,2025-12-24T17:59:45Z
COR,340.05,2025-12-24T17:59:50Z
CORD,33.09,2025-12-24T17:56:24Z
CORP,98.53,2025-12-24T17:56:26Z
CORT,83.66,2025-12-24T17:58:44Z
CORZ,15.56,2025-12-24T17:59:50Z
CORZW,9.38,2025-12-24T17:59:07Z
COSM,0.5133,2025-12-24T17:59:04Z
COSO,24.45,2025-12-24T17:49:37Z
COST,871.75,2025-12-24T17:59:55Z
COTY,3.07,2025-12-24T17:59:55Z
COUR,7.48,2025-12-24T17:59:52Z
COWG,35.94,2025-12-24T17:59:46Z
COWZ,61.33,2025-12-24T17:59:37Z
COYA,5.52,2025-12-24T17:46:05Z
COYY,8.82,2025-12-24T17:59:59Z
COZX,11.05,2025-12-24T17:36:41Z
CP,74.54,2025-12-24T17:59:27Z
CPA,121.65,2025-12-24T17:32:42Z
CPAC,10.375,2025-12-24T14:41:21Z
CPAY,311.58,2025-12-24T17:59:59Z
CPB,28.04,2025-12-24T17:59:59Z
CPER,34.195,2025-12-24T17:59:49Z
CPF,32.36,2025-12-24T17:58:05Z
CPIX,4.22,2025-12-24T17:59:21Z
CPK,126.34,2025-12-24T17:57:30Z
CPLS,35.785,2025-12-24T17:28:54Z
CPNG,22.8,2025-12-24T17:59:59Z
CPRI,24.81,2025-12-24T17:59:49Z
CPRT,39.09,2025-12-24T17:59:59Z
CPRX,24.43,2025-12-24T17:59:52Z
CPSH,3.2,2025-12-24T16:40:19Z
CPSL,27.25,2025-12-24T17:59:23Z
CPSS,9.185,2025-12-24T17:55:06Z
CPT,108.49,2025-12-24T17:59:55Z
CPXR,25.585,2025-12-24T16:31:41Z
CPZ,14.78,2025-12-24T17:44:26Z
CQP,54.255,2025-12-24T17:54:55Z
CQQQ,51.89,2025-12-24T17:59:55Z
CR,188.58,2025-12-24T17:56:26Z
CRAC,9.92,2025-12-24T14:39:45Z
CRAK,37.47,2025-12-24T17:00:56Z
CRBD,23.15,2025-12-24T16:40:13Z
CRBG,30.645,2025-12-24T17:59:56Z
CRBP,8.42,2025-12-24T17:59:36Z
CRBU,1.725,2025-12-24T17:59:01Z
CRC,44.03,2025-12-24T17:59:49Z
CRCA,4.345,2025-12-24T17:55:03Z
CRCD,32.27,2025-12-24T17:01:41Z
CRCG,2.81,2025-12-24T17:59:54Z
CRCL,82.54,2025-12-24T17:59:50Z
CRCT,4.945,2025-12-24T17:59:48Z
CRD.A,11.94,2025-12-24T17:54:01Z
CRDF,3.185,2025-12-24T17:59:51Z
CRDL,0.9908,2025-12-24T15:51:15Z
CRDO,150,2025-12-24T17:59:58Z
CRDU,16.42,2025-12-24T17:59:59Z
CRE,0.3101,2025-12-24T16:06:05Z
CREG,1.15,2025-12-24T17:59:48Z
CRESY,11.695,2025-12-24T17:59:22Z
CREV,1.91,2025-12-24T16:46:10Z
CRF,7.99,2025-12-24T17:58:54Z
CRGO,2.285,2025-12-24T17:43:28Z
CRGY,8.31,2025-12-24T17:59:50Z
CRH,127.52,2025-12-24T17:59:53Z
CRI,31.72,2025-12-24T17:59:44Z
CRIS,1.03,2025-12-24T17:11:02Z
CRK,23.135,2025-12-24T17:59:44Z
CRL,203.32,2025-12-24T17:59:45Z
CRM,265.3,2025-12-24T17:59:48Z
CRMD,12.175,2025-12-24T17:59:56Z
CRMG,13.78,2025-12-24T17:51:59Z
CRML,8.25,2025-12-24T17:59:56Z
CRMLW,3.82,2025-12-24T14:40:03Z
CRMT,26.35,2025-12-24T17:59:02Z
CRNC,11.35,2025-12-24T17:59:44Z
CRNT,2.11,2025-12-24T17:59:59Z
CRNX,48.775,2025-12-24T17:59:01Z
CRON,2.745,2025-12-24T17:59:51Z
CROX,90.625,2025-12-24T17:59:57Z
CRPT,15.98,2025-12-24T17:57:07Z
CRS,334.04,2025-12-24T17:56:48Z
CRSP,56.71,2025-12-24T17:59:55Z
CRSR,6.19,2025-12-24T17:59:50Z
CRTO,20.07,2025-12-24T17:59:30Z
CRUS,121.57,2025-12-24T17:55:11Z
CRVL,68.87,2025-12-24T17:56:30Z
CRVO,8.355,2025-12-24T15:35:56Z
CRVS,7.485,2025-12-24T17:59:55Z
CRWD,477.09,2025-12-24T17:59:56Z
CRWG,3.54,2025-12-24T17:59:50Z
CRWL,31.69,2025-12-24T15:32:58Z
CRWS,2.635,2025-12-24T17:59:36Z
CRWU,6.145,2025-12-24T17:56:28Z
CRWV,78.87,2025-12-24T17:59:58Z
CSAI,1.025,2025-12-24T17:59:10Z
CSAN,3.91,2025-12-24T17:59:59Z
CSCL,30.84,2025-12-24T14:40:24Z
CSCO,78.04,2025-12-24T17:59:59Z
CSGP,66.93,2025-12-24T17:59:21Z
CSGS,76.95,2025-12-24T17:59:35Z
CSHI,49.685,2025-12-24T17:02:46Z
CSIQ,24.4,2025-12-24T17:59:43Z
CSL,331.81,2025-12-24T17:59:56Z
CSQ,19.6,2025-12-24T17:23:41Z
CSR,66.87,2025-12-24T15:50:02Z
CSRE,25.54,2025-12-24T17:59:43Z
CSTE,1.74,2025-12-24T17:59:34Z
CSTL,40.055,2025-12-24T17:58:22Z
CSTM,18.895,2025-12-24T17:59:47Z
CSV,42.345,2025-12-24T17:17:19Z
CSW,307.38,2025-12-24T17:59:42Z
CSWC,21.71,2025-12-24T17:59:58Z
CSX,36.78,2025-12-24T17:59:59Z
CTA,27.23,2025-12-24T17:27:17Z
CTAS,191.145,2025-12-24T17:59:55Z
CTBB,17.92,2025-12-24T17:34:49Z
CTBI,58.43,2025-12-24T14:39:31Z
CTEV,42.48,2025-12-24T17:59:31Z
CTGO,29.35,2025-12-24T17:59:52Z
CTKB,5.075,2025-12-24T17:59:55Z
CTLP,10.64,2025-12-24T17:59:58Z
CTM,1.055,2025-12-24T17:59:00Z
CTMX,4.4,2025-12-24T17:59:57Z
CTNM,12.675,2025-12-24T17:59:10Z
CTO,17.99,2025-12-24T17:59:24Z
CTOR,1.145,2025-12-24T17:52:55Z
CTOS,5.995,2025-12-24T17:59:52Z
CTRA,25.7,2025-12-24T17:59:56Z
CTRE,36.955,2025-12-24T17:59:47Z
CTRI,26.12,2025-12-24T17:59:23Z
CTRN,40.965,2025-12-24T17:35:12Z
CTS,44.45,2025-12-24T17:17:11Z
CTSH,85.39,2025-12-24T17:59:53Z
CTSO,0.6894,2025-12-24T17:50:01Z
CTVA,67.27,2025-12-24T17:59:41Z
CTXR,0.8015,2025-12-24T17:59:57Z
CUBE,35.86,2025-12-24T17:59:46Z
CUBI,76.39,2025-12-24T17:53:26Z
CUE,0.2404,2025-12-24T17:59:23Z
CUK,31.08,2025-12-24T17:59:49Z
CUPR,0.4759,2025-12-24T15:29:36Z
CURB,23.23,2025-12-24T17:59:55Z
CURE,113.675,2025-12-24T16:53:35Z
CURI,3.915,2025-12-24T17:59:49Z
CURR,2.01,2025-12-24T15:46:28Z
CURV,1.045,2025-12-24T17:59:56Z
CUZ,25.665,2025-12-24T17:59:52Z
CV,14.085,2025-12-24T17:46:54Z
CVAC,4.31,2025-12-24T17:59:56Z
CVBF,19.54,2025-12-24T17:59:58Z
CVCO,607.41,2025-12-24T17:46:09Z
CVE,16.73,2025-12-24T17:59:50Z
CVE+,11.86,2025-12-24T17:44:08Z
CVGI,1.49,2025-12-24T16:36:30Z
CVGW,21.72,2025-12-24T17:54:53Z
CVI,26.37,2025-12-24T17:59:47Z
CVKD,7.23,2025-12-24T14:32:38Z
CVLG,22.6,2025-12-24T17:59:17Z
CVLT,127.2,2025-12-24T17:59:44Z
CVM,4.635,2025-12-24T17:50:00Z
CVNA,441.74,2025-12-24T17:59:59Z
CVNX,28.72,2025-12-24T17:12:29Z
CVNY,38.87,2025-12-24T17:53:27Z
CVRX,7.67,2025-12-24T17:59:39Z
CVS,79.11,2025-12-24T17:59:49Z
CVSB,50.675,2025-12-24T17:58:57Z
CVU,3.61,2025-12-24T17:56:45Z
CVV,3,2025-12-24T15:10:01Z
CVX,150.575,2025-12-24T17:59:42Z
CVY,26.98,2025-12-24T15:31:12Z
CW,568.725,2025-12-24T17:58:33Z
CWAN,24.18,2025-12-24T17:59:56Z
CWB,90.69,2025-12-24T17:59:50Z
CWBC,22.8,2025-12-24T17:59:50Z
CWCO,35.81,2025-12-24T17:45:21Z
CWD,1.43,2025-12-24T16:41:41Z
CWEB,42.32,2025-12-24T17:59:04Z
CWEN,33.38,2025-12-24T17:59:54Z
CWEN.A,31.6,2025-12-24T17:59:43Z
CWH,10.21,2025-12-24T17:59:56Z
CWI,36.04,2025-12-24T17:59:59Z
CWK,16.53,2025-12-24T17:58:03Z
CWST,100.85,2025-12-24T17:59:43Z
CWT,43.26,2025-12-24T17:54:56Z
CWVX,27.105,2025-12-24T17:59:49Z
CX,11.85,2025-12-24T17:59:56Z
CXAI,0.353,2025-12-24T17:59:49Z
CXDO,6.56,2025-12-24T14:36:25Z
CXE,3.695,2025-12-24T16:28:53Z
CXM,7.72,2025-12-24T17:59:51Z
CXSE,40.98,2025-12-24T17:57:17Z
CXT,48.39,2025-12-24T17:59:53Z
CXW,19.1,2025-12-24T17:59:55Z
CYBN,8.185,2025-12-24T17:59:50Z
CYBR,452.095,2025-12-24T17:59:50Z
CYCU,2.88,2025-12-24T17:58:24Z
CYD,35.8,2025-12-24T17:15:14Z
CYH,3.22,2025-12-24T17:59:51Z
CYN,3.16,2025-12-24T17:59:51Z
CYPH,1.17,2025-12-24T17:59:54Z
CYRX,9.77,2025-12-24T17:55:35Z
CYTK,64.19,2025-12-24T17:59:40Z
CZNC,20.64,2025-12-24T17:52:00Z
CZR,24.49,2025-12-24T17:59:59Z
D,58.97,2025-12-24T17:59:59Z
DAIC,0.7501,2025-12-24T17:37:02Z
DAKT,18.545,2025-12-24T17:58:30Z
DAL,70.95,2025-12-24T17:59:46Z
DAN,23.64,2025-12-24T17:59:28Z
DAO,9.15,2025-12-24T17:58:56Z
DAPP,17.83,2025-12-24T17:59:50Z
DAR,35.485,2025-12-24T17:59:49Z
DARE,2.17,2025-12-24T17:58:22Z
DASH,232.19,2025-12-24T17:59:36Z
DAVA,6.535,2025-12-24T17:59:46Z
DAVE,228.51,2025-12-24T17:59:43Z
DAVEW,1.06,2025-12-24T17:37:43Z
DAWN,9.605,2025-12-24T17:59:58Z
DAY,69.13,2025-12-24T17:59:59Z
DB,39.51,2025-12-24T17:59:55Z
DBA,25.64,2025-12-24T17:59:46Z
DBB,22.4,2025-12-24T17:59:46Z
DBC,22.635,2025-12-24T17:59:50Z
DBD,68.76,2025-12-24T17:49:41Z
DBE,17.74,2025-12-24T15:37:10Z
DBEF,48.105,2025-12-24T17:59:52Z
DBGI,10.53,2025-12-24T17:58:52Z
DBI,7.63,2025-12-24T17:59:34Z
DBJP,94.45,2025-12-24T17:25:02Z
DBL,15.2,2025-12-24T16:53:18Z
DBMF,29.425,2025-12-24T17:57:30Z
DBO,12.37,2025-12-24T17:58:24Z
DBP,107.01,2025-12-24T14:37:01Z
DBRG,13.62,2025-12-24T17:59:53Z
DBRG-I,22,2025-12-24T14:44:45Z
DBRG-J,21.95,2025-12-24T17:59:09Z
DBSC,24.99,2025-12-24T14:30:01Z
DBVT,19.05,2025-12-24T17:59:44Z
DBX,28.095,2025-12-24T17:59:53Z
DC,6.095,2025-12-24T17:59:51Z
DCBO,22.035,2025-12-24T17:59:55Z
DCGO,0.9117,2025-12-24T17:59:49Z
DCI,91.27,2025-12-24T17:59:50Z
DCO,98.21,2025-12-24T15:47:34Z
DCOM,31.27,2025-12-24T17:59:54Z
DCOMP,17.96,2025-12-24T17:46:30Z
DCOR,74.64,2025-12-24T17:47:42Z
DCTH,10.325,2025-12-24T17:59:32Z
DCX,0.4265,2025-12-24T17:59:31Z
DD,41.02,2025-12-24T17:59:54Z
DDC,2.19,2025-12-24T17:55:53Z
DDD,1.785,2025-12-24T17:59:58Z
DDEC,45.3,2025-12-24T17:04:13Z
DDI,8.345,2025-12-24T17:52:21Z
DDL,2.71,2025-12-24T17:55:30Z
DDM,58.49,2025-12-24T17:59:28Z
DDOG,138.06,2025-12-24T17:59:46Z
DDS,630.63,2025-12-24T17:58:24Z
DDT,26.12,2025-12-24T15:46:52Z
DDTD,19.22,2025-12-24T15:01:24Z
DDWM,43.675,2025-12-24T17:59:47Z
DE,467.09,2025-12-24T17:59:53Z
DEA,21.325,2025-12-24T17:59:36Z
DEC,14.44,2025-12-24T17:59:47Z
DECK,101.01,2025-12-24T17:59:50Z
DEFT,0.9188,2025-12-24T17:58:32Z
DEHP,32.04,2025-12-24T17:46:58Z
DEI,11.185,2025-12-24T17:59:49Z
DELL,128.43,2025-12-24T17:59:55Z
DENN,6.205,2025-12-24T17:59:46Z
DEO,85.625,2025-12-24T17:59:13Z
DERM,8.08,2025-12-24T16:20:54Z
DES,34.13,2025-12-24T17:59:46Z
DEXC,60.05,2025-12-24T16:45:10Z
DFAC,40.145,2025-12-24T17:59:11Z
DFAE,32.455,2025-12-24T17:59:54Z
DFAI,38.325,2025-12-24T17:59:45Z
DFAR,22.975,2025-12-24T17:58:48Z
DFAS,71.26,2025-12-24T17:59:50Z
DFAT,60.52,2025-12-24T17:59:53Z
DFAU,47.445,2025-12-24T17:57:39Z
DFAX,32.81,2025-12-24T17:59:02Z
DFCA,50.045,2025-12-24T17:25:47Z
DFCF,42.625,2025-12-24T17:59:35Z
DFDV,5.525,2025-12-24T17:59:32Z
DFEM,32.99,2025-12-24T17:59:59Z
DFEN,69.32,2025-12-24T17:59:44Z
DFEV,33.56,2025-12-24T17:54:40Z
DFGP,54.165,2025-12-24T17:53:25Z
DFGR,26.45,2025-12-24T17:59:58Z
DFGX,52.695,2025-12-24T17:19:23Z
DFH,17.91,2025-12-24T17:59:52Z
DFIC,34.61,2025-12-24T17:59:55Z
DFIN,46.34,2025-12-24T17:59:20Z
DFIP,41.57,2025-12-24T14:38:16Z
DFIS,33.035,2025-12-24T17:59:45Z
DFIV,50.035,2025-12-24T17:59:56Z
DFJ,97.665,2025-12-24T16:21:39Z
DFLI,4.08,2025-12-24T17:59:57Z
DFLV,34.605,2025-12-24T17:58:11Z
DFNM,48.125,2025-12-24T17:54:30Z
DFP,20.83,2025-12-24T17:58:24Z
DFSB,51.89,2025-12-24T17:30:22Z
DFSC,1.775,2025-12-24T17:21:02Z
DFSD,47.925,2025-12-24T17:58:36Z
DFSU,44.06,2025-12-24T17:59:01Z
DFSV,33.405,2025-12-24T17:59:58Z
DFUS,75.165,2025-12-24T17:59:26Z
DFUV,47.125,2025-12-24T17:57:14Z
DFVE,32.19,2025-12-24T14:40:10Z
DG,135.41,2025-12-24T17:59:55Z
DGCB,54.285,2025-12-24T16:53:50Z
DGICA,20.25,2025-12-24T17:58:24Z
DGII,44.21,2025-12-24T17:57:16Z
DGNX,7.275,2025-12-24T17:59:40Z
DGP,173.37,2025-12-24T17:15:21Z
DGRO,70.185,2025-12-24T17:59:46Z
DGRS,50.72,2025-12-24T17:00:56Z
DGRW,90.58,2025-12-24T17:59:45Z
DGS,57.71,2025-12-24T16:57:04Z
DGX,175.96,2025-12-24T17:59:41Z
DGXX,2.71,2025-12-24T17:59:52Z
DGZ,5.27,2025-12-24T15:54:21Z
DH,2.61,2025-12-24T17:59:51Z
DHC,4.895,2025-12-24T17:59:45Z
DHCNI,16.525,2025-12-24T14:45:52Z
DHCNL,17.9,2025-12-24T17:54:21Z
DHF,2.465,2025-12-24T17:58:46Z
DHI,146.55,2025-12-24T17:59:59Z
DHLX,13.41,2025-12-24T17:15:17Z
DHR,231.34,2025-12-24T17:59:46Z
DHT,12.11,2025-12-24T17:59:58Z
DHX,1.6,2025-12-24T17:59:54Z
DHY,1.995,2025-12-24T17:59:45Z
DIA,486.945,2025-12-24T17:59:59Z
DIAL,18.49,2025-12-24T17:56:18Z
DIAX,15.22,2025-12-24T17:32:27Z
DIBS,5.925,2025-12-24T17:59:55Z
DIG,35.565,2025-12-24T17:59:45Z
DIHP,31.85,2025-12-24T17:59:47Z
DIN,32.705,2025-12-24T17:58:05Z
DINO,46.29,2025-12-24T17:59:51Z
DIOD,50.29,2025-12-24T17:56:49Z
DIS,114.465,2025-12-24T17:59:53Z
DISV,38,2025-12-24T17:59:59Z
DIV,17.44,2025-12-24T17:59:59Z
DIVB,53.695,2025-12-24T17:59:50Z
DIVI,39.03,2025-12-24T17:55:14Z
DIVN,26.84,2025-12-24T17:31:03Z
DIVO,46.16,2025-12-24T17:59:58Z
DIVZ,36.64,2025-12-24T15:57:07Z
DJAN,43.43,2025-12-24T17:15:18Z
DJCO,530.905,2025-12-24T15:00:33Z
DJD,57.38,2025-12-24T15:52:34Z
DJIA,22.595,2025-12-24T17:30:16Z
DJP,38.21,2025-12-24T16:08:38Z
DJT,14.33,2025-12-24T17:59:59Z
DJTU,4.67,2025-12-24T17:59:45Z
DJUN,47.36,2025-12-24T15:57:13Z
DK,29.68,2025-12-24T17:54:03Z
DKL,45.375,2025-12-24T17:38:13Z
DKNG,34.46,2025-12-24T17:59:59Z
DKNX,9.67,2025-12-24T14:33:49Z
DKS,210.175,2025-12-24T17:59:50Z
DLB,66.18,2025-12-24T17:59:47Z
DLLL,24.03,2025-12-24T16:49:48Z
DLN,89.175,2025-12-24T17:59:49Z
DLNG,3.845,2025-12-24T16:45:08Z
DLO,14.16,2025-12-24T17:59:56Z
DLR,155.08,2025-12-24T17:59:42Z
DLTR,121.98,2025-12-24T17:59:56Z
DLX,22.29,2025-12-24T17:35:14Z
DLY,14.5,2025-12-24T17:58:53Z
DMA,9.08,2025-12-24T16:13:01Z
DMAC,8.5,2025-12-24T17:58:47Z
DMAR,41.69,2025-12-24T17:54:47Z
DMAY,45.3,2025-12-24T16:32:20Z
DMB,10.79,2025-12-24T17:40:31Z
DMBS,49.67,2025-12-24T17:38:22Z
DMCY,31.43,2025-12-24T14:46:26Z
DMLP,22.19,2025-12-24T17:56:35Z
DMO,11.04,2025-12-24T17:58:55Z
DMRC,6.995,2025-12-24T17:59:45Z
DMX,50.53,2025-12-24T17:04:07Z
DNA,8.92,2025-12-24T17:57:45Z
DNLI,17,2025-12-24T17:59:29Z
DNN,2.77,2025-12-24T17:59:59Z
DNOW,13.785,2025-12-24T17:59:39Z
DNP,10.08,2025-12-24T17:54:45Z
DNTH,43.115,2025-12-24T17:59:24Z
DNUT,4.25,2025-12-24T17:59:54Z
DOC,16.025,2025-12-24T17:59:56Z
DOCN,49.06,2025-12-24T17:59:42Z
DOCS,43.81,2025-12-24T17:59:59Z
DOCU,69.64,2025-12-24T17:59:53Z
DOG,23.135,2025-12-24T17:59:26Z
DOGZ,10.25,2025-12-24T17:58:00Z
DOL,66.16,2025-12-24T14:33:41Z
DOLE,15.11,2025-12-24T17:59:49Z
DOMH,4.57,2025-12-24T17:59:32Z
DOMO,8.87,2025-12-24T17:59:15Z
DON,52.62,2025-12-24T17:58:13Z
DOO,72.575,2025-12-24T16:09:09Z
DORM,125.96,2025-12-24T17:30:41Z
DOUG,2.435,2025-12-24T17:59:51Z
DOV,199.64,2025-12-24T17:59:55Z
DOW,23.06,2025-12-24T17:59:56Z
DOX,81.39,2025-12-24T17:59:59Z
DOYU,7.015,2025-12-24T17:59:53Z
DPG,12.83,2025-12-24T17:09:23Z
DPRO,8.09,2025-12-24T17:59:24Z
DPST,110.47,2025-12-24T17:58:44Z
DPZ,425.38,2025-12-24T17:59:54Z
DQ,31.39,2025-12-24T17:59:54Z
DRCT,0.0566,2025-12-24T17:59:53Z
DRD,33.36,2025-12-24T17:59:21Z
DRH,9.235,2025-12-24T17:59:40Z
DRH-A,24.965,2025-12-24T16:49:46Z
DRI,189.93,2025-12-24T17:59:44Z
DRIP,9.05,2025-12-24T17:59:00Z
DRIV,30.305,2025-12-24T17:59:45Z
DRKY,21.99,2025-12-24T15:13:39Z
DRLL,28.37,2025-12-24T15:43:37Z
DRMA,2.39,2025-12-24T17:59:20Z
DRN,8.605,2025-12-24T17:58:05Z
DRNZ,22.38,2025-12-24T16:21:08Z
DRS,34.52,2025-12-24T17:59:53Z
DRSK,29.135,2025-12-24T17:59:45Z
DRUG,87.61,2025-12-24T16:59:53Z
DRV,26.24,2025-12-24T17:54:51Z
DRVN,14.905,2025-12-24T17:58:50Z
DSGN,9.76,2025-12-24T17:58:04Z
DSGR,28.735,2025-12-24T17:54:52Z
DSGX,89.08,2025-12-24T17:58:40Z
DSI,130.57,2025-12-24T17:58:02Z
DSL,11.23,2025-12-24T17:40:16Z
DSM,6.02,2025-12-24T17:58:30Z
DSMC,36.16,2025-12-24T17:27:05Z
DSP,11.915,2025-12-24T17:59:51Z
DSTL,59.915,2025-12-24T17:34:48Z
DSU,10.24,2025-12-24T17:42:33Z
DSX,1.705,2025-12-24T17:48:45Z
DSY,0.3098,2025-12-24T17:58:45Z
DT,43.765,2025-12-24T17:59:48Z
DTCR,21.09,2025-12-24T17:59:50Z
DTCX,3.1,2025-12-24T17:59:40Z
DTE,128.75,2025-12-24T17:59:49Z
DTF,11.33,2025-12-24T17:43:33Z
DTG,17.21,2025-12-24T17:27:30Z
DTH,51.93,2025-12-24T17:59:40Z
DTI,2.81,2025-12-24T17:31:27Z
DTIL,4.295,2025-12-24T17:54:36Z
DTK,24.77,2025-12-24T17:47:57Z
DTM,120.66,2025-12-24T17:59:22Z
DTST,5.05,2025-12-24T15:04:38Z
DUG,32.805,2025-12-24T16:33:19Z
DUHP,38.53,2025-12-24T17:58:08Z
DUK,117.41,2025-12-24T17:58:59Z
DUK-A,24.97,2025-12-24T16:45:36Z
DULL,1.52,2025-12-24T14:38:35Z
DUOL,180.6,2025-12-24T17:59:53Z
DUOT,9.755,2025-12-24T17:59:15Z
DUSA,51.99,2025-12-24T17:35:10Z
DUSB,50.625,2025-12-24T17:59:46Z
DUST,6.88,2025-12-24T17:59:56Z
DV,11.35,2025-12-24T17:59:55Z
DVA,114.41,2025-12-24T17:59:49Z
DVAX,15.39,2025-12-24T17:59:55Z
DVLT,0.8024,2025-12-24T17:59:56Z
DVN,36.19,2025-12-24T17:59:56Z
DVS,4.915,2025-12-24T17:59:45Z
DVY,142.57,2025-12-24T17:59:50Z
DVYE,31.065,2025-12-24T16:34:54Z
DWLD,47.65,2025-12-24T16:40:07Z
DWM,69.48,2025-12-24T17:55:49Z
DWSH,6.43,2025-12-24T15:56:28Z
DWTX,4.3,2025-12-24T17:46:23Z
DWX,43.94,2025-12-24T16:50:24Z
DX,13.96,2025-12-24T17:59:54Z
DXC,15.08,2025-12-24T17:59:56Z
DXCM,67.41,2025-12-24T17:59:49Z
DXD,19.92,2025-12-24T17:59:55Z
DXJ,143.41,2025-12-24T14:37:51Z
DXPE,115.04,2025-12-24T17:58:32Z
DXYZ,30.79,2025-12-24T17:59:45Z
DY,348.695,2025-12-24T17:58:31Z
DYN,20.355,2025-12-24T17:59:55Z
DYNF,61.665,2025-12-24T17:59:58Z
DZZ,3.735,2025-12-24T14:56:24Z
E,37.81,2025-12-24T17:50:06Z
EA,204.815,2025-12-24T17:59:59Z
EAD,6.79,2025-12-24T17:52:01Z
EAF,16.745,2025-12-24T17:56:48Z
EAGG,47.915,2025-12-24T17:59:45Z
EAGL,32.81,2025-12-24T17:25:05Z
EARN,5.295,2025-12-24T17:59:47Z
EASY,25.6,2025-12-24T17:45:11Z
EAT,151.055,2025-12-24T17:59:27Z
EB,4.445,2025-12-24T17:59:44Z
EBAY,84.58,2025-12-24T17:59:54Z
EBC,18.78,2025-12-24T17:59:58Z
EBF,18.13,2025-12-24T17:59:22Z
EBMT,19.73,2025-12-24T17:56:56Z
EBND,21.405,2025-12-24T17:59:46Z
EBS,12.63,2025-12-24T17:59:42Z
EC,9.605,2025-12-24T17:59:40Z
ECAT,15.64,2025-12-24T17:59:42Z
ECC,5.745,2025-12-24T17:56:40Z
ECC-D,19.71,2025-12-24T16:04:53Z
ECDA,0.1586,2025-12-24T17:58:23Z
ECF,11.88,2025-12-24T17:52:31Z
ECG,89.72,2025-12-24T17:59:55Z
ECH,40.03,2025-12-24T17:59:51Z
ECL,265.53,2025-12-24T17:59:46Z
ECO,32.705,2025-12-24T17:58:35Z
ECON,27.26,2025-12-24T15:30:00Z
ECOR,4.82,2025-12-24T16:33:53Z
ECOW,25.4,2025-12-24T15:01:51Z
ECPG,55.16,2025-12-24T17:46:24Z
ECVT,9.83,2025-12-24T17:59:45Z
ECX,1.685,2025-12-24T17:59:51Z
ED,99.51,2025-12-24T17:59:52Z
EDAP,3.01,2025-12-24T17:49:04Z
EDBL,0.8449,2025-12-24T17:59:58Z
EDD,5.53,2025-12-24T17:54:50Z
EDF,4.86,2025-12-24T16:21:50Z
EDGF,24.955,2025-12-24T17:59:24Z
EDGI,28.75,2025-12-24T17:29:42Z
EDGU,28.965,2025-12-24T17:59:26Z
EDHL,0.4732,2025-12-24T17:59:43Z
EDIT,2.215,2025-12-24T17:59:44Z
EDIV,39.3,2025-12-24T17:58:02Z
EDN,31.285,2025-12-24T17:52:12Z
EDSA,1.295,2025-12-24T17:59:25Z
EDU,55.87,2025-12-24T17:59:46Z
EDV,66.07,2025-12-24T17:59:56Z
EDZ,36.24,2025-12-24T17:53:22Z
EE,28.125,2025-12-24T17:56:52Z
EEA,10.985,2025-12-24T17:55:11Z
EEFT,77.26,2025-12-24T17:59:23Z
EELV,27.49,2025-12-24T16:33:56Z
EEM,54.4,2025-12-24T17:59:59Z
EEMS,67.04,2025-12-24T16:25:08Z
EEMV,64.275,2025-12-24T17:59:45Z
EETH,36.865,2025-12-24T17:24:46Z
EEX,4.64,2025-12-24T17:59:00Z
EFA,96.4,2025-12-24T17:59:56Z
EFAA,54.115,2025-12-24T17:38:01Z
EFAV,86.545,2025-12-24T17:59:56Z
EFAX,50.72,2025-12-24T17:27:42Z
EFC,13.86,2025-12-24T17:59:47Z
EFG,114.61,2025-12-24T17:59:58Z
EFIV,66.83,2025-12-24T17:18:15Z
EFNL,47.51,2025-12-24T17:59:40Z
EFR,11.065,2025-12-24T17:32:46Z
EFSC,55.5,2025-12-24T17:59:55Z
EFSI,40.065,2025-12-24T17:58:45Z
EFT,11.315,2025-12-24T17:26:43Z
EFV,71.58,2025-12-24T17:59:55Z
EFX,220.59,2025-12-24T17:59:52Z
EFXT,15.2,2025-12-24T17:58:56Z
EG,336.195,2025-12-24T17:59:43Z
EGAN,10.69,2025-12-24T17:58:51Z
EGBN,21.14,2025-12-24T17:53:37Z
EGG,4.51,2025-12-24T17:59:02Z
EGGQ,48.15,2025-12-24T17:05:38Z
EGGS,39.72,2025-12-24T17:27:39Z
EGGY,36.75,2025-12-24T16:34:43Z
EGHT,2,2025-12-24T17:59:22Z
EGO,36.87,2025-12-24T17:59:49Z
EGP,181.75,2025-12-24T17:39:45Z
EGY,3.47,2025-12-24T17:59:55Z
EH,13.43,2025-12-24T17:59:27Z
EHAB,9.475,2025-12-24T17:59:50Z
EHC,107.09,2025-12-24T17:59:44Z
EHI,6.345,2025-12-24T17:08:07Z
EHTH,4.145,2025-12-24T17:59:39Z
EIC,11.54,2025-12-24T15:53:23Z
EIDO,18.48,2025-12-24T17:59:57Z
EIG,42.87,2025-12-24T17:54:28Z
EIM,9.675,2025-12-24T17:58:56Z
EINC,97.31,2025-12-24T15:49:30Z
EIPI,19.78,2025-12-24T16:21:38Z
EIPX,26.43,2025-12-24T17:01:02Z
EIS,112.345,2025-12-24T17:59:40Z
EIX,60.1,2025-12-24T17:59:49Z
EJH,1.015,2025-12-24T17:59:27Z
EKSO,5.53,2025-12-24T17:46:40Z
EL,107.52,2025-12-24T17:59:51Z
ELAB,1.62,2025-12-24T17:05:55Z
ELAN,22.37,2025-12-24T17:59:58Z
ELBM,0.875,2025-12-24T17:57:41Z
ELC,20.58,2025-12-24T17:58:08Z
ELCV,26.98,2025-12-24T15:57:12Z
ELD,29.32,2025-12-24T16:34:45Z
ELDN,1.58,2025-12-24T17:59:48Z
ELE,16.75,2025-12-24T17:59:55Z
ELF,79.8,2025-12-24T17:57:45Z
ELFY,35.765,2025-12-24T17:58:17Z
ELIL,28.42,2025-12-24T17:59:46Z
ELMD,28.77,2025-12-24T17:46:54Z
ELME,17.45,2025-12-24T17:59:57Z
ELOG,1.62,2025-12-24T17:59:56Z
ELP,9.26,2025-12-24T17:59:59Z
ELPW,0.144,2025-12-24T17:55:36Z
ELS,61.78,2025-12-24T17:59:37Z
ELTX,8.2,2025-12-24T17:59:15Z
ELUT,0.5538,2025-12-24T17:39:17Z
ELV,343.64,2025-12-24T17:59:46Z
ELVA,7.925,2025-12-24T17:59:46Z
ELVN,16.74,2025-12-24T17:59:49Z
ELVR,54.375,2025-12-24T17:58:25Z
EM,1.22,2025-12-24T17:27:58Z
EMA,49.04,2025-12-24T17:59:53Z
EMB,96.55,2025-12-24T17:59:59Z
EMBC,12.055,2025-12-24T17:59:55Z
EMBD,24.14,2025-12-24T16:37:39Z
EMBJ,64.52,2025-12-24T17:59:56Z
EMCS,35.39,2025-12-24T17:59:45Z
EMD,10.78,2025-12-24T17:59:54Z
EME,625.61,2025-12-24T17:59:59Z
EMF,16.485,2025-12-24T16:38:21Z
EMHC,25.47,2025-12-24T16:25:36Z
EMHY,40.43,2025-12-24T17:59:59Z
EML,19.44,2025-12-24T15:20:30Z
EMLC,25.98,2025-12-24T17:59:57Z
EMLP,37.915,2025-12-24T17:50:07Z
EMN,62.84,2025-12-24T17:59:54Z
EMO,44.1,2025-12-24T14:36:43Z
EMPB,29.15,2025-12-24T16:48:20Z
EMPD,4.16,2025-12-24T17:58:17Z
EMQQ,41.54,2025-12-24T14:55:20Z
EMR,136.65,2025-12-24T17:59:07Z
EMXC,71.955,2025-12-24T17:59:18Z
EMXF,46.4,2025-12-24T17:00:40Z
ENB,47.44,2025-12-24T17:59:53Z
ENGN,9.44,2025-12-24T17:56:20Z
ENGS,0.8615,2025-12-24T17:59:52Z
ENIC,4.025,2025-12-24T17:54:23Z
ENLT,45.555,2025-12-24T17:09:06Z
ENLV,0.7835,2025-12-24T17:55:46Z
ENOR,29.1,2025-12-24T15:56:37Z
ENOV,26.85,2025-12-24T17:59:26Z
ENPH,32.845,2025-12-24T17:59:59Z
ENR,20.33,2025-12-24T17:59:51Z
ENS,149.74,2025-12-24T17:59:50Z
ENSG,176.89,2025-12-24T17:50:00Z
ENTA,16.68,2025-12-24T17:54:06Z
ENTG,85.45,2025-12-24T17:59:59Z
ENTX,1.75,2025-12-24T17:50:07Z
ENVB,4.81,2025-12-24T14:48:16Z
ENVX,8.265,2025-12-24T17:59:53Z
EOD,5.875,2025-12-24T17:42:56Z
EOG,103.885,2025-12-24T17:59:50Z
EOI,20.5,2025-12-24T17:58:08Z
EOLS,6.87,2025-12-24T17:59:52Z
EONR,0.396,2025-12-24T17:55:53Z
EOS,23.285,2025-12-24T17:54:53Z
EOSE,12.025,2025-12-24T17:59:58Z
EOT,16.665,2025-12-24T17:59:40Z
EP,3.07,2025-12-24T17:59:15Z
EPAC,40.1,2025-12-24T17:59:11Z
EPAM,209.22,2025-12-24T17:59:39Z
EPC,17.44,2025-12-24T17:59:46Z
EPD,32.1,2025-12-24T17:59:53Z
EPHE,24.93,2025-12-24T14:39:02Z
EPI,45.97,2025-12-24T17:59:58Z
EPM,3.65,2025-12-24T17:59:50Z
EPOL,35.19,2025-12-24T17:39:22Z
EPOW,1.08,2025-12-24T17:59:20Z
EPP,51.215,2025-12-24T17:59:43Z
EPR,49.98,2025-12-24T17:59:58Z
EPRT,29.63,2025-12-24T17:59:56Z
EPRX,7.305,2025-12-24T17:59:38Z
EPSN,4.84,2025-12-24T17:58:32Z
EPU,72.66,2025-12-24T17:43:52Z
EQ,1.615,2025-12-24T17:59:51Z
EQAL,53.23,2025-12-24T17:52:00Z
EQBK,45.78,2025-12-24T17:28:49Z
EQH,48.76,2025-12-24T17:59:45Z
EQH-A,20.2,2025-12-24T15:48:06Z
EQH-C,16.14,2025-12-24T16:05:30Z
EQIX,758.985,2025-12-24T17:59:41Z
EQL,46.735,2025-12-24T15:56:14Z
EQNR,23.145,2025-12-24T17:59:55Z
EQR,62.73,2025-12-24T17:59:57Z
EQS,1.69,2025-12-24T17:52:28Z
EQT,53.905,2025-12-24T17:59:59Z
EQTY,27.24,2025-12-24T17:15:26Z
EQWL,119.18,2025-12-24T15:41:38Z
EQX,14.61,2025-12-24T17:59:58Z
ERAS,3.44,2025-12-24T17:59:59Z
ERC,9.365,2025-12-24T16:00:37Z
ERH,11.77,2025-12-24T17:26:47Z
ERIC,9.665,2025-12-24T17:59:50Z
ERIE,284.08,2025-12-24T17:59:41Z
ERII,13.84,2025-12-24T17:59:21Z
ERO,27.44,2025-12-24T17:59:51Z
ERTH,47.71,2025-12-24T17:23:28Z
ERX,55.07,2025-12-24T17:59:31Z
ERY,20.16,2025-12-24T17:56:30Z
ES,67.13,2025-12-24T17:59:52Z
ESAB,114.42,2025-12-24T17:59:33Z
ESCA,13.165,2025-12-24T17:42:33Z
ESE,203.17,2025-12-24T14:38:36Z
ESGD,95.48,2025-12-24T17:59:59Z
ESGE,43.94,2025-12-24T17:59:46Z
ESGL,3.96,2025-12-24T14:37:31Z
ESGU,150.89,2025-12-24T17:59:55Z
ESGV,122.54,2025-12-24T17:59:45Z
ESI,25.71,2025-12-24T17:59:39Z
ESIM,25.48,2025-12-24T14:48:38Z
ESLT,582.36,2025-12-24T17:56:51Z
ESML,47.05,2025-12-24T17:41:07Z
ESN,17.285,2025-12-24T17:59:46Z
ESNT,65.88,2025-12-24T17:57:50Z
ESOA,8.135,2025-12-24T17:59:15Z
ESPR,3.96,2025-12-24T17:59:59Z
ESQ,106.02,2025-12-24T17:06:20Z
ESRT,6.52,2025-12-24T17:59:24Z
ESS,261.49,2025-12-24T17:58:18Z
ESTA,75.86,2025-12-24T17:59:12Z
ESTC,76.77,2025-12-24T17:59:50Z
ET,16.38,2025-12-24T17:59:45Z
ET-I,11.57,2025-12-24T17:13:48Z
ETB,15.33,2025-12-24T17:56:32Z
ETCO,19.29,2025-12-24T14:46:00Z
ETD,23.16,2025-12-24T17:52:04Z
ETG,22.84,2025-12-24T17:06:39Z
ETH,27.71,2025-12-24T17:59:55Z
ETHA,22.18,2025-12-24T17:59:55Z
ETHD,50.69,2025-12-24T17:56:08Z
ETHE,24.085,2025-12-24T17:59:55Z
ETHT,36.74,2025-12-24T17:59:30Z
ETHU,53.66,2025-12-24T17:59:51Z
ETHV,42.95,2025-12-24T17:59:55Z
ETHW,21.01,2025-12-24T17:57:24Z
ETHZ,5.16,2025-12-24T17:56:05Z
ETJ,8.8,2025-12-24T17:47:34Z
ETN,323.475,2025-12-24T17:59:53Z
ETON,17.04,2025-12-24T17:59:21Z
ETOR,35.95,2025-12-24T17:59:44Z
ETR,92.725,2025-12-24T17:59:03Z
ETS,0.58,2025-12-24T17:40:08Z
ETSY,55.91,2025-12-24T17:59:48Z
ETU,13.87,2025-12-24T15:23:42Z
ETV,14.55,2025-12-24T16:54:47Z
ETW,9.26,2025-12-24T17:58:14Z
ETY,15.28,2025-12-24T17:57:28Z
EU,2.51,2025-12-24T17:59:53Z
EUAD,42.38,2025-12-24T17:50:14Z
EUDA,2.76,2025-12-24T17:58:30Z
EUDAW,0.1049,2025-12-24T17:22:08Z
EUFN,37.29,2025-12-24T17:59:51Z
EUO,28.16,2025-12-24T15:15:00Z
EURL,42.17,2025-12-24T16:10:22Z
EUSA,104.74,2025-12-24T17:59:40Z
EUSB,43.905,2025-12-24T17:16:53Z
EVAX,4.98,2025-12-24T17:38:48Z
EVC,3.08,2025-12-24T17:58:41Z
EVCM,11.97,2025-12-24T17:58:51Z
EVER,26.78,2025-12-24T17:59:05Z
EVEX,4.38,2025-12-24T17:59:54Z
EVF,5.3,2025-12-24T17:38:21Z
EVG,10.9,2025-12-24T16:31:00Z
EVGO,3.195,2025-12-24T17:59:51Z
EVH,4.14,2025-12-24T17:59:44Z
EVHY,53.04,2025-12-24T16:05:21Z
EVI,25.5,2025-12-24T16:12:36Z
EVIM,53.06,2025-12-24T17:25:50Z
EVLN,49.445,2025-12-24T17:11:52Z
EVLV,6.65,2025-12-24T17:59:55Z
EVMN,17.595,2025-12-24T17:34:08Z
EVN,10.73,2025-12-24T17:59:54Z
EVNT,11.65,2025-12-24T15:14:52Z
EVO,3.125,2025-12-24T17:50:09Z
EVR,351.22,2025-12-24T17:59:38Z
EVRG,73.025,2025-12-24T17:59:27Z
EVSD,51.385,2025-12-24T17:59:57Z
EVSM,50.32,2025-12-24T17:47:36Z
EVT,24.96,2025-12-24T16:08:40Z
EVTC,29.4,2025-12-24T17:59:47Z
EVTL,5.485,2025-12-24T17:58:30Z
EVTR,51.525,2025-12-24T17:59:49Z
EVTV,0.423,2025-12-24T14:45:34Z
EVV,9.925,2025-12-24T17:54:34Z
EVX,38.87,2025-12-24T15:15:00Z
EVYM,49.78,2025-12-24T15:42:26Z
EW,86.34,2025-12-24T17:59:58Z
EWA,26.59,2025-12-24T17:59:56Z
EWBC,115.39,2025-12-24T17:59:40Z
EWC,54.565,2025-12-24T17:59:45Z
EWCZ,3.69,2025-12-24T17:59:00Z
EWD,49.38,2025-12-24T17:59:53Z
EWG,42.575,2025-12-24T17:59:59Z
EWH,21.805,2025-12-24T17:59:45Z
EWI,54.575,2025-12-24T17:37:49Z
EWJ,81.025,2025-12-24T17:59:51Z
EWJV,39.745,2025-12-24T17:46:20Z
EWL,60.52,2025-12-24T17:59:59Z
EWM,27.655,2025-12-24T17:57:26Z
EWP,53.895,2025-12-24T17:59:40Z
EWQ,44.985,2025-12-24T17:49:05Z
EWS,27.54,2025-12-24T17:59:58Z
EWT,62.535,2025-12-24T17:59:56Z
EWTX,27.31,2025-12-24T17:59:55Z
EWU,44.065,2025-12-24T17:59:46Z
EWW,70.97,2025-12-24T17:59:37Z
EWX,65.47,2025-12-24T15:18:30Z
EWY,94.61,2025-12-24T17:59:58Z
EWZ,31.56,2025-12-24T17:59:55Z
EWZS,12.835,2025-12-24T17:59:45Z
EXAS,101.55,2025-12-24T17:59:47Z
EXC,43.53,2025-12-24T17:59:59Z
EXE,109.185,2025-12-24T17:59:47Z
EXEL,46.51,2025-12-24T17:59:52Z
EXFY,1.53,2025-12-24T17:59:55Z
EXG,9.43,2025-12-24T17:59:50Z
EXI,176.97,2025-12-24T16:34:24Z
EXK,9.79,2025-12-24T17:59:57Z
EXLS,43.25,2025-12-24T17:59:55Z
EXOD,15.09,2025-12-24T17:50:19Z
EXOZ,13.29,2025-12-24T15:31:03Z
EXP,214.28,2025-12-24T17:58:58Z
EXPD,151.68,2025-12-24T17:59:27Z
EXPE,286.55,2025-12-24T17:59:57Z
EXPI,9.53,2025-12-24T17:59:51Z
EXPO,71.8,2025-12-24T17:59:41Z
EXR,130.24,2025-12-24T17:59:49Z
EXTR,16.785,2025-12-24T17:59:54Z
EYE,28.29,2025-12-24T17:59:51Z
EYLD,38.42,2025-12-24T17:30:52Z
EYPT,18.26,2025-12-24T17:59:30Z
EZA,69.69,2025-12-24T16:54:38Z
EZBC,50.5,2025-12-24T17:59:51Z
EZET,22.27,2025-12-24T17:59:45Z
EZGO,1.97,2025-12-24T14:49:52Z
EZM,68.16,2025-12-24T16:49:21Z
EZPW,20.24,2025-12-24T17:59:37Z
EZPZ,22.75,2025-12-24T17:38:51Z
EZRO,24.84,2025-12-24T17:59:46Z
EZU,64.18,2025-12-24T17:59:59Z
F,13.34,2025-12-24T17:59:57Z
F-B,21.08,2025-12-24T15:44:53Z
F-D,22.4,2025-12-24T16:16:11Z
FA,15.34,2025-12-24T17:59:57Z
FAAR,27.23,2025-12-24T17:13:13Z
FAB,89.64,2025-12-24T14:30:08Z
FAF,61.36,2025-12-24T17:59:00Z
FAI,41.46,2025-12-24T17:42:34Z
FALN,27.315,2025-12-24T17:50:00Z
FAN,20.53,2025-12-24T17:14:33Z
FANG,146.94,2025-12-24T17:59:52Z
FAPR,44.39,2025-12-24T17:51:44Z
FARM,1.46,2025-12-24T17:14:00Z
FAS,177.62,2025-12-24T17:59:48Z
FAST,41.83,2025-12-24T17:59:58Z
FATBB,1.26,2025-12-24T14:31:05Z
FATBP,0.835,2025-12-24T17:39:08Z
FATE,1.015,2025-12-24T17:59:02Z
FATN,2.45,2025-12-24T17:11:42Z
FAUG,53.21,2025-12-24T17:59:51Z
FAX,15.37,2025-12-24T17:50:24Z
FAZ,36.405,2025-12-24T17:59:45Z
FBCG,55.56,2025-12-24T17:59:56Z
FBCV,35.89,2025-12-24T16:08:50Z
FBGL,1.03,2025-12-24T17:12:56Z
FBIN,51.33,2025-12-24T17:59:35Z
FBIO,3.66,2025-12-24T17:58:35Z
FBIZ,55.645,2025-12-24T17:07:01Z
FBK,56.89,2025-12-24T17:55:31Z
FBL,34.04,2025-12-24T17:59:50Z
FBLA,13.085,2025-12-24T17:59:46Z
FBLG,0.2326,2025-12-24T17:59:25Z
FBNC,52.08,2025-12-24T17:16:58Z
FBND,46.39,2025-12-24T17:59:46Z
FBOT,33.63,2025-12-24T17:59:13Z
FBP,21.295,2025-12-24T17:59:50Z
FBRT,10.505,2025-12-24T17:59:38Z
FBRX,27.22,2025-12-24T17:55:09Z
FBTC,76.03,2025-12-24T17:59:58Z
FBUF,31.04,2025-12-24T14:57:43Z
FBY,12.775,2025-12-24T17:55:15Z
FBYD,18.02,2025-12-24T17:51:47Z
FC,16.9,2025-12-24T17:55:03Z
FCBC,33.89,2025-12-24T16:41:18Z
FCCO,29.93,2025-12-24T17:22:39Z
FCEF,22.87,2025-12-24T16:56:15Z
FCEL,8.785,2025-12-24T17:59:11Z
FCF,17.205,2025-12-24T17:59:49Z
FCFS,162.47,2025-12-24T17:59:18Z
FCG,23.27,2025-12-24T17:59:45Z
FCHL,0.2898,2025-12-24T17:46:32Z
FCN,175.85,2025-12-24T17:57:20Z
FCNCA,2182.11,2025-12-24T17:59:34Z
FCO,2.865,2025-12-24T17:59:51Z
FCOM,73.57,2025-12-24T17:59:50Z
FCOR,48.17,2025-12-24T17:06:41Z
FCPI,50.87,2025-12-24T17:27:54Z
FCPT,23.415,2025-12-24T17:59:43Z
FCSH,24.52,2025-12-24T14:32:13Z
FCT,10.07,2025-12-24T16:59:40Z
FCUV,1.42,2025-12-24T17:58:28Z
FCX,51.95,2025-12-24T17:59:55Z
FDAT,21.96,2025-12-24T16:03:13Z
FDCF,48.235,2025-12-24T17:59:30Z
FDD,17.475,2025-12-24T17:59:45Z
FDEC,51.43,2025-12-24T17:52:16Z
FDEV,34.945,2025-12-24T17:59:58Z
FDHY,49.525,2025-12-24T17:58:01Z
FDIF,36.11,2025-12-24T17:59:24Z
FDIS,104.78,2025-12-24T17:15:49Z
FDIV,27.23,2025-12-24T14:44:44Z
FDL,44.42,2025-12-24T17:59:46Z
FDLO,67.41,2025-12-24T17:28:43Z
FDLS,36.43,2025-12-24T17:59:41Z
FDM,80.59,2025-12-24T14:35:54Z
FDMO,85.45,2025-12-24T15:30:11Z
FDMT,8.09,2025-12-24T17:59:55Z
FDN,272.05,2025-12-24T17:59:59Z
FDP,36.05,2025-12-24T17:55:22Z
FDRR,61.61,2025-12-24T17:58:23Z
FDRV,16.655,2025-12-24T17:59:49Z
FDS,289.93,2025-12-24T17:59:46Z
FDSB,14.7,2025-12-24T17:49:18Z
FDT,80.07,2025-12-24T17:59:30Z
FDUS,19.035,2025-12-24T17:59:36Z
FDV,28.935,2025-12-24T16:47:57Z
FDVV,57.115,2025-12-24T17:59:10Z
FDX,295.81,2025-12-24T17:59:37Z
FE,44.82,2025-12-24T17:59:57Z
FEAM,3.5,2025-12-24T17:59:41Z
FEBO,1.41,2025-12-24T15:28:12Z
FEED,2.87,2025-12-24T14:53:18Z
FEGE,46.91,2025-12-24T17:55:14Z
FEIM,56.45,2025-12-24T17:55:53Z
FELC,38.665,2025-12-24T17:59:21Z
FELE,99.49,2025-12-24T17:59:45Z
FELG,42.32,2025-12-24T17:58:06Z
FELV,35.06,2025-12-24T17:58:10Z
FEMB,29.86,2025-12-24T15:29:22Z
FEMR,32.19,2025-12-24T17:44:00Z
FEMS,42.53,2025-12-24T15:14:31Z
FEMY,0.7277,2025-12-24T17:59:24Z
FENC,7.76,2025-12-24T17:59:50Z
FENI,36.745,2025-12-24T17:59:51Z
FENY,24.58,2025-12-24T17:59:49Z
FEOE,49.03,2025-12-24T17:56:03Z
FEPI,45.94,2025-12-24T17:59:51Z
FER,65.02,2025-12-24T17:59:45Z
FERG,228.435,2025-12-24T17:59:49Z
FESM,38.6,2025-12-24T17:57:59Z
FET,37.215,2025-12-24T17:42:58Z
FETH,29.29,2025-12-24T17:59:55Z
FEZ,64.51,2025-12-24T17:59:52Z
FF,3.235,2025-12-24T17:59:48Z
FFA,21.72,2025-12-24T16:06:33Z
FFAI,1.195,2025-12-24T17:59:37Z
FFBC,25.81,2025-12-24T17:59:52Z
FFC,16.49,2025-12-24T17:59:40Z
FFEB,56.79,2025-12-24T17:53:17Z
FFEM,33.22,2025-12-24T17:56:21Z
FFIC,17.185,2025-12-24T17:59:46Z
FFIN,30.895,2025-12-24T17:59:48Z
FFIV,262.23,2025-12-24T17:59:56Z
FFLC,53.92,2025-12-24T17:59:45Z
FFLG,30.36,2025-12-24T17:59:45Z
FFND,30.65,2025-12-24T17:35:27Z
FFOX,28.345,2025-12-24T17:59:46Z
FFSM,31.51,2025-12-24T17:40:39Z
FFTY,36.23,2025-12-24T17:59:50Z
FFWM,6.16,2025-12-24T17:59:50Z
FG,31.59,2025-12-24T17:59:34Z
FGBI,5,2025-12-24T17:59:03Z
FGD,30.54,2025-12-24T17:58:48Z
FGDL,59.69,2025-12-24T16:32:35Z
FGI,7.15,2025-12-24T16:09:59Z
FGL,0.1567,2025-12-24T17:42:04Z
FGNX,3.02,2025-12-24T17:59:43Z
FGSN,22.6,2025-12-24T17:29:04Z
FHB,26.255,2025-12-24T17:59:50Z
FHEQ,31.18,2025-12-24T15:52:54Z
FHI,54.27,2025-12-24T17:59:54Z
FHLC,75,2025-12-24T17:46:43Z
FHN,24.51,2025-12-24T17:59:55Z
FHTX,5.45,2025-12-24T17:59:41Z
FIBK,35.875,2025-12-24T17:59:53Z
FICO,1731.45,2025-12-24T17:59:27Z
FICS,40.38,2025-12-24T17:55:50Z
FIDU,83.98,2025-12-24T16:32:59Z
FIG,38.84,2025-12-24T17:59:59Z
FIGB,43.61,2025-12-24T17:10:30Z
FIGR,45.2,2025-12-24T17:59:45Z
FIGS,11.88,2025-12-24T17:59:55Z
FIHL,19.62,2025-12-24T17:59:08Z
FIIG,21.175,2025-12-24T17:08:57Z
FINS,13.185,2025-12-24T15:16:40Z
FINV,5.44,2025-12-24T17:59:45Z
FINX,30.5,2025-12-24T17:35:03Z
FIP,4.835,2025-12-24T17:59:55Z
FIS,67.22,2025-12-24T17:59:49Z
FISI,31.91,2025-12-24T17:59:30Z
FISV,67.96,2025-12-24T17:59:50Z
FITB,48.21,2025-12-24T17:59:59Z
FITBO,19.62,2025-12-24T17:20:36Z
FIVA,34.26,2025-12-24T17:22:57Z
FIVE,188.6,2025-12-24T17:59:46Z
FIVN,19.745,2025-12-24T17:59:23Z
FIW,110.86,2025-12-24T17:08:11Z
FIX,960.33,2025-12-24T17:59:20Z
FIXD,44.435,2025-12-24T17:59:57Z
FIXT,38.33,2025-12-24T15:25:22Z
FIZZ,32.22,2025-12-24T17:59:40Z
FJAN,51.88,2025-12-24T17:50:00Z
FJET,12.3,2025-12-24T17:59:53Z
FJUN,57.29,2025-12-24T16:09:10Z
FKWL,4.13,2025-12-24T17:44:32Z
FLBL,23.48,2025-12-24T17:59:40Z
FLBR,19.27,2025-12-24T17:59:48Z
FLC,17.37,2025-12-24T17:34:49Z
FLCA,48.855,2025-12-24T16:25:46Z
FLCB,21.655,2025-12-24T17:58:03Z
FLCH,24.06,2025-12-24T17:50:12Z
FLD,2.7,2025-12-24T17:56:29Z
FLDB,50.49,2025-12-24T15:01:15Z
FLDR,50.355,2025-12-24T16:08:04Z
FLEE,36.735,2025-12-24T14:41:02Z
FLEX,63.57,2025-12-24T17:59:44Z
FLG,12.85,2025-12-24T17:59:58Z
FLGB,33.71,2025-12-24T17:54:28Z
FLGC,7.16,2025-12-24T15:58:39Z
FLGT,27.05,2025-12-24T17:59:41Z
FLGV,20.545,2025-12-24T17:58:49Z
FLHY,24.4,2025-12-24T17:58:17Z
FLIA,20.205,2025-12-24T17:52:12Z
FLIN,38.53,2025-12-24T17:59:50Z
FLJP,34.595,2025-12-24T17:59:56Z
FLKR,31.09,2025-12-24T17:22:49Z
FLL,2.66,2025-12-24T17:59:33Z
FLMI,24.835,2025-12-24T17:59:27Z
FLMX,34.68,2025-12-24T17:55:09Z
FLN,22.79,2025-12-24T14:42:48Z
FLNC,19.875,2025-12-24T17:59:39Z
FLNG,24.34,2025-12-24T17:59:49Z
FLNT,2.385,2025-12-24T17:43:42Z
FLO,10.865,2025-12-24T17:59:53Z
FLOC,18.03,2025-12-24T17:58:10Z
FLOT,50.815,2025-12-24T17:59:46Z
FLQL,70.335,2025-12-24T15:09:33Z
FLQM,57.16,2025-12-24T17:54:12Z
FLR,41,2025-12-24T17:59:24Z
FLRG,38.75,2025-12-24T17:32:48Z
FLRN,30.71,2025-12-24T17:59:50Z
FLRT,47.155,2025-12-24T17:52:27Z
FLS,71.36,2025-12-24T17:59:20Z
FLTB,50.84,2025-12-24T16:10:10Z
FLTR,25.545,2025-12-24T17:57:47Z
FLUT,219.49,2025-12-24T17:59:49Z
FLUX,1.41,2025-12-24T17:59:41Z
FLWS,4.145,2025-12-24T17:59:32Z
FLX,3.21,2025-12-24T17:16:46Z
FLXR,39.55,2025-12-24T16:44:58Z
FLY,27.03,2025-12-24T17:59:50Z
FLYT,20.57,2025-12-24T17:09:01Z
FLYW,14.48,2025-12-24T17:59:54Z
FLYX,3.49,2025-12-24T17:33:10Z
FMAG,34.66,2025-12-24T17:15:51Z
FMAT,53.92,2025-12-24T17:39:47Z
FMB,51.145,2025-12-24T17:59:59Z
FMBH,40.135,2025-12-24T17:59:44Z
FMC,13.34,2025-12-24T17:59:58Z
FMDE,36.86,2025-12-24T17:59:51Z
FMF,46.7,2025-12-24T17:59:44Z
FMFC,0.393,2025-12-24T17:59:56Z
FMHI,47.84,2025-12-24T17:59:46Z
FMKT,22.05,2025-12-24T17:12:51Z
FMN,11,2025-12-24T16:05:58Z
FMNB,13.8,2025-12-24T17:59:58Z
FMNY,26.69,2025-12-24T17:12:57Z
FMS,24.04,2025-12-24T17:59:38Z
FMST,2.39,2025-12-24T17:54:39Z
FMTM,32.84,2025-12-24T16:12:01Z
FMX,102.69,2025-12-24T17:56:13Z
FMY,11.93,2025-12-24T16:02:04Z
FN,482.16,2025-12-24T17:59:09Z
FNB,17.6,2025-12-24T17:59:57Z
FNCL,79.375,2025-12-24T17:41:02Z
FND,63.13,2025-12-24T17:59:58Z
FNDA,32.14,2025-12-24T17:59:36Z
FNDB,26.82,2025-12-24T16:42:40Z
FNDC,44.825,2025-12-24T17:59:34Z
FNDE,36.03,2025-12-24T17:59:59Z
FNDF,45.195,2025-12-24T17:55:05Z
FNDX,27.475,2025-12-24T17:59:26Z
FNF,54.96,2025-12-24T17:59:55Z
FNGD,4.99,2025-12-24T17:59:47Z
FNGR,1.4,2025-12-24T16:09:25Z
FNGS,69.08,2025-12-24T15:52:45Z
FNGU,26.645,2025-12-24T17:59:53Z
FNK,56.345,2025-12-24T17:55:41Z
FNKO,3.19,2025-12-24T17:59:56Z
FNV,215.69,2025-12-24T17:59:28Z
FNWB,9.75,2025-12-24T17:49:52Z
FOA,22.77,2025-12-24T17:58:35Z
FOF,13.22,2025-12-24T16:23:52Z
FOLD,14.255,2025-12-24T17:59:59Z
FONR,14.5,2025-12-24T16:20:21Z
FOR,24.6,2025-12-24T17:58:04Z
FORM,58.19,2025-12-24T17:59:03Z
FORR,7.2,2025-12-24T17:59:00Z
FOSL,3.685,2025-12-24T17:59:26Z
FOUR,65.05,2025-12-24T17:59:57Z
FOX,64.94,2025-12-24T17:59:33Z
FOXA,73.875,2025-12-24T17:59:58Z
FOXF,17.65,2025-12-24T17:59:55Z
FOXY,27.43,2025-12-24T15:54:59Z
FPE,18.235,2025-12-24T17:59:45Z
FPEI,19.405,2025-12-24T17:59:45Z
FPF,18.715,2025-12-24T17:58:06Z
FPFD,21.91,2025-12-24T15:26:03Z
FPH,5.58,2025-12-24T17:43:26Z
FPI,9.85,2025-12-24T17:59:55Z
FR,58.43,2025-12-24T17:59:43Z
FRA,11.74,2025-12-24T17:50:27Z
FRAF,51.63,2025-12-24T17:58:35Z
FRBA,17.02,2025-12-24T15:18:26Z
FRDM,50.35,2025-12-24T17:58:25Z
FREL,27.005,2025-12-24T17:58:30Z
FRGE,44.7,2025-12-24T17:45:55Z
FRGT,2.14,2025-12-24T17:59:45Z
FRI,27.35,2025-12-24T15:53:18Z
FRME,38.41,2025-12-24T17:59:07Z
FRMI,7.95,2025-12-24T17:59:59Z
FRO,21.43,2025-12-24T17:59:49Z
FROG,66.81,2025-12-24T17:59:11Z
FRPH,22.78,2025-12-24T17:59:41Z
FRPT,64.18,2025-12-24T17:58:18Z
FRSH,12.31,2025-12-24T17:59:54Z
FRST,13.155,2025-12-24T17:59:50Z
FRSX,1.55,2025-12-24T15:06:25Z
FRT,102.36,2025-12-24T17:58:31Z
FSBC,36.54,2025-12-24T16:33:17Z
FSCC,30.69,2025-12-24T17:53:00Z
FSCO,6.055,2025-12-24T17:59:58Z
FSEC,44.55,2025-12-24T17:59:54Z
FSEP,51.83,2025-12-24T15:20:24Z
FSIG,19.165,2025-12-24T17:50:41Z
FSK,14.52,2025-12-24T17:59:44Z
FSLR,272.47,2025-12-24T17:58:47Z
FSLY,10.53,2025-12-24T17:59:57Z
FSM,10.125,2025-12-24T17:59:58Z
FSMB,20.025,2025-12-24T17:14:23Z
FSOL,14.42,2025-12-24T17:01:24Z
FSP,0.925,2025-12-24T17:59:47Z
FSS,114.235,2025-12-24T17:59:31Z
FSSL,13.935,2025-12-24T17:56:51Z
FSTA,49.56,2025-12-24T17:59:45Z
FSTR,28.65,2025-12-24T16:02:51Z
FSUN,38.47,2025-12-24T17:57:29Z
FSV,156.8,2025-12-24T17:51:15Z
FSYD,48.74,2025-12-24T17:59:56Z
FT,8.045,2025-12-24T17:59:56Z
FTA,86.785,2025-12-24T17:59:27Z
FTAI,173.31,2025-12-24T17:59:31Z
FTCA,7.315,2025-12-24T17:59:13Z
FTCB,21.225,2025-12-24T17:59:51Z
FTCI,11.81,2025-12-24T17:57:58Z
FTCS,93.67,2025-12-24T17:57:25Z
FTDR,57.915,2025-12-24T17:59:53Z
FTEC,228.64,2025-12-24T17:59:18Z
FTEK,1.63,2025-12-24T17:59:15Z
FTEL,0.6701,2025-12-24T17:54:34Z
FTF,6.14,2025-12-24T17:42:33Z
FTGC,23.445,2025-12-24T17:59:16Z
FTHI,23.825,2025-12-24T17:55:00Z
FTHM,1.05,2025-12-24T17:13:41Z
FTHY,14.065,2025-12-24T17:54:45Z
FTI,44.7,2025-12-24T17:59:56Z
FTK,18.01,2025-12-24T17:59:09Z
FTKI,19.14,2025-12-24T17:53:09Z
FTLS,71.48,2025-12-24T15:30:00Z
FTMA,8.985,2025-12-24T16:37:33Z
FTMH,11.57,2025-12-24T17:50:11Z
FTMN,8.84,2025-12-24T16:32:44Z
FTMS,9.93,2025-12-24T17:59:00Z
FTMU,7.8,2025-12-24T17:29:10Z
FTNJ,8.72,2025-12-24T16:37:38Z
FTNT,81.15,2025-12-24T17:59:55Z
FTNY,7.84,2025-12-24T16:17:31Z
FTQI,21.01,2025-12-24T17:40:21Z
FTRB,25.525,2025-12-24T15:49:21Z
FTRE,17.69,2025-12-24T17:59:57Z
FTRI,15.875,2025-12-24T17:59:46Z
FTRK,0.835,2025-12-24T14:31:16Z
FTS,51.73,2025-12-24T17:58:50Z
FTSD,90.89,2025-12-24T17:55:06Z
FTSL,45.895,2025-12-24T17:31:25Z
FTSM,60.06,2025-12-24T17:59:55Z
FTV,55.455,2025-12-24T17:59:55Z
FTXG,20.97,2025-12-24T15:15:00Z
FTXN,27.64,2025-12-24T17:59:50Z
FTXO,38.765,2025-12-24T17:53:28Z
FTXR,39.66,2025-12-24T17:53:35Z
FUBO,2.685,2025-12-24T17:59:57Z
FUFU,2.625,2025-12-24T17:46:19Z
FUL,60.5,2025-12-24T17:59:05Z
FULC,12,2025-12-24T17:59:58Z
FULT,20.175,2025-12-24T17:59:58Z
FULTP,19.13,2025-12-24T16:26:52Z
FUN,14.31,2025-12-24T17:59:56Z
FUNC,38.72,2025-12-24T15:00:21Z
FUND,8.72,2025-12-24T15:12:17Z
FUSE,1.95,2025-12-24T17:34:09Z
FUTU,164.63,2025-12-24T17:59:50Z
FUTY,55.36,2025-12-24T17:50:49Z
FV,63.87,2025-12-24T17:55:21Z
FVAL,73.2,2025-12-24T16:32:33Z
FVCB,13.765,2025-12-24T17:59:50Z
FVD,46.425,2025-12-24T17:59:52Z
FVR,15.42,2025-12-24T17:59:14Z
FVRR,19.99,2025-12-24T17:59:51Z
FWDI,6.92,2025-12-24T17:59:58Z
FWONA,87.74,2025-12-24T17:24:07Z
FWONK,96.8,2025-12-24T17:59:55Z
FWRD,25.41,2025-12-24T17:59:32Z
FWRG,15.785,2025-12-24T17:59:59Z
FXB,129.89,2025-12-24T17:46:58Z
FXC,71.48,2025-12-24T17:59:50Z
FXE,108.67,2025-12-24T17:59:50Z
FXF,112.14,2025-12-24T17:30:07Z
FXG,61.02,2025-12-24T17:54:27Z
FXI,38.545,2025-12-24T17:59:49Z
FXN,16.325,2025-12-24T17:58:49Z
FXNC,25.85,2025-12-24T15:02:09Z
FXO,61.6,2025-12-24T17:59:50Z
FXP,17.93,2025-12-24T15:15:00Z
FXR,81.39,2025-12-24T17:59:50Z
FXU,45.12,2025-12-24T17:55:39Z
FXY,58.96,2025-12-24T17:48:41Z
FYBR,38.16,2025-12-24T17:59:52Z
FYC,98.81,2025-12-24T17:59:24Z
FYEE,28.9,2025-12-24T17:17:03Z
G,48.065,2025-12-24T17:59:51Z
GAA,32.87,2025-12-24T15:41:22Z
GAB,6.145,2025-12-24T17:59:31Z
GAB-K,20.8,2025-12-24T15:46:02Z
GABC,39.95,2025-12-24T17:59:35Z
GAIA,3.705,2025-12-24T17:59:38Z
GAIN,13.69,2025-12-24T17:58:45Z
GAINI,25.82,2025-12-24T16:53:10Z
GALT,4.035,2025-12-24T17:59:50Z
GAM,58.81,2025-12-24T16:26:53Z
GAM-B,25.27,2025-12-24T15:45:11Z
GAMB,5.26,2025-12-24T17:59:57Z
GAME,0.4489,2025-12-24T17:56:15Z
GANX,3.2,2025-12-24T17:59:23Z
GAP,26.54,2025-12-24T17:59:59Z
GARP,69.27,2025-12-24T17:48:07Z
GASS,6.885,2025-12-24T17:58:53Z
GATX,173.35,2025-12-24T17:50:02Z
GAU,2.66,2025-12-24T17:59:57Z
GAUZ,1.02,2025-12-24T17:28:56Z
GBAB,15.08,2025-12-24T17:45:12Z
GBCI,45.77,2025-12-24T17:59:59Z
GBDC,13.43,2025-12-24T17:59:57Z
GBFH,35.455,2025-12-24T17:43:39Z
GBIL,100.205,2025-12-24T17:11:10Z
GBIO,5.52,2025-12-24T17:38:41Z
GBTC,68.175,2025-12-24T17:59:36Z
GBTG,7.74,2025-12-24T17:59:54Z
GBUG,45.055,2025-12-24T17:30:50Z
GBX,46.42,2025-12-24T17:49:23Z
GCAL,51.01,2025-12-24T17:59:46Z
GCMG,11.545,2025-12-24T17:59:59Z
GCO,23.05,2025-12-24T17:50:15Z
GCOW,42.305,2025-12-24T17:59:38Z
GCT,40.545,2025-12-24T17:58:01Z
GCTS,1.215,2025-12-24T17:54:14Z
GD,345.21,2025-12-24T17:59:49Z
GDC,5.23,2025-12-24T14:52:21Z
GDDY,127.05,2025-12-24T17:59:48Z
GDE,64.58,2025-12-24T17:46:41Z
GDEC,37.985,2025-12-24T17:59:49Z
GDEN,26.92,2025-12-24T17:59:54Z
GDLC,41.23,2025-12-24T16:35:34Z
GDMN,100.62,2025-12-24T17:34:06Z
GDOT,13.085,2025-12-24T17:59:44Z
GDRX,2.77,2025-12-24T17:59:52Z
GDS,34.83,2025-12-24T17:59:32Z
GDV,27.68,2025-12-24T15:01:02Z
GDX,89.72,2025-12-24T17:59:58Z
GDXD,7.6,2025-12-24T17:59:55Z
GDXJ,119.12,2025-12-24T17:59:57Z
GDXU,283.25,2025-12-24T17:59:20Z
GDXW,60.7,2025-12-24T14:58:07Z
GDXY,16.92,2025-12-24T17:59:18Z
GDYN,9.275,2025-12-24T17:59:45Z
GE,316.83,2025-12-24T17:59:50Z
GECC,6.77,2025-12-24T17:57:03Z
GEF,69.325,2025-12-24T17:56:49Z
GEF.B,75.56,2025-12-24T17:30:01Z
GEHC,83.375,2025-12-24T17:59:57Z
GEL,15.66,2025-12-24T17:59:00Z
GEMI,11.285,2025-12-24T17:57:24Z
GEN,27.625,2025-12-24T17:59:58Z
GENC,12.575,2025-12-24T17:53:48Z
GENI,10.77,2025-12-24T17:59:58Z
GENK,2.43,2025-12-24T17:59:30Z
GENM,10.33,2025-12-24T15:28:07Z
GENT,10.425,2025-12-24T16:32:05Z
GEO,16.535,2025-12-24T17:59:39Z
GEOS,17.235,2025-12-24T17:48:44Z
GERN,1.395,2025-12-24T17:59:54Z
GES,16.78,2025-12-24T17:50:30Z
GETY,1.29,2025-12-24T17:59:52Z
GEV,666.92,2025-12-24T17:59:59Z
GEVO,2.175,2025-12-24T17:59:40Z
GFF,75.685,2025-12-24T17:59:52Z
GFI,46.02,2025-12-24T17:59:58Z
GFL,43.22,2025-12-24T17:59:58Z
GFR,4.75,2025-12-24T17:44:41Z
GFS,35.775,2025-12-24T17:59:48Z
GGAL,54.315,2025-12-24T17:59:54Z
GGB,3.74,2025-12-24T17:59:47Z
GGG,83.555,2025-12-24T17:59:27Z
GGLL,97.83,2025-12-24T17:59:46Z
GGLS,6.755,2025-12-24T17:59:46Z
GGN,5.295,2025-12-24T17:55:00Z
GGT,4.13,2025-12-24T17:15:56Z
GGZ,14.91,2025-12-24T16:28:05Z
GH,102.36,2025-12-24T17:59:59Z
GHC,1112.7,2025-12-24T17:58:55Z
GHI,7.02,2025-12-24T17:19:59Z
GHM,70.25,2025-12-24T17:46:19Z
GHRS,12.715,2025-12-24T17:55:36Z
GHY,12.43,2025-12-24T17:59:53Z
GIAX,16.9,2025-12-24T17:27:06Z
GIB,93.86,2025-12-24T17:59:33Z
GIC,29.885,2025-12-24T17:59:09Z
GIFI,11.94,2025-12-24T17:24:17Z
GIG,10.52,2025-12-24T17:59:05Z
GII,70.25,2025-12-24T17:49:31Z
GIII,30.275,2025-12-24T17:59:11Z
GIL,63.105,2025-12-24T17:59:50Z
GILD,125.675,2025-12-24T17:59:58Z
GILT,12.71,2025-12-24T17:59:50Z
GINX,31.33,2025-12-24T16:33:08Z
GIPR,0.7229,2025-12-24T17:50:20Z
GIS,46.985,2025-12-24T17:59:59Z
GITS,0.7668,2025-12-24T17:50:20Z
GKOS,116.72,2025-12-24T17:59:52Z
GL,143.475,2025-12-24T17:59:17Z
GL-D,16.87,2025-12-24T15:50:36Z
GLAD,20.4,2025-12-24T17:59:33Z
GLBE,39.75,2025-12-24T17:59:50Z
GLBS,1.72,2025-12-24T14:37:51Z
GLD,411.93,2025-12-24T17:59:55Z
GLDB,24.68,2025-12-24T17:23:05Z
GLDD,13.54,2025-12-24T17:59:28Z
GLDG,1.36,2025-12-24T17:59:50Z
GLDM,88.68,2025-12-24T17:59:59Z
GLE,0.4935,2025-12-24T17:59:54Z
GLIBK,37.26,2025-12-24T17:59:34Z
GLL,24.28,2025-12-24T17:59:04Z
GLNG,37.145,2025-12-24T17:59:48Z
GLNK,10.81,2025-12-24T16:33:36Z
GLO,5.665,2025-12-24T14:42:22Z
GLOB,67.995,2025-12-24T17:59:50Z
GLOV,58.125,2025-12-24T15:47:27Z
GLOW,31.12,2025-12-24T15:20:00Z
GLP,43.115,2025-12-24T17:59:40Z
GLPG,33.04,2025-12-24T17:39:05Z
GLPI,44.68,2025-12-24T17:59:58Z
GLQ,7.71,2025-12-24T17:57:02Z
GLRE,14.65,2025-12-24T17:59:50Z
GLRY,36.88,2025-12-24T17:22:35Z
GLSI,17.6,2025-12-24T17:40:51Z
GLTR,211.46,2025-12-24T16:40:18Z
GLU,19.73,2025-12-24T16:34:22Z
GLUE,17.63,2025-12-24T17:59:37Z
GLV,5.98,2025-12-24T16:04:03Z
GLW,89.685,2025-12-24T17:59:49Z
GLXU,12.4,2025-12-24T15:30:41Z
GLXY,24.43,2025-12-24T17:59:46Z
GM,82.85,2025-12-24T17:59:51Z
GMAB,33.705,2025-12-24T17:59:57Z
GMAR,40.91,2025-12-24T17:28:17Z
GME,21.52,2025-12-24T17:59:59Z
GME+,3.06,2025-12-24T17:20:48Z
GMED,88.445,2025-12-24T17:59:49Z
GMEU,10.03,2025-12-24T17:48:40Z
GMGI,0.8174,2025-12-24T17:59:40Z
GMRE,33.09,2025-12-24T15:01:45Z
GNE,13.87,2025-12-24T17:59:03Z
GNK,18.62,2025-12-24T17:51:46Z
GNL,8.455,2025-12-24T17:59:53Z
GNL-D,24.94,2025-12-24T15:12:42Z
GNLN,2.21,2025-12-24T15:58:48Z
GNLX,4.4,2025-12-24T17:59:41Z
GNMA,44.48,2025-12-24T16:36:51Z
GNOM,47.32,2025-12-24T15:01:00Z
GNPX,1.88,2025-12-24T17:58:09Z
GNR,62.41,2025-12-24T17:59:46Z
GNRC,140.905,2025-12-24T17:59:14Z
GNS,0.6553,2025-12-24T17:43:57Z
GNSS,2.215,2025-12-24T17:21:20Z
GNTA,1.45,2025-12-24T17:09:14Z
GNTX,23.385,2025-12-24T17:59:40Z
GNW,9.16,2025-12-24T17:59:47Z
GO,10.26,2025-12-24T17:59:53Z
GOAU,44.3,2025-12-24T17:35:28Z
GOCO,2.265,2025-12-24T17:53:32Z
GOCT,39.52,2025-12-24T17:59:45Z
GOF,12.495,2025-12-24T17:56:49Z
GOGO,4.6,2025-12-24T17:59:58Z
GOLD,34.8,2025-12-24T17:59:57Z
GOLF,82.62,2025-12-24T17:59:54Z
GOLY,36.71,2025-12-24T17:08:27Z
GOOD,10.465,2025-12-24T17:58:57Z
GOOG,315.51,2025-12-24T17:59:50Z
GOOGL,314.05,2025-12-24T17:59:48Z
GOOP,38.96,2025-12-24T17:54:33Z
GOOS,12.75,2025-12-24T17:59:32Z
GOOW,71.7,2025-12-24T17:57:10Z
GOOX,70.04,2025-12-24T15:35:41Z
GOOY,14.72,2025-12-24T17:59:50Z
GORO,0.9002,2025-12-24T17:58:23Z
GOSS,3.435,2025-12-24T17:59:52Z
GOTU,2.38,2025-12-24T17:59:52Z
GOVI,27.66,2025-12-24T16:41:41Z
GOVT,23.045,2025-12-24T17:59:56Z
GOVX,0.1786,2025-12-24T17:59:35Z
GOVZ,9.445,2025-12-24T17:57:14Z
GPC,125.435,2025-12-24T17:59:55Z
GPCR,69.62,2025-12-24T17:59:45Z
GPI,407,2025-12-24T17:59:38Z
GPIQ,53.5,2025-12-24T17:59:31Z
GPIX,53.27,2025-12-24T17:59:49Z
GPK,15.12,2025-12-24T17:59:52Z
GPMT,2.47,2025-12-24T17:57:00Z
GPN,81.055,2025-12-24T17:59:55Z
GPOR,207.07,2025-12-24T17:59:25Z
GPRE,10.03,2025-12-24T17:58:48Z
GPRK,7.245,2025-12-24T17:58:35Z
GPRO,1.575,2025-12-24T17:59:43Z
GPTY,43.23,2025-12-24T17:59:50Z
GPUS,0.2242,2025-12-24T17:59:58Z
GPZ,27.84,2025-12-24T17:55:06Z
GRAB,5.14,2025-12-24T17:59:55Z
GRAL,91.84,2025-12-24T17:59:48Z
GRBK,63.465,2025-12-24T17:52:53Z
GRDN,30.81,2025-12-24T17:53:18Z
GRDX,2.61,2025-12-24T17:59:40Z
GREE,1.58,2025-12-24T17:42:50Z
GRFS,9.01,2025-12-24T17:59:58Z
GRI,0.3319,2025-12-24T17:56:28Z
GRID,154.82,2025-12-24T17:59:45Z
GRMN,204.86,2025-12-24T17:50:08Z
GRNB,24.43,2025-12-24T17:23:31Z
GRND,13.62,2025-12-24T17:59:53Z
GRNJ,26.56,2025-12-24T17:17:43Z
GRNT,4.655,2025-12-24T17:59:49Z
GRNY,25.335,2025-12-24T17:58:51Z
GRO,1.995,2025-12-24T17:59:25Z
GROW,2.42,2025-12-24T17:51:50Z
GROY,4.17,2025-12-24T17:59:04Z
GROZ,30.34,2025-12-24T16:03:34Z
GRPN,18.18,2025-12-24T17:58:59Z
GRRR,11.58,2025-12-24T17:57:39Z
GRW,31.6,2025-12-24T17:38:48Z
GRWG,1.635,2025-12-24T17:59:56Z
GS,910.12,2025-12-24T17:59:37Z
GS-A,19.18,2025-12-24T17:58:43Z
GS-C,19.71,2025-12-24T16:45:43Z
GS-D,19.345,2025-12-24T17:50:25Z
GSAT,63.095,2025-12-24T17:55:21Z
GSBC,63.135,2025-12-24T15:48:31Z
GSBD,9.62,2025-12-24T17:59:55Z
GSEP,38.92,2025-12-24T17:54:04Z
GSEU,45.95,2025-12-24T14:33:41Z
GSEW,86.11,2025-12-24T14:43:04Z
GSG,23.32,2025-12-24T17:59:38Z
GSGO,40.8,2025-12-24T17:53:50Z
GSHD,75.885,2025-12-24T17:59:41Z
GSIB,52.91,2025-12-24T14:42:13Z
GSIE,43.16,2025-12-24T17:59:46Z
GSIG,47.74,2025-12-24T14:49:51Z
GSIT,6.065,2025-12-24T17:59:59Z
GSK,48.96,2025-12-24T17:59:57Z
GSL,34.5,2025-12-24T17:59:40Z
GSLC,134.045,2025-12-24T17:56:32Z
GSM,4.76,2025-12-24T17:59:53Z
GSOL,8.95,2025-12-24T17:58:34Z
GSRFU,10.35,2025-12-24T17:29:04Z
GSST,50.64,2025-12-24T17:20:17Z
GSUN,1.17,2025-12-24T15:42:36Z
GSY,50.205,2025-12-24T17:17:07Z
GT,8.73,2025-12-24T17:59:55Z
GTBP,0.8447,2025-12-24T17:58:26Z
GTE,4.22,2025-12-24T17:59:51Z
GTEC,0.961,2025-12-24T16:29:52Z
GTES,22.02,2025-12-24T17:59:49Z
GTIM,1.13,2025-12-24T15:01:56Z
GTIP,49.4,2025-12-24T17:26:02Z
GTLB,37.505,2025-12-24T17:59:39Z
GTLS,205.96,2025-12-24T17:59:48Z
GTM,10.13,2025-12-24T17:59:59Z
GTN,4.92,2025-12-24T17:59:55Z
GTO,47.47,2025-12-24T17:55:05Z
GTR,25.7,2025-12-24T17:59:45Z
GTX,17.43,2025-12-24T17:59:59Z
GTY,28.17,2025-12-24T17:59:34Z
GUG,15.35,2025-12-24T17:50:30Z
GUMI,50.36,2025-12-24T14:35:52Z
GUNR,46.075,2025-12-24T17:55:20Z
GUSE,40.97,2025-12-24T17:52:59Z
GUSH,21.835,2025-12-24T17:59:54Z
GUT,6.065,2025-12-24T15:31:01Z
GUTS,2.26,2025-12-24T17:59:54Z
GV,1.27,2025-12-24T15:40:21Z
GVA,118.59,2025-12-24T17:59:47Z
GVAL,31.62,2025-12-24T17:44:43Z
GVI,107.36,2025-12-24T17:59:50Z
GWH,1.96,2025-12-24T17:58:34Z
GWRE,206.24,2025-12-24T17:59:07Z
GWRS,8.51,2025-12-24T17:28:54Z
GWW,1030.54,2025-12-24T17:59:40Z
GXC,98.2,2025-12-24T16:27:27Z
GXO,54.315,2025-12-24T17:59:49Z
GXPC,29.9,2025-12-24T17:59:45Z
GXPD,27.1,2025-12-24T15:27:10Z
GXPS,24.62,2025-12-24T16:07:27Z
GXRP,36.13,2025-12-24T17:03:07Z
GYLD,13.54,2025-12-24T14:49:17Z
GYRE,7.21,2025-12-24T17:59:32Z
H,165.505,2025-12-24T17:59:46Z
HACK,81.735,2025-12-24T15:34:29Z
HAE,80.09,2025-12-24T17:58:13Z
HAFC,28.09,2025-12-24T17:49:23Z
HAFN,5.32,2025-12-24T17:59:54Z
HAIN,1.155,2025-12-24T17:59:57Z
HAL,28.045,2025-12-24T17:59:59Z
HALO,68.42,2025-12-24T17:59:50Z
HAO,1.03,2025-12-24T15:07:12Z
HAP,60.34,2025-12-24T16:21:57Z
HARD,29.86,2025-12-24T15:56:29Z
HAS,81.64,2025-12-24T17:59:38Z
HASI,33.015,2025-12-24T17:59:55Z
HAVAR,0.12,2025-12-24T14:50:07Z
HAYW,15.94,2025-12-24T17:59:57Z
HBAN,17.74,2025-12-24T17:59:56Z
HBANL,25.5,2025-12-24T17:42:23Z
HBANM,22.11,2025-12-24T17:48:05Z
HBANP,17.25,2025-12-24T16:58:00Z
HBB,16.4,2025-12-24T16:36:12Z
HBIO,0.7314,2025-12-24T17:53:00Z
HBM,19.87,2025-12-24T17:59:57Z
HBNC,17.605,2025-12-24T17:59:36Z
HBT,26.01,2025-12-24T17:52:08Z
HCA,473.83,2025-12-24T17:59:39Z
HCAT,2.39,2025-12-24T17:59:51Z
HCC,89.27,2025-12-24T17:49:15Z
HCHL,3.91,2025-12-24T16:55:01Z
HCI,192.09,2025-12-24T17:50:00Z
HCKT,20.035,2025-12-24T17:59:48Z
HCM,13.54,2025-12-24T16:53:02Z
HCRB,35.64,2025-12-24T16:50:55Z
HCSG,19.655,2025-12-24T17:59:12Z
HCTI,1.185,2025-12-24T17:59:17Z
HCWC,0.3176,2025-12-24T17:59:52Z
HD,347.35,2025-12-24T17:59:55Z
HDB,36.38,2025-12-24T17:59:58Z
HDEF,31.08,2025-12-24T17:58:11Z
HDLB,14.88,2025-12-24T17:07:32Z
HDSN,6.975,2025-12-24T17:59:36Z
HDV,122.055,2025-12-24T17:58:22Z
HE,11.91,2025-12-24T17:59:53Z
HEAL,29.72,2025-12-24T15:00:22Z
HECA,28.4,2025-12-24T17:58:31Z
HEFA,41.385,2025-12-24T17:38:27Z
HEFT,25.61,2025-12-24T16:05:35Z
HEGD,25.46,2025-12-24T15:30:00Z
HEI,337.67,2025-12-24T17:59:49Z
HEI.A,262.31,2025-12-24T17:59:54Z
HELE,20.42,2025-12-24T17:59:54Z
HELO,67.03,2025-12-24T17:54:59Z
HEMI,40.72,2025-12-24T17:33:13Z
HEPS,2.565,2025-12-24T17:59:13Z
HEQ,10.8,2025-12-24T17:59:06Z
HEQT,32.19,2025-12-24T17:59:45Z
HERE,5.27,2025-12-24T17:59:58Z
HESM,34.47,2025-12-24T17:59:33Z
HEWJ,52.53,2025-12-24T17:59:28Z
HFFG,2.22,2025-12-24T17:49:21Z
HFRO,5.97,2025-12-24T17:50:20Z
HFRO-A,16.15,2025-12-24T15:04:13Z
HFRO-B,16.1,2025-12-24T15:08:55Z
HFSI,35.815,2025-12-24T17:59:46Z
HFWA,24.55,2025-12-24T17:59:55Z
HFXI,32.46,2025-12-24T17:59:05Z
HG,28.34,2025-12-24T17:59:54Z
HGBL,1.235,2025-12-24T17:47:27Z
HGER,25.275,2025-12-24T17:58:17Z
HGTY,13.545,2025-12-24T17:53:40Z
HGV,45.06,2025-12-24T17:59:55Z
HHH,78.79,2025-12-24T17:58:50Z
HI,31.685,2025-12-24T17:59:11Z
HIBL,69.88,2025-12-24T14:39:05Z
HIBS,4.67,2025-12-24T17:47:01Z
HIDE,22.79,2025-12-24T15:30:11Z
HIFS,299.68,2025-12-24T15:24:32Z
HIG,139.765,2025-12-24T17:59:51Z
HIGH,22.61,2025-12-24T17:59:50Z
HIHO,1.405,2025-12-24T17:59:40Z
HII,355.68,2025-12-24T17:59:35Z
HIMS,34.71,2025-12-24T17:59:37Z
HIMU,48.68,2025-12-24T17:58:43Z
HIMX,8.255,2025-12-24T17:59:53Z
HIMZ,6.815,2025-12-24T17:59:58Z
HIND,3.69,2025-12-24T17:42:50Z
HIO,3.72,2025-12-24T17:59:46Z
HIPO,31.47,2025-12-24T17:02:48Z
HIPS,11.83,2025-12-24T15:22:32Z
HISF,45.29,2025-12-24T17:10:39Z
HIT,1.535,2025-12-24T17:59:28Z
HITI,2.825,2025-12-24T17:59:51Z
HIVE,2.86,2025-12-24T17:59:53Z
HIW,25.6,2025-12-24T17:59:50Z
HIX,4.075,2025-12-24T17:55:20Z
HKD,1.37,2025-12-24T17:55:56Z
HKIT,2.16,2025-12-24T17:52:43Z
HKPD,0.7301,2025-12-24T16:15:12Z
HL,19.825,2025-12-24T17:59:57Z
HLAL,62.79,2025-12-24T17:39:30Z
HLF,14.17,2025-12-24T17:59:57Z
HLI,178.73,2025-12-24T17:46:24Z
HLIO,55.52,2025-12-24T17:59:45Z
HLIT,9.965,2025-12-24T17:59:49Z
HLLY,4.19,2025-12-24T17:59:50Z
HLMN,8.995,2025-12-24T17:59:57Z
HLN,10.105,2025-12-24T17:59:59Z
HLNE,138.67,2025-12-24T17:59:49Z
HLT,293.03,2025-12-24T17:59:54Z
HLX,6.33,2025-12-24T17:59:58Z
HMC,30.11,2025-12-24T17:59:33Z
HMN,46.64,2025-12-24T17:38:20Z
HMOP,39.12,2025-12-24T15:04:19Z
HMY,21.565,2025-12-24T17:59:58Z
HNDL,22.12,2025-12-24T15:32:23Z
HNGE,48.15,2025-12-24T17:59:50Z
HNI,42.295,2025-12-24T17:59:44Z
HNRG,19.485,2025-12-24T17:59:53Z
HNST,2.755,2025-12-24T17:59:52Z
HODL,24.685,2025-12-24T17:59:52Z
HOFT,11.16,2025-12-24T17:57:06Z
HOG,20.88,2025-12-24T17:59:54Z
HOLA,52.78,2025-12-24T16:46:10Z
HOLO,2.99,2025-12-24T17:57:49Z
HOLX,74.5,2025-12-24T17:59:49Z
HOMB,28.39,2025-12-24T17:59:57Z
HOMZ,45.875,2025-12-24T17:58:18Z
HON,196.95,2025-12-24T17:59:54Z
HOOD,120.365,2025-12-24T17:59:59Z
HOOG,69.11,2025-12-24T17:59:43Z
HOOI,12.97,2025-12-24T14:32:14Z
HOOW,52.065,2025-12-24T17:45:56Z
HOOX,26.51,2025-12-24T14:30:00Z
HOOZ,20.3,2025-12-24T15:55:27Z
HOPE,11.27,2025-12-24T17:59:55Z
HOTH,1.045,2025-12-24T17:55:50Z
HOUR,1.98,2025-12-24T16:54:43Z
HOUS,14.27,2025-12-24T17:59:47Z
HOV,100.86,2025-12-24T17:12:59Z
HOVNP,20.4,2025-12-24T17:57:27Z
HOVR,1.65,2025-12-24T17:59:25Z
HOWL,0.6542,2025-12-24T17:48:24Z
HOYY,15.1,2025-12-24T14:35:41Z
HP,27.96,2025-12-24T17:59:54Z
HPE,24.455,2025-12-24T17:59:59Z
HPF,16.16,2025-12-24T17:32:09Z
HPI,16.475,2025-12-24T16:12:47Z
HPK,4.46,2025-12-24T17:59:53Z
HPP,10.27,2025-12-24T17:59:56Z
HPQ,23.165,2025-12-24T17:59:51Z
HPS,14.435,2025-12-24T17:43:29Z
HQH,19.31,2025-12-24T17:59:53Z
HQI,10.19,2025-12-24T17:03:09Z
HQL,17.27,2025-12-24T17:48:32Z
HQY,92.455,2025-12-24T17:59:30Z
HR,16.88,2025-12-24T17:59:50Z
HRB,43.49,2025-12-24T17:59:57Z
HRI,156.17,2025-12-24T17:59:36Z
HRL,24.34,2025-12-24T17:59:59Z
HRMY,38.41,2025-12-24T17:59:54Z
HROW,50.215,2025-12-24T17:59:40Z
HRTG,29.74,2025-12-24T17:58:12Z
HRTX,1.285,2025-12-24T17:59:56Z
HRZN,6.325,2025-12-24T17:59:35Z
HSAI,22.36,2025-12-24T17:59:38Z
HSBC,79.55,2025-12-24T17:59:50Z
HSCS,2.585,2025-12-24T17:56:03Z
HSDT,2.83,2025-12-24T17:59:19Z
HSHP,8.83,2025-12-24T17:59:29Z
HSIC,76.205,2025-12-24T17:59:58Z
HST,18.515,2025-12-24T17:59:58Z
HSTM,23.865,2025-12-24T17:58:17Z
HSY,184.785,2025-12-24T17:59:57Z
HTB,43.665,2025-12-24T17:57:59Z
HTBK,12.565,2025-12-24T17:59:55Z
HTCR,0.3425,2025-12-24T17:59:14Z
HTD,23.64,2025-12-24T17:49:53Z
HTFL,30.56,2025-12-24T17:59:01Z
HTGC,18.49,2025-12-24T17:59:57Z
HTH,34.64,2025-12-24T17:59:55Z
HTHT,48.61,2025-12-24T17:59:48Z
HTLD,9.225,2025-12-24T17:59:14Z
HTLM,2.45,2025-12-24T17:50:46Z
HTO,49.4,2025-12-24T17:58:43Z
HTRB,34.425,2025-12-24T17:06:53Z
HTT,3.95,2025-12-24T17:57:09Z
HTZ,5.335,2025-12-24T17:59:53Z
HTZWW,2.775,2025-12-24T17:54:53Z
HUBB,455.985,2025-12-24T17:59:59Z
HUBC,0.3904,2025-12-24T17:59:04Z
HUBG,43.985,2025-12-24T17:59:10Z
HUBS,398.14,2025-12-24T17:57:40Z
HUM,259.035,2025-12-24T17:59:46Z
HUMA,1.085,2025-12-24T17:59:47Z
HUN,9.91,2025-12-24T17:59:58Z
HURA,0.8245,2025-12-24T17:54:06Z
HURC,15.515,2025-12-24T17:54:59Z
HURN,180.11,2025-12-24T17:51:46Z
HUT,52.825,2025-12-24T17:59:49Z
HUYA,2.96,2025-12-24T17:59:58Z
HVII,10.45,2025-12-24T17:55:03Z
HVT,23.64,2025-12-24T17:54:40Z
HWC,65.36,2025-12-24T17:59:52Z
HWH,1.78,2025-12-24T17:53:20Z
HWKN,146.565,2025-12-24T17:49:39Z
HWM,212.1,2025-12-24T17:59:47Z
HXHX,0.8734,2025-12-24T17:40:00Z
HXL,76.42,2025-12-24T17:59:47Z
HY,30.87,2025-12-24T17:15:55Z
HYBB,47.105,2025-12-24T16:21:40Z
HYBL,28.4,2025-12-24T17:59:50Z
HYD,51.255,2025-12-24T17:59:45Z
HYDB,47.395,2025-12-24T17:42:04Z
HYDR,33.71,2025-12-24T14:56:35Z
HYEM,20.03,2025-12-24T16:11:29Z
HYFI,37.89,2025-12-24T17:23:31Z
HYFM,1.72,2025-12-24T17:56:40Z
HYFT,1.73,2025-12-24T17:59:58Z
HYG,80.63,2025-12-24T17:59:58Z
HYGH,86.285,2025-12-24T17:41:25Z
HYGV,40.755,2025-12-24T17:59:34Z
HYHG,64.8,2025-12-24T15:48:47Z
HYI,11.06,2025-12-24T17:09:31Z
HYIN,16.075,2025-12-24T17:56:29Z
HYLB,36.835,2025-12-24T17:59:34Z
HYLN,1.975,2025-12-24T17:59:48Z
HYLS,41.835,2025-12-24T17:57:56Z
HYMB,24.96,2025-12-24T17:59:50Z
HYMC,24.99,2025-12-24T17:59:54Z
HYNE,13.77,2025-12-24T16:43:53Z
HYPD,4.045,2025-12-24T17:58:27Z
HYPR,1.075,2025-12-24T17:58:45Z
HYS,95.39,2025-12-24T16:32:05Z
HYT,8.91,2025-12-24T17:57:41Z
HYTI,19.8,2025-12-24T17:31:57Z
HZO,24.77,2025-12-24T17:49:11Z
IAC,39.78,2025-12-24T17:59:42Z
IAG,17.33,2025-12-24T17:59:57Z
IAGG,50.115,2025-12-24T17:59:53Z
IAK,137.47,2025-12-24T17:54:23Z
IART,12.66,2025-12-24T17:58:57Z
IAT,56.62,2025-12-24T17:01:23Z
IAU,84.345,2025-12-24T17:59:22Z
IAUM,44.67,2025-12-24T17:58:15Z
IAUX,1.54,2025-12-24T17:59:59Z
IBB,173.18,2025-12-24T17:59:50Z
IBBQ,29.08,2025-12-24T17:59:45Z
IBCA,25.985,2025-12-24T17:59:25Z
IBCP,33.56,2025-12-24T17:59:39Z
IBDR,24.2,2025-12-24T17:59:59Z
IBDS,24.255,2025-12-24T17:55:11Z
IBDT,25.425,2025-12-24T17:56:56Z
IBDU,23.385,2025-12-24T17:59:45Z
IBDV,22.065,2025-12-24T17:59:51Z
IBDW,21.145,2025-12-24T17:58:01Z
IBDX,25.545,2025-12-24T17:58:01Z
IBDY,26.17,2025-12-24T17:59:46Z
IBDZ,26.41,2025-12-24T17:59:50Z
IBG,2.365,2025-12-24T17:36:20Z
IBHF,23.06,2025-12-24T16:08:37Z
IBHG,22.29,2025-12-24T17:34:08Z
IBHH,23.655,2025-12-24T16:57:08Z
IBHI,23.615,2025-12-24T17:12:30Z
IBHK,25.89,2025-12-24T16:32:22Z
IBIC,25.53,2025-12-24T15:10:21Z
IBID,25.78,2025-12-24T16:17:30Z
IBIE,25.96,2025-12-24T16:19:21Z
IBIF,26.02,2025-12-24T16:37:08Z
IBIG,26.03,2025-12-24T16:04:15Z
IBII,25.755,2025-12-24T17:13:53Z
IBIJ,25.88,2025-12-24T16:19:26Z
IBIK,25.66,2025-12-24T14:55:22Z
IBIO,1.855,2025-12-24T17:59:55Z
IBIT,49.49,2025-12-24T17:59:57Z
IBKR,65.94,2025-12-24T17:59:54Z
IBLC,43.61,2025-12-24T17:59:40Z
IBM,304.38,2025-12-24T17:59:57Z
IBMO,25.68,2025-12-24T17:59:45Z
IBMQ,25.555,2025-12-24T17:59:46Z
IBMR,25.475,2025-12-24T17:51:21Z
IBMS,26.03,2025-12-24T17:59:46Z
IBN,30.03,2025-12-24T17:59:57Z
IBO,0.5282,2025-12-24T14:59:33Z
IBOC,68.86,2025-12-24T17:59:05Z
IBP,266.105,2025-12-24T17:59:43Z
IBRX,2.14,2025-12-24T17:59:52Z
IBTA,22.435,2025-12-24T17:58:33Z
IBTG,22.865,2025-12-24T17:56:15Z
IBTH,22.445,2025-12-24T17:58:44Z
IBTI,22.335,2025-12-24T17:58:58Z
IBTJ,21.915,2025-12-24T16:45:53Z
IBTK,19.83,2025-12-24T16:58:58Z
IBTL,20.525,2025-12-24T17:51:05Z
IBTM,23.08,2025-12-24T16:46:00Z
IBTO,24.565,2025-12-24T16:32:33Z
IBTP,25.84,2025-12-24T16:47:56Z
IBUF,29.27,2025-12-24T14:54:52Z
ICCM,0.6723,2025-12-24T17:59:17Z
ICE,162.6,2025-12-24T17:59:43Z
ICF,59.82,2025-12-24T17:48:10Z
ICFI,86.86,2025-12-24T17:16:05Z
ICG,1.925,2025-12-24T17:59:45Z
ICHR,18.87,2025-12-24T17:59:40Z
ICL,5.355,2025-12-24T17:57:54Z
ICLN,16.605,2025-12-24T17:59:45Z
ICLO,25.515,2025-12-24T17:55:07Z
ICLR,183.58,2025-12-24T17:59:45Z
ICMB,2.68,2025-12-24T15:18:36Z
ICOI,19.15,2025-12-24T17:59:50Z
ICOP,44.77,2025-12-24T17:58:36Z
ICOW,39.28,2025-12-24T17:57:18Z
ICSH,50.52,2025-12-24T17:59:55Z
ICU,0.2469,2025-12-24T17:59:37Z
ICUI,147.84,2025-12-24T17:45:47Z
ICVT,99.88,2025-12-24T17:58:14Z
IDA,127.67,2025-12-24T17:59:15Z
IDAI,3.67,2025-12-24T17:51:58Z
IDCC,327.595,2025-12-24T17:55:43Z
IDE,12.335,2025-12-24T17:21:40Z
IDEQ,30.44,2025-12-24T17:59:32Z
IDEV,82.9,2025-12-24T17:59:42Z
IDGT,85.81,2025-12-24T16:15:31Z
IDHQ,35.3,2025-12-24T17:46:52Z
IDMO,56.07,2025-12-24T17:59:41Z
IDN,6.61,2025-12-24T17:59:40Z
IDNA,26.96,2025-12-24T16:50:57Z
IDOG,38.56,2025-12-24T16:30:10Z
IDR,47.84,2025-12-24T17:58:50Z
IDT,51.4,2025-12-24T17:59:47Z
IDV,39.565,2025-12-24T17:59:40Z
IDVO,38.78,2025-12-24T15:56:39Z
IDX,16.61,2025-12-24T16:39:27Z
IDXX,687.75,2025-12-24T17:59:34Z
IDYA,35.67,2025-12-24T17:59:55Z
IE,16.71,2025-12-24T17:59:54Z
IEF,96.355,2025-12-24T17:59:56Z
IEFA,89.8,2025-12-24T17:59:58Z
IEI,119.305,2025-12-24T17:50:26Z
IEMG,66.93,2025-12-24T17:59:59Z
IEO,88.755,2025-12-24T17:55:24Z
IEP,7.365,2025-12-24T17:59:37Z
IESC,406.545,2025-12-24T17:54:11Z
IETC,103.81,2025-12-24T16:49:16Z
IEUR,71.06,2025-12-24T17:59:57Z
IEUS,68.455,2025-12-24T16:08:22Z
IEV,68.76,2025-12-24T17:59:36Z
IEX,180.155,2025-12-24T17:59:22Z
IFF,66.9,2025-12-24T17:59:47Z
IFN,13.805,2025-12-24T17:30:06Z
IFRA,53.355,2025-12-24T17:59:49Z
IFRX,1.135,2025-12-24T17:59:31Z
IFS,42.89,2025-12-24T17:50:00Z
IFV,24.73,2025-12-24T15:52:44Z
IG,21.01,2025-12-24T16:53:38Z
IGA,9.87,2025-12-24T15:47:27Z
IGC,0.3032,2025-12-24T17:59:47Z
IGD,5.85,2025-12-24T17:57:04Z
IGE,50.45,2025-12-24T15:51:04Z
IGEB,45.74,2025-12-24T17:53:20Z
IGF,61.79,2025-12-24T17:59:48Z
IGI,16.45,2025-12-24T15:54:11Z
IGIB,53.95,2025-12-24T17:59:59Z
IGLB,50.81,2025-12-24T17:59:51Z
IGLD,26.26,2025-12-24T17:59:50Z
IGM,131.22,2025-12-24T17:59:58Z
IGOV,41.86,2025-12-24T17:59:47Z
IGPT,59.645,2025-12-24T17:22:20Z
IGR,4.285,2025-12-24T17:58:04Z
IGRO,83.095,2025-12-24T17:26:41Z
IGSB,52.845,2025-12-24T17:58:34Z
IGV,108.23,2025-12-24T17:59:55Z
IHAK,49.03,2025-12-24T17:59:31Z
IHDG,48.695,2025-12-24T17:59:40Z
IHE,86.18,2025-12-24T16:32:37Z
IHF,47.98,2025-12-24T17:55:37Z
IHG,143.275,2025-12-24T17:50:11Z
IHI,62.75,2025-12-24T17:59:55Z
IHRT,4.5,2025-12-24T17:59:58Z
IHS,7.27,2025-12-24T17:59:54Z
III,5.93,2025-12-24T17:59:33Z
IIIN,32.2,2025-12-24T17:44:36Z
IIIV,26.35,2025-12-24T17:59:50Z
IIM,12.12,2025-12-24T17:55:33Z
IINN,0.9599,2025-12-24T16:13:15Z
IIPR,50.93,2025-12-24T17:49:20Z
IJH,67.33,2025-12-24T17:59:51Z
IJJ,133.86,2025-12-24T17:59:31Z
IJK,99.16,2025-12-24T17:59:46Z
IJR,123.125,2025-12-24T17:59:57Z
IJS,115.71,2025-12-24T17:59:02Z
IJT,145.485,2025-12-24T17:51:40Z
IJUL,33.58,2025-12-24T17:07:31Z
IKT,1.66,2025-12-24T17:58:34Z
ILCG,105.59,2025-12-24T17:42:04Z
ILCV,95.3,2025-12-24T16:08:34Z
ILDR,33.47,2025-12-24T15:12:36Z
ILF,30.765,2025-12-24T17:59:59Z
ILIT,16.18,2025-12-24T14:50:17Z
ILLR,0.6213,2025-12-24T17:59:58Z
ILMN,135.33,2025-12-24T17:59:55Z
ILOW,42.73,2025-12-24T16:22:57Z
ILPT,5.475,2025-12-24T17:59:51Z
ILS,19.98,2025-12-24T14:56:24Z
ILTB,49.92,2025-12-24T16:06:51Z
IMA,6,2025-12-24T17:20:03Z
IMAX,37.76,2025-12-24T17:59:34Z
IMCB,84.03,2025-12-24T17:31:53Z
IMCC,1.42,2025-12-24T16:38:39Z
IMCG,81.48,2025-12-24T17:30:25Z
IMCR,36.745,2025-12-24T17:59:26Z
IMCV,83.3,2025-12-24T17:34:46Z
IMG,1.39,2025-12-24T17:58:47Z
IMKTA,70.8,2025-12-24T17:17:04Z
IMMP,3.065,2025-12-24T17:56:50Z
IMMR,6.9,2025-12-24T17:59:55Z
IMMX,5.755,2025-12-24T17:59:50Z
IMNM,22.325,2025-12-24T17:59:55Z
IMNN,3.55,2025-12-24T14:47:30Z
IMO,85.82,2025-12-24T17:59:53Z
IMOM,38.49,2025-12-24T17:42:26Z
IMPP,3.76,2025-12-24T17:59:54Z
IMRX,6.8,2025-12-24T17:59:50Z
IMSR,7.02,2025-12-24T17:59:54Z
IMST,14.22,2025-12-24T15:53:24Z
IMTB,44.21,2025-12-24T17:29:11Z
IMTM,48.36,2025-12-24T17:59:59Z
IMTX,10.36,2025-12-24T17:59:49Z
IMUX,0.5853,2025-12-24T17:28:28Z
IMVT,26.87,2025-12-24T17:59:53Z
IMXI,15.39,2025-12-24T17:50:59Z
INAB,2,2025-12-24T17:59:55Z
INBK,20.4,2025-12-24T17:45:31Z
INBX,80.225,2025-12-24T17:52:58Z
INCE,61.65,2025-12-24T17:59:45Z
INCM,28.305,2025-12-24T17:58:38Z
INCO,64.3,2025-12-24T16:46:13Z
INCR,1.15,2025-12-24T17:55:12Z
INCY,100.42,2025-12-24T17:59:55Z
INDA,54.005,2025-12-24T17:59:58Z
INDB,75.71,2025-12-24T17:59:23Z
INDI,3.765,2025-12-24T17:59:58Z
INDO,3.21,2025-12-24T17:59:45Z
INDP,2.73,2025-12-24T17:59:58Z
INDV,36.155,2025-12-24T17:59:41Z
INDY,49.21,2025-12-24T17:59:50Z
INEO,0.54,2025-12-24T15:40:41Z
INFL,44.86,2025-12-24T16:14:42Z
INFU,9.085,2025-12-24T17:59:58Z
INFY,18.68,2025-12-24T17:59:56Z
ING,28.25,2025-12-24T17:59:56Z
INGM,22.25,2025-12-24T17:59:51Z
INGN,6.67,2025-12-24T17:17:31Z
INGR,110.955,2025-12-24T17:59:57Z
INHD,1.355,2025-12-24T17:46:51Z
INKM,33.64,2025-12-24T17:21:19Z
INLX,8.18,2025-12-24T16:58:00Z
INM,1.25,2025-12-24T17:55:00Z
INMB,1.78,2025-12-24T17:59:42Z
INMD,14.485,2025-12-24T17:59:26Z
INMU,24.01,2025-12-24T17:59:46Z
INN,4.915,2025-12-24T17:59:51Z
INNV,5.61,2025-12-24T17:56:41Z
INO,2.27,2025-12-24T17:59:59Z
INOD,53.55,2025-12-24T17:36:27Z
INOV,34.43,2025-12-24T17:58:00Z
INR,14.57,2025-12-24T17:56:02Z
INSE,9.315,2025-12-24T17:59:31Z
INSG,10.83,2025-12-24T17:58:40Z
INSM,177.45,2025-12-24T17:59:53Z
INSP,95.97,2025-12-24T17:59:08Z
INSW,48.07,2025-12-24T17:58:37Z
INTA,47.34,2025-12-24T17:59:44Z
INTC,36.15,2025-12-24T17:59:59Z
INTF,37.91,2025-12-24T17:59:56Z
INTR,8.35,2025-12-24T17:59:51Z
INTS,0.4081,2025-12-24T17:59:55Z
INTT,7.45,2025-12-24T16:28:51Z
INTU,675,2025-12-24T17:59:48Z
INTW,40.82,2025-12-24T17:26:37Z
INTZ,1.255,2025-12-24T17:56:16Z
INUV,2.65,2025-12-24T17:59:14Z
INV,4.245,2025-12-24T17:59:04Z
INVA,19.78,2025-12-24T17:59:16Z
INVE,3.425,2025-12-24T17:59:53Z
INVH,27.325,2025-12-24T17:59:58Z
INVX,22.035,2025-12-24T17:56:28Z
INVZ,0.9695,2025-12-24T17:58:49Z
IOBT,0.7394,2025-12-24T17:29:18Z
IONL,40.4,2025-12-24T15:42:13Z
IONQ,49.865,2025-12-24T17:59:45Z
IONR,5,2025-12-24T17:59:37Z
IONS,80.585,2025-12-24T17:59:54Z
IONX,27.79,2025-12-24T17:59:28Z
IONZ,18.86,2025-12-24T17:59:30Z
IOO,127.485,2025-12-24T17:59:48Z
IOT,36.54,2025-12-24T17:59:55Z
IOVA,2.87,2025-12-24T17:59:53Z
IP,39.35,2025-12-24T17:59:53Z
IPAC,73.735,2025-12-24T17:59:59Z
IPAR,85.305,2025-12-24T17:59:32Z
IPAY,53.48,2025-12-24T17:27:55Z
IPDN,1.48,2025-12-24T17:51:15Z
IPGP,74.82,2025-12-24T17:58:40Z
IPHA,1.71,2025-12-24T15:34:48Z
IPI,27.97,2025-12-24T16:27:23Z
IPKW,55.74,2025-12-24T17:32:09Z
IPSC,1.025,2025-12-24T17:59:46Z
IPST,2.1,2025-12-24T15:11:42Z
IPX,36.61,2025-12-24T16:48:58Z
IQ,1.925,2025-12-24T17:59:45Z
IQDF,30.51,2025-12-24T17:58:27Z
IQDG,41.76,2025-12-24T16:54:47Z
IQDY,36.77,2025-12-24T17:56:28Z
IQI,9.92,2025-12-24T17:57:56Z
IQLT,45.695,2025-12-24T17:59:41Z
IQM,89.53,2025-12-24T14:58:57Z
IQQQ,45.16,2025-12-24T17:14:02Z
IQST,3.01,2025-12-24T17:05:28Z
IQV,225.99,2025-12-24T17:59:26Z
IR,81.525,2025-12-24T17:59:56Z
IRD,2.05,2025-12-24T17:55:36Z
IRDM,17.405,2025-12-24T17:59:39Z
IRE,7.375,2025-12-24T17:59:04Z
IREN,41.995,2025-12-24T17:59:37Z
IREX,12.6,2025-12-24T17:59:46Z
IRIX,1.12,2025-12-24T15:03:19Z
IRM,81.45,2025-12-24T17:59:55Z
IRMD,97.295,2025-12-24T17:25:11Z
IRON,80.45,2025-12-24T17:59:55Z
IRS,15.65,2025-12-24T17:03:28Z
IRT,17.32,2025-12-24T17:59:54Z
IRTC,176.09,2025-12-24T17:59:44Z
IRTR,30.875,2025-12-24T16:50:29Z
IRWD,3.255,2025-12-24T17:59:55Z
ISBA,53.79,2025-12-24T15:51:06Z
ISCF,41.64,2025-12-24T17:21:52Z
ISD,14.515,2025-12-24T16:33:23Z
ISHG,75.42,2025-12-24T17:55:14Z
ISMD,39.3,2025-12-24T16:34:44Z
ISOU,9.13,2025-12-24T17:35:55Z
ISPC,0.383,2025-12-24T17:58:44Z
ISPO,4.15,2025-12-24T17:18:04Z
ISPR,2.685,2025-12-24T17:17:19Z
ISPY,46.09,2025-12-24T15:15:00Z
ISRG,577.73,2025-12-24T17:59:24Z
ISSC,19.52,2025-12-24T17:59:53Z
ISTB,48.7,2025-12-24T17:59:46Z
ISTR,27.315,2025-12-24T17:59:54Z
ISUL,39.13,2025-12-24T17:51:24Z
ISVL,47.77,2025-12-24T15:43:44Z
IT,251.445,2025-12-24T17:59:36Z
ITA,220.47,2025-12-24T17:33:34Z
ITB,97.99,2025-12-24T17:59:58Z
ITDB,33.095,2025-12-24T17:59:45Z
ITDD,35.49,2025-12-24T16:43:20Z
ITGR,78.775,2025-12-24T17:59:32Z
ITM,47.34,2025-12-24T17:59:55Z
ITOT,150.7,2025-12-24T17:59:36Z
ITP,0.2364,2025-12-24T17:59:48Z
ITRG,4.375,2025-12-24T17:59:58Z
ITRI,96,2025-12-24T17:58:32Z
ITRM,0.3097,2025-12-24T17:26:07Z
ITRN,43.25,2025-12-24T17:59:55Z
ITT,178.29,2025-12-24T17:58:07Z
ITUB,7.29,2025-12-24T17:59:58Z
ITW,251.93,2025-12-24T17:59:35Z
IUS,57.58,2025-12-24T17:59:27Z
IUSB,46.62,2025-12-24T17:59:59Z
IUSG,170.43,2025-12-24T17:59:07Z
IUSV,103.65,2025-12-24T17:59:46Z
IVA,4.44,2025-12-24T17:57:30Z
IVDA,0.85,2025-12-24T14:34:24Z
IVE,214.24,2025-12-24T17:59:48Z
IVES,32.37,2025-12-24T17:59:10Z
IVLU,38.185,2025-12-24T17:59:56Z
IVOG,123.16,2025-12-24T16:04:29Z
IVOL,19.09,2025-12-24T17:59:58Z
IVOO,114.085,2025-12-24T17:02:56Z
IVP,0.0366,2025-12-24T17:56:24Z
IVR,8.635,2025-12-24T17:59:53Z
IVT,28.71,2025-12-24T17:59:55Z
IVV,693.34,2025-12-24T17:59:59Z
IVVB,33.39,2025-12-24T14:44:03Z
IVVD,2.805,2025-12-24T17:59:49Z
IVVW,45.53,2025-12-24T17:50:40Z
IVW,124.995,2025-12-24T17:59:47Z
IVZ,27.19,2025-12-24T17:59:58Z
IWB,378.21,2025-12-24T17:59:50Z
IWD,212.535,2025-12-24T17:59:34Z
IWF,480.485,2025-12-24T17:59:47Z
IWL,172.1,2025-12-24T14:39:03Z
IWM,252.685,2025-12-24T17:59:59Z
IWMI,49.695,2025-12-24T17:59:47Z
IWMY,20.25,2025-12-24T17:59:28Z
IWN,185.31,2025-12-24T17:59:00Z
IWO,333.19,2025-12-24T17:59:44Z
IWP,139.87,2025-12-24T17:59:54Z
IWR,97.84,2025-12-24T17:59:58Z
IWS,143.305,2025-12-24T17:32:28Z
IWV,391.97,2025-12-24T17:59:57Z
IWX,92.6,2025-12-24T17:59:57Z
IWY,280.785,2025-12-24T17:55:30Z
IX,29.52,2025-12-24T17:57:33Z
IXC,41.55,2025-12-24T17:58:31Z
IXG,122.42,2025-12-24T17:24:33Z
IXHL,0.4119,2025-12-24T17:59:39Z
IXJ,98.035,2025-12-24T17:59:30Z
IXN,105.74,2025-12-24T15:50:33Z
IXUS,84.925,2025-12-24T17:59:45Z
IYC,104.85,2025-12-24T17:59:50Z
IYE,47.175,2025-12-24T17:59:49Z
IYF,131.21,2025-12-24T17:59:26Z
IYG,94.065,2025-12-24T17:59:47Z
IYH,65.625,2025-12-24T17:59:45Z
IYK,67.345,2025-12-24T17:59:16Z
IYLD,21.42,2025-12-24T15:58:28Z
IYM,156.79,2025-12-24T17:59:51Z
IYR,94.21,2025-12-24T17:59:53Z
IYT,75.59,2025-12-24T17:56:47Z
IYW,202.705,2025-12-24T17:59:49Z
IYY,167.98,2025-12-24T17:26:52Z
IYZ,34.08,2025-12-24T17:59:57Z
IZEA,4.44,2025-12-24T17:04:18Z
IZM,2.295,2025-12-24T17:52:46Z
IZRL,30.74,2025-12-24T17:02:20Z
J,136.195,2025-12-24T17:59:15Z
JAAA,50.495,2025-12-24T17:59:32Z
JACK,19.13,2025-12-24T17:58:27Z
JAGX,1.115,2025-12-24T17:58:04Z
JAJL,29.07,2025-12-24T15:15:00Z
JAKK,16.78,2025-12-24T17:59:22Z
JAMF,12.995,2025-12-24T17:57:48Z
JANX,14.285,2025-12-24T17:59:55Z
JAVA,72.72,2025-12-24T17:42:04Z
JAZZ,170.87,2025-12-24T17:59:50Z
JBBB,47.655,2025-12-24T17:50:06Z
JBDI,0.87,2025-12-24T17:05:49Z
JBGS,17.095,2025-12-24T17:59:09Z
JBHT,198.32,2025-12-24T17:59:27Z
JBI,6.75,2025-12-24T17:59:24Z
JBIO,16.68,2025-12-24T17:42:45Z
JBL,234.535,2025-12-24T17:59:29Z
JBLU,4.735,2025-12-24T17:59:48Z
JBND,54.27,2025-12-24T17:59:58Z
JBS,14.55,2025-12-24T17:59:53Z
JBSS,72.34,2025-12-24T17:31:35Z
JBTM,154.73,2025-12-24T17:59:46Z
JCAP,22.91,2025-12-24T17:59:45Z
JCE,16.02,2025-12-24T16:40:59Z
JCI,121.36,2025-12-24T17:59:54Z
JCPB,47.59,2025-12-24T17:59:50Z
JCTC,2.22,2025-12-24T17:05:08Z
JD,29.17,2025-12-24T17:59:58Z
JDST,2.445,2025-12-24T17:58:52Z
JEDI,25.05,2025-12-24T17:37:26Z
JEF,63.855,2025-12-24T17:59:49Z
JELD,2.46,2025-12-24T17:59:53Z
JEPI,58,2025-12-24T17:58:15Z
JEPQ,59.295,2025-12-24T17:59:52Z
JETS,28.535,2025-12-24T17:59:59Z
JFB,14.185,2025-12-24T16:34:57Z
JFBR,1.02,2025-12-24T17:56:00Z
JFIN,6.355,2025-12-24T17:59:30Z
JFLX,50.415,2025-12-24T15:57:32Z
JFR,7.805,2025-12-24T17:58:08Z
JGH,12.525,2025-12-24T17:52:28Z
JGLO,68.145,2025-12-24T17:59:46Z
JGRO,94.31,2025-12-24T17:46:02Z
JGRW,27.31,2025-12-24T14:35:57Z
JHG,47.63,2025-12-24T17:59:54Z
JHI,13.6,2025-12-24T16:03:55Z
JHLN,25.07,2025-12-24T17:57:07Z
JHMB,22.33,2025-12-24T17:49:27Z
JHMD,42.17,2025-12-24T15:08:00Z
JHMM,67,2025-12-24T17:59:50Z
JHSC,43.24,2025-12-24T17:40:05Z
JHX,20.91,2025-12-24T17:59:58Z
JILL,14.46,2025-12-24T17:57:25Z
JIRE,75.25,2025-12-24T17:59:47Z
JIVE,80.265,2025-12-24T17:59:17Z
JJSF,90.58,2025-12-24T17:59:48Z
JKHY,185.135,2025-12-24T17:59:23Z
JKS,27.26,2025-12-24T17:59:51Z
JLHL,3.68,2025-12-24T17:26:09Z
JLL,346.715,2025-12-24T17:59:53Z
JLS,18.28,2025-12-24T15:47:12Z
JMBS,45.735,2025-12-24T17:55:05Z
JMEE,65.86,2025-12-24T17:59:18Z
JMG,6.07,2025-12-24T17:49:11Z
JMHI,50.33,2025-12-24T17:48:20Z
JMIA,12.71,2025-12-24T17:59:58Z
JMM,6.02,2025-12-24T16:22:25Z
JMOM,69.41,2025-12-24T17:14:16Z
JMST,51.02,2025-12-24T17:59:52Z
JMTG,51.265,2025-12-24T17:58:02Z
JMUB,50.59,2025-12-24T17:59:59Z
JNEU,30.61,2025-12-24T15:14:46Z
JNJ,207.83,2025-12-24T17:59:48Z
JNK,97.21,2025-12-24T17:59:57Z
JNUG,227.56,2025-12-24T17:59:34Z
JOB,0.1884,2025-12-24T17:59:55Z
JOBX,21.58,2025-12-24T17:14:47Z
JOBY,14.28,2025-12-24T17:59:53Z
JOBY+,4.55,2025-12-24T15:10:07Z
JOE,59.15,2025-12-24T17:42:53Z
JOF,10.835,2025-12-24T16:53:03Z
JOUT,44.465,2025-12-24T17:51:41Z
JOYY,65.78,2025-12-24T17:59:45Z
JPC,8.085,2025-12-24T17:58:06Z
JPEF,75.57,2025-12-24T17:59:47Z
JPEM,60.65,2025-12-24T14:30:02Z
JPHY,50.865,2025-12-24T17:59:45Z
JPIB,48.96,2025-12-24T17:59:46Z
JPIE,46.46,2025-12-24T17:58:17Z
JPIN,68.435,2025-12-24T16:06:18Z
JPLD,52.485,2025-12-24T17:59:55Z
JPM,328.975,2025-12-24T17:59:58Z
JPM-C,25.2,2025-12-24T17:27:57Z
JPM-L,19.64,2025-12-24T16:41:42Z
JPM-M,18.2,2025-12-24T17:58:59Z
JPMO,16.31,2025-12-24T16:58:55Z
JPRE,46.825,2025-12-24T17:59:46Z
JPST,50.73,2025-12-24T17:59:49Z
JPY,32.09,2025-12-24T16:30:39Z
JQC,5.05,2025-12-24T17:57:34Z
JQUA,64.01,2025-12-24T17:59:45Z
JRI,13.48,2025-12-24T17:46:18Z
JRS,7.58,2025-12-24T17:30:18Z
JRVR,6.4,2025-12-24T17:59:48Z
JSCP,47.695,2025-12-24T17:59:48Z
JSI,51.97,2025-12-24T17:59:46Z
JSMD,84.04,2025-12-24T17:59:48Z
JSML,75.4,2025-12-24T15:08:30Z
JSPR,1.825,2025-12-24T17:59:41Z
JSTC,21.6,2025-12-24T14:30:44Z
JTAI,0.7379,2025-12-24T17:44:59Z
JTEK,91.92,2025-12-24T17:20:15Z
JULJ,25.34,2025-12-24T15:15:16Z
JVAL,49.7,2025-12-24T16:32:20Z
JWEL,2.31,2025-12-24T17:58:28Z
JXI,78.65,2025-12-24T17:58:05Z
JXN,108.44,2025-12-24T17:59:46Z
JYNT,8.9,2025-12-24T17:49:40Z
JZ,1.24,2025-12-24T14:35:44Z
KAI,294.34,2025-12-24T17:56:57Z
KALA,0.655,2025-12-24T17:59:30Z
KALU,116.84,2025-12-24T17:50:22Z
KALV,15.775,2025-12-24T17:59:55Z
KAMO,25.1,2025-12-24T16:06:41Z
KAR,30.895,2025-12-24T17:59:39Z
KARO,47.11,2025-12-24T17:19:13Z
KB,87.215,2025-12-24T15:39:09Z
KBDC,14.77,2025-12-24T17:59:23Z
KBE,62.34,2025-12-24T17:59:54Z
KBH,57.39,2025-12-24T17:59:58Z
KBR,40.305,2025-12-24T17:59:26Z
KBWB,86.47,2025-12-24T17:59:18Z
KBWD,13.725,2025-12-24T17:59:45Z
KBWP,128.4,2025-12-24T17:42:03Z
KBWY,15.34,2025-12-24T17:59:50Z
KC,10.68,2025-12-24T17:59:07Z
KD,27.255,2025-12-24T17:59:56Z
KDK,10.465,2025-12-24T17:59:44Z
KDKRW,1.62,2025-12-24T17:58:47Z
KDP,28.01,2025-12-24T17:59:59Z
KE,28.97,2025-12-24T17:59:57Z
KELYA,8.615,2025-12-24T17:58:11Z
KEP,16.83,2025-12-24T17:56:23Z
KEUA,28.39,2025-12-24T15:20:08Z
KEX,110.94,2025-12-24T17:54:12Z
KEY,21.14,2025-12-24T17:59:59Z
KEY-I,24.78,2025-12-24T17:46:38Z
KEY-L,25.12,2025-12-24T16:45:41Z
KEYS,205.46,2025-12-24T17:59:56Z
KF,35.51,2025-12-24T15:00:59Z
KFRC,30.99,2025-12-24T17:56:45Z
KFS,13.39,2025-12-24T14:35:26Z
KFY,66.62,2025-12-24T17:59:53Z
KGC,29.29,2025-12-24T17:59:57Z
KGEI,4.1,2025-12-24T17:59:43Z
KGS,36.7,2025-12-24T17:59:52Z
KHC,24.02,2025-12-24T17:59:59Z
KHPI,25.99,2025-12-24T17:34:32Z
KHYB,24.5,2025-12-24T16:40:35Z
KIDS,17.45,2025-12-24T15:51:11Z
KIDZ,0.2079,2025-12-24T17:58:56Z
KIDZW,0.0259,2025-12-24T17:51:00Z
KIE,61.01,2025-12-24T17:59:51Z
KIM,20.43,2025-12-24T17:59:54Z
KINS,17.38,2025-12-24T17:59:53Z
KIO,11.62,2025-12-24T17:59:59Z
KITT,0.8964,2025-12-24T17:57:29Z
KJUL,31.86,2025-12-24T15:18:26Z
KKR,130.72,2025-12-24T17:59:40Z
KKRS,17.25,2025-12-24T16:54:03Z
KKRT,25.77,2025-12-24T17:51:27Z
KLAC,1276.73,2025-12-24T17:59:57Z
KLAG,17.7,2025-12-24T17:07:58Z
KLAR,30.43,2025-12-24T17:59:56Z
KLC,4.305,2025-12-24T17:58:41Z
KLIC,46.48,2025-12-24T17:58:43Z
KLIP,30.99,2025-12-24T15:55:54Z
KLRS,9.51,2025-12-24T17:41:36Z
KLTR,1.7,2025-12-24T17:59:55Z
KLXE,1.68,2025-12-24T16:50:40Z
KMB,101.11,2025-12-24T17:59:42Z
KMDA,7.09,2025-12-24T17:14:57Z
KMI,27.19,2025-12-24T17:59:59Z
KMLI,13.77,2025-12-24T17:04:49Z
KMLM,25.88,2025-12-24T17:36:05Z
KMPB,23.38,2025-12-24T15:35:05Z
KMPR,41.02,2025-12-24T17:59:10Z
KMT,29.26,2025-12-24T17:59:38Z
KMTS,27.49,2025-12-24T17:58:58Z
KMX,39.18,2025-12-24T17:59:51Z
KN,22.09,2025-12-24T17:59:18Z
KNDI,0.8646,2025-12-24T16:45:52Z
KNF,73.41,2025-12-24T17:58:47Z
KNG,49.525,2025-12-24T17:59:46Z
KNOP,10.51,2025-12-24T17:37:10Z
KNRX,1.48,2025-12-24T17:44:34Z
KNSA,42.55,2025-12-24T17:57:52Z
KNSL,395.98,2025-12-24T17:57:08Z
KNTK,35.745,2025-12-24T17:59:52Z
KNX,53.575,2025-12-24T17:59:55Z
KO,70.1,2025-12-24T17:59:54Z
KOD,31.12,2025-12-24T17:59:38Z
KODK,8.935,2025-12-24T17:59:30Z
KOF,95.75,2025-12-24T17:59:39Z
KOID,31.02,2025-12-24T14:36:29Z
KOLD,34.61,2025-12-24T17:59:07Z
KOMP,61.4,2025-12-24T17:59:47Z
KOP,27.145,2025-12-24T17:33:57Z
KOPN,2.455,2025-12-24T17:59:57Z
KORP,47.375,2025-12-24T17:59:38Z
KOS,0.9062,2025-12-24T17:59:51Z
KOSS,4.49,2025-12-24T17:59:32Z
KOYN,9.945,2025-12-24T17:58:16Z
KPDD,11.55,2025-12-24T17:59:40Z
KPLT,6.41,2025-12-24T14:58:03Z
KPTI,7.44,2025-12-24T17:59:37Z
KQQQ,28.34,2025-12-24T15:48:35Z
KR,62.925,2025-12-24T17:59:46Z
KRBN,35.34,2025-12-24T15:31:37Z
KRC,38,2025-12-24T17:59:53Z
KRE,66.7,2025-12-24T17:59:59Z
KREF,8.59,2025-12-24T17:59:52Z
KREF-A,18.45,2025-12-24T16:29:53Z
KRG,24,2025-12-24T17:59:55Z
KRMA,44.97,2025-12-24T17:21:02Z
KRMD,6.5,2025-12-24T17:58:14Z
KRMN,80.8,2025-12-24T17:59:53Z
KRNT,14.595,2025-12-24T17:58:38Z
KRNY,7.665,2025-12-24T17:59:43Z
KRO,4.58,2025-12-24T17:59:52Z
KROS,21.34,2025-12-24T17:59:50Z
KRP,11.56,2025-12-24T17:59:40Z
KRRO,8.44,2025-12-24T17:48:22Z
KRSP,10.28,2025-12-24T15:46:57Z
KRT,22.86,2025-12-24T17:56:56Z
KRUS,55.47,2025-12-24T17:59:51Z
KRYS,250.73,2025-12-24T17:49:05Z
KSA,36.595,2025-12-24T17:59:00Z
KSCP,3.83,2025-12-24T17:12:55Z
KSPI,78.505,2025-12-24T17:58:18Z
KSS,21.58,2025-12-24T17:59:59Z
KSTR,18.62,2025-12-24T16:18:34Z
KT,19.04,2025-12-24T17:59:58Z
KTB,62.555,2025-12-24T17:59:17Z
KTCC,2.61,2025-12-24T16:04:26Z
KTEC,15.79,2025-12-24T14:32:46Z
KTF,9.03,2025-12-24T16:53:00Z
KTOS,80,2025-12-24T17:59:55Z
KTTA,1.17,2025-12-24T17:50:20Z
KULR,3.58,2025-12-24T17:59:54Z
KURA,11.055,2025-12-24T17:59:53Z
KURE,17.62,2025-12-24T17:01:52Z
KVHI,6.855,2025-12-24T17:56:01Z
KVUE,17.22,2025-12-24T17:59:54Z
KVYO,32.39,2025-12-24T17:59:48Z
KW,9.73,2025-12-24T17:59:44Z
KWEB,34.51,2025-12-24T17:59:52Z
KWIN,25.15,2025-12-24T14:59:02Z
KWM,0.411,2025-12-24T17:59:29Z
KWR,141.99,2025-12-24T16:55:33Z
KXI,64.8,2025-12-24T17:32:58Z
KXIN,4.66,2025-12-24T17:06:41Z
KYIV,13.52,2025-12-24T17:58:14Z
KYLD,22.29,2025-12-24T17:59:46Z
KYMR,83.215,2025-12-24T17:59:47Z
KYN,12.14,2025-12-24T17:57:30Z
KYTX,9,2025-12-24T17:59:55Z
KZIA,8.275,2025-12-24T17:57:23Z
L,107.33,2025-12-24T17:59:21Z
LAB,1.475,2025-12-24T17:59:12Z
LABD,18.94,2025-12-24T17:59:11Z
LABU,177.5,2025-12-24T17:59:12Z
LABX,15.95,2025-12-24T17:09:09Z
LAC,4.855,2025-12-24T17:59:34Z
LAD,346.155,2025-12-24T17:56:58Z
LADR,11.34,2025-12-24T17:59:24Z
LAES,4.18,2025-12-24T17:59:59Z
LAKE,8.735,2025-12-24T17:59:50Z
LAMR,126.86,2025-12-24T17:59:37Z
LAND,8.87,2025-12-24T17:59:57Z
LANDP,18.67,2025-12-24T17:23:51Z
LANV,1.78,2025-12-24T17:41:35Z
LAR,5.65,2025-12-24T17:59:50Z
LASE,2.79,2025-12-24T17:58:02Z
LASR,39.28,2025-12-24T17:50:11Z
LAUR,33.83,2025-12-24T17:59:57Z
LAW,8.06,2025-12-24T17:59:59Z
LAZ,49.44,2025-12-24T17:59:53Z
LB,52.88,2025-12-24T17:46:45Z
LBO,29.03,2025-12-24T16:33:38Z
LBRDA,48.21,2025-12-24T17:53:48Z
LBRDK,48.51,2025-12-24T17:59:14Z
LBRT,18.55,2025-12-24T17:59:58Z
LBRX,22.02,2025-12-24T17:59:45Z
LBTYA,11.15,2025-12-24T17:59:55Z
LBTYK,11.03,2025-12-24T17:59:51Z
LC,19.76,2025-12-24T17:59:59Z
LCAP,29.99,2025-12-24T15:56:21Z
LCDL,4.08,2025-12-24T17:59:46Z
LCID,11.8,2025-12-24T17:59:59Z
LCII,123.36,2025-12-24T17:50:02Z
LCTU,74.97,2025-12-24T16:30:12Z
LCTX,1.675,2025-12-24T17:59:35Z
LDI,2.17,2025-12-24T17:59:55Z
LDOS,186.66,2025-12-24T17:58:30Z
LDP,21.13,2025-12-24T17:59:14Z
LDRC,25.37,2025-12-24T16:45:10Z
LDRI,25.21,2025-12-24T16:14:27Z
LDRT,25.28,2025-12-24T17:05:29Z
LDSF,19.165,2025-12-24T17:59:49Z
LDUR,96.17,2025-12-24T15:27:36Z
LE,14.18,2025-12-24T17:58:24Z
LEA,116.645,2025-12-24T17:59:04Z
LEAD,77.605,2025-12-24T17:59:46Z
LECO,245.31,2025-12-24T17:57:45Z
LEDS,1.76,2025-12-24T15:27:40Z
LEG,10.94,2025-12-24T17:59:59Z
LEGH,19.85,2025-12-24T17:50:59Z
LEGN,22.97,2025-12-24T17:59:56Z
LEGT+,0.44,2025-12-24T17:56:41Z
LEMB,41.585,2025-12-24T17:32:25Z
LEN,105.06,2025-12-24T17:59:58Z
LENZ,17.175,2025-12-24T17:59:48Z
LEO,6.24,2025-12-24T17:59:02Z
LESL,1.68,2025-12-24T17:59:53Z
LEU,259.67,2025-12-24T17:59:35Z
LEVI,21.16,2025-12-24T17:59:50Z
LEXX,0.56,2025-12-24T17:50:14Z
LFCR,8.275,2025-12-24T17:59:42Z
LFGY,26.24,2025-12-24T17:59:50Z
LFMD,4,2025-12-24T17:59:59Z
LFST,7.09,2025-12-24T17:59:58Z
LFT,1.465,2025-12-24T17:59:52Z
LFUS,260.815,2025-12-24T17:58:22Z
LFVN,6.295,2025-12-24T17:54:56Z
LFWD,0.6342,2025-12-24T17:59:24Z
LGCB,1.86,2025-12-24T14:58:49Z
LGCY,10.25,2025-12-24T17:17:51Z
LGH,62.95,2025-12-24T16:03:35Z
LGHL,2.755,2025-12-24T16:24:19Z
LGI,17.645,2025-12-24T17:24:37Z
LGIH,42.94,2025-12-24T17:58:16Z
LGLV,177.38,2025-12-24T17:36:27Z
LGN,44.34,2025-12-24T17:59:50Z
LGND,197.55,2025-12-24T17:50:00Z
LGO,1.015,2025-12-24T17:59:14Z
LGOV,21.915,2025-12-24T17:59:56Z
LGVN,0.5381,2025-12-24T16:12:47Z
LH,254.42,2025-12-24T17:59:50Z
LHAI,7.2,2025-12-24T17:01:49Z
LHX,298.2,2025-12-24T17:59:54Z
LI,16.775,2025-12-24T17:59:58Z
LICN,3.11,2025-12-24T15:39:20Z
LIDR,2.275,2025-12-24T17:59:46Z
LIEN,10.495,2025-12-24T17:23:56Z
LIF,66.56,2025-12-24T17:59:51Z
LII,497.19,2025-12-24T17:59:26Z
LILA,7.57,2025-12-24T17:58:52Z
LILAK,7.665,2025-12-24T17:59:55Z
LIMN,0.7099,2025-12-24T15:56:35Z
LIN,424.9,2025-12-24T17:59:53Z
LINC,24.8,2025-12-24T17:54:23Z
LIND,14.595,2025-12-24T17:59:51Z
LINE,35.075,2025-12-24T17:59:45Z
LINK,3.815,2025-12-24T17:33:15Z
LION,8.91,2025-12-24T17:59:55Z
LIQT,1.62,2025-12-24T17:58:31Z
LIT,67.13,2025-12-24T17:59:59Z
LITB,2.41,2025-12-24T14:38:40Z
LITE,396.16,2025-12-24T17:59:25Z
LITM,3.59,2025-12-24T17:05:39Z
LITP,12.67,2025-12-24T17:59:39Z
LITS,1.385,2025-12-24T17:59:29Z
LIVN,63.09,2025-12-24T17:59:53Z
LIXT,4.045,2025-12-24T16:49:34Z
LKFN,59.075,2025-12-24T17:53:23Z
LKQ,30.275,2025-12-24T17:59:59Z
LLDR,46.01,2025-12-24T15:02:35Z
LLY,1076.31,2025-12-24T17:59:46Z
LLYVA,82.37,2025-12-24T17:59:44Z
LLYVK,84.57,2025-12-24T17:59:55Z
LLYX,26.29,2025-12-24T17:51:51Z
LLYZ,8.5,2025-12-24T15:14:33Z
LMAT,84.52,2025-12-24T17:43:08Z
LMB,80.02,2025-12-24T17:21:40Z
LMBS,50.05,2025-12-24T17:59:47Z
LMFA,0.5125,2025-12-24T17:59:25Z
LMND,79.84,2025-12-24T17:59:04Z
LMNR,12.92,2025-12-24T17:55:09Z
LMNX,37.61,2025-12-24T16:49:28Z
LMRI,18.225,2025-12-24T17:59:59Z
LMT,485.87,2025-12-24T17:59:59Z
LNAI,0.9772,2025-12-24T17:39:20Z
LNC,46.005,2025-12-24T17:59:50Z
LNG,190.16,2025-12-24T17:58:55Z
LNGX,35.62,2025-12-24T17:59:58Z
LNKB,8.47,2025-12-24T17:58:55Z
LNKS,0.385,2025-12-24T17:57:18Z
LNN,118.275,2025-12-24T17:17:24Z
LNSR,12.01,2025-12-24T17:59:15Z
LNT,65.45,2025-12-24T17:59:26Z
LNTH,66.705,2025-12-24T17:59:47Z
LOAN,4.875,2025-12-24T17:09:21Z
LOAR,68.58,2025-12-24T17:58:10Z
LOB,35.88,2025-12-24T17:51:50Z
LOBO,0.663,2025-12-24T15:27:46Z
LOCO,10.74,2025-12-24T17:56:46Z
LODE,4.055,2025-12-24T17:59:33Z
LOGI,105.05,2025-12-24T17:58:05Z
LOGO,21.29,2025-12-24T16:35:25Z
LOMA,12.86,2025-12-24T17:59:58Z
LOPE,168.41,2025-12-24T17:59:02Z
LOT,1.325,2025-12-24T17:59:30Z
LOVE,14.9,2025-12-24T17:59:53Z
LOW,243.08,2025-12-24T17:59:58Z
LPA,2.745,2025-12-24T17:06:51Z
LPCN,4.6,2025-12-24T16:13:54Z
LPG,24.13,2025-12-24T17:59:32Z
LPL,4.26,2025-12-24T17:59:46Z
LPLA,373.38,2025-12-24T17:59:53Z
LPRO,1.62,2025-12-24T17:58:31Z
LPSN,4.145,2025-12-24T17:50:27Z
LPTH,9.065,2025-12-24T17:59:32Z
LPX,82.62,2025-12-24T17:59:09Z
LQD,110.64,2025-12-24T17:59:56Z
LQDA,35.85,2025-12-24T17:59:48Z
LQDH,93.345,2025-12-24T17:59:45Z
LQDT,30.89,2025-12-24T17:58:38Z
LQDW,24.56,2025-12-24T15:37:15Z
LQTI,20.09,2025-12-24T16:40:37Z
LRCX,177.31,2025-12-24T17:59:59Z
LRGF,70.4,2025-12-24T17:59:00Z
LRHC,0.6766,2025-12-24T17:59:18Z
LRMR,3.97,2025-12-24T17:59:51Z
LRN,65.92,2025-12-24T17:59:38Z
LRNZ,48.27,2025-12-24T14:52:02Z
LSAF,46.01,2025-12-24T17:59:45Z
LSAK,4.405,2025-12-24T17:59:45Z
LSCC,76.59,2025-12-24T17:59:50Z
LSE,4.15,2025-12-24T15:01:11Z
LSF,2.27,2025-12-24T17:05:27Z
LSPD,12.25,2025-12-24T17:59:05Z
LSTA,2.04,2025-12-24T15:08:31Z
LSTR,145.34,2025-12-24T17:54:30Z
LTBR,14.41,2025-12-24T17:59:18Z
LTC,34.19,2025-12-24T17:44:44Z
LTCC,18.68,2025-12-24T16:34:31Z
LTH,26.71,2025-12-24T17:59:55Z
LTM,54.07,2025-12-24T17:57:15Z
LTPZ,52.31,2025-12-24T17:59:45Z
LTRN,3.37,2025-12-24T17:54:35Z
LTRX,5.76,2025-12-24T17:59:37Z
LU,2.645,2025-12-24T17:59:50Z
LUCD,1.115,2025-12-24T17:59:24Z
LUCK,8.97,2025-12-24T17:59:36Z
LULU,210.38,2025-12-24T17:59:57Z
LUMN,7.78,2025-12-24T17:59:58Z
LUNG,2.27,2025-12-24T17:59:30Z
LUNR,16.7,2025-12-24T17:59:58Z
LUV,41.455,2025-12-24T17:59:54Z
LUXE,8.62,2025-12-24T17:59:52Z
LVHD,40.45,2025-12-24T17:59:45Z
LVHI,36.73,2025-12-24T17:59:17Z
LVO,4.3,2025-12-24T16:42:16Z
LVS,66.31,2025-12-24T17:59:41Z
LVWR,4.725,2025-12-24T17:43:34Z
LW,42.505,2025-12-24T17:59:50Z
LWAY,24.055,2025-12-24T17:55:19Z
LWLG,3.425,2025-12-24T17:59:50Z
LX,3.41,2025-12-24T17:59:50Z
LXEH,0.2314,2025-12-24T17:23:50Z
LXEO,10.55,2025-12-24T17:59:55Z
LXFR,14.01,2025-12-24T17:59:28Z
LXP,50.82,2025-12-24T17:59:44Z
LXRX,1.235,2025-12-24T17:59:47Z
LXU,8.47,2025-12-24T17:59:25Z
LYB,42.88,2025-12-24T17:59:50Z
LYEL,38.55,2025-12-24T17:59:06Z
LYFT,19.59,2025-12-24T17:59:55Z
LYG,5.32,2025-12-24T17:59:51Z
LYRA,3.54,2025-12-24T16:45:19Z
LYTS,18.96,2025-12-24T17:17:03Z
LYV,145.19,2025-12-24T17:59:46Z
LZ,10.02,2025-12-24T17:59:56Z
LZB,37.95,2025-12-24T17:59:51Z
LZM,4.435,2025-12-24T17:59:21Z
LZMH,1.445,2025-12-24T17:59:54Z
M,22.33,2025-12-24T17:59:57Z
MA,579.82,2025-12-24T17:59:47Z
MAA,137.3,2025-12-24T17:59:50Z
MAC,19.065,2025-12-24T17:59:13Z
MADE,31.835,2025-12-24T17:59:45Z
MAGG,20.63,2025-12-24T16:56:17Z
MAGN,15.05,2025-12-24T17:59:30Z
MAGS,68.2,2025-12-24T17:59:51Z
MAGY,53.68,2025-12-24T17:16:56Z
MAIA,1.475,2025-12-24T17:59:46Z
MAIN,59.73,2025-12-24T17:53:47Z
MAMA,13.67,2025-12-24T17:59:35Z
MAMO,4.05,2025-12-24T17:55:09Z
MAN,29.33,2025-12-24T17:59:58Z
MANH,175.4,2025-12-24T17:59:16Z
MANU,16.04,2025-12-24T17:59:18Z
MAPS,0.875,2025-12-24T17:59:35Z
MAR,315.265,2025-12-24T17:59:35Z
MARA,9.93,2025-12-24T17:59:46Z
MAS,64.815,2025-12-24T17:59:37Z
MASI,133.36,2025-12-24T17:59:58Z
MASK,0.2067,2025-12-24T17:58:49Z
MASS,5.44,2025-12-24T17:58:34Z
MAT,19.98,2025-12-24T17:59:52Z
MATV,12.37,2025-12-24T17:57:27Z
MATW,26.645,2025-12-24T17:59:47Z
MATX,124.695,2025-12-24T17:59:28Z
MAVF,123.14,2025-12-24T16:21:45Z
MAX,12.72,2025-12-24T17:59:33Z
MAXI,14.67,2025-12-24T17:06:58Z
MAXN,3.27,2025-12-24T17:36:47Z
MAZE,42.19,2025-12-24T17:59:53Z
MBAV,10.685,2025-12-24T17:59:46Z
MBAVW,0.88,2025-12-24T15:34:36Z
MBB,95.43,2025-12-24T17:59:58Z
MBC,11.21,2025-12-24T17:59:58Z
MBI,7.12,2025-12-24T17:59:50Z
MBIN,33.865,2025-12-24T17:59:51Z
MBINL,23.26,2025-12-24T17:11:25Z
MBIO,1.07,2025-12-24T17:03:04Z
MBLY,10.17,2025-12-24T17:59:58Z
MBND,27.3,2025-12-24T15:34:06Z
MBOT,2.19,2025-12-24T17:59:45Z
MBRX,3.95,2025-12-24T17:56:34Z
MBSD,20.77,2025-12-24T15:50:08Z
MBUU,29.09,2025-12-24T17:59:24Z
MBWM,49.015,2025-12-24T17:59:12Z
MBX,32.125,2025-12-24T17:59:56Z
MC,71.165,2025-12-24T17:59:50Z
MCB,78.23,2025-12-24T17:26:50Z
MCBS,27.105,2025-12-24T17:59:09Z
MCD,313.25,2025-12-24T17:59:57Z
MCFT,19.45,2025-12-24T17:55:29Z
MCGA,10.1,2025-12-24T15:46:44Z
MCGAU,10.22,2025-12-24T17:01:33Z
MCHB,14.19,2025-12-24T17:59:50Z
MCHI,60.61,2025-12-24T17:59:46Z
MCHP,65.395,2025-12-24T17:59:43Z
MCK,826.86,2025-12-24T17:59:27Z
MCN,5.93,2025-12-24T17:55:25Z
MCO,517.04,2025-12-24T17:59:50Z
MCR,6.32,2025-12-24T17:55:23Z
MCRI,97.75,2025-12-24T17:59:13Z
MCS,15.235,2025-12-24T17:06:52Z
MCW,5.75,2025-12-24T17:59:54Z
MCY,94.875,2025-12-24T17:56:51Z
MD,21.76,2025-12-24T17:59:49Z
MDAI,1.45,2025-12-24T17:59:30Z
MDB,435.51,2025-12-24T17:59:59Z
MDCX,1.57,2025-12-24T17:43:20Z
MDGL,603.58,2025-12-24T17:59:10Z
MDIV,15.72,2025-12-24T17:49:47Z
MDLN,44.17,2025-12-24T17:59:51Z
MDLZ,54.58,2025-12-24T17:59:59Z
MDST,26.43,2025-12-24T17:31:23Z
MDT,97.295,2025-12-24T17:59:50Z
MDU,19.635,2025-12-24T17:59:59Z
MDXG,7.07,2025-12-24T17:59:44Z
MDXH,3.48,2025-12-24T17:59:46Z
MDY,615.53,2025-12-24T17:59:50Z
MDYG,94.52,2025-12-24T16:33:29Z
MDYV,86.15,2025-12-24T17:59:48Z
MEAR,50.285,2025-12-24T17:54:48Z
MEC,19.15,2025-12-24T17:59:38Z
MED,11.29,2025-12-24T17:57:45Z
MEDP,571.1,2025-12-24T17:59:20Z
MEG,26.32,2025-12-24T17:59:27Z
MEGI,13.795,2025-12-24T17:42:33Z
MEHA,0.2269,2025-12-24T17:59:47Z
MEI,6.915,2025-12-24T17:59:54Z
MELI,1999.29,2025-12-24T17:59:54Z
MEME,6.69,2025-12-24T14:48:59Z
MEMX,37,2025-12-24T16:40:21Z
MENS,3.565,2025-12-24T17:59:18Z
MEOH,40.185,2025-12-24T17:59:02Z
MER-K,25.59,2025-12-24T17:58:48Z
MERC,2.045,2025-12-24T17:59:46Z
MESO,19.46,2025-12-24T17:53:00Z
MET,81.1,2025-12-24T17:59:37Z
MET-A,21.87,2025-12-24T17:59:31Z
MET-F,19.64,2025-12-24T17:29:51Z
META,667.78,2025-12-24T17:59:58Z
METC,18.16,2025-12-24T17:59:58Z
METCB,11.05,2025-12-24T17:43:28Z
METD,15.66,2025-12-24T17:08:56Z
METL,26.03,2025-12-24T14:30:54Z
METU,32.96,2025-12-24T17:59:45Z
METV,18.915,2025-12-24T17:59:45Z
METW,36.46,2025-12-24T14:52:42Z
MEXX,26.8,2025-12-24T17:59:13Z
MFA,9.77,2025-12-24T17:59:58Z
MFAN,25.11,2025-12-24T14:35:14Z
MFC,36.645,2025-12-24T17:59:49Z
MFDX,38.88,2025-12-24T15:48:57Z
MFEM,23.2,2025-12-24T17:55:09Z
MFG,7.415,2025-12-24T17:59:58Z
MFIC,11.45,2025-12-24T17:59:32Z
MFIG,20.36,2025-12-24T17:13:50Z
MFIN,10.515,2025-12-24T17:56:58Z
MFM,5.345,2025-12-24T17:57:57Z
MFSI,30.515,2025-12-24T17:50:04Z
MFSV,26.845,2025-12-24T17:59:58Z
MFUL,21.83,2025-12-24T17:59:45Z
MG,13.065,2025-12-24T17:52:12Z
MGA,53.74,2025-12-24T17:59:52Z
MGC,254.07,2025-12-24T17:55:00Z
MGEE,78.44,2025-12-24T17:51:31Z
MGF,3.005,2025-12-24T17:53:54Z
MGIC,26.96,2025-12-24T17:50:20Z
MGK,418.86,2025-12-24T17:59:54Z
MGM,37.095,2025-12-24T17:59:59Z
MGNI,16.515,2025-12-24T17:59:43Z
MGNX,1.62,2025-12-24T17:59:59Z
MGOV,20.51,2025-12-24T17:59:46Z
MGPI,24.22,2025-12-24T17:59:53Z
MGR,21.38,2025-12-24T17:27:37Z
MGRC,107.925,2025-12-24T17:54:40Z
MGRE,24.71,2025-12-24T17:51:22Z
MGRT,10.695,2025-12-24T15:44:45Z
MGRX,0.7546,2025-12-24T17:40:33Z
MGTX,8.26,2025-12-24T17:59:58Z
MGV,142.48,2025-12-24T17:52:31Z
MGX,1.75,2025-12-24T17:59:44Z
MGY,21.785,2025-12-24T17:59:50Z
MH,17.13,2025-12-24T17:59:54Z
MHD,11.57,2025-12-24T17:49:15Z
MHF,6.87,2025-12-24T17:47:12Z
MHH,7.25,2025-12-24T15:45:24Z
MHK,110.02,2025-12-24T17:59:47Z
MHN,10.25,2025-12-24T17:04:14Z
MHO,128.715,2025-12-24T17:59:35Z
MIAX,46.85,2025-12-24T17:54:39Z
MICC,15.625,2025-12-24T17:59:56Z
MIDD,150.69,2025-12-24T17:59:36Z
MIGI,4.49,2025-12-24T17:51:11Z
MIMI,0.3825,2025-12-24T15:32:03Z
MIN,2.63,2025-12-24T17:55:42Z
MIND,9.105,2025-12-24T17:43:20Z
MINO,45.49,2025-12-24T17:52:18Z
MINT,100.625,2025-12-24T17:38:21Z
MIR,24.005,2025-12-24T17:59:32Z
MIRA,1.59,2025-12-24T16:26:10Z
MIRM,80.705,2025-12-24T17:59:44Z
MISL,43.97,2025-12-24T17:10:36Z
MIST,2.07,2025-12-24T17:59:57Z
MITK,10.445,2025-12-24T17:59:52Z
MITT,8.96,2025-12-24T17:59:31Z
MITT-B,22.21,2025-12-24T16:36:15Z
MJ,32.485,2025-12-24T14:30:00Z
MKC,68.835,2025-12-24T17:59:50Z
MKC.V,68.36,2025-12-24T16:51:57Z
MKDW,0.1814,2025-12-24T15:16:18Z
MKL,2187.755,2025-12-24T17:59:22Z
MKSI,163.525,2025-12-24T17:59:52Z
MKTW,14.2,2025-12-24T15:47:02Z
MKTX,182.66,2025-12-24T17:57:08Z
MLAB,80.87,2025-12-24T17:58:22Z
MLCI,8.19,2025-12-24T17:15:51Z
MLCO,7.88,2025-12-24T17:59:56Z
MLGO,6.115,2025-12-24T17:55:07Z
MLI,118.14,2025-12-24T17:59:46Z
MLKN,18.09,2025-12-24T17:59:52Z
MLM,641.025,2025-12-24T17:57:07Z
MLN,17.69,2025-12-24T17:59:59Z
MLP,17.285,2025-12-24T17:56:11Z
MLPA,48.52,2025-12-24T17:59:47Z
MLPX,60.49,2025-12-24T17:55:21Z
MLR,38.49,2025-12-24T17:59:55Z
MLSS,0.29,2025-12-24T17:55:40Z
MLTX,13.885,2025-12-24T17:59:54Z
MLYS,37.435,2025-12-24T17:59:50Z
MMA,1.09,2025-12-24T15:11:37Z
MMC,187.465,2025-12-24T17:59:58Z
MMCA,21.85,2025-12-24T17:59:46Z
MMD,14.81,2025-12-24T17:41:17Z
MMI,27.845,2025-12-24T17:59:42Z
MMIN,24.01,2025-12-24T17:58:00Z
MMIT,24.375,2025-12-24T17:53:26Z
MMLP,2.6,2025-12-24T17:40:22Z
MMM,160.395,2025-12-24T17:59:40Z
MMS,86.975,2025-12-24T17:58:49Z
MMSI,87.37,2025-12-24T17:59:54Z
MMT,4.665,2025-12-24T17:58:06Z
MMU,10.27,2025-12-24T17:47:21Z
MMYT,84.785,2025-12-24T17:58:51Z
MNDY,146.135,2025-12-24T17:59:57Z
MNKD,5.93,2025-12-24T17:59:48Z
MNMD,13.44,2025-12-24T17:59:49Z
MNOV,1.285,2025-12-24T17:58:17Z
MNPR,71.42,2025-12-24T15:46:25Z
MNR,11.24,2025-12-24T17:59:51Z
MNRO,20.77,2025-12-24T17:59:20Z
MNSB,21.09,2025-12-24T17:49:26Z
MNSO,19.45,2025-12-24T17:59:39Z
MNST,77.455,2025-12-24T17:59:45Z
MNTK,1.84,2025-12-24T17:58:13Z
MNTN,11.95,2025-12-24T17:59:38Z
MNTS,6.99,2025-12-24T17:53:30Z
MNY,1.31,2025-12-24T17:59:10Z
MO,58.96,2025-12-24T17:59:55Z
MOAT,104.69,2025-12-24T17:59:44Z
MOB,6.395,2025-12-24T17:59:55Z
MOBX,0.3529,2025-12-24T17:58:26Z
MOD,137.85,2025-12-24T17:59:23Z
MODD,0.3975,2025-12-24T16:57:08Z
MODG,11.875,2025-12-24T17:59:37Z
MOFG,39.27,2025-12-24T17:59:45Z
MOG.A,252.22,2025-12-24T16:57:54Z
MOGO,1.105,2025-12-24T17:48:39Z
MOH,163.315,2025-12-24T17:59:54Z
MOMO,6.525,2025-12-24T17:59:49Z
MOO,72.88,2025-12-24T17:18:51Z
MORN,218.2,2025-12-24T17:59:46Z
MORT,10.945,2025-12-24T17:58:58Z
MOS,24.24,2025-12-24T17:59:59Z
MOV,20.63,2025-12-24T17:52:10Z
MP,54.57,2025-12-24T17:59:48Z
MPA,11.05,2025-12-24T15:40:07Z
MPAA,12.28,2025-12-24T17:59:40Z
MPB,31.77,2025-12-24T17:50:18Z
MPC,166,2025-12-24T17:59:38Z
MPL,7.47,2025-12-24T14:55:29Z
MPLT,18.055,2025-12-24T17:34:55Z
MPLX,54.03,2025-12-24T17:59:46Z
MPTI,50.61,2025-12-24T16:21:32Z
MPU,1.06,2025-12-24T16:21:00Z
MPV,18.69,2025-12-24T16:26:43Z
MPW,5.035,2025-12-24T17:59:32Z
MPWR,952.32,2025-12-24T17:59:58Z
MPX,9.22,2025-12-24T16:29:54Z
MQ,4.935,2025-12-24T17:59:50Z
MQT,9.93,2025-12-24T15:31:22Z
MQY,11.25,2025-12-24T17:57:09Z
MRAL,5.62,2025-12-24T17:59:46Z
MRAM,9.28,2025-12-24T17:59:31Z
MRBK,17.55,2025-12-24T17:17:23Z
MRCC,6.22,2025-12-24T17:59:42Z
MRCY,74.58,2025-12-24T17:51:50Z
MREO,2.305,2025-12-24T17:59:56Z
MRK,106.54,2025-12-24T17:59:59Z
MRNA,32.73,2025-12-24T17:59:48Z
MRNY,16.49,2025-12-24T17:58:50Z
MRP,30.1,2025-12-24T17:59:57Z
MRSK,37.25,2025-12-24T17:13:46Z
MRSN,29.1,2025-12-24T17:58:47Z
MRT,2.36,2025-12-24T17:38:00Z
MRTN,11.56,2025-12-24T17:59:55Z
MRUS,96.93,2025-12-24T17:59:57Z
MRVI,3.31,2025-12-24T17:59:52Z
MRVL,86.47,2025-12-24T17:59:58Z
MRX,39.81,2025-12-24T17:59:00Z
MS,181.525,2025-12-24T17:59:57Z
MS-A,19.29,2025-12-24T14:33:51Z
MS-F,25.495,2025-12-24T16:23:40Z
MS-O,17.81,2025-12-24T15:30:15Z
MS-P,25.87,2025-12-24T17:40:30Z
MS-Q,26.6,2025-12-24T16:57:18Z
MSA,161.85,2025-12-24T17:55:21Z
MSAI,0.4298,2025-12-24T17:59:24Z
MSB,36.46,2025-12-24T17:59:39Z
MSBI,21.33,2025-12-24T17:59:49Z
MSCI,581.9,2025-12-24T17:59:15Z
MSD,7.43,2025-12-24T17:58:26Z
MSDL,16.79,2025-12-24T17:59:32Z
MSEX,51.33,2025-12-24T17:13:05Z
MSFD,11.4,2025-12-24T17:55:37Z
MSFL,27.73,2025-12-24T17:57:26Z
MSFO,15.62,2025-12-24T17:46:57Z
MSFT,488.04,2025-12-24T17:59:56Z
MSFU,42.37,2025-12-24T17:55:03Z
MSFX,27.91,2025-12-24T17:23:43Z
MSGE,54.465,2025-12-24T17:58:56Z
MSGM,3.12,2025-12-24T14:49:16Z
MSGS,258.37,2025-12-24T17:53:18Z
MSGY,2.69,2025-12-24T16:46:28Z
MSI,376.57,2025-12-24T17:59:18Z
MSIF,13.63,2025-12-24T17:59:59Z
MSLC,55,2025-12-24T17:59:50Z
MSM,87.04,2025-12-24T17:58:57Z
MSOS,4.71,2025-12-24T17:58:54Z
MSOX,4.49,2025-12-24T17:54:16Z
MSS,0.3801,2025-12-24T17:56:24Z
MSSM,51.59,2025-12-24T15:02:19Z
MST,6.395,2025-12-24T17:58:36Z
MSTK,11.69,2025-12-24T17:59:50Z
MSTP,2.96,2025-12-24T16:33:05Z
MSTR,158.76,2025-12-24T17:59:59Z
MSTU,9.165,2025-12-24T17:59:46Z
MSTW,10.48,2025-12-24T17:05:40Z
MSTX,4.225,2025-12-24T17:59:44Z
MSTY,31.07,2025-12-24T17:59:04Z
MSTZ,15.77,2025-12-24T17:59:50Z
MSW,1.01,2025-12-24T15:04:30Z
MT,45.21,2025-12-24T17:59:48Z
MTA,8.135,2025-12-24T17:59:48Z
MTB,207.325,2025-12-24T17:58:24Z
MTB-H,24.67,2025-12-24T17:50:24Z
MTB-J,26.795,2025-12-24T17:42:50Z
MTB-K,25.38,2025-12-24T16:52:13Z
MTBA,50.43,2025-12-24T17:59:48Z
MTCH,32.88,2025-12-24T17:59:59Z
MTD,1417.745,2025-12-24T17:58:03Z
MTDR,41.7,2025-12-24T17:59:59Z
MTEN,0.6994,2025-12-24T17:37:20Z
MTG,29.75,2025-12-24T17:59:47Z
MTH,66.545,2025-12-24T17:59:55Z
MTLS,5.63,2025-12-24T17:52:34Z
MTN,139.87,2025-12-24T17:59:24Z
MTNB,0.699,2025-12-24T16:12:33Z
MTRN,128.085,2025-12-24T17:49:42Z
MTRX,11.91,2025-12-24T17:59:34Z
MTSI,176.23,2025-12-24T17:58:01Z
MTUM,255.58,2025-12-24T17:59:48Z
MTUS,17.86,2025-12-24T17:50:29Z
MTVA,9.78,2025-12-24T17:56:47Z
MTW,12.68,2025-12-24T17:59:44Z
MTX,61.98,2025-12-24T17:59:48Z
MTZ,223.38,2025-12-24T17:54:31Z
MU,286.65,2025-12-24T17:59:54Z
MUA,10.58,2025-12-24T17:57:59Z
MUB,106.945,2025-12-24T17:59:53Z
MUC,10.55,2025-12-24T17:45:36Z
MUD,5.82,2025-12-24T17:59:51Z
MUE,9.9,2025-12-24T17:59:08Z
MUFG,15.95,2025-12-24T17:59:53Z
MUJ,12.015,2025-12-24T17:49:29Z
MULL,91.41,2025-12-24T17:59:46Z
MUNI,52.525,2025-12-24T17:59:55Z
MUR,31.45,2025-12-24T17:59:49Z
MUSA,410.095,2025-12-24T17:59:40Z
MUSI,44.17,2025-12-24T16:34:29Z
MUST,20.68,2025-12-24T17:47:04Z
MUU,101.84,2025-12-24T17:59:59Z
MUX,19.705,2025-12-24T17:59:55Z
MVBF,26.185,2025-12-24T17:20:22Z
MVF,6.845,2025-12-24T17:59:26Z
MVIS,0.9155,2025-12-24T17:59:41Z
MVLL,22.32,2025-12-24T17:55:07Z
MVST,3.02,2025-12-24T17:59:57Z
MVT,10.695,2025-12-24T16:37:40Z
MWA,24.83,2025-12-24T17:59:33Z
MWG,0.3564,2025-12-24T17:59:58Z
MX,2.66,2025-12-24T17:17:04Z
MXCT,1.595,2025-12-24T17:59:15Z
MXF,20.7,2025-12-24T17:53:09Z
MXI,97.645,2025-12-24T15:30:00Z
MXL,17.53,2025-12-24T17:59:51Z
MYCF,25,2025-12-24T17:40:13Z
MYCJ,24.91,2025-12-24T14:42:18Z
MYD,10.3,2025-12-24T17:45:12Z
MYE,19.23,2025-12-24T17:55:21Z
MYFW,26.165,2025-12-24T17:59:44Z
MYGN,6.54,2025-12-24T17:59:59Z
MYI,10.725,2025-12-24T17:59:42Z
MYN,9.915,2025-12-24T17:23:45Z
MYND,0.4444,2025-12-24T14:34:44Z
MYNZ,1.14,2025-12-24T16:26:17Z
MYO,1.02,2025-12-24T17:59:54Z
MYPS,0.6705,2025-12-24T16:55:40Z
MYRG,225.66,2025-12-24T15:31:57Z
MYY,17.165,2025-12-24T16:26:14Z
MZTI,165.79,2025-12-24T17:59:25Z
NABL,7.345,2025-12-24T17:59:49Z
NAC,11.77,2025-12-24T17:56:42Z
NACP,50.38,2025-12-24T17:47:17Z
NAD,12.015,2025-12-24T17:59:31Z
NAGE,6.62,2025-12-24T17:59:50Z
NAIL,52.44,2025-12-24T17:59:57Z
NAK,2.255,2025-12-24T17:59:45Z
NAKA,0.3937,2025-12-24T17:59:24Z
NAMI,0.7378,2025-12-24T14:35:59Z
NAMM,1.07,2025-12-24T14:52:49Z
NAMS,35.61,2025-12-24T17:59:59Z
NANC,46.215,2025-12-24T15:30:00Z
NANR,68.55,2025-12-24T14:42:34Z
NAT,3.39,2025-12-24T17:59:50Z
NATH,93.76,2025-12-24T17:59:55Z
NATL,38.74,2025-12-24T17:58:49Z
NATR,21.82,2025-12-24T17:59:19Z
NAUG,29.64,2025-12-24T15:18:47Z
NAUT,1.995,2025-12-24T17:59:41Z
NAVI,12.96,2025-12-24T17:59:54Z
NAVN,15.815,2025-12-24T17:59:50Z
NB,6.105,2025-12-24T17:59:55Z
NBB,15.76,2025-12-24T17:58:31Z
NBBK,20.76,2025-12-24T17:52:14Z
NBCM,23.05,2025-12-24T16:55:30Z
NBGX,28.19,2025-12-24T15:36:34Z
NBH,10.155,2025-12-24T17:59:11Z
NBHC,39.1,2025-12-24T17:55:42Z
NBIG,7.56,2025-12-24T16:40:00Z
NBIL,10.72,2025-12-24T17:59:50Z
NBIS,91.115,2025-12-24T17:59:57Z
NBIX,146.96,2025-12-24T17:59:30Z
NBN,107.27,2025-12-24T16:18:22Z
NBP,4.605,2025-12-24T17:59:40Z
NBR,52.86,2025-12-24T17:57:30Z
NBSD,51.14,2025-12-24T17:10:01Z
NBSM,25.67,2025-12-24T16:48:00Z
NBTB,42.73,2025-12-24T17:59:47Z
NBXG,14.48,2025-12-24T17:55:03Z
NBY,4.7,2025-12-24T17:59:40Z
NCA,8.85,2025-12-24T16:33:27Z
NCDL,13.68,2025-12-24T17:45:45Z
NCEW,5.905,2025-12-24T17:03:05Z
NCI,1.32,2025-12-24T17:08:44Z
NCIQ,22.44,2025-12-24T15:25:46Z
NCL,0.2661,2025-12-24T17:59:56Z
NCLH,23.17,2025-12-24T17:59:57Z
NCLO,25,2025-12-24T17:54:17Z
NCMI,3.94,2025-12-24T17:59:53Z
NCNO,26,2025-12-24T17:59:27Z
NCPB,25.27,2025-12-24T16:59:28Z
NCPL,0.7851,2025-12-24T17:57:56Z
NCT,0.2323,2025-12-24T17:53:28Z
NCTY,7.08,2025-12-24T17:16:27Z
NCV,15.465,2025-12-24T17:39:11Z
NCZ,14.1,2025-12-24T17:26:04Z
NCZ-A,20.49,2025-12-24T17:10:19Z
NDAQ,98.67,2025-12-24T17:59:51Z
NDEC,27.94,2025-12-24T17:56:18Z
NDIV,26.87,2025-12-24T15:51:16Z
NDLS,0.651,2025-12-24T17:59:53Z
NDMO,10,2025-12-24T17:59:28Z
NDRA,5.01,2025-12-24T16:06:55Z
NDSN,244.11,2025-12-24T17:45:17Z
NE,28.25,2025-12-24T17:59:44Z
NEA,11.545,2025-12-24T17:47:44Z
NEAR,51.045,2025-12-24T17:59:00Z
NEBX,33.71,2025-12-24T17:59:57Z
NEE,80.42,2025-12-24T17:59:53Z
NEGG,54.03,2025-12-24T17:44:26Z
NEM,104.78,2025-12-24T17:59:58Z
NEO,12.29,2025-12-24T17:59:42Z
NEOG,7.13,2025-12-24T17:59:59Z
NEON,2.01,2025-12-24T17:59:09Z
NEOV,3.15,2025-12-24T17:59:57Z
NEPH,5.14,2025-12-24T17:48:40Z
NESR,15.075,2025-12-24T17:59:56Z
NET,202.42,2025-12-24T17:57:57Z
NEU,710.56,2025-12-24T17:25:06Z
NEWP,3.755,2025-12-24T17:59:48Z
NEWT,11.525,2025-12-24T17:59:27Z
NEXA,8.87,2025-12-24T17:59:47Z
NEXN,6.655,2025-12-24T17:58:39Z
NEXT,5.47,2025-12-24T17:59:57Z
NFBK,11.825,2025-12-24T17:59:53Z
NFE,1.165,2025-12-24T17:59:59Z
NFG,81.54,2025-12-24T17:59:40Z
NFGC,3.13,2025-12-24T17:59:50Z
NFJ,12.88,2025-12-24T17:59:47Z
NFLT,23.08,2025-12-24T17:59:49Z
NFLU,32.48,2025-12-24T17:59:50Z
NFLX,93.665,2025-12-24T17:59:57Z
NFLY,12.04,2025-12-24T17:59:43Z
NFRA,60.59,2025-12-24T15:34:06Z
NFTY,58.02,2025-12-24T16:45:51Z
NFXL,30.54,2025-12-24T16:51:35Z
NFXS,17.35,2025-12-24T15:37:32Z
NG,9.955,2025-12-24T17:59:49Z
NGD,9.1,2025-12-24T17:59:56Z
NGG,77.445,2025-12-24T17:59:33Z
NGL,9.945,2025-12-24T17:08:15Z
NGL-B,24.56,2025-12-24T17:41:24Z
NGNE,20.04,2025-12-24T17:58:59Z
NGS,33.96,2025-12-24T17:57:26Z
NGVC,26.15,2025-12-24T17:54:59Z
NGVT,59.99,2025-12-24T17:56:57Z
NHC,138.46,2025-12-24T17:54:25Z
NHI,77.03,2025-12-24T17:55:50Z
NHS,7.155,2025-12-24T17:59:24Z
NI,41.875,2025-12-24T17:59:49Z
NIC,124.5,2025-12-24T14:59:58Z
NICE,113.16,2025-12-24T17:59:48Z
NIHI,50.85,2025-12-24T15:59:59Z
NIKL,15.52,2025-12-24T17:44:53Z
NINE,0.341,2025-12-24T17:57:28Z
NIO,4.9,2025-12-24T17:59:59Z
NIQ,16.655,2025-12-24T17:59:52Z
NIU,3.3,2025-12-24T17:59:50Z
NIVF,0.8064,2025-12-24T14:40:09Z
NIXT,26.87,2025-12-24T16:12:00Z
NIXX,1.1,2025-12-24T17:59:24Z
NJR,46.34,2025-12-24T17:59:54Z
NKE,60.01,2025-12-24T17:59:57Z
NKLR,4.49,2025-12-24T17:59:54Z
NKSH,33.77,2025-12-24T16:24:13Z
NKTR,43.88,2025-12-24T17:58:28Z
NKTX,1.81,2025-12-24T17:59:48Z
NKX,12.47,2025-12-24T17:59:00Z
NLOP,25.55,2025-12-24T17:58:53Z
NLR,128.75,2025-12-24T17:58:57Z
NLY,23.215,2025-12-24T17:59:55Z
NLY-J,25.69,2025-12-24T16:25:07Z
NMAI,12.99,2025-12-24T17:42:33Z
NMAX,8.89,2025-12-24T17:59:57Z
NMCO,10.22,2025-12-24T17:59:51Z
NMFC,9.07,2025-12-24T17:59:43Z
NMG,2.66,2025-12-24T17:59:59Z
NMI,9.98,2025-12-24T16:33:59Z
NMIH,41.65,2025-12-24T17:59:49Z
NML,8.455,2025-12-24T17:40:36Z
NMM,51.46,2025-12-24T17:34:54Z
NMR,8.35,2025-12-24T17:59:52Z
NMRA,1.82,2025-12-24T17:59:40Z
NMRK,17.685,2025-12-24T17:59:59Z
NMTC,0.7737,2025-12-24T17:59:24Z
NMZ,10.165,2025-12-24T17:57:57Z
NN,17.055,2025-12-24T17:59:43Z
NNBR,1.195,2025-12-24T17:58:00Z
NNDM,1.715,2025-12-24T17:59:57Z
NNE,30.28,2025-12-24T17:59:44Z
NNN,39.525,2025-12-24T17:59:53Z
NNOX,2.99,2025-12-24T17:59:50Z
NNVC,1.19,2025-12-24T17:58:50Z
NNY,8.69,2025-12-24T17:56:26Z
NOA,13.845,2025-12-24T17:59:46Z
NOAH,10.07,2025-12-24T17:40:57Z
NOBL,105.14,2025-12-24T17:58:43Z
NOC,582.685,2025-12-24T17:59:25Z
NODE,36.29,2025-12-24T17:21:22Z
NODK,13.6,2025-12-24T17:59:43Z
NOG,21.43,2025-12-24T17:59:44Z
NOK,6.585,2025-12-24T17:59:59Z
NOMD,12.485,2025-12-24T17:59:29Z
NOTE,1.69,2025-12-24T17:57:12Z
NOTV,0.6354,2025-12-24T17:59:16Z
NOV,15.61,2025-12-24T17:59:45Z
NOVP,30.63,2025-12-24T16:38:35Z
NOVT,122.72,2025-12-24T17:59:16Z
NOVTU,56.11,2025-12-24T17:51:07Z
NOW,152.54,2025-12-24T17:59:53Z
NP,30.49,2025-12-24T17:59:45Z
NPB,17.48,2025-12-24T17:59:44Z
NPCE,16.18,2025-12-24T17:59:53Z
NPCT,10.25,2025-12-24T16:04:44Z
NPFD,19.09,2025-12-24T17:43:21Z
NPK,109.92,2025-12-24T14:53:35Z
NPKI,12.23,2025-12-24T17:59:25Z
NPO,225.795,2025-12-24T17:30:21Z
NPV,11.12,2025-12-24T16:50:32Z
NPWR,2.21,2025-12-24T17:59:47Z
NQP,11.9,2025-12-24T17:54:25Z
NRDS,14.04,2025-12-24T17:58:21Z
NRDY,1.185,2025-12-24T17:58:00Z
NREF,13.87,2025-12-24T17:27:17Z
NRG,160.695,2025-12-24T17:59:39Z
NRGU,17.1,2025-12-24T14:34:47Z
NRGV,5.02,2025-12-24T17:59:56Z
NRIM,27.62,2025-12-24T17:59:39Z
NRIX,19.375,2025-12-24T17:59:55Z
NRK,10,2025-12-24T17:59:50Z
NRO,3.005,2025-12-24T17:47:30Z
NRSN,0.813,2025-12-24T16:22:11Z
NRXP,2.44,2025-12-24T17:59:19Z
NRXS,3.84,2025-12-24T17:50:51Z
NSA,27.77,2025-12-24T17:59:51Z
NSC,292.84,2025-12-24T17:59:34Z
NSIT,81.16,2025-12-24T17:57:03Z
NSP,38.41,2025-12-24T17:59:25Z
NSRX,7.01,2025-12-24T16:48:55Z
NSSC,41.93,2025-12-24T17:59:45Z
NTAP,110.16,2025-12-24T17:58:28Z
NTB,50.745,2025-12-24T17:59:46Z
NTCT,27.86,2025-12-24T17:50:06Z
NTES,137.17,2025-12-24T17:59:26Z
NTGR,24.525,2025-12-24T17:59:40Z
NTHI,8.45,2025-12-24T16:15:24Z
NTIC,7.58,2025-12-24T16:37:12Z
NTLA,9.575,2025-12-24T17:59:54Z
NTNX,52.02,2025-12-24T17:59:44Z
NTR,63.545,2025-12-24T17:59:56Z
NTRA,235.49,2025-12-24T17:59:46Z
NTRP,3.86,2025-12-24T16:59:03Z
NTRS,140.77,2025-12-24T17:59:35Z
NTRSO,19.32,2025-12-24T17:51:49Z
NTSK,18.495,2025-12-24T17:59:59Z
NTST,17.47,2025-12-24T17:59:49Z
NTSX,55.74,2025-12-24T17:59:31Z
NTWK,3.02,2025-12-24T16:35:10Z
NTZ,2.63,2025-12-24T15:00:51Z
NU,16.75,2025-12-24T17:59:54Z
NUAI,4.735,2025-12-24T17:59:27Z
NUBD,22.385,2025-12-24T17:55:14Z
NUDM,36.5,2025-12-24T17:40:45Z
NUE,165.485,2025-12-24T17:59:49Z
NUGT,202.47,2025-12-24T17:59:16Z
NUGY,24.95,2025-12-24T16:37:31Z
NUHY,21.63,2025-12-24T17:36:12Z
NUKK,4.55,2025-12-24T17:56:19Z
NUKZ,66.05,2025-12-24T17:45:57Z
NULG,98.99,2025-12-24T16:00:34Z
NULV,45.56,2025-12-24T17:59:40Z
NUMV,39.55,2025-12-24T15:31:03Z
NUS,10.04,2025-12-24T17:59:10Z
NUSA,23.345,2025-12-24T17:58:57Z
NUSC,45.68,2025-12-24T17:59:46Z
NUV,8.975,2025-12-24T17:58:10Z
NUVB,9.51,2025-12-24T17:59:59Z
NUVB+,0.41,2025-12-24T17:52:36Z
NUVL,105.9,2025-12-24T17:59:50Z
NUW,14.335,2025-12-24T17:15:30Z
NVA,7.2,2025-12-24T17:59:50Z
NVAX,6.94,2025-12-24T17:59:56Z
NVCR,13.465,2025-12-24T17:59:06Z
NVCT,7.66,2025-12-24T17:52:23Z
NVD,7.85,2025-12-24T17:59:55Z
NVDA,188.625,2025-12-24T17:59:55Z
NVDD,37.88,2025-12-24T17:59:58Z
NVDG,19.28,2025-12-24T17:59:59Z
NVDL,90.24,2025-12-24T17:59:55Z
NVDQ,16.44,2025-12-24T17:59:59Z
NVDS,27.5,2025-12-24T17:59:27Z
NVDU,120.585,2025-12-24T17:50:00Z
NVDW,42.69,2025-12-24T15:12:57Z
NVDX,17.59,2025-12-24T17:59:59Z
NVDY,14.805,2025-12-24T17:59:57Z
NVEC,61.92,2025-12-24T16:44:29Z
NVG,12.53,2025-12-24T17:58:45Z
NVGS,17.25,2025-12-24T17:51:27Z
NVII,28.46,2025-12-24T15:57:35Z
NVMI,336.09,2025-12-24T17:58:24Z
NVNI,3.02,2025-12-24T14:58:41Z
NVNO,0.3521,2025-12-24T16:52:45Z
NVO,52.535,2025-12-24T17:59:59Z
NVOH,28.22,2025-12-24T17:57:51Z
NVOX,23.23,2025-12-24T17:41:51Z
NVR,7399.89,2025-12-24T17:59:46Z
NVRI,18.22,2025-12-24T17:59:54Z
NVS,138.935,2025-12-24T17:59:45Z
NVST,22.02,2025-12-24T17:59:42Z
NVT,103.98,2025-12-24T17:59:54Z
NVTS,7.65,2025-12-24T17:59:58Z
NVVE,2.985,2025-12-24T17:38:25Z
NVX,1.095,2025-12-24T17:58:37Z
NVYY,19.28,2025-12-24T17:59:54Z
NWAX=,10.6,2025-12-24T17:50:26Z
NWBI,12.305,2025-12-24T17:59:54Z
NWE,64.63,2025-12-24T17:58:50Z
NWG,17.66,2025-12-24T17:59:49Z
NWL,3.675,2025-12-24T17:59:54Z
NWN,47.11,2025-12-24T17:59:33Z
NWPX,65.155,2025-12-24T16:06:17Z
NWS,29.99,2025-12-24T17:59:41Z
NWSA,26.42,2025-12-24T17:59:59Z
NWTG,1.56,2025-12-24T17:56:50Z
NX,15.33,2025-12-24T17:59:48Z
NXC,13.22,2025-12-24T17:02:36Z
NXDR,2.18,2025-12-24T17:59:50Z
NXDT,3.89,2025-12-24T17:59:47Z
NXE,9.46,2025-12-24T17:59:55Z
NXG,50.665,2025-12-24T15:12:14Z
NXGL,1.6,2025-12-24T17:59:52Z
NXJ,12.64,2025-12-24T17:23:17Z
NXL,0.6805,2025-12-24T17:52:04Z
NXN,12.14,2025-12-24T17:05:32Z
NXP,14.12,2025-12-24T17:55:36Z
NXPI,225.16,2025-12-24T17:59:58Z
NXPL,0.5991,2025-12-24T14:46:41Z
NXRT,29.11,2025-12-24T17:59:15Z
NXST,203.69,2025-12-24T17:59:20Z
NXT,91.25,2025-12-24T17:59:45Z
NXTT,6.49,2025-12-24T15:25:15Z
NXXT,1.885,2025-12-24T17:59:48Z
NYF,53.5,2025-12-24T16:52:54Z
NYT,71.005,2025-12-24T17:59:45Z
NYXH,4.68,2025-12-24T17:34:07Z
NZF,12.5,2025-12-24T17:59:00Z
O,56.67,2025-12-24T17:59:56Z
OABI,1.965,2025-12-24T17:59:50Z
OACC,10.58,2025-12-24T17:19:51Z
OACP,23.15,2025-12-24T17:11:40Z
OAEM,36,2025-12-24T15:07:42Z
OAIM,41.87,2025-12-24T15:40:02Z
OAK-A,21.24,2025-12-24T16:27:55Z
OAKM,28.62,2025-12-24T17:59:46Z
OBDC,12.6,2025-12-24T17:59:57Z
OBE,5.99,2025-12-24T17:59:44Z
OBIO,4.34,2025-12-24T17:59:41Z
OBK,38.47,2025-12-24T17:59:19Z
OBT,28.57,2025-12-24T14:30:00Z
OBTC,28.05,2025-12-24T17:53:33Z
OC,113.46,2025-12-24T17:59:48Z
OCC,4.48,2025-12-24T17:50:13Z
OCCI,4.815,2025-12-24T17:59:24Z
OCFC,19.735,2025-12-24T17:59:19Z
OCG,0.0915,2025-12-24T17:55:56Z
OCGN,1.45,2025-12-24T17:59:57Z
OCS,20.34,2025-12-24T17:59:59Z
OCSL,12.72,2025-12-24T17:59:56Z
OCUL,12.715,2025-12-24T17:59:55Z
ODC,49.295,2025-12-24T16:23:33Z
ODD,42.17,2025-12-24T17:59:37Z
ODFL,159.37,2025-12-24T17:59:45Z
ODV,3.66,2025-12-24T17:59:53Z
OEC,5.21,2025-12-24T17:59:44Z
OEF,346.91,2025-12-24T17:59:25Z
OESX,15.7,2025-12-24T15:09:58Z
OFG,41.86,2025-12-24T17:51:28Z
OFIX,15.16,2025-12-24T17:58:24Z
OFLX,29.28,2025-12-24T16:22:03Z
OFS,4.545,2025-12-24T17:10:13Z
OGE,42.965,2025-12-24T17:59:56Z
OGEN,0.83,2025-12-24T15:31:37Z
OGI,1.765,2025-12-24T17:59:48Z
OGN,7.12,2025-12-24T17:59:52Z
OGS,78.3,2025-12-24T17:59:48Z
OHI,44.27,2025-12-24T17:59:54Z
OI,14.96,2025-12-24T17:59:59Z
OIA,6.015,2025-12-24T17:45:14Z
OIH,282.72,2025-12-24T17:59:52Z
OII,24.3,2025-12-24T17:59:51Z
OILD,10.47,2025-12-24T17:58:24Z
OILU,22.7,2025-12-24T14:57:26Z
OIS,6.885,2025-12-24T17:59:30Z
OKE,73.22,2025-12-24T17:59:41Z
OKLL,21.53,2025-12-24T17:59:15Z
OKLO,81.05,2025-12-24T17:59:47Z
OKLS,17.81,2025-12-24T15:11:19Z
OKTA,88.35,2025-12-24T17:59:54Z
OKUR,2.81,2025-12-24T17:40:16Z
OKYO,2.07,2025-12-24T14:37:31Z
OLB,0.801,2025-12-24T15:10:49Z
OLED,118.99,2025-12-24T17:59:36Z
OLLI,111.22,2025-12-24T17:59:32Z
OLMA,27.505,2025-12-24T17:59:23Z
OLN,20.59,2025-12-24T17:59:53Z
OLP,20.07,2025-12-24T17:55:01Z
OLPX,1.42,2025-12-24T17:59:58Z
OM,3.295,2025-12-24T17:59:05Z
OMAH,19.05,2025-12-24T17:59:50Z
OMC,79.93,2025-12-24T17:59:51Z
OMCL,45.82,2025-12-24T17:59:44Z
OMDA,15.93,2025-12-24T17:59:54Z
OMER,15.35,2025-12-24T17:59:56Z
OMEX,2.255,2025-12-24T17:59:40Z
OMF,69.04,2025-12-24T17:59:40Z
OMFL,61.995,2025-12-24T17:59:09Z
OMI,2.72,2025-12-24T17:59:56Z
ON,55.065,2025-12-24T17:59:55Z
ONB,23.08,2025-12-24T17:59:50Z
ONBPP,25.11,2025-12-24T17:41:49Z
ONC,312.12,2025-12-24T17:56:08Z
ONCHW,0.7,2025-12-24T17:52:14Z
ONCY,0.9761,2025-12-24T17:52:33Z
ONDS,9.115,2025-12-24T17:59:58Z
ONEG,1.24,2025-12-24T14:33:28Z
ONEQ,92.855,2025-12-24T17:59:31Z
ONEW,10.52,2025-12-24T17:59:30Z
ONEY,114.47,2025-12-24T16:50:41Z
ONFO,0.612,2025-12-24T15:43:29Z
ONL,2.26,2025-12-24T17:59:48Z
ONMD,1.33,2025-12-24T17:59:34Z
ONON,46.49,2025-12-24T17:59:51Z
ONTF,5.815,2025-12-24T17:59:17Z
ONTO,161.89,2025-12-24T17:59:18Z
OOMA,11.55,2025-12-24T17:59:52Z
OPAD,1.36,2025-12-24T17:56:33Z
OPAL,2.67,2025-12-24T17:59:42Z
OPBK,14.51,2025-12-24T15:21:34Z
OPCH,32.355,2025-12-24T17:59:48Z
OPEN,6.275,2025-12-24T17:59:53Z
OPENL,0.62,2025-12-24T17:54:14Z
OPENW,1.055,2025-12-24T17:58:44Z
OPENZ,0.3943,2025-12-24T17:48:38Z
OPEX,16.25,2025-12-24T16:53:00Z
OPFI,11.26,2025-12-24T17:59:58Z
OPK,1.3,2025-12-24T17:59:56Z
OPP-A,16.86,2025-12-24T14:57:06Z
OPRA,14.555,2025-12-24T17:58:58Z
OPRT,5.415,2025-12-24T17:59:51Z
OPRX,12.72,2025-12-24T17:43:51Z
OPTT,0.3377,2025-12-24T17:58:46Z
OPTU,1.675,2025-12-24T17:59:59Z
OPTX,2.495,2025-12-24T17:58:53Z
OPTXW,0.2,2025-12-24T15:14:08Z
OPXS,14.05,2025-12-24T17:55:30Z
OR,37.07,2025-12-24T17:59:56Z
ORA,114.405,2025-12-24T17:59:31Z
ORBS,1.875,2025-12-24T17:59:54Z
ORC,7.36,2025-12-24T17:59:51Z
ORCL,197.62,2025-12-24T17:59:58Z
ORCU,19.06,2025-12-24T17:59:18Z
ORCX,17.755,2025-12-24T17:59:46Z
ORGN,0.2322,2025-12-24T17:59:47Z
ORGO,5.865,2025-12-24T17:59:56Z
ORI,46.605,2025-12-24T17:59:40Z
ORIC,8.43,2025-12-24T17:59:57Z
ORIS,0.0713,2025-12-24T16:35:24Z
ORKA,31.98,2025-12-24T17:59:30Z
ORKT,0.84,2025-12-24T15:20:30Z
ORLA,14.55,2025-12-24T17:59:55Z
ORLY,92.43,2025-12-24T17:59:40Z
ORMP,3.16,2025-12-24T17:39:51Z
ORN,10.45,2025-12-24T17:59:36Z
ORR,34.23,2025-12-24T16:39:11Z
ORRF,36.135,2025-12-24T17:59:17Z
OS,18.81,2025-12-24T17:59:58Z
OSBC,20.15,2025-12-24T17:59:11Z
OSCR,14.94,2025-12-24T17:59:54Z
OSCX,9.93,2025-12-24T15:26:02Z
OSEA,30.26,2025-12-24T17:58:05Z
OSG,8.07,2025-12-24T17:59:59Z
OSIS,267.92,2025-12-24T16:52:52Z
OSK,130.54,2025-12-24T17:18:15Z
OSPN,12.775,2025-12-24T17:59:53Z
OSRH,0.5761,2025-12-24T17:59:37Z
OSS,7.235,2025-12-24T17:59:53Z
OSTX,1.53,2025-12-24T17:59:14Z
OSUR,2.435,2025-12-24T17:59:48Z
OSW,21.46,2025-12-24T17:58:51Z
OTEX,33.335,2025-12-24T17:59:53Z
OTF,14.11,2025-12-24T17:59:57Z
OTH,2.24,2025-12-24T17:50:29Z
OTIS,87.98,2025-12-24T17:59:30Z
OTLK,1.83,2025-12-24T17:59:59Z
OTLY,11.425,2025-12-24T17:54:46Z
OTTR,82.71,2025-12-24T17:55:52Z
OUNZ,43.11,2025-12-24T17:59:25Z
OUSM,44.42,2025-12-24T15:07:07Z
OUST,22.37,2025-12-24T17:59:20Z
OUT,24.04,2025-12-24T17:59:57Z
OVID,1.79,2025-12-24T17:59:57Z
OVL,54.12,2025-12-24T17:39:13Z
OVV,38.07,2025-12-24T17:59:48Z
OWL,15.43,2025-12-24T17:59:57Z
OWLS,6.6,2025-12-24T14:56:01Z
OWLT,15.29,2025-12-24T17:59:49Z
OXLC,14.25,2025-12-24T17:59:46Z
OXLCI,25.71,2025-12-24T17:35:30Z
OXM,35.525,2025-12-24T17:59:28Z
OXSQ,1.725,2025-12-24T17:10:56Z
OXSQG,24.34,2025-12-24T14:31:57Z
OXSQH,25.23,2025-12-24T15:38:02Z
OXY,40,2025-12-24T17:59:53Z
OZ,65.3,2025-12-24T17:06:29Z
OZEM,35.62,2025-12-24T15:46:42Z
OZK,47.19,2025-12-24T17:59:51Z
PAA,17.75,2025-12-24T17:59:50Z
PAAA,51.22,2025-12-24T16:50:01Z
PAAS,53.79,2025-12-24T17:59:58Z
PACB,1.88,2025-12-24T17:59:50Z
PACK,5.79,2025-12-24T17:59:48Z
PACS,37.25,2025-12-24T17:59:31Z
PAG,166.215,2025-12-24T17:59:11Z
PAGP,18.88,2025-12-24T17:59:56Z
PAGS,9.745,2025-12-24T17:59:48Z
PAHC,37.775,2025-12-24T17:59:05Z
PAI,12.535,2025-12-24T17:22:28Z
PAL,9.975,2025-12-24T17:01:56Z
PALC,53.19,2025-12-24T16:54:06Z
PALI,2.205,2025-12-24T17:59:48Z
PALL,156.47,2025-12-24T17:59:05Z
PALU,18.59,2025-12-24T17:58:08Z
PAM,89.2,2025-12-24T17:50:25Z
PAMT,12.41,2025-12-24T17:15:06Z
PANG,12.63,2025-12-24T15:09:35Z
PANL,6.96,2025-12-24T17:59:46Z
PANW,187.24,2025-12-24T17:59:54Z
PAPL,2.11,2025-12-24T17:52:14Z
PAPR,39.12,2025-12-24T17:38:55Z
PAR,37.22,2025-12-24T17:59:05Z
PARK,14,2025-12-24T17:39:09Z
PARR,35.5,2025-12-24T17:59:52Z
PASG,10.53,2025-12-24T15:02:18Z
PASW,0.6226,2025-12-24T16:37:21Z
PATH,17.145,2025-12-24T17:59:58Z
PATK,112.52,2025-12-24T17:58:55Z
PAVE,49.245,2025-12-24T17:59:51Z
PAVM,0.29,2025-12-24T17:21:05Z
PAVS,1.59,2025-12-24T17:58:51Z
PAX,15.95,2025-12-24T17:59:54Z
PAXS,15.445,2025-12-24T17:56:25Z
PAY,31.62,2025-12-24T17:59:55Z
PAYC,160.25,2025-12-24T17:59:49Z
PAYO,5.67,2025-12-24T17:59:53Z
PAYS,5.36,2025-12-24T17:59:41Z
PAYX,114.6,2025-12-24T17:59:50Z
PB,71.055,2025-12-24T17:59:49Z
PBA,37.835,2025-12-24T17:59:50Z
PBBK,20.85,2025-12-24T14:57:58Z
PBDC,30.11,2025-12-24T17:30:17Z
PBDE,29.58,2025-12-24T17:59:46Z
PBE,84.07,2025-12-24T16:48:00Z
PBF,26.56,2025-12-24T17:59:44Z
PBFR,29.25,2025-12-24T16:57:11Z
PBH,62.39,2025-12-24T17:58:01Z
PBI,10.64,2025-12-24T17:59:52Z
PBJL,30.03,2025-12-24T17:58:00Z
PBM,0.8844,2025-12-24T17:59:42Z
PBMY,30.04,2025-12-24T16:41:57Z
PBOT,25.35,2025-12-24T16:49:28Z
PBP,22.86,2025-12-24T17:43:30Z
PBR,11.84,2025-12-24T17:59:59Z
PBR.A,11.33,2025-12-24T17:59:59Z
PBT,17.18,2025-12-24T17:59:52Z
PBTP,25.9,2025-12-24T16:56:38Z
PBUS,69.35,2025-12-24T17:59:46Z
PBW,32.24,2025-12-24T17:59:55Z
PBYI,5.95,2025-12-24T17:59:59Z
PCAR,111.51,2025-12-24T17:59:38Z
PCB,22.4,2025-12-24T17:30:14Z
PCEF,19.875,2025-12-24T16:43:55Z
PCF,6.11,2025-12-24T17:56:17Z
PCG,15.815,2025-12-24T17:59:57Z
PCG-A,21.98,2025-12-24T16:15:08Z
PCGG,12.03,2025-12-24T17:46:59Z
PCH,40.025,2025-12-24T17:59:48Z
PCLA,0.2372,2025-12-24T17:58:41Z
PCM,6.055,2025-12-24T17:16:13Z
PCN,12.61,2025-12-24T17:58:28Z
PCOR,74.36,2025-12-24T17:59:17Z
PCQ,8.71,2025-12-24T17:59:08Z
PCRX,26.005,2025-12-24T17:59:56Z
PCSA,3.45,2025-12-24T17:59:06Z
PCSC,13.64,2025-12-24T17:49:06Z
PCT,9.275,2025-12-24T17:59:59Z
PCTY,152.545,2025-12-24T17:55:25Z
PCVX,47.645,2025-12-24T17:59:55Z
PCY,21.795,2025-12-24T17:58:48Z
PCYO,11.07,2025-12-24T17:59:41Z
PD,13.035,2025-12-24T17:59:53Z
PDBA,34.22,2025-12-24T17:32:09Z
PDBC,13.42,2025-12-24T17:59:51Z
PDD,113.44,2025-12-24T17:59:59Z
PDEC,43.64,2025-12-24T16:35:05Z
PDEX,40.97,2025-12-24T17:58:27Z
PDFS,28.755,2025-12-24T17:59:41Z
PDI,17.72,2025-12-24T17:59:57Z
PDLB,16.96,2025-12-24T17:50:09Z
PDM,8.35,2025-12-24T17:59:39Z
PDN,42.42,2025-12-24T17:59:47Z
PDO,13.865,2025-12-24T17:59:47Z
PDP,120.07,2025-12-24T17:59:45Z
PDS,69.44,2025-12-24T16:24:56Z
PDT,12.71,2025-12-24T17:33:41Z
PDX,21.51,2025-12-24T17:33:40Z
PDYN,4.845,2025-12-24T17:59:50Z
PEB,11.575,2025-12-24T17:59:48Z
PEB-G,19.78,2025-12-24T16:18:22Z
PEBO,30.71,2025-12-24T17:59:05Z
PECO,35.81,2025-12-24T17:59:24Z
PEG,80.735,2025-12-24T17:59:41Z
PEGA,62.12,2025-12-24T17:59:43Z
PEJ,62.1,2025-12-24T17:55:25Z
PEN,316.15,2025-12-24T17:59:47Z
PENG,20.2,2025-12-24T17:59:32Z
PENN,14.64,2025-12-24T17:59:57Z
PEP,143.76,2025-12-24T17:59:59Z
PEPG,5.805,2025-12-24T17:59:29Z
PERF,1.73,2025-12-24T16:41:30Z
PERI,9.89,2025-12-24T17:58:41Z
PESI,12.685,2025-12-24T17:59:44Z
PETS,3.53,2025-12-24T17:59:04Z
PEW,3.115,2025-12-24T17:59:45Z
PEY,20.55,2025-12-24T17:59:50Z
PFBC,99.445,2025-12-24T17:50:30Z
PFE,25.04,2025-12-24T17:59:50Z
PFF,31.06,2025-12-24T17:59:59Z
PFFA,21.605,2025-12-24T17:59:40Z
PFFD,19.09,2025-12-24T16:37:39Z
PFG,89.55,2025-12-24T17:59:55Z
PFGC,91.7,2025-12-24T17:59:58Z
PFIG,24.3,2025-12-24T17:59:41Z
PFL,8.355,2025-12-24T17:56:50Z
PFLT,9.06,2025-12-24T17:59:59Z
PFM,52.02,2025-12-24T15:49:16Z
PFN,7.455,2025-12-24T17:59:30Z
PFO,9.42,2025-12-24T17:53:50Z
PFRL,49.97,2025-12-24T16:53:38Z
PFS,20.5,2025-12-24T17:59:40Z
PFSA,0.0802,2025-12-24T17:44:07Z
PFSI,134.155,2025-12-24T17:59:15Z
PFXF,17.965,2025-12-24T17:59:49Z
PG,144.59,2025-12-24T17:59:23Z
PGC,28.58,2025-12-24T17:59:38Z
PGEN,4.17,2025-12-24T17:59:55Z
PGF,14.14,2025-12-24T17:59:15Z
PGHY,19.94,2025-12-24T17:56:54Z
PGJ,29.23,2025-12-24T17:59:27Z
PGNY,25.515,2025-12-24T17:59:49Z
PGR,227.55,2025-12-24T17:59:49Z
PGX,11.245,2025-12-24T17:59:49Z
PGY,22.775,2025-12-24T17:59:34Z
PH,887.71,2025-12-24T17:59:40Z
PHAT,17.65,2025-12-24T17:59:55Z
PHEQ,32.76,2025-12-24T16:31:44Z
PHG,26.98,2025-12-24T17:59:21Z
PHI,21.705,2025-12-24T17:45:33Z
PHIN,61.25,2025-12-24T17:59:43Z
PHIO,1.04,2025-12-24T17:50:20Z
PHK,4.845,2025-12-24T17:58:35Z
PHM,119.31,2025-12-24T17:59:57Z
PHR,16.83,2025-12-24T17:57:34Z
PHUN,1.95,2025-12-24T17:43:06Z
PHVS,25.995,2025-12-24T17:50:02Z
PHYL,35.625,2025-12-24T17:56:53Z
PHYS,34.29,2025-12-24T17:59:50Z
PI,177.71,2025-12-24T17:58:01Z
PICB,23.94,2025-12-24T17:31:37Z
PICK,51.65,2025-12-24T17:59:49Z
PID,22.095,2025-12-24T17:35:17Z
PII,66.33,2025-12-24T17:59:41Z
PIII,3.59,2025-12-24T16:56:34Z
PILL,13.31,2025-12-24T17:59:46Z
PIM,3.315,2025-12-24T17:57:30Z
PIN,24.29,2025-12-24T17:43:30Z
PINE,16.34,2025-12-24T17:55:13Z
PINE-A,24.9,2025-12-24T17:08:31Z
PINK,37.18,2025-12-24T17:55:00Z
PINS,26.09,2025-12-24T17:59:58Z
PIO,44.51,2025-12-24T17:59:45Z
PIPR,350.355,2025-12-24T17:58:16Z
PIZ,49.48,2025-12-24T16:46:56Z
PJP,108.03,2025-12-24T15:14:29Z
PJT,171.66,2025-12-24T17:57:41Z
PJUL,46.565,2025-12-24T17:31:40Z
PK,10.855,2025-12-24T17:59:55Z
PKB,95.55,2025-12-24T17:04:20Z
PKBK,24.71,2025-12-24T15:30:30Z
PKE,21.23,2025-12-24T17:51:51Z
PKG,207.57,2025-12-24T17:58:30Z
PKOH,21.195,2025-12-24T17:51:34Z
PKST,14.29,2025-12-24T17:53:41Z
PKW,136.36,2025-12-24T16:03:58Z
PKX,54.725,2025-12-24T17:39:26Z
PL,20.305,2025-12-24T17:59:51Z
PL+,9.15,2025-12-24T17:59:46Z
PLAB,33.67,2025-12-24T17:59:54Z
PLAY,16.25,2025-12-24T17:59:50Z
PLBY,1.825,2025-12-24T17:59:52Z
PLCE,4.01,2025-12-24T17:58:49Z
PLD,129.18,2025-12-24T17:59:49Z
PLG,2.745,2025-12-24T17:59:49Z
PLMR,136.315,2025-12-24T17:59:16Z
PLNT,109.95,2025-12-24T17:59:44Z
PLOW,33.295,2025-12-24T15:50:08Z
PLPC,215.23,2025-12-24T17:59:27Z
PLRX,1.235,2025-12-24T17:59:37Z
PLRZ,7.64,2025-12-24T17:37:40Z
PLSE,14.915,2025-12-24T17:50:11Z
PLTD,6.025,2025-12-24T17:59:46Z
PLTG,36.93,2025-12-24T15:36:51Z
PLTK,4.075,2025-12-24T17:59:52Z
PLTM,21.645,2025-12-24T17:59:45Z
PLTR,194.15,2025-12-24T17:59:59Z
PLTU,88.2,2025-12-24T17:59:05Z
PLTW,42.02,2025-12-24T14:51:40Z
PLTY,57.02,2025-12-24T17:03:37Z
PLTZ,20.905,2025-12-24T17:59:46Z
PLUG,2.11,2025-12-24T17:59:55Z
PLUS,89.67,2025-12-24T17:54:08Z
PLX,1.785,2025-12-24T17:59:33Z
PLYM,21.91,2025-12-24T17:57:58Z
PM,162.76,2025-12-24T17:59:50Z
PMAR,44.98,2025-12-24T15:13:58Z
PMAX,2.64,2025-12-24T14:38:40Z
PMBS,49.905,2025-12-24T16:10:00Z
PMCB,0.76,2025-12-24T17:16:14Z
PMI,2.13,2025-12-24T17:58:19Z
PML,7.475,2025-12-24T17:59:40Z
PMM,6.22,2025-12-24T16:10:18Z
PMMF,100.16,2025-12-24T17:39:30Z
PMN,8.5,2025-12-24T17:50:46Z
PMNT,0.425,2025-12-24T17:07:59Z
PMO,10.41,2025-12-24T17:54:25Z
PMT,13.045,2025-12-24T17:59:56Z
PMTS,15.3,2025-12-24T17:03:22Z
PMTV,25.73,2025-12-24T15:55:03Z
PMVP,1.235,2025-12-24T17:59:55Z
PNBK,1.685,2025-12-24T17:59:16Z
PNC,213.54,2025-12-24T17:59:45Z
PNFP,101.28,2025-12-24T17:59:54Z
PNI,6.89,2025-12-24T17:18:41Z
PNNT,5.87,2025-12-24T17:59:53Z
PNQI,54.51,2025-12-24T17:11:42Z
PNR,105.38,2025-12-24T17:59:53Z
PNTG,29.26,2025-12-24T17:59:11Z
PNW,88.35,2025-12-24T17:59:41Z
POAS,3.76,2025-12-24T17:58:00Z
POCI,4.17,2025-12-24T15:50:16Z
POCT,44.09,2025-12-24T16:37:34Z
PODC,2.06,2025-12-24T17:57:21Z
PODD,288.83,2025-12-24T17:59:25Z
POET,7.035,2025-12-24T17:59:51Z
POM,0.3479,2025-12-24T17:56:50Z
PONY,15.655,2025-12-24T17:59:49Z
POOL,231.06,2025-12-24T17:59:53Z
POR,47.71,2025-12-24T17:59:51Z
POST,101.3,2025-12-24T17:58:47Z
POWA,91.19,2025-12-24T15:30:00Z
POWI,37.18,2025-12-24T17:59:39Z
POWL,336.68,2025-12-24T17:58:03Z
POWW,1.835,2025-12-24T17:59:24Z
POWWP,24.02,2025-12-24T17:21:35Z
PPA,160.22,2025-12-24T16:14:39Z
PPBT,0.7057,2025-12-24T17:52:51Z
PPC,39.88,2025-12-24T17:59:41Z
PPG,103.52,2025-12-24T17:59:40Z
PPH,104.26,2025-12-24T17:59:50Z
PPIH,32.67,2025-12-24T17:56:02Z
PPL,34.965,2025-12-24T17:59:58Z
PPLT,204.5,2025-12-24T17:59:16Z
PPSI,4.04,2025-12-24T17:23:29Z
PPT,3.53,2025-12-24T17:59:05Z
PPTA,26.57,2025-12-24T17:59:37Z
PR,13.895,2025-12-24T17:59:55Z
PRA,24.07,2025-12-24T17:58:33Z
PRAA,17.53,2025-12-24T17:59:30Z
PRAX,274.475,2025-12-24T17:56:09Z
PRCH,9.02,2025-12-24T17:59:53Z
PRCS,27.1,2025-12-24T17:39:26Z
PRCT,32.78,2025-12-24T17:59:34Z
PRDO,29.745,2025-12-24T17:58:41Z
PRE,16.965,2025-12-24T17:53:45Z
PREF,19.14,2025-12-24T17:59:58Z
PRF,47.39,2025-12-24T17:59:34Z
PRFZ,47.07,2025-12-24T17:32:09Z
PRG,30.55,2025-12-24T17:59:05Z
PRGO,13.74,2025-12-24T17:59:34Z
PRGS,42.925,2025-12-24T17:55:13Z
PRI,262.13,2025-12-24T17:59:55Z
PRIM,129.36,2025-12-24T17:59:29Z
PRK,158.99,2025-12-24T15:15:10Z
PRKS,35.59,2025-12-24T17:57:04Z
PRLB,53.4,2025-12-24T15:56:42Z
PRLD,2.24,2025-12-24T17:57:21Z
PRM,27.97,2025-12-24T17:59:56Z
PRMB,16.495,2025-12-24T17:59:55Z
PRME,3.565,2025-12-24T17:59:56Z
PROF,7.47,2025-12-24T17:59:13Z
PROK,2.575,2025-12-24T17:59:15Z
PROP,1.685,2025-12-24T17:59:42Z
PRPH,0.6055,2025-12-24T17:58:27Z
PRPL,0.7459,2025-12-24T17:58:24Z
PRPO,23.7,2025-12-24T15:22:46Z
PRQR,2.18,2025-12-24T17:59:53Z
PRSO,0.9479,2025-12-24T15:32:36Z
PRSU,34.655,2025-12-24T17:10:49Z
PRT,3.255,2025-12-24T17:52:42Z
PRTA,9.695,2025-12-24T17:59:49Z
PRTH,5.58,2025-12-24T17:59:53Z
PRTS,0.4304,2025-12-24T17:22:38Z
PRU,114.51,2025-12-24T17:59:30Z
PRVA,23.7,2025-12-24T17:59:46Z
PRZO,1.025,2025-12-24T14:40:00Z
PSA,261.815,2025-12-24T17:59:58Z
PSA-J,18.58,2025-12-24T15:43:02Z
PSA-O,15.55,2025-12-24T15:11:56Z
PSA-Q,15.72,2025-12-24T16:58:49Z
PSBD,12.18,2025-12-24T17:40:50Z
PSC,59.07,2025-12-24T16:01:15Z
PSCC,31.56,2025-12-24T14:36:37Z
PSEC,2.5,2025-12-24T17:59:55Z
PSEP,43.88,2025-12-24T17:34:07Z
PSF,20.2,2025-12-24T17:32:36Z
PSFE,8.205,2025-12-24T17:55:09Z
PSFF,32.38,2025-12-24T16:03:34Z
PSI,80.955,2025-12-24T17:59:26Z
PSIX,66.605,2025-12-24T17:57:29Z
PSK,31.74,2025-12-24T17:59:49Z
PSKY,13.725,2025-12-24T17:59:59Z
PSLV,23.95,2025-12-24T17:59:51Z
PSMT,124.25,2025-12-24T17:59:46Z
PSN,62.79,2025-12-24T17:59:54Z
PSNL,8.42,2025-12-24T17:59:35Z
PSNY,17.14,2025-12-24T17:59:41Z
PSNYW,7.43,2025-12-24T17:59:23Z
PSO,14.175,2025-12-24T17:59:38Z
PSP,67.52,2025-12-24T17:13:12Z
PSQ,29.7,2025-12-24T17:59:51Z
PSQA,20.49,2025-12-24T17:57:15Z
PSQH,1.125,2025-12-24T17:59:05Z
PSQO,20.62,2025-12-24T16:13:59Z
PSTG,67.105,2025-12-24T17:59:55Z
PSTL,15.885,2025-12-24T17:45:46Z
PSTV,0.5683,2025-12-24T17:59:18Z
PSX,128.44,2025-12-24T17:59:53Z
PT,0.925,2025-12-24T17:13:24Z
PTA,19.26,2025-12-24T17:56:01Z
PTBD,19.39,2025-12-24T17:56:57Z
PTC,176.495,2025-12-24T17:59:47Z
PTCT,78.3,2025-12-24T17:59:54Z
PTEN,5.91,2025-12-24T17:59:55Z
PTEU,31.47,2025-12-24T15:07:06Z
PTF,79.025,2025-12-24T17:35:51Z
PTGX,88.855,2025-12-24T17:59:05Z
PTH,50.74,2025-12-24T17:42:48Z
PTHL,0.4625,2025-12-24T15:38:46Z
PTHS,25.94,2025-12-24T16:57:19Z
PTIR,33.66,2025-12-24T17:59:50Z
PTIX,1.19,2025-12-24T14:30:12Z
PTL,251.735,2025-12-24T15:22:32Z
PTLC,56.82,2025-12-24T16:08:13Z
PTLE,0.1136,2025-12-24T17:35:14Z
PTLO,4.735,2025-12-24T17:59:59Z
PTN,16.53,2025-12-24T17:59:55Z
PTON,6.11,2025-12-24T17:59:44Z
PTRB,42.245,2025-12-24T17:50:32Z
PTRN,11.49,2025-12-24T17:58:08Z
PTY,12.86,2025-12-24T17:59:03Z
PUBM,9.02,2025-12-24T17:59:36Z
PUK,31.57,2025-12-24T17:56:50Z
PULS,49.77,2025-12-24T17:31:54Z
PUMP,9.355,2025-12-24T17:59:51Z
PURR,3.17,2025-12-24T17:24:32Z
PVAL,46.14,2025-12-24T17:59:31Z
PVH,68.86,2025-12-24T17:58:13Z
PVLA,106.18,2025-12-24T17:53:32Z
PWB,129.73,2025-12-24T17:45:41Z
PWP,17.495,2025-12-24T17:59:50Z
PWR,433.7,2025-12-24T17:59:25Z
PWRD,97.855,2025-12-24T17:04:40Z
PWS,32.84,2025-12-24T16:11:20Z
PWZ,24.2,2025-12-24T17:59:55Z
PX,10.08,2025-12-24T17:58:16Z
PXE,27.785,2025-12-24T15:51:39Z
PXED,32.24,2025-12-24T17:59:55Z
PXH,25.73,2025-12-24T17:59:50Z
PXIU,1.66,2025-12-24T14:59:49Z
PXJ,29.19,2025-12-24T15:46:38Z
PXLW,6.595,2025-12-24T17:27:05Z
PYLD,26.835,2025-12-24T17:59:52Z
PYPG,11.82,2025-12-24T17:59:46Z
PYPL,60.03,2025-12-24T17:59:59Z
PYXS,1.105,2025-12-24T17:59:28Z
PZA,23.19,2025-12-24T17:59:49Z
PZG,1.195,2025-12-24T17:59:34Z
PZT,22.34,2025-12-24T17:59:46Z
PZZA,39.28,2025-12-24T17:59:46Z
Q,83.42,2025-12-24T17:59:28Z
QAI,34.165,2025-12-24T17:59:09Z
QALT,25.55,2025-12-24T14:56:14Z
QBER,23.81,2025-12-24T16:02:20Z
QBF,21.76,2025-12-24T16:49:03Z
QBTS,27.485,2025-12-24T17:59:58Z
QBTX,36.9,2025-12-24T17:59:01Z
QBTZ,8.905,2025-12-24T17:59:22Z
QBUF,29.62,2025-12-24T15:38:13Z
QCLN,46.62,2025-12-24T17:21:01Z
QCLR,32.88,2025-12-24T15:36:29Z
QCLS,5.115,2025-12-24T17:59:54Z
QCML,22.28,2025-12-24T15:22:22Z
QCOM,174.72,2025-12-24T17:59:57Z
QCRH,84.975,2025-12-24T17:47:22Z
QDEC,32.78,2025-12-24T17:50:00Z
QDEF,81.82,2025-12-24T15:43:17Z
QDEL,28.89,2025-12-24T17:59:43Z
QDF,81.87,2025-12-24T17:51:08Z
QDPL,43.11,2025-12-24T17:38:24Z
QDTE,32.95,2025-12-24T17:59:57Z
QDTY,43.86,2025-12-24T14:32:07Z
QDVO,29.61,2025-12-24T17:59:41Z
QETH,29.24,2025-12-24T17:59:50Z
QFIN,19.815,2025-12-24T17:59:25Z
QFLR,34.47,2025-12-24T14:54:12Z
QGEN,45.55,2025-12-24T17:59:43Z
QGRD,27.04,2025-12-24T15:13:28Z
QGRO,116.83,2025-12-24T17:55:21Z
QGRW,59.52,2025-12-24T17:29:39Z
QH,1.215,2025-12-24T17:58:17Z
QID,19.525,2025-12-24T17:59:20Z
QIDX,10.89,2025-12-24T14:56:31Z
QINT,64.57,2025-12-24T17:57:51Z
QIPT,3.53,2025-12-24T17:59:59Z
QJUN,31.92,2025-12-24T16:06:56Z
QLC,82.06,2025-12-24T15:40:11Z
QLD,72.76,2025-12-24T17:59:48Z
QLTA,48.2,2025-12-24T17:51:05Z
QLTY,38.84,2025-12-24T14:49:27Z
QLYS,139.54,2025-12-24T17:54:40Z
QMAR,32.99,2025-12-24T16:52:50Z
QMCO,7.285,2025-12-24T17:27:52Z
QMOM,66.65,2025-12-24T15:09:19Z
QNCX,3.675,2025-12-24T17:59:12Z
QNRX,13.4,2025-12-24T15:29:58Z
QNST,14.64,2025-12-24T17:59:59Z
QNTM,8.75,2025-12-24T17:52:21Z
QQEW,144.4,2025-12-24T17:33:31Z
QQH,79.13,2025-12-24T17:52:45Z
QQJG,28.25,2025-12-24T15:53:05Z
QQMG,43.01,2025-12-24T17:59:50Z
QQQ,623.96,2025-12-24T17:59:59Z
QQQD,12.72,2025-12-24T17:59:45Z
QQQH,54.74,2025-12-24T17:45:00Z
QQQI,54.53,2025-12-24T17:59:40Z
QQQJ,37.65,2025-12-24T17:59:45Z
QQQM,256.92,2025-12-24T17:59:51Z
QQQS,34.63,2025-12-24T17:59:45Z
QQQT,17.92,2025-12-24T15:58:59Z
QQQU,58.39,2025-12-24T17:59:53Z
QQQX,28.51,2025-12-24T17:59:15Z
QQQY,23.965,2025-12-24T17:48:45Z
QRVO,86.17,2025-12-24T17:59:36Z
QS,11.19,2025-12-24T17:59:56Z
QSI,1.325,2025-12-24T17:59:53Z
QSR,69.595,2025-12-24T17:59:48Z
QSU,7.58,2025-12-24T17:54:50Z
QTAC,25.825,2025-12-24T17:42:03Z
QTEC,235.1,2025-12-24T17:58:50Z
QTOP,32.49,2025-12-24T17:57:25Z
QTPI,25.78,2025-12-24T17:59:18Z
QTRX,6.635,2025-12-24T17:59:54Z
QTTB,3.185,2025-12-24T17:59:46Z
QTUM,111.88,2025-12-24T17:56:58Z
QTWO,74.31,2025-12-24T17:59:49Z
QUAD,6.46,2025-12-24T17:59:08Z
QUAL,201.01,2025-12-24T17:59:45Z
QUBT,11.425,2025-12-24T17:59:55Z
QUBX,27.24,2025-12-24T17:54:40Z
QUIK,6.4,2025-12-24T17:41:16Z
QURE,25.19,2025-12-24T17:59:56Z
QUSA,18.48,2025-12-24T16:27:13Z
QUVU,27.69,2025-12-24T16:08:26Z
QVAL,49.64,2025-12-24T16:40:03Z
QVCC,8.97,2025-12-24T17:42:50Z
QVCD,9.02,2025-12-24T16:42:38Z
QVCGA,11.5,2025-12-24T15:54:36Z
QVCGP,3.73,2025-12-24T17:56:58Z
QVOY,27.2,2025-12-24T16:49:28Z
QWLD,144.12,2025-12-24T16:27:27Z
QXO,21.57,2025-12-24T17:59:51Z
QXO-B,60.9,2025-12-24T16:02:38Z
QYLD,17.74,2025-12-24T17:59:58Z
QYLG,30.25,2025-12-24T17:59:50Z
R,197.56,2025-12-24T17:59:53Z
RA,12.905,2025-12-24T17:12:25Z
RAAX,36.34,2025-12-24T15:18:07Z
RACE,376.68,2025-12-24T17:57:13Z
RADX,5.4,2025-12-24T17:27:19Z
RAIL,11.505,2025-12-24T17:59:48Z
RAIN,6.72,2025-12-24T15:43:15Z
RAL,51.67,2025-12-24T17:59:29Z
RAMP,29.83,2025-12-24T17:58:43Z
RAND,11.15,2025-12-24T17:55:44Z
RANI,1.46,2025-12-24T17:59:22Z
RAPP,30.96,2025-12-24T17:59:41Z
RAPT,35.845,2025-12-24T17:59:16Z
RARE,34.57,2025-12-24T17:59:50Z
RAVE,3.02,2025-12-24T17:47:25Z
RAY,1.98,2025-12-24T17:04:33Z
RBA,105.525,2025-12-24T17:59:53Z
RBBN,2.945,2025-12-24T17:59:04Z
RBC,458.58,2025-12-24T17:59:43Z
RBLX,81.95,2025-12-24T17:59:53Z
RBNE,3.11,2025-12-24T16:19:49Z
RBOT,2.01,2025-12-24T17:15:05Z
RBRK,78.81,2025-12-24T17:59:46Z
RC,2.295,2025-12-24T17:59:51Z
RCAT,9.11,2025-12-24T17:59:52Z
RCEL,3.54,2025-12-24T17:57:14Z
RCG,2.64,2025-12-24T17:51:47Z
RCI,37.22,2025-12-24T17:59:49Z
RCKT,3.515,2025-12-24T17:59:53Z
RCL,294.18,2025-12-24T17:59:41Z
RCS,6.25,2025-12-24T16:18:50Z
RCT,1.42,2025-12-24T17:59:32Z
RCTR,33.11,2025-12-24T16:42:22Z
RCUS,23.11,2025-12-24T17:59:18Z
RDAC,10.98,2025-12-24T15:34:34Z
RDDT,226.36,2025-12-24T17:58:16Z
RDIV,52.125,2025-12-24T14:59:14Z
RDN,36.69,2025-12-24T17:58:50Z
RDNT,72.92,2025-12-24T17:59:30Z
RDNW,5.37,2025-12-24T17:59:15Z
RDTE,31.09,2025-12-24T17:59:06Z
RDTL,49.05,2025-12-24T17:50:03Z
RDVI,26.665,2025-12-24T17:59:46Z
RDVT,56.455,2025-12-24T17:22:07Z
RDVY,70.75,2025-12-24T17:59:33Z
RDW,7.845,2025-12-24T17:59:58Z
RDWR,24.32,2025-12-24T17:59:12Z
RDY,14.085,2025-12-24T17:59:58Z
RDZN,2.055,2025-12-24T17:55:10Z
REAL,16.23,2025-12-24T17:59:58Z
REAX,3.89,2025-12-24T17:59:58Z
REBN,1.47,2025-12-24T15:12:57Z
RECS,41.36,2025-12-24T17:58:08Z
RECT,1.65,2025-12-24T17:34:37Z
REED,2.68,2025-12-24T17:24:19Z
REET,25.01,2025-12-24T17:59:56Z
REFI,12.955,2025-12-24T17:59:50Z
REG,69.65,2025-12-24T17:58:18Z
REGL,85.685,2025-12-24T17:59:46Z
REGN,784.045,2025-12-24T17:59:41Z
REI,0.8729,2025-12-24T17:55:31Z
REIT,26.34,2025-12-24T17:59:50Z
REK,17.135,2025-12-24T17:59:34Z
REKR,1.59,2025-12-24T17:59:52Z
RELI,0.6017,2025-12-24T17:54:03Z
RELL,10.63,2025-12-24T17:58:42Z
RELX,41.11,2025-12-24T17:59:45Z
RELY,14.31,2025-12-24T17:59:56Z
REM,22.335,2025-12-24T17:59:57Z
REMC,20.38,2025-12-24T15:36:08Z
REMX,76.2,2025-12-24T17:59:58Z
RENT,8.28,2025-12-24T17:59:50Z
RENX,0.2416,2025-12-24T17:59:51Z
REPL,10.09,2025-12-24T17:59:54Z
REPX,25.95,2025-12-24T17:57:45Z
RERE,5.29,2025-12-24T17:59:43Z
RES,5.46,2025-12-24T17:59:52Z
RESM,20.29,2025-12-24T15:36:27Z
RETL,9.915,2025-12-24T17:58:44Z
RETO,2.305,2025-12-24T17:56:10Z
REVG,61.91,2025-12-24T17:50:37Z
REVS,28.66,2025-12-24T16:57:39Z
REX,34.21,2025-12-24T17:29:54Z
REXR,39.86,2025-12-24T17:59:38Z
REYN,23.25,2025-12-24T17:59:27Z
REZ,82.885,2025-12-24T17:55:05Z
REZI,35.645,2025-12-24T17:59:46Z
RF,27.72,2025-12-24T17:59:48Z
RFI,10.965,2025-12-24T17:11:45Z
RFIL,5.98,2025-12-24T15:45:31Z
RFIX,38.48,2025-12-24T17:51:54Z
RFL,1.18,2025-12-24T17:56:45Z
RFM,14.01,2025-12-24T17:24:25Z
RFMZ,12.71,2025-12-24T17:56:31Z
RFV,129.45,2025-12-24T15:35:57Z
RGA,206.225,2025-12-24T17:59:29Z
RGC,24.83,2025-12-24T17:56:42Z
RGEN,165.85,2025-12-24T17:59:40Z
RGLD,232.99,2025-12-24T17:59:51Z
RGLO,29.89,2025-12-24T15:32:01Z
RGNX,14.465,2025-12-24T17:56:27Z
RGP,5.225,2025-12-24T17:59:51Z
RGR,32.535,2025-12-24T17:59:40Z
RGTI,24.53,2025-12-24T17:59:58Z
RGTU,18.65,2025-12-24T14:42:22Z
RGTX,15.155,2025-12-24T17:58:03Z
RGTZ,18.54,2025-12-24T17:59:44Z
RH,183.03,2025-12-24T17:59:13Z
RHI,27.505,2025-12-24T17:59:52Z
RHLD,218.83,2025-12-24T17:52:47Z
RHP,97.605,2025-12-24T17:59:53Z
RICK,23.27,2025-12-24T17:44:39Z
RIET,9.29,2025-12-24T17:59:45Z
RIG,4.025,2025-12-24T17:59:57Z
RIGL,44.59,2025-12-24T17:59:48Z
RIGS,23.07,2025-12-24T16:23:14Z
RILY,4.78,2025-12-24T17:59:36Z
RILYG,19.86,2025-12-24T17:52:59Z
RILYN,20.7,2025-12-24T17:56:59Z
RILYZ,12.36,2025-12-24T15:36:56Z
RING,76.96,2025-12-24T17:59:03Z
RIO,80.92,2025-12-24T17:59:51Z
RIOT,13.915,2025-12-24T17:59:59Z
RIOX,13.64,2025-12-24T17:51:21Z
RITA,19.64,2025-12-24T14:34:03Z
RITM,11.155,2025-12-24T17:59:58Z
RIV,11.69,2025-12-24T17:31:14Z
RIVN,21.14,2025-12-24T17:59:55Z
RJDI,25.59,2025-12-24T17:40:18Z
RJET,20.575,2025-12-24T17:51:17Z
RJF,165.895,2025-12-24T17:59:37Z
RKLB,77.11,2025-12-24T17:59:54Z
RKLX,56.38,2025-12-24T17:59:03Z
RKLZ,4.33,2025-12-24T17:48:52Z
RKT,19.46,2025-12-24T17:59:57Z
RL,361.43,2025-12-24T17:59:58Z
RLAY,8.65,2025-12-24T17:59:55Z
RLGT,6.49,2025-12-24T17:53:25Z
RLI,65.21,2025-12-24T17:59:45Z
RLJ,7.725,2025-12-24T17:59:58Z
RLJ-A,25.36,2025-12-24T15:52:34Z
RLMD,4.585,2025-12-24T17:59:49Z
RLTY,14.5,2025-12-24T15:50:53Z
RLX,2.28,2025-12-24T17:59:58Z
RLY,32.325,2025-12-24T16:54:43Z
RLYB,0.7263,2025-12-24T17:27:05Z
RMAX,7.63,2025-12-24T17:59:11Z
RMBS,94.44,2025-12-24T17:59:48Z
RMCF,1.74,2025-12-24T17:59:43Z
RMD,244.525,2025-12-24T17:59:40Z
RMM,13.63,2025-12-24T17:57:13Z
RMNI,4.01,2025-12-24T17:59:50Z
RMOP,25.105,2025-12-24T17:36:56Z
RMR,15.16,2025-12-24T17:59:21Z
RMSG,1.41,2025-12-24T15:55:19Z
RMT,10.67,2025-12-24T17:58:11Z
RMTI,0.8052,2025-12-24T17:11:48Z
RNA,72.195,2025-12-24T17:59:55Z
RNAC,6.75,2025-12-24T17:58:43Z
RNG,29.245,2025-12-24T17:59:44Z
RNGR,13.85,2025-12-24T17:57:21Z
RNIN,27.97,2025-12-24T17:59:46Z
RNP,19.72,2025-12-24T17:56:24Z
RNR,278.915,2025-12-24T17:58:02Z
RNST,36.25,2025-12-24T17:59:27Z
RNTX,1.325,2025-12-24T17:06:48Z
RNW,5.495,2025-12-24T17:59:37Z
RNXT,0.8956,2025-12-24T17:59:46Z
ROAD,111.81,2025-12-24T17:56:20Z
ROBN,61.91,2025-12-24T17:59:43Z
ROBT,52.9,2025-12-24T17:59:09Z
ROCK,50.195,2025-12-24T17:59:57Z
RODM,37.16,2025-12-24T17:48:50Z
ROIV,22.49,2025-12-24T17:59:57Z
ROK,397.94,2025-12-24T17:59:55Z
ROKU,110.71,2025-12-24T17:59:56Z
ROL,60.66,2025-12-24T17:59:46Z
ROLR,1.47,2025-12-24T17:36:28Z
ROM,97.72,2025-12-24T17:59:26Z
ROOT,74.18,2025-12-24T17:56:10Z
ROP,451.115,2025-12-24T17:59:53Z
ROST,181.65,2025-12-24T17:59:56Z
ROUS,58.62,2025-12-24T15:36:10Z
RPAY,3.71,2025-12-24T17:59:58Z
RPD,15.315,2025-12-24T17:57:58Z
RPG,47.8,2025-12-24T17:59:46Z
RPID,3.045,2025-12-24T17:44:57Z
RPM,105.87,2025-12-24T17:59:45Z
RPRX,39.255,2025-12-24T17:59:47Z
RPT,2.66,2025-12-24T17:59:24Z
RPTX,2.55,2025-12-24T17:59:59Z
RPV,103.72,2025-12-24T15:58:56Z
RQI,11.635,2025-12-24T17:55:39Z
RR,3.66,2025-12-24T17:59:55Z
RRBI,74,2025-12-24T15:29:18Z
RRC,35.25,2025-12-24T17:59:49Z
RRGB,4.26,2025-12-24T16:04:25Z
RRR,62.07,2025-12-24T17:59:43Z
RRX,145.545,2025-12-24T17:58:51Z
RS,295.29,2025-12-24T17:59:54Z
RSBT,18.7,2025-12-24T15:43:54Z
RSDE,21.92,2025-12-24T14:38:43Z
RSG,213.28,2025-12-24T17:59:53Z
RSHO,45.32,2025-12-24T17:51:45Z
RSI,19.22,2025-12-24T17:59:40Z
RSKD,4.99,2025-12-24T17:59:47Z
RSMR,22,2025-12-24T14:34:45Z
RSMV,27.59,2025-12-24T17:58:00Z
RSP,193.82,2025-12-24T17:59:52Z
RSPA,51.295,2025-12-24T17:47:15Z
RSPG,79.38,2025-12-24T17:49:09Z
RSPH,32.13,2025-12-24T17:47:29Z
RSPN,57.68,2025-12-24T17:38:18Z
RSPS,29.17,2025-12-24T17:39:45Z
RSPT,46.435,2025-12-24T17:59:48Z
RSPU,74.875,2025-12-24T17:59:26Z
RSSL,99.495,2025-12-24T17:58:08Z
RSST,29.21,2025-12-24T17:44:09Z
RSSX,26.895,2025-12-24T16:51:24Z
RSSY,19.87,2025-12-24T15:09:44Z
RSVR,7.5,2025-12-24T17:56:17Z
RTAC,10.67,2025-12-24T17:27:14Z
RTACU,10.98,2025-12-24T15:22:14Z
RTH,252.16,2025-12-24T17:17:35Z
RTO,29.915,2025-12-24T17:59:38Z
RTX,186.36,2025-12-24T17:59:54Z
RUBI,1.31,2025-12-24T16:03:09Z
RUM,6.95,2025-12-24T17:59:47Z
RUN,20.14,2025-12-24T17:59:56Z
RUSC,31.75,2025-12-24T15:11:10Z
RUSHA,56.19,2025-12-24T17:58:47Z
RVLV,29.84,2025-12-24T17:59:57Z
RVMD,81.135,2025-12-24T17:59:58Z
RVNL,65.9,2025-12-24T15:46:15Z
RVNU,24.64,2025-12-24T16:43:26Z
RVPH,0.2787,2025-12-24T17:58:15Z
RVSB,5.2,2025-12-24T17:59:21Z
RVSN,0.3742,2025-12-24T17:56:08Z
RVT,16.31,2025-12-24T17:59:19Z
RVTY,96.94,2025-12-24T17:55:04Z
RVYL,0.1686,2025-12-24T17:10:54Z
RWAY,8.91,2025-12-24T17:40:08Z
RWJ,49.37,2025-12-24T14:55:38Z
RWK,128.81,2025-12-24T15:44:22Z
RWL,115.5,2025-12-24T17:58:08Z
RWM,15.93,2025-12-24T17:59:44Z
RWO,45.3,2025-12-24T17:55:14Z
RWR,98.645,2025-12-24T17:59:55Z
RWT,5.55,2025-12-24T17:59:57Z
RWTP,24.6,2025-12-24T15:00:56Z
RWX,28.08,2025-12-24T15:40:53Z
RXO,12.76,2025-12-24T17:59:28Z
RXRX,4.41,2025-12-24T17:59:57Z
RXST,11.48,2025-12-24T17:59:12Z
RXT,0.9876,2025-12-24T17:59:39Z
RY,171.125,2025-12-24T17:59:49Z
RYAAY,73.485,2025-12-24T17:59:57Z
RYAM,5.84,2025-12-24T17:59:20Z
RYAN,51.92,2025-12-24T17:59:42Z
RYDE,0.335,2025-12-24T17:56:02Z
RYET,1.315,2025-12-24T17:46:35Z
RYI,26.22,2025-12-24T17:59:31Z
RYLD,15.49,2025-12-24T17:59:59Z
RYN,21.815,2025-12-24T17:58:54Z
RYTM,112.275,2025-12-24T17:59:42Z
RZC,25.78,2025-12-24T17:50:53Z
RZLT,2.74,2025-12-24T17:59:58Z
RZLV,2.915,2025-12-24T17:59:47Z
S,14.85,2025-12-24T17:59:59Z
SA,30.945,2025-12-24T17:59:53Z
SAA,27.11,2025-12-24T16:41:26Z
SABA,8.425,2025-12-24T15:36:29Z
SABR,1.435,2025-12-24T17:59:56Z
SABS,3.83,2025-12-24T17:57:01Z
SACH,1.01,2025-12-24T16:16:50Z
SAFE,13.67,2025-12-24T17:57:23Z
SAFX,0.389,2025-12-24T17:59:26Z
SAH,64.415,2025-12-24T17:59:07Z
SAIA,329.64,2025-12-24T17:59:54Z
SAIC,102.76,2025-12-24T17:59:55Z
SAIL,21.07,2025-12-24T17:59:54Z
SAM,195.485,2025-12-24T17:50:50Z
SAMG,15.25,2025-12-24T16:20:46Z
SAMT,39.55,2025-12-24T16:33:32Z
SAN,11.865,2025-12-24T17:59:52Z
SANA,4.53,2025-12-24T17:59:59Z
SANG,5.035,2025-12-24T17:50:08Z
SANM,154.1,2025-12-24T17:59:51Z
SAP,245.67,2025-12-24T17:58:46Z
SAR,23.165,2025-12-24T17:00:23Z
SARK,28.845,2025-12-24T17:59:46Z
SARO,29.42,2025-12-24T17:59:44Z
SATL,2.195,2025-12-24T17:58:47Z
SATLW,0.38,2025-12-24T17:38:32Z
SATS,106.985,2025-12-24T17:59:41Z
SAVA,2.23,2025-12-24T17:59:51Z
SB,4.81,2025-12-24T17:59:44Z
SBAC,192.77,2025-12-24T17:59:08Z
SBAR,26.22,2025-12-24T17:50:28Z
SBC,4.475,2025-12-24T17:50:51Z
SBCF,32.465,2025-12-24T17:59:59Z
SBDS,5.85,2025-12-24T16:07:44Z
SBET,9.185,2025-12-24T17:59:52Z
SBFG,22.135,2025-12-24T16:37:31Z
SBFM,1.29,2025-12-24T15:12:41Z
SBGI,15.225,2025-12-24T17:59:49Z
SBH,15.165,2025-12-24T17:59:55Z
SBI,7.71,2025-12-24T14:53:43Z
SBIT,44.17,2025-12-24T17:58:23Z
SBLK,18.965,2025-12-24T17:59:56Z
SBLX,3.16,2025-12-24T16:33:00Z
SBRA,18.665,2025-12-24T17:59:54Z
SBS,25.32,2025-12-24T17:59:58Z
SBSI,31.33,2025-12-24T17:58:18Z
SBSW,15.115,2025-12-24T17:59:52Z
SBUX,84.57,2025-12-24T17:59:50Z
SCAG,2.12,2025-12-24T17:24:39Z
SCAP,37.03,2025-12-24T17:14:21Z
SCCO,148.2,2025-12-24T17:59:57Z
SCCR,25.85,2025-12-24T17:57:36Z
SCD,14.85,2025-12-24T15:51:26Z
SCDV,24.36,2025-12-24T14:58:58Z
SCE-L,17.41,2025-12-24T14:59:08Z
SCE-M,25.27,2025-12-24T15:13:15Z
SCEC,25.49,2025-12-24T17:15:28Z
SCHA,29.18,2025-12-24T17:58:11Z
SCHB,26.59,2025-12-24T17:53:00Z
SCHC,45.73,2025-12-24T17:58:47Z
SCHD,27.63,2025-12-24T17:59:45Z
SCHE,32.685,2025-12-24T17:59:00Z
SCHF,24.14,2025-12-24T17:59:20Z
SCHG,33.1,2025-12-24T17:59:31Z
SCHH,20.94,2025-12-24T17:59:21Z
SCHI,23.005,2025-12-24T17:59:18Z
SCHJ,24.865,2025-12-24T17:59:46Z
SCHK,33.235,2025-12-24T17:58:37Z
SCHL,28.99,2025-12-24T17:59:50Z
SCHM,30.7,2025-12-24T17:59:26Z
SCHO,24.335,2025-12-24T17:57:17Z
SCHP,26.52,2025-12-24T17:57:05Z
SCHQ,31.905,2025-12-24T17:59:56Z
SCHR,25.08,2025-12-24T17:59:38Z
SCHV,29.96,2025-12-24T17:59:26Z
SCHW,101.8,2025-12-24T17:59:54Z
SCHW-J,18.8,2025-12-24T16:39:16Z
SCHX,27.25,2025-12-24T17:59:52Z
SCHY,29.925,2025-12-24T17:59:46Z
SCHZ,23.4,2025-12-24T17:56:45Z
SCI,78.26,2025-12-24T17:58:31Z
SCIO,20.79,2025-12-24T16:31:43Z
SCJ,92.25,2025-12-24T17:58:30Z
SCL,47.13,2025-12-24T17:08:42Z
SCLX,13.69,2025-12-24T17:59:49Z
SCM,12.52,2025-12-24T17:59:45Z
SCMB,25.735,2025-12-24T17:59:58Z
SCNX,0.5316,2025-12-24T17:57:10Z
SCO,19.08,2025-12-24T17:56:02Z
SCPQU,10.03,2025-12-24T14:40:01Z
SCSC,39.71,2025-12-24T17:23:41Z
SCVL,18.24,2025-12-24T17:59:41Z
SCWO,0.231,2025-12-24T17:43:09Z
SCYB,26.43,2025-12-24T17:59:55Z
SCYX,0.6017,2025-12-24T15:44:44Z
SCZ,77.91,2025-12-24T17:59:07Z
SD,14.39,2025-12-24T17:48:27Z
SDA,2.09,2025-12-24T17:59:50Z
SDCI,22.49,2025-12-24T17:59:46Z
SDGR,18.37,2025-12-24T17:59:55Z
SDHC,17.6,2025-12-24T17:40:00Z
SDHY,16.545,2025-12-24T17:47:53Z
SDIV,24.235,2025-12-24T17:59:06Z
SDOW,30.66,2025-12-24T17:59:57Z
SDRL,32.965,2025-12-24T17:59:20Z
SDS,66.725,2025-12-24T17:59:36Z
SDST,2.96,2025-12-24T17:35:15Z
SDVD,21.91,2025-12-24T16:38:26Z
SDVY,39.245,2025-12-24T17:59:49Z
SDY,140.37,2025-12-24T17:59:29Z
SE,126.35,2025-12-24T17:59:49Z
SEAT,6.545,2025-12-24T17:57:02Z
SECT,65.43,2025-12-24T17:34:36Z
SEDG,30.72,2025-12-24T17:59:52Z
SEE,41.34,2025-12-24T17:59:58Z
SEED,1.23,2025-12-24T17:40:25Z
SEEM,31.475,2025-12-24T16:45:24Z
SEER,1.835,2025-12-24T17:59:24Z
SEG,19.92,2025-12-24T17:59:00Z
SEGG,0.8859,2025-12-24T15:57:58Z
SEI,45.035,2025-12-24T17:59:43Z
SEIC,85.41,2025-12-24T17:55:05Z
SEIE,32.77,2025-12-24T17:05:13Z
SEIS,28.745,2025-12-24T17:59:46Z
SEIV,42.18,2025-12-24T17:59:42Z
SEIX,23.33,2025-12-24T16:44:40Z
SEM,14.81,2025-12-24T17:52:00Z
SEMG,27.65,2025-12-24T17:59:46Z
SEMR,11.855,2025-12-24T17:59:56Z
SEMY,21.76,2025-12-24T14:52:19Z
SENEA,109.56,2025-12-24T14:49:15Z
SENS,6.01,2025-12-24T17:59:54Z
SEPI,26.78,2025-12-24T17:30:15Z
SEPN,29.56,2025-12-24T17:59:04Z
SERA,3.57,2025-12-24T17:59:19Z
SERV,10.705,2025-12-24T17:59:46Z
SES,2.05,2025-12-24T17:59:55Z
SETH,42.37,2025-12-24T17:59:43Z
SETM,29.65,2025-12-24T17:59:50Z
SEV,5.19,2025-12-24T17:57:26Z
SEVN,8.99,2025-12-24T17:59:41Z
SEZL,73.76,2025-12-24T17:59:06Z
SF,128.72,2025-12-24T17:59:34Z
SF-B,23.93,2025-12-24T16:21:19Z
SF-C,23.48,2025-12-24T16:05:14Z
SFBS,73.73,2025-12-24T17:17:09Z
SFD,22.475,2025-12-24T17:59:05Z
SFGV,32.11,2025-12-24T17:02:28Z
SFHG,0.9739,2025-12-24T17:07:13Z
SFIX,5.165,2025-12-24T17:59:54Z
SFL,7.73,2025-12-24T17:59:31Z
SFLO,29.84,2025-12-24T17:59:46Z
SFLR,37.125,2025-12-24T17:01:28Z
SFM,79.67,2025-12-24T17:59:32Z
SFNC,19.26,2025-12-24T17:59:49Z
SFST,53.005,2025-12-24T17:58:00Z
SG,7,2025-12-24T17:59:54Z
SGBX,2.3,2025-12-24T17:59:33Z
SGC,10.05,2025-12-24T17:49:55Z
SGDJ,86.675,2025-12-24T15:20:24Z
SGDM,72.55,2025-12-24T16:47:30Z
SGHC,11.865,2025-12-24T17:59:58Z
SGHT,9.065,2025-12-24T17:59:52Z
SGI,90.09,2025-12-24T17:59:20Z
SGLC,38.76,2025-12-24T16:33:08Z
SGML,13.5,2025-12-24T17:58:18Z
SGMO,0.4416,2025-12-24T17:59:52Z
SGMT,6.075,2025-12-24T17:59:43Z
SGN,1.11,2025-12-24T17:15:12Z
SGOL,42.68,2025-12-24T17:59:55Z
SGOV,100.315,2025-12-24T17:59:03Z
SGRP,0.7666,2025-12-24T14:46:29Z
SGRY,15.64,2025-12-24T17:59:47Z
SGU,11.91,2025-12-24T16:47:17Z
SGVT,100.42,2025-12-24T17:55:09Z
SH,35.54,2025-12-24T17:58:45Z
SHAK,85.02,2025-12-24T17:59:55Z
SHBI,18.06,2025-12-24T17:59:49Z
SHC,17.7,2025-12-24T17:59:56Z
SHCO,8.96,2025-12-24T17:59:50Z
SHEL,72.83,2025-12-24T17:59:58Z
SHEN,11.405,2025-12-24T17:59:51Z
SHFS,1.31,2025-12-24T17:58:30Z
SHG,54.16,2025-12-24T17:18:35Z
SHIM,2.82,2025-12-24T17:49:33Z
SHIP,9.35,2025-12-24T17:59:30Z
SHLD,66.45,2025-12-24T17:59:59Z
SHLS,9.185,2025-12-24T17:59:55Z
SHM,47.955,2025-12-24T17:59:45Z
SHMD,5,2025-12-24T17:14:51Z
SHMDW,0.93,2025-12-24T16:49:08Z
SHNY,148.2,2025-12-24T17:25:45Z
SHO,9.1,2025-12-24T17:59:34Z
SHOO,42.77,2025-12-24T17:59:51Z
SHOP,169.43,2025-12-24T17:59:41Z
SHPH,1.83,2025-12-24T17:55:43Z
SHV,110.06,2025-12-24T17:55:49Z
SHW,325.15,2025-12-24T17:59:55Z
SHY,82.735,2025-12-24T17:59:52Z
SHYD,23,2025-12-24T17:09:14Z
SHYG,42.87,2025-12-24T17:59:47Z
SHYM,22.165,2025-12-24T17:55:28Z
SI,15.41,2025-12-24T17:53:49Z
SIBN,20.36,2025-12-24T17:59:41Z
SID,1.63,2025-12-24T17:59:59Z
SIDU,2.21,2025-12-24T17:59:56Z
SIEB,3.82,2025-12-24T17:55:51Z
SIF,5.71,2025-12-24T16:03:54Z
SIFY,12.095,2025-12-24T15:45:35Z
SIG,87,2025-12-24T17:59:54Z
SIGA,6.265,2025-12-24T17:59:52Z
SIGI,84.57,2025-12-24T17:59:49Z
SIGIP,16.9,2025-12-24T16:22:15Z
SII,100.26,2025-12-24T17:50:00Z
SIL,87.68,2025-12-24T17:59:54Z
SILA,23.105,2025-12-24T17:59:50Z
SILC,14.14,2025-12-24T17:45:32Z
SILJ,29.31,2025-12-24T17:59:53Z
SIMO,89.13,2025-12-24T17:34:23Z
SIMS,42.85,2025-12-24T17:20:48Z
SION,43.97,2025-12-24T17:59:52Z
SIRI,20.67,2025-12-24T17:59:53Z
SITC,6.56,2025-12-24T17:59:50Z
SITE,127.3,2025-12-24T17:49:44Z
SITM,378.355,2025-12-24T17:59:40Z
SIVR,68.5,2025-12-24T17:57:01Z
SIXG,64.89,2025-12-24T17:59:50Z
SJB,15.245,2025-12-24T17:58:07Z
SJM,99.21,2025-12-24T17:59:12Z
SJNK,25.31,2025-12-24T17:59:43Z
SJT,5.47,2025-12-24T17:59:36Z
SKBL,3.02,2025-12-24T17:47:39Z
SKE,24.49,2025-12-24T17:59:47Z
SKF,24.53,2025-12-24T17:53:46Z
SKIL,7.33,2025-12-24T17:59:49Z
SKIN,1.45,2025-12-24T17:55:06Z
SKLZ,4.77,2025-12-24T17:58:10Z
SKM,20.31,2025-12-24T17:59:55Z
SKOR,49.125,2025-12-24T17:56:41Z
SKRE,8.61,2025-12-24T17:54:50Z
SKT,34.265,2025-12-24T17:59:55Z
SKWD,51.69,2025-12-24T17:59:55Z
SKY,85.69,2025-12-24T17:59:43Z
SKYE,0.857,2025-12-24T17:49:51Z
SKYH,9.18,2025-12-24T17:58:41Z
SKYT,17.895,2025-12-24T17:59:52Z
SKYW,102.99,2025-12-24T17:50:03Z
SKYX,2.365,2025-12-24T17:49:54Z
SKYY,132.18,2025-12-24T17:59:50Z
SLAB,135.355,2025-12-24T17:48:27Z
SLAI,1,2025-12-24T16:20:26Z
SLB,37.975,2025-12-24T17:59:59Z
SLDB,5.88,2025-12-24T17:59:49Z
SLDE,19.54,2025-12-24T17:59:55Z
SLDP,4.515,2025-12-24T17:59:46Z
SLE,0.6179,2025-12-24T17:59:38Z
SLF,62.49,2025-12-24T17:59:56Z
SLG,45.49,2025-12-24T17:59:59Z
SLGB,1.03,2025-12-24T16:14:11Z
SLGL,44.02,2025-12-24T17:13:48Z
SLGN,40.85,2025-12-24T17:59:48Z
SLI,4.84,2025-12-24T17:59:01Z
SLM,27.64,2025-12-24T17:59:54Z
SLMT,2.055,2025-12-24T17:59:51Z
SLN,6.16,2025-12-24T17:59:37Z
SLND,3.54,2025-12-24T17:48:23Z
SLNH,1.535,2025-12-24T17:59:34Z
SLNHP,9.42,2025-12-24T15:42:18Z
SLNO,49.13,2025-12-24T17:59:50Z
SLP,19.195,2025-12-24T17:59:45Z
SLQD,50.68,2025-12-24T17:59:51Z
SLQT,1.375,2025-12-24T17:59:59Z
SLRC,15.275,2025-12-24T17:59:55Z
SLRX,0.6467,2025-12-24T17:56:05Z
SLS,2.84,2025-12-24T17:59:59Z
SLSR,8.145,2025-12-24T17:47:54Z
SLTY,33.88,2025-12-24T17:27:03Z
SLV,65.225,2025-12-24T17:59:59Z
SLVM,49.055,2025-12-24T17:57:37Z
SLVP,35.2,2025-12-24T17:56:05Z
SLVR,57.21,2025-12-24T17:56:33Z
SLX,85.56,2025-12-24T15:58:18Z
SLXN,2.33,2025-12-24T14:36:15Z
SLYG,97.27,2025-12-24T17:05:06Z
SLYV,92.58,2025-12-24T17:58:04Z
SM,18.91,2025-12-24T17:59:49Z
SMA,31.64,2025-12-24T17:59:26Z
SMAY,26.09,2025-12-24T17:06:12Z
SMB,17.42,2025-12-24T15:34:27Z
SMBK,38.05,2025-12-24T16:33:54Z
SMBS,25.74,2025-12-24T17:59:59Z
SMC,27.45,2025-12-24T16:49:40Z
SMCI,30.56,2025-12-24T17:59:59Z
SMCL,4.96,2025-12-24T17:59:46Z
SMCX,13.02,2025-12-24T17:58:35Z
SMCY,8.445,2025-12-24T17:59:50Z
SMCZ,54.94,2025-12-24T16:04:41Z
SMDD,11.67,2025-12-24T17:59:31Z
SMFG,19.67,2025-12-24T17:59:35Z
SMG,57.755,2025-12-24T17:59:34Z
SMH,364.3,2025-12-24T17:59:58Z
SMHB,3.82,2025-12-24T17:20:57Z
SMHI,6.33,2025-12-24T17:57:39Z
SMHX,38.75,2025-12-24T17:59:20Z
SMID,35.21,2025-12-24T17:22:31Z
SMIG,29.235,2025-12-24T17:53:51Z
SMIN,69.65,2025-12-24T17:59:27Z
SMIZ,38.16,2025-12-24T15:31:30Z
SMJF,4.57,2025-12-24T17:52:09Z
SMLF,76.45,2025-12-24T17:59:55Z
SMLR,17.35,2025-12-24T17:59:15Z
SMLV,133.12,2025-12-24T17:25:06Z
SMMT,18.37,2025-12-24T17:59:51Z
SMMU,50.54,2025-12-24T17:59:46Z
SMMV,43.86,2025-12-24T16:03:12Z
SMN,12.9,2025-12-24T14:33:06Z
SMOT,36.66,2025-12-24T17:13:24Z
SMP,37.18,2025-12-24T16:19:27Z
SMPL,19.775,2025-12-24T17:59:53Z
SMR,16.05,2025-12-24T17:59:59Z
SMRI,36.74,2025-12-24T17:41:11Z
SMRT,2.015,2025-12-24T17:59:49Z
SMSI,0.5779,2025-12-24T17:11:31Z
SMST,86.02,2025-12-24T17:50:00Z
SMTC,75.54,2025-12-24T17:59:44Z
SMTH,26.11,2025-12-24T17:59:56Z
SMTI,24.57,2025-12-24T17:41:04Z
SMU,13.325,2025-12-24T17:58:19Z
SMUP,1.195,2025-12-24T17:57:55Z
SMWB,7.04,2025-12-24T17:59:38Z
SMX,136.74,2025-12-24T17:32:15Z
SMXT,0.7592,2025-12-24T17:54:55Z
SN,113.02,2025-12-24T17:59:37Z
SNA,353.04,2025-12-24T17:58:56Z
SNAL,0.907,2025-12-24T16:14:53Z
SNAP,7.86,2025-12-24T17:59:59Z
SNBR,8.655,2025-12-24T17:59:48Z
SNCR,8.475,2025-12-24T17:59:26Z
SNCY,14.535,2025-12-24T17:59:48Z
SND,3.865,2025-12-24T17:59:47Z
SNDA,32.075,2025-12-24T16:03:06Z
SNDK,250.09,2025-12-24T17:59:51Z
SNDL,1.79,2025-12-24T17:59:49Z
SNDR,27.205,2025-12-24T17:59:35Z
SNDX,21.605,2025-12-24T17:59:52Z
SNES,2.34,2025-12-24T17:45:42Z
SNEX,98.11,2025-12-24T17:59:31Z
SNFCA,9.1,2025-12-24T17:59:10Z
SNGX,1.445,2025-12-24T17:59:04Z
SNN,32.84,2025-12-24T17:59:47Z
SNOU,43.26,2025-12-24T14:35:39Z
SNOV,24.9,2025-12-24T16:44:19Z
SNOW,221.92,2025-12-24T17:59:55Z
SNOY,12.36,2025-12-24T16:48:02Z
SNPD,27.04,2025-12-24T16:24:04Z
SNPE,63.02,2025-12-24T17:59:59Z
SNPS,475.77,2025-12-24T17:59:55Z
SNT,4.28,2025-12-24T15:11:49Z
SNTH,27.97,2025-12-24T15:30:05Z
SNTI,1.13,2025-12-24T17:05:31Z
SNV,52.995,2025-12-24T17:58:33Z
SNX,153.72,2025-12-24T17:58:30Z
SNY,48.32,2025-12-24T17:59:55Z
SO,87.145,2025-12-24T17:59:46Z
SOAR,1.015,2025-12-24T17:59:07Z
SOBO,28.37,2025-12-24T17:59:41Z
SOBR,2.38,2025-12-24T17:59:58Z
SOC,9.84,2025-12-24T17:59:58Z
SOFI,27.48,2025-12-24T17:59:59Z
SOFX,35.1,2025-12-24T17:54:50Z
SOHOB,16.92,2025-12-24T15:28:26Z
SOHU,15.73,2025-12-24T16:57:11Z
SOJD,20.28,2025-12-24T17:20:23Z
SOJE,17.75,2025-12-24T17:13:12Z
SOJF,25.32,2025-12-24T17:54:44Z
SOLR,31.24,2025-12-24T15:51:21Z
SOLS,49.615,2025-12-24T17:59:30Z
SOLT,6.17,2025-12-24T17:59:58Z
SOLV,80.18,2025-12-24T17:59:45Z
SOLZ,12.495,2025-12-24T17:59:15Z
SOMN,49.535,2025-12-24T15:04:22Z
SON,43.15,2025-12-24T17:59:51Z
SONM,3.855,2025-12-24T17:38:48Z
SONO,18,2025-12-24T17:55:57Z
SONY,25.685,2025-12-24T17:59:51Z
SOPA,1.16,2025-12-24T17:58:36Z
SOPH,4.54,2025-12-24T17:59:53Z
SOUN,10.89,2025-12-24T17:59:59Z
SOUX,15.61,2025-12-24T15:08:15Z
SOWG,0.5013,2025-12-24T16:29:47Z
SOXL,44.19,2025-12-24T17:59:57Z
SOXQ,56.7,2025-12-24T17:59:42Z
SOXS,2.99,2025-12-24T17:59:45Z
SOXX,306.105,2025-12-24T17:59:54Z
SOXY,60.46,2025-12-24T17:21:15Z
SOYB,22.335,2025-12-24T16:24:41Z
SPAB,25.8,2025-12-24T17:59:45Z
SPAI,4.355,2025-12-24T17:38:52Z
SPB,59.705,2025-12-24T17:49:32Z
SPBO,29.41,2025-12-24T17:58:04Z
SPBW,27.46,2025-12-24T16:14:29Z
SPCB,9.69,2025-12-24T16:57:32Z
SPCE,3.33,2025-12-24T17:59:41Z
SPDN,9.305,2025-12-24T17:59:59Z
SPDV,34.99,2025-12-24T15:23:29Z
SPDW,44.535,2025-12-24T17:59:43Z
SPE,15.42,2025-12-24T15:03:51Z
SPEM,46.705,2025-12-24T17:59:46Z
SPEU,52.17,2025-12-24T16:54:26Z
SPFF,9.5,2025-12-24T17:21:25Z
SPFI,39.625,2025-12-24T17:59:40Z
SPG,188.33,2025-12-24T17:59:37Z
SPGI,525.57,2025-12-24T17:59:44Z
SPGM,77.5,2025-12-24T17:59:00Z
SPGP,115.805,2025-12-24T17:48:55Z
SPH,18.78,2025-12-24T17:58:56Z
SPHB,119.835,2025-12-24T17:59:59Z
SPHD,48.17,2025-12-24T17:59:50Z
SPHQ,76.36,2025-12-24T17:59:21Z
SPHR,93.86,2025-12-24T17:59:55Z
SPHY,23.665,2025-12-24T17:59:46Z
SPIB,33.825,2025-12-24T17:59:56Z
SPIP,25.98,2025-12-24T17:36:37Z
SPIR,8.21,2025-12-24T17:58:30Z
SPIT,26.5,2025-12-24T17:38:59Z
SPLB,22.755,2025-12-24T17:58:41Z
SPLV,71.895,2025-12-24T17:59:48Z
SPMB,22.445,2025-12-24T17:59:59Z
SPMC,13.31,2025-12-24T16:54:50Z
SPMD,59.065,2025-12-24T17:59:58Z
SPMO,121.44,2025-12-24T17:59:48Z
SPNT,22.66,2025-12-24T17:59:25Z
SPOK,13.04,2025-12-24T17:54:47Z
SPOT,586.85,2025-12-24T17:59:47Z
SPPP,17.945,2025-12-24T17:59:30Z
SPRE,19.79,2025-12-24T17:55:15Z
SPRO,2.34,2025-12-24T17:59:06Z
SPRU,5.255,2025-12-24T17:59:35Z
SPRX,39.95,2025-12-24T17:50:00Z
SPRY,11.495,2025-12-24T17:59:54Z
SPSB,30.165,2025-12-24T17:57:51Z
SPSC,91.985,2025-12-24T17:59:00Z
SPSK,18.6,2025-12-24T17:54:05Z
SPSM,48.01,2025-12-24T17:59:52Z
SPT,11.125,2025-12-24T17:59:52Z
SPTE,35.395,2025-12-24T15:22:01Z
SPTI,28.845,2025-12-24T17:59:32Z
SPTL,26.65,2025-12-24T17:55:30Z
SPTM,83.57,2025-12-24T17:52:13Z
SPTS,29.235,2025-12-24T17:28:44Z
SPUS,51.705,2025-12-24T17:59:58Z
SPWH,1.41,2025-12-24T17:57:06Z
SPWO,27.42,2025-12-24T14:39:48Z
SPWR,1.71,2025-12-24T17:59:12Z
SPXC,208.62,2025-12-24T17:49:31Z
SPXL,229.38,2025-12-24T17:59:48Z
SPXS,34.1,2025-12-24T17:59:51Z
SPXU,47.81,2025-12-24T17:59:48Z
SPXX,18.105,2025-12-24T17:56:39Z
SPY,690.27,2025-12-24T17:59:59Z
SPYD,43.45,2025-12-24T17:59:00Z
SPYG,108.18,2025-12-24T17:59:34Z
SPYI,52.975,2025-12-24T17:59:31Z
SPYM,81.45,2025-12-24T17:59:58Z
SPYT,17.95,2025-12-24T17:59:59Z
SPYU,57.98,2025-12-24T17:48:05Z
SPYV,57.36,2025-12-24T17:59:56Z
SQM,70.965,2025-12-24T17:59:31Z
SQNS,4.79,2025-12-24T17:59:07Z
SQQQ,65.23,2025-12-24T17:59:59Z
SR,83.38,2025-12-24T17:55:21Z
SRAD,23.13,2025-12-24T17:59:58Z
SRBK,16.19,2025-12-24T17:47:13Z
SRCE,64.24,2025-12-24T17:50:45Z
SRE,88.8,2025-12-24T17:59:50Z
SRET,21.8,2025-12-24T14:37:25Z
SRFM,2.135,2025-12-24T17:59:44Z
SRG,3.28,2025-12-24T17:59:37Z
SRI,5.69,2025-12-24T17:55:41Z
SRLN,41.195,2025-12-24T17:56:17Z
SRPT,22.3,2025-12-24T17:59:54Z
SRRK,45.87,2025-12-24T17:59:41Z
SRTA,4.99,2025-12-24T17:59:50Z
SRTS,3.77,2025-12-24T17:00:00Z
SRTY,39.15,2025-12-24T17:59:40Z
SRV,40.36,2025-12-24T17:58:58Z
SRXH,0.255,2025-12-24T17:48:32Z
SSB,96.235,2025-12-24T17:59:46Z
SSD,166.4,2025-12-24T17:50:01Z
SSG,29.825,2025-12-24T17:59:46Z
SSK,18.79,2025-12-24T17:59:20Z
SSKN,1.28,2025-12-24T17:17:49Z
SSL,6.44,2025-12-24T17:59:52Z
SSNC,89.04,2025-12-24T17:59:20Z
SSO,59.405,2025-12-24T17:59:58Z
SSP,4.01,2025-12-24T17:59:52Z
SSRM,22.83,2025-12-24T17:59:57Z
SSSS,9.29,2025-12-24T17:59:53Z
SSTI,8.04,2025-12-24T17:59:26Z
SSTK,18.22,2025-12-24T17:59:22Z
SSYS,9.085,2025-12-24T17:59:46Z
ST,33.64,2025-12-24T17:59:49Z
STAA,23.61,2025-12-24T17:59:44Z
STAG,37.32,2025-12-24T17:59:46Z
STAI,3.19,2025-12-24T17:57:23Z
STAK,0.3608,2025-12-24T15:57:44Z
STBA,40.68,2025-12-24T17:59:54Z
STC,71.87,2025-12-24T17:55:25Z
STCE,64.615,2025-12-24T15:20:11Z
STE,255.24,2025-12-24T17:59:37Z
STEL,31.335,2025-12-24T17:48:29Z
STEM,16.245,2025-12-24T17:53:10Z
STEP,65.97,2025-12-24T17:59:37Z
STEW,18.45,2025-12-24T16:39:29Z
STEX,3.35,2025-12-24T17:50:20Z
STGW,5.01,2025-12-24T17:58:20Z
STHO,7.55,2025-12-24T17:57:24Z
STI,6.84,2025-12-24T17:32:58Z
STIM,1.425,2025-12-24T17:59:56Z
STIP,102.305,2025-12-24T17:47:54Z
STK,37.27,2025-12-24T16:51:37Z
STKE,1.79,2025-12-24T17:59:52Z
STKL,3.79,2025-12-24T17:59:50Z
STKS,1.805,2025-12-24T15:06:17Z
STLA,11.03,2025-12-24T17:59:59Z
STLD,175.36,2025-12-24T17:59:51Z
STM,26.1,2025-12-24T17:59:54Z
STN,95.75,2025-12-24T17:57:46Z
STNE,14.67,2025-12-24T17:59:56Z
STNG,51.025,2025-12-24T17:59:25Z
STOK,32.165,2025-12-24T17:59:51Z
STPZ,53.745,2025-12-24T14:35:00Z
STRA,80.84,2025-12-24T17:21:37Z
STRC,99,2025-12-24T16:32:48Z
STRD,77.51,2025-12-24T17:12:18Z
STRF,106.275,2025-12-24T17:44:46Z
STRL,314.105,2025-12-24T17:56:54Z
STRO,10.545,2025-12-24T17:27:50Z
STRT,82.08,2025-12-24T14:49:18Z
STRV,44.63,2025-12-24T17:54:33Z
STRW,12.93,2025-12-24T17:44:58Z
STRZ,11.495,2025-12-24T17:55:20Z
STSS,2.19,2025-12-24T17:11:09Z
STT,132.3,2025-12-24T17:59:32Z
STT-G,22.375,2025-12-24T17:00:30Z
STTK,3.28,2025-12-24T17:59:53Z
STUB,13.56,2025-12-24T17:59:57Z
STVN,20.985,2025-12-24T17:55:38Z
STWD,18.55,2025-12-24T17:59:55Z
STX,285.35,2025-12-24T17:59:41Z
STXG,51.56,2025-12-24T17:50:00Z
STXS,2.43,2025-12-24T17:59:53Z
STZ,140.38,2025-12-24T17:59:45Z
SU,43.22,2025-12-24T17:59:56Z
SUB,106.6,2025-12-24T17:59:29Z
SUGP,6.135,2025-12-24T17:33:13Z
SUI,124.44,2025-12-24T17:59:27Z
SUIG,1.815,2025-12-24T17:59:54Z
SUN,52.655,2025-12-24T17:55:34Z
SUNC,49.03,2025-12-24T17:59:36Z
SUNS,9.99,2025-12-24T17:58:07Z
SUPN,51.775,2025-12-24T17:59:35Z
SUPV,12.12,2025-12-24T17:59:41Z
SUPX,17.94,2025-12-24T17:58:24Z
SURG,1.8,2025-12-24T17:59:20Z
SURI,16.45,2025-12-24T17:05:01Z
SUSA,141.12,2025-12-24T17:05:01Z
SUSB,25.21,2025-12-24T17:59:45Z
SUSC,23.44,2025-12-24T17:59:45Z
SUUN,1.99,2025-12-24T17:59:04Z
SUZ,9.285,2025-12-24T17:59:59Z
SVAC,10.24,2025-12-24T17:52:05Z
SVAQU,9.94,2025-12-24T17:59:51Z
SVC,1.735,2025-12-24T17:59:55Z
SVCO,4.38,2025-12-24T17:11:10Z
SVIX,23.86,2025-12-24T17:57:39Z
SVM,8.6,2025-12-24T17:59:54Z
SVOL,17.64,2025-12-24T17:59:28Z
SVRA,6.405,2025-12-24T17:59:52Z
SVRE,1.38,2025-12-24T15:07:20Z
SVRN,1.03,2025-12-24T17:59:44Z
SVV,9.44,2025-12-24T17:59:48Z
SVXY,54.935,2025-12-24T17:59:58Z
SW,38.13,2025-12-24T17:59:58Z
SWBI,10.09,2025-12-24T17:59:47Z
SWIM,6.22,2025-12-24T17:59:43Z
SWK,74.88,2025-12-24T17:59:53Z
SWKH,17.15,2025-12-24T16:46:31Z
SWKS,64.5,2025-12-24T17:59:53Z
SWX,81.2,2025-12-24T17:59:49Z
SWZ,6.225,2025-12-24T17:59:09Z
SXC,7.16,2025-12-24T17:59:53Z
SXI,229.715,2025-12-24T17:57:42Z
SXT,95.92,2025-12-24T17:18:24Z
SY,2.795,2025-12-24T17:59:46Z
SYBT,67.21,2025-12-24T17:59:17Z
SYF,86.02,2025-12-24T17:59:48Z
SYF-B,26.175,2025-12-24T17:16:01Z
SYFI,36.08,2025-12-24T17:07:06Z
SYK,354.77,2025-12-24T17:59:54Z
SYLD,70.46,2025-12-24T17:36:32Z
SYM,58.35,2025-12-24T17:59:41Z
SYNA,73.99,2025-12-24T17:50:01Z
SYNX,0.962,2025-12-24T15:49:58Z
SYPR,2.36,2025-12-24T16:25:37Z
SYRE,33.11,2025-12-24T17:59:50Z
SYSB,89.835,2025-12-24T17:56:25Z
SYY,74.25,2025-12-24T17:59:55Z
SZK,12.72,2025-12-24T15:36:35Z
T,24.66,2025-12-24T17:59:56Z
T-A,20.22,2025-12-24T16:36:24Z
T-C,18.93,2025-12-24T16:15:23Z
TAC,12.74,2025-12-24T17:59:50Z
TACK,30.36,2025-12-24T15:13:59Z
TAFI,25.275,2025-12-24T17:59:46Z
TAFM,25.51,2025-12-24T17:48:29Z
TAGS,23.35,2025-12-24T15:06:25Z
TAIL,11.475,2025-12-24T17:46:25Z
TAK,15.57,2025-12-24T17:59:52Z
TAL,10.97,2025-12-24T17:59:54Z
TALK,3.65,2025-12-24T17:59:55Z
TALO,11.035,2025-12-24T17:59:52Z
TAN,50.98,2025-12-24T17:59:35Z
TAOP,1.57,2025-12-24T15:04:49Z
TAOX,4.645,2025-12-24T16:38:14Z
TAP,46.34,2025-12-24T17:59:48Z
TARA,5.495,2025-12-24T17:59:49Z
TARK,53.26,2025-12-24T17:49:51Z
TARS,82.6,2025-12-24T17:59:45Z
TASK,11.47,2025-12-24T17:59:33Z
TATT,45.26,2025-12-24T17:59:58Z
TAXE,51.15,2025-12-24T15:22:05Z
TAXF,50.44,2025-12-24T16:40:37Z
TAXX,50.84,2025-12-24T17:32:03Z
TBBB,34.56,2025-12-24T17:59:48Z
TBBK,70.88,2025-12-24T17:58:51Z
TBCH,13.9,2025-12-24T17:57:04Z
TBF,23.845,2025-12-24T17:58:47Z
TBG,33.73,2025-12-24T17:46:26Z
TBH,0.5984,2025-12-24T17:59:54Z
TBHC,1.135,2025-12-24T17:59:43Z
TBI,4.635,2025-12-24T17:59:33Z
TBIL,50,2025-12-24T17:59:59Z
TBJL,19.93,2025-12-24T15:49:54Z
TBLA,4.325,2025-12-24T17:59:53Z
TBLL,105.59,2025-12-24T17:59:50Z
TBN,26.29,2025-12-24T15:35:34Z
TBPH,18.75,2025-12-24T17:59:53Z
TBRG,22.09,2025-12-24T17:57:51Z
TBT,34.16,2025-12-24T17:59:54Z
TBUX,49.805,2025-12-24T17:59:47Z
TCAF,38.49,2025-12-24T17:55:59Z
TCAI,30.4,2025-12-24T15:10:49Z
TCAL,23.83,2025-12-24T17:36:52Z
TCBI,93.61,2025-12-24T17:50:24Z
TCBK,48.42,2025-12-24T17:59:50Z
TCBX,39.85,2025-12-24T17:50:35Z
TCGL,5.31,2025-12-24T17:59:46Z
TCHI,23.565,2025-12-24T17:55:17Z
TCHP,50.52,2025-12-24T17:51:49Z
TCMD,29.37,2025-12-24T17:59:58Z
TCOM,72.2,2025-12-24T17:59:51Z
TCPA,24.45,2025-12-24T17:36:34Z
TCPB,51.36,2025-12-24T17:56:36Z
TCPC,5.37,2025-12-24T17:59:56Z
TCRX,1.045,2025-12-24T17:38:48Z
TCX,22.32,2025-12-24T17:49:22Z
TD,94.53,2025-12-24T17:59:55Z
TDAQ,26.42,2025-12-24T17:45:06Z
TDAY,5.355,2025-12-24T17:59:53Z
TDC,30.57,2025-12-24T17:59:53Z
TDEC,23.95,2025-12-24T17:23:47Z
TDG,1312.42,2025-12-24T17:59:55Z
TDIC,0.198,2025-12-24T17:22:40Z
TDOC,7.25,2025-12-24T17:59:55Z
TDS,40.19,2025-12-24T17:59:06Z
TDTF,23.96,2025-12-24T17:59:53Z
TDTT,24.025,2025-12-24T16:03:41Z
TDUP,6.315,2025-12-24T17:59:24Z
TDVG,45.485,2025-12-24T17:27:48Z
TDVI,28.035,2025-12-24T16:58:26Z
TDW,50.81,2025-12-24T17:59:45Z
TDY,520.355,2025-12-24T17:59:57Z
TE,7.05,2025-12-24T17:59:55Z
TE+,1.22,2025-12-24T17:26:16Z
TEAD,0.887,2025-12-24T17:57:37Z
TEAM,161.095,2025-12-24T17:59:57Z
TECB,61.77,2025-12-24T16:03:35Z
TECH,59.2,2025-12-24T17:59:52Z
TECK,46.55,2025-12-24T17:59:57Z
TECL,123.67,2025-12-24T17:55:00Z
TECS,16.46,2025-12-24T17:59:58Z
TECX,21.77,2025-12-24T17:58:24Z
TEF,4,2025-12-24T17:59:56Z
TEI,6.365,2025-12-24T17:58:20Z
TEL,232.07,2025-12-24T17:57:04Z
TELA,1.14,2025-12-24T17:32:32Z
TELO,1.415,2025-12-24T17:59:38Z
TEM,64.19,2025-12-24T17:59:55Z
TEMT,13.68,2025-12-24T17:54:50Z
TEN,22.25,2025-12-24T17:58:53Z
TENB,24.17,2025-12-24T17:59:54Z
TENX,12.555,2025-12-24T17:58:47Z
TEO,11.29,2025-12-24T17:53:25Z
TER,198.69,2025-12-24T17:59:46Z
TERN,42.435,2025-12-24T17:59:54Z
TESL,18.45,2025-12-24T17:01:14Z
TETH,14.69,2025-12-24T17:24:52Z
TEVA,31.72,2025-12-24T17:59:52Z
TEX,54.685,2025-12-24T17:59:35Z
TEXU,23.4,2025-12-24T17:59:54Z
TFC,50.7,2025-12-24T17:59:53Z
TFC-I,20.01,2025-12-24T15:22:04Z
TFC-R,19.14,2025-12-24T15:43:22Z
TFI,45.705,2025-12-24T17:57:39Z
TFII,105.95,2025-12-24T17:46:03Z
TFIN,64.26,2025-12-24T17:55:24Z
TFLR,51.365,2025-12-24T17:48:55Z
TFPM,34.92,2025-12-24T17:59:50Z
TFSL,14.105,2025-12-24T17:59:51Z
TFX,122.09,2025-12-24T17:59:47Z
TG,7.42,2025-12-24T17:58:35Z
TGB,5.645,2025-12-24T17:59:59Z
TGE,1.19,2025-12-24T17:59:50Z
TGEN,5.31,2025-12-24T17:57:42Z
TGHL,0.42,2025-12-24T14:30:10Z
TGL,7.01,2025-12-24T17:59:31Z
TGLS,51.81,2025-12-24T17:55:41Z
TGNA,19.395,2025-12-24T17:59:48Z
TGRW,46.53,2025-12-24T17:56:17Z
TGS,31.49,2025-12-24T17:25:57Z
TGT,96.44,2025-12-24T17:59:59Z
TGTX,31.05,2025-12-24T17:59:57Z
TH,8.4,2025-12-24T17:59:21Z
THAR,2.545,2025-12-24T17:58:44Z
THC,197.71,2025-12-24T17:59:35Z
THD,61.11,2025-12-24T16:50:43Z
THFF,62.33,2025-12-24T16:18:50Z
THG,186.14,2025-12-24T17:59:01Z
THH,17.605,2025-12-24T17:31:34Z
THM,2.005,2025-12-24T17:59:49Z
THO,106.395,2025-12-24T17:58:25Z
THQ,19.21,2025-12-24T17:51:13Z
THRM,37.08,2025-12-24T17:22:43Z
THRO,39.13,2025-12-24T17:53:12Z
THRY,6.12,2025-12-24T17:59:38Z
THS,23.705,2025-12-24T17:59:28Z
THTA,15.14,2025-12-24T16:02:02Z
THW,13.17,2025-12-24T17:34:55Z
TIC,10.605,2025-12-24T17:59:47Z
TIGO,54.07,2025-12-24T17:59:38Z
TIGR,9.025,2025-12-24T17:59:59Z
TIL,11.34,2025-12-24T17:59:43Z
TILE,28.31,2025-12-24T17:59:55Z
TIMB,20.26,2025-12-24T17:59:53Z
TIP,110.06,2025-12-24T17:59:50Z
TIPT,18.29,2025-12-24T17:57:15Z
TIPX,19.075,2025-12-24T17:59:56Z
TISI,13.995,2025-12-24T16:04:29Z
TITN,15.59,2025-12-24T17:59:10Z
TIVC,1.89,2025-12-24T17:59:38Z
TJGC,1.085,2025-12-24T15:26:13Z
TJX,157.32,2025-12-24T17:59:35Z
TK,9.11,2025-12-24T17:59:08Z
TKC,5.825,2025-12-24T17:59:43Z
TKNO,4.155,2025-12-24T17:54:40Z
TKO,217.75,2025-12-24T17:59:57Z
TKR,86.06,2025-12-24T17:59:19Z
TLH,102.07,2025-12-24T17:59:56Z
TLK,21.09,2025-12-24T17:59:52Z
TLN,384.03,2025-12-24T17:59:30Z
TLRY,10.15,2025-12-24T17:59:59Z
TLS,5.17,2025-12-24T17:59:59Z
TLSA,1.525,2025-12-24T17:59:41Z
TLSI,7.065,2025-12-24T17:56:40Z
TLT,88.02,2025-12-24T17:59:59Z
TLTD,92.8,2025-12-24T14:51:48Z
TLTW,22.85,2025-12-24T17:59:45Z
TLX,8.1,2025-12-24T14:54:51Z
TLYS,1.845,2025-12-24T17:59:26Z
TM,216.84,2025-12-24T17:41:01Z
TMAT,25.64,2025-12-24T17:59:50Z
TMC,7.625,2025-12-24T17:59:55Z
TMCI,2.44,2025-12-24T17:59:44Z
TMCWW,1.845,2025-12-24T17:59:34Z
TMDX,127.065,2025-12-24T17:59:33Z
TME,17.6,2025-12-24T17:59:58Z
TMF,38.45,2025-12-24T17:59:56Z
TMFC,72.65,2025-12-24T17:53:07Z
TMFE,29.47,2025-12-24T16:37:34Z
TMHC,59.52,2025-12-24T17:59:46Z
TMO,578.83,2025-12-24T17:59:38Z
TMP,74.38,2025-12-24T16:35:55Z
TMQ,4.91,2025-12-24T17:59:53Z
TMSL,36.62,2025-12-24T17:40:08Z
TMUS,199.02,2025-12-24T17:59:43Z
TMUSZ,23.23,2025-12-24T17:37:42Z
TMV,36.005,2025-12-24T17:59:50Z
TNA,49.32,2025-12-24T17:59:53Z
TNC,75.4,2025-12-24T17:52:40Z
TNDM,22.49,2025-12-24T17:59:57Z
TNET,57.99,2025-12-24T17:58:37Z
TNGX,8.68,2025-12-24T17:59:56Z
TNGY,9.07,2025-12-24T17:39:41Z
TNK,53.88,2025-12-24T17:59:34Z
TNL,72.64,2025-12-24T17:59:48Z
TNMG,2.555,2025-12-24T17:59:52Z
TNXP,16.84,2025-12-24T17:54:14Z
TNYA,0.7446,2025-12-24T17:59:21Z
TOCT,26.56,2025-12-24T14:46:40Z
TOI,3.53,2025-12-24T17:59:53Z
TOKE,6.24,2025-12-24T17:29:04Z
TOL,139.525,2025-12-24T17:59:41Z
TOLZ,54.09,2025-12-24T15:41:01Z
TONX,2.21,2025-12-24T17:59:56Z
TOON,0.7487,2025-12-24T17:59:50Z
TOP,1.05,2025-12-24T15:52:25Z
TOPC,31.41,2025-12-24T16:54:04Z
TOPS,4.905,2025-12-24T15:28:35Z
TOPT,31.63,2025-12-24T17:48:07Z
TORO,5.6,2025-12-24T17:10:21Z
TOST,36.48,2025-12-24T17:59:48Z
TOTL,40.265,2025-12-24T17:59:50Z
TOUR,0.7481,2025-12-24T16:05:55Z
TOUS,34.57,2025-12-24T17:29:52Z
TOVX,0.1938,2025-12-24T17:59:31Z
TOWN,34.035,2025-12-24T17:59:46Z
TOYO,6.24,2025-12-24T14:55:35Z
TPB,107.27,2025-12-24T17:59:39Z
TPC,69.03,2025-12-24T17:57:23Z
TPET,0.7625,2025-12-24T15:26:56Z
TPG,65.14,2025-12-24T17:59:55Z
TPGXL,24.87,2025-12-24T17:59:00Z
TPH,32.05,2025-12-24T17:59:44Z
TPHD,38.83,2025-12-24T16:34:34Z
TPL,296.18,2025-12-24T17:59:54Z
TPLC,46.12,2025-12-24T17:10:43Z
TPR,130.29,2025-12-24T17:59:44Z
TPVG,6.31,2025-12-24T17:59:54Z
TPYP,35.625,2025-12-24T17:53:08Z
TPZ,20.55,2025-12-24T15:47:01Z
TQQQ,55.365,2025-12-24T17:59:59Z
TR,37.54,2025-12-24T17:41:14Z
TRAK,13.42,2025-12-24T17:59:24Z
TRC,15.8,2025-12-24T17:50:01Z
TRDA,10.61,2025-12-24T17:58:33Z
TREE,54.095,2025-12-24T17:59:48Z
TREX,35.43,2025-12-24T17:59:57Z
TRGP,183.77,2025-12-24T17:59:49Z
TRI,132.98,2025-12-24T17:59:42Z
TRIB,1.075,2025-12-24T17:59:53Z
TRIN,15.135,2025-12-24T17:59:56Z
TRIP,14.24,2025-12-24T17:59:57Z
TRMB,79.97,2025-12-24T17:59:42Z
TRMD,19.43,2025-12-24T17:59:59Z
TRMK,40.34,2025-12-24T17:46:00Z
TRN,27.84,2025-12-24T17:59:40Z
TRNO,60.535,2025-12-24T17:58:10Z
TRNS,58.225,2025-12-24T17:51:36Z
TRON,1.495,2025-12-24T17:59:43Z
TROO,2.05,2025-12-24T16:43:58Z
TROW,104.74,2025-12-24T17:59:22Z
TROX,4.31,2025-12-24T17:59:56Z
TRP,55.79,2025-12-24T17:59:19Z
TRS,35.715,2025-12-24T17:57:49Z
TRST,42.855,2025-12-24T17:55:02Z
TRT,12.85,2025-12-24T15:12:24Z
TRTX,9.12,2025-12-24T17:59:57Z
TRTY,28.73,2025-12-24T17:36:08Z
TRU,86.75,2025-12-24T17:59:02Z
TRUD,26.8,2025-12-24T15:59:57Z
TRUE,2.33,2025-12-24T17:59:48Z
TRUG,0.763,2025-12-24T15:17:06Z
TRUP,37.42,2025-12-24T17:59:53Z
TRUT,26.86,2025-12-24T17:59:46Z
TRV,293.66,2025-12-24T17:59:58Z
TRVG,2.9,2025-12-24T15:01:22Z
TRVI,12.96,2025-12-24T17:59:27Z
TRX,0.9436,2025-12-24T17:59:59Z
TS,38.3,2025-12-24T17:59:51Z
TSAT,30.08,2025-12-24T16:32:31Z
TSBK,36.39,2025-12-24T16:36:23Z
TSCO,51.635,2025-12-24T17:59:46Z
TSDD,7.28,2025-12-24T17:59:46Z
TSE,0.5505,2025-12-24T17:59:55Z
TSEM,122.49,2025-12-24T17:59:50Z
TSHA,5.905,2025-12-24T17:59:54Z
TSI,4.95,2025-12-24T15:36:53Z
TSII,27.64,2025-12-24T15:23:26Z
TSL,20.55,2025-12-24T17:57:29Z
TSLA,485.4,2025-12-24T17:59:59Z
TSLG,11.53,2025-12-24T17:55:40Z
TSLI,41.68,2025-12-24T14:35:07Z
TSLL,22.35,2025-12-24T17:59:59Z
TSLP,25.6,2025-12-24T14:46:13Z
TSLQ,15.66,2025-12-24T17:59:48Z
TSLR,37.43,2025-12-24T17:59:46Z
TSLS,4.7,2025-12-24T17:59:47Z
TSLT,31.225,2025-12-24T17:59:47Z
TSLW,36.86,2025-12-24T17:46:04Z
TSLX,21.48,2025-12-24T17:59:31Z
TSLY,40.7,2025-12-24T17:59:50Z
TSLZ,10.23,2025-12-24T17:59:59Z
TSM,298.88,2025-12-24T17:59:58Z
TSME,42.43,2025-12-24T15:23:51Z
TSMG,25.68,2025-12-24T17:38:17Z
TSMU,42.58,2025-12-24T17:53:33Z
TSMX,47.86,2025-12-24T17:59:50Z
TSMY,15.445,2025-12-24T17:59:46Z
TSMZ,12.32,2025-12-24T17:59:45Z
TSN,58.255,2025-12-24T17:59:45Z
TSPA,43.31,2025-12-24T17:59:31Z
TSPY,25.805,2025-12-24T17:59:25Z
TSQ,5.21,2025-12-24T17:58:57Z
TSSI,7.47,2025-12-24T17:59:40Z
TSYW,48.1,2025-12-24T14:59:59Z
TSYY,6.26,2025-12-24T17:59:50Z
TT,393.225,2025-12-24T17:59:41Z
TTAM,16.97,2025-12-24T17:59:41Z
TTAN,108.07,2025-12-24T17:55:00Z
TTC,79.015,2025-12-24T17:58:26Z
TTD,38.12,2025-12-24T17:59:59Z
TTE,65.57,2025-12-24T17:59:45Z
TTEC,3.615,2025-12-24T17:59:55Z
TTEK,34.18,2025-12-24T17:59:44Z
TTEQ,32.77,2025-12-24T17:55:15Z
TTGT,5.2,2025-12-24T17:59:55Z
TTI,9.36,2025-12-24T17:59:53Z
TTMI,72.67,2025-12-24T17:59:08Z
TTSH,3.735,2025-12-24T17:59:37Z
TTWO,251.59,2025-12-24T17:59:24Z
TU,12.815,2025-12-24T17:59:57Z
TUA,21.81,2025-12-24T16:31:43Z
TUR,34.87,2025-12-24T17:59:59Z
TURB,0.99,2025-12-24T17:57:01Z
TUSK,1.87,2025-12-24T17:59:54Z
TUYA,2.22,2025-12-24T17:59:35Z
TV,2.955,2025-12-24T17:57:33Z
TVAL,35.56,2025-12-24T17:59:38Z
TVC,24.09,2025-12-24T17:57:22Z
TVGN,0.3977,2025-12-24T17:59:55Z
TVRD,4.02,2025-12-24T17:58:07Z
TVTX,40.345,2025-12-24T17:59:54Z
TW,107.22,2025-12-24T17:59:52Z
TWAV,2.02,2025-12-24T17:29:18Z
TWFG,29.19,2025-12-24T14:35:35Z
TWG,3.735,2025-12-24T15:57:34Z
TWI,8.105,2025-12-24T17:59:53Z
TWIN,17.085,2025-12-24T17:23:50Z
TWLO,140.32,2025-12-24T17:56:34Z
TWM,30.34,2025-12-24T17:55:43Z
TWNP,0.8047,2025-12-24T17:59:42Z
TWO,11.09,2025-12-24T17:59:54Z
TWO-C,24.5,2025-12-24T15:17:22Z
TWOD,25.85,2025-12-24T17:58:13Z
TWST,33.58,2025-12-24T17:59:44Z
TX,38.1,2025-12-24T17:59:07Z
TXG,16.715,2025-12-24T17:59:47Z
TXMD,1.75,2025-12-24T14:57:26Z
TXN,177.07,2025-12-24T17:59:57Z
TXNM,58.95,2025-12-24T17:59:48Z
TXO,10.675,2025-12-24T17:59:54Z
TXRH,170.79,2025-12-24T17:59:49Z
TXT,90.72,2025-12-24T17:59:59Z
TXXS,16.74,2025-12-24T17:32:24Z
TYA,13.58,2025-12-24T17:59:46Z
TYD,25.54,2025-12-24T15:45:59Z
TYG,41.02,2025-12-24T16:53:36Z
TYGO,1.55,2025-12-24T17:53:10Z
TYL,460.62,2025-12-24T17:59:50Z
TYO,13.15,2025-12-24T17:59:35Z
TYRA,26.055,2025-12-24T17:59:52Z
TZA,6.94,2025-12-24T17:59:55Z
TZOO,7.025,2025-12-24T17:57:30Z
U,45.43,2025-12-24T17:59:49Z
UA,4.41,2025-12-24T17:59:53Z
UAA,4.62,2025-12-24T17:59:56Z
UAE,19.51,2025-12-24T17:56:55Z
UAL,114.835,2025-12-24T17:59:50Z
UAMY,6.34,2025-12-24T17:59:45Z
UAUG,40.03,2025-12-24T15:44:22Z
UAVS,0.952,2025-12-24T17:59:41Z
UBER,81.155,2025-12-24T17:59:54Z
UBND,21.99,2025-12-24T17:59:46Z
UBRL,23.22,2025-12-24T17:50:00Z
UBS,47.185,2025-12-24T17:59:50Z
UBSI,39.57,2025-12-24T17:59:36Z
UBT,16.915,2025-12-24T17:59:54Z
UCAR,1.69,2025-12-24T17:52:26Z
UCB,32.49,2025-12-24T17:59:53Z
UCO,19.925,2025-12-24T17:59:04Z
UCON,25.175,2025-12-24T17:59:46Z
UCTT,26.21,2025-12-24T17:59:44Z
UDEC,39.77,2025-12-24T15:51:41Z
UDMY,5.94,2025-12-24T17:59:57Z
UDN,18.295,2025-12-24T17:45:20Z
UDOW,60.35,2025-12-24T17:59:57Z
UDR,36.42,2025-12-24T17:59:58Z
UE,19.44,2025-12-24T17:55:09Z
UEC,12.435,2025-12-24T17:59:53Z
UEIC,3.12,2025-12-24T16:54:41Z
UFCS,36.845,2025-12-24T17:51:06Z
UFI,3.25,2025-12-24T16:27:44Z
UFO,40.11,2025-12-24T17:59:50Z
UFPI,91.99,2025-12-24T17:59:46Z
UFPT,236.21,2025-12-24T17:40:45Z
UGI,38.42,2025-12-24T17:59:55Z
UGL,60.38,2025-12-24T17:57:30Z
UGP,3.735,2025-12-24T17:59:49Z
UGRO,0.3487,2025-12-24T17:59:54Z
UHAL,51.34,2025-12-24T17:59:27Z
UHAL.B,47.57,2025-12-24T17:59:13Z
UHG,1.43,2025-12-24T17:25:06Z
UHS,226.78,2025-12-24T17:59:55Z
UHT,39.535,2025-12-24T17:39:29Z
UI,572.45,2025-12-24T17:58:55Z
UIS,2.82,2025-12-24T17:59:45Z
UITB,47.395,2025-12-24T17:59:35Z
UJAN,43.24,2025-12-24T16:03:34Z
UL,65.98,2025-12-24T17:59:49Z
ULBI,5.92,2025-12-24T15:16:58Z
ULCC,4.85,2025-12-24T17:59:59Z
ULE,13.25,2025-12-24T16:27:23Z
ULH,15.42,2025-12-24T17:52:43Z
ULS,78.705,2025-12-24T17:59:48Z
ULST,40.475,2025-12-24T17:59:58Z
ULTA,608.32,2025-12-24T17:59:51Z
ULTY,38.85,2025-12-24T17:59:30Z
UMAC,13.06,2025-12-24T17:59:45Z
UMBF,119,2025-12-24T17:59:09Z
UMC,7.985,2025-12-24T17:59:58Z
UMH,15.88,2025-12-24T17:59:08Z
UMI,49.2,2025-12-24T15:15:07Z
UNB,23.99,2025-12-24T15:25:52Z
UNCY,5.85,2025-12-24T17:59:44Z
UNF,200.385,2025-12-24T17:58:12Z
UNFI,33.84,2025-12-24T17:59:00Z
UNG,12.39,2025-12-24T17:59:48Z
UNH,327.675,2025-12-24T17:59:59Z
UNHG,18.43,2025-12-24T17:59:51Z
UNIT,7.17,2025-12-24T17:59:54Z
UNL,7.45,2025-12-24T16:27:35Z
UNM,79.08,2025-12-24T17:59:40Z
UNMA,23.15,2025-12-24T17:59:56Z
UNP,235.03,2025-12-24T17:59:04Z
UP,0.7113,2025-12-24T17:59:55Z
UPB,30.32,2025-12-24T17:59:53Z
UPBD,17.66,2025-12-24T17:59:39Z
UPC,4.29,2025-12-24T15:53:48Z
UPGD,75.06,2025-12-24T16:57:28Z
UPLD,1.5,2025-12-24T17:53:51Z
UPRO,120.31,2025-12-24T17:59:31Z
UPS,100.685,2025-12-24T17:59:46Z
UPST,48.24,2025-12-24T17:59:57Z
UPSX,60,2025-12-24T14:47:12Z
UPWK,20.965,2025-12-24T17:59:46Z
UPXI,1.89,2025-12-24T17:59:52Z
URA,46.55,2025-12-24T17:59:50Z
URBN,78.155,2025-12-24T17:59:54Z
URG,1.42,2025-12-24T17:59:52Z
URGN,23.75,2025-12-24T17:59:45Z
URI,823.65,2025-12-24T17:59:40Z
URNJ,26.18,2025-12-24T17:59:06Z
URNM,56.55,2025-12-24T17:57:05Z
UROY,3.75,2025-12-24T17:59:53Z
URTH,187.66,2025-12-24T17:59:57Z
URTY,57.68,2025-12-24T17:59:42Z
USA,6.305,2025-12-24T17:59:31Z
USAC,23.27,2025-12-24T17:55:19Z
USAF,27.62,2025-12-24T16:19:48Z
USAI,38.17,2025-12-24T17:55:50Z
USAR,14.53,2025-12-24T17:59:49Z
USAS,5.81,2025-12-24T17:59:59Z
USAU,22.54,2025-12-24T17:59:01Z
USB,54.93,2025-12-24T17:59:51Z
USB-A,780,2025-12-24T15:17:32Z
USB-R,16.52,2025-12-24T17:45:01Z
USB-S,18.43,2025-12-24T17:18:02Z
USBC,0.73,2025-12-24T14:45:11Z
USCB,19,2025-12-24T17:59:47Z
USCI,78.87,2025-12-24T15:51:03Z
USD,53.95,2025-12-24T17:59:43Z
USDU,26.68,2025-12-24T17:59:37Z
USDX,25.61,2025-12-24T16:42:41Z
USEA,2.105,2025-12-24T17:44:44Z
USEG,1.005,2025-12-24T15:11:52Z
USFD,76.29,2025-12-24T17:59:42Z
USFR,50.435,2025-12-24T16:59:38Z
USHY,37.405,2025-12-24T17:59:53Z
USIG,51.88,2025-12-24T17:59:50Z
USIO,1.335,2025-12-24T17:59:50Z
USL,33.76,2025-12-24T16:52:12Z
USLM,127.5,2025-12-24T17:57:08Z
USMC,69.6,2025-12-24T17:59:46Z
USMV,95.05,2025-12-24T17:59:57Z
USNA,19.92,2025-12-24T17:52:41Z
USO,70.19,2025-12-24T17:59:40Z
USOI,47.905,2025-12-24T14:32:32Z
USOY,6.6,2025-12-24T17:37:02Z
USPH,80.4,2025-12-24T17:58:18Z
USPX,60.56,2025-12-24T17:59:45Z
USRT,57.145,2025-12-24T17:59:46Z
USSG,64.24,2025-12-24T15:59:21Z
USTB,50.785,2025-12-24T17:59:50Z
USXF,58.42,2025-12-24T17:59:45Z
UTES,79.2,2025-12-24T14:50:41Z
UTF,24.22,2025-12-24T17:58:09Z
UTG,36.7,2025-12-24T16:25:59Z
UTHR,514.77,2025-12-24T17:59:33Z
UTI,27.27,2025-12-24T17:59:22Z
UTL,48.5,2025-12-24T17:13:14Z
UTWO,48.635,2025-12-24T17:58:17Z
UTZ,10.325,2025-12-24T17:59:54Z
UUP,26.945,2025-12-24T17:59:41Z
UUUU,15.09,2025-12-24T17:59:58Z
UVE,34.38,2025-12-24T17:16:29Z
UVIX,5.92,2025-12-24T17:59:40Z
UVSP,33.59,2025-12-24T17:57:59Z
UVV,53.26,2025-12-24T17:59:41Z
UVXY,36.85,2025-12-24T17:59:54Z
UWM,49.63,2025-12-24T17:59:35Z
UWMC,4.67,2025-12-24T17:59:57Z
UXI,47.735,2025-12-24T15:25:56Z
UXIN,3.555,2025-12-24T17:59:43Z
UXRP,9.37,2025-12-24T17:02:14Z
UYLD,51.31,2025-12-24T17:59:45Z
UZD,19.88,2025-12-24T15:53:43Z
V,355.11,2025-12-24T17:59:55Z
VAC,58.23,2025-12-24T17:59:23Z
VACH,10.58,2025-12-24T15:07:52Z
VAL,49.735,2025-12-24T17:59:50Z
VALE,13.16,2025-12-24T17:59:55Z
VANI,1.335,2025-12-24T17:55:07Z
VATE,5.13,2025-12-24T16:41:12Z
VAW,210.06,2025-12-24T16:04:00Z
VB,263.41,2025-12-24T17:59:50Z
VBF,15.43,2025-12-24T17:54:10Z
VBIL,75.37,2025-12-24T17:59:48Z
VBIX,1.07,2025-12-24T17:25:14Z
VBK,309.98,2025-12-24T17:59:55Z
VBNK,15.015,2025-12-24T17:36:14Z
VBR,215.49,2025-12-24T17:59:00Z
VC,96.905,2025-12-24T17:57:35Z
VCEB,63.66,2025-12-24T15:49:09Z
VCEL,37.57,2025-12-24T17:59:50Z
VCIG,0.6173,2025-12-24T17:58:49Z
VCIT,83.885,2025-12-24T17:59:58Z
VCLT,76.4,2025-12-24T17:59:51Z
VCR,404.27,2025-12-24T17:37:19Z
VCRB,77.995,2025-12-24T17:59:45Z
VCRM,75.5,2025-12-24T16:12:05Z
VCSH,79.655,2025-12-24T17:59:57Z
VCTR,64.22,2025-12-24T17:50:22Z
VCV,10.73,2025-12-24T16:57:37Z
VCYT,42.805,2025-12-24T17:59:54Z
VDC,212.78,2025-12-24T17:59:06Z
VDE,125.01,2025-12-24T17:59:57Z
VEA,62.67,2025-12-24T17:59:57Z
VECO,29.34,2025-12-24T17:59:50Z
VEEA,0.6644,2025-12-24T15:52:43Z
VEEE,1.895,2025-12-24T17:51:51Z
VEEV,223.055,2025-12-24T17:59:58Z
VEGN,61.35,2025-12-24T16:03:34Z
VEL,19.59,2025-12-24T17:56:42Z
VELO,14.47,2025-12-24T17:59:45Z
VENU,8.67,2025-12-24T17:59:26Z
VERA,55.705,2025-12-24T17:59:54Z
VERI,5.135,2025-12-24T17:59:58Z
VERO,1.675,2025-12-24T15:37:16Z
VERU,2.335,2025-12-24T17:46:43Z
VERX,20.045,2025-12-24T17:59:58Z
VET,8.25,2025-12-24T17:59:49Z
VEU,73.72,2025-12-24T17:59:48Z
VEXC,79.17,2025-12-24T15:20:23Z
VFC,18.335,2025-12-24T17:59:56Z
VFF,3.805,2025-12-24T17:59:00Z
VFH,135.99,2025-12-24T17:59:48Z
VFL,10.17,2025-12-24T17:59:50Z
VFLO,39.76,2025-12-24T17:59:45Z
VFMO,196.68,2025-12-24T16:40:26Z
VFQY,156.72,2025-12-24T17:32:07Z
VFS,3.47,2025-12-24T17:59:39Z
VG,7.225,2025-12-24T17:59:59Z
VGHY,75.215,2025-12-24T16:05:37Z
VGIT,59.925,2025-12-24T17:59:46Z
VGK,83.715,2025-12-24T17:59:56Z
VGLT,56.15,2025-12-24T17:59:56Z
VGM,10.28,2025-12-24T17:41:30Z
VGMS,51.58,2025-12-24T16:32:06Z
VGSH,58.665,2025-12-24T17:56:22Z
VGSR,10.44,2025-12-24T17:52:15Z
VGT,766.43,2025-12-24T17:59:48Z
VGUS,75.41,2025-12-24T17:59:51Z
VGVT,76.04,2025-12-24T17:51:45Z
VGZ,2.105,2025-12-24T17:59:45Z
VHT,290.45,2025-12-24T17:59:51Z
VIA,30.71,2025-12-24T17:59:29Z
VIAV,18.26,2025-12-24T17:59:54Z
VICI,27.95,2025-12-24T17:59:55Z
VICR,108.56,2025-12-24T17:59:49Z
VIDI,33.97,2025-12-24T17:42:02Z
VIG,222.35,2025-12-24T17:59:56Z
VIGI,92.09,2025-12-24T17:55:30Z
VIK,72.915,2025-12-24T17:59:49Z
VINP,13.12,2025-12-24T17:57:55Z
VIOO,113.665,2025-12-24T17:54:59Z
VIOT,2.01,2025-12-24T16:50:06Z
VIOV,99.38,2025-12-24T16:54:31Z
VIPS,19.6,2025-12-24T17:59:49Z
VIR,6.105,2025-12-24T17:59:50Z
VIRC,6.405,2025-12-24T17:59:52Z
VIRT,33.78,2025-12-24T17:59:52Z
VIS,304.51,2025-12-24T17:40:15Z
VIST,47.355,2025-12-24T17:59:33Z
VITL,32.68,2025-12-24T17:59:49Z
VIV,11.72,2025-12-24T17:59:02Z
VIVK,0.0352,2025-12-24T17:57:28Z
VIVS,2.03,2025-12-24T17:35:10Z
VIXM,15.025,2025-12-24T17:59:51Z
VIXY,26.215,2025-12-24T17:59:55Z
VKI,8.985,2025-12-24T17:55:41Z
VKQ,9.615,2025-12-24T17:58:47Z
VKTX,37.345,2025-12-24T17:59:50Z
VLGEA,36.415,2025-12-24T16:30:57Z
VLN,1.4,2025-12-24T17:59:25Z
VLO,164.305,2025-12-24T17:59:54Z
VLRS,9.3,2025-12-24T17:59:52Z
VLTO,102.205,2025-12-24T17:59:57Z
VLUE,138.24,2025-12-24T17:59:11Z
VLY,11.91,2025-12-24T17:59:55Z
VMAR,0.2372,2025-12-24T17:59:58Z
VMBS,47.13,2025-12-24T17:59:59Z
VMC,293.735,2025-12-24T17:59:41Z
VMD,7.31,2025-12-24T17:59:50Z
VMI,417.21,2025-12-24T17:59:13Z
VMO,9.57,2025-12-24T17:59:05Z
VNCE,4.31,2025-12-24T17:59:42Z
VNDA,6.92,2025-12-24T17:59:56Z
VNET,8.57,2025-12-24T17:59:55Z
VNLA,49.09,2025-12-24T17:46:57Z
VNM,18.99,2025-12-24T17:59:54Z
VNO,33.64,2025-12-24T17:59:56Z
VNO-L,17.76,2025-12-24T14:53:02Z
VNOM,38.4,2025-12-24T17:59:59Z
VNQ,88.795,2025-12-24T17:59:48Z
VNQI,46.065,2025-12-24T17:59:22Z
VNRX,0.2547,2025-12-24T17:59:48Z
VNT,38.03,2025-12-24T17:59:54Z
VO,294.59,2025-12-24T17:59:00Z
VOC,2.755,2025-12-24T15:44:42Z
VOD,13.09,2025-12-24T17:59:58Z
VOE,179.38,2025-12-24T17:59:13Z
VOLT,29.405,2025-12-24T17:59:54Z
VONE,312.97,2025-12-24T17:59:47Z
VONG,123.675,2025-12-24T17:59:15Z
VONV,93.27,2025-12-24T17:55:28Z
VOO,634.765,2025-12-24T17:59:58Z
VOOG,450.91,2025-12-24T17:59:25Z
VOOV,207.21,2025-12-24T17:29:51Z
VOR,14.56,2025-12-24T17:58:00Z
VOT,284.9,2025-12-24T17:45:26Z
VOX,194.525,2025-12-24T17:59:48Z
VOXR,5.11,2025-12-24T17:59:51Z
VOYA,75.54,2025-12-24T17:59:59Z
VOYG,28.36,2025-12-24T17:59:53Z
VPG,39.515,2025-12-24T17:59:47Z
VPL,90.52,2025-12-24T17:59:45Z
VPLS,78.235,2025-12-24T17:58:56Z
VPU,185.69,2025-12-24T17:52:26Z
VRA,2.31,2025-12-24T17:59:59Z
VRAR,0.82,2025-12-24T17:22:42Z
VRAX,0.358,2025-12-24T16:48:14Z
VRCA,8.32,2025-12-24T17:48:34Z
VRDN,32.27,2025-12-24T17:59:53Z
VRE,14.9,2025-12-24T17:59:54Z
VREX,12.17,2025-12-24T17:59:27Z
VRIG,25.075,2025-12-24T17:59:46Z
VRNS,33.45,2025-12-24T17:59:07Z
VRP,24.325,2025-12-24T17:54:48Z
VRRM,22.335,2025-12-24T17:59:52Z
VRSK,218.9,2025-12-24T17:59:51Z
VRSN,245.765,2025-12-24T17:59:50Z
VRT,167.12,2025-12-24T17:59:31Z
VRTL,53.25,2025-12-24T14:44:07Z
VRTS,167.735,2025-12-24T17:38:50Z
VRTX,462.935,2025-12-24T17:59:48Z
VS,1.295,2025-12-24T17:54:00Z
VSA,2.8,2025-12-24T17:29:54Z
VSAT,35.06,2025-12-24T17:59:40Z
VSCO,54.275,2025-12-24T17:59:29Z
VSDA,53.3,2025-12-24T17:39:17Z
VSDB,76.38,2025-12-24T16:31:26Z
VSDM,76.365,2025-12-24T17:56:53Z
VSEC,179.5,2025-12-24T16:43:35Z
VSEE,0.4846,2025-12-24T17:59:43Z
VSGX,71.84,2025-12-24T17:59:44Z
VSH,15.01,2025-12-24T17:59:55Z
VSME,0.0782,2025-12-24T15:10:58Z
VSOL,16,2025-12-24T16:13:58Z
VSS,143.79,2025-12-24T17:54:33Z
VST,161.91,2025-12-24T17:59:54Z
VSTD,0.2272,2025-12-24T16:55:19Z
VSTM,7.87,2025-12-24T17:59:36Z
VSTS,6.75,2025-12-24T17:59:54Z
VT,142.365,2025-12-24T17:59:54Z
VTC,77.81,2025-12-24T16:43:14Z
VTEB,50.225,2025-12-24T17:59:55Z
VTEC,100.17,2025-12-24T17:53:51Z
VTEI,100.7,2025-12-24T17:55:24Z
VTES,101.455,2025-12-24T17:24:25Z
VTEX,3.735,2025-12-24T17:59:51Z
VTG,76.195,2025-12-24T17:59:45Z
VTGN,0.7263,2025-12-24T17:59:14Z
VTHR,304.665,2025-12-24T17:59:46Z
VTI,339.84,2025-12-24T17:59:54Z
VTIP,49.415,2025-12-24T17:59:05Z
VTMX,31.3,2025-12-24T15:56:26Z
VTN,11.595,2025-12-24T16:20:22Z
VTOL,36.57,2025-12-24T17:30:26Z
VTP,75.75,2025-12-24T15:39:43Z
VTR,79.615,2025-12-24T17:58:42Z
VTRS,12.245,2025-12-24T17:59:57Z
VTS,19.26,2025-12-24T17:59:45Z
VTV,192.86,2025-12-24T17:59:56Z
VTWO,102.185,2025-12-24T17:59:47Z
VTYX,9.175,2025-12-24T17:59:39Z
VUG,494.98,2025-12-24T17:59:44Z
VUSB,49.775,2025-12-24T17:18:58Z
VUZI,3.2,2025-12-24T17:59:55Z
VV,318.81,2025-12-24T17:59:10Z
VVOS,2.05,2025-12-24T17:14:53Z
VVPR,2.38,2025-12-24T17:59:26Z
VVR,3.265,2025-12-24T17:49:59Z
VVV,30.35,2025-12-24T17:59:59Z
VVX,55.51,2025-12-24T17:56:24Z
VWAV,10.025,2025-12-24T17:29:00Z
VWO,53.67,2025-12-24T17:59:58Z
VWOB,67.59,2025-12-24T17:59:51Z
VXF,213.94,2025-12-24T17:59:38Z
VXUS,75.595,2025-12-24T17:59:45Z
VXX,27.03,2025-12-24T17:59:52Z
VXZ,52.45,2025-12-24T17:52:19Z
VYGR,4.07,2025-12-24T17:59:56Z
VYM,145.06,2025-12-24T17:59:32Z
VYMI,90.215,2025-12-24T17:59:53Z
VYNE,0.5752,2025-12-24T17:59:49Z
VYX,10.435,2025-12-24T17:59:55Z
VZ,40.305,2025-12-24T17:59:56Z
VZLA,5.675,2025-12-24T17:59:57Z
W,100.785,2025-12-24T17:59:51Z
WAB,219.585,2025-12-24T17:57:14Z
WABC,48.905,2025-12-24T17:54:30Z
WAFD,33.1,2025-12-24T17:31:13Z
WAFDP,17.06,2025-12-24T17:59:19Z
WAL,86.825,2025-12-24T17:59:14Z
WALD,1.97,2025-12-24T17:59:36Z
WAR,23.49,2025-12-24T14:35:10Z
WASH,30.16,2025-12-24T16:05:49Z
WAT,384.94,2025-12-24T17:59:19Z
WATT,3.97,2025-12-24T15:46:44Z
WAVE,5.68,2025-12-24T14:50:26Z
WAY,32.99,2025-12-24T17:59:28Z
WB,10.09,2025-12-24T17:59:27Z
WBD,29.24,2025-12-24T17:59:59Z
WBI,20.58,2025-12-24T17:57:37Z
WBS,64.53,2025-12-24T17:59:50Z
WBS-G,23.86,2025-12-24T17:15:57Z
WBTN,13.105,2025-12-24T17:59:59Z
WCC,253.55,2025-12-24T17:56:19Z
WCLD,35.535,2025-12-24T17:59:54Z
WCMI,17.11,2025-12-24T17:59:45Z
WCN,177.73,2025-12-24T17:59:54Z
WCPB,25.56,2025-12-24T17:59:45Z
WD,61.03,2025-12-24T17:59:46Z
WDAY,216.99,2025-12-24T17:59:13Z
WDC,179.65,2025-12-24T17:59:46Z
WDFC,206.2,2025-12-24T15:17:09Z
WDH,1.835,2025-12-24T17:56:08Z
WDI,13.935,2025-12-24T17:55:39Z
WDIV,75.79,2025-12-24T17:44:25Z
WDS,15.42,2025-12-24T17:59:58Z
WDTE,32.05,2025-12-24T15:13:58Z
WEA,10.99,2025-12-24T17:40:11Z
WEAT,20.49,2025-12-24T17:58:41Z
WEAV,7.02,2025-12-24T17:59:56Z
WEBL,28.19,2025-12-24T16:14:39Z
WEBS,19.49,2025-12-24T17:59:50Z
WEC,105.55,2025-12-24T17:59:49Z
WEEL,20.78,2025-12-24T17:34:27Z
WELL,187.55,2025-12-24T17:59:58Z
WEN,8.275,2025-12-24T17:59:54Z
WERN,30.6,2025-12-24T17:59:37Z
WES,39.51,2025-12-24T17:59:48Z
WEST,4.145,2025-12-24T17:59:08Z
WETH,1.4,2025-12-24T17:46:40Z
WETO,0.909,2025-12-24T17:43:38Z
WEX,153.47,2025-12-24T17:48:47Z
WEYS,30.845,2025-12-24T17:45:06Z
WF,57.95,2025-12-24T14:30:37Z
WFC,95.3,2025-12-24T17:59:54Z
WFC-A,19.08,2025-12-24T15:17:54Z
WFC-C,17.74,2025-12-24T17:38:36Z
WFC-L,1212.525,2025-12-24T16:47:57Z
WFC-Y,24.16,2025-12-24T16:20:19Z
WFC-Z,19.17,2025-12-24T17:00:07Z
WFF,0.51,2025-12-24T15:02:41Z
WFG,60.24,2025-12-24T17:03:49Z
WFRD,78.07,2025-12-24T17:59:55Z
WGMI,41.73,2025-12-24T17:59:59Z
WGO,42.59,2025-12-24T17:59:50Z
WGRX,0.4403,2025-12-24T17:59:43Z
WGS,135.505,2025-12-24T17:15:02Z
WH,76.535,2025-12-24T17:59:49Z
WHD,45.98,2025-12-24T17:59:49Z
WHF,7.04,2025-12-24T17:59:58Z
WHFCL,25.28,2025-12-24T17:03:03Z
WHG,17.83,2025-12-24T16:48:26Z
WHLR,1.95,2025-12-24T17:58:02Z
WHR,72.03,2025-12-24T17:59:23Z
WHWK,2.73,2025-12-24T17:58:38Z
WIA,8.23,2025-12-24T17:42:48Z
WING,254.29,2025-12-24T17:59:32Z
WINN,31.52,2025-12-24T17:56:52Z
WIT,2.92,2025-12-24T17:59:56Z
WIW,8.59,2025-12-24T17:59:59Z
WIX,105.39,2025-12-24T17:59:59Z
WK,87.5,2025-12-24T17:59:26Z
WKC,23.465,2025-12-24T17:59:56Z
WKEY,8.65,2025-12-24T17:56:49Z
WKHS,5.47,2025-12-24T17:55:00Z
WKSP,2.39,2025-12-24T17:56:11Z
WLDN,112.93,2025-12-24T17:29:26Z
WLDS,1.3,2025-12-24T17:59:53Z
WLK,73.7,2025-12-24T17:59:30Z
WLKP,18.9,2025-12-24T16:41:57Z
WLTH,13.135,2025-12-24T17:59:59Z
WLY,31.4,2025-12-24T17:58:47Z
WM,221.28,2025-12-24T17:59:47Z
WMB,59.49,2025-12-24T17:59:56Z
WMG,29.855,2025-12-24T17:59:55Z
WMS,149.28,2025-12-24T17:59:18Z
WMT,111.57,2025-12-24T17:59:59Z
WNC,8.91,2025-12-24T17:59:08Z
WNEB,12.86,2025-12-24T17:59:27Z
WNW,1.52,2025-12-24T14:44:53Z
WOK,0.0325,2025-12-24T17:50:20Z
WOLF,18.42,2025-12-24T17:59:50Z
WOOF,2.935,2025-12-24T17:56:57Z
WOR,52.87,2025-12-24T17:54:09Z
WORX,0.2078,2025-12-24T17:59:49Z
WOW,5.205,2025-12-24T17:59:40Z
WPAY,43.46,2025-12-24T17:59:51Z
WPC,64.605,2025-12-24T17:59:58Z
WPM,121.86,2025-12-24T17:59:54Z
WPP,22.16,2025-12-24T17:59:51Z
WPRT,1.62,2025-12-24T17:59:38Z
WRAP,2.165,2025-12-24T17:59:13Z
WRB,70.56,2025-12-24T17:59:59Z
WRB-F,19.6,2025-12-24T17:14:57Z
WRB-H,16.19,2025-12-24T14:42:32Z
WRBY,26.29,2025-12-24T17:59:37Z
WRD,8.84,2025-12-24T17:59:56Z
WRN,2.85,2025-12-24T17:59:57Z
WS,36.26,2025-12-24T17:31:45Z
WSBC,34.24,2025-12-24T17:56:46Z
WSBCO,25.73,2025-12-24T17:59:45Z
WSBF,16.48,2025-12-24T16:24:55Z
WSC,19.53,2025-12-24T17:59:31Z
WSFS,57.14,2025-12-24T17:59:00Z
WSM,189.68,2025-12-24T17:59:15Z
WSO,347.71,2025-12-24T17:59:54Z
WSR,13.705,2025-12-24T17:59:35Z
WST,277.66,2025-12-24T17:57:56Z
WT,12.56,2025-12-24T17:59:56Z
WTAI,29.86,2025-12-24T16:22:27Z
WTFC,143.81,2025-12-24T17:59:26Z
WTI,1.66,2025-12-24T17:59:44Z
WTIU,9.33,2025-12-24T15:53:55Z
WTM,2086.165,2025-12-24T17:17:39Z
WTMF,38.69,2025-12-24T15:03:39Z
WTO,0.6634,2025-12-24T17:55:00Z
WTPI,33.525,2025-12-24T17:57:45Z
WTRG,38.56,2025-12-24T17:59:59Z
WTS,284.99,2025-12-24T17:09:39Z
WTTR,10.68,2025-12-24T17:59:48Z
WTV,94.73,2025-12-24T17:58:14Z
WTW,334.34,2025-12-24T17:59:52Z
WU,9.34,2025-12-24T17:59:56Z
WULF,12.31,2025-12-24T17:59:58Z
WVE,18.265,2025-12-24T17:59:59Z
WVVI,3.06,2025-12-24T17:51:51Z
WW,30.24,2025-12-24T17:59:27Z
WWD,314.315,2025-12-24T17:58:41Z
WWR,0.8615,2025-12-24T17:59:48Z
WWW,17.72,2025-12-24T17:59:52Z
WXM,0.5284,2025-12-24T17:57:25Z
WY,23.755,2025-12-24T17:59:42Z
WYFI,17.38,2025-12-24T17:59:49Z
WYHG,0.66,2025-12-24T16:36:08Z
WYNN,125.01,2025-12-24T17:59:56Z
WYY,5.7,2025-12-24T17:47:25Z
XAGG,50.485,2025-12-24T17:55:55Z
XAIR,0.8254,2025-12-24T15:35:24Z
XAR,250.12,2025-12-24T17:59:51Z
XBB,41.41,2025-12-24T17:58:50Z
XBI,126.29,2025-12-24T17:59:58Z
XBIO,2.22,2025-12-24T17:55:30Z
XBIT,2.47,2025-12-24T17:56:29Z
XBP,6.35,2025-12-24T17:59:00Z
XBTY,11.14,2025-12-24T15:34:03Z
XCCC,38.405,2025-12-24T17:59:45Z
XCEM,37.91,2025-12-24T17:32:46Z
XDEC,41.09,2025-12-24T17:50:00Z
XDTE,42.14,2025-12-24T17:58:48Z
XEL,74.12,2025-12-24T17:59:44Z
XELB,1.41,2025-12-24T14:33:05Z
XELLL,25.02,2025-12-24T17:42:01Z
XEMD,44.785,2025-12-24T17:55:27Z
XENE,45.015,2025-12-24T17:59:47Z
XERS,7.21,2025-12-24T17:59:52Z
XES,81.345,2025-12-24T17:22:19Z
XFIV,49.63,2025-12-24T17:52:19Z
XFLT,4.625,2025-12-24T17:38:47Z
XFOR,4.42,2025-12-24T17:59:47Z
XGN,6.195,2025-12-24T17:59:45Z
XHB,104.79,2025-12-24T17:59:56Z
XHE,89.49,2025-12-24T17:04:07Z
XHLD,1.705,2025-12-24T17:59:47Z
XHLF,50.38,2025-12-24T17:59:58Z
XHR,14.77,2025-12-24T17:59:44Z
XHS,107.9,2025-12-24T15:43:41Z
XIFR,9.53,2025-12-24T17:59:51Z
XITK,181.225,2025-12-24T17:56:14Z
XJAN,36.83,2025-12-24T17:50:10Z
XJR,43.64,2025-12-24T15:55:56Z
XJUL,39.09,2025-12-24T15:56:28Z
XLB,45.835,2025-12-24T17:59:50Z
XLC,118.07,2025-12-24T17:59:56Z
XLE,44.365,2025-12-24T17:59:57Z
XLF,55.71,2025-12-24T17:59:55Z
XLG,59.97,2025-12-24T17:59:43Z
XLI,157.48,2025-12-24T17:59:59Z
XLK,146.34,2025-12-24T17:59:52Z
XLO,0.6743,2025-12-24T17:43:00Z
XLP,78.1,2025-12-24T17:59:59Z
XLRE,40.45,2025-12-24T17:59:53Z
XLU,42.82,2025-12-24T17:59:57Z
XLUI,24.36,2025-12-24T16:10:19Z
XLV,155.76,2025-12-24T17:59:59Z
XLY,122.57,2025-12-24T17:59:59Z
XMAG,22.875,2025-12-24T17:59:52Z
XMAR,39.93,2025-12-24T17:13:41Z
XME,107.825,2025-12-24T17:59:47Z
XMHQ,104.72,2025-12-24T17:59:50Z
XMLV,62.93,2025-12-24T16:33:27Z
XMMO,141.71,2025-12-24T17:59:46Z
XMPT,21.8,2025-12-24T17:59:46Z
XMTR,63.51,2025-12-24T17:59:54Z
XMVM,65.3,2025-12-24T15:35:57Z
XNCR,15.46,2025-12-24T17:59:52Z
XNET,7.37,2025-12-24T17:53:25Z
XNTK,281.96,2025-12-24T14:43:37Z
XOM,119.34,2025-12-24T17:59:58Z
XOMA,25.985,2025-12-24T17:07:11Z
XOMX,28.65,2025-12-24T16:42:18Z
XOP,125.95,2025-12-24T17:59:59Z
XOS,2.03,2025-12-24T15:26:58Z
XOVR,20.525,2025-12-24T17:59:26Z
XP,16.42,2025-12-24T17:59:59Z
XPAY,54.43,2025-12-24T15:14:04Z
XPEL,51.75,2025-12-24T17:58:04Z
XPER,5.91,2025-12-24T17:59:51Z
XPEV,19.56,2025-12-24T17:59:59Z
XPL,0.6289,2025-12-24T15:54:34Z
XPO,141.25,2025-12-24T17:58:47Z
XPOF,8.7,2025-12-24T17:59:56Z
XPON,0.8435,2025-12-24T17:39:27Z
XPP,26.67,2025-12-24T15:24:40Z
XPRO,13.46,2025-12-24T17:59:33Z
XRAY,11.21,2025-12-24T17:59:56Z
XRP,20.73,2025-12-24T17:59:57Z
XRPC,19.685,2025-12-24T17:59:55Z
XRPI,10.695,2025-12-24T17:59:57Z
XRPK,20.59,2025-12-24T14:30:24Z
XRPR,15.22,2025-12-24T14:37:52Z
XRPT,5.05,2025-12-24T17:59:51Z
XRPZ,20.21,2025-12-24T17:43:44Z
XRT,87.27,2025-12-24T17:59:59Z
XRX,2.495,2025-12-24T17:59:31Z
XSD,329.655,2025-12-24T15:36:42Z
XSHD,12.885,2025-12-24T15:31:50Z
XSHQ,43.15,2025-12-24T16:16:32Z
XSMO,74.605,2025-12-24T17:51:49Z
XSOE,39.06,2025-12-24T14:39:27Z
XSVM,58.44,2025-12-24T15:30:00Z
XSVN,48.19,2025-12-24T14:52:41Z
XSW,191.22,2025-12-24T15:26:49Z
XT,70.74,2025-12-24T17:38:59Z
XTEN,46.525,2025-12-24T17:58:13Z
XTIA,1.4,2025-12-24T17:49:50Z
XTKG,0.1597,2025-12-24T17:58:03Z
XTL,155.77,2025-12-24T17:36:55Z
XTLB,0.769,2025-12-24T15:21:17Z
XTNT,0.771,2025-12-24T17:02:36Z
XV,25.6,2025-12-24T17:48:09Z
XWIN,6.045,2025-12-24T17:59:15Z
XXI,9.43,2025-12-24T17:59:31Z
XXII,0.86,2025-12-24T16:52:19Z
XXRP,9.775,2025-12-24T17:59:50Z
XYF,5.925,2025-12-24T17:59:09Z
XYL,138.72,2025-12-24T17:59:37Z
XYLD,40.725,2025-12-24T17:59:59Z
XYZ,66.055,2025-12-24T17:59:46Z
XYZG,16.25,2025-12-24T17:59:50Z
XYZY,34.55,2025-12-24T16:32:04Z
XZO,23.235,2025-12-24T17:46:38Z
YAAS,1.605,2025-12-24T15:39:13Z
YALA,7.17,2025-12-24T17:59:25Z
YANG,24.63,2025-12-24T17:57:21Z
YB,20.155,2025-12-24T17:58:11Z
YBIT,33.82,2025-12-24T15:57:08Z
YCBD,1.63,2025-12-24T17:59:53Z
YDEC,26.22,2025-12-24T17:25:58Z
YEAR,50.635,2025-12-24T17:52:20Z
YELP,30.76,2025-12-24T17:59:24Z
YETH,17.39,2025-12-24T17:17:19Z
YETI,45.155,2025-12-24T17:59:51Z
YEXT,8.21,2025-12-24T17:59:40Z
YGLD,44.475,2025-12-24T14:31:06Z
YHC,0.9296,2025-12-24T17:47:57Z
YINN,43.625,2025-12-24T17:59:41Z
YLD,19.165,2025-12-24T17:56:40Z
YMAG,14.505,2025-12-24T17:59:46Z
YMAX,10.29,2025-12-24T17:59:59Z
YMM,11.1,2025-12-24T17:59:58Z
YMT,1.31,2025-12-24T17:51:47Z
YOKE,27.75,2025-12-24T17:59:31Z
YORW,32.52,2025-12-24T17:38:56Z
YOU,36.25,2025-12-24T17:59:50Z
YOUL,1.52,2025-12-24T15:30:10Z
YPF,36,2025-12-24T17:59:40Z
YQQQ,12.03,2025-12-24T15:15:00Z
YRD,4.09,2025-12-24T17:40:01Z
YSG,4.29,2025-12-24T17:50:17Z
YSXT,1.24,2025-12-24T17:58:51Z
YTRA,1.82,2025-12-24T17:59:14Z
YUM,154.32,2025-12-24T17:59:56Z
YUMC,49.055,2025-12-24T17:59:58Z
YYAI,1.05,2025-12-24T17:59:52Z
YYGH,0.2003,2025-12-24T16:10:43Z
YYY,11.725,2025-12-24T17:59:50Z
Z,69.26,2025-12-24T17:59:55Z
ZALT,32.81,2025-12-24T17:34:12Z
ZAP,29.47,2025-12-24T17:59:16Z
ZBAO,0.88,2025-12-24T15:56:11Z
ZBH,90.12,2025-12-24T17:59:42Z
ZBIO,43.35,2025-12-24T17:59:48Z
ZBRA,245.88,2025-12-24T17:59:52Z
ZCMD,0.535,2025-12-24T14:41:38Z
ZD,35.22,2025-12-24T17:59:55Z
ZDGE,3.56,2025-12-24T15:43:09Z
ZECP,35.49,2025-12-24T17:59:46Z
ZENA,3.71,2025-12-24T17:43:54Z
ZENV,1.09,2025-12-24T16:33:19Z
ZEPP,28.03,2025-12-24T17:40:21Z
ZETA,19.1,2025-12-24T17:59:59Z
ZEUS,44.66,2025-12-24T17:58:37Z
ZEXIT,10,2025-12-24T14:30:00Z
ZG,68.82,2025-12-24T17:59:45Z
ZGN,10.48,2025-12-24T17:59:27Z
ZH,3.37,2025-12-24T17:59:51Z
ZIEXT,1,2025-12-24T14:30:00Z
ZIM,21.06,2025-12-24T17:59:49Z
ZION,59.545,2025-12-24T17:59:52Z
ZIP,4.13,2025-12-24T17:59:50Z
ZKH,3.59,2025-12-24T17:59:32Z
ZLAB,18.59,2025-12-24T17:59:53Z
ZM,87.78,2025-12-24T17:59:58Z
ZNB,0.6405,2025-12-24T17:59:47Z
ZNTL,1.375,2025-12-24T17:59:25Z
ZONE,0.2619,2025-12-24T17:58:01Z
ZOOZ,0.4171,2025-12-24T17:43:00Z
ZROZ,66.36,2025-12-24T17:58:47Z
ZS,229.63,2025-12-24T17:59:39Z
ZSB,20.57,2025-12-24T15:01:39Z
ZSL,5.67,2025-12-24T17:59:57Z
ZSPC,0.5065,2025-12-24T17:56:35Z
ZTEK,0.72,2025-12-24T14:30:00Z
ZTO,21.26,2025-12-24T17:59:51Z
ZTR,6.3,2025-12-24T17:59:50Z
ZTS,125.53,2025-12-24T17:58:46Z
ZUMZ,27.68,2025-12-24T17:59:30Z
ZURA,4.52,2025-12-24T17:59:17Z
ZVIA,2.295,2025-12-24T17:59:49Z
ZVRA,8.645,2025-12-24T17:59:55Z
ZVZZT,12.115,2025-12-24T16:15:34Z
ZWS,47.94,2025-12-24T17:59:54Z
ZXIET,100,2025-12-24T14:30:00Z
ZYME,26.84,2025-12-24T17:58:43Z
