symbol,close,last_trade_utc
A,151.5,2025-11-12T20:59:51Z
AA,40.04,2025-11-12T20:59:48Z
AAAA,27.34,2025-11-12T16:58:43Z
AAAU,41.41,2025-11-12T20:59:31Z
AACG,1.345,2025-11-12T20:52:26Z
AAL,13.46,2025-11-12T20:59:58Z
AAM+,0.24,2025-11-12T18:49:30Z
AAMI,44.55,2025-11-12T20:59:44Z
AAOI,23.94,2025-11-12T20:59:54Z
AAON,102.1,2025-11-12T20:59:40Z
AAP,50.97,2025-11-12T20:59:48Z
AAPB,34.2,2025-11-12T20:59:57Z
AAPD,13.05,2025-11-12T20:59:57Z
AAPL,273.47,2025-11-12T20:59:57Z
AAPR,28.06,2025-11-12T15:55:04Z
AAPU,36.82,2025-11-12T20:59:45Z
AAPW,42.79,2025-11-12T19:40:41Z
AAPX,31.76,2025-11-12T20:59:00Z
AARD,10.695,2025-11-12T20:54:09Z
AAT,19.34,2025-11-12T20:59:59Z
AAUC,16.835,2025-11-12T20:59:54Z
AAXJ,94.99,2025-11-12T20:59:08Z
AB,39.73,2025-11-12T20:59:29Z
ABAT,4.365,2025-11-12T20:59:59Z
ABBV,233.26,2025-11-12T20:59:58Z
ABCB,73.95,2025-11-12T20:59:47Z
ABCL,3.955,2025-11-12T20:59:58Z
ABEO,4.95,2025-11-12T20:59:59Z
ABEV,2.525,2025-11-12T20:59:48Z
ABFL,72.51,2025-11-12T20:26:13Z
ABG,225.27,2025-11-12T20:57:16Z
ABL,6.755,2025-11-12T20:59:58Z
ABLLL,25.45,2025-11-12T20:59:36Z
ABLVW,0.0251,2025-11-12T20:58:50Z
ABM,42.325,2025-11-12T20:59:45Z
ABNB,121.69,2025-11-12T20:59:59Z
ABOS,1.95,2025-11-12T20:59:50Z
ABP,6.02,2025-11-12T20:10:28Z
ABR,9.23,2025-11-12T20:59:58Z
ABSI,3.385,2025-11-12T20:59:59Z
ABT,128.82,2025-11-12T20:59:52Z
ABTC,4.92,2025-11-12T20:59:45Z
ABUS,4.845,2025-11-12T20:59:54Z
ABVC,2.99,2025-11-12T20:59:50Z
ABVE,2.63,2025-11-12T20:59:43Z
ABVX,103.55,2025-11-12T20:59:39Z
ACA,100.38,2025-11-12T20:59:59Z
ACAD,24.13,2025-11-12T20:59:58Z
ACB,4.53,2025-11-12T20:59:46Z
ACCL,4.1,2025-11-12T14:43:10Z
ACCO,3.46,2025-11-12T20:59:57Z
ACDC,3.815,2025-11-12T20:59:20Z
ACEL,10.3,2025-11-12T20:59:50Z
ACES,34.94,2025-11-12T20:19:10Z
ACET,0.6807,2025-11-12T20:59:45Z
ACFN,14.65,2025-11-12T14:40:37Z
ACGL,91.8,2025-11-12T20:59:53Z
ACGLN,17.46,2025-11-12T20:16:43Z
ACHC,17.425,2025-11-12T20:59:56Z
ACHR,8.625,2025-11-12T20:59:58Z
ACHR+,1.95,2025-11-12T20:55:08Z
ACHV,4.725,2025-11-12T20:59:54Z
ACI,17.86,2025-11-12T20:59:59Z
ACIC,12.03,2025-11-12T20:59:48Z
ACII,25.34,2025-11-12T19:05:45Z
ACIO,44.16,2025-11-12T19:21:06Z
ACIU,3.28,2025-11-12T20:59:39Z
ACIW,47.6,2025-11-12T20:59:50Z
ACKY,20.105,2025-11-12T19:25:13Z
ACLC,79.1,2025-11-12T19:57:20Z
ACLS,85.34,2025-11-12T20:59:37Z
ACLX,90,2025-11-12T20:59:50Z
ACM,132.705,2025-11-12T20:59:52Z
ACMR,33.83,2025-11-12T20:59:56Z
ACN,246.54,2025-11-12T20:59:54Z
ACNT,13.7,2025-11-12T20:59:56Z
ACOG,6.09,2025-11-12T18:38:43Z
ACP,5.505,2025-11-12T20:59:45Z
ACR,21.625,2025-11-12T20:45:24Z
ACRE,4.91,2025-11-12T20:59:56Z
ACRS,2.41,2025-11-12T20:59:57Z
ACRV,2.28,2025-11-12T20:59:50Z
ACT,37.66,2025-11-12T20:59:45Z
ACTG,3.62,2025-11-12T20:59:05Z
ACTU,6.03,2025-11-12T19:19:25Z
ACU,36.635,2025-11-12T20:43:18Z
ACV,26.015,2025-11-12T20:46:32Z
ACVA,5.49,2025-11-12T20:59:56Z
ACVF,49.44,2025-11-12T19:20:01Z
ACWI,142.32,2025-11-12T20:59:55Z
ACWV,120.58,2025-11-12T20:59:32Z
ACWX,67.45,2025-11-12T20:59:57Z
ACXP,5.055,2025-11-12T20:33:17Z
AD,47.115,2025-11-12T20:56:36Z
ADAG,1.75,2025-11-12T20:49:11Z
ADAM,7.1,2025-11-12T20:59:58Z
ADAMH,25.49,2025-11-12T19:40:07Z
ADAMI,25.27,2025-11-12T19:43:44Z
ADBE,337.17,2025-11-12T20:59:50Z
ADBG,9.705,2025-11-12T20:58:58Z
ADC,73.33,2025-11-12T20:59:57Z
ADCT,4.055,2025-11-12T20:59:58Z
ADEA,13.825,2025-11-12T20:59:50Z
ADI,241.54,2025-11-12T20:59:59Z
ADIL,0.3392,2025-11-12T15:14:13Z
ADM,57.76,2025-11-12T20:59:47Z
ADMA,16.48,2025-11-12T20:59:55Z
ADME,51.79,2025-11-12T20:22:51Z
ADNT,21.1,2025-11-12T20:59:54Z
ADP,254.46,2025-11-12T20:59:55Z
ADPT,14.505,2025-11-12T20:59:59Z
ADSE,10.415,2025-11-12T17:37:32Z
ADSK,301.755,2025-11-12T20:59:49Z
ADT,8.315,2025-11-12T20:59:57Z
ADTN,8.055,2025-11-12T20:59:49Z
ADTX,5.99,2025-11-12T19:38:28Z
ADUR,11.86,2025-11-12T20:44:48Z
ADUS,113.67,2025-11-12T20:59:45Z
ADV,1.31,2025-11-12T20:59:59Z
ADVB,0.4529,2025-11-12T20:44:06Z
ADVM,4.3,2025-11-12T20:58:43Z
ADX,23.66,2025-11-12T20:41:17Z
AEBI,10.725,2025-11-12T20:59:50Z
AEC,7.025,2025-11-12T19:53:48Z
AEE,105.73,2025-11-12T20:59:49Z
AEF,6.845,2025-11-12T20:59:35Z
AEFC,20.35,2025-11-12T18:18:02Z
AEG,7.84,2025-11-12T20:59:57Z
AEHL,1.625,2025-11-12T17:28:26Z
AEHR,23.18,2025-11-12T20:59:33Z
AEI,2.69,2025-11-12T19:47:30Z
AEIS,212.67,2025-11-12T20:58:49Z
AEM,173.12,2025-11-12T20:59:56Z
AEMD,4.235,2025-11-12T20:59:15Z
AENT,6.66,2025-11-12T20:53:31Z
AEO,17.81,2025-11-12T20:59:55Z
AEP,122.67,2025-11-12T20:59:58Z
AER,137.64,2025-11-12T20:59:49Z
AERO,18.505,2025-11-12T20:57:53Z
AERT,0.6406,2025-11-12T14:43:21Z
AERTW,0.04,2025-11-12T16:45:04Z
AES,14.07,2025-11-12T20:59:59Z
AESI,8.525,2025-11-12T20:59:55Z
AESR,20.75,2025-11-12T19:47:10Z
AEVA,11.265,2025-11-12T20:59:57Z
AEXA,11.25,2025-11-12T20:50:48Z
AEYE,12.65,2025-11-12T20:53:37Z
AFB,10.975,2025-11-12T20:59:22Z
AFCG,3.27,2025-11-12T20:59:05Z
AFG,141.98,2025-11-12T20:59:17Z
AFIF,9.47,2025-11-12T20:51:43Z
AFJK,13.05,2025-11-12T20:35:04Z
AFK,24.48,2025-11-12T19:16:37Z
AFL,114.64,2025-11-12T20:59:49Z
AFRM,79.045,2025-11-12T20:59:52Z
AFSM,32.66,2025-11-12T18:35:10Z
AFYA,14.45,2025-11-12T20:59:04Z
AG,12.56,2025-11-12T20:59:52Z
AGAE,0.51,2025-11-12T20:59:43Z
AGCC,5.6,2025-11-12T19:36:55Z
AGCO,108.53,2025-11-12T20:59:44Z
AGD,11.57,2025-11-12T20:59:06Z
AGEN,4.44,2025-11-12T20:59:52Z
AGG,100.41,2025-11-12T20:59:34Z
AGGA,25.32,2025-11-12T20:44:42Z
AGGH,20.87,2025-11-12T17:54:57Z
AGGY,44.335,2025-11-12T18:48:15Z
AGH,5.27,2025-11-12T16:23:36Z
AGI,33.66,2025-11-12T20:59:54Z
AGIO,43.66,2025-11-12T20:59:56Z
AGL,0.6263,2025-11-12T20:59:56Z
AGM,166.85,2025-11-12T20:55:29Z
AGM-D,21.735,2025-11-12T17:12:00Z
AGM-F,19.65,2025-11-12T18:33:39Z
AGM-H,24.6,2025-11-12T20:22:56Z
AGMH,3.42,2025-11-12T14:55:32Z
AGMI,55.86,2025-11-12T16:54:02Z
AGNC,10.21,2025-11-12T20:59:59Z
AGNCL,24.48,2025-11-12T18:15:40Z
AGNCO,25.3,2025-11-12T16:47:47Z
AGNCP,25,2025-11-12T19:28:58Z
AGNCZ,25.62,2025-11-12T20:59:45Z
AGO,87.61,2025-11-12T20:59:49Z
AGOX,30.83,2025-11-12T20:57:31Z
AGQ,96.16,2025-11-12T20:59:51Z
AGQI,16.36,2025-11-12T18:57:49Z
AGRI,2.325,2025-11-12T20:54:46Z
AGRO,7.885,2025-11-12T20:59:49Z
AGRZ,2.675,2025-11-12T20:59:07Z
AGX,364.24,2025-11-12T20:59:46Z
AGYS,128.55,2025-11-12T20:58:00Z
AHCO,9.33,2025-11-12T20:59:56Z
AHH,6.23,2025-11-12T20:59:56Z
AHL,36.82,2025-11-12T20:59:58Z
AHL-E,20.92,2025-11-12T19:06:23Z
AHR,47.83,2025-11-12T20:59:50Z
AHT,4.23,2025-11-12T20:56:00Z
AI,14.83,2025-11-12T20:59:59Z
AIA,99,2025-11-12T20:18:04Z
AIBD,7.07,2025-11-12T20:14:42Z
AIFF,1.725,2025-11-12T20:59:27Z
AIG,78.02,2025-11-12T20:59:53Z
AII,24.375,2025-11-12T20:56:48Z
AIIO,0.5901,2025-11-12T20:57:08Z
AIM,1.59,2025-11-12T16:57:32Z
AIMD,2.9,2025-11-12T18:22:00Z
AIN,45.98,2025-11-12T20:59:35Z
AIO,24.15,2025-11-12T16:56:08Z
AIOT,5.09,2025-11-12T20:59:55Z
AIP,15.05,2025-11-12T20:59:43Z
AIPI,43.06,2025-11-12T20:32:39Z
AIPO,23.75,2025-11-12T20:59:45Z
AIQ,51.585,2025-11-12T20:59:45Z
AIR,83.81,2025-11-12T20:59:27Z
AIRE,0.5687,2025-11-12T20:59:50Z
AIRG,3.845,2025-11-12T20:00:39Z
AIRI,3.08,2025-11-12T15:23:13Z
AIRJ,4.635,2025-11-12T20:59:42Z
AIRJW,1.02,2025-11-12T16:33:00Z
AIRO,13.38,2025-11-12T20:59:58Z
AIRR,98.01,2025-11-12T20:59:48Z
AIRS,6.09,2025-11-12T20:59:52Z
AISP,3.92,2025-11-12T20:59:52Z
AIT,256.385,2025-11-12T20:59:54Z
AIV,5.68,2025-11-12T20:59:58Z
AIVC,69.5,2025-11-12T16:51:21Z
AIVI,50.99,2025-11-12T15:22:16Z
AIXI,0.84,2025-11-12T14:38:48Z
AIYY,2.1,2025-11-12T20:59:59Z
AIZ,226.46,2025-11-12T20:59:39Z
AJG,255.91,2025-11-12T20:59:52Z
AKA,12.455,2025-11-12T20:50:34Z
AKAM,90.085,2025-11-12T20:59:50Z
AKAN,1.37,2025-11-12T20:59:29Z
AKBA,1.85,2025-11-12T20:59:50Z
AKO.B,28.345,2025-11-12T20:35:45Z
AKR,20.18,2025-11-12T20:59:50Z
AKRE,65.14,2025-11-12T20:58:10Z
AKRO,54.3,2025-11-12T20:59:58Z
AKTX,0.59,2025-11-12T14:32:35Z
AL,63.86,2025-11-12T20:59:58Z
ALAB,157.77,2025-11-12T20:59:49Z
ALAI,36.905,2025-11-12T20:59:29Z
ALAR,14.38,2025-11-12T15:36:31Z
ALB,110.31,2025-11-12T20:59:56Z
ALB-A,48.44,2025-11-12T20:03:53Z
ALC,79.44,2025-11-12T20:59:57Z
ALCO,34.02,2025-11-12T19:03:24Z
ALDX,5.31,2025-11-12T20:59:58Z
ALE,67.545,2025-11-12T20:59:55Z
ALEC,1.355,2025-11-12T20:59:58Z
ALEX,15.86,2025-11-12T20:59:48Z
ALG,167.47,2025-11-12T20:56:03Z
ALGM,26.475,2025-11-12T20:59:57Z
ALGN,141.82,2025-11-12T20:59:49Z
ALGS,6.535,2025-11-12T20:26:41Z
ALGT,69.09,2025-11-12T20:59:49Z
ALH,26.69,2025-11-12T20:59:52Z
ALHC,16.61,2025-11-12T20:59:44Z
ALIT,2.31,2025-11-12T20:59:57Z
ALK,43.43,2025-11-12T20:59:52Z
ALKS,31.4,2025-11-12T20:59:52Z
ALKT,20.67,2025-11-12T20:59:55Z
ALL,209.185,2025-11-12T20:59:40Z
ALL-B,26.32,2025-11-12T19:23:45Z
ALL-H,21.49,2025-11-12T18:26:56Z
ALL-J,26.7,2025-11-12T18:51:25Z
ALLE,168.315,2025-11-12T20:59:39Z
ALLO,1.22,2025-11-12T20:59:42Z
ALLR,1.28,2025-11-12T20:59:41Z
ALLT,9.01,2025-11-12T20:59:53Z
ALLW,29.155,2025-11-12T20:59:45Z
ALLY,40.3,2025-11-12T20:59:53Z
ALM,6.96,2025-11-12T20:59:51Z
ALMS,5.24,2025-11-12T20:59:46Z
ALMU,13.995,2025-11-12T20:58:13Z
ALNT,53.36,2025-11-12T20:59:42Z
ALNY,452.76,2025-11-12T20:59:58Z
ALPS,0.7989,2025-11-12T20:58:47Z
ALRM,50.17,2025-11-12T20:59:47Z
ALRS,21.53,2025-11-12T20:58:04Z
ALSN,82.09,2025-11-12T20:59:53Z
ALT,4.23,2025-11-12T20:59:55Z
ALTG,5.04,2025-11-12T20:59:58Z
ALTI,4.075,2025-11-12T20:59:35Z
ALTL,44.13,2025-11-12T17:37:27Z
ALTO,1.915,2025-11-12T20:59:55Z
ALTS,2.19,2025-11-12T20:59:58Z
ALTY,11.99,2025-11-12T15:30:00Z
ALUR,1.51,2025-11-12T20:40:14Z
ALV,124.54,2025-11-12T20:59:53Z
ALVO,5.61,2025-11-12T20:59:57Z
ALX,221.695,2025-11-12T20:55:57Z
ALXO,1.285,2025-11-12T20:59:47Z
ALZN,2.41,2025-11-12T18:28:25Z
AM,17.91,2025-11-12T20:59:58Z
AMAL,27.9,2025-11-12T20:59:31Z
AMAT,230.77,2025-11-12T20:59:59Z
AMBA,95.57,2025-11-12T20:59:53Z
AMBC,9.91,2025-11-12T20:59:45Z
AMBP,3.545,2025-11-12T20:59:46Z
AMBQ,27.99,2025-11-12T17:38:50Z
AMBR,1.76,2025-11-12T16:18:19Z
AMC,2.465,2025-11-12T20:59:49Z
AMCR,8.415,2025-11-12T20:59:59Z
AMCX,8.215,2025-11-12T20:59:45Z
AMD,258.9,2025-11-12T20:59:59Z
AMDD,8.06,2025-11-12T20:59:50Z
AMDG,44.3,2025-11-12T20:46:30Z
AMDL,23.74,2025-11-12T20:59:59Z
AMDU,32.24,2025-11-12T20:33:15Z
AMDW,69.5,2025-11-12T17:25:18Z
AMDY,9.755,2025-11-12T20:59:43Z
AME,197.01,2025-11-12T20:59:57Z
AMG,263.905,2025-11-12T20:49:21Z
AMGN,336.28,2025-11-12T20:59:58Z
AMH,32.35,2025-11-12T20:59:57Z
AMID,34.56,2025-11-12T20:26:44Z
AMIX,0.853,2025-11-12T20:51:16Z
AMKR,34.48,2025-11-12T20:59:56Z
AMLP,46.195,2025-11-12T20:59:57Z
AMLX,12.34,2025-11-12T20:59:58Z
AMN,16.585,2025-11-12T20:59:47Z
AMP,470.49,2025-11-12T20:59:49Z
AMPG,2.63,2025-11-12T20:59:58Z
AMPH,27.83,2025-11-12T20:59:50Z
AMPL,11.06,2025-11-12T20:59:46Z
AMPX,12.37,2025-11-12T20:59:57Z
AMPX+,5.03,2025-11-12T19:48:03Z
AMPY,5.78,2025-11-12T20:59:59Z
AMR,169.95,2025-11-12T20:59:33Z
AMRC,33.81,2025-11-12T20:59:53Z
AMRK,26.29,2025-11-12T20:59:48Z
AMRN,16.23,2025-11-12T20:41:43Z
AMRX,11.91,2025-11-12T20:59:58Z
AMRZ,50.03,2025-11-12T20:59:57Z
AMSC,35.16,2025-11-12T20:59:47Z
AMSF,41.16,2025-11-12T20:57:44Z
AMST,2.9,2025-11-12T20:59:51Z
AMT,183.355,2025-11-12T20:59:55Z
AMTB,18,2025-11-12T20:59:58Z
AMTD,0.92,2025-11-12T18:09:22Z
AMTM,23,2025-11-12T20:59:56Z
AMTX,2.06,2025-11-12T20:59:56Z
AMUB,18.9,2025-11-12T15:17:31Z
AMUN,26.02,2025-11-12T16:29:45Z
AMUU,93.47,2025-11-12T20:54:50Z
AMWD,53.73,2025-11-12T20:44:56Z
AMWL,4.1,2025-11-12T20:59:46Z
AMX,23.3,2025-11-12T20:59:54Z
AMYY,25.06,2025-11-12T16:09:56Z
AMZD,9.58,2025-11-12T20:59:41Z
AMZE,0.45,2025-11-12T20:59:45Z
AMZN,244.22,2025-11-12T20:59:58Z
AMZU,41.67,2025-11-12T20:59:54Z
AMZW,48.33,2025-11-12T20:50:10Z
AMZY,14.635,2025-11-12T20:58:47Z
AMZZ,35.7,2025-11-12T20:58:39Z
AN,194.095,2025-11-12T20:58:16Z
ANAB,33.03,2025-11-12T20:59:49Z
ANDE,49.88,2025-11-12T20:59:48Z
ANEL,17.68,2025-11-12T15:02:01Z
ANET,134.95,2025-11-12T20:59:54Z
ANF,71.22,2025-11-12T20:59:43Z
ANGI,11.305,2025-11-12T20:59:54Z
ANGL,29.38,2025-11-12T20:59:45Z
ANGO,12.67,2025-11-12T20:59:59Z
ANGX,5.33,2025-11-12T20:59:04Z
ANIK,10.08,2025-11-12T20:57:21Z
ANIP,87.5,2025-11-12T20:57:05Z
ANIX,4.41,2025-11-12T20:59:23Z
ANNAW,0.1999,2025-11-12T20:20:18Z
ANNX,2.83,2025-11-12T20:59:51Z
ANRO,14.225,2025-11-12T20:59:49Z
ANTX,1.2,2025-11-12T16:43:34Z
ANVS,2.435,2025-11-12T20:59:40Z
ANY,0.5443,2025-11-12T20:54:31Z
AOA,89.95,2025-11-12T20:22:19Z
AOCT,26.3,2025-11-12T20:07:36Z
AOD,9.51,2025-11-12T20:59:37Z
AOHY,11.1,2025-11-12T16:36:41Z
AOK,40.545,2025-11-12T20:59:31Z
AOM,48.08,2025-11-12T20:17:38Z
AOMR,8.905,2025-11-12T20:59:54Z
AON,350.19,2025-11-12T20:59:55Z
AOR,65.395,2025-11-12T20:59:44Z
AORT,47.71,2025-11-12T20:59:25Z
AOS,66.4,2025-11-12T20:59:49Z
AOSL,19,2025-11-12T20:59:54Z
AOUT,6.66,2025-11-12T20:59:44Z
AP,1.96,2025-11-12T20:31:01Z
APA,23.89,2025-11-12T20:59:58Z
APAM,44.32,2025-11-12T20:59:45Z
APD,261.56,2025-11-12T20:59:55Z
APEI,34.97,2025-11-12T20:59:37Z
APG,38.365,2025-11-12T20:59:50Z
APGE,63.11,2025-11-12T20:59:51Z
APH,141.91,2025-11-12T20:59:49Z
API,3.48,2025-11-12T20:59:55Z
APLD,26.415,2025-11-12T20:59:53Z
APLE,11.78,2025-11-12T20:59:52Z
APLM,16.24,2025-11-12T15:09:36Z
APLS,20.025,2025-11-12T20:59:46Z
APLT,0.9177,2025-11-12T20:59:48Z
APLX,70.275,2025-11-12T17:24:34Z
APLY,13.925,2025-11-12T20:42:40Z
APMU,25.16,2025-11-12T19:50:53Z
APO,133.585,2025-11-12T20:59:59Z
APO-A,70.065,2025-11-12T19:45:40Z
APOG,34.48,2025-11-12T20:59:45Z
APP,584.96,2025-11-12T20:59:56Z
APPF,250.57,2025-11-12T20:59:24Z
APPN,45.58,2025-11-12T20:59:45Z
APPS,5.655,2025-11-12T20:59:56Z
APPX,30.41,2025-11-12T20:13:49Z
APRB,25.35,2025-11-12T16:06:50Z
APRJ,24.75,2025-11-12T18:13:18Z
APRT,41.01,2025-11-12T17:29:46Z
APRW,34.48,2025-11-12T14:46:47Z
APT,4.73,2025-11-12T20:56:02Z
APTV,82.78,2025-11-12T20:59:50Z
APUE,41.8,2025-11-12T20:28:44Z
APUS,2.73,2025-11-12T20:45:51Z
APVO,1.475,2025-11-12T20:59:50Z
APYX,4.39,2025-11-12T20:59:50Z
AQMS,7.7,2025-11-12T20:59:47Z
AQN,6.155,2025-11-12T20:59:52Z
AQST,5.575,2025-11-12T20:59:59Z
AQWA,19.62,2025-11-12T18:44:24Z
AR,34.445,2025-11-12T20:59:54Z
ARAI,4,2025-11-12T20:57:53Z
ARAY,1.185,2025-11-12T20:59:55Z
ARB,28.99,2025-11-12T18:26:40Z
ARBE,1.62,2025-11-12T20:59:59Z
ARBK,0.3215,2025-11-12T20:59:13Z
ARCB,65.27,2025-11-12T20:58:25Z
ARCC,20.39,2025-11-12T20:59:51Z
ARCO,7.59,2025-11-12T20:59:52Z
ARCT,8.15,2025-11-12T20:59:56Z
ARCX,10.29,2025-11-12T20:46:02Z
ARDC,13.95,2025-11-12T18:32:21Z
ARDT,14.12,2025-11-12T20:59:53Z
ARDX,6.06,2025-11-12T20:59:56Z
ARE,53.79,2025-11-12T20:59:56Z
AREB,1.15,2025-11-12T20:59:47Z
AREC,3.685,2025-11-12T20:59:56Z
AREN,4.2,2025-11-12T20:59:52Z
ARES,153.615,2025-11-12T20:59:48Z
ARES-B,49.18,2025-11-12T19:05:42Z
ARGT,92.64,2025-11-12T20:59:55Z
ARGX,889.485,2025-11-12T20:59:54Z
ARHS,9.305,2025-11-12T20:59:53Z
ARI,9.9,2025-11-12T20:59:54Z
ARKB,33.71,2025-11-12T20:59:44Z
ARKF,52.6,2025-11-12T19:48:01Z
ARKG,28.3,2025-11-12T20:59:52Z
ARKK,81.49,2025-11-12T20:59:56Z
ARKO,4.34,2025-11-12T20:59:59Z
ARKQ,114.69,2025-11-12T20:58:33Z
ARKT,19.42,2025-11-12T15:28:40Z
ARKX,29.04,2025-11-12T20:21:12Z
ARL,15.955,2025-11-12T20:24:43Z
ARLO,15.56,2025-11-12T20:59:50Z
ARLP,25.03,2025-11-12T20:59:57Z
ARLU,30.35,2025-11-12T17:23:32Z
ARM,148.72,2025-11-12T20:59:58Z
ARMG,11.465,2025-11-12T20:59:36Z
ARMK,38.5,2025-11-12T20:59:54Z
ARMN,11.33,2025-11-12T20:59:56Z
ARMP,6.69,2025-11-12T20:45:32Z
ARMW,43.38,2025-11-12T14:34:02Z
AROC,24.04,2025-11-12T20:59:59Z
AROW,30.82,2025-11-12T17:29:14Z
ARQ,3.71,2025-11-12T20:59:48Z
ARQQ,30.315,2025-11-12T20:59:30Z
ARQQW,0.3328,2025-11-12T18:39:28Z
ARQT,23.45,2025-11-12T20:59:54Z
ARR,16.83,2025-11-12T20:59:59Z
ARRY,8.41,2025-11-12T20:59:56Z
ARTL,1.83,2025-11-12T19:12:01Z
ARTV,4.02,2025-11-12T20:59:51Z
ARTW,2.42,2025-11-12T20:31:28Z
ARTY,48.44,2025-11-12T20:54:10Z
ARVN,10.4,2025-11-12T20:59:57Z
ARW,111.32,2025-11-12T20:59:50Z
ARWR,41.48,2025-11-12T20:59:35Z
ARX,12.62,2025-11-12T20:59:56Z
AS,31.375,2025-11-12T20:59:50Z
ASA,50.55,2025-11-12T19:03:34Z
ASAN,12.89,2025-11-12T20:59:54Z
ASB,25.55,2025-11-12T20:59:57Z
ASBA,24.735,2025-11-12T16:07:02Z
ASBP,0.1083,2025-11-12T20:58:08Z
ASC,13.005,2025-11-12T20:59:54Z
ASEA,18.11,2025-11-12T19:28:18Z
ASG,5.46,2025-11-12T20:50:01Z
ASGI,20.79,2025-11-12T20:56:21Z
ASGM,27.96,2025-11-12T17:38:02Z
ASGN,45.425,2025-11-12T20:59:52Z
ASH,50.09,2025-11-12T20:59:50Z
ASHR,33.105,2025-11-12T20:59:56Z
ASIC,18.265,2025-11-12T20:56:15Z
ASIX,16.18,2025-11-12T20:59:47Z
ASLE,5.99,2025-11-12T20:59:54Z
ASM,4.975,2025-11-12T20:59:54Z
ASMB,35.935,2025-11-12T20:59:37Z
ASML,1036.73,2025-11-12T20:59:49Z
ASND,200.53,2025-11-12T20:59:50Z
ASNS,0.4993,2025-11-12T20:58:55Z
ASO,44.895,2025-11-12T20:59:45Z
ASPCR,0.18,2025-11-12T19:06:05Z
ASPCU,11.31,2025-11-12T19:06:05Z
ASPI,8.87,2025-11-12T20:59:56Z
ASPN,3.435,2025-11-12T20:59:50Z
ASPS,9.83,2025-11-12T19:26:06Z
ASPSW,0.6,2025-11-12T19:14:30Z
ASR,301.51,2025-11-12T20:59:30Z
ASRT,0.8715,2025-11-12T20:49:33Z
ASST,1.285,2025-11-12T20:59:53Z
ASTC,3.29,2025-11-12T18:45:08Z
ASTE,44.46,2025-11-12T20:59:58Z
ASTH,23.56,2025-11-12T20:59:51Z
ASTI,1.68,2025-11-12T17:19:54Z
ASTL,3.925,2025-11-12T20:59:56Z
ASTS,64.57,2025-11-12T20:59:30Z
ASTX,39.56,2025-11-12T20:59:42Z
ASUR,8.2,2025-11-12T20:59:32Z
ASX,15.01,2025-11-12T20:59:59Z
ASYS,7.58,2025-11-12T20:53:10Z
ATAI,4.325,2025-11-12T20:59:59Z
ATAT,40.49,2025-11-12T20:59:50Z
ATCH,0.3066,2025-11-12T20:59:23Z
ATEC,20.73,2025-11-12T20:59:53Z
ATEN,17.1,2025-11-12T20:59:45Z
ATER,0.8983,2025-11-12T15:11:57Z
ATEX,18.3,2025-11-12T20:59:04Z
ATFV,34.8,2025-11-12T16:00:27Z
ATGE,97.05,2025-11-12T20:59:42Z
ATH-A,24.985,2025-11-12T19:43:46Z
ATH-B,20.78,2025-11-12T16:00:43Z
ATH-D,17.46,2025-11-12T19:37:33Z
ATH-E,25.82,2025-11-12T16:07:13Z
ATHM,24.95,2025-11-12T20:59:47Z
ATHS,25.49,2025-11-12T19:22:07Z
ATI,99.07,2025-11-12T20:59:51Z
ATKR,65.915,2025-11-12T20:59:31Z
ATLC,52.43,2025-11-12T20:59:00Z
ATLN,2.7,2025-11-12T20:56:15Z
ATLO,21.22,2025-11-12T20:04:23Z
ATLX,4.47,2025-11-12T20:59:55Z
ATMU,49.94,2025-11-12T20:59:50Z
ATNI,20.12,2025-11-12T20:18:19Z
ATNM,1.32,2025-11-12T20:48:55Z
ATO,177.825,2025-11-12T20:59:41Z
ATOM,2.38,2025-11-12T20:58:48Z
ATON,4.02,2025-11-12T20:53:37Z
ATOS,0.8188,2025-11-12T20:51:19Z
ATPC,1.35,2025-11-12T17:32:29Z
ATR,118.2,2025-11-12T20:59:46Z
ATRA,12.105,2025-11-12T19:45:45Z
ATRC,33.07,2025-11-12T20:59:46Z
ATRO,49.02,2025-11-12T20:59:41Z
ATS,27.13,2025-11-12T20:59:50Z
ATUS,1.965,2025-11-12T20:59:32Z
ATXS,12.54,2025-11-12T20:59:54Z
ATYR,0.7378,2025-11-12T20:59:50Z
AU,85.26,2025-11-12T20:59:55Z
AUB,32.72,2025-11-12T20:59:55Z
AUBN,25.5,2025-11-12T18:26:49Z
AUDC,9.74,2025-11-12T20:59:51Z
AUGO,36.51,2025-11-12T20:59:37Z
AUGW,32.17,2025-11-12T20:48:38Z
AUID,2.7,2025-11-12T20:58:06Z
AUMI,86.94,2025-11-12T20:55:17Z
AUNA,5.2,2025-11-12T20:20:06Z
AUPH,15.535,2025-11-12T20:59:52Z
AUR,4.23,2025-11-12T20:59:56Z
AURA,5.58,2025-11-12T20:59:58Z
AUSF,45.5,2025-11-12T19:57:35Z
AUST,1.67,2025-11-12T20:38:06Z
AUTL,1.355,2025-11-12T20:59:45Z
AUUD,1.22,2025-11-12T20:55:54Z
AVA,41.665,2025-11-12T20:59:56Z
AVAH,8.82,2025-11-12T20:59:56Z
AVAL,4.355,2025-11-12T20:59:57Z
AVAV,323.2,2025-11-12T20:59:58Z
AVB,178.04,2025-11-12T20:59:50Z
AVBC,15.27,2025-11-12T20:51:25Z
AVBH,25.255,2025-11-12T20:59:59Z
AVBP,20.22,2025-11-12T20:59:44Z
AVD,5.03,2025-11-12T20:59:50Z
AVDE,81.19,2025-11-12T20:59:50Z
AVDL,19.15,2025-11-12T20:59:57Z
AVDS,67.855,2025-11-12T19:18:16Z
AVDV,90.9,2025-11-12T20:59:27Z
AVEM,78.19,2025-11-12T20:59:58Z
AVES,58.92,2025-11-12T19:34:06Z
AVGG,30.86,2025-11-12T18:43:05Z
AVGO,355.27,2025-11-12T20:59:59Z
AVGU,38.26,2025-11-12T20:59:26Z
AVGX,53.23,2025-11-12T20:59:50Z
AVIG,42.055,2025-11-12T20:54:52Z
AVIR,3.49,2025-11-12T20:59:58Z
AVIV,70.075,2025-11-12T20:59:46Z
AVK,12.89,2025-11-12T20:59:56Z
AVL,58.29,2025-11-12T20:36:44Z
AVLV,73.7,2025-11-12T20:59:35Z
AVMU,45.88,2025-11-12T18:36:07Z
AVMV,68.98,2025-11-12T14:34:48Z
AVNM,72.76,2025-11-12T20:05:51Z
AVNS,11.78,2025-11-12T20:59:46Z
AVNT,29.43,2025-11-12T20:59:49Z
AVNW,23.08,2025-11-12T20:59:38Z
AVO,12.695,2025-11-12T20:59:56Z
AVPT,13.215,2025-11-12T20:59:54Z
AVR,3.905,2025-11-12T20:59:55Z
AVRE,44.67,2025-11-12T20:22:29Z
AVS,9.68,2025-11-12T20:56:41Z
AVSE,65.97,2025-11-12T16:37:09Z
AVSF,47.105,2025-11-12T20:59:54Z
AVSU,75.55,2025-11-12T15:10:55Z
AVT,47.2,2025-11-12T20:59:56Z
AVTR,11.55,2025-11-12T20:59:56Z
AVTX,15.33,2025-11-12T20:56:31Z
AVUS,110.93,2025-11-12T20:59:45Z
AVUV,99.26,2025-11-12T20:59:48Z
AVXL,6.92,2025-11-12T20:59:54Z
AVY,173.91,2025-11-12T20:59:54Z
AWF,10.84,2025-11-12T20:57:07Z
AWI,188.37,2025-11-12T20:59:56Z
AWK,129.8,2025-11-12T20:59:50Z
AWP,3.93,2025-11-12T20:31:19Z
AWR,75.28,2025-11-12T20:59:44Z
AWRE,2.465,2025-11-12T17:48:47Z
AX,82.06,2025-11-12T20:59:24Z
AXG,3.51,2025-11-12T20:55:06Z
AXGN,24.095,2025-11-12T20:59:46Z
AXIA,11.585,2025-11-12T20:59:57Z
AXIL,5.05,2025-11-12T14:51:52Z
AXL,6.51,2025-11-12T20:59:59Z
AXON,569.41,2025-11-12T20:59:51Z
AXP,372.66,2025-11-12T20:59:58Z
AXS,101.595,2025-11-12T20:59:47Z
AXS-E,20.93,2025-11-12T17:59:10Z
AXSM,140.85,2025-11-12T20:59:46Z
AXTA,29.32,2025-11-12T20:59:47Z
AXTI,10.99,2025-11-12T20:59:45Z
AYI,360.625,2025-11-12T20:59:39Z
AZ,5.54,2025-11-12T20:59:37Z
AZI,0.0889,2025-11-12T20:57:28Z
AZN,87.685,2025-11-12T20:59:58Z
AZO,3790.15,2025-11-12T20:59:49Z
AZTA,30.805,2025-11-12T20:59:51Z
AZTR,0.3975,2025-11-12T20:59:13Z
AZZ,101.08,2025-11-12T20:59:42Z
B,37.34,2025-11-12T20:59:55Z
BA,195.53,2025-11-12T20:59:54Z
BA-A,63.81,2025-11-12T16:40:51Z
BAB,27.385,2025-11-12T20:59:14Z
BABA,157.89,2025-11-12T20:59:54Z
BABO,14.51,2025-11-12T20:30:33Z
BABX,42.92,2025-11-12T20:59:43Z
BAC,54.11,2025-11-12T20:59:59Z
BAC-B,25.23,2025-11-12T17:02:04Z
BAC-E,20.46,2025-11-12T15:36:03Z
BAC-K,24.83,2025-11-12T17:57:47Z
BAC-L,1265.5,2025-11-12T20:50:32Z
BAC-N,21.13,2025-11-12T15:49:31Z
BAC-O,18.25,2025-11-12T20:51:32Z
BAC-P,17.2,2025-11-12T20:41:47Z
BAC-Q,17.62,2025-11-12T20:47:18Z
BAC-S,19.91,2025-11-12T20:58:31Z
BACCR,0.25,2025-11-12T15:53:10Z
BACQ,10.59,2025-11-12T20:53:48Z
BACQR,0.8235,2025-11-12T17:19:13Z
BAER,1.865,2025-11-12T20:59:50Z
BAFE,26.91,2025-11-12T19:58:57Z
BAH,84.83,2025-11-12T20:59:51Z
BAI,35.28,2025-11-12T20:58:28Z
BAIG,18.87,2025-11-12T20:58:55Z
BAK,2.98,2025-11-12T20:58:55Z
BALI,31.94,2025-11-12T20:59:59Z
BALL,46.465,2025-11-12T20:59:49Z
BALT,33.085,2025-11-12T20:33:14Z
BALY,17.25,2025-11-12T20:59:06Z
BAM,54.67,2025-11-12T20:59:54Z
BAMG,40.04,2025-11-12T20:59:46Z
BAMO,32.61,2025-11-12T19:14:31Z
BAMY,28.14,2025-11-12T20:34:10Z
BANC,17.31,2025-11-12T20:59:58Z
BAND,14.48,2025-11-12T20:58:55Z
BANF,112.16,2025-11-12T20:18:24Z
BANL,0.4601,2025-11-12T20:22:43Z
BANR,62.03,2025-11-12T20:59:50Z
BANX,21.19,2025-11-12T20:35:26Z
BAP,262.35,2025-11-12T20:59:48Z
BAR,41.355,2025-11-12T20:59:56Z
BARK,0.8058,2025-11-12T20:58:19Z
BATL,1.125,2025-11-12T20:18:36Z
BATRA,42.38,2025-11-12T20:59:46Z
BATRK,39.06,2025-11-12T20:59:39Z
BATT,13.83,2025-11-12T20:49:44Z
BAX,18.69,2025-11-12T20:59:59Z
BB,4.485,2025-11-12T20:59:53Z
BBAI,7.175,2025-11-12T20:59:58Z
BBAI+,2.34,2025-11-12T20:31:45Z
BBAR,15.7,2025-11-12T20:58:38Z
BBAX,56.875,2025-11-12T20:59:50Z
BBBI,52.12,2025-11-12T19:37:42Z
BBBY,6.74,2025-11-12T20:59:52Z
BBBY+,0.89,2025-11-12T20:58:49Z
BBC,32.1,2025-11-12T17:57:29Z
BBCA,88.99,2025-11-12T20:53:19Z
BBCP,6.21,2025-11-12T20:59:35Z
BBD,3.68,2025-11-12T20:59:59Z
BBDC,8.94,2025-11-12T20:59:38Z
BBDO,3.155,2025-11-12T19:18:24Z
BBEM,65.86,2025-11-12T20:55:33Z
BBEU,72.065,2025-11-12T20:59:35Z
BBHY,46.55,2025-11-12T18:59:20Z
BBIN,72.64,2025-11-12T20:59:36Z
BBIO,66.27,2025-11-12T20:59:58Z
BBJP,69.645,2025-11-12T20:59:45Z
BBLG,1.76,2025-11-12T15:41:18Z
BBLU,15.51,2025-11-12T20:14:42Z
BBN,17.23,2025-11-12T20:52:42Z
BBNX,28.18,2025-11-12T20:59:26Z
BBOT,12.69,2025-11-12T20:55:18Z
BBP,77.35,2025-11-12T16:24:51Z
BBRE,95.09,2025-11-12T15:33:15Z
BBSI,34.82,2025-11-12T20:58:16Z
BBT,25.915,2025-11-12T20:59:53Z
BBU,31.835,2025-11-12T20:59:32Z
BBUC,32.63,2025-11-12T20:59:55Z
BBUS,123.74,2025-11-12T20:59:46Z
BBVA,21.855,2025-11-12T20:59:58Z
BBW,49.53,2025-11-12T20:59:42Z
BBWI,22.39,2025-11-12T20:59:59Z
BBY,77.725,2025-11-12T20:59:41Z
BC,65.35,2025-11-12T20:59:49Z
BC-C,24.57,2025-11-12T19:57:03Z
BCAB,0.6642,2025-11-12T20:16:49Z
BCAL,18.9,2025-11-12T20:58:43Z
BCAT,14.67,2025-11-12T20:59:03Z
BCAX,14.97,2025-11-12T20:59:50Z
BCBP,7.69,2025-11-12T19:18:38Z
BCC,70.19,2025-11-12T20:59:14Z
BCCC,21.69,2025-11-12T20:59:45Z
BCD,35.98,2025-11-12T20:57:52Z
BCDA,1.305,2025-11-12T20:58:35Z
BCE,22.78,2025-11-12T20:59:50Z
BCG,1.49,2025-11-12T15:15:59Z
BCH,37.35,2025-11-12T20:59:50Z
BCI,22.69,2025-11-12T20:53:58Z
BCIC,13.16,2025-11-12T20:53:19Z
BCLO,49.765,2025-11-12T17:49:44Z
BCML,27.6,2025-11-12T17:01:33Z
BCO,113.71,2025-11-12T20:56:48Z
BCPC,157.21,2025-11-12T20:59:42Z
BCRX,7.185,2025-11-12T20:59:59Z
BCS,22.5,2025-11-12T20:59:50Z
BCSF,14.04,2025-11-12T20:59:40Z
BCV,22.96,2025-11-12T19:20:05Z
BCX,10.3,2025-11-12T20:59:11Z
BCYC,6.52,2025-11-12T20:58:58Z
BDBT,25.64,2025-11-12T20:59:46Z
BDC,115.93,2025-11-12T20:59:54Z
BDJ,9.105,2025-11-12T20:59:39Z
BDMD,1.265,2025-11-12T18:32:50Z
BDN,3.485,2025-11-12T20:59:48Z
BDRY,8.37,2025-11-12T16:57:33Z
BDSX,8.08,2025-11-12T20:31:20Z
BDTX,4.87,2025-11-12T20:59:48Z
BDX,192.16,2025-11-12T20:59:50Z
BDYN,26.05,2025-11-12T20:59:46Z
BE,126.77,2025-11-12T20:59:53Z
BEAM,21.88,2025-11-12T20:59:58Z
BEEM,1.85,2025-11-12T20:58:57Z
BEEP,3.4,2025-11-12T20:50:30Z
BEEX,25.83,2025-11-12T19:21:31Z
BEKE,16.695,2025-11-12T20:59:52Z
BELFB,153.93,2025-11-12T20:59:08Z
BEN,23.05,2025-11-12T20:59:58Z
BENF,0.5244,2025-11-12T19:10:44Z
BENJ,51.56,2025-11-12T15:55:04Z
BEP,29.26,2025-11-12T20:59:50Z
BEPC,42.05,2025-11-12T20:59:44Z
BEPH,15.75,2025-11-12T19:57:00Z
BERZ,2.88,2025-11-12T20:15:38Z
BETA,36.075,2025-11-12T20:59:45Z
BETH,66.31,2025-11-12T16:06:19Z
BETR,59,2025-11-12T20:59:35Z
BETRW,0.5494,2025-11-12T20:58:56Z
BF.A,27.325,2025-11-12T20:50:07Z
BF.B,27.36,2025-11-12T20:59:59Z
BFAM,100,2025-11-12T20:59:48Z
BFC,125.875,2025-11-12T18:33:08Z
BFEB,47.92,2025-11-12T19:28:14Z
BFH,63.99,2025-11-12T20:59:53Z
BFIN,11.45,2025-11-12T20:46:43Z
BFK,10.12,2025-11-12T20:29:59Z
BFLY,2.265,2025-11-12T20:59:49Z
BFOR,81.26,2025-11-12T20:07:41Z
BFRG,1.105,2025-11-12T19:05:11Z
BFRI,0.97,2025-11-12T20:46:53Z
BFRZ,27.01,2025-11-12T18:35:40Z
BFS,29.68,2025-11-12T20:59:37Z
BFS-D,20.415,2025-11-12T16:21:38Z
BFST,25.15,2025-11-12T20:58:24Z
BFZ,10.98,2025-11-12T20:33:53Z
BG,96.3,2025-11-12T20:59:59Z
BGB,11.865,2025-11-12T19:41:35Z
BGC,9.17,2025-11-12T20:59:59Z
BGH,15.12,2025-11-12T20:38:11Z
BGI,1.11,2025-11-12T20:59:40Z
BGIG,32.42,2025-11-12T19:59:51Z
BGIN,3.51,2025-11-12T20:52:55Z
BGL,5.865,2025-11-12T20:48:20Z
BGLC,5.02,2025-11-12T20:55:14Z
BGM,9.365,2025-11-12T20:59:35Z
BGR,13.895,2025-11-12T20:59:32Z
BGRN,48.1,2025-11-12T20:27:43Z
BGS,4.67,2025-11-12T20:59:58Z
BGSF,3.98,2025-11-12T20:59:08Z
BGSI,160.105,2025-11-12T20:36:06Z
BGT,11.58,2025-11-12T20:46:08Z
BGX,11.86,2025-11-12T20:52:19Z
BGY,5.82,2025-11-12T20:46:08Z
BH,312,2025-11-12T19:53:43Z
BH.A,1530.1,2025-11-12T20:55:26Z
BHB,29.78,2025-11-12T20:41:39Z
BHC,6.925,2025-11-12T20:59:58Z
BHE,45.33,2025-11-12T20:59:46Z
BHF,65.815,2025-11-12T20:59:45Z
BHFAL,17.66,2025-11-12T20:00:30Z
BHFAM,11.8,2025-11-12T20:37:26Z
BHFAN,13.36,2025-11-12T20:05:20Z
BHFAO,16.99,2025-11-12T14:35:03Z
BHFAP,16.62,2025-11-12T19:58:48Z
BHK,9.735,2025-11-12T19:57:23Z
BHP,56.31,2025-11-12T20:59:55Z
BHR,2.765,2025-11-12T20:59:16Z
BHR-B,15.01,2025-11-12T17:58:08Z
BHRB,62.88,2025-11-12T18:58:10Z
BHST,7.745,2025-11-12T20:48:31Z
BHVN,7.965,2025-11-12T20:59:55Z
BIB,76.14,2025-11-12T20:10:14Z
BIDD,28.69,2025-11-12T19:40:10Z
BIDU,128.96,2025-11-12T20:59:53Z
BIGY,53.42,2025-11-12T20:44:56Z
BIIB,161.51,2025-11-12T20:59:55Z
BIL,91.555,2025-11-12T18:28:29Z
BILI,27.2,2025-11-12T20:59:56Z
BILL,51.925,2025-11-12T20:59:58Z
BILS,99.31,2025-11-12T14:35:11Z
BILZ,100.885,2025-11-12T20:59:46Z
BINC,53.19,2025-11-12T20:59:59Z
BINV,39.795,2025-11-12T15:32:12Z
BIO,327.19,2025-11-12T20:59:44Z
BIOA,8.01,2025-11-12T20:59:33Z
BIOX,1.87,2025-11-12T20:59:45Z
BIP,35.77,2025-11-12T20:59:50Z
BIP-A,17.13,2025-11-12T20:29:32Z
BIPC,45.51,2025-11-12T20:59:47Z
BIPI,17.52,2025-11-12T19:34:11Z
BIPJ,25.33,2025-11-12T19:47:40Z
BIRD,5.915,2025-11-12T20:10:51Z
BIRK,41.43,2025-11-12T20:59:57Z
BIS,10.07,2025-11-12T15:15:00Z
BIT,13.3,2025-11-12T20:59:39Z
BITB,55.19,2025-11-12T20:59:39Z
BITF,3.165,2025-11-12T20:59:54Z
BITI,20.37,2025-11-12T20:59:51Z
BITO,15.89,2025-11-12T20:59:55Z
BITQ,23.89,2025-11-12T20:25:25Z
BITU,39.805,2025-11-12T20:59:29Z
BITX,40.95,2025-11-12T20:59:21Z
BITY,48.1,2025-11-12T15:07:21Z
BIV,78.21,2025-11-12T20:59:50Z
BIVI,1.61,2025-11-12T20:50:41Z
BIYA,0.3235,2025-11-12T20:29:20Z
BIZD,14.295,2025-11-12T20:59:45Z
BJ,93.62,2025-11-12T20:59:55Z
BJAN,53.81,2025-11-12T19:12:28Z
BJDX,1.665,2025-11-12T17:50:31Z
BJK,42,2025-11-12T18:33:39Z
BJRI,36.78,2025-11-12T20:59:42Z
BK,112.61,2025-11-12T20:59:48Z
BK-K,25.9,2025-11-12T17:59:08Z
BKAG,42.645,2025-11-12T20:59:58Z
BKCH,86.13,2025-11-12T20:50:00Z
BKD,10.5,2025-11-12T20:59:55Z
BKDV,28.51,2025-11-12T20:56:03Z
BKE,56.45,2025-11-12T20:59:37Z
BKF,45.575,2025-11-12T18:07:06Z
BKGI,40.54,2025-11-12T16:43:05Z
BKH,72.16,2025-11-12T20:59:50Z
BKIE,91.94,2025-11-12T20:55:14Z
BKKT,21.6,2025-11-12T20:59:56Z
BKLC,131.145,2025-11-12T20:59:32Z
BKLN,20.97,2025-11-12T20:59:43Z
BKN,11.34,2025-11-12T20:28:01Z
BKNG,5179.66,2025-11-12T20:59:54Z
BKR,47.54,2025-11-12T20:59:58Z
BKSY,15.84,2025-11-12T20:59:39Z
BKT,11.2,2025-11-12T20:58:01Z
BKU,40.01,2025-11-12T20:59:52Z
BKUI,49.81,2025-11-12T16:59:48Z
BKV,26.53,2025-11-12T20:59:34Z
BKYI,0.9348,2025-11-12T20:59:50Z
BL,56.16,2025-11-12T20:59:45Z
BLBD,51.62,2025-11-12T20:59:40Z
BLBX,7.63,2025-11-12T20:06:34Z
BLCN,26.4,2025-11-12T15:59:09Z
BLCO,16.58,2025-11-12T20:59:11Z
BLD,439.65,2025-11-12T20:59:14Z
BLDP,3.43,2025-11-12T20:59:54Z
BLDR,106.43,2025-11-12T20:59:55Z
BLE,10.58,2025-11-12T16:36:07Z
BLES,43.185,2025-11-12T20:57:56Z
BLFS,25.94,2025-11-12T20:59:34Z
BLFY,8.17,2025-11-12T20:42:30Z
BLK,1094.45,2025-11-12T20:59:47Z
BLKB,59.55,2025-11-12T20:59:51Z
BLLN,101.34,2025-11-12T20:59:49Z
BLMN,6.495,2025-11-12T20:59:57Z
BLMZ,0.1508,2025-11-12T20:42:43Z
BLND,3.065,2025-11-12T20:59:58Z
BLNE,1.795,2025-11-12T20:59:55Z
BLNK,1.575,2025-11-12T20:59:23Z
BLOK,64.04,2025-11-12T20:38:37Z
BLOX,21.66,2025-11-12T20:58:09Z
BLRX,3.43,2025-11-12T20:43:47Z
BLSG,10.21,2025-11-12T20:54:26Z
BLSH,45.49,2025-11-12T20:59:55Z
BLSX,18.08,2025-11-12T15:03:53Z
BLTD,25.96,2025-11-12T20:59:47Z
BLTE,112.54,2025-11-12T15:10:13Z
BLUI,25.5,2025-11-12T18:02:06Z
BLV,71.02,2025-11-12T20:59:35Z
BLW,14.01,2025-11-12T20:57:57Z
BLX,45.025,2025-11-12T18:38:30Z
BLZE,5.45,2025-11-12T20:59:59Z
BLZRU,10.32,2025-11-12T19:15:23Z
BLZRW,0.6,2025-11-12T18:17:16Z
BMA,86.43,2025-11-12T20:59:47Z
BMBL,3.9,2025-11-12T20:59:57Z
BME,40.39,2025-11-12T20:57:20Z
BMEA,1.37,2025-11-12T20:59:54Z
BMED,29.33,2025-11-12T20:48:30Z
BMEZ,15.07,2025-11-12T20:59:42Z
BMGL,1.42,2025-11-12T18:53:31Z
BMI,185.915,2025-11-12T20:59:50Z
BML-H,20.03,2025-11-12T16:13:45Z
BML-J,20.95,2025-11-12T19:44:07Z
BML-L,19.9,2025-11-12T19:02:55Z
BMNR,40.555,2025-11-12T20:59:59Z
BMNU,13.95,2025-11-12T20:59:58Z
BMO,126.21,2025-11-12T20:59:44Z
BMR,2.1,2025-11-12T20:59:08Z
BMRA,2.535,2025-11-12T20:11:45Z
BMRC,26.05,2025-11-12T20:59:22Z
BMRN,55.325,2025-11-12T20:59:57Z
BMY,49.09,2025-11-12T20:59:59Z
BN,46.9,2025-11-12T20:59:57Z
BNAI,0.4059,2025-11-12T20:53:30Z
BNBX,3.355,2025-11-12T20:15:46Z
BNC,5.62,2025-11-12T20:59:37Z
BND,74.48,2025-11-12T20:59:52Z
BNDC,22.52,2025-11-12T20:55:13Z
BNDI,47.93,2025-11-12T14:51:03Z
BNDS,50.65,2025-11-12T14:31:03Z
BNDW,69.87,2025-11-12T20:59:47Z
BNDX,49.705,2025-11-12T20:59:46Z
BNED,7.76,2025-11-12T20:59:34Z
BNGO,1.6,2025-11-12T20:51:42Z
BNKK,0.1882,2025-11-12T20:55:34Z
BNKU,29.23,2025-11-12T20:58:08Z
BNL,18.12,2025-11-12T20:59:58Z
BNO,28.67,2025-11-12T20:59:44Z
BNOV,44.22,2025-11-12T20:58:59Z
BNR,12.21,2025-11-12T19:17:42Z
BNS,67.825,2025-11-12T20:59:58Z
BNT,46.93,2025-11-12T20:58:47Z
BNTC,13.4,2025-11-12T20:59:44Z
BNTX,111.64,2025-11-12T20:59:44Z
BNY,10.23,2025-11-12T20:52:46Z
BNZI,1.51,2025-11-12T20:10:15Z
BOAT,32.51,2025-11-12T17:04:10Z
BOC,12.44,2025-11-12T20:59:33Z
BODI,5.78,2025-11-12T20:59:27Z
BOE,11.56,2025-11-12T20:59:36Z
BOED,20.27,2025-11-12T15:30:47Z
BOEU,32.09,2025-11-12T19:57:43Z
BOF,3.08,2025-11-12T20:55:47Z
BOH,66.385,2025-11-12T20:59:45Z
BOIL,35.47,2025-11-12T20:59:56Z
BOKF,108.755,2025-11-12T20:59:04Z
BOND,93.69,2025-11-12T20:59:30Z
BOOM,6.29,2025-11-12T20:59:49Z
BOOT,178.705,2025-11-12T20:59:28Z
BORR,3.41,2025-11-12T20:59:58Z
BOSC,5.09,2025-11-12T20:58:06Z
BOTT,38.5,2025-11-12T15:48:11Z
BOTZ,36.16,2025-11-12T20:58:04Z
BOW,26.74,2025-11-12T20:58:55Z
BOX,31.96,2025-11-12T20:59:57Z
BOXL,1.1,2025-11-12T20:59:53Z
BOXX,114.34,2025-11-12T20:58:17Z
BP,36.86,2025-11-12T20:59:59Z
BPACU,10.05,2025-11-12T20:36:30Z
BPOP,116.54,2025-11-12T20:59:47Z
BPRN,33.01,2025-11-12T18:56:48Z
BPYPO,15.06,2025-11-12T19:56:16Z
BQ,2.19,2025-11-12T20:55:28Z
BR,223.395,2025-11-12T20:59:22Z
BRAG,2.07,2025-11-12T20:59:55Z
BRBI,15.47,2025-11-12T17:05:18Z
BRBR,27.625,2025-11-12T20:59:53Z
BRBS,4.34,2025-11-12T20:59:51Z
BRC,75.95,2025-11-12T20:59:07Z
BRCB,23.21,2025-11-12T20:59:49Z
BRCC,1.305,2025-11-12T20:58:54Z
BRHY,52.12,2025-11-12T16:50:06Z
BRIE,25.99,2025-11-12T19:39:40Z
BRK.B,502.48,2025-11-12T20:59:58Z
BRKR,42.485,2025-11-12T20:59:54Z
BRKRP,335.22,2025-11-12T20:47:24Z
BRKU,25.49,2025-11-12T18:37:08Z
BRKW,45.83,2025-11-12T16:25:18Z
BRLT,2.17,2025-11-12T20:55:34Z
BRO,80.205,2025-11-12T20:59:53Z
BROS,57.57,2025-11-12T20:59:47Z
BRR,10.16,2025-11-12T20:50:14Z
BRRR,28.67,2025-11-12T20:59:47Z
BRSL,16.63,2025-11-12T20:59:55Z
BRSP,5.42,2025-11-12T20:59:56Z
BRT,14.455,2025-11-12T20:58:35Z
BRTR,51.135,2025-11-12T18:39:25Z
BRW,7.21,2025-11-12T20:59:21Z
BRX,26.6,2025-11-12T20:59:55Z
BRY,3.41,2025-11-12T20:59:53Z
BRZE,29.39,2025-11-12T20:59:57Z
BSAC,30.5,2025-11-12T20:59:55Z
BSBK,8.4,2025-11-12T20:59:01Z
BSBR,6.315,2025-11-12T20:59:58Z
BSCP,20.715,2025-11-12T20:59:16Z
BSCQ,19.585,2025-11-12T20:55:30Z
BSCR,19.74,2025-11-12T20:59:47Z
BSCS,20.585,2025-11-12T20:58:45Z
BSCT,18.835,2025-11-12T20:59:24Z
BSCU,16.925,2025-11-12T20:59:43Z
BSCV,16.705,2025-11-12T20:59:58Z
BSCW,20.905,2025-11-12T20:59:45Z
BSCX,21.495,2025-11-12T20:58:57Z
BSCY,21.06,2025-11-12T20:55:21Z
BSET,14.56,2025-11-12T19:29:57Z
BSJQ,23.395,2025-11-12T20:59:57Z
BSJR,22.655,2025-11-12T20:59:34Z
BSJS,21.99,2025-11-12T19:58:13Z
BSJT,21.51,2025-11-12T20:59:46Z
BSJU,26.07,2025-11-12T16:06:12Z
BSJV,26.66,2025-11-12T14:45:57Z
BSL,13.86,2025-11-12T18:19:55Z
BSLK,2.28,2025-11-12T20:46:28Z
BSM,13.76,2025-11-12T20:59:49Z
BSMP,24.525,2025-11-12T20:59:59Z
BSMR,23.675,2025-11-12T20:40:10Z
BSMS,23.45,2025-11-12T20:59:46Z
BSMT,23.12,2025-11-12T20:57:58Z
BSOL,20.11,2025-11-12T20:42:19Z
BSRR,29.85,2025-11-12T17:48:14Z
BSSX,25.98,2025-11-12T15:20:37Z
BST,41.3,2025-11-12T16:28:40Z
BSTZ,22.68,2025-11-12T20:02:49Z
BSV,78.865,2025-11-12T20:59:46Z
BSVO,22.825,2025-11-12T20:59:45Z
BSX,104.115,2025-11-12T20:59:58Z
BSY,44.355,2025-11-12T20:59:51Z
BTA,9.55,2025-11-12T19:02:57Z
BTAI,1.705,2025-11-12T20:58:25Z
BTAL,14.97,2025-11-12T20:59:40Z
BTBD,1.7,2025-11-12T20:57:56Z
BTBT,2.83,2025-11-12T20:59:50Z
BTC,44.935,2025-11-12T20:59:55Z
BTCC,26.16,2025-11-12T19:21:59Z
BTCI,52.56,2025-11-12T20:59:55Z
BTCL,42.17,2025-11-12T17:01:07Z
BTCO,101.135,2025-11-12T20:59:45Z
BTCS,2.975,2025-11-12T20:59:47Z
BTCT,1.99,2025-11-12T20:40:37Z
BTCW,107.48,2025-11-12T20:57:59Z
BTCZ,3.37,2025-11-12T20:59:41Z
BTDR,13.88,2025-11-12T20:59:27Z
BTE,3.035,2025-11-12T20:59:56Z
BTF,14.71,2025-11-12T20:59:35Z
BTG,4.175,2025-11-12T20:59:54Z
BTGD,40.72,2025-11-12T20:48:04Z
BTI,55.82,2025-11-12T20:59:58Z
BTM,2.515,2025-11-12T20:59:49Z
BTMD,2.64,2025-11-12T20:59:32Z
BTMWW,0.2825,2025-11-12T17:08:59Z
BTO,33.57,2025-11-12T20:43:38Z
BTOC,0.6001,2025-11-12T15:22:36Z
BTOG,0.3048,2025-11-12T20:58:56Z
BTOP,31.75,2025-11-12T20:52:23Z
BTQ,6.75,2025-11-12T20:59:31Z
BTSG,33.645,2025-11-12T20:59:54Z
BTT,22.565,2025-11-12T20:58:04Z
BTTC,3.7,2025-11-12T20:49:55Z
BTU,30.405,2025-11-12T20:59:52Z
BTX,6.93,2025-11-12T20:54:37Z
BTZ,11.07,2025-11-12T20:59:33Z
BUCK,23.85,2025-11-12T20:48:44Z
BUD,64.545,2025-11-12T20:59:58Z
BUFD,27.915,2025-11-12T20:55:46Z
BUFF,49.31,2025-11-12T20:07:40Z
BUFG,27.24,2025-11-12T15:55:56Z
BUFP,29.74,2025-11-12T19:49:30Z
BUFQ,35.31,2025-11-12T20:56:28Z
BUFR,33.83,2025-11-12T20:59:53Z
BUFT,24.34,2025-11-12T20:07:40Z
BUFY,22,2025-11-12T17:49:05Z
BUFZ,26.17,2025-11-12T20:59:46Z
BUG,33.39,2025-11-12T20:59:48Z
BULG,5.38,2025-11-12T19:33:25Z
BULL,9.78,2025-11-12T20:59:56Z
BULZ,287.17,2025-11-12T20:54:53Z
BUR,8.98,2025-11-12T20:59:55Z
BURL,286.865,2025-11-12T20:59:50Z
BURU,0.2795,2025-11-12T20:59:50Z
BUSE,23.16,2025-11-12T20:59:46Z
BUSEP,25.75,2025-11-12T19:07:50Z
BUUU,8.21,2025-11-12T15:14:04Z
BUYW,14.245,2025-11-12T20:59:46Z
BUZZ,35.195,2025-11-12T20:59:45Z
BV,12.45,2025-11-12T20:59:56Z
BVFL,16.87,2025-11-12T20:59:25Z
BVN,23.51,2025-11-12T20:59:50Z
BVS,7.645,2025-11-12T20:59:50Z
BW,7.035,2025-11-12T20:59:54Z
BW-A,19.92,2025-11-12T19:41:23Z
BWA,46.025,2025-11-12T20:59:53Z
BWAY,15.9,2025-11-12T18:17:25Z
BWB,16.94,2025-11-12T20:59:38Z
BWEN,2.19,2025-11-12T20:57:17Z
BWET,20.33,2025-11-12T20:42:18Z
BWFG,45.425,2025-11-12T16:57:27Z
BWG,8.46,2025-11-12T19:28:10Z
BWIN,27.845,2025-11-12T20:59:51Z
BWLP,12.95,2025-11-12T20:59:52Z
BWMN,35.105,2025-11-12T20:56:05Z
BWMX,14.35,2025-11-12T15:03:34Z
BWX,22.66,2025-11-12T20:57:46Z
BWXT,196.68,2025-11-12T20:59:52Z
BWZ,27.19,2025-11-12T20:55:12Z
BX,144.38,2025-11-12T20:59:50Z
BXC,57.825,2025-11-12T20:59:45Z
BXMT,18.45,2025-11-12T20:59:56Z
BXMX,14.465,2025-11-12T17:23:38Z
BXP,71.73,2025-11-12T20:59:50Z
BXSL,26.77,2025-11-12T20:59:55Z
BY,27.48,2025-11-12T20:59:58Z
BYD,80.89,2025-11-12T20:59:46Z
BYLD,22.87,2025-11-12T20:51:17Z
BYM,11.05,2025-11-12T18:24:17Z
BYND,1.115,2025-11-12T20:59:43Z
BYRN,18,2025-11-12T20:59:52Z
BYSI,2.065,2025-11-12T14:30:00Z
BZ,21.325,2025-11-12T20:59:54Z
BZAI,2.615,2025-11-12T20:59:58Z
BZAIW,0.5808,2025-11-12T20:59:21Z
BZFD,1.04,2025-11-12T20:59:01Z
BZH,21.77,2025-11-12T20:59:40Z
BZQ,7.81,2025-11-12T20:34:33Z
BZUN,3.11,2025-11-12T20:41:31Z
C,102.87,2025-11-12T20:59:59Z
C-N,30.09,2025-11-12T20:20:00Z
CAAP,23.13,2025-11-12T20:51:18Z
CAAS,4.42,2025-11-12T20:59:50Z
CABA,2.44,2025-11-12T20:59:58Z
CABO,114.17,2025-11-12T20:59:18Z
CAC,39.25,2025-11-12T20:59:34Z
CACC,444.335,2025-11-12T20:59:48Z
CACI,587.95,2025-11-12T20:59:46Z
CADE,38.88,2025-11-12T20:59:59Z
CADL,4.905,2025-11-12T20:59:31Z
CAE,27.43,2025-11-12T20:59:53Z
CAEP,10.22,2025-11-12T20:09:49Z
CAF,16.51,2025-11-12T17:18:02Z
CAFG,25.98,2025-11-12T14:35:32Z
CAFX,25.07,2025-11-12T19:51:35Z
CAG,17.34,2025-11-12T20:59:59Z
CAH,204.3,2025-11-12T20:59:58Z
CAI,24.77,2025-11-12T20:59:59Z
CAIE,27.27,2025-11-12T20:59:59Z
CAKE,45.99,2025-11-12T20:59:48Z
CAL,11.29,2025-11-12T20:59:54Z
CALC,3.32,2025-11-12T20:30:45Z
CALF,44.04,2025-11-12T20:59:49Z
CALI,50.52,2025-11-12T20:59:25Z
CALM,90.95,2025-11-12T20:59:42Z
CALX,63.35,2025-11-12T20:59:46Z
CAM,25.16,2025-11-12T19:35:13Z
CAML,39.05,2025-11-12T19:56:24Z
CAMP,4.26,2025-11-12T19:37:47Z
CAMT,102.965,2025-11-12T20:59:57Z
CAN,1.085,2025-11-12T20:59:51Z
CANE,9.27,2025-11-12T15:37:15Z
CANG,3.31,2025-11-12T20:59:31Z
CAOS,90.35,2025-11-12T20:57:30Z
CAPE,31.92,2025-11-12T20:07:21Z
CAPR,5.88,2025-11-12T20:59:55Z
CAPS,1.04,2025-11-12T18:26:49Z
CAPT,0.856,2025-11-12T20:09:03Z
CAR,143.215,2025-11-12T20:59:14Z
CARE,17.6,2025-11-12T20:59:42Z
CARG,35.68,2025-11-12T20:59:50Z
CARL,12.25,2025-11-12T15:23:14Z
CARR,55.985,2025-11-12T20:59:56Z
CARS,11.63,2025-11-12T20:59:48Z
CART,39.395,2025-11-12T20:59:57Z
CARY,20.93,2025-11-12T20:59:00Z
CARZ,77.58,2025-11-12T18:40:27Z
CASH,69.42,2025-11-12T20:54:59Z
CASI,1.42,2025-11-12T20:07:42Z
CASS,41.755,2025-11-12T20:59:19Z
CASY,535.44,2025-11-12T20:58:46Z
CAT,573.12,2025-11-12T20:59:57Z
CATF,50.32,2025-11-12T15:56:18Z
CATH,82.72,2025-11-12T20:36:37Z
CATO,3.71,2025-11-12T20:57:06Z
CATX,2.135,2025-11-12T20:59:59Z
CATY,46.88,2025-11-12T20:59:45Z
CAVA,48.745,2025-11-12T20:59:54Z
CB,294.96,2025-11-12T20:59:59Z
CBAN,16.26,2025-11-12T20:59:17Z
CBIO,13.045,2025-11-12T20:54:34Z
CBL,32.77,2025-11-12T20:59:46Z
CBLL,12.78,2025-11-12T20:52:33Z
CBLS,27.54,2025-11-12T16:24:08Z
CBNA,30.98,2025-11-12T16:27:11Z
CBNK,27.99,2025-11-12T20:59:37Z
CBOA,26.59,2025-11-12T20:22:53Z
CBOE,261.185,2025-11-12T20:58:54Z
CBOJ,25.59,2025-11-12T16:47:38Z
CBRE,155.41,2025-11-12T20:59:59Z
CBRL,29.99,2025-11-12T20:59:49Z
CBSH,54.32,2025-11-12T20:59:40Z
CBT,61.56,2025-11-12T20:59:44Z
CBTA,30.79,2025-11-12T17:59:28Z
CBTJ,26.45,2025-11-12T14:52:22Z
CBTO,23,2025-11-12T19:07:10Z
CBTY,24.56,2025-11-12T14:47:24Z
CBU,57.41,2025-11-12T20:49:05Z
CBUS,1.35,2025-11-12T20:59:05Z
CBZ,52.06,2025-11-12T20:59:47Z
CC,12.605,2025-11-12T20:59:55Z
CCAP,14.23,2025-11-12T20:59:47Z
CCB,110.06,2025-11-12T20:50:20Z
CCBG,40.69,2025-11-12T20:39:49Z
CCC,7.47,2025-11-12T20:59:55Z
CCCC,2.48,2025-11-12T20:59:51Z
CCCX,17.11,2025-11-12T20:59:29Z
CCCXW,8.3,2025-11-12T20:56:46Z
CCD,21.71,2025-11-12T20:59:54Z
CCEC,19.675,2025-11-12T15:00:39Z
CCEF,28.92,2025-11-12T19:39:40Z
CCEP,93.265,2025-11-12T20:59:35Z
CCHH,5.48,2025-11-12T20:58:45Z
CCI,93.655,2025-11-12T20:59:55Z
CCID,25.2,2025-11-12T19:35:41Z
CCIF,5.22,2025-11-12T20:58:20Z
CCIX,10.675,2025-11-12T20:44:18Z
CCJ,92.55,2025-11-12T20:59:57Z
CCK,98.655,2025-11-12T20:59:53Z
CCL,27.12,2025-11-12T20:59:58Z
CCLD,3.2,2025-11-12T20:59:58Z
CCLDO,25.09,2025-11-12T17:59:49Z
CCM,4.85,2025-11-12T17:18:46Z
CCNE,25.07,2025-11-12T20:59:45Z
CCO,1.93,2025-11-12T20:59:59Z
CCOI,18.485,2025-11-12T20:59:51Z
CCOR,26,2025-11-12T16:16:43Z
CCRN,12.67,2025-11-12T20:59:53Z
CCS,60.23,2025-11-12T20:59:19Z
CCSI,24.55,2025-11-12T20:57:50Z
CCTG,0.3937,2025-11-12T20:59:45Z
CCU,13.135,2025-11-12T20:59:57Z
CCUP,5.66,2025-11-12T20:58:43Z
CDC,66.2,2025-11-12T20:59:29Z
CDE,15.62,2025-11-12T20:59:59Z
CDLR,18.88,2025-11-12T20:59:46Z
CDLX,1.5,2025-11-12T20:59:58Z
CDNA,16.29,2025-11-12T20:59:59Z
CDNS,315.54,2025-11-12T20:59:52Z
CDP,29.1,2025-11-12T20:59:48Z
CDRE,43.295,2025-11-12T20:59:46Z
CDRO,5.885,2025-11-12T20:59:24Z
CDT,2.5,2025-11-12T20:15:58Z
CDTX,107.13,2025-11-12T20:59:46Z
CDW,147.42,2025-11-12T20:59:59Z
CDX,22.74,2025-11-12T20:27:31Z
CDXS,1.925,2025-11-12T20:59:57Z
CDZI,4.6,2025-11-12T20:59:45Z
CE,39.12,2025-11-12T20:59:46Z
CECO,51.92,2025-11-12T20:59:38Z
CEF,40.19,2025-11-12T20:59:29Z
CEFD,19.32,2025-11-12T14:48:29Z
CEFS,22.885,2025-11-12T20:14:39Z
CEG,354.03,2025-11-12T20:59:55Z
CELC,85.18,2025-11-12T20:59:57Z
CELH,44.86,2025-11-12T20:59:56Z
CELT,12.2,2025-11-12T19:15:42Z
CELU,1.675,2025-11-12T19:42:23Z
CELZ,3,2025-11-12T20:57:41Z
CEMB,46.08,2025-11-12T18:11:22Z
CENN,0.1732,2025-11-12T20:59:39Z
CENT,31.72,2025-11-12T20:55:59Z
CENTA,28.655,2025-11-12T20:59:55Z
CENX,29.585,2025-11-12T20:59:52Z
CEP,16.12,2025-11-12T20:40:52Z
CEPF,10.46,2025-11-12T20:59:54Z
CEPI,38.045,2025-11-12T20:10:58Z
CEPO,10.38,2025-11-12T20:59:50Z
CEPT,11.215,2025-11-12T20:58:25Z
CEPU,14.97,2025-11-12T20:59:45Z
CEPV,10.28,2025-11-12T20:44:35Z
CERS,1.66,2025-11-12T20:59:52Z
CERT,8.28,2025-11-12T20:59:54Z
CERY,29.71,2025-11-12T20:40:03Z
CET,51.555,2025-11-12T20:24:07Z
CETX,4.75,2025-11-12T20:59:51Z
CETY,1.14,2025-11-12T19:42:00Z
CEV,10.47,2025-11-12T19:56:04Z
CEVA,27.3,2025-11-12T20:59:31Z
CF,84.73,2025-11-12T20:59:53Z
CFA,91.15,2025-11-12T17:54:33Z
CFBK,22.6,2025-11-12T20:54:24Z
CFFN,6.385,2025-11-12T20:59:45Z
CFG,52.68,2025-11-12T20:59:59Z
CFG-I,25.4,2025-11-12T16:04:04Z
CFLT,24.38,2025-11-12T20:59:58Z
CFO,73.795,2025-11-12T17:00:46Z
CFR,124.21,2025-11-12T20:59:44Z
CFR-B,18.59,2025-11-12T19:50:12Z
CG,55.08,2025-11-12T20:59:52Z
CGABL,18.05,2025-11-12T19:53:53Z
CGAU,12.44,2025-11-12T20:59:46Z
CGBD,12.14,2025-11-12T20:59:46Z
CGBL,35.035,2025-11-12T20:59:46Z
CGC,1.185,2025-11-12T20:59:41Z
CGCB,26.68,2025-11-12T20:59:59Z
CGCP,22.745,2025-11-12T20:59:55Z
CGCV,30.44,2025-11-12T20:59:51Z
CGDG,35.645,2025-11-12T20:59:31Z
CGDV,43.465,2025-11-12T20:59:53Z
CGEM,8.345,2025-11-12T20:59:50Z
CGEN,1.67,2025-11-12T20:59:53Z
CGGE,31.625,2025-11-12T20:58:00Z
CGGG,28.68,2025-11-12T16:32:21Z
CGGO,34.88,2025-11-12T20:59:29Z
CGGR,44.15,2025-11-12T20:59:48Z
CGHM,25.575,2025-11-12T20:16:24Z
CGIB,25.59,2025-11-12T15:44:18Z
CGIC,32.025,2025-11-12T20:59:45Z
CGIE,34.955,2025-11-12T20:55:56Z
CGMM,28.375,2025-11-12T20:57:45Z
CGMS,27.675,2025-11-12T20:59:46Z
CGMU,27.435,2025-11-12T20:55:15Z
CGNG,32.145,2025-11-12T20:59:46Z
CGNT,8.585,2025-11-12T20:59:51Z
CGNX,38.16,2025-11-12T20:59:53Z
CGO,11.81,2025-11-12T20:58:15Z
CGON,39.39,2025-11-12T20:59:52Z
CGSD,26,2025-11-12T20:59:46Z
CGSM,26.365,2025-11-12T20:57:29Z
CGTL,0.63,2025-11-12T16:04:42Z
CGTX,1.715,2025-11-12T20:58:32Z
CGUI,25.295,2025-11-12T20:58:03Z
CGUS,40.42,2025-11-12T20:59:41Z
CGW,64.7,2025-11-12T20:58:57Z
CGXU,30.725,2025-11-12T20:57:42Z
CHA,14.955,2025-11-12T20:58:42Z
CHAC,12.71,2025-11-12T20:49:26Z
CHACR,1.14,2025-11-12T20:51:37Z
CHAI,3.82,2025-11-12T18:31:02Z
CHAT,62.65,2025-11-12T20:58:44Z
CHAU,20.635,2025-11-12T20:56:59Z
CHCI,16.64,2025-11-12T15:23:36Z
CHCO,120.81,2025-11-12T20:59:44Z
CHCT,14.495,2025-11-12T20:59:11Z
CHD,85.39,2025-11-12T20:59:51Z
CHDN,99.655,2025-11-12T20:59:40Z
CHE,447.03,2025-11-12T20:59:25Z
CHEC,9.96,2025-11-12T19:04:04Z
CHEF,61.715,2025-11-12T20:59:56Z
CHEK,1.71,2025-11-12T19:52:25Z
CHGG,1.21,2025-11-12T20:59:59Z
CHH,97.675,2025-11-12T20:59:49Z
CHI,11.16,2025-11-12T20:28:39Z
CHIQ,23.05,2025-11-12T20:08:55Z
CHKP,202.34,2025-11-12T20:59:52Z
CHMI,2.37,2025-11-12T20:59:34Z
CHOW,8.98,2025-11-12T20:07:28Z
CHPGU,10.29,2025-11-12T16:03:57Z
CHPT,9.63,2025-11-12T20:59:00Z
CHPY,56.99,2025-11-12T16:25:20Z
CHR,0.0453,2025-11-12T20:57:17Z
CHRD,89.57,2025-11-12T20:59:55Z
CHRI,81.67,2025-11-12T16:03:13Z
CHRS,1.36,2025-11-12T20:59:58Z
CHRW,152.94,2025-11-12T20:59:53Z
CHSCM,24.97,2025-11-12T19:50:05Z
CHSCO,26.66,2025-11-12T15:09:37Z
CHT,42.79,2025-11-12T20:59:44Z
CHTR,212.97,2025-11-12T20:59:50Z
CHW,7.56,2025-11-12T20:36:03Z
CHWY,33,2025-11-12T20:59:58Z
CHY,11.68,2025-11-12T20:59:09Z
CHYM,20.215,2025-11-12T20:59:58Z
CI,270.795,2025-11-12T20:59:57Z
CIA,5.71,2025-11-12T20:57:36Z
CIB,64.03,2025-11-12T20:59:46Z
CIBR,76.03,2025-11-12T20:59:24Z
CIEN,209.55,2025-11-12T20:59:58Z
CIFR,17.38,2025-11-12T20:59:59Z
CIFRW,6.18,2025-11-12T20:48:55Z
CIG,2.265,2025-11-12T20:59:55Z
CIGI,151.925,2025-11-12T20:57:48Z
CIGL,2.33,2025-11-12T20:32:29Z
CII,24.18,2025-11-12T20:59:07Z
CIK,2.84,2025-11-12T20:21:19Z
CIM,12.11,2025-11-12T20:59:59Z
CIM-B,24.38,2025-11-12T20:35:18Z
CIMN,25.26,2025-11-12T15:17:48Z
CIMO,25.31,2025-11-12T20:31:33Z
CINF,166.9,2025-11-12T20:59:53Z
CING,3.74,2025-11-12T20:32:13Z
CINT,4.53,2025-11-12T20:59:08Z
CIO,6.925,2025-11-12T20:59:50Z
CION,9.94,2025-11-12T20:58:36Z
CISO,0.9848,2025-11-12T20:03:47Z
CISS,1.95,2025-11-12T17:15:41Z
CIVB,21.94,2025-11-12T20:59:42Z
CIVI,27.885,2025-11-12T20:59:50Z
CIX,22.24,2025-11-12T19:39:33Z
CJET,2.3,2025-11-12T20:57:56Z
CJMB,3.655,2025-11-12T16:23:40Z
CL,78.56,2025-11-12T20:59:58Z
CLAR,3.44,2025-11-12T20:56:45Z
CLB,15.44,2025-11-12T20:59:53Z
CLBK,15.24,2025-11-12T20:59:46Z
CLBT,16.015,2025-11-12T20:59:54Z
CLCG,27.28,2025-11-12T14:59:17Z
CLCO,9.84,2025-11-12T20:59:57Z
CLCV,26.2,2025-11-12T14:59:17Z
CLDI,1.5,2025-11-12T20:54:10Z
CLDT,6.87,2025-11-12T20:59:55Z
CLDT-A,19.84,2025-11-12T15:14:07Z
CLDX,24.2,2025-11-12T20:59:24Z
CLF,11.03,2025-11-12T20:59:58Z
CLFD,33.535,2025-11-12T20:56:17Z
CLGN,1.9,2025-11-12T20:50:09Z
CLH,207.625,2025-11-12T20:59:17Z
CLIP,100.2,2025-11-12T20:58:07Z
CLIR,0.8643,2025-11-12T15:00:53Z
CLIX,61.38,2025-11-12T18:41:41Z
CLLS,3.62,2025-11-12T20:51:25Z
CLM,8.355,2025-11-12T20:59:45Z
CLMB,107.33,2025-11-12T18:10:04Z
CLMT,18.93,2025-11-12T20:59:46Z
CLNE,2.25,2025-11-12T20:59:58Z
CLNN,9.705,2025-11-12T20:54:05Z
CLOA,51.81,2025-11-12T20:59:50Z
CLOI,52.905,2025-11-12T20:12:57Z
CLOU,23.88,2025-11-12T20:59:00Z
CLOV,2.52,2025-11-12T20:59:58Z
CLOZ,26.575,2025-11-12T18:27:21Z
CLPR,3.73,2025-11-12T18:48:06Z
CLPT,16.695,2025-11-12T20:59:49Z
CLRB,3.47,2025-11-12T20:41:28Z
CLRO,5.15,2025-11-12T15:44:59Z
CLS,334.51,2025-11-12T20:59:49Z
CLSD,3.81,2025-11-12T17:29:37Z
CLSE,27.15,2025-11-12T20:29:33Z
CLSK,13.335,2025-11-12T20:59:55Z
CLSKW,0.4825,2025-11-12T20:44:54Z
CLSM,23.59,2025-11-12T20:59:27Z
CLSX,33.15,2025-11-12T20:57:07Z
CLVT,3.465,2025-11-12T20:59:24Z
CLW,18.51,2025-11-12T19:32:59Z
CLX,104.7,2025-11-12T20:59:51Z
CLYM,1.92,2025-11-12T20:58:59Z
CM,87.05,2025-11-12T20:59:57Z
CMA,79.44,2025-11-12T20:59:54Z
CMBM,3.06,2025-11-12T20:59:40Z
CMBS,49.07,2025-11-12T20:57:43Z
CMBT,9.64,2025-11-12T20:59:52Z
CMC,61.35,2025-11-12T20:59:50Z
CMCL,29.2,2025-11-12T20:52:20Z
CMCO,15.8,2025-11-12T20:58:11Z
CMCSA,27.91,2025-11-12T20:59:59Z
CMCT,9.3,2025-11-12T20:59:40Z
CMDB,13.15,2025-11-12T20:59:46Z
CMDY,55.07,2025-11-12T19:15:04Z
CME,279.64,2025-11-12T20:59:53Z
CMF,57.525,2025-11-12T20:58:05Z
CMG,31.34,2025-11-12T20:59:59Z
CMI,479.33,2025-11-12T20:59:50Z
CMMB,2.64,2025-11-12T20:59:30Z
CMND,0.3104,2025-11-12T20:59:38Z
CMP,18.305,2025-11-12T20:59:59Z
CMPO,21.16,2025-11-12T20:59:55Z
CMPR,65.12,2025-11-12T20:59:30Z
CMPS,5.855,2025-11-12T20:59:45Z
CMPX,4.905,2025-11-12T20:59:54Z
CMRC,5.52,2025-11-12T20:59:52Z
CMRE,14.46,2025-11-12T20:59:49Z
CMRE-C,26.17,2025-11-12T15:09:31Z
CMS,74.97,2025-11-12T20:59:50Z
CMSC,24.075,2025-11-12T20:32:07Z
CMT,19.09,2025-11-12T20:56:03Z
CMTG,3.07,2025-11-12T20:59:50Z
CMTL,3.305,2025-11-12T20:59:28Z
CMU,3.505,2025-11-12T20:57:18Z
CNA,46.02,2025-11-12T20:59:40Z
CNC,36.21,2025-11-12T20:59:59Z
CNDT,1.92,2025-11-12T20:59:55Z
CNEQ,34.775,2025-11-12T20:57:49Z
CNH,10.36,2025-11-12T20:59:56Z
CNI,97.925,2025-11-12T20:59:31Z
CNK,30.01,2025-11-12T20:59:58Z
CNL,11,2025-11-12T20:58:47Z
CNM,49.095,2025-11-12T20:59:59Z
CNMD,43.57,2025-11-12T20:59:45Z
CNNE,15.99,2025-11-12T20:59:54Z
CNO,41.655,2025-11-12T20:59:49Z
CNOB,24.39,2025-11-12T20:59:48Z
CNOBP,24.19,2025-11-12T16:20:35Z
CNP,39.6,2025-11-12T20:59:59Z
CNQ,32.45,2025-11-12T20:59:59Z
CNQQ,23.71,2025-11-12T19:23:01Z
CNR,87.995,2025-11-12T20:59:46Z
CNRG,99.98,2025-11-12T20:59:22Z
CNS,66.3,2025-11-12T20:59:48Z
CNSP,6.6,2025-11-12T19:24:38Z
CNTA,26.69,2025-11-12T20:59:50Z
CNTB,1.59,2025-11-12T20:20:58Z
CNTX,1.19,2025-11-12T18:00:30Z
CNTY,1.7,2025-11-12T20:59:54Z
CNVS,2.7,2025-11-12T20:59:11Z
CNX,37.01,2025-11-12T20:59:59Z
CNXC,35.3,2025-11-12T20:59:24Z
CNXN,59.17,2025-11-12T20:59:46Z
CNXT,42.03,2025-11-12T16:03:09Z
COCH,0.7341,2025-11-12T20:04:44Z
COCO,43.15,2025-11-12T20:59:48Z
COCP,1.13,2025-11-12T14:30:27Z
CODA,8.725,2025-11-12T17:57:26Z
CODI,5.53,2025-11-12T20:59:55Z
CODI-A,14.8,2025-11-12T15:36:48Z
CODI-C,17.005,2025-11-12T19:35:56Z
CODX,0.3959,2025-11-12T20:52:02Z
COEP,14.54,2025-11-12T20:53:36Z
COF,222.18,2025-11-12T20:59:57Z
COF-J,19.09,2025-11-12T20:59:44Z
COFS,29.45,2025-11-12T20:55:09Z
COGT,35.255,2025-11-12T20:59:54Z
COHR,156.68,2025-11-12T20:59:56Z
COHU,23.03,2025-11-12T20:59:50Z
COII,20.61,2025-11-12T16:10:50Z
COIN,304.01,2025-11-12T20:59:55Z
COIW,31.44,2025-11-12T20:59:37Z
COKE,155.79,2025-11-12T20:59:57Z
COLA,10.38,2025-11-12T20:59:10Z
COLAR,0.47,2025-11-12T14:32:47Z
COLB,27.13,2025-11-12T20:59:57Z
COLD,11.04,2025-11-12T20:59:59Z
COLL,47.35,2025-11-12T20:59:40Z
COLM,53.04,2025-11-12T20:59:50Z
COMB,22.96,2025-11-12T20:59:47Z
COMM,17.74,2025-11-12T20:59:59Z
COMP,9.5,2025-11-12T20:59:56Z
COMT,26.915,2025-11-12T20:59:45Z
CON,19.97,2025-11-12T20:59:59Z
CONI,43.23,2025-11-12T20:21:42Z
CONL,28.19,2025-11-12T20:59:45Z
CONY,5.62,2025-11-12T20:59:54Z
COO,72.5,2025-11-12T20:59:58Z
COOK,0.9417,2025-11-12T19:32:02Z
COOT,1.29,2025-11-12T20:59:30Z
COP,89.075,2025-11-12T20:59:51Z
COPJ,36.3,2025-11-12T16:02:23Z
COPP,30.19,2025-11-12T18:05:33Z
COPX,63.31,2025-11-12T20:59:52Z
COPY,12.44,2025-11-12T20:59:46Z
COR,363.34,2025-11-12T20:59:56Z
CORD,40.92,2025-11-12T20:50:45Z
CORN,17.99,2025-11-12T17:00:04Z
CORP,98.44,2025-11-12T20:54:04Z
CORT,78.53,2025-11-12T20:59:58Z
CORZ,16.44,2025-11-12T20:59:56Z
CORZW,10.13,2025-11-12T20:59:45Z
COSO,21.415,2025-11-12T20:51:28Z
COST,913.92,2025-11-12T20:59:55Z
COTY,3.79,2025-11-12T20:59:56Z
COUR,8.515,2025-11-12T20:59:51Z
COWG,35.55,2025-11-12T20:59:53Z
COWS,32.53,2025-11-12T18:29:14Z
COWZ,59,2025-11-12T20:59:55Z
COYA,6.11,2025-11-12T20:59:00Z
COYY,12.08,2025-11-12T20:00:59Z
COZX,12.88,2025-11-12T17:22:59Z
CP,72.445,2025-11-12T20:59:53Z
CPA,127.26,2025-11-12T20:55:40Z
CPAC,7.35,2025-11-12T18:29:01Z
CPAY,286.75,2025-11-12T20:59:55Z
CPB,31.17,2025-11-12T20:59:59Z
CPER,31.45,2025-11-12T20:59:48Z
CPF,29.725,2025-11-12T20:39:37Z
CPIX,2.145,2025-11-12T20:59:53Z
CPK,134.86,2025-11-12T20:59:29Z
CPLS,35.865,2025-11-12T20:58:47Z
CPNG,28.83,2025-11-12T20:59:57Z
CPRI,22.1,2025-11-12T20:59:56Z
CPRO,26.81,2025-11-12T15:43:18Z
CPRT,41.28,2025-11-12T20:59:59Z
CPRX,22.785,2025-11-12T20:59:55Z
CPS,31.48,2025-11-12T20:59:45Z
CPSH,3.34,2025-11-12T20:41:37Z
CPSJ,26.69,2025-11-12T20:59:28Z
CPSS,8.07,2025-11-12T20:44:40Z
CPST,26.87,2025-11-12T20:07:47Z
CPT,102.725,2025-11-12T20:59:50Z
CPXR,22.44,2025-11-12T16:18:26Z
CPZ,15.165,2025-11-12T20:58:06Z
CQP,52.525,2025-11-12T20:58:07Z
CQQQ,54.91,2025-11-12T20:59:50Z
CR,191.19,2025-11-12T20:59:46Z
CRACU,10.1,2025-11-12T19:51:18Z
CRAK,40.93,2025-11-12T19:53:45Z
CRBD,24.845,2025-11-12T19:43:18Z
CRBG,30.39,2025-11-12T20:59:59Z
CRBP,11.145,2025-11-12T20:57:34Z
CRBU,2.27,2025-11-12T20:59:59Z
CRC,47.72,2025-11-12T20:59:53Z
CRCA,5.33,2025-11-12T20:59:46Z
CRCD,37.78,2025-11-12T20:21:33Z
CRCG,3.4,2025-11-12T20:59:50Z
CRCL,85.89,2025-11-12T20:59:59Z
CRCO,30.455,2025-11-12T17:00:40Z
CRCT,4.755,2025-11-12T20:59:58Z
CRD.A,11.38,2025-11-12T18:26:08Z
CRD.B,11.14,2025-11-12T14:30:31Z
CRDF,2.26,2025-11-12T20:59:59Z
CRDL,1.05,2025-11-12T20:51:35Z
CRDO,160.38,2025-11-12T20:59:59Z
CRDU,20.41,2025-11-12T16:41:30Z
CRE,0.478,2025-11-12T15:28:46Z
CRESY,11.77,2025-11-12T20:58:21Z
CREX,2.61,2025-11-12T20:59:43Z
CRF,8.08,2025-11-12T20:59:57Z
CRGO,4.01,2025-11-12T20:59:59Z
CRGY,9.11,2025-11-12T20:59:53Z
CRH,113.43,2025-11-12T20:59:48Z
CRI,33.24,2025-11-12T20:59:43Z
CRIS,1.21,2025-11-12T20:04:33Z
CRK,25.25,2025-11-12T20:59:54Z
CRL,171.55,2025-11-12T20:59:46Z
CRM,246.01,2025-11-12T20:59:58Z
CRMD,11.425,2025-11-12T20:59:55Z
CRMG,12.06,2025-11-12T16:42:42Z
CRML,9.72,2025-11-12T20:59:55Z
CRMLW,4.5,2025-11-12T17:52:16Z
CRMT,19.52,2025-11-12T20:59:24Z
CRNC,9.13,2025-11-12T20:59:56Z
CRNT,2.27,2025-11-12T20:59:56Z
CRNX,42.83,2025-11-12T20:59:45Z
CRON,2.55,2025-11-12T20:59:50Z
CROX,74.475,2025-11-12T20:59:58Z
CRS,331.99,2025-11-12T20:59:59Z
CRSH,2.935,2025-11-12T20:56:56Z
CRSP,52.23,2025-11-12T20:59:55Z
CRSR,6.56,2025-11-12T20:59:56Z
CRT,8.7,2025-11-12T20:23:16Z
CRTC,36.97,2025-11-12T20:15:20Z
CRTO,22.83,2025-11-12T20:59:54Z
CRUS,121.48,2025-11-12T20:59:36Z
CRVL,77.3,2025-11-12T20:59:56Z
CRVO,7.46,2025-11-12T20:55:43Z
CRVS,8.2,2025-11-12T20:59:55Z
CRWD,545.79,2025-11-12T20:59:53Z
CRWG,4.7,2025-11-12T20:59:50Z
CRWL,43.57,2025-11-12T20:54:10Z
CRWS,2.75,2025-11-12T20:59:26Z
CRWU,8.73,2025-11-12T20:59:59Z
CRWV,85.41,2025-11-12T20:59:57Z
CSAI,1.445,2025-11-12T20:59:00Z
CSAN,5.19,2025-11-12T20:59:56Z
CSCL,28.03,2025-11-12T20:48:59Z
CSCO,73.975,2025-11-12T20:59:58Z
CSGP,69.04,2025-11-12T20:59:46Z
CSGS,78.475,2025-11-12T20:59:32Z
CSHI,49.82,2025-11-12T20:19:54Z
CSIQ,28.44,2025-11-12T20:59:51Z
CSL,320.54,2025-11-12T20:59:55Z
CSM,78.93,2025-11-12T18:14:00Z
CSMD,33.09,2025-11-12T16:57:12Z
CSNR,30.115,2025-11-12T20:54:11Z
CSPF,26.025,2025-11-12T15:36:25Z
CSQ,19.19,2025-11-12T20:59:17Z
CSR,66.99,2025-11-12T20:55:34Z
CSTE,0.995,2025-11-12T20:59:49Z
CSTL,34.85,2025-11-12T20:59:51Z
CSTM,16.04,2025-11-12T20:59:49Z
CSV,41.44,2025-11-12T20:49:43Z
CSW,244.7,2025-11-12T20:59:49Z
CSWC,20.965,2025-11-12T20:59:05Z
CSX,35.385,2025-11-12T20:59:59Z
CTA,27.41,2025-11-12T20:59:59Z
CTA-B,68.56,2025-11-12T14:38:52Z
CTAS,185.3,2025-11-12T20:59:59Z
CTBB,20.02,2025-11-12T19:25:16Z
CTBI,54.29,2025-11-12T20:58:17Z
CTDD,20.3,2025-11-12T18:59:46Z
CTEC,59.57,2025-11-12T17:07:33Z
CTEV,58.98,2025-11-12T20:30:14Z
CTGO,23.985,2025-11-12T20:54:22Z
CTKB,4.835,2025-11-12T20:59:59Z
CTLP,10.575,2025-11-12T20:59:57Z
CTM,1.11,2025-11-12T20:59:54Z
CTMX,4.245,2025-11-12T20:59:49Z
CTNM,11.42,2025-11-12T20:59:59Z
CTNT,1.36,2025-11-12T20:56:13Z
CTO,17.42,2025-11-12T20:59:35Z
CTO-A,20.87,2025-11-12T19:51:01Z
CTOR,1.365,2025-11-12T20:51:30Z
CTOS,5.99,2025-11-12T20:59:58Z
CTRA,26.14,2025-11-12T20:59:59Z
CTRE,36.22,2025-11-12T20:59:58Z
CTRI,22.085,2025-11-12T20:59:43Z
CTRN,40.5,2025-11-12T20:59:50Z
CTS,42.34,2025-11-12T20:58:34Z
CTSH,74.215,2025-11-12T20:59:59Z
CTSO,0.6241,2025-11-12T20:39:06Z
CTVA,66.465,2025-11-12T20:59:52Z
CTW,2.48,2025-11-12T20:24:22Z
CTXR,1.075,2025-11-12T20:50:38Z
CUBE,36.885,2025-11-12T20:59:57Z
CUBI,67.35,2025-11-12T20:59:43Z
CUE,0.6523,2025-11-12T18:30:46Z
CUK,24.655,2025-11-12T20:59:45Z
CULP,3.91,2025-11-12T20:50:08Z
CUPR,0.7661,2025-11-12T20:10:47Z
CURB,23.22,2025-11-12T20:59:52Z
CURE,108.55,2025-11-12T18:09:52Z
CURI,3.76,2025-11-12T20:59:50Z
CURR,3.39,2025-11-12T20:59:54Z
CURV,1.16,2025-11-12T20:57:45Z
CURX,0.5828,2025-11-12T20:37:21Z
CUZ,26.145,2025-11-12T20:59:48Z
CV,5.54,2025-11-12T20:50:05Z
CVAC,5.34,2025-11-12T20:59:54Z
CVBF,18.715,2025-11-12T20:59:52Z
CVCO,562.655,2025-11-12T20:59:09Z
CVE,18.14,2025-11-12T20:59:58Z
CVEO,22.08,2025-11-12T20:58:35Z
CVGI,1.535,2025-11-12T19:08:50Z
CVGW,22.08,2025-11-12T20:59:55Z
CVI,36.73,2025-11-12T20:59:54Z
CVIE,70.84,2025-11-12T18:09:37Z
CVKD,12.1,2025-11-12T18:53:18Z
CVLC,84.51,2025-11-12T16:30:44Z
CVLG,19.65,2025-11-12T20:59:39Z
CVLT,127.68,2025-11-12T20:59:28Z
CVM,6.76,2025-11-12T20:50:25Z
CVNA,328.23,2025-11-12T20:59:56Z
CVNY,33.81,2025-11-12T17:42:58Z
CVRX,9.53,2025-11-12T20:59:33Z
CVS,80.27,2025-11-12T20:59:55Z
CVSB,50.695,2025-11-12T20:59:45Z
CVU,2.11,2025-11-12T20:59:18Z
CVV,3.19,2025-11-12T20:58:53Z
CVX,153.3,2025-11-12T20:59:54Z
CVY,26.745,2025-11-12T16:00:33Z
CW,577.375,2025-11-12T20:59:19Z
CWAN,19.82,2025-11-12T20:59:58Z
CWB,91.44,2025-11-12T20:59:46Z
CWBC,21.65,2025-11-12T20:56:32Z
CWCO,36.88,2025-11-12T20:59:29Z
CWD,3.01,2025-11-12T20:58:40Z
CWEB,49.405,2025-11-12T20:58:55Z
CWEN,35.72,2025-11-12T20:59:52Z
CWEN.A,33.74,2025-11-12T20:59:43Z
CWH,11.27,2025-11-12T20:59:52Z
CWI,36.135,2025-11-12T20:59:42Z
CWK,15.92,2025-11-12T20:59:57Z
CWST,87.43,2025-11-12T20:59:45Z
CWT,45.51,2025-11-12T20:59:46Z
CWVX,7.19,2025-11-12T20:59:32Z
CX,10.35,2025-11-12T20:59:56Z
CXAI,0.5713,2025-11-12T20:50:05Z
CXDO,7.37,2025-11-12T20:59:31Z
CXE,3.79,2025-11-12T20:56:49Z
CXM,7.5,2025-11-12T20:59:55Z
CXSE,42.01,2025-11-12T16:42:32Z
CXT,61.7,2025-11-12T20:59:22Z
CXW,17.08,2025-11-12T20:59:50Z
CYBN,6.435,2025-11-12T20:59:56Z
CYBR,499.155,2025-11-12T20:59:27Z
CYCN,1.415,2025-11-12T20:56:56Z
CYCU,3.205,2025-11-12T20:50:53Z
CYD,38.41,2025-11-12T20:59:51Z
CYH,3.41,2025-11-12T20:59:56Z
CYN,3.83,2025-11-12T20:57:35Z
CYRX,8.84,2025-11-12T20:59:49Z
CYTK,66.04,2025-11-12T20:59:43Z
CZNC,19.41,2025-11-12T20:58:31Z
CZR,19.755,2025-11-12T20:59:56Z
CZWI,16.54,2025-11-12T20:55:01Z
D,61.37,2025-11-12T20:59:59Z
DAC,95.175,2025-11-12T20:59:01Z
DAIC,2.58,2025-11-12T20:59:44Z
DAIO,2.82,2025-11-12T20:53:53Z
DAKT,19.165,2025-11-12T20:59:41Z
DAL,60.465,2025-11-12T20:59:53Z
DAN,21.75,2025-11-12T20:59:54Z
DAO,10.47,2025-11-12T20:37:46Z
DAPP,19.985,2025-11-12T20:59:55Z
DAPR,38.88,2025-11-12T19:07:15Z
DAR,34.55,2025-11-12T20:59:46Z
DARE,1.98,2025-11-12T20:59:35Z
DASH,196.375,2025-11-12T20:59:59Z
DAVA,7.345,2025-11-12T20:59:53Z
DAVE,240.89,2025-11-12T20:58:51Z
DAVEW,1.26,2025-11-12T16:48:18Z
DAWN,10.34,2025-11-12T20:59:58Z
DAX,44.97,2025-11-12T19:50:31Z
DAY,68.99,2025-11-12T20:59:59Z
DB,38.64,2025-11-12T20:59:56Z
DBA,26.395,2025-11-12T20:58:07Z
DBAW,41.82,2025-11-12T16:33:09Z
DBB,21.78,2025-11-12T19:06:41Z
DBC,23.03,2025-11-12T20:59:57Z
DBD,65.185,2025-11-12T20:57:50Z
DBE,19.14,2025-11-12T20:59:45Z
DBEF,49.01,2025-11-12T20:56:54Z
DBEU,48.375,2025-11-12T20:57:42Z
DBEZ,55.47,2025-11-12T19:07:20Z
DBGI,7.97,2025-11-12T20:40:15Z
DBI,4.04,2025-11-12T20:59:53Z
DBL,15.45,2025-11-12T18:26:19Z
DBMF,28.91,2025-11-12T20:55:54Z
DBND,46.5,2025-11-12T14:47:55Z
DBO,12.725,2025-11-12T20:59:45Z
DBP,97.505,2025-11-12T18:58:15Z
DBRG,10.3,2025-11-12T20:59:59Z
DBRG-I,21.68,2025-11-12T19:17:38Z
DBRG-J,21.38,2025-11-12T15:10:31Z
DBVT,13.76,2025-11-12T20:57:46Z
DBX,30.83,2025-11-12T20:59:53Z
DC,4.39,2025-11-12T20:59:49Z
DC+,2.39,2025-11-12T19:50:59Z
DCBO,23.56,2025-11-12T20:59:05Z
DCGO,1.085,2025-11-12T20:59:58Z
DCI,88.21,2025-11-12T20:59:45Z
DCO,97.255,2025-11-12T20:50:05Z
DCOM,27.23,2025-11-12T20:59:46Z
DCOR,73.28,2025-11-12T17:12:34Z
DCRE,52.08,2025-11-12T20:40:21Z
DCTH,8.595,2025-11-12T20:59:39Z
DD,40.81,2025-11-12T20:59:58Z
DDC,5.755,2025-11-12T20:57:54Z
DDD,2.33,2025-11-12T20:59:55Z
DDFN,19.05,2025-11-12T18:02:32Z
DDFO,21.37,2025-11-12T20:51:24Z
DDI,9.31,2025-11-12T20:58:22Z
DDL,1.72,2025-11-12T20:59:24Z
DDLS,41.86,2025-11-12T17:13:26Z
DDM,115.59,2025-11-12T20:54:44Z
DDOG,190.865,2025-11-12T20:59:55Z
DDS,609.2,2025-11-12T20:54:25Z
DDTN,19.05,2025-11-12T15:04:00Z
DDTO,21.38,2025-11-12T20:15:25Z
DDTS,21.07,2025-11-12T20:07:36Z
DDWM,42.97,2025-11-12T20:59:45Z
DDX,24.38,2025-11-12T17:26:45Z
DE,480.56,2025-11-12T20:59:59Z
DEA,21.4,2025-11-12T20:59:56Z
DEC,14.715,2025-11-12T20:59:45Z
DECK,84.37,2025-11-12T20:59:52Z
DECP,29.98,2025-11-12T20:07:36Z
DECU,27.37,2025-11-12T20:08:02Z
DECW,33.51,2025-11-12T17:33:15Z
DEEF,35.105,2025-11-12T18:43:27Z
DEFT,1.605,2025-11-12T20:59:57Z
DEHP,32.23,2025-11-12T16:52:02Z
DEI,11.95,2025-11-12T20:59:58Z
DELL,140.73,2025-11-12T20:59:56Z
DEM,47.19,2025-11-12T20:48:26Z
DENN,6.16,2025-11-12T20:59:52Z
DEO,96.94,2025-11-12T20:59:55Z
DERM,9.075,2025-11-12T20:59:45Z
DES,33.25,2025-11-12T20:50:14Z
DEUS,58.38,2025-11-12T19:59:38Z
DEVS,1.92,2025-11-12T19:50:49Z
DFAC,39.29,2025-11-12T20:59:46Z
DFAE,32.8,2025-11-12T20:56:38Z
DFAI,37.505,2025-11-12T20:59:30Z
DFAR,23.665,2025-11-12T20:54:57Z
DFAS,68.535,2025-11-12T20:59:50Z
DFAT,57.81,2025-11-12T20:59:54Z
DFAU,46.76,2025-11-12T20:59:32Z
DFAW,73.32,2025-11-12T17:03:11Z
DFAX,32.335,2025-11-12T20:59:58Z
DFCA,50.2,2025-11-12T14:46:39Z
DFCF,42.925,2025-11-12T20:56:43Z
DFDV,8.34,2025-11-12T20:59:52Z
DFDVW,3.33,2025-11-12T20:17:07Z
DFEB,47.01,2025-11-12T19:15:05Z
DFEM,33.34,2025-11-12T20:59:59Z
DFEN,67.72,2025-11-12T20:55:00Z
DFEV,33.85,2025-11-12T20:59:02Z
DFGP,55.345,2025-11-12T20:56:06Z
DFGR,27.315,2025-11-12T20:55:03Z
DFGX,54.47,2025-11-12T20:59:48Z
DFH,19.55,2025-11-12T20:59:48Z
DFIC,33.72,2025-11-12T20:59:48Z
DFII,21.12,2025-11-12T14:35:09Z
DFIN,46.64,2025-11-12T20:59:07Z
DFIP,42.24,2025-11-12T20:59:45Z
DFIS,31.765,2025-11-12T20:59:38Z
DFIV,48.245,2025-11-12T20:59:44Z
DFLI,0.8747,2025-11-12T20:59:06Z
DFLV,33.56,2025-11-12T20:59:42Z
DFNM,48.295,2025-11-12T20:55:11Z
DFP,21.62,2025-11-12T20:34:26Z
DFSC,3.27,2025-11-12T20:58:42Z
DFSD,48.285,2025-11-12T20:50:00Z
DFSI,41.99,2025-11-12T20:14:18Z
DFSU,43.29,2025-11-12T20:53:31Z
DFSV,31.82,2025-11-12T20:59:35Z
DFUS,74.22,2025-11-12T20:59:52Z
DFUV,45.7,2025-11-12T20:59:53Z
DG,104.21,2025-11-12T20:59:52Z
DGCB,55.23,2025-11-12T18:25:05Z
DGICA,19.77,2025-11-12T20:59:42Z
DGII,36.01,2025-11-12T20:59:44Z
DGLY,1.44,2025-11-12T18:23:55Z
DGNX,13.985,2025-11-12T20:34:18Z
DGRE,30.52,2025-11-12T20:59:58Z
DGRO,69.17,2025-11-12T20:59:45Z
DGRS,49.11,2025-11-12T18:34:40Z
DGRW,89.625,2025-11-12T20:59:43Z
DGS,57.48,2025-11-12T20:50:24Z
DGT,167.365,2025-11-12T20:25:49Z
DGX,186.84,2025-11-12T20:59:49Z
DGXX,4.105,2025-11-12T20:59:53Z
DH,2.715,2025-11-12T20:59:55Z
DHC,4.58,2025-11-12T20:59:59Z
DHCNI,16.665,2025-11-12T15:42:28Z
DHDG,33.69,2025-11-12T20:07:36Z
DHF,2.545,2025-11-12T20:17:36Z
DHI,146.01,2025-11-12T20:59:56Z
DHIL,133.15,2025-11-12T20:17:12Z
DHR,219.52,2025-11-12T20:59:49Z
DHT,13.585,2025-11-12T20:59:57Z
DHX,1.78,2025-11-12T20:58:20Z
DHY,2.06,2025-11-12T20:59:03Z
DIA,482.775,2025-11-12T20:59:59Z
DIAL,18.38,2025-11-12T16:02:13Z
DIAX,15.05,2025-11-12T20:59:37Z
DIBS,4.915,2025-11-12T20:54:01Z
DIG,37.18,2025-11-12T17:52:13Z
DIHP,31.44,2025-11-12T20:59:50Z
DIM,78.8,2025-11-12T16:39:35Z
DIME,17.77,2025-11-12T15:31:07Z
DIN,25.46,2025-11-12T20:59:57Z
DINO,54.345,2025-11-12T20:59:52Z
DINT,28.64,2025-11-12T19:13:25Z
DIOD,46.77,2025-11-12T20:59:55Z
DIPS,5.29,2025-11-12T20:21:49Z
DIS,116.67,2025-11-12T20:59:56Z
DISO,12.915,2025-11-12T19:03:27Z
DISV,36.21,2025-11-12T20:50:13Z
DIV,17.48,2025-11-12T20:59:42Z
DIVB,52.67,2025-11-12T20:51:04Z
DIVI,38.77,2025-11-12T20:48:35Z
DIVO,45.65,2025-11-12T20:59:52Z
DIVP,24.98,2025-11-12T16:29:43Z
DJCO,388.42,2025-11-12T20:56:37Z
DJD,57.24,2025-11-12T15:15:00Z
DJIA,22.3,2025-11-12T20:40:14Z
DJP,37.59,2025-11-12T20:59:46Z
DJT,12.63,2025-11-12T20:59:55Z
DJTU,4.36,2025-11-12T19:32:22Z
DJTWW,6.01,2025-11-12T20:59:32Z
DK,40.86,2025-11-12T20:59:56Z
DKI,0.48,2025-11-12T17:03:57Z
DKL,45.085,2025-11-12T18:18:24Z
DKNG,31.525,2025-11-12T20:59:59Z
DKNX,8.38,2025-11-12T20:59:50Z
DKS,222.91,2025-11-12T20:59:58Z
DKUP,10.76,2025-11-12T15:00:23Z
DLAG,30.96,2025-11-12T20:14:15Z
DLB,66.94,2025-11-12T20:59:47Z
DLHC,5.9,2025-11-12T17:23:16Z
DLLL,30.4,2025-11-12T15:39:17Z
DLN,88.09,2025-11-12T20:55:06Z
DLO,14.84,2025-11-12T20:59:51Z
DLPN,1.7,2025-11-12T19:05:37Z
DLR,163.92,2025-11-12T20:59:50Z
DLR-K,24.31,2025-11-12T19:47:59Z
DLR-L,22.05,2025-11-12T20:52:02Z
DLS,78.78,2025-11-12T20:49:13Z
DLTH,3.08,2025-11-12T20:02:40Z
DLTR,106.23,2025-11-12T20:59:45Z
DLX,20.75,2025-11-12T20:59:37Z
DLY,14.77,2025-11-12T20:56:09Z
DMA,8.85,2025-11-12T19:34:13Z
DMAC,6.295,2025-11-12T20:59:55Z
DMAT,24.45,2025-11-12T16:28:07Z
DMAX,26.66,2025-11-12T17:08:17Z
DMB,10.855,2025-11-12T20:04:35Z
DMBS,49.825,2025-11-12T20:54:52Z
DMLP,23.655,2025-11-12T20:49:51Z
DMRC,8.28,2025-11-12T20:43:40Z
DMX,50.49,2025-11-12T17:08:39Z
DMXF,77.56,2025-11-12T19:57:14Z
DNA,8.35,2025-11-12T20:59:48Z
DNL,41.5,2025-11-12T20:59:59Z
DNLI,17.52,2025-11-12T20:59:55Z
DNN,2.585,2025-11-12T20:57:45Z
DNOV,47.63,2025-11-12T19:37:35Z
DNOW,12.97,2025-11-12T20:59:59Z
DNP,10.15,2025-11-12T20:54:43Z
DNTH,38.74,2025-11-12T20:59:34Z
DNUT,4.02,2025-11-12T20:59:58Z
DOC,17.64,2025-11-12T20:59:58Z
DOCN,48.37,2025-11-12T20:59:32Z
DOCS,50.97,2025-11-12T20:59:57Z
DOCT,43.945,2025-11-12T17:31:26Z
DOCU,69.34,2025-11-12T20:59:59Z
DOG,23.53,2025-11-12T20:59:31Z
DOGG,20.8,2025-11-12T15:33:53Z
DOGZ,11.58,2025-11-12T17:12:19Z
DOJE,15.72,2025-11-12T19:32:25Z
DOLE,13.76,2025-11-12T20:59:55Z
DOMH,5.4,2025-11-12T20:59:55Z
DOMO,13.39,2025-11-12T20:59:58Z
DON,51.41,2025-11-12T20:59:27Z
DOOO,64.78,2025-11-12T20:59:42Z
DORM,138.2,2025-11-12T20:58:50Z
DOUG,2.62,2025-11-12T20:59:56Z
DOV,183.57,2025-11-12T20:59:53Z
DOW,22.185,2025-11-12T20:59:59Z
DOX,77.36,2025-11-12T20:59:57Z
DPG,13.215,2025-11-12T20:56:15Z
DPRO,7.805,2025-11-12T20:59:24Z
DPST,87.85,2025-11-12T20:59:13Z
DPZ,403.74,2025-11-12T20:59:40Z
DQ,32.105,2025-11-12T20:59:48Z
DRAY,31.77,2025-11-12T16:12:15Z
DRCT,0.1974,2025-11-12T20:57:59Z
DRD,28.65,2025-11-12T20:59:53Z
DRH,9.105,2025-11-12T20:59:59Z
DRI,175.71,2025-11-12T20:59:53Z
DRIO,12.74,2025-11-12T14:31:12Z
DRIP,8.455,2025-11-12T20:58:00Z
DRIV,30.13,2025-11-12T15:21:28Z
DRKY,21.68,2025-11-12T17:24:52Z
DRLL,29.19,2025-11-12T20:10:19Z
DRMA,3.12,2025-11-12T20:28:42Z
DRN,9.1,2025-11-12T20:58:31Z
DRS,35.43,2025-11-12T20:59:59Z
DRSK,29.48,2025-11-12T20:56:43Z
DRTS,3.97,2025-11-12T20:58:16Z
DRUG,60.855,2025-11-12T20:03:34Z
DRV,25.13,2025-11-12T20:58:45Z
DRVN,14.04,2025-11-12T20:59:58Z
DSEP,44.61,2025-11-12T20:31:50Z
DSGN,7.59,2025-11-12T20:58:35Z
DSGR,27.23,2025-11-12T20:51:38Z
DSGX,84.25,2025-11-12T20:59:41Z
DSI,129.22,2025-11-12T20:59:52Z
DSL,11.58,2025-11-12T20:59:43Z
DSM,5.99,2025-11-12T20:59:28Z
DSP,10.875,2025-11-12T20:59:49Z
DSS,1.18,2025-11-12T19:50:21Z
DSTL,57.72,2025-11-12T20:09:22Z
DSU,10.34,2025-11-12T20:48:46Z
DSWL,3.6,2025-11-12T14:56:50Z
DSX,1.78,2025-11-12T20:58:57Z
DSY,0.556,2025-11-12T16:51:20Z
DT,46.49,2025-11-12T20:59:50Z
DTCK,1.435,2025-11-12T20:59:49Z
DTCR,21.7,2025-11-12T20:15:21Z
DTD,84.77,2025-11-12T20:56:46Z
DTE,140.27,2025-11-12T20:59:51Z
DTG,18.2,2025-11-12T20:06:45Z
DTH,50.49,2025-11-12T19:24:44Z
DTI,2.31,2025-11-12T16:26:19Z
DTIL,6,2025-11-12T20:44:29Z
DTK,25.135,2025-11-12T20:39:48Z
DTM,115.36,2025-11-12T20:59:49Z
DTSS,1.78,2025-11-12T20:49:47Z
DTST,4.09,2025-11-12T18:00:33Z
DUBS,37.725,2025-11-12T18:16:36Z
DUG,32.61,2025-11-12T20:26:06Z
DUHP,38.125,2025-11-12T20:59:32Z
DUK,123.92,2025-11-12T20:59:51Z
DUKB,25.09,2025-11-12T20:53:17Z
DUKZ,25.58,2025-11-12T18:46:09Z
DULL,1.845,2025-11-12T20:52:34Z
DUOL,186.52,2025-11-12T20:59:55Z
DUOT,8.89,2025-11-12T20:59:15Z
DUSB,50.845,2025-11-12T19:30:01Z
DUSL,74.66,2025-11-12T20:07:40Z
DUST,9.33,2025-11-12T20:59:46Z
DV,10.5,2025-11-12T20:59:54Z
DVA,123.55,2025-11-12T20:59:59Z
DVAX,11.27,2025-11-12T20:59:57Z
DVLT,1.62,2025-11-12T20:59:47Z
DVLU,34.61,2025-11-12T18:02:29Z
DVN,35.215,2025-11-12T20:59:57Z
DVOL,35.43,2025-11-12T20:29:43Z
DVS,4.43,2025-11-12T20:59:53Z
DVY,142.1,2025-11-12T20:59:58Z
DVYA,44.49,2025-11-12T20:57:43Z
DVYE,31.78,2025-11-12T20:59:27Z
DWAS,92.61,2025-11-12T16:11:32Z
DWLD,46.16,2025-11-12T17:59:40Z
DWM,67.79,2025-11-12T15:13:52Z
DWSH,7.09,2025-11-12T19:58:36Z
DX,13.73,2025-11-12T20:59:58Z
DXC,13.75,2025-11-12T20:59:54Z
DXCM,59.595,2025-11-12T20:59:54Z
DXD,20.475,2025-11-12T20:59:45Z
DXF,2.72,2025-11-12T20:45:28Z
DXJ,138.74,2025-11-12T20:59:20Z
DXLG,0.98,2025-11-12T20:59:01Z
DXPE,100.005,2025-11-12T20:53:47Z
DXST,1.8,2025-11-12T20:59:34Z
DXYZ,23.725,2025-11-12T20:39:15Z
DY,295.34,2025-11-12T20:59:53Z
DYAI,0.966,2025-11-12T20:36:04Z
DYLD,22.715,2025-11-12T17:41:14Z
DYN,18.62,2025-11-12T20:59:40Z
DYNF,61.01,2025-11-12T20:59:49Z
DZZ,3.355,2025-11-12T20:56:56Z
E,38.06,2025-11-12T20:48:15Z
EA,202.045,2025-11-12T20:59:48Z
EAD,6.915,2025-11-12T20:57:33Z
EAF,14.46,2025-11-12T20:59:56Z
EAGG,48.1,2025-11-12T20:54:12Z
EAGL,31.765,2025-11-12T20:56:01Z
EALT,35.22,2025-11-12T20:58:00Z
EAPR,29.38,2025-11-12T17:29:46Z
EARN,5.28,2025-11-12T20:59:18Z
EASY,25.72,2025-11-12T20:54:30Z
EAT,113.72,2025-11-12T20:59:49Z
EATZ,25.31,2025-11-12T20:09:43Z
EB,2.87,2025-11-12T20:59:22Z
EBAY,87.77,2025-11-12T20:59:51Z
EBC,17.72,2025-11-12T20:59:58Z
EBF,16.88,2025-11-12T20:59:29Z
EBIZ,33.68,2025-11-12T16:45:06Z
EBMT,16.605,2025-11-12T20:46:04Z
EBND,21.26,2025-11-12T20:37:52Z
EBS,10.79,2025-11-12T20:59:53Z
EC,10.17,2025-11-12T20:59:54Z
ECAT,16.42,2025-11-12T20:59:13Z
ECC,6,2025-11-12T20:56:34Z
ECCC,23.35,2025-11-12T16:15:01Z
ECCV,23.35,2025-11-12T18:04:22Z
ECDA,0.9118,2025-11-12T20:51:22Z
ECF,12.16,2025-11-12T20:27:11Z
ECG,99.575,2025-11-12T20:59:09Z
ECH,37.27,2025-11-12T20:59:55Z
ECL,261.1,2025-11-12T20:59:50Z
ECNS,36.47,2025-11-12T15:38:45Z
ECO,35.655,2025-11-12T20:57:35Z
ECOR,6.135,2025-11-12T20:35:18Z
ECPG,48.51,2025-11-12T20:59:52Z
ECVT,8.71,2025-11-12T20:59:50Z
ECX,2.26,2025-11-12T20:59:54Z
ED,100.2,2025-11-12T20:59:57Z
EDAP,2.015,2025-11-12T20:59:54Z
EDC,55.94,2025-11-12T20:56:31Z
EDD,5.36,2025-11-12T20:59:41Z
EDF,5.015,2025-11-12T20:59:54Z
EDHL,1.07,2025-11-12T20:30:13Z
EDIT,2.69,2025-11-12T20:59:55Z
EDIV,39.17,2025-11-12T20:43:50Z
EDN,33.07,2025-11-12T20:57:28Z
EDOW,41.42,2025-11-12T20:36:38Z
EDSA,1.795,2025-11-12T19:25:48Z
EDU,54.9,2025-11-12T20:59:58Z
EDUC,1.38,2025-11-12T18:41:58Z
EDV,69.09,2025-11-12T20:59:54Z
EDZ,35.48,2025-11-12T15:15:34Z
EE,27.175,2025-11-12T20:59:43Z
EEA,10.86,2025-11-12T20:55:46Z
EEFT,71.135,2025-11-12T20:59:27Z
EELV,27.3,2025-11-12T17:39:02Z
EEM,55.59,2025-11-12T20:59:59Z
EEMA,95.41,2025-11-12T19:56:31Z
EEMS,68.95,2025-11-12T19:49:00Z
EEMV,65.7,2025-11-12T20:59:53Z
EES,56.01,2025-11-12T14:59:12Z
EETH,49.34,2025-11-12T20:33:04Z
EEV,9.47,2025-11-12T16:49:30Z
EEX,4.1,2025-11-12T20:59:47Z
EFA,96.575,2025-11-12T20:59:58Z
EFAA,54.04,2025-11-12T19:08:17Z
EFAS,18.96,2025-11-12T14:58:09Z
EFAV,86.64,2025-11-12T20:59:58Z
EFAX,50.79,2025-11-12T20:55:06Z
EFC,13.78,2025-11-12T20:59:59Z
EFG,116.645,2025-11-12T20:59:55Z
EFIV,65.755,2025-11-12T20:59:47Z
EFR,11.24,2025-11-12T20:55:34Z
EFRA,34.13,2025-11-12T18:42:10Z
EFSC,52.925,2025-11-12T20:59:37Z
EFSCP,20.4,2025-11-12T19:35:55Z
EFT,11.505,2025-11-12T20:58:07Z
EFV,71.01,2025-11-12T20:59:59Z
EFX,208.33,2025-11-12T20:59:47Z
EFXT,13.52,2025-11-12T20:59:39Z
EG,325.19,2025-11-12T20:59:58Z
EGAN,15.09,2025-11-12T20:59:10Z
EGBN,16.41,2025-11-12T20:59:46Z
EGG,4.11,2025-11-12T16:53:56Z
EGGS,41.53,2025-11-12T20:07:36Z
EGGY,38.29,2025-11-12T20:59:07Z
EGHT,2.05,2025-11-12T20:59:56Z
EGO,28.89,2025-11-12T20:59:48Z
EGP,178.06,2025-11-12T20:59:50Z
EGY,3.8,2025-11-12T20:59:55Z
EH,16.14,2025-11-12T20:59:52Z
EHAB,8.06,2025-11-12T20:59:49Z
EHC,114.87,2025-11-12T20:59:49Z
EHI,6.37,2025-11-12T20:50:43Z
EHTH,4.24,2025-11-12T20:59:46Z
EIC,12.03,2025-11-12T20:46:08Z
EIDO,18.44,2025-11-12T20:59:03Z
EIG,39.04,2025-11-12T20:59:33Z
EIM,9.99,2025-11-12T20:59:46Z
EIPI,20.06,2025-11-12T20:59:44Z
EIPX,26.935,2025-11-12T14:48:10Z
EIS,107.085,2025-11-12T17:46:27Z
EIX,58.76,2025-11-12T20:59:59Z
EJAN,33.43,2025-11-12T20:07:36Z
EJH,1.035,2025-11-12T20:49:28Z
EKSO,5.41,2025-11-12T20:23:24Z
EL,92.05,2025-11-12T20:59:52Z
ELAB,5.62,2025-11-12T14:36:07Z
ELAN,22.04,2025-11-12T20:59:58Z
ELBM,1.015,2025-11-12T20:33:57Z
ELCV,26.84,2025-11-12T20:01:40Z
ELDN,1.92,2025-11-12T20:59:57Z
ELF,77.67,2025-11-12T20:59:43Z
ELIL,28.54,2025-11-12T20:01:26Z
ELMD,25.39,2025-11-12T20:44:59Z
ELME,16.605,2025-11-12T20:59:56Z
ELP,10.84,2025-11-12T20:59:48Z
ELPW,0.2078,2025-11-12T20:35:32Z
ELS,62.11,2025-11-12T20:59:54Z
ELTX,9.15,2025-11-12T20:50:09Z
ELUT,0.7499,2025-11-12T20:54:46Z
ELV,327.66,2025-11-12T20:59:59Z
ELVA,5.095,2025-11-12T20:59:37Z
ELVN,20.3,2025-11-12T20:59:45Z
ELVR,29.515,2025-11-12T20:55:12Z
ELWS,5.15,2025-11-12T20:24:00Z
ELWT,7.1,2025-11-12T20:55:37Z
EM,1.395,2025-11-12T20:59:22Z
EMA,47.65,2025-11-12T20:59:45Z
EMB,96.485,2025-11-12T20:59:58Z
EMBC,14.51,2025-11-12T20:59:39Z
EMBD,24.03,2025-11-12T20:59:51Z
EMBJ,63.67,2025-11-12T20:59:45Z
EMBX,50.65,2025-11-12T20:55:37Z
EMCS,35.91,2025-11-12T14:40:39Z
EMD,10.64,2025-11-12T20:58:59Z
EMDM,30.95,2025-11-12T16:16:49Z
EME,643.73,2025-11-12T20:59:43Z
EMF,17.66,2025-11-12T20:14:28Z
EMGF,58.9,2025-11-12T20:06:24Z
EMHC,25.64,2025-11-12T19:00:15Z
EMHY,40.31,2025-11-12T20:51:58Z
EML,19.63,2025-11-12T20:40:57Z
EMLC,25.61,2025-11-12T20:59:50Z
EMLP,38.51,2025-11-12T20:49:19Z
EMM,32.95,2025-11-12T19:51:32Z
EMMF,31.77,2025-11-12T19:33:07Z
EMN,60.94,2025-11-12T20:59:59Z
EMNT,98.64,2025-11-12T20:59:45Z
EMO,43,2025-11-12T20:37:19Z
EMPD,5.99,2025-11-12T20:59:34Z
EMQQ,44.25,2025-11-12T19:01:09Z
EMR,132.445,2025-11-12T20:59:52Z
EMX,4.14,2025-11-12T20:59:57Z
EMXC,72.35,2025-11-12T20:59:00Z
EMXF,47.4,2025-11-12T20:38:58Z
ENB,48.72,2025-11-12T20:59:53Z
ENDW,31.12,2025-11-12T19:14:20Z
ENFR,30.785,2025-11-12T20:10:14Z
ENGN,8.65,2025-11-12T20:59:58Z
ENGNW,2.79,2025-11-12T14:44:14Z
ENGS,1.345,2025-11-12T20:48:57Z
ENIC,3.915,2025-11-12T20:59:45Z
ENJ,21.95,2025-11-12T18:13:34Z
ENLT,39.29,2025-11-12T19:23:24Z
ENLV,1.015,2025-11-12T18:01:59Z
ENOR,27.91,2025-11-12T14:47:59Z
ENOV,31.25,2025-11-12T20:59:58Z
ENPH,30.7,2025-11-12T20:59:54Z
ENPX,14.66,2025-11-12T18:06:57Z
ENR,24.375,2025-11-12T20:59:59Z
ENS,138.885,2025-11-12T20:59:21Z
ENSC,2.08,2025-11-12T20:59:54Z
ENSG,179.68,2025-11-12T20:59:24Z
ENTA,11.92,2025-11-12T20:59:48Z
ENTG,83.96,2025-11-12T20:59:51Z
ENTO,3.87,2025-11-12T19:58:17Z
ENTX,2.88,2025-11-12T20:57:11Z
ENVA,129.55,2025-11-12T20:54:35Z
ENVX,8.36,2025-11-12T20:59:59Z
ENZL,45.55,2025-11-12T14:35:40Z
EOD,5.78,2025-11-12T20:39:33Z
EOG,108.77,2025-11-12T20:59:46Z
EOI,20.395,2025-11-12T20:59:15Z
EOLS,7.3,2025-11-12T20:59:54Z
EONR,0.4767,2025-11-12T20:54:57Z
EOS,23.43,2025-11-12T20:57:52Z
EOSE,17.265,2025-11-12T20:59:58Z
EOSEW,5.6,2025-11-12T20:54:06Z
EOT,16.93,2025-11-12T20:59:27Z
EP,3.18,2025-11-12T20:54:05Z
EP-C,49.2,2025-11-12T20:45:49Z
EPAC,40.16,2025-11-12T20:59:14Z
EPAM,179.84,2025-11-12T20:58:36Z
EPC,18.905,2025-11-12T20:59:52Z
EPD,31.56,2025-11-12T20:59:56Z
EPHE,23.605,2025-11-12T20:37:37Z
EPI,46.465,2025-11-12T20:59:40Z
EPM,4.39,2025-11-12T20:59:58Z
EPOL,34.44,2025-11-12T20:56:40Z
EPOW,1.195,2025-11-12T20:59:46Z
EPP,51.895,2025-11-12T20:59:59Z
EPR,50.92,2025-11-12T20:59:26Z
EPR-E,30.8,2025-11-12T15:29:08Z
EPRF,17.85,2025-11-12T20:49:33Z
EPRT,30.58,2025-11-12T20:59:54Z
EPRX,6.62,2025-11-12T20:56:55Z
EPS,70.58,2025-11-12T17:01:34Z
EPSM,2.77,2025-11-12T20:47:23Z
EPSN,4.9,2025-11-12T20:59:40Z
EPWK,0.0649,2025-11-12T20:41:48Z
EQ,0.9451,2025-11-12T20:45:34Z
EQBK,42.05,2025-11-12T20:38:34Z
EQH,45.48,2025-11-12T20:59:55Z
EQH-A,20.57,2025-11-12T19:52:44Z
EQH-C,16.66,2025-11-12T19:43:54Z
EQIX,813.29,2025-11-12T20:59:47Z
EQL,46.43,2025-11-12T20:25:39Z
EQNR,24.23,2025-11-12T20:59:48Z
EQR,59.63,2025-11-12T20:59:57Z
EQT,60.835,2025-11-12T20:59:58Z
EQWL,117.93,2025-11-12T20:23:05Z
EQX,13.15,2025-11-12T20:59:53Z
ERAS,2.66,2025-11-12T20:59:56Z
ERC,9.515,2025-11-12T20:32:48Z
ERH,12.77,2025-11-12T17:30:45Z
ERIC,10,2025-11-12T20:59:57Z
ERIE,282.885,2025-11-12T20:59:59Z
ERII,14.27,2025-11-12T20:59:51Z
ERNA,1.57,2025-11-12T20:36:55Z
ERNZ,20.95,2025-11-12T20:57:20Z
ERO,22.76,2025-11-12T20:59:53Z
ERTH,48.86,2025-11-12T20:43:40Z
ERX,56.85,2025-11-12T20:59:23Z
ERY,19.94,2025-11-12T20:59:45Z
ES,73.62,2025-11-12T20:59:56Z
ESAB,113.04,2025-11-12T20:59:36Z
ESCA,12.68,2025-11-12T20:57:49Z
ESE,220.655,2025-11-12T20:59:21Z
ESGD,96.065,2025-11-12T20:59:57Z
ESGE,45.075,2025-11-12T20:55:36Z
ESGU,149.64,2025-11-12T20:59:21Z
ESGV,121.265,2025-11-12T20:49:13Z
ESI,27.515,2025-11-12T20:59:59Z
ESLA,2.105,2025-11-12T20:59:47Z
ESLT,483.92,2025-11-12T20:25:37Z
ESML,45.42,2025-11-12T20:59:51Z
ESNT,61.53,2025-11-12T20:59:57Z
ESOA,10.86,2025-11-12T20:58:55Z
ESPO,112.73,2025-11-12T18:11:43Z
ESPR,3.03,2025-11-12T20:59:58Z
ESQ,99.38,2025-11-12T17:56:22Z
ESRT,7.235,2025-11-12T20:59:52Z
ESS,254.84,2025-11-12T20:59:56Z
ESTA,63.22,2025-11-12T20:59:55Z
ESTC,92.47,2025-11-12T20:59:59Z
ESUM,27.57,2025-11-12T17:27:47Z
ET,16.59,2025-11-12T20:59:56Z
ETB,15.2,2025-11-12T20:59:50Z
ETCO,23.9,2025-11-12T20:48:36Z
ETD,22.85,2025-11-12T20:59:46Z
ETEC,25.68,2025-11-12T18:31:34Z
ETG,22.44,2025-11-12T20:59:53Z
ETH,32.145,2025-11-12T20:59:34Z
ETHA,25.82,2025-11-12T20:59:59Z
ETHD,4.49,2025-11-12T20:59:49Z
ETHE,28.03,2025-11-12T20:59:58Z
ETHI,9.77,2025-11-12T18:30:12Z
ETHM,10.31,2025-11-12T20:52:55Z
ETHT,54.74,2025-11-12T20:59:00Z
ETHU,78.7,2025-11-12T20:59:55Z
ETHV,49.98,2025-11-12T20:59:47Z
ETHW,24.455,2025-11-12T20:59:46Z
ETHZ,17.13,2025-11-12T20:59:57Z
ETJ,8.905,2025-11-12T20:57:57Z
ETN,369.51,2025-11-12T20:59:57Z
ETON,17.46,2025-11-12T20:44:37Z
ETOR,41.29,2025-11-12T20:59:58Z
ETQ,39.84,2025-11-12T20:54:11Z
ETR,96.55,2025-11-12T20:59:48Z
ETS,0.5628,2025-11-12T20:59:41Z
ETSY,63.87,2025-11-12T20:59:50Z
ETU,20.97,2025-11-12T20:59:59Z
ETV,14.43,2025-11-12T20:59:30Z
ETW,9.17,2025-11-12T20:51:15Z
ETY,15.84,2025-11-12T16:23:34Z
EU,2.7,2025-11-12T20:59:56Z
EUAD,43.99,2025-11-12T20:51:49Z
EUDG,36.37,2025-11-12T14:32:08Z
EUFN,35.395,2025-11-12T20:59:49Z
EUM,20.15,2025-11-12T20:53:29Z
EURL,39.05,2025-11-12T16:25:31Z
EUSA,103.59,2025-11-12T20:43:33Z
EUSB,44.05,2025-11-12T15:29:23Z
EVAX,5.89,2025-11-12T19:59:39Z
EVC,2.92,2025-11-12T20:59:57Z
EVCM,8.5,2025-11-12T20:59:54Z
EVER,25.67,2025-11-12T20:59:41Z
EVEX,4.535,2025-11-12T20:59:53Z
EVEX+,0.56,2025-11-12T20:59:25Z
EVF,5.43,2025-11-12T20:39:27Z
EVG,11.16,2025-11-12T17:24:55Z
EVGO,3.08,2025-11-12T20:59:58Z
EVH,4.435,2025-11-12T20:59:56Z
EVHY,53.24,2025-11-12T15:38:43Z
EVI,23.375,2025-11-12T20:48:36Z
EVIM,53.165,2025-11-12T20:51:12Z
EVLN,49.64,2025-11-12T20:32:43Z
EVLV,6.73,2025-11-12T20:59:50Z
EVLVW,0.381,2025-11-12T20:55:00Z
EVMN,19.23,2025-11-12T20:59:26Z
EVMO,50.82,2025-11-12T20:59:59Z
EVO,3.14,2025-11-12T20:50:04Z
EVOK,10.69,2025-11-12T20:01:07Z
EVOXU,10.145,2025-11-12T20:23:20Z
EVR,321.605,2025-11-12T20:59:46Z
EVRG,77.33,2025-11-12T20:59:54Z
EVSB,51.035,2025-11-12T18:48:29Z
EVSD,51.48,2025-11-12T20:59:45Z
EVSM,50.4,2025-11-12T20:57:21Z
EVT,24.66,2025-11-12T20:46:52Z
EVTC,29.22,2025-11-12T20:59:45Z
EVTL,4.32,2025-11-12T20:59:44Z
EVTR,51.69,2025-11-12T20:59:59Z
EVTV,1.18,2025-11-12T20:14:05Z
EVUS,31.795,2025-11-12T20:59:45Z
EVV,10.13,2025-11-12T20:59:43Z
EVX,37.23,2025-11-12T18:28:00Z
EW,85.545,2025-11-12T20:59:57Z
EWA,26.585,2025-11-12T20:59:52Z
EWBC,105.35,2025-11-12T20:59:48Z
EWC,51.73,2025-11-12T20:59:59Z
EWCZ,4.15,2025-11-12T20:59:56Z
EWD,48.56,2025-11-12T16:29:23Z
EWG,41.68,2025-11-12T20:59:36Z
EWH,23.125,2025-11-12T20:59:59Z
EWI,54.085,2025-11-12T20:59:27Z
EWJ,84.335,2025-11-12T20:59:58Z
EWJV,40,2025-11-12T14:30:19Z
EWL,58.045,2025-11-12T20:59:36Z
EWM,26.51,2025-11-12T20:59:50Z
EWN,59.04,2025-11-12T20:59:40Z
EWO,32.14,2025-11-12T15:24:03Z
EWP,52.53,2025-11-12T20:59:55Z
EWQ,45.13,2025-11-12T20:59:50Z
EWS,28.67,2025-11-12T20:59:58Z
EWT,65.415,2025-11-12T20:59:57Z
EWTX,21.18,2025-11-12T20:59:38Z
EWU,43.49,2025-11-12T20:59:59Z
EWW,68.18,2025-11-12T20:59:56Z
EWX,67.36,2025-11-12T15:46:45Z
EWY,95.935,2025-11-12T20:59:58Z
EWZ,33.21,2025-11-12T20:59:57Z
EWZS,14.17,2025-11-12T20:59:13Z
EXAS,68.38,2025-11-12T20:59:50Z
EXC,45.93,2025-11-12T20:59:59Z
EXE,119.47,2025-11-12T20:59:57Z
EXEL,43.6,2025-11-12T20:59:59Z
EXFY,1.405,2025-11-12T20:59:55Z
EXG,9.35,2025-11-12T20:55:54Z
EXI,174.8,2025-11-12T20:29:38Z
EXK,8.16,2025-11-12T20:59:54Z
EXLS,39.525,2025-11-12T20:59:43Z
EXOD,19.955,2025-11-12T20:56:58Z
EXP,206.895,2025-11-12T20:59:19Z
EXPD,140.67,2025-11-12T20:59:49Z
EXPE,273.61,2025-11-12T20:59:45Z
EXPI,10.79,2025-11-12T20:59:55Z
EXPO,70.12,2025-11-12T20:59:15Z
EXR,132.63,2025-11-12T20:59:58Z
EXTR,18.26,2025-11-12T20:59:55Z
EYE,24.755,2025-11-12T20:59:54Z
EYPT,12,2025-11-12T20:59:58Z
EZA,68.08,2025-11-12T20:59:48Z
EZBC,58.74,2025-11-12T20:59:52Z
EZET,25.92,2025-11-12T20:59:45Z
EZGO,0.1499,2025-11-12T20:59:31Z
EZPW,18,2025-11-12T20:59:57Z
EZU,63.75,2025-11-12T20:59:55Z
F,13.44,2025-11-12T20:59:58Z
F-B,22.13,2025-11-12T18:47:15Z
F-C,21.84,2025-11-12T16:54:19Z
FA,13.35,2025-11-12T20:59:53Z
FAAR,30.35,2025-11-12T20:12:42Z
FAD,161.875,2025-11-12T20:59:00Z
FAF,63.85,2025-11-12T20:59:50Z
FALN,27.41,2025-11-12T20:59:49Z
FAN,20.82,2025-11-12T20:58:30Z
FANG,146.12,2025-11-12T20:59:41Z
FARM,1.495,2025-11-12T19:19:13Z
FAS,173.07,2025-11-12T20:53:28Z
FAST,40.97,2025-11-12T20:59:59Z
FAT,1.42,2025-11-12T20:59:50Z
FATE,1.03,2025-11-12T20:59:47Z
FATN,2.6,2025-11-12T18:07:02Z
FAUG,52.41,2025-11-12T19:45:29Z
FAX,15.42,2025-11-12T20:59:29Z
FAZ,41.08,2025-11-12T20:56:46Z
FB,41.99,2025-11-12T20:45:42Z
FBCG,54.94,2025-11-12T20:59:51Z
FBCV,35.27,2025-11-12T16:08:15Z
FBGL,0.639,2025-11-12T14:57:14Z
FBIN,49.355,2025-11-12T20:59:47Z
FBIO,2.61,2025-11-12T20:59:28Z
FBIZ,52.9,2025-11-12T19:14:23Z
FBK,55.21,2025-11-12T20:59:37Z
FBL,28.815,2025-11-12T20:59:45Z
FBLA,12.28,2025-11-12T20:59:33Z
FBLG,0.3272,2025-11-12T20:59:10Z
FBNC,50.77,2025-11-12T20:59:12Z
FBND,46.465,2025-11-12T20:59:59Z
FBP,20.435,2025-11-12T20:59:34Z
FBRT,10.025,2025-11-12T20:59:46Z
FBRX,14.445,2025-11-12T20:59:46Z
FBT,203.72,2025-11-12T19:48:58Z
FBTC,88.47,2025-11-12T20:59:45Z
FBUF,30.625,2025-11-12T15:58:05Z
FBY,12.74,2025-11-12T20:35:13Z
FBYD,12.23,2025-11-12T20:05:46Z
FC,15.11,2025-11-12T20:54:31Z
FCBC,33.125,2025-11-12T20:55:14Z
FCCO,27.33,2025-11-12T20:10:36Z
FCEF,22.85,2025-11-12T20:13:52Z
FCEL,7.72,2025-11-12T20:59:47Z
FCF,15.91,2025-11-12T20:59:58Z
FCFS,161.41,2025-11-12T20:58:51Z
FCG,23.82,2025-11-12T20:59:54Z
FCN,165.425,2025-11-12T20:58:25Z
FCNCA,1831.91,2025-11-12T20:59:53Z
FCNCP,22.02,2025-11-12T15:21:53Z
FCO,3.01,2025-11-12T20:59:44Z
FCOM,69.78,2025-11-12T20:59:51Z
FCOR,48.13,2025-11-12T15:00:45Z
FCPT,23.98,2025-11-12T20:59:48Z
FCT,9.545,2025-11-12T20:59:55Z
FCTE,24.76,2025-11-12T20:43:36Z
FCTR,35.5,2025-11-12T19:24:28Z
FCX,41.81,2025-11-12T20:59:59Z
FDBC,44.61,2025-11-12T20:53:57Z
FDCF,47.6,2025-11-12T20:07:02Z
FDD,16.64,2025-11-12T20:55:13Z
FDEV,33.98,2025-11-12T18:15:29Z
FDG,125.565,2025-11-12T17:49:23Z
FDHY,49.2,2025-11-12T19:23:50Z
FDIS,101.91,2025-11-12T20:13:05Z
FDIV,26.8,2025-11-12T19:13:39Z
FDL,43.68,2025-11-12T20:59:49Z
FDLO,66.77,2025-11-12T20:54:10Z
FDLS,35.54,2025-11-12T20:36:46Z
FDMT,10.97,2025-11-12T20:59:46Z
FDN,276.04,2025-11-12T20:59:51Z
FDND,23.43,2025-11-12T18:08:11Z
FDNI,36.805,2025-11-12T20:52:21Z
FDP,36.75,2025-11-12T20:59:46Z
FDRR,60.49,2025-11-12T15:28:23Z
FDS,271.87,2025-11-12T20:59:54Z
FDSB,13.25,2025-11-12T16:58:37Z
FDT,78.02,2025-11-12T14:47:32Z
FDUS,19.74,2025-11-12T20:59:50Z
FDV,28.68,2025-11-12T19:02:46Z
FDVV,56.595,2025-11-12T20:59:56Z
FDX,268.65,2025-11-12T20:59:59Z
FE,46.34,2025-11-12T20:59:59Z
FEAM,4.385,2025-11-12T19:37:19Z
FEBP,31.32,2025-11-12T20:07:36Z
FEBW,33.46,2025-11-12T20:22:40Z
FEGE,45.32,2025-11-12T20:57:15Z
FEIM,29.28,2025-11-12T20:59:49Z
FELC,38.15,2025-11-12T20:59:46Z
FELE,95.26,2025-11-12T20:59:59Z
FELG,42.22,2025-11-12T20:55:34Z
FELV,34.36,2025-11-12T17:30:29Z
FEMB,29.71,2025-11-12T20:30:36Z
FEMR,32.21,2025-11-12T17:35:59Z
FEMS,42.45,2025-11-12T14:58:54Z
FEMY,0.9672,2025-11-12T20:59:54Z
FENC,7.83,2025-11-12T20:59:16Z
FENI,36.26,2025-11-12T20:59:59Z
FENY,24.98,2025-11-12T20:59:45Z
FEOE,47.785,2025-11-12T20:47:36Z
FEPI,47.46,2025-11-12T20:27:31Z
FER,64.755,2025-11-12T20:59:26Z
FERG,253.15,2025-11-12T20:59:54Z
FESM,37.26,2025-11-12T20:59:51Z
FET,29.55,2025-11-12T19:02:53Z
FETH,34.06,2025-11-12T20:59:56Z
FEUZ,59.69,2025-11-12T18:37:50Z
FEZ,64.225,2025-11-12T20:59:50Z
FF,3.44,2025-11-12T20:59:53Z
FFA,21.83,2025-11-12T20:36:22Z
FFAI,1.095,2025-11-12T20:59:49Z
FFBC,24.195,2025-11-12T20:59:53Z
FFC,16.72,2025-11-12T20:56:34Z
FFEB,55.73,2025-11-12T20:07:36Z
FFIC,15.185,2025-11-12T20:59:48Z
FFIN,31.38,2025-11-12T20:59:58Z
FFIV,240.185,2025-11-12T20:59:57Z
FFLC,53.12,2025-11-12T20:55:14Z
FFLG,30.07,2025-11-12T20:59:45Z
FFOX,27.775,2025-11-12T20:59:46Z
FFSM,30.18,2025-11-12T20:55:13Z
FFTY,36.59,2025-11-12T20:55:49Z
FFWM,5.08,2025-11-12T20:59:52Z
FG,33.15,2025-11-12T20:36:34Z
FGBI,6.36,2025-11-12T20:53:40Z
FGD,30.055,2025-11-12T20:57:59Z
FGDL,56.075,2025-11-12T20:13:56Z
FGEN,8.82,2025-11-12T17:34:33Z
FGL,0.3749,2025-11-12T20:36:18Z
FGNX,2.94,2025-11-12T20:59:28Z
FGSN,23.86,2025-11-12T19:07:13Z
FHB,24.79,2025-11-12T20:59:51Z
FHEQ,31.13,2025-11-12T20:59:46Z
FHI,50.35,2025-11-12T20:59:53Z
FHLC,73.39,2025-11-12T20:53:40Z
FHN,21.8,2025-11-12T20:59:56Z
FHTX,4.52,2025-11-12T20:59:11Z
FHYS,23.215,2025-11-12T17:30:22Z
FIAT,2.595,2025-11-12T20:57:01Z
FIBK,32.46,2025-11-12T20:59:45Z
FICO,1778.8,2025-11-12T20:59:51Z
FID,20.4,2025-11-12T20:58:19Z
FIDI,25.385,2025-11-12T20:59:46Z
FIDU,82.43,2025-11-12T20:51:13Z
FIG,43.99,2025-11-12T20:59:58Z
FIGB,43.72,2025-11-12T17:26:47Z
FIGG,6.625,2025-11-12T17:19:13Z
FIGR,37.27,2025-11-12T20:59:55Z
FIGS,10.02,2025-11-12T20:59:54Z
FIHL,19.12,2025-11-12T20:59:53Z
FIIG,21.25,2025-11-12T18:02:34Z
FINS,13.235,2025-11-12T20:50:25Z
FINV,6.02,2025-11-12T20:59:47Z
FINW,19.04,2025-11-12T17:14:47Z
FINX,32.06,2025-11-12T20:44:13Z
FIP,4.59,2025-11-12T20:59:53Z
FIS,66.23,2025-11-12T20:59:58Z
FISI,29.6,2025-11-12T20:59:46Z
FISK,6.74,2025-11-12T18:17:57Z
FISR,26.1,2025-11-12T20:36:03Z
FISV,64.34,2025-11-12T20:59:57Z
FITB,43.22,2025-11-12T20:59:59Z
FIVA,32.71,2025-11-12T20:45:39Z
FIVE,152.79,2025-11-12T20:59:44Z
FIVN,21,2025-11-12T20:59:52Z
FIW,112.79,2025-11-12T17:09:39Z
FIX,973.7,2025-11-12T20:59:30Z
FIXD,44.585,2025-11-12T20:59:46Z
FIZZ,32.85,2025-11-12T20:59:43Z
FJAN,50.84,2025-11-12T20:40:28Z
FJUN,56.45,2025-11-12T20:07:40Z
FLAX,30.355,2025-11-12T16:23:14Z
FLBL,23.755,2025-11-12T20:55:51Z
FLBR,20.38,2025-11-12T17:44:07Z
FLCA,46.2,2025-11-12T16:48:12Z
FLCB,21.735,2025-11-12T20:49:25Z
FLCE,28.61,2025-11-12T16:28:52Z
FLCG,33.025,2025-11-12T19:28:42Z
FLCH,25.53,2025-11-12T16:36:17Z
FLCO,21.775,2025-11-12T20:06:05Z
FLD,3.11,2025-11-12T20:59:14Z
FLDR,50.315,2025-11-12T20:47:41Z
FLEU,33.05,2025-11-12T20:33:18Z
FLEX,62.89,2025-11-12T20:59:54Z
FLG,11.04,2025-11-12T20:59:57Z
FLG-A,22.06,2025-11-12T17:35:36Z
FLGB,33.4,2025-11-12T16:39:44Z
FLGT,29.03,2025-11-12T20:58:04Z
FLHY,24.34,2025-11-12T20:57:51Z
FLIA,20.69,2025-11-12T20:59:27Z
FLIN,39.02,2025-11-12T20:58:38Z
FLJH,39.475,2025-11-12T19:15:31Z
FLJP,36.075,2025-11-12T20:59:40Z
FLKR,31.99,2025-11-12T18:54:03Z
FLL,2.6,2025-11-12T20:59:57Z
FLMI,24.915,2025-11-12T20:55:32Z
FLNC,19.205,2025-11-12T20:59:53Z
FLNG,25.01,2025-11-12T20:59:46Z
FLNT,1.96,2025-11-12T14:39:10Z
FLO,11.52,2025-11-12T20:59:56Z
FLOC,16.68,2025-11-12T20:59:50Z
FLOT,50.92,2025-11-12T20:59:59Z
FLOW,35.1,2025-11-12T18:46:23Z
FLQM,56.3,2025-11-12T20:20:14Z
FLQS,42.76,2025-11-12T20:59:37Z
FLR,45.75,2025-11-12T20:59:57Z
FLRG,38.095,2025-11-12T20:59:46Z
FLRN,30.78,2025-11-12T20:59:59Z
FLRT,47.35,2025-11-12T20:56:58Z
FLS,70,2025-11-12T20:59:55Z
FLTR,25.49,2025-11-12T20:59:51Z
FLTW,61.055,2025-11-12T20:55:01Z
FLUD,25.06,2025-11-12T16:16:42Z
FLUT,234.16,2025-11-12T20:59:54Z
FLUX,2.365,2025-11-12T20:59:55Z
FLWS,3.185,2025-11-12T20:59:54Z
FLX,3.35,2025-11-12T18:15:40Z
FLXR,39.69,2025-11-12T20:06:05Z
FLY,18.3,2025-11-12T20:59:54Z
FLYD,7.07,2025-11-12T18:13:46Z
FLYW,13.84,2025-11-12T20:59:50Z
FLYX,3.45,2025-11-12T19:12:51Z
FMAG,34.71,2025-11-12T20:55:48Z
FMAR,46.81,2025-11-12T20:07:41Z
FMAT,51.33,2025-11-12T19:27:16Z
FMAY,52.67,2025-11-12T20:07:43Z
FMB,51.29,2025-11-12T20:56:53Z
FMBH,37.635,2025-11-12T20:59:55Z
FMC,13.82,2025-11-12T20:59:56Z
FMDE,36.28,2025-11-12T20:50:57Z
FMET,37.18,2025-11-12T18:47:55Z
FMF,49.25,2025-11-12T19:08:44Z
FMFC,0.659,2025-11-12T20:59:08Z
FMHI,48.105,2025-11-12T20:55:07Z
FMN,11.25,2025-11-12T17:50:06Z
FMNB,13.36,2025-11-12T20:58:25Z
FMS,23.935,2025-11-12T20:59:02Z
FMST,2.61,2025-11-12T20:34:02Z
FMTM,32.32,2025-11-12T19:13:15Z
FMUN,50.44,2025-11-12T18:05:43Z
FMX,95.89,2025-11-12T20:58:47Z
FMY,12.04,2025-11-12T20:51:51Z
FN,447.08,2025-11-12T20:59:47Z
FNB,16.22,2025-11-12T20:59:58Z
FNCL,76.03,2025-11-12T20:57:42Z
FND,63.155,2025-11-12T20:59:52Z
FNDA,31.03,2025-11-12T20:59:51Z
FNDB,26.29,2025-11-12T20:21:48Z
FNDC,44.92,2025-11-12T17:16:43Z
FNDE,37.715,2025-11-12T20:59:50Z
FNDF,45.19,2025-11-12T20:59:59Z
FNDX,26.925,2025-11-12T20:59:40Z
FNF,58.5,2025-11-12T20:59:42Z
FNGD,4.55,2025-11-12T20:59:16Z
FNGG,255.64,2025-11-12T19:25:18Z
FNGO,131.065,2025-11-12T16:36:04Z
FNGR,1.34,2025-11-12T20:59:50Z
FNGS,71.8,2025-11-12T16:30:05Z
FNGU,30.92,2025-11-12T20:59:52Z
FNKO,3.7,2025-11-12T20:59:56Z
FNLC,25.5,2025-11-12T17:26:51Z
FNOV,53.9,2025-11-12T19:53:28Z
FNV,200.02,2025-11-12T20:59:48Z
FNWB,9.25,2025-11-12T20:38:14Z
FNWD,34.41,2025-11-12T16:33:25Z
FNY,91.48,2025-11-12T19:54:13Z
FOA,23.06,2025-11-12T20:49:41Z
FOCT,48.63,2025-11-12T20:41:18Z
FOF,13.09,2025-11-12T20:47:35Z
FOLD,9.42,2025-11-12T20:59:55Z
FONR,14.96,2025-11-12T20:31:33Z
FOR,24.75,2025-11-12T20:59:37Z
FORA,2.15,2025-11-12T20:59:28Z
FORD,9.36,2025-11-12T20:57:22Z
FORH,25.12,2025-11-12T20:32:28Z
FORM,51.63,2025-11-12T20:59:45Z
FORR,7.95,2025-11-12T20:59:34Z
FOSL,2.305,2025-11-12T20:59:50Z
FOUR,73.21,2025-11-12T20:59:53Z
FOX,60.18,2025-11-12T20:58:56Z
FOXA,66.705,2025-11-12T20:59:54Z
FOXF,14.81,2025-11-12T20:59:55Z
FPE,18.375,2025-11-12T20:58:21Z
FPEI,19.435,2025-11-12T20:59:48Z
FPF,18.99,2025-11-12T20:55:42Z
FPFD,22.04,2025-11-12T18:52:04Z
FPH,6.18,2025-11-12T20:58:54Z
FPI,9.775,2025-11-12T20:59:58Z
FPX,164.49,2025-11-12T15:02:50Z
FPXI,60.01,2025-11-12T20:55:05Z
FQAL,75.52,2025-11-12T20:28:52Z
FR,56.13,2025-11-12T20:59:52Z
FRA,12.29,2025-11-12T20:56:43Z
FRBA,15.75,2025-11-12T20:58:46Z
FRD,22.5,2025-11-12T20:56:21Z
FRDM,48.495,2025-11-12T20:57:28Z
FRDU,35.24,2025-11-12T14:53:56Z
FREL,27.525,2025-11-12T20:54:57Z
FRGE,44.42,2025-11-12T20:59:49Z
FRGT,0.8341,2025-11-12T16:54:56Z
FRHC,139.8,2025-11-12T20:58:36Z
FRI,28.15,2025-11-12T14:36:18Z
FRME,35.865,2025-11-12T20:59:44Z
FRMI,21.575,2025-11-12T20:59:15Z
FRO,24.86,2025-11-12T20:59:56Z
FROG,61.67,2025-11-12T20:59:46Z
FRPH,23.9,2025-11-12T20:47:40Z
FRPT,55.66,2025-11-12T20:59:50Z
FRSH,11.65,2025-11-12T20:59:55Z
FRST,10.805,2025-11-12T20:58:51Z
FRSX,2.21,2025-11-12T17:02:47Z
FRT,97.65,2025-11-12T20:59:46Z
FRT-C,20.81,2025-11-12T20:49:07Z
FSBC,35.105,2025-11-12T20:57:48Z
FSCO,6.56,2025-11-12T20:59:59Z
FSEC,44.465,2025-11-12T20:54:31Z
FSEP,51.1,2025-11-12T18:56:32Z
FSGS,30.89,2025-11-12T18:33:28Z
FSI,8.11,2025-11-12T20:47:03Z
FSIG,19.23,2025-11-12T18:20:12Z
FSK,15.65,2025-11-12T20:59:49Z
FSLR,267.51,2025-11-12T20:59:50Z
FSLY,11.89,2025-11-12T20:59:59Z
FSM,8.635,2025-11-12T20:59:49Z
FSMB,20.06,2025-11-12T18:50:05Z
FSMD,43.84,2025-11-12T20:28:06Z
FSP,1.165,2025-11-12T20:59:39Z
FSS,111.22,2025-11-12T20:59:44Z
FSST,30.95,2025-11-12T14:51:59Z
FSTA,49.14,2025-11-12T20:59:45Z
FSTR,26.67,2025-11-12T20:50:32Z
FSUN,32.1,2025-11-12T20:59:14Z
FSV,156.48,2025-11-12T20:59:48Z
FSYD,48.31,2025-11-12T20:18:43Z
FTA,84.37,2025-11-12T20:47:18Z
FTAI,153.42,2025-11-12T20:59:57Z
FTCA,7.35,2025-11-12T20:07:24Z
FTCB,21.415,2025-11-12T20:49:59Z
FTCI,11.155,2025-11-12T20:57:25Z
FTCS,92.56,2025-11-12T20:59:55Z
FTDR,51.305,2025-11-12T20:59:55Z
FTEC,230.71,2025-11-12T20:54:22Z
FTEK,1.99,2025-11-12T20:59:58Z
FTEL,0.9883,2025-11-12T18:17:25Z
FTF,6.145,2025-11-12T19:15:04Z
FTFT,1.46,2025-11-12T17:55:27Z
FTGC,27.065,2025-11-12T20:59:30Z
FTHI,23.805,2025-11-12T20:03:40Z
FTHM,1.225,2025-11-12T20:59:43Z
FTHY,14.14,2025-11-12T20:56:45Z
FTI,42.88,2025-11-12T20:59:54Z
FTK,15.29,2025-11-12T20:59:29Z
FTLF,19.145,2025-11-12T17:24:00Z
FTLS,71.94,2025-11-12T20:41:00Z
FTMA,9.03,2025-11-12T20:40:05Z
FTMH,11.64,2025-11-12T18:06:35Z
FTMN,8.84,2025-11-12T16:58:28Z
FTMS,9.94,2025-11-12T20:46:12Z
FTMU,7.84,2025-11-12T19:42:10Z
FTNJ,8.79,2025-11-12T17:54:28Z
FTNT,82.15,2025-11-12T20:59:58Z
FTNY,7.89,2025-11-12T20:11:32Z
FTOH,8.39,2025-11-12T19:59:00Z
FTQI,21.02,2025-11-12T20:50:02Z
FTRB,25.53,2025-11-12T20:59:46Z
FTRE,11.35,2025-11-12T20:59:52Z
FTRI,15.29,2025-11-12T15:28:01Z
FTS,52.665,2025-11-12T20:59:47Z
FTSD,90.825,2025-11-12T16:56:17Z
FTSL,45.98,2025-11-12T20:59:51Z
FTSM,59.975,2025-11-12T20:55:44Z
FTV,52.045,2025-11-12T20:59:51Z
FTXL,125.14,2025-11-12T20:48:59Z
FUBO,3.935,2025-11-12T20:59:57Z
FUFU,2.95,2025-11-12T20:59:51Z
FUL,57.88,2025-11-12T20:59:40Z
FULC,8.37,2025-11-12T20:59:41Z
FULT,17.765,2025-11-12T20:59:52Z
FUN,16.175,2025-11-12T20:59:53Z
FUND,8.465,2025-11-12T16:23:27Z
FURY,0.5927,2025-11-12T20:56:11Z
FUSE,1.85,2025-11-12T20:58:29Z
FUTU,186.08,2025-11-12T20:59:05Z
FUTY,58.105,2025-11-12T20:59:47Z
FVAL,71.1,2025-11-12T17:04:13Z
FVC,36.1,2025-11-12T20:49:23Z
FVD,46.24,2025-11-12T20:59:54Z
FVR,13.63,2025-11-12T20:59:34Z
FVRR,21.945,2025-11-12T20:59:45Z
FWD,106.58,2025-11-12T20:55:14Z
FWONA,92.43,2025-11-12T20:55:42Z
FWONK,101.62,2025-11-12T20:59:54Z
FWRD,22.39,2025-11-12T20:59:45Z
FWRG,16.98,2025-11-12T20:59:42Z
FXB,126.23,2025-11-12T16:21:04Z
FXD,67.05,2025-11-12T18:07:47Z
FXE,106.925,2025-11-12T20:59:45Z
FXI,40.93,2025-11-12T20:59:57Z
FXL,170.13,2025-11-12T16:20:06Z
FXN,16.41,2025-11-12T20:58:02Z
FXNC,23.765,2025-11-12T20:19:18Z
FXO,59.21,2025-11-12T20:56:03Z
FXP,8.3,2025-11-12T15:20:30Z
FXR,77.345,2025-11-12T20:59:00Z
FXU,46.95,2025-11-12T20:59:21Z
FXY,59.425,2025-11-12T20:59:28Z
FYBR,37.965,2025-11-12T20:59:48Z
FYEE,28.84,2025-11-12T20:07:13Z
FYLD,32.07,2025-11-12T17:45:16Z
G,45.59,2025-11-12T20:59:57Z
GAB,6.06,2025-11-12T20:55:53Z
GABC,39.43,2025-11-12T20:43:16Z
GAIA,4.37,2025-11-12T20:57:01Z
GAIN,13.985,2025-11-12T20:59:28Z
GAINI,25.49,2025-11-12T15:15:54Z
GAINN,24.97,2025-11-12T14:31:37Z
GALT,5.86,2025-11-12T20:59:54Z
GAM,63.65,2025-11-12T20:27:59Z
GAM-B,24.97,2025-11-12T19:55:59Z
GAMB,6.82,2025-11-12T20:59:55Z
GAME,0.5374,2025-11-12T20:53:23Z
GANX,2.955,2025-11-12T20:59:42Z
GAP,24.93,2025-11-12T20:59:58Z
GARP,68.22,2025-11-12T20:53:14Z
GASS,6.76,2025-11-12T19:46:24Z
GATX,157.16,2025-11-12T20:59:26Z
GAU,2.33,2025-11-12T20:59:53Z
GAUG,38.88,2025-11-12T19:15:05Z
GAUZ,4.35,2025-11-12T20:57:32Z
GBAB,15.62,2025-11-12T20:59:30Z
GBCI,43.01,2025-11-12T20:59:52Z
GBDC,14.03,2025-11-12T20:59:52Z
GBIL,100.015,2025-11-12T20:55:13Z
GBIO,5.6,2025-11-12T17:48:24Z
GBLI,28.79,2025-11-12T18:49:20Z
GBR,0.8456,2025-11-12T20:52:00Z
GBTC,79.45,2025-11-12T20:59:56Z
GBTG,7.38,2025-11-12T20:59:55Z
GBUG,39.61,2025-11-12T19:09:29Z
GBX,42.63,2025-11-12T20:59:34Z
GBXB,26.51,2025-11-12T20:19:12Z
GCI,4.98,2025-11-12T20:59:59Z
GCMG,11.525,2025-11-12T20:59:55Z
GCO,32.425,2025-11-12T20:47:38Z
GCOR,41.77,2025-11-12T20:59:49Z
GCOW,41.29,2025-11-12T20:39:11Z
GCT,32.13,2025-11-12T20:59:45Z
GCTK,5.845,2025-11-12T20:37:16Z
GCTS,1.455,2025-11-12T20:58:42Z
GCV,4.21,2025-11-12T19:14:51Z
GD,349.45,2025-11-12T20:59:54Z
GDC,4.57,2025-11-12T20:11:30Z
GDDY,132.455,2025-11-12T20:59:51Z
GDE,60.445,2025-11-12T20:21:47Z
GDEN,29.725,2025-11-12T20:59:45Z
GDIV,16.45,2025-11-12T17:08:49Z
GDLC,48.365,2025-11-12T18:52:25Z
GDMN,85.535,2025-11-12T20:57:23Z
GDO,11.64,2025-11-12T14:31:20Z
GDOT,11.31,2025-11-12T20:59:53Z
GDRX,3.065,2025-11-12T20:59:54Z
GDS,32.06,2025-11-12T20:59:53Z
GDTC,1.93,2025-11-12T20:52:45Z
GDV,27.45,2025-11-12T18:37:24Z
GDX,79.31,2025-11-12T20:59:57Z
GDXD,12.85,2025-11-12T20:45:20Z
GDXJ,101.425,2025-11-12T20:59:57Z
GDXU,198.17,2025-11-12T20:58:01Z
GDXW,56.45,2025-11-12T16:53:50Z
GDXY,16.495,2025-11-12T20:58:38Z
GDYN,8.435,2025-11-12T20:59:54Z
GE,308.955,2025-11-12T20:59:51Z
GECC,8.03,2025-11-12T19:28:30Z
GEF,60.25,2025-11-12T20:59:26Z
GEF.B,66.21,2025-11-12T20:52:55Z
GEG,2.49,2025-11-12T20:22:23Z
GEHC,74.99,2025-11-12T20:59:59Z
GEL,15.32,2025-11-12T20:59:59Z
GELS,1.045,2025-11-12T18:09:35Z
GEM,42.52,2025-11-12T20:59:35Z
GEMI,13.765,2025-11-12T20:59:54Z
GEN,27.01,2025-11-12T20:59:59Z
GENC,13.64,2025-11-12T20:39:29Z
GENI,10.285,2025-11-12T20:59:58Z
GENK,2.63,2025-11-12T20:52:58Z
GENM,10.32,2025-11-12T17:35:13Z
GEO,14.915,2025-11-12T20:59:53Z
GEOS,26.47,2025-11-12T20:57:42Z
GERN,1.245,2025-11-12T20:59:49Z
GES,16.94,2025-11-12T20:59:50Z
GETY,1.665,2025-11-12T20:59:39Z
GEV,575.735,2025-11-12T20:59:59Z
GEVO,2.125,2025-11-12T20:59:53Z
GEVX,26.37,2025-11-12T20:45:09Z
GFAI,0.9232,2025-11-12T15:05:24Z
GFEB,40.96,2025-11-12T17:41:15Z
GFF,71.75,2025-11-12T20:59:18Z
GFI,42.85,2025-11-12T20:59:51Z
GFL,43.72,2025-11-12T20:59:54Z
GFLW,28.6,2025-11-12T20:37:37Z
GFR,4.97,2025-11-12T20:58:58Z
GFS,34.195,2025-11-12T20:59:51Z
GGAL,55.43,2025-11-12T20:59:59Z
GGB,3.615,2025-11-12T20:59:42Z
GGG,82.55,2025-11-12T20:59:59Z
GGLL,86.07,2025-11-12T20:59:51Z
GGLS,7.52,2025-11-12T20:59:47Z
GGN,5.02,2025-11-12T20:50:01Z
GGN-B,20.68,2025-11-12T17:44:56Z
GGT,4.19,2025-11-12T20:39:06Z
GH,97.9,2025-11-12T20:59:57Z
GHC,1080.42,2025-11-12T20:59:58Z
GHG,1.94,2025-11-12T20:30:14Z
GHI,6.91,2025-11-12T20:59:21Z
GHLD,19.96,2025-11-12T20:00:43Z
GHM,61.2,2025-11-12T20:55:02Z
GHRS,15.035,2025-11-12T20:59:45Z
GHY,12.575,2025-11-12T20:58:11Z
GHYG,45.93,2025-11-12T18:53:17Z
GIAX,17.49,2025-11-12T15:31:46Z
GIB,87.465,2025-11-12T20:59:38Z
GIC,27.04,2025-11-12T20:59:33Z
GIFI,11.775,2025-11-12T20:57:10Z
GIFT,1.14,2025-11-12T20:58:49Z
GIG,10.515,2025-11-12T20:59:31Z
GIGB,46.5,2025-11-12T20:50:15Z
GIGL,51.2,2025-11-12T15:28:47Z
GIGM,1.52,2025-11-12T18:57:50Z
GIII,28.6,2025-11-12T20:59:41Z
GIL,58.54,2025-11-12T20:59:53Z
GILD,123.41,2025-11-12T20:59:57Z
GILT,13.39,2025-11-12T20:59:53Z
GIS,46.5,2025-11-12T20:59:59Z
GITS,1.535,2025-11-12T20:55:25Z
GIWWR,0.4,2025-11-12T19:40:39Z
GJAN,42.11,2025-11-12T15:55:04Z
GJUL,40.85,2025-11-12T20:32:38Z
GJUN,39.1,2025-11-12T16:10:01Z
GKOS,92.61,2025-11-12T20:59:57Z
GL,133.885,2025-11-12T20:57:39Z
GL-D,17.17,2025-11-12T15:09:39Z
GLAD,19.39,2025-11-12T20:59:53Z
GLBE,36.6,2025-11-12T20:59:51Z
GLBS,1.21,2025-11-12T20:34:56Z
GLD,385.99,2025-11-12T20:59:56Z
GLDD,12.91,2025-11-12T20:59:57Z
GLDG,1.4,2025-11-12T20:59:49Z
GLDM,83.075,2025-11-12T20:59:48Z
GLDW,53.93,2025-11-12T18:54:21Z
GLDY,17.23,2025-11-12T20:59:52Z
GLE,0.5156,2025-11-12T15:37:32Z
GLGG,20.38,2025-11-12T20:27:09Z
GLIBA,34.365,2025-11-12T17:49:08Z
GLIBK,33.54,2025-11-12T20:59:30Z
GLIN,46.72,2025-11-12T19:01:15Z
GLL,13.79,2025-11-12T20:59:50Z
GLMD,1.185,2025-11-12T15:58:11Z
GLNG,38.11,2025-11-12T20:59:44Z
GLO,5.835,2025-11-12T20:58:36Z
GLOB,61.78,2025-11-12T20:59:50Z
GLOP-A,25.435,2025-11-12T17:33:53Z
GLOV,57.515,2025-11-12T20:33:50Z
GLP,41.43,2025-11-12T20:58:04Z
GLPG,32.355,2025-11-12T20:56:25Z
GLPI,44.77,2025-11-12T20:59:56Z
GLQ,7.93,2025-11-12T20:55:29Z
GLRE,13.05,2025-11-12T20:59:46Z
GLRY,36.43,2025-11-12T16:27:56Z
GLSI,8.32,2025-11-12T20:59:37Z
GLTO,23.6,2025-11-12T20:58:22Z
GLUE,14.165,2025-11-12T20:59:58Z
GLV,6.24,2025-11-12T20:44:19Z
GLW,89.03,2025-11-12T20:59:55Z
GLXU,25.02,2025-11-12T20:51:05Z
GLXY,31.29,2025-11-12T20:59:53Z
GM,71.85,2025-11-12T20:59:54Z
GMAB,30.46,2025-11-12T20:59:46Z
GME,21.38,2025-11-12T20:59:59Z
GME+,2.73,2025-11-12T19:57:14Z
GMED,84.735,2025-11-12T20:59:51Z
GMEU,10.51,2025-11-12T20:59:59Z
GMEY,42.25,2025-11-12T16:07:04Z
GMGI,0.9726,2025-11-12T17:21:54Z
GMHS,1.095,2025-11-12T20:59:42Z
GMMF,100.335,2025-11-12T20:58:57Z
GMNY,50.02,2025-11-12T17:40:04Z
GMOM,33.33,2025-11-12T19:00:58Z
GMRE,32.2,2025-11-12T20:50:51Z
GMRE-A,24.205,2025-11-12T19:01:34Z
GMUB,51.175,2025-11-12T20:47:28Z
GNE,14.825,2025-11-12T20:54:49Z
GNFT,4.31,2025-11-12T14:39:07Z
GNK,17.705,2025-11-12T20:59:48Z
GNL,7.815,2025-11-12T20:59:56Z
GNL-B,22.16,2025-11-12T18:40:04Z
GNLN,2.84,2025-11-12T18:47:26Z
GNLX,5.935,2025-11-12T20:59:38Z
GNOM,44.53,2025-11-12T15:06:09Z
GNPX,4.625,2025-11-12T20:59:24Z
GNR,60.905,2025-11-12T20:58:23Z
GNRC,162.36,2025-11-12T20:59:47Z
GNS,0.8865,2025-11-12T20:49:48Z
GNSS,2.39,2025-11-12T20:59:27Z
GNT,7.22,2025-11-12T19:52:37Z
GNT-A,21.28,2025-11-12T17:35:48Z
GNTA,2.235,2025-11-12T16:44:18Z
GNTX,23.31,2025-11-12T20:59:59Z
GNW,8.49,2025-11-12T20:59:59Z
GO,11.4,2025-11-12T20:59:57Z
GOAU,40.49,2025-11-12T19:02:41Z
GOCO,3.43,2025-11-12T20:56:58Z
GOCT,39.01,2025-11-12T20:40:28Z
GOEX,71.3,2025-11-12T15:20:50Z
GOF,13.2,2025-11-12T20:52:47Z
GOGO,7.27,2025-11-12T20:59:58Z
GOLF,81.42,2025-11-12T20:59:27Z
GOOD,11.255,2025-11-12T20:59:52Z
GOOG,287.41,2025-11-12T20:59:56Z
GOOGL,286.79,2025-11-12T20:59:59Z
GOOP,37.05,2025-11-12T20:07:41Z
GOOS,13.41,2025-11-12T20:59:51Z
GOOW,68.26,2025-11-12T14:47:13Z
GOOX,60.55,2025-11-12T20:54:10Z
GOOY,14.505,2025-11-12T20:59:30Z
GORO,0.7575,2025-11-12T20:59:11Z
GORV,1.28,2025-11-12T20:58:40Z
GOSS,2.685,2025-11-12T20:59:57Z
GOTU,2.665,2025-11-12T20:59:54Z
GOVI,28.005,2025-11-12T20:59:50Z
GOVT,23.185,2025-11-12T20:59:43Z
GOVX,0.4931,2025-11-12T16:52:44Z
GOVZ,9.855,2025-11-12T20:59:30Z
GP,1.6,2025-11-12T15:32:19Z
GPC,127.09,2025-11-12T20:59:47Z
GPCR,35.97,2025-11-12T20:59:50Z
GPI,392.52,2025-11-12T20:59:40Z
GPIQ,53.27,2025-11-12T20:59:53Z
GPIX,52.77,2025-11-12T20:59:31Z
GPK,15.7,2025-11-12T20:59:56Z
GPMT,2.78,2025-11-12T20:59:49Z
GPN,77.41,2025-11-12T20:59:49Z
GPOR,211.5,2025-11-12T20:59:47Z
GPRE,9.765,2025-11-12T20:59:56Z
GPRK,8.03,2025-11-12T20:59:50Z
GPRO,1.645,2025-11-12T20:59:54Z
GPTY,45.89,2025-11-12T18:51:31Z
GPUS,0.3304,2025-11-12T20:59:47Z
GPZ,26.405,2025-11-12T20:59:59Z
GQGU,24.85,2025-11-12T18:00:08Z
GRAB,5.78,2025-11-12T20:59:54Z
GRAL,84.83,2025-11-12T20:59:40Z
GRBK,64.67,2025-11-12T20:57:10Z
GRBK-A,23.52,2025-11-12T17:35:04Z
GRC,44.835,2025-11-12T20:58:29Z
GRCE,3.055,2025-11-12T20:55:37Z
GRDN,31.545,2025-11-12T20:59:50Z
GREE,1.57,2025-11-12T20:50:04Z
GRFS,8.685,2025-11-12T20:59:50Z
GRI,1.865,2025-11-12T20:59:30Z
GRID,156.2,2025-11-12T20:59:44Z
GRMN,198.36,2025-11-12T20:59:09Z
GRNB,24.415,2025-11-12T20:50:15Z
GRND,14.775,2025-11-12T20:59:51Z
GRNQ,1.82,2025-11-12T15:01:32Z
GRNT,5.09,2025-11-12T20:59:56Z
GRNY,25.45,2025-11-12T20:58:00Z
GRO,2.04,2025-11-12T20:59:24Z
GROV,1.45,2025-11-12T20:15:01Z
GROW,2.42,2025-11-12T15:03:10Z
GROY,3.62,2025-11-12T20:59:47Z
GROZ,30.31,2025-11-12T15:31:17Z
GRPN,18.98,2025-11-12T20:59:49Z
GRRR,13.535,2025-11-12T20:59:38Z
GRWG,1.735,2025-11-12T20:59:35Z
GRX,9.5,2025-11-12T16:01:29Z
GS,839.165,2025-11-12T20:59:58Z
GS-A,20.375,2025-11-12T19:46:10Z
GS-C,20.62,2025-11-12T19:52:40Z
GS-D,20.2,2025-11-12T20:28:41Z
GSAT,64.36,2025-11-12T20:59:52Z
GSBD,9.825,2025-11-12T20:59:49Z
GSEP,38.41,2025-11-12T20:26:55Z
GSEW,85.005,2025-11-12T20:57:12Z
GSG,23.235,2025-11-12T20:59:41Z
GSHD,69.955,2025-11-12T20:59:23Z
GSIE,42.245,2025-11-12T20:59:48Z
GSIT,8.36,2025-11-12T20:59:52Z
GSIW,0.1614,2025-11-12T20:59:37Z
GSK,48.06,2025-11-12T20:59:58Z
GSL,34.355,2025-11-12T20:58:57Z
GSLC,132.38,2025-11-12T20:50:59Z
GSM,3.785,2025-11-12T20:59:59Z
GSOL,11.25,2025-11-12T20:37:30Z
GSRFR,2.5,2025-11-12T19:50:19Z
GSSC,74.6,2025-11-12T20:54:10Z
GSST,50.535,2025-11-12T17:32:10Z
GSUN,1.95,2025-11-12T20:49:14Z
GSUS,94.695,2025-11-12T20:56:12Z
GSY,50.325,2025-11-12T20:59:49Z
GT,7.74,2025-11-12T20:59:59Z
GTBP,0.7224,2025-11-12T20:33:03Z
GTE,4.45,2025-11-12T20:59:54Z
GTEC,1.195,2025-11-12T14:37:25Z
GTEK,40.19,2025-11-12T17:59:41Z
GTES,22.72,2025-11-12T20:59:58Z
GTI,2.71,2025-11-12T20:58:18Z
GTIM,1.34,2025-11-12T18:52:34Z
GTIP,49.765,2025-11-12T20:56:30Z
GTLB,46.47,2025-11-12T20:59:50Z
GTLS,203.5,2025-11-12T20:59:53Z
GTM,10.45,2025-11-12T20:59:56Z
GTN,4.91,2025-11-12T20:59:48Z
GTO,47.675,2025-11-12T20:49:15Z
GTX,17.115,2025-11-12T20:59:56Z
GTY,27.41,2025-11-12T20:59:59Z
GUG,15.39,2025-11-12T20:53:59Z
GUNR,44.865,2025-11-12T20:57:04Z
GUSH,24.085,2025-11-12T20:57:56Z
GUT,6.15,2025-11-12T20:31:08Z
GUTS,1.105,2025-11-12T20:59:52Z
GV,1.36,2025-11-12T20:56:41Z
GVA,102.4,2025-11-12T20:59:50Z
GVAL,31.18,2025-11-12T20:49:27Z
GVI,107.53,2025-11-12T20:59:59Z
GWH,4.475,2025-11-12T20:59:40Z
GWRE,220.95,2025-11-12T20:59:47Z
GWRS,9.87,2025-11-12T20:57:40Z
GWW,944.76,2025-11-12T20:59:16Z
GWX,40.165,2025-11-12T20:06:14Z
GXAI,1.435,2025-11-12T20:59:53Z
GXIG,25.72,2025-11-12T20:51:43Z
GXO,52.015,2025-11-12T20:59:52Z
GXPC,28.54,2025-11-12T14:36:46Z
GXPT,28.07,2025-11-12T15:15:00Z
GYRE,8.34,2025-11-12T20:56:29Z
H,156.77,2025-11-12T20:59:47Z
HACK,86.09,2025-11-12T20:55:06Z
HAE,73.115,2025-11-12T20:59:51Z
HAFC,26.92,2025-11-12T20:59:30Z
HAFN,6.44,2025-11-12T20:59:57Z
HAIN,1.44,2025-11-12T20:59:56Z
HAL,26.92,2025-11-12T20:59:58Z
HALO,70.64,2025-11-12T20:59:51Z
HAO,0.92,2025-11-12T20:53:55Z
HARD,30.245,2025-11-12T16:41:16Z
HAS,79.135,2025-11-12T20:59:59Z
HASI,33.935,2025-11-12T20:59:50Z
HAUZ,23.635,2025-11-12T20:59:45Z
HAWX,39.815,2025-11-12T18:22:49Z
HAYW,16.04,2025-11-12T20:59:53Z
HBAN,15.935,2025-11-12T20:59:59Z
HBANP,17.84,2025-11-12T15:40:45Z
HBB,14.04,2025-11-12T17:29:00Z
HBI,6.655,2025-11-12T20:59:56Z
HBIO,0.6169,2025-11-12T20:57:41Z
HBM,17.005,2025-11-12T20:59:57Z
HBNB,7.87,2025-11-12T20:21:08Z
HBNC,16.14,2025-11-12T20:59:40Z
HBR,24,2025-11-12T20:42:38Z
HBT,23.78,2025-11-12T20:51:47Z
HBTA,29.14,2025-11-12T19:53:28Z
HBTC,27.74,2025-11-12T16:49:36Z
HCA,473.83,2025-11-12T20:59:55Z
HCAI,0.539,2025-11-12T16:22:15Z
HCAT,2.46,2025-11-12T20:59:51Z
HCC,84.05,2025-11-12T20:59:48Z
HCI,189.37,2025-11-12T20:59:48Z
HCKT,18.54,2025-11-12T20:59:35Z
HCM,15.27,2025-11-12T20:59:00Z
HCMT,39.26,2025-11-12T17:06:26Z
HCRB,35.67,2025-11-12T20:55:02Z
HCSG,17.705,2025-11-12T20:59:50Z
HCTI,2.595,2025-11-12T20:59:46Z
HCWB,2.66,2025-11-12T20:29:22Z
HCWC,0.6199,2025-11-12T20:59:13Z
HCXY,25.18,2025-11-12T16:14:47Z
HD,371.04,2025-11-12T20:59:53Z
HDB,36.47,2025-11-12T20:59:59Z
HDEF,30.6,2025-11-12T16:35:25Z
HDGE,16.83,2025-11-12T18:38:37Z
HDSN,7.22,2025-11-12T20:59:56Z
HDV,121.745,2025-11-12T20:59:47Z
HE,11.58,2025-11-12T20:59:58Z
HEAL,30.715,2025-11-12T16:29:44Z
HECA,28.39,2025-11-12T18:28:44Z
HEDJ,52.895,2025-11-12T20:56:05Z
HEFA,41.83,2025-11-12T20:59:51Z
HEGD,25.44,2025-11-12T20:58:46Z
HEI,325.52,2025-11-12T20:59:46Z
HEI.A,253.61,2025-11-12T20:59:41Z
HELE,19.835,2025-11-12T20:59:59Z
HELO,65.86,2025-11-12T20:59:32Z
HEPS,2.33,2025-11-12T20:48:26Z
HEQ,10.85,2025-11-12T20:52:29Z
HEQT,31.88,2025-11-12T18:26:55Z
HERE,5.52,2025-11-12T20:59:51Z
HERZ,2.4,2025-11-12T17:37:44Z
HESM,33.27,2025-11-12T20:59:52Z
HEZU,44.01,2025-11-12T20:55:19Z
HFFG,2.28,2025-11-12T20:31:57Z
HFRO,6.47,2025-11-12T20:43:26Z
HFRO-B,16.53,2025-11-12T16:04:41Z
HFSI,35.795,2025-11-12T20:59:46Z
HFWA,22.375,2025-11-12T20:59:42Z
HFXI,32.715,2025-11-12T20:50:19Z
HG,26.49,2025-11-12T20:59:54Z
HGBL,1.29,2025-11-12T19:13:12Z
HGER,26.91,2025-11-12T20:59:59Z
HGLB,10.245,2025-11-12T19:15:25Z
HGTY,13.72,2025-11-12T20:59:51Z
HGV,40.41,2025-11-12T20:59:44Z
HHH,87.93,2025-11-12T20:58:31Z
HI,31.67,2025-11-12T20:59:59Z
HIBL,64.01,2025-11-12T20:52:34Z
HIBS,5.64,2025-11-12T20:59:51Z
HIFS,281.55,2025-11-12T16:13:48Z
HIG,132.65,2025-11-12T20:59:52Z
HII,318.12,2025-11-12T20:59:54Z
HIMS,38.99,2025-11-12T20:59:52Z
HIMU,49.28,2025-11-12T20:57:37Z
HIMX,7.6,2025-11-12T20:59:54Z
HIMZ,9.32,2025-11-12T20:59:31Z
HIO,3.8,2025-11-12T20:59:23Z
HIPO,33.66,2025-11-12T20:59:24Z
HIT,1.84,2025-11-12T20:55:28Z
HITI,2.96,2025-11-12T20:59:05Z
HIVE,4.07,2025-11-12T20:59:54Z
HIW,29.03,2025-11-12T20:59:54Z
HIX,4.27,2025-11-12T20:59:50Z
HIYY,32.35,2025-11-12T15:51:10Z
HKD,1.66,2025-11-12T20:59:55Z
HKIT,2.35,2025-11-12T20:31:43Z
HKPD,1.255,2025-11-12T19:17:21Z
HL,15.54,2025-11-12T20:59:59Z
HLAL,61.45,2025-11-12T20:56:32Z
HLF,9.34,2025-11-12T20:59:55Z
HLI,184.59,2025-11-12T20:59:49Z
HLIO,53.175,2025-11-12T20:58:27Z
HLIT,10.26,2025-11-12T20:59:59Z
HLLY,3.85,2025-11-12T20:59:58Z
HLMN,8.69,2025-11-12T20:59:59Z
HLN,9.88,2025-11-12T20:59:56Z
HLNE,134.49,2025-11-12T20:59:46Z
HLT,274.71,2025-11-12T20:59:54Z
HLX,6.65,2025-11-12T20:59:59Z
HMC,30.04,2025-11-12T20:59:58Z
HMN,45.55,2025-11-12T20:59:45Z
HMOP,39.24,2025-11-12T20:49:47Z
HMY,18.84,2025-11-12T20:59:56Z
HNDL,22.425,2025-11-12T20:59:47Z
HNGE,42.33,2025-11-12T20:59:54Z
HNI,39.63,2025-11-12T20:59:59Z
HNRG,22.71,2025-11-12T20:59:59Z
HNST,2.74,2025-11-12T20:59:57Z
HNVR,22.33,2025-11-12T20:02:47Z
HODL,28.7,2025-11-12T20:59:48Z
HOFT,9.86,2025-11-12T20:55:59Z
HOG,25.205,2025-11-12T20:59:54Z
HOLA,52.87,2025-11-12T20:54:52Z
HOLO,3.66,2025-11-12T20:57:28Z
HOLX,74.58,2025-11-12T20:59:59Z
HOMB,27.345,2025-11-12T20:59:49Z
HON,201.64,2025-11-12T20:59:48Z
HOOD,132.94,2025-11-12T20:59:56Z
HOOG,91.9,2025-11-12T20:59:19Z
HOOI,18.88,2025-11-12T20:01:21Z
HOOW,65.27,2025-11-12T20:54:50Z
HOOX,143.66,2025-11-12T20:54:50Z
HOOY,61.02,2025-11-12T18:11:40Z
HOPE,10.44,2025-11-12T20:59:58Z
HOTH,1.275,2025-11-12T20:58:54Z
HOUR,2.36,2025-11-12T20:59:52Z
HOUS,12.685,2025-11-12T20:59:56Z
HOV,125.32,2025-11-12T19:13:42Z
HOVR,1.985,2025-11-12T20:59:24Z
HOWL,1.085,2025-11-12T20:59:33Z
HOYY,20.725,2025-11-12T17:57:01Z
HP,26.61,2025-11-12T20:59:46Z
HPE,23.48,2025-11-12T20:59:59Z
HPE-C,65.72,2025-11-12T20:59:27Z
HPF,16.75,2025-11-12T18:20:57Z
HPI,17.37,2025-11-12T15:52:53Z
HPK,5.98,2025-11-12T20:59:42Z
HPP,2.155,2025-11-12T20:59:57Z
HPP-C,15.09,2025-11-12T16:48:52Z
HPQ,25.22,2025-11-12T20:59:59Z
HPS,15.37,2025-11-12T20:00:46Z
HQH,18.89,2025-11-12T20:46:08Z
HQI,9.675,2025-11-12T15:23:27Z
HQL,17.01,2025-11-12T20:56:11Z
HQY,100.59,2025-11-12T20:59:45Z
HR,18.23,2025-11-12T20:59:58Z
HRB,45.96,2025-11-12T20:59:57Z
HRI,139.3,2025-11-12T20:59:14Z
HRL,22.28,2025-11-12T20:59:59Z
HRMY,33.55,2025-11-12T20:59:55Z
HROW,38.5,2025-11-12T20:59:50Z
HRTG,29.825,2025-11-12T20:59:50Z
HRTX,1.11,2025-11-12T20:59:56Z
HRZN,6.7,2025-11-12T20:59:54Z
HSAI,21.53,2025-11-12T20:59:58Z
HSBC,73.505,2025-11-12T20:59:49Z
HSCS,2.96,2025-11-12T20:18:08Z
HSDT,5.24,2025-11-12T20:59:10Z
HSHP,8.24,2025-11-12T20:59:34Z
HSIC,72.845,2025-11-12T20:59:46Z
HSII,58.83,2025-11-12T20:59:53Z
HST,18.05,2025-11-12T20:59:59Z
HSTM,24.55,2025-11-12T20:59:33Z
HSY,178.28,2025-11-12T20:59:57Z
HTAB,19.305,2025-11-12T20:55:08Z
HTAX,24.59,2025-11-12T19:20:38Z
HTB,40.315,2025-11-12T20:39:48Z
HTBK,10.72,2025-11-12T20:59:41Z
HTCR,0.665,2025-11-12T15:12:53Z
HTD,25.175,2025-11-12T20:54:10Z
HTFL,35.75,2025-11-12T20:59:14Z
HTGC,17.7,2025-11-12T20:59:53Z
HTH,33.74,2025-11-12T20:59:40Z
HTHT,45.45,2025-11-12T20:59:51Z
HTLD,7.75,2025-11-12T20:59:51Z
HTLM,3.11,2025-11-12T15:01:35Z
HTO,46.97,2025-11-12T20:59:45Z
HTRB,34.475,2025-11-12T20:59:38Z
HTZ,6.34,2025-11-12T20:59:58Z
HTZWW,3.46,2025-11-12T20:57:27Z
HUBB,452.88,2025-11-12T20:59:55Z
HUBC,1.38,2025-11-12T20:59:34Z
HUBG,35.99,2025-11-12T20:59:45Z
HUBS,394.95,2025-11-12T20:59:50Z
HUDI,1.28,2025-11-12T18:57:07Z
HUHU,10.51,2025-11-12T20:56:29Z
HUIZ,3.29,2025-11-12T14:44:22Z
HUM,240.48,2025-11-12T20:59:57Z
HUMA,1.245,2025-11-12T20:59:59Z
HUMN,29.695,2025-11-12T20:06:23Z
HUN,8.485,2025-11-12T20:59:51Z
HURA,2.24,2025-11-12T20:58:09Z
HURC,16.63,2025-11-12T19:53:36Z
HURN,165.53,2025-11-12T20:59:52Z
HUSA,5.31,2025-11-12T20:54:21Z
HUSV,39.04,2025-11-12T15:59:56Z
HUT,41.71,2025-11-12T20:59:44Z
HUYA,2.68,2025-11-12T20:59:52Z
HVII,10.395,2025-11-12T17:15:41Z
HVIIR,0.3601,2025-11-12T19:27:46Z
HVT,22.81,2025-11-12T20:59:38Z
HWBK,31.78,2025-11-12T20:52:55Z
HWC,59.345,2025-11-12T20:59:53Z
HWCPZ,24.06,2025-11-12T16:50:25Z
HWKN,132.52,2025-11-12T20:57:42Z
HWM,205.05,2025-11-12T20:59:57Z
HXHX,0.575,2025-11-12T19:33:47Z
HXL,68.73,2025-11-12T20:59:45Z
HY,29.84,2025-11-12T20:59:37Z
HYAC+,1.25,2025-11-12T20:54:09Z
HYBB,47.17,2025-11-12T20:56:03Z
HYBI,50.5,2025-11-12T19:27:43Z
HYBL,28.49,2025-11-12T20:59:47Z
HYD,50.945,2025-11-12T20:57:30Z
HYDB,47.325,2025-11-12T20:40:25Z
HYEM,19.99,2025-11-12T19:48:42Z
HYFI,37.67,2025-11-12T20:56:42Z
HYFT,1.815,2025-11-12T20:51:09Z
HYG,80.555,2025-11-12T20:59:59Z
HYGH,86.07,2025-11-12T17:21:49Z
HYGV,40.745,2025-11-12T20:58:45Z
HYGW,30.07,2025-11-12T20:55:10Z
HYHG,64,2025-11-12T19:31:57Z
HYI,11.33,2025-11-12T20:16:42Z
HYIN,16.13,2025-11-12T18:43:30Z
HYLB,36.81,2025-11-12T20:59:41Z
HYLN,1.895,2025-11-12T20:59:54Z
HYLS,41.85,2025-11-12T20:50:07Z
HYMB,25.18,2025-11-12T20:59:50Z
HYMC,9.065,2025-11-12T20:59:56Z
HYP,23.83,2025-11-12T18:25:25Z
HYPD,5.385,2025-11-12T20:59:56Z
HYPR,1.135,2025-11-12T20:55:01Z
HYS,94.78,2025-11-12T20:58:01Z
HYSA,15.23,2025-11-12T15:12:13Z
HYT,9.465,2025-11-12T20:59:52Z
HYTI,19.78,2025-11-12T17:15:14Z
HYTR,21.82,2025-11-12T17:42:04Z
HYXF,47.17,2025-11-12T18:12:49Z
HYZD,22.5,2025-11-12T20:53:54Z
HZO,23.535,2025-11-12T20:59:46Z
IAC,34.16,2025-11-12T20:59:50Z
IAE,7.46,2025-11-12T20:58:53Z
IAG,14.44,2025-11-12T20:59:49Z
IAGG,51.78,2025-11-12T20:59:25Z
IAI,179.47,2025-11-12T20:34:35Z
IAK,133.54,2025-11-12T17:44:32Z
IAPR,30.45,2025-11-12T15:12:36Z
IART,12.1,2025-11-12T20:59:45Z
IAS,10.27,2025-11-12T20:59:56Z
IAT,50.89,2025-11-12T20:59:50Z
IAU,79.055,2025-11-12T20:59:49Z
IAUI,55.32,2025-11-12T19:07:59Z
IAUM,41.835,2025-11-12T20:59:54Z
IAUX,0.9921,2025-11-12T20:59:45Z
IBB,164.955,2025-11-12T20:59:50Z
IBBQ,27.65,2025-11-12T20:50:18Z
IBCP,31.11,2025-11-12T20:59:26Z
IBD,24.15,2025-11-12T20:59:59Z
IBDQ,25.13,2025-11-12T20:59:59Z
IBDR,24.245,2025-11-12T20:55:22Z
IBDS,24.28,2025-11-12T20:59:45Z
IBDT,25.455,2025-11-12T20:59:50Z
IBDU,23.42,2025-11-12T20:59:59Z
IBDV,22.095,2025-11-12T20:59:47Z
IBDW,21.175,2025-11-12T20:58:01Z
IBDX,25.56,2025-11-12T20:56:10Z
IBDY,26.175,2025-11-12T20:52:09Z
IBDZ,26.44,2025-11-12T20:51:18Z
IBEX,36.85,2025-11-12T19:14:59Z
IBG,1.87,2025-11-12T20:01:17Z
IBHE,23.16,2025-11-12T20:59:50Z
IBHF,23.225,2025-11-12T20:59:45Z
IBHG,22.34,2025-11-12T19:54:11Z
IBHH,23.67,2025-11-12T18:09:11Z
IBHI,23.59,2025-11-12T20:59:45Z
IBHJ,26.64,2025-11-12T16:15:47Z
IBHL,25.64,2025-11-12T19:15:07Z
IBID,26.02,2025-11-12T17:19:16Z
IBIE,26.2,2025-11-12T20:45:07Z
IBIJ,26.27,2025-11-12T19:25:22Z
IBIL,25.805,2025-11-12T15:45:11Z
IBIO,1.245,2025-11-12T20:59:59Z
IBIT,57.575,2025-11-12T20:59:57Z
IBKR,72.72,2025-11-12T20:59:59Z
IBLC,52.62,2025-11-12T16:21:20Z
IBM,314.99,2025-11-12T20:59:51Z
IBMN,26.76,2025-11-12T16:36:24Z
IBMO,25.605,2025-11-12T20:59:50Z
IBMP,25.355,2025-11-12T20:19:49Z
IBMQ,25.5,2025-11-12T18:19:42Z
IBMR,25.37,2025-11-12T19:53:46Z
IBMS,25.96,2025-11-12T15:44:53Z
IBMT,25.92,2025-11-12T20:37:06Z
IBN,30.53,2025-11-12T20:59:58Z
IBND,31.88,2025-11-12T18:11:54Z
IBOC,65.6,2025-11-12T20:59:45Z
IBOT,51.715,2025-11-12T17:12:27Z
IBP,265.81,2025-11-12T20:59:38Z
IBRX,2.055,2025-11-12T20:59:45Z
IBTA,32.68,2025-11-12T20:58:43Z
IBTF,23.31,2025-11-12T17:34:15Z
IBTG,22.895,2025-11-12T20:58:00Z
IBTH,22.475,2025-11-12T17:06:35Z
IBTI,22.375,2025-11-12T18:04:21Z
IBTJ,21.965,2025-11-12T20:59:39Z
IBTK,19.895,2025-11-12T20:59:46Z
IBTL,20.61,2025-11-12T20:54:52Z
IBTM,23.205,2025-11-12T20:59:38Z
IBTO,24.735,2025-11-12T20:59:46Z
IBTP,26.02,2025-11-12T19:15:12Z
IBUF,28.81,2025-11-12T14:43:04Z
ICAP,27.74,2025-11-12T19:21:28Z
ICCM,0.7034,2025-11-12T20:58:15Z
ICE,154.06,2025-11-12T20:59:51Z
ICF,61.515,2025-11-12T19:18:00Z
ICFI,78.85,2025-11-12T20:59:41Z
ICG,1.07,2025-11-12T20:47:41Z
ICHR,16.16,2025-11-12T20:59:51Z
ICL,5.515,2025-11-12T20:59:13Z
ICLN,17.665,2025-11-12T20:59:55Z
ICLO,25.62,2025-11-12T18:51:53Z
ICLR,163.5,2025-11-12T20:59:46Z
ICMB,2.635,2025-11-12T20:35:46Z
ICOI,26.37,2025-11-12T19:43:55Z
ICON,1.21,2025-11-12T20:45:39Z
ICOP,39.58,2025-11-12T14:40:54Z
ICOW,38.765,2025-11-12T20:01:51Z
ICSH,50.635,2025-11-12T20:55:53Z
ICU,0.4999,2025-11-12T20:50:01Z
ICUI,139.07,2025-11-12T20:59:54Z
ICVT,101.32,2025-11-12T20:37:40Z
IDA,130.8,2025-11-12T20:59:46Z
IDAI,4.675,2025-11-12T20:18:53Z
IDCC,354.93,2025-11-12T20:59:30Z
IDE,11.845,2025-11-12T14:45:47Z
IDEV,82.38,2025-11-12T20:59:49Z
IDGT,90.18,2025-11-12T20:59:25Z
IDMO,55.32,2025-11-12T20:58:07Z
IDN,4.52,2025-11-12T20:57:56Z
IDNA,26.31,2025-11-12T20:59:27Z
IDOG,38.09,2025-11-12T20:59:11Z
IDR,33.45,2025-11-12T20:59:45Z
IDT,52.39,2025-11-12T20:55:39Z
IDU,112.77,2025-11-12T20:30:04Z
IDUB,24.23,2025-11-12T20:22:51Z
IDV,38.555,2025-11-12T20:59:45Z
IDVO,38.43,2025-11-12T20:59:59Z
IDXX,713.31,2025-11-12T20:59:50Z
IDYA,31.955,2025-11-12T20:59:43Z
IE,13.42,2025-11-12T20:59:48Z
IEF,96.875,2025-11-12T20:59:41Z
IEFA,89.875,2025-11-12T20:59:58Z
IEI,119.71,2025-11-12T20:59:51Z
IEMG,68.53,2025-11-12T20:59:59Z
IEO,93.23,2025-11-12T20:35:23Z
IEP,9,2025-11-12T20:58:43Z
IESC,389.65,2025-11-12T20:59:41Z
IEUR,70.205,2025-11-12T20:59:45Z
IEV,67.855,2025-11-12T20:58:23Z
IEX,169.445,2025-11-12T20:59:41Z
IEZ,20.36,2025-11-12T20:57:28Z
IFF,65.41,2025-11-12T20:59:50Z
IFGL,23.27,2025-11-12T20:51:42Z
IFN,15.16,2025-11-12T20:59:33Z
IFRA,52.91,2025-11-12T20:59:32Z
IFRX,1.46,2025-11-12T20:59:54Z
IFS,41.65,2025-11-12T20:59:07Z
IFV,24.63,2025-11-12T20:11:56Z
IG,20.97,2025-11-12T16:18:13Z
IGA,9.62,2025-11-12T20:58:57Z
IGBH,24.43,2025-11-12T16:58:51Z
IGC,0.3681,2025-11-12T20:49:12Z
IGD,5.74,2025-11-12T20:59:50Z
IGE,49.3,2025-11-12T20:04:07Z
IGEB,45.845,2025-11-12T20:50:01Z
IGF,62.5,2025-11-12T20:59:46Z
IGI,16.49,2025-11-12T20:58:46Z
IGIB,54.01,2025-11-12T20:59:43Z
IGIC,22.98,2025-11-12T20:48:59Z
IGLB,51.275,2025-11-12T20:59:48Z
IGLD,25.45,2025-11-12T19:09:23Z
IGM,131,2025-11-12T20:59:24Z
IGOV,42.29,2025-11-12T20:49:22Z
IGR,4.86,2025-11-12T20:56:18Z
IGRO,81.565,2025-11-12T20:48:20Z
IGSB,52.91,2025-11-12T20:59:45Z
IGV,109.88,2025-11-12T20:59:50Z
IHAK,51.49,2025-11-12T20:55:06Z
IHD,6.3,2025-11-12T20:59:50Z
IHDG,48.16,2025-11-12T20:59:44Z
IHE,80.36,2025-11-12T19:44:53Z
IHF,48.89,2025-11-12T20:59:46Z
IHG,132.305,2025-11-12T20:07:34Z
IHI,63.18,2025-11-12T20:59:50Z
IHRT,4.25,2025-11-12T20:59:58Z
IHS,6.88,2025-11-12T20:59:53Z
IHT,1.48,2025-11-12T20:28:01Z
IHY,21.9,2025-11-12T16:41:53Z
IIGD,24.87,2025-11-12T20:55:40Z
III,5.395,2025-11-12T20:58:45Z
IIIN,32.42,2025-11-12T20:59:45Z
IIIV,29.35,2025-11-12T20:59:44Z
IIM,12.53,2025-11-12T20:55:25Z
IINN,1.01,2025-11-12T14:30:02Z
IIPR,50.55,2025-11-12T20:59:29Z
IIPR-A,25.11,2025-11-12T20:16:13Z
IJAN,35.65,2025-11-12T20:07:36Z
IJH,65.555,2025-11-12T20:59:56Z
IJJ,129.62,2025-11-12T20:59:46Z
IJK,96.79,2025-11-12T20:54:39Z
IJR,119.49,2025-11-12T20:59:59Z
IJS,112.52,2025-11-12T20:59:39Z
IJT,141.65,2025-11-12T15:39:15Z
IJUL,33.21,2025-11-12T18:36:23Z
IKT,1.62,2025-11-12T20:59:28Z
ILCB,94.68,2025-11-12T19:58:30Z
ILCG,105.4,2025-11-12T20:06:30Z
ILDR,33.58,2025-11-12T20:58:42Z
ILF,30.77,2025-11-12T20:59:57Z
ILLR,0.5509,2025-11-12T20:59:56Z
ILMN,121.93,2025-11-12T20:59:45Z
ILPT,5.63,2025-11-12T20:59:47Z
IMA,8.5,2025-11-12T20:54:47Z
IMAX,35.96,2025-11-12T20:59:55Z
IMCB,83.35,2025-11-12T20:26:44Z
IMCC,1.455,2025-11-12T17:18:42Z
IMCG,82.19,2025-11-12T16:43:36Z
IMCR,35.35,2025-11-12T20:55:43Z
IMDX,8.49,2025-11-12T20:59:58Z
IMG,0.1713,2025-11-12T20:59:27Z
IMKTA,73.26,2025-11-12T18:42:49Z
IMMP,1.785,2025-11-12T20:48:00Z
IMMR,6.745,2025-11-12T20:59:49Z
IMMX,3.71,2025-11-12T20:59:51Z
IMNM,17.44,2025-11-12T20:59:54Z
IMNN,3.95,2025-11-12T20:58:46Z
IMO,96.725,2025-11-12T20:58:29Z
IMOM,38.01,2025-11-12T20:55:14Z
IMOS,25.45,2025-11-12T20:00:38Z
IMPP,6.13,2025-11-12T20:59:51Z
IMRN,1.61,2025-11-12T20:58:42Z
IMRX,6.6,2025-11-12T20:59:50Z
IMSR,13.45,2025-11-12T20:59:27Z
IMSRW,5.05,2025-11-12T16:45:23Z
IMST,20.92,2025-11-12T20:23:09Z
IMTB,44.32,2025-11-12T17:23:14Z
IMTE,0.9037,2025-11-12T20:35:19Z
IMTM,48.98,2025-11-12T20:59:59Z
IMTX,10.67,2025-11-12T20:59:47Z
IMUX,0.7601,2025-11-12T20:59:25Z
IMVT,23.43,2025-11-12T20:59:55Z
IMXI,15.105,2025-11-12T20:59:52Z
INAB,1.65,2025-11-12T15:14:31Z
INBK,18.08,2025-11-12T20:51:38Z
INBS,0.7807,2025-11-12T20:44:05Z
INBX,74.54,2025-11-12T20:48:52Z
INCM,27.955,2025-11-12T20:58:54Z
INCY,108.26,2025-11-12T20:59:52Z
INDA,54.54,2025-11-12T20:59:58Z
INDB,69.73,2025-11-12T20:59:12Z
INDI,4.27,2025-11-12T20:59:57Z
INDO,2.77,2025-11-12T20:21:29Z
INDP,3.02,2025-11-12T15:39:38Z
INDV,30.085,2025-11-12T20:59:55Z
INDY,53.43,2025-11-12T20:54:11Z
INFA,24.85,2025-11-12T20:59:59Z
INFL,45.76,2025-11-12T20:55:14Z
INFU,10.39,2025-11-12T20:59:29Z
INFY,17.085,2025-11-12T20:59:56Z
ING,26.505,2025-11-12T20:59:58Z
INGM,21.29,2025-11-12T20:59:51Z
INGN,7.1,2025-11-12T20:59:43Z
INGR,108.065,2025-11-12T20:59:49Z
INHD,1.01,2025-11-12T20:59:46Z
INLF,0.6951,2025-11-12T20:06:34Z
INM,1.74,2025-11-12T20:59:49Z
INMB,1.51,2025-11-12T20:59:52Z
INMD,14.6,2025-11-12T20:59:49Z
INMU,24.105,2025-11-12T20:56:55Z
INN,5.55,2025-11-12T20:59:50Z
INN-E,20.17,2025-11-12T15:43:26Z
INNV,5.7,2025-11-12T20:59:56Z
INO,1.955,2025-11-12T20:59:56Z
INOD,61.92,2025-11-12T20:59:45Z
INOV,34.21,2025-11-12T20:54:59Z
INQQ,15.82,2025-11-12T20:19:56Z
INR,13.51,2025-11-12T20:59:54Z
INSE,8.32,2025-11-12T20:59:42Z
INSG,12.45,2025-11-12T20:55:14Z
INSM,194.46,2025-11-12T20:59:59Z
INSP,90.84,2025-11-12T20:59:51Z
INSW,53.51,2025-11-12T20:59:41Z
INTA,42.55,2025-11-12T20:59:41Z
INTC,37.89,2025-11-12T20:59:59Z
INTF,37.19,2025-11-12T20:55:14Z
INTJ,0.5822,2025-11-12T16:30:30Z
INTL,28.35,2025-11-12T15:43:05Z
INTR,9.89,2025-11-12T20:59:58Z
INTS,0.5094,2025-11-12T20:59:36Z
INTT,8.355,2025-11-12T20:49:44Z
INTU,659.255,2025-11-12T20:59:50Z
INTW,47.71,2025-11-12T20:59:00Z
INTZ,1.62,2025-11-12T20:56:03Z
INUV,2.59,2025-11-12T20:59:10Z
INV,3.705,2025-11-12T20:58:07Z
INVA,22.29,2025-11-12T20:59:56Z
INVE,3.75,2025-11-12T20:54:11Z
INVH,28.92,2025-11-12T20:59:59Z
INVX,20.25,2025-11-12T20:59:06Z
INVZ,1.515,2025-11-12T20:59:41Z
IOBT,0.8067,2025-11-12T20:59:17Z
IOCT,34.53,2025-11-12T19:11:37Z
IONL,48.15,2025-11-12T20:10:18Z
IONQ,50.73,2025-11-12T20:59:59Z
IONR,4.3,2025-11-12T20:30:01Z
IONS,72.67,2025-11-12T20:59:59Z
IONX,67.36,2025-11-12T20:59:38Z
IONZ,4.695,2025-11-12T20:59:42Z
IOO,126.97,2025-11-12T20:51:10Z
IOSP,74.91,2025-11-12T20:58:07Z
IOT,39.45,2025-11-12T20:59:54Z
IOVA,2.55,2025-11-12T20:59:55Z
IP,38.18,2025-11-12T20:59:57Z
IPAC,75.545,2025-11-12T19:16:09Z
IPAR,88.46,2025-11-12T20:59:12Z
IPDN,2.04,2025-11-12T20:52:57Z
IPG,25.45,2025-11-12T20:59:55Z
IPGP,85.07,2025-11-12T20:59:26Z
IPHA,1.92,2025-11-12T19:42:11Z
IPI,26.49,2025-11-12T20:59:46Z
IPKW,54.38,2025-11-12T20:01:36Z
IPM,2,2025-11-12T20:50:38Z
IPO,46.02,2025-11-12T15:53:48Z
IPSC,0.5626,2025-11-12T20:19:29Z
IPST,14.69,2025-11-12T16:46:10Z
IPW,9.8,2025-11-12T20:56:15Z
IPWR,4.84,2025-11-12T20:49:29Z
IPX,34.28,2025-11-12T20:54:51Z
IQ,2.17,2025-11-12T20:59:50Z
IQDF,29.93,2025-11-12T17:35:59Z
IQDG,40.79,2025-11-12T19:49:07Z
IQI,10.03,2025-11-12T19:27:15Z
IQLT,45.345,2025-11-12T20:59:45Z
IQQQ,44.85,2025-11-12T17:03:46Z
IQSI,35.06,2025-11-12T20:42:42Z
IQST,4.91,2025-11-12T20:14:14Z
IQV,220.85,2025-11-12T20:59:56Z
IR,77.73,2025-11-12T20:59:57Z
IRBT,2.095,2025-11-12T20:59:48Z
IRD,1.92,2025-11-12T20:59:36Z
IRDM,16.855,2025-11-12T20:59:56Z
IRE,15.885,2025-11-12T20:59:47Z
IREN,55.695,2025-11-12T20:59:59Z
IREX,26.11,2025-11-12T20:38:37Z
IRIX,0.9532,2025-11-12T14:48:02Z
IRM,98.1,2025-11-12T20:59:57Z
IRMD,87.02,2025-11-12T20:56:56Z
IROC,50.99,2025-11-12T14:48:43Z
IRON,86.1,2025-11-12T20:59:52Z
IRS,15.83,2025-11-12T20:59:57Z
IRT,16.565,2025-11-12T20:59:56Z
IRTC,178.68,2025-11-12T20:59:17Z
IRWD,3.12,2025-11-12T20:59:59Z
ISBA,41.795,2025-11-12T18:42:28Z
ISCF,40.885,2025-11-12T20:16:31Z
ISCG,55.05,2025-11-12T20:55:11Z
ISCV,67.43,2025-11-12T17:50:00Z
ISHG,75.33,2025-11-12T20:58:00Z
ISMD,37.93,2025-11-12T20:58:04Z
ISOU,8.57,2025-11-12T20:50:02Z
ISPO,2.31,2025-11-12T20:07:00Z
ISPR,1.64,2025-11-12T20:53:40Z
ISPY,45.75,2025-11-12T20:49:14Z
ISRA,58.065,2025-11-12T16:24:47Z
ISRG,572.73,2025-11-12T20:59:51Z
ISSC,8.89,2025-11-12T20:59:28Z
ISTB,48.76,2025-11-12T20:59:59Z
ISTR,23.925,2025-11-12T20:18:33Z
ISUL,40.09,2025-11-12T14:50:54Z
ISWN,21.6,2025-11-12T20:07:36Z
IT,230.15,2025-11-12T20:59:46Z
ITA,209.56,2025-11-12T20:59:50Z
ITB,99.41,2025-11-12T20:59:50Z
ITGR,69.485,2025-11-12T20:59:43Z
ITM,47.06,2025-11-12T19:56:11Z
ITOT,149.02,2025-11-12T20:59:38Z
ITP,0.2364,2025-11-12T20:32:26Z
ITRG,3.255,2025-11-12T20:59:51Z
ITRI,104.83,2025-11-12T20:59:32Z
ITRM,0.594,2025-11-12T16:29:25Z
ITRN,37.96,2025-11-12T19:58:53Z
ITT,189.45,2025-11-12T20:58:07Z
ITUB,7.64,2025-11-12T20:59:55Z
ITW,245.46,2025-11-12T20:59:50Z
IUSB,46.785,2025-11-12T20:59:47Z
IUSG,168.53,2025-11-12T20:54:10Z
IUSV,102.525,2025-11-12T20:59:33Z
IVA,4.04,2025-11-12T20:50:54Z
IVAL,30.665,2025-11-12T20:27:26Z
IVDA,0.8324,2025-11-12T18:43:36Z
IVE,212.08,2025-11-12T20:59:40Z
IVES,33.18,2025-11-12T20:59:00Z
IVF,0.5777,2025-11-12T20:57:30Z
IVLU,37.33,2025-11-12T20:59:08Z
IVOG,120.695,2025-11-12T16:05:52Z
IVOL,19.165,2025-11-12T20:08:40Z
IVOO,110.89,2025-11-12T20:59:45Z
IVP,0.6925,2025-11-12T15:24:03Z
IVR,7.79,2025-11-12T20:59:49Z
IVT,28.03,2025-11-12T20:59:50Z
IVV,686.58,2025-11-12T20:59:53Z
IVVB,33.39,2025-11-12T19:24:09Z
IVVD,1.765,2025-11-12T20:59:51Z
IVVM,34.69,2025-11-12T15:49:49Z
IVVW,46.63,2025-11-12T20:57:37Z
IVW,123.63,2025-11-12T20:59:59Z
IVZ,24.67,2025-11-12T20:59:58Z
IWB,374.34,2025-11-12T20:59:52Z
IWC,151.93,2025-11-12T17:11:00Z
IWD,208.04,2025-11-12T20:59:51Z
IWF,480.15,2025-11-12T20:59:53Z
IWL,171.13,2025-11-12T14:34:39Z
IWM,243.635,2025-11-12T20:59:59Z
IWMI,48.78,2025-11-12T20:49:48Z
IWMY,21.45,2025-11-12T20:29:13Z
IWN,177.61,2025-11-12T20:59:35Z
IWO,322.605,2025-11-12T20:58:23Z
IWP,140.27,2025-11-12T20:59:29Z
IWR,96.555,2025-11-12T20:59:49Z
IWS,140.36,2025-11-12T20:58:59Z
IWV,387.49,2025-11-12T20:59:49Z
IWX,90.5,2025-11-12T20:59:30Z
IWY,280.93,2025-11-12T20:57:32Z
IX,26.71,2025-11-12T20:57:38Z
IXC,42.97,2025-11-12T20:59:54Z
IXG,117.92,2025-11-12T20:11:26Z
IXHL,0.3718,2025-11-12T20:59:58Z
IXJ,96.335,2025-11-12T20:56:06Z
IXN,107.67,2025-11-12T20:59:22Z
IXUS,85.275,2025-11-12T20:59:58Z
IYC,103.63,2025-11-12T20:55:40Z
IYE,47.955,2025-11-12T20:59:53Z
IYF,126.2,2025-11-12T20:59:34Z
IYG,90.18,2025-11-12T20:57:41Z
IYH,64.29,2025-11-12T20:59:55Z
IYJ,146.45,2025-11-12T20:55:17Z
IYK,68.13,2025-11-12T20:48:06Z
IYLD,21.49,2025-11-12T16:50:39Z
IYM,148.055,2025-11-12T20:53:15Z
IYR,95.82,2025-11-12T20:59:57Z
IYT,72.995,2025-11-12T20:59:49Z
IYW,203.26,2025-11-12T20:59:53Z
IYZ,32.51,2025-11-12T20:59:58Z
IZEA,5,2025-11-12T20:39:45Z
IZM,1.17,2025-11-12T16:49:11Z
IZRL,29.66,2025-11-12T17:59:09Z
J,154.73,2025-11-12T20:59:47Z
JAAA,50.61,2025-11-12T20:59:55Z
JACK,15.18,2025-11-12T20:59:54Z
JAGX,1.77,2025-11-12T16:58:18Z
JAKK,16.97,2025-11-12T20:58:57Z
JAMF,12.89,2025-11-12T20:59:56Z
JANB,25.3,2025-11-12T16:06:46Z
JANJ,24.84,2025-11-12T15:55:04Z
JANU,28.12,2025-11-12T15:55:04Z
JANW,36.52,2025-11-12T17:50:41Z
JANX,28.54,2025-11-12T20:59:41Z
JANZ,38.71,2025-11-12T20:07:40Z
JAVA,70.8,2025-11-12T20:55:23Z
JAZZ,136.7,2025-11-12T20:59:58Z
JBBB,47.885,2025-11-12T20:59:59Z
JBDI,1.12,2025-11-12T20:54:53Z
JBGS,18.02,2025-11-12T20:59:50Z
JBHT,169.3,2025-11-12T20:59:53Z
JBI,6.25,2025-11-12T20:59:50Z
JBIO,9.985,2025-11-12T20:59:35Z
JBL,213.785,2025-11-12T20:59:12Z
JBLU,4.405,2025-11-12T20:59:54Z
JBND,54.29,2025-11-12T20:55:52Z
JBS,13.15,2025-11-12T20:59:57Z
JBSS,68.005,2025-11-12T20:54:56Z
JBTM,141.01,2025-11-12T20:59:47Z
JCAP,20.185,2025-11-12T20:56:57Z
JCE,15.965,2025-11-12T20:56:36Z
JCI,122.69,2025-11-12T20:59:59Z
JCPB,47.58,2025-11-12T20:59:16Z
JCPI,48.625,2025-11-12T20:59:45Z
JD,31.24,2025-11-12T20:59:55Z
JDST,3.695,2025-11-12T20:59:59Z
JDZG,1.835,2025-11-12T19:02:45Z
JEF,59.42,2025-11-12T20:59:57Z
JELD,2.2,2025-11-12T20:59:55Z
JEPI,57.28,2025-11-12T20:59:46Z
JEPQ,58.745,2025-11-12T20:59:50Z
JETD,6.31,2025-11-12T16:03:20Z
JETS,25.68,2025-11-12T20:59:53Z
JETU,24.87,2025-11-12T19:30:20Z
JFBR,2.28,2025-11-12T16:33:03Z
JFIN,9.11,2025-11-12T20:56:12Z
JFLX,50.395,2025-11-12T20:00:25Z
JFR,7.985,2025-11-12T20:51:59Z
JFU,4.52,2025-11-12T16:51:45Z
JG,6.69,2025-11-12T16:55:00Z
JGH,12.75,2025-11-12T20:50:01Z
JGH^,0.008,2025-11-12T18:17:51Z
JGLO,68.84,2025-11-12T20:59:44Z
JGRO,94.62,2025-11-12T20:34:28Z
JHG,44.48,2025-11-12T20:59:52Z
JHI,13.83,2025-11-12T20:59:58Z
JHMB,22.305,2025-11-12T20:40:52Z
JHMD,41.27,2025-11-12T20:57:10Z
JHML,79.99,2025-11-12T17:36:43Z
JHMM,65.28,2025-11-12T20:54:39Z
JHMU,26.26,2025-11-12T14:42:30Z
JHPI,23.075,2025-11-12T20:59:45Z
JHX,16.95,2025-11-12T20:59:59Z
JIG,76.34,2025-11-12T17:35:00Z
JILL,15.08,2025-11-12T20:57:41Z
JIRE,76.155,2025-11-12T20:59:51Z
JIVE,79.23,2025-11-12T18:59:26Z
JJSF,81.99,2025-11-12T20:57:47Z
JKHY,167.2,2025-11-12T20:59:33Z
JKS,27.28,2025-11-12T20:59:44Z
JLHL,4.01,2025-11-12T20:51:08Z
JLL,307.01,2025-11-12T20:59:49Z
JLS,18.85,2025-11-12T20:57:10Z
JMBS,45.78,2025-11-12T20:59:59Z
JMEE,64.07,2025-11-12T20:57:01Z
JMHI,50.52,2025-11-12T19:51:43Z
JMIA,10.14,2025-11-12T20:59:54Z
JMID,29.77,2025-11-12T20:50:56Z
JMOM,68.82,2025-11-12T17:11:36Z
JMSI,50.47,2025-11-12T20:39:33Z
JMST,50.92,2025-11-12T20:59:45Z
JMTG,51.2,2025-11-12T20:59:51Z
JMUB,50.725,2025-11-12T20:59:47Z
JNJ,194.42,2025-11-12T20:59:50Z
JNK,97.065,2025-11-12T20:59:55Z
JNUG,163.24,2025-11-12T20:43:16Z
JOB,0.1881,2025-11-12T19:41:08Z
JOBX,29.05,2025-11-12T19:06:37Z
JOBY,16.3,2025-11-12T20:59:59Z
JOE,59.71,2025-11-12T20:59:46Z
JOET,42.85,2025-11-12T19:59:27Z
JOF,10.44,2025-11-12T17:14:13Z
JOJO,15.54,2025-11-12T15:52:53Z
JOUT,39.14,2025-11-12T20:51:22Z
JOYY,59.86,2025-11-12T20:59:51Z
JPC,8.15,2025-11-12T20:58:32Z
JPEF,75.215,2025-11-12T16:05:55Z
JPEM,61.335,2025-11-12T20:58:26Z
JPIB,48.995,2025-11-12T20:59:11Z
JPIE,46.255,2025-11-12T20:59:46Z
JPLD,52.42,2025-11-12T20:59:58Z
JPM,320.42,2025-11-12T20:59:51Z
JPM-C,25.3,2025-11-12T16:08:20Z
JPM-D,25.03,2025-11-12T17:10:15Z
JPM-J,20.73,2025-11-12T18:57:23Z
JPM-K,19.75,2025-11-12T19:39:59Z
JPM-L,19.98,2025-11-12T20:57:24Z
JPMO,16.75,2025-11-12T20:59:40Z
JPST,50.63,2025-11-12T20:57:58Z
JPXN,88.62,2025-11-12T19:54:36Z
JQC,5.12,2025-11-12T20:58:37Z
JQUA,62.885,2025-11-12T20:51:09Z
JRI,13.84,2025-11-12T20:56:08Z
JRSH,3.36,2025-11-12T20:58:45Z
JRVR,5.62,2025-11-12T20:59:50Z
JSCP,47.535,2025-11-12T20:55:49Z
JSI,52.04,2025-11-12T20:55:14Z
JSMD,84.36,2025-11-12T18:30:39Z
JSPR,1.78,2025-11-12T20:59:55Z
JSPRW,0.125,2025-11-12T14:37:39Z
JTEK,92.85,2025-11-12T20:59:28Z
JUCY,22.3,2025-11-12T19:17:52Z
JULH,25.22,2025-11-12T19:49:03Z
JULJ,25.11,2025-11-12T20:55:39Z
JULP,30.46,2025-11-12T16:37:23Z
JULT,44.3,2025-11-12T19:00:12Z
JULU,29.75,2025-11-12T20:07:36Z
JULW,38.66,2025-11-12T18:15:00Z
JUNP,30.13,2025-11-12T19:53:28Z
JUNS,1.38,2025-11-12T20:49:29Z
JUNT,35.83,2025-11-12T15:55:04Z
JVA,4.01,2025-11-12T20:59:49Z
JVAL,48.42,2025-11-12T20:36:55Z
JWEL,1.92,2025-11-12T20:53:52Z
JXG,0.5558,2025-11-12T20:59:14Z
JXI,81.46,2025-11-12T17:46:48Z
JXN,94.51,2025-11-12T20:59:22Z
JXX,27.94,2025-11-12T16:39:47Z
JYD,3.34,2025-11-12T16:35:30Z
JYNT,8.4,2025-11-12T20:55:49Z
JZXN,0.2398,2025-11-12T20:50:25Z
K,83.32,2025-11-12T20:59:58Z
KAI,265.07,2025-11-12T20:58:30Z
KALA,0.7266,2025-11-12T20:59:22Z
KALU,95.29,2025-11-12T20:05:08Z
KALV,13.36,2025-11-12T20:59:57Z
KAPR,34.45,2025-11-12T20:07:36Z
KAR,25.49,2025-11-12T20:59:55Z
KARO,45.805,2025-11-12T14:34:36Z
KAVL,0.5775,2025-11-12T17:25:14Z
KB,91.245,2025-11-12T20:59:46Z
KBAB,26.64,2025-11-12T20:26:44Z
KBDC,14.68,2025-11-12T20:59:59Z
KBE,57.93,2025-11-12T20:59:53Z
KBH,61.32,2025-11-12T20:59:50Z
KBR,42.555,2025-11-12T20:59:47Z
KBWB,79.2,2025-11-12T20:59:54Z
KBWD,13.645,2025-11-12T20:59:09Z
KBWP,123.01,2025-11-12T20:56:41Z
KBWY,15.52,2025-11-12T20:49:19Z
KC,11.56,2025-11-12T20:59:51Z
KCE,149.43,2025-11-12T17:51:06Z
KCHV,10.16,2025-11-12T19:50:10Z
KD,26.325,2025-11-12T20:59:51Z
KDEC,25.45,2025-11-12T14:55:13Z
KDEF,42.66,2025-11-12T20:55:02Z
KDK,7.985,2025-11-12T20:59:52Z
KDP,26.9,2025-11-12T20:59:59Z
KE,29.47,2025-11-12T20:59:40Z
KELYA,8.57,2025-11-12T20:59:51Z
KEN,56.21,2025-11-12T16:49:46Z
KEP,16.295,2025-11-12T20:59:40Z
KEQU,40.65,2025-11-12T15:23:36Z
KEX,110.46,2025-11-12T20:59:50Z
KEY,17.795,2025-11-12T20:59:59Z
KEY-J,22.165,2025-11-12T15:47:59Z
KEY-L,25.31,2025-11-12T20:55:53Z
KEYS,184.03,2025-11-12T20:59:53Z
KF,35.87,2025-11-12T20:54:58Z
KFRC,31.07,2025-11-12T20:59:34Z
KFS,12.84,2025-11-12T20:59:45Z
KFY,65.73,2025-11-12T20:59:41Z
KG,16.725,2025-11-12T16:22:03Z
KGC,26.05,2025-11-12T20:59:56Z
KGEI,4.04,2025-11-12T20:59:23Z
KGLD,29.65,2025-11-12T18:38:47Z
KGRN,30.705,2025-11-12T20:45:10Z
KGS,34.295,2025-11-12T20:59:57Z
KHC,24.77,2025-11-12T20:59:59Z
KHPI,26.135,2025-11-12T20:59:32Z
KIDS,17.01,2025-11-12T20:59:54Z
KIDZ,0.6106,2025-11-12T20:48:31Z
KIE,59.32,2025-11-12T20:59:51Z
KIM,20.595,2025-11-12T20:59:58Z
KIM-M,21.2,2025-11-12T20:52:40Z
KINS,15.07,2025-11-12T20:59:51Z
KIO,12.05,2025-11-12T20:59:45Z
KITT,1.51,2025-11-12T20:57:34Z
KJAN,40.77,2025-11-12T17:40:38Z
KJD,22.56,2025-11-12T20:59:49Z
KJUN,27.43,2025-11-12T19:15:52Z
KKR,123.03,2025-11-12T20:59:50Z
KKR-D,50.59,2025-11-12T20:23:05Z
KKRS,18.11,2025-11-12T15:41:28Z
KKRT,26.1,2025-11-12T20:04:53Z
KLAC,1199.15,2025-11-12T20:59:53Z
KLAR,37.69,2025-11-12T20:59:48Z
KLC,4.995,2025-11-12T20:59:54Z
KLIC,39.03,2025-11-12T20:59:46Z
KLIP,32.3,2025-11-12T20:59:46Z
KLRS,5.04,2025-11-12T20:45:19Z
KLTO,0.5176,2025-11-12T20:40:05Z
KLTR,1.745,2025-11-12T20:59:54Z
KLXE,1.7,2025-11-12T20:58:54Z
KMB,104.12,2025-11-12T20:59:54Z
KMDA,7.26,2025-11-12T19:25:19Z
KMI,27.02,2025-11-12T20:59:59Z
KMLI,17.33,2025-11-12T20:59:10Z
KMLM,26.66,2025-11-12T20:55:13Z
KMPB,23.3,2025-11-12T19:48:35Z
KMPR,36.87,2025-11-12T20:59:42Z
KMRK,1.05,2025-11-12T19:55:38Z
KMT,27.695,2025-11-12T20:59:41Z
KMTS,26.8,2025-11-12T20:59:50Z
KMX,34.425,2025-11-12T20:59:55Z
KN,22.52,2025-11-12T20:59:55Z
KNDI,1.04,2025-11-12T18:56:12Z
KNF,70.97,2025-11-12T20:59:53Z
KNG,49.15,2025-11-12T20:59:20Z
KNOP,9.84,2025-11-12T20:54:12Z
KNOV,28.12,2025-11-12T16:34:33Z
KNRG,25.905,2025-11-12T15:37:21Z
KNRX,1.62,2025-11-12T18:39:42Z
KNSA,40.655,2025-11-12T20:59:20Z
KNSL,397.175,2025-11-12T20:59:56Z
KNTK,33.87,2025-11-12T20:59:53Z
KNX,44.81,2025-11-12T20:59:50Z
KO,71.55,2025-11-12T20:59:59Z
KOCT,33.13,2025-11-12T20:59:59Z
KOD,20.27,2025-11-12T20:59:44Z
KODK,8.38,2025-11-12T20:59:55Z
KOF,89.43,2025-11-12T20:55:16Z
KOLD,26.95,2025-11-12T20:59:49Z
KOMP,62.57,2025-11-12T20:59:50Z
KOP,28.62,2025-11-12T20:59:04Z
KOPN,2.8,2025-11-12T20:59:59Z
KORE,4.19,2025-11-12T20:42:15Z
KORP,47.56,2025-11-12T20:45:03Z
KOS,1.445,2025-11-12T20:59:56Z
KOYN,9.97,2025-11-12T19:34:43Z
KPDD,28.11,2025-11-12T14:43:09Z
KPLT,6.63,2025-11-12T18:54:41Z
KPRX,2.28,2025-11-12T20:51:36Z
KPTI,5.55,2025-11-12T20:26:14Z
KR,65.42,2025-11-12T20:59:58Z
KRBN,34.075,2025-11-12T17:24:30Z
KRC,42.26,2025-11-12T20:59:51Z
KRE,61.545,2025-11-12T20:59:58Z
KREF,8.235,2025-11-12T20:59:54Z
KREF-A,19.35,2025-11-12T20:36:59Z
KRG,22.64,2025-11-12T20:59:46Z
KRMD,3.83,2025-11-12T20:57:06Z
KRMN,67.795,2025-11-12T20:59:48Z
KRNT,13.18,2025-11-12T20:59:53Z
KRNY,6.41,2025-11-12T20:59:41Z
KRO,4.81,2025-11-12T20:59:22Z
KROS,17.475,2025-11-12T20:59:50Z
KRP,13.72,2025-11-12T20:59:40Z
KRRO,31.38,2025-11-12T20:58:39Z
KRT,21.97,2025-11-12T20:59:45Z
KRUS,47.56,2025-11-12T20:59:56Z
KRYS,203.14,2025-11-12T20:59:50Z
KSA,39.195,2025-11-12T20:59:54Z
KSCP,5.34,2025-11-12T20:59:55Z
KSLV,27.53,2025-11-12T20:59:11Z
KSPI,75.23,2025-11-12T20:59:23Z
KSPY,29,2025-11-12T15:53:59Z
KSS,18.06,2025-11-12T20:59:58Z
KSTR,18.79,2025-11-12T19:06:45Z
KT,18.01,2025-11-12T20:59:56Z
KTB,72.96,2025-11-12T20:59:45Z
KTCC,2.9,2025-11-12T20:58:19Z
KTEC,17.54,2025-11-12T14:52:54Z
KTF,9.26,2025-11-12T20:15:37Z
KTOS,76.72,2025-11-12T20:59:49Z
KTTA,0.704,2025-11-12T20:32:06Z
KULR,2.985,2025-11-12T20:59:59Z
KURA,10.67,2025-11-12T20:59:47Z
KURE,19.32,2025-11-12T20:46:16Z
KVHI,5.425,2025-11-12T20:54:58Z
KVLE,27.57,2025-11-12T20:41:15Z
KVUE,16.66,2025-11-12T20:59:59Z
KVYO,29.34,2025-11-12T20:59:51Z
KW,9.625,2025-11-12T20:59:59Z
KWEB,39.345,2025-11-12T20:59:59Z
KWM,1.52,2025-11-12T20:50:31Z
KWR,137.31,2025-11-12T20:59:46Z
KXI,64.97,2025-11-12T20:42:28Z
KXIN,1.21,2025-11-12T20:58:37Z
KYIV,12.31,2025-11-12T20:59:37Z
KYIVW,3.36,2025-11-12T15:28:08Z
KYMR,63.525,2025-11-12T20:59:32Z
KYN,11.81,2025-11-12T20:50:25Z
KYTX,7.33,2025-11-12T20:59:54Z
L,104.1,2025-11-12T20:59:46Z
LAB,1.19,2025-11-12T20:59:57Z
LABD,26.87,2025-11-12T20:58:48Z
LABU,134.185,2025-11-12T20:59:10Z
LABX,15.41,2025-11-12T17:42:35Z
LAC,4.87,2025-11-12T20:59:51Z
LAD,300.18,2025-11-12T20:59:51Z
LADR,10.64,2025-11-12T20:59:59Z
LAES,5.35,2025-11-12T20:59:46Z
LAKE,16.62,2025-11-12T20:58:13Z
LAMR,128.065,2025-11-12T20:59:58Z
LAND,9.89,2025-11-12T20:59:58Z
LANDO,19.92,2025-11-12T19:32:26Z
LANDP,19.65,2025-11-12T16:03:54Z
LANV,2.06,2025-11-12T16:26:38Z
LAR,4.21,2025-11-12T20:59:51Z
LARK,26.46,2025-11-12T20:39:29Z
LASE,3.16,2025-11-12T20:59:29Z
LASR,33.18,2025-11-12T20:59:01Z
LAUR,31.14,2025-11-12T20:59:46Z
LAW,7.16,2025-11-12T20:59:46Z
LAYS,65.13,2025-11-12T14:31:55Z
LAZ,51.9,2025-11-12T20:59:21Z
LAZR,1.16,2025-11-12T20:59:52Z
LB,81.025,2025-11-12T20:59:49Z
LBGJ,0.7,2025-11-12T20:30:13Z
LBRDA,49.095,2025-11-12T20:58:08Z
LBRDK,49.23,2025-11-12T20:59:54Z
LBRT,16.16,2025-11-12T20:59:55Z
LBRX,15.125,2025-11-12T20:55:43Z
LBTYA,10.9,2025-11-12T20:59:56Z
LBTYK,11.115,2025-11-12T20:59:51Z
LC,18.57,2025-11-12T20:59:55Z
LCDL,8.72,2025-11-12T20:59:56Z
LCFY,3.96,2025-11-12T15:46:58Z
LCID,16.585,2025-11-12T20:59:59Z
LCII,109.38,2025-11-12T20:59:16Z
LCNB,15.5,2025-11-12T20:59:45Z
LCTX,1.935,2025-11-12T20:59:59Z
LDDR,84.65,2025-11-12T15:15:00Z
LDI,2.925,2025-11-12T20:59:58Z
LDOS,192.93,2025-11-12T20:59:48Z
LDP,21.72,2025-11-12T20:54:48Z
LDRC,25.33,2025-11-12T19:54:21Z
LDRT,25.35,2025-11-12T20:01:02Z
LDSF,19.18,2025-11-12T20:26:01Z
LDUR,95.99,2025-11-12T20:28:53Z
LE,16.605,2025-11-12T20:55:12Z
LEA,109.54,2025-11-12T20:59:48Z
LECO,235.95,2025-11-12T20:58:46Z
LEDS,2.47,2025-11-12T20:55:28Z
LEE,5.05,2025-11-12T14:54:07Z
LEG,9.01,2025-11-12T20:59:54Z
LEGH,20.13,2025-11-12T20:56:33Z
LEGN,31.17,2025-11-12T20:59:52Z
LEGR,58.72,2025-11-12T19:52:09Z
LEGT,10.88,2025-11-12T20:48:00Z
LEGT+,0.65,2025-11-12T20:02:49Z
LEMB,41.755,2025-11-12T20:52:40Z
LEN,124.14,2025-11-12T20:59:56Z
LEN.B,116.915,2025-11-12T20:09:01Z
LENZ,25.53,2025-11-12T20:59:59Z
LEO,6.3,2025-11-12T20:59:59Z
LESL,3.145,2025-11-12T20:59:30Z
LEU,275.535,2025-11-12T20:59:50Z
LEVI,21.76,2025-11-12T20:59:59Z
LEXX,1.135,2025-11-12T20:56:11Z
LFCR,8.21,2025-11-12T20:59:52Z
LFGY,30.65,2025-11-12T20:51:29Z
LFMD,5.07,2025-11-12T20:59:58Z
LFS,6.845,2025-11-12T20:54:44Z
LFSC,34.9,2025-11-12T19:43:57Z
LFST,6.44,2025-11-12T20:59:59Z
LFT,1.55,2025-11-12T18:21:17Z
LFUS,246.165,2025-11-12T20:59:12Z
LFVN,6.65,2025-11-12T20:50:59Z
LFWD,0.53,2025-11-12T20:32:24Z
LGCB,2.03,2025-11-12T14:49:59Z
LGCL,2.67,2025-11-12T20:59:50Z
LGCY,9,2025-11-12T20:40:23Z
LGH,62.43,2025-11-12T17:50:13Z
LGHL,0.883,2025-11-12T20:56:59Z
LGI,17.22,2025-11-12T20:35:11Z
LGIH,49.09,2025-11-12T20:59:34Z
LGLV,176.04,2025-11-12T14:33:00Z
LGN,36.75,2025-11-12T20:59:12Z
LGND,205.47,2025-11-12T20:54:40Z
LGO,1.095,2025-11-12T20:59:30Z
LGOV,22.055,2025-11-12T20:58:51Z
LGPS,1.1,2025-11-12T14:40:48Z
LGVN,0.7139,2025-11-12T18:57:10Z
LH,265.98,2025-11-12T20:59:58Z
LHAI,10.82,2025-11-12T20:59:52Z
LHSW,1.64,2025-11-12T20:49:03Z
LHX,300.29,2025-11-12T20:59:55Z
LI,20.025,2025-11-12T20:59:57Z
LICN,3.54,2025-11-12T19:11:56Z
LIDR,2.47,2025-11-12T20:58:34Z
LIEN,10.07,2025-11-12T19:02:52Z
LIF,77.01,2025-11-12T20:59:50Z
LII,476.92,2025-11-12T20:59:59Z
LILA,8.18,2025-11-12T20:59:56Z
LILAK,8.26,2025-11-12T20:59:58Z
LIMN,1.18,2025-11-12T20:55:53Z
LIN,428.97,2025-11-12T20:59:59Z
LINC,21.17,2025-11-12T20:59:54Z
LIND,12.24,2025-11-12T20:59:54Z
LINE,33.285,2025-11-12T20:59:50Z
LINK,5.16,2025-11-12T17:04:34Z
LION,6.7,2025-11-12T20:59:55Z
LIT,62.15,2025-11-12T20:59:30Z
LITB,3.12,2025-11-12T14:34:36Z
LITE,253.665,2025-11-12T20:59:50Z
LITL,29.04,2025-11-12T18:59:15Z
LITM,3.6,2025-11-12T20:59:43Z
LITS,2.015,2025-11-12T20:30:29Z
LIVN,56.65,2025-11-12T20:59:52Z
LIXT,4.82,2025-11-12T20:59:43Z
LJAN,24.66,2025-11-12T15:11:14Z
LKFN,58.3,2025-11-12T20:59:45Z
LKQ,31.08,2025-11-12T20:59:58Z
LKSP,9.94,2025-11-12T17:26:52Z
LLY,1017.695,2025-11-12T20:59:55Z
LLYVA,83.32,2025-11-12T19:46:31Z
LLYVK,86.65,2025-11-12T20:59:42Z
LLYX,24,2025-11-12T20:58:30Z
LMAT,90.075,2025-11-12T20:59:47Z
LMB,78.48,2025-11-12T20:58:10Z
LMBO,31,2025-11-12T20:58:05Z
LMBS,50.02,2025-11-12T20:59:55Z
LMFA,1.115,2025-11-12T20:55:54Z
LMND,77.13,2025-11-12T20:59:53Z
LMNR,13.645,2025-11-12T20:59:09Z
LMNX,37.95,2025-11-12T20:59:53Z
LMT,457.03,2025-11-12T20:59:54Z
LNAI,0.948,2025-11-12T20:59:45Z
LNC,41.81,2025-11-12T20:59:53Z
LNC-D,27.42,2025-11-12T15:23:58Z
LND,3.69,2025-11-12T20:07:22Z
LNG,213.57,2025-11-12T20:59:54Z
LNGX,36.69,2025-11-12T14:51:51Z
LNKB,7.705,2025-11-12T20:59:00Z
LNKS,0.4153,2025-11-12T20:43:00Z
LNN,112.245,2025-11-12T20:59:48Z
LNSR,10.39,2025-11-12T20:58:28Z
LNT,68.15,2025-11-12T20:59:51Z
LNTH,54.48,2025-11-12T20:59:50Z
LNW,86.37,2025-11-12T20:59:59Z
LOAN,4.97,2025-11-12T17:41:48Z
LOAR,71.41,2025-11-12T20:59:46Z
LOB,32.06,2025-11-12T20:59:33Z
LOB-A,25.61,2025-11-12T19:13:02Z
LOBO,0.6701,2025-11-12T15:13:40Z
LOCL,2.36,2025-11-12T15:03:07Z
LOCO,10.95,2025-11-12T20:59:52Z
LODE,3.03,2025-11-12T20:59:54Z
LOGI,121.07,2025-11-12T20:59:53Z
LOMA,11.625,2025-11-12T20:55:28Z
LONZ,50.56,2025-11-12T20:59:56Z
LOOP,1.28,2025-11-12T20:45:21Z
LOPE,169.9,2025-11-12T20:59:55Z
LOT,1.46,2025-11-12T15:33:13Z
LOVE,13.59,2025-11-12T20:59:47Z
LOW,234.69,2025-11-12T20:59:55Z
LPCN,2.95,2025-11-12T20:51:40Z
LPG,26.615,2025-11-12T20:59:45Z
LPL,4.53,2025-11-12T20:59:57Z
LPLA,376.65,2025-11-12T20:59:47Z
LPRO,1.67,2025-11-12T20:59:59Z
LPSN,6.07,2025-11-12T20:59:53Z
LPTH,7.36,2025-11-12T20:59:50Z
LPTX,2.045,2025-11-12T20:59:57Z
LPX,77.98,2025-11-12T20:59:47Z
LQD,111.085,2025-11-12T20:59:58Z
LQDA,28.29,2025-11-12T20:59:56Z
LQDT,23.9,2025-11-12T20:59:47Z
LQDW,24.97,2025-11-12T17:19:41Z
LQTI,20.22,2025-11-12T20:47:16Z
LRCX,161.44,2025-11-12T20:59:59Z
LRE,1.47,2025-11-12T20:58:05Z
LRGF,70.06,2025-11-12T20:59:47Z
LRGG,29.935,2025-11-12T20:18:29Z
LRMR,3.37,2025-11-12T20:59:50Z
LRN,65.59,2025-11-12T20:59:58Z
LSAK,3.8,2025-11-12T15:41:44Z
LSAT,39.97,2025-11-12T16:57:16Z
LSCC,65.58,2025-11-12T20:59:53Z
LSF,2.77,2025-11-12T20:59:54Z
LSGR,44.69,2025-11-12T17:54:21Z
LSPD,12.79,2025-11-12T20:59:48Z
LSTA,2.12,2025-11-12T14:57:22Z
LSTR,130.46,2025-11-12T20:59:42Z
LTBR,20.14,2025-11-12T20:59:56Z
LTC,35.76,2025-11-12T20:59:44Z
LTCC,25.33,2025-11-12T14:31:14Z
LTH,25.93,2025-11-12T20:59:57Z
LTM,44.95,2025-11-12T20:59:59Z
LTPZ,53.63,2025-11-12T20:59:32Z
LTRN,3.48,2025-11-12T19:06:24Z
LTRX,5.19,2025-11-12T20:59:30Z
LU,2.75,2025-11-12T20:59:57Z
LUCD,1.115,2025-11-12T20:56:04Z
LUCK,8.39,2025-11-12T20:59:48Z
LUCY,1.79,2025-11-12T20:59:34Z
LUD,6.33,2025-11-12T18:19:27Z
LULU,170.925,2025-11-12T20:59:48Z
LUMN,8.54,2025-11-12T20:59:56Z
LUNG,1.96,2025-11-12T20:57:14Z
LUNR,9.35,2025-11-12T20:59:58Z
LUV,33.36,2025-11-12T20:59:59Z
LUXE,9.54,2025-11-12T20:59:52Z
LVHD,40.245,2025-11-12T20:59:52Z
LVHI,36.82,2025-11-12T20:54:07Z
LVO,5.085,2025-11-12T20:59:30Z
LVS,66.635,2025-11-12T20:59:53Z
LVTX,1.6,2025-11-12T20:59:49Z
LVWR,4.98,2025-11-12T20:59:57Z
LW,58.45,2025-11-12T20:59:52Z
LWAY,22.67,2025-11-12T20:54:01Z
LWLG,5.4,2025-11-12T20:59:50Z
LX,4.155,2025-11-12T20:59:57Z
LXEH,0.4045,2025-11-12T20:26:46Z
LXEO,9.21,2025-11-12T20:59:45Z
LXFR,12.195,2025-11-12T20:59:46Z
LXP,45.52,2025-11-12T20:59:53Z
LXRX,1.535,2025-11-12T20:59:57Z
LXU,9.925,2025-11-12T20:59:52Z
LYB,43.33,2025-11-12T20:59:55Z
LYEL,17.105,2025-11-12T17:53:06Z
LYFT,24.56,2025-11-12T20:59:58Z
LYFX,33.64,2025-11-12T14:37:19Z
LYG,5.025,2025-11-12T20:59:54Z
LYRA,4.06,2025-11-12T15:57:46Z
LYTS,19.08,2025-11-12T20:59:30Z
LYV,140.51,2025-11-12T20:59:57Z
LZ,10.265,2025-11-12T20:59:54Z
LZB,31.075,2025-11-12T20:59:43Z
LZM,3.95,2025-11-12T20:59:48Z
LZMH,3.17,2025-11-12T20:49:43Z
M,20.57,2025-11-12T20:59:59Z
MA,561.145,2025-11-12T20:59:56Z
MAA,131.44,2025-11-12T20:59:52Z
MAAY,21.415,2025-11-12T20:51:57Z
MAC,17.56,2025-11-12T20:59:52Z
MAGH,1.95,2025-11-12T20:59:28Z
MAGN,9.435,2025-11-12T20:59:47Z
MAGS,66.505,2025-11-12T20:59:52Z
MAGY,55.8,2025-11-12T20:58:36Z
MAIA,1.08,2025-11-12T20:59:17Z
MAIN,59.12,2025-11-12T20:59:41Z
MAMA,10.32,2025-11-12T20:59:43Z
MAMB,24.12,2025-11-12T20:42:51Z
MAMK,13.32,2025-11-12T20:57:52Z
MAMO,3.28,2025-11-12T20:59:53Z
MAN,28.88,2025-11-12T20:59:49Z
MANH,175.33,2025-11-12T20:59:27Z
MANU,15.805,2025-11-12T20:59:17Z
MAPS,0.9434,2025-11-12T20:59:45Z
MAR,291.73,2025-11-12T20:59:46Z
MARA,14.42,2025-11-12T20:59:59Z
MARM,32.74,2025-11-12T20:07:41Z
MARO,12.71,2025-11-12T20:17:18Z
MART,38.11,2025-11-12T19:53:28Z
MAS,62.53,2025-11-12T20:59:52Z
MASI,149.85,2025-11-12T20:58:04Z
MASK,0.5265,2025-11-12T20:58:55Z
MASS,5.905,2025-11-12T20:59:55Z
MAT,19.6,2025-11-12T20:59:53Z
MATH,2.78,2025-11-12T20:49:54Z
MATV,13.22,2025-11-12T20:59:27Z
MATW,23.73,2025-11-12T20:59:58Z
MATX,110.19,2025-11-12T20:59:56Z
MAX,13.24,2025-11-12T20:59:59Z
MAXI,21.55,2025-11-12T17:17:34Z
MAXN,3.545,2025-11-12T20:48:13Z
MAYW,33.13,2025-11-12T20:07:41Z
MAZE,32.52,2025-11-12T20:59:22Z
MBAV,10.56,2025-11-12T20:59:51Z
MBB,95.52,2025-11-12T20:59:48Z
MBC,10.585,2025-11-12T20:59:58Z
MBCN,33.74,2025-11-12T19:03:36Z
MBI,7.53,2025-11-12T20:59:34Z
MBIN,32.4,2025-11-12T20:55:29Z
MBINL,23.725,2025-11-12T20:16:01Z
MBIO,1.25,2025-11-12T15:34:07Z
MBLY,12.48,2025-11-12T20:59:52Z
MBOT,2.115,2025-11-12T20:59:45Z
MBRX,0.4866,2025-11-12T20:59:58Z
MBS,8.78,2025-11-12T20:57:25Z
MBUU,26.52,2025-11-12T20:59:47Z
MBWM,45.615,2025-11-12T20:58:00Z
MBX,24.57,2025-11-12T20:59:50Z
MC,65.32,2025-11-12T20:59:37Z
MCB,69.375,2025-11-12T20:55:39Z
MCBS,26.07,2025-11-12T16:49:26Z
MCD,306.96,2025-11-12T20:59:54Z
MCFT,19,2025-11-12T20:59:37Z
MCGA,10.25,2025-11-12T17:04:36Z
MCHB,13.175,2025-11-12T20:59:51Z
MCHI,64.58,2025-11-12T20:59:57Z
MCHP,55.625,2025-11-12T20:59:58Z
MCHPP,53.2,2025-11-12T16:01:09Z
MCI,20.17,2025-11-12T18:48:24Z
MCK,840.97,2025-11-12T20:59:49Z
MCO,490.56,2025-11-12T20:59:47Z
MCR,6.39,2025-11-12T20:47:29Z
MCRB,15.955,2025-11-12T19:55:07Z
MCRP,1.38,2025-11-12T20:32:06Z
MCS,16.07,2025-11-12T20:59:40Z
MCW,5.27,2025-11-12T20:59:58Z
MCY,87.29,2025-11-12T20:52:23Z
MD,22.66,2025-11-12T20:59:50Z
MDAI,1.605,2025-11-12T20:57:18Z
MDB,365.51,2025-11-12T20:59:55Z
MDCX,2.39,2025-11-12T20:53:33Z
MDGL,528.02,2025-11-12T20:59:38Z
MDIA,0.9049,2025-11-12T20:58:31Z
MDIV,15.91,2025-11-12T20:59:46Z
MDLZ,57.01,2025-11-12T20:59:59Z
MDST,26.23,2025-11-12T18:03:25Z
MDT,95.81,2025-11-12T20:59:55Z
MDU,21.18,2025-11-12T20:59:59Z
MDV,14.68,2025-11-12T20:53:18Z
MDWD,18.23,2025-11-12T20:56:18Z
MDXG,7.49,2025-11-12T20:59:56Z
MDXH,4.13,2025-11-12T20:59:58Z
MDY,598.61,2025-11-12T20:59:49Z
MDYG,92.33,2025-11-12T20:59:55Z
MDYV,83.33,2025-11-12T20:39:27Z
MEAR,50.355,2025-11-12T20:55:15Z
MEC,16.6,2025-11-12T20:59:50Z
MED,11.6,2025-11-12T20:59:43Z
MEDP,598.6,2025-11-12T20:55:01Z
MEG,25.05,2025-11-12T20:59:29Z
MEGI,14.215,2025-11-12T20:45:03Z
MEHA,0.5744,2025-11-12T20:59:41Z
MEI,6.9,2025-11-12T20:59:53Z
MELI,2102.06,2025-11-12T20:59:55Z
MEME,7.27,2025-11-12T20:58:05Z
MENS,37.15,2025-11-12T20:50:03Z
MEOH,38.6,2025-11-12T20:59:54Z
MER-K,25.78,2025-11-12T20:04:57Z
MERC,1.68,2025-11-12T20:59:49Z
MESA,1.675,2025-11-12T19:09:12Z
MESO,15.68,2025-11-12T20:59:55Z
MET,80.2,2025-11-12T20:59:53Z
MET-E,24.44,2025-11-12T19:38:31Z
MET-F,20.57,2025-11-12T17:18:58Z
META,609.1,2025-11-12T20:59:58Z
METC,24.35,2025-11-12T20:59:51Z
METCB,16.825,2025-11-12T20:10:05Z
METD,17.29,2025-11-12T20:59:42Z
METU,28.17,2025-11-12T20:59:57Z
METV,20.035,2025-11-12T20:55:31Z
MEXX,23.43,2025-11-12T19:27:02Z
MFA,9.36,2025-11-12T20:59:51Z
MFA-C,23.91,2025-11-12T19:05:26Z
MFC,34.44,2025-11-12T20:59:53Z
MFDX,38.035,2025-11-12T20:43:03Z
MFEM,23.22,2025-11-12T15:53:48Z
MFG,6.8,2025-11-12T20:59:52Z
MFH,11.345,2025-11-12T20:46:33Z
MFI,24,2025-11-12T18:20:51Z
MFIC,12.02,2025-11-12T20:59:51Z
MFIN,10.005,2025-11-12T14:52:12Z
MFM,5.44,2025-11-12T20:26:27Z
MFSB,25.33,2025-11-12T20:55:06Z
MFSI,30.25,2025-11-12T20:23:18Z
MG,12.965,2025-11-12T20:59:26Z
MGA,50.38,2025-11-12T20:59:58Z
MGC,251.23,2025-11-12T20:06:30Z
MGEE,84.035,2025-11-12T20:59:50Z
MGF,3.085,2025-11-12T18:27:02Z
MGIC,24.105,2025-11-12T20:57:47Z
MGK,416.11,2025-11-12T20:59:00Z
MGM,33.18,2025-11-12T20:59:56Z
MGMT,43.32,2025-11-12T20:36:01Z
MGN,1.61,2025-11-12T20:41:13Z
MGNI,14.21,2025-11-12T20:59:58Z
MGNX,1.47,2025-11-12T20:59:56Z
MGOV,20.66,2025-11-12T19:01:01Z
MGPI,26.11,2025-11-12T20:54:48Z
MGRB,17.6,2025-11-12T20:52:00Z
MGRC,103.34,2025-11-12T20:48:04Z
MGRE,24.5,2025-11-12T20:22:58Z
MGRX,1.755,2025-11-12T20:54:36Z
MGTX,8.635,2025-11-12T20:59:27Z
MGV,140.23,2025-11-12T20:51:24Z
MGX,1.86,2025-11-12T20:59:59Z
MGY,22.75,2025-11-12T20:59:55Z
MH,14.07,2025-11-12T20:59:44Z
MHD,11.8,2025-11-12T19:28:30Z
MHF,7.03,2025-11-12T20:49:44Z
MHH,7.01,2025-11-12T18:53:00Z
MHK,109.86,2025-11-12T20:59:55Z
MHLA,15.01,2025-11-12T14:51:06Z
MHN,10.335,2025-11-12T19:39:06Z
MHNC,17.54,2025-11-12T15:49:42Z
MHO,129.02,2025-11-12T20:59:48Z
MHUA,0.225,2025-11-12T19:31:08Z
MIAX,50.79,2025-11-12T20:59:53Z
MID,67.43,2025-11-12T15:15:25Z
MIDD,124.53,2025-11-12T20:59:59Z
MIGI,0.6551,2025-11-12T20:59:49Z
MIMI,0.651,2025-11-12T20:59:52Z
MIN,2.63,2025-11-12T20:29:12Z
MIND,13.54,2025-11-12T20:59:58Z
MINN,22.56,2025-11-12T20:21:18Z
MINO,45.605,2025-11-12T20:20:49Z
MINT,100.44,2025-11-12T18:39:09Z
MIR,27.36,2025-11-12T20:59:56Z
MIRA,1.445,2025-11-12T20:59:55Z
MIRM,70.79,2025-11-12T20:59:44Z
MISL,41.74,2025-11-12T17:17:37Z
MIST,1.92,2025-11-12T20:58:28Z
MITK,9.45,2025-11-12T20:59:57Z
MITQ,0.7545,2025-11-12T20:59:22Z
MITT,7.8,2025-11-12T20:59:32Z
MIY,11.64,2025-11-12T20:59:35Z
MKC,65.885,2025-11-12T20:59:56Z
MKC.V,65.7,2025-11-12T15:58:42Z
MKL,2091.42,2025-11-12T20:59:46Z
MKSI,153.19,2025-11-12T20:59:46Z
MKTX,169.775,2025-11-12T20:59:12Z
MKZR,4.91,2025-11-12T20:40:21Z
MLAB,79.67,2025-11-12T20:57:30Z
MLCI,7.55,2025-11-12T15:26:56Z
MLCO,9.08,2025-11-12T20:59:53Z
MLEC,0.5919,2025-11-12T20:48:23Z
MLGO,8.32,2025-11-12T20:59:05Z
MLI,109.17,2025-11-12T20:59:49Z
MLKN,14.655,2025-11-12T20:59:55Z
MLM,615.21,2025-11-12T20:59:45Z
MLN,17.665,2025-11-12T20:59:21Z
MLP,15.15,2025-11-12T16:31:14Z
MLPA,47.68,2025-11-12T20:59:46Z
MLPD,25.19,2025-11-12T16:41:09Z
MLPX,59.72,2025-11-12T20:59:47Z
MLR,38.27,2025-11-12T20:59:45Z
MLSS,0.3651,2025-11-12T20:38:36Z
MLTX,12.78,2025-11-12T20:59:50Z
MLYS,47.285,2025-11-12T20:59:59Z
MMA,1.44,2025-11-12T20:58:47Z
MMC,182.82,2025-11-12T20:59:51Z
MMD,15.15,2025-11-12T20:42:36Z
MMI,30.31,2025-11-12T20:59:50Z
MMIN,24.07,2025-11-12T19:03:29Z
MMIT,24.365,2025-11-12T20:58:03Z
MMLG,35.95,2025-11-12T19:42:02Z
MMLP,2.64,2025-11-12T15:06:00Z
MMM,171.03,2025-11-12T20:59:57Z
MMS,80.57,2025-11-12T20:59:50Z
MMSI,88.14,2025-11-12T20:59:55Z
MMT,4.755,2025-11-12T16:39:05Z
MMU,10.385,2025-11-12T20:32:31Z
MMYT,77.23,2025-11-12T20:59:53Z
MNA,35.78,2025-11-12T16:58:03Z
MNBD,25.99,2025-11-12T20:16:59Z
MNDY,158.83,2025-11-12T20:59:41Z
MNKD,5.26,2025-11-12T20:59:59Z
MNMD,12.155,2025-11-12T20:59:58Z
MNOV,1.6,2025-11-12T20:29:21Z
MNPR,84.36,2025-11-12T20:54:20Z
MNR,11.965,2025-11-12T20:59:47Z
MNRO,18.125,2025-11-12T20:59:41Z
MNRS,39.35,2025-11-12T15:54:51Z
MNSB,18.22,2025-11-12T19:26:38Z
MNSO,21.88,2025-11-12T20:59:58Z
MNST,70.46,2025-11-12T20:59:54Z
MNTK,2.05,2025-11-12T20:49:56Z
MNTN,14.27,2025-11-12T20:59:53Z
MNTS,0.87,2025-11-12T20:59:38Z
MNY,1.39,2025-11-12T20:59:24Z
MO,58.06,2025-11-12T20:59:58Z
MOAT,101.9,2025-11-12T20:59:21Z
MOB,6.48,2025-11-12T20:59:55Z
MOBX,0.6405,2025-11-12T20:59:30Z
MOD,147.29,2025-11-12T20:59:44Z
MODD,0.4881,2025-11-12T20:59:20Z
MODG,10.59,2025-11-12T20:59:54Z
MODL,47.51,2025-11-12T18:13:44Z
MOFG,39.27,2025-11-12T20:59:14Z
MOG.A,203.035,2025-11-12T20:59:57Z
MOGO,1.335,2025-11-12T20:59:45Z
MOH,141.15,2025-11-12T20:59:47Z
MOMO,6.87,2025-11-12T20:59:55Z
MOO,72.845,2025-11-12T16:15:31Z
MORN,215.895,2025-11-12T20:56:36Z
MORT,10.48,2025-11-12T20:59:47Z
MOS,25.45,2025-11-12T20:59:59Z
MOTI,38.075,2025-11-12T17:41:38Z
MOV,18.65,2025-11-12T20:56:43Z
MOVE,11.91,2025-11-12T20:58:35Z
MP,59.77,2025-11-12T20:59:46Z
MPA,11.42,2025-11-12T19:02:28Z
MPAA,13.51,2025-11-12T20:59:46Z
MPB,29.41,2025-11-12T20:59:31Z
MPC,196.82,2025-11-12T20:59:51Z
MPG,9.99,2025-11-12T16:33:17Z
MPL,9.49,2025-11-12T18:14:01Z
MPLT,14.49,2025-11-12T20:59:45Z
MPLX,52.43,2025-11-12T20:59:52Z
MPRO,30.87,2025-11-12T20:43:29Z
MPTI,54.03,2025-11-12T20:28:05Z
MPTI+,1.54,2025-11-12T20:59:54Z
MPU,0.9752,2025-11-12T20:59:55Z
MPW,4.995,2025-11-12T20:59:48Z
MPWR,958.47,2025-11-12T20:59:52Z
MQ,5.035,2025-11-12T20:59:55Z
MQT,10.14,2025-11-12T16:51:59Z
MQY,11.58,2025-11-12T20:54:07Z
MRAL,13.11,2025-11-12T20:54:50Z
MRAM,8.975,2025-11-12T20:59:02Z
MRBK,14.75,2025-11-12T20:49:41Z
MRCC,6.5,2025-11-12T20:59:01Z
MRCY,73.05,2025-11-12T20:59:36Z
MREO,1.85,2025-11-12T20:59:59Z
MRK,91.465,2025-11-12T20:59:56Z
MRNA,26.715,2025-11-12T20:59:58Z
MRNY,1.6,2025-11-12T20:59:57Z
MRP,31.79,2025-11-12T20:59:52Z
MRSK,36.595,2025-11-12T20:17:14Z
MRT,2.43,2025-11-12T20:59:57Z
MRTN,9.85,2025-11-12T20:59:56Z
MRUS,96.025,2025-11-12T20:59:48Z
MRVI,3.26,2025-11-12T20:59:52Z
MRVL,89.37,2025-11-12T20:59:55Z
MRX,34.91,2025-11-12T20:59:33Z
MS,169.92,2025-11-12T20:59:55Z
MS-A,20.51,2025-11-12T15:33:09Z
MS-E,25.52,2025-11-12T19:49:54Z
MS-F,25.305,2025-11-12T20:43:41Z
MS-I,25.215,2025-11-12T19:25:55Z
MS-L,21.12,2025-11-12T18:28:17Z
MS-O,18,2025-11-12T19:31:46Z
MS-P,25.8,2025-11-12T20:51:21Z
MS-Q,26.28,2025-11-12T20:46:25Z
MSA,161.39,2025-11-12T20:56:26Z
MSAI,1.185,2025-11-12T20:59:36Z
MSB,34.8,2025-11-12T16:04:42Z
MSBI,16.08,2025-11-12T20:52:50Z
MSCI,580.59,2025-11-12T20:59:58Z
MSD,7.315,2025-11-12T20:56:27Z
MSDL,16.75,2025-11-12T20:59:59Z
MSEX,52.61,2025-11-12T20:59:41Z
MSFD,10.97,2025-11-12T20:50:33Z
MSFL,30.68,2025-11-12T20:57:24Z
MSFO,16.87,2025-11-12T20:59:17Z
MSFT,511.34,2025-11-12T20:59:59Z
MSFU,49.955,2025-11-12T20:55:07Z
MSFX,33.04,2025-11-12T18:18:12Z
MSFY,26.05,2025-11-12T19:53:28Z
MSGE,48.39,2025-11-12T20:59:20Z
MSGM,5.14,2025-11-12T20:59:22Z
MSGS,220.38,2025-11-12T20:55:20Z
MSGY,1.4,2025-11-12T20:24:26Z
MSI,391.835,2025-11-12T20:59:56Z
MSIF,12.19,2025-11-12T20:59:48Z
MSM,89.44,2025-11-12T20:59:45Z
MSMR,34.59,2025-11-12T18:07:47Z
MSN,0.4843,2025-11-12T19:21:07Z
MSOS,4.31,2025-11-12T20:59:57Z
MSOX,5.66,2025-11-12T20:59:02Z
MSPR,0.4937,2025-11-12T20:59:58Z
MSSM,51.465,2025-11-12T20:59:45Z
MST,3.695,2025-11-12T20:59:05Z
MSTP,6.33,2025-11-12T20:25:16Z
MSTR,224.6,2025-11-12T20:59:59Z
MSTU,2.04,2025-11-12T20:59:46Z
MSTW,17.81,2025-11-12T20:58:32Z
MSTX,9.37,2025-11-12T20:59:50Z
MSTY,9.1,2025-11-12T20:59:53Z
MSTZ,9.25,2025-11-12T20:59:40Z
MSW,1.91,2025-11-12T16:01:50Z
MT,40.715,2025-11-12T20:59:55Z
MTA,7.265,2025-11-12T20:59:57Z
MTB,188.14,2025-11-12T20:59:48Z
MTB-K,25.03,2025-11-12T20:48:52Z
MTBA,50.435,2025-11-12T20:53:38Z
MTC,2.465,2025-11-12T20:58:45Z
MTCH,32.99,2025-11-12T20:59:55Z
MTD,1447.99,2025-11-12T20:59:49Z
MTDR,39.865,2025-11-12T20:59:40Z
MTEK,1.32,2025-11-12T20:17:24Z
MTG,28.47,2025-11-12T20:59:59Z
MTGP,44.74,2025-11-12T19:08:37Z
MTH,67.85,2025-11-12T20:59:39Z
MTLS,5.95,2025-11-12T20:59:30Z
MTN,150.88,2025-11-12T20:59:47Z
MTRN,120.595,2025-11-12T15:59:13Z
MTRX,12.21,2025-11-12T20:59:26Z
MTSI,170.78,2025-11-12T20:59:36Z
MTSR,70.75,2025-11-12T20:59:58Z
MTUM,251.47,2025-11-12T20:59:32Z
MTUS,16.085,2025-11-12T20:59:49Z
MTVA,0.7,2025-11-12T20:38:32Z
MTW,11.41,2025-11-12T20:59:42Z
MTX,56.79,2025-11-12T20:59:12Z
MTZ,199.495,2025-11-12T20:59:43Z
MU,245.005,2025-11-12T20:59:54Z
MUA,10.96,2025-11-12T20:52:29Z
MUB,107.36,2025-11-12T20:59:58Z
MUC,10.8,2025-11-12T20:27:26Z
MUD,7.215,2025-11-12T20:59:42Z
MUE,10.15,2025-11-12T20:59:35Z
MUFG,15.54,2025-11-12T20:59:55Z
MUJ,11.91,2025-11-12T16:27:27Z
MULL,71.83,2025-11-12T20:53:27Z
MUNI,52.56,2025-11-12T20:48:00Z
MUR,28.865,2025-11-12T20:59:59Z
MURA,2.08,2025-11-12T20:59:45Z
MUSA,359.2,2025-11-12T20:59:52Z
MUST,20.66,2025-11-12T20:58:05Z
MUU,83.01,2025-11-12T20:56:50Z
MUX,17.66,2025-11-12T20:59:50Z
MVBF,26.585,2025-11-12T18:15:54Z
MVF,6.98,2025-11-12T16:59:20Z
MVIS,0.9429,2025-11-12T20:59:50Z
MVLL,25.44,2025-11-12T20:51:16Z
MVST,4.02,2025-11-12T20:59:55Z
MVT,10.78,2025-11-12T16:46:26Z
MVV,69.07,2025-11-12T20:10:25Z
MWA,23.55,2025-11-12T20:59:51Z
MWG,0.2783,2025-11-12T14:32:19Z
MWYN,0.9199,2025-11-12T15:21:58Z
MX,2.42,2025-11-12T20:59:55Z
MXCT,1.58,2025-11-12T20:59:49Z
MXL,14.9,2025-11-12T20:59:53Z
MYCF,25.07,2025-11-12T16:53:00Z
MYCH,25.03,2025-11-12T20:40:25Z
MYD,10.63,2025-11-12T20:52:14Z
MYE,17.88,2025-11-12T20:59:58Z
MYFW,23.76,2025-11-12T18:48:10Z
MYGN,6.545,2025-11-12T20:59:59Z
MYI,11.075,2025-11-12T20:59:42Z
MYN,9.96,2025-11-12T19:35:50Z
MYNZ,1.36,2025-11-12T20:57:17Z
MYO,0.8579,2025-11-12T20:51:58Z
MYPS,0.732,2025-11-12T20:59:50Z
MYRG,230.92,2025-11-12T20:56:20Z
MYSE,2.11,2025-11-12T18:29:55Z
MZTI,174.54,2025-11-12T20:50:12Z
NA,4.445,2025-11-12T19:32:46Z
NABL,8.025,2025-11-12T20:59:51Z
NAC,12.145,2025-11-12T20:56:52Z
NAD,12.05,2025-11-12T20:17:14Z
NAGE,7.17,2025-11-12T20:59:42Z
NAIL,56.72,2025-11-12T20:59:02Z
NAK,1.825,2025-11-12T20:59:55Z
NAKA,0.6706,2025-11-12T20:59:57Z
NAMM,1.41,2025-11-12T20:58:45Z
NAMMW,0.08,2025-11-12T15:38:41Z
NAMS,38.29,2025-11-12T20:59:46Z
NAN,11.59,2025-11-12T20:36:53Z
NAOV,4.58,2025-11-12T14:54:53Z
NAPR,52.99,2025-11-12T20:07:36Z
NAT,3.68,2025-11-12T20:59:54Z
NATH,101.695,2025-11-12T15:27:54Z
NATL,36.41,2025-11-12T20:59:59Z
NATR,20.72,2025-11-12T20:59:13Z
NAUG,29.18,2025-11-12T16:16:20Z
NAUT,1.74,2025-11-12T20:59:49Z
NAVI,12.215,2025-11-12T20:59:54Z
NAVN,18,2025-11-12T20:59:45Z
NB,6.15,2025-11-12T20:59:57Z
NBB,16.43,2025-11-12T20:53:16Z
NBBK,18.46,2025-11-12T20:59:55Z
NBCM,24.5,2025-11-12T20:59:46Z
NBCR,31.6,2025-11-12T17:51:16Z
NBET,32.92,2025-11-12T19:20:12Z
NBH,10.31,2025-11-12T19:42:35Z
NBHC,37.105,2025-11-12T20:59:31Z
NBIG,9.315,2025-11-12T20:49:01Z
NBIL,13.14,2025-11-12T20:51:43Z
NBIS,94.365,2025-11-12T20:59:59Z
NBIX,146.845,2025-11-12T20:59:42Z
NBN,85.45,2025-11-12T20:54:40Z
NBP,4.24,2025-11-12T20:59:48Z
NBR,48.45,2025-11-12T20:59:47Z
NBSD,51.185,2025-11-12T20:55:25Z
NBTB,41.4,2025-11-12T20:59:40Z
NBXG,14.99,2025-11-12T20:22:56Z
NBY,1.08,2025-11-12T20:56:27Z
NC,50.49,2025-11-12T20:57:10Z
NCA,9.09,2025-11-12T20:57:00Z
NCDL,14.47,2025-11-12T20:15:22Z
NCEL,3.73,2025-11-12T18:16:32Z
NCEW,0.4345,2025-11-12T20:58:45Z
NCIQ,26.65,2025-11-12T19:00:57Z
NCL,0.4684,2025-11-12T20:59:53Z
NCLH,18.935,2025-11-12T20:59:59Z
NCLO,25.05,2025-11-12T20:59:57Z
NCMI,4.17,2025-11-12T20:59:57Z
NCNA,3.78,2025-11-12T20:55:25Z
NCNO,26.145,2025-11-12T20:59:51Z
NCPL,1.96,2025-11-12T20:50:12Z
NCRA,1.18,2025-11-12T15:47:59Z
NCT,0.93,2025-11-12T17:10:36Z
NCTY,7.33,2025-11-12T20:59:04Z
NCV,15.59,2025-11-12T20:33:11Z
NCV-A,21.66,2025-11-12T19:24:47Z
NCZ,14.24,2025-11-12T20:59:46Z
NDAQ,88.75,2025-11-12T20:59:55Z
NDEC,27.48,2025-11-12T19:44:22Z
NDIA,30.06,2025-11-12T20:52:51Z
NDLS,0.745,2025-11-12T20:58:18Z
NDMO,10.72,2025-11-12T20:59:07Z
NDRA,6.66,2025-11-12T18:20:37Z
NDSN,236.2,2025-11-12T20:59:39Z
NE,29.59,2025-11-12T20:59:52Z
NEA,11.585,2025-11-12T20:59:52Z
NEAR,51.17,2025-11-12T20:59:50Z
NEBX,39.02,2025-11-12T20:20:21Z
NECB,20.13,2025-11-12T20:55:13Z
NEE,85.88,2025-11-12T20:59:54Z
NEE-N,24.55,2025-11-12T20:59:28Z
NEE-U,25.97,2025-11-12T15:59:26Z
NEGG,92.52,2025-11-12T20:29:46Z
NEM,93.11,2025-11-12T20:59:57Z
NEO,10.01,2025-11-12T20:59:55Z
NEOG,6.48,2025-11-12T20:59:59Z
NEON,2.27,2025-11-12T20:59:45Z
NEOV,4.885,2025-11-12T20:59:20Z
NESR,13.02,2025-11-12T20:59:51Z
NET,225.89,2025-11-12T20:59:57Z
NETDW,0.0375,2025-11-12T20:01:44Z
NEU,787.8,2025-11-12T20:58:01Z
NEUP,4.89,2025-11-12T20:47:03Z
NEWP,2.475,2025-11-12T20:59:20Z
NEWT,10.27,2025-11-12T20:59:07Z
NEXA,6.135,2025-11-12T20:59:50Z
NEXM,3.93,2025-11-12T20:48:35Z
NEXN,8.05,2025-11-12T20:59:59Z
NEXT,6.11,2025-11-12T20:59:57Z
NFBK,10.51,2025-11-12T20:59:50Z
NFE,1.17,2025-11-12T20:59:50Z
NFG,79.475,2025-11-12T20:59:57Z
NFGC,2.15,2025-11-12T20:59:54Z
NFJ,13.105,2025-11-12T20:46:08Z
NFLT,23.14,2025-11-12T20:59:46Z
NFLU,51.34,2025-11-12T20:54:45Z
NFLW,37.49,2025-11-12T20:59:50Z
NFLX,1157.67,2025-11-12T20:59:57Z
NFLY,15.12,2025-11-12T20:51:24Z
NFXL,50.455,2025-11-12T20:57:37Z
NFXS,14.24,2025-11-12T20:57:24Z
NG,8.74,2025-11-12T20:59:45Z
NGD,7.575,2025-11-12T20:59:53Z
NGG,78.03,2025-11-12T20:59:45Z
NGL,10.255,2025-11-12T20:59:43Z
NGL-B,23.8,2025-11-12T19:24:39Z
NGNE,31.325,2025-11-12T20:59:37Z
NGS,29.51,2025-11-12T19:23:31Z
NGVC,32.69,2025-11-12T20:59:55Z
NGVT,49.395,2025-11-12T20:53:48Z
NHC,130.945,2025-11-12T16:20:14Z
NHI,76.125,2025-11-12T20:59:40Z
NHS,7.47,2025-11-12T20:43:53Z
NI,43.64,2025-11-12T20:59:59Z
NIC,124.58,2025-11-12T20:57:19Z
NICE,123.835,2025-11-12T20:58:58Z
NIE,25.7,2025-11-12T20:15:41Z
NIKL,14.53,2025-11-12T20:59:56Z
NIM,9.485,2025-11-12T20:59:47Z
NINE,0.4695,2025-11-12T20:44:53Z
NIO,6.44,2025-11-12T20:59:58Z
NIOBW,2.35,2025-11-12T17:34:38Z
NIPG,1.5,2025-11-12T20:57:44Z
NIQ,14.265,2025-11-12T20:59:48Z
NITO,3.21,2025-11-12T19:06:37Z
NIU,4.08,2025-11-12T20:59:59Z
NIVF,0.415,2025-11-12T20:49:52Z
NIXX,1.29,2025-11-12T20:59:55Z
NJAN,53.84,2025-11-12T17:50:00Z
NJR,46.05,2025-11-12T20:59:55Z
NJUL,71.79,2025-11-12T20:34:08Z
NKE,64.19,2025-11-12T20:59:59Z
NKLR,5.665,2025-11-12T20:59:58Z
NKTR,57.715,2025-11-12T20:59:58Z
NKTX,1.965,2025-11-12T20:59:45Z
NKX,12.9,2025-11-12T20:36:29Z
NL,5.72,2025-11-12T15:06:29Z
NLOP,29.92,2025-11-12T20:59:46Z
NLR,137.13,2025-11-12T20:41:47Z
NLY,21.8,2025-11-12T20:59:58Z
NLY-F,25.62,2025-11-12T16:39:20Z
NLY-G,25.29,2025-11-12T20:59:27Z
NLY-J,26.13,2025-11-12T20:59:58Z
NMAI,13.38,2025-11-12T20:59:31Z
NMAR,29.01,2025-11-12T16:47:08Z
NMAX,8.79,2025-11-12T20:59:47Z
NMB,25.73,2025-11-12T20:58:04Z
NMCO,10.95,2025-11-12T20:56:02Z
NMFC,9.6,2025-11-12T20:59:52Z
NMG,3.12,2025-11-12T20:59:55Z
NMIH,37.555,2025-11-12T20:59:51Z
NML,8.56,2025-11-12T20:58:49Z
NMM,51.84,2025-11-12T20:59:11Z
NMR,7.36,2025-11-12T20:59:13Z
NMRA,2.855,2025-11-12T20:59:55Z
NMRK,17.295,2025-11-12T20:59:57Z
NMT,11.6,2025-11-12T14:35:08Z
NMZ,10.745,2025-11-12T20:59:59Z
NN,12.595,2025-11-12T20:59:54Z
NNBR,1.54,2025-11-12T20:55:00Z
NNDM,1.565,2025-11-12T20:59:55Z
NNE,36.53,2025-11-12T20:59:41Z
NNI,130.12,2025-11-12T20:37:54Z
NNN,40.87,2025-11-12T20:59:52Z
NNOV,28.58,2025-11-12T19:33:28Z
NNOX,3.04,2025-11-12T20:59:57Z
NNVC,1.51,2025-11-12T20:49:37Z
NNY,8.54,2025-11-12T19:12:03Z
NOA,14.44,2025-11-12T20:59:50Z
NOAH,11.19,2025-11-12T20:58:00Z
NOBL,103.54,2025-11-12T20:59:59Z
NOC,558.62,2025-11-12T20:59:54Z
NOCT,57.42,2025-11-12T20:07:41Z
NODE,39.8,2025-11-12T16:04:16Z
NODK,13.265,2025-11-12T20:50:11Z
NOG,22.035,2025-11-12T20:59:49Z
NOK,7.035,2025-11-12T20:59:48Z
NOM,11.13,2025-11-12T16:20:00Z
NOMA,6.635,2025-11-12T16:44:13Z
NOMD,12.13,2025-11-12T20:59:56Z
NOTE,2.7,2025-11-12T20:59:46Z
NOTV,1.14,2025-11-12T20:59:59Z
NOV,15.4,2025-11-12T20:59:57Z
NOVT,110.375,2025-11-12T20:59:52Z
NOW,863.89,2025-11-12T20:59:53Z
NP,24.995,2025-11-12T20:59:23Z
NPACU,10.44,2025-11-12T19:04:40Z
NPACW,0.6199,2025-11-12T16:43:48Z
NPB,16.79,2025-11-12T20:50:00Z
NPCE,13.51,2025-11-12T20:59:50Z
NPCT,10.78,2025-11-12T20:46:08Z
NPFD,19.68,2025-11-12T20:57:20Z
NPK,99.56,2025-11-12T14:52:30Z
NPKI,12.715,2025-11-12T20:59:49Z
NPO,220.09,2025-11-12T20:57:02Z
NPV,11.46,2025-11-12T20:59:20Z
NPWR,3.28,2025-11-12T20:59:43Z
NQP,12.2,2025-11-12T19:47:07Z
NRC,15.4,2025-11-12T20:59:53Z
NRDS,14.58,2025-11-12T20:59:53Z
NRDY,0.9023,2025-11-12T20:59:01Z
NREF,14.04,2025-11-12T20:58:17Z
NRG,168.87,2025-11-12T20:59:54Z
NRGU,19.69,2025-11-12T15:43:47Z
NRGV,3.435,2025-11-12T20:59:58Z
NRIM,23.51,2025-11-12T20:55:21Z
NRIX,12.18,2025-11-12T20:59:56Z
NRK,10.31,2025-11-12T20:54:26Z
NRO,3.13,2025-11-12T20:57:57Z
NRP,105.35,2025-11-12T20:46:35Z
NRSN,0.94,2025-11-12T20:17:43Z
NRT,6.69,2025-11-12T20:53:16Z
NRUC,23.52,2025-11-12T17:35:01Z
NRXP,2.68,2025-11-12T20:59:52Z
NRXS,2.57,2025-11-12T20:59:59Z
NSA,29.34,2025-11-12T20:59:46Z
NSC,286.4,2025-11-12T20:59:57Z
NSIT,91.71,2025-11-12T20:59:56Z
NSP,33.64,2025-11-12T20:59:25Z
NSPR,1.77,2025-11-12T20:59:41Z
NSRX,7,2025-11-12T16:09:38Z
NSSC,41.94,2025-11-12T20:59:37Z
NTAP,111.53,2025-11-12T20:59:49Z
NTB,46.13,2025-11-12T20:59:37Z
NTCT,28.235,2025-11-12T20:59:51Z
NTES,142.3,2025-11-12T20:59:28Z
NTGR,29.64,2025-11-12T20:59:27Z
NTHI,11.295,2025-11-12T19:24:02Z
NTLA,9.49,2025-11-12T20:59:58Z
NTNX,67.7,2025-11-12T20:59:45Z
NTR,60.12,2025-11-12T20:59:51Z
NTRA,209.52,2025-11-12T20:59:42Z
NTRP,4.32,2025-11-12T20:40:33Z
NTRS,132.42,2025-11-12T20:59:51Z
NTRSO,19.635,2025-11-12T19:36:56Z
NTSK,20.845,2025-11-12T20:59:54Z
NTST,18.24,2025-11-12T20:59:57Z
NTSX,55.25,2025-11-12T19:08:42Z
NTWK,2.965,2025-11-12T20:59:08Z
NU,16.18,2025-11-12T20:59:56Z
NUAG,21.28,2025-11-12T15:31:53Z
NUAI,4.965,2025-11-12T20:59:13Z
NUAIW,1.7,2025-11-12T20:27:06Z
NUBD,22.485,2025-11-12T20:59:46Z
NUDM,38.875,2025-11-12T16:38:23Z
NUE,148.365,2025-11-12T20:59:59Z
NUGO,40.42,2025-11-12T15:55:22Z
NUGT,159.58,2025-11-12T20:59:48Z
NUKK,5.18,2025-11-12T20:58:24Z
NUKZ,68.515,2025-11-12T20:59:47Z
NULG,99.6,2025-11-12T16:18:33Z
NULV,45.43,2025-11-12T20:48:06Z
NUMV,39.25,2025-11-12T15:15:00Z
NUS,9.61,2025-11-12T20:59:43Z
NUSA,23.4,2025-11-12T20:40:32Z
NUSC,44.415,2025-11-12T20:55:11Z
NUTX,116.15,2025-11-12T20:13:38Z
NUV,9.12,2025-11-12T20:59:25Z
NUVB,4.93,2025-11-12T20:59:55Z
NUVL,96.965,2025-11-12T20:53:30Z
NUW,14.35,2025-11-12T19:23:40Z
NUWE,2.68,2025-11-12T20:46:58Z
NVA,11.12,2025-11-12T20:59:58Z
NVAX,7.2,2025-11-12T20:59:59Z
NVBT,36.645,2025-11-12T20:56:44Z
NVBU,28.96,2025-11-12T20:07:36Z
NVCR,11.37,2025-11-12T20:59:56Z
NVCT,6.02,2025-11-12T20:59:33Z
NVD,7.675,2025-11-12T20:59:24Z
NVDA,193.86,2025-11-12T20:59:59Z
NVDB,31.15,2025-11-12T20:33:57Z
NVDD,37.31,2025-11-12T20:59:59Z
NVDG,20.82,2025-11-12T20:57:47Z
NVDL,97.75,2025-11-12T20:59:40Z
NVDQ,16.63,2025-11-12T20:06:43Z
NVDS,30.54,2025-11-12T20:59:51Z
NVDU,136.98,2025-11-12T20:59:45Z
NVDW,47.12,2025-11-12T20:59:40Z
NVDX,19.86,2025-11-12T20:59:57Z
NVDY,15.71,2025-11-12T20:59:06Z
NVEC,64.875,2025-11-12T17:44:32Z
NVG,12.66,2025-11-12T20:59:26Z
NVGS,17.645,2025-11-12T20:59:49Z
NVII,31.125,2025-11-12T20:59:46Z
NVMI,311.4,2025-11-12T20:59:34Z
NVNI,3.315,2025-11-12T20:42:48Z
NVNO,0.6909,2025-11-12T20:51:29Z
NVO,50.27,2025-11-12T20:59:59Z
NVOX,2.795,2025-11-12T20:59:05Z
NVR,7294.32,2025-11-12T20:23:26Z
NVRI,13.36,2025-11-12T20:59:55Z
NVS,132.3,2025-11-12T20:59:58Z
NVST,20.125,2025-11-12T20:59:53Z
NVT,111.49,2025-11-12T20:59:54Z
NVTS,8.65,2025-11-12T20:59:55Z
NVTX,38.07,2025-11-12T19:50:47Z
NVVE,0.1574,2025-11-12T20:59:52Z
NVX,1.18,2025-11-12T20:59:56Z
NVYY,22.17,2025-11-12T17:15:15Z
NWBI,11.84,2025-11-12T20:59:59Z
NWE,67.36,2025-11-12T20:59:45Z
NWG,16.42,2025-11-12T20:59:58Z
NWL,3.36,2025-11-12T20:59:58Z
NWN,48.195,2025-11-12T20:59:48Z
NWPX,57.64,2025-11-12T17:24:16Z
NWS,30.315,2025-11-12T20:59:47Z
NWSA,26.83,2025-11-12T20:59:55Z
NWTG,1.36,2025-11-12T18:55:13Z
NX,13.16,2025-11-12T20:59:10Z
NXC,13.35,2025-11-12T20:58:57Z
NXDR,1.715,2025-11-12T20:59:59Z
NXDT,2.85,2025-11-12T20:59:50Z
NXE,8.47,2025-11-12T20:59:55Z
NXG,50.14,2025-11-12T19:45:24Z
NXGL,2.04,2025-11-12T20:31:55Z
NXJ,12.87,2025-11-12T20:56:17Z
NXL,1.245,2025-11-12T20:47:11Z
NXP,14.5,2025-11-12T20:58:56Z
NXPI,204.04,2025-11-12T20:59:53Z
NXRT,31.47,2025-11-12T20:59:59Z
NXST,187.985,2025-11-12T20:58:57Z
NXT,96.47,2025-11-12T20:59:45Z
NXTC,9.35,2025-11-12T20:56:47Z
NXTE,39.585,2025-11-12T17:28:09Z
NXTG,108.335,2025-11-12T20:50:46Z
NXXT,2.085,2025-11-12T20:59:41Z
NYAX,40.145,2025-11-12T20:38:37Z
NYF,53.665,2025-11-12T20:29:29Z
NYM,25.04,2025-11-12T18:02:34Z
NYT,63.26,2025-11-12T20:59:50Z
NZF,12.735,2025-11-12T20:58:50Z
O,56.95,2025-11-12T20:59:59Z
OABI,1.565,2025-11-12T20:59:58Z
OACP,23.15,2025-11-12T19:33:33Z
OAEM,35.27,2025-11-12T20:44:02Z
OAIM,40.47,2025-11-12T16:27:43Z
OAKM,26.9,2025-11-12T20:59:46Z
OARK,8.21,2025-11-12T20:32:29Z
OBDC,12.11,2025-11-12T20:59:56Z
OBE,6.165,2025-11-12T20:59:45Z
OBIO,4.41,2025-11-12T20:58:57Z
OBK,35.17,2025-11-12T20:59:26Z
OC,103.1,2025-11-12T20:59:56Z
OCCI,4.99,2025-11-12T20:57:54Z
OCFC,18.36,2025-11-12T20:59:59Z
OCGN,1.325,2025-11-12T20:59:42Z
OCIO,37.7,2025-11-12T19:53:52Z
OCS,18.885,2025-11-12T20:58:51Z
OCSL,13.695,2025-11-12T20:59:49Z
OCTH,24.07,2025-11-12T19:38:52Z
OCTJ,23.96,2025-11-12T17:18:34Z
OCTM,32.51,2025-11-12T14:31:16Z
OCTU,28.56,2025-11-12T20:07:50Z
OCTW,38.685,2025-11-12T20:58:01Z
OCUL,11.5,2025-11-12T20:59:58Z
ODC,57.245,2025-11-12T20:50:03Z
ODD,40.235,2025-11-12T20:59:55Z
ODFL,138.84,2025-11-12T20:59:33Z
ODP,27.875,2025-11-12T20:59:46Z
ODV,3.445,2025-11-12T20:59:30Z
ODYS,3.495,2025-11-12T15:08:32Z
OEC,4.78,2025-11-12T20:59:51Z
OEF,344.77,2025-11-12T20:59:58Z
OESX,12.9,2025-11-12T20:39:53Z
OFAL,0.7194,2025-11-12T19:36:07Z
OFG,40.75,2025-11-12T20:59:49Z
OFIX,15.31,2025-11-12T20:59:58Z
OFLX,27.67,2025-11-12T20:36:22Z
OFS,5.13,2025-11-12T20:45:05Z
OGE,45.63,2025-11-12T20:59:52Z
OGI,1.61,2025-11-12T20:59:58Z
OGN,7.705,2025-11-12T20:59:55Z
OGS,81.82,2025-11-12T20:59:41Z
OHI,43.685,2025-11-12T20:59:58Z
OI,12.92,2025-11-12T20:59:59Z
OIA,6,2025-11-12T20:55:50Z
OIH,284.26,2025-11-12T20:59:53Z
OII,23.34,2025-11-12T20:59:56Z
OILD,10.26,2025-11-12T20:37:12Z
OILT,23.12,2025-11-12T15:55:07Z
OILU,24.32,2025-11-12T20:48:00Z
OIS,6.32,2025-11-12T20:59:41Z
OKE,68.905,2025-11-12T20:59:57Z
OKLL,48.17,2025-11-12T20:58:30Z
OKLO,111.18,2025-11-12T20:59:52Z
OKTA,84.68,2025-11-12T20:59:45Z
OKUR,3.08,2025-11-12T19:28:24Z
OKYO,2.555,2025-11-12T19:49:06Z
OLED,120.95,2025-11-12T20:59:08Z
OLLI,128.48,2025-11-12T20:59:54Z
OLMA,8.065,2025-11-12T20:59:55Z
OLN,19.92,2025-11-12T20:59:51Z
OLP,20.57,2025-11-12T20:59:41Z
OLPX,1.14,2025-11-12T20:59:31Z
OM,5.545,2025-11-12T20:59:40Z
OMAH,19.235,2025-11-12T20:59:46Z
OMC,74.11,2025-11-12T20:59:49Z
OMCL,36.85,2025-11-12T20:59:47Z
OMDA,21.46,2025-11-12T20:59:53Z
OMER,6.9,2025-11-12T20:59:56Z
OMEX,2.11,2025-11-12T20:58:41Z
OMF,60.37,2025-11-12T20:59:41Z
OMFL,60.82,2025-11-12T20:55:10Z
OMI,2.95,2025-11-12T20:59:59Z
OMSE,5.07,2025-11-12T20:59:41Z
ON,49.285,2025-11-12T20:59:55Z
ONB,20.99,2025-11-12T20:59:58Z
ONC,377.25,2025-11-12T20:59:39Z
ONCO,2.75,2025-11-12T16:40:48Z
ONCY,1.145,2025-11-12T20:53:22Z
ONDS,5.485,2025-11-12T20:59:58Z
ONEG,10.08,2025-11-12T20:50:44Z
ONEQ,92,2025-11-12T20:58:42Z
ONEW,15.54,2025-11-12T20:59:31Z
ONFO,1.11,2025-11-12T20:10:59Z
ONIT,41.315,2025-11-12T16:05:17Z
ONL,2.46,2025-11-12T20:56:16Z
ONMD,1.52,2025-11-12T20:59:46Z
ONOF,37.92,2025-11-12T16:20:33Z
ONON,41.52,2025-11-12T20:59:57Z
ONTF,5.63,2025-11-12T20:59:45Z
ONTO,135.585,2025-11-12T20:59:26Z
OOMA,11.78,2025-11-12T20:59:38Z
OP,1.45,2025-11-12T20:34:37Z
OPAD,2.18,2025-11-12T20:59:53Z
OPAL,2.28,2025-11-12T20:59:12Z
OPBK,13.28,2025-11-12T20:59:26Z
OPCH,29.04,2025-11-12T20:59:53Z
OPEN,9.355,2025-11-12T20:59:59Z
OPEX,42.15,2025-11-12T20:59:47Z
OPFI,9.83,2025-11-12T20:59:50Z
OPK,1.315,2025-11-12T20:59:55Z
OPP,8.135,2025-11-12T20:52:33Z
OPP-B,18.81,2025-11-12T20:29:31Z
OPPE,50.55,2025-11-12T19:28:45Z
OPPJ,44.325,2025-11-12T17:10:12Z
OPP^,0.0057,2025-11-12T17:23:01Z
OPRA,13.77,2025-11-12T20:59:06Z
OPRT,4.835,2025-11-12T20:59:26Z
OPRX,16.19,2025-11-12T20:59:51Z
OPTT,0.4531,2025-11-12T20:59:54Z
OPXS,14.05,2025-11-12T20:56:17Z
OPY,69.84,2025-11-12T20:44:47Z
OR,33.385,2025-11-12T20:59:47Z
ORA,111.3,2025-11-12T20:59:49Z
ORBS,3.355,2025-11-12T20:59:55Z
ORC,7.31,2025-11-12T20:59:51Z
ORCL,226.98,2025-11-12T20:59:55Z
ORCX,24.89,2025-11-12T20:59:56Z
ORGN,0.5068,2025-11-12T20:59:50Z
ORGO,6.48,2025-11-12T20:59:56Z
ORI,42.69,2025-11-12T20:59:59Z
ORIC,12.49,2025-11-12T20:59:57Z
ORIS,0.1299,2025-11-12T20:48:11Z
ORKA,28.18,2025-11-12T20:58:56Z
ORLA,12.025,2025-11-12T20:59:52Z
ORLY,98.09,2025-11-12T20:59:48Z
ORMP,2.455,2025-11-12T20:33:41Z
ORN,10.075,2025-11-12T20:59:32Z
ORR,32.82,2025-11-12T20:37:01Z
ORRF,34.53,2025-11-12T20:09:10Z
OS,22.14,2025-11-12T20:59:51Z
OSBC,18.39,2025-11-12T20:59:56Z
OSCR,15.12,2025-11-12T20:59:56Z
OSCV,37.22,2025-11-12T19:01:39Z
OSCX,11.62,2025-11-12T19:41:46Z
OSEA,30.88,2025-11-12T15:34:52Z
OSIS,283.205,2025-11-12T20:58:02Z
OSK,125.04,2025-11-12T20:59:31Z
OSPN,12.85,2025-11-12T20:59:53Z
OSRH,0.5949,2025-11-12T20:52:20Z
OSS,5.545,2025-11-12T20:59:47Z
OSTX,1.9,2025-11-12T20:59:55Z
OSUR,2.47,2025-11-12T20:59:53Z
OSW,21.475,2025-11-12T20:59:48Z
OTEX,34.81,2025-11-12T20:59:59Z
OTF,13.74,2025-11-12T20:59:50Z
OTGAW,0.38,2025-11-12T20:44:32Z
OTIS,90.955,2025-11-12T20:59:54Z
OTLK,1.285,2025-11-12T20:59:52Z
OTLY,13.595,2025-11-12T20:59:52Z
OTTR,85.97,2025-11-12T20:59:49Z
OUNZ,40.4,2025-11-12T20:56:41Z
OUSA,56.6,2025-11-12T15:15:00Z
OUSM,44.03,2025-11-12T20:54:48Z
OUST,24.41,2025-11-12T20:59:38Z
OUT,21.47,2025-11-12T20:59:55Z
OVB,20.71,2025-11-12T17:23:14Z
OVID,1.315,2025-11-12T20:59:20Z
OVL,53.635,2025-11-12T15:30:12Z
OVV,38.235,2025-11-12T20:59:57Z
OWL,15.085,2025-11-12T20:59:59Z
OWLS,8.9,2025-11-12T15:31:14Z
OWLT,10.94,2025-11-12T20:55:49Z
OXBR,1.35,2025-11-12T15:47:04Z
OXLC,15.15,2025-11-12T20:58:42Z
OXLCZ,24.36,2025-11-12T16:39:07Z
OXM,36.61,2025-11-12T20:59:47Z
OXSQ,1.975,2025-11-12T20:59:43Z
OXY,41.96,2025-11-12T20:59:58Z
OZEM,31.51,2025-11-12T20:58:53Z
OZK,44.98,2025-11-12T20:59:51Z
PAA,16.52,2025-11-12T20:59:55Z
PAAA,51.34,2025-11-12T20:59:55Z
PAAS,38.375,2025-11-12T20:59:54Z
PAB,42.995,2025-11-12T15:02:11Z
PAC,216.73,2025-11-12T20:56:24Z
PACB,1.74,2025-11-12T20:59:58Z
PACHW,0.3,2025-11-12T14:56:12Z
PACK,5.25,2025-11-12T20:59:22Z
PACS,11.45,2025-11-12T20:59:53Z
PAG,160.735,2025-11-12T20:59:09Z
PAGP,17.46,2025-11-12T20:59:58Z
PAGS,9.45,2025-11-12T20:59:59Z
PAHC,45.19,2025-11-12T20:58:33Z
PAI,12.48,2025-11-12T14:51:18Z
PAL,8.56,2025-11-12T20:59:53Z
PALI,2.035,2025-11-12T20:59:51Z
PALL,134.265,2025-11-12T20:59:54Z
PALU,26.05,2025-11-12T20:54:40Z
PAM,89.2,2025-11-12T20:59:39Z
PANG,16.5,2025-11-12T20:55:00Z
PANL,6.45,2025-11-12T20:59:54Z
PANW,210.11,2025-11-12T20:59:59Z
PAPI,25.95,2025-11-12T17:33:53Z
PAR,39.165,2025-11-12T20:59:46Z
PARR,41.05,2025-11-12T20:59:51Z
PASG,9.345,2025-11-12T20:59:13Z
PASW,0.65,2025-11-12T20:15:38Z
PATH,14.26,2025-11-12T20:59:57Z
PATK,103.475,2025-11-12T20:58:34Z
PAUG,42.82,2025-11-12T20:49:44Z
PAVE,48.19,2025-11-12T20:59:47Z
PAVM,0.401,2025-11-12T20:56:42Z
PAVS,0.5662,2025-11-12T16:20:30Z
PAX,15.15,2025-11-12T20:59:45Z
PAXS,15.955,2025-11-12T20:59:39Z
PAY,36.76,2025-11-12T20:59:58Z
PAYC,167.65,2025-11-12T20:59:58Z
PAYO,5.76,2025-11-12T20:59:55Z
PAYR,50.71,2025-11-12T19:43:33Z
PAYS,5.48,2025-11-12T20:59:53Z
PAYX,111.08,2025-11-12T20:59:50Z
PB,67.135,2025-11-12T20:59:40Z
PBA,38.09,2025-11-12T20:59:54Z
PBAU,29.62,2025-11-12T19:27:24Z
PBDC,30.61,2025-11-12T17:35:10Z
PBF,38.68,2025-11-12T20:59:54Z
PBFR,28.88,2025-11-12T14:46:43Z
PBH,60.54,2025-11-12T20:59:50Z
PBI,9.34,2025-11-12T20:59:56Z
PBM,2.54,2025-11-12T14:50:35Z
PBMR,30.05,2025-11-12T17:29:46Z
PBNV,29.18,2025-11-12T14:33:07Z
PBP,22.66,2025-11-12T20:56:03Z
PBR,12.97,2025-11-12T20:59:58Z
PBR.A,12.22,2025-11-12T20:59:59Z
PBT,19.465,2025-11-12T20:54:39Z
PBTP,26.17,2025-11-12T20:55:10Z
PBUS,68.68,2025-11-12T20:59:46Z
PBW,31.97,2025-11-12T20:59:54Z
PBYI,4.98,2025-11-12T20:59:52Z
PCAR,98.475,2025-11-12T20:59:46Z
PCB,21.99,2025-11-12T19:45:31Z
PCG,16.82,2025-11-12T20:59:59Z
PCG-A,21.97,2025-11-12T19:27:35Z
PCG-X,42.71,2025-11-12T19:29:30Z
PCGG,12.21,2025-11-12T19:15:50Z
PCH,39.92,2025-11-12T20:59:58Z
PCM,6.35,2025-11-12T19:55:27Z
PCMM,50.21,2025-11-12T18:15:39Z
PCN,12.9,2025-11-12T20:52:17Z
PCOR,78.02,2025-11-12T20:59:43Z
PCQ,8.97,2025-11-12T20:46:37Z
PCRX,23.845,2025-11-12T20:59:47Z
PCSA,0.3167,2025-11-12T20:59:51Z
PCT,9.595,2025-11-12T20:59:58Z
PCTTW,1.7,2025-11-12T15:58:23Z
PCTY,147.97,2025-11-12T20:59:55Z
PCVX,46.12,2025-11-12T20:59:50Z
PCY,21.92,2025-11-12T20:59:59Z
PCYO,11.23,2025-11-12T20:57:45Z
PD,15.99,2025-11-12T20:59:56Z
PDBA,35.11,2025-11-12T16:11:02Z
PDBC,13.695,2025-11-12T20:59:52Z
PDCC,16.24,2025-11-12T17:45:46Z
PDD,136.03,2025-11-12T20:59:54Z
PDEC,42.765,2025-11-12T20:59:46Z
PDEX,33.01,2025-11-12T15:29:39Z
PDFS,26,2025-11-12T20:59:53Z
PDI,18.38,2025-11-12T20:59:55Z
PDLB,15.85,2025-11-12T20:59:45Z
PDM,8.28,2025-11-12T20:59:46Z
PDO,13.945,2025-11-12T20:58:10Z
PDP,117.95,2025-11-12T19:55:49Z
PDS,58.81,2025-11-12T20:49:50Z
PDSB,0.9639,2025-11-12T20:58:44Z
PDT,13.17,2025-11-12T20:59:03Z
PDX,22.005,2025-11-12T20:21:32Z
PDYN,6.765,2025-11-12T20:59:51Z
PEB,11.26,2025-11-12T20:59:54Z
PEB-E,19.25,2025-11-12T20:13:42Z
PEB-F,19.38,2025-11-12T15:27:09Z
PEBO,29.5,2025-11-12T20:59:26Z
PECO,34.72,2025-11-12T20:59:58Z
PEG,83.55,2025-11-12T20:59:49Z
PEGA,59.21,2025-11-12T20:59:26Z
PEJ,58.7,2025-11-12T20:58:04Z
PELIR,0.31,2025-11-12T14:48:57Z
PEN,280.25,2025-11-12T20:59:53Z
PENG,20.75,2025-11-12T20:59:53Z
PENN,15.28,2025-11-12T20:59:54Z
PEO,22.11,2025-11-12T20:31:28Z
PEP,144.37,2025-11-12T20:59:59Z
PEPG,5.13,2025-11-12T20:59:57Z
PERF,1.93,2025-11-12T20:58:49Z
PERI,10.505,2025-11-12T20:59:53Z
PESI,13.81,2025-11-12T20:58:37Z
PETS,2.9,2025-11-12T20:28:28Z
PEW,4.3,2025-11-12T20:59:32Z
PEY,20.45,2025-11-12T20:54:17Z
PFBC,92.945,2025-11-12T16:48:18Z
PFE,25.88,2025-11-12T20:59:59Z
PFF,31.125,2025-11-12T20:59:57Z
PFFA,21.59,2025-11-12T20:59:57Z
PFFD,19.12,2025-11-12T20:59:54Z
PFFR,18.42,2025-11-12T20:30:08Z
PFFV,22.78,2025-11-12T20:59:50Z
PFG,85.27,2025-11-12T20:59:55Z
PFGC,96.47,2025-11-12T20:59:51Z
PFH,18.195,2025-11-12T19:08:32Z
PFIX,45.83,2025-11-12T16:36:20Z
PFL,8.47,2025-11-12T20:50:24Z
PFLD,19.69,2025-11-12T18:32:43Z
PFLT,9.34,2025-11-12T20:59:58Z
PFM,51.555,2025-11-12T19:21:49Z
PFN,7.565,2025-11-12T20:53:06Z
PFRL,49.7,2025-11-12T17:24:29Z
PFS,18.805,2025-11-12T20:59:51Z
PFSA,0.204,2025-11-12T20:58:34Z
PFSI,129.085,2025-11-12T20:59:22Z
PFXF,17.64,2025-11-12T20:43:46Z
PG,147.97,2025-11-12T20:59:57Z
PGC,25.93,2025-11-12T20:58:41Z
PGEN,4.04,2025-11-12T20:59:59Z
PGF,14.4,2025-11-12T20:59:46Z
PGHY,19.97,2025-11-12T18:12:35Z
PGJ,31.3,2025-11-12T14:39:31Z
PGNY,24.09,2025-11-12T20:59:53Z
PGP,8.84,2025-11-12T20:42:39Z
PGR,221.85,2025-11-12T20:59:49Z
PGRE,6.555,2025-11-12T20:59:49Z
PGX,11.46,2025-11-12T20:54:11Z
PGY,25.9,2025-11-12T20:59:51Z
PGZ,10.36,2025-11-12T19:43:10Z
PH,854.13,2025-11-12T20:59:47Z
PHAR,17.16,2025-11-12T20:34:31Z
PHAT,14.65,2025-11-12T20:59:46Z
PHB,18.585,2025-11-12T20:56:31Z
PHEQ,32.51,2025-11-12T18:18:17Z
PHG,29.38,2025-11-12T20:59:54Z
PHGE,0.3755,2025-11-12T20:59:53Z
PHI,20.61,2025-11-12T20:59:52Z
PHIN,54.91,2025-11-12T20:58:00Z
PHIO,1.59,2025-11-12T20:59:52Z
PHK,4.85,2025-11-12T20:59:50Z
PHM,120.66,2025-11-12T20:59:49Z
PHO,72.88,2025-11-12T20:17:02Z
PHR,23.16,2025-11-12T20:59:50Z
PHUN,2.27,2025-11-12T20:59:10Z
PHVS,25.82,2025-11-12T20:59:27Z
PHYD,52.34,2025-11-12T15:00:07Z
PHYL,35.42,2025-11-12T20:57:15Z
PHYS,31.995,2025-11-12T20:55:43Z
PI,152.91,2025-11-12T20:59:53Z
PICB,23.66,2025-11-12T20:43:29Z
PICK,46.92,2025-11-12T20:59:55Z
PID,21.915,2025-11-12T20:58:58Z
PIEQ,32.61,2025-11-12T20:59:45Z
PII,66.01,2025-11-12T20:59:53Z
PILL,9.43,2025-11-12T20:06:08Z
PIM,3.39,2025-11-12T20:34:37Z
PIN,26.37,2025-11-12T15:47:01Z
PINC,28.2,2025-11-12T20:59:56Z
PINE,16.47,2025-11-12T20:59:00Z
PINK,34.82,2025-11-12T20:56:01Z
PINS,27.31,2025-11-12T20:59:58Z
PIPR,338.75,2025-11-12T20:59:29Z
PIZ,48.92,2025-11-12T20:16:06Z
PJAN,46.33,2025-11-12T20:50:19Z
PJT,170.52,2025-11-12T20:59:52Z
PJUL,45.94,2025-11-12T20:35:07Z
PJUN,41.4,2025-11-12T19:33:26Z
PK,10.715,2025-11-12T20:59:56Z
PKBK,21.85,2025-11-12T20:59:52Z
PKE,19.5,2025-11-12T20:58:20Z
PKG,200.53,2025-11-12T20:59:50Z
PKST,14.36,2025-11-12T20:59:33Z
PKW,131.34,2025-11-12T20:52:15Z
PKX,55.09,2025-11-12T20:54:42Z
PL,12.44,2025-11-12T20:59:58Z
PL+,3.57,2025-11-12T19:08:22Z
PLAB,22.48,2025-11-12T20:59:55Z
PLAY,14.96,2025-11-12T20:59:56Z
PLBL,8.2,2025-11-12T17:55:22Z
PLBY,1.375,2025-11-12T20:59:56Z
PLCE,9.145,2025-11-12T20:59:51Z
PLD,124.815,2025-11-12T20:59:54Z
PLDR,37.35,2025-11-12T14:34:35Z
PLG,2.215,2025-11-12T20:58:23Z
PLMR,132.47,2025-11-12T20:59:31Z
PLNT,103.79,2025-11-12T20:59:55Z
PLOW,31.33,2025-11-12T20:58:23Z
PLRX,1.805,2025-11-12T20:59:53Z
PLSE,15.02,2025-11-12T20:59:49Z
PLT,17.94,2025-11-12T14:49:21Z
PLTA,31.69,2025-11-12T16:30:08Z
PLTD,6.49,2025-11-12T20:59:51Z
PLTG,34.48,2025-11-12T20:53:50Z
PLTK,4.22,2025-11-12T20:59:58Z
PLTM,15.59,2025-11-12T20:59:57Z
PLTR,184.19,2025-11-12T20:59:59Z
PLTU,98.28,2025-11-12T20:54:10Z
PLTW,42.63,2025-11-12T19:56:08Z
PLTY,59.94,2025-11-12T20:59:55Z
PLTZ,6.215,2025-11-12T20:59:50Z
PLUG,2.74,2025-11-12T20:59:58Z
PLUR,4.36,2025-11-12T19:50:36Z
PLUS,91.59,2025-11-12T20:59:57Z
PLX,2.13,2025-11-12T20:59:53Z
PLXS,146.245,2025-11-12T20:58:08Z
PLYM,22.2,2025-11-12T20:59:55Z
PLYY,22.86,2025-11-12T16:01:43Z
PM,155.58,2025-11-12T20:59:59Z
PMAR,44.32,2025-11-12T19:07:31Z
PMAX,2.2,2025-11-12T20:46:01Z
PMAY,39.1,2025-11-12T15:55:49Z
PMBS,49.71,2025-11-12T20:59:51Z
PMEC,1.15,2025-11-12T20:44:43Z
PMI,2.72,2025-11-12T20:59:09Z
PMIO,51.19,2025-11-12T20:51:58Z
PML,7.9,2025-11-12T20:53:05Z
PMM,6.135,2025-11-12T20:51:40Z
PMMF,100.36,2025-11-12T20:58:47Z
PMN,0.4136,2025-11-12T15:01:10Z
PMNT,0.452,2025-11-12T17:32:07Z
PMO,10.42,2025-11-12T20:33:15Z
PMT,12.4,2025-11-12T20:59:56Z
PMT-A,24.25,2025-11-12T17:33:53Z
PMT-C,19.05,2025-11-12T20:23:50Z
PMTR,10.3,2025-11-12T19:35:36Z
PMTS,14.065,2025-11-12T20:51:06Z
PMTV,25.31,2025-11-12T15:47:56Z
PMVP,1.43,2025-11-12T20:59:55Z
PN,0.684,2025-11-12T16:45:46Z
PNBK,1.08,2025-11-12T20:53:20Z
PNC,186.92,2025-11-12T20:59:53Z
PNFP,88.4,2025-11-12T20:59:54Z
PNNT,6.55,2025-11-12T20:59:54Z
PNOV,41.545,2025-11-12T20:36:01Z
PNQI,55,2025-11-12T20:29:50Z
PNR,108.7,2025-11-12T20:59:49Z
PNTG,25.27,2025-11-12T20:58:29Z
PNW,88.95,2025-11-12T20:59:38Z
POAI,6.76,2025-11-12T19:08:25Z
POCI,4.85,2025-11-12T20:44:33Z
POCT,43.505,2025-11-12T20:12:46Z
PODC,2.28,2025-11-12T18:10:03Z
PODD,336.58,2025-11-12T20:59:07Z
POET,5.04,2025-11-12T20:59:57Z
POM,4.49,2025-11-12T20:59:38Z
PONY,13.82,2025-11-12T20:59:49Z
POOL,250.49,2025-11-12T20:59:51Z
POR,50.52,2025-11-12T20:59:49Z
POST,106.65,2025-11-12T20:59:35Z
POW,20.39,2025-11-12T20:30:48Z
POWI,35.7,2025-11-12T20:59:42Z
POWL,355.92,2025-11-12T20:59:26Z
POWR,26.09,2025-11-12T15:22:04Z
POWW,1.87,2025-11-12T20:59:59Z
PPA,154.28,2025-11-12T20:48:02Z
PPBT,0.7933,2025-11-12T20:55:49Z
PPC,37.95,2025-11-12T20:59:59Z
PPG,97.47,2025-11-12T20:59:50Z
PPH,99.31,2025-11-12T20:59:57Z
PPI,18.895,2025-11-12T20:56:43Z
PPIH,26.83,2025-11-12T17:15:36Z
PPL,36.88,2025-11-12T20:59:58Z
PPLT,147.255,2025-11-12T20:59:34Z
PPSI,4.2,2025-11-12T20:59:16Z
PPT,3.64,2025-11-12T20:56:10Z
PPTA,23.1,2025-11-12T20:59:48Z
PR,13.31,2025-11-12T20:59:59Z
PRA,24.075,2025-11-12T20:59:52Z
PRAA,15.95,2025-11-12T20:59:55Z
PRAX,183.73,2025-11-12T20:59:59Z
PRCH,10.18,2025-11-12T20:59:58Z
PRCT,30.755,2025-11-12T20:59:51Z
PRDO,31.3,2025-11-12T20:59:52Z
PRE,13.885,2025-11-12T20:59:46Z
PREF,19.075,2025-11-12T20:54:10Z
PRF,46.33,2025-11-12T20:59:01Z
PRFD,51.83,2025-11-12T20:53:51Z
PRFX,0.9406,2025-11-12T17:26:47Z
PRFZ,45.54,2025-11-12T20:53:52Z
PRG,28.215,2025-11-12T20:59:44Z
PRGO,14.15,2025-11-12T20:59:58Z
PRGS,42.92,2025-11-12T20:59:45Z
PRI,259.37,2025-11-12T20:59:47Z
PRIM,123.045,2025-11-12T20:59:50Z
PRK,156.79,2025-11-12T19:18:34Z
PRKS,33.59,2025-11-12T20:59:59Z
PRLB,49.87,2025-11-12T20:55:21Z
PRLD,1.46,2025-11-12T20:57:32Z
PRM,26.35,2025-11-12T20:59:55Z
PRMB,16.08,2025-11-12T20:59:58Z
PRME,3.535,2025-11-12T20:59:50Z
PRN,175.34,2025-11-12T16:15:00Z
PRO,23.135,2025-11-12T20:59:45Z
PROF,6.47,2025-11-12T20:57:17Z
PROK,2.68,2025-11-12T20:59:53Z
PROP,1.725,2025-11-12T20:59:37Z
PROV,15.48,2025-11-12T20:59:40Z
PRPH,0.2681,2025-11-12T20:59:28Z
PRPL,0.6899,2025-11-12T20:59:51Z
PRPO,20.68,2025-11-12T20:37:26Z
PRQR,2.145,2025-11-12T20:59:56Z
PRSO,0.9378,2025-11-12T20:57:26Z
PRSU,34.31,2025-11-12T20:59:32Z
PRTA,10.85,2025-11-12T20:59:56Z
PRTH,5.78,2025-11-12T20:59:47Z
PRTS,0.472,2025-11-12T20:57:03Z
PRU,107.81,2025-11-12T20:59:50Z
PRVA,24.24,2025-11-12T20:59:46Z
PRZO,1.305,2025-11-12T20:59:50Z
PSA,275.17,2025-11-12T20:59:52Z
PSA-I,20.075,2025-11-12T20:29:35Z
PSA-O,16.13,2025-11-12T18:57:50Z
PSA-P,16.44,2025-11-12T20:57:18Z
PSA-R,16.42,2025-11-12T20:51:08Z
PSBD,12.07,2025-11-12T20:58:37Z
PSC,57.13,2025-11-12T18:54:40Z
PSCH,43.42,2025-11-12T14:39:25Z
PSCT,60.35,2025-11-12T17:10:09Z
PSDM,51.48,2025-11-12T19:10:29Z
PSEC,2.805,2025-11-12T20:59:47Z
PSEP,43.29,2025-11-12T20:53:35Z
PSF,20.77,2025-11-12T20:00:46Z
PSFD,36.81,2025-11-12T20:52:06Z
PSFE,10.17,2025-11-12T20:59:49Z
PSFF,31.95,2025-11-12T20:59:48Z
PSHG,2.19,2025-11-12T20:54:04Z
PSI,78.11,2025-11-12T15:02:35Z
PSIX,64.72,2025-11-12T20:59:50Z
PSK,32.375,2025-11-12T20:59:45Z
PSKY,15.59,2025-11-12T20:59:58Z
PSLV,17.68,2025-11-12T20:59:56Z
PSMT,117.09,2025-11-12T20:17:46Z
PSN,86.45,2025-11-12T20:59:50Z
PSNL,8.03,2025-11-12T20:59:56Z
PSNY,0.6723,2025-11-12T20:59:50Z
PSNYW,0.2175,2025-11-12T16:02:04Z
PSO,13.245,2025-11-12T20:59:47Z
PSP,66.81,2025-11-12T14:58:45Z
PSQ,30.13,2025-11-12T20:59:41Z
PSQA,20.49,2025-11-12T20:47:54Z
PSQH,1.77,2025-11-12T20:59:18Z
PSTG,88.57,2025-11-12T20:59:50Z
PSTL,15.595,2025-11-12T20:55:18Z
PSTP,35,2025-11-12T20:07:36Z
PSTV,0.5532,2025-11-12T20:59:48Z
PSX,138.01,2025-11-12T20:59:53Z
PTA,19.81,2025-11-12T19:14:21Z
PTBD,19.56,2025-11-12T20:37:58Z
PTC,178.29,2025-11-12T20:59:47Z
PTCT,74.99,2025-11-12T20:59:46Z
PTEN,5.985,2025-11-12T20:59:59Z
PTGX,84.88,2025-11-12T20:59:46Z
PTHS,37.24,2025-11-12T20:46:20Z
PTIR,31.4,2025-11-12T20:59:30Z
PTLC,56.195,2025-11-12T20:55:07Z
PTLE,0.2286,2025-11-12T20:55:54Z
PTLO,4.65,2025-11-12T20:59:57Z
PTMC,35.91,2025-11-12T20:55:09Z
PTN,10.86,2025-11-12T20:46:04Z
PTON,7.47,2025-11-12T20:59:59Z
PTRB,42.31,2025-11-12T20:55:13Z
PTRN,18.17,2025-11-12T20:58:23Z
PTY,13.66,2025-11-12T20:59:40Z
PUBM,9.57,2025-11-12T20:59:58Z
PUI,46.085,2025-11-12T20:55:47Z
PUK,28.98,2025-11-12T20:59:55Z
PULS,49.7,2025-11-12T20:59:46Z
PUMP,10.445,2025-11-12T20:59:56Z
PVAL,44.29,2025-11-12T20:58:23Z
PVBC,12.875,2025-11-12T20:36:26Z
PVH,80.04,2025-11-12T20:59:50Z
PVI,24.8,2025-11-12T20:59:05Z
PVLA,81.605,2025-11-12T20:59:42Z
PW,0.6248,2025-11-12T20:58:16Z
PWB,129.21,2025-11-12T15:29:22Z
PWP,19.36,2025-11-12T20:59:53Z
PWR,449.52,2025-11-12T20:59:51Z
PWRD,99.06,2025-11-12T20:44:42Z
PWV,66.74,2025-11-12T20:46:55Z
PWZ,24.34,2025-11-12T20:59:42Z
PX,10.16,2025-11-12T20:59:47Z
PXED,29.98,2025-11-12T20:51:28Z
PXF,64.18,2025-11-12T20:56:43Z
PXH,26.425,2025-11-12T20:56:31Z
PXIU,6.56,2025-11-12T19:50:26Z
PXLW,6.52,2025-11-12T17:19:39Z
PY,51.99,2025-11-12T20:59:45Z
PYLD,26.805,2025-11-12T20:59:47Z
PYPD,3.76,2025-11-12T20:59:08Z
PYPG,15.18,2025-11-12T17:40:27Z
PYPL,67.18,2025-11-12T20:59:59Z
PYPY,9.79,2025-11-12T19:31:00Z
PYXS,4.37,2025-11-12T20:59:52Z
PZA,23.36,2025-11-12T20:58:35Z
PZG,1.17,2025-11-12T20:59:10Z
PZT,22.51,2025-11-12T19:22:49Z
PZZA,40.805,2025-11-12T20:59:46Z
Q,91.705,2025-11-12T20:59:51Z
QAI,33.875,2025-11-12T20:59:45Z
QAT,19.62,2025-11-12T19:15:05Z
QB,42.14,2025-11-12T15:58:31Z
QBER,24.62,2025-11-12T19:16:00Z
QBSF,25.9,2025-11-12T16:59:46Z
QBTS,26.385,2025-11-12T20:59:51Z
QBTS+,26.61,2025-11-12T20:43:47Z
QBTX,45.93,2025-11-12T20:59:46Z
QBTZ,18.18,2025-11-12T20:58:46Z
QCAP,23.42,2025-11-12T17:58:16Z
QCJA,21.67,2025-11-12T18:52:17Z
QCJL,23.45,2025-11-12T20:43:40Z
QCLN,46.06,2025-11-12T20:59:30Z
QCLS,3.485,2025-11-12T20:57:59Z
QCML,22.9,2025-11-12T20:59:54Z
QCMU,29.4,2025-11-12T16:30:10Z
QCOC,22.27,2025-11-12T17:47:51Z
QCOM,176.745,2025-11-12T20:59:58Z
QCRH,78.03,2025-11-12T20:57:06Z
QD,4.89,2025-11-12T20:58:52Z
QDEC,31.79,2025-11-12T20:58:55Z
QDEF,80.73,2025-11-12T16:58:19Z
QDEL,22.59,2025-11-12T20:59:55Z
QDPL,42.7,2025-11-12T20:59:31Z
QDTE,35.57,2025-11-12T20:59:46Z
QDTY,45.17,2025-11-12T18:19:46Z
QDVO,29.72,2025-11-12T20:59:55Z
QEFA,90.47,2025-11-12T15:34:45Z
QEMM,68.625,2025-11-12T17:13:25Z
QETH,34.03,2025-11-12T20:59:45Z
QFIN,23.235,2025-11-12T20:59:53Z
QFLR,34.33,2025-11-12T19:10:35Z
QGEN,44.52,2025-11-12T20:59:50Z
QGRO,115.76,2025-11-12T20:51:36Z
QGRW,59.28,2025-11-12T20:59:04Z
QH,1.205,2025-11-12T20:59:10Z
QHDG,29.75,2025-11-12T20:07:36Z
QID,20.11,2025-11-12T20:59:47Z
QINT,63.445,2025-11-12T17:13:51Z
QIPT,2.36,2025-11-12T20:59:55Z
QIS,19.24,2025-11-12T14:31:39Z
QJUN,31.38,2025-11-12T20:51:12Z
QLC,80.38,2025-11-12T15:15:00Z
QLD,144.92,2025-11-12T20:59:00Z
QLGN,2.67,2025-11-12T20:51:31Z
QLTA,48.38,2025-11-12T20:59:58Z
QLTY,37.74,2025-11-12T20:29:05Z
QLYS,150.025,2025-11-12T20:59:53Z
QMAR,32.51,2025-11-12T20:54:52Z
QMCO,7.67,2025-11-12T20:55:47Z
QMMY,24.65,2025-11-12T20:07:36Z
QMOM,66.16,2025-11-12T15:17:05Z
QNCX,1.715,2025-11-12T20:57:53Z
QNRX,12.06,2025-11-12T20:34:19Z
QNST,14.25,2025-11-12T20:59:59Z
QNTM,8.49,2025-11-12T15:55:30Z
QPUX,23.59,2025-11-12T20:49:43Z
QQA,53.82,2025-11-12T20:59:33Z
QQEW,142.19,2025-11-12T20:46:52Z
QQH,79.36,2025-11-12T20:59:50Z
QQQ,621.05,2025-11-12T20:59:59Z
QQQD,13.17,2025-11-12T20:58:38Z
QQQE,102.28,2025-11-12T20:58:31Z
QQQH,54.91,2025-11-12T20:20:56Z
QQQI,55.02,2025-11-12T20:59:45Z
QQQJ,37.34,2025-11-12T20:44:53Z
QQQM,255.68,2025-11-12T20:59:46Z
QQQT,18.29,2025-11-12T14:32:14Z
QQQU,61.43,2025-11-12T18:17:44Z
QQQX,27.86,2025-11-12T20:40:59Z
QQQY,24.66,2025-11-12T19:22:35Z
QQXT,98.6,2025-11-12T20:22:18Z
QRHC,1.53,2025-11-12T20:58:50Z
QRVO,87.87,2025-11-12T20:59:56Z
QS,14.64,2025-11-12T20:59:59Z
QSI,1.525,2025-11-12T20:59:51Z
QSPT,31.35,2025-11-12T15:44:15Z
QSR,69.13,2025-11-12T20:59:52Z
QSU,14.61,2025-11-12T20:57:20Z
QSX,26.26,2025-11-12T16:27:24Z
QTEC,234.36,2025-11-12T20:59:50Z
QTJA,29.35,2025-11-12T20:31:45Z
QTOP,32.44,2025-11-12T20:59:48Z
QTPI,25.67,2025-11-12T16:33:32Z
QTRX,5.23,2025-11-12T20:59:55Z
QTTB,2.44,2025-11-12T20:53:48Z
QTUM,110.555,2025-11-12T20:59:05Z
QTWO,73.225,2025-11-12T20:59:47Z
QUAD,5.705,2025-11-12T20:59:23Z
QUAL,196.98,2025-11-12T20:59:56Z
QUBT,11.16,2025-11-12T20:59:56Z
QUBX,6.17,2025-11-12T20:58:21Z
QUIK,6.25,2025-11-12T20:59:57Z
QURE,30.11,2025-11-12T20:59:46Z
QUS,173.67,2025-11-12T16:44:47Z
QUSA,18.56,2025-11-12T19:17:26Z
QVAL,47.59,2025-11-12T19:45:47Z
QVCC,10.555,2025-11-12T19:06:18Z
QVCGA,6.965,2025-11-12T20:52:11Z
QVCGP,4.28,2025-11-12T20:08:37Z
QVML,40.24,2025-11-12T16:06:40Z
QVOY,28.87,2025-11-12T17:17:17Z
QXO,18.81,2025-11-12T20:59:54Z
QYLD,17.5,2025-11-12T20:59:48Z
QYLG,30.185,2025-11-12T20:49:26Z
R,172.88,2025-11-12T20:59:52Z
RA,13.245,2025-11-12T20:26:14Z
RAA,27.795,2025-11-12T20:58:57Z
RAAA,25.005,2025-11-12T20:20:10Z
RAAX,35.33,2025-11-12T20:04:43Z
RAC+,0.65,2025-11-12T20:49:27Z
RACE,418.94,2025-11-12T20:59:48Z
RAFE,41.65,2025-11-12T16:57:17Z
RAIL,8.61,2025-11-12T20:59:47Z
RAIN,5.325,2025-11-12T20:38:25Z
RAL,47.79,2025-11-12T20:59:49Z
RAMP,30.48,2025-11-12T20:59:50Z
RANI,2.105,2025-11-12T20:58:56Z
RAPP,25.17,2025-11-12T20:59:43Z
RAPT,29.4,2025-11-12T20:59:22Z
RARE,33.54,2025-11-12T20:59:53Z
RAUS,26.41,2025-11-12T20:59:51Z
RAVE,3.015,2025-11-12T19:23:50Z
RAY,2.7,2025-11-12T19:21:24Z
RAYC,18.37,2025-11-12T20:44:00Z
RBA,101.97,2025-11-12T20:59:47Z
RBB,19.255,2025-11-12T20:59:53Z
RBBN,3.25,2025-11-12T20:59:59Z
RBC,445,2025-11-12T20:59:40Z
RBLU,51.945,2025-11-12T20:22:22Z
RBLX,104.25,2025-11-12T20:59:51Z
RBNE,1.065,2025-11-12T20:59:44Z
RBOT,4.05,2025-11-12T19:01:47Z
RBRK,73.9,2025-11-12T20:59:58Z
RC,2.66,2025-11-12T20:59:56Z
RCAT,8.54,2025-11-12T20:59:59Z
RCEL,3.785,2025-11-12T20:59:14Z
RCI,38.405,2025-11-12T20:59:47Z
RCKT,3.31,2025-11-12T20:59:58Z
RCKY,30.21,2025-11-12T19:55:14Z
RCL,263.33,2025-11-12T20:59:54Z
RCMT,19.19,2025-11-12T19:20:26Z
RCS,7.1,2025-11-12T20:42:37Z
RCT,1.86,2025-11-12T20:23:24Z
RCUS,19.98,2025-11-12T20:59:59Z
RDAGW,0.75,2025-11-12T20:53:21Z
RDCM,13.255,2025-11-12T20:59:19Z
RDDT,202.49,2025-11-12T20:59:55Z
RDFI,24.07,2025-11-12T20:49:38Z
RDGT,3.89,2025-11-12T20:56:35Z
RDHL,1.09,2025-11-12T17:41:53Z
RDI,1.3,2025-11-12T19:33:06Z
RDN,35.44,2025-11-12T20:59:36Z
RDNT,74.39,2025-11-12T20:59:58Z
RDNW,5.33,2025-11-12T20:59:50Z
RDTE,32.28,2025-11-12T20:56:01Z
RDTL,41.175,2025-11-12T20:34:18Z
RDTY,42.4,2025-11-12T15:15:18Z
RDVI,25.98,2025-11-12T20:59:51Z
RDVT,57.97,2025-11-12T20:59:46Z
RDVY,68.21,2025-11-12T20:59:40Z
RDW,5.97,2025-11-12T20:59:59Z
RDWR,22.815,2025-11-12T20:54:35Z
RDY,13.86,2025-11-12T20:59:59Z
RDYY,39.42,2025-11-12T16:06:12Z
RDZN,1.41,2025-11-12T18:16:46Z
REAL,14.795,2025-11-12T20:59:58Z
REAX,4.11,2025-11-12T20:59:59Z
REBN,1.63,2025-11-12T15:52:00Z
RECS,41.175,2025-11-12T20:56:03Z
REE,0.895,2025-11-12T20:33:48Z
REET,25.495,2025-11-12T20:59:53Z
REFI,12.855,2025-11-12T20:46:49Z
REFR,1.81,2025-11-12T20:56:12Z
REG,70.005,2025-11-12T20:59:54Z
REGL,83.495,2025-11-12T20:57:34Z
REGN,681.85,2025-11-12T20:59:59Z
REI,1.015,2025-11-12T20:59:42Z
REIT,26.8,2025-11-12T20:52:08Z
REKR,2.2,2025-11-12T20:59:57Z
REKT,16.51,2025-11-12T20:59:46Z
RELI,0.786,2025-11-12T20:59:19Z
RELL,10.67,2025-11-12T20:58:02Z
RELX,41.395,2025-11-12T20:59:48Z
RELY,12.19,2025-11-12T20:59:57Z
REM,22.125,2025-11-12T20:59:44Z
REMX,68.32,2025-11-12T20:59:59Z
RENT,4.6,2025-11-12T20:59:26Z
REPL,9.05,2025-11-12T20:59:59Z
REPX,25.99,2025-11-12T20:54:26Z
RERE,4.2,2025-11-12T20:59:52Z
RES,5.5,2025-11-12T20:59:55Z
RETL,8.22,2025-11-12T20:59:42Z
REVB,1.005,2025-11-12T18:34:57Z
REVG,52.65,2025-11-12T20:59:50Z
REW,5.4,2025-11-12T20:59:30Z
REX,33.32,2025-11-12T20:59:44Z
REXR,41.72,2025-11-12T20:59:58Z
REYN,24.73,2025-11-12T20:59:56Z
REZ,84.32,2025-11-12T20:55:01Z
REZI,31.805,2025-11-12T20:59:54Z
RF,25.39,2025-11-12T20:59:58Z
RF-C,24.255,2025-11-12T17:34:20Z
RF-E,17.87,2025-11-12T20:29:34Z
RF-F,25.685,2025-11-12T20:13:20Z
RFCI,22.77,2025-11-12T20:12:49Z
RFI,11.53,2025-11-12T20:44:00Z
RFIL,6.68,2025-11-12T20:57:14Z
RFIX,41.47,2025-11-12T18:51:58Z
RFL,1.27,2025-11-12T20:00:00Z
RFMZ,13.03,2025-11-12T19:36:17Z
RGA,190.49,2025-11-12T20:59:48Z
RGC,14.08,2025-11-12T20:50:00Z
RGEN,157.94,2025-11-12T20:59:52Z
RGLD,193.54,2025-11-12T20:59:50Z
RGLO,29.39,2025-11-12T19:00:06Z
RGNX,11.6,2025-11-12T20:59:55Z
RGP,4.53,2025-11-12T20:59:57Z
RGR,31.675,2025-11-12T18:36:11Z
RGS,27.42,2025-11-12T19:45:01Z
RGT,12.52,2025-11-12T20:55:59Z
RGTI,28.305,2025-11-12T20:59:59Z
RGTIW,17.13,2025-11-12T20:51:23Z
RGTU,35.73,2025-11-12T18:32:09Z
RGTX,97.335,2025-11-12T20:59:34Z
RGTZ,23.18,2025-11-12T20:59:59Z
RH,161.12,2025-11-12T20:59:44Z
RHI,27.67,2025-11-12T20:59:53Z
RHLD,160.49,2025-11-12T20:42:57Z
RHP,94.47,2025-11-12T20:59:43Z
RICK,24.77,2025-11-12T20:49:02Z
RIG,4.13,2025-11-12T20:59:56Z
RIGL,39.94,2025-11-12T20:59:54Z
RIGS,23.19,2025-11-12T20:07:03Z
RILY,5.575,2025-11-12T20:58:57Z
RILYL,5.78,2025-11-12T14:55:34Z
RILYZ,10.65,2025-11-12T17:18:53Z
RIME,2.39,2025-11-12T20:52:40Z
RING,68.165,2025-11-12T20:55:05Z
RIO,71.095,2025-11-12T20:59:53Z
RIOT,15.46,2025-11-12T20:59:59Z
RIOX,19.015,2025-11-12T20:59:05Z
RITA,19.7,2025-11-12T14:32:08Z
RITM,11.225,2025-11-12T20:59:57Z
RITM-D,24.64,2025-11-12T16:22:23Z
RITM-E,25.24,2025-11-12T14:39:35Z
RITR,1.595,2025-11-12T20:59:46Z
RIV,11.65,2025-11-12T20:51:58Z
RIVN,17.55,2025-11-12T20:59:59Z
RJF,165.94,2025-11-12T20:59:50Z
RKLB,49.965,2025-11-12T20:59:54Z
RKLX,84.18,2025-11-12T18:21:07Z
RKT,17.93,2025-11-12T20:59:59Z
RL,340.36,2025-11-12T20:59:55Z
RLAY,6.15,2025-11-12T20:59:54Z
RLGT,6.21,2025-11-12T20:59:48Z
RLI,62.165,2025-11-12T20:59:36Z
RLJ,7.53,2025-11-12T20:59:58Z
RLMD,3.905,2025-11-12T20:59:35Z
RLTY,15.24,2025-11-12T20:45:20Z
RLX,2.37,2025-11-12T20:59:51Z
RLY,31.65,2025-11-12T17:50:05Z
RLYB,0.7,2025-11-12T19:38:31Z
RM,39.18,2025-11-12T20:55:12Z
RMAX,7.69,2025-11-12T20:58:25Z
RMBS,102.22,2025-11-12T20:59:58Z
RMCF,1.63,2025-11-12T17:26:54Z
RMCO,3.32,2025-11-12T20:50:55Z
RMD,252.93,2025-11-12T20:59:49Z
RMI,14.62,2025-11-12T20:15:14Z
RMM,14.07,2025-11-12T19:58:53Z
RMMZ,15.1,2025-11-12T14:55:51Z
RMNI,4.055,2025-11-12T20:59:25Z
RMOP,25.21,2025-11-12T16:09:56Z
RMR,15.59,2025-11-12T20:59:13Z
RMT,10.25,2025-11-12T20:33:51Z
RMTI,1.005,2025-11-12T15:38:28Z
RNA,70.85,2025-11-12T20:59:55Z
RNAC,7.66,2025-11-12T20:51:08Z
RNEM,55.93,2025-11-12T20:09:52Z
RNG,27.59,2025-11-12T20:59:52Z
RNGR,14,2025-11-12T20:59:46Z
RNP,21.01,2025-11-12T20:58:24Z
RNR,265.53,2025-11-12T20:59:40Z
RNR-G,16.69,2025-11-12T20:43:59Z
RNST,34.98,2025-11-12T20:59:54Z
RNTX,1.455,2025-11-12T20:59:35Z
RNTY,50.22,2025-11-12T17:33:06Z
RNW,7.32,2025-11-12T20:59:57Z
RNWZ,28.39,2025-11-12T15:34:17Z
RNXT,0.9961,2025-11-12T20:35:07Z
ROAD,111.685,2025-11-12T20:55:34Z
ROAM,29.655,2025-11-12T20:59:46Z
ROBN,85.95,2025-11-12T20:55:39Z
ROBO,69.02,2025-11-12T20:58:44Z
ROBT,53.685,2025-11-12T20:27:35Z
ROCK,60.895,2025-11-12T20:56:01Z
RODM,36.51,2025-11-12T15:59:47Z
ROG,82.35,2025-11-12T20:55:21Z
ROIV,21.315,2025-11-12T20:59:56Z
ROK,394.61,2025-11-12T20:59:52Z
ROKU,105.93,2025-11-12T20:59:50Z
ROL,58.49,2025-11-12T20:59:49Z
ROOT,88.24,2025-11-12T20:59:44Z
ROP,455.13,2025-11-12T20:59:55Z
ROST,162.83,2025-11-12T20:59:56Z
ROUS,58.2,2025-11-12T18:55:04Z
RPAY,3.6,2025-11-12T20:59:56Z
RPD,14.01,2025-11-12T20:59:50Z
RPG,46.77,2025-11-12T20:56:45Z
RPGL,2.69,2025-11-12T20:22:00Z
RPHS,11.335,2025-11-12T16:52:04Z
RPID,4.155,2025-11-12T20:59:39Z
RPM,107.46,2025-11-12T20:59:50Z
RPRX,39.58,2025-11-12T20:59:55Z
RPT,2.555,2025-11-12T20:59:50Z
RPTX,1.695,2025-11-12T20:08:22Z
RPV,101.02,2025-11-12T20:50:51Z
RQI,12.065,2025-11-12T20:55:21Z
RR,3.56,2025-11-12T20:59:54Z
RRC,38.46,2025-11-12T20:59:59Z
RRGB,4.375,2025-11-12T20:59:27Z
RRR,58.2,2025-11-12T20:59:56Z
RRX,138,2025-11-12T20:59:55Z
RS,276.31,2025-11-12T20:58:17Z
RSBA,21.6,2025-11-12T18:17:01Z
RSBY,16.44,2025-11-12T19:14:56Z
RSDE,21.56,2025-11-12T16:49:04Z
RSG,205.21,2025-11-12T20:59:49Z
RSI,17.36,2025-11-12T20:59:49Z
RSKD,5.08,2025-11-12T20:59:51Z
RSP,190.17,2025-11-12T20:59:52Z
RSPA,51.09,2025-11-12T20:57:11Z
RSPC,38.89,2025-11-12T20:27:18Z
RSPF,76.55,2025-11-12T20:23:33Z
RSPG,81.13,2025-11-12T20:55:19Z
RSPM,32.61,2025-11-12T14:55:11Z
RSPN,55.995,2025-11-12T20:28:29Z
RSPS,29.01,2025-11-12T19:24:48Z
RSPT,45.79,2025-11-12T20:59:24Z
RSPU,78.15,2025-11-12T16:23:56Z
RSSB,29.08,2025-11-12T20:59:46Z
RSSE,21.17,2025-11-12T17:50:20Z
RSSS,3.04,2025-11-12T19:44:51Z
RSST,28.425,2025-11-12T16:54:39Z
RSSX,26.65,2025-11-12T19:18:18Z
RSSY,20.48,2025-11-12T15:21:40Z
RSVR,7.3,2025-11-12T20:56:24Z
RTAC,11.17,2025-11-12T20:59:30Z
RTACU,11.81,2025-11-12T19:29:18Z
RTACW,1.35,2025-11-12T20:56:47Z
RTO,26.66,2025-11-12T20:59:47Z
RTX,177.69,2025-11-12T20:59:52Z
RUBI,0.1961,2025-11-12T20:59:43Z
RUM,6.08,2025-11-12T20:59:56Z
RUN,19.46,2025-11-12T20:59:54Z
RUSC,30.73,2025-11-12T17:49:39Z
RUSHA,49.35,2025-11-12T20:59:44Z
RVLV,21.83,2025-11-12T20:59:57Z
RVMD,65.805,2025-11-12T20:59:55Z
RVNL,48.35,2025-11-12T20:46:00Z
RVPH,0.5808,2025-11-12T20:59:36Z
RVSB,5.4,2025-11-12T19:49:31Z
RVSN,0.3715,2025-11-12T20:57:20Z
RVT,15.93,2025-11-12T19:58:00Z
RVTY,94.05,2025-11-12T20:59:52Z
RVYL,0.3245,2025-11-12T20:59:50Z
RWAY,9.99,2025-11-12T20:59:50Z
RWJ,48.14,2025-11-12T20:40:59Z
RWL,113.465,2025-11-12T20:59:28Z
RWM,16.71,2025-11-12T20:55:01Z
RWR,100,2025-11-12T20:59:46Z
RWT,5.25,2025-11-12T20:59:59Z
RWX,28.355,2025-11-12T18:18:45Z
RXI,207.495,2025-11-12T20:07:09Z
RXO,12.36,2025-11-12T20:59:53Z
RXRX,4.66,2025-11-12T20:59:56Z
RXST,10.005,2025-11-12T20:59:55Z
RXT,1.18,2025-11-12T20:59:47Z
RY,148.95,2025-11-12T20:59:52Z
RYAAY,64.92,2025-11-12T20:59:44Z
RYAM,6,2025-11-12T20:59:54Z
RYAN,57.26,2025-11-12T20:59:49Z
RYI,20.585,2025-11-12T20:59:24Z
RYLD,15.48,2025-11-12T20:57:03Z
RYM,24.45,2025-11-12T17:09:27Z
RYN,22.15,2025-11-12T20:59:58Z
RYTM,97.97,2025-11-12T20:59:57Z
RZC,25.7,2025-11-12T15:32:42Z
RZLT,9.99,2025-11-12T20:59:58Z
RZLV,3.21,2025-11-12T20:59:58Z
RZLVW,1.05,2025-11-12T20:58:08Z
S,17.14,2025-11-12T20:59:59Z
SA,24.98,2025-11-12T20:59:54Z
SAA,25.82,2025-11-12T20:17:30Z
SABR,1.8,2025-11-12T20:59:58Z
SABS,3.4,2025-11-12T20:59:45Z
SACH,1.055,2025-11-12T20:59:05Z
SAFE,13.34,2025-11-12T20:59:58Z
SAFT,76.67,2025-11-12T20:59:26Z
SAFX,0.67,2025-11-12T16:32:27Z
SAGT,2.01,2025-11-12T20:53:59Z
SAH,63.91,2025-11-12T20:59:55Z
SAIA,284.91,2025-11-12T20:59:50Z
SAIC,90.46,2025-11-12T20:58:59Z
SAIL,20.28,2025-11-12T20:59:54Z
SAM,201.175,2025-11-12T20:59:50Z
SAMG,14.095,2025-11-12T20:15:09Z
SAMT,37.89,2025-11-12T17:45:14Z
SAN,11.025,2025-11-12T20:59:07Z
SANA,4.06,2025-11-12T20:59:59Z
SANM,169.81,2025-11-12T20:59:14Z
SAP,253.335,2025-11-12T20:59:57Z
SAR,22.38,2025-11-12T20:58:24Z
SARK,29.875,2025-11-12T20:59:46Z
SARO,26.34,2025-11-12T20:59:50Z
SATA,95.25,2025-11-12T20:57:15Z
SATL,1.625,2025-11-12T20:59:12Z
SATS,69.64,2025-11-12T20:59:58Z
SAVA,3.27,2025-11-12T20:59:54Z
SB,4.75,2025-11-12T20:59:59Z
SBAC,201.66,2025-11-12T20:59:51Z
SBAR,26.21,2025-11-12T20:18:51Z
SBB,13.82,2025-11-12T19:00:28Z
SBC,3.4,2025-11-12T20:54:00Z
SBCF,30.82,2025-11-12T20:59:42Z
SBET,11.555,2025-11-12T20:59:55Z
SBEV,1.23,2025-11-12T20:57:00Z
SBFM,1.775,2025-11-12T20:56:14Z
SBGI,16.67,2025-11-12T20:59:56Z
SBH,14.69,2025-11-12T20:59:56Z
SBI,7.86,2025-11-12T20:21:19Z
SBIO,46.1,2025-11-12T20:01:40Z
SBIT,34.84,2025-11-12T20:59:56Z
SBLK,18.785,2025-11-12T20:59:50Z
SBLX,3.48,2025-11-12T18:21:05Z
SBND,18.94,2025-11-12T20:55:25Z
SBR,77.365,2025-11-12T19:40:58Z
SBRA,18.9,2025-11-12T20:59:59Z
SBS,26.67,2025-11-12T20:59:54Z
SBSI,28.82,2025-11-12T20:59:58Z
SBSW,11.735,2025-11-12T20:59:55Z
SBTU,14.07,2025-11-12T15:53:25Z
SBUX,87.3,2025-11-12T20:59:51Z
SCAP,35.99,2025-11-12T20:53:04Z
SCCF,23.02,2025-11-12T18:59:06Z
SCCG,23.18,2025-11-12T17:06:33Z
SCCO,137.04,2025-11-12T20:59:13Z
SCCR,25.93,2025-11-12T20:49:13Z
SCD,14.92,2025-11-12T17:24:55Z
SCDV,24.32,2025-11-12T19:54:42Z
SCE-J,24.16,2025-11-12T17:04:24Z
SCE-K,24.17,2025-11-12T20:26:27Z
SCE-L,16.38,2025-11-12T20:18:22Z
SCE-M,23.47,2025-11-12T20:26:30Z
SCE-N,22.03,2025-11-12T17:22:13Z
SCEC,25.505,2025-11-12T20:54:52Z
SCHA,28.085,2025-11-12T20:59:46Z
SCHB,26.29,2025-11-12T20:59:53Z
SCHC,45.495,2025-11-12T20:57:35Z
SCHD,27.19,2025-11-12T20:59:39Z
SCHE,34.11,2025-11-12T20:59:46Z
SCHF,24.245,2025-11-12T20:59:49Z
SCHG,32.99,2025-11-12T20:59:48Z
SCHH,21.36,2025-11-12T20:59:50Z
SCHI,23.015,2025-11-12T20:59:45Z
SCHJ,24.88,2025-11-12T20:59:46Z
SCHK,32.89,2025-11-12T20:59:58Z
SCHL,28.66,2025-11-12T20:56:24Z
SCHM,29.83,2025-11-12T20:59:46Z
SCHO,24.365,2025-11-12T20:51:25Z
SCHP,26.88,2025-11-12T20:59:58Z
SCHQ,32.535,2025-11-12T20:59:43Z
SCHR,25.17,2025-11-12T20:54:52Z
SCHV,29.39,2025-11-12T20:59:45Z
SCHW,97.69,2025-11-12T20:59:53Z
SCHW-D,25.23,2025-11-12T17:25:38Z
SCHW-J,19.97,2025-11-12T15:26:15Z
SCHX,26.995,2025-11-12T20:59:52Z
SCHY,29.27,2025-11-12T20:59:58Z
SCHZ,23.49,2025-11-12T20:59:57Z
SCI,80.18,2025-11-12T20:59:54Z
SCIO,20.82,2025-11-12T20:28:07Z
SCKT,1.11,2025-11-12T19:26:49Z
SCL,43.65,2025-11-12T20:57:01Z
SCLX,19.17,2025-11-12T20:53:23Z
SCLXW,0.24,2025-11-12T16:59:52Z
SCM,12.08,2025-11-12T20:29:46Z
SCMB,25.83,2025-11-12T20:54:21Z
SCNX,0.7165,2025-11-12T20:59:22Z
SCO,18.915,2025-11-12T20:59:45Z
SCS,15.76,2025-11-12T20:59:59Z
SCSC,41.47,2025-11-12T20:58:58Z
SCVL,16.93,2025-11-12T20:59:52Z
SCWO,0.3578,2025-11-12T20:59:41Z
SCYB,26.435,2025-11-12T20:57:41Z
SCYX,0.5907,2025-11-12T20:59:24Z
SCZ,76.89,2025-11-12T20:59:41Z
SD,13.73,2025-11-12T20:59:49Z
SDA,1.865,2025-11-12T20:09:27Z
SDCI,23.26,2025-11-12T20:34:52Z
SDGR,17.98,2025-11-12T20:59:40Z
SDHC,17.7,2025-11-12T20:59:02Z
SDHI,10.28,2025-11-12T16:16:06Z
SDHY,16.5,2025-11-12T20:59:43Z
SDIV,24.36,2025-11-12T20:54:30Z
SDOG,59.97,2025-11-12T20:59:51Z
SDOT,5.03,2025-11-12T14:50:44Z
SDOW,31.98,2025-11-12T20:59:32Z
SDP,11.58,2025-11-12T20:35:40Z
SDRL,30.17,2025-11-12T20:59:53Z
SDS,13.83,2025-11-12T20:59:59Z
SDSI,51.61,2025-11-12T19:49:47Z
SDST,4.225,2025-11-12T18:32:49Z
SDTY,45.85,2025-11-12T19:19:35Z
SDVD,21.57,2025-11-12T20:59:50Z
SDVY,38.19,2025-11-12T20:59:49Z
SDY,139.06,2025-11-12T20:58:51Z
SE,143.33,2025-11-12T20:59:55Z
SEA,15.1,2025-11-12T17:10:44Z
SEAT,9.435,2025-11-12T20:59:42Z
SEB,3899.01,2025-11-12T19:07:29Z
SECT,64.19,2025-11-12T20:50:00Z
SEDG,42.54,2025-11-12T20:59:53Z
SEE,36.39,2025-11-12T20:59:55Z
SEEM,31.27,2025-11-12T20:27:20Z
SEER,2.05,2025-11-12T18:15:43Z
SEG,23.05,2025-11-12T20:47:48Z
SEGG,2.435,2025-11-12T20:53:45Z
SEI,47.33,2025-11-12T20:59:52Z
SEIC,83.695,2025-11-12T20:59:56Z
SEIE,31.73,2025-11-12T20:52:00Z
SEIM,46.26,2025-11-12T19:24:37Z
SEIQ,38.33,2025-11-12T20:59:04Z
SEIS,27.46,2025-11-12T20:52:00Z
SEIV,40.43,2025-11-12T18:57:46Z
SEIX,23.465,2025-11-12T18:44:27Z
SELF,5.05,2025-11-12T19:28:15Z
SELX,1.055,2025-11-12T20:53:12Z
SEM,13.45,2025-11-12T20:59:51Z
SEMR,7.56,2025-11-12T20:59:56Z
SENEA,118.36,2025-11-12T20:54:50Z
SENS,6.59,2025-11-12T20:49:53Z
SEPN,19.23,2025-11-12T20:59:45Z
SEPZ,43.14,2025-11-12T19:11:23Z
SER,4.03,2025-11-12T20:48:55Z
SERA,3.08,2025-11-12T19:37:31Z
SERV,10.52,2025-11-12T20:59:55Z
SES,2.22,2025-11-12T20:59:57Z
SETH,9.635,2025-11-12T20:59:58Z
SETM,26.46,2025-11-12T20:41:27Z
SEV,7.55,2025-11-12T20:42:47Z
SEVN,8.73,2025-11-12T20:59:49Z
SEVNR,0.0663,2025-11-12T20:57:47Z
SEZL,57.16,2025-11-12T20:59:32Z
SF,124.99,2025-11-12T20:59:49Z
SF-C,24.53,2025-11-12T16:53:28Z
SFB,21.8,2025-11-12T15:08:52Z
SFBC,45.11,2025-11-12T17:38:05Z
SFBS,71.345,2025-11-12T20:58:35Z
SFD,21.855,2025-11-12T20:59:59Z
SFGV,31.53,2025-11-12T20:26:39Z
SFIX,4.46,2025-11-12T20:59:55Z
SFL,8.245,2025-11-12T20:59:56Z
SFLR,36.9,2025-11-12T20:59:50Z
SFM,82.14,2025-11-12T20:59:54Z
SFNC,18.12,2025-11-12T20:59:58Z
SFST,48.765,2025-11-12T20:42:50Z
SFY,133.59,2025-11-12T20:59:46Z
SFYX,16.14,2025-11-12T14:52:01Z
SG,5.37,2025-11-12T20:59:57Z
SGBX,2.44,2025-11-12T20:59:45Z
SGC,9.38,2025-11-12T19:34:58Z
SGD,1.12,2025-11-12T20:50:20Z
SGDJ,77.77,2025-11-12T20:53:31Z
SGHC,12.73,2025-11-12T20:59:56Z
SGHT,7.72,2025-11-12T20:59:44Z
SGI,91.99,2025-11-12T20:59:51Z
SGML,5.825,2025-11-12T20:59:59Z
SGMO,0.4714,2025-11-12T20:59:25Z
SGMT,8.83,2025-11-12T20:59:56Z
SGN,1.41,2025-11-12T19:05:27Z
SGOL,40,2025-11-12T20:59:46Z
SGOV,100.485,2025-11-12T17:24:47Z
SGRP,1.06,2025-11-12T20:58:44Z
SGRY,15.855,2025-11-12T20:59:58Z
SGU,11.85,2025-11-12T20:59:34Z
SGVT,100.52,2025-11-12T20:58:59Z
SH,36.285,2025-11-12T20:58:33Z
SHAK,93.66,2025-11-12T20:59:55Z
SHBI,16.37,2025-11-12T20:59:30Z
SHC,16.25,2025-11-12T20:59:57Z
SHCO,8.865,2025-11-12T20:59:54Z
SHEL,76.41,2025-11-12T20:59:59Z
SHEN,10.8,2025-11-12T20:59:53Z
SHFS,1.55,2025-11-12T20:57:41Z
SHG,54.78,2025-11-12T20:59:03Z
SHIM,2.21,2025-11-12T20:54:39Z
SHIP,8.8,2025-11-12T20:54:30Z
SHLD,65.91,2025-11-12T20:59:51Z
SHLS,8.93,2025-11-12T20:59:55Z
SHM,47.935,2025-11-12T20:16:48Z
SHMD,5.62,2025-11-12T20:59:29Z
SHNY,125.55,2025-11-12T16:52:47Z
SHO,9.52,2025-11-12T20:59:57Z
SHO-I,19.79,2025-11-12T17:33:53Z
SHOO,38.84,2025-11-12T20:59:41Z
SHOP,156.61,2025-11-12T20:59:59Z
SHV,110.25,2025-11-12T20:59:50Z
SHW,344.74,2025-11-12T20:59:59Z
SHY,82.86,2025-11-12T20:59:48Z
SHYD,22.81,2025-11-12T20:59:49Z
SHYG,42.875,2025-11-12T20:57:18Z
SHYL,44.91,2025-11-12T20:57:27Z
SHYM,22.325,2025-11-12T17:32:34Z
SI,14.965,2025-11-12T20:59:46Z
SIBN,17.995,2025-11-12T20:59:55Z
SID,1.655,2025-11-12T20:59:31Z
SIDU,0.8401,2025-11-12T20:58:19Z
SIEB,2.81,2025-11-12T16:52:10Z
SIF,6.7,2025-11-12T17:22:15Z
SIFY,11.59,2025-11-12T20:47:07Z
SIG,106.175,2025-11-12T20:59:47Z
SIGA,6.21,2025-11-12T20:59:44Z
SIGI,79.08,2025-11-12T20:57:43Z
SIHY,46,2025-11-12T20:32:06Z
SII,92.49,2025-11-12T20:50:00Z
SIL,70.41,2025-11-12T20:59:54Z
SILA,23.18,2025-11-12T20:59:58Z
SILC,14.55,2025-11-12T20:51:11Z
SILJ,23.865,2025-11-12T20:59:57Z
SIMO,91.225,2025-11-12T20:59:45Z
SINT,3.47,2025-11-12T20:46:04Z
SIO,26.46,2025-11-12T19:52:36Z
SION,36.53,2025-11-12T20:59:56Z
SIRI,21.695,2025-11-12T20:59:48Z
SITC,7.16,2025-11-12T20:59:56Z
SITE,126.51,2025-11-12T20:59:56Z
SITM,305.755,2025-11-12T20:59:34Z
SIVR,50.74,2025-11-12T20:59:51Z
SIXG,66.32,2025-11-12T20:52:57Z
SIXZ,29.42,2025-11-12T18:05:10Z
SJB,15.46,2025-11-12T16:58:35Z
SJM,109.84,2025-11-12T20:59:59Z
SJNK,25.34,2025-11-12T20:59:50Z
SJT,6.2,2025-11-12T20:59:50Z
SKBL,3.6,2025-11-12T20:17:57Z
SKE,18.19,2025-11-12T20:59:49Z
SKF,26.76,2025-11-12T14:41:46Z
SKIL,10.15,2025-11-12T20:59:35Z
SKIN,1.34,2025-11-12T20:59:54Z
SKLZ,6.18,2025-11-12T20:57:00Z
SKM,20.29,2025-11-12T20:59:50Z
SKOR,49.135,2025-11-12T20:42:08Z
SKRE,10.39,2025-11-12T20:36:47Z
SKT,34.42,2025-11-12T20:59:54Z
SKWD,49.43,2025-11-12T20:59:52Z
SKY,80.705,2025-11-12T20:59:49Z
SKYE,1.53,2025-11-12T20:59:59Z
SKYH,9.85,2025-11-12T20:59:33Z
SKYQ,0.3923,2025-11-12T20:53:20Z
SKYT,21.38,2025-11-12T20:59:49Z
SKYW,100.855,2025-11-12T20:57:01Z
SKYX,1.61,2025-11-12T20:57:54Z
SKYY,136.26,2025-11-12T20:59:51Z
SLAB,126.56,2025-11-12T20:57:45Z
SLAI,1.72,2025-11-12T20:59:17Z
SLB,36.09,2025-11-12T20:59:59Z
SLDB,4.75,2025-11-12T20:59:56Z
SLDE,16.7,2025-11-12T20:59:37Z
SLDP,6.67,2025-11-12T20:59:56Z
SLDPW,1.555,2025-11-12T20:59:23Z
SLE,1.35,2025-11-12T20:59:00Z
SLF,59.13,2025-11-12T20:59:44Z
SLG,49.91,2025-11-12T20:59:37Z
SLGL,31.5,2025-11-12T18:52:31Z
SLGN,38.045,2025-11-12T20:59:59Z
SLI,3.395,2025-11-12T20:59:55Z
SLJY,29.12,2025-11-12T16:03:53Z
SLM,28.19,2025-11-12T20:59:56Z
SLMT,7.715,2025-11-12T20:59:26Z
SLN,6.65,2025-11-12T19:06:26Z
SLND,4.79,2025-11-12T20:56:22Z
SLNH,2.095,2025-11-12T20:59:43Z
SLNHP,9.81,2025-11-12T20:52:21Z
SLNO,47.74,2025-11-12T20:59:51Z
SLON,24.01,2025-11-12T20:42:53Z
SLP,17.32,2025-11-12T20:59:50Z
SLQD,50.705,2025-11-12T20:55:12Z
SLQT,1.615,2025-11-12T20:59:58Z
SLRC,15.48,2025-11-12T20:59:22Z
SLRX,1.17,2025-11-12T20:59:50Z
SLS,1.49,2025-11-12T20:59:41Z
SLSN,1.945,2025-11-12T19:08:04Z
SLSR,6.86,2025-11-12T20:59:59Z
SLTY,37.68,2025-11-12T20:45:17Z
SLV,48.345,2025-11-12T20:59:59Z
SLVM,46.86,2025-11-12T20:59:50Z
SLVO,96.78,2025-11-12T16:17:09Z
SLVP,28.69,2025-11-12T20:55:06Z
SLVR,45.58,2025-11-12T20:08:39Z
SLXN,2.9,2025-11-12T20:17:58Z
SLYG,93.89,2025-11-12T20:55:11Z
SLYV,90.235,2025-11-12T20:59:47Z
SM,18.34,2025-11-12T20:59:52Z
SMA,32.785,2025-11-12T20:59:46Z
SMAX,27.01,2025-11-12T16:08:04Z
SMAY,25.52,2025-11-12T18:44:34Z
SMB,17.315,2025-11-12T14:44:05Z
SMBC,54.48,2025-11-12T20:57:39Z
SMBK,36.005,2025-11-12T20:57:41Z
SMBS,25.785,2025-11-12T20:59:46Z
SMC,22.72,2025-11-12T20:59:42Z
SMCC,11.68,2025-11-12T18:44:14Z
SMCI,37.91,2025-11-12T20:59:58Z
SMCL,8.18,2025-11-12T20:57:09Z
SMCX,21.6,2025-11-12T20:59:59Z
SMCY,11,2025-11-12T20:59:47Z
SMCZ,5.14,2025-11-12T20:59:50Z
SMFG,16.69,2025-11-12T20:59:52Z
SMG,58.51,2025-11-12T20:59:49Z
SMH,355.66,2025-11-12T20:59:58Z
SMHB,3.83,2025-11-12T17:10:57Z
SMHI,7.425,2025-11-12T20:59:45Z
SMHX,39.32,2025-11-12T20:59:47Z
SMIG,28.6,2025-11-12T20:55:22Z
SMIN,73.77,2025-11-12T19:42:44Z
SMIZ,37.51,2025-11-12T19:12:58Z
SMLF,74.69,2025-11-12T20:06:10Z
SMLR,25.54,2025-11-12T20:59:26Z
SMMD,74.26,2025-11-12T20:59:50Z
SMMT,18.825,2025-11-12T20:59:58Z
SMMU,50.43,2025-11-12T20:53:34Z
SMMV,42.86,2025-11-12T16:35:41Z
SMN,14.12,2025-11-12T15:33:52Z
SMOG,137.005,2025-11-12T16:24:04Z
SMOT,36.26,2025-11-12T20:50:10Z
SMP,38.98,2025-11-12T20:57:29Z
SMPL,19.56,2025-11-12T20:59:55Z
SMR,25.93,2025-11-12T20:59:59Z
SMRI,35.72,2025-11-12T16:25:11Z
SMRT,1.5,2025-11-12T20:59:54Z
SMSI,0.639,2025-11-12T17:49:20Z
SMST,50.99,2025-11-12T20:59:59Z
SMTC,71.71,2025-11-12T20:59:56Z
SMTH,26.225,2025-11-12T20:38:24Z
SMTI,21.2,2025-11-12T20:55:26Z
SMU,8.15,2025-11-12T20:59:46Z
SMUP,4.4,2025-11-12T20:31:24Z
SMWB,7.82,2025-11-12T20:59:54Z
SMX,1.66,2025-11-12T20:59:31Z
SMXT,1.01,2025-11-12T18:15:44Z
SN,93.89,2025-11-12T20:59:53Z
SNA,341.57,2025-11-12T20:59:41Z
SNAL,0.9801,2025-11-12T14:30:31Z
SNAP,9.085,2025-11-12T20:59:58Z
SNBR,4.2,2025-11-12T20:59:36Z
SNCR,5.38,2025-11-12T20:59:50Z
SNCY,12.685,2025-11-12T20:59:53Z
SND,2.33,2025-11-12T18:37:55Z
SNDA,32.04,2025-11-12T20:56:49Z
SNDK,283.11,2025-11-12T20:59:54Z
SNDL,1.79,2025-11-12T20:59:52Z
SNDR,22.1,2025-11-12T20:59:39Z
SNDX,16.8,2025-11-12T20:59:56Z
SNES,2.995,2025-11-12T20:58:49Z
SNEX,90.14,2025-11-12T20:58:46Z
SNFCA,8.145,2025-11-12T20:54:56Z
SNGX,1.365,2025-11-12T20:59:40Z
SNN,33.48,2025-11-12T20:59:50Z
SNOW,269.53,2025-11-12T20:59:50Z
SNOY,15.5,2025-11-12T20:59:50Z
SNPE,62.02,2025-11-12T20:58:51Z
SNPS,398.93,2025-11-12T20:59:58Z
SNSR,37.23,2025-11-12T16:45:06Z
SNT,4.79,2025-11-12T19:34:38Z
SNTG,1.99,2025-11-12T19:17:05Z
SNTI,1.89,2025-11-12T20:47:16Z
SNV,46.4,2025-11-12T20:59:51Z
SNV-D,25.39,2025-11-12T19:00:10Z
SNWV,33.245,2025-11-12T19:44:09Z
SNX,152.63,2025-11-12T20:59:46Z
SNY,51.93,2025-11-12T20:59:59Z
SNYR,2.2,2025-11-12T19:35:46Z
SO,91.895,2025-11-12T20:59:53Z
SOAR,1.42,2025-11-12T20:59:43Z
SOBO,26.65,2025-11-12T20:59:33Z
SOC,6.4,2025-11-12T20:59:56Z
SOCA,10.14,2025-11-12T20:44:27Z
SOFI,32.215,2025-11-12T20:59:59Z
SOFX,52.14,2025-11-12T20:58:22Z
SOGP,11.68,2025-11-12T16:39:27Z
SOHO,2.16,2025-11-12T20:53:40Z
SOHU,15.02,2025-11-12T17:58:48Z
SOJC,22.72,2025-11-12T17:18:59Z
SOJD,20.59,2025-11-12T20:56:21Z
SOJE,18.44,2025-11-12T19:31:18Z
SOJF,26.25,2025-11-12T19:53:09Z
SOL,1.845,2025-11-12T20:49:59Z
SOLS,46.945,2025-11-12T20:59:52Z
SOLT,10.895,2025-11-12T20:59:45Z
SOLV,73.78,2025-11-12T20:59:34Z
SOLZ,15.905,2025-11-12T20:59:27Z
SON,40.3,2025-11-12T20:59:50Z
SOND,0.1725,2025-11-12T20:59:03Z
SONM,11.16,2025-11-12T20:46:54Z
SONN,4.79,2025-11-12T20:58:21Z
SONO,17.11,2025-11-12T20:59:53Z
SONY,30.275,2025-11-12T20:59:54Z
SOPA,1.94,2025-11-12T20:53:33Z
SOPH,4.38,2025-11-12T19:21:32Z
SORA,3.97,2025-11-12T14:42:25Z
SOTK,4.45,2025-11-12T17:39:45Z
SOUL,10.23,2025-11-12T19:40:34Z
SOUN,13.24,2025-11-12T20:59:59Z
SOUNW,5.58,2025-11-12T20:26:09Z
SOUX,25.445,2025-11-12T20:58:59Z
SOVF,28.31,2025-11-12T14:39:48Z
SOXL,43.745,2025-11-12T20:59:57Z
SOXQ,55.74,2025-11-12T20:59:43Z
SOXS,3.47,2025-11-12T20:59:55Z
SOXX,299.65,2025-11-12T20:59:58Z
SOXY,59.92,2025-11-12T19:13:37Z
SOYB,23.455,2025-11-12T20:57:58Z
SPAB,25.89,2025-11-12T20:59:43Z
SPAI,4.84,2025-11-12T20:59:39Z
SPB,53.29,2025-11-12T20:59:41Z
SPBO,29.505,2025-11-12T20:33:14Z
SPBU,28.31,2025-11-12T20:00:31Z
SPBW,27.115,2025-11-12T20:03:50Z
SPBX,27.15,2025-11-12T15:37:15Z
SPCB,10.2,2025-11-12T20:49:04Z
SPCE,3.63,2025-11-12T20:59:59Z
SPCT,25.725,2025-11-12T20:57:19Z
SPD,40.175,2025-11-12T19:11:25Z
SPDN,9.44,2025-11-12T20:56:15Z
SPDW,44.335,2025-11-12T20:59:53Z
SPE,15.4,2025-11-12T20:50:19Z
SPEM,47.835,2025-11-12T20:59:55Z
SPEU,51.27,2025-11-12T15:17:41Z
SPFF,9.255,2025-11-12T18:57:05Z
SPFI,37.985,2025-11-12T20:48:27Z
SPG,183.79,2025-11-12T20:59:50Z
SPGI,495.67,2025-11-12T20:59:56Z
SPGM,77.18,2025-11-12T20:24:11Z
SPGP,112.88,2025-11-12T20:34:02Z
SPH,18.82,2025-11-12T20:58:57Z
SPHB,113.9,2025-11-12T20:58:52Z
SPHD,48.41,2025-11-12T20:59:55Z
SPHQ,74.41,2025-11-12T20:59:46Z
SPHR,80.09,2025-11-12T20:59:50Z
SPHY,23.69,2025-11-12T20:59:40Z
SPIB,33.84,2025-11-12T20:59:49Z
SPIN,32.49,2025-11-12T19:19:30Z
SPIP,26.275,2025-11-12T20:55:08Z
SPIR,8.24,2025-11-12T20:59:45Z
SPLB,22.975,2025-11-12T20:59:46Z
SPLV,72.235,2025-11-12T20:59:55Z
SPMB,22.525,2025-11-12T20:59:59Z
SPMD,57.445,2025-11-12T20:59:55Z
SPMO,120.21,2025-11-12T20:58:59Z
SPNS,43.2,2025-11-12T20:59:56Z
SPNT,20.27,2025-11-12T20:59:50Z
SPOK,13.92,2025-11-12T20:59:34Z
SPOT,648.01,2025-11-12T20:59:53Z
SPPP,14.47,2025-11-12T20:59:53Z
SPR,36.125,2025-11-12T20:59:47Z
SPRB,99.5,2025-11-12T17:32:49Z
SPRC,2.78,2025-11-12T15:12:05Z
SPRE,19.52,2025-11-12T17:43:55Z
SPRO,2.665,2025-11-12T20:59:54Z
SPRU,4.715,2025-11-12T20:59:56Z
SPRX,39.99,2025-11-12T20:51:32Z
SPRY,8.95,2025-11-12T20:59:57Z
SPSB,30.195,2025-11-12T20:50:01Z
SPSC,82.11,2025-11-12T20:59:52Z
SPSK,18.6,2025-11-12T19:21:27Z
SPSM,46.58,2025-11-12T20:59:52Z
SPT,11.09,2025-11-12T20:59:59Z
SPTI,28.955,2025-11-12T20:59:59Z
SPTL,27.16,2025-11-12T20:59:48Z
SPTM,82.56,2025-11-12T20:57:30Z
SPTS,29.285,2025-11-12T19:17:50Z
SPUC,51.03,2025-11-12T20:01:13Z
SPUS,51.345,2025-11-12T20:59:46Z
SPUU,187.46,2025-11-12T17:49:05Z
SPWH,2.08,2025-11-12T20:59:58Z
SPWO,27.185,2025-11-12T20:30:24Z
SPWR,1.71,2025-11-12T20:59:08Z
SPXC,219.23,2025-11-12T20:59:45Z
SPXL,224.06,2025-11-12T20:59:15Z
SPXN,74.36,2025-11-12T15:05:23Z
SPXS,35.44,2025-11-12T20:59:30Z
SPXT,102.83,2025-11-12T17:37:53Z
SPXU,12.59,2025-11-12T20:59:46Z
SPXV,74.82,2025-11-12T15:25:30Z
SPXX,17.66,2025-11-12T20:57:57Z
SPY,683.32,2025-11-12T20:59:59Z
SPYD,43.235,2025-11-12T20:59:45Z
SPYG,107.03,2025-11-12T20:59:45Z
SPYI,53.01,2025-11-12T20:59:46Z
SPYM,80.37,2025-11-12T20:59:54Z
SPYT,18.16,2025-11-12T20:31:49Z
SPYU,57.53,2025-11-12T18:51:35Z
SPYV,56.845,2025-11-12T20:59:46Z
SPYX,56.33,2025-11-12T20:44:06Z
SQLV,42.3,2025-11-12T20:01:02Z
SQM,52.78,2025-11-12T20:59:57Z
SQNS,6.525,2025-11-12T20:59:27Z
SQQQ,13.635,2025-11-12T20:59:55Z
SR,90.775,2025-11-12T20:59:46Z
SRAD,23.015,2025-11-12T20:59:50Z
SRBK,15.225,2025-11-12T20:54:11Z
SRCE,61.76,2025-11-12T20:58:32Z
SRDX,41.365,2025-11-12T20:59:34Z
SRE,92.48,2025-11-12T20:59:57Z
SRET,21.81,2025-11-12T20:55:55Z
SRFM,2.955,2025-11-12T20:59:47Z
SRG,4.22,2025-11-12T20:48:16Z
SRG-A,23.76,2025-11-12T18:08:24Z
SRI,6.065,2025-11-12T20:59:56Z
SRLN,41.355,2025-11-12T20:59:40Z
SRPT,18.02,2025-11-12T20:59:53Z
SRRK,30.83,2025-11-12T20:59:44Z
SRTA,5.12,2025-11-12T20:59:56Z
SRTS,4.58,2025-11-12T20:27:24Z
SRTY,11.38,2025-11-12T20:59:49Z
SRV,42.86,2025-11-12T19:54:23Z
SRVR,30.135,2025-11-12T19:07:28Z
SRXH,0.2367,2025-11-12T20:59:02Z
SRZN,13.1,2025-11-12T18:02:27Z
SSB,89.66,2025-11-12T20:59:48Z
SSD,167.97,2025-11-12T20:59:15Z
SSG,7.685,2025-11-12T20:58:49Z
SSK,23.565,2025-11-12T20:59:28Z
SSKN,1.675,2025-11-12T20:59:44Z
SSL,6.95,2025-11-12T20:59:55Z
SSM,5.9,2025-11-12T14:30:35Z
SSNC,85.25,2025-11-12T20:59:32Z
SSO,116.925,2025-11-12T20:59:37Z
SSP,3.065,2025-11-12T20:59:57Z
SSRM,21.64,2025-11-12T20:59:57Z
SSSS,9.7,2025-11-12T20:59:05Z
SST,4.3,2025-11-12T16:32:27Z
SSTI,8.45,2025-11-12T20:48:01Z
SSTK,22.06,2025-11-12T20:59:59Z
SSYS,9.535,2025-11-12T20:59:30Z
ST,31.73,2025-11-12T20:59:55Z
STAA,25.85,2025-11-12T20:59:51Z
STAG,39.09,2025-11-12T20:59:58Z
STAI,0.4601,2025-11-12T20:54:53Z
STBA,39.08,2025-11-12T20:59:55Z
STC,72.43,2025-11-12T20:57:57Z
STCE,78.15,2025-11-12T20:59:21Z
STE,268,2025-11-12T20:59:50Z
STEL,30.355,2025-11-12T20:59:44Z
STEM,18.36,2025-11-12T20:40:30Z
STEP,62.775,2025-11-12T20:59:27Z
STEW,18.085,2025-11-12T16:08:38Z
STEX,4.39,2025-11-12T20:59:52Z
STFS,0.1796,2025-11-12T20:23:43Z
STGW,5.16,2025-11-12T20:59:54Z
STHO,7.77,2025-11-12T20:57:25Z
STI,10.975,2025-11-12T20:38:31Z
STIM,2.18,2025-11-12T20:59:58Z
STIP,102.92,2025-11-12T20:58:58Z
STK,38.45,2025-11-12T17:13:00Z
STKE,3.03,2025-11-12T16:06:46Z
STKH,2.87,2025-11-12T20:50:56Z
STKL,4.215,2025-11-12T20:59:43Z
STKS,1.81,2025-11-12T20:52:51Z
STLA,10.715,2025-11-12T20:59:58Z
STLD,157.81,2025-11-12T20:59:46Z
STM,24,2025-11-12T20:59:56Z
STN,107.845,2025-11-12T20:59:16Z
STNE,17.545,2025-11-12T20:59:55Z
STNG,63.01,2025-11-12T20:59:49Z
STOK,25.12,2025-11-12T20:59:58Z
STOT,47.37,2025-11-12T20:55:15Z
STPZ,53.93,2025-11-12T15:22:12Z
STRA,79.94,2025-11-12T20:59:52Z
STRC,99.99,2025-11-12T20:59:46Z
STRF,107.6,2025-11-12T20:56:29Z
STRK,84.14,2025-11-12T20:56:58Z
STRL,380.035,2025-11-12T20:59:59Z
STRN,21.7,2025-11-12T16:30:38Z
STRO,0.8114,2025-11-12T20:59:52Z
STRT,69.04,2025-11-12T15:21:03Z
STRV,44.27,2025-11-12T18:19:25Z
STRZ,10.7,2025-11-12T19:42:58Z
STSS,3.67,2025-11-12T20:59:42Z
STT,121.12,2025-11-12T20:59:52Z
STTK,1.935,2025-11-12T20:59:36Z
STUB,19.05,2025-11-12T20:59:59Z
STVN,23.81,2025-11-12T20:58:23Z
STWD,17.915,2025-11-12T20:59:56Z
STX,283.26,2025-11-12T20:59:55Z
STXE,35.41,2025-11-12T19:13:57Z
STXS,2.43,2025-11-12T20:59:52Z
STZ,130.41,2025-11-12T20:59:52Z
SU,44.22,2025-11-12T20:59:57Z
SUB,106.505,2025-11-12T20:40:52Z
SUI,126.91,2025-11-12T20:59:59Z
SUIG,2.255,2025-11-12T20:59:56Z
SUN,51.04,2025-11-12T20:59:55Z
SUNC,48.44,2025-11-12T20:59:48Z
SUNE,1.395,2025-11-12T17:47:13Z
SUNS,9.33,2025-11-12T20:58:17Z
SUPN,44.63,2025-11-12T20:59:40Z
SUPV,11.67,2025-11-12T20:59:52Z
SUPX,48.7,2025-11-12T20:52:16Z
SURG,2.44,2025-11-12T20:57:52Z
SURI,16.67,2025-11-12T18:03:47Z
SUSA,139.74,2025-11-12T20:35:26Z
SUSB,25.235,2025-11-12T20:59:30Z
SUSC,23.505,2025-11-12T20:59:54Z
SUSL,121.1,2025-11-12T20:59:46Z
SUUN,1.655,2025-11-12T18:17:44Z
SUZ,9.06,2025-11-12T20:59:54Z
SVC,1.775,2025-11-12T20:59:57Z
SVCO,4.73,2025-11-12T20:59:45Z
SVIX,20.2,2025-11-12T20:59:50Z
SVM,7.05,2025-11-12T20:59:54Z
SVOL,17.88,2025-11-12T20:56:42Z
SVRA,4.11,2025-11-12T20:59:59Z
SVRE,1.04,2025-11-12T20:58:07Z
SVV,8.245,2025-11-12T20:59:54Z
SVXY,50.165,2025-11-12T20:59:42Z
SW,35.4,2025-11-12T20:59:49Z
SWAG,3.375,2025-11-12T20:59:54Z
SWAGW,0.39,2025-11-12T20:58:57Z
SWAN,32.95,2025-11-12T20:34:40Z
SWBI,8.655,2025-11-12T20:59:41Z
SWIM,6.815,2025-11-12T20:59:58Z
SWK,68.22,2025-11-12T20:59:52Z
SWKH,16.92,2025-11-12T20:58:45Z
SWKHL,25.72,2025-11-12T19:15:30Z
SWKS,69.45,2025-11-12T20:59:56Z
SWP,28.55,2025-11-12T20:01:34Z
SWVL,3.19,2025-11-12T14:31:41Z
SWX,81.69,2025-11-12T20:59:50Z
SWZ,6.04,2025-11-12T18:49:12Z
SXC,6.89,2025-11-12T20:59:56Z
SXI,235.36,2025-11-12T18:30:05Z
SXT,94.79,2025-11-12T20:59:21Z
SXTC,1.315,2025-11-12T20:07:10Z
SXTP,1.24,2025-11-12T19:19:43Z
SY,3.755,2025-11-12T20:59:44Z
SYBT,67.29,2025-11-12T20:05:18Z
SYF,75.5,2025-11-12T20:59:58Z
SYF-A,20.09,2025-11-12T20:53:54Z
SYFI,35.815,2025-11-12T20:58:50Z
SYK,367.41,2025-11-12T20:59:54Z
SYLD,68.39,2025-11-12T20:59:50Z
SYM,63.15,2025-11-12T20:59:57Z
SYNA,67.61,2025-11-12T20:59:41Z
SYNX,1.49,2025-11-12T17:35:59Z
SYRE,23.44,2025-11-12T20:59:54Z
SYY,75.415,2025-11-12T20:59:54Z
T,25.67,2025-11-12T20:59:59Z
T-A,20.57,2025-11-12T19:36:40Z
TAC,15.255,2025-11-12T20:59:48Z
TACK,30.15,2025-11-12T18:27:38Z
TACO,10.19,2025-11-12T20:30:11Z
TACT,4.39,2025-11-12T20:39:40Z
TAFI,25.265,2025-11-12T20:55:18Z
TAFL,25.26,2025-11-12T15:10:11Z
TAFM,25.585,2025-11-12T20:55:12Z
TAGG,43.275,2025-11-12T15:43:31Z
TAK,14.075,2025-11-12T20:59:53Z
TAL,11.615,2025-11-12T20:59:55Z
TALK,3.375,2025-11-12T20:59:52Z
TALO,10.4,2025-11-12T20:59:59Z
TAN,50.56,2025-11-12T20:59:49Z
TANH,1.14,2025-11-12T14:53:11Z
TAOX,7.565,2025-11-12T20:59:51Z
TAP,45.955,2025-11-12T20:59:51Z
TARA,5.3,2025-11-12T20:59:23Z
TARK,70.85,2025-11-12T20:52:17Z
TARS,74.85,2025-11-12T20:59:45Z
TASK,11.84,2025-11-12T20:59:51Z
TATT,40.1,2025-11-12T20:58:50Z
TAXX,50.85,2025-11-12T18:27:51Z
TBB,22.65,2025-11-12T20:51:52Z
TBBB,29.185,2025-11-12T20:59:45Z
TBBK,63.55,2025-11-12T20:59:54Z
TBCH,15.29,2025-11-12T20:59:49Z
TBF,23.535,2025-11-12T20:58:06Z
TBH,1.17,2025-11-12T20:59:53Z
TBHC,1.38,2025-11-12T19:33:35Z
TBI,5.12,2025-11-12T20:59:35Z
TBJL,20.26,2025-11-12T16:20:23Z
TBLA,4.165,2025-11-12T20:59:58Z
TBLD,20.45,2025-11-12T20:45:39Z
TBLL,105.76,2025-11-12T20:56:17Z
TBN,24.68,2025-11-12T20:59:22Z
TBPH,17.8,2025-11-12T20:59:44Z
TBRG,20.18,2025-11-12T20:59:50Z
TBT,33.08,2025-11-12T20:59:38Z
TBUX,49.895,2025-11-12T18:26:57Z
TBXU,31.52,2025-11-12T15:50:52Z
TCAF,38.895,2025-11-12T20:59:42Z
TCAI,31.44,2025-11-12T20:08:30Z
TCAL,24.22,2025-11-12T20:52:28Z
TCBI,87.34,2025-11-12T20:59:45Z
TCBIO,21.21,2025-11-12T20:36:31Z
TCBK,45.73,2025-11-12T20:59:45Z
TCBX,38.145,2025-11-12T20:51:29Z
TCGL,5.085,2025-11-12T20:52:34Z
TCHI,24.715,2025-11-12T15:10:07Z
TCHP,49.87,2025-11-12T20:55:00Z
TCMD,24.54,2025-11-12T20:59:32Z
TCOM,74.595,2025-11-12T20:59:54Z
TCPA,24.64,2025-11-12T20:48:54Z
TCPB,51.59,2025-11-12T19:28:52Z
TCPC,5.875,2025-11-12T20:59:51Z
TCRT,3.05,2025-11-12T20:33:04Z
TCRX,1.22,2025-11-12T20:59:43Z
TCX,21.23,2025-11-12T20:28:34Z
TD,82.745,2025-11-12T20:59:48Z
TDAQ,26.69,2025-11-12T20:13:17Z
TDC,27.76,2025-11-12T20:59:53Z
TDEC,23.57,2025-11-12T20:07:36Z
TDF,11.67,2025-11-12T19:48:01Z
TDG,1309.23,2025-11-12T20:59:59Z
TDIC,0.4691,2025-11-12T16:10:44Z
TDIV,98.34,2025-11-12T20:59:51Z
TDOC,7.48,2025-11-12T20:59:58Z
TDS,39.71,2025-11-12T20:59:56Z
TDS-U,20.91,2025-11-12T19:16:01Z
TDS-V,19.04,2025-11-12T19:13:29Z
TDSB,24.1,2025-11-12T20:07:41Z
TDTF,24.18,2025-11-12T20:54:40Z
TDTT,24.19,2025-11-12T20:59:41Z
TDUP,8.125,2025-11-12T20:59:51Z
TDVG,44.84,2025-11-12T20:58:26Z
TDVI,28.33,2025-11-12T20:59:46Z
TDW,54.78,2025-11-12T20:59:46Z
TDWDU,10.05,2025-11-12T18:57:40Z
TDY,519.12,2025-11-12T20:59:49Z
TE,3.84,2025-11-12T20:59:52Z
TEAD,0.8132,2025-11-12T20:59:37Z
TEAM,155.39,2025-11-12T20:59:47Z
TECH,61.4,2025-11-12T20:59:54Z
TECK,43.72,2025-11-12T20:59:55Z
TECL,136.23,2025-11-12T20:59:23Z
TECS,16.74,2025-11-12T20:59:54Z
TECX,18.83,2025-11-12T20:59:44Z
TEF,4.12,2025-11-12T20:59:53Z
TEI,6.47,2025-11-12T20:59:25Z
TEL,246.34,2025-11-12T20:59:57Z
TELA,1.145,2025-11-12T20:59:08Z
TELO,1.36,2025-11-12T20:59:53Z
TEM,71.14,2025-11-12T20:59:55Z
TEMT,22.4,2025-11-12T19:42:06Z
TEN,25.32,2025-11-12T20:59:44Z
TENB,27.48,2025-11-12T20:59:55Z
TENX,7.055,2025-11-12T15:12:22Z
TEO,13.28,2025-11-12T20:59:04Z
TEQI,44.32,2025-11-12T16:01:03Z
TER,179.345,2025-11-12T20:59:49Z
TERN,20.29,2025-11-12T20:59:56Z
TETH,17.045,2025-11-12T20:59:46Z
TEVA,25.85,2025-11-12T20:59:58Z
TEX,45.8,2025-11-12T20:59:50Z
TEXU,24.22,2025-11-12T14:33:28Z
TFC,45.63,2025-11-12T20:59:59Z
TFC-I,21.78,2025-11-12T19:28:41Z
TFC-O,22.65,2025-11-12T19:58:29Z
TFC-R,19.91,2025-11-12T16:51:28Z
TFI,45.83,2025-11-12T20:54:09Z
TFII,87.92,2025-11-12T20:57:32Z
TFIN,54.34,2025-11-12T20:58:28Z
TFLO,50.495,2025-11-12T17:53:36Z
TFLR,51.48,2025-11-12T20:27:15Z
TFPM,31.62,2025-11-12T20:59:58Z
TFSL,13.79,2025-11-12T20:59:30Z
TFX,111.435,2025-11-12T20:59:31Z
TG,8.365,2025-11-12T20:59:34Z
TGB,4.805,2025-11-12T20:59:55Z
TGE,1.28,2025-11-12T20:55:47Z
TGEN,7.39,2025-11-12T20:59:43Z
TGL,0.8323,2025-11-12T20:58:11Z
TGLS,46.54,2025-11-12T20:59:53Z
TGNA,20.14,2025-11-12T20:59:58Z
TGS,30.55,2025-11-12T20:59:13Z
TGT,91.92,2025-11-12T20:59:49Z
TGTX,31.025,2025-11-12T20:59:52Z
TH,6.365,2025-11-12T20:59:51Z
THAR,3.19,2025-11-12T20:59:43Z
THC,199.99,2025-11-12T20:59:45Z
THCH,2.73,2025-11-12T16:44:59Z
THD,59.55,2025-11-12T18:36:54Z
THFF,57.23,2025-11-12T20:58:54Z
THG,182.47,2025-11-12T20:59:40Z
THIR,32.37,2025-11-12T15:51:56Z
THM,1.76,2025-11-12T20:59:42Z
THMZ,32.55,2025-11-12T20:31:14Z
THNQ,66.285,2025-11-12T20:55:04Z
THO,101.495,2025-11-12T20:59:44Z
THQ,18.23,2025-11-12T19:50:53Z
THR,35.64,2025-11-12T20:57:30Z
THRM,37.27,2025-11-12T20:59:50Z
THRO,38.68,2025-11-12T20:54:47Z
THRY,6.275,2025-11-12T20:59:53Z
THS,23.59,2025-11-12T20:59:50Z
THTA,15.21,2025-11-12T15:10:53Z
THW,12.69,2025-11-12T20:15:33Z
TIC,10.68,2025-11-12T20:59:55Z
TIGO,50.77,2025-11-12T20:59:46Z
TIGR,10.395,2025-11-12T20:59:57Z
TIL,14.875,2025-11-12T20:54:11Z
TILE,26.66,2025-11-12T20:59:44Z
TIMB,23.315,2025-11-12T20:59:25Z
TIP,111.11,2025-11-12T20:59:57Z
TIPT,19.02,2025-11-12T20:59:56Z
TIPZ,53.615,2025-11-12T17:15:59Z
TISI,17.11,2025-11-12T20:35:19Z
TITN,16.575,2025-11-12T20:59:45Z
TIVC,2.24,2025-11-12T20:46:13Z
TJAN,27.11,2025-11-12T18:50:39Z
TJX,147.6,2025-11-12T20:59:58Z
TK,9.94,2025-11-12T20:59:56Z
TKC,5.765,2025-11-12T20:59:58Z
TKNO,4.485,2025-11-12T20:59:33Z
TKO,181.485,2025-11-12T20:59:47Z
TKR,78.66,2025-11-12T20:59:55Z
TLH,103.73,2025-11-12T20:55:37Z
TLIH,0.4276,2025-11-12T18:54:57Z
TLK,21.14,2025-11-12T20:59:43Z
TLN,367.48,2025-11-12T20:59:59Z
TLPH,1.345,2025-11-12T20:13:47Z
TLRY,1.225,2025-11-12T20:58:02Z
TLS,6.565,2025-11-12T20:59:49Z
TLSA,1.77,2025-11-12T20:56:22Z
TLSI,4.42,2025-11-12T20:51:47Z
TLT,90.11,2025-11-12T20:59:52Z
TLTP,22.84,2025-11-12T19:34:50Z
TLTW,23.485,2025-11-12T20:59:55Z
TLX,9.76,2025-11-12T20:58:31Z
TLYS,1.37,2025-11-12T20:55:23Z
TM,207.385,2025-11-12T20:59:18Z
TMAT,26.76,2025-11-12T20:31:09Z
TMB,25.72,2025-11-12T19:29:46Z
TMC,5.65,2025-11-12T20:59:55Z
TMCI,3.325,2025-11-12T20:59:56Z
TMDE,0.7104,2025-11-12T17:52:37Z
TMDX,119.35,2025-11-12T20:59:29Z
TME,19.01,2025-11-12T20:59:58Z
TMF,41.46,2025-11-12T20:59:40Z
TMFC,72.285,2025-11-12T20:59:00Z
TMFE,29.43,2025-11-12T15:16:40Z
TMFG,30.14,2025-11-12T19:44:03Z
TMHC,60.575,2025-11-12T20:59:51Z
TMO,587.98,2025-11-12T20:59:57Z
TMP,67.92,2025-11-12T20:58:52Z
TMQ,4.03,2025-11-12T20:59:58Z
TMSL,35.375,2025-11-12T16:25:32Z
TMUS,212.65,2025-11-12T20:59:53Z
TMUSL,25.09,2025-11-12T20:58:03Z
TMV,33.92,2025-11-12T20:59:38Z
TNA,44.965,2025-11-12T20:59:59Z
TNC,74.665,2025-11-12T20:49:43Z
TNDM,18.06,2025-11-12T20:59:49Z
TNET,55.465,2025-11-12T20:59:12Z
TNGX,7.68,2025-11-12T20:59:56Z
TNK,61.82,2025-11-12T20:59:32Z
TNL,64.66,2025-11-12T20:59:49Z
TNMG,0.3015,2025-11-12T20:39:58Z
TNON,1.28,2025-11-12T20:51:32Z
TNXP,17.68,2025-11-12T20:59:53Z
TNYA,1.54,2025-11-12T20:59:55Z
TOAK,28.235,2025-11-12T20:58:14Z
TOI,3.42,2025-11-12T20:59:58Z
TOK,138.18,2025-11-12T20:59:14Z
TOKE,5.81,2025-11-12T18:47:48Z
TOL,135.63,2025-11-12T20:59:49Z
TOLZ,54.63,2025-11-12T17:52:27Z
TOMZ,0.87,2025-11-12T18:15:39Z
TONX,3.595,2025-11-12T20:59:50Z
TOON,0.7335,2025-11-12T20:59:50Z
TOP,1.085,2025-11-12T20:59:55Z
TOPC,31.01,2025-11-12T18:13:40Z
TOPP,1.2,2025-11-12T16:29:14Z
TOPT,31.47,2025-11-12T20:59:24Z
TORO,3.995,2025-11-12T20:59:50Z
TOST,38.34,2025-11-12T20:59:59Z
TOTL,40.505,2025-11-12T20:53:34Z
TOUR,0.7801,2025-11-12T19:41:07Z
TOUS,34.55,2025-11-12T20:38:40Z
TOVX,0.2811,2025-11-12T20:59:11Z
TOWN,33.42,2025-11-12T20:59:52Z
TOYO,6.9,2025-11-12T19:53:18Z
TPB,100.275,2025-11-12T20:59:48Z
TPC,62.39,2025-11-12T20:59:46Z
TPET,0.9947,2025-11-12T16:11:01Z
TPG,58.61,2025-11-12T20:59:59Z
TPH,32.215,2025-11-12T20:59:52Z
TPHD,38.63,2025-11-12T20:01:52Z
TPL,1006.42,2025-11-12T20:57:11Z
TPLC,45.91,2025-11-12T20:01:40Z
TPOR,28.69,2025-11-12T16:00:03Z
TPR,103.94,2025-11-12T20:59:55Z
TPST,8.68,2025-11-12T15:08:34Z
TPTA,23.49,2025-11-12T17:14:08Z
TPVG,5.96,2025-11-12T20:58:41Z
TPYP,35.46,2025-11-12T18:31:23Z
TPZ,21.1,2025-11-12T20:07:36Z
TQQQ,111.485,2025-11-12T20:59:59Z
TR,39.33,2025-11-12T20:59:09Z
TRAK,15.06,2025-11-12T20:59:31Z
TRAW,2.125,2025-11-12T20:58:55Z
TRC,16.25,2025-11-12T20:59:32Z
TRDA,8.01,2025-11-12T20:59:45Z
TREE,51.82,2025-11-12T20:59:41Z
TREX,33.04,2025-11-12T20:59:58Z
TRFK,69.79,2025-11-12T20:55:53Z
TRFM,49.18,2025-11-12T20:42:28Z
TRGP,170.52,2025-11-12T20:59:49Z
TRI,138.31,2025-11-12T20:59:53Z
TRIN,14.915,2025-11-12T20:59:49Z
TRIP,15.85,2025-11-12T20:59:46Z
TRMB,82.21,2025-11-12T20:59:50Z
TRMD,23.48,2025-11-12T20:59:36Z
TRMK,38.695,2025-11-12T20:59:44Z
TRN,25.37,2025-11-12T20:59:52Z
TRND,34.31,2025-11-12T17:40:38Z
TRNO,61.02,2025-11-12T20:59:50Z
TRNR,2.895,2025-11-12T18:28:30Z
TRNS,55.995,2025-11-12T20:46:05Z
TRON,1.99,2025-11-12T20:59:49Z
TROW,104.74,2025-11-12T20:59:53Z
TROX,3.6,2025-11-12T20:59:57Z
TRP,54.79,2025-11-12T20:59:59Z
TRS,31.72,2025-11-12T20:59:32Z
TRST,39.81,2025-11-12T20:59:51Z
TRTN-C,24.805,2025-11-12T17:33:53Z
TRTN-D,23.575,2025-11-12T18:02:01Z
TRTX,9.085,2025-11-12T20:59:57Z
TRTX-C,17.71,2025-11-12T19:31:04Z
TRU,82.35,2025-11-12T20:59:52Z
TRUE,2.3,2025-11-12T20:59:57Z
TRUG,1.6,2025-11-12T20:59:57Z
TRUP,38.915,2025-11-12T20:59:38Z
TRUT,27.07,2025-11-12T16:44:57Z
TRV,286.02,2025-11-12T20:59:57Z
TRVG,3.185,2025-11-12T20:28:28Z
TRVI,11.85,2025-11-12T20:59:50Z
TRX,0.6922,2025-11-12T20:59:51Z
TS,40.96,2025-11-12T20:59:52Z
TSAT,25.39,2025-11-12T20:53:48Z
TSCO,55.98,2025-11-12T20:59:57Z
TSDD,9.78,2025-11-12T20:59:48Z
TSE,1.15,2025-11-12T20:59:59Z
TSEM,106.31,2025-11-12T20:59:45Z
TSHA,4.38,2025-11-12T20:59:58Z
TSI,4.94,2025-11-12T20:59:00Z
TSII,27.49,2025-11-12T20:46:25Z
TSL,17.85,2025-11-12T20:59:41Z
TSLA,430.625,2025-11-12T20:59:59Z
TSLG,9.43,2025-11-12T20:59:53Z
TSLI,36.66,2025-11-12T14:51:16Z
TSLL,18.905,2025-11-12T20:59:59Z
TSLO,22.16,2025-11-12T15:44:06Z
TSLP,23.91,2025-11-12T20:54:10Z
TSLQ,23.56,2025-11-12T20:59:51Z
TSLR,30.47,2025-11-12T20:59:50Z
TSLS,5.42,2025-11-12T20:59:40Z
TSLT,25.62,2025-11-12T20:59:59Z
TSLV,18.51,2025-11-12T16:47:32Z
TSLW,34.75,2025-11-12T19:34:56Z
TSLX,21.51,2025-11-12T20:59:50Z
TSLY,8.085,2025-11-12T20:59:49Z
TSLZ,13.9,2025-11-12T20:59:59Z
TSM,290.65,2025-11-12T20:59:58Z
TSME,41.2,2025-11-12T20:19:33Z
TSMU,41.88,2025-11-12T14:46:42Z
TSMX,49.21,2025-11-12T20:59:54Z
TSMY,16.03,2025-11-12T16:58:43Z
TSMZ,12.82,2025-11-12T19:26:19Z
TSN,54.03,2025-11-12T20:59:50Z
TSPA,43.01,2025-11-12T20:59:41Z
TSPY,25.57,2025-11-12T16:35:19Z
TSQ,5.64,2025-11-12T20:57:27Z
TSSI,16.15,2025-11-12T20:59:57Z
TSXD,17.175,2025-11-12T15:21:48Z
TSXU,32.54,2025-11-12T19:04:17Z
TSYY,6.905,2025-11-12T20:58:17Z
TT,421.79,2025-11-12T20:59:58Z
TTAM,15.695,2025-11-12T20:57:20Z
TTAN,93.03,2025-11-12T20:59:58Z
TTC,73.01,2025-11-12T20:59:40Z
TTD,43.8,2025-11-12T20:59:53Z
TTE,63.92,2025-11-12T20:59:42Z
TTEC,2.88,2025-11-12T20:59:58Z
TTEK,32.405,2025-11-12T20:59:51Z
TTEQ,33.28,2025-11-12T20:51:21Z
TTGT,5.14,2025-11-12T20:59:44Z
TTI,7.6,2025-11-12T20:59:57Z
TTMI,70.515,2025-11-12T20:59:57Z
TTSH,6.375,2025-11-12T20:59:42Z
TTT,65.87,2025-11-12T16:37:51Z
TTWO,240.28,2025-11-12T20:58:55Z
TTXD,24.63,2025-11-12T15:12:27Z
TU,14.675,2025-11-12T20:59:44Z
TUA,21.945,2025-11-12T20:38:59Z
TUGN,26.3,2025-11-12T19:19:49Z
TUR,33.04,2025-11-12T20:59:45Z
TURB,2.06,2025-11-12T18:51:52Z
TUSI,25.365,2025-11-12T20:52:03Z
TUSK,1.965,2025-11-12T19:33:54Z
TUYA,2.105,2025-11-12T20:59:38Z
TV,3.085,2025-11-12T20:59:49Z
TVA,11.09,2025-11-12T20:32:56Z
TVAI,10.06,2025-11-12T18:25:56Z
TVAL,34.965,2025-11-12T20:59:46Z
TVC,24.055,2025-11-12T20:30:01Z
TVE,24.19,2025-11-12T19:14:51Z
TVGN,0.4767,2025-11-12T17:52:18Z
TVRD,4.27,2025-11-12T20:58:20Z
TVTX,36.465,2025-11-12T20:59:54Z
TW,110.03,2025-11-12T20:59:59Z
TWFG,26.8,2025-11-12T20:57:02Z
TWG,5.31,2025-11-12T15:07:47Z
TWI,7.82,2025-11-12T20:59:49Z
TWIN,16.085,2025-11-12T20:49:50Z
TWLO,128.44,2025-11-12T20:59:57Z
TWM,33.37,2025-11-12T20:57:42Z
TWN,56.075,2025-11-12T18:34:43Z
TWO,9.7,2025-11-12T20:59:54Z
TWOD,25.55,2025-11-12T16:21:26Z
TWST,31.86,2025-11-12T20:59:54Z
TX,36.9,2025-11-12T20:59:24Z
TXG,16.7,2025-11-12T20:59:58Z
TXMD,1.7,2025-11-12T16:44:53Z
TXN,163.11,2025-11-12T20:59:54Z
TXNM,57.735,2025-11-12T20:59:58Z
TXO,13.79,2025-11-12T20:56:56Z
TXRH,167.63,2025-11-12T20:59:33Z
TXT,82.495,2025-11-12T20:59:50Z
TXUG,24.78,2025-11-12T20:29:40Z
TY,34.44,2025-11-12T18:45:26Z
TYA,13.83,2025-11-12T20:59:50Z
TYD,26.2,2025-11-12T18:40:29Z
TYG,44.36,2025-11-12T20:57:38Z
TYGO,2.04,2025-11-12T20:58:06Z
TYL,466.27,2025-11-12T20:59:35Z
TYRA,15.47,2025-11-12T20:59:46Z
TZA,7.95,2025-11-12T20:59:41Z
TZOO,7.495,2025-11-12T20:54:07Z
TZUP,4,2025-11-12T20:58:54Z
U,40.03,2025-11-12T20:59:54Z
UA,4.565,2025-11-12T20:59:09Z
UAA,4.81,2025-11-12T20:59:55Z
UAE,19.475,2025-11-12T20:59:45Z
UAL,99.975,2025-11-12T20:59:53Z
UAMY,7.6,2025-11-12T20:59:58Z
UAN,97.225,2025-11-12T20:59:50Z
UAUG,39.56,2025-11-12T20:07:36Z
UAVS,1.31,2025-11-12T20:59:54Z
UBER,93.575,2025-11-12T20:59:57Z
UBFO,9.855,2025-11-12T16:34:02Z
UBND,22.055,2025-11-12T20:59:46Z
UBOT,25.85,2025-11-12T15:18:19Z
UBRL,31.63,2025-11-12T20:58:47Z
UBS,39.59,2025-11-12T20:59:55Z
UBSI,36.62,2025-11-12T20:59:49Z
UBXG,2.43,2025-11-12T14:36:59Z
UCAR,2.165,2025-11-12T20:58:59Z
UCB,30.135,2025-11-12T20:59:53Z
UCO,20.33,2025-11-12T20:59:50Z
UCON,25.265,2025-11-12T20:59:50Z
UCTT,26.02,2025-11-12T20:59:51Z
UDEC,39.08,2025-11-12T20:07:36Z
UDIV,53.26,2025-11-12T20:12:22Z
UDMY,5.32,2025-11-12T20:59:58Z
UDOW,118.81,2025-11-12T20:59:39Z
UDR,34.86,2025-11-12T20:59:57Z
UE,19.105,2025-11-12T20:59:55Z
UEC,12.32,2025-11-12T20:59:59Z
UEIC,3.13,2025-11-12T20:59:52Z
UFCS,37.02,2025-11-12T20:58:55Z
UFEB,36.19,2025-11-12T20:59:25Z
UFG,1.03,2025-11-12T18:34:53Z
UFI,3.61,2025-11-12T20:33:01Z
UFIV,49.44,2025-11-12T16:35:20Z
UFO,34.44,2025-11-12T20:57:49Z
UFPI,91.31,2025-11-12T20:59:47Z
UFPT,237.02,2025-11-12T20:54:50Z
UGA,67.87,2025-11-12T16:32:09Z
UGE,16.67,2025-11-12T20:49:44Z
UGI,34.6,2025-11-12T20:59:53Z
UGL,53.34,2025-11-12T20:59:53Z
UGP,4.265,2025-11-12T20:59:57Z
UGRO,0.303,2025-11-12T19:41:19Z
UHAL,52.59,2025-11-12T20:56:10Z
UHAL.B,48.195,2025-11-12T20:59:48Z
UHG,1.345,2025-11-12T20:59:17Z
UHS,228.475,2025-11-12T20:59:48Z
UHT,39.71,2025-11-12T20:12:19Z
UI,585.65,2025-11-12T20:59:24Z
UIS,2.79,2025-11-12T20:59:54Z
UITB,47.575,2025-11-12T20:58:17Z
UIVM,62.97,2025-11-12T18:50:00Z
UJAN,42.61,2025-11-12T17:29:46Z
UKOMW,0.003,2025-11-12T14:33:33Z
UL,60.99,2025-11-12T20:59:58Z
ULBI,5.8,2025-11-12T20:59:00Z
ULCC,4.04,2025-11-12T20:59:56Z
ULH,15.25,2025-11-12T20:56:25Z
ULS,86.65,2025-11-12T20:59:45Z
ULST,40.585,2025-11-12T20:56:56Z
ULTA,535.39,2025-11-12T20:59:56Z
ULTI,22.79,2025-11-12T19:10:39Z
ULTY,4.4,2025-11-12T20:59:59Z
ULY,2.62,2025-11-12T19:48:24Z
UMAC,10.68,2025-11-12T20:59:53Z
UMBF,109.875,2025-11-12T20:59:48Z
UMBFO,26.9,2025-11-12T19:37:06Z
UMC,7.25,2025-11-12T20:59:53Z
UMH,15.17,2025-11-12T20:59:50Z
UMH-D,22.67,2025-11-12T20:58:13Z
UNCY,5.165,2025-11-12T20:59:30Z
UNF,155.56,2025-11-12T20:59:44Z
UNFI,40.035,2025-11-12T20:59:41Z
UNG,14.63,2025-11-12T20:59:43Z
UNH,339.05,2025-11-12T20:59:53Z
UNHG,19.94,2025-11-12T20:59:45Z
UNIT,6.74,2025-11-12T20:59:55Z
UNM,77.35,2025-11-12T20:59:50Z
UNMA,23.79,2025-11-12T19:35:38Z
UNOV,37.86,2025-11-12T20:26:01Z
UNP,223.53,2025-11-12T20:59:49Z
UNTY,47.87,2025-11-12T20:50:39Z
UNX,16.64,2025-11-12T20:58:51Z
UOKA,2.82,2025-11-12T15:03:30Z
UP,1.21,2025-11-12T20:59:52Z
UPB,23.75,2025-11-12T20:59:44Z
UPBD,17.44,2025-11-12T20:59:48Z
UPC,3.68,2025-11-12T20:30:11Z
UPLD,1.765,2025-11-12T20:59:05Z
UPRO,118.115,2025-11-12T20:59:46Z
UPS,96.185,2025-11-12T20:59:53Z
UPSD,27.05,2025-11-12T18:14:36Z
UPST,39.65,2025-11-12T20:59:49Z
UPSX,8.695,2025-11-12T20:59:03Z
UPWK,17.025,2025-11-12T20:59:59Z
UPXI,3.39,2025-11-12T20:59:59Z
URA,47.64,2025-11-12T20:59:59Z
URAA,39.29,2025-11-12T20:49:19Z
URBN,62.915,2025-11-12T20:59:53Z
URG,1.3,2025-11-12T20:59:59Z
URGN,25.15,2025-11-12T20:59:52Z
URI,860.36,2025-11-12T20:59:48Z
URNJ,26.32,2025-11-12T20:57:54Z
URNM,56.96,2025-11-12T20:57:41Z
UROY,3.875,2025-11-12T20:59:26Z
URTH,186.28,2025-11-12T20:55:27Z
URTY,52.615,2025-11-12T20:59:40Z
USA,6.32,2025-11-12T20:59:56Z
USAC,23.06,2025-11-12T20:59:51Z
USAI,37.96,2025-11-12T19:00:15Z
USAR,16.92,2025-11-12T20:59:49Z
USARW,5.56,2025-11-12T20:53:53Z
USAS,4.42,2025-11-12T20:59:54Z
USAU,15.82,2025-11-12T20:59:13Z
USB,47.89,2025-11-12T20:59:59Z
USB-H,18.53,2025-11-12T20:59:56Z
USB-Q,15.68,2025-11-12T17:51:26Z
USB-R,16.64,2025-11-12T15:48:58Z
USBC,0.8326,2025-11-12T20:54:40Z
USCA,42.15,2025-11-12T17:49:14Z
USCB,17.94,2025-11-12T15:49:21Z
USCI,78.8,2025-11-12T19:36:20Z
USD,112.26,2025-11-12T20:59:27Z
USDU,26.92,2025-11-12T20:56:30Z
USDX,25.965,2025-11-12T20:46:37Z
USEA,1.6,2025-11-12T18:39:34Z
USEG,1.065,2025-11-12T20:59:51Z
USEP,38.97,2025-11-12T20:56:44Z
USFD,72.9,2025-11-12T20:59:54Z
USFR,50.325,2025-11-12T20:59:15Z
USGO,10.57,2025-11-12T20:53:31Z
USHY,37.42,2025-11-12T20:59:57Z
USIG,52.055,2025-11-12T20:59:46Z
USIO,1.445,2025-11-12T20:24:54Z
USLM,121.42,2025-11-12T17:43:23Z
USMC,69.21,2025-11-12T20:59:46Z
USMV,94.525,2025-11-12T20:59:43Z
USNA,19.38,2025-11-12T20:59:58Z
USO,69.785,2025-11-12T20:59:49Z
USOI,48.51,2025-11-12T18:26:15Z
USOY,6.985,2025-11-12T20:32:08Z
USPH,72.69,2025-11-12T20:57:30Z
USPX,60.01,2025-11-12T20:25:37Z
USRT,58.31,2025-11-12T20:58:56Z
USSE,33.55,2025-11-12T17:46:54Z
USTB,50.825,2025-11-12T20:06:30Z
USVM,90.38,2025-11-12T20:52:35Z
USXF,58.105,2025-11-12T20:59:26Z
UTEN,44.41,2025-11-12T15:48:10Z
UTES,82.49,2025-11-12T20:59:45Z
UTF,24.31,2025-11-12T20:59:53Z
UTG,37.83,2025-11-12T20:51:06Z
UTHR,461.745,2025-11-12T20:59:01Z
UTI,30.03,2025-11-12T20:59:46Z
UTL,48.26,2025-11-12T20:59:03Z
UTWO,48.54,2025-11-12T15:03:11Z
UTZ,10.48,2025-11-12T20:59:58Z
UUP,28.155,2025-11-12T20:59:23Z
UUU,4.3,2025-11-12T20:47:01Z
UUUU,15.805,2025-11-12T20:59:59Z
UVE,34.515,2025-11-12T20:59:24Z
UVIX,9.21,2025-11-12T20:59:45Z
UVSP,30.78,2025-11-12T20:59:23Z
UVV,53.345,2025-11-12T20:56:11Z
UVXY,10.1,2025-11-12T20:59:55Z
UWM,46.49,2025-11-12T20:59:48Z
UWMC,5.51,2025-11-12T20:59:56Z
UXIN,3.01,2025-11-12T16:41:35Z
UXRP,16.655,2025-11-12T20:59:50Z
UYLD,51.185,2025-11-12T20:59:45Z
V,338.99,2025-11-12T20:59:59Z
VAC,47.185,2025-11-12T20:59:50Z
VAL,56.37,2025-11-12T20:59:45Z
VALE,12.475,2025-11-12T20:59:55Z
VALQ,64.84,2025-11-12T20:11:48Z
VANI,1.515,2025-11-12T20:55:49Z
VATE,5.5,2025-11-12T19:13:25Z
VAW,200.57,2025-11-12T20:29:22Z
VB,255.99,2025-11-12T20:59:53Z
VBF,15.64,2025-11-12T20:59:54Z
VBIL,75.49,2025-11-12T20:59:59Z
VBIX,1.96,2025-11-12T15:10:32Z
VBK,302.43,2025-11-12T20:50:25Z
VBNK,11.69,2025-11-12T20:59:30Z
VBR,208.85,2025-11-12T20:58:23Z
VC,107.2,2025-11-12T20:57:53Z
VCEL,40.445,2025-11-12T20:59:41Z
VCIC,10.97,2025-11-12T20:59:00Z
VCIG,1.665,2025-11-12T20:59:53Z
VCIT,83.94,2025-11-12T20:59:58Z
VCLT,77.17,2025-11-12T20:59:38Z
VCRB,78.44,2025-11-12T20:59:46Z
VCRM,75.845,2025-11-12T19:56:00Z
VCSH,79.74,2025-11-12T20:59:54Z
VCTR,63.58,2025-11-12T20:59:43Z
VCV,11.29,2025-11-12T20:59:19Z
VCYT,42.33,2025-11-12T20:59:44Z
VDE,127.15,2025-11-12T20:55:25Z
VEA,62.13,2025-11-12T20:59:55Z
VECO,30.36,2025-11-12T20:59:55Z
VEEA,0.599,2025-11-12T18:41:57Z
VEEE,2.04,2025-11-12T15:17:36Z
VEEV,297.12,2025-11-12T20:59:50Z
VEGI,39.385,2025-11-12T15:07:54Z
VEL,18.48,2025-11-12T20:40:03Z
VELO,5.785,2025-11-12T20:59:37Z
VENU,12.12,2025-11-12T20:59:16Z
VEON,47.33,2025-11-12T20:59:44Z
VERA,31.02,2025-11-12T20:59:53Z
VERI,5.055,2025-11-12T20:59:59Z
VERO,1.865,2025-11-12T20:42:15Z
VERU,2.71,2025-11-12T20:59:50Z
VERX,20.72,2025-11-12T20:59:58Z
VET,8.83,2025-11-12T20:59:50Z
VETZ,20.14,2025-11-12T20:50:06Z
VEU,73.92,2025-11-12T20:59:46Z
VEXC,78.945,2025-11-12T19:32:50Z
VFC,15.445,2025-11-12T20:59:59Z
VFF,3.495,2025-11-12T20:59:55Z
VFH,130.77,2025-11-12T20:59:54Z
VFL,10.29,2025-11-12T20:56:32Z
VFLO,38.545,2025-11-12T20:59:46Z
VFMF,146.9,2025-11-12T20:48:00Z
VFS,3.47,2025-11-12T20:59:56Z
VG,8.12,2025-11-12T20:59:55Z
VGHY,74.985,2025-11-12T20:36:48Z
VGI,7.92,2025-11-12T20:50:33Z
VGIT,60.17,2025-11-12T20:59:49Z
VGK,82.275,2025-11-12T20:59:57Z
VGLT,57.29,2025-11-12T20:59:45Z
VGM,10.24,2025-11-12T19:39:15Z
VGMS,51.66,2025-11-12T20:58:06Z
VGSH,58.76,2025-11-12T20:57:10Z
VGSR,10.595,2025-11-12T19:53:27Z
VGT,773.27,2025-11-12T20:59:00Z
VGUS,75.52,2025-11-12T20:59:47Z
VGZ,1.715,2025-11-12T20:59:06Z
VHI,13.26,2025-11-12T19:54:41Z
VHT,284.47,2025-11-12T20:59:26Z
VIA,50.48,2025-11-12T20:59:50Z
VIAV,17.82,2025-11-12T20:59:58Z
VICE,33,2025-11-12T18:33:04Z
VICI,30.58,2025-11-12T20:59:58Z
VICR,94.38,2025-11-12T20:59:44Z
VIDI,33.84,2025-11-12T20:37:46Z
VIG,220.1,2025-11-12T20:59:49Z
VIGI,91.41,2025-11-12T20:58:13Z
VIK,60.99,2025-11-12T20:59:56Z
VINP,12.21,2025-11-12T20:49:35Z
VIOO,111.7,2025-11-12T20:44:44Z
VIOT,2.65,2025-11-12T20:59:38Z
VIPS,19.64,2025-11-12T20:59:57Z
VIR,5.72,2025-11-12T20:59:55Z
VIRC,7.14,2025-11-12T20:59:38Z
VIRT,36.015,2025-11-12T20:59:50Z
VIS,298.42,2025-11-12T20:19:58Z
VIST,49.56,2025-11-12T20:59:54Z
VITL,32.57,2025-11-12T20:59:53Z
VIV,13.215,2025-11-12T20:59:57Z
VIVK,0.1628,2025-11-12T20:58:19Z
VIVS,2.24,2025-11-12T17:52:45Z
VIXM,16.35,2025-11-12T20:58:25Z
VIXY,32.03,2025-11-12T20:59:55Z
VKQ,9.72,2025-11-12T20:50:05Z
VKTX,40.76,2025-11-12T20:59:52Z
VLGEA,33.685,2025-11-12T20:26:50Z
VLN,1.7,2025-11-12T20:59:48Z
VLO,177.41,2025-11-12T20:59:45Z
VLRS,6.785,2025-11-12T20:59:47Z
VLTO,97.7,2025-11-12T20:59:47Z
VLUE,132.61,2025-11-12T20:59:27Z
VLY,11.09,2025-11-12T20:59:57Z
VLYPP,25.57,2025-11-12T18:17:43Z
VMAR,1.525,2025-11-12T20:58:52Z
VMBS,47.17,2025-11-12T20:59:43Z
VMC,295.155,2025-11-12T20:59:58Z
VMD,6.55,2025-11-12T20:59:52Z
VMEO,7.83,2025-11-12T20:59:51Z
VMI,410.34,2025-11-12T20:58:33Z
VMO,9.73,2025-11-12T20:59:45Z
VNAM,22.5,2025-11-12T20:48:17Z
VNCE,2.71,2025-11-12T20:57:26Z
VNDA,4.42,2025-11-12T20:59:56Z
VNET,8.975,2025-11-12T20:59:57Z
VNLA,49.2,2025-11-12T20:47:01Z
VNM,17.52,2025-11-12T20:59:56Z
VNO,35.37,2025-11-12T20:59:58Z
VNO-L,18,2025-11-12T19:09:48Z
VNO-M,17.81,2025-11-12T19:17:40Z
VNOM,37.73,2025-11-12T20:59:51Z
VNQ,90.51,2025-11-12T20:59:46Z
VNQI,48.04,2025-11-12T20:59:45Z
VNRX,0.3795,2025-11-12T20:58:11Z
VNT,37.16,2025-11-12T20:59:58Z
VNTG,0.995,2025-11-12T20:23:27Z
VO,292.06,2025-11-12T20:59:26Z
VOD,12.355,2025-11-12T20:59:49Z
VOE,176,2025-11-12T20:56:29Z
VOLT,30.31,2025-11-12T20:12:31Z
VONE,309.63,2025-11-12T20:55:54Z
VONG,123.44,2025-11-12T20:56:57Z
VONV,91.27,2025-11-12T20:59:04Z
VOO,628.26,2025-11-12T20:59:48Z
VOOG,445.84,2025-11-12T20:50:00Z
VOR,10.09,2025-11-12T20:59:49Z
VOT,286.79,2025-11-12T20:57:47Z
VOX,184.605,2025-11-12T20:59:46Z
VOXR,4.245,2025-11-12T20:59:50Z
VOYA,72.58,2025-11-12T20:59:49Z
VOYA-B,24.1,2025-11-12T20:55:53Z
VOYG,22.82,2025-11-12T20:59:52Z
VPC,18.77,2025-11-12T17:09:26Z
VPG,33.585,2025-11-12T20:54:11Z
VPL,92.335,2025-11-12T20:59:17Z
VPLS,78.695,2025-11-12T20:23:50Z
VPU,194.62,2025-11-12T18:12:06Z
VPV,10.755,2025-11-12T20:39:11Z
VRA,2.735,2025-11-12T20:59:53Z
VRAI,24.11,2025-11-12T15:08:22Z
VRAR,1.42,2025-11-12T20:50:42Z
VRAX,0.46,2025-11-12T20:58:03Z
VRCA,3.8,2025-11-12T20:46:46Z
VRDN,28.92,2025-11-12T20:59:40Z
VRE,14.95,2025-11-12T20:59:49Z
VREX,12.355,2025-11-12T20:59:49Z
VRIG,25.13,2025-11-12T14:35:12Z
VRME,0.8171,2025-11-12T20:40:58Z
VRNS,35.535,2025-11-12T20:59:51Z
VRNT,20.305,2025-11-12T20:59:57Z
VRP,24.63,2025-11-12T20:59:11Z
VRRM,22.93,2025-11-12T20:59:50Z
VRSK,212.88,2025-11-12T20:59:53Z
VRSN,250.46,2025-11-12T20:59:49Z
VRT,173.4,2025-11-12T20:59:52Z
VRTL,61.925,2025-11-12T18:45:54Z
VRTS,165.395,2025-11-12T20:56:59Z
VRTX,434.38,2025-11-12T20:59:54Z
VS,1.58,2025-11-12T16:13:36Z
VSA,0.29,2025-11-12T20:57:31Z
VSAT,37.54,2025-11-12T20:59:47Z
VSCO,35.385,2025-11-12T20:59:48Z
VSDB,76.595,2025-11-12T19:25:15Z
VSDM,76.47,2025-11-12T19:23:34Z
VSEC,171.68,2025-11-12T19:46:57Z
VSEE,0.7722,2025-11-12T20:59:08Z
VSGX,71.33,2025-11-12T19:49:49Z
VSH,14.2,2025-11-12T20:59:53Z
VSME,0.1846,2025-11-12T20:49:36Z
VSMV,54.52,2025-11-12T20:53:04Z
VSS,142.9,2025-11-12T20:46:09Z
VST,178.29,2025-11-12T20:59:57Z
VSTA,4.945,2025-11-12T20:59:31Z
VSTD,0.536,2025-11-12T20:59:30Z
VSTM,8.545,2025-11-12T20:59:46Z
VSTS,5.4,2025-11-12T20:59:59Z
VT,141.4,2025-11-12T20:59:09Z
VTC,78.12,2025-11-12T20:59:00Z
VTEB,50.445,2025-11-12T20:59:43Z
VTEC,100.415,2025-11-12T20:47:59Z
VTEI,100.865,2025-11-12T20:50:43Z
VTEL,104.25,2025-11-12T15:01:14Z
VTES,101.47,2025-11-12T19:32:09Z
VTEX,4.075,2025-11-12T20:59:53Z
VTG,76.64,2025-11-12T14:54:44Z
VTGN,4.08,2025-11-12T20:59:37Z
VTI,335.855,2025-11-12T20:59:53Z
VTIP,50.065,2025-11-12T20:59:46Z
VTLE,17.12,2025-11-12T20:59:52Z
VTMX,30.92,2025-11-12T20:52:17Z
VTN,11.04,2025-11-12T18:48:20Z
VTOL,37.87,2025-11-12T20:59:10Z
VTR,76.935,2025-11-12T20:59:46Z
VTRS,11.01,2025-11-12T20:59:58Z
VTS,20.93,2025-11-12T20:59:36Z
VTSI,4.92,2025-11-12T20:27:45Z
VTV,189.46,2025-11-12T20:59:50Z
VTVT,31.625,2025-11-12T20:58:13Z
VTWG,235.79,2025-11-12T20:59:31Z
VTWO,98.47,2025-11-12T20:59:58Z
VTWV,156.69,2025-11-12T20:38:51Z
VTYX,9.51,2025-11-12T20:59:46Z
VUG,493.5,2025-11-12T20:59:51Z
VUSB,49.87,2025-11-12T20:59:19Z
VUSE,66.28,2025-11-12T14:58:53Z
VUZI,2.705,2025-11-12T20:59:47Z
VV,315.665,2025-11-12T20:59:28Z
VVOS,2.58,2025-11-12T15:12:34Z
VVPR,3.37,2025-11-12T20:59:40Z
VVR,3.35,2025-11-12T20:33:15Z
VVV,32.015,2025-11-12T20:59:47Z
VVX,55.475,2025-11-12T20:59:56Z
VWAV,11.51,2025-11-12T20:56:11Z
VWAVW,1.31,2025-11-12T20:32:22Z
VWO,55.315,2025-11-12T20:59:57Z
VWOB,67.775,2025-11-12T20:59:17Z
VXF,209.92,2025-11-12T20:58:59Z
VXUS,75.78,2025-11-12T20:59:04Z
VXX,32.96,2025-11-12T20:59:55Z
VYGR,4.25,2025-11-12T20:59:50Z
VYM,142.88,2025-11-12T20:59:43Z
VYMI,88.26,2025-11-12T20:59:57Z
VYNE,0.3515,2025-11-12T20:59:05Z
VYX,11.19,2025-11-12T20:59:55Z
VZ,40.81,2025-11-12T20:59:59Z
VZLA,4.74,2025-11-12T20:59:55Z
W,111.795,2025-11-12T20:59:49Z
WAB,209.66,2025-11-12T20:59:50Z
WABC,48.36,2025-11-12T20:59:43Z
WAFD,30.59,2025-11-12T20:59:59Z
WAL,80.445,2025-11-12T20:59:48Z
WAL-A,21.57,2025-11-12T20:55:43Z
WALD,1.785,2025-11-12T20:52:24Z
WASH,28,2025-11-12T20:59:48Z
WAT,387.52,2025-11-12T20:59:53Z
WATT,7.86,2025-11-12T14:51:43Z
WAVE,8.15,2025-11-12T16:39:36Z
WAY,36.895,2025-11-12T20:59:55Z
WB,10.58,2025-11-12T20:59:56Z
WBD,22.2,2025-11-12T20:59:59Z
WBI,25.34,2025-11-12T20:59:47Z
WBS,57.61,2025-11-12T20:59:40Z
WBTN,16.9,2025-11-12T20:59:46Z
WBUY,1.91,2025-11-12T20:08:51Z
WBX,3.58,2025-11-12T17:26:56Z
WCC,267.41,2025-11-12T20:59:46Z
WCLD,35.81,2025-11-12T20:53:23Z
WCME,17.77,2025-11-12T18:10:23Z
WCMI,16.815,2025-11-12T20:59:38Z
WCN,168.84,2025-11-12T20:59:53Z
WCT,0.2325,2025-11-12T15:08:51Z
WD,66.74,2025-11-12T20:59:52Z
WDAY,225.93,2025-11-12T20:59:50Z
WDC,166.02,2025-11-12T20:59:51Z
WDFC,201.51,2025-11-12T20:20:04Z
WDH,1.625,2025-11-12T20:50:07Z
WDI,14.41,2025-11-12T20:58:24Z
WDS,17.47,2025-11-12T20:59:58Z
WEAT,4.29,2025-11-12T18:08:10Z
WEAV,6.345,2025-11-12T20:59:58Z
WEBL,30.22,2025-11-12T17:49:05Z
WEBS,18.89,2025-11-12T20:55:54Z
WEC,112.135,2025-11-12T20:59:51Z
WEEI,21.32,2025-11-12T20:10:30Z
WEEK,100.035,2025-11-12T18:14:46Z
WELL,191.61,2025-11-12T20:59:54Z
WEN,8.725,2025-11-12T20:59:59Z
WERN,25.165,2025-11-12T20:59:57Z
WES,38.91,2025-11-12T20:59:53Z
WEST,3.93,2025-11-12T20:59:51Z
WETH,2.55,2025-11-12T19:19:13Z
WETO,1.03,2025-11-12T20:49:39Z
WEX,144.2,2025-11-12T20:59:42Z
WEYS,32.26,2025-11-12T17:35:44Z
WF,55.695,2025-11-12T18:09:10Z
WFC,86.27,2025-11-12T20:59:59Z
WFC-A,19.64,2025-11-12T19:05:13Z
WFC-C,18.39,2025-11-12T18:45:38Z
WFC-D,17.69,2025-11-12T19:51:42Z
WFC-L,1245.425,2025-11-12T19:33:27Z
WFC-Y,24.46,2025-11-12T20:59:47Z
WFC-Z,19.84,2025-11-12T19:34:25Z
WFF,0.5941,2025-11-12T16:18:12Z
WFG,59.885,2025-11-12T20:54:00Z
WFRD,72.5,2025-11-12T20:59:35Z
WGMI,47.745,2025-11-12T20:59:55Z
WGO,34.05,2025-11-12T20:59:55Z
WGRX,0.5611,2025-11-12T20:55:31Z
WGS,136.28,2025-11-12T20:59:01Z
WH,73.12,2025-11-12T20:59:40Z
WHD,42.52,2025-11-12T20:59:44Z
WHF,6.92,2025-11-12T20:59:00Z
WHG,16.34,2025-11-12T18:52:26Z
WHLR,1.98,2025-11-12T20:59:46Z
WHR,66.66,2025-11-12T20:59:52Z
WHWK,2.23,2025-11-12T20:59:54Z
WIA,8.46,2025-11-12T19:42:58Z
WIMI,3.12,2025-11-12T20:55:02Z
WINA,416.36,2025-11-12T20:55:34Z
WING,241.38,2025-11-12T20:59:51Z
WINN,31.81,2025-11-12T20:59:57Z
WIP,39.19,2025-11-12T20:47:26Z
WISE,43.12,2025-11-12T19:25:03Z
WIT,2.655,2025-11-12T20:59:58Z
WIW,8.9,2025-11-12T15:58:39Z
WIX,132.69,2025-11-12T20:59:48Z
WK,93.02,2025-11-12T20:59:38Z
WKC,24.28,2025-11-12T20:59:37Z
WKEY,12.095,2025-11-12T20:57:17Z
WKHS,0.6945,2025-11-12T20:59:16Z
WKSP,2.53,2025-11-12T20:58:05Z
WLAC,12.75,2025-11-12T20:52:33Z
WLACW,3.41,2025-11-12T17:19:34Z
WLDN,94.16,2025-11-12T20:59:35Z
WLDS,2.72,2025-11-12T20:59:42Z
WLFC,122.26,2025-11-12T20:55:39Z
WLK,62.82,2025-11-12T20:59:46Z
WLKP,19.12,2025-11-12T20:52:08Z
WLY,37.16,2025-11-12T20:59:49Z
WM,203.85,2025-11-12T20:59:49Z
WMB,60.44,2025-11-12T20:59:55Z
WMG,30.755,2025-11-12T20:59:45Z
WMK,65.88,2025-11-12T20:53:06Z
WMS,150.89,2025-11-12T20:59:50Z
WMT,103.46,2025-11-12T20:59:59Z
WNC,7.67,2025-11-12T20:59:49Z
WNEB,11.87,2025-11-12T20:20:53Z
WNTR,34.93,2025-11-12T20:27:29Z
WNW,1.68,2025-11-12T14:44:29Z
WOK,4.48,2025-11-12T20:55:00Z
WOLF,19.56,2025-11-12T20:59:48Z
WOMN,41.07,2025-11-12T15:50:36Z
WOOD,70.825,2025-11-12T17:21:04Z
WOOF,3.045,2025-11-12T20:59:59Z
WOR,55.06,2025-11-12T20:59:11Z
WORX,0.2988,2025-11-12T20:59:22Z
WOW,5.19,2025-11-12T20:59:59Z
WPAY,50.395,2025-11-12T20:59:45Z
WPC,67.36,2025-11-12T20:59:54Z
WPM,107.815,2025-11-12T20:59:51Z
WPP,19.44,2025-11-12T20:59:43Z
WPRT,1.795,2025-11-12T20:16:10Z
WRAP,2.115,2025-11-12T20:58:16Z
WRB,76.66,2025-11-12T20:59:49Z
WRB-E,22.57,2025-11-12T20:06:53Z
WRB-F,20.28,2025-11-12T17:18:59Z
WRB-H,17.35,2025-11-12T20:52:48Z
WRBY,17.52,2025-11-12T20:59:52Z
WRD,7.925,2025-11-12T20:59:58Z
WRLD,136.35,2025-11-12T15:17:02Z
WRN,2.155,2025-11-12T20:59:00Z
WRND,37.24,2025-11-12T19:53:00Z
WS,32.13,2025-11-12T20:59:32Z
WSBC,31.57,2025-11-12T20:59:40Z
WSBCO,25.5,2025-11-12T19:50:40Z
WSBF,15.52,2025-11-12T20:59:37Z
WSC,18.17,2025-11-12T20:59:56Z
WSFS,54.655,2025-11-12T20:59:30Z
WSM,191.855,2025-11-12T20:59:52Z
WSO,348.72,2025-11-12T20:59:49Z
WSR,13.19,2025-11-12T20:59:51Z
WST,273.99,2025-11-12T20:59:46Z
WT,11.595,2025-11-12T20:59:59Z
WTAI,30.65,2025-11-12T16:06:29Z
WTBN,25.8,2025-11-12T17:19:36Z
WTF,5.33,2025-11-12T20:12:04Z
WTFC,130.555,2025-11-12T20:59:27Z
WTI,1.895,2025-11-12T20:59:54Z
WTIU,10.56,2025-11-12T20:10:03Z
WTM,1929.88,2025-11-12T20:59:06Z
WTMF,38.15,2025-11-12T20:59:27Z
WTO,0.0301,2025-11-12T20:59:30Z
WTPI,33.68,2025-11-12T20:07:41Z
WTRE,22.36,2025-11-12T16:38:44Z
WTRG,39.08,2025-11-12T20:59:51Z
WTS,276.64,2025-11-12T20:50:04Z
WTTR,10.83,2025-11-12T20:59:51Z
WTV,91.495,2025-11-12T20:58:20Z
WTW,319.94,2025-11-12T20:59:56Z
WU,8.91,2025-11-12T20:59:54Z
WULF,12.635,2025-11-12T20:59:56Z
WULX,22.86,2025-11-12T20:04:59Z
WVE,6.955,2025-11-12T20:59:51Z
WVVI,2.67,2025-11-12T17:57:18Z
WW,27.62,2025-11-12T20:58:34Z
WWD,273.82,2025-11-12T20:59:51Z
WWR,1.07,2025-11-12T20:59:56Z
WWW,16.02,2025-11-12T20:59:54Z
WXM,0.5879,2025-11-12T20:59:53Z
WY,22.465,2025-11-12T20:59:58Z
WYFI,22.74,2025-11-12T20:59:52Z
WYNN,125.08,2025-11-12T20:59:55Z
WYY,6.9,2025-11-12T20:58:48Z
XAGG,50.17,2025-11-12T20:36:29Z
XAIR,1.46,2025-11-12T20:55:51Z
XAR,236.77,2025-11-12T15:27:01Z
XAUG,37.05,2025-11-12T16:47:53Z
XB,39.38,2025-11-12T15:59:38Z
XBB,41.075,2025-11-12T20:55:01Z
XBI,114.1,2025-11-12T20:59:51Z
XBIL,50.105,2025-11-12T20:55:23Z
XBIO,2.63,2025-11-12T17:45:01Z
XBIT,2.79,2025-11-12T20:58:51Z
XBOC,33.17,2025-11-12T19:53:09Z
XBTY,14.035,2025-11-12T18:27:19Z
XCCC,38.34,2025-11-12T20:59:53Z
XCEM,38.61,2025-11-12T20:55:49Z
XDSQ,40.73,2025-11-12T20:07:36Z
XDTE,44.13,2025-11-12T20:58:50Z
XEL,80.725,2025-11-12T20:59:59Z
XELB,0.994,2025-11-12T20:24:53Z
XELLL,25.05,2025-11-12T20:17:39Z
XEMD,44.48,2025-11-12T20:13:12Z
XENE,39.675,2025-11-12T20:59:54Z
XERS,7.585,2025-11-12T20:59:56Z
XES,79.295,2025-11-12T20:58:18Z
XFIV,49.68,2025-11-12T20:59:46Z
XFIX,52.1,2025-11-12T15:04:31Z
XFLT,4.855,2025-11-12T20:51:40Z
XFOR,3.845,2025-11-12T20:59:57Z
XGN,9.55,2025-11-12T20:59:24Z
XHB,106.02,2025-11-12T20:59:54Z
XHE,84.56,2025-11-12T18:16:21Z
XHLD,0.2674,2025-11-12T20:58:52Z
XHR,13.855,2025-11-12T20:59:52Z
XHYE,38.59,2025-11-12T16:48:44Z
XIFR,9.51,2025-11-12T20:59:37Z
XIJN,30.9,2025-11-12T20:07:41Z
XIMR,31.04,2025-11-12T19:31:34Z
XLB,88.155,2025-11-12T20:59:55Z
XLC,113.55,2025-11-12T20:59:59Z
XLCI,24.81,2025-11-12T16:06:56Z
XLE,90.23,2025-11-12T20:59:54Z
XLF,53.67,2025-11-12T20:59:59Z
XLFI,25.04,2025-11-12T20:33:42Z
XLG,59.67,2025-11-12T20:59:32Z
XLI,154.4,2025-11-12T20:59:58Z
XLK,294.03,2025-11-12T20:59:58Z
XLKI,26.35,2025-11-12T15:24:33Z
XLO,0.7671,2025-11-12T20:59:29Z
XLP,77.305,2025-11-12T20:59:58Z
XLRE,41.375,2025-11-12T20:59:53Z
XLRI,24.53,2025-11-12T19:50:12Z
XLU,89.92,2025-11-12T20:59:59Z
XLUI,25.36,2025-11-12T14:50:47Z
XLV,152.8,2025-11-12T20:59:59Z
XLVI,26.33,2025-11-12T19:07:39Z
XLY,237.91,2025-11-12T20:59:55Z
XMAG,22.55,2025-11-12T14:30:41Z
XMAR,39.485,2025-11-12T20:52:21Z
XME,96.41,2025-11-12T20:59:59Z
XMHQ,103.23,2025-11-12T20:50:09Z
XMMO,137.58,2025-11-12T20:58:04Z
XMTR,65.41,2025-11-12T20:57:59Z
XNCR,14.41,2025-11-12T20:59:50Z
XNET,7.96,2025-11-12T20:59:48Z
XNOV,36.96,2025-11-12T16:41:23Z
XNTK,283.04,2025-11-12T20:50:26Z
XOCT,37.35,2025-11-12T20:24:16Z
XOM,118.14,2025-11-12T20:59:59Z
XOMA,33.67,2025-11-12T19:33:51Z
XOMO,11.85,2025-11-12T20:55:42Z
XOMX,28.14,2025-11-12T19:13:14Z
XONE,49.56,2025-11-12T20:23:47Z
XOP,132.04,2025-11-12T20:59:49Z
XOS,2.52,2025-11-12T20:56:13Z
XOVR,20.75,2025-11-12T20:52:16Z
XP,19.2,2025-11-12T20:59:59Z
XPAY,54.84,2025-11-12T19:40:34Z
XPEL,40.175,2025-11-12T20:55:30Z
XPER,6.59,2025-11-12T20:59:56Z
XPEV,27.24,2025-11-12T20:59:55Z
XPH,50.95,2025-11-12T20:30:11Z
XPL,0.6327,2025-11-12T20:59:25Z
XPO,140.59,2025-11-12T20:59:50Z
XPOF,6.38,2025-11-12T20:59:50Z
XPON,1.275,2025-11-12T20:59:53Z
XPRO,13.695,2025-11-12T20:59:58Z
XRAY,10.85,2025-11-12T20:59:56Z
XRLX,47.055,2025-11-12T20:31:45Z
XRMI,17.865,2025-11-12T20:19:04Z
XRPI,13.88,2025-11-12T20:59:46Z
XRPN,10.25,2025-11-12T15:38:30Z
XRPR,19.415,2025-11-12T20:59:53Z
XRPT,9.045,2025-11-12T20:59:50Z
XRT,81.47,2025-11-12T20:59:54Z
XRTX,0.5685,2025-11-12T20:59:24Z
XRX,2.965,2025-11-12T20:59:59Z
XSD,325.8,2025-11-12T20:23:58Z
XSHD,12.83,2025-11-12T20:38:39Z
XSHQ,42.14,2025-11-12T20:58:56Z
XSLV,46.23,2025-11-12T17:45:31Z
XSMO,72.65,2025-11-12T20:57:44Z
XSOE,39.185,2025-11-12T20:59:46Z
XSVN,48.39,2025-11-12T17:32:43Z
XT,75.125,2025-11-12T20:59:27Z
XTAP,39.99,2025-11-12T17:29:46Z
XTEN,46.92,2025-11-12T19:42:00Z
XTIA,1.52,2025-11-12T20:55:59Z
XTL,144.89,2025-11-12T20:27:20Z
XTN,86.45,2025-11-12T16:35:56Z
XTNT,0.7199,2025-11-12T20:49:46Z
XV,26.61,2025-11-12T14:32:54Z
XWIN,5.63,2025-11-12T20:59:32Z
XXII,1.095,2025-11-12T20:59:31Z
XXRP,18.69,2025-11-12T20:59:45Z
XYF,11.94,2025-11-12T20:59:26Z
XYL,149.84,2025-11-12T20:59:50Z
XYLD,40.065,2025-11-12T20:59:50Z
XYLG,29.45,2025-11-12T16:56:49Z
XYZ,65.75,2025-11-12T20:59:52Z
XYZY,7.44,2025-11-12T20:15:41Z
XZO,18.9,2025-11-12T20:59:30Z
YALA,7.09,2025-11-12T20:59:58Z
YANG,21.415,2025-11-12T20:59:46Z
YB,21.88,2025-11-12T20:52:28Z
YBIT,8.215,2025-11-12T20:59:10Z
YBTC,35.93,2025-11-12T20:50:00Z
YCL,19.72,2025-11-12T20:20:03Z
YCS,49.13,2025-11-12T20:36:33Z
YDDL,3.875,2025-11-12T20:17:12Z
YDES,8.95,2025-11-12T20:53:39Z
YDKG,0.023,2025-11-12T20:54:23Z
YEAR,50.575,2025-11-12T20:59:46Z
YELP,29.73,2025-11-12T20:59:57Z
YETH,20.14,2025-11-12T15:53:44Z
YETI,38.63,2025-11-12T20:59:47Z
YEXT,8.685,2025-11-12T20:59:53Z
YFFI,10.25,2025-11-12T15:37:59Z
YGLD,45.69,2025-11-12T17:57:16Z
YGMZ,1.58,2025-11-12T19:59:03Z
YHC,0.8966,2025-11-12T17:16:49Z
YI,4,2025-11-12T15:52:59Z
YINN,51.58,2025-11-12T20:59:57Z
YJUN,25.34,2025-11-12T20:55:00Z
YLD,19.145,2025-11-12T20:59:51Z
YMAG,14.85,2025-11-12T20:59:10Z
YMAX,11.27,2025-11-12T20:59:50Z
YMM,12.65,2025-11-12T20:59:56Z
YMT,1.46,2025-11-12T17:51:21Z
YORW,31.99,2025-11-12T20:54:51Z
YOU,38.16,2025-11-12T20:59:45Z
YPF,37.9,2025-11-12T20:59:33Z
YRD,5.36,2025-11-12T15:16:19Z
YSEP,25.8,2025-11-12T15:37:54Z
YSG,6.91,2025-11-12T20:58:03Z
YSPY,19.17,2025-11-12T20:24:10Z
YSXT,2.47,2025-11-12T20:49:14Z
YTRA,1.595,2025-11-12T20:27:09Z
YUM,149.39,2025-11-12T20:59:50Z
YUMC,46.265,2025-11-12T20:59:55Z
YYAI,1.305,2025-11-12T20:59:45Z
YYGH,0.2738,2025-11-12T20:28:58Z
YYY,11.695,2025-11-12T20:39:46Z
Z,72,2025-11-12T20:59:52Z
ZALT,32.29,2025-11-12T20:59:50Z
ZAP,30.64,2025-11-12T20:32:53Z
ZAPR,25.54,2025-11-12T20:07:36Z
ZAUG,26.51,2025-11-12T18:56:32Z
ZBH,90.045,2025-11-12T20:59:50Z
ZBIO,36.06,2025-11-12T20:58:38Z
ZBRA,255.66,2025-11-12T20:59:42Z
ZD,32.06,2025-11-12T20:59:45Z
ZDAI,0.3978,2025-11-12T15:36:16Z
ZDGE,2.84,2025-11-12T20:47:31Z
ZECP,34.86,2025-11-12T20:59:46Z
ZENA,4.08,2025-11-12T20:59:51Z
ZENV,1.31,2025-11-12T15:27:36Z
ZEO,1.5,2025-11-12T19:54:11Z
ZEPP,25.485,2025-11-12T20:59:19Z
ZETA,20.47,2025-11-12T20:59:58Z
ZEUS,34.585,2025-11-12T20:57:04Z
ZEXIT,10,2025-11-12T14:30:00Z
ZFEB,25.11,2025-11-12T18:56:32Z
ZG,69.97,2025-11-12T20:59:43Z
ZGM,2.42,2025-11-12T14:59:29Z
ZGN,10.39,2025-11-12T20:59:50Z
ZH,4.125,2025-11-12T20:59:51Z
ZIEXT,1,2025-11-12T14:30:00Z
ZIM,15.705,2025-11-12T20:59:59Z
ZION,52.46,2025-11-12T20:59:45Z
ZIP,4.76,2025-11-12T20:59:55Z
ZJK,2.025,2025-11-12T20:52:30Z
ZJUL,28.86,2025-11-12T14:38:59Z
ZJYL,0.2657,2025-11-12T20:59:53Z
ZK,27.81,2025-11-12T20:59:41Z
ZKH,2.96,2025-11-12T20:59:57Z
ZLAB,21.9,2025-11-12T20:59:54Z
ZM,84.69,2025-11-12T20:59:57Z
ZNB,1.095,2025-11-12T20:59:50Z
ZNOV,26.57,2025-11-12T20:30:38Z
ZNTL,1.35,2025-11-12T20:59:55Z
ZOCT,26.67,2025-11-12T20:07:36Z
ZONE,0.4665,2025-11-12T20:57:26Z
ZOOZ,0.588,2025-11-12T20:55:30Z
ZROZ,68.65,2025-11-12T20:59:49Z
ZS,317.09,2025-11-12T20:59:46Z
ZSL,10.915,2025-11-12T20:57:45Z
ZSPC,0.7719,2025-11-12T20:59:54Z
ZTEK,0.783,2025-11-12T15:58:12Z
ZTO,19.34,2025-11-12T20:59:56Z
ZTR,6.58,2025-11-12T20:49:11Z
ZTS,121.26,2025-11-12T20:59:57Z
ZUMZ,23.06,2025-11-12T19:10:31Z
ZURA,4.655,2025-11-12T20:59:44Z
ZVIA,2.725,2025-11-12T20:59:50Z
ZVOL,11.08,2025-11-12T16:31:34Z
ZVRA,9.42,2025-11-12T20:59:50Z
ZWS,47.48,2025-11-12T20:59:40Z
ZXIET,100,2025-11-12T14:30:00Z
ZYBT,2.16,2025-11-12T20:52:45Z
ZYME,19.355,2025-11-12T20:59:55Z
