symbol,close,last_trade_utc
A,117.52,2026-04-13T19:59:38Z
AA,73.32,2026-04-13T19:59:56Z
AAAA,28.09,2026-04-13T19:53:47Z
AAAU,46.76,2026-04-13T19:59:12Z
AACPU,10.045,2026-04-13T19:56:37Z
AAL,11.225,2026-04-13T19:59:58Z
AALG,8.51,2026-04-13T19:18:27Z
AAMI,63.35,2026-04-13T19:59:39Z
AAOI,153.3,2026-04-13T19:59:45Z
AAON,93.53,2026-04-13T19:59:44Z
AAOX,55.74,2026-04-13T19:18:00Z
AAP,56.34,2026-04-13T19:59:50Z
AAPB,28.04,2026-04-13T19:52:29Z
AAPD,13.68,2026-04-13T19:59:44Z
AAPG,26.36,2026-04-13T19:12:36Z
AAPL,259.13,2026-04-13T19:59:59Z
AAPU,29.155,2026-04-13T19:59:10Z
AAPX,26.23,2026-04-13T19:32:03Z
AARD,3.98,2026-04-13T19:59:57Z
AAT,19.63,2026-04-13T19:59:50Z
AAUC,31.63,2026-04-13T19:59:21Z
AAXJ,103.48,2026-04-13T19:59:55Z
AB,38.67,2026-04-13T19:58:35Z
ABAT,2.93,2026-04-13T19:59:53Z
ABBV,206.47,2026-04-13T19:59:54Z
ABCB,83.44,2026-04-13T19:59:58Z
ABCL,3.665,2026-04-13T19:59:57Z
ABCS,31,2026-04-13T18:48:37Z
ABEO,5.08,2026-04-13T19:59:51Z
ABEQ,38.14,2026-04-13T17:52:26Z
ABEV,3.165,2026-04-13T19:59:52Z
ABFL,75.46,2026-04-13T19:59:51Z
ABG,205.455,2026-04-13T19:59:01Z
ABIG,30.88,2026-04-13T17:15:38Z
ABM,39.53,2026-04-13T19:59:56Z
ABNB,130.27,2026-04-13T19:59:59Z
ABNY,41.35,2026-04-13T18:57:00Z
ABOS,2.515,2026-04-13T19:59:34Z
ABR,7.7,2026-04-13T19:59:55Z
ABSI,3.05,2026-04-13T19:59:58Z
ABT,100.67,2026-04-13T19:59:54Z
ABTC,0.9873,2026-04-13T19:59:29Z
ABUS,4.36,2026-04-13T19:59:58Z
ABVC,1.415,2026-04-13T15:00:51Z
ABVE,0.8232,2026-04-13T19:59:41Z
ABVX,121.485,2026-04-13T19:59:31Z
ABX,8.57,2026-04-13T19:58:55Z
ACA,114.2,2026-04-13T19:59:43Z
ACAD,21.45,2026-04-13T19:59:59Z
ACB,3.5,2026-04-13T19:59:46Z
ACCO,2.96,2026-04-13T19:59:55Z
ACCS,7.995,2026-04-13T17:50:52Z
ACDC,5.985,2026-04-13T19:59:56Z
ACEL,11.675,2026-04-13T19:59:57Z
ACES,34.09,2026-04-13T19:58:59Z
ACET,6.39,2026-04-13T19:58:51Z
ACGCU,9.94,2026-04-13T15:47:42Z
ACGL,97.13,2026-04-13T19:59:57Z
ACGLN,17.34,2026-04-13T19:05:56Z
ACGLO,20.33,2026-04-13T19:41:59Z
ACH,3.07,2026-04-13T19:59:53Z
ACHC,26.565,2026-04-13T19:59:59Z
ACHR,5.45,2026-04-13T19:59:57Z
ACHV,3.565,2026-04-13T19:59:51Z
ACI,16.85,2026-04-13T19:59:56Z
ACIC,11.465,2026-04-13T19:59:53Z
ACII,25.495,2026-04-13T19:18:35Z
ACIO,43.585,2026-04-13T19:56:05Z
ACIU,3.305,2026-04-13T19:59:46Z
ACIW,41.23,2026-04-13T19:59:50Z
ACKY,18.51,2026-04-13T19:59:46Z
ACLS,110.715,2026-04-13T19:59:02Z
ACLX,114.85,2026-04-13T19:59:50Z
ACM,85.26,2026-04-13T19:59:48Z
ACMR,49.55,2026-04-13T19:59:37Z
ACN,191.94,2026-04-13T19:59:50Z
ACNB,51.355,2026-04-13T19:59:20Z
ACNT,13.69,2026-04-13T19:56:30Z
ACON,3.19,2026-04-13T19:59:38Z
ACP,5.28,2026-04-13T19:59:57Z
ACRE,5.095,2026-04-13T19:59:56Z
ACRS,3.905,2026-04-13T19:59:51Z
ACRV,1.62,2026-04-13T19:59:41Z
ACT,42.175,2026-04-13T19:59:53Z
ACTG,5,2026-04-13T19:59:40Z
ACTU,1.81,2026-04-13T19:49:09Z
ACU,46.055,2026-04-13T19:58:17Z
ACV,25.13,2026-04-13T19:44:39Z
ACVA,4.52,2026-04-13T19:59:58Z
ACWI,146.42,2026-04-13T19:59:55Z
ACWV,120.59,2026-04-13T19:59:35Z
ACWX,72.775,2026-04-13T19:59:51Z
ACXP,2.96,2026-04-13T19:59:46Z
ACYN,20.765,2026-04-13T19:28:21Z
AD,48.49,2026-04-13T19:58:37Z
ADAG,3.845,2026-04-13T19:59:45Z
ADAM,7.65,2026-04-13T19:59:54Z
ADAMG,24.82,2026-04-13T19:09:11Z
ADAMH,25.2,2026-04-13T15:14:24Z
ADAMI,24.99,2026-04-13T18:17:02Z
ADAMM,24.96,2026-04-13T15:05:37Z
ADAMO,24.41,2026-04-13T19:59:53Z
ADAMZ,18.01,2026-04-13T18:46:00Z
ADBE,240.09,2026-04-13T19:59:58Z
ADBG,4.43,2026-04-13T19:59:51Z
ADC,77.53,2026-04-13T19:59:49Z
ADC-A,16.95,2026-04-13T13:39:05Z
ADCT,3.825,2026-04-13T19:59:52Z
ADEA,26.75,2026-04-13T19:59:54Z
ADFI,8.54,2026-04-13T19:50:46Z
ADGM,1.295,2026-04-13T14:10:46Z
ADI,349.96,2026-04-13T19:59:48Z
ADIL,1.58,2026-04-13T19:50:01Z
ADM,69.81,2026-04-13T19:59:54Z
ADMA,10.37,2026-04-13T19:59:59Z
ADNT,20.65,2026-04-13T19:59:59Z
ADP,195.34,2026-04-13T19:59:57Z
ADPT,14.13,2026-04-13T19:59:59Z
ADSE,11.62,2026-04-13T19:59:29Z
ADSK,227.13,2026-04-13T19:59:58Z
ADT,6.88,2026-04-13T19:59:59Z
ADTN,14.97,2026-04-13T19:59:55Z
ADTX,0.4475,2026-04-13T19:56:59Z
ADUR,11.025,2026-04-13T19:59:14Z
ADUS,95.1,2026-04-13T19:59:13Z
ADV,29.15,2026-04-13T19:59:46Z
ADVE,44.15,2026-04-13T19:58:15Z
ADX,23.65,2026-04-13T19:59:37Z
AEBI,12.2,2026-04-13T19:59:53Z
AEC,5.545,2026-04-13T19:59:57Z
AEE,111.79,2026-04-13T19:59:57Z
AEF,8.22,2026-04-13T19:50:02Z
AEFC,19.47,2026-04-13T19:51:50Z
AEG,7.995,2026-04-13T19:59:52Z
AEHL,0.8599,2026-04-13T15:42:50Z
AEHR,71.685,2026-04-13T19:59:55Z
AEIS,378.755,2026-04-13T19:57:43Z
AEM,217.44,2026-04-13T19:59:50Z
AEMD,2.23,2026-04-13T19:47:50Z
AENT,6.99,2026-04-13T18:43:11Z
AEO,18.08,2026-04-13T19:59:59Z
AEP,134.47,2026-04-13T19:59:54Z
AER,148.55,2026-04-13T19:59:56Z
AERO,15.255,2026-04-13T19:59:43Z
AERT,0.6034,2026-04-13T19:58:04Z
AES,14.4,2026-04-13T19:59:59Z
AESI,11.7,2026-04-13T19:59:54Z
AEVA,13.6,2026-04-13T19:59:54Z
AEXA,11.1,2026-04-13T18:54:13Z
AEYE,6.355,2026-04-13T19:31:13Z
AFB,10.885,2026-04-13T18:48:07Z
AFBI,22.365,2026-04-13T15:35:03Z
AFCG,2.535,2026-04-13T19:59:03Z
AFG,132.19,2026-04-13T19:59:54Z
AFGB,21.05,2026-04-13T18:24:50Z
AFGD,20.26,2026-04-13T14:54:45Z
AFIF,9.395,2026-04-13T19:59:45Z
AFK,27.685,2026-04-13T19:35:53Z
AFL,112.16,2026-04-13T19:59:49Z
AFLG,40.6,2026-04-13T19:59:50Z
AFOS,39.74,2026-04-13T19:59:47Z
AFRI,9.89,2026-04-13T18:13:51Z
AFRM,51.945,2026-04-13T19:59:54Z
AFRU,5.97,2026-04-13T18:48:58Z
AFSM,34.73,2026-04-13T16:11:14Z
AFYA,15.65,2026-04-13T19:58:58Z
AG,20.78,2026-04-13T19:59:59Z
AGAE,0.2877,2026-04-13T19:58:07Z
AGBK,7.47,2026-04-13T19:59:45Z
AGCC,15.07,2026-04-13T19:58:23Z
AGCO,121.32,2026-04-13T19:59:50Z
AGD,11.63,2026-04-13T19:56:44Z
AGEM,43.61,2026-04-13T18:44:59Z
AGEN,4.16,2026-04-13T19:59:53Z
AGG,99.52,2026-04-13T19:59:59Z
AGGH,20.475,2026-04-13T19:59:46Z
AGGY,43.77,2026-04-13T19:50:46Z
AGH,3.435,2026-04-13T19:59:04Z
AGI,48.195,2026-04-13T19:59:55Z
AGIG,1.115,2026-04-13T19:58:49Z
AGIO,33.145,2026-04-13T19:59:50Z
AGIX,35.88,2026-04-13T19:59:59Z
AGL,21.7,2026-04-13T19:59:11Z
AGM,160.08,2026-04-13T19:03:57Z
AGMB,10.43,2026-04-13T19:59:20Z
AGNC,10.525,2026-04-13T19:59:55Z
AGNCL,24.16,2026-04-13T16:21:24Z
AGNCN,25.27,2026-04-13T15:22:25Z
AGNCO,25.01,2026-04-13T19:34:11Z
AGNCP,24.36,2026-04-13T18:58:55Z
AGNCZ,25.085,2026-04-13T19:56:14Z
AGNG,36.11,2026-04-13T14:49:00Z
AGO,82.19,2026-04-13T19:48:55Z
AGPU,3.46,2026-04-13T19:59:43Z
AGQ,119.44,2026-04-13T19:59:00Z
AGQI,17.53,2026-04-13T19:19:03Z
AGRO,14.265,2026-04-13T19:59:59Z
AGRZ,0.4025,2026-04-13T19:57:28Z
AGX,596.26,2026-04-13T19:56:05Z
AGYS,65.115,2026-04-13T19:59:43Z
AGZ,110,2026-04-13T18:43:53Z
AGZD,22.56,2026-04-13T19:58:30Z
AHCO,12.315,2026-04-13T19:59:51Z
AHG,2.36,2026-04-13T17:50:19Z
AHLT,28.415,2026-04-13T19:59:45Z
AHMA,0.8113,2026-04-13T19:04:00Z
AHR,48.15,2026-04-13T19:59:51Z
AHRT,5.68,2026-04-13T19:59:52Z
AHT,2.72,2026-04-13T19:05:47Z
AHT-F,6.84,2026-04-13T18:29:10Z
AI,8.46,2026-04-13T19:59:56Z
AIA,115.45,2026-04-13T19:57:19Z
AIB,1.66,2026-04-13T19:59:54Z
AIBD,8.21,2026-04-13T19:33:53Z
AIBU,43.28,2026-04-13T17:42:43Z
AIDX,1.87,2026-04-13T17:39:21Z
AIEQ,45.44,2026-04-13T18:33:33Z
AIFD,43.03,2026-04-13T17:37:48Z
AIFF,1.585,2026-04-13T19:58:46Z
AIFU,1.195,2026-04-13T13:37:33Z
AIG,77.84,2026-04-13T19:59:59Z
AII,18.58,2026-04-13T19:58:18Z
AIIO,0.6769,2026-04-13T19:14:12Z
AIM,0.5391,2026-04-13T19:54:05Z
AIN,57.715,2026-04-13T19:58:40Z
AIO,23.3,2026-04-13T19:17:32Z
AIOS,0.5642,2026-04-13T19:01:06Z
AIOT,3.035,2026-04-13T19:59:27Z
AIP,19.83,2026-04-13T19:59:47Z
AIPI,34.49,2026-04-13T19:39:16Z
AIPO,28.04,2026-04-13T19:59:31Z
AIQ,50.58,2026-04-13T19:59:46Z
AIR,123.7,2026-04-13T19:58:49Z
AIRE,0.2691,2026-04-13T19:54:03Z
AIRG,6.14,2026-04-13T19:41:57Z
AIRI,3.16,2026-04-13T19:55:52Z
AIRJ,2.99,2026-04-13T19:59:41Z
AIRO,7.86,2026-04-13T19:59:59Z
AIRR,121.86,2026-04-13T19:59:50Z
AIRS,2.68,2026-04-13T19:59:57Z
AIS,50.27,2026-04-13T19:59:39Z
AISP,2.215,2026-04-13T19:59:15Z
AIT,293.23,2026-04-13T19:59:53Z
AIV,4.09,2026-04-13T19:59:57Z
AIXC,1.33,2026-04-13T16:41:42Z
AIXI,1.28,2026-04-13T19:59:52Z
AIYY,9.31,2026-04-13T13:44:46Z
AIZ,222.43,2026-04-13T19:59:51Z
AIZN,19.94,2026-04-13T19:58:56Z
AJG,222.5,2026-04-13T19:59:57Z
AKAM,94.905,2026-04-13T19:59:50Z
AKBA,1.46,2026-04-13T19:59:58Z
AKR,20.77,2026-04-13T19:59:52Z
AKRE,53.32,2026-04-13T19:55:16Z
AKTS,17.38,2026-04-13T19:59:33Z
ALAB,166.815,2026-04-13T19:59:59Z
ALAI,36.83,2026-04-13T19:23:44Z
ALAR,6.09,2026-04-13T15:33:29Z
ALB,185.39,2026-04-13T19:59:59Z
ALBG,14.49,2026-04-13T13:30:11Z
ALBT,0.425,2026-04-13T19:58:56Z
ALC,79.745,2026-04-13T19:59:56Z
ALCO,43.56,2026-04-13T19:54:25Z
ALDX,1.8,2026-04-13T19:59:57Z
ALEC,2.32,2026-04-13T19:59:54Z
ALG,176.3,2026-04-13T19:59:41Z
ALGM,38.06,2026-04-13T19:59:56Z
ALGN,180.755,2026-04-13T19:59:46Z
ALGS,8.69,2026-04-13T19:59:50Z
ALGT,84.99,2026-04-13T19:54:40Z
ALH,24.89,2026-04-13T19:59:53Z
ALHC,20.98,2026-04-13T19:59:59Z
ALIL,29.95,2026-04-13T19:54:34Z
ALIT,0.6167,2026-04-13T19:59:50Z
ALK,39.99,2026-04-13T19:59:52Z
ALKS,33.74,2026-04-13T19:59:58Z
ALKT,16.35,2026-04-13T19:59:47Z
ALL,215.14,2026-04-13T19:59:52Z
ALL-B,25.79,2026-04-13T17:48:43Z
ALL-H,20.6,2026-04-13T18:06:01Z
ALL-I,19.15,2026-04-13T19:41:00Z
ALL-J,25.81,2026-04-13T17:01:38Z
ALLE,147.105,2026-04-13T19:59:46Z
ALLO,3.05,2026-04-13T19:59:57Z
ALLR,1.18,2026-04-13T18:38:36Z
ALLT,6.94,2026-04-13T19:59:52Z
ALLW,29.57,2026-04-13T19:59:50Z
ALLY,41.935,2026-04-13T19:59:51Z
ALM,20.625,2026-04-13T19:59:56Z
ALMS,22.52,2026-04-13T19:59:51Z
ALMU,15.36,2026-04-13T19:59:50Z
ALNT,70.2,2026-04-13T19:55:02Z
ALNY,333.01,2026-04-13T19:59:59Z
ALOT,11.67,2026-04-13T19:59:25Z
ALOY,12.86,2026-04-13T19:59:53Z
ALPS,0.964,2026-04-13T19:59:50Z
ALRM,43.42,2026-04-13T19:59:40Z
ALRS,24.99,2026-04-13T19:59:18Z
ALSN,129.56,2026-04-13T19:59:48Z
ALT,3.22,2026-04-13T19:59:56Z
ALTG,6.24,2026-04-13T19:59:53Z
ALTG-A,25.3,2026-04-13T16:13:58Z
ALTI,3.89,2026-04-13T19:57:09Z
ALTL,44.48,2026-04-13T19:54:51Z
ALTO,5.11,2026-04-13T19:59:33Z
ALTS,0.9168,2026-04-13T19:59:58Z
ALTY,12.22,2026-04-13T15:48:00Z
ALV,110.36,2026-04-13T19:59:31Z
ALVO,3.71,2026-04-13T19:59:42Z
ALX,243.955,2026-04-13T18:36:16Z
ALXO,1.745,2026-04-13T19:59:47Z
AM,21.63,2026-04-13T19:59:58Z
AMAL,41.62,2026-04-13T19:59:17Z
AMAT,395.74,2026-04-13T19:59:58Z
AMAX,7.85,2026-04-13T15:07:09Z
AMBA,54.31,2026-04-13T19:59:57Z
AMBP,4.15,2026-04-13T19:59:55Z
AMBQ,29.48,2026-04-13T19:59:45Z
AMBR,2.23,2026-04-13T16:41:54Z
AMC,1.44,2026-04-13T19:59:56Z
AMCI,6.7,2026-04-13T19:59:54Z
AMCR,40.97,2026-04-13T19:59:50Z
AMCX,7.56,2026-04-13T19:59:51Z
AMD,246.8,2026-04-13T19:59:59Z
AMDD,7.35,2026-04-13T19:59:59Z
AMDG,29.79,2026-04-13T16:35:52Z
AMDL,17.825,2026-04-13T19:59:44Z
AMDW,49.49,2026-04-13T16:06:10Z
AMDY,35.39,2026-04-13T19:59:47Z
AME,234.18,2026-04-13T19:59:21Z
AMG,291.11,2026-04-13T19:59:59Z
AMGN,349.83,2026-04-13T19:59:55Z
AMH,29.75,2026-04-13T19:59:59Z
AMH-G,22.68,2026-04-13T16:06:24Z
AMJB,34.22,2026-04-13T19:59:51Z
AMKR,60.5,2026-04-13T19:59:56Z
AMLP,52.02,2026-04-13T19:59:56Z
AMLX,16.46,2026-04-13T19:59:52Z
AMN,18.59,2026-04-13T19:59:55Z
AMOD,0.36,2026-04-13T19:36:16Z
AMP,454.98,2026-04-13T19:59:56Z
AMPG,2.025,2026-04-13T19:59:52Z
AMPGZ,0.0935,2026-04-13T14:28:30Z
AMPH,21.315,2026-04-13T19:59:00Z
AMPL,5.94,2026-04-13T19:59:55Z
AMPX,18.37,2026-04-13T19:59:59Z
AMPX+,7.9,2026-04-13T14:00:39Z
AMPY,5.895,2026-04-13T19:59:48Z
AMR,193.38,2026-04-13T19:58:00Z
AMRC,24.79,2026-04-13T19:59:21Z
AMRX,12.865,2026-04-13T19:59:49Z
AMRZ,59.25,2026-04-13T19:59:52Z
AMSC,37.84,2026-04-13T19:59:55Z
AMSF,33.655,2026-04-13T19:56:33Z
AMST,1.72,2026-04-13T13:49:57Z
AMT,181.08,2026-04-13T19:59:54Z
AMTB,23.905,2026-04-13T19:59:49Z
AMTM,27.56,2026-04-13T19:59:23Z
AMTX,2.46,2026-04-13T19:59:52Z
AMUU,61.47,2026-04-13T16:39:59Z
AMWD,42.235,2026-04-13T19:59:45Z
AMWL,5.47,2026-04-13T19:48:17Z
AMX,26.585,2026-04-13T19:59:45Z
AMYY,15.75,2026-04-13T18:44:55Z
AMZA,45.03,2026-04-13T16:51:04Z
AMZD,9.525,2026-04-13T19:59:46Z
AMZE,0.18,2026-04-13T19:59:33Z
AMZN,239.95,2026-04-13T19:59:58Z
AMZU,35.32,2026-04-13T19:59:53Z
AMZW,39.22,2026-04-13T17:42:04Z
AMZY,12.115,2026-04-13T19:57:50Z
AMZZ,32.29,2026-04-13T19:57:40Z
AN,202.665,2026-04-13T19:55:14Z
ANAB,68.775,2026-04-13T19:59:32Z
ANDE,74.07,2026-04-13T19:59:46Z
ANDG,29.205,2026-04-13T19:58:04Z
ANET,152.06,2026-04-13T19:59:50Z
ANF,93.165,2026-04-13T19:59:26Z
ANGI,7.39,2026-04-13T19:59:45Z
ANGL,29.23,2026-04-13T19:59:56Z
ANGO,10.24,2026-04-13T19:59:46Z
ANGX,2.18,2026-04-13T19:59:56Z
ANIK,14.88,2026-04-13T19:59:53Z
ANIP,78.42,2026-04-13T19:59:47Z
ANIX,2.84,2026-04-13T19:59:22Z
ANL,12.12,2026-04-13T19:59:43Z
ANNA,5.12,2026-04-13T19:59:57Z
ANNAW,0.51,2026-04-13T19:22:31Z
ANNX,5.8,2026-04-13T19:59:56Z
ANPA,8.5,2026-04-13T14:08:50Z
ANRO,25.8,2026-04-13T19:59:58Z
ANTX,3,2026-04-13T19:59:40Z
ANVS,1.66,2026-04-13T19:59:57Z
ANY,1.46,2026-04-13T19:59:10Z
AOA,92.275,2026-04-13T19:59:46Z
AOCT,26.8,2026-04-13T19:28:26Z
AOD,9.925,2026-04-13T19:59:55Z
AOHY,11.07,2026-04-13T19:59:49Z
AOK,40.575,2026-04-13T18:50:39Z
AOM,48.275,2026-04-13T19:46:00Z
AOMN,25.56,2026-04-13T16:19:22Z
AOMR,8.8,2026-04-13T19:34:53Z
AON,325.45,2026-04-13T19:59:59Z
AOR,66.43,2026-04-13T19:59:40Z
AORT,38.39,2026-04-13T19:58:00Z
AOS,67.19,2026-04-13T19:59:51Z
AOSL,27.4,2026-04-13T19:59:57Z
AOUT,9.225,2026-04-13T19:59:26Z
AP,8.78,2026-04-13T19:59:53Z
APA,39.48,2026-04-13T19:59:57Z
APAD,10.26,2026-04-13T19:55:25Z
APADR,0.6,2026-04-13T15:35:55Z
APAM,36.88,2026-04-13T19:59:59Z
APC,18.55,2026-04-13T19:53:08Z
APCB,29.565,2026-04-13T19:55:08Z
APD,298.52,2026-04-13T19:59:56Z
APEI,57.19,2026-04-13T19:59:50Z
APG,44.805,2026-04-13T19:59:52Z
APGE,86.65,2026-04-13T19:59:34Z
APH,145.27,2026-04-13T19:59:55Z
API,3.76,2026-04-13T19:59:50Z
APLD,27.6,2026-04-13T19:59:59Z
APLE,12.51,2026-04-13T19:59:57Z
APLS,40.835,2026-04-13T19:59:56Z
APLU,24.835,2026-04-13T16:29:06Z
APLX,14.36,2026-04-13T19:59:59Z
APLY,11.72,2026-04-13T19:59:59Z
APLZ,14.26,2026-04-13T19:18:25Z
APM,0.875,2026-04-13T18:13:11Z
APMU,25.03,2026-04-13T19:56:00Z
APO,109.965,2026-04-13T19:59:49Z
APOC,25.935,2026-04-13T15:53:50Z
APOG,36.24,2026-04-13T19:58:47Z
APP,417.38,2026-04-13T19:59:59Z
APPF,148.47,2026-04-13T19:59:59Z
APPN,21.19,2026-04-13T19:59:34Z
APPS,2.92,2026-04-13T19:59:54Z
APPX,29.47,2026-04-13T19:55:00Z
APRE,0.8602,2026-04-13T17:57:22Z
APRH,24.98,2026-04-13T19:59:12Z
APRW,36.02,2026-04-13T16:21:34Z
APT,4.55,2026-04-13T14:19:55Z
APTV,59.31,2026-04-13T19:59:48Z
APUE,42.025,2026-04-13T18:18:46Z
APVO,4.65,2026-04-13T19:48:27Z
APYX,3.875,2026-04-13T18:56:09Z
AQLT,29.09,2026-04-13T16:00:38Z
AQMS,3.91,2026-04-13T17:49:12Z
AQN,6.29,2026-04-13T19:59:59Z
AQST,4.195,2026-04-13T19:59:27Z
AQWA,19.81,2026-04-13T13:47:28Z
AR,37.2,2026-04-13T19:59:55Z
ARAI,0.8732,2026-04-13T19:59:54Z
ARAY,0.4159,2026-04-13T19:59:05Z
ARBE,0.6775,2026-04-13T19:58:53Z
ARCB,107.81,2026-04-13T19:39:30Z
ARCC,18.2,2026-04-13T19:59:54Z
ARCO,8.63,2026-04-13T19:59:58Z
ARCT,8.465,2026-04-13T19:59:45Z
ARCX,16.1,2026-04-13T16:20:04Z
ARDC,12.33,2026-04-13T19:53:55Z
ARDT,9.27,2026-04-13T19:59:57Z
ARDX,6.32,2026-04-13T19:59:59Z
ARE,43.73,2026-04-13T19:59:49Z
AREC,2.15,2026-04-13T19:59:58Z
AREN,1.98,2026-04-13T19:59:55Z
ARES,106.72,2026-04-13T19:59:57Z
ARES-B,35.32,2026-04-13T15:48:01Z
ARGT,94.83,2026-04-13T19:58:48Z
ARGX,809.805,2026-04-13T19:59:53Z
ARHS,6.86,2026-04-13T19:59:59Z
ARI,11.085,2026-04-13T19:59:52Z
ARIS,20.76,2026-04-13T19:59:30Z
ARKB,24.38,2026-04-13T19:54:12Z
ARKF,39.435,2026-04-13T19:14:00Z
ARKG,27.92,2026-04-13T19:59:58Z
ARKK,71.965,2026-04-13T19:59:58Z
ARKO,5.58,2026-04-13T19:59:56Z
ARKQ,121.48,2026-04-13T19:57:57Z
ARKW,127.1,2026-04-13T19:54:55Z
ARKX,32.035,2026-04-13T19:59:59Z
ARLO,13.725,2026-04-13T19:59:50Z
ARLP,26.41,2026-04-13T19:58:00Z
ARM,157.74,2026-04-13T19:59:55Z
ARMG,10.46,2026-04-13T19:59:59Z
ARMK,43.38,2026-04-13T19:59:49Z
ARMP,11.675,2026-04-13T18:27:00Z
ARMW,33.38,2026-04-13T15:59:13Z
AROC,36.48,2026-04-13T19:59:44Z
AROW,36.45,2026-04-13T19:41:00Z
ARQ,2.115,2026-04-13T19:59:55Z
ARQQ,13.25,2026-04-13T19:59:36Z
ARQT,24.1,2026-04-13T19:59:59Z
ARR,17.57,2026-04-13T19:59:59Z
ARR-C,21.03,2026-04-13T15:06:53Z
ARRY,7.01,2026-04-13T19:59:55Z
ARTL,5.69,2026-04-13T13:52:35Z
ARTNA,32.47,2026-04-13T19:55:23Z
ARTV,7.16,2026-04-13T19:59:51Z
ARTW,2.28,2026-04-13T15:26:48Z
ARTY,54.06,2026-04-13T19:35:01Z
ARVN,10.57,2026-04-13T19:59:55Z
ARW,175.08,2026-04-13T19:59:47Z
ARWR,63.815,2026-04-13T19:59:53Z
ARX,12.8,2026-04-13T19:59:55Z
AS,35.25,2026-04-13T19:59:57Z
ASA,68.07,2026-04-13T19:58:04Z
ASAN,5.79,2026-04-13T19:59:59Z
ASB,27.85,2026-04-13T19:59:59Z
ASB-E,20.74,2026-04-13T17:33:35Z
ASBP,1.14,2026-04-13T19:58:00Z
ASC,15.715,2026-04-13T19:59:53Z
ASEA,19.74,2026-04-13T14:07:21Z
ASG,5.14,2026-04-13T19:58:22Z
ASGI,24.55,2026-04-13T19:59:27Z
ASGN,37.75,2026-04-13T19:59:49Z
ASH,56.525,2026-04-13T19:59:28Z
ASHR,34.13,2026-04-13T19:59:59Z
ASHS,42.4,2026-04-13T16:43:57Z
ASIC,20.65,2026-04-13T19:52:11Z
ASIX,23.905,2026-04-13T19:59:50Z
ASLE,6.73,2026-04-13T19:59:40Z
ASM,6.93,2026-04-13T19:59:57Z
ASMB,29.4,2026-04-13T19:58:29Z
ASMG,40.21,2026-04-13T19:48:51Z
ASML,1499.96,2026-04-13T19:59:46Z
ASMU,26.56,2026-04-13T19:59:46Z
ASND,248.29,2026-04-13T19:59:32Z
ASO,57.16,2026-04-13T19:59:53Z
ASPI,5.07,2026-04-13T19:59:58Z
ASPN,3.53,2026-04-13T19:59:56Z
ASR,342.39,2026-04-13T18:43:25Z
ASRT,18.035,2026-04-13T19:59:37Z
ASRV,3.795,2026-04-13T19:19:49Z
ASST,11.6,2026-04-13T19:59:51Z
ASTC,3.605,2026-04-13T16:22:40Z
ASTE,61.105,2026-04-13T19:59:41Z
ASTH,28.9,2026-04-13T19:59:40Z
ASTI,4.1,2026-04-13T19:59:10Z
ASTL,5.005,2026-04-13T19:59:46Z
ASTN,9.91,2026-04-13T19:59:48Z
ASTS,99.015,2026-04-13T19:59:57Z
ASTX,50.69,2026-04-13T19:59:57Z
ASUR,8.9,2026-04-13T19:44:33Z
ASX,26.555,2026-04-13T19:59:59Z
ASYS,16.7,2026-04-13T19:59:43Z
ATAI,3.785,2026-04-13T19:59:54Z
ATAT,36.97,2026-04-13T19:59:48Z
ATCH,0.2424,2026-04-13T19:58:12Z
ATCL,24.87,2026-04-13T18:17:45Z
ATCX,5.55,2026-04-13T18:31:31Z
ATEC,11.245,2026-04-13T19:59:58Z
ATEN,24.93,2026-04-13T19:59:59Z
ATER,0.6746,2026-04-13T15:58:07Z
ATEX,35.86,2026-04-13T19:49:28Z
ATH-A,23.85,2026-04-13T18:00:08Z
ATH-D,16.56,2026-04-13T17:55:27Z
ATH-E,24.75,2026-04-13T19:43:05Z
ATHE,3.56,2026-04-13T18:31:21Z
ATHM,17.85,2026-04-13T19:59:59Z
ATHS,24.65,2026-04-13T18:58:05Z
ATI,163.74,2026-04-13T19:59:45Z
ATKR,68.605,2026-04-13T19:58:33Z
ATLC,67,2026-04-13T19:50:16Z
ATLCZ,25.28,2026-04-13T18:52:40Z
ATLN,2.74,2026-04-13T17:49:01Z
ATLO,29.035,2026-04-13T19:58:06Z
ATLX,4.5,2026-04-13T19:59:50Z
ATMP,33.62,2026-04-13T19:59:45Z
ATMU,63.43,2026-04-13T19:59:59Z
ATNI,26.88,2026-04-13T19:59:38Z
ATNM,1.105,2026-04-13T19:59:40Z
ATO,187.74,2026-04-13T19:59:30Z
ATOM,5.435,2026-04-13T19:59:56Z
ATON,0.322,2026-04-13T19:54:12Z
ATOS,5.3,2026-04-13T19:59:08Z
ATR,132.185,2026-04-13T19:59:22Z
ATRA,4.86,2026-04-13T19:26:45Z
ATRC,28.67,2026-04-13T19:59:55Z
ATRO,74.32,2026-04-13T19:59:45Z
ATS,31.53,2026-04-13T19:58:00Z
ATYR,0.8102,2026-04-13T19:59:48Z
AU,109.1,2026-04-13T19:59:50Z
AUAU,41.93,2026-04-13T15:05:58Z
AUB,38.34,2026-04-13T19:59:54Z
AUDC,8.9,2026-04-13T19:59:30Z
AUGO,103.95,2026-04-13T19:59:56Z
AUGW,32.86,2026-04-13T14:36:26Z
AUID,1.05,2026-04-13T19:59:45Z
AUMI,105.39,2026-04-13T17:25:55Z
AUNA,5.76,2026-04-13T19:49:59Z
AUPH,16.05,2026-04-13T19:58:52Z
AUR,4.34,2026-04-13T19:59:59Z
AURA,6.9,2026-04-13T19:59:49Z
AURE,2.5,2026-04-13T13:47:51Z
AUSF,48.92,2026-04-13T18:27:41Z
AUST,1.46,2026-04-13T19:57:58Z
AUTL,1.48,2026-04-13T19:59:59Z
AUUD,3.965,2026-04-13T19:56:08Z
AVA,41.295,2026-04-13T19:59:52Z
AVAH,6.44,2026-04-13T19:59:55Z
AVAL,4.57,2026-04-13T19:34:24Z
AVAV,194.35,2026-04-13T19:59:58Z
AVB,169.45,2026-04-13T19:59:33Z
AVBC,20.46,2026-04-13T19:51:05Z
AVBH,29.69,2026-04-13T19:58:20Z
AVBP,26.82,2026-04-13T19:59:39Z
AVD,2.535,2026-04-13T19:58:20Z
AVDE,90.035,2026-04-13T19:56:49Z
AVDV,106.06,2026-04-13T19:58:05Z
AVEM,86.75,2026-04-13T19:59:56Z
AVES,63.89,2026-04-13T19:47:14Z
AVGE,92.81,2026-04-13T19:58:05Z
AVGG,29.63,2026-04-13T16:48:17Z
AVGO,379.68,2026-04-13T19:59:58Z
AVGU,38.405,2026-04-13T19:00:42Z
AVGV,80.965,2026-04-13T17:48:42Z
AVGW,44.1,2026-04-13T13:49:06Z
AVGX,52.1,2026-04-13T19:56:59Z
AVIG,41.7,2026-04-13T19:59:50Z
AVIR,5.7,2026-04-13T19:59:46Z
AVIV,78.555,2026-04-13T17:59:54Z
AVK,12.33,2026-04-13T19:59:17Z
AVL,49.08,2026-04-13T19:56:57Z
AVLC,81.53,2026-04-13T19:48:14Z
AVLV,83.96,2026-04-13T19:59:51Z
AVMU,46.15,2026-04-13T18:04:20Z
AVMV,76.15,2026-04-13T17:25:07Z
AVNM,80.45,2026-04-13T14:45:44Z
AVNS,14.52,2026-04-13T19:59:59Z
AVNT,37.76,2026-04-13T19:59:50Z
AVNW,22.305,2026-04-13T19:59:48Z
AVO,14.73,2026-04-13T19:59:45Z
AVPT,9.465,2026-04-13T19:59:56Z
AVR,6.185,2026-04-13T19:59:23Z
AVRY,21.69,2026-04-13T17:05:22Z
AVS,8.27,2026-04-13T19:55:02Z
AVSC,65.965,2026-04-13T19:55:59Z
AVSE,71.07,2026-04-13T15:24:49Z
AVSF,46.755,2026-04-13T18:40:46Z
AVSU,77.88,2026-04-13T16:06:29Z
AVT,73.51,2026-04-13T19:59:28Z
AVTR,8.17,2026-04-13T19:59:57Z
AVTX,13.31,2026-04-13T19:59:52Z
AVUQ,60.18,2026-04-13T14:06:11Z
AVUS,116.895,2026-04-13T19:50:05Z
AVUV,115.905,2026-04-13T19:59:46Z
AVX,0.6245,2026-04-13T19:59:46Z
AVXL,3.11,2026-04-13T19:59:57Z
AVXX,10.97,2026-04-13T16:06:47Z
AVY,172.23,2026-04-13T19:59:34Z
AWAY,16.73,2026-04-13T18:37:56Z
AWF,10.425,2026-04-13T18:41:15Z
AWI,178.27,2026-04-13T19:57:36Z
AWK,134.35,2026-04-13T19:59:49Z
AWP,12.01,2026-04-13T19:57:32Z
AWR,75.42,2026-04-13T19:59:58Z
AX,93.55,2026-04-13T19:59:15Z
AXG,3.485,2026-04-13T19:59:52Z
AXGN,33.46,2026-04-13T19:59:56Z
AXIA,13.115,2026-04-13T19:59:58Z
AXIA-,14.23,2026-04-13T16:44:54Z
AXIA-C,12.61,2026-04-13T19:58:53Z
AXON,360.21,2026-04-13T19:59:13Z
AXP,323.93,2026-04-13T19:59:53Z
AXPG,12.49,2026-04-13T18:52:51Z
AXS,99.9,2026-04-13T19:59:33Z
AXS-E,19.7,2026-04-13T19:21:48Z
AXSM,178.43,2026-04-13T19:59:06Z
AXTA,28.62,2026-04-13T19:59:59Z
AXTI,66.46,2026-04-13T19:59:58Z
AYI,282.27,2026-04-13T19:59:55Z
AZ,8.04,2026-04-13T19:59:57Z
AZI,1.79,2026-04-13T19:31:05Z
AZN,202.225,2026-04-13T19:59:54Z
AZO,3515.21,2026-04-13T19:59:51Z
AZTA,23.305,2026-04-13T19:59:24Z
AZTR,0.2087,2026-04-13T16:41:33Z
AZZ,139.195,2026-04-13T19:59:35Z
B,43.025,2026-04-13T19:59:56Z
BA,222.13,2026-04-13T19:59:50Z
BA-A,70.31,2026-04-13T19:48:52Z
BAB,27.01,2026-04-13T19:55:14Z
BABA,128.005,2026-04-13T19:59:52Z
BABO,10.3,2026-04-13T19:59:46Z
BABU,14.01,2026-04-13T19:59:50Z
BABX,25.56,2026-04-13T19:59:42Z
BAC,53.33,2026-04-13T19:59:59Z
BAC-K,24.78,2026-04-13T16:55:54Z
BAC-L,1210,2026-04-13T18:45:04Z
BAC-M,22.05,2026-04-13T19:55:09Z
BAC-N,20.61,2026-04-13T19:41:01Z
BAC-O,17.81,2026-04-13T16:38:09Z
BAC-S,19.44,2026-04-13T17:19:27Z
BAER,2.235,2026-04-13T19:59:43Z
BAFE,26.79,2026-04-13T18:46:40Z
BAH,81.78,2026-04-13T19:59:52Z
BAI,38.59,2026-04-13T19:59:38Z
BAIG,2.52,2026-04-13T16:06:03Z
BAK,4.09,2026-04-13T19:59:56Z
BALI,31.7,2026-04-13T19:45:06Z
BALL,63.62,2026-04-13T19:59:35Z
BALT,33.78,2026-04-13T19:59:59Z
BALY,10.885,2026-04-13T18:15:07Z
BAM,46.34,2026-04-13T19:59:53Z
BAMD,31.69,2026-04-13T19:44:00Z
BAMG,38.97,2026-04-13T19:35:57Z
BAMO,32.68,2026-04-13T19:18:56Z
BAMY,27.65,2026-04-13T16:33:19Z
BANC,18.56,2026-04-13T19:59:59Z
BANC-F,25.13,2026-04-13T13:32:26Z
BAND,16.925,2026-04-13T19:59:53Z
BANF,113.43,2026-04-13T17:49:52Z
BANL,0.4627,2026-04-13T19:47:43Z
BANR,63.91,2026-04-13T19:24:21Z
BANX,19.42,2026-04-13T19:00:37Z
BAP,361.55,2026-04-13T19:59:57Z
BAR,46.7,2026-04-13T19:58:49Z
BARK,8.79,2026-04-13T19:50:01Z
BASG,23.865,2026-04-13T19:59:45Z
BATL,3.64,2026-04-13T19:59:45Z
BATRA,49.29,2026-04-13T19:52:42Z
BATRK,44.3,2026-04-13T19:59:05Z
BATT,16.31,2026-04-13T19:59:50Z
BAX,17.61,2026-04-13T19:59:56Z
BB,3.88,2026-04-13T19:59:55Z
BBAG,46.195,2026-04-13T19:59:54Z
BBAI,3.335,2026-04-13T19:59:59Z
BBAR,16.29,2026-04-13T19:59:16Z
BBAX,63.22,2026-04-13T19:59:51Z
BBBS,51.19,2026-04-13T19:59:46Z
BBBY,4.63,2026-04-13T19:59:56Z
BBC,44.12,2026-04-13T17:17:36Z
BBCA,98.12,2026-04-13T19:59:08Z
BBCP,7.685,2026-04-13T18:40:12Z
BBCQ,10.145,2026-04-13T19:55:16Z
BBCQW,1.05,2026-04-13T19:41:07Z
BBD,4.095,2026-04-13T19:59:58Z
BBDC,8.5,2026-04-13T19:59:48Z
BBDO,3.67,2026-04-13T19:57:45Z
BBEM,70.57,2026-04-13T16:49:24Z
BBEU,76.88,2026-04-13T19:58:15Z
BBGI,10.5,2026-04-13T19:59:43Z
BBH,189.78,2026-04-13T14:40:07Z
BBHL,15.58,2026-04-13T13:38:32Z
BBHM,11.685,2026-04-13T19:53:18Z
BBHY,46.125,2026-04-13T18:01:24Z
BBIN,77.285,2026-04-13T19:45:37Z
BBIO,77.92,2026-04-13T19:59:54Z
BBJP,71.985,2026-04-13T19:59:49Z
BBLU,15.27,2026-04-13T19:59:45Z
BBN,16.17,2026-04-13T19:59:38Z
BBNX,10.64,2026-04-13T19:59:54Z
BBOT,8.94,2026-04-13T19:59:57Z
BBSI,29.11,2026-04-13T19:59:50Z
BBT,31.65,2026-04-13T19:59:59Z
BBUC,34.08,2026-04-13T19:59:55Z
BBUS,123.58,2026-04-13T19:56:16Z
BBVA,23.41,2026-04-13T19:59:53Z
BBW,37.3,2026-04-13T19:59:31Z
BBWI,18.34,2026-04-13T19:59:59Z
BBY,60.85,2026-04-13T19:59:49Z
BC,77.65,2026-04-13T19:59:17Z
BCAB,4.575,2026-04-13T18:31:41Z
BCAL,18.35,2026-04-13T19:59:49Z
BCAR,10.16,2026-04-13T19:59:46Z
BCARW,0.8,2026-04-13T19:51:22Z
BCAT,14.91,2026-04-13T19:58:44Z
BCAX,22.14,2026-04-13T19:59:42Z
BCBP,9.56,2026-04-13T19:59:48Z
BCC,81.51,2026-04-13T19:59:42Z
BCCC,13.94,2026-04-13T13:52:57Z
BCD,36.22,2026-04-13T16:33:18Z
BCDA,1.21,2026-04-13T16:52:36Z
BCE,23.5,2026-04-13T19:59:54Z
BCG,2.135,2026-04-13T19:57:57Z
BCH,38.78,2026-04-13T19:58:41Z
BCHI,34.94,2026-04-13T19:22:20Z
BCHP,35.14,2026-04-13T17:49:04Z
BCHT,1.72,2026-04-13T19:55:35Z
BCI,23.935,2026-04-13T19:59:46Z
BCIC,7.865,2026-04-13T19:59:39Z
BCIL,28.125,2026-04-13T15:35:31Z
BCML,28.355,2026-04-13T19:26:01Z
BCO,106.655,2026-04-13T19:59:17Z
BCPC,176.62,2026-04-13T19:57:31Z
BCRX,9.415,2026-04-13T19:59:58Z
BCS,23.83,2026-04-13T19:59:56Z
BCSF,12.705,2026-04-13T19:59:50Z
BCTK,25.12,2026-04-13T16:40:10Z
BCTX,4.39,2026-04-13T19:12:04Z
BCTXL,1.09,2026-04-13T15:05:39Z
BCTXZ,0.15,2026-04-13T14:04:56Z
BCV,23.33,2026-04-13T19:58:24Z
BCX,12.64,2026-04-13T17:46:01Z
BCYC,5,2026-04-13T19:59:50Z
BDBT,25.4,2026-04-13T19:59:46Z
BDC,130.065,2026-04-13T19:59:36Z
BDCX,19.54,2026-04-13T14:20:32Z
BDIV,23.425,2026-04-13T14:36:15Z
BDJ,9.13,2026-04-13T19:59:46Z
BDMD,1.8,2026-04-13T19:26:17Z
BDN,2.675,2026-04-13T19:59:53Z
BDRX,3.09,2026-04-13T19:59:33Z
BDTX,2.71,2026-04-13T19:59:59Z
BDVL,25.66,2026-04-13T19:56:35Z
BDX,155.3,2026-04-13T19:59:54Z
BDYN,25.59,2026-04-13T19:50:01Z
BE,176.58,2026-04-13T19:59:58Z
BEAG,10.525,2026-04-13T19:18:11Z
BEAM,30.155,2026-04-13T19:59:58Z
BEAT,1.205,2026-04-13T19:59:58Z
BEBE+,0.26,2026-04-13T19:11:26Z
BEEM,1.485,2026-04-13T19:59:46Z
BEEP,2.18,2026-04-13T19:54:12Z
BEG,39.1,2026-04-13T18:54:18Z
BEGS,19.17,2026-04-13T14:27:53Z
BEKE,15.82,2026-04-13T19:59:58Z
BELFA,223,2026-04-13T16:39:36Z
BELFB,237.95,2026-04-13T19:56:23Z
BELT,35.3,2026-04-13T14:34:41Z
BEMB,53.15,2026-04-13T13:51:07Z
BEN,25.68,2026-04-13T19:59:57Z
BENF,3.65,2026-04-13T19:54:23Z
BEP,34.385,2026-04-13T19:59:27Z
BEP-A,17.765,2026-04-13T18:39:13Z
BEPC,41.885,2026-04-13T19:59:42Z
BEPH,15.06,2026-04-13T19:58:35Z
BEPJ,24.8,2026-04-13T18:35:51Z
BERZ,48.52,2026-04-13T19:55:57Z
BESS,2.68,2026-04-13T17:18:49Z
BETA,16.885,2026-04-13T19:59:38Z
BETR,35.03,2026-04-13T19:59:16Z
BEX,27.755,2026-04-13T19:55:00Z
BEZ,9.985,2026-04-13T19:04:12Z
BF.A,29.605,2026-04-13T19:59:48Z
BF.B,29.27,2026-04-13T19:59:56Z
BFAM,82.81,2026-04-13T19:59:49Z
BFC,141.675,2026-04-13T19:58:47Z
BFEB,49.43,2026-04-13T17:26:59Z
BFH,80.12,2026-04-13T19:59:45Z
BFH-A,24.975,2026-04-13T13:51:41Z
BFLB,51.3,2026-04-13T18:42:12Z
BFLY,4.28,2026-04-13T19:59:59Z
BFRG,1.05,2026-04-13T19:59:54Z
BFRI,1.03,2026-04-13T16:39:09Z
BFRZ,26.32,2026-04-13T19:59:50Z
BFS,33.685,2026-04-13T19:59:16Z
BFST,28.63,2026-04-13T19:57:49Z
BG,123.49,2026-04-13T19:59:56Z
BGB,11.16,2026-04-13T19:58:45Z
BGC,11.46,2026-04-13T19:59:59Z
BGDV,28.86,2026-04-13T18:07:22Z
BGH,14.12,2026-04-13T19:55:25Z
BGIG,33.97,2026-04-13T13:35:40Z
BGIN,3.25,2026-04-13T13:40:25Z
BGL,1.06,2026-04-13T19:57:21Z
BGM,0.3244,2026-04-13T19:23:13Z
BGMS,1.03,2026-04-13T19:55:06Z
BGR,16.12,2026-04-13T19:31:55Z
BGS,5.425,2026-04-13T19:59:59Z
BGSF,5.87,2026-04-13T19:51:47Z
BGSI,121.07,2026-04-13T19:54:25Z
BGT,11.04,2026-04-13T19:55:06Z
BGX,10.89,2026-04-13T16:52:40Z
BGY,5.75,2026-04-13T19:59:35Z
BH,329.535,2026-04-13T19:50:38Z
BH.A,1771.86,2026-04-13T17:23:19Z
BHB,35.01,2026-04-13T19:59:43Z
BHC,5.725,2026-04-13T19:59:54Z
BHE,64.92,2026-04-13T19:59:49Z
BHF,61.29,2026-04-13T19:59:30Z
BHFAM,12.04,2026-04-13T19:56:04Z
BHFAN,13.37,2026-04-13T19:41:19Z
BHFAO,17.01,2026-04-13T16:54:31Z
BHFAP,16.38,2026-04-13T18:43:58Z
BHK,9.27,2026-04-13T19:59:35Z
BHP,78.105,2026-04-13T19:59:59Z
BHR,2.5,2026-04-13T19:59:46Z
BHR-D,17.42,2026-04-13T19:47:56Z
BHRB,65.7,2026-04-13T19:53:10Z
BHVN,10.1,2026-04-13T19:59:50Z
BIAF,3.19,2026-04-13T19:59:53Z
BIAFW,0.35,2026-04-13T16:02:21Z
BIBL,50.85,2026-04-13T19:59:55Z
BIDD,30.07,2026-04-13T19:38:48Z
BIDU,112,2026-04-13T19:59:59Z
BIGY,49.68,2026-04-13T15:47:35Z
BIIB,176.43,2026-04-13T19:59:45Z
BIL,91.495,2026-04-13T19:59:49Z
BILI,24.48,2026-04-13T19:59:58Z
BILL,36.74,2026-04-13T19:59:58Z
BILS,99.265,2026-04-13T19:55:08Z
BILT,29.18,2026-04-13T16:51:55Z
BILZ,100.79,2026-04-13T19:33:18Z
BINC,52.24,2026-04-13T19:59:54Z
BINT,30.26,2026-04-13T17:52:15Z
BINV,43.07,2026-04-13T19:04:53Z
BIO,288.15,2026-04-13T19:59:27Z
BIOA,16.19,2026-04-13T19:58:56Z
BIOX,0.5789,2026-04-13T19:48:11Z
BIP,36.7,2026-04-13T19:59:44Z
BIPC,42.22,2026-04-13T19:59:54Z
BIPI,16.48,2026-04-13T18:30:56Z
BIRD,2.55,2026-04-13T18:37:34Z
BIRK,38.835,2026-04-13T19:59:50Z
BIT,12.775,2026-04-13T19:59:45Z
BITB,39.85,2026-04-13T19:59:19Z
BITC,36.8,2026-04-13T18:36:20Z
BITI,24.08,2026-04-13T19:50:31Z
BITO,10.07,2026-04-13T19:59:59Z
BITQ,22.12,2026-04-13T19:16:13Z
BITS,58.07,2026-04-13T15:03:31Z
BITU,13.52,2026-04-13T19:59:22Z
BITW,47.93,2026-04-13T19:58:33Z
BITX,17.16,2026-04-13T19:59:55Z
BIV,77.34,2026-04-13T19:59:51Z
BIVI,1.36,2026-04-13T17:54:56Z
BIYA,1.25,2026-04-13T19:00:38Z
BIZD,12.51,2026-04-13T19:58:37Z
BJ,93.14,2026-04-13T19:59:54Z
BJDX,1.76,2026-04-13T19:49:18Z
BJRI,36.86,2026-04-13T19:57:04Z
BJUL,51.22,2026-04-13T14:08:40Z
BK,129.21,2026-04-13T19:59:56Z
BK-K,25.36,2026-04-13T19:05:56Z
BKAG,42.185,2026-04-13T19:50:01Z
BKCH,67.53,2026-04-13T19:50:02Z
BKD,13.6,2026-04-13T19:59:59Z
BKDV,30.84,2026-04-13T19:59:51Z
BKE,54.35,2026-04-13T19:59:22Z
BKF,41.94,2026-04-13T16:10:30Z
BKGI,45.16,2026-04-13T19:33:26Z
BKH,72.015,2026-04-13T19:59:33Z
BKHA,11.65,2026-04-13T15:03:24Z
BKHY,47.61,2026-04-13T19:52:33Z
BKIE,98.17,2026-04-13T19:54:29Z
BKKT,8.72,2026-04-13T19:59:57Z
BKLC,130.87,2026-04-13T19:43:58Z
BKLN,20.515,2026-04-13T19:59:46Z
BKMC,114.375,2026-04-13T17:52:18Z
BKMI,26.31,2026-04-13T16:38:47Z
BKNG,177.23,2026-04-13T19:59:59Z
BKR,62.555,2026-04-13T19:59:57Z
BKSY,34.66,2026-04-13T19:58:21Z
BKT,10.755,2026-04-13T18:05:32Z
BKTI,96.35,2026-04-13T19:50:36Z
BKU,47.01,2026-04-13T19:59:50Z
BKUI,49.735,2026-04-13T19:54:07Z
BKV,27.63,2026-04-13T19:59:50Z
BL,31.39,2026-04-13T19:59:44Z
BLBD,64.35,2026-04-13T19:59:27Z
BLCN,22.55,2026-04-13T18:58:03Z
BLCO,16.61,2026-04-13T19:59:51Z
BLCR,44.37,2026-04-13T18:31:34Z
BLCV,37.77,2026-04-13T18:18:19Z
BLD,396.61,2026-04-13T19:59:33Z
BLDP,2.705,2026-04-13T19:59:55Z
BLDR,87.53,2026-04-13T19:59:53Z
BLFS,20.11,2026-04-13T19:59:50Z
BLGR,28.47,2026-04-13T19:22:59Z
BLIN,0.8431,2026-04-13T19:06:05Z
BLK,1023.84,2026-04-13T19:59:51Z
BLKB,36.145,2026-04-13T19:59:46Z
BLLN,78.625,2026-04-13T19:59:40Z
BLMN,5.83,2026-04-13T19:59:56Z
BLND,1.46,2026-04-13T19:59:57Z
BLNE,2.295,2026-04-13T19:59:25Z
BLNK,0.6063,2026-04-13T19:58:57Z
BLOK,55.7,2026-04-13T19:59:32Z
BLOX,14.76,2026-04-13T18:30:52Z
BLSG,5.13,2026-04-13T14:15:45Z
BLSH,39.005,2026-04-13T19:59:50Z
BLTD,25.37,2026-04-13T19:30:35Z
BLTE,172.69,2026-04-13T19:56:53Z
BLUC,28.16,2026-04-13T14:31:26Z
BLUX,29.07,2026-04-13T19:20:47Z
BLV,69.14,2026-04-13T19:59:41Z
BLW,12.75,2026-04-13T19:57:29Z
BLX,55.075,2026-04-13T19:28:25Z
BLZE,3.515,2026-04-13T19:59:37Z
BMA,80.69,2026-04-13T19:41:14Z
BMAR,54.18,2026-04-13T15:47:27Z
BMBL,3.585,2026-04-13T19:59:42Z
BME,39.35,2026-04-13T16:53:03Z
BMEA,1.88,2026-04-13T19:59:48Z
BMEZ,14.4,2026-04-13T19:59:47Z
BMI,161.13,2026-04-13T19:59:40Z
BMM,7.81,2026-04-13T19:59:46Z
BMNG,1.41,2026-04-13T19:59:56Z
BMNR,21.46,2026-04-13T19:59:59Z
BMNU,2.03,2026-04-13T19:59:59Z
BMNZ,16.45,2026-04-13T19:58:43Z
BMO,146.19,2026-04-13T19:59:55Z
BMOP,24.83,2026-04-13T14:00:25Z
BMR,1.48,2026-04-13T14:27:52Z
BMRC,26.55,2026-04-13T19:57:37Z
BMRN,54.88,2026-04-13T19:59:51Z
BMY,58.05,2026-04-13T19:59:59Z
BN,43.69,2026-04-13T19:59:58Z
BNAI,52.615,2026-04-13T19:34:22Z
BNAIW,0.32,2026-04-13T19:38:36Z
BNC,2.74,2026-04-13T19:59:45Z
BND,73.8,2026-04-13T19:59:41Z
BNDI,47.46,2026-04-13T18:45:02Z
BNDP,74.55,2026-04-13T16:50:36Z
BNDW,68.435,2026-04-13T19:59:37Z
BNDX,48.05,2026-04-13T19:59:31Z
BNDY,25.95,2026-04-13T17:49:15Z
BNED,10.06,2026-04-13T19:59:49Z
BNGO,1.155,2026-04-13T19:48:36Z
BNKK,2.56,2026-04-13T18:37:49Z
BNKU,32.29,2026-04-13T18:31:28Z
BNL,19.8,2026-04-13T19:59:58Z
BNO,49.065,2026-04-13T19:59:26Z
BNS,73.72,2026-04-13T19:59:57Z
BNT,43.57,2026-04-13T16:46:26Z
BNTC,12.055,2026-04-13T19:55:47Z
BNTX,96.63,2026-04-13T19:59:57Z
BNZI,0.6843,2026-04-13T19:59:46Z
BOAT,41.43,2026-04-13T17:09:28Z
BOBS,11.205,2026-04-13T19:59:51Z
BOC,12.465,2026-04-13T19:59:54Z
BODI,10.44,2026-04-13T13:37:26Z
BOE,11.58,2026-04-13T19:56:38Z
BOEG,14.86,2026-04-13T19:54:28Z
BOF,3.93,2026-04-13T14:07:26Z
BOH,79.12,2026-04-13T19:59:57Z
BOIL,13.51,2026-04-13T19:59:56Z
BOKF,135.26,2026-04-13T19:59:51Z
BOLD,1.205,2026-04-13T19:58:34Z
BOLT,4.73,2026-04-13T19:54:49Z
BOND,92.695,2026-04-13T19:59:47Z
BOOM,5.2,2026-04-13T19:58:44Z
BOOT,156.26,2026-04-13T19:59:30Z
BORR,5.96,2026-04-13T19:59:59Z
BOTZ,35.98,2026-04-13T19:59:56Z
BOUT,42.91,2026-04-13T19:30:26Z
BOW,24.53,2026-04-13T19:54:48Z
BOX,22.34,2026-04-13T19:59:59Z
BOXL,1.21,2026-04-13T19:56:55Z
BOXX,116.29,2026-04-13T19:59:39Z
BP,46.435,2026-04-13T19:59:52Z
BPOP,146.32,2026-04-13T19:59:45Z
BPRE,16.45,2026-04-13T19:58:07Z
BPYPO,14.63,2026-04-13T17:17:06Z
BPYPP,16.02,2026-04-13T17:04:34Z
BQ,0.8,2026-04-13T14:23:10Z
BR,157.34,2026-04-13T19:59:33Z
BRAI,19.85,2026-04-13T14:28:40Z
BRBR,15.1,2026-04-13T19:59:55Z
BRBS,3.48,2026-04-13T19:59:54Z
BRC,85.05,2026-04-13T19:59:51Z
BRCB,13.335,2026-04-13T19:59:59Z
BRCC,0.8291,2026-04-13T19:59:41Z
BRID,7.545,2026-04-13T16:53:40Z
BRIE,28.77,2026-04-13T19:59:59Z
BRIF,31.58,2026-04-13T19:27:07Z
BRK.B,480.22,2026-04-13T19:59:57Z
BRKR,39.04,2026-04-13T19:59:56Z
BRKU,21.835,2026-04-13T19:50:43Z
BRKW,39.55,2026-04-13T13:32:40Z
BRLS,1.015,2026-04-13T15:43:18Z
BRN,1.03,2026-04-13T19:08:21Z
BRNS,0.552,2026-04-13T14:28:19Z
BRO,67.47,2026-04-13T19:59:57Z
BROS,52.89,2026-04-13T19:59:54Z
BRR,1.79,2026-04-13T19:59:49Z
BRRR,20.7,2026-04-13T19:59:59Z
BRSL,12.24,2026-04-13T19:59:56Z
BRSP,5.875,2026-04-13T19:59:56Z
BRT,14.09,2026-04-13T19:59:20Z
BRTR,50.39,2026-04-13T18:58:34Z
BRTX,0.257,2026-04-13T19:59:24Z
BRW,6.68,2026-04-13T19:59:54Z
BRX,29.63,2026-04-13T19:59:56Z
BRZE,20.63,2026-04-13T19:59:55Z
BRZU,129.09,2026-04-13T16:50:21Z
BSAC,35.265,2026-04-13T19:58:04Z
BSBR,6.455,2026-04-13T19:59:56Z
BSCQ,19.565,2026-04-13T19:53:45Z
BSCR,19.68,2026-04-13T19:59:50Z
BSCS,20.48,2026-04-13T19:43:28Z
BSCT,18.73,2026-04-13T19:52:58Z
BSCU,16.785,2026-04-13T16:29:06Z
BSCV,16.575,2026-04-13T19:59:05Z
BSCW,20.755,2026-04-13T19:55:03Z
BSCX,21.325,2026-04-13T19:59:04Z
BSCY,20.9,2026-04-13T19:59:50Z
BSCZ,20.715,2026-04-13T19:59:46Z
BSET,14.225,2026-04-13T19:46:55Z
BSJQ,23.245,2026-04-13T19:58:05Z
BSJR,22.515,2026-04-13T19:53:48Z
BSJS,21.87,2026-04-13T19:47:10Z
BSJT,21.24,2026-04-13T19:13:16Z
BSJU,25.93,2026-04-13T19:59:46Z
BSJV,26.36,2026-04-13T13:56:42Z
BSJW,25.46,2026-04-13T18:36:28Z
BSL,12.855,2026-04-13T19:56:27Z
BSM,13.855,2026-04-13T19:59:47Z
BSMC,37.545,2026-04-13T19:59:52Z
BSMQ,23.63,2026-04-13T18:15:45Z
BSMR,23.7,2026-04-13T19:59:12Z
BSMS,23.505,2026-04-13T19:58:17Z
BSMU,21.98,2026-04-13T18:05:53Z
BSMW,25.13,2026-04-13T19:26:25Z
BSMZ,25.5,2026-04-13T19:12:38Z
BSOL,11.315,2026-04-13T19:59:52Z
BSR,29.8,2026-04-13T18:39:29Z
BSRR,36.07,2026-04-13T16:57:36Z
BSSX,25.77,2026-04-13T18:36:35Z
BST,39.81,2026-04-13T17:04:13Z
BSTZ,23.93,2026-04-13T19:54:32Z
BSV,78.365,2026-04-13T19:59:28Z
BSVO,26.66,2026-04-13T19:55:03Z
BSX,63.145,2026-04-13T19:59:59Z
BSY,32.825,2026-04-13T19:59:47Z
BTAI,1.02,2026-04-13T19:59:47Z
BTAL,13.095,2026-04-13T19:58:38Z
BTBD,1.715,2026-04-13T19:59:05Z
BTBT,1.435,2026-04-13T19:59:48Z
BTC,32.46,2026-04-13T19:59:41Z
BTCI,35.13,2026-04-13T19:57:25Z
BTCO,72.12,2026-04-13T17:11:22Z
BTCS,1.67,2026-04-13T19:59:45Z
BTCT,1.15,2026-04-13T16:29:53Z
BTCZ,4.62,2026-04-13T19:59:47Z
BTDR,11.24,2026-04-13T19:59:59Z
BTE,4.29,2026-04-13T19:59:55Z
BTG,4.865,2026-04-13T19:59:52Z
BTGD,29.43,2026-04-13T17:50:01Z
BTGO,9.725,2026-04-13T19:59:09Z
BTI,58.685,2026-04-13T19:59:55Z
BTM,3.95,2026-04-13T19:59:00Z
BTMD,1.8,2026-04-13T19:59:49Z
BTMWW,0.0308,2026-04-13T19:26:15Z
BTO,37.535,2026-04-13T19:53:35Z
BTOG,2.81,2026-04-13T19:29:45Z
BTOP,28.11,2026-04-13T13:34:00Z
BTQ,2.69,2026-04-13T19:59:54Z
BTR,26.52,2026-04-13T19:02:32Z
BTSG,46.04,2026-04-13T19:59:55Z
BTSGU,153.88,2026-04-13T19:10:48Z
BTT,23,2026-04-13T19:59:36Z
BTTC,1.42,2026-04-13T13:37:19Z
BTU,28.465,2026-04-13T19:59:44Z
BTX,7.335,2026-04-13T19:59:43Z
BTZ,10.44,2026-04-13T19:59:49Z
BUCK,23.575,2026-04-13T19:58:35Z
BUD,75.64,2026-04-13T19:59:55Z
BUFB,37.22,2026-04-13T18:35:11Z
BUFC,41.27,2026-04-13T14:57:52Z
BUFD,28.68,2026-04-13T19:50:33Z
BUFF,50.68,2026-04-13T17:10:08Z
BUFP,30.55,2026-04-13T14:06:40Z
BUFQ,36.775,2026-04-13T19:59:45Z
BUFR,34.905,2026-04-13T19:59:40Z
BUFS,23.79,2026-04-13T18:36:52Z
BUFT,25.35,2026-04-13T18:55:58Z
BUFX,21.6,2026-04-13T19:53:17Z
BUFY,22.97,2026-04-13T17:31:23Z
BUFZ,26.965,2026-04-13T19:59:46Z
BUG,24.44,2026-04-13T19:59:50Z
BUI,26.965,2026-04-13T19:44:10Z
BULG,1.23,2026-04-13T19:40:52Z
BULL,5.275,2026-04-13T19:59:59Z
BULZ,24.11,2026-04-13T19:59:53Z
BUR,4.5,2026-04-13T19:59:58Z
BURL,332.3,2026-04-13T19:59:49Z
BURU,0.1897,2026-04-13T19:51:12Z
BUSA,38.34,2026-04-13T19:38:58Z
BUSE,26.7,2026-04-13T19:59:59Z
BUXX,20.26,2026-04-13T19:59:50Z
BUYW,14.27,2026-04-13T17:22:06Z
BUZZ,31.17,2026-04-13T19:55:25Z
BV,11.845,2026-04-13T19:59:38Z
BVAL,29.05,2026-04-13T19:59:00Z
BVFL,20.115,2026-04-13T19:59:56Z
BVN,37.83,2026-04-13T19:59:54Z
BVS,9.43,2026-04-13T19:59:52Z
BW,18.24,2026-04-13T19:59:55Z
BW-A,21.775,2026-04-13T19:43:14Z
BWA,53.535,2026-04-13T19:59:46Z
BWAY,14.39,2026-04-13T19:59:45Z
BWB,18.84,2026-04-13T19:59:25Z
BWEN,2.1,2026-04-13T19:56:13Z
BWET,157.29,2026-04-13T19:13:07Z
BWFG,52.58,2026-04-13T19:59:26Z
BWG,8.1,2026-04-13T16:31:39Z
BWIN,22.1,2026-04-13T19:59:59Z
BWLP,18.14,2026-04-13T19:59:53Z
BWMN,31.36,2026-04-13T19:59:53Z
BWMX,18.645,2026-04-13T19:59:59Z
BWNB,24.99,2026-04-13T17:01:10Z
BWX,22.225,2026-04-13T19:59:48Z
BWXT,232.8,2026-04-13T19:59:49Z
BWZ,27.3,2026-04-13T19:52:17Z
BX,121.8,2026-04-13T19:59:56Z
BXC,56.62,2026-04-13T19:12:16Z
BXMT,19.78,2026-04-13T19:59:55Z
BXP,53.56,2026-04-13T19:59:54Z
BXSL,23.65,2026-04-13T19:59:53Z
BY,33.34,2026-04-13T19:57:56Z
BYD,86.12,2026-04-13T19:59:05Z
BYLD,22.675,2026-04-13T19:57:32Z
BYND,0.6619,2026-04-13T19:59:50Z
BYRE,25.98,2026-04-13T15:42:08Z
BYRN,6.56,2026-04-13T19:59:57Z
BZ,13.17,2026-04-13T19:59:58Z
BZAI,1.905,2026-04-13T19:59:46Z
BZFD,0.632,2026-04-13T19:19:26Z
BZFDW,0.0162,2026-04-13T16:17:10Z
BZH,21.77,2026-04-13T19:59:45Z
BZQ,8.38,2026-04-13T18:24:15Z
BZUN,2.58,2026-04-13T19:59:57Z
C,126.28,2026-04-13T19:59:57Z
C-N,30.18,2026-04-13T14:52:07Z
C-R,25.26,2026-04-13T18:36:58Z
CA,25,2026-04-13T19:10:09Z
CAAP,26.81,2026-04-13T19:58:23Z
CABA,3.2,2026-04-13T19:59:49Z
CABO,97.08,2026-04-13T19:59:37Z
CABR,1.13,2026-04-13T15:43:51Z
CAC,51.21,2026-04-13T19:59:51Z
CACC,474.66,2026-04-13T19:59:15Z
CACI,539.825,2026-04-13T19:59:52Z
CADL,4.865,2026-04-13T19:59:34Z
CAE,27.56,2026-04-13T19:59:52Z
CAF,17.41,2026-04-13T19:53:47Z
CAFX,24.85,2026-04-13T18:11:18Z
CAG,14.51,2026-04-13T19:59:59Z
CAH,214.18,2026-04-13T19:59:56Z
CAI,19.135,2026-04-13T19:59:51Z
CAIE,25.89,2026-04-13T18:47:30Z
CAKE,58.88,2026-04-13T19:59:46Z
CAL,12.89,2026-04-13T19:59:49Z
CALC,0.66,2026-04-13T19:29:40Z
CALF,46.1,2026-04-13T19:58:05Z
CALI,50.415,2026-04-13T19:59:15Z
CALM,75.89,2026-04-13T19:59:29Z
CALX,48.7,2026-04-13T19:59:49Z
CALY,13.99,2026-04-13T19:59:59Z
CAM,25.03,2026-04-13T18:39:42Z
CAML,36.84,2026-04-13T13:47:48Z
CAMP,4.66,2026-04-13T19:59:50Z
CAMT,175.1,2026-04-13T19:59:47Z
CAN,0.4785,2026-04-13T19:59:53Z
CANC,38.015,2026-04-13T18:33:14Z
CANE,9.265,2026-04-13T19:58:30Z
CANF,2.93,2026-04-13T13:41:12Z
CANG,0.4565,2026-04-13T19:59:55Z
CAOS,90.61,2026-04-13T19:59:51Z
CAPE,31.78,2026-04-13T18:41:23Z
CAPL,21.21,2026-04-13T19:58:29Z
CAPR,34.56,2026-04-13T19:59:53Z
CAPS,0.4911,2026-04-13T16:25:14Z
CAR,371.04,2026-04-13T19:59:58Z
CARE,24.47,2026-04-13T19:59:35Z
CARG,34.86,2026-04-13T19:59:49Z
CARL,9.825,2026-04-13T19:50:49Z
CARR,64.325,2026-04-13T19:59:57Z
CARS,9.86,2026-04-13T19:59:59Z
CART,40,2026-04-13T19:59:56Z
CARY,20.865,2026-04-13T19:57:30Z
CARZ,89.08,2026-04-13T16:40:53Z
CASH,95.225,2026-04-13T19:59:41Z
CASS,46.365,2026-04-13T19:13:03Z
CAST,3.99,2026-04-13T19:09:44Z
CASY,734.76,2026-04-13T19:59:52Z
CAT,791.25,2026-04-13T19:59:42Z
CATH,82.47,2026-04-13T19:59:46Z
CATO,2.935,2026-04-13T17:58:00Z
CATX,4.36,2026-04-13T19:59:57Z
CATY,53.59,2026-04-13T19:58:37Z
CAVA,84.28,2026-04-13T19:59:50Z
CB,329.98,2026-04-13T19:59:54Z
CBAN,20.94,2026-04-13T19:59:25Z
CBAT,0.8149,2026-04-13T19:59:55Z
CBC,24.705,2026-04-13T19:59:59Z
CBIO,18.01,2026-04-13T19:59:32Z
CBK,27.735,2026-04-13T17:20:16Z
CBL,41.8,2026-04-13T19:52:30Z
CBLL,19.17,2026-04-13T19:57:54Z
CBNK,31.61,2026-04-13T19:59:50Z
CBOE,300.5,2026-04-13T19:59:53Z
CBRE,145.955,2026-04-13T19:59:55Z
CBRL,27.85,2026-04-13T19:59:47Z
CBSE,43.36,2026-04-13T15:51:31Z
CBSH,50.9,2026-04-13T19:59:50Z
CBT,74.46,2026-04-13T19:59:43Z
CBTJ,19.39,2026-04-13T18:00:23Z
CBU,63.01,2026-04-13T19:59:48Z
CBUS,1.455,2026-04-13T19:59:55Z
CBXO,22.13,2026-04-13T19:59:46Z
CBZ,28.8,2026-04-13T19:59:43Z
CC,23.075,2026-04-13T19:59:49Z
CCAP,12.665,2026-04-13T19:59:55Z
CCB,82.67,2026-04-13T19:52:25Z
CCBG,46.905,2026-04-13T19:50:02Z
CCC,5.175,2026-04-13T19:59:59Z
CCCC,2.75,2026-04-13T19:59:53Z
CCD,23.54,2026-04-13T19:59:57Z
CCEL,3.54,2026-04-13T13:56:39Z
CCEP,97.21,2026-04-13T19:59:57Z
CCG,0.7277,2026-04-13T19:58:04Z
CCHH,0.6054,2026-04-13T19:59:48Z
CCI,87.07,2026-04-13T19:59:56Z
CCIF,3.3,2026-04-13T18:27:35Z
CCIX,10.8,2026-04-13T19:59:22Z
CCJ,116.71,2026-04-13T19:59:56Z
CCK,107.775,2026-04-13T19:59:43Z
CCL,27.75,2026-04-13T19:59:59Z
CCLD,2.81,2026-04-13T19:59:48Z
CCM,3.91,2026-04-13T19:29:22Z
CCNE,30.92,2026-04-13T19:58:52Z
CCO,2.385,2026-04-13T19:59:47Z
CCOI,21.37,2026-04-13T19:59:59Z
CCRN,9.72,2026-04-13T19:59:49Z
CCS,60.215,2026-04-13T19:58:18Z
CCSI,24.755,2026-04-13T19:59:28Z
CCTG,0.5099,2026-04-13T13:35:02Z
CCU,12.435,2026-04-13T19:59:44Z
CCUP,4.77,2026-04-13T19:59:51Z
CD,4.575,2026-04-13T17:15:50Z
CDC,71.26,2026-04-13T16:05:43Z
CDE,20.31,2026-04-13T19:59:59Z
CDIO,1.89,2026-04-13T19:21:54Z
CDL,74.69,2026-04-13T19:28:41Z
CDLR,25.91,2026-04-13T14:26:04Z
CDLX,0.9899,2026-04-13T19:59:10Z
CDNA,16.83,2026-04-13T19:59:49Z
CDNL,44.635,2026-04-13T19:59:31Z
CDNS,288.24,2026-04-13T19:59:58Z
CDP,32.12,2026-04-13T19:59:59Z
CDRE,33.01,2026-04-13T19:59:59Z
CDRO,8.5,2026-04-13T19:54:31Z
CDT,4.905,2026-04-13T16:45:21Z
CDTG,0.3781,2026-04-13T16:44:55Z
CDW,131.895,2026-04-13T19:59:59Z
CDX,21.64,2026-04-13T19:55:08Z
CDXS,2.295,2026-04-13T19:59:43Z
CDZI,4.835,2026-04-13T19:59:58Z
CDZIP,19.29,2026-04-13T19:58:20Z
CE,68.25,2026-04-13T19:59:59Z
CECO,66.85,2026-04-13T19:59:55Z
CEE,20.26,2026-04-13T19:56:13Z
CEF,48.19,2026-04-13T19:59:54Z
CEFS,23.71,2026-04-13T19:54:27Z
CEG,291.69,2026-04-13T19:59:59Z
CEGX,17.24,2026-04-13T19:08:19Z
CELC,120.265,2026-04-13T19:56:51Z
CELH,33.66,2026-04-13T19:59:58Z
CELZ,2.16,2026-04-13T16:44:41Z
CEMB,45.51,2026-04-13T16:25:58Z
CENN,4,2026-04-13T19:55:37Z
CENT,37.98,2026-04-13T19:52:22Z
CENTA,33.73,2026-04-13T19:58:22Z
CENX,67.96,2026-04-13T19:59:53Z
CEPI,30.59,2026-04-13T13:46:23Z
CEPT,10.93,2026-04-13T19:59:28Z
CEPU,16.2,2026-04-13T19:59:46Z
CERS,1.92,2026-04-13T19:59:31Z
CERT,5.8,2026-04-13T19:59:56Z
CERY,35.5,2026-04-13T19:59:50Z
CET,51.215,2026-04-13T13:41:38Z
CETX,1.175,2026-04-13T19:59:27Z
CETY,0.8,2026-04-13T19:32:38Z
CEV,10.325,2026-04-13T19:59:56Z
CEVA,20.92,2026-04-13T19:59:59Z
CF,121.68,2026-04-13T19:59:54Z
CFBK,29.39,2026-04-13T19:58:51Z
CFFI,76.955,2026-04-13T19:51:19Z
CFFN,7.63,2026-04-13T19:59:59Z
CFG,64.78,2026-04-13T19:59:53Z
CFG-I,25.07,2026-04-13T15:47:45Z
CFIT,25.38,2026-04-13T19:51:35Z
CFND,3.68,2026-04-13T14:43:13Z
CFR,142.94,2026-04-13T19:59:44Z
CFR-B,17.24,2026-04-13T15:45:07Z
CFTR-A,24.16,2026-04-13T18:55:21Z
CG,49.205,2026-04-13T19:59:56Z
CGAU,19.56,2026-04-13T19:59:23Z
CGBD,11.07,2026-04-13T19:59:55Z
CGBL,36.1,2026-04-13T19:59:06Z
CGC,1.085,2026-04-13T19:59:56Z
CGCB,26.41,2026-04-13T19:59:59Z
CGCP,22.5,2026-04-13T19:59:51Z
CGCV,30.975,2026-04-13T19:59:59Z
CGDG,37.23,2026-04-13T19:59:46Z
CGDV,45.135,2026-04-13T19:59:48Z
CGEM,14.27,2026-04-13T19:59:49Z
CGEN,2.75,2026-04-13T19:59:32Z
CGGE,32.52,2026-04-13T19:59:59Z
CGGO,36.35,2026-04-13T19:59:56Z
CGGR,42.63,2026-04-13T19:59:53Z
CGHM,25.59,2026-04-13T19:59:59Z
CGIB,25.26,2026-04-13T19:23:33Z
CGIC,35.01,2026-04-13T19:59:51Z
CGIE,35.82,2026-04-13T19:59:55Z
CGMM,31.03,2026-04-13T19:54:58Z
CGMS,27.575,2026-04-13T19:57:02Z
CGMU,27.4,2026-04-13T19:59:59Z
CGNG,33.98,2026-04-13T19:56:12Z
CGNT,8.705,2026-04-13T19:59:49Z
CGNX,54.39,2026-04-13T19:59:48Z
CGO,12.43,2026-04-13T19:56:56Z
CGON,67.68,2026-04-13T19:59:53Z
CGSD,25.895,2026-04-13T19:50:02Z
CGSM,26.34,2026-04-13T19:55:46Z
CGTL,1.215,2026-04-13T18:11:21Z
CGTX,0.9694,2026-04-13T18:56:07Z
CGUI,25.335,2026-04-13T19:59:45Z
CGUS,41.01,2026-04-13T19:59:45Z
CGVV,28.11,2026-04-13T13:55:45Z
CGW,67.01,2026-04-13T19:58:32Z
CGXU,31.49,2026-04-13T19:59:47Z
CHA,10.01,2026-04-13T19:59:46Z
CHAT,71.05,2026-04-13T19:59:18Z
CHAU,22.105,2026-04-13T19:58:53Z
CHCO,126.14,2026-04-13T19:13:20Z
CHCT,17.21,2026-04-13T19:59:27Z
CHD,95.045,2026-04-13T19:59:52Z
CHDN,89.5,2026-04-13T19:59:44Z
CHE,387.85,2026-04-13T19:59:49Z
CHEF,64.64,2026-04-13T19:59:29Z
CHGG,0.9256,2026-04-13T19:59:16Z
CHGX,28.37,2026-04-13T19:54:10Z
CHH,115.57,2026-04-13T19:59:51Z
CHI,11.695,2026-04-13T19:57:30Z
CHIQ,20.175,2026-04-13T16:31:54Z
CHKP,142.23,2026-04-13T19:59:54Z
CHMI,2.67,2026-04-13T19:58:32Z
CHOW,0.4917,2026-04-13T19:54:20Z
CHPT,5.44,2026-04-13T19:59:54Z
CHPX,66.31,2026-04-13T16:09:47Z
CHPY,62.105,2026-04-13T19:59:46Z
CHR,1.63,2026-04-13T17:17:58Z
CHRD,134.725,2026-04-13T19:59:59Z
CHRS,1.705,2026-04-13T19:57:28Z
CHRW,164.89,2026-04-13T19:59:52Z
CHSCO,26.26,2026-04-13T15:08:52Z
CHSN,2.38,2026-04-13T15:54:00Z
CHT,42.16,2026-04-13T19:35:50Z
CHTR,226.27,2026-04-13T19:59:59Z
CHW,7.885,2026-04-13T19:50:01Z
CHWY,25.35,2026-04-13T19:59:59Z
CHY,11.97,2026-04-13T19:59:29Z
CHYM,21.27,2026-04-13T19:59:59Z
CI,275.02,2026-04-13T19:59:37Z
CIA,5.56,2026-04-13T19:59:42Z
CIB,77.14,2026-04-13T19:59:40Z
CIBR,63.205,2026-04-13T19:59:19Z
CIEN,479.87,2026-04-13T19:59:55Z
CIF,1.635,2026-04-13T18:10:32Z
CIFG,9.24,2026-04-13T19:59:59Z
CIFR,17.76,2026-04-13T19:59:59Z
CIFU,22.21,2026-04-13T19:22:36Z
CIG,2.705,2026-04-13T19:59:59Z
CIGI,113.78,2026-04-13T19:58:54Z
CII,22.995,2026-04-13T19:58:23Z
CIIT,1.4,2026-04-13T19:51:02Z
CIK,2.59,2026-04-13T17:34:38Z
CIM,13.43,2026-04-13T19:59:54Z
CIM-C,21.79,2026-04-13T14:00:48Z
CIM-D,23.6,2026-04-13T14:01:20Z
CIMP,24.9,2026-04-13T19:37:06Z
CINF,163.655,2026-04-13T19:58:36Z
CING,5.49,2026-04-13T19:58:26Z
CINT,4.65,2026-04-13T19:59:38Z
CION,7.09,2026-04-13T19:59:51Z
CISO,0.3566,2026-04-13T19:58:07Z
CISS,0.7788,2026-04-13T14:55:24Z
CITR,9.12,2026-04-13T19:47:16Z
CIVB,24.05,2026-04-13T19:55:02Z
CJMB,1.11,2026-04-13T18:44:19Z
CL,83.99,2026-04-13T19:59:49Z
CLAR,2.695,2026-04-13T19:59:45Z
CLB,17.08,2026-04-13T19:59:40Z
CLBK,18.08,2026-04-13T19:59:52Z
CLBR+,0.5126,2026-04-13T16:14:13Z
CLBR=,10.12,2026-04-13T15:47:44Z
CLBT,11.78,2026-04-13T19:59:51Z
CLCV,27.37,2026-04-13T19:09:03Z
CLDI,0.285,2026-04-13T19:25:11Z
CLDT,8.63,2026-04-13T19:59:49Z
CLDT-A,19.84,2026-04-13T19:27:26Z
CLDX,32.565,2026-04-13T19:59:43Z
CLF,9.33,2026-04-13T19:59:59Z
CLFD,27.71,2026-04-13T19:59:40Z
CLGN,0.3284,2026-04-13T19:59:51Z
CLH,303.74,2026-04-13T19:59:44Z
CLIK,2.84,2026-04-13T17:39:02Z
CLIP,100.19,2026-04-13T15:38:17Z
CLIR,5.155,2026-04-13T15:33:51Z
CLIX,55.99,2026-04-13T15:14:26Z
CLLS,4.26,2026-04-13T19:50:45Z
CLM,7.54,2026-04-13T19:52:53Z
CLMB,22.78,2026-04-13T19:53:34Z
CLMT,32.87,2026-04-13T19:59:54Z
CLNE,2.255,2026-04-13T19:58:56Z
CLNK,16.435,2026-04-13T19:58:41Z
CLNN,6.49,2026-04-13T19:48:48Z
CLOA,51.755,2026-04-13T19:58:44Z
CLOI,52.575,2026-04-13T19:59:46Z
CLOU,18.385,2026-04-13T19:59:07Z
CLOV,2.025,2026-04-13T19:59:59Z
CLOX,25.51,2026-04-13T17:05:43Z
CLOZ,25.775,2026-04-13T19:59:49Z
CLPR,3.29,2026-04-13T19:59:48Z
CLPT,9.995,2026-04-13T19:59:56Z
CLRB,2.73,2026-04-13T19:55:03Z
CLS,365.6,2026-04-13T19:59:58Z
CLSE,30.28,2026-04-13T19:59:50Z
CLSK,10.755,2026-04-13T19:59:59Z
CLSKW,0.28,2026-04-13T15:40:06Z
CLSX,13.38,2026-04-13T19:54:54Z
CLSZ,13.07,2026-04-13T19:22:24Z
CLVT,2.28,2026-04-13T19:59:56Z
CLW,15,2026-04-13T19:59:50Z
CLX,103.39,2026-04-13T19:59:27Z
CLYM,8.61,2026-04-13T19:59:56Z
CM,104.74,2026-04-13T19:59:50Z
CMBS,48.78,2026-04-13T19:58:45Z
CMBT,12.655,2026-04-13T19:59:53Z
CMC,66.24,2026-04-13T19:59:50Z
CMCL,25.35,2026-04-13T19:58:45Z
CMCM,5.695,2026-04-13T19:01:19Z
CMCO,15.95,2026-04-13T19:59:59Z
CMCSA,28.04,2026-04-13T19:59:58Z
CMCT,0.9222,2026-04-13T19:58:15Z
CMDB,17.405,2026-04-13T19:50:16Z
CMDT,32.69,2026-04-13T19:59:51Z
CMDY,58.905,2026-04-13T18:54:21Z
CME,300.56,2026-04-13T19:59:55Z
CMF,57.355,2026-04-13T19:59:55Z
CMG,34.59,2026-04-13T19:59:59Z
CMI,618.42,2026-04-13T19:59:50Z
CMMB,1.72,2026-04-13T19:24:34Z
CMND,1.44,2026-04-13T18:47:29Z
CMP,24.95,2026-04-13T19:59:49Z
CMPR,78.37,2026-04-13T19:57:06Z
CMPS,5.76,2026-04-13T19:59:51Z
CMPX,5.195,2026-04-13T19:59:58Z
CMRC,2.5,2026-04-13T19:59:56Z
CMRE,17.54,2026-04-13T19:59:37Z
CMRE-D,28.18,2026-04-13T19:25:16Z
CMS,78.45,2026-04-13T19:59:51Z
CMS-C,16.97,2026-04-13T15:51:07Z
CMSC,22.46,2026-04-13T18:11:11Z
CMSD,22.62,2026-04-13T17:50:58Z
CMT,25.47,2026-04-13T19:59:00Z
CMTG,2.63,2026-04-13T19:59:56Z
CMTL,3.82,2026-04-13T19:49:31Z
CMU,3.625,2026-04-13T19:55:52Z
CNA,47.595,2026-04-13T19:58:37Z
CNAV,34.83,2026-04-13T18:18:43Z
CNC,37.45,2026-04-13T19:59:54Z
CNCK,1.95,2026-04-13T19:58:29Z
CNCKW,0.181,2026-04-13T14:28:25Z
CNDT,1.43,2026-04-13T19:59:55Z
CNEQ,34.49,2026-04-13T19:38:00Z
CNEY,0.4799,2026-04-13T13:33:27Z
CNH,11.58,2026-04-13T19:59:59Z
CNI,110.98,2026-04-13T19:59:49Z
CNK,30.37,2026-04-13T19:59:59Z
CNL,18.775,2026-04-13T19:59:28Z
CNM,53.54,2026-04-13T19:59:54Z
CNMD,38.435,2026-04-13T19:59:40Z
CNNE,12.675,2026-04-13T19:59:57Z
CNO,42.62,2026-04-13T19:59:34Z
CNOB,28.23,2026-04-13T19:59:55Z
CNP,42.73,2026-04-13T19:59:59Z
CNQ,46.87,2026-04-13T19:59:57Z
CNR,89.69,2026-04-13T19:59:54Z
CNRG,94.7,2026-04-13T16:23:00Z
CNS,64.51,2026-04-13T19:59:45Z
CNSP,2.18,2026-04-13T15:10:23Z
CNTA,39.58,2026-04-13T19:59:53Z
CNTB,2.845,2026-04-13T19:59:45Z
CNTN,3.315,2026-04-13T19:58:15Z
CNTX,2.455,2026-04-13T19:59:58Z
CNTY,1.5,2026-04-13T18:00:18Z
CNVS,2.39,2026-04-13T19:58:49Z
CNX,39.28,2026-04-13T19:59:59Z
CNXC,27.91,2026-04-13T19:59:53Z
CNXN,64.35,2026-04-13T19:50:01Z
CNXT,49.21,2026-04-13T15:38:16Z
CNYA,35.7,2026-04-13T19:58:35Z
COAL,26.09,2026-04-13T19:57:47Z
COCH,0.6351,2026-04-13T19:53:00Z
COCO,48.37,2026-04-13T19:59:50Z
COCP,1.415,2026-04-13T19:59:58Z
CODA,13.14,2026-04-13T19:34:32Z
CODI,10.2,2026-04-13T19:59:50Z
CODI-C,20.515,2026-04-13T15:23:48Z
CODX,1.43,2026-04-13T19:36:43Z
COEP,12.105,2026-04-13T17:31:47Z
COF,197.46,2026-04-13T19:59:57Z
COF-I,19.12,2026-04-13T19:56:15Z
COF-L,16.72,2026-04-13T19:41:59Z
COF-N,16.19,2026-04-13T19:47:58Z
COFS,30.49,2026-04-13T19:57:31Z
COGT,36.51,2026-04-13T19:59:49Z
COHR,307.96,2026-04-13T19:59:54Z
COHU,37.61,2026-04-13T19:59:47Z
COHX,41.2,2026-04-13T19:59:59Z
COIA,5.31,2026-04-13T19:50:58Z
COIG,6.81,2026-04-13T19:59:09Z
COIN,174.56,2026-04-13T19:59:56Z
COIW,11.79,2026-04-13T19:46:13Z
COKE,198.51,2026-04-13T19:54:20Z
COLB,29.15,2026-04-13T19:59:59Z
COLD,12.29,2026-04-13T19:59:58Z
COLL,35.65,2026-04-13T19:59:39Z
COLM,57.27,2026-04-13T19:59:54Z
COLO,42.035,2026-04-13T19:23:10Z
COM,33.185,2026-04-13T19:55:25Z
COMB,25.83,2026-04-13T19:59:50Z
COMP,7.13,2026-04-13T19:59:52Z
COMT,33.2,2026-04-13T19:59:54Z
CON,22.41,2026-04-13T19:59:59Z
CONI,62.04,2026-04-13T16:35:52Z
CONL,6.93,2026-04-13T19:59:46Z
CONX,8.25,2026-04-13T16:35:52Z
CONY,25.82,2026-04-13T19:59:48Z
COO,71.695,2026-04-13T19:59:47Z
COOK,32.88,2026-04-13T16:55:32Z
COOT,0.56,2026-04-13T19:32:51Z
COP,123.61,2026-04-13T19:59:58Z
COPJ,42.825,2026-04-13T19:58:08Z
COPP,40.62,2026-04-13T19:45:35Z
COPX,84.89,2026-04-13T19:59:58Z
COPY,14.155,2026-04-13T16:10:09Z
COPZ,18.18,2026-04-13T16:30:30Z
COR,319.08,2026-04-13T19:59:49Z
CORD,6.78,2026-04-13T19:50:00Z
CORN,17.775,2026-04-13T19:59:45Z
CORO,34.15,2026-04-13T19:59:25Z
CORP,97.21,2026-04-13T18:36:47Z
CORT,43.27,2026-04-13T19:59:49Z
CORZ,18.7,2026-04-13T19:59:59Z
CORZW,12.2,2026-04-13T19:59:50Z
COSM,0.3234,2026-04-13T19:59:59Z
COSO,25.525,2026-04-13T19:57:25Z
COST,980.63,2026-04-13T19:59:59Z
COTG,14.655,2026-04-13T14:45:57Z
COTY,2.26,2026-04-13T19:59:56Z
COUR,5.75,2026-04-13T19:59:55Z
COWG,34.99,2026-04-13T19:59:57Z
COWZ,62.05,2026-04-13T19:59:58Z
COYA,4.405,2026-04-13T19:56:44Z
COYY,4.095,2026-04-13T19:59:46Z
COZX,13.12,2026-04-13T14:17:21Z
CP,81.4,2026-04-13T19:59:47Z
CPA,118.57,2026-04-13T19:59:46Z
CPAC,10.835,2026-04-13T19:52:05Z
CPAY,315.28,2026-04-13T19:59:49Z
CPB,20.175,2026-04-13T19:59:56Z
CPER,36.76,2026-04-13T19:59:51Z
CPF,33.805,2026-04-13T19:58:06Z
CPIX,3.135,2026-04-13T19:24:20Z
CPK,128.9,2026-04-13T19:58:47Z
CPLS,35.45,2026-04-13T19:16:32Z
CPNG,20.14,2026-04-13T19:59:59Z
CPRI,20.075,2026-04-13T19:59:53Z
CPRT,33.24,2026-04-13T19:59:58Z
CPRX,25.35,2026-04-13T19:59:49Z
CPS,30.36,2026-04-13T19:59:08Z
CPSD,26.15,2026-04-13T15:38:46Z
CPSH,4.89,2026-04-13T19:59:46Z
CPSL,27.51,2026-04-13T16:46:00Z
CPSM,28.96,2026-04-13T18:07:34Z
CPSP,26.6,2026-04-13T15:09:23Z
CPT,100.84,2026-04-13T19:59:51Z
CPXR,28.36,2026-04-13T19:34:59Z
CPZ,14.09,2026-04-13T19:45:39Z
CQP,61.93,2026-04-13T19:57:30Z
CQQQ,48.19,2026-04-13T19:59:51Z
CR,193.86,2026-04-13T19:59:49Z
CRAI,164.335,2026-04-13T19:46:50Z
CRAK,48.12,2026-04-13T17:57:26Z
CRAQ,10.19,2026-04-13T15:23:02Z
CRBD,23.75,2026-04-13T18:11:11Z
CRBG,24.94,2026-04-13T19:59:58Z
CRBN,235.72,2026-04-13T19:50:25Z
CRBP,10.185,2026-04-13T19:59:49Z
CRBU,1.955,2026-04-13T19:59:56Z
CRC,65.205,2026-04-13T19:59:23Z
CRCA,41.87,2026-04-13T19:57:22Z
CRCD,5.81,2026-04-13T19:59:51Z
CRCG,2.8,2026-04-13T19:59:48Z
CRCL,98.59,2026-04-13T19:59:59Z
CRCO,22.07,2026-04-13T15:06:15Z
CRCT,4.27,2026-04-13T19:59:55Z
CRD.A,10.6,2026-04-13T19:36:10Z
CRD.B,9.74,2026-04-13T19:47:38Z
CRDF,1.58,2026-04-13T19:59:39Z
CRDL,1.375,2026-04-13T19:59:38Z
CRDO,134.35,2026-04-13T19:59:56Z
CRDU,30.02,2026-04-13T19:58:20Z
CRDX,19.23,2026-04-13T18:06:13Z
CRE,2.27,2026-04-13T15:43:59Z
CREG,0.7078,2026-04-13T19:59:58Z
CRESY,12.09,2026-04-13T19:59:50Z
CREX,3.65,2026-04-13T19:59:36Z
CRF,7.25,2026-04-13T19:58:23Z
CRGO,1.67,2026-04-13T19:59:26Z
CRGY,12.75,2026-04-13T19:59:59Z
CRH,117.26,2026-04-13T19:59:59Z
CRI,34.625,2026-04-13T19:59:52Z
CRIS,0.6137,2026-04-13T19:59:33Z
CRK,17.33,2026-04-13T19:59:55Z
CRL,178.38,2026-04-13T19:59:56Z
CRM,172.775,2026-04-13T19:59:52Z
CRMD,7.33,2026-04-13T19:59:54Z
CRMG,5.37,2026-04-13T19:48:11Z
CRML,9.02,2026-04-13T19:59:59Z
CRMT,11.025,2026-04-13T19:59:55Z
CRMU,6.66,2026-04-13T14:01:25Z
CRMX,15.95,2026-04-13T19:24:09Z
CRNC,7.57,2026-04-13T19:59:56Z
CRNT,2.39,2026-04-13T19:59:53Z
CRNX,38.66,2026-04-13T19:59:52Z
CRON,2.58,2026-04-13T19:59:45Z
CROX,100.205,2026-04-13T19:59:59Z
CRS,443.77,2026-04-13T19:59:49Z
CRSH,27.09,2026-04-13T17:55:01Z
CRSP,54.82,2026-04-13T19:59:50Z
CRSR,6.03,2026-04-13T19:59:57Z
CRT,10.58,2026-04-13T19:02:13Z
CRTO,18.34,2026-04-13T19:59:44Z
CRUS,160.995,2026-04-13T19:59:33Z
CRUX,30.12,2026-04-13T17:11:24Z
CRVL,54.31,2026-04-13T19:59:32Z
CRVO,4.07,2026-04-13T19:38:02Z
CRVS,15.17,2026-04-13T19:59:57Z
CRWD,402.13,2026-04-13T19:59:59Z
CRWG,4.675,2026-04-13T19:58:47Z
CRWL,19.52,2026-04-13T19:47:54Z
CRWS,2.65,2026-04-13T18:24:03Z
CRWU,8.73,2026-04-13T19:58:31Z
CRWV,110.32,2026-04-13T19:59:59Z
CSAI,0.6241,2026-04-13T19:53:58Z
CSAN,4.39,2026-04-13T19:59:43Z
CSBR,5.79,2026-04-13T15:06:52Z
CSCO,82.34,2026-04-13T19:59:59Z
CSCS,19.83,2026-04-13T18:14:01Z
CSEX,21.09,2026-04-13T14:50:19Z
CSGP,37.05,2026-04-13T19:59:49Z
CSGS,80.2,2026-04-13T19:59:59Z
CSHI,49.91,2026-04-13T19:57:03Z
CSHR,6.55,2026-04-13T19:59:46Z
CSIQ,12.71,2026-04-13T19:59:59Z
CSL,356.94,2026-04-13T19:59:53Z
CSMD,32.36,2026-04-13T18:57:39Z
CSNR,37.96,2026-04-13T19:57:06Z
CSPF,26.05,2026-04-13T19:48:56Z
CSPI,8.685,2026-04-13T19:55:01Z
CSQ,18.75,2026-04-13T19:59:50Z
CSR,63.03,2026-04-13T19:57:47Z
CSRE,27.88,2026-04-13T19:53:32Z
CSTE,1.58,2026-04-13T19:57:46Z
CSTL,23.535,2026-04-13T19:59:39Z
CSTM,30.4,2026-04-13T19:59:51Z
CSV,48.065,2026-04-13T19:59:12Z
CSW,298.49,2026-04-13T19:59:49Z
CSWC,23.14,2026-04-13T19:59:45Z
CSX,42.34,2026-04-13T19:59:59Z
CTA,29.77,2026-04-13T19:59:15Z
CTAP,27.94,2026-04-13T13:36:04Z
CTAS,175.63,2026-04-13T19:59:50Z
CTBI,64.62,2026-04-13T19:48:51Z
CTDD,19.51,2026-04-13T13:32:53Z
CTEC,61.49,2026-04-13T13:30:01Z
CTEV,17.26,2026-04-13T18:12:10Z
CTGO,24.09,2026-04-13T19:59:42Z
CTKB,4.59,2026-04-13T19:59:30Z
CTLP,10.88,2026-04-13T19:59:53Z
CTM,0.6815,2026-04-13T19:58:45Z
CTMX,4.385,2026-04-13T19:59:58Z
CTNM,12.785,2026-04-13T19:48:58Z
CTNT,1.58,2026-04-13T19:59:52Z
CTO,19.45,2026-04-13T19:59:52Z
CTOS,7.35,2026-04-13T19:59:57Z
CTRA,33.02,2026-04-13T19:59:59Z
CTRE,38.84,2026-04-13T19:59:59Z
CTRI,33.75,2026-04-13T19:59:50Z
CTRM,1.71,2026-04-13T19:59:46Z
CTRN,45.2,2026-04-13T18:48:22Z
CTS,55.62,2026-04-13T19:59:50Z
CTSH,60.55,2026-04-13T19:59:54Z
CTSO,0.5951,2026-04-13T19:54:02Z
CTVA,83.525,2026-04-13T19:59:53Z
CTW,2.45,2026-04-13T15:20:34Z
CTXR,0.8023,2026-04-13T17:30:49Z
CUBE,39.02,2026-04-13T19:59:58Z
CUBI,74.76,2026-04-13T19:59:56Z
CUE,0.471,2026-04-13T19:59:50Z
CUK,27.68,2026-04-13T19:59:57Z
CULP,3,2026-04-13T16:29:44Z
CUPR,0.3601,2026-04-13T17:17:17Z
CURB,27.48,2026-04-13T19:59:03Z
CURE,93.24,2026-04-13T19:50:24Z
CURI,3.22,2026-04-13T19:57:24Z
CURR,3.42,2026-04-13T18:13:18Z
CURV,2.07,2026-04-13T19:59:53Z
CUZ,23.105,2026-04-13T19:59:54Z
CV,6.41,2026-04-13T19:59:02Z
CVBF,20.61,2026-04-13T19:59:59Z
CVCO,522.85,2026-04-13T19:58:45Z
CVE,26.32,2026-04-13T19:59:58Z
CVEO,29.045,2026-04-13T19:56:47Z
CVGI,4.2,2026-04-13T19:59:50Z
CVGW,27.45,2026-04-13T19:59:45Z
CVI,31.28,2026-04-13T19:59:44Z
CVIE,76.63,2026-04-13T13:59:00Z
CVLG,28.77,2026-04-13T19:54:37Z
CVLT,89.77,2026-04-13T19:59:34Z
CVM,4.05,2026-04-13T18:27:04Z
CVNA,359.1,2026-04-13T19:59:59Z
CVNX,15.6,2026-04-13T18:59:09Z
CVRX,7.805,2026-04-13T19:59:56Z
CVS,78.105,2026-04-13T19:59:55Z
CVSA,112.96,2026-04-13T19:59:46Z
CVSB,50.65,2026-04-13T18:27:41Z
CVU,3.41,2026-04-13T19:59:47Z
CVV,4.22,2026-04-13T19:58:52Z
CVX,191.75,2026-04-13T19:59:57Z
CVY,27.71,2026-04-13T14:55:32Z
CW,733.775,2026-04-13T19:59:58Z
CWAN,24.03,2026-04-13T19:59:59Z
CWB,97.87,2026-04-13T19:59:12Z
CWBC,24.15,2026-04-13T19:59:53Z
CWCO,33.775,2026-04-13T19:59:14Z
CWEB,27.135,2026-04-13T19:59:46Z
CWEN,39.58,2026-04-13T19:59:24Z
CWEN.A,39.61,2026-04-13T19:58:40Z
CWH,7.075,2026-04-13T19:59:56Z
CWI,38.83,2026-04-13T19:59:45Z
CWK,13.65,2026-04-13T19:59:59Z
CWS,66.49,2026-04-13T16:02:49Z
CWST,84.82,2026-04-13T19:59:54Z
CWT,45.075,2026-04-13T19:59:49Z
CWVX,37.9,2026-04-13T19:59:50Z
CX,11.89,2026-04-13T19:59:55Z
CXAI,0.1594,2026-04-13T19:57:33Z
CXDO,6.125,2026-04-13T19:59:11Z
CXE,3.76,2026-04-13T19:59:08Z
CXH,8.28,2026-04-13T17:28:12Z
CXM,5.435,2026-04-13T19:59:56Z
CXRN,18.73,2026-04-13T13:47:32Z
CXT,44.78,2026-04-13T19:59:28Z
CXW,19.915,2026-04-13T19:59:50Z
CYAB,1.32,2026-04-13T19:43:09Z
CYCN,2.88,2026-04-13T19:59:13Z
CYCU,1.225,2026-04-13T19:58:47Z
CYD,44.9,2026-04-13T19:51:40Z
CYH,3.05,2026-04-13T19:59:56Z
CYN,1.59,2026-04-13T19:56:19Z
CYPH,1.01,2026-04-13T19:59:19Z
CYRX,9.65,2026-04-13T19:59:51Z
CYTK,66.7,2026-04-13T19:59:35Z
CZNC,23.56,2026-04-13T19:43:37Z
CZR,26.735,2026-04-13T19:59:50Z
CZWI,20.595,2026-04-13T19:50:32Z
D,62.985,2026-04-13T19:59:53Z
DABS,50.69,2026-04-13T18:38:29Z
DAC,116.45,2026-04-13T19:56:01Z
DAIC,0.193,2026-04-13T15:13:24Z
DAIO,2.4,2026-04-13T19:59:56Z
DAKT,19.86,2026-04-13T19:59:37Z
DAL,67.07,2026-04-13T19:59:53Z
DALI,29.58,2026-04-13T16:19:31Z
DAMD,13.445,2026-04-13T19:54:14Z
DAN,36.68,2026-04-13T19:59:52Z
DAO,9.62,2026-04-13T19:57:13Z
DAPP,17.535,2026-04-13T19:59:47Z
DAPR,39.965,2026-04-13T19:50:15Z
DAR,61.4,2026-04-13T19:59:53Z
DARP,50.355,2026-04-13T16:31:03Z
DASH,159.605,2026-04-13T19:59:59Z
DAT,33.595,2026-04-13T17:47:55Z
DAVA,4.45,2026-04-13T19:59:38Z
DAVE,194.925,2026-04-13T19:59:47Z
DAWN,21.48,2026-04-13T19:59:56Z
DAX,44.52,2026-04-13T19:54:03Z
DB,32.755,2026-04-13T19:59:58Z
DBA,26.94,2026-04-13T19:58:53Z
DBB,24.775,2026-04-13T19:59:45Z
DBC,28.955,2026-04-13T19:59:40Z
DBD,85.11,2026-04-13T19:59:48Z
DBE,29.09,2026-04-13T19:35:30Z
DBEF,51.75,2026-04-13T19:58:41Z
DBEM,36.38,2026-04-13T19:14:41Z
DBEU,50.915,2026-04-13T19:20:03Z
DBGI,2.19,2026-04-13T19:59:45Z
DBI,6.76,2026-04-13T19:59:53Z
DBJP,104.86,2026-04-13T13:33:26Z
DBL,14.475,2026-04-13T19:56:58Z
DBMF,30.435,2026-04-13T19:58:36Z
DBND,45.87,2026-04-13T16:30:51Z
DBO,20.38,2026-04-13T19:59:54Z
DBP,110.81,2026-04-13T15:42:14Z
DBRG,15.57,2026-04-13T19:59:57Z
DBRG-H,16,2026-04-13T19:23:02Z
DBRG-I,16.17,2026-04-13T18:12:47Z
DBVT,22.185,2026-04-13T19:59:42Z
DBX,22.72,2026-04-13T19:59:55Z
DC,5.77,2026-04-13T19:59:57Z
DCBO,15.345,2026-04-13T19:49:11Z
DCGO,0.5786,2026-04-13T19:58:25Z
DCH,6.09,2026-04-13T19:59:57Z
DCI,88.91,2026-04-13T19:59:50Z
DCO,141.04,2026-04-13T19:58:29Z
DCOM,36.055,2026-04-13T19:59:54Z
DCOR,75.785,2026-04-13T19:58:49Z
DCOY,6.07,2026-04-13T19:19:56Z
DCRE,51.89,2026-04-13T13:59:35Z
DCTH,10.44,2026-04-13T19:59:48Z
DD,47.135,2026-04-13T19:59:55Z
DDC,1.93,2026-04-13T18:55:04Z
DDD,1.97,2026-04-13T19:59:57Z
DDFF,19.31,2026-04-13T16:50:52Z
DDFJ,19.21,2026-04-13T18:38:01Z
DDFM,19.15,2026-04-13T13:30:01Z
DDFN,19.45,2026-04-13T18:01:51Z
DDI,8.9,2026-04-13T19:59:16Z
DDL,2.66,2026-04-13T19:58:14Z
DDLS,44.855,2026-04-13T15:57:45Z
DDM,56.22,2026-04-13T19:59:46Z
DDOG,110.07,2026-04-13T19:59:58Z
DDS,591.27,2026-04-13T19:50:05Z
DDSQ,20.5,2026-04-13T18:49:48Z
DDT,26.23,2026-04-13T15:30:06Z
DDTA,19.65,2026-04-13T19:02:28Z
DDTF,19.23,2026-04-13T19:39:41Z
DDTN,19.25,2026-04-13T13:38:20Z
DDV,25.21,2026-04-13T19:19:58Z
DDWM,46.055,2026-04-13T19:48:27Z
DE,603.105,2026-04-13T19:59:50Z
DEA,23.19,2026-04-13T19:59:59Z
DEC,16.18,2026-04-13T19:59:53Z
DECK,108.185,2026-04-13T19:59:50Z
DECP,30.74,2026-04-13T18:59:55Z
DECT,36.77,2026-04-13T14:53:53Z
DECU,27.39,2026-04-13T19:35:39Z
DEED,21.51,2026-04-13T19:57:04Z
DEFT,0.76,2026-04-13T19:59:58Z
DEHP,36.39,2026-04-13T16:06:29Z
DEI,9.665,2026-04-13T19:59:48Z
DELL,189.78,2026-04-13T19:59:54Z
DEM,51.58,2026-04-13T19:45:37Z
DEO,79.255,2026-04-13T19:59:34Z
DERM,5.22,2026-04-13T19:59:57Z
DES,37.65,2026-04-13T19:46:37Z
DEUS,62.06,2026-04-13T19:52:42Z
DEVS,0.9172,2026-04-13T19:58:29Z
DFAC,40.91,2026-04-13T19:59:52Z
DFAE,36.42,2026-04-13T19:59:55Z
DFAI,41.165,2026-04-13T19:59:47Z
DFAR,24.925,2026-04-13T19:54:29Z
DFAS,75.01,2026-04-13T19:51:50Z
DFAT,65.21,2026-04-13T19:55:18Z
DFAU,47.53,2026-04-13T19:59:58Z
DFAW,77.39,2026-04-13T17:15:02Z
DFAX,36.16,2026-04-13T19:59:11Z
DFCA,50.16,2026-04-13T16:25:58Z
DFCF,42.535,2026-04-13T19:58:18Z
DFDV,3.99,2026-04-13T19:59:19Z
DFEB,48.61,2026-04-13T19:31:53Z
DFEM,37.145,2026-04-13T19:58:05Z
DFEN,74.98,2026-04-13T19:36:31Z
DFEV,38.21,2026-04-13T19:59:57Z
DFGP,54.35,2026-04-13T19:55:11Z
DFGR,28.05,2026-04-13T19:59:51Z
DFGX,52.685,2026-04-13T19:59:40Z
DFH,14.295,2026-04-13T19:59:30Z
DFIC,37.52,2026-04-13T19:59:50Z
DFIN,48.81,2026-04-13T19:59:26Z
DFIP,42.08,2026-04-13T19:37:42Z
DFIS,35.64,2026-04-13T19:54:33Z
DFIV,55.435,2026-04-13T19:59:41Z
DFJ,105.92,2026-04-13T19:54:44Z
DFLI,2.09,2026-04-13T19:59:46Z
DFLV,36.99,2026-04-13T19:59:19Z
DFNL,47.32,2026-04-13T18:58:05Z
DFNM,48.305,2026-04-13T19:50:08Z
DFNS,0.5811,2026-04-13T19:58:48Z
DFP,20.74,2026-04-13T19:41:19Z
DFSC,1.975,2026-04-13T18:45:23Z
DFSD,48.07,2026-04-13T19:59:58Z
DFSE,45.565,2026-04-13T19:52:51Z
DFSI,45.03,2026-04-13T19:59:34Z
DFSU,43.39,2026-04-13T19:59:23Z
DFSV,36.47,2026-04-13T19:59:03Z
DFTX,22.255,2026-04-13T19:59:51Z
DFUS,74.835,2026-04-13T19:59:48Z
DFUV,50.21,2026-04-13T19:35:04Z
DG,119.28,2026-04-13T19:59:52Z
DGCB,54.56,2026-04-13T19:35:16Z
DGICA,17.29,2026-04-13T19:59:50Z
DGII,55.11,2026-04-13T19:59:50Z
DGNX,0.5192,2026-04-13T19:59:52Z
DGP,187.26,2026-04-13T19:53:10Z
DGRO,72.28,2026-04-13T19:59:57Z
DGRS,55.53,2026-04-13T19:31:52Z
DGRW,91.2,2026-04-13T19:59:41Z
DGS,63.565,2026-04-13T19:21:27Z
DGT,176.86,2026-04-13T19:06:37Z
DGX,192.82,2026-04-13T19:59:52Z
DGXX,2.53,2026-04-13T19:59:58Z
DH,0.9901,2026-04-13T19:58:07Z
DHC,7.14,2026-04-13T19:59:59Z
DHF,2.43,2026-04-13T19:59:58Z
DHI,144.33,2026-04-13T19:59:55Z
DHLX,13.22,2026-04-13T19:22:18Z
DHR,195.93,2026-04-13T19:59:50Z
DHS,109.04,2026-04-13T17:54:48Z
DHT,17.57,2026-04-13T19:59:55Z
DHX,2.89,2026-04-13T19:59:35Z
DHY,1.88,2026-04-13T19:59:50Z
DIA,482.2,2026-04-13T19:59:53Z
DIAL,18.255,2026-04-13T19:54:54Z
DIBS,5.595,2026-04-13T19:58:17Z
DIEM,37.83,2026-04-13T19:59:05Z
DIG,57.73,2026-04-13T19:59:47Z
DIHP,33.875,2026-04-13T19:56:01Z
DIM,86.57,2026-04-13T14:09:20Z
DIME,8.25,2026-04-13T14:55:56Z
DIN,25.54,2026-04-13T19:36:08Z
DINO,58.545,2026-04-13T19:59:54Z
DINT,27.89,2026-04-13T16:43:54Z
DIOD,88.29,2026-04-13T19:59:55Z
DIS,101.17,2026-04-13T19:59:58Z
DISO,10.14,2026-04-13T16:30:57Z
DISV,41.4,2026-04-13T19:59:50Z
DIV,19.15,2026-04-13T19:58:47Z
DIVB,54.67,2026-04-13T16:07:12Z
DIVI,41.75,2026-04-13T16:13:02Z
DIVO,45.69,2026-04-13T19:59:46Z
DIVP,26.25,2026-04-13T19:11:09Z
DJCO,501.02,2026-04-13T19:59:19Z
DJD,59.41,2026-04-13T18:41:24Z
DJIA,21.32,2026-04-13T19:39:15Z
DJP,47.26,2026-04-13T19:28:42Z
DJT,9.59,2026-04-13T19:59:57Z
DJTU,1.69,2026-04-13T19:59:46Z
DJTWW,4.96,2026-04-13T19:20:50Z
DJUL,48.05,2026-04-13T16:23:53Z
DK,41.095,2026-04-13T19:59:49Z
DKI,0.5633,2026-04-13T19:59:34Z
DKL,49.09,2026-04-13T19:57:21Z
DKNG,22.51,2026-04-13T19:59:56Z
DKS,210.6,2026-04-13T19:59:55Z
DLAG,31.56,2026-04-13T19:29:45Z
DLB,61.53,2026-04-13T19:59:49Z
DLLL,46.47,2026-04-13T19:57:55Z
DLN,92.05,2026-04-13T19:59:46Z
DLNG,4.01,2026-04-13T19:53:26Z
DLO,13.65,2026-04-13T19:59:49Z
DLPN,1.55,2026-04-13T15:23:50Z
DLR,191.85,2026-04-13T19:59:53Z
DLR-J,20.26,2026-04-13T19:22:03Z
DLR-L,19.75,2026-04-13T17:29:57Z
DLS,86.42,2026-04-13T18:42:00Z
DLTH,3.18,2026-04-13T19:50:03Z
DLTR,102.115,2026-04-13T19:59:49Z
DLX,28.8,2026-04-13T19:59:59Z
DLXY,0.6898,2026-04-13T19:55:54Z
DLY,14.25,2026-04-13T19:56:41Z
DMA,7.975,2026-04-13T18:55:15Z
DMAC,6.29,2026-04-13T19:59:02Z
DMB,10.86,2026-04-13T19:58:06Z
DMBS,49.5,2026-04-13T19:53:34Z
DMLP,28.4,2026-04-13T19:56:52Z
DMO,11.035,2026-04-13T19:44:42Z
DMRA,26.3,2026-04-13T19:59:45Z
DMRC,6.38,2026-04-13T19:59:53Z
DMX,50.27,2026-04-13T19:47:30Z
DMXF,79.7,2026-04-13T16:40:00Z
DNA,6.68,2026-04-13T19:59:59Z
DNL,42.975,2026-04-13T15:18:27Z
DNLI,19.41,2026-04-13T19:59:57Z
DNMX,9.95,2026-04-13T14:13:43Z
DNN,3.74,2026-04-13T19:59:54Z
DNOW,12.38,2026-04-13T19:59:59Z
DNP,10.435,2026-04-13T19:57:31Z
DNTH,90.01,2026-04-13T19:59:53Z
DNUT,3.3,2026-04-13T19:59:57Z
DOC,16.49,2026-04-13T19:59:57Z
DOCN,79.89,2026-04-13T19:59:51Z
DOCS,22.655,2026-04-13T19:59:49Z
DOCT,44.63,2026-04-13T19:30:45Z
DOCU,45.385,2026-04-13T19:59:54Z
DOG,23.5,2026-04-13T19:59:29Z
DOGD,13.58,2026-04-13T14:30:14Z
DOGG,21.29,2026-04-13T19:52:53Z
DOGZ,1.27,2026-04-13T19:57:51Z
DOJE,8.625,2026-04-13T17:43:30Z
DOL,71.8,2026-04-13T18:33:13Z
DOLE,15.5,2026-04-13T19:59:41Z
DOMH,2.97,2026-04-13T16:18:48Z
DOMO,2.69,2026-04-13T19:59:55Z
DON,54.19,2026-04-13T16:47:20Z
DOO,76.955,2026-04-13T19:59:08Z
DORM,109.6,2026-04-13T19:56:21Z
DOUG,1.705,2026-04-13T19:59:51Z
DOV,219.28,2026-04-13T19:59:46Z
DOW,40.105,2026-04-13T19:59:59Z
DOX,64.95,2026-04-13T19:59:28Z
DOYU,4.78,2026-04-13T19:03:48Z
DPG,14.805,2026-04-13T19:54:27Z
DPRO,5.46,2026-04-13T19:59:13Z
DPST,116.09,2026-04-13T19:56:01Z
DPZ,368.83,2026-04-13T19:59:43Z
DQ,21.345,2026-04-13T19:59:31Z
DRAI,30.44,2026-04-13T14:20:33Z
DRAM,33.54,2026-04-13T19:59:53Z
DRAY,15.84,2026-04-13T13:44:43Z
DRCT,0.6181,2026-04-13T19:02:49Z
DRD,31.655,2026-04-13T19:58:51Z
DRH,10.21,2026-04-13T19:59:57Z
DRI,191.885,2026-04-13T19:59:56Z
DRIO,7.49,2026-04-13T15:13:50Z
DRIP,4.75,2026-04-13T19:59:59Z
DRIV,33.58,2026-04-13T19:11:32Z
DRLL,36.51,2026-04-13T16:42:04Z
DRMA,1.31,2026-04-13T19:59:50Z
DRN,9.86,2026-04-13T19:50:18Z
DRNZ,25.13,2026-04-13T16:41:32Z
DRS,47.435,2026-04-13T19:59:45Z
DRSK,27.96,2026-04-13T19:40:58Z
DRTS,7.6,2026-04-13T19:59:46Z
DRUG,83.38,2026-04-13T17:59:50Z
DRV,21.38,2026-04-13T19:55:50Z
DRVN,12.82,2026-04-13T19:59:54Z
DSAC,9.92,2026-04-13T19:37:47Z
DSCO,24.81,2026-04-13T18:27:41Z
DSEP,45.22,2026-04-13T19:00:25Z
DSGN,12.345,2026-04-13T19:59:26Z
DSGR,27.45,2026-04-13T18:40:50Z
DSGX,66.46,2026-04-13T19:59:49Z
DSI,127.52,2026-04-13T19:50:30Z
DSL,11.13,2026-04-13T19:59:49Z
DSM,6.075,2026-04-13T16:39:41Z
DSMC,38.09,2026-04-13T18:13:35Z
DSP,9.985,2026-04-13T19:59:02Z
DSTL,58.8,2026-04-13T19:55:04Z
DSU,9.795,2026-04-13T19:52:04Z
DSWL,3.38,2026-04-13T19:17:01Z
DSX,2.52,2026-04-13T19:59:03Z
DT,33.75,2026-04-13T19:59:59Z
DTB,16.74,2026-04-13T17:59:45Z
DTCR,26.665,2026-04-13T19:59:24Z
DTCX,2.27,2026-04-13T19:58:57Z
DTE,147.54,2026-04-13T19:59:50Z
DTEC,43.28,2026-04-13T14:57:32Z
DTF,11.475,2026-04-13T18:26:20Z
DTG,16.95,2026-04-13T19:20:54Z
DTH,56.705,2026-04-13T19:41:54Z
DTI,3.49,2026-04-13T19:59:59Z
DTIL,7.1,2026-04-13T19:57:23Z
DTK,24.49,2026-04-13T19:22:07Z
DTM,132.98,2026-04-13T19:59:33Z
DTST,4.185,2026-04-13T18:00:30Z
DTW,21,2026-04-13T16:21:38Z
DUG,18.94,2026-04-13T16:16:12Z
DUHP,38.16,2026-04-13T19:37:00Z
DUK,130.4,2026-04-13T19:59:49Z
DUKB,23.75,2026-04-13T19:58:20Z
DUKH,24.01,2026-04-13T19:59:45Z
DUKZ,25.23,2026-04-13T19:49:06Z
DUNK,20.79,2026-04-13T19:00:29Z
DUOG,2.84,2026-04-13T19:59:41Z
DUOL,93.49,2026-04-13T19:59:55Z
DUOT,7.34,2026-04-13T19:59:13Z
DUSA,52.93,2026-04-13T18:32:15Z
DUSB,50.785,2026-04-13T19:57:14Z
DUSL,87.14,2026-04-13T18:12:59Z
DUST,43.545,2026-04-13T19:59:57Z
DUTY,24.17,2026-04-13T16:54:47Z
DV,10.06,2026-04-13T19:59:51Z
DVA,151.65,2026-04-13T19:51:36Z
DVLT,0.6985,2026-04-13T19:59:26Z
DVLU,35.74,2026-04-13T14:10:01Z
DVN,47.25,2026-04-13T19:59:58Z
DVY,152.375,2026-04-13T19:59:49Z
DVYE,35.54,2026-04-13T17:19:05Z
DWAS,106.94,2026-04-13T19:19:52Z
DWM,72.92,2026-04-13T15:48:53Z
DWSN,2.59,2026-04-13T15:04:16Z
DWTX,1.92,2026-04-13T19:55:48Z
DX,13.08,2026-04-13T19:59:57Z
DXC,12.29,2026-04-13T19:59:58Z
DXCM,63.14,2026-04-13T19:59:55Z
DXD,20.4,2026-04-13T19:50:08Z
DXF,0.76,2026-04-13T19:25:56Z
DXIV,71.215,2026-04-13T19:32:05Z
DXJ,165.81,2026-04-13T19:59:52Z
DXPE,156.53,2026-04-13T19:56:00Z
DXR,9.47,2026-04-13T14:53:23Z
DXYZ,29.945,2026-04-13T19:59:59Z
DY,397.62,2026-04-13T19:58:31Z
DYLG,26.04,2026-04-13T15:48:54Z
DYN,18.99,2026-04-13T19:59:58Z
DYNF,61.69,2026-04-13T19:59:50Z
DYORU,10.08,2026-04-13T13:38:07Z
E,56.02,2026-04-13T19:59:48Z
EA,202.515,2026-04-13T19:59:59Z
EAD,6.6,2026-04-13T19:58:13Z
EAF,7.78,2026-04-13T19:59:59Z
EAGG,47.68,2026-04-13T19:59:51Z
EAGL,31.845,2026-04-13T19:55:00Z
EAI,20.59,2026-04-13T19:17:29Z
EAPR,31.73,2026-04-13T18:59:50Z
EARN,4.605,2026-04-13T19:53:04Z
EART,32.37,2026-04-13T14:21:26Z
EASG,37.145,2026-04-13T19:28:53Z
EAT,154.17,2026-04-13T19:59:57Z
EBAY,98.19,2026-04-13T19:59:57Z
EBC,20.74,2026-04-13T19:59:59Z
EBF,22.03,2026-04-13T19:59:51Z
EBI,60.345,2026-04-13T19:59:46Z
EBIZ,27.57,2026-04-13T17:50:31Z
EBMT,21.93,2026-04-13T19:59:33Z
EBND,21.295,2026-04-13T19:59:46Z
EBS,8.23,2026-04-13T19:59:59Z
EC,14.11,2026-04-13T19:59:54Z
ECAT,14.985,2026-04-13T19:59:57Z
ECBK,18.335,2026-04-13T16:21:02Z
ECC,3.81,2026-04-13T19:59:56Z
ECF,11.83,2026-04-13T19:57:57Z
ECG,130.93,2026-04-13T19:59:39Z
ECH,42.83,2026-04-13T19:59:04Z
ECL,275.17,2026-04-13T19:59:53Z
ECNS,33.45,2026-04-13T14:03:53Z
ECO,49.75,2026-04-13T19:59:23Z
ECON,30.75,2026-04-13T19:15:18Z
ECOR,6.27,2026-04-13T15:36:29Z
ECOW,27.97,2026-04-13T19:59:53Z
ECPG,78.13,2026-04-13T19:59:14Z
ECVT,14.41,2026-04-13T19:59:59Z
ECX,1.095,2026-04-13T19:55:00Z
ED,111.9,2026-04-13T19:59:49Z
EDAP,3.32,2026-04-13T14:11:46Z
EDBLW,0.09,2026-04-13T16:51:05Z
EDC,68.28,2026-04-13T17:21:08Z
EDD,5.515,2026-04-13T19:51:14Z
EDF,5.02,2026-04-13T19:52:58Z
EDGH,34.5,2026-04-13T17:41:58Z
EDGU,28.82,2026-04-13T17:21:18Z
EDHL,2.65,2026-04-13T13:38:32Z
EDIT,3.19,2026-04-13T19:59:45Z
EDIV,41.06,2026-04-13T19:57:38Z
EDN,28.185,2026-04-13T19:50:33Z
EDSA,5.995,2026-04-13T19:59:55Z
EDU,56.705,2026-04-13T19:59:52Z
EDV,64.575,2026-04-13T19:59:19Z
EDZ,23.42,2026-04-13T19:59:04Z
EE,33.745,2026-04-13T19:59:49Z
EEA,10.53,2026-04-13T19:59:40Z
EEFT,70.445,2026-04-13T19:59:48Z
EEIQ,4.46,2026-04-13T19:59:23Z
EELV,29.22,2026-04-13T19:32:52Z
EEM,61.07,2026-04-13T19:59:59Z
EEMA,102.35,2026-04-13T17:46:36Z
EEMO,19.12,2026-04-13T19:34:12Z
EEMV,68.34,2026-04-13T19:57:40Z
EEV,14.58,2026-04-13T19:05:12Z
EEX,4.66,2026-04-13T19:58:30Z
EFA,102.81,2026-04-13T19:59:59Z
EFAA,54.87,2026-04-13T17:45:20Z
EFAS,21.88,2026-04-13T19:50:05Z
EFAV,93.49,2026-04-13T19:59:58Z
EFAX,52.92,2026-04-13T19:46:29Z
EFC,12.655,2026-04-13T19:59:59Z
EFFI,24.675,2026-04-13T15:50:22Z
EFG,119.3,2026-04-13T19:59:56Z
EFIV,66.04,2026-04-13T18:42:47Z
EFOI,1.96,2026-04-13T14:21:44Z
EFSC,58.045,2026-04-13T19:59:43Z
EFSI,38.855,2026-04-13T16:37:43Z
EFT,10.71,2026-04-13T19:35:38Z
EFU,7.73,2026-04-13T17:23:21Z
EFV,78.18,2026-04-13T19:59:57Z
EFX,186.485,2026-04-13T19:59:59Z
EFXT,22.24,2026-04-13T19:59:53Z
EG,333.32,2026-04-13T19:59:56Z
EGAN,7.655,2026-04-13T19:59:46Z
EGBN,26.58,2026-04-13T19:59:30Z
EGGQ,46.79,2026-04-13T19:30:04Z
EGGY,33.67,2026-04-13T19:09:39Z
EGHT,1.795,2026-04-13T19:59:49Z
EGO,36.92,2026-04-13T19:59:59Z
EGP,192.7,2026-04-13T19:59:46Z
EGY,5.88,2026-04-13T19:59:44Z
EH,10.81,2026-04-13T19:59:23Z
EHAB,13.975,2026-04-13T19:57:54Z
EHC,107.56,2026-04-13T19:59:59Z
EHLD,7.67,2026-04-13T18:01:00Z
EHTH,1.475,2026-04-13T19:59:15Z
EIC,9.655,2026-04-13T19:54:36Z
EIDO,16.16,2026-04-13T19:59:56Z
EIG,42.11,2026-04-13T19:50:05Z
EIKN,9.9,2026-04-13T19:58:31Z
EIM,9.88,2026-04-13T18:17:37Z
EINC,116.9,2026-04-13T13:45:30Z
EIPI,22.19,2026-04-13T18:29:10Z
EIPX,31.78,2026-04-13T19:58:51Z
EIS,125.145,2026-04-13T19:59:05Z
EIX,72.41,2026-04-13T19:59:54Z
EJH,1.83,2026-04-13T13:31:06Z
EJUL,30.57,2026-04-13T14:45:44Z
EL,74.57,2026-04-13T19:59:56Z
ELA,17.33,2026-04-13T19:58:49Z
ELAB,5.05,2026-04-13T19:59:05Z
ELAN,23.845,2026-04-13T19:59:58Z
ELBM,0.6114,2026-04-13T19:55:01Z
ELCV,29.85,2026-04-13T19:47:30Z
ELD,29.1,2026-04-13T17:28:25Z
ELDN,3.21,2026-04-13T19:59:55Z
ELE,19.45,2026-04-13T19:59:13Z
ELF,65.64,2026-04-13T19:59:53Z
ELLA,25.05,2026-04-13T16:52:47Z
ELM,28.07,2026-04-13T18:03:20Z
ELMD,24.76,2026-04-13T19:21:19Z
ELME,2.14,2026-04-13T19:59:53Z
ELPC,13.415,2026-04-13T19:59:52Z
ELPW,1.9,2026-04-13T18:48:07Z
ELS,64.3,2026-04-13T19:59:52Z
ELTX,10.88,2026-04-13T19:50:02Z
ELUT,1.095,2026-04-13T19:11:49Z
ELV,316.005,2026-04-13T19:59:57Z
ELVA,8.52,2026-04-13T19:59:55Z
ELVN,43.82,2026-04-13T19:59:50Z
ELVR,62.815,2026-04-13T14:46:03Z
ELWT,6.15,2026-04-13T17:10:07Z
EM,1.14,2026-04-13T14:39:17Z
EMA,52.54,2026-04-13T19:59:03Z
EMAT,8.07,2026-04-13T19:59:44Z
EMB,95.975,2026-04-13T19:59:59Z
EMBC,9.255,2026-04-13T19:59:45Z
EMBD,23.81,2026-04-13T17:52:53Z
EMBJ,69.74,2026-04-13T19:59:49Z
EMBX,51.54,2026-04-13T19:22:38Z
EMC,33.3,2026-04-13T19:59:59Z
EMCR,40.01,2026-04-13T19:19:40Z
EMD,10.62,2026-04-13T19:59:02Z
EMDM,38.48,2026-04-13T15:48:06Z
EME,812.54,2026-04-13T19:59:44Z
EMEQ,50.17,2026-04-13T19:17:28Z
EMET,43.47,2026-04-13T13:32:07Z
EMF,19.205,2026-04-13T19:52:19Z
EMGF,65.13,2026-04-13T19:59:07Z
EMHC,25.29,2026-04-13T18:16:34Z
EMHY,40.305,2026-04-13T19:55:00Z
EMKT,27.58,2026-04-13T16:05:36Z
EML,22.215,2026-04-13T19:07:20Z
EMLC,25.9,2026-04-13T19:59:51Z
EMLP,43.41,2026-04-13T19:38:37Z
EMM,38.46,2026-04-13T16:03:01Z
EMMF,34.79,2026-04-13T17:35:35Z
EMN,74.16,2026-04-13T19:59:51Z
EMNT,98.785,2026-04-13T18:11:42Z
EMO,50.32,2026-04-13T19:10:34Z
EMOP,47.32,2026-04-13T19:04:17Z
EMPD,4.9,2026-04-13T19:59:54Z
EMQQ,33.94,2026-04-13T19:52:13Z
EMR,144.455,2026-04-13T19:59:55Z
EMTY,11.71,2026-04-13T19:59:46Z
EMXC,85.98,2026-04-13T19:59:58Z
EMXF,51.04,2026-04-13T18:49:38Z
ENB,53.48,2026-04-13T19:59:59Z
ENDW,32.97,2026-04-13T17:30:10Z
ENFR,37.095,2026-04-13T19:59:45Z
ENGN,7.45,2026-04-13T19:52:57Z
ENGS,1.21,2026-04-13T16:44:30Z
ENIC,4.45,2026-04-13T19:59:53Z
ENLT,75.58,2026-04-13T19:59:55Z
ENLV,0.8263,2026-04-13T19:59:42Z
ENOR,37.675,2026-04-13T19:43:00Z
ENOV,24.855,2026-04-13T19:59:54Z
ENPH,31.31,2026-04-13T19:59:49Z
ENPX,11.15,2026-04-13T18:08:36Z
ENR,18.87,2026-04-13T19:59:44Z
ENS,194.43,2026-04-13T19:59:27Z
ENSC,0.5465,2026-04-13T19:58:36Z
ENSG,200.42,2026-04-13T19:58:50Z
ENTA,14.35,2026-04-13T19:42:42Z
ENTG,138.125,2026-04-13T19:59:50Z
ENTX,1.13,2026-04-13T18:12:10Z
ENVA,150.57,2026-04-13T19:58:52Z
ENVB,1.98,2026-04-13T19:28:06Z
ENVX,5.98,2026-04-13T19:59:59Z
ENZL,44.24,2026-04-13T14:33:03Z
EOD,6.23,2026-04-13T15:44:04Z
EOG,136.91,2026-04-13T19:59:55Z
EOI,19.61,2026-04-13T19:23:54Z
EOLS,4.34,2026-04-13T19:59:50Z
EONR,0.7658,2026-04-13T19:50:35Z
EOS,21.655,2026-04-13T19:59:50Z
EOSE,6.16,2026-04-13T19:59:57Z
EOSU,1.35,2026-04-13T19:52:48Z
EOT,17.115,2026-04-13T18:40:36Z
EP,2.9,2026-04-13T19:59:45Z
EPAC,37.02,2026-04-13T19:59:49Z
EPAM,125.05,2026-04-13T19:59:51Z
EPC,22.2,2026-04-13T19:59:53Z
EPD,37.425,2026-04-13T19:59:56Z
EPHE,25.47,2026-04-13T19:50:03Z
EPI,42.99,2026-04-13T19:59:57Z
EPM,4.47,2026-04-13T19:59:57Z
EPOL,39.87,2026-04-13T19:59:06Z
EPP,56.615,2026-04-13T19:59:10Z
EPR,54.78,2026-04-13T19:59:41Z
EPR-G,20.05,2026-04-13T15:54:05Z
EPRF,16.87,2026-04-13T18:28:01Z
EPRT,32.14,2026-04-13T19:59:50Z
EPRX,7.17,2026-04-13T19:59:15Z
EPS,71.82,2026-04-13T19:59:50Z
EPSM,1.37,2026-04-13T19:46:05Z
EPSN,6.07,2026-04-13T19:59:59Z
EPU,87.53,2026-04-13T16:42:38Z
EPV,19.45,2026-04-13T19:47:00Z
EQ,1.7,2026-04-13T19:59:57Z
EQAL,57.115,2026-04-13T19:59:10Z
EQBK,46.17,2026-04-13T19:53:26Z
EQH,38.22,2026-04-13T19:59:59Z
EQH-A,19.88,2026-04-13T17:13:16Z
EQH-C,16.39,2026-04-13T14:55:08Z
EQIN,49.69,2026-04-13T16:42:53Z
EQIX,1056.71,2026-04-13T19:59:49Z
EQL,48.96,2026-04-13T19:58:45Z
EQNR,39.18,2026-04-13T19:59:59Z
EQPT,21.06,2026-04-13T19:59:49Z
EQR,60.76,2026-04-13T19:59:40Z
EQRR,71.5,2026-04-13T17:17:10Z
EQT,57.68,2026-04-13T19:59:59Z
EQTY,26.62,2026-04-13T16:23:01Z
EQWL,119.1,2026-04-13T19:53:22Z
EQX,15.07,2026-04-13T19:59:59Z
ERAS,16.29,2026-04-13T19:59:59Z
ERC,9.2,2026-04-13T19:19:31Z
ERET,28.29,2026-04-13T15:55:05Z
ERH,12.37,2026-04-13T18:30:38Z
ERIC,12.04,2026-04-13T19:59:59Z
ERIE,261.45,2026-04-13T19:59:47Z
ERII,11.41,2026-04-13T19:59:52Z
ERNA,0.1963,2026-04-13T19:59:55Z
ERO,32.14,2026-04-13T19:59:38Z
ERX,89.35,2026-04-13T19:59:59Z
ERY,11.74,2026-04-13T19:59:53Z
ES,68.69,2026-04-13T19:59:53Z
ESAB,102.225,2026-04-13T19:59:46Z
ESCA,18.04,2026-04-13T18:51:39Z
ESE,316.755,2026-04-13T19:59:49Z
ESEA,69.44,2026-04-13T19:59:45Z
ESGD,101.39,2026-04-13T19:54:17Z
ESGE,48.84,2026-04-13T19:59:45Z
ESGU,148.97,2026-04-13T19:59:38Z
ESGV,118.875,2026-04-13T18:53:10Z
ESI,38.02,2026-04-13T19:59:46Z
ESLA,1.82,2026-04-13T19:50:59Z
ESLT,934.95,2026-04-13T19:59:37Z
ESML,49.74,2026-04-13T19:12:56Z
ESNT,61.04,2026-04-13T19:59:54Z
ESOA,14.415,2026-04-13T19:58:52Z
ESPR,2.225,2026-04-13T19:59:54Z
ESQ,112.99,2026-04-13T18:58:15Z
ESRT,5.27,2026-04-13T19:59:59Z
ESS,248.885,2026-04-13T19:59:42Z
ESTA,62.97,2026-04-13T19:59:28Z
ESTC,45.57,2026-04-13T19:59:56Z
ESUM,27.3,2026-04-13T19:31:38Z
ET,18.87,2026-04-13T19:59:58Z
ETB,15.13,2026-04-13T16:49:39Z
ETD,22.25,2026-04-13T19:59:59Z
ETG,21.5,2026-04-13T19:59:36Z
ETH,21.47,2026-04-13T19:59:57Z
ETHA,17.1,2026-04-13T19:59:58Z
ETHB,28.63,2026-04-13T17:56:32Z
ETHD,53,2026-04-13T19:56:08Z
ETHE,18.39,2026-04-13T19:59:55Z
ETHM,10.755,2026-04-13T19:43:59Z
ETHMW,0.125,2026-04-13T19:58:33Z
ETHO,70.57,2026-04-13T17:31:30Z
ETHT,17.36,2026-04-13T19:56:22Z
ETHU,25.85,2026-04-13T19:59:38Z
ETHV,33.115,2026-04-13T19:56:08Z
ETHW,16.2,2026-04-13T19:59:21Z
ETJ,8.435,2026-04-13T19:59:06Z
ETN,403.45,2026-04-13T19:59:53Z
ETON,26.04,2026-04-13T19:59:58Z
ETOR,33.325,2026-04-13T19:59:51Z
ETR,115.35,2026-04-13T19:59:49Z
ETS,0.6575,2026-04-13T19:26:46Z
ETSY,55.37,2026-04-13T19:59:53Z
ETU,6.86,2026-04-13T19:56:08Z
ETV,14.28,2026-04-13T19:53:55Z
ETW,9.315,2026-04-13T19:59:58Z
ETY,14.29,2026-04-13T19:42:40Z
EU,1.875,2026-04-13T19:59:57Z
EUAD,44.18,2026-04-13T19:59:33Z
EUDG,38.5,2026-04-13T19:40:15Z
EUFN,37.85,2026-04-13T19:59:54Z
EUM,17.82,2026-04-13T19:59:56Z
EUO,28.86,2026-04-13T15:11:37Z
EURL,45.34,2026-04-13T19:50:19Z
EUSA,105.31,2026-04-13T19:16:09Z
EUSB,43.635,2026-04-13T19:50:01Z
EVAX,4.06,2026-04-13T17:17:44Z
EVC,3.26,2026-04-13T19:59:55Z
EVCM,11.59,2026-04-13T19:59:51Z
EVER,15.52,2026-04-13T19:59:59Z
EVEX,2.695,2026-04-13T19:59:56Z
EVF,4.995,2026-04-13T17:50:04Z
EVG,10.78,2026-04-13T19:45:32Z
EVGO,1.93,2026-04-13T19:59:50Z
EVH,2.54,2026-04-13T19:59:41Z
EVI,22.34,2026-04-13T19:59:48Z
EVIM,53.01,2026-04-13T18:25:03Z
EVLN,48.34,2026-04-13T19:55:44Z
EVLV,6.34,2026-04-13T19:59:55Z
EVMN,27.01,2026-04-13T19:59:27Z
EVMO,50.54,2026-04-13T19:46:45Z
EVN,10.62,2026-04-13T17:15:52Z
EVO,2.77,2026-04-13T19:59:44Z
EVR,350.45,2026-04-13T19:59:59Z
EVRG,82.46,2026-04-13T19:59:55Z
EVSB,50.84,2026-04-13T19:54:06Z
EVSD,51.115,2026-04-13T16:43:44Z
EVSM,50.37,2026-04-13T17:57:26Z
EVT,25.47,2026-04-13T17:20:34Z
EVTC,28.98,2026-04-13T19:59:54Z
EVTL,2.445,2026-04-13T19:59:47Z
EVTR,51.145,2026-04-13T19:53:22Z
EVTV,1.92,2026-04-13T19:59:50Z
EVUS,32.975,2026-04-13T18:37:51Z
EVV,9.51,2026-04-13T19:59:37Z
EW,78.12,2026-04-13T19:59:56Z
EWA,30.15,2026-04-13T19:59:53Z
EWBC,117.45,2026-04-13T19:59:54Z
EWC,57.27,2026-04-13T19:59:59Z
EWCZ,5.8,2026-04-13T19:14:34Z
EWD,53,2026-04-13T19:57:00Z
EWG,41.96,2026-04-13T19:59:59Z
EWH,23.715,2026-04-13T19:59:58Z
EWI,57.76,2026-04-13T19:59:44Z
EWJ,88.345,2026-04-13T19:59:54Z
EWJV,44.025,2026-04-13T18:53:30Z
EWK,26.15,2026-04-13T19:07:31Z
EWL,61.25,2026-04-13T19:59:45Z
EWM,28.68,2026-04-13T19:58:12Z
EWN,62.98,2026-04-13T19:59:56Z
EWO,38.715,2026-04-13T18:49:46Z
EWP,57.615,2026-04-13T19:59:25Z
EWQ,46.075,2026-04-13T19:59:24Z
EWS,29.25,2026-04-13T19:59:56Z
EWT,78.25,2026-04-13T19:59:57Z
EWTX,33.85,2026-04-13T19:59:54Z
EWU,47.865,2026-04-13T19:59:56Z
EWV,21.11,2026-04-13T13:31:57Z
EWW,79.28,2026-04-13T19:59:52Z
EWX,70.09,2026-04-13T15:43:46Z
EWY,141.23,2026-04-13T19:59:55Z
EWZ,41.53,2026-04-13T19:59:59Z
EWZS,15.79,2026-04-13T16:38:36Z
EXC,48.135,2026-04-13T19:59:59Z
EXE,97.79,2026-04-13T19:59:53Z
EXEL,44.975,2026-04-13T19:59:46Z
EXFY,0.8676,2026-04-13T19:58:17Z
EXG,9.265,2026-04-13T19:59:47Z
EXI,193.905,2026-04-13T18:26:41Z
EXK,9.61,2026-04-13T19:59:54Z
EXLS,30.07,2026-04-13T19:59:57Z
EXOD,6.605,2026-04-13T16:38:17Z
EXOZ,11.22,2026-04-13T17:52:08Z
EXP,201.335,2026-04-13T19:59:18Z
EXPD,143.92,2026-04-13T19:59:57Z
EXPE,240.16,2026-04-13T19:59:59Z
EXPI,5.99,2026-04-13T19:59:52Z
EXPO,66.59,2026-04-13T19:59:48Z
EXR,139.68,2026-04-13T19:59:50Z
EXTR,17.645,2026-04-13T19:59:59Z
EYE,24.89,2026-04-13T19:59:59Z
EYPT,14.525,2026-04-13T19:59:55Z
EZA,72.415,2026-04-13T19:39:06Z
EZBC,42.43,2026-04-13T19:59:46Z
EZET,17.18,2026-04-13T19:58:50Z
EZM,69.54,2026-04-13T15:28:48Z
EZMO,26.895,2026-04-13T19:59:46Z
EZPW,29.605,2026-04-13T19:59:43Z
EZRA,0.2136,2026-04-13T19:59:58Z
EZU,67.09,2026-04-13T19:59:49Z
F,12.155,2026-04-13T19:59:59Z
F-D,21.61,2026-04-13T19:18:05Z
FA,11.64,2026-04-13T19:59:56Z
FAAR,33.85,2026-04-13T17:35:14Z
FAB,96.83,2026-04-13T18:49:44Z
FACTW,0.48,2026-04-13T16:36:12Z
FAF,62.89,2026-04-13T19:59:49Z
FALN,27.15,2026-04-13T19:59:57Z
FAN,25.69,2026-04-13T18:47:49Z
FANG,189.09,2026-04-13T19:59:54Z
FAPR,45.27,2026-04-13T15:06:53Z
FARM,1.25,2026-04-13T14:05:09Z
FAS,134.64,2026-04-13T19:59:45Z
FAST,45.81,2026-04-13T19:59:58Z
FATE,1.315,2026-04-13T19:59:44Z
FATN,2.38,2026-04-13T19:55:04Z
FAX,14.92,2026-04-13T19:42:23Z
FAZ,44.245,2026-04-13T19:59:42Z
FBCG,54.78,2026-04-13T19:59:59Z
FBCV,37.44,2026-04-13T19:59:45Z
FBDC,17.29,2026-04-13T18:52:35Z
FBGL,0.6198,2026-04-13T19:56:58Z
FBIN,40.5,2026-04-13T19:59:51Z
FBIO,2.43,2026-04-13T19:59:30Z
FBIZ,58.23,2026-04-13T14:44:46Z
FBK,56,2026-04-13T19:59:56Z
FBL,28.03,2026-04-13T19:59:50Z
FBLA,13.97,2026-04-13T19:58:16Z
FBLG,1.36,2026-04-13T19:57:47Z
FBNC,58.96,2026-04-13T19:59:20Z
FBND,45.88,2026-04-13T19:59:53Z
FBP,22.81,2026-04-13T19:59:59Z
FBRT,8.79,2026-04-13T19:59:29Z
FBRT-E,19.49,2026-04-13T18:41:19Z
FBRX,30.72,2026-04-13T19:59:36Z
FBT,203.95,2026-04-13T19:51:38Z
FBTC,63.89,2026-04-13T19:59:45Z
FBUF,30.66,2026-04-13T13:57:24Z
FBY,10.85,2026-04-13T19:58:40Z
FBYD,12.71,2026-04-13T19:59:41Z
FC,22.72,2026-04-13T19:59:57Z
FCAL,49.44,2026-04-13T16:29:53Z
FCBC,43.08,2026-04-13T19:59:15Z
FCCO,30.86,2026-04-13T18:55:27Z
FCEL,6.815,2026-04-13T19:59:28Z
FCF,18.83,2026-04-13T19:59:58Z
FCFS,204.4,2026-04-13T19:55:00Z
FCG,29.96,2026-04-13T19:59:53Z
FCHL,1.91,2026-04-13T19:30:05Z
FCN,179.62,2026-04-13T19:58:47Z
FCNCA,1998.925,2026-04-13T19:59:23Z
FCNCN,25.15,2026-04-13T19:58:15Z
FCNCP,21.34,2026-04-13T18:00:36Z
FCO,3.16,2026-04-13T18:52:14Z
FCOM,71.86,2026-04-13T19:50:02Z
FCOR,47.44,2026-04-13T18:11:22Z
FCPT,25.02,2026-04-13T19:59:47Z
FCT,9.6,2026-04-13T13:42:37Z
FCTE,26.71,2026-04-13T16:51:32Z
FCTR,36.18,2026-04-13T19:28:22Z
FCUV,3.27,2026-04-13T17:35:32Z
FCVT,47.62,2026-04-13T19:59:47Z
FCX,68.065,2026-04-13T19:59:50Z
FCXG,16.755,2026-04-13T19:59:47Z
FDAT,21.69,2026-04-13T16:57:41Z
FDBC,45.675,2026-04-13T17:07:07Z
FDD,18.95,2026-04-13T19:49:06Z
FDEC,51.28,2026-04-13T15:52:25Z
FDEM,33.76,2026-04-13T19:53:01Z
FDEV,36.43,2026-04-13T13:31:55Z
FDHY,49.17,2026-04-13T19:59:52Z
FDIF,34.99,2026-04-13T19:22:25Z
FDIG,36.87,2026-04-13T16:14:35Z
FDIS,98,2026-04-13T19:59:50Z
FDL,49.805,2026-04-13T19:59:54Z
FDLO,66.73,2026-04-13T18:15:39Z
FDLS,39.25,2026-04-13T19:59:07Z
FDMT,10.045,2026-04-13T19:59:46Z
FDN,248.83,2026-04-13T19:59:45Z
FDP,42.05,2026-04-13T19:59:30Z
FDRR,61.29,2026-04-13T19:59:59Z
FDRS,21.09,2026-04-13T19:59:21Z
FDS,226.37,2026-04-13T19:59:50Z
FDSB,15,2026-04-13T15:14:55Z
FDT,92.54,2026-04-13T18:35:10Z
FDTX,40.285,2026-04-13T16:29:18Z
FDUS,18.04,2026-04-13T19:59:52Z
FDV,30.9,2026-04-13T19:42:33Z
FDVV,57.485,2026-04-13T19:59:46Z
FDX,371.715,2026-04-13T19:59:48Z
FE,51.04,2026-04-13T19:59:58Z
FEAM,1.46,2026-04-13T19:58:52Z
FEBM,30.7,2026-04-13T17:05:22Z
FEBP,32.16,2026-04-13T13:49:56Z
FEED,1.65,2026-04-13T19:59:50Z
FEGE,48.67,2026-04-13T18:58:14Z
FEIM,58.22,2026-04-13T19:54:47Z
FELC,38.3,2026-04-13T19:54:00Z
FELE,103.49,2026-04-13T19:58:47Z
FELG,39.91,2026-04-13T19:59:42Z
FELV,36.35,2026-04-13T19:11:27Z
FEM,32.26,2026-04-13T19:59:59Z
FEMB,29.94,2026-04-13T19:49:45Z
FEMR,36.8,2026-04-13T18:04:12Z
FEMS,47.56,2026-04-13T15:11:53Z
FEMY,0.4047,2026-04-13T19:59:41Z
FENC,5.915,2026-04-13T19:59:20Z
FENI,39.44,2026-04-13T19:59:50Z
FENY,31.905,2026-04-13T19:59:58Z
FEOE,52.76,2026-04-13T19:59:52Z
FEP,58.4,2026-04-13T18:54:36Z
FEPI,41.73,2026-04-13T19:59:46Z
FER,71.41,2026-04-13T19:59:56Z
FERAR,0.2498,2026-04-13T18:29:33Z
FERG,258.45,2026-04-13T19:59:57Z
FESM,40.545,2026-04-13T19:59:02Z
FET,61.235,2026-04-13T19:59:08Z
FETH,22.57,2026-04-13T19:59:35Z
FEZ,66.42,2026-04-13T19:59:59Z
FF,4.21,2026-04-13T19:59:58Z
FFA,21.23,2026-04-13T19:04:02Z
FFAI,0.3392,2026-04-13T19:59:46Z
FFBC,29.475,2026-04-13T19:59:44Z
FFC,15.99,2026-04-13T19:21:01Z
FFEB,58.04,2026-04-13T19:56:43Z
FFEM,38.28,2026-04-13T19:59:46Z
FFGX,32.72,2026-04-13T18:18:43Z
FFIC,15.77,2026-04-13T19:57:22Z
FFIN,31.43,2026-04-13T19:59:59Z
FFIV,298.03,2026-04-13T19:59:56Z
FFLC,54.78,2026-04-13T19:54:41Z
FFND,30.48,2026-04-13T19:38:48Z
FFOX,28.03,2026-04-13T19:33:03Z
FFSM,34.46,2026-04-13T19:59:46Z
FFUT,58.36,2026-04-13T18:10:41Z
FG,25.39,2026-04-13T19:58:32Z
FGD,32.945,2026-04-13T19:53:38Z
FGDL,63.08,2026-04-13T19:31:36Z
FGL,1.59,2026-04-13T19:58:57Z
FGN,24.81,2026-04-13T15:49:43Z
FGNX,5.65,2026-04-13T19:29:20Z
FGNXP,24.92,2026-04-13T16:20:02Z
FGSN,21.135,2026-04-13T18:53:24Z
FHB,26.56,2026-04-13T19:59:59Z
FHDG,34.61,2026-04-13T16:19:58Z
FHEQ,30.615,2026-04-13T19:45:54Z
FHI,56.32,2026-04-13T19:59:51Z
FHLC,71.24,2026-04-13T19:59:50Z
FHN,24.3,2026-04-13T19:59:59Z
FHN-H,24.92,2026-04-13T19:51:27Z
FHTX,4.695,2026-04-13T19:47:42Z
FHYS,23.11,2026-04-13T15:02:19Z
FIAT,25.93,2026-04-13T19:33:38Z
FIBK,34.435,2026-04-13T19:59:59Z
FICO,1001.18,2026-04-13T19:59:55Z
FID,21.59,2026-04-13T18:03:28Z
FIDI,28.57,2026-04-13T19:59:46Z
FIDU,92.85,2026-04-13T19:59:40Z
FIG,19.165,2026-04-13T19:59:59Z
FIGB,43.235,2026-04-13T19:59:51Z
FIGG,0.9552,2026-04-13T19:58:45Z
FIGR,35.97,2026-04-13T19:59:50Z
FIGS,14.485,2026-04-13T19:59:52Z
FIHL,20.03,2026-04-13T19:59:59Z
FIIG,20.915,2026-04-13T19:59:25Z
FINS,12.83,2026-04-13T19:12:40Z
FINV,4.98,2026-04-13T19:59:58Z
FINW,16.43,2026-04-13T19:25:56Z
FINX,24.01,2026-04-13T19:59:46Z
FIP,5.69,2026-04-13T19:59:59Z
FIS,46.42,2026-04-13T19:59:52Z
FISI,33.845,2026-04-13T19:59:48Z
FISR,25.76,2026-04-13T19:18:53Z
FISV,58.815,2026-04-13T19:59:32Z
FITB,49.84,2026-04-13T19:59:58Z
FITBI,25.32,2026-04-13T19:46:27Z
FITBM,26.06,2026-04-13T19:05:58Z
FITE,88.62,2026-04-13T13:36:04Z
FIVA,36.74,2026-04-13T19:57:05Z
FIVE,221.195,2026-04-13T19:59:59Z
FIVN,14.445,2026-04-13T19:59:56Z
FIX,1629.76,2026-04-13T19:59:33Z
FIXD,43.95,2026-04-13T19:59:25Z
FIXT,37.93,2026-04-13T17:09:59Z
FIZZ,34.59,2026-04-13T19:59:43Z
FJET,4.76,2026-04-13T19:59:50Z
FJP,75.895,2026-04-13T19:58:53Z
FJUL,56.37,2026-04-13T13:49:47Z
FJUN,58.11,2026-04-13T18:37:15Z
FKU,53.805,2026-04-13T18:53:01Z
FLAU,35.38,2026-04-13T15:54:36Z
FLBL,22.92,2026-04-13T19:59:43Z
FLBR,25.95,2026-04-13T19:59:56Z
FLC,16.995,2026-04-13T19:59:57Z
FLCA,51.21,2026-04-13T19:58:29Z
FLCB,21.535,2026-04-13T19:56:30Z
FLCH,22.94,2026-04-13T19:49:41Z
FLCO,21.49,2026-04-13T18:49:18Z
FLD,1.14,2026-04-13T19:50:02Z
FLDB,50.41,2026-04-13T19:14:58Z
FLDR,50.15,2026-04-13T19:59:50Z
FLEE,37.92,2026-04-13T13:39:03Z
FLEU,34.605,2026-04-13T19:03:12Z
FLEX,78.33,2026-04-13T19:59:48Z
FLG,14.06,2026-04-13T19:59:59Z
FLG-A,22.77,2026-04-13T19:58:10Z
FLGT,15.285,2026-04-13T19:59:49Z
FLGV,20.41,2026-04-13T18:06:12Z
FLHY,24.33,2026-04-13T19:59:57Z
FLIA,20.295,2026-04-13T19:54:34Z
FLIN,35.26,2026-04-13T19:58:54Z
FLJH,42.38,2026-04-13T19:22:50Z
FLJJ,32.15,2026-04-13T18:34:36Z
FLJP,37.865,2026-04-13T19:59:55Z
FLKR,45.68,2026-04-13T19:43:45Z
FLL,2.47,2026-04-13T19:46:55Z
FLLA,30.41,2026-04-13T19:41:58Z
FLMB,23.91,2026-04-13T19:49:24Z
FLMI,24.965,2026-04-13T19:54:24Z
FLMX,38.69,2026-04-13T19:59:46Z
FLN,27.83,2026-04-13T19:16:10Z
FLNA,1.62,2026-04-13T19:59:55Z
FLNC,13.63,2026-04-13T19:59:55Z
FLNG,29.66,2026-04-13T19:59:53Z
FLNT,3.08,2026-04-13T19:54:05Z
FLO,8.22,2026-04-13T19:59:58Z
FLOC,23.95,2026-04-13T19:59:48Z
FLOT,50.885,2026-04-13T19:59:53Z
FLQL,71.55,2026-04-13T18:56:40Z
FLQM,56.09,2026-04-13T17:31:57Z
FLR,49.54,2026-04-13T19:59:51Z
FLRN,30.745,2026-04-13T19:58:10Z
FLRT,46.47,2026-04-13T19:59:59Z
FLS,84.51,2026-04-13T19:59:52Z
FLSP,27.54,2026-04-13T19:52:38Z
FLTB,50.45,2026-04-13T19:59:51Z
FLTR,25.445,2026-04-13T19:59:05Z
FLTW,75.21,2026-04-13T19:59:55Z
FLUD,24.995,2026-04-13T19:54:28Z
FLUT,105.35,2026-04-13T19:59:56Z
FLUX,1.14,2026-04-13T19:11:11Z
FLV,78,2026-04-13T17:05:23Z
FLWS,3.23,2026-04-13T19:59:39Z
FLX,2.565,2026-04-13T19:59:29Z
FLXR,39.285,2026-04-13T19:50:44Z
FLXS,49.04,2026-04-13T15:49:24Z
FLY,38.79,2026-04-13T19:59:53Z
FLYT,25.99,2026-04-13T16:06:53Z
FLYW,11.84,2026-04-13T19:59:59Z
FLYX,2.4,2026-04-13T19:57:06Z
FMAG,34.215,2026-04-13T19:59:45Z
FMAO,26.67,2026-04-13T19:48:09Z
FMAR,50.21,2026-04-13T19:59:55Z
FMAT,60.69,2026-04-13T19:59:50Z
FMAY,54.44,2026-04-13T16:32:04Z
FMB,51.21,2026-04-13T17:24:19Z
FMBH,43.48,2026-04-13T19:13:29Z
FMC,18.07,2026-04-13T19:59:54Z
FMDE,37.65,2026-04-13T19:59:56Z
FMET,33.07,2026-04-13T18:22:23Z
FMF,51.27,2026-04-13T19:12:05Z
FMFC,0.4548,2026-04-13T19:59:42Z
FMHI,48.11,2026-04-13T14:00:16Z
FMNB,13.89,2026-04-13T19:59:48Z
FMNY,26.75,2026-04-13T15:26:44Z
FMS,23.695,2026-04-13T19:59:53Z
FMST,1.655,2026-04-13T18:55:05Z
FMTM,36.885,2026-04-13T18:10:21Z
FMUB,51.18,2026-04-13T19:54:27Z
FMUN,50.09,2026-04-13T17:33:36Z
FMX,117.215,2026-04-13T19:59:49Z
FN,689.66,2026-04-13T19:59:54Z
FNB,17.79,2026-04-13T19:59:57Z
FNCL,73.07,2026-04-13T18:08:25Z
FND,50.19,2026-04-13T19:59:59Z
FNDA,34.35,2026-04-13T19:59:33Z
FNDB,28.17,2026-04-13T19:37:00Z
FNDC,49.03,2026-04-13T19:50:01Z
FNDE,40.075,2026-04-13T19:59:51Z
FNDF,51.43,2026-04-13T19:59:30Z
FNDX,28.875,2026-04-13T19:59:00Z
FNF,47.11,2026-04-13T19:59:55Z
FNGD,57.28,2026-04-13T16:36:09Z
FNGG,182.21,2026-04-13T19:34:55Z
FNGR,0.8306,2026-04-13T19:50:09Z
FNGS,65.02,2026-04-13T17:48:44Z
FNGU,20.32,2026-04-13T19:59:59Z
FNK,58.64,2026-04-13T17:50:38Z
FNKO,3.575,2026-04-13T19:59:14Z
FNLC,29.33,2026-04-13T19:53:05Z
FNUC,2.44,2026-04-13T19:59:15Z
FNV,259.78,2026-04-13T19:59:52Z
FNWB,9.66,2026-04-13T19:57:04Z
FNY,96.36,2026-04-13T18:54:11Z
FOA,19.94,2026-04-13T19:58:35Z
FOCT,49.33,2026-04-13T17:05:22Z
FOF,13.58,2026-04-13T19:36:59Z
FOLD,14.46,2026-04-13T19:59:56Z
FONR,18.705,2026-04-13T19:59:53Z
FOR,26.2,2026-04-13T19:58:59Z
FORH,24.61,2026-04-13T14:33:36Z
FORM,128.23,2026-04-13T19:59:49Z
FORR,5.48,2026-04-13T19:56:58Z
FOSL,5.175,2026-04-13T19:59:55Z
FOUR,45.475,2026-04-13T19:59:48Z
FOX,56.24,2026-04-13T19:59:53Z
FOXA,62.395,2026-04-13T19:59:36Z
FOXF,16.79,2026-04-13T19:59:33Z
FOXY,29.45,2026-04-13T16:58:25Z
FPAG,38.39,2026-04-13T19:59:49Z
FPE,18.07,2026-04-13T19:59:44Z
FPEI,19.245,2026-04-13T19:43:45Z
FPH,5.03,2026-04-13T19:59:41Z
FPI,11.67,2026-04-13T19:59:47Z
FPS,32.85,2026-04-13T19:59:55Z
FPWR,37.47,2026-04-13T17:58:12Z
FPXI,69.05,2026-04-13T19:32:59Z
FQAL,75.525,2026-04-13T17:37:34Z
FR,60.43,2026-04-13T19:59:50Z
FRA,11.03,2026-04-13T19:58:24Z
FRAF,57.32,2026-04-13T17:11:20Z
FRBA,17.03,2026-04-13T19:11:55Z
FRD,18.74,2026-04-13T19:25:19Z
FRDM,60.43,2026-04-13T19:09:14Z
FREL,28.325,2026-04-13T19:59:46Z
FRHC,150.9,2026-04-13T19:59:59Z
FRI,29.76,2026-04-13T19:53:09Z
FRME,41.125,2026-04-13T19:59:46Z
FRMI,5.12,2026-04-13T19:59:57Z
FRMM,1.79,2026-04-13T19:59:58Z
FRNW,23.74,2026-04-13T18:44:12Z
FRO,34.83,2026-04-13T19:59:50Z
FROG,45.21,2026-04-13T19:59:53Z
FRPH,22.385,2026-04-13T19:59:56Z
FRPT,68.27,2026-04-13T19:59:52Z
FRSH,7.9,2026-04-13T19:59:58Z
FRST,13.84,2026-04-13T19:59:45Z
FRSX,2.28,2026-04-13T19:56:11Z
FRT,109.045,2026-04-13T19:58:00Z
FRT-C,19.15,2026-04-13T16:34:00Z
FSBC,40.38,2026-04-13T19:57:25Z
FSBW,40.56,2026-04-13T19:44:04Z
FSCO,5.05,2026-04-13T19:52:14Z
FSEC,44.145,2026-04-13T19:59:52Z
FSEP,51.73,2026-04-13T13:49:53Z
FSIG,19.03,2026-04-13T19:59:43Z
FSK,10.37,2026-04-13T19:59:59Z
FSLR,200.305,2026-04-13T19:59:51Z
FSLY,24.355,2026-04-13T19:59:51Z
FSM,10.45,2026-04-13T19:59:54Z
FSMB,20.035,2026-04-13T19:59:45Z
FSOL,9.96,2026-04-13T19:59:12Z
FSP,0.6609,2026-04-13T19:59:27Z
FSS,117.88,2026-04-13T19:59:47Z
FSSL,12.46,2026-04-13T19:53:33Z
FSTA,52.19,2026-04-13T19:50:03Z
FSTR,30.01,2026-04-13T19:58:13Z
FSUN,38.17,2026-04-13T19:59:26Z
FSV,148.8,2026-04-13T19:53:52Z
FSYD,48.66,2026-04-13T18:42:38Z
FT,8.22,2026-04-13T18:42:24Z
FTA,93.71,2026-04-13T19:59:52Z
FTAI,261.8,2026-04-13T19:59:49Z
FTCA,7.35,2026-04-13T19:59:46Z
FTCB,21.075,2026-04-13T19:59:49Z
FTCI,3.585,2026-04-13T19:52:53Z
FTCS,93.915,2026-04-13T19:59:09Z
FTDR,58.035,2026-04-13T19:59:48Z
FTEC,226.17,2026-04-13T19:58:49Z
FTEK,1.28,2026-04-13T18:36:41Z
FTF,5.965,2026-04-13T19:59:55Z
FTFT,1.465,2026-04-13T19:59:53Z
FTGC,28.51,2026-04-13T19:59:59Z
FTGS,35.485,2026-04-13T19:58:50Z
FTHF,41.37,2026-04-13T18:44:49Z
FTHI,23.67,2026-04-13T19:59:50Z
FTHM,0.8764,2026-04-13T19:59:54Z
FTHY,13.495,2026-04-13T17:39:51Z
FTI,75.04,2026-04-13T19:59:57Z
FTIF,26.59,2026-04-13T14:10:38Z
FTK,15.74,2026-04-13T19:58:11Z
FTKI,19.79,2026-04-13T17:25:21Z
FTLF,8.97,2026-04-13T19:52:12Z
FTMA,9.025,2026-04-13T19:58:01Z
FTMH,11.67,2026-04-13T18:57:26Z
FTMN,8.85,2026-04-13T19:36:51Z
FTMU,7.865,2026-04-13T19:59:14Z
FTNT,78.735,2026-04-13T19:59:51Z
FTNY,7.9,2026-04-13T19:55:28Z
FTPA,8.665,2026-04-13T14:58:11Z
FTQI,20.89,2026-04-13T19:59:46Z
FTRB,25.29,2026-04-13T19:55:00Z
FTRE,9.38,2026-04-13T19:59:53Z
FTRI,18.35,2026-04-13T19:59:46Z
FTRK,0.3801,2026-04-13T19:11:09Z
FTS,56.895,2026-04-13T19:59:53Z
FTSD,90.625,2026-04-13T14:38:29Z
FTSL,44.96,2026-04-13T19:59:03Z
FTSM,59.865,2026-04-13T19:59:45Z
FTV,59.83,2026-04-13T19:59:59Z
FTW,10.35,2026-04-13T19:47:46Z
FTW+,0.84,2026-04-13T19:56:04Z
FTXG,22.035,2026-04-13T19:20:55Z
FTXL,177.49,2026-04-13T19:55:54Z
FTXN,36.09,2026-04-13T19:59:50Z
FTXO,38.865,2026-04-13T19:50:02Z
FTXR,39.67,2026-04-13T19:59:51Z
FUBO,11.74,2026-04-13T19:59:59Z
FUFU,2.255,2026-04-13T19:54:23Z
FUL,64.53,2026-04-13T19:59:44Z
FULC,7.73,2026-04-13T19:58:38Z
FULT,21.61,2026-04-13T19:59:59Z
FUN,19.645,2026-04-13T19:59:50Z
FUND,9.88,2026-04-13T19:59:08Z
FURY,0.6312,2026-04-13T19:58:31Z
FUSE,1.855,2026-04-13T19:59:42Z
FUSEW,0.138,2026-04-13T15:01:30Z
FUTG,11.63,2026-04-13T19:50:00Z
FUTU,156.46,2026-04-13T19:59:52Z
FUTY,59.77,2026-04-13T19:59:52Z
FV,63.52,2026-04-13T19:51:02Z
FVAL,72.64,2026-04-13T19:58:45Z
FVCB,15.48,2026-04-13T19:59:54Z
FVD,48,2026-04-13T19:59:50Z
FVR,16.785,2026-04-13T19:58:46Z
FVRR,10.505,2026-04-13T19:59:55Z
FWD,120.255,2026-04-13T19:39:32Z
FWDI,4.635,2026-04-13T19:59:57Z
FWONA,83.39,2026-04-13T19:54:40Z
FWONK,90.71,2026-04-13T19:59:52Z
FWRD,19.325,2026-04-13T19:59:28Z
FWRG,11.075,2026-04-13T19:59:42Z
FXA,69.89,2026-04-13T13:58:40Z
FXB,129.82,2026-04-13T19:30:37Z
FXC,70.845,2026-04-13T19:59:33Z
FXD,66.2,2026-04-13T15:27:16Z
FXE,108.57,2026-04-13T19:59:45Z
FXF,112.63,2026-04-13T19:59:09Z
FXI,36.45,2026-04-13T19:59:59Z
FXL,168.21,2026-04-13T14:53:31Z
FXN,21.24,2026-04-13T19:56:32Z
FXNC,28.9,2026-04-13T19:57:50Z
FXO,58.92,2026-04-13T19:59:54Z
FXR,86.97,2026-04-13T19:59:45Z
FXU,50.2,2026-04-13T19:59:35Z
FXY,57.59,2026-04-13T19:58:12Z
FXZ,80.17,2026-04-13T19:59:50Z
FYC,104.7,2026-04-13T19:59:51Z
FYEE,28.19,2026-04-13T19:52:51Z
FYLD,38.32,2026-04-13T16:46:37Z
G,35.51,2026-04-13T19:59:57Z
GAB,5.64,2026-04-13T19:59:58Z
GABC,43.78,2026-04-13T19:59:26Z
GAB^,0.0586,2026-04-13T19:59:52Z
GAEM,26.72,2026-04-13T18:17:25Z
GAIA,2.83,2026-04-13T19:42:54Z
GAIN,15.03,2026-04-13T19:59:47Z
GAING,25.44,2026-04-13T14:36:52Z
GAINZ,24.005,2026-04-13T19:55:14Z
GAL,51.03,2026-04-13T14:24:29Z
GALT,2.355,2026-04-13T19:59:15Z
GAM,62.08,2026-04-13T19:53:29Z
GAMB,3.66,2026-04-13T19:59:52Z
GAME,0.3594,2026-04-13T19:58:40Z
GANX,1.87,2026-04-13T19:59:59Z
GAP,25.28,2026-04-13T19:59:57Z
GAPR,40.66,2026-04-13T18:56:46Z
GARP,69.05,2026-04-13T19:35:24Z
GASS,9.555,2026-04-13T19:59:37Z
GATX,194.405,2026-04-13T19:59:44Z
GAU,2.665,2026-04-13T19:59:52Z
GBAB,14.54,2026-04-13T16:25:53Z
GBCI,48.66,2026-04-13T19:59:50Z
GBDC,12.76,2026-04-13T19:59:51Z
GBFH,28.93,2026-04-13T18:53:16Z
GBIL,100.01,2026-04-13T19:40:53Z
GBND,50.71,2026-04-13T19:46:38Z
GBR,0.7257,2026-04-13T19:59:37Z
GBTC,57.12,2026-04-13T19:58:01Z
GBTG,5.68,2026-04-13T19:59:53Z
GBUG,49.35,2026-04-13T19:58:27Z
GBX,52.875,2026-04-13T19:58:39Z
GCAL,50.91,2026-04-13T15:25:30Z
GCBC,23.76,2026-04-13T19:52:36Z
GCC,24.49,2026-04-13T17:00:45Z
GCDT,1.25,2026-04-13T19:49:59Z
GCL,0.5586,2026-04-13T14:58:40Z
GCMG,10.04,2026-04-13T19:59:51Z
GCO,32.73,2026-04-13T19:58:31Z
GCOR,41.41,2026-04-13T19:54:18Z
GCOW,46.4,2026-04-13T19:59:47Z
GCT,43.59,2026-04-13T19:59:50Z
GCTK,0.86,2026-04-13T19:55:02Z
GCTS,1.325,2026-04-13T19:59:46Z
GCV,4.415,2026-04-13T19:50:00Z
GD,340.76,2026-04-13T19:59:59Z
GDDY,81.95,2026-04-13T19:59:47Z
GDE,65.465,2026-04-13T15:48:02Z
GDEN,28.15,2026-04-13T19:59:50Z
GDEV,15.61,2026-04-13T17:54:30Z
GDIV,17.58,2026-04-13T18:22:12Z
GDLC,33.405,2026-04-13T19:57:51Z
GDMA,40.83,2026-04-13T14:39:32Z
GDMN,108.9,2026-04-13T19:58:59Z
GDO,11.21,2026-04-13T19:31:44Z
GDOG,10.82,2026-04-13T17:33:57Z
GDOT,11.75,2026-04-13T19:59:52Z
GDRX,2.15,2026-04-13T19:59:36Z
GDS,41.71,2026-04-13T19:59:52Z
GDT,39.88,2026-04-13T15:22:25Z
GDV,28.68,2026-04-13T19:43:52Z
GDX,98.82,2026-04-13T19:59:59Z
GDXD,32.3,2026-04-13T19:59:40Z
GDXJ,129.03,2026-04-13T19:59:56Z
GDXU,249.56,2026-04-13T19:26:46Z
GDXY,14.56,2026-04-13T19:59:53Z
GDYN,5.51,2026-04-13T19:59:53Z
GE,311.85,2026-04-13T19:59:59Z
GECC,5.165,2026-04-13T19:59:59Z
GEF,69.535,2026-04-13T19:56:59Z
GEF.B,90.67,2026-04-13T19:50:05Z
GEGGL,24.22,2026-04-13T19:06:43Z
GEHC,73.84,2026-04-13T19:59:48Z
GEL,17.565,2026-04-13T19:59:28Z
GELS,0.6999,2026-04-13T17:25:18Z
GEM,46.565,2026-04-13T19:30:55Z
GEMD,42.12,2026-04-13T14:25:18Z
GEME,36.97,2026-04-13T16:37:52Z
GEMI,4.8,2026-04-13T19:59:52Z
GEN,18.91,2026-04-13T19:59:57Z
GENB,12.82,2026-04-13T19:59:15Z
GENC,15.45,2026-04-13T18:20:51Z
GENI,4.14,2026-04-13T19:59:59Z
GENK,1.54,2026-04-13T19:59:45Z
GENM,10.29,2026-04-13T18:26:31Z
GENVR,0.46,2026-04-13T16:16:13Z
GEO,17.72,2026-04-13T19:59:58Z
GEOS,9.29,2026-04-13T19:57:08Z
GERN,1.72,2026-04-13T19:59:57Z
GETY,0.8728,2026-04-13T19:59:55Z
GEV,991.62,2026-04-13T19:59:55Z
GEVG,28.57,2026-04-13T16:25:15Z
GEVO,2.025,2026-04-13T19:59:54Z
GEVX,67.695,2026-04-13T13:36:54Z
GF,11.31,2026-04-13T19:42:11Z
GFAI,0.4424,2026-04-13T13:37:44Z
GFF,80.75,2026-04-13T19:59:23Z
GFI,48.98,2026-04-13T19:59:58Z
GFL,38.95,2026-04-13T19:59:55Z
GFLW,28.35,2026-04-13T19:50:16Z
GFR,6.09,2026-04-13T19:58:48Z
GFS,49.01,2026-04-13T19:59:58Z
GGAL,48.85,2026-04-13T19:59:52Z
GGB,4.215,2026-04-13T19:59:53Z
GGG,88.18,2026-04-13T19:59:49Z
GGLL,96.99,2026-04-13T19:59:19Z
GGLS,6.52,2026-04-13T19:55:04Z
GGME,52.79,2026-04-13T18:37:03Z
GGN,5.49,2026-04-13T19:59:17Z
GGRP,0.5317,2026-04-13T16:24:56Z
GGT,4.13,2026-04-13T19:50:17Z
GH,82.27,2026-04-13T19:59:53Z
GHC,1100.5,2026-04-13T19:47:29Z
GHI,5.35,2026-04-13T19:58:36Z
GHM,92.75,2026-04-13T19:12:50Z
GHRS,16.295,2026-04-13T19:59:50Z
GHY,11.91,2026-04-13T19:51:31Z
GHYG,45.4,2026-04-13T13:47:30Z
GIAX,15.3,2026-04-13T16:20:16Z
GIB,73.395,2026-04-13T19:59:32Z
GIBO,1.31,2026-04-13T15:46:20Z
GIC,33.44,2026-04-13T19:50:07Z
GIF,23.79,2026-04-13T18:13:05Z
GIGB,46.01,2026-04-13T18:56:07Z
GII,77.285,2026-04-13T19:57:13Z
GIII,29.3,2026-04-13T19:59:57Z
GIL,59.01,2026-04-13T19:59:59Z
GILD,139.02,2026-04-13T19:59:48Z
GILT,18.265,2026-04-13T19:59:52Z
GIND,23.83,2026-04-13T19:32:22Z
GINN,71.48,2026-04-13T18:10:18Z
GINX,33.82,2026-04-13T18:40:29Z
GIPR,0.3078,2026-04-13T19:54:09Z
GIS,34.55,2026-04-13T19:59:55Z
GITS,2.25,2026-04-13T17:36:50Z
GIW,9.98,2026-04-13T17:03:24Z
GIX,9.84,2026-04-13T17:52:06Z
GJAN,43.01,2026-04-13T16:29:04Z
GJUL,41.88,2026-04-13T19:43:59Z
GJUN,40.26,2026-04-13T19:33:44Z
GKAT,42.23,2026-04-13T18:46:20Z
GKOS,119.62,2026-04-13T19:59:52Z
GL,147.51,2026-04-13T19:59:56Z
GLAD,17.965,2026-04-13T19:56:00Z
GLBE,30.52,2026-04-13T19:59:59Z
GLBS,1.92,2026-04-13T16:11:28Z
GLD,435.36,2026-04-13T19:59:55Z
GLDG,1.28,2026-04-13T19:59:05Z
GLDM,93.82,2026-04-13T19:59:55Z
GLDY,15.52,2026-04-13T18:14:56Z
GLE,0.4374,2026-04-13T19:54:38Z
GLED=,10.03,2026-04-13T19:46:42Z
GLGG,6.3,2026-04-13T19:59:51Z
GLIBA,36.78,2026-04-13T19:33:48Z
GLIBK,36.87,2026-04-13T19:59:00Z
GLIN,44.8,2026-04-13T19:57:12Z
GLL,19.645,2026-04-13T19:59:47Z
GLMD,0.745,2026-04-13T19:47:34Z
GLND,6.32,2026-04-13T19:57:50Z
GLNG,53.41,2026-04-13T19:59:55Z
GLNK,8.01,2026-04-13T19:52:18Z
GLO,5.82,2026-04-13T19:40:22Z
GLOB,46.63,2026-04-13T19:59:55Z
GLOO,5.94,2026-04-13T17:13:35Z
GLOP-B,25.78,2026-04-13T14:10:31Z
GLPG,28.48,2026-04-13T19:59:03Z
GLPI,46.85,2026-04-13T19:59:54Z
GLQ,8.03,2026-04-13T19:57:58Z
GLRE,17.955,2026-04-13T19:59:59Z
GLRY,40.42,2026-04-13T19:59:46Z
GLSI,27.6,2026-04-13T19:54:30Z
GLTR,220.98,2026-04-13T18:34:16Z
GLU,19.425,2026-04-13T19:56:59Z
GLUE,17.55,2026-04-13T19:59:57Z
GLV,6.15,2026-04-13T19:36:59Z
GLW,175.18,2026-04-13T19:59:55Z
GLWG,25.82,2026-04-13T19:58:52Z
GLXU,7.33,2026-04-13T19:59:32Z
GLXY,22.5,2026-04-13T19:59:55Z
GM,76.825,2026-04-13T19:59:53Z
GMAB,28.21,2026-04-13T19:59:54Z
GMAR,42.72,2026-04-13T15:12:04Z
GME,23.4,2026-04-13T19:59:56Z
GME+,3.37,2026-04-13T18:12:20Z
GMED,92.97,2026-04-13T19:59:53Z
GMEU,10.12,2026-04-13T16:06:31Z
GMEX,0.4794,2026-04-13T16:38:41Z
GMEY,32.41,2026-04-13T18:01:29Z
GMNY,49.97,2026-04-13T16:20:03Z
GMOD,26.685,2026-04-13T19:02:03Z
GMOI,37.605,2026-04-13T19:04:26Z
GMOV,28.73,2026-04-13T19:59:50Z
GMTL,19.1,2026-04-13T19:57:48Z
GMUB,51.26,2026-04-13T19:44:33Z
GNE,13.93,2026-04-13T19:54:55Z
GNK,23.935,2026-04-13T19:59:52Z
GNL,9.56,2026-04-13T19:59:58Z
GNL-B,21.53,2026-04-13T15:07:23Z
GNLN,3.21,2026-04-13T19:59:41Z
GNLX,2.535,2026-04-13T19:59:33Z
GNPX,1.23,2026-04-13T19:58:01Z
GNR,75.74,2026-04-13T19:59:50Z
GNRC,204.95,2026-04-13T19:58:48Z
GNS,0.4154,2026-04-13T19:52:38Z
GNSS,1.895,2026-04-13T19:58:52Z
GNT,8.825,2026-04-13T19:59:50Z
GNTX,22.13,2026-04-13T19:59:55Z
GNW,8.61,2026-04-13T19:59:59Z
GO,7.06,2026-04-13T19:59:56Z
GOAU,47.51,2026-04-13T19:56:44Z
GOCO,1.07,2026-04-13T17:17:51Z
GOCT,39.6,2026-04-13T14:37:29Z
GOF,11.415,2026-04-13T19:59:56Z
GOGO,4.51,2026-04-13T19:59:56Z
GOLD,43.96,2026-04-13T19:59:36Z
GOLF,96.735,2026-04-13T19:57:00Z
GOLY,29.67,2026-04-13T18:58:08Z
GOOD,12.24,2026-04-13T19:59:41Z
GOODN,22.26,2026-04-13T14:29:39Z
GOOG,319.19,2026-04-13T19:59:59Z
GOOGL,321.35,2026-04-13T19:59:57Z
GOOS,11.28,2026-04-13T19:59:53Z
GOOX,68.78,2026-04-13T19:48:56Z
GOOY,13.695,2026-04-13T19:59:36Z
GOP,40.045,2026-04-13T19:31:56Z
GORO,1.42,2026-04-13T19:59:59Z
GOSS,0.404,2026-04-13T19:59:54Z
GOTU,1.91,2026-04-13T19:59:51Z
GOVI,27.38,2026-04-13T19:59:15Z
GOVT,22.905,2026-04-13T19:59:52Z
GOVX,1.24,2026-04-13T17:16:21Z
GOVZ,9.165,2026-04-13T19:59:26Z
GPC,109.84,2026-04-13T19:59:57Z
GPCR,54.17,2026-04-13T19:59:49Z
GPGI,16.37,2026-04-13T19:59:56Z
GPI,337.44,2026-04-13T19:58:41Z
GPIQ,51.97,2026-04-13T19:59:22Z
GPIX,52.1,2026-04-13T19:59:42Z
GPJA,22.07,2026-04-13T17:19:21Z
GPK,9.8,2026-04-13T19:59:56Z
GPMT,1.4,2026-04-13T19:58:27Z
GPMT-A,18.38,2026-04-13T18:52:30Z
GPN,68.17,2026-04-13T19:59:50Z
GPOR,197.515,2026-04-13T19:58:53Z
GPRE,15.685,2026-04-13T19:59:47Z
GPRK,9.955,2026-04-13T19:59:55Z
GPRO,0.9348,2026-04-13T19:59:51Z
GPUS,0.155,2026-04-13T19:56:45Z
GPZ,22.315,2026-04-13T19:31:55Z
GQGU,26.37,2026-04-13T19:59:51Z
GQQQ,30.86,2026-04-13T16:45:00Z
GRAB,3.72,2026-04-13T19:59:57Z
GRAG,7.14,2026-04-13T18:40:34Z
GRAL,48.07,2026-04-13T19:58:02Z
GRAN,1.16,2026-04-13T14:42:04Z
GRBK,67.77,2026-04-13T19:59:03Z
GRC,72.215,2026-04-13T19:59:08Z
GRCE,3.85,2026-04-13T19:23:02Z
GRDN,39.475,2026-04-13T19:59:51Z
GRDX,2.03,2026-04-13T19:59:44Z
GREE,1.22,2026-04-13T19:58:50Z
GREK,71.045,2026-04-13T19:48:19Z
GRFS,8.39,2026-04-13T19:59:52Z
GRI,2.39,2026-04-13T19:57:04Z
GRID,179.52,2026-04-13T19:59:50Z
GRML,0.3694,2026-04-13T19:59:21Z
GRMN,261.595,2026-04-13T19:59:45Z
GRNB,24.085,2026-04-13T19:26:20Z
GRND,12.68,2026-04-13T19:59:50Z
GRNJ,27.48,2026-04-13T19:59:50Z
GRNQ,2.84,2026-04-13T15:20:40Z
GRNT,5.59,2026-04-13T19:59:52Z
GRNY,25.24,2026-04-13T19:59:58Z
GRO,3.16,2026-04-13T19:59:39Z
GROY,3.69,2026-04-13T19:59:59Z
GROZ,29.1,2026-04-13T15:53:52Z
GRPN,12.02,2026-04-13T19:59:34Z
GRRR,11.61,2026-04-13T19:59:50Z
GRVY,60.905,2026-04-13T19:59:42Z
GRWG,1.055,2026-04-13T19:59:49Z
GRX,9.18,2026-04-13T19:46:46Z
GS,890.97,2026-04-13T19:59:49Z
GS-A,19.75,2026-04-13T19:55:19Z
GS-C,19.72,2026-04-13T16:22:34Z
GS-D,19.38,2026-04-13T19:59:44Z
GSAT,72.8,2026-04-13T19:58:36Z
GSBC,66.74,2026-04-13T14:25:38Z
GSBD,9.095,2026-04-13T19:59:48Z
GSEW,87.77,2026-04-13T19:42:14Z
GSG,31.525,2026-04-13T19:59:57Z
GSGO,38.97,2026-04-13T17:55:25Z
GSHD,41.89,2026-04-13T19:59:55Z
GSID,73.86,2026-04-13T17:52:44Z
GSIE,45.51,2026-04-13T19:59:41Z
GSIT,6.175,2026-04-13T19:59:57Z
GSK,58.93,2026-04-13T19:59:55Z
GSL,38.92,2026-04-13T19:59:20Z
GSLC,130.9,2026-04-13T16:35:52Z
GSM,4.35,2026-04-13T19:59:37Z
GSOL,6.27,2026-04-13T19:59:54Z
GSSC,79.5,2026-04-13T19:55:20Z
GSST,50.485,2026-04-13T19:01:18Z
GSUI,13.41,2026-04-13T17:30:47Z
GSUN,0.47,2026-04-13T19:56:29Z
GSY,50.21,2026-04-13T19:57:14Z
GT,7.025,2026-04-13T19:59:56Z
GTBP,0.3822,2026-04-13T19:59:10Z
GTE,7.985,2026-04-13T19:59:46Z
GTEK,45.065,2026-04-13T15:30:43Z
GTEN,10.27,2026-04-13T15:13:00Z
GTES,25.635,2026-04-13T19:59:44Z
GTLB,20.03,2026-04-13T19:59:58Z
GTLS,207.665,2026-04-13T19:59:50Z
GTM,5.5,2026-04-13T19:59:55Z
GTN,5.255,2026-04-13T19:59:35Z
GTO,47.195,2026-04-13T19:59:45Z
GTOH,25.59,2026-04-13T19:21:56Z
GTOP,39.95,2026-04-13T19:55:23Z
GTPE,54.64,2026-04-13T19:52:17Z
GTR,25.82,2026-04-13T17:29:37Z
GTX,19.35,2026-04-13T19:59:59Z
GTY,33.515,2026-04-13T19:58:38Z
GUG,15.84,2026-04-13T19:53:23Z
GUMI,50.32,2026-04-13T15:35:57Z
GUNR,55.91,2026-04-13T19:59:57Z
GURE,5.68,2026-04-13T19:52:56Z
GUSH,37.73,2026-04-13T19:58:53Z
GUT,6.145,2026-04-13T19:32:14Z
GUTS,0.4763,2026-04-13T19:59:45Z
GV,0.2151,2026-04-13T19:46:35Z
GVA,127.11,2026-04-13T19:58:19Z
GVAL,35.48,2026-04-13T18:03:05Z
GVI,106.77,2026-04-13T19:59:50Z
GVLE,42.195,2026-04-13T19:59:50Z
GWH,1.2,2026-04-13T19:59:25Z
GWRE,123.99,2026-04-13T19:59:45Z
GWRS,7.68,2026-04-13T19:50:03Z
GWW,1162.255,2026-04-13T19:59:58Z
GWX,44.65,2026-04-13T19:58:20Z
GXAI,1.25,2026-04-13T19:53:40Z
GXC,94.71,2026-04-13T17:00:16Z
GXDW,24.13,2026-04-13T15:59:08Z
GXO,56.52,2026-04-13T19:59:48Z
GXPC,29.77,2026-04-13T19:50:14Z
GXPS,26.22,2026-04-13T19:59:46Z
GXPT,26.87,2026-04-13T19:59:50Z
GXRP,26.21,2026-04-13T19:47:57Z
GYLD,14.01,2026-04-13T19:13:16Z
GYRE,7.68,2026-04-13T19:58:17Z
H,159.19,2026-04-13T19:59:44Z
HACK,74.275,2026-04-13T19:56:43Z
HAE,59.245,2026-04-13T19:59:29Z
HAFC,27.94,2026-04-13T19:59:58Z
HAFN,8.26,2026-04-13T19:59:56Z
HAIN,0.9009,2026-04-13T19:59:46Z
HAL,38.6,2026-04-13T19:59:59Z
HALO,66.99,2026-04-13T19:59:54Z
HAP,73.55,2026-04-13T18:26:59Z
HAPI,41.68,2026-04-13T19:33:17Z
HARD,33.74,2026-04-13T19:53:34Z
HAS,92.505,2026-04-13T19:59:52Z
HASI,38.85,2026-04-13T19:59:38Z
HAUZ,23.8,2026-04-13T19:57:08Z
HAVAR,0.12,2026-04-13T17:42:47Z
HAWX,42.73,2026-04-13T14:02:50Z
HAYW,14.66,2026-04-13T19:59:48Z
HBAN,16.63,2026-04-13T19:59:57Z
HBANL,25.37,2026-04-13T17:22:42Z
HBANP,17.12,2026-04-13T19:32:12Z
HBANZ,20.85,2026-04-13T18:34:48Z
HBB,20.6,2026-04-13T19:19:13Z
HBCP,64.86,2026-04-13T19:52:48Z
HBDC,24.65,2026-04-13T19:59:46Z
HBIO,4.61,2026-04-13T19:59:15Z
HBM,24.43,2026-04-13T19:59:56Z
HBNC,17.69,2026-04-13T19:59:59Z
HBR,11.69,2026-04-13T19:20:59Z
HBT,28.46,2026-04-13T19:58:43Z
HBTA,28.73,2026-04-13T14:47:29Z
HCA,497.38,2026-04-13T19:59:53Z
HCAT,1.05,2026-04-13T19:59:49Z
HCC,87.7,2026-04-13T19:59:23Z
HCHL,1.8,2026-04-13T18:51:51Z
HCI,152.41,2026-04-13T19:58:31Z
HCKT,12.895,2026-04-13T19:59:11Z
HCM,15.18,2026-04-13T19:45:46Z
HCRB,35.24,2026-04-13T16:39:26Z
HCSG,19.165,2026-04-13T19:59:24Z
HCTI,2.5,2026-04-13T19:58:38Z
HCWB,0.3525,2026-04-13T19:12:58Z
HCWC,0.26,2026-04-13T15:25:06Z
HD,341.2,2026-04-13T19:59:57Z
HDB,26.805,2026-04-13T19:59:57Z
HDEF,33.3,2026-04-13T19:59:22Z
HDGE,17.325,2026-04-13T19:59:46Z
HDLB,15.89,2026-04-13T19:06:54Z
HDSN,6.155,2026-04-13T19:59:40Z
HDV,134.35,2026-04-13T19:59:21Z
HE,15.255,2026-04-13T19:59:55Z
HEAL,24.335,2026-04-13T14:46:11Z
HECA,27.845,2026-04-13T19:59:40Z
HECO,45.22,2026-04-13T16:46:43Z
HEDG,29.52,2026-04-13T17:11:00Z
HEDJ,54.885,2026-04-13T19:58:54Z
HEEM,39.115,2026-04-13T19:54:27Z
HEFA,44.485,2026-04-13T19:58:28Z
HEFT,26.25,2026-04-13T19:58:05Z
HEGD,25.255,2026-04-13T18:59:59Z
HEI,293.68,2026-04-13T19:59:54Z
HEI.A,223.36,2026-04-13T19:59:16Z
HELE,16.87,2026-04-13T19:59:50Z
HELO,65.92,2026-04-13T19:58:50Z
HELP,5.41,2026-04-13T19:59:52Z
HEPS,2.835,2026-04-13T19:59:52Z
HEQ,11.2,2026-04-13T19:57:52Z
HEQQ,58.12,2026-04-13T18:54:47Z
HEQT,32.125,2026-04-13T19:59:50Z
HERE,3.26,2026-04-13T19:59:04Z
HERO,25.245,2026-04-13T13:30:03Z
HESM,38.295,2026-04-13T19:59:45Z
HEWJ,59.17,2026-04-13T19:50:02Z
HEZU,45.825,2026-04-13T16:06:30Z
HFBL,18.86,2026-04-13T19:35:49Z
HFEQ,22.325,2026-04-13T19:55:40Z
HFFG,2.175,2026-04-13T19:57:50Z
HFGM,32.83,2026-04-13T18:54:32Z
HFGO,26.25,2026-04-13T17:51:57Z
HFMF,22.89,2026-04-13T19:42:15Z
HFRO,5.85,2026-04-13T19:58:30Z
HFSI,35.175,2026-04-13T19:54:40Z
HFWA,27.215,2026-04-13T19:59:46Z
HFXI,35.64,2026-04-13T19:55:10Z
HG,30.87,2026-04-13T19:59:41Z
HGBL,1.39,2026-04-13T13:39:20Z
HGER,31.005,2026-04-13T19:59:29Z
HGLB,8.235,2026-04-13T19:09:31Z
HGRO,28.47,2026-04-13T16:20:08Z
HGTY,10.89,2026-04-13T19:59:26Z
HGV,46.54,2026-04-13T19:59:54Z
HHH,64.15,2026-04-13T19:55:03Z
HHS,2.85,2026-04-13T19:53:59Z
HIBL,72.61,2026-04-13T16:35:52Z
HIBS,37.41,2026-04-13T19:59:47Z
HIDE,24.15,2026-04-13T17:32:23Z
HIFS,304.66,2026-04-13T19:59:45Z
HIG,139.085,2026-04-13T19:59:59Z
HIHO,0.8199,2026-04-13T15:28:41Z
HII,394.18,2026-04-13T19:59:49Z
HIMS,21.15,2026-04-13T19:59:59Z
HIMU,48.52,2026-04-13T19:55:29Z
HIMX,9.27,2026-04-13T19:59:59Z
HIMZ,23.48,2026-04-13T19:56:31Z
HIND,2.355,2026-04-13T17:55:40Z
HIO,3.685,2026-04-13T19:54:59Z
HIPO,26.63,2026-04-13T19:58:39Z
HIPS,11.74,2026-04-13T19:59:58Z
HIT,1.38,2026-04-13T19:59:57Z
HITI,2.335,2026-04-13T19:59:55Z
HIVE,2.17,2026-04-13T19:59:55Z
HIW,22.495,2026-04-13T19:59:32Z
HIX,4.025,2026-04-13T19:59:52Z
HIYY,13.35,2026-04-13T14:19:08Z
HKD,1.73,2026-04-13T19:59:58Z
HKIT,1.095,2026-04-13T19:12:36Z
HKPD,0.67,2026-04-13T16:28:36Z
HL,19.28,2026-04-13T19:59:59Z
HLF,15.52,2026-04-13T19:59:59Z
HLI,156.09,2026-04-13T19:59:43Z
HLIO,71.47,2026-04-13T19:54:58Z
HLIT,9.96,2026-04-13T19:59:50Z
HLLY,3.145,2026-04-13T19:59:35Z
HLMN,8.8,2026-04-13T19:59:57Z
HLN,9.83,2026-04-13T19:59:54Z
HLNE,99,2026-04-13T19:59:53Z
HLP,0.85,2026-04-13T15:45:42Z
HLT,327.24,2026-04-13T19:59:59Z
HLX,9.78,2026-04-13T19:59:56Z
HLXX,28.59,2026-04-13T19:55:46Z
HMC,24.205,2026-04-13T19:59:54Z
HMH,18.985,2026-04-13T19:55:36Z
HMN,44.705,2026-04-13T19:59:13Z
HMOP,39.1,2026-04-13T19:48:27Z
HMY,16.555,2026-04-13T19:59:49Z
HNDL,22.31,2026-04-13T18:31:57Z
HNGE,37.835,2026-04-13T19:59:47Z
HNI,35.205,2026-04-13T19:59:30Z
HNRG,15.155,2026-04-13T19:59:55Z
HNST,3.02,2026-04-13T19:59:54Z
HODL,20.76,2026-04-13T19:51:40Z
HODU,7.41,2026-04-13T19:52:09Z
HOFT,14.85,2026-04-13T19:59:12Z
HOG,22.905,2026-04-13T19:59:56Z
HOLO,2.02,2026-04-13T19:59:51Z
HOMB,28.2,2026-04-13T19:59:58Z
HOMZ,44.2,2026-04-13T19:59:47Z
HON,233.63,2026-04-13T19:59:54Z
HOOD,71.68,2026-04-13T19:59:59Z
HOOG,17.96,2026-04-13T19:50:07Z
HOOW,22.575,2026-04-13T19:52:28Z
HOOX,20,2026-04-13T16:45:06Z
HOOZ,37.68,2026-04-13T19:58:44Z
HOPE,12.26,2026-04-13T19:59:49Z
HOTH,0.5161,2026-04-13T19:59:25Z
HOV,108.62,2026-04-13T19:58:58Z
HOVR,1.56,2026-04-13T19:59:56Z
HOWL,0.9139,2026-04-13T19:53:20Z
HOYY,6.76,2026-04-13T19:32:01Z
HP,35.765,2026-04-13T19:59:40Z
HPAI,1.51,2026-04-13T19:22:56Z
HPE,24.8,2026-04-13T19:59:59Z
HPE-C,68.6,2026-04-13T15:27:47Z
HPF,15.84,2026-04-13T18:59:50Z
HPI,15.75,2026-04-13T18:42:03Z
HPK,6.37,2026-04-13T19:58:33Z
HPP,6.075,2026-04-13T19:59:59Z
HPQ,19.23,2026-04-13T19:59:59Z
HPS,14.32,2026-04-13T19:58:58Z
HQH,19.31,2026-04-13T19:37:09Z
HQI,10.16,2026-04-13T18:21:42Z
HQL,17.4,2026-04-13T19:43:47Z
HQWWW,2.3,2026-04-13T15:17:12Z
HQY,79.92,2026-04-13T19:59:49Z
HR,17.47,2026-04-13T19:59:59Z
HRB,31.16,2026-04-13T19:59:56Z
HRI,103.87,2026-04-13T19:59:28Z
HRL,20.46,2026-04-13T19:59:55Z
HRMY,29.03,2026-04-13T19:59:20Z
HROW,37.13,2026-04-13T19:59:47Z
HRTG,26.65,2026-04-13T19:59:04Z
HRTX,0.9,2026-04-13T19:59:29Z
HRZN,4.58,2026-04-13T19:59:56Z
HSAI,22.35,2026-04-13T19:59:57Z
HSBC,90.99,2026-04-13T19:59:46Z
HSDT,2.04,2026-04-13T19:59:42Z
HSHP,13.745,2026-04-13T19:59:42Z
HSIC,75.985,2026-04-13T19:59:08Z
HSLV,6.425,2026-04-13T19:59:41Z
HST,20.27,2026-04-13T19:59:57Z
HSTM,20.34,2026-04-13T19:59:34Z
HSY,197.59,2026-04-13T19:59:53Z
HTAB,19.18,2026-04-13T19:52:25Z
HTB,45.26,2026-04-13T17:16:53Z
HTBK,13.38,2026-04-13T19:59:59Z
HTCR,3.18,2026-04-13T19:58:15Z
HTD,25.46,2026-04-13T16:54:17Z
HTEC,33.295,2026-04-13T19:24:36Z
HTFL,27.33,2026-04-13T19:59:00Z
HTGC,15.28,2026-04-13T19:59:59Z
HTH,37.59,2026-04-13T19:59:47Z
HTHT,52.8,2026-04-13T19:59:48Z
HTLD,11.025,2026-04-13T19:59:57Z
HTO,58.18,2026-04-13T19:59:49Z
HTOO,2.85,2026-04-13T19:56:55Z
HTRB,33.955,2026-04-13T16:40:13Z
HTT,2.53,2026-04-13T18:49:57Z
HTZ,6.6,2026-04-13T19:59:59Z
HTZWW,3.23,2026-04-13T19:55:04Z
HUBB,540.17,2026-04-13T19:59:56Z
HUBC,0.09,2026-04-13T19:58:59Z
HUBG,39.23,2026-04-13T19:59:56Z
HUBS,205.33,2026-04-13T19:59:54Z
HUHU,10.61,2026-04-13T19:52:12Z
HUM,198.2,2026-04-13T19:59:48Z
HUMA,0.68,2026-04-13T19:59:59Z
HUMN,30.51,2026-04-13T15:43:16Z
HUN,14.03,2026-04-13T19:59:58Z
HURA,2.86,2026-04-13T19:59:54Z
HURC,16.1,2026-04-13T19:45:06Z
HURN,127.075,2026-04-13T19:59:33Z
HUSV,38.74,2026-04-13T14:06:23Z
HUT,69.815,2026-04-13T19:59:39Z
HUYA,3.17,2026-04-13T19:59:37Z
HVAC,38.21,2026-04-13T18:30:19Z
HVT,22.39,2026-04-13T19:59:53Z
HWC,67.565,2026-04-13T19:59:41Z
HWH,1.01,2026-04-13T15:29:31Z
HWKN,150.21,2026-04-13T19:56:53Z
HWM,255.94,2026-04-13T19:59:42Z
HXHX,0.6068,2026-04-13T19:59:50Z
HXL,84.16,2026-04-13T19:59:20Z
HY,36.945,2026-04-13T19:58:05Z
HYBB,46.84,2026-04-13T19:57:19Z
HYBL,27.865,2026-04-13T14:45:49Z
HYBX,29.72,2026-04-13T16:06:36Z
HYD,51.015,2026-04-13T19:59:58Z
HYDB,46.965,2026-04-13T19:54:11Z
HYDR,41.255,2026-04-13T19:58:16Z
HYEM,19.96,2026-04-13T19:57:31Z
HYFI,37.32,2026-04-13T14:47:12Z
HYFM,0.865,2026-04-13T15:30:25Z
HYFT,1.1,2026-04-13T19:59:41Z
HYG,80.23,2026-04-13T19:59:59Z
HYGH,85.9,2026-04-13T14:45:49Z
HYGV,40.405,2026-04-13T19:59:52Z
HYGW,29.18,2026-04-13T19:57:50Z
HYHG,64.5,2026-04-13T15:04:11Z
HYI,10.82,2026-04-13T18:45:58Z
HYIN,14.75,2026-04-13T19:59:45Z
HYLB,36.63,2026-04-13T19:59:50Z
HYLN,1.85,2026-04-13T19:59:58Z
HYLS,40.96,2026-04-13T19:54:53Z
HYMB,25.095,2026-04-13T19:58:44Z
HYMC,39.58,2026-04-13T19:59:48Z
HYPD,3.55,2026-04-13T19:57:51Z
HYPR,1.23,2026-04-13T19:59:49Z
HYS,93.75,2026-04-13T19:59:31Z
HYT,8.61,2026-04-13T19:54:02Z
HYTI,19.32,2026-04-13T18:11:58Z
HYTR,21.475,2026-04-13T17:09:59Z
HYXF,46.64,2026-04-13T14:02:59Z
HYZD,22.49,2026-04-13T15:25:52Z
HZO,27.89,2026-04-13T19:54:39Z
IAC,40.865,2026-04-13T19:59:45Z
IAE,7.77,2026-04-13T19:54:00Z
IAG,20.21,2026-04-13T19:59:52Z
IAGG,49.905,2026-04-13T19:58:32Z
IAI,170.99,2026-04-13T16:15:08Z
IAK,131.71,2026-04-13T19:55:44Z
IALT,27.7,2026-04-13T19:58:25Z
IART,10.24,2026-04-13T19:59:51Z
IAT,57.81,2026-04-13T19:59:45Z
IAU,89.22,2026-04-13T19:59:27Z
IAUI,57.705,2026-04-13T18:44:57Z
IAUM,47.235,2026-04-13T19:59:38Z
IAUX,1.675,2026-04-13T19:59:48Z
IBAT,38.295,2026-04-13T19:59:45Z
IBB,172.12,2026-04-13T19:59:59Z
IBBQ,29.58,2026-04-13T19:55:26Z
IBCA,25.755,2026-04-13T19:01:35Z
IBCB,25.29,2026-04-13T18:51:37Z
IBCP,34.76,2026-04-13T19:59:52Z
IBD,23.915,2026-04-13T19:59:44Z
IBDR,24.205,2026-04-13T19:55:10Z
IBDS,24.195,2026-04-13T16:41:58Z
IBDT,25.31,2026-04-13T19:59:45Z
IBDU,23.275,2026-04-13T19:59:46Z
IBDV,21.925,2026-04-13T19:56:11Z
IBDW,20.985,2026-04-13T19:45:49Z
IBDX,25.38,2026-04-13T19:59:59Z
IBDY,25.965,2026-04-13T19:58:13Z
IBDZ,26.195,2026-04-13T19:47:58Z
IBEX,28.47,2026-04-13T19:59:41Z
IBG,1.095,2026-04-13T19:59:36Z
IBHF,22.875,2026-04-13T19:58:50Z
IBHG,22.125,2026-04-13T18:53:53Z
IBHH,23.515,2026-04-13T19:55:02Z
IBHI,23.385,2026-04-13T16:42:03Z
IBHJ,26.42,2026-04-13T19:19:10Z
IBIC,25.9,2026-04-13T16:29:14Z
IBIG,26.3,2026-04-13T14:50:25Z
IBIH,26.26,2026-04-13T14:12:34Z
IBII,25.98,2026-04-13T14:11:44Z
IBIM,25.36,2026-04-13T19:52:57Z
IBIO,2.19,2026-04-13T19:59:11Z
IBIT,41.6,2026-04-13T19:59:59Z
IBKR,74.565,2026-04-13T19:59:53Z
IBM,237.89,2026-04-13T19:59:54Z
IBMO,25.63,2026-04-13T19:55:34Z
IBMQ,25.545,2026-04-13T19:59:46Z
IBMR,25.38,2026-04-13T14:38:49Z
IBMS,25.93,2026-04-13T15:27:37Z
IBMT,25.755,2026-04-13T19:48:45Z
IBN,28.03,2026-04-13T19:59:59Z
IBO,0.6709,2026-04-13T19:59:48Z
IBOC,72.345,2026-04-13T19:59:15Z
IBP,289.41,2026-04-13T19:59:48Z
IBRX,7.29,2026-04-13T19:59:59Z
IBTA,33.27,2026-04-13T19:58:47Z
IBTI,22.25,2026-04-13T19:59:50Z
IBTJ,21.81,2026-04-13T18:21:28Z
IBTK,19.7,2026-04-13T16:35:55Z
IBTL,20.38,2026-04-13T19:31:55Z
IBTM,22.9,2026-04-13T16:48:17Z
IBTO,24.375,2026-04-13T19:59:46Z
IBTP,25.62,2026-04-13T19:26:09Z
IBTQ,25.29,2026-04-13T19:58:36Z
IBUF,30.34,2026-04-13T16:46:44Z
ICAP,27.42,2026-04-13T14:38:24Z
ICCC,7.17,2026-04-13T18:53:59Z
ICCM,0.3134,2026-04-13T17:13:49Z
ICE,164.29,2026-04-13T19:59:51Z
ICF,65.445,2026-04-13T19:58:58Z
ICFI,70.07,2026-04-13T19:59:27Z
ICHR,60.44,2026-04-13T19:59:50Z
ICL,5.44,2026-04-13T19:59:59Z
ICLN,18.98,2026-04-13T19:59:47Z
ICLO,25.53,2026-04-13T19:49:18Z
ICLR,110.44,2026-04-13T19:59:53Z
ICMB,1.75,2026-04-13T19:59:23Z
ICOI,11.25,2026-04-13T16:06:29Z
ICON,1.085,2026-04-13T18:58:09Z
ICOP,52.67,2026-04-13T19:31:06Z
ICOW,43.88,2026-04-13T19:49:40Z
ICPY,11.8,2026-04-13T19:53:51Z
ICSH,50.535,2026-04-13T19:55:15Z
ICU,4.245,2026-04-13T19:59:27Z
ICUCW,0.0279,2026-04-13T17:37:40Z
ICUI,129.13,2026-04-13T19:58:46Z
ICVT,108.51,2026-04-13T19:59:25Z
IDA,144.815,2026-04-13T19:59:49Z
IDAI,2.46,2026-04-13T19:55:36Z
IDCC,352.06,2026-04-13T19:59:38Z
IDE,13.21,2026-04-13T18:51:17Z
IDEC,33.62,2026-04-13T19:33:43Z
IDEF,34.75,2026-04-13T19:55:00Z
IDEQ,33.84,2026-04-13T19:59:51Z
IDEV,88.4,2026-04-13T19:59:59Z
IDGT,110.31,2026-04-13T19:59:50Z
IDHQ,38.015,2026-04-13T16:47:20Z
IDLV,35.56,2026-04-13T19:16:46Z
IDMO,59.52,2026-04-13T19:56:23Z
IDN,8.23,2026-04-13T19:59:56Z
IDNA,30.075,2026-04-13T19:58:31Z
IDOG,43.5,2026-04-13T19:59:50Z
IDR,37.665,2026-04-13T19:59:33Z
IDT,49.565,2026-04-13T19:57:59Z
IDU,117.03,2026-04-13T18:59:26Z
IDUB,26.36,2026-04-13T19:12:50Z
IDV,44.21,2026-04-13T19:59:59Z
IDVO,42.75,2026-04-13T19:54:14Z
IDVZ,34.94,2026-04-13T15:20:16Z
IDX,14.39,2026-04-13T19:54:46Z
IDXX,573.89,2026-04-13T19:59:45Z
IDYA,32.79,2026-04-13T19:59:56Z
IE,13.475,2026-04-13T19:59:54Z
IEF,95.48,2026-04-13T19:59:57Z
IEFA,95.91,2026-04-13T19:59:58Z
IEI,118.57,2026-04-13T19:59:59Z
IEMG,74.955,2026-04-13T19:59:46Z
IEO,116.37,2026-04-13T19:59:51Z
IEP,7.67,2026-04-13T19:59:36Z
IESC,539.09,2026-04-13T19:59:06Z
IETC,94.14,2026-04-13T18:38:29Z
IEUR,74.76,2026-04-13T19:59:57Z
IEUS,70.44,2026-04-13T15:32:54Z
IEV,72.14,2026-04-13T19:44:32Z
IEX,205.12,2026-04-13T19:59:50Z
IEZ,29.66,2026-04-13T19:59:50Z
IFBD,0.95,2026-04-13T14:31:57Z
IFEB,30.775,2026-04-13T19:59:46Z
IFF,71.705,2026-04-13T19:59:56Z
IFLN,18.385,2026-04-13T19:59:46Z
IFN,11.9,2026-04-13T19:58:46Z
IFRA,59.68,2026-04-13T19:59:37Z
IFRX,1.08,2026-04-13T19:59:50Z
IFS,51.215,2026-04-13T19:59:53Z
IFV,27,2026-04-13T19:59:46Z
IG,20.79,2026-04-13T19:59:38Z
IGA,9.63,2026-04-13T19:56:20Z
IGBH,24.345,2026-04-13T19:54:41Z
IGC,0.2973,2026-04-13T19:56:57Z
IGD,5.85,2026-04-13T19:59:55Z
IGE,61.67,2026-04-13T19:16:28Z
IGEB,45.285,2026-04-13T19:58:29Z
IGF,68.015,2026-04-13T19:59:50Z
IGI,16.23,2026-04-13T18:09:59Z
IGIB,53.48,2026-04-13T19:59:55Z
IGIC,26.12,2026-04-13T19:31:53Z
IGLB,50.12,2026-04-13T19:59:58Z
IGLD,25.35,2026-04-13T19:59:56Z
IGM,130.51,2026-04-13T19:59:51Z
IGOV,41.7,2026-04-13T19:56:32Z
IGPT,66.05,2026-04-13T19:53:50Z
IGR,4.68,2026-04-13T19:57:22Z
IGRO,87.36,2026-04-13T19:52:11Z
IGSB,52.6,2026-04-13T19:59:53Z
IGTR,29.995,2026-04-13T17:06:12Z
IGV,78.59,2026-04-13T19:59:59Z
IHAK,43.34,2026-04-13T16:50:52Z
IHD,7,2026-04-13T17:30:38Z
IHDG,50.53,2026-04-13T19:59:59Z
IHE,87.41,2026-04-13T19:59:48Z
IHF,44.685,2026-04-13T19:59:54Z
IHG,141.66,2026-04-13T19:59:18Z
IHI,53.94,2026-04-13T19:59:57Z
IHRT,3.725,2026-04-13T19:59:48Z
IHS,8.245,2026-04-13T19:59:32Z
IHT,1.13,2026-04-13T15:20:49Z
IHY,21.79,2026-04-13T17:22:36Z
IIF,22.165,2026-04-13T15:38:03Z
III,4.07,2026-04-13T19:59:21Z
IIIN,36.97,2026-04-13T19:58:23Z
IIIV,20.84,2026-04-13T19:59:55Z
IIM,12.57,2026-04-13T19:58:02Z
IINN,0.4956,2026-04-13T19:21:16Z
IINNW,0.07,2026-04-13T16:20:26Z
IIPR,50.62,2026-04-13T19:58:54Z
IIPR-A,21.2,2026-04-13T18:23:29Z
IJH,71.21,2026-04-13T19:59:55Z
IJJ,136.89,2026-04-13T15:42:13Z
IJK,106.42,2026-04-13T16:50:23Z
IJR,131.83,2026-04-13T19:59:59Z
IJS,124.29,2026-04-13T19:55:00Z
IJT,155.18,2026-04-13T19:59:50Z
IJUN,30.18,2026-04-13T16:02:25Z
IKT,1.7,2026-04-13T19:59:58Z
ILCB,93.99,2026-04-13T14:32:00Z
ILCG,103.25,2026-04-13T19:59:57Z
ILCV,96.115,2026-04-13T19:59:48Z
ILDR,32.29,2026-04-13T19:19:09Z
ILF,38.08,2026-04-13T19:59:56Z
ILIT,19.24,2026-04-13T19:54:45Z
ILMN,127,2026-04-13T19:59:58Z
ILOW,44.75,2026-04-13T17:17:25Z
ILPT,5.64,2026-04-13T19:59:53Z
ILS,19.81,2026-04-13T17:59:40Z
ILTB,49.37,2026-04-13T19:51:45Z
IMA,6.05,2026-04-13T19:59:43Z
IMAR,29.96,2026-04-13T19:48:42Z
IMAX,36.92,2026-04-13T19:59:59Z
IMCB,87.62,2026-04-13T19:59:51Z
IMCG,83.69,2026-04-13T16:20:01Z
IMCR,31.4,2026-04-13T19:59:33Z
IMCV,86.9,2026-04-13T19:40:23Z
IMDX,2.995,2026-04-13T19:57:06Z
IMFL,32.93,2026-04-13T19:58:04Z
IMKTA,92.46,2026-04-13T19:35:53Z
IMMP,0.3045,2026-04-13T19:59:53Z
IMMR,5.6,2026-04-13T19:59:50Z
IMMX,9.635,2026-04-13T19:58:41Z
IMNM,22.605,2026-04-13T19:59:41Z
IMNN,2.9,2026-04-13T17:12:27Z
IMO,130.295,2026-04-13T19:59:37Z
IMOS,40.775,2026-04-13T17:54:33Z
IMPP,4.37,2026-04-13T19:59:16Z
IMRX,5.71,2026-04-13T19:59:56Z
IMSR,6.6,2026-04-13T19:59:54Z
IMSRW,2.79,2026-04-13T14:06:34Z
IMST,10.65,2026-04-13T19:19:39Z
IMTB,43.88,2026-04-13T15:29:01Z
IMTM,51.97,2026-04-13T19:58:20Z
IMTX,10.86,2026-04-13T19:59:36Z
IMUX,1.215,2026-04-13T19:59:50Z
IMVT,25.12,2026-04-13T19:59:58Z
IMXI,15.87,2026-04-13T19:59:39Z
INAB,1.35,2026-04-13T19:56:11Z
INBK,23.4,2026-04-13T19:46:49Z
INBS,2.52,2026-04-13T17:11:28Z
INBX,77.47,2026-04-13T19:59:36Z
INCM,29.085,2026-04-13T19:59:32Z
INCY,95.55,2026-04-13T19:59:42Z
INDA,49.365,2026-04-13T19:59:59Z
INDB,80.33,2026-04-13T19:59:40Z
INDE,27.3,2026-04-13T13:56:01Z
INDI,2.97,2026-04-13T19:59:57Z
INDL,45.4,2026-04-13T14:00:10Z
INDO,3.39,2026-04-13T19:59:53Z
INDP,2.08,2026-04-13T19:40:18Z
INDV,31.595,2026-04-13T19:59:55Z
INDY,44.065,2026-04-13T19:53:00Z
INFL,52.89,2026-04-13T19:57:10Z
INFO,24.72,2026-04-13T19:20:06Z
INFQ,12.64,2026-04-13T19:59:58Z
INFQ+,6.21,2026-04-13T17:44:42Z
INFU,9.75,2026-04-13T19:58:59Z
INFY,13.985,2026-04-13T19:59:56Z
ING,29.19,2026-04-13T19:59:53Z
INGM,28.265,2026-04-13T19:59:59Z
INGN,6.43,2026-04-13T19:59:58Z
INGR,113.47,2026-04-13T19:58:36Z
INHD,0.196,2026-04-13T19:59:57Z
INKT,11.78,2026-04-13T19:30:12Z
INLF,3.92,2026-04-13T15:22:31Z
INM,0.6862,2026-04-13T16:14:19Z
INMB,1.26,2026-04-13T19:59:59Z
INMD,13.98,2026-04-13T19:59:59Z
INMU,24.115,2026-04-13T19:53:21Z
INN,4.76,2026-04-13T19:59:47Z
INNV,8.115,2026-04-13T19:58:26Z
INO,1.095,2026-04-13T19:59:34Z
INOD,39.02,2026-04-13T19:59:52Z
INQQ,12.41,2026-04-13T17:53:51Z
INR,16.78,2026-04-13T19:59:57Z
INSE,6.625,2026-04-13T19:59:34Z
INSG,13.92,2026-04-13T19:59:27Z
INSM,151.055,2026-04-13T19:59:46Z
INSP,54.875,2026-04-13T19:59:23Z
INSW,75.22,2026-04-13T19:59:19Z
INTA,21.105,2026-04-13T19:59:53Z
INTC,65.17,2026-04-13T19:59:59Z
INTF,41.205,2026-04-13T19:58:15Z
INTL,30.07,2026-04-13T19:20:32Z
INTR,8.35,2026-04-13T19:59:56Z
INTS,5.24,2026-04-13T13:42:44Z
INTT,15.215,2026-04-13T19:58:49Z
INTU,369.34,2026-04-13T19:59:59Z
INTW,110.28,2026-04-13T19:55:05Z
INTZ,0.791,2026-04-13T19:08:05Z
INUV,1.86,2026-04-13T19:59:50Z
INV,4.89,2026-04-13T19:59:50Z
INVA,23.98,2026-04-13T19:59:56Z
INVE,3.64,2026-04-13T19:54:51Z
INVH,25.96,2026-04-13T19:59:59Z
INVX,26.365,2026-04-13T19:59:55Z
INVZ,0.6851,2026-04-13T19:59:41Z
IOCT,36.08,2026-04-13T18:14:26Z
IONL,11.35,2026-04-13T19:59:55Z
IONQ,29.78,2026-04-13T19:59:59Z
IONR,3.77,2026-04-13T19:59:42Z
IONS,74.945,2026-04-13T19:59:54Z
IONX,21.77,2026-04-13T19:59:38Z
IONZ,22.49,2026-04-13T19:50:52Z
IOO,128.45,2026-04-13T19:59:28Z
IOSP,76.54,2026-04-13T19:59:35Z
IOT,26.585,2026-04-13T19:59:50Z
IOVA,3.455,2026-04-13T19:59:59Z
IP,36.63,2026-04-13T19:59:59Z
IPAC,80.55,2026-04-13T19:55:50Z
IPAR,95.35,2026-04-13T19:59:29Z
IPAY,44.99,2026-04-13T19:34:12Z
IPDN,0.9099,2026-04-13T19:46:06Z
IPEXR,0.8,2026-04-13T19:26:34Z
IPGP,127.275,2026-04-13T19:59:09Z
IPHA,1.445,2026-04-13T14:42:37Z
IPI,37.935,2026-04-13T19:59:56Z
IPKW,58.4,2026-04-13T19:59:54Z
IPODW,0.29,2026-04-13T19:34:59Z
IPOS,20.54,2026-04-13T15:30:43Z
IPSC,2.275,2026-04-13T19:59:26Z
IPST,0.4808,2026-04-13T19:57:54Z
IPW,1.07,2026-04-13T19:46:29Z
IPWR,2.86,2026-04-13T19:59:16Z
IPX,33.42,2026-04-13T19:59:47Z
IQ,1.265,2026-04-13T19:59:52Z
IQDF,33.38,2026-04-13T19:29:59Z
IQDG,42.34,2026-04-13T16:09:16Z
IQI,9.93,2026-04-13T18:50:48Z
IQLT,48.875,2026-04-13T19:59:45Z
IQMM,100.15,2026-04-13T16:09:15Z
IQQQ,43.58,2026-04-13T19:21:04Z
IQST,1.74,2026-04-13T19:38:06Z
IQSU,53.7,2026-04-13T16:06:52Z
IQV,171.92,2026-04-13T19:59:54Z
IR,87.75,2026-04-13T19:59:50Z
IRD,5.58,2026-04-13T19:59:56Z
IRDM,35.225,2026-04-13T19:58:59Z
IRE,20.18,2026-04-13T19:59:47Z
IREG,14.15,2026-04-13T18:42:17Z
IREN,43.045,2026-04-13T19:59:59Z
IREX,26.86,2026-04-13T19:57:29Z
IREZ,18.145,2026-04-13T19:58:30Z
IRHO,9.88,2026-04-13T19:38:06Z
IRIX,1.02,2026-04-13T19:56:19Z
IRM,111.87,2026-04-13T19:59:49Z
IRMD,91.53,2026-04-13T19:22:03Z
IRON,68.465,2026-04-13T19:59:41Z
IRS,15.95,2026-04-13T19:53:02Z
IRT,15.52,2026-04-13T19:59:57Z
IRTC,120.355,2026-04-13T19:59:59Z
IRTR,31.18,2026-04-13T17:44:03Z
IRWD,3.64,2026-04-13T19:59:48Z
ISBA,50.17,2026-04-13T15:51:50Z
ISBG,19.15,2026-04-13T14:03:37Z
ISCB,67.81,2026-04-13T15:50:55Z
ISCF,44.48,2026-04-13T19:50:22Z
ISCV,71.89,2026-04-13T13:31:55Z
ISD,13.22,2026-04-13T19:51:01Z
ISEP,33.68,2026-04-13T18:31:11Z
ISHG,75.47,2026-04-13T17:35:16Z
ISMD,42.78,2026-04-13T19:53:09Z
ISMF,27.96,2026-04-13T19:13:35Z
ISOU,11.08,2026-04-13T19:57:21Z
ISPC,0.1161,2026-04-13T19:59:45Z
ISPR,1.92,2026-04-13T19:29:41Z
ISPY,44.96,2026-04-13T19:59:45Z
ISRG,458.86,2026-04-13T19:59:57Z
ISSB,19.11,2026-04-13T13:44:14Z
ISSC,24.92,2026-04-13T19:59:56Z
ISTB,48.465,2026-04-13T19:49:35Z
ISTR,28.51,2026-04-13T19:59:50Z
ISVL,51.13,2026-04-13T19:01:46Z
ISWN,22.3,2026-04-13T19:59:46Z
IT,154.27,2026-04-13T19:59:55Z
ITA,232.93,2026-04-13T19:59:53Z
ITAN,37.25,2026-04-13T18:26:38Z
ITB,95.28,2026-04-13T19:59:59Z
ITEQ,59.39,2026-04-13T15:23:00Z
ITGR,87.38,2026-04-13T19:40:05Z
ITHAW,0.2333,2026-04-13T19:01:38Z
ITIC,231.715,2026-04-13T19:03:51Z
ITM,46.79,2026-04-13T19:59:00Z
ITOT,150.32,2026-04-13T19:59:45Z
ITRG,3.04,2026-04-13T19:59:56Z
ITRI,94.49,2026-04-13T19:59:15Z
ITRN,54.415,2026-04-13T19:59:29Z
ITT,219.9,2026-04-13T19:59:50Z
ITUB,9.17,2026-04-13T19:59:55Z
ITW,274.34,2026-04-13T19:59:50Z
IUS,60.295,2026-04-13T19:59:46Z
IUSB,46.365,2026-04-13T19:59:18Z
IUSG,167.44,2026-04-13T19:59:51Z
IUSV,105.22,2026-04-13T19:59:34Z
IVA,5,2026-04-13T19:59:50Z
IVAL,35.26,2026-04-13T19:59:46Z
IVDA,0.2633,2026-04-13T19:53:22Z
IVE,217.14,2026-04-13T19:59:55Z
IVES,30.415,2026-04-13T19:58:11Z
IVLU,41.8,2026-04-13T19:59:48Z
IVOG,132.475,2026-04-13T19:50:13Z
IVOL,18.575,2026-04-13T19:59:46Z
IVOO,120.55,2026-04-13T19:59:51Z
IVOV,105.48,2026-04-13T15:26:14Z
IVR,8.39,2026-04-13T19:59:58Z
IVR-C,24.17,2026-04-13T13:46:33Z
IVT,31.84,2026-04-13T19:59:59Z
IVV,689.4,2026-04-13T19:59:58Z
IVVD,1.725,2026-04-13T19:59:53Z
IVVM,35.135,2026-04-13T18:46:11Z
IVVW,44.09,2026-04-13T17:21:04Z
IVW,122.16,2026-04-13T19:59:59Z
IVZ,24.29,2026-04-13T19:59:59Z
IWB,376.09,2026-04-13T19:59:50Z
IWC,171.95,2026-04-13T18:54:53Z
IWD,223.72,2026-04-13T19:59:54Z
IWF,452.42,2026-04-13T19:59:58Z
IWL,169.65,2026-04-13T19:59:46Z
IWM,265.02,2026-04-13T19:59:59Z
IWMI,49.99,2026-04-13T19:59:51Z
IWMY,19.01,2026-04-13T19:57:20Z
IWN,200.93,2026-04-13T19:59:50Z
IWO,338.97,2026-04-13T19:59:50Z
IWP,133.06,2026-04-13T19:59:42Z
IWR,101.93,2026-04-13T19:59:59Z
IWS,153.07,2026-04-13T19:55:02Z
IWV,390.9,2026-04-13T19:59:57Z
IWX,96.31,2026-04-13T19:11:41Z
IWY,263.97,2026-04-13T19:59:58Z
IX,31.04,2026-04-13T19:59:48Z
IXC,54.98,2026-04-13T19:58:50Z
IXHL,3.56,2026-04-13T19:59:41Z
IXJ,94.92,2026-04-13T19:54:29Z
IXN,109.99,2026-04-13T19:59:51Z
IXP,118.67,2026-04-13T19:52:02Z
IXUS,92.015,2026-04-13T19:59:44Z
IYC,100.695,2026-04-13T19:59:02Z
IYE,60.605,2026-04-13T19:59:53Z
IYF,123.235,2026-04-13T19:50:02Z
IYG,87,2026-04-13T19:59:17Z
IYH,62.22,2026-04-13T19:58:23Z
IYJ,156.05,2026-04-13T17:57:18Z
IYK,70.165,2026-04-13T19:59:45Z
IYLD,21.94,2026-04-13T13:34:06Z
IYM,185.39,2026-04-13T19:19:04Z
IYR,99.43,2026-04-13T19:59:58Z
IYT,77.8,2026-04-13T19:58:42Z
IYW,198.03,2026-04-13T19:59:50Z
IYY,166.21,2026-04-13T17:18:37Z
IYZ,41.215,2026-04-13T19:59:40Z
IZEA,4.245,2026-04-13T19:59:20Z
IZM,0.4382,2026-04-13T19:59:41Z
J,125.22,2026-04-13T19:59:52Z
JAAA,50.56,2026-04-13T19:59:55Z
JACK,11.37,2026-04-13T19:59:47Z
JAGU,2.32,2026-04-13T19:59:53Z
JAGX,0.3902,2026-04-13T19:59:32Z
JAJL,29.3,2026-04-13T19:26:23Z
JAKK,21.635,2026-04-13T19:58:46Z
JAN,24,2026-04-13T19:59:45Z
JANB,25.75,2026-04-13T13:49:37Z
JANI,25.17,2026-04-13T13:49:54Z
JANP,33.11,2026-04-13T19:58:00Z
JANX,14.89,2026-04-13T19:59:59Z
JANZ,38.04,2026-04-13T17:37:09Z
JAVA,74.58,2026-04-13T19:58:44Z
JAZZ,195.19,2026-04-13T19:59:48Z
JBBB,46.82,2026-04-13T19:59:52Z
JBGS,14.91,2026-04-13T19:59:19Z
JBHT,227.65,2026-04-13T19:59:56Z
JBI,5.535,2026-04-13T19:59:58Z
JBIO,18.49,2026-04-13T19:59:22Z
JBL,305.44,2026-04-13T19:59:51Z
JBLU,4.79,2026-04-13T19:59:57Z
JBND,53.845,2026-04-13T19:56:58Z
JBS,17.755,2026-04-13T19:59:55Z
JBSS,80.62,2026-04-13T19:57:20Z
JBTM,130.565,2026-04-13T19:59:44Z
JCAP,19.98,2026-04-13T19:59:38Z
JCE,15.54,2026-04-13T19:59:59Z
JCI,142.82,2026-04-13T19:59:51Z
JCPB,47.18,2026-04-13T19:59:50Z
JCPI,48.44,2026-04-13T19:30:29Z
JCTC,1.66,2026-04-13T16:08:01Z
JD,28.96,2026-04-13T19:59:57Z
JDST,29.63,2026-04-13T19:59:08Z
JDZG,1.96,2026-04-13T19:59:58Z
JEDI,28.72,2026-04-13T19:13:05Z
JEF,46.225,2026-04-13T19:59:52Z
JELD,1.135,2026-04-13T19:59:55Z
JEMA,56.28,2026-04-13T19:47:14Z
JEPI,57.845,2026-04-13T19:59:46Z
JEPQ,57.97,2026-04-13T19:59:50Z
JETD,4.17,2026-04-13T19:53:06Z
JETS,25.82,2026-04-13T19:59:58Z
JETU,27.3,2026-04-13T18:04:59Z
JF,0.9675,2026-04-13T15:35:05Z
JFB,5.55,2026-04-13T14:43:06Z
JFIN,4.235,2026-04-13T19:59:05Z
JFLX,49.99,2026-04-13T19:42:08Z
JFR,7.58,2026-04-13T19:49:24Z
JGH,12.69,2026-04-13T18:46:41Z
JGLO,68.26,2026-04-13T19:31:50Z
JGRO,89.46,2026-04-13T19:59:57Z
JGRW,25.18,2026-04-13T13:51:02Z
JHCB,21.37,2026-04-13T19:52:05Z
JHCR,25.44,2026-04-13T16:30:55Z
JHG,51.59,2026-04-13T19:59:58Z
JHHY,25.67,2026-04-13T19:14:39Z
JHI,13.35,2026-04-13T19:59:48Z
JHLN,24.58,2026-04-13T16:12:08Z
JHMB,22.115,2026-04-13T17:23:26Z
JHMD,44.74,2026-04-13T19:50:10Z
JHML,82.26,2026-04-13T19:59:50Z
JHMM,70.35,2026-04-13T19:59:21Z
JHPI,22.99,2026-04-13T18:38:14Z
JHSC,45.17,2026-04-13T19:49:13Z
JHX,21.16,2026-04-13T19:59:59Z
JIG,80.59,2026-04-13T19:34:41Z
JIII,49.94,2026-04-13T18:53:37Z
JILL,12.02,2026-04-13T19:59:33Z
JIRE,80.06,2026-04-13T19:59:06Z
JIVE,90.44,2026-04-13T19:59:51Z
JJSF,82.23,2026-04-13T19:58:54Z
JKHY,151.36,2026-04-13T19:59:17Z
JKS,23.805,2026-04-13T19:59:53Z
JL,6.82,2026-04-13T14:00:28Z
JLHL,5.95,2026-04-13T19:40:48Z
JLL,324.39,2026-04-13T19:59:51Z
JLS,18.48,2026-04-13T15:05:40Z
JMBS,45.54,2026-04-13T19:59:55Z
JMEE,70.62,2026-04-13T19:55:56Z
JMHI,50.03,2026-04-13T19:45:00Z
JMIA,7.12,2026-04-13T19:59:53Z
JMOM,72.79,2026-04-13T19:59:51Z
JMSB,20.92,2026-04-13T14:44:28Z
JMSI,50.16,2026-04-13T15:44:19Z
JMST,50.92,2026-04-13T19:58:19Z
JMTG,51.065,2026-04-13T19:50:00Z
JMUB,50.385,2026-04-13T19:57:44Z
JNJ,237.92,2026-04-13T19:59:55Z
JNK,96.59,2026-04-13T19:59:55Z
JNUG,224.845,2026-04-13T16:20:04Z
JOBY,8.52,2026-04-13T19:59:58Z
JOE,67.495,2026-04-13T19:58:36Z
JOET,41.83,2026-04-13T18:05:41Z
JOF,10.99,2026-04-13T19:58:50Z
JOUT,51.81,2026-04-13T19:33:22Z
JOYY,60.56,2026-04-13T19:58:50Z
JPC,7.935,2026-04-13T19:41:19Z
JPEF,74.9,2026-04-13T18:15:11Z
JPIB,48.185,2026-04-13T19:50:05Z
JPIE,46.12,2026-04-13T19:58:55Z
JPIN,74.24,2026-04-13T19:59:02Z
JPLD,52.15,2026-04-13T19:43:40Z
JPM,313.55,2026-04-13T19:59:54Z
JPM-C,25.2,2026-04-13T17:29:22Z
JPM-D,24.69,2026-04-13T17:47:53Z
JPM-J,19.9,2026-04-13T15:32:15Z
JPM-K,19.03,2026-04-13T16:59:21Z
JPM-L,19.405,2026-04-13T16:51:24Z
JPM-M,17.96,2026-04-13T19:45:50Z
JPME,118.31,2026-04-13T18:25:04Z
JPO,14.27,2026-04-13T16:04:04Z
JPST,50.51,2026-04-13T19:59:56Z
JPUS,134.09,2026-04-13T17:49:30Z
JPXN,95.01,2026-04-13T18:06:37Z
JQC,4.855,2026-04-13T19:48:03Z
JQUA,63.78,2026-04-13T19:59:50Z
JRI,12.93,2026-04-13T19:53:47Z
JRS,7.78,2026-04-13T16:28:45Z
JRVR,6.34,2026-04-13T19:59:55Z
JSCP,47.295,2026-04-13T19:52:26Z
JSI,51.75,2026-04-13T15:14:56Z
JSMD,86.355,2026-04-13T19:54:40Z
JSPR,0.9118,2026-04-13T19:58:43Z
JSTC,20.32,2026-04-13T15:59:08Z
JTAI,6.5,2026-04-13T19:58:00Z
JTEK,85.89,2026-04-13T19:54:20Z
JUCY,22.25,2026-04-13T16:21:49Z
JULB,25.81,2026-04-13T19:09:11Z
JULW,39.65,2026-04-13T18:00:39Z
JVA,4.54,2026-04-13T19:46:42Z
JVAL,50.86,2026-04-13T14:44:40Z
JXI,88.07,2026-04-13T18:42:27Z
JXN,104.25,2026-04-13T19:59:54Z
JXN-A,25.64,2026-04-13T14:47:13Z
JYNT,8.92,2026-04-13T19:59:51Z
JZ,0.96,2026-04-13T16:20:00Z
KAI,327.96,2026-04-13T19:59:16Z
KALA,0.2223,2026-04-13T19:58:39Z
KALU,143.36,2026-04-13T19:59:56Z
KALV,19.56,2026-04-13T19:59:54Z
KAPA,0.62,2026-04-13T15:19:33Z
KARS,34.34,2026-04-13T19:12:54Z
KAT,55.245,2026-04-13T19:59:04Z
KB,109,2026-04-13T19:59:10Z
KBA,31.85,2026-04-13T18:53:02Z
KBAB,9.78,2026-04-13T16:07:00Z
KBDC,14.25,2026-04-13T19:59:55Z
KBE,63.38,2026-04-13T19:59:59Z
KBFR,25.26,2026-04-13T19:58:00Z
KBH,51.98,2026-04-13T19:59:55Z
KBONU,10.25,2026-04-13T14:22:45Z
KBR,36.87,2026-04-13T19:59:55Z
KBSX,1.31,2026-04-13T17:03:33Z
KBWB,85.74,2026-04-13T19:59:59Z
KBWD,12.96,2026-04-13T19:55:57Z
KBWP,120.03,2026-04-13T15:53:00Z
KBWY,16.185,2026-04-13T19:59:53Z
KC,16.075,2026-04-13T19:59:55Z
KCCA,14.94,2026-04-13T15:49:20Z
KCOP,23.95,2026-04-13T16:04:45Z
KD,13.06,2026-04-13T19:59:59Z
KDEC,26.57,2026-04-13T14:34:51Z
KDEF,61.68,2026-04-13T19:42:31Z
KDK,7.405,2026-04-13T19:59:41Z
KDKRW,1.325,2026-04-13T19:58:16Z
KDP,26.02,2026-04-13T19:59:59Z
KE,26.345,2026-04-13T19:45:36Z
KEAT,34.65,2026-04-13T19:59:50Z
KEEL,2.36,2026-04-13T19:59:56Z
KELYA,9.04,2026-04-13T19:59:59Z
KEMQ,23.42,2026-04-13T18:25:21Z
KEMX,43.8,2026-04-13T16:55:37Z
KEN,80.66,2026-04-13T19:58:54Z
KEP,14.6,2026-04-13T19:59:55Z
KEX,141.78,2026-04-13T19:59:41Z
KEY,21.72,2026-04-13T19:59:57Z
KEY-J,21.34,2026-04-13T18:31:18Z
KEY-L,24.63,2026-04-13T15:40:31Z
KEYS,330.75,2026-04-13T19:59:47Z
KF,50.95,2026-04-13T18:43:37Z
KFFB,4.62,2026-04-13T16:29:04Z
KFRC,29.73,2026-04-13T19:55:43Z
KFS,11.82,2026-04-13T19:58:00Z
KFY,63.22,2026-04-13T19:59:54Z
KG,11.53,2026-04-13T19:22:46Z
KGC,33.595,2026-04-13T19:59:51Z
KGEI,5.31,2026-04-13T19:59:01Z
KGLD,32.19,2026-04-13T18:06:34Z
KGS,62.73,2026-04-13T19:59:53Z
KHC,22.415,2026-04-13T19:59:56Z
KHPI,24.89,2026-04-13T19:27:38Z
KIDS,16.93,2026-04-13T19:59:23Z
KIDZ,2.17,2026-04-13T19:55:27Z
KIE,56.915,2026-04-13T19:59:51Z
KIM,23.19,2026-04-13T19:59:59Z
KIM-L,19.23,2026-04-13T14:18:12Z
KINS,15.7,2026-04-13T19:36:33Z
KIO,10.99,2026-04-13T19:59:52Z
KITT,0.4903,2026-04-13T19:59:39Z
KITTW,0.0501,2026-04-13T18:02:21Z
KJAN,43.07,2026-04-13T18:27:51Z
KJUN,28.84,2026-04-13T18:27:38Z
KKR,98.125,2026-04-13T19:59:55Z
KKR-D,41.34,2026-04-13T16:37:41Z
KKRS,16.79,2026-04-13T19:59:52Z
KKRT,24.55,2026-04-13T19:53:31Z
KLAC,1767.74,2026-04-13T19:59:44Z
KLAG,29.34,2026-04-13T19:29:47Z
KLAR,13.95,2026-04-13T19:59:53Z
KLC,3,2026-04-13T19:59:56Z
KLIC,78,2026-04-13T19:58:44Z
KLIP,26.09,2026-04-13T17:46:45Z
KLMN,27.92,2026-04-13T14:44:32Z
KLRS,6.33,2026-04-13T19:11:36Z
KLTR,1.095,2026-04-13T19:59:31Z
KLXE,2.37,2026-04-13T19:58:56Z
KMAR,30.27,2026-04-13T19:59:08Z
KMB,96.62,2026-04-13T19:59:52Z
KMDA,8.45,2026-04-13T19:59:25Z
KMI,32.05,2026-04-13T19:59:59Z
KMLI,10.46,2026-04-13T19:59:56Z
KMLM,28.39,2026-04-13T19:52:23Z
KMPB,23.56,2026-04-13T19:50:49Z
KMPR,32.085,2026-04-13T19:59:42Z
KMT,39.56,2026-04-13T19:59:54Z
KMTS,18.77,2026-04-13T19:59:28Z
KMX,49.06,2026-04-13T19:59:50Z
KN,28.85,2026-04-13T19:59:51Z
KNDI,0.85,2026-04-13T17:15:21Z
KNF,86.48,2026-04-13T19:59:32Z
KNG,49.365,2026-04-13T19:59:42Z
KNOP,10.25,2026-04-13T19:58:38Z
KNOV,29.8,2026-04-13T19:32:57Z
KNRX,1.645,2026-04-13T19:56:09Z
KNSA,47.255,2026-04-13T19:59:55Z
KNSL,357.26,2026-04-13T19:59:44Z
KNTK,47.16,2026-04-13T19:59:52Z
KNX,61.84,2026-04-13T19:59:50Z
KO,76.4,2026-04-13T19:59:59Z
KOCT,35.21,2026-04-13T19:57:15Z
KOD,41.92,2026-04-13T19:59:42Z
KODK,11.93,2026-04-13T19:59:54Z
KOF,104.89,2026-04-13T19:59:00Z
KOID,34.4,2026-04-13T19:58:16Z
KOLD,25.48,2026-04-13T19:59:36Z
KOMP,63.17,2026-04-13T19:59:50Z
KOP,38.39,2026-04-13T19:59:27Z
KOPN,2.8,2026-04-13T19:59:51Z
KORE,9.15,2026-04-13T19:59:32Z
KORP,46.87,2026-04-13T19:28:42Z
KORU,414.385,2026-04-13T19:59:54Z
KOS,2.61,2026-04-13T19:59:55Z
KOSS,3.87,2026-04-13T19:08:57Z
KPDD,8.5,2026-04-13T19:07:06Z
KPRX,2.42,2026-04-13T19:54:20Z
KPTI,8.26,2026-04-13T19:59:59Z
KQQQ,26.08,2026-04-13T14:33:17Z
KR,68.01,2026-04-13T19:59:59Z
KRBN,29.66,2026-04-13T13:46:30Z
KRC,28.71,2026-04-13T19:59:56Z
KRE,69.39,2026-04-13T19:59:59Z
KREF,6.53,2026-04-13T19:59:54Z
KREF-A,17.51,2026-04-13T19:44:04Z
KRG,25.375,2026-04-13T19:59:59Z
KRMD,4.33,2026-04-13T19:59:16Z
KRMN,87.82,2026-04-13T19:59:52Z
KRNT,16.29,2026-04-13T19:59:51Z
KRNY,8.03,2026-04-13T19:59:52Z
KRO,6.62,2026-04-13T19:59:43Z
KROS,11.12,2026-04-13T19:59:55Z
KRP,14.51,2026-04-13T19:59:59Z
KRRO,13.72,2026-04-13T19:59:29Z
KRT,29.51,2026-04-13T19:59:07Z
KRUS,55.71,2026-04-13T19:59:20Z
KRYS,267.495,2026-04-13T19:59:13Z
KSA,40.185,2026-04-13T19:59:39Z
KSCP,3.37,2026-04-13T19:59:47Z
KSLV,34.255,2026-04-13T14:33:37Z
KSPI,79.5,2026-04-13T19:59:49Z
KSPY,28.13,2026-04-13T19:59:50Z
KSS,13.46,2026-04-13T19:59:55Z
KSTR,20.07,2026-04-13T19:35:43Z
KT,22.56,2026-04-13T19:59:49Z
KTB,73.07,2026-04-13T19:59:49Z
KTEC,13.96,2026-04-13T19:59:50Z
KTF,9.12,2026-04-13T19:38:02Z
KTN,25.9,2026-04-13T18:30:28Z
KTOS,73.58,2026-04-13T19:59:38Z
KTTA,0.75,2026-04-13T19:59:29Z
KTUP,16.44,2026-04-13T19:19:01Z
KULR,2.34,2026-04-13T19:59:56Z
KURA,8.71,2026-04-13T19:59:52Z
KURE,17.62,2026-04-13T17:11:36Z
KUST,0.7225,2026-04-13T19:16:49Z
KVHI,9.35,2026-04-13T19:59:57Z
KVUE,17.26,2026-04-13T19:59:58Z
KVYO,17.59,2026-04-13T19:59:54Z
KW,10.89,2026-04-13T19:59:53Z
KWEB,28.715,2026-04-13T19:59:56Z
KWIN,25.42,2026-04-13T15:21:32Z
KWM,0.3953,2026-04-13T19:58:27Z
KWR,127.84,2026-04-13T19:57:18Z
KXI,67.295,2026-04-13T18:42:02Z
KYIV,11.595,2026-04-13T19:59:56Z
KYLD,20.01,2026-04-13T18:07:09Z
KYMR,88.45,2026-04-13T19:59:58Z
KYN,13.73,2026-04-13T19:59:56Z
KYNB,7.16,2026-04-13T14:58:06Z
KYTX,9.48,2026-04-13T19:58:23Z
KZIA,8.94,2026-04-13T19:59:11Z
L,110.155,2026-04-13T19:59:49Z
LAB,0.8852,2026-04-13T19:59:54Z
LABD,14.685,2026-04-13T19:59:49Z
LABU,183.64,2026-04-13T19:28:45Z
LABX,33,2026-04-13T19:48:38Z
LAC,4.38,2026-04-13T19:59:56Z
LAD,278.76,2026-04-13T19:59:16Z
LADR,10.22,2026-04-13T19:59:55Z
LAES,2.145,2026-04-13T19:59:56Z
LAKE,9.09,2026-04-13T19:53:59Z
LAMR,132.94,2026-04-13T19:59:51Z
LAND,10.415,2026-04-13T19:59:54Z
LANDO,20.83,2026-04-13T16:37:15Z
LANDP,20.05,2026-04-13T19:42:57Z
LANV,1.52,2026-04-13T14:56:50Z
LAR,8.1,2026-04-13T19:59:55Z
LASE,0.9904,2026-04-13T19:59:59Z
LASR,69.83,2026-04-13T19:59:50Z
LAUR,33.34,2026-04-13T19:59:59Z
LAW,3.745,2026-04-13T19:58:53Z
LAZ,48.245,2026-04-13T19:59:59Z
LB,67.565,2026-04-13T19:59:33Z
LBRDA,52.9,2026-04-13T19:55:46Z
LBRDK,52.77,2026-04-13T19:59:40Z
LBRDP,23.42,2026-04-13T14:35:48Z
LBRT,27.875,2026-04-13T19:59:59Z
LBRX,25.47,2026-04-13T19:59:45Z
LBTYA,12.36,2026-04-13T19:59:59Z
LBTYK,11.935,2026-04-13T19:59:55Z
LC,15.58,2026-04-13T19:59:54Z
LCAP,30.3,2026-04-13T16:05:07Z
LCDL,2.05,2026-04-13T19:58:58Z
LCID,9.24,2026-04-13T19:59:57Z
LCII,122.72,2026-04-13T19:58:21Z
LCNB,17.06,2026-04-13T19:17:19Z
LCTU,73.18,2026-04-13T16:20:05Z
LCTX,1.505,2026-04-13T19:59:53Z
LCUT,7.78,2026-04-13T19:57:36Z
LDI,1.41,2026-04-13T19:59:56Z
LDOS,157.6,2026-04-13T19:59:38Z
LDP,20.84,2026-04-13T19:57:20Z
LDRC,25.25,2026-04-13T13:45:13Z
LDRI,25.53,2026-04-13T18:44:43Z
LDRT,25.21,2026-04-13T16:20:44Z
LDSF,18.98,2026-04-13T13:58:58Z
LDUR,95.635,2026-04-13T19:23:17Z
LE,11.33,2026-04-13T19:59:45Z
LEA,123.18,2026-04-13T19:59:54Z
LECO,260.19,2026-04-13T19:59:58Z
LEE,8.36,2026-04-13T19:38:21Z
LEG,11.24,2026-04-13T19:59:57Z
LEGH,21.63,2026-04-13T19:57:55Z
LEGN,17.695,2026-04-13T19:59:53Z
LEGO,9.86,2026-04-13T15:55:20Z
LEGR,60.9,2026-04-13T19:36:47Z
LEGT+,0.6,2026-04-13T19:59:03Z
LEMB,42.23,2026-04-13T19:59:59Z
LEN,89.735,2026-04-13T19:59:48Z
LEN.B,87.42,2026-04-13T18:49:26Z
LENZ,9.625,2026-04-13T19:59:17Z
LEO,6.42,2026-04-13T18:33:53Z
LESL,1.41,2026-04-13T19:53:40Z
LEU,191.99,2026-04-13T19:59:49Z
LEUX,19.43,2026-04-13T17:57:06Z
LEVI,22.32,2026-04-13T19:59:56Z
LEXX,0.9636,2026-04-13T19:38:00Z
LFCR,4.945,2026-04-13T19:59:46Z
LFGY,22.18,2026-04-13T19:42:40Z
LFMD,3.91,2026-04-13T19:59:52Z
LFS,2.17,2026-04-13T18:19:27Z
LFST,6.47,2026-04-13T19:59:54Z
LFT,1.285,2026-04-13T19:52:26Z
LFUS,386.87,2026-04-13T19:59:46Z
LFVN,4.18,2026-04-13T19:59:51Z
LGCB,1.39,2026-04-13T13:49:49Z
LGCF,34.43,2026-04-13T19:44:05Z
LGCY,13.58,2026-04-13T19:57:02Z
LGH,58.14,2026-04-13T19:10:40Z
LGHT,8.66,2026-04-13T15:30:34Z
LGI,16.89,2026-04-13T19:52:18Z
LGIH,39.435,2026-04-13T19:59:28Z
LGLV,180.04,2026-04-13T15:38:17Z
LGN,65.39,2026-04-13T19:59:52Z
LGND,212.99,2026-04-13T19:59:20Z
LGO,1.285,2026-04-13T19:59:53Z
LGOV,21.71,2026-04-13T19:58:50Z
LGPS,0.655,2026-04-13T14:43:41Z
LGVN,1.12,2026-04-13T19:59:18Z
LH,264.31,2026-04-13T19:59:58Z
LHAI,1.16,2026-04-13T19:59:19Z
LHSW,0.1786,2026-04-13T19:59:16Z
LHX,357.975,2026-04-13T19:59:59Z
LI,18.77,2026-04-13T19:59:56Z
LICN,4.16,2026-04-13T16:53:46Z
LIDR,1.635,2026-04-13T19:59:50Z
LIEN,9.34,2026-04-13T19:59:03Z
LIF,39.505,2026-04-13T19:59:52Z
LIFE,14.41,2026-04-13T19:59:18Z
LIFT,25.74,2026-04-13T14:16:21Z
LII,517.99,2026-04-13T19:59:48Z
LILA,8.16,2026-04-13T19:59:59Z
LILAK,8.32,2026-04-13T19:59:48Z
LIMN,0.1835,2026-04-13T19:59:32Z
LIN,508.84,2026-04-13T19:59:57Z
LINC,39.86,2026-04-13T19:59:40Z
LIND,19.21,2026-04-13T19:59:50Z
LINE,35.505,2026-04-13T19:59:34Z
LINK,3.2,2026-04-13T13:30:00Z
LINT,67.21,2026-04-13T15:01:53Z
LION,11.08,2026-04-13T19:59:54Z
LIT,80.03,2026-04-13T19:59:59Z
LITE,870.77,2026-04-13T19:59:45Z
LITP,14.915,2026-04-13T19:08:10Z
LITS,1.13,2026-04-13T19:09:22Z
LITX,43.6,2026-04-13T19:59:46Z
LIVN,64.59,2026-04-13T19:59:43Z
LIXT,2.99,2026-04-13T17:11:29Z
LKFN,60.94,2026-04-13T19:57:23Z
LKQ,30.325,2026-04-13T19:59:34Z
LLY,929.36,2026-04-13T19:59:50Z
LLYVA,97.15,2026-04-13T19:37:10Z
LLYVK,100.48,2026-04-13T19:58:30Z
LLYX,17.6,2026-04-13T19:58:31Z
LMAT,115.09,2026-04-13T19:59:37Z
LMB,85.715,2026-04-13T19:56:09Z
LMBS,50.06,2026-04-13T19:59:51Z
LMFA,0.2678,2026-04-13T18:20:08Z
LMND,58.77,2026-04-13T19:59:58Z
LMNR,12.78,2026-04-13T19:59:19Z
LMNX,14.83,2026-04-13T14:48:42Z
LMRI,9.675,2026-04-13T19:59:26Z
LMT,619.655,2026-04-13T19:59:47Z
LMUB,50.72,2026-04-13T19:53:22Z
LNAI,0.3676,2026-04-13T19:09:26Z
LNC,34.9,2026-04-13T19:59:53Z
LNC-D,26.4,2026-04-13T16:49:14Z
LND,4.16,2026-04-13T18:45:22Z
LNG,261.56,2026-04-13T19:59:57Z
LNGX,44.12,2026-04-13T14:51:58Z
LNKB,8.84,2026-04-13T19:56:42Z
LNKS,2.085,2026-04-13T19:47:53Z
LNN,112.94,2026-04-13T19:58:48Z
LNOK,46.81,2026-04-13T19:06:17Z
LNSR,6,2026-04-13T19:33:00Z
LNT,72.52,2026-04-13T19:59:51Z
LNTH,81.7,2026-04-13T19:59:44Z
LNZA,32.37,2026-04-13T17:30:13Z
LNZAW,0.02,2026-04-13T19:59:26Z
LOAR,66.12,2026-04-13T19:59:40Z
LOB,36.26,2026-04-13T19:59:30Z
LOBO,0.5675,2026-04-13T18:57:55Z
LOCO,13.83,2026-04-13T19:59:24Z
LOCT,23.84,2026-04-13T16:06:51Z
LODE,3.12,2026-04-13T19:59:54Z
LODI,25.24,2026-04-13T19:12:53Z
LOGI,94.43,2026-04-13T19:59:58Z
LOKVW,1.45,2026-04-13T18:46:32Z
LOMA,11.575,2026-04-13T19:58:33Z
LONA,9.82,2026-04-13T19:34:52Z
LONZ,49.26,2026-04-13T19:45:00Z
LOOP,1.35,2026-04-13T17:54:42Z
LOPE,165.72,2026-04-13T19:59:25Z
LOTI,25.81,2026-04-13T18:11:43Z
LOUP,74.69,2026-04-13T15:18:59Z
LOVE,15.89,2026-04-13T19:59:44Z
LOW,247.01,2026-04-13T19:59:48Z
LPA,3.36,2026-04-13T19:20:52Z
LPCN,2.39,2026-04-13T19:59:12Z
LPG,35.48,2026-04-13T19:59:55Z
LPL,4.455,2026-04-13T19:59:43Z
LPLA,322,2026-04-13T19:59:46Z
LPRE,27.22,2026-04-13T16:20:08Z
LPRO,1.54,2026-04-13T19:59:30Z
LPSN,2.905,2026-04-13T19:59:52Z
LPTH,14.41,2026-04-13T19:59:49Z
LPX,75.52,2026-04-13T19:59:55Z
LQD,109.62,2026-04-13T19:59:59Z
LQDA,38.88,2026-04-13T19:59:54Z
LQDB,86.72,2026-04-13T19:55:02Z
LQDH,92.56,2026-04-13T15:35:02Z
LQDI,26.39,2026-04-13T15:06:51Z
LQDT,32.58,2026-04-13T19:59:00Z
LQDW,24.115,2026-04-13T19:55:01Z
LQTI,19.64,2026-04-13T19:53:24Z
LRCU,46.905,2026-04-13T19:14:19Z
LRCX,267.26,2026-04-13T19:59:59Z
LRGC,78.12,2026-04-13T19:58:51Z
LRGF,69.42,2026-04-13T19:59:51Z
LRHC,0.4699,2026-04-13T18:21:13Z
LRMR,4.85,2026-04-13T19:59:55Z
LRN,91.94,2026-04-13T19:59:55Z
LSAK,4.9,2026-04-13T19:18:36Z
LSBK,15.64,2026-04-13T18:31:55Z
LSCC,107.745,2026-04-13T19:59:53Z
LSE,5.18,2026-04-13T19:34:30Z
LSF,2.25,2026-04-13T13:52:32Z
LSGR,41.34,2026-04-13T17:52:01Z
LSPD,8.89,2026-04-13T19:59:56Z
LSTA,4.995,2026-04-13T19:59:24Z
LSTR,168.135,2026-04-13T19:57:57Z
LTBR,11.475,2026-04-13T19:59:56Z
LTC,39.22,2026-04-13T19:57:50Z
LTH,27.79,2026-04-13T19:59:59Z
LTL,26.34,2026-04-13T16:48:03Z
LTM,52.765,2026-04-13T19:59:46Z
LTPZ,51.905,2026-04-13T19:59:33Z
LTRN,2.19,2026-04-13T19:59:50Z
LTRX,5.99,2026-04-13T19:59:52Z
LU,1.905,2026-04-13T19:59:50Z
LUCD,1.275,2026-04-13T19:59:15Z
LUCK,8.19,2026-04-13T19:59:29Z
LUCY,1.1,2026-04-13T19:52:17Z
LUD,6.265,2026-04-13T14:47:14Z
LULU,162.585,2026-04-13T19:59:38Z
LUMN,7.79,2026-04-13T19:59:58Z
LUNG,1.44,2026-04-13T19:57:04Z
LUNL,19.18,2026-04-13T19:50:00Z
LUNR,24.47,2026-04-13T19:59:56Z
LUV,39.435,2026-04-13T19:59:53Z
LUXE,9.03,2026-04-13T19:55:04Z
LVHD,42.84,2026-04-13T19:51:44Z
LVHI,41.29,2026-04-13T19:59:52Z
LVIG,99.31,2026-04-13T19:11:55Z
LVO,4.59,2026-04-13T19:58:46Z
LVS,54.78,2026-04-13T19:59:27Z
LVWR,1.85,2026-04-13T19:54:16Z
LW,42.29,2026-04-13T19:59:48Z
LWAY,24.4,2026-04-13T19:59:42Z
LWLG,11.405,2026-04-13T19:59:58Z
LX,2.28,2026-04-13T19:58:24Z
LXEO,6.39,2026-04-13T19:59:57Z
LXFR,13.33,2026-04-13T19:46:35Z
LXP,49.05,2026-04-13T19:59:06Z
LXRX,1.715,2026-04-13T19:58:31Z
LXU,14.28,2026-04-13T19:59:55Z
LYB,75.5,2026-04-13T19:59:50Z
LYEL,24.79,2026-04-13T19:59:27Z
LYFT,13.595,2026-04-13T19:59:57Z
LYG,5.525,2026-04-13T19:59:54Z
LYTS,19.5,2026-04-13T19:59:49Z
LYV,165.72,2026-04-13T19:59:56Z
LZ,5.88,2026-04-13T19:59:59Z
LZB,33.62,2026-04-13T19:59:59Z
LZM,3.665,2026-04-13T19:58:50Z
LZM+,0.5732,2026-04-13T16:56:35Z
LZMH,1.24,2026-04-13T15:18:32Z
M,19.24,2026-04-13T19:59:53Z
MA,508.71,2026-04-13T19:59:59Z
MAA,125.86,2026-04-13T19:59:44Z
MAAS,5.36,2026-04-13T18:13:01Z
MAAY,7.64,2026-04-13T19:59:51Z
MAC,21.395,2026-04-13T19:59:57Z
MAGN,10.18,2026-04-13T19:59:59Z
MAGO,21.65,2026-04-13T14:01:58Z
MAGS,61.73,2026-04-13T19:59:59Z
MAGX,48.34,2026-04-13T19:59:50Z
MAGY,45.7,2026-04-13T19:59:50Z
MAIA,1.38,2026-04-13T19:59:50Z
MAIN,53.9,2026-04-13T19:58:41Z
MAKO,7.17,2026-04-13T19:47:38Z
MAMA,15.88,2026-04-13T19:59:56Z
MAN,29.14,2026-04-13T19:59:32Z
MANE,71.275,2026-04-13T19:59:45Z
MANH,126,2026-04-13T19:59:43Z
MANU,17.83,2026-04-13T19:59:58Z
MAPP,26.78,2026-04-13T18:47:37Z
MAPS,0.3728,2026-04-13T19:59:56Z
MAR,359.62,2026-04-13T19:59:57Z
MARA,10.35,2026-04-13T19:59:59Z
MARO,6.01,2026-04-13T18:46:55Z
MARPS,5.14,2026-04-13T13:48:44Z
MARS,30.63,2026-04-13T19:59:06Z
MARW,34.96,2026-04-13T19:50:43Z
MAS,64.32,2026-04-13T19:59:51Z
MASI,178.475,2026-04-13T19:59:50Z
MASK,1.76,2026-04-13T19:47:28Z
MASS,7.2,2026-04-13T19:59:59Z
MAT,14.52,2026-04-13T19:59:59Z
MATE,27.15,2026-04-13T13:45:10Z
MATH,1.16,2026-04-13T16:34:07Z
MATV,9.3,2026-04-13T19:59:54Z
MATW,27.1,2026-04-13T19:58:59Z
MATX,172.035,2026-04-13T19:56:01Z
MAX,9.3,2026-04-13T19:59:51Z
MAXI,10.39,2026-04-13T19:42:27Z
MAXJ,28.54,2026-04-13T19:31:13Z
MAXN,1.495,2026-04-13T19:59:50Z
MAZE,27.44,2026-04-13T19:59:50Z
MBAI,1.765,2026-04-13T19:56:12Z
MBB,95.16,2026-04-13T19:59:59Z
MBC,8.78,2026-04-13T19:59:54Z
MBI,5.87,2026-04-13T19:58:03Z
MBIN,47.765,2026-04-13T19:35:38Z
MBINL,24.25,2026-04-13T18:25:05Z
MBINM,25.06,2026-04-13T18:00:18Z
MBLY,7.48,2026-04-13T19:59:54Z
MBOT,2.355,2026-04-13T19:59:28Z
MBRX,2.76,2026-04-13T19:41:49Z
MBS,8.72,2026-04-13T17:43:58Z
MBSF,25.59,2026-04-13T16:44:50Z
MBUU,25.81,2026-04-13T19:59:59Z
MBVIW,0.33,2026-04-13T15:18:05Z
MBWM,53.26,2026-04-13T19:59:50Z
MBX,32.81,2026-04-13T19:59:22Z
MC,64.62,2026-04-13T19:59:50Z
MCB,90.065,2026-04-13T19:57:50Z
MCBS,31.03,2026-04-13T19:58:36Z
MCD,304.49,2026-04-13T19:59:48Z
MCFT,21.91,2026-04-13T19:59:33Z
MCGA,10.155,2026-04-13T16:35:27Z
MCHB,14.9,2026-04-13T19:59:59Z
MCHI,57.36,2026-04-13T19:59:56Z
MCHP,73.58,2026-04-13T19:59:50Z
MCHPP,63.905,2026-04-13T19:48:11Z
MCI,17.7,2026-04-13T15:17:00Z
MCK,864.07,2026-04-13T19:59:33Z
MCO,439.59,2026-04-13T19:59:41Z
MCR,6.095,2026-04-13T19:59:43Z
MCRI,97.77,2026-04-13T19:54:00Z
MCS,19.125,2026-04-13T19:59:50Z
MCW,6.98,2026-04-13T19:59:54Z
MCY,93.74,2026-04-13T19:56:40Z
MD,21.81,2026-04-13T19:59:50Z
MDA,31.24,2026-04-13T19:59:14Z
MDAI,1.86,2026-04-13T19:58:30Z
MDB,236.18,2026-04-13T19:59:56Z
MDBX,18.04,2026-04-13T17:34:50Z
MDCX,0.4036,2026-04-13T19:59:33Z
MDGL,525.53,2026-04-13T19:59:57Z
MDIA,0.8,2026-04-13T16:33:24Z
MDIV,16.36,2026-04-13T18:34:55Z
MDLN,47.22,2026-04-13T19:59:59Z
MDLZ,57.67,2026-04-13T19:59:57Z
MDST,28.515,2026-04-13T13:30:05Z
MDT,87.99,2026-04-13T19:59:52Z
MDU,21.705,2026-04-13T19:59:53Z
MDV,15.35,2026-04-13T19:57:31Z
MDWD,17.545,2026-04-13T18:13:15Z
MDXG,3.92,2026-04-13T19:59:41Z
MDXH,2.15,2026-04-13T19:59:44Z
MDY,650.14,2026-04-13T19:59:52Z
MDYG,101.87,2026-04-13T19:59:17Z
MDYV,88.96,2026-04-13T19:41:11Z
MEAR,50.29,2026-04-13T19:55:27Z
MEC,20.89,2026-04-13T19:59:57Z
MED,10.56,2026-04-13T19:56:58Z
MEDP,501,2026-04-13T19:59:06Z
MEG,21.465,2026-04-13T19:59:42Z
MEGI,15.16,2026-04-13T18:21:48Z
MEGL,1.05,2026-04-13T14:39:25Z
MEHA,0.1636,2026-04-13T14:46:59Z
MEI,7.16,2026-04-13T19:59:56Z
MELI,1832.1,2026-04-13T19:59:51Z
MEME,7.93,2026-04-13T19:59:28Z
MENS,2.78,2026-04-13T19:59:14Z
MEOH,59.75,2026-04-13T19:59:56Z
MER-K,25.435,2026-04-13T17:57:17Z
MERC,1.08,2026-04-13T19:07:54Z
MESO,14.71,2026-04-13T19:59:45Z
MET,75.37,2026-04-13T19:59:52Z
MET-A,20.93,2026-04-13T18:17:51Z
MET-E,22.97,2026-04-13T18:08:47Z
MET-F,18.94,2026-04-13T15:53:23Z
META,634.79,2026-04-13T19:59:59Z
METC,13.95,2026-04-13T19:59:52Z
METCB,10.48,2026-04-13T18:59:55Z
METCZ,25.23,2026-04-13T15:29:06Z
METD,15.97,2026-04-13T18:53:35Z
METL,29.425,2026-04-13T19:25:49Z
METU,27.36,2026-04-13T19:59:50Z
METV,16.69,2026-04-13T17:15:10Z
METW,30.095,2026-04-13T16:01:11Z
MEXX,33.35,2026-04-13T15:09:13Z
MFA,10.03,2026-04-13T19:59:51Z
MFA-B,20.33,2026-04-13T19:54:45Z
MFA-C,23.1,2026-04-13T18:10:14Z
MFAN,25.35,2026-04-13T17:21:41Z
MFC,37.28,2026-04-13T19:59:50Z
MFDX,41.45,2026-04-13T16:06:52Z
MFG,8.645,2026-04-13T19:59:58Z
MFI,13,2026-04-13T17:59:03Z
MFIC,11.8,2026-04-13T19:59:56Z
MFIN,9.01,2026-04-13T19:59:09Z
MFM,5.44,2026-04-13T19:58:28Z
MFSB,25.1,2026-04-13T19:53:50Z
MFSI,31.4,2026-04-13T19:59:59Z
MFSV,27.6,2026-04-13T19:59:50Z
MG,17.14,2026-04-13T19:59:38Z
MGA,58.26,2026-04-13T19:59:50Z
MGC,248.49,2026-04-13T16:50:21Z
MGEE,80.03,2026-04-13T19:54:40Z
MGF,2.97,2026-04-13T19:50:19Z
MGK,393.57,2026-04-13T19:59:27Z
MGLD,1.14,2026-04-13T19:51:08Z
MGM,36.735,2026-04-13T19:59:56Z
MGMT,47.29,2026-04-13T18:04:33Z
MGN,0.242,2026-04-13T19:44:33Z
MGNI,12.08,2026-04-13T19:59:59Z
MGNX,3.48,2026-04-13T19:59:59Z
MGOV,20.31,2026-04-13T19:59:10Z
MGPI,19.33,2026-04-13T19:59:50Z
MGR,20.07,2026-04-13T18:14:05Z
MGRC,114.34,2026-04-13T19:59:03Z
MGRE,23.29,2026-04-13T18:38:35Z
MGRT,46.51,2026-04-13T18:50:04Z
MGRX,0.4005,2026-04-13T19:59:40Z
MGTX,9.625,2026-04-13T19:59:33Z
MGV,149.255,2026-04-13T19:50:02Z
MGX,1.4,2026-04-13T19:59:34Z
MGY,29.68,2026-04-13T19:59:49Z
MH,13.48,2026-04-13T19:59:29Z
MHD,11.815,2026-04-13T19:58:41Z
MHF,6.935,2026-04-13T19:59:16Z
MHH,6.4,2026-04-13T15:04:07Z
MHK,104.915,2026-04-13T19:59:37Z
MHLA,11.62,2026-04-13T19:20:18Z
MHO,123.94,2026-04-13T19:59:46Z
MI,0.3036,2026-04-13T18:04:16Z
MIAX,42.88,2026-04-13T19:59:43Z
MICC,14.315,2026-04-13T19:59:57Z
MIDD,142.53,2026-04-13T19:59:45Z
MIDU,59.74,2026-04-13T18:01:21Z
MIG,21.47,2026-04-13T18:53:52Z
MIGI,4.74,2026-04-13T19:52:00Z
MIMI,0.2674,2026-04-13T19:24:47Z
MIN,2.47,2026-04-13T19:59:54Z
MIND,8.265,2026-04-13T19:56:29Z
MINE,3.12,2026-04-13T15:24:46Z
MINN,22.42,2026-04-13T17:05:27Z
MINO,45.47,2026-04-13T19:53:16Z
MINT,100.455,2026-04-13T19:56:53Z
MIR,19.33,2026-04-13T19:59:59Z
MIRA,1.035,2026-04-13T19:54:40Z
MIRM,96.51,2026-04-13T19:59:54Z
MISL,47.26,2026-04-13T16:47:09Z
MIST,2,2026-04-13T19:59:58Z
MITK,14.07,2026-04-13T19:59:58Z
MITQ,0.59,2026-04-13T19:56:58Z
MITT,7.91,2026-04-13T19:59:59Z
MIY,12.09,2026-04-13T19:36:53Z
MJ,24.18,2026-04-13T16:27:14Z
MKC,54.11,2026-04-13T19:59:53Z
MKDW,8.69,2026-04-13T14:36:17Z
MKL,1949.62,2026-04-13T19:59:50Z
MKOR,49.62,2026-04-13T18:20:56Z
MKSI,273.08,2026-04-13T19:59:39Z
MKTW,16.87,2026-04-13T19:10:09Z
MKTX,174.53,2026-04-13T19:59:54Z
MLAA,9.875,2026-04-13T15:13:09Z
MLAB,97.775,2026-04-13T19:57:58Z
MLCI,4.1,2026-04-13T14:53:16Z
MLCO,5.66,2026-04-13T19:59:52Z
MLEC,7.52,2026-04-13T19:51:51Z
MLGO,3.52,2026-04-13T19:52:35Z
MLI,123.25,2026-04-13T19:59:56Z
MLKN,15.62,2026-04-13T19:59:59Z
MLM,635.295,2026-04-13T19:59:47Z
MLN,17.61,2026-04-13T19:59:46Z
MLP,15.95,2026-04-13T19:48:56Z
MLPA,53.3,2026-04-13T19:59:59Z
MLPB,28.43,2026-04-13T16:37:27Z
MLPD,25.36,2026-04-13T17:59:55Z
MLPI,55.41,2026-04-13T19:59:51Z
MLPX,71.83,2026-04-13T19:59:36Z
MLR,48.93,2026-04-13T19:56:41Z
MLSS,0.28,2026-04-13T14:31:14Z
MLTX,18.415,2026-04-13T19:59:51Z
MLYS,27.19,2026-04-13T19:59:50Z
MMA,0.4387,2026-04-13T19:49:41Z
MMAX,26.72,2026-04-13T18:00:26Z
MMCA,21.79,2026-04-13T19:02:23Z
MMD,15.205,2026-04-13T19:59:15Z
MMED,14.38,2026-04-13T19:59:54Z
MMI,26.78,2026-04-13T19:59:05Z
MMIN,24.02,2026-04-13T19:59:59Z
MMIT,24.34,2026-04-13T19:59:40Z
MMM,152.77,2026-04-13T19:59:57Z
MMS,67.35,2026-04-13T19:59:35Z
MMSC,25.72,2026-04-13T19:59:46Z
MMSI,70.6,2026-04-13T19:59:44Z
MMT,4.655,2026-04-13T19:07:45Z
MMU,10.49,2026-04-13T19:49:00Z
MMYT,43.105,2026-04-13T19:59:38Z
MNA,36.26,2026-04-13T19:50:15Z
MNDO,1.085,2026-04-13T18:11:09Z
MNDR,0.8121,2026-04-13T19:19:44Z
MNDY,63.55,2026-04-13T19:59:53Z
MNKD,2.64,2026-04-13T19:59:50Z
MNOV,1.47,2026-04-13T18:40:13Z
MNPR,56.78,2026-04-13T19:51:18Z
MNR,12.79,2026-04-13T19:59:13Z
MNRO,16.72,2026-04-13T19:59:57Z
MNRS,30.06,2026-04-13T13:56:42Z
MNSB,23.255,2026-04-13T19:44:00Z
MNSO,15.85,2026-04-13T19:59:56Z
MNST,75.19,2026-04-13T19:59:57Z
MNTK,1.2,2026-04-13T19:59:55Z
MNTN,8.74,2026-04-13T19:59:51Z
MNTS,4.91,2026-04-13T19:59:58Z
MNVT,25.11,2026-04-13T19:24:30Z
MNY,1.35,2026-04-13T19:57:31Z
MO,66.81,2026-04-13T19:59:58Z
MOAT,99.31,2026-04-13T19:59:44Z
MOB,4.645,2026-04-13T19:59:58Z
MOBX,2.735,2026-04-13T19:56:42Z
MOD,256.63,2026-04-13T19:59:44Z
MODD,4.52,2026-04-13T19:59:52Z
MODL,46.63,2026-04-13T17:40:05Z
MOG.A,314.39,2026-04-13T19:55:24Z
MOH,149.95,2026-04-13T19:59:54Z
MOLN,4.075,2026-04-13T17:24:19Z
MOMO,5.94,2026-04-13T19:59:56Z
MOO,85.28,2026-04-13T19:59:53Z
MOOD,41.51,2026-04-13T14:06:10Z
MORN,176.44,2026-04-13T19:59:41Z
MORT,10.35,2026-04-13T19:59:59Z
MOS,24.54,2026-04-13T19:59:58Z
MOTI,35.28,2026-04-13T19:49:50Z
MOV,26.83,2026-04-13T19:59:42Z
MOVE,13.12,2026-04-13T19:58:53Z
MP,56.85,2026-04-13T19:59:58Z
MPA,11.3,2026-04-13T19:44:12Z
MPAA,11.4,2026-04-13T18:33:26Z
MPB,33.62,2026-04-13T19:59:50Z
MPC,225.28,2026-04-13T19:59:56Z
MPL,19.3,2026-04-13T17:07:06Z
MPLT,26.25,2026-04-13T19:59:50Z
MPLX,56,2026-04-13T19:59:53Z
MPRO,31.85,2026-04-13T16:48:01Z
MPT,4.94,2026-04-13T19:59:51Z
MPTI,68.285,2026-04-13T19:58:53Z
MPTI^,1.7,2026-04-13T19:45:47Z
MPU,0.6303,2026-04-13T13:32:52Z
MPWR,1371.57,2026-04-13T19:59:51Z
MPX,7.58,2026-04-13T19:58:34Z
MQ,4.035,2026-04-13T19:59:53Z
MQY,11.485,2026-04-13T19:57:57Z
MRAL,4.535,2026-04-13T19:59:51Z
MRAM,11.105,2026-04-13T19:59:51Z
MRBK,20.45,2026-04-13T19:59:21Z
MRCC,4.99,2026-04-13T19:59:33Z
MRCP,32.58,2026-04-13T13:49:56Z
MRCY,82.57,2026-04-13T19:59:53Z
MRDN,6.82,2026-04-13T15:41:42Z
MREO,0.3204,2026-04-13T19:59:48Z
MRK,120.12,2026-04-13T19:59:59Z
MRKR,1.72,2026-04-13T17:20:59Z
MRLN,11.65,2026-04-13T19:58:47Z
MRM,1.09,2026-04-13T19:59:54Z
MRNA,50.69,2026-04-13T19:59:58Z
MRNO,0.5451,2026-04-13T18:31:08Z
MRNY,17.85,2026-04-13T19:43:36Z
MRP,30.71,2026-04-13T19:59:59Z
MRSH,173.56,2026-04-13T19:59:50Z
MRSK,36.22,2026-04-13T19:59:51Z
MRTN,13.95,2026-04-13T19:59:59Z
MRVI,3.055,2026-04-13T19:59:50Z
MRVL,131.28,2026-04-13T19:59:54Z
MRVU,58.22,2026-04-13T19:36:20Z
MRX,52.405,2026-04-13T19:59:52Z
MS,181.115,2026-04-13T19:59:53Z
MS-A,19.23,2026-04-13T19:49:24Z
MS-E,25.25,2026-04-13T16:45:16Z
MS-I,25.01,2026-04-13T17:29:53Z
MS-K,23.85,2026-04-13T15:31:43Z
MS-L,20.32,2026-04-13T17:24:48Z
MS-O,17.44,2026-04-13T19:17:16Z
MS-Q,25.56,2026-04-13T18:04:39Z
MSA,172.22,2026-04-13T19:58:49Z
MSAI,5.635,2026-04-13T16:00:24Z
MSB,32.3,2026-04-13T15:21:52Z
MSBI,23.935,2026-04-13T19:59:28Z
MSBT,21.04,2026-04-13T19:59:59Z
MSCI,552.555,2026-04-13T19:59:57Z
MSD,7.31,2026-04-13T16:53:14Z
MSDL,14.6,2026-04-13T19:59:59Z
MSEX,52,2026-04-13T19:59:21Z
MSFD,14.215,2026-04-13T19:59:46Z
MSFL,16.3,2026-04-13T19:55:00Z
MSFO,11.83,2026-04-13T19:59:46Z
MSFT,384.33,2026-04-13T19:59:59Z
MSFU,24.695,2026-04-13T19:59:52Z
MSFX,16.07,2026-04-13T17:14:24Z
MSFY,17.5,2026-04-13T17:58:34Z
MSGE,60.68,2026-04-13T19:59:13Z
MSGM,3.88,2026-04-13T19:31:07Z
MSGS,329.05,2026-04-13T19:57:50Z
MSGY,0.5398,2026-04-13T15:52:53Z
MSI,439.91,2026-04-13T19:59:53Z
MSIF,12.31,2026-04-13T19:58:45Z
MSLC,54.64,2026-04-13T19:57:44Z
MSLE,7.34,2026-04-13T19:58:14Z
MSM,95.36,2026-04-13T19:59:56Z
MSOS,3.85,2026-04-13T19:59:59Z
MSOX,2.44,2026-04-13T19:59:50Z
MSS,0.1541,2026-04-13T19:57:57Z
MST,21.82,2026-04-13T19:56:25Z
MSTB,39.76,2026-04-13T15:05:46Z
MSTP,1.57,2026-04-13T19:24:38Z
MSTR,132.36,2026-04-13T19:59:58Z
MSTU,4.68,2026-04-13T19:59:57Z
MSTW,6.495,2026-04-13T19:52:09Z
MSTX,21.52,2026-04-13T19:59:45Z
MSTY,21.755,2026-04-13T19:59:45Z
MSTZ,10.83,2026-04-13T19:59:50Z
MT,61.25,2026-04-13T19:59:45Z
MTA,6.795,2026-04-13T19:59:55Z
MTB,221.22,2026-04-13T19:59:49Z
MTB-H,24.92,2026-04-13T19:40:08Z
MTB-J,26.1,2026-04-13T19:52:16Z
MTB-K,25.05,2026-04-13T19:59:34Z
MTBA,49.81,2026-04-13T19:58:51Z
MTC,7.165,2026-04-13T19:59:29Z
MTCH,33.21,2026-04-13T19:59:58Z
MTD,1344.88,2026-04-13T19:59:44Z
MTDR,60.335,2026-04-13T19:59:49Z
MTEK,1.62,2026-04-13T19:18:13Z
MTG,27.485,2026-04-13T19:59:52Z
MTH,66.46,2026-04-13T19:59:55Z
MTLS,5.17,2026-04-13T19:59:09Z
MTN,130.24,2026-04-13T19:58:20Z
MTRA,25.31,2026-04-13T14:05:24Z
MTRN,167.33,2026-04-13T19:59:43Z
MTRX,12.19,2026-04-13T19:57:51Z
MTSI,263.44,2026-04-13T19:59:46Z
MTUM,266.24,2026-04-13T19:59:53Z
MTUS,18,2026-04-13T19:59:54Z
MTVA,1.5,2026-04-13T19:59:45Z
MTW,13.21,2026-04-13T19:57:57Z
MTX,72.98,2026-04-13T19:59:22Z
MTZ,365.52,2026-04-13T19:59:51Z
MU,426.84,2026-04-13T19:59:55Z
MUA,10.74,2026-04-13T19:59:47Z
MUB,107,2026-04-13T19:59:55Z
MUC,10.78,2026-04-13T18:36:34Z
MUD,34.1,2026-04-13T19:59:50Z
MUFG,18.23,2026-04-13T19:59:54Z
MUJ,12.05,2026-04-13T19:33:58Z
MULL,165.62,2026-04-13T19:53:02Z
MUNI,52.435,2026-04-13T19:55:13Z
MUNY,103.37,2026-04-13T19:48:52Z
MUR,39.01,2026-04-13T19:59:56Z
MUSA,495.205,2026-04-13T19:59:51Z
MUST,20.57,2026-04-13T14:33:29Z
MUU,188.4,2026-04-13T19:59:49Z
MUX,23.39,2026-04-13T19:59:53Z
MVBF,26.23,2026-04-13T19:42:56Z
MVIS,0.6175,2026-04-13T19:59:52Z
MVLL,44.88,2026-04-13T19:50:00Z
MVO,3.1,2026-04-13T19:54:43Z
MVST,1.635,2026-04-13T19:59:33Z
MVV,78.1,2026-04-13T16:20:01Z
MWA,30.355,2026-04-13T19:59:48Z
MWH,32.62,2026-04-13T19:58:23Z
MX,3.075,2026-04-13T19:59:21Z
MXCT,0.8209,2026-04-13T19:59:15Z
MXE,13.59,2026-04-13T17:03:03Z
MXF,22.08,2026-04-13T19:55:42Z
MXI,111.92,2026-04-13T15:36:01Z
MXL,21.3,2026-04-13T19:59:59Z
MYCI,24.9,2026-04-13T19:59:50Z
MYE,22.325,2026-04-13T19:58:28Z
MYFW,26.705,2026-04-13T19:57:24Z
MYGN,4.58,2026-04-13T19:59:57Z
MYI,11.09,2026-04-13T19:59:03Z
MYMH,24.61,2026-04-13T18:35:45Z
MYN,9.91,2026-04-13T19:39:17Z
MYO,0.7297,2026-04-13T19:54:35Z
MYPS,0.4277,2026-04-13T19:59:55Z
MYRG,319.61,2026-04-13T19:57:54Z
MYSE,1.42,2026-04-13T19:58:48Z
MZTI,143.25,2026-04-13T19:58:29Z
MZZ,6.74,2026-04-13T19:59:50Z
NAAS,2.315,2026-04-13T16:39:51Z
NABL,4.61,2026-04-13T19:59:55Z
NAC,11.77,2026-04-13T19:59:52Z
NAD,11.89,2026-04-13T19:59:53Z
NAGE,4.605,2026-04-13T19:59:44Z
NAII,2.7,2026-04-13T19:11:11Z
NAIL,43.53,2026-04-13T19:59:49Z
NAK,1.92,2026-04-13T19:59:37Z
NAKA,0.2298,2026-04-13T19:59:52Z
NAMI,0.4849,2026-04-13T13:41:17Z
NAMM,2.2,2026-04-13T19:59:50Z
NAMS,36.25,2026-04-13T19:59:53Z
NANC,45.06,2026-04-13T19:59:50Z
NANR,84.58,2026-04-13T19:51:47Z
NAPR,56.365,2026-04-13T17:16:11Z
NASA,29.2,2026-04-13T19:58:40Z
NAT,5.85,2026-04-13T19:59:59Z
NATH,101.13,2026-04-13T19:20:36Z
NATL,44.4,2026-04-13T19:59:54Z
NATO,40.84,2026-04-13T14:50:45Z
NATR,26.785,2026-04-13T17:20:37Z
NAUG,30.03,2026-04-13T19:14:27Z
NAUT,2.975,2026-04-13T19:59:54Z
NAVI,8.16,2026-04-13T19:59:48Z
NAVN,13.59,2026-04-13T19:59:46Z
NAZ,12.4,2026-04-13T13:30:01Z
NB,5.13,2026-04-13T19:59:55Z
NBB,15.75,2026-04-13T17:49:40Z
NBBK,22.34,2026-04-13T19:59:59Z
NBCM,28.4,2026-04-13T16:33:22Z
NBCR,30.86,2026-04-13T13:40:26Z
NBET,39.73,2026-04-13T19:59:45Z
NBFR,25,2026-04-13T19:44:29Z
NBH,10.175,2026-04-13T19:59:47Z
NBHC,41.94,2026-04-13T19:59:49Z
NBIE,25.78,2026-04-13T19:08:39Z
NBIG,15.64,2026-04-13T19:58:23Z
NBIL,22.32,2026-04-13T19:59:50Z
NBIS,154.58,2026-04-13T19:59:56Z
NBIX,126.27,2026-04-13T19:59:52Z
NBIZ,4.395,2026-04-13T19:56:51Z
NBN,124.175,2026-04-13T19:29:10Z
NBOS,27.34,2026-04-13T18:15:42Z
NBP,2.41,2026-04-13T19:59:53Z
NBR,84.38,2026-04-13T19:59:12Z
NBSD,50.87,2026-04-13T19:59:46Z
NBSM,26.495,2026-04-13T19:30:18Z
NBTB,45.38,2026-04-13T19:59:41Z
NBTX,31.905,2026-04-13T18:46:02Z
NBXG,13.83,2026-04-13T19:58:03Z
NCA,9.29,2026-04-13T17:58:11Z
NCDL,13.71,2026-04-13T19:59:40Z
NCEL,2.525,2026-04-13T14:54:52Z
NCI,0.5,2026-04-13T19:32:44Z
NCIQ,18.235,2026-04-13T17:51:19Z
NCL,0.1555,2026-04-13T14:27:12Z
NCLH,20.25,2026-04-13T19:59:59Z
NCLO,24.93,2026-04-13T18:30:24Z
NCMI,3.37,2026-04-13T19:59:52Z
NCNA,2.14,2026-04-13T17:45:48Z
NCNO,17.12,2026-04-13T19:59:58Z
NCPL,0.3699,2026-04-13T16:12:49Z
NCRA,0.2061,2026-04-13T19:38:10Z
NCSM,67.82,2026-04-13T19:52:42Z
NCT,2.105,2026-04-13T19:58:23Z
NCTY,5.33,2026-04-13T13:34:38Z
NCV,16.23,2026-04-13T19:51:08Z
NCV-A,20.85,2026-04-13T14:43:13Z
NCZ,14.65,2026-04-13T19:59:39Z
NCZ-A,20.37,2026-04-13T19:06:36Z
NDAQ,86.165,2026-04-13T19:59:51Z
NDIV,35.49,2026-04-13T17:33:04Z
NDLS,8.35,2026-04-13T19:44:23Z
NDMO,10.35,2026-04-13T19:51:13Z
NDOW,28.32,2026-04-13T17:05:23Z
NDRA,4.99,2026-04-13T17:19:31Z
NDSN,277.935,2026-04-13T19:59:31Z
NE,49.495,2026-04-13T19:59:54Z
NEA,11.61,2026-04-13T19:59:50Z
NEAR,50.815,2026-04-13T19:24:53Z
NEBX,69.03,2026-04-13T19:57:20Z
NECB,24.94,2026-04-13T19:07:00Z
NEE,92.3,2026-04-13T19:59:51Z
NEE-S,56.045,2026-04-13T19:35:20Z
NEE-T,52.58,2026-04-13T15:16:20Z
NEE-U,25.13,2026-04-13T18:11:27Z
NEE-W,24.91,2026-04-13T19:50:11Z
NEGG,40.195,2026-04-13T19:54:30Z
NEHI,34.75,2026-04-13T17:09:36Z
NEM,116.5,2026-04-13T19:59:53Z
NEMD,52.89,2026-04-13T18:15:00Z
NEO,8.005,2026-04-13T19:59:54Z
NEOG,9.13,2026-04-13T19:59:59Z
NEON,1.435,2026-04-13T19:59:30Z
NEOV,3.035,2026-04-13T19:59:55Z
NERV,5.67,2026-04-13T19:59:46Z
NESR,23.17,2026-04-13T19:59:54Z
NET,184.06,2026-04-13T19:59:54Z
NETG,9.11,2026-04-13T19:52:32Z
NETL,25.78,2026-04-13T16:42:16Z
NEU,657.54,2026-04-13T19:47:34Z
NEUP,4.53,2026-04-13T19:50:04Z
NEWP,5.04,2026-04-13T19:59:55Z
NEWT,12.16,2026-04-13T19:59:10Z
NEWTH,25.61,2026-04-13T14:49:02Z
NEXA,12.07,2026-04-13T19:59:59Z
NEXM,2.43,2026-04-13T19:58:34Z
NEXN,7.06,2026-04-13T19:57:40Z
NEXT,7.54,2026-04-13T19:59:57Z
NFBK,13.895,2026-04-13T19:59:53Z
NFE,0.6597,2026-04-13T19:59:49Z
NFEB,28.47,2026-04-13T18:44:55Z
NFG,91.215,2026-04-13T19:59:45Z
NFGC,2.075,2026-04-13T19:59:53Z
NFJ,13.52,2026-04-13T19:57:34Z
NFLW,27.33,2026-04-13T17:09:23Z
NFLX,103.155,2026-04-13T19:59:59Z
NFLY,11.28,2026-04-13T19:56:49Z
NFRA,64.91,2026-04-13T19:59:00Z
NFTY,53.85,2026-04-13T19:55:20Z
NFXL,34.465,2026-04-13T19:59:59Z
NG,9.76,2026-04-13T19:59:59Z
NGEN,4.1,2026-04-13T19:59:30Z
NGG,88.89,2026-04-13T19:59:43Z
NGL,13.015,2026-04-13T19:58:13Z
NGNE,19.25,2026-04-13T19:59:23Z
NGS,38.715,2026-04-13T19:21:12Z
NGVC,26.33,2026-04-13T19:09:35Z
NGVT,76.03,2026-04-13T19:59:31Z
NHC,169.645,2026-04-13T19:58:22Z
NHI,85.3,2026-04-13T19:58:46Z
NHS,6.56,2026-04-13T19:59:50Z
NHS^,0.0025,2026-04-13T19:56:47Z
NHTC,2.84,2026-04-13T19:39:13Z
NHYM,24.84,2026-04-13T18:32:16Z
NI,47.18,2026-04-13T19:59:58Z
NIC,157.91,2026-04-13T19:54:10Z
NICE,102.94,2026-04-13T19:59:45Z
NIE,24.855,2026-04-13T19:58:06Z
NIKL,17,2026-04-13T19:11:23Z
NIM,9.5,2026-04-13T19:35:46Z
NIO,6.475,2026-04-13T19:59:55Z
NIQ,10.63,2026-04-13T19:59:56Z
NIU,2.91,2026-04-13T19:59:32Z
NIXX,0.8911,2026-04-13T19:56:30Z
NJR,55.93,2026-04-13T19:59:50Z
NKE,42.89,2026-04-13T19:59:59Z
NKLR,4.985,2026-04-13T19:59:18Z
NKSH,37.19,2026-04-13T19:45:44Z
NKTR,80.48,2026-04-13T19:59:55Z
NKTX,2.3,2026-04-13T19:59:50Z
NKX,12.22,2026-04-13T19:58:13Z
NLOP,11.87,2026-04-13T19:59:49Z
NLR,138.96,2026-04-13T19:59:17Z
NLY,22.21,2026-04-13T19:59:59Z
NLY-F,25.63,2026-04-13T19:59:07Z
NLY-G,24.83,2026-04-13T13:48:10Z
NLY-J,25.82,2026-04-13T18:44:47Z
NMAI,13.62,2026-04-13T19:59:54Z
NMAX,6.325,2026-04-13T19:59:57Z
NMB,24.575,2026-04-13T19:58:03Z
NMCO,10.76,2026-04-13T19:58:30Z
NMFC,8.14,2026-04-13T19:59:54Z
NMG,1.795,2026-04-13T19:59:53Z
NMIH,39.21,2026-04-13T19:59:59Z
NML,10.015,2026-04-13T19:59:46Z
NMM,69.96,2026-04-13T19:59:47Z
NMR,8.41,2026-04-13T19:59:59Z
NMRA,2.05,2026-04-13T19:59:55Z
NMRK,15.46,2026-04-13T19:59:59Z
NMT,12.6,2026-04-13T19:55:41Z
NMZ,10.42,2026-04-13T19:58:37Z
NN,15.57,2026-04-13T19:59:59Z
NNBR,1.595,2026-04-13T19:59:30Z
NNDM,1.72,2026-04-13T19:49:49Z
NNE,21.89,2026-04-13T19:59:54Z
NNI,132.96,2026-04-13T19:57:00Z
NNN,43.77,2026-04-13T19:59:53Z
NNOV,28.86,2026-04-13T14:30:18Z
NNOX,2.37,2026-04-13T19:59:59Z
NNVC,1.04,2026-04-13T18:07:59Z
NNY,8.65,2026-04-13T13:30:01Z
NOA,14.74,2026-04-13T19:59:56Z
NOAH,10.12,2026-04-13T19:59:51Z
NOBL,107.525,2026-04-13T19:59:16Z
NOC,681.095,2026-04-13T19:59:42Z
NOCT,58.61,2026-04-13T19:59:50Z
NOG,27.26,2026-04-13T19:59:59Z
NOK,10.375,2026-04-13T19:59:58Z
NOM,11.23,2026-04-13T19:35:30Z
NOMD,9.67,2026-04-13T19:59:55Z
NORW,38.82,2026-04-13T19:48:56Z
NOTV,0.2484,2026-04-13T19:55:16Z
NOV,19.625,2026-04-13T19:59:59Z
NOVT,128.76,2026-04-13T19:59:11Z
NOW,89.055,2026-04-13T19:59:59Z
NOWL,4.22,2026-04-13T19:57:35Z
NP,25.515,2026-04-13T19:59:50Z
NPB,18.665,2026-04-13T19:59:55Z
NPCE,14.88,2026-04-13T19:59:52Z
NPCT,10.44,2026-04-13T19:57:48Z
NPFD,19.07,2026-04-13T18:43:29Z
NPFI,25.97,2026-04-13T14:48:22Z
NPK,142.93,2026-04-13T19:48:18Z
NPKI,15.01,2026-04-13T19:59:50Z
NPO,284.94,2026-04-13T19:58:48Z
NPT,7.89,2026-04-13T19:56:08Z
NPV,11.59,2026-04-13T16:30:21Z
NPWR,1.535,2026-04-13T19:59:30Z
NQP,12.13,2026-04-13T19:59:25Z
NRC,16.81,2026-04-13T19:59:50Z
NRDS,10.66,2026-04-13T19:59:45Z
NRDY,0.9051,2026-04-13T19:59:54Z
NREF,13.985,2026-04-13T19:55:59Z
NRG,170.07,2026-04-13T19:59:50Z
NRGD,30.24,2026-04-13T16:25:15Z
NRGU,36.85,2026-04-13T19:59:53Z
NRGV,3.14,2026-04-13T19:59:54Z
NRIM,24.74,2026-04-13T19:57:31Z
NRIX,15.9,2026-04-13T19:59:57Z
NRK,10.495,2026-04-13T19:50:01Z
NRO,2.995,2026-04-13T19:59:56Z
NRP,118.76,2026-04-13T18:44:49Z
NRSN,0.7236,2026-04-13T14:18:32Z
NRT,9.1,2026-04-13T19:50:55Z
NRXP,2.285,2026-04-13T19:59:55Z
NRXS,6.955,2026-04-13T19:59:46Z
NSA,41.41,2026-04-13T19:59:46Z
NSA-A,22.89,2026-04-13T19:05:56Z
NSC,297.575,2026-04-13T19:59:58Z
NSI,36.86,2026-04-13T13:52:14Z
NSIT,74.02,2026-04-13T19:59:01Z
NSP,27.85,2026-04-13T19:59:48Z
NSRX,2.25,2026-04-13T19:51:23Z
NSSC,43.955,2026-04-13T19:57:59Z
NSYS,14.325,2026-04-13T19:00:22Z
NTAP,98.44,2026-04-13T19:59:46Z
NTB,56.22,2026-04-13T19:58:49Z
NTCL,0.5725,2026-04-13T19:59:50Z
NTCT,32.64,2026-04-13T19:59:59Z
NTES,113.435,2026-04-13T19:59:33Z
NTGR,23.635,2026-04-13T19:53:54Z
NTHI,5.03,2026-04-13T17:35:35Z
NTIC,8.075,2026-04-13T19:59:16Z
NTIP,1.45,2026-04-13T17:12:09Z
NTLA,14.25,2026-04-13T19:59:57Z
NTNX,37.285,2026-04-13T19:59:56Z
NTR,74.35,2026-04-13T19:59:49Z
NTRA,201.91,2026-04-13T19:59:57Z
NTRP,2.93,2026-04-13T19:46:02Z
NTRS,153.91,2026-04-13T19:59:33Z
NTRSO,19.14,2026-04-13T18:10:59Z
NTSK,9.05,2026-04-13T19:59:59Z
NTST,20.15,2026-04-13T19:59:45Z
NTSX,54.895,2026-04-13T19:57:59Z
NTZ,3.08,2026-04-13T15:01:49Z
NU,14.96,2026-04-13T19:59:58Z
NUAG,21.04,2026-04-13T15:21:06Z
NUAI,4.595,2026-04-13T19:59:55Z
NUAIW,1.91,2026-04-13T14:28:09Z
NUBD,22.25,2026-04-13T16:35:58Z
NUCL,8.76,2026-04-13T19:59:59Z
NUCLW,2.07,2026-04-13T19:18:27Z
NUDM,38.22,2026-04-13T17:33:03Z
NUE,189.67,2026-04-13T19:59:54Z
NUEM,39.07,2026-04-13T19:57:02Z
NUGT,218.15,2026-04-13T19:50:21Z
NUGY,17.985,2026-04-13T19:59:04Z
NUHY,21.41,2026-04-13T19:57:02Z
NUKZ,69.09,2026-04-13T13:30:00Z
NULG,97.32,2026-04-13T19:08:14Z
NULV,47.17,2026-04-13T19:00:57Z
NUMG,41.92,2026-04-13T19:40:16Z
NUS,7.51,2026-04-13T19:59:47Z
NUSA,23.26,2026-04-13T16:11:18Z
NUTX,106.81,2026-04-13T19:55:23Z
NUV,9.185,2026-04-13T19:57:50Z
NUVB,4.7,2026-04-13T19:59:59Z
NUVL,103.82,2026-04-13T19:49:34Z
NUWE,1.215,2026-04-13T19:58:18Z
NVA,6.255,2026-04-13T19:59:42Z
NVAX,8.1,2026-04-13T19:59:59Z
NVBW,34.11,2026-04-13T16:50:54Z
NVCR,10.72,2026-04-13T19:59:59Z
NVCT,8.47,2026-04-13T19:52:10Z
NVD,6.41,2026-04-13T19:59:59Z
NVDA,189.24,2026-04-13T19:59:59Z
NVDB,26.55,2026-04-13T16:50:21Z
NVDD,37.2,2026-04-13T19:00:46Z
NVDG,16.21,2026-04-13T19:58:59Z
NVDL,85.12,2026-04-13T19:59:55Z
NVDQ,14.85,2026-04-13T19:59:59Z
NVDS,26.2,2026-04-13T19:59:59Z
NVDU,113.22,2026-04-13T19:55:01Z
NVDW,36.91,2026-04-13T19:59:21Z
NVDX,16.31,2026-04-13T19:59:57Z
NVDY,13.49,2026-04-13T19:59:50Z
NVEC,76.81,2026-04-13T17:57:44Z
NVG,12.795,2026-04-13T19:59:57Z
NVGS,20.48,2026-04-13T19:58:21Z
NVII,25.67,2026-04-13T19:58:18Z
NVMI,506.85,2026-04-13T19:59:05Z
NVNI,1.33,2026-04-13T19:59:45Z
NVO,37.96,2026-04-13T19:59:59Z
NVOH,20.82,2026-04-13T18:09:36Z
NVOX,10.775,2026-04-13T19:59:37Z
NVR,6774.82,2026-04-13T19:59:22Z
NVRI,19.26,2026-04-13T19:59:50Z
NVS,154.275,2026-04-13T19:59:45Z
NVST,26.895,2026-04-13T19:59:52Z
NVT,133.17,2026-04-13T19:59:55Z
NVTS,9.81,2026-04-13T19:59:59Z
NVTX,25.59,2026-04-13T18:55:16Z
NVVE,0.5967,2026-04-13T19:56:44Z
NVX,0.7391,2026-04-13T19:59:41Z
NVYY,14.325,2026-04-13T19:59:48Z
NWBI,13.46,2026-04-13T19:59:59Z
NWE,68.88,2026-04-13T19:57:24Z
NWFL,31.13,2026-04-13T17:52:03Z
NWG,16.78,2026-04-13T19:59:57Z
NWGL,0.985,2026-04-13T18:54:11Z
NWL,3.855,2026-04-13T19:59:54Z
NWN,54.53,2026-04-13T19:59:49Z
NWPX,87.88,2026-04-13T19:55:35Z
NWS,28.84,2026-04-13T19:59:50Z
NWSA,24.95,2026-04-13T19:59:55Z
NX,19.74,2026-04-13T19:59:44Z
NXDR,1.405,2026-04-13T19:59:36Z
NXDT,4.62,2026-04-13T19:58:01Z
NXE,11.87,2026-04-13T19:59:59Z
NXG^,0.0181,2026-04-13T19:41:42Z
NXJ,12.455,2026-04-13T19:16:05Z
NXL,0.4236,2026-04-13T19:58:30Z
NXP,14.38,2026-04-13T19:35:10Z
NXPI,208.02,2026-04-13T19:59:56Z
NXRT,25.99,2026-04-13T19:59:58Z
NXST,184.03,2026-04-13T19:58:22Z
NXT,111.5,2026-04-13T19:59:50Z
NXTC,12.505,2026-04-13T19:43:15Z
NXTG,121.09,2026-04-13T16:19:30Z
NXTT,1.67,2026-04-13T19:59:49Z
NXXT,0.3715,2026-04-13T19:59:26Z
NYC,8.5,2026-04-13T14:12:50Z
NYF,53.555,2026-04-13T19:55:17Z
NYM,25.02,2026-04-13T19:59:01Z
NYT,79.33,2026-04-13T19:59:49Z
NYXH,2.87,2026-04-13T15:27:47Z
NZF,12.66,2026-04-13T19:58:25Z
O,63.325,2026-04-13T19:59:59Z
OABI,1.475,2026-04-13T19:59:54Z
OACC,10.59,2026-04-13T16:04:47Z
OACP,22.87,2026-04-13T19:58:15Z
OAEM,44.1,2026-04-13T17:47:49Z
OAKI,25.44,2026-04-13T19:50:37Z
OAKM,28.05,2026-04-13T17:42:36Z
OALC,36.11,2026-04-13T14:23:28Z
OBAI,1.15,2026-04-13T19:51:41Z
OBDC,10.91,2026-04-13T19:59:58Z
OBE,9.63,2026-04-13T19:59:51Z
OBIL,50.13,2026-04-13T19:47:52Z
OBIO,4.26,2026-04-13T19:57:15Z
OBK,45.07,2026-04-13T19:59:13Z
OBND,25.79,2026-04-13T17:04:25Z
OBT,34.915,2026-04-13T19:59:59Z
OC,118.33,2026-04-13T19:59:59Z
OCC,11.55,2026-04-13T19:58:07Z
OCCI,3.065,2026-04-13T19:59:35Z
OCFC,18.735,2026-04-13T19:59:15Z
OCG,0.6303,2026-04-13T19:59:04Z
OCGN,1.785,2026-04-13T19:59:59Z
OCS,27.12,2026-04-13T19:59:33Z
OCSL,12.06,2026-04-13T19:59:59Z
OCTT,43.64,2026-04-13T14:09:38Z
OCTU,28.365,2026-04-13T16:20:11Z
OCTW,39.29,2026-04-13T14:55:30Z
OCUL,8.85,2026-04-13T19:59:58Z
ODC,72.235,2026-04-13T19:58:17Z
ODD,14.3,2026-04-13T19:59:56Z
ODDS,23.94,2026-04-13T19:14:15Z
ODFL,207.71,2026-04-13T19:59:46Z
ODV,3.365,2026-04-13T19:59:45Z
OEC,7.035,2026-04-13T19:58:12Z
OEF,336.07,2026-04-13T19:59:00Z
OESX,9.415,2026-04-13T18:27:37Z
OFAL,0.5051,2026-04-13T17:36:25Z
OFG,43.02,2026-04-13T19:58:43Z
OFIX,12.63,2026-04-13T19:59:16Z
OFLX,33.21,2026-04-13T18:27:39Z
OFRM,15.73,2026-04-13T19:59:52Z
OFS,3.79,2026-04-13T18:06:31Z
OGC,34.095,2026-04-13T19:50:39Z
OGE,48.605,2026-04-13T19:59:52Z
OGEN,0.5955,2026-04-13T14:31:04Z
OGI,1.415,2026-04-13T19:59:55Z
OGN,8.55,2026-04-13T19:59:58Z
OGS,88.375,2026-04-13T19:59:16Z
OHI,45.42,2026-04-13T19:59:54Z
OI,10.935,2026-04-13T19:59:59Z
OIA,6.18,2026-04-13T19:51:44Z
OIH,413.27,2026-04-13T19:59:57Z
OII,37.42,2026-04-13T19:59:40Z
OILD,43.71,2026-04-13T16:31:39Z
OILK,55.15,2026-04-13T19:04:19Z
OILU,44.95,2026-04-13T19:55:00Z
OIO,2.875,2026-04-13T19:21:50Z
OIS,11.65,2026-04-13T19:59:56Z
OKE,85.35,2026-04-13T19:59:53Z
OKLL,6.93,2026-04-13T19:59:45Z
OKLO,53.95,2026-04-13T19:59:54Z
OKLS,58.71,2026-04-13T14:27:37Z
OKTA,65.43,2026-04-13T19:59:50Z
OKTG,7.65,2026-04-13T19:46:33Z
OKUR,4.465,2026-04-13T19:59:42Z
OKYO,1.5,2026-04-13T19:49:56Z
OLB,0.4599,2026-04-13T19:57:56Z
OLED,100.515,2026-04-13T19:59:59Z
OLLI,91.685,2026-04-13T19:59:45Z
OLMA,15.935,2026-04-13T19:59:56Z
OLN,29.42,2026-04-13T19:59:49Z
OLOX,0.533,2026-04-13T17:46:36Z
OLP,22.71,2026-04-13T19:59:22Z
OLPX,2.025,2026-04-13T19:59:42Z
OM,4.305,2026-04-13T19:54:59Z
OMAB,113.29,2026-04-13T19:59:46Z
OMAH,18.375,2026-04-13T19:59:42Z
OMC,76,2026-04-13T19:59:59Z
OMCL,34.96,2026-04-13T19:59:05Z
OMDA,12.12,2026-04-13T19:59:35Z
OMER,11.37,2026-04-13T19:59:59Z
OMEX,1,2026-04-13T19:59:48Z
OMF,56.875,2026-04-13T19:59:46Z
OMFL,63.09,2026-04-13T19:23:11Z
OMH,1.06,2026-04-13T15:48:31Z
OMSE,4.61,2026-04-13T19:59:37Z
ON,71.08,2026-04-13T19:59:56Z
ONB,23.61,2026-04-13T19:59:59Z
ONBPP,24.92,2026-04-13T19:58:55Z
ONC,305.535,2026-04-13T19:59:48Z
ONCO,0.8148,2026-04-13T19:59:00Z
ONCY,1.035,2026-04-13T19:58:25Z
OND,34.02,2026-04-13T16:21:58Z
ONDG,5.72,2026-04-13T19:13:44Z
ONDL,16.11,2026-04-13T19:13:07Z
ONDS,9.46,2026-04-13T19:59:59Z
ONDU,9.415,2026-04-13T19:03:09Z
ONEG,3.805,2026-04-13T18:45:00Z
ONEQ,91.28,2026-04-13T19:59:50Z
ONEW,9.955,2026-04-13T19:59:37Z
ONEZ,25.86,2026-04-13T19:46:19Z
ONFO,0.6397,2026-04-13T19:49:58Z
ONIT,43.41,2026-04-13T18:51:30Z
ONL,2.41,2026-04-13T19:59:54Z
ONMD,0.8925,2026-04-13T19:59:44Z
ONOF,36.38,2026-04-13T14:56:56Z
ONON,34.17,2026-04-13T19:59:47Z
ONTO,252.86,2026-04-13T19:59:15Z
OOMA,13.95,2026-04-13T19:59:46Z
OPAD,0.76,2026-04-13T19:55:03Z
OPAL,2.455,2026-04-13T19:59:55Z
OPCH,28.94,2026-04-13T19:59:50Z
OPEN,4.36,2026-04-13T19:59:59Z
OPENW,0.5107,2026-04-13T19:33:44Z
OPENZ,0.2284,2026-04-13T13:56:13Z
OPEX,17.65,2026-04-13T14:37:43Z
OPFI,8.34,2026-04-13T19:59:53Z
OPK,1.175,2026-04-13T19:59:16Z
OPLN,30.64,2026-04-13T19:59:59Z
OPP,7.79,2026-04-13T19:42:55Z
OPPJ,57.21,2026-04-13T19:39:11Z
OPRA,15.235,2026-04-13T19:59:37Z
OPRT,5.12,2026-04-13T19:59:54Z
OPRX,5.93,2026-04-13T19:59:59Z
OPTT,0.3802,2026-04-13T19:59:24Z
OPTU,1.395,2026-04-13T19:59:58Z
OPTX,11.69,2026-04-13T19:59:56Z
OPTXW,1.93,2026-04-13T19:51:12Z
OPTZ,39.52,2026-04-13T17:40:09Z
OPXS,11.96,2026-04-13T16:08:50Z
OR,39.47,2026-04-13T19:59:58Z
ORA,112.23,2026-04-13T19:59:49Z
ORBS,0.9651,2026-04-13T19:59:58Z
ORC,7.19,2026-04-13T19:59:30Z
ORCL,155.63,2026-04-13T19:59:59Z
ORCL-D,47.36,2026-04-13T19:50:36Z
ORCS,31.74,2026-04-13T19:55:16Z
ORCU,10.55,2026-04-13T19:59:45Z
ORCX,29.61,2026-04-13T19:59:27Z
ORGN,2.14,2026-04-13T19:17:45Z
ORGO,2.37,2026-04-13T19:59:55Z
ORI,41.49,2026-04-13T19:59:57Z
ORIC,10.39,2026-04-13T19:59:53Z
ORIO,1.035,2026-04-13T19:58:51Z
ORIQW,0.1015,2026-04-13T16:34:32Z
ORKA,61.33,2026-04-13T19:59:14Z
ORKT,1.03,2026-04-13T17:41:25Z
ORLA,18.075,2026-04-13T19:59:53Z
ORLY,94.005,2026-04-13T19:59:51Z
ORMP,3.76,2026-04-13T19:58:54Z
ORN,11.87,2026-04-13T19:51:18Z
ORR,37.175,2026-04-13T19:54:27Z
ORRF,38.38,2026-04-13T19:59:02Z
OSBC,21.52,2026-04-13T19:59:59Z
OSCR,15.485,2026-04-13T19:59:59Z
OSCV,40.71,2026-04-13T13:55:26Z
OSCX,34.8,2026-04-13T19:29:13Z
OSG,4.19,2026-04-13T19:59:57Z
OSIS,297.84,2026-04-13T19:58:48Z
OSK,151.62,2026-04-13T19:59:50Z
OSPN,10.95,2026-04-13T19:59:55Z
OSRH,0.5535,2026-04-13T19:59:28Z
OSS,8.87,2026-04-13T19:59:59Z
OSTX,1.32,2026-04-13T19:59:28Z
OSUR,3.08,2026-04-13T19:59:26Z
OSW,24.96,2026-04-13T19:59:57Z
OTEX,22.06,2026-04-13T19:59:56Z
OTF,11.6,2026-04-13T19:59:54Z
OTH,3.05,2026-04-13T19:58:02Z
OTIS,81.665,2026-04-13T19:59:44Z
OTLK,0.2561,2026-04-13T19:59:53Z
OTLY,12.59,2026-04-13T19:59:56Z
OTTR,91.9,2026-04-13T19:58:09Z
OUNZ,45.6,2026-04-13T19:59:58Z
OUSA,56.3,2026-04-13T16:06:52Z
OUST,21.875,2026-04-13T19:59:59Z
OUT,29.28,2026-04-13T19:59:53Z
OVB,20.67,2026-04-13T17:36:56Z
OVBC,45.26,2026-04-13T17:46:35Z
OVID,2.795,2026-04-13T19:59:56Z
OVL,53.07,2026-04-13T19:58:14Z
OVLH,38.83,2026-04-13T15:48:14Z
OVLY,34.77,2026-04-13T19:35:23Z
OVM,21.72,2026-04-13T19:19:06Z
OVV,56.36,2026-04-13T19:59:57Z
OWL,8.455,2026-04-13T19:59:58Z
OWLS,5.9,2026-04-13T19:50:57Z
OWLT,5.34,2026-04-13T19:59:39Z
OXBR,0.7265,2026-04-13T17:28:04Z
OXLC,9.78,2026-04-13T19:59:53Z
OXM,42.6,2026-04-13T18:44:55Z
OXSQ,1.875,2026-04-13T18:55:43Z
OXSQH,25,2026-04-13T19:57:45Z
OXY,58.03,2026-04-13T19:59:58Z
OZ,55.705,2026-04-13T19:59:00Z
OZEM,31.7,2026-04-13T19:52:38Z
OZK,47.965,2026-04-13T19:59:47Z
OZKAP,16.46,2026-04-13T18:34:03Z
PAA,21.74,2026-04-13T19:59:55Z
PAAA,51.3,2026-04-13T19:59:51Z
PAAS,57.27,2026-04-13T19:59:55Z
PAC,236.365,2026-04-13T19:59:32Z
PACB,1.46,2026-04-13T19:59:58Z
PACK,3.67,2026-04-13T19:59:54Z
PACS,33.86,2026-04-13T19:59:44Z
PAG,156.3,2026-04-13T19:38:53Z
PAGP,23.58,2026-04-13T19:59:58Z
PAGS,10.79,2026-04-13T19:59:59Z
PAHC,59.59,2026-04-13T19:59:17Z
PAL,7.01,2026-04-13T19:59:27Z
PALI,1.985,2026-04-13T19:59:46Z
PALL,142.47,2026-04-13T18:36:25Z
PAM,86.71,2026-04-13T19:59:58Z
PAMC,50.74,2026-04-13T15:18:55Z
PAMT,9.385,2026-04-13T16:53:10Z
PANG,7.81,2026-04-13T19:11:22Z
PANL,7.52,2026-04-13T19:59:47Z
PANW,162.51,2026-04-13T19:59:59Z
PAPI,27.24,2026-04-13T19:43:39Z
PAPL,0.6599,2026-04-13T17:06:59Z
PAPR,40.88,2026-04-13T19:31:50Z
PAR,13.71,2026-04-13T19:59:55Z
PARR,65.74,2026-04-13T19:59:47Z
PASG,10.9,2026-04-13T17:00:52Z
PATH,10.12,2026-04-13T19:59:55Z
PATK,111.885,2026-04-13T19:59:29Z
PATX,7.27,2026-04-13T19:46:14Z
PAUG,43.65,2026-04-13T13:47:34Z
PAVE,55.05,2026-04-13T19:59:50Z
PAVS,1.76,2026-04-13T15:47:05Z
PAX,12.47,2026-04-13T19:59:49Z
PAXS,14.35,2026-04-13T19:58:47Z
PAY,25.605,2026-04-13T19:59:37Z
PAYC,119.52,2026-04-13T19:59:50Z
PAYO,4.815,2026-04-13T19:59:46Z
PAYP,20.48,2026-04-13T19:59:32Z
PAYS,5.735,2026-04-13T19:59:53Z
PAYX,89.315,2026-04-13T19:59:55Z
PB,69.175,2026-04-13T19:59:56Z
PBA,44.05,2026-04-13T19:59:52Z
PBD,19.13,2026-04-13T18:53:40Z
PBDC,27.105,2026-04-13T19:55:48Z
PBF,40.65,2026-04-13T19:59:54Z
PBFR,29.59,2026-04-13T15:00:11Z
PBFS,14.15,2026-04-13T15:59:55Z
PBH,56.82,2026-04-13T19:59:58Z
PBI,11.575,2026-04-13T19:59:53Z
PBI-B,19.42,2026-04-13T18:52:56Z
PBJL,30.33,2026-04-13T16:02:09Z
PBJN,30.38,2026-04-13T13:49:49Z
PBMY,30.57,2026-04-13T16:45:00Z
PBNV,29.59,2026-04-13T18:30:40Z
PBOG,33.33,2026-04-13T18:56:38Z
PBPH,25.49,2026-04-13T18:56:16Z
PBR,21.97,2026-04-13T19:59:52Z
PBR.A,19.865,2026-04-13T19:59:50Z
PBRG,51.51,2026-04-13T17:43:09Z
PBT,22.1,2026-04-13T19:33:33Z
PBTP,26.25,2026-04-13T17:08:47Z
PBUS,68.26,2026-04-13T16:35:52Z
PBW,33.42,2026-04-13T19:59:59Z
PBYI,7.575,2026-04-13T19:59:44Z
PCAR,127.36,2026-04-13T19:59:59Z
PCB,24.175,2026-04-13T19:21:19Z
PCEF,19.665,2026-04-13T19:54:36Z
PCF,5.6,2026-04-13T13:50:59Z
PCG,17.72,2026-04-13T19:59:59Z
PCG-B,20.81,2026-04-13T13:38:58Z
PCG-X,43.12,2026-04-13T18:56:51Z
PCIG,8.41,2026-04-13T17:22:47Z
PCLG,21.27,2026-04-13T19:55:01Z
PCM,5.7,2026-04-13T18:56:39Z
PCMM,49.38,2026-04-13T17:51:52Z
PCN,11.98,2026-04-13T19:50:21Z
PCOR,50.38,2026-04-13T19:59:54Z
PCQ,8.79,2026-04-13T19:53:39Z
PCRB,46.58,2026-04-13T17:05:11Z
PCRX,24.04,2026-04-13T19:59:36Z
PCS,50.165,2026-04-13T19:56:17Z
PCSA,2.89,2026-04-13T19:59:28Z
PCSC,10.99,2026-04-13T19:59:50Z
PCT,6.19,2026-04-13T19:59:59Z
PCTY,99.45,2026-04-13T19:59:53Z
PCVX,61.72,2026-04-13T19:59:50Z
PCY,21.59,2026-04-13T19:58:00Z
PCYO,11.235,2026-04-13T19:30:17Z
PD,6.06,2026-04-13T19:59:57Z
PDBA,35.93,2026-04-13T19:59:35Z
PDBC,17.255,2026-04-13T19:59:55Z
PDC,3.98,2026-04-13T14:02:43Z
PDD,100.81,2026-04-13T19:59:51Z
PDEC,43.8,2026-04-13T19:59:51Z
PDEX,52,2026-04-13T18:28:56Z
PDFS,40.685,2026-04-13T19:57:54Z
PDI,17.23,2026-04-13T19:59:40Z
PDLB,17.64,2026-04-13T19:39:25Z
PDM,7.21,2026-04-13T19:59:58Z
PDO,13.28,2026-04-13T19:55:51Z
PDP,131.26,2026-04-13T19:12:38Z
PDS,92.89,2026-04-13T19:51:01Z
PDSB,1.095,2026-04-13T19:58:23Z
PDT,13.3,2026-04-13T19:28:40Z
PDX,20.89,2026-04-13T19:58:10Z
PDYN,6.53,2026-04-13T19:59:51Z
PEB,13.755,2026-04-13T19:59:59Z
PEBK,41.51,2026-04-13T17:54:25Z
PEBO,34.12,2026-04-13T19:59:26Z
PECO,38.2,2026-04-13T19:59:55Z
PED,15.96,2026-04-13T19:58:26Z
PEG,81.225,2026-04-13T19:59:40Z
PEGA,41.56,2026-04-13T19:59:55Z
PEJ,61.26,2026-04-13T19:59:50Z
PEN,331.29,2026-04-13T19:59:51Z
PENG,24.39,2026-04-13T19:59:54Z
PENN,15.28,2026-04-13T19:59:54Z
PEO,26.38,2026-04-13T19:51:42Z
PEP,155.87,2026-04-13T19:59:58Z
PEPG,1.7,2026-04-13T19:59:59Z
PERF,1.635,2026-04-13T19:15:29Z
PERI,9.74,2026-04-13T19:59:34Z
PESI,12.1,2026-04-13T19:59:16Z
PETS,2.33,2026-04-13T19:58:50Z
PEW,2.875,2026-04-13T19:59:14Z
PEY,21.6,2026-04-13T19:59:50Z
PFAI,3.85,2026-04-13T15:43:09Z
PFBC,94.11,2026-04-13T19:10:20Z
PFDE,24.88,2026-04-13T16:20:05Z
PFE,27.32,2026-04-13T19:59:59Z
PFEB,41.21,2026-04-13T19:47:43Z
PFF,30.99,2026-04-13T19:59:54Z
PFFA,21.32,2026-04-13T19:59:51Z
PFFD,18.825,2026-04-13T19:59:53Z
PFFR,17.61,2026-04-13T15:00:30Z
PFFV,22.08,2026-04-13T16:07:09Z
PFG,93.545,2026-04-13T19:59:42Z
PFGC,88.26,2026-04-13T19:59:51Z
PFI,56.34,2026-04-13T19:52:30Z
PFIG,24.11,2026-04-13T18:56:14Z
PFIS,57.885,2026-04-13T19:41:17Z
PFIX,44.57,2026-04-13T19:54:06Z
PFL,8.025,2026-04-13T16:55:26Z
PFLT,8.47,2026-04-13T19:59:55Z
PFN,6.98,2026-04-13T19:46:22Z
PFO,9.29,2026-04-13T14:50:27Z
PFS,22.3,2026-04-13T19:59:53Z
PFSA,0.7075,2026-04-13T19:56:22Z
PFSI,92.98,2026-04-13T19:59:54Z
PFXF,18.075,2026-04-13T19:59:41Z
PG,143.62,2026-04-13T19:59:45Z
PGC,38.33,2026-04-13T19:30:41Z
PGEN,4.175,2026-04-13T19:59:53Z
PGF,14.07,2026-04-13T19:51:21Z
PGJ,26.42,2026-04-13T19:59:46Z
PGNY,16.97,2026-04-13T19:59:58Z
PGP,8.79,2026-04-13T17:33:45Z
PGR,199.65,2026-04-13T19:59:50Z
PGRI,25.74,2026-04-13T19:48:15Z
PGRO,43.05,2026-04-13T19:27:11Z
PGX,11.145,2026-04-13T19:59:45Z
PGY,12.47,2026-04-13T19:59:59Z
PGZ,10.23,2026-04-13T19:14:04Z
PH,989.41,2026-04-13T19:59:41Z
PHAT,12.675,2026-04-13T19:59:49Z
PHEQ,33.02,2026-04-13T19:47:07Z
PHG,28.56,2026-04-13T19:59:59Z
PHGE,2.59,2026-04-13T19:59:20Z
PHI,20.485,2026-04-13T19:59:22Z
PHIN,73.07,2026-04-13T19:58:49Z
PHIO,1.245,2026-04-13T19:59:25Z
PHK,4.645,2026-04-13T19:56:47Z
PHM,121.74,2026-04-13T19:59:49Z
PHO,70.29,2026-04-13T19:59:50Z
PHR,8.55,2026-04-13T19:59:58Z
PHUN,1.93,2026-04-13T19:59:08Z
PHVS,27.83,2026-04-13T19:59:45Z
PHYL,35.185,2026-04-13T19:44:42Z
PHYS,35.93,2026-04-13T19:59:51Z
PI,104.635,2026-04-13T19:59:45Z
PICB,23.63,2026-04-13T18:09:02Z
PICK,62.11,2026-04-13T19:59:51Z
PICS,12.75,2026-04-13T19:59:13Z
PID,22.835,2026-04-13T19:54:02Z
PIE,28.91,2026-04-13T17:38:27Z
PIEQ,35.385,2026-04-13T19:04:29Z
PII,55.15,2026-04-13T19:59:56Z
PIII,2.37,2026-04-13T19:50:21Z
PIIIW,0.0042,2026-04-13T17:18:33Z
PILL,11.54,2026-04-13T18:28:35Z
PIM,3.28,2026-04-13T18:43:02Z
PINE,19.285,2026-04-13T19:59:49Z
PINK,34.64,2026-04-13T19:23:44Z
PINS,18.02,2026-04-13T19:59:55Z
PIO,46.21,2026-04-13T19:33:49Z
PIPE,28.75,2026-04-13T19:11:11Z
PIPR,85.59,2026-04-13T19:59:58Z
PIT,72.13,2026-04-13T16:35:54Z
PIZ,54.77,2026-04-13T19:55:56Z
PJAN,47.34,2026-04-13T18:30:03Z
PJT,156.24,2026-04-13T19:59:58Z
PJUL,47.19,2026-04-13T19:11:45Z
PK,11.185,2026-04-13T19:59:58Z
PKB,105.59,2026-04-13T19:59:10Z
PKBK,29.67,2026-04-13T19:59:15Z
PKE,31.89,2026-04-13T19:59:04Z
PKG,210.48,2026-04-13T19:59:57Z
PKST,20.935,2026-04-13T19:59:54Z
PKX,62.7,2026-04-13T19:59:40Z
PL,34.33,2026-04-13T19:59:50Z
PLAB,45.66,2026-04-13T19:59:24Z
PLAY,12.68,2026-04-13T19:59:53Z
PLBC,50.87,2026-04-13T19:59:50Z
PLBY,1.61,2026-04-13T19:59:56Z
PLCE,2.845,2026-04-13T19:59:46Z
PLD,137.16,2026-04-13T19:59:57Z
PLG,1.905,2026-04-13T19:59:30Z
PLMK,10.565,2026-04-13T14:08:41Z
PLMR,128.55,2026-04-13T19:54:41Z
PLNT,70.245,2026-04-13T19:59:49Z
PLOW,46.645,2026-04-13T19:59:05Z
PLPC,310,2026-04-13T18:50:12Z
PLRX,1.305,2026-04-13T19:59:48Z
PLRZ,11.77,2026-04-13T18:38:17Z
PLSE,18.945,2026-04-13T19:59:43Z
PLTA,13.21,2026-04-13T13:32:32Z
PLTD,8.23,2026-04-13T19:59:59Z
PLTG,12.72,2026-04-13T19:52:20Z
PLTK,3.195,2026-04-13T19:59:53Z
PLTM,19.88,2026-04-13T19:59:50Z
PLTR,132.35,2026-04-13T19:59:59Z
PLTU,35.805,2026-04-13T19:59:29Z
PLTW,21.9,2026-04-13T19:59:00Z
PLTY,34.62,2026-04-13T19:59:50Z
PLTZ,34.49,2026-04-13T19:59:39Z
PLU,35.43,2026-04-13T19:44:17Z
PLUG,2.755,2026-04-13T19:59:50Z
PLUL,16.71,2026-04-13T13:35:19Z
PLUS,84.24,2026-04-13T19:59:50Z
PLX,2.3,2026-04-13T19:59:57Z
PLXS,230.95,2026-04-13T19:55:14Z
PLYX,6.07,2026-04-13T19:53:18Z
PLYY,11.36,2026-04-13T14:46:35Z
PM,162.7,2026-04-13T19:59:55Z
PMAR,46,2026-04-13T19:56:39Z
PMAX,0.3231,2026-04-13T19:15:05Z
PMAY,40.385,2026-04-13T19:06:08Z
PMBS,49.73,2026-04-13T16:35:56Z
PMCB,0.6816,2026-04-13T18:33:42Z
PMI,0.9501,2026-04-13T19:52:52Z
PML,7.56,2026-04-13T19:53:09Z
PMM,6.205,2026-04-13T19:57:00Z
PMMF,100.3,2026-04-13T19:47:41Z
PMN,13.32,2026-04-13T18:47:57Z
PMNT,0.2411,2026-04-13T19:50:53Z
PMO,10.46,2026-04-13T19:49:40Z
PMT,11.95,2026-04-13T19:59:55Z
PMT-B,23.4,2026-04-13T19:42:02Z
PMTS,17.82,2026-04-13T19:58:45Z
PMVP,1.35,2026-04-13T19:59:16Z
PNBK,1.34,2026-04-13T19:59:53Z
PNC,223.08,2026-04-13T19:59:53Z
PNFP,92.84,2026-04-13T19:59:50Z
PNI,6.94,2026-04-13T15:33:17Z
PNNT,4.53,2026-04-13T19:59:51Z
PNOV,42.04,2026-04-13T17:06:09Z
PNQI,46.3,2026-04-13T18:46:56Z
PNR,91.12,2026-04-13T19:59:31Z
PNRG,211.8,2026-04-13T19:02:27Z
PNTG,31.28,2026-04-13T19:58:05Z
PNW,102.66,2026-04-13T19:59:42Z
POAS,1.87,2026-04-13T19:59:46Z
POCI,4.35,2026-04-13T19:38:16Z
POCT,44.25,2026-04-13T18:27:39Z
PODC,2.19,2026-04-13T13:31:37Z
PODD,197.805,2026-04-13T19:59:51Z
POET,7.29,2026-04-13T19:59:55Z
POLA,1.81,2026-04-13T17:44:35Z
POLE,10.65,2026-04-13T13:37:16Z
POM,0.3393,2026-04-13T19:56:29Z
PONX,7.685,2026-04-13T19:51:00Z
PONY,10.04,2026-04-13T19:59:59Z
POOL,217.35,2026-04-13T19:59:46Z
POR,52.845,2026-04-13T19:59:47Z
POST,99.91,2026-04-13T19:59:22Z
POW,27.03,2026-04-13T16:28:48Z
POWI,53.37,2026-04-13T19:59:44Z
POWL,229.02,2026-04-13T19:59:41Z
POWR,26.72,2026-04-13T16:06:29Z
POWW,2.075,2026-04-13T19:59:50Z
PPA,176.49,2026-04-13T19:43:58Z
PPBT,4.045,2026-04-13T15:33:58Z
PPC,35.63,2026-04-13T19:59:58Z
PPCB,0.1018,2026-04-13T19:47:51Z
PPG,110.27,2026-04-13T19:59:55Z
PPH,103.73,2026-04-13T19:59:20Z
PPHC,14.24,2026-04-13T18:46:03Z
PPI,21.79,2026-04-13T17:42:25Z
PPIH,34.83,2026-04-13T19:58:51Z
PPL,39.5,2026-04-13T19:59:59Z
PPLT,187.98,2026-04-13T19:58:50Z
PPSI,2.535,2026-04-13T19:49:27Z
PPT,3.545,2026-04-13T19:28:28Z
PPTA,30.71,2026-04-13T19:59:54Z
PQJA,29.34,2026-04-13T16:35:33Z
PQOC,28.85,2026-04-13T18:18:36Z
PQUS,25.23,2026-04-13T17:40:16Z
PR,20.56,2026-04-13T19:59:58Z
PRA,24.59,2026-04-13T19:59:54Z
PRAA,19.62,2026-04-13T19:59:01Z
PRAB,25.03,2026-04-13T18:30:39Z
PRAX,316.77,2026-04-13T19:59:37Z
PRCH,6.81,2026-04-13T19:59:58Z
PRCS,26.36,2026-04-13T15:03:25Z
PRCT,23.47,2026-04-13T19:59:50Z
PRDO,34.765,2026-04-13T19:59:16Z
PRE,18.28,2026-04-13T19:52:55Z
PREF,19.02,2026-04-13T19:54:12Z
PRF,49.55,2026-04-13T19:51:47Z
PRFD,51.1,2026-04-13T14:41:22Z
PRFX,2.7,2026-04-13T19:50:05Z
PRFZ,48.55,2026-04-13T19:55:14Z
PRG,29.8,2026-04-13T19:59:53Z
PRGO,11.315,2026-04-13T19:59:48Z
PRGS,27.73,2026-04-13T19:59:38Z
PRH,23.865,2026-04-13T16:00:59Z
PRHI,0.7994,2026-04-13T18:56:15Z
PRI,267.075,2026-04-13T19:59:35Z
PRIM,164.26,2026-04-13T19:59:38Z
PRK,172.75,2026-04-13T19:58:01Z
PRKS,36.61,2026-04-13T19:59:49Z
PRLB,62.72,2026-04-13T19:59:21Z
PRLD,4.45,2026-04-13T19:49:21Z
PRM,25.43,2026-04-13T19:59:54Z
PRMB,19.43,2026-04-13T19:59:54Z
PRME,3.65,2026-04-13T19:59:57Z
PRN,217.22,2026-04-13T16:20:01Z
PRNT,21.585,2026-04-13T19:52:16Z
PROF,6.29,2026-04-13T19:59:51Z
PROK,1.95,2026-04-13T19:59:58Z
PROP,1.38,2026-04-13T19:59:58Z
PROV,17.185,2026-04-13T19:20:29Z
PRQR,1.795,2026-04-13T19:59:51Z
PRS,23.25,2026-04-13T19:55:07Z
PRSO,0.9386,2026-04-13T19:59:52Z
PRSU,41.08,2026-04-13T19:59:04Z
PRT,3.045,2026-04-13T19:41:00Z
PRTA,10.29,2026-04-13T19:59:57Z
PRTH,4.8,2026-04-13T19:59:35Z
PRTO,26.31,2026-04-13T16:21:05Z
PRTS,0.7846,2026-04-13T19:59:45Z
PRU,98.495,2026-04-13T19:59:52Z
PRVA,23,2026-04-13T19:59:53Z
PRZO,0.7343,2026-04-13T18:39:06Z
PSA,296.13,2026-04-13T19:59:50Z
PSA-G,19.91,2026-04-13T17:24:48Z
PSA-H,22.25,2026-04-13T18:46:39Z
PSA-J,18.46,2026-04-13T18:43:41Z
PSA-K,18.74,2026-04-13T19:57:25Z
PSA-N,15.21,2026-04-13T16:48:48Z
PSA-P,15.82,2026-04-13T17:44:03Z
PSA-R,15.84,2026-04-13T19:59:13Z
PSBD,10.32,2026-04-13T19:58:12Z
PSC,59.86,2026-04-13T16:06:37Z
PSCC,31.98,2026-04-13T14:04:47Z
PSCE,59.51,2026-04-13T19:51:01Z
PSCI,164.49,2026-04-13T14:01:11Z
PSCT,66.4,2026-04-13T19:56:00Z
PSDM,51.19,2026-04-13T19:14:56Z
PSEC,2.65,2026-04-13T19:59:57Z
PSEC-A,17.79,2026-04-13T15:11:14Z
PSF,19.77,2026-04-13T19:57:34Z
PSFE,7.95,2026-04-13T19:56:56Z
PSFF,32.915,2026-04-13T19:41:53Z
PSFM,33.3,2026-04-13T14:47:20Z
PSH,50.01,2026-04-13T17:30:30Z
PSHG,1.9,2026-04-13T19:40:04Z
PSI,112.59,2026-04-13T19:58:12Z
PSIG,6.68,2026-04-13T19:16:26Z
PSIX,78.2,2026-04-13T19:59:33Z
PSK,31.385,2026-04-13T19:53:49Z
PSKY,10.725,2026-04-13T19:59:58Z
PSLV,24.44,2026-04-13T19:59:59Z
PSMD,32.7,2026-04-13T14:56:23Z
PSMR,30.99,2026-04-13T14:47:56Z
PSMT,158.06,2026-04-13T19:58:50Z
PSN,56.09,2026-04-13T19:59:48Z
PSNL,6.32,2026-04-13T19:59:58Z
PSNY,20.34,2026-04-13T19:59:36Z
PSO,13.75,2026-04-13T19:59:55Z
PSP,59.09,2026-04-13T19:32:06Z
PSQ,30.13,2026-04-13T19:59:43Z
PSQH,0.5391,2026-04-13T19:49:37Z
PSQO,20.63,2026-04-13T19:02:55Z
PST,22.37,2026-04-13T19:58:31Z
PSTG,63.22,2026-04-13T19:59:49Z
PSTL,19.76,2026-04-13T19:34:18Z
PSTP,35.37,2026-04-13T14:37:18Z
PSTV,5.46,2026-04-13T19:59:50Z
PSX,160.35,2026-04-13T19:59:58Z
PTA,19.22,2026-04-13T18:49:34Z
PTBD,19.245,2026-04-13T19:55:00Z
PTC,134.33,2026-04-13T19:59:48Z
PTCT,70.43,2026-04-13T19:59:49Z
PTEN,10.56,2026-04-13T19:59:59Z
PTF,100.375,2026-04-13T18:05:32Z
PTGX,97.55,2026-04-13T19:59:44Z
PTH,51.11,2026-04-13T19:55:34Z
PTHS,22.555,2026-04-13T17:23:35Z
PTIN,34.47,2026-04-13T18:32:46Z
PTIR,13.205,2026-04-13T19:59:37Z
PTL,265.1,2026-04-13T19:14:44Z
PTLC,53.925,2026-04-13T19:54:47Z
PTLE,8.805,2026-04-13T18:55:43Z
PTLO,5.39,2026-04-13T19:59:55Z
PTMC,38.17,2026-04-13T16:06:29Z
PTN,18.22,2026-04-13T14:21:37Z
PTON,4.74,2026-04-13T19:59:54Z
PTOR,9.8,2026-04-13T19:59:19Z
PTRB,41.775,2026-04-13T17:57:21Z
PTRN,13,2026-04-13T19:59:54Z
PTY,12.135,2026-04-13T19:56:40Z
PUBM,8.64,2026-04-13T19:59:52Z
PUI,47.85,2026-04-13T19:59:50Z
PUK,30.64,2026-04-13T19:59:59Z
PULS,49.605,2026-04-13T19:56:26Z
PUMP,13.92,2026-04-13T19:59:56Z
PURR,6.5,2026-04-13T19:59:54Z
PVAL,48.225,2026-04-13T19:59:55Z
PVH,89,2026-04-13T19:59:53Z
PVL,1.885,2026-04-13T15:22:15Z
PVLA,129.36,2026-04-13T19:51:04Z
PW,0.8448,2026-04-13T16:22:22Z
PWB,138.42,2026-04-13T19:59:46Z
PWP,20.97,2026-04-13T19:59:56Z
PWR,596.01,2026-04-13T19:59:55Z
PWRD,107.45,2026-04-13T19:49:42Z
PWV,71.34,2026-04-13T19:59:50Z
PWZ,24.255,2026-04-13T19:50:08Z
PXE,36.7,2026-04-13T19:59:51Z
PXED,28.615,2026-04-13T19:51:00Z
PXF,72.735,2026-04-13T16:10:27Z
PXH,28.11,2026-04-13T19:59:56Z
PXI,57.54,2026-04-13T15:43:01Z
PXLW,5.5,2026-04-13T18:19:23Z
PXS,4.55,2026-04-13T15:54:08Z
PYLD,26.495,2026-04-13T19:55:04Z
PYPD,4.39,2026-04-13T19:59:38Z
PYPG,6.51,2026-04-13T19:55:58Z
PYPL,47.51,2026-04-13T19:59:58Z
PYXS,1.71,2026-04-13T19:59:55Z
PZA,23.34,2026-04-13T19:59:15Z
PZG,1.64,2026-04-13T19:59:56Z
PZT,22.43,2026-04-13T19:58:58Z
PZZA,34.97,2026-04-13T19:59:53Z
Q,134.98,2026-04-13T19:59:52Z
QABA,61.11,2026-04-13T14:09:49Z
QAI,34.89,2026-04-13T14:44:40Z
QBER,23.82,2026-04-13T18:34:35Z
QBF,17.65,2026-04-13T14:45:45Z
QBIG,36.47,2026-04-13T18:08:38Z
QBTS,14.62,2026-04-13T19:59:59Z
QBTX,7.99,2026-04-13T19:59:47Z
QBTZ,45.61,2026-04-13T19:59:59Z
QBUL,23.7,2026-04-13T18:34:36Z
QBY,9.61,2026-04-13T14:25:07Z
QCAP,24.09,2026-04-13T19:39:12Z
QCJA,22.24,2026-04-13T19:59:50Z
QCLN,50.53,2026-04-13T16:47:19Z
QCLS,3.7,2026-04-13T19:56:13Z
QCML,11.87,2026-04-13T19:24:34Z
QCOC,22.67,2026-04-13T19:19:31Z
QCOM,131.26,2026-04-13T19:59:54Z
QCRH,91.58,2026-04-13T19:56:56Z
QDEC,32.8,2026-04-13T18:53:49Z
QDEF,81.93,2026-04-13T14:20:02Z
QDEL,16.07,2026-04-13T19:59:58Z
QDF,81.98,2026-04-13T16:35:52Z
QDTE,28.705,2026-04-13T19:50:01Z
QDTY,38.89,2026-04-13T19:48:52Z
QDVO,28.03,2026-04-13T18:38:30Z
QEFA,97.13,2026-04-13T16:50:24Z
QFIN,13.67,2026-04-13T19:59:57Z
QFLR,34.51,2026-04-13T19:49:51Z
QGEN,41.92,2026-04-13T19:59:50Z
QGRO,110.88,2026-04-13T19:15:42Z
QGRW,57.58,2026-04-13T19:51:44Z
QID,19.81,2026-04-13T19:59:47Z
QINT,69.22,2026-04-13T18:52:14Z
QLD,69.61,2026-04-13T19:59:30Z
QLTA,47.815,2026-04-13T19:58:56Z
QLTY,38.59,2026-04-13T19:59:47Z
QLVE,30.8,2026-04-13T13:41:56Z
QLYS,81.47,2026-04-13T19:59:56Z
QMAR,34.95,2026-04-13T19:23:06Z
QMCO,6.43,2026-04-13T19:59:44Z
QMFE,22.98,2026-04-13T19:59:50Z
QMNV,23.56,2026-04-13T14:53:31Z
QNC,2.53,2026-04-13T19:45:32Z
QNCX,1.365,2026-04-13T19:58:41Z
QNST,12,2026-04-13T19:59:47Z
QNTM,3.31,2026-04-13T19:42:43Z
QNXT,27.2,2026-04-13T19:59:46Z
QPUX,15.99,2026-04-13T19:09:20Z
QQA,52.32,2026-04-13T19:15:52Z
QQEW,130.24,2026-04-13T19:36:08Z
QQH,71.96,2026-04-13T19:08:52Z
QQMG,42.04,2026-04-13T14:52:10Z
QQQ,617.325,2026-04-13T19:59:59Z
QQQD,13.84,2026-04-13T19:59:46Z
QQQE,102.61,2026-04-13T19:59:50Z
QQQG,24.46,2026-04-13T18:58:22Z
QQQI,52.35,2026-04-13T19:59:59Z
QQQJ,39.17,2026-04-13T18:26:23Z
QQQM,254.2,2026-04-13T19:59:46Z
QQQT,16.35,2026-04-13T13:57:36Z
QQQU,47.71,2026-04-13T19:40:14Z
QQQX,28.61,2026-04-13T18:11:23Z
QQQY,21.61,2026-04-13T16:06:55Z
QRHC,1.17,2026-04-13T19:09:03Z
QRMI,15.41,2026-04-13T19:59:46Z
QRVO,79.75,2026-04-13T19:59:29Z
QS,6.44,2026-04-13T19:59:59Z
QSI,0.7883,2026-04-13T19:59:39Z
QSOL,8.42,2026-04-13T15:00:42Z
QSPT,32.03,2026-04-13T19:43:16Z
QSR,77.55,2026-04-13T19:59:50Z
QSU,11.21,2026-04-13T13:31:11Z
QTAC,22.88,2026-04-13T19:59:29Z
QTEC,233.22,2026-04-13T19:59:50Z
QTI,6.84,2026-04-13T17:48:40Z
QTOP,32.17,2026-04-13T18:16:23Z
QTPI,25.57,2026-04-13T18:53:37Z
QTRX,3.39,2026-04-13T19:59:59Z
QTTB,5.46,2026-04-13T19:59:50Z
QTUM,119.4,2026-04-13T19:59:53Z
QTWO,47.96,2026-04-13T19:59:17Z
QUAD,7.28,2026-04-13T19:59:09Z
QUAL,201.31,2026-04-13T19:59:46Z
QUBT,7.25,2026-04-13T19:59:59Z
QUBX,7.9,2026-04-13T15:25:43Z
QUCY,0.5,2026-04-13T19:50:12Z
QUIK,11.27,2026-04-13T19:59:15Z
QURE,17.89,2026-04-13T19:59:55Z
QVAL,53.1,2026-04-13T13:53:28Z
QVCC,10.15,2026-04-13T16:31:35Z
QVCGA,2.25,2026-04-13T19:59:54Z
QVCGP,2.645,2026-04-13T18:18:41Z
QWLD,147.41,2026-04-13T18:04:59Z
QXO,22.22,2026-04-13T19:59:57Z
QXO-B,60.32,2026-04-13T15:52:33Z
QXQ,27.35,2026-04-13T17:42:26Z
QYLD,17.63,2026-04-13T19:59:59Z
QYLG,27.16,2026-04-13T19:27:37Z
R,220.405,2026-04-13T19:59:01Z
RA,13,2026-04-13T19:59:36Z
RAA,28.47,2026-04-13T16:38:12Z
RAAQ,10.42,2026-04-13T19:22:07Z
RAAR,50.28,2026-04-13T19:46:35Z
RAAX,41.27,2026-04-13T15:10:59Z
RACE,355.2,2026-04-13T19:59:53Z
RADX,4.48,2026-04-13T14:37:51Z
RAIL,9.01,2026-04-13T17:15:02Z
RAIN,2.195,2026-04-13T17:57:13Z
RAL,46.71,2026-04-13T19:59:56Z
RAMP,26.58,2026-04-13T19:59:50Z
RANI,0.7612,2026-04-13T19:59:50Z
RAPP,34.755,2026-04-13T19:53:53Z
RARE,23.63,2026-04-13T19:59:47Z
RAVE,2.42,2026-04-13T19:58:04Z
RAYA,0.7473,2026-04-13T19:59:25Z
RBA,103.01,2026-04-13T19:59:50Z
RBB,22.62,2026-04-13T19:55:56Z
RBBN,2.37,2026-04-13T19:59:51Z
RBC,595.58,2026-04-13T19:58:09Z
RBCAA,73.755,2026-04-13T19:59:31Z
RBKB,15.36,2026-04-13T15:16:40Z
RBLX,57.65,2026-04-13T19:59:55Z
RBNE,1.815,2026-04-13T19:59:52Z
RBRK,48.61,2026-04-13T19:59:35Z
RBUF,30.08,2026-04-13T19:59:13Z
RC,1.595,2026-04-13T19:59:59Z
RCAT,12.88,2026-04-13T19:59:59Z
RCAX,12.71,2026-04-13T19:50:02Z
RCEL,4.895,2026-04-13T19:59:04Z
RCG,2.97,2026-04-13T15:07:40Z
RCI,32.73,2026-04-13T19:59:54Z
RCKT,3.63,2026-04-13T19:59:57Z
RCKY,42.5,2026-04-13T18:02:04Z
RCL,282.4,2026-04-13T19:59:59Z
RCMT,28.37,2026-04-13T19:59:45Z
RCS,5.26,2026-04-13T19:17:25Z
RCT,1,2026-04-13T19:59:50Z
RCUS,22.405,2026-04-13T19:59:54Z
RDAG,10.225,2026-04-13T19:53:40Z
RDCM,12.09,2026-04-13T19:59:45Z
RDDT,149.34,2026-04-13T19:59:49Z
RDGT,2.36,2026-04-13T17:41:35Z
RDHL,0.81,2026-04-13T15:05:47Z
RDI,1.09,2026-04-13T17:58:10Z
RDIV,54.58,2026-04-13T17:42:08Z
RDN,34.41,2026-04-13T19:59:59Z
RDNT,56.19,2026-04-13T19:59:30Z
RDNW,6.5,2026-04-13T18:39:59Z
RDOG,37.57,2026-04-13T19:02:44Z
RDTE,28.11,2026-04-13T19:59:46Z
RDTL,17.69,2026-04-13T19:29:56Z
RDVI,27.18,2026-04-13T19:59:40Z
RDVT,36.6,2026-04-13T19:57:40Z
RDVY,73.03,2026-04-13T19:59:38Z
RDW,9.97,2026-04-13T19:59:59Z
RDWR,24.41,2026-04-13T19:59:38Z
RDWU,11.51,2026-04-13T19:00:18Z
RDY,13.27,2026-04-13T19:59:39Z
RDYY,21.03,2026-04-13T19:44:11Z
RDZN,1.11,2026-04-13T19:46:03Z
REAL,10.375,2026-04-13T19:59:55Z
REAX,2.57,2026-04-13T19:59:50Z
REBN,2.6,2026-04-13T17:13:19Z
RECS,40.57,2026-04-13T19:50:02Z
RECT,2.13,2026-04-13T19:59:47Z
REED,4.105,2026-04-13T16:32:33Z
REET,26.505,2026-04-13T19:55:01Z
REFI,11.59,2026-04-13T19:59:38Z
REG,78.325,2026-04-13T19:59:42Z
REGL,89.95,2026-04-13T19:59:46Z
REGN,746.39,2026-04-13T19:59:52Z
REI,1.385,2026-04-13T19:59:49Z
REKR,0.834,2026-04-13T19:59:46Z
RELL,13.73,2026-04-13T19:59:05Z
RELX,34.25,2026-04-13T19:59:54Z
RELY,17.3,2026-04-13T19:59:59Z
REM,22.42,2026-04-13T19:58:29Z
REMG,33.19,2026-04-13T15:53:00Z
REMX,99.08,2026-04-13T19:59:49Z
RENT,5.81,2026-04-13T19:58:47Z
RENX,2.73,2026-04-13T19:58:00Z
REPL,1.695,2026-04-13T19:59:58Z
REPX,40.155,2026-04-13T19:58:57Z
RERE,4.7,2026-04-13T19:59:49Z
RES,6.76,2026-04-13T19:59:55Z
RESM,21.54,2026-04-13T17:41:06Z
RETL,8.13,2026-04-13T19:54:40Z
RETO,0.6381,2026-04-13T13:47:20Z
REVB,1.19,2026-04-13T17:29:00Z
REW,10.56,2026-04-13T18:10:42Z
REX,42.99,2026-04-13T19:58:36Z
REXR,34.66,2026-04-13T19:59:59Z
REYN,21.83,2026-04-13T19:59:55Z
REZ,86.77,2026-04-13T14:45:57Z
REZI,38.23,2026-04-13T19:59:58Z
RF,27.84,2026-04-13T19:59:59Z
RF-C,24.46,2026-04-13T19:34:01Z
RF-F,25.42,2026-04-13T15:47:45Z
RFI,11.41,2026-04-13T18:14:49Z
RFIL,12.32,2026-04-13T19:59:15Z
RFIX,39.19,2026-04-13T19:56:38Z
RFL,1.215,2026-04-13T19:54:40Z
RFLR,29.83,2026-04-13T14:50:31Z
RFMZ,13.005,2026-04-13T18:02:42Z
RGA,205.97,2026-04-13T19:55:18Z
RGC,31.97,2026-04-13T19:39:04Z
RGEN,122.595,2026-04-13T19:59:53Z
RGLD,264.42,2026-04-13T19:55:59Z
RGLO,30.37,2026-04-13T17:44:24Z
RGNT,3.11,2026-04-13T15:26:37Z
RGNX,9.02,2026-04-13T19:59:58Z
RGP,3.77,2026-04-13T19:59:54Z
RGR,41.35,2026-04-13T19:50:17Z
RGT,14.24,2026-04-13T16:58:59Z
RGTI,15.115,2026-04-13T19:59:59Z
RGTX,16.74,2026-04-13T19:56:43Z
RGTZ,22.205,2026-04-13T19:59:50Z
RH,126.2,2026-04-13T19:59:51Z
RHI,25.83,2026-04-13T19:59:59Z
RHLD,159.45,2026-04-13T19:57:27Z
RHP,101.62,2026-04-13T19:59:24Z
RICK,24.535,2026-04-13T19:59:39Z
RIET,9.4,2026-04-13T19:54:22Z
RIG,6.635,2026-04-13T19:59:52Z
RIGL,29.935,2026-04-13T19:59:52Z
RILY,7.65,2026-04-13T19:59:50Z
RILYN,24.48,2026-04-13T18:02:18Z
RILYP,12.06,2026-04-13T16:30:39Z
RILYT,18.45,2026-04-13T18:46:24Z
RILYZ,16.6,2026-04-13T19:51:04Z
RIME,1.085,2026-04-13T19:59:45Z
RING,85.55,2026-04-13T19:52:29Z
RINT,30.63,2026-04-13T14:49:01Z
RIO,99.22,2026-04-13T19:59:49Z
RIOT,17.35,2026-04-13T19:59:59Z
RIOX,27.98,2026-04-13T16:50:29Z
RITM,10.08,2026-04-13T19:59:53Z
RITM-A,25.45,2026-04-13T19:56:34Z
RITM-B,24.94,2026-04-13T19:53:25Z
RITM-C,24.27,2026-04-13T13:34:44Z
RITM-D,24.8,2026-04-13T16:36:26Z
RITM-E,24.65,2026-04-13T19:33:35Z
RITM-F,24.87,2026-04-13T19:52:02Z
RITR,0.463,2026-04-13T19:57:17Z
RIV,11.52,2026-04-13T15:51:38Z
RIVN,15.88,2026-04-13T19:59:58Z
RJDI,27.94,2026-04-13T19:23:08Z
RJET,19.61,2026-04-13T19:54:23Z
RJF,150.46,2026-04-13T19:59:56Z
RJVI,25.12,2026-04-13T19:56:10Z
RKDA,1.32,2026-04-13T18:11:35Z
RKLB,70.62,2026-04-13T19:59:48Z
RKLX,30.57,2026-04-13T19:59:59Z
RKLZ,19.16,2026-04-13T19:59:59Z
RKNG,21.725,2026-04-13T19:00:15Z
RKT,15.33,2026-04-13T19:59:55Z
RKTL,13.83,2026-04-13T14:14:16Z
RL,376.97,2026-04-13T19:59:50Z
RLAY,15.275,2026-04-13T19:59:56Z
RLGT,7.89,2026-04-13T19:59:45Z
RLI,58.75,2026-04-13T19:59:28Z
RLJ,8.04,2026-04-13T19:59:57Z
RLMD,7.365,2026-04-13T19:59:54Z
RLTY,15.25,2026-04-13T18:02:03Z
RLX,2.18,2026-04-13T19:59:30Z
RLY,36.6,2026-04-13T16:40:06Z
RLYB,8.32,2026-04-13T19:46:22Z
RM,37.795,2026-04-13T19:58:27Z
RMAX,5.75,2026-04-13T19:58:52Z
RMBI,13.97,2026-04-13T19:41:17Z
RMBS,113.11,2026-04-13T19:59:42Z
RMCF,2.2,2026-04-13T16:02:16Z
RMD,230.34,2026-04-13T19:59:55Z
RMIX,13.035,2026-04-13T19:59:51Z
RMM,14.45,2026-04-13T15:01:29Z
RMNI,3.41,2026-04-13T19:59:23Z
RMOP,25.205,2026-04-13T19:59:46Z
RMR,16.36,2026-04-13T19:59:34Z
RMSG,2.73,2026-04-13T19:55:17Z
RMT,12.64,2026-04-13T19:56:08Z
RNA,13.31,2026-04-13T19:59:45Z
RNAC,5.99,2026-04-13T19:52:47Z
RNAZ,8.25,2026-04-13T18:58:17Z
RNG,36.955,2026-04-13T19:59:49Z
RNGR,16.98,2026-04-13T19:59:50Z
RNP,20.8,2026-04-13T19:57:08Z
RNR,307.805,2026-04-13T19:59:11Z
RNRG,38.59,2026-04-13T13:30:01Z
RNST,39.74,2026-04-13T19:59:59Z
RNTX,1.56,2026-04-13T19:59:49Z
RNTY,49.41,2026-04-13T16:55:29Z
RNW,4.835,2026-04-13T19:59:57Z
RNXT,1.015,2026-04-13T19:42:53Z
ROAD,115.87,2026-04-13T19:58:49Z
ROAM,32.91,2026-04-13T19:59:19Z
ROBN,18.17,2026-04-13T19:59:01Z
ROBT,48.09,2026-04-13T19:57:07Z
ROCK,41.5,2026-04-13T19:59:23Z
ROCY,51.39,2026-04-13T18:43:24Z
RODM,40.82,2026-04-13T16:23:36Z
ROE,37.58,2026-04-13T19:54:59Z
ROG,118.92,2026-04-13T19:58:56Z
ROIV,28.955,2026-04-13T19:59:57Z
ROK,407.78,2026-04-13T19:59:55Z
ROKU,103.32,2026-04-13T19:59:59Z
ROL,54.66,2026-04-13T19:59:57Z
ROLR,5.02,2026-04-13T19:55:45Z
ROM,93.8,2026-04-13T19:59:57Z
ROMA,5,2026-04-13T19:59:41Z
RONB,22.97,2026-04-13T19:59:50Z
ROOT,45.66,2026-04-13T19:59:34Z
ROP,356.24,2026-04-13T19:59:52Z
ROST,221,2026-04-13T19:59:50Z
RPAR,22.785,2026-04-13T19:58:30Z
RPAY,3.12,2026-04-13T19:59:57Z
RPC,7.39,2026-04-13T19:59:54Z
RPD,5.25,2026-04-13T19:59:58Z
RPG,51.93,2026-04-13T19:57:21Z
RPGL,0.541,2026-04-13T19:45:34Z
RPID,2.15,2026-04-13T18:40:05Z
RPM,109.4,2026-04-13T19:59:49Z
RPRX,48.445,2026-04-13T19:59:50Z
RPT,14.095,2026-04-13T19:58:52Z
RPV,108.43,2026-04-13T19:59:33Z
RQI,12.83,2026-04-13T18:45:58Z
RR,2.07,2026-04-13T19:59:52Z
RRBI,93.94,2026-04-13T19:56:00Z
RRC,41.91,2026-04-13T19:59:50Z
RRGB,3.33,2026-04-13T19:58:48Z
RRR,56.505,2026-04-13T19:59:47Z
RRX,210.095,2026-04-13T19:59:43Z
RS,324.52,2026-04-13T19:59:47Z
RSBA,20.84,2026-04-13T14:49:13Z
RSBT,19.16,2026-04-13T19:57:59Z
RSDE,22.43,2026-04-13T17:44:08Z
RSG,213.425,2026-04-13T19:59:59Z
RSHO,54.455,2026-04-13T15:13:57Z
RSI,21.41,2026-04-13T19:59:51Z
RSKD,4.19,2026-04-13T19:59:52Z
RSMV,27.21,2026-04-13T18:06:07Z
RSP,198.925,2026-04-13T19:59:56Z
RSPA,51.32,2026-04-13T16:55:31Z
RSPG,102.46,2026-04-13T19:45:01Z
RSPH,30.78,2026-04-13T18:48:32Z
RSPN,59.82,2026-04-13T16:02:27Z
RSPS,29.28,2026-04-13T19:57:35Z
RSPT,49.03,2026-04-13T19:59:24Z
RSPU,82.15,2026-04-13T15:29:19Z
RSSB,28.95,2026-04-13T19:59:47Z
RSSE,22,2026-04-13T17:31:23Z
RSSL,103.71,2026-04-13T19:58:47Z
RSSS,2.34,2026-04-13T19:51:14Z
RSST,30.09,2026-04-13T19:26:15Z
RSSX,25.34,2026-04-13T19:16:00Z
RSSY,23.3,2026-04-13T15:12:00Z
RSVR,10.09,2026-04-13T19:54:41Z
RTAC,10.28,2026-04-13T19:39:42Z
RTO,33.33,2026-04-13T19:59:40Z
RTX,201.45,2026-04-13T19:59:51Z
RTYY,12.63,2026-04-13T13:40:27Z
RUBI,3.74,2026-04-13T19:58:43Z
RUM,5.19,2026-04-13T19:59:55Z
RUN,12.755,2026-04-13T19:59:59Z
RUNN,33.27,2026-04-13T19:22:14Z
RUSC,33.95,2026-04-13T15:56:56Z
RUSHA,70.87,2026-04-13T19:59:08Z
RVER,28.45,2026-04-13T17:00:54Z
RVI,25.225,2026-04-13T19:59:47Z
RVLV,25.065,2026-04-13T19:59:41Z
RVMD,136.31,2026-04-13T19:59:59Z
RVMDW,4.37,2026-04-13T19:54:17Z
RVNU,24.83,2026-04-13T18:03:12Z
RVPH,0.8541,2026-04-13T19:59:42Z
RVSB,5.56,2026-04-13T19:58:49Z
RVT,17.89,2026-04-13T19:57:11Z
RVTY,92.53,2026-04-13T19:59:44Z
RWAY,6.55,2026-04-13T19:59:53Z
RWJ,52.46,2026-04-13T14:55:33Z
RWL,118.84,2026-04-13T19:34:45Z
RWM,15.19,2026-04-13T19:59:57Z
RWO,47.9,2026-04-13T16:33:26Z
RWR,105.88,2026-04-13T19:59:18Z
RWT,5.97,2026-04-13T19:59:46Z
RWTN,24.9,2026-04-13T19:05:12Z
RWTP,24.43,2026-04-13T19:06:27Z
RWTQ,23.89,2026-04-13T17:47:00Z
RWX,27.87,2026-04-13T15:49:40Z
RXD,10.01,2026-04-13T14:30:15Z
RXO,16.07,2026-04-13T19:59:53Z
RXRX,3.42,2026-04-13T19:59:57Z
RXST,7.04,2026-04-13T19:59:54Z
RXT,1.2,2026-04-13T19:59:56Z
RY,173.55,2026-04-13T19:59:58Z
RYAAY,62.17,2026-04-13T19:59:45Z
RYAM,9.93,2026-04-13T19:59:59Z
RYAN,35.875,2026-04-13T19:59:50Z
RYDE,1.45,2026-04-13T19:52:48Z
RYLD,15.28,2026-04-13T19:57:02Z
RYN,21.45,2026-04-13T19:59:53Z
RYTM,86.805,2026-04-13T19:59:51Z
RYZ,24.895,2026-04-13T19:57:34Z
RZC,25.28,2026-04-13T19:56:03Z
RZG,60.91,2026-04-13T16:47:36Z
RZLT,3.61,2026-04-13T19:59:52Z
RZLV,2.55,2026-04-13T19:59:43Z
S,12.78,2026-04-13T19:59:55Z
SA,31.34,2026-04-13T19:59:45Z
SAAQ,10.12,2026-04-13T18:42:50Z
SABA,8.33,2026-04-13T19:09:48Z
SABR,1.605,2026-04-13T19:59:50Z
SABS,3.895,2026-04-13T19:55:56Z
SACH,1.01,2026-04-13T17:45:15Z
SAFE,15.11,2026-04-13T19:59:42Z
SAFT,75.135,2026-04-13T19:41:09Z
SAFX,1.07,2026-04-13T19:59:50Z
SAGT,1.93,2026-04-13T19:59:31Z
SAH,67.82,2026-04-13T19:58:37Z
SAIA,396.56,2026-04-13T19:59:57Z
SAIC,94.99,2026-04-13T19:59:52Z
SAIH,10.3,2026-04-13T19:21:08Z
SAIL,11.24,2026-04-13T19:59:57Z
SAM,242.805,2026-04-13T19:59:50Z
SAMG,13.57,2026-04-13T19:50:01Z
SAMM,31.32,2026-04-13T13:58:21Z
SAMT,41.86,2026-04-13T19:59:50Z
SAN,12.325,2026-04-13T19:59:42Z
SANA,3.2,2026-04-13T19:59:57Z
SANM,153.36,2026-04-13T19:58:42Z
SAP,169.6,2026-04-13T19:59:53Z
SAR,22.39,2026-04-13T19:46:22Z
SARK,31,2026-04-13T19:55:37Z
SARO,27.845,2026-04-13T19:59:54Z
SATA,97.57,2026-04-13T19:44:47Z
SATG,18.86,2026-04-13T19:22:00Z
SATL,7.53,2026-04-13T19:59:59Z
SATLW,1.9,2026-04-13T17:51:33Z
SATS,125.61,2026-04-13T19:59:54Z
SAUG,26.59,2026-04-13T18:53:44Z
SB,6.55,2026-04-13T19:59:58Z
SBAC,220.25,2026-04-13T19:59:59Z
SBAR,25.25,2026-04-13T19:55:03Z
SBB,12.54,2026-04-13T19:12:46Z
SBC,4.29,2026-04-13T19:59:49Z
SBCF,32.275,2026-04-13T19:59:38Z
SBET,6.71,2026-04-13T19:59:53Z
SBEV,0.4079,2026-04-13T19:59:40Z
SBFM,0.9901,2026-04-13T13:36:45Z
SBGI,14.51,2026-04-13T19:59:49Z
SBH,14.13,2026-04-13T19:59:59Z
SBI,7.82,2026-04-13T14:39:37Z
SBIO,54.37,2026-04-13T15:26:07Z
SBIT,48.07,2026-04-13T19:59:47Z
SBLK,24.73,2026-04-13T19:59:42Z
SBLX,2.33,2026-04-13T19:59:47Z
SBND,18.845,2026-04-13T19:08:06Z
SBR,75.23,2026-04-13T19:59:24Z
SBRA,20.23,2026-04-13T19:59:57Z
SBS,33.7,2026-04-13T19:59:54Z
SBSI,32.96,2026-04-13T19:55:39Z
SBSW,13.07,2026-04-13T19:59:56Z
SBTU,3.31,2026-04-13T19:30:15Z
SBUX,97.465,2026-04-13T19:59:57Z
SCAG,1.175,2026-04-13T18:52:59Z
SCAP,36.2,2026-04-13T15:52:50Z
SCC,15.72,2026-04-13T18:57:28Z
SCCD,24.55,2026-04-13T16:00:20Z
SCCE,24,2026-04-13T19:55:41Z
SCCO,196.43,2026-04-13T19:59:51Z
SCCR,25.705,2026-04-13T18:45:18Z
SCD,15.29,2026-04-13T19:52:11Z
SCE-M,24.8,2026-04-13T19:42:15Z
SCE-N,23.84,2026-04-13T17:52:58Z
SCEC,25.145,2026-04-13T19:54:54Z
SCEP,24.32,2026-04-13T18:32:34Z
SCHA,31.2,2026-04-13T19:59:43Z
SCHB,26.51,2026-04-13T19:59:44Z
SCHC,49.575,2026-04-13T19:59:24Z
SCHD,30.735,2026-04-13T19:59:50Z
SCHE,34.825,2026-04-13T19:59:45Z
SCHF,26.33,2026-04-13T19:59:49Z
SCHG,30.94,2026-04-13T19:59:45Z
SCHH,22.65,2026-04-13T19:59:06Z
SCHI,22.79,2026-04-13T19:59:54Z
SCHJ,24.72,2026-04-13T16:14:07Z
SCHK,32.96,2026-04-13T19:41:35Z
SCHL,39.56,2026-04-13T19:59:59Z
SCHM,32.89,2026-04-13T19:54:43Z
SCHO,24.24,2026-04-13T19:59:55Z
SCHP,26.795,2026-04-13T19:59:36Z
SCHQ,31.465,2026-04-13T19:59:52Z
SCHR,24.905,2026-04-13T19:58:10Z
SCHV,31.63,2026-04-13T19:50:01Z
SCHW,96.785,2026-04-13T19:59:58Z
SCHW-D,24.6,2026-04-13T16:28:13Z
SCHW-J,18.08,2026-04-13T19:19:11Z
SCHX,27.03,2026-04-13T19:59:46Z
SCHY,32.845,2026-04-13T19:59:55Z
SCHZ,23.275,2026-04-13T19:53:22Z
SCI,82.23,2026-04-13T19:59:34Z
SCIO,20.74,2026-04-13T19:59:50Z
SCJ,101.95,2026-04-13T19:50:45Z
SCL,52.31,2026-04-13T19:58:46Z
SCLX,5.92,2026-04-13T16:41:22Z
SCM,9.385,2026-04-13T19:56:21Z
SCMB,25.695,2026-04-13T19:59:46Z
SCMC,25.05,2026-04-13T16:53:49Z
SCNX,0.351,2026-04-13T19:57:54Z
SCO,7.645,2026-04-13T19:59:59Z
SCOR,7.3,2026-04-13T19:59:51Z
SCSC,39.17,2026-04-13T19:59:09Z
SCUS,25.18,2026-04-13T19:59:45Z
SCVL,17.525,2026-04-13T19:59:34Z
SCWO,3.2,2026-04-13T19:59:55Z
SCYB,26.25,2026-04-13T19:59:50Z
SCYX,1.01,2026-04-13T19:59:42Z
SCZ,83.18,2026-04-13T19:59:51Z
SCZM,8.58,2026-04-13T19:46:17Z
SD,15.47,2026-04-13T19:59:09Z
SDA,1.66,2026-04-13T19:57:33Z
SDCI,27.61,2026-04-13T17:40:42Z
SDEM,33.77,2026-04-13T18:32:49Z
SDEV,1.62,2026-04-13T19:56:02Z
SDGR,11.45,2026-04-13T19:59:50Z
SDHC,14.18,2026-04-13T19:58:31Z
SDHY,16.035,2026-04-13T19:31:54Z
SDIV,26.09,2026-04-13T19:59:45Z
SDOW,31.165,2026-04-13T19:59:15Z
SDRL,48.21,2026-04-13T19:59:49Z
SDS,67.63,2026-04-13T19:59:57Z
SDSI,51.34,2026-04-13T19:31:24Z
SDST,2.75,2026-04-13T19:54:19Z
SDTY,41.05,2026-04-13T19:40:03Z
SDVD,22.85,2026-04-13T19:59:59Z
SDVY,41.67,2026-04-13T19:58:36Z
SDY,147.41,2026-04-13T19:59:11Z
SE,86.375,2026-04-13T19:59:48Z
SEAT,6.59,2026-04-13T19:59:53Z
SEB,5794.79,2026-04-13T19:59:56Z
SECT,63.78,2026-04-13T19:42:09Z
SECU,49.62,2026-04-13T16:29:43Z
SEDG,43.21,2026-04-13T19:59:50Z
SEEM,35.385,2026-04-13T19:54:35Z
SEER,1.92,2026-04-13T19:59:50Z
SEG,22.14,2026-04-13T19:59:17Z
SEGG,0.55,2026-04-13T19:55:46Z
SEI,61.77,2026-04-13T19:59:54Z
SEIC,78.835,2026-04-13T19:59:54Z
SEIE,34.6,2026-04-13T19:59:59Z
SEIM,48.92,2026-04-13T18:22:58Z
SEIQ,37.22,2026-04-13T16:35:55Z
SEIS,29.51,2026-04-13T19:25:57Z
SEIV,42.82,2026-04-13T19:59:50Z
SEIX,23.14,2026-04-13T19:55:58Z
SELF,5.28,2026-04-13T18:24:12Z
SELX,0.3897,2026-04-13T19:34:12Z
SEM,16.385,2026-04-13T19:59:54Z
SEMG,24.96,2026-04-13T17:05:22Z
SEMR,11.95,2026-04-13T19:59:56Z
SEMY,16.82,2026-04-13T19:56:43Z
SENEA,165.045,2026-04-13T19:51:55Z
SENS,6.72,2026-04-13T19:58:20Z
SEPI,26.16,2026-04-13T19:45:00Z
SEPN,23.3,2026-04-13T19:59:20Z
SEPU,28.76,2026-04-13T14:34:42Z
SEPZ,42.35,2026-04-13T19:59:46Z
SER,1.95,2026-04-13T19:59:57Z
SERA,2.2,2026-04-13T19:59:51Z
SERV,8.49,2026-04-13T19:59:59Z
SES,1.02,2026-04-13T19:58:20Z
SETH,45.75,2026-04-13T13:48:16Z
SETM,36.3,2026-04-13T19:59:50Z
SEV,3.05,2026-04-13T19:58:52Z
SEVN,8.34,2026-04-13T19:42:14Z
SEZL,61.29,2026-04-13T19:59:54Z
SF,79.58,2026-04-13T19:59:56Z
SFBS,78.82,2026-04-13T19:59:53Z
SFD,28.72,2026-04-13T19:59:52Z
SFGV,33.95,2026-04-13T19:22:25Z
SFIX,3.25,2026-04-13T19:59:48Z
SFL,10.86,2026-04-13T19:59:57Z
SFLO,30.77,2026-04-13T19:34:43Z
SFLR,36.3,2026-04-13T19:35:12Z
SFM,76.065,2026-04-13T19:59:35Z
SFNC,20.62,2026-04-13T19:59:59Z
SFST,58.64,2026-04-13T19:54:06Z
SFTX,28.43,2026-04-13T18:26:47Z
SFTY,28.285,2026-04-13T17:54:41Z
SFY,131.81,2026-04-13T16:06:29Z
SG,5.735,2026-04-13T19:59:55Z
SGC,10.66,2026-04-13T18:06:57Z
SGDM,82.24,2026-04-13T19:56:01Z
SGHC,10.825,2026-04-13T19:59:51Z
SGHT,3.685,2026-04-13T19:59:54Z
SGI,79.88,2026-04-13T19:59:57Z
SGLC,39.565,2026-04-13T19:59:46Z
SGLY,0.4295,2026-04-13T14:22:32Z
SGML,17.38,2026-04-13T19:59:57Z
SGMO,0.26,2026-04-13T19:55:03Z
SGMT,5.42,2026-04-13T19:59:51Z
SGOL,45.16,2026-04-13T19:59:59Z
SGOV,100.505,2026-04-13T19:59:42Z
SGP,23.8,2026-04-13T19:59:22Z
SGRP,0.5225,2026-04-13T19:50:03Z
SGRT,31,2026-04-13T19:59:46Z
SGRY,13.09,2026-04-13T19:59:53Z
SGU,12.47,2026-04-13T18:23:14Z
SGVT,100.6,2026-04-13T18:21:55Z
SH,35.985,2026-04-13T19:59:48Z
SHAK,100.66,2026-04-13T19:59:55Z
SHAZ,32.725,2026-04-13T19:58:00Z
SHBI,19.375,2026-04-13T19:57:13Z
SHC,15.7,2026-04-13T19:59:56Z
SHEL,92.605,2026-04-13T19:59:54Z
SHEN,15.205,2026-04-13T19:57:15Z
SHFS,0.713,2026-04-13T17:32:46Z
SHG,67.97,2026-04-13T19:59:46Z
SHIM,3.9,2026-04-13T19:59:29Z
SHIP,14.575,2026-04-13T19:59:27Z
SHLD,74.53,2026-04-13T19:59:38Z
SHLS,6.66,2026-04-13T19:59:56Z
SHM,47.965,2026-04-13T19:50:47Z
SHMD,5.89,2026-04-13T19:59:15Z
SHMDW,1.54,2026-04-13T18:52:43Z
SHNY,14.26,2026-04-13T19:59:02Z
SHO,9.57,2026-04-13T19:59:55Z
SHOC,83.94,2026-04-13T19:00:55Z
SHOO,37.62,2026-04-13T19:59:58Z
SHOP,114.975,2026-04-13T19:59:54Z
SHPH,0.71,2026-04-13T19:57:41Z
SHPU,12.8,2026-04-13T19:55:00Z
SHV,110.2,2026-04-13T19:57:00Z
SHW,334.24,2026-04-13T19:59:49Z
SHY,82.465,2026-04-13T19:59:54Z
SHYD,22.7,2026-04-13T19:56:08Z
SHYG,42.515,2026-04-13T19:59:58Z
SHYL,44.56,2026-04-13T17:23:35Z
SHYM,22.17,2026-04-13T19:59:00Z
SI,14.785,2026-04-13T18:51:37Z
SIBN,13.98,2026-04-13T19:59:33Z
SID,1.315,2026-04-13T19:59:52Z
SIDU,4.94,2026-04-13T19:59:58Z
SIEB,1.705,2026-04-13T18:42:20Z
SIF,15.19,2026-04-13T19:59:44Z
SIFY,12.89,2026-04-13T19:58:05Z
SIG,92.9,2026-04-13T19:59:54Z
SIGA,4.46,2026-04-13T19:59:50Z
SIGI,81.7,2026-04-13T19:59:19Z
SII,147.02,2026-04-13T19:56:35Z
SIJ,9.21,2026-04-13T15:00:32Z
SIL,97.23,2026-04-13T19:59:59Z
SILA,24.84,2026-04-13T19:59:57Z
SILJ,31.65,2026-04-13T19:59:59Z
SILO,0.4101,2026-04-13T19:49:16Z
SIMA,10.72,2026-04-13T14:38:00Z
SIMO,126.09,2026-04-13T19:59:29Z
SINT,2.89,2026-04-13T19:48:27Z
SION,41.715,2026-04-13T19:59:14Z
SIRI,23.89,2026-04-13T19:59:55Z
SITC,5.25,2026-04-13T19:59:54Z
SITE,137.81,2026-04-13T19:59:53Z
SITM,447.365,2026-04-13T19:59:42Z
SIVR,71.73,2026-04-13T19:59:47Z
SIXG,75.45,2026-04-13T19:59:47Z
SIXP,32.23,2026-04-13T19:51:59Z
SIZE,164.06,2026-04-13T13:56:12Z
SJB,15.33,2026-04-13T18:38:52Z
SJLD,25.26,2026-04-13T15:50:56Z
SJM,89.5,2026-04-13T19:59:53Z
SJNK,25.105,2026-04-13T19:58:31Z
SJT,4.68,2026-04-13T19:59:44Z
SKBL,3.3,2026-04-13T19:05:56Z
SKE,33.06,2026-04-13T19:59:53Z
SKF,29.15,2026-04-13T14:24:45Z
SKIL,5.38,2026-04-13T19:59:30Z
SKIN,0.944,2026-04-13T19:59:55Z
SKLZ,2.55,2026-04-13T19:50:02Z
SKM,36.1,2026-04-13T19:59:52Z
SKOR,48.725,2026-04-13T19:03:38Z
SKRE,7.67,2026-04-13T18:00:38Z
SKT,36.405,2026-04-13T19:59:46Z
SKWD,46.065,2026-04-13T19:59:50Z
SKY,79.66,2026-04-13T19:58:50Z
SKYE,0.7179,2026-04-13T19:54:57Z
SKYH,10.84,2026-04-13T19:59:44Z
SKYH+,1.02,2026-04-13T17:34:24Z
SKYQ,11.72,2026-04-13T19:59:30Z
SKYT,29.085,2026-04-13T19:58:18Z
SKYU,24.52,2026-04-13T16:22:35Z
SKYW,94.89,2026-04-13T19:59:53Z
SKYX,1.145,2026-04-13T19:59:49Z
SKYY,109.41,2026-04-13T19:59:59Z
SLAB,211.295,2026-04-13T19:59:43Z
SLB,51.9,2026-04-13T19:59:58Z
SLDB,8.39,2026-04-13T19:59:58Z
SLDE,18.04,2026-04-13T19:59:59Z
SLDP,2.99,2026-04-13T19:59:56Z
SLF,66.25,2026-04-13T19:59:22Z
SLG,39.07,2026-04-13T19:59:53Z
SLGB,0.9418,2026-04-13T19:59:52Z
SLGL,74.95,2026-04-13T17:47:54Z
SLGN,41.875,2026-04-13T19:59:13Z
SLI,3.53,2026-04-13T19:59:54Z
SLM,21.95,2026-04-13T19:59:55Z
SLMT,0.8288,2026-04-13T19:59:14Z
SLN,6.01,2026-04-13T19:59:54Z
SLND,1.1,2026-04-13T19:59:56Z
SLNH,0.9399,2026-04-13T19:59:48Z
SLNO,52.64,2026-04-13T19:59:50Z
SLON,5.03,2026-04-13T18:11:06Z
SLP,12.935,2026-04-13T19:59:46Z
SLQD,50.5,2026-04-13T19:54:15Z
SLQT,0.6905,2026-04-13T19:59:48Z
SLRC,15.405,2026-04-13T19:59:54Z
SLS,4.76,2026-04-13T19:59:51Z
SLSN,1.15,2026-04-13T19:46:21Z
SLSR,10.14,2026-04-13T19:55:51Z
SLTY,28.34,2026-04-13T17:06:48Z
SLV,68.28,2026-04-13T19:59:54Z
SLVM,42.765,2026-04-13T19:58:30Z
SLVO,90.02,2026-04-13T18:16:46Z
SLVP,38.48,2026-04-13T19:53:25Z
SLVR,60.86,2026-04-13T19:02:08Z
SLVX,19.33,2026-04-13T19:06:03Z
SLX,99.315,2026-04-13T19:55:21Z
SLYG,103.555,2026-04-13T19:58:44Z
SLYV,99.335,2026-04-13T19:59:54Z
SM,28.84,2026-04-13T19:59:59Z
SMA,31.72,2026-04-13T19:59:37Z
SMAY,26.85,2026-04-13T15:46:42Z
SMB,17.295,2026-04-13T19:52:52Z
SMBC,66.36,2026-04-13T17:46:15Z
SMBK,42.17,2026-04-13T18:20:00Z
SMBS,25.63,2026-04-13T19:14:38Z
SMC,28.605,2026-04-13T19:57:50Z
SMCI,25.98,2026-04-13T19:59:59Z
SMCL,2.18,2026-04-13T19:59:46Z
SMCX,10.815,2026-04-13T19:59:59Z
SMCY,5.8,2026-04-13T19:59:50Z
SMCZ,33.76,2026-04-13T16:20:04Z
SMDD,9.67,2026-04-13T19:52:00Z
SMDV,71.99,2026-04-13T17:14:11Z
SMFG,21.41,2026-04-13T19:59:49Z
SMG,61.92,2026-04-13T19:59:45Z
SMH,443.46,2026-04-13T19:59:57Z
SMHB,3.77,2026-04-13T19:58:40Z
SMHI,7.825,2026-04-13T19:59:41Z
SMHX,43.23,2026-04-13T19:59:51Z
SMIG,30.415,2026-04-13T19:58:46Z
SMIN,65.04,2026-04-13T19:01:00Z
SMJF,3.42,2026-04-13T19:55:58Z
SMLF,79.39,2026-04-13T19:18:06Z
SMMD,81.72,2026-04-13T19:59:59Z
SMMT,20.01,2026-04-13T19:59:58Z
SMMU,50.48,2026-04-13T19:59:51Z
SMN,9.9,2026-04-13T15:10:45Z
SMOM,25.77,2026-04-13T15:43:00Z
SMOT,35.98,2026-04-13T16:06:53Z
SMP,37.69,2026-04-13T19:59:59Z
SMPL,11.11,2026-04-13T19:59:56Z
SMR,9.59,2026-04-13T19:59:59Z
SMRT,1.435,2026-04-13T19:59:57Z
SMSI,0.6936,2026-04-13T18:24:45Z
SMST,58.16,2026-04-13T18:45:42Z
SMTC,91.85,2026-04-13T19:59:43Z
SMTH,25.935,2026-04-13T19:59:47Z
SMTI,17.535,2026-04-13T19:20:57Z
SMTK,0.315,2026-04-13T13:52:57Z
SMU,10.55,2026-04-13T19:48:32Z
SMUP,7.09,2026-04-13T14:17:55Z
SMWB,2.405,2026-04-13T19:59:59Z
SMX,6.035,2026-04-13T16:54:50Z
SN,115.41,2026-04-13T19:59:51Z
SNA,381.4,2026-04-13T19:59:33Z
SNAG,5.76,2026-04-13T16:49:49Z
SNAL,0.3785,2026-04-13T19:07:55Z
SNAP,5.14,2026-04-13T19:59:58Z
SNBR,1.71,2026-04-13T19:59:50Z
SNCY,17.28,2026-04-13T19:59:45Z
SND,5.03,2026-04-13T19:59:32Z
SNDA,33.18,2026-04-13T19:59:54Z
SNDK,952.38,2026-04-13T19:59:48Z
SNDL,1.375,2026-04-13T19:59:53Z
SNDR,28.035,2026-04-13T19:59:47Z
SNDU,46.955,2026-04-13T19:06:05Z
SNDX,24.23,2026-04-13T19:59:54Z
SNES,1.57,2026-04-13T19:59:52Z
SNEX,99.28,2026-04-13T19:59:35Z
SNFCA,9.63,2026-04-13T19:58:10Z
SNGX,1.16,2026-04-13T19:58:45Z
SNN,33.99,2026-04-13T19:59:59Z
SNOU,13.46,2026-04-13T19:58:57Z
SNOW,134.29,2026-04-13T19:59:59Z
SNOY,6.95,2026-04-13T19:59:54Z
SNPE,62.68,2026-04-13T19:56:06Z
SNPS,417.64,2026-04-13T19:59:55Z
SNPX,23.78,2026-04-13T14:59:33Z
SNSE,30.39,2026-04-13T18:38:57Z
SNT,3,2026-04-13T15:52:19Z
SNTH,27.16,2026-04-13T17:56:43Z
SNTI,0.91,2026-04-13T17:04:25Z
SNWV,17.2,2026-04-13T19:58:37Z
SNX,206.72,2026-04-13T19:59:43Z
SNXX,78.89,2026-04-13T19:56:08Z
SNY,46.95,2026-04-13T19:59:42Z
SNYR,0.5925,2026-04-13T18:41:51Z
SO,95.95,2026-04-13T19:59:51Z
SOAR,0.2595,2026-04-13T19:59:15Z
SOBO,33.11,2026-04-13T19:59:50Z
SOC,12.97,2026-04-13T19:59:56Z
SOEZ,14.38,2026-04-13T18:23:10Z
SOFA,14.6,2026-04-13T14:47:11Z
SOFI,17.06,2026-04-13T19:59:56Z
SOFX,10.61,2026-04-13T19:59:22Z
SOGP,15.28,2026-04-13T19:21:47Z
SOHU,14.71,2026-04-13T19:56:01Z
SOJC,21.45,2026-04-13T14:05:36Z
SOJD,20.16,2026-04-13T19:58:01Z
SOLC,16.32,2026-04-13T18:24:29Z
SOLS,82.01,2026-04-13T19:59:33Z
SOLT,46.735,2026-04-13T19:59:36Z
SOLV,67.39,2026-04-13T19:59:42Z
SOLZ,8.51,2026-04-13T19:59:54Z
SOMN,51.52,2026-04-13T17:02:52Z
SON,54.94,2026-04-13T19:59:50Z
SONM,3.125,2026-04-13T19:58:26Z
SONO,13.31,2026-04-13T19:59:59Z
SONY,21.04,2026-04-13T19:59:59Z
SOPA,0.3783,2026-04-13T19:33:48Z
SOPH,4.85,2026-04-13T19:57:11Z
SOS,1.105,2026-04-13T19:58:27Z
SOTK,4.03,2026-04-13T19:57:33Z
SOUN,6.85,2026-04-13T19:59:57Z
SOUNW,2.2,2026-04-13T19:55:39Z
SOUX,15.23,2026-04-13T18:21:49Z
SOWG,0.405,2026-04-13T16:53:13Z
SOXL,80.57,2026-04-13T19:59:57Z
SOXQ,71.14,2026-04-13T19:59:46Z
SOXS,22.405,2026-04-13T19:59:59Z
SOXX,393.23,2026-04-13T19:59:58Z
SOXY,71.21,2026-04-13T15:13:32Z
SOYB,24.27,2026-04-13T19:59:51Z
SPAB,25.665,2026-04-13T19:59:45Z
SPAI,4.15,2026-04-13T19:58:18Z
SPB,78.895,2026-04-13T19:59:58Z
SPBC,43.48,2026-04-13T13:34:06Z
SPBO,29.16,2026-04-13T19:59:58Z
SPBU,28.09,2026-04-13T19:18:30Z
SPCB,8.5,2026-04-13T18:26:16Z
SPCE,2.99,2026-04-13T19:59:54Z
SPCI,34.46,2026-04-13T15:31:41Z
SPDN,9.435,2026-04-13T19:59:44Z
SPDV,36.91,2026-04-13T15:44:17Z
SPDW,48.515,2026-04-13T19:59:51Z
SPE,14.05,2026-04-13T17:16:26Z
SPEM,49.68,2026-04-13T19:59:33Z
SPEU,54.34,2026-04-13T18:27:55Z
SPFI,43.96,2026-04-13T16:31:15Z
SPG,200.75,2026-04-13T19:59:51Z
SPGI,430.095,2026-04-13T19:59:51Z
SPGM,80.06,2026-04-13T19:59:52Z
SPGP,113.06,2026-04-13T16:59:43Z
SPH,19.49,2026-04-13T17:41:19Z
SPHB,124.68,2026-04-13T19:50:02Z
SPHD,49.435,2026-04-13T19:59:53Z
SPHL,2.46,2026-04-13T19:52:12Z
SPHQ,79.23,2026-04-13T19:58:49Z
SPHR,128.83,2026-04-13T19:59:56Z
SPHY,23.505,2026-04-13T19:59:55Z
SPIB,33.62,2026-04-13T19:59:58Z
SPIN,31.59,2026-04-13T18:44:50Z
SPIP,26.105,2026-04-13T16:41:51Z
SPIR,23.13,2026-04-13T19:59:55Z
SPLB,22.44,2026-04-13T19:59:36Z
SPLV,74.16,2026-04-13T19:59:53Z
SPMB,22.46,2026-04-13T19:59:54Z
SPMC,10.1,2026-04-13T19:09:51Z
SPMD,62.425,2026-04-13T19:59:11Z
SPMO,124.61,2026-04-13T19:59:50Z
SPNT,22.665,2026-04-13T19:59:56Z
SPOG,8.18,2026-04-13T19:59:45Z
SPOK,11.03,2026-04-13T19:56:34Z
SPOT,504.09,2026-04-13T19:59:54Z
SPPP,16.38,2026-04-13T19:59:52Z
SPRB,67.78,2026-04-13T18:57:09Z
SPRC,3.06,2026-04-13T13:31:44Z
SPRE,20.59,2026-04-13T18:35:41Z
SPRO,2.795,2026-04-13T19:59:52Z
SPRX,42.19,2026-04-13T19:59:57Z
SPRY,8,2026-04-13T19:59:57Z
SPSB,30.075,2026-04-13T19:59:27Z
SPSC,53.055,2026-04-13T19:59:16Z
SPSK,18.08,2026-04-13T19:59:50Z
SPSM,51.28,2026-04-13T19:59:59Z
SPT,5.295,2026-04-13T19:59:59Z
SPTE,37.64,2026-04-13T17:14:20Z
SPTI,28.655,2026-04-13T19:59:52Z
SPTL,26.33,2026-04-13T19:59:21Z
SPTM,83.46,2026-04-13T19:59:57Z
SPTS,29.135,2026-04-13T19:56:00Z
SPUS,50.9,2026-04-13T19:54:24Z
SPUU,180.11,2026-04-13T16:06:28Z
SPWH,1.47,2026-04-13T19:59:54Z
SPWO,30.265,2026-04-13T18:52:38Z
SPWR,1.205,2026-04-13T19:59:54Z
SPXC,221.14,2026-04-13T19:59:54Z
SPXL,216,2026-04-13T19:59:46Z
SPXS,34.46,2026-04-13T19:59:59Z
SPXU,48.26,2026-04-13T19:59:50Z
SPXX,17.21,2026-04-13T19:59:35Z
SPY,686,2026-04-13T19:59:59Z
SPYC,41.36,2026-04-13T16:55:26Z
SPYD,45.73,2026-04-13T19:55:12Z
SPYG,105.76,2026-04-13T19:59:51Z
SPYH,53.96,2026-04-13T14:02:06Z
SPYI,51.47,2026-04-13T19:59:50Z
SPYM,80.77,2026-04-13T19:59:57Z
SPYT,16.81,2026-04-13T19:59:12Z
SPYU,25.46,2026-04-13T19:59:49Z
SPYV,58.15,2026-04-13T19:59:44Z
SPYX,55.67,2026-04-13T16:42:15Z
SQFT,3.21,2026-04-13T19:54:36Z
SQFTP,8.9,2026-04-13T18:12:29Z
SQM,87.77,2026-04-13T19:59:44Z
SQMX,33.69,2026-04-13T17:49:41Z
SQNS,2.54,2026-04-13T19:14:55Z
SQQQ,65.575,2026-04-13T19:59:59Z
SR,92.34,2026-04-13T19:59:53Z
SRAD,16.15,2026-04-13T19:59:22Z
SRBK,17.625,2026-04-13T19:59:10Z
SRCE,74.01,2026-04-13T19:36:17Z
SRE,96.23,2026-04-13T19:59:59Z
SREA,21.64,2026-04-13T18:11:11Z
SRET,22.005,2026-04-13T17:54:13Z
SRFM,1.195,2026-04-13T19:59:53Z
SRG,2.64,2026-04-13T19:59:46Z
SRI,5.71,2026-04-13T19:59:42Z
SRLN,40.19,2026-04-13T19:59:59Z
SRPT,21.775,2026-04-13T19:59:37Z
SRRK,49.515,2026-04-13T19:59:54Z
SRTA,4.12,2026-04-13T19:59:42Z
SRTS,4.475,2026-04-13T19:59:50Z
SRTY,32.425,2026-04-13T19:59:59Z
SRV,45.2,2026-04-13T18:03:10Z
SRVR,33.89,2026-04-13T19:52:48Z
SRXH,0.1325,2026-04-13T19:59:04Z
SRZN,30,2026-04-13T19:59:18Z
SSB,97.83,2026-04-13T19:59:57Z
SSD,179.79,2026-04-13T19:58:59Z
SSG,22.43,2026-04-13T19:59:59Z
SSL,12.99,2026-04-13T19:59:56Z
SSNC,69.19,2026-04-13T19:59:49Z
SSO,57.605,2026-04-13T19:59:58Z
SSP,4.28,2026-04-13T19:59:51Z
SSRM,32.05,2026-04-13T19:59:57Z
SSSS,12.65,2026-04-13T19:59:19Z
SST,2.33,2026-04-13T19:59:57Z
SSTI,6.425,2026-04-13T19:57:51Z
SSTK,17.52,2026-04-13T19:59:14Z
SSYS,8.54,2026-04-13T19:59:52Z
ST,39,2026-04-13T19:59:54Z
STAA,26.85,2026-04-13T19:59:51Z
STAG,38.08,2026-04-13T19:59:48Z
STAK,1.1,2026-04-13T18:35:26Z
STBA,43.88,2026-04-13T19:59:52Z
STC,64.85,2026-04-13T19:58:47Z
STCE,60.665,2026-04-13T19:23:25Z
STE,224.64,2026-04-13T19:59:27Z
STEL,37.67,2026-04-13T19:59:50Z
STEM,9.185,2026-04-13T14:00:24Z
STEP,49.435,2026-04-13T19:59:55Z
STEW,17.7,2026-04-13T16:42:16Z
STEX,1.105,2026-04-13T19:59:45Z
STFS,4,2026-04-13T19:14:50Z
STGW,6.42,2026-04-13T19:59:57Z
STHO,8.27,2026-04-13T19:57:30Z
STIM,1.38,2026-04-13T19:59:33Z
STIP,103.605,2026-04-13T19:57:34Z
STK,42.785,2026-04-13T19:43:10Z
STKH,1.89,2026-04-13T19:59:46Z
STKL,6.485,2026-04-13T19:59:25Z
STKS,1.66,2026-04-13T19:47:13Z
STLA,7.98,2026-04-13T19:59:59Z
STLD,195.455,2026-04-13T19:59:48Z
STLR,18.44,2026-04-13T16:23:07Z
STM,40.335,2026-04-13T19:59:59Z
STN,88.26,2026-04-13T19:59:50Z
STNE,14.78,2026-04-13T19:59:59Z
STNG,76.45,2026-04-13T19:59:28Z
STOK,35.05,2026-04-13T19:59:50Z
STPZ,54.26,2026-04-13T19:54:03Z
STRA,79.11,2026-04-13T19:59:56Z
STRC,100,2026-04-13T19:59:55Z
STRD,75.63,2026-04-13T19:40:48Z
STRF,96.66,2026-04-13T18:41:01Z
STRK,74.18,2026-04-13T19:54:24Z
STRL,458.56,2026-04-13T19:59:53Z
STRO,26.08,2026-04-13T19:59:49Z
STRS,30.08,2026-04-13T14:27:14Z
STRV,43.81,2026-04-13T16:06:51Z
STRW,13.185,2026-04-13T19:59:44Z
STRZ,15.705,2026-04-13T19:59:24Z
STSS,1.725,2026-04-13T19:59:49Z
STT,141.59,2026-04-13T19:59:59Z
STT-G,22.09,2026-04-13T18:49:52Z
STTK,6.76,2026-04-13T19:59:53Z
STUB,6.535,2026-04-13T19:59:56Z
STVN,13.785,2026-04-13T19:59:51Z
STWD,17.83,2026-04-13T19:59:54Z
STX,513.305,2026-04-13T19:59:52Z
STXG,49.57,2026-04-13T16:20:04Z
STXK,35.15,2026-04-13T18:42:59Z
STXS,1.93,2026-04-13T19:59:56Z
STXT,19.94,2026-04-13T15:57:20Z
STZ,164.53,2026-04-13T19:59:49Z
SU,64.84,2026-04-13T19:59:58Z
SUB,106.59,2026-04-13T19:59:37Z
SUI,129.46,2026-04-13T19:59:49Z
SUIG,1.31,2026-04-13T19:59:27Z
SUN,65.71,2026-04-13T19:57:21Z
SUNB,69.08,2026-04-13T19:59:41Z
SUNC,62.01,2026-04-13T19:59:50Z
SUNE,1.61,2026-04-13T19:15:52Z
SUNS,7.725,2026-04-13T19:59:48Z
SUPN,49.895,2026-04-13T19:59:41Z
SUPV,9.72,2026-04-13T19:59:53Z
SUPX,7.47,2026-04-13T19:56:14Z
SURG,0.7022,2026-04-13T14:51:58Z
SUSA,138.15,2026-04-13T19:06:36Z
SUSB,25.075,2026-04-13T19:59:25Z
SUSC,23.24,2026-04-13T19:59:50Z
SUUN,0.6494,2026-04-13T19:58:35Z
SUZ,9.52,2026-04-13T19:59:59Z
SVAC,10.22,2026-04-13T19:56:31Z
SVACW,1.39,2026-04-13T15:13:56Z
SVAL,37.84,2026-04-13T16:45:02Z
SVC,1.33,2026-04-13T19:59:58Z
SVCO,7.41,2026-04-13T19:59:56Z
SVIX,18.58,2026-04-13T19:59:59Z
SVM,11.79,2026-04-13T19:59:54Z
SVOL,15.92,2026-04-13T19:36:22Z
SVRA,5.915,2026-04-13T19:59:59Z
SVRN,11.06,2026-04-13T14:54:51Z
SVV,8.21,2026-04-13T19:59:59Z
SVXY,49.88,2026-04-13T19:59:47Z
SW,42.115,2026-04-13T19:59:57Z
SWAG,1.635,2026-04-13T15:21:27Z
SWAN,31.92,2026-04-13T19:51:59Z
SWBI,14.63,2026-04-13T19:59:48Z
SWIM,5.77,2026-04-13T19:59:56Z
SWK,72.34,2026-04-13T19:59:53Z
SWKS,56.53,2026-04-13T19:59:55Z
SWMR,45.61,2026-04-13T19:59:52Z
SWVL,1.48,2026-04-13T19:57:18Z
SWX,91.26,2026-04-13T19:57:08Z
SWZ,6.09,2026-04-13T19:56:10Z
SXC,6.32,2026-04-13T19:59:52Z
SXI,272.13,2026-04-13T19:55:29Z
SXT,94.18,2026-04-13T19:59:25Z
SXTC,2.305,2026-04-13T16:45:49Z
SXTP,1.97,2026-04-13T16:59:09Z
SY,2.68,2026-04-13T19:59:54Z
SYBT,71.92,2026-04-13T19:59:41Z
SYF,73.785,2026-04-13T19:59:45Z
SYFI,35.715,2026-04-13T19:55:38Z
SYK,347.24,2026-04-13T19:59:54Z
SYLD,76.84,2026-04-13T17:07:05Z
SYM,54.63,2026-04-13T19:59:56Z
SYNA,73.985,2026-04-13T19:59:52Z
SYPR,3.38,2026-04-13T19:50:38Z
SYRE,63.22,2026-04-13T19:59:58Z
SYSB,89.27,2026-04-13T19:59:50Z
SYY,73.42,2026-04-13T19:59:51Z
T,25.585,2026-04-13T19:59:59Z
T-A,19.99,2026-04-13T18:43:11Z
T-C,18.64,2026-04-13T17:18:13Z
TAC,13.67,2026-04-13T19:59:59Z
TACK,30.78,2026-04-13T18:32:43Z
TACT,3.32,2026-04-13T18:38:06Z
TAFI,25.195,2026-04-13T18:12:49Z
TAFL,25.02,2026-04-13T18:55:48Z
TAFM,25.46,2026-04-13T19:58:17Z
TAGG,42.84,2026-04-13T19:37:13Z
TAGS,24.03,2026-04-13T15:00:34Z
TAIL,11.225,2026-04-13T19:59:58Z
TAK,17.815,2026-04-13T19:59:57Z
TAL,11.275,2026-04-13T19:59:55Z
TALK,5.17,2026-04-13T19:59:56Z
TALO,15.12,2026-04-13T19:59:59Z
TAN,54.91,2026-04-13T19:59:32Z
TANH,0.3171,2026-04-13T16:57:49Z
TAOX,4.7,2026-04-13T19:59:49Z
TAP,44.645,2026-04-13T19:59:57Z
TARA,5.06,2026-04-13T19:59:55Z
TARK,39.41,2026-04-13T18:07:27Z
TARS,72.59,2026-04-13T19:59:16Z
TASK,6.83,2026-04-13T19:59:53Z
TATT,45.46,2026-04-13T19:59:52Z
TAXE,51.08,2026-04-13T17:13:01Z
TAXF,50.35,2026-04-13T18:08:04Z
TAXX,50.58,2026-04-13T18:47:23Z
TAYD,52.51,2026-04-13T14:34:24Z
TBB,21.86,2026-04-13T19:57:49Z
TBBB,35.84,2026-04-13T19:59:06Z
TBBK,59.5,2026-04-13T19:58:51Z
TBCH,10.51,2026-04-13T19:58:52Z
TBF,24.185,2026-04-13T19:59:47Z
TBG,35.43,2026-04-13T19:59:51Z
TBH,0.5259,2026-04-13T19:57:32Z
TBI,3.655,2026-04-13T19:57:57Z
TBIL,49.92,2026-04-13T19:59:21Z
TBJL,19.84,2026-04-13T18:59:50Z
TBLA,3.395,2026-04-13T19:58:24Z
TBLD,22.12,2026-04-13T19:53:14Z
TBLL,105.695,2026-04-13T13:31:00Z
TBN,37.395,2026-04-13T19:59:21Z
TBPH,16.495,2026-04-13T19:58:59Z
TBRG,21.155,2026-04-13T19:59:05Z
TBT,34.855,2026-04-13T19:59:55Z
TBUX,49.82,2026-04-13T19:59:50Z
TCAF,37.68,2026-04-13T19:59:59Z
TCAI,40.8,2026-04-13T19:57:17Z
TCAL,22.77,2026-04-13T16:44:09Z
TCBI,102.25,2026-04-13T19:59:50Z
TCBIO,21.69,2026-04-13T15:17:36Z
TCBK,50.06,2026-04-13T19:58:48Z
TCBX,41.305,2026-04-13T19:25:00Z
TCHI,22.55,2026-04-13T14:05:35Z
TCHP,47.295,2026-04-13T19:59:46Z
TCMD,24.18,2026-04-13T19:59:30Z
TCOM,51.78,2026-04-13T19:59:55Z
TCPA,24.21,2026-04-13T18:32:42Z
TCPC,3.93,2026-04-13T19:59:53Z
TCRX,1.01,2026-04-13T19:59:54Z
TCX,15.785,2026-04-13T19:53:47Z
TD,102.035,2026-04-13T19:59:59Z
TDAQ,25.045,2026-04-13T19:55:09Z
TDAX,21.85,2026-04-13T18:52:17Z
TDAY,7.07,2026-04-13T19:59:56Z
TDC,26.03,2026-04-13T19:59:50Z
TDF,11,2026-04-13T14:52:53Z
TDG,1233.18,2026-04-13T19:59:49Z
TDI,43.96,2026-04-13T19:59:47Z
TDIC,0.1198,2026-04-13T19:49:16Z
TDIV,99.24,2026-04-13T19:59:51Z
TDOC,5.22,2026-04-13T19:59:59Z
TDS,45.27,2026-04-13T19:59:59Z
TDS-U,21.2,2026-04-13T19:56:03Z
TDTF,24.23,2026-04-13T18:50:12Z
TDTH,0.1031,2026-04-13T19:58:34Z
TDTT,24.31,2026-04-13T17:15:55Z
TDUP,3.95,2026-04-13T19:59:50Z
TDVI,28.05,2026-04-13T19:59:50Z
TDW,87.83,2026-04-13T19:59:54Z
TDY,656.24,2026-04-13T19:59:49Z
TE,5.1,2026-04-13T19:59:58Z
TEAD,0.6646,2026-04-13T19:59:54Z
TEAM,61.295,2026-04-13T19:59:55Z
TECB,58.46,2026-04-13T18:49:49Z
TECH,57.52,2026-04-13T19:59:57Z
TECK,57.42,2026-04-13T19:59:51Z
TECL,112.72,2026-04-13T19:59:35Z
TECS,15.6,2026-04-13T19:59:46Z
TECX,29.985,2026-04-13T19:59:47Z
TEI,6.5,2026-04-13T19:58:34Z
TEK,31.46,2026-04-13T13:57:25Z
TEL,234.265,2026-04-13T19:59:57Z
TELA,0.5601,2026-04-13T19:59:32Z
TELO,1.235,2026-04-13T16:12:42Z
TEM,45.99,2026-04-13T19:59:50Z
TEMT,17.7,2026-04-13T16:06:55Z
TEN,39.45,2026-04-13T19:59:32Z
TENB,17.41,2026-04-13T19:59:50Z
TENX,14.5,2026-04-13T19:53:53Z
TEO,11.62,2026-04-13T19:56:01Z
TER,369.95,2026-04-13T19:59:58Z
TERG,57.29,2026-04-13T17:06:54Z
TERN,52.605,2026-04-13T19:59:54Z
TESL,12.54,2026-04-13T16:24:17Z
TETH,11.31,2026-04-13T19:57:59Z
TEVA,31.15,2026-04-13T19:59:59Z
TEX,63.3,2026-04-13T19:59:39Z
TEXU,39.2,2026-04-13T19:27:43Z
TFC,50.01,2026-04-13T19:59:58Z
TFC-I,19.2,2026-04-13T17:50:18Z
TFC-O,21.42,2026-04-13T18:09:37Z
TFC-R,18.88,2026-04-13T19:53:37Z
TFFI,19.91,2026-04-13T18:36:23Z
TFI,45.6,2026-04-13T19:59:28Z
TFII,124.46,2026-04-13T19:59:57Z
TFIN,61.835,2026-04-13T19:57:43Z
TFJL,19.575,2026-04-13T16:26:11Z
TFLO,50.545,2026-04-13T16:35:51Z
TFLR,50.605,2026-04-13T19:57:36Z
TFPM,35.605,2026-04-13T19:59:58Z
TFSL,14.78,2026-04-13T19:59:59Z
TFX,123.27,2026-04-13T19:59:47Z
TG,8.85,2026-04-13T19:59:53Z
TGB,7.41,2026-04-13T19:59:54Z
TGEN,3.69,2026-04-13T19:56:35Z
TGL,3.63,2026-04-13T16:10:46Z
TGLS,45.805,2026-04-13T19:58:26Z
TGRT,41.99,2026-04-13T17:55:00Z
TGS,33.04,2026-04-13T19:52:58Z
TGT,117.885,2026-04-13T19:59:58Z
TGTX,33.795,2026-04-13T19:59:55Z
TH,14.46,2026-04-13T19:59:51Z
THC,192.95,2026-04-13T19:59:49Z
THD,72.43,2026-04-13T19:19:04Z
THFF,66.78,2026-04-13T19:47:40Z
THG,179.02,2026-04-13T19:59:55Z
THH,0.413,2026-04-13T16:53:29Z
THM,2.53,2026-04-13T19:59:40Z
THMZ,31.35,2026-04-13T17:44:38Z
THO,79.22,2026-04-13T19:59:47Z
THQ,17.965,2026-04-13T19:55:32Z
THR,55.34,2026-04-13T19:59:13Z
THRM,29.41,2026-04-13T19:58:52Z
THRO,38.675,2026-04-13T19:55:00Z
THRY,2.95,2026-04-13T19:59:50Z
THTA,15.57,2026-04-13T16:30:03Z
THW,12.43,2026-04-13T19:56:43Z
TIC,7.25,2026-04-13T19:59:56Z
TIGO,83.13,2026-04-13T19:59:49Z
TIGR,6.87,2026-04-13T19:59:55Z
TII,2.8,2026-04-13T19:59:53Z
TIL,8.29,2026-04-13T19:44:05Z
TILE,27.32,2026-04-13T19:59:59Z
TILL,17.46,2026-04-13T19:43:32Z
TIMB,27.32,2026-04-13T19:59:52Z
TIME,24.33,2026-04-13T16:27:01Z
TINT,38.36,2026-04-13T13:40:13Z
TIP,111.285,2026-04-13T19:59:54Z
TIPT,17.15,2026-04-13T19:59:41Z
TIPX,19.25,2026-04-13T19:59:46Z
TIPZ,53.37,2026-04-13T16:39:59Z
TITN,19.775,2026-04-13T19:59:54Z
TJUL,29.74,2026-04-13T19:39:41Z
TJX,159.16,2026-04-13T19:59:42Z
TK,12.45,2026-04-13T19:59:59Z
TKC,6.42,2026-04-13T19:59:37Z
TKNO,3.02,2026-04-13T19:59:51Z
TKO,195.43,2026-04-13T19:59:57Z
TKR,106.87,2026-04-13T19:59:51Z
TLH,100.88,2026-04-13T19:59:58Z
TLIH,0.2451,2026-04-13T19:59:49Z
TLK,18.66,2026-04-13T19:59:49Z
TLN,326.005,2026-04-13T19:59:44Z
TLPH,0.7812,2026-04-13T19:52:38Z
TLRY,6.74,2026-04-13T19:59:55Z
TLS,4.07,2026-04-13T19:59:42Z
TLSA,1.155,2026-04-13T19:59:42Z
TLSI,4.38,2026-04-13T19:55:58Z
TLT,86.74,2026-04-13T19:59:59Z
TLTD,99.05,2026-04-13T19:43:34Z
TLTW,22.53,2026-04-13T19:50:01Z
TLX,11.26,2026-04-13T19:59:44Z
TLYS,5.1,2026-04-13T19:59:50Z
TM,211.31,2026-04-13T19:58:04Z
TMAT,24.73,2026-04-13T19:28:56Z
TMC,4.62,2026-04-13T19:59:59Z
TMCI,2.005,2026-04-13T19:59:51Z
TMDE,1.505,2026-04-13T19:59:50Z
TMDX,113.405,2026-04-13T19:59:48Z
TME,9.41,2026-04-13T19:59:59Z
TMED,29.7,2026-04-13T15:52:16Z
TMF,36.42,2026-04-13T19:59:50Z
TMFG,29.38,2026-04-13T13:48:59Z
TMFM,20.73,2026-04-13T18:55:27Z
TMFS,33.6,2026-04-13T16:01:29Z
TMHC,60.3,2026-04-13T19:59:52Z
TMO,514.26,2026-04-13T19:59:58Z
TMP,85.005,2026-04-13T19:59:46Z
TMQ,4.075,2026-04-13T19:59:56Z
TMSL,39.32,2026-04-13T19:57:08Z
TMUS,192.4,2026-04-13T19:59:59Z
TMUSI,22.05,2026-04-13T19:55:21Z
TMUSL,24.72,2026-04-13T19:48:41Z
TMUSZ,21.91,2026-04-13T14:56:24Z
TMV,37,2026-04-13T19:59:56Z
TMVE,16.42,2026-04-13T16:53:56Z
TNA,53.59,2026-04-13T19:59:55Z
TNC,79.29,2026-04-13T19:55:59Z
TNDM,20.1,2026-04-13T19:59:50Z
TNET,37.225,2026-04-13T19:59:35Z
TNGX,21.55,2026-04-13T19:59:50Z
TNGY,9.96,2026-04-13T19:46:21Z
TNK,75.05,2026-04-13T19:59:14Z
TNL,77.11,2026-04-13T19:59:39Z
TNMG,1.25,2026-04-13T19:49:58Z
TNON,0.8109,2026-04-13T19:25:40Z
TNXP,12.95,2026-04-13T19:59:44Z
TNYA,0.7179,2026-04-13T19:59:39Z
TOGA,28.28,2026-04-13T15:07:28Z
TOI,3.28,2026-04-13T19:59:57Z
TOL,141.315,2026-04-13T19:59:53Z
TONX,2.38,2026-04-13T19:59:52Z
TOON,0.61,2026-04-13T19:58:25Z
TOP,0.7604,2026-04-13T14:59:28Z
TOPS,2.94,2026-04-13T19:48:40Z
TOPT,30.24,2026-04-13T19:59:46Z
TORO,3.96,2026-04-13T19:37:03Z
TOST,27.15,2026-04-13T19:59:59Z
TOTL,39.815,2026-04-13T19:52:58Z
TOUR,0.7325,2026-04-13T15:16:55Z
TOUS,36.66,2026-04-13T19:59:59Z
TOVX,0.2506,2026-04-13T19:35:43Z
TOWN,35.76,2026-04-13T19:55:46Z
TOXR,13.23,2026-04-13T19:59:49Z
TOYO,11.49,2026-04-13T19:25:50Z
TPB,83.25,2026-04-13T19:59:34Z
TPC,83.75,2026-04-13T19:59:32Z
TPCS,3.49,2026-04-13T19:30:19Z
TPET,0.5387,2026-04-13T19:59:36Z
TPG,39.43,2026-04-13T19:59:52Z
TPGXL,25.1,2026-04-13T14:55:37Z
TPH,46.82,2026-04-13T19:59:47Z
TPHD,41.67,2026-04-13T19:17:14Z
TPL,416.87,2026-04-13T19:59:52Z
TPOR,30.8,2026-04-13T15:58:03Z
TPR,149.975,2026-04-13T19:59:48Z
TPRY,19.13,2026-04-13T17:34:54Z
TPSC,44.73,2026-04-13T19:58:05Z
TPST,2.145,2026-04-13T19:59:50Z
TPTA,22.975,2026-04-13T19:01:20Z
TPVG,5.17,2026-04-13T19:59:59Z
TPYP,41.395,2026-04-13T19:50:11Z
TQQQ,50.7,2026-04-13T19:59:58Z
TR,44.085,2026-04-13T19:58:30Z
TRAK,7.67,2026-04-13T19:51:57Z
TRAW,1.6,2026-04-13T19:37:17Z
TRBF,49.75,2026-04-13T18:15:42Z
TRC,19.43,2026-04-13T19:50:30Z
TRDA,13.91,2026-04-13T19:59:39Z
TREE,43.47,2026-04-13T19:55:49Z
TREX,40.47,2026-04-13T19:59:59Z
TRFK,70.335,2026-04-13T19:33:37Z
TRFM,51.25,2026-04-13T19:52:07Z
TRGP,240.47,2026-04-13T19:59:59Z
TRI,87.475,2026-04-13T19:59:58Z
TRIB,0.6922,2026-04-13T17:33:56Z
TRIN,15.23,2026-04-13T19:59:58Z
TRIP,11.13,2026-04-13T19:59:56Z
TRMB,66.86,2026-04-13T19:59:59Z
TRMD,30.325,2026-04-13T19:59:01Z
TRMK,44.85,2026-04-13T19:59:53Z
TRN,35.005,2026-04-13T19:59:01Z
TRNO,65.6,2026-04-13T19:59:58Z
TRNR,1.1,2026-04-13T19:16:11Z
TRNS,83.405,2026-04-13T19:35:06Z
TRON,2.385,2026-04-13T19:59:52Z
TROO,2.405,2026-04-13T19:22:01Z
TROW,94.375,2026-04-13T19:59:48Z
TROX,9.51,2026-04-13T19:59:55Z
TRP,62.49,2026-04-13T19:59:57Z
TRS,38.855,2026-04-13T19:58:19Z
TRST,46.93,2026-04-13T19:59:01Z
TRT,6.63,2026-04-13T19:19:19Z
TRTN-D,22.91,2026-04-13T16:55:58Z
TRTX,8.16,2026-04-13T19:59:55Z
TRTX-C,18.2,2026-04-13T19:47:00Z
TRTY,30.66,2026-04-13T17:47:39Z
TRU,71.94,2026-04-13T19:59:49Z
TRUC,25.58,2026-04-13T16:53:07Z
TRUG,3.74,2026-04-13T19:53:39Z
TRUP,25.32,2026-04-13T19:58:58Z
TRUT,25.75,2026-04-13T18:16:15Z
TRV,301.29,2026-04-13T19:59:59Z
TRVG,2.68,2026-04-13T19:44:12Z
TRVI,13.32,2026-04-13T19:59:53Z
TRX,1.57,2026-04-13T19:56:46Z
TS,60.38,2026-04-13T19:59:55Z
TSAT,44.79,2026-04-13T19:59:40Z
TSBK,40.805,2026-04-13T17:15:08Z
TSCO,45.44,2026-04-13T19:59:59Z
TSDD,11.49,2026-04-13T19:59:59Z
TSEC,25.89,2026-04-13T19:55:39Z
TSEM,209.74,2026-04-13T19:59:45Z
TSES,30.36,2026-04-13T19:59:45Z
TSHA,4.415,2026-04-13T19:59:53Z
TSI,4.57,2026-04-13T19:56:44Z
TSII,17.58,2026-04-13T19:59:45Z
TSL,13.57,2026-04-13T19:58:05Z
TSLA,352.465,2026-04-13T19:59:56Z
TSLG,5.325,2026-04-13T19:59:47Z
TSLL,10.815,2026-04-13T19:59:56Z
TSLQ,27.03,2026-04-13T19:59:45Z
TSLR,18.41,2026-04-13T19:57:34Z
TSLS,63.46,2026-04-13T19:59:45Z
TSLT,15.13,2026-04-13T19:59:57Z
TSLW,21.58,2026-04-13T19:59:40Z
TSLX,18.255,2026-04-13T19:59:35Z
TSLY,28.23,2026-04-13T19:59:52Z
TSLZ,17.44,2026-04-13T19:59:44Z
TSM,369.67,2026-04-13T19:59:59Z
TSME,44.51,2026-04-13T16:42:36Z
TSMG,32.675,2026-04-13T16:20:03Z
TSMU,59.05,2026-04-13T16:01:39Z
TSMX,67.77,2026-04-13T19:59:59Z
TSMY,16.22,2026-04-13T19:59:59Z
TSMZ,9.57,2026-04-13T18:44:36Z
TSN,64.41,2026-04-13T19:59:46Z
TSOL,8.145,2026-04-13T19:59:53Z
TSPA,43.36,2026-04-13T19:59:47Z
TSPY,24.2,2026-04-13T19:55:01Z
TSQ,6.185,2026-04-13T17:29:04Z
TSSI,14.86,2026-04-13T19:59:55Z
TSXD,13.18,2026-04-13T17:14:54Z
TSXU,34.23,2026-04-13T15:06:18Z
TSYY,3.31,2026-04-13T19:53:50Z
TT,472.97,2026-04-13T19:59:56Z
TTAM,16.38,2026-04-13T19:59:50Z
TTAN,57.32,2026-04-13T19:59:59Z
TTC,97.765,2026-04-13T19:59:40Z
TTD,21.21,2026-04-13T19:59:57Z
TTDU,4.19,2026-04-13T19:59:56Z
TTE,93.415,2026-04-13T19:59:59Z
TTEC,2.515,2026-04-13T19:59:52Z
TTEK,31.05,2026-04-13T19:59:57Z
TTGT,3.97,2026-04-13T19:59:52Z
TTI,8.385,2026-04-13T19:59:58Z
TTMI,123.525,2026-04-13T19:59:54Z
TTRX,3.29,2026-04-13T16:41:38Z
TTWO,201.41,2026-04-13T19:59:44Z
TTXU,17.79,2026-04-13T18:39:25Z
TU,12.08,2026-04-13T19:59:55Z
TUA,21.13,2026-04-13T19:08:17Z
TUGN,24.34,2026-04-13T16:01:24Z
TUR,42.21,2026-04-13T19:55:27Z
TURB,2.145,2026-04-13T19:58:49Z
TUSB,50.4,2026-04-13T17:54:05Z
TUSI,25.345,2026-04-13T19:56:09Z
TUSK,2.49,2026-04-13T19:57:17Z
TUYA,2.415,2026-04-13T19:54:54Z
TV,2.92,2026-04-13T19:59:56Z
TVAL,37.68,2026-04-13T15:43:23Z
TVC,24.4,2026-04-13T19:06:36Z
TVE,24.14,2026-04-13T13:57:34Z
TVGN,5.595,2026-04-13T19:10:06Z
TVRD,3.035,2026-04-13T19:23:40Z
TVTX,30.67,2026-04-13T19:59:58Z
TW,124.02,2026-04-13T19:59:41Z
TWAV,1.78,2026-04-13T18:18:44Z
TWFG,18.31,2026-04-13T19:59:47Z
TWI,8.53,2026-04-13T19:59:52Z
TWIN,18.05,2026-04-13T19:19:03Z
TWLO,124.165,2026-04-13T19:59:46Z
TWM,27.13,2026-04-13T19:57:36Z
TWN,74.75,2026-04-13T19:02:31Z
TWO,11.16,2026-04-13T19:59:58Z
TWO-A,24.68,2026-04-13T19:52:24Z
TWST,50.33,2026-04-13T19:59:03Z
TX,43.06,2026-04-13T19:59:25Z
TXG,23.605,2026-04-13T19:59:59Z
TXMD,2.015,2026-04-13T19:43:47Z
TXN,216.67,2026-04-13T19:59:59Z
TXNM,59.06,2026-04-13T19:59:59Z
TXO,12.205,2026-04-13T19:38:01Z
TXRH,162.48,2026-04-13T19:59:58Z
TXT,93.1,2026-04-13T19:59:49Z
TXUE,33.96,2026-04-13T19:52:20Z
TXXS,4.59,2026-04-13T14:05:58Z
TY,33.01,2026-04-13T19:59:55Z
TYD,24.74,2026-04-13T19:50:29Z
TYGO,3.625,2026-04-13T19:57:24Z
TYL,320.715,2026-04-13T19:59:26Z
TYRA,35.6,2026-04-13T19:59:53Z
TZA,5.73,2026-04-13T19:59:56Z
TZOO,6.29,2026-04-13T16:45:18Z
U,22.79,2026-04-13T19:59:59Z
UA,5.99,2026-04-13T19:59:55Z
UAA,6.14,2026-04-13T19:59:55Z
UAE,19.54,2026-04-13T19:59:46Z
UAL,95.19,2026-04-13T19:59:53Z
UAMY,9.3,2026-04-13T19:59:59Z
UAN,125.93,2026-04-13T19:59:58Z
UAPR,33.95,2026-04-13T15:04:41Z
UAVS,0.9518,2026-04-13T19:59:19Z
UBER,72.33,2026-04-13T19:59:59Z
UBND,21.825,2026-04-13T19:54:52Z
UBOT,23.76,2026-04-13T16:37:53Z
UBR,43,2026-04-13T19:58:05Z
UBRL,15.8,2026-04-13T19:44:30Z
UBS,42.635,2026-04-13T19:59:59Z
UBSI,43.935,2026-04-13T19:59:43Z
UBT,16.445,2026-04-13T19:51:51Z
UCAR,1.89,2026-04-13T19:59:44Z
UCB,34.13,2026-04-13T19:59:49Z
UCO,42.19,2026-04-13T19:59:43Z
UCON,24.98,2026-04-13T19:59:41Z
UCTT,77.01,2026-04-13T19:59:11Z
UCYB,38.62,2026-04-13T16:19:56Z
UDEC,39.92,2026-04-13T19:59:51Z
UDMY,4.615,2026-04-13T19:59:46Z
UDN,18.22,2026-04-13T14:23:31Z
UDOW,56.28,2026-04-13T19:59:54Z
UDR,34.73,2026-04-13T19:59:59Z
UE,20.91,2026-04-13T19:59:59Z
UEC,13.95,2026-04-13T19:59:59Z
UEIC,4.375,2026-04-13T19:59:50Z
UFCS,39.865,2026-04-13T19:59:49Z
UFEB,37.04,2026-04-13T15:00:40Z
UFI,3.77,2026-04-13T16:22:40Z
UFO,51.47,2026-04-13T19:58:31Z
UFOD,25.14,2026-04-13T18:48:50Z
UFPI,96.715,2026-04-13T19:57:38Z
UFPT,200.08,2026-04-13T17:49:33Z
UGA,99.97,2026-04-13T19:59:36Z
UGE,18.17,2026-04-13T19:53:21Z
UGI,37.565,2026-04-13T19:59:59Z
UGL,62.74,2026-04-13T19:59:35Z
UGP,6.075,2026-04-13T19:59:59Z
UGRO,14.62,2026-04-13T19:59:58Z
UHAL,52.52,2026-04-13T19:59:26Z
UHAL.B,48.13,2026-04-13T19:59:40Z
UHG,1.175,2026-04-13T19:59:24Z
UHS,183.08,2026-04-13T19:59:30Z
UHT,42.5,2026-04-13T19:40:01Z
UI,947.15,2026-04-13T19:57:07Z
UIS,2.085,2026-04-13T19:59:58Z
UITB,47.055,2026-04-13T19:58:45Z
UK,0.5045,2026-04-13T19:18:50Z
UL,58.24,2026-04-13T19:59:50Z
ULBI,7.08,2026-04-13T18:52:06Z
ULCC,3.73,2026-04-13T19:59:59Z
ULE,13.07,2026-04-13T18:24:23Z
ULH,21.86,2026-04-13T19:31:38Z
ULS,84.41,2026-04-13T19:59:53Z
ULST,40.425,2026-04-13T19:55:05Z
ULTA,526.71,2026-04-13T19:59:58Z
ULTI,13.27,2026-04-13T18:58:15Z
ULTY,31.58,2026-04-13T19:59:59Z
UMAC,13.95,2026-04-13T19:59:45Z
UMAR,40.75,2026-04-13T19:53:21Z
UMBF,120.51,2026-04-13T19:59:56Z
UMBFO,26.04,2026-04-13T19:10:26Z
UMC,9.71,2026-04-13T19:59:59Z
UMDD,30.18,2026-04-13T18:51:41Z
UMH,15.305,2026-04-13T19:59:50Z
UMI,56.9,2026-04-13T19:57:55Z
UMMA,32.82,2026-04-13T16:38:50Z
UNCY,6.61,2026-04-13T19:59:37Z
UNF,258.595,2026-04-13T19:46:12Z
UNFI,47.05,2026-04-13T19:59:52Z
UNG,10.67,2026-04-13T19:59:50Z
UNH,313.005,2026-04-13T19:59:52Z
UNHG,13.44,2026-04-13T19:57:36Z
UNHW,40.05,2026-04-13T13:35:10Z
UNIT,10.87,2026-04-13T19:59:59Z
UNL,6.54,2026-04-13T18:45:22Z
UNM,77.18,2026-04-13T19:59:29Z
UNOV,38.32,2026-04-13T19:57:36Z
UNP,251.39,2026-04-13T19:59:57Z
UNX,32.09,2026-04-13T19:59:50Z
UOCT,39.38,2026-04-13T19:32:20Z
UONE,5.44,2026-04-13T13:45:50Z
UP,0.5423,2026-04-13T19:54:31Z
UPB,10.215,2026-04-13T19:59:30Z
UPBD,18.575,2026-04-13T19:59:45Z
UPGD,74.9,2026-04-13T16:06:29Z
UPLD,0.5806,2026-04-13T19:51:03Z
UPRO,113.31,2026-04-13T19:59:50Z
UPS,102,2026-04-13T19:59:52Z
UPST,28.05,2026-04-13T19:59:55Z
UPSX,15.165,2026-04-13T13:50:33Z
UPV,96.21,2026-04-13T18:18:51Z
UPW,25.25,2026-04-13T16:50:09Z
UPWK,11,2026-04-13T19:59:59Z
UPXI,1.155,2026-04-13T19:59:56Z
URA,52.15,2026-04-13T19:59:57Z
URAN,44.62,2026-04-13T19:36:45Z
URBN,67.395,2026-04-13T19:59:50Z
URG,1.55,2026-04-13T19:59:58Z
URGN,20.27,2026-04-13T19:59:59Z
URI,779.18,2026-04-13T19:59:48Z
URNJ,30.74,2026-04-13T19:54:15Z
URNM,65.875,2026-04-13T19:59:57Z
UROY,3.7,2026-04-13T19:59:11Z
URTH,190.01,2026-04-13T19:59:39Z
URTY,62.52,2026-04-13T19:59:38Z
USA,5.83,2026-04-13T19:59:54Z
USAC,27.3,2026-04-13T18:14:01Z
USAI,45.145,2026-04-13T18:44:07Z
USAR,16.8,2026-04-13T19:59:59Z
USAS,5.7,2026-04-13T19:59:50Z
USAU,15.355,2026-04-13T19:59:28Z
USAX,15.71,2026-04-13T19:33:29Z
USB,56.5,2026-04-13T19:59:59Z
USB-H,18.78,2026-04-13T19:51:37Z
USB-P,21.87,2026-04-13T18:40:36Z
USB-S,17.9,2026-04-13T19:59:40Z
USBC,0.3278,2026-04-13T19:59:50Z
USCB,19.8,2026-04-13T19:49:56Z
USCI,96.52,2026-04-13T19:29:48Z
USD,63.255,2026-04-13T19:59:46Z
USDU,25.92,2026-04-13T19:59:50Z
USEA,2.13,2026-04-13T13:34:02Z
USEG,0.7451,2026-04-13T19:59:57Z
USEW,51.1,2026-04-13T19:12:59Z
USFD,91.31,2026-04-13T19:59:54Z
USFR,50.395,2026-04-13T19:57:27Z
USGG,9.59,2026-04-13T17:13:59Z
USGO,12.655,2026-04-13T19:44:46Z
USHY,37.12,2026-04-13T19:59:29Z
USIG,51.46,2026-04-13T19:59:52Z
USL,49.98,2026-04-13T18:55:15Z
USLM,136.3,2026-04-13T15:49:20Z
USMC,67.605,2026-04-13T19:56:06Z
USMF,50.26,2026-04-13T16:35:52Z
USMV,93.555,2026-04-13T19:59:57Z
USNA,18.04,2026-04-13T19:50:03Z
USO,128.46,2026-04-13T19:59:58Z
USOI,60.49,2026-04-13T15:50:42Z
USOY,8.64,2026-04-13T19:58:05Z
USPH,78.43,2026-04-13T19:57:13Z
USPX,59.68,2026-04-13T18:54:21Z
USRT,62.28,2026-04-13T19:59:53Z
USSE,35.46,2026-04-13T19:59:45Z
USTB,50.535,2026-04-13T19:59:56Z
USVM,98.4,2026-04-13T16:06:29Z
USXF,58.91,2026-04-13T15:42:13Z
UTEN,43.7,2026-04-13T19:31:38Z
UTES,81.93,2026-04-13T19:57:57Z
UTF,26.7,2026-04-13T19:59:33Z
UTG,41.34,2026-04-13T19:58:16Z
UTHR,577.535,2026-04-13T19:59:56Z
UTHY,40.82,2026-04-13T14:31:57Z
UTI,35.305,2026-04-13T19:59:33Z
UTL,53.55,2026-04-13T19:57:25Z
UTMD,67.4,2026-04-13T19:34:53Z
UTSL,50.24,2026-04-13T19:59:25Z
UTWO,48.32,2026-04-13T16:33:19Z
UTZ,7.54,2026-04-13T19:59:59Z
UUP,27.38,2026-04-13T19:59:59Z
UUU,6.03,2026-04-13T19:55:03Z
UUUG,9.83,2026-04-13T13:43:35Z
UUUU,19.36,2026-04-13T19:59:59Z
UVE,34.92,2026-04-13T19:59:53Z
UVIX,5.93,2026-04-13T19:59:59Z
UVSP,37.12,2026-04-13T19:59:00Z
UVV,53.24,2026-04-13T19:58:11Z
UVXY,39.43,2026-04-13T19:59:59Z
UWM,53.15,2026-04-13T19:57:39Z
UWMC,3.73,2026-04-13T19:59:57Z
UXI,56.19,2026-04-13T19:58:01Z
UXIN,3.07,2026-04-13T19:59:21Z
UXJL,32.51,2026-04-13T13:49:24Z
UXOC,35.38,2026-04-13T16:33:21Z
UXRP,3.72,2026-04-13T19:59:07Z
UYLD,51.1,2026-04-13T19:46:31Z
UYM,31.62,2026-04-13T19:49:47Z
UZF,17.81,2026-04-13T15:34:33Z
V,309.36,2026-04-13T19:59:55Z
VAC,68.02,2026-04-13T19:57:28Z
VAL,99.08,2026-04-13T19:59:37Z
VALE,17.455,2026-04-13T19:59:53Z
VALG,24.75,2026-04-13T15:13:05Z
VANI,1.05,2026-04-13T19:44:17Z
VATE,9.15,2026-04-13T19:50:40Z
VAW,236.39,2026-04-13T16:35:52Z
VB,276.07,2026-04-13T19:58:35Z
VBCA,75.39,2026-04-13T14:59:08Z
VBCC,75.62,2026-04-13T15:00:30Z
VBCH,76,2026-04-13T17:43:27Z
VBCI,76.08,2026-04-13T17:44:26Z
VBF,15.09,2026-04-13T19:50:27Z
VBIL,75.535,2026-04-13T19:59:36Z
VBIX,1.965,2026-04-13T13:45:42Z
VBK,322.42,2026-04-13T19:59:44Z
VBND,43.76,2026-04-13T19:59:50Z
VBNK,16.97,2026-04-13T19:56:24Z
VBR,227.06,2026-04-13T19:59:44Z
VC,93.415,2026-04-13T19:59:50Z
VCEB,63.095,2026-04-13T19:32:06Z
VCEL,34.47,2026-04-13T19:59:55Z
VCIG,1.155,2026-04-13T19:50:20Z
VCIT,83.16,2026-04-13T19:59:59Z
VCLT,75.43,2026-04-13T19:59:31Z
VCR,377.33,2026-04-13T19:59:13Z
VCRB,77.595,2026-04-13T19:54:40Z
VCRM,75.76,2026-04-13T19:58:21Z
VCSH,79.32,2026-04-13T19:59:52Z
VCTR,69.2,2026-04-13T19:59:43Z
VCV,10.7,2026-04-13T19:44:13Z
VCX,112,2026-04-13T19:43:06Z
VCYT,32.45,2026-04-13T19:59:30Z
VDC,223.98,2026-04-13T17:40:27Z
VDE,162.34,2026-04-13T19:59:51Z
VEA,68.21,2026-04-13T19:59:55Z
VECO,40.12,2026-04-13T19:59:54Z
VEEA,0.6784,2026-04-13T18:37:25Z
VEEE,0.2275,2026-04-13T19:58:56Z
VEEV,158.46,2026-04-13T19:59:56Z
VEGA,50.095,2026-04-13T19:59:46Z
VEGI,46.44,2026-04-13T19:51:24Z
VEL,19.44,2026-04-13T19:58:35Z
VELO,11.49,2026-04-13T19:59:42Z
VEMY,28.62,2026-04-13T18:13:21Z
VENU,3.9,2026-04-13T19:59:59Z
VEON,52.8,2026-04-13T19:56:16Z
VERA,43.68,2026-04-13T19:59:53Z
VERI,2.04,2026-04-13T19:59:39Z
VERU,2.39,2026-04-13T19:55:55Z
VERX,11.565,2026-04-13T19:59:42Z
VET,12.91,2026-04-13T19:59:53Z
VEU,79.72,2026-04-13T19:59:55Z
VFC,18.44,2026-04-13T19:59:59Z
VFF,2.67,2026-04-13T19:59:59Z
VFH,126.72,2026-04-13T19:59:48Z
VFL,10.2,2026-04-13T16:40:22Z
VFLO,40.55,2026-04-13T19:59:09Z
VFMO,213.505,2026-04-13T18:46:44Z
VFMV,136.62,2026-04-13T19:55:08Z
VFS,4.16,2026-04-13T19:59:53Z
VG,12.74,2026-04-13T19:59:58Z
VGAS,1.66,2026-04-13T19:47:34Z
VGASW,0.0234,2026-04-13T14:07:05Z
VGHY,74.99,2026-04-13T14:01:17Z
VGI,7.56,2026-04-13T19:31:45Z
VGIT,59.525,2026-04-13T19:59:15Z
VGK,87.67,2026-04-13T19:59:59Z
VGLT,55.44,2026-04-13T19:58:15Z
VGM,10.335,2026-04-13T19:54:52Z
VGNT,30.37,2026-04-13T19:59:47Z
VGSH,58.47,2026-04-13T19:59:44Z
VGSR,10.91,2026-04-13T18:18:20Z
VGT,758.65,2026-04-13T19:59:56Z
VGUS,75.545,2026-04-13T19:58:55Z
VGZ,2.02,2026-04-13T19:59:56Z
VHI,14.22,2026-04-13T16:33:01Z
VHT,275.84,2026-04-13T19:59:57Z
VHUB,0.6587,2026-04-13T19:46:51Z
VIA,15.6,2026-04-13T19:59:56Z
VIAV,41.49,2026-04-13T19:59:58Z
VICI,28.3,2026-04-13T19:59:59Z
VICR,186.39,2026-04-13T19:59:16Z
VIG,223.355,2026-04-13T19:59:50Z
VIGI,91.74,2026-04-13T19:51:12Z
VIK,78.16,2026-04-13T19:59:55Z
VINP,10.65,2026-04-13T19:54:06Z
VIOG,133.18,2026-04-13T19:57:41Z
VIOO,121.79,2026-04-13T19:58:42Z
VIOT,1.09,2026-04-13T19:52:13Z
VIOV,106.45,2026-04-13T19:47:41Z
VIPS,14.815,2026-04-13T19:59:54Z
VIR,9.3,2026-04-13T19:59:58Z
VIRC,5.85,2026-04-13T19:59:45Z
VIRT,50.89,2026-04-13T19:59:56Z
VIS,334.94,2026-04-13T19:59:45Z
VISN,19.29,2026-04-13T19:59:59Z
VIST,66.9,2026-04-13T19:59:48Z
VITL,12.74,2026-04-13T19:59:55Z
VIV,16.77,2026-04-13T19:59:57Z
VIVO,2.56,2026-04-13T19:59:09Z
VIXM,15.805,2026-04-13T19:59:45Z
VIXY,28.615,2026-04-13T19:59:51Z
VKI,8.96,2026-04-13T18:06:56Z
VKQ,9.755,2026-04-13T19:59:29Z
VKTX,35.005,2026-04-13T19:59:45Z
VLGEA,43.515,2026-04-13T19:54:42Z
VLN,1.345,2026-04-13T19:59:11Z
VLO,242.05,2026-04-13T19:59:54Z
VLRS,7.525,2026-04-13T19:59:51Z
VLT,10.37,2026-04-13T16:40:26Z
VLTO,90.84,2026-04-13T19:59:46Z
VLUE,153.41,2026-04-13T19:59:59Z
VLY,13.09,2026-04-13T19:59:59Z
VLYPN,25.63,2026-04-13T16:50:23Z
VMAR,2,2026-04-13T19:59:58Z
VMBS,47.08,2026-04-13T19:59:55Z
VMC,297.28,2026-04-13T19:59:57Z
VMD,9.69,2026-04-13T19:59:53Z
VMET,11.63,2026-04-13T19:42:24Z
VMI,431.96,2026-04-13T19:59:49Z
VMO,9.735,2026-04-13T19:59:37Z
VNAM,24.11,2026-04-13T19:58:15Z
VNCE,2.48,2026-04-13T19:54:35Z
VNDA,7.15,2026-04-13T19:59:52Z
VNET,8.44,2026-04-13T19:59:54Z
VNLA,48.985,2026-04-13T19:59:53Z
VNM,18.28,2026-04-13T19:59:47Z
VNO,27.525,2026-04-13T19:59:49Z
VNO-L,17.53,2026-04-13T19:43:46Z
VNOM,45.64,2026-04-13T19:59:51Z
VNQ,93.35,2026-04-13T19:59:58Z
VNQI,46.775,2026-04-13T19:59:45Z
VNRX,0.1589,2026-04-13T19:53:06Z
VNT,37.44,2026-04-13T19:59:56Z
VO,300.03,2026-04-13T19:59:51Z
VOC,3.39,2026-04-13T17:36:45Z
VOD,15.645,2026-04-13T19:59:56Z
VOE,189.62,2026-04-13T19:50:01Z
VOLT,37.7,2026-04-13T19:54:27Z
VONE,311.08,2026-04-13T19:59:52Z
VONG,116.39,2026-04-13T19:58:48Z
VONV,98.13,2026-04-13T19:59:51Z
VOO,630.63,2026-04-13T19:59:59Z
VOOG,440.57,2026-04-13T19:59:57Z
VOOV,208.445,2026-04-13T16:35:52Z
VOR,15.965,2026-04-13T19:58:22Z
VOT,273.26,2026-04-13T19:59:44Z
VOX,190.14,2026-04-13T19:59:50Z
VOXR,5.7,2026-04-13T19:59:50Z
VOYA,71.98,2026-04-13T19:59:57Z
VOYA-B,23.69,2026-04-13T17:29:56Z
VOYG,30.06,2026-04-13T19:59:57Z
VPC,15.505,2026-04-13T19:59:46Z
VPG,52.22,2026-04-13T19:58:56Z
VPL,104.48,2026-04-13T19:59:49Z
VPLS,77.855,2026-04-13T19:54:56Z
VPU,199.69,2026-04-13T19:46:58Z
VPV,10.81,2026-04-13T18:45:56Z
VRA,3.87,2026-04-13T19:59:55Z
VRAX,0.1631,2026-04-13T19:59:55Z
VRCA,5.61,2026-04-13T19:58:29Z
VRDN,14.79,2026-04-13T19:59:59Z
VRE,18.9,2026-04-13T19:59:50Z
VREX,11.41,2026-04-13T19:59:50Z
VRIG,25.075,2026-04-13T19:58:44Z
VRM,16.47,2026-04-13T18:35:28Z
VRNS,21.96,2026-04-13T19:59:52Z
VRP,24.355,2026-04-13T19:59:44Z
VRRM,14.89,2026-04-13T19:59:59Z
VRSK,167.84,2026-04-13T19:59:50Z
VRSN,271.42,2026-04-13T19:59:49Z
VRT,300.01,2026-04-13T19:59:55Z
VRTS,138.17,2026-04-13T16:51:02Z
VRTX,439.9,2026-04-13T19:59:58Z
VSA,0.6991,2026-04-13T19:59:41Z
VSAT,56.565,2026-04-13T19:59:39Z
VSCO,49.91,2026-04-13T19:59:46Z
VSDA,55.6,2026-04-13T19:59:50Z
VSDB,76.36,2026-04-13T18:52:44Z
VSDM,76.535,2026-04-13T18:21:21Z
VSEC,214.48,2026-04-13T19:59:47Z
VSEE,0.2307,2026-04-13T19:58:47Z
VSGX,76.17,2026-04-13T17:50:54Z
VSH,22.84,2026-04-13T19:59:58Z
VSHY,21.76,2026-04-13T16:39:57Z
VSLU,43.44,2026-04-13T14:54:26Z
VSME,0.9563,2026-04-13T19:13:37Z
VSNT,40.815,2026-04-13T19:59:46Z
VSS,155.29,2026-04-13T19:57:23Z
VST,158.16,2026-04-13T19:59:39Z
VSTD,0.3005,2026-04-13T15:28:40Z
VSTL,31.15,2026-04-13T13:46:14Z
VSTM,5.65,2026-04-13T19:59:56Z
VSTS,8.82,2026-04-13T19:59:55Z
VT,146.4,2026-04-13T19:59:59Z
VTAK,1.24,2026-04-13T19:43:07Z
VTC,77.07,2026-04-13T18:04:05Z
VTEB,50.3,2026-04-13T19:59:54Z
VTEC,100.01,2026-04-13T19:59:46Z
VTEI,100.655,2026-04-13T19:58:50Z
VTES,101.33,2026-04-13T19:48:37Z
VTEX,4.115,2026-04-13T19:59:47Z
VTG,75.7,2026-04-13T17:07:22Z
VTGN,0.5812,2026-04-13T19:59:47Z
VTHR,302.23,2026-04-13T19:02:27Z
VTI,338.61,2026-04-13T19:59:59Z
VTIP,50.13,2026-04-13T19:59:00Z
VTIX,6.385,2026-04-13T19:57:41Z
VTMX,35.41,2026-04-13T19:58:54Z
VTN,11.15,2026-04-13T19:45:58Z
VTOL,49.79,2026-04-13T19:55:30Z
VTP,76.49,2026-04-13T14:00:59Z
VTR,84.41,2026-04-13T19:59:55Z
VTRS,13.84,2026-04-13T19:59:58Z
VTS,18.63,2026-04-13T19:59:50Z
VTSI,4.485,2026-04-13T19:59:28Z
VTV,202.64,2026-04-13T19:59:50Z
VTVT,36.99,2026-04-13T19:25:44Z
VTWO,107.08,2026-04-13T19:59:30Z
VTWV,176.695,2026-04-13T16:51:32Z
VUG,467.42,2026-04-13T19:59:46Z
VUSB,49.715,2026-04-13T19:59:49Z
VUZI,2.48,2026-04-13T19:57:36Z
VV,315.27,2026-04-13T19:59:05Z
VVR,3.16,2026-04-13T19:58:44Z
VVV,33.3,2026-04-13T19:59:54Z
VVX,69.42,2026-04-13T19:59:58Z
VWAV,7.17,2026-04-13T19:59:05Z
VWO,57.18,2026-04-13T19:59:51Z
VWOB,67.035,2026-04-13T19:50:20Z
VXF,217.93,2026-04-13T19:59:51Z
VXUS,81.88,2026-04-13T19:59:45Z
VXX,29.61,2026-04-13T19:59:50Z
VYGR,3.84,2026-04-13T19:59:53Z
VYM,153.17,2026-04-13T19:59:49Z
VYMI,98.98,2026-04-13T19:59:51Z
VYX,6.73,2026-04-13T19:59:58Z
VZ,45.37,2026-04-13T19:59:59Z
VZLA,3.305,2026-04-13T19:59:49Z
W,72.78,2026-04-13T19:59:25Z
WAB,269.03,2026-04-13T19:59:37Z
WABC,53.85,2026-04-13T19:59:50Z
WAFD,32.72,2026-04-13T19:59:55Z
WAGN,14.86,2026-04-13T19:05:22Z
WAL,77.04,2026-04-13T19:59:43Z
WALD,1.045,2026-04-13T19:59:09Z
WAMA,24.16,2026-04-13T19:59:33Z
WANT,40.68,2026-04-13T17:33:07Z
WASH,35.73,2026-04-13T19:59:45Z
WAT,324.655,2026-04-13T19:59:59Z
WATT,16.91,2026-04-13T19:59:27Z
WAVE,6.15,2026-04-13T14:12:55Z
WAY,22.17,2026-04-13T19:59:56Z
WB,8.915,2026-04-13T19:59:56Z
WBD,27.375,2026-04-13T19:59:58Z
WBI,25.67,2026-04-13T19:59:35Z
WBIF,32.06,2026-04-13T16:25:56Z
WBIY,33.5,2026-04-13T16:35:55Z
WBS,72.02,2026-04-13T19:59:41Z
WBS-F,20.54,2026-04-13T14:31:45Z
WBS-G,23.53,2026-04-13T17:35:52Z
WBTN,11.545,2026-04-13T19:59:50Z
WBUY,1.145,2026-04-13T19:57:19Z
WCBR,23.75,2026-04-13T16:45:17Z
WCC,304.505,2026-04-13T19:59:50Z
WCLD,25.41,2026-04-13T19:59:46Z
WCMI,18.23,2026-04-13T19:59:59Z
WCN,161.73,2026-04-13T19:59:54Z
WCPB,25.4,2026-04-13T16:57:59Z
WD,47.775,2026-04-13T19:59:36Z
WDAY,119.94,2026-04-13T19:59:58Z
WDC,350.14,2026-04-13T19:59:44Z
WDCX,44.54,2026-04-13T19:55:00Z
WDEF,32.45,2026-04-13T19:55:09Z
WDFC,207.05,2026-04-13T19:59:50Z
WDH,1.72,2026-04-13T19:46:37Z
WDI,13.71,2026-04-13T19:40:26Z
WDIV,78.96,2026-04-13T14:55:45Z
WDS,23.945,2026-04-13T19:59:53Z
WDTE,29.31,2026-04-13T14:02:57Z
WEAT,22.17,2026-04-13T19:59:46Z
WEAV,4.85,2026-04-13T19:59:54Z
WEBL,20.05,2026-04-13T19:59:59Z
WEBS,24.36,2026-04-13T19:37:02Z
WEC,116.31,2026-04-13T19:59:59Z
WEEI,23.62,2026-04-13T14:17:24Z
WEEK,100.04,2026-04-13T19:59:51Z
WELL,206.85,2026-04-13T19:59:40Z
WEN,6.685,2026-04-13T19:59:56Z
WERN,31.8,2026-04-13T19:59:53Z
WES,40.985,2026-04-13T19:59:39Z
WEST,4.79,2026-04-13T19:59:55Z
WETH,1.34,2026-04-13T16:28:34Z
WETO,0.5012,2026-04-13T19:40:43Z
WEX,165.99,2026-04-13T19:59:51Z
WF,71.06,2026-04-13T19:59:59Z
WFC,86.64,2026-04-13T19:59:59Z
WFC-A,19.08,2026-04-13T17:52:00Z
WFC-L,1185.4,2026-04-13T14:56:40Z
WFC-Y,23.91,2026-04-13T18:22:46Z
WFC-Z,19.13,2026-04-13T16:40:55Z
WFG,66.08,2026-04-13T19:59:35Z
WFRD,103.64,2026-04-13T19:59:59Z
WGMI,44.68,2026-04-13T19:59:51Z
WGO,32.675,2026-04-13T19:59:51Z
WGRX,0.121,2026-04-13T19:57:40Z
WGS,60.99,2026-04-13T19:59:45Z
WH,85.92,2026-04-13T19:59:51Z
WHD,53.19,2026-04-13T19:59:56Z
WHF,7.675,2026-04-13T19:58:14Z
WHG,16.69,2026-04-13T19:59:11Z
WHLR,0.9204,2026-04-13T19:50:46Z
WHLRP,7.43,2026-04-13T15:42:01Z
WHR,56.055,2026-04-13T19:59:55Z
WHWK,3.48,2026-04-13T19:59:53Z
WIMI,1.93,2026-04-13T19:59:19Z
WINA,422.475,2026-04-13T19:59:01Z
WING,186.13,2026-04-13T19:59:31Z
WINN,29.64,2026-04-13T19:38:02Z
WIP,40.425,2026-04-13T17:32:09Z
WISE,34.58,2026-04-13T14:50:49Z
WIT,2.24,2026-04-13T19:59:58Z
WIW,8.585,2026-04-13T19:55:44Z
WIX,64.895,2026-04-13T19:59:55Z
WK,56.07,2026-04-13T19:59:50Z
WKC,23.13,2026-04-13T19:59:59Z
WKEY,6.65,2026-04-13T15:32:29Z
WKHS,2.62,2026-04-13T19:59:50Z
WKSP,0.95,2026-04-13T19:52:40Z
WLAC,12.26,2026-04-13T19:59:52Z
WLACW,3.6,2026-04-13T16:56:27Z
WLDN,77.59,2026-04-13T19:59:49Z
WLDS,1.44,2026-04-13T17:39:32Z
WLDU,15.15,2026-04-13T14:23:51Z
WLFC,205.76,2026-04-13T19:39:20Z
WLK,119.965,2026-04-13T19:59:33Z
WLKP,22.655,2026-04-13T19:59:01Z
WLTH,10.445,2026-04-13T19:59:56Z
WLY,38.54,2026-04-13T19:59:58Z
WM,230.83,2026-04-13T19:59:56Z
WMB,71.55,2026-04-13T19:59:59Z
WMG,28.665,2026-04-13T19:59:53Z
WMK,71.23,2026-04-13T19:56:04Z
WMS,152.05,2026-04-13T19:59:54Z
WMT,124.58,2026-04-13T19:59:57Z
WNC,9.115,2026-04-13T19:59:06Z
WNEB,13.87,2026-04-13T19:58:42Z
WNTR,31.68,2026-04-13T19:59:50Z
WNW,3.33,2026-04-13T19:59:23Z
WOK,1.17,2026-04-13T19:56:06Z
WOLF,24.1,2026-04-13T19:59:50Z
WOOF,2.825,2026-04-13T19:59:57Z
WOR,55.275,2026-04-13T19:58:35Z
WORX,1.055,2026-04-13T19:59:37Z
WPC,71.175,2026-04-13T19:59:37Z
WPM,144.84,2026-04-13T19:59:57Z
WPP,17.265,2026-04-13T19:59:55Z
WPRT,2.03,2026-04-13T19:59:45Z
WQTM,27.195,2026-04-13T17:03:11Z
WRAP,1.575,2026-04-13T19:59:54Z
WRB,66.95,2026-04-13T19:59:56Z
WRB-F,19.4,2026-04-13T14:55:33Z
WRB-G,16.3,2026-04-13T14:44:48Z
WRBY,21.265,2026-04-13T19:59:54Z
WRD,7.59,2026-04-13T19:59:56Z
WRLD,141.07,2026-04-13T19:50:27Z
WRN,2.86,2026-04-13T19:59:56Z
WS,34.5,2026-04-13T19:59:52Z
WSBC,36.195,2026-04-13T19:59:40Z
WSBF,18.55,2026-04-13T19:58:59Z
WSC,19.185,2026-04-13T19:59:49Z
WSFS,69.3,2026-04-13T19:59:58Z
WSHP,6.145,2026-04-13T17:12:46Z
WSM,193.205,2026-04-13T19:59:32Z
WSO,416.26,2026-04-13T19:59:49Z
WSR,18.91,2026-04-13T19:59:59Z
WST,259.88,2026-04-13T19:59:50Z
WT,16.37,2026-04-13T19:59:59Z
WTAI,31.88,2026-04-13T19:23:09Z
WTBA,24.805,2026-04-13T15:23:05Z
WTFC,147.24,2026-04-13T19:57:52Z
WTFCN,25.92,2026-04-13T17:38:59Z
WTI,3.035,2026-04-13T19:59:57Z
WTIB,27.49,2026-04-13T18:26:04Z
WTID,5.16,2026-04-13T19:51:06Z
WTIU,17.34,2026-04-13T19:07:42Z
WTM,2295.13,2026-04-13T19:58:47Z
WTMF,40.23,2026-04-13T19:55:39Z
WTPI,32.74,2026-04-13T19:53:19Z
WTRE,24.09,2026-04-13T19:14:51Z
WTRG,39.6,2026-04-13T19:59:53Z
WTS,309.83,2026-04-13T19:59:06Z
WTTR,14.48,2026-04-13T19:59:59Z
WTV,96.25,2026-04-13T19:59:51Z
WTW,287.845,2026-04-13T19:59:52Z
WU,9.09,2026-04-13T19:59:58Z
WULF,19.43,2026-04-13T19:59:59Z
WULX,34.8,2026-04-13T19:11:50Z
WVE,7.27,2026-04-13T19:59:56Z
WW,10.98,2026-04-13T19:59:43Z
WWD,398.85,2026-04-13T19:59:45Z
WWJD,39.52,2026-04-13T19:59:55Z
WWR,0.6241,2026-04-13T19:59:30Z
WWW,17,2026-04-13T19:59:54Z
WXET,18.29,2026-04-13T18:02:42Z
WXM,0.48,2026-04-13T19:37:14Z
WY,24.83,2026-04-13T19:59:58Z
WYFI,15.2,2026-04-13T19:57:24Z
WYNN,103.07,2026-04-13T19:59:44Z
WYY,4.83,2026-04-13T17:55:16Z
XAGG,50.345,2026-04-13T19:50:01Z
XAIR,0.6385,2026-04-13T13:48:54Z
XAPR,36.96,2026-04-13T19:19:04Z
XAR,273.51,2026-04-13T19:58:04Z
XBB,40.96,2026-04-13T19:51:29Z
XBCI,42.825,2026-04-13T15:27:01Z
XBFR,25.12,2026-04-13T18:38:00Z
XBI,132.04,2026-04-13T19:59:59Z
XBIO,3.105,2026-04-13T19:59:50Z
XBIT,2.39,2026-04-13T19:13:45Z
XBOC,33.84,2026-04-13T13:49:27Z
XBOX,99.22,2026-04-13T19:56:05Z
XBP,2.56,2026-04-13T19:54:47Z
XBTY,7.045,2026-04-13T16:28:46Z
XCCC,36.545,2026-04-13T19:53:34Z
XCEM,44.57,2026-04-13T19:23:40Z
XCUR,3.97,2026-04-13T14:40:17Z
XDEF,23.52,2026-04-13T14:23:56Z
XDIV,27.66,2026-04-13T16:24:19Z
XDTE,37.94,2026-04-13T19:56:15Z
XEL,80.44,2026-04-13T19:59:59Z
XELB,1.39,2026-04-13T16:23:58Z
XELLL,24.85,2026-04-13T19:26:21Z
XEMD,44.76,2026-04-13T19:59:46Z
XENE,58.61,2026-04-13T19:59:20Z
XERS,5.96,2026-04-13T19:59:57Z
XES,120.04,2026-04-13T16:53:48Z
XFLT,17.59,2026-04-13T14:54:54Z
XFOR,4.125,2026-04-13T19:59:25Z
XGN,2.97,2026-04-13T19:58:03Z
XHB,105.54,2026-04-13T19:59:54Z
XHLD,1.385,2026-04-13T19:59:47Z
XHLF,50.245,2026-04-13T18:24:15Z
XHR,16.09,2026-04-13T19:59:54Z
XIFR,10.11,2026-04-13T19:59:52Z
XITK,152.65,2026-04-13T15:38:19Z
XJAN,37.08,2026-04-13T17:42:41Z
XJUN,43.72,2026-04-13T17:44:29Z
XLB,52.2,2026-04-13T19:59:53Z
XLBI,24.02,2026-04-13T17:36:14Z
XLC,114.79,2026-04-13T19:59:59Z
XLE,57.13,2026-04-13T19:59:59Z
XLEI,26.53,2026-04-13T19:53:32Z
XLF,51.64,2026-04-13T19:59:59Z
XLG,57.49,2026-04-13T19:59:18Z
XLI,172.77,2026-04-13T19:59:55Z
XLK,145.6,2026-04-13T19:59:59Z
XLO,8.56,2026-04-13T19:59:34Z
XLP,81.54,2026-04-13T19:59:59Z
XLRE,43.025,2026-04-13T19:59:57Z
XLSR,60.04,2026-04-13T15:53:28Z
XLU,46.38,2026-04-13T19:59:59Z
XLUI,25.25,2026-04-13T14:32:10Z
XLV,147.98,2026-04-13T19:59:59Z
XLVI,25.005,2026-04-13T18:03:28Z
XLY,113.91,2026-04-13T19:59:59Z
XMAG,23.08,2026-04-13T16:24:32Z
XME,114.935,2026-04-13T19:59:48Z
XMHQ,107.17,2026-04-13T19:59:06Z
XMLV,64.92,2026-04-13T19:38:04Z
XMMO,156.92,2026-04-13T19:51:43Z
XMTR,42.61,2026-04-13T19:59:40Z
XNCR,12.05,2026-04-13T19:59:54Z
XNDU,11.44,2026-04-13T19:59:53Z
XNET,6.02,2026-04-13T19:59:53Z
XNTK,280.65,2026-04-13T16:48:01Z
XOEX,36.39,2026-04-13T17:24:41Z
XOM,152.68,2026-04-13T19:59:52Z
XOMA,38.78,2026-04-13T19:57:06Z
XOMO,12.405,2026-04-13T19:59:46Z
XOP,168.71,2026-04-13T19:59:59Z
XOVR,17.29,2026-04-13T19:59:51Z
XP,20.385,2026-04-13T19:59:56Z
XPAY,50.5,2026-04-13T19:31:51Z
XPEL,46.77,2026-04-13T19:50:01Z
XPER,5.99,2026-04-13T19:59:47Z
XPEV,17.48,2026-04-13T19:59:50Z
XPH,55.73,2026-04-13T15:55:46Z
XPL,0.8706,2026-04-13T18:01:49Z
XPO,212.04,2026-04-13T19:59:54Z
XPOF,7.51,2026-04-13T19:59:53Z
XPON,0.7026,2026-04-13T19:47:44Z
XPRO,17.075,2026-04-13T19:59:49Z
XQQI,46.63,2026-04-13T19:30:51Z
XRAY,12.02,2026-04-13T19:59:59Z
XRMI,17.105,2026-04-13T14:20:27Z
XRN,35.42,2026-04-13T19:57:34Z
XRP,15.17,2026-04-13T19:59:50Z
XRPC,14.41,2026-04-13T19:59:30Z
XRPI,7.64,2026-04-13T19:59:07Z
XRPK,7.78,2026-04-13T18:21:49Z
XRPNW,0.56,2026-04-13T18:51:14Z
XRPR,11.04,2026-04-13T19:36:04Z
XRPT,40.66,2026-04-13T19:50:19Z
XRPZ,14.73,2026-04-13T19:59:38Z
XRT,83.27,2026-04-13T19:59:51Z
XRX,1.265,2026-04-13T19:59:56Z
XRXDW,0.1288,2026-04-13T17:25:51Z
XSD,379.65,2026-04-13T19:40:37Z
XSHD,13.49,2026-04-13T19:31:12Z
XSHQ,44.16,2026-04-13T19:47:16Z
XSMO,82.6,2026-04-13T19:54:06Z
XSOE,43.12,2026-04-13T19:45:27Z
XSVM,63.58,2026-04-13T19:49:51Z
XSVN,47.715,2026-04-13T19:54:55Z
XSW,141.415,2026-04-13T18:20:45Z
XT,71.82,2026-04-13T19:59:58Z
XTEN,45.91,2026-04-13T19:51:44Z
XTIA,2.17,2026-04-13T19:59:54Z
XTJL,39.81,2026-04-13T17:20:42Z
XTL,208.84,2026-04-13T18:48:20Z
XTN,103.98,2026-04-13T19:58:00Z
XTNT,0.4798,2026-04-13T19:59:48Z
XTRE,49.45,2026-04-13T19:35:23Z
XTWO,49.16,2026-04-13T15:45:57Z
XVV,52.02,2026-04-13T19:28:14Z
XWEL,1.19,2026-04-13T19:59:53Z
XWIN,7.37,2026-04-13T19:59:51Z
XXI,6.97,2026-04-13T19:59:55Z
XXII,1.88,2026-04-13T14:55:48Z
XXRP,3.87,2026-04-13T19:59:57Z
XXV,23.14,2026-04-13T19:46:40Z
XYF,4.525,2026-04-13T19:59:14Z
XYL,128.86,2026-04-13T19:59:54Z
XYLD,39.935,2026-04-13T19:59:18Z
XYZ,64.24,2026-04-13T19:59:51Z
XYZG,11.485,2026-04-13T13:30:25Z
XZO,15.31,2026-04-13T19:59:23Z
YAAS,1.02,2026-04-13T19:54:37Z
YALA,6.66,2026-04-13T19:59:48Z
YANG,27.83,2026-04-13T19:59:01Z
YB,17.785,2026-04-13T19:59:50Z
YBIT,24.01,2026-04-13T14:07:26Z
YBST,15.68,2026-04-13T19:51:35Z
YBTC,21.225,2026-04-13T16:42:03Z
YCBD,0.72,2026-04-13T17:45:05Z
YCL,18.14,2026-04-13T14:36:27Z
YCS,53.73,2026-04-13T14:27:15Z
YDDL,4.9,2026-04-13T19:55:48Z
YDES,5.78,2026-04-13T18:38:28Z
YEAR,50.365,2026-04-13T16:30:25Z
YELP,25.755,2026-04-13T19:59:06Z
YETH,11.67,2026-04-13T15:21:58Z
YETI,36.895,2026-04-13T19:59:54Z
YEXT,3.4,2026-04-13T19:59:55Z
YI,6.8,2026-04-13T19:51:59Z
YINN,34.205,2026-04-13T19:59:53Z
YJUN,26.33,2026-04-13T15:30:29Z
YLD,19,2026-04-13T19:59:58Z
YLDE,55.14,2026-04-13T18:26:09Z
YLDW,25.24,2026-04-13T14:25:14Z
YMAG,12.36,2026-04-13T19:40:13Z
YMAR,28.15,2026-04-13T19:53:15Z
YMAT,0.34,2026-04-13T19:33:35Z
YMAX,7.935,2026-04-13T19:58:05Z
YMM,8.42,2026-04-13T19:59:58Z
YMT,0.2211,2026-04-13T19:05:24Z
YOOV,1.98,2026-04-13T19:57:44Z
YORW,31.39,2026-04-13T19:55:42Z
YOU,48.505,2026-04-13T19:59:49Z
YOUL,0.99,2026-04-13T19:59:55Z
YPF,43.5,2026-04-13T19:59:56Z
YQQQ,12,2026-04-13T16:30:20Z
YRD,1.86,2026-04-13T19:28:50Z
YSG,3.245,2026-04-13T19:50:04Z
YSS,33.73,2026-04-13T19:59:37Z
YSXT,1.235,2026-04-13T19:37:55Z
YUM,161.26,2026-04-13T19:59:40Z
YUMC,49.425,2026-04-13T19:59:56Z
YYGH,1.63,2026-04-13T16:35:29Z
YYY,11.41,2026-04-13T19:59:59Z
Z,40.48,2026-04-13T19:59:47Z
ZALT,33.135,2026-04-13T19:36:22Z
ZAP,33.25,2026-04-13T14:55:23Z
ZAPR,26.29,2026-04-13T15:06:17Z
ZAUG,27.02,2026-04-13T18:29:18Z
ZBAO,0.971,2026-04-13T19:54:20Z
ZBH,95.365,2026-04-13T19:59:51Z
ZBIO,21.06,2026-04-13T19:59:33Z
ZBRA,226.11,2026-04-13T19:59:59Z
ZD,44.285,2026-04-13T19:59:45Z
ZDGE,2.95,2026-04-13T19:59:32Z
ZECP,35.04,2026-04-13T16:06:49Z
ZENA,2.18,2026-04-13T19:59:46Z
ZEO,0.5953,2026-04-13T19:57:27Z
ZEPP,13.53,2026-04-13T19:59:55Z
ZETA,15.62,2026-04-13T19:59:59Z
ZEXIT,10,2026-04-13T13:30:00Z
ZG,40.61,2026-04-13T19:59:54Z
ZGN,11.45,2026-04-13T19:59:52Z
ZH,3.38,2026-04-13T19:59:53Z
ZHOG,51.55,2026-04-13T17:38:47Z
ZIEXT,1,2026-04-13T13:30:00Z
ZIM,26.53,2026-04-13T19:59:57Z
ZION,61.5,2026-04-13T19:59:42Z
ZIONP,19,2026-04-13T16:01:49Z
ZIP,2.275,2026-04-13T19:59:52Z
ZJUL,29.45,2026-04-13T17:05:23Z
ZKH,3.1,2026-04-13T19:59:39Z
ZKPW,0.25,2026-04-13T16:51:56Z
ZLAB,21.37,2026-04-13T19:59:33Z
ZM,82.82,2026-04-13T19:59:56Z
ZNB,1.825,2026-04-13T19:54:56Z
ZNTL,5.575,2026-04-13T19:59:55Z
ZONE,0.3338,2026-04-13T19:59:50Z
ZOOZ,0.2917,2026-04-13T19:17:44Z
ZROZ,63.52,2026-04-13T19:59:51Z
ZS,122.625,2026-04-13T19:59:59Z
ZSL,22.16,2026-04-13T19:59:44Z
ZSPC,0.0759,2026-04-13T19:59:48Z
ZSTK,5.6,2026-04-13T19:10:19Z
ZTEK,0.54,2026-04-13T16:06:50Z
ZTO,25.11,2026-04-13T19:59:58Z
ZTR,6.86,2026-04-13T19:40:22Z
ZTS,120.065,2026-04-13T19:59:43Z
ZUMZ,24.54,2026-04-13T19:56:42Z
ZURA,5.68,2026-04-13T19:59:56Z
ZVIA,1.195,2026-04-13T19:58:29Z
ZVOL,8.94,2026-04-13T19:21:31Z
ZVRA,9.72,2026-04-13T19:59:50Z
ZVZZT,12.055,2026-04-13T16:14:16Z
ZWS,49.615,2026-04-13T19:59:57Z
ZXIET,100,2026-04-13T13:30:00Z
ZYBT,1.045,2026-04-13T13:42:26Z
ZYME,26.125,2026-04-13T19:59:32Z
