symbol,close,last_trade_utc
A,141.425,2026-08-06T19:59:44Z
AA,47.455,2026-08-06T19:59:54Z
AAAA,30.81,2026-08-06T13:50:09Z
AAAU,41.88,2026-08-06T19:59:52Z
AADR,84.66,2026-08-06T19:59:00Z
AADX,21.285,2026-08-06T19:59:54Z
AAL,16.02,2026-08-06T19:59:59Z
AAMI,91.62,2026-08-06T19:59:50Z
AAOG,3.78,2026-08-06T19:59:51Z
AAOI,124.265,2026-08-06T19:59:59Z
AAON,90.215,2026-08-06T19:59:51Z
AAOX,17.02,2026-08-06T19:59:46Z
AAOZ,13.53,2026-08-06T19:59:34Z
AAP,57.915,2026-08-06T19:59:55Z
AAPB,38.79,2026-08-06T19:14:25Z
AAPD,11.125,2026-08-06T19:59:33Z
AAPL,312.45,2026-08-06T19:59:59Z
AAPR,29.69,2026-08-06T17:17:24Z
AAPU,39.855,2026-08-06T19:59:58Z
AAPX,35.81,2026-08-06T17:57:15Z
AAPY,26.46,2026-08-06T13:47:09Z
AARD,7.21,2026-08-06T17:01:58Z
AAT,22.5,2026-08-06T19:59:35Z
AAUC,20.71,2026-08-06T19:59:53Z
AAXJ,112.48,2026-08-06T19:59:28Z
AB,37.17,2026-08-06T19:58:14Z
ABAT,2.385,2026-08-06T19:59:56Z
ABBV,243.84,2026-08-06T19:59:54Z
ABCB,88.19,2026-08-06T19:59:49Z
ABCL,6.52,2026-08-06T19:59:50Z
ABEO,6.9,2026-08-06T19:59:41Z
ABEQ,38.44,2026-08-06T19:59:50Z
ABEV,3.02,2026-08-06T19:59:58Z
ABFL,83.31,2026-08-06T19:15:40Z
ABG,216.05,2026-08-06T19:59:49Z
ABLD,31.63,2026-08-06T19:50:11Z
ABLG,31.43,2026-08-06T19:58:11Z
ABM,48.515,2026-08-06T19:59:29Z
ABNB,151.71,2026-08-06T19:59:58Z
ABOS,2.29,2026-08-06T19:59:52Z
ABR,5.14,2026-08-06T19:59:57Z
ABSI,8.3,2026-08-06T19:59:57Z
ABT,107.95,2026-08-06T19:59:55Z
ABTC,6.185,2026-08-06T19:59:50Z
ABUF,27.59,2026-08-06T19:28:26Z
ABUS,4.54,2026-08-06T19:59:57Z
ABVC,1.005,2026-08-06T19:57:34Z
ABVX,129.985,2026-08-06T19:59:56Z
ABX,10.4,2026-08-06T19:59:48Z
ACA,144.94,2026-08-06T19:59:41Z
ACAD,28.445,2026-08-06T19:59:50Z
ACB,2.975,2026-08-06T19:59:01Z
ACCO,4.4,2026-08-06T19:59:50Z
ACCS,6.89,2026-08-06T16:51:55Z
ACDC,4.46,2026-08-06T19:59:58Z
ACEI,23.43,2026-08-06T19:41:35Z
ACEL,12.3,2026-08-06T19:59:10Z
ACES,31.43,2026-08-06T19:59:50Z
ACET,7.99,2026-08-06T19:59:56Z
ACFN,18.045,2026-08-06T15:37:17Z
ACGC,9.99,2026-08-06T18:37:56Z
ACGL,99.25,2026-08-06T19:59:45Z
ACGLN,16.28,2026-08-06T17:57:56Z
ACGLO,19.36,2026-08-06T17:59:04Z
ACH,2.92,2026-08-06T19:59:54Z
ACHC,30.72,2026-08-06T19:59:53Z
ACHR,5.23,2026-08-06T19:59:56Z
ACHV,6.545,2026-08-06T19:59:58Z
ACI,12.09,2026-08-06T19:59:59Z
ACIC,10.28,2026-08-06T19:59:49Z
ACII,25.52,2026-08-06T19:58:00Z
ACIO,47.2,2026-08-06T19:59:52Z
ACIU,2.32,2026-08-06T19:59:56Z
ACIW,55.22,2026-08-06T19:59:41Z
ACKY,18.1,2026-08-06T19:31:27Z
ACLS,136.9,2026-08-06T19:59:54Z
ACM,74.93,2026-08-06T19:59:56Z
ACMM,13.16,2026-08-06T17:11:08Z
ACMR,78.88,2026-08-06T19:59:46Z
ACN,171.095,2026-08-06T19:59:57Z
ACNB,65.155,2026-08-06T19:56:51Z
ACNT,15.27,2026-08-06T19:58:19Z
ACON,2.35,2026-08-06T19:59:43Z
ACP,5.08,2026-08-06T19:58:20Z
ACR,14.6,2026-08-06T19:59:02Z
ACR-C,24.65,2026-08-06T19:51:19Z
ACRE,4.71,2026-08-06T19:59:28Z
ACRS,6.08,2026-08-06T19:59:56Z
ACRV,1.68,2026-08-06T19:59:55Z
ACT,48.65,2026-08-06T19:59:49Z
ACTG,4.655,2026-08-06T19:59:57Z
ACTS,27.22,2026-08-06T18:16:13Z
ACTU,1.22,2026-08-06T18:49:08Z
ACU,56.005,2026-08-06T19:22:45Z
ACV,26.91,2026-08-06T17:27:17Z
ACVA,7.45,2026-08-06T19:59:56Z
ACWI,160.07,2026-08-06T19:59:54Z
ACWV,125.865,2026-08-06T19:55:04Z
ACWX,76.595,2026-08-06T19:59:46Z
ACXP,1.46,2026-08-06T15:45:33Z
ACYN,20.59,2026-08-06T19:59:51Z
ACYS,20.38,2026-08-06T19:46:26Z
AD,35.68,2026-08-06T19:58:17Z
ADAG,4.07,2026-08-06T19:57:45Z
ADAM,9.52,2026-08-06T19:59:51Z
ADAMH,25.42,2026-08-06T18:09:05Z
ADAMI,25.325,2026-08-06T18:33:58Z
ADAML,24.585,2026-08-06T19:45:08Z
ADAMM,25.175,2026-08-06T17:34:02Z
ADAMO,25.01,2026-08-06T19:54:05Z
ADBE,260.24,2026-08-06T19:59:58Z
ADBG,4.61,2026-08-06T19:59:43Z
ADC,76.37,2026-08-06T19:59:51Z
ADCT,1.125,2026-08-06T19:59:37Z
ADEA,28.28,2026-08-06T19:59:57Z
ADGM,0.7085,2026-08-06T19:44:11Z
ADI,377.205,2026-08-06T19:59:58Z
ADIG,26.28,2026-08-06T19:59:35Z
ADIL,4.88,2026-08-06T19:59:45Z
ADIV,19.725,2026-08-06T19:56:28Z
ADM,77.51,2026-08-06T19:59:55Z
ADMA,10.055,2026-08-06T19:59:58Z
ADNT,18.785,2026-08-06T19:59:42Z
ADP,273.53,2026-08-06T19:59:57Z
ADPT,23.6,2026-08-06T19:59:57Z
ADPV,45.41,2026-08-06T18:52:50Z
ADSK,242.5,2026-08-06T19:59:55Z
ADT,7.65,2026-08-06T19:59:56Z
ADTN,7.49,2026-08-06T19:59:52Z
ADUR,15.33,2026-08-06T19:59:53Z
ADUS,118.88,2026-08-06T19:59:10Z
ADV,25.455,2026-08-06T19:59:55Z
ADVB,7.54,2026-08-06T19:47:50Z
ADVE,46.07,2026-08-06T19:13:13Z
ADX,25.89,2026-08-06T19:59:58Z
AEBI,12.93,2026-08-06T19:59:51Z
AEC,4.13,2026-08-06T19:59:58Z
AEE,108.27,2026-08-06T19:59:53Z
AEF,8.91,2026-08-06T19:57:33Z
AEFC,18.28,2026-08-06T19:58:48Z
AEG,9.47,2026-08-06T19:59:56Z
AEHG,11,2026-08-06T19:57:16Z
AEHL,0.3129,2026-08-06T19:58:29Z
AEHR,99.68,2026-08-06T19:59:55Z
AEIS,323.41,2026-08-06T19:59:34Z
AEM,167.95,2026-08-06T19:59:55Z
AEMD,3.07,2026-08-06T19:52:11Z
AEO,17.72,2026-08-06T19:59:54Z
AEON,0.2887,2026-08-06T19:19:33Z
AEP,125.26,2026-08-06T19:59:58Z
AER,155.19,2026-08-06T19:59:49Z
AERO,15.74,2026-08-06T19:58:52Z
AES,14.71,2026-08-06T19:59:58Z
AESI,11.07,2026-08-06T19:59:56Z
AESR,19.985,2026-08-06T19:56:27Z
AEVA,25.255,2026-08-06T19:59:56Z
AEXA,11.59,2026-08-06T17:19:09Z
AEYE,5.76,2026-08-06T19:42:38Z
AFB,10.91,2026-08-06T18:38:00Z
AFCG,2.765,2026-08-06T19:59:41Z
AFG,146.67,2026-08-06T19:59:57Z
AFGD,19.62,2026-08-06T18:51:29Z
AFIF,9.42,2026-08-06T19:59:50Z
AFL,126.64,2026-08-06T19:59:51Z
AFLG,44.88,2026-08-06T19:54:17Z
AFMC,41.32,2026-08-06T19:49:30Z
AFRM,76.52,2026-08-06T19:59:54Z
AFSM,40.98,2026-08-06T13:43:16Z
AFYA,13.89,2026-08-06T19:58:17Z
AG,17.27,2026-08-06T19:59:59Z
AGBK,6.35,2026-08-06T19:59:33Z
AGCC,15.23,2026-08-06T18:29:34Z
AGCO,101.54,2026-08-06T19:59:41Z
AGD,12.14,2026-08-06T19:53:50Z
AGEM,48.22,2026-08-06T14:45:46Z
AGEN,7.48,2026-08-06T19:59:52Z
AGG,97.44,2026-08-06T19:59:54Z
AGGA,24.88,2026-08-06T19:59:45Z
AGGH,19.845,2026-08-06T18:00:33Z
AGGY,42.775,2026-08-06T16:32:17Z
AGI,31.12,2026-08-06T19:59:59Z
AGIO,31.935,2026-08-06T19:59:56Z
AGIX,44.155,2026-08-06T18:59:10Z
AGL,86.57,2026-08-06T19:59:51Z
AGM,237.25,2026-08-06T19:59:42Z
AGM-F,18.85,2026-08-06T19:57:07Z
AGM-I,24,2026-08-06T13:45:54Z
AGMB,13.31,2026-08-06T19:54:14Z
AGMH,1.045,2026-08-06T15:24:58Z
AGNC,10.6,2026-08-06T19:59:54Z
AGNCM,25.12,2026-08-06T19:36:17Z
AGNCN,25.82,2026-08-06T18:26:35Z
AGNCP,25.23,2026-08-06T19:59:50Z
AGNCZ,25.49,2026-08-06T16:34:06Z
AGNG,37.26,2026-08-06T18:23:59Z
AGNT,4.13,2026-08-06T19:59:56Z
AGO,82.64,2026-08-06T19:59:22Z
AGOX,34.41,2026-08-06T15:41:53Z
AGPU,8.39,2026-08-06T19:58:18Z
AGQ,72.6,2026-08-06T19:59:35Z
AGQI,18.79,2026-08-06T14:44:28Z
AGRO,9.35,2026-08-06T19:59:39Z
AGRZ,0.3245,2026-08-06T19:58:02Z
AGX,590.225,2026-08-06T19:59:50Z
AGYS,107.53,2026-08-06T19:59:45Z
AGZD,22.6,2026-08-06T19:59:46Z
AHCO,6.05,2026-08-06T19:59:57Z
AHL-D,18.81,2026-08-06T18:15:01Z
AHLT,29.25,2026-08-06T15:46:30Z
AHMA,1.79,2026-08-06T19:59:52Z
AHR,54.75,2026-08-06T19:59:54Z
AHRT,6.905,2026-08-06T19:59:51Z
AI,9.855,2026-08-06T19:59:57Z
AIA,134.01,2026-08-06T19:59:45Z
AIAI,4.005,2026-08-06T19:59:38Z
AIB,1.92,2026-08-06T19:59:18Z
AIBD,48.785,2026-08-06T17:12:27Z
AIBZ,7.015,2026-08-06T19:56:42Z
AIFA,1.635,2026-08-06T19:38:15Z
AIFC,0.406,2026-08-06T19:57:52Z
AIFD,51.7,2026-08-06T19:55:19Z
AIFF,1.12,2026-08-06T19:17:06Z
AIG,79.98,2026-08-06T19:59:50Z
AIHS,1.43,2026-08-06T18:50:19Z
AII,21.095,2026-08-06T19:59:32Z
AIIA^,0.25,2026-08-06T19:55:32Z
AIIO,3.045,2026-08-06T19:59:35Z
AIM,0.265,2026-08-06T19:59:44Z
AIMD,1.49,2026-08-06T13:44:52Z
AIN,61.29,2026-08-06T19:59:36Z
AIO,26.11,2026-08-06T13:41:03Z
AIOO,26.48,2026-08-06T17:48:15Z
AIOT,4.125,2026-08-06T19:59:57Z
AIP,31.64,2026-08-06T19:59:53Z
AIPI,36.79,2026-08-06T19:55:50Z
AIPO,29.82,2026-08-06T19:59:53Z
AIQ,61.895,2026-08-06T19:59:50Z
AIR,146.95,2026-08-06T19:58:30Z
AIRE,1.45,2026-08-06T19:53:41Z
AIRG,5.795,2026-08-06T16:32:44Z
AIRJ,5.575,2026-08-06T19:59:58Z
AIRO,7.86,2026-08-06T19:59:53Z
AIRR,121.195,2026-08-06T19:58:00Z
AIRS,4.765,2026-08-06T19:59:54Z
AIS,68.355,2026-08-06T19:59:57Z
AISP,1.9,2026-08-06T19:59:59Z
AIT,358.89,2026-08-06T19:59:50Z
AIUP,29.41,2026-08-06T15:44:31Z
AIV,2.655,2026-08-06T19:59:46Z
AIVI,60.32,2026-08-06T19:47:41Z
AIXI,1.02,2026-08-06T19:59:51Z
AIYY,7.905,2026-08-06T15:55:24Z
AIZ,296.06,2026-08-06T19:59:42Z
AIZN,18.84,2026-08-06T19:12:07Z
AJG,251.67,2026-08-06T19:59:46Z
AJUL,30.33,2026-08-06T17:04:12Z
AKAM,118.63,2026-08-06T19:59:58Z
AKBA,0.9503,2026-08-06T19:59:54Z
AKR,20.69,2026-08-06T19:59:47Z
AKRE,58.175,2026-08-06T19:59:27Z
AKTS,23.49,2026-08-06T19:59:29Z
ALA,14.06,2026-08-06T18:49:37Z
ALAB,331.06,2026-08-06T19:59:58Z
ALAI,44.27,2026-08-06T19:21:53Z
ALAR,1.95,2026-08-06T19:59:40Z
ALB,125.43,2026-08-06T19:59:52Z
ALB-A,52.675,2026-08-06T19:44:33Z
ALBG,6.27,2026-08-06T19:59:50Z
ALC,69.525,2026-08-06T19:59:52Z
ALCO,38.45,2026-08-06T19:36:16Z
ALDB,25.72,2026-08-06T15:00:29Z
ALDX,1.59,2026-08-06T19:59:52Z
ALEC,1.86,2026-08-06T19:59:59Z
ALG,165.775,2026-08-06T19:39:40Z
ALGM,42.52,2026-08-06T19:59:52Z
ALGN,169.11,2026-08-06T19:59:52Z
ALGS,5.56,2026-08-06T19:59:52Z
ALGT,97.2,2026-08-06T19:59:22Z
ALH,27.565,2026-08-06T19:59:51Z
ALHC,13.37,2026-08-06T19:59:57Z
ALIT,15.6,2026-08-06T19:59:30Z
ALK,50.68,2026-08-06T19:59:55Z
ALKS,48.365,2026-08-06T19:59:52Z
ALKT,19.67,2026-08-06T19:59:56Z
ALL,275.25,2026-08-06T19:59:46Z
ALL-H,19.18,2026-08-06T18:44:37Z
ALL-I,18.04,2026-08-06T16:45:29Z
ALLE,168.76,2026-08-06T19:59:51Z
ALLO,1.97,2026-08-06T19:59:56Z
ALLR,1.36,2026-08-06T19:24:31Z
ALLT,7.6,2026-08-06T19:59:52Z
ALLW,29.57,2026-08-06T19:59:59Z
ALLY,44.06,2026-08-06T19:59:55Z
ALM,13.415,2026-08-06T19:59:54Z
ALMR,28.07,2026-08-06T19:55:09Z
ALMS,27.79,2026-08-06T19:59:27Z
ALMU,17.08,2026-08-06T19:59:57Z
ALNT,110.615,2026-08-06T19:59:06Z
ALNY,216.05,2026-08-06T19:59:46Z
ALOT,28.95,2026-08-06T19:57:40Z
ALOV,10,2026-08-06T19:48:06Z
ALOY,10.68,2026-08-06T19:59:16Z
ALP,0.1836,2026-08-06T18:27:50Z
ALRG,31.54,2026-08-06T19:59:46Z
ALRM,56.28,2026-08-06T19:59:19Z
ALRS,33.58,2026-08-06T19:59:57Z
ALSN,116.19,2026-08-06T19:59:47Z
ALT,3.005,2026-08-06T19:59:57Z
ALTG,7.36,2026-08-06T19:59:45Z
ALTI,4.34,2026-08-06T19:59:48Z
ALTL,47.2,2026-08-06T18:16:06Z
ALTO,4.51,2026-08-06T19:59:57Z
ALV,120.575,2026-08-06T19:59:55Z
ALVO,3.805,2026-08-06T19:59:59Z
ALXO,2.13,2026-08-06T19:59:56Z
ALZN,1.33,2026-08-06T19:40:39Z
AM,21.49,2026-08-06T19:59:55Z
AMA,28.93,2026-08-06T19:53:30Z
AMAL,50.16,2026-08-06T19:59:59Z
AMAT,526.59,2026-08-06T19:59:55Z
AMBA,83.75,2026-08-06T19:59:30Z
AMBP,5.02,2026-08-06T19:59:57Z
AMBQ,65.01,2026-08-06T19:59:38Z
AMC,2.57,2026-08-06T19:59:53Z
AMCI,4.61,2026-08-06T19:47:49Z
AMCR,47.085,2026-08-06T19:59:54Z
AMCX,11.84,2026-08-06T19:59:50Z
AMD,489.335,2026-08-06T19:59:58Z
AMDD,29.23,2026-08-06T19:59:02Z
AMDG,92.31,2026-08-06T19:51:20Z
AMDL,54.1,2026-08-06T19:59:02Z
AMDW,86.55,2026-08-06T14:22:49Z
AMDY,46.21,2026-08-06T19:41:19Z
AME,251.29,2026-08-06T19:59:50Z
AMEI,26.68,2026-08-06T18:48:26Z
AMEM,24.68,2026-08-06T15:49:00Z
AMG,372.64,2026-08-06T19:59:25Z
AMGN,404.95,2026-08-06T19:59:55Z
AMGR,25.78,2026-08-06T19:37:06Z
AMH,34.55,2026-08-06T19:59:59Z
AMID,36.59,2026-08-06T18:02:45Z
AMIX,12.19,2026-08-06T19:59:27Z
AMJB,36.7,2026-08-06T19:19:19Z
AMKL,7.94,2026-08-06T19:59:50Z
AMKR,54.12,2026-08-06T19:59:50Z
AMKX,12.75,2026-08-06T18:16:13Z
AMLP,55.01,2026-08-06T19:58:37Z
AMLX,24.18,2026-08-06T19:59:57Z
AMN,30.77,2026-08-06T19:59:50Z
AMOD,4.42,2026-08-06T19:10:29Z
AMP,559.81,2026-08-06T19:59:55Z
AMPG,5.44,2026-08-06T19:59:42Z
AMPH,19.8,2026-08-06T19:59:50Z
AMPL,10.775,2026-08-06T19:59:52Z
AMPU,3.12,2026-08-06T19:59:50Z
AMPX,11.19,2026-08-06T19:59:59Z
AMPX+,4.37,2026-08-06T15:41:42Z
AMPY,4.065,2026-08-06T19:59:57Z
AMR,152,2026-08-06T19:59:54Z
AMRC,25.51,2026-08-06T19:59:49Z
AMRN,14.3,2026-08-06T19:59:52Z
AMRX,18.08,2026-08-06T19:59:56Z
AMRZ,51.25,2026-08-06T19:59:55Z
AMSC,32.96,2026-08-06T19:59:56Z
AMSF,29.755,2026-08-06T19:59:40Z
AMSS,1.21,2026-08-06T13:30:54Z
AMST,0.9601,2026-08-06T17:20:26Z
AMT,171.205,2026-08-06T19:59:54Z
AMTB,29.16,2026-08-06T19:59:59Z
AMTM,23.82,2026-08-06T19:59:19Z
AMTX,1.63,2026-08-06T19:59:56Z
AMUB,23,2026-08-06T14:47:23Z
AMUU,191.84,2026-08-06T19:57:07Z
AMWL,12.77,2026-08-06T19:58:35Z
AMX,23.92,2026-08-06T19:59:51Z
AMYY,14.58,2026-08-06T18:09:12Z
AMZA,48.86,2026-08-06T15:49:12Z
AMZD,8.06,2026-08-06T19:59:40Z
AMZE,0.1907,2026-08-06T19:58:00Z
AMZG,17.86,2026-08-06T18:59:03Z
AMZN,272.35,2026-08-06T19:59:58Z
AMZU,41.755,2026-08-06T19:59:31Z
AMZW,40.39,2026-08-06T19:56:27Z
AMZY,11.4,2026-08-06T19:59:51Z
AMZZ,38.75,2026-08-06T19:59:01Z
AN,211.39,2026-08-06T19:59:58Z
ANAB,54.79,2026-08-06T19:59:35Z
ANDE,67.965,2026-08-06T19:59:47Z
ANDG,49.38,2026-08-06T19:58:32Z
ANEL,25.85,2026-08-06T18:16:13Z
ANET,192.14,2026-08-06T19:59:54Z
ANF,110.74,2026-08-06T19:59:30Z
ANG-D,23.61,2026-08-06T17:44:46Z
ANGI,4.95,2026-08-06T19:59:51Z
ANGL,28.96,2026-08-06T19:59:47Z
ANGO,15.115,2026-08-06T19:59:51Z
ANGU,25.36,2026-08-06T17:50:42Z
ANGX,4.31,2026-08-06T19:59:56Z
ANIK,20.1,2026-08-06T19:59:39Z
ANIP,82.69,2026-08-06T19:59:25Z
ANIX,3.43,2026-08-06T19:59:56Z
ANL,13.79,2026-08-06T19:57:17Z
ANNA,2.59,2026-08-06T19:29:48Z
ANNAW,0.215,2026-08-06T18:10:52Z
ANNX,5.6,2026-08-06T19:59:55Z
ANRO,28.39,2026-08-06T19:59:44Z
ANTX,6.095,2026-08-06T19:59:43Z
ANVS,1.86,2026-08-06T19:59:40Z
ANY,2.28,2026-08-06T19:17:20Z
AOA,98.8,2026-08-06T19:05:09Z
AOD,10.66,2026-08-06T19:58:52Z
AOHY,11.01,2026-08-06T18:14:07Z
AOK,41.275,2026-08-06T19:59:46Z
AOM,49.71,2026-08-06T19:59:31Z
AOMR,8.875,2026-08-06T19:58:48Z
AON,360.71,2026-08-06T19:59:57Z
AOR,69.685,2026-08-06T19:59:32Z
AORT,26.54,2026-08-06T19:59:55Z
AOS,62.985,2026-08-06T19:59:53Z
AOSL,33.37,2026-08-06T19:59:41Z
AOTG,63.7,2026-08-06T18:59:33Z
AOUT,12.59,2026-08-06T19:58:30Z
AP,9.57,2026-08-06T19:50:03Z
APA,36.52,2026-08-06T19:59:56Z
APAM,43.05,2026-08-06T19:59:49Z
APC,19.43,2026-08-06T19:33:47Z
APCB,29.005,2026-08-06T14:23:25Z
APD,299.8,2026-08-06T19:59:49Z
APEI,50.8,2026-08-06T19:59:42Z
APG,41.24,2026-08-06T19:59:49Z
APGE,134.51,2026-08-06T19:59:54Z
APH,170.59,2026-08-06T19:59:58Z
API,4.15,2026-08-06T19:59:56Z
APIE,39.55,2026-08-06T18:51:41Z
APLD,28.855,2026-08-06T19:59:57Z
APLE,15.99,2026-08-06T19:59:59Z
APLMW,0.0105,2026-08-06T16:01:34Z
APLU,24.265,2026-08-06T19:59:08Z
APLX,10.66,2026-08-06T19:59:45Z
APLY,11.68,2026-08-06T19:45:15Z
APLZ,20.06,2026-08-06T18:18:37Z
APMD,27.825,2026-08-06T19:59:31Z
APO,127.92,2026-08-06T19:59:48Z
APOG,43.08,2026-08-06T19:59:36Z
APOS,25.57,2026-08-06T18:08:42Z
APP,335.69,2026-08-06T19:59:58Z
APPF,194.12,2026-08-06T19:59:22Z
APPN,30.45,2026-08-06T19:59:55Z
APPS,14.24,2026-08-06T19:59:55Z
APPX,15.12,2026-08-06T19:59:40Z
APRB,27.27,2026-08-06T17:06:49Z
APRJ,24.92,2026-08-06T16:14:34Z
APRW,37.54,2026-08-06T18:27:10Z
APT,5.18,2026-08-06T19:58:52Z
APTV,46.3,2026-08-06T19:59:50Z
APUE,47.62,2026-08-06T14:33:41Z
APVO,4,2026-08-06T19:56:37Z
APXT,10.11,2026-08-06T17:47:03Z
APXTW,0.31,2026-08-06T14:54:57Z
APYX,4.175,2026-08-06T19:57:22Z
AQB,1.095,2026-08-06T19:59:58Z
AQLT,32.035,2026-08-06T16:34:40Z
AQMS,2.7,2026-08-06T19:58:18Z
AQN,5.75,2026-08-06T19:59:50Z
AQNB,25.6,2026-08-06T18:15:02Z
AQST,3.915,2026-08-06T19:59:57Z
AR,34.91,2026-08-06T19:59:59Z
ARAI,0.2453,2026-08-06T19:59:51Z
ARAY,0.2808,2026-08-06T19:59:34Z
ARB,29.67,2026-08-06T16:01:57Z
ARBE,0.7547,2026-08-06T19:06:13Z
ARCB,135.38,2026-08-06T19:59:16Z
ARCC,19.62,2026-08-06T19:59:58Z
ARCO,8.34,2026-08-06T19:59:52Z
ARCT,6.075,2026-08-06T19:59:53Z
ARDC,12.39,2026-08-06T19:59:34Z
ARDT,11.59,2026-08-06T19:59:46Z
ARDX,4.88,2026-08-06T19:59:55Z
ARE,48.475,2026-08-06T19:59:53Z
AREC,2.27,2026-08-06T19:59:46Z
AREN,1.55,2026-08-06T18:09:42Z
ARES,138.045,2026-08-06T19:59:49Z
ARES-B,44.165,2026-08-06T19:57:37Z
ARGT,92.91,2026-08-06T18:56:22Z
ARGX,874.96,2026-08-06T19:59:49Z
ARHS,9.7,2026-08-06T19:59:57Z
ARI,6.685,2026-08-06T19:59:54Z
ARIS,15.74,2026-08-06T19:59:53Z
ARKB,21.36,2026-08-06T19:59:52Z
ARKF,41.935,2026-08-06T19:59:24Z
ARKG,40.55,2026-08-06T19:59:48Z
ARKK,75.72,2026-08-06T19:59:51Z
ARKO,7.29,2026-08-06T19:59:56Z
ARKQ,123.21,2026-08-06T19:58:52Z
ARKW,143.63,2026-08-06T19:30:55Z
ARKX,33.03,2026-08-06T19:59:54Z
ARLO,15.47,2026-08-06T19:59:49Z
ARLP,25.31,2026-08-06T19:59:19Z
ARM,286.59,2026-08-06T19:59:58Z
ARMG,23.02,2026-08-06T19:59:48Z
ARMK,56.29,2026-08-06T19:59:52Z
ARMP,4.66,2026-08-06T19:59:56Z
ARMW,47.165,2026-08-06T13:30:04Z
AROC,33.33,2026-08-06T19:59:54Z
AROW,39.91,2026-08-06T19:59:55Z
ARP,33.18,2026-08-06T16:11:18Z
ARQ,2.11,2026-08-06T19:59:44Z
ARQQ,21.505,2026-08-06T19:59:19Z
ARQT,26.42,2026-08-06T19:59:57Z
ARR,16.55,2026-08-06T19:59:50Z
ARR-C,20.97,2026-08-06T19:11:22Z
ARRY,5.23,2026-08-06T19:59:59Z
ARTNA,34.34,2026-08-06T19:56:34Z
ARTV,11.535,2026-08-06T19:59:59Z
ARTW,2.145,2026-08-06T19:55:23Z
ARTY,71.565,2026-08-06T19:59:32Z
ARVN,8.68,2026-08-06T19:59:52Z
ARW,222.34,2026-08-06T19:59:52Z
ARWR,85.8,2026-08-06T19:59:55Z
ARX,12.25,2026-08-06T19:59:47Z
ARXS,57.565,2026-08-06T19:59:59Z
AS,36.12,2026-08-06T19:59:59Z
ASA,54.61,2026-08-06T19:46:10Z
ASAN,8.68,2026-08-06T19:59:59Z
ASB,31.15,2026-08-06T19:59:54Z
ASBP,7.655,2026-08-06T15:56:42Z
ASC,17.03,2026-08-06T19:59:57Z
ASCE,34.67,2026-08-06T19:59:02Z
ASEA,21.19,2026-08-06T19:39:09Z
ASG,5.31,2026-08-06T19:59:42Z
ASGI,23.83,2026-08-06T19:49:16Z
ASH,72.39,2026-08-06T19:59:48Z
ASHR,34.71,2026-08-06T19:59:58Z
ASIC,25.21,2026-08-06T19:23:34Z
ASIX,20.08,2026-08-06T19:59:10Z
ASLE,6.295,2026-08-06T19:59:51Z
ASM,6.375,2026-08-06T19:59:45Z
ASMB,26.53,2026-08-06T19:40:00Z
ASMG,46.38,2026-08-06T19:28:38Z
ASML,1704.815,2026-08-06T19:59:59Z
ASMU,30.03,2026-08-06T19:59:46Z
ASND,249.815,2026-08-06T19:59:55Z
ASO,47.36,2026-08-06T19:59:53Z
ASPI,4.09,2026-08-06T19:59:55Z
ASPN,6.88,2026-08-06T19:59:56Z
ASPS,5.77,2026-08-06T17:40:48Z
ASPSZ,0.21,2026-08-06T16:10:11Z
ASR,277.84,2026-08-06T19:59:03Z
ASST,12.315,2026-08-06T19:59:48Z
ASTC,8.93,2026-08-06T19:50:46Z
ASTE,44.12,2026-08-06T19:59:31Z
ASTH,34.095,2026-08-06T19:59:45Z
ASTI,3.215,2026-08-06T19:59:45Z
ASTL,3.97,2026-08-06T19:59:55Z
ASTN,4.63,2026-08-06T19:50:06Z
ASTS,67.39,2026-08-06T19:59:58Z
ASTX,13.87,2026-08-06T19:57:41Z
ASTY,7.47,2026-08-06T19:50:00Z
ASUP,9.91,2026-08-06T13:49:04Z
ASUR,8.72,2026-08-06T19:59:53Z
ASX,37.24,2026-08-06T19:59:58Z
ASYS,14.94,2026-08-06T19:59:50Z
ATAI,7.205,2026-08-06T19:59:56Z
ATAT,35.45,2026-08-06T19:59:53Z
ATCH,0.1797,2026-08-06T19:56:44Z
ATCL,24.835,2026-08-06T18:33:42Z
ATCX,2.61,2026-08-06T18:10:41Z
ATEC,9.21,2026-08-06T19:59:55Z
ATEN,27.605,2026-08-06T19:59:53Z
ATER,0.4758,2026-08-06T19:59:53Z
ATEX,100.43,2026-08-06T19:59:07Z
ATH-A,23.82,2026-08-06T18:40:53Z
ATH-B,18.36,2026-08-06T19:07:26Z
ATH-E,25.18,2026-08-06T15:31:28Z
ATHM,22.69,2026-08-06T19:59:49Z
ATI,223.565,2026-08-06T19:59:56Z
ATII,10.71,2026-08-06T16:24:09Z
ATIIW,1.5,2026-08-06T19:57:16Z
ATKR,93.655,2026-08-06T19:59:58Z
ATLC,111.61,2026-08-06T19:57:57Z
ATLO,31.38,2026-08-06T19:59:56Z
ATLX,2.96,2026-08-06T19:56:22Z
ATMU,54.54,2026-08-06T19:59:49Z
ATNI,30.6,2026-08-06T19:59:45Z
ATNM,0.75,2026-08-06T14:03:03Z
ATO,171.93,2026-08-06T19:59:45Z
ATOM,5.27,2026-08-06T19:59:42Z
ATOS,2.39,2026-08-06T19:59:44Z
ATPC,2.48,2026-08-06T19:25:51Z
ATR,135.705,2026-08-06T19:59:53Z
ATRA,8.36,2026-08-06T16:03:48Z
ATRC,39.5,2026-08-06T19:59:57Z
ATRO,76.01,2026-08-06T19:59:52Z
ATS,20.505,2026-08-06T19:59:29Z
ATTO,20.645,2026-08-06T19:59:59Z
ATYR,0.4983,2026-08-06T18:12:52Z
AU,87.62,2026-08-06T19:59:58Z
AUB,42.41,2026-08-06T19:59:48Z
AUB-A,24.7,2026-08-06T14:43:53Z
AUDC,9.92,2026-08-06T19:56:45Z
AUGO,65.64,2026-08-06T19:59:55Z
AUGP,33.9,2026-08-06T19:30:52Z
AUGU,32.32,2026-08-06T18:00:01Z
AUGW,34.65,2026-08-06T18:31:35Z
AUNA,5.23,2026-08-06T19:59:04Z
AUPH,16.12,2026-08-06T19:59:49Z
AUR,6.77,2026-08-06T19:59:54Z
AURA,7.735,2026-08-06T19:59:50Z
AUSF,51.68,2026-08-06T19:40:29Z
AUST,1.19,2026-08-06T16:50:46Z
AUTL,2.01,2026-08-06T19:59:56Z
AUUD,1.02,2026-08-06T18:03:35Z
AVA,38.42,2026-08-06T19:59:41Z
AVAH,9.31,2026-08-06T19:59:57Z
AVAL,5.1,2026-08-06T19:31:26Z
AVAT,0.34,2026-08-06T19:59:55Z
AVAV,171.025,2026-08-06T19:57:57Z
AVB,186.6,2026-08-06T19:59:44Z
AVBC,21.69,2026-08-06T19:59:22Z
AVBH,32.57,2026-08-06T19:58:28Z
AVBP,31.03,2026-08-06T19:59:48Z
AVD,2.56,2026-08-06T19:59:56Z
AVDE,92.925,2026-08-06T19:59:54Z
AVDS,78.62,2026-08-06T19:58:03Z
AVDV,108.12,2026-08-06T19:55:10Z
AVEE,67.34,2026-08-06T19:59:51Z
AVEM,91.71,2026-08-06T19:59:53Z
AVES,64.92,2026-08-06T19:58:54Z
AVEX,21.5,2026-08-06T19:59:58Z
AVGG,32.97,2026-08-06T19:31:06Z
AVGO,420.68,2026-08-06T19:59:59Z
AVGU,42.08,2026-08-06T19:50:00Z
AVGV,87.57,2026-08-06T19:07:19Z
AVGX,55.93,2026-08-06T19:59:55Z
AVIG,40.77,2026-08-06T19:56:53Z
AVIR,5,2026-08-06T19:59:00Z
AVIV,82.015,2026-08-06T19:25:30Z
AVK,12.715,2026-08-06T19:49:59Z
AVL,53.435,2026-08-06T19:55:00Z
AVLC,91.55,2026-08-06T17:18:02Z
AVLN,32.54,2026-08-06T19:56:31Z
AVLV,93.6,2026-08-06T19:59:45Z
AVMU,45.44,2026-08-06T19:43:12Z
AVMV,82.69,2026-08-06T19:47:15Z
AVNM,84.03,2026-08-06T19:33:06Z
AVNT,42.63,2026-08-06T19:59:52Z
AVNW,21.08,2026-08-06T19:59:21Z
AVO,12.54,2026-08-06T19:59:54Z
AVPT,12.765,2026-08-06T19:59:55Z
AVR,8.34,2026-08-06T19:59:49Z
AVRE,48.375,2026-08-06T19:33:46Z
AVRY,25,2026-08-06T18:59:33Z
AVS,6.98,2026-08-06T19:59:51Z
AVSC,74.01,2026-08-06T18:51:33Z
AVSF,46.3,2026-08-06T19:59:50Z
AVSU,89.99,2026-08-06T15:54:27Z
AVT,96.83,2026-08-06T19:59:47Z
AVTR,13.19,2026-08-06T19:59:57Z
AVTX,18.72,2026-08-06T19:59:51Z
AVUS,130.53,2026-08-06T19:59:45Z
AVUV,126.44,2026-08-06T19:59:51Z
AVX,3.22,2026-08-06T19:06:44Z
AVXL,3.28,2026-08-06T19:59:54Z
AVXX,6.65,2026-08-06T19:53:10Z
AVY,173.93,2026-08-06T19:59:46Z
AWF,10.12,2026-08-06T19:59:16Z
AWI,184.02,2026-08-06T19:58:47Z
AWK,134.84,2026-08-06T19:59:52Z
AWP,11.875,2026-08-06T19:42:04Z
AWR,85.72,2026-08-06T19:59:50Z
AWRE,1.2,2026-08-06T15:04:24Z
AX,102.14,2026-08-06T19:56:36Z
AXG,2.74,2026-08-06T19:45:12Z
AXGN,44.31,2026-08-06T19:59:54Z
AXIA,10.22,2026-08-06T19:59:59Z
AXIA-C,10.07,2026-08-06T19:56:26Z
AXINR,0.37,2026-08-06T19:47:01Z
AXON,522.43,2026-08-06T19:59:58Z
AXP,342.49,2026-08-06T19:59:54Z
AXR,22.075,2026-08-06T19:50:10Z
AXS,104.49,2026-08-06T19:59:56Z
AXS-E,18.74,2026-08-06T19:38:17Z
AXSM,210.455,2026-08-06T19:59:43Z
AXTA,37.56,2026-08-06T19:59:50Z
AXTI,75.145,2026-08-06T19:59:59Z
AXTL,4.34,2026-08-06T18:16:05Z
AXTU,6.03,2026-08-06T19:54:54Z
AXTX,11.01,2026-08-06T19:59:26Z
AYA,25.18,2026-08-06T19:59:51Z
AYI,357.24,2026-08-06T19:59:51Z
AYTU,2.28,2026-08-06T19:51:42Z
AZ,5.98,2026-08-06T19:59:28Z
AZI,1.6,2026-08-06T19:59:52Z
AZIO,1.45,2026-08-06T19:59:11Z
AZN,161.025,2026-08-06T19:59:58Z
AZO,3068.91,2026-08-06T19:59:54Z
AZTA,30.74,2026-08-06T19:59:56Z
AZTR,0.1351,2026-08-06T16:38:54Z
AZZ,151.23,2026-08-06T19:58:14Z
B,41.41,2026-08-06T19:59:56Z
BA,232.15,2026-08-06T19:59:59Z
BAB,26.395,2026-08-06T19:27:58Z
BABA,126.795,2026-08-06T19:59:59Z
BABO,8.52,2026-08-06T19:39:23Z
BABU,12.655,2026-08-06T19:59:45Z
BABX,23.37,2026-08-06T19:59:49Z
BAC,63.005,2026-08-06T19:59:59Z
BAC-K,24.03,2026-08-06T15:56:21Z
BAC-M,20.84,2026-08-06T17:58:53Z
BAC-N,19.395,2026-08-06T19:59:07Z
BAC-P,16.035,2026-08-06T19:35:20Z
BAER,1.685,2026-08-06T19:59:59Z
BAERW,0.23,2026-08-06T19:49:08Z
BAFN,6.29,2026-08-06T19:19:07Z
BAGX,101.33,2026-08-06T18:16:06Z
BAH,73.88,2026-08-06T19:59:51Z
BAI,43.89,2026-08-06T19:59:56Z
BAK,2.33,2026-08-06T19:59:46Z
BALI,34.75,2026-08-06T19:59:46Z
BALL,63.12,2026-08-06T19:59:57Z
BALT,34.625,2026-08-06T19:53:30Z
BALY,13.3,2026-08-06T18:08:51Z
BAM,53.17,2026-08-06T19:59:58Z
BAMB,25.81,2026-08-06T17:36:47Z
BAMD,34.29,2026-08-06T19:59:50Z
BAMG,44.73,2026-08-06T19:17:31Z
BAMO,35.18,2026-08-06T19:17:31Z
BAMV,37.53,2026-08-06T19:30:56Z
BANC,19,2026-08-06T19:59:57Z
BAND,44.63,2026-08-06T19:59:57Z
BANF,114.335,2026-08-06T14:19:11Z
BANR,70.51,2026-08-06T19:59:28Z
BANX,20.4,2026-08-06T14:26:55Z
BAOS,0.57,2026-08-06T19:02:22Z
BAP,392.36,2026-08-06T19:58:54Z
BAR,41.81,2026-08-06T19:59:02Z
BARK,9.36,2026-08-06T19:54:53Z
BASG,28.37,2026-08-06T19:59:50Z
BATL,1.355,2026-08-06T19:34:33Z
BATRA,52.5,2026-08-06T19:59:30Z
BATRK,48.735,2026-08-06T19:59:52Z
BATT,15.075,2026-08-06T19:59:45Z
BAUG,55.24,2026-08-06T18:35:08Z
BAX,27,2026-08-06T19:59:59Z
BB,8.77,2026-08-06T19:59:54Z
BBAG,45.19,2026-08-06T19:59:50Z
BBAI,3.01,2026-08-06T19:59:53Z
BBAR,17.4,2026-08-06T19:59:40Z
BBAX,64.67,2026-08-06T19:58:32Z
BBBS,50.685,2026-08-06T19:59:46Z
BBBY,4.495,2026-08-06T19:59:49Z
BBBY+,0.36,2026-08-06T15:59:47Z
BBC,52.21,2026-08-06T13:50:38Z
BBCA,104.58,2026-08-06T19:50:12Z
BBCP,9.675,2026-08-06T19:59:21Z
BBCQ,10.175,2026-08-06T19:59:57Z
BBD,3.41,2026-08-06T19:59:56Z
BBDC,9.17,2026-08-06T19:59:58Z
BBDO,3.185,2026-08-06T17:10:10Z
BBEU,80.16,2026-08-06T19:55:00Z
BBGI,25.47,2026-08-06T13:40:38Z
BBHM,12.11,2026-08-06T19:53:54Z
BBHY,45.71,2026-08-06T19:59:50Z
BBIN,80.63,2026-08-06T16:48:40Z
BBIO,82.82,2026-08-06T19:59:48Z
BBJP,76.855,2026-08-06T19:59:58Z
BBLU,17.32,2026-08-06T15:00:38Z
BBN,15.915,2026-08-06T19:59:41Z
BBNX,14.125,2026-08-06T19:59:47Z
BBOT,8.77,2026-08-06T19:59:59Z
BBRE,108.685,2026-08-06T19:25:17Z
BBSI,33.09,2026-08-06T19:59:34Z
BBT,31.59,2026-08-06T19:59:54Z
BBUC,29.62,2026-08-06T19:59:30Z
BBUS,138.61,2026-08-06T19:59:50Z
BBVA,28.125,2026-08-06T19:59:56Z
BBW,34.68,2026-08-06T19:57:45Z
BBWI,20.13,2026-08-06T19:59:52Z
BBY,79.975,2026-08-06T19:59:51Z
BBYY,9.835,2026-08-06T14:44:14Z
BC,81.105,2026-08-06T19:59:16Z
BC-C,23.99,2026-08-06T14:29:05Z
BCAB,3.3,2026-08-06T19:56:26Z
BCAL,21.35,2026-08-06T19:59:55Z
BCAR,4.76,2026-08-06T19:54:44Z
BCARW,0.6,2026-08-06T19:51:13Z
BCAT,15.955,2026-08-06T19:59:47Z
BCAX,27.48,2026-08-06T19:59:51Z
BCBP,8.82,2026-08-06T19:55:02Z
BCC,84.25,2026-08-06T19:59:55Z
BCD,35.985,2026-08-06T19:59:46Z
BCDA,0.9371,2026-08-06T19:07:14Z
BCE,22.755,2026-08-06T19:59:56Z
BCEM,26.42,2026-08-06T15:35:14Z
BCH,42.1,2026-08-06T19:59:42Z
BCHT,1.38,2026-08-06T17:52:01Z
BCI,23.735,2026-08-06T19:59:52Z
BCIC,7.36,2026-08-06T19:59:42Z
BCML,30.73,2026-08-06T19:58:57Z
BCO,112.675,2026-08-06T19:59:35Z
BCOR,21.25,2026-08-06T19:59:51Z
BCPC,180.57,2026-08-06T19:59:46Z
BCPL,24.5,2026-08-06T13:34:35Z
BCRX,9.31,2026-08-06T19:59:58Z
BCS,28.18,2026-08-06T19:59:59Z
BCSF,12.93,2026-08-06T19:59:41Z
BCTX,3.47,2026-08-06T19:58:26Z
BCV,24.38,2026-08-06T14:04:17Z
BCX,12.005,2026-08-06T19:58:46Z
BCYC,3.97,2026-08-06T19:59:54Z
BDBT,24.84,2026-08-06T17:36:44Z
BDC,129.09,2026-08-06T19:59:45Z
BDEC,54.37,2026-08-06T16:37:03Z
BDGS,36.95,2026-08-06T14:13:48Z
BDIV,25.23,2026-08-06T19:59:50Z
BDJ,9.775,2026-08-06T19:59:50Z
BDMD,1.16,2026-08-06T17:26:41Z
BDN,3.22,2026-08-06T19:59:56Z
BDRX,1.41,2026-08-06T19:27:49Z
BDRY,13.81,2026-08-06T14:04:08Z
BDSX,22.225,2026-08-06T19:58:29Z
BDTX,1.92,2026-08-06T19:59:52Z
BDVG,15.03,2026-08-06T17:21:38Z
BDVL,26.74,2026-08-06T19:54:16Z
BDX,177.04,2026-08-06T19:59:59Z
BDYN,28.255,2026-08-06T19:59:52Z
BE,228.82,2026-08-06T19:59:54Z
BEAM,27.22,2026-08-06T19:59:51Z
BEAT,0.5101,2026-08-06T17:35:53Z
BEC,14.19,2026-08-06T19:41:26Z
BEDY,29.83,2026-08-06T19:59:04Z
BEEM,1.13,2026-08-06T19:50:32Z
BEEP,2.03,2026-08-06T19:59:04Z
BEG,41.285,2026-08-06T18:16:37Z
BEKE,16.92,2026-08-06T19:59:59Z
BELFA,234.88,2026-08-06T19:48:47Z
BELFB,291.02,2026-08-06T19:51:45Z
BELT,39.88,2026-08-06T16:28:21Z
BEN,34,2026-08-06T19:59:58Z
BEP,32.75,2026-08-06T19:59:57Z
BEPC,33.34,2026-08-06T19:59:56Z
BEPJ,24.42,2026-08-06T14:19:21Z
BERZ,22.21,2026-08-06T19:55:01Z
BESS,2.93,2026-08-06T19:45:25Z
BETA,22.715,2026-08-06T19:59:58Z
BETR,16.61,2026-08-06T19:59:39Z
BETZ,18.755,2026-08-06T16:14:42Z
BEX,27.63,2026-08-06T19:57:38Z
BEZ,10.19,2026-08-06T19:58:26Z
BF.A,28.585,2026-08-06T19:50:01Z
BF.B,28.22,2026-08-06T19:59:44Z
BFAM,73.94,2026-08-06T19:59:47Z
BFC,154.43,2026-08-06T18:51:41Z
BFH,109.8,2026-08-06T19:59:49Z
BFLB,55.32,2026-08-06T19:38:58Z
BFLX,26.24,2026-08-06T19:57:52Z
BFLY,8.29,2026-08-06T19:59:56Z
BFOR,24.27,2026-08-06T17:02:04Z
BFRG,0.6088,2026-08-06T18:21:46Z
BFRI,1.25,2026-08-06T19:54:36Z
BFS,33.8,2026-08-06T19:59:13Z
BFST,31.72,2026-08-06T19:59:41Z
BG,109.1,2026-08-06T19:59:49Z
BGB,11.24,2026-08-06T19:53:36Z
BGC,10.51,2026-08-06T19:59:59Z
BGDE,6.085,2026-08-06T15:07:14Z
BGGG,35.44,2026-08-06T19:51:18Z
BGH,14.215,2026-08-06T19:09:55Z
BGI,0.352,2026-08-06T19:58:29Z
BGIG,37.19,2026-08-06T14:47:43Z
BGL,0.1815,2026-08-06T19:59:45Z
BGLD,16.75,2026-08-06T18:58:09Z
BGLWW,0.0483,2026-08-06T17:41:48Z
BGM,0.3011,2026-08-06T18:09:47Z
BGMS,0.9506,2026-08-06T14:56:33Z
BGR,15.95,2026-08-06T19:59:13Z
BGS,3.43,2026-08-06T19:59:56Z
BGSI,103.63,2026-08-06T19:56:12Z
BGT,10.86,2026-08-06T19:59:40Z
BGX,10.8,2026-08-06T19:13:43Z
BGY,5.78,2026-08-06T19:59:46Z
BH,385.61,2026-08-06T19:46:17Z
BH.A,1948.08,2026-08-06T19:32:05Z
BHB,40.19,2026-08-06T19:58:26Z
BHC,5.91,2026-08-06T19:59:59Z
BHE,82.25,2026-08-06T19:58:54Z
BHF,62.14,2026-08-06T19:59:53Z
BHFAL,15.8,2026-08-06T18:45:56Z
BHFAO,14.28,2026-08-06T18:58:59Z
BHFAP,13.9,2026-08-06T18:55:25Z
BHK,9.145,2026-08-06T19:59:25Z
BHP,87.89,2026-08-06T19:59:49Z
BHR,2.13,2026-08-06T19:59:42Z
BHR-B,13.63,2026-08-06T13:47:00Z
BHR-D,17.35,2026-08-06T14:17:59Z
BHRB,73.76,2026-08-06T19:59:37Z
BHST,2.57,2026-08-06T19:52:57Z
BHVN,14.43,2026-08-06T19:59:56Z
BHYP,31.38,2026-08-06T14:29:07Z
BIAF,0.5298,2026-08-06T19:22:09Z
BIB,101.92,2026-08-06T18:05:48Z
BIBL,56.085,2026-08-06T19:24:53Z
BIDD,30.515,2026-08-06T19:00:42Z
BIDU,109.35,2026-08-06T19:59:41Z
BIGY,52.38,2026-08-06T19:59:50Z
BIIB,206.16,2026-08-06T19:59:41Z
BIL,91.445,2026-08-06T19:55:55Z
BILI,18.64,2026-08-06T19:59:56Z
BILL,46.98,2026-08-06T19:59:48Z
BILS,99.18,2026-08-06T19:54:54Z
BILT,27.835,2026-08-06T19:25:11Z
BILZ,100.7,2026-08-06T19:02:49Z
BINC,51.96,2026-08-06T19:59:51Z
BINT,32.665,2026-08-06T19:06:43Z
BINV,45.56,2026-08-06T18:18:40Z
BIO,343.03,2026-08-06T19:59:17Z
BIOA,11.22,2026-08-06T19:59:56Z
BIOT,0.4073,2026-08-06T19:58:48Z
BIOX,0.3749,2026-08-06T19:50:31Z
BIOY,21.33,2026-08-06T19:53:39Z
BIP,39.07,2026-08-06T19:59:48Z
BIP-A,17.47,2026-08-06T15:14:08Z
BIPC,39.625,2026-08-06T19:59:59Z
BIRD,2.39,2026-08-06T19:59:39Z
BIRK,37.21,2026-08-06T19:59:54Z
BIS,13.2,2026-08-06T19:56:57Z
BIT,12.3,2026-08-06T19:56:25Z
BITA,51.59,2026-08-06T13:52:29Z
BITB,34.945,2026-08-06T19:59:49Z
BITI,23.765,2026-08-06T19:59:02Z
BITO,8.7,2026-08-06T19:59:43Z
BITU,9.47,2026-08-06T19:59:43Z
BITW,41.6,2026-08-06T14:46:24Z
BITX,12.21,2026-08-06T19:59:46Z
BIV,75.54,2026-08-06T19:59:43Z
BIVI,1.355,2026-08-06T19:59:34Z
BIVIW,0.21,2026-08-06T16:10:06Z
BIYA,2.82,2026-08-06T19:59:44Z
BIZD,13.13,2026-08-06T19:59:59Z
BJ,97.265,2026-08-06T19:59:48Z
BJDX,1.11,2026-08-06T19:57:00Z
BJRI,69.85,2026-08-06T19:58:26Z
BKCH,65.46,2026-08-06T18:16:05Z
BKCI,54.54,2026-08-06T18:55:36Z
BKD,14.35,2026-08-06T19:59:56Z
BKDV,34.6,2026-08-06T19:44:06Z
BKE,45.69,2026-08-06T19:58:53Z
BKFI,23.49,2026-08-06T17:24:05Z
BKGI,44.665,2026-08-06T19:57:51Z
BKH,72.83,2026-08-06T19:59:48Z
BKIE,34.485,2026-08-06T19:53:53Z
BKKT,7.1,2026-08-06T19:59:49Z
BKLC,49.1,2026-08-06T15:32:01Z
BKLN,20.495,2026-08-06T19:59:50Z
BKMC,41.27,2026-08-06T17:21:10Z
BKMI,25.96,2026-08-06T16:07:33Z
BKNG,207.45,2026-08-06T19:59:58Z
BKR,62.77,2026-08-06T19:59:58Z
BKSY,27.74,2026-08-06T19:59:45Z
BKT,10.52,2026-08-06T19:57:30Z
BKU,46.65,2026-08-06T19:59:47Z
BKV,23.97,2026-08-06T19:59:58Z
BKYI,3.94,2026-08-06T18:31:29Z
BL,30.005,2026-08-06T19:59:47Z
BLBD,66.015,2026-08-06T19:59:58Z
BLCO,16.34,2026-08-06T19:59:50Z
BLCR,50.25,2026-08-06T19:32:41Z
BLDG,26.89,2026-08-06T17:19:37Z
BLDP,2.54,2026-08-06T19:59:42Z
BLDR,72.48,2026-08-06T19:59:53Z
BLES,49.59,2026-08-06T14:30:22Z
BLFS,33.91,2026-08-06T19:59:48Z
BLIN,1.12,2026-08-06T18:01:35Z
BLK,1129.165,2026-08-06T19:59:49Z
BLKB,46.39,2026-08-06T19:59:49Z
BLLN,91.625,2026-08-06T19:59:50Z
BLMN,10.875,2026-08-06T19:59:56Z
BLND,1.95,2026-08-06T19:59:59Z
BLNE,0.999,2026-08-06T15:47:31Z
BLNK,0.5439,2026-08-06T19:59:29Z
BLOK,59.685,2026-08-06T19:43:08Z
BLOX,13.24,2026-08-06T19:44:12Z
BLRK,10.06,2026-08-06T14:27:50Z
BLSH,23.025,2026-08-06T19:59:59Z
BLST,24.86,2026-08-06T19:49:01Z
BLTD,24.455,2026-08-06T17:05:21Z
BLTE,161.145,2026-08-06T19:55:07Z
BLUX,32.7,2026-08-06T15:46:22Z
BLV,66.185,2026-08-06T19:59:25Z
BLW,12.545,2026-08-06T19:48:36Z
BLX,57.82,2026-08-06T19:21:33Z
BLZE,18.105,2026-08-06T19:59:55Z
BMA,86.22,2026-08-06T19:59:47Z
BMAR,58.71,2026-08-06T16:37:05Z
BMBL,2.845,2026-08-06T19:59:53Z
BME,43.69,2026-08-06T13:36:47Z
BMEA,1.25,2026-08-06T19:59:54Z
BMEZ,15.71,2026-08-06T19:55:41Z
BMI,137.19,2026-08-06T19:59:25Z
BMM,5.91,2026-08-06T19:59:42Z
BMNG,15.57,2026-08-06T19:59:45Z
BMNP,89.25,2026-08-06T17:53:16Z
BMNR,18.32,2026-08-06T19:59:55Z
BMNU,11.36,2026-08-06T19:59:48Z
BMNZ,12.585,2026-08-06T19:59:53Z
BMO,180.765,2026-08-06T19:59:42Z
BMOP,24.67,2026-08-06T16:05:38Z
BMR,1.31,2026-08-06T18:15:06Z
BMRA,1.6,2026-08-06T19:59:06Z
BMRC,28.7,2026-08-06T19:59:33Z
BMRN,61.44,2026-08-06T19:59:54Z
BMY,64.16,2026-08-06T19:59:56Z
BN,43.975,2026-08-06T19:59:48Z
BNAI,13.77,2026-08-06T19:59:45Z
BNC,2.285,2026-08-06T19:59:54Z
BND,72.25,2026-08-06T19:59:59Z
BNDS,50.19,2026-08-06T14:15:00Z
BNDW,67.59,2026-08-06T19:59:51Z
BNDX,47.9,2026-08-06T19:59:54Z
BNDY,24.745,2026-08-06T17:54:06Z
BNED,12.63,2026-08-06T19:59:53Z
BNKU,46.2,2026-08-06T16:06:51Z
BNL,21.16,2026-08-06T19:59:56Z
BNO,47.38,2026-08-06T19:59:07Z
BNRG,0.3638,2026-08-06T16:35:57Z
BNS,88.29,2026-08-06T19:59:51Z
BNT,44.665,2026-08-06T19:50:10Z
BNTC,13.18,2026-08-06T19:59:15Z
BNTX,91.16,2026-08-06T19:59:49Z
BNY,158.855,2026-08-06T19:59:53Z
BNY-K,24.86,2026-08-06T17:57:51Z
BNZI,1.885,2026-08-06T19:24:37Z
BOAT,43.73,2026-08-06T18:28:57Z
BOBS,18.05,2026-08-06T19:59:54Z
BOC,14.3,2026-08-06T19:59:41Z
BOCT,54.19,2026-08-06T14:42:55Z
BODI,10.49,2026-08-06T19:49:14Z
BOE,12.23,2026-08-06T19:57:51Z
BOH,79.06,2026-08-06T19:59:57Z
BOIL,18.74,2026-08-06T19:59:55Z
BOKF,144.37,2026-08-06T19:59:18Z
BOLD,2.85,2026-08-06T19:59:59Z
BOLT,3.9,2026-08-06T18:26:48Z
BOND,90.53,2026-08-06T19:52:51Z
BOOM,7.53,2026-08-06T19:59:21Z
BOOT,164.14,2026-08-06T19:59:48Z
BORR,3.895,2026-08-06T19:59:59Z
BOSC,4.505,2026-08-06T19:59:13Z
BOT,28.19,2026-08-06T19:58:45Z
BOTJ,27.06,2026-08-06T19:35:53Z
BOTT,45,2026-08-06T13:37:49Z
BOTZ,36.915,2026-08-06T19:59:51Z
BOW,33.75,2026-08-06T19:59:49Z
BOX,31.84,2026-08-06T19:59:54Z
BOXL,3.15,2026-08-06T15:17:35Z
BOXX,117.725,2026-08-06T19:57:26Z
BP,42.24,2026-08-06T19:59:59Z
BPOP,176.2,2026-08-06T19:59:51Z
BPRE,12.77,2026-08-06T19:59:58Z
BPRN,42.065,2026-08-06T19:52:00Z
BPYPN,13.91,2026-08-06T19:58:50Z
BPYPO,15.35,2026-08-06T14:59:55Z
BR,164.65,2026-08-06T19:59:48Z
BRBR,12.145,2026-08-06T19:59:48Z
BRBS,3.685,2026-08-06T19:58:33Z
BRC,98.35,2026-08-06T19:59:45Z
BRCB,7.51,2026-08-06T19:58:54Z
BRCC,0.9835,2026-08-06T19:53:42Z
BRES,27.53,2026-08-06T15:12:54Z
BRIE,30.65,2026-08-06T19:54:01Z
BRIF,37.71,2026-08-06T19:59:34Z
BRK.B,524.82,2026-08-06T19:59:56Z
BRKC,41.26,2026-08-06T15:27:30Z
BRKL,26.34,2026-08-06T19:32:57Z
BRKR,51.305,2026-08-06T19:59:59Z
BRKU,25.03,2026-08-06T19:59:33Z
BRLT,1.215,2026-08-06T19:49:19Z
BRN,0.994,2026-08-06T17:36:15Z
BRNY,58.8,2026-08-06T13:30:00Z
BRO,71.075,2026-08-06T19:59:42Z
BROS,53.34,2026-08-06T19:59:55Z
BRR,1.7,2026-08-06T19:59:58Z
BRRR,18.15,2026-08-06T19:59:42Z
BRSL,11.07,2026-08-06T19:59:56Z
BRSP,5.05,2026-08-06T19:59:57Z
BRSV,45.02,2026-08-06T19:56:31Z
BRT,14.44,2026-08-06T19:59:58Z
BRTMU,9.96,2026-08-06T17:29:58Z
BRTR,49.475,2026-08-06T19:59:34Z
BRTX,0.2118,2026-08-06T19:49:31Z
BRUN,17.18,2026-08-06T19:59:49Z
BRUNW,7.78,2026-08-06T14:43:06Z
BRVE,30.505,2026-08-06T19:59:56Z
BRW,6.69,2026-08-06T19:55:32Z
BRX,30.12,2026-08-06T19:59:54Z
BRZE,25.71,2026-08-06T19:59:43Z
BSAC,35.715,2026-08-06T19:59:43Z
BSBK,8.98,2026-08-06T13:35:56Z
BSBR,5.785,2026-08-06T19:59:52Z
BSCA,19.8,2026-08-06T15:55:49Z
BSCQ,19.54,2026-08-06T19:40:01Z
BSCR,19.625,2026-08-06T17:27:46Z
BSCS,20.345,2026-08-06T19:59:46Z
BSCT,18.53,2026-08-06T19:59:55Z
BSCU,16.55,2026-08-06T19:59:51Z
BSCV,16.27,2026-08-06T19:59:55Z
BSCW,20.315,2026-08-06T19:59:45Z
BSCX,20.81,2026-08-06T19:59:50Z
BSCY,20.38,2026-08-06T19:54:33Z
BSCZ,20.12,2026-08-06T19:37:02Z
BSEP,53.68,2026-08-06T19:47:09Z
BSET,20.39,2026-08-06T19:58:39Z
BSGT,24.99,2026-08-06T19:33:08Z
BSIN,1.22,2026-08-06T19:59:33Z
BSJQ,22.91,2026-08-06T19:59:50Z
BSJR,22.37,2026-08-06T19:59:59Z
BSJS,21.77,2026-08-06T19:59:45Z
BSJT,21.155,2026-08-06T19:54:39Z
BSJU,25.745,2026-08-06T18:01:36Z
BSJV,26.08,2026-08-06T18:51:33Z
BSL,13.02,2026-08-06T19:28:18Z
BSM,14.18,2026-08-06T19:59:48Z
BSMC,40.79,2026-08-06T17:09:53Z
BSMQ,23.55,2026-08-06T17:55:10Z
BSMR,23.68,2026-08-06T19:59:45Z
BSMW,24.785,2026-08-06T18:25:47Z
BSMY,24.1,2026-08-06T19:59:50Z
BSOL,9.935,2026-08-06T19:59:54Z
BSP,45.2,2026-08-06T19:59:57Z
BSRR,40.78,2026-08-06T19:47:29Z
BSSX,25.46,2026-08-06T13:36:01Z
BST,48.225,2026-08-06T19:24:46Z
BSTP,40.13,2026-08-06T14:23:56Z
BSTZ,29.53,2026-08-06T19:59:43Z
BSV,77.45,2026-08-06T19:59:59Z
BSVO,29.78,2026-08-06T18:59:50Z
BSX,49.275,2026-08-06T19:59:57Z
BSY,35.35,2026-08-06T19:59:56Z
BTAI,0.8251,2026-08-06T19:43:22Z
BTAL,12.145,2026-08-06T19:58:51Z
BTBT,1.36,2026-08-06T19:59:56Z
BTC,28.475,2026-08-06T19:59:33Z
BTCC,13.09,2026-08-06T14:02:48Z
BTCI,28.58,2026-08-06T19:59:51Z
BTCO,64.06,2026-08-06T13:49:18Z
BTCS,1.055,2026-08-06T19:41:57Z
BTCT,0.5052,2026-08-06T19:59:06Z
BTCW,68.07,2026-08-06T19:59:58Z
BTCZ,5.4,2026-08-06T19:59:50Z
BTDL,17.02,2026-08-06T14:47:54Z
BTDR,10.505,2026-08-06T19:59:55Z
BTE,4.14,2026-08-06T19:59:47Z
BTF,17.51,2026-08-06T13:50:02Z
BTG,4.095,2026-08-06T19:59:59Z
BTGD,22.02,2026-08-06T19:55:01Z
BTGO,4.97,2026-08-06T19:59:49Z
BTI,58.73,2026-08-06T19:59:59Z
BTMD,1.595,2026-08-06T19:58:55Z
BTO,40.29,2026-08-06T18:18:11Z
BTOC,0.2764,2026-08-06T13:44:35Z
BTOG,0.7722,2026-08-06T16:03:36Z
BTQ,3.99,2026-08-06T19:59:23Z
BTR,28.1,2026-08-06T18:13:57Z
BTSG,60.6,2026-08-06T19:59:54Z
BTT,22.49,2026-08-06T16:07:21Z
BTU,23.45,2026-08-06T19:59:47Z
BTX,8.4,2026-08-06T19:59:59Z
BTZ,10.16,2026-08-06T19:58:43Z
BUCK,23.33,2026-08-06T19:59:50Z
BUD,83.96,2026-08-06T19:59:48Z
BUFB,40.16,2026-08-06T18:55:35Z
BUFC,43.1,2026-08-06T15:54:43Z
BUFD,30.16,2026-08-06T19:50:01Z
BUFF,53.54,2026-08-06T19:59:01Z
BUFG,29.89,2026-08-06T18:21:41Z
BUFH,21.59,2026-08-06T19:51:20Z
BUFM,41.11,2026-08-06T19:30:52Z
BUFP,32.66,2026-08-06T19:59:51Z
BUFQ,39.28,2026-08-06T18:38:10Z
BUFR,37.235,2026-08-06T19:54:17Z
BUFT,26.23,2026-08-06T19:59:50Z
BUFX,22.48,2026-08-06T18:29:18Z
BUFY,23.88,2026-08-06T19:45:11Z
BUFZ,28.35,2026-08-06T19:59:46Z
BUG,40.71,2026-08-06T19:59:20Z
BUI,26.995,2026-08-06T19:56:39Z
BULL,7.21,2026-08-06T19:59:57Z
BULLW,2.38,2026-08-06T17:20:43Z
BULZ,35.38,2026-08-06T19:59:36Z
BUR,4.3,2026-08-06T19:59:54Z
BURL,371.25,2026-08-06T19:59:49Z
BUSA,41.52,2026-08-06T16:30:18Z
BUSE,31.075,2026-08-06T19:59:55Z
BUSEP,25.9,2026-08-06T17:28:08Z
BUXX,20.21,2026-08-06T19:57:46Z
BUYW,14.565,2026-08-06T19:59:45Z
BUZZ,34.875,2026-08-06T19:58:29Z
BV,10.925,2026-08-06T19:59:51Z
BVN,32.61,2026-08-06T19:59:51Z
BVS,13.98,2026-08-06T19:59:50Z
BW,9.375,2026-08-06T19:59:55Z
BWA,65.78,2026-08-06T19:59:53Z
BWAY,15.64,2026-08-06T19:59:41Z
BWB,21.24,2026-08-06T19:59:27Z
BWEN,4.46,2026-08-06T19:59:52Z
BWFG,66.76,2026-08-06T19:59:37Z
BWIN,28.615,2026-08-06T19:59:53Z
BWLP,21.56,2026-08-06T19:59:29Z
BWMN,26.9,2026-08-06T19:59:47Z
BWMX,16.62,2026-08-06T19:58:41Z
BWQG,25.37,2026-08-06T14:39:20Z
BWTG,42.8,2026-08-06T17:42:02Z
BWX,21.855,2026-08-06T19:59:45Z
BWXT,166.53,2026-08-06T19:59:47Z
BWZ,27.15,2026-08-06T19:59:51Z
BX,133.47,2026-08-06T19:59:55Z
BXBL,4.37,2026-08-06T16:53:06Z
BXC,83.25,2026-08-06T19:50:01Z
BXDC,19.78,2026-08-06T19:59:48Z
BXMT,13.85,2026-08-06T19:59:57Z
BXP,68.795,2026-08-06T19:59:36Z
BXSL,24.155,2026-08-06T19:59:57Z
BY,39.3,2026-08-06T19:59:57Z
BYAH,3.09,2026-08-06T19:51:07Z
BYD,84.105,2026-08-06T19:59:56Z
BYLD,22.305,2026-08-06T17:19:01Z
BYND,0.5236,2026-08-06T19:59:49Z
BYRN,4.345,2026-08-06T19:59:54Z
BZ,16.1,2026-08-06T19:59:53Z
BZAI,0.9801,2026-08-06T19:58:40Z
BZFD,1.125,2026-08-06T19:59:15Z
BZH,33.46,2026-08-06T19:59:19Z
BZQ,21,2026-08-06T18:07:32Z
BZUN,2.91,2026-08-06T19:59:54Z
C,133.83,2026-08-06T19:59:58Z
C-N,26.26,2026-08-06T19:59:58Z
C-R,24.58,2026-08-06T19:50:32Z
CAAP,26.225,2026-08-06T19:59:13Z
CABA,2.77,2026-08-06T19:59:58Z
CABO,44.54,2026-08-06T19:59:48Z
CABR,1.57,2026-08-06T19:59:13Z
CABZ,22.61,2026-08-06T13:33:10Z
CAC,58.57,2026-08-06T19:55:00Z
CACC,581,2026-08-06T19:59:53Z
CACI,628.55,2026-08-06T19:59:43Z
CADL,10.6,2026-08-06T19:59:48Z
CAE,26.785,2026-08-06T19:59:47Z
CAFG,34.14,2026-08-06T15:22:44Z
CAG,14.85,2026-08-06T19:59:54Z
CAGE,29.05,2026-08-06T19:59:28Z
CAH,237.61,2026-08-06T19:59:56Z
CAI,19.985,2026-08-06T19:59:56Z
CAIE,27.21,2026-08-06T19:59:51Z
CAIQ,25.79,2026-08-06T19:59:30Z
CAKE,107.28,2026-08-06T19:59:50Z
CAL,14.45,2026-08-06T19:59:46Z
CALC,0.7354,2026-08-06T14:33:23Z
CALF,55.145,2026-08-06T19:59:29Z
CALI,50.375,2026-08-06T19:59:46Z
CALM,84.925,2026-08-06T19:59:54Z
CALX,37.505,2026-08-06T19:59:53Z
CALY,17.375,2026-08-06T19:59:57Z
CAM,24.86,2026-08-06T18:31:09Z
CAML,41.16,2026-08-06T13:32:10Z
CAMP,4.46,2026-08-06T19:58:05Z
CAMT,149.7,2026-08-06T19:59:45Z
CAN,0.1973,2026-08-06T19:59:28Z
CANC,41.79,2026-08-06T19:59:51Z
CANE,10.18,2026-08-06T19:42:12Z
CANF,3.52,2026-08-06T19:25:29Z
CANG,1.64,2026-08-06T19:59:04Z
CAOS,90.43,2026-08-06T18:59:58Z
CAPL,21.49,2026-08-06T16:18:20Z
CAPR,4.185,2026-08-06T19:59:59Z
CAPS,0.2715,2026-08-06T19:59:16Z
CAR,138.7,2026-08-06T19:59:30Z
CARD,2.38,2026-08-06T19:52:42Z
CARE,33.88,2026-08-06T19:59:49Z
CARG,36.36,2026-08-06T19:59:51Z
CARL,13.78,2026-08-06T19:59:28Z
CARR,63.93,2026-08-06T19:59:54Z
CARS,11.73,2026-08-06T19:59:55Z
CART,45.06,2026-08-06T19:59:57Z
CASH,88.65,2026-08-06T19:59:26Z
CASS,58.19,2026-08-06T19:59:17Z
CAST,1.22,2026-08-06T19:52:12Z
CASY,832.49,2026-08-06T19:59:52Z
CAT,857.41,2026-08-06T19:59:58Z
CATG,11.9,2026-08-06T19:57:34Z
CATH,91.48,2026-08-06T19:59:51Z
CATO,3.3,2026-08-06T16:12:28Z
CATX,2.96,2026-08-06T19:59:57Z
CATY,63.66,2026-08-06T19:59:53Z
CAVA,62.19,2026-08-06T19:59:57Z
CB,354.01,2026-08-06T19:59:53Z
CBAN,21.995,2026-08-06T19:57:10Z
CBAT,0.5937,2026-08-06T19:10:56Z
CBC,33.28,2026-08-06T19:59:50Z
CBIO,16.465,2026-08-06T19:59:42Z
CBL,54.4,2026-08-06T19:59:42Z
CBLL,18.23,2026-08-06T19:59:52Z
CBNK,37.825,2026-08-06T19:59:11Z
CBOE,288.55,2026-08-06T19:59:44Z
CBRE,147.55,2026-08-06T19:59:52Z
CBRG,4.455,2026-08-06T19:59:32Z
CBRL,58.18,2026-08-06T19:59:05Z
CBRS,210.99,2026-08-06T19:59:48Z
CBRX,13.14,2026-08-06T19:46:58Z
CBRZ,10.915,2026-08-06T19:54:34Z
CBSE,47.54,2026-08-06T16:28:56Z
CBSH,59.1,2026-08-06T19:59:49Z
CBT,87.545,2026-08-06T19:59:50Z
CBTJ,17.63,2026-08-06T13:31:06Z
CBTO,19.74,2026-08-06T18:59:56Z
CBU,65.57,2026-08-06T19:55:19Z
CBUS,1.85,2026-08-06T19:57:28Z
CBZ,54.48,2026-08-06T19:59:53Z
CC,15.105,2026-08-06T19:59:57Z
CCAP,11.78,2026-08-06T19:55:57Z
CCB,43.905,2026-08-06T19:59:43Z
CCBG,52.43,2026-08-06T19:50:13Z
CCC,6.53,2026-08-06T19:59:58Z
CCCC,3.645,2026-08-06T19:59:56Z
CCCT,9.85,2026-08-06T14:05:54Z
CCCTU,10,2026-08-06T14:51:39Z
CCD,25.54,2026-08-06T19:01:36Z
CCEC,23.25,2026-08-06T14:49:35Z
CCEL,3.65,2026-08-06T13:30:57Z
CCEP,108.255,2026-08-06T19:59:58Z
CCG,13.595,2026-08-06T18:14:23Z
CCI,74.895,2026-08-06T19:59:49Z
CCIF,2.81,2026-08-06T15:04:13Z
CCJ,93.62,2026-08-06T19:59:54Z
CCK,121.06,2026-08-06T19:59:41Z
CCL,28.8,2026-08-06T19:59:59Z
CCLD,2.315,2026-08-06T19:59:54Z
CCM,5.2,2026-08-06T14:18:28Z
CCNE,35.11,2026-08-06T19:59:38Z
CCNEP,25.14,2026-08-06T13:35:49Z
CCO,2.41,2026-08-06T19:59:56Z
CCOI,10.9,2026-08-06T19:59:49Z
CCS,68.905,2026-08-06T19:59:55Z
CCSI,37.44,2026-08-06T19:25:37Z
CCSO,27.09,2026-08-06T13:31:20Z
CCTG,0.7068,2026-08-06T15:31:21Z
CCU,11.94,2026-08-06T19:58:46Z
CCUP,1.46,2026-08-06T19:35:01Z
CCXI,16.405,2026-08-06T19:59:31Z
CCXIU,16.5,2026-08-06T15:12:56Z
CD,3.05,2026-08-06T19:59:09Z
CDE,15.64,2026-08-06T19:59:57Z
CDIO,1.69,2026-08-06T18:55:23Z
CDLR,23.02,2026-08-06T19:49:47Z
CDLX,3.54,2026-08-06T19:59:28Z
CDNA,44.78,2026-08-06T19:59:57Z
CDNL,62.54,2026-08-06T19:59:42Z
CDNS,338.25,2026-08-06T19:59:56Z
CDP,37.205,2026-08-06T19:59:46Z
CDR-B,18.27,2026-08-06T17:49:46Z
CDRE,35,2026-08-06T19:59:58Z
CDT,3.41,2026-08-06T17:43:38Z
CDW,141.945,2026-08-06T19:59:54Z
CDX,20.72,2026-08-06T19:59:59Z
CDXS,1.48,2026-08-06T19:59:55Z
CDZI,3.28,2026-08-06T19:59:56Z
CE,43.905,2026-08-06T19:59:46Z
CECO,68.62,2026-08-06T19:59:43Z
CEE,20.95,2026-08-06T14:48:33Z
CEF,42.36,2026-08-06T19:59:50Z
CEFA,41.23,2026-08-06T16:07:34Z
CEFS,25.125,2026-08-06T19:59:38Z
CEFZ,8.245,2026-08-06T18:34:17Z
CEG,261.02,2026-08-06T19:59:53Z
CEGX,12.84,2026-08-06T15:26:37Z
CELC,93.315,2026-08-06T19:59:44Z
CELH,23.765,2026-08-06T19:59:58Z
CELZ,1.16,2026-08-06T19:59:27Z
CEMB,45.22,2026-08-06T18:52:36Z
CENT,46.48,2026-08-06T19:58:59Z
CENTA,40.61,2026-08-06T19:59:48Z
CENX,45.82,2026-08-06T19:59:51Z
CEPI,31.34,2026-08-06T19:59:06Z
CEPL,8.15,2026-08-06T19:59:30Z
CEPU,13.84,2026-08-06T19:59:42Z
CERS,2.315,2026-08-06T19:59:52Z
CERT,8.125,2026-08-06T19:59:55Z
CERY,35.72,2026-08-06T15:55:09Z
CET,55.34,2026-08-06T19:59:43Z
CETX,2.87,2026-08-06T19:59:48Z
CEV,10.28,2026-08-06T18:19:20Z
CEVA,35.58,2026-08-06T19:59:56Z
CF,116.725,2026-08-06T19:59:51Z
CFBK,36.2,2026-08-06T19:21:45Z
CFFN,8.98,2026-08-06T19:59:49Z
CFG,72.46,2026-08-06T19:59:56Z
CFG-H,25.71,2026-08-06T18:00:17Z
CFG-I,24.86,2026-08-06T19:36:10Z
CFIT,25.9,2026-08-06T15:55:28Z
CFND,2.87,2026-08-06T19:58:29Z
CFO,82.07,2026-08-06T18:42:12Z
CFR,164.72,2026-08-06T19:59:45Z
CG,48.865,2026-08-06T19:59:53Z
CGABL,16.065,2026-08-06T17:54:53Z
CGAU,19.82,2026-08-06T19:59:58Z
CGBD,10.67,2026-08-06T19:59:59Z
CGBL,38.17,2026-08-06T19:58:03Z
CGC,0.9486,2026-08-06T19:59:41Z
CGCB,25.84,2026-08-06T19:57:46Z
CGCP,22,2026-08-06T19:59:59Z
CGCV,33.695,2026-08-06T19:58:41Z
CGDG,38.73,2026-08-06T19:59:58Z
CGDV,51.005,2026-08-06T19:59:58Z
CGEM,17.98,2026-08-06T19:59:45Z
CGEN,2.31,2026-08-06T19:59:42Z
CGGE,35.615,2026-08-06T19:57:45Z
CGGO,40.365,2026-08-06T19:59:52Z
CGGR,46.565,2026-08-06T19:59:23Z
CGHM,25.455,2026-08-06T19:59:46Z
CGIB,25.43,2026-08-06T15:10:52Z
CGIC,36.525,2026-08-06T19:59:53Z
CGIE,37.64,2026-08-06T19:59:50Z
CGMM,32.81,2026-08-06T19:59:46Z
CGMS,27.13,2026-08-06T19:59:52Z
CGMU,27.105,2026-08-06T19:59:55Z
CGNG,36.38,2026-08-06T19:59:25Z
CGNT,9.03,2026-08-06T19:59:53Z
CGNX,67.35,2026-08-06T19:59:53Z
CGO,13.02,2026-08-06T16:28:35Z
CGON,74.74,2026-08-06T19:59:57Z
CGSD,25.675,2026-08-06T19:59:46Z
CGSM,26.29,2026-08-06T19:59:50Z
CGTX,1.125,2026-08-06T19:59:53Z
CGUS,46.055,2026-08-06T19:59:58Z
CGVV,32.12,2026-08-06T19:59:45Z
CGW,66.4,2026-08-06T19:43:27Z
CGXU,34.365,2026-08-06T19:59:55Z
CHA,10.175,2026-08-06T19:59:49Z
CHAI,0.3443,2026-08-06T19:57:06Z
CHAT,87.98,2026-08-06T19:59:16Z
CHAU,22.145,2026-08-06T19:25:06Z
CHCI,15.17,2026-08-06T15:54:45Z
CHCO,145.04,2026-08-06T18:14:54Z
CHCT,15.6,2026-08-06T19:58:23Z
CHD,103.22,2026-08-06T19:59:43Z
CHDG,25.26,2026-08-06T15:22:11Z
CHDN,86.88,2026-08-06T19:59:49Z
CHE,548.42,2026-08-06T19:58:24Z
CHEF,108.99,2026-08-06T19:59:35Z
CHGA,0.202,2026-08-06T19:59:59Z
CHGG,0.8687,2026-08-06T19:59:07Z
CHGX,33.32,2026-08-06T19:43:57Z
CHH,109.64,2026-08-06T19:59:54Z
CHI,12.85,2026-08-06T19:59:50Z
CHIQ,18.255,2026-08-06T19:57:08Z
CHKP,125.32,2026-08-06T19:59:56Z
CHMG,82.85,2026-08-06T19:58:00Z
CHMI,2.38,2026-08-06T19:48:57Z
CHPT,5.88,2026-08-06T19:59:46Z
CHPX,94.335,2026-08-06T17:20:43Z
CHPY,70.04,2026-08-06T19:59:54Z
CHR,1.86,2026-08-06T19:35:48Z
CHRD,132.51,2026-08-06T19:59:40Z
CHRI,91.16,2026-08-06T19:50:10Z
CHRN,20.16,2026-08-06T19:59:50Z
CHRS,1.265,2026-08-06T19:59:59Z
CHRW,146.62,2026-08-06T19:59:49Z
CHSCN,25.2,2026-08-06T19:22:51Z
CHSCP,26.66,2026-08-06T19:34:00Z
CHT,42.235,2026-08-06T19:58:02Z
CHTR,157.485,2026-08-06T19:59:52Z
CHW,8.515,2026-08-06T19:57:36Z
CHWY,23.43,2026-08-06T19:59:54Z
CHY,12.965,2026-08-06T19:56:00Z
CHYM,31.25,2026-08-06T19:59:52Z
CI,275.05,2026-08-06T19:59:31Z
CIA,4.59,2026-08-06T19:59:58Z
CIB,90.04,2026-08-06T19:59:38Z
CIBR,96.36,2026-08-06T19:59:32Z
CIEG,5.93,2026-08-06T19:59:51Z
CIEN,403.355,2026-08-06T19:59:58Z
CIFG,6.155,2026-08-06T19:32:20Z
CIFR,18.19,2026-08-06T19:59:56Z
CIFU,14.21,2026-08-06T19:55:35Z
CIG,2.14,2026-08-06T19:59:45Z
CIGI,98.755,2026-08-06T19:59:41Z
CIGL,0.5918,2026-08-06T14:11:05Z
CII,24.615,2026-08-06T19:56:21Z
CIIT,3.76,2026-08-06T19:36:05Z
CIK,2.42,2026-08-06T19:59:50Z
CIM,11.85,2026-08-06T19:59:58Z
CIMO,25.07,2026-08-06T17:22:58Z
CINF,179.02,2026-08-06T19:59:56Z
CING,5.045,2026-08-06T19:59:42Z
CINT,3.54,2026-08-06T19:58:16Z
CION,7.28,2026-08-06T19:59:50Z
CIRC,0.7714,2026-08-06T19:59:43Z
CISO,0.261,2026-08-06T16:50:36Z
CISS,0.0945,2026-08-06T19:59:35Z
CITR,5.715,2026-08-06T19:41:08Z
CIVB,28.63,2026-08-06T19:59:47Z
CJMB,1.67,2026-08-06T19:56:19Z
CL,92.97,2026-08-06T19:59:50Z
CLAR,3.4,2026-08-06T19:50:53Z
CLB,11.17,2026-08-06T19:59:55Z
CLBK,10.845,2026-08-06T19:59:58Z
CLBR,10.28,2026-08-06T18:19:19Z
CLBT,15.47,2026-08-06T19:59:58Z
CLDI,1.76,2026-08-06T19:40:00Z
CLDT,13.03,2026-08-06T19:59:50Z
CLDX,41.59,2026-08-06T19:59:51Z
CLF,12.24,2026-08-06T19:59:55Z
CLFD,26.66,2026-08-06T19:59:49Z
CLGN,0.3331,2026-08-06T19:52:33Z
CLH,307.62,2026-08-06T19:59:50Z
CLIK,1.485,2026-08-06T16:46:36Z
CLIP,100.11,2026-08-06T19:59:48Z
CLLS,2.72,2026-08-06T15:50:22Z
CLM,7.45,2026-08-06T19:59:53Z
CLMB,27.22,2026-08-06T19:52:54Z
CLMT,41.88,2026-08-06T19:59:53Z
CLNE,1.855,2026-08-06T19:58:59Z
CLNN,5.32,2026-08-06T19:59:45Z
CLOA,51.8,2026-08-06T19:59:51Z
CLOB,50.26,2026-08-06T14:27:57Z
CLOI,52.77,2026-08-06T19:59:50Z
CLOU,26.28,2026-08-06T19:59:59Z
CLOV,4.66,2026-08-06T19:59:59Z
CLOX,25.49,2026-08-06T15:53:38Z
CLOZ,26.275,2026-08-06T19:57:32Z
CLPR,2.76,2026-08-06T17:40:51Z
CLPT,13.4,2026-08-06T19:59:52Z
CLRB,2.5,2026-08-06T19:57:25Z
CLRO,9.78,2026-08-06T19:59:55Z
CLS,315.17,2026-08-06T19:59:57Z
CLSE,33.78,2026-08-06T19:55:44Z
CLSK,12.69,2026-08-06T19:59:58Z
CLSKW,0.29,2026-08-06T14:30:19Z
CLSX,13.57,2026-08-06T19:59:25Z
CLVT,1.85,2026-08-06T19:59:56Z
CLW,22.73,2026-08-06T19:59:01Z
CLX,105.575,2026-08-06T19:59:44Z
CLYM,14,2026-08-06T19:59:51Z
CM,118.41,2026-08-06T19:59:52Z
CMBS,48.39,2026-08-06T19:44:18Z
CMBT,16.41,2026-08-06T19:59:58Z
CMC,73.685,2026-08-06T19:59:56Z
CMCL,20.33,2026-08-06T19:55:40Z
CMCO,20.76,2026-08-06T19:59:57Z
CMCSA,25.2,2026-08-06T19:59:58Z
CMDB,18.39,2026-08-06T19:54:33Z
CMDT,32.46,2026-08-06T19:59:51Z
CMDY,58.51,2026-08-06T17:43:23Z
CME,264.35,2026-08-06T19:59:57Z
CMF,56.665,2026-08-06T19:59:28Z
CMG,33.71,2026-08-06T19:59:58Z
CMI,643.605,2026-08-06T19:59:57Z
CMMB,1.77,2026-08-06T19:56:31Z
CMND,1.72,2026-08-06T19:39:24Z
CMP,25.66,2026-08-06T19:59:58Z
CMPR,96.475,2026-08-06T19:59:59Z
CMPS,13.545,2026-08-06T19:59:55Z
CMPX,1.995,2026-08-06T19:59:54Z
CMRC,2.31,2026-08-06T19:59:56Z
CMRE,14.9,2026-08-06T19:58:49Z
CMRE-B,25.91,2026-08-06T19:56:28Z
CMRE-D,27,2026-08-06T15:49:57Z
CMS,71.205,2026-08-06T19:59:55Z
CMSD,21.98,2026-08-06T19:57:28Z
CMT,24.505,2026-08-06T19:58:14Z
CMTG,1.74,2026-08-06T19:59:59Z
CMTL,1.725,2026-08-06T19:59:52Z
CNA,52.61,2026-08-06T19:59:48Z
CNAV,39.14,2026-08-06T14:22:08Z
CNC,64.195,2026-08-06T19:59:52Z
CNCK,2.27,2026-08-06T15:14:08Z
CNDT,1.75,2026-08-06T19:59:53Z
CNEQ,39.55,2026-08-06T19:10:55Z
CNEY,0.647,2026-08-06T19:08:53Z
CNF,2.25,2026-08-06T18:31:43Z
CNH,10.85,2026-08-06T19:59:59Z
CNI,126.39,2026-08-06T19:59:47Z
CNK,37.93,2026-08-06T19:59:56Z
CNL,13.32,2026-08-06T19:59:56Z
CNM,45.46,2026-08-06T19:59:44Z
CNMD,49.75,2026-08-06T19:59:36Z
CNNE,14.82,2026-08-06T19:59:24Z
CNO,55.47,2026-08-06T19:59:51Z
CNOB,33.08,2026-08-06T19:59:51Z
CNOBP,25.31,2026-08-06T19:50:58Z
CNP,40.67,2026-08-06T19:59:58Z
CNQ,45.48,2026-08-06T19:59:58Z
CNR,89.95,2026-08-06T19:59:54Z
CNRG,93.8,2026-08-06T19:05:44Z
CNS,84.63,2026-08-06T19:58:56Z
CNTB,2.18,2026-08-06T19:56:30Z
CNTN,1.86,2026-08-06T19:59:54Z
CNTX,0.5057,2026-08-06T19:58:13Z
CNTY,1.19,2026-08-06T19:58:51Z
CNVS,2.6,2026-08-06T19:15:51Z
CNX,35.09,2026-08-06T19:59:50Z
CNXC,26.33,2026-08-06T19:59:54Z
CNXN,86.59,2026-08-06T19:59:41Z
CNXT,50.61,2026-08-06T19:49:13Z
CNXU,8.45,2026-08-06T19:57:00Z
CNYA,36.045,2026-08-06T19:58:59Z
COAG,52.06,2026-08-06T19:59:46Z
COAL,23.98,2026-08-06T19:43:09Z
COCH,0.6785,2026-08-06T18:27:12Z
COCO,64.11,2026-08-06T19:59:40Z
CODA,10.57,2026-08-06T19:58:11Z
CODI,10.795,2026-08-06T19:59:58Z
CODI-C,21.85,2026-08-06T17:54:03Z
CODX,1.42,2026-08-06T19:31:13Z
COE,19.29,2026-08-06T17:11:10Z
COF,219.82,2026-08-06T19:59:45Z
COF-J,17.29,2026-08-06T18:36:44Z
COF-L,15.74,2026-08-06T19:53:34Z
COF-N,15.35,2026-08-06T16:22:00Z
COFS,34.45,2026-08-06T19:51:04Z
COGT,41.79,2026-08-06T19:59:50Z
COHH,8.86,2026-08-06T19:59:47Z
COHR,334.29,2026-08-06T19:59:59Z
COHU,51.805,2026-08-06T19:59:34Z
COHX,35.665,2026-08-06T19:57:10Z
COIA,5.99,2026-08-06T19:59:55Z
COIG,3.94,2026-08-06T19:01:49Z
COIN,145.345,2026-08-06T19:59:57Z
COIW,7.415,2026-08-06T19:59:45Z
COKE,188.65,2026-08-06T19:59:53Z
COLB,31.035,2026-08-06T19:59:57Z
COLD,14.42,2026-08-06T19:59:58Z
COLL,29.125,2026-08-06T19:59:58Z
COLM,57.27,2026-08-06T19:59:54Z
COLO,46.9,2026-08-06T19:59:45Z
COM,33.785,2026-08-06T19:55:48Z
COMB,25.53,2026-08-06T18:04:07Z
COMP,12.6,2026-08-06T19:59:57Z
COMT,32.42,2026-08-06T19:55:01Z
CON,30.51,2026-08-06T19:59:49Z
CONI,55.2,2026-08-06T19:59:41Z
CONL,3.93,2026-08-06T19:59:47Z
CONX,4.79,2026-08-06T19:47:48Z
CONY,17.76,2026-08-06T19:59:46Z
COO,73.285,2026-08-06T19:59:45Z
COOK,60.96,2026-08-06T19:45:12Z
COOT,0.3982,2026-08-06T19:51:54Z
COP,116.7,2026-08-06T19:59:50Z
COPJ,43.47,2026-08-06T19:54:19Z
COPP,42.14,2026-08-06T18:37:17Z
COPX,86.05,2026-08-06T19:59:55Z
COPY,15.735,2026-08-06T19:53:28Z
COPZ,17,2026-08-06T14:15:00Z
COR,325.39,2026-08-06T19:59:56Z
CORD,4.25,2026-08-06T19:59:47Z
CORN,17.62,2026-08-06T19:59:01Z
CORO,36.43,2026-08-06T19:59:50Z
CORP,95.1,2026-08-06T19:18:31Z
CORT,107.88,2026-08-06T19:59:49Z
CORZ,21.05,2026-08-06T19:59:58Z
CORZW,14.74,2026-08-06T14:36:16Z
COSM,0.2194,2026-08-06T19:58:42Z
COSO,27.79,2026-08-06T19:12:36Z
COST,948.88,2026-08-06T19:59:49Z
COSW,39.71,2026-08-06T17:00:25Z
COTY,2.74,2026-08-06T19:59:58Z
COUR,5.57,2026-08-06T19:59:55Z
COWG,38.36,2026-08-06T19:59:46Z
COWZ,68.1,2026-08-06T19:59:46Z
COYA,4.58,2026-08-06T19:56:59Z
COYY,16.69,2026-08-06T19:57:27Z
CP,90.275,2026-08-06T19:59:58Z
CPA,142.075,2026-08-06T19:59:54Z
CPAC,12.02,2026-08-06T14:50:53Z
CPAI,50.21,2026-08-06T13:30:10Z
CPAY,398.535,2026-08-06T19:59:50Z
CPB,22.57,2026-08-06T19:59:59Z
CPER,40.75,2026-08-06T19:59:38Z
CPF,39.265,2026-08-06T19:57:53Z
CPHI,1.16,2026-08-06T19:50:39Z
CPIX,7.54,2026-08-06T19:57:23Z
CPK,133.09,2026-08-06T19:46:33Z
CPLB,20.68,2026-08-06T19:59:00Z
CPNG,16.36,2026-08-06T19:59:58Z
CPNJ,27.6,2026-08-06T13:30:04Z
CPOP,0.3655,2026-08-06T19:53:25Z
CPRI,14.985,2026-08-06T19:59:57Z
CPRJ,27.8,2026-08-06T13:30:00Z
CPRT,29.005,2026-08-06T19:59:57Z
CPS,27.42,2026-08-06T19:58:49Z
CPSA,28.08,2026-08-06T16:49:54Z
CPSF,26.43,2026-08-06T19:30:52Z
CPSH,4.36,2026-08-06T19:59:45Z
CPSJ,28,2026-08-06T13:30:04Z
CPSL,28.19,2026-08-06T19:59:47Z
CPSS,9.35,2026-08-06T15:54:43Z
CPT,110.72,2026-08-06T19:59:51Z
CPTL,49.21,2026-08-06T18:12:03Z
CPXR,33.68,2026-08-06T19:57:28Z
CPZ,13.58,2026-08-06T19:54:45Z
CQP,66.27,2026-08-06T19:54:44Z
CQQQ,52.17,2026-08-06T19:58:12Z
CQTM,25.13,2026-08-06T17:22:48Z
CR,218.07,2026-08-06T19:59:37Z
CRAI,175.82,2026-08-06T19:59:11Z
CRAK,53.98,2026-08-06T19:59:13Z
CRBD,21.82,2026-08-06T18:37:49Z
CRBG,34.01,2026-08-06T19:59:58Z
CRBP,9.75,2026-08-06T19:59:39Z
CRBU,1.64,2026-08-06T19:59:17Z
CRC,52.6,2026-08-06T19:59:53Z
CRCA,12.18,2026-08-06T19:57:10Z
CRCD,5.745,2026-08-06T19:59:58Z
CRCG,8.13,2026-08-06T19:59:50Z
CRCL,63.28,2026-08-06T19:59:56Z
CRCO,12.52,2026-08-06T19:25:53Z
CRCT,6.08,2026-08-06T19:59:56Z
CRD.A,12.69,2026-08-06T19:47:40Z
CRDF,0.9699,2026-08-06T19:59:54Z
CRDL,1.365,2026-08-06T19:59:46Z
CRDO,230.19,2026-08-06T19:59:55Z
CRDU,15.38,2026-08-06T19:57:49Z
CRESY,10.79,2026-08-06T19:59:56Z
CREX,2.9,2026-08-06T19:58:09Z
CRF,7.15,2026-08-06T19:59:26Z
CRGO,1.23,2026-08-06T17:28:07Z
CRGY,11.32,2026-08-06T19:59:57Z
CRH,97.64,2026-08-06T19:59:59Z
CRI,40.28,2026-08-06T19:59:41Z
CRIS,4.34,2026-08-06T18:36:37Z
CRK,13.205,2026-08-06T19:59:53Z
CRL,265.7,2026-08-06T19:59:56Z
CRM,186.77,2026-08-06T19:59:58Z
CRMD,7.495,2026-08-06T19:59:53Z
CRMG,5.59,2026-08-06T19:59:47Z
CRML,6.555,2026-08-06T19:59:58Z
CRMLW,2.29,2026-08-06T17:02:35Z
CRMT,3.31,2026-08-06T19:59:45Z
CRMU,2.15,2026-08-06T19:59:50Z
CRMX,5.1,2026-08-06T17:40:58Z
CRNC,9.015,2026-08-06T19:59:51Z
CRNT,2.21,2026-08-06T19:59:56Z
CRNX,83.93,2026-08-06T19:59:48Z
CRON,3.07,2026-08-06T19:59:10Z
CROX,134.18,2026-08-06T19:59:46Z
CRPT,11.34,2026-08-06T19:46:54Z
CRS,556.91,2026-08-06T19:59:55Z
CRSH,22.76,2026-08-06T18:01:04Z
CRSP,51.61,2026-08-06T19:59:59Z
CRSR,10.62,2026-08-06T19:59:54Z
CRT,10.16,2026-08-06T16:09:16Z
CRTC,40.47,2026-08-06T17:23:04Z
CRTO,17.585,2026-08-06T19:59:55Z
CRUS,123.505,2026-08-06T19:59:48Z
CRUX,29.485,2026-08-06T19:58:52Z
CRVL,62.24,2026-08-06T19:55:07Z
CRVO,2.75,2026-08-06T19:59:34Z
CRVS,13.87,2026-08-06T19:59:58Z
CRWD,207.39,2026-08-06T19:59:56Z
CRWG,19.72,2026-08-06T19:55:47Z
CRWL,71.41,2026-08-06T19:57:04Z
CRWS,2.99,2026-08-06T19:34:36Z
CRWU,3.79,2026-08-06T19:55:00Z
CRWV,85.33,2026-08-06T19:59:59Z
CRWX,22.25,2026-08-06T13:54:46Z
CSAI,5.69,2026-08-06T19:58:33Z
CSAN,2.965,2026-08-06T19:56:19Z
CSB,67.06,2026-08-06T19:56:37Z
CSCO,120.87,2026-08-06T19:59:57Z
CSD,134.915,2026-08-06T14:44:41Z
CSEN,24.65,2026-08-06T19:50:58Z
CSEX,12.68,2026-08-06T18:11:27Z
CSGP,29.575,2026-08-06T19:59:55Z
CSHI,49.84,2026-08-06T19:59:51Z
CSHR,4.895,2026-08-06T19:59:37Z
CSIQ,15.46,2026-08-06T19:59:31Z
CSL,382.79,2026-08-06T19:59:54Z
CSM,88.89,2026-08-06T16:34:26Z
CSNR,35.93,2026-08-06T14:38:38Z
CSPF,26.01,2026-08-06T15:09:54Z
CSQ,20.73,2026-08-06T19:48:03Z
CSQR,20.06,2026-08-06T19:59:57Z
CSR,55.67,2026-08-06T14:46:29Z
CSRE,28.96,2026-08-06T19:59:47Z
CSTE,2.18,2026-08-06T19:59:51Z
CSTK,33.805,2026-08-06T15:32:09Z
CSTL,30.42,2026-08-06T19:59:57Z
CSTM,28.6,2026-08-06T19:59:58Z
CSV,36.78,2026-08-06T19:59:45Z
CSW,347.48,2026-08-06T19:59:50Z
CSWC,24.76,2026-08-06T19:59:59Z
CSX,50.715,2026-08-06T19:59:59Z
CTA,26.07,2026-08-06T19:59:51Z
CTAP,27.18,2026-08-06T19:40:33Z
CTAS,202.21,2026-08-06T19:59:24Z
CTBI,78.23,2026-08-06T19:59:42Z
CTEV,26.685,2026-08-06T19:59:58Z
CTGO,18.315,2026-08-06T19:59:51Z
CTHH,16.75,2026-08-06T19:24:21Z
CTKB,4.16,2026-08-06T19:59:56Z
CTM,0.7951,2026-08-06T19:59:25Z
CTMX,3.38,2026-08-06T19:59:54Z
CTNM,15.37,2026-08-06T19:59:41Z
CTNT,1.84,2026-08-06T19:50:03Z
CTO,21.8,2026-08-06T19:59:15Z
CTOR,0.7231,2026-08-06T14:23:13Z
CTOS,11.07,2026-08-06T19:59:59Z
CTRE,41.16,2026-08-06T19:59:53Z
CTRI,22.345,2026-08-06T19:59:51Z
CTRN,72.1,2026-08-06T19:59:00Z
CTS,66.16,2026-08-06T19:56:53Z
CTSH,56.905,2026-08-06T19:59:59Z
CTVA,76.87,2026-08-06T19:59:57Z
CTXR,0.6571,2026-08-06T19:35:31Z
CUB,10.865,2026-08-06T19:17:15Z
CUBE,41.86,2026-08-06T19:59:51Z
CUBI,82.06,2026-08-06T19:59:52Z
CUE,27.525,2026-08-06T19:18:22Z
CUPR,3.165,2026-08-06T16:47:23Z
CURB,29.605,2026-08-06T19:59:55Z
CURE,120.4,2026-08-06T14:16:46Z
CURI,2.69,2026-08-06T19:59:56Z
CURR,3.04,2026-08-06T19:59:18Z
CURV,2.56,2026-08-06T19:59:57Z
CUZ,29.82,2026-08-06T19:59:50Z
CV,6.92,2026-08-06T19:59:31Z
CVBF,22.71,2026-08-06T19:59:56Z
CVCO,576.11,2026-08-06T19:57:53Z
CVE,28.25,2026-08-06T19:59:58Z
CVEO,31.09,2026-08-06T19:58:11Z
CVGD,26.69,2026-08-06T18:13:54Z
CVGI,3.64,2026-08-06T19:59:50Z
CVI,31.39,2026-08-06T19:59:55Z
CVIE,84.82,2026-08-06T14:36:49Z
CVKD,1.92,2026-08-06T17:22:58Z
CVLC,96.64,2026-08-06T18:16:13Z
CVLG,34.9,2026-08-06T19:56:43Z
CVLT,133.295,2026-08-06T19:59:26Z
CVM,1.605,2026-08-06T19:59:45Z
CVNA,68.32,2026-08-06T19:59:59Z
CVRX,5.94,2026-08-06T19:59:57Z
CVS,96.15,2026-08-06T19:59:54Z
CVSA,123.77,2026-08-06T19:59:53Z
CVU,5.15,2026-08-06T19:58:58Z
CVV,8.345,2026-08-06T19:58:07Z
CVX,189.25,2026-08-06T19:59:57Z
CW,714.76,2026-08-06T19:59:23Z
CWB,102.86,2026-08-06T19:59:47Z
CWBC,25.4,2026-08-06T19:59:59Z
CWCO,29.93,2026-08-06T19:59:40Z
CWD,0.4695,2026-08-06T19:34:27Z
CWEB,25.165,2026-08-06T19:57:47Z
CWEN,32.89,2026-08-06T19:59:48Z
CWH,6.24,2026-08-06T19:59:59Z
CWI,40.95,2026-08-06T19:26:24Z
CWK,13.67,2026-08-06T19:59:58Z
CWS,72.48,2026-08-06T14:49:51Z
CWST,90.495,2026-08-06T19:59:41Z
CWT,49.48,2026-08-06T19:59:25Z
CWVX,16.38,2026-08-06T19:59:04Z
CX,11.285,2026-08-06T19:59:57Z
CXAI,0.1405,2026-08-06T19:40:50Z
CXDO,6.48,2026-08-06T19:59:54Z
CXM,6.61,2026-08-06T19:59:56Z
CXSE,38.865,2026-08-06T19:59:47Z
CXT,54.21,2026-08-06T19:59:53Z
CXW,32.26,2026-08-06T19:59:56Z
CYAB,0.336,2026-08-06T18:29:25Z
CYCU,0.6603,2026-08-06T19:59:50Z
CYD,48.735,2026-08-06T19:59:45Z
CYH,2.95,2026-08-06T19:59:51Z
CYN,1.11,2026-08-06T19:56:01Z
CYPH,0.6724,2026-08-06T19:58:16Z
CYRX,14.685,2026-08-06T19:59:28Z
CYTK,81.58,2026-08-06T19:59:58Z
CZA,127.39,2026-08-06T18:25:59Z
CZFS,81.675,2026-08-06T19:48:28Z
CZNC,25.25,2026-08-06T19:45:54Z
CZR,30.05,2026-08-06T19:59:52Z
D,66.82,2026-08-06T19:59:54Z
DAC,143.3,2026-08-06T19:58:35Z
DAIC,0.7699,2026-08-06T17:35:29Z
DAKT,21.735,2026-08-06T19:59:14Z
DAL,91.99,2026-08-06T19:59:56Z
DAMD,1.57,2026-08-06T19:58:21Z
DAN,27.29,2026-08-06T19:59:53Z
DAO,17.53,2026-08-06T19:50:01Z
DAPP,17.44,2026-08-06T19:59:58Z
DAPR,41.47,2026-08-06T19:16:42Z
DAR,60.49,2026-08-06T19:59:51Z
DARE,1.33,2026-08-06T19:33:40Z
DARP,57.85,2026-08-06T15:57:47Z
DASH,213.36,2026-08-06T19:59:54Z
DAVA,2.895,2026-08-06T19:59:57Z
DAVE,368.96,2026-08-06T19:57:17Z
DAVEW,2.04,2026-08-06T19:48:31Z
DAX,46.64,2026-08-06T19:30:51Z
DB,37.62,2026-08-06T19:59:52Z
DBA,27.425,2026-08-06T19:59:42Z
DBAW,48.23,2026-08-06T18:53:20Z
DBB,25.52,2026-08-06T19:57:00Z
DBC,28.86,2026-08-06T19:59:30Z
DBD,74.86,2026-08-06T19:57:48Z
DBE,29.53,2026-08-06T16:47:58Z
DBEF,55.92,2026-08-06T19:58:31Z
DBEM,38.5,2026-08-06T14:24:41Z
DBGI,14.31,2026-08-06T19:57:44Z
DBI,6.59,2026-08-06T19:59:43Z
DBJP,114.91,2026-08-06T14:39:44Z
DBL,14.135,2026-08-06T19:55:14Z
DBMF,30.935,2026-08-06T19:59:52Z
DBND,44.915,2026-08-06T19:40:59Z
DBO,19.68,2026-08-06T19:59:46Z
DBRG,15.945,2026-08-06T19:59:51Z
DBRG-H,15.03,2026-08-06T18:41:54Z
DBRG-I,15.05,2026-08-06T19:45:31Z
DBVT,13.66,2026-08-06T19:59:45Z
DBX,34.57,2026-08-06T19:59:55Z
DC,5.55,2026-08-06T19:59:58Z
DCBO,20.3,2026-08-06T19:48:36Z
DCGO,0.6139,2026-08-06T19:51:30Z
DCH,5.67,2026-08-06T19:59:52Z
DCI,98.28,2026-08-06T19:59:53Z
DCO,201.61,2026-08-06T19:59:36Z
DCOM,41.08,2026-08-06T19:59:46Z
DCOR,84.63,2026-08-06T19:59:46Z
DCRE,51.53,2026-08-06T19:58:46Z
DCTH,15.49,2026-08-06T19:59:56Z
DCX,1,2026-08-06T18:50:17Z
DD,143.85,2026-08-06T19:59:47Z
DDC,0.4197,2026-08-06T19:58:38Z
DDD,3.53,2026-08-06T19:59:59Z
DDDD,33.11,2026-08-06T14:13:21Z
DDEC,48.165,2026-08-06T18:29:51Z
DDFG,19.36,2026-08-06T19:59:21Z
DDFL,21.54,2026-08-06T19:02:34Z
DDFS,22.165,2026-08-06T19:58:16Z
DDFY,20.35,2026-08-06T15:45:23Z
DDFZ,19.59,2026-08-06T19:16:15Z
DDI,11.88,2026-08-06T19:59:53Z
DDL,2.25,2026-08-06T19:59:43Z
DDLS,45.705,2026-08-06T19:53:28Z
DDM,69.075,2026-08-06T19:34:54Z
DDNQ,20.68,2026-08-06T14:50:26Z
DDOG,229.23,2026-08-06T19:59:56Z
DDS,615.5,2026-08-06T19:59:45Z
DDSQ,21.4,2026-08-06T18:16:58Z
DDTF,20.55,2026-08-06T19:59:50Z
DDTG,19.5,2026-08-06T14:33:02Z
DDTJ,20.45,2026-08-06T18:00:45Z
DDTL,22.33,2026-08-06T15:41:34Z
DDTN,20.79,2026-08-06T17:50:53Z
DDTO,23.3,2026-08-06T19:18:42Z
DDTS,22.89,2026-08-06T19:28:15Z
DDTY,20.61,2026-08-06T15:45:17Z
DDTZ,19.77,2026-08-06T15:24:16Z
DDWM,47.515,2026-08-06T18:59:32Z
DE,614.83,2026-08-06T19:59:57Z
DEA,24.905,2026-08-06T19:59:36Z
DEC,13.5,2026-08-06T19:59:56Z
DECK,97.83,2026-08-06T19:59:53Z
DECP,33.11,2026-08-06T19:50:01Z
DECT,40.13,2026-08-06T19:54:17Z
DECW,36.18,2026-08-06T19:59:48Z
DEFI,72.47,2026-08-06T17:35:28Z
DEFT,0.4428,2026-08-06T19:59:52Z
DEHP,40.01,2026-08-06T19:47:21Z
DEI,11.49,2026-08-06T19:59:59Z
DELL,437.58,2026-08-06T19:59:57Z
DEM,54.45,2026-08-06T19:59:00Z
DEO,92.68,2026-08-06T19:59:50Z
DERM,6.53,2026-08-06T19:59:50Z
DES,41.12,2026-08-06T19:49:58Z
DFAC,45.64,2026-08-06T19:59:11Z
DFAE,38.49,2026-08-06T19:58:57Z
DFAI,42.825,2026-08-06T19:59:55Z
DFAR,26.465,2026-08-06T19:59:31Z
DFAS,82.73,2026-08-06T19:51:19Z
DFAT,71.69,2026-08-06T19:59:45Z
DFAU,53.2,2026-08-06T19:57:23Z
DFAW,85.025,2026-08-06T18:56:18Z
DFAX,37.475,2026-08-06T19:59:05Z
DFCA,49.61,2026-08-06T19:59:51Z
DFCF,41.68,2026-08-06T19:59:54Z
DFDV,2.71,2026-08-06T19:59:49Z
DFEB,51.25,2026-08-06T14:28:26Z
DFEM,38.95,2026-08-06T19:59:54Z
DFEN,86.32,2026-08-06T18:24:43Z
DFEV,40.965,2026-08-06T19:44:31Z
DFGP,53.545,2026-08-06T19:59:57Z
DFGR,29.52,2026-08-06T19:58:34Z
DFGX,52.555,2026-08-06T14:45:15Z
DFH,14.04,2026-08-06T19:59:59Z
DFIC,38.805,2026-08-06T19:59:11Z
DFIN,48.23,2026-08-06T19:59:09Z
DFIP,40.51,2026-08-06T19:14:44Z
DFIS,36.835,2026-08-06T19:58:40Z
DFIV,57.65,2026-08-06T19:59:50Z
DFLI,1.155,2026-08-06T19:59:26Z
DFLV,41.32,2026-08-06T19:59:46Z
DFMC,61.3,2026-08-06T19:59:44Z
DFNL,52.5,2026-08-06T19:13:09Z
DFNM,47.78,2026-08-06T19:59:51Z
DFNS,45.36,2026-08-06T19:59:40Z
DFP,20.685,2026-08-06T19:33:15Z
DFSB,50.94,2026-08-06T17:39:39Z
DFSC,1.22,2026-08-06T19:33:56Z
DFSD,47.395,2026-08-06T19:25:06Z
DFSI,46.9,2026-08-06T19:53:30Z
DFSV,40.095,2026-08-06T19:59:45Z
DFTX,46.085,2026-08-06T19:59:59Z
DFUS,83.99,2026-08-06T19:59:58Z
DFUV,56.58,2026-08-06T19:59:58Z
DFVE,37.21,2026-08-06T13:40:09Z
DG,127.505,2026-08-06T19:59:43Z
DGAC,9.95,2026-08-06T14:25:59Z
DGAC=,10.09,2026-08-06T14:25:48Z
DGCB,53.505,2026-08-06T19:59:59Z
DGICA,19.44,2026-08-06T19:52:14Z
DGII,83.03,2026-08-06T19:59:56Z
DGNX,1.47,2026-08-06T19:59:25Z
DGP,143.52,2026-08-06T17:22:23Z
DGRE,39.455,2026-08-06T19:55:06Z
DGRO,79.175,2026-08-06T19:59:57Z
DGRW,99.415,2026-08-06T19:59:46Z
DGS,63.555,2026-08-06T19:41:44Z
DGT,190.53,2026-08-06T19:55:15Z
DGX,238.42,2026-08-06T19:59:54Z
DGXX,3.735,2026-08-06T19:59:35Z
DGZ,5.5,2026-08-06T18:36:37Z
DH,0.6799,2026-08-06T18:44:55Z
DHC,8.725,2026-08-06T19:59:46Z
DHF,2.375,2026-08-06T19:43:08Z
DHI,145.99,2026-08-06T19:59:54Z
DHR,200.035,2026-08-06T19:59:53Z
DHS,116.88,2026-08-06T18:58:57Z
DHT,18.345,2026-08-06T19:59:55Z
DHX,4.105,2026-08-06T19:59:03Z
DHY,1.725,2026-08-06T19:59:51Z
DIA,538.31,2026-08-06T19:59:58Z
DIAL,17.935,2026-08-06T18:34:35Z
DIBS,4.97,2026-08-06T19:59:48Z
DIEM,41.98,2026-08-06T16:32:15Z
DIG,58.28,2026-08-06T19:59:51Z
DIHP,35.125,2026-08-06T19:31:00Z
DIN,35.22,2026-08-06T19:58:51Z
DINO,82.88,2026-08-06T19:59:55Z
DINT,30.02,2026-08-06T18:46:10Z
DIOD,98.67,2026-08-06T19:59:45Z
DIPS,34.65,2026-08-06T19:01:44Z
DIS,104.67,2026-08-06T19:59:57Z
DISK,34.44,2026-08-06T19:09:46Z
DISV,43.32,2026-08-06T17:52:56Z
DIV,19.61,2026-08-06T19:50:10Z
DIVB,66.76,2026-08-06T19:57:19Z
DIVI,44.22,2026-08-06T19:59:52Z
DIVN,29.91,2026-08-06T17:18:10Z
DIVO,47.89,2026-08-06T19:59:52Z
DIVZ,38.18,2026-08-06T17:43:33Z
DJAN,46.3,2026-08-06T18:29:51Z
DJCO,574.135,2026-08-06T19:36:02Z
DJD,65.65,2026-08-06T15:22:00Z
DJIA,22.8,2026-08-06T14:11:04Z
DJT,9.9,2026-08-06T19:59:56Z
DJTU,14.43,2026-08-06T18:12:33Z
DJTWW,3.82,2026-08-06T18:17:37Z
DJUL,51.2,2026-08-06T15:09:15Z
DJUN,50.08,2026-08-06T19:52:13Z
DK,58.645,2026-08-06T19:59:59Z
DKL,58.87,2026-08-06T19:58:35Z
DKNG,22.18,2026-08-06T19:59:55Z
DKNX,14.3,2026-08-06T19:53:51Z
DKS,198.68,2026-08-06T19:59:50Z
DLB,60.9,2026-08-06T19:59:53Z
DLFE,32.22,2026-08-06T19:00:42Z
DLLL,23.685,2026-08-06T19:59:46Z
DLN,100.16,2026-08-06T19:47:20Z
DLNG,3.82,2026-08-06T19:49:07Z
DLO,14.76,2026-08-06T19:59:44Z
DLR,192.585,2026-08-06T19:59:57Z
DLR-J,19.72,2026-08-06T19:24:08Z
DLR-K,21.84,2026-08-06T16:34:25Z
DLS,87.63,2026-08-06T19:57:43Z
DLTH,4.175,2026-08-06T19:59:27Z
DLTR,129.635,2026-08-06T19:59:51Z
DLX,26.12,2026-08-06T19:59:57Z
DLY,14.07,2026-08-06T18:59:11Z
DMA,7.6,2026-08-06T18:31:53Z
DMAC,6.77,2026-08-06T19:59:47Z
DMAR,45.29,2026-08-06T18:14:15Z
DMB,10.58,2026-08-06T19:50:17Z
DMBS,48.265,2026-08-06T17:33:20Z
DMC,29.95,2026-08-06T19:57:47Z
DMLP,25.82,2026-08-06T19:58:50Z
DMO,10.395,2026-08-06T19:58:31Z
DMRA,29.885,2026-08-06T19:59:53Z
DMRC,7.725,2026-08-06T19:52:18Z
DMXF,86.22,2026-08-06T19:59:28Z
DNA,8.495,2026-08-06T19:59:48Z
DNL,46.08,2026-08-06T19:51:45Z
DNLI,24.79,2026-08-06T19:59:54Z
DNN,3.135,2026-08-06T19:59:43Z
DNOW,15.385,2026-08-06T19:59:58Z
DNP,10.745,2026-08-06T19:59:22Z
DNTH,109.815,2026-08-06T19:59:48Z
DNUT,3.23,2026-08-06T19:59:56Z
DOC,21.09,2026-08-06T19:59:59Z
DOCN,122.34,2026-08-06T19:59:49Z
DOCS,20.62,2026-08-06T19:59:54Z
DOCU,56.92,2026-08-06T19:59:52Z
DOG,21.1,2026-08-06T19:55:12Z
DOLE,13.785,2026-08-06T19:59:44Z
DOMH,2.53,2026-08-06T15:19:24Z
DOMO,3.795,2026-08-06T19:59:55Z
DON,58.1,2026-08-06T19:35:33Z
DOO,63.85,2026-08-06T19:59:26Z
DORM,137.56,2026-08-06T19:59:36Z
DOUG,1.79,2026-08-06T19:59:51Z
DOV,210.81,2026-08-06T19:59:57Z
DOW,30.3,2026-08-06T19:59:56Z
DOX,59.12,2026-08-06T19:59:50Z
DOYU,4.585,2026-08-06T18:10:54Z
DPC,56.98,2026-08-06T19:59:56Z
DPG,14.46,2026-08-06T19:52:10Z
DPRO,4.45,2026-08-06T19:59:55Z
DPST,147.82,2026-08-06T19:59:41Z
DPZ,358.35,2026-08-06T19:59:52Z
DQ,13.55,2026-08-06T19:59:50Z
DQJN,29.38,2026-08-06T14:17:58Z
DRAL,9.17,2026-08-06T19:50:44Z
DRAM,51.34,2026-08-06T19:59:56Z
DRAY,13.3,2026-08-06T14:34:01Z
DRCT,2.62,2026-08-06T19:56:13Z
DRD,22.485,2026-08-06T19:58:43Z
DRGN,37.05,2026-08-06T15:58:19Z
DRH,12.63,2026-08-06T19:59:55Z
DRI,210.785,2026-08-06T19:59:45Z
DRIP,44.71,2026-08-06T19:59:02Z
DRIV,34.93,2026-08-06T18:14:58Z
DRMA,1.115,2026-08-06T19:33:27Z
DRMY,43.33,2026-08-06T13:30:01Z
DRN,10.91,2026-08-06T19:58:59Z
DRNL,6.33,2026-08-06T18:00:57Z
DRNZ,22.64,2026-08-06T19:58:18Z
DRS,45.29,2026-08-06T19:59:22Z
DRSK,28.91,2026-08-06T19:45:14Z
DRTS,13.015,2026-08-06T19:59:51Z
DRUG,81.015,2026-08-06T19:03:26Z
DRV,18.16,2026-08-06T19:59:51Z
DRVN,12.98,2026-08-06T19:59:33Z
DSC,6.035,2026-08-06T13:30:01Z
DSCO,24.79,2026-08-06T19:49:31Z
DSGN,13.775,2026-08-06T19:59:47Z
DSGR,34.82,2026-08-06T19:58:22Z
DSGX,77.75,2026-08-06T19:59:59Z
DSI,146.35,2026-08-06T19:59:51Z
DSL,10.715,2026-08-06T19:57:57Z
DSM,5.87,2026-08-06T19:59:01Z
DSMC,43.2,2026-08-06T19:50:07Z
DSP,12.31,2026-08-06T19:59:47Z
DSTL,66.56,2026-08-06T19:56:45Z
DSU,9.45,2026-08-06T17:12:42Z
DSX,2.515,2026-08-06T19:59:56Z
DSX+,0.39,2026-08-06T14:10:54Z
DT,48.87,2026-08-06T19:59:57Z
DTCR,27.99,2026-08-06T19:59:52Z
DTCX,1.93,2026-08-06T19:49:08Z
DTE,139.91,2026-08-06T19:59:52Z
DTG,16.6,2026-08-06T19:04:17Z
DTH,57.985,2026-08-06T18:52:38Z
DTI,2.33,2026-08-06T19:59:53Z
DTIL,7.415,2026-08-06T19:59:51Z
DTM,133.035,2026-08-06T19:59:51Z
DTRE,42.685,2026-08-06T17:15:56Z
DTSQ,11.24,2026-08-06T13:38:04Z
DTW,20.135,2026-08-06T19:32:38Z
DUBS,43.09,2026-08-06T14:49:24Z
DUG,17.75,2026-08-06T19:59:46Z
DUHP,42.39,2026-08-06T19:59:48Z
DUK,123.87,2026-08-06T19:59:54Z
DUK-A,24.53,2026-08-06T16:41:22Z
DUKB,22.65,2026-08-06T19:21:20Z
DUKQ,31.73,2026-08-06T19:59:46Z
DUKR,5.39,2026-08-06T15:13:11Z
DULL,64.15,2026-08-06T16:47:17Z
DUOG,41.13,2026-08-06T18:58:16Z
DUOL,122.51,2026-08-06T19:59:56Z
DUOT,8.69,2026-08-06T19:59:38Z
DUSA,57.35,2026-08-06T19:46:24Z
DUSB,50.785,2026-08-06T19:59:52Z
DUSL,102.93,2026-08-06T18:18:30Z
DUST,48.9,2026-08-06T19:50:02Z
DV,11.72,2026-08-06T19:59:58Z
DVA,180.725,2026-08-06T19:59:55Z
DVGR,27.43,2026-08-06T19:33:38Z
DVLT,0.3157,2026-08-06T19:58:57Z
DVLU,42.09,2026-08-06T13:52:12Z
DVN,43.11,2026-08-06T19:59:59Z
DVXK,37.43,2026-08-06T18:08:31Z
DVY,161.1,2026-08-06T19:59:55Z
DVYA,51.04,2026-08-06T19:55:19Z
DVYE,34.16,2026-08-06T19:56:51Z
DWAW,50.85,2026-08-06T16:54:04Z
DWLD,48.11,2026-08-06T14:30:44Z
DWSH,5.605,2026-08-06T16:43:02Z
DWSN,4.76,2026-08-06T19:59:55Z
DWTX,1.705,2026-08-06T16:36:17Z
DX,12.82,2026-08-06T19:59:51Z
DXC,11.08,2026-08-06T19:59:59Z
DXCM,82.925,2026-08-06T19:59:53Z
DXD,16.255,2026-08-06T19:59:02Z
DXF,0.475,2026-08-06T14:52:54Z
DXIV,73.415,2026-08-06T19:50:01Z
DXJ,177.58,2026-08-06T19:55:16Z
DXPE,197.86,2026-08-06T19:58:50Z
DXST,2.66,2026-08-06T16:30:01Z
DXUV,69.67,2026-08-06T17:23:53Z
DXYZ,25.32,2026-08-06T19:59:52Z
DY,399.17,2026-08-06T19:59:48Z
DYAI,0.9999,2026-08-06T17:10:02Z
DYN,25.88,2026-08-06T19:59:48Z
DYNC,10.84,2026-08-06T19:47:01Z
DYNF,69.535,2026-08-06T19:59:57Z
DYTA,31.865,2026-08-06T18:26:38Z
E,54.23,2026-08-06T19:59:55Z
EAD,6.385,2026-08-06T19:57:32Z
EAF,7.63,2026-08-06T19:59:05Z
EAGG,46.64,2026-08-06T19:51:56Z
EAGL,34.48,2026-08-06T19:59:51Z
EAI,19.98,2026-08-06T18:42:46Z
EAPR,32.68,2026-08-06T18:22:25Z
EARN,4.34,2026-08-06T19:45:42Z
EART,29.45,2026-08-06T16:43:34Z
EASY,27.3,2026-08-06T17:03:10Z
EAT,226.98,2026-08-06T19:59:47Z
EBAY,110.17,2026-08-06T19:59:58Z
EBC,23,2026-08-06T19:59:57Z
EBF,22.26,2026-08-06T19:59:50Z
EBI,67.02,2026-08-06T19:59:51Z
EBMT,23.88,2026-08-06T19:56:30Z
EBND,21.03,2026-08-06T19:59:48Z
EBS,5.3,2026-08-06T19:59:59Z
EBUF,31.62,2026-08-06T15:32:05Z
EC,17.41,2026-08-06T19:59:51Z
ECAT,15.54,2026-08-06T19:59:55Z
ECC,3.9,2026-08-06T19:51:04Z
ECF,12.48,2026-08-06T19:06:39Z
ECG,139.62,2026-08-06T19:59:54Z
ECH,41.34,2026-08-06T19:59:50Z
ECHO,87.03,2026-08-06T19:59:48Z
ECL,283.68,2026-08-06T19:59:58Z
ECO,63.76,2026-08-06T19:59:21Z
ECOR,6.57,2026-08-06T19:59:59Z
ECOW,27.56,2026-08-06T18:40:30Z
ECPG,97.68,2026-08-06T19:59:36Z
ECVT,10.99,2026-08-06T19:59:41Z
ECX,1.095,2026-08-06T19:59:09Z
ED,108.835,2026-08-06T19:59:59Z
EDBL,1.97,2026-08-06T17:39:28Z
EDC,73.25,2026-08-06T19:59:55Z
EDD,5.98,2026-08-06T19:59:38Z
EDF,5.25,2026-08-06T19:58:59Z
EDGH,33.64,2026-08-06T19:59:46Z
EDGU,32.03,2026-08-06T19:24:55Z
EDIT,2.905,2026-08-06T19:59:56Z
EDIV,41.555,2026-08-06T19:54:13Z
EDN,24.835,2026-08-06T19:39:24Z
EDOW,46.33,2026-08-06T18:39:50Z
EDRY,29.52,2026-08-06T19:59:04Z
EDSA,5.11,2026-08-06T19:35:04Z
EDTK,0.88,2026-08-06T18:59:21Z
EDU,56.72,2026-08-06T19:59:50Z
EDV,60.125,2026-08-06T19:59:42Z
EDZ,16.17,2026-08-06T19:51:52Z
EE,37.81,2026-08-06T19:59:56Z
EEA,11.13,2026-08-06T18:50:35Z
EEFT,73.03,2026-08-06T19:59:55Z
EELV,28.71,2026-08-06T19:02:17Z
EEM,65.04,2026-08-06T19:59:59Z
EEMA,113.98,2026-08-06T14:08:13Z
EEMO,20.71,2026-08-06T16:34:31Z
EEMS,74.11,2026-08-06T19:44:29Z
EEMV,73.09,2026-08-06T19:55:59Z
EES,68.76,2026-08-06T19:55:25Z
EET,104.13,2026-08-06T19:55:11Z
EETH,23.23,2026-08-06T19:58:27Z
EFA,107.38,2026-08-06T19:59:59Z
EFAA,56.85,2026-08-06T15:25:15Z
EFAD,44.66,2026-08-06T19:59:51Z
EFAS,22.96,2026-08-06T19:00:29Z
EFAV,93.24,2026-08-06T19:59:58Z
EFAX,55.71,2026-08-06T19:30:09Z
EFC,13.14,2026-08-06T19:59:54Z
EFFI,26.93,2026-08-06T19:59:46Z
EFG,124.37,2026-08-06T19:59:57Z
EFIV,75.01,2026-08-06T19:59:51Z
EFOI,3.09,2026-08-06T19:59:45Z
EFOR,31.62,2026-08-06T19:59:42Z
EFR,10.69,2026-08-06T19:59:43Z
EFSC,66.28,2026-08-06T19:59:46Z
EFSI,41.915,2026-08-06T19:56:39Z
EFT,10.82,2026-08-06T19:56:50Z
EFV,81.655,2026-08-06T19:59:56Z
EFX,175.75,2026-08-06T19:59:41Z
EFXT,20.67,2026-08-06T19:59:35Z
EFZ,22.33,2026-08-06T15:41:22Z
EG,369.69,2026-08-06T19:58:38Z
EGAN,7.36,2026-08-06T19:59:02Z
EGBN,27.85,2026-08-06T19:59:38Z
EGG,3.54,2026-08-06T16:16:45Z
EGGS,38.38,2026-08-06T14:20:33Z
EGGY,34.24,2026-08-06T19:42:53Z
EGHT,2.28,2026-08-06T19:59:55Z
EGO,35.95,2026-08-06T19:59:57Z
EGP,200.61,2026-08-06T19:59:30Z
EGUS,58.95,2026-08-06T19:53:50Z
EGY,5.17,2026-08-06T19:59:55Z
EH,5.31,2026-08-06T19:59:45Z
EHC,124.45,2026-08-06T19:59:52Z
EHI,5.85,2026-08-06T19:49:59Z
EHTH,1.35,2026-08-06T19:59:48Z
EHY,7.67,2026-08-06T19:07:44Z
EIC,10.065,2026-08-06T19:59:08Z
EIDO,12.6,2026-08-06T19:59:51Z
EIG,50.555,2026-08-06T19:55:04Z
EIKN,9.19,2026-08-06T19:58:34Z
EIM,9.62,2026-08-06T19:57:48Z
EINC,117.73,2026-08-06T17:53:17Z
EIPI,22.22,2026-08-06T19:59:51Z
EIPX,32.32,2026-08-06T19:52:15Z
EIX,67.21,2026-08-06T19:59:54Z
EJAN,36.19,2026-08-06T14:02:43Z
EJUL,30.57,2026-08-06T19:51:02Z
EL,85.43,2026-08-06T19:59:46Z
ELA,18.12,2026-08-06T19:59:51Z
ELAB,0.95,2026-08-06T18:29:49Z
ELAN,24.195,2026-08-06T19:59:59Z
ELBM,0.6213,2026-08-06T19:54:34Z
ELC,19.89,2026-08-06T19:57:27Z
ELCV,31.495,2026-08-06T19:53:28Z
ELDN,3.445,2026-08-06T19:59:31Z
ELE,17.845,2026-08-06T19:58:56Z
ELF,92.36,2026-08-06T19:59:53Z
ELFY,41.775,2026-08-06T18:24:54Z
ELIL,30.035,2026-08-06T19:59:50Z
ELLA,25.12,2026-08-06T19:56:38Z
ELM,29.62,2026-08-06T18:45:03Z
ELMD,41.64,2026-08-06T19:51:31Z
ELME,1.635,2026-08-06T19:57:27Z
ELMT,16.29,2026-08-06T19:59:48Z
ELOX,17.545,2026-08-06T14:51:55Z
ELPC,11.65,2026-08-06T19:59:25Z
ELPW,0.1119,2026-08-06T19:57:43Z
ELS,64.645,2026-08-06T19:59:58Z
ELTX,3.19,2026-08-06T19:50:53Z
ELV,391.455,2026-08-06T19:59:57Z
ELVA,9.28,2026-08-06T19:59:53Z
ELVN,60.32,2026-08-06T19:59:48Z
EMA,51.56,2026-08-06T19:59:46Z
EMAT,2.665,2026-08-06T19:59:08Z
EMB,94.97,2026-08-06T19:59:54Z
EMBC,3.51,2026-08-06T19:59:53Z
EMBJ,71.94,2026-08-06T19:59:49Z
EMBX,51.145,2026-08-06T16:25:22Z
EMCS,44.25,2026-08-06T17:36:35Z
EMD,10.58,2026-08-06T19:59:53Z
EME,807.72,2026-08-06T19:59:51Z
EMEM,24.92,2026-08-06T13:31:53Z
EMEQ,62.43,2026-08-06T19:59:51Z
EMF,21.84,2026-08-06T15:35:00Z
EMGF,69.52,2026-08-06T19:48:16Z
EMHC,24.965,2026-08-06T19:33:51Z
EMHY,40.26,2026-08-06T18:59:05Z
EML,24.76,2026-08-06T15:46:25Z
EMLC,25.54,2026-08-06T19:59:59Z
EMLP,43.55,2026-08-06T18:50:15Z
EMM,42.47,2026-08-06T19:56:47Z
EMMF,37.2,2026-08-06T19:25:00Z
EMN,73.52,2026-08-06T19:59:57Z
EMO,51.15,2026-08-06T18:29:28Z
EMOP,49.85,2026-08-06T15:54:05Z
EMP,19.96,2026-08-06T15:05:07Z
EMPD,2.835,2026-08-06T19:58:07Z
EMQQ,34.68,2026-08-06T19:24:17Z
EMR,156.9,2026-08-06T19:59:55Z
EMSC,25.48,2026-08-06T19:37:56Z
EMSF,38.05,2026-08-06T19:33:07Z
EMXC,93.91,2026-08-06T19:59:54Z
EMXF,56.27,2026-08-06T19:57:47Z
ENB,51.68,2026-08-06T19:59:59Z
ENFR,39.01,2026-08-06T14:14:18Z
ENGN,1.8,2026-08-06T19:59:43Z
ENGS,2.765,2026-08-06T19:59:48Z
ENHA,2.64,2026-08-06T19:59:46Z
ENIC,4.57,2026-08-06T19:59:56Z
ENLT,84.32,2026-08-06T19:59:01Z
ENLV,1.96,2026-08-06T19:59:50Z
ENOR,34.47,2026-08-06T18:06:01Z
ENOV,26.335,2026-08-06T19:59:59Z
ENPH,39.65,2026-08-06T19:59:55Z
ENR,21.51,2026-08-06T19:59:47Z
ENRD,5.35,2026-08-06T19:35:25Z
ENRDW,0.43,2026-08-06T15:43:41Z
ENS,187.8,2026-08-06T19:58:42Z
ENSC,0.5204,2026-08-06T19:59:43Z
ENSG,181.6,2026-08-06T19:58:35Z
ENTA,13.33,2026-08-06T19:59:39Z
ENTG,142.46,2026-08-06T19:59:56Z
ENTX,2.835,2026-08-06T19:59:45Z
ENVA,256.55,2026-08-06T19:58:00Z
ENVB,1.57,2026-08-06T19:59:26Z
ENVX,4.25,2026-08-06T19:59:56Z
ENZL,47.64,2026-08-06T19:32:56Z
EOCT,34.41,2026-08-06T19:16:01Z
EOD,6.545,2026-08-06T19:59:30Z
EOG,136.16,2026-08-06T19:59:59Z
EOI,19.99,2026-08-06T19:18:40Z
EOLS,7.41,2026-08-06T19:59:58Z
EONR,0.479,2026-08-06T19:58:55Z
EONR+,0.08,2026-08-06T17:20:58Z
EOS,21.86,2026-08-06T19:58:31Z
EOSE,3.935,2026-08-06T19:59:57Z
EOSU,8.78,2026-08-06T19:59:59Z
EOT,17.49,2026-08-06T19:55:50Z
EP,2.55,2026-08-06T15:55:33Z
EPAC,37.445,2026-08-06T19:58:08Z
EPAM,93.04,2026-08-06T19:59:49Z
EPC,28.09,2026-08-06T19:59:33Z
EPD,38.075,2026-08-06T19:59:58Z
EPHE,25.77,2026-08-06T19:59:55Z
EPI,43.39,2026-08-06T19:59:55Z
EPM,3.555,2026-08-06T19:56:53Z
EPOL,44.03,2026-08-06T19:59:46Z
EPOW,0.42,2026-08-06T18:39:09Z
EPP,57.44,2026-08-06T19:59:51Z
EPR,61.37,2026-08-06T19:59:39Z
EPRT,30.635,2026-08-06T19:59:49Z
EPRX,6.66,2026-08-06T19:58:47Z
EPSM,1.455,2026-08-06T19:01:53Z
EPSN,5.63,2026-08-06T19:59:22Z
EPSV,31.22,2026-08-06T19:59:51Z
EPU,89.61,2026-08-06T17:04:04Z
EQ,2.115,2026-08-06T19:59:59Z
EQAL,60.395,2026-08-06T18:16:05Z
EQBK,51.26,2026-08-06T17:58:16Z
EQH,52.16,2026-08-06T19:59:50Z
EQH-A,19.3,2026-08-06T15:23:22Z
EQH-C,16.24,2026-08-06T19:02:18Z
EQIX,1052.07,2026-08-06T19:59:55Z
EQNR,39.46,2026-08-06T19:59:56Z
EQPT,20.125,2026-08-06T19:59:48Z
EQR,66.69,2026-08-06T19:59:53Z
EQRR,83.86,2026-08-06T15:25:38Z
EQT,51.59,2026-08-06T19:59:58Z
EQWL,132.8,2026-08-06T19:28:20Z
EQX,10.755,2026-08-06T19:59:59Z
ERAS,18.265,2026-08-06T19:59:59Z
ERET,29.315,2026-08-06T19:54:25Z
ERH,11.66,2026-08-06T16:20:09Z
ERIC,10.155,2026-08-06T19:59:58Z
ERIE,253.87,2026-08-06T19:57:54Z
ERII,8.73,2026-08-06T19:59:53Z
ERNA,4.29,2026-08-06T18:55:18Z
ERO,31.125,2026-08-06T19:59:56Z
EROC,10.41,2026-08-06T19:59:58Z
EROK,22.95,2026-08-06T19:59:48Z
ERX,90.3,2026-08-06T19:59:48Z
ERY,10.855,2026-08-06T19:59:49Z
ES,72.035,2026-08-06T19:59:52Z
ESAB,94.49,2026-08-06T19:59:49Z
ESCA,22.25,2026-08-06T19:53:39Z
ESE,327.5,2026-08-06T19:59:17Z
ESEA,77.34,2026-08-06T19:56:11Z
ESGD,106.445,2026-08-06T19:59:46Z
ESGE,52.18,2026-08-06T19:59:58Z
ESGG,239.895,2026-08-06T19:22:27Z
ESGU,168.41,2026-08-06T19:59:48Z
ESGV,136.015,2026-08-06T19:59:48Z
ESI,38.44,2026-08-06T19:59:53Z
ESIM,29.36,2026-08-06T17:16:42Z
ESLG,28.86,2026-08-06T18:02:19Z
ESLT,856.71,2026-08-06T19:55:00Z
ESNT,65.57,2026-08-06T19:59:47Z
ESOA,15.675,2026-08-06T19:54:34Z
ESP,62.29,2026-08-06T17:26:04Z
ESPO,96.28,2026-08-06T17:36:16Z
ESQ,131.28,2026-08-06T19:36:44Z
ESRT,4.9,2026-08-06T19:59:57Z
ESS,284.94,2026-08-06T19:57:43Z
ESSC,30.91,2026-08-06T19:59:45Z
ESTA,79.165,2026-08-06T19:59:45Z
ESTC,69.94,2026-08-06T19:59:49Z
ESUM,30.87,2026-08-06T18:08:11Z
ET,20.675,2026-08-06T19:59:59Z
ET-I,11.57,2026-08-06T13:37:33Z
ETB,15.53,2026-08-06T19:58:40Z
ETD,23.57,2026-08-06T19:59:29Z
ETG,24.1,2026-08-06T19:55:28Z
ETH,18.2,2026-08-06T19:57:32Z
ETHA,14.41,2026-08-06T19:59:58Z
ETHB,24.58,2026-08-06T19:59:52Z
ETHD,56.91,2026-08-06T15:43:24Z
ETHE,15.38,2026-08-06T19:59:55Z
ETHT,10.515,2026-08-06T19:59:45Z
ETHU,16.28,2026-08-06T19:59:49Z
ETHV,27.96,2026-08-06T14:46:28Z
ETHW,13.65,2026-08-06T19:59:46Z
ETJ,8.47,2026-08-06T19:59:33Z
ETN,447.8,2026-08-06T19:59:50Z
ETON,46.165,2026-08-06T19:59:31Z
ETOR,35.47,2026-08-06T19:59:53Z
ETR,106.49,2026-08-06T19:59:58Z
ETS,1.255,2026-08-06T17:27:40Z
ETSY,82.285,2026-08-06T19:59:55Z
ETU,4.3,2026-08-06T19:59:45Z
ETV,14.91,2026-08-06T16:24:32Z
ETW,9.625,2026-08-06T19:59:46Z
ETX,18.26,2026-08-06T19:29:19Z
ETY,14.535,2026-08-06T19:59:56Z
EU,1.15,2026-08-06T19:59:44Z
EUAD,46.805,2026-08-06T19:54:50Z
EUFN,42.2,2026-08-06T19:59:50Z
EUM,16.25,2026-08-06T19:59:45Z
EUSB,42.82,2026-08-06T17:09:42Z
EUV,25.54,2026-08-06T19:55:05Z
EUVX,16.81,2026-08-06T16:50:22Z
EVAX,2.995,2026-08-06T19:39:53Z
EVC,11.43,2026-08-06T19:59:49Z
EVCM,10.58,2026-08-06T19:59:30Z
EVER,23.73,2026-08-06T19:58:11Z
EVEX,2.63,2026-08-06T19:59:56Z
EVF,4.98,2026-08-06T18:12:30Z
EVG,10.54,2026-08-06T19:58:10Z
EVGN,0.7049,2026-08-06T17:20:49Z
EVGO,1.515,2026-08-06T19:59:55Z
EVH,3.59,2026-08-06T19:59:59Z
EVI,13.97,2026-08-06T19:59:50Z
EVIM,52.54,2026-08-06T16:30:46Z
EVLN,48.58,2026-08-06T19:56:10Z
EVLV,5.945,2026-08-06T19:59:46Z
EVMN,13.47,2026-08-06T19:59:43Z
EVMO,49.78,2026-08-06T19:59:51Z
EVMU,19.23,2026-08-06T14:49:16Z
EVN,10.56,2026-08-06T19:55:01Z
EVO,1.94,2026-08-06T19:58:16Z
EVPF,50.01,2026-08-06T14:49:56Z
EVR,309.92,2026-08-06T19:59:31Z
EVRG,83,2026-08-06T19:59:56Z
EVSD,50.76,2026-08-06T19:59:50Z
EVSM,50.145,2026-08-06T18:30:41Z
EVT,28.68,2026-08-06T19:59:57Z
EVTC,30.99,2026-08-06T19:59:49Z
EVTL,1.255,2026-08-06T19:59:55Z
EVTR,50.11,2026-08-06T19:50:30Z
EVUS,36.79,2026-08-06T17:44:10Z
EVV,9.195,2026-08-06T19:59:21Z
EW,89.3,2026-08-06T19:59:50Z
EWA,30.16,2026-08-06T19:59:50Z
EWBC,131.92,2026-08-06T19:59:46Z
EWC,60.705,2026-08-06T19:59:50Z
EWD,53.38,2026-08-06T19:59:51Z
EWG,43.52,2026-08-06T19:59:46Z
EWH,22.5,2026-08-06T19:59:55Z
EWI,63.175,2026-08-06T19:59:59Z
EWJ,95.165,2026-08-06T19:59:59Z
EWJV,47.55,2026-08-06T18:47:23Z
EWK,27.13,2026-08-06T19:56:01Z
EWL,63.69,2026-08-06T19:59:58Z
EWM,28.085,2026-08-06T19:59:23Z
EWN,68.62,2026-08-06T19:59:52Z
EWO,44.19,2026-08-06T16:38:03Z
EWP,62.33,2026-08-06T19:59:49Z
EWQ,47.585,2026-08-06T19:59:35Z
EWS,32.57,2026-08-06T19:59:51Z
EWT,101.975,2026-08-06T19:59:56Z
EWTX,44.41,2026-08-06T19:59:50Z
EWU,48.3,2026-08-06T19:59:51Z
EWUS,45.42,2026-08-06T15:39:24Z
EWW,76.625,2026-08-06T19:59:45Z
EWX,71.1,2026-08-06T14:32:27Z
EWY,164.105,2026-08-06T19:59:57Z
EWZ,35.83,2026-08-06T19:59:57Z
EWZS,12.98,2026-08-06T19:59:50Z
EXC,45.33,2026-08-06T19:59:58Z
EXE,91.96,2026-08-06T19:59:56Z
EXEL,52.2,2026-08-06T19:59:55Z
EXFY,1.98,2026-08-06T19:59:55Z
EXG,9.935,2026-08-06T19:59:59Z
EXI,204.42,2026-08-06T16:52:41Z
EXK,8.845,2026-08-06T19:59:59Z
EXLS,34.63,2026-08-06T19:59:54Z
EXOD,5.3,2026-08-06T19:58:00Z
EXP,211.485,2026-08-06T19:59:05Z
EXPD,178.53,2026-08-06T19:59:48Z
EXPE,306.41,2026-08-06T19:59:54Z
EXPO,66.31,2026-08-06T19:58:27Z
EXR,149.645,2026-08-06T19:59:31Z
EXTR,24.34,2026-08-06T19:59:47Z
EXUS,28.65,2026-08-06T19:11:58Z
EXYN,1.81,2026-08-06T19:42:48Z
EYE,22.46,2026-08-06T19:59:50Z
EYLD,46.8,2026-08-06T16:48:53Z
EYPT,12.815,2026-08-06T19:59:50Z
EZA,66.85,2026-08-06T19:59:34Z
EZBC,37.21,2026-08-06T19:59:11Z
EZGO,0.9901,2026-08-06T15:59:37Z
EZPW,29.05,2026-08-06T19:59:55Z
EZRA,2.56,2026-08-06T19:58:47Z
EZU,71.01,2026-08-06T19:59:50Z
F,13.79,2026-08-06T19:59:58Z
F-B,20.4,2026-08-06T19:59:38Z
F-C,19.7,2026-08-06T15:07:53Z
F-D,20.87,2026-08-06T19:25:35Z
FA,24.12,2026-08-06T19:59:58Z
FAAA,50.245,2026-08-06T19:55:28Z
FAAR,30.96,2026-08-06T19:59:54Z
FAB,106.29,2026-08-06T18:18:01Z
FABC,2.68,2026-08-06T19:59:55Z
FAC,5.98,2026-08-06T19:59:57Z
FAD,189.91,2026-08-06T16:53:13Z
FAF,75.16,2026-08-06T19:59:50Z
FAI,53.57,2026-08-06T19:30:02Z
FALN,26.925,2026-08-06T19:59:49Z
FAMI,0.1577,2026-08-06T19:58:05Z
FAN,23.69,2026-08-06T18:42:24Z
FANG,189.55,2026-08-06T19:59:50Z
FAS,180.425,2026-08-06T19:55:50Z
FAST,50.825,2026-08-06T19:59:58Z
FATE,2.49,2026-08-06T19:59:55Z
FATN,6.32,2026-08-06T19:59:52Z
FAUG,57.36,2026-08-06T14:04:12Z
FAX,14.39,2026-08-06T19:59:51Z
FAZ,31.59,2026-08-06T19:56:25Z
FB,45.17,2026-08-06T18:38:34Z
FBCG,62.12,2026-08-06T19:59:46Z
FBCV,42.33,2026-08-06T16:45:25Z
FBDC,17.36,2026-08-06T13:37:43Z
FBGL,0.4023,2026-08-06T18:58:31Z
FBIN,50.37,2026-08-06T19:59:59Z
FBIO,2.78,2026-08-06T19:59:54Z
FBIOP,19,2026-08-06T13:48:47Z
FBIZ,71.37,2026-08-06T19:16:41Z
FBK,60.76,2026-08-06T19:59:50Z
FBL,22.01,2026-08-06T19:58:23Z
FBLA,15.495,2026-08-06T19:59:30Z
FBLG,0.9991,2026-08-06T19:56:21Z
FBNC,64.245,2026-08-06T19:59:37Z
FBND,44.92,2026-08-06T19:59:55Z
FBP,29.06,2026-08-06T19:59:55Z
FBRT,7.64,2026-08-06T19:59:58Z
FBRX,76.81,2026-08-06T19:59:53Z
FBTC,56.05,2026-08-06T19:59:55Z
FBUF,33.34,2026-08-06T16:42:55Z
FBY,8.65,2026-08-06T19:34:35Z
FBYD,9.77,2026-08-06T18:19:33Z
FC,21.5,2026-08-06T19:58:13Z
FCAL,48.81,2026-08-06T19:59:50Z
FCAP,63.59,2026-08-06T19:59:57Z
FCBC,48.59,2026-08-06T19:54:07Z
FCBM,12.51,2026-08-06T19:59:28Z
FCCO,34.37,2026-08-06T16:11:12Z
FCEF,24.05,2026-08-06T19:59:51Z
FCEL,20.3,2026-08-06T19:59:54Z
FCF,21.44,2026-08-06T19:59:54Z
FCFS,205.93,2026-08-06T19:57:58Z
FCG,28.25,2026-08-06T19:59:54Z
FCHL,1.22,2026-08-06T18:20:35Z
FCLD,40.58,2026-08-06T17:10:12Z
FCN,150.805,2026-08-06T19:59:55Z
FCNCA,2236.78,2026-08-06T19:59:48Z
FCNCN,24.92,2026-08-06T17:58:00Z
FCOM,70.245,2026-08-06T19:55:00Z
FCOR,46.37,2026-08-06T15:55:46Z
FCPT,25.06,2026-08-06T19:59:50Z
FCT,9.65,2026-08-06T19:50:11Z
FCTE,30.1,2026-08-06T19:59:51Z
FCUS,36.98,2026-08-06T18:14:13Z
FCUV,8.165,2026-08-06T19:49:02Z
FCVT,49.99,2026-08-06T19:59:51Z
FCX,68.18,2026-08-06T19:59:59Z
FCXG,14.68,2026-08-06T16:26:11Z
FDD,20.33,2026-08-06T19:58:59Z
FDEC,55.43,2026-08-06T19:59:46Z
FDEV,37.45,2026-08-06T16:34:59Z
FDHY,48.94,2026-08-06T18:30:04Z
FDIS,103.135,2026-08-06T19:59:37Z
FDIV,28.1,2026-08-06T17:08:12Z
FDL,51.575,2026-08-06T19:59:46Z
FDLO,73.23,2026-08-06T19:10:26Z
FDLS,42.93,2026-08-06T19:02:55Z
FDM,94.4,2026-08-06T19:59:51Z
FDMO,95.26,2026-08-06T18:16:13Z
FDMT,10.565,2026-08-06T19:59:51Z
FDN,283.49,2026-08-06T19:59:57Z
FDRR,69.21,2026-08-06T15:47:33Z
FDRS,23.73,2026-08-06T13:59:31Z
FDRV,17.62,2026-08-06T19:59:46Z
FDS,274.87,2026-08-06T19:58:30Z
FDT,92.575,2026-08-06T19:59:47Z
FDTX,53.795,2026-08-06T19:51:40Z
FDUS,20.59,2026-08-06T19:58:37Z
FDV,32.96,2026-08-06T19:50:51Z
FDVV,63.65,2026-08-06T19:59:55Z
FDX,315.91,2026-08-06T19:59:56Z
FDXF,146.38,2026-08-06T19:59:58Z
FE,47.37,2026-08-06T19:59:58Z
FEAC,33.41,2026-08-06T17:56:56Z
FEAM,1.73,2026-08-06T19:59:55Z
FEBT,41.88,2026-08-06T17:45:14Z
FEED,0.38,2026-08-06T16:39:38Z
FEGE,52.035,2026-08-06T19:59:59Z
FEIM,74.54,2026-08-06T19:59:29Z
FELC,43.72,2026-08-06T19:59:58Z
FELE,109.23,2026-08-06T19:58:05Z
FELG,44.225,2026-08-06T19:59:48Z
FELV,42.61,2026-08-06T19:58:18Z
FEMB,29.56,2026-08-06T16:16:04Z
FEMR,40.135,2026-08-06T19:17:45Z
FEMS,45.23,2026-08-06T19:39:30Z
FEMY,3.005,2026-08-06T15:23:46Z
FENC,10.86,2026-08-06T19:58:45Z
FENI,41.29,2026-08-06T19:59:38Z
FENY,32.29,2026-08-06T19:59:26Z
FEOE,56.08,2026-08-06T19:59:47Z
FEP,59.71,2026-08-06T17:23:57Z
FEPI,41.455,2026-08-06T19:52:21Z
FER,65.415,2026-08-06T19:59:58Z
FERG,253.335,2026-08-06T19:59:49Z
FESC,24.33,2026-08-06T14:30:52Z
FESM,47.825,2026-08-06T19:58:33Z
FET,74.8,2026-08-06T19:57:13Z
FETH,19.01,2026-08-06T19:59:52Z
FEX,139.12,2026-08-06T15:58:19Z
FEZ,71.23,2026-08-06T19:59:58Z
FF,5.23,2026-08-06T19:59:51Z
FFA,23,2026-08-06T14:11:38Z
FFAI,4.365,2026-08-06T19:59:51Z
FFBC,33.76,2026-08-06T19:59:53Z
FFC,16.12,2026-08-06T19:59:47Z
FFEB,62.17,2026-08-06T19:37:30Z
FFIN,34.7,2026-08-06T19:59:49Z
FFIV,412.91,2026-08-06T19:59:49Z
FFLC,60.11,2026-08-06T19:59:51Z
FFLG,33.22,2026-08-06T19:59:45Z
FFLS,23.48,2026-08-06T19:01:00Z
FFND,33.4,2026-08-06T19:01:35Z
FFOG,49.91,2026-08-06T14:25:14Z
FFOX,30.19,2026-08-06T19:04:51Z
FFSM,37.635,2026-08-06T19:50:13Z
FFTY,37.01,2026-08-06T19:59:02Z
FFUT,60.15,2026-08-06T18:18:08Z
FG,29.07,2026-08-06T19:59:44Z
FGBI,9.415,2026-08-06T14:25:18Z
FGD,34.77,2026-08-06T19:59:32Z
FGL,0.86,2026-08-06T19:59:48Z
FGN,24.6,2026-08-06T17:17:44Z
FGNX,7.315,2026-08-06T18:50:46Z
FGRU,8.26,2026-08-06T13:30:02Z
FGSN,20.96,2026-08-06T18:02:11Z
FHB,27.56,2026-08-06T19:59:55Z
FHEQ,34.24,2026-08-06T15:31:37Z
FHI,63.235,2026-08-06T19:59:53Z
FHLC,79.875,2026-08-06T19:59:57Z
FHN,25.48,2026-08-06T19:59:56Z
FHN-H,24.54,2026-08-06T17:57:52Z
FHTX,5.56,2026-08-06T19:59:50Z
FHYS,22.96,2026-08-06T17:34:40Z
FIBK,37.42,2026-08-06T19:59:59Z
FICO,1032.41,2026-08-06T19:59:55Z
FIDI,29.13,2026-08-06T18:44:25Z
FIDU,98.18,2026-08-06T19:59:50Z
FIEE,3.3,2026-08-06T18:45:45Z
FIG,23.965,2026-08-06T19:59:59Z
FIGB,42.265,2026-08-06T19:59:58Z
FIGG,21.29,2026-08-06T19:50:08Z
FIGR,28.59,2026-08-06T19:59:56Z
FIGS,11.225,2026-08-06T19:59:54Z
FIIG,20.44,2026-08-06T19:59:51Z
FINS,12.555,2026-08-06T19:53:28Z
FINV,4.82,2026-08-06T19:59:59Z
FINW,14.025,2026-08-06T19:29:36Z
FINX,26.02,2026-08-06T19:59:50Z
FIP,4.06,2026-08-06T19:59:55Z
FIRY,9.93,2026-08-06T19:52:48Z
FIS,42.795,2026-08-06T19:59:56Z
FISI,41.97,2026-08-06T19:59:38Z
FISN,9.25,2026-08-06T19:58:38Z
FISR,25.205,2026-08-06T19:44:48Z
FISV,54.13,2026-08-06T19:59:58Z
FITB,56.96,2026-08-06T19:59:56Z
FITZ,25.13,2026-08-06T16:01:11Z
FIVA,39.75,2026-08-06T19:59:45Z
FIVE,231.225,2026-08-06T19:59:51Z
FIVN,28.37,2026-08-06T19:59:57Z
FIW,113.68,2026-08-06T14:13:54Z
FIX,1711.55,2026-08-06T19:59:54Z
FIXD,42.98,2026-08-06T19:59:51Z
FIXT,37.48,2026-08-06T18:19:20Z
FIZZ,32,2026-08-06T19:58:24Z
FJAN,56.27,2026-08-06T14:57:48Z
FJDIU,9.95,2026-08-06T19:44:54Z
FJET,3.82,2026-08-06T19:59:51Z
FJP,76.55,2026-08-06T19:24:07Z
FJUL,61.1,2026-08-06T17:30:24Z
FJUN,61.18,2026-08-06T19:07:10Z
FLBR,22.32,2026-08-06T19:59:50Z
FLC,16.72,2026-08-06T19:56:34Z
FLCA,54.07,2026-08-06T18:59:48Z
FLCB,21.065,2026-08-06T19:19:01Z
FLCH,22.12,2026-08-06T19:53:54Z
FLCO,20.97,2026-08-06T17:49:12Z
FLCV,37.43,2026-08-06T18:35:29Z
FLD,0.4903,2026-08-06T19:58:27Z
FLDR,50.055,2026-08-06T18:27:50Z
FLEU,36.85,2026-08-06T15:26:02Z
FLEX,122.59,2026-08-06T19:59:53Z
FLG,14.155,2026-08-06T19:59:58Z
FLGB,37.32,2026-08-06T15:03:52Z
FLGT,18.56,2026-08-06T19:59:58Z
FLGV,19.95,2026-08-06T19:52:13Z
FLHY,24.095,2026-08-06T19:53:30Z
FLIA,20.325,2026-08-06T19:59:47Z
FLIN,35.995,2026-08-06T19:59:46Z
FLJH,45.54,2026-08-06T16:00:17Z
FLJJ,34.29,2026-08-06T17:24:35Z
FLJP,40.555,2026-08-06T19:59:39Z
FLKR,54.27,2026-08-06T19:59:54Z
FLL,2.21,2026-08-06T19:59:20Z
FLLA,27.57,2026-08-06T18:30:32Z
FLMI,24.65,2026-08-06T19:59:52Z
FLNA,0.9521,2026-08-06T19:59:56Z
FLNC,13.2,2026-08-06T19:59:59Z
FLNG,31.04,2026-08-06T19:59:48Z
FLNT,3.79,2026-08-06T19:55:41Z
FLO,7.245,2026-08-06T19:59:54Z
FLOC,20.94,2026-08-06T19:59:42Z
FLOT,50.915,2026-08-06T19:58:12Z
FLQL,79.2,2026-08-06T18:33:06Z
FLQM,61.11,2026-08-06T15:09:43Z
FLQS,50.31,2026-08-06T17:44:47Z
FLR,48.81,2026-08-06T19:59:59Z
FLRG,42.58,2026-08-06T19:56:28Z
FLRN,30.75,2026-08-06T19:59:51Z
FLRT,46.735,2026-08-06T19:02:45Z
FLS,78.58,2026-08-06T19:59:52Z
FLSP,28.25,2026-08-06T19:53:18Z
FLSW,44.26,2026-08-06T19:12:12Z
FLTR,25.525,2026-08-06T19:58:41Z
FLTW,98.29,2026-08-06T19:47:18Z
FLUD,24.95,2026-08-06T19:26:50Z
FLUT,93.08,2026-08-06T19:59:59Z
FLWS,4.055,2026-08-06T19:58:36Z
FLX,2.1,2026-08-06T19:55:04Z
FLXR,38.83,2026-08-06T19:59:33Z
FLXS,76.465,2026-08-06T19:54:29Z
FLY,24.04,2026-08-06T19:59:50Z
FLYT,6.32,2026-08-06T15:45:27Z
FLYW,18.21,2026-08-06T19:59:57Z
FLYX,1.25,2026-08-06T19:59:28Z
FLZH,1.41,2026-08-06T19:46:38Z
FMACR,0.1894,2026-08-06T18:36:34Z
FMAO,34.22,2026-08-06T19:59:01Z
FMAR,53.11,2026-08-06T19:53:47Z
FMAT,59.51,2026-08-06T19:28:30Z
FMAY,57.31,2026-08-06T19:53:29Z
FMB,50.47,2026-08-06T19:59:45Z
FMBH,51.88,2026-08-06T19:59:05Z
FMC,10.56,2026-08-06T19:59:57Z
FMDE,41.785,2026-08-06T19:59:58Z
FMED,28.865,2026-08-06T19:57:04Z
FMF,50.15,2026-08-06T13:31:48Z
FMFC,0.3007,2026-08-06T18:00:09Z
FMHI,47.76,2026-08-06T19:17:55Z
FMN,11.06,2026-08-06T19:59:10Z
FMNB,15.81,2026-08-06T19:59:50Z
FMS,24.095,2026-08-06T19:59:49Z
FMTL,35.08,2026-08-06T18:54:40Z
FMTM,38.64,2026-08-06T19:59:51Z
FMUB,50.82,2026-08-06T18:47:41Z
FMUN,49.55,2026-08-06T19:24:22Z
FMX,122.035,2026-08-06T19:58:49Z
FN,544.225,2026-08-06T19:59:55Z
FNB,18.97,2026-08-06T19:59:59Z
FNCL,82.46,2026-08-06T14:41:00Z
FND,59.93,2026-08-06T19:59:50Z
FNDA,37.75,2026-08-06T19:59:52Z
FNDB,31.425,2026-08-06T19:58:45Z
FNDC,50.46,2026-08-06T19:59:58Z
FNDE,41.465,2026-08-06T19:59:18Z
FNDF,54.63,2026-08-06T19:59:51Z
FNDX,32.185,2026-08-06T19:58:41Z
FNF,52.53,2026-08-06T19:59:54Z
FNGD,27.91,2026-08-06T19:59:59Z
FNGG,259.4,2026-08-06T18:16:06Z
FNGR,0.3449,2026-08-06T19:55:00Z
FNGU,32.03,2026-08-06T19:59:58Z
FNK,64.13,2026-08-06T15:40:09Z
FNKO,5.29,2026-08-06T19:59:48Z
FNOV,59.6,2026-08-06T19:02:05Z
FNRN,17.82,2026-08-06T19:51:30Z
FNUC,1.64,2026-08-06T19:58:03Z
FNV,231.34,2026-08-06T19:59:48Z
FNWB,11.07,2026-08-06T18:31:08Z
FNWD,44.8,2026-08-06T17:24:40Z
FOA,22.27,2026-08-06T19:52:54Z
FOF,13.59,2026-08-06T19:39:03Z
FOPC,25.2,2026-08-06T19:18:13Z
FOR,29.21,2026-08-06T19:58:59Z
FORH,24.38,2026-08-06T19:49:50Z
FORM,115.19,2026-08-06T19:59:34Z
FORR,11.94,2026-08-06T19:59:51Z
FOSL,5.82,2026-08-06T19:59:56Z
FOTO,21.19,2026-08-06T19:31:55Z
FOUR,43.38,2026-08-06T19:59:50Z
FOUR-A,56.32,2026-08-06T18:42:07Z
FOX,55.35,2026-08-06T19:59:49Z
FOXA,61.775,2026-08-06T19:59:59Z
FOXF,18.86,2026-08-06T19:59:45Z
FOXY,28.22,2026-08-06T18:16:59Z
FPE,17.825,2026-08-06T19:59:47Z
FPEI,19.175,2026-08-06T19:53:45Z
FPF,17.55,2026-08-06T19:54:55Z
FPH,5.15,2026-08-06T19:59:26Z
FPI,9.94,2026-08-06T19:59:50Z
FPRO,25.215,2026-08-06T17:44:00Z
FPS,37.7,2026-08-06T19:59:57Z
FPSX,4.87,2026-08-06T19:59:50Z
FPWR,36.76,2026-08-06T19:59:47Z
FPX,180.22,2026-08-06T18:16:07Z
FPXI,71.81,2026-08-06T19:29:35Z
FQAL,84.57,2026-08-06T14:00:03Z
FR,63.32,2026-08-06T19:59:50Z
FRA,10.84,2026-08-06T19:56:42Z
FRAF,62.33,2026-08-06T19:26:21Z
FRBA,18.79,2026-08-06T19:59:59Z
FRBT,19.05,2026-08-06T19:58:28Z
FRD,37.455,2026-08-06T19:50:36Z
FRDM,66.53,2026-08-06T19:55:25Z
FREI,24.88,2026-08-06T18:00:30Z
FREL,29.755,2026-08-06T19:57:06Z
FRGT,3.125,2026-08-06T19:39:34Z
FRHC,152.04,2026-08-06T14:30:59Z
FRME,42.78,2026-08-06T19:59:57Z
FRMI,6.18,2026-08-06T19:59:55Z
FRMM,6.135,2026-08-06T19:59:52Z
FRNM,10.875,2026-08-06T19:59:53Z
FRNW,22.87,2026-08-06T13:54:40Z
FRO,39.51,2026-08-06T19:59:40Z
FROG,83.14,2026-08-06T19:59:57Z
FRPH,21.23,2026-08-06T19:59:39Z
FRPT,66.77,2026-08-06T19:59:53Z
FRSH,11.605,2026-08-06T19:59:58Z
FRST,16.29,2026-08-06T19:59:50Z
FRSX,1.29,2026-08-06T19:11:19Z
FRT,117.92,2026-08-06T19:59:52Z
FRT-C,19.12,2026-08-06T18:04:09Z
FRTT,0.9915,2026-08-06T19:48:40Z
FRTY,23.23,2026-08-06T14:15:39Z
FRVO,22.96,2026-08-06T19:59:34Z
FSBC,46.38,2026-08-06T19:57:15Z
FSBW,43.29,2026-08-06T18:48:22Z
FSCO,4.98,2026-08-06T19:59:55Z
FSCS,38.08,2026-08-06T19:47:20Z
FSEC,43.36,2026-08-06T19:59:45Z
FSEP,56.23,2026-08-06T19:25:12Z
FSIG,18.8,2026-08-06T19:40:21Z
FSK,11.89,2026-08-06T19:59:55Z
FSLR,244.045,2026-08-06T19:59:45Z
FSLY,22.67,2026-08-06T19:59:54Z
FSM,9.56,2026-08-06T19:59:58Z
FSMB,19.94,2026-08-06T19:42:46Z
FSOL,8.6,2026-08-06T19:59:46Z
FSP,0.4475,2026-08-06T19:59:04Z
FSS,127.775,2026-08-06T19:59:47Z
FSSL,11.24,2026-08-06T19:53:23Z
FSTA,53.73,2026-08-06T18:16:06Z
FSTB,19.995,2026-08-06T16:10:11Z
FSTR,42,2026-08-06T19:51:46Z
FSUN,39.77,2026-08-06T19:59:15Z
FSV,142.86,2026-08-06T19:57:49Z
FSYD,48.34,2026-08-06T16:51:15Z
FT,7.84,2026-08-06T14:56:49Z
FTA,101.78,2026-08-06T19:16:57Z
FTAI,221.225,2026-08-06T19:59:55Z
FTC,182.57,2026-08-06T17:35:55Z
FTCA,7.275,2026-08-06T19:59:23Z
FTCB,20.58,2026-08-06T19:59:45Z
FTCE,27.515,2026-08-06T19:59:45Z
FTCI,2.745,2026-08-06T19:59:56Z
FTCS,99.915,2026-08-06T19:59:55Z
FTDR,89.76,2026-08-06T19:59:50Z
FTEC,285.35,2026-08-06T19:59:48Z
FTEK,1.38,2026-08-06T19:33:04Z
FTF,5.74,2026-08-06T19:59:51Z
FTFT,0.89,2026-08-06T15:30:01Z
FTGC,28.73,2026-08-06T19:57:16Z
FTGS,39.455,2026-08-06T18:56:05Z
FTH,24.405,2026-08-06T19:58:07Z
FTHI,23.87,2026-08-06T19:59:51Z
FTHM,0.748,2026-08-06T19:36:04Z
FTHY,13.495,2026-08-06T19:59:44Z
FTI,69.61,2026-08-06T19:59:44Z
FTK,36.38,2026-08-06T19:59:14Z
FTLF,10.05,2026-08-06T15:46:33Z
FTLS,75.59,2026-08-06T17:14:51Z
FTMA,8.92,2026-08-06T19:59:51Z
FTMH,11.58,2026-08-06T19:59:46Z
FTMN,8.72,2026-08-06T19:59:45Z
FTMS,9.885,2026-08-06T19:59:45Z
FTMU,7.76,2026-08-06T19:59:45Z
FTNJ,8.675,2026-08-06T16:08:07Z
FTNT,160.1,2026-08-06T19:59:59Z
FTNY,7.79,2026-08-06T19:59:50Z
FTOH,8.325,2026-08-06T19:56:27Z
FTPA,8.575,2026-08-06T15:23:10Z
FTQI,22.09,2026-08-06T19:59:46Z
FTRA,9.86,2026-08-06T13:48:03Z
FTRB,24.79,2026-08-06T19:59:50Z
FTRE,17.68,2026-08-06T19:59:53Z
FTRK,0.3156,2026-08-06T14:54:52Z
FTS,55.955,2026-08-06T19:59:46Z
FTSD,89.95,2026-08-06T19:49:56Z
FTSL,44.89,2026-08-06T19:22:26Z
FTSM,59.75,2026-08-06T19:59:51Z
FTV,60.86,2026-08-06T19:59:50Z
FTW,11.44,2026-08-06T19:57:21Z
FTWO,45.02,2026-08-06T16:12:57Z
FTXH,39.13,2026-08-06T19:29:53Z
FTXL,230.505,2026-08-06T19:59:56Z
FTXN,36.18,2026-08-06T14:32:26Z
FTXO,42.86,2026-08-06T19:57:47Z
FUBO,8.995,2026-08-06T19:59:55Z
FUFU,1.29,2026-08-06T16:14:11Z
FUL,59.21,2026-08-06T19:59:36Z
FULC,3.775,2026-08-06T19:59:59Z
FULT,24.39,2026-08-06T19:59:56Z
FUN,15.735,2026-08-06T19:59:53Z
FUNC,45.42,2026-08-06T17:27:02Z
FUND,10.12,2026-08-06T19:52:17Z
FUSE,0.8465,2026-08-06T19:53:55Z
FUTG,3.82,2026-08-06T19:59:50Z
FUTU,104.53,2026-08-06T19:59:56Z
FUTY,55.96,2026-08-06T19:59:00Z
FV,71.265,2026-08-06T19:58:39Z
FVAL,82.65,2026-08-06T19:47:09Z
FVC,41.1,2026-08-06T13:48:22Z
FVCB,18.695,2026-08-06T19:58:31Z
FVD,50.64,2026-08-06T19:59:20Z
FVN,11.52,2026-08-06T18:16:42Z
FVNNU,10.79,2026-08-06T19:21:41Z
FVR,19.51,2026-08-06T19:59:30Z
FVRR,9.23,2026-08-06T19:59:36Z
FWD,130.8,2026-08-06T19:59:04Z
FWDI,4.165,2026-08-06T19:59:57Z
FWONA,90.42,2026-08-06T19:43:30Z
FWONK,99.615,2026-08-06T19:59:59Z
FWRD,17.82,2026-08-06T19:59:54Z
FWRG,12.43,2026-08-06T19:59:51Z
FXA,69.57,2026-08-06T17:38:20Z
FXC,69.71,2026-08-06T19:27:05Z
FXD,70.875,2026-08-06T19:58:30Z
FXE,106.32,2026-08-06T19:56:09Z
FXF,108.44,2026-08-06T19:53:28Z
FXH,127.415,2026-08-06T19:52:00Z
FXHO,9.6,2026-08-06T19:37:29Z
FXI,35.955,2026-08-06T19:59:57Z
FXL,211.745,2026-08-06T19:53:28Z
FXN,21.52,2026-08-06T19:58:21Z
FXNC,31.45,2026-08-06T13:52:11Z
FXO,66.47,2026-08-06T17:29:41Z
FXU,47.8,2026-08-06T19:59:38Z
FXY,57.9,2026-08-06T18:27:10Z
FXZ,81.625,2026-08-06T15:06:34Z
FYC,122.53,2026-08-06T18:21:13Z
FYEE,30.03,2026-08-06T19:32:19Z
FYLD,39.33,2026-08-06T19:04:06Z
FYT,72.47,2026-08-06T19:53:54Z
FYX,144.68,2026-08-06T17:10:36Z
G,36.14,2026-08-06T19:59:53Z
GAB,5.69,2026-08-06T19:59:51Z
GABC,50.77,2026-08-06T19:59:35Z
GAEM,26.85,2026-08-06T19:04:27Z
GAIA,1.98,2026-08-06T13:53:43Z
GAIN,16.86,2026-08-06T19:59:48Z
GALT,3.23,2026-08-06T19:59:10Z
GALX,25.26,2026-08-06T19:22:29Z
GAME,0.3601,2026-08-06T19:59:30Z
GANX,1.79,2026-08-06T19:59:43Z
GAP,20.52,2026-08-06T19:59:59Z
GAPR,42.28,2026-08-06T19:38:58Z
GARP,82.58,2026-08-06T19:50:40Z
GASS,8.67,2026-08-06T19:19:08Z
GATX,178.98,2026-08-06T19:57:51Z
GAU,1.94,2026-08-06T19:59:51Z
GAUG,41.88,2026-08-06T17:01:42Z
GAUZ,0.44,2026-08-06T19:59:49Z
GAVA,15.64,2026-08-06T13:44:06Z
GBAB,13.9,2026-08-06T19:58:35Z
GBCI,48.49,2026-08-06T19:59:53Z
GBDC,13.08,2026-08-06T19:59:56Z
GBFH,20.87,2026-08-06T19:58:43Z
GBIL,99.93,2026-08-06T19:38:34Z
GBND,49.71,2026-08-06T19:42:10Z
GBTC,49.875,2026-08-06T19:59:55Z
GBTG,9.435,2026-08-06T19:59:55Z
GBX,47.7,2026-08-06T19:59:59Z
GCAD,56.11,2026-08-06T18:44:07Z
GCAL,50.49,2026-08-06T18:31:22Z
GCDT,0.4079,2026-08-06T19:53:32Z
GCL,0.5161,2026-08-06T16:30:46Z
GCMG,13.47,2026-08-06T19:59:42Z
GCO,38.55,2026-08-06T19:57:52Z
GCOR,40.495,2026-08-06T19:59:45Z
GCOW,46.605,2026-08-06T19:59:54Z
GCT,52.44,2026-08-06T19:59:58Z
GCTK,0.458,2026-08-06T19:54:12Z
GCTS,2.36,2026-08-06T19:59:56Z
GD,386.86,2026-08-06T19:59:49Z
GDC,1.73,2026-08-06T19:52:59Z
GDDY,90.36,2026-08-06T19:59:55Z
GDHG,1.34,2026-08-06T19:59:43Z
GDIV,19.05,2026-08-06T18:38:10Z
GDL,8.425,2026-08-06T16:03:26Z
GDLC,28.97,2026-08-06T18:53:56Z
GDMN,82.86,2026-08-06T16:57:56Z
GDO,10.29,2026-08-06T19:21:27Z
GDOG,8.1,2026-08-06T17:38:11Z
GDOT,13.39,2026-08-06T19:59:55Z
GDRX,3.73,2026-08-06T19:59:54Z
GDS,31.83,2026-08-06T19:59:26Z
GDTC,0.8151,2026-08-06T19:59:52Z
GDV,30.18,2026-08-06T19:53:37Z
GDX,83.91,2026-08-06T19:59:57Z
GDXD,32.49,2026-08-06T19:49:39Z
GDXJ,109.42,2026-08-06T19:59:52Z
GDXU,107.21,2026-08-06T19:58:45Z
GDXW,39.07,2026-08-06T16:52:48Z
GDXY,10.51,2026-08-06T19:59:59Z
GDYN,7.575,2026-08-06T19:59:56Z
GE,374.365,2026-08-06T19:59:49Z
GECC,5.71,2026-08-06T19:59:54Z
GEF,89.18,2026-08-06T19:59:51Z
GEF.B,110.99,2026-08-06T19:59:50Z
GEHC,70.325,2026-08-06T19:59:52Z
GEL,15.17,2026-08-06T19:59:58Z
GELS,0.5839,2026-08-06T19:58:32Z
GEM,49.8,2026-08-06T19:58:59Z
GEME,42.115,2026-08-06T19:55:16Z
GEMG,7.04,2026-08-06T19:37:43Z
GEMI,3.96,2026-08-06T19:59:56Z
GEN,28.085,2026-08-06T19:59:58Z
GENB,13.89,2026-08-06T19:59:52Z
GENC,14.39,2026-08-06T19:59:53Z
GENI,7.81,2026-08-06T19:59:59Z
GENK,2.03,2026-08-06T13:53:08Z
GENVR,2.24,2026-08-06T18:39:41Z
GEO,30.16,2026-08-06T19:59:50Z
GEOS,6.81,2026-08-06T19:27:14Z
GERN,1.56,2026-08-06T19:59:59Z
GETY,0.4473,2026-08-06T19:59:57Z
GEV,998.725,2026-08-06T19:59:53Z
GEVG,26.54,2026-08-06T15:20:04Z
GEVO,1.44,2026-08-06T19:59:55Z
GEVX,19.77,2026-08-06T19:53:28Z
GFEB,44.7,2026-08-06T16:45:00Z
GFF,106.28,2026-08-06T19:59:46Z
GFI,37.355,2026-08-06T19:59:51Z
GFL,41.61,2026-08-06T19:59:44Z
GFLW,33.07,2026-08-06T19:58:54Z
GFR,6.425,2026-08-06T19:59:11Z
GFS,50.375,2026-08-06T19:59:57Z
GFUZ,9.26,2026-08-06T19:13:36Z
GGAL,46.705,2026-08-06T19:59:51Z
GGB,5.05,2026-08-06T19:59:54Z
GGG,83.01,2026-08-06T19:59:52Z
GGLL,110.565,2026-08-06T19:59:45Z
GGLS,56.28,2026-08-06T19:54:19Z
GGN,5.14,2026-08-06T19:58:27Z
GGOV,50.21,2026-08-06T19:55:47Z
GGT,4.14,2026-08-06T19:50:07Z
GH,157.525,2026-08-06T19:59:45Z
GHC,1198.2,2026-08-06T19:58:40Z
GHI,5.79,2026-08-06T19:59:55Z
GHM,104.98,2026-08-06T19:59:25Z
GHRS,30.55,2026-08-06T19:59:41Z
GHY,11.74,2026-08-06T19:38:11Z
GIAX,15.79,2026-08-06T19:41:05Z
GIB,74.16,2026-08-06T19:59:50Z
GIC,39.54,2026-08-06T19:59:06Z
GIGB,45,2026-08-06T19:59:51Z
GII,75.245,2026-08-06T19:25:04Z
GIII,35.77,2026-08-06T19:59:43Z
GIL,58.2,2026-08-06T19:59:58Z
GILD,130.89,2026-08-06T19:59:59Z
GILT,11.28,2026-08-06T19:59:58Z
GINN,81.19,2026-08-06T15:07:42Z
GIPR,0.76,2026-08-06T19:27:16Z
GIS,36.08,2026-08-06T19:59:58Z
GITS,2.04,2026-08-06T14:49:59Z
GIXXR,0.29,2026-08-06T18:36:18Z
GJAN,45.76,2026-08-06T18:16:54Z
GJP,24.8,2026-08-06T19:54:47Z
GJUL,44.44,2026-08-06T18:28:31Z
GJUN,41.87,2026-08-06T19:13:06Z
GK,29.51,2026-08-06T17:48:20Z
GKOS,171.03,2026-08-06T19:59:46Z
GL,186.015,2026-08-06T19:59:49Z
GLAD,19.5,2026-08-06T19:58:45Z
GLAS,9.67,2026-08-06T19:59:37Z
GLBE,41.005,2026-08-06T19:59:47Z
GLBS,3.18,2026-08-06T19:50:09Z
GLD,389.685,2026-08-06T19:59:56Z
GLDG,0.9561,2026-08-06T19:58:11Z
GLDM,84.025,2026-08-06T19:59:54Z
GLE,0.3585,2026-08-06T15:21:47Z
GLGG,3.48,2026-08-06T19:44:12Z
GLIBA,24.38,2026-08-06T19:58:32Z
GLIBK,23.96,2026-08-06T19:59:30Z
GLIN,45.965,2026-08-06T15:05:10Z
GLL,23.97,2026-08-06T19:58:58Z
GLMD,0.5686,2026-08-06T19:08:36Z
GLND,2.225,2026-08-06T19:59:54Z
GLNDW,0.726,2026-08-06T18:19:44Z
GLNG,51.03,2026-08-06T19:59:55Z
GLNK,7.27,2026-08-06T19:59:46Z
GLO,5.96,2026-08-06T19:59:58Z
GLOB,37.215,2026-08-06T19:59:52Z
GLOO,3.38,2026-08-06T19:59:53Z
GLOW,34.97,2026-08-06T19:41:54Z
GLP,48.93,2026-08-06T19:49:11Z
GLPI,43.88,2026-08-06T19:59:49Z
GLRE,15.62,2026-08-06T19:59:16Z
GLRY,41.26,2026-08-06T19:41:03Z
GLSI,14.3,2026-08-06T19:29:27Z
GLU,19.245,2026-08-06T14:08:45Z
GLUE,15.73,2026-08-06T19:59:58Z
GLV,6.31,2026-08-06T19:47:48Z
GLW,157.245,2026-08-06T19:59:59Z
GLWG,15.09,2026-08-06T19:59:50Z
GLXG,1.05,2026-08-06T18:32:46Z
GLXU,3.985,2026-08-06T16:24:09Z
GLXY,19.54,2026-08-06T19:59:59Z
GM,86.92,2026-08-06T19:59:54Z
GMAB,29.845,2026-08-06T19:59:57Z
GME,19.225,2026-08-06T19:59:58Z
GMED,81.13,2026-08-06T19:59:50Z
GMEU,5.96,2026-08-06T19:59:02Z
GMEX,1.26,2026-08-06T19:23:57Z
GMEY,24.28,2026-08-06T19:59:46Z
GMM,3.075,2026-08-06T19:53:08Z
GMOD,27.875,2026-08-06T19:41:20Z
GMOI,40.67,2026-08-06T19:48:52Z
GMOV,31.98,2026-08-06T17:15:28Z
GMRS,12.15,2026-08-06T19:59:58Z
GMTL,11.56,2026-08-06T19:59:53Z
GMUB,50.74,2026-08-06T19:28:48Z
GNE,14.68,2026-08-06T19:59:37Z
GNK,25.07,2026-08-06T19:59:39Z
GNL,9.07,2026-08-06T19:59:56Z
GNLX,2.69,2026-08-06T19:59:53Z
GNMA,43.465,2026-08-06T18:15:23Z
GNOV,42.41,2026-08-06T14:09:59Z
GNPX,4.47,2026-08-06T19:55:48Z
GNR,73.44,2026-08-06T19:59:52Z
GNRC,211.18,2026-08-06T19:59:53Z
GNS,0.1548,2026-08-06T19:58:08Z
GNSS,1.72,2026-08-06T19:58:57Z
GNT,8.53,2026-08-06T19:58:30Z
GNTA,1.3,2026-08-06T15:19:39Z
GNTX,23.52,2026-08-06T19:59:53Z
GNW,9.715,2026-08-06T19:59:55Z
GO,9.675,2026-08-06T19:59:54Z
GOAI,1.76,2026-08-06T19:57:03Z
GOAU,41.41,2026-08-06T14:32:26Z
GOEX,78.87,2026-08-06T14:32:27Z
GOF,10.57,2026-08-06T19:58:20Z
GOGL,26.23,2026-08-06T19:59:46Z
GOGO,3.635,2026-08-06T19:59:56Z
GOLD,42.025,2026-08-06T19:59:42Z
GOLF,93.805,2026-08-06T19:59:27Z
GOOD,12.905,2026-08-06T19:59:00Z
GOOG,356.82,2026-08-06T19:59:59Z
GOOGL,357.885,2026-08-06T19:59:57Z
GOOGM,50.67,2026-08-06T19:56:23Z
GOOGN,50.425,2026-08-06T19:59:32Z
GOOL,14.02,2026-08-06T15:07:20Z
GOOS,8.57,2026-08-06T19:59:59Z
GOOX,79.13,2026-08-06T18:40:16Z
GOOY,12.735,2026-08-06T19:58:47Z
GOP,44.625,2026-08-06T18:42:07Z
GORO,2.13,2026-08-06T19:59:56Z
GOSS,0.1774,2026-08-06T19:59:43Z
GOTU,1.9,2026-08-06T19:57:06Z
GOU,27.84,2026-08-06T19:59:32Z
GOVI,26.46,2026-08-06T18:54:56Z
GOVT,22.45,2026-08-06T19:54:44Z
GOVX,0.755,2026-08-06T18:17:43Z
GOVZ,33.755,2026-08-06T19:59:52Z
GP,1.46,2026-08-06T19:59:44Z
GPC,132.76,2026-08-06T19:59:50Z
GPCR,52.68,2026-08-06T19:59:52Z
GPGI,14.97,2026-08-06T19:59:52Z
GPI,270.34,2026-08-06T19:59:07Z
GPIQ,56.67,2026-08-06T19:59:57Z
GPIX,56.09,2026-08-06T19:59:51Z
GPK,11.87,2026-08-06T19:59:59Z
GPMT,1.25,2026-08-06T19:59:50Z
GPMT-A,18.12,2026-08-06T13:45:55Z
GPN,87.7,2026-08-06T19:59:57Z
GPOR,158.295,2026-08-06T19:59:08Z
GPRE,15.19,2026-08-06T19:59:51Z
GPRK,9.52,2026-08-06T19:59:53Z
GPRO,0.7253,2026-08-06T19:59:56Z
GPTY,42.47,2026-08-06T15:39:02Z
GPUS,0.1174,2026-08-06T19:32:14Z
GPUS-D,21.47,2026-08-06T16:46:03Z
GPZ,24.62,2026-08-06T19:59:51Z
GQGU,26.69,2026-08-06T19:58:03Z
GQI,60.07,2026-08-06T18:58:52Z
GRAB,3.67,2026-08-06T19:59:59Z
GRAG,6.3,2026-08-06T19:02:28Z
GRAL,63.415,2026-08-06T19:59:42Z
GRBK,71.43,2026-08-06T19:58:55Z
GRBK-A,22.72,2026-08-06T14:09:10Z
GRC,84.61,2026-08-06T19:59:49Z
GRCE,2.14,2026-08-06T19:59:45Z
GRDN,39.475,2026-08-06T19:59:41Z
GRDX,2.76,2026-08-06T18:12:08Z
GREK,81.61,2026-08-06T14:32:56Z
GRFS,7.835,2026-08-06T19:59:35Z
GRI,1.52,2026-08-06T19:52:10Z
GRID,185.62,2026-08-06T19:59:59Z
GRIN,32.895,2026-08-06T19:15:36Z
GRML,0.182,2026-08-06T19:59:08Z
GRMN,302.08,2026-08-06T19:59:28Z
GRNB,23.82,2026-08-06T18:01:44Z
GRND,17.16,2026-08-06T19:59:49Z
GRNI,20.96,2026-08-06T19:49:23Z
GRNJ,29.69,2026-08-06T19:49:01Z
GRNT,4.67,2026-08-06T19:59:59Z
GRNY,27.715,2026-08-06T19:59:57Z
GRO,2.14,2026-08-06T19:59:51Z
GROV,1.11,2026-08-06T19:03:27Z
GROW,3.05,2026-08-06T13:44:34Z
GROY,2.865,2026-08-06T19:59:55Z
GROZ,33.18,2026-08-06T19:30:53Z
GRPN,25.145,2026-08-06T19:59:46Z
GRRR,12.38,2026-08-06T19:58:36Z
GRSD,1.9,2026-08-06T19:59:10Z
GRVY,60.79,2026-08-06T18:56:28Z
GRWG,1.47,2026-08-06T19:48:55Z
GRX,9.77,2026-08-06T19:38:29Z
GS,1032.09,2026-08-06T19:59:49Z
GS-D,18.78,2026-08-06T17:03:45Z
GSAT,83.18,2026-08-06T19:59:59Z
GSBC,81.6,2026-08-06T19:53:59Z
GSBD,9.105,2026-08-06T19:59:59Z
GSC,68.74,2026-08-06T13:30:01Z
GSEP,41.57,2026-08-06T19:37:51Z
GSEW,96.53,2026-08-06T19:50:48Z
GSG,31.08,2026-08-06T19:59:53Z
GSHD,66.76,2026-08-06T19:59:29Z
GSIB,64.48,2026-08-06T17:22:38Z
GSIE,47.72,2026-08-06T19:59:00Z
GSIT,6.63,2026-08-06T19:58:54Z
GSK,52.2,2026-08-06T19:59:58Z
GSL,42.865,2026-08-06T19:59:30Z
GSLC,146.7,2026-08-06T19:59:23Z
GSM,4.12,2026-08-06T19:59:58Z
GSOL,5.5,2026-08-06T19:59:30Z
GSSC,91.4,2026-08-06T16:28:03Z
GSST,50.42,2026-08-06T19:59:50Z
GSUI,9.81,2026-08-06T13:45:55Z
GSUN,0.5175,2026-08-06T16:34:35Z
GSUS,106.21,2026-08-06T19:19:18Z
GSWO,65.59,2026-08-06T14:52:29Z
GSY,50.18,2026-08-06T19:59:52Z
GT,6.77,2026-08-06T19:59:57Z
GTBP,0.3044,2026-08-06T19:59:55Z
GTE,9.485,2026-08-06T19:59:58Z
GTEC,0.5281,2026-08-06T19:45:42Z
GTEK,57.26,2026-08-06T19:42:43Z
GTERW,0.055,2026-08-06T17:51:07Z
GTES,28.61,2026-08-06T19:59:51Z
GTIM,1.415,2026-08-06T18:18:50Z
GTIP,47.61,2026-08-06T14:32:42Z
GTLB,35.68,2026-08-06T19:59:52Z
GTM,4.145,2026-08-06T19:59:55Z
GTN,4.29,2026-08-06T19:59:58Z
GTND,25.54,2026-08-06T18:47:55Z
GTO,46.255,2026-08-06T19:59:45Z
GTR,27.65,2026-08-06T19:37:32Z
GTX,30.46,2026-08-06T19:59:48Z
GTY,33.24,2026-08-06T19:59:26Z
GUG,15.46,2026-08-06T15:36:23Z
GUNR,52.615,2026-08-06T19:54:07Z
GURU,69.49,2026-08-06T14:01:28Z
GUSH,35.51,2026-08-06T19:59:14Z
GUT,6.21,2026-08-06T19:59:46Z
GUTS,0.6885,2026-08-06T19:59:37Z
GVA,121.26,2026-08-06T19:59:30Z
GVAL,37.95,2026-08-06T19:14:33Z
GVH,0.9712,2026-08-06T19:59:54Z
GVI,105.22,2026-08-06T19:48:20Z
GVIP,174.725,2026-08-06T15:04:40Z
GWAV,4.28,2026-08-06T19:58:00Z
GWH,0.6753,2026-08-06T19:58:03Z
GWRE,160.07,2026-08-06T19:59:55Z
GWRS,7.46,2026-08-06T19:55:43Z
GWW,1282.44,2026-08-06T19:59:49Z
GWX,45.26,2026-08-06T15:55:05Z
GXAI,0.8548,2026-08-06T19:59:50Z
GXDW,24.03,2026-08-06T18:16:06Z
GXIG,24.435,2026-08-06T15:03:51Z
GXO,47.02,2026-08-06T19:59:41Z
GXPC,30.17,2026-08-06T19:59:51Z
GXPD,26.71,2026-08-06T19:59:50Z
GXPS,26.75,2026-08-06T19:59:45Z
GXPT,33.61,2026-08-06T19:59:00Z
GXRP,19.99,2026-08-06T19:06:01Z
GYGY,3.305,2026-08-06T19:55:55Z
GYLD,14.49,2026-08-06T19:28:39Z
GYRE,6.47,2026-08-06T19:54:20Z
H,178.95,2026-08-06T19:59:48Z
HACK,113.03,2026-08-06T19:59:13Z
HAE,85.01,2026-08-06T19:59:54Z
HAFC,32.21,2026-08-06T19:59:59Z
HAFN,7.55,2026-08-06T19:59:58Z
HAIL,37.29,2026-08-06T19:59:51Z
HAIN,0.5892,2026-08-06T19:59:10Z
HAL,32.505,2026-08-06T19:59:59Z
HALO,85.82,2026-08-06T19:59:57Z
HAO,0.146,2026-08-06T19:35:01Z
HAP,72.39,2026-08-06T14:39:45Z
HAPN,19.7,2026-08-06T19:59:59Z
HARD,30.31,2026-08-06T19:35:13Z
HAS,91.675,2026-08-06T19:59:56Z
HASI,38.265,2026-08-06T19:59:52Z
HAUZ,22.97,2026-08-06T19:59:59Z
HAWK,24.58,2026-08-06T19:59:39Z
HAWX,45.78,2026-08-06T19:02:51Z
HAYW,15.665,2026-08-06T19:59:53Z
HBAN,17.365,2026-08-06T19:59:55Z
HBANL,25.12,2026-08-06T17:58:01Z
HBANP,16.18,2026-08-06T13:45:14Z
HBB,26.82,2026-08-06T19:59:35Z
HBCP,72.03,2026-08-06T19:59:49Z
HBDC,24.62,2026-08-06T19:38:56Z
HBM,26.315,2026-08-06T19:59:55Z
HBNC,20.475,2026-08-06T19:59:51Z
HBT,36.18,2026-08-06T19:52:09Z
HBTA,32.4,2026-08-06T16:42:42Z
HCA,408.87,2026-08-06T19:59:56Z
HCACR,0.23,2026-08-06T19:20:43Z
HCAT,2.3,2026-08-06T19:59:50Z
HCC,89.67,2026-08-06T19:59:53Z
HCI,180.56,2026-08-06T19:59:38Z
HCKT,11.11,2026-08-06T19:59:46Z
HCM,11.825,2026-08-06T19:57:19Z
HCMT,41.48,2026-08-06T19:06:47Z
HCSG,22.09,2026-08-06T19:59:56Z
HCTI,1.175,2026-08-06T19:59:01Z
HCWB,3.4,2026-08-06T17:25:37Z
HD,349.59,2026-08-06T19:59:48Z
HDB,23.76,2026-08-06T19:59:59Z
HDEF,33.83,2026-08-06T19:59:57Z
HDGE,14.54,2026-08-06T19:59:50Z
HDRN,1.65,2026-08-06T15:30:51Z
HDSN,5.655,2026-08-06T19:59:55Z
HDV,28.7,2026-08-06T19:59:46Z
HE,12.5,2026-08-06T19:59:56Z
HECA,27.47,2026-08-06T19:56:20Z
HEDG,30.5,2026-08-06T18:36:35Z
HEDJ,58.14,2026-08-06T15:22:31Z
HEEM,41.45,2026-08-06T19:15:11Z
HEFA,47.28,2026-08-06T19:59:51Z
HEFT,26.29,2026-08-06T19:58:47Z
HEGD,27.26,2026-08-06T14:16:42Z
HEI,363.645,2026-08-06T19:59:48Z
HEI.A,263.845,2026-08-06T19:59:59Z
HELE,28.81,2026-08-06T19:59:53Z
HELO,69.68,2026-08-06T19:59:55Z
HELP,11.1,2026-08-06T19:59:50Z
HEMI,42.41,2026-08-06T19:20:06Z
HEPS,2.91,2026-08-06T19:59:59Z
HEQ,11.49,2026-08-06T14:02:37Z
HEQT,34.34,2026-08-06T18:23:17Z
HERE,1.91,2026-08-06T19:57:15Z
HERO,26.42,2026-08-06T18:16:34Z
HESM,39.94,2026-08-06T19:59:56Z
HEWJ,63.88,2026-08-06T19:53:28Z
HEZU,50.07,2026-08-06T19:58:30Z
HFFG,1.46,2026-08-06T19:53:42Z
HFGM,30.98,2026-08-06T19:02:41Z
HFRO,7.32,2026-08-06T19:48:04Z
HFSI,34.895,2026-08-06T19:51:33Z
HFWA,29.64,2026-08-06T19:59:51Z
HFXI,37.83,2026-08-06T19:59:51Z
HG,35.53,2026-08-06T19:59:50Z
HGBL,1.04,2026-08-06T19:50:02Z
HGER,32.27,2026-08-06T19:59:51Z
HGLB,7.47,2026-08-06T17:55:26Z
HGRO,31.05,2026-08-06T14:14:22Z
HGTY,13.475,2026-08-06T19:59:16Z
HGV,46.45,2026-08-06T19:59:50Z
HHH,68.06,2026-08-06T19:59:34Z
HIBL,105.69,2026-08-06T18:16:14Z
HIBS,20,2026-08-06T19:59:50Z
HIDE,24.31,2026-08-06T19:59:50Z
HIFS,301.93,2026-08-06T19:54:58Z
HIG,144.4,2026-08-06T19:59:45Z
HIHO,1.065,2026-08-06T17:53:50Z
HII,321.82,2026-08-06T19:59:56Z
HIMS,29.615,2026-08-06T19:59:53Z
HIMU,48.5,2026-08-06T19:59:51Z
HIMX,13.75,2026-08-06T19:59:56Z
HIMZ,31.05,2026-08-06T19:46:43Z
HIND,2.14,2026-08-06T19:25:39Z
HIO,3.555,2026-08-06T19:49:59Z
HIPO,33.325,2026-08-06T19:58:50Z
HIPS,11.56,2026-08-06T15:32:51Z
HIS,26.35,2026-08-06T19:21:42Z
HITI,2.3,2026-08-06T19:59:30Z
HIVE,2.765,2026-08-06T19:59:49Z
HIW,31.495,2026-08-06T19:59:59Z
HIX,3.91,2026-08-06T19:53:27Z
HIYY,13.36,2026-08-06T13:35:33Z
HJUN,25.25,2026-08-06T18:49:55Z
HKD,1.67,2026-08-06T19:59:27Z
HKIT,3.15,2026-08-06T17:39:39Z
HKPD,0.3894,2026-08-06T17:59:42Z
HL,15.87,2026-08-06T19:59:59Z
HLAL,72.59,2026-08-06T17:33:29Z
HLF,11.46,2026-08-06T19:59:59Z
HLI,127.57,2026-08-06T19:59:56Z
HLIO,82.305,2026-08-06T19:59:49Z
HLIT,11.68,2026-08-06T19:59:56Z
HLLY,3,2026-08-06T19:59:59Z
HLMN,9.065,2026-08-06T19:59:58Z
HLN,10.06,2026-08-06T19:59:56Z
HLNE,98.47,2026-08-06T19:59:55Z
HLP,1.28,2026-08-06T16:10:02Z
HLT,321.755,2026-08-06T19:59:50Z
HLX,9.81,2026-08-06T19:59:57Z
HMC,30.75,2026-08-06T19:59:59Z
HMH,19.94,2026-08-06T19:59:42Z
HMN,54.21,2026-08-06T19:58:30Z
HMOP,38.7,2026-08-06T19:35:39Z
HMR,1.21,2026-08-06T16:26:24Z
HMY,18.04,2026-08-06T19:59:59Z
HNDL,22.65,2026-08-06T19:58:48Z
HNGE,80.12,2026-08-06T19:59:48Z
HNI,48.905,2026-08-06T19:59:24Z
HNRG,14.79,2026-08-06T19:59:43Z
HNST,5.42,2026-08-06T19:59:57Z
HNVR,27.115,2026-08-06T19:59:10Z
HODL,18.2,2026-08-06T19:59:50Z
HODO,0.56,2026-08-06T19:58:48Z
HODU,9.61,2026-08-06T16:23:52Z
HOFT,15.12,2026-08-06T19:44:21Z
HOG,25.69,2026-08-06T19:59:55Z
HOLO,1.54,2026-08-06T19:59:50Z
HOMB,30.83,2026-08-06T19:59:59Z
HON,240.79,2026-08-06T19:59:54Z
HONA,156.64,2026-08-06T19:59:59Z
HOOD,90.735,2026-08-06T19:59:58Z
HOOG,23.28,2026-08-06T18:47:22Z
HOOW,23.66,2026-08-06T14:47:23Z
HOOY,25.3,2026-08-06T19:44:52Z
HOOZ,13.37,2026-08-06T19:54:22Z
HOPE,13.95,2026-08-06T19:59:59Z
HOV,134.15,2026-08-06T19:54:27Z
HOVNP,19.75,2026-08-06T15:47:10Z
HOVR,1.95,2026-08-06T19:59:59Z
HOWL,0.4026,2026-08-06T19:59:54Z
HP,37.09,2026-08-06T19:59:59Z
HPAI,0.4872,2026-08-06T13:35:10Z
HPE,52.43,2026-08-06T19:59:59Z
HPEL,16.41,2026-08-06T14:48:47Z
HPF,15.87,2026-08-06T19:53:39Z
HPI,16.1,2026-08-06T16:08:32Z
HPK,6.855,2026-08-06T19:59:40Z
HPP,13.43,2026-08-06T19:59:49Z
HPQ,28.19,2026-08-06T19:59:59Z
HQ,14.35,2026-08-06T19:59:51Z
HQH,22.83,2026-08-06T19:59:53Z
HQI,13.04,2026-08-06T19:08:14Z
HQL,20.2,2026-08-06T19:59:40Z
HQY,103.44,2026-08-06T19:59:17Z
HR,20.215,2026-08-06T19:59:57Z
HRB,45.94,2026-08-06T19:59:52Z
HRI,168.47,2026-08-06T19:58:30Z
HRL,25.1,2026-08-06T19:59:58Z
HRMY,38.755,2026-08-06T19:59:50Z
HROW,39.89,2026-08-06T19:59:55Z
HRSK,25.77,2026-08-06T17:23:34Z
HRTG,35.18,2026-08-06T19:59:47Z
HRTX,0.4969,2026-08-06T19:59:57Z
HRZN,4.58,2026-08-06T19:59:47Z
HSAI,17.75,2026-08-06T19:59:48Z
HSBC,102.445,2026-08-06T19:59:43Z
HSCS,2.05,2026-08-06T19:59:38Z
HSCZ,43.71,2026-08-06T19:19:18Z
HSDT,1.66,2026-08-06T19:55:41Z
HSHP,15.55,2026-08-06T19:59:57Z
HSIC,88.24,2026-08-06T19:59:54Z
HSLV,4.9,2026-08-06T19:59:51Z
HST,23.37,2026-08-06T19:59:59Z
HSTM,28.14,2026-08-06T19:59:50Z
HSY,183.04,2026-08-06T19:59:57Z
HTAB,18.9,2026-08-06T19:35:54Z
HTB,51.52,2026-08-06T19:59:44Z
HTCO,3.38,2026-08-06T17:52:08Z
HTCR,2.54,2026-08-06T16:32:46Z
HTD,25.3,2026-08-06T19:57:57Z
HTEC,39.58,2026-08-06T19:59:24Z
HTFL,27.165,2026-08-06T19:59:28Z
HTGC,17.05,2026-08-06T19:59:59Z
HTH,39.34,2026-08-06T19:59:22Z
HTHT,42.805,2026-08-06T19:59:53Z
HTLD,12.28,2026-08-06T19:59:51Z
HTO,61.73,2026-08-06T19:59:27Z
HTOO,2.47,2026-08-06T17:53:38Z
HTRB,33.255,2026-08-06T19:01:41Z
HTT,2.505,2026-08-06T19:58:48Z
HTZ,2.01,2026-08-06T19:59:55Z
HTZWW,1.01,2026-08-06T19:00:49Z
HUBB,507.87,2026-08-06T19:59:52Z
HUBC,0.994,2026-08-06T19:54:12Z
HUBCW,0.0091,2026-08-06T15:09:32Z
HUBG,46.26,2026-08-06T19:59:51Z
HUBS,202.465,2026-08-06T19:59:56Z
HUM,367.06,2026-08-06T19:59:46Z
HUMA,0.6989,2026-08-06T19:57:14Z
HUMN,32.5,2026-08-06T18:23:52Z
HUN,10.135,2026-08-06T19:59:57Z
HURA,2.11,2026-08-06T19:59:51Z
HURN,149.995,2026-08-06T19:59:53Z
HUSV,41.52,2026-08-06T19:59:51Z
HUT,90.67,2026-08-06T19:59:47Z
HUTG,16.22,2026-08-06T19:49:46Z
HUYA,2.41,2026-08-06T19:59:51Z
HVIIR,0.25,2026-08-06T18:47:06Z
HVT,28.94,2026-08-06T19:59:35Z
HWC,77.36,2026-08-06T19:59:23Z
HWH,1.48,2026-08-06T19:22:52Z
HWKN,130.5,2026-08-06T19:40:51Z
HWM,289.76,2026-08-06T19:59:56Z
HXHX,0.4702,2026-08-06T14:14:52Z
HXL,102.94,2026-08-06T19:59:54Z
HY,36.63,2026-08-06T19:58:18Z
HYBB,46.4,2026-08-06T18:25:26Z
HYBI,49.1,2026-08-06T15:30:55Z
HYBL,27.905,2026-08-06T19:59:46Z
HYD,50.285,2026-08-06T19:59:48Z
HYDB,46.33,2026-08-06T19:48:09Z
HYDR,43.49,2026-08-06T19:57:08Z
HYDW,46.535,2026-08-06T14:57:23Z
HYEM,20,2026-08-06T19:59:51Z
HYFI,37.105,2026-08-06T19:59:46Z
HYFM,1.82,2026-08-06T19:59:20Z
HYFT,1.29,2026-08-06T19:59:56Z
HYG,79.45,2026-08-06T19:59:59Z
HYGH,86.43,2026-08-06T19:53:35Z
HYGV,40.02,2026-08-06T19:47:18Z
HYGW,28.85,2026-08-06T15:00:06Z
HYHG,64.77,2026-08-06T18:33:53Z
HYLB,36.255,2026-08-06T19:59:08Z
HYLN,3.94,2026-08-06T19:59:57Z
HYLS,40.63,2026-08-06T17:51:15Z
HYMB,24.885,2026-08-06T19:59:46Z
HYMC,23.805,2026-08-06T19:59:54Z
HYNE,16.25,2026-08-06T19:31:16Z
HYNX,18.7,2026-08-06T19:59:31Z
HYP,26.02,2026-08-06T19:38:57Z
HYPD,2.665,2026-08-06T19:58:37Z
HYPG,19.84,2026-08-06T19:59:51Z
HYPR,0.9881,2026-08-06T19:59:38Z
HYS,92.6,2026-08-06T19:40:15Z
HYSA,14.84,2026-08-06T17:02:12Z
HYT,8.405,2026-08-06T19:59:41Z
HYTI,18.98,2026-08-06T19:00:00Z
HYTR,21.325,2026-08-06T19:53:36Z
HYXF,46.44,2026-08-06T17:23:09Z
HYZD,22.61,2026-08-06T19:55:48Z
HZO,35.17,2026-08-06T19:59:47Z
IAE,8.63,2026-08-06T19:59:33Z
IAF,13.3,2026-08-06T13:43:45Z
IAG,16.035,2026-08-06T19:59:59Z
IAGG,49.945,2026-08-06T19:55:15Z
IAI,186.92,2026-08-06T19:59:45Z
IAK,149.34,2026-08-06T19:50:10Z
IALT,28.7,2026-08-06T19:59:59Z
IAPR,34.03,2026-08-06T14:02:43Z
IART,17.11,2026-08-06T19:59:51Z
IAT,64.19,2026-08-06T19:51:00Z
IAU,79.875,2026-08-06T19:59:56Z
IAUG,30.8,2026-08-06T19:03:54Z
IAUI,50.38,2026-08-06T19:46:36Z
IAUM,42.32,2026-08-06T19:59:02Z
IAUX,1.515,2026-08-06T19:59:52Z
IBAT,40.59,2026-08-06T15:48:55Z
IBB,192.89,2026-08-06T19:59:52Z
IBBQ,33.12,2026-08-06T19:59:50Z
IBCA,25.105,2026-08-06T19:59:13Z
IBCB,24.64,2026-08-06T15:20:58Z
IBCP,38.47,2026-08-06T19:59:49Z
IBD,23.64,2026-08-06T19:52:34Z
IBDR,24.175,2026-08-06T17:20:23Z
IBDS,24.14,2026-08-06T19:59:51Z
IBDT,25.13,2026-08-06T19:59:51Z
IBDU,23.01,2026-08-06T19:28:56Z
IBDV,21.59,2026-08-06T19:59:51Z
IBDW,20.595,2026-08-06T19:49:57Z
IBDX,24.84,2026-08-06T19:53:33Z
IBDY,25.35,2026-08-06T19:59:59Z
IBDZ,25.62,2026-08-06T14:44:35Z
IBEX,36.8,2026-08-06T19:41:12Z
IBG,1.06,2026-08-06T19:57:12Z
IBHF,22.47,2026-08-06T19:59:51Z
IBHG,21.95,2026-08-06T15:22:27Z
IBHH,23.38,2026-08-06T19:30:09Z
IBHK,25.5,2026-08-06T14:04:13Z
IBID,25.695,2026-08-06T17:38:21Z
IBIF,25.705,2026-08-06T13:30:03Z
IBII,25.27,2026-08-06T15:16:50Z
IBIJ,25.24,2026-08-06T15:11:58Z
IBIK,25.04,2026-08-06T15:09:49Z
IBIL,24.755,2026-08-06T18:48:11Z
IBIO,1.39,2026-08-06T19:59:51Z
IBIT,36.48,2026-08-06T19:59:59Z
IBKR,85.99,2026-08-06T19:59:59Z
IBM,233.44,2026-08-06T19:59:58Z
IBMO,25.6,2026-08-06T18:57:48Z
IBMQ,25.5,2026-08-06T19:59:51Z
IBMT,25.55,2026-08-06T19:59:46Z
IBMU,25.13,2026-08-06T19:36:39Z
IBN,30.49,2026-08-06T19:59:59Z
IBND,31.095,2026-08-06T19:57:45Z
IBOC,75.06,2026-08-06T19:59:55Z
IBOT,67.545,2026-08-06T15:15:52Z
IBP,241.805,2026-08-06T19:59:46Z
IBRX,7.31,2026-08-06T19:59:58Z
IBTA,35.94,2026-08-06T19:59:59Z
IBTG,22.835,2026-08-06T19:48:26Z
IBTH,22.325,2026-08-06T15:45:30Z
IBTI,22.055,2026-08-06T16:34:02Z
IBTJ,21.515,2026-08-06T19:59:52Z
IBTK,19.375,2026-08-06T19:59:06Z
IBTL,20,2026-08-06T13:41:10Z
IBTM,22.415,2026-08-06T19:48:46Z
IBTO,23.775,2026-08-06T18:23:54Z
IBTP,24.985,2026-08-06T19:58:44Z
IBTQ,24.62,2026-08-06T16:32:40Z
IBTR,24.44,2026-08-06T19:59:46Z
IBX,17.53,2026-08-06T19:39:00Z
ICAP,28.66,2026-08-06T19:52:18Z
ICCC,11.31,2026-08-06T19:53:13Z
ICCM,3.15,2026-08-06T19:48:09Z
ICE,149.74,2026-08-06T19:59:55Z
ICF,68.38,2026-08-06T19:55:00Z
ICFI,85.5,2026-08-06T19:59:45Z
ICG,0.8201,2026-08-06T19:29:36Z
ICHR,65.3,2026-08-06T19:59:44Z
ICL,5.27,2026-08-06T19:59:53Z
ICLN,18.11,2026-08-06T19:59:51Z
ICLO,25.6,2026-08-06T17:54:55Z
ICLR,161.22,2026-08-06T19:59:51Z
ICMB,0.8343,2026-08-06T19:55:06Z
ICOP,53.87,2026-08-06T16:16:03Z
ICOW,44.49,2026-08-06T19:59:51Z
ICPI,49.95,2026-08-06T15:59:16Z
ICSH,50.445,2026-08-06T19:56:15Z
ICU,3.05,2026-08-06T19:29:18Z
ICUI,166.22,2026-08-06T19:59:46Z
ICVT,114.51,2026-08-06T19:53:29Z
IDA,140.86,2026-08-06T19:59:47Z
IDCC,328.18,2026-08-06T19:59:44Z
IDE,13,2026-08-06T19:33:19Z
IDEF,34.475,2026-08-06T19:55:58Z
IDEQ,35.42,2026-08-06T19:59:50Z
IDEV,92.295,2026-08-06T19:59:59Z
IDGT,115.82,2026-08-06T18:16:13Z
IDHQ,44.93,2026-08-06T19:59:53Z
IDLV,36.22,2026-08-06T19:36:50Z
IDMO,62.01,2026-08-06T19:59:20Z
IDN,3.81,2026-08-06T19:48:55Z
IDNA,33.535,2026-08-06T19:50:00Z
IDOG,44.04,2026-08-06T19:22:14Z
IDR,32.62,2026-08-06T19:59:40Z
IDT,66.125,2026-08-06T19:58:13Z
IDU,110.245,2026-08-06T19:58:50Z
IDUB,27.92,2026-08-06T16:24:28Z
IDV,44.43,2026-08-06T19:59:55Z
IDVO,42.79,2026-08-06T19:44:00Z
IDX,11.21,2026-08-06T19:59:59Z
IDXX,590.14,2026-08-06T19:59:56Z
IDYA,36.23,2026-08-06T19:59:35Z
IDYN,30.75,2026-08-06T19:53:28Z
IE,10.69,2026-08-06T19:59:59Z
IEDI,57.08,2026-08-06T14:06:48Z
IEF,92.975,2026-08-06T19:59:59Z
IEFA,99.985,2026-08-06T19:59:52Z
IEI,116.325,2026-08-06T19:59:52Z
IEMG,79.36,2026-08-06T19:59:59Z
IEO,119.82,2026-08-06T19:50:40Z
IEP,7.64,2026-08-06T19:59:22Z
IESC,767.81,2026-08-06T19:58:05Z
IEUR,77.66,2026-08-06T19:59:45Z
IEV,75.235,2026-08-06T19:59:58Z
IEX,233.49,2026-08-06T19:59:41Z
IEZ,28.325,2026-08-06T19:59:46Z
IFF,84.49,2026-08-06T19:59:49Z
IFGL,22.895,2026-08-06T19:53:02Z
IFLN,18.225,2026-08-06T15:02:56Z
IFLO,35.42,2026-08-06T15:02:33Z
IFN,11.79,2026-08-06T19:56:06Z
IFRA,60.86,2026-08-06T19:57:30Z
IFRX,1.71,2026-08-06T19:59:56Z
IFS,59.06,2026-08-06T19:59:46Z
IFV,26.03,2026-08-06T18:02:03Z
IG,20.255,2026-08-06T16:42:52Z
IGA,10.235,2026-08-06T16:05:15Z
IGBH,24.365,2026-08-06T19:59:51Z
IGC,0.2481,2026-08-06T19:58:16Z
IGD,6.53,2026-08-06T19:59:34Z
IGE,60.24,2026-08-06T19:37:00Z
IGEB,44.29,2026-08-06T19:59:46Z
IGF,66.025,2026-08-06T19:59:31Z
IGI,15.8,2026-08-06T14:53:47Z
IGIB,52.28,2026-08-06T19:59:51Z
IGIC,26.95,2026-08-06T19:58:45Z
IGLB,48.13,2026-08-06T19:59:54Z
IGLD,21.23,2026-08-06T19:58:58Z
IGM,161.615,2026-08-06T19:59:58Z
IGOV,41.3,2026-08-06T19:59:59Z
IGPT,92.05,2026-08-06T15:17:35Z
IGR,4.67,2026-08-06T19:58:14Z
IGRO,92.345,2026-08-06T19:56:23Z
IGSB,52.05,2026-08-06T19:59:50Z
IGV,99.46,2026-08-06T19:59:58Z
IHAK,64.4,2026-08-06T19:59:45Z
IHD,7.35,2026-08-06T19:50:00Z
IHDG,53.61,2026-08-06T19:58:07Z
IHE,102.5,2026-08-06T19:54:48Z
IHF,55.985,2026-08-06T19:59:46Z
IHG,159.22,2026-08-06T19:59:15Z
IHI,54.095,2026-08-06T19:59:58Z
IHRT,3.805,2026-08-06T19:59:56Z
IHS,8.24,2026-08-06T19:59:56Z
IIF,23.28,2026-08-06T19:58:30Z
III,5,2026-08-06T19:59:48Z
IIIN,32.37,2026-08-06T19:58:06Z
IIIV,21.97,2026-08-06T19:59:32Z
IIM,12.54,2026-08-06T19:59:58Z
IIPR,58.385,2026-08-06T19:59:05Z
IIPR-A,25.105,2026-08-06T15:46:36Z
IJAN,38.9,2026-08-06T18:28:08Z
IJH,76.74,2026-08-06T19:59:56Z
IJJ,149.34,2026-08-06T19:59:59Z
IJK,115.17,2026-08-06T19:59:57Z
IJR,147.86,2026-08-06T19:59:59Z
IJS,137.95,2026-08-06T19:57:17Z
IJT,175.88,2026-08-06T19:51:49Z
IJUL,36.88,2026-08-06T14:52:26Z
IKT,2.42,2026-08-06T19:59:50Z
ILCB,106.87,2026-08-06T13:45:28Z
ILCG,116.535,2026-08-06T19:59:48Z
ILCV,107.25,2026-08-06T19:17:30Z
ILDR,38.46,2026-08-06T19:16:34Z
ILF,34.92,2026-08-06T19:59:58Z
ILLR,1.16,2026-08-06T19:54:22Z
ILMN,193.99,2026-08-06T19:59:58Z
ILPT,8.62,2026-08-06T19:59:17Z
ILS,19.905,2026-08-06T14:28:40Z
IMAR,31.085,2026-08-06T18:32:35Z
IMAX,49.69,2026-08-06T19:59:50Z
IMC,6.925,2026-08-06T14:07:38Z
IMCB,98.71,2026-08-06T19:38:58Z
IMCC,0.1199,2026-08-06T18:07:42Z
IMCG,97.68,2026-08-06T19:59:51Z
IMCR,34.53,2026-08-06T19:59:53Z
IMDX,4.85,2026-08-06T19:59:29Z
IMFL,34.49,2026-08-06T18:07:30Z
IMKTA,87.405,2026-08-06T18:17:51Z
IMMP,0.3703,2026-08-06T19:58:49Z
IMMR,7.39,2026-08-06T19:59:04Z
IMMX,10.06,2026-08-06T19:59:58Z
IMNM,25.87,2026-08-06T19:59:57Z
IMNN,1.55,2026-08-06T19:50:17Z
IMO,126.28,2026-08-06T19:59:51Z
IMOM,41.42,2026-08-06T19:01:35Z
IMOS,52.67,2026-08-06T19:59:10Z
IMPP,4.62,2026-08-06T19:59:52Z
IMRX,4.46,2026-08-06T19:59:59Z
IMSR,5.35,2026-08-06T19:59:56Z
IMSRW,2.3,2026-08-06T18:30:39Z
IMTB,43,2026-08-06T15:42:39Z
IMTM,53.08,2026-08-06T19:59:29Z
IMTX,9.42,2026-08-06T19:59:52Z
IMUX,14.39,2026-08-06T19:43:25Z
IMVP,20.4,2026-08-06T18:08:27Z
IMVT,39.82,2026-08-06T19:59:57Z
IMXI,12.185,2026-08-06T19:59:50Z
INAB,0.9019,2026-08-06T14:46:11Z
INAC,10.33,2026-08-06T14:51:24Z
INBK,29.295,2026-08-06T19:53:30Z
INBS,1.99,2026-08-06T19:58:29Z
INBX,85.12,2026-08-06T19:48:01Z
INCE,68.63,2026-08-06T18:09:28Z
INCM,29.36,2026-08-06T19:59:52Z
INCY,118.39,2026-08-06T19:59:55Z
INDA,50.13,2026-08-06T19:59:56Z
INDB,83.97,2026-08-06T19:59:50Z
INDI,3.43,2026-08-06T19:59:47Z
INDO,2.78,2026-08-06T19:59:56Z
INDP,1.23,2026-08-06T19:59:50Z
INDS,41.67,2026-08-06T19:23:42Z
INDV,38.665,2026-08-06T19:59:51Z
INDY,44.065,2026-08-06T19:51:02Z
INEO,0.6051,2026-08-06T19:55:35Z
INEQ,41.59,2026-08-06T19:37:53Z
INFH,6.43,2026-08-06T18:50:06Z
INFL,51.965,2026-08-06T19:05:17Z
INFQ,11.1,2026-08-06T19:59:57Z
INFQ+,5.5,2026-08-06T16:58:27Z
INFU,11.9,2026-08-06T19:59:54Z
INFY,12.36,2026-08-06T19:59:56Z
ING,35.715,2026-08-06T19:59:56Z
INGM,28.525,2026-08-06T19:59:48Z
INGN,6.47,2026-08-06T19:59:54Z
INGR,102.78,2026-08-06T19:59:49Z
INHD,8.855,2026-08-06T19:59:52Z
INIO,25.92,2026-08-06T19:59:44Z
INKM,34.7,2026-08-06T14:16:32Z
INKT,11.74,2026-08-06T15:21:41Z
INLF,5.24,2026-08-06T19:57:48Z
INM,1.455,2026-08-06T19:53:22Z
INMB,1.905,2026-08-06T19:59:38Z
INMD,15.125,2026-08-06T19:59:53Z
INMU,23.83,2026-08-06T19:59:27Z
INN,6.68,2026-08-06T19:59:53Z
INN-F,17.47,2026-08-06T18:50:17Z
INNV,10.97,2026-08-06T19:59:10Z
INO,0.6662,2026-08-06T19:59:56Z
INOD,65.45,2026-08-06T19:59:57Z
INR,12.76,2026-08-06T19:59:23Z
INSE,6.62,2026-08-06T19:59:46Z
INSG,5.31,2026-08-06T19:59:07Z
INSM,132.605,2026-08-06T19:59:59Z
INSP,58.905,2026-08-06T19:59:51Z
INSW,93.21,2026-08-06T19:59:25Z
INT,18.8,2026-08-06T15:52:20Z
INTA,36.4,2026-08-06T19:59:59Z
INTC,99.87,2026-08-06T19:59:58Z
INTF,42.66,2026-08-06T19:59:34Z
INTG,30.48,2026-08-06T19:13:58Z
INTL,30.88,2026-08-06T18:39:02Z
INTR,5.72,2026-08-06T19:59:57Z
INTS,4.3,2026-08-06T18:56:58Z
INTT,14.22,2026-08-06T19:59:09Z
INTU,322.015,2026-08-06T19:59:59Z
INTW,23.45,2026-08-06T19:59:50Z
INTZ,0.7629,2026-08-06T16:27:58Z
INUV,1,2026-08-06T19:59:23Z
INV,3.475,2026-08-06T19:59:56Z
INVA,21.1,2026-08-06T19:59:50Z
INVE,2.565,2026-08-06T19:55:23Z
INVH,30.375,2026-08-06T19:59:59Z
INVX,30.69,2026-08-06T19:59:54Z
INVZ,0.4068,2026-08-06T19:59:58Z
IOCT,37.77,2026-08-06T19:59:46Z
IOND,59.85,2026-08-06T19:59:37Z
IONL,13.83,2026-08-06T19:55:08Z
IONQ,39.73,2026-08-06T19:59:58Z
IONR,3.49,2026-08-06T19:59:17Z
IONS,54.45,2026-08-06T19:59:56Z
IONX,25.325,2026-08-06T19:59:45Z
IONZ,3.45,2026-08-06T19:59:46Z
IOO,145.69,2026-08-06T15:01:19Z
IOSP,91.605,2026-08-06T19:59:43Z
IOT,38.23,2026-08-06T19:59:57Z
IOVA,6.18,2026-08-06T19:59:59Z
IOYY,6.78,2026-08-06T17:43:52Z
IP,40.5,2026-08-06T19:59:55Z
IPAC,84.98,2026-08-06T19:53:53Z
IPAR,118.89,2026-08-06T19:59:27Z
IPAY,51.075,2026-08-06T19:33:33Z
IPCX,4.4,2026-08-06T14:09:55Z
IPDN,0.3901,2026-08-06T13:38:25Z
IPGP,86.655,2026-08-06T19:59:56Z
IPI,34.9,2026-08-06T19:59:19Z
IPKW,61.21,2026-08-06T19:48:40Z
IPO,54.125,2026-08-06T19:58:10Z
IPSC,1.9,2026-08-06T19:59:50Z
IPW,0.352,2026-08-06T19:45:36Z
IPWR,4.28,2026-08-06T19:58:12Z
IPX,23.89,2026-08-06T19:58:32Z
IQ,1.3,2026-08-06T19:59:57Z
IQDF,35.37,2026-08-06T19:03:55Z
IQDG,44.56,2026-08-06T19:01:09Z
IQI,9.98,2026-08-06T19:59:55Z
IQLT,51.06,2026-08-06T19:59:52Z
IQMM,100.095,2026-08-06T19:59:10Z
IQMX,9.18,2026-08-06T19:59:57Z
IQQ,24.17,2026-08-06T19:59:32Z
IQQQ,48.27,2026-08-06T19:04:55Z
IQST,1.085,2026-08-06T19:59:59Z
IQV,232.41,2026-08-06T19:59:58Z
IR,88.24,2026-08-06T19:59:55Z
IRD,3.72,2026-08-06T19:59:50Z
IRDM,48.28,2026-08-06T19:59:32Z
IRE,9.09,2026-08-06T19:59:32Z
IREG,7.29,2026-08-06T19:59:40Z
IREN,37.89,2026-08-06T19:59:59Z
IREX,13.025,2026-08-06T19:57:54Z
IREZ,14.64,2026-08-06T19:55:00Z
IRM,122,2026-08-06T19:59:58Z
IRMD,90.705,2026-08-06T19:19:55Z
IRON,77.53,2026-08-06T19:59:45Z
IRS,14.82,2026-08-06T19:57:55Z
IRT,16.99,2026-08-06T19:59:58Z
IRTC,128.17,2026-08-06T19:59:43Z
IRWD,4.26,2026-08-06T19:59:57Z
ISBA,40.76,2026-08-06T19:25:10Z
ISCF,45.405,2026-08-06T15:34:39Z
ISCG,64.655,2026-08-06T19:12:29Z
ISCV,80.58,2026-08-06T19:33:37Z
ISD,12.54,2026-08-06T19:59:44Z
ISEP,35.295,2026-08-06T16:50:57Z
ISHG,75.26,2026-08-06T19:52:00Z
ISMD,49.93,2026-08-06T19:59:45Z
ISMF,27.94,2026-08-06T17:49:27Z
ISOU,10.15,2026-08-06T19:59:48Z
ISPC,2.16,2026-08-06T19:13:21Z
ISPR,1.75,2026-08-06T18:01:29Z
ISPY,48.5,2026-08-06T19:52:09Z
ISRA,65.76,2026-08-06T13:46:00Z
ISRG,373.82,2026-08-06T19:59:58Z
ISSB,17.4,2026-08-06T18:07:03Z
ISSC,20.52,2026-08-06T19:59:46Z
ISTB,47.935,2026-08-06T19:53:52Z
ISTM,30.38,2026-08-06T17:49:33Z
ISTR,30.115,2026-08-06T19:59:41Z
ISUL,14.17,2026-08-06T19:54:38Z
IT,184.99,2026-08-06T19:59:48Z
ITA,249.95,2026-08-06T19:59:54Z
ITB,98.55,2026-08-06T19:59:58Z
ITDB,35.285,2026-08-06T19:57:41Z
ITDC,37.035,2026-08-06T19:58:03Z
ITDD,38.99,2026-08-06T16:05:16Z
ITDG,43.12,2026-08-06T13:30:00Z
ITG,13.405,2026-08-06T19:59:52Z
ITGR,125.97,2026-08-06T19:59:57Z
ITIC,293.16,2026-08-06T19:20:41Z
ITM,46.075,2026-08-06T19:58:13Z
ITOT,168.365,2026-08-06T19:59:58Z
ITP,0.1799,2026-08-06T19:59:04Z
ITRG,2.4,2026-08-06T19:59:54Z
ITRI,102.81,2026-08-06T19:59:15Z
ITRN,54.5,2026-08-06T19:59:16Z
ITT,214.49,2026-08-06T19:59:59Z
ITUB,8.17,2026-08-06T19:59:58Z
ITW,294.65,2026-08-06T19:59:49Z
IUSB,45.45,2026-08-06T19:59:55Z
IUSG,192.91,2026-08-06T19:58:43Z
IUSV,113.68,2026-08-06T19:58:48Z
IVA,4.68,2026-08-06T19:59:57Z
IVAL,36.5,2026-08-06T16:15:59Z
IVDA,0.2948,2026-08-06T19:59:38Z
IVE,234.64,2026-08-06T19:59:58Z
IVES,37.96,2026-08-06T19:00:21Z
IVLU,44,2026-08-06T19:59:51Z
IVOG,144.39,2026-08-06T15:51:34Z
IVOL,17.415,2026-08-06T19:38:40Z
IVOO,129.88,2026-08-06T19:59:52Z
IVOV,115.7,2026-08-06T19:30:52Z
IVR,7.4,2026-08-06T19:59:56Z
IVSX,25.58,2026-08-06T19:20:08Z
IVT,33.245,2026-08-06T19:59:47Z
IVV,772.31,2026-08-06T19:59:58Z
IVVB,35.43,2026-08-06T14:43:52Z
IVVD,0.6546,2026-08-06T19:59:46Z
IVVM,37.77,2026-08-06T14:29:54Z
IVVW,45.1,2026-08-06T19:55:01Z
IVW,141.115,2026-08-06T19:59:55Z
IVZ,31.69,2026-08-06T19:59:50Z
IWB,420.23,2026-08-06T19:59:49Z
IWC,196.31,2026-08-06T17:23:22Z
IWD,256.13,2026-08-06T19:59:52Z
IWF,123.515,2026-08-06T19:59:58Z
IWL,190.62,2026-08-06T19:16:39Z
IWM,298.245,2026-08-06T19:59:59Z
IWMI,52.73,2026-08-06T19:59:18Z
IWMW,39.72,2026-08-06T19:41:35Z
IWN,223.77,2026-08-06T19:59:48Z
IWO,384.35,2026-08-06T19:59:47Z
IWP,140.615,2026-08-06T19:59:48Z
IWR,111.78,2026-08-06T19:59:58Z
IWS,169.83,2026-08-06T19:59:55Z
IWV,436.92,2026-08-06T19:59:50Z
IWX,112.15,2026-08-06T19:59:53Z
IWY,288.66,2026-08-06T19:59:44Z
IX,41.26,2026-08-06T19:58:46Z
IXC,54.12,2026-08-06T19:58:28Z
IXG,134.43,2026-08-06T17:07:49Z
IXHL,3.12,2026-08-06T19:52:42Z
IXJ,101.095,2026-08-06T19:58:13Z
IXN,139.395,2026-08-06T19:53:28Z
IXP,117.63,2026-08-06T17:04:11Z
IXUS,96.39,2026-08-06T19:59:59Z
IYC,102.61,2026-08-06T19:59:51Z
IYE,61.895,2026-08-06T19:59:49Z
IYF,136.66,2026-08-06T19:57:07Z
IYG,97.02,2026-08-06T19:59:53Z
IYH,69.24,2026-08-06T19:59:42Z
IYJ,168.89,2026-08-06T15:54:43Z
IYK,74.525,2026-08-06T19:59:57Z
IYLD,22.23,2026-08-06T14:06:16Z
IYM,185.55,2026-08-06T17:07:42Z
IYR,104.185,2026-08-06T19:59:59Z
IYRI,49.6,2026-08-06T17:06:07Z
IYT,86.22,2026-08-06T19:59:46Z
IYW,250.515,2026-08-06T19:59:42Z
IYY,187.225,2026-08-06T18:16:13Z
IYZ,43.375,2026-08-06T19:59:55Z
IZEA,3.46,2026-08-06T19:41:19Z
IZM,0.2615,2026-08-06T19:18:37Z
IZRL,29.87,2026-08-06T13:46:31Z
J,144,2026-08-06T19:59:57Z
JAAA,50.535,2026-08-06T19:59:45Z
JAB,9.9,2026-08-06T17:57:24Z
JABRW,0.04,2026-08-06T16:00:48Z
JABS,49.87,2026-08-06T16:28:18Z
JACK,17.36,2026-08-06T19:59:47Z
JAGU,1.67,2026-08-06T16:29:02Z
JAGX,0.9707,2026-08-06T17:24:53Z
JAJL,30.18,2026-08-06T19:59:51Z
JAKK,25.45,2026-08-06T19:59:55Z
JAN,29.69,2026-08-06T19:59:49Z
JANB,27.79,2026-08-06T15:00:05Z
JANP,35.37,2026-08-06T19:59:51Z
JANX,16.08,2026-08-06T19:59:50Z
JAPN,25.66,2026-08-06T17:57:56Z
JAVA,82.99,2026-08-06T19:59:45Z
JAZZ,256.58,2026-08-06T19:59:28Z
JBBB,47.305,2026-08-06T19:59:33Z
JBGS,12.15,2026-08-06T19:59:55Z
JBHT,267.19,2026-08-06T19:59:46Z
JBI,5.58,2026-08-06T19:59:56Z
JBIO,22.26,2026-08-06T19:59:32Z
JBL,344.62,2026-08-06T19:59:55Z
JBLU,6.185,2026-08-06T19:59:57Z
JBND,52.665,2026-08-06T19:59:07Z
JBS,13.685,2026-08-06T19:59:58Z
JBSS,84.06,2026-08-06T19:45:27Z
JBTM,122,2026-08-06T19:59:13Z
JCAP,20.93,2026-08-06T19:59:52Z
JCE,16.96,2026-08-06T19:58:38Z
JCI,154.55,2026-08-06T19:59:59Z
JCPB,46.185,2026-08-06T19:59:48Z
JCPI,47.23,2026-08-06T14:47:20Z
JCTC,2.8,2026-08-06T19:59:08Z
JD,32.83,2026-08-06T19:59:55Z
JDST,31.19,2026-08-06T19:59:16Z
JDVI,40.43,2026-08-06T14:53:21Z
JDZG,3.495,2026-08-06T14:12:52Z
JEDI,27.96,2026-08-06T19:22:26Z
JEF,56.32,2026-08-06T19:59:45Z
JELD,1.78,2026-08-06T19:59:55Z
JEM,4.7,2026-08-06T19:58:33Z
JEMA,60.54,2026-08-06T19:27:02Z
JEPI,57.575,2026-08-06T19:59:33Z
JEPQ,59.32,2026-08-06T19:59:33Z
JETD,2.21,2026-08-06T19:59:51Z
JETS,32.645,2026-08-06T19:59:54Z
JFB,4.39,2026-08-06T19:58:24Z
JFLX,49.91,2026-08-06T19:44:27Z
JFR,7.725,2026-08-06T19:57:57Z
JGH,12.625,2026-08-06T19:59:31Z
JGLO,73.965,2026-08-06T19:56:45Z
JGRO,94.92,2026-08-06T19:59:59Z
JGRW,28.79,2026-08-06T19:58:41Z
JHCP,24.78,2026-08-06T19:59:09Z
JHCR,24.985,2026-08-06T18:40:58Z
JHMB,21.655,2026-08-06T19:38:59Z
JHMD,46.29,2026-08-06T19:15:09Z
JHML,91.19,2026-08-06T19:24:29Z
JHMM,76.21,2026-08-06T14:41:14Z
JHMU,25.87,2026-08-06T16:47:31Z
JHPI,22.585,2026-08-06T15:39:23Z
JHS,10.9,2026-08-06T14:53:51Z
JHX,28.01,2026-08-06T19:59:56Z
JILL,18.775,2026-08-06T19:59:59Z
JIRE,84.7,2026-08-06T19:59:39Z
JIVE,96.735,2026-08-06T19:59:59Z
JJSF,91.85,2026-08-06T19:59:35Z
JKHY,157,2026-08-06T19:59:54Z
JKS,16.19,2026-08-06T19:59:55Z
JLHL,8.32,2026-08-06T16:34:29Z
JLL,363.7,2026-08-06T19:59:59Z
JLS,17.265,2026-08-06T19:58:25Z
JLVP,51.1,2026-08-06T18:47:42Z
JMBS,44.34,2026-08-06T19:51:15Z
JMEE,78,2026-08-06T19:57:00Z
JMHI,49.59,2026-08-06T17:24:51Z
JMIA,5.695,2026-08-06T19:59:56Z
JMKE,22.95,2026-08-06T19:59:59Z
JMOM,83.38,2026-08-06T19:53:28Z
JMST,50.875,2026-08-06T19:59:45Z
JMTG,50.035,2026-08-06T19:59:59Z
JMUB,49.78,2026-08-06T19:59:41Z
JNEU,33.73,2026-08-06T16:45:00Z
JNJ,257.22,2026-08-06T19:59:54Z
JNK,95.62,2026-08-06T19:59:59Z
JNUG,142.77,2026-08-06T19:50:00Z
JOB,0.2066,2026-08-06T19:59:59Z
JOBC,25.43,2026-08-06T19:18:57Z
JOBX,15.13,2026-08-06T14:22:03Z
JOBY,8.26,2026-08-06T19:59:59Z
JOE,67.26,2026-08-06T19:59:34Z
JOET,46.38,2026-08-06T18:26:57Z
JOF,12.28,2026-08-06T19:33:25Z
JOUT,47.81,2026-08-06T19:59:34Z
JOYT,58.94,2026-08-06T18:36:04Z
JOYY,74.73,2026-08-06T19:59:00Z
JPC,7.72,2026-08-06T19:47:51Z
JPEF,82.35,2026-08-06T19:18:49Z
JPIB,47.985,2026-08-06T19:20:07Z
JPIE,45.775,2026-08-06T19:59:35Z
JPLD,51.95,2026-08-06T19:59:51Z
JPM,356.32,2026-08-06T19:59:58Z
JPM-C,24.95,2026-08-06T16:44:25Z
JPM-D,23.625,2026-08-06T19:18:57Z
JPM-J,18.9,2026-08-06T16:41:22Z
JPM-L,18.205,2026-08-06T19:59:12Z
JPMB,39.68,2026-08-06T15:26:51Z
JPO,14.66,2026-08-06T14:40:21Z
JPSE,60.13,2026-08-06T19:59:51Z
JPST,50.405,2026-08-06T19:56:17Z
JQC,4.77,2026-08-06T19:59:50Z
JQUA,73.88,2026-08-06T19:59:59Z
JRI,12.68,2026-08-06T19:59:17Z
JRS,8.41,2026-08-06T19:46:30Z
JRSH,5.01,2026-08-06T19:59:24Z
JRVR,4.795,2026-08-06T19:59:21Z
JSCP,46.835,2026-08-06T19:56:53Z
JSI,51.1,2026-08-06T19:47:23Z
JSMD,95.47,2026-08-06T19:54:34Z
JSML,90.95,2026-08-06T19:05:35Z
JSPR,0.6451,2026-08-06T19:59:25Z
JTAI,1.96,2026-08-06T19:23:36Z
JTEK,99.09,2026-08-06T19:59:17Z
JTNY,49.34,2026-08-06T18:36:15Z
JUCY,22,2026-08-06T16:00:25Z
JUDB,26.23,2026-08-06T19:40:49Z
JULB,28.09,2026-08-06T18:53:38Z
JULJ,24.97,2026-08-06T18:43:28Z
JUNM,35.36,2026-08-06T19:32:03Z
JUNS,0.0763,2026-08-06T19:55:21Z
JUNW,34.82,2026-08-06T19:46:55Z
JUST,111.37,2026-08-06T13:53:02Z
JVA,3.48,2026-08-06T18:58:58Z
JVAL,59.26,2026-08-06T19:59:46Z
JXN,133.165,2026-08-06T19:59:31Z
JXN-A,25.66,2026-08-06T17:22:26Z
JXX,31.89,2026-08-06T15:52:03Z
JYNT,8.2,2026-08-06T19:59:59Z
JZ,2.45,2026-08-06T18:51:43Z
JZXN,1.56,2026-08-06T19:16:16Z
KAI,334.5,2026-08-06T19:58:44Z
KALU,171.095,2026-08-06T19:57:59Z
KAPA,0.3906,2026-08-06T19:59:35Z
KAPR,40.06,2026-08-06T19:59:50Z
KARD,20.3,2026-08-06T19:59:41Z
KARO,63.515,2026-08-06T19:59:29Z
KARS,30.26,2026-08-06T15:10:50Z
KAUG,29.15,2026-08-06T19:30:39Z
KAZR,2.175,2026-08-06T19:59:31Z
KB,121.285,2026-08-06T19:59:46Z
KBAB,9.1,2026-08-06T14:23:53Z
KBDC,13.89,2026-08-06T19:59:46Z
KBE,70.125,2026-08-06T19:59:51Z
KBH,56.96,2026-08-06T19:59:56Z
KBR,37.58,2026-08-06T19:59:32Z
KBWB,97.43,2026-08-06T19:59:53Z
KBWD,12.37,2026-08-06T19:59:35Z
KBWP,136.23,2026-08-06T14:32:27Z
KBWY,18.03,2026-08-06T19:59:50Z
KC,12.14,2026-08-06T19:59:54Z
KCA=,10.15,2026-08-06T14:15:02Z
KCCA,17.02,2026-08-06T17:02:46Z
KCOP,24.3,2026-08-06T19:14:12Z
KD,13.99,2026-08-06T19:59:56Z
KDEC,28.66,2026-08-06T19:59:51Z
KDEF,42.4,2026-08-06T14:54:32Z
KDK,4.36,2026-08-06T19:59:56Z
KDP,30.37,2026-08-06T19:59:59Z
KE,26.36,2026-08-06T19:58:37Z
KEEL,3.805,2026-08-06T19:59:55Z
KELYA,15.6,2026-08-06T19:59:56Z
KEN,65.42,2026-08-06T17:05:41Z
KEP,12.46,2026-08-06T19:59:55Z
KEQU,35.9,2026-08-06T16:33:08Z
KEX,132.81,2026-08-06T19:59:36Z
KEY,22.65,2026-08-06T19:59:54Z
KEY-I,25.07,2026-08-06T19:56:06Z
KEY-J,21.31,2026-08-06T16:17:17Z
KEY-L,25.2,2026-08-06T19:41:50Z
KEYS,336.84,2026-08-06T19:59:53Z
KFRC,58.46,2026-08-06T19:55:51Z
KFY,82.85,2026-08-06T19:59:42Z
KG,8.91,2026-08-06T19:53:28Z
KGC,25.64,2026-08-06T19:59:57Z
KGEI,5.11,2026-08-06T19:58:44Z
KGLD,27.03,2026-08-06T18:03:20Z
KGRN,23.835,2026-08-06T19:59:25Z
KGS,56.77,2026-08-06T19:59:44Z
KHC,24.95,2026-08-06T19:59:59Z
KHPI,26.24,2026-08-06T17:41:11Z
KIDS,22.86,2026-08-06T19:59:50Z
KIDZ,0.4096,2026-08-06T19:59:48Z
KIE,65.14,2026-08-06T19:59:40Z
KIM,24.43,2026-08-06T19:59:57Z
KINS,20.83,2026-08-06T19:55:30Z
KIO,11.05,2026-08-06T17:56:31Z
KITT,1.07,2026-08-06T19:57:33Z
KJUL,34.02,2026-08-06T19:59:46Z
KJUN,29.94,2026-08-06T19:59:51Z
KKR,103.285,2026-08-06T19:59:49Z
KKR-D,44.21,2026-08-06T17:57:24Z
KKRT,23.13,2026-08-06T18:09:20Z
KLAC,192.6,2026-08-06T19:59:58Z
KLAG,28.52,2026-08-06T19:50:02Z
KLAR,20.26,2026-08-06T19:59:54Z
KLC,5.11,2026-08-06T19:59:54Z
KLIC,90.43,2026-08-06T19:59:56Z
KLIP,24.27,2026-08-06T19:59:51Z
KLMN,31.73,2026-08-06T14:40:03Z
KLRA,18.88,2026-08-06T19:59:49Z
KLRS,4.13,2026-08-06T18:42:42Z
KLTR,1.72,2026-08-06T19:59:59Z
KLXE,2.145,2026-08-06T19:59:52Z
KMAY,30.54,2026-08-06T18:09:56Z
KMB,108.67,2026-08-06T19:59:57Z
KMDA,7.14,2026-08-06T19:59:52Z
KMEM,17.245,2026-08-06T15:10:31Z
KMI,31.285,2026-08-06T19:59:59Z
KMLI,9.14,2026-08-06T19:39:09Z
KMLM,28.57,2026-08-06T19:59:51Z
KMPR,29.8,2026-08-06T19:59:48Z
KMRK,1.225,2026-08-06T19:57:41Z
KMT,33.845,2026-08-06T19:59:57Z
KMTS,25.31,2026-08-06T19:59:28Z
KMX,58.06,2026-08-06T19:59:55Z
KN,39.38,2026-08-06T19:59:52Z
KNDI,0.685,2026-08-06T14:10:24Z
KNF,67.43,2026-08-06T19:59:59Z
KNG,51.74,2026-08-06T16:39:22Z
KNGZ,41.88,2026-08-06T17:08:52Z
KNOP,10.69,2026-08-06T19:51:08Z
KNSA,76.49,2026-08-06T19:59:51Z
KNSL,376.47,2026-08-06T19:59:54Z
KNTK,50.12,2026-08-06T19:59:54Z
KNX,69.265,2026-08-06T19:59:55Z
KO,86.86,2026-08-06T19:59:59Z
KOD,45.4,2026-08-06T19:59:58Z
KODK,9.44,2026-08-06T19:59:50Z
KOF,109.435,2026-08-06T19:59:47Z
KOID,38.42,2026-08-06T19:59:28Z
KOKU,134.255,2026-08-06T17:53:05Z
KOLD,31.93,2026-08-06T19:59:42Z
KOMP,69.27,2026-08-06T18:16:06Z
KOP,52.345,2026-08-06T19:57:31Z
KOPN,4.08,2026-08-06T19:59:57Z
KORU,16.795,2026-08-06T19:59:57Z
KOS,2.47,2026-08-06T19:59:55Z
KPDD,6.37,2026-08-06T19:32:02Z
KPTI,1.945,2026-08-06T19:59:40Z
KQQQ,29.34,2026-08-06T19:59:51Z
KR,57.315,2026-08-06T19:59:54Z
KRBN,34.12,2026-08-06T15:30:33Z
KRC,37.265,2026-08-06T19:59:52Z
KRE,76.5,2026-08-06T19:59:59Z
KREF,7.43,2026-08-06T19:59:49Z
KREF-A,18.45,2026-08-06T16:19:48Z
KRG,26.71,2026-08-06T19:59:58Z
KRMD,3.555,2026-08-06T19:59:31Z
KRMN,55.23,2026-08-06T19:59:53Z
KRNT,16.69,2026-08-06T19:58:45Z
KRNY,9.6,2026-08-06T19:59:44Z
KRO,8.2,2026-08-06T19:59:53Z
KROS,10.665,2026-08-06T19:59:19Z
KRP,14.515,2026-08-06T19:59:49Z
KRRO,12.18,2026-08-06T19:59:36Z
KRT,42.43,2026-08-06T19:59:21Z
KRUS,48.54,2026-08-06T19:59:38Z
KRYS,322.76,2026-08-06T19:59:59Z
KSA,37.67,2026-08-06T19:59:53Z
KSCP,1.53,2026-08-06T19:59:43Z
KSLV,25.53,2026-08-06T17:45:12Z
KSPI,91.74,2026-08-06T19:59:50Z
KSS,18.45,2026-08-06T19:59:50Z
KSTR,24.8,2026-08-06T19:58:46Z
KT,18.53,2026-08-06T19:59:48Z
KTB,78.77,2026-08-06T19:59:30Z
KTEC,13.57,2026-08-06T19:56:59Z
KTF,8.95,2026-08-06T19:52:03Z
KTOS,57.39,2026-08-06T19:59:54Z
KTTA,0.4508,2026-08-06T14:34:21Z
KTUP,8.15,2026-08-06T15:41:05Z
KULR,2.745,2026-08-06T19:59:37Z
KURA,9.285,2026-08-06T19:59:44Z
KURE,17.41,2026-08-06T16:33:20Z
KUST,1.28,2026-08-06T19:58:07Z
KVHI,8.265,2026-08-06T19:59:46Z
KVUE,19.13,2026-08-06T19:59:58Z
KVYO,16.725,2026-08-06T19:59:57Z
KWEB,28.4,2026-08-06T19:59:57Z
KWIN,25.73,2026-08-06T15:32:03Z
KWM,2.48,2026-08-06T19:57:34Z
KWR,167.535,2026-08-06T19:59:58Z
KWY,9.02,2026-08-06T19:58:58Z
KXI,69.19,2026-08-06T19:59:51Z
KYIV,13.36,2026-08-06T19:59:42Z
KYLD,21,2026-08-06T19:08:16Z
KYMR,106.42,2026-08-06T19:59:59Z
KYN,14.29,2026-08-06T19:59:58Z
KYTX,7.76,2026-08-06T19:59:51Z
KZIA,12.29,2026-08-06T19:59:51Z
L,115.93,2026-08-06T19:59:46Z
LAB,0.8001,2026-08-06T19:59:53Z
LABD,8.02,2026-08-06T19:59:56Z
LABT,2.32,2026-08-06T18:31:05Z
LABU,261.92,2026-08-06T19:58:29Z
LABX,14.54,2026-08-06T19:59:15Z
LAC,3.025,2026-08-06T19:59:55Z
LAD,375.8,2026-08-06T19:59:47Z
LADR,9.545,2026-08-06T19:59:56Z
LAES,2.49,2026-08-06T19:59:59Z
LAKE,11.88,2026-08-06T19:59:13Z
LALT,24.22,2026-08-06T19:00:01Z
LAMR,159.86,2026-08-06T19:59:32Z
LAND,8.345,2026-08-06T19:59:56Z
LANDO,21.9,2026-08-06T17:24:17Z
LANV,1.23,2026-08-06T17:01:27Z
LAR,6.585,2026-08-06T19:59:59Z
LARK,31.7,2026-08-06T15:10:45Z
LASE,1.14,2026-08-06T19:59:37Z
LASR,75.74,2026-08-06T19:58:20Z
LAUR,37.29,2026-08-06T19:59:48Z
LAW,4.35,2026-08-06T19:59:48Z
LAZ,43.28,2026-08-06T19:59:53Z
LAZR,43.88,2026-08-06T18:07:50Z
LB,80.58,2026-08-06T19:59:54Z
LBGJ,4,2026-08-06T19:58:36Z
LBRDA,37.1,2026-08-06T19:58:52Z
LBRDK,37.05,2026-08-06T19:59:53Z
LBRDP,21.73,2026-08-06T17:51:40Z
LBRT,20.035,2026-08-06T19:59:58Z
LBRX,48.315,2026-08-06T19:58:00Z
LBTYA,10.785,2026-08-06T19:59:57Z
LBTYK,10.5,2026-08-06T19:59:57Z
LCID,6.97,2026-08-06T19:59:57Z
LCII,105.71,2026-08-06T19:59:45Z
LCLN,23.43,2026-08-06T19:59:51Z
LCNB,19.73,2026-08-06T19:37:58Z
LCOW,26.515,2026-08-06T15:23:37Z
LCR,40.28,2026-08-06T14:51:30Z
LCTU,82.53,2026-08-06T18:16:13Z
LCTX,1.145,2026-08-06T19:59:59Z
LCUT,8.68,2026-08-06T19:59:42Z
LDI,0.9453,2026-08-06T19:59:14Z
LDOS,135.18,2026-08-06T19:59:47Z
LDP,20.56,2026-08-06T19:58:05Z
LDRC,25.01,2026-08-06T16:23:28Z
LDSF,18.87,2026-08-06T19:59:46Z
LDUR,95.26,2026-08-06T18:08:24Z
LE,12.885,2026-08-06T19:55:20Z
LEA,118.805,2026-08-06T19:59:36Z
LECO,278.855,2026-08-06T19:59:59Z
LEDS,2.12,2026-08-06T19:37:54Z
LEE,8.14,2026-08-06T19:45:09Z
LEG,9.61,2026-08-06T19:59:52Z
LEGH,28.94,2026-08-06T19:55:20Z
LEGN,19.27,2026-08-06T19:59:49Z
LEMB,42.825,2026-08-06T16:02:10Z
LEN,84.83,2026-08-06T19:59:48Z
LEN.B,83.13,2026-08-06T19:54:59Z
LEND,24.87,2026-08-06T16:07:59Z
LENZ,5.21,2026-08-06T19:59:53Z
LEO,6.175,2026-08-06T19:58:37Z
LESL,1.52,2026-08-06T19:59:45Z
LEU,177.9,2026-08-06T19:59:31Z
LEUX,12.96,2026-08-06T19:58:11Z
LEVI,24.3,2026-08-06T19:59:50Z
LEXX,5.52,2026-08-06T18:04:42Z
LFCR,4.85,2026-08-06T19:59:43Z
LFGY,19.33,2026-08-06T19:40:54Z
LFMD,3.405,2026-08-06T19:59:50Z
LFS,2.45,2026-08-06T19:51:41Z
LFSC,46.54,2026-08-06T15:10:31Z
LFST,10.64,2026-08-06T19:59:59Z
LFT,0.6726,2026-08-06T17:11:09Z
LFT-A,17.25,2026-08-06T13:45:57Z
LFTO,23.375,2026-08-06T19:59:50Z
LFUS,459.16,2026-08-06T19:59:33Z
LFVN,6.5,2026-08-06T19:50:44Z
LGCL,1.34,2026-08-06T13:47:26Z
LGCY,11.875,2026-08-06T19:57:27Z
LGDS,49.88,2026-08-06T19:21:03Z
LGH,66.345,2026-08-06T19:59:45Z
LGHL,0.9799,2026-08-06T17:48:36Z
LGI,18.305,2026-08-06T19:59:48Z
LGIH,59.115,2026-08-06T19:56:23Z
LGL,7.33,2026-08-06T19:53:55Z
LGLV,188.92,2026-08-06T14:07:04Z
LGN,63.54,2026-08-06T19:59:38Z
LGND,301.89,2026-08-06T19:58:19Z
LGO,0.67,2026-08-06T19:53:16Z
LGOV,20.95,2026-08-06T19:58:03Z
LGPS,0.9251,2026-08-06T15:05:40Z
LGVN,0.77,2026-08-06T18:29:58Z
LH,316.595,2026-08-06T19:59:50Z
LHAI,0.8403,2026-08-06T19:09:42Z
LHX,289.5,2026-08-06T19:59:53Z
LI,12.695,2026-08-06T19:59:53Z
LICN,1.15,2026-08-06T15:06:11Z
LIDR,1.24,2026-08-06T19:59:59Z
LIEN,9.4,2026-08-06T19:59:17Z
LIF,59.715,2026-08-06T19:59:29Z
LIFE,29.82,2026-08-06T19:59:37Z
LII,435.97,2026-08-06T19:59:41Z
LILA,8.71,2026-08-06T19:59:58Z
LILAK,8.59,2026-08-06T19:59:57Z
LILAP,20.2,2026-08-06T19:57:49Z
LIME,36.53,2026-08-06T19:59:50Z
LIMN,0.1006,2026-08-06T19:57:45Z
LIN,490.175,2026-08-06T19:59:58Z
LINC,39.26,2026-08-06T19:59:55Z
LIND,34.09,2026-08-06T19:58:24Z
LINE,40.63,2026-08-06T19:59:54Z
LINT,119.63,2026-08-06T19:59:22Z
LION,12.97,2026-08-06T19:59:52Z
LIQT,0.61,2026-08-06T19:59:07Z
LIT,72.35,2026-08-06T19:25:11Z
LITB,3,2026-08-06T15:13:42Z
LITC,25.99,2026-08-06T19:49:24Z
LITE,837.88,2026-08-06T19:59:59Z
LITS,0.9627,2026-08-06T17:16:49Z
LITU,18.02,2026-08-06T19:59:51Z
LITX,28.95,2026-08-06T19:59:08Z
LITZ,11.4,2026-08-06T19:58:38Z
LIVN,75.79,2026-08-06T19:59:59Z
LKFN,62.32,2026-08-06T19:59:46Z
LKFT,26.15,2026-08-06T19:59:51Z
LKQ,24.47,2026-08-06T19:59:55Z
LLY,1191.84,2026-08-06T19:59:54Z
LLYVA,99.785,2026-08-06T19:58:52Z
LLYVK,103.65,2026-08-06T19:59:58Z
LLYX,26.53,2026-08-06T19:54:59Z
LMAT,80.89,2026-08-06T19:59:41Z
LMB,47.81,2026-08-06T19:59:02Z
LMBS,49.59,2026-08-06T19:59:51Z
LMND,51.84,2026-08-06T19:59:56Z
LMNR,13.76,2026-08-06T19:59:06Z
LMRI,11.435,2026-08-06T19:59:33Z
LMT,582.81,2026-08-06T19:59:58Z
LMUB,49.77,2026-08-06T19:59:51Z
LNAI,2.435,2026-08-06T19:54:09Z
LNC,46.68,2026-08-06T19:59:56Z
LNC-D,26.4,2026-08-06T19:43:24Z
LND,3.6,2026-08-06T15:06:04Z
LNG,265.41,2026-08-06T19:59:59Z
LNN,114.95,2026-08-06T17:07:43Z
LNOK,30.66,2026-08-06T18:03:46Z
LNSR,5.74,2026-08-06T19:45:22Z
LNT,69.515,2026-08-06T19:59:59Z
LNTH,101.09,2026-08-06T19:59:52Z
LNZA,6.17,2026-08-06T19:37:15Z
LOAN,4.09,2026-08-06T18:55:14Z
LOAR,72.6,2026-08-06T19:59:52Z
LOB,42.54,2026-08-06T19:59:50Z
LOB-A,25.25,2026-08-06T19:22:16Z
LOCL,0.99,2026-08-06T19:22:10Z
LOCO,16.385,2026-08-06T19:59:52Z
LODE,3.105,2026-08-06T19:59:58Z
LOFF,10.4,2026-08-06T19:58:56Z
LOGI,103,2026-08-06T19:59:55Z
LOHA,26.63,2026-08-06T14:39:10Z
LOMA,10.795,2026-08-06T19:58:37Z
LONZ,49.085,2026-08-06T18:31:48Z
LOPE,148.99,2026-08-06T19:56:25Z
LOT,0.9836,2026-08-06T17:49:31Z
LOTI,26.22,2026-08-06T17:47:34Z
LOVE,17.19,2026-08-06T19:59:35Z
LOW,218.32,2026-08-06T19:59:51Z
LPA,2.89,2026-08-06T19:54:20Z
LPCN,2.13,2026-08-06T17:23:27Z
LPG,44.28,2026-08-06T19:59:43Z
LPL,3.24,2026-08-06T19:59:23Z
LPLA,358.93,2026-08-06T19:59:49Z
LPRE,30.01,2026-08-06T19:33:55Z
LPSN,2.205,2026-08-06T19:59:32Z
LPTH,12.01,2026-08-06T19:59:55Z
LPX,75.96,2026-08-06T19:59:57Z
LQD,106.38,2026-08-06T19:59:59Z
LQDA,89.34,2026-08-06T19:59:44Z
LQDH,92.38,2026-08-06T19:52:03Z
LQDI,25.76,2026-08-06T15:56:36Z
LQDT,42.02,2026-08-06T19:59:50Z
LQDW,23.37,2026-08-06T16:04:15Z
LQTI,18.72,2026-08-06T17:09:09Z
LRCU,51.11,2026-08-06T18:51:03Z
LRCX,305.21,2026-08-06T19:59:55Z
LRGC,87.52,2026-08-06T15:55:30Z
LRGF,78.155,2026-08-06T19:59:59Z
LRGG,29.77,2026-08-06T19:59:51Z
LRMR,4.19,2026-08-06T19:59:57Z
LRN,80.03,2026-08-06T19:59:52Z
LRND,47.18,2026-08-06T14:57:37Z
LRNZ,61.78,2026-08-06T18:16:05Z
LSAK,4.74,2026-08-06T19:58:57Z
LSAT,46.065,2026-08-06T14:49:41Z
LSCC,128.85,2026-08-06T19:59:54Z
LSGR,44.48,2026-08-06T18:38:40Z
LSPD,10.22,2026-08-06T19:59:56Z
LST,47.525,2026-08-06T19:59:49Z
LSTA,1.085,2026-08-06T15:51:13Z
LSTR,177.01,2026-08-06T19:59:47Z
LTBR,9.17,2026-08-06T19:59:59Z
LTC,39.465,2026-08-06T19:59:55Z
LTCC,11.08,2026-08-06T14:27:51Z
LTH,43.46,2026-08-06T19:59:58Z
LTM,57.41,2026-08-06T19:59:57Z
LTPZ,47.81,2026-08-06T19:06:36Z
LTRN,2.77,2026-08-06T18:02:40Z
LTRX,5.84,2026-08-06T19:59:58Z
LU,1.48,2026-08-06T19:58:39Z
LUCD,0.9554,2026-08-06T19:59:59Z
LUCK,6.69,2026-08-06T19:55:48Z
LUCY,0.71,2026-08-06T19:09:17Z
LUD,4.21,2026-08-06T19:08:53Z
LULG,7.08,2026-08-06T16:40:04Z
LULU,124.79,2026-08-06T19:59:59Z
LUMA,25.32,2026-08-06T14:47:57Z
LUMN,5.895,2026-08-06T19:59:55Z
LUNG,2.05,2026-08-06T19:59:56Z
LUNL,4.225,2026-08-06T19:57:54Z
LUNR,14.93,2026-08-06T19:59:55Z
LUV,46.92,2026-08-06T19:59:50Z
LUXE,8.04,2026-08-06T19:59:53Z
LVHD,44.25,2026-08-06T19:48:02Z
LVHI,42.785,2026-08-06T19:59:45Z
LVLU,18.185,2026-08-06T14:10:06Z
LVO,4.14,2026-08-06T19:59:42Z
LVS,46.1,2026-08-06T19:59:53Z
LVWR,1.12,2026-08-06T19:59:58Z
LW,52.06,2026-08-06T19:59:49Z
LWAY,31.08,2026-08-06T19:57:05Z
LWLG,7.575,2026-08-06T19:59:54Z
LX,1.44,2026-08-06T19:59:50Z
LXEO,4.55,2026-08-06T19:59:54Z
LXFR,17.1,2026-08-06T19:59:47Z
LXP,60.56,2026-08-06T19:59:51Z
LXRX,2.355,2026-08-06T19:59:57Z
LXU,9.7,2026-08-06T19:59:56Z
LYB,61.34,2026-08-06T19:59:50Z
LYEL,14.19,2026-08-06T19:59:31Z
LYFT,16.325,2026-08-06T19:59:56Z
LYG,6.18,2026-08-06T19:59:47Z
LYLD,32.42,2026-08-06T16:56:22Z
LYTE,25.38,2026-08-06T19:56:34Z
LYTS,24.86,2026-08-06T19:59:43Z
LYV,181.8,2026-08-06T19:59:54Z
LZ,5.665,2026-08-06T19:59:57Z
LZB,40.68,2026-08-06T19:59:41Z
LZM,3.945,2026-08-06T19:59:56Z
LZM+,0.3457,2026-08-06T19:59:57Z
LZMH,1.23,2026-08-06T14:37:03Z
M,25.13,2026-08-06T19:59:56Z
MA,575.9,2026-08-06T19:59:55Z
MAA,133.675,2026-08-06T19:59:55Z
MAAS,19.17,2026-08-06T19:41:38Z
MAAY,5.825,2026-08-06T17:46:02Z
MAC,23.5,2026-08-06T19:59:59Z
MADE,38.32,2026-08-06T18:51:12Z
MAGC,20.385,2026-08-06T15:28:08Z
MAGN,12.49,2026-08-06T19:59:58Z
MAGS,68.52,2026-08-06T19:59:52Z
MAGX,57.31,2026-08-06T13:35:19Z
MAGY,42.6,2026-08-06T15:12:33Z
MAIA,1.405,2026-08-06T19:59:46Z
MAIN,56.91,2026-08-06T19:59:46Z
MAIR,31.235,2026-08-06T19:59:54Z
MAKO,8.6,2026-08-06T19:42:27Z
MAKX,70.63,2026-08-06T18:44:30Z
MAMA,18.32,2026-08-06T19:59:46Z
MAMB,23.8,2026-08-06T19:11:33Z
MAMO,1.075,2026-08-06T19:58:24Z
MAN,55.32,2026-08-06T19:59:56Z
MANE,108.605,2026-08-06T19:59:54Z
MANH,190.64,2026-08-06T19:59:50Z
MANU,21.89,2026-08-06T19:59:17Z
MAR,359.66,2026-08-06T19:59:59Z
MARA,10.68,2026-08-06T19:59:57Z
MARO,4.405,2026-08-06T19:59:46Z
MARZ,37.49,2026-08-06T18:33:21Z
MAS,75.47,2026-08-06T19:59:49Z
MASK,1.55,2026-08-06T19:59:34Z
MASS,8.3,2026-08-06T19:59:39Z
MAT,14.47,2026-08-06T19:59:56Z
MATH,0.9101,2026-08-06T15:37:06Z
MATV,11.72,2026-08-06T19:59:53Z
MATW,27.66,2026-08-06T19:59:54Z
MATX,207.01,2026-08-06T19:59:55Z
MAX,12.35,2026-08-06T19:59:56Z
MAYT,39.8,2026-08-06T19:59:50Z
MAYW,35.33,2026-08-06T19:28:15Z
MAZE,28.52,2026-08-06T19:59:01Z
MBAI,1.38,2026-08-06T19:57:12Z
MBB,93.01,2026-08-06T19:59:40Z
MBC,9.015,2026-08-06T19:59:55Z
MBGL,20.715,2026-08-06T19:59:58Z
MBI,5.3,2026-08-06T19:59:55Z
MBIN,54.12,2026-08-06T19:58:30Z
MBINL,24.98,2026-08-06T19:57:39Z
MBIO,0.5751,2026-08-06T18:49:50Z
MBLY,8.42,2026-08-06T19:59:56Z
MBOT,1.8,2026-08-06T19:59:50Z
MBRX,0.3858,2026-08-06T19:59:53Z
MBS,8.535,2026-08-06T17:39:36Z
MBSD,20.4,2026-08-06T19:24:19Z
MBSF,25.65,2026-08-06T17:50:46Z
MBUU,28.755,2026-08-06T19:57:40Z
MBWM,61.41,2026-08-06T19:59:54Z
MBX,66.975,2026-08-06T19:59:59Z
MC,67.245,2026-08-06T19:59:49Z
MCB,93.09,2026-08-06T18:18:02Z
MCBS,35.86,2026-08-06T19:59:14Z
MCD,276.25,2026-08-06T19:59:59Z
MCFT,24.565,2026-08-06T18:45:52Z
MCHB,16.78,2026-08-06T19:59:53Z
MCHG,7.86,2026-08-06T19:26:20Z
MCHI,55.905,2026-08-06T19:59:57Z
MCHP,74.52,2026-08-06T19:59:59Z
MCI,16.49,2026-08-06T14:18:31Z
MCK,870.73,2026-08-06T19:59:54Z
MCO,473.1,2026-08-06T19:59:58Z
MCRB,4.815,2026-08-06T19:59:56Z
MCRI,122.1,2026-08-06T19:51:41Z
MCRP,1.26,2026-08-06T19:50:28Z
MCS,30.69,2026-08-06T19:59:56Z
MCY,107.44,2026-08-06T19:59:59Z
MD,26.51,2026-08-06T19:59:52Z
MDA,34.27,2026-08-06T19:59:51Z
MDAI,1.66,2026-08-06T19:59:46Z
MDB,369.92,2026-08-06T19:59:55Z
MDCX,0.3083,2026-08-06T19:59:41Z
MDGL,510.235,2026-08-06T19:59:31Z
MDIA,1.025,2026-08-06T14:54:56Z
MDIV,16.74,2026-08-06T19:55:12Z
MDLN,34.53,2026-08-06T19:59:56Z
MDLZ,62.775,2026-08-06T19:59:56Z
MDT,85.89,2026-08-06T19:59:50Z
MDU,20.74,2026-08-06T19:59:55Z
MDV,17.78,2026-08-06T19:44:19Z
MDWD,14.29,2026-08-06T19:59:50Z
MDXG,4.19,2026-08-06T19:59:50Z
MDXH,0.4334,2026-08-06T18:13:06Z
MDY,699.5,2026-08-06T19:59:53Z
MDYG,109.92,2026-08-06T19:59:41Z
MDYV,95.93,2026-08-06T19:59:53Z
MEAR,50.165,2026-08-06T19:59:05Z
MEC,24.805,2026-08-06T19:59:51Z
MED,12.12,2026-08-06T19:59:50Z
MEDP,585.44,2026-08-06T19:59:47Z
MEDS,2.91,2026-08-06T18:40:14Z
MEGI,15.11,2026-08-06T19:38:05Z
MEI,16.48,2026-08-06T19:59:57Z
MELI,1829.99,2026-08-06T19:59:39Z
MEM,43.53,2026-08-06T16:18:56Z
MEME,7.82,2026-08-06T18:16:05Z
MENS,2.05,2026-08-06T19:55:52Z
MEOH,54.36,2026-08-06T19:59:51Z
MER-K,25.13,2026-08-06T19:51:28Z
MERC,0.6722,2026-08-06T19:57:51Z
MESO,15.62,2026-08-06T19:59:10Z
MET,100.06,2026-08-06T19:59:49Z
MET-A,21.02,2026-08-06T16:12:10Z
MET-E,21.88,2026-08-06T19:55:24Z
MET-F,18.025,2026-08-06T18:27:52Z
META,589.995,2026-08-06T19:59:59Z
METC,9.595,2026-08-06T19:59:55Z
METCB,6.1,2026-08-06T18:57:36Z
METD,16.28,2026-08-06T19:53:20Z
METL,26.91,2026-08-06T18:40:32Z
METU,21.26,2026-08-06T19:59:46Z
METV,19,2026-08-06T18:09:39Z
MEVOW,0.3265,2026-08-06T19:56:47Z
MF,10.75,2026-08-06T17:47:46Z
MFA,9.03,2026-08-06T19:59:50Z
MFA-C,23.31,2026-08-06T19:26:08Z
MFC,44.6,2026-08-06T19:59:58Z
MFG,10.68,2026-08-06T19:59:56Z
MFIC,9.715,2026-08-06T19:59:53Z
MFIN,10.81,2026-08-06T19:59:21Z
MFM,5.4,2026-08-06T19:59:42Z
MFP,46.61,2026-08-06T19:59:14Z
MFSB,24.625,2026-08-06T18:40:16Z
MFSI,33.635,2026-08-06T19:59:43Z
MFSM,24.79,2026-08-06T18:33:43Z
MFSV,30.035,2026-08-06T13:30:32Z
MFUS,66.24,2026-08-06T19:59:51Z
MG,15.6,2026-08-06T19:59:26Z
MGA,67.82,2026-08-06T19:59:57Z
MGC,282.15,2026-08-06T18:19:46Z
MGEE,80.81,2026-08-06T19:59:39Z
MGK,90.01,2026-08-06T19:59:56Z
MGM,44.69,2026-08-06T19:59:55Z
MGMT,51.55,2026-08-06T19:59:51Z
MGN,0.1074,2026-08-06T19:59:13Z
MGNI,24.315,2026-08-06T19:59:55Z
MGNR,50.765,2026-08-06T18:02:43Z
MGNX,4.005,2026-08-06T19:59:43Z
MGOV,19.86,2026-08-06T18:37:11Z
MGPI,17.3,2026-08-06T19:59:55Z
MGRC,122,2026-08-06T19:58:41Z
MGRD,15.01,2026-08-06T14:23:18Z
MGRE,22.91,2026-08-06T19:56:33Z
MGRX,0.5192,2026-08-06T19:58:04Z
MGTX,12.8,2026-08-06T19:59:51Z
MGV,165.95,2026-08-06T19:39:07Z
MGX,1.23,2026-08-06T19:50:10Z
MGY,24.75,2026-08-06T19:59:58Z
MGYR,19.03,2026-08-06T16:28:06Z
MH,11.56,2026-08-06T19:59:28Z
MHD,11.6,2026-08-06T19:55:45Z
MHF,6.89,2026-08-06T19:55:56Z
MHK,132.41,2026-08-06T19:59:54Z
MHO,146.46,2026-08-06T19:55:48Z
MI,8.46,2026-08-06T19:17:57Z
MIAX,45.41,2026-08-06T19:59:58Z
MICC,18.93,2026-08-06T19:59:59Z
MIDD,133.3,2026-08-06T19:59:44Z
MIDU,72.765,2026-08-06T19:59:59Z
MIMI,1.97,2026-08-06T19:34:21Z
MIN,2.435,2026-08-06T19:59:46Z
MIND,5.11,2026-08-06T19:57:13Z
MINE,2.62,2026-08-06T17:47:48Z
MINO,44.81,2026-08-06T19:59:51Z
MINT,100.56,2026-08-06T19:59:53Z
MINV,49.19,2026-08-06T19:27:21Z
MINY,37.62,2026-08-06T19:30:52Z
MIR,15.04,2026-08-06T19:59:46Z
MIRA,0.68,2026-08-06T19:59:58Z
MIRM,94.14,2026-08-06T19:59:49Z
MISL,46.07,2026-08-06T19:59:50Z
MIST,1.16,2026-08-06T19:59:56Z
MITK,16.81,2026-08-06T19:59:53Z
MITN,25.41,2026-08-06T14:44:47Z
MITT,6.99,2026-08-06T19:59:37Z
MIY,12.1,2026-08-06T19:02:05Z
MJ,23.16,2026-08-06T19:56:06Z
MKC,52.27,2026-08-06T19:59:50Z
MKL,1872.22,2026-08-06T19:59:51Z
MKLYR,0.2487,2026-08-06T19:54:42Z
MKSI,291.34,2026-08-06T19:59:48Z
MKTX,162.56,2026-08-06T19:59:53Z
MLAB,100.51,2026-08-06T19:51:26Z
MLCI,3.02,2026-08-06T19:28:05Z
MLCO,5.51,2026-08-06T19:59:55Z
MLEC,6.82,2026-08-06T19:16:11Z
MLGO,4.05,2026-08-06T15:46:01Z
MLI,69.49,2026-08-06T19:59:52Z
MLKN,23.71,2026-08-06T19:59:25Z
MLM,537.96,2026-08-06T19:59:49Z
MLN,17.395,2026-08-06T19:59:46Z
MLP,17.19,2026-08-06T19:39:19Z
MLPA,56.3,2026-08-06T19:50:07Z
MLPD,24.51,2026-08-06T19:50:34Z
MLPI,53.47,2026-08-06T19:58:59Z
MLPX,73.95,2026-08-06T19:58:31Z
MLR,54.89,2026-08-06T19:57:52Z
MLTX,18,2026-08-06T19:59:39Z
MLYS,27,2026-08-06T19:59:45Z
MMA,0.4199,2026-08-06T19:23:42Z
MMCA,21.39,2026-08-06T18:46:34Z
MMD,14.91,2026-08-06T19:53:50Z
MMED,18.42,2026-08-06T19:59:54Z
MMI,31.54,2026-08-06T19:55:43Z
MMIN,23.69,2026-08-06T19:59:00Z
MMIT,23.995,2026-08-06T19:59:53Z
MMLP,2.46,2026-08-06T19:45:57Z
MMM,180.73,2026-08-06T19:59:54Z
MMS,58.25,2026-08-06T19:59:44Z
MMSI,87.59,2026-08-06T19:59:33Z
MMT,4.385,2026-08-06T19:52:33Z
MMU,10.035,2026-08-06T19:59:52Z
MMYT,60.035,2026-08-06T19:59:54Z
MNA,36.65,2026-08-06T16:17:06Z
MNDY,87.555,2026-08-06T19:59:50Z
MNKD,3.885,2026-08-06T19:59:58Z
MNOV,1.345,2026-08-06T17:11:24Z
MNPR,120.05,2026-08-06T19:59:46Z
MNR,13.3,2026-08-06T19:59:55Z
MNRO,12.4,2026-08-06T19:59:50Z
MNSB,23.55,2026-08-06T18:54:51Z
MNSO,12.56,2026-08-06T19:59:56Z
MNST,94.17,2026-08-06T19:59:53Z
MNTK,1.7,2026-08-06T19:59:50Z
MNTN,10.97,2026-08-06T19:59:58Z
MNTS,4.37,2026-08-06T19:59:46Z
MNVT,28.5,2026-08-06T19:53:43Z
MNYWW,0.0401,2026-08-06T19:59:20Z
MNZL,60,2026-08-06T19:49:09Z
MO,67.745,2026-08-06T19:59:59Z
MOAT,110.61,2026-08-06T19:59:56Z
MOB,5.725,2026-08-06T19:59:56Z
MOBI,12.3,2026-08-06T19:50:15Z
MOBX,1.7,2026-08-06T19:46:13Z
MOD,192.53,2026-08-06T19:59:44Z
MODD,2.025,2026-08-06T19:57:27Z
MOG.A,410.67,2026-08-06T19:59:53Z
MOH,191.895,2026-08-06T19:59:48Z
MOMO,5.79,2026-08-06T19:59:58Z
MOO,81.34,2026-08-06T19:58:38Z
MORN,196.92,2026-08-06T19:58:18Z
MORT,9.68,2026-08-06T19:59:32Z
MOS,23.46,2026-08-06T19:59:58Z
MOTI,37.13,2026-08-06T16:16:18Z
MOV,37.79,2026-08-06T19:58:08Z
MOVE,12.64,2026-08-06T15:56:41Z
MP,47.52,2026-08-06T19:59:56Z
MPA,11.055,2026-08-06T19:54:29Z
MPAA,13.56,2026-08-06T19:58:47Z
MPB,37.78,2026-08-06T19:59:42Z
MPC,299.155,2026-08-06T19:59:49Z
MPG,3.95,2026-08-06T19:58:47Z
MPLT,13.28,2026-08-06T19:59:55Z
MPLX,60.435,2026-08-06T19:59:58Z
MPLY,32.3,2026-08-06T17:12:19Z
MPRO,32.59,2026-08-06T18:36:27Z
MPT,4.6,2026-08-06T19:59:56Z
MPTI,90.64,2026-08-06T17:27:20Z
MPU,0.2099,2026-08-06T13:59:26Z
MPWR,1358.3,2026-08-06T19:59:56Z
MQ,16.675,2026-08-06T19:59:53Z
MQY,11.28,2026-08-06T19:54:16Z
MRAL,37.63,2026-08-06T19:51:09Z
MRAM,15.655,2026-08-06T19:59:53Z
MRBK,19.75,2026-08-06T19:59:02Z
MRCY,108.8,2026-08-06T19:59:00Z
MRDN,14.13,2026-08-06T14:06:48Z
MREO,0.3128,2026-08-06T19:47:07Z
MRK,128.34,2026-08-06T19:59:59Z
MRKR,1.125,2026-08-06T19:56:13Z
MRLN,4.225,2026-08-06T19:58:12Z
MRM,0.9138,2026-08-06T13:31:39Z
MRNA,53.88,2026-08-06T19:59:59Z
MRNO,0.208,2026-08-06T18:24:45Z
MRNX,25.95,2026-08-06T13:41:37Z
MRNY,14.17,2026-08-06T19:48:37Z
MRP,28.8,2026-08-06T19:59:44Z
MRSH,193.21,2026-08-06T19:59:57Z
MRSK,39.6,2026-08-06T19:33:59Z
MRTN,14.875,2026-08-06T19:59:56Z
MRVI,6.245,2026-08-06T19:59:48Z
MRVL,210.37,2026-08-06T19:59:56Z
MRVU,103.57,2026-08-06T19:42:41Z
MRX,62.33,2026-08-06T19:59:35Z
MS,213.7,2026-08-06T19:59:54Z
MS-A,19.02,2026-08-06T18:56:21Z
MS-E,25.48,2026-08-06T16:50:16Z
MS-F,25.25,2026-08-06T16:29:02Z
MS-I,24.7,2026-08-06T19:55:14Z
MS-K,23.01,2026-08-06T17:12:47Z
MS-L,19.2,2026-08-06T18:40:29Z
MS-O,16.54,2026-08-06T16:09:12Z
MS-P,25.02,2026-08-06T19:59:45Z
MS-Q,25.34,2026-08-06T18:15:03Z
MSA,193.925,2026-08-06T19:59:47Z
MSB,23.02,2026-08-06T19:16:38Z
MSBI,33.74,2026-08-06T19:59:38Z
MSBT,18.47,2026-08-06T19:59:55Z
MSCI,567.17,2026-08-06T19:59:47Z
MSD,7.34,2026-08-06T19:59:34Z
MSDL,15.45,2026-08-06T19:59:42Z
MSEX,57.26,2026-08-06T19:55:44Z
MSFD,10.295,2026-08-06T19:59:22Z
MSFL,25.455,2026-08-06T19:59:48Z
MSFO,12.755,2026-08-06T19:59:50Z
MSFT,500.035,2026-08-06T19:59:59Z
MSFU,38.315,2026-08-06T19:59:59Z
MSFW,33.345,2026-08-06T15:09:08Z
MSFX,25.19,2026-08-06T19:53:50Z
MSFY,20.49,2026-08-06T14:43:37Z
MSGE,76.69,2026-08-06T19:59:33Z
MSGM,4.04,2026-08-06T18:17:36Z
MSGS,392.28,2026-08-06T19:59:58Z
MSGY,0.27,2026-08-06T16:03:34Z
MSI,474.05,2026-08-06T19:59:51Z
MSIF,11.765,2026-08-06T19:57:15Z
MSLC,60.855,2026-08-06T19:59:26Z
MSLE,10.31,2026-08-06T19:55:44Z
MSM,123.87,2026-08-06T19:59:46Z
MSOL,19.87,2026-08-06T16:02:50Z
MSOS,4.34,2026-08-06T19:59:59Z
MSOX,2.355,2026-08-06T19:59:59Z
MSS,1.35,2026-08-06T19:59:52Z
MSSS,36.32,2026-08-06T18:33:25Z
MST,8.29,2026-08-06T19:42:54Z
MSTR,96.78,2026-08-06T19:59:50Z
MSTU,1.88,2026-08-06T19:59:42Z
MSTW,3.29,2026-08-06T19:59:51Z
MSTX,8.58,2026-08-06T19:57:14Z
MSTY,12.54,2026-08-06T19:58:03Z
MSTZ,11.01,2026-08-06T19:59:59Z
MT,73.25,2026-08-06T19:59:59Z
MTA,8.42,2026-08-06T19:59:42Z
MTB,249.96,2026-08-06T19:59:28Z
MTB-H,25.17,2026-08-06T19:40:14Z
MTB-J,26.17,2026-08-06T19:19:49Z
MTB-L,24.95,2026-08-06T19:58:53Z
MTBA,48.56,2026-08-06T19:35:03Z
MTC,3.16,2026-08-06T17:35:50Z
MTCH,36.62,2026-08-06T19:59:51Z
MTD,1420.29,2026-08-06T19:59:56Z
MTDR,48.595,2026-08-06T19:59:50Z
MTEK,1.16,2026-08-06T19:58:33Z
MTG,30.26,2026-08-06T19:59:54Z
MTH,72.26,2026-08-06T19:59:41Z
MTLS,6.76,2026-08-06T19:59:51Z
MTN,146.855,2026-08-06T19:59:50Z
MTNB,0.262,2026-08-06T18:21:06Z
MTRN,277.69,2026-08-06T19:58:11Z
MTRX,11.73,2026-08-06T19:59:56Z
MTSG,7.52,2026-08-06T18:16:13Z
MTSI,300.82,2026-08-06T19:59:55Z
MTUM,308.145,2026-08-06T19:59:48Z
MTUS,21.42,2026-08-06T19:59:52Z
MTVA,1.47,2026-08-06T19:20:44Z
MTW,14.26,2026-08-06T19:58:54Z
MTX,75.11,2026-08-06T19:58:14Z
MTZ,258.67,2026-08-06T19:59:58Z
MU,881.45,2026-08-06T19:59:59Z
MUA,10.18,2026-08-06T19:57:04Z
MUA^,0.008,2026-08-06T18:15:08Z
MUB,105.66,2026-08-06T19:59:53Z
MUC,10.66,2026-08-06T19:57:25Z
MUD,11.49,2026-08-06T19:59:58Z
MUFG,22.52,2026-08-06T19:59:52Z
MUJ,12.09,2026-08-06T19:58:35Z
MULL,18.75,2026-08-06T19:59:51Z
MUNI,51.795,2026-08-06T19:11:14Z
MUNY,102.125,2026-08-06T16:37:15Z
MUR,33.05,2026-08-06T19:59:53Z
MUSA,536.36,2026-08-06T19:59:53Z
MUST,20.38,2026-08-06T18:46:48Z
MUU,26.92,2026-08-06T19:59:58Z
MUX,18.24,2026-08-06T19:59:54Z
MUYY,19.815,2026-08-06T19:59:45Z
MUZ,11.66,2026-08-06T19:59:59Z
MVBF,30.325,2026-08-06T19:56:06Z
MVIS,3.255,2026-08-06T19:59:56Z
MVLL,25.205,2026-08-06T19:59:48Z
MVRL,12.93,2026-08-06T18:12:50Z
MVST,0.7836,2026-08-06T19:59:56Z
MWA,27.09,2026-08-06T19:59:54Z
MWC,1.51,2026-08-06T19:55:01Z
MWH,27.66,2026-08-06T19:59:55Z
MWYN,0.7,2026-08-06T19:59:38Z
MX,3.87,2026-08-06T19:59:43Z
MXC,9.67,2026-08-06T14:53:28Z
MXCT,1.115,2026-08-06T19:57:44Z
MXF,21.81,2026-08-06T19:50:50Z
MXL,70.24,2026-08-06T19:59:57Z
MYCH,24.805,2026-08-06T19:43:58Z
MYCK,24.54,2026-08-06T19:59:50Z
MYE,34.955,2026-08-06T19:59:00Z
MYFW,31.765,2026-08-06T19:54:25Z
MYGN,3.18,2026-08-06T19:59:56Z
MYI,10.785,2026-08-06T19:53:27Z
MYN,9.76,2026-08-06T19:59:41Z
MYO,1.325,2026-08-06T19:59:54Z
MYPS,0.7283,2026-08-06T19:59:31Z
MYRG,331.4,2026-08-06T19:59:24Z
MYSE,2.4,2026-08-06T17:13:45Z
MYY,15.04,2026-08-06T18:16:17Z
MZTI,110.34,2026-08-06T19:59:32Z
NABL,4.88,2026-08-06T19:59:45Z
NAC,11.76,2026-08-06T19:59:53Z
NAD,11.77,2026-08-06T19:55:52Z
NAGE,3.035,2026-08-06T19:59:57Z
NAIL,41.82,2026-08-06T19:59:51Z
NAK,1.64,2026-08-06T19:59:46Z
NAKA,4.895,2026-08-06T19:59:27Z
NAMI,3.12,2026-08-06T18:31:01Z
NAMM,1.35,2026-08-06T19:50:02Z
NAMS,27.66,2026-08-06T19:59:56Z
NAN,11.22,2026-08-06T16:35:55Z
NANC,51.66,2026-08-06T13:30:00Z
NANR,81.65,2026-08-06T13:40:36Z
NASA,24.15,2026-08-06T19:59:50Z
NAT,6.405,2026-08-06T19:59:56Z
NATL,46.47,2026-08-06T19:59:43Z
NATR,20.32,2026-08-06T19:59:33Z
NAUG,32.52,2026-08-06T19:45:06Z
NAUT,0.8863,2026-08-06T19:59:55Z
NAVI,9.48,2026-08-06T19:59:56Z
NAVN,27.855,2026-08-06T19:59:59Z
NB,5.05,2026-08-06T19:59:56Z
NBB,15.31,2026-08-06T19:47:32Z
NBBK,22.745,2026-08-06T19:59:44Z
NBCR,34.62,2026-08-06T19:59:51Z
NBET,40.015,2026-08-06T13:36:44Z
NBFR,26.53,2026-08-06T16:26:21Z
NBGX,30.06,2026-08-06T19:59:46Z
NBH,10.14,2026-08-06T19:59:13Z
NBHC,42.795,2026-08-06T19:59:44Z
NBIC,19.9,2026-08-06T13:44:26Z
NBIE,27.44,2026-08-06T19:49:19Z
NBIG,13.87,2026-08-06T19:59:48Z
NBIL,20.09,2026-08-06T19:59:45Z
NBIS,189.89,2026-08-06T19:59:59Z
NBIX,159.82,2026-08-06T19:59:58Z
NBIZ,17.19,2026-08-06T19:59:47Z
NBN,133.53,2026-08-06T19:57:55Z
NBOS,28.48,2026-08-06T14:15:14Z
NBP,1.7,2026-08-06T19:59:46Z
NBR,82.79,2026-08-06T19:59:42Z
NBRGU,10.23,2026-08-06T15:08:51Z
NBSD,50.595,2026-08-06T19:56:59Z
NBSM,29.08,2026-08-06T19:59:50Z
NBTB,52.89,2026-08-06T19:59:50Z
NBTX,37.38,2026-08-06T16:57:27Z
NBXG,15.08,2026-08-06T19:59:59Z
NC,42.73,2026-08-06T16:07:59Z
NCA,9.06,2026-08-06T19:05:57Z
NCDL,12.545,2026-08-06T19:59:36Z
NCI,11.58,2026-08-06T19:59:58Z
NCIQ,16.08,2026-08-06T18:22:51Z
NCLD,23.77,2026-08-06T14:10:59Z
NCLH,19.38,2026-08-06T19:59:59Z
NCMI,4.02,2026-08-06T19:58:57Z
NCNA,1.34,2026-08-06T18:25:17Z
NCNO,19,2026-08-06T19:59:50Z
NCRA,1.97,2026-08-06T16:22:59Z
NCT,3.555,2026-08-06T19:53:53Z
NCTY,4.94,2026-08-06T19:21:15Z
NCV,17.08,2026-08-06T19:44:14Z
NCZ,15.72,2026-08-06T19:59:44Z
NCZ-A,20,2026-08-06T15:46:14Z
NDAQ,94.675,2026-08-06T19:59:55Z
NDEC,30.18,2026-08-06T17:21:35Z
NDIV,33.43,2026-08-06T13:42:49Z
NDLS,17.8,2026-08-06T19:31:17Z
NDMO,9.93,2026-08-06T19:52:34Z
NDSN,309.025,2026-08-06T19:59:58Z
NE,40.72,2026-08-06T19:59:31Z
NEA,11.325,2026-08-06T19:59:55Z
NEAR,50.445,2026-08-06T19:59:56Z
NEBX,20.66,2026-08-06T19:59:41Z
NECB,27.14,2026-08-06T15:12:03Z
NEE,84.62,2026-08-06T19:59:58Z
NEE-N,21.72,2026-08-06T16:44:02Z
NEE-U,24.14,2026-08-06T17:35:47Z
NEE-V,46.66,2026-08-06T18:03:06Z
NEE-W,23.93,2026-08-06T17:58:58Z
NEGG,17.89,2026-08-06T19:54:17Z
NEHI,26.96,2026-08-06T19:59:50Z
NEM,105.45,2026-08-06T19:59:50Z
NEO,15.555,2026-08-06T19:59:54Z
NEOG,11.295,2026-08-06T19:59:54Z
NEON,0.959,2026-08-06T19:46:50Z
NEOV,2.82,2026-08-06T19:59:59Z
NERV,4.44,2026-08-06T19:59:49Z
NESR,28.82,2026-08-06T19:59:45Z
NET,284.02,2026-08-06T19:59:50Z
NETG,17.535,2026-08-06T17:30:13Z
NEU,892.18,2026-08-06T19:59:10Z
NEUP,3.98,2026-08-06T19:58:07Z
NEWP,5.905,2026-08-06T19:59:46Z
NEWT,14.89,2026-08-06T19:30:00Z
NEXA,14.31,2026-08-06T19:59:38Z
NEXN,10.97,2026-08-06T19:59:59Z
NEXR,2.54,2026-08-06T19:54:50Z
NEXT,6.81,2026-08-06T19:59:55Z
NFE,0.341,2026-08-06T19:57:10Z
NFG,80.74,2026-08-06T19:59:51Z
NFGC,1.575,2026-08-06T19:58:53Z
NFJ,15.39,2026-08-06T19:54:51Z
NFLT,22.85,2026-08-06T19:59:46Z
NFLU,17.12,2026-08-06T18:16:13Z
NFLX,73.68,2026-08-06T19:59:59Z
NFLY,7.555,2026-08-06T14:56:38Z
NFRA,65.47,2026-08-06T17:33:17Z
NFTY,55.01,2026-08-06T17:20:03Z
NFXL,16.16,2026-08-06T19:59:50Z
NG,6.89,2026-08-06T19:59:53Z
NGEN,1.72,2026-08-06T19:59:53Z
NGG,80.37,2026-08-06T19:59:14Z
NGL,17.22,2026-08-06T19:57:07Z
NGNE,35.52,2026-08-06T19:59:45Z
NGS,36.38,2026-08-06T19:59:39Z
NGVC,32.33,2026-08-06T19:55:00Z
NGVT,77.21,2026-08-06T19:57:49Z
NHC,220.97,2026-08-06T19:52:18Z
NHI,75.45,2026-08-06T19:58:56Z
NHP,16.77,2026-08-06T19:59:59Z
NHPBP,25.12,2026-08-06T13:36:09Z
NHS,6.08,2026-08-06T19:57:34Z
NHTC,1.955,2026-08-06T13:44:09Z
NHYM,24.61,2026-08-06T13:36:50Z
NI,43.375,2026-08-06T19:59:59Z
NIC,174.05,2026-08-06T19:58:31Z
NICE,97.2,2026-08-06T19:59:33Z
NIE,26.23,2026-08-06T19:56:22Z
NIKL,13.84,2026-08-06T19:54:13Z
NINE,10.4,2026-08-06T19:59:48Z
NIO,4.595,2026-08-06T19:59:58Z
NIPG,9.02,2026-08-06T13:46:39Z
NIQ,11.69,2026-08-06T19:59:56Z
NIU,2.45,2026-08-06T19:59:49Z
NIVF,0.5603,2026-08-06T19:57:45Z
NIXT,35.03,2026-08-06T13:30:01Z
NIXX,0.5586,2026-08-06T19:58:17Z
NJAN,59.315,2026-08-06T14:43:53Z
NJR,54.46,2026-08-06T19:59:53Z
NJUL,76.62,2026-08-06T19:59:59Z
NJUN,32.58,2026-08-06T18:09:56Z
NKE,41.99,2026-08-06T19:59:59Z
NKLR,5.73,2026-08-06T19:59:28Z
NKSH,41.69,2026-08-06T14:27:57Z
NKTR,73.49,2026-08-06T19:59:35Z
NKTX,2.285,2026-08-06T19:58:29Z
NL,6.29,2026-08-06T19:52:35Z
NLOP,11.64,2026-08-06T19:59:24Z
NLR,113.65,2026-08-06T19:59:42Z
NLY,22.65,2026-08-06T19:59:55Z
NLY-I,25.89,2026-08-06T16:22:12Z
NMAD,4.035,2026-08-06T19:59:24Z
NMAI,14.265,2026-08-06T13:51:35Z
NMAX,8.55,2026-08-06T19:59:50Z
NMB,24.495,2026-08-06T19:37:45Z
NMCO,10.5,2026-08-06T19:57:58Z
NMFC,7.66,2026-08-06T19:59:15Z
NMFCZ,25.11,2026-08-06T17:09:56Z
NMG,1.32,2026-08-06T19:57:04Z
NMI,10.8,2026-08-06T16:01:45Z
NMIH,44.03,2026-08-06T19:59:50Z
NML,10.07,2026-08-06T17:40:01Z
NMM,79.23,2026-08-06T19:56:53Z
NMR,9.94,2026-08-06T19:59:56Z
NMRA,1.64,2026-08-06T19:59:36Z
NMRK,15.015,2026-08-06T19:59:57Z
NMTC,1.55,2026-08-06T19:56:52Z
NMZ,10.22,2026-08-06T19:52:40Z
NN,14.98,2026-08-06T19:59:55Z
NNBR,3.875,2026-08-06T19:59:56Z
NNDM,1.575,2026-08-06T19:59:36Z
NNE,17.6,2026-08-06T19:59:37Z
NNI,134.87,2026-08-06T19:59:31Z
NNN,46.99,2026-08-06T19:59:59Z
NNNN,10.09,2026-08-06T17:18:49Z
NNOV,31.52,2026-08-06T18:41:55Z
NNOX,1.01,2026-08-06T19:59:31Z
NNVC,1.4,2026-08-06T19:59:15Z
NNY,8.28,2026-08-06T14:56:56Z
NOA,14.525,2026-08-06T19:57:22Z
NOAH,8.66,2026-08-06T19:59:52Z
NOBL,58.13,2026-08-06T19:59:47Z
NOC,568.025,2026-08-06T19:59:51Z
NOG,20.28,2026-08-06T19:59:53Z
NOK,9.43,2026-08-06T19:59:58Z
NOMD,11.78,2026-08-06T19:59:54Z
NOV,19.89,2026-08-06T19:59:58Z
NOVT,163.16,2026-08-06T19:59:06Z
NOW,117.345,2026-08-06T19:59:59Z
NOWL,5.81,2026-08-06T19:59:49Z
NP,32.81,2026-08-06T19:59:57Z
NPACW,0.2118,2026-08-06T14:48:33Z
NPB,17.165,2026-08-06T19:54:55Z
NPCE,13.94,2026-08-06T19:59:36Z
NPCT,9.76,2026-08-06T19:34:41Z
NPFD,18.5,2026-08-06T19:57:56Z
NPFI,25.925,2026-08-06T19:58:40Z
NPK,140.19,2026-08-06T19:06:36Z
NPKI,13.51,2026-08-06T19:59:49Z
NPO,335.95,2026-08-06T19:59:49Z
NPT,3.84,2026-08-06T19:50:33Z
NPV,10.84,2026-08-06T15:28:56Z
NPWR,1.5,2026-08-06T19:59:50Z
NRC,19.475,2026-08-06T19:59:52Z
NRDS,8.83,2026-08-06T19:59:54Z
NRDY,0.8369,2026-08-06T19:59:06Z
NREF,17.57,2026-08-06T19:37:50Z
NRG,118.95,2026-08-06T19:59:46Z
NRGD,21.26,2026-08-06T19:52:27Z
NRGU,39.27,2026-08-06T16:05:54Z
NRGV,2.955,2026-08-06T19:59:57Z
NRIM,26.55,2026-08-06T19:59:46Z
NRIX,25.22,2026-08-06T19:59:59Z
NRK,10.33,2026-08-06T19:56:19Z
NRO,2.96,2026-08-06T19:59:50Z
NRP,104.78,2026-08-06T19:58:07Z
NRSN,0.5157,2026-08-06T19:41:25Z
NRT,8.915,2026-08-06T17:14:45Z
NRUC,22.11,2026-08-06T19:50:45Z
NRXP,3.08,2026-08-06T19:59:56Z
NRXS,6.88,2026-08-06T19:56:33Z
NSC,342.35,2026-08-06T19:59:54Z
NSEP,31.54,2026-08-06T14:05:15Z
NSIT,149.05,2026-08-06T19:59:40Z
NSLR,9.67,2026-08-06T19:56:18Z
NSP,51.31,2026-08-06T19:59:54Z
NSPR,0.72,2026-08-06T14:51:06Z
NSRX,3.16,2026-08-06T14:28:18Z
NSSC,40.91,2026-08-06T19:59:36Z
NSYS,14.72,2026-08-06T14:39:57Z
NTAL,32.17,2026-08-06T14:35:26Z
NTAP,191.53,2026-08-06T19:59:57Z
NTB,62.02,2026-08-06T19:59:47Z
NTCL,3.13,2026-08-06T16:36:27Z
NTCT,40.16,2026-08-06T19:59:52Z
NTES,130.36,2026-08-06T19:59:50Z
NTGR,24.37,2026-08-06T19:59:50Z
NTHI,3.5,2026-08-06T19:59:59Z
NTIP,1.6,2026-08-06T19:34:26Z
NTLA,11.24,2026-08-06T19:59:58Z
NTNX,60.105,2026-08-06T19:59:52Z
NTR,66.74,2026-08-06T19:59:51Z
NTRA,265.26,2026-08-06T19:59:53Z
NTRP,1.63,2026-08-06T19:58:00Z
NTRS,184.075,2026-08-06T19:59:51Z
NTRSO,18.35,2026-08-06T19:59:24Z
NTSI,48.27,2026-08-06T19:07:55Z
NTSK,13.47,2026-08-06T19:59:56Z
NTST,21.03,2026-08-06T19:59:38Z
NTSX,60.365,2026-08-06T14:40:09Z
NU,14.11,2026-08-06T19:59:58Z
NUAI,5.14,2026-08-06T19:59:57Z
NUAIW,2.23,2026-08-06T13:37:22Z
NUBD,21.78,2026-08-06T16:31:31Z
NUCL,6.99,2026-08-06T19:59:11Z
NUCLW,0.99,2026-08-06T19:56:47Z
NUE,272.03,2026-08-06T19:59:47Z
NUGT,140.52,2026-08-06T19:56:00Z
NUGY,13.15,2026-08-06T13:44:26Z
NUKX,36.72,2026-08-06T17:30:58Z
NUKZ,66.215,2026-08-06T18:02:54Z
NULG,115.86,2026-08-06T17:49:37Z
NULV,53.035,2026-08-06T18:53:21Z
NUMG,47.58,2026-08-06T14:14:58Z
NUMV,45.225,2026-08-06T16:28:07Z
NURE,32.175,2026-08-06T19:56:28Z
NUS,5.21,2026-08-06T19:59:57Z
NUSC,52.76,2026-08-06T14:06:02Z
NUTX,157.46,2026-08-06T13:34:24Z
NUV,9.03,2026-08-06T19:59:42Z
NUVB,6.11,2026-08-06T19:59:58Z
NUW,13.94,2026-08-06T19:58:38Z
NUWE,1.68,2026-08-06T16:14:16Z
NVA,5.49,2026-08-06T19:58:34Z
NVAX,7.745,2026-08-06T19:59:58Z
NVBU,31.52,2026-08-06T14:42:18Z
NVCR,15.69,2026-08-06T19:59:48Z
NVCT,18.82,2026-08-06T19:59:56Z
NVD,4.17,2026-08-06T19:59:58Z
NVDA,218.79,2026-08-06T19:59:59Z
NVDB,32.59,2026-08-06T19:59:51Z
NVDD,30.81,2026-08-06T19:55:00Z
NVDG,19.81,2026-08-06T19:59:50Z
NVDL,34.84,2026-08-06T19:59:58Z
NVDQ,9.465,2026-08-06T19:59:58Z
NVDS,19.42,2026-08-06T19:59:58Z
NVDU,138.63,2026-08-06T19:59:58Z
NVDX,19.73,2026-08-06T19:59:59Z
NVDY,12.76,2026-08-06T19:59:52Z
NVEC,129.185,2026-08-06T19:59:50Z
NVG,12.385,2026-08-06T19:58:46Z
NVGS,20.83,2026-08-06T19:59:15Z
NVMI,379.84,2026-08-06T19:59:57Z
NVNI,1.01,2026-08-06T18:26:45Z
NVNO,10.22,2026-08-06T14:49:14Z
NVO,45.97,2026-08-06T19:59:58Z
NVOX,14.155,2026-08-06T19:53:23Z
NVPS,22.66,2026-08-06T17:38:41Z
NVR,6302.72,2026-08-06T19:59:46Z
NVRI,22.39,2026-08-06T19:59:42Z
NVS,154.32,2026-08-06T19:59:16Z
NVST,27.385,2026-08-06T19:59:55Z
NVT,163.32,2026-08-06T19:59:47Z
NVTS,12.4,2026-08-06T19:59:58Z
NVTX,20.53,2026-08-06T18:57:48Z
NVX,0.405,2026-08-06T19:59:40Z
NVYY,12.24,2026-08-06T19:59:50Z
NWAX,10.15,2026-08-06T19:56:25Z
NWBI,15.64,2026-08-06T19:59:56Z
NWE,70.32,2026-08-06T19:59:34Z
NWFL,33.97,2026-08-06T19:53:01Z
NWG,19.04,2026-08-06T19:59:56Z
NWGL,0.3137,2026-08-06T19:43:14Z
NWL,6.01,2026-08-06T19:59:56Z
NWN,50.73,2026-08-06T19:58:45Z
NWPX,118.24,2026-08-06T19:59:49Z
NWS,33.9,2026-08-06T19:59:58Z
NWSA,29.66,2026-08-06T19:59:58Z
NX,20.84,2026-08-06T19:59:18Z
NXDR,2.535,2026-08-06T19:59:57Z
NXDT,4.575,2026-08-06T19:59:04Z
NXE,10.225,2026-08-06T19:59:58Z
NXG,58.915,2026-08-06T16:39:32Z
NXGL,0.3501,2026-08-06T17:55:41Z
NXL,0.3402,2026-08-06T13:47:50Z
NXP,14.21,2026-08-06T19:57:36Z
NXPI,231.68,2026-08-06T19:59:57Z
NXPL,6.69,2026-08-06T17:30:53Z
NXRT,24.97,2026-08-06T19:59:34Z
NXST,187.91,2026-08-06T19:59:34Z
NXT,98.44,2026-08-06T19:59:54Z
NXTC,5.57,2026-08-06T19:56:11Z
NXTE,46.24,2026-08-06T17:54:54Z
NXTT,0.072,2026-08-06T19:59:48Z
NXXT,0.2681,2026-08-06T19:59:30Z
NYC,8.76,2026-08-06T19:51:55Z
NYF,52.965,2026-08-06T19:56:51Z
NYT,64.805,2026-08-06T19:59:57Z
NYXH,1.32,2026-08-06T19:58:45Z
NZF,12.35,2026-08-06T19:59:16Z
O,62.38,2026-08-06T19:59:58Z
OABI,2.27,2026-08-06T19:59:53Z
OAEM,46.96,2026-08-06T16:28:06Z
OAIM,47.09,2026-08-06T18:18:00Z
OAKM,30.5,2026-08-06T19:59:51Z
OALC,41.96,2026-08-06T16:43:34Z
OARK,28.18,2026-08-06T19:59:51Z
OBDC,11.31,2026-08-06T19:59:56Z
OBE,9.605,2026-08-06T19:59:56Z
OBIO,4.16,2026-08-06T19:59:57Z
OBK,53.91,2026-08-06T19:59:45Z
OBT,38.435,2026-08-06T19:50:37Z
OBX,28.51,2026-08-06T13:39:45Z
OC,150.29,2026-08-06T19:59:40Z
OCAC,9.91,2026-08-06T17:18:55Z
OCAC^,0.35,2026-08-06T14:47:32Z
OCC,15.695,2026-08-06T19:52:33Z
OCCI,2.485,2026-08-06T19:46:08Z
OCFC,19.53,2026-08-06T19:59:58Z
OCG,1.65,2026-08-06T19:59:06Z
OCGN,1.25,2026-08-06T19:59:57Z
OCS,12.36,2026-08-06T19:59:42Z
OCSL,12.71,2026-08-06T19:59:52Z
OCTH,24.1,2026-08-06T16:29:35Z
OCTJ,24.03,2026-08-06T15:21:49Z
OCTV,19.43,2026-08-06T19:59:36Z
OCTW,41.48,2026-08-06T14:15:00Z
OCUL,8.75,2026-08-06T19:59:57Z
ODC,96.26,2026-08-06T19:59:51Z
ODD,13.52,2026-08-06T19:59:58Z
ODFL,211.23,2026-08-06T19:59:38Z
ODTX,21.54,2026-08-06T19:59:24Z
OEC,7.61,2026-08-06T19:59:51Z
OEF,381.1,2026-08-06T19:59:58Z
OEFA,36.23,2026-08-06T19:56:09Z
OESX,17.47,2026-08-06T19:21:29Z
OFAL,0.75,2026-08-06T19:59:06Z
OFG,52.97,2026-08-06T19:57:07Z
OFIX,10.61,2026-08-06T19:59:51Z
OFLX,30.93,2026-08-06T19:40:11Z
OFRM,17.48,2026-08-06T19:59:53Z
OFS,3.77,2026-08-06T19:55:39Z
OGC,26.23,2026-08-06T19:59:55Z
OGCP,4.78,2026-08-06T18:04:00Z
OGE,46.79,2026-08-06T19:59:51Z
OGG,2.64,2026-08-06T19:59:57Z
OGI,0.9896,2026-08-06T19:59:59Z
OGIG,48.735,2026-08-06T17:06:06Z
OGN,13.54,2026-08-06T19:59:58Z
OGS,79.55,2026-08-06T19:59:34Z
OHI,48.67,2026-08-06T19:59:54Z
OI,7.09,2026-08-06T19:59:52Z
OIA,6.025,2026-08-06T19:58:02Z
OIH,392.6,2026-08-06T19:59:56Z
OII,49.27,2026-08-06T19:59:50Z
OILD,38.35,2026-08-06T19:57:06Z
OILK,49.37,2026-08-06T19:55:32Z
OILU,41.73,2026-08-06T19:59:48Z
OIO,1.88,2026-08-06T17:34:46Z
OIS,8.3,2026-08-06T19:59:00Z
OKE,87.92,2026-08-06T19:59:53Z
OKLC,15.62,2026-08-06T18:16:13Z
OKLL,2.89,2026-08-06T19:59:45Z
OKLO,42.2,2026-08-06T19:59:58Z
OKLS,30.875,2026-08-06T19:52:18Z
OKTA,143.42,2026-08-06T19:59:50Z
OKUR,4.135,2026-08-06T19:59:49Z
OKYO,1.52,2026-08-06T16:02:37Z
OLED,87.16,2026-08-06T19:59:37Z
OLLI,77.96,2026-08-06T19:59:52Z
OLMA,11.795,2026-08-06T19:59:48Z
OLN,18.72,2026-08-06T19:59:56Z
OLOX,3.41,2026-08-06T19:48:30Z
OLP,24.12,2026-08-06T19:59:52Z
OM,5.19,2026-08-06T19:59:36Z
OMAB,111.11,2026-08-06T19:59:26Z
OMAH,18.62,2026-08-06T19:59:48Z
OMC,82.5,2026-08-06T19:59:54Z
OMCL,36.19,2026-08-06T19:59:31Z
OMDA,19.535,2026-08-06T19:59:58Z
OMER,13.145,2026-08-06T19:59:53Z
OMEX,0.7567,2026-08-06T19:59:42Z
OMF,65.03,2026-08-06T19:59:50Z
OMFL,70.85,2026-08-06T19:59:51Z
OMH,0.0926,2026-08-06T19:59:53Z
ON,78.32,2026-08-06T19:59:59Z
ONB,26.655,2026-08-06T19:59:54Z
ONC,330,2026-08-06T19:59:52Z
ONCO,0.9186,2026-08-06T14:48:18Z
ONCY,0.8141,2026-08-06T19:38:05Z
ONDG,3.305,2026-08-06T19:59:18Z
ONDL,8.47,2026-08-06T19:59:51Z
ONDS,8.725,2026-08-06T19:59:59Z
ONDU,5.58,2026-08-06T17:03:56Z
ONEG,1.045,2026-08-06T18:04:33Z
ONEQ,103.77,2026-08-06T19:53:48Z
ONEW,11.95,2026-08-06T19:58:09Z
ONFO,0.0595,2026-08-06T19:59:54Z
ONFOW,0.0134,2026-08-06T16:54:56Z
ONG,4.96,2026-08-06T19:59:50Z
ONIT,36.665,2026-08-06T19:58:03Z
ONL,2.61,2026-08-06T19:59:56Z
ONLN,60.24,2026-08-06T19:59:51Z
ONMD,0.64,2026-08-06T16:11:03Z
ONON,37.36,2026-08-06T19:59:55Z
ONT,15.12,2026-08-06T19:59:49Z
ONTO,268.5,2026-08-06T19:59:56Z
ONX,7.92,2026-08-06T18:16:05Z
OOMA,21.4,2026-08-06T19:59:58Z
OPAL,2.38,2026-08-06T19:59:48Z
OPBK,15.61,2026-08-06T19:58:47Z
OPCH,23.625,2026-08-06T19:59:49Z
OPEG,2.2,2026-08-06T19:59:46Z
OPEN,3.445,2026-08-06T19:59:57Z
OPENL,0.1515,2026-08-06T17:32:13Z
OPENW,0.2151,2026-08-06T19:59:11Z
OPENZ,0.113,2026-08-06T19:49:56Z
OPEX,8.52,2026-08-06T17:11:33Z
OPFI,9.76,2026-08-06T19:59:46Z
OPHC,8.95,2026-08-06T19:58:24Z
OPI,19,2026-08-06T19:54:08Z
OPK,1.325,2026-08-06T19:59:47Z
OPLN,37.62,2026-08-06T19:59:57Z
OPP,7.65,2026-08-06T16:08:41Z
OPP-B,16.82,2026-08-06T18:12:00Z
OPPJ,57.46,2026-08-06T18:26:33Z
OPRA,19.565,2026-08-06T19:59:56Z
OPRT,8.04,2026-08-06T19:59:56Z
OPRX,6.74,2026-08-06T19:59:55Z
OPTH,5.025,2026-08-06T17:06:22Z
OPTT,0.1792,2026-08-06T19:59:57Z
OPTU,0.809,2026-08-06T19:59:49Z
OPTX,7.405,2026-08-06T19:59:58Z
OPTXW,1.34,2026-08-06T15:13:53Z
OPTZ,46.79,2026-08-06T16:36:38Z
OPXS,11.96,2026-08-06T15:18:17Z
OPY,114.26,2026-08-06T19:58:52Z
OR,32.15,2026-08-06T19:59:52Z
ORA,107.11,2026-08-06T19:59:38Z
ORBS,0.6655,2026-08-06T19:59:48Z
ORBX,44.245,2026-08-06T15:32:44Z
ORC,6.41,2026-08-06T19:59:55Z
ORCL,143.435,2026-08-06T19:59:58Z
ORCL-D,45.15,2026-08-06T18:35:24Z
ORCU,7.565,2026-08-06T19:59:12Z
ORCX,21.14,2026-08-06T19:59:50Z
ORGO,2.4,2026-08-06T19:59:47Z
ORI,43.45,2026-08-06T19:59:53Z
ORIC,12.91,2026-08-06T19:59:54Z
ORIQ,10.35,2026-08-06T13:30:02Z
ORKA,98.38,2026-08-06T19:59:41Z
ORLY,93.38,2026-08-06T19:59:58Z
ORMP,4.3,2026-08-06T19:59:19Z
ORN,10.11,2026-08-06T19:59:49Z
ORRF,42.97,2026-08-06T19:59:41Z
OSBC,25.78,2026-08-06T19:59:57Z
OSCR,26.54,2026-08-06T19:59:48Z
OSCV,42.96,2026-08-06T15:37:20Z
OSCX,80.81,2026-08-06T19:47:11Z
OSEA,30.755,2026-08-06T19:40:58Z
OSG,5.66,2026-08-06T19:59:45Z
OSIS,236.875,2026-08-06T19:59:20Z
OSK,153.42,2026-08-06T19:59:18Z
OSPN,16.24,2026-08-06T19:59:51Z
OSRH,0.4371,2026-08-06T19:52:27Z
OSS,13.32,2026-08-06T19:59:45Z
OSTX,1.64,2026-08-06T19:59:58Z
OSUR,4,2026-08-06T19:59:56Z
OSW,26.54,2026-08-06T19:59:50Z
OTEX,25.65,2026-08-06T19:59:59Z
OTF,11.325,2026-08-06T19:59:58Z
OTIS,73.835,2026-08-06T19:59:58Z
OTLK,0.9783,2026-08-06T19:59:45Z
OTLY,13.68,2026-08-06T19:59:37Z
OTTR,93.08,2026-08-06T19:55:10Z
OUNZ,40.82,2026-08-06T19:59:48Z
OUSL,22.34,2026-08-06T19:54:54Z
OUSM,49.64,2026-08-06T19:59:51Z
OUST,45.61,2026-08-06T19:59:53Z
OUT,31.165,2026-08-06T19:59:59Z
OVB,20.15,2026-08-06T17:29:46Z
OVBC,43.46,2026-08-06T19:59:04Z
OVF,31.97,2026-08-06T16:30:51Z
OVID,2.66,2026-08-06T19:59:57Z
OVL,57.74,2026-08-06T19:38:47Z
OVLH,42.65,2026-08-06T15:36:07Z
OVLY,33.3,2026-08-06T19:41:23Z
OVM,21.48,2026-08-06T14:02:05Z
OVV,59.86,2026-08-06T19:59:56Z
OWL,11.455,2026-08-06T19:59:58Z
OWLS,5.35,2026-08-06T19:51:47Z
OWLT,5.44,2026-08-06T19:58:20Z
OWNS,17.09,2026-08-06T19:58:57Z
OXBR,1.35,2026-08-06T19:59:09Z
OXBRW,0.09,2026-08-06T19:51:40Z
OXLC,9.155,2026-08-06T19:58:52Z
OXLCM,25.05,2026-08-06T19:56:47Z
OXM,37.39,2026-08-06T19:59:48Z
OXSQ,1.48,2026-08-06T19:59:59Z
OXY,56.05,2026-08-06T19:59:58Z
OZEM,32.705,2026-08-06T16:07:21Z
OZK,51.59,2026-08-06T19:59:50Z
P,87.27,2026-08-06T19:59:58Z
PAA,23.52,2026-08-06T19:59:59Z
PAAA,51.33,2026-08-06T19:59:51Z
PAAS,48.06,2026-08-06T19:59:59Z
PABD,71.2,2026-08-06T14:27:12Z
PABU,78.2,2026-08-06T19:24:54Z
PAC,222.15,2026-08-06T19:41:50Z
PACB,1.165,2026-08-06T19:59:38Z
PACK,5.42,2026-08-06T19:59:49Z
PACS,46.68,2026-08-06T19:59:54Z
PAG,216.29,2026-08-06T19:58:30Z
PAGP,25.37,2026-08-06T19:59:51Z
PAGS,9.36,2026-08-06T19:59:59Z
PAHC,35.505,2026-08-06T19:59:46Z
PAI,11.93,2026-08-06T18:15:48Z
PAL,7.08,2026-08-06T19:59:42Z
PALD,11.03,2026-08-06T18:51:45Z
PALI,2.095,2026-08-06T19:59:58Z
PALL,24.9,2026-08-06T19:59:45Z
PALU,54.68,2026-08-06T19:53:50Z
PAM,82.64,2026-08-06T19:54:40Z
PAMC,55.11,2026-08-06T14:42:06Z
PAMT,14.8,2026-08-06T18:33:54Z
PANG,33.555,2026-08-06T19:53:30Z
PANL,7.435,2026-08-06T19:59:54Z
PANW,359.395,2026-08-06T19:59:55Z
PAPI,27.65,2026-08-06T16:39:54Z
PAR,17.145,2026-08-06T19:59:59Z
PARK,21.59,2026-08-06T18:31:09Z
PARR,68.935,2026-08-06T19:59:52Z
PASG,4.45,2026-08-06T14:14:10Z
PATH,13.995,2026-08-06T19:59:50Z
PATK,86.385,2026-08-06T19:59:46Z
PATN,35.165,2026-08-06T18:05:44Z
PAUG,46.56,2026-08-06T19:53:28Z
PAVE,58.34,2026-08-06T19:59:55Z
PAVS,6.94,2026-08-06T19:59:48Z
PAX,11.22,2026-08-06T19:59:23Z
PAXS,14.28,2026-08-06T19:30:03Z
PAY,40.06,2026-08-06T19:59:50Z
PAYC,216.21,2026-08-06T19:59:56Z
PAYH,25.055,2026-08-06T14:08:18Z
PAYO,7.125,2026-08-06T19:59:58Z
PAYP,15.4,2026-08-06T19:59:51Z
PAYR,55.42,2026-08-06T15:02:27Z
PAYS,12.41,2026-08-06T19:59:57Z
PAYX,120.1,2026-08-06T19:59:49Z
PB,74.07,2026-08-06T19:59:50Z
PBA,48.03,2026-08-06T19:59:51Z
PBD,18.125,2026-08-06T15:14:57Z
PBDC,27.9,2026-08-06T19:35:49Z
PBE,91.1,2026-08-06T16:43:45Z
PBEU,35.705,2026-08-06T17:40:18Z
PBF,61.2,2026-08-06T19:59:54Z
PBFR,31.02,2026-08-06T19:48:31Z
PBH,54.34,2026-08-06T19:59:49Z
PBI,17.955,2026-08-06T19:59:51Z
PBJL,31.77,2026-08-06T18:50:13Z
PBK,0.47,2026-08-06T19:57:36Z
PBLS,35.58,2026-08-06T19:59:54Z
PBM,3.5,2026-08-06T16:56:50Z
PBOG,32.86,2026-08-06T19:08:48Z
PBP,23.31,2026-08-06T18:31:55Z
PBPH,27.37,2026-08-06T17:51:24Z
PBQQ,31.51,2026-08-06T19:34:36Z
PBR,18.53,2026-08-06T19:59:59Z
PBR.A,16.5,2026-08-06T19:59:59Z
PBT,31.38,2026-08-06T19:59:47Z
PBUS,77.04,2026-08-06T19:59:46Z
PBW,33.6,2026-08-06T19:59:27Z
PBYI,8.13,2026-08-06T19:59:48Z
PCAR,132.07,2026-08-06T19:59:56Z
PCB,28.09,2026-08-06T14:38:55Z
PCEF,20.24,2026-08-06T19:49:19Z
PCG,17,2026-08-06T19:59:59Z
PCG-B,20.4,2026-08-06T16:43:59Z
PCLA,6.81,2026-08-06T19:15:05Z
PCLG,23.21,2026-08-06T16:25:55Z
PCM,5.69,2026-08-06T19:12:44Z
PCMM,49.82,2026-08-06T19:51:46Z
PCN,11.8,2026-08-06T19:59:33Z
PCOR,55.7,2026-08-06T19:59:59Z
PCQ,8.785,2026-08-06T19:57:21Z
PCRX,25.58,2026-08-06T19:59:58Z
PCSA,2.33,2026-08-06T19:59:25Z
PCT,6.855,2026-08-06T19:59:56Z
PCTY,151.515,2026-08-06T19:59:58Z
PCVX,58.945,2026-08-06T19:59:59Z
PCY,21.17,2026-08-06T19:59:59Z
PCYO,10.67,2026-08-06T19:56:43Z
PD,11.11,2026-08-06T19:59:48Z
PDBA,36.62,2026-08-06T19:59:50Z
PDBC,17.24,2026-08-06T19:59:57Z
PDC,2.98,2026-08-06T19:41:50Z
PDD,90.84,2026-08-06T19:59:59Z
PDDL,14.97,2026-08-06T16:01:58Z
PDEC,46.74,2026-08-06T14:02:11Z
PDEX,65.52,2026-08-06T19:56:12Z
PDFS,45.7,2026-08-06T19:59:34Z
PDI,16.04,2026-08-06T19:59:45Z
PDLB,20.14,2026-08-06T19:56:18Z
PDM,9.42,2026-08-06T19:59:54Z
PDN,46.69,2026-08-06T19:59:51Z
PDO,13.065,2026-08-06T19:59:41Z
PDP,138.25,2026-08-06T18:16:13Z
PDS,76.82,2026-08-06T19:59:00Z
PDSB,0.737,2026-08-06T15:38:10Z
PDT,12.64,2026-08-06T19:52:52Z
PDX,21.61,2026-08-06T13:58:47Z
PDYN,5.895,2026-08-06T19:59:46Z
PEB,18.46,2026-08-06T19:59:53Z
PEB-E,19.81,2026-08-06T14:20:11Z
PEBO,41.14,2026-08-06T19:59:37Z
PECER,0.3001,2026-08-06T16:46:03Z
PECO,40.73,2026-08-06T19:59:49Z
PED,10.38,2026-08-06T18:23:56Z
PEG,75.005,2026-08-06T19:59:48Z
PEGA,31.665,2026-08-06T19:59:45Z
PEJ,66.59,2026-08-06T19:58:35Z
PEMX,82.95,2026-08-06T19:36:23Z
PEN,324.76,2026-08-06T19:59:40Z
PENG,56.3,2026-08-06T19:59:33Z
PENN,20.15,2026-08-06T19:59:56Z
PEO,26.25,2026-08-06T17:37:00Z
PEP,138.465,2026-08-06T19:59:54Z
PEPG,2.405,2026-08-06T19:59:51Z
PERF,1.915,2026-08-06T19:59:16Z
PERI,9.665,2026-08-06T19:57:09Z
PESI,17.68,2026-08-06T19:55:03Z
PETS,1.97,2026-08-06T19:53:30Z
PETZ,1.655,2026-08-06T17:58:17Z
PEW,2.6,2026-08-06T19:59:52Z
PEXL,71.99,2026-08-06T13:39:21Z
PEY,24.74,2026-08-06T19:59:55Z
PFBC,105.785,2026-08-06T16:40:45Z
PFD,11.35,2026-08-06T19:55:31Z
PFDE,28.63,2026-08-06T16:41:44Z
PFE,26.2,2026-08-06T19:59:59Z
PFF,30.515,2026-08-06T19:59:31Z
PFFA,20.75,2026-08-06T19:59:50Z
PFFD,18.51,2026-08-06T19:59:59Z
PFFL,7.46,2026-08-06T18:18:05Z
PFFR,17.53,2026-08-06T19:55:38Z
PFFV,21.965,2026-08-06T19:52:32Z
PFG,115.38,2026-08-06T19:59:49Z
PFGC,114.585,2026-08-06T19:59:50Z
PFH,15.86,2026-08-06T19:59:18Z
PFIS,70.83,2026-08-06T19:31:42Z
PFIX,50.78,2026-08-06T18:32:24Z
PFL,7.815,2026-08-06T19:57:05Z
PFLA,25.23,2026-08-06T16:56:32Z
PFLD,19.52,2026-08-06T19:52:11Z
PFLT,7.3,2026-08-06T19:59:54Z
PFM,57.4,2026-08-06T15:48:15Z
PFN,7.1,2026-08-06T19:59:34Z
PFO,9.09,2026-08-06T19:37:11Z
PFRL,49.58,2026-08-06T19:51:38Z
PFS,24.75,2026-08-06T19:59:57Z
PFSA,0.9501,2026-08-06T18:15:48Z
PFSI,77.025,2026-08-06T19:59:41Z
PFXF,17.86,2026-08-06T19:59:56Z
PG,146.975,2026-08-06T19:59:57Z
PGC,45.985,2026-08-06T19:59:49Z
PGEN,6.9,2026-08-06T19:59:57Z
PGF,13.525,2026-08-06T19:58:47Z
PGHY,19.69,2026-08-06T19:59:01Z
PGJ,25.34,2026-08-06T15:08:22Z
PGNY,30.2,2026-08-06T19:59:58Z
PGP,8.645,2026-08-06T19:40:00Z
PGR,215.335,2026-08-06T19:59:58Z
PGX,10.69,2026-08-06T19:59:59Z
PGY,21.415,2026-08-06T19:59:56Z
PH,1070.03,2026-08-06T19:59:58Z
PHAT,8.39,2026-08-06T19:59:59Z
PHG,26.34,2026-08-06T19:59:57Z
PHGE,0.1574,2026-08-06T19:57:49Z
PHI,19.98,2026-08-06T19:59:50Z
PHIN,75.095,2026-08-06T19:56:55Z
PHIO,1.075,2026-08-06T19:59:24Z
PHK,4.69,2026-08-06T19:59:51Z
PHM,129.58,2026-08-06T19:59:55Z
PHO,72.78,2026-08-06T19:59:50Z
PHR,11.42,2026-08-06T19:59:57Z
PHUN,2.18,2026-08-06T19:58:57Z
PHVS,34.3,2026-08-06T19:59:48Z
PHYL,34.715,2026-08-06T19:59:46Z
PHYS,32.22,2026-08-06T19:59:30Z
PI,172.215,2026-08-06T19:59:51Z
PICB,23.21,2026-08-06T14:50:16Z
PICK,62.26,2026-08-06T19:59:52Z
PICS,13.09,2026-08-06T19:59:03Z
PID,23.005,2026-08-06T19:59:55Z
PIE,32.46,2026-08-06T15:07:10Z
PIEQ,36.34,2026-08-06T13:31:54Z
PIFI,93.12,2026-08-06T19:56:45Z
PII,70.01,2026-08-06T19:59:49Z
PIII,10.73,2026-08-06T17:43:40Z
PINE,19.96,2026-08-06T19:59:34Z
PINE-A,25.24,2026-08-06T18:56:51Z
PINK,39.35,2026-08-06T14:33:24Z
PINS,23.34,2026-08-06T19:59:59Z
PIO,46.4,2026-08-06T15:52:43Z
PIPR,74.39,2026-08-06T19:59:49Z
PIZ,53.59,2026-08-06T19:54:13Z
PJAN,50.31,2026-08-06T19:38:16Z
PJP,124.23,2026-08-06T18:49:55Z
PJT,172.74,2026-08-06T19:59:47Z
PJUL,49.63,2026-08-06T16:59:15Z
PK,14.35,2026-08-06T19:59:54Z
PKB,105.81,2026-08-06T14:32:26Z
PKBK,34.255,2026-08-06T19:59:45Z
PKE,37.215,2026-08-06T19:59:50Z
PKG,252.63,2026-08-06T19:59:57Z
PKOH,46.51,2026-08-06T19:35:30Z
PKW,149.02,2026-08-06T14:32:27Z
PKX,56.155,2026-08-06T19:59:39Z
PL,22.735,2026-08-06T19:59:49Z
PLAB,31.895,2026-08-06T19:59:39Z
PLAG,0.5965,2026-08-06T16:26:20Z
PLAY,10.105,2026-08-06T19:59:59Z
PLBC,60.91,2026-08-06T17:24:07Z
PLBL,5.99,2026-08-06T19:13:39Z
PLBY,1.17,2026-08-06T19:59:54Z
PLCE,2.65,2026-08-06T19:24:44Z
PLD,139.16,2026-08-06T19:59:50Z
PLG,1.475,2026-08-06T19:59:33Z
PLGO,25.48,2026-08-06T19:58:55Z
PLMR,136.84,2026-08-06T19:59:47Z
PLNT,51.18,2026-08-06T19:59:57Z
PLOW,44.935,2026-08-06T19:59:51Z
PLPC,460.17,2026-08-06T19:59:25Z
PLRX,1.045,2026-08-06T19:59:46Z
PLRZ,11.57,2026-08-06T14:19:20Z
PLSE,38,2026-08-06T19:59:53Z
PLSM,3.35,2026-08-06T15:27:25Z
PLTA,15.55,2026-08-06T16:38:25Z
PLTD,5.945,2026-08-06T19:59:41Z
PLTG,14.64,2026-08-06T19:55:05Z
PLTK,3.31,2026-08-06T19:59:47Z
PLTM,16.59,2026-08-06T19:59:59Z
PLTR,155.945,2026-08-06T19:59:59Z
PLTU,41.185,2026-08-06T19:59:45Z
PLTW,21.97,2026-08-06T17:57:24Z
PLTY,34.99,2026-08-06T17:24:41Z
PLTZ,12.85,2026-08-06T19:57:56Z
PLU,9.83,2026-08-06T18:21:28Z
PLUG,2.06,2026-08-06T19:59:55Z
PLUL,7.3,2026-08-06T19:00:03Z
PLUS,90.16,2026-08-06T19:59:45Z
PLX,2.445,2026-08-06T19:59:59Z
PLXS,268.53,2026-08-06T19:59:23Z
PLYX,2.15,2026-08-06T16:21:34Z
PM,188.09,2026-08-06T19:59:48Z
PMA,1.34,2026-08-06T19:57:04Z
PMAR,48.535,2026-08-06T19:12:27Z
PMAU,26.91,2026-08-06T19:09:21Z
PMAY,42.01,2026-08-06T17:57:46Z
PMBS,48.525,2026-08-06T17:52:58Z
PMCB,0.5802,2026-08-06T15:56:32Z
PMI,3.505,2026-08-06T19:59:14Z
PML,7.34,2026-08-06T19:57:42Z
PMM,6.29,2026-08-06T18:44:05Z
PMMF,100.28,2026-08-06T19:39:19Z
PMN,13.5,2026-08-06T19:37:26Z
PMO,10.29,2026-08-06T19:52:08Z
PMT,9.34,2026-08-06T19:59:53Z
PMT-B,22.57,2026-08-06T14:22:28Z
PMT-C,18.17,2026-08-06T16:23:11Z
PMTS,24.435,2026-08-06T19:58:57Z
PMVP,1.18,2026-08-06T19:57:07Z
PN,8.115,2026-08-06T19:58:54Z
PNBK,1.13,2026-08-06T19:59:58Z
PNC,252.51,2026-08-06T19:58:58Z
PNFP,106.445,2026-08-06T19:59:49Z
PNI,6.85,2026-08-06T19:56:48Z
PNNT,3.625,2026-08-06T19:59:32Z
PNOV,45.16,2026-08-06T16:37:04Z
PNQI,50.82,2026-08-06T19:58:31Z
PNR,69.89,2026-08-06T19:59:46Z
PNRG,184.145,2026-08-06T19:27:52Z
PNTG,38.985,2026-08-06T19:59:05Z
PNW,100.83,2026-08-06T19:59:49Z
POAS,0.194,2026-08-06T19:15:20Z
POCI,4.24,2026-08-06T19:56:22Z
POCT,47.13,2026-08-06T19:58:45Z
PODC,3.52,2026-08-06T14:06:33Z
PODD,139.2,2026-08-06T19:59:52Z
POEL,11.75,2026-08-06T19:28:43Z
POET,8.51,2026-08-06T19:59:59Z
POLA,1.88,2026-08-06T19:59:50Z
POM,0.75,2026-08-06T19:24:54Z
PONOR,0.2897,2026-08-06T19:22:16Z
PONY,7.79,2026-08-06T19:59:58Z
POOL,200.915,2026-08-06T19:59:23Z
POR,48.57,2026-08-06T19:59:49Z
POST,90.21,2026-08-06T19:59:42Z
POWI,58.97,2026-08-06T19:59:47Z
POWL,207.255,2026-08-06T19:59:53Z
POWR,26.38,2026-08-06T19:59:55Z
POWW,2.165,2026-08-06T19:59:31Z
PPA,181.73,2026-08-06T19:57:04Z
PPBT,1.41,2026-08-06T19:58:01Z
PPC,27.56,2026-08-06T19:59:55Z
PPCB,1.37,2026-08-06T19:59:44Z
PPG,117.145,2026-08-06T19:59:50Z
PPH,110.49,2026-08-06T19:57:03Z
PPHC,11.255,2026-08-06T19:59:54Z
PPI,21.29,2026-08-06T19:59:46Z
PPIH,25.94,2026-08-06T19:50:02Z
PPL,34.64,2026-08-06T19:59:56Z
PPLI,42.93,2026-08-06T19:59:56Z
PPLT,15.66,2026-08-06T19:59:51Z
PPSI,3.03,2026-08-06T19:59:50Z
PPT,3.44,2026-08-06T19:57:39Z
PPTA,22.815,2026-08-06T19:59:54Z
PPTY,33.965,2026-08-06T19:58:11Z
PQJL,30.76,2026-08-06T19:30:08Z
PR,20.295,2026-08-06T19:59:59Z
PRAA,18.16,2026-08-06T19:59:55Z
PRAX,369.36,2026-08-06T19:59:53Z
PRAY,35.64,2026-08-06T16:26:16Z
PRCH,15.435,2026-08-06T19:59:50Z
PRCS,29.64,2026-08-06T19:56:27Z
PRCT,20.04,2026-08-06T19:59:55Z
PRDO,32.49,2026-08-06T19:59:50Z
PRE,17.99,2026-08-06T19:59:52Z
PREF,18.835,2026-08-06T19:54:59Z
PRF,55.66,2026-08-06T19:59:58Z
PRFD,50.58,2026-08-06T19:50:51Z
PRFZ,55.21,2026-08-06T19:59:46Z
PRG,43.49,2026-08-06T19:59:34Z
PRGO,12.54,2026-08-06T19:59:54Z
PRGS,41.82,2026-08-06T19:59:58Z
PRH,22.18,2026-08-06T18:42:26Z
PRI,326.34,2026-08-06T19:59:50Z
PRIM,80.24,2026-08-06T19:59:52Z
PRK,205.84,2026-08-06T19:52:03Z
PRKS,44.3,2026-08-06T19:59:31Z
PRLB,87.82,2026-08-06T19:54:56Z
PRLD,4.665,2026-08-06T19:59:39Z
PRM,37.32,2026-08-06T19:59:49Z
PRMB,23.91,2026-08-06T19:59:59Z
PRME,2.925,2026-08-06T19:59:59Z
PRMR,28.575,2026-08-06T15:52:04Z
PRN,221.03,2026-08-06T19:54:11Z
PROF,7.965,2026-08-06T19:59:06Z
PROK,1.64,2026-08-06T19:57:59Z
PROP,0.7487,2026-08-06T19:57:53Z
PROV,18.05,2026-08-06T17:42:53Z
PRPO,23.44,2026-08-06T19:53:10Z
PRQR,1.89,2026-08-06T19:59:56Z
PRS,21.13,2026-08-06T19:21:32Z
PRSD,24.91,2026-08-06T17:50:55Z
PRSO,0.7127,2026-08-06T18:46:28Z
PRSU,47.66,2026-08-06T19:59:57Z
PRTA,8.58,2026-08-06T19:59:50Z
PRTH,5.365,2026-08-06T19:59:57Z
PRTS,5.72,2026-08-06T19:07:06Z
PRU,121.465,2026-08-06T19:59:59Z
PRVA,22.005,2026-08-06T19:59:58Z
PRVS,33.42,2026-08-06T13:42:52Z
PRXG,40.37,2026-08-06T13:36:27Z
PRXV,36.02,2026-08-06T13:43:14Z
PRZO,0.5417,2026-08-06T19:59:56Z
PS,37.6,2026-08-06T19:59:55Z
PSA,327.055,2026-08-06T19:59:48Z
PSA-G,19.67,2026-08-06T19:59:11Z
PSA-H,21.36,2026-08-06T18:04:27Z
PSA-K,18.51,2026-08-06T13:59:00Z
PSA-L,17.63,2026-08-06T16:41:42Z
PSA-M,15.775,2026-08-06T15:53:14Z
PSA-O,14.915,2026-08-06T19:59:14Z
PSA-P,15.25,2026-08-06T19:59:31Z
PSBD,10.48,2026-08-06T19:59:45Z
PSC,69.31,2026-08-06T19:34:54Z
PSCC,37.22,2026-08-06T18:49:25Z
PSCE,57.34,2026-08-06T16:46:25Z
PSCQ,31.77,2026-08-06T15:41:01Z
PSCT,81.54,2026-08-06T19:59:42Z
PSEC,2.205,2026-08-06T19:59:54Z
PSEP,46.62,2026-08-06T19:59:51Z
PSET,80.78,2026-08-06T19:07:38Z
PSF,19.55,2026-08-06T19:49:53Z
PSFE,7.52,2026-08-06T19:59:15Z
PSFJ,35.91,2026-08-06T13:42:14Z
PSHG,1.775,2026-08-06T15:36:45Z
PSI,144.99,2026-08-06T19:58:34Z
PSIL,24.92,2026-08-06T19:05:06Z
PSIX,32.915,2026-08-06T19:52:36Z
PSK,29.9,2026-08-06T19:59:51Z
PSKY,9.07,2026-08-06T19:59:58Z
PSLV,20.16,2026-08-06T19:59:53Z
PSMJ,34.4,2026-08-06T19:32:08Z
PSMT,177.96,2026-08-06T19:59:40Z
PSN,47.9,2026-08-06T19:59:53Z
PSNL,13.02,2026-08-06T19:59:59Z
PSNY,13.91,2026-08-06T19:59:51Z
PSO,16.57,2026-08-06T19:59:55Z
PSQ,25.8,2026-08-06T19:59:26Z
PSQA,20.64,2026-08-06T17:19:15Z
PSQH,4.3,2026-08-06T19:59:43Z
PSQO,20.76,2026-08-06T18:44:01Z
PST,23.36,2026-08-06T15:10:39Z
PSTL,22.725,2026-08-06T19:58:41Z
PSUS,37.83,2026-08-06T19:59:44Z
PSX,205.51,2026-08-06T19:59:57Z
PTA,18.98,2026-08-06T19:06:45Z
PTC,147.66,2026-08-06T19:59:51Z
PTCT,70.83,2026-08-06T19:59:49Z
PTEN,10.045,2026-08-06T19:59:56Z
PTF,106.25,2026-08-06T19:50:00Z
PTGX,146.335,2026-08-06T19:59:54Z
PTH,58.955,2026-08-06T19:29:17Z
PTHS,29.245,2026-08-06T19:58:53Z
PTIN,36.98,2026-08-06T16:28:45Z
PTIR,15.375,2026-08-06T19:59:31Z
PTL,285.75,2026-08-06T13:35:28Z
PTLC,59.945,2026-08-06T18:54:51Z
PTLE,9.9,2026-08-06T18:03:24Z
PTLO,4.37,2026-08-06T19:59:54Z
PTMC,41.72,2026-08-06T18:16:13Z
PTNQ,86.215,2026-08-06T18:16:06Z
PTON,5.505,2026-08-06T19:59:55Z
PTRB,40.91,2026-08-06T19:34:49Z
PTRN,22.09,2026-08-06T19:59:55Z
PTY,11.825,2026-08-06T19:58:34Z
PUBM,13.46,2026-08-06T19:59:55Z
PUK,27.89,2026-08-06T19:59:55Z
PULS,49.575,2026-08-06T19:57:23Z
PUMP,10.94,2026-08-06T19:59:47Z
PURR,6.67,2026-08-06T19:59:56Z
PUSA,3.06,2026-08-06T19:58:43Z
PVAL,54.125,2026-08-06T19:59:50Z
PVEX,31.32,2026-08-06T19:59:50Z
PVH,86.56,2026-08-06T19:59:49Z
PVLA,154.785,2026-08-06T19:59:51Z
PWB,159.91,2026-08-06T18:16:05Z
PWCM,1.56,2026-08-06T19:59:08Z
PWP,17.055,2026-08-06T19:59:57Z
PWR,667.155,2026-08-06T19:59:50Z
PWRD,112.475,2026-08-06T19:32:29Z
PWRL,10.94,2026-08-06T19:44:12Z
PWV,79.87,2026-08-06T19:59:50Z
PWZ,24.05,2026-08-06T19:49:59Z
PXED,28.38,2026-08-06T19:59:30Z
PXF,78.145,2026-08-06T19:59:57Z
PXH,29.13,2026-08-06T19:59:31Z
PXS,4.85,2026-08-06T19:37:53Z
PYLD,26.145,2026-08-06T19:54:20Z
PYPD,4.83,2026-08-06T19:59:36Z
PYPG,9.4,2026-08-06T19:59:51Z
PYPL,59.78,2026-08-06T19:59:59Z
PYPY,30.26,2026-08-06T17:58:15Z
PYXS,3.75,2026-08-06T19:59:52Z
PYZ,126.57,2026-08-06T17:00:26Z
PZA,22.98,2026-08-06T19:59:51Z
PZG,1.38,2026-08-06T19:59:12Z
PZZA,24.69,2026-08-06T19:59:53Z
Q,133.38,2026-08-06T19:59:52Z
QABA,69.28,2026-08-06T19:59:50Z
QAI,36.37,2026-08-06T19:53:26Z
QALT,26.47,2026-08-06T14:54:50Z
QBER,23.805,2026-08-06T17:45:16Z
QBSV,27.19,2026-08-06T16:45:01Z
QBTS,19.405,2026-08-06T19:59:58Z
QBTX,8.58,2026-08-06T19:59:21Z
QBTZ,3.46,2026-08-06T19:59:47Z
QBUF,30.69,2026-08-06T16:26:56Z
QCLN,51.59,2026-08-06T19:57:05Z
QCLS,2.81,2026-08-06T19:57:55Z
QCMD,18.6,2026-08-06T18:16:13Z
QCML,14.41,2026-08-06T19:58:34Z
QCMU,18.03,2026-08-06T19:51:50Z
QCOM,160.37,2026-08-06T19:59:57Z
QCRH,104.32,2026-08-06T19:59:41Z
QDEC,35.78,2026-08-06T17:04:00Z
QDEF,90.75,2026-08-06T19:59:51Z
QDEL,16.335,2026-08-06T19:59:56Z
QDF,92.92,2026-08-06T18:16:06Z
QDPL,46.52,2026-08-06T19:24:52Z
QDTE,29.35,2026-08-06T19:58:05Z
QDTY,39.27,2026-08-06T16:12:29Z
QDVO,29.92,2026-08-06T19:59:54Z
QEFA,100.52,2026-08-06T17:35:06Z
QETH,19.01,2026-08-06T14:11:37Z
QEW,29.78,2026-08-06T17:23:07Z
QFF,25.41,2026-08-06T19:50:00Z
QFIN,13.01,2026-08-06T19:59:47Z
QGEN,41.72,2026-08-06T19:59:58Z
QGRD,29.45,2026-08-06T19:49:22Z
QGRO,117,2026-08-06T16:24:34Z
QGRW,67.83,2026-08-06T19:55:00Z
QID,14.27,2026-08-06T19:59:39Z
QINT,72.205,2026-08-06T19:45:42Z
QJUN,33.285,2026-08-06T19:02:27Z
QLD,90.255,2026-08-06T19:58:56Z
QLDY,42.33,2026-08-06T19:59:33Z
QLEP+,0.14,2026-08-06T15:18:20Z
QLTA,46.535,2026-08-06T19:59:46Z
QLTI,27.845,2026-08-06T16:42:44Z
QLTY,42.84,2026-08-06T19:59:56Z
QLV,79.2,2026-08-06T15:36:05Z
QLYS,181.81,2026-08-06T19:59:41Z
QMAR,37.445,2026-08-06T18:34:19Z
QMCO,11.65,2026-08-06T19:58:06Z
QMLS,6.045,2026-08-06T19:56:40Z
QMMY,26.33,2026-08-06T18:47:23Z
QNC,2.16,2026-08-06T19:59:37Z
QNCX,29.685,2026-08-06T19:59:53Z
QNDX,24.25,2026-08-06T18:32:40Z
QNME,0.4818,2026-08-06T19:59:56Z
QNRX,4.49,2026-08-06T16:15:12Z
QNST,15.2,2026-08-06T19:59:52Z
QNT,58.905,2026-08-06T19:59:47Z
QNTM,3.21,2026-08-06T19:59:10Z
QPUX,17.69,2026-08-06T17:51:00Z
QQA,56.14,2026-08-06T19:59:59Z
QQEW,159.36,2026-08-06T19:57:08Z
QQH,84.15,2026-08-06T19:55:00Z
QQQ,714.7,2026-08-06T19:59:58Z
QQQA,71.395,2026-08-06T18:45:31Z
QQQE,119.935,2026-08-06T19:59:41Z
QQQG,30.23,2026-08-06T19:59:55Z
QQQH,54.57,2026-08-06T19:59:33Z
QQQI,54.75,2026-08-06T19:59:30Z
QQQJ,45.115,2026-08-06T19:47:53Z
QQQM,294.12,2026-08-06T19:59:53Z
QQQS,43.44,2026-08-06T16:54:12Z
QQQT,17.98,2026-08-06T19:09:01Z
QQQX,30.34,2026-08-06T17:05:32Z
QQQY,22.67,2026-08-06T19:59:50Z
QRHC,1.265,2026-08-06T19:59:59Z
QRVO,95.34,2026-08-06T19:59:50Z
QS,5.55,2026-08-06T19:59:55Z
QSI,0.7591,2026-08-06T19:59:56Z
QSOL,7.31,2026-08-06T18:59:29Z
QSPT,35.115,2026-08-06T14:01:40Z
QSR,72.95,2026-08-06T19:59:56Z
QSU,6.3,2026-08-06T19:59:50Z
QTEC,311.49,2026-08-06T19:53:28Z
QTEX,1.05,2026-08-06T19:55:18Z
QTI,2.71,2026-08-06T19:59:13Z
QTJL,41.62,2026-08-06T18:41:53Z
QTOP,37.445,2026-08-06T19:59:57Z
QTPI,25.46,2026-08-06T16:23:19Z
QTR,34.06,2026-08-06T19:59:50Z
QTRX,3.82,2026-08-06T19:59:51Z
QTTB,16.21,2026-08-06T19:59:43Z
QTUM,149.1,2026-08-06T19:59:39Z
QTUP,17.61,2026-08-06T14:24:16Z
QTWO,63.38,2026-08-06T19:59:46Z
QUAD,10,2026-08-06T19:59:56Z
QUAL,224.68,2026-08-06T19:53:28Z
QUBT,8.78,2026-08-06T19:59:56Z
QUBX,8.06,2026-08-06T14:03:35Z
QUCY,1.39,2026-08-06T19:59:50Z
QUIK,13.86,2026-08-06T19:59:39Z
QUIZ,29.68,2026-08-06T14:57:38Z
QUMS,10.29,2026-08-06T17:39:12Z
QURE,45.45,2026-08-06T19:59:57Z
QUS,193.52,2026-08-06T14:32:27Z
QXL,4.54,2026-08-06T13:42:27Z
QXO,15.19,2026-08-06T19:59:56Z
QXO-B,44.86,2026-08-06T19:40:47Z
QYLD,18.075,2026-08-06T19:53:34Z
QYLG,29.52,2026-08-06T15:57:41Z
R,262.42,2026-08-06T19:58:50Z
RA,12.79,2026-08-06T19:59:45Z
RAA,29.82,2026-08-06T19:59:45Z
RAAX,40.13,2026-08-06T19:53:36Z
RACC,24.62,2026-08-06T19:56:47Z
RACE,407.06,2026-08-06T19:59:27Z
RACK,48.62,2026-08-06T18:17:31Z
RAFE,49.41,2026-08-06T19:59:50Z
RAIL,7.73,2026-08-06T19:59:53Z
RAIN,1.23,2026-08-06T19:48:15Z
RAL,65.96,2026-08-06T19:59:59Z
RAM,10.705,2026-08-06T19:59:59Z
RAMP,37.825,2026-08-06T19:59:56Z
RAMZ,21.95,2026-08-06T19:26:02Z
RANI,0.7821,2026-08-06T19:59:32Z
RAPP,46.4,2026-08-06T19:59:42Z
RARE,25.83,2026-08-06T19:59:52Z
RAVE,3.02,2026-08-06T14:39:32Z
RAVI,75.2,2026-08-06T19:59:51Z
RBA,92.66,2026-08-06T19:59:59Z
RBB,26.82,2026-08-06T19:56:27Z
RBBN,2.09,2026-08-06T19:59:52Z
RBC,566.7,2026-08-06T19:59:58Z
RBCAA,99.67,2026-08-06T19:55:21Z
RBIL,49.9,2026-08-06T16:01:16Z
RBKB,12.54,2026-08-06T19:59:53Z
RBLD,88.11,2026-08-06T19:59:51Z
RBLU,3.25,2026-08-06T19:59:13Z
RBLX,36.05,2026-08-06T19:59:56Z
RBLY,8.93,2026-08-06T13:48:08Z
RBNE,2.45,2026-08-06T19:00:23Z
RBRK,84.595,2026-08-06T19:59:49Z
RC,1.555,2026-08-06T19:59:47Z
RCAT,8.68,2026-08-06T19:59:59Z
RCAX,3.5,2026-08-06T19:59:50Z
RCBC,46.8,2026-08-06T19:59:50Z
RCEL,4.73,2026-08-06T19:59:50Z
RCI,34.57,2026-08-06T19:59:49Z
RCKT,3.53,2026-08-06T19:59:40Z
RCKY,49.62,2026-08-06T19:58:32Z
RCL,320.46,2026-08-06T19:59:53Z
RCMT,28.6,2026-08-06T19:58:21Z
RCON,0.0413,2026-08-06T19:59:20Z
RCS,5.27,2026-08-06T19:44:31Z
RCT,0.2033,2026-08-06T17:26:42Z
RCTR,33.91,2026-08-06T19:50:01Z
RCUS,28.36,2026-08-06T19:59:49Z
RDCM,10,2026-08-06T19:59:06Z
RDDT,150.84,2026-08-06T19:59:54Z
RDFI,23.36,2026-08-06T15:13:46Z
RDGT,0.7939,2026-08-06T19:56:59Z
RDIV,62.36,2026-08-06T19:59:52Z
RDN,36.29,2026-08-06T19:59:54Z
RDNT,68.035,2026-08-06T19:59:41Z
RDNW,6.81,2026-08-06T19:59:55Z
RDTE,28.55,2026-08-06T19:59:46Z
RDTL,13.805,2026-08-06T19:57:27Z
RDVI,29.82,2026-08-06T19:59:55Z
RDVT,67.1,2026-08-06T19:59:53Z
RDVY,83.2,2026-08-06T19:59:51Z
RDW,11.83,2026-08-06T19:59:59Z
RDWR,27.92,2026-08-06T19:59:35Z
RDWU,8.17,2026-08-06T19:59:47Z
RDY,12.11,2026-08-06T19:59:59Z
RDYY,16.04,2026-08-06T19:21:53Z
RDZN,1.245,2026-08-06T19:59:09Z
REA,12.41,2026-08-06T19:57:45Z
REAL,12.74,2026-08-06T19:59:54Z
REAX,1.975,2026-08-06T19:59:53Z
REBN,1.36,2026-08-06T19:58:50Z
RECS,44.92,2026-08-06T19:59:46Z
RECT,1.15,2026-08-06T19:53:27Z
REED,0.8,2026-08-06T19:59:26Z
REET,28.1,2026-08-06T19:59:58Z
REF,16.03,2026-08-06T19:59:48Z
REFI,10.08,2026-08-06T19:55:12Z
REFR,0.4675,2026-08-06T18:36:28Z
REG,76.915,2026-08-06T19:59:55Z
REGCO,21.88,2026-08-06T13:58:37Z
REGL,95.22,2026-08-06T15:13:13Z
REGN,771.92,2026-08-06T19:59:50Z
REGS,11.59,2026-08-06T16:15:50Z
REI,1.275,2026-08-06T19:59:56Z
REIT,30.59,2026-08-06T17:48:57Z
REKR,0.6497,2026-08-06T19:59:17Z
RELL,20.73,2026-08-06T19:59:46Z
RELX,35.75,2026-08-06T19:59:49Z
RELY,25.98,2026-08-06T19:59:55Z
REM,21.52,2026-08-06T19:58:36Z
REMX,73.35,2026-08-06T19:59:35Z
RENT,3.595,2026-08-06T19:59:54Z
RENX,1.95,2026-08-06T19:50:13Z
REPL,12.845,2026-08-06T19:59:59Z
REPX,34,2026-08-06T19:59:50Z
RERE,4.43,2026-08-06T19:59:55Z
RES,5.875,2026-08-06T19:59:19Z
RETL,9.545,2026-08-06T19:59:44Z
REW,11.57,2026-08-06T18:16:13Z
REX,43.64,2026-08-06T19:52:08Z
REXC,17.59,2026-08-06T19:51:58Z
REXR,36.51,2026-08-06T19:59:55Z
REYN,26.285,2026-08-06T19:59:49Z
REZ,95.97,2026-08-06T19:59:50Z
REZI,26.08,2026-08-06T19:59:33Z
RF,31.41,2026-08-06T19:59:58Z
RF-C,23.96,2026-08-06T19:18:56Z
RFCI,22.04,2026-08-06T18:37:41Z
RFDA,72.76,2026-08-06T16:49:14Z
RFDI,91.27,2026-08-06T15:34:38Z
RFI,11.48,2026-08-06T15:10:59Z
RFIL,13.06,2026-08-06T19:58:40Z
RFIX,36.83,2026-08-06T19:50:32Z
RFL,2,2026-08-06T19:59:26Z
RFMZ,13.11,2026-08-06T19:56:40Z
RGA,236.14,2026-08-06T19:59:38Z
RGC,5.43,2026-08-06T19:59:51Z
RGEN,159.43,2026-08-06T19:59:50Z
RGLD,218.145,2026-08-06T19:59:48Z
RGLO,33.73,2026-08-06T15:22:32Z
RGNT,2,2026-08-06T19:55:45Z
RGNX,11.275,2026-08-06T19:59:50Z
RGP,4.185,2026-08-06T19:59:59Z
RGR,37.85,2026-08-06T19:57:46Z
RGTI,16.56,2026-08-06T19:59:58Z
RGTIW,6.74,2026-08-06T19:45:55Z
RGTX,11.835,2026-08-06T19:56:09Z
RGTZ,3.64,2026-08-06T19:59:02Z
RH,187.715,2026-08-06T19:58:45Z
RHI,40.65,2026-08-06T19:59:50Z
RHLD,128.85,2026-08-06T19:59:14Z
RHP,124.95,2026-08-06T19:59:45Z
RICK,26.24,2026-08-06T15:44:19Z
RIET,9.525,2026-08-06T15:36:36Z
RIG,5.155,2026-08-06T19:59:56Z
RIGL,39.145,2026-08-06T19:59:58Z
RILY,7.24,2026-08-06T19:59:56Z
RILYL,13.74,2026-08-06T13:54:44Z
RILYZ,19.18,2026-08-06T19:53:25Z
RING,72.285,2026-08-06T19:57:51Z
RINT,33.03,2026-08-06T15:22:29Z
RIO,99.645,2026-08-06T19:59:54Z
RIOT,21.205,2026-08-06T19:59:58Z
RIOX,29.845,2026-08-06T19:56:27Z
RISN,31.38,2026-08-06T19:55:00Z
RISR,36.56,2026-08-06T19:31:32Z
RITA,21.85,2026-08-06T13:31:47Z
RITM,9.95,2026-08-06T19:59:55Z
RITM-B,25.16,2026-08-06T18:07:44Z
RITM-D,25,2026-08-06T18:06:15Z
RITM-E,24.43,2026-08-06T18:23:59Z
RITM-F,24.47,2026-08-06T17:47:06Z
RITR,0.1935,2026-08-06T19:55:40Z
RIV,11.475,2026-08-06T19:59:48Z
RIVN,15.39,2026-08-06T19:59:59Z
RJCA,72.66,2026-08-06T15:27:25Z
RJET,21.32,2026-08-06T19:59:50Z
RJF,179.37,2026-08-06T19:59:36Z
RKDA,0.7326,2026-08-06T14:20:03Z
RKLB,75.7,2026-08-06T19:59:56Z
RKLX,21.95,2026-08-06T19:59:59Z
RKLZ,3.415,2026-08-06T19:55:00Z
RKT,13.24,2026-08-06T19:59:59Z
RKTL,8.64,2026-08-06T19:22:26Z
RKTO,0.7914,2026-08-06T19:58:24Z
RL,395.97,2026-08-06T19:59:54Z
RLAY,19.71,2026-08-06T19:59:59Z
RLGT,8.44,2026-08-06T19:59:49Z
RLI,64.4,2026-08-06T19:59:52Z
RLJ,11.92,2026-08-06T19:59:50Z
RLMD,5.37,2026-08-06T19:59:54Z
RLTY,15.745,2026-08-06T19:57:32Z
RLX,1.995,2026-08-06T19:59:56Z
RLYB,16.07,2026-08-06T19:29:13Z
RM,33.13,2026-08-06T19:56:06Z
RMAX,10.77,2026-08-06T19:59:13Z
RMBC,13.28,2026-08-06T19:46:04Z
RMBI,15.93,2026-08-06T19:46:07Z
RMBS,97.66,2026-08-06T19:59:59Z
RMCF,0.84,2026-08-06T17:18:33Z
RMCO,2.4,2026-08-06T18:27:09Z
RMD,223.41,2026-08-06T19:59:59Z
RMI,15.76,2026-08-06T18:37:50Z
RMIX,18.22,2026-08-06T19:54:30Z
RMNI,4.96,2026-08-06T19:59:52Z
RMOP,25.125,2026-08-06T19:50:08Z
RMR,18.74,2026-08-06T19:59:59Z
RMSG,0.395,2026-08-06T18:32:49Z
RMT,14.05,2026-08-06T19:58:10Z
RMTI,7.36,2026-08-06T17:42:03Z
RNA,12.12,2026-08-06T19:59:38Z
RNAC,8.76,2026-08-06T19:59:39Z
RNG,61.92,2026-08-06T19:59:53Z
RNGR,16.01,2026-08-06T19:59:55Z
RNIN,36.03,2026-08-06T19:52:36Z
RNP,20.4,2026-08-06T19:59:58Z
RNR,323.49,2026-08-06T19:59:53Z
RNR-G,15.17,2026-08-06T19:51:53Z
RNST,43.3,2026-08-06T19:59:49Z
RNTX,0.7756,2026-08-06T19:59:24Z
RNW,6.21,2026-08-06T19:59:59Z
RNXT,1.145,2026-08-06T19:58:46Z
ROAD,100.01,2026-08-06T19:59:59Z
ROAM,35.19,2026-08-06T17:05:30Z
ROBN,23.175,2026-08-06T19:50:00Z
ROBO,83.32,2026-08-06T18:58:45Z
ROBT,57.595,2026-08-06T19:59:02Z
ROCK,50.73,2026-08-06T19:59:45Z
ROCQ,55.69,2026-08-06T19:59:45Z
ROCY,55.34,2026-08-06T16:58:57Z
RODM,41.96,2026-08-06T19:53:31Z
ROE,43.68,2026-08-06T14:32:26Z
ROG,133.75,2026-08-06T19:59:50Z
ROIV,35.095,2026-08-06T19:59:54Z
ROK,441.67,2026-08-06T19:59:57Z
ROKU,150.08,2026-08-06T19:59:57Z
ROL,36.82,2026-08-06T19:59:55Z
ROLR,6.305,2026-08-06T19:58:05Z
ROM,144.875,2026-08-06T19:57:23Z
RONB,21.64,2026-08-06T19:55:54Z
ROOT,50.39,2026-08-06T19:59:49Z
ROP,397.055,2026-08-06T19:59:57Z
ROSC,56.67,2026-08-06T18:10:26Z
ROST,254.42,2026-08-06T19:59:50Z
ROUS,67.86,2026-08-06T19:59:51Z
RPAR,22.1,2026-08-06T17:50:08Z
RPAY,3.98,2026-08-06T19:59:59Z
RPC,8.8,2026-08-06T19:59:41Z
RPD,10.37,2026-08-06T19:59:56Z
RPG,57.93,2026-08-06T19:59:48Z
RPGL,1.885,2026-08-06T19:00:00Z
RPID,2.08,2026-08-06T19:59:56Z
RPM,115.64,2026-08-06T19:59:53Z
RPRX,57.23,2026-08-06T19:59:47Z
RPT,12.12,2026-08-06T19:59:47Z
RPV,119.725,2026-08-06T19:59:45Z
RQI,12.515,2026-08-06T19:59:51Z
RR,1.53,2026-08-06T19:59:54Z
RRBI,100.4,2026-08-06T19:36:10Z
RRC,38.59,2026-08-06T19:59:59Z
RRGB,8.415,2026-08-06T19:59:36Z
RRR,62.87,2026-08-06T19:59:58Z
RRX,179.01,2026-08-06T19:59:57Z
RS,417.705,2026-08-06T19:59:48Z
RSBA,20.78,2026-08-06T15:11:53Z
RSBT,18.755,2026-08-06T19:56:02Z
RSDE,23.85,2026-08-06T17:24:49Z
RSF,14.62,2026-08-06T19:53:28Z
RSG,209.7,2026-08-06T19:59:50Z
RSI,25.085,2026-08-06T19:59:51Z
RSIT,20.78,2026-08-06T19:28:58Z
RSJN,37.82,2026-08-06T19:30:53Z
RSKD,5.19,2026-08-06T19:59:56Z
RSP,218.61,2026-08-06T19:59:59Z
RSPA,54.25,2026-08-06T19:59:45Z
RSPE,34.72,2026-08-06T15:03:27Z
RSPG,103.87,2026-08-06T19:50:00Z
RSPH,34.96,2026-08-06T14:49:49Z
RSPM,40.06,2026-08-06T19:25:59Z
RSPN,64.4,2026-08-06T19:59:51Z
RSPS,30.97,2026-08-06T19:03:25Z
RSPT,63.52,2026-08-06T19:59:23Z
RSPU,77.22,2026-08-06T19:59:51Z
RSSB,30.95,2026-08-06T19:59:51Z
RSSE,23.59,2026-08-06T14:12:56Z
RSSX,25.25,2026-08-06T15:53:37Z
RSVR,10.35,2026-08-06T18:47:04Z
RTAC,10.49,2026-08-06T16:47:35Z
RTB,15.9,2026-08-06T17:28:46Z
RTH,271.21,2026-08-06T17:00:26Z
RTO,24.44,2026-08-06T19:59:58Z
RTOO,25.52,2026-08-06T13:31:47Z
RTX,223.34,2026-08-06T19:59:53Z
RTXG,30.85,2026-08-06T13:31:37Z
RUBI,2.375,2026-08-06T19:45:51Z
RULE,30.26,2026-08-06T18:57:05Z
RUM,6.18,2026-08-06T19:59:54Z
RUMBW,1.55,2026-08-06T16:10:09Z
RUN,9.37,2026-08-06T19:59:57Z
RUSHA,79.71,2026-08-06T19:59:44Z
RUSHB,77.98,2026-08-06T19:59:59Z
RVER,36.3,2026-08-06T15:00:27Z
RVI,27.1,2026-08-06T19:59:54Z
RVLV,24.63,2026-08-06T19:59:52Z
RVMD,197.82,2026-08-06T19:59:49Z
RVMDW,10.19,2026-08-06T18:38:44Z
RVNU,24.735,2026-08-06T19:59:47Z
RVSB,5.44,2026-08-06T18:26:55Z
RVT,18.62,2026-08-06T19:58:38Z
RVTY,114.38,2026-08-06T19:59:31Z
RWAY,5.99,2026-08-06T19:59:59Z
RWJ,61.74,2026-08-06T18:14:24Z
RWK,151.12,2026-08-06T17:40:07Z
RWL,133.41,2026-08-06T19:45:55Z
RWM,13.45,2026-08-06T19:59:46Z
RWO,50.525,2026-08-06T19:55:26Z
RWR,114.275,2026-08-06T19:59:46Z
RWT,4.56,2026-08-06T19:59:54Z
RWTS,24.285,2026-08-06T17:21:06Z
RXD,15.94,2026-08-06T19:37:53Z
RXI,203.11,2026-08-06T17:47:32Z
RXL,55.87,2026-08-06T18:33:43Z
RXO,20.215,2026-08-06T19:59:50Z
RXRX,3.175,2026-08-06T19:59:57Z
RXST,6.08,2026-08-06T19:59:55Z
RXT,4.81,2026-08-06T19:59:49Z
RY,211.43,2026-08-06T19:59:49Z
RYAAY,60.55,2026-08-06T19:59:33Z
RYAM,9.165,2026-08-06T19:59:55Z
RYAN,44.46,2026-08-06T19:59:53Z
RYET,1.05,2026-08-06T16:48:25Z
RYLD,16.27,2026-08-06T19:59:34Z
RYN,21.43,2026-08-06T19:59:54Z
RYOJ,5.32,2026-08-06T19:03:21Z
RYTM,112.12,2026-08-06T19:59:51Z
RYZ,26.91,2026-08-06T19:59:26Z
RZC,25.53,2026-08-06T18:09:43Z
RZG,70.79,2026-08-06T14:27:19Z
RZLT,4.69,2026-08-06T19:59:54Z
RZLV,2.65,2026-08-06T19:59:59Z
RZV,150.05,2026-08-06T19:31:08Z
S,20.76,2026-08-06T19:59:58Z
SA,29.02,2026-08-06T19:59:50Z
SABR,2.235,2026-08-06T19:59:55Z
SABS,3.84,2026-08-06T19:59:09Z
SACH,0.8201,2026-08-06T19:58:52Z
SAFE,16.04,2026-08-06T19:59:28Z
SAFT,103.55,2026-08-06T19:59:58Z
SAFX,0.3706,2026-08-06T19:50:40Z
SAGP,36.86,2026-08-06T14:03:50Z
SAGT,0.7249,2026-08-06T19:23:43Z
SAH,84.74,2026-08-06T19:57:55Z
SAIA,361.82,2026-08-06T19:59:50Z
SAIC,124.31,2026-08-06T19:58:53Z
SAIHW,0.0271,2026-08-06T16:17:27Z
SAIL,17.71,2026-08-06T19:59:54Z
SAM,183,2026-08-06T19:58:22Z
SAMG,10.205,2026-08-06T19:55:33Z
SAMT,43.5,2026-08-06T17:07:58Z
SAN,14.6,2026-08-06T19:59:59Z
SANA,3.41,2026-08-06T19:59:58Z
SANG,3.81,2026-08-06T15:24:01Z
SANM,205.595,2026-08-06T19:59:58Z
SAP,199.485,2026-08-06T19:59:55Z
SAR,19.525,2026-08-06T19:59:34Z
SARK,28.44,2026-08-06T19:52:09Z
SARO,30.01,2026-08-06T19:59:54Z
SATA,98.82,2026-08-06T19:57:00Z
SATL,5.04,2026-08-06T19:59:54Z
SAV,24.74,2026-08-06T15:24:08Z
SAWS,24.84,2026-08-06T14:38:41Z
SB,7.665,2026-08-06T19:59:50Z
SBAC,182.7,2026-08-06T19:59:47Z
SBAR,25.6,2026-08-06T19:50:04Z
SBC,2.97,2026-08-06T19:32:28Z
SBCF,34.54,2026-08-06T19:59:57Z
SBET,6.29,2026-08-06T19:59:55Z
SBEV,0.4322,2026-08-06T19:59:51Z
SBFG,27.305,2026-08-06T19:55:15Z
SBFM,1.4,2026-08-06T19:59:36Z
SBGI,14.745,2026-08-06T19:59:58Z
SBH,16.1,2026-08-06T19:59:53Z
SBI,7.635,2026-08-06T19:49:56Z
SBIO,67.29,2026-08-06T13:55:08Z
SBIT,55.75,2026-08-06T19:56:03Z
SBLK,28.62,2026-08-06T19:59:54Z
SBMT,6.86,2026-08-06T18:14:03Z
SBND,18.65,2026-08-06T18:31:27Z
SBR,70.73,2026-08-06T19:33:52Z
SBRA,20.91,2026-08-06T19:59:58Z
SBS,5.37,2026-08-06T19:59:54Z
SBSI,32.545,2026-08-06T19:59:32Z
SBSW,9.89,2026-08-06T19:59:56Z
SBTU,2.44,2026-08-06T19:58:36Z
SBUX,105.11,2026-08-06T19:59:55Z
SBXD,10.85,2026-08-06T18:49:13Z
SCAG,0.373,2026-08-06T16:25:03Z
SCCO,193.11,2026-08-06T19:59:57Z
SCCR,25.12,2026-08-06T19:30:24Z
SCD,15.645,2026-08-06T19:55:01Z
SCDV,28.285,2026-08-06T13:55:08Z
SCEC,24.575,2026-08-06T17:26:27Z
SCEP,25.52,2026-08-06T19:59:51Z
SCHA,34.435,2026-08-06T19:59:56Z
SCHB,29.68,2026-08-06T19:59:59Z
SCHC,50.07,2026-08-06T19:59:53Z
SCHD,33.68,2026-08-06T19:59:57Z
SCHE,36.63,2026-08-06T19:59:59Z
SCHF,27.945,2026-08-06T19:57:47Z
SCHG,35.435,2026-08-06T19:59:58Z
SCHH,24.005,2026-08-06T19:59:58Z
SCHI,22.255,2026-08-06T19:56:53Z
SCHJ,24.48,2026-08-06T19:59:51Z
SCHK,37.06,2026-08-06T19:54:16Z
SCHL,40.09,2026-08-06T19:56:51Z
SCHM,35.62,2026-08-06T19:59:25Z
SCHO,24.035,2026-08-06T19:59:46Z
SCHP,25.9,2026-08-06T19:59:30Z
SCHQ,30.035,2026-08-06T19:58:11Z
SCHR,24.385,2026-08-06T19:53:38Z
SCHV,34.675,2026-08-06T19:58:20Z
SCHW,107.66,2026-08-06T19:59:54Z
SCHW-D,24.11,2026-08-06T19:46:26Z
SCHX,30.31,2026-08-06T19:59:59Z
SCHY,33.435,2026-08-06T19:59:42Z
SCHZ,22.77,2026-08-06T19:59:58Z
SCI,84.94,2026-08-06T19:59:52Z
SCIO,20.545,2026-08-06T15:21:23Z
SCJ,109.18,2026-08-06T14:38:28Z
SCL,63.98,2026-08-06T19:58:30Z
SCLX,6.84,2026-08-06T19:53:08Z
SCLZ,56.8,2026-08-06T18:35:16Z
SCM,8.45,2026-08-06T19:59:56Z
SCMB,25.335,2026-08-06T19:59:46Z
SCNM,24.8,2026-08-06T19:11:00Z
SCNX,0.3752,2026-08-06T14:38:55Z
SCO,29.29,2026-08-06T19:59:48Z
SCOP,11.31,2026-08-06T19:59:50Z
SCOR,7.395,2026-08-06T15:54:46Z
SCPQW,0.3501,2026-08-06T15:17:12Z
SCSC,56.87,2026-08-06T19:59:45Z
SCTX,25.525,2026-08-06T19:58:16Z
SCWO,2.24,2026-08-06T15:01:15Z
SCYB,25.975,2026-08-06T19:58:40Z
SCYX,5.23,2026-08-06T18:32:58Z
SCZ,85.9,2026-08-06T19:59:54Z
SCZM,7.97,2026-08-06T19:59:55Z
SD,13.44,2026-08-06T19:59:52Z
SDCI,28.33,2026-08-06T14:34:54Z
SDEV,1.045,2026-08-06T17:51:58Z
SDFI,35.31,2026-08-06T18:16:44Z
SDGR,17.825,2026-08-06T19:59:48Z
SDHC,13.935,2026-08-06T19:36:47Z
SDHY,16.08,2026-08-06T19:59:41Z
SDIV,24.535,2026-08-06T19:59:52Z
SDOG,71.44,2026-08-06T19:56:42Z
SDOW,22.17,2026-08-06T19:59:45Z
SDRL,42.975,2026-08-06T19:59:55Z
SDS,53.98,2026-08-06T19:59:41Z
SDST,0.6438,2026-08-06T19:04:44Z
SDVD,23.73,2026-08-06T19:59:54Z
SDVY,44.495,2026-08-06T19:59:51Z
SDY,157.72,2026-08-06T13:35:01Z
SE,110.97,2026-08-06T19:59:49Z
SEAT,7.8,2026-08-06T19:55:24Z
SEB,4222.42,2026-08-06T19:52:04Z
SECT,72.35,2026-08-06T19:59:25Z
SECU,49.56,2026-08-06T19:41:36Z
SECZ,7.2,2026-08-06T19:57:48Z
SEDG,32.675,2026-08-06T19:59:55Z
SEEM,38.3,2026-08-06T13:58:16Z
SEER,2.185,2026-08-06T19:59:46Z
SEG,27.03,2026-08-06T19:03:18Z
SEGG,2.56,2026-08-06T19:47:31Z
SEI,57.04,2026-08-06T19:59:57Z
SEIC,104.76,2026-08-06T19:59:58Z
SEIE,36.785,2026-08-06T19:56:31Z
SEIM,54.72,2026-08-06T19:59:45Z
SEIS,32.99,2026-08-06T19:49:38Z
SEIV,50.31,2026-08-06T19:30:06Z
SEIX,23.235,2026-08-06T19:56:33Z
SELF,5.29,2026-08-06T19:55:03Z
SELV,34.61,2026-08-06T17:29:08Z
SEMI,38.6,2026-08-06T17:50:04Z
SEMY,14.02,2026-08-06T19:59:45Z
SENEA,166.74,2026-08-06T19:59:59Z
SENS,5.14,2026-08-06T19:59:52Z
SEPI,28.8,2026-08-06T18:16:17Z
SEPM,33.14,2026-08-06T19:30:52Z
SEPN,39.57,2026-08-06T19:59:41Z
SEPP,33.02,2026-08-06T19:59:46Z
SEPZ,46.5,2026-08-06T19:28:11Z
SER,2.36,2026-08-06T19:11:17Z
SERA,1.97,2026-08-06T19:30:22Z
SERV,5.685,2026-08-06T19:59:54Z
SES,0.5065,2026-08-06T19:59:56Z
SETH,43.88,2026-08-06T19:59:45Z
SETM,31.49,2026-08-06T19:59:50Z
SEUS,26.11,2026-08-06T19:34:25Z
SEV,2.14,2026-08-06T19:57:00Z
SEVN,7.73,2026-08-06T19:54:21Z
SEZL,179.01,2026-08-06T19:59:52Z
SF,83.52,2026-08-06T19:59:11Z
SF-B,22.29,2026-08-06T13:46:57Z
SFB,19.665,2026-08-06T18:11:37Z
SFBC,46.66,2026-08-06T17:24:12Z
SFBS,89.41,2026-08-06T19:57:40Z
SFD,25.08,2026-08-06T19:59:42Z
SFGV,36.34,2026-08-06T19:59:51Z
SFIX,4.025,2026-08-06T19:59:56Z
SFL,12.06,2026-08-06T19:59:51Z
SFLO,37.99,2026-08-06T19:59:59Z
SFLR,38.935,2026-08-06T19:59:50Z
SFM,87.17,2026-08-06T19:59:55Z
SFNC,23.53,2026-08-06T19:59:52Z
SFST,63.72,2026-08-06T19:59:41Z
SFTX,30.9,2026-08-06T19:40:59Z
SFTY,31.76,2026-08-06T17:34:25Z
SFY,152.095,2026-08-06T18:16:06Z
SFYF,61.65,2026-08-06T16:51:15Z
SG,5.86,2026-08-06T19:59:56Z
SGC,14.16,2026-08-06T19:56:45Z
SGDJ,85.08,2026-08-06T18:47:03Z
SGDM,69.99,2026-08-06T19:54:33Z
SGHC,12.99,2026-08-06T19:59:50Z
SGHT,7.09,2026-08-06T19:59:53Z
SGI,64.92,2026-08-06T19:59:58Z
SGML,10.75,2026-08-06T19:59:02Z
SGMT,8.745,2026-08-06T19:59:56Z
SGOL,40.44,2026-08-06T19:58:51Z
SGOV,100.455,2026-08-06T19:15:18Z
SGP,24.88,2026-08-06T19:59:41Z
SGRT,31.87,2026-08-06T19:28:11Z
SGRY,14.915,2026-08-06T19:59:59Z
SGU,12.765,2026-08-06T18:21:52Z
SGVT,100.53,2026-08-06T19:59:52Z
SH,32.23,2026-08-06T19:58:50Z
SHAK,70.24,2026-08-06T19:59:57Z
SHAZ,52.21,2026-08-06T19:59:54Z
SHBI,24.11,2026-08-06T19:59:56Z
SHC,18.88,2026-08-06T19:59:54Z
SHDG,33.46,2026-08-06T18:19:33Z
SHEH,63.84,2026-08-06T14:15:46Z
SHEL,89.625,2026-08-06T19:59:58Z
SHEN,13.395,2026-08-06T19:59:46Z
SHFS,0.1852,2026-08-06T17:05:45Z
SHG,74.17,2026-08-06T19:59:03Z
SHIM,4.22,2026-08-06T19:59:51Z
SHIP,17.24,2026-08-06T19:59:49Z
SHLD,67.79,2026-08-06T19:59:51Z
SHLS,8.595,2026-08-06T19:59:54Z
SHM,47.67,2026-08-06T19:59:50Z
SHMD,4.42,2026-08-06T19:59:45Z
SHNY,9.045,2026-08-06T19:58:17Z
SHO,11.3,2026-08-06T19:59:59Z
SHOC,107.28,2026-08-06T18:16:13Z
SHOE,15.645,2026-08-06T19:59:33Z
SHOO,48.26,2026-08-06T19:59:54Z
SHOP,147.505,2026-08-06T19:59:59Z
SHPH,4.33,2026-08-06T15:24:56Z
SHPU,17.39,2026-08-06T19:54:50Z
SHV,110.11,2026-08-06T19:59:55Z
SHW,363.43,2026-08-06T19:59:56Z
SHY,81.81,2026-08-06T19:59:57Z
SHYG,42.065,2026-08-06T19:59:49Z
SHYL,43.97,2026-08-06T19:53:47Z
SHYM,22.085,2026-08-06T19:59:32Z
SI,22.26,2026-08-06T19:38:18Z
SIBN,18.17,2026-08-06T19:59:48Z
SID,0.9442,2026-08-06T19:59:57Z
SIDU,2.085,2026-08-06T19:57:47Z
SIEB,1.65,2026-08-06T16:42:50Z
SIF,27.9,2026-08-06T19:58:47Z
SIFY,15.785,2026-08-06T19:56:00Z
SIG,93.98,2026-08-06T19:59:43Z
SIGA,3.125,2026-08-06T19:59:30Z
SIGI,96.74,2026-08-06T19:59:33Z
SII,112.39,2026-08-06T19:58:48Z
SIL,83.2,2026-08-06T19:59:53Z
SILC,42.04,2026-08-06T19:56:22Z
SILJ,27.48,2026-08-06T19:59:58Z
SILO,4.45,2026-08-06T15:18:11Z
SIMO,267.42,2026-08-06T19:59:55Z
SIMX,15.02,2026-08-06T19:21:08Z
SIND,15.73,2026-08-06T19:59:42Z
SINT,1.62,2026-08-06T19:42:56Z
SIO,25.39,2026-08-06T19:43:24Z
SION,49.5,2026-08-06T19:59:45Z
SIRI,29.885,2026-08-06T19:59:59Z
SITC,3.13,2026-08-06T19:59:49Z
SITE,98.49,2026-08-06T19:59:59Z
SITM,687.71,2026-08-06T19:59:49Z
SIVR,58.7,2026-08-06T19:59:50Z
SIXO,36.26,2026-08-06T19:51:51Z
SIXZ,32.09,2026-08-06T17:00:28Z
SJ,0.9113,2026-08-06T19:59:56Z
SJB,15.16,2026-08-06T19:59:50Z
SJM,118.76,2026-08-06T19:59:47Z
SJNK,24.815,2026-08-06T19:55:49Z
SJT,2.475,2026-08-06T19:59:21Z
SK,18.715,2026-08-06T19:52:01Z
SKDD,14.38,2026-08-06T19:59:27Z
SKE,30.86,2026-08-06T19:59:42Z
SKHA,22.38,2026-08-06T13:30:16Z
SKHL,7.23,2026-08-06T19:53:28Z
SKHU,14.76,2026-08-06T19:59:50Z
SKHX,11.2,2026-08-06T19:52:32Z
SKHY,143.58,2026-08-06T19:59:55Z
SKHZ,13.17,2026-08-06T19:53:10Z
SKIL,7.97,2026-08-06T19:57:52Z
SKIN,0.7732,2026-08-06T19:59:50Z
SKM,35.66,2026-08-06T19:59:46Z
SKOR,47.965,2026-08-06T16:14:28Z
SKT,39.32,2026-08-06T19:59:56Z
SKUU,18.64,2026-08-06T19:59:51Z
SKWD,65.66,2026-08-06T19:59:56Z
SKY,91.6,2026-08-06T19:59:50Z
SKYA,1.15,2026-08-06T19:58:45Z
SKYAW,0.0299,2026-08-06T15:49:08Z
SKYE,0.4861,2026-08-06T19:59:13Z
SKYH,11.07,2026-08-06T19:59:28Z
SKYQ,3.86,2026-08-06T19:59:30Z
SKYW,113.31,2026-08-06T19:59:16Z
SKYX,1.19,2026-08-06T19:59:50Z
SKYY,149.99,2026-08-06T18:52:13Z
SLAB,218.56,2026-08-06T19:59:59Z
SLB,51.56,2026-08-06T19:59:59Z
SLDB,8.7,2026-08-06T19:59:50Z
SLDE,21.35,2026-08-06T19:59:38Z
SLDP,2.195,2026-08-06T19:59:54Z
SLE,2.67,2026-08-06T14:49:34Z
SLF,82.37,2026-08-06T19:59:47Z
SLG,54.53,2026-08-06T19:59:54Z
SLGB,0.51,2026-08-06T19:30:29Z
SLGN,41.53,2026-08-06T19:59:44Z
SLI,2.27,2026-08-06T19:59:56Z
SLM,27.37,2026-08-06T19:59:49Z
SLMT,4.04,2026-08-06T19:38:31Z
SLN,11.735,2026-08-06T19:59:58Z
SLND,0.6285,2026-08-06T19:57:46Z
SLNH,1.155,2026-08-06T19:58:28Z
SLP,18.335,2026-08-06T19:59:56Z
SLQD,50.05,2026-08-06T19:42:29Z
SLQT,0.6865,2026-08-06T19:57:14Z
SLRC,12.9,2026-08-06T19:59:51Z
SLS,11.685,2026-08-06T19:59:52Z
SLSR,7.88,2026-08-06T19:59:31Z
SLTY,21.65,2026-08-06T19:59:46Z
SLV,55.855,2026-08-06T19:59:50Z
SLVM,37.775,2026-08-06T19:59:04Z
SLVO,66.09,2026-08-06T19:51:42Z
SLVP,33.75,2026-08-06T19:45:25Z
SLVR,54.68,2026-08-06T19:32:03Z
SLVX,14.375,2026-08-06T19:17:23Z
SLVY,21.08,2026-08-06T14:34:35Z
SLX,110.01,2026-08-06T14:32:23Z
SLXN,1.78,2026-08-06T19:59:45Z
SLYG,117.46,2026-08-06T19:46:00Z
SLYV,109.985,2026-08-06T19:59:46Z
SM,28.69,2026-08-06T19:59:59Z
SMA,34.465,2026-08-06T19:59:52Z
SMAY,28.47,2026-08-06T19:21:46Z
SMB,17.225,2026-08-06T18:00:41Z
SMBC,77.84,2026-08-06T19:55:05Z
SMBK,52.65,2026-08-06T19:59:30Z
SMBS,24.99,2026-08-06T19:59:51Z
SMC,30.9,2026-08-06T19:23:33Z
SMCF,40.18,2026-08-06T15:20:48Z
SMCI,29.38,2026-08-06T19:59:59Z
SMCIP,52.21,2026-08-06T19:46:40Z
SMCL,11.01,2026-08-06T19:59:29Z
SMCO,30.44,2026-08-06T19:59:46Z
SMCX,7.95,2026-08-06T19:59:56Z
SMCY,4.53,2026-08-06T19:59:58Z
SMCZ,6.36,2026-08-06T19:54:24Z
SMDD,7.38,2026-08-06T14:21:35Z
SMDV,78.68,2026-08-06T19:59:44Z
SMFG,25.72,2026-08-06T19:59:57Z
SMG,62.045,2026-08-06T19:59:41Z
SMH,571.77,2026-08-06T19:59:59Z
SMHC,48.66,2026-08-06T17:22:35Z
SMHI,9.455,2026-08-06T19:59:57Z
SMHX,58.875,2026-08-06T18:16:06Z
SMIG,33.38,2026-08-06T19:59:50Z
SMIN,71.45,2026-08-06T19:29:11Z
SMIZ,42.84,2026-08-06T19:54:16Z
SMJF,8.13,2026-08-06T19:59:50Z
SMLF,88.635,2026-08-06T19:59:47Z
SMMD,91.41,2026-08-06T19:59:51Z
SMMT,13.54,2026-08-06T19:59:57Z
SMMU,50.245,2026-08-06T19:50:00Z
SMN,19.16,2026-08-06T19:55:05Z
SMOT,40.32,2026-08-06T19:59:51Z
SMP,39.37,2026-08-06T19:59:41Z
SMPL,11.17,2026-08-06T19:59:55Z
SMR,9.48,2026-08-06T19:59:59Z
SMRF,24.67,2026-08-06T19:18:18Z
SMRI,44.87,2026-08-06T19:44:48Z
SMRT,1.37,2026-08-06T19:59:43Z
SMSI,2.83,2026-08-06T19:58:57Z
SMST,55.11,2026-08-06T19:55:05Z
SMTC,134.71,2026-08-06T19:59:57Z
SMTG,6.55,2026-08-06T13:50:15Z
SMTH,25.4,2026-08-06T19:59:20Z
SMTI,34.09,2026-08-06T19:59:49Z
SMTK,0.1525,2026-08-06T19:37:32Z
SMU,6.77,2026-08-06T19:59:50Z
SMUP,5.35,2026-08-06T19:59:59Z
SMWB,7.36,2026-08-06T19:59:59Z
SMZ,20.51,2026-08-06T16:13:44Z
SN,179.905,2026-08-06T19:59:55Z
SNA,414.35,2026-08-06T19:59:44Z
SNAG,5.23,2026-08-06T19:57:50Z
SNAL,4.55,2026-08-06T19:57:04Z
SNAP,5.2,2026-08-06T19:59:56Z
SND,4.405,2026-08-06T19:59:57Z
SNDA,40.45,2026-08-06T19:59:43Z
SNDC,5.32,2026-08-06T19:59:20Z
SNDG,6.1,2026-08-06T19:58:01Z
SNDK,1258.82,2026-08-06T19:59:59Z
SNDL,1.2,2026-08-06T19:59:50Z
SNDQ,27.85,2026-08-06T19:59:52Z
SNDR,35.235,2026-08-06T19:59:59Z
SNDU,15.49,2026-08-06T19:59:16Z
SNDX,19.765,2026-08-06T19:59:58Z
SNES,1.3,2026-08-06T19:57:27Z
SNEX,66.725,2026-08-06T19:59:59Z
SNFCA,9.56,2026-08-06T19:52:11Z
SNGX,0.3799,2026-08-06T17:30:21Z
SNK,31.115,2026-08-06T19:58:54Z
SNN,29.71,2026-08-06T19:59:55Z
SNOA,1.23,2026-08-06T19:58:50Z
SNOV,27.35,2026-08-06T19:24:50Z
SNOW,317.8,2026-08-06T19:59:54Z
SNOY,11.48,2026-08-06T19:59:45Z
SNPE,70.815,2026-08-06T19:59:50Z
SNPG,59.83,2026-08-06T19:59:51Z
SNPS,405.905,2026-08-06T19:59:56Z
SNTG,1.74,2026-08-06T14:41:54Z
SNTH,30.4,2026-08-06T19:59:50Z
SNTI,0.3672,2026-08-06T19:59:58Z
SNTQ,24.72,2026-08-06T18:52:25Z
SNWV,6.08,2026-08-06T19:59:50Z
SNX,258.78,2026-08-06T19:59:46Z
SNXX,9.8,2026-08-06T19:59:58Z
SNY,42.895,2026-08-06T19:59:55Z
SNYR,0.1675,2026-08-06T15:49:18Z
SO,92.89,2026-08-06T19:59:55Z
SOAR,0.1414,2026-08-06T19:54:09Z
SOBO,35.35,2026-08-06T19:59:55Z
SOBR,0.5101,2026-08-06T18:04:31Z
SOC,4.79,2026-08-06T19:59:57Z
SOFI,18.095,2026-08-06T19:59:56Z
SOFX,9.8,2026-08-06T19:59:21Z
SOHU,14.07,2026-08-06T18:53:57Z
SOJD,18.6,2026-08-06T19:46:04Z
SOJE,16.38,2026-08-06T19:50:44Z
SOJF,24.99,2026-08-06T18:48:15Z
SOLC,14.605,2026-08-06T19:59:46Z
SOLS,62.17,2026-08-06T19:59:55Z
SOLT,30.71,2026-08-06T19:59:55Z
SOLV,83,2026-08-06T19:59:55Z
SOLZ,7.27,2026-08-06T19:59:29Z
SOMN,48.865,2026-08-06T18:56:26Z
SON,57.09,2026-08-06T19:59:58Z
SONO,15.43,2026-08-06T19:59:50Z
SONY,23.105,2026-08-06T19:59:58Z
SOPH,6.67,2026-08-06T19:59:54Z
SORA,2.355,2026-08-06T15:09:54Z
SOTK,5.445,2026-08-06T14:33:15Z
SOUL^,0.17,2026-08-06T18:59:55Z
SOUN,7.07,2026-08-06T19:59:55Z
SOUNW,1.96,2026-08-06T14:48:49Z
SOUX,12.96,2026-08-06T19:54:11Z
SOXL,132.63,2026-08-06T19:59:59Z
SOXQ,94.75,2026-08-06T19:59:55Z
SOXS,44.82,2026-08-06T19:59:59Z
SOXX,532.3,2026-08-06T19:59:59Z
SOXY,92.37,2026-08-06T19:57:18Z
SOYB,25.02,2026-08-06T19:59:51Z
SPAB,25.11,2026-08-06T19:59:58Z
SPAI,4.4,2026-08-06T19:56:38Z
SPAL,10.51,2026-08-06T19:58:14Z
SPAX,6.36,2026-08-06T19:59:53Z
SPB,87.88,2026-08-06T19:59:27Z
SPBO,28.465,2026-08-06T19:59:27Z
SPBU,30.78,2026-08-06T18:06:15Z
SPBW,29.11,2026-08-06T18:24:45Z
SPBX,29.75,2026-08-06T18:14:15Z
SPCB,10.41,2026-08-06T19:45:18Z
SPCE,2.92,2026-08-06T19:59:49Z
SPCF,10.44,2026-08-06T19:58:14Z
SPCG,32.02,2026-08-06T19:58:53Z
SPCH,6.255,2026-08-06T19:59:28Z
SPCL,25.38,2026-08-06T18:49:59Z
SPCM,10.73,2026-08-06T19:59:50Z
SPCQ,23.5,2026-08-06T19:59:57Z
SPCU,8.375,2026-08-06T19:59:25Z
SPCX,114.915,2026-08-06T19:59:59Z
SPDN,8.48,2026-08-06T19:59:49Z
SPDV,40.45,2026-08-06T14:26:22Z
SPDW,51.115,2026-08-06T19:59:59Z
SPE,13.375,2026-08-06T18:51:07Z
SPEM,51.88,2026-08-06T19:59:52Z
SPEU,56.9,2026-08-06T15:32:37Z
SPFF,9.37,2026-08-06T16:45:11Z
SPFI,45.03,2026-08-06T19:58:59Z
SPG,221.71,2026-08-06T19:59:51Z
SPGI,405.03,2026-08-06T19:59:44Z
SPGM,87.36,2026-08-06T19:57:15Z
SPGP,128.16,2026-08-06T19:59:51Z
SPH,17.75,2026-08-06T19:59:28Z
SPHB,145.66,2026-08-06T19:59:25Z
SPHD,52.29,2026-08-06T19:59:57Z
SPHL,2.9,2026-08-06T16:00:10Z
SPHQ,85.8,2026-08-06T19:59:50Z
SPHR,154.39,2026-08-06T19:59:52Z
SPHY,23.235,2026-08-06T19:59:59Z
SPIB,33.105,2026-08-06T19:59:44Z
SPIP,25.04,2026-08-06T19:16:44Z
SPIR,13.38,2026-08-06T19:59:50Z
SPLB,21.485,2026-08-06T19:59:41Z
SPLV,76.27,2026-08-06T19:59:55Z
SPMB,21.955,2026-08-06T19:59:31Z
SPMD,67.24,2026-08-06T19:59:55Z
SPMO,149.09,2026-08-06T19:59:53Z
SPNT,23.62,2026-08-06T19:59:40Z
SPOG,6.525,2026-08-06T16:57:07Z
SPOK,11.31,2026-08-06T19:59:52Z
SPOT,475.27,2026-08-06T19:59:54Z
SPPL,2.09,2026-08-06T17:53:44Z
SPPP,14.09,2026-08-06T19:59:59Z
SPRB,46.6,2026-08-06T17:32:36Z
SPRC,6.85,2026-08-06T16:49:22Z
SPRE,21.38,2026-08-06T17:19:23Z
SPRO,1.27,2026-08-06T19:59:49Z
SPRU,2.3,2026-08-06T19:26:41Z
SPRX,46.97,2026-08-06T19:59:05Z
SPRY,5.56,2026-08-06T19:59:53Z
SPSB,29.875,2026-08-06T19:30:12Z
SPSC,71.89,2026-08-06T19:59:48Z
SPSK,17.915,2026-08-06T19:59:59Z
SPSM,57.48,2026-08-06T19:59:52Z
SPT,8.18,2026-08-06T19:59:57Z
SPTB,29.62,2026-08-06T15:54:43Z
SPTE,47.26,2026-08-06T16:06:32Z
SPTI,28.06,2026-08-06T19:59:05Z
SPTL,25.18,2026-08-06T19:58:37Z
SPTM,93.23,2026-08-06T19:59:35Z
SPTS,28.895,2026-08-06T19:58:56Z
SPTX,22.925,2026-08-06T19:59:26Z
SPUC,50.215,2026-08-06T15:29:34Z
SPUS,58.675,2026-08-06T19:59:58Z
SPUU,226.56,2026-08-06T19:55:00Z
SPWH,1.17,2026-08-06T19:59:48Z
SPWO,32.92,2026-08-06T18:48:32Z
SPWR,0.2407,2026-08-06T19:57:21Z
SPXC,214.51,2026-08-06T19:57:21Z
SPXL,291.295,2026-08-06T19:59:59Z
SPXN,84.28,2026-08-06T14:05:00Z
SPXS,24.36,2026-08-06T19:59:59Z
SPXU,34.14,2026-08-06T19:59:58Z
SPXX,18.89,2026-08-06T19:45:00Z
SPY,768.64,2026-08-06T19:59:59Z
SPYC,47.19,2026-08-06T16:51:44Z
SPYD,49.48,2026-08-06T19:59:41Z
SPYG,122.19,2026-08-06T19:59:59Z
SPYH,56.69,2026-08-06T19:30:37Z
SPYI,53.965,2026-08-06T19:59:55Z
SPYM,90.47,2026-08-06T19:59:59Z
SPYT,17.48,2026-08-06T18:27:41Z
SPYU,35.99,2026-08-06T19:59:29Z
SPYV,62.84,2026-08-06T19:59:58Z
SPYX,63.16,2026-08-06T19:59:02Z
SQM,72.47,2026-08-06T19:59:49Z
SQQQ,38.705,2026-08-06T19:59:59Z
SR,80.895,2026-08-06T19:59:50Z
SRAD,12.71,2026-08-06T19:59:55Z
SRBK,19.835,2026-08-06T19:47:20Z
SRCE,89.23,2026-08-06T19:55:39Z
SRE,84.31,2026-08-06T19:59:54Z
SREA,20.65,2026-08-06T19:27:37Z
SRET,22.31,2026-08-06T14:17:09Z
SRFM,0.8092,2026-08-06T19:59:21Z
SRG,2.41,2026-08-06T19:58:57Z
SRG-A,22.66,2026-08-06T15:36:59Z
SRI,7.24,2026-08-06T19:59:27Z
SRL,5.68,2026-08-06T19:53:56Z
SRLN,40.4,2026-08-06T19:59:59Z
SRPT,16.78,2026-08-06T19:59:59Z
SRRK,52.7,2026-08-06T19:59:54Z
SRS,38.99,2026-08-06T19:59:50Z
SRTA,5.575,2026-08-06T19:59:50Z
SRTS,2.92,2026-08-06T16:32:09Z
SRTY,21.91,2026-08-06T19:59:45Z
SRV,46.055,2026-08-06T16:47:04Z
SRVR,31.49,2026-08-06T19:58:55Z
SRXH,1.47,2026-08-06T19:59:53Z
SRZN,21.76,2026-08-06T19:59:10Z
SSACR,0.1603,2026-08-06T19:26:55Z
SSB,108.57,2026-08-06T19:59:54Z
SSBI,13.355,2026-08-06T19:24:53Z
SSD,193.59,2026-08-06T19:57:01Z
SSFI,21.07,2026-08-06T14:10:31Z
SSG,11.91,2026-08-06T19:59:26Z
SSII,3.81,2026-08-06T13:34:32Z
SSL,11.305,2026-08-06T19:59:49Z
SSMR,15.375,2026-08-06T19:59:35Z
SSNC,79.83,2026-08-06T19:59:57Z
SSO,70.875,2026-08-06T19:59:59Z
SSP,2.96,2026-08-06T19:59:55Z
SSPC,18.64,2026-08-06T19:59:55Z
SSRM,28.765,2026-08-06T19:59:52Z
SSTI,7.75,2026-08-06T19:59:54Z
SSTK,5.905,2026-08-06T19:59:56Z
SSUS,56.145,2026-08-06T19:59:50Z
SSYS,8.74,2026-08-06T19:59:34Z
ST,46.35,2026-08-06T19:59:59Z
STAA,23.125,2026-08-06T19:59:52Z
STAG,36.78,2026-08-06T19:59:54Z
STAK,1.805,2026-08-06T19:58:00Z
STBA,51.665,2026-08-06T19:59:53Z
STBF,25.26,2026-08-06T19:17:37Z
STC,68.455,2026-08-06T19:58:52Z
STCE,61.76,2026-08-06T19:59:09Z
STDN,8.175,2026-08-06T19:59:54Z
STE,231.21,2026-08-06T19:59:45Z
STEM,5.73,2026-08-06T19:59:57Z
STEP,50.44,2026-08-06T19:59:51Z
STEW,18.78,2026-08-06T19:59:54Z
STEX,0.7123,2026-08-06T19:43:47Z
STGW,9.12,2026-08-06T19:59:55Z
STHO,9.61,2026-08-06T18:19:33Z
STI,6.75,2026-08-06T18:54:02Z
STIM,2.26,2026-08-06T19:59:56Z
STIP,100.56,2026-08-06T19:59:47Z
STK,51.78,2026-08-06T19:13:30Z
STKE,1.025,2026-08-06T19:59:04Z
STKH,2.645,2026-08-06T19:56:58Z
STKS,1.725,2026-08-06T19:54:42Z
STLA,5.555,2026-08-06T19:59:59Z
STLD,261.34,2026-08-06T19:59:47Z
STLN,5,2026-08-06T19:59:58Z
STLU,13.55,2026-08-06T13:34:05Z
STM,53.24,2026-08-06T19:59:55Z
STN,73.06,2026-08-06T19:59:46Z
STNE,11.07,2026-08-06T19:59:54Z
STNG,76.43,2026-08-06T19:59:30Z
STOK,31.915,2026-08-06T19:59:53Z
STOT,46.78,2026-08-06T19:59:50Z
STOX,32.07,2026-08-06T17:23:18Z
STPZ,52.52,2026-08-06T15:42:26Z
STRA,82.44,2026-08-06T19:59:49Z
STRC,94.16,2026-08-06T19:59:49Z
STRD,63.07,2026-08-06T19:19:38Z
STRL,535.91,2026-08-06T19:59:59Z
STRN,26.73,2026-08-06T14:54:50Z
STRO,24.02,2026-08-06T19:59:45Z
STRS,19.88,2026-08-06T18:15:48Z
STRT,87.82,2026-08-06T16:24:39Z
STRW,14.43,2026-08-06T19:59:39Z
STRZ,25.57,2026-08-06T19:59:17Z
STT,184.775,2026-08-06T19:59:45Z
STT-G,21.255,2026-08-06T16:46:00Z
STTK,7.145,2026-08-06T19:59:43Z
STUB,8.89,2026-08-06T19:59:59Z
STVN,20.27,2026-08-06T19:58:44Z
STWD,15.93,2026-08-06T19:59:55Z
STX,852.395,2026-08-06T19:59:56Z
STXG,56.44,2026-08-06T13:33:01Z
STXL,34.06,2026-08-06T19:57:36Z
STXS,1.36,2026-08-06T19:59:57Z
STXT,19.51,2026-08-06T18:56:01Z
STXV,39.02,2026-08-06T16:56:02Z
STXX,43.36,2026-08-06T19:00:18Z
STZ,132.415,2026-08-06T19:59:42Z
SU,61.33,2026-08-06T19:59:50Z
SUB,106.22,2026-08-06T19:59:59Z
SUGP,2,2026-08-06T16:33:40Z
SUI,120.38,2026-08-06T19:59:53Z
SUIG,0.9003,2026-08-06T19:27:31Z
SUJA,6.31,2026-08-06T19:59:45Z
SUN,73.62,2026-08-06T19:59:44Z
SUNB,80.93,2026-08-06T19:59:48Z
SUNC,73.02,2026-08-06T19:59:50Z
SUNE,2.47,2026-08-06T19:58:52Z
SUNS,7.835,2026-08-06T19:58:45Z
SUPN,46.79,2026-08-06T19:59:57Z
SUPV,8.71,2026-08-06T19:59:47Z
SUPX,6.5,2026-08-06T19:57:55Z
SURG,0.3311,2026-08-06T19:59:08Z
SUSA,157.76,2026-08-06T19:30:08Z
SUSB,24.81,2026-08-06T19:59:45Z
SUSC,22.695,2026-08-06T19:53:34Z
SUSL,137.11,2026-08-06T19:59:51Z
SUZ,8.26,2026-08-06T19:59:56Z
SVAL,43.61,2026-08-06T18:38:07Z
SVAQW,0.3182,2026-08-06T13:45:15Z
SVC,8.455,2026-08-06T19:59:53Z
SVCO,8.57,2026-08-06T19:59:32Z
SVIX,25.37,2026-08-06T19:59:57Z
SVM,10.8,2026-08-06T19:59:59Z
SVOL,15.93,2026-08-06T19:59:25Z
SVRA,5.81,2026-08-06T19:59:57Z
SVRE,3.825,2026-08-06T19:16:14Z
SVRN,6.17,2026-08-06T16:46:09Z
SVV,10.93,2026-08-06T19:59:59Z
SVXY,59.49,2026-08-06T19:59:56Z
SW,46.94,2026-08-06T19:59:56Z
SWAN,33.59,2026-08-06T17:07:56Z
SWBI,14.545,2026-08-06T19:59:26Z
SWIM,7.23,2026-08-06T19:59:53Z
SWK,101.03,2026-08-06T19:59:51Z
SWKS,66.835,2026-08-06T19:59:58Z
SWMR,35.46,2026-08-06T17:29:40Z
SWP,29.14,2026-08-06T16:13:03Z
SWX,92.42,2026-08-06T19:59:53Z
SWZ,5.945,2026-08-06T19:52:10Z
SXC,9.595,2026-08-06T19:59:51Z
SXI,337.66,2026-08-06T19:58:36Z
SXT,128.5,2026-08-06T19:59:54Z
SXTC,0.054,2026-08-06T19:46:02Z
SXTP,1.165,2026-08-06T17:25:52Z
SY,2.105,2026-08-06T19:59:56Z
SYBT,83.91,2026-08-06T19:59:38Z
SYF,78.64,2026-08-06T19:59:45Z
SYF-A,19.08,2026-08-06T15:15:20Z
SYF-B,25.435,2026-08-06T17:36:46Z
SYFI,35.595,2026-08-06T19:50:04Z
SYK,337.315,2026-08-06T19:59:58Z
SYLD,84.52,2026-08-06T17:04:00Z
SYM,39.6,2026-08-06T19:59:54Z
SYNA,101.88,2026-08-06T19:59:44Z
SYNX,1.08,2026-08-06T19:54:10Z
SYPR,2.08,2026-08-06T19:59:54Z
SYRE,103.41,2026-08-06T19:59:45Z
SYSB,87.17,2026-08-06T18:06:02Z
SYY,84.315,2026-08-06T19:59:53Z
T,23.705,2026-08-06T19:59:57Z
T-C,17.12,2026-08-06T18:09:53Z
TAC,12.47,2026-08-06T19:59:57Z
TACO,10.45,2026-08-06T17:11:19Z
TAFI,25.04,2026-08-06T19:59:54Z
TAFL,24.8,2026-08-06T19:42:39Z
TAFM,25.175,2026-08-06T19:54:10Z
TAGG,41.94,2026-08-06T15:26:27Z
TAIL,10.36,2026-08-06T19:53:40Z
TAK,17.035,2026-08-06T19:59:58Z
TAL,12.455,2026-08-06T19:59:56Z
TALK,5.225,2026-08-06T19:58:07Z
TALO,14.08,2026-08-06T19:59:50Z
TALV,29.28,2026-08-06T19:54:32Z
TAN,51.315,2026-08-06T19:59:58Z
TANH,0.44,2026-08-06T13:34:34Z
TAOP,0.7897,2026-08-06T19:25:04Z
TAOX,3.47,2026-08-06T19:48:41Z
TAP,42.37,2026-08-06T19:59:49Z
TARA,4.1,2026-08-06T19:59:56Z
TARS,65.42,2026-08-06T19:59:56Z
TASK,7.79,2026-08-06T19:59:54Z
TATT,40.14,2026-08-06T19:56:14Z
TAXE,50.54,2026-08-06T19:23:59Z
TAXF,49.87,2026-08-06T19:59:51Z
TAXX,50.455,2026-08-06T14:02:49Z
TBB,19.78,2026-08-06T19:17:18Z
TBBB,40.6,2026-08-06T19:59:47Z
TBBK,70.72,2026-08-06T19:59:51Z
TBCH,12.52,2026-08-06T19:59:45Z
TBF,25.31,2026-08-06T17:45:09Z
TBG,38.28,2026-08-06T19:59:50Z
TBI,10.16,2026-08-06T19:57:38Z
TBIL,49.895,2026-08-06T19:24:49Z
TBLA,4.035,2026-08-06T19:59:59Z
TBLD,22.27,2026-08-06T15:11:03Z
TBLL,105.66,2026-08-06T18:59:44Z
TBLU,53.18,2026-08-06T14:30:33Z
TBN,33.33,2026-08-06T19:36:05Z
TBPH,16.92,2026-08-06T19:59:53Z
TBT,37.995,2026-08-06T19:58:29Z
TBUX,49.835,2026-08-06T19:59:46Z
TBXU,35.86,2026-08-06T14:13:48Z
TCAF,42.75,2026-08-06T19:59:46Z
TCAI,46.875,2026-08-06T19:56:53Z
TCAL,23.05,2026-08-06T19:59:08Z
TCAN,16.93,2026-08-06T16:28:49Z
TCBI,99.52,2026-08-06T19:59:16Z
TCBIO,20.37,2026-08-06T16:49:49Z
TCBK,57.51,2026-08-06T19:59:27Z
TCBX,44.17,2026-08-06T19:59:49Z
TCGX,11.32,2026-08-06T19:42:37Z
TCHP,51.04,2026-08-06T19:59:42Z
TCI,41.51,2026-08-06T14:17:37Z
TCMD,28.84,2026-08-06T19:59:49Z
TCOM,46.22,2026-08-06T19:59:50Z
TCPA,22.84,2026-08-06T16:12:29Z
TCPB,50.01,2026-08-06T16:21:09Z
TCPC,3.9,2026-08-06T19:59:53Z
TCRT,1.99,2026-08-06T18:41:44Z
TCRX,0.7661,2026-08-06T19:56:57Z
TCX,14.1,2026-08-06T19:59:58Z
TD,121.2,2026-08-06T19:59:54Z
TDAC,10.865,2026-08-06T16:15:26Z
TDAQ,27.12,2026-08-06T19:59:51Z
TDAX,24.02,2026-08-06T19:31:33Z
TDAY,8.005,2026-08-06T19:59:59Z
TDC,26.95,2026-08-06T19:59:59Z
TDF,10.91,2026-08-06T19:57:14Z
TDG,1261.49,2026-08-06T19:59:55Z
TDI,46.115,2026-08-06T19:24:51Z
TDIV,115.915,2026-08-06T18:16:13Z
TDOC,6.69,2026-08-06T19:59:59Z
TDS,36.03,2026-08-06T19:59:59Z
TDSB,24.61,2026-08-06T19:59:45Z
TDTF,23.285,2026-08-06T19:24:53Z
TDTT,23.515,2026-08-06T17:31:35Z
TDUP,3.07,2026-08-06T19:59:58Z
TDV,102.93,2026-08-06T16:48:06Z
TDVG,50.49,2026-08-06T17:36:53Z
TDVI,31.61,2026-08-06T19:59:34Z
TDW,81.59,2026-08-06T19:59:50Z
TDY,687.365,2026-08-06T19:59:48Z
TE,5.55,2026-08-06T19:59:59Z
TEAD,0.6974,2026-08-06T19:20:58Z
TEAM,110.22,2026-08-06T19:59:56Z
TECB,73.08,2026-08-06T14:42:03Z
TECH,71.92,2026-08-06T19:59:59Z
TECK,66.155,2026-08-06T19:59:52Z
TECL,202.86,2026-08-06T19:59:33Z
TECS,62.89,2026-08-06T19:59:55Z
TECX,30.21,2026-08-06T19:59:49Z
TEI,6.75,2026-08-06T19:59:06Z
TEK,38.19,2026-08-06T14:47:59Z
TEKX,65.825,2026-08-06T17:24:42Z
TEL,215.03,2026-08-06T19:59:54Z
TELA,0.86,2026-08-06T19:55:00Z
TELO,1.18,2026-08-06T15:40:02Z
TEM,46.1,2026-08-06T19:59:59Z
TEMT,14.56,2026-08-06T19:59:50Z
TEN,38.89,2026-08-06T19:57:44Z
TENB,36.17,2026-08-06T19:59:51Z
TENJ,28.22,2026-08-06T19:57:56Z
TENX,13.29,2026-08-06T19:59:56Z
TEO,13.8,2026-08-06T19:59:40Z
TER,384.43,2026-08-06T19:59:57Z
TESL,12.495,2026-08-06T19:19:22Z
TETH,9.52,2026-08-06T19:53:28Z
TEUP,4.32,2026-08-06T19:59:50Z
TEVA,34.81,2026-08-06T19:59:56Z
TEX,65.395,2026-08-06T19:59:55Z
TEXN,32.13,2026-08-06T13:55:50Z
TEXU,37.78,2026-08-06T13:33:02Z
TFC,52.595,2026-08-06T19:59:57Z
TFI,44.945,2026-08-06T19:54:59Z
TFII,137.615,2026-08-06T19:59:56Z
TFIN,75.8,2026-08-06T19:57:55Z
TFLO,50.53,2026-08-06T19:59:14Z
TFPM,32.12,2026-08-06T19:59:52Z
TFSL,17.84,2026-08-06T19:59:49Z
TFX,139.19,2026-08-06T19:59:50Z
TG,7.74,2026-08-06T19:59:49Z
TGB,8.24,2026-08-06T19:59:56Z
TGE,0.9399,2026-08-06T14:58:05Z
TGEN,3.72,2026-08-06T19:59:51Z
TGHL,0.8354,2026-08-06T18:52:00Z
TGL,2.79,2026-08-06T18:11:32Z
TGLS,44.365,2026-08-06T19:59:45Z
TGRT,46.74,2026-08-06T19:37:25Z
TGRW,47.93,2026-08-06T15:03:14Z
TGS,29.19,2026-08-06T19:58:45Z
TGT,147.09,2026-08-06T19:59:44Z
TGTX,49.58,2026-08-06T19:59:48Z
TH,16,2026-08-06T19:59:48Z
THC,256.465,2026-08-06T19:59:40Z
THEOU,10.105,2026-08-06T19:55:56Z
THFF,82.51,2026-08-06T19:59:01Z
THG,231.64,2026-08-06T19:59:28Z
THH,0.2282,2026-08-06T19:40:28Z
THIR,34.49,2026-08-06T18:47:46Z
THM,2.12,2026-08-06T19:59:40Z
THNQ,88.36,2026-08-06T18:02:41Z
THO,77.69,2026-08-06T19:59:26Z
THQ,19.02,2026-08-06T19:26:49Z
THRM,40.36,2026-08-06T19:59:26Z
THRO,43.985,2026-08-06T19:59:46Z
THRY,2.46,2026-08-06T19:59:55Z
THTA,15.675,2026-08-06T17:31:55Z
THW,13.47,2026-08-06T19:58:31Z
THYF,51.425,2026-08-06T15:40:07Z
THYM,50.1,2026-08-06T19:59:46Z
THYP,32.49,2026-08-06T17:42:56Z
TIC,8.68,2026-08-06T19:59:57Z
TIER,32.54,2026-08-06T19:48:16Z
TIGO,104.26,2026-08-06T19:59:55Z
TIGR,4.74,2026-08-06T19:59:54Z
TII,2.33,2026-08-06T19:59:30Z
TILE,35.055,2026-08-06T19:59:49Z
TILL,18.165,2026-08-06T16:42:42Z
TIMB,18.51,2026-08-06T19:59:44Z
TIP,106.885,2026-08-06T19:59:55Z
TIPT,17.915,2026-08-06T19:59:26Z
TIPX,18.575,2026-08-06T16:26:02Z
TIPZ,50.98,2026-08-06T18:11:17Z
TITN,19.24,2026-08-06T19:59:22Z
TJGC,3.5,2026-08-06T19:44:38Z
TJUL,30.46,2026-08-06T18:41:47Z
TJX,162.03,2026-08-06T19:59:58Z
TK,11.27,2026-08-06T19:59:54Z
TKC,5.485,2026-08-06T19:59:54Z
TKLF,1.94,2026-08-06T13:38:09Z
TKNO,6.53,2026-08-06T19:59:55Z
TKO,187.17,2026-08-06T19:59:42Z
TKR,128.66,2026-08-06T19:59:54Z
TLCI,27.68,2026-08-06T19:16:09Z
TLF,2.44,2026-08-06T19:50:58Z
TLH,96.845,2026-08-06T19:59:57Z
TLK,14.975,2026-08-06T19:59:49Z
TLN,337.92,2026-08-06T19:59:53Z
TLPH,1.425,2026-08-06T19:59:42Z
TLRY,4.45,2026-08-06T19:59:59Z
TLS,4.58,2026-08-06T19:59:47Z
TLSA,0.988,2026-08-06T19:59:03Z
TLSI,4.84,2026-08-06T19:59:49Z
TLT,82.52,2026-08-06T19:59:55Z
TLTW,21.29,2026-08-06T19:53:32Z
TLX,10.63,2026-08-06T19:59:45Z
TLYS,4.08,2026-08-06T19:57:46Z
TM,187.63,2026-08-06T19:59:50Z
TMAT,28.985,2026-08-06T19:56:38Z
TMB,25.26,2026-08-06T19:59:52Z
TMC,4.115,2026-08-06T19:59:56Z
TMCI,4.41,2026-08-06T19:59:31Z
TMCR,5.84,2026-08-06T19:39:00Z
TMDX,80.16,2026-08-06T19:59:25Z
TME,9.585,2026-08-06T19:59:57Z
TMF,31.215,2026-08-06T19:59:54Z
TMFC,79.8,2026-08-06T19:31:14Z
TMFE,30.65,2026-08-06T14:52:44Z
TMFS,36.63,2026-08-06T15:24:44Z
TMO,580,2026-08-06T19:59:49Z
TMP,99.87,2026-08-06T18:47:49Z
TMQ,3.605,2026-08-06T19:59:53Z
TMS,7.375,2026-08-06T19:58:18Z
TMSL,43.85,2026-08-06T19:47:54Z
TMUS,180,2026-08-06T19:59:58Z
TMUSI,21.16,2026-08-06T18:14:26Z
TMUSZ,20.65,2026-08-06T19:29:03Z
TMV,42.115,2026-08-06T19:59:45Z
TMVE,18.05,2026-08-06T16:41:47Z
TNA,72.3,2026-08-06T19:59:52Z
TNC,76.205,2026-08-06T19:59:10Z
TNDM,18.78,2026-08-06T19:59:53Z
TNET,66.96,2026-08-06T19:59:06Z
TNGX,28.985,2026-08-06T19:59:53Z
TNGY,10.27,2026-08-06T15:46:01Z
TNK,77.06,2026-08-06T19:59:50Z
TNL,77.33,2026-08-06T19:59:42Z
TNMG,0.5482,2026-08-06T19:58:34Z
TNON,0.1653,2026-08-06T19:59:46Z
TNXP,11.65,2026-08-06T19:59:56Z
TNYA,0.7259,2026-08-06T19:59:36Z
TOGA,30.69,2026-08-06T19:03:09Z
TOL,151.14,2026-08-06T19:59:21Z
TOLL,39.805,2026-08-06T16:19:33Z
TONX,2.85,2026-08-06T19:59:36Z
TOON,0.5808,2026-08-06T19:41:05Z
TOP,10.7,2026-08-06T19:59:37Z
TOPT,33.9,2026-08-06T19:59:55Z
TOPW,34.96,2026-08-06T19:59:50Z
TORO,5.34,2026-08-06T19:50:03Z
TOST,34.72,2026-08-06T19:59:57Z
TOTL,38.78,2026-08-06T19:59:51Z
TOUS,39.59,2026-08-06T19:59:50Z
TOV,32.35,2026-08-06T16:41:25Z
TOVX,0.2245,2026-08-06T19:59:48Z
TOWN,37.735,2026-08-06T19:59:57Z
TOXR,10.06,2026-08-06T19:59:51Z
TOYO,5.255,2026-08-06T19:59:17Z
TPB,85.43,2026-08-06T19:56:54Z
TPC,95.65,2026-08-06T19:59:51Z
TPCS,4.66,2026-08-06T14:47:01Z
TPET,0.2426,2026-08-06T19:59:26Z
TPG,48.49,2026-08-06T19:59:54Z
TPHD,43.3,2026-08-06T17:15:56Z
TPIF,38.56,2026-08-06T17:17:25Z
TPL,356.87,2026-08-06T19:59:56Z
TPLC,50.97,2026-08-06T19:59:32Z
TPOR,40.9,2026-08-06T19:33:34Z
TPR,161.88,2026-08-06T19:59:49Z
TPSC,48.72,2026-08-06T15:00:39Z
TPVG,5.25,2026-08-06T19:59:45Z
TPYP,42.075,2026-08-06T18:16:06Z
TPZ,21.32,2026-08-06T14:19:02Z
TQQQ,72.06,2026-08-06T19:59:59Z
TR,39.77,2026-08-06T19:52:43Z
TRAK,8.67,2026-08-06T19:49:05Z
TRAX,45.37,2026-08-06T19:59:50Z
TRBF,48.77,2026-08-06T19:28:51Z
TRC,16.46,2026-08-06T19:59:49Z
TRDA,6.88,2026-08-06T19:59:43Z
TREE,31.84,2026-08-06T19:59:58Z
TREX,48.42,2026-08-06T19:59:56Z
TRFK,94.525,2026-08-06T19:48:05Z
TRFM,59.93,2026-08-06T19:59:51Z
TRGP,268.45,2026-08-06T19:59:54Z
TRI,100.17,2026-08-06T19:59:55Z
TRIN,17.61,2026-08-06T19:59:59Z
TRIP,10.41,2026-08-06T19:59:56Z
TRLV,8.975,2026-08-06T19:59:32Z
TRMB,58.55,2026-08-06T19:59:55Z
TRMD,29.46,2026-08-06T19:59:31Z
TRMK,47.91,2026-08-06T19:59:49Z
TRN,30.93,2026-08-06T19:59:49Z
TRNO,68.15,2026-08-06T19:59:43Z
TRNS,94.73,2026-08-06T19:59:46Z
TRNZ,25.34,2026-08-06T19:48:30Z
TRON,1.44,2026-08-06T19:59:52Z
TROO,1.9,2026-08-06T18:05:50Z
TROW,113.65,2026-08-06T19:59:57Z
TROX,6.96,2026-08-06T19:59:57Z
TRP,63.87,2026-08-06T19:59:45Z
TRS,40.44,2026-08-06T19:59:59Z
TRST,56.35,2026-08-06T19:58:48Z
TRSY,30.13,2026-08-06T17:28:18Z
TRT,10.73,2026-08-06T19:59:24Z
TRTN-F,24.33,2026-08-06T17:00:36Z
TRTX,7.89,2026-08-06T19:59:56Z
TRTX-C,18.51,2026-08-06T14:32:09Z
TRTY,31.09,2026-08-06T18:47:16Z
TRU,79.22,2026-08-06T19:59:53Z
TRUC,25.54,2026-08-06T17:54:51Z
TRUD,26.47,2026-08-06T19:59:45Z
TRUG,0.84,2026-08-06T19:59:58Z
TRUP,28.14,2026-08-06T19:59:55Z
TRUT,31.97,2026-08-06T19:50:00Z
TRV,386,2026-08-06T19:59:56Z
TRVG,5.505,2026-08-06T19:56:37Z
TRVI,18.47,2026-08-06T19:59:34Z
TRX,0.9655,2026-08-06T19:50:07Z
TS,53.42,2026-08-06T19:59:56Z
TSAT,54.01,2026-08-06T19:59:00Z
TSBK,45.655,2026-08-06T19:16:26Z
TSCO,34.095,2026-08-06T19:59:59Z
TSCV,32.24,2026-08-06T19:51:01Z
TSDD,10.79,2026-08-06T19:59:47Z
TSEC,25.55,2026-08-06T16:03:52Z
TSEG,7.83,2026-08-06T18:16:13Z
TSEL,28.65,2026-08-06T19:59:50Z
TSEM,224.62,2026-08-06T19:59:55Z
TSHA,6.34,2026-08-06T19:59:57Z
TSI,4.41,2026-08-06T19:56:29Z
TSII,12.04,2026-08-06T17:45:12Z
TSL,11.73,2026-08-06T19:57:37Z
TSLA,319.575,2026-08-06T19:59:58Z
TSLG,3.81,2026-08-06T19:59:48Z
TSLL,7.67,2026-08-06T19:59:53Z
TSLP,13.48,2026-08-06T16:16:47Z
TSLQ,25.585,2026-08-06T19:59:13Z
TSLR,13.205,2026-08-06T19:59:54Z
TSLS,65,2026-08-06T19:54:30Z
TSLT,10.73,2026-08-06T19:58:53Z
TSLX,18.7,2026-08-06T19:59:49Z
TSLY,21.34,2026-08-06T19:59:20Z
TSLZ,16.215,2026-08-06T19:55:05Z
TSM,418.18,2026-08-06T19:59:59Z
TSME,49.99,2026-08-06T18:41:50Z
TSMG,37.505,2026-08-06T19:59:32Z
TSMU,68.1,2026-08-06T18:16:05Z
TSMX,77.67,2026-08-06T19:59:46Z
TSMY,15.33,2026-08-06T19:59:32Z
TSMZ,7.87,2026-08-06T19:02:34Z
TSN,58.51,2026-08-06T19:59:55Z
TSPA,48.53,2026-08-06T19:55:11Z
TSPY,25.63,2026-08-06T19:59:50Z
TSQ,6.295,2026-08-06T19:56:30Z
TSSI,10.755,2026-08-06T19:59:00Z
TSUI,13.56,2026-08-06T16:36:28Z
TSXD,5.42,2026-08-06T19:50:00Z
TSXU,56.81,2026-08-06T16:24:12Z
TSYX,23.72,2026-08-06T18:30:11Z
TSYY,20.33,2026-08-06T19:59:50Z
TT,478.8,2026-08-06T19:59:46Z
TTAM,15.72,2026-08-06T19:59:40Z
TTAN,85.535,2026-08-06T19:59:50Z
TTC,98.29,2026-08-06T19:59:44Z
TTD,17.68,2026-08-06T19:59:58Z
TTDU,2.46,2026-08-06T19:59:50Z
TTE,86.245,2026-08-06T19:59:44Z
TTEC,2.59,2026-08-06T19:59:54Z
TTEK,34.735,2026-08-06T19:59:57Z
TTEQ,41.3,2026-08-06T19:54:12Z
TTGT,4.29,2026-08-06T19:59:46Z
TTI,8.59,2026-08-06T19:59:53Z
TTMI,136.41,2026-08-06T19:59:58Z
TTMX,13,2026-08-06T16:40:33Z
TTRX,9.63,2026-08-06T19:58:09Z
TTWO,232.575,2026-08-06T19:59:50Z
TTXD,12.75,2026-08-06T18:16:05Z
TTXU,34.9,2026-08-06T18:16:07Z
TU,9.815,2026-08-06T19:59:54Z
TUA,20.285,2026-08-06T16:13:48Z
TUGN,27.66,2026-08-06T19:50:02Z
TUR,38.76,2026-08-06T17:39:02Z
TURB,1.34,2026-08-06T19:34:12Z
TURF,33.06,2026-08-06T16:46:37Z
TUSI,25.33,2026-08-06T19:59:46Z
TUSK,2.94,2026-08-06T19:59:49Z
TUYA,1.765,2026-08-06T19:58:41Z
TV,2.84,2026-08-06T19:59:50Z
TVAL,43.275,2026-08-06T19:59:32Z
TVGN,6.43,2026-08-06T15:25:27Z
TVRD,1.855,2026-08-06T19:59:05Z
TVTX,62.45,2026-08-06T19:59:56Z
TW,103.32,2026-08-06T19:59:58Z
TWAV,1.39,2026-08-06T13:38:08Z
TWFG,28.55,2026-08-06T19:59:53Z
TWG,1.55,2026-08-06T13:35:30Z
TWI,7.2,2026-08-06T19:59:48Z
TWIN,23.36,2026-08-06T19:59:55Z
TWLO,193.29,2026-08-06T19:59:55Z
TWM,21.07,2026-08-06T19:59:50Z
TWO,12.04,2026-08-06T19:59:52Z
TWO-C,25.075,2026-08-06T19:20:19Z
TWST,109,2026-08-06T19:59:46Z
TX,51.92,2026-08-06T19:59:36Z
TXG,45.6,2026-08-06T19:59:54Z
TXN,278.22,2026-08-06T19:59:55Z
TXNM,57.51,2026-08-06T19:59:51Z
TXNU,46.12,2026-08-06T18:16:13Z
TXO,13.5,2026-08-06T19:59:35Z
TXRH,207.62,2026-08-06T19:59:49Z
TXS,41.78,2026-08-06T13:43:36Z
TXT,87.87,2026-08-06T19:59:30Z
TXUE,36.575,2026-08-06T19:50:00Z
TXUG,27.59,2026-08-06T13:39:55Z
TXXD,2.85,2026-08-06T19:56:28Z
TY,35.49,2026-08-06T19:05:27Z
TYA,12.34,2026-08-06T19:59:50Z
TYG,42,2026-08-06T19:49:59Z
TYGO,1.28,2026-08-06T19:59:56Z
TYL,306.02,2026-08-06T19:59:44Z
TYRA,26.98,2026-08-06T19:59:48Z
TZA,38.83,2026-08-06T19:59:59Z
TZOO,7.18,2026-08-06T19:59:24Z
U,40.815,2026-08-06T19:59:58Z
UA,6.24,2026-08-06T19:59:58Z
UAA,6.39,2026-08-06T19:59:57Z
UAE,19.65,2026-08-06T19:59:47Z
UAL,129.14,2026-08-06T19:59:56Z
UAMY,6.21,2026-08-06T19:59:58Z
UAN,127.13,2026-08-06T18:48:13Z
UAPR,35.54,2026-08-06T15:13:21Z
UAUG,42.91,2026-08-06T19:59:33Z
UAVS,0.7212,2026-08-06T19:42:55Z
UBER,70.465,2026-08-06T19:59:56Z
UBND,21.47,2026-08-06T19:53:51Z
UBRL,13.635,2026-08-06T14:16:48Z
UBS,52.84,2026-08-06T19:59:59Z
UBSI,48.54,2026-08-06T19:59:49Z
UCAR,0.878,2026-08-06T19:36:03Z
UCB,35.695,2026-08-06T19:59:49Z
UCO,37.17,2026-08-06T19:59:10Z
UCON,24.655,2026-08-06T19:16:06Z
UCTT,83.09,2026-08-06T19:59:55Z
UDN,18.11,2026-08-06T19:59:51Z
UDOW,75.62,2026-08-06T19:59:59Z
UDR,38.17,2026-08-06T19:59:56Z
UE,21.54,2026-08-06T19:59:49Z
UEC,10.77,2026-08-06T19:59:58Z
UECG,3.98,2026-08-06T19:59:46Z
UEIC,4.75,2026-08-06T19:54:44Z
UFCS,54.9,2026-08-06T19:59:51Z
UFEB,39.23,2026-08-06T19:59:46Z
UFG,0.4501,2026-08-06T13:31:50Z
UFI,6.86,2026-08-06T19:57:39Z
UFO,46.55,2026-08-06T19:54:40Z
UFOX,85.23,2026-08-06T15:23:50Z
UFPI,91.84,2026-08-06T19:59:56Z
UFPT,311.32,2026-08-06T19:52:53Z
UGA,109.51,2026-08-06T14:07:00Z
UGI,34.28,2026-08-06T19:59:55Z
UGL,48.525,2026-08-06T19:59:44Z
UGLD,21.56,2026-08-06T14:47:17Z
UGP,6.375,2026-08-06T19:59:47Z
UHAL,75.15,2026-08-06T19:59:38Z
UHAL.B,65.515,2026-08-06T19:59:48Z
UHS,169.73,2026-08-06T19:59:51Z
UHT,42,2026-08-06T19:56:56Z
UI,564.84,2026-08-06T19:53:18Z
UIS,2.87,2026-08-06T19:59:59Z
UITB,46.25,2026-08-06T19:59:50Z
UJAN,46.01,2026-08-06T19:59:46Z
UJUL,41.355,2026-08-06T16:01:15Z
UJUN,39.14,2026-08-06T14:47:12Z
UK,2.11,2026-08-06T18:04:42Z
UL,63.67,2026-08-06T19:59:58Z
ULBI,5.28,2026-08-06T19:59:59Z
ULCC,7.56,2026-08-06T19:59:56Z
ULH,18.11,2026-08-06T15:52:31Z
ULS,76.99,2026-08-06T19:59:46Z
ULST,40.295,2026-08-06T19:52:34Z
ULTA,538.79,2026-08-06T19:59:58Z
ULTI,7.56,2026-08-06T19:59:45Z
ULTY,26.86,2026-08-06T19:59:52Z
UMAC,24.19,2026-08-06T19:59:53Z
UMAL,15.31,2026-08-06T14:03:55Z
UMAR,42.875,2026-08-06T19:41:59Z
UMBF,145.09,2026-08-06T19:59:38Z
UMC,19.19,2026-08-06T19:59:59Z
UMDD,36.97,2026-08-06T17:02:42Z
UMH,15.73,2026-08-06T19:59:50Z
UMI,59.91,2026-08-06T19:59:50Z
UMMA,36.73,2026-08-06T19:34:24Z
UNCY,5.04,2026-08-06T19:59:38Z
UNF,289.42,2026-08-06T19:58:59Z
UNFI,47.84,2026-08-06T19:59:40Z
UNG,9.63,2026-08-06T19:59:56Z
UNH,403.91,2026-08-06T19:59:58Z
UNHG,21.12,2026-08-06T19:59:51Z
UNIT,9.605,2026-08-06T19:59:55Z
UNL,5.82,2026-08-06T19:53:11Z
UNM,89.87,2026-08-06T19:59:56Z
UNMA,21.15,2026-08-06T19:00:22Z
UNOV,40.89,2026-08-06T14:15:00Z
UNP,295.525,2026-08-06T19:59:56Z
UNTY,60.19,2026-08-06T19:59:04Z
UNX,86.81,2026-08-06T14:49:58Z
UOCT,41.81,2026-08-06T18:13:52Z
UONE,5.18,2026-08-06T17:22:30Z
UP,5.325,2026-08-06T19:57:27Z
UPB,6.875,2026-08-06T19:59:55Z
UPBD,19.5,2026-08-06T19:59:50Z
UPC,6.06,2026-08-06T19:57:09Z
UPRO,152.35,2026-08-06T19:59:32Z
UPS,103.17,2026-08-06T19:59:55Z
UPSD,30.04,2026-08-06T19:59:50Z
UPST,29.71,2026-08-06T19:59:54Z
UPSX,15.55,2026-08-06T19:50:00Z
UPWK,9.43,2026-08-06T19:59:58Z
UPXI,0.82,2026-08-06T19:59:58Z
URA,43.205,2026-08-06T19:59:58Z
URAA,23.97,2026-08-06T19:38:08Z
URBN,77.67,2026-08-06T19:59:51Z
URG,1.315,2026-08-06T19:59:58Z
URGN,45.66,2026-08-06T19:59:41Z
URI,1162.57,2026-08-06T19:59:38Z
URNJ,23.445,2026-08-06T19:59:56Z
URNM,53,2026-08-06T19:59:55Z
UROY,3.955,2026-08-06T19:59:58Z
URTH,208.64,2026-08-06T19:59:59Z
URTY,84.17,2026-08-06T19:59:59Z
USA,5.985,2026-08-06T19:59:59Z
USAC,26.065,2026-08-06T19:59:41Z
USAR,17.4,2026-08-06T19:59:58Z
USAS,4.68,2026-08-06T19:59:57Z
USAU,15.01,2026-08-06T19:56:49Z
USB,63.835,2026-08-06T19:59:59Z
USB-H,18.71,2026-08-06T18:12:30Z
USB-P,21.55,2026-08-06T18:44:50Z
USB-R,15.11,2026-08-06T19:24:26Z
USBC,0.3552,2026-08-06T19:51:08Z
USD,90.46,2026-08-06T19:59:59Z
USDE,2.235,2026-08-06T19:09:58Z
USDU,26.455,2026-08-06T19:59:11Z
USDX,25.49,2026-08-06T18:10:35Z
USEA,2.68,2026-08-06T15:23:21Z
USEP,41.83,2026-08-06T19:08:55Z
USFD,106.96,2026-08-06T19:59:55Z
USFR,50.405,2026-08-06T19:56:41Z
USGG,6.96,2026-08-06T17:01:25Z
USGO,8.46,2026-08-06T19:59:04Z
USHY,36.75,2026-08-06T19:59:51Z
USIG,50.31,2026-08-06T19:59:51Z
USIO,2.29,2026-08-06T19:59:51Z
USLM,116.54,2026-08-06T19:52:23Z
USMC,76.25,2026-08-06T19:59:52Z
USMV,100.03,2026-08-06T19:59:56Z
USNA,14.86,2026-08-06T19:59:47Z
USNG,34.39,2026-08-06T17:10:30Z
USO,118.86,2026-08-06T19:59:56Z
USOI,44.96,2026-08-06T18:43:49Z
USOY,6.77,2026-08-06T19:59:51Z
USPH,76.465,2026-08-06T19:59:51Z
USPX,67.17,2026-08-06T19:39:02Z
USRT,67.09,2026-08-06T19:59:41Z
USSE,41.34,2026-08-06T19:59:45Z
USSG,71.88,2026-08-06T19:23:05Z
USTB,50.535,2026-08-06T19:00:38Z
USVM,110.87,2026-08-06T19:14:50Z
USXF,68.85,2026-08-06T19:59:58Z
UTEN,42.53,2026-08-06T14:51:12Z
UTES,75.91,2026-08-06T19:59:53Z
UTF,27.225,2026-08-06T19:56:13Z
UTG,38.77,2026-08-06T19:58:48Z
UTHR,532.91,2026-08-06T19:59:53Z
UTHY,38.995,2026-08-06T19:58:17Z
UTI,27.86,2026-08-06T19:59:56Z
UTL,53.75,2026-08-06T19:57:31Z
UTMD,70.565,2026-08-06T15:42:47Z
UTSL,39.17,2026-08-06T19:55:14Z
UTZ,14.16,2026-08-06T19:59:55Z
UUP,28.17,2026-08-06T19:53:52Z
UUUG,3.885,2026-08-06T19:59:45Z
UUUU,12.91,2026-08-06T19:59:59Z
UVE,44.885,2026-08-06T19:56:44Z
UVIX,50.3,2026-08-06T19:59:56Z
UVSP,43.71,2026-08-06T19:59:34Z
UVV,51.205,2026-08-06T19:59:29Z
UVXY,21.525,2026-08-06T19:59:52Z
UWM,65.825,2026-08-06T19:53:29Z
UWMC,1.185,2026-08-06T19:59:59Z
UXIN,1.015,2026-08-06T19:59:37Z
UXOC,40.33,2026-08-06T17:07:42Z
UXRP,9.66,2026-08-06T13:41:14Z
UYLD,51.025,2026-08-06T19:59:45Z
UZF,16.79,2026-08-06T19:45:49Z
V,370.455,2026-08-06T19:59:59Z
VAC,124.61,2026-08-06T19:59:55Z
VAIE,24.91,2026-08-06T17:23:13Z
VAL,77.19,2026-08-06T19:59:59Z
VALE,14.725,2026-08-06T19:59:57Z
VALN,5.23,2026-08-06T16:44:11Z
VAMO,36.01,2026-08-06T15:37:57Z
VANI,1.37,2026-08-06T18:56:41Z
VATE,7.4,2026-08-06T19:59:59Z
VB,302.08,2026-08-06T19:58:54Z
VBCC,75.14,2026-08-06T14:15:17Z
VBCE,74.86,2026-08-06T14:14:19Z
VBCF,74.8,2026-08-06T14:15:47Z
VBCJ,74.11,2026-08-06T14:07:24Z
VBF,14.76,2026-08-06T19:57:36Z
VBIL,75.525,2026-08-06T19:58:33Z
VBIO,0.265,2026-08-06T19:56:06Z
VBK,352.34,2026-08-06T19:54:01Z
VBND,43.08,2026-08-06T13:57:22Z
VBNK,19.14,2026-08-06T19:59:17Z
VBR,248.4,2026-08-06T19:59:55Z
VC,103.12,2026-08-06T19:59:41Z
VCEB,61.515,2026-08-06T19:34:34Z
VCEL,44.755,2026-08-06T19:59:49Z
VCIG,0.2894,2026-08-06T19:43:30Z
VCIT,81.275,2026-08-06T19:59:58Z
VCLT,72.23,2026-08-06T19:59:46Z
VCR,397.015,2026-08-06T19:53:28Z
VCRB,75.96,2026-08-06T19:59:52Z
VCRM,75.005,2026-08-06T19:55:50Z
VCSH,78.48,2026-08-06T19:59:58Z
VCTR,106.75,2026-08-06T19:59:55Z
VCV,10.61,2026-08-06T19:52:13Z
VCX,32.635,2026-08-06T19:54:26Z
VCYT,46.13,2026-08-06T19:59:55Z
VDC,230.66,2026-08-06T19:59:39Z
VDE,164.17,2026-08-06T19:59:57Z
VEA,72.125,2026-08-06T19:59:58Z
VECA,9.98,2026-08-06T19:53:14Z
VECO,51.7,2026-08-06T19:59:49Z
VEEA,0.1567,2026-08-06T19:00:27Z
VEEE,9.13,2026-08-06T19:58:50Z
VEEV,217.84,2026-08-06T19:59:58Z
VEGI,44.41,2026-08-06T14:55:05Z
VEGN,77.46,2026-08-06T18:16:06Z
VEL,18.15,2026-08-06T19:59:45Z
VELL,4.95,2026-08-06T18:14:00Z
VELO,13.23,2026-08-06T19:59:58Z
VEMY,28.625,2026-08-06T19:24:22Z
VENU,2,2026-08-06T19:59:44Z
VEON,55.71,2026-08-06T19:57:21Z
VERA,32.02,2026-08-06T19:59:50Z
VERI,1.255,2026-08-06T19:59:45Z
VERU,2.3,2026-08-06T19:59:19Z
VERX,11.575,2026-08-06T19:59:44Z
VET,10.97,2026-08-06T19:59:50Z
VEU,84.34,2026-08-06T19:59:50Z
VEXC,94.51,2026-08-06T19:59:25Z
VFC,14.755,2026-08-06T19:59:59Z
VFF,2.035,2026-08-06T19:59:56Z
VFH,141.39,2026-08-06T19:59:57Z
VFLO,50.31,2026-08-06T19:59:50Z
VFMO,231.43,2026-08-06T18:47:48Z
VFS,3.285,2026-08-06T19:59:56Z
VG,13.58,2026-08-06T19:59:56Z
VGAS,1.35,2026-08-06T19:59:55Z
VGHY,74.35,2026-08-06T19:15:40Z
VGI,7.35,2026-08-06T19:53:57Z
VGIT,58.305,2026-08-06T19:59:25Z
VGK,91.86,2026-08-06T19:59:57Z
VGLT,52.945,2026-08-06T19:59:59Z
VGM,10.28,2026-08-06T18:39:31Z
VGMS,50.865,2026-08-06T14:57:40Z
VGNT,42.84,2026-08-06T19:59:54Z
VGSH,57.99,2026-08-06T19:58:20Z
VGSR,11.595,2026-08-06T14:50:21Z
VGT,119.61,2026-08-06T19:59:58Z
VGUS,75.495,2026-08-06T19:58:16Z
VGZ,2.03,2026-08-06T19:57:58Z
VHC,16.17,2026-08-06T15:17:08Z
VHI,15.26,2026-08-06T14:05:28Z
VHT,308.61,2026-08-06T19:55:00Z
VHUB,0.6875,2026-08-06T18:15:52Z
VIA,21.55,2026-08-06T19:59:50Z
VIAV,40.595,2026-08-06T19:59:54Z
VICI,26.56,2026-08-06T19:59:57Z
VICR,218.82,2026-08-06T19:59:42Z
VIDA,2.44,2026-08-06T14:26:07Z
VIDI,39.55,2026-08-06T19:34:26Z
VIG,244.31,2026-08-06T19:59:45Z
VIGI,98.425,2026-08-06T19:59:47Z
VIK,106.12,2026-08-06T19:59:49Z
VINP,9.94,2026-08-06T19:59:55Z
VIOG,152.83,2026-08-06T14:32:23Z
VIOO,137.465,2026-08-06T19:21:11Z
VIOT,0.75,2026-08-06T17:58:49Z
VIP,2.06,2026-08-06T19:58:35Z
VIPS,15.41,2026-08-06T19:59:59Z
VIR,8.775,2026-08-06T19:59:56Z
VIRC,6.03,2026-08-06T17:17:30Z
VIRT,55.59,2026-08-06T19:59:51Z
VIS,355.12,2026-08-06T19:53:28Z
VISN,10.105,2026-08-06T19:59:59Z
VIST,66.13,2026-08-06T19:59:44Z
VITL,12.53,2026-08-06T19:59:50Z
VIV,12.09,2026-08-06T19:59:55Z
VIVK,1.445,2026-08-06T19:59:29Z
VIVO,3.87,2026-08-06T19:58:11Z
VIVS,0.3295,2026-08-06T19:59:27Z
VIXM,14.2,2026-08-06T19:59:25Z
VIXY,19.495,2026-08-06T19:59:48Z
VKI,8.92,2026-08-06T19:59:19Z
VKQ,9.83,2026-08-06T19:59:34Z
VKTX,33.32,2026-08-06T19:59:52Z
VLGEA,43.44,2026-08-06T19:54:51Z
VLN,1.675,2026-08-06T19:59:43Z
VLO,302.87,2026-08-06T19:59:48Z
VLRS,8.06,2026-08-06T19:59:47Z
VLT,10.04,2026-08-06T19:29:25Z
VLTO,98.02,2026-08-06T19:59:30Z
VLUE,196.08,2026-08-06T19:59:36Z
VLY,14.48,2026-08-06T19:59:59Z
VLYPP,24.96,2026-08-06T17:57:01Z
VMAR,0.6972,2026-08-06T19:59:46Z
VMBS,46.09,2026-08-06T19:59:51Z
VMC,281.39,2026-08-06T19:59:35Z
VMD,9.5,2026-08-06T19:59:56Z
VMET,9.72,2026-08-06T19:34:11Z
VMI,490.53,2026-08-06T19:59:37Z
VMO,9.765,2026-08-06T19:59:54Z
VNCE,6.83,2026-08-06T19:59:02Z
VNDA,5.115,2026-08-06T19:59:50Z
VNET,7.005,2026-08-06T19:59:50Z
VNLA,48.84,2026-08-06T19:56:58Z
VNM,17.445,2026-08-06T19:25:11Z
VNO,38.9,2026-08-06T19:59:49Z
VNOM,41.42,2026-08-06T19:59:45Z
VNQ,98.02,2026-08-06T19:59:55Z
VNQI,45.89,2026-08-06T19:59:50Z
VNRX,0.7562,2026-08-06T19:59:48Z
VNT,35.33,2026-08-06T19:59:56Z
VNTG,0.6146,2026-08-06T14:54:52Z
VO,82.145,2026-08-06T19:59:58Z
VOC,2.98,2026-08-06T19:43:07Z
VOD,16,2026-08-06T19:59:58Z
VOE,207.195,2026-08-06T14:04:02Z
VOLT,38,2026-08-06T19:59:51Z
VONE,347.33,2026-08-06T19:53:28Z
VONG,127.275,2026-08-06T19:54:14Z
VONV,112.31,2026-08-06T19:59:52Z
VOO,706.645,2026-08-06T19:59:58Z
VOOG,84.835,2026-08-06T19:59:57Z
VOOV,226.48,2026-08-06T19:59:52Z
VOOX,25.42,2026-08-06T13:44:32Z
VOR,23.72,2026-08-06T19:59:55Z
VOT,302.315,2026-08-06T19:55:00Z
VOTE,90.58,2026-08-06T19:59:50Z
VOX,186.27,2026-08-06T19:59:54Z
VOXR,4.96,2026-08-06T19:59:34Z
VOYA,101.48,2026-08-06T19:59:46Z
VOYA-B,23.57,2026-08-06T19:40:23Z
VOYG,38.33,2026-08-06T19:59:51Z
VPC,15.46,2026-08-06T19:46:08Z
VPG,68.59,2026-08-06T19:58:11Z
VPL,112.31,2026-08-06T19:58:01Z
VPLS,76.39,2026-08-06T19:37:04Z
VPU,187.31,2026-08-06T19:55:55Z
VPV,10.93,2026-08-06T18:01:53Z
VPX,30.91,2026-08-06T15:13:59Z
VRA,3.4,2026-08-06T19:59:54Z
VRAX,2.9,2026-08-06T15:57:47Z
VRCA,5.345,2026-08-06T19:53:21Z
VRDN,22.51,2026-08-06T19:59:59Z
VREX,12.25,2026-08-06T19:59:34Z
VRNS,42.43,2026-08-06T19:59:47Z
VRP,24.225,2026-08-06T19:59:59Z
VRRM,5.11,2026-08-06T19:59:55Z
VRSK,189.69,2026-08-06T19:59:36Z
VRSN,292.24,2026-08-06T19:59:38Z
VRT,275.24,2026-08-06T19:59:58Z
VRTL,31.78,2026-08-06T19:50:02Z
VRTS,164.025,2026-08-06T19:46:03Z
VRTX,484.09,2026-08-06T19:59:51Z
VRXA,1.855,2026-08-06T19:59:50Z
VSAT,82.01,2026-08-06T19:59:54Z
VSDB,75.88,2026-08-06T15:25:41Z
VSDM,76.115,2026-08-06T19:48:26Z
VSEC,224.92,2026-08-06T19:59:26Z
VSGX,82.06,2026-08-06T19:10:17Z
VSH,32.78,2026-08-06T19:59:57Z
VSLU,48.94,2026-08-06T19:55:55Z
VSNT,38.23,2026-08-06T19:59:59Z
VSS,157.12,2026-08-06T19:59:50Z
VST,141.315,2026-08-06T19:59:59Z
VSTL,21.71,2026-08-06T18:35:16Z
VSTM,5.9,2026-08-06T19:59:58Z
VSTS,13.855,2026-08-06T19:59:29Z
VSXY,93.57,2026-08-06T19:59:54Z
VT,159.885,2026-08-06T19:59:53Z
VTAK,0.2621,2026-08-06T18:02:24Z
VTC,75.27,2026-08-06T19:59:51Z
VTEB,49.67,2026-08-06T19:59:59Z
VTEC,98.84,2026-08-06T19:59:43Z
VTEI,99.26,2026-08-06T19:54:54Z
VTEL,102.19,2026-08-06T18:30:21Z
VTES,100.68,2026-08-06T19:59:51Z
VTEX,4.285,2026-08-06T19:59:55Z
VTG,74.225,2026-08-06T15:53:27Z
VTGN,0.2777,2026-08-06T19:59:21Z
VTHR,339.75,2026-08-06T18:22:59Z
VTI,379.08,2026-08-06T19:59:57Z
VTIP,49.63,2026-08-06T19:59:56Z
VTIX,1.72,2026-08-06T19:58:56Z
VTMX,33.51,2026-08-06T19:59:58Z
VTN,11.23,2026-08-06T16:33:35Z
VTOL,45,2026-08-06T19:59:13Z
VTP,75.145,2026-08-06T19:53:32Z
VTR,92.265,2026-08-06T19:59:55Z
VTRS,16.27,2026-08-06T19:59:59Z
VTS,15.76,2026-08-06T19:59:47Z
VTSI,3.05,2026-08-06T19:56:30Z
VTV,223.36,2026-08-06T19:59:50Z
VTVT,34.55,2026-08-06T19:58:05Z
VTWO,120.53,2026-08-06T19:59:48Z
VUG,88.68,2026-08-06T19:59:58Z
VUSB,49.63,2026-08-06T19:59:51Z
VUSG,65.195,2026-08-06T13:42:59Z
VUZI,2.585,2026-08-06T19:59:55Z
VV,353.755,2026-08-06T19:59:48Z
VVOS,0.3237,2026-08-06T19:59:53Z
VVR,2.96,2026-08-06T19:59:01Z
VVV,35.62,2026-08-06T19:59:53Z
VVX,84.55,2026-08-06T19:59:52Z
VWAV,1.235,2026-08-06T19:58:44Z
VWO,59.95,2026-08-06T19:59:57Z
VWOB,66.03,2026-08-06T19:58:47Z
VXF,242.96,2026-08-06T19:59:51Z
VXUS,86.285,2026-08-06T19:59:46Z
VXX,20.24,2026-08-06T19:59:57Z
VXZ,49.88,2026-08-06T19:55:22Z
VYGR,3.12,2026-08-06T19:59:26Z
VYM,164.66,2026-08-06T19:59:38Z
VYMI,104.34,2026-08-06T19:59:49Z
VYX,8.38,2026-08-06T19:59:56Z
VZ,46.98,2026-08-06T19:59:59Z
VZLA,3.53,2026-08-06T19:59:58Z
W,104.07,2026-08-06T19:59:55Z
WAB,294.78,2026-08-06T19:59:40Z
WABC,59.65,2026-08-06T19:59:45Z
WAFD,37.47,2026-08-06T19:59:50Z
WAGN,14.79,2026-08-06T19:55:03Z
WAL,81.33,2026-08-06T19:59:48Z
WALD,1.445,2026-08-06T19:59:29Z
WAMA,26.94,2026-08-06T18:37:57Z
WANT,42.63,2026-08-06T19:59:51Z
WAR,31.7,2026-08-06T16:00:25Z
WARP,20.72,2026-08-06T19:59:48Z
WASH,39.09,2026-08-06T19:59:36Z
WAT,400.12,2026-08-06T19:59:47Z
WATT,17.87,2026-08-06T19:57:54Z
WAVE,7.425,2026-08-06T13:38:10Z
WAY,23.36,2026-08-06T19:59:55Z
WB,7.89,2026-08-06T19:59:56Z
WBD,26.42,2026-08-06T19:59:58Z
WBI,32.77,2026-08-06T19:59:56Z
WBIY,37.59,2026-08-06T19:02:13Z
WBS,78.81,2026-08-06T19:59:59Z
WBTN,8.69,2026-08-06T19:59:50Z
WBX,3.505,2026-08-06T19:59:40Z
WCBR,39.05,2026-08-06T18:26:01Z
WCC,371.66,2026-08-06T19:59:52Z
WCLD,37.49,2026-08-06T19:59:59Z
WCME,18.7,2026-08-06T19:55:01Z
WCMI,19.54,2026-08-06T19:59:55Z
WCN,167.43,2026-08-06T19:59:55Z
WD,44.15,2026-08-06T19:59:03Z
WDAY,170.24,2026-08-06T19:59:59Z
WDC,451.2,2026-08-06T19:59:56Z
WDCC,14.34,2026-08-06T19:08:24Z
WDCX,18.29,2026-08-06T19:59:53Z
WDEF,31.79,2026-08-06T19:45:27Z
WDFC,231.47,2026-08-06T19:47:56Z
WDH,1,2026-08-06T18:23:10Z
WDI,13.06,2026-08-06T19:56:06Z
WDS,22.705,2026-08-06T19:59:55Z
WDTE,29.915,2026-08-06T14:56:45Z
WEA,10.47,2026-08-06T17:20:00Z
WEAT,23.685,2026-08-06T19:59:42Z
WEAV,6.655,2026-08-06T19:59:53Z
WEBL,27.48,2026-08-06T19:53:28Z
WEBS,15.54,2026-08-06T18:16:13Z
WEC,107.815,2026-08-06T19:59:33Z
WEEI,23.77,2026-08-06T19:59:51Z
WELD,58.455,2026-08-06T19:39:23Z
WELL,236.09,2026-08-06T19:59:59Z
WEN,7.355,2026-08-06T19:59:59Z
WERN,36.88,2026-08-06T19:59:57Z
WES,47.1,2026-08-06T19:59:53Z
WEST,8.1,2026-08-06T19:59:50Z
WETH,1.085,2026-08-06T18:07:26Z
WETO,5.71,2026-08-06T19:56:15Z
WEX,189.58,2026-08-06T19:59:49Z
WEYS,44.085,2026-08-06T19:55:56Z
WF,70.295,2026-08-06T19:58:33Z
WFC,87.6,2026-08-06T19:59:56Z
WFC-A,17.99,2026-08-06T18:01:41Z
WFC-C,16.735,2026-08-06T19:59:21Z
WFC-D,16.31,2026-08-06T19:23:26Z
WFC-L,1171.94,2026-08-06T19:53:52Z
WFC-Y,22.13,2026-08-06T18:22:29Z
WFC-Z,18.21,2026-08-06T19:59:56Z
WFF,2.63,2026-08-06T16:54:29Z
WFG,69.765,2026-08-06T19:59:50Z
WFRD,88.93,2026-08-06T19:59:55Z
WGMI,48.44,2026-08-06T19:59:56Z
WGO,31.325,2026-08-06T19:59:48Z
WGS,69.72,2026-08-06T19:59:25Z
WH,75.185,2026-08-06T19:59:55Z
WHD,68.6,2026-08-06T19:59:41Z
WHF,6.65,2026-08-06T19:53:07Z
WHG,19.395,2026-08-06T18:16:09Z
WHK,25.78,2026-08-06T19:59:41Z
WHLR,0.455,2026-08-06T15:37:39Z
WHR,42.97,2026-08-06T19:59:50Z
WHR-A,35.95,2026-08-06T19:41:12Z
WHWK,4.69,2026-08-06T19:59:01Z
WIA,7.96,2026-08-06T19:59:34Z
WIMI,1.37,2026-08-06T19:59:41Z
WINA,353.005,2026-08-06T19:59:54Z
WING,116.61,2026-08-06T19:59:56Z
WINN,33.76,2026-08-06T19:36:53Z
WIP,39.29,2026-08-06T19:29:54Z
WISE,37.03,2026-08-06T18:16:06Z
WIT,1.995,2026-08-06T19:59:51Z
WIW,8.35,2026-08-06T19:45:23Z
WIX,60.925,2026-08-06T19:59:57Z
WK,62.135,2026-08-06T19:59:27Z
WKC,37.26,2026-08-06T19:59:54Z
WKEY,6.46,2026-08-06T19:47:50Z
WKHS,3.23,2026-08-06T19:52:37Z
WKSP,0.7014,2026-08-06T18:48:52Z
WLDN,73.78,2026-08-06T19:59:43Z
WLDR,46.765,2026-08-06T14:06:17Z
WLDS,4.145,2026-08-06T19:58:54Z
WLFC,63.975,2026-08-06T19:59:49Z
WLK,77.45,2026-08-06T19:59:19Z
WLKP,21.355,2026-08-06T19:58:55Z
WLTG,38.73,2026-08-06T18:10:26Z
WLTH,9.61,2026-08-06T19:59:36Z
WLY,53.75,2026-08-06T19:59:22Z
WM,229.2,2026-08-06T19:59:50Z
WMB,71.765,2026-08-06T19:59:58Z
WMG,26.45,2026-08-06T19:59:51Z
WMK,75.57,2026-08-06T19:56:51Z
WMS,148.66,2026-08-06T19:59:56Z
WMT,112.07,2026-08-06T19:59:57Z
WNC,12.54,2026-08-06T19:59:28Z
WNEB,14.05,2026-08-06T19:59:56Z
WNTR,26.12,2026-08-06T13:34:45Z
WNW,2.755,2026-08-06T18:26:56Z
WOK,2.05,2026-08-06T16:16:17Z
WOLF,27.56,2026-08-06T19:59:53Z
WOOF,2.765,2026-08-06T19:59:54Z
WOR,57.7,2026-08-06T19:49:51Z
WPC,71.82,2026-08-06T19:59:48Z
WPM,125.37,2026-08-06T19:59:56Z
WPP,25.96,2026-08-06T19:59:49Z
WPRT,1.85,2026-08-06T16:02:31Z
WQTM,33.5,2026-08-06T19:59:51Z
WRAP,1.95,2026-08-06T19:59:54Z
WRB,72.11,2026-08-06T19:59:50Z
WRBY,26.955,2026-08-06T19:59:48Z
WRD,5.895,2026-08-06T19:59:52Z
WRLD,190.51,2026-08-06T19:58:28Z
WRN,2.315,2026-08-06T19:59:46Z
WS,37.14,2026-08-06T19:59:12Z
WSBC,41.73,2026-08-06T19:59:56Z
WSBCO,25.45,2026-08-06T17:05:55Z
WSBF,20.9,2026-08-06T19:51:00Z
WSBK,13.01,2026-08-06T18:35:47Z
WSC,25.805,2026-08-06T19:59:56Z
WSE,12.38,2026-08-06T19:59:53Z
WSFS,81.67,2026-08-06T19:59:57Z
WSHP,5.33,2026-08-06T19:45:20Z
WSM,246.42,2026-08-06T19:59:00Z
WSMD,25.35,2026-08-06T19:59:50Z
WSML,35.465,2026-08-06T18:22:26Z
WSO,321.04,2026-08-06T19:59:50Z
WST,348.33,2026-08-06T19:59:32Z
WT,21.47,2026-08-06T19:59:56Z
WTAI,40.72,2026-08-06T19:55:00Z
WTBA,28.3,2026-08-06T19:59:59Z
WTFC,159.07,2026-08-06T19:59:42Z
WTFCN,25.99,2026-08-06T19:43:30Z
WTI,3.345,2026-08-06T19:59:56Z
WTIB,22.06,2026-08-06T13:47:09Z
WTID,3.99,2026-08-06T19:40:05Z
WTIU,17.11,2026-08-06T17:18:00Z
WTM,2136.78,2026-08-06T19:58:11Z
WTMY,24.97,2026-08-06T19:57:21Z
WTPI,33.27,2026-08-06T19:58:19Z
WTRE,24.355,2026-08-06T16:04:29Z
WTRG,39.87,2026-08-06T19:59:53Z
WTS,376.65,2026-08-06T19:59:50Z
WTTR,20.715,2026-08-06T19:59:59Z
WTV,106.445,2026-08-06T19:55:02Z
WTW,339.98,2026-08-06T19:59:58Z
WU,7.17,2026-08-06T19:59:59Z
WULF,17.59,2026-08-06T19:59:57Z
WULX,21.45,2026-08-06T18:16:27Z
WVE,6.02,2026-08-06T19:59:59Z
WW,16.75,2026-08-06T19:59:53Z
WWD,365.65,2026-08-06T19:59:59Z
WWJD,40.335,2026-08-06T19:24:03Z
WWR,0.4043,2026-08-06T19:59:37Z
WWW,19.02,2026-08-06T19:59:43Z
WXM,4.325,2026-08-06T16:41:19Z
WY,25.44,2026-08-06T19:59:57Z
WYFI,24.68,2026-08-06T19:59:56Z
WYFL,9.33,2026-08-06T19:59:44Z
WYHG,9.92,2026-08-06T19:59:38Z
WYNN,101.465,2026-08-06T19:59:48Z
WYY,10.83,2026-08-06T19:59:51Z
WZRD,0.507,2026-08-06T15:36:36Z
XAGG,49.75,2026-08-06T19:59:23Z
XAIR,5.665,2026-08-06T19:23:18Z
XAIX,55.39,2026-08-06T19:52:54Z
XAR,282.43,2026-08-06T19:42:29Z
XBAP,42.51,2026-08-06T17:35:58Z
XBCI,31.54,2026-08-06T19:58:17Z
XBFR,26.84,2026-08-06T16:20:57Z
XBI,154.48,2026-08-06T19:59:53Z
XBIT,2.27,2026-08-06T18:16:12Z
XBJL,40.73,2026-08-06T17:36:20Z
XBOX,100.51,2026-08-06T19:51:45Z
XC,32.37,2026-08-06T15:58:46Z
XCCC,35.87,2026-08-06T17:00:06Z
XCEM,49.135,2026-08-06T17:54:07Z
XCH,0.2953,2026-08-06T19:59:30Z
XCUR,1.345,2026-08-06T18:39:22Z
XDEF,23.935,2026-08-06T13:34:52Z
XDIV,31.38,2026-08-06T19:14:50Z
XDQQ,39.85,2026-08-06T19:59:50Z
XDSQ,44.27,2026-08-06T17:33:57Z
XDTE,39.17,2026-08-06T19:48:45Z
XE,20.85,2026-08-06T19:59:58Z
XEL,76.975,2026-08-06T19:59:54Z
XELB,1.06,2026-08-06T19:58:00Z
XELLL,23.08,2026-08-06T16:41:01Z
XEMD,44.485,2026-08-06T19:48:45Z
XENE,64.44,2026-08-06T19:59:35Z
XERS,7.36,2026-08-06T19:59:52Z
XES,113.86,2026-08-06T19:58:31Z
XFIV,48.145,2026-08-06T14:57:35Z
XFLT,18.635,2026-08-06T19:39:44Z
XFOR,4.165,2026-08-06T19:59:59Z
XGN,6.6,2026-08-06T19:59:42Z
XHB,108.8,2026-08-06T19:59:50Z
XHE,91.39,2026-08-06T19:28:58Z
XHLD,2.705,2026-08-06T19:59:45Z
XHLF,50.185,2026-08-06T19:55:11Z
XHR,19.755,2026-08-06T19:59:37Z
XHS,131.38,2026-08-06T19:37:12Z
XIFR,11.43,2026-08-06T19:59:48Z
XIIIU,10.45,2026-08-06T19:43:17Z
XISE,30.34,2026-08-06T15:30:36Z
XJH,52.13,2026-08-06T18:37:28Z
XLB,52.17,2026-08-06T19:59:59Z
XLC,111.185,2026-08-06T19:59:57Z
XLE,58.185,2026-08-06T19:59:59Z
XLEI,26.44,2026-08-06T17:52:51Z
XLF,57.81,2026-08-06T19:59:59Z
XLG,62.965,2026-08-06T19:59:59Z
XLI,184.8,2026-08-06T19:59:58Z
XLII,26.49,2026-08-06T14:16:45Z
XLK,185.32,2026-08-06T19:59:56Z
XLKI,26.46,2026-08-06T18:46:15Z
XLO,9.265,2026-08-06T19:53:28Z
XLP,85.13,2026-08-06T19:59:59Z
XLRE,44.8,2026-08-06T19:59:56Z
XLSI,23.39,2026-08-06T16:10:42Z
XLSR,66.56,2026-08-06T13:56:02Z
XLU,43.385,2026-08-06T19:59:55Z
XLUI,23.38,2026-08-06T19:59:45Z
XLV,164.42,2026-08-06T19:59:59Z
XLY,118.14,2026-08-06T19:59:58Z
XMAX,9.18,2026-08-06T19:59:51Z
XME,110.33,2026-08-06T19:59:54Z
XMHQ,117.22,2026-08-06T19:55:00Z
XMLV,68.38,2026-08-06T19:59:32Z
XMMO,159.46,2026-08-06T19:59:50Z
XMPT,21.58,2026-08-06T17:29:04Z
XMTR,87.085,2026-08-06T19:59:45Z
XNCR,20.03,2026-08-06T19:59:53Z
XNDU,10.405,2026-08-06T19:58:28Z
XNDX,8.9,2026-08-06T19:52:00Z
XNET,5.04,2026-08-06T19:59:38Z
XNTK,357.53,2026-08-06T19:55:00Z
XOM,154.855,2026-08-06T19:59:56Z
XOMO,10.96,2026-08-06T14:58:21Z
XONE,49.24,2026-08-06T19:48:50Z
XOP,166.97,2026-08-06T19:59:50Z
XOS,2.61,2026-08-06T19:59:50Z
XOVL,18.5,2026-08-06T19:59:46Z
XOVR,19.28,2026-08-06T19:59:51Z
XP,16.68,2026-08-06T19:59:58Z
XPAY,54.02,2026-08-06T18:16:06Z
XPEG,3.89,2026-08-06T19:59:50Z
XPEL,47.83,2026-08-06T19:57:15Z
XPER,6.865,2026-08-06T19:59:54Z
XPEV,11.695,2026-08-06T19:59:57Z
XPH,70.02,2026-08-06T19:12:29Z
XPO,196.45,2026-08-06T19:59:50Z
XPOF,6.37,2026-08-06T19:59:49Z
XPON,3.35,2026-08-06T18:29:07Z
XPRO,16.97,2026-08-06T19:59:54Z
XQQI,48.905,2026-08-06T19:54:30Z
XRAY,13.19,2026-08-06T19:59:54Z
XRN,35.26,2026-08-06T19:59:41Z
XRP,11.57,2026-08-06T19:59:59Z
XRPC,10.98,2026-08-06T19:59:39Z
XRPI,5.65,2026-08-06T19:59:46Z
XRPR,8.54,2026-08-06T14:40:57Z
XRPT,20.66,2026-08-06T19:17:39Z
XRPZ,11.235,2026-08-06T19:59:39Z
XRT,89.915,2026-08-06T19:59:54Z
XRTX,2.12,2026-08-06T13:40:16Z
XRX,3.21,2026-08-06T19:59:56Z
XRXDW,0.3332,2026-08-06T19:59:42Z
XSD,521.08,2026-08-06T19:59:19Z
XSHD,14.29,2026-08-06T19:59:45Z
XSHQ,49.48,2026-08-06T19:58:13Z
XSMO,88.26,2026-08-06T19:59:17Z
XSOE,46.335,2026-08-06T19:25:02Z
XSPI,49.93,2026-08-06T19:52:05Z
XSVM,71.71,2026-08-06T14:32:23Z
XSW,190.41,2026-08-06T14:38:08Z
XT,81.6,2026-08-06T19:53:44Z
XTEN,44.35,2026-08-06T19:59:51Z
XTIA,1.49,2026-08-06T19:58:55Z
XTJL,42.12,2026-08-06T17:25:05Z
XTL,217.35,2026-08-06T16:05:55Z
XTN,111.95,2026-08-06T13:42:59Z
XTR,29,2026-08-06T16:08:57Z
XTWO,48.755,2026-08-06T18:12:40Z
XUDV,32.64,2026-08-06T19:31:07Z
XV,24.72,2026-08-06T17:32:30Z
XVV,58.955,2026-08-06T19:36:33Z
XWEL,1.07,2026-08-06T19:27:04Z
XXI,4.35,2026-08-06T19:59:59Z
XXRP,19.56,2026-08-06T19:59:39Z
XYF,5.24,2026-08-06T19:19:13Z
XYL,120.815,2026-08-06T19:59:48Z
XYLD,41.515,2026-08-06T19:58:33Z
XYLG,29.64,2026-08-06T14:15:17Z
XYZ,79.06,2026-08-06T19:59:58Z
XYZG,19.01,2026-08-06T13:30:03Z
XYZY,25.355,2026-08-06T19:31:20Z
XZO,16.23,2026-08-06T19:52:42Z
YAAS,2.54,2026-08-06T19:56:25Z
YALA,5.38,2026-08-06T19:59:56Z
YANG,27.44,2026-08-06T19:58:56Z
YARW,41.65,2026-08-06T17:46:57Z
YBIT,18.48,2026-08-06T19:48:33Z
YCBD,0.5718,2026-08-06T19:16:19Z
YCL,18.11,2026-08-06T19:57:37Z
YCS,54.16,2026-08-06T19:59:51Z
YDEC,28.06,2026-08-06T17:24:39Z
YELP,25.015,2026-08-06T19:59:51Z
YETH,9,2026-08-06T16:46:26Z
YETI,51.86,2026-08-06T19:59:57Z
YEXT,5.57,2026-08-06T19:59:56Z
YHC,2.01,2026-08-06T19:54:23Z
YHGJ,3.12,2026-08-06T13:59:40Z
YI,3.79,2026-08-06T19:59:05Z
YINN,30.96,2026-08-06T19:59:40Z
YJUN,27.41,2026-08-06T14:15:00Z
YLD,18.89,2026-08-06T16:34:04Z
YLDE,57.38,2026-08-06T16:14:22Z
YMAG,11.49,2026-08-06T19:54:53Z
YMAX,7.565,2026-08-06T19:59:49Z
YMM,9.515,2026-08-06T19:59:56Z
YMT,0.3505,2026-08-06T19:42:07Z
YNOT,32.265,2026-08-06T19:59:45Z
YOLO,2.51,2026-08-06T16:31:18Z
YORW,31.555,2026-08-06T19:54:30Z
YOU,52.995,2026-08-06T19:59:50Z
YOUL,0.4135,2026-08-06T19:57:09Z
YPF,49.63,2026-08-06T19:59:49Z
YQ,2.07,2026-08-06T19:13:23Z
YQQQ,9.79,2026-08-06T19:59:51Z
YRD,1.21,2026-08-06T19:43:02Z
YSAG,61.05,2026-08-06T17:16:26Z
YSEP,28.17,2026-08-06T17:06:39Z
YSG,3.26,2026-08-06T19:56:44Z
YSPC,41.74,2026-08-06T14:53:40Z
YSPY,14.98,2026-08-06T16:59:59Z
YSS,10.885,2026-08-06T19:59:59Z
YSWY,22.02,2026-08-06T19:59:54Z
YTRA,0.8648,2026-08-06T19:49:16Z
YUM,152.33,2026-08-06T19:59:55Z
YUMC,48.18,2026-08-06T19:59:50Z
YXT,7.805,2026-08-06T19:56:08Z
YYAI,0.0807,2026-08-06T19:59:47Z
YYGH,1.15,2026-08-06T19:59:50Z
YYY,11.36,2026-08-06T19:59:51Z
Z,33.395,2026-08-06T19:59:58Z
ZAP,32.4,2026-08-06T19:50:40Z
ZAUG,27.85,2026-08-06T19:42:49Z
ZBAO,0.1974,2026-08-06T19:35:02Z
ZBH,97.21,2026-08-06T19:59:51Z
ZBIO,32.16,2026-08-06T19:59:42Z
ZBRA,363.95,2026-08-06T19:59:45Z
ZCMD,1.075,2026-08-06T19:58:51Z
ZD,50.91,2026-08-06T19:59:57Z
ZDEK,26.64,2026-08-06T16:34:56Z
ZDGE,3.08,2026-08-06T19:57:55Z
ZECP,38.59,2026-08-06T19:59:54Z
ZENA,1.38,2026-08-06T19:59:56Z
ZEO,0.56,2026-08-06T16:38:49Z
ZEPP,4.63,2026-08-06T19:59:51Z
ZETA,25.55,2026-08-06T19:59:57Z
ZETX,29.32,2026-08-06T16:00:51Z
ZEXIT,10,2026-08-06T13:30:00Z
ZG,33.76,2026-08-06T19:59:53Z
ZGN,14.805,2026-08-06T19:59:53Z
ZH,3.24,2026-08-06T18:43:30Z
ZIEXT,1,2026-08-06T13:30:00Z
ZIM,26.33,2026-08-06T19:59:59Z
ZION,70.52,2026-08-06T19:59:50Z
ZIP,4.68,2026-08-06T19:59:59Z
ZJUL,30.18,2026-08-06T14:02:11Z
ZJUN,27.63,2026-08-06T17:00:32Z
ZJYL,1.87,2026-08-06T19:59:58Z
ZKH,2.85,2026-08-06T19:59:16Z
ZLAB,20.865,2026-08-06T19:59:56Z
ZM,101.36,2026-08-06T19:59:49Z
ZMAY,26.2,2026-08-06T17:45:15Z
ZNB,2.5,2026-08-06T19:58:59Z
ZNTL,4.99,2026-08-06T19:59:58Z
ZONE,0.3737,2026-08-06T19:59:46Z
ZROZ,58.79,2026-08-06T19:59:51Z
ZS,162.54,2026-08-06T19:59:45Z
ZSL,27.235,2026-08-06T19:59:57Z
ZSQR,3.95,2026-08-06T19:59:59Z
ZSTK,1.66,2026-08-06T16:58:51Z
ZTEK,0.6672,2026-08-06T14:56:13Z
ZTG,9.98,2026-08-06T19:59:50Z
ZTO,24.07,2026-08-06T19:59:55Z
ZTR,6.75,2026-08-06T19:58:18Z
ZTRE,50.425,2026-08-06T16:38:55Z
ZTS,77.23,2026-08-06T19:59:59Z
ZTWO,50.32,2026-08-06T19:59:46Z
ZUMZ,19.63,2026-08-06T19:59:37Z
ZURA,5.715,2026-08-06T19:59:59Z
ZVIA,1.48,2026-08-06T19:59:47Z
ZVRA,11.87,2026-08-06T19:59:49Z
ZVZZT,25.045,2026-08-06T19:59:41Z
ZWS,51.83,2026-08-06T19:59:55Z
ZXIET,100,2026-08-06T13:30:00Z
ZYBT,2.02,2026-08-06T19:57:58Z
ZYME,23.175,2026-08-06T19:59:55Z
