symbol,close,last_trade_utc
A,120.38,2026-04-14T19:59:57Z
AA,71.81,2026-04-14T19:59:50Z
AAAA,28.4,2026-04-14T19:56:50Z
AAAU,47.775,2026-04-14T19:59:50Z
AACO,9.87,2026-04-14T13:54:36Z
AAEQ,49.53,2026-04-14T15:57:50Z
AAL,12.135,2026-04-14T19:59:59Z
AALG,9.92,2026-04-14T16:50:07Z
AAME,2.56,2026-04-14T19:04:43Z
AAMI,65,2026-04-14T19:59:56Z
AAOI,146.49,2026-04-14T19:59:57Z
AAON,93.83,2026-04-14T19:59:54Z
AAOX,50.14,2026-04-14T19:53:35Z
AAP,56.02,2026-04-14T19:59:54Z
AAPB,27.86,2026-04-14T19:09:52Z
AAPD,13.7,2026-04-14T19:59:52Z
AAPL,258.775,2026-04-14T19:59:57Z
AAPR,29.24,2026-04-14T14:38:41Z
AAPU,29.015,2026-04-14T19:58:01Z
AAPX,26.34,2026-04-14T19:59:33Z
AARD,4.64,2026-04-14T19:58:09Z
AAT,20.13,2026-04-14T19:59:49Z
AAUC,31.65,2026-04-14T19:59:50Z
AAXJ,105.65,2026-04-14T19:59:54Z
AB,38.855,2026-04-14T19:57:41Z
ABAT,3.04,2026-04-14T19:59:58Z
ABBV,210.23,2026-04-14T19:59:54Z
ABCB,82.77,2026-04-14T19:59:43Z
ABCL,3.75,2026-04-14T19:59:56Z
ABEO,5.19,2026-04-14T19:59:51Z
ABEQ,38.14,2026-04-14T17:39:23Z
ABEV,3.145,2026-04-14T19:59:59Z
ABFL,76.07,2026-04-14T19:59:53Z
ABG,207.19,2026-04-14T19:44:23Z
ABM,39.67,2026-04-14T19:59:25Z
ABNB,133.83,2026-04-14T19:59:49Z
ABNY,42.22,2026-04-14T18:22:05Z
ABOS,2.705,2026-04-14T19:59:53Z
ABR,7.81,2026-04-14T19:59:57Z
ABR-F,22.66,2026-04-14T19:17:49Z
ABSI,3.14,2026-04-14T19:59:57Z
ABT,101.065,2026-04-14T19:59:53Z
ABTC,1.035,2026-04-14T19:59:45Z
ABTS,1.14,2026-04-14T19:27:13Z
ABUS,4.35,2026-04-14T19:59:59Z
ABVC,1.36,2026-04-14T19:57:33Z
ABVE,0.8874,2026-04-14T19:59:48Z
ABVX,125.68,2026-04-14T19:59:52Z
ABX,8.71,2026-04-14T19:59:52Z
ABXL,25.595,2026-04-14T18:14:44Z
ACA,114.07,2026-04-14T19:59:34Z
ACAA,9.88,2026-04-14T16:16:21Z
ACAD,22.01,2026-04-14T19:59:59Z
ACB,3.55,2026-04-14T19:58:50Z
ACCL,1.51,2026-04-14T19:50:00Z
ACCO,3.15,2026-04-14T19:59:55Z
ACCS,8.155,2026-04-14T19:10:20Z
ACDC,5.85,2026-04-14T19:59:54Z
ACEI,24.24,2026-04-14T14:08:18Z
ACEL,11.735,2026-04-14T19:59:20Z
ACES,34.545,2026-04-14T19:57:48Z
ACET,7,2026-04-14T19:36:43Z
ACFN,19.42,2026-04-14T13:44:21Z
ACGCU,9.96,2026-04-14T18:12:19Z
ACGL,96.195,2026-04-14T19:59:33Z
ACGLN,17.31,2026-04-14T19:12:42Z
ACGLO,20.48,2026-04-14T19:58:37Z
ACH,3.15,2026-04-14T19:59:16Z
ACHC,26.58,2026-04-14T19:59:55Z
ACHR,5.68,2026-04-14T19:59:58Z
ACHV,3.62,2026-04-14T19:59:46Z
ACI,16.35,2026-04-14T19:59:59Z
ACIC,11.61,2026-04-14T19:59:35Z
ACII,25.64,2026-04-14T19:52:02Z
ACIO,44.02,2026-04-14T19:28:29Z
ACIU,3.195,2026-04-14T19:59:42Z
ACIW,41.395,2026-04-14T19:59:45Z
ACKY,18.67,2026-04-14T13:34:49Z
ACLS,112.94,2026-04-14T19:59:34Z
ACLX,114.88,2026-04-14T19:59:38Z
ACM,85.13,2026-04-14T19:59:52Z
ACMR,50.81,2026-04-14T19:59:20Z
ACN,190.36,2026-04-14T19:59:54Z
ACNB,51.22,2026-04-14T18:36:11Z
ACNT,13.74,2026-04-14T19:59:50Z
ACOG,6.49,2026-04-14T19:38:04Z
ACON,3.15,2026-04-14T19:59:46Z
ACP,5.34,2026-04-14T19:59:50Z
ACR-C,24.76,2026-04-14T17:53:48Z
ACRE,5.18,2026-04-14T19:59:53Z
ACRS,3.9,2026-04-14T19:59:56Z
ACRV,1.655,2026-04-14T19:55:29Z
ACT,41.98,2026-04-14T19:59:27Z
ACTG,4.94,2026-04-14T19:59:47Z
ACTU,2.15,2026-04-14T19:59:42Z
ACV,25.24,2026-04-14T18:02:02Z
ACVA,4.655,2026-04-14T19:59:54Z
ACWI,148.115,2026-04-14T19:59:59Z
ACWV,120.865,2026-04-14T19:59:45Z
ACWX,73.605,2026-04-14T19:58:35Z
ACXP,2.8,2026-04-14T19:59:50Z
ACYN,20.64,2026-04-14T19:54:51Z
AD,48.71,2026-04-14T19:57:44Z
ADAG,3.85,2026-04-14T19:59:13Z
ADAM,7.73,2026-04-14T19:59:52Z
ADAMH,25.17,2026-04-14T19:31:27Z
ADAMM,25.21,2026-04-14T15:54:21Z
ADAMO,24.32,2026-04-14T19:31:32Z
ADAMZ,18.39,2026-04-14T17:27:08Z
ADBE,235.66,2026-04-14T19:59:56Z
ADBG,4.265,2026-04-14T19:59:45Z
ADBU,24.44,2026-04-14T18:00:54Z
ADC,77.81,2026-04-14T19:59:54Z
ADCT,3.85,2026-04-14T19:59:59Z
ADEA,27.3,2026-04-14T19:59:32Z
ADFI,8.55,2026-04-14T19:59:59Z
ADGM,1.6,2026-04-14T19:58:50Z
ADI,348.63,2026-04-14T19:59:50Z
ADIL,1.61,2026-04-14T17:47:59Z
ADIV,18.35,2026-04-14T19:18:50Z
ADM,68.84,2026-04-14T19:59:49Z
ADMA,10.49,2026-04-14T19:59:57Z
ADME,52.15,2026-04-14T18:11:56Z
ADNT,20.54,2026-04-14T19:59:55Z
ADP,195.06,2026-04-14T19:59:55Z
ADPT,14.535,2026-04-14T19:59:53Z
ADSE,11.44,2026-04-14T19:35:39Z
ADSK,228.6,2026-04-14T19:59:55Z
ADT,6.97,2026-04-14T19:59:54Z
ADTN,15.29,2026-04-14T19:59:51Z
ADTX,0.4187,2026-04-14T19:59:32Z
ADUR,10.95,2026-04-14T18:28:06Z
ADUS,93.29,2026-04-14T19:57:15Z
ADV,28.98,2026-04-14T13:49:33Z
ADVB,6.4,2026-04-14T17:52:15Z
ADX,23.81,2026-04-14T19:50:24Z
ADXN,7.24,2026-04-14T19:28:48Z
AEBI,12.385,2026-04-14T19:59:19Z
AEE,111.855,2026-04-14T19:59:51Z
AEF,8.47,2026-04-14T19:59:01Z
AEFC,19.93,2026-04-14T19:13:10Z
AEG,8.035,2026-04-14T19:59:42Z
AEHL,0.9071,2026-04-14T14:17:02Z
AEHR,74.4,2026-04-14T19:59:54Z
AEIS,385.355,2026-04-14T19:59:32Z
AEM,219.975,2026-04-14T19:59:56Z
AEMD,2.26,2026-04-14T15:47:45Z
AENT,7.11,2026-04-14T19:18:20Z
AEO,17.77,2026-04-14T19:59:59Z
AEON,0.8719,2026-04-14T19:54:06Z
AEP,135.45,2026-04-14T19:59:53Z
AER,149.01,2026-04-14T19:59:49Z
AERO,15.475,2026-04-14T19:59:36Z
AERT,0.5891,2026-04-14T18:43:20Z
AES,14.4,2026-04-14T19:59:57Z
AESI,11.99,2026-04-14T19:59:57Z
AESR,18.25,2026-04-14T16:46:49Z
AEVA,14.14,2026-04-14T19:58:58Z
AEXA,11.105,2026-04-14T19:54:20Z
AEYE,6.57,2026-04-14T19:58:05Z
AFB,10.905,2026-04-14T18:14:42Z
AFBI,22.335,2026-04-14T16:18:08Z
AFCG,2.525,2026-04-14T19:59:53Z
AFG,130.74,2026-04-14T19:58:05Z
AFGC,18.9,2026-04-14T18:47:10Z
AFGE,16.83,2026-04-14T14:06:50Z
AFIF,9.415,2026-04-14T19:57:57Z
AFIX,25.085,2026-04-14T18:38:42Z
AFK,28.32,2026-04-14T19:59:55Z
AFL,111.92,2026-04-14T19:59:54Z
AFMC,37.82,2026-04-14T18:22:47Z
AFOS,40.45,2026-04-14T19:59:46Z
AFRM,55.84,2026-04-14T19:59:55Z
AFRU,6.92,2026-04-14T19:21:55Z
AFYA,15.47,2026-04-14T19:59:41Z
AG,21.54,2026-04-14T19:59:59Z
AGAE,0.3292,2026-04-14T18:03:53Z
AGBK,7.44,2026-04-14T19:59:58Z
AGCC,15.17,2026-04-14T19:29:22Z
AGCO,122.48,2026-04-14T19:59:40Z
AGD,11.8,2026-04-14T19:59:07Z
AGEM,44.22,2026-04-14T18:43:23Z
AGEN,4.74,2026-04-14T19:59:55Z
AGG,99.78,2026-04-14T19:59:55Z
AGGH,20.55,2026-04-14T19:59:00Z
AGGY,43.94,2026-04-14T19:57:24Z
AGH,3.62,2026-04-14T19:59:01Z
AGI,48.79,2026-04-14T19:59:59Z
AGIG,1.09,2026-04-14T19:59:53Z
AGIO,33.27,2026-04-14T19:59:37Z
AGIQ,21.135,2026-04-14T18:29:03Z
AGIX,36.8,2026-04-14T19:58:50Z
AGL,22.58,2026-04-14T19:59:53Z
AGM,163.17,2026-04-14T19:46:23Z
AGMB,10.49,2026-04-14T19:59:17Z
AGNC,10.63,2026-04-14T19:59:55Z
AGNCL,24.4,2026-04-14T19:00:25Z
AGNCM,24.31,2026-04-14T14:50:27Z
AGNCN,25.47,2026-04-14T19:56:06Z
AGNCO,25.07,2026-04-14T19:55:26Z
AGNCP,24.42,2026-04-14T19:51:37Z
AGNCZ,25.15,2026-04-14T19:56:14Z
AGO,82.39,2026-04-14T19:58:03Z
AGOX,29.97,2026-04-14T19:00:54Z
AGPU,3.48,2026-04-14T19:59:41Z
AGQ,132.105,2026-04-14T19:56:16Z
AGQI,17.56,2026-04-14T17:53:53Z
AGRH,26.22,2026-04-14T15:48:47Z
AGRO,13.555,2026-04-14T19:59:54Z
AGRZ,0.3516,2026-04-14T19:59:34Z
AGX,602.53,2026-04-14T19:58:05Z
AGYS,65,2026-04-14T19:56:39Z
AHCO,12.77,2026-04-14T19:59:54Z
AHL-D,20.68,2026-04-14T19:34:07Z
AHLT,28.26,2026-04-14T16:00:39Z
AHMA,1.31,2026-04-14T19:59:58Z
AHR,48.82,2026-04-14T19:59:49Z
AHRT,5.775,2026-04-14T19:59:53Z
AHRT-A,21.88,2026-04-14T19:45:27Z
AHT,2.88,2026-04-14T19:59:20Z
AI,8.39,2026-04-14T19:59:56Z
AIA,118.07,2026-04-14T19:58:43Z
AIB,1.68,2026-04-14T19:59:57Z
AIBD,7.83,2026-04-14T19:51:02Z
AIBU,45.53,2026-04-14T19:53:28Z
AIDX,1.74,2026-04-14T16:05:34Z
AIEQ,46.12,2026-04-14T18:10:05Z
AIFD,44.02,2026-04-14T19:29:48Z
AIFF,1.56,2026-04-14T19:59:28Z
AIG,76.985,2026-04-14T19:59:52Z
AII,18.495,2026-04-14T19:57:24Z
AIIO,0.632,2026-04-14T19:59:46Z
AIM,0.5849,2026-04-14T17:09:22Z
AIMD,1.59,2026-04-14T19:01:16Z
AIN,58.26,2026-04-14T19:57:04Z
AIO,23.85,2026-04-14T18:12:10Z
AIOT,3.14,2026-04-14T19:59:56Z
AIP,20.17,2026-04-14T19:59:50Z
AIPI,34.75,2026-04-14T19:40:09Z
AIPO,28.725,2026-04-14T19:58:05Z
AIQ,51.82,2026-04-14T19:59:19Z
AIR,125.94,2026-04-14T19:59:50Z
AIRE,0.2702,2026-04-14T19:59:34Z
AIRG,5.99,2026-04-14T17:17:39Z
AIRJ,3.01,2026-04-14T19:58:48Z
AIRO,8.07,2026-04-14T19:59:38Z
AIRR,122.81,2026-04-14T19:59:50Z
AIRS,2.61,2026-04-14T19:59:49Z
AIS,51.43,2026-04-14T19:54:43Z
AISP,2.315,2026-04-14T19:59:14Z
AIT,292.02,2026-04-14T19:59:51Z
AIV,4.1,2026-04-14T19:59:54Z
AIXC,1.26,2026-04-14T19:00:11Z
AIXI,1.09,2026-04-14T19:59:45Z
AIYY,9.7,2026-04-14T19:39:03Z
AIZ,222.14,2026-04-14T19:58:41Z
AJAN,28.09,2026-04-14T18:21:52Z
AJG,219.92,2026-04-14T19:59:49Z
AKAM,88.85,2026-04-14T19:59:59Z
AKAN,3.09,2026-04-14T19:59:33Z
AKBA,1.56,2026-04-14T19:59:56Z
AKO.B,29.57,2026-04-14T15:57:26Z
AKR,20.96,2026-04-14T19:59:56Z
AKRE,54.01,2026-04-14T19:59:45Z
AKTS,17.84,2026-04-14T19:59:35Z
AKTX,4.39,2026-04-14T14:32:09Z
ALAB,170.69,2026-04-14T19:59:57Z
ALAI,37.87,2026-04-14T19:50:20Z
ALB,189.8,2026-04-14T19:59:51Z
ALBT,0.42,2026-04-14T19:29:17Z
ALC,79.945,2026-04-14T19:59:58Z
ALDX,1.78,2026-04-14T19:59:56Z
ALEC,2.4,2026-04-14T19:59:50Z
ALG,175.77,2026-04-14T19:58:50Z
ALGM,38.27,2026-04-14T19:59:59Z
ALGN,184.89,2026-04-14T19:58:44Z
ALGS,8.72,2026-04-14T16:08:14Z
ALGT,89.82,2026-04-14T19:59:37Z
ALH,24.97,2026-04-14T19:59:54Z
ALHC,21.27,2026-04-14T19:59:55Z
ALIT,0.6205,2026-04-14T19:59:52Z
ALK,42.61,2026-04-14T19:59:57Z
ALKS,33.865,2026-04-14T19:59:55Z
ALKT,16.24,2026-04-14T19:59:51Z
ALL,214.83,2026-04-14T19:59:41Z
ALL-H,20.78,2026-04-14T19:27:03Z
ALL-J,26.02,2026-04-14T16:12:27Z
ALLE,147,2026-04-14T19:59:02Z
ALLO,2.27,2026-04-14T19:59:55Z
ALLR,1.18,2026-04-14T19:59:55Z
ALLT,7.03,2026-04-14T19:59:49Z
ALLW,29.855,2026-04-14T19:59:05Z
ALLY,42.575,2026-04-14T19:59:55Z
ALM,21.8,2026-04-14T19:59:52Z
ALMS,22.87,2026-04-14T19:59:55Z
ALMU,14.24,2026-04-14T19:59:56Z
ALNT,72.01,2026-04-14T19:59:34Z
ALNY,339.28,2026-04-14T19:59:53Z
ALOT,11.58,2026-04-14T19:47:25Z
ALOY,12.41,2026-04-14T19:59:56Z
ALRM,43.85,2026-04-14T19:59:48Z
ALRS,25.2,2026-04-14T19:51:39Z
ALSN,128.39,2026-04-14T19:59:30Z
ALT,3.275,2026-04-14T19:59:51Z
ALTG,6.505,2026-04-14T19:59:34Z
ALTI,3.775,2026-04-14T19:01:59Z
ALTO,4.86,2026-04-14T19:59:56Z
ALTS,0.9042,2026-04-14T19:59:55Z
ALV,110.63,2026-04-14T19:59:49Z
ALVO,3.535,2026-04-14T19:59:51Z
ALX,246.52,2026-04-14T15:39:46Z
ALXO,1.615,2026-04-14T19:59:50Z
ALZN,1.07,2026-04-14T19:48:51Z
AM,21.24,2026-04-14T19:59:59Z
AMAL,41.75,2026-04-14T19:59:42Z
AMAT,395.56,2026-04-14T19:59:56Z
AMBA,56.205,2026-04-14T19:59:58Z
AMBP,4.08,2026-04-14T19:59:46Z
AMBQ,29.9,2026-04-14T19:58:29Z
AMBR,2.17,2026-04-14T19:53:38Z
AMC,1.53,2026-04-14T19:59:58Z
AMCI,6.73,2026-04-14T19:57:49Z
AMCR,41.01,2026-04-14T19:59:49Z
AMCX,7.68,2026-04-14T19:59:43Z
AMD,255.09,2026-04-14T19:59:53Z
AMDD,7.1,2026-04-14T19:55:00Z
AMDG,32.15,2026-04-14T19:22:58Z
AMDL,19.005,2026-04-14T19:59:55Z
AMDY,35.99,2026-04-14T16:13:06Z
AME,234.33,2026-04-14T19:59:45Z
AMG,302.69,2026-04-14T19:58:31Z
AMGN,350.97,2026-04-14T19:59:56Z
AMH,30.125,2026-04-14T19:59:56Z
AMID,34.77,2026-04-14T19:25:38Z
AMJB,33.84,2026-04-14T19:59:46Z
AMKR,61.355,2026-04-14T19:59:57Z
AMLP,51.54,2026-04-14T19:59:50Z
AMLX,16.91,2026-04-14T19:59:55Z
AMN,18.76,2026-04-14T19:59:58Z
AMOD,0.353,2026-04-14T19:41:56Z
AMP,462.11,2026-04-14T19:59:42Z
AMPG,2.045,2026-04-14T19:59:13Z
AMPGZ,0.13,2026-04-14T19:58:18Z
AMPH,21.365,2026-04-14T19:59:51Z
AMPL,6.21,2026-04-14T19:59:56Z
AMPX,17.88,2026-04-14T19:59:50Z
AMPX+,7.39,2026-04-14T13:35:47Z
AMPY,5.51,2026-04-14T19:59:57Z
AMR,186.87,2026-04-14T19:57:34Z
AMRC,25.8,2026-04-14T19:59:41Z
AMRN,14.52,2026-04-14T19:59:42Z
AMRX,13.115,2026-04-14T19:59:56Z
AMRZ,59.945,2026-04-14T19:59:54Z
AMSC,39.45,2026-04-14T19:59:59Z
AMSF,33.65,2026-04-14T19:58:50Z
AMST,1.73,2026-04-14T15:42:50Z
AMT,176.375,2026-04-14T19:59:59Z
AMTB,23.87,2026-04-14T19:59:25Z
AMTM,27.46,2026-04-14T19:59:50Z
AMTX,2.285,2026-04-14T19:59:59Z
AMUN,26.06,2026-04-14T19:15:12Z
AMUU,65.44,2026-04-14T17:29:48Z
AMWD,42.16,2026-04-14T19:59:20Z
AMWL,5.5,2026-04-14T19:57:48Z
AMX,26.28,2026-04-14T19:59:57Z
AMZA,44.13,2026-04-14T18:21:26Z
AMZD,9.16,2026-04-14T19:59:52Z
AMZE,0.1665,2026-04-14T19:57:42Z
AMZN,249.07,2026-04-14T19:59:59Z
AMZU,37.99,2026-04-14T19:59:58Z
AMZW,41.19,2026-04-14T18:50:17Z
AMZY,12.47,2026-04-14T19:59:35Z
AMZZ,34.66,2026-04-14T19:12:58Z
AN,199.81,2026-04-14T19:59:50Z
ANAB,70.3,2026-04-14T19:59:43Z
ANDE,73.21,2026-04-14T19:59:16Z
ANDG,31.2,2026-04-14T19:59:53Z
ANEL,19.8,2026-04-14T19:59:38Z
ANET,154.47,2026-04-14T19:59:54Z
ANF,91.23,2026-04-14T19:59:54Z
ANGI,7.59,2026-04-14T19:59:52Z
ANGL,29.34,2026-04-14T19:59:52Z
ANGO,10.48,2026-04-14T19:59:18Z
ANGX,2.29,2026-04-14T19:59:48Z
ANIK,15.31,2026-04-14T19:59:34Z
ANIP,78.38,2026-04-14T19:56:05Z
ANIX,2.855,2026-04-14T19:52:35Z
ANL,15.7,2026-04-14T19:59:50Z
ANNA,4.23,2026-04-14T19:59:46Z
ANNAW,0.434,2026-04-14T19:59:08Z
ANNX,5.805,2026-04-14T19:59:56Z
ANRO,25.7,2026-04-14T19:59:43Z
ANTX,2.98,2026-04-14T19:59:08Z
ANVS,1.72,2026-04-14T19:59:56Z
ANY,1.5,2026-04-14T19:07:20Z
AOA,93.13,2026-04-14T19:46:06Z
AOD,10.065,2026-04-14T19:58:46Z
AOHY,11.105,2026-04-14T19:59:46Z
AOK,40.83,2026-04-14T19:55:00Z
AOM,48.58,2026-04-14T19:55:05Z
AOMD,25.25,2026-04-14T16:26:42Z
AOMN,25.56,2026-04-14T19:59:08Z
AOMR,8.98,2026-04-14T19:31:27Z
AON,323.08,2026-04-14T19:59:57Z
AOR,66.945,2026-04-14T19:50:58Z
AORT,37.93,2026-04-14T19:59:42Z
AOS,66.95,2026-04-14T19:59:37Z
AOSL,30.37,2026-04-14T19:59:57Z
AOUT,9.51,2026-04-14T19:59:01Z
AP,8.97,2026-04-14T19:59:34Z
APA,37.04,2026-04-14T19:59:59Z
APAD,10.26,2026-04-14T17:04:38Z
APADR,0.6,2026-04-14T19:57:03Z
APAM,37.83,2026-04-14T19:59:46Z
APC,18.695,2026-04-14T19:54:56Z
APCB,29.63,2026-04-14T19:58:57Z
APD,296.675,2026-04-14T19:59:50Z
APEI,57.37,2026-04-14T19:59:53Z
APG,45.46,2026-04-14T19:59:53Z
APGE,88.47,2026-04-14T19:59:59Z
APH,148.71,2026-04-14T19:59:56Z
API,3.83,2026-04-14T19:59:50Z
APIE,37.825,2026-04-14T18:30:25Z
APLD,31.48,2026-04-14T19:59:59Z
APLE,12.655,2026-04-14T19:59:56Z
APLS,40.85,2026-04-14T19:59:56Z
APLU,24.925,2026-04-14T19:41:49Z
APLX,18.35,2026-04-14T19:59:59Z
APLY,11.77,2026-04-14T19:59:36Z
APLZ,10.33,2026-04-14T19:59:35Z
APMU,25.03,2026-04-14T19:59:46Z
APO,114.8,2026-04-14T19:59:51Z
APOC,26.015,2026-04-14T17:23:49Z
APOG,36.175,2026-04-14T19:59:51Z
APOS,25.89,2026-04-14T14:58:23Z
APP,433.5,2026-04-14T19:59:50Z
APPF,148.76,2026-04-14T19:59:59Z
APPN,20.7,2026-04-14T19:59:57Z
APPS,3.14,2026-04-14T19:59:53Z
APPX,31.88,2026-04-14T19:54:44Z
APRE,0.9224,2026-04-14T19:57:08Z
APRH,24.95,2026-04-14T19:52:31Z
APRW,36.26,2026-04-14T18:06:51Z
APT,4.65,2026-04-14T19:59:53Z
APTV,59.075,2026-04-14T19:59:56Z
APUE,42.71,2026-04-14T18:10:11Z
APVO,4.86,2026-04-14T15:16:25Z
APYX,3.855,2026-04-14T19:59:53Z
AQLT,29.77,2026-04-14T16:48:46Z
AQMS,3.99,2026-04-14T19:50:05Z
AQN,6.315,2026-04-14T19:59:58Z
AQNB,26.205,2026-04-14T18:13:08Z
AQST,4.15,2026-04-14T19:59:50Z
AQWA,20.07,2026-04-14T15:28:44Z
AR,36.13,2026-04-14T19:59:59Z
ARAI,1.645,2026-04-14T19:59:41Z
ARAY,0.3972,2026-04-14T19:59:53Z
ARBB,4.09,2026-04-14T14:35:41Z
ARBE,0.7071,2026-04-14T19:58:35Z
ARCB,110.09,2026-04-14T19:59:02Z
ARCC,18.645,2026-04-14T19:59:56Z
ARCO,8.72,2026-04-14T19:59:57Z
ARCT,8.68,2026-04-14T19:59:56Z
ARDC,12.3,2026-04-14T19:03:08Z
ARDT,9.42,2026-04-14T19:59:58Z
ARDX,6.34,2026-04-14T19:59:57Z
ARE,45.355,2026-04-14T19:59:49Z
AREC,2.27,2026-04-14T19:59:56Z
AREN,1.9,2026-04-14T19:59:12Z
ARES,112.65,2026-04-14T19:59:49Z
ARES-B,36.77,2026-04-14T13:57:37Z
ARGT,94.07,2026-04-14T19:59:44Z
ARGX,828.54,2026-04-14T19:59:54Z
ARHS,6.9,2026-04-14T19:59:55Z
ARI,11.07,2026-04-14T19:59:54Z
ARIS,21.64,2026-04-14T19:59:54Z
ARKB,24.645,2026-04-14T19:59:56Z
ARKF,40.935,2026-04-14T19:53:04Z
ARKG,29.33,2026-04-14T19:59:53Z
ARKK,74.89,2026-04-14T19:59:59Z
ARKO,5.66,2026-04-14T19:59:57Z
ARKQ,123.43,2026-04-14T19:10:40Z
ARKW,130.96,2026-04-14T19:46:38Z
ARKX,32.35,2026-04-14T19:59:50Z
ARLO,13.92,2026-04-14T19:59:53Z
ARLP,25.61,2026-04-14T19:59:26Z
ARM,161.25,2026-04-14T19:59:53Z
ARMG,10.92,2026-04-14T19:59:50Z
ARMK,44.21,2026-04-14T19:59:50Z
ARMP,12.585,2026-04-14T19:58:42Z
AROC,36.345,2026-04-14T19:59:59Z
AROW,36.285,2026-04-14T19:56:49Z
ARQ,2.235,2026-04-14T19:59:42Z
ARQQ,13.95,2026-04-14T19:58:46Z
ARQT,25.08,2026-04-14T19:59:53Z
ARR,17.79,2026-04-14T19:59:55Z
ARR-C,21.02,2026-04-14T16:00:35Z
ARRY,7.5,2026-04-14T19:59:54Z
ARTC,9.83,2026-04-14T18:31:28Z
ARTL,5.77,2026-04-14T13:44:56Z
ARTNA,32.59,2026-04-14T17:58:07Z
ARTV,7.485,2026-04-14T19:57:38Z
ARTW,2.6,2026-04-14T18:24:24Z
ARTY,56.27,2026-04-14T19:59:50Z
ARVN,10.99,2026-04-14T19:59:53Z
ARW,173.6,2026-04-14T19:59:49Z
ARWG,23.55,2026-04-14T13:50:11Z
ARWR,66.67,2026-04-14T19:59:49Z
ARX,13.29,2026-04-14T19:59:54Z
AS,36.315,2026-04-14T19:59:55Z
ASA,69.06,2026-04-14T19:35:32Z
ASAN,5.5,2026-04-14T19:59:58Z
ASB,27.52,2026-04-14T19:59:57Z
ASB-E,20.95,2026-04-14T17:55:57Z
ASBP,1.165,2026-04-14T19:41:49Z
ASC,15.28,2026-04-14T19:59:57Z
ASCE,30.55,2026-04-14T16:24:15Z
ASEA,20.13,2026-04-14T19:00:41Z
ASG,5.23,2026-04-14T19:41:48Z
ASGI,24.15,2026-04-14T19:24:19Z
ASGN,38.12,2026-04-14T19:59:48Z
ASH,55.285,2026-04-14T19:59:34Z
ASHR,34.64,2026-04-14T19:59:49Z
ASIC,20.42,2026-04-14T19:59:02Z
ASIX,23.28,2026-04-14T19:59:37Z
ASLE,7.04,2026-04-14T19:59:39Z
ASLV,28.89,2026-04-14T13:31:48Z
ASM,7.23,2026-04-14T19:59:49Z
ASMB,29.475,2026-04-14T19:59:16Z
ASMG,41.26,2026-04-14T19:39:04Z
ASML,1516.855,2026-04-14T19:59:52Z
ASMU,27.26,2026-04-14T17:42:32Z
ASND,249.965,2026-04-14T19:59:45Z
ASO,58.57,2026-04-14T19:59:56Z
ASPI,5.02,2026-04-14T19:59:56Z
ASPN,3.31,2026-04-14T19:59:55Z
ASPS,6.995,2026-04-14T18:03:56Z
ASR,341.955,2026-04-14T19:09:01Z
ASRT,18.02,2026-04-14T19:59:56Z
ASST,12.43,2026-04-14T19:59:55Z
ASTC,3.46,2026-04-14T13:44:01Z
ASTE,61.62,2026-04-14T19:59:45Z
ASTH,29.05,2026-04-14T19:59:50Z
ASTI,3.94,2026-04-14T19:59:21Z
ASTL,5.07,2026-04-14T19:59:52Z
ASTN,12.07,2026-04-14T19:59:50Z
ASTS,88.475,2026-04-14T19:59:53Z
ASTX,39.81,2026-04-14T19:59:05Z
ASUR,8.81,2026-04-14T19:55:10Z
ASX,26.875,2026-04-14T19:59:59Z
ASYS,16.04,2026-04-14T19:59:37Z
ATAI,3.845,2026-04-14T19:59:57Z
ATAT,37.37,2026-04-14T19:59:48Z
ATCH,0.2401,2026-04-14T19:58:18Z
ATCL,24.76,2026-04-14T19:56:55Z
ATCX,5.16,2026-04-14T14:22:14Z
ATEC,11.52,2026-04-14T19:59:57Z
ATEN,25.06,2026-04-14T19:59:49Z
ATEX,38.02,2026-04-14T19:59:56Z
ATH-A,24.08,2026-04-14T18:19:01Z
ATH-B,19.67,2026-04-14T19:31:04Z
ATH-D,16.835,2026-04-14T18:33:28Z
ATH-E,24.89,2026-04-14T18:53:11Z
ATHE,3.59,2026-04-14T14:20:46Z
ATHM,18.14,2026-04-14T19:59:54Z
ATHR,2.39,2026-04-14T14:06:31Z
ATHS,24.7,2026-04-14T19:50:16Z
ATI,163.21,2026-04-14T19:59:49Z
ATKR,68.91,2026-04-14T19:59:55Z
ATLC,68.145,2026-04-14T19:59:43Z
ATLCZ,25.25,2026-04-14T19:10:14Z
ATLN,2.25,2026-04-14T19:50:07Z
ATLO,28.8,2026-04-14T19:59:41Z
ATLX,4.7,2026-04-14T19:59:46Z
ATMU,63.97,2026-04-14T19:59:50Z
ATNI,26.84,2026-04-14T19:51:55Z
ATNM,1.11,2026-04-14T19:18:43Z
ATO,188.15,2026-04-14T19:59:33Z
ATOM,5.01,2026-04-14T19:59:38Z
ATON,0.3297,2026-04-14T19:59:13Z
ATOS,5.27,2026-04-14T18:12:13Z
ATR,131.17,2026-04-14T19:59:25Z
ATRA,5.145,2026-04-14T19:59:51Z
ATRC,29.41,2026-04-14T19:59:53Z
ATRO,76.09,2026-04-14T19:59:41Z
ATS,31.64,2026-04-14T19:59:21Z
ATYR,0.835,2026-04-14T19:59:39Z
AU,109.75,2026-04-14T19:59:51Z
AUB,38.02,2026-04-14T19:59:50Z
AUDC,8.73,2026-04-14T19:50:16Z
AUGO,108.745,2026-04-14T19:59:36Z
AUGP,31.74,2026-04-14T19:10:19Z
AUGU,29.66,2026-04-14T18:13:13Z
AUGW,33.06,2026-04-14T15:05:03Z
AUGZ,42.54,2026-04-14T17:00:40Z
AUID,1.1,2026-04-14T19:11:14Z
AUNA,5.53,2026-04-14T19:59:59Z
AUPH,16.08,2026-04-14T19:59:51Z
AUR,4.68,2026-04-14T19:59:58Z
AURA,7.085,2026-04-14T19:59:51Z
AURE,2.53,2026-04-14T13:48:03Z
AUSF,48.99,2026-04-14T18:52:20Z
AUST,1.47,2026-04-14T18:23:18Z
AUTL,1.49,2026-04-14T19:58:14Z
AUUD,4.5,2026-04-14T19:58:56Z
AVA,41.67,2026-04-14T19:58:00Z
AVAH,6.63,2026-04-14T19:59:56Z
AVAL,4.74,2026-04-14T19:59:44Z
AVAV,194.5,2026-04-14T19:59:45Z
AVB,171.03,2026-04-14T19:59:53Z
AVBC,20.685,2026-04-14T19:58:55Z
AVBH,29.55,2026-04-14T19:58:37Z
AVBP,27.6,2026-04-14T19:59:47Z
AVD,2.63,2026-04-14T19:59:42Z
AVDE,90.71,2026-04-14T19:58:02Z
AVDV,107.24,2026-04-14T19:59:18Z
AVEM,88.13,2026-04-14T19:59:46Z
AVES,64.63,2026-04-14T19:33:05Z
AVGG,30.24,2026-04-14T19:55:00Z
AVGO,380.725,2026-04-14T19:59:59Z
AVGU,38.72,2026-04-14T19:36:17Z
AVGV,81.48,2026-04-14T14:25:55Z
AVGX,52.17,2026-04-14T19:55:00Z
AVIG,41.805,2026-04-14T19:44:14Z
AVIR,5.79,2026-04-14T19:59:34Z
AVIV,79.255,2026-04-14T19:59:20Z
AVK,12.43,2026-04-14T19:58:39Z
AVL,49.05,2026-04-14T19:55:03Z
AVLC,82.43,2026-04-14T18:51:35Z
AVLV,84.46,2026-04-14T19:55:36Z
AVMU,46.23,2026-04-14T15:52:19Z
AVNM,81.855,2026-04-14T19:52:08Z
AVNS,24.63,2026-04-14T19:59:59Z
AVNT,37.94,2026-04-14T19:59:55Z
AVNW,22.34,2026-04-14T19:59:56Z
AVO,14.86,2026-04-14T19:59:56Z
AVPT,9.39,2026-04-14T19:59:35Z
AVR,6.29,2026-04-14T19:59:54Z
AVRE,46.95,2026-04-14T19:31:16Z
AVS,8.27,2026-04-14T19:59:51Z
AVSC,66.22,2026-04-14T18:45:25Z
AVSF,46.82,2026-04-14T19:07:23Z
AVT,71.74,2026-04-14T19:59:50Z
AVTR,8.2,2026-04-14T19:59:59Z
AVTX,13.91,2026-04-14T19:59:05Z
AVUS,118.27,2026-04-14T19:58:58Z
AVUV,115.45,2026-04-14T19:59:11Z
AVX,0.5622,2026-04-14T19:24:49Z
AVXL,3.12,2026-04-14T19:59:37Z
AVXX,11.58,2026-04-14T19:20:12Z
AVY,171,2026-04-14T19:59:25Z
AWF,10.53,2026-04-14T19:59:53Z
AWI,179.31,2026-04-14T19:59:42Z
AWK,133.44,2026-04-14T19:59:44Z
AWP,12.07,2026-04-14T19:57:24Z
AWR,75.82,2026-04-14T19:59:41Z
AWX,2.54,2026-04-14T13:36:26Z
AX,93.895,2026-04-14T19:59:33Z
AXG,3.53,2026-04-14T19:59:47Z
AXGN,34.445,2026-04-14T19:59:31Z
AXIA,13.43,2026-04-14T19:59:53Z
AXIA-C,12.97,2026-04-14T19:58:47Z
AXON,380.6,2026-04-14T19:59:53Z
AXP,327.04,2026-04-14T19:59:57Z
AXR,28.09,2026-04-14T19:47:31Z
AXS,99.395,2026-04-14T19:59:40Z
AXS-E,19.69,2026-04-14T19:15:28Z
AXSM,183.61,2026-04-14T19:58:25Z
AXTA,28.77,2026-04-14T19:59:50Z
AXTI,67.24,2026-04-14T19:59:48Z
AYI,284.83,2026-04-14T19:59:48Z
AYTU,2.57,2026-04-14T19:52:39Z
AZ,7.96,2026-04-14T19:59:56Z
AZN,204.505,2026-04-14T19:59:53Z
AZO,3509.8,2026-04-14T19:59:56Z
AZTA,24.27,2026-04-14T19:59:55Z
AZTR,0.2197,2026-04-14T17:20:22Z
AZZ,139.27,2026-04-14T19:38:22Z
B,43.86,2026-04-14T19:59:59Z
BA,223.755,2026-04-14T19:59:58Z
BA-A,71.06,2026-04-14T19:57:31Z
BAB,27.075,2026-04-14T19:30:54Z
BABA,131.41,2026-04-14T19:59:50Z
BABO,10.495,2026-04-14T19:24:14Z
BABX,26.895,2026-04-14T19:59:40Z
BAC,53.355,2026-04-14T19:59:59Z
BAC-B,25.28,2026-04-14T18:44:01Z
BAC-L,1216.73,2026-04-14T18:35:43Z
BAC-M,22.15,2026-04-14T16:20:19Z
BAC-N,20.69,2026-04-14T16:21:49Z
BAC-P,17.145,2026-04-14T18:59:54Z
BAC-Q,17.4,2026-04-14T18:43:16Z
BAC-S,19.55,2026-04-14T15:16:23Z
BAER,2.13,2026-04-14T19:59:50Z
BAFE,27.24,2026-04-14T18:36:29Z
BAFN,7.2,2026-04-14T18:36:00Z
BAH,81.42,2026-04-14T19:59:56Z
BAI,39.63,2026-04-14T19:59:54Z
BAIG,2.84,2026-04-14T19:47:18Z
BAK,4,2026-04-14T19:59:56Z
BALI,32.11,2026-04-14T19:59:56Z
BALL,63.51,2026-04-14T19:59:55Z
BALT,33.825,2026-04-14T19:59:54Z
BALY,10.6,2026-04-14T18:12:59Z
BAM,47.495,2026-04-14T19:59:59Z
BAMD,31.75,2026-04-14T19:34:53Z
BAMG,39.38,2026-04-14T14:38:26Z
BAMV,33.635,2026-04-14T19:55:07Z
BANC,18.505,2026-04-14T19:59:54Z
BANC-F,25.23,2026-04-14T13:37:29Z
BAND,17.975,2026-04-14T19:59:56Z
BANF,114.865,2026-04-14T19:34:58Z
BANL,0.4106,2026-04-14T14:10:18Z
BANR,64.19,2026-04-14T19:53:26Z
BANX,19.55,2026-04-14T18:01:37Z
BAP,357.31,2026-04-14T19:59:41Z
BAPR,51.17,2026-04-14T18:48:23Z
BAR,47.72,2026-04-14T19:59:42Z
BARK,9.22,2026-04-14T19:59:47Z
BASG,24.235,2026-04-14T19:59:46Z
BASV,28.37,2026-04-14T17:47:01Z
BATL,3.47,2026-04-14T19:58:47Z
BATRA,49.5,2026-04-14T19:30:04Z
BATRK,45.21,2026-04-14T19:58:08Z
BATT,16.62,2026-04-14T18:35:10Z
BAX,17.6,2026-04-14T19:59:55Z
BB,3.975,2026-04-14T19:59:45Z
BBAG,46.33,2026-04-14T19:41:44Z
BBAI,3.53,2026-04-14T19:59:52Z
BBAR,16.04,2026-04-14T19:59:46Z
BBAX,63.355,2026-04-14T19:59:52Z
BBBI,51.89,2026-04-14T19:59:45Z
BBBS,51.28,2026-04-14T19:59:46Z
BBBY,4.93,2026-04-14T19:59:56Z
BBC,45.855,2026-04-14T15:37:03Z
BBCA,98.79,2026-04-14T19:59:54Z
BBCP,7.69,2026-04-14T19:59:43Z
BBCQ,10.17,2026-04-14T19:55:28Z
BBCQW,1.2,2026-04-14T17:55:51Z
BBD,4.115,2026-04-14T19:59:59Z
BBDC,8.69,2026-04-14T19:59:58Z
BBDO,3.69,2026-04-14T19:51:53Z
BBEU,77.47,2026-04-14T19:59:38Z
BBGI,14.69,2026-04-14T19:58:18Z
BBH,193.54,2026-04-14T18:08:12Z
BBHM,11.77,2026-04-14T19:58:19Z
BBHY,46.315,2026-04-14T19:52:29Z
BBIO,77.91,2026-04-14T19:59:52Z
BBJP,72.74,2026-04-14T19:59:46Z
BBLU,15.4,2026-04-14T19:59:46Z
BBN,16.31,2026-04-14T19:57:58Z
BBNX,11.835,2026-04-14T19:59:52Z
BBOT,9.17,2026-04-14T19:59:42Z
BBP,87.38,2026-04-14T19:46:43Z
BBSI,29.28,2026-04-14T19:51:44Z
BBT,31.67,2026-04-14T19:59:49Z
BBUC,34.605,2026-04-14T19:59:38Z
BBUS,125.09,2026-04-14T19:59:51Z
BBVA,23.63,2026-04-14T19:59:56Z
BBW,37.98,2026-04-14T19:59:29Z
BBWI,18.29,2026-04-14T19:59:50Z
BBY,62.065,2026-04-14T19:59:55Z
BC,78.76,2026-04-14T19:59:38Z
BCAB,4.25,2026-04-14T19:58:51Z
BCAL,18.43,2026-04-14T19:59:55Z
BCAR,10.18,2026-04-14T18:59:37Z
BCARW,0.83,2026-04-14T18:47:02Z
BCAT,15.02,2026-04-14T19:59:45Z
BCAX,22.97,2026-04-14T19:59:45Z
BCBP,9.58,2026-04-14T19:09:17Z
BCC,81.75,2026-04-14T19:59:12Z
BCCC,14.52,2026-04-14T16:14:09Z
BCD,36.11,2026-04-14T18:21:56Z
BCDA,1.195,2026-04-14T14:49:42Z
BCE,23.86,2026-04-14T19:59:59Z
BCG,2.05,2026-04-14T13:50:08Z
BCH,39.495,2026-04-14T19:59:48Z
BCHP,36.26,2026-04-14T18:33:58Z
BCHT,1.8,2026-04-14T19:58:03Z
BCI,23.94,2026-04-14T19:59:59Z
BCIC,7.83,2026-04-14T18:13:34Z
BCML,28.215,2026-04-14T19:19:11Z
BCO,106.58,2026-04-14T19:59:07Z
BCPC,175.39,2026-04-14T19:59:17Z
BCPL,24.99,2026-04-14T16:53:40Z
BCRX,9.67,2026-04-14T19:59:58Z
BCS,23.93,2026-04-14T19:59:56Z
BCSF,13.04,2026-04-14T19:59:40Z
BCTK,25.79,2026-04-14T18:19:00Z
BCTX,4.57,2026-04-14T19:59:59Z
BCV,23.64,2026-04-14T19:29:35Z
BCX,12.58,2026-04-14T19:57:14Z
BCYC,5.04,2026-04-14T19:59:59Z
BDC,130.24,2026-04-14T19:58:31Z
BDCX,19.83,2026-04-14T18:07:47Z
BDCZ,15.22,2026-04-14T17:01:27Z
BDEC,50.38,2026-04-14T19:41:23Z
BDJ,9.2,2026-04-14T19:55:36Z
BDMD,1.735,2026-04-14T18:30:28Z
BDN,2.76,2026-04-14T19:59:50Z
BDRX,3.24,2026-04-14T19:59:42Z
BDRY,11.32,2026-04-14T19:28:35Z
BDSX,13.23,2026-04-14T13:37:57Z
BDTX,2.675,2026-04-14T19:59:54Z
BDVL,25.83,2026-04-14T19:40:23Z
BDX,155.695,2026-04-14T19:59:49Z
BDYN,25.97,2026-04-14T19:59:46Z
BE,219.005,2026-04-14T19:59:58Z
BEAGR,0.25,2026-04-14T17:53:34Z
BEAM,30.3,2026-04-14T19:59:56Z
BEAT,1.22,2026-04-14T19:57:00Z
BEDY,27.73,2026-04-14T17:25:21Z
BEEM,1.495,2026-04-14T19:59:22Z
BEEP,2.22,2026-04-14T19:59:32Z
BEG,57.68,2026-04-14T15:45:01Z
BEKE,16.51,2026-04-14T19:59:59Z
BELFB,240.195,2026-04-14T14:33:04Z
BEN,26.44,2026-04-14T19:59:55Z
BENF,3.03,2026-04-14T19:41:16Z
BEP,34.82,2026-04-14T19:59:48Z
BEP-A,17.69,2026-04-14T14:06:31Z
BEPC,42.575,2026-04-14T19:59:22Z
BEPH,15.195,2026-04-14T19:52:29Z
BEPJ,24.6,2026-04-14T19:59:21Z
BERZ,46.225,2026-04-14T14:10:10Z
BESS,2.85,2026-04-14T15:02:12Z
BETA,17.26,2026-04-14T19:59:50Z
BETH,42.905,2026-04-14T16:08:43Z
BETR,34.74,2026-04-14T19:59:49Z
BEX,40.96,2026-04-14T19:59:49Z
BEZ,5.19,2026-04-14T19:59:46Z
BF.A,29.67,2026-04-14T19:54:42Z
BF.B,29.22,2026-04-14T19:59:59Z
BFAM,83.96,2026-04-14T19:59:49Z
BFC,142.59,2026-04-14T19:03:31Z
BFEB,49.91,2026-04-14T15:22:12Z
BFH,82.685,2026-04-14T19:59:49Z
BFLY,4.44,2026-04-14T19:59:58Z
BFOR,87.99,2026-04-14T16:08:16Z
BFRG,1.005,2026-04-14T19:59:55Z
BFRZ,26.33,2026-04-14T18:58:17Z
BFS,34.05,2026-04-14T19:59:28Z
BFST,28.73,2026-04-14T18:50:28Z
BG,122.33,2026-04-14T19:59:51Z
BGB,11.235,2026-04-14T18:02:31Z
BGC,11.58,2026-04-14T19:59:57Z
BGDV,29.14,2026-04-14T14:15:00Z
BGH,14.39,2026-04-14T19:59:54Z
BGIG,34.23,2026-04-14T19:59:51Z
BGL,1.07,2026-04-14T19:59:50Z
BGLD,17.36,2026-04-14T13:31:35Z
BGM,0.3467,2026-04-14T17:55:44Z
BGMS,1.03,2026-04-14T15:14:50Z
BGR,15.99,2026-04-14T19:02:18Z
BGRO,38.03,2026-04-14T14:29:53Z
BGS,5.565,2026-04-14T19:59:54Z
BGSF,5.57,2026-04-14T14:53:43Z
BGSI,125.16,2026-04-14T19:56:22Z
BGT,11.06,2026-04-14T19:29:40Z
BGX,10.96,2026-04-14T19:58:49Z
BGY,5.815,2026-04-14T19:50:30Z
BH,333.15,2026-04-14T19:50:01Z
BH.A,1790.37,2026-04-14T19:55:30Z
BHB,35.04,2026-04-14T19:49:59Z
BHC,5.685,2026-04-14T19:59:53Z
BHE,63.91,2026-04-14T19:58:31Z
BHF,61.28,2026-04-14T19:59:45Z
BHFAL,17.14,2026-04-14T19:45:59Z
BHFAM,12.05,2026-04-14T18:35:53Z
BHFAN,13.39,2026-04-14T15:51:20Z
BHK,9.285,2026-04-14T19:54:19Z
BHP,79.185,2026-04-14T19:59:57Z
BHR,2.51,2026-04-14T19:59:44Z
BHRB,65.83,2026-04-14T19:59:45Z
BHVN,10.43,2026-04-14T19:59:58Z
BIAF,2.805,2026-04-14T19:59:50Z
BIB,86.98,2026-04-14T14:36:33Z
BIBL,51.13,2026-04-14T15:30:43Z
BIDD,30.38,2026-04-14T19:50:51Z
BIDG,13.24,2026-04-14T14:47:47Z
BIDU,118.24,2026-04-14T19:59:53Z
BIIB,178.95,2026-04-14T19:59:53Z
BIL,91.505,2026-04-14T19:59:46Z
BILD,30.97,2026-04-14T15:17:05Z
BILI,24.995,2026-04-14T19:59:53Z
BILL,36.99,2026-04-14T19:59:56Z
BILS,99.275,2026-04-14T19:55:12Z
BILZ,100.8,2026-04-14T19:49:13Z
BINC,52.36,2026-04-14T19:59:55Z
BINT,30.755,2026-04-14T19:59:45Z
BINV,43.27,2026-04-14T17:18:59Z
BIO,292.03,2026-04-14T19:59:36Z
BIOA,16.55,2026-04-14T19:58:58Z
BIOX,0.5895,2026-04-14T19:59:50Z
BIP,37.23,2026-04-14T19:59:59Z
BIP-A,17.03,2026-04-14T17:43:54Z
BIPC,42.65,2026-04-14T19:59:54Z
BIPH,16.2,2026-04-14T15:47:54Z
BIPJ,23.6,2026-04-14T19:09:57Z
BIRD,2.54,2026-04-14T19:46:49Z
BIRK,37.61,2026-04-14T19:59:57Z
BIT,12.82,2026-04-14T19:59:59Z
BITB,40.335,2026-04-14T19:59:56Z
BITI,23.78,2026-04-14T19:59:56Z
BITO,10.195,2026-04-14T19:59:45Z
BITQ,23.17,2026-04-14T19:59:50Z
BITS,62.36,2026-04-14T14:53:48Z
BITU,13.835,2026-04-14T19:59:48Z
BITW,48.5,2026-04-14T19:29:18Z
BITX,17.57,2026-04-14T19:59:47Z
BIV,77.56,2026-04-14T19:59:59Z
BIVI,1.44,2026-04-14T18:46:24Z
BIYA,1.24,2026-04-14T14:45:44Z
BIZD,12.855,2026-04-14T19:59:53Z
BJ,91.72,2026-04-14T19:59:54Z
BJRI,38.42,2026-04-14T19:59:48Z
BJUL,51.91,2026-04-14T15:59:56Z
BJUN,47.85,2026-04-14T13:31:10Z
BK,130.53,2026-04-14T19:59:55Z
BK-K,25.41,2026-04-14T17:53:01Z
BKAG,42.315,2026-04-14T19:58:06Z
BKCH,73.19,2026-04-14T14:29:00Z
BKCI,52.08,2026-04-14T18:39:25Z
BKD,13.93,2026-04-14T19:59:58Z
BKDV,30.98,2026-04-14T18:46:14Z
BKE,53.315,2026-04-14T19:59:39Z
BKEM,86.6,2026-04-14T14:43:50Z
BKF,42.74,2026-04-14T18:39:05Z
BKFI,24.09,2026-04-14T16:38:56Z
BKGI,45.295,2026-04-14T19:54:11Z
BKH,76.605,2026-04-14T19:59:57Z
BKHY,47.8,2026-04-14T18:39:21Z
BKIE,98.87,2026-04-14T19:53:03Z
BKKT,8.995,2026-04-14T19:59:17Z
BKLC,132.805,2026-04-14T19:53:27Z
BKLN,20.54,2026-04-14T19:59:50Z
BKMC,115.99,2026-04-14T19:14:00Z
BKMI,26.285,2026-04-14T19:47:38Z
BKMS,25.56,2026-04-14T13:37:04Z
BKNG,181.05,2026-04-14T19:59:58Z
BKR,61.47,2026-04-14T19:59:59Z
BKSY,32.13,2026-04-14T19:59:26Z
BKT,10.775,2026-04-14T19:52:58Z
BKTI,93.35,2026-04-14T19:27:46Z
BKU,47.235,2026-04-14T19:59:45Z
BKUI,49.745,2026-04-14T19:54:35Z
BKV,26.47,2026-04-14T19:59:49Z
BKYI,0.5701,2026-04-14T15:51:50Z
BL,31,2026-04-14T19:59:08Z
BLBD,64.99,2026-04-14T19:59:55Z
BLCN,23.25,2026-04-14T19:32:25Z
BLCO,16.7,2026-04-14T19:59:58Z
BLCR,45.19,2026-04-14T19:59:45Z
BLD,400.7,2026-04-14T19:59:54Z
BLDP,2.935,2026-04-14T19:59:56Z
BLDR,87.88,2026-04-14T19:59:19Z
BLES,46.68,2026-04-14T14:31:59Z
BLFS,20.26,2026-04-14T19:59:39Z
BLIV,2.14,2026-04-14T16:27:24Z
BLK,1054.8,2026-04-14T19:59:55Z
BLKB,35.89,2026-04-14T19:59:20Z
BLLN,82.8,2026-04-14T19:59:45Z
BLMN,6.41,2026-04-14T19:59:59Z
BLND,1.43,2026-04-14T19:59:50Z
BLNE,2.4,2026-04-14T19:59:49Z
BLNK,0.6523,2026-04-14T19:55:05Z
BLOK,57.76,2026-04-14T19:59:46Z
BLOX,15.65,2026-04-14T14:41:21Z
BLSG,6.09,2026-04-14T14:40:28Z
BLSH,40.625,2026-04-14T19:59:53Z
BLST,25.23,2026-04-14T19:59:45Z
BLTD,25.5,2026-04-14T19:59:46Z
BLTE,172.01,2026-04-14T19:54:50Z
BLUC,28.76,2026-04-14T18:26:19Z
BLV,69.46,2026-04-14T19:59:54Z
BLW,12.805,2026-04-14T19:55:58Z
BLX,54.92,2026-04-14T19:59:05Z
BLZE,3.58,2026-04-14T19:59:32Z
BMA,81.66,2026-04-14T19:59:27Z
BMAR,54.9,2026-04-14T15:31:04Z
BMBL,3.75,2026-04-14T19:59:56Z
BME,40.21,2026-04-14T14:52:00Z
BMEA,1.95,2026-04-14T19:59:35Z
BMEZ,14.775,2026-04-14T19:58:23Z
BMHL,3.33,2026-04-14T15:35:37Z
BMI,161.215,2026-04-14T19:59:36Z
BML-J,19.97,2026-04-14T19:49:19Z
BMM,8.08,2026-04-14T18:06:11Z
BMNG,1.41,2026-04-14T19:59:51Z
BMNR,21.47,2026-04-14T19:59:59Z
BMNU,2.035,2026-04-14T19:59:46Z
BMNZ,16.455,2026-04-14T19:57:39Z
BMO,148.36,2026-04-14T19:59:56Z
BMOP,24.835,2026-04-14T19:49:16Z
BMR,1.54,2026-04-14T15:03:53Z
BMRC,26.67,2026-04-14T19:48:57Z
BMRN,55.44,2026-04-14T19:59:49Z
BMY,58.1,2026-04-14T19:59:59Z
BN,45.56,2026-04-14T19:59:57Z
BNAI,52.96,2026-04-14T19:55:37Z
BNBX,0.585,2026-04-14T19:59:02Z
BNC,2.82,2026-04-14T19:57:49Z
BND,73.98,2026-04-14T19:59:54Z
BNDI,47.64,2026-04-14T19:59:46Z
BNDS,50.94,2026-04-14T14:37:32Z
BNDW,68.62,2026-04-14T19:53:51Z
BNDX,48.225,2026-04-14T19:59:55Z
BNED,10.13,2026-04-14T19:59:53Z
BNGO,1.19,2026-04-14T19:58:43Z
BNH,15.7,2026-04-14T17:36:18Z
BNKD,44.12,2026-04-14T14:26:17Z
BNKK,2.49,2026-04-14T19:56:59Z
BNKU,33.21,2026-04-14T19:51:02Z
BNL,20.1,2026-04-14T19:59:58Z
BNO,47.52,2026-04-14T19:58:57Z
BNR,19.745,2026-04-14T19:54:09Z
BNRG,0.5202,2026-04-14T19:49:00Z
BNS,74.48,2026-04-14T19:59:59Z
BNT,45.78,2026-04-14T19:40:08Z
BNTC,13.17,2026-04-14T19:59:31Z
BNTX,98.45,2026-04-14T19:59:55Z
BNZI,0.6784,2026-04-14T19:59:18Z
BOBS,11.44,2026-04-14T19:59:51Z
BOC,12.06,2026-04-14T19:59:54Z
BOCT,50.27,2026-04-14T19:04:45Z
BODI,11.35,2026-04-14T16:48:10Z
BOE,11.735,2026-04-14T19:56:40Z
BOF,4.15,2026-04-14T19:59:03Z
BOH,79.13,2026-04-14T19:59:19Z
BOH-B,26.705,2026-04-14T18:28:21Z
BOIL,13.21,2026-04-14T19:59:58Z
BOKF,135.32,2026-04-14T19:59:57Z
BOLD,1.55,2026-04-14T19:59:47Z
BOND,92.91,2026-04-14T19:59:41Z
BOOM,5.305,2026-04-14T19:59:36Z
BOOT,159.34,2026-04-14T19:59:35Z
BORR,5.69,2026-04-14T19:59:56Z
BOSC,4.62,2026-04-14T19:59:27Z
BOTJ,22.12,2026-04-14T19:59:50Z
BOTT,50.29,2026-04-14T14:46:49Z
BOTZ,36.6,2026-04-14T19:59:58Z
BOW,24.08,2026-04-14T19:58:46Z
BOX,22.315,2026-04-14T19:59:55Z
BOXL,1.16,2026-04-14T19:57:38Z
BOXX,116.3,2026-04-14T19:59:51Z
BP,46.175,2026-04-14T19:59:59Z
BPOP,144.67,2026-04-14T19:57:48Z
BPRE,16.615,2026-04-14T19:29:37Z
BPYPM,16.52,2026-04-14T19:36:18Z
BPYPP,16.01,2026-04-14T19:08:44Z
BQ,0.803,2026-04-14T13:32:23Z
BR,158.74,2026-04-14T19:59:50Z
BRBR,15.49,2026-04-14T19:59:52Z
BRBS,3.475,2026-04-14T19:59:56Z
BRC,84.2,2026-04-14T19:58:06Z
BRCB,14.12,2026-04-14T19:59:57Z
BRCC,0.8215,2026-04-14T19:58:44Z
BRF,20.14,2026-04-14T14:11:50Z
BRHY,50.94,2026-04-14T14:12:03Z
BRIE,29,2026-04-14T19:52:09Z
BRK.B,477.63,2026-04-14T19:59:59Z
BRKR,39.91,2026-04-14T19:59:56Z
BRKU,21.59,2026-04-14T19:52:05Z
BRLS,0.93,2026-04-14T19:10:11Z
BRLT,1.28,2026-04-14T17:59:47Z
BRN,1.02,2026-04-14T19:59:32Z
BRNS,0.5504,2026-04-14T13:31:45Z
BRO,66.54,2026-04-14T19:59:54Z
BROS,52.12,2026-04-14T19:59:53Z
BRR,2.01,2026-04-14T19:59:56Z
BRRR,20.96,2026-04-14T19:55:19Z
BRRWW,0.29,2026-04-14T19:53:44Z
BRSL,12.59,2026-04-14T19:59:57Z
BRSP,5.93,2026-04-14T19:59:57Z
BRT,14.235,2026-04-14T19:57:11Z
BRTR,50.535,2026-04-14T19:58:43Z
BRTX,0.25,2026-04-14T19:59:50Z
BRW,6.735,2026-04-14T19:58:56Z
BRX,30.05,2026-04-14T19:59:55Z
BRZE,20.515,2026-04-14T19:59:58Z
BRZU,131.49,2026-04-14T19:55:00Z
BSAC,35.89,2026-04-14T19:59:30Z
BSBR,6.45,2026-04-14T19:59:52Z
BSCQ,19.565,2026-04-14T19:59:58Z
BSCR,19.685,2026-04-14T19:41:56Z
BSCS,20.495,2026-04-14T14:38:10Z
BSCT,18.755,2026-04-14T19:59:45Z
BSCU,16.84,2026-04-14T19:47:12Z
BSCV,16.61,2026-04-14T19:42:03Z
BSCW,20.815,2026-04-14T19:55:02Z
BSCX,21.38,2026-04-14T19:52:54Z
BSCY,20.955,2026-04-14T19:59:27Z
BSCZ,20.79,2026-04-14T18:01:52Z
BSET,14.89,2026-04-14T19:24:00Z
BSJQ,23.275,2026-04-14T19:59:49Z
BSJR,22.545,2026-04-14T19:59:51Z
BSJS,21.91,2026-04-14T19:59:53Z
BSJT,21.32,2026-04-14T19:59:15Z
BSJU,25.995,2026-04-14T19:56:20Z
BSJV,26.41,2026-04-14T18:40:22Z
BSJW,25.57,2026-04-14T18:40:22Z
BSL,12.925,2026-04-14T19:59:44Z
BSM,13.5,2026-04-14T19:59:18Z
BSMQ,23.655,2026-04-14T19:59:22Z
BSMS,23.51,2026-04-14T19:51:19Z
BSMT,23.12,2026-04-14T14:02:42Z
BSMV,21.05,2026-04-14T19:09:59Z
BSMW,25.13,2026-04-14T19:10:39Z
BSMZ,25.505,2026-04-14T17:27:10Z
BSOL,11.275,2026-04-14T19:59:56Z
BSRR,36.15,2026-04-14T19:49:56Z
BSSX,25.7,2026-04-14T19:59:27Z
BST,40.96,2026-04-14T19:56:46Z
BSTP,37.63,2026-04-14T18:50:32Z
BSTZ,24.2,2026-04-14T19:52:50Z
BSV,78.445,2026-04-14T19:55:13Z
BSVO,26.64,2026-04-14T19:54:37Z
BSX,63.81,2026-04-14T19:59:55Z
BSY,33.24,2026-04-14T19:59:57Z
BTAI,1.055,2026-04-14T19:57:03Z
BTAL,12.855,2026-04-14T19:59:45Z
BTBD,1.745,2026-04-14T19:59:46Z
BTBT,1.505,2026-04-14T19:59:43Z
BTC,32.86,2026-04-14T19:59:56Z
BTCI,35.41,2026-04-14T19:37:40Z
BTCL,18.52,2026-04-14T15:05:16Z
BTCO,73.99,2026-04-14T19:59:06Z
BTCS,1.725,2026-04-14T19:59:40Z
BTCT,1.17,2026-04-14T13:39:04Z
BTCW,79.67,2026-04-14T15:37:56Z
BTCZ,4.51,2026-04-14T19:58:38Z
BTDR,11.985,2026-04-14T19:59:56Z
BTE,4.225,2026-04-14T19:59:53Z
BTG,4.94,2026-04-14T19:59:58Z
BTGO,10.26,2026-04-14T19:59:45Z
BTI,57.49,2026-04-14T19:59:58Z
BTM,3.65,2026-04-14T19:57:51Z
BTMD,1.86,2026-04-14T19:56:56Z
BTO,37.28,2026-04-14T18:53:30Z
BTOG,3.1,2026-04-14T19:40:34Z
BTQ,2.99,2026-04-14T19:59:58Z
BTSG,46.05,2026-04-14T19:59:51Z
BTSGU,152.71,2026-04-14T15:17:51Z
BTT,23.05,2026-04-14T19:59:33Z
BTU,27.695,2026-04-14T19:59:56Z
BTX,7.465,2026-04-14T19:59:42Z
BTZ,10.505,2026-04-14T19:59:55Z
BUCK,23.59,2026-04-14T19:59:02Z
BUD,75.57,2026-04-14T19:59:53Z
BUFB,37.56,2026-04-14T18:33:24Z
BUFD,28.83,2026-04-14T19:58:43Z
BUFE,20.96,2026-04-14T17:27:11Z
BUFF,51.03,2026-04-14T17:33:33Z
BUFG,28.07,2026-04-14T19:57:44Z
BUFH,21.09,2026-04-14T17:48:47Z
BUFP,30.87,2026-04-14T19:15:12Z
BUFQ,37.12,2026-04-14T19:59:50Z
BUFR,35.115,2026-04-14T19:50:08Z
BUFS,23.94,2026-04-14T19:27:23Z
BUFT,25.4,2026-04-14T18:24:08Z
BUFZ,27.07,2026-04-14T19:59:16Z
BUG,24.255,2026-04-14T19:59:46Z
BUI,26.98,2026-04-14T18:40:07Z
BULG,1.5,2026-04-14T19:53:43Z
BULL,5.82,2026-04-14T19:59:59Z
BULZ,26.16,2026-04-14T19:59:41Z
BUR,4.71,2026-04-14T19:59:55Z
BURL,335.16,2026-04-14T19:59:58Z
BURU,0.2008,2026-04-14T19:59:22Z
BUSE,26.795,2026-04-14T19:59:52Z
BUSEP,25.76,2026-04-14T19:10:59Z
BUXX,20.25,2026-04-14T19:59:54Z
BUYW,14.36,2026-04-14T19:59:50Z
BUZZ,32.2,2026-04-14T19:59:50Z
BV,12.055,2026-04-14T19:59:49Z
BVAL,29.175,2026-04-14T19:41:21Z
BVFL,19.995,2026-04-14T15:47:54Z
BVN,37.55,2026-04-14T19:59:58Z
BVS,9.9,2026-04-14T19:59:56Z
BW,17.85,2026-04-14T19:59:53Z
BWA,53.73,2026-04-14T19:59:30Z
BWAY,14.93,2026-04-14T19:52:12Z
BWB,18.88,2026-04-14T19:56:56Z
BWEN,2.185,2026-04-14T19:59:19Z
BWET,147.37,2026-04-14T19:56:07Z
BWFG,52.45,2026-04-14T18:58:56Z
BWG,8.19,2026-04-14T19:57:30Z
BWIN,22.225,2026-04-14T19:59:59Z
BWLP,17.815,2026-04-14T19:59:59Z
BWMN,31.965,2026-04-14T19:59:51Z
BWMX,18.71,2026-04-14T17:25:29Z
BWNB,25.005,2026-04-14T14:32:21Z
BWX,22.36,2026-04-14T19:56:09Z
BWXT,238.48,2026-04-14T19:59:48Z
BWZ,27.4,2026-04-14T19:47:56Z
BX,126.345,2026-04-14T19:59:58Z
BXC,56.77,2026-04-14T19:59:40Z
BXMT,19.965,2026-04-14T19:59:58Z
BXP,55.04,2026-04-14T19:59:49Z
BXSL,24.155,2026-04-14T19:59:59Z
BY,33.37,2026-04-14T19:59:54Z
BYD,87.73,2026-04-14T19:59:50Z
BYLD,22.74,2026-04-14T19:11:23Z
BYND,0.7179,2026-04-14T19:59:56Z
BYRN,6.01,2026-04-14T19:59:53Z
BZ,13.5,2026-04-14T19:59:59Z
BZAI,1.755,2026-04-14T19:59:55Z
BZFD,0.6888,2026-04-14T19:14:38Z
BZH,21.9,2026-04-14T19:59:52Z
BZQ,8.26,2026-04-14T15:14:38Z
BZUN,2.635,2026-04-14T19:58:49Z
C,129.59,2026-04-14T19:59:54Z
C-N,30.07,2026-04-14T17:59:16Z
C-R,25.38,2026-04-14T19:45:10Z
CAAA,20.4,2026-04-14T14:51:26Z
CAAP,26.67,2026-04-14T19:57:31Z
CAAS,4.2,2026-04-14T14:21:31Z
CABA,3.25,2026-04-14T19:59:55Z
CABO,92.8,2026-04-14T19:59:43Z
CABR,1.16,2026-04-14T19:59:58Z
CAC,51.255,2026-04-14T19:23:41Z
CACC,489.71,2026-04-14T19:58:01Z
CACI,533.28,2026-04-14T19:59:37Z
CADL,5.09,2026-04-14T19:59:59Z
CAE,27.945,2026-04-14T19:59:32Z
CAF,17.73,2026-04-14T16:43:43Z
CAFG,28.68,2026-04-14T19:23:21Z
CAFX,24.92,2026-04-14T19:59:45Z
CAG,14.28,2026-04-14T19:59:57Z
CAH,214.96,2026-04-14T19:59:54Z
CAI,20.19,2026-04-14T19:59:54Z
CAIE,26.31,2026-04-14T19:55:00Z
CAIQ,25.455,2026-04-14T19:48:59Z
CAKE,61.23,2026-04-14T19:59:46Z
CAL,12.875,2026-04-14T19:59:51Z
CALC,0.624,2026-04-14T19:38:25Z
CALF,46.06,2026-04-14T19:57:43Z
CALI,50.405,2026-04-14T19:59:50Z
CALM,75.57,2026-04-14T19:59:34Z
CALX,48.79,2026-04-14T19:59:52Z
CALY,14.35,2026-04-14T19:59:55Z
CAM,25.06,2026-04-14T19:36:53Z
CAMP,4.51,2026-04-14T19:58:55Z
CAMT,180.515,2026-04-14T19:59:03Z
CAN,0.5185,2026-04-14T19:59:46Z
CANC,38.81,2026-04-14T18:48:13Z
CANE,9.45,2026-04-14T19:59:49Z
CANF,3.12,2026-04-14T13:56:58Z
CANG,0.4615,2026-04-14T19:59:10Z
CAPL,21.06,2026-04-14T19:20:34Z
CAPR,34.73,2026-04-14T19:59:48Z
CAPS,0.534,2026-04-14T19:01:13Z
CAR,411.06,2026-04-14T19:59:59Z
CARD,2.82,2026-04-14T19:03:52Z
CARE,24.45,2026-04-14T19:59:33Z
CARG,35.75,2026-04-14T19:59:44Z
CARL,10.44,2026-04-14T19:52:54Z
CARR,64.66,2026-04-14T19:59:55Z
CARS,10.11,2026-04-14T19:59:55Z
CART,39.53,2026-04-14T19:59:54Z
CARU,24.69,2026-04-14T19:56:22Z
CARY,20.88,2026-04-14T19:52:05Z
CARZ,91.515,2026-04-14T18:10:12Z
CASH,96.83,2026-04-14T19:59:13Z
CASS,46.33,2026-04-14T14:15:46Z
CAST,3.95,2026-04-14T19:58:06Z
CASY,742.425,2026-04-14T19:59:20Z
CAT,794.44,2026-04-14T19:59:52Z
CATH,83.18,2026-04-14T14:52:26Z
CATO,2.91,2026-04-14T19:57:19Z
CATX,4.24,2026-04-14T19:59:58Z
CATY,53.85,2026-04-14T19:59:35Z
CAVA,88.17,2026-04-14T19:59:50Z
CB,325.58,2026-04-14T19:59:47Z
CBAN,20.97,2026-04-14T19:59:49Z
CBC,24.51,2026-04-14T19:59:54Z
CBIO,19.39,2026-04-14T19:59:59Z
CBK,28.19,2026-04-14T19:49:48Z
CBL,42.38,2026-04-14T19:59:44Z
CBLL,19.53,2026-04-14T19:59:52Z
CBNK,31.83,2026-04-14T19:55:58Z
CBOE,301.015,2026-04-14T19:59:23Z
CBON,23.66,2026-04-14T16:42:07Z
CBRE,147.01,2026-04-14T19:59:50Z
CBRL,27.88,2026-04-14T19:59:54Z
CBSH,50.67,2026-04-14T19:59:50Z
CBT,74.57,2026-04-14T19:59:49Z
CBTJ,19.775,2026-04-14T14:54:01Z
CBTO,20.16,2026-04-14T14:39:20Z
CBTY,19.96,2026-04-14T18:13:24Z
CBU,62.355,2026-04-14T19:23:53Z
CBUS,1.41,2026-04-14T19:59:56Z
CBZ,29.15,2026-04-14T19:59:33Z
CC,22.895,2026-04-14T19:59:58Z
CCAP,13.05,2026-04-14T19:59:50Z
CCB,82.73,2026-04-14T19:38:41Z
CCBG,46.63,2026-04-14T19:59:50Z
CCC,5.16,2026-04-14T19:59:59Z
CCCC,2.79,2026-04-14T19:59:54Z
CCD,23.22,2026-04-14T19:48:23Z
CCEL,3.75,2026-04-14T19:52:57Z
CCEP,96.41,2026-04-14T19:59:53Z
CCG,0.7299,2026-04-14T17:34:04Z
CCHH,0.6042,2026-04-14T19:58:53Z
CCI,86.275,2026-04-14T19:59:55Z
CCIF,3.31,2026-04-14T16:19:42Z
CCIX,10.74,2026-04-14T19:19:59Z
CCIXW,0.6186,2026-04-14T17:03:41Z
CCJ,116.155,2026-04-14T19:59:49Z
CCK,107.06,2026-04-14T19:59:36Z
CCL,28.7,2026-04-14T19:59:59Z
CCLD,2.88,2026-04-14T19:59:53Z
CCLDO,27.2,2026-04-14T15:35:01Z
CCM,4.01,2026-04-14T19:29:34Z
CCNE,30.94,2026-04-14T19:55:08Z
CCO,2.385,2026-04-14T19:59:52Z
CCOI,22.53,2026-04-14T19:59:55Z
CCRN,9.76,2026-04-14T19:59:40Z
CCS,60.37,2026-04-14T19:59:41Z
CCSI,24.65,2026-04-14T14:54:42Z
CCTG,0.51,2026-04-14T16:29:23Z
CCU,12.285,2026-04-14T19:59:52Z
CCUP,5.435,2026-04-14T19:59:41Z
CD,4.75,2026-04-14T19:59:40Z
CDC,72,2026-04-14T19:54:34Z
CDE,21.16,2026-04-14T19:59:58Z
CDIO,1.9,2026-04-14T19:35:48Z
CDL,75,2026-04-14T15:42:05Z
CDLR,26.61,2026-04-14T19:59:46Z
CDLX,0.9617,2026-04-14T19:59:08Z
CDNA,17.625,2026-04-14T19:59:55Z
CDNL,49.64,2026-04-14T19:59:40Z
CDNS,292.26,2026-04-14T19:59:54Z
CDP,32.36,2026-04-14T19:59:49Z
CDRE,33.24,2026-04-14T19:59:54Z
CDRO,8.69,2026-04-14T17:53:58Z
CDT,5.08,2026-04-14T13:41:46Z
CDTG,0.3819,2026-04-14T15:16:19Z
CDW,130.035,2026-04-14T19:59:57Z
CDX,21.705,2026-04-14T19:59:46Z
CDXS,2.365,2026-04-14T19:59:42Z
CDZI,4.69,2026-04-14T19:59:55Z
CDZIP,19.31,2026-04-14T14:16:08Z
CE,65.13,2026-04-14T19:59:55Z
CECO,66.035,2026-04-14T19:59:41Z
CEF,49.92,2026-04-14T19:58:16Z
CEFS,23.88,2026-04-14T19:56:52Z
CEG,296.55,2026-04-14T19:59:57Z
CEGX,17.46,2026-04-14T17:42:41Z
CELC,120.83,2026-04-14T19:59:54Z
CELH,34.525,2026-04-14T19:59:54Z
CELU,1.285,2026-04-14T19:46:51Z
CELZ,2.23,2026-04-14T15:41:15Z
CENN,3.91,2026-04-14T19:57:19Z
CENT,36.74,2026-04-14T19:57:58Z
CENTA,33.51,2026-04-14T19:58:37Z
CENX,63.81,2026-04-14T19:59:52Z
CEPI,32.15,2026-04-14T19:39:46Z
CEPS,10.105,2026-04-14T19:45:11Z
CEPT,11.05,2026-04-14T19:59:54Z
CEPU,15.46,2026-04-14T19:55:32Z
CERS,2.005,2026-04-14T19:59:59Z
CERT,5.82,2026-04-14T19:59:54Z
CERY,35.55,2026-04-14T13:31:06Z
CET,52.34,2026-04-14T18:59:04Z
CETX,1.215,2026-04-14T19:52:10Z
CEV,10.28,2026-04-14T19:45:19Z
CEVA,21.475,2026-04-14T19:59:40Z
CF,118.98,2026-04-14T19:59:59Z
CFFN,7.6,2026-04-14T19:59:56Z
CFG,64.87,2026-04-14T19:59:59Z
CFG-E,19.02,2026-04-14T18:38:33Z
CFND,3.62,2026-04-14T18:53:52Z
CFR,142.3,2026-04-14T19:59:34Z
CFTR-A,24.23,2026-04-14T19:28:49Z
CG,51.2,2026-04-14T19:59:54Z
CGABL,17.51,2026-04-14T16:53:03Z
CGAU,19.82,2026-04-14T19:59:40Z
CGBD,11.43,2026-04-14T19:59:54Z
CGBL,36.385,2026-04-14T19:59:54Z
CGC,1.085,2026-04-14T19:59:32Z
CGCB,26.475,2026-04-14T19:59:46Z
CGCP,22.565,2026-04-14T19:53:27Z
CGCT,10.26,2026-04-14T13:39:34Z
CGCV,31.065,2026-04-14T19:53:35Z
CGDG,37.275,2026-04-14T19:59:45Z
CGDV,45.395,2026-04-14T19:59:58Z
CGEM,14.355,2026-04-14T19:59:46Z
CGEN,2.88,2026-04-14T19:58:58Z
CGGE,32.88,2026-04-14T19:59:56Z
CGGG,27.795,2026-04-14T19:59:45Z
CGGO,37,2026-04-14T19:59:59Z
CGGR,43.535,2026-04-14T19:59:55Z
CGHM,25.605,2026-04-14T19:07:33Z
CGIB,25.335,2026-04-14T19:54:24Z
CGIC,35.32,2026-04-14T19:50:39Z
CGIE,36.145,2026-04-14T19:59:06Z
CGMM,31.31,2026-04-14T19:54:50Z
CGMS,27.665,2026-04-14T19:59:27Z
CGMU,27.425,2026-04-14T19:59:56Z
CGNG,34.55,2026-04-14T19:59:59Z
CGNT,9.57,2026-04-14T19:59:57Z
CGNX,55.595,2026-04-14T19:59:54Z
CGO,12.51,2026-04-14T15:41:06Z
CGON,67.25,2026-04-14T19:59:49Z
CGSD,25.92,2026-04-14T19:59:59Z
CGSM,26.36,2026-04-14T19:59:59Z
CGTX,0.9726,2026-04-14T19:58:35Z
CGUI,25.34,2026-04-14T18:43:38Z
CGUS,41.425,2026-04-14T19:59:35Z
CGVV,28.66,2026-04-14T19:59:45Z
CGW,67.215,2026-04-14T19:56:42Z
CGXU,32.06,2026-04-14T19:58:54Z
CHA,10.16,2026-04-14T19:59:51Z
CHAI,1.12,2026-04-14T19:59:00Z
CHAT,73.415,2026-04-14T19:59:52Z
CHAU,22.765,2026-04-14T19:59:26Z
CHCI,18.625,2026-04-14T16:44:22Z
CHCO,127.36,2026-04-14T19:59:03Z
CHCT,17.4,2026-04-14T19:52:16Z
CHD,95.56,2026-04-14T19:59:50Z
CHDN,91.96,2026-04-14T19:59:56Z
CHE,376.735,2026-04-14T19:59:34Z
CHEF,66.21,2026-04-14T19:59:59Z
CHGG,0.9563,2026-04-14T19:59:46Z
CHH,116.7,2026-04-14T19:59:57Z
CHI,11.72,2026-04-14T15:49:14Z
CHIQ,20.545,2026-04-14T16:09:33Z
CHKP,134.7,2026-04-14T19:59:58Z
CHMI,2.67,2026-04-14T19:55:32Z
CHOW,0.475,2026-04-14T17:56:21Z
CHPS,63.94,2026-04-14T17:00:18Z
CHPT,6.27,2026-04-14T19:59:54Z
CHPX,69.97,2026-04-14T19:42:33Z
CHPY,62.95,2026-04-14T19:59:59Z
CHR,1.56,2026-04-14T19:49:58Z
CHRD,129.13,2026-04-14T19:59:59Z
CHRS,1.8,2026-04-14T19:59:04Z
CHRW,168.5,2026-04-14T19:59:50Z
CHSCL,25.63,2026-04-14T18:04:58Z
CHSCM,24.93,2026-04-14T19:52:20Z
CHSCO,26.31,2026-04-14T17:02:00Z
CHSN,2.28,2026-04-14T19:52:43Z
CHT,42.62,2026-04-14T19:59:48Z
CHTR,215.65,2026-04-14T19:59:57Z
CHW,8.055,2026-04-14T15:21:30Z
CHWY,25.9,2026-04-14T19:59:59Z
CHY,11.96,2026-04-14T19:59:46Z
CHYM,22.25,2026-04-14T19:59:59Z
CI,272.62,2026-04-14T19:59:37Z
CIA,5.515,2026-04-14T19:42:22Z
CIB,77.53,2026-04-14T19:59:46Z
CIBR,62.79,2026-04-14T19:59:53Z
CIEN,467.27,2026-04-14T19:59:52Z
CIFG,9.9,2026-04-14T19:55:53Z
CIFR,18.46,2026-04-14T19:59:59Z
CIFU,24.8,2026-04-14T17:14:01Z
CIG,2.685,2026-04-14T19:59:17Z
CIG.C,3.92,2026-04-14T19:54:28Z
CIGI,113.67,2026-04-14T19:59:31Z
CII,23.47,2026-04-14T19:29:03Z
CIK,2.61,2026-04-14T18:54:21Z
CIM,13.55,2026-04-14T19:59:56Z
CIM-A,21.78,2026-04-14T15:59:14Z
CIM-B,23.78,2026-04-14T15:17:39Z
CIM-C,21.99,2026-04-14T15:34:29Z
CIM-D,23.8,2026-04-14T15:17:17Z
CIMN,25.53,2026-04-14T19:44:11Z
CIMP,25.01,2026-04-14T19:07:03Z
CINF,163.31,2026-04-14T19:59:44Z
CING,5.38,2026-04-14T19:59:54Z
CINT,4.7,2026-04-14T19:58:00Z
CION,7.32,2026-04-14T19:59:54Z
CISO,0.3471,2026-04-14T15:21:32Z
CISS,0.8403,2026-04-14T14:00:54Z
CITR,8.83,2026-04-14T19:52:53Z
CIVB,23.9,2026-04-14T19:59:34Z
CL,84.18,2026-04-14T19:59:51Z
CLAR,2.715,2026-04-14T19:59:26Z
CLB,16.26,2026-04-14T19:59:52Z
CLBK,18.25,2026-04-14T19:59:34Z
CLBR,10.04,2026-04-14T18:56:05Z
CLBT,11.85,2026-04-14T19:59:59Z
CLDI,0.2665,2026-04-14T18:37:08Z
CLDT,8.65,2026-04-14T19:59:51Z
CLDX,33.32,2026-04-14T19:59:47Z
CLF,9.445,2026-04-14T19:59:56Z
CLFD,27.61,2026-04-14T19:59:28Z
CLGN,0.2861,2026-04-14T19:24:29Z
CLH,305.075,2026-04-14T19:59:22Z
CLIP,100.195,2026-04-14T19:59:45Z
CLLS,4.19,2026-04-14T17:21:24Z
CLM,7.73,2026-04-14T19:56:19Z
CLMB,22.805,2026-04-14T19:59:23Z
CLMT,32.215,2026-04-14T19:59:50Z
CLNE,2.28,2026-04-14T19:59:59Z
CLNK,16.51,2026-04-14T17:45:48Z
CLNN,6.58,2026-04-14T17:08:14Z
CLOA,51.79,2026-04-14T19:59:47Z
CLOB,49.965,2026-04-14T19:33:10Z
CLOI,52.605,2026-04-14T19:59:47Z
CLOU,18.2,2026-04-14T19:59:51Z
CLOV,2.045,2026-04-14T19:59:44Z
CLOX,25.51,2026-04-14T19:54:38Z
CLOZ,25.86,2026-04-14T19:29:21Z
CLPR,3.265,2026-04-14T19:50:02Z
CLPT,10.38,2026-04-14T19:59:46Z
CLRB,2.95,2026-04-14T13:43:29Z
CLS,384.56,2026-04-14T19:59:48Z
CLSE,30.365,2026-04-14T19:56:20Z
CLSK,11.25,2026-04-14T19:59:59Z
CLSKW,0.29,2026-04-14T15:46:04Z
CLSM,24.58,2026-04-14T18:15:36Z
CLSX,14.42,2026-04-14T19:57:26Z
CLSZ,11.88,2026-04-14T17:38:11Z
CLVT,2.36,2026-04-14T19:59:56Z
CLW,15.525,2026-04-14T19:57:07Z
CLX,104.42,2026-04-14T19:59:50Z
CLYM,8.815,2026-04-14T19:59:42Z
CM,106.08,2026-04-14T19:59:40Z
CMBS,48.92,2026-04-14T19:52:32Z
CMBT,12.93,2026-04-14T19:59:59Z
CMC,65.92,2026-04-14T19:59:57Z
CMCL,25.78,2026-04-14T19:59:01Z
CMCO,16.105,2026-04-14T19:59:54Z
CMCSA,28.13,2026-04-14T19:59:57Z
CMCT,0.7667,2026-04-14T19:05:15Z
CMDB,17.635,2026-04-14T18:45:55Z
CMDT,32.62,2026-04-14T19:59:51Z
CMDY,58.97,2026-04-14T19:57:51Z
CME,296.975,2026-04-14T19:59:54Z
CMF,57.37,2026-04-14T19:59:52Z
CMG,34.92,2026-04-14T19:59:54Z
CMI,614.87,2026-04-14T19:59:38Z
CMMB,1.69,2026-04-14T19:58:18Z
CMND,0.88,2026-04-14T19:52:09Z
CMP,24.7,2026-04-14T19:59:10Z
CMPR,80.74,2026-04-14T19:36:33Z
CMPS,5.75,2026-04-14T19:59:55Z
CMPX,5.44,2026-04-14T19:59:50Z
CMRC,2.51,2026-04-14T19:59:55Z
CMRE,17.39,2026-04-14T19:59:49Z
CMS,78.825,2026-04-14T19:59:59Z
CMS-C,17.25,2026-04-14T16:49:10Z
CMSC,22.66,2026-04-14T15:09:02Z
CMT,26.09,2026-04-14T19:46:07Z
CMTG,2.61,2026-04-14T19:59:43Z
CMTL,3.71,2026-04-14T19:59:52Z
CMTV,32.76,2026-04-14T14:10:46Z
CMU,3.655,2026-04-14T19:56:39Z
CNA,47.25,2026-04-14T19:59:52Z
CNC,37.25,2026-04-14T19:59:57Z
CNCK,1.845,2026-04-14T19:08:08Z
CNDT,1.505,2026-04-14T19:59:50Z
CNEQ,35.42,2026-04-14T19:59:51Z
CNET,0.6988,2026-04-14T14:09:39Z
CNEY,0.48,2026-04-14T15:55:27Z
CNF,2.665,2026-04-14T17:53:20Z
CNH,11.48,2026-04-14T19:59:58Z
CNI,111.945,2026-04-14T19:59:55Z
CNK,30.45,2026-04-14T19:59:59Z
CNL,19.49,2026-04-14T19:55:35Z
CNM,53.945,2026-04-14T19:59:56Z
CNMD,39.695,2026-04-14T19:59:33Z
CNNE,12.81,2026-04-14T19:59:59Z
CNO,42.81,2026-04-14T19:59:28Z
CNOB,28.45,2026-04-14T19:59:50Z
CNP,42.895,2026-04-14T19:59:54Z
CNQ,45.65,2026-04-14T19:59:57Z
CNR,87.55,2026-04-14T19:59:46Z
CNRG,96.15,2026-04-14T18:18:52Z
CNS,66.34,2026-04-14T19:59:13Z
CNTA,39.6,2026-04-14T19:59:56Z
CNTB,3.025,2026-04-14T19:59:42Z
CNTN,3.395,2026-04-14T19:59:32Z
CNTX,2.51,2026-04-14T19:59:55Z
CNTY,1.47,2026-04-14T19:47:06Z
CNVS,2.4,2026-04-14T19:59:51Z
CNX,38.37,2026-04-14T19:59:50Z
CNXC,28.26,2026-04-14T19:59:52Z
CNXN,64.4,2026-04-14T19:51:17Z
CNXT,50.72,2026-04-14T18:19:19Z
CNYA,36.23,2026-04-14T19:57:36Z
COAL,25.635,2026-04-14T19:58:01Z
COCO,49.61,2026-04-14T19:59:54Z
COCP,1.515,2026-04-14T19:59:23Z
CODA,12.95,2026-04-14T19:56:38Z
CODI,10.41,2026-04-14T19:59:54Z
CODI-B,21.2,2026-04-14T19:11:47Z
CODI-C,20.775,2026-04-14T19:11:25Z
CODX,1.43,2026-04-14T19:12:46Z
COF,199.82,2026-04-14T19:59:54Z
COF-I,19.24,2026-04-14T15:25:46Z
COF-J,18.47,2026-04-14T19:31:14Z
COF-K,17.8,2026-04-14T17:37:29Z
COFS,30.44,2026-04-14T19:47:01Z
COGT,36.48,2026-04-14T19:59:54Z
COHR,313.555,2026-04-14T19:59:54Z
COHU,38.52,2026-04-14T19:59:48Z
COHX,42.68,2026-04-14T19:58:47Z
COIA,5.96,2026-04-14T19:59:50Z
COIG,7.47,2026-04-14T18:32:11Z
COIN,184.42,2026-04-14T19:59:59Z
COIW,12.69,2026-04-14T19:55:03Z
COKE,192.23,2026-04-14T19:59:27Z
COLB,29.05,2026-04-14T19:59:58Z
COLD,12.35,2026-04-14T19:59:55Z
COLL,35.64,2026-04-14T19:59:51Z
COLM,57.785,2026-04-14T19:59:50Z
COLO,42.17,2026-04-14T19:47:16Z
COM,33.255,2026-04-14T19:56:41Z
COMB,25.84,2026-04-14T19:59:50Z
COMP,7.08,2026-04-14T19:59:59Z
COMT,32.88,2026-04-14T19:59:52Z
CON,22.75,2026-04-14T19:59:57Z
CONI,53.86,2026-04-14T19:53:40Z
CONL,7.72,2026-04-14T19:59:15Z
CONX,9.45,2026-04-14T17:10:25Z
CONY,26.93,2026-04-14T19:59:50Z
COO,71.58,2026-04-14T19:59:50Z
COOK,33.01,2026-04-14T16:02:39Z
COP,118.78,2026-04-14T19:59:57Z
COPJ,43.73,2026-04-14T19:52:35Z
COPP,41.255,2026-04-14T19:57:32Z
COPX,86.43,2026-04-14T19:59:59Z
COPY,14.3,2026-04-14T18:19:29Z
COPZ,19.19,2026-04-14T16:19:46Z
COR,319.86,2026-04-14T19:59:43Z
CORD,5.985,2026-04-14T19:59:56Z
CORN,17.755,2026-04-14T19:59:59Z
CORO,34.585,2026-04-14T19:59:45Z
CORP,97.62,2026-04-14T19:52:55Z
CORT,43.65,2026-04-14T19:59:52Z
CORZ,18.685,2026-04-14T19:59:55Z
CORZW,12.41,2026-04-14T18:41:34Z
CORZZ,19.07,2026-04-14T13:51:37Z
COSM,0.3328,2026-04-14T19:57:46Z
COSO,25.53,2026-04-14T19:54:36Z
COST,974.605,2026-04-14T19:59:48Z
COTG,14.21,2026-04-14T19:00:53Z
COTY,2.285,2026-04-14T19:59:59Z
COUR,5.95,2026-04-14T19:59:55Z
COWG,35.21,2026-04-14T19:59:42Z
COWZ,62.015,2026-04-14T19:59:54Z
COYA,4.46,2026-04-14T19:58:22Z
COYY,4.17,2026-04-14T18:23:35Z
COZX,13.14,2026-04-14T19:45:54Z
CP,82.21,2026-04-14T19:59:56Z
CPA,121.15,2026-04-14T19:58:44Z
CPAC,10.76,2026-04-14T18:24:36Z
CPAG,102.97,2026-04-14T18:41:48Z
CPAI,44.67,2026-04-14T19:56:16Z
CPAY,320.585,2026-04-14T19:59:56Z
CPB,19.99,2026-04-14T19:59:58Z
CPER,37.28,2026-04-14T19:59:56Z
CPF,33.96,2026-04-14T19:59:50Z
CPIX,3.14,2026-04-14T19:59:20Z
CPK,129.11,2026-04-14T19:59:03Z
CPLS,35.505,2026-04-14T17:16:19Z
CPNG,20.73,2026-04-14T19:59:59Z
CPNJ,27.42,2026-04-14T18:29:57Z
CPNM,26.39,2026-04-14T17:00:45Z
CPNS,27.53,2026-04-14T14:01:16Z
CPOP,0.3024,2026-04-14T18:56:46Z
CPRA,27.28,2026-04-14T19:17:34Z
CPRI,19.765,2026-04-14T19:59:53Z
CPRT,33.265,2026-04-14T19:59:54Z
CPRX,26.18,2026-04-14T19:59:43Z
CPS,30.085,2026-04-14T19:57:02Z
CPSD,26.25,2026-04-14T17:21:46Z
CPSF,25.82,2026-04-14T15:04:27Z
CPSH,5.015,2026-04-14T19:50:03Z
CPSJ,27.24,2026-04-14T18:29:58Z
CPSL,27.555,2026-04-14T18:35:12Z
CPSP,26.67,2026-04-14T18:32:27Z
CPSR,25.56,2026-04-14T15:42:18Z
CPSS,8.45,2026-04-14T13:45:05Z
CPT,101.795,2026-04-14T19:59:48Z
CPXR,29.045,2026-04-14T16:35:14Z
CPZ,14.05,2026-04-14T19:53:36Z
CQP,61.75,2026-04-14T19:54:57Z
CQQQ,49.1,2026-04-14T19:59:58Z
CR,193.53,2026-04-14T19:59:34Z
CRAC,10.04,2026-04-14T15:33:31Z
CRAI,163.46,2026-04-14T18:48:05Z
CRAK,48.04,2026-04-14T19:18:17Z
CRBD,23.76,2026-04-14T19:16:35Z
CRBG,25.57,2026-04-14T19:59:54Z
CRBP,10.05,2026-04-14T19:59:45Z
CRBU,2.115,2026-04-14T19:59:55Z
CRC,63.715,2026-04-14T19:59:53Z
CRCA,48.27,2026-04-14T19:59:48Z
CRCD,5.05,2026-04-14T19:58:31Z
CRCG,3.19,2026-04-14T19:59:41Z
CRCL,105.41,2026-04-14T19:59:49Z
CRCO,23.65,2026-04-14T19:04:57Z
CRCT,4.23,2026-04-14T19:59:53Z
CRD.A,10.61,2026-04-14T19:51:52Z
CRD.B,9.81,2026-04-14T19:55:57Z
CRDF,1.62,2026-04-14T19:59:50Z
CRDL,1.4,2026-04-14T19:59:50Z
CRDO,159.56,2026-04-14T19:59:58Z
CRDU,40.795,2026-04-14T19:52:41Z
CRE,2.13,2026-04-14T15:24:09Z
CREG,0.6071,2026-04-14T19:45:51Z
CRESY,11.62,2026-04-14T19:59:55Z
CREX,3.76,2026-04-14T19:39:29Z
CRF,7.41,2026-04-14T19:57:41Z
CRGO,1.74,2026-04-14T19:59:47Z
CRGOW,0.13,2026-04-14T17:03:23Z
CRGY,12.18,2026-04-14T19:59:55Z
CRH,117.39,2026-04-14T19:59:53Z
CRI,34.77,2026-04-14T19:59:53Z
CRIS,0.6378,2026-04-14T18:53:21Z
CRK,16.25,2026-04-14T19:59:52Z
CRL,179.28,2026-04-14T19:59:51Z
CRM,171.34,2026-04-14T19:59:59Z
CRMD,7.3,2026-04-14T19:59:42Z
CRMG,5.27,2026-04-14T19:42:14Z
CRML,8.795,2026-04-14T19:59:57Z
CRMLW,4.17,2026-04-14T17:27:04Z
CRMT,11.605,2026-04-14T19:59:45Z
CRMU,6.62,2026-04-14T16:26:27Z
CRMX,15.11,2026-04-14T19:46:14Z
CRNC,7.705,2026-04-14T19:59:56Z
CRNT,2.47,2026-04-14T19:59:55Z
CRNX,39.75,2026-04-14T19:59:44Z
CRON,2.58,2026-04-14T19:59:59Z
CROX,101.155,2026-04-14T19:59:54Z
CRS,438.94,2026-04-14T19:59:56Z
CRSH,26.11,2026-04-14T16:18:07Z
CRSP,56.825,2026-04-14T19:59:49Z
CRSR,6.14,2026-04-14T19:59:56Z
CRT,10.4,2026-04-14T17:32:38Z
CRTO,18.5,2026-04-14T19:58:02Z
CRUS,160.77,2026-04-14T19:59:53Z
CRUX,30.205,2026-04-14T18:25:36Z
CRVL,55.23,2026-04-14T19:50:35Z
CRVO,4.04,2026-04-14T19:59:50Z
CRVS,15.22,2026-04-14T19:59:52Z
CRWD,398.54,2026-04-14T19:59:56Z
CRWG,5.265,2026-04-14T19:59:56Z
CRWL,19.37,2026-04-14T19:59:50Z
CRWU,9.82,2026-04-14T19:57:56Z
CRWV,117.23,2026-04-14T19:59:55Z
CSAI,0.6404,2026-04-14T18:37:05Z
CSAN,4.36,2026-04-14T19:59:59Z
CSCO,82.605,2026-04-14T19:59:59Z
CSCS,19.61,2026-04-14T19:55:00Z
CSD,125.38,2026-04-14T13:53:21Z
CSGP,37.59,2026-04-14T19:59:57Z
CSGS,80.145,2026-04-14T19:59:51Z
CSHI,49.92,2026-04-14T19:59:46Z
CSHR,7.065,2026-04-14T19:57:51Z
CSIQ,13.38,2026-04-14T19:59:49Z
CSL,357.88,2026-04-14T19:59:52Z
CSM,79.78,2026-04-14T14:51:09Z
CSMD,32.8,2026-04-14T14:15:00Z
CSPF,26.09,2026-04-14T19:59:46Z
CSQ,18.85,2026-04-14T19:59:38Z
CSR,62.565,2026-04-14T19:59:36Z
CSTE,1.665,2026-04-14T19:58:49Z
CSTL,24.37,2026-04-14T19:59:51Z
CSTM,30.53,2026-04-14T19:59:54Z
CSV,47.81,2026-04-14T18:48:10Z
CSW,308.48,2026-04-14T19:58:37Z
CSWC,23.72,2026-04-14T19:59:58Z
CSX,42.52,2026-04-14T19:59:55Z
CTA,29.34,2026-04-14T19:59:50Z
CTAP,27.7,2026-04-14T18:25:29Z
CTAS,176.14,2026-04-14T19:59:55Z
CTBB,19.35,2026-04-14T18:24:30Z
CTBI,64.44,2026-04-14T19:59:55Z
CTDD,19.61,2026-04-14T17:02:13Z
CTEV,18.27,2026-04-14T19:39:10Z
CTGO,25.73,2026-04-14T19:59:56Z
CTKB,4.62,2026-04-14T19:59:59Z
CTLP,10.83,2026-04-14T19:59:56Z
CTM,0.6834,2026-04-14T19:59:00Z
CTMX,4.55,2026-04-14T19:59:55Z
CTNM,12.99,2026-04-14T19:59:10Z
CTNT,1.675,2026-04-14T19:59:59Z
CTO,19.74,2026-04-14T19:59:59Z
CTOR,0.69,2026-04-14T13:48:57Z
CTOS,7.305,2026-04-14T19:59:53Z
CTRA,31.67,2026-04-14T19:59:59Z
CTRE,39.37,2026-04-14T19:59:55Z
CTRI,33.7,2026-04-14T19:59:56Z
CTRN,45.11,2026-04-14T18:52:02Z
CTS,55.6,2026-04-14T19:59:47Z
CTSH,60.03,2026-04-14T19:59:52Z
CTVA,82.95,2026-04-14T19:59:57Z
CTW,2.275,2026-04-14T19:52:09Z
CTXR,0.8221,2026-04-14T15:46:45Z
CUBB,22.3,2026-04-14T15:00:08Z
CUBE,39.62,2026-04-14T19:59:53Z
CUBI,75.89,2026-04-14T19:59:29Z
CUE,0.4387,2026-04-14T19:59:42Z
CUK,28.605,2026-04-14T19:59:52Z
CULP,3,2026-04-14T19:59:15Z
CUPR,0.3745,2026-04-14T19:33:52Z
CURB,27.28,2026-04-14T19:59:39Z
CURE,96.6,2026-04-14T15:26:42Z
CURI,3.29,2026-04-14T19:59:52Z
CURR,3.185,2026-04-14T19:18:14Z
CURV,2.06,2026-04-14T19:59:44Z
CURX,0.4914,2026-04-14T15:13:38Z
CUZ,23.225,2026-04-14T19:59:56Z
CV,6.53,2026-04-14T19:49:01Z
CVBF,20.48,2026-04-14T19:59:58Z
CVCO,520.14,2026-04-14T19:59:27Z
CVE,25.75,2026-04-14T19:59:59Z
CVEO,29.38,2026-04-14T19:56:51Z
CVGI,4.09,2026-04-14T19:59:53Z
CVGW,27.6,2026-04-14T19:59:50Z
CVI,30.13,2026-04-14T19:59:50Z
CVIE,78.61,2026-04-14T18:18:54Z
CVLG,28.58,2026-04-14T19:58:34Z
CVLT,89.63,2026-04-14T19:59:59Z
CVM,4.2,2026-04-14T16:56:54Z
CVNA,374.23,2026-04-14T19:59:57Z
CVNX,17.11,2026-04-14T19:14:17Z
CVNY,28.2,2026-04-14T19:25:25Z
CVRX,7.71,2026-04-14T19:59:51Z
CVS,77.645,2026-04-14T19:59:55Z
CVSA,113.64,2026-04-14T19:59:50Z
CVU,3.51,2026-04-14T19:57:09Z
CVV,4.155,2026-04-14T19:59:46Z
CVX,186.935,2026-04-14T19:59:52Z
CW,742.71,2026-04-14T19:59:50Z
CWAN,24.05,2026-04-14T19:59:55Z
CWB,98.77,2026-04-14T19:59:52Z
CWBC,24.16,2026-04-14T19:59:37Z
CWCO,34.02,2026-04-14T19:58:44Z
CWD,1.27,2026-04-14T19:59:50Z
CWEB,28.31,2026-04-14T19:59:50Z
CWEN,40.16,2026-04-14T19:59:30Z
CWEN.A,40.125,2026-04-14T19:59:55Z
CWH,7.185,2026-04-14T19:59:52Z
CWI,39.21,2026-04-14T19:58:00Z
CWII,15.11,2026-04-14T16:56:42Z
CWK,14.045,2026-04-14T19:59:52Z
CWS,67.78,2026-04-14T15:06:23Z
CWST,83.45,2026-04-14T19:59:51Z
CWT,45.13,2026-04-14T19:59:05Z
CWVX,42.61,2026-04-14T19:59:50Z
CX,11.83,2026-04-14T19:59:53Z
CXAI,0.1642,2026-04-14T19:59:25Z
CXDO,6.19,2026-04-14T19:59:39Z
CXE,3.735,2026-04-14T18:25:17Z
CXH,8.345,2026-04-14T15:56:38Z
CXM,5.34,2026-04-14T19:59:55Z
CXSE,40.13,2026-04-14T19:25:48Z
CXT,45.61,2026-04-14T19:59:52Z
CXW,19.93,2026-04-14T19:59:59Z
CYAB,1.25,2026-04-14T19:08:27Z
CYCN,3.22,2026-04-14T19:59:50Z
CYCU,1.115,2026-04-14T19:59:55Z
CYD,42.05,2026-04-14T19:54:20Z
CYH,3.07,2026-04-14T19:59:40Z
CYN,1.6,2026-04-14T19:58:49Z
CYPH,0.95,2026-04-14T19:59:47Z
CYRX,9.95,2026-04-14T19:59:55Z
CYTK,66.35,2026-04-14T19:59:57Z
CZNC,23.57,2026-04-14T16:09:36Z
CZR,26.54,2026-04-14T19:59:58Z
D,63.7,2026-04-14T19:59:54Z
DABS,50.73,2026-04-14T19:37:58Z
DAC,118.515,2026-04-14T19:59:59Z
DAIC,0.2059,2026-04-14T19:53:46Z
DAKT,19.235,2026-04-14T19:59:41Z
DAL,71.7,2026-04-14T19:59:55Z
DALI,30.12,2026-04-14T15:41:21Z
DAMD,13,2026-04-14T15:40:17Z
DAN,36.55,2026-04-14T19:59:33Z
DAO,9.74,2026-04-14T19:55:41Z
DAPP,18.3,2026-04-14T19:59:50Z
DAPR,39.91,2026-04-14T17:41:59Z
DAR,59.6,2026-04-14T19:59:46Z
DARE,1.77,2026-04-14T16:40:55Z
DARP,51.2,2026-04-14T19:53:28Z
DASH,163.59,2026-04-14T19:59:55Z
DAVA,4.45,2026-04-14T19:59:51Z
DAVE,213.515,2026-04-14T19:59:56Z
DAWN,21.47,2026-04-14T19:59:51Z
DAX,44.965,2026-04-14T19:39:39Z
DB,33.67,2026-04-14T19:59:55Z
DBA,27.12,2026-04-14T19:59:51Z
DBB,24.98,2026-04-14T19:59:50Z
DBC,28.83,2026-04-14T19:59:50Z
DBD,85.38,2026-04-14T19:59:19Z
DBE,28.56,2026-04-14T15:43:26Z
DBEF,52.06,2026-04-14T19:59:53Z
DBEM,36.85,2026-04-14T19:32:48Z
DBEU,51.21,2026-04-14T15:30:52Z
DBGI,1.87,2026-04-14T19:56:21Z
DBI,7.105,2026-04-14T19:59:55Z
DBJP,107.49,2026-04-14T17:40:38Z
DBL,14.5,2026-04-14T19:55:36Z
DBMF,30.29,2026-04-14T19:59:33Z
DBND,46.04,2026-04-14T19:06:59Z
DBO,19.985,2026-04-14T19:59:56Z
DBRG,15.59,2026-04-14T19:59:58Z
DBVT,21.675,2026-04-14T19:59:59Z
DBX,22.7,2026-04-14T19:59:54Z
DC,5.705,2026-04-14T19:59:55Z
DCBG,26.2,2026-04-14T14:03:54Z
DCBO,15.64,2026-04-14T19:59:21Z
DCGO,0.5387,2026-04-14T19:59:36Z
DCH,6.215,2026-04-14T19:59:55Z
DCI,89.17,2026-04-14T19:59:48Z
DCO,141.53,2026-04-14T19:58:17Z
DCOM,36.215,2026-04-14T19:59:50Z
DCOR,76.49,2026-04-14T19:57:02Z
DCRE,51.91,2026-04-14T19:57:29Z
DCTH,10.89,2026-04-14T19:59:55Z
DD,46.685,2026-04-14T19:59:51Z
DDC,1.98,2026-04-14T19:59:59Z
DDD,1.97,2026-04-14T19:59:54Z
DDFA,19.71,2026-04-14T15:02:31Z
DDFD,19.43,2026-04-14T19:58:00Z
DDFF,19.41,2026-04-14T18:57:40Z
DDFL,20.88,2026-04-14T17:02:07Z
DDFN,19.56,2026-04-14T14:15:00Z
DDFO,21.93,2026-04-14T18:02:37Z
DDFS,21.57,2026-04-14T19:29:54Z
DDI,8.83,2026-04-14T19:50:07Z
DDL,2.69,2026-04-14T19:59:43Z
DDLS,45.43,2026-04-14T19:44:42Z
DDM,57,2026-04-14T19:58:55Z
DDOG,110.555,2026-04-14T19:59:47Z
DDS,604.25,2026-04-14T19:59:56Z
DDSQ,20.59,2026-04-14T17:35:46Z
DDT,26.3,2026-04-14T15:35:26Z
DDTA,19.75,2026-04-14T13:43:18Z
DDTF,19.47,2026-04-14T19:58:13Z
DDWM,46.26,2026-04-14T19:59:00Z
DE,596,2026-04-14T19:59:57Z
DEA,23.21,2026-04-14T19:59:59Z
DEC,15.79,2026-04-14T19:59:09Z
DECK,107.81,2026-04-14T19:59:52Z
DECT,37.2,2026-04-14T14:35:52Z
DECU,27.66,2026-04-14T19:31:04Z
DECW,34.42,2026-04-14T15:26:30Z
DEEP,39.04,2026-04-14T16:57:44Z
DEFT,0.7883,2026-04-14T19:59:50Z
DEI,9.86,2026-04-14T19:59:53Z
DELL,184.49,2026-04-14T19:59:50Z
DEM,51.9,2026-04-14T19:35:43Z
DEO,80.52,2026-04-14T19:59:49Z
DERM,5.24,2026-04-14T19:55:09Z
DES,37.77,2026-04-14T18:11:33Z
DEUS,62.26,2026-04-14T19:09:16Z
DEVS,0.7973,2026-04-14T19:01:38Z
DEXC,71.55,2026-04-14T17:43:45Z
DFAC,41.275,2026-04-14T19:56:32Z
DFAE,37.03,2026-04-14T19:59:54Z
DFAI,41.47,2026-04-14T19:59:00Z
DFAR,25.18,2026-04-14T19:58:39Z
DFAS,75.36,2026-04-14T19:59:00Z
DFAT,65.04,2026-04-14T19:57:33Z
DFAU,48.05,2026-04-14T19:59:45Z
DFAW,78.49,2026-04-14T19:56:53Z
DFAX,36.52,2026-04-14T19:58:19Z
DFCA,50.14,2026-04-14T19:52:19Z
DFCF,42.645,2026-04-14T19:59:45Z
DFDV,3.97,2026-04-14T19:59:54Z
DFEB,48.93,2026-04-14T19:41:53Z
DFEM,37.725,2026-04-14T19:59:02Z
DFEN,77.42,2026-04-14T18:01:10Z
DFEV,38.69,2026-04-14T19:59:52Z
DFGP,54.575,2026-04-14T19:56:08Z
DFGR,28.33,2026-04-14T19:58:35Z
DFGX,52.935,2026-04-14T19:56:37Z
DFH,13.86,2026-04-14T19:59:35Z
DFIC,37.785,2026-04-14T19:59:47Z
DFIN,48.78,2026-04-14T19:54:29Z
DFIP,42.08,2026-04-14T14:05:56Z
DFIS,36.01,2026-04-14T19:56:27Z
DFIV,55.61,2026-04-14T19:59:30Z
DFJ,106.84,2026-04-14T16:41:59Z
DFLI,2.055,2026-04-14T19:58:54Z
DFLV,37.07,2026-04-14T19:59:50Z
DFNL,47.685,2026-04-14T19:54:30Z
DFNM,48.3,2026-04-14T19:59:58Z
DFNS,0.5722,2026-04-14T19:59:40Z
DFP,20.85,2026-04-14T19:46:29Z
DFSB,52.18,2026-04-14T18:59:44Z
DFSC,1.98,2026-04-14T16:38:35Z
DFSD,48.125,2026-04-14T19:59:46Z
DFSI,45.45,2026-04-14T19:41:50Z
DFSU,43.905,2026-04-14T19:33:43Z
DFSV,36.385,2026-04-14T19:58:31Z
DFTX,21.94,2026-04-14T19:59:56Z
DFUS,75.69,2026-04-14T19:59:02Z
DFUV,50.45,2026-04-14T19:59:47Z
DG,119.63,2026-04-14T19:59:50Z
DGCB,54.78,2026-04-14T19:01:28Z
DGICA,17.12,2026-04-14T19:55:03Z
DGII,54.99,2026-04-14T19:59:56Z
DGNX,0.5252,2026-04-14T19:50:08Z
DGOC,31.77,2026-04-14T14:16:53Z
DGP,195.93,2026-04-14T19:13:29Z
DGRE,36.805,2026-04-14T19:39:33Z
DGRO,72.33,2026-04-14T19:59:49Z
DGRW,92.1,2026-04-14T19:59:46Z
DGS,64.065,2026-04-14T19:53:28Z
DGT,177.79,2026-04-14T15:39:35Z
DGX,194.015,2026-04-14T19:59:44Z
DGXX,2.76,2026-04-14T19:59:52Z
DH,1.005,2026-04-14T19:59:58Z
DHC,7.32,2026-04-14T19:59:58Z
DHCNL,18.67,2026-04-14T19:00:23Z
DHF,2.45,2026-04-14T19:58:32Z
DHI,145.35,2026-04-14T19:59:50Z
DHIL,172.08,2026-04-14T19:55:18Z
DHLX,13.275,2026-04-14T19:58:40Z
DHR,198.57,2026-04-14T19:59:50Z
DHS,109.57,2026-04-14T15:38:13Z
DHT,17.18,2026-04-14T19:59:55Z
DHX,2.86,2026-04-14T19:59:57Z
DHY,1.9,2026-04-14T18:20:00Z
DIA,485.46,2026-04-14T19:59:51Z
DIAL,18.335,2026-04-14T19:48:09Z
DIBS,5.81,2026-04-14T19:59:51Z
DIG,55.24,2026-04-14T19:59:51Z
DIHP,34.145,2026-04-14T19:59:30Z
DIM,88,2026-04-14T17:09:16Z
DIME,8.45,2026-04-14T13:44:25Z
DIN,26.58,2026-04-14T19:59:23Z
DINO,57.15,2026-04-14T19:59:46Z
DIOD,87.45,2026-04-14T19:59:48Z
DIPS,44.82,2026-04-14T15:16:37Z
DIS,102.59,2026-04-14T19:59:57Z
DISV,41.755,2026-04-14T19:59:46Z
DIV,19.125,2026-04-14T19:58:16Z
DIVB,55.11,2026-04-14T17:43:53Z
DIVI,42.525,2026-04-14T19:52:15Z
DIVO,45.82,2026-04-14T19:59:47Z
DIVS,31.995,2026-04-14T15:34:20Z
DIVZ,36.895,2026-04-14T16:56:32Z
DJCO,514.2,2026-04-14T19:27:29Z
DJD,59.835,2026-04-14T19:58:42Z
DJIA,21.4,2026-04-14T18:09:47Z
DJP,47.18,2026-04-14T18:06:32Z
DJT,9.96,2026-04-14T19:59:58Z
DJTU,1.82,2026-04-14T19:59:59Z
DJTWW,5.05,2026-04-14T15:23:24Z
DJUL,48.48,2026-04-14T19:49:12Z
DK,39.31,2026-04-14T19:59:57Z
DKI,0.4689,2026-04-14T19:56:18Z
DKL,48.59,2026-04-14T19:52:18Z
DKNG,22.96,2026-04-14T19:59:56Z
DKNX,18.05,2026-04-14T19:53:44Z
DKS,216.25,2026-04-14T19:59:57Z
DLAG,31.8,2026-04-14T14:23:06Z
DLB,61.94,2026-04-14T19:59:36Z
DLFE,30.55,2026-04-14T15:07:07Z
DLLL,43.485,2026-04-14T15:07:18Z
DLN,92.43,2026-04-14T19:59:46Z
DLNG,3.99,2026-04-14T19:55:02Z
DLO,13.505,2026-04-14T19:59:57Z
DLR,195.76,2026-04-14T19:59:47Z
DLR-K,22.67,2026-04-14T17:55:03Z
DLR-L,20.06,2026-04-14T17:04:00Z
DLS,87.215,2026-04-14T17:51:01Z
DLTH,3.17,2026-04-14T19:54:50Z
DLTR,100.65,2026-04-14T19:59:51Z
DLX,29.09,2026-04-14T19:59:23Z
DLXY,0.5994,2026-04-14T19:45:48Z
DLY,14.28,2026-04-14T18:24:46Z
DMA,7.98,2026-04-14T19:58:38Z
DMAC,6.545,2026-04-14T19:59:18Z
DMAR,43.45,2026-04-14T13:36:51Z
DMB,10.925,2026-04-14T14:49:58Z
DMBS,49.64,2026-04-14T19:55:17Z
DMLP,27.725,2026-04-14T19:36:23Z
DMO,11.125,2026-04-14T17:50:27Z
DMRA,26.57,2026-04-14T19:59:41Z
DMRC,6.42,2026-04-14T19:58:58Z
DMX,50.325,2026-04-14T19:58:58Z
DMXF,81.15,2026-04-14T18:57:18Z
DNA,7.72,2026-04-14T19:59:54Z
DNL,43.885,2026-04-14T18:22:51Z
DNLI,20.15,2026-04-14T19:59:57Z
DNN,3.765,2026-04-14T19:59:46Z
DNOW,11.965,2026-04-14T19:59:55Z
DNP,10.48,2026-04-14T19:53:34Z
DNTH,94.7,2026-04-14T19:59:45Z
DNUT,3.33,2026-04-14T19:59:57Z
DOC,16.88,2026-04-14T19:59:55Z
DOCN,73.465,2026-04-14T19:59:53Z
DOCS,22.255,2026-04-14T19:59:47Z
DOCT,44.92,2026-04-14T16:02:21Z
DOCU,44.645,2026-04-14T19:59:58Z
DOG,23.34,2026-04-14T19:59:59Z
DOGD,13.76,2026-04-14T18:18:57Z
DOGZ,1.32,2026-04-14T18:37:51Z
DOJE,8.96,2026-04-14T16:41:04Z
DOL,72.44,2026-04-14T14:11:13Z
DOLE,15.4,2026-04-14T19:59:50Z
DOMH,3.07,2026-04-14T19:58:43Z
DOMO,2.71,2026-04-14T19:59:58Z
DON,54.54,2026-04-14T19:58:00Z
DOO,78.415,2026-04-14T19:59:35Z
DORM,110.16,2026-04-14T19:50:43Z
DOUG,1.71,2026-04-14T19:59:51Z
DOV,218.555,2026-04-14T19:59:26Z
DOW,39.15,2026-04-14T19:59:54Z
DOX,64.985,2026-04-14T19:59:30Z
DOYU,4.93,2026-04-14T17:06:39Z
DPG,14.7,2026-04-14T18:35:03Z
DPRO,5.77,2026-04-14T19:59:49Z
DPST,115.52,2026-04-14T19:59:56Z
DPZ,369.19,2026-04-14T19:59:55Z
DQ,21.16,2026-04-14T19:59:47Z
DRAM,35.49,2026-04-14T19:59:59Z
DRCT,0.6701,2026-04-14T14:00:09Z
DRD,32.25,2026-04-14T19:59:42Z
DRGN,34.03,2026-04-14T14:44:13Z
DRH,10.405,2026-04-14T19:59:57Z
DRI,197.9,2026-04-14T19:59:57Z
DRIP,5.05,2026-04-14T19:59:18Z
DRIV,34.2,2026-04-14T19:52:40Z
DRKY,20.54,2026-04-14T14:10:59Z
DRLL,35.41,2026-04-14T18:12:21Z
DRMA,1.28,2026-04-14T16:30:34Z
DRN,10.28,2026-04-14T19:59:59Z
DRNZ,25.215,2026-04-14T19:36:40Z
DRS,47.54,2026-04-14T19:59:59Z
DRSK,28.24,2026-04-14T17:50:04Z
DRTS,7.76,2026-04-14T19:50:44Z
DRUG,89.45,2026-04-14T19:47:19Z
DRV,20.74,2026-04-14T19:54:27Z
DRVN,13.34,2026-04-14T19:59:56Z
DSACU,10.01,2026-04-14T13:36:19Z
DSCO,24.84,2026-04-14T19:52:21Z
DSEP,45.62,2026-04-14T19:59:49Z
DSGN,12.63,2026-04-14T19:59:51Z
DSGR,27.335,2026-04-14T19:02:01Z
DSGX,68.49,2026-04-14T19:59:53Z
DSI,129.37,2026-04-14T19:03:21Z
DSL,11.225,2026-04-14T19:57:57Z
DSM,6.07,2026-04-14T19:05:37Z
DSP,10.145,2026-04-14T19:59:49Z
DSTL,58.93,2026-04-14T19:33:24Z
DSU,9.835,2026-04-14T19:59:42Z
DSX,2.51,2026-04-14T19:59:49Z
DT,33.25,2026-04-14T19:59:59Z
DTB,17.02,2026-04-14T17:13:14Z
DTCR,27.125,2026-04-14T19:59:45Z
DTCX,2.36,2026-04-14T19:59:07Z
DTE,147.74,2026-04-14T19:59:54Z
DTG,17.14,2026-04-14T19:51:21Z
DTI,2.88,2026-04-14T19:59:35Z
DTIL,7.23,2026-04-14T19:59:56Z
DTK,24.69,2026-04-14T17:59:18Z
DTM,132.6,2026-04-14T19:59:04Z
DTSS,1.13,2026-04-14T19:41:54Z
DTST,4.01,2026-04-14T18:44:20Z
DTW,21.455,2026-04-14T19:07:41Z
DUG,20.03,2026-04-14T19:59:50Z
DUHP,38.655,2026-04-14T19:59:51Z
DUK,129.76,2026-04-14T19:59:54Z
DUK-A,24.94,2026-04-14T17:52:58Z
DUKX,27.49,2026-04-14T14:38:47Z
DULL,46.845,2026-04-14T17:40:04Z
DUNK,21.27,2026-04-14T19:59:45Z
DUO,1.325,2026-04-14T19:37:03Z
DUOG,2.71,2026-04-14T19:59:50Z
DUOL,91.45,2026-04-14T19:59:52Z
DUOT,7.69,2026-04-14T19:59:28Z
DUSB,50.785,2026-04-14T18:14:02Z
DUSL,89.65,2026-04-14T14:45:14Z
DUST,41.74,2026-04-14T19:59:17Z
DV,10.11,2026-04-14T19:59:56Z
DVA,149.43,2026-04-14T19:59:47Z
DVGR,25.62,2026-04-14T19:15:58Z
DVLT,0.6908,2026-04-14T19:52:07Z
DVLU,36.67,2026-04-14T18:18:43Z
DVN,45.27,2026-04-14T19:59:59Z
DVOL,36.63,2026-04-14T14:51:53Z
DVXP,24.41,2026-04-14T16:21:44Z
DVY,152.195,2026-04-14T19:58:59Z
DVYE,35.755,2026-04-14T19:59:44Z
DWAS,107.75,2026-04-14T18:37:48Z
DWLD,46.05,2026-04-14T17:39:40Z
DWM,74.23,2026-04-14T19:23:33Z
DWSH,6.415,2026-04-14T19:53:50Z
DWSN,2.54,2026-04-14T19:26:21Z
DWTX,1.79,2026-04-14T19:36:44Z
DX,13.25,2026-04-14T19:59:53Z
DXC,12.36,2026-04-14T19:59:57Z
DXCM,62.935,2026-04-14T19:59:55Z
DXD,20.04,2026-04-14T19:59:42Z
DXIV,71.78,2026-04-14T14:18:50Z
DXJ,166.175,2026-04-14T19:59:28Z
DXPE,154.28,2026-04-14T19:59:56Z
DXR,9.49,2026-04-14T19:59:01Z
DXYZ,30.04,2026-04-14T19:59:58Z
DY,392.13,2026-04-14T19:59:54Z
DYLG,26.28,2026-04-14T16:16:49Z
DYN,19.84,2026-04-14T19:59:53Z
DYNF,62.49,2026-04-14T19:59:23Z
DYORU,10.18,2026-04-14T19:46:33Z
E,55.28,2026-04-14T19:54:27Z
EA,202.87,2026-04-14T19:59:51Z
EAD,6.66,2026-04-14T19:59:44Z
EAF,7.575,2026-04-14T19:56:35Z
EAGG,47.785,2026-04-14T19:59:27Z
EAGL,32.025,2026-04-14T19:59:49Z
EALT,34.77,2026-04-14T19:59:50Z
EAPR,31.99,2026-04-14T15:45:48Z
EARN,4.635,2026-04-14T19:59:07Z
EART,33.18,2026-04-14T15:59:07Z
EASG,37.53,2026-04-14T19:01:54Z
EASY,26.75,2026-04-14T18:20:59Z
EAT,159.37,2026-04-14T19:59:57Z
EBAY,100.4,2026-04-14T19:59:52Z
EBC,20.67,2026-04-14T19:59:55Z
EBF,21.8,2026-04-14T19:59:45Z
EBI,60.63,2026-04-14T18:50:33Z
EBMT,21.96,2026-04-14T19:59:46Z
EBND,21.375,2026-04-14T19:59:00Z
EBS,8.67,2026-04-14T19:59:56Z
EC,13.52,2026-04-14T19:59:54Z
ECAT,15.05,2026-04-14T19:49:59Z
ECC,3.845,2026-04-14T19:57:13Z
ECCU,25.04,2026-04-14T14:34:11Z
ECG,135.865,2026-04-14T19:59:41Z
ECH,43.67,2026-04-14T19:59:54Z
ECL,273.095,2026-04-14T19:59:51Z
ECNS,34.14,2026-04-14T19:33:31Z
ECO,48.525,2026-04-14T19:59:49Z
ECON,31.41,2026-04-14T19:49:54Z
ECOR,6.545,2026-04-14T19:25:25Z
ECOW,28.04,2026-04-14T16:13:44Z
ECPG,79.67,2026-04-14T19:59:43Z
ECVT,14.08,2026-04-14T19:59:56Z
ECX,1.145,2026-04-14T19:57:47Z
ED,111.66,2026-04-14T19:59:49Z
EDAP,3.21,2026-04-14T18:51:15Z
EDC,71.93,2026-04-14T15:41:53Z
EDD,5.61,2026-04-14T19:59:07Z
EDF,5.06,2026-04-14T19:59:10Z
EDGF,24.79,2026-04-14T19:58:59Z
EDGH,34.72,2026-04-14T18:38:40Z
EDGI,30.28,2026-04-14T19:29:04Z
EDGU,29.14,2026-04-14T17:17:14Z
EDHL,2.575,2026-04-14T19:49:27Z
EDIT,3.39,2026-04-14T19:59:53Z
EDIV,41.285,2026-04-14T19:59:00Z
EDN,27.51,2026-04-14T18:33:05Z
EDOG,26.32,2026-04-14T18:10:02Z
EDOW,41.87,2026-04-14T15:36:01Z
EDRY,20.93,2026-04-14T17:02:12Z
EDSA,5.205,2026-04-14T19:59:46Z
EDU,56.47,2026-04-14T19:59:54Z
EDUC,1.36,2026-04-14T15:49:52Z
EDV,64.99,2026-04-14T19:59:59Z
EDZ,22.14,2026-04-14T19:50:56Z
EE,33.22,2026-04-14T19:58:05Z
EEA,10.64,2026-04-14T19:42:02Z
EEFT,71.155,2026-04-14T19:59:40Z
EEIQ,3.835,2026-04-14T14:43:03Z
EELV,29.4,2026-04-14T19:45:29Z
EEM,62.25,2026-04-14T19:59:59Z
EEMA,104.94,2026-04-14T19:40:37Z
EEMO,19.31,2026-04-14T13:35:06Z
EEMS,74.59,2026-04-14T19:51:26Z
EEMV,69.08,2026-04-14T19:59:58Z
EEMX,48.36,2026-04-14T18:34:32Z
EETH,28.59,2026-04-14T19:59:45Z
EEV,13.975,2026-04-14T19:59:46Z
EEX,4.7,2026-04-14T19:51:29Z
EFA,103.64,2026-04-14T19:59:59Z
EFAA,55.36,2026-04-14T19:42:10Z
EFAS,21.87,2026-04-14T14:19:16Z
EFAV,93.44,2026-04-14T19:59:51Z
EFC,12.71,2026-04-14T19:59:55Z
EFG,120.77,2026-04-14T19:59:44Z
EFIV,67.18,2026-04-14T19:52:22Z
EFOI,1.955,2026-04-14T14:05:05Z
EFR,10.535,2026-04-14T19:33:33Z
EFSC,58.225,2026-04-14T19:58:49Z
EFSCP,19.96,2026-04-14T19:08:42Z
EFSI,38.755,2026-04-14T16:28:48Z
EFT,10.85,2026-04-14T19:59:43Z
EFV,78.565,2026-04-14T19:59:59Z
EFX,186.315,2026-04-14T19:59:52Z
EFXT,22.665,2026-04-14T19:59:33Z
EG,341.11,2026-04-14T19:59:47Z
EGAN,7.57,2026-04-14T19:59:25Z
EGBN,26.67,2026-04-14T19:51:38Z
EGGY,34.77,2026-04-14T14:54:29Z
EGHT,1.7,2026-04-14T19:59:57Z
EGO,36.34,2026-04-14T19:59:50Z
EGP,195.2,2026-04-14T19:59:29Z
EGY,5.775,2026-04-14T19:59:56Z
EH,11.28,2026-04-14T19:59:17Z
EHAB,13.91,2026-04-14T19:59:58Z
EHC,106.73,2026-04-14T19:59:52Z
EHGO,0.21,2026-04-14T19:55:23Z
EHI,6.245,2026-04-14T19:37:57Z
EHTH,1.445,2026-04-14T19:59:56Z
EIC,9.66,2026-04-14T19:59:46Z
EIDO,16.445,2026-04-14T19:59:56Z
EIG,41.81,2026-04-14T19:59:18Z
EIKN,10.585,2026-04-14T19:59:38Z
EIM,9.895,2026-04-14T19:00:15Z
EINC,113.47,2026-04-14T16:36:51Z
EIPI,22.2,2026-04-14T19:59:45Z
EIPX,31.585,2026-04-14T19:53:55Z
EIS,127.285,2026-04-14T19:59:38Z
EIX,72.37,2026-04-14T19:59:49Z
EJAN,35.25,2026-04-14T19:56:06Z
EJH,1.82,2026-04-14T19:59:50Z
EL,76.455,2026-04-14T19:59:50Z
ELA,17.48,2026-04-14T19:57:51Z
ELAB,4.405,2026-04-14T19:59:46Z
ELAN,24.11,2026-04-14T19:59:53Z
ELBM,0.6233,2026-04-14T19:59:29Z
ELCV,29.99,2026-04-14T19:30:17Z
ELD,29.34,2026-04-14T18:45:09Z
ELDN,3.19,2026-04-14T19:59:53Z
ELE,20.37,2026-04-14T19:59:13Z
ELF,68.89,2026-04-14T19:59:50Z
ELFY,42.1,2026-04-14T18:53:44Z
ELIL,19.31,2026-04-14T19:55:25Z
ELLA,25.05,2026-04-14T14:38:16Z
ELME,2.17,2026-04-14T19:59:53Z
ELPC,13.57,2026-04-14T19:59:43Z
ELPW,1.84,2026-04-14T19:44:27Z
ELS,64.61,2026-04-14T19:59:53Z
ELTK,8.34,2026-04-14T14:45:36Z
ELTX,11.755,2026-04-14T19:57:22Z
ELUT,1.125,2026-04-14T17:32:48Z
ELV,313.33,2026-04-14T19:59:50Z
ELVA,9.57,2026-04-14T19:59:59Z
ELVN,44.81,2026-04-14T19:59:45Z
ELVR,63.565,2026-04-14T19:58:17Z
ELWT,6.315,2026-04-14T18:00:45Z
EMA,52.45,2026-04-14T19:59:49Z
EMAT,8.055,2026-04-14T19:55:45Z
EMB,96.44,2026-04-14T19:59:54Z
EMBC,9.455,2026-04-14T19:59:41Z
EMBD,23.94,2026-04-14T14:36:50Z
EMBJ,69.46,2026-04-14T19:59:49Z
EMCB,66.82,2026-04-14T19:11:25Z
EMD,10.76,2026-04-14T19:59:52Z
EME,814.175,2026-04-14T19:59:59Z
EMEQ,51.92,2026-04-14T19:58:00Z
EMET,45.11,2026-04-14T16:55:49Z
EMF,19.51,2026-04-14T15:27:40Z
EMGF,65.73,2026-04-14T13:48:59Z
EMHY,40.485,2026-04-14T19:58:59Z
EMKT,28.36,2026-04-14T19:43:16Z
EML,21.75,2026-04-14T17:30:30Z
EMLC,26,2026-04-14T19:59:51Z
EMLP,43.48,2026-04-14T19:54:35Z
EMMF,35.3,2026-04-14T17:43:09Z
EMN,73.79,2026-04-14T19:59:59Z
EMOP,48.155,2026-04-14T19:36:41Z
EMPD,4.91,2026-04-14T19:59:59Z
EMQQ,34.54,2026-04-14T19:50:10Z
EMR,144.7,2026-04-14T19:59:58Z
EMXC,87.785,2026-04-14T19:59:54Z
EMXF,51.99,2026-04-14T19:59:45Z
ENB,52.99,2026-04-14T19:59:51Z
ENDW,33.17,2026-04-14T18:34:21Z
ENFR,36.76,2026-04-14T19:59:19Z
ENGN,7.58,2026-04-14T19:59:31Z
ENGS,1.17,2026-04-14T17:05:54Z
ENIC,4.47,2026-04-14T19:59:53Z
ENLT,81.03,2026-04-14T19:59:50Z
ENLV,0.8155,2026-04-14T19:55:11Z
ENOR,37.065,2026-04-14T18:01:02Z
ENOV,25.09,2026-04-14T19:59:47Z
ENPH,31.99,2026-04-14T19:59:57Z
ENPX,11.24,2026-04-14T17:53:08Z
ENR,18.97,2026-04-14T19:59:31Z
ENS,198.92,2026-04-14T19:59:49Z
ENSC,0.5188,2026-04-14T19:56:39Z
ENSG,198.475,2026-04-14T19:59:30Z
ENTA,14.66,2026-04-14T19:59:06Z
ENTG,137.39,2026-04-14T19:59:57Z
ENTX,1.13,2026-04-14T19:49:25Z
ENVA,153.93,2026-04-14T19:54:40Z
ENVX,6.37,2026-04-14T19:59:57Z
ENZL,44.96,2026-04-14T13:30:10Z
EOD,6.37,2026-04-14T19:15:56Z
EOG,133.62,2026-04-14T19:59:55Z
EOI,20,2026-04-14T19:59:52Z
EOLS,4.45,2026-04-14T19:59:51Z
EONR,0.6973,2026-04-14T19:57:00Z
EOS,22.14,2026-04-14T17:38:41Z
EOSE,6.32,2026-04-14T19:59:56Z
EOSU,1.4,2026-04-14T19:45:10Z
EOT,17.15,2026-04-14T18:39:18Z
EP,2.84,2026-04-14T19:49:51Z
EPAC,36.41,2026-04-14T19:59:31Z
EPAM,127.38,2026-04-14T19:59:48Z
EPC,22.4,2026-04-14T19:59:31Z
EPD,37.26,2026-04-14T19:59:55Z
EPHE,25.47,2026-04-14T19:59:45Z
EPI,43.34,2026-04-14T19:59:59Z
EPM,4.23,2026-04-14T19:59:58Z
EPOL,40.26,2026-04-14T19:59:45Z
EPOW,0.8136,2026-04-14T17:25:05Z
EPP,56.65,2026-04-14T19:59:57Z
EPR,56.11,2026-04-14T19:59:33Z
EPR-G,20.89,2026-04-14T16:26:19Z
EPRF,17.065,2026-04-14T17:55:54Z
EPRT,32.3,2026-04-14T19:59:50Z
EPRX,7.26,2026-04-14T19:59:49Z
EPS,72.635,2026-04-14T19:58:50Z
EPSN,6.02,2026-04-14T19:59:46Z
EPU,87.17,2026-04-14T19:16:25Z
EPV,19.09,2026-04-14T15:57:24Z
EQ,1.915,2026-04-14T19:59:52Z
EQAL,57.22,2026-04-14T19:20:03Z
EQBK,46.48,2026-04-14T19:59:59Z
EQH,39.22,2026-04-14T19:59:58Z
EQH-A,20.43,2026-04-14T19:59:48Z
EQIX,1057.11,2026-04-14T19:59:47Z
EQL,49.09,2026-04-14T14:45:09Z
EQNR,38.005,2026-04-14T19:59:59Z
EQPT,20.34,2026-04-14T19:59:59Z
EQR,61.355,2026-04-14T19:59:50Z
EQT,56.715,2026-04-14T19:59:54Z
EQWL,119.68,2026-04-14T18:51:33Z
EQX,15.65,2026-04-14T19:59:58Z
ERAS,17.835,2026-04-14T19:59:54Z
ERC,9.28,2026-04-14T19:55:40Z
ERH,12.465,2026-04-14T17:04:46Z
ERIC,12.015,2026-04-14T19:59:57Z
ERIE,249.52,2026-04-14T19:59:57Z
ERII,11.28,2026-04-14T19:59:55Z
ERNA,0.2034,2026-04-14T19:55:49Z
ERO,30.025,2026-04-14T19:59:53Z
ERTH,49.745,2026-04-14T16:19:17Z
ERX,85.64,2026-04-14T19:55:08Z
ERY,12.245,2026-04-14T19:58:45Z
ES,69,2026-04-14T19:59:49Z
ESAB,104.15,2026-04-14T19:59:23Z
ESCA,18.795,2026-04-14T18:51:21Z
ESE,318.19,2026-04-14T19:59:50Z
ESEA,70.12,2026-04-14T18:19:44Z
ESGD,102.14,2026-04-14T19:55:32Z
ESGE,49.845,2026-04-14T19:59:40Z
ESGU,150.735,2026-04-14T19:59:50Z
ESGV,121.065,2026-04-14T19:49:59Z
ESI,38.195,2026-04-14T19:59:58Z
ESIM,27.2,2026-04-14T19:06:09Z
ESIX,33.96,2026-04-14T18:54:58Z
ESLT,918.05,2026-04-14T19:51:27Z
ESML,50.22,2026-04-14T14:48:16Z
ESNT,60.9,2026-04-14T19:59:49Z
ESOA,14.61,2026-04-14T19:56:54Z
ESP,61.12,2026-04-14T17:10:59Z
ESPR,2.055,2026-04-14T19:59:53Z
ESQ,113.57,2026-04-14T19:57:54Z
ESRT,5.33,2026-04-14T19:59:58Z
ESS,251.47,2026-04-14T19:59:59Z
ESTA,66.55,2026-04-14T19:59:49Z
ESTC,45.39,2026-04-14T19:59:52Z
ET,18.73,2026-04-14T19:59:54Z
ETB,15.355,2026-04-14T15:30:28Z
ETD,22.47,2026-04-14T19:59:51Z
ETG,21.83,2026-04-14T19:50:04Z
ETH,21.945,2026-04-14T19:59:56Z
ETHA,17.48,2026-04-14T19:59:59Z
ETHB,29.77,2026-04-14T19:59:50Z
ETHD,50.75,2026-04-14T19:59:48Z
ETHE,18.795,2026-04-14T19:59:46Z
ETHM,10.85,2026-04-14T19:59:53Z
ETHMW,0.1234,2026-04-14T17:21:13Z
ETHT,18.04,2026-04-14T19:59:50Z
ETHU,26.98,2026-04-14T19:59:50Z
ETHV,33.84,2026-04-14T19:59:44Z
ETHW,16.56,2026-04-14T19:59:59Z
ETI-,23.85,2026-04-14T16:18:14Z
ETJ,8.56,2026-04-14T19:56:33Z
ETN,401.89,2026-04-14T19:59:59Z
ETO,29.27,2026-04-14T18:45:51Z
ETON,27.1,2026-04-14T19:59:12Z
ETOR,34.7,2026-04-14T19:59:50Z
ETR,115.67,2026-04-14T19:59:45Z
ETS,0.6499,2026-04-14T19:54:52Z
ETSY,55.99,2026-04-14T19:59:56Z
ETU,7.15,2026-04-14T19:59:13Z
ETV,14.48,2026-04-14T19:40:23Z
ETW,9.415,2026-04-14T19:58:15Z
ETY,14.54,2026-04-14T19:53:10Z
EU,1.95,2026-04-14T19:59:47Z
EUAD,44.61,2026-04-14T19:52:39Z
EUDAW,0.0397,2026-04-14T14:49:38Z
EUDG,38.74,2026-04-14T19:52:18Z
EUFN,38.29,2026-04-14T19:58:06Z
EUHY,53.17,2026-04-14T16:34:35Z
EUM,17.52,2026-04-14T18:15:35Z
EUO,28.44,2026-04-14T19:59:53Z
EURL,46.51,2026-04-14T19:51:01Z
EUSA,106.47,2026-04-14T19:52:30Z
EUSB,43.7,2026-04-14T14:35:52Z
EVAX,4.02,2026-04-14T18:11:45Z
EVC,3.4,2026-04-14T19:59:22Z
EVCM,11.905,2026-04-14T19:59:48Z
EVER,15.88,2026-04-14T19:59:33Z
EVEX,2.705,2026-04-14T19:59:52Z
EVG,10.92,2026-04-14T19:54:43Z
EVGN,0.824,2026-04-14T19:17:41Z
EVGO,2.055,2026-04-14T19:59:49Z
EVH,2.51,2026-04-14T19:59:58Z
EVHY,52.32,2026-04-14T13:35:13Z
EVI,21.82,2026-04-14T19:51:51Z
EVIM,52.93,2026-04-14T16:11:33Z
EVLN,48.45,2026-04-14T16:46:38Z
EVLV,6.29,2026-04-14T19:59:57Z
EVLVW,0.1496,2026-04-14T16:07:07Z
EVMN,26.515,2026-04-14T19:59:13Z
EVMO,50.7,2026-04-14T19:59:57Z
EVN,10.59,2026-04-14T19:55:23Z
EVO,3.11,2026-04-14T18:57:34Z
EVR,357.565,2026-04-14T19:59:59Z
EVRG,81.895,2026-04-14T19:59:59Z
EVSB,50.82,2026-04-14T16:20:49Z
EVSD,51.205,2026-04-14T18:10:10Z
EVSM,50.345,2026-04-14T19:16:42Z
EVT,25.64,2026-04-14T13:56:54Z
EVTC,29.22,2026-04-14T19:59:30Z
EVTL,2.635,2026-04-14T19:59:50Z
EVTR,51.29,2026-04-14T19:59:34Z
EVTV,1.855,2026-04-14T19:59:21Z
EVV,9.48,2026-04-14T19:54:43Z
EW,78.21,2026-04-14T19:59:55Z
EWA,30.195,2026-04-14T19:59:32Z
EWBC,117.865,2026-04-14T19:59:40Z
EWC,57.69,2026-04-14T19:59:54Z
EWCZ,5.81,2026-04-14T19:59:58Z
EWD,53.28,2026-04-14T19:59:36Z
EWG,42.235,2026-04-14T19:59:40Z
EWH,23.83,2026-04-14T19:59:44Z
EWI,58.175,2026-04-14T19:59:26Z
EWJ,89.41,2026-04-14T19:59:52Z
EWJV,44.205,2026-04-14T14:39:50Z
EWK,26.33,2026-04-14T19:49:38Z
EWL,61.86,2026-04-14T19:59:55Z
EWM,28.895,2026-04-14T19:59:58Z
EWN,63.84,2026-04-14T19:46:06Z
EWO,39.475,2026-04-14T14:35:56Z
EWP,58.17,2026-04-14T19:46:48Z
EWQ,46.5,2026-04-14T19:59:29Z
EWS,29.23,2026-04-14T19:59:46Z
EWT,80.2,2026-04-14T19:59:59Z
EWTX,33.12,2026-04-14T19:59:56Z
EWU,48.07,2026-04-14T19:59:51Z
EWV,19.78,2026-04-14T17:47:01Z
EWW,78.745,2026-04-14T19:59:52Z
EWX,71.31,2026-04-14T16:41:07Z
EWY,147.18,2026-04-14T19:59:57Z
EWZ,41.73,2026-04-14T19:59:59Z
EWZS,16.05,2026-04-14T19:59:59Z
EXC,48.64,2026-04-14T19:59:59Z
EXE,95.695,2026-04-14T19:59:50Z
EXEL,45.855,2026-04-14T19:59:51Z
EXFY,0.87,2026-04-14T19:59:57Z
EXG,9.395,2026-04-14T19:59:00Z
EXI,195.86,2026-04-14T19:57:07Z
EXK,9.98,2026-04-14T19:59:58Z
EXLS,30.725,2026-04-14T19:59:57Z
EXOD,7.19,2026-04-14T19:58:42Z
EXOZ,11.375,2026-04-14T14:38:45Z
EXP,201.61,2026-04-14T19:59:03Z
EXPD,144.94,2026-04-14T19:59:21Z
EXPE,248.52,2026-04-14T19:59:58Z
EXPI,6.16,2026-04-14T19:59:57Z
EXPO,67.54,2026-04-14T19:59:59Z
EXR,141.38,2026-04-14T19:59:54Z
EXTR,17.54,2026-04-14T19:59:55Z
EYE,25.38,2026-04-14T19:59:54Z
EYLD,45.015,2026-04-14T19:30:00Z
EYPT,14.35,2026-04-14T19:59:51Z
EZA,73.5,2026-04-14T19:34:26Z
EZBC,42.91,2026-04-14T19:52:25Z
EZET,17.55,2026-04-14T19:59:45Z
EZJ,60.99,2026-04-14T19:18:14Z
EZMO,26.98,2026-04-14T19:59:46Z
EZPW,29.725,2026-04-14T19:59:59Z
EZPZ,19.13,2026-04-14T14:02:37Z
EZRA,0.187,2026-04-14T19:59:49Z
EZRO,25.92,2026-04-14T19:00:38Z
EZU,67.71,2026-04-14T19:59:57Z
F,12.695,2026-04-14T19:59:58Z
F-B,20.82,2026-04-14T19:56:10Z
F-C,20.26,2026-04-14T19:00:26Z
F-D,21.805,2026-04-14T16:30:42Z
FA,12.03,2026-04-14T19:59:53Z
FAAR,33.57,2026-04-14T17:04:22Z
FAF,63.4,2026-04-14T19:59:51Z
FALN,27.255,2026-04-14T19:59:57Z
FAN,25.89,2026-04-14T17:02:58Z
FANG,186.54,2026-04-14T19:59:56Z
FAPR,45.28,2026-04-14T19:19:41Z
FARM,1.26,2026-04-14T19:58:27Z
FAS,135.78,2026-04-14T19:59:26Z
FAST,44.6,2026-04-14T19:59:58Z
FATE,1.33,2026-04-14T19:59:59Z
FATN,2.24,2026-04-14T19:55:16Z
FAX,15.12,2026-04-14T19:59:50Z
FAZ,43.88,2026-04-14T19:58:51Z
FBCG,56.1,2026-04-14T19:59:51Z
FBCV,37.47,2026-04-14T16:45:18Z
FBGL,0.6398,2026-04-14T19:31:22Z
FBIN,40.59,2026-04-14T19:59:50Z
FBIO,2.43,2026-04-14T19:59:48Z
FBIOP,13.48,2026-04-14T17:29:25Z
FBIZ,58.2,2026-04-14T14:02:34Z
FBK,54.76,2026-04-14T19:59:36Z
FBL,30.47,2026-04-14T19:59:45Z
FBLA,14,2026-04-14T19:58:45Z
FBLG,1.4,2026-04-14T19:59:18Z
FBNC,58.78,2026-04-14T19:59:31Z
FBND,46.01,2026-04-14T19:59:50Z
FBOT,36.48,2026-04-14T19:58:37Z
FBP,22.75,2026-04-14T19:59:58Z
FBRT,8.82,2026-04-14T19:59:50Z
FBRX,32.425,2026-04-14T19:59:17Z
FBTC,64.69,2026-04-14T19:59:54Z
FBY,11.19,2026-04-14T19:42:51Z
FC,22.95,2026-04-14T19:58:38Z
FCA,32.83,2026-04-14T19:58:17Z
FCAL,49.48,2026-04-14T18:35:15Z
FCAP,52.03,2026-04-14T13:45:18Z
FCBC,42.79,2026-04-14T19:59:41Z
FCCO,30.85,2026-04-14T19:57:22Z
FCEF,23.33,2026-04-14T15:31:05Z
FCEL,7.3,2026-04-14T19:59:50Z
FCF,18.8,2026-04-14T19:59:56Z
FCFS,202.93,2026-04-14T19:59:41Z
FCG,28.955,2026-04-14T19:59:45Z
FCHL,1.44,2026-04-14T19:59:34Z
FCLD,28.47,2026-04-14T14:16:20Z
FCN,179.16,2026-04-14T19:59:37Z
FCNCA,1990.49,2026-04-14T19:59:16Z
FCNCN,25.13,2026-04-14T18:05:58Z
FCO,2.835,2026-04-14T18:23:41Z
FCOM,73.46,2026-04-14T19:57:43Z
FCOR,47.63,2026-04-14T19:52:34Z
FCPI,52.105,2026-04-14T19:59:43Z
FCPT,24.89,2026-04-14T19:59:59Z
FCRS,10.06,2026-04-14T17:58:37Z
FCT,9.7,2026-04-14T19:59:04Z
FCTE,27.14,2026-04-14T19:59:46Z
FCTR,36.42,2026-04-14T19:37:11Z
FCUS,38.93,2026-04-14T16:03:10Z
FCUV,2.66,2026-04-14T19:43:39Z
FCVT,48.04,2026-04-14T18:58:03Z
FCX,68.3,2026-04-14T19:59:54Z
FDAT,21.75,2026-04-14T19:17:00Z
FDD,19.16,2026-04-14T19:52:49Z
FDEM,34.32,2026-04-14T19:38:47Z
FDHY,49.37,2026-04-14T18:18:49Z
FDIF,35.8,2026-04-14T17:31:16Z
FDIS,99.92,2026-04-14T18:47:24Z
FDL,49.485,2026-04-14T19:59:48Z
FDLO,67.29,2026-04-14T19:35:05Z
FDMO,87.04,2026-04-14T19:52:39Z
FDMT,9.655,2026-04-14T19:59:52Z
FDN,253.255,2026-04-14T19:59:53Z
FDP,41.625,2026-04-14T19:59:14Z
FDRV,17.855,2026-04-14T15:42:41Z
FDS,223.53,2026-04-14T19:59:57Z
FDSB,14.99,2026-04-14T16:57:07Z
FDT,93.85,2026-04-14T18:11:24Z
FDUS,18.42,2026-04-14T19:59:56Z
FDV,30.94,2026-04-14T19:49:11Z
FDVV,57.85,2026-04-14T19:59:00Z
FDX,370.12,2026-04-14T19:59:51Z
FE,51.07,2026-04-14T19:59:59Z
FEAM,1.65,2026-04-14T19:59:50Z
FEBM,30.78,2026-04-14T19:31:15Z
FEBT,39.19,2026-04-14T17:17:03Z
FEGE,49,2026-04-14T19:57:18Z
FEIM,56.64,2026-04-14T19:54:35Z
FELC,38.775,2026-04-14T19:58:41Z
FELE,103.13,2026-04-14T19:59:50Z
FELG,40.62,2026-04-14T19:59:46Z
FELV,36.67,2026-04-14T18:03:20Z
FEM,32.4,2026-04-14T19:41:49Z
FEMB,30.11,2026-04-14T19:59:50Z
FEMR,37.49,2026-04-14T17:14:39Z
FEMY,0.4001,2026-04-14T13:32:56Z
FENC,6.26,2026-04-14T19:59:56Z
FENI,39.825,2026-04-14T19:59:57Z
FENY,31.195,2026-04-14T19:59:50Z
FEOE,53.04,2026-04-14T19:59:53Z
FEP,58.6,2026-04-14T14:11:55Z
FEPI,42.17,2026-04-14T19:51:07Z
FER,72.31,2026-04-14T19:59:50Z
FERG,258.94,2026-04-14T19:59:50Z
FESM,41.11,2026-04-14T19:59:53Z
FET,59.5,2026-04-14T19:19:35Z
FETH,23.08,2026-04-14T19:59:05Z
FEZ,67.13,2026-04-14T19:59:52Z
FF,4.16,2026-04-14T19:59:48Z
FFA,21.57,2026-04-14T15:53:46Z
FFAI,0.3098,2026-04-14T19:59:58Z
FFBC,29.35,2026-04-14T19:59:55Z
FFC,16.02,2026-04-14T19:52:50Z
FFEM,38.89,2026-04-14T16:11:58Z
FFIC,15.95,2026-04-14T19:59:57Z
FFIN,31.395,2026-04-14T19:59:53Z
FFIV,295.245,2026-04-14T19:59:46Z
FFLG,31.07,2026-04-14T19:53:52Z
FFND,30.94,2026-04-14T19:40:01Z
FFOG,46.17,2026-04-14T17:41:47Z
FFOX,28.565,2026-04-14T19:54:04Z
FFSM,34.605,2026-04-14T19:58:10Z
FFTY,36.57,2026-04-14T13:48:51Z
FG,25.6,2026-04-14T19:59:48Z
FGBI,9.66,2026-04-14T19:56:29Z
FGBIP,17.02,2026-04-14T18:14:29Z
FGD,33.03,2026-04-14T19:58:01Z
FGDL,64.39,2026-04-14T19:43:22Z
FGL,1.675,2026-04-14T19:58:08Z
FGM,65.63,2026-04-14T18:59:07Z
FGNX,5.945,2026-04-14T19:59:35Z
FGNXP,25.01,2026-04-14T18:49:52Z
FGRU,17.5,2026-04-14T13:32:42Z
FGSN,21.2,2026-04-14T18:37:00Z
FHB,26.465,2026-04-14T19:59:58Z
FHDG,34.94,2026-04-14T19:14:01Z
FHEQ,31.01,2026-04-14T19:34:34Z
FHI,58.31,2026-04-14T19:59:50Z
FHLC,71.75,2026-04-14T19:55:24Z
FHN,24.27,2026-04-14T19:59:59Z
FHN-E,24.7,2026-04-14T17:06:43Z
FHN-H,24.98,2026-04-14T18:59:46Z
FHTX,4.84,2026-04-14T19:59:35Z
FIAT,24.46,2026-04-14T17:44:38Z
FIBK,34.245,2026-04-14T19:59:54Z
FICO,1006.57,2026-04-14T19:59:55Z
FID,21.79,2026-04-14T18:38:16Z
FIDI,28.555,2026-04-14T19:58:06Z
FIDU,93.25,2026-04-14T16:55:18Z
FIG,18.41,2026-04-14T19:59:59Z
FIGB,43.35,2026-04-14T19:56:50Z
FIGG,0.8864,2026-04-14T19:58:10Z
FIGR,35.14,2026-04-14T19:59:59Z
FIGS,14.51,2026-04-14T19:59:59Z
FIGX,10.14,2026-04-14T18:12:50Z
FIHL,20.14,2026-04-14T19:59:43Z
FIIG,20.975,2026-04-14T19:59:00Z
FINS,12.9,2026-04-14T19:56:06Z
FINV,5.11,2026-04-14T19:59:53Z
FINW,16,2026-04-14T18:53:36Z
FINX,24.7,2026-04-14T19:05:43Z
FIP,5.775,2026-04-14T19:59:16Z
FIS,46.97,2026-04-14T19:59:50Z
FISI,34.32,2026-04-14T19:59:34Z
FISR,25.86,2026-04-14T19:59:50Z
FISV,58.995,2026-04-14T19:59:50Z
FITB,49.77,2026-04-14T19:59:59Z
FITBI,25.33,2026-04-14T17:50:43Z
FITBO,19.4,2026-04-14T19:06:08Z
FIVA,37.08,2026-04-14T19:53:04Z
FIVE,219.85,2026-04-14T19:59:49Z
FIVN,14.44,2026-04-14T19:59:58Z
FIW,109.03,2026-04-14T19:26:55Z
FIX,1649.33,2026-04-14T19:58:35Z
FIXD,44.06,2026-04-14T19:59:51Z
FIZZ,34.2,2026-04-14T19:59:25Z
FJET,5.08,2026-04-14T19:59:46Z
FJP,76.745,2026-04-14T14:22:58Z
FJUN,58.28,2026-04-14T13:30:00Z
FLAU,35.57,2026-04-14T19:00:14Z
FLBL,22.945,2026-04-14T19:50:01Z
FLBR,26.05,2026-04-14T19:59:02Z
FLC,17.045,2026-04-14T19:58:52Z
FLCB,21.58,2026-04-14T19:54:09Z
FLCH,23.16,2026-04-14T17:58:53Z
FLD,1.16,2026-04-14T19:59:18Z
FLDB,50.42,2026-04-14T14:12:00Z
FLDR,50.16,2026-04-14T19:59:51Z
FLEX,80.16,2026-04-14T19:59:53Z
FLG,14.07,2026-04-14T19:59:56Z
FLG-A,22.87,2026-04-14T19:40:08Z
FLGB,36.78,2026-04-14T19:59:26Z
FLGT,16.03,2026-04-14T19:59:58Z
FLHY,24.395,2026-04-14T19:50:44Z
FLIA,20.33,2026-04-14T18:09:17Z
FLIN,35.54,2026-04-14T19:58:31Z
FLJH,42.78,2026-04-14T17:32:19Z
FLJJ,32.43,2026-04-14T14:54:43Z
FLJP,38.285,2026-04-14T19:59:45Z
FLKR,47.45,2026-04-14T19:59:53Z
FLL,2.5,2026-04-14T19:15:45Z
FLLA,30.47,2026-04-14T19:52:01Z
FLMI,24.965,2026-04-14T19:59:50Z
FLNA,1.58,2026-04-14T19:59:48Z
FLNC,14.79,2026-04-14T19:59:55Z
FLNG,30.88,2026-04-14T19:59:50Z
FLO,8.26,2026-04-14T19:59:50Z
FLOC,24.025,2026-04-14T19:59:59Z
FLOT,50.875,2026-04-14T19:58:44Z
FLQL,72.54,2026-04-14T17:53:26Z
FLQM,56.47,2026-04-14T18:51:36Z
FLR,49.225,2026-04-14T19:59:30Z
FLRN,30.755,2026-04-14T19:56:27Z
FLRT,46.52,2026-04-14T17:03:34Z
FLS,81.64,2026-04-14T19:59:53Z
FLSP,27.38,2026-04-14T15:54:34Z
FLTB,50.5,2026-04-14T14:19:51Z
FLTR,25.445,2026-04-14T19:59:46Z
FLTW,77.12,2026-04-14T19:59:33Z
FLUD,25.005,2026-04-14T17:14:57Z
FLUT,106.83,2026-04-14T19:59:55Z
FLUX,1.23,2026-04-14T19:27:59Z
FLWS,3.37,2026-04-14T18:10:52Z
FLX,2.58,2026-04-14T19:07:07Z
FLXR,39.355,2026-04-14T19:54:13Z
FLXS,46.21,2026-04-14T19:59:53Z
FLY,36.585,2026-04-14T19:59:59Z
FLYT,23.18,2026-04-14T18:02:37Z
FLYW,12.22,2026-04-14T19:59:58Z
FLYX,2.245,2026-04-14T19:59:45Z
FMAG,34.79,2026-04-14T19:59:45Z
FMAO,26.59,2026-04-14T14:10:02Z
FMAT,60.575,2026-04-14T19:06:04Z
FMB,51.205,2026-04-14T19:50:21Z
FMBH,43.375,2026-04-14T15:12:35Z
FMC,17.425,2026-04-14T19:59:54Z
FMDE,37.81,2026-04-14T19:59:52Z
FMET,33.775,2026-04-14T19:52:28Z
FMFC,0.4586,2026-04-14T19:23:16Z
FMHI,48.09,2026-04-14T17:08:08Z
FMN,11.22,2026-04-14T14:35:11Z
FMNB,13.95,2026-04-14T19:59:41Z
FMNY,26.76,2026-04-14T18:09:21Z
FMS,23.23,2026-04-14T19:59:52Z
FMST,1.78,2026-04-14T19:59:41Z
FMTM,37.16,2026-04-14T19:43:34Z
FMUB,51.15,2026-04-14T19:59:25Z
FMX,115.105,2026-04-14T19:58:56Z
FN,681.75,2026-04-14T19:59:44Z
FNB,17.725,2026-04-14T19:59:57Z
FNCL,73.84,2026-04-14T19:59:49Z
FND,53.255,2026-04-14T19:59:55Z
FNDA,34.56,2026-04-14T19:59:55Z
FNDB,28.335,2026-04-14T19:53:44Z
FNDC,49.51,2026-04-14T19:59:05Z
FNDE,40.44,2026-04-14T19:59:50Z
FNDF,51.73,2026-04-14T19:59:35Z
FNDX,28.97,2026-04-14T19:59:50Z
FNF,47.62,2026-04-14T19:59:58Z
FNGD,50.79,2026-04-14T19:59:51Z
FNGO,107.93,2026-04-14T13:48:35Z
FNGR,0.9403,2026-04-14T18:18:21Z
FNGS,67.22,2026-04-14T19:05:15Z
FNGU,22.24,2026-04-14T19:59:59Z
FNK,58.94,2026-04-14T17:11:51Z
FNKO,3.68,2026-04-14T19:59:54Z
FNLC,29.225,2026-04-14T19:11:03Z
FNUC,2.45,2026-04-14T19:01:36Z
FNV,257.365,2026-04-14T19:59:57Z
FNWB,9.695,2026-04-14T19:59:08Z
FNX,135.01,2026-04-14T19:59:41Z
FNY,97.77,2026-04-14T17:18:33Z
FOA,20.87,2026-04-14T19:51:04Z
FOCT,49.87,2026-04-14T19:50:58Z
FOF,13.58,2026-04-14T19:42:50Z
FOFO,4.16,2026-04-14T19:39:07Z
FOLD,14.455,2026-04-14T19:59:38Z
FONR,18.745,2026-04-14T19:57:34Z
FOR,26.5,2026-04-14T19:56:03Z
FORM,128.21,2026-04-14T19:59:44Z
FORR,5.75,2026-04-14T19:59:56Z
FOSL,5.335,2026-04-14T19:59:58Z
FOUR,46.78,2026-04-14T19:59:55Z
FOUR-A,59,2026-04-14T17:00:17Z
FOX,56.82,2026-04-14T19:59:50Z
FOXA,63.43,2026-04-14T19:59:52Z
FOXF,17.59,2026-04-14T19:59:56Z
FOXY,29.16,2026-04-14T18:05:18Z
FPAG,38.75,2026-04-14T19:59:46Z
FPE,18.075,2026-04-14T19:59:59Z
FPEI,19.29,2026-04-14T19:59:39Z
FPF,18.33,2026-04-14T19:50:01Z
FPH,5.02,2026-04-14T19:59:51Z
FPI,11.78,2026-04-14T19:59:52Z
FPS,33.05,2026-04-14T19:59:54Z
FPXI,70.35,2026-04-14T19:58:55Z
FR,61.115,2026-04-14T19:59:55Z
FRA,11.07,2026-04-14T19:56:12Z
FRAF,56.84,2026-04-14T14:09:17Z
FRBA,16.93,2026-04-14T19:59:41Z
FRDM,61.8,2026-04-14T19:17:11Z
FREL,28.595,2026-04-14T19:59:23Z
FRGT,0.8624,2026-04-14T17:40:42Z
FRHC,154.81,2026-04-14T16:17:41Z
FRI,30.06,2026-04-14T18:01:33Z
FRME,40.855,2026-04-14T19:59:55Z
FRMI,5.275,2026-04-14T19:59:54Z
FRMM,2.11,2026-04-14T19:59:56Z
FRNW,24.255,2026-04-14T19:59:46Z
FRO,34.135,2026-04-14T19:59:53Z
FROG,44.31,2026-04-14T19:59:53Z
FRPH,22.14,2026-04-14T19:50:23Z
FRPT,69.2,2026-04-14T19:59:22Z
FRSH,7.81,2026-04-14T19:59:56Z
FRST,13.77,2026-04-14T19:59:44Z
FRSX,2.43,2026-04-14T19:59:45Z
FRT,110.17,2026-04-14T19:59:49Z
FRTY,20.69,2026-04-14T14:06:28Z
FSBC,40.59,2026-04-14T19:59:47Z
FSCO,5.105,2026-04-14T19:59:45Z
FSCS,36.31,2026-04-14T17:00:41Z
FSEC,44.23,2026-04-14T17:29:53Z
FSEP,52.56,2026-04-14T19:27:44Z
FSI,5.26,2026-04-14T18:47:28Z
FSIG,19.06,2026-04-14T19:57:49Z
FSK,10.73,2026-04-14T19:59:56Z
FSLR,200.64,2026-04-14T19:59:54Z
FSLY,20.96,2026-04-14T19:59:58Z
FSM,10.755,2026-04-14T19:59:56Z
FSMB,20.02,2026-04-14T17:11:05Z
FSMD,47.92,2026-04-14T19:42:32Z
FSOL,9.96,2026-04-14T19:59:58Z
FSP,0.648,2026-04-14T19:58:53Z
FSS,117,2026-04-14T19:59:36Z
FSSL,12.545,2026-04-14T19:59:51Z
FSTA,52.14,2026-04-14T17:06:32Z
FSTR,30,2026-04-14T19:58:03Z
FSUN,38.82,2026-04-14T19:59:38Z
FSV,149.665,2026-04-14T19:53:51Z
FSYD,48.83,2026-04-14T14:06:56Z
FTA,93.7,2026-04-14T19:59:52Z
FTAI,269.33,2026-04-14T19:59:56Z
FTCA,7.345,2026-04-14T19:06:13Z
FTCB,21.13,2026-04-14T19:59:50Z
FTCI,4.39,2026-04-14T19:59:42Z
FTCS,94.01,2026-04-14T19:53:50Z
FTDR,59.52,2026-04-14T19:59:47Z
FTEC,229.65,2026-04-14T19:59:52Z
FTEK,1.31,2026-04-14T19:27:51Z
FTF,5.965,2026-04-14T19:59:05Z
FTGC,28.605,2026-04-14T19:59:46Z
FTGS,35.81,2026-04-14T17:34:15Z
FTHB,25.23,2026-04-14T18:30:20Z
FTHI,23.66,2026-04-14T19:59:43Z
FTHM,0.85,2026-04-14T19:51:03Z
FTHY,13.62,2026-04-14T19:58:01Z
FTI,71.995,2026-04-14T19:59:55Z
FTIF,27.14,2026-04-14T18:18:07Z
FTK,15.6,2026-04-14T19:56:13Z
FTKI,19.73,2026-04-14T19:34:01Z
FTLF,9.265,2026-04-14T19:24:11Z
FTMA,9.02,2026-04-14T19:59:03Z
FTMH,11.685,2026-04-14T19:59:47Z
FTMN,8.845,2026-04-14T18:31:05Z
FTMS,9.92,2026-04-14T14:15:00Z
FTMU,7.85,2026-04-14T14:04:50Z
FTNJ,8.775,2026-04-14T18:44:22Z
FTNT,78.695,2026-04-14T19:59:51Z
FTNY,7.89,2026-04-14T14:13:36Z
FTOH,8.385,2026-04-14T19:59:46Z
FTPA,8.67,2026-04-14T16:23:42Z
FTQI,21.01,2026-04-14T19:59:59Z
FTRE,9.58,2026-04-14T19:59:54Z
FTRI,18.33,2026-04-14T19:59:46Z
FTS,56.91,2026-04-14T19:59:50Z
FTSL,45.05,2026-04-14T19:59:28Z
FTSM,59.89,2026-04-14T19:59:54Z
FTV,59.695,2026-04-14T19:59:44Z
FTW,10.12,2026-04-14T19:35:57Z
FTW+,0.828,2026-04-14T17:14:24Z
FTXL,180.47,2026-04-14T19:59:50Z
FTXO,38.74,2026-04-14T19:59:51Z
FTXR,40.33,2026-04-14T19:59:50Z
FUBO,12.09,2026-04-14T19:59:53Z
FUFU,2.445,2026-04-14T19:29:23Z
FUL,63,2026-04-14T19:58:53Z
FULC,7.91,2026-04-14T19:59:53Z
FULT,21.71,2026-04-14T19:59:57Z
FUMB,20.08,2026-04-14T19:41:52Z
FUN,20.09,2026-04-14T19:59:56Z
FURY,0.6369,2026-04-14T19:59:53Z
FUSB,15.63,2026-04-14T18:35:53Z
FUSE,1.8,2026-04-14T19:58:56Z
FUTU,161.86,2026-04-14T19:59:53Z
FUTY,59.97,2026-04-14T19:58:50Z
FV,64.05,2026-04-14T17:41:53Z
FVAL,73.4,2026-04-14T19:53:21Z
FVC,36.96,2026-04-14T19:14:25Z
FVCB,15.47,2026-04-14T19:59:15Z
FVD,48.07,2026-04-14T19:59:25Z
FVR,17.06,2026-04-14T19:56:42Z
FVRR,10.525,2026-04-14T19:59:51Z
FWD,122.24,2026-04-14T19:59:59Z
FWDI,4.55,2026-04-14T19:59:59Z
FWONA,83.45,2026-04-14T19:59:51Z
FWONK,90.79,2026-04-14T19:59:54Z
FWRD,19.03,2026-04-14T19:59:21Z
FWRG,11.54,2026-04-14T19:59:58Z
FXA,70.64,2026-04-14T16:03:20Z
FXB,130.41,2026-04-14T18:50:10Z
FXC,70.94,2026-04-14T19:59:50Z
FXE,108.86,2026-04-14T19:36:58Z
FXF,112.97,2026-04-14T19:59:46Z
FXI,36.89,2026-04-14T19:59:58Z
FXN,20.74,2026-04-14T19:59:47Z
FXNC,28.7,2026-04-14T19:48:02Z
FXO,59.055,2026-04-14T19:57:20Z
FXR,87.33,2026-04-14T19:56:44Z
FXU,50.24,2026-04-14T19:57:14Z
FXY,57.78,2026-04-14T16:13:06Z
FXZ,79.65,2026-04-14T19:59:50Z
FYC,106.32,2026-04-14T19:38:49Z
FYEE,28.33,2026-04-14T19:59:26Z
FYLD,38.37,2026-04-14T17:42:51Z
FYT,64.95,2026-04-14T19:59:50Z
FYX,128.05,2026-04-14T19:24:45Z
G,35.475,2026-04-14T19:59:54Z
GAB,5.665,2026-04-14T19:59:54Z
GABC,44.015,2026-04-14T19:49:03Z
GAB^,0.0611,2026-04-14T19:59:18Z
GAEM,26.8,2026-04-14T16:14:23Z
GAIA,2.76,2026-04-14T19:30:04Z
GAIN,15.145,2026-04-14T19:58:30Z
GAINZ,24.17,2026-04-14T19:59:59Z
GALT,2.47,2026-04-14T19:59:41Z
GAM,62.52,2026-04-14T19:47:50Z
GAMB,3.68,2026-04-14T19:59:57Z
GAME,0.3879,2026-04-14T19:58:43Z
GANX,1.89,2026-04-14T19:59:36Z
GAP,24.92,2026-04-14T19:59:59Z
GAPR,40.66,2026-04-14T19:47:29Z
GARP,70.52,2026-04-14T19:58:01Z
GASS,9.32,2026-04-14T19:54:52Z
GATX,196.065,2026-04-14T19:59:35Z
GAU,2.68,2026-04-14T19:59:55Z
GAUG,40,2026-04-14T18:19:29Z
GAUZ,0.72,2026-04-14T19:36:07Z
GAVA,22.265,2026-04-14T19:16:06Z
GBAB,14.7,2026-04-14T19:59:30Z
GBCI,47.86,2026-04-14T19:59:50Z
GBDC,13.12,2026-04-14T19:59:55Z
GBFH,29.445,2026-04-14T19:28:37Z
GBIL,100.02,2026-04-14T19:47:28Z
GBLI,28.07,2026-04-14T18:44:31Z
GBR,0.75,2026-04-14T18:36:11Z
GBTC,57.795,2026-04-14T19:59:56Z
GBTG,5.7,2026-04-14T19:59:54Z
GBUG,50.4,2026-04-14T14:23:09Z
GBX,52.57,2026-04-14T19:59:31Z
GCAL,50.95,2026-04-14T14:17:39Z
GCL,0.561,2026-04-14T15:57:21Z
GCMG,10.5,2026-04-14T19:59:54Z
GCO,32.94,2026-04-14T19:59:44Z
GCOR,41.48,2026-04-14T16:34:39Z
GCOW,46.18,2026-04-14T19:01:24Z
GCT,44.97,2026-04-14T19:59:39Z
GCTK,0.7324,2026-04-14T19:59:17Z
GCTS,1.34,2026-04-14T19:59:02Z
GCV,4.41,2026-04-14T19:57:08Z
GD,339.92,2026-04-14T19:59:57Z
GDC,3.38,2026-04-14T19:59:52Z
GDDY,79.33,2026-04-14T19:59:54Z
GDEC,38.32,2026-04-14T14:56:11Z
GDEN,28.17,2026-04-14T19:55:01Z
GDIV,17.755,2026-04-14T18:09:54Z
GDL,8.41,2026-04-14T19:58:05Z
GDLC,34.07,2026-04-14T16:54:34Z
GDMA,41.32,2026-04-14T15:23:31Z
GDMN,111.9,2026-04-14T19:55:00Z
GDO,11.33,2026-04-14T19:52:57Z
GDOG,11.19,2026-04-14T17:29:02Z
GDOT,11.8,2026-04-14T19:59:54Z
GDRX,2.24,2026-04-14T19:59:56Z
GDS,43.22,2026-04-14T19:59:50Z
GDV,28.86,2026-04-14T19:59:12Z
GDX,100.745,2026-04-14T19:59:58Z
GDXD,30.32,2026-04-14T19:58:40Z
GDXJ,132.85,2026-04-14T19:59:57Z
GDXU,261.36,2026-04-14T19:53:44Z
GDXY,14.79,2026-04-14T19:58:58Z
GDYN,5.55,2026-04-14T19:59:59Z
GE,317.865,2026-04-14T19:59:53Z
GECC,5.2,2026-04-14T19:53:12Z
GEF,68.46,2026-04-14T19:59:35Z
GEHC,74.68,2026-04-14T19:59:48Z
GEL,17.12,2026-04-14T19:55:04Z
GELS,0.698,2026-04-14T19:59:10Z
GEM,47.18,2026-04-14T14:14:39Z
GEME,37.78,2026-04-14T18:29:42Z
GEMI,5.11,2026-04-14T19:59:53Z
GEN,18.915,2026-04-14T19:59:58Z
GENB,12.86,2026-04-14T19:59:56Z
GENI,4.28,2026-04-14T19:59:58Z
GENK,1.59,2026-04-14T17:46:16Z
GENT,10.335,2026-04-14T15:52:35Z
GEO,17.92,2026-04-14T19:59:54Z
GEOS,9.19,2026-04-14T19:57:24Z
GERN,1.75,2026-04-14T19:59:57Z
GETY,0.8874,2026-04-14T19:59:58Z
GEV,987.635,2026-04-14T19:59:59Z
GEVO,1.995,2026-04-14T19:59:38Z
GFAI,0.4918,2026-04-14T18:06:20Z
GFF,82.84,2026-04-14T19:59:36Z
GFI,50.135,2026-04-14T19:59:54Z
GFL,38.665,2026-04-14T19:59:53Z
GFLW,28.76,2026-04-14T19:52:20Z
GFR,6.13,2026-04-14T19:59:48Z
GFS,48.43,2026-04-14T19:59:51Z
GGAL,49.11,2026-04-14T19:59:45Z
GGB,4.275,2026-04-14T19:59:59Z
GGG,87.47,2026-04-14T19:59:58Z
GGLL,103.79,2026-04-14T19:58:57Z
GGLS,6.285,2026-04-14T19:59:45Z
GGN,5.54,2026-04-14T19:55:09Z
GGRP,0.5998,2026-04-14T19:59:30Z
GGRW,35.48,2026-04-14T17:36:31Z
GGT,4.15,2026-04-14T19:57:43Z
GH,86.46,2026-04-14T19:59:54Z
GHC,1136.98,2026-04-14T19:58:39Z
GHI,5.285,2026-04-14T19:59:50Z
GHM,92.54,2026-04-14T19:59:45Z
GHRS,16.8,2026-04-14T19:56:45Z
GHY,12.05,2026-04-14T19:51:58Z
GHYG,45.82,2026-04-14T19:47:12Z
GIAX,15.81,2026-04-14T16:38:11Z
GIB,73.58,2026-04-14T19:59:27Z
GIC,33.36,2026-04-14T19:39:35Z
GIFT,1.245,2026-04-14T19:59:02Z
GIGB,46.16,2026-04-14T19:50:08Z
GIGGW,0.3,2026-04-14T19:56:07Z
GIGL,50.68,2026-04-14T13:31:04Z
GII,77.17,2026-04-14T19:59:37Z
GIII,29.46,2026-04-14T19:59:54Z
GIL,58.38,2026-04-14T19:59:55Z
GILD,140.43,2026-04-14T19:59:49Z
GILT,18.72,2026-04-14T19:59:41Z
GIND,24.075,2026-04-14T16:51:16Z
GINX,34.165,2026-04-14T19:52:37Z
GIPR,0.2724,2026-04-14T19:09:37Z
GIS,34.72,2026-04-14T19:59:59Z
GITS,2.38,2026-04-14T19:55:03Z
GIXXU,10.07,2026-04-14T19:17:15Z
GJAN,43.34,2026-04-14T16:21:34Z
GJUL,42.04,2026-04-14T13:51:03Z
GJUN,40.39,2026-04-14T18:19:17Z
GKOS,120.73,2026-04-14T19:59:27Z
GL,148.22,2026-04-14T19:59:44Z
GL-D,16.15,2026-04-14T18:13:57Z
GLAD,18.57,2026-04-14T19:59:49Z
GLBE,31.445,2026-04-14T19:59:48Z
GLBS,1.86,2026-04-14T18:50:34Z
GLD,445.07,2026-04-14T19:59:59Z
GLDG,1.32,2026-04-14T19:59:55Z
GLDM,95.885,2026-04-14T19:59:56Z
GLDY,15.75,2026-04-14T19:45:17Z
GLED=,10.04,2026-04-14T16:04:38Z
GLGG,6.98,2026-04-14T19:59:59Z
GLIBA,36.72,2026-04-14T19:47:13Z
GLIBK,36.63,2026-04-14T19:59:42Z
GLL,18.795,2026-04-14T19:59:50Z
GLMD,0.75,2026-04-14T19:59:35Z
GLND,5.6,2026-04-14T19:59:01Z
GLNG,52.975,2026-04-14T19:59:52Z
GLNK,8.1,2026-04-14T17:55:16Z
GLO,5.85,2026-04-14T16:40:10Z
GLOB,46.29,2026-04-14T19:59:54Z
GLOO,6.17,2026-04-14T19:59:04Z
GLP,45.315,2026-04-14T19:57:36Z
GLPG,28.83,2026-04-14T19:59:34Z
GLPI,46.73,2026-04-14T19:59:53Z
GLQ,8.13,2026-04-14T19:59:21Z
GLRE,18.115,2026-04-14T19:58:57Z
GLRY,40.7,2026-04-14T19:59:50Z
GLSI,26.27,2026-04-14T19:52:47Z
GLUE,17.5,2026-04-14T19:59:50Z
GLV,6.19,2026-04-14T17:13:23Z
GLW,172.79,2026-04-14T19:59:59Z
GLWG,25.19,2026-04-14T19:56:32Z
GLXU,8.13,2026-04-14T19:59:50Z
GLXY,23.715,2026-04-14T19:59:53Z
GM,79.45,2026-04-14T19:59:50Z
GMAB,29.065,2026-04-14T19:59:51Z
GMAR,42.96,2026-04-14T17:17:21Z
GME,24.06,2026-04-14T19:59:53Z
GME+,3.42,2026-04-14T17:28:37Z
GMED,94.95,2026-04-14T19:59:49Z
GMEU,10.96,2026-04-14T15:07:37Z
GMEX,0.51,2026-04-14T15:31:48Z
GMNY,50.07,2026-04-14T16:15:41Z
GMOD,26.885,2026-04-14T18:27:46Z
GMOI,37.82,2026-04-14T19:35:00Z
GMOM,37.21,2026-04-14T19:59:11Z
GMOV,28.79,2026-04-14T14:15:00Z
GMTL,18.52,2026-04-14T19:56:56Z
GMUB,51.27,2026-04-14T19:54:22Z
GNE,13.84,2026-04-14T19:59:03Z
GNK,23.82,2026-04-14T19:59:25Z
GNL,9.49,2026-04-14T19:59:58Z
GNLN,3.58,2026-04-14T18:59:05Z
GNLX,2.645,2026-04-14T19:59:48Z
GNOV,40.31,2026-04-14T18:59:30Z
GNPX,1.215,2026-04-14T19:59:54Z
GNR,75.355,2026-04-14T19:53:43Z
GNRC,211.82,2026-04-14T19:59:42Z
GNS,0.4497,2026-04-14T19:58:50Z
GNSS,1.91,2026-04-14T19:54:32Z
GNT,8.885,2026-04-14T19:59:51Z
GNTX,21.965,2026-04-14T19:59:54Z
GNW,8.61,2026-04-14T19:59:57Z
GO,7.18,2026-04-14T19:59:59Z
GOAU,48.13,2026-04-14T19:40:27Z
GOCO,1.045,2026-04-14T18:00:06Z
GOCT,39.98,2026-04-14T18:21:14Z
GOEX,93.47,2026-04-14T17:36:33Z
GOF,11.545,2026-04-14T19:59:55Z
GOGO,4.7,2026-04-14T19:59:43Z
GOLD,44.42,2026-04-14T19:59:45Z
GOLF,97.83,2026-04-14T19:59:05Z
GOOD,12.41,2026-04-14T19:59:39Z
GOOG,330.535,2026-04-14T19:59:54Z
GOOGL,332.87,2026-04-14T19:59:57Z
GOOS,11.47,2026-04-14T19:59:52Z
GOOW,66.85,2026-04-14T15:00:41Z
GOOX,73.48,2026-04-14T19:50:04Z
GOOY,14.05,2026-04-14T19:59:52Z
GORO,1.535,2026-04-14T19:59:56Z
GOSS,0.4271,2026-04-14T19:59:51Z
GOTU,1.94,2026-04-14T19:59:37Z
GOU,26.19,2026-04-14T19:59:56Z
GOVI,27.485,2026-04-14T19:59:04Z
GOVT,22.96,2026-04-14T19:59:55Z
GOVX,1.34,2026-04-14T14:35:44Z
GOVZ,9.23,2026-04-14T19:59:34Z
GPC,109.87,2026-04-14T19:59:53Z
GPCR,53.16,2026-04-14T19:59:53Z
GPGI,16.78,2026-04-14T19:59:59Z
GPI,338.35,2026-04-14T19:56:58Z
GPIQ,52.685,2026-04-14T19:59:22Z
GPIX,52.6,2026-04-14T19:59:50Z
GPJA,22.29,2026-04-14T16:16:00Z
GPK,9.715,2026-04-14T19:59:59Z
GPMT,1.46,2026-04-14T19:59:51Z
GPMT-A,18.46,2026-04-14T14:12:07Z
GPN,68.57,2026-04-14T19:59:50Z
GPOR,190.78,2026-04-14T19:59:50Z
GPRE,15.38,2026-04-14T19:59:52Z
GPRK,9.9,2026-04-14T19:59:53Z
GPRO,0.8762,2026-04-14T19:59:42Z
GPT,32.57,2026-04-14T18:27:31Z
GPTY,40.33,2026-04-14T17:39:56Z
GPUS,0.1517,2026-04-14T19:59:51Z
GPZ,23.115,2026-04-14T19:55:50Z
GQGU,26.13,2026-04-14T19:59:50Z
GRAB,3.81,2026-04-14T19:59:58Z
GRAL,50.5,2026-04-14T19:59:19Z
GRBK,67.49,2026-04-14T19:59:03Z
GRC,71.58,2026-04-14T19:58:05Z
GRCE,4.24,2026-04-14T19:58:48Z
GRDN,37.78,2026-04-14T19:59:57Z
GRDX,2.07,2026-04-14T19:59:56Z
GREE,1.21,2026-04-14T19:52:03Z
GREK,72.455,2026-04-14T19:58:15Z
GRFS,8.5,2026-04-14T19:59:50Z
GRI,2.42,2026-04-14T19:09:27Z
GRID,181.3,2026-04-14T19:59:27Z
GRML,0.3441,2026-04-14T19:59:51Z
GRMLW,0.17,2026-04-14T19:51:12Z
GRMN,264.525,2026-04-14T19:59:51Z
GRND,12.625,2026-04-14T19:59:50Z
GRNJ,27.995,2026-04-14T19:57:02Z
GRNT,5.325,2026-04-14T19:59:54Z
GRNY,25.56,2026-04-14T19:59:52Z
GRO,3.24,2026-04-14T19:59:39Z
GROV,1.305,2026-04-14T18:54:29Z
GROW,2.535,2026-04-14T15:42:18Z
GROY,3.73,2026-04-14T19:59:56Z
GRPN,12.6,2026-04-14T19:59:57Z
GRRR,11.83,2026-04-14T19:59:50Z
GRVY,60.89,2026-04-14T19:35:26Z
GRW,29.8,2026-04-14T19:55:00Z
GRWG,1.085,2026-04-14T19:59:41Z
GRX,9.29,2026-04-14T15:51:13Z
GS,909.845,2026-04-14T19:59:53Z
GS-A,19.75,2026-04-14T19:59:33Z
GS-D,19.56,2026-04-14T19:59:58Z
GSAT,79.9,2026-04-14T19:59:55Z
GSBC,67.39,2026-04-14T19:59:25Z
GSBD,9.46,2026-04-14T19:59:55Z
GSEP,39.47,2026-04-14T19:58:33Z
GSEW,88.63,2026-04-14T19:57:38Z
GSG,31.185,2026-04-14T19:53:50Z
GSHD,40.505,2026-04-14T19:59:28Z
GSIB,55.485,2026-04-14T19:01:45Z
GSIE,45.83,2026-04-14T19:59:59Z
GSIT,6.25,2026-04-14T19:59:53Z
GSIW,21,2026-04-14T13:56:07Z
GSJY,51.33,2026-04-14T15:34:10Z
GSK,59.195,2026-04-14T19:59:57Z
GSKH,81.95,2026-04-14T15:44:52Z
GSL,38.835,2026-04-14T19:54:42Z
GSLC,133.03,2026-04-14T18:39:37Z
GSM,4.345,2026-04-14T19:59:50Z
GSOL,6.26,2026-04-14T19:59:24Z
GSST,50.49,2026-04-14T19:47:25Z
GSUS,95.625,2026-04-14T19:52:40Z
GSWO,60.055,2026-04-14T19:59:59Z
GSY,50.225,2026-04-14T19:57:28Z
GT,6.83,2026-04-14T19:59:59Z
GTBP,0.3804,2026-04-14T18:46:54Z
GTE,7.87,2026-04-14T19:59:43Z
GTEC,0.7064,2026-04-14T19:57:51Z
GTEK,46.41,2026-04-14T16:55:37Z
GTES,26.4,2026-04-14T19:59:56Z
GTIM,1.23,2026-04-14T18:45:22Z
GTLB,20.09,2026-04-14T19:59:54Z
GTLS,208.35,2026-04-14T19:59:54Z
GTM,5.795,2026-04-14T19:59:57Z
GTN,5.52,2026-04-14T19:59:56Z
GTO,47.315,2026-04-14T19:54:59Z
GTOH,25.69,2026-04-14T19:25:50Z
GTOP,40.64,2026-04-14T17:15:13Z
GTX,19.275,2026-04-14T19:59:56Z
GTY,33.68,2026-04-14T19:59:22Z
GUG,15.82,2026-04-14T19:59:58Z
GUNR,55.635,2026-04-14T19:57:02Z
GURE,5.59,2026-04-14T17:36:28Z
GUSH,35.47,2026-04-14T19:58:05Z
GUT,6.155,2026-04-14T19:49:59Z
GUTS,0.5009,2026-04-14T19:59:55Z
GV,0.2292,2026-04-14T19:55:37Z
GVA,127.02,2026-04-14T19:59:54Z
GVAL,36.025,2026-04-14T19:55:05Z
GVH,2.38,2026-04-14T19:57:06Z
GVI,106.915,2026-04-14T19:59:46Z
GWH,1.195,2026-04-14T19:59:54Z
GWRE,125.33,2026-04-14T19:59:28Z
GWRS,7.71,2026-04-14T19:59:10Z
GWW,1156.8,2026-04-14T19:59:22Z
GWX,45.2,2026-04-14T19:49:50Z
GXAI,1.23,2026-04-14T19:53:00Z
GXC,95.8,2026-04-14T19:04:30Z
GXO,56.78,2026-04-14T19:59:53Z
GXPC,30.76,2026-04-14T19:59:51Z
GXPD,26.03,2026-04-14T18:23:18Z
GXPS,26.18,2026-04-14T19:59:45Z
GXPT,27.19,2026-04-14T18:19:30Z
GXRP,26.34,2026-04-14T18:53:39Z
GXUS,60.81,2026-04-14T18:56:09Z
GYLD,14.29,2026-04-14T13:46:37Z
GYRE,7.83,2026-04-14T19:53:58Z
GYRO,7.47,2026-04-14T19:21:26Z
H,163.035,2026-04-14T19:59:49Z
HACK,73.39,2026-04-14T19:55:55Z
HAE,60.49,2026-04-14T19:59:54Z
HAFC,27.72,2026-04-14T19:59:39Z
HAFN,8.12,2026-04-14T19:59:46Z
HAIL,36.04,2026-04-14T19:18:49Z
HAIN,0.8777,2026-04-14T19:59:55Z
HAL,37.51,2026-04-14T19:59:58Z
HALO,67.32,2026-04-14T19:59:45Z
HAP,73.635,2026-04-14T19:54:50Z
HAS,92.675,2026-04-14T19:59:46Z
HASI,39.63,2026-04-14T19:59:53Z
HAUZ,24.17,2026-04-14T17:33:08Z
HAWX,43.39,2026-04-14T19:47:43Z
HAYW,14.85,2026-04-14T19:59:53Z
HBAN,16.58,2026-04-14T19:59:58Z
HBANP,17.16,2026-04-14T19:52:58Z
HBB,20.31,2026-04-14T19:59:03Z
HBCP,64.5,2026-04-14T19:58:28Z
HBIO,4.88,2026-04-14T19:50:30Z
HBM,25.25,2026-04-14T19:59:59Z
HBNB,5.625,2026-04-14T16:39:52Z
HBNC,17.735,2026-04-14T19:59:50Z
HBR,11.77,2026-04-14T16:04:55Z
HBT,28.44,2026-04-14T19:59:15Z
HCA,498.61,2026-04-14T19:59:53Z
HCAI,6.38,2026-04-14T19:58:49Z
HCAT,1.12,2026-04-14T19:59:50Z
HCC,85.775,2026-04-14T19:59:56Z
HCHL,1.525,2026-04-14T19:51:28Z
HCI,153.435,2026-04-14T19:59:48Z
HCKT,13.345,2026-04-14T19:58:09Z
HCMA,10.115,2026-04-14T15:18:29Z
HCMT,35.27,2026-04-14T19:59:46Z
HCOW,23.71,2026-04-14T16:32:14Z
HCRB,35.37,2026-04-14T19:57:42Z
HCSG,18.98,2026-04-14T19:56:42Z
HCTI,2.62,2026-04-14T19:55:13Z
HCWC,0.2597,2026-04-14T19:59:48Z
HCXY,25.01,2026-04-14T19:22:51Z
HD,342.715,2026-04-14T19:59:59Z
HDB,26.78,2026-04-14T19:59:59Z
HDEF,33.37,2026-04-14T19:20:30Z
HDGE,17.045,2026-04-14T17:48:56Z
HDSN,6.185,2026-04-14T19:59:55Z
HDV,133.89,2026-04-14T19:57:18Z
HE,15.26,2026-04-14T19:59:42Z
HEAL,25.25,2026-04-14T16:09:44Z
HECA,27.6,2026-04-14T19:59:51Z
HEDG,29.575,2026-04-14T16:04:48Z
HEDJ,55.25,2026-04-14T19:53:39Z
HEFA,44.72,2026-04-14T19:53:35Z
HEFT,25.97,2026-04-14T18:26:57Z
HEGD,25.505,2026-04-14T19:51:10Z
HEI,299.86,2026-04-14T19:59:50Z
HEI.A,225.82,2026-04-14T19:58:34Z
HELE,17.35,2026-04-14T19:59:05Z
HELO,66.435,2026-04-14T19:34:10Z
HELP,5.46,2026-04-14T19:59:59Z
HELS,22.93,2026-04-14T19:59:46Z
HEPS,2.805,2026-04-14T19:59:01Z
HEQ,11.365,2026-04-14T14:58:39Z
HEQQ,58.83,2026-04-14T17:05:11Z
HEQT,32.35,2026-04-14T19:59:51Z
HERE,3.36,2026-04-14T19:47:26Z
HESM,37.55,2026-04-14T19:59:54Z
HEWJ,59.73,2026-04-14T18:56:19Z
HEZU,46.55,2026-04-14T18:58:56Z
HFBL,18.99,2026-04-14T13:41:36Z
HFFG,2.125,2026-04-14T19:43:43Z
HFGM,33.11,2026-04-14T18:40:34Z
HFGO,26.95,2026-04-14T19:47:15Z
HFMF,22.77,2026-04-14T17:00:51Z
HFRO,5.85,2026-04-14T19:53:06Z
HFRO-A,16.345,2026-04-14T18:29:44Z
HFRO-B,16.19,2026-04-14T19:59:08Z
HFSI,35.285,2026-04-14T19:55:00Z
HFWA,27.105,2026-04-14T19:59:49Z
HFXI,35.9,2026-04-14T19:58:01Z
HG,30.81,2026-04-14T19:59:41Z
HGBL,1.44,2026-04-14T19:48:33Z
HGER,31.24,2026-04-14T19:59:31Z
HGLB,8.3,2026-04-14T18:22:03Z
HGRO,28.74,2026-04-14T17:57:20Z
HGTY,10.9,2026-04-14T19:59:59Z
HGV,47.56,2026-04-14T19:59:51Z
HHH,65.055,2026-04-14T19:59:10Z
HHS,2.97,2026-04-14T16:13:32Z
HIBL,76.15,2026-04-14T14:13:44Z
HIBS,35.64,2026-04-14T16:51:36Z
HIDE,24.22,2026-04-14T19:59:46Z
HIFS,304.22,2026-04-14T19:59:32Z
HIG,138.82,2026-04-14T19:59:49Z
HIG-G,25.11,2026-04-14T17:50:43Z
HIHO,0.8391,2026-04-14T19:17:07Z
HII,397.71,2026-04-14T19:59:08Z
HIMS,21.375,2026-04-14T19:59:59Z
HIMU,48.62,2026-04-14T19:57:37Z
HIMX,9.99,2026-04-14T19:59:56Z
HIMZ,23.72,2026-04-14T19:59:23Z
HIND,2.32,2026-04-14T15:27:15Z
HIO,3.715,2026-04-14T19:52:27Z
HIPO,26.89,2026-04-14T19:44:01Z
HIPS,11.81,2026-04-14T16:33:14Z
HIT,1.4,2026-04-14T19:59:18Z
HITI,2.33,2026-04-14T19:59:56Z
HIVE,2.425,2026-04-14T19:59:58Z
HIW,22.825,2026-04-14T19:59:41Z
HIX,4.045,2026-04-14T19:59:32Z
HIYY,13.96,2026-04-14T15:08:15Z
HKD,1.72,2026-04-14T19:59:07Z
HKIT,0.99,2026-04-14T18:31:02Z
HKPD,0.65,2026-04-14T15:34:29Z
HL,19.7,2026-04-14T19:59:58Z
HLF,16.67,2026-04-14T19:59:43Z
HLI,159.1,2026-04-14T19:59:55Z
HLIO,71.13,2026-04-14T19:59:28Z
HLIT,9.76,2026-04-14T19:59:55Z
HLLY,3.155,2026-04-14T19:59:13Z
HLMN,8.64,2026-04-14T19:59:57Z
HLN,9.7,2026-04-14T19:59:54Z
HLNE,101.56,2026-04-14T19:59:48Z
HLP,1.015,2026-04-14T19:59:57Z
HLT,331.3,2026-04-14T19:59:58Z
HLX,9.41,2026-04-14T19:59:57Z
HMC,24.155,2026-04-14T19:59:55Z
HMH,18.94,2026-04-14T19:58:01Z
HMN,44.345,2026-04-14T19:59:43Z
HMY,17.09,2026-04-14T19:59:58Z
HNDL,22.32,2026-04-14T15:21:28Z
HNGE,38.74,2026-04-14T19:59:54Z
HNI,36.24,2026-04-14T19:59:53Z
HNNA,9.98,2026-04-14T13:58:12Z
HNRG,15.1,2026-04-14T19:59:54Z
HNST,3.065,2026-04-14T19:59:50Z
HNVR,22.41,2026-04-14T15:35:22Z
HODL,21.01,2026-04-14T19:59:47Z
HODU,8.7,2026-04-14T18:47:26Z
HOFT,14.18,2026-04-14T14:50:08Z
HOG,23.175,2026-04-14T19:59:56Z
HOLO,2.05,2026-04-14T19:59:50Z
HOMB,27.96,2026-04-14T19:59:59Z
HON,233.19,2026-04-14T19:59:57Z
HOOD,79.09,2026-04-14T19:59:59Z
HOOG,21.9,2026-04-14T19:59:01Z
HOOW,25.455,2026-04-14T19:53:18Z
HOOX,24.385,2026-04-14T19:06:24Z
HOOZ,30.1,2026-04-14T19:44:55Z
HOPE,12.2,2026-04-14T19:59:52Z
HOTH,0.6443,2026-04-14T19:59:50Z
HOV,111.915,2026-04-14T17:45:31Z
HOVR,1.56,2026-04-14T19:59:54Z
HOWL,0.9496,2026-04-14T15:51:15Z
HOYY,6.93,2026-04-14T15:37:44Z
HP,34.12,2026-04-14T19:59:54Z
HPAI,1.5,2026-04-14T19:25:05Z
HPE,24.475,2026-04-14T19:59:57Z
HPE-C,66.57,2026-04-14T16:52:21Z
HPF,15.82,2026-04-14T17:47:58Z
HPI,15.92,2026-04-14T17:34:34Z
HPK,5.9,2026-04-14T19:59:54Z
HPP,6.155,2026-04-14T19:59:49Z
HPQ,19,2026-04-14T19:59:59Z
HPS,14.47,2026-04-14T14:02:01Z
HQ,10.21,2026-04-14T18:40:17Z
HQH,19.65,2026-04-14T19:52:00Z
HQI,10.345,2026-04-14T18:17:28Z
HQL,17.7,2026-04-14T18:24:51Z
HQWWW,2.75,2026-04-14T19:58:19Z
HQY,81.3,2026-04-14T19:59:39Z
HR,17.85,2026-04-14T19:59:55Z
HRB,30.475,2026-04-14T19:59:41Z
HRI,103.47,2026-04-14T19:59:35Z
HRL,20.77,2026-04-14T19:59:59Z
HRMY,29.29,2026-04-14T19:59:58Z
HROW,37.9,2026-04-14T19:45:46Z
HRTG,26.37,2026-04-14T19:59:47Z
HRTS,34.665,2026-04-14T14:59:57Z
HRTX,0.9418,2026-04-14T19:55:33Z
HRZN,4.75,2026-04-14T19:59:51Z
HSAI,23.51,2026-04-14T19:59:49Z
HSBC,91.385,2026-04-14T19:59:53Z
HSDT,1.97,2026-04-14T19:59:57Z
HSHP,13.8,2026-04-14T19:59:24Z
HSIC,77.21,2026-04-14T19:59:52Z
HSLV,6.49,2026-04-14T19:58:49Z
HST,20.91,2026-04-14T19:59:55Z
HSTM,20.34,2026-04-14T19:59:44Z
HSY,197.67,2026-04-14T19:59:53Z
HTAB,19.19,2026-04-14T19:23:43Z
HTB,45.06,2026-04-14T19:56:00Z
HTBK,13.31,2026-04-14T19:59:58Z
HTCO,9.73,2026-04-14T18:52:16Z
HTD,25.395,2026-04-14T19:57:46Z
HTFL,29.02,2026-04-14T19:59:55Z
HTGC,15.28,2026-04-14T19:59:59Z
HTH,37.32,2026-04-14T19:58:31Z
HTHT,52.45,2026-04-14T19:59:56Z
HTLD,11,2026-04-14T19:59:49Z
HTO,58.11,2026-04-14T19:59:36Z
HTOO,2.91,2026-04-14T18:05:16Z
HTRB,34.08,2026-04-14T19:48:58Z
HTT,2.61,2026-04-14T19:59:17Z
HTZ,6.975,2026-04-14T19:59:56Z
HTZWW,3.39,2026-04-14T19:52:57Z
HUBB,545.2,2026-04-14T19:59:18Z
HUBC,0.123,2026-04-14T19:57:22Z
HUBCW,0.0135,2026-04-14T19:16:47Z
HUBG,39.805,2026-04-14T19:59:43Z
HUBS,206.41,2026-04-14T19:59:53Z
HUM,196.39,2026-04-14T19:59:55Z
HUMA,0.6988,2026-04-14T19:59:39Z
HUMN,31.5,2026-04-14T15:43:26Z
HUN,13.575,2026-04-14T19:59:59Z
HURA,3.155,2026-04-14T19:59:52Z
HURC,16.95,2026-04-14T19:59:12Z
HURN,128.28,2026-04-14T19:58:38Z
HUSV,39,2026-04-14T14:10:35Z
HUT,71.72,2026-04-14T19:59:50Z
HUTG,14.75,2026-04-14T19:51:21Z
HUYA,3.33,2026-04-14T19:59:59Z
HVAC,38.71,2026-04-14T13:39:39Z
HVT,22.54,2026-04-14T19:59:09Z
HWC,66.98,2026-04-14T19:59:50Z
HWKN,148,2026-04-14T19:59:38Z
HWM,257.84,2026-04-14T19:59:48Z
HXHX,0.6504,2026-04-14T19:08:41Z
HXL,85,2026-04-14T19:59:55Z
HY,37.4,2026-04-14T15:06:23Z
HYBB,46.99,2026-04-14T19:56:38Z
HYBL,27.995,2026-04-14T19:54:44Z
HYD,50.955,2026-04-14T19:59:28Z
HYDB,47.1,2026-04-14T19:59:50Z
HYDR,45.885,2026-04-14T19:55:02Z
HYDW,47,2026-04-14T14:15:52Z
HYEM,20.02,2026-04-14T19:58:42Z
HYFI,37.51,2026-04-14T19:58:02Z
HYFM,0.94,2026-04-14T13:32:10Z
HYFT,1.175,2026-04-14T19:59:51Z
HYG,80.5,2026-04-14T19:59:56Z
HYGH,86.28,2026-04-14T19:48:25Z
HYGV,40.535,2026-04-14T19:56:09Z
HYHG,64.77,2026-04-14T14:53:28Z
HYI,10.945,2026-04-14T19:57:39Z
HYIN,14.94,2026-04-14T19:59:23Z
HYLB,36.75,2026-04-14T19:59:06Z
HYLN,1.91,2026-04-14T19:59:57Z
HYLS,41.15,2026-04-14T19:59:38Z
HYMB,25.115,2026-04-14T19:59:45Z
HYMC,41.67,2026-04-14T19:59:52Z
HYNE,16.09,2026-04-14T14:27:24Z
HYPD,3.54,2026-04-14T19:59:20Z
HYPR,1.245,2026-04-14T19:59:07Z
HYS,94.02,2026-04-14T19:56:10Z
HYSA,14.98,2026-04-14T19:58:57Z
HYT,8.645,2026-04-14T19:59:47Z
HYTR,21.575,2026-04-14T18:19:30Z
HZO,29.24,2026-04-14T19:59:15Z
IAC,41.845,2026-04-14T19:59:52Z
IAE,8.025,2026-04-14T19:53:15Z
IAF,13.07,2026-04-14T17:45:54Z
IAG,20.63,2026-04-14T19:59:59Z
IAGG,50.03,2026-04-14T19:59:50Z
IAI,175.85,2026-04-14T19:13:28Z
IAK,131.54,2026-04-14T15:32:23Z
IALT,27.61,2026-04-14T19:59:16Z
IAPR,32.86,2026-04-14T19:39:54Z
IART,11.05,2026-04-14T19:59:52Z
IAT,57.61,2026-04-14T19:59:39Z
IAU,91.17,2026-04-14T19:59:57Z
IAUI,58.85,2026-04-14T19:46:16Z
IAUM,48.28,2026-04-14T19:58:36Z
IAUX,1.67,2026-04-14T19:59:50Z
IBAT,39.555,2026-04-14T19:57:37Z
IBB,175.84,2026-04-14T19:59:59Z
IBCA,25.855,2026-04-14T19:16:59Z
IBCB,25.4,2026-04-14T19:55:49Z
IBCP,34.72,2026-04-14T19:59:44Z
IBD,23.97,2026-04-14T19:59:50Z
IBDR,24.205,2026-04-14T19:55:12Z
IBDS,24.215,2026-04-14T19:52:22Z
IBDT,25.32,2026-04-14T19:59:50Z
IBDU,23.295,2026-04-14T19:59:45Z
IBDV,21.965,2026-04-14T19:59:46Z
IBDW,21.04,2026-04-14T19:59:51Z
IBDX,25.44,2026-04-14T19:59:52Z
IBDY,26.03,2026-04-14T19:59:53Z
IBDZ,26.295,2026-04-14T19:59:46Z
IBEX,28.46,2026-04-14T19:58:54Z
IBG,1.03,2026-04-14T13:48:57Z
IBHF,22.925,2026-04-14T19:48:55Z
IBHG,22.17,2026-04-14T19:56:44Z
IBHH,23.55,2026-04-14T19:09:36Z
IBHI,23.505,2026-04-14T17:20:43Z
IBHL,25.58,2026-04-14T19:59:02Z
IBIC,25.895,2026-04-14T18:59:00Z
IBID,26.08,2026-04-14T17:01:00Z
IBIF,26.32,2026-04-14T19:32:10Z
IBIH,26.355,2026-04-14T19:59:46Z
IBII,26.05,2026-04-14T14:15:00Z
IBIL,25.725,2026-04-14T19:52:19Z
IBIM,25.44,2026-04-14T19:28:12Z
IBIO,2.18,2026-04-14T19:59:51Z
IBIT,42.11,2026-04-14T19:59:58Z
IBKR,77.12,2026-04-14T19:59:58Z
IBLC,43.9,2026-04-14T19:53:02Z
IBM,240.28,2026-04-14T19:59:58Z
IBMO,25.63,2026-04-14T19:30:42Z
IBMP,25.395,2026-04-14T19:56:01Z
IBMQ,25.53,2026-04-14T19:59:45Z
IBMR,25.38,2026-04-14T19:44:05Z
IBMS,25.92,2026-04-14T19:11:31Z
IBMT,25.775,2026-04-14T19:08:19Z
IBN,28.31,2026-04-14T19:59:59Z
IBND,31.95,2026-04-14T19:55:01Z
IBO,0.6537,2026-04-14T17:00:04Z
IBOC,72.05,2026-04-14T19:59:54Z
IBP,288.595,2026-04-14T19:59:46Z
IBRX,7.6,2026-04-14T19:59:58Z
IBTA,33.59,2026-04-14T19:59:32Z
IBTI,22.26,2026-04-14T17:26:38Z
IBTJ,21.84,2026-04-14T19:36:56Z
IBTK,19.75,2026-04-14T19:22:13Z
IBTL,20.41,2026-04-14T17:16:26Z
IBTM,22.98,2026-04-14T19:40:43Z
IBTO,24.39,2026-04-14T14:09:00Z
IBTQ,25.375,2026-04-14T19:53:06Z
IBUF,30.46,2026-04-14T15:52:15Z
ICAP,28.065,2026-04-14T18:17:10Z
ICCC,7.59,2026-04-14T16:33:24Z
ICCM,0.3506,2026-04-14T19:38:08Z
ICE,162,2026-04-14T19:59:49Z
ICF,66.04,2026-04-14T19:56:49Z
ICFI,70.31,2026-04-14T19:59:18Z
ICHR,64.015,2026-04-14T19:59:49Z
ICL,5.325,2026-04-14T19:59:44Z
ICLN,19.72,2026-04-14T19:59:59Z
ICLO,25.525,2026-04-14T15:11:06Z
ICLR,113.03,2026-04-14T19:59:55Z
ICMB,1.78,2026-04-14T19:51:01Z
ICOI,11.6,2026-04-14T17:57:51Z
ICON,1.05,2026-04-14T14:25:14Z
ICOP,53.33,2026-04-14T19:51:58Z
ICOW,44.1,2026-04-14T19:59:53Z
ICSH,50.545,2026-04-14T19:54:36Z
ICU,3.75,2026-04-14T18:55:03Z
ICUI,129.59,2026-04-14T19:35:16Z
ICVT,109.84,2026-04-14T19:59:39Z
IDA,145.24,2026-04-14T19:59:45Z
IDAI,2.575,2026-04-14T19:35:55Z
IDCC,352.31,2026-04-14T19:59:09Z
IDE,13.545,2026-04-14T19:55:59Z
IDEF,34.945,2026-04-14T19:55:09Z
IDEQ,34.16,2026-04-14T19:59:59Z
IDEV,89.16,2026-04-14T19:59:58Z
IDGT,111.42,2026-04-14T19:59:50Z
IDHQ,38.895,2026-04-14T19:26:21Z
IDMO,60.25,2026-04-14T19:59:55Z
IDN,8.43,2026-04-14T19:59:39Z
IDOG,43.445,2026-04-14T19:55:19Z
IDR,39.035,2026-04-14T19:59:40Z
IDRV,41.465,2026-04-14T19:59:45Z
IDT,51.21,2026-04-14T19:59:46Z
IDU,117.37,2026-04-14T19:59:51Z
IDUB,26.7,2026-04-14T19:32:23Z
IDV,44.315,2026-04-14T19:59:50Z
IDVO,42.91,2026-04-14T19:59:39Z
IDX,14.66,2026-04-14T17:15:09Z
IDXX,583.785,2026-04-14T19:59:36Z
IDYA,32.29,2026-04-14T19:59:54Z
IE,14.35,2026-04-14T19:59:59Z
IEF,95.78,2026-04-14T19:59:56Z
IEFA,96.725,2026-04-14T19:59:55Z
IEI,118.81,2026-04-14T19:59:57Z
IEMG,76.295,2026-04-14T19:59:57Z
IEO,112.525,2026-04-14T19:42:48Z
IEP,7.7,2026-04-14T19:59:50Z
IESC,540.3,2026-04-14T19:50:49Z
IETC,96.1,2026-04-14T19:43:10Z
IEUR,75.36,2026-04-14T19:59:45Z
IEV,72.76,2026-04-14T19:59:56Z
IEX,205.03,2026-04-14T19:59:52Z
IEZ,28.97,2026-04-14T19:57:01Z
IFF,72.605,2026-04-14T19:59:34Z
IFLN,18.455,2026-04-14T19:10:20Z
IFLO,32.69,2026-04-14T13:55:18Z
IFN,12.05,2026-04-14T19:57:06Z
IFRA,59.77,2026-04-14T19:59:47Z
IFRX,1.14,2026-04-14T19:59:52Z
IFS,51.4,2026-04-14T19:59:45Z
IG,20.83,2026-04-14T14:20:56Z
IGA,9.715,2026-04-14T19:37:21Z
IGBH,24.43,2026-04-14T18:19:34Z
IGC,0.3088,2026-04-14T19:59:41Z
IGD,5.915,2026-04-14T19:59:18Z
IGE,61.26,2026-04-14T19:59:51Z
IGEB,45.4,2026-04-14T19:59:59Z
IGF,67.905,2026-04-14T19:59:44Z
IGI,16.34,2026-04-14T18:04:31Z
IGIB,53.63,2026-04-14T19:59:54Z
IGIC,26.35,2026-04-14T19:57:48Z
IGLB,50.34,2026-04-14T19:59:50Z
IGLD,25.87,2026-04-14T19:25:46Z
IGM,132.79,2026-04-14T19:59:50Z
IGME,25.52,2026-04-14T19:15:15Z
IGOV,41.97,2026-04-14T19:59:17Z
IGPT,68.045,2026-04-14T19:52:07Z
IGR,4.75,2026-04-14T19:59:55Z
IGRO,87.94,2026-04-14T19:54:11Z
IGSB,52.66,2026-04-14T19:59:59Z
IGV,79.47,2026-04-14T19:59:57Z
IHAK,43.61,2026-04-14T19:19:04Z
IHD,7.17,2026-04-14T19:56:47Z
IHDG,50.86,2026-04-14T19:59:59Z
IHE,87.97,2026-04-14T19:59:50Z
IHF,44.755,2026-04-14T19:59:54Z
IHG,144.61,2026-04-14T17:41:52Z
IHI,54.355,2026-04-14T19:59:52Z
IHRT,3.88,2026-04-14T19:59:57Z
IHS,8.255,2026-04-14T19:59:55Z
IHY,21.94,2026-04-14T15:34:25Z
IIF,22.71,2026-04-14T19:15:28Z
III,4.065,2026-04-14T19:59:41Z
IIIN,37.695,2026-04-14T19:30:38Z
IIIV,21.43,2026-04-14T19:59:50Z
IIM,12.47,2026-04-14T19:59:22Z
IINN,0.5045,2026-04-14T14:21:03Z
IIPR,51.22,2026-04-14T19:49:00Z
IIPR-A,21.29,2026-04-14T19:48:22Z
IJH,71.555,2026-04-14T19:59:58Z
IJJ,138.965,2026-04-14T19:55:10Z
IJK,107.61,2026-04-14T19:59:54Z
IJR,132.42,2026-04-14T19:59:52Z
IJS,124.58,2026-04-14T19:58:53Z
IJT,156.61,2026-04-14T16:21:31Z
IJUL,34.84,2026-04-14T18:00:07Z
IKT,1.695,2026-04-14T19:59:47Z
ILCB,96,2026-04-14T19:37:01Z
ILCG,105.3,2026-04-14T19:59:46Z
ILCV,96.53,2026-04-14T19:59:59Z
ILDR,33.005,2026-04-14T19:51:21Z
ILF,38.095,2026-04-14T19:59:47Z
ILIT,19.55,2026-04-14T19:53:12Z
ILMN,130.27,2026-04-14T19:59:50Z
ILPT,5.8,2026-04-14T19:59:48Z
ILTB,49.6,2026-04-14T19:59:46Z
IMA,5.77,2026-04-14T19:59:21Z
IMAR,30.2,2026-04-14T19:06:50Z
IMAX,36.83,2026-04-14T19:59:47Z
IMCB,88.1,2026-04-14T19:59:50Z
IMCC,0.3526,2026-04-14T13:42:23Z
IMCG,85.38,2026-04-14T15:46:34Z
IMCR,31.7,2026-04-14T19:59:51Z
IMCV,87.355,2026-04-14T19:59:45Z
IMDX,3.66,2026-04-14T19:59:44Z
IMFL,33.165,2026-04-14T19:03:00Z
IMKTA,90.54,2026-04-14T19:59:41Z
IMMP,0.317,2026-04-14T19:59:50Z
IMMR,5.79,2026-04-14T19:59:50Z
IMMX,9.815,2026-04-14T19:54:41Z
IMNM,22.89,2026-04-14T19:59:55Z
IMNN,3.09,2026-04-14T19:36:32Z
IMO,126.99,2026-04-14T19:58:20Z
IMOS,40.74,2026-04-14T18:21:26Z
IMPP,4.26,2026-04-14T19:59:34Z
IMRA,14.96,2026-04-14T14:21:44Z
IMRN,0.8841,2026-04-14T18:07:55Z
IMRX,5.39,2026-04-14T19:59:58Z
IMSR,7.06,2026-04-14T19:59:55Z
IMSRW,3.07,2026-04-14T19:38:06Z
IMTB,44.05,2026-04-14T19:04:15Z
IMTE,0.6501,2026-04-14T17:09:28Z
IMTM,52.66,2026-04-14T19:59:56Z
IMTX,10.95,2026-04-14T19:59:51Z
IMUX,1.18,2026-04-14T19:59:56Z
IMVP,21.88,2026-04-14T19:34:21Z
IMVT,26.54,2026-04-14T19:59:46Z
IMXI,15.9,2026-04-14T19:59:55Z
INAB,1.4,2026-04-14T19:43:06Z
INBK,23.35,2026-04-14T19:54:23Z
INBX,83.05,2026-04-14T19:59:45Z
INCE,65.8,2026-04-14T17:48:45Z
INCM,29.17,2026-04-14T19:58:03Z
INCY,97.68,2026-04-14T19:59:40Z
INDA,49.68,2026-04-14T19:59:59Z
INDB,80,2026-04-14T19:59:13Z
INDI,2.94,2026-04-14T19:59:55Z
INDL,46.7,2026-04-14T19:59:50Z
INDO,3.3,2026-04-14T19:59:56Z
INDP,2.315,2026-04-14T19:59:59Z
INDV,32.945,2026-04-14T19:59:47Z
INDY,44.45,2026-04-14T19:50:59Z
INEO,0.4918,2026-04-14T13:46:34Z
INFL,52.8,2026-04-14T19:54:40Z
INFQ,14.13,2026-04-14T19:59:59Z
INFQ+,6.805,2026-04-14T19:07:59Z
INFU,9.98,2026-04-14T19:59:29Z
INFY,13.97,2026-04-14T19:59:59Z
ING,29.38,2026-04-14T19:59:57Z
INGM,28.22,2026-04-14T19:59:49Z
INGN,6.33,2026-04-14T19:59:56Z
INGR,113.02,2026-04-14T19:56:00Z
INHD,0.1891,2026-04-14T19:59:19Z
INKT,13.73,2026-04-14T19:33:30Z
INMB,1.255,2026-04-14T19:59:47Z
INMD,14.15,2026-04-14T19:59:56Z
INMU,24.105,2026-04-14T19:54:57Z
INN,4.87,2026-04-14T19:59:26Z
INN-E,18.055,2026-04-14T18:58:38Z
INNV,8.19,2026-04-14T19:59:36Z
INO,1.11,2026-04-14T19:59:32Z
INOD,41.36,2026-04-14T19:59:41Z
INQQ,12.57,2026-04-14T16:51:23Z
INR,16.135,2026-04-14T19:58:44Z
INSE,6.965,2026-04-14T19:50:21Z
INSG,14.165,2026-04-14T19:59:31Z
INSM,153.41,2026-04-14T19:59:55Z
INSP,56.915,2026-04-14T19:59:56Z
INSW,72.41,2026-04-14T19:53:43Z
INTA,21.305,2026-04-14T19:59:55Z
INTC,63.81,2026-04-14T19:59:59Z
INTF,41.51,2026-04-14T19:59:06Z
INTG,36.14,2026-04-14T17:15:13Z
INTL,30.39,2026-04-14T15:55:31Z
INTR,8.4,2026-04-14T19:59:59Z
INTS,5.37,2026-04-14T15:34:16Z
INTT,15.33,2026-04-14T19:59:55Z
INTU,366.78,2026-04-14T19:59:50Z
INTW,104.475,2026-04-14T19:54:54Z
INTZ,0.8493,2026-04-14T17:15:26Z
INUV,1.86,2026-04-14T19:58:40Z
INV,4.795,2026-04-14T19:59:55Z
INVA,24.19,2026-04-14T19:59:39Z
INVE,3.65,2026-04-14T19:55:03Z
INVH,26.47,2026-04-14T19:59:55Z
INVX,25.92,2026-04-14T19:59:48Z
INVZ,0.6547,2026-04-14T19:59:33Z
IOCT,36.28,2026-04-14T19:58:00Z
ION,64.4,2026-04-14T19:41:45Z
IONL,14.98,2026-04-14T18:54:16Z
IONQ,35.77,2026-04-14T19:59:59Z
IONQ+,24.2,2026-04-14T19:24:01Z
IONR,3.905,2026-04-14T19:58:03Z
IONS,76.73,2026-04-14T19:59:52Z
IONX,30.49,2026-04-14T19:59:59Z
IONZ,13.375,2026-04-14T19:59:52Z
IOO,129.97,2026-04-14T17:09:26Z
IOSP,75.24,2026-04-14T19:59:53Z
IOT,26.51,2026-04-14T19:59:54Z
IOVA,3.65,2026-04-14T19:59:56Z
IP,36.535,2026-04-14T19:59:51Z
IPAC,81.18,2026-04-14T19:59:10Z
IPAR,96.11,2026-04-14T19:59:37Z
IPAY,45.84,2026-04-14T19:52:17Z
IPGP,124.445,2026-04-14T19:58:55Z
IPHA,1.65,2026-04-14T17:13:25Z
IPI,37.4,2026-04-14T19:58:21Z
IPKW,58.5,2026-04-14T18:53:21Z
IPM,1.7,2026-04-14T15:34:50Z
IPO,47.14,2026-04-14T13:48:36Z
IPODW,0.29,2026-04-14T15:22:14Z
IPSC,2.38,2026-04-14T19:59:55Z
IPST,0.4903,2026-04-14T19:56:52Z
IPW,1.15,2026-04-14T19:22:29Z
IPWR,2.95,2026-04-14T16:33:58Z
IPX,33.58,2026-04-14T19:59:54Z
IQ,1.415,2026-04-14T19:59:55Z
IQDF,33.735,2026-04-14T19:59:46Z
IQDG,43.095,2026-04-14T19:59:59Z
IQDY,40.7,2026-04-14T15:15:08Z
IQI,9.88,2026-04-14T19:03:26Z
IQLT,49.31,2026-04-14T19:59:50Z
IQMM,100.085,2026-04-14T19:57:22Z
IQQQ,44.24,2026-04-14T19:50:18Z
IQST,1.63,2026-04-14T18:30:05Z
IQV,175.29,2026-04-14T19:59:59Z
IR,88.32,2026-04-14T19:59:50Z
IRD,5.54,2026-04-14T19:59:53Z
IRDM,36.12,2026-04-14T19:59:58Z
IRE,24.1,2026-04-14T19:58:15Z
IREG,17.69,2026-04-14T19:15:03Z
IREN,47.355,2026-04-14T19:59:59Z
IREX,32.14,2026-04-14T19:57:57Z
IREZ,14.57,2026-04-14T19:59:53Z
IRIX,1.035,2026-04-14T19:59:47Z
IRM,114.05,2026-04-14T19:59:50Z
IRMD,93.175,2026-04-14T19:29:18Z
IRON,70.475,2026-04-14T19:59:27Z
IRS,16.15,2026-04-14T19:38:49Z
IRT,15.71,2026-04-14T19:59:56Z
IRTC,123.18,2026-04-14T19:59:50Z
IRWD,4.04,2026-04-14T19:59:58Z
ISBA,49.835,2026-04-14T19:54:49Z
ISBG,20.55,2026-04-14T19:11:24Z
ISCB,69.16,2026-04-14T17:07:50Z
ISCF,44.91,2026-04-14T19:59:01Z
ISD,13.32,2026-04-14T19:44:20Z
ISEP,33.88,2026-04-14T19:58:00Z
ISHG,75.89,2026-04-14T14:00:20Z
ISMD,43.1,2026-04-14T16:44:34Z
ISMF,27.945,2026-04-14T19:52:06Z
ISOU,11.24,2026-04-14T19:59:53Z
ISPC,0.1046,2026-04-14T19:59:49Z
ISPR,1.88,2026-04-14T19:42:07Z
ISPY,45.29,2026-04-14T19:59:46Z
ISRG,467.16,2026-04-14T19:59:57Z
ISSC,24.42,2026-04-14T19:57:31Z
ISTB,48.53,2026-04-14T19:59:51Z
ISTR,28.5,2026-04-14T19:59:09Z
ISVL,51.6,2026-04-14T19:52:30Z
IT,149.04,2026-04-14T19:59:59Z
ITA,235.51,2026-04-14T19:59:53Z
ITAN,37.64,2026-04-14T16:33:50Z
ITB,95.66,2026-04-14T19:59:58Z
ITEQ,60.34,2026-04-14T19:52:34Z
ITGR,88.615,2026-04-14T19:59:54Z
ITHAW,0.24,2026-04-14T19:59:20Z
ITIC,235.4,2026-04-14T19:09:21Z
ITM,46.845,2026-04-14T19:55:12Z
ITOT,152.065,2026-04-14T19:59:42Z
ITP,0.2046,2026-04-14T19:59:30Z
ITRG,3.125,2026-04-14T19:59:43Z
ITRI,96.35,2026-04-14T19:59:39Z
ITRN,54.72,2026-04-14T19:58:51Z
ITT,221.75,2026-04-14T19:59:54Z
ITUB,9.325,2026-04-14T19:59:52Z
ITW,272.19,2026-04-14T19:59:50Z
ITWO,42.115,2026-04-14T13:32:03Z
IUSB,46.475,2026-04-14T19:59:58Z
IUSG,170.745,2026-04-14T19:59:46Z
IUSV,105.41,2026-04-14T19:59:51Z
IVA,5.51,2026-04-14T19:59:34Z
IVAL,35.48,2026-04-14T17:50:53Z
IVDA,0.2675,2026-04-14T19:59:38Z
IVE,217.54,2026-04-14T19:59:54Z
IVEP,27.24,2026-04-14T18:19:43Z
IVES,31.205,2026-04-14T19:55:03Z
IVLU,42.02,2026-04-14T19:59:07Z
IVOG,133.64,2026-04-14T19:10:12Z
IVOL,18.56,2026-04-14T19:49:58Z
IVOO,121.16,2026-04-14T18:12:20Z
IVR,8.37,2026-04-14T19:59:49Z
IVT,31.96,2026-04-14T19:59:55Z
IVV,697.51,2026-04-14T19:59:56Z
IVVD,1.61,2026-04-14T19:59:59Z
IVVM,35.42,2026-04-14T19:12:32Z
IVVW,44.12,2026-04-14T19:59:45Z
IVW,124.7,2026-04-14T19:59:55Z
IVZ,24.7,2026-04-14T19:59:51Z
IWB,380.295,2026-04-14T19:59:51Z
IWC,174.03,2026-04-14T18:28:15Z
IWD,224.67,2026-04-14T19:59:51Z
IWF,460.66,2026-04-14T19:59:59Z
IWL,171.85,2026-04-14T19:59:51Z
IWLG,52.06,2026-04-14T18:09:37Z
IWM,268.7,2026-04-14T19:59:59Z
IWMI,50.42,2026-04-14T19:53:45Z
IWMW,37.89,2026-04-14T15:26:10Z
IWMY,19.25,2026-04-14T19:56:01Z
IWN,202.04,2026-04-14T19:59:54Z
IWO,345.945,2026-04-14T19:59:25Z
IWP,134.39,2026-04-14T19:35:47Z
IWR,102.45,2026-04-14T19:59:59Z
IWS,153.79,2026-04-14T19:50:39Z
IWV,395.3,2026-04-14T19:59:39Z
IWX,97.09,2026-04-14T18:36:21Z
IWY,268.87,2026-04-14T19:59:27Z
IX,31.76,2026-04-14T19:59:27Z
IXC,53.92,2026-04-14T19:58:43Z
IXHL,3.58,2026-04-14T19:59:53Z
IXJ,95.575,2026-04-14T19:30:34Z
IXN,112.17,2026-04-14T19:59:10Z
IXP,121.01,2026-04-14T19:54:40Z
IXUS,93.1,2026-04-14T19:59:52Z
IYC,102.41,2026-04-14T19:59:30Z
IYE,59.32,2026-04-14T19:59:54Z
IYF,123.76,2026-04-14T19:59:46Z
IYG,87.35,2026-04-14T19:59:51Z
IYH,62.66,2026-04-14T19:59:23Z
IYK,69.985,2026-04-14T19:59:23Z
IYM,184.93,2026-04-14T19:44:10Z
IYR,100.41,2026-04-14T19:59:57Z
IYRI,49.46,2026-04-14T19:36:42Z
IYT,78.92,2026-04-14T19:59:52Z
IYW,201.84,2026-04-14T19:59:56Z
IYZ,41.005,2026-04-14T19:59:46Z
IZEA,4.285,2026-04-14T19:59:49Z
IZM,0.4481,2026-04-14T19:22:18Z
IZRL,28.7,2026-04-14T16:08:17Z
J,125.475,2026-04-14T19:59:09Z
JAAA,50.575,2026-04-14T19:59:46Z
JACK,11.78,2026-04-14T19:59:47Z
JAGU,2.25,2026-04-14T19:59:50Z
JAGX,0.4,2026-04-14T19:59:55Z
JAKK,21.99,2026-04-14T19:45:16Z
JAN,25.73,2026-04-14T19:59:53Z
JANX,15.215,2026-04-14T19:59:53Z
JANZ,38.52,2026-04-14T18:16:58Z
JAVA,74.815,2026-04-14T19:59:01Z
JAZZ,200.95,2026-04-14T19:59:45Z
JBBB,46.86,2026-04-14T19:59:51Z
JBGS,15.14,2026-04-14T19:59:33Z
JBHT,229.62,2026-04-14T19:59:49Z
JBI,5.61,2026-04-14T19:59:57Z
JBIO,19.44,2026-04-14T19:59:48Z
JBL,306.14,2026-04-14T19:59:48Z
JBLU,5.62,2026-04-14T19:59:56Z
JBND,53.975,2026-04-14T19:55:11Z
JBS,18.08,2026-04-14T19:59:56Z
JBSS,80.73,2026-04-14T14:29:31Z
JBTM,131.4,2026-04-14T19:59:44Z
JCAP,20.5,2026-04-14T19:59:33Z
JCE,15.74,2026-04-14T19:53:50Z
JCI,141.99,2026-04-14T19:59:54Z
JCPB,47.3,2026-04-14T19:59:58Z
JCPI,48.53,2026-04-14T15:56:25Z
JCSE,1.22,2026-04-14T19:58:12Z
JCTC,1.8,2026-04-14T19:59:34Z
JD,31.25,2026-04-14T19:59:59Z
JDST,27.92,2026-04-14T19:59:40Z
JDZG,1.71,2026-04-14T15:37:11Z
JEDI,28.18,2026-04-14T17:49:46Z
JEF,47.085,2026-04-14T19:59:51Z
JELD,1.105,2026-04-14T19:59:59Z
JEM,1.605,2026-04-14T19:59:32Z
JEPI,57.825,2026-04-14T19:59:42Z
JEPQ,58.385,2026-04-14T19:59:50Z
JETD,3.81,2026-04-14T19:57:16Z
JETS,26.98,2026-04-14T19:59:55Z
JETU,29.97,2026-04-14T17:48:14Z
JFB,5.51,2026-04-14T19:17:55Z
JFIN,4.38,2026-04-14T19:51:50Z
JFLX,50.13,2026-04-14T19:40:45Z
JFR,7.62,2026-04-14T19:59:56Z
JGH,12.8,2026-04-14T19:59:54Z
JGLO,69.24,2026-04-14T19:59:33Z
JGRO,90.815,2026-04-14T19:50:00Z
JGRW,25.84,2026-04-14T13:48:10Z
JHEM,37.085,2026-04-14T19:16:19Z
JHG,51.545,2026-04-14T19:59:52Z
JHI,13.41,2026-04-14T13:56:30Z
JHMD,45.1,2026-04-14T18:38:15Z
JHMM,70.7,2026-04-14T19:59:33Z
JHPI,23.05,2026-04-14T16:54:54Z
JHS,11.17,2026-04-14T14:09:06Z
JHX,21.22,2026-04-14T19:59:59Z
JIG,81.845,2026-04-14T19:59:33Z
JILL,12.19,2026-04-14T19:20:24Z
JIRE,80.94,2026-04-14T19:28:00Z
JIVE,91.09,2026-04-14T19:59:53Z
JJSF,81.645,2026-04-14T19:59:38Z
JKHY,151.38,2026-04-14T19:59:41Z
JKS,24.135,2026-04-14T19:59:46Z
JL,6.88,2026-04-14T16:33:52Z
JLHL,6.02,2026-04-14T18:17:35Z
JLL,327.74,2026-04-14T19:59:59Z
JLQD,41.71,2026-04-14T19:15:36Z
JLS,18.58,2026-04-14T13:42:01Z
JMBS,45.66,2026-04-14T19:58:49Z
JMEE,70.9,2026-04-14T19:59:52Z
JMHI,49.91,2026-04-14T16:47:27Z
JMIA,7.29,2026-04-14T19:59:57Z
JMM,5.905,2026-04-14T18:20:11Z
JMOM,72.95,2026-04-14T13:40:13Z
JMSB,20.83,2026-04-14T19:59:47Z
JMSI,50.16,2026-04-14T14:15:30Z
JMST,50.915,2026-04-14T19:59:59Z
JMTG,51.205,2026-04-14T19:57:30Z
JMUB,50.41,2026-04-14T19:57:02Z
JNJ,240.04,2026-04-14T19:59:54Z
JNK,96.89,2026-04-14T19:59:54Z
JNUG,241.425,2026-04-14T19:58:31Z
JOB,0.241,2026-04-14T16:41:38Z
JOBY,8.8,2026-04-14T19:59:57Z
JOE,67.89,2026-04-14T19:57:46Z
JOET,42.44,2026-04-14T19:51:57Z
JOF,11.12,2026-04-14T19:25:58Z
JOUT,52.14,2026-04-14T19:55:13Z
JOYY,62.215,2026-04-14T19:57:36Z
JPC,7.945,2026-04-14T19:55:05Z
JPEF,76.12,2026-04-14T15:43:26Z
JPIB,48.395,2026-04-14T19:53:56Z
JPIE,46.205,2026-04-14T19:59:47Z
JPIN,74.82,2026-04-14T17:24:22Z
JPLD,52.2,2026-04-14T19:56:30Z
JPM,311.17,2026-04-14T19:59:59Z
JPM-C,25.36,2026-04-14T19:57:11Z
JPM-D,24.765,2026-04-14T19:47:47Z
JPM-J,20.06,2026-04-14T18:39:58Z
JPM-K,19.17,2026-04-14T18:48:58Z
JPM-L,19.56,2026-04-14T19:51:27Z
JPM-M,18.06,2026-04-14T19:59:38Z
JPO,14.47,2026-04-14T14:45:43Z
JPSE,55.51,2026-04-14T17:23:05Z
JPST,50.52,2026-04-14T19:59:55Z
JQC,4.875,2026-04-14T19:36:36Z
JQUA,64.155,2026-04-14T19:59:15Z
JRI,12.92,2026-04-14T19:58:28Z
JRS,8.05,2026-04-14T19:51:44Z
JRSH,3.1,2026-04-14T19:56:45Z
JRVR,6.3,2026-04-14T19:56:50Z
JSCP,47.345,2026-04-14T18:55:00Z
JSI,51.87,2026-04-14T17:56:34Z
JSM,18.325,2026-04-14T19:30:00Z
JSMD,87.615,2026-04-14T19:59:33Z
JSML,77.81,2026-04-14T13:37:51Z
JSPR,0.9235,2026-04-14T19:59:32Z
JSTC,20.79,2026-04-14T14:51:55Z
JTAI,7.375,2026-04-14T19:58:54Z
JTEK,87.31,2026-04-14T19:59:11Z
JULT,45.81,2026-04-14T14:18:24Z
JULU,29.92,2026-04-14T19:51:22Z
JUNS,0.3631,2026-04-14T15:41:54Z
JVA,4.56,2026-04-14T19:58:50Z
JVAL,51.82,2026-04-14T19:40:51Z
JXI,88.3,2026-04-14T17:26:30Z
JXN,105.02,2026-04-14T19:59:47Z
JXN-A,25.63,2026-04-14T16:04:45Z
JYNT,8.98,2026-04-14T19:56:09Z
JZ,0.9592,2026-04-14T14:26:04Z
JZXN,1.08,2026-04-14T19:58:39Z
KAI,332.15,2026-04-14T19:59:54Z
KALA,0.2203,2026-04-14T19:59:45Z
KALU,142.36,2026-04-14T19:53:15Z
KALV,20.31,2026-04-14T19:59:36Z
KAMO,24.74,2026-04-14T17:07:22Z
KAPA,0.6,2026-04-14T19:54:09Z
KAPR,37.83,2026-04-14T16:44:18Z
KARO,51.15,2026-04-14T17:18:08Z
KAUG,27.74,2026-04-14T19:50:41Z
KB,109.495,2026-04-14T19:59:34Z
KBA,32.45,2026-04-14T19:21:01Z
KBDC,14.48,2026-04-14T19:59:28Z
KBDU,22.67,2026-04-14T15:10:10Z
KBE,63.35,2026-04-14T19:59:56Z
KBH,51.955,2026-04-14T19:59:51Z
KBON,10.06,2026-04-14T14:05:01Z
KBONU,10.25,2026-04-14T15:17:03Z
KBR,36.36,2026-04-14T19:59:58Z
KBWB,85.66,2026-04-14T19:59:50Z
KBWD,13.165,2026-04-14T19:49:31Z
KBWY,16.38,2026-04-14T19:59:46Z
KC,17.125,2026-04-14T19:59:57Z
KCCA,15.12,2026-04-14T19:09:25Z
KCE,149.385,2026-04-14T18:21:34Z
KCOP,24.78,2026-04-14T18:06:15Z
KD,13.175,2026-04-14T19:59:54Z
KDEF,60.81,2026-04-14T19:57:49Z
KDK,8.1,2026-04-14T19:59:40Z
KDKRW,1.35,2026-04-14T19:51:05Z
KDP,26,2026-04-14T19:59:58Z
KE,26.395,2026-04-14T18:53:19Z
KEAT,34.61,2026-04-14T13:41:18Z
KEEL,2.86,2026-04-14T19:59:58Z
KELYA,9.18,2026-04-14T19:59:31Z
KEMQ,23.91,2026-04-14T15:23:11Z
KEMX,44.88,2026-04-14T18:00:46Z
KEN,82.37,2026-04-14T18:35:59Z
KEP,15.33,2026-04-14T19:59:47Z
KEX,142.495,2026-04-14T19:59:37Z
KEY,21.645,2026-04-14T19:59:54Z
KEY-K,21.36,2026-04-14T18:11:54Z
KEY-L,24.97,2026-04-14T16:59:47Z
KEYS,330.36,2026-04-14T19:59:53Z
KF,52.89,2026-04-14T19:51:28Z
KFFB,4.64,2026-04-14T13:40:10Z
KFRC,29.81,2026-04-14T19:58:16Z
KFS,12.03,2026-04-14T17:38:43Z
KFY,63.255,2026-04-14T19:59:59Z
KG,11.525,2026-04-14T18:00:45Z
KGC,34.015,2026-04-14T19:59:59Z
KGEI,4.99,2026-04-14T19:59:24Z
KGLD,33,2026-04-14T18:36:07Z
KGS,62.19,2026-04-14T19:59:51Z
KHC,22.09,2026-04-14T19:59:59Z
KHPI,25.23,2026-04-14T19:45:59Z
KIDS,17.83,2026-04-14T19:59:55Z
KIDZ,2.21,2026-04-14T19:52:04Z
KIE,56.825,2026-04-14T19:59:55Z
KIM,23.605,2026-04-14T19:59:57Z
KINS,16.63,2026-04-14T19:59:45Z
KIO,11.11,2026-04-14T19:53:10Z
KITT,0.5262,2026-04-14T19:59:18Z
KJAN,43.34,2026-04-14T13:47:09Z
KJUN,28.91,2026-04-14T15:22:12Z
KKR,100.45,2026-04-14T19:59:58Z
KKR-D,43,2026-04-14T16:06:35Z
KKRS,16.86,2026-04-14T19:42:36Z
KKRT,24.68,2026-04-14T15:16:39Z
KLAC,1795.8,2026-04-14T19:59:50Z
KLAG,30.36,2026-04-14T19:27:32Z
KLAR,14.26,2026-04-14T19:59:54Z
KLC,2.99,2026-04-14T19:59:54Z
KLIC,79.89,2026-04-14T19:58:54Z
KLIP,26.385,2026-04-14T19:59:46Z
KLMN,28.52,2026-04-14T19:36:03Z
KLRS,5.8,2026-04-14T19:54:51Z
KLTR,1.085,2026-04-14T19:59:04Z
KLXE,2.21,2026-04-14T19:59:28Z
KMAR,30.45,2026-04-14T17:54:15Z
KMB,97.15,2026-04-14T19:59:43Z
KMDA,8.49,2026-04-14T16:38:32Z
KMI,31.66,2026-04-14T19:59:59Z
KMLI,10.62,2026-04-14T18:14:02Z
KMLM,28.12,2026-04-14T17:30:46Z
KMPB,23.69,2026-04-14T14:35:03Z
KMPR,32.17,2026-04-14T19:59:58Z
KMRK,2.06,2026-04-14T19:57:16Z
KMT,39.15,2026-04-14T19:59:49Z
KMTS,19.75,2026-04-14T19:58:28Z
KMX,41.67,2026-04-14T19:59:58Z
KN,28.955,2026-04-14T19:59:24Z
KNDI,0.849,2026-04-14T19:53:07Z
KNF,88.63,2026-04-14T19:59:35Z
KNG,49.43,2026-04-14T19:59:48Z
KNGZ,37.01,2026-04-14T18:45:29Z
KNOP,10.11,2026-04-14T19:59:25Z
KNRG,25.82,2026-04-14T19:52:31Z
KNRX,1.68,2026-04-14T14:28:33Z
KNSA,46.91,2026-04-14T19:59:44Z
KNSL,350.78,2026-04-14T19:59:54Z
KNTK,47.025,2026-04-14T19:59:50Z
KNX,61.98,2026-04-14T19:59:50Z
KO,75.92,2026-04-14T19:59:59Z
KOD,45.09,2026-04-14T19:59:55Z
KODK,12.38,2026-04-14T19:59:48Z
KOF,102.78,2026-04-14T19:55:08Z
KOID,35.045,2026-04-14T19:59:59Z
KOLD,26.06,2026-04-14T19:59:44Z
KOMP,64.02,2026-04-14T14:36:14Z
KOP,38.42,2026-04-14T19:55:06Z
KOPN,2.73,2026-04-14T19:59:58Z
KORE,9.155,2026-04-14T19:59:54Z
KORU,463.82,2026-04-14T19:59:53Z
KOS,2.51,2026-04-14T19:59:49Z
KOSS,3.91,2026-04-14T19:10:51Z
KOYNW,0.23,2026-04-14T19:06:06Z
KPDD,8.77,2026-04-14T19:59:55Z
KPRX,2.46,2026-04-14T19:59:45Z
KPTI,8.44,2026-04-14T19:58:43Z
KR,67.195,2026-04-14T19:59:54Z
KRC,29.18,2026-04-14T19:59:50Z
KRE,69.3,2026-04-14T19:59:59Z
KREF,6.585,2026-04-14T19:59:52Z
KRG,25.655,2026-04-14T19:59:57Z
KRMA,43.86,2026-04-14T18:24:13Z
KRMD,4.305,2026-04-14T19:56:32Z
KRMN,90.25,2026-04-14T19:59:50Z
KRNT,16.115,2026-04-14T19:59:43Z
KRNY,7.965,2026-04-14T19:59:29Z
KRO,6.5,2026-04-14T19:59:54Z
KROS,11.55,2026-04-14T19:59:50Z
KRP,14.22,2026-04-14T19:59:59Z
KRRO,13.96,2026-04-14T19:59:11Z
KRSP=,10.4,2026-04-14T19:59:23Z
KRT,29.095,2026-04-14T19:56:03Z
KRUS,60.805,2026-04-14T19:58:37Z
KRYS,269.44,2026-04-14T19:58:56Z
KSA,40.26,2026-04-14T19:59:58Z
KSCP,3.41,2026-04-14T19:59:45Z
KSLV,36.85,2026-04-14T18:36:49Z
KSPI,82.34,2026-04-14T19:59:47Z
KSPY,28.16,2026-04-14T17:44:46Z
KSS,13.605,2026-04-14T19:59:56Z
KSTR,20.41,2026-04-14T14:44:22Z
KT,22.75,2026-04-14T19:59:58Z
KTB,73.03,2026-04-14T19:59:52Z
KTCC,2.665,2026-04-14T17:34:42Z
KTEC,14.2,2026-04-14T19:59:50Z
KTF,9.16,2026-04-14T14:38:21Z
KTOS,73.67,2026-04-14T19:59:46Z
KTTA,0.76,2026-04-14T18:37:53Z
KULR,2.38,2026-04-14T19:59:57Z
KURA,9.15,2026-04-14T19:59:45Z
KURE,17.93,2026-04-14T15:01:06Z
KUST,0.8447,2026-04-14T19:58:58Z
KVHI,9.25,2026-04-14T19:59:41Z
KVLE,26.12,2026-04-14T19:14:24Z
KVUE,17.39,2026-04-14T19:59:56Z
KVYO,16.93,2026-04-14T19:59:59Z
KW,10.895,2026-04-14T19:59:38Z
KWEB,29.35,2026-04-14T19:59:53Z
KWIN,25.52,2026-04-14T16:33:52Z
KWM,0.3798,2026-04-14T19:55:02Z
KWR,128.1,2026-04-14T19:56:45Z
KXI,67.21,2026-04-14T17:56:28Z
KYIV,11.82,2026-04-14T19:59:54Z
KYMR,89.83,2026-04-14T19:59:54Z
KYN,13.67,2026-04-14T19:56:56Z
KYNB,7.22,2026-04-14T15:19:15Z
KYTX,9.38,2026-04-14T19:59:45Z
KZIA,9.42,2026-04-14T19:59:45Z
KZR,7.355,2026-04-14T19:59:47Z
L,110.32,2026-04-14T19:59:23Z
LAB,0.8894,2026-04-14T19:59:52Z
LABD,13.475,2026-04-14T19:59:50Z
LABU,198.08,2026-04-14T19:58:44Z
LABX,34.6,2026-04-14T19:42:05Z
LAC,4.42,2026-04-14T19:59:54Z
LAD,281.8,2026-04-14T19:59:47Z
LADR,10.33,2026-04-14T19:59:55Z
LAES,2.615,2026-04-14T19:59:50Z
LAKE,9.44,2026-04-14T19:58:59Z
LAMR,134.55,2026-04-14T19:59:46Z
LAND,10.64,2026-04-14T19:59:48Z
LANDO,20.86,2026-04-14T18:54:48Z
LAR,7.985,2026-04-14T19:59:59Z
LASE,1.05,2026-04-14T19:58:47Z
LASR,66.81,2026-04-14T19:59:39Z
LAUR,33.18,2026-04-14T19:59:51Z
LAW,3.77,2026-04-14T19:59:56Z
LAYS,52.5,2026-04-14T19:01:51Z
LAZ,50.07,2026-04-14T19:59:50Z
LB,66.18,2026-04-14T19:57:16Z
LBO,24.84,2026-04-14T18:51:49Z
LBRDA,50.79,2026-04-14T19:43:40Z
LBRDK,50.31,2026-04-14T19:59:53Z
LBRT,27.245,2026-04-14T19:59:58Z
LBRX,26.515,2026-04-14T19:59:59Z
LBTYA,12.49,2026-04-14T19:59:57Z
LBTYB,14.4,2026-04-14T14:15:24Z
LBTYK,12.045,2026-04-14T19:59:56Z
LC,15.845,2026-04-14T19:59:49Z
LCDL,1.895,2026-04-14T19:59:25Z
LCID,8.81,2026-04-14T19:59:59Z
LCII,127.915,2026-04-14T19:59:41Z
LCNB,16.98,2026-04-14T17:25:31Z
LCTX,1.59,2026-04-14T19:59:53Z
LCUT,7.545,2026-04-14T19:58:23Z
LDI,1.49,2026-04-14T19:59:49Z
LDOS,156.16,2026-04-14T19:59:50Z
LDP,20.8,2026-04-14T19:53:11Z
LDRT,25.22,2026-04-14T19:54:27Z
LDUR,95.735,2026-04-14T19:55:26Z
LE,11.41,2026-04-14T19:59:53Z
LEA,122.4,2026-04-14T19:59:41Z
LECO,262.3,2026-04-14T19:59:50Z
LEE,8.42,2026-04-14T19:55:06Z
LEG,11.49,2026-04-14T19:59:57Z
LEGH,21.59,2026-04-14T19:59:15Z
LEGN,18.695,2026-04-14T19:59:52Z
LEMB,42.385,2026-04-14T19:59:42Z
LEN,88.86,2026-04-14T19:59:49Z
LEN.B,86.955,2026-04-14T18:38:06Z
LENZ,9.915,2026-04-14T19:59:55Z
LEO,6.39,2026-04-14T16:16:26Z
LESL,1.415,2026-04-14T19:58:05Z
LEU,193.075,2026-04-14T19:59:33Z
LEUX,21.77,2026-04-14T13:39:51Z
LEVI,22.39,2026-04-14T19:59:59Z
LEXI,37.52,2026-04-14T19:43:50Z
LEXX,0.99,2026-04-14T18:39:02Z
LFCR,5.18,2026-04-14T19:59:58Z
LFGY,22.95,2026-04-14T17:58:09Z
LFMD,3.76,2026-04-14T19:59:55Z
LFS,2.05,2026-04-14T19:59:09Z
LFST,6.52,2026-04-14T19:59:59Z
LFT,1.275,2026-04-14T19:53:56Z
LFUS,387.6,2026-04-14T19:58:54Z
LFVN,4.13,2026-04-14T19:59:52Z
LFWD,6.52,2026-04-14T15:30:21Z
LGCY,13.78,2026-04-14T19:59:42Z
LGHL,0.95,2026-04-14T19:42:44Z
LGI,17.05,2026-04-14T13:38:34Z
LGIH,40.5,2026-04-14T19:59:41Z
LGLV,181.71,2026-04-14T14:45:06Z
LGN,66.03,2026-04-14T19:59:58Z
LGND,232.11,2026-04-14T19:59:36Z
LGO,1.29,2026-04-14T19:54:14Z
LGOV,21.79,2026-04-14T19:52:13Z
LGVN,1.1,2026-04-14T19:59:54Z
LH,268.88,2026-04-14T19:59:59Z
LHAI,1.17,2026-04-14T19:27:35Z
LHSW,0.1786,2026-04-14T19:59:47Z
LHX,355.43,2026-04-14T19:59:56Z
LI,18.73,2026-04-14T19:59:54Z
LIDR,1.655,2026-04-14T19:59:15Z
LIEN,9.41,2026-04-14T19:21:54Z
LIF,39.785,2026-04-14T19:59:49Z
LIFE,14.75,2026-04-14T19:59:50Z
LII,520.595,2026-04-14T19:59:46Z
LILA,8.11,2026-04-14T19:59:54Z
LILAK,8.29,2026-04-14T19:59:56Z
LIMN,0.1775,2026-04-14T19:59:50Z
LIN,499.67,2026-04-14T19:59:49Z
LINC,39.73,2026-04-14T19:58:57Z
LIND,19.99,2026-04-14T19:59:50Z
LINE,35.85,2026-04-14T19:59:53Z
LINT,64.39,2026-04-14T18:44:51Z
LION,11.09,2026-04-14T19:59:58Z
LIT,80.53,2026-04-14T19:59:15Z
LITE,852.83,2026-04-14T19:59:58Z
LITP,15.06,2026-04-14T19:16:16Z
LITS,1.15,2026-04-14T19:30:46Z
LITX,41.45,2026-04-14T19:57:20Z
LIVN,64.94,2026-04-14T19:59:54Z
LKFN,60.755,2026-04-14T19:59:22Z
LKQ,30.31,2026-04-14T19:59:49Z
LLY,922.68,2026-04-14T19:59:55Z
LLYVA,98.28,2026-04-14T19:32:45Z
LLYVK,100.58,2026-04-14T19:07:32Z
LLYX,17.54,2026-04-14T17:51:25Z
LMAT,117.43,2026-04-14T19:59:15Z
LMB,88.165,2026-04-14T19:54:54Z
LMBS,50.105,2026-04-14T19:59:51Z
LMFA,0.287,2026-04-14T19:55:50Z
LMND,62.47,2026-04-14T19:59:53Z
LMNR,13.23,2026-04-14T19:59:46Z
LMNX,17.65,2026-04-14T19:59:23Z
LMRI,10,2026-04-14T19:59:58Z
LMT,611.65,2026-04-14T19:59:58Z
LMUB,50.73,2026-04-14T19:54:35Z
LNAI,0.3391,2026-04-14T19:58:00Z
LNC,35.35,2026-04-14T19:59:53Z
LNC-D,26.56,2026-04-14T19:02:23Z
LND,4.13,2026-04-14T19:39:51Z
LNG,259.62,2026-04-14T19:59:41Z
LNGX,42.45,2026-04-14T19:41:03Z
LNKB,8.87,2026-04-14T19:59:50Z
LNKS,1.98,2026-04-14T19:57:41Z
LNN,112.38,2026-04-14T19:55:18Z
LNOK,47.64,2026-04-14T17:14:00Z
LNSR,6.05,2026-04-14T19:38:30Z
LNT,72.295,2026-04-14T19:59:56Z
LNTH,82.72,2026-04-14T19:59:57Z
LNZA,38.135,2026-04-14T19:58:40Z
LOAN,4.63,2026-04-14T19:53:51Z
LOAR,67.185,2026-04-14T19:59:50Z
LOB,36.535,2026-04-14T19:59:49Z
LOBO,0.6046,2026-04-14T19:37:46Z
LOCO,13.88,2026-04-14T19:59:51Z
LOCT,23.89,2026-04-14T17:00:41Z
LODE,3.04,2026-04-14T19:59:12Z
LODI,25.26,2026-04-14T14:51:18Z
LOGI,95.96,2026-04-14T19:59:50Z
LOMA,11.6,2026-04-14T19:59:49Z
LONA,9.27,2026-04-14T19:09:48Z
LOPE,168.68,2026-04-14T19:51:11Z
LOT,1.3,2026-04-14T16:03:33Z
LOTI,25.93,2026-04-14T19:03:57Z
LOUP,77.965,2026-04-14T17:02:51Z
LOVE,16.46,2026-04-14T19:59:56Z
LOW,248.44,2026-04-14T19:59:54Z
LPA,3.72,2026-04-14T19:39:46Z
LPCN,2.48,2026-04-14T19:53:28Z
LPG,34.56,2026-04-14T19:57:41Z
LPL,4.57,2026-04-14T19:59:55Z
LPLA,322.395,2026-04-14T19:59:44Z
LPRE,27.8,2026-04-14T18:35:37Z
LPRO,1.595,2026-04-14T19:59:51Z
LPSN,2.98,2026-04-14T19:39:43Z
LPTH,14.3,2026-04-14T19:59:56Z
LPX,75.245,2026-04-14T19:59:44Z
LQD,109.98,2026-04-14T19:59:58Z
LQDA,38.67,2026-04-14T19:59:37Z
LQDH,92.92,2026-04-14T14:23:56Z
LQDT,33.06,2026-04-14T19:59:47Z
LQDW,24.11,2026-04-14T19:50:15Z
LQTI,19.65,2026-04-14T13:47:36Z
LRCU,49.75,2026-04-14T19:33:47Z
LRCX,272.415,2026-04-14T19:59:54Z
LRGE,80.75,2026-04-14T15:37:11Z
LRGF,70.1,2026-04-14T19:58:11Z
LRHC,0.4357,2026-04-14T19:56:58Z
LRMR,4.865,2026-04-14T19:59:54Z
LRN,93.54,2026-04-14T19:59:51Z
LSAF,48.31,2026-04-14T18:14:02Z
LSAK,4.9,2026-04-14T19:51:04Z
LSBK,15.68,2026-04-14T19:58:09Z
LSCC,110.81,2026-04-14T19:59:47Z
LSF,2.42,2026-04-14T19:59:48Z
LSGR,42.66,2026-04-14T19:59:46Z
LSH,0.9117,2026-04-14T15:36:21Z
LSPD,9.07,2026-04-14T19:59:40Z
LST,43.15,2026-04-14T19:34:40Z
LSTA,4.4,2026-04-14T19:18:06Z
LSTR,169.46,2026-04-14T19:59:03Z
LTBR,11.855,2026-04-14T19:59:52Z
LTC,39.4,2026-04-14T19:59:27Z
LTH,27.97,2026-04-14T19:59:59Z
LTM,54.1,2026-04-14T19:59:43Z
LTPZ,52.07,2026-04-14T17:27:07Z
LTRN,2.335,2026-04-14T19:59:55Z
LTRX,5.88,2026-04-14T19:59:39Z
LU,1.95,2026-04-14T19:57:01Z
LUCD,1.36,2026-04-14T19:59:55Z
LUCK,8.24,2026-04-14T19:59:51Z
LUCY,1.065,2026-04-14T18:24:35Z
LUD,4.56,2026-04-14T19:54:37Z
LULU,160.62,2026-04-14T19:59:51Z
LUMN,7.81,2026-04-14T19:59:56Z
LUNG,1.41,2026-04-14T19:59:53Z
LUNL,17.69,2026-04-14T19:56:18Z
LUNR,23.65,2026-04-14T19:59:58Z
LUV,41.27,2026-04-14T19:59:52Z
LUXE,8.55,2026-04-14T19:59:06Z
LVHD,42.92,2026-04-14T19:59:50Z
LVHI,41.13,2026-04-14T19:59:46Z
LVO,4.3,2026-04-14T19:58:54Z
LVS,55.53,2026-04-14T19:59:57Z
LVWR,1.8,2026-04-14T19:59:41Z
LW,43.735,2026-04-14T19:59:51Z
LWAY,24.835,2026-04-14T19:59:23Z
LWLG,12.22,2026-04-14T19:59:54Z
LX,2.25,2026-04-14T19:59:55Z
LXEH,0.1852,2026-04-14T19:56:00Z
LXEO,6.685,2026-04-14T19:59:57Z
LXFR,13.335,2026-04-14T19:59:05Z
LXP,49.9,2026-04-14T19:59:54Z
LXRX,1.75,2026-04-14T19:55:50Z
LXU,13.835,2026-04-14T19:59:47Z
LYB,73.26,2026-04-14T19:59:51Z
LYEL,23.32,2026-04-14T19:59:50Z
LYFT,13.72,2026-04-14T19:59:56Z
LYG,5.59,2026-04-14T19:59:56Z
LYTS,19.25,2026-04-14T19:59:18Z
LYV,166.32,2026-04-14T19:59:55Z
LZ,6.02,2026-04-14T19:59:59Z
LZB,34.085,2026-04-14T19:59:49Z
LZM,3.815,2026-04-14T19:59:31Z
LZMH,1.185,2026-04-14T19:58:01Z
M,19.095,2026-04-14T19:59:59Z
MA,513.065,2026-04-14T19:59:48Z
MAA,126.28,2026-04-14T19:59:46Z
MAAS,6.19,2026-04-14T14:49:56Z
MAC,21.44,2026-04-14T19:59:56Z
MAGN,10.71,2026-04-14T19:59:50Z
MAGS,63.605,2026-04-14T19:58:25Z
MAGY,46.13,2026-04-14T15:45:50Z
MAIA,1.38,2026-04-14T19:59:47Z
MAIN,56.39,2026-04-14T19:58:47Z
MAKO,7.6,2026-04-14T19:59:51Z
MAMA,15.75,2026-04-14T19:59:50Z
MAN,29.255,2026-04-14T19:59:49Z
MANE,75.06,2026-04-14T19:59:13Z
MANH,126.56,2026-04-14T19:59:36Z
MANU,17.91,2026-04-14T19:59:47Z
MAPS,0.3528,2026-04-14T19:59:55Z
MAR,366.63,2026-04-14T19:59:58Z
MARA,10.49,2026-04-14T19:59:57Z
MARO,6.18,2026-04-14T19:59:50Z
MARPS,5.08,2026-04-14T17:42:36Z
MARS,30.47,2026-04-14T19:54:56Z
MAS,64.925,2026-04-14T19:59:50Z
MASI,178.41,2026-04-14T19:59:29Z
MASK,1.69,2026-04-14T19:58:44Z
MASS,7.34,2026-04-14T19:59:46Z
MAT,14.54,2026-04-14T19:59:58Z
MATH,1.31,2026-04-14T17:59:58Z
MATV,9.27,2026-04-14T19:59:55Z
MATW,27.06,2026-04-14T19:49:59Z
MATX,170.95,2026-04-14T19:55:17Z
MAX,9.4,2026-04-14T19:58:17Z
MAXN,1.54,2026-04-14T19:59:47Z
MAYW,34.12,2026-04-14T17:30:39Z
MAZE,27.665,2026-04-14T19:59:48Z
MBAI,1.76,2026-04-14T19:59:45Z
MBAV,10.83,2026-04-14T14:48:59Z
MBB,95.455,2026-04-14T19:59:47Z
MBC,8.725,2026-04-14T19:59:58Z
MBI,5.83,2026-04-14T19:59:50Z
MBIN,47.67,2026-04-14T19:55:45Z
MBINL,24.21,2026-04-14T13:59:40Z
MBIO,0.7299,2026-04-14T15:30:18Z
MBLY,7.63,2026-04-14T19:59:56Z
MBOT,2.43,2026-04-14T19:59:57Z
MBRX,2.485,2026-04-14T19:54:54Z
MBSF,25.64,2026-04-14T18:14:00Z
MBUU,26.42,2026-04-14T19:59:56Z
MBVIW,0.345,2026-04-14T17:49:13Z
MBWM,53.62,2026-04-14T19:59:50Z
MBX,32.845,2026-04-14T19:59:45Z
MC,66.37,2026-04-14T19:59:48Z
MCB,90,2026-04-14T19:57:52Z
MCBS,31.23,2026-04-14T19:57:04Z
MCD,303.23,2026-04-14T19:59:53Z
MCFT,22.475,2026-04-14T19:58:58Z
MCGA,10.155,2026-04-14T14:28:55Z
MCHB,14.945,2026-04-14T19:59:41Z
MCHI,58.01,2026-04-14T19:59:59Z
MCHP,74.53,2026-04-14T19:59:57Z
MCHPP,64.81,2026-04-14T19:59:06Z
MCI,17.76,2026-04-14T19:59:09Z
MCK,863.23,2026-04-14T19:59:38Z
MCN,5.95,2026-04-14T19:00:57Z
MCO,438.18,2026-04-14T19:59:49Z
MCRB,8.62,2026-04-14T19:59:43Z
MCRI,98.73,2026-04-14T19:32:52Z
MCRP,2.56,2026-04-14T14:27:36Z
MCS,19.34,2026-04-14T19:58:58Z
MCW,7.005,2026-04-14T19:59:35Z
MCY,93.45,2026-04-14T19:59:55Z
MD,22.62,2026-04-14T19:59:25Z
MDA,33.5,2026-04-14T19:59:40Z
MDAI,2.01,2026-04-14T19:58:23Z
MDAIW,0.65,2026-04-14T19:59:06Z
MDB,233.61,2026-04-14T19:59:58Z
MDCX,0.4124,2026-04-14T19:55:34Z
MDGL,524.99,2026-04-14T19:59:23Z
MDIV,16.42,2026-04-14T16:37:19Z
MDLN,47.67,2026-04-14T19:59:54Z
MDLZ,57.82,2026-04-14T19:59:57Z
MDST,28.04,2026-04-14T14:15:04Z
MDT,88.1,2026-04-14T19:59:57Z
MDU,22,2026-04-14T19:59:52Z
MDV,15.53,2026-04-14T19:58:06Z
MDWD,17.72,2026-04-14T19:59:28Z
MDXG,3.91,2026-04-14T19:59:58Z
MDXH,2.28,2026-04-14T19:59:47Z
MDY,653.28,2026-04-14T19:59:59Z
MDYV,89.35,2026-04-14T19:57:40Z
MEAR,50.3,2026-04-14T19:38:07Z
MEC,20.74,2026-04-14T19:59:10Z
MED,10.86,2026-04-14T19:59:50Z
MEDP,519.645,2026-04-14T19:59:48Z
MEG,21.65,2026-04-14T19:59:26Z
MEGI,15.2,2026-04-14T19:53:52Z
MEGL,1.11,2026-04-14T19:55:59Z
MEHA,0.1217,2026-04-14T19:58:14Z
MEI,7.415,2026-04-14T19:59:44Z
MELI,1840.12,2026-04-14T19:59:47Z
MEM,40.42,2026-04-14T15:22:51Z
MEME,8.26,2026-04-14T19:55:40Z
MENS,2.725,2026-04-14T16:30:53Z
MEOH,56.93,2026-04-14T19:59:49Z
MER-K,25.52,2026-04-14T19:51:54Z
MERC,1.135,2026-04-14T19:59:52Z
MESO,14.62,2026-04-14T19:59:30Z
MET,76.05,2026-04-14T19:59:50Z
MET-F,19.245,2026-04-14T18:58:12Z
META,662.38,2026-04-14T19:59:59Z
METC,13.235,2026-04-14T19:59:58Z
METCB,10.105,2026-04-14T17:57:06Z
METD,15.23,2026-04-14T19:59:59Z
METL,29.78,2026-04-14T14:25:24Z
METU,29.71,2026-04-14T19:59:51Z
METV,17.085,2026-04-14T17:36:07Z
METW,32.06,2026-04-14T17:29:48Z
MFA,10.08,2026-04-14T19:59:56Z
MFA-C,23.26,2026-04-14T18:24:28Z
MFAN,25.49,2026-04-14T18:23:04Z
MFC,37.86,2026-04-14T19:59:57Z
MFDX,42.075,2026-04-14T19:12:41Z
MFG,8.68,2026-04-14T19:59:58Z
MFI,14,2026-04-14T19:33:36Z
MFIC,11.72,2026-04-14T19:59:55Z
MFIN,9.04,2026-04-14T18:45:10Z
MFLX,17.15,2026-04-14T15:50:44Z
MFM,5.45,2026-04-14T19:36:40Z
MFMO,20.91,2026-04-14T16:19:58Z
MFSB,25.155,2026-04-14T19:27:38Z
MFSI,31.61,2026-04-14T19:59:53Z
MFSM,25.08,2026-04-14T16:51:53Z
MFSV,27.55,2026-04-14T19:54:00Z
MFVL,19.97,2026-04-14T17:33:32Z
MG,17.11,2026-04-14T19:59:04Z
MGA,57.81,2026-04-14T19:59:55Z
MGC,253.15,2026-04-14T19:27:26Z
MGEE,79.62,2026-04-14T17:08:30Z
MGIH,1.46,2026-04-14T15:08:42Z
MGK,401.03,2026-04-14T19:58:30Z
MGM,36.72,2026-04-14T19:59:54Z
MGN,0.2319,2026-04-14T19:16:17Z
MGNI,12.46,2026-04-14T19:59:56Z
MGNR,53.61,2026-04-14T19:58:22Z
MGNX,3.51,2026-04-14T19:59:48Z
MGPI,19.72,2026-04-14T19:59:39Z
MGR,20.25,2026-04-14T16:46:16Z
MGRB,16.63,2026-04-14T17:32:11Z
MGRC,114.44,2026-04-14T19:54:13Z
MGRE,23.47,2026-04-14T19:20:57Z
MGRT,73.3,2026-04-14T19:59:45Z
MGRX,0.383,2026-04-14T19:59:33Z
MGTX,11.31,2026-04-14T19:59:53Z
MGV,149.74,2026-04-14T19:57:55Z
MGX,1.42,2026-04-14T19:59:58Z
MGY,28.61,2026-04-14T19:59:56Z
MH,13.46,2026-04-14T19:59:47Z
MHD,11.85,2026-04-14T19:59:53Z
MHF,6.96,2026-04-14T19:52:07Z
MHK,105.7,2026-04-14T19:59:52Z
MHO,124.035,2026-04-14T19:59:48Z
MIAX,42.88,2026-04-14T19:59:54Z
MICC,14.1,2026-04-14T19:59:42Z
MIDD,142.92,2026-04-14T19:59:57Z
MIDU,61.93,2026-04-14T15:43:26Z
MIGI,6.15,2026-04-14T19:58:03Z
MIMI,0.5275,2026-04-14T19:59:56Z
MIN,2.46,2026-04-14T13:32:12Z
MIND,8.9,2026-04-14T19:14:20Z
MINE,3.3,2026-04-14T14:39:24Z
MINN,22.44,2026-04-14T18:25:39Z
MINO,45.47,2026-04-14T19:59:50Z
MINT,100.46,2026-04-14T19:59:55Z
MINV,43.42,2026-04-14T16:47:36Z
MINY,45.96,2026-04-14T17:36:09Z
MIR,19.75,2026-04-14T19:59:54Z
MIRM,96.81,2026-04-14T19:59:38Z
MISL,47.715,2026-04-14T13:32:44Z
MIST,2.04,2026-04-14T19:59:58Z
MITK,14.505,2026-04-14T19:59:54Z
MITQ,0.5975,2026-04-14T19:58:08Z
MITT,7.89,2026-04-14T19:59:00Z
MITT-C,24.9,2026-04-14T15:22:05Z
MIY,12.05,2026-04-14T13:30:06Z
MJ,24.65,2026-04-14T15:11:57Z
MKC,53.85,2026-04-14T19:59:54Z
MKL,1964.775,2026-04-14T19:59:38Z
MKLY,10.07,2026-04-14T15:37:31Z
MKOR,51.265,2026-04-14T19:57:41Z
MKSI,274.04,2026-04-14T19:59:58Z
MKTX,170.99,2026-04-14T19:59:41Z
MLAA,9.9,2026-04-14T13:51:28Z
MLAAU,10.08,2026-04-14T13:50:00Z
MLAAW,0.3975,2026-04-14T14:44:26Z
MLAB,99.07,2026-04-14T19:59:59Z
MLCI,4.14,2026-04-14T18:42:09Z
MLCO,5.68,2026-04-14T19:59:55Z
MLEC,8.185,2026-04-14T14:26:56Z
MLGO,3.63,2026-04-14T19:16:34Z
MLI,123.77,2026-04-14T19:59:51Z
MLKN,16.205,2026-04-14T19:59:34Z
MLM,630.82,2026-04-14T19:59:54Z
MLN,17.645,2026-04-14T19:55:35Z
MLP,16.03,2026-04-14T19:51:16Z
MLPA,52.95,2026-04-14T19:59:46Z
MLPB,27.92,2026-04-14T19:22:06Z
MLPD,24.95,2026-04-14T18:44:49Z
MLPI,54.92,2026-04-14T19:59:48Z
MLPX,71.21,2026-04-14T19:57:09Z
MLR,48.545,2026-04-14T19:58:26Z
MLSS,0.2901,2026-04-14T14:58:01Z
MLTX,18.77,2026-04-14T19:59:49Z
MLYS,27.29,2026-04-14T19:59:16Z
MMA,0.4895,2026-04-14T19:59:47Z
MMAX,26.77,2026-04-14T16:13:36Z
MMCA,21.8,2026-04-14T19:54:14Z
MMD,15.29,2026-04-14T16:56:15Z
MMED,15.2,2026-04-14T19:59:22Z
MMI,27.02,2026-04-14T19:58:48Z
MMIN,24.02,2026-04-14T15:07:24Z
MMIT,24.325,2026-04-14T19:55:31Z
MMM,152.57,2026-04-14T19:59:56Z
MMS,68.11,2026-04-14T19:59:36Z
MMSI,70.58,2026-04-14T19:57:59Z
MMT,4.635,2026-04-14T16:51:38Z
MMU,10.49,2026-04-14T19:59:58Z
MMYT,44.59,2026-04-14T19:59:55Z
MNDY,61.66,2026-04-14T19:59:53Z
MNKD,2.725,2026-04-14T19:59:51Z
MNOV,1.425,2026-04-14T19:59:31Z
MNPR,57.78,2026-04-14T19:59:40Z
MNR,12.66,2026-04-14T19:59:52Z
MNRO,16.84,2026-04-14T19:59:05Z
MNSB,23.09,2026-04-14T13:49:36Z
MNSO,16,2026-04-14T19:59:59Z
MNST,75.045,2026-04-14T19:59:57Z
MNTK,1.18,2026-04-14T19:59:46Z
MNTN,9.06,2026-04-14T19:59:53Z
MNTS,4.97,2026-04-14T19:59:46Z
MNZL,53.25,2026-04-14T18:30:58Z
MO,65.65,2026-04-14T19:59:59Z
MOAT,100.25,2026-04-14T19:59:55Z
MOB,4.855,2026-04-14T19:59:53Z
MOBX,2.615,2026-04-14T19:58:59Z
MOD,253.8,2026-04-14T19:59:48Z
MODD,4.785,2026-04-14T19:15:04Z
MODL,47.49,2026-04-14T17:12:14Z
MOG.A,312.84,2026-04-14T19:59:00Z
MOH,147.54,2026-04-14T19:59:40Z
MOMO,6.105,2026-04-14T19:59:48Z
MOO,84.715,2026-04-14T19:55:38Z
MORN,172.2,2026-04-14T19:59:53Z
MORT,10.43,2026-04-14T19:38:28Z
MOS,23.93,2026-04-14T19:59:57Z
MOTI,35.835,2026-04-14T15:19:41Z
MOV,27.25,2026-04-14T19:56:52Z
MOVE,16.15,2026-04-14T19:23:34Z
MP,57.38,2026-04-14T19:59:54Z
MPA,11.36,2026-04-14T17:31:26Z
MPAA,11.495,2026-04-14T19:58:06Z
MPB,33.775,2026-04-14T19:59:46Z
MPC,224.02,2026-04-14T19:59:46Z
MPG,7.05,2026-04-14T18:46:18Z
MPL,19.37,2026-04-14T18:24:01Z
MPLT,27.03,2026-04-14T19:59:42Z
MPLX,55.13,2026-04-14T19:59:51Z
MPT,5.01,2026-04-14T19:59:56Z
MPTI,67.41,2026-04-14T19:52:44Z
MPTI^,1.61,2026-04-14T19:55:45Z
MPV,17.74,2026-04-14T19:39:43Z
MPWR,1360.73,2026-04-14T19:58:41Z
MPX,7.7,2026-04-14T19:54:30Z
MQ,4.055,2026-04-14T19:59:54Z
MQY,11.54,2026-04-14T19:59:27Z
MRAL,4.62,2026-04-14T19:58:06Z
MRAM,11.595,2026-04-14T19:59:48Z
MRBK,20.48,2026-04-14T19:59:59Z
MRCC,5.15,2026-04-14T19:24:45Z
MRCY,83.89,2026-04-14T19:58:45Z
MREO,0.3291,2026-04-14T19:59:44Z
MRK,119.955,2026-04-14T19:59:59Z
MRKR,1.565,2026-04-14T19:59:52Z
MRLN,10.83,2026-04-14T19:58:52Z
MRNA,52.85,2026-04-14T19:59:54Z
MRNO,0.5381,2026-04-14T14:09:19Z
MRNY,18.4,2026-04-14T19:59:52Z
MRP,30.795,2026-04-14T19:59:51Z
MRSH,172.83,2026-04-14T19:59:54Z
MRTN,14.13,2026-04-14T19:59:47Z
MRVI,3.275,2026-04-14T19:59:53Z
MRVL,133.83,2026-04-14T19:59:59Z
MRVU,60.41,2026-04-14T19:13:07Z
MRX,53.205,2026-04-14T19:59:52Z
MS,183.28,2026-04-14T19:59:49Z
MS-E,25.29,2026-04-14T16:13:44Z
MS-I,25.17,2026-04-14T19:49:32Z
MS-K,24,2026-04-14T17:57:28Z
MS-L,20.485,2026-04-14T18:57:46Z
MS-O,17.52,2026-04-14T18:39:14Z
MS-P,25.27,2026-04-14T19:53:04Z
MSA,171.71,2026-04-14T19:59:43Z
MSAI,5.79,2026-04-14T19:59:51Z
MSB,32.61,2026-04-14T18:03:48Z
MSBI,23.72,2026-04-14T19:59:43Z
MSBT,21.375,2026-04-14T18:34:59Z
MSCI,545.57,2026-04-14T19:59:52Z
MSD,7.425,2026-04-14T19:53:00Z
MSDL,15.045,2026-04-14T19:59:55Z
MSEX,51.985,2026-04-14T19:56:44Z
MSFD,13.9,2026-04-14T19:55:00Z
MSFL,17.04,2026-04-14T19:52:40Z
MSFO,12.07,2026-04-14T19:59:15Z
MSFT,393.02,2026-04-14T19:59:59Z
MSFU,25.805,2026-04-14T19:59:59Z
MSFX,17.13,2026-04-14T16:56:49Z
MSFY,17.99,2026-04-14T15:27:21Z
MSGE,62.01,2026-04-14T19:57:51Z
MSGM,3.93,2026-04-14T19:19:22Z
MSGS,339.105,2026-04-14T19:59:41Z
MSGY,0.56,2026-04-14T14:11:15Z
MSI,440.16,2026-04-14T19:59:48Z
MSIF,12.675,2026-04-14T19:59:52Z
MSLC,55.28,2026-04-14T19:52:40Z
MSLE,7.26,2026-04-14T19:59:35Z
MSM,95.69,2026-04-14T19:59:45Z
MSOS,3.88,2026-04-14T19:59:36Z
MSOX,2.465,2026-04-14T19:59:21Z
MSS,0.14,2026-04-14T19:32:53Z
MST,24.41,2026-04-14T14:46:15Z
MSTI,20.51,2026-04-14T19:28:43Z
MSTP,1.72,2026-04-14T19:55:01Z
MSTR,137.41,2026-04-14T19:59:59Z
MSTU,5.03,2026-04-14T19:59:50Z
MSTW,6.8,2026-04-14T19:59:50Z
MSTX,23.15,2026-04-14T19:59:57Z
MSTY,22.4,2026-04-14T19:59:54Z
MSTZ,9.99,2026-04-14T19:59:49Z
MT,62.045,2026-04-14T19:59:54Z
MTA,6.98,2026-04-14T19:59:56Z
MTAL,10.17,2026-04-14T19:57:48Z
MTB,220.485,2026-04-14T19:59:46Z
MTB-H,24.93,2026-04-14T16:28:54Z
MTBA,49.895,2026-04-14T19:59:25Z
MTC,8.47,2026-04-14T19:58:58Z
MTCH,33.585,2026-04-14T19:59:54Z
MTD,1341.78,2026-04-14T19:59:48Z
MTDR,57.3,2026-04-14T19:59:23Z
MTEK,1.49,2026-04-14T19:19:55Z
MTEN,1.205,2026-04-14T19:58:51Z
MTEX,4.79,2026-04-14T19:59:24Z
MTG,27.29,2026-04-14T19:59:59Z
MTGP,44.59,2026-04-14T18:21:12Z
MTH,66.64,2026-04-14T19:59:49Z
MTLS,5.21,2026-04-14T19:59:04Z
MTN,129.185,2026-04-14T19:59:53Z
MTRN,165.49,2026-04-14T19:59:39Z
MTRX,12.15,2026-04-14T19:59:28Z
MTSI,264.05,2026-04-14T19:59:48Z
MTUM,270.235,2026-04-14T19:59:56Z
MTUS,17.54,2026-04-14T19:59:52Z
MTW,13.43,2026-04-14T19:59:22Z
MTX,72.78,2026-04-14T19:55:53Z
MTZ,366,2026-04-14T19:59:54Z
MU,465.39,2026-04-14T19:59:59Z
MUA,10.72,2026-04-14T16:16:35Z
MUB,107.075,2026-04-14T19:59:47Z
MUC,10.77,2026-04-14T19:59:54Z
MUD,31.01,2026-04-14T19:59:57Z
MUFG,18.18,2026-04-14T19:59:55Z
MUJ,12.06,2026-04-14T19:57:42Z
MULL,195.185,2026-04-14T19:57:20Z
MUNI,52.46,2026-04-14T19:59:39Z
MUNY,103.34,2026-04-14T18:59:41Z
MUR,37.61,2026-04-14T19:59:53Z
MUSA,497.855,2026-04-14T19:59:41Z
MUST,20.52,2026-04-14T19:57:30Z
MUU,221.88,2026-04-14T19:57:25Z
MUX,24.76,2026-04-14T19:59:40Z
MUYY,25.28,2026-04-14T14:38:42Z
MVBF,26.37,2026-04-14T19:50:12Z
MVIS,0.644,2026-04-14T19:59:48Z
MVLL,46.18,2026-04-14T19:59:50Z
MVO,3.255,2026-04-14T19:59:40Z
MVRL,14.59,2026-04-14T19:31:30Z
MVST,1.74,2026-04-14T19:59:59Z
MVV,80.28,2026-04-14T18:15:55Z
MWA,30.19,2026-04-14T19:59:52Z
MWH,33.98,2026-04-14T19:59:54Z
MWYN,0.6236,2026-04-14T17:22:43Z
MX,3.095,2026-04-14T19:59:02Z
MXCT,0.8811,2026-04-14T19:59:10Z
MXF,21.89,2026-04-14T19:22:54Z
MXL,21.55,2026-04-14T19:59:58Z
MYCH,24.97,2026-04-14T16:54:42Z
MYCJ,24.87,2026-04-14T16:31:56Z
MYE,22.13,2026-04-14T19:59:54Z
MYGN,4.93,2026-04-14T19:59:59Z
MYHD,25.02,2026-04-14T19:32:07Z
MYI,11.12,2026-04-14T19:58:50Z
MYLD,29.29,2026-04-14T16:03:42Z
MYMH,24.6,2026-04-14T18:36:44Z
MYN,9.95,2026-04-14T19:50:18Z
MYND,0.3549,2026-04-14T19:59:48Z
MYO,0.7733,2026-04-14T19:57:45Z
MYPS,0.4609,2026-04-14T19:59:48Z
MYRG,321.905,2026-04-14T19:57:01Z
MYSE,1.45,2026-04-14T15:21:51Z
MYSZ,0.665,2026-04-14T14:18:11Z
MYXXU,9.99,2026-04-14T19:56:44Z
MZTI,142.385,2026-04-14T19:59:38Z
MZZ,6.67,2026-04-14T15:01:24Z
NA,3.31,2026-04-14T19:51:16Z
NABL,4.67,2026-04-14T19:59:51Z
NAC,11.755,2026-04-14T19:54:19Z
NAD,11.915,2026-04-14T19:59:26Z
NAGE,4.69,2026-04-14T19:59:55Z
NAIL,44.05,2026-04-14T19:59:16Z
NAK,1.9,2026-04-14T19:58:45Z
NAKA,0.236,2026-04-14T19:59:53Z
NAMM,2.14,2026-04-14T19:59:11Z
NAMS,34.47,2026-04-14T19:59:54Z
NAN,11.48,2026-04-14T19:52:05Z
NANC,45.65,2026-04-14T18:11:49Z
NANR,83.84,2026-04-14T18:21:27Z
NASA,28.855,2026-04-14T19:59:10Z
NAT,5.705,2026-04-14T19:59:56Z
NATH,101.115,2026-04-14T16:01:07Z
NATL,44.32,2026-04-14T19:59:59Z
NATR,26.765,2026-04-14T19:50:03Z
NAUG,30.22,2026-04-14T18:19:27Z
NAUT,3.05,2026-04-14T19:59:58Z
NAVI,8.29,2026-04-14T19:59:53Z
NAVN,13.855,2026-04-14T19:59:55Z
NAZ,12.75,2026-04-14T19:14:58Z
NB,4.99,2026-04-14T19:59:55Z
NBB,15.94,2026-04-14T17:35:50Z
NBBK,22.57,2026-04-14T19:59:15Z
NBCR,31.53,2026-04-14T14:51:18Z
NBFR,25.16,2026-04-14T19:09:27Z
NBH,10.19,2026-04-14T19:02:58Z
NBHC,41.96,2026-04-14T19:59:49Z
NBIE,26.02,2026-04-14T19:02:26Z
NBIG,17.24,2026-04-14T19:59:46Z
NBIL,24.64,2026-04-14T19:50:09Z
NBIS,161.88,2026-04-14T19:59:51Z
NBIX,130.79,2026-04-14T19:59:51Z
NBIZ,3.96,2026-04-14T19:58:29Z
NBN,122.985,2026-04-14T19:59:31Z
NBOS,27.31,2026-04-14T15:01:03Z
NBP,2.55,2026-04-14T19:59:50Z
NBR,79.27,2026-04-14T19:59:48Z
NBSD,50.895,2026-04-14T19:49:59Z
NBTB,45.23,2026-04-14T19:59:25Z
NBTX,33.47,2026-04-14T14:25:44Z
NBXG,14.22,2026-04-14T19:55:51Z
NC,50.44,2026-04-14T19:31:44Z
NCA,9.45,2026-04-14T19:43:38Z
NCDL,14.04,2026-04-14T19:59:35Z
NCEW,13.35,2026-04-14T19:11:37Z
NCI,0.505,2026-04-14T19:52:27Z
NCIQ,18.89,2026-04-14T17:14:17Z
NCL,0.1602,2026-04-14T19:59:14Z
NCLH,21.09,2026-04-14T19:59:53Z
NCLO,24.94,2026-04-14T18:50:50Z
NCMI,3.445,2026-04-14T19:59:54Z
NCNA,2.15,2026-04-14T17:57:34Z
NCNO,17.46,2026-04-14T19:59:58Z
NCPL,0.4,2026-04-14T13:30:29Z
NCRA,0.2255,2026-04-14T19:58:42Z
NCSM,70.44,2026-04-14T15:23:44Z
NCT,2.15,2026-04-14T17:45:58Z
NCTY,5.31,2026-04-14T13:41:02Z
NCV,16.285,2026-04-14T16:31:18Z
NCV-A,20.75,2026-04-14T19:55:11Z
NCZ,14.715,2026-04-14T19:50:04Z
NDAQ,86.665,2026-04-14T19:59:52Z
NDIA,27.92,2026-04-14T14:25:28Z
NDIV,34.91,2026-04-14T15:36:46Z
NDLS,8.3,2026-04-14T19:58:45Z
NDMO,10.35,2026-04-14T19:48:57Z
NDSN,279.05,2026-04-14T19:59:36Z
NE,47.69,2026-04-14T19:59:49Z
NEA,11.565,2026-04-14T19:59:47Z
NEAR,50.87,2026-04-14T19:57:58Z
NEBX,76.315,2026-04-14T19:55:00Z
NECB,24.975,2026-04-14T19:59:41Z
NEE,91.325,2026-04-14T19:59:56Z
NEE-N,23.345,2026-04-14T19:11:30Z
NEE-S,56.005,2026-04-14T16:17:32Z
NEE-T,52.02,2026-04-14T17:35:52Z
NEE-U,25.27,2026-04-14T19:59:59Z
NEE-W,24.9,2026-04-14T14:23:36Z
NEGG,43.965,2026-04-14T19:48:46Z
NEHI,36.13,2026-04-14T18:38:05Z
NEM,119.3,2026-04-14T19:59:55Z
NEO,8.365,2026-04-14T19:59:54Z
NEOG,9.605,2026-04-14T19:59:55Z
NEON,1.51,2026-04-14T19:57:27Z
NEOV,3.09,2026-04-14T19:59:31Z
NERV,5.9,2026-04-14T19:59:58Z
NESR,23.24,2026-04-14T19:59:54Z
NET,178.65,2026-04-14T19:59:56Z
NETG,8.6,2026-04-14T19:44:31Z
NEU,653.07,2026-04-14T19:59:02Z
NEWP,5.265,2026-04-14T19:59:30Z
NEWT,12.56,2026-04-14T19:59:49Z
NEWTH,25,2026-04-14T13:35:22Z
NEXA,11.92,2026-04-14T19:59:57Z
NEXN,7.045,2026-04-14T19:59:41Z
NEXT,7.39,2026-04-14T19:59:56Z
NFBK,13.84,2026-04-14T19:59:57Z
NFE,0.6218,2026-04-14T19:59:57Z
NFEB,28.75,2026-04-14T17:24:32Z
NFG,90.02,2026-04-14T19:59:33Z
NFGC,2.15,2026-04-14T19:59:51Z
NFJ,13.74,2026-04-14T19:42:49Z
NFLT,23.105,2026-04-14T19:30:44Z
NFLU,38.85,2026-04-14T18:05:04Z
NFLX,106.225,2026-04-14T19:59:59Z
NFLY,11.58,2026-04-14T19:59:13Z
NFRA,65.125,2026-04-14T18:08:47Z
NFXL,36.475,2026-04-14T19:59:45Z
NFXS,14.82,2026-04-14T19:59:51Z
NG,10.135,2026-04-14T19:59:57Z
NGEN,4.155,2026-04-14T19:53:14Z
NGG,88.975,2026-04-14T19:59:44Z
NGL,13.085,2026-04-14T19:58:35Z
NGL-C,25.38,2026-04-14T17:29:42Z
NGNE,20.54,2026-04-14T19:05:04Z
NGS,38.6,2026-04-14T19:59:00Z
NGVC,26.47,2026-04-14T19:45:11Z
NGVT,76.75,2026-04-14T19:59:12Z
NHC,165.22,2026-04-14T18:23:23Z
NHI,84.86,2026-04-14T19:59:32Z
NHICW,0.45,2026-04-14T18:23:08Z
NHPAP,20.51,2026-04-14T13:53:21Z
NHPBP,20.68,2026-04-14T17:08:20Z
NHS,6.54,2026-04-14T19:53:44Z
NHS^,0.009,2026-04-14T19:27:29Z
NHYB,24.91,2026-04-14T16:08:33Z
NI,47.235,2026-04-14T19:59:53Z
NIC,158.37,2026-04-14T19:59:20Z
NICE,101.14,2026-04-14T19:59:55Z
NICM,6.805,2026-04-14T19:51:39Z
NIE,25.12,2026-04-14T19:48:18Z
NIHI,51.37,2026-04-14T19:39:59Z
NIKL,17.85,2026-04-14T19:59:27Z
NIO,6.575,2026-04-14T19:59:55Z
NIOG,23.32,2026-04-14T18:47:06Z
NIPG,0.735,2026-04-14T19:44:48Z
NIQ,10.66,2026-04-14T19:59:58Z
NIU,2.93,2026-04-14T19:59:53Z
NIVF,2.1,2026-04-14T19:59:14Z
NIXX,0.9032,2026-04-14T19:59:16Z
NJAN,55.8,2026-04-14T18:42:45Z
NJR,56.07,2026-04-14T19:59:49Z
NJUN,32.36,2026-04-14T19:49:30Z
NKE,44.19,2026-04-14T19:59:57Z
NKLR,5.49,2026-04-14T19:59:59Z
NKSH,37.08,2026-04-14T19:51:57Z
NKTR,81.255,2026-04-14T19:59:56Z
NKTX,2.28,2026-04-14T19:59:57Z
NKX,12.21,2026-04-14T19:59:45Z
NL,5.87,2026-04-14T19:59:56Z
NLOP,12.11,2026-04-14T19:59:50Z
NLR,141.36,2026-04-14T19:59:34Z
NLY,22.41,2026-04-14T19:59:56Z
NLY-G,24.98,2026-04-14T18:54:37Z
NLY-I,25.33,2026-04-14T18:29:52Z
NMAI,13.69,2026-04-14T19:41:24Z
NMAR,30.69,2026-04-14T19:50:06Z
NMAX,6.2,2026-04-14T19:59:50Z
NMAY,28.51,2026-04-14T19:58:00Z
NMB,24.6,2026-04-14T19:58:42Z
NMCO,10.75,2026-04-14T19:59:43Z
NMFC,8.235,2026-04-14T19:59:39Z
NMFCZ,25.41,2026-04-14T19:00:19Z
NMG,1.905,2026-04-14T19:59:56Z
NMI,10.59,2026-04-14T18:57:50Z
NMIH,38.85,2026-04-14T19:59:19Z
NML,9.91,2026-04-14T19:21:51Z
NMM,70.27,2026-04-14T14:34:51Z
NMP,10.17,2026-04-14T18:29:20Z
NMR,8.51,2026-04-14T19:59:53Z
NMRA,2.03,2026-04-14T19:59:54Z
NMRK,15.74,2026-04-14T19:59:59Z
NMT,12.7,2026-04-14T16:53:14Z
NMTC,0.708,2026-04-14T19:56:17Z
NMZ,10.415,2026-04-14T19:57:40Z
NN,16.14,2026-04-14T19:59:53Z
NNBR,1.57,2026-04-14T19:46:42Z
NNDM,1.735,2026-04-14T19:59:54Z
NNE,23.51,2026-04-14T19:59:58Z
NNEX,6.25,2026-04-14T19:33:45Z
NNI,134.88,2026-04-14T19:58:10Z
NNN,44.09,2026-04-14T19:59:49Z
NNOV,29.13,2026-04-14T15:22:12Z
NNOX,2.46,2026-04-14T19:59:58Z
NNVC,1.035,2026-04-14T19:39:00Z
NNY,8.63,2026-04-14T19:49:14Z
NOA,14.71,2026-04-14T19:59:53Z
NOAH,10.01,2026-04-14T19:59:20Z
NOBL,107.64,2026-04-14T19:59:21Z
NOC,679.74,2026-04-14T19:59:42Z
NOCT,59.08,2026-04-14T19:51:07Z
NODK,12.82,2026-04-14T17:17:34Z
NOG,25.685,2026-04-14T19:59:51Z
NOK,10.36,2026-04-14T19:59:55Z
NOMD,9.52,2026-04-14T19:59:55Z
NORW,38.19,2026-04-14T19:59:56Z
NOTV,0.2408,2026-04-14T19:45:23Z
NOV,19.105,2026-04-14T19:59:59Z
NOVT,128.685,2026-04-14T19:39:52Z
NOW,87.8,2026-04-14T19:59:57Z
NOWL,4.09,2026-04-14T19:59:50Z
NP,26.36,2026-04-14T19:59:29Z
NPACW,0.286,2026-04-14T15:07:19Z
NPB,18.95,2026-04-14T19:59:23Z
NPCE,15.335,2026-04-14T19:59:33Z
NPCT,10.545,2026-04-14T19:57:14Z
NPFD,19.08,2026-04-14T14:30:06Z
NPK,144.03,2026-04-14T19:59:11Z
NPKI,14.985,2026-04-14T19:59:56Z
NPO,278.57,2026-04-14T19:53:39Z
NPT,7.38,2026-04-14T19:05:07Z
NPV,11.63,2026-04-14T19:57:56Z
NPWR,1.56,2026-04-14T19:59:54Z
NQP,12.14,2026-04-14T19:30:20Z
NRC,17.005,2026-04-14T19:59:32Z
NRDS,10.79,2026-04-14T19:59:55Z
NRDY,0.9633,2026-04-14T19:59:57Z
NREF,13.95,2026-04-14T16:34:07Z
NRG,170.985,2026-04-14T19:59:59Z
NRGD,32.82,2026-04-14T14:40:40Z
NRGU,34.01,2026-04-14T19:59:50Z
NRGV,3.21,2026-04-14T19:59:59Z
NRIM,24.55,2026-04-14T19:59:25Z
NRIX,16.31,2026-04-14T19:59:57Z
NRK,10.495,2026-04-14T19:57:56Z
NRO,3.035,2026-04-14T19:59:05Z
NRP,115.74,2026-04-14T19:53:13Z
NRT,8.645,2026-04-14T19:59:58Z
NRUC,23.845,2026-04-14T19:14:00Z
NRXP,2.51,2026-04-14T19:59:52Z
NRXS,7.155,2026-04-14T19:38:18Z
NSA,42.48,2026-04-14T19:59:39Z
NSC,299.67,2026-04-14T19:59:55Z
NSEP,29.92,2026-04-14T19:31:40Z
NSIT,73.95,2026-04-14T19:58:29Z
NSP,27.57,2026-04-14T19:59:50Z
NSPR,1.33,2026-04-14T19:39:55Z
NSSC,44.14,2026-04-14T19:59:33Z
NSTS,11.99,2026-04-14T14:54:48Z
NSYS,14.25,2026-04-14T19:51:23Z
NTAP,98.855,2026-04-14T19:59:49Z
NTB,55.965,2026-04-14T19:59:14Z
NTCL,0.535,2026-04-14T14:52:53Z
NTCT,32.455,2026-04-14T19:59:56Z
NTES,113.585,2026-04-14T19:59:26Z
NTGR,24.08,2026-04-14T19:59:37Z
NTHI,5.335,2026-04-14T14:43:14Z
NTIC,8.14,2026-04-14T15:59:00Z
NTIP,1.4,2026-04-14T19:58:51Z
NTLA,14.76,2026-04-14T19:59:57Z
NTNX,36.84,2026-04-14T19:59:52Z
NTR,73.64,2026-04-14T19:59:57Z
NTRA,214.72,2026-04-14T19:59:48Z
NTRP,2.86,2026-04-14T19:08:40Z
NTRS,155.79,2026-04-14T19:59:28Z
NTRSO,19.34,2026-04-14T17:10:37Z
NTSE,43.04,2026-04-14T13:36:30Z
NTSK,9.34,2026-04-14T19:59:56Z
NTST,20.005,2026-04-14T19:59:53Z
NTSX,55.4,2026-04-14T18:06:54Z
NTWO,10.55,2026-04-14T18:21:35Z
NU,15.36,2026-04-14T19:59:58Z
NUAI,4.32,2026-04-14T19:59:54Z
NUAIW,1.89,2026-04-14T19:53:20Z
NUCL,8.5,2026-04-14T19:59:34Z
NUCLW,2,2026-04-14T19:52:15Z
NUE,189.98,2026-04-14T19:59:39Z
NUGT,225.18,2026-04-14T19:58:53Z
NUGY,18.18,2026-04-14T19:58:17Z
NUHY,21.495,2026-04-14T19:59:47Z
NUKZ,71.505,2026-04-14T19:58:54Z
NULG,98.73,2026-04-14T19:09:13Z
NULV,47.545,2026-04-14T19:59:46Z
NUMG,42.36,2026-04-14T19:37:59Z
NUMI,25.19,2026-04-14T14:28:59Z
NURE,28.7,2026-04-14T13:34:40Z
NUS,7.73,2026-04-14T19:59:54Z
NUSC,48.04,2026-04-14T17:52:07Z
NUTX,107.765,2026-04-14T18:31:46Z
NUV,9.185,2026-04-14T19:59:49Z
NUVB,4.85,2026-04-14T19:59:58Z
NUVL,104.93,2026-04-14T19:58:19Z
NUW,14.51,2026-04-14T19:43:53Z
NUWE,1.25,2026-04-14T13:57:01Z
NVA,6.505,2026-04-14T19:59:47Z
NVAX,8.375,2026-04-14T19:59:54Z
NVBW,34.32,2026-04-14T14:55:21Z
NVCR,11.28,2026-04-14T19:59:41Z
NVCT,8.71,2026-04-14T18:36:58Z
NVD,5.92,2026-04-14T19:59:59Z
NVDA,196.5,2026-04-14T19:59:59Z
NVDB,27.69,2026-04-14T13:33:50Z
NVDD,36.01,2026-04-14T17:47:11Z
NVDG,17.45,2026-04-14T19:59:46Z
NVDL,91.51,2026-04-14T19:59:55Z
NVDQ,13.73,2026-04-14T19:57:59Z
NVDS,24.68,2026-04-14T19:59:50Z
NVDU,120.97,2026-04-14T19:50:41Z
NVDW,38.16,2026-04-14T17:57:05Z
NVDX,17.54,2026-04-14T19:59:59Z
NVDY,13.84,2026-04-14T19:59:59Z
NVEC,76.63,2026-04-14T19:56:13Z
NVG,12.785,2026-04-14T19:59:54Z
NVGS,20.09,2026-04-14T19:59:50Z
NVII,26.19,2026-04-14T19:59:20Z
NVMI,514.065,2026-04-14T19:58:55Z
NVNI,1.27,2026-04-14T19:54:48Z
NVO,39.32,2026-04-14T19:59:59Z
NVOX,11.54,2026-04-14T19:59:06Z
NVR,6832.02,2026-04-14T19:58:19Z
NVRI,19.66,2026-04-14T19:59:55Z
NVS,153.43,2026-04-14T19:59:48Z
NVST,27.38,2026-04-14T19:59:47Z
NVT,134.415,2026-04-14T19:59:43Z
NVTS,9.86,2026-04-14T19:59:56Z
NVTX,25.44,2026-04-14T17:53:28Z
NVVE,0.6263,2026-04-14T19:49:00Z
NVX,0.7382,2026-04-14T19:59:43Z
NVYY,14.47,2026-04-14T19:59:45Z
NWAX,10,2026-04-14T17:30:47Z
NWBI,13.37,2026-04-14T19:59:57Z
NWE,73.35,2026-04-14T19:59:43Z
NWFL,31.13,2026-04-14T17:45:17Z
NWG,17.03,2026-04-14T19:59:55Z
NWGL,0.9801,2026-04-14T13:38:01Z
NWL,4.02,2026-04-14T19:59:53Z
NWN,54.59,2026-04-14T19:57:14Z
NWPX,87.72,2026-04-14T19:53:53Z
NWS,28.84,2026-04-14T19:59:55Z
NWSA,25.035,2026-04-14T19:59:55Z
NWTG,1.35,2026-04-14T19:34:16Z
NX,19.47,2026-04-14T19:59:56Z
NXDR,1.445,2026-04-14T19:59:26Z
NXDT,4.65,2026-04-14T19:59:51Z
NXE,11.93,2026-04-14T19:59:56Z
NXG,53.9,2026-04-14T19:01:50Z
NXGL,0.5842,2026-04-14T18:52:48Z
NXG^,0.042,2026-04-14T19:56:29Z
NXJ,12.385,2026-04-14T15:34:44Z
NXL,0.4252,2026-04-14T19:59:55Z
NXP,14.32,2026-04-14T19:58:28Z
NXPI,209.84,2026-04-14T19:59:59Z
NXRT,26.59,2026-04-14T19:59:45Z
NXST,194.26,2026-04-14T19:59:59Z
NXT,114.84,2026-04-14T19:59:20Z
NXTC,12.81,2026-04-14T19:54:31Z
NXTT,1.65,2026-04-14T19:59:55Z
NXUS,24.91,2026-04-14T16:09:23Z
NXXT,0.4134,2026-04-14T19:58:17Z
NYC,8.12,2026-04-14T16:49:33Z
NYF,53.58,2026-04-14T19:55:46Z
NYM,25.04,2026-04-14T19:50:07Z
NYT,80.71,2026-04-14T19:59:57Z
NYXH,3.16,2026-04-14T19:58:37Z
NZF,12.62,2026-04-14T19:54:13Z
O,63.8,2026-04-14T19:59:54Z
OABI,1.465,2026-04-14T19:59:29Z
OACP,22.93,2026-04-14T19:59:54Z
OAEM,44.93,2026-04-14T19:38:33Z
OAIM,46.555,2026-04-14T19:52:04Z
OAK-A,20.76,2026-04-14T16:52:23Z
OAKM,28.26,2026-04-14T19:59:50Z
OBAI,1.19,2026-04-14T19:59:50Z
OBDC,11.33,2026-04-14T19:59:59Z
OBE,9.58,2026-04-14T19:59:56Z
OBIO,4.515,2026-04-14T19:58:50Z
OBK,45.17,2026-04-14T19:50:21Z
OBT,35.28,2026-04-14T19:31:26Z
OC,119.355,2026-04-14T19:59:57Z
OCC,10.905,2026-04-14T19:59:48Z
OCCI,3.035,2026-04-14T19:59:54Z
OCFC,18.905,2026-04-14T19:59:50Z
OCG,0.639,2026-04-14T17:52:45Z
OCGN,1.8,2026-04-14T19:59:59Z
OCS,27.57,2026-04-14T19:54:20Z
OCSL,12.41,2026-04-14T19:59:55Z
OCTB,25.93,2026-04-14T14:15:12Z
OCTU,28.72,2026-04-14T19:27:05Z
OCTW,39.64,2026-04-14T19:32:08Z
OCUL,8.755,2026-04-14T19:59:56Z
ODC,71.63,2026-04-14T19:59:47Z
ODD,14.44,2026-04-14T19:59:55Z
ODFL,210.36,2026-04-14T19:59:57Z
ODV,3.44,2026-04-14T19:59:54Z
OEC,7.1,2026-04-14T19:59:49Z
OEF,341.1,2026-04-14T19:59:00Z
OESX,9.5,2026-04-14T19:59:10Z
OFAL,0.5001,2026-04-14T16:23:00Z
OFG,42.825,2026-04-14T19:59:02Z
OFIX,12.715,2026-04-14T19:59:33Z
OFLX,33.025,2026-04-14T19:50:42Z
OFRM,15.93,2026-04-14T19:59:17Z
OFS,4.01,2026-04-14T18:48:26Z
OGC,34.33,2026-04-14T19:59:38Z
OGE,48.84,2026-04-14T19:59:53Z
OGEN,0.6502,2026-04-14T18:24:46Z
OGI,1.44,2026-04-14T19:58:54Z
OGN,8.7,2026-04-14T19:59:58Z
OGS,89.045,2026-04-14T19:30:04Z
OHI,45.555,2026-04-14T19:59:56Z
OI,10.83,2026-04-14T19:59:49Z
OIA,6.14,2026-04-14T19:21:45Z
OIH,402.61,2026-04-14T19:59:49Z
OII,35.93,2026-04-14T19:59:50Z
OILD,47.37,2026-04-14T18:47:42Z
OILK,54.3,2026-04-14T19:58:22Z
OILT,29.96,2026-04-14T17:14:18Z
OILU,41.55,2026-04-14T17:33:17Z
OIO,2.98,2026-04-14T19:56:51Z
OIS,11.18,2026-04-14T19:59:51Z
OKE,84.835,2026-04-14T19:59:38Z
OKLL,8.14,2026-04-14T19:59:23Z
OKLO,58.585,2026-04-14T19:59:58Z
OKLS,42.98,2026-04-14T19:40:00Z
OKTA,64.11,2026-04-14T19:59:59Z
OKTG,7.37,2026-04-14T19:59:36Z
OKUR,4.605,2026-04-14T19:59:33Z
OKYO,1.6,2026-04-14T19:59:49Z
OLB,0.4861,2026-04-14T19:44:48Z
OLED,97.12,2026-04-14T19:59:54Z
OLLI,94.12,2026-04-14T19:59:57Z
OLMA,16.31,2026-04-14T19:59:06Z
OLN,28.17,2026-04-14T19:59:56Z
OLOX,0.5465,2026-04-14T19:59:59Z
OLP,22.74,2026-04-14T19:59:53Z
OLPX,2.025,2026-04-14T19:54:52Z
OM,4.355,2026-04-14T19:58:30Z
OMAB,112.3,2026-04-14T19:56:11Z
OMAH,18.345,2026-04-14T19:59:44Z
OMC,76.46,2026-04-14T19:59:53Z
OMCL,36.33,2026-04-14T19:59:41Z
OMDA,12.47,2026-04-14T19:59:52Z
OMER,11.83,2026-04-14T19:59:47Z
OMEX,1.175,2026-04-14T19:59:43Z
OMF,57.435,2026-04-14T19:59:52Z
OMFL,63.86,2026-04-14T19:59:50Z
OMH,1.145,2026-04-14T13:30:05Z
OMSE,4.59,2026-04-14T19:42:39Z
ON,72.07,2026-04-14T19:59:56Z
ONB,23.45,2026-04-14T19:59:57Z
ONBPP,25.1,2026-04-14T15:59:14Z
ONC,309.53,2026-04-14T19:59:45Z
ONCO,0.904,2026-04-14T19:59:52Z
ONCY,1.025,2026-04-14T19:59:46Z
ONDG,5.67,2026-04-14T19:59:50Z
ONDL,15.97,2026-04-14T19:58:34Z
ONDS,9.41,2026-04-14T19:59:59Z
ONDU,9.81,2026-04-14T13:30:01Z
ONEG,3.715,2026-04-14T19:54:11Z
ONEQ,93.03,2026-04-14T19:59:59Z
ONEW,10.29,2026-04-14T19:59:38Z
ONIT,44.575,2026-04-14T19:48:35Z
ONL,2.515,2026-04-14T19:59:47Z
ONLN,58.155,2026-04-14T19:59:46Z
ONMD,0.865,2026-04-14T19:59:42Z
ONON,35.56,2026-04-14T19:59:57Z
ONTO,261.46,2026-04-14T19:59:49Z
OOMA,14.29,2026-04-14T19:59:31Z
OPAD,0.7721,2026-04-14T18:38:24Z
OPAL,2.43,2026-04-14T19:59:56Z
OPBK,14.25,2026-04-14T19:16:32Z
OPCH,27.885,2026-04-14T19:59:55Z
OPEG,4.82,2026-04-14T19:24:32Z
OPEN,4.53,2026-04-14T19:59:54Z
OPENL,0.2591,2026-04-14T13:50:31Z
OPENW,0.5071,2026-04-14T19:41:38Z
OPENZ,0.2486,2026-04-14T19:23:58Z
OPEX,19.43,2026-04-14T14:34:54Z
OPFI,8.47,2026-04-14T19:59:44Z
OPK,1.175,2026-04-14T19:59:41Z
OPLN,30.72,2026-04-14T19:59:59Z
OPP,7.85,2026-04-14T19:30:04Z
OPPJ,57.74,2026-04-14T19:53:54Z
OPRA,15.7,2026-04-14T19:59:30Z
OPRT,5.325,2026-04-14T19:59:25Z
OPRX,6.06,2026-04-14T19:59:34Z
OPTT,0.3765,2026-04-14T19:59:03Z
OPTU,1.43,2026-04-14T19:59:59Z
OPTX,11.325,2026-04-14T19:58:56Z
OPTXW,1.91,2026-04-14T19:59:23Z
OPXS,11.83,2026-04-14T18:51:32Z
OPY,110.725,2026-04-14T19:56:56Z
OR,40.12,2026-04-14T19:59:56Z
ORA,114.65,2026-04-14T19:59:29Z
ORBS,0.9105,2026-04-14T19:59:55Z
ORC,7.3,2026-04-14T19:59:45Z
ORCL,163.04,2026-04-14T19:59:59Z
ORCL-D,49.36,2026-04-14T19:59:25Z
ORCS,30.34,2026-04-14T18:07:27Z
ORCU,11.56,2026-04-14T19:59:59Z
ORCX,32.32,2026-04-14T19:59:30Z
ORGN,2.1,2026-04-14T19:59:27Z
ORGO,2.51,2026-04-14T19:59:55Z
ORI,41.37,2026-04-14T19:59:52Z
ORIC,10.53,2026-04-14T19:59:53Z
ORIS,0.5555,2026-04-14T19:59:47Z
ORKA,67.12,2026-04-14T19:59:59Z
ORKT,1.04,2026-04-14T15:16:56Z
ORLA,17.78,2026-04-14T19:59:57Z
ORLY,93.53,2026-04-14T19:59:56Z
ORMP,3.81,2026-04-14T19:59:52Z
ORN,11.89,2026-04-14T19:59:53Z
ORR,37.21,2026-04-14T19:55:18Z
ORRF,38.44,2026-04-14T19:59:40Z
OSBC,21.595,2026-04-14T19:59:38Z
OSCG,8.65,2026-04-14T19:59:48Z
OSCR,15.29,2026-04-14T19:59:57Z
OSCX,35.4,2026-04-14T14:53:16Z
OSEA,30.83,2026-04-14T19:58:30Z
OSG,4.29,2026-04-14T19:59:57Z
OSIS,297.3,2026-04-14T19:57:35Z
OSK,150.96,2026-04-14T19:59:18Z
OSPN,10.93,2026-04-14T19:59:57Z
OSRH,0.5298,2026-04-14T19:57:55Z
OSS,8.77,2026-04-14T19:59:51Z
OSTX,1.38,2026-04-14T19:59:56Z
OSUR,3.21,2026-04-14T19:59:38Z
OSW,24.76,2026-04-14T19:59:58Z
OTEX,22.25,2026-04-14T19:59:59Z
OTF,11.885,2026-04-14T19:59:26Z
OTH,3.105,2026-04-14T19:59:34Z
OTIS,81.915,2026-04-14T19:59:48Z
OTLK,0.2484,2026-04-14T19:59:54Z
OTLY,12.67,2026-04-14T19:59:56Z
OTTR,88.315,2026-04-14T19:59:47Z
OUNZ,46.61,2026-04-14T19:59:51Z
OUSA,57.06,2026-04-14T14:21:51Z
OUSM,46.07,2026-04-14T19:38:07Z
OUST,23.46,2026-04-14T19:59:32Z
OUT,29.12,2026-04-14T19:59:58Z
OVID,2.965,2026-04-14T19:59:57Z
OVL,53.68,2026-04-14T19:55:00Z
OVLH,39.37,2026-04-14T14:58:37Z
OVLY,34.39,2026-04-14T14:22:28Z
OVM,21.7,2026-04-14T18:04:46Z
OVV,54.81,2026-04-14T19:59:53Z
OWL,9.17,2026-04-14T19:59:58Z
OWLS,5.9,2026-04-14T16:05:39Z
OWLT,5.39,2026-04-14T19:59:42Z
OWNB,19.52,2026-04-14T14:17:10Z
OXBR,0.674,2026-04-14T17:55:30Z
OXLC,10,2026-04-14T19:59:50Z
OXLCM,24.85,2026-04-14T19:30:46Z
OXLCO,23.78,2026-04-14T14:35:47Z
OXM,44.03,2026-04-14T19:59:16Z
OXSQ,1.905,2026-04-14T19:24:37Z
OXY,55.385,2026-04-14T19:59:55Z
OZ,52.24,2026-04-14T18:38:40Z
OZEM,31.84,2026-04-14T16:06:22Z
OZK,48.17,2026-04-14T19:59:53Z
OZKAP,16.67,2026-04-14T18:08:43Z
PAA,21.59,2026-04-14T19:59:59Z
PAAA,51.32,2026-04-14T19:59:51Z
PAAS,58.13,2026-04-14T19:59:58Z
PAC,234.825,2026-04-14T19:58:08Z
PACB,1.57,2026-04-14T19:59:57Z
PACK,3.8,2026-04-14T19:59:58Z
PACS,33.17,2026-04-14T19:58:18Z
PAG,157.42,2026-04-14T19:54:53Z
PAGP,23.355,2026-04-14T19:59:54Z
PAGS,10.9,2026-04-14T19:59:58Z
PAHC,59.01,2026-04-14T19:59:15Z
PAL,6.995,2026-04-14T19:59:26Z
PALD,25.75,2026-04-14T13:49:04Z
PALI,2.05,2026-04-14T19:59:53Z
PALL,144.2,2026-04-14T19:51:21Z
PALU,12.615,2026-04-14T14:07:13Z
PAM,83.435,2026-04-14T19:58:11Z
PANG,7.75,2026-04-14T19:58:17Z
PANL,7.55,2026-04-14T19:59:47Z
PANW,161.58,2026-04-14T19:59:56Z
PAPI,26.93,2026-04-14T18:50:53Z
PAPR,41.06,2026-04-14T18:59:17Z
PAR,13.35,2026-04-14T19:59:53Z
PARR,63.23,2026-04-14T19:59:44Z
PASG,10.615,2026-04-14T18:55:12Z
PATH,10.01,2026-04-14T19:59:56Z
PATK,111.275,2026-04-14T19:59:56Z
PATX,7.12,2026-04-14T18:53:40Z
PAVE,55,2026-04-14T19:59:51Z
PAVS,1.7,2026-04-14T14:01:50Z
PAWZ,53.505,2026-04-14T19:24:33Z
PAX,12.39,2026-04-14T19:59:39Z
PAXS,14.38,2026-04-14T19:09:14Z
PAY,25.73,2026-04-14T19:59:45Z
PAYC,119.83,2026-04-14T19:59:52Z
PAYH,24.22,2026-04-14T19:30:59Z
PAYM,24.17,2026-04-14T19:30:58Z
PAYO,4.98,2026-04-14T19:59:59Z
PAYP,22.19,2026-04-14T19:59:52Z
PAYR,54.53,2026-04-14T19:50:23Z
PAYS,5.71,2026-04-14T19:59:59Z
PAYX,88.83,2026-04-14T19:59:55Z
PB,68.635,2026-04-14T19:59:48Z
PBA,43.48,2026-04-14T19:59:38Z
PBD,19.44,2026-04-14T18:46:55Z
PBDC,27.76,2026-04-14T19:56:46Z
PBEU,30.685,2026-04-14T19:34:46Z
PBF,38.94,2026-04-14T19:59:54Z
PBFB,30.96,2026-04-14T18:13:17Z
PBFR,29.78,2026-04-14T19:02:52Z
PBH,56.6,2026-04-14T19:59:31Z
PBI,11.74,2026-04-14T19:59:59Z
PBJ,49.62,2026-04-14T17:08:02Z
PBJN,30.53,2026-04-14T15:49:42Z
PBM,2.83,2026-04-14T19:51:15Z
PBMR,31.13,2026-04-14T14:28:00Z
PBMY,30.54,2026-04-14T17:20:32Z
PBOG,32.68,2026-04-14T18:55:26Z
PBP,22.46,2026-04-14T19:59:45Z
PBPH,25.77,2026-04-14T19:34:47Z
PBR,21.04,2026-04-14T19:59:59Z
PBR.A,19.21,2026-04-14T19:59:54Z
PBT,21.45,2026-04-14T19:57:31Z
PBTP,26.26,2026-04-14T16:34:47Z
PBUS,69.555,2026-04-14T19:59:55Z
PBW,34.36,2026-04-14T19:59:30Z
PBYI,7.575,2026-04-14T19:59:10Z
PCAPU,10.27,2026-04-14T13:54:13Z
PCAR,125.41,2026-04-14T19:59:55Z
PCB,24.27,2026-04-14T17:20:28Z
PCEF,19.81,2026-04-14T17:09:02Z
PCG,17.56,2026-04-14T19:59:58Z
PCG-B,20.32,2026-04-14T19:59:15Z
PCG-G,17.86,2026-04-14T15:06:02Z
PCG-X,43.315,2026-04-14T19:51:42Z
PCGG,10.75,2026-04-14T15:47:27Z
PCIG,8.58,2026-04-14T19:20:12Z
PCMM,49.33,2026-04-14T14:24:47Z
PCN,12,2026-04-14T19:57:50Z
PCOR,49.575,2026-04-14T19:59:57Z
PCPI,50.1,2026-04-14T14:26:59Z
PCQ,8.77,2026-04-14T19:37:36Z
PCRX,23.74,2026-04-14T19:59:41Z
PCSC,11.01,2026-04-14T17:37:25Z
PCT,6.73,2026-04-14T19:59:57Z
PCTY,97.89,2026-04-14T19:59:50Z
PCVX,62.745,2026-04-14T19:59:50Z
PCY,21.74,2026-04-14T19:51:01Z
PCYO,11.29,2026-04-14T19:50:01Z
PD,5.83,2026-04-14T19:59:57Z
PDBA,36.14,2026-04-14T19:59:50Z
PDBC,17.18,2026-04-14T19:59:57Z
PDC,5.125,2026-04-14T19:28:15Z
PDD,102.08,2026-04-14T19:59:54Z
PDEC,44.08,2026-04-14T19:55:03Z
PDEX,52.89,2026-04-14T17:27:14Z
PDFS,41.35,2026-04-14T19:58:29Z
PDI,17.195,2026-04-14T19:55:14Z
PDLB,17.48,2026-04-14T16:48:23Z
PDM,7.46,2026-04-14T19:59:57Z
PDN,46.19,2026-04-14T19:59:47Z
PDO,13.21,2026-04-14T19:59:42Z
PDP,132.4,2026-04-14T14:29:33Z
PDS,89.98,2026-04-14T19:59:50Z
PDSB,1.055,2026-04-14T19:59:43Z
PDT,13.3,2026-04-14T19:58:37Z
PDX,20.82,2026-04-14T19:59:34Z
PDYN,6.34,2026-04-14T19:59:59Z
PEB,14.09,2026-04-14T19:59:56Z
PEB-E,19.965,2026-04-14T16:10:20Z
PEBK,41.915,2026-04-14T19:59:34Z
PEBO,33.91,2026-04-14T19:58:30Z
PECO,38.5,2026-04-14T19:59:57Z
PED,15.77,2026-04-14T16:38:16Z
PEG,82.065,2026-04-14T19:59:56Z
PEGA,41.235,2026-04-14T19:59:56Z
PEJ,62.38,2026-04-14T19:55:08Z
PEN,332.03,2026-04-14T19:59:49Z
PENG,25.7,2026-04-14T19:59:54Z
PENN,15.59,2026-04-14T19:59:56Z
PEO,26.18,2026-04-14T19:47:58Z
PEP,155.68,2026-04-14T19:59:56Z
PEPG,1.695,2026-04-14T19:59:59Z
PERF,1.655,2026-04-14T17:56:11Z
PERI,9.78,2026-04-14T19:59:45Z
PESI,12.15,2026-04-14T19:59:37Z
PETS,2.345,2026-04-14T19:59:46Z
PEW,2.94,2026-04-14T19:59:41Z
PEX,22.65,2026-04-14T15:17:52Z
PEY,21.65,2026-04-14T19:59:51Z
PFBC,95.125,2026-04-14T19:52:50Z
PFD,11.5,2026-04-14T19:56:59Z
PFE,27.13,2026-04-14T19:59:59Z
PFEB,41.51,2026-04-14T19:18:21Z
PFF,31.24,2026-04-14T19:59:57Z
PFFA,21.555,2026-04-14T19:59:59Z
PFFD,18.935,2026-04-14T19:59:50Z
PFFR,17.72,2026-04-14T19:55:05Z
PFFV,22.22,2026-04-14T15:03:31Z
PFG,94.11,2026-04-14T19:59:35Z
PFGC,89.58,2026-04-14T19:59:54Z
PFIG,24.185,2026-04-14T19:19:05Z
PFIS,58.04,2026-04-14T19:20:02Z
PFIX,44.03,2026-04-14T19:58:59Z
PFL,8.025,2026-04-14T19:54:00Z
PFLD,19.61,2026-04-14T15:13:03Z
PFLT,8.62,2026-04-14T19:59:55Z
PFM,52.92,2026-04-14T19:12:29Z
PFN,7.01,2026-04-14T19:48:53Z
PFO,9.3,2026-04-14T19:52:09Z
PFOE,23.89,2026-04-14T14:16:07Z
PFS,22.32,2026-04-14T19:59:59Z
PFSA,0.6837,2026-04-14T19:59:20Z
PFSI,92.64,2026-04-14T19:59:50Z
PFXF,18.235,2026-04-14T19:59:45Z
PG,144.37,2026-04-14T19:59:50Z
PGC,39.35,2026-04-14T19:56:08Z
PGEN,3.95,2026-04-14T19:59:58Z
PGF,14.165,2026-04-14T19:59:46Z
PGJ,26.98,2026-04-14T19:17:58Z
PGNY,17.18,2026-04-14T19:59:55Z
PGR,196.775,2026-04-14T19:59:49Z
PGRO,43.99,2026-04-14T17:23:03Z
PGX,11.22,2026-04-14T19:59:52Z
PGY,13.025,2026-04-14T19:59:57Z
PGZ,10.25,2026-04-14T14:54:50Z
PH,984.76,2026-04-14T19:59:49Z
PHAT,12.69,2026-04-14T19:59:59Z
PHDG,39.34,2026-04-14T16:24:51Z
PHEQ,33.25,2026-04-14T15:30:17Z
PHG,29.085,2026-04-14T19:59:58Z
PHGE,2.18,2026-04-14T19:56:13Z
PHI,20.66,2026-04-14T19:55:33Z
PHIN,70.065,2026-04-14T19:59:36Z
PHIO,1.3,2026-04-14T19:54:54Z
PHK,4.65,2026-04-14T19:59:07Z
PHM,122.7,2026-04-14T19:59:56Z
PHO,70.47,2026-04-14T19:59:50Z
PHR,8.62,2026-04-14T19:59:59Z
PHUN,2.03,2026-04-14T19:59:52Z
PHVS,28.65,2026-04-14T19:59:41Z
PHXE-,24.76,2026-04-14T16:40:53Z
PHYL,35.295,2026-04-14T19:59:00Z
PHYS,36.72,2026-04-14T19:59:56Z
PI,106.09,2026-04-14T19:58:11Z
PICB,23.81,2026-04-14T19:46:32Z
PICK,62.925,2026-04-14T19:59:44Z
PICS,13.24,2026-04-14T19:58:59Z
PID,22.84,2026-04-14T16:51:40Z
PIE,29.13,2026-04-14T19:49:23Z
PII,57.51,2026-04-14T19:59:55Z
PIII,2.38,2026-04-14T19:45:30Z
PILL,12.07,2026-04-14T19:59:56Z
PIM,3.275,2026-04-14T19:59:57Z
PINE,19.465,2026-04-14T19:57:22Z
PINE-A,25.3,2026-04-14T15:38:25Z
PINK,35.58,2026-04-14T19:59:40Z
PINS,18.7,2026-04-14T19:59:59Z
PIPR,87.3,2026-04-14T19:59:36Z
PIT,70.84,2026-04-14T18:31:14Z
PIZ,55.7,2026-04-14T15:21:29Z
PJAN,47.73,2026-04-14T19:51:08Z
PJFV,89.48,2026-04-14T19:18:52Z
PJT,162.39,2026-04-14T19:59:49Z
PJUN,42.8,2026-04-14T19:38:15Z
PK,11.49,2026-04-14T19:59:58Z
PKBK,29.61,2026-04-14T19:54:40Z
PKE,32.58,2026-04-14T19:58:55Z
PKG,209.89,2026-04-14T19:59:51Z
PKST,20.94,2026-04-14T19:59:52Z
PKX,62.58,2026-04-14T19:59:01Z
PL,33.93,2026-04-14T19:59:50Z
PL+,22.46,2026-04-14T19:59:28Z
PLAB,45.74,2026-04-14T19:59:36Z
PLAY,13.555,2026-04-14T19:59:28Z
PLBC,51.1,2026-04-14T19:55:58Z
PLBY,1.63,2026-04-14T19:59:57Z
PLCE,2.985,2026-04-14T19:59:23Z
PLD,138.37,2026-04-14T19:59:57Z
PLG,1.935,2026-04-14T19:59:59Z
PLMKW,0.62,2026-04-14T19:43:19Z
PLMR,130.89,2026-04-14T19:50:12Z
PLNT,71.82,2026-04-14T19:59:52Z
PLOW,46.78,2026-04-14T19:58:21Z
PLPC,319.89,2026-04-14T19:57:08Z
PLRX,1.31,2026-04-14T19:59:57Z
PLRZ,11.52,2026-04-14T19:51:16Z
PLSE,20.12,2026-04-14T19:59:54Z
PLTA,14.65,2026-04-14T16:21:33Z
PLTD,8.03,2026-04-14T19:59:50Z
PLTG,13.4,2026-04-14T19:59:46Z
PLTK,3.36,2026-04-14T19:59:58Z
PLTM,20.24,2026-04-14T19:59:42Z
PLTR,135.68,2026-04-14T19:59:59Z
PLTU,37.7,2026-04-14T19:55:08Z
PLTW,22.545,2026-04-14T19:51:37Z
PLTY,35.36,2026-04-14T19:15:05Z
PLTZ,32.77,2026-04-14T19:59:50Z
PLU,33.24,2026-04-14T17:40:02Z
PLUG,2.935,2026-04-14T19:59:54Z
PLUL,19.4,2026-04-14T13:31:00Z
PLUR,3.38,2026-04-14T19:39:30Z
PLUS,82.94,2026-04-14T19:59:32Z
PLX,2.36,2026-04-14T19:59:58Z
PLXS,228.55,2026-04-14T19:56:25Z
PLYX,6.43,2026-04-14T19:59:53Z
PM,159.43,2026-04-14T19:59:51Z
PMAR,46.2,2026-04-14T19:47:36Z
PMAX,0.3032,2026-04-14T19:59:40Z
PMAY,40.39,2026-04-14T16:51:29Z
PMBS,49.91,2026-04-14T19:57:24Z
PMCB,0.7201,2026-04-14T14:48:02Z
PMFB,26.84,2026-04-14T17:14:45Z
PMI,0.9546,2026-04-14T19:41:29Z
PMJN,26.5,2026-04-14T18:29:57Z
PML,7.55,2026-04-14T19:59:46Z
PMM,6.25,2026-04-14T19:19:15Z
PMMF,100.31,2026-04-14T19:45:15Z
PMN,12.095,2026-04-14T19:51:55Z
PMNT,0.3549,2026-04-14T19:59:58Z
PMO,10.49,2026-04-14T14:58:45Z
PMOC,25.61,2026-04-14T16:43:58Z
PMT,12.07,2026-04-14T19:59:56Z
PMT-B,23.53,2026-04-14T19:35:39Z
PMTRW,0.62,2026-04-14T18:50:49Z
PMTS,17.31,2026-04-14T17:34:31Z
PMVP,1.46,2026-04-14T19:59:58Z
PN,2.64,2026-04-14T18:56:53Z
PNBK,1.33,2026-04-14T19:59:52Z
PNC,221.03,2026-04-14T19:59:55Z
PNFP,93.73,2026-04-14T19:59:15Z
PNFP-A,25.74,2026-04-14T18:20:35Z
PNFP-C,25.03,2026-04-14T19:22:34Z
PNI,7.01,2026-04-14T17:22:44Z
PNNT,4.605,2026-04-14T19:59:56Z
PNOV,42.44,2026-04-14T14:33:07Z
PNQI,47.51,2026-04-14T16:51:36Z
PNR,90.87,2026-04-14T19:59:48Z
PNRG,203.35,2026-04-14T16:05:08Z
PNTG,30.67,2026-04-14T19:59:43Z
PNW,102.715,2026-04-14T19:59:53Z
POAS,1.9,2026-04-14T19:58:12Z
POCI,4.41,2026-04-14T13:59:59Z
POCT,44.65,2026-04-14T19:40:29Z
PODC,2.25,2026-04-14T15:44:25Z
PODD,201.49,2026-04-14T19:59:59Z
POET,6.715,2026-04-14T19:59:56Z
POLA,1.845,2026-04-14T19:59:45Z
POM,0.3501,2026-04-14T19:32:12Z
PONX,7.87,2026-04-14T18:51:22Z
PONY,10.36,2026-04-14T19:59:59Z
POOL,218.025,2026-04-14T19:59:35Z
POR,52.68,2026-04-14T19:59:58Z
POST,100.5,2026-04-14T19:58:49Z
POWA,88.47,2026-04-14T13:49:46Z
POWI,54.03,2026-04-14T19:59:36Z
POWL,234.23,2026-04-14T19:59:38Z
POWR,26.79,2026-04-14T19:55:15Z
POWW,2.05,2026-04-14T19:59:51Z
POWWP,25,2026-04-14T15:00:46Z
PPA,177.58,2026-04-14T19:57:02Z
PPC,35.05,2026-04-14T19:59:51Z
PPCB,0.0964,2026-04-14T19:52:21Z
PPG,110.535,2026-04-14T19:59:54Z
PPH,103.98,2026-04-14T19:57:04Z
PPHC,13.635,2026-04-14T19:51:41Z
PPI,21.96,2026-04-14T19:59:52Z
PPIH,35.32,2026-04-14T19:59:55Z
PPL,39.63,2026-04-14T19:59:59Z
PPLC,52.19,2026-04-14T14:50:33Z
PPLT,191.22,2026-04-14T19:52:58Z
PPSI,2.49,2026-04-14T19:55:40Z
PPT,3.53,2026-04-14T19:34:59Z
PPTA,32.12,2026-04-14T19:59:41Z
PQJA,29.8,2026-04-14T19:59:51Z
PQOC,29.2,2026-04-14T16:56:09Z
PR,20,2026-04-14T19:59:58Z
PRA,24.63,2026-04-14T19:59:56Z
PRAA,19.86,2026-04-14T19:59:40Z
PRAX,343.07,2026-04-14T19:59:19Z
PRAY,34.21,2026-04-14T19:59:34Z
PRCH,7.07,2026-04-14T19:59:54Z
PRCS,26.91,2026-04-14T19:59:46Z
PRCT,24.58,2026-04-14T19:59:56Z
PRDO,35.04,2026-04-14T19:59:54Z
PRE,17.94,2026-04-14T19:52:18Z
PREF,19.045,2026-04-14T19:56:33Z
PRF,49.82,2026-04-14T19:59:45Z
PRFX,2.7,2026-04-14T18:58:59Z
PRFZ,49.04,2026-04-14T17:06:15Z
PRG,30.565,2026-04-14T19:59:55Z
PRGO,11.47,2026-04-14T19:59:55Z
PRGS,28.21,2026-04-14T19:59:49Z
PRH,23.98,2026-04-14T19:07:43Z
PRI,267.355,2026-04-14T19:59:47Z
PRIF-L,24.22,2026-04-14T14:47:27Z
PRIM,166.27,2026-04-14T19:59:57Z
PRK,171.94,2026-04-14T18:48:51Z
PRKS,37.715,2026-04-14T19:59:48Z
PRLB,61.99,2026-04-14T19:59:07Z
PRLD,4.39,2026-04-14T19:59:56Z
PRM,26.435,2026-04-14T19:59:57Z
PRMB,19.71,2026-04-14T19:59:54Z
PRME,3.69,2026-04-14T19:59:56Z
PRMR,24.68,2026-04-14T19:27:55Z
PRN,220.91,2026-04-14T16:46:43Z
PROF,6.34,2026-04-14T19:57:59Z
PROK,1.915,2026-04-14T19:59:32Z
PROP,1.27,2026-04-14T19:59:50Z
PRPL,0.6189,2026-04-14T19:59:32Z
PRQR,1.99,2026-04-14T19:59:51Z
PRS,23.525,2026-04-14T19:19:56Z
PRSO,0.9266,2026-04-14T19:57:41Z
PRSU,41.02,2026-04-14T19:59:52Z
PRT,3,2026-04-14T13:33:57Z
PRTA,10.61,2026-04-14T19:59:26Z
PRTH,4.93,2026-04-14T19:59:00Z
PRTO,26.73,2026-04-14T18:37:47Z
PRTS,0.7908,2026-04-14T19:58:54Z
PRU,98.77,2026-04-14T19:59:49Z
PRVA,23.13,2026-04-14T19:59:39Z
PRVS,29.67,2026-04-14T19:36:28Z
PRZO,0.69,2026-04-14T19:55:00Z
PSA,303.925,2026-04-14T19:59:56Z
PSA-G,20.145,2026-04-14T19:15:35Z
PSA-H,22.51,2026-04-14T17:13:10Z
PSA-J,18.605,2026-04-14T19:12:58Z
PSA-K,18.7,2026-04-14T18:51:57Z
PSA-L,18.35,2026-04-14T19:27:34Z
PSA-M,16.36,2026-04-14T16:46:15Z
PSA-N,15.22,2026-04-14T18:56:02Z
PSA-P,15.925,2026-04-14T19:57:24Z
PSA-R,15.81,2026-04-14T14:41:57Z
PSA-S,16.05,2026-04-14T18:53:32Z
PSBD,10.52,2026-04-14T19:51:41Z
PSC,61.13,2026-04-14T16:57:41Z
PSCC,32.42,2026-04-14T16:59:15Z
PSCM,102.09,2026-04-14T19:06:10Z
PSDM,51.31,2026-04-14T19:47:47Z
PSEC,2.735,2026-04-14T19:58:30Z
PSEC-A,18.07,2026-04-14T13:52:17Z
PSEP,44.53,2026-04-14T19:54:50Z
PSF,19.69,2026-04-14T14:23:47Z
PSFE,8.285,2026-04-14T19:59:30Z
PSFF,33.11,2026-04-14T19:00:46Z
PSHG,1.9,2026-04-14T14:02:23Z
PSI,114.11,2026-04-14T19:59:56Z
PSIG,6.67,2026-04-14T13:42:42Z
PSIL,18.13,2026-04-14T19:27:08Z
PSIX,85.415,2026-04-14T19:59:57Z
PSKY,11.08,2026-04-14T19:59:59Z
PSL,108.88,2026-04-14T16:30:50Z
PSLV,25.78,2026-04-14T19:59:59Z
PSMO,31.26,2026-04-14T19:13:56Z
PSMT,156.715,2026-04-14T19:51:32Z
PSN,55.995,2026-04-14T19:59:52Z
PSNL,6.685,2026-04-14T19:59:57Z
PSNY,20.875,2026-04-14T19:59:45Z
PSO,13.95,2026-04-14T19:59:58Z
PSP,60,2026-04-14T13:40:01Z
PSQ,29.595,2026-04-14T19:59:45Z
PSQA,20.51,2026-04-14T19:59:29Z
PSQH,0.575,2026-04-14T19:56:43Z
PSQO,20.68,2026-04-14T18:39:14Z
PSR,97.62,2026-04-14T13:54:25Z
PST,22.235,2026-04-14T19:50:57Z
PSTG,63.99,2026-04-14T19:59:51Z
PSTL,19.77,2026-04-14T19:59:45Z
PSTP,35.615,2026-04-14T17:06:03Z
PSTV,5.24,2026-04-14T18:06:12Z
PSX,158.77,2026-04-14T19:59:52Z
PTA,19.22,2026-04-14T19:56:47Z
PTBD,19.29,2026-04-14T19:55:00Z
PTC,133.625,2026-04-14T19:59:59Z
PTCT,73.06,2026-04-14T19:59:52Z
PTEN,9.885,2026-04-14T19:59:59Z
PTEU,32.46,2026-04-14T15:12:39Z
PTF,101.38,2026-04-14T19:59:41Z
PTGX,104.69,2026-04-14T19:59:59Z
PTH,52.06,2026-04-14T14:24:34Z
PTIR,13.85,2026-04-14T19:59:40Z
PTLC,54.26,2026-04-14T19:59:26Z
PTLE,8.71,2026-04-14T15:58:15Z
PTLO,5.565,2026-04-14T19:59:58Z
PTN,18.575,2026-04-14T13:31:12Z
PTON,4.775,2026-04-14T19:59:41Z
PTRB,41.94,2026-04-14T19:57:24Z
PTRN,13.36,2026-04-14T19:59:59Z
PTY,12.13,2026-04-14T19:59:50Z
PUBM,8.79,2026-04-14T19:59:56Z
PUI,47.96,2026-04-14T19:59:50Z
PUK,30.88,2026-04-14T19:59:56Z
PULS,49.625,2026-04-14T19:40:14Z
PUMP,13.665,2026-04-14T19:59:51Z
PURR,6.26,2026-04-14T19:59:57Z
PVAL,48.595,2026-04-14T19:59:48Z
PVH,87.935,2026-04-14T19:59:51Z
PVL,1.9,2026-04-14T14:48:42Z
PVLA,129.175,2026-04-14T19:54:50Z
PW,0.8701,2026-04-14T15:24:16Z
PWB,140.79,2026-04-14T19:54:36Z
PWP,21.475,2026-04-14T19:59:51Z
PWR,594.01,2026-04-14T19:59:31Z
PWRD,109.235,2026-04-14T19:59:55Z
PWV,71.395,2026-04-14T19:22:41Z
PWZ,24.29,2026-04-14T19:58:59Z
PXE,35.57,2026-04-14T19:59:51Z
PXED,27.755,2026-04-14T19:35:05Z
PXF,73.855,2026-04-14T16:58:47Z
PXH,28.4,2026-04-14T19:59:59Z
PXJ,41.36,2026-04-14T19:59:50Z
PXLW,5.43,2026-04-14T19:08:14Z
PXS,4.35,2026-04-14T18:47:23Z
PY,52.42,2026-04-14T19:59:50Z
PYLD,26.57,2026-04-14T19:59:51Z
PYPD,4.42,2026-04-14T19:59:48Z
PYPG,6.615,2026-04-14T19:57:36Z
PYPL,47.98,2026-04-14T19:59:57Z
PYXS,1.7,2026-04-14T19:59:54Z
PZA,23.335,2026-04-14T19:59:54Z
PZG,1.74,2026-04-14T19:59:37Z
PZT,22.49,2026-04-14T19:39:18Z
PZZA,34.93,2026-04-14T19:59:45Z
Q,132.77,2026-04-14T19:59:54Z
QAI,35.19,2026-04-14T18:00:28Z
QALT,25.28,2026-04-14T18:19:01Z
QAT,19.28,2026-04-14T14:38:57Z
QBF,18.24,2026-04-14T16:21:24Z
QBIF,25.56,2026-04-14T17:02:46Z
QBIG,37.51,2026-04-14T19:48:31Z
QBQV,26.17,2026-04-14T15:50:54Z
QBSF,26.57,2026-04-14T18:40:31Z
QBSV,25.92,2026-04-14T15:50:22Z
QBTS,16.99,2026-04-14T19:59:59Z
QBTX,10.495,2026-04-14T19:59:41Z
QBTZ,30.89,2026-04-14T19:59:05Z
QBUF,30.13,2026-04-14T19:31:19Z
QBUL,23.82,2026-04-14T17:13:31Z
QCAP,24.09,2026-04-14T17:33:17Z
QCJA,22.38,2026-04-14T19:17:21Z
QCJL,24.22,2026-04-14T18:24:46Z
QCLN,52.11,2026-04-14T19:42:44Z
QCLS,3.7,2026-04-14T19:59:58Z
QCML,12.24,2026-04-14T19:16:24Z
QCMU,15.32,2026-04-14T13:35:43Z
QCOM,132.81,2026-04-14T19:59:48Z
QCRH,90.51,2026-04-14T19:59:05Z
QDEF,82.94,2026-04-14T19:47:02Z
QDEL,17.31,2026-04-14T19:59:55Z
QDF,83.2,2026-04-14T17:18:35Z
QDPL,42.61,2026-04-14T16:16:20Z
QDTE,29.06,2026-04-14T19:59:54Z
QDVO,28.51,2026-04-14T19:59:47Z
QEFA,98.03,2026-04-14T14:43:15Z
QFIN,13.98,2026-04-14T19:59:49Z
QFLR,34.61,2026-04-14T15:25:32Z
QGEN,41.745,2026-04-14T19:59:57Z
QGRO,112.18,2026-04-14T15:06:32Z
QGRW,58.99,2026-04-14T19:57:29Z
QID,19.11,2026-04-14T19:59:40Z
QIG,44.72,2026-04-14T19:44:29Z
QJUN,32.77,2026-04-14T17:18:24Z
QLC,83.44,2026-04-14T19:53:55Z
QLD,72.09,2026-04-14T19:59:53Z
QLTA,47.93,2026-04-14T19:59:51Z
QLTI,26.4,2026-04-14T19:34:33Z
QLTY,39.02,2026-04-14T19:59:51Z
QLYS,83.23,2026-04-14T19:59:46Z
QMAG,24.17,2026-04-14T18:06:55Z
QMAR,35.19,2026-04-14T14:25:58Z
QMCO,6.91,2026-04-14T19:59:58Z
QMFE,23.15,2026-04-14T19:59:50Z
QMOM,74.86,2026-04-14T13:37:20Z
QNC,2.705,2026-04-14T19:58:40Z
QNCX,1.255,2026-04-14T19:59:50Z
QNRX,6.505,2026-04-14T18:52:09Z
QNST,12.175,2026-04-14T19:59:48Z
QNTM,3.04,2026-04-14T19:59:41Z
QPUX,20.03,2026-04-14T18:16:49Z
QPX,44.87,2026-04-14T18:19:18Z
QQA,52.915,2026-04-14T19:53:55Z
QQEW,132.23,2026-04-14T19:59:47Z
QQH,72.37,2026-04-14T13:32:20Z
QQMG,42.88,2026-04-14T15:19:51Z
QQQ,628.58,2026-04-14T19:59:59Z
QQQD,13.425,2026-04-14T19:59:12Z
QQQE,103.49,2026-04-14T19:59:30Z
QQQG,24.89,2026-04-14T19:36:03Z
QQQI,52.91,2026-04-14T19:59:50Z
QQQJ,39.78,2026-04-14T14:31:03Z
QQQM,258.77,2026-04-14T19:59:55Z
QQQT,16.84,2026-04-14T19:21:49Z
QQQU,50.715,2026-04-14T19:03:02Z
QQQX,29.18,2026-04-14T19:59:46Z
QQQY,22.12,2026-04-14T19:50:00Z
QQUP,52,2026-04-14T13:32:14Z
QQWZ,26.11,2026-04-14T18:09:01Z
QQXL,44.4,2026-04-14T19:58:25Z
QQXT,99.29,2026-04-14T19:59:50Z
QRMI,15.42,2026-04-14T14:15:00Z
QRVO,80.59,2026-04-14T19:59:38Z
QS,6.85,2026-04-14T19:59:56Z
QSI,0.8422,2026-04-14T19:58:43Z
QSR,78.57,2026-04-14T19:59:53Z
QSU,12.83,2026-04-14T14:07:01Z
QTEC,236.17,2026-04-14T19:59:50Z
QTJA,30.52,2026-04-14T15:41:29Z
QTOP,32.88,2026-04-14T18:49:32Z
QTRX,3.39,2026-04-14T19:59:53Z
QTTB,5.84,2026-04-14T19:59:47Z
QTUM,122.085,2026-04-14T19:59:54Z
QTWO,48.2,2026-04-14T19:59:44Z
QUAD,7.395,2026-04-14T19:59:24Z
QUAL,203.21,2026-04-14T19:57:43Z
QUBT,8.11,2026-04-14T19:59:55Z
QUBX,10.46,2026-04-14T19:54:50Z
QUCY,0.623,2026-04-14T19:59:50Z
QUIK,11.76,2026-04-14T19:59:39Z
QURE,17.085,2026-04-14T19:59:44Z
QUVU,28.53,2026-04-14T19:49:46Z
QVCC,10.06,2026-04-14T15:48:04Z
QVCGA,2.33,2026-04-14T19:55:00Z
QVCGP,2.58,2026-04-14T18:04:04Z
QVOY,28.19,2026-04-14T19:59:45Z
QXO,23.345,2026-04-14T19:59:58Z
QXO-B,64.02,2026-04-14T16:46:03Z
QYLD,17.63,2026-04-14T19:59:53Z
QYLG,27.4,2026-04-14T19:11:47Z
R,219.68,2026-04-14T19:59:21Z
RA,13.08,2026-04-14T19:49:43Z
RAA,28.775,2026-04-14T18:19:34Z
RAAQ,10.52,2026-04-14T19:58:23Z
RAAQW,1.69,2026-04-14T19:58:18Z
RAAX,41.54,2026-04-14T19:59:51Z
RACE,358.14,2026-04-14T19:59:56Z
RAFE,43.13,2026-04-14T18:58:45Z
RAIL,9.39,2026-04-14T19:56:44Z
RAL,46.53,2026-04-14T19:59:50Z
RAMP,26.2,2026-04-14T19:59:49Z
RANI,0.8331,2026-04-14T19:59:06Z
RAPP,36.18,2026-04-14T19:59:51Z
RARE,24.57,2026-04-14T19:59:56Z
RAVE,2.39,2026-04-14T16:52:04Z
RAVI,75.3,2026-04-14T19:36:33Z
RAYA,0.587,2026-04-14T19:29:26Z
RBA,103.37,2026-04-14T19:59:50Z
RBB,22.63,2026-04-14T17:51:04Z
RBBN,2.48,2026-04-14T19:59:48Z
RBC,598.62,2026-04-14T19:59:17Z
RBCAA,74.36,2026-04-14T18:07:01Z
RBLU,12.39,2026-04-14T19:59:50Z
RBLX,58.315,2026-04-14T19:59:52Z
RBNE,1.81,2026-04-14T19:59:55Z
RBRK,48.01,2026-04-14T19:59:53Z
RBUF,30.18,2026-04-14T19:04:47Z
RC,1.62,2026-04-14T19:59:10Z
RCAT,12.64,2026-04-14T19:59:58Z
RCAX,12.26,2026-04-14T19:46:50Z
RCEL,5.605,2026-04-14T19:59:43Z
RCI,33.28,2026-04-14T19:59:59Z
RCKT,3.645,2026-04-14T19:59:53Z
RCKY,41.76,2026-04-14T17:51:54Z
RCL,281.52,2026-04-14T19:59:59Z
RCMT,28.485,2026-04-14T19:58:20Z
RCON,0.86,2026-04-14T19:16:43Z
RCS,5.31,2026-04-14T19:56:45Z
RCT,0.7065,2026-04-14T19:59:00Z
RCUS,23.005,2026-04-14T19:59:55Z
RDAGW,0.4821,2026-04-14T14:47:18Z
RDCM,12.055,2026-04-14T16:10:33Z
RDDT,154.61,2026-04-14T19:59:53Z
RDFI,23.77,2026-04-14T19:16:31Z
RDGT,2.225,2026-04-14T19:32:00Z
RDHL,0.8012,2026-04-14T16:15:54Z
RDIV,54.735,2026-04-14T19:58:35Z
RDN,34.665,2026-04-14T19:59:15Z
RDNT,57.76,2026-04-14T19:59:55Z
RDNW,6.6,2026-04-14T19:40:41Z
RDTE,28.46,2026-04-14T19:50:43Z
RDTL,18.93,2026-04-14T18:42:50Z
RDTY,37.63,2026-04-14T13:31:02Z
RDVI,27.285,2026-04-14T19:59:46Z
RDVT,36.64,2026-04-14T19:55:00Z
RDVY,73.42,2026-04-14T19:59:33Z
RDW,9.79,2026-04-14T19:59:59Z
RDWR,24.02,2026-04-14T19:59:40Z
RDWU,10.77,2026-04-14T19:14:15Z
RDY,13.15,2026-04-14T19:59:58Z
RDZN,1.19,2026-04-14T18:54:21Z
REAL,10.58,2026-04-14T19:59:53Z
REAX,2.56,2026-04-14T19:59:59Z
REBN,2.85,2026-04-14T19:51:07Z
RECS,41.11,2026-04-14T19:59:10Z
RECT,1.99,2026-04-14T19:59:03Z
REET,26.845,2026-04-14T19:58:43Z
REFI,11.86,2026-04-14T19:53:28Z
REFR,0.9994,2026-04-14T19:58:53Z
REG,79.55,2026-04-14T19:59:51Z
REGCO,22.355,2026-04-14T17:05:47Z
REGL,90.2,2026-04-14T19:59:50Z
REGN,755.29,2026-04-14T19:59:54Z
REGS,10.39,2026-04-14T14:09:05Z
REI,1.3,2026-04-14T19:59:54Z
REIT,29.14,2026-04-14T19:52:07Z
REKR,0.8563,2026-04-14T19:59:59Z
RELL,13.575,2026-04-14T19:58:35Z
RELX,34.71,2026-04-14T19:59:57Z
RELY,17.91,2026-04-14T19:59:57Z
REM,22.59,2026-04-14T19:54:40Z
REMC,20.91,2026-04-14T16:31:25Z
REMX,98.67,2026-04-14T19:59:56Z
RENT,5.22,2026-04-14T19:59:38Z
RENX,2.82,2026-04-14T19:59:27Z
REPL,1.935,2026-04-14T19:59:58Z
REPX,34.77,2026-04-14T19:59:15Z
RERE,4.78,2026-04-14T19:59:49Z
RES,6.64,2026-04-14T19:59:59Z
RESM,21.82,2026-04-14T16:31:41Z
RETL,8.265,2026-04-14T19:50:40Z
RETO,0.8201,2026-04-14T19:55:28Z
REVB,1.2,2026-04-14T19:03:45Z
REW,10.27,2026-04-14T15:04:35Z
REX,42.92,2026-04-14T19:58:32Z
REXR,35.275,2026-04-14T19:59:54Z
REYN,21.735,2026-04-14T19:59:52Z
REZ,87.89,2026-04-14T19:30:03Z
REZI,39.22,2026-04-14T19:59:55Z
RF,27.74,2026-04-14T19:59:56Z
RF-C,24.53,2026-04-14T14:58:18Z
RF-F,25.69,2026-04-14T16:07:26Z
RFAI,10.96,2026-04-14T14:00:19Z
RFG,58.86,2026-04-14T19:59:50Z
RFI,11.51,2026-04-14T15:46:00Z
RFIL,12.26,2026-04-14T19:59:49Z
RFIX,38.52,2026-04-14T17:01:45Z
RFL,1.27,2026-04-14T19:53:23Z
RFLR,29.87,2026-04-14T14:28:38Z
RFM,14.45,2026-04-14T19:04:08Z
RFMZ,13.05,2026-04-14T18:16:34Z
RFV,135.22,2026-04-14T18:21:28Z
RGA,205.78,2026-04-14T19:59:50Z
RGC,30.54,2026-04-14T19:15:40Z
RGEN,131.02,2026-04-14T19:59:53Z
RGLD,271.48,2026-04-14T19:59:39Z
RGNX,9.28,2026-04-14T19:59:59Z
RGP,3.765,2026-04-14T19:59:54Z
RGR,42.31,2026-04-14T19:58:05Z
RGS,24.44,2026-04-14T18:31:31Z
RGTI,16.87,2026-04-14T19:59:57Z
RGTIW,6.98,2026-04-14T18:51:33Z
RGTU,19.28,2026-04-14T13:59:03Z
RGTX,20.46,2026-04-14T19:53:10Z
RGTZ,17.17,2026-04-14T19:50:12Z
RH,130.76,2026-04-14T19:59:59Z
RHI,25.39,2026-04-14T19:59:55Z
RHLD,152.07,2026-04-14T19:33:44Z
RHP,102.06,2026-04-14T19:59:39Z
RICK,24.7,2026-04-14T19:52:39Z
RIET,9.495,2026-04-14T19:59:46Z
RIG,6.175,2026-04-14T19:59:58Z
RIGL,31.385,2026-04-14T19:59:44Z
RIGS,22.95,2026-04-14T18:19:10Z
RILY,7.91,2026-04-14T19:59:52Z
RILYG,23.63,2026-04-14T17:19:52Z
RILYL,13.12,2026-04-14T14:37:26Z
RILYP,12.41,2026-04-14T18:49:57Z
RILYT,18.6,2026-04-14T13:56:00Z
RIME,1.04,2026-04-14T19:56:39Z
RING,87.075,2026-04-14T19:58:02Z
RIO,98.86,2026-04-14T19:59:52Z
RIOT,18.11,2026-04-14T19:59:58Z
RIOX,31.19,2026-04-14T19:28:32Z
RISR,36.21,2026-04-14T17:21:53Z
RITM,10.11,2026-04-14T19:59:59Z
RITM-B,25,2026-04-14T19:59:30Z
RITM-C,24.3,2026-04-14T14:04:30Z
RITM-D,24.89,2026-04-14T15:15:01Z
RITM-E,24.68,2026-04-14T15:12:31Z
RITR,0.5105,2026-04-14T19:59:51Z
RIV,11.545,2026-04-14T19:52:01Z
RIVN,15.985,2026-04-14T19:59:56Z
RJDI,28.1,2026-04-14T19:58:00Z
RJET,19.44,2026-04-14T19:53:17Z
RJF,153.225,2026-04-14T19:59:57Z
RJMI,25.56,2026-04-14T15:47:08Z
RKDA,1.34,2026-04-14T13:31:00Z
RKLB,72.2,2026-04-14T19:59:54Z
RKLX,31.81,2026-04-14T19:59:50Z
RKLZ,18.36,2026-04-14T19:08:19Z
RKT,15.41,2026-04-14T19:59:58Z
RKTL,14.77,2026-04-14T18:50:06Z
RL,373.09,2026-04-14T19:59:59Z
RLAY,14.745,2026-04-14T19:59:54Z
RLGT,8.09,2026-04-14T19:59:50Z
RLI,57.86,2026-04-14T19:59:54Z
RLJ,8.19,2026-04-14T19:59:54Z
RLMD,7.17,2026-04-14T19:59:54Z
RLX,2.185,2026-04-14T19:59:57Z
RLY,36.55,2026-04-14T19:59:50Z
RLYB,8.235,2026-04-14T19:55:46Z
RM,38.04,2026-04-14T19:45:21Z
RMAX,5.91,2026-04-14T19:59:52Z
RMBI,14.3,2026-04-14T19:38:54Z
RMBS,121.84,2026-04-14T19:59:57Z
RMCF,2.31,2026-04-14T18:13:06Z
RMD,230.665,2026-04-14T19:59:55Z
RMI,15.545,2026-04-14T19:36:12Z
RMIF,24.32,2026-04-14T19:33:11Z
RMIX,13.04,2026-04-14T19:59:55Z
RMM,14.48,2026-04-14T16:59:07Z
RMNI,3.475,2026-04-14T19:59:32Z
RMOP,25.25,2026-04-14T17:58:16Z
RMR,16.63,2026-04-14T19:54:59Z
RMSG,2.395,2026-04-14T19:59:57Z
RMSGW,0.09,2026-04-14T19:59:06Z
RMT,12.865,2026-04-14T19:58:07Z
RMTI,0.919,2026-04-14T19:47:18Z
RNA,14.03,2026-04-14T19:59:51Z
RNAC,6.36,2026-04-14T19:59:33Z
RNAZ,9.94,2026-04-14T15:34:49Z
RNEM,57.3,2026-04-14T13:58:31Z
RNG,37.19,2026-04-14T19:59:53Z
RNGR,16.65,2026-04-14T19:59:23Z
RNIN,30.21,2026-04-14T13:43:35Z
RNP,20.67,2026-04-14T19:59:03Z
RNR,307.795,2026-04-14T19:59:30Z
RNST,39.79,2026-04-14T19:59:54Z
RNTX,1.56,2026-04-14T16:37:08Z
RNW,4.85,2026-04-14T19:59:57Z
RNWZ,33.02,2026-04-14T15:44:06Z
RNXT,1.02,2026-04-14T19:59:41Z
ROAD,114.64,2026-04-14T19:59:42Z
ROAM,33.24,2026-04-14T14:53:29Z
ROBN,21.96,2026-04-14T19:59:01Z
ROBO,76.31,2026-04-14T17:43:49Z
ROBT,48.58,2026-04-14T18:59:36Z
ROC,6.2,2026-04-14T19:59:43Z
ROCK,41.52,2026-04-14T19:59:44Z
RODM,41.22,2026-04-14T16:05:44Z
ROG,117.45,2026-04-14T19:59:17Z
ROIV,29.115,2026-04-14T19:59:56Z
ROK,405.22,2026-04-14T19:59:51Z
ROKT,110.895,2026-04-14T14:02:03Z
ROKU,106.52,2026-04-14T19:59:53Z
ROL,54.79,2026-04-14T19:59:55Z
ROLR,7.36,2026-04-14T19:59:49Z
ROM,96.63,2026-04-14T19:59:51Z
ROMA,4.92,2026-04-14T14:30:34Z
RONB,23.16,2026-04-14T19:59:52Z
ROOT,46.32,2026-04-14T19:59:51Z
ROP,354.075,2026-04-14T19:59:59Z
ROST,223.23,2026-04-14T19:59:49Z
RPAR,22.95,2026-04-14T16:35:23Z
RPAY,3.065,2026-04-14T19:59:49Z
RPC,7.545,2026-04-14T19:59:50Z
RPD,5.33,2026-04-14T19:59:56Z
RPG,52.65,2026-04-14T19:58:04Z
RPGL,0.531,2026-04-14T18:27:41Z
RPHS,10.05,2026-04-14T19:31:44Z
RPID,2.2,2026-04-14T19:59:49Z
RPM,108.65,2026-04-14T19:59:48Z
RPRX,48.825,2026-04-14T19:59:54Z
RPT,14.15,2026-04-14T19:59:45Z
RPV,108.36,2026-04-14T19:52:37Z
RQI,12.92,2026-04-14T19:55:02Z
RR,2.235,2026-04-14T19:59:54Z
RRBI,95.215,2026-04-14T18:59:06Z
RRC,40.68,2026-04-14T19:59:54Z
RRGB,3.52,2026-04-14T19:59:47Z
RRR,57.6,2026-04-14T19:59:59Z
RRX,209.62,2026-04-14T19:59:59Z
RS,323.375,2026-04-14T19:59:48Z
RSBT,19.14,2026-04-14T18:22:48Z
RSBY,18.46,2026-04-14T14:58:58Z
RSF,14.7,2026-04-14T19:12:39Z
RSG,211.57,2026-04-14T19:59:47Z
RSI,22.33,2026-04-14T19:59:54Z
RSKD,4.18,2026-04-14T19:59:55Z
RSP,199.66,2026-04-14T19:59:59Z
RSPA,51.64,2026-04-14T18:01:09Z
RSPD,56.23,2026-04-14T18:26:06Z
RSPG,100.71,2026-04-14T19:55:07Z
RSPM,39.87,2026-04-14T19:29:57Z
RSPN,60.87,2026-04-14T19:59:54Z
RSPS,29.33,2026-04-14T19:43:46Z
RSPT,49.14,2026-04-14T19:56:00Z
RSPU,82.37,2026-04-14T19:57:59Z
RSSB,29.35,2026-04-14T19:59:50Z
RSSE,22.07,2026-04-14T13:54:00Z
RSSL,105.17,2026-04-14T19:06:44Z
RSSS,2.335,2026-04-14T19:07:40Z
RSST,30.505,2026-04-14T19:54:41Z
RSSX,26.32,2026-04-14T18:22:33Z
RSSY,23.515,2026-04-14T16:56:09Z
RSVR,9.93,2026-04-14T19:59:16Z
RTAC,10.3,2026-04-14T14:35:21Z
RTACW,0.59,2026-04-14T19:41:05Z
RTH,264.05,2026-04-14T15:59:48Z
RTO,34.535,2026-04-14T19:59:57Z
RTX,202.78,2026-04-14T19:59:54Z
RTXG,26.66,2026-04-14T14:28:01Z
RUBI,3.68,2026-04-14T19:59:45Z
RUM,5.23,2026-04-14T19:59:54Z
RUMBW,0.985,2026-04-14T15:49:36Z
RUN,12.47,2026-04-14T19:59:59Z
RUNN,33.43,2026-04-14T19:57:03Z
RUSHA,71.23,2026-04-14T19:59:44Z
RUSHB,72.21,2026-04-14T19:09:31Z
RVI,24.89,2026-04-14T19:58:02Z
RVLV,25.08,2026-04-14T19:59:52Z
RVMD,147.1,2026-04-14T19:59:50Z
RVMDW,5.36,2026-04-14T19:39:22Z
RVNL,33.63,2026-04-14T13:41:53Z
RVNU,24.855,2026-04-14T18:52:12Z
RVPH,0.8475,2026-04-14T19:58:54Z
RVSB,5.51,2026-04-14T13:45:30Z
RVSN,8.85,2026-04-14T17:25:17Z
RVT,18.145,2026-04-14T19:54:05Z
RVTY,93.54,2026-04-14T19:59:53Z
RVYL,5.96,2026-04-14T18:51:38Z
RWAY,6.48,2026-04-14T19:59:54Z
RWJ,53.55,2026-04-14T19:38:15Z
RWL,119.8,2026-04-14T19:57:23Z
RWM,14.99,2026-04-14T19:59:33Z
RWO,48.67,2026-04-14T18:30:06Z
RWR,107.23,2026-04-14T19:59:32Z
RWT,6.05,2026-04-14T19:59:57Z
RWTP,24.38,2026-04-14T19:54:41Z
RWTQ,23.83,2026-04-14T18:19:12Z
RXO,16.23,2026-04-14T19:59:54Z
RXRX,3.535,2026-04-14T19:59:56Z
RXST,7.27,2026-04-14T19:59:55Z
RXT,1.24,2026-04-14T19:59:56Z
RY,174.86,2026-04-14T19:59:50Z
RYAAY,62.53,2026-04-14T19:59:54Z
RYAM,10.14,2026-04-14T19:59:59Z
RYAN,35.7,2026-04-14T19:59:54Z
RYDE,1.37,2026-04-14T19:59:07Z
RYET,1.07,2026-04-14T16:55:50Z
RYLD,15.285,2026-04-14T19:58:15Z
RYM,24.88,2026-04-14T15:26:57Z
RYN,21.29,2026-04-14T19:59:54Z
RYTM,87.28,2026-04-14T19:59:35Z
RYZ,24.71,2026-04-14T19:59:58Z
RZLT,3.55,2026-04-14T19:59:59Z
RZLV,2.595,2026-04-14T19:59:51Z
S,12.76,2026-04-14T19:59:59Z
SA,31.735,2026-04-14T19:59:50Z
SAA,30.68,2026-04-14T14:14:44Z
SAAQ,10.12,2026-04-14T18:39:13Z
SAAQW,0.615,2026-04-14T14:42:40Z
SABR,1.57,2026-04-14T19:59:31Z
SABS,3.85,2026-04-14T19:59:05Z
SAC+,0.4,2026-04-14T18:50:26Z
SACH,1.05,2026-04-14T19:50:11Z
SACH-A,17.95,2026-04-14T19:18:26Z
SAFE,15.45,2026-04-14T19:59:50Z
SAFT,74.645,2026-04-14T17:15:46Z
SAFX,0.8969,2026-04-14T19:59:54Z
SAGT,1.96,2026-04-14T19:58:02Z
SAH,68,2026-04-14T19:55:35Z
SAIA,404.91,2026-04-14T19:59:52Z
SAIC,94.53,2026-04-14T19:58:32Z
SAIL,11.1,2026-04-14T19:59:52Z
SAM,236.59,2026-04-14T19:59:50Z
SAMT,41.85,2026-04-14T16:23:27Z
SAN,12.56,2026-04-14T19:59:54Z
SANA,3.475,2026-04-14T19:59:57Z
SANM,154.43,2026-04-14T19:59:41Z
SAP,167.84,2026-04-14T19:59:49Z
SAR,22.82,2026-04-14T19:59:01Z
SARK,29.76,2026-04-14T19:59:00Z
SARO,27.56,2026-04-14T19:59:49Z
SASS,24.54,2026-04-14T18:17:54Z
SATA,97.85,2026-04-14T19:42:22Z
SATL,7.29,2026-04-14T19:59:57Z
SATLW,1.61,2026-04-14T14:04:31Z
SATO,16.61,2026-04-14T17:10:03Z
SATS,130.4,2026-04-14T19:59:59Z
SAWS,23.09,2026-04-14T17:57:07Z
SB,6.48,2026-04-14T19:58:55Z
SBAC,218.175,2026-04-14T19:59:30Z
SBAR,25.46,2026-04-14T19:31:06Z
SBB,12.41,2026-04-14T15:08:44Z
SBC,4.32,2026-04-14T18:10:18Z
SBCF,32.36,2026-04-14T19:59:53Z
SBET,7.13,2026-04-14T19:59:59Z
SBEV,0.3709,2026-04-14T19:45:48Z
SBGI,15.56,2026-04-14T19:59:54Z
SBH,14.13,2026-04-14T19:59:57Z
SBI,7.855,2026-04-14T19:59:45Z
SBIL,100.22,2026-04-14T19:59:50Z
SBIO,56.19,2026-04-14T19:59:50Z
SBIT,46.84,2026-04-14T19:53:27Z
SBLK,24.59,2026-04-14T19:59:55Z
SBLX,2.31,2026-04-14T18:27:03Z
SBND,18.88,2026-04-14T18:45:14Z
SBR,73.81,2026-04-14T18:17:33Z
SBRA,20.33,2026-04-14T19:59:59Z
SBS,33.81,2026-04-14T19:59:47Z
SBSI,33.14,2026-04-14T19:37:11Z
SBSW,13.41,2026-04-14T19:59:56Z
SBTU,3.78,2026-04-14T19:53:38Z
SBUX,98.45,2026-04-14T19:59:49Z
SCC,14.815,2026-04-14T16:45:03Z
SCCO,193.44,2026-04-14T19:59:57Z
SCCR,25.79,2026-04-14T19:56:41Z
SCD,15.41,2026-04-14T19:59:53Z
SCDV,26.43,2026-04-14T14:10:57Z
SCE-M,24.67,2026-04-14T19:59:40Z
SCEC,25.205,2026-04-14T14:37:46Z
SCEP,24.54,2026-04-14T19:52:13Z
SCHA,31.445,2026-04-14T19:59:55Z
SCHB,26.82,2026-04-14T19:59:59Z
SCHC,50.18,2026-04-14T19:59:50Z
SCHD,30.69,2026-04-14T19:59:53Z
SCHE,35.32,2026-04-14T19:59:59Z
SCHF,26.605,2026-04-14T19:59:57Z
SCHG,31.51,2026-04-14T19:59:42Z
SCHH,22.88,2026-04-14T19:59:49Z
SCHI,22.86,2026-04-14T19:59:51Z
SCHJ,24.785,2026-04-14T19:53:10Z
SCHK,33.44,2026-04-14T19:50:49Z
SCHL,39.96,2026-04-14T19:59:55Z
SCHM,33.08,2026-04-14T19:59:40Z
SCHO,24.26,2026-04-14T19:24:44Z
SCHP,26.85,2026-04-14T19:59:55Z
SCHQ,31.63,2026-04-14T19:59:30Z
SCHR,24.96,2026-04-14T19:59:39Z
SCHV,31.81,2026-04-14T19:59:47Z
SCHW,98.35,2026-04-14T19:59:52Z
SCHX,27.36,2026-04-14T19:59:59Z
SCHY,32.835,2026-04-14T19:55:49Z
SCHZ,23.335,2026-04-14T19:59:54Z
SCI,82.105,2026-04-14T19:59:47Z
SCIO,20.76,2026-04-14T19:59:46Z
SCL,51.665,2026-04-14T19:59:29Z
SCM,9.715,2026-04-14T19:59:38Z
SCMB,25.705,2026-04-14T19:58:55Z
SCNX,0.3504,2026-04-14T13:53:23Z
SCO,7.91,2026-04-14T19:59:36Z
SCSC,38.62,2026-04-14T19:59:58Z
SCUB,25.04,2026-04-14T19:30:04Z
SCUS,25.185,2026-04-14T13:54:02Z
SCVL,17.86,2026-04-14T19:59:55Z
SCWO,3.31,2026-04-14T18:48:05Z
SCYB,26.325,2026-04-14T19:55:02Z
SCYX,1.015,2026-04-14T19:59:49Z
SCZ,83.97,2026-04-14T19:59:59Z
SCZM,9.04,2026-04-14T19:59:22Z
SD,14.795,2026-04-14T19:59:59Z
SDA,1.675,2026-04-14T19:59:27Z
SDCI,27.4,2026-04-14T19:59:50Z
SDEM,34.02,2026-04-14T18:51:20Z
SDEV,1.625,2026-04-14T19:49:59Z
SDGR,11.92,2026-04-14T19:59:53Z
SDHC,13.69,2026-04-14T19:57:39Z
SDHY,16.205,2026-04-14T18:37:41Z
SDIV,26.15,2026-04-14T19:59:54Z
SDOG,65.27,2026-04-14T19:59:50Z
SDOW,30.53,2026-04-14T19:59:45Z
SDP,10.56,2026-04-14T13:41:23Z
SDRL,46.05,2026-04-14T19:59:53Z
SDS,66.05,2026-04-14T19:59:18Z
SDSI,51.395,2026-04-14T19:05:48Z
SDST,2.69,2026-04-14T18:06:55Z
SDVD,22.88,2026-04-14T17:24:54Z
SDVY,41.715,2026-04-14T19:59:21Z
SDY,147.49,2026-04-14T19:59:14Z
SE,85.58,2026-04-14T19:59:48Z
SEA,17.24,2026-04-14T15:23:31Z
SEAL-B,25.42,2026-04-14T15:59:14Z
SEAT,6.8,2026-04-14T17:47:44Z
SEB,5771.48,2026-04-14T19:28:45Z
SECT,64.63,2026-04-14T19:57:02Z
SEDG,42.935,2026-04-14T19:59:54Z
SEED,1.29,2026-04-14T18:31:11Z
SEER,1.94,2026-04-14T19:59:50Z
SEG,22.58,2026-04-14T19:50:05Z
SEGG,0.5676,2026-04-14T19:57:55Z
SEI,65.07,2026-04-14T19:59:56Z
SEIC,79.8,2026-04-14T19:59:57Z
SEIE,34.9,2026-04-14T19:36:33Z
SEIM,49.8,2026-04-14T19:09:29Z
SEIQ,37.77,2026-04-14T19:12:26Z
SEIS,29.93,2026-04-14T19:41:24Z
SEIV,43.14,2026-04-14T17:48:58Z
SEIX,23.16,2026-04-14T14:19:52Z
SELF,5.4,2026-04-14T19:59:17Z
SELV,32.39,2026-04-14T18:56:17Z
SELX,0.336,2026-04-14T16:11:37Z
SEM,16.4,2026-04-14T19:59:58Z
SEMR,11.955,2026-04-14T19:59:12Z
SEMY,16.96,2026-04-14T19:24:41Z
SENEA,162.74,2026-04-14T19:50:40Z
SENS,6.755,2026-04-14T19:50:06Z
SEPI,26.5,2026-04-14T19:59:50Z
SEPN,24.09,2026-04-14T19:59:02Z
SEPT,35.885,2026-04-14T19:31:01Z
SEPU,29.14,2026-04-14T18:19:45Z
SEPW,32.465,2026-04-14T15:54:10Z
SEPZ,42.63,2026-04-14T18:01:15Z
SER,1.95,2026-04-14T19:15:14Z
SERA,2.05,2026-04-14T19:39:18Z
SERV,8.96,2026-04-14T19:59:54Z
SES,1.1,2026-04-14T19:59:53Z
SETH,43.22,2026-04-14T19:55:01Z
SETM,36.93,2026-04-14T19:52:22Z
SEV,3.15,2026-04-14T19:57:25Z
SEVN,8.475,2026-04-14T19:59:56Z
SEZL,67.97,2026-04-14T19:59:46Z
SF,80.64,2026-04-14T19:59:43Z
SF-B,23.82,2026-04-14T15:51:37Z
SF-C,23.38,2026-04-14T19:21:04Z
SFB,19.78,2026-04-14T17:18:55Z
SFBS,78.33,2026-04-14T19:59:49Z
SFD,28.81,2026-04-14T19:59:50Z
SFEB,24.83,2026-04-14T18:47:25Z
SFHG,2.42,2026-04-14T19:14:20Z
SFIX,3.335,2026-04-14T19:59:02Z
SFL,10.77,2026-04-14T19:59:49Z
SFLO,30.98,2026-04-14T19:59:50Z
SFLR,36.44,2026-04-14T19:59:46Z
SFM,75.23,2026-04-14T19:59:46Z
SFNC,20.565,2026-04-14T19:59:53Z
SFST,58.87,2026-04-14T18:15:03Z
SFTX,28.95,2026-04-14T17:21:55Z
SFWL,0.9801,2026-04-14T14:01:46Z
SFY,134.96,2026-04-14T17:01:24Z
SFYF,55.07,2026-04-14T19:52:33Z
SG,6.195,2026-04-14T19:59:57Z
SGDJ,96.865,2026-04-14T19:52:43Z
SGDM,82.9,2026-04-14T15:48:22Z
SGHC,10.93,2026-04-14T19:59:53Z
SGHT,3.815,2026-04-14T19:59:55Z
SGI,81.84,2026-04-14T19:59:53Z
SGML,17.555,2026-04-14T19:59:54Z
SGMO,0.255,2026-04-14T19:59:44Z
SGMT,5.56,2026-04-14T19:59:51Z
SGOL,46.15,2026-04-14T19:59:36Z
SGOV,100.51,2026-04-14T19:59:50Z
SGP,24.41,2026-04-14T19:59:28Z
SGRP,0.5821,2026-04-14T15:57:00Z
SGRT,30.95,2026-04-14T13:33:00Z
SGRY,13.09,2026-04-14T19:59:57Z
SGVT,100.61,2026-04-14T19:59:20Z
SH,35.57,2026-04-14T19:59:43Z
SHAK,102.79,2026-04-14T19:59:58Z
SHAZ,34.65,2026-04-14T19:59:29Z
SHBI,19.305,2026-04-14T19:59:43Z
SHC,15.95,2026-04-14T19:59:59Z
SHDG,31.75,2026-04-14T16:04:24Z
SHE,135.75,2026-04-14T16:19:38Z
SHEL,91.37,2026-04-14T19:59:53Z
SHEN,15.19,2026-04-14T19:59:56Z
SHFS,0.7597,2026-04-14T18:04:28Z
SHG,68.18,2026-04-14T19:59:12Z
SHIM,4.72,2026-04-14T19:54:52Z
SHIP,14.63,2026-04-14T19:01:34Z
SHLD,74.34,2026-04-14T19:59:51Z
SHLS,7.21,2026-04-14T19:59:56Z
SHM,47.96,2026-04-14T19:59:57Z
SHMD,5.66,2026-04-14T19:59:35Z
SHMDW,1.83,2026-04-14T16:58:51Z
SHNY,15.18,2026-04-14T19:58:02Z
SHO,9.735,2026-04-14T19:59:58Z
SHOC,84.83,2026-04-14T13:33:55Z
SHOO,38.16,2026-04-14T19:59:49Z
SHOP,117.625,2026-04-14T19:59:52Z
SHPU,13.22,2026-04-14T18:55:36Z
SHV,110.22,2026-04-14T19:59:56Z
SHW,333.635,2026-04-14T19:59:56Z
SHY,82.525,2026-04-14T19:59:56Z
SHYD,22.67,2026-04-14T16:34:43Z
SHYG,42.64,2026-04-14T19:59:50Z
SHYL,44.72,2026-04-14T19:59:45Z
SHYM,22.165,2026-04-14T19:55:03Z
SI,14.86,2026-04-14T17:30:34Z
SIBN,14.43,2026-04-14T19:59:57Z
SID,1.34,2026-04-14T19:59:56Z
SIDU,5.31,2026-04-14T19:59:54Z
SIEB,1.865,2026-04-14T19:10:19Z
SIF,15.68,2026-04-14T19:59:53Z
SIFY,13,2026-04-14T18:21:37Z
SIG,93.43,2026-04-14T19:59:51Z
SIGA,4.59,2026-04-14T19:59:55Z
SIGI,80.92,2026-04-14T19:59:25Z
SIHY,45.42,2026-04-14T19:38:07Z
SII,149.47,2026-04-14T19:58:24Z
SIJ,8.97,2026-04-14T19:59:29Z
SIL,99.79,2026-04-14T19:59:59Z
SILA,24.94,2026-04-14T19:59:59Z
SILJ,32.68,2026-04-14T19:59:54Z
SILO,0.3986,2026-04-14T19:58:45Z
SIMA,11.305,2026-04-14T14:42:56Z
SIMO,130.05,2026-04-14T19:59:57Z
SINT,2.875,2026-04-14T16:41:48Z
SION,43.28,2026-04-14T19:59:49Z
SIOO,19.43,2026-04-14T15:59:41Z
SIRI,23.71,2026-04-14T19:59:54Z
SITC,5.31,2026-04-14T19:59:45Z
SITE,137.75,2026-04-14T19:59:22Z
SITM,445.93,2026-04-14T19:59:51Z
SIVR,75.655,2026-04-14T19:59:56Z
SIXD,29.38,2026-04-14T17:25:18Z
SIXG,75.7,2026-04-14T19:59:58Z
SIXO,34.86,2026-04-14T17:24:20Z
SIXP,32.38,2026-04-14T15:13:07Z
SIXS,54.35,2026-04-14T16:02:54Z
SIZE,166.98,2026-04-14T19:59:15Z
SJB,15.27,2026-04-14T19:58:37Z
SJM,92.17,2026-04-14T19:59:50Z
SJNK,25.165,2026-04-14T19:59:24Z
SJT,4.58,2026-04-14T19:59:50Z
SKBL,3.44,2026-04-14T19:58:18Z
SKE,33.39,2026-04-14T19:59:48Z
SKF,28.17,2026-04-14T13:30:04Z
SKIL,5.43,2026-04-14T19:59:57Z
SKIN,0.9889,2026-04-14T19:59:47Z
SKLZ,2.8,2026-04-14T19:56:24Z
SKM,36.61,2026-04-14T19:59:48Z
SKOR,48.84,2026-04-14T19:59:31Z
SKRE,7.585,2026-04-14T19:59:45Z
SKT,36.63,2026-04-14T19:59:50Z
SKWD,45.89,2026-04-14T19:59:40Z
SKY,78.675,2026-04-14T19:59:48Z
SKYE,0.8175,2026-04-14T19:59:55Z
SKYH,10.795,2026-04-14T19:59:16Z
SKYQ,9.41,2026-04-14T19:58:55Z
SKYT,31.4,2026-04-14T19:59:51Z
SKYU,24.585,2026-04-14T18:20:31Z
SKYW,98.065,2026-04-14T19:59:20Z
SKYX,1.18,2026-04-14T19:59:59Z
SKYY,109.28,2026-04-14T19:59:05Z
SLAB,211.075,2026-04-14T19:59:57Z
SLB,51.49,2026-04-14T19:59:59Z
SLDB,8.23,2026-04-14T19:59:49Z
SLDE,17.91,2026-04-14T19:59:48Z
SLDP,3.15,2026-04-14T19:59:57Z
SLE,3.955,2026-04-14T19:56:55Z
SLF,67.13,2026-04-14T19:59:20Z
SLG,40.65,2026-04-14T19:59:55Z
SLG-I,20.7,2026-04-14T19:03:05Z
SLGB,0.92,2026-04-14T19:52:55Z
SLGL,76.495,2026-04-14T18:55:56Z
SLGN,41.475,2026-04-14T19:59:33Z
SLI,3.49,2026-04-14T19:59:57Z
SLM,22.04,2026-04-14T19:59:56Z
SLMT,0.8461,2026-04-14T19:59:40Z
SLN,6.1,2026-04-14T19:59:59Z
SLND,1.105,2026-04-14T17:51:04Z
SLNG,3.61,2026-04-14T16:23:45Z
SLNH,1.055,2026-04-14T19:58:37Z
SLNO,52.625,2026-04-14T19:59:46Z
SLON,5.17,2026-04-14T19:59:45Z
SLP,13.325,2026-04-14T19:59:41Z
SLQD,50.535,2026-04-14T19:59:45Z
SLQT,0.724,2026-04-14T19:59:15Z
SLRC,15.805,2026-04-14T19:59:22Z
SLS,4.85,2026-04-14T19:59:58Z
SLSN,1.1,2026-04-14T19:58:19Z
SLSR,10.24,2026-04-14T19:59:52Z
SLTY,27.92,2026-04-14T19:56:58Z
SLV,72.05,2026-04-14T19:59:56Z
SLVM,42.845,2026-04-14T19:59:55Z
SLVP,39.47,2026-04-14T19:56:34Z
SLVR,63.69,2026-04-14T19:54:50Z
SLX,100.17,2026-04-14T19:32:22Z
SLYG,104.4,2026-04-14T18:15:45Z
SLYV,99.47,2026-04-14T19:59:30Z
SM,27.665,2026-04-14T19:59:59Z
SMA,32.32,2026-04-14T19:59:45Z
SMB,17.305,2026-04-14T17:07:59Z
SMBC,67.27,2026-04-14T18:47:30Z
SMBK,42.28,2026-04-14T17:12:01Z
SMBS,25.705,2026-04-14T19:59:46Z
SMCI,27.2,2026-04-14T19:59:58Z
SMCL,2.38,2026-04-14T19:58:05Z
SMCX,11.82,2026-04-14T19:58:50Z
SMCY,6.02,2026-04-14T19:41:12Z
SMCZ,29.34,2026-04-14T19:40:33Z
SMDD,9.49,2026-04-14T15:12:00Z
SMDV,72.35,2026-04-14T17:09:51Z
SMFG,21.26,2026-04-14T19:59:49Z
SMG,61.925,2026-04-14T19:59:40Z
SMH,451.91,2026-04-14T19:59:57Z
SMHB,3.8,2026-04-14T15:48:36Z
SMHI,7.52,2026-04-14T19:35:02Z
SMHX,43.87,2026-04-14T18:29:03Z
SMID,31.47,2026-04-14T14:25:23Z
SMIG,30.48,2026-04-14T19:15:06Z
SMIN,65.72,2026-04-14T19:44:24Z
SMJF,3.45,2026-04-14T19:57:49Z
SMLF,80.525,2026-04-14T16:49:04Z
SMMD,82.42,2026-04-14T19:59:51Z
SMMT,20.85,2026-04-14T19:59:54Z
SMMU,50.48,2026-04-14T19:59:45Z
SMN,9.77,2026-04-14T19:52:47Z
SMOX,28.35,2026-04-14T17:20:04Z
SMP,37.96,2026-04-14T19:58:23Z
SMPL,11.395,2026-04-14T19:59:55Z
SMR,10.25,2026-04-14T19:59:59Z
SMRF,26.32,2026-04-14T15:30:00Z
SMRT,1.44,2026-04-14T19:59:55Z
SMSI,0.6854,2026-04-14T13:37:16Z
SMST,53.125,2026-04-14T18:47:32Z
SMTC,90.14,2026-04-14T19:59:54Z
SMTH,26.005,2026-04-14T19:50:06Z
SMTI,17.975,2026-04-14T18:36:40Z
SMTK,0.35,2026-04-14T19:55:39Z
SMU,11.92,2026-04-14T19:58:31Z
SMUP,9.82,2026-04-14T14:23:45Z
SMWB,2.44,2026-04-14T19:59:50Z
SMX,5.05,2026-04-14T19:59:23Z
SMYY,9.285,2026-04-14T13:47:58Z
SN,116.65,2026-04-14T19:59:51Z
SNA,377.98,2026-04-14T19:59:25Z
SNAG,6.835,2026-04-14T19:09:04Z
SNAL,1.69,2026-04-14T19:59:55Z
SNAP,5.62,2026-04-14T19:59:59Z
SNBR,1.785,2026-04-14T19:59:50Z
SNCY,17.98,2026-04-14T19:59:53Z
SND,4.76,2026-04-14T19:59:49Z
SNDA,34.38,2026-04-14T19:59:59Z
SNDK,944.13,2026-04-14T19:59:47Z
SNDL,1.445,2026-04-14T19:58:35Z
SNDR,28.14,2026-04-14T19:59:56Z
SNDU,46.35,2026-04-14T18:22:14Z
SNDX,24.425,2026-04-14T19:59:57Z
SNEX,102.15,2026-04-14T19:59:59Z
SNFCA,9.62,2026-04-14T16:04:38Z
SNGX,1.145,2026-04-14T19:59:19Z
SNN,34.355,2026-04-14T19:59:50Z
SNOA,2.2,2026-04-14T18:52:14Z
SNOU,13.59,2026-04-14T19:59:15Z
SNOV,25.9,2026-04-14T17:22:16Z
SNOW,135.45,2026-04-14T19:59:57Z
SNOY,6.94,2026-04-14T18:13:31Z
SNPE,63.475,2026-04-14T19:59:46Z
SNPS,418.78,2026-04-14T19:59:58Z
SNPX,25.22,2026-04-14T14:32:20Z
SNSE,28.59,2026-04-14T19:56:36Z
SNT,2.94,2026-04-14T19:55:35Z
SNTI,0.9265,2026-04-14T14:34:24Z
SNWV,17.45,2026-04-14T19:58:56Z
SNX,204.7,2026-04-14T19:59:49Z
SNXX,77.44,2026-04-14T19:59:36Z
SNY,47.63,2026-04-14T19:59:55Z
SNYR,0.6018,2026-04-14T19:59:56Z
SO,96.11,2026-04-14T19:59:49Z
SOAR,0.2691,2026-04-14T19:58:33Z
SOBO,32.63,2026-04-14T19:59:50Z
SOBR,0.5495,2026-04-14T18:27:36Z
SOC,12.755,2026-04-14T19:59:58Z
SOEZ,14.58,2026-04-14T19:00:28Z
SOFA,16.87,2026-04-14T13:49:07Z
SOFI,17.92,2026-04-14T19:59:58Z
SOFX,11.7,2026-04-14T19:58:09Z
SOGP,16.955,2026-04-14T14:59:06Z
SOHU,14.75,2026-04-14T19:55:23Z
SOJD,20.3,2026-04-14T17:32:15Z
SOJF,25.39,2026-04-14T16:31:53Z
SOLR,33.18,2026-04-14T19:59:46Z
SOLS,80.19,2026-04-14T19:59:57Z
SOLT,46.4,2026-04-14T19:54:27Z
SOLV,69.035,2026-04-14T19:59:50Z
SOLZ,8.485,2026-04-14T19:59:17Z
SOMN,51.48,2026-04-14T17:11:42Z
SON,54.9,2026-04-14T19:59:51Z
SONM,3.35,2026-04-14T19:56:19Z
SONO,13.645,2026-04-14T19:59:58Z
SONY,20.95,2026-04-14T19:59:59Z
SOPA,0.3425,2026-04-14T18:22:56Z
SOPH,4.97,2026-04-14T19:58:47Z
SOR,46.9,2026-04-14T18:25:42Z
SOS,1.09,2026-04-14T19:54:12Z
SOTK,4.05,2026-04-14T19:54:33Z
SOUN,6.99,2026-04-14T19:59:57Z
SOUNW,2.3,2026-04-14T14:03:32Z
SOUX,16.39,2026-04-14T14:08:51Z
SOWG,0.321,2026-04-14T19:24:43Z
SOXL,85.4,2026-04-14T19:59:59Z
SOXQ,72.56,2026-04-14T19:59:23Z
SOXS,21.05,2026-04-14T19:59:59Z
SOXX,401.15,2026-04-14T19:59:53Z
SOXY,72.17,2026-04-14T15:39:18Z
SOYB,24.205,2026-04-14T19:59:00Z
SPAB,25.725,2026-04-14T19:59:54Z
SPAI,4.13,2026-04-14T19:58:29Z
SPB,80.265,2026-04-14T19:59:38Z
SPBO,29.24,2026-04-14T19:59:50Z
SPBU,28.36,2026-04-14T15:42:10Z
SPCE,2.89,2026-04-14T19:59:48Z
SPDN,9.33,2026-04-14T19:58:55Z
SPDV,37.19,2026-04-14T19:52:58Z
SPDW,49.015,2026-04-14T19:59:59Z
SPE,14.225,2026-04-14T19:57:24Z
SPEM,50.385,2026-04-14T19:59:56Z
SPEU,54.99,2026-04-14T19:58:06Z
SPFF,9.2,2026-04-14T15:58:24Z
SPFI,44.295,2026-04-14T19:59:36Z
SPG,202.86,2026-04-14T19:59:55Z
SPGI,425.29,2026-04-14T19:59:59Z
SPGM,81,2026-04-14T19:59:57Z
SPGP,114.61,2026-04-14T15:20:02Z
SPH,19.515,2026-04-14T19:32:38Z
SPHB,127.11,2026-04-14T19:59:58Z
SPHD,49.44,2026-04-14T19:59:48Z
SPHL,2.55,2026-04-14T14:33:33Z
SPHQ,79.62,2026-04-14T19:59:59Z
SPHR,133.52,2026-04-14T19:59:53Z
SPHY,23.575,2026-04-14T19:59:55Z
SPIB,33.69,2026-04-14T19:59:51Z
SPIP,26.18,2026-04-14T19:55:00Z
SPIR,20.76,2026-04-14T19:59:18Z
SPKL,11.33,2026-04-14T19:16:16Z
SPLB,22.54,2026-04-14T19:59:54Z
SPLV,74.255,2026-04-14T19:59:55Z
SPMB,22.505,2026-04-14T19:59:59Z
SPMC,10.275,2026-04-14T19:59:46Z
SPMD,62.73,2026-04-14T19:59:25Z
SPMO,126.64,2026-04-14T19:59:50Z
SPNT,22.55,2026-04-14T19:59:38Z
SPOG,8.425,2026-04-14T16:23:35Z
SPOK,11.095,2026-04-14T19:58:42Z
SPOT,511.48,2026-04-14T19:59:55Z
SPPP,16.69,2026-04-14T19:59:29Z
SPRB,68.16,2026-04-14T19:57:23Z
SPRO,2.77,2026-04-14T19:59:22Z
SPRU,4.05,2026-04-14T19:50:15Z
SPRX,42.94,2026-04-14T19:50:39Z
SPRY,8.13,2026-04-14T19:59:52Z
SPSB,30.085,2026-04-14T19:59:51Z
SPSC,52.55,2026-04-14T19:59:50Z
SPSK,18.115,2026-04-14T19:59:45Z
SPSM,51.51,2026-04-14T19:58:08Z
SPT,5.25,2026-04-14T19:59:53Z
SPTB,30.3,2026-04-14T17:23:21Z
SPTI,28.715,2026-04-14T19:57:31Z
SPTL,26.455,2026-04-14T19:52:32Z
SPTM,84.37,2026-04-14T19:59:35Z
SPTS,29.155,2026-04-14T19:55:12Z
SPUS,51.61,2026-04-14T19:59:18Z
SPVM,70.53,2026-04-14T16:29:28Z
SPWH,1.575,2026-04-14T19:59:44Z
SPWO,30.85,2026-04-14T19:59:59Z
SPWR,1.22,2026-04-14T19:59:49Z
SPXC,224.615,2026-04-14T19:59:34Z
SPXL,223.59,2026-04-14T19:59:46Z
SPXS,33.24,2026-04-14T19:59:36Z
SPXU,46.59,2026-04-14T19:59:57Z
SPXV,75.59,2026-04-14T13:59:24Z
SPXX,17.355,2026-04-14T19:59:16Z
SPY,694.36,2026-04-14T19:59:59Z
SPYD,45.83,2026-04-14T19:59:26Z
SPYG,107.95,2026-04-14T19:59:55Z
SPYI,51.85,2026-04-14T19:59:10Z
SPYM,81.72,2026-04-14T19:59:57Z
SPYT,17,2026-04-14T19:59:46Z
SPYU,26.64,2026-04-14T19:59:59Z
SPYV,58.275,2026-04-14T19:59:59Z
SPYX,56.81,2026-04-14T19:59:39Z
SQFT,3.45,2026-04-14T19:48:16Z
SQFTP,8.3,2026-04-14T14:33:44Z
SQM,88.95,2026-04-14T19:59:59Z
SQNS,2.64,2026-04-14T19:56:08Z
SQQQ,62.07,2026-04-14T19:59:58Z
SQS,26.52,2026-04-14T16:43:38Z
SR,92.59,2026-04-14T19:59:55Z
SRAD,16.57,2026-04-14T19:59:52Z
SRCE,74.21,2026-04-14T19:57:43Z
SRE,96.14,2026-04-14T19:59:54Z
SREA,21.65,2026-04-14T13:50:17Z
SRET,22.335,2026-04-14T19:46:31Z
SRFM,1.225,2026-04-14T19:59:33Z
SRG,2.58,2026-04-14T19:59:41Z
SRI,6.35,2026-04-14T19:59:59Z
SRJN,25,2026-04-14T16:25:21Z
SRL,7.02,2026-04-14T15:37:27Z
SRLN,40.27,2026-04-14T19:59:50Z
SRPT,22.13,2026-04-14T19:59:57Z
SRRK,49.59,2026-04-14T19:59:41Z
SRTA,4.34,2026-04-14T19:59:53Z
SRTS,4.52,2026-04-14T18:29:15Z
SRTY,31.13,2026-04-14T19:59:49Z
SRV,44.795,2026-04-14T19:56:21Z
SRVR,34.205,2026-04-14T19:59:45Z
SRXH,0.1325,2026-04-14T19:59:58Z
SRZN,30.84,2026-04-14T19:56:15Z
SSAC,9.91,2026-04-14T13:57:49Z
SSB,98.135,2026-04-14T19:59:45Z
SSD,177.88,2026-04-14T19:56:29Z
SSG,21.36,2026-04-14T19:54:12Z
SSII,4.86,2026-04-14T19:56:31Z
SSK,11.9,2026-04-14T14:33:44Z
SSL,12.8,2026-04-14T19:59:59Z
SSNC,69.99,2026-04-14T19:59:51Z
SSO,58.98,2026-04-14T19:59:56Z
SSP,4.365,2026-04-14T19:59:52Z
SSPY,91.49,2026-04-14T19:16:25Z
SSRM,32.85,2026-04-14T19:59:59Z
SSSS,13.01,2026-04-14T19:59:30Z
SST,2.23,2026-04-14T19:59:15Z
SSTI,6.57,2026-04-14T19:57:00Z
SSTK,17.67,2026-04-14T19:58:43Z
SSUS,49.66,2026-04-14T13:37:29Z
SSYS,8.455,2026-04-14T19:59:54Z
ST,39.34,2026-04-14T19:59:56Z
STAA,24.47,2026-04-14T19:59:42Z
STAG,38.65,2026-04-14T19:59:58Z
STAK,0.8099,2026-04-14T19:59:54Z
STBA,43.84,2026-04-14T19:59:08Z
STBF,25.41,2026-04-14T13:34:02Z
STC,64.83,2026-04-14T19:58:46Z
STCE,63.62,2026-04-14T18:56:33Z
STE,224.93,2026-04-14T19:59:45Z
STEL,37.425,2026-04-14T19:59:52Z
STEM,10.25,2026-04-14T19:24:05Z
STEN,26.04,2026-04-14T17:43:16Z
STEP,52.55,2026-04-14T19:59:51Z
STEW,17.885,2026-04-14T19:57:23Z
STEX,1.035,2026-04-14T19:59:34Z
STGW,6.56,2026-04-14T19:59:57Z
STHO,8.23,2026-04-14T18:59:10Z
STI,6.72,2026-04-14T19:29:35Z
STIM,1.425,2026-04-14T19:59:51Z
STIP,103.665,2026-04-14T19:59:47Z
STK,44.75,2026-04-14T19:06:15Z
STKE,1.105,2026-04-14T19:57:59Z
STKL,6.49,2026-04-14T19:59:25Z
STKS,1.735,2026-04-14T19:58:57Z
STLA,8.16,2026-04-14T19:59:58Z
STLD,195.37,2026-04-14T19:59:56Z
STM,40.91,2026-04-14T19:59:59Z
STN,89.71,2026-04-14T19:59:46Z
STNE,14.61,2026-04-14T19:59:58Z
STNG,73.465,2026-04-14T19:59:49Z
STOK,35.87,2026-04-14T19:59:52Z
STOT,47.17,2026-04-14T17:51:40Z
STPZ,54.29,2026-04-14T19:19:32Z
STRA,79.33,2026-04-14T19:59:07Z
STRC,100.005,2026-04-14T19:59:46Z
STRD,76.33,2026-04-14T19:59:30Z
STRF,100,2026-04-14T19:59:55Z
STRK,75.16,2026-04-14T17:14:13Z
STRL,464.715,2026-04-14T19:59:47Z
STRO,28.72,2026-04-14T19:59:45Z
STRT,79.2,2026-04-14T16:53:14Z
STRV,44.67,2026-04-14T15:43:25Z
STRW,13.065,2026-04-14T16:42:13Z
STRZ,16.79,2026-04-14T19:59:32Z
STSS,1.75,2026-04-14T19:50:24Z
STT,141.82,2026-04-14T19:59:51Z
STT-G,22.2,2026-04-14T19:13:34Z
STTK,6.77,2026-04-14T19:59:40Z
STUB,6.885,2026-04-14T19:59:58Z
STVN,14.75,2026-04-14T19:59:53Z
STWD,18.01,2026-04-14T19:59:59Z
STX,533.22,2026-04-14T19:59:59Z
STXG,50.77,2026-04-14T19:51:51Z
STXS,2.02,2026-04-14T19:59:39Z
STXV,35.93,2026-04-14T19:59:50Z
STZ,164.53,2026-04-14T19:59:56Z
SU,63.55,2026-04-14T19:59:46Z
SUB,106.62,2026-04-14T19:59:51Z
SUI,129.925,2026-04-14T19:59:49Z
SUIG,1.36,2026-04-14T19:59:52Z
SUN,64.7,2026-04-14T19:58:58Z
SUNB,68.81,2026-04-14T19:59:54Z
SUNC,61.535,2026-04-14T19:59:51Z
SUNE,1.59,2026-04-14T19:59:52Z
SUNS,7.835,2026-04-14T19:59:55Z
SUPN,50.12,2026-04-14T19:59:53Z
SUPV,9.61,2026-04-14T19:59:52Z
SUPX,8.02,2026-04-14T19:59:50Z
SURG,0.831,2026-04-14T19:55:43Z
SURI,16.475,2026-04-14T15:18:28Z
SUSA,139.79,2026-04-14T18:42:01Z
SUSB,25.095,2026-04-14T15:15:54Z
SUSC,23.285,2026-04-14T19:55:07Z
SUUN,0.6317,2026-04-14T18:27:36Z
SUZ,9.69,2026-04-14T19:59:55Z
SVAC,10.3,2026-04-14T15:07:30Z
SVACW,1.52,2026-04-14T16:45:54Z
SVAL,38.12,2026-04-14T14:22:13Z
SVC,1.32,2026-04-14T19:59:57Z
SVCO,7.89,2026-04-14T19:59:54Z
SVIX,18.82,2026-04-14T19:59:56Z
SVM,12.4,2026-04-14T19:59:58Z
SVOL,16,2026-04-14T19:43:36Z
SVRA,6.09,2026-04-14T19:59:56Z
SVRE,3.55,2026-04-14T18:55:23Z
SVRN,11.61,2026-04-14T19:54:53Z
SVV,8.4,2026-04-14T19:59:58Z
SVXY,50.25,2026-04-14T19:59:53Z
SW,42.105,2026-04-14T19:59:59Z
SWAG,1.7,2026-04-14T15:48:23Z
SWAN,32.21,2026-04-14T15:49:42Z
SWBI,14.85,2026-04-14T19:59:44Z
SWIM,5.915,2026-04-14T19:59:57Z
SWK,72.185,2026-04-14T19:59:54Z
SWKS,57.285,2026-04-14T19:59:50Z
SWMR,42.1,2026-04-14T19:53:23Z
SWP,28.12,2026-04-14T19:44:10Z
SWX,91.41,2026-04-14T19:59:49Z
SWZ,6.09,2026-04-14T18:59:43Z
SXC,6.17,2026-04-14T19:59:56Z
SXI,270.63,2026-04-14T19:51:07Z
SXT,93.32,2026-04-14T19:58:07Z
SXTC,2.175,2026-04-14T19:48:48Z
SXTP,2.2,2026-04-14T19:56:19Z
SY,2.76,2026-04-14T19:59:44Z
SYBT,71.38,2026-04-14T19:58:04Z
SYF,75.56,2026-04-14T19:59:54Z
SYF-A,19.93,2026-04-14T17:26:13Z
SYF-B,26.46,2026-04-14T19:49:16Z
SYFI,35.82,2026-04-14T19:59:58Z
SYK,345.89,2026-04-14T19:59:55Z
SYLD,77.01,2026-04-14T17:03:24Z
SYM,56.53,2026-04-14T19:59:51Z
SYNA,76.71,2026-04-14T19:59:53Z
SYNX,1,2026-04-14T18:13:58Z
SYPR,3.56,2026-04-14T19:58:29Z
SYRE,63.955,2026-04-14T19:59:45Z
SYSB,89.49,2026-04-14T19:56:37Z
SYY,74.03,2026-04-14T19:59:54Z
SZZL,10.29,2026-04-14T17:34:30Z
SZZLR,0.2,2026-04-14T19:09:15Z
T,25.625,2026-04-14T19:59:59Z
T-A,20.05,2026-04-14T19:53:38Z
T-C,18.78,2026-04-14T19:59:33Z
TAC,13.44,2026-04-14T19:59:47Z
TACK,30.74,2026-04-14T13:46:12Z
TACT,3.33,2026-04-14T16:58:22Z
TAFI,25.195,2026-04-14T19:59:47Z
TAFL,24.96,2026-04-14T19:37:06Z
TAFM,25.48,2026-04-14T18:40:11Z
TAGS,24.07,2026-04-14T17:37:00Z
TAIL,11.215,2026-04-14T19:58:07Z
TAK,17.845,2026-04-14T19:59:59Z
TAL,11.68,2026-04-14T19:59:54Z
TALK,5.18,2026-04-14T19:59:54Z
TALO,14.255,2026-04-14T19:59:54Z
TAN,55.25,2026-04-14T19:59:47Z
TANH,0.3132,2026-04-14T18:51:50Z
TAOX,4.365,2026-04-14T19:45:11Z
TAP,43.65,2026-04-14T19:59:55Z
TARA,5.14,2026-04-14T19:59:50Z
TARK,42.92,2026-04-14T19:31:50Z
TARS,73.54,2026-04-14T19:29:19Z
TASK,6.78,2026-04-14T19:59:52Z
TATT,44.945,2026-04-14T19:59:34Z
TAXE,51.16,2026-04-14T19:55:01Z
TAXF,50.42,2026-04-14T18:26:51Z
TAXM,50.37,2026-04-14T13:34:18Z
TAXX,50.58,2026-04-14T19:58:09Z
TAYD,49.65,2026-04-14T19:54:27Z
TBB,21.97,2026-04-14T15:36:03Z
TBBB,35.69,2026-04-14T19:59:46Z
TBBK,59.53,2026-04-14T19:59:40Z
TBCH,10.71,2026-04-14T19:59:52Z
TBF,24.06,2026-04-14T19:57:59Z
TBFC,28.84,2026-04-14T17:17:34Z
TBH,0.4808,2026-04-14T19:59:42Z
TBI,3.77,2026-04-14T19:59:25Z
TBLA,3.445,2026-04-14T19:59:49Z
TBLD,21.925,2026-04-14T19:14:29Z
TBLL,105.71,2026-04-14T14:09:09Z
TBN,35.545,2026-04-14T19:58:52Z
TBPH,16.605,2026-04-14T19:59:47Z
TBRG,21.54,2026-04-14T19:59:39Z
TBT,34.5,2026-04-14T19:59:01Z
TBUX,49.825,2026-04-14T19:52:53Z
TCAF,38.21,2026-04-14T19:55:09Z
TCAI,41.61,2026-04-14T19:51:02Z
TCAL,22.945,2026-04-14T19:58:01Z
TCBI,103.13,2026-04-14T19:59:40Z
TCBIO,21.88,2026-04-14T19:54:55Z
TCBK,50.42,2026-04-14T19:58:13Z
TCBX,41.5,2026-04-14T19:41:26Z
TCHP,48.28,2026-04-14T19:59:19Z
TCMD,25.035,2026-04-14T19:59:24Z
TCOM,52.58,2026-04-14T19:59:50Z
TCPA,24.25,2026-04-14T19:14:25Z
TCPB,51.18,2026-04-14T19:59:54Z
TCPC,4.085,2026-04-14T19:59:55Z
TCRT,2.86,2026-04-14T17:01:21Z
TCRX,1.055,2026-04-14T19:59:45Z
TCX,16.4,2026-04-14T19:52:26Z
TD,103.13,2026-04-14T19:59:57Z
TDAQ,25.07,2026-04-14T19:55:00Z
TDAX,22.3,2026-04-14T19:49:46Z
TDAY,7.19,2026-04-14T19:59:55Z
TDC,25.74,2026-04-14T19:59:58Z
TDEC,25.54,2026-04-14T15:38:11Z
TDF,11.13,2026-04-14T18:34:28Z
TDG,1296.475,2026-04-14T19:59:59Z
TDI,44.375,2026-04-14T18:59:37Z
TDIC,0.1262,2026-04-14T19:40:36Z
TDIV,100.18,2026-04-14T19:59:51Z
TDOC,5.25,2026-04-14T19:59:55Z
TDS,45.5,2026-04-14T19:59:50Z
TDS-U,21.39,2026-04-14T16:42:38Z
TDSB,24.7,2026-04-14T14:15:23Z
TDSC,26.625,2026-04-14T19:52:12Z
TDTF,24.24,2026-04-14T14:09:10Z
TDTH,0.0951,2026-04-14T19:55:09Z
TDTT,24.33,2026-04-14T19:50:29Z
TDUP,4.03,2026-04-14T19:59:58Z
TDVG,46.455,2026-04-14T19:58:09Z
TDVI,28.27,2026-04-14T19:59:50Z
TDW,84.33,2026-04-14T19:59:53Z
TDY,647.445,2026-04-14T19:59:37Z
TE,4.86,2026-04-14T19:59:58Z
TEAD,0.6825,2026-04-14T19:52:05Z
TEAM,59.73,2026-04-14T19:59:58Z
TECB,59.3,2026-04-14T18:30:09Z
TECH,58.65,2026-04-14T19:59:59Z
TECK,58.865,2026-04-14T19:59:59Z
TECL,117.61,2026-04-14T19:55:01Z
TECS,14.885,2026-04-14T19:59:22Z
TECX,29.94,2026-04-14T19:59:23Z
TEI,6.57,2026-04-14T18:20:38Z
TEK,32.64,2026-04-14T15:54:30Z
TEL,236.89,2026-04-14T19:59:49Z
TELA,0.6019,2026-04-14T19:50:08Z
TELO,1.29,2026-04-14T19:59:42Z
TEM,49.515,2026-04-14T19:59:55Z
TEMT,20.01,2026-04-14T18:20:46Z
TEN,38.36,2026-04-14T19:55:02Z
TEN-F,27.14,2026-04-14T19:21:43Z
TENB,17.88,2026-04-14T19:59:55Z
TENX,14.72,2026-04-14T19:59:45Z
TEO,11.715,2026-04-14T19:59:06Z
TER,365.45,2026-04-14T19:59:46Z
TERG,56.3,2026-04-14T15:36:31Z
TERN,52.675,2026-04-14T19:59:56Z
TETH,11.56,2026-04-14T19:59:46Z
TEVA,31.76,2026-04-14T19:59:58Z
TEX,63.74,2026-04-14T19:59:54Z
TEXX,27.62,2026-04-14T14:05:42Z
TFC,49.55,2026-04-14T19:59:59Z
TFC-I,19.38,2026-04-14T15:01:20Z
TFC-O,21.56,2026-04-14T19:16:34Z
TFI,45.615,2026-04-14T19:59:45Z
TFII,124.99,2026-04-14T19:59:14Z
TFIN,61.88,2026-04-14T19:59:54Z
TFJL,19.68,2026-04-14T18:17:56Z
TFLO,50.545,2026-04-14T19:54:04Z
TFLR,50.675,2026-04-14T19:37:57Z
TFPM,35.8,2026-04-14T19:59:59Z
TFSL,14.735,2026-04-14T19:59:53Z
TFX,125.225,2026-04-14T19:59:57Z
TG,8.81,2026-04-14T19:59:54Z
TGB,7.8,2026-04-14T19:59:55Z
TGEN,3.77,2026-04-14T19:59:51Z
TGL,3.8,2026-04-14T17:25:33Z
TGLS,45.725,2026-04-14T19:59:54Z
TGRT,43.015,2026-04-14T16:20:57Z
TGS,31.705,2026-04-14T19:59:33Z
TGT,119.515,2026-04-14T19:59:50Z
TGTX,34.555,2026-04-14T19:59:53Z
TH,14.525,2026-04-14T19:59:43Z
THC,196.635,2026-04-14T19:59:49Z
THD,72.98,2026-04-14T18:40:23Z
THFF,66.81,2026-04-14T19:57:57Z
THG,178.19,2026-04-14T19:55:54Z
THH,0.401,2026-04-14T14:08:04Z
THM,2.56,2026-04-14T19:59:50Z
THO,78.77,2026-04-14T19:59:59Z
THQ,17.89,2026-04-14T19:57:15Z
THR,55.005,2026-04-14T19:59:01Z
THRM,29.36,2026-04-14T19:53:46Z
THRO,39.125,2026-04-14T19:57:02Z
THRV,24.65,2026-04-14T18:04:51Z
THRY,3.09,2026-04-14T19:59:52Z
THTA,15.58,2026-04-14T19:30:03Z
THW,12.62,2026-04-14T17:30:18Z
THYF,52,2026-04-14T14:29:00Z
TIC,7.93,2026-04-14T19:59:56Z
TIGO,80.58,2026-04-14T19:59:28Z
TIGR,7.03,2026-04-14T19:59:56Z
TII,2.97,2026-04-14T19:59:51Z
TIL,8.435,2026-04-14T18:55:07Z
TILE,27.62,2026-04-14T19:59:37Z
TILL,17.54,2026-04-14T16:02:51Z
TIMB,27.28,2026-04-14T19:59:48Z
TIP,111.525,2026-04-14T19:59:24Z
TIPT,17.25,2026-04-14T19:59:57Z
TIPX,19.265,2026-04-14T19:59:19Z
TIPZ,53.49,2026-04-14T18:38:08Z
TITN,19.97,2026-04-14T19:59:42Z
TIVC,0.905,2026-04-14T19:04:23Z
TJGC,0.9452,2026-04-14T17:21:02Z
TJUL,29.88,2026-04-14T19:31:53Z
TJX,160.3,2026-04-14T19:59:56Z
TK,12.04,2026-04-14T19:59:57Z
TKC,6.43,2026-04-14T19:59:18Z
TKNO,2.99,2026-04-14T19:59:55Z
TKO,195.4,2026-04-14T19:59:59Z
TKR,106.795,2026-04-14T19:59:46Z
TLDR,25.005,2026-04-14T18:50:02Z
TLG,25.88,2026-04-14T19:00:26Z
TLH,101.41,2026-04-14T19:57:24Z
TLK,18.42,2026-04-14T19:59:55Z
TLN,346.02,2026-04-14T19:59:49Z
TLPH,0.825,2026-04-14T19:45:19Z
TLRY,6.92,2026-04-14T19:59:55Z
TLS,4.16,2026-04-14T19:59:53Z
TLSA,1.285,2026-04-14T19:56:52Z
TLSI,4.4,2026-04-14T19:59:37Z
TLT,87.21,2026-04-14T19:59:56Z
TLTD,99.955,2026-04-14T19:39:58Z
TLTI,46.17,2026-04-14T18:06:51Z
TLTW,22.65,2026-04-14T18:24:34Z
TLX,10.7,2026-04-14T19:59:54Z
TLYS,5.14,2026-04-14T19:59:51Z
TM,211.615,2026-04-14T19:59:50Z
TMAT,25.01,2026-04-14T15:37:52Z
TMC,4.71,2026-04-14T19:59:52Z
TMCI,2.135,2026-04-14T19:59:46Z
TMCR,14.2,2026-04-14T17:17:34Z
TMCWW,0.34,2026-04-14T18:04:22Z
TMDE,1.315,2026-04-14T19:59:30Z
TMDX,115.83,2026-04-14T19:59:28Z
TME,9.725,2026-04-14T19:59:56Z
TMED,30.555,2026-04-14T14:40:54Z
TMF,36.96,2026-04-14T19:59:55Z
TMFC,71.15,2026-04-14T19:16:26Z
TMFG,30.09,2026-04-14T17:11:32Z
TMFM,21.02,2026-04-14T19:56:26Z
TMFS,34.4,2026-04-14T19:59:50Z
TMHC,59.515,2026-04-14T19:59:56Z
TMO,527.35,2026-04-14T19:59:55Z
TMP,84.305,2026-04-14T19:58:10Z
TMQ,4.14,2026-04-14T19:59:48Z
TMSL,39.65,2026-04-14T19:20:37Z
TMTS,9.94,2026-04-14T13:30:01Z
TMUS,190.01,2026-04-14T19:59:56Z
TMUSI,22.2,2026-04-14T19:34:09Z
TMUSL,24.89,2026-04-14T17:57:10Z
TMV,36.415,2026-04-14T19:57:24Z
TNA,55.755,2026-04-14T19:59:55Z
TNC,78.85,2026-04-14T19:58:31Z
TNDM,21.11,2026-04-14T19:59:46Z
TNET,37.66,2026-04-14T19:59:49Z
TNGX,24.06,2026-04-14T19:59:57Z
TNGY,9.91,2026-04-14T19:26:50Z
TNK,72.82,2026-04-14T19:58:09Z
TNL,78.78,2026-04-14T19:59:49Z
TNMG,1.64,2026-04-14T17:22:29Z
TNON,0.7982,2026-04-14T19:32:24Z
TNXP,13.36,2026-04-14T19:49:30Z
TNYA,0.7405,2026-04-14T19:58:59Z
TOCT,26.75,2026-04-14T17:52:07Z
TOI,3.39,2026-04-14T19:59:59Z
TOL,141.94,2026-04-14T19:59:53Z
TOLZ,60.425,2026-04-14T17:16:17Z
TONX,2.36,2026-04-14T19:59:32Z
TOON,0.6136,2026-04-14T19:58:33Z
TOPS,2.95,2026-04-14T19:46:36Z
TOPT,30.8,2026-04-14T19:50:00Z
TORO,3.98,2026-04-14T19:59:51Z
TOST,27.1,2026-04-14T19:59:56Z
TOTL,39.905,2026-04-14T19:57:25Z
TOUR,0.7408,2026-04-14T13:50:58Z
TOUS,36.98,2026-04-14T19:59:31Z
TOVX,0.2449,2026-04-14T19:59:50Z
TOWN,35.61,2026-04-14T19:58:21Z
TOXR,13.28,2026-04-14T19:41:01Z
TOYO,12.055,2026-04-14T19:55:04Z
TPB,81.34,2026-04-14T19:58:31Z
TPC,86.07,2026-04-14T19:59:07Z
TPCS,3.615,2026-04-14T19:00:53Z
TPET,0.5091,2026-04-14T19:59:53Z
TPG,42.385,2026-04-14T19:59:55Z
TPH,46.8,2026-04-14T19:59:55Z
TPIF,37.925,2026-04-14T19:59:21Z
TPL,411.91,2026-04-14T19:59:52Z
TPOR,32.38,2026-04-14T13:46:34Z
TPR,150.775,2026-04-14T19:59:34Z
TPST,2.23,2026-04-14T19:59:58Z
TPVG,5.27,2026-04-14T19:59:56Z
TPYP,41.195,2026-04-14T19:54:29Z
TPZ,22.15,2026-04-14T15:07:24Z
TQQQ,53.385,2026-04-14T19:59:58Z
TR,43.255,2026-04-14T19:57:31Z
TRAK,7.62,2026-04-14T19:59:48Z
TRAW,1.6,2026-04-14T19:25:22Z
TRC,19.415,2026-04-14T19:57:30Z
TRDA,14.04,2026-04-14T19:55:06Z
TREE,45.31,2026-04-14T19:59:39Z
TREX,41.28,2026-04-14T19:59:49Z
TRFK,71.55,2026-04-14T19:58:44Z
TRGP,239.24,2026-04-14T19:59:50Z
TRI,87.965,2026-04-14T19:59:45Z
TRIB,0.7099,2026-04-14T19:48:23Z
TRIN,15.5,2026-04-14T19:59:55Z
TRIO,62.58,2026-04-14T18:57:55Z
TRIP,11.26,2026-04-14T19:59:57Z
TRMB,66.52,2026-04-14T19:59:52Z
TRMD,29.5,2026-04-14T19:59:54Z
TRMK,44.86,2026-04-14T19:59:26Z
TRN,34.66,2026-04-14T19:59:59Z
TRND,34.49,2026-04-14T13:52:37Z
TRNO,65.65,2026-04-14T19:59:50Z
TRNS,82.1,2026-04-14T19:45:09Z
TRON,2.385,2026-04-14T19:59:49Z
TROO,2.39,2026-04-14T19:59:59Z
TROW,95.815,2026-04-14T19:59:38Z
TROX,9.275,2026-04-14T19:59:52Z
TRP,61.51,2026-04-14T19:59:53Z
TRS,39.03,2026-04-14T19:53:46Z
TRST,46.605,2026-04-14T19:55:25Z
TRT,6.95,2026-04-14T19:29:06Z
TRTN-F,24.92,2026-04-14T16:18:53Z
TRTX,8.18,2026-04-14T19:59:50Z
TRTY,30.74,2026-04-14T18:32:44Z
TRU,72.395,2026-04-14T19:59:58Z
TRUD,25.8,2026-04-14T19:59:50Z
TRUP,26.27,2026-04-14T19:59:51Z
TRUT,26.34,2026-04-14T19:40:33Z
TRV,299.64,2026-04-14T19:59:59Z
TRVI,14.03,2026-04-14T19:59:59Z
TRX,1.565,2026-04-14T19:59:22Z
TS,58.92,2026-04-14T19:59:55Z
TSAT,45.21,2026-04-14T19:59:37Z
TSBK,41.375,2026-04-14T19:57:27Z
TSCO,45.015,2026-04-14T19:59:55Z
TSCV,30.25,2026-04-14T18:50:03Z
TSDD,10.7,2026-04-14T19:59:52Z
TSEC,25.87,2026-04-14T19:43:21Z
TSEM,214.38,2026-04-14T19:59:51Z
TSES,30.23,2026-04-14T15:24:19Z
TSHA,4.71,2026-04-14T19:59:54Z
TSI,4.57,2026-04-14T19:42:00Z
TSIC,25.68,2026-04-14T15:55:19Z
TSL,14.14,2026-04-14T19:59:45Z
TSLA,364.16,2026-04-14T19:59:59Z
TSLG,5.685,2026-04-14T19:59:43Z
TSLL,11.54,2026-04-14T19:59:53Z
TSLP,17.15,2026-04-14T15:03:19Z
TSLQ,25.225,2026-04-14T19:59:56Z
TSLR,19.645,2026-04-14T19:59:55Z
TSLS,61.32,2026-04-14T19:59:48Z
TSLT,16.135,2026-04-14T19:59:55Z
TSLW,22.43,2026-04-14T18:05:13Z
TSLX,18.71,2026-04-14T19:59:59Z
TSLY,28.825,2026-04-14T19:59:51Z
TSLZ,16.27,2026-04-14T19:59:55Z
TSM,380.03,2026-04-14T19:59:59Z
TSME,45.77,2026-04-14T19:28:07Z
TSMG,34.47,2026-04-14T16:32:29Z
TSMU,61.88,2026-04-14T14:19:54Z
TSMX,71.38,2026-04-14T19:56:38Z
TSMY,16.54,2026-04-14T19:58:34Z
TSMZ,9.305,2026-04-14T18:21:34Z
TSN,64.95,2026-04-14T19:59:56Z
TSNF,26.71,2026-04-14T15:48:00Z
TSOL,8.12,2026-04-14T19:58:31Z
TSPA,43.85,2026-04-14T19:57:40Z
TSPY,24.385,2026-04-14T19:59:46Z
TSQ,6.48,2026-04-14T19:58:54Z
TSSI,14.47,2026-04-14T19:59:42Z
TSUI,19.05,2026-04-14T15:01:48Z
TSXD,12.08,2026-04-14T19:59:43Z
TSXU,36.31,2026-04-14T15:55:31Z
TSYX,22.36,2026-04-14T18:02:49Z
TSYY,3.365,2026-04-14T19:59:45Z
TT,470.65,2026-04-14T19:59:58Z
TTAM,16.42,2026-04-14T19:59:54Z
TTAN,57.295,2026-04-14T19:59:52Z
TTC,97.61,2026-04-14T19:59:51Z
TTD,21.03,2026-04-14T19:59:59Z
TTDU,4.09,2026-04-14T19:54:40Z
TTE,91.085,2026-04-14T19:59:37Z
TTEC,2.79,2026-04-14T19:59:45Z
TTEK,31.395,2026-04-14T19:59:59Z
TTEQ,34.18,2026-04-14T19:59:21Z
TTGT,4.04,2026-04-14T19:59:56Z
TTI,8.4,2026-04-14T19:59:52Z
TTMI,120.755,2026-04-14T19:59:54Z
TTRX,3.2,2026-04-14T19:37:37Z
TTWO,205.075,2026-04-14T19:59:44Z
TU,12.2,2026-04-14T19:59:55Z
TUR,42.46,2026-04-14T19:59:00Z
TURB,2.055,2026-04-14T19:59:25Z
TUSB,50.35,2026-04-14T14:36:31Z
TUSI,25.365,2026-04-14T19:58:10Z
TUSK,2.64,2026-04-14T19:59:34Z
TUYA,2.415,2026-04-14T19:59:11Z
TV,2.91,2026-04-14T19:59:58Z
TVACW,0.475,2026-04-14T19:58:16Z
TVAL,38.2,2026-04-14T19:59:46Z
TVE,24.3,2026-04-14T17:23:13Z
TVGN,5.89,2026-04-14T19:24:49Z
TVRD,3.13,2026-04-14T19:55:38Z
TVTX,42.115,2026-04-14T19:59:57Z
TW,121.455,2026-04-14T19:59:25Z
TWAV,1.69,2026-04-14T19:58:01Z
TWFG,18.075,2026-04-14T19:59:34Z
TWG,3.58,2026-04-14T14:14:29Z
TWI,8.425,2026-04-14T19:59:47Z
TWIN,18.05,2026-04-14T19:57:08Z
TWLO,124.07,2026-04-14T19:59:55Z
TWM,26.4,2026-04-14T19:58:21Z
TWN,76.4,2026-04-14T19:53:46Z
TWO,11.1,2026-04-14T19:59:56Z
TWO-B,24.57,2026-04-14T19:09:07Z
TWO-C,24.76,2026-04-14T14:05:21Z
TWST,57.4,2026-04-14T19:59:57Z
TX,43.235,2026-04-14T19:59:52Z
TXBC,16.32,2026-04-14T14:12:01Z
TXG,24.795,2026-04-14T19:59:56Z
TXMD,2.1,2026-04-14T17:43:13Z
TXN,218.83,2026-04-14T19:59:41Z
TXNM,59.12,2026-04-14T19:59:48Z
TXO,12.02,2026-04-14T17:18:17Z
TXRH,164.4,2026-04-14T19:59:52Z
TXT,92.67,2026-04-14T19:59:53Z
TXUE,34.175,2026-04-14T19:52:55Z
TXXS,4.99,2026-04-14T14:26:09Z
TY,33.55,2026-04-14T19:25:48Z
TYA,13.31,2026-04-14T18:40:41Z
TYD,24.95,2026-04-14T19:41:43Z
TYGO,3.81,2026-04-14T19:59:25Z
TYL,322.24,2026-04-14T19:59:54Z
TYO,13.5,2026-04-14T15:06:28Z
TYRA,35.27,2026-04-14T19:59:40Z
TZA,5.505,2026-04-14T19:59:58Z
TZOO,6.715,2026-04-14T19:59:39Z
U,23.35,2026-04-14T19:59:58Z
UA,6.135,2026-04-14T19:59:56Z
UAA,6.305,2026-04-14T19:59:58Z
UAE,19.9,2026-04-14T19:55:12Z
UAL,97.13,2026-04-14T19:59:58Z
UAMY,9.36,2026-04-14T19:59:54Z
UAN,119.58,2026-04-14T19:52:04Z
UAPR,34.26,2026-04-14T19:39:11Z
UAVS,1.035,2026-04-14T19:58:56Z
UBER,72.92,2026-04-14T19:59:59Z
UBND,21.875,2026-04-14T19:52:21Z
UBOT,25.01,2026-04-14T19:50:59Z
UBRL,15.85,2026-04-14T18:44:17Z
UBS,42.895,2026-04-14T19:59:50Z
UBSI,43.63,2026-04-14T19:59:59Z
UBT,16.595,2026-04-14T18:28:42Z
UBXG,1.06,2026-04-14T19:46:30Z
UCAR,1.54,2026-04-14T19:59:53Z
UCB,33.81,2026-04-14T19:59:53Z
UCIB,33.74,2026-04-14T14:33:51Z
UCL,1.36,2026-04-14T14:53:38Z
UCO,40.64,2026-04-14T19:59:24Z
UCON,25.05,2026-04-14T19:24:41Z
UCTT,76.97,2026-04-14T19:59:55Z
UCYB,39.14,2026-04-14T13:54:34Z
UDEC,40.13,2026-04-14T18:20:48Z
UDI,34.51,2026-04-14T18:29:28Z
UDMY,4.75,2026-04-14T19:59:53Z
UDN,18.37,2026-04-14T14:12:43Z
UDOW,57.38,2026-04-14T19:59:57Z
UDR,35.12,2026-04-14T19:59:55Z
UE,21.265,2026-04-14T19:59:33Z
UEC,14.11,2026-04-14T19:59:57Z
UFCS,39.31,2026-04-14T19:57:10Z
UFEB,37.32,2026-04-14T14:59:34Z
UFG,0.9001,2026-04-14T14:46:07Z
UFI,3.75,2026-04-14T18:43:34Z
UFIV,49.05,2026-04-14T19:56:45Z
UFO,51.62,2026-04-14T19:49:29Z
UFOD,25.47,2026-04-14T15:43:44Z
UFPI,96.13,2026-04-14T19:59:57Z
UFPT,196.015,2026-04-14T19:58:42Z
UGA,98.33,2026-04-14T18:32:54Z
UGI,37.27,2026-04-14T19:59:48Z
UGL,65.51,2026-04-14T19:59:27Z
UGP,5.985,2026-04-14T19:59:54Z
UGRO,12.695,2026-04-14T19:55:00Z
UHAL,51.8,2026-04-14T19:58:55Z
UHAL.B,47.62,2026-04-14T19:59:02Z
UHG,1.18,2026-04-14T15:32:40Z
UHS,181.92,2026-04-14T19:59:55Z
UHT,42.83,2026-04-14T19:07:34Z
UI,990.51,2026-04-14T19:59:40Z
UIS,2.22,2026-04-14T19:59:55Z
UITB,47.18,2026-04-14T19:59:50Z
UK,0.4721,2026-04-14T16:06:32Z
UL,57.83,2026-04-14T19:59:42Z
ULBI,7.45,2026-04-14T18:41:29Z
ULCC,3.97,2026-04-14T19:59:58Z
ULH,21.28,2026-04-14T17:39:45Z
ULS,89.5,2026-04-14T19:59:49Z
ULST,40.435,2026-04-14T19:59:45Z
ULTA,532.92,2026-04-14T19:59:54Z
ULTI,13.41,2026-04-14T18:14:02Z
ULTY,31.86,2026-04-14T19:59:59Z
UMAC,14.005,2026-04-14T19:59:58Z
UMAY,37.245,2026-04-14T19:06:25Z
UMBF,120.6,2026-04-14T19:59:45Z
UMC,9.6,2026-04-14T19:59:59Z
UMDD,30.99,2026-04-14T14:49:41Z
UMH,15.41,2026-04-14T19:59:54Z
UMI,56.38,2026-04-14T14:32:09Z
UMMA,33.59,2026-04-14T18:30:51Z
UNCY,6.94,2026-04-14T19:59:52Z
UNF,260.425,2026-04-14T19:56:51Z
UNFI,47.37,2026-04-14T19:57:34Z
UNG,10.56,2026-04-14T19:59:43Z
UNH,314.26,2026-04-14T19:59:52Z
UNHG,13.56,2026-04-14T19:59:49Z
UNHW,41.77,2026-04-14T19:29:35Z
UNIT,10.93,2026-04-14T19:59:55Z
UNL,6.47,2026-04-14T18:43:19Z
UNM,77.5,2026-04-14T19:59:41Z
UNMA,23.53,2026-04-14T19:12:24Z
UNOV,38.51,2026-04-14T15:34:23Z
UNP,252.08,2026-04-14T19:59:49Z
UNX,33.8,2026-04-14T14:58:37Z
UOCT,39.67,2026-04-14T19:30:37Z
UP,0.4234,2026-04-14T19:59:53Z
UPAR,16.81,2026-04-14T13:36:40Z
UPB,10.32,2026-04-14T19:59:57Z
UPBD,19.35,2026-04-14T19:59:55Z
UPLD,0.6169,2026-04-14T19:59:20Z
UPRO,117.265,2026-04-14T19:59:51Z
UPS,103.225,2026-04-14T19:59:59Z
UPST,29.51,2026-04-14T19:59:49Z
UPWK,11.045,2026-04-14T19:59:57Z
UPXI,1.205,2026-04-14T19:59:46Z
URA,52.81,2026-04-14T19:59:59Z
URAA,40.4,2026-04-14T19:59:50Z
URBN,65.85,2026-04-14T19:59:54Z
URG,1.585,2026-04-14T19:59:52Z
URGN,21.23,2026-04-14T19:59:51Z
URI,770.92,2026-04-14T19:59:55Z
URNJ,31.57,2026-04-14T19:58:35Z
URNM,66.39,2026-04-14T19:59:52Z
UROY,3.74,2026-04-14T19:59:50Z
URTH,192.095,2026-04-14T19:59:57Z
URTY,65.05,2026-04-14T19:59:46Z
USA,5.905,2026-04-14T19:59:53Z
USAC,26.97,2026-04-14T19:59:51Z
USAI,44.7,2026-04-14T14:33:49Z
USAR,17,2026-04-14T19:59:57Z
USAS,6.03,2026-04-14T19:59:51Z
USAU,16.56,2026-04-14T19:57:13Z
USAX,16.07,2026-04-14T14:31:47Z
USB,56.08,2026-04-14T19:59:55Z
USB-Q,15.16,2026-04-14T19:49:24Z
USB-R,16,2026-04-14T17:31:00Z
USB-S,18,2026-04-14T18:52:44Z
USBC,0.3404,2026-04-14T19:32:45Z
USCB,19.85,2026-04-14T19:46:52Z
USCI,95.97,2026-04-14T14:20:46Z
USD,66.565,2026-04-14T19:59:50Z
USDU,25.84,2026-04-14T19:59:51Z
USDX,25.74,2026-04-14T19:23:51Z
USEA,2.15,2026-04-14T19:46:23Z
USEG,0.7196,2026-04-14T19:59:55Z
USFD,92.475,2026-04-14T19:59:36Z
USFR,50.405,2026-04-14T19:59:27Z
USG,38.06,2026-04-14T14:18:22Z
USGG,9.51,2026-04-14T19:30:04Z
USGO,12.83,2026-04-14T19:30:04Z
USHY,37.24,2026-04-14T19:59:54Z
USIG,51.595,2026-04-14T19:59:45Z
USIO,1.17,2026-04-14T19:57:57Z
USL,49.15,2026-04-14T19:04:29Z
USLM,136.535,2026-04-14T19:30:09Z
USMC,68.4,2026-04-14T15:43:26Z
USMV,93.63,2026-04-14T19:59:57Z
USNA,18.5,2026-04-14T19:59:57Z
USNG,33.99,2026-04-14T16:55:06Z
USO,123.88,2026-04-14T19:59:58Z
USOI,58.33,2026-04-14T17:27:57Z
USOY,8.44,2026-04-14T18:44:50Z
USPH,77.04,2026-04-14T19:59:02Z
USPX,60.39,2026-04-14T14:46:21Z
USRT,63.02,2026-04-14T19:59:57Z
USSE,35.71,2026-04-14T19:59:51Z
USSG,62.99,2026-04-14T13:31:27Z
USTB,50.59,2026-04-14T19:54:36Z
USVM,100.08,2026-04-14T18:12:41Z
USXF,60.38,2026-04-14T19:12:26Z
UTES,82.98,2026-04-14T19:59:46Z
UTF,26.465,2026-04-14T19:54:42Z
UTG,41.83,2026-04-14T19:32:04Z
UTHR,578.2,2026-04-14T19:59:50Z
UTHY,41.175,2026-04-14T19:59:27Z
UTI,35.17,2026-04-14T19:59:54Z
UTL,54.01,2026-04-14T19:59:23Z
UTMD,67.79,2026-04-14T15:18:27Z
UTSI,2.6,2026-04-14T14:07:31Z
UTSL,50.575,2026-04-14T19:27:08Z
UTZ,7.84,2026-04-14T19:59:56Z
UUP,27.31,2026-04-14T19:22:53Z
UUUG,11.25,2026-04-14T18:49:54Z
UUUU,19.55,2026-04-14T19:59:58Z
UVE,34.045,2026-04-14T19:58:14Z
UVIX,5.74,2026-04-14T19:59:59Z
UVSP,37.195,2026-04-14T19:59:01Z
UVV,52.635,2026-04-14T19:53:46Z
UVXY,38.63,2026-04-14T19:59:59Z
UWM,54.63,2026-04-14T19:59:33Z
UWMC,3.72,2026-04-14T19:59:50Z
UXIN,2.995,2026-04-14T19:59:21Z
UXOC,35.87,2026-04-14T14:39:18Z
UXRP,3.74,2026-04-14T19:59:59Z
UYLD,51.14,2026-04-14T19:59:45Z
UYM,31.56,2026-04-14T19:59:55Z
UZF,17.98,2026-04-14T17:01:01Z
V,311.35,2026-04-14T19:59:51Z
VAC,67.63,2026-04-14T19:59:51Z
VACH,12.55,2026-04-14T19:02:12Z
VAL,91.925,2026-04-14T19:58:30Z
VAL+,14.9,2026-04-14T19:58:15Z
VALE,17.68,2026-04-14T19:59:57Z
VALN,6.095,2026-04-14T19:39:50Z
VATE,9.475,2026-04-14T14:26:46Z
VB,278.15,2026-04-14T19:59:40Z
VBCC,75.76,2026-04-14T14:40:45Z
VBCD,75.88,2026-04-14T16:27:49Z
VBCE,76.03,2026-04-14T14:18:25Z
VBCG,76.25,2026-04-14T17:56:59Z
VBCI,76.505,2026-04-14T18:26:23Z
VBCJ,76.47,2026-04-14T19:54:05Z
VBF,15.14,2026-04-14T19:55:01Z
VBIL,75.54,2026-04-14T19:59:56Z
VBIX,2,2026-04-14T18:47:55Z
VBK,326.79,2026-04-14T19:59:55Z
VBND,43.95,2026-04-14T19:59:47Z
VBNK,16.385,2026-04-14T19:58:30Z
VBR,228.24,2026-04-14T19:29:55Z
VC,93.84,2026-04-14T19:59:33Z
VCEB,63.29,2026-04-14T18:19:27Z
VCEL,35.13,2026-04-14T19:59:38Z
VCIG,1.09,2026-04-14T19:59:58Z
VCIT,83.42,2026-04-14T19:59:59Z
VCLT,75.72,2026-04-14T19:59:59Z
VCR,385.52,2026-04-14T19:45:59Z
VCRB,77.775,2026-04-14T19:59:27Z
VCRM,75.795,2026-04-14T19:52:11Z
VCSH,79.405,2026-04-14T19:59:54Z
VCTR,71.955,2026-04-14T19:59:30Z
VCV,10.63,2026-04-14T19:55:03Z
VCX,96.01,2026-04-14T19:58:43Z
VCYT,34.305,2026-04-14T19:59:51Z
VDC,224.5,2026-04-14T19:04:07Z
VDE,158.665,2026-04-14T19:59:51Z
VEA,68.88,2026-04-14T19:59:51Z
VECO,40.685,2026-04-14T19:58:53Z
VEEA,0.6775,2026-04-14T18:40:29Z
VEEE,0.2146,2026-04-14T19:56:52Z
VEEV,159.09,2026-04-14T19:59:58Z
VEGI,46.13,2026-04-14T19:52:10Z
VEL,19.52,2026-04-14T19:59:53Z
VELO,10.905,2026-04-14T19:59:53Z
VEMY,28.77,2026-04-14T19:56:58Z
VENU,3.98,2026-04-14T19:59:55Z
VEON,52.79,2026-04-14T19:56:23Z
VERA,44.39,2026-04-14T19:59:38Z
VERI,2.3,2026-04-14T19:59:54Z
VERU,2.42,2026-04-14T19:57:23Z
VERX,11.45,2026-04-14T19:59:54Z
VET,12.52,2026-04-14T19:59:58Z
VEU,80.7,2026-04-14T19:59:50Z
VFC,18.805,2026-04-14T19:59:59Z
VFF,2.665,2026-04-14T19:57:25Z
VFH,127.11,2026-04-14T19:59:50Z
VFL,10.26,2026-04-14T19:56:16Z
VFLO,40.655,2026-04-14T19:59:45Z
VFMF,163.83,2026-04-14T18:33:55Z
VFMO,216.25,2026-04-14T15:07:15Z
VFS,4.15,2026-04-14T19:59:56Z
VG,12.515,2026-04-14T19:59:57Z
VGAS,1.73,2026-04-14T19:54:09Z
VGHY,75.205,2026-04-14T18:36:00Z
VGIT,59.655,2026-04-14T19:59:53Z
VGK,88.38,2026-04-14T19:59:44Z
VGLT,55.7,2026-04-14T19:59:54Z
VGM,10.31,2026-04-14T19:37:29Z
VGMS,51.545,2026-04-14T18:08:04Z
VGNT,33.005,2026-04-14T19:59:50Z
VGRO,24.27,2026-04-14T13:30:01Z
VGSH,58.5,2026-04-14T19:59:59Z
VGT,770,2026-04-14T19:59:51Z
VGUS,75.55,2026-04-14T14:04:43Z
VGZ,2.105,2026-04-14T19:59:58Z
VHC,14.25,2026-04-14T13:36:28Z
VHCP,9.9,2026-04-14T16:13:18Z
VHCPU,10.01,2026-04-14T19:32:59Z
VHT,277.92,2026-04-14T19:59:55Z
VHUB,0.6488,2026-04-14T19:55:54Z
VIA,15.74,2026-04-14T19:59:53Z
VIAV,40.795,2026-04-14T19:59:51Z
VICI,28.35,2026-04-14T19:59:54Z
VICR,190.1,2026-04-14T19:59:44Z
VIDI,38.305,2026-04-14T19:59:50Z
VIG,223.86,2026-04-14T19:59:50Z
VIGI,92.27,2026-04-14T19:54:12Z
VIK,81.43,2026-04-14T19:59:54Z
VINP,10.83,2026-04-14T19:59:48Z
VIOO,122.54,2026-04-14T19:25:35Z
VIOT,1.135,2026-04-14T19:59:49Z
VIOV,107.04,2026-04-14T19:43:34Z
VIPS,14.88,2026-04-14T19:59:49Z
VIR,10.045,2026-04-14T19:59:59Z
VIRC,6.065,2026-04-14T19:59:57Z
VIRT,51.285,2026-04-14T19:59:57Z
VIS,336.9,2026-04-14T19:52:39Z
VISN,18.98,2026-04-14T19:59:55Z
VIST,64.56,2026-04-14T19:59:52Z
VITL,12.745,2026-04-14T19:59:45Z
VIV,16.58,2026-04-14T19:59:57Z
VIVO,2.7,2026-04-14T19:59:13Z
VIVS,1.49,2026-04-14T16:46:11Z
VIXM,15.73,2026-04-14T19:58:55Z
VIXY,28.195,2026-04-14T19:59:58Z
VKI,8.91,2026-04-14T19:33:28Z
VKQ,9.69,2026-04-14T19:55:35Z
VKTX,35.51,2026-04-14T19:59:45Z
VLGEA,41.235,2026-04-14T19:41:03Z
VLN,1.385,2026-04-14T19:59:47Z
VLO,235.59,2026-04-14T19:59:56Z
VLRS,7.84,2026-04-14T19:59:56Z
VLT,10.34,2026-04-14T19:21:44Z
VLTO,92.39,2026-04-14T19:59:55Z
VLUE,154.98,2026-04-14T19:59:51Z
VLY,13.1,2026-04-14T19:59:59Z
VLYPN,26.38,2026-04-14T19:48:43Z
VMAR,1.88,2026-04-14T19:59:12Z
VMBS,47.225,2026-04-14T19:59:47Z
VMC,296.84,2026-04-14T19:59:56Z
VMD,9.71,2026-04-14T19:59:55Z
VMET,11.88,2026-04-14T19:59:04Z
VMI,429.07,2026-04-14T19:59:38Z
VMO,9.71,2026-04-14T19:42:24Z
VNCE,2.85,2026-04-14T19:57:34Z
VNDA,7.31,2026-04-14T19:59:56Z
VNET,8.995,2026-04-14T19:59:58Z
VNLA,49.005,2026-04-14T19:58:58Z
VNM,18.465,2026-04-14T19:55:50Z
VNO,27.965,2026-04-14T19:59:53Z
VNO-L,17.66,2026-04-14T19:04:36Z
VNO-O,15.33,2026-04-14T18:53:19Z
VNOM,45.08,2026-04-14T19:59:52Z
VNQ,94.215,2026-04-14T19:59:50Z
VNQI,47.55,2026-04-14T19:13:01Z
VNRX,0.1601,2026-04-14T19:59:50Z
VNT,37.57,2026-04-14T19:59:37Z
VO,302.01,2026-04-14T19:59:22Z
VOC,3.19,2026-04-14T19:53:39Z
VOD,15.61,2026-04-14T19:59:59Z
VOE,190.52,2026-04-14T19:59:51Z
VOLT,38.07,2026-04-14T19:53:55Z
VONE,314.6,2026-04-14T19:59:24Z
VONG,118.49,2026-04-14T19:59:49Z
VONV,98.57,2026-04-14T19:59:33Z
VOO,638.22,2026-04-14T19:59:53Z
VOOG,449.27,2026-04-14T19:56:45Z
VOOV,210.13,2026-04-14T19:21:42Z
VOR,15.87,2026-04-14T19:59:23Z
VOT,276.71,2026-04-14T19:59:50Z
VOX,194.22,2026-04-14T19:59:30Z
VOXR,5.64,2026-04-14T19:58:53Z
VOYA,72.2,2026-04-14T19:59:45Z
VOYA-B,23.69,2026-04-14T15:34:09Z
VOYG,30.125,2026-04-14T19:59:50Z
VPG,51.71,2026-04-14T19:59:44Z
VPL,105.92,2026-04-14T19:59:34Z
VPLS,78.08,2026-04-14T19:46:24Z
VPU,201.01,2026-04-14T19:54:15Z
VRA,3.75,2026-04-14T19:59:54Z
VRAX,0.1525,2026-04-14T19:56:13Z
VRCA,5.725,2026-04-14T19:59:41Z
VRDN,15.175,2026-04-14T19:59:55Z
VRE,18.895,2026-04-14T19:58:49Z
VREX,11.75,2026-04-14T19:59:50Z
VRIG,25.075,2026-04-14T19:52:19Z
VRM,15.66,2026-04-14T15:14:08Z
VRNS,21.74,2026-04-14T19:59:51Z
VRP,24.35,2026-04-14T19:54:13Z
VRRM,14.99,2026-04-14T19:59:54Z
VRSK,170.635,2026-04-14T19:59:56Z
VRSN,268.22,2026-04-14T19:59:58Z
VRT,310.39,2026-04-14T19:59:57Z
VRTL,152.51,2026-04-14T19:42:01Z
VRTS,142.5,2026-04-14T19:25:23Z
VRTX,444.19,2026-04-14T19:59:57Z
VSA,0.6161,2026-04-14T19:55:56Z
VSAT,56.99,2026-04-14T19:59:48Z
VSCO,48.52,2026-04-14T19:59:55Z
VSDB,76.49,2026-04-14T14:15:00Z
VSDM,76.52,2026-04-14T19:59:17Z
VSEC,222.36,2026-04-14T19:59:48Z
VSEE,0.2351,2026-04-14T16:30:52Z
VSGX,77.42,2026-04-14T18:34:18Z
VSH,23.14,2026-04-14T19:59:50Z
VSME,0.9927,2026-04-14T19:52:27Z
VSNT,41.11,2026-04-14T19:59:51Z
VSOL,11.135,2026-04-14T19:45:56Z
VSS,156.605,2026-04-14T19:59:53Z
VST,163.97,2026-04-14T19:59:56Z
VSTL,33.55,2026-04-14T17:52:54Z
VSTM,6.13,2026-04-14T19:59:57Z
VSTS,9.23,2026-04-14T19:59:58Z
VT,148.08,2026-04-14T19:59:47Z
VTAK,1.14,2026-04-14T19:59:26Z
VTC,77.385,2026-04-14T19:57:24Z
VTEB,50.345,2026-04-14T19:59:52Z
VTEC,100.05,2026-04-14T19:45:04Z
VTEI,100.635,2026-04-14T16:18:22Z
VTEL,103.64,2026-04-14T17:38:15Z
VTES,101.325,2026-04-14T19:59:45Z
VTEX,3.98,2026-04-14T19:59:38Z
VTGN,0.5904,2026-04-14T19:59:55Z
VTHR,306.71,2026-04-14T19:51:01Z
VTI,342.65,2026-04-14T19:59:52Z
VTIP,50.155,2026-04-14T19:54:36Z
VTIX,6.3,2026-04-14T19:50:59Z
VTMX,35.81,2026-04-14T19:59:25Z
VTN,11.17,2026-04-14T14:35:59Z
VTOL,49.52,2026-04-14T19:59:59Z
VTP,76.75,2026-04-14T18:09:24Z
VTR,85.325,2026-04-14T19:59:54Z
VTRS,13.905,2026-04-14T19:59:53Z
VTS,18.03,2026-04-14T19:59:54Z
VTSI,4.67,2026-04-14T19:50:04Z
VTV,202.93,2026-04-14T19:59:57Z
VTWG,252.18,2026-04-14T19:54:42Z
VTWO,108.54,2026-04-14T19:59:56Z
VTWV,178.065,2026-04-14T19:59:33Z
VUG,476.73,2026-04-14T19:59:50Z
VUSB,49.73,2026-04-14T19:59:55Z
VUSE,66.54,2026-04-14T19:53:10Z
VUZI,2.57,2026-04-14T19:59:57Z
VV,319.12,2026-04-14T19:59:48Z
VVOS,1.335,2026-04-14T19:59:40Z
VVR,3.145,2026-04-14T19:58:14Z
VVV,33.14,2026-04-14T19:59:58Z
VVX,69.01,2026-04-14T19:59:40Z
VWAV,6.93,2026-04-14T19:59:19Z
VWO,57.98,2026-04-14T19:59:50Z
VWOB,67.325,2026-04-14T19:56:35Z
VXF,220.14,2026-04-14T19:56:40Z
VXUS,82.815,2026-04-14T19:59:55Z
VXX,29.2,2026-04-14T19:59:59Z
VYGR,3.96,2026-04-14T19:59:52Z
VYM,153.15,2026-04-14T19:59:05Z
VYMI,99.49,2026-04-14T19:59:51Z
VYNE,0.618,2026-04-14T19:59:23Z
VYX,6.83,2026-04-14T19:59:57Z
VZ,45.415,2026-04-14T19:59:58Z
VZLA,3.455,2026-04-14T19:59:53Z
W,74.76,2026-04-14T19:59:55Z
WAB,268.68,2026-04-14T19:59:28Z
WABC,53.525,2026-04-14T19:54:40Z
WAFD,32.69,2026-04-14T19:59:49Z
WAFDP,16.425,2026-04-14T19:54:36Z
WAFU,1.61,2026-04-14T19:48:55Z
WAGN,14.865,2026-04-14T17:52:23Z
WAL,77.52,2026-04-14T19:59:44Z
WAL-A,23.38,2026-04-14T17:04:51Z
WALD,1.055,2026-04-14T19:59:52Z
WANT,43.83,2026-04-14T19:50:00Z
WAR,27.61,2026-04-14T17:54:23Z
WASH,36.38,2026-04-14T19:59:49Z
WAT,331.09,2026-04-14T19:59:49Z
WATT,16.32,2026-04-14T19:59:03Z
WAVE,6.29,2026-04-14T17:12:18Z
WAY,22.445,2026-04-14T19:59:51Z
WB,9.17,2026-04-14T19:59:59Z
WBD,27.35,2026-04-14T19:59:59Z
WBI,25.85,2026-04-14T19:59:35Z
WBS,72.62,2026-04-14T19:59:51Z
WBS-F,20.78,2026-04-14T17:52:34Z
WBTN,11.325,2026-04-14T19:59:48Z
WBUY,1.16,2026-04-14T19:05:07Z
WBX,3,2026-04-14T14:27:08Z
WCAP,8.9,2026-04-14T17:30:46Z
WCBR,23.54,2026-04-14T18:27:42Z
WCC,309.645,2026-04-14T19:57:52Z
WCLD,25.13,2026-04-14T19:59:50Z
WCME,18.385,2026-04-14T18:52:37Z
WCMI,18.58,2026-04-14T19:56:59Z
WCN,159.56,2026-04-14T19:59:51Z
WCPB,25.49,2026-04-14T17:00:18Z
WD,48.235,2026-04-14T19:59:28Z
WDAY,117.83,2026-04-14T19:59:51Z
WDC,366.105,2026-04-14T19:59:55Z
WDCX,48.66,2026-04-14T19:54:35Z
WDEF,32.55,2026-04-14T16:00:51Z
WDFC,204.93,2026-04-14T19:59:49Z
WDH,1.71,2026-04-14T19:37:00Z
WDI,13.84,2026-04-14T19:56:27Z
WDIV,79.8,2026-04-14T18:41:40Z
WDS,23.635,2026-04-14T19:59:56Z
WDTE,29.905,2026-04-14T16:18:39Z
WEA,10.91,2026-04-14T17:37:02Z
WEAT,22.61,2026-04-14T19:59:54Z
WEAV,5.02,2026-04-14T19:59:58Z
WEBL,21.06,2026-04-14T19:54:35Z
WEBS,23.02,2026-04-14T18:21:53Z
WEC,116.52,2026-04-14T19:59:49Z
WEEI,23.1,2026-04-14T16:51:42Z
WEEK,100.01,2026-04-14T17:24:31Z
WELL,210.97,2026-04-14T19:59:58Z
WEN,6.79,2026-04-14T19:59:59Z
WEPN,44.85,2026-04-14T18:03:26Z
WERN,31.73,2026-04-14T19:59:53Z
WES,40.62,2026-04-14T19:59:41Z
WEST,4.96,2026-04-14T19:59:52Z
WETH,1.58,2026-04-14T16:09:16Z
WETO,0.52,2026-04-14T14:06:26Z
WEX,168.055,2026-04-14T19:59:46Z
WEYS,34.23,2026-04-14T16:56:20Z
WF,72.56,2026-04-14T19:46:11Z
WFC,81.74,2026-04-14T19:59:55Z
WFC-C,17.76,2026-04-14T19:59:32Z
WFC-D,17.52,2026-04-14T19:16:25Z
WFC-L,1194.63,2026-04-14T19:36:02Z
WFC-Z,19.285,2026-04-14T18:31:49Z
WFG,66.385,2026-04-14T19:59:50Z
WFRD,99.6,2026-04-14T19:59:54Z
WGMI,47.47,2026-04-14T19:59:30Z
WGO,33.32,2026-04-14T19:59:50Z
WGRX,0.1391,2026-04-14T19:59:28Z
WGS,66.865,2026-04-14T19:59:38Z
WH,87.34,2026-04-14T19:59:51Z
WHD,52.725,2026-04-14T19:59:57Z
WHF,7.6,2026-04-14T19:59:37Z
WHLR,0.7721,2026-04-14T19:55:06Z
WHR,55.24,2026-04-14T19:59:55Z
WHWK,4.005,2026-04-14T19:59:13Z
WIA,8.19,2026-04-14T17:11:23Z
WIMI,2.07,2026-04-14T19:40:51Z
WINA,416.8,2026-04-14T19:59:19Z
WING,198,2026-04-14T19:59:41Z
WINN,30.25,2026-04-14T19:45:57Z
WIP,40.73,2026-04-14T19:07:41Z
WIT,2.205,2026-04-14T19:59:56Z
WIW,8.585,2026-04-14T19:13:49Z
WIX,63.86,2026-04-14T19:59:54Z
WK,55.12,2026-04-14T19:59:50Z
WKC,23.325,2026-04-14T19:59:50Z
WKEY,7.25,2026-04-14T19:31:13Z
WKHS,2.73,2026-04-14T19:33:19Z
WKSP,0.9693,2026-04-14T19:59:39Z
WLAC,12.885,2026-04-14T19:59:45Z
WLACW,4.15,2026-04-14T16:03:07Z
WLDN,80.02,2026-04-14T19:55:20Z
WLDR,40.07,2026-04-14T18:09:54Z
WLDS,1.55,2026-04-14T19:55:53Z
WLDU,15.72,2026-04-14T14:25:44Z
WLFC,210.18,2026-04-14T19:57:02Z
WLK,117.75,2026-04-14T19:59:49Z
WLTH,10.57,2026-04-14T19:59:48Z
WLY,39.7,2026-04-14T19:59:26Z
WM,227.08,2026-04-14T19:59:49Z
WMB,71.45,2026-04-14T19:59:57Z
WMG,29.035,2026-04-14T19:59:55Z
WMK,69.59,2026-04-14T19:59:17Z
WMS,155.49,2026-04-14T19:59:48Z
WMT,125.07,2026-04-14T19:59:56Z
WNC,9.33,2026-04-14T19:59:59Z
WNEB,13.91,2026-04-14T19:34:31Z
WNTR,30.58,2026-04-14T19:59:50Z
WOLF,22.965,2026-04-14T19:59:48Z
WOOF,2.805,2026-04-14T19:59:58Z
WOR,55.37,2026-04-14T19:59:45Z
WPC,71.63,2026-04-14T19:59:49Z
WPM,147.77,2026-04-14T19:59:54Z
WPP,17.375,2026-04-14T19:59:48Z
WPRT,2.05,2026-04-14T19:57:43Z
WQTM,28.59,2026-04-14T19:21:18Z
WRAP,1.5,2026-04-14T19:59:55Z
WRB,65.97,2026-04-14T19:59:54Z
WRBY,23.1,2026-04-14T19:59:45Z
WRD,7.895,2026-04-14T19:59:56Z
WRLD,142.75,2026-04-14T17:56:15Z
WRN,2.94,2026-04-14T19:59:13Z
WS,33.96,2026-04-14T19:57:07Z
WSBC,36.11,2026-04-14T19:59:57Z
WSBF,18.57,2026-04-14T19:59:25Z
WSC,19.08,2026-04-14T19:59:56Z
WSFS,69.275,2026-04-14T19:59:40Z
WSHP,5.92,2026-04-14T15:27:40Z
WSM,193.85,2026-04-14T19:59:56Z
WSO,410.24,2026-04-14T19:59:47Z
WSR,18.925,2026-04-14T19:59:57Z
WST,267.94,2026-04-14T19:59:59Z
WT,17.26,2026-04-14T19:59:59Z
WTAI,32.78,2026-04-14T19:52:40Z
WTBA,24.8,2026-04-14T13:30:01Z
WTBN,25.48,2026-04-14T19:08:52Z
WTFC,145.475,2026-04-14T19:59:47Z
WTFCN,26.04,2026-04-14T16:18:35Z
WTI,2.82,2026-04-14T19:59:59Z
WTID,5.52,2026-04-14T19:19:21Z
WTIU,16.22,2026-04-14T17:36:58Z
WTM,2295.15,2026-04-14T19:56:56Z
WTMF,40.33,2026-04-14T16:41:51Z
WTPI,32.84,2026-04-14T18:49:14Z
WTRG,39.48,2026-04-14T19:59:54Z
WTS,308.63,2026-04-14T19:59:59Z
WTTR,14.81,2026-04-14T19:59:51Z
WTV,96.525,2026-04-14T19:59:50Z
WTW,288.47,2026-04-14T19:59:54Z
WU,9.16,2026-04-14T19:59:54Z
WULF,20.965,2026-04-14T19:59:59Z
WULX,38.41,2026-04-14T18:58:05Z
WVE,7.41,2026-04-14T19:59:58Z
WW,10.67,2026-04-14T19:58:35Z
WWD,403.105,2026-04-14T19:59:59Z
WWJD,39.76,2026-04-14T14:43:32Z
WWR,0.6402,2026-04-14T19:54:03Z
WWW,17.17,2026-04-14T19:59:58Z
WXM,0.5615,2026-04-14T19:37:11Z
WY,24.75,2026-04-14T19:59:59Z
WYFI,16.12,2026-04-14T19:59:52Z
WYHG,0.555,2026-04-14T19:49:43Z
WYNN,105.555,2026-04-14T19:59:40Z
WYY,4.83,2026-04-14T18:46:00Z
XAGG,50.515,2026-04-14T19:59:54Z
XAIR,0.5682,2026-04-14T19:58:22Z
XAIX,43.96,2026-04-14T19:21:46Z
XAR,276.33,2026-04-14T19:47:43Z
XAUG,38.12,2026-04-14T14:46:42Z
XBCI,44.91,2026-04-14T16:38:01Z
XBFR,25.2,2026-04-14T19:09:27Z
XBI,135.75,2026-04-14T19:59:54Z
XBIL,50.1,2026-04-14T19:52:34Z
XBIO,3.22,2026-04-14T17:15:51Z
XBJL,39.11,2026-04-14T15:49:42Z
XBOC,34.22,2026-04-14T19:49:19Z
XCCC,36.77,2026-04-14T19:41:09Z
XCEM,45.44,2026-04-14T19:12:05Z
XCUR,3.87,2026-04-14T14:23:43Z
XDEC,41.625,2026-04-14T17:43:21Z
XDEF,23.96,2026-04-14T13:45:51Z
XDIV,28.27,2026-04-14T17:22:31Z
XDSQ,41.48,2026-04-14T14:51:20Z
XDTE,38.24,2026-04-14T18:32:09Z
XEL,79.81,2026-04-14T19:59:54Z
XELB,1.6,2026-04-14T18:52:07Z
XELLL,24.615,2026-04-14T19:54:36Z
XENE,59.36,2026-04-14T19:59:37Z
XERS,6.075,2026-04-14T19:59:55Z
XES,116.05,2026-04-14T19:55:38Z
XFIV,49.26,2026-04-14T19:56:39Z
XFLT,17.53,2026-04-14T19:59:56Z
XFOR,4.2,2026-04-14T19:59:58Z
XGN,3.04,2026-04-14T19:59:58Z
XHB,105.77,2026-04-14T19:59:48Z
XHLD,1.48,2026-04-14T19:59:13Z
XHLF,50.245,2026-04-14T19:52:08Z
XHR,16.3,2026-04-14T19:59:51Z
XHYT,34.15,2026-04-14T16:13:43Z
XIDE,30.13,2026-04-14T14:35:51Z
XIDV,37.545,2026-04-14T17:04:23Z
XIFR,10.295,2026-04-14T19:59:59Z
XIMR,31.4,2026-04-14T15:59:29Z
XJR,46.83,2026-04-14T17:30:26Z
XJUN,43.76,2026-04-14T19:54:54Z
XLB,52.015,2026-04-14T19:59:56Z
XLBI,24.06,2026-04-14T17:07:19Z
XLC,116.53,2026-04-14T19:59:58Z
XLE,55.92,2026-04-14T19:59:59Z
XLEI,25.97,2026-04-14T15:02:08Z
XLF,51.77,2026-04-14T19:59:54Z
XLFI,22.91,2026-04-14T15:46:32Z
XLG,58.38,2026-04-14T19:58:23Z
XLI,173.365,2026-04-14T19:59:58Z
XLII,25.07,2026-04-14T17:50:11Z
XLK,147.895,2026-04-14T19:59:59Z
XLKI,25.55,2026-04-14T15:24:28Z
XLO,8.34,2026-04-14T19:40:09Z
XLP,81.445,2026-04-14T19:59:59Z
XLRE,43.43,2026-04-14T19:59:49Z
XLU,46.465,2026-04-14T19:59:52Z
XLV,148.78,2026-04-14T19:59:59Z
XLY,116.42,2026-04-14T19:59:56Z
XMAR,41.65,2026-04-14T17:20:21Z
XME,115.255,2026-04-14T19:59:55Z
XMHQ,107.65,2026-04-14T19:59:35Z
XMLV,65.35,2026-04-14T18:08:17Z
XMMO,158.06,2026-04-14T19:59:51Z
XMPT,21.95,2026-04-14T17:41:03Z
XMTR,43.72,2026-04-14T19:59:56Z
XMVM,67.49,2026-04-14T19:57:53Z
XNCR,12.51,2026-04-14T19:59:54Z
XNDU,14.815,2026-04-14T19:59:45Z
XNET,6.19,2026-04-14T19:59:54Z
XNTK,288.04,2026-04-14T19:58:49Z
XOM,149.22,2026-04-14T19:59:54Z
XOMA,39.4,2026-04-14T19:52:15Z
XOMO,12.13,2026-04-14T19:59:50Z
XOMX,42.6,2026-04-14T19:59:50Z
XOP,163.43,2026-04-14T19:59:56Z
XOVR,17.59,2026-04-14T19:59:52Z
XP,21.26,2026-04-14T19:59:55Z
XPEL,46.47,2026-04-14T19:53:04Z
XPER,6.1,2026-04-14T19:59:58Z
XPEV,17.89,2026-04-14T19:59:54Z
XPH,57.09,2026-04-14T19:02:13Z
XPL,0.905,2026-04-14T19:50:08Z
XPO,212.615,2026-04-14T19:59:31Z
XPOF,7.31,2026-04-14T19:59:59Z
XPON,0.7037,2026-04-14T13:53:43Z
XPRO,16.28,2026-04-14T19:59:57Z
XQQI,47.41,2026-04-14T19:01:54Z
XRAY,12.22,2026-04-14T19:59:59Z
XRMI,17.13,2026-04-14T13:39:36Z
XRN,35.315,2026-04-14T19:59:29Z
XRP,15.25,2026-04-14T19:59:46Z
XRPC,14.47,2026-04-14T19:59:51Z
XRPI,7.675,2026-04-14T19:59:11Z
XRPN,10.385,2026-04-14T19:59:04Z
XRPNW,0.57,2026-04-14T19:58:04Z
XRPR,11.12,2026-04-14T19:59:07Z
XRPT,41.13,2026-04-14T19:59:50Z
XRPZ,14.795,2026-04-14T19:53:01Z
XRT,83.605,2026-04-14T19:59:59Z
XRTX,2.16,2026-04-14T19:58:56Z
XRX,1.4,2026-04-14T19:59:35Z
XSD,389.01,2026-04-14T19:19:01Z
XSEP,43.13,2026-04-14T18:17:29Z
XSHD,13.57,2026-04-14T19:23:25Z
XSHQ,44.53,2026-04-14T16:41:51Z
XSMO,83.29,2026-04-14T18:50:49Z
XSOE,43.99,2026-04-14T19:58:14Z
XSPI,47.35,2026-04-14T14:38:12Z
XSVM,63.99,2026-04-14T18:15:35Z
XSVN,47.85,2026-04-14T19:33:53Z
XSW,144.02,2026-04-14T17:51:05Z
XT,72.815,2026-04-14T19:59:46Z
XTEN,46.105,2026-04-14T19:59:35Z
XTIA,2.09,2026-04-14T19:59:50Z
XTJL,40.05,2026-04-14T15:22:12Z
XTL,209.31,2026-04-14T19:36:10Z
XTN,107.04,2026-04-14T19:58:46Z
XTNT,0.507,2026-04-14T19:49:51Z
XTRE,49.51,2026-04-14T19:39:01Z
XTWY,37.81,2026-04-14T19:01:43Z
XVV,52.88,2026-04-14T19:37:29Z
XWEL,1.16,2026-04-14T19:49:56Z
XWIN,7.2,2026-04-14T19:59:55Z
XXI,7.34,2026-04-14T19:59:54Z
XXRP,3.91,2026-04-14T19:52:52Z
XXV,23.54,2026-04-14T18:02:30Z
XYF,4.59,2026-04-14T19:59:53Z
XYL,129.66,2026-04-14T19:59:52Z
XYLD,39.96,2026-04-14T19:59:51Z
XYZ,66.17,2026-04-14T19:59:53Z
XZO,16.24,2026-04-14T19:58:31Z
YALA,6.83,2026-04-14T19:59:55Z
YANG,26.825,2026-04-14T19:58:06Z
YB,17.945,2026-04-14T15:53:36Z
YBIT,24.77,2026-04-14T18:12:05Z
YBTC,21.725,2026-04-14T19:24:35Z
YCBD,0.7105,2026-04-14T19:58:39Z
YCL,18.31,2026-04-14T19:05:14Z
YDDL,4.55,2026-04-14T19:12:17Z
YDES,5.29,2026-04-14T17:00:55Z
YDKG,0.93,2026-04-14T13:30:36Z
YEAR,50.41,2026-04-14T19:59:46Z
YELP,26.2,2026-04-14T19:59:47Z
YETH,12.38,2026-04-14T13:31:32Z
YETI,39.18,2026-04-14T19:59:49Z
YEXT,3.5,2026-04-14T19:59:55Z
YHGJ,2.84,2026-04-14T18:37:36Z
YINN,35.42,2026-04-14T19:59:58Z
YLD,19.03,2026-04-14T18:33:39Z
YLDE,55.4,2026-04-14T19:39:23Z
YMAG,12.66,2026-04-14T19:59:21Z
YMAT,0.34,2026-04-14T13:44:01Z
YMAX,8.13,2026-04-14T19:59:45Z
YMM,8.4,2026-04-14T19:59:55Z
YMT,0.2159,2026-04-14T19:49:22Z
YOLO,2.76,2026-04-14T16:08:16Z
YOOV,1.9,2026-04-14T19:56:47Z
YORW,31.455,2026-04-14T19:54:39Z
YOU,48.365,2026-04-14T19:59:48Z
YOUL,1.07,2026-04-14T19:52:58Z
YPF,42.12,2026-04-14T19:59:53Z
YQQQ,11.715,2026-04-14T19:58:45Z
YRD,1.905,2026-04-14T19:51:45Z
YSG,3.18,2026-04-14T19:58:56Z
YSPY,15.18,2026-04-14T16:05:00Z
YSS,34.22,2026-04-14T19:59:52Z
YSXT,1.26,2026-04-14T17:39:01Z
YUM,161.6,2026-04-14T19:59:51Z
YUMC,49.48,2026-04-14T19:59:48Z
YYAI,0.9646,2026-04-14T19:58:49Z
YYGH,1.595,2026-04-14T19:59:22Z
YYY,11.5,2026-04-14T19:59:50Z
Z,40.865,2026-04-14T19:59:52Z
ZALT,33.225,2026-04-14T19:29:50Z
ZAP,33.63,2026-04-14T19:59:33Z
ZAPR,26.32,2026-04-14T19:56:55Z
ZBAI,7.55,2026-04-14T13:44:54Z
ZBAO,0.8743,2026-04-14T19:49:05Z
ZBH,96.53,2026-04-14T19:59:48Z
ZBIO,21.32,2026-04-14T19:59:54Z
ZBRA,226.725,2026-04-14T19:59:56Z
ZD,45.62,2026-04-14T19:59:48Z
ZDEK,25.97,2026-04-14T18:01:17Z
ZDGE,2.94,2026-04-14T19:58:07Z
ZECP,35.53,2026-04-14T15:43:56Z
ZENA,2.115,2026-04-14T19:59:59Z
ZEO,0.5699,2026-04-14T19:59:29Z
ZEPP,14.22,2026-04-14T19:31:53Z
ZETA,16.21,2026-04-14T19:59:58Z
ZEXIT,10,2026-04-14T13:30:00Z
ZG,41,2026-04-14T19:59:14Z
ZGN,11.555,2026-04-14T19:59:58Z
ZH,3.38,2026-04-14T19:59:50Z
ZHDG,21.64,2026-04-14T19:25:38Z
ZHOG,51.63,2026-04-14T17:14:30Z
ZIEXT,1,2026-04-14T13:30:00Z
ZIM,26.39,2026-04-14T19:59:22Z
ZION,61.66,2026-04-14T19:59:52Z
ZIP,2.44,2026-04-14T19:59:58Z
ZJUL,29.45,2026-04-14T18:56:05Z
ZKH,3.165,2026-04-14T19:59:18Z
ZLAB,21.96,2026-04-14T19:59:43Z
ZM,82.435,2026-04-14T19:59:55Z
ZMUN,50.24,2026-04-14T19:04:40Z
ZNB,1.77,2026-04-14T18:09:18Z
ZNOV,26.95,2026-04-14T14:59:05Z
ZNTL,5.18,2026-04-14T19:59:54Z
ZOCT,27.11,2026-04-14T18:16:13Z
ZONE,0.3394,2026-04-14T19:59:33Z
ZOOZ,0.3145,2026-04-14T19:36:34Z
ZROZ,63.98,2026-04-14T19:59:51Z
ZS,122.7,2026-04-14T19:59:59Z
ZSL,19.815,2026-04-14T19:59:35Z
ZSPC,0.0781,2026-04-14T19:59:48Z
ZTG,1.96,2026-04-14T19:31:42Z
ZTO,24.945,2026-04-14T19:59:52Z
ZTR,6.83,2026-04-14T19:16:34Z
ZTS,121.11,2026-04-14T19:59:53Z
ZTWO,50.59,2026-04-14T19:56:10Z
ZUMZ,24.29,2026-04-14T19:59:25Z
ZURA,5.71,2026-04-14T19:59:48Z
ZVIA,1.185,2026-04-14T19:59:56Z
ZVOL,9.04,2026-04-14T19:59:50Z
ZVRA,9.8,2026-04-14T19:59:56Z
ZVZZT,11.25,2026-04-14T18:06:33Z
ZWS,49.36,2026-04-14T19:59:52Z
ZXIET,100,2026-04-14T13:30:00Z
ZYBT,1.12,2026-04-14T19:30:29Z
ZYME,26.99,2026-04-14T19:59:43Z
