symbol,close,last_trade_utc
A,111.515,2026-03-13T19:59:56Z
AA,63.54,2026-03-13T19:59:50Z
AAA,24.94,2026-03-13T15:27:47Z
AAAU,49.495,2026-03-13T19:59:48Z
AAL,10.32,2026-03-13T19:59:59Z
AALG,7.56,2026-03-13T16:35:32Z
AAME,2.74,2026-03-13T18:59:20Z
AAMI,50.44,2026-03-13T19:59:47Z
AAOI,96.97,2026-03-13T19:59:50Z
AAON,83.79,2026-03-13T19:59:30Z
AAP,51.73,2026-03-13T19:59:57Z
AAPB,26.36,2026-03-13T19:59:57Z
AAPD,14.225,2026-03-13T19:59:59Z
AAPL,250.035,2026-03-13T19:59:59Z
AAPU,27.59,2026-03-13T19:59:59Z
AAPX,24.95,2026-03-13T19:59:50Z
AARD,5.09,2026-03-13T19:59:04Z
AAT,18.77,2026-03-13T19:59:48Z
AAUC,31.07,2026-03-13T19:59:46Z
AAXJ,97.54,2026-03-13T19:59:53Z
AB,38.21,2026-03-13T19:43:40Z
ABAT,3.33,2026-03-13T19:59:58Z
ABBV,219.605,2026-03-13T19:59:50Z
ABCB,75.1,2026-03-13T19:58:59Z
ABCL,3.495,2026-03-13T19:59:59Z
ABEO,4.765,2026-03-13T19:59:53Z
ABEV,2.865,2026-03-13T19:59:57Z
ABFL,71.44,2026-03-13T19:59:50Z
ABG,196.445,2026-03-13T19:57:26Z
ABLD,31.13,2026-03-13T16:58:20Z
ABM,38.75,2026-03-13T19:59:55Z
ABNB,126.33,2026-03-13T19:59:55Z
ABOS,3.24,2026-03-13T19:59:17Z
ABR,7.68,2026-03-13T19:59:57Z
ABR-E,17.31,2026-03-13T17:16:57Z
ABSI,2.39,2026-03-13T19:59:59Z
ABT,108.02,2026-03-13T19:59:50Z
ABTC,1.035,2026-03-13T19:59:47Z
ABUS,4.26,2026-03-13T19:59:59Z
ABVC,1.25,2026-03-13T19:11:05Z
ABVE,1.155,2026-03-13T19:59:04Z
ABVX,115.66,2026-03-13T19:59:48Z
ABX,9.795,2026-03-13T19:59:59Z
ACA,105.76,2026-03-13T19:56:59Z
ACAAU,10.08,2026-03-13T19:12:45Z
ACAD,20.605,2026-03-13T19:59:54Z
ACB,3.435,2026-03-13T19:59:46Z
ACCO,3.38,2026-03-13T19:59:56Z
ACDC,6.385,2026-03-13T19:59:23Z
ACEL,11.29,2026-03-13T19:59:52Z
ACES,32.96,2026-03-13T19:59:49Z
ACET,7.26,2026-03-13T19:59:58Z
ACFN,19.575,2026-03-13T19:53:58Z
ACGL,93.48,2026-03-13T19:59:57Z
ACGLN,16.985,2026-03-13T19:35:53Z
ACGLO,20.22,2026-03-13T19:44:11Z
ACH,2.38,2026-03-13T19:59:59Z
ACHC,23.515,2026-03-13T19:59:59Z
ACHR,6.035,2026-03-13T19:59:56Z
ACHV,4.17,2026-03-13T19:59:54Z
ACI,17.26,2026-03-13T19:59:56Z
ACIC,11.33,2026-03-13T19:59:40Z
ACII,25.2,2026-03-13T18:36:43Z
ACIO,42.71,2026-03-13T19:34:01Z
ACIU,3.03,2026-03-13T19:59:48Z
ACIW,39.8,2026-03-13T19:59:57Z
ACKY,17.7,2026-03-13T18:30:54Z
ACLS,83.19,2026-03-13T19:59:51Z
ACLX,114.37,2026-03-13T19:59:56Z
ACM,91.02,2026-03-13T19:59:53Z
ACMR,46.39,2026-03-13T19:59:56Z
ACN,196.59,2026-03-13T19:59:57Z
ACNB,46.39,2026-03-13T19:55:22Z
ACNT,12.86,2026-03-13T19:58:25Z
ACOG,5.81,2026-03-13T19:16:15Z
ACON,3.38,2026-03-13T19:50:50Z
ACP,5.24,2026-03-13T19:59:54Z
ACR,18.97,2026-03-13T15:45:55Z
ACR-C,24.785,2026-03-13T18:13:01Z
ACRE,4.87,2026-03-13T19:59:57Z
ACRS,3.55,2026-03-13T19:59:59Z
ACRV,1.62,2026-03-13T19:59:55Z
ACT,40.5,2026-03-13T19:59:14Z
ACTG,4.875,2026-03-13T19:59:53Z
ACTU,2.6,2026-03-13T19:59:47Z
ACU,43.515,2026-03-13T17:27:54Z
ACV,25.64,2026-03-13T13:46:21Z
ACVA,4.84,2026-03-13T19:59:59Z
ACWI,139.53,2026-03-13T19:59:59Z
ACWV,120.51,2026-03-13T19:59:57Z
ACWX,68.165,2026-03-13T19:59:46Z
ACXP,3.98,2026-03-13T19:59:36Z
ACYN,20.2,2026-03-13T19:09:55Z
AD,47.99,2026-03-13T19:53:15Z
ADACU,9.96,2026-03-13T17:16:56Z
ADAG,3.9,2026-03-13T18:05:46Z
ADAM,7.87,2026-03-13T19:59:56Z
ADAMG,24.81,2026-03-13T19:29:15Z
ADAMH,25.26,2026-03-13T19:04:11Z
ADAML,23.57,2026-03-13T18:52:15Z
ADAMM,25.41,2026-03-13T19:59:37Z
ADAMO,24.865,2026-03-13T15:43:15Z
ADAMZ,19.5,2026-03-13T17:47:09Z
ADBE,249.32,2026-03-13T19:59:59Z
ADBG,4.89,2026-03-13T19:59:59Z
ADC,79.19,2026-03-13T19:59:59Z
ADC-A,17.195,2026-03-13T17:23:43Z
ADCT,4.125,2026-03-13T19:59:45Z
ADEA,22.8,2026-03-13T19:59:57Z
ADGM,1.1,2026-03-13T17:11:45Z
ADI,306.1,2026-03-13T19:59:54Z
ADIL,1.92,2026-03-13T15:15:25Z
ADM,72,2026-03-13T19:59:56Z
ADMA,15.145,2026-03-13T19:59:55Z
ADME,50.54,2026-03-13T18:37:04Z
ADNT,19.77,2026-03-13T19:59:53Z
ADP,208.475,2026-03-13T19:59:54Z
ADPT,13.17,2026-03-13T19:59:58Z
ADSE,10.71,2026-03-13T18:43:48Z
ADSK,251.19,2026-03-13T19:59:55Z
ADT,6.41,2026-03-13T19:59:56Z
ADTN,9.945,2026-03-13T19:59:50Z
ADTX,1.82,2026-03-13T19:38:28Z
ADUR,11.135,2026-03-13T19:58:39Z
ADUS,101.53,2026-03-13T19:54:50Z
ADV,0.7379,2026-03-13T19:59:50Z
ADX,22.445,2026-03-13T19:59:50Z
AEBI,13.38,2026-03-13T19:59:45Z
AEC,5.81,2026-03-13T19:48:41Z
AEE,112.05,2026-03-13T19:59:59Z
AEF,7.41,2026-03-13T19:58:57Z
AEFC,18.98,2026-03-13T19:59:04Z
AEG,6.79,2026-03-13T19:59:54Z
AEHL,1.855,2026-03-13T19:59:14Z
AEHR,35.7,2026-03-13T19:59:48Z
AEI,1.72,2026-03-13T14:24:01Z
AEIS,302.02,2026-03-13T19:59:55Z
AEM,207.42,2026-03-13T19:59:57Z
AEMD,1.96,2026-03-13T19:21:02Z
AENT,6.735,2026-03-13T19:31:51Z
AEO,17.575,2026-03-13T19:59:53Z
AEON,1.12,2026-03-13T17:25:12Z
AEP,133.58,2026-03-13T19:59:54Z
AER,133,2026-03-13T19:59:49Z
AERO,13.41,2026-03-13T19:59:39Z
AERT,0.419,2026-03-13T19:59:43Z
AES,14.2,2026-03-13T19:59:59Z
AESI,13.625,2026-03-13T19:59:55Z
AESR,17.06,2026-03-13T14:49:58Z
AEVA,15.17,2026-03-13T19:59:01Z
AEXA,11.08,2026-03-13T17:56:46Z
AEYE,5.71,2026-03-13T19:59:13Z
AFB,10.73,2026-03-13T19:50:01Z
AFCG,2.635,2026-03-13T19:51:48Z
AFG,128.165,2026-03-13T19:58:20Z
AFGB,21.38,2026-03-13T19:59:47Z
AFGC,18.425,2026-03-13T19:50:00Z
AFIF,9.37,2026-03-13T18:32:49Z
AFJK,28.05,2026-03-13T14:53:40Z
AFJKR,0.3526,2026-03-13T14:03:49Z
AFK,25.6,2026-03-13T19:09:53Z
AFL,108.73,2026-03-13T19:59:35Z
AFLG,38.97,2026-03-13T18:10:46Z
AFRM,46.895,2026-03-13T19:59:56Z
AFRU,5.115,2026-03-13T19:49:28Z
AFYA,13.73,2026-03-13T19:59:45Z
AG,22.55,2026-03-13T19:59:58Z
AGAE,0.2914,2026-03-13T19:58:53Z
AGBK,9.36,2026-03-13T19:59:56Z
AGCC,16.3,2026-03-13T13:37:41Z
AGCO,118.4,2026-03-13T19:59:39Z
AGD,11.66,2026-03-13T14:45:12Z
AGEM,41.15,2026-03-13T17:57:52Z
AGEN,3.1,2026-03-13T19:55:23Z
AGG,99.205,2026-03-13T19:59:48Z
AGGH,20.46,2026-03-13T19:59:48Z
AGGY,43.55,2026-03-13T19:54:30Z
AGH,4.815,2026-03-13T19:49:54Z
AGI,45.85,2026-03-13T19:59:59Z
AGIG,1.845,2026-03-13T19:58:05Z
AGIO,27.835,2026-03-13T19:59:45Z
AGIX,33.885,2026-03-13T19:59:45Z
AGL,0.6045,2026-03-13T19:59:50Z
AGM,151.61,2026-03-13T19:55:28Z
AGMB,13.86,2026-03-13T19:13:13Z
AGNC,10.215,2026-03-13T19:59:57Z
AGNCL,25.18,2026-03-13T15:33:32Z
AGNCM,24.84,2026-03-13T19:59:06Z
AGNCN,25.63,2026-03-13T14:54:33Z
AGNCO,25.45,2026-03-13T18:28:00Z
AGNCP,24.9,2026-03-13T19:50:29Z
AGNCZ,25.67,2026-03-13T17:56:29Z
AGNG,35.64,2026-03-13T15:56:57Z
AGO,83.43,2026-03-13T19:59:49Z
AGOX,27.3,2026-03-13T19:57:23Z
AGPU,1.95,2026-03-13T18:27:24Z
AGQ,138.05,2026-03-13T19:59:36Z
AGQI,17.1,2026-03-13T17:48:52Z
AGRO,10.83,2026-03-13T19:59:44Z
AGRZ,0.6549,2026-03-13T19:57:33Z
AGX,458.31,2026-03-13T19:59:08Z
AGYS,68.435,2026-03-13T19:59:34Z
AGZ,109.57,2026-03-13T15:54:49Z
AGZD,22.47,2026-03-13T18:55:40Z
AHCO,10.6,2026-03-13T19:59:58Z
AHG,2.24,2026-03-13T19:05:18Z
AHL-D,20.53,2026-03-13T19:10:11Z
AHL-F,24.38,2026-03-13T18:07:51Z
AHMA,5.16,2026-03-13T19:59:47Z
AHR,52.16,2026-03-13T19:59:56Z
AHRT,5.485,2026-03-13T19:59:54Z
AHRT-A,21.71,2026-03-13T18:20:45Z
AHT,3.07,2026-03-13T19:59:49Z
AHT-F,7.7,2026-03-13T17:28:06Z
AHT-H,7.63,2026-03-13T19:10:00Z
AHT-I,7.59,2026-03-13T19:15:02Z
AI,8.91,2026-03-13T19:59:59Z
AIA,107.435,2026-03-13T19:57:21Z
AIBD,9.48,2026-03-13T19:59:50Z
AIBU,39.22,2026-03-13T15:27:26Z
AIDX,2.52,2026-03-13T19:52:38Z
AIEQ,43.89,2026-03-13T19:58:45Z
AIFD,39.14,2026-03-13T15:00:55Z
AIFF,2.735,2026-03-13T19:59:54Z
AIFU,1.64,2026-03-13T13:30:46Z
AIG,76.73,2026-03-13T19:59:50Z
AIHS,1.54,2026-03-13T19:59:28Z
AII,19.3,2026-03-13T19:53:47Z
AIIO,0.1268,2026-03-13T19:59:53Z
AIM,0.6941,2026-03-13T18:45:41Z
AIMD,1.44,2026-03-13T19:58:43Z
AIN,53.6,2026-03-13T19:58:33Z
AINP,24.94,2026-03-13T19:52:35Z
AIO,21.72,2026-03-13T17:09:27Z
AIOS,0.7051,2026-03-13T13:37:24Z
AIOT,3.14,2026-03-13T19:59:58Z
AIP,14.645,2026-03-13T19:59:31Z
AIPI,35.95,2026-03-13T18:41:18Z
AIPO,25.135,2026-03-13T19:56:55Z
AIQ,48.36,2026-03-13T19:59:59Z
AIR,101.99,2026-03-13T19:59:57Z
AIRE,0.3045,2026-03-13T19:23:34Z
AIRG,3.99,2026-03-13T19:51:30Z
AIRI,3.22,2026-03-13T19:55:42Z
AIRJ,3.26,2026-03-13T19:59:57Z
AIRO,9.775,2026-03-13T19:59:30Z
AIRR,108.58,2026-03-13T19:59:50Z
AIRS,1.855,2026-03-13T19:59:58Z
AIS,43.31,2026-03-13T18:39:43Z
AISP,2.63,2026-03-13T19:59:54Z
AIT,255.62,2026-03-13T19:59:53Z
AIV,4.205,2026-03-13T19:59:59Z
AIXC,1.14,2026-03-13T16:55:16Z
AIXI,0.2012,2026-03-13T19:59:52Z
AIYY,10.74,2026-03-13T13:53:19Z
AIZ,218.54,2026-03-13T19:59:01Z
AJAN,27.77,2026-03-13T15:58:26Z
AJG,207.88,2026-03-13T19:59:54Z
AKA,8.96,2026-03-13T19:09:16Z
AKAM,107.685,2026-03-13T19:59:26Z
AKAN,0.83,2026-03-13T19:59:58Z
AKBA,1.47,2026-03-13T19:59:59Z
AKO.B,26.53,2026-03-13T18:35:48Z
AKR,20.17,2026-03-13T19:59:59Z
AKRE,53.24,2026-03-13T19:58:02Z
AKTS,19.06,2026-03-13T19:59:53Z
AKTX,0.226,2026-03-13T19:55:45Z
AL,64.51,2026-03-13T19:59:53Z
ALAB,120.35,2026-03-13T19:59:58Z
ALB,158.22,2026-03-13T19:59:51Z
ALB-A,64.1,2026-03-13T19:56:16Z
ALBG,12.39,2026-03-13T14:49:05Z
ALBT,0.6508,2026-03-13T15:01:30Z
ALC,77.285,2026-03-13T19:59:50Z
ALCO,38.46,2026-03-13T19:19:05Z
ALDX,4.125,2026-03-13T19:59:53Z
ALEC,2.21,2026-03-13T19:59:58Z
ALF,10.73,2026-03-13T18:12:46Z
ALG,170.815,2026-03-13T19:58:56Z
ALGM,31.14,2026-03-13T19:59:55Z
ALGN,164.21,2026-03-13T19:59:53Z
ALGS,7.595,2026-03-13T16:37:27Z
ALGT,75.07,2026-03-13T19:59:52Z
ALH,19.73,2026-03-13T19:59:54Z
ALHC,17,2026-03-13T19:59:57Z
ALIL,27.73,2026-03-13T19:40:11Z
ALIT,0.9164,2026-03-13T19:59:54Z
ALK,38.01,2026-03-13T19:59:52Z
ALKS,27.77,2026-03-13T19:59:56Z
ALKT,17.99,2026-03-13T19:59:41Z
ALL,206.14,2026-03-13T19:59:42Z
ALL-B,26.21,2026-03-13T19:41:13Z
ALL-H,20.78,2026-03-13T19:58:52Z
ALL-I,19.375,2026-03-13T19:13:18Z
ALL-J,26.42,2026-03-13T19:42:59Z
ALLE,145.42,2026-03-13T19:59:55Z
ALLO,2.4,2026-03-13T19:59:56Z
ALLR,1.265,2026-03-13T17:12:28Z
ALLT,6.43,2026-03-13T19:58:38Z
ALLW,29.19,2026-03-13T19:59:41Z
ALLY,36.15,2026-03-13T19:59:54Z
ALM,19.7,2026-03-13T19:59:48Z
ALMS,24.8,2026-03-13T19:59:58Z
ALMU,14.855,2026-03-13T19:59:39Z
ALNT,62.07,2026-03-13T19:42:05Z
ALNY,313.57,2026-03-13T19:59:59Z
ALOT,8.575,2026-03-13T19:50:07Z
ALOY,11.97,2026-03-13T19:59:41Z
ALPS,1.05,2026-03-13T19:52:53Z
ALRM,46.55,2026-03-13T19:59:55Z
ALRS,23.565,2026-03-13T19:59:38Z
ALSN,112.86,2026-03-13T19:59:49Z
ALT,3.505,2026-03-13T19:59:53Z
ALTG,6.14,2026-03-13T19:59:58Z
ALTI,3.65,2026-03-13T19:59:26Z
ALTO,4.66,2026-03-13T19:59:51Z
ALTS,1.32,2026-03-13T19:59:53Z
ALTY,12.17,2026-03-13T15:00:19Z
ALV,102.76,2026-03-13T19:59:20Z
ALVO,3.47,2026-03-13T19:59:54Z
ALXO,1.98,2026-03-13T19:59:50Z
ALZN,2.05,2026-03-13T18:57:33Z
AM,23.14,2026-03-13T19:59:59Z
AMAL,38.1,2026-03-13T19:59:10Z
AMAT,341.26,2026-03-13T19:59:59Z
AMAX,7.9,2026-03-13T19:47:31Z
AMBA,52.27,2026-03-13T19:59:57Z
AMBP,4.1,2026-03-13T19:59:59Z
AMBQ,25.44,2026-03-13T19:59:54Z
AMBR,2.65,2026-03-13T19:59:21Z
AMC,1.09,2026-03-13T19:59:58Z
AMCI,7.945,2026-03-13T19:57:20Z
AMCR,40.57,2026-03-13T19:59:56Z
AMCX,7.2,2026-03-13T19:59:57Z
AMD,193.41,2026-03-13T19:59:59Z
AMDD,9.67,2026-03-13T19:59:51Z
AMDG,20.09,2026-03-13T14:00:05Z
AMDL,11.26,2026-03-13T19:59:49Z
AMDW,39.53,2026-03-13T19:50:32Z
AMDY,29.97,2026-03-13T19:59:50Z
AME,214.465,2026-03-13T19:59:50Z
AMG,271.82,2026-03-13T19:58:06Z
AMGN,366.31,2026-03-13T19:59:56Z
AMH,28.37,2026-03-13T19:59:56Z
AMH-G,22.34,2026-03-13T14:03:32Z
AMH-H,23.5,2026-03-13T14:58:29Z
AMIX,0.441,2026-03-13T15:39:20Z
AMJB,34.11,2026-03-13T16:32:44Z
AMKR,42.975,2026-03-13T19:59:54Z
AMLP,52.255,2026-03-13T19:59:36Z
AMLX,14.01,2026-03-13T19:59:10Z
AMN,18.89,2026-03-13T19:59:50Z
AMOD,0.4641,2026-03-13T19:53:10Z
AMP,442.1,2026-03-13T19:59:58Z
AMPG,2.56,2026-03-13T19:58:41Z
AMPH,18.17,2026-03-13T19:59:53Z
AMPL,7.355,2026-03-13T19:59:49Z
AMPX,17.94,2026-03-13T19:59:59Z
AMPX+,7.66,2026-03-13T19:57:14Z
AMPY,6.54,2026-03-13T19:59:59Z
AMR,187.9,2026-03-13T19:59:09Z
AMRC,24.73,2026-03-13T19:59:21Z
AMRN,15.33,2026-03-13T19:58:16Z
AMRX,11.82,2026-03-13T19:59:58Z
AMRZ,55.54,2026-03-13T19:59:55Z
AMSC,31.04,2026-03-13T19:59:50Z
AMSF,32.74,2026-03-13T19:45:05Z
AMST,1.76,2026-03-13T19:38:44Z
AMT,184.47,2026-03-13T19:59:56Z
AMTB,20.67,2026-03-13T19:59:50Z
AMTM,27.91,2026-03-13T19:59:59Z
AMTX,2.28,2026-03-13T19:59:48Z
AMUN,26.07,2026-03-13T18:53:54Z
AMUU,39.23,2026-03-13T19:50:04Z
AMWD,39.565,2026-03-13T19:59:45Z
AMWL,5.7,2026-03-13T19:59:51Z
AMX,22.985,2026-03-13T19:59:53Z
AMZA,45.51,2026-03-13T19:58:00Z
AMZD,11.12,2026-03-13T19:57:13Z
AMZE,0.2921,2026-03-13T19:11:38Z
AMZN,207.7,2026-03-13T19:59:59Z
AMZU,27.16,2026-03-13T19:59:55Z
AMZW,34.42,2026-03-13T17:47:10Z
AMZY,11.08,2026-03-13T19:35:44Z
AMZZ,24.58,2026-03-13T19:56:45Z
AN,183.5,2026-03-13T19:59:58Z
ANAB,64.9,2026-03-13T19:59:49Z
ANDE,70.7,2026-03-13T19:59:48Z
ANDG,22.695,2026-03-13T19:59:50Z
ANET,133.48,2026-03-13T19:59:53Z
ANF,81.86,2026-03-13T19:59:56Z
ANGI,7.395,2026-03-13T19:59:53Z
ANGL,28.72,2026-03-13T19:59:58Z
ANGO,10.61,2026-03-13T19:59:58Z
ANGX,3.695,2026-03-13T19:59:56Z
ANIK,14.225,2026-03-13T19:58:49Z
ANIP,70.34,2026-03-13T19:59:59Z
ANIX,2.82,2026-03-13T19:54:58Z
ANL,7.8,2026-03-13T19:59:50Z
ANNA,3.955,2026-03-13T19:52:34Z
ANNAW,0.35,2026-03-13T15:19:35Z
ANNX,5.67,2026-03-13T19:59:58Z
ANPA,8.57,2026-03-13T18:56:17Z
ANRO,22.43,2026-03-13T19:56:53Z
ANTX,4.96,2026-03-13T19:59:45Z
ANVS,2.51,2026-03-13T19:59:48Z
ANY,1.585,2026-03-13T16:00:51Z
AOA,88.76,2026-03-13T19:59:52Z
AOCT,26.5,2026-03-13T15:02:52Z
AOD,9.48,2026-03-13T19:57:34Z
AOHY,10.96,2026-03-13T18:25:28Z
AOK,39.92,2026-03-13T19:56:46Z
AOM,47.45,2026-03-13T19:59:45Z
AOMR,8.18,2026-03-13T19:30:50Z
AON,321.33,2026-03-13T19:59:55Z
AOR,64.55,2026-03-13T19:59:43Z
AORT,36.385,2026-03-13T19:59:42Z
AOS,66.85,2026-03-13T19:59:49Z
AOSL,21.52,2026-03-13T19:59:54Z
AOTG,48.88,2026-03-13T19:19:41Z
AOUT,7.9,2026-03-13T19:47:47Z
AP,8.285,2026-03-13T19:58:24Z
APA,34.465,2026-03-13T19:59:58Z
APACR,0.15,2026-03-13T13:32:24Z
APADR,0.4,2026-03-13T17:16:01Z
APAM,35.43,2026-03-13T19:59:54Z
APC,17.99,2026-03-13T19:59:46Z
APCB,29.5,2026-03-13T19:59:55Z
APD,287.81,2026-03-13T19:59:48Z
APEI,57.75,2026-03-13T19:59:55Z
APG,39.93,2026-03-13T19:59:57Z
APGE,71.94,2026-03-13T19:59:57Z
APH,133.925,2026-03-13T19:59:57Z
API,3.82,2026-03-13T19:59:54Z
APIE,35.83,2026-03-13T14:16:52Z
APLD,27.035,2026-03-13T19:59:58Z
APLE,11.7,2026-03-13T19:59:59Z
APLS,18.95,2026-03-13T19:59:59Z
APLU,24.82,2026-03-13T19:49:15Z
APLX,15.255,2026-03-13T19:45:46Z
APLY,11.595,2026-03-13T19:59:59Z
APLZ,17.94,2026-03-13T14:52:14Z
APO,104.455,2026-03-13T19:59:58Z
APO-A,54.72,2026-03-13T14:40:25Z
APOG,33.33,2026-03-13T19:59:36Z
APOS,25.62,2026-03-13T18:40:07Z
APP,458.68,2026-03-13T19:59:58Z
APPF,172.43,2026-03-13T19:59:55Z
APPN,25.58,2026-03-13T19:59:47Z
APPS,3.56,2026-03-13T19:59:58Z
APPX,37.29,2026-03-13T19:59:50Z
APRB,25.32,2026-03-13T16:39:51Z
APRE,0.7333,2026-03-13T19:31:33Z
APRZ,36.24,2026-03-13T17:12:39Z
APT,5.06,2026-03-13T19:09:05Z
APTV,70.49,2026-03-13T19:59:52Z
APUE,40.61,2026-03-13T19:16:45Z
APUS,1.45,2026-03-13T13:47:24Z
APVO,4.39,2026-03-13T18:57:50Z
APYX,3.63,2026-03-13T19:58:53Z
AQLT,28.26,2026-03-13T16:53:53Z
AQMS,4.98,2026-03-13T13:46:58Z
AQN,6.325,2026-03-13T19:59:58Z
AQNB,25.7,2026-03-13T19:55:24Z
AQST,4.025,2026-03-13T19:59:56Z
AQWA,19.12,2026-03-13T19:45:48Z
AR,40.99,2026-03-13T19:59:59Z
ARAI,0.9664,2026-03-13T19:50:47Z
ARAY,0.3655,2026-03-13T19:59:25Z
ARB,29.09,2026-03-13T16:07:23Z
ARBE,0.7585,2026-03-13T19:58:50Z
ARBK,2.96,2026-03-13T17:58:04Z
ARCB,84.87,2026-03-13T19:59:51Z
ARCC,17.85,2026-03-13T19:59:55Z
ARCO,7.71,2026-03-13T19:59:56Z
ARCT,6.68,2026-03-13T19:59:44Z
ARCX,20.51,2026-03-13T17:50:16Z
ARDC,12.155,2026-03-13T19:59:57Z
ARDT,9.38,2026-03-13T19:59:52Z
ARDX,5.78,2026-03-13T19:59:57Z
ARE,48.4,2026-03-13T19:59:57Z
AREB,0.1418,2026-03-13T19:59:52Z
AREC,3.12,2026-03-13T19:59:53Z
AREN,2.86,2026-03-13T19:56:46Z
ARES,101.77,2026-03-13T19:59:58Z
ARES-B,33.93,2026-03-13T16:53:50Z
ARGT,85.47,2026-03-13T19:59:29Z
ARGX,700.285,2026-03-13T19:59:47Z
ARHS,7.095,2026-03-13T19:59:59Z
ARI,10.275,2026-03-13T19:59:58Z
ARIS,18.59,2026-03-13T19:59:59Z
ARKB,23.625,2026-03-13T19:59:52Z
ARKD,19.03,2026-03-13T16:26:50Z
ARKF,39.8,2026-03-13T19:58:48Z
ARKG,26.37,2026-03-13T19:59:53Z
ARKK,70.215,2026-03-13T19:59:57Z
ARKO,5.24,2026-03-13T19:59:55Z
ARKQ,117.19,2026-03-13T19:59:50Z
ARKX,30.755,2026-03-13T19:59:52Z
ARLO,13.61,2026-03-13T19:59:58Z
ARLP,27.23,2026-03-13T19:59:35Z
ARM,115.78,2026-03-13T19:59:51Z
ARMG,5.97,2026-03-13T19:59:50Z
ARMK,39.99,2026-03-13T19:59:54Z
AROC,34.625,2026-03-13T19:59:48Z
AROW,32.52,2026-03-13T19:59:50Z
ARQ,1.94,2026-03-13T19:59:57Z
ARQQ,13.655,2026-03-13T19:59:21Z
ARQT,22.755,2026-03-13T19:59:55Z
ARR,17.09,2026-03-13T19:59:56Z
ARR-C,20.89,2026-03-13T17:37:35Z
ARRY,6.935,2026-03-13T19:59:57Z
ARTCW,0.35,2026-03-13T15:01:40Z
ARTNA,32.63,2026-03-13T19:49:41Z
ARTV,6.155,2026-03-13T19:59:52Z
ARTW,2.26,2026-03-13T17:28:19Z
ARTY,48.35,2026-03-13T19:59:50Z
ARVN,12.18,2026-03-13T19:59:55Z
ARW,140.445,2026-03-13T19:59:56Z
ARWR,55.03,2026-03-13T19:59:57Z
ARX,10.71,2026-03-13T19:59:43Z
AS,32.35,2026-03-13T19:59:57Z
ASA,65.13,2026-03-13T19:51:58Z
ASAN,7.02,2026-03-13T19:59:56Z
ASB,24.48,2026-03-13T19:59:59Z
ASBA,24.3,2026-03-13T18:06:09Z
ASBP,1.045,2026-03-13T19:58:03Z
ASC,13.63,2026-03-13T19:59:51Z
ASCE,26.88,2026-03-13T14:48:39Z
ASG,4.82,2026-03-13T19:43:45Z
ASGI,23.19,2026-03-13T15:33:18Z
ASGN,36.39,2026-03-13T19:59:43Z
ASH,50,2026-03-13T19:59:55Z
ASHR,33.53,2026-03-13T19:59:46Z
ASHS,43.3,2026-03-13T16:34:22Z
ASIA,35.64,2026-03-13T13:30:05Z
ASIC,19.755,2026-03-13T19:59:46Z
ASIX,20.6,2026-03-13T19:59:19Z
ASLE,6.245,2026-03-13T19:59:58Z
ASM,6.865,2026-03-13T19:59:41Z
ASMB,28.02,2026-03-13T19:59:03Z
ASMG,33.61,2026-03-13T19:36:55Z
ASML,1346.63,2026-03-13T19:59:56Z
ASND,226.05,2026-03-13T19:59:54Z
ASNS,0.4023,2026-03-13T19:57:41Z
ASO,56.385,2026-03-13T19:59:46Z
ASPI,5.275,2026-03-13T19:59:54Z
ASPN,3.66,2026-03-13T19:59:58Z
ASPS,6.38,2026-03-13T18:19:27Z
ASR,317.25,2026-03-13T19:59:48Z
ASRT,11.37,2026-03-13T18:34:06Z
ASST,9.53,2026-03-13T19:59:57Z
ASTE,52.88,2026-03-13T19:59:37Z
ASTH,24.255,2026-03-13T19:59:28Z
ASTI,4.985,2026-03-13T19:59:44Z
ASTL,3.45,2026-03-13T19:59:59Z
ASTN,16.01,2026-03-13T15:01:38Z
ASTS,86.365,2026-03-13T19:59:58Z
ASTX,42.32,2026-03-13T19:55:42Z
ASUR,8.98,2026-03-13T19:57:19Z
ASX,21.5,2026-03-13T19:59:59Z
ASYS,13.005,2026-03-13T19:59:45Z
ATAI,3.69,2026-03-13T19:59:58Z
ATAT,35.2,2026-03-13T19:59:53Z
ATCH,0.2075,2026-03-13T19:58:11Z
ATCL,24.74,2026-03-13T16:08:35Z
ATCX,6.29,2026-03-13T19:59:45Z
ATEC,12.285,2026-03-13T19:59:57Z
ATEN,20.97,2026-03-13T19:59:49Z
ATER,0.5858,2026-03-13T18:57:50Z
ATEX,37.04,2026-03-13T19:59:54Z
ATFV,32.43,2026-03-13T16:11:11Z
ATH-A,23.55,2026-03-13T19:57:54Z
ATH-B,18.23,2026-03-13T18:51:25Z
ATH-D,16.21,2026-03-13T17:36:06Z
ATH-E,24.94,2026-03-13T19:51:54Z
ATHE,3.47,2026-03-13T17:19:28Z
ATHM,18.89,2026-03-13T19:59:52Z
ATHR,3.23,2026-03-13T18:20:59Z
ATHS,24.56,2026-03-13T19:59:25Z
ATI,141.98,2026-03-13T19:59:55Z
ATIIW,0.6699,2026-03-13T19:19:36Z
ATKR,56.155,2026-03-13T19:59:55Z
ATLC,48.08,2026-03-13T19:58:44Z
ATLCZ,25.57,2026-03-13T19:37:15Z
ATLN,4.2,2026-03-13T19:59:37Z
ATLO,26.61,2026-03-13T19:49:22Z
ATLX,4.88,2026-03-13T19:57:20Z
ATMP,33.81,2026-03-13T19:59:50Z
ATMU,56.525,2026-03-13T19:59:45Z
ATNI,24.56,2026-03-13T19:57:00Z
ATNM,1.12,2026-03-13T19:57:04Z
ATO,188.55,2026-03-13T19:59:51Z
ATOM,4.605,2026-03-13T19:59:55Z
ATON,0.3899,2026-03-13T19:59:03Z
ATOS,5.17,2026-03-13T15:53:27Z
ATPC,4.45,2026-03-13T19:58:21Z
ATR,128.68,2026-03-13T19:59:49Z
ATRA,6.495,2026-03-13T19:58:57Z
ATRC,29.85,2026-03-13T19:59:52Z
ATRO,64.03,2026-03-13T19:59:54Z
ATS,27.57,2026-03-13T19:59:35Z
ATYR,0.8614,2026-03-13T19:59:51Z
AU,94.83,2026-03-13T19:59:51Z
AUB,34.31,2026-03-13T19:59:50Z
AUDC,8.21,2026-03-13T19:59:59Z
AUGO,75.3,2026-03-13T19:59:34Z
AUGP,30.77,2026-03-13T19:30:28Z
AUGU,28.8,2026-03-13T18:32:38Z
AUID,1.53,2026-03-13T19:58:31Z
AUMI,101.81,2026-03-13T14:32:59Z
AUNA,5.1,2026-03-13T19:59:51Z
AUPH,13.95,2026-03-13T19:59:59Z
AUR,4.08,2026-03-13T19:59:59Z
AURA,5.98,2026-03-13T19:57:59Z
AUST,1.38,2026-03-13T19:51:00Z
AUTL,1.43,2026-03-13T19:58:58Z
AUUD,0.8939,2026-03-13T19:50:14Z
AVA,39.86,2026-03-13T19:59:49Z
AVAH,6.955,2026-03-13T19:59:58Z
AVAL,3.93,2026-03-13T19:59:58Z
AVAV,206.92,2026-03-13T19:59:46Z
AVB,168.94,2026-03-13T19:59:48Z
AVBC,18.995,2026-03-13T19:55:29Z
AVBH,27.405,2026-03-13T19:39:55Z
AVBP,23.825,2026-03-13T19:52:00Z
AVD,4.05,2026-03-13T19:59:41Z
AVDE,83.96,2026-03-13T19:59:56Z
AVDV,98.72,2026-03-13T19:59:50Z
AVEM,80.46,2026-03-13T19:59:50Z
AVES,60.01,2026-03-13T18:30:33Z
AVGE,87.63,2026-03-13T18:19:11Z
AVGG,22.36,2026-03-13T17:46:06Z
AVGO,322.15,2026-03-13T19:59:59Z
AVGU,28.85,2026-03-13T17:39:36Z
AVGW,39.64,2026-03-13T17:29:48Z
AVGX,38.31,2026-03-13T19:59:17Z
AVIG,41.465,2026-03-13T19:57:25Z
AVIR,6.11,2026-03-13T19:59:56Z
AVIV,73.76,2026-03-13T19:08:06Z
AVK,11.82,2026-03-13T19:59:05Z
AVL,36.425,2026-03-13T19:30:01Z
AVLV,79.83,2026-03-13T19:59:51Z
AVMC,71.36,2026-03-13T19:48:05Z
AVMU,46.33,2026-03-13T19:22:50Z
AVNM,75.98,2026-03-13T17:19:28Z
AVNS,13.71,2026-03-13T19:59:54Z
AVNT,34.28,2026-03-13T19:59:45Z
AVNW,24.56,2026-03-13T19:54:13Z
AVO,12.155,2026-03-13T19:59:47Z
AVPT,10.44,2026-03-13T19:59:59Z
AVR,6.19,2026-03-13T19:59:59Z
AVRE,45.185,2026-03-13T19:28:06Z
AVS,9.98,2026-03-13T19:50:00Z
AVSC,60.61,2026-03-13T18:05:12Z
AVSE,67.27,2026-03-13T15:31:33Z
AVSF,46.735,2026-03-13T17:55:37Z
AVSU,74.52,2026-03-13T19:29:12Z
AVT,59.705,2026-03-13T19:59:54Z
AVTR,7.935,2026-03-13T19:59:57Z
AVTX,15.83,2026-03-13T19:59:53Z
AVUS,111.39,2026-03-13T19:59:57Z
AVUV,106.31,2026-03-13T19:59:59Z
AVX,0.7557,2026-03-13T19:56:09Z
AVXL,4.67,2026-03-13T19:59:58Z
AVXX,4.66,2026-03-13T17:41:04Z
AVY,170.7,2026-03-13T19:59:43Z
AWF,10.09,2026-03-13T19:59:53Z
AWI,167.39,2026-03-13T19:59:49Z
AWK,139.69,2026-03-13T19:59:54Z
AWP,11.6,2026-03-13T19:02:18Z
AWR,75.52,2026-03-13T19:56:55Z
AWRE,1.38,2026-03-13T17:49:23Z
AX,84.655,2026-03-13T19:58:40Z
AXG,3.62,2026-03-13T19:37:32Z
AXGN,32.335,2026-03-13T19:59:57Z
AXIA,10.935,2026-03-13T19:59:57Z
AXIA-,11.94,2026-03-13T19:50:08Z
AXIA-C,10.67,2026-03-13T16:54:42Z
AXON,496.195,2026-03-13T19:59:53Z
AXP,300.09,2026-03-13T19:59:58Z
AXPG,10.99,2026-03-13T19:59:39Z
AXS,100.94,2026-03-13T19:59:54Z
AXS-E,20,2026-03-13T19:56:40Z
AXSM,156.165,2026-03-13T19:59:30Z
AXTA,27.6,2026-03-13T19:59:58Z
AXTI,48.87,2026-03-13T19:59:49Z
AXUP,8.51,2026-03-13T15:47:17Z
AYI,260.8,2026-03-13T19:59:54Z
AZ,5.3,2026-03-13T19:59:58Z
AZI,0.5525,2026-03-13T19:59:23Z
AZN,189.92,2026-03-13T19:59:51Z
AZO,3557.67,2026-03-13T19:59:45Z
AZTA,21.39,2026-03-13T19:59:57Z
AZTR,0.1615,2026-03-13T17:45:54Z
AZZ,124.025,2026-03-13T19:59:34Z
B,42.32,2026-03-13T19:59:59Z
BA,209.9,2026-03-13T19:59:54Z
BA-A,67.8,2026-03-13T16:10:02Z
BAB,27.04,2026-03-13T19:58:45Z
BABA,135.25,2026-03-13T19:59:54Z
BABO,11.14,2026-03-13T19:32:30Z
BABX,29.1,2026-03-13T19:58:30Z
BAC,46.74,2026-03-13T19:59:59Z
BAC-E,19.54,2026-03-13T19:24:07Z
BAC-K,24.78,2026-03-13T19:43:05Z
BAC-L,1217.63,2026-03-13T17:34:27Z
BAC-M,22.02,2026-03-13T19:36:48Z
BAC-O,17.94,2026-03-13T16:41:51Z
BAC-P,17,2026-03-13T18:02:04Z
BAC-Q,17.2,2026-03-13T19:59:55Z
BAC-S,19.5,2026-03-13T19:36:02Z
BACQ,8.34,2026-03-13T19:59:31Z
BACQR,0.77,2026-03-13T19:50:57Z
BAER,1.995,2026-03-13T19:58:12Z
BAH,78.24,2026-03-13T19:59:49Z
BAI,33.2,2026-03-13T19:59:54Z
BAIG,3.76,2026-03-13T19:59:02Z
BAK,4.385,2026-03-13T19:59:58Z
BALI,31.25,2026-03-13T19:38:16Z
BALL,62.2,2026-03-13T19:59:49Z
BALT,33.555,2026-03-13T19:37:29Z
BALY,12.475,2026-03-13T19:56:43Z
BAM,42.93,2026-03-13T19:59:59Z
BAMA,33.36,2026-03-13T19:59:46Z
BAMB,26.29,2026-03-13T17:59:29Z
BAMD,31.22,2026-03-13T19:42:59Z
BAMO,32.06,2026-03-13T15:41:29Z
BANC,16.77,2026-03-13T19:59:55Z
BANC-F,25.19,2026-03-13T19:29:26Z
BAND,15.23,2026-03-13T19:59:03Z
BANF,106.055,2026-03-13T19:51:30Z
BANL,0.5893,2026-03-13T19:59:22Z
BANR,58.99,2026-03-13T19:59:29Z
BANX,19.17,2026-03-13T19:23:12Z
BAP,325.93,2026-03-13T19:59:54Z
BAR,49.41,2026-03-13T19:59:49Z
BARK,0.81,2026-03-13T19:59:51Z
BASV,26.56,2026-03-13T19:17:49Z
BATL,18.73,2026-03-13T19:59:57Z
BATRA,47.48,2026-03-13T19:50:06Z
BATRK,43.12,2026-03-13T19:59:39Z
BATT,14.65,2026-03-13T19:59:45Z
BAX,17.41,2026-03-13T19:59:58Z
BAYAR,0.2136,2026-03-13T18:47:25Z
BB,3.33,2026-03-13T19:59:55Z
BBAG,46.15,2026-03-13T13:32:00Z
BBAI,3.935,2026-03-13T19:59:54Z
BBAR,13.31,2026-03-13T19:59:40Z
BBAX,59.68,2026-03-13T19:59:55Z
BBBI,51.26,2026-03-13T19:59:45Z
BBBS,51.035,2026-03-13T19:38:34Z
BBBY,4.91,2026-03-13T19:59:58Z
BBCA,94.68,2026-03-13T19:58:59Z
BBCP,6.81,2026-03-13T19:59:52Z
BBCQ,10.07,2026-03-13T19:59:53Z
BBCQW,0.935,2026-03-13T19:57:08Z
BBD,3.53,2026-03-13T19:59:59Z
BBDC,8.09,2026-03-13T19:59:54Z
BBDO,3.145,2026-03-13T17:11:43Z
BBEM,66.19,2026-03-13T19:26:06Z
BBEU,72.15,2026-03-13T19:59:01Z
BBH,187.37,2026-03-13T18:40:51Z
BBHM,10.98,2026-03-13T19:59:46Z
BBHY,45.585,2026-03-13T19:55:12Z
BBIN,73.01,2026-03-13T16:26:51Z
BBIO,69.34,2026-03-13T19:59:52Z
BBJP,68.015,2026-03-13T19:59:55Z
BBLG,1.22,2026-03-13T19:47:42Z
BBLU,14.87,2026-03-13T19:49:13Z
BBN,15.91,2026-03-13T19:59:43Z
BBNX,10.39,2026-03-13T19:59:56Z
BBOT,9.07,2026-03-13T19:59:45Z
BBSC,74.07,2026-03-13T19:52:10Z
BBSI,27.485,2026-03-13T19:59:42Z
BBT,28.65,2026-03-13T19:59:59Z
BBU,29.75,2026-03-13T19:55:41Z
BBUC,29.97,2026-03-13T19:56:17Z
BBUS,119.2,2026-03-13T19:46:24Z
BBVA,20.45,2026-03-13T19:59:56Z
BBW,40.94,2026-03-13T19:59:54Z
BBWI,19.5,2026-03-13T19:59:59Z
BBY,62.62,2026-03-13T19:59:45Z
BC,68.94,2026-03-13T19:59:55Z
BCAB,0.1655,2026-03-13T19:55:15Z
BCAL,17.53,2026-03-13T19:57:56Z
BCAR,10.1,2026-03-13T14:28:35Z
BCARW,0.61,2026-03-13T13:51:42Z
BCAT,14.625,2026-03-13T19:59:48Z
BCAX,19.18,2026-03-13T19:59:44Z
BCBP,8.13,2026-03-13T14:02:54Z
BCC,69.95,2026-03-13T19:59:50Z
BCCC,14.3,2026-03-13T15:42:51Z
BCD,36.4,2026-03-13T19:59:28Z
BCE,25.565,2026-03-13T19:59:48Z
BCH,37.54,2026-03-13T19:59:51Z
BCHP,33.24,2026-03-13T19:59:00Z
BCHT,2.26,2026-03-13T13:33:08Z
BCI,24.07,2026-03-13T19:59:59Z
BCIC,8.45,2026-03-13T19:59:54Z
BCIL,26.23,2026-03-13T19:31:55Z
BCML,28.995,2026-03-13T19:45:18Z
BCO,107.07,2026-03-13T19:59:37Z
BCPC,169.27,2026-03-13T19:55:08Z
BCRX,8.205,2026-03-13T19:59:58Z
BCS,20.465,2026-03-13T19:59:57Z
BCSF,12.34,2026-03-13T19:59:55Z
BCSS,10.13,2026-03-13T19:05:12Z
BCSS+,0.7,2026-03-13T13:52:44Z
BCTK,24.14,2026-03-13T17:10:44Z
BCTX,4.21,2026-03-13T19:59:50Z
BCTXZ,0.165,2026-03-13T17:30:49Z
BCUS,32.03,2026-03-13T18:34:46Z
BCX,12.15,2026-03-13T19:56:35Z
BCYC,4.79,2026-03-13T19:59:50Z
BDC,114.35,2026-03-13T19:59:23Z
BDCI,9.99,2026-03-13T16:36:48Z
BDGS,34.73,2026-03-13T13:59:10Z
BDJ,8.79,2026-03-13T19:59:46Z
BDMD,2.41,2026-03-13T19:29:51Z
BDN,2.895,2026-03-13T19:59:44Z
BDRX,0.8301,2026-03-13T15:25:02Z
BDRY,10.275,2026-03-13T19:46:44Z
BDSX,17.64,2026-03-13T19:58:22Z
BDTX,2.11,2026-03-13T19:59:53Z
BDVL,24.81,2026-03-13T19:59:45Z
BDX,159.33,2026-03-13T19:59:54Z
BDYN,24.67,2026-03-13T18:40:50Z
BE,154.53,2026-03-13T19:59:50Z
BEAM,25.14,2026-03-13T19:59:53Z
BEAT,1.365,2026-03-13T19:56:43Z
BEDY,26.66,2026-03-13T19:59:51Z
BEEM,1.47,2026-03-13T19:40:42Z
BEEP,2.51,2026-03-13T15:53:45Z
BEG,32.22,2026-03-13T19:35:25Z
BEKE,16.74,2026-03-13T19:59:57Z
BELFA,179.51,2026-03-13T16:33:28Z
BELFB,197.52,2026-03-13T18:26:14Z
BEN,24.14,2026-03-13T19:59:59Z
BENF,3.73,2026-03-13T19:59:52Z
BENJ,52.24,2026-03-13T14:15:43Z
BEP,30.16,2026-03-13T19:59:04Z
BEPC,39.21,2026-03-13T19:59:59Z
BEPH,14.89,2026-03-13T19:59:58Z
BERZ,61.45,2026-03-13T19:17:36Z
BETA,16.64,2026-03-13T19:59:54Z
BETR,34.48,2026-03-13T19:59:51Z
BETZ,18.19,2026-03-13T16:35:49Z
BEX,23.23,2026-03-13T19:58:11Z
BEZ,15.42,2026-03-13T14:35:07Z
BF.A,23.89,2026-03-13T19:50:43Z
BF.B,23.47,2026-03-13T19:59:59Z
BFAM,76.25,2026-03-13T19:59:43Z
BFC,135.94,2026-03-13T14:59:49Z
BFEB,48.25,2026-03-13T19:59:51Z
BFH,71.535,2026-03-13T19:59:28Z
BFIX,25.45,2026-03-13T19:06:32Z
BFLY,3.81,2026-03-13T19:59:58Z
BFOC,17.43,2026-03-13T16:24:05Z
BFRG,0.5997,2026-03-13T19:06:43Z
BFRI,0.85,2026-03-13T15:05:21Z
BFRZ,26.64,2026-03-13T19:59:45Z
BFS,32.92,2026-03-13T19:50:59Z
BFST,26.11,2026-03-13T19:59:52Z
BG,124.74,2026-03-13T19:59:44Z
BGB,11.2,2026-03-13T19:59:47Z
BGC,9.58,2026-03-13T19:59:56Z
BGH,13.79,2026-03-13T19:59:02Z
BGIG,33.63,2026-03-13T18:45:01Z
BGL,1.47,2026-03-13T19:59:21Z
BGLD,18.03,2026-03-13T15:18:29Z
BGMS,0.8431,2026-03-13T17:33:09Z
BGR,16.33,2026-03-13T19:57:20Z
BGS,5.22,2026-03-13T19:59:58Z
BGSI,153.365,2026-03-13T19:03:56Z
BGT,10.62,2026-03-13T19:52:17Z
BGX,10.645,2026-03-13T19:32:09Z
BGY,5.555,2026-03-13T19:57:23Z
BH,299.345,2026-03-13T19:58:08Z
BH.A,1601.2,2026-03-13T18:49:11Z
BHAT,0.6601,2026-03-13T19:58:20Z
BHB,31.06,2026-03-13T19:59:50Z
BHC,4.96,2026-03-13T19:59:56Z
BHE,53.23,2026-03-13T19:59:00Z
BHF,60.26,2026-03-13T19:59:58Z
BHFAL,16.84,2026-03-13T16:46:28Z
BHFAM,11.51,2026-03-13T19:52:55Z
BHFAN,12.86,2026-03-13T17:49:43Z
BHFAO,16.58,2026-03-13T16:59:12Z
BHFAP,16.06,2026-03-13T19:00:07Z
BHK,9.065,2026-03-13T19:57:33Z
BHM,10.74,2026-03-13T15:18:21Z
BHP,68.76,2026-03-13T19:59:50Z
BHR,2.5,2026-03-13T19:59:45Z
BHRB,61.88,2026-03-13T19:59:36Z
BHST,4.17,2026-03-13T19:59:13Z
BHV,10.64,2026-03-13T14:24:04Z
BHVN,9.575,2026-03-13T19:59:55Z
BIAF,2.095,2026-03-13T19:59:55Z
BIDD,28.745,2026-03-13T17:53:08Z
BIDG,14.97,2026-03-13T19:56:07Z
BIDU,124.085,2026-03-13T19:59:57Z
BIGY,49.24,2026-03-13T17:03:24Z
BIIB,181.52,2026-03-13T19:59:51Z
BIL,91.505,2026-03-13T19:49:16Z
BILI,25.195,2026-03-13T19:59:48Z
BILL,39.785,2026-03-13T19:59:50Z
BILS,99.29,2026-03-13T19:50:30Z
BILZ,100.805,2026-03-13T19:41:24Z
BINC,52.015,2026-03-13T19:59:53Z
BINT,28.65,2026-03-13T19:34:37Z
BINV,40.69,2026-03-13T19:22:39Z
BIO,262.775,2026-03-13T19:59:53Z
BIOA,18.73,2026-03-13T19:59:47Z
BIOX,0.5378,2026-03-13T19:58:22Z
BIP,37.75,2026-03-13T19:59:59Z
BIP-A,17.34,2026-03-13T14:02:03Z
BIP-B,16.8,2026-03-13T19:22:27Z
BIPC,46.8,2026-03-13T19:59:46Z
BIPI,16.78,2026-03-13T19:04:37Z
BIRD,3.08,2026-03-13T19:51:32Z
BIRK,37.44,2026-03-13T19:59:59Z
BIS,9.33,2026-03-13T17:12:23Z
BIT,12.51,2026-03-13T19:59:47Z
BITB,38.66,2026-03-13T19:59:46Z
BITC,39.26,2026-03-13T14:35:38Z
BITF,2.235,2026-03-13T19:59:55Z
BITI,25.515,2026-03-13T19:59:56Z
BITK,12.02,2026-03-13T14:38:56Z
BITO,9.8,2026-03-13T19:59:53Z
BITQ,20.39,2026-03-13T18:55:54Z
BITS,54.95,2026-03-13T18:39:20Z
BITU,13.015,2026-03-13T19:59:54Z
BITW,46.55,2026-03-13T19:40:15Z
BITX,16.49,2026-03-13T19:59:53Z
BIV,77.135,2026-03-13T19:59:54Z
BIYA,1.54,2026-03-13T19:58:23Z
BIZD,12.485,2026-03-13T19:59:56Z
BJ,97.69,2026-03-13T19:59:51Z
BJRI,33.405,2026-03-13T19:59:52Z
BJUL,50.515,2026-03-13T13:45:26Z
BJUN,46.46,2026-03-13T18:38:59Z
BK,116.15,2026-03-13T19:59:50Z
BKAG,42.09,2026-03-13T18:52:22Z
BKCH,65.135,2026-03-13T13:43:06Z
BKCI,49.82,2026-03-13T16:08:48Z
BKD,13.95,2026-03-13T19:59:58Z
BKDV,29.3,2026-03-13T19:59:53Z
BKE,50.29,2026-03-13T19:59:50Z
BKGI,44.51,2026-03-13T18:37:13Z
BKH,72.42,2026-03-13T19:59:52Z
BKHA,11.58,2026-03-13T15:06:36Z
BKIE,92.735,2026-03-13T19:57:50Z
BKKT,9.45,2026-03-13T19:59:58Z
BKLC,126.67,2026-03-13T19:59:57Z
BKLN,20.455,2026-03-13T19:59:55Z
BKMC,110.26,2026-03-13T19:13:09Z
BKNG,4239.5,2026-03-13T19:59:55Z
BKNU,13.23,2026-03-13T15:16:19Z
BKR,54.27,2026-03-13T19:59:59Z
BKSY,23.65,2026-03-13T19:59:50Z
BKT,10.74,2026-03-13T19:51:45Z
BKTI,77.755,2026-03-13T19:59:23Z
BKU,42.8,2026-03-13T19:59:53Z
BKV,28.73,2026-03-13T19:59:46Z
BKYI,0.6487,2026-03-13T19:51:01Z
BL,36.88,2026-03-13T19:59:52Z
BLBD,53.355,2026-03-13T19:57:52Z
BLCO,16.2,2026-03-13T19:59:56Z
BLCR,41.745,2026-03-13T19:58:33Z
BLD,367.11,2026-03-13T19:59:48Z
BLDP,2.395,2026-03-13T19:59:10Z
BLDR,88.06,2026-03-13T19:59:50Z
BLES,44.19,2026-03-13T17:22:51Z
BLFS,18.39,2026-03-13T19:59:58Z
BLFY,12.67,2026-03-13T19:47:57Z
BLGR,27.52,2026-03-13T15:46:58Z
BLIN,0.9521,2026-03-13T19:30:09Z
BLK,924.23,2026-03-13T19:59:58Z
BLKB,44.04,2026-03-13T19:59:58Z
BLLN,69.05,2026-03-13T19:59:16Z
BLMN,5.51,2026-03-13T19:59:55Z
BLND,1.55,2026-03-13T19:59:58Z
BLNE,3.005,2026-03-13T19:59:19Z
BLNK,0.6321,2026-03-13T19:59:48Z
BLOK,52.16,2026-03-13T19:21:35Z
BLOX,14.535,2026-03-13T17:42:06Z
BLSG,5.26,2026-03-13T19:56:36Z
BLSH,36.61,2026-03-13T19:59:53Z
BLSX,8.61,2026-03-13T15:28:56Z
BLTE,164.09,2026-03-13T19:59:09Z
BLUC,27.48,2026-03-13T17:27:03Z
BLUX,27.67,2026-03-13T15:46:58Z
BLV,68.375,2026-03-13T19:53:31Z
BLW,12.99,2026-03-13T18:24:28Z
BLX,48.095,2026-03-13T19:41:29Z
BLZE,3.64,2026-03-13T19:59:41Z
BLZRU,10.19,2026-03-13T17:03:16Z
BMA,66.69,2026-03-13T19:59:46Z
BMAR,53.01,2026-03-13T19:36:45Z
BMAY,44.74,2026-03-13T19:53:25Z
BMBL,3.77,2026-03-13T19:59:59Z
BME,40.035,2026-03-13T15:10:43Z
BMEA,1.36,2026-03-13T19:58:53Z
BMEZ,13.96,2026-03-13T19:59:15Z
BMI,146.58,2026-03-13T19:59:51Z
BMM,5.47,2026-03-13T19:56:06Z
BMN,27.26,2026-03-13T14:36:29Z
BMNG,1.39,2026-03-13T19:59:18Z
BMNR,20.52,2026-03-13T19:59:59Z
BMNU,2.03,2026-03-13T19:59:59Z
BMNZ,21.155,2026-03-13T19:52:58Z
BMO,135.57,2026-03-13T19:59:32Z
BMOP,24.78,2026-03-13T15:56:32Z
BMR,1.75,2026-03-13T18:17:43Z
BMRC,23.81,2026-03-13T19:47:11Z
BMRN,58.48,2026-03-13T19:59:55Z
BMY,59.055,2026-03-13T19:59:55Z
BN,38.38,2026-03-13T19:59:57Z
BNAI,38.25,2026-03-13T19:59:42Z
BNC,3.28,2026-03-13T19:59:50Z
BND,73.54,2026-03-13T19:59:56Z
BNDC,22.205,2026-03-13T19:52:09Z
BNDI,46.94,2026-03-13T19:56:26Z
BNDS,50.35,2026-03-13T19:08:40Z
BNDW,68.265,2026-03-13T19:56:59Z
BNDX,48,2026-03-13T19:59:58Z
BNED,8.49,2026-03-13T19:59:54Z
BNGE,31.94,2026-03-13T14:30:26Z
BNGO,1.11,2026-03-13T18:30:31Z
BNH,15.17,2026-03-13T18:20:01Z
BNKK,2.79,2026-03-13T17:51:05Z
BNKU,24.17,2026-03-13T14:18:03Z
BNL,19.31,2026-03-13T19:59:59Z
BNO,49.065,2026-03-13T19:59:40Z
BNOV,43.63,2026-03-13T16:18:53Z
BNRG,0.7153,2026-03-13T19:54:02Z
BNS,68.735,2026-03-13T19:59:53Z
BNT,40.645,2026-03-13T17:55:29Z
BNTC,11.7,2026-03-13T19:59:13Z
BNTX,91.25,2026-03-13T19:59:57Z
BNZI,1.055,2026-03-13T19:59:57Z
BOAT,38.23,2026-03-13T19:30:24Z
BOBS,15.425,2026-03-13T19:59:53Z
BOC,12.13,2026-03-13T19:59:44Z
BOCT,48.65,2026-03-13T17:15:58Z
BODI,10.91,2026-03-13T19:25:24Z
BOE,11.15,2026-03-13T19:59:19Z
BOED,18.42,2026-03-13T15:58:38Z
BOEG,13.32,2026-03-13T14:28:29Z
BOEU,34.64,2026-03-13T16:50:38Z
BOF,3.67,2026-03-13T19:56:22Z
BOH,73.125,2026-03-13T19:59:38Z
BOH-A,15.92,2026-03-13T19:23:17Z
BOH-B,26.19,2026-03-13T19:57:27Z
BOIL,19.06,2026-03-13T19:59:56Z
BOKF,124.98,2026-03-13T19:59:46Z
BOLD,1.11,2026-03-13T19:48:54Z
BOND,92.315,2026-03-13T19:59:36Z
BOOM,4.735,2026-03-13T19:59:51Z
BOOT,164.26,2026-03-13T19:59:38Z
BORR,5.055,2026-03-13T19:59:54Z
BOSC,4.79,2026-03-13T16:48:35Z
BOTJ,20.39,2026-03-13T19:57:33Z
BOTT,50.75,2026-03-13T18:01:56Z
BOTZ,34.81,2026-03-13T19:59:56Z
BOW,22.54,2026-03-13T19:59:16Z
BOX,24.87,2026-03-13T19:59:49Z
BOXL,1.29,2026-03-13T19:51:25Z
BOXX,115.985,2026-03-13T19:59:46Z
BP,42.67,2026-03-13T19:59:58Z
BPAY,22.55,2026-03-13T19:18:47Z
BPOP,130.43,2026-03-13T19:59:41Z
BPRE,17.15,2026-03-13T19:49:47Z
BPYPM,15.65,2026-03-13T19:59:01Z
BPYPN,13.68,2026-03-13T19:58:17Z
BPYPO,15,2026-03-13T15:03:25Z
BQ,1.19,2026-03-13T19:59:00Z
BR,178.325,2026-03-13T19:59:50Z
BRAZ,30.61,2026-03-13T16:12:16Z
BRBI,14.37,2026-03-13T19:46:21Z
BRBR,16.84,2026-03-13T19:59:55Z
BRBS,3.87,2026-03-13T19:59:49Z
BRC,85.195,2026-03-13T19:59:44Z
BRCB,16.14,2026-03-13T19:59:40Z
BRCC,0.9085,2026-03-13T19:59:59Z
BREM,50.6,2026-03-13T19:50:02Z
BRF,16.89,2026-03-13T19:19:15Z
BRK.B,490.12,2026-03-13T19:59:57Z
BRKC,42.81,2026-03-13T17:00:26Z
BRKR,33.74,2026-03-13T19:59:59Z
BRKU,23.1,2026-03-13T19:20:52Z
BRLN,50.68,2026-03-13T17:50:43Z
BRLS,1.62,2026-03-13T19:56:21Z
BRLT,1.27,2026-03-13T17:39:22Z
BRN,1.09,2026-03-13T15:45:04Z
BRNY,48.24,2026-03-13T19:59:46Z
BRO,68.245,2026-03-13T19:59:54Z
BROS,47.35,2026-03-13T19:59:55Z
BRR,2.72,2026-03-13T19:59:51Z
BRRR,20.1,2026-03-13T19:45:46Z
BRSL,12.68,2026-03-13T19:59:58Z
BRSP,5.54,2026-03-13T19:59:57Z
BRT,14.14,2026-03-13T19:53:08Z
BRTR,50.25,2026-03-13T19:56:59Z
BRTX,0.2988,2026-03-13T19:59:53Z
BRW,6.46,2026-03-13T19:58:45Z
BRX,29.66,2026-03-13T19:59:59Z
BRZE,18.76,2026-03-13T19:59:59Z
BRZU,95.795,2026-03-13T19:52:00Z
BSAAR,0.15,2026-03-13T15:09:11Z
BSAC,30.555,2026-03-13T19:59:56Z
BSBK,8.315,2026-03-13T16:48:31Z
BSBR,5.71,2026-03-13T19:59:52Z
BSCQ,19.56,2026-03-13T19:42:14Z
BSCR,19.655,2026-03-13T19:53:31Z
BSCS,20.445,2026-03-13T19:59:55Z
BSCT,18.675,2026-03-13T19:59:25Z
BSCU,16.74,2026-03-13T19:50:17Z
BSCV,16.475,2026-03-13T19:59:52Z
BSCW,20.595,2026-03-13T19:46:42Z
BSCX,21.16,2026-03-13T19:23:14Z
BSCY,20.685,2026-03-13T19:13:15Z
BSCZ,20.485,2026-03-13T19:59:05Z
BSET,14,2026-03-13T18:58:54Z
BSJQ,23.165,2026-03-13T19:56:20Z
BSJR,22.405,2026-03-13T19:59:05Z
BSJS,21.71,2026-03-13T19:57:23Z
BSJT,21.035,2026-03-13T19:59:04Z
BSJU,25.605,2026-03-13T19:55:16Z
BSJV,26.15,2026-03-13T13:32:53Z
BSL,12.88,2026-03-13T19:57:18Z
BSM,15.39,2026-03-13T19:59:45Z
BSMR,23.75,2026-03-13T17:59:00Z
BSMS,23.56,2026-03-13T19:34:59Z
BSMT,23.21,2026-03-13T19:58:00Z
BSMU,22.065,2026-03-13T19:36:04Z
BSMV,21.12,2026-03-13T19:14:33Z
BSMW,25.09,2026-03-13T19:41:49Z
BSMY,24.46,2026-03-13T19:14:09Z
BSOL,11.89,2026-03-13T19:59:59Z
BSRR,32.495,2026-03-13T15:42:54Z
BSSX,25.69,2026-03-13T19:59:46Z
BST,38.87,2026-03-13T18:38:52Z
BSTZ,21.395,2026-03-13T19:49:20Z
BSV,78.38,2026-03-13T19:59:55Z
BSVO,24.41,2026-03-13T19:54:16Z
BSX,69.1,2026-03-13T19:59:59Z
BSY,38.19,2026-03-13T19:59:55Z
BTAI,1.49,2026-03-13T19:59:54Z
BTAL,14.37,2026-03-13T19:59:51Z
BTBD,1.445,2026-03-13T19:37:24Z
BTBT,1.615,2026-03-13T19:59:59Z
BTC,31.485,2026-03-13T19:59:46Z
BTCC,16.3,2026-03-13T18:43:05Z
BTCI,34.48,2026-03-13T19:59:00Z
BTCL,17.11,2026-03-13T19:55:04Z
BTCO,70.85,2026-03-13T19:59:50Z
BTCS,1.75,2026-03-13T19:59:59Z
BTCT,1.31,2026-03-13T19:21:42Z
BTCW,75.25,2026-03-13T19:59:51Z
BTCZ,5.07,2026-03-13T19:59:51Z
BTDR,7.49,2026-03-13T19:59:58Z
BTE,4.025,2026-03-13T19:59:53Z
BTG,4.84,2026-03-13T19:59:50Z
BTGD,31.245,2026-03-13T19:15:02Z
BTGO,10.54,2026-03-13T19:59:50Z
BTI,59.92,2026-03-13T19:59:55Z
BTM,4.4,2026-03-13T19:53:22Z
BTMD,1.395,2026-03-13T19:59:49Z
BTMWW,0.044,2026-03-13T19:14:36Z
BTO,33.12,2026-03-13T19:01:41Z
BTOC,0.2569,2026-03-13T19:29:45Z
BTOG,2.56,2026-03-13T19:58:39Z
BTQ,3,2026-03-13T19:59:58Z
BTRN,27.54,2026-03-13T13:56:53Z
BTSG,38.3,2026-03-13T19:59:59Z
BTT,22.66,2026-03-13T19:47:28Z
BTTC,1.46,2026-03-13T19:26:19Z
BTU,34.66,2026-03-13T19:59:52Z
BTX,6.25,2026-03-13T19:38:30Z
BTZ,10,2026-03-13T19:51:23Z
BUCK,23.62,2026-03-13T19:59:50Z
BUD,72.39,2026-03-13T19:59:54Z
BUDA,9.7,2026-03-13T16:36:59Z
BUFD,28.055,2026-03-13T19:47:52Z
BUFF,49.56,2026-03-13T19:50:11Z
BUFG,27.14,2026-03-13T17:07:35Z
BUFH,20.87,2026-03-13T17:07:12Z
BUFM,38.77,2026-03-13T14:18:27Z
BUFP,29.9,2026-03-13T17:50:07Z
BUFQ,35.54,2026-03-13T17:10:19Z
BUFR,33.92,2026-03-13T19:59:55Z
BUFS,22.9,2026-03-13T17:31:46Z
BUFT,24.81,2026-03-13T18:45:55Z
BUFY,22.31,2026-03-13T16:50:12Z
BUFZ,26.33,2026-03-13T19:59:42Z
BUG,26.53,2026-03-13T19:59:50Z
BUI,26.775,2026-03-13T19:10:54Z
BUI^#,0.04,2026-03-13T19:51:35Z
BULG,1.29,2026-03-13T19:50:17Z
BULL,5.28,2026-03-13T19:59:59Z
BULLW,1.44,2026-03-13T15:22:22Z
BULU,2.26,2026-03-13T16:28:00Z
BULZ,20.81,2026-03-13T19:59:40Z
BUR,7.92,2026-03-13T19:59:59Z
BURL,296.76,2026-03-13T19:59:54Z
BURU,0.2279,2026-03-13T19:59:52Z
BUSA,37.02,2026-03-13T17:37:26Z
BUSE,24.69,2026-03-13T19:59:41Z
BUXX,20.265,2026-03-13T19:59:46Z
BUYW,14.11,2026-03-13T19:59:59Z
BUZZ,30.61,2026-03-13T19:59:50Z
BV,11.82,2026-03-13T19:59:57Z
BVN,35.26,2026-03-13T19:59:50Z
BVS,8.62,2026-03-13T19:59:49Z
BW,10.5,2026-03-13T19:59:53Z
BW-A,18.97,2026-03-13T19:39:26Z
BWA,50.54,2026-03-13T19:59:50Z
BWAY,13.715,2026-03-13T19:59:25Z
BWB,16.96,2026-03-13T19:19:34Z
BWEN,2.17,2026-03-13T19:58:50Z
BWET,58.985,2026-03-13T19:57:53Z
BWFG,46.94,2026-03-13T19:59:34Z
BWG,7.79,2026-03-13T19:51:30Z
BWIN,21.07,2026-03-13T19:59:53Z
BWLP,13.59,2026-03-13T19:59:42Z
BWMN,27.95,2026-03-13T19:59:16Z
BWMX,16.74,2026-03-13T19:59:04Z
BWNB,24.68,2026-03-13T15:11:30Z
BWX,21.895,2026-03-13T19:59:36Z
BWXT,194.12,2026-03-13T19:59:55Z
BWZ,26.875,2026-03-13T19:59:48Z
BX,106.75,2026-03-13T19:59:55Z
BXC,49.06,2026-03-13T19:44:54Z
BXMT,18.56,2026-03-13T19:59:58Z
BXMX,13.94,2026-03-13T19:57:46Z
BXP,51.995,2026-03-13T19:59:55Z
BXSL,23.65,2026-03-13T19:59:50Z
BY,30.49,2026-03-13T19:59:48Z
BYAH,1.14,2026-03-13T15:52:27Z
BYD,81.64,2026-03-13T19:59:55Z
BYND,0.7599,2026-03-13T19:59:54Z
BYRN,9.62,2026-03-13T19:59:59Z
BYSI,1.74,2026-03-13T14:00:34Z
BZ,14.16,2026-03-13T19:59:59Z
BZAI,1.1,2026-03-13T19:59:51Z
BZFD,0.7134,2026-03-13T19:38:28Z
BZH,20.82,2026-03-13T19:59:54Z
BZQ,11.7,2026-03-13T18:39:28Z
BZUN,2.415,2026-03-13T19:56:52Z
C,105.7,2026-03-13T19:59:55Z
C-N,29.68,2026-03-13T19:03:34Z
C-R,25.02,2026-03-13T19:59:03Z
CAAP,24.38,2026-03-13T19:59:20Z
CABA,3.07,2026-03-13T19:59:56Z
CABO,113.21,2026-03-13T19:44:29Z
CAC,45.49,2026-03-13T19:59:50Z
CACC,447.945,2026-03-13T19:59:53Z
CACI,605.725,2026-03-13T19:59:16Z
CADL,4.665,2026-03-13T19:59:52Z
CAE,27.38,2026-03-13T19:59:59Z
CAF,17.82,2026-03-13T18:27:41Z
CAG,16.415,2026-03-13T19:59:54Z
CAH,216.97,2026-03-13T19:59:53Z
CAI,18.15,2026-03-13T19:59:59Z
CAIE,25.4,2026-03-13T19:59:53Z
CAIQ,24.31,2026-03-13T19:59:59Z
CAKE,57.57,2026-03-13T19:59:45Z
CAL,9.26,2026-03-13T19:59:55Z
CALC,0.8493,2026-03-13T19:59:47Z
CALF,44.21,2026-03-13T19:59:05Z
CALI,50.57,2026-03-13T18:47:03Z
CALM,87.84,2026-03-13T19:59:58Z
CALX,50.61,2026-03-13T19:59:47Z
CALY,13.39,2026-03-13T19:59:59Z
CAM,25.15,2026-03-13T19:06:20Z
CAML,35.88,2026-03-13T16:36:33Z
CAMP,5.395,2026-03-13T19:59:56Z
CAMT,148.89,2026-03-13T19:59:57Z
CAN,0.4864,2026-03-13T19:59:27Z
CANC,36.15,2026-03-13T18:45:10Z
CANE,9.75,2026-03-13T19:38:56Z
CANF,3.595,2026-03-13T16:30:00Z
CANG,0.6573,2026-03-13T19:59:45Z
CAOS,90.51,2026-03-13T19:26:36Z
CAPE,31.71,2026-03-13T17:14:08Z
CAPL,21.74,2026-03-13T13:31:03Z
CAPR,30.41,2026-03-13T19:59:49Z
CAPS,0.625,2026-03-13T15:16:52Z
CAPT,0.4124,2026-03-13T19:58:49Z
CAQUU,9.91,2026-03-13T13:58:58Z
CAR,100.54,2026-03-13T19:52:22Z
CARD,3.55,2026-03-13T15:21:33Z
CARE,19.96,2026-03-13T19:59:37Z
CARG,30.88,2026-03-13T19:59:40Z
CARL,11.415,2026-03-13T17:32:36Z
CARR,55.65,2026-03-13T19:59:58Z
CARS,7.58,2026-03-13T19:59:48Z
CART,38.235,2026-03-13T19:59:59Z
CARY,20.865,2026-03-13T19:59:52Z
CARZ,81.49,2026-03-13T18:41:51Z
CASH,90.99,2026-03-13T18:11:25Z
CASS,44.34,2026-03-13T19:59:33Z
CAST,4.925,2026-03-13T18:47:36Z
CASY,660.56,2026-03-13T19:59:53Z
CAT,694.08,2026-03-13T19:59:48Z
CATH,79.65,2026-03-13T16:09:20Z
CATO,2.97,2026-03-13T19:51:58Z
CATX,5,2026-03-13T19:59:52Z
CATY,47.35,2026-03-13T19:59:13Z
CAVA,82.04,2026-03-13T19:59:58Z
CB,329.1,2026-03-13T19:59:52Z
CBAN,19.33,2026-03-13T19:59:43Z
CBAT,1,2026-03-13T15:51:19Z
CBC,23.965,2026-03-13T19:59:38Z
CBIO,11.21,2026-03-13T19:59:45Z
CBK,24.91,2026-03-13T19:47:09Z
CBL,37,2026-03-13T19:59:20Z
CBLL,18.51,2026-03-13T19:59:45Z
CBNK,28.71,2026-03-13T13:59:04Z
CBOE,290.08,2026-03-13T19:59:53Z
CBRE,133.79,2026-03-13T19:59:49Z
CBRL,28.03,2026-03-13T19:59:38Z
CBSE,40.3,2026-03-13T17:54:22Z
CBSH,47.645,2026-03-13T19:59:56Z
CBT,69.51,2026-03-13T19:59:50Z
CBTJ,19.37,2026-03-13T15:47:09Z
CBTO,20.32,2026-03-13T18:37:01Z
CBTY,20.07,2026-03-13T19:59:45Z
CBU,57.5,2026-03-13T19:59:39Z
CBUS,3.775,2026-03-13T19:59:41Z
CBXA,23.09,2026-03-13T19:21:15Z
CBXJ,21.13,2026-03-13T13:38:08Z
CBZ,26.11,2026-03-13T19:59:48Z
CC,17.585,2026-03-13T19:59:54Z
CCAP,12.81,2026-03-13T19:59:38Z
CCB,76.99,2026-03-13T19:57:04Z
CCBG,42.165,2026-03-13T19:56:26Z
CCC,6.035,2026-03-13T19:59:59Z
CCCC,2.725,2026-03-13T19:59:55Z
CCD,21.81,2026-03-13T19:59:35Z
CCEP,100.45,2026-03-13T19:59:53Z
CCHH,0.6987,2026-03-13T19:59:39Z
CCI,87.455,2026-03-13T19:59:53Z
CCIF,3.26,2026-03-13T18:35:09Z
CCIX,10.64,2026-03-13T19:07:32Z
CCJ,107.91,2026-03-13T19:59:57Z
CCK,105.16,2026-03-13T19:59:50Z
CCL,23.99,2026-03-13T19:59:59Z
CCLD,3.14,2026-03-13T19:59:53Z
CCNE,27.095,2026-03-13T19:52:20Z
CCO,2.385,2026-03-13T19:59:58Z
CCOI,18.81,2026-03-13T19:59:56Z
CCRN,9.43,2026-03-13T19:59:54Z
CCS,57.83,2026-03-13T19:58:38Z
CCSI,30.06,2026-03-13T19:59:56Z
CCU,11.64,2026-03-13T19:59:59Z
CCUP,7.42,2026-03-13T19:59:59Z
CCXI,10.15,2026-03-13T19:59:30Z
CD,4.74,2026-03-13T19:59:39Z
CDE,20.21,2026-03-13T19:59:59Z
CDIO,2.805,2026-03-13T19:42:14Z
CDLR,24.8,2026-03-13T19:58:42Z
CDLX,0.6771,2026-03-13T19:59:55Z
CDNA,17.02,2026-03-13T19:59:55Z
CDNL,29.49,2026-03-13T19:59:45Z
CDNS,287.05,2026-03-13T19:59:50Z
CDP,31.66,2026-03-13T19:59:43Z
CDRE,31.695,2026-03-13T19:58:53Z
CDRO,8,2026-03-13T16:31:53Z
CDT,0.4851,2026-03-13T19:19:36Z
CDTG,0.3967,2026-03-13T14:00:13Z
CDW,116.16,2026-03-13T19:59:57Z
CDX,21.55,2026-03-13T19:54:07Z
CDXS,1.61,2026-03-13T19:59:58Z
CDZI,5.125,2026-03-13T19:59:55Z
CE,57.76,2026-03-13T19:59:56Z
CECO,54.405,2026-03-13T19:59:43Z
CEF,51.17,2026-03-13T19:59:37Z
CEFA,37.09,2026-03-13T14:10:47Z
CEFS,22.305,2026-03-13T19:43:57Z
CEG,301.88,2026-03-13T19:59:39Z
CELC,114.21,2026-03-13T19:59:45Z
CELH,44.57,2026-03-13T19:59:59Z
CELU,1.23,2026-03-13T19:40:00Z
CEMB,45.46,2026-03-13T18:04:46Z
CENN,0.1071,2026-03-13T19:18:32Z
CENT,36.78,2026-03-13T19:59:00Z
CENTA,32.115,2026-03-13T19:59:44Z
CENX,54.81,2026-03-13T19:59:58Z
CEPI,30.685,2026-03-13T18:22:52Z
CEPT,11.005,2026-03-13T18:21:34Z
CEPU,15.12,2026-03-13T19:59:35Z
CEPV,10.115,2026-03-13T15:42:14Z
CERS,1.7,2026-03-13T19:59:56Z
CERT,6.66,2026-03-13T19:59:58Z
CERY,35.22,2026-03-13T19:59:50Z
CET,50.335,2026-03-13T17:41:17Z
CETX,0.7614,2026-03-13T19:59:57Z
CETY,0.8389,2026-03-13T18:32:36Z
CEVA,18.22,2026-03-13T19:59:54Z
CF,129.61,2026-03-13T19:59:51Z
CFBK,28.55,2026-03-13T19:22:01Z
CFFN,6.93,2026-03-13T19:59:54Z
CFG,55.63,2026-03-13T19:59:53Z
CFG-E,19.57,2026-03-13T19:50:17Z
CFG-H,26.06,2026-03-13T19:57:29Z
CFG-I,25.12,2026-03-13T18:54:22Z
CFLT,30.66,2026-03-13T19:59:51Z
CFO,74.41,2026-03-13T16:58:51Z
CFR,132.09,2026-03-13T19:59:39Z
CG,45.64,2026-03-13T19:59:57Z
CGAU,17.635,2026-03-13T19:59:59Z
CGBD,10.74,2026-03-13T19:59:55Z
CGBL,34.945,2026-03-13T19:51:48Z
CGC,1.025,2026-03-13T19:59:45Z
CGCB,26.34,2026-03-13T19:59:59Z
CGCP,22.39,2026-03-13T19:59:51Z
CGCTW,0.75,2026-03-13T19:31:25Z
CGCV,30.37,2026-03-13T19:50:02Z
CGDG,35.88,2026-03-13T19:59:58Z
CGDV,43.5,2026-03-13T19:59:55Z
CGEM,13.49,2026-03-13T19:59:46Z
CGEN,2.23,2026-03-13T19:59:58Z
CGGE,30.9,2026-03-13T19:59:57Z
CGGO,34.32,2026-03-13T19:59:55Z
CGGR,41.475,2026-03-13T19:59:58Z
CGHM,25.595,2026-03-13T19:58:03Z
CGIC,33.02,2026-03-13T19:54:27Z
CGIE,33.935,2026-03-13T19:59:50Z
CGMM,29.16,2026-03-13T19:59:59Z
CGMS,27.19,2026-03-13T19:59:59Z
CGMU,27.515,2026-03-13T19:59:38Z
CGNG,31.55,2026-03-13T19:59:55Z
CGNT,8.42,2026-03-13T19:59:50Z
CGNX,47.96,2026-03-13T19:59:51Z
CGON,64.28,2026-03-13T19:59:53Z
CGSD,25.89,2026-03-13T19:59:59Z
CGSM,26.48,2026-03-13T19:29:04Z
CGTL,1.38,2026-03-13T15:13:32Z
CGTX,1.055,2026-03-13T19:56:50Z
CGUI,25.315,2026-03-13T19:46:30Z
CGUS,39.165,2026-03-13T19:59:25Z
CGW,63.535,2026-03-13T18:02:49Z
CGXU,29.04,2026-03-13T19:55:18Z
CHA,11.18,2026-03-13T19:59:53Z
CHAC,10.28,2026-03-13T18:26:54Z
CHAI,1.52,2026-03-13T19:42:59Z
CHAT,62.72,2026-03-13T19:59:14Z
CHAU,21.555,2026-03-13T19:55:56Z
CHCO,118.6,2026-03-13T19:53:10Z
CHCT,16.145,2026-03-13T19:59:04Z
CHD,97.76,2026-03-13T19:59:52Z
CHDN,86.31,2026-03-13T19:59:53Z
CHE,401.985,2026-03-13T19:58:14Z
CHEF,64.455,2026-03-13T19:48:43Z
CHGG,0.5777,2026-03-13T19:59:07Z
CHH,95.45,2026-03-13T19:59:41Z
CHI,11.08,2026-03-13T19:41:25Z
CHIQ,19.99,2026-03-13T19:54:48Z
CHKP,153.6,2026-03-13T19:59:16Z
CHMI,2.66,2026-03-13T19:59:58Z
CHNR,3.385,2026-03-13T19:38:23Z
CHOW,0.4775,2026-03-13T19:47:26Z
CHPT,5.33,2026-03-13T19:59:56Z
CHPX,58.69,2026-03-13T19:40:00Z
CHPY,55.51,2026-03-13T19:57:39Z
CHR,1.03,2026-03-13T17:58:46Z
CHRD,123.48,2026-03-13T19:59:26Z
CHRS,1.63,2026-03-13T19:59:52Z
CHRW,169.355,2026-03-13T19:59:54Z
CHSCL,25.81,2026-03-13T19:53:34Z
CHSCM,25.13,2026-03-13T19:19:13Z
CHSCN,25.42,2026-03-13T19:53:28Z
CHSCO,26.54,2026-03-13T18:19:44Z
CHSCP,28.66,2026-03-13T19:45:11Z
CHSN,2.79,2026-03-13T19:22:25Z
CHT,42.69,2026-03-13T19:59:40Z
CHTR,218.15,2026-03-13T19:59:56Z
CHW,7.39,2026-03-13T19:55:02Z
CHWY,25.455,2026-03-13T19:59:54Z
CHY,11.35,2026-03-13T19:53:40Z
CHYM,20.6,2026-03-13T19:59:59Z
CI,267.13,2026-03-13T19:59:50Z
CIA,4.61,2026-03-13T19:59:54Z
CIB,65.93,2026-03-13T19:57:08Z
CIBR,65.16,2026-03-13T19:58:45Z
CIEN,337.59,2026-03-13T19:59:27Z
CIFG,6.33,2026-03-13T19:29:51Z
CIFR,14.08,2026-03-13T19:59:59Z
CIFU,15.115,2026-03-13T19:50:01Z
CIG,2.21,2026-03-13T19:59:45Z
CIGI,108.01,2026-03-13T19:59:02Z
CIGL,1.63,2026-03-13T14:24:56Z
CII,21.46,2026-03-13T17:48:11Z
CIIT,0.296,2026-03-13T19:59:27Z
CIK,2.6,2026-03-13T19:59:57Z
CIM,13.1,2026-03-13T19:59:59Z
CIM-A,20.5,2026-03-13T19:29:52Z
CIM-B,23.1,2026-03-13T17:42:11Z
CIM-C,21.14,2026-03-13T19:00:45Z
CIMN,25.12,2026-03-13T19:40:08Z
CIMP,24.9,2026-03-13T19:28:57Z
CINF,163.8,2026-03-13T19:59:52Z
CING,8.61,2026-03-13T19:43:22Z
CINT,5.44,2026-03-13T19:59:44Z
CION,6.55,2026-03-13T19:59:57Z
CISO,0.385,2026-03-13T19:10:03Z
CISS,1.105,2026-03-13T19:07:24Z
CITR,9.25,2026-03-13T19:59:51Z
CIVB,22.14,2026-03-13T19:40:39Z
CJMB,1.86,2026-03-13T17:18:02Z
CL,88.85,2026-03-13T19:59:59Z
CLAR,2.78,2026-03-13T19:59:58Z
CLB,15.78,2026-03-13T19:59:53Z
CLBK,17.51,2026-03-13T19:59:59Z
CLBT,14.46,2026-03-13T19:59:58Z
CLDI,0.3163,2026-03-13T19:58:50Z
CLDT,7.5,2026-03-13T19:59:43Z
CLDX,29.5,2026-03-13T19:59:56Z
CLF,8.47,2026-03-13T19:59:55Z
CLFD,28.555,2026-03-13T18:40:21Z
CLH,288.77,2026-03-13T19:59:29Z
CLIK,3.13,2026-03-13T14:55:01Z
CLIP,100.21,2026-03-13T19:58:46Z
CLIR,0.43,2026-03-13T19:58:46Z
CLIX,53.13,2026-03-13T19:54:30Z
CLM,7.485,2026-03-13T19:59:52Z
CLMB,80.95,2026-03-13T19:32:32Z
CLMT,28.58,2026-03-13T19:59:57Z
CLNE,2.175,2026-03-13T19:59:38Z
CLNK,16.645,2026-03-13T19:44:09Z
CLNN,5.6,2026-03-13T19:59:53Z
CLOA,51.7,2026-03-13T19:59:54Z
CLOI,52.51,2026-03-13T19:26:23Z
CLOU,19.58,2026-03-13T19:49:21Z
CLOV,1.985,2026-03-13T19:59:40Z
CLOX,25.39,2026-03-13T19:59:50Z
CLOZ,25.55,2026-03-13T19:51:34Z
CLPR,3.05,2026-03-13T19:43:44Z
CLPT,10.8,2026-03-13T19:58:51Z
CLRB,3.275,2026-03-13T18:02:50Z
CLS,263.88,2026-03-13T19:59:33Z
CLSE,27.745,2026-03-13T19:52:40Z
CLSK,9.77,2026-03-13T19:59:59Z
CLSX,11.43,2026-03-13T19:40:43Z
CLSZ,17.765,2026-03-13T14:01:36Z
CLVT,2.57,2026-03-13T19:59:59Z
CLW,13.05,2026-03-13T19:59:58Z
CLX,110.665,2026-03-13T19:59:54Z
CLYM,7,2026-03-13T19:59:53Z
CM,95.32,2026-03-13T19:59:58Z
CMBM,1.25,2026-03-13T19:59:29Z
CMBT,11.9,2026-03-13T19:59:53Z
CMC,61.07,2026-03-13T19:59:53Z
CMCL,25.09,2026-03-13T19:39:12Z
CMCO,14.635,2026-03-13T19:59:14Z
CMCSA,30.155,2026-03-13T19:59:59Z
CMCT,0.635,2026-03-13T19:59:39Z
CMDB,15.27,2026-03-13T16:37:07Z
CMDT,32.15,2026-03-13T18:47:12Z
CMDY,59.26,2026-03-13T19:59:50Z
CME,311.415,2026-03-13T19:59:57Z
CMF,57.435,2026-03-13T19:59:50Z
CMG,32.51,2026-03-13T19:59:59Z
CMGG,14.94,2026-03-13T17:54:13Z
CMI,535.7,2026-03-13T19:59:58Z
CMMB,1.84,2026-03-13T19:38:57Z
CMND,0.8,2026-03-13T17:09:07Z
CMP,21.98,2026-03-13T19:59:44Z
CMPR,71.085,2026-03-13T19:59:30Z
CMPS,6.4,2026-03-13T19:59:57Z
CMPX,5.185,2026-03-13T19:59:58Z
CMRC,2.75,2026-03-13T19:59:58Z
CMRE,16.08,2026-03-13T19:59:58Z
CMRE-B,25.6,2026-03-13T16:51:40Z
CMRE-D,26.9,2026-03-13T16:50:19Z
CMS,77.84,2026-03-13T19:59:19Z
CMS-C,17.27,2026-03-13T18:03:19Z
CMSC,22.99,2026-03-13T19:59:48Z
CMSD,23.09,2026-03-13T18:40:44Z
CMT,19.21,2026-03-13T18:20:21Z
CMTG,2.31,2026-03-13T19:59:58Z
CMTL,4.67,2026-03-13T19:58:41Z
CMTV,39.01,2026-03-13T19:59:51Z
CMU,3.61,2026-03-13T19:57:10Z
CNA,46.58,2026-03-13T19:59:50Z
CNBS,23.27,2026-03-13T15:26:08Z
CNC,34.465,2026-03-13T19:59:56Z
CNCK,2.34,2026-03-13T19:59:37Z
CNDT,1.295,2026-03-13T19:59:56Z
CNEQ,32.05,2026-03-13T19:39:03Z
CNEY,0.9959,2026-03-13T19:59:47Z
CNH,10.66,2026-03-13T19:59:58Z
CNI,105.02,2026-03-13T19:59:52Z
CNK,25.77,2026-03-13T19:59:58Z
CNL,15.33,2026-03-13T19:55:22Z
CNM,48.08,2026-03-13T19:59:48Z
CNMD,37.285,2026-03-13T19:59:47Z
CNNE,11.51,2026-03-13T19:59:58Z
CNO,39.825,2026-03-13T19:59:35Z
CNOB,25.54,2026-03-13T19:59:58Z
CNP,44.005,2026-03-13T19:59:57Z
CNQ,48.445,2026-03-13T19:59:58Z
CNQQ,22.66,2026-03-13T14:42:30Z
CNR,98.98,2026-03-13T19:59:48Z
CNS,62.49,2026-03-13T19:59:36Z
CNSP,2.46,2026-03-13T19:38:10Z
CNTA,26.345,2026-03-13T19:59:55Z
CNTB,2.685,2026-03-13T19:45:56Z
CNTN,4.08,2026-03-13T19:59:06Z
CNTX,3.375,2026-03-13T19:59:21Z
CNTY,1.3,2026-03-13T19:34:50Z
CNVS,2.64,2026-03-13T19:59:51Z
CNX,42.15,2026-03-13T19:59:52Z
CNXC,31.695,2026-03-13T19:59:23Z
CNXN,59.94,2026-03-13T19:47:24Z
CNXT,46.07,2026-03-13T15:42:45Z
CNYA,35.38,2026-03-13T19:59:30Z
COAL,26.64,2026-03-13T19:52:43Z
COCH,0.8004,2026-03-13T19:59:53Z
COCO,58.38,2026-03-13T19:59:54Z
COCP,1.01,2026-03-13T15:18:27Z
CODA,14.04,2026-03-13T19:59:46Z
CODI,6.05,2026-03-13T19:59:51Z
CODI-B,20,2026-03-13T16:58:56Z
CODI-C,20.02,2026-03-13T18:26:34Z
CODX,2.8,2026-03-13T19:57:14Z
COE,19.66,2026-03-13T15:19:48Z
COEP,11.51,2026-03-13T16:46:40Z
COF,179.81,2026-03-13T19:59:55Z
COF-I,19.115,2026-03-13T19:19:49Z
COF-J,18.18,2026-03-13T19:58:46Z
COF-K,17.75,2026-03-13T15:36:11Z
COF-L,16.845,2026-03-13T15:57:49Z
COF-N,16.25,2026-03-13T15:56:13Z
COFS,27.24,2026-03-13T19:55:11Z
COGT,33.95,2026-03-13T19:59:51Z
COHN,17.02,2026-03-13T19:51:01Z
COHR,242.82,2026-03-13T19:59:48Z
COHU,27.25,2026-03-13T19:59:57Z
COHX,27.69,2026-03-13T19:35:10Z
COIA,7.17,2026-03-13T19:59:50Z
COII,10.43,2026-03-13T15:05:02Z
COIN,195.555,2026-03-13T19:59:59Z
COIW,14.705,2026-03-13T18:56:13Z
COKE,216.91,2026-03-13T19:59:10Z
COLB,26.24,2026-03-13T19:59:59Z
COLD,11.125,2026-03-13T19:59:49Z
COLL,34.52,2026-03-13T19:58:45Z
COLM,55.27,2026-03-13T19:59:45Z
COLO,37.39,2026-03-13T19:56:47Z
COM,33.96,2026-03-13T15:46:02Z
COMB,26.04,2026-03-13T17:59:49Z
COMP,8.28,2026-03-13T19:59:57Z
COMT,32.945,2026-03-13T19:58:20Z
CON,22.35,2026-03-13T19:59:36Z
CONI,54.12,2026-03-13T18:15:14Z
CONL,9.14,2026-03-13T19:59:55Z
CONX,11.08,2026-03-13T19:56:53Z
CONY,29.9,2026-03-13T19:59:46Z
COO,69.9,2026-03-13T19:59:53Z
COOK,0.65,2026-03-13T19:58:50Z
COOT,0.7278,2026-03-13T19:35:50Z
COP,121.885,2026-03-13T19:59:54Z
COPJ,39.68,2026-03-13T19:52:26Z
COPP,35.315,2026-03-13T19:59:58Z
COPX,76.345,2026-03-13T19:59:52Z
COPY,13.4,2026-03-13T19:57:57Z
COPZ,15.67,2026-03-13T19:54:17Z
COR,349.78,2026-03-13T19:59:50Z
CORB,29.64,2026-03-13T18:44:51Z
CORD,15.75,2026-03-13T19:58:45Z
CORN,18.665,2026-03-13T19:59:57Z
CORO,31.935,2026-03-13T19:56:45Z
CORP,96.43,2026-03-13T19:55:03Z
CORT,32.165,2026-03-13T19:59:50Z
CORZ,16.485,2026-03-13T19:59:59Z
CORZW,10.17,2026-03-13T19:57:39Z
COSM,0.356,2026-03-13T17:31:01Z
COSO,24.075,2026-03-13T17:34:41Z
COST,1008.3,2026-03-13T19:59:59Z
COTG,15.33,2026-03-13T19:53:50Z
COTY,2.22,2026-03-13T19:59:56Z
COUR,6.04,2026-03-13T19:59:56Z
COWG,33.86,2026-03-13T19:56:55Z
COWZ,62.255,2026-03-13T19:59:55Z
COYA,4.535,2026-03-13T19:59:14Z
COYY,4.5,2026-03-13T19:37:27Z
CP,81.38,2026-03-13T19:59:51Z
CPA,110.4,2026-03-13T19:58:28Z
CPAC,9.95,2026-03-13T19:51:47Z
CPAY,317.595,2026-03-13T19:59:53Z
CPB,21.71,2026-03-13T19:59:53Z
CPER,34.82,2026-03-13T19:59:59Z
CPF,30.6,2026-03-13T19:59:55Z
CPIX,3.035,2026-03-13T19:59:17Z
CPK,130.33,2026-03-13T19:57:55Z
CPLS,35.17,2026-03-13T16:51:40Z
CPNG,18.44,2026-03-13T19:59:59Z
CPOP,0.3126,2026-03-13T19:59:43Z
CPRI,18.6,2026-03-13T19:59:59Z
CPRT,34.11,2026-03-13T19:59:57Z
CPRX,23.215,2026-03-13T19:59:56Z
CPS,29.18,2026-03-13T18:26:22Z
CPSH,3.8,2026-03-13T19:58:23Z
CPSM,28.87,2026-03-13T14:18:27Z
CPSS,7.525,2026-03-13T16:52:18Z
CPST,27.05,2026-03-13T14:28:20Z
CPT,100.58,2026-03-13T19:59:51Z
CPXR,25.915,2026-03-13T19:16:46Z
CPZ,14.315,2026-03-13T19:49:16Z
CQP,64.14,2026-03-13T19:59:44Z
CQQQ,49.27,2026-03-13T19:59:48Z
CR,171.13,2026-03-13T19:59:56Z
CRAI,155.38,2026-03-13T19:55:02Z
CRAK,46.84,2026-03-13T19:34:50Z
CRBD,23.21,2026-03-13T19:54:15Z
CRBG,23.49,2026-03-13T19:59:58Z
CRBP,9.4,2026-03-13T19:59:42Z
CRBU,1.87,2026-03-13T19:59:48Z
CRC,61.5,2026-03-13T19:59:52Z
CRCA,65.2,2026-03-13T19:45:09Z
CRCD,5.61,2026-03-13T19:59:59Z
CRCG,4.38,2026-03-13T19:59:55Z
CRCL,115.38,2026-03-13T19:59:55Z
CRCO,28.49,2026-03-13T18:51:44Z
CRCT,4.07,2026-03-13T19:59:58Z
CRD.A,9.49,2026-03-13T19:59:09Z
CRDF,1.87,2026-03-13T19:59:43Z
CRDL,1.03,2026-03-13T14:59:34Z
CRDO,117.77,2026-03-13T19:59:59Z
CRDU,23.82,2026-03-13T18:02:54Z
CREG,1.255,2026-03-13T19:59:59Z
CRESY,11.71,2026-03-13T19:59:54Z
CRF,7.225,2026-03-13T19:59:58Z
CRGO,1.25,2026-03-13T18:44:01Z
CRGY,11.99,2026-03-13T19:59:59Z
CRH,99.8,2026-03-13T19:59:54Z
CRI,34.72,2026-03-13T19:59:50Z
CRIS,0.9525,2026-03-13T19:53:39Z
CRK,20.815,2026-03-13T19:59:50Z
CRL,155.54,2026-03-13T19:59:54Z
CRM,192.86,2026-03-13T19:59:56Z
CRMD,6.45,2026-03-13T19:59:57Z
CRMG,6.8,2026-03-13T19:59:59Z
CRML,9.05,2026-03-13T19:59:54Z
CRMLW,4.04,2026-03-13T18:55:02Z
CRMT,13.545,2026-03-13T19:59:55Z
CRMX,17.34,2026-03-13T19:59:50Z
CRNC,7,2026-03-13T19:59:58Z
CRNT,2.21,2026-03-13T19:59:43Z
CRNX,37.455,2026-03-13T19:59:59Z
CRON,2.515,2026-03-13T19:59:46Z
CROX,77.92,2026-03-13T19:59:54Z
CRS,361.9,2026-03-13T19:59:49Z
CRSP,48.76,2026-03-13T19:59:51Z
CRSR,5.33,2026-03-13T19:59:58Z
CRT,9.8,2026-03-13T18:50:16Z
CRTC,36.32,2026-03-13T18:01:56Z
CRTO,17.74,2026-03-13T19:59:55Z
CRUS,133.75,2026-03-13T19:58:37Z
CRVL,52.78,2026-03-13T19:57:06Z
CRVO,4.21,2026-03-13T19:58:24Z
CRVS,15.34,2026-03-13T19:59:51Z
CRWD,441.94,2026-03-13T19:59:59Z
CRWG,2.725,2026-03-13T19:59:46Z
CRWL,24.9,2026-03-13T18:16:53Z
CRWS,2.835,2026-03-13T14:45:40Z
CRWU,4.98,2026-03-13T19:50:00Z
CRWV,81.1,2026-03-13T19:59:58Z
CSAI,0.5972,2026-03-13T19:30:09Z
CSAN,4.09,2026-03-13T19:58:16Z
CSCL,29.83,2026-03-13T19:00:40Z
CSCO,78.32,2026-03-13T19:59:59Z
CSD,110.605,2026-03-13T19:40:10Z
CSEX,12.26,2026-03-13T15:03:12Z
CSGP,43.63,2026-03-13T19:59:57Z
CSGS,79.915,2026-03-13T19:59:21Z
CSHI,49.57,2026-03-13T19:53:30Z
CSIQ,18.41,2026-03-13T19:59:59Z
CSL,341.135,2026-03-13T19:59:28Z
CSMD,31.335,2026-03-13T19:58:06Z
CSNR,36.365,2026-03-13T17:46:16Z
CSPF,25.82,2026-03-13T19:23:17Z
CSPI,8.87,2026-03-13T18:43:47Z
CSQ,17.73,2026-03-13T19:58:37Z
CSR,62,2026-03-13T19:58:17Z
CSRE,27.18,2026-03-13T19:30:28Z
CSTE,0.6181,2026-03-13T19:57:46Z
CSTK,29.22,2026-03-13T15:35:53Z
CSTL,25.54,2026-03-13T19:59:49Z
CSTM,24.61,2026-03-13T19:59:59Z
CSV,41.985,2026-03-13T19:59:57Z
CSW,256.41,2026-03-13T19:59:58Z
CSWC,21.42,2026-03-13T19:59:28Z
CSX,39.31,2026-03-13T19:59:58Z
CTA,30.44,2026-03-13T19:59:42Z
CTAP,27.58,2026-03-13T19:40:56Z
CTAS,194.245,2026-03-13T19:59:53Z
CTBB,18.9,2026-03-13T13:59:26Z
CTBI,58.35,2026-03-13T19:18:40Z
CTEV,16.78,2026-03-13T19:50:01Z
CTGO,23.415,2026-03-13T19:59:34Z
CTKB,4.015,2026-03-13T19:59:29Z
CTLP,10.4,2026-03-13T19:59:56Z
CTM,0.833,2026-03-13T19:59:29Z
CTMX,4.68,2026-03-13T19:59:59Z
CTNM,13.015,2026-03-13T19:59:03Z
CTO,18.71,2026-03-13T19:59:00Z
CTOR,0.8002,2026-03-13T19:46:45Z
CTOS,5.84,2026-03-13T19:59:57Z
CTRA,32.17,2026-03-13T19:59:58Z
CTRE,40.04,2026-03-13T19:59:57Z
CTRI,29.3,2026-03-13T19:59:49Z
CTRN,42.905,2026-03-13T19:52:54Z
CTS,45.82,2026-03-13T19:59:59Z
CTSH,60.35,2026-03-13T19:59:53Z
CTSO,0.718,2026-03-13T14:15:48Z
CTVA,79.21,2026-03-13T19:59:59Z
CTW,2.125,2026-03-13T19:59:50Z
CTXR,0.9633,2026-03-13T19:59:24Z
CUBE,38.64,2026-03-13T19:59:50Z
CUBI,64.75,2026-03-13T19:58:21Z
CUE,0.2741,2026-03-13T19:48:02Z
CUK,23.87,2026-03-13T19:59:55Z
CULP,2.89,2026-03-13T19:52:55Z
CURB,26.53,2026-03-13T19:59:59Z
CURE,97.88,2026-03-13T19:59:30Z
CURI,3.31,2026-03-13T19:59:37Z
CURR,2.35,2026-03-13T15:40:22Z
CURV,1.26,2026-03-13T19:59:58Z
CURX,0.3961,2026-03-13T18:51:42Z
CUZ,22.775,2026-03-13T19:59:55Z
CV,5.51,2026-03-13T19:59:51Z
CVBF,18.79,2026-03-13T19:59:58Z
CVCO,496.21,2026-03-13T19:49:28Z
CVE,23.19,2026-03-13T19:59:59Z
CVEO,27.95,2026-03-13T19:45:47Z
CVGI,2.885,2026-03-13T19:59:54Z
CVGW,23.66,2026-03-13T19:59:53Z
CVI,28.535,2026-03-13T19:59:49Z
CVIE,72.705,2026-03-13T17:19:23Z
CVKD,7.32,2026-03-13T17:10:29Z
CVLC,81.42,2026-03-13T16:42:27Z
CVLG,24.66,2026-03-13T19:59:54Z
CVLT,78.96,2026-03-13T19:59:55Z
CVM,3.48,2026-03-13T16:12:08Z
CVNA,300.04,2026-03-13T19:59:58Z
CVNX,11.6,2026-03-13T19:59:49Z
CVNY,24.29,2026-03-13T19:25:22Z
CVRX,7.54,2026-03-13T19:59:58Z
CVS,76.11,2026-03-13T19:59:51Z
CVSA,104.99,2026-03-13T19:58:32Z
CVU,4.52,2026-03-13T19:58:00Z
CVX,196.83,2026-03-13T19:59:56Z
CW,654.88,2026-03-13T19:59:48Z
CWAN,23.18,2026-03-13T19:59:59Z
CWB,92.06,2026-03-13T19:56:07Z
CWBC,22.545,2026-03-13T19:52:14Z
CWCO,34.75,2026-03-13T19:59:21Z
CWD,1.44,2026-03-13T14:19:58Z
CWEB,30.52,2026-03-13T19:59:36Z
CWEN,38.2,2026-03-13T19:59:53Z
CWEN.A,38,2026-03-13T19:59:51Z
CWH,6.47,2026-03-13T19:59:58Z
CWI,36.4,2026-03-13T19:57:16Z
CWK,12.14,2026-03-13T19:59:59Z
CWST,88.07,2026-03-13T19:59:48Z
CWT,45.19,2026-03-13T19:59:38Z
CWVX,22.04,2026-03-13T19:59:50Z
CX,10.41,2026-03-13T19:59:55Z
CXAI,0.2548,2026-03-13T19:59:55Z
CXDO,6.385,2026-03-13T19:59:54Z
CXE,3.82,2026-03-13T19:04:14Z
CXH,8.2,2026-03-13T19:52:04Z
CXM,5.835,2026-03-13T19:59:58Z
CXRN,20.72,2026-03-13T19:42:10Z
CXSE,38.87,2026-03-13T19:17:36Z
CXT,42.26,2026-03-13T19:59:49Z
CXW,18.21,2026-03-13T19:59:53Z
CYCN,1.42,2026-03-13T19:07:28Z
CYCU,1.68,2026-03-13T15:39:34Z
CYD,41.52,2026-03-13T19:59:47Z
CYH,3.2,2026-03-13T19:59:56Z
CYN,2.4,2026-03-13T19:59:29Z
CYPH,0.5799,2026-03-13T19:59:58Z
CYRX,7.83,2026-03-13T19:59:59Z
CYTK,60.055,2026-03-13T19:59:47Z
CZNC,21.77,2026-03-13T19:51:10Z
CZR,28.07,2026-03-13T19:59:59Z
CZWI,18.18,2026-03-13T19:53:32Z
D,63.205,2026-03-13T19:59:53Z
DAAQ,10.225,2026-03-13T16:32:55Z
DABS,50.87,2026-03-13T15:50:01Z
DAC,106.8,2026-03-13T19:53:31Z
DAIC,0.2309,2026-03-13T19:59:35Z
DAKT,20.125,2026-03-13T19:59:52Z
DAL,58.765,2026-03-13T19:59:56Z
DALI,27.78,2026-03-13T16:04:23Z
DAMD,23.65,2026-03-13T19:33:21Z
DAN,31.38,2026-03-13T19:59:58Z
DAO,10.01,2026-03-13T19:50:19Z
DAPP,16.31,2026-03-13T19:23:48Z
DAPR,39.62,2026-03-13T18:40:20Z
DAR,54.76,2026-03-13T19:59:54Z
DARE,1.43,2026-03-13T19:31:22Z
DARP,49.595,2026-03-13T15:20:06Z
DASH,161.37,2026-03-13T19:59:57Z
DAVA,4.84,2026-03-13T19:59:27Z
DAVE,212.375,2026-03-13T19:59:31Z
DAWN,21.32,2026-03-13T19:59:58Z
DAX,42.335,2026-03-13T19:57:58Z
DB,28.95,2026-03-13T19:59:39Z
DBA,26.76,2026-03-13T19:59:59Z
DBAW,42.57,2026-03-13T18:28:58Z
DBB,23.805,2026-03-13T19:59:59Z
DBC,28.72,2026-03-13T19:58:50Z
DBD,72.59,2026-03-13T19:58:33Z
DBE,28.565,2026-03-13T19:59:52Z
DBEF,49.2,2026-03-13T19:59:47Z
DBEU,48.66,2026-03-13T19:58:34Z
DBGI,3.025,2026-03-13T19:58:19Z
DBI,5.54,2026-03-13T19:59:58Z
DBJP,100.39,2026-03-13T16:59:31Z
DBL,14.63,2026-03-13T19:59:21Z
DBMF,30.66,2026-03-13T19:59:50Z
DBND,45.87,2026-03-13T18:35:34Z
DBO,20.56,2026-03-13T19:59:50Z
DBP,118.19,2026-03-13T15:46:41Z
DBRG,15.37,2026-03-13T19:59:57Z
DBRG-H,17.22,2026-03-13T17:28:19Z
DBRG-I,17.06,2026-03-13T19:17:53Z
DBVT,20.615,2026-03-13T19:57:46Z
DBX,25.77,2026-03-13T19:59:57Z
DC,5.52,2026-03-13T19:59:56Z
DCBO,19.035,2026-03-13T19:54:13Z
DCGO,0.6538,2026-03-13T19:59:25Z
DCH,5.18,2026-03-13T19:59:58Z
DCI,85.83,2026-03-13T19:59:49Z
DCO,125.07,2026-03-13T19:59:43Z
DCOM,31.82,2026-03-13T19:58:19Z
DCOMP,19.05,2026-03-13T13:54:13Z
DCOR,72.59,2026-03-13T19:33:07Z
DCOY,7.97,2026-03-13T13:40:19Z
DCRE,51.91,2026-03-13T15:12:43Z
DCTH,9.46,2026-03-13T19:59:59Z
DCX,1.735,2026-03-13T18:55:04Z
DD,44.89,2026-03-13T19:59:49Z
DDC,2.28,2026-03-13T19:30:33Z
DDD,2.43,2026-03-13T19:59:56Z
DDFD,19.04,2026-03-13T17:42:41Z
DDFJ,18.88,2026-03-13T19:59:45Z
DDFM,18.86,2026-03-13T19:54:09Z
DDFS,21.15,2026-03-13T14:28:20Z
DDI,8.785,2026-03-13T19:55:38Z
DDL,2.62,2026-03-13T19:51:15Z
DDLS,43.04,2026-03-13T19:20:30Z
DDM,53.16,2026-03-13T15:55:45Z
DDNQ,19.64,2026-03-13T15:23:05Z
DDOG,124.53,2026-03-13T19:59:50Z
DDS,578.95,2026-03-13T19:43:46Z
DDSQ,19.11,2026-03-13T19:40:10Z
DDTJ,18.75,2026-03-13T15:41:46Z
DDTL,20.85,2026-03-13T17:33:31Z
DDTM,18.76,2026-03-13T16:24:05Z
DDTN,18.94,2026-03-13T15:59:03Z
DDWM,43.82,2026-03-13T19:38:38Z
DDXX,25.46,2026-03-13T15:30:45Z
DE,577.58,2026-03-13T19:59:53Z
DEA,21.995,2026-03-13T19:59:20Z
DEC,14.61,2026-03-13T19:59:59Z
DECK,100.81,2026-03-13T19:59:51Z
DECM,32.76,2026-03-13T19:42:06Z
DECU,26.88,2026-03-13T16:05:55Z
DECZ,39.44,2026-03-13T17:18:18Z
DEFR,26.74,2026-03-13T18:21:06Z
DEFT,0.6411,2026-03-13T19:59:39Z
DEI,9.745,2026-03-13T19:59:58Z
DELL,151.585,2026-03-13T19:59:53Z
DEM,48.715,2026-03-13T19:57:45Z
DEMZ,40.76,2026-03-13T19:20:51Z
DEO,77.4,2026-03-13T19:59:55Z
DERM,7.265,2026-03-13T19:59:01Z
DES,35.27,2026-03-13T17:45:27Z
DEVS,0.9,2026-03-13T19:59:34Z
DEW,65.925,2026-03-13T19:55:38Z
DEXC,64.66,2026-03-13T15:08:24Z
DFAC,39.07,2026-03-13T19:59:53Z
DFAE,33.88,2026-03-13T19:59:52Z
DFAI,38.745,2026-03-13T19:59:55Z
DFAR,24.415,2026-03-13T19:59:53Z
DFAS,70.17,2026-03-13T19:59:34Z
DFAT,61.05,2026-03-13T19:59:45Z
DFAU,45.68,2026-03-13T19:56:48Z
DFAW,74.77,2026-03-13T14:05:10Z
DFAX,33.785,2026-03-13T19:55:22Z
DFCA,50.29,2026-03-13T19:34:27Z
DFCF,42.29,2026-03-13T19:51:35Z
DFDV,4.27,2026-03-13T19:59:21Z
DFDVW,0.825,2026-03-13T16:39:41Z
DFEB,47.63,2026-03-13T19:58:22Z
DFEM,34.56,2026-03-13T19:59:57Z
DFEN,73.98,2026-03-13T19:58:55Z
DFEV,35.56,2026-03-13T19:52:43Z
DFGP,53.805,2026-03-13T19:54:51Z
DFGR,27.385,2026-03-13T19:59:20Z
DFGX,52.395,2026-03-13T19:54:11Z
DFH,15.46,2026-03-13T19:59:59Z
DFIC,35.26,2026-03-13T19:59:59Z
DFII,14.31,2026-03-13T14:16:55Z
DFIN,49.48,2026-03-13T19:58:40Z
DFIP,41.905,2026-03-13T19:59:45Z
DFIS,33.46,2026-03-13T19:58:32Z
DFIV,51.61,2026-03-13T19:59:44Z
DFJ,100.78,2026-03-13T14:48:17Z
DFLI,3,2026-03-13T19:59:46Z
DFLV,35.36,2026-03-13T19:58:36Z
DFNL,44.32,2026-03-13T19:35:16Z
DFNM,48.39,2026-03-13T19:59:51Z
DFNS,1.21,2026-03-13T19:56:36Z
DFP,20.85,2026-03-13T19:57:22Z
DFSB,51.58,2026-03-13T19:20:19Z
DFSD,47.94,2026-03-13T19:58:48Z
DFSI,42.445,2026-03-13T19:54:23Z
DFSU,41.62,2026-03-13T16:58:51Z
DFSV,34.04,2026-03-13T19:59:51Z
DFTX,18.06,2026-03-13T19:59:58Z
DFUS,71.975,2026-03-13T19:59:56Z
DFUV,48.07,2026-03-13T19:59:47Z
DG,131.84,2026-03-13T19:59:58Z
DGCB,53.9,2026-03-13T17:56:44Z
DGICA,17,2026-03-13T19:59:53Z
DGII,49,2026-03-13T19:58:00Z
DGNX,0.5774,2026-03-13T19:58:57Z
DGOC,31.08,2026-03-13T15:18:59Z
DGRE,32.83,2026-03-13T19:59:54Z
DGRO,70.58,2026-03-13T19:59:58Z
DGRS,52.32,2026-03-13T14:34:04Z
DGRW,89.175,2026-03-13T19:59:51Z
DGS,59.53,2026-03-13T19:58:10Z
DGT,170.14,2026-03-13T17:05:11Z
DGX,199.64,2026-03-13T19:59:48Z
DGXX,2.23,2026-03-13T19:59:53Z
DH,1.135,2026-03-13T19:59:44Z
DHC,7.23,2026-03-13T19:59:58Z
DHCNL,18.48,2026-03-13T19:59:46Z
DHF,2.355,2026-03-13T19:02:55Z
DHI,140.47,2026-03-13T19:59:54Z
DHIL,172.68,2026-03-13T19:59:46Z
DHLX,12.98,2026-03-13T15:32:54Z
DHR,187.46,2026-03-13T19:59:59Z
DHS,108.885,2026-03-13T14:12:22Z
DHT,16.86,2026-03-13T19:59:57Z
DHX,2.24,2026-03-13T19:58:07Z
DHY,1.87,2026-03-13T19:46:00Z
DIA,466.43,2026-03-13T19:59:58Z
DIAX,14.47,2026-03-13T19:54:21Z
DIBS,5.38,2026-03-13T19:59:56Z
DIG,58.77,2026-03-13T19:59:50Z
DIHP,32.345,2026-03-13T19:56:48Z
DIN,27.935,2026-03-13T19:58:15Z
DINO,55.705,2026-03-13T19:59:50Z
DIOD,63.97,2026-03-13T19:59:56Z
DIPS,49.95,2026-03-13T18:16:27Z
DIS,99.29,2026-03-13T19:59:58Z
DISV,38.76,2026-03-13T19:55:12Z
DIV,18.95,2026-03-13T19:59:50Z
DIVB,53.74,2026-03-13T19:56:03Z
DIVI,39.43,2026-03-13T19:59:46Z
DIVN,28.42,2026-03-13T17:03:24Z
DIVO,45.19,2026-03-13T19:58:59Z
DIVP,26.055,2026-03-13T17:33:15Z
DJAN,42.815,2026-03-13T18:39:19Z
DJCO,498.61,2026-03-13T19:38:18Z
DJIA,21.38,2026-03-13T19:59:45Z
DJP,47.63,2026-03-13T17:40:23Z
DJT,9.805,2026-03-13T19:59:50Z
DJTU,1.85,2026-03-13T19:49:58Z
DJTWW,4.85,2026-03-13T18:13:01Z
DJUN,47.11,2026-03-13T18:16:05Z
DK,41.71,2026-03-13T19:59:49Z
DKI,0.4001,2026-03-13T15:39:52Z
DKL,51.84,2026-03-13T17:28:33Z
DKNG,25.885,2026-03-13T19:59:59Z
DKS,192.15,2026-03-13T19:59:52Z
DLB,60.51,2026-03-13T19:59:54Z
DLFE,29.72,2026-03-13T19:00:00Z
DLN,89.79,2026-03-13T19:42:05Z
DLNG,4.01,2026-03-13T19:57:30Z
DLO,11.35,2026-03-13T19:59:54Z
DLR,179.61,2026-03-13T19:59:52Z
DLR-J,20.31,2026-03-13T19:43:21Z
DLR-K,22.84,2026-03-13T14:02:03Z
DLR-L,19.97,2026-03-13T14:39:20Z
DLTR,107.45,2026-03-13T19:59:56Z
DLX,26.605,2026-03-13T19:59:41Z
DLXY,0.8227,2026-03-13T19:57:33Z
DLY,14.04,2026-03-13T19:36:08Z
DMA,8.13,2026-03-13T19:50:02Z
DMAAR,0.0479,2026-03-13T16:03:47Z
DMAC,7.275,2026-03-13T19:59:49Z
DMAR,42.06,2026-03-13T18:34:39Z
DMAY,45.13,2026-03-13T15:19:21Z
DMB,10.89,2026-03-13T19:57:57Z
DMBS,49.475,2026-03-13T15:03:02Z
DMLP,26.87,2026-03-13T19:11:40Z
DMO,10.75,2026-03-13T18:04:26Z
DMRA,26.45,2026-03-13T19:59:54Z
DMRC,6.525,2026-03-13T19:59:59Z
DMXF,75.095,2026-03-13T19:49:17Z
DNA,6.83,2026-03-13T19:59:50Z
DNL,41.14,2026-03-13T15:11:16Z
DNLI,20.585,2026-03-13T19:59:50Z
DNN,3.825,2026-03-13T19:59:40Z
DNOV,48.19,2026-03-13T19:37:16Z
DNOW,11.4,2026-03-13T19:59:58Z
DNP,10.35,2026-03-13T19:25:15Z
DNTH,77.83,2026-03-13T19:59:46Z
DNUT,3.28,2026-03-13T19:59:58Z
DOC,16.98,2026-03-13T19:59:57Z
DOCN,68.57,2026-03-13T19:59:52Z
DOCS,24.365,2026-03-13T19:59:53Z
DOCT,43.72,2026-03-13T18:23:17Z
DOCU,47.035,2026-03-13T19:59:59Z
DOG,24.38,2026-03-13T19:52:57Z
DOJE,9.215,2026-03-13T16:55:10Z
DOL,67.65,2026-03-13T19:13:43Z
DOLE,14.35,2026-03-13T19:59:48Z
DOMH,3.095,2026-03-13T19:58:57Z
DOMO,4.705,2026-03-13T19:59:57Z
DON,52.26,2026-03-13T19:58:31Z
DOO,63.6,2026-03-13T19:58:30Z
DORM,102.86,2026-03-13T19:59:27Z
DOUG,1.7,2026-03-13T19:59:54Z
DOV,203.905,2026-03-13T19:59:53Z
DOW,36.61,2026-03-13T19:59:59Z
DOX,66.31,2026-03-13T19:59:44Z
DOYU,5.16,2026-03-13T19:09:08Z
DPG,14.3,2026-03-13T19:56:04Z
DPRO,6.35,2026-03-13T19:59:30Z
DPST,87.56,2026-03-13T19:59:54Z
DPZ,401.62,2026-03-13T19:59:53Z
DQ,23.08,2026-03-13T19:59:25Z
DRAY,19.57,2026-03-13T19:20:52Z
DRD,30.15,2026-03-13T19:59:46Z
DRDB,10.45,2026-03-13T19:07:05Z
DRGN,32.32,2026-03-13T16:58:51Z
DRH,9.27,2026-03-13T19:59:58Z
DRI,202.32,2026-03-13T19:59:46Z
DRIP,4.945,2026-03-13T19:59:49Z
DRKY,18.98,2026-03-13T14:38:59Z
DRLL,37.14,2026-03-13T16:28:44Z
DRMA,1.19,2026-03-13T19:59:15Z
DRN,9.495,2026-03-13T19:58:01Z
DRNZ,27.41,2026-03-13T16:05:32Z
DRS,45.31,2026-03-13T19:59:36Z
DRSK,27.58,2026-03-13T19:54:53Z
DRTS,7.145,2026-03-13T19:55:12Z
DRUG,71.23,2026-03-13T19:52:41Z
DRV,23.28,2026-03-13T19:59:50Z
DRVN,10.34,2026-03-13T19:59:58Z
DSEP,44.38,2026-03-13T16:04:24Z
DSGN,10.13,2026-03-13T19:58:45Z
DSGR,19.29,2026-03-13T19:58:25Z
DSGX,72.49,2026-03-13T19:59:52Z
DSI,124.13,2026-03-13T19:17:38Z
DSL,10.925,2026-03-13T19:49:36Z
DSM,5.99,2026-03-13T19:59:04Z
DSP,12.315,2026-03-13T19:59:39Z
DSPY,57.93,2026-03-13T14:57:20Z
DSS,0.94,2026-03-13T14:56:32Z
DSTL,58.7,2026-03-13T19:31:03Z
DSU,9.61,2026-03-13T19:59:55Z
DSX,2.28,2026-03-13T19:59:53Z
DSX-B,27,2026-03-13T14:49:44Z
DSY,3.21,2026-03-13T19:56:18Z
DT,38.38,2026-03-13T19:59:54Z
DTB,17.25,2026-03-13T19:54:01Z
DTCK,1.755,2026-03-13T18:41:53Z
DTCR,24.98,2026-03-13T19:59:55Z
DTCX,2.92,2026-03-13T19:58:38Z
DTD,86.98,2026-03-13T15:00:52Z
DTE,149.56,2026-03-13T19:59:50Z
DTG,16.99,2026-03-13T19:59:54Z
DTH,53.175,2026-03-13T17:50:02Z
DTI,3.52,2026-03-13T19:59:46Z
DTIL,5.67,2026-03-13T19:59:54Z
DTK,24.98,2026-03-13T19:02:30Z
DTM,137.6,2026-03-13T19:59:04Z
DTST,3.98,2026-03-13T16:15:57Z
DTW,21.77,2026-03-13T19:12:48Z
DUG,19.3,2026-03-13T19:53:02Z
DUHP,37.5,2026-03-13T19:59:53Z
DUK,133.16,2026-03-13T19:59:55Z
DULL,43.435,2026-03-13T15:09:41Z
DUOG,3.22,2026-03-13T19:59:50Z
DUOL,98.41,2026-03-13T19:59:48Z
DUOT,7.85,2026-03-13T19:59:51Z
DUSB,50.77,2026-03-13T19:59:59Z
DUST,52.645,2026-03-13T19:59:00Z
DV,10.2,2026-03-13T19:59:51Z
DVA,150.68,2026-03-13T19:59:54Z
DVLT,0.6715,2026-03-13T19:59:59Z
DVN,46.24,2026-03-13T19:59:58Z
DVOL,34.96,2026-03-13T16:58:52Z
DVS,3.88,2026-03-13T19:59:57Z
DVY,150.58,2026-03-13T19:59:58Z
DVYA,48.1,2026-03-13T19:56:22Z
DVYE,33.305,2026-03-13T19:56:29Z
DWLD,44.105,2026-03-13T19:39:55Z
DWM,69.38,2026-03-13T19:30:52Z
DWMF,33.51,2026-03-13T14:03:12Z
DWSH,6.51,2026-03-13T13:54:37Z
DWSN,4.41,2026-03-13T19:59:19Z
DWTX,3.12,2026-03-13T19:55:07Z
DWX,45.28,2026-03-13T16:25:55Z
DX,13.07,2026-03-13T19:59:58Z
DXC,11.83,2026-03-13T19:59:51Z
DXCM,64.225,2026-03-13T19:59:56Z
DXD,21.9,2026-03-13T19:59:55Z
DXF,0.9353,2026-03-13T19:28:40Z
DXIV,66.99,2026-03-13T19:31:39Z
DXJ,155.495,2026-03-13T19:52:19Z
DXLG,0.4804,2026-03-13T16:11:43Z
DXPE,130.62,2026-03-13T19:59:00Z
DXST,0.2302,2026-03-13T19:59:23Z
DXYZ,25.33,2026-03-13T19:57:30Z
DY,347.28,2026-03-13T19:59:55Z
DYAI,0.8,2026-03-13T17:29:22Z
DYLG,25.8,2026-03-13T18:04:02Z
DYN,17.92,2026-03-13T19:59:56Z
DYNF,59.21,2026-03-13T19:59:36Z
E,51.325,2026-03-13T19:59:51Z
EA,199.24,2026-03-13T19:59:53Z
EAD,6.535,2026-03-13T19:28:46Z
EAF,5.63,2026-03-13T19:59:43Z
EAGG,47.525,2026-03-13T19:59:58Z
EAGL,30.65,2026-03-13T19:24:15Z
EAI,20.42,2026-03-13T19:59:46Z
EARN,4.475,2026-03-13T19:56:23Z
EASG,35.53,2026-03-13T13:32:00Z
EASY,27.43,2026-03-13T19:59:36Z
EAT,143.88,2026-03-13T19:59:48Z
EBAY,91.34,2026-03-13T19:59:50Z
EBC,18.79,2026-03-13T19:59:58Z
EBF,21.19,2026-03-13T19:55:45Z
EBI,57.68,2026-03-13T17:23:05Z
EBIZ,27.26,2026-03-13T19:07:14Z
EBMT,20.76,2026-03-13T19:12:07Z
EBND,20.705,2026-03-13T19:54:15Z
EBS,8.06,2026-03-13T19:59:52Z
EC,13.85,2026-03-13T19:59:56Z
ECAT,13.9,2026-03-13T19:59:55Z
ECC,3.555,2026-03-13T19:59:51Z
ECC-D,18.13,2026-03-13T15:56:29Z
ECCV,23.76,2026-03-13T17:08:56Z
ECF,11.41,2026-03-13T18:02:32Z
ECG,112.85,2026-03-13T19:59:42Z
ECH,38.87,2026-03-13T19:59:56Z
ECL,274.09,2026-03-13T19:59:51Z
ECNS,33.78,2026-03-13T19:27:03Z
ECO,43.85,2026-03-13T19:59:48Z
ECON,28.76,2026-03-13T16:48:19Z
ECOR,6.135,2026-03-13T19:23:28Z
ECOW,26.07,2026-03-13T16:35:44Z
ECPG,66.545,2026-03-13T19:57:15Z
ECVT,11.49,2026-03-13T19:59:58Z
ECX,1.11,2026-03-13T19:59:53Z
ED,114.9,2026-03-13T19:59:48Z
EDBL,2.39,2026-03-13T19:55:36Z
EDC,57.47,2026-03-13T19:39:40Z
EDD,5.495,2026-03-13T19:59:00Z
EDF,5.16,2026-03-13T19:59:54Z
EDGF,24.765,2026-03-13T19:54:07Z
EDGH,34.88,2026-03-13T19:59:46Z
EDGQ,24.93,2026-03-13T15:12:30Z
EDGU,27.92,2026-03-13T19:48:52Z
EDHL,4.28,2026-03-13T19:59:57Z
EDIT,2.45,2026-03-13T19:59:55Z
EDIV,39.38,2026-03-13T19:55:48Z
EDN,26.39,2026-03-13T19:59:48Z
EDOW,41.4,2026-03-13T16:06:07Z
EDSA,5.87,2026-03-13T19:53:54Z
EDU,53.89,2026-03-13T19:59:23Z
EDUC,1.35,2026-03-13T17:42:20Z
EDV,64.785,2026-03-13T19:59:27Z
EDZ,30.97,2026-03-13T19:52:51Z
EE,33.615,2026-03-13T19:59:38Z
EEA,10.22,2026-03-13T19:51:44Z
EEFT,71.15,2026-03-13T19:59:31Z
EELV,27.785,2026-03-13T19:55:35Z
EEM,56.81,2026-03-13T19:59:59Z
EEMA,97.26,2026-03-13T19:21:09Z
EEMS,69.11,2026-03-13T14:57:04Z
EEMV,64.09,2026-03-13T19:52:40Z
EETH,26.05,2026-03-13T19:59:48Z
EEX,4.205,2026-03-13T18:06:44Z
EFA,96.31,2026-03-13T19:59:58Z
EFAA,52.625,2026-03-13T15:49:37Z
EFAS,20.51,2026-03-13T15:02:36Z
EFAV,89.905,2026-03-13T19:59:58Z
EFAX,49.75,2026-03-13T19:17:25Z
EFC,11.8,2026-03-13T19:59:56Z
EFG,112.48,2026-03-13T19:59:49Z
EFIV,64.39,2026-03-13T16:58:51Z
EFR,10.475,2026-03-13T18:54:59Z
EFRA,34.36,2026-03-13T17:28:17Z
EFSC,53.25,2026-03-13T19:59:05Z
EFT,10.735,2026-03-13T19:52:12Z
EFU,8.96,2026-03-13T19:08:14Z
EFV,72.73,2026-03-13T19:59:59Z
EFX,184.255,2026-03-13T19:59:55Z
EFXT,20.91,2026-03-13T19:57:55Z
EFZ,12.65,2026-03-13T19:50:10Z
EG,320.47,2026-03-13T19:59:47Z
EGAN,8.775,2026-03-13T19:56:21Z
EGBN,24.25,2026-03-13T19:59:50Z
EGGQ,42.9,2026-03-13T19:53:05Z
EGGY,32.45,2026-03-13T18:45:08Z
EGHT,2.09,2026-03-13T19:59:58Z
EGO,36.725,2026-03-13T19:59:21Z
EGP,187.87,2026-03-13T19:59:05Z
EGY,5.39,2026-03-13T19:59:59Z
EH,11.83,2026-03-13T19:59:52Z
EHAB,13.61,2026-03-13T19:59:55Z
EHC,100.33,2026-03-13T19:59:53Z
EHI,6.16,2026-03-13T19:08:37Z
EHTH,1.56,2026-03-13T19:59:54Z
EHY,11.51,2026-03-13T14:01:04Z
EIC,9.515,2026-03-13T19:50:00Z
EIDO,15.54,2026-03-13T19:59:30Z
EIG,39.24,2026-03-13T19:59:41Z
EIKN,11.365,2026-03-13T19:59:01Z
EIM,9.94,2026-03-13T19:59:50Z
EIPI,22.15,2026-03-13T15:40:37Z
EIS,118.485,2026-03-13T18:57:16Z
EIX,71.73,2026-03-13T19:59:50Z
EJAN,33.81,2026-03-13T19:57:32Z
EJH,0.1013,2026-03-13T19:58:52Z
EJUL,29.84,2026-03-13T15:52:16Z
EKSO,11.64,2026-03-13T19:22:00Z
EL,87.88,2026-03-13T19:59:55Z
ELA,12.005,2026-03-13T19:56:53Z
ELAB,4.59,2026-03-13T15:59:27Z
ELAN,22.96,2026-03-13T19:59:59Z
ELBM,0.6524,2026-03-13T19:59:03Z
ELC,20.21,2026-03-13T19:50:19Z
ELCV,28.66,2026-03-13T19:43:57Z
ELD,28.34,2026-03-13T16:50:17Z
ELDN,2.7,2026-03-13T19:59:53Z
ELE,22.34,2026-03-13T19:57:08Z
ELF,73.42,2026-03-13T19:59:56Z
ELIL,23.185,2026-03-13T13:39:44Z
ELM,27.32,2026-03-13T19:16:42Z
ELMD,23.45,2026-03-13T19:59:10Z
ELME,2.065,2026-03-13T19:59:34Z
ELPC,10.65,2026-03-13T19:59:43Z
ELPW,5.06,2026-03-13T19:59:48Z
ELS,67.9,2026-03-13T19:59:54Z
ELTX,12.2,2026-03-13T19:53:32Z
ELUT,1.08,2026-03-13T19:59:54Z
ELV,291.69,2026-03-13T19:59:52Z
ELVA,7.95,2026-03-13T19:54:53Z
ELVN,27.78,2026-03-13T19:59:55Z
ELVR,52.05,2026-03-13T17:24:22Z
ELWT,7.11,2026-03-13T19:12:53Z
EMA,53.45,2026-03-13T19:59:54Z
EMAT,7.73,2026-03-13T19:47:09Z
EMB,94.4,2026-03-13T19:59:53Z
EMBC,8.8,2026-03-13T19:59:58Z
EMBD,23.55,2026-03-13T19:31:53Z
EMBJ,55.77,2026-03-13T19:59:43Z
EMBX,50.305,2026-03-13T19:05:41Z
EMC,31.9,2026-03-13T13:47:08Z
EMCB,66.88,2026-03-13T19:49:57Z
EMCR,38.01,2026-03-13T19:16:15Z
EMD,10.375,2026-03-13T18:04:27Z
EME,710.66,2026-03-13T19:59:27Z
EMEQ,45.27,2026-03-13T19:56:36Z
EMET,40.94,2026-03-13T14:36:31Z
EMF,18.08,2026-03-13T19:19:37Z
EMGF,60.63,2026-03-13T18:49:25Z
EMHC,24.95,2026-03-13T19:57:16Z
EMHY,39.575,2026-03-13T19:54:50Z
EMKT,25.98,2026-03-13T18:19:13Z
EML,20.775,2026-03-13T19:56:51Z
EMLC,25.115,2026-03-13T19:59:49Z
EMLP,43.83,2026-03-13T19:59:50Z
EMMF,32.965,2026-03-13T19:52:20Z
EMN,69.185,2026-03-13T19:59:46Z
EMO,51.805,2026-03-13T14:05:05Z
EMP,20.51,2026-03-13T19:19:10Z
EMPD,4.39,2026-03-13T19:59:41Z
EMQQ,33.81,2026-03-13T19:57:36Z
EMR,132.23,2026-03-13T19:59:49Z
EMXC,77.945,2026-03-13T19:59:53Z
EMXF,48,2026-03-13T16:05:27Z
ENB,54.1,2026-03-13T19:59:59Z
ENFR,37.37,2026-03-13T19:56:04Z
ENGN,7.1,2026-03-13T19:59:53Z
ENGS,0.88,2026-03-13T18:26:28Z
ENIC,3.97,2026-03-13T19:59:59Z
ENLT,70.19,2026-03-13T19:51:30Z
ENLV,1.04,2026-03-13T19:50:12Z
ENOR,34.585,2026-03-13T16:54:54Z
ENOV,22.98,2026-03-13T19:59:54Z
ENPH,44.075,2026-03-13T19:59:55Z
ENR,17.02,2026-03-13T19:59:59Z
ENS,160.72,2026-03-13T19:58:54Z
ENSC,0.4137,2026-03-13T19:55:16Z
ENSG,209.68,2026-03-13T19:59:13Z
ENTA,12.69,2026-03-13T19:59:56Z
ENTG,108.305,2026-03-13T19:59:59Z
ENTX,1.27,2026-03-13T19:59:07Z
ENVA,134.155,2026-03-13T19:59:54Z
ENVX,4.93,2026-03-13T19:59:59Z
EOD,5.9,2026-03-13T16:35:04Z
EOG,133.6,2026-03-13T19:59:54Z
EOI,19.65,2026-03-13T19:47:11Z
EOLS,5.02,2026-03-13T19:59:58Z
EONR,1.53,2026-03-13T19:59:58Z
EOS,21.27,2026-03-13T18:44:33Z
EOSE,5.72,2026-03-13T19:59:59Z
EOSU,1.33,2026-03-13T18:59:31Z
EOT,17.74,2026-03-13T19:40:26Z
EP,3.09,2026-03-13T19:57:16Z
EPAC,35.89,2026-03-13T19:59:52Z
EPAM,137.165,2026-03-13T19:59:49Z
EPC,19.76,2026-03-13T19:59:51Z
EPD,37.01,2026-03-13T19:59:49Z
EPHE,24.91,2026-03-13T19:38:14Z
EPI,41.825,2026-03-13T19:59:54Z
EPM,4.69,2026-03-13T19:59:52Z
EPOL,34.47,2026-03-13T19:45:44Z
EPOW,0.6821,2026-03-13T19:56:29Z
EPP,52.995,2026-03-13T19:59:54Z
EPR,56.02,2026-03-13T19:59:55Z
EPRT,32.95,2026-03-13T19:59:58Z
EPRX,7.35,2026-03-13T19:58:46Z
EPS,68.95,2026-03-13T19:57:53Z
EPSM,1.61,2026-03-13T19:25:50Z
EPSN,5.615,2026-03-13T19:58:18Z
EPU,80.55,2026-03-13T18:58:35Z
EPV,22.69,2026-03-13T19:17:55Z
EQ,2.47,2026-03-13T19:59:55Z
EQAL,54.92,2026-03-13T19:50:01Z
EQBK,43.58,2026-03-13T19:45:08Z
EQH,37.2,2026-03-13T19:59:49Z
EQH-A,19.84,2026-03-13T19:57:45Z
EQH-C,15.96,2026-03-13T18:11:02Z
EQIN,49.31,2026-03-13T14:38:42Z
EQIX,969.33,2026-03-13T19:59:15Z
EQL,48.005,2026-03-13T19:59:42Z
EQNR,35.25,2026-03-13T19:59:58Z
EQPT,25.515,2026-03-13T19:59:48Z
EQR,59.99,2026-03-13T19:59:52Z
EQT,64.39,2026-03-13T19:59:58Z
EQWL,117.55,2026-03-13T19:17:37Z
EQX,14.56,2026-03-13T19:59:58Z
ERAS,13.585,2026-03-13T19:59:57Z
ERC,8.91,2026-03-13T19:49:51Z
ERH,12.26,2026-03-13T19:05:26Z
ERIC,11.435,2026-03-13T19:59:55Z
ERIE,246.91,2026-03-13T19:59:52Z
ERII,10.07,2026-03-13T19:59:58Z
ERNA,0.333,2026-03-13T19:59:40Z
ERNAW,0.0213,2026-03-13T19:53:23Z
ERNZ,21.31,2026-03-13T18:45:34Z
ERO,26.125,2026-03-13T19:59:21Z
ERX,91.23,2026-03-13T19:58:06Z
ERY,11.82,2026-03-13T19:59:55Z
ES,73.08,2026-03-13T19:59:58Z
ESAB,97.9,2026-03-13T19:59:55Z
ESCA,17.2,2026-03-13T15:45:09Z
ESE,263.85,2026-03-13T19:14:59Z
ESEA,62.86,2026-03-13T15:46:14Z
ESGD,94.94,2026-03-13T19:54:21Z
ESGE,45.39,2026-03-13T19:59:50Z
ESGU,143.75,2026-03-13T19:59:50Z
ESGV,114.51,2026-03-13T19:59:44Z
ESI,31,2026-03-13T19:59:54Z
ESIM,25.24,2026-03-13T16:38:04Z
ESLA,1.325,2026-03-13T19:07:43Z
ESLT,871.405,2026-03-13T19:56:23Z
ESML,46.7,2026-03-13T19:19:42Z
ESN,17.86,2026-03-13T19:25:00Z
ESNT,58.115,2026-03-13T19:59:48Z
ESOA,12.555,2026-03-13T19:56:02Z
ESPR,2.435,2026-03-13T19:59:45Z
ESQ,109.86,2026-03-13T19:59:27Z
ESRT,5.175,2026-03-13T19:59:54Z
ESS,249.9,2026-03-13T19:59:52Z
ESTA,63.29,2026-03-13T19:59:41Z
ESTC,51.48,2026-03-13T19:59:54Z
ESUM,26.505,2026-03-13T19:56:21Z
ET,18.75,2026-03-13T19:59:56Z
ET-I,12.005,2026-03-13T18:13:50Z
ETB,14.86,2026-03-13T18:26:54Z
ETCO,11.79,2026-03-13T19:37:46Z
ETD,22.16,2026-03-13T19:59:48Z
ETG,21.035,2026-03-13T19:53:20Z
ETH,19.92,2026-03-13T19:59:57Z
ETHA,15.89,2026-03-13T19:59:59Z
ETHB,27.055,2026-03-13T19:59:11Z
ETHD,66.96,2026-03-13T19:59:47Z
ETHE,17.115,2026-03-13T19:59:46Z
ETHM,10.445,2026-03-13T19:38:52Z
ETHT,15.52,2026-03-13T19:59:51Z
ETHU,23.13,2026-03-13T19:59:48Z
ETHV,30.74,2026-03-13T19:33:57Z
ETHW,15.045,2026-03-13T19:59:55Z
ETJ,8.41,2026-03-13T19:51:58Z
ETN,355.375,2026-03-13T19:59:56Z
ETO,27.83,2026-03-13T16:49:16Z
ETON,18.93,2026-03-13T19:59:46Z
ETOR,30.12,2026-03-13T19:59:59Z
ETQ,55.43,2026-03-13T14:56:04Z
ETR,105.55,2026-03-13T19:59:51Z
ETRL,8.32,2026-03-13T14:23:31Z
ETSY,52,2026-03-13T19:59:46Z
ETV,14.135,2026-03-13T19:53:23Z
ETW,8.945,2026-03-13T19:59:47Z
ETX,18.94,2026-03-13T18:19:52Z
ETY,14.28,2026-03-13T19:58:58Z
EU,2.06,2026-03-13T19:59:59Z
EUAD,43.01,2026-03-13T19:59:51Z
EUDA,0.51,2026-03-13T18:38:04Z
EUFN,33.68,2026-03-13T19:59:55Z
EUM,19.36,2026-03-13T19:59:51Z
EUO,30.23,2026-03-13T19:59:51Z
EURK,11.26,2026-03-13T16:35:11Z
EURL,37.78,2026-03-13T19:54:38Z
EUSA,102.82,2026-03-13T16:26:15Z
EUSB,43.515,2026-03-13T15:47:00Z
EVAX,4.16,2026-03-13T18:04:36Z
EVC,3,2026-03-13T19:59:58Z
EVCM,9.96,2026-03-13T19:54:50Z
EVER,16.5,2026-03-13T19:59:52Z
EVEX,2.76,2026-03-13T19:59:54Z
EVF,4.96,2026-03-13T19:12:22Z
EVGN,0.806,2026-03-13T17:26:05Z
EVGO,2.085,2026-03-13T19:59:50Z
EVH,2.985,2026-03-13T19:59:47Z
EVIM,53.15,2026-03-13T16:27:00Z
EVLN,48.375,2026-03-13T19:58:02Z
EVLV,5.105,2026-03-13T19:59:55Z
EVMN,21.67,2026-03-13T19:53:46Z
EVMO,50.57,2026-03-13T18:27:40Z
EVN,10.84,2026-03-13T19:29:04Z
EVO,2.31,2026-03-13T19:59:18Z
EVR,268.27,2026-03-13T19:59:56Z
EVRG,82.66,2026-03-13T19:59:27Z
EVSD,51.105,2026-03-13T19:59:04Z
EVSM,50.54,2026-03-13T19:52:18Z
EVT,24.99,2026-03-13T19:03:03Z
EVTC,29.29,2026-03-13T19:59:36Z
EVTL,3.74,2026-03-13T19:59:49Z
EVTR,50.98,2026-03-13T19:59:55Z
EVTV,1.3,2026-03-13T19:59:59Z
EVUS,32.25,2026-03-13T18:20:56Z
EVV,9.375,2026-03-13T19:57:50Z
EW,81.795,2026-03-13T19:59:58Z
EWA,27.98,2026-03-13T19:59:54Z
EWBC,104.44,2026-03-13T19:59:51Z
EWC,55.015,2026-03-13T19:59:53Z
EWCZ,5.76,2026-03-13T19:59:51Z
EWD,49.265,2026-03-13T19:55:11Z
EWG,39.835,2026-03-13T19:59:55Z
EWH,22.745,2026-03-13T19:58:50Z
EWI,52.08,2026-03-13T19:59:44Z
EWJ,83.355,2026-03-13T19:59:59Z
EWJV,41.205,2026-03-13T19:52:16Z
EWK,24.22,2026-03-13T19:56:19Z
EWL,58.73,2026-03-13T19:59:55Z
EWM,28.63,2026-03-13T19:59:52Z
EWN,58.5,2026-03-13T19:50:04Z
EWO,33.905,2026-03-13T19:58:01Z
EWP,52.445,2026-03-13T19:59:00Z
EWQ,42.83,2026-03-13T19:59:58Z
EWS,27.115,2026-03-13T19:59:40Z
EWT,69.98,2026-03-13T19:59:57Z
EWTX,29.63,2026-03-13T19:59:50Z
EWU,45.33,2026-03-13T19:59:55Z
EWUS,40.085,2026-03-13T17:03:23Z
EWV,23.43,2026-03-13T17:24:02Z
EWW,71.51,2026-03-13T19:59:50Z
EWX,65.87,2026-03-13T18:07:17Z
EWY,124.19,2026-03-13T19:59:59Z
EWZ,35.47,2026-03-13T19:59:59Z
EWZS,13.53,2026-03-13T19:58:31Z
EXAS,103.58,2026-03-13T19:59:59Z
EXC,49.83,2026-03-13T19:59:59Z
EXE,106.965,2026-03-13T19:59:55Z
EXEL,41.215,2026-03-13T19:59:43Z
EXFY,0.8089,2026-03-13T19:59:18Z
EXG,8.985,2026-03-13T19:49:02Z
EXI,183.4,2026-03-13T19:58:32Z
EXK,9.97,2026-03-13T19:59:49Z
EXLS,29.63,2026-03-13T19:59:57Z
EXOD,9.11,2026-03-13T19:57:54Z
EXP,186.5,2026-03-13T19:59:00Z
EXPD,142.515,2026-03-13T19:59:42Z
EXPE,228.44,2026-03-13T19:59:53Z
EXPI,5.73,2026-03-13T19:59:55Z
EXPO,67.3,2026-03-13T19:59:46Z
EXR,141.39,2026-03-13T19:59:54Z
EXTR,14.49,2026-03-13T19:59:58Z
EYE,26.28,2026-03-13T19:59:51Z
EYLD,41.19,2026-03-13T16:27:22Z
EYPT,13.2,2026-03-13T19:59:56Z
EZA,66.56,2026-03-13T19:59:32Z
EZBC,41.17,2026-03-13T19:59:48Z
EZET,15.95,2026-03-13T19:52:50Z
EZM,66.37,2026-03-13T17:01:29Z
EZMO,26.61,2026-03-13T17:15:43Z
EZPW,25.9,2026-03-13T19:59:54Z
EZRA,0.1942,2026-03-13T19:59:47Z
EZU,62.15,2026-03-13T19:59:51Z
F,11.68,2026-03-13T19:59:58Z
F-B,21.43,2026-03-13T18:43:34Z
F-C,20.69,2026-03-13T17:20:31Z
F-D,22.49,2026-03-13T19:59:59Z
FA,10.865,2026-03-13T19:59:50Z
FAAR,33.53,2026-03-13T18:51:52Z
FACT,10.49,2026-03-13T13:37:12Z
FAD,159.355,2026-03-13T14:46:37Z
FAF,65.64,2026-03-13T19:59:51Z
FAI,38.83,2026-03-13T18:43:34Z
FALN,26.665,2026-03-13T19:58:00Z
FAN,23.6,2026-03-13T16:52:56Z
FANG,182.39,2026-03-13T19:59:56Z
FARM,1.22,2026-03-13T19:59:04Z
FARX,28.43,2026-03-13T17:04:06Z
FAS,114.78,2026-03-13T19:58:57Z
FAST,45.465,2026-03-13T19:59:59Z
FATE,1.17,2026-03-13T19:59:58Z
FATN,1.915,2026-03-13T14:29:55Z
FAUG,52.25,2026-03-13T17:08:50Z
FAX,15.3,2026-03-13T19:52:57Z
FAZ,53.615,2026-03-13T19:59:43Z
FBCG,51.17,2026-03-13T19:56:09Z
FBCV,36.23,2026-03-13T19:23:11Z
FBGL,0.7179,2026-03-13T19:57:56Z
FBIN,43.17,2026-03-13T19:59:56Z
FBIO,3.09,2026-03-13T19:57:24Z
FBIOP,12.86,2026-03-13T19:47:48Z
FBIZ,51.8,2026-03-13T19:53:44Z
FBK,51.11,2026-03-13T19:53:50Z
FBL,26.93,2026-03-13T19:58:49Z
FBLA,12.915,2026-03-13T19:25:59Z
FBLG,0.3135,2026-03-13T19:58:18Z
FBNC,53.14,2026-03-13T19:59:39Z
FBND,45.735,2026-03-13T19:59:58Z
FBOT,34.105,2026-03-13T19:56:39Z
FBP,20.55,2026-03-13T19:59:57Z
FBRT,8.9,2026-03-13T19:59:53Z
FBRT-E,20.72,2026-03-13T19:46:49Z
FBRX,26.91,2026-03-13T17:57:18Z
FBT,192.26,2026-03-13T15:58:37Z
FBTC,61.97,2026-03-13T19:59:43Z
FBUF,30.69,2026-03-13T14:13:57Z
FBY,11.01,2026-03-13T17:58:48Z
FBYD,7.05,2026-03-13T15:23:45Z
FC,11.525,2026-03-13T19:49:54Z
FCAL,49.26,2026-03-13T14:28:51Z
FCBC,39.98,2026-03-13T19:57:30Z
FCCO,28.025,2026-03-13T19:36:21Z
FCEF,22.62,2026-03-13T19:53:34Z
FCEL,6.62,2026-03-13T19:59:54Z
FCF,16.83,2026-03-13T19:59:49Z
FCFS,193.135,2026-03-13T19:59:52Z
FCG,29.7,2026-03-13T19:59:57Z
FCHL,0.2198,2026-03-13T16:31:39Z
FCN,162.485,2026-03-13T19:59:33Z
FCNCA,1768.215,2026-03-13T19:59:43Z
FCNCN,24.765,2026-03-13T19:29:16Z
FCNCO,22.33,2026-03-13T17:24:49Z
FCNCP,21.26,2026-03-13T19:40:49Z
FCO,3.1,2026-03-13T19:58:12Z
FCOM,70.19,2026-03-13T19:55:16Z
FCOR,47.08,2026-03-13T19:46:47Z
FCPI,49.41,2026-03-13T15:58:25Z
FCPT,25.63,2026-03-13T19:59:59Z
FCRS,10.035,2026-03-13T18:02:26Z
FCT,9.72,2026-03-13T18:47:38Z
FCTE,25.42,2026-03-13T19:59:45Z
FCVT,44.405,2026-03-13T19:59:45Z
FCX,56.35,2026-03-13T19:59:59Z
FDAT,22.15,2026-03-13T18:25:43Z
FDD,17.37,2026-03-13T17:40:41Z
FDEC,50.28,2026-03-13T18:47:29Z
FDEM,31.72,2026-03-13T19:39:31Z
FDEV,35.85,2026-03-13T13:30:02Z
FDHY,48.53,2026-03-13T16:16:48Z
FDIQ,70.205,2026-03-13T19:54:14Z
FDIS,94.56,2026-03-13T19:59:40Z
FDL,49.935,2026-03-13T19:59:49Z
FDLO,66.01,2026-03-13T17:50:48Z
FDLS,37.11,2026-03-13T13:49:41Z
FDMO,80.81,2026-03-13T19:51:25Z
FDMT,8.34,2026-03-13T19:59:55Z
FDN,240.12,2026-03-13T19:59:28Z
FDNI,28.85,2026-03-13T16:00:00Z
FDP,41.39,2026-03-13T19:59:46Z
FDRR,60.16,2026-03-13T14:24:59Z
FDS,205.67,2026-03-13T19:59:49Z
FDT,86.9,2026-03-13T19:59:55Z
FDTX,38.1,2026-03-13T19:58:30Z
FDUS,17.69,2026-03-13T19:59:53Z
FDV,30.79,2026-03-13T19:58:29Z
FDVV,56.145,2026-03-13T19:59:41Z
FDX,352.18,2026-03-13T19:59:40Z
FE,51.15,2026-03-13T19:59:54Z
FEAC,28.21,2026-03-13T16:17:58Z
FEAM,1.79,2026-03-13T19:59:45Z
FEAT,18.75,2026-03-13T16:13:44Z
FEBM,30.44,2026-03-13T16:51:35Z
FEBO,1.2,2026-03-13T15:05:41Z
FEBP,31.73,2026-03-13T14:25:16Z
FEBT,37.83,2026-03-13T19:06:40Z
FEBU,27.22,2026-03-13T15:53:08Z
FEED,1.85,2026-03-13T13:45:59Z
FEGE,47.3,2026-03-13T19:52:57Z
FEIM,47.32,2026-03-13T19:05:40Z
FELC,36.945,2026-03-13T19:59:49Z
FELE,90.88,2026-03-13T19:57:01Z
FELG,38.48,2026-03-13T19:59:51Z
FELV,35.065,2026-03-13T19:54:17Z
FEMB,29.145,2026-03-13T19:59:16Z
FEMR,34.89,2026-03-13T13:30:12Z
FEMS,44.88,2026-03-13T19:15:46Z
FEMY,0.5701,2026-03-13T19:56:44Z
FENC,7.53,2026-03-13T19:59:03Z
FENI,37.22,2026-03-13T19:59:55Z
FENY,32,2026-03-13T19:59:42Z
FEOE,50.575,2026-03-13T19:58:39Z
FEPI,42.53,2026-03-13T13:54:05Z
FER,63.215,2026-03-13T19:59:52Z
FERG,222.17,2026-03-13T19:59:49Z
FESM,37.52,2026-03-13T19:59:41Z
FET,54.35,2026-03-13T19:59:19Z
FETH,20.97,2026-03-13T19:59:40Z
FEZ,61.89,2026-03-13T19:59:57Z
FF,4.23,2026-03-13T19:59:08Z
FFA,21.39,2026-03-13T13:56:14Z
FFAI,0.3537,2026-03-13T19:59:55Z
FFBC,26.915,2026-03-13T19:59:47Z
FFC,15.85,2026-03-13T19:39:36Z
FFEB,56.56,2026-03-13T15:07:58Z
FFF,21.29,2026-03-13T19:13:24Z
FFIC,14.955,2026-03-13T19:59:43Z
FFIN,29.56,2026-03-13T19:59:57Z
FFIU,21.99,2026-03-13T14:51:03Z
FFIV,289.19,2026-03-13T19:59:48Z
FFLC,51.865,2026-03-13T19:58:07Z
FFND,29.195,2026-03-13T19:59:46Z
FFOG,42.3,2026-03-13T18:52:40Z
FFSM,31.57,2026-03-13T19:54:00Z
FFTY,35.565,2026-03-13T19:59:46Z
FFWM,5.58,2026-03-13T19:59:58Z
FG,20.92,2026-03-13T19:59:57Z
FGD,31.16,2026-03-13T19:53:23Z
FGDL,67.03,2026-03-13T18:24:10Z
FGMCR,0.5,2026-03-13T19:38:02Z
FGN,23.89,2026-03-13T18:55:51Z
FGNX,6.85,2026-03-13T19:50:01Z
FGNXP,24.55,2026-03-13T19:19:08Z
FGRU,18.91,2026-03-13T13:40:53Z
FGSN,19.92,2026-03-13T19:54:01Z
FHB,23.95,2026-03-13T19:59:58Z
FHDG,34.15,2026-03-13T14:27:14Z
FHEQ,30,2026-03-13T16:46:56Z
FHI,56.98,2026-03-13T19:59:51Z
FHLC,71.43,2026-03-13T19:59:24Z
FHN,21.74,2026-03-13T19:59:59Z
FHTX,4.875,2026-03-13T19:59:10Z
FHYS,22.98,2026-03-13T15:29:45Z
FIAT,25.15,2026-03-13T18:56:38Z
FIBK,33.115,2026-03-13T19:59:47Z
FICO,1130.86,2026-03-13T19:59:41Z
FICS,39.38,2026-03-13T16:55:03Z
FID,20.91,2026-03-13T14:39:59Z
FIDI,27.03,2026-03-13T19:59:50Z
FIDU,88.15,2026-03-13T18:53:14Z
FIEE,6.89,2026-03-13T15:18:16Z
FIG,26.04,2026-03-13T19:59:58Z
FIGB,43.13,2026-03-13T19:59:50Z
FIGG,1.875,2026-03-13T19:58:17Z
FIGR,35.09,2026-03-13T19:59:59Z
FIGS,14.88,2026-03-13T19:59:52Z
FIHL,18.69,2026-03-13T19:59:40Z
FIIG,20.73,2026-03-13T19:34:03Z
FINS,12.71,2026-03-13T19:44:24Z
FINT,32.63,2026-03-13T19:22:33Z
FINV,5.24,2026-03-13T19:59:56Z
FINX,24.1,2026-03-13T19:45:05Z
FIP,5.25,2026-03-13T19:59:58Z
FIS,49.67,2026-03-13T19:59:49Z
FISI,30.22,2026-03-13T19:57:37Z
FISR,25.64,2026-03-13T19:59:50Z
FISV,56.745,2026-03-13T19:59:57Z
FITB,43.395,2026-03-13T19:59:59Z
FITBI,25.57,2026-03-13T19:53:39Z
FITBM,26,2026-03-13T19:59:15Z
FITBO,19.44,2026-03-13T18:00:18Z
FIVA,34.695,2026-03-13T19:59:52Z
FIVE,210.48,2026-03-13T19:59:56Z
FIVN,15.755,2026-03-13T19:59:57Z
FIVY,23.83,2026-03-13T19:42:42Z
FIW,104.27,2026-03-13T18:56:17Z
FIX,1366.74,2026-03-13T19:58:30Z
FIXD,43.79,2026-03-13T19:56:01Z
FIZZ,35.76,2026-03-13T19:59:53Z
FJET,7.11,2026-03-13T19:59:45Z
FJP,71.77,2026-03-13T18:39:13Z
FKU,51.09,2026-03-13T14:47:50Z
FLBL,22.93,2026-03-13T19:54:41Z
FLBR,21.945,2026-03-13T19:58:07Z
FLC,17.21,2026-03-13T18:02:04Z
FLCA,49.08,2026-03-13T19:59:50Z
FLCB,21.475,2026-03-13T19:54:57Z
FLCG,30.52,2026-03-13T19:59:50Z
FLCH,23.13,2026-03-13T19:31:03Z
FLCO,21.3,2026-03-13T17:54:03Z
FLD,1.19,2026-03-13T19:53:35Z
FLDR,50.15,2026-03-13T19:59:50Z
FLEE,36.06,2026-03-13T18:02:45Z
FLEU,32.03,2026-03-13T19:48:27Z
FLEX,63.45,2026-03-13T19:59:56Z
FLG,12.21,2026-03-13T19:59:59Z
FLG-A,21.65,2026-03-13T19:58:51Z
FLG-U,39.59,2026-03-13T19:48:49Z
FLGB,34.545,2026-03-13T19:59:10Z
FLGT,14.78,2026-03-13T19:59:57Z
FLHY,24.05,2026-03-13T19:59:29Z
FLIN,34.22,2026-03-13T19:59:11Z
FLJH,39.99,2026-03-13T17:22:18Z
FLJP,35.655,2026-03-13T19:55:20Z
FLKR,40.245,2026-03-13T19:59:57Z
FLL,2.625,2026-03-13T19:59:49Z
FLLA,26.53,2026-03-13T19:04:52Z
FLMI,25.005,2026-03-13T19:59:55Z
FLMX,35.22,2026-03-13T17:55:30Z
FLN,24.4,2026-03-13T18:58:20Z
FLNA,2,2026-03-13T19:59:54Z
FLNC,16.38,2026-03-13T19:59:51Z
FLNG,28.595,2026-03-13T19:59:44Z
FLNT,2.93,2026-03-13T19:53:41Z
FLO,8.8,2026-03-13T19:59:59Z
FLOC,22.79,2026-03-13T19:59:31Z
FLOT,50.785,2026-03-13T19:59:48Z
FLQL,68.65,2026-03-13T16:58:51Z
FLQM,55.15,2026-03-13T18:41:15Z
FLQS,42.62,2026-03-13T15:06:54Z
FLR,43.01,2026-03-13T19:59:54Z
FLRG,37.25,2026-03-13T19:56:58Z
FLRN,30.69,2026-03-13T19:59:17Z
FLRT,46.3,2026-03-13T18:45:30Z
FLS,74.245,2026-03-13T19:59:50Z
FLSP,27.145,2026-03-13T19:54:59Z
FLTB,50.385,2026-03-13T19:59:59Z
FLTR,25.44,2026-03-13T19:59:59Z
FLTW,67.71,2026-03-13T19:56:04Z
FLUT,108.29,2026-03-13T19:59:45Z
FLUX,1.39,2026-03-13T19:59:46Z
FLV,77.16,2026-03-13T14:53:00Z
FLWS,3.275,2026-03-13T19:59:55Z
FLX,2.29,2026-03-13T19:53:58Z
FLXR,39.205,2026-03-13T19:56:26Z
FLY,23.475,2026-03-13T19:59:53Z
FLYT,11.64,2026-03-13T14:21:21Z
FLYW,12.44,2026-03-13T19:59:59Z
FLYX,2.37,2026-03-13T19:59:55Z
FMAG,32.44,2026-03-13T16:58:51Z
FMAO,24.68,2026-03-13T19:25:10Z
FMAR,47.9,2026-03-13T19:58:17Z
FMAT,56.9,2026-03-13T19:59:50Z
FMB,51.29,2026-03-13T19:27:32Z
FMBH,39.35,2026-03-13T19:55:04Z
FMC,14.05,2026-03-13T19:59:59Z
FMDE,35.76,2026-03-13T19:59:39Z
FMED,24.03,2026-03-13T19:58:26Z
FMF,50.82,2026-03-13T19:53:28Z
FMFC,0.4622,2026-03-13T19:59:15Z
FMHI,48.05,2026-03-13T18:06:24Z
FMN,11.07,2026-03-13T16:47:55Z
FMNB,12.46,2026-03-13T19:58:08Z
FMQQ,11.34,2026-03-13T16:04:13Z
FMS,22.78,2026-03-13T19:59:54Z
FMST,2.095,2026-03-13T19:36:16Z
FMTL,32.92,2026-03-13T19:50:04Z
FMTM,33.96,2026-03-13T18:49:17Z
FMUB,51.115,2026-03-13T17:36:47Z
FMUN,50.42,2026-03-13T19:50:21Z
FMX,106.32,2026-03-13T19:59:42Z
FMY,11.4,2026-03-13T19:59:26Z
FN,501.88,2026-03-13T19:59:34Z
FNB,15.85,2026-03-13T19:59:58Z
FNCL,69.4,2026-03-13T19:59:48Z
FND,57.015,2026-03-13T19:59:31Z
FNDA,32.005,2026-03-13T19:54:48Z
FNDB,27.175,2026-03-13T19:59:46Z
FNDC,45.69,2026-03-13T19:31:36Z
FNDE,37.605,2026-03-13T19:59:00Z
FNDF,47.965,2026-03-13T19:59:55Z
FNDX,27.865,2026-03-13T19:57:51Z
FNF,47.58,2026-03-13T19:59:58Z
FNGD,64.88,2026-03-13T19:59:33Z
FNGR,1.41,2026-03-13T19:59:47Z
FNGS,62.845,2026-03-13T19:53:23Z
FNGU,18.78,2026-03-13T19:59:52Z
FNK,56.45,2026-03-13T17:03:24Z
FNKO,4.13,2026-03-13T19:59:53Z
FNLC,27.7,2026-03-13T14:31:45Z
FNOV,53.94,2026-03-13T18:43:33Z
FNV,251.45,2026-03-13T19:59:42Z
FNWB,8.86,2026-03-13T19:57:41Z
FNWD,37.1,2026-03-13T13:48:16Z
FNX,126.8,2026-03-13T19:29:54Z
FOA,16.23,2026-03-13T19:53:40Z
FOF,13.43,2026-03-13T19:57:51Z
FOFO,4.75,2026-03-13T14:00:39Z
FOLD,14.375,2026-03-13T19:59:38Z
FOR,25.29,2026-03-13T19:58:52Z
FORM,89.9,2026-03-13T19:59:55Z
FORR,5.995,2026-03-13T19:59:41Z
FOSL,4.74,2026-03-13T19:59:55Z
FOUR,43.33,2026-03-13T19:59:54Z
FOX,52.03,2026-03-13T19:59:58Z
FOXA,57.385,2026-03-13T19:59:52Z
FOXF,15.49,2026-03-13T19:59:50Z
FOXY,30.09,2026-03-13T17:42:21Z
FPE,17.98,2026-03-13T19:59:59Z
FPEI,19.175,2026-03-13T19:59:45Z
FPF,18.15,2026-03-13T19:48:45Z
FPFD,21.78,2026-03-13T17:50:15Z
FPH,5.11,2026-03-13T19:59:48Z
FPI,11.6,2026-03-13T19:59:59Z
FPS,31.01,2026-03-13T19:59:49Z
FPWR,37.72,2026-03-13T19:52:04Z
FPX,160.295,2026-03-13T19:12:36Z
FQAL,73.92,2026-03-13T19:59:31Z
FR,60.115,2026-03-13T19:59:58Z
FRA,10.66,2026-03-13T19:59:58Z
FRBA,15.045,2026-03-13T19:59:05Z
FRD,17,2026-03-13T19:59:43Z
FRDM,54.535,2026-03-13T19:57:57Z
FREL,27.95,2026-03-13T19:59:55Z
FRGT,1.125,2026-03-13T19:59:15Z
FRHC,132.54,2026-03-13T19:59:02Z
FRI,29.19,2026-03-13T19:43:09Z
FRME,36.43,2026-03-13T19:59:59Z
FRMI,7.96,2026-03-13T19:59:55Z
FRMM,2.9,2026-03-13T19:59:51Z
FRNW,22.83,2026-03-13T14:43:51Z
FRO,30.18,2026-03-13T19:59:54Z
FROG,41.09,2026-03-13T19:59:58Z
FRPH,22.555,2026-03-13T19:59:40Z
FRPT,76.595,2026-03-13T19:59:52Z
FRSH,8.14,2026-03-13T19:59:56Z
FRST,12.75,2026-03-13T16:17:22Z
FRSX,2.09,2026-03-13T19:58:55Z
FRT,104.5,2026-03-13T19:59:39Z
FRT-C,19.855,2026-03-13T18:00:00Z
FRWD,23.45,2026-03-13T19:59:59Z
FSBC,36.5,2026-03-13T19:56:35Z
FSCC,29.47,2026-03-13T19:09:21Z
FSCO,4.795,2026-03-13T19:59:44Z
FSEC,44.055,2026-03-13T19:17:35Z
FSEP,51.23,2026-03-13T13:54:25Z
FSI,5.575,2026-03-13T17:37:01Z
FSIG,18.965,2026-03-13T19:51:18Z
FSK,10.08,2026-03-13T19:59:57Z
FSLR,196.1,2026-03-13T19:59:53Z
FSLY,24.58,2026-03-13T19:59:59Z
FSM,10.27,2026-03-13T19:59:54Z
FSMB,20.125,2026-03-13T19:24:35Z
FSMD,44.17,2026-03-13T19:39:55Z
FSOL,10.47,2026-03-13T19:59:05Z
FSP,0.6277,2026-03-13T19:59:57Z
FSS,105.41,2026-03-13T19:59:49Z
FSSL,12.37,2026-03-13T19:59:44Z
FSTA,53.91,2026-03-13T19:58:59Z
FSTR,26.935,2026-03-13T14:58:26Z
FSUN,34.79,2026-03-13T19:59:46Z
FSV,141.15,2026-03-13T19:59:50Z
FSYD,47.965,2026-03-13T15:12:48Z
FT,8.13,2026-03-13T19:55:13Z
FTA,91.17,2026-03-13T19:59:50Z
FTAI,222.15,2026-03-13T19:59:48Z
FTC,155.59,2026-03-13T18:32:49Z
FTCA,7.345,2026-03-13T19:59:46Z
FTCB,21.01,2026-03-13T19:59:59Z
FTCE,24.12,2026-03-13T16:21:12Z
FTCI,4.495,2026-03-13T19:59:49Z
FTCS,94.28,2026-03-13T19:50:00Z
FTDR,63.24,2026-03-13T19:59:49Z
FTEC,213.04,2026-03-13T19:59:55Z
FTEK,1.26,2026-03-13T19:59:04Z
FTF,5.945,2026-03-13T19:59:49Z
FTGC,28.855,2026-03-13T19:59:21Z
FTGS,34.61,2026-03-13T19:59:29Z
FTHI,23.02,2026-03-13T19:59:58Z
FTHM,0.73,2026-03-13T19:59:28Z
FTHY,13.41,2026-03-13T19:59:47Z
FTI,63,2026-03-13T19:59:50Z
FTIF,26.24,2026-03-13T19:03:13Z
FTK,17.7,2026-03-13T19:59:54Z
FTLF,13.82,2026-03-13T19:00:19Z
FTLS,69.53,2026-03-13T19:51:17Z
FTMA,9.02,2026-03-13T19:54:08Z
FTMH,11.64,2026-03-13T19:56:15Z
FTMN,8.8,2026-03-13T13:41:25Z
FTMS,9.965,2026-03-13T17:40:16Z
FTMU,7.845,2026-03-13T19:31:16Z
FTNJ,8.755,2026-03-13T19:59:46Z
FTNT,83.44,2026-03-13T19:59:52Z
FTNY,7.875,2026-03-13T19:56:16Z
FTPA,8.64,2026-03-13T17:55:24Z
FTQI,20.14,2026-03-13T19:59:48Z
FTRB,25.195,2026-03-13T19:53:35Z
FTRE,8.93,2026-03-13T19:59:55Z
FTRI,17.97,2026-03-13T19:27:15Z
FTRK,0.5578,2026-03-13T14:45:35Z
FTS,58.16,2026-03-13T19:59:42Z
FTSD,90.635,2026-03-13T18:47:04Z
FTSL,44.895,2026-03-13T19:54:39Z
FTSM,59.88,2026-03-13T19:59:59Z
FTV,54.25,2026-03-13T19:59:55Z
FTW,11.21,2026-03-13T17:54:22Z
FTW+,0.77,2026-03-13T19:57:52Z
FTWO,46.21,2026-03-13T14:29:40Z
FTXL,147.81,2026-03-13T19:35:53Z
FTXN,35.89,2026-03-13T13:43:15Z
FTXO,34.53,2026-03-13T19:59:51Z
FTXR,37.17,2026-03-13T19:44:39Z
FUBO,1.18,2026-03-13T19:59:56Z
FUFU,2.43,2026-03-13T19:55:09Z
FUL,54.27,2026-03-13T19:59:50Z
FULC,7.66,2026-03-13T19:59:53Z
FULT,19.64,2026-03-13T19:59:55Z
FUMB,20.13,2026-03-13T17:39:00Z
FUN,15.99,2026-03-13T19:59:46Z
FUNC,35.85,2026-03-13T19:34:06Z
FUND,9.48,2026-03-13T19:40:34Z
FURY,0.62,2026-03-13T19:40:53Z
FUSE,1.34,2026-03-13T18:41:45Z
FUTG,10.29,2026-03-13T14:53:28Z
FUTU,141.16,2026-03-13T19:59:41Z
FUTY,60.475,2026-03-13T19:59:00Z
FV,60.57,2026-03-13T19:42:15Z
FVAL,70.33,2026-03-13T19:37:49Z
FVC,34.97,2026-03-13T16:52:43Z
FVCB,14.68,2026-03-13T19:47:19Z
FVD,47.76,2026-03-13T19:58:36Z
FVR,16.07,2026-03-13T19:59:01Z
FVRR,10.45,2026-03-13T19:59:58Z
FWD,109.49,2026-03-13T19:59:59Z
FWDI,4.71,2026-03-13T19:59:51Z
FWONA,76.62,2026-03-13T19:55:42Z
FWONK,83.67,2026-03-13T19:59:57Z
FWRD,15.8,2026-03-13T19:59:53Z
FWRG,11.54,2026-03-13T19:59:57Z
FXA,69.37,2026-03-13T18:17:34Z
FXC,71.2,2026-03-13T19:59:51Z
FXD,64.29,2026-03-13T13:45:49Z
FXE,105.385,2026-03-13T19:54:08Z
FXED,17.48,2026-03-13T15:09:26Z
FXF,111.59,2026-03-13T19:59:50Z
FXG,64.81,2026-03-13T15:47:22Z
FXH,108.21,2026-03-13T16:50:30Z
FXI,36.255,2026-03-13T19:59:59Z
FXN,20.83,2026-03-13T19:59:42Z
FXNC,26.19,2026-03-13T19:58:34Z
FXO,55.73,2026-03-13T19:59:51Z
FXR,81.46,2026-03-13T19:55:10Z
FXU,50.535,2026-03-13T19:56:54Z
FXY,57.53,2026-03-13T19:59:52Z
FXZ,75.99,2026-03-13T13:36:21Z
FYEE,28.25,2026-03-13T18:17:15Z
FYLD,36.025,2026-03-13T19:59:59Z
FYT,60.08,2026-03-13T14:09:06Z
G,38.31,2026-03-13T19:59:48Z
GAB,5.625,2026-03-13T19:56:48Z
GAB-K,21.13,2026-03-13T18:22:22Z
GABC,39.99,2026-03-13T19:53:29Z
GABF,40.74,2026-03-13T17:27:09Z
GAB^,0.0103,2026-03-13T19:42:06Z
GAIA,3.115,2026-03-13T19:58:33Z
GAIN,14.04,2026-03-13T19:59:48Z
GAL,49.66,2026-03-13T19:48:44Z
GALT,3.1,2026-03-13T19:59:56Z
GAM,59.06,2026-03-13T19:24:20Z
GAMB,4.21,2026-03-13T19:59:55Z
GAME,0.2869,2026-03-13T19:50:08Z
GANX,2.425,2026-03-13T19:59:51Z
GAP,23.23,2026-03-13T19:59:58Z
GARP,65.73,2026-03-13T19:59:31Z
GASS,8.74,2026-03-13T19:59:56Z
GATX,168.565,2026-03-13T19:59:43Z
GAU,2.53,2026-03-13T19:59:59Z
GAUG,38.93,2026-03-13T17:16:26Z
GBAB,14.83,2026-03-13T17:41:16Z
GBCI,43.47,2026-03-13T19:59:59Z
GBDC,11.97,2026-03-13T19:59:54Z
GBFH,26.215,2026-03-13T19:58:17Z
GBIL,100.045,2026-03-13T15:37:37Z
GBND,50.53,2026-03-13T19:59:33Z
GBR,0.98,2026-03-13T18:15:23Z
GBTC,55.46,2026-03-13T19:59:05Z
GBTG,5.56,2026-03-13T19:59:58Z
GBUG,46.58,2026-03-13T19:53:24Z
GBX,51.75,2026-03-13T19:59:05Z
GBXA,26.82,2026-03-13T14:40:47Z
GCAD,51.83,2026-03-13T16:12:04Z
GCC,24.12,2026-03-13T19:56:44Z
GCDT,2.12,2026-03-13T19:46:12Z
GCL,0.6751,2026-03-13T13:44:34Z
GCMG,10.355,2026-03-13T19:59:54Z
GCO,25.07,2026-03-13T19:53:30Z
GCOR,41.25,2026-03-13T19:59:45Z
GCOW,45.2,2026-03-13T19:59:47Z
GCT,40.83,2026-03-13T19:58:55Z
GCTK,1.24,2026-03-13T19:14:12Z
GCTS,1.13,2026-03-13T19:59:55Z
GCTS+,0.17,2026-03-13T19:50:08Z
GCV,4.3,2026-03-13T17:02:35Z
GD,351.515,2026-03-13T19:59:59Z
GDDY,81.12,2026-03-13T19:59:49Z
GDE,68.14,2026-03-13T16:27:20Z
GDEC,37.39,2026-03-13T18:52:59Z
GDEN,27.58,2026-03-13T19:54:56Z
GDIV,16.875,2026-03-13T17:39:57Z
GDLC,33.085,2026-03-13T15:39:37Z
GDMN,115,2026-03-13T14:17:13Z
GDO,11.05,2026-03-13T14:50:19Z
GDOG,11.81,2026-03-13T13:35:58Z
GDOT,10.535,2026-03-13T19:59:59Z
GDRX,2.25,2026-03-13T19:59:44Z
GDS,42.875,2026-03-13T19:59:49Z
GDV,27.28,2026-03-13T19:58:50Z
GDX,93.28,2026-03-13T19:59:59Z
GDXD,44.16,2026-03-13T19:59:59Z
GDXJ,123.9,2026-03-13T19:59:59Z
GDXU,236.64,2026-03-13T19:31:53Z
GDXW,57.31,2026-03-13T14:56:14Z
GDXY,14.67,2026-03-13T19:59:15Z
GDYN,6.33,2026-03-13T19:59:57Z
GE,299.705,2026-03-13T19:59:58Z
GECC,5.45,2026-03-13T19:59:26Z
GECCG,24.06,2026-03-13T18:21:02Z
GEF,67.38,2026-03-13T19:59:44Z
GEF.B,83.29,2026-03-13T19:59:59Z
GEHC,70.79,2026-03-13T19:59:58Z
GEL,17.735,2026-03-13T19:59:50Z
GEM,43.04,2026-03-13T19:47:51Z
GEME,35.42,2026-03-13T17:45:49Z
GEMG,2,2026-03-13T19:45:30Z
GEMI,7.755,2026-03-13T19:59:43Z
GEN,20.68,2026-03-13T19:59:58Z
GENB,13.1,2026-03-13T19:59:51Z
GENC,14.61,2026-03-13T19:57:08Z
GENI,5.33,2026-03-13T19:59:58Z
GENM,10.37,2026-03-13T16:39:04Z
GENT,10.32,2026-03-13T19:59:50Z
GENVR,1.175,2026-03-13T18:53:05Z
GEO,14.56,2026-03-13T19:59:58Z
GEOS,11.605,2026-03-13T19:47:12Z
GERN,1.59,2026-03-13T19:59:59Z
GETY,0.7301,2026-03-13T19:59:49Z
GEV,805.07,2026-03-13T19:59:50Z
GEVG,21.01,2026-03-13T13:43:19Z
GEVO,2.385,2026-03-13T19:59:57Z
GFAI,0.5338,2026-03-13T19:47:42Z
GFEB,41.34,2026-03-13T19:49:44Z
GFF,70.87,2026-03-13T19:57:52Z
GFI,45.55,2026-03-13T19:59:54Z
GFL,42.96,2026-03-13T19:59:52Z
GFLW,26.75,2026-03-13T19:57:04Z
GFR,5.97,2026-03-13T19:59:36Z
GFS,41.88,2026-03-13T19:59:56Z
GGAL,41.11,2026-03-13T19:59:50Z
GGB,3.29,2026-03-13T19:59:59Z
GGG,87.61,2026-03-13T19:59:54Z
GGLL,87.855,2026-03-13T19:58:07Z
GGLS,7.02,2026-03-13T19:58:16Z
GGN,5.31,2026-03-13T19:52:15Z
GGR,3.675,2026-03-13T19:31:12Z
GGRP,0.6256,2026-03-13T16:50:55Z
GGT,4.12,2026-03-13T19:59:06Z
GGUS,59.48,2026-03-13T19:59:51Z
GGZ,15.4,2026-03-13T19:51:54Z
GH,85.5,2026-03-13T19:59:52Z
GHC,1056.91,2026-03-13T19:55:03Z
GHI,7.19,2026-03-13T19:59:54Z
GHM,80.28,2026-03-13T19:57:18Z
GHRS,14.98,2026-03-13T19:32:03Z
GHY,11.86,2026-03-13T19:58:04Z
GHYB,44.43,2026-03-13T19:38:53Z
GHYG,45.1,2026-03-13T15:26:53Z
GIAX,14.81,2026-03-13T18:51:00Z
GIB,71.63,2026-03-13T19:59:53Z
GIBO,1.425,2026-03-13T18:04:24Z
GIC,30.51,2026-03-13T19:36:33Z
GIGB,45.54,2026-03-13T19:59:59Z
GII,75.73,2026-03-13T18:12:05Z
GIII,26.36,2026-03-13T19:59:49Z
GIL,58.69,2026-03-13T19:59:49Z
GILD,144.975,2026-03-13T19:59:55Z
GILT,16.44,2026-03-13T19:59:52Z
GINN,69.825,2026-03-13T19:08:26Z
GIPR,0.361,2026-03-13T17:24:59Z
GIS,39.39,2026-03-13T19:59:59Z
GITS,2.79,2026-03-13T13:35:31Z
GJAN,42.125,2026-03-13T19:59:58Z
GJS,23.7,2026-03-13T19:48:45Z
GJUL,40.95,2026-03-13T18:29:35Z
GKOS,96.89,2026-03-13T19:59:44Z
GL,138.49,2026-03-13T19:59:21Z
GL-D,15.87,2026-03-13T19:51:52Z
GLAD,17.51,2026-03-13T19:59:53Z
GLBE,34.805,2026-03-13T19:59:46Z
GLBS,1.65,2026-03-13T16:25:29Z
GLD,460.78,2026-03-13T19:59:57Z
GLDD,16.925,2026-03-13T19:59:59Z
GLDG,1.39,2026-03-13T19:55:10Z
GLDM,99.265,2026-03-13T19:59:57Z
GLDW,59.65,2026-03-13T18:51:05Z
GLDY,16.69,2026-03-13T19:56:21Z
GLGG,6.65,2026-03-13T19:52:45Z
GLIBA,36.45,2026-03-13T19:38:27Z
GLIBK,36.56,2026-03-13T19:59:49Z
GLIN,42.58,2026-03-13T15:54:53Z
GLL,17.995,2026-03-13T19:57:18Z
GLNG,42.935,2026-03-13T19:59:56Z
GLNK,8.115,2026-03-13T19:08:22Z
GLO,5.68,2026-03-13T19:46:44Z
GLOB,44.94,2026-03-13T19:59:50Z
GLOF,52.39,2026-03-13T19:54:40Z
GLOO,5.965,2026-03-13T19:59:01Z
GLOP-B,25.81,2026-03-13T18:06:22Z
GLP,46.08,2026-03-13T17:41:12Z
GLPG,31.72,2026-03-13T19:59:30Z
GLPI,47.57,2026-03-13T19:59:54Z
GLQ,7.68,2026-03-13T19:46:44Z
GLRE,15.585,2026-03-13T19:59:48Z
GLRY,38.11,2026-03-13T13:44:09Z
GLSI,26.65,2026-03-13T19:58:49Z
GLTR,233.61,2026-03-13T19:41:26Z
GLU,20.175,2026-03-13T15:02:14Z
GLUE,16.04,2026-03-13T19:59:52Z
GLW,129.08,2026-03-13T19:59:52Z
GLWG,15.11,2026-03-13T18:04:56Z
GLXU,7.72,2026-03-13T16:54:27Z
GLXY,22.36,2026-03-13T19:59:59Z
GM,72.4,2026-03-13T19:59:58Z
GMAB,26.13,2026-03-13T19:59:50Z
GMAR,41.41,2026-03-13T19:29:38Z
GMAY,41.4,2026-03-13T13:47:38Z
GME,23.55,2026-03-13T19:59:59Z
GME+,4.195,2026-03-13T19:55:38Z
GMED,84.81,2026-03-13T19:59:49Z
GMEU,10.855,2026-03-13T19:59:46Z
GMEY,34.04,2026-03-13T17:03:24Z
GMM,1.15,2026-03-13T15:41:36Z
GMOI,35.35,2026-03-13T19:57:11Z
GMUB,51.34,2026-03-13T15:55:06Z
GNE,14.35,2026-03-13T19:59:34Z
GNK,19.76,2026-03-13T19:59:42Z
GNL,9.38,2026-03-13T19:59:56Z
GNL-A,22.76,2026-03-13T15:15:17Z
GNLN,0.837,2026-03-13T17:32:44Z
GNLX,2.605,2026-03-13T19:59:48Z
GNOV,39.28,2026-03-13T17:12:39Z
GNPX,2.01,2026-03-13T19:59:09Z
GNR,72.39,2026-03-13T19:53:32Z
GNRC,200.6,2026-03-13T19:59:35Z
GNS,0.3717,2026-03-13T19:59:49Z
GNSS,1.845,2026-03-13T19:59:10Z
GNT,8.305,2026-03-13T19:43:57Z
GNTA,0.847,2026-03-13T17:06:43Z
GNTX,20.96,2026-03-13T19:59:57Z
GNW,7.93,2026-03-13T19:59:56Z
GO,6.41,2026-03-13T19:59:55Z
GOAI,4.38,2026-03-13T19:57:42Z
GOAU,45.15,2026-03-13T19:47:19Z
GOCO,1.66,2026-03-13T14:30:31Z
GOF,11.03,2026-03-13T19:42:02Z
GOGO,4.31,2026-03-13T19:59:57Z
GOLD,47.475,2026-03-13T19:59:46Z
GOLF,93.06,2026-03-13T19:59:32Z
GOLY,33.59,2026-03-13T18:59:55Z
GOOD,12.055,2026-03-13T19:59:46Z
GOOG,301.47,2026-03-13T19:59:59Z
GOOGL,302.25,2026-03-13T19:59:59Z
GOOS,10.765,2026-03-13T19:58:39Z
GOOW,62.665,2026-03-13T19:40:23Z
GOOX,62.2,2026-03-13T16:58:51Z
GOOY,13.415,2026-03-13T19:57:07Z
GORO,1.325,2026-03-13T19:59:38Z
GOSS,0.4401,2026-03-13T19:59:58Z
GOTU,2.06,2026-03-13T19:59:40Z
GOU,22.05,2026-03-13T19:57:04Z
GOVI,27.325,2026-03-13T19:59:18Z
GOVT,22.91,2026-03-13T19:59:51Z
GOVX,1.8,2026-03-13T17:29:40Z
GOVZ,9.13,2026-03-13T19:59:50Z
GPAT,10.785,2026-03-13T19:59:29Z
GPC,105.73,2026-03-13T19:59:58Z
GPCR,53.72,2026-03-13T19:59:52Z
GPGI,16.505,2026-03-13T19:59:58Z
GPI,300.31,2026-03-13T19:59:19Z
GPIQ,50.535,2026-03-13T19:40:28Z
GPIX,50.65,2026-03-13T19:59:51Z
GPK,9.71,2026-03-13T19:59:59Z
GPMT,1.58,2026-03-13T19:51:09Z
GPN,68.63,2026-03-13T19:59:44Z
GPOR,197.12,2026-03-13T19:59:00Z
GPRE,15.81,2026-03-13T19:59:52Z
GPRK,8.79,2026-03-13T19:59:56Z
GPRO,0.7264,2026-03-13T19:59:55Z
GPTY,37.43,2026-03-13T19:18:46Z
GPUS,0.1626,2026-03-13T19:59:13Z
GPZ,20.52,2026-03-13T19:59:59Z
GQQQ,29.66,2026-03-13T17:39:49Z
GQRE,61.55,2026-03-13T18:40:03Z
GRAB,3.71,2026-03-13T19:59:59Z
GRAL,43.12,2026-03-13T19:59:59Z
GRBK,64.76,2026-03-13T19:50:00Z
GRC,57.67,2026-03-13T19:59:52Z
GRCE,4.22,2026-03-13T19:58:30Z
GRDN,32.54,2026-03-13T19:59:54Z
GRDX,2.23,2026-03-13T18:41:02Z
GREE,1.36,2026-03-13T19:59:52Z
GREK,63.3,2026-03-13T19:58:18Z
GRFS,7.8,2026-03-13T19:59:56Z
GRI,2.59,2026-03-13T19:08:39Z
GRID,165.21,2026-03-13T19:57:27Z
GRML,0.4105,2026-03-13T19:59:28Z
GRMN,233.365,2026-03-13T19:58:39Z
GRND,11.93,2026-03-13T19:59:50Z
GRNI,19.385,2026-03-13T19:27:26Z
GRNJ,25.17,2026-03-13T19:59:42Z
GRNT,5.17,2026-03-13T19:59:56Z
GRNY,24.18,2026-03-13T19:50:23Z
GRO,3.38,2026-03-13T19:59:51Z
GROY,3.96,2026-03-13T19:59:52Z
GROZ,28.17,2026-03-13T18:09:02Z
GRPN,9.63,2026-03-13T19:59:54Z
GRRR,11,2026-03-13T19:59:58Z
GRWG,1.065,2026-03-13T19:57:39Z
GRX,9.33,2026-03-13T19:05:04Z
GS,782.44,2026-03-13T19:59:59Z
GS-A,19.62,2026-03-13T19:36:16Z
GS-C,19.63,2026-03-13T19:51:15Z
GS-D,19.34,2026-03-13T19:56:37Z
GSAT,58.71,2026-03-13T19:59:42Z
GSBC,60.91,2026-03-13T19:57:52Z
GSBD,9.135,2026-03-13T19:59:37Z
GSEU,45,2026-03-13T16:17:32Z
GSEW,85.29,2026-03-13T17:00:05Z
GSG,31.135,2026-03-13T19:57:54Z
GSHD,44.17,2026-03-13T19:59:46Z
GSID,69.95,2026-03-13T18:56:19Z
GSIE,42.86,2026-03-13T19:58:46Z
GSIT,8.51,2026-03-13T19:59:31Z
GSIW,21.85,2026-03-13T16:54:47Z
GSK,53.39,2026-03-13T19:59:59Z
GSL,37.14,2026-03-13T19:59:49Z
GSLC,127.09,2026-03-13T19:59:50Z
GSM,4.57,2026-03-13T19:59:53Z
GSOL,6.595,2026-03-13T19:17:36Z
GSSC,74.06,2026-03-13T15:34:18Z
GSST,50.485,2026-03-13T19:55:47Z
GSUI,14.36,2026-03-13T17:44:20Z
GSUN,0.381,2026-03-13T19:59:50Z
GSUS,91.51,2026-03-13T19:17:36Z
GSWO,57.1,2026-03-13T19:19:01Z
GSY,50.22,2026-03-13T19:59:59Z
GT,6.77,2026-03-13T19:59:53Z
GTBP,0.4139,2026-03-13T19:49:13Z
GTE,8.18,2026-03-13T19:59:48Z
GTEK,40.615,2026-03-13T19:54:40Z
GTES,22.745,2026-03-13T19:59:53Z
GTLB,22.68,2026-03-13T19:59:58Z
GTLS,206.79,2026-03-13T19:59:58Z
GTM,5.82,2026-03-13T19:59:59Z
GTN,4.63,2026-03-13T19:59:58Z
GTO,46.995,2026-03-13T19:55:14Z
GTOP,37.75,2026-03-13T14:36:03Z
GTX,17.59,2026-03-13T19:59:59Z
GTY,33.17,2026-03-13T19:59:55Z
GUG,15.33,2026-03-13T19:58:56Z
GUNR,54.14,2026-03-13T19:58:08Z
GURE,4.64,2026-03-13T19:45:27Z
GUSH,37.705,2026-03-13T19:59:46Z
GUT,5.85,2026-03-13T19:53:54Z
GUTS,0.4655,2026-03-13T19:59:25Z
GV,0.4783,2026-03-13T17:54:49Z
GVA,120.785,2026-03-13T19:59:54Z
GVAL,32.345,2026-03-13T19:59:53Z
GVH,1.105,2026-03-13T18:44:05Z
GVI,106.65,2026-03-13T19:59:51Z
GWH,1.255,2026-03-13T19:58:11Z
GWRE,160.58,2026-03-13T19:59:37Z
GWRS,7.37,2026-03-13T19:58:57Z
GWW,1074.92,2026-03-13T19:59:00Z
GWX,42.25,2026-03-13T19:35:56Z
GXAI,1.39,2026-03-13T19:59:59Z
GXC,96.32,2026-03-13T19:59:05Z
GXO,52.51,2026-03-13T19:59:51Z
GXPC,28.75,2026-03-13T19:57:44Z
GXPD,24.27,2026-03-13T19:59:51Z
GXPE,33.72,2026-03-13T16:49:08Z
GXPS,27,2026-03-13T14:14:46Z
GXPT,25.46,2026-03-13T19:29:58Z
GXRP,27.21,2026-03-13T19:59:46Z
GYLD,13.94,2026-03-13T18:25:08Z
GYRE,7.62,2026-03-13T17:21:07Z
H,139.36,2026-03-13T19:59:50Z
HACK,78.15,2026-03-13T14:47:42Z
HAE,59.92,2026-03-13T19:59:45Z
HAFC,25.39,2026-03-13T19:58:20Z
HAFN,6.67,2026-03-13T19:59:56Z
HAIN,0.6685,2026-03-13T19:59:38Z
HAL,33.7,2026-03-13T19:59:59Z
HALO,63.665,2026-03-13T19:59:56Z
HARD,35.39,2026-03-13T19:44:01Z
HAS,93.41,2026-03-13T19:59:37Z
HASI,35.43,2026-03-13T19:59:53Z
HAUZ,23.04,2026-03-13T19:57:08Z
HAWX,40.91,2026-03-13T19:12:11Z
HAYW,14.255,2026-03-13T19:59:56Z
HBAN,15.215,2026-03-13T19:59:57Z
HBANP,17.5,2026-03-13T18:52:04Z
HBB,16.44,2026-03-13T16:27:24Z
HBCP,57.84,2026-03-13T19:59:30Z
HBDC,24.43,2026-03-13T19:57:25Z
HBIO,0.4635,2026-03-13T19:58:22Z
HBM,20.74,2026-03-13T19:59:59Z
HBNB,8.01,2026-03-13T19:47:36Z
HBNC,15.9,2026-03-13T19:59:58Z
HBR,13.44,2026-03-13T15:22:15Z
HBT,26.11,2026-03-13T19:24:24Z
HBTA,27.71,2026-03-13T16:48:18Z
HCA,532.93,2026-03-13T19:59:55Z
HCAI,0.1723,2026-03-13T19:53:30Z
HCAT,1.325,2026-03-13T19:59:55Z
HCC,85.15,2026-03-13T19:59:49Z
HCHL,1.12,2026-03-13T19:04:24Z
HCI,165.32,2026-03-13T14:52:13Z
HCKT,13.86,2026-03-13T19:59:58Z
HCM,13.91,2026-03-13T19:58:40Z
HCMT,35.74,2026-03-13T19:59:51Z
HCSG,19.54,2026-03-13T19:59:57Z
HCTI,2.91,2026-03-13T16:20:21Z
HCWC,0.2885,2026-03-13T19:28:02Z
HD,339.07,2026-03-13T19:59:54Z
HDB,28.23,2026-03-13T19:59:59Z
HDEF,32,2026-03-13T19:47:50Z
HDGE,17.89,2026-03-13T19:59:51Z
HDSN,5.77,2026-03-13T19:59:57Z
HDUS,64.42,2026-03-13T17:11:36Z
HDV,135.795,2026-03-13T19:59:57Z
HE,14.7,2026-03-13T19:59:57Z
HEAL,24.65,2026-03-13T16:51:10Z
HECA,29.805,2026-03-13T19:59:47Z
HEDG,29.315,2026-03-13T18:38:27Z
HEEM,36.755,2026-03-13T19:56:21Z
HEFA,42.325,2026-03-13T19:59:59Z
HEFT,26.92,2026-03-13T19:36:23Z
HEGD,24.99,2026-03-13T15:50:28Z
HEI,288.44,2026-03-13T19:59:54Z
HEI.A,221.26,2026-03-13T19:59:40Z
HELE,16.48,2026-03-13T19:59:48Z
HELO,65.03,2026-03-13T19:56:10Z
HELP,4.65,2026-03-13T19:59:36Z
HELS,23.74,2026-03-13T19:40:30Z
HEPS,2.9,2026-03-13T19:59:53Z
HEQ,10.74,2026-03-13T19:56:31Z
HEQT,31.63,2026-03-13T19:59:55Z
HERE,3.925,2026-03-13T19:50:41Z
HESM,38.99,2026-03-13T19:59:50Z
HEWJ,55.78,2026-03-13T19:26:40Z
HEZU,43.9,2026-03-13T19:23:16Z
HFFG,2.12,2026-03-13T19:59:47Z
HFGM,33.27,2026-03-13T19:59:55Z
HFGO,25.045,2026-03-13T19:53:34Z
HFMF,24.19,2026-03-13T15:20:00Z
HFND,23.36,2026-03-13T15:47:17Z
HFRO,5.8,2026-03-13T19:43:46Z
HFRO-A,16.82,2026-03-13T16:51:40Z
HFSI,35.065,2026-03-13T19:56:59Z
HFWA,24.9,2026-03-13T19:59:52Z
HFXI,33.48,2026-03-13T19:58:22Z
HG,29.1,2026-03-13T19:59:55Z
HGBL,1.19,2026-03-13T18:58:15Z
HGER,31.005,2026-03-13T19:59:37Z
HGLB,8.47,2026-03-13T13:53:08Z
HGRO,28.025,2026-03-13T19:57:29Z
HGTY,10.26,2026-03-13T19:59:53Z
HGV,40.9,2026-03-13T19:59:45Z
HHH,63.835,2026-03-13T19:59:54Z
HIBL,61.075,2026-03-13T16:58:51Z
HIBS,49.1,2026-03-13T19:26:13Z
HIDE,24.12,2026-03-13T15:30:45Z
HIFS,269.25,2026-03-13T19:34:19Z
HIG,132.945,2026-03-13T19:59:55Z
HIG-G,25.01,2026-03-13T16:47:51Z
HIGH,21.475,2026-03-13T19:58:29Z
HIHO,0.82,2026-03-13T19:33:51Z
HII,415.365,2026-03-13T19:59:49Z
HIMS,24.8,2026-03-13T19:59:58Z
HIMU,48.34,2026-03-13T19:55:34Z
HIMX,9.835,2026-03-13T19:59:59Z
HIMZ,2.455,2026-03-13T19:59:19Z
HIND,2.27,2026-03-13T19:15:58Z
HIO,3.655,2026-03-13T19:59:48Z
HIPO,25.15,2026-03-13T19:46:56Z
HIT,1.79,2026-03-13T19:58:31Z
HITI,2.48,2026-03-13T19:59:28Z
HIVE,2.14,2026-03-13T19:59:45Z
HIW,21.44,2026-03-13T19:59:59Z
HIX,3.905,2026-03-13T19:59:35Z
HIYY,16.36,2026-03-13T17:59:08Z
HKD,1.68,2026-03-13T19:58:17Z
HL,19.59,2026-03-13T19:59:59Z
HLF,15.4,2026-03-13T19:59:52Z
HLI,139.53,2026-03-13T19:59:50Z
HLIO,64.255,2026-03-13T19:59:48Z
HLIT,9.3,2026-03-13T19:59:57Z
HLLY,3.01,2026-03-13T19:59:51Z
HLMN,8.055,2026-03-13T19:59:58Z
HLN,10.04,2026-03-13T19:59:44Z
HLNE,96.775,2026-03-13T19:59:50Z
HLT,291.46,2026-03-13T19:59:54Z
HLX,8.81,2026-03-13T19:59:58Z
HMC,25.77,2026-03-13T19:59:59Z
HMN,42.37,2026-03-13T19:59:53Z
HMOP,39.205,2026-03-13T18:55:49Z
HMR,0.8557,2026-03-13T19:35:11Z
HMY,15.12,2026-03-13T19:59:57Z
HNDL,22.03,2026-03-13T19:58:18Z
HNGE,45.005,2026-03-13T19:59:48Z
HNI,40.48,2026-03-13T19:59:49Z
HNRG,17.13,2026-03-13T19:59:18Z
HNST,2.74,2026-03-13T19:59:50Z
HODL,20.14,2026-03-13T19:32:17Z
HODU,8.35,2026-03-13T16:58:52Z
HOFT,13.085,2026-03-13T19:56:16Z
HOG,17.63,2026-03-13T19:59:58Z
HOLA,52.32,2026-03-13T17:58:32Z
HOLO,2.18,2026-03-13T19:58:08Z
HOLX,75.11,2026-03-13T19:59:59Z
HOMB,26.31,2026-03-13T19:59:56Z
HOMZ,43.29,2026-03-13T15:31:42Z
HON,234.48,2026-03-13T19:59:59Z
HOOD,73.38,2026-03-13T19:59:59Z
HOOG,19.51,2026-03-13T19:45:52Z
HOOW,24.89,2026-03-13T19:37:19Z
HOOX,7.48,2026-03-13T16:26:09Z
HOOY,29.48,2026-03-13T19:21:04Z
HOOZ,38.69,2026-03-13T18:19:17Z
HOPE,10.8,2026-03-13T19:59:56Z
HOTH,1.03,2026-03-13T19:59:59Z
HOV,106.03,2026-03-13T19:10:09Z
HOVR,1.815,2026-03-13T19:58:20Z
HOVRW,0.3525,2026-03-13T19:59:25Z
HOWL,0.787,2026-03-13T19:27:51Z
HOYY,7.79,2026-03-13T16:34:23Z
HP,35.67,2026-03-13T19:59:58Z
HPE,21.59,2026-03-13T19:59:59Z
HPF,15.7,2026-03-13T19:48:47Z
HPI,15.93,2026-03-13T19:10:05Z
HPK,6.01,2026-03-13T19:59:57Z
HPP,6.49,2026-03-13T19:59:48Z
HPP-C,13.61,2026-03-13T15:05:50Z
HPQ,18.94,2026-03-13T19:59:59Z
HPS,14.375,2026-03-13T19:57:22Z
HQH,17.955,2026-03-13T19:13:59Z
HQI,11.115,2026-03-13T18:42:14Z
HQL,16.39,2026-03-13T18:31:14Z
HQY,77.84,2026-03-13T19:59:50Z
HR,17.98,2026-03-13T19:59:58Z
HRB,30.53,2026-03-13T19:59:46Z
HRI,108.92,2026-03-13T19:59:50Z
HRL,22.64,2026-03-13T19:59:59Z
HRMY,27.635,2026-03-13T19:59:59Z
HROW,34.12,2026-03-13T19:59:55Z
HRTG,28.175,2026-03-13T19:59:40Z
HRTX,0.882,2026-03-13T19:59:34Z
HRZN,4.1,2026-03-13T19:59:13Z
HSAI,24.02,2026-03-13T19:59:47Z
HSBC,78.18,2026-03-13T19:59:58Z
HSDT,2.1,2026-03-13T19:59:51Z
HSHP,12.5,2026-03-13T19:59:49Z
HSIC,75.555,2026-03-13T19:59:56Z
HSLV,6.1,2026-03-13T19:55:51Z
HST,18.5,2026-03-13T19:59:59Z
HSTM,20.315,2026-03-13T19:59:52Z
HSY,217.065,2026-03-13T19:59:50Z
HTAB,19.18,2026-03-13T19:56:19Z
HTB,42.225,2026-03-13T19:56:00Z
HTBK,12.14,2026-03-13T19:59:59Z
HTD,25.065,2026-03-13T19:25:20Z
HTFL,20.48,2026-03-13T19:59:57Z
HTGC,14.04,2026-03-13T19:59:56Z
HTH,34.745,2026-03-13T19:59:52Z
HTHT,50.485,2026-03-13T19:59:48Z
HTLD,9.54,2026-03-13T19:59:33Z
HTO,58.94,2026-03-13T19:59:56Z
HTOO,3.1,2026-03-13T19:58:19Z
HTRB,33.845,2026-03-13T19:57:25Z
HTT,2.555,2026-03-13T19:58:06Z
HTUS,39,2026-03-13T14:30:14Z
HTZ,3.885,2026-03-13T19:59:52Z
HTZWW,1.95,2026-03-13T19:46:49Z
HUBB,467.43,2026-03-13T19:59:49Z
HUBC,0.4771,2026-03-13T19:59:29Z
HUBG,34.29,2026-03-13T19:59:59Z
HUBS,264.3,2026-03-13T19:59:54Z
HUM,165.33,2026-03-13T19:59:52Z
HUMA,1.16,2026-03-13T19:59:55Z
HUMN,30.25,2026-03-13T19:58:57Z
HUN,12.05,2026-03-13T19:59:56Z
HURA,1.92,2026-03-13T19:59:59Z
HURC,14.7,2026-03-13T19:59:57Z
HURN,127.22,2026-03-13T19:59:03Z
HUT,48.33,2026-03-13T19:59:48Z
HUYA,3.375,2026-03-13T19:59:57Z
HVAC,33.8,2026-03-13T15:30:06Z
HVII,10.3,2026-03-13T18:57:39Z
HVT,21.39,2026-03-13T19:39:35Z
HWC,61.92,2026-03-13T19:59:53Z
HWCPZ,23,2026-03-13T16:27:05Z
HWH,1.39,2026-03-13T18:35:45Z
HWKN,139.05,2026-03-13T19:55:52Z
HWM,236.79,2026-03-13T19:59:50Z
HXHX,0.4525,2026-03-13T18:21:33Z
HXL,79.09,2026-03-13T19:59:40Z
HY,31.11,2026-03-13T19:57:53Z
HYAC,11.46,2026-03-13T19:15:35Z
HYAC+,2.55,2026-03-13T19:55:55Z
HYBI,49.24,2026-03-13T19:52:04Z
HYBL,27.675,2026-03-13T19:59:54Z
HYD,50.695,2026-03-13T19:59:17Z
HYDB,46.35,2026-03-13T19:59:51Z
HYDR,39.2,2026-03-13T19:34:38Z
HYDW,46.46,2026-03-13T16:44:10Z
HYEM,19.87,2026-03-13T19:59:46Z
HYFI,36.94,2026-03-13T19:47:27Z
HYFM,1.22,2026-03-13T19:55:28Z
HYFT,1.24,2026-03-13T19:59:04Z
HYG,79.205,2026-03-13T19:59:54Z
HYGV,39.85,2026-03-13T19:59:55Z
HYGW,29.28,2026-03-13T19:35:35Z
HYHG,63.66,2026-03-13T16:27:05Z
HYI,10.87,2026-03-13T15:05:21Z
HYLB,36.19,2026-03-13T19:59:42Z
HYLN,2.01,2026-03-13T19:59:58Z
HYLS,40.64,2026-03-13T19:02:24Z
HYMB,25.04,2026-03-13T19:59:59Z
HYMC,37.96,2026-03-13T19:59:49Z
HYNE,14.06,2026-03-13T19:59:24Z
HYPD,3.57,2026-03-13T19:50:07Z
HYPR,1.14,2026-03-13T19:59:34Z
HYS,92.77,2026-03-13T17:07:27Z
HYT,8.505,2026-03-13T19:59:37Z
HYTI,19.21,2026-03-13T15:06:46Z
HYTR,21.31,2026-03-13T18:48:28Z
HYUP,41.29,2026-03-13T17:28:49Z
HYXF,46.135,2026-03-13T19:19:24Z
HYZD,22.21,2026-03-13T17:23:50Z
HZO,25.39,2026-03-13T19:59:32Z
IAC,37.26,2026-03-13T19:59:50Z
IAE,7.25,2026-03-13T19:56:21Z
IAF,12.72,2026-03-13T17:16:14Z
IAG,19.82,2026-03-13T19:59:59Z
IAGG,49.975,2026-03-13T19:59:50Z
IAI,162.02,2026-03-13T19:58:56Z
IAK,131.61,2026-03-13T18:58:07Z
IALT,26.655,2026-03-13T19:54:09Z
IAPR,31.27,2026-03-13T14:11:37Z
IART,9.24,2026-03-13T19:59:58Z
IAT,51.8,2026-03-13T19:55:27Z
IAU,94.425,2026-03-13T19:59:51Z
IAUI,61.48,2026-03-13T19:28:08Z
IAUM,50.01,2026-03-13T19:59:46Z
IAUX,1.66,2026-03-13T19:59:54Z
IBAT,33.995,2026-03-13T14:22:13Z
IBB,165.34,2026-03-13T19:59:55Z
IBCA,25.49,2026-03-13T18:39:20Z
IBCP,33.27,2026-03-13T19:59:41Z
IBD,23.94,2026-03-13T14:31:36Z
IBDR,24.195,2026-03-13T19:59:32Z
IBDS,24.185,2026-03-13T19:07:11Z
IBDT,25.27,2026-03-13T19:59:51Z
IBDU,23.205,2026-03-13T19:55:09Z
IBDV,21.835,2026-03-13T19:59:51Z
IBDW,20.88,2026-03-13T19:59:50Z
IBDX,25.195,2026-03-13T19:59:59Z
IBDY,25.765,2026-03-13T19:55:11Z
IBDZ,25.955,2026-03-13T19:52:10Z
IBEX,28.76,2026-03-13T19:58:32Z
IBFR,48.88,2026-03-13T18:57:47Z
IBG,1.1,2026-03-13T19:59:32Z
IBGA,24.5,2026-03-13T19:37:16Z
IBHF,22.855,2026-03-13T19:59:45Z
IBHG,22.05,2026-03-13T18:32:17Z
IBHH,23.38,2026-03-13T19:59:50Z
IBHI,23.185,2026-03-13T15:30:33Z
IBHJ,26.11,2026-03-13T19:59:51Z
IBHK,25.37,2026-03-13T19:55:01Z
IBIC,25.83,2026-03-13T17:59:29Z
IBIG,26.31,2026-03-13T14:22:31Z
IBIK,25.9,2026-03-13T18:53:57Z
IBIL,25.6,2026-03-13T19:59:59Z
IBIO,2.45,2026-03-13T19:59:55Z
IBIT,40.37,2026-03-13T19:59:59Z
IBKR,66.18,2026-03-13T19:59:59Z
IBLC,40.325,2026-03-13T19:47:40Z
IBM,246.27,2026-03-13T19:59:56Z
IBMO,25.66,2026-03-13T19:40:47Z
IBMP,25.445,2026-03-13T19:40:28Z
IBMQ,25.615,2026-03-13T19:59:31Z
IBMR,25.51,2026-03-13T19:59:50Z
IBMS,26.06,2026-03-13T19:54:12Z
IBMT,25.93,2026-03-13T15:56:08Z
IBN,26.59,2026-03-13T19:59:59Z
IBND,30.805,2026-03-13T19:59:54Z
IBO,0.4569,2026-03-13T19:56:01Z
IBOC,67.52,2026-03-13T19:59:28Z
IBOT,54.4,2026-03-13T16:31:00Z
IBP,284.79,2026-03-13T19:59:53Z
IBRX,8.39,2026-03-13T19:59:59Z
IBTA,23.41,2026-03-13T19:59:39Z
IBTG,22.88,2026-03-13T18:09:00Z
IBTI,22.29,2026-03-13T14:22:52Z
IBTJ,21.84,2026-03-13T16:18:03Z
IBTK,19.75,2026-03-13T19:40:48Z
IBTL,20.42,2026-03-13T16:59:56Z
IBTM,22.96,2026-03-13T18:59:39Z
IBTO,24.48,2026-03-13T13:46:07Z
IBTP,25.675,2026-03-13T19:58:17Z
IBTQ,25.32,2026-03-13T15:40:22Z
IBUF,29.4,2026-03-13T15:03:03Z
ICCM,0.6814,2026-03-13T19:56:15Z
ICE,159.19,2026-03-13T19:59:49Z
ICF,63.98,2026-03-13T19:56:53Z
ICFI,69.82,2026-03-13T18:46:01Z
ICHR,41.46,2026-03-13T19:59:51Z
ICL,5.37,2026-03-13T19:59:56Z
ICLN,18.395,2026-03-13T19:59:59Z
ICLO,25.505,2026-03-13T19:59:59Z
ICLR,98.335,2026-03-13T19:59:59Z
ICMB,2.03,2026-03-13T16:54:04Z
ICON,1.16,2026-03-13T19:58:12Z
ICOP,46.49,2026-03-13T19:53:27Z
ICOW,41.59,2026-03-13T19:27:52Z
ICPI,50.74,2026-03-13T19:44:17Z
ICSH,50.555,2026-03-13T19:59:45Z
ICUI,125.935,2026-03-13T19:57:55Z
ICVT,102.36,2026-03-13T19:58:55Z
IDA,142.41,2026-03-13T19:59:50Z
IDAI,2.33,2026-03-13T17:42:15Z
IDCC,358.7,2026-03-13T19:59:52Z
IDE,12.695,2026-03-13T19:58:17Z
IDEC,32.37,2026-03-13T17:16:44Z
IDEF,34.605,2026-03-13T19:59:51Z
IDEQ,31.56,2026-03-13T19:59:53Z
IDEV,83.02,2026-03-13T19:59:46Z
IDGT,98.59,2026-03-13T19:54:45Z
IDHQ,35.93,2026-03-13T16:00:45Z
IDLV,34.74,2026-03-13T18:12:21Z
IDMO,54.94,2026-03-13T19:59:06Z
IDN,4.72,2026-03-13T19:59:59Z
IDNA,28.88,2026-03-13T15:25:57Z
IDOG,40.59,2026-03-13T16:53:52Z
IDR,35.2,2026-03-13T19:59:11Z
IDT,48.59,2026-03-13T19:56:56Z
IDU,118.78,2026-03-13T19:58:06Z
IDUB,24.775,2026-03-13T19:26:47Z
IDV,41.475,2026-03-13T19:56:53Z
IDVO,39.795,2026-03-13T19:59:58Z
IDVZ,33.14,2026-03-13T19:14:00Z
IDX,13.7,2026-03-13T19:59:02Z
IDXX,573.68,2026-03-13T19:59:52Z
IDYA,33.115,2026-03-13T19:59:53Z
IDYN,28.72,2026-03-13T19:30:09Z
IE,12.35,2026-03-13T19:59:53Z
IEF,95.59,2026-03-13T19:59:57Z
IEFA,89.79,2026-03-13T19:59:58Z
IEI,118.74,2026-03-13T19:59:54Z
IEMG,69.74,2026-03-13T19:59:57Z
IEO,117.51,2026-03-13T19:34:28Z
IEP,7.65,2026-03-13T19:59:56Z
IESC,443.95,2026-03-13T19:56:53Z
IETC,91.29,2026-03-13T19:59:00Z
IEUR,69.87,2026-03-13T19:59:55Z
IEUS,66.05,2026-03-13T19:43:03Z
IEV,67.39,2026-03-13T19:59:55Z
IEX,188.09,2026-03-13T19:59:31Z
IEZ,26.57,2026-03-13T19:59:09Z
IFF,69.61,2026-03-13T19:59:53Z
IFGL,23.075,2026-03-13T17:58:06Z
IFLN,18.095,2026-03-13T14:47:00Z
IFN,11.85,2026-03-13T19:55:28Z
IFRA,57.48,2026-03-13T19:31:14Z
IFRX,0.9467,2026-03-13T19:46:14Z
IFS,44.8,2026-03-13T19:58:20Z
IFV,25.31,2026-03-13T18:39:36Z
IGA,9.56,2026-03-13T19:12:36Z
IGBH,23.77,2026-03-13T19:52:25Z
IGC,0.2827,2026-03-13T19:49:19Z
IGD,5.735,2026-03-13T19:59:29Z
IGE,60.74,2026-03-13T19:59:51Z
IGEB,44.86,2026-03-13T19:59:51Z
IGF,66.495,2026-03-13T19:59:49Z
IGHG,77.05,2026-03-13T19:16:15Z
IGIB,53.04,2026-03-13T19:59:51Z
IGIC,23.57,2026-03-13T19:50:00Z
IGLB,49.075,2026-03-13T19:59:55Z
IGLD,27.38,2026-03-13T18:15:19Z
IGM,122.04,2026-03-13T19:59:47Z
IGME,26.28,2026-03-13T14:03:05Z
IGOV,40.805,2026-03-13T19:57:44Z
IGPT,60.725,2026-03-13T19:59:39Z
IGR,4.55,2026-03-13T19:59:05Z
IGRO,83.065,2026-03-13T19:52:25Z
IGSB,52.46,2026-03-13T19:59:51Z
IGV,84.19,2026-03-13T19:59:53Z
IH,1.77,2026-03-13T18:04:34Z
IHAK,44.55,2026-03-13T19:55:30Z
IHD,6.39,2026-03-13T19:52:50Z
IHDG,48.4,2026-03-13T19:55:40Z
IHE,86.62,2026-03-13T19:57:56Z
IHF,43.68,2026-03-13T19:57:52Z
IHG,128.85,2026-03-13T19:59:41Z
IHI,54.67,2026-03-13T19:59:55Z
IHRT,2.67,2026-03-13T19:59:56Z
IHS,8.19,2026-03-13T19:59:57Z
IHY,21.37,2026-03-13T16:21:13Z
IIF,21.61,2026-03-13T18:40:14Z
III,4.03,2026-03-13T19:59:57Z
IIIN,31.39,2026-03-13T19:57:07Z
IIIV,23.21,2026-03-13T19:59:13Z
IIM,12.75,2026-03-13T19:35:43Z
IIPR,52.58,2026-03-13T19:58:38Z
IIPR-A,22.26,2026-03-13T18:30:54Z
IJAN,36.11,2026-03-13T18:27:51Z
IJH,66.89,2026-03-13T19:59:59Z
IJJ,130.76,2026-03-13T19:59:40Z
IJK,99.915,2026-03-13T19:59:36Z
IJR,122.065,2026-03-13T19:59:55Z
IJS,115.93,2026-03-13T19:59:51Z
IJT,142.68,2026-03-13T18:58:08Z
IJUN,29.22,2026-03-13T19:37:24Z
IKT,2.01,2026-03-13T19:59:51Z
ILCB,91.46,2026-03-13T19:29:43Z
ILCG,98.22,2026-03-13T19:59:06Z
ILCV,94.02,2026-03-13T19:12:06Z
ILDR,30.525,2026-03-13T18:55:47Z
ILF,33.16,2026-03-13T19:59:59Z
ILIT,17.32,2026-03-13T13:45:09Z
ILMN,118.9,2026-03-13T19:59:51Z
ILPT,6.065,2026-03-13T19:59:51Z
ILS,20.15,2026-03-13T18:45:27Z
IMA,5.92,2026-03-13T19:43:30Z
IMAR,29.15,2026-03-13T14:01:56Z
IMAX,38.09,2026-03-13T19:59:54Z
IMCB,83.51,2026-03-13T17:49:49Z
IMCG,79.55,2026-03-13T19:17:36Z
IMCR,30.89,2026-03-13T19:59:45Z
IMDX,4.88,2026-03-13T19:56:29Z
IMF,50.73,2026-03-13T13:30:03Z
IMFL,31.545,2026-03-13T19:59:54Z
IMKTA,88.6,2026-03-13T19:59:30Z
IMMP,0.4813,2026-03-13T19:59:55Z
IMMR,6.18,2026-03-13T19:59:55Z
IMMX,9.98,2026-03-13T19:59:50Z
IMNM,20.38,2026-03-13T19:59:51Z
IMO,120.81,2026-03-13T19:58:53Z
IMOM,40.19,2026-03-13T15:58:59Z
IMOS,37.955,2026-03-13T17:30:19Z
IMPP,4.62,2026-03-13T19:59:51Z
IMRX,5.05,2026-03-13T19:59:51Z
IMSR,6.47,2026-03-13T19:59:51Z
IMST,11.72,2026-03-13T13:30:41Z
IMTB,43.77,2026-03-13T15:58:31Z
IMTE,0.5425,2026-03-13T14:09:48Z
IMTM,47.67,2026-03-13T19:59:57Z
IMTX,9.225,2026-03-13T19:59:56Z
IMUX,1.185,2026-03-13T19:59:46Z
IMVP,21.3,2026-03-13T19:28:05Z
IMVT,24.405,2026-03-13T19:59:39Z
IMXI,15.79,2026-03-13T19:59:57Z
INAB,1.94,2026-03-13T16:49:32Z
INBK,19.615,2026-03-13T19:06:16Z
INBS,3.92,2026-03-13T19:30:20Z
INBX,69.01,2026-03-13T19:10:27Z
INCM,28.81,2026-03-13T19:58:50Z
INCO,56.42,2026-03-13T19:57:51Z
INCY,92.545,2026-03-13T19:59:52Z
INDA,48.03,2026-03-13T19:59:57Z
INDB,74.75,2026-03-13T19:59:43Z
INDE,26.41,2026-03-13T14:38:32Z
INDI,2.49,2026-03-13T19:59:55Z
INDL,44.945,2026-03-13T13:54:17Z
INDO,4.56,2026-03-13T19:58:36Z
INDV,31.11,2026-03-13T19:59:52Z
INDY,43.125,2026-03-13T19:59:38Z
INEO,0.48,2026-03-13T15:26:01Z
INEQ,38.34,2026-03-13T18:32:02Z
INFL,52.165,2026-03-13T19:50:05Z
INFQ,10.11,2026-03-13T19:59:49Z
INFQ+,4.7,2026-03-13T18:16:29Z
INFU,9.335,2026-03-13T19:59:58Z
INFY,13.29,2026-03-13T19:59:58Z
ING,25.535,2026-03-13T19:59:50Z
INGM,21.46,2026-03-13T19:59:52Z
INGN,6.06,2026-03-13T19:59:50Z
INGR,112.4,2026-03-13T19:59:43Z
INHD,1.14,2026-03-13T19:59:46Z
INKT,10.065,2026-03-13T17:42:06Z
INMB,1.29,2026-03-13T19:59:03Z
INMD,13.55,2026-03-13T19:59:56Z
INMU,24.15,2026-03-13T19:59:51Z
INN,4.11,2026-03-13T19:59:55Z
INN-E,18.26,2026-03-13T14:46:09Z
INNV,8.37,2026-03-13T19:58:38Z
INO,1.665,2026-03-13T19:59:50Z
INOD,42.37,2026-03-13T19:56:50Z
INQQ,11.89,2026-03-13T17:36:06Z
INR,18.27,2026-03-13T19:59:22Z
INRO,31.22,2026-03-13T19:10:29Z
INSE,6.59,2026-03-13T19:59:30Z
INSG,11.91,2026-03-13T19:52:22Z
INSM,139.515,2026-03-13T19:59:51Z
INSP,58.62,2026-03-13T19:59:51Z
INSW,65.88,2026-03-13T19:58:52Z
INTA,25.625,2026-03-13T19:59:54Z
INTC,45.8,2026-03-13T19:59:59Z
INTF,38.3,2026-03-13T19:59:08Z
INTJ,7.42,2026-03-13T14:19:58Z
INTR,7.8,2026-03-13T19:59:47Z
INTS,6.93,2026-03-13T19:56:35Z
INTT,13.925,2026-03-13T19:50:06Z
INTU,439.91,2026-03-13T19:59:58Z
INTW,57.06,2026-03-13T19:57:41Z
INTZ,1.065,2026-03-13T19:36:25Z
INUV,2.55,2026-03-13T19:44:40Z
INV,3.63,2026-03-13T19:59:52Z
INVA,22.04,2026-03-13T19:59:48Z
INVE,3.52,2026-03-13T19:59:23Z
INVH,24.99,2026-03-13T19:59:59Z
INVX,24.22,2026-03-13T19:59:52Z
INVZ,0.7002,2026-03-13T19:59:52Z
IOBT,0.1909,2026-03-13T19:59:47Z
IOCT,34.9,2026-03-13T18:05:06Z
IONL,15.81,2026-03-13T13:53:31Z
IONQ,33,2026-03-13T19:59:51Z
IONR,3.25,2026-03-13T19:54:13Z
IONS,71.21,2026-03-13T19:59:53Z
IONX,9.465,2026-03-13T19:59:44Z
IONZ,20.58,2026-03-13T19:59:50Z
IOO,122.34,2026-03-13T19:52:53Z
IOPP,24.04,2026-03-13T18:16:05Z
IOSP,68.655,2026-03-13T19:59:29Z
IOT,31.715,2026-03-13T19:59:50Z
IOVA,3.96,2026-03-13T19:59:58Z
IOYY,10.4,2026-03-13T18:23:59Z
IP,37.28,2026-03-13T19:59:59Z
IPAC,76.18,2026-03-13T16:37:29Z
IPAR,91.51,2026-03-13T19:59:28Z
IPDN,1.23,2026-03-13T19:45:56Z
IPGP,110.95,2026-03-13T19:59:56Z
IPHA,1.48,2026-03-13T15:44:18Z
IPI,45.14,2026-03-13T19:55:36Z
IPKW,55.49,2026-03-13T19:53:40Z
IPM,1.955,2026-03-13T19:59:52Z
IPO,42.62,2026-03-13T17:27:17Z
IPOS,18.62,2026-03-13T14:24:23Z
IPSC,2.34,2026-03-13T19:59:58Z
IPST,0.4929,2026-03-13T18:06:09Z
IPW,1.92,2026-03-13T19:59:51Z
IPWR,3.19,2026-03-13T19:52:42Z
IPX,34.7,2026-03-13T19:56:46Z
IQ,1.31,2026-03-13T19:59:40Z
IQDF,31.32,2026-03-13T19:20:54Z
IQDG,40.78,2026-03-13T14:28:03Z
IQDY,37.485,2026-03-13T16:27:55Z
IQI,10.025,2026-03-13T19:50:29Z
IQLT,45.94,2026-03-13T19:58:34Z
IQM,90.85,2026-03-13T15:22:52Z
IQQQ,42.96,2026-03-13T19:55:09Z
IQST,1.82,2026-03-13T15:36:21Z
IQV,164.7,2026-03-13T19:59:55Z
IR,82.105,2026-03-13T19:59:54Z
IRD,5.035,2026-03-13T19:59:49Z
IRDM,24.87,2026-03-13T19:59:57Z
IRE,5.11,2026-03-13T19:59:58Z
IREG,14.77,2026-03-13T18:49:35Z
IREN,41.58,2026-03-13T19:59:52Z
IREX,26.53,2026-03-13T19:27:48Z
IREZ,22.94,2026-03-13T19:57:04Z
IRM,106.825,2026-03-13T19:59:51Z
IRMD,99.85,2026-03-13T19:59:19Z
IRON,60.035,2026-03-13T19:59:55Z
IRS,14.51,2026-03-13T19:55:53Z
IRT,15.81,2026-03-13T19:59:59Z
IRTC,113.07,2026-03-13T19:59:27Z
IRWD,3.38,2026-03-13T19:59:58Z
ISBA,44.04,2026-03-13T19:52:28Z
ISCB,65.41,2026-03-13T13:33:26Z
ISCF,41.715,2026-03-13T19:36:07Z
ISCG,54.875,2026-03-13T19:12:58Z
ISD,13.21,2026-03-13T19:58:26Z
ISHG,73.93,2026-03-13T16:06:21Z
ISOU,10.6,2026-03-13T19:51:26Z
ISPC,0.2864,2026-03-13T19:59:55Z
ISPR,1.665,2026-03-13T19:59:52Z
ISPY,44,2026-03-13T19:42:09Z
ISRG,472.255,2026-03-13T19:59:54Z
ISSC,27.73,2026-03-13T19:58:25Z
ISTB,48.45,2026-03-13T19:59:52Z
ISTR,26.57,2026-03-13T19:59:50Z
ISUL,25.36,2026-03-13T19:59:50Z
ISVL,47.23,2026-03-13T19:55:28Z
ISWN,21.73,2026-03-13T14:15:00Z
IT,166.74,2026-03-13T19:59:54Z
ITA,229.4,2026-03-13T19:59:53Z
ITAN,36.09,2026-03-13T15:47:00Z
ITB,93.105,2026-03-13T19:59:57Z
ITDB,32.81,2026-03-13T18:09:50Z
ITDC,33.88,2026-03-13T19:59:50Z
ITDG,37.69,2026-03-13T14:25:19Z
ITGR,83.035,2026-03-13T19:59:53Z
ITHA,9.89,2026-03-13T17:32:11Z
ITIC,221.215,2026-03-13T14:13:36Z
ITM,47.04,2026-03-13T19:56:05Z
ITOC,0.3001,2026-03-13T18:24:08Z
ITOT,144.56,2026-03-13T19:59:59Z
ITRG,3.165,2026-03-13T19:59:51Z
ITRI,90.01,2026-03-13T19:59:55Z
ITRM,0.1721,2026-03-13T19:55:25Z
ITRN,49.78,2026-03-13T19:57:31Z
ITT,187.855,2026-03-13T19:59:52Z
ITUB,7.98,2026-03-13T19:59:50Z
ITW,267.06,2026-03-13T19:59:51Z
IUS,58.48,2026-03-13T18:58:21Z
IUSB,46.175,2026-03-13T19:59:54Z
IUSG,159.81,2026-03-13T19:59:31Z
IUSV,102.43,2026-03-13T19:59:36Z
IVA,5.995,2026-03-13T19:36:27Z
IVAL,33.56,2026-03-13T19:06:52Z
IVDA,0.29,2026-03-13T19:06:43Z
IVE,211.73,2026-03-13T19:59:20Z
IVES,29.825,2026-03-13T19:59:46Z
IVF,0.9,2026-03-13T15:44:06Z
IVLU,38.855,2026-03-13T19:56:26Z
IVOL,18.755,2026-03-13T19:59:28Z
IVOO,113.11,2026-03-13T15:37:38Z
IVR,8.07,2026-03-13T19:59:55Z
IVT,31.25,2026-03-13T19:59:57Z
IVV,665.205,2026-03-13T19:59:59Z
IVVB,32.63,2026-03-13T18:34:27Z
IVVD,1.745,2026-03-13T19:59:53Z
IVVM,34.25,2026-03-13T15:08:12Z
IVW,116.73,2026-03-13T19:59:59Z
IVZ,22.99,2026-03-13T19:59:56Z
IWB,362.48,2026-03-13T19:59:51Z
IWC,160.02,2026-03-13T19:59:19Z
IWD,214.71,2026-03-13T19:59:53Z
IWF,438.32,2026-03-13T19:59:59Z
IWL,164.06,2026-03-13T19:35:26Z
IWLG,49.41,2026-03-13T17:40:41Z
IWM,246.56,2026-03-13T19:59:59Z
IWMI,47.5,2026-03-13T19:59:51Z
IWMY,18.27,2026-03-13T18:57:30Z
IWN,186.64,2026-03-13T19:59:55Z
IWO,315.395,2026-03-13T19:59:54Z
IWP,129.67,2026-03-13T19:59:54Z
IWR,97.06,2026-03-13T19:59:48Z
IWS,144.83,2026-03-13T19:59:50Z
IWV,376.06,2026-03-13T19:59:56Z
IWX,93.49,2026-03-13T19:59:48Z
IWY,256.04,2026-03-13T19:59:53Z
IX,29.92,2026-03-13T19:59:50Z
IXC,54.01,2026-03-13T19:59:43Z
IXG,111.515,2026-03-13T19:54:13Z
IXHL,3.265,2026-03-13T19:57:03Z
IXJ,94.26,2026-03-13T19:47:27Z
IXN,102.59,2026-03-13T19:41:40Z
IXP,118.27,2026-03-13T19:56:23Z
IXUS,86.025,2026-03-13T19:59:55Z
IYC,98,2026-03-13T19:51:43Z
IYE,60.92,2026-03-13T19:59:55Z
IYF,116.085,2026-03-13T19:59:24Z
IYG,81.455,2026-03-13T19:58:45Z
IYH,62.51,2026-03-13T19:59:31Z
IYJ,148.98,2026-03-13T19:59:40Z
IYK,72.75,2026-03-13T19:59:47Z
IYLD,21.67,2026-03-13T19:59:46Z
IYM,174.06,2026-03-13T18:40:45Z
IYR,97.52,2026-03-13T19:59:59Z
IYRI,49,2026-03-13T15:02:45Z
IYT,73.255,2026-03-13T19:59:55Z
IYW,187.16,2026-03-13T19:59:55Z
IYY,161.4,2026-03-13T16:56:13Z
IYZ,39.06,2026-03-13T19:59:56Z
IZEA,3.55,2026-03-13T19:54:46Z
IZRL,27.815,2026-03-13T17:44:28Z
J,128.01,2026-03-13T19:59:38Z
JAAA,50.36,2026-03-13T19:59:59Z
JACK,12.69,2026-03-13T19:59:50Z
JAGU,1.51,2026-03-13T19:37:38Z
JAGX,0.4975,2026-03-13T19:59:25Z
JAJL,29.13,2026-03-13T19:59:21Z
JAKK,19.74,2026-03-13T19:59:58Z
JANH,24.4,2026-03-13T19:09:07Z
JANJ,24.53,2026-03-13T17:03:24Z
JANP,32.25,2026-03-13T15:15:23Z
JANT,40.74,2026-03-13T14:20:18Z
JANU,27.63,2026-03-13T18:58:52Z
JANW,36.65,2026-03-13T19:13:33Z
JANX,13.58,2026-03-13T19:59:56Z
JAPN,23.2,2026-03-13T19:59:23Z
JAVA,71.53,2026-03-13T19:55:31Z
JAZZ,178.44,2026-03-13T19:59:49Z
JBBB,46.865,2026-03-13T19:56:10Z
JBDI,0.7,2026-03-13T14:15:20Z
JBGS,14.315,2026-03-13T19:59:53Z
JBHT,200.21,2026-03-13T19:59:22Z
JBI,5.15,2026-03-13T19:59:56Z
JBIO,13.92,2026-03-13T19:56:11Z
JBL,250.73,2026-03-13T19:59:37Z
JBLU,4.12,2026-03-13T19:59:58Z
JBND,53.74,2026-03-13T19:59:52Z
JBS,15.08,2026-03-13T19:59:58Z
JBSS,75.74,2026-03-13T15:34:08Z
JBTM,129.58,2026-03-13T19:59:47Z
JCAP,19.84,2026-03-13T19:59:46Z
JCE,14.91,2026-03-13T19:16:12Z
JCI,130.18,2026-03-13T19:59:47Z
JCPB,47.03,2026-03-13T19:59:45Z
JCPI,48.38,2026-03-13T19:47:45Z
JCTC,1.77,2026-03-13T17:33:53Z
JD,28.33,2026-03-13T19:59:59Z
JDIV,53.24,2026-03-13T16:11:06Z
JDST,35.56,2026-03-13T19:52:27Z
JDZG,0.1093,2026-03-13T19:57:10Z
JEDI,26.67,2026-03-13T14:55:21Z
JEF,36.37,2026-03-13T19:59:55Z
JELD,1.49,2026-03-13T19:59:57Z
JEM,0.0931,2026-03-13T19:18:48Z
JEMA,52.35,2026-03-13T16:11:40Z
JEMB,52.99,2026-03-13T17:46:11Z
JEPI,57.085,2026-03-13T19:59:48Z
JEPQ,56.57,2026-03-13T19:59:49Z
JETD,5.1,2026-03-13T19:59:28Z
JETS,24.05,2026-03-13T19:59:52Z
JFB,18.12,2026-03-13T19:40:21Z
JFBR,3.84,2026-03-13T14:25:17Z
JFIN,5.9,2026-03-13T18:00:03Z
JFLX,49.73,2026-03-13T19:54:02Z
JFR,7.305,2026-03-13T19:58:08Z
JGH,12.45,2026-03-13T19:37:07Z
JGLO,65.72,2026-03-13T19:59:55Z
JGRO,85.8,2026-03-13T19:59:14Z
JGRW,25.31,2026-03-13T14:31:02Z
JHAI,26.48,2026-03-13T19:59:45Z
JHCB,21.17,2026-03-13T15:26:13Z
JHCR,25.43,2026-03-13T18:52:20Z
JHEM,34.39,2026-03-13T19:59:46Z
JHG,50.15,2026-03-13T19:59:50Z
JHI,13.38,2026-03-13T14:53:27Z
JHID,39.76,2026-03-13T19:17:18Z
JHMB,22.15,2026-03-13T14:08:38Z
JHMD,41.895,2026-03-13T19:26:38Z
JHML,79.02,2026-03-13T16:58:51Z
JHMM,66.66,2026-03-13T19:58:49Z
JHMU,26.34,2026-03-13T19:10:06Z
JHPI,22.9,2026-03-13T19:57:02Z
JHS,11.03,2026-03-13T18:52:05Z
JHSC,42.48,2026-03-13T18:05:02Z
JHX,19.64,2026-03-13T19:59:55Z
JIG,75.21,2026-03-13T16:58:51Z
JILL,15.36,2026-03-13T19:58:09Z
JIRE,75.29,2026-03-13T19:58:05Z
JIVE,83.57,2026-03-13T19:59:52Z
JJSF,82.19,2026-03-13T19:58:37Z
JKHY,168.93,2026-03-13T19:59:35Z
JKS,25.6,2026-03-13T19:59:49Z
JL,5,2026-03-13T16:05:07Z
JLL,299.22,2026-03-13T19:59:52Z
JLS,18.26,2026-03-13T18:59:49Z
JMBS,45.44,2026-03-13T19:59:59Z
JMEE,65.8,2026-03-13T19:59:50Z
JMHI,50.2,2026-03-13T18:21:22Z
JMIA,7.23,2026-03-13T19:59:56Z
JMID,28.13,2026-03-13T15:46:19Z
JMM,5.8,2026-03-13T19:27:53Z
JMOM,68.73,2026-03-13T18:06:46Z
JMSB,19.945,2026-03-13T18:02:17Z
JMSI,50.3,2026-03-13T17:29:17Z
JMST,51.03,2026-03-13T19:59:30Z
JMTG,50.96,2026-03-13T19:59:51Z
JMUB,50.52,2026-03-13T19:52:43Z
JNJ,241.575,2026-03-13T19:59:57Z
JNK,95.27,2026-03-13T19:59:53Z
JNUG,221.71,2026-03-13T19:59:00Z
JOB,0.2392,2026-03-13T18:48:53Z
JOBY,9.7,2026-03-13T19:59:58Z
JOBY+,1.61,2026-03-13T19:59:52Z
JOE,70.42,2026-03-13T19:52:58Z
JOET,40.34,2026-03-13T16:26:35Z
JOF,10.755,2026-03-13T18:09:13Z
JOUT,43.99,2026-03-13T19:51:10Z
JOYY,61.71,2026-03-13T19:58:46Z
JPC,7.96,2026-03-13T19:29:29Z
JPEF,73.115,2026-03-13T19:59:49Z
JPEM,62.02,2026-03-13T19:16:01Z
JPIB,47.785,2026-03-13T19:57:22Z
JPIE,46.015,2026-03-13T19:59:00Z
JPIN,70.61,2026-03-13T18:40:14Z
JPLD,52.32,2026-03-13T19:59:56Z
JPM,283.48,2026-03-13T19:59:56Z
JPM-C,25.085,2026-03-13T18:54:24Z
JPM-D,24.69,2026-03-13T19:59:25Z
JPM-J,19.82,2026-03-13T19:57:05Z
JPM-K,18.93,2026-03-13T19:51:19Z
JPM-L,19.37,2026-03-13T18:35:26Z
JPM-M,17.81,2026-03-13T19:57:59Z
JPMB,39.455,2026-03-13T19:24:22Z
JPO,13.64,2026-03-13T15:47:26Z
JPRE,49.605,2026-03-13T15:20:42Z
JPSE,51.67,2026-03-13T17:42:28Z
JPST,50.52,2026-03-13T19:59:58Z
JPXN,90.705,2026-03-13T15:09:30Z
JQC,4.71,2026-03-13T19:51:11Z
JQUA,62.16,2026-03-13T19:59:55Z
JRI,12.6,2026-03-13T19:59:58Z
JRS,7.68,2026-03-13T14:22:47Z
JRVR,6.4,2026-03-13T19:59:56Z
JSCP,47.305,2026-03-13T19:59:52Z
JSI,51.825,2026-03-13T18:21:27Z
JSML,69.95,2026-03-13T18:03:46Z
JSPR,1.22,2026-03-13T19:59:50Z
JTAI,0.0971,2026-03-13T19:59:31Z
JTEK,81.47,2026-03-13T19:59:47Z
JULJ,24.99,2026-03-13T17:03:25Z
JULT,44.38,2026-03-13T17:33:30Z
JULU,29.02,2026-03-13T18:53:08Z
JULW,38.9,2026-03-13T19:47:09Z
JUNS,0.4194,2026-03-13T19:56:02Z
JUNZ,31.73,2026-03-13T17:22:10Z
JUST,93.89,2026-03-13T19:30:04Z
JVA,3.1,2026-03-13T19:43:18Z
JVAL,49.03,2026-03-13T19:16:15Z
JXG,3.46,2026-03-13T19:54:16Z
JXI,87.115,2026-03-13T19:58:53Z
JXN,104.44,2026-03-13T19:54:55Z
JXN-A,26.11,2026-03-13T19:54:52Z
JYNT,8.39,2026-03-13T19:57:58Z
JZXN,1.15,2026-03-13T19:57:23Z
KAI,305.245,2026-03-13T19:58:39Z
KALA,0.2708,2026-03-13T19:57:29Z
KALU,117.53,2026-03-13T19:59:42Z
KALV,16.95,2026-03-13T19:59:59Z
KAMO,24.83,2026-03-13T19:52:09Z
KAPA,0.62,2026-03-13T16:53:23Z
KARO,47.695,2026-03-13T19:46:29Z
KARS,32.1,2026-03-13T14:30:26Z
KAT,54.665,2026-03-13T19:56:58Z
KB,99.345,2026-03-13T19:59:48Z
KBA,30.29,2026-03-13T19:35:20Z
KBDC,13.64,2026-03-13T19:59:38Z
KBE,57.835,2026-03-13T19:59:45Z
KBFR,24.17,2026-03-13T14:18:27Z
KBH,52.96,2026-03-13T19:59:54Z
KBONU,10.23,2026-03-13T16:26:28Z
KBR,36.66,2026-03-13T19:59:56Z
KBUF,29.03,2026-03-13T18:46:15Z
KBWB,75.82,2026-03-13T19:59:55Z
KBWD,12.495,2026-03-13T19:59:45Z
KBWP,121.28,2026-03-13T13:58:22Z
KBWY,15.54,2026-03-13T19:50:48Z
KC,13.54,2026-03-13T19:59:56Z
KCCA,14.97,2026-03-13T19:18:38Z
KCE,136.06,2026-03-13T15:45:28Z
KCOP,22.685,2026-03-13T17:42:50Z
KD,12.35,2026-03-13T19:59:59Z
KDEC,25.64,2026-03-13T14:28:20Z
KDEF,58.69,2026-03-13T19:59:20Z
KDK,8.465,2026-03-13T19:58:17Z
KDKRW,1.3,2026-03-13T19:59:06Z
KDP,27.41,2026-03-13T19:59:57Z
KE,22.69,2026-03-13T19:37:31Z
KEAT,33.75,2026-03-13T16:58:51Z
KELYA,8.54,2026-03-13T19:59:58Z
KEMQ,23,2026-03-13T19:42:42Z
KEMX,39.78,2026-03-13T19:52:54Z
KEP,16.21,2026-03-13T19:59:54Z
KEQU,34.7,2026-03-13T19:59:34Z
KEX,124.92,2026-03-13T19:59:57Z
KEY,18.89,2026-03-13T19:59:57Z
KEY-I,24.98,2026-03-13T19:57:59Z
KEY-J,21.68,2026-03-13T18:53:05Z
KEY-L,24.98,2026-03-13T17:28:20Z
KEYS,279.75,2026-03-13T19:59:50Z
KF,45.885,2026-03-13T17:02:02Z
KFEB,27.99,2026-03-13T15:13:44Z
KFRC,26.05,2026-03-13T19:59:27Z
KFS,10.405,2026-03-13T19:59:51Z
KFY,60.67,2026-03-13T19:59:43Z
KG,10.6,2026-03-13T15:55:47Z
KGC,30.57,2026-03-13T19:59:56Z
KGEI,4.81,2026-03-13T19:59:57Z
KGLD,34.87,2026-03-13T19:52:42Z
KGRN,29.38,2026-03-13T14:34:31Z
KGS,54.285,2026-03-13T19:59:28Z
KHC,22.6,2026-03-13T19:59:59Z
KHPI,25.03,2026-03-13T19:53:11Z
KHYB,24.22,2026-03-13T19:55:44Z
KIDS,17.315,2026-03-13T19:59:09Z
KIDZ,2.86,2026-03-13T19:59:41Z
KIE,55.41,2026-03-13T19:59:56Z
KIM,22.91,2026-03-13T19:59:57Z
KIM-L,19.84,2026-03-13T15:21:06Z
KIM-M,20.205,2026-03-13T18:44:48Z
KIM-N,60.84,2026-03-13T14:02:03Z
KINS,15.24,2026-03-13T19:59:03Z
KIO,10.825,2026-03-13T19:50:01Z
KITT,0.7081,2026-03-13T19:57:43Z
KJAN,41.51,2026-03-13T18:52:26Z
KJUL,31.81,2026-03-13T14:18:27Z
KJUN,28.01,2026-03-13T17:42:49Z
KKR,85.955,2026-03-13T19:59:54Z
KKR-D,38.36,2026-03-13T19:43:38Z
KKRT,24.74,2026-03-13T19:35:56Z
KLAC,1417.55,2026-03-13T19:59:54Z
KLAG,19.73,2026-03-13T16:26:15Z
KLAR,15.9,2026-03-13T19:59:54Z
KLC,1.94,2026-03-13T19:59:56Z
KLIC,64.335,2026-03-13T19:59:26Z
KLIP,27.05,2026-03-13T18:19:19Z
KLMN,27.215,2026-03-13T19:57:09Z
KLRS,8.715,2026-03-13T19:07:19Z
KLTR,1.36,2026-03-13T19:59:58Z
KLXE,2.7,2026-03-13T19:59:55Z
KMAR,28.94,2026-03-13T19:33:27Z
KMB,98.84,2026-03-13T19:59:56Z
KMDA,8.64,2026-03-13T19:32:05Z
KMI,33.39,2026-03-13T19:59:58Z
KMLI,8.71,2026-03-13T18:30:40Z
KMLM,27.85,2026-03-13T19:54:49Z
KMPR,29.68,2026-03-13T19:59:48Z
KMRK,2.27,2026-03-13T19:58:25Z
KMT,38.2,2026-03-13T19:59:36Z
KMTS,19.085,2026-03-13T19:59:54Z
KMX,41.86,2026-03-13T19:59:55Z
KN,24.74,2026-03-13T19:59:53Z
KNDI,0.96,2026-03-13T15:17:53Z
KNF,78.48,2026-03-13T19:59:50Z
KNG,49.51,2026-03-13T19:59:35Z
KNOP,10.165,2026-03-13T19:40:48Z
KNRG,25.705,2026-03-13T19:56:24Z
KNRX,1.105,2026-03-13T19:58:46Z
KNSA,45.785,2026-03-13T19:59:53Z
KNSL,362.76,2026-03-13T19:59:03Z
KNTK,44.82,2026-03-13T19:59:43Z
KNX,51.88,2026-03-13T19:59:50Z
KO,77.34,2026-03-13T19:59:59Z
KOD,23.195,2026-03-13T19:59:36Z
KODK,6.975,2026-03-13T19:59:49Z
KOF,96.925,2026-03-13T19:56:37Z
KOID,32.65,2026-03-13T18:35:19Z
KOLD,19.055,2026-03-13T19:59:50Z
KOMP,59.985,2026-03-13T17:07:35Z
KOP,37.75,2026-03-13T19:59:00Z
KOPN,2.09,2026-03-13T19:59:57Z
KORE,8.99,2026-03-13T19:14:09Z
KORP,46.48,2026-03-13T19:58:48Z
KORU,318.64,2026-03-13T19:59:53Z
KOS,2.33,2026-03-13T19:59:59Z
KOSS,3.93,2026-03-13T19:44:54Z
KPDD,9.05,2026-03-13T17:28:05Z
KPLT,6.73,2026-03-13T16:20:35Z
KPRX,2.11,2026-03-13T18:43:19Z
KPTI,7.85,2026-03-13T19:59:37Z
KQQQ,25.44,2026-03-13T19:07:42Z
KR,75.595,2026-03-13T19:59:54Z
KRBN,28.29,2026-03-13T15:30:01Z
KRC,28.5,2026-03-13T19:59:52Z
KRE,63.12,2026-03-13T19:59:58Z
KREF,6.56,2026-03-13T19:59:56Z
KREF-A,17.66,2026-03-13T15:45:36Z
KRG,25.13,2026-03-13T19:59:58Z
KRMD,4.3,2026-03-13T19:59:54Z
KRMN,99.98,2026-03-13T19:59:49Z
KRNT,13.75,2026-03-13T19:59:45Z
KRNY,7.25,2026-03-13T19:59:58Z
KRO,5.15,2026-03-13T19:59:44Z
KROP,35.52,2026-03-13T14:31:38Z
KROS,11,2026-03-13T19:59:41Z
KRP,14.715,2026-03-13T19:59:47Z
KRRO,12.775,2026-03-13T19:59:53Z
KRSP+,0.85,2026-03-13T15:40:08Z
KRT,26.94,2026-03-13T19:59:13Z
KRUS,57.42,2026-03-13T19:59:58Z
KRYS,247.365,2026-03-13T19:59:49Z
KSA,37.6,2026-03-13T19:58:20Z
KSCP,3.815,2026-03-13T19:56:26Z
KSEP,27.94,2026-03-13T19:42:38Z
KSLV,38.52,2026-03-13T18:01:01Z
KSPI,68.805,2026-03-13T19:59:37Z
KSPY,27.7,2026-03-13T13:35:05Z
KSS,13.175,2026-03-13T19:59:57Z
KSTR,19.31,2026-03-13T18:38:19Z
KT,21.225,2026-03-13T19:59:52Z
KTB,67.485,2026-03-13T19:59:49Z
KTEC,14.2,2026-03-13T19:59:50Z
KTF,9.14,2026-03-13T18:36:51Z
KTH,29.17,2026-03-13T15:59:33Z
KTOS,87.5,2026-03-13T19:59:57Z
KTTA,0.82,2026-03-13T19:59:59Z
KTUP,26.46,2026-03-13T13:59:30Z
KULR,2.76,2026-03-13T19:59:57Z
KURA,8.66,2026-03-13T19:59:43Z
KUST,0.9314,2026-03-13T19:03:38Z
KVHI,7.09,2026-03-13T19:58:32Z
KVUE,17.5,2026-03-13T19:59:59Z
KVYO,19.115,2026-03-13T19:59:57Z
KW,10.87,2026-03-13T19:59:59Z
KWEB,30.17,2026-03-13T19:59:55Z
KWIN,25.465,2026-03-13T19:44:28Z
KWM,0.629,2026-03-13T14:20:43Z
KWR,118.47,2026-03-13T19:59:45Z
KWT,36.54,2026-03-13T15:13:18Z
KXI,68.79,2026-03-13T19:58:06Z
KYIV,11.065,2026-03-13T19:59:55Z
KYLD,19.16,2026-03-13T18:26:10Z
KYMR,79.075,2026-03-13T19:59:41Z
KYN,14.06,2026-03-13T19:58:53Z
KYTX,8.965,2026-03-13T19:59:51Z
KZIA,7.37,2026-03-13T19:20:27Z
L,108.01,2026-03-13T19:59:46Z
LAB,0.9353,2026-03-13T19:59:59Z
LABD,19.965,2026-03-13T19:59:37Z
LABU,148.93,2026-03-13T19:59:56Z
LABX,18.75,2026-03-13T19:52:08Z
LAC,4.395,2026-03-13T19:59:49Z
LAD,254.895,2026-03-13T19:59:19Z
LADR,10.02,2026-03-13T19:59:57Z
LAES,3.88,2026-03-13T19:59:59Z
LAKE,8.8,2026-03-13T19:56:56Z
LALT,24.9,2026-03-13T19:57:43Z
LAMR,134.12,2026-03-13T19:59:48Z
LAND,11.37,2026-03-13T19:59:47Z
LANDO,20.06,2026-03-13T17:59:27Z
LANDP,19.9,2026-03-13T19:10:37Z
LANV,1.995,2026-03-13T17:00:53Z
LAR,6.745,2026-03-13T19:59:54Z
LASE,1.075,2026-03-13T19:59:24Z
LASR,62.56,2026-03-13T19:59:29Z
LAUR,34.28,2026-03-13T19:59:54Z
LAW,4.49,2026-03-13T19:59:35Z
LAZ,40.535,2026-03-13T19:59:54Z
LB,74.57,2026-03-13T19:58:35Z
LBGJ,0.1009,2026-03-13T19:59:29Z
LBRDA,50.545,2026-03-13T19:59:49Z
LBRDK,50.74,2026-03-13T19:59:58Z
LBRT,30.22,2026-03-13T19:59:54Z
LBRX,25.72,2026-03-13T19:59:31Z
LBTYA,12.18,2026-03-13T19:59:51Z
LBTYK,11.92,2026-03-13T19:59:55Z
LC,13.8,2026-03-13T19:59:55Z
LCAP,29.45,2026-03-13T17:32:23Z
LCDL,2.48,2026-03-13T19:59:48Z
LCID,9.9,2026-03-13T19:59:57Z
LCII,123.15,2026-03-13T19:57:22Z
LCLG,60.23,2026-03-13T19:08:05Z
LCNB,16.245,2026-03-13T19:59:51Z
LCTD,55.165,2026-03-13T17:16:49Z
LCTU,71.37,2026-03-13T19:12:57Z
LCTX,1.62,2026-03-13T19:59:56Z
LCUT,3.61,2026-03-13T18:47:31Z
LDI,1.58,2026-03-13T19:59:56Z
LDOS,173.91,2026-03-13T19:59:48Z
LDP,20.45,2026-03-13T19:42:11Z
LDRC,25.225,2026-03-13T15:00:45Z
LDRH,24.57,2026-03-13T14:43:03Z
LDRI,25.42,2026-03-13T13:39:54Z
LDRT,25.245,2026-03-13T19:54:07Z
LDRX,31.32,2026-03-13T16:44:21Z
LDSF,18.98,2026-03-13T19:59:46Z
LDUR,95.635,2026-03-13T19:59:00Z
LE,13.84,2026-03-13T19:59:38Z
LEA,114.15,2026-03-13T19:59:57Z
LECO,257.76,2026-03-13T19:57:29Z
LEE,9.39,2026-03-13T18:45:09Z
LEG,10.19,2026-03-13T19:59:58Z
LEGH,18.85,2026-03-13T19:59:16Z
LEGN,18.755,2026-03-13T19:59:56Z
LEGR,58.4,2026-03-13T14:05:13Z
LEMB,40.845,2026-03-13T19:58:03Z
LEN,94.99,2026-03-13T19:59:49Z
LEN.B,89.78,2026-03-13T19:59:17Z
LENZ,12.16,2026-03-13T19:59:58Z
LEO,6.26,2026-03-13T19:59:15Z
LESL,1.185,2026-03-13T19:58:19Z
LEU,209.59,2026-03-13T19:59:59Z
LEUX,25.85,2026-03-13T15:50:56Z
LEVI,17.915,2026-03-13T19:59:56Z
LEXX,0.69,2026-03-13T17:27:10Z
LFCR,6.58,2026-03-13T19:59:51Z
LFGY,21.51,2026-03-13T18:56:28Z
LFMD,3.98,2026-03-13T19:59:54Z
LFS,2.28,2026-03-13T18:31:36Z
LFST,6.33,2026-03-13T19:59:50Z
LFT,1.43,2026-03-13T19:58:21Z
LFUS,325.68,2026-03-13T19:59:58Z
LFVN,5.2,2026-03-13T19:59:14Z
LFWD,6.63,2026-03-13T19:17:34Z
LGCB,1.59,2026-03-13T18:20:32Z
LGCY,13.545,2026-03-13T19:09:52Z
LGH,58.67,2026-03-13T19:35:16Z
LGHL,1.24,2026-03-13T14:44:47Z
LGI,17.5,2026-03-13T19:48:40Z
LGIH,41.23,2026-03-13T19:59:51Z
LGN,50.83,2026-03-13T19:59:59Z
LGND,202.54,2026-03-13T19:59:42Z
LGO,1.255,2026-03-13T19:57:34Z
LGOV,21.635,2026-03-13T19:10:02Z
LGVN,0.9979,2026-03-13T19:58:58Z
LH,263.74,2026-03-13T19:59:50Z
LHAI,1.4,2026-03-13T19:53:16Z
LHSW,0.1785,2026-03-13T15:57:09Z
LHX,359.07,2026-03-13T19:59:59Z
LI,17.32,2026-03-13T19:59:59Z
LICN,2.99,2026-03-13T19:39:11Z
LIDR,1.595,2026-03-13T19:59:34Z
LIEN,9.94,2026-03-13T19:46:03Z
LIF,41.16,2026-03-13T19:59:53Z
LIFE,12.08,2026-03-13T19:58:44Z
LII,480.825,2026-03-13T19:59:58Z
LILA,7.58,2026-03-13T19:59:52Z
LILAK,7.765,2026-03-13T19:59:54Z
LIMN,0.2356,2026-03-13T19:55:51Z
LIN,493.89,2026-03-13T19:59:57Z
LINC,37.615,2026-03-13T19:59:41Z
LIND,16.165,2026-03-13T19:59:47Z
LINE,36.44,2026-03-13T19:59:39Z
LINT,36.16,2026-03-13T18:59:19Z
LION,9.73,2026-03-13T19:59:50Z
LIT,70.37,2026-03-13T19:59:50Z
LITB,2.53,2026-03-13T16:01:32Z
LITE,622.14,2026-03-13T19:59:51Z
LITM,2.38,2026-03-13T19:59:10Z
LITP,12.3,2026-03-13T19:32:56Z
LITS,1.175,2026-03-13T19:59:55Z
LITX,24.985,2026-03-13T19:51:43Z
LIVN,58.41,2026-03-13T19:59:59Z
LIXT,3.15,2026-03-13T19:15:35Z
LJAN,24.27,2026-03-13T17:52:36Z
LKFN,56.66,2026-03-13T19:55:00Z
LKQ,29.315,2026-03-13T19:59:50Z
LLII,23.86,2026-03-13T17:29:30Z
LLY,985.47,2026-03-13T19:59:57Z
LLYVA,90.08,2026-03-13T19:56:18Z
LLYVK,92.14,2026-03-13T19:59:45Z
LLYX,20.11,2026-03-13T19:45:27Z
LMAT,107.87,2026-03-13T19:58:32Z
LMB,80,2026-03-13T19:56:30Z
LMBS,50.01,2026-03-13T19:45:00Z
LMFA,0.3101,2026-03-13T19:04:18Z
LMND,55.15,2026-03-13T19:59:51Z
LMNR,13.2,2026-03-13T19:57:04Z
LMNX,14.7,2026-03-13T19:57:54Z
LMRI,12.22,2026-03-13T19:59:49Z
LMT,646.555,2026-03-13T19:59:46Z
LMUB,50.41,2026-03-13T19:54:48Z
LNAI,0.1834,2026-03-13T19:59:44Z
LNC,32.6,2026-03-13T19:59:53Z
LNC-D,26.38,2026-03-13T19:55:06Z
LND,4.28,2026-03-13T19:59:00Z
LNG,252.27,2026-03-13T19:59:43Z
LNGX,44.04,2026-03-13T15:58:14Z
LNKB,8.28,2026-03-13T19:55:38Z
LNN,125.21,2026-03-13T19:54:14Z
LNOK,31.53,2026-03-13T18:21:24Z
LNSR,9.97,2026-03-13T19:55:46Z
LNT,72.78,2026-03-13T19:59:50Z
LNTH,79.49,2026-03-13T19:59:58Z
LOAN,4.31,2026-03-13T17:40:00Z
LOAR,64.66,2026-03-13T19:59:48Z
LOB,32.23,2026-03-13T19:59:40Z
LOCL,1.11,2026-03-13T19:00:00Z
LOCO,12.7,2026-03-13T19:59:53Z
LODE,3.14,2026-03-13T19:59:54Z
LODI,25.25,2026-03-13T19:52:48Z
LOGI,92.74,2026-03-13T19:59:50Z
LOGO,19.5,2026-03-13T17:18:31Z
LOMA,10.015,2026-03-13T19:59:53Z
LONA,7.84,2026-03-13T19:59:37Z
LONZ,49.27,2026-03-13T18:14:07Z
LOPE,163.81,2026-03-13T19:57:40Z
LOT,1.15,2026-03-13T15:00:37Z
LOUP,71.5,2026-03-13T16:05:00Z
LOVE,10.66,2026-03-13T19:59:52Z
LOW,237.57,2026-03-13T19:59:58Z
LPA,2.65,2026-03-13T19:26:51Z
LPBBW,0.1746,2026-03-13T19:00:00Z
LPCN,7.61,2026-03-13T19:56:58Z
LPG,29.13,2026-03-13T19:59:52Z
LPL,3.88,2026-03-13T19:59:56Z
LPLA,288.99,2026-03-13T19:59:55Z
LPRO,1.44,2026-03-13T19:59:57Z
LPSN,2.66,2026-03-13T19:59:35Z
LPTH,10.505,2026-03-13T19:59:48Z
LPX,75.82,2026-03-13T19:59:54Z
LQD,108.15,2026-03-13T19:59:59Z
LQDA,36.645,2026-03-13T19:59:52Z
LQDH,91.19,2026-03-13T19:59:45Z
LQDT,28.5,2026-03-13T19:59:13Z
LQDW,23.98,2026-03-13T15:35:30Z
LQTI,19.39,2026-03-13T19:34:03Z
LRCX,212.09,2026-03-13T19:59:52Z
LRE,1.37,2026-03-13T17:25:33Z
LRGC,74.69,2026-03-13T15:07:22Z
LRGF,66.84,2026-03-13T19:59:48Z
LRGG,26.2,2026-03-13T19:43:06Z
LRHC,0.7301,2026-03-13T18:15:44Z
LRMR,4.6,2026-03-13T19:59:53Z
LRN,84.21,2026-03-13T19:59:43Z
LRND,38.81,2026-03-13T14:16:55Z
LSAF,44.93,2026-03-13T18:24:47Z
LSAK,4.93,2026-03-13T19:51:27Z
LSAT,38.6,2026-03-13T18:25:16Z
LSCC,85.77,2026-03-13T19:59:54Z
LSE,4.79,2026-03-13T14:37:17Z
LSF,2.33,2026-03-13T16:19:52Z
LSGR,40.86,2026-03-13T19:27:36Z
LSH,0.8269,2026-03-13T19:59:00Z
LSPD,8.86,2026-03-13T19:59:55Z
LST,40.48,2026-03-13T15:08:30Z
LSTA,5.02,2026-03-13T17:00:57Z
LSTR,147.91,2026-03-13T19:59:51Z
LSVD,29.6,2026-03-13T15:21:27Z
LTBR,11.38,2026-03-13T19:59:59Z
LTC,39.08,2026-03-13T19:59:46Z
LTH,26.3,2026-03-13T19:59:54Z
LTM,47.61,2026-03-13T19:59:52Z
LTPZ,51.38,2026-03-13T16:18:38Z
LTRN,2.41,2026-03-13T19:57:22Z
LTRX,6.32,2026-03-13T19:59:50Z
LTTI,18.66,2026-03-13T16:15:04Z
LU,2.24,2026-03-13T19:59:56Z
LUCD,1.37,2026-03-13T19:59:11Z
LUCK,7.835,2026-03-13T19:59:36Z
LUCY,1.11,2026-03-13T19:53:00Z
LUD,3.75,2026-03-13T19:58:32Z
LULG,13.1,2026-03-13T14:22:09Z
LULU,157.84,2026-03-13T19:59:50Z
LUMN,6.65,2026-03-13T19:59:58Z
LUNG,1.69,2026-03-13T19:59:47Z
LUNL,11.82,2026-03-13T19:58:34Z
LUNR,17.59,2026-03-13T19:59:57Z
LUV,38.74,2026-03-13T19:59:59Z
LUXE,8.13,2026-03-13T19:57:21Z
LVHD,43.13,2026-03-13T19:59:53Z
LVHI,39.705,2026-03-13T19:54:52Z
LVLU,13.5,2026-03-13T18:05:00Z
LVO,4.95,2026-03-13T19:43:03Z
LVS,53.69,2026-03-13T19:59:58Z
LVWR,1.76,2026-03-13T19:59:56Z
LW,40.55,2026-03-13T19:59:53Z
LWAY,21.04,2026-03-13T19:01:08Z
LWLG,7.595,2026-03-13T19:59:51Z
LX,2.61,2026-03-13T19:59:56Z
LXEO,6.68,2026-03-13T19:59:56Z
LXFR,11.62,2026-03-13T19:59:48Z
LXP,46.69,2026-03-13T19:59:50Z
LXRX,1.685,2026-03-13T19:59:41Z
LXU,14.93,2026-03-13T19:59:54Z
LYB,72.3,2026-03-13T19:59:50Z
LYEL,21.55,2026-03-13T19:33:41Z
LYFT,13.08,2026-03-13T19:59:59Z
LYG,5.03,2026-03-13T19:59:58Z
LYTS,19.28,2026-03-13T19:55:07Z
LYV,154.045,2026-03-13T19:59:56Z
LZ,6.17,2026-03-13T19:59:56Z
LZB,33.845,2026-03-13T19:59:48Z
LZM,4.29,2026-03-13T19:59:49Z
LZMH,1.3,2026-03-13T17:45:07Z
M,17.04,2026-03-13T19:59:59Z
MA,498.045,2026-03-13T19:59:55Z
MAA,126.45,2026-03-13T19:57:02Z
MAC,18.73,2026-03-13T19:59:57Z
MACI,10.74,2026-03-13T13:44:02Z
MADE,33.82,2026-03-13T15:20:08Z
MAGN,10.92,2026-03-13T19:59:51Z
MAGS,59.955,2026-03-13T19:59:58Z
MAGX,47.165,2026-03-13T15:13:47Z
MAGY,46.91,2026-03-13T16:03:27Z
MAIA,1.53,2026-03-13T19:59:47Z
MAIN,54.87,2026-03-13T19:59:51Z
MAMA,15.96,2026-03-13T19:59:50Z
MAMO,1.1,2026-03-13T19:26:36Z
MAN,25.83,2026-03-13T19:59:54Z
MANE,52.215,2026-03-13T19:55:35Z
MANH,140.78,2026-03-13T19:59:54Z
MANU,16.05,2026-03-13T19:59:49Z
MAPS,0.6796,2026-03-13T19:59:04Z
MAR,313.8,2026-03-13T19:59:57Z
MARA,9.31,2026-03-13T19:59:55Z
MARM,33.3,2026-03-13T17:45:43Z
MARO,6.135,2026-03-13T19:54:40Z
MARPS,5.12,2026-03-13T17:02:57Z
MART,38.76,2026-03-13T17:08:04Z
MARU,27.16,2026-03-13T18:10:14Z
MARW,34.32,2026-03-13T18:46:18Z
MARZ,33.45,2026-03-13T16:59:47Z
MAS,61.525,2026-03-13T19:59:56Z
MASI,175.495,2026-03-13T19:59:19Z
MASK,0.1356,2026-03-13T19:58:50Z
MASS,6.06,2026-03-13T19:59:58Z
MAT,16.065,2026-03-13T19:59:59Z
MATV,8.84,2026-03-13T19:59:42Z
MATW,24.49,2026-03-13T19:59:59Z
MATX,149.7,2026-03-13T19:55:55Z
MAVF,119.01,2026-03-13T15:09:59Z
MAX,9.91,2026-03-13T19:59:58Z
MAXI,10.85,2026-03-13T14:18:38Z
MAXN,2.22,2026-03-13T19:53:05Z
MAYZ,32.38,2026-03-13T16:59:13Z
MAZE,50.225,2026-03-13T19:59:50Z
MB,5.65,2026-03-13T16:27:31Z
MBAI,1.73,2026-03-13T18:40:25Z
MBB,94.9,2026-03-13T19:59:58Z
MBC,8.16,2026-03-13T19:59:57Z
MBI,5.955,2026-03-13T19:59:41Z
MBIN,41.7,2026-03-13T19:59:59Z
MBINL,24.16,2026-03-13T14:49:23Z
MBIO,0.9435,2026-03-13T19:56:20Z
MBLY,7.585,2026-03-13T19:59:53Z
MBND,27.38,2026-03-13T14:23:59Z
MBNE,29.26,2026-03-13T18:22:11Z
MBOT,2.7,2026-03-13T19:59:54Z
MBRX,2.1,2026-03-13T19:53:41Z
MBS,8.75,2026-03-13T19:17:36Z
MBSF,25.66,2026-03-13T19:52:50Z
MBUU,25.68,2026-03-13T19:56:27Z
MBVI,10.05,2026-03-13T15:26:11Z
MBWM,49.85,2026-03-13T19:52:40Z
MBX,28.06,2026-03-13T19:59:30Z
MC,51.75,2026-03-13T19:59:53Z
MCB,78.94,2026-03-13T19:59:25Z
MCBS,28.29,2026-03-13T19:59:36Z
MCD,326.41,2026-03-13T19:59:51Z
MCFT,19.59,2026-03-13T19:54:46Z
MCGAU,10.21,2026-03-13T18:58:23Z
MCHB,14.23,2026-03-13T19:59:52Z
MCHI,57.77,2026-03-13T19:59:59Z
MCHP,61.93,2026-03-13T19:59:50Z
MCHPP,55.36,2026-03-13T19:53:32Z
MCI,19.31,2026-03-13T19:56:29Z
MCK,941.63,2026-03-13T19:59:48Z
MCN,5.925,2026-03-13T14:57:51Z
MCO,430.02,2026-03-13T19:59:56Z
MCR,6.05,2026-03-13T19:35:29Z
MCRB,8.63,2026-03-13T19:34:37Z
MCRI,100.47,2026-03-13T19:59:24Z
MCRP,3.77,2026-03-13T19:58:01Z
MCS,15.62,2026-03-13T19:57:57Z
MCW,6.96,2026-03-13T19:59:55Z
MCY,89.09,2026-03-13T19:59:27Z
MD,19.575,2026-03-13T19:59:49Z
MDA,30.09,2026-03-13T19:59:14Z
MDAI,1.305,2026-03-13T19:59:17Z
MDB,260.48,2026-03-13T19:59:59Z
MDBX,23.26,2026-03-13T13:50:47Z
MDCX,0.5233,2026-03-13T19:59:37Z
MDGL,445,2026-03-13T19:59:49Z
MDLN,41.44,2026-03-13T19:59:54Z
MDLZ,54.89,2026-03-13T19:59:59Z
MDRR,11.9,2026-03-13T17:07:56Z
MDT,87.13,2026-03-13T19:59:57Z
MDU,21.1,2026-03-13T19:59:50Z
MDV,14.47,2026-03-13T19:29:05Z
MDWD,16.56,2026-03-13T18:01:01Z
MDXG,4.38,2026-03-13T19:59:51Z
MDXH,3.205,2026-03-13T19:33:14Z
MDY,611.05,2026-03-13T19:59:57Z
MDYG,96.42,2026-03-13T13:56:14Z
MDYV,84.2,2026-03-13T19:59:58Z
MEAR,50.42,2026-03-13T19:58:02Z
MEC,16.71,2026-03-13T19:58:26Z
MED,9.61,2026-03-13T19:59:57Z
MEDP,450.305,2026-03-13T19:58:06Z
MEG,24.925,2026-03-13T19:59:42Z
MEGI,14.9,2026-03-13T19:34:00Z
MEHA,0.1951,2026-03-13T19:59:36Z
MEI,5.12,2026-03-13T19:59:58Z
MELI,1670.125,2026-03-13T19:59:54Z
MEME,6.68,2026-03-13T18:49:42Z
MENS,1.99,2026-03-13T19:58:41Z
MEOH,51.79,2026-03-13T19:59:55Z
MER-K,25.36,2026-03-13T19:56:33Z
MERC,1.505,2026-03-13T19:59:48Z
MESO,14.54,2026-03-13T19:56:56Z
MET,67.965,2026-03-13T19:59:49Z
MET-A,21.55,2026-03-13T19:41:28Z
MET-E,23.185,2026-03-13T19:59:35Z
MET-F,18.93,2026-03-13T19:57:05Z
META,613.69,2026-03-13T19:59:59Z
METC,14.61,2026-03-13T19:59:53Z
METCB,10.25,2026-03-13T19:45:45Z
METCI,25.25,2026-03-13T13:49:26Z
METCZ,25.2,2026-03-13T19:32:16Z
METD,16.79,2026-03-13T19:55:26Z
METL,27.12,2026-03-13T19:56:04Z
METU,26.49,2026-03-13T19:59:57Z
METV,16.18,2026-03-13T19:54:45Z
METW,30.35,2026-03-13T19:50:00Z
MEXX,25.66,2026-03-13T19:35:18Z
MFA,9.82,2026-03-13T19:59:55Z
MFA-C,22.94,2026-03-13T19:59:32Z
MFC,33.42,2026-03-13T19:59:59Z
MFDX,39.56,2026-03-13T19:56:20Z
MFG,7.64,2026-03-13T19:59:48Z
MFIC,10.33,2026-03-13T19:59:58Z
MFIG,18.41,2026-03-13T19:12:27Z
MFIN,9.3,2026-03-13T19:52:23Z
MFLX,17.36,2026-03-13T18:43:27Z
MFM,5.4,2026-03-13T19:31:09Z
MFSB,24.97,2026-03-13T16:58:36Z
MFSI,29.665,2026-03-13T19:52:51Z
MFSV,26.84,2026-03-13T18:59:55Z
MFUT,17.71,2026-03-13T19:54:00Z
MFVL,20.3,2026-03-13T13:56:05Z
MG,14.125,2026-03-13T19:58:30Z
MGA,55.07,2026-03-13T19:59:55Z
MGC,241.58,2026-03-13T19:59:56Z
MGEE,74.69,2026-03-13T19:59:13Z
MGF,2.95,2026-03-13T19:43:22Z
MGK,378.98,2026-03-13T19:59:51Z
MGLD,0.99,2026-03-13T19:59:02Z
MGM,36.675,2026-03-13T19:59:51Z
MGN,3.275,2026-03-13T19:59:11Z
MGNI,11.885,2026-03-13T19:59:58Z
MGNR,50.13,2026-03-13T15:56:01Z
MGNX,2.995,2026-03-13T19:59:55Z
MGPI,17.905,2026-03-13T19:56:59Z
MGRC,103.495,2026-03-13T19:58:14Z
MGRD,15.14,2026-03-13T19:52:32Z
MGRT,8.35,2026-03-13T14:53:44Z
MGRX,0.3723,2026-03-13T19:59:42Z
MGTX,7.4,2026-03-13T19:59:58Z
MGV,146.34,2026-03-13T19:59:51Z
MGX,1.465,2026-03-13T19:59:48Z
MGY,29.48,2026-03-13T19:59:55Z
MH,13.6,2026-03-13T19:59:37Z
MHD,11.66,2026-03-13T19:59:58Z
MHF,6.88,2026-03-13T14:58:50Z
MHK,102.55,2026-03-13T19:59:51Z
MHO,128.525,2026-03-13T19:59:32Z
MI,0.5774,2026-03-13T19:59:48Z
MIAX,38.47,2026-03-13T19:59:49Z
MICC,15.51,2026-03-13T19:59:56Z
MIDD,143.01,2026-03-13T19:59:23Z
MIDU,50.87,2026-03-13T19:33:40Z
MIGI,2.57,2026-03-13T19:06:35Z
MIMI,0.3378,2026-03-13T19:53:27Z
MIN,2.545,2026-03-13T19:19:32Z
MIND,7.96,2026-03-13T19:59:57Z
MINO,45.45,2026-03-13T19:55:03Z
MINT,100.5,2026-03-13T19:59:29Z
MIR,18.7,2026-03-13T19:59:56Z
MIRM,90.56,2026-03-13T19:59:04Z
MISL,47.005,2026-03-13T19:50:21Z
MIST,1.695,2026-03-13T19:59:48Z
MITK,13.87,2026-03-13T19:59:59Z
MITP,25.27,2026-03-13T19:29:42Z
MITT,7.45,2026-03-13T19:59:49Z
MIY,12.28,2026-03-13T18:17:35Z
MJ,24.92,2026-03-13T13:41:38Z
MKC,58.295,2026-03-13T19:59:56Z
MKL,1942.545,2026-03-13T19:57:24Z
MKOR,43.48,2026-03-13T19:59:53Z
MKSI,213.29,2026-03-13T19:59:54Z
MKTX,180.14,2026-03-13T19:59:04Z
MLAB,77.885,2026-03-13T19:49:42Z
MLCI,5.4,2026-03-13T19:59:12Z
MLCO,5.59,2026-03-13T19:59:55Z
MLEC,10.65,2026-03-13T14:37:47Z
MLECW,0.0301,2026-03-13T17:08:13Z
MLGO,3.84,2026-03-13T19:59:50Z
MLI,109.745,2026-03-13T19:58:53Z
MLKN,18.955,2026-03-13T19:59:47Z
MLM,584,2026-03-13T19:59:55Z
MLN,17.575,2026-03-13T19:56:11Z
MLP,15.86,2026-03-13T15:44:39Z
MLPA,53.74,2026-03-13T19:58:52Z
MLPB,28.77,2026-03-13T18:00:59Z
MLPD,25.77,2026-03-13T18:08:39Z
MLPI,55.765,2026-03-13T19:58:05Z
MLPX,72.22,2026-03-13T19:59:06Z
MLR,43.54,2026-03-13T18:07:04Z
MLSS,0.288,2026-03-13T19:59:52Z
MLTX,17.11,2026-03-13T19:59:56Z
MLYS,26.23,2026-03-13T19:59:52Z
MMD,15.215,2026-03-13T19:17:04Z
MMED,15.77,2026-03-13T19:59:53Z
MMI,25.47,2026-03-13T19:59:51Z
MMIN,23.97,2026-03-13T19:00:18Z
MMIT,24.395,2026-03-13T19:59:50Z
MMKT,100.21,2026-03-13T15:11:01Z
MMM,150.895,2026-03-13T19:59:49Z
MMS,72.25,2026-03-13T19:56:12Z
MMSD,25.48,2026-03-13T19:07:28Z
MMSI,69.97,2026-03-13T19:59:47Z
MMT,4.59,2026-03-13T15:42:40Z
MMU,10.5,2026-03-13T19:59:31Z
MMYT,45.5,2026-03-13T19:59:20Z
MNDO,1.21,2026-03-13T18:16:06Z
MNDY,74.85,2026-03-13T19:59:55Z
MNKD,2.78,2026-03-13T19:59:58Z
MNPR,60.57,2026-03-13T19:59:48Z
MNR,13.69,2026-03-13T19:59:29Z
MNRO,15.31,2026-03-13T19:59:56Z
MNSB,21.46,2026-03-13T19:59:51Z
MNSO,16.72,2026-03-13T19:59:50Z
MNST,77.11,2026-03-13T19:59:59Z
MNTK,1.35,2026-03-13T19:55:56Z
MNTN,9.58,2026-03-13T19:59:43Z
MNTS,4.05,2026-03-13T19:49:40Z
MO,67.94,2026-03-13T19:59:58Z
MOAT,98.49,2026-03-13T19:59:40Z
MOB,5.61,2026-03-13T19:48:43Z
MOBX,0.6476,2026-03-13T19:59:55Z
MOD,188.88,2026-03-13T19:58:56Z
MODD,0.2226,2026-03-13T19:59:50Z
MODL,45.55,2026-03-13T19:29:06Z
MOG.A,302.25,2026-03-13T19:55:39Z
MOH,149.2,2026-03-13T19:59:59Z
MOMO,5.99,2026-03-13T19:58:49Z
MOO,83.535,2026-03-13T19:59:45Z
MORN,183.26,2026-03-13T19:59:57Z
MORT,10.18,2026-03-13T19:46:09Z
MOS,29.305,2026-03-13T19:59:59Z
MOTG,37.72,2026-03-13T19:57:09Z
MOTI,35.185,2026-03-13T16:41:58Z
MOV,23.14,2026-03-13T19:59:28Z
MP,57.21,2026-03-13T19:59:59Z
MPA,11.28,2026-03-13T18:51:11Z
MPAA,10.145,2026-03-13T19:59:47Z
MPB,31.33,2026-03-13T19:59:21Z
MPC,226.15,2026-03-13T19:59:53Z
MPL,6.98,2026-03-13T19:59:07Z
MPLT,19.12,2026-03-13T19:59:55Z
MPLX,58.52,2026-03-13T19:59:56Z
MPRO,31.67,2026-03-13T19:59:45Z
MPT,4.795,2026-03-13T19:59:59Z
MPU,0.852,2026-03-13T17:17:40Z
MPWR,1052.61,2026-03-13T19:59:36Z
MPX,7.075,2026-03-13T18:21:48Z
MQ,3.98,2026-03-13T19:59:56Z
MQY,11.35,2026-03-13T19:59:52Z
MRAL,3.895,2026-03-13T19:59:03Z
MRAM,8.81,2026-03-13T19:59:51Z
MRBK,18.665,2026-03-13T19:54:11Z
MRCC,4.615,2026-03-13T19:59:17Z
MRCY,78.16,2026-03-13T19:59:55Z
MRDN,8.96,2026-03-13T15:46:42Z
MREO,0.387,2026-03-13T19:59:30Z
MRK,115.55,2026-03-13T19:59:49Z
MRKR,1.335,2026-03-13T19:59:14Z
MRNA,52.58,2026-03-13T19:59:56Z
MRNO,0.682,2026-03-13T19:59:15Z
MRNY,19.59,2026-03-13T14:00:15Z
MRP,28.29,2026-03-13T19:59:59Z
MRSH,172.16,2026-03-13T19:59:45Z
MRSK,36.02,2026-03-13T17:03:24Z
MRTN,11.76,2026-03-13T19:59:52Z
MRVI,3.07,2026-03-13T19:59:57Z
MRVL,87.86,2026-03-13T19:59:59Z
MRVU,27.32,2026-03-13T19:42:41Z
MRX,34.99,2026-03-13T19:59:29Z
MS,154.88,2026-03-13T19:59:53Z
MS-A,19.51,2026-03-13T14:28:05Z
MS-E,25.45,2026-03-13T19:14:25Z
MS-I,25.275,2026-03-13T16:45:46Z
MS-K,24.44,2026-03-13T17:57:21Z
MS-L,20.71,2026-03-13T19:20:21Z
MS-O,17.66,2026-03-13T19:59:28Z
MS-P,25.525,2026-03-13T19:58:11Z
MS-Q,26.01,2026-03-13T14:18:41Z
MSA,176.985,2026-03-13T19:59:43Z
MSAI,0.3565,2026-03-13T19:52:59Z
MSB,31.75,2026-03-13T15:18:42Z
MSBI,20.6,2026-03-13T19:53:32Z
MSC,2.82,2026-03-13T18:59:26Z
MSCI,547.675,2026-03-13T19:59:56Z
MSD,7.53,2026-03-13T19:50:00Z
MSDL,14.59,2026-03-13T19:59:51Z
MSEX,52.235,2026-03-13T19:57:26Z
MSFD,13.88,2026-03-13T19:59:06Z
MSFL,17.52,2026-03-13T19:59:31Z
MSFO,12.38,2026-03-13T19:58:11Z
MSFT,395.53,2026-03-13T19:59:59Z
MSFU,26.625,2026-03-13T19:59:56Z
MSFW,29.37,2026-03-13T18:18:40Z
MSFX,17.63,2026-03-13T18:06:22Z
MSGE,55.68,2026-03-13T19:59:56Z
MSGM,3.91,2026-03-13T17:12:11Z
MSGS,312.515,2026-03-13T19:59:01Z
MSGY,0.4301,2026-03-13T19:59:48Z
MSI,473.37,2026-03-13T19:59:55Z
MSIF,12.46,2026-03-13T19:59:59Z
MSII,7.03,2026-03-13T15:16:03Z
MSLC,52.48,2026-03-13T19:58:07Z
MSLE,8.2,2026-03-13T16:48:11Z
MSM,91.27,2026-03-13T19:59:55Z
MSOS,3.83,2026-03-13T19:59:59Z
MSOX,2.6,2026-03-13T19:59:59Z
MSS,0.2075,2026-03-13T19:45:20Z
MSSS,30.57,2026-03-13T19:02:41Z
MST,3.64,2026-03-13T19:26:59Z
MSTB,39.02,2026-03-13T19:48:26Z
MSTP,1.85,2026-03-13T19:59:50Z
MSTR,139.675,2026-03-13T19:59:59Z
MSTU,5.48,2026-03-13T19:59:55Z
MSTW,7.54,2026-03-13T19:59:50Z
MSTX,2.52,2026-03-13T19:59:42Z
MSTY,23.91,2026-03-13T19:59:51Z
MSTZ,10.475,2026-03-13T19:59:50Z
MSW,1.15,2026-03-13T19:52:04Z
MT,50.76,2026-03-13T19:59:49Z
MTA,7.55,2026-03-13T19:59:49Z
MTAL=,10.135,2026-03-13T19:53:32Z
MTB,196.22,2026-03-13T19:59:53Z
MTB-H,25.12,2026-03-13T18:40:44Z
MTB-J,26.24,2026-03-13T19:27:14Z
MTBA,49.775,2026-03-13T19:59:29Z
MTC,5.49,2026-03-13T14:01:57Z
MTCH,30.81,2026-03-13T19:59:55Z
MTD,1174.2,2026-03-13T19:59:55Z
MTDR,57.14,2026-03-13T19:59:49Z
MTEK,1.53,2026-03-13T19:59:50Z
MTEN,1.56,2026-03-13T18:49:08Z
MTG,26.03,2026-03-13T19:59:54Z
MTGP,44.26,2026-03-13T18:21:00Z
MTH,63.085,2026-03-13T19:59:55Z
MTLS,5.23,2026-03-13T19:58:32Z
MTN,131.43,2026-03-13T19:59:33Z
MTNB,0.6498,2026-03-13T14:14:01Z
MTRN,136.76,2026-03-13T19:58:31Z
MTRX,10.27,2026-03-13T19:59:50Z
MTSI,217.96,2026-03-13T19:59:51Z
MTUM,243.46,2026-03-13T19:59:47Z
MTUS,14.7,2026-03-13T19:59:46Z
MTVA,1.64,2026-03-13T18:49:57Z
MTW,12.205,2026-03-13T19:58:29Z
MTX,68.465,2026-03-13T19:53:13Z
MTZ,289.99,2026-03-13T19:59:53Z
MU,426.115,2026-03-13T19:59:59Z
MUA,10.775,2026-03-13T19:57:54Z
MUB,107.25,2026-03-13T19:59:58Z
MUC,10.72,2026-03-13T19:59:53Z
MUD,35.95,2026-03-13T19:52:23Z
MUFG,16.435,2026-03-13T19:59:50Z
MUJ,12.3,2026-03-13T19:53:21Z
MULL,175.4,2026-03-13T19:59:31Z
MUNI,52.57,2026-03-13T19:42:20Z
MUNX,25.06,2026-03-13T14:33:43Z
MUNY,103.26,2026-03-13T19:56:08Z
MUR,36.81,2026-03-13T19:59:55Z
MUSA,456.71,2026-03-13T19:59:38Z
MUST,20.695,2026-03-13T16:54:20Z
MUU,198.37,2026-03-13T19:56:00Z
MUX,23.2,2026-03-13T19:59:50Z
MVBF,25.02,2026-03-13T19:59:45Z
MVIS,0.5374,2026-03-13T19:59:58Z
MVLL,20.72,2026-03-13T18:25:15Z
MVO,2.45,2026-03-13T19:57:26Z
MVST,2.24,2026-03-13T19:59:55Z
MWA,27.74,2026-03-13T19:59:53Z
MWH,27.87,2026-03-13T19:58:26Z
MWYN,0.7763,2026-03-13T19:59:38Z
MX,2.81,2026-03-13T19:59:22Z
MXC,11.89,2026-03-13T15:04:20Z
MXCT,0.8285,2026-03-13T19:59:50Z
MXF,20.16,2026-03-13T19:01:28Z
MXI,103.8,2026-03-13T19:57:31Z
MXL,16.89,2026-03-13T19:59:54Z
MYCF,25.03,2026-03-13T17:24:58Z
MYE,20.68,2026-03-13T19:59:46Z
MYFW,24,2026-03-13T19:58:29Z
MYGN,4.66,2026-03-13T19:59:55Z
MYHD,24.85,2026-03-13T14:31:51Z
MYI,10.895,2026-03-13T19:56:32Z
MYMF,24.93,2026-03-13T19:52:35Z
MYN,9.95,2026-03-13T19:51:51Z
MYO,0.6973,2026-03-13T19:59:55Z
MYPS,0.5046,2026-03-13T19:49:37Z
MYRG,261.005,2026-03-13T19:59:09Z
MYSE,1.69,2026-03-13T17:09:01Z
MYSZ,0.5949,2026-03-13T18:24:13Z
MYY,17.42,2026-03-13T15:49:58Z
MZTI,151.19,2026-03-13T19:54:21Z
MZYX=,9.95,2026-03-13T18:32:16Z
NABL,4.84,2026-03-13T19:59:59Z
NAC,11.825,2026-03-13T19:58:04Z
NAD,11.95,2026-03-13T19:59:07Z
NAGE,4.79,2026-03-13T19:59:57Z
NAIL,41.76,2026-03-13T19:59:38Z
NAK,1.32,2026-03-13T19:59:52Z
NAKA,0.2614,2026-03-13T19:59:40Z
NAMM,2.67,2026-03-13T19:59:50Z
NAMS,28.61,2026-03-13T19:59:53Z
NANC,43.46,2026-03-13T15:47:01Z
NANR,81.48,2026-03-13T16:35:23Z
NAPR,54.35,2026-03-13T19:22:07Z
NAT,5.02,2026-03-13T19:59:53Z
NATH,100.43,2026-03-13T19:59:45Z
NATL,44.11,2026-03-13T19:59:40Z
NATO,40.95,2026-03-13T18:02:04Z
NATR,24.47,2026-03-13T19:59:43Z
NAUG,29.29,2026-03-13T15:27:22Z
NAUT,2.335,2026-03-13T19:59:50Z
NAVI,8.125,2026-03-13T19:59:50Z
NAVN,8.91,2026-03-13T19:59:56Z
NB,4.73,2026-03-13T19:59:56Z
NBB,15.43,2026-03-13T19:57:04Z
NBBK,20.83,2026-03-13T19:59:59Z
NBCM,28.21,2026-03-13T18:53:44Z
NBCR,30.22,2026-03-13T19:59:59Z
NBET,39.94,2026-03-13T14:30:26Z
NBFR,24.58,2026-03-13T19:35:22Z
NBH,10.24,2026-03-13T18:07:59Z
NBHC,38.845,2026-03-13T19:59:52Z
NBIG,9.275,2026-03-13T19:59:45Z
NBIL,13.11,2026-03-13T19:58:55Z
NBIS,112.855,2026-03-13T19:59:51Z
NBIX,129.77,2026-03-13T19:59:46Z
NBIZ,11.28,2026-03-13T18:23:00Z
NBJP,32.37,2026-03-13T16:18:04Z
NBN,109.27,2026-03-13T19:04:14Z
NBOS,27.04,2026-03-13T17:04:49Z
NBP,2.83,2026-03-13T19:59:56Z
NBR,76.62,2026-03-13T19:59:50Z
NBSD,50.88,2026-03-13T19:59:48Z
NBTB,41.46,2026-03-13T19:55:27Z
NBTX,33.01,2026-03-13T16:04:30Z
NBXG,12.92,2026-03-13T18:46:52Z
NBY,1.2,2026-03-13T19:58:36Z
NC,52.63,2026-03-13T18:31:44Z
NCA,9.25,2026-03-13T19:51:20Z
NCDL,13.2,2026-03-13T19:57:24Z
NCEL,2.73,2026-03-13T16:57:45Z
NCI,8.03,2026-03-13T19:18:37Z
NCIQ,18.28,2026-03-13T15:47:17Z
NCL,0.1613,2026-03-13T14:41:05Z
NCLH,18.88,2026-03-13T19:59:54Z
NCLO,24.74,2026-03-13T15:25:03Z
NCMI,3.3,2026-03-13T19:59:52Z
NCNA,1.91,2026-03-13T13:51:35Z
NCNO,15.055,2026-03-13T19:59:39Z
NCPB,24.98,2026-03-13T19:52:35Z
NCPL,0.4551,2026-03-13T15:01:11Z
NCRA,0.276,2026-03-13T19:12:38Z
NCSM,64.425,2026-03-13T19:47:00Z
NCT,0.1425,2026-03-13T17:07:17Z
NCTY,5.89,2026-03-13T18:18:57Z
NCV,15.37,2026-03-13T15:03:09Z
NCV-A,20.96,2026-03-13T19:31:14Z
NCZ,14.07,2026-03-13T14:57:04Z
NDAQ,85.535,2026-03-13T19:59:59Z
NDIA,26.48,2026-03-13T19:33:30Z
NDLS,6.19,2026-03-13T14:08:30Z
NDMO,10.16,2026-03-13T19:55:36Z
NDSN,267.515,2026-03-13T19:58:42Z
NE,46.3,2026-03-13T19:59:49Z
NEA,11.575,2026-03-13T19:57:03Z
NEAR,50.79,2026-03-13T19:59:53Z
NEBX,40.89,2026-03-13T19:59:50Z
NECB,22.945,2026-03-13T15:46:31Z
NEE,92.78,2026-03-13T19:59:58Z
NEE-N,23.97,2026-03-13T18:06:10Z
NEE-S,56.45,2026-03-13T15:01:20Z
NEE-U,25.29,2026-03-13T18:23:08Z
NEE-V,50.275,2026-03-13T19:58:52Z
NEM,109.57,2026-03-13T19:59:58Z
NEO,7.87,2026-03-13T19:59:49Z
NEOG,9.1,2026-03-13T19:59:57Z
NEON,1.535,2026-03-13T19:58:16Z
NEOV,3.61,2026-03-13T19:59:45Z
NEOVW,1.73,2026-03-13T13:32:56Z
NEPH,3.6,2026-03-13T19:35:33Z
NERV,7.87,2026-03-13T19:59:52Z
NESR,19.16,2026-03-13T19:59:57Z
NET,212.52,2026-03-13T19:59:47Z
NEU,586.05,2026-03-13T19:58:54Z
NEUP,4.575,2026-03-13T19:32:30Z
NEWP,4.12,2026-03-13T19:59:38Z
NEWT,11.78,2026-03-13T19:59:51Z
NEXA,10.95,2026-03-13T19:59:48Z
NEXM,2.905,2026-03-13T19:59:37Z
NEXN,7.435,2026-03-13T19:59:53Z
NEXT,5.77,2026-03-13T19:59:57Z
NFBK,12.96,2026-03-13T19:59:44Z
NFE,1.08,2026-03-13T19:59:58Z
NFG,96.32,2026-03-13T19:59:52Z
NFGC,2.305,2026-03-13T19:59:46Z
NFJ,12.71,2026-03-13T19:58:46Z
NFLT,22.87,2026-03-13T19:11:55Z
NFLU,31.8,2026-03-13T19:57:50Z
NFLW,25.66,2026-03-13T16:35:22Z
NFLX,95.35,2026-03-13T19:59:59Z
NFLY,11.2,2026-03-13T19:00:33Z
NFTY,52.835,2026-03-13T17:52:42Z
NFXL,30.05,2026-03-13T19:59:59Z
NFXS,16.595,2026-03-13T19:59:46Z
NG,10.41,2026-03-13T19:59:56Z
NGD,9.96,2026-03-13T19:59:57Z
NGEN,3.67,2026-03-13T19:59:50Z
NGG,90.88,2026-03-13T19:59:50Z
NGL,11.225,2026-03-13T19:59:48Z
NGNE,21.01,2026-03-13T19:33:26Z
NGS,35.645,2026-03-13T19:59:33Z
NGVC,25.54,2026-03-13T19:59:44Z
NGVT,64.6,2026-03-13T19:59:46Z
NHC,160.95,2026-03-13T19:55:28Z
NHI,85.03,2026-03-13T19:59:50Z
NHS,6.955,2026-03-13T19:59:52Z
NHTC,3.05,2026-03-13T18:40:36Z
NI,47.395,2026-03-13T19:59:56Z
NIC,149.74,2026-03-13T19:54:44Z
NICE,117.345,2026-03-13T19:59:53Z
NIE,24.16,2026-03-13T19:43:45Z
NIHI,48.76,2026-03-13T19:59:50Z
NIKL,16.18,2026-03-13T19:57:10Z
NIM,9.86,2026-03-13T13:33:30Z
NIO,5.86,2026-03-13T19:59:56Z
NIQ,11.61,2026-03-13T19:59:59Z
NIU,3.71,2026-03-13T19:59:59Z
NIVF,0.5185,2026-03-13T19:55:43Z
NIXX,0.56,2026-03-13T19:46:24Z
NJR,55.08,2026-03-13T19:59:33Z
NKE,53.99,2026-03-13T19:59:59Z
NKLR,4.125,2026-03-13T19:59:55Z
NKSH,37.125,2026-03-13T16:23:36Z
NKTR,73.32,2026-03-13T19:59:52Z
NKTX,2.265,2026-03-13T19:59:52Z
NKX,12.68,2026-03-13T19:55:59Z
NL,5.93,2026-03-13T19:57:45Z
NLOP,13.72,2026-03-13T19:59:04Z
NLR,136.94,2026-03-13T19:59:00Z
NLY,21.855,2026-03-13T19:59:56Z
NLY-F,25.48,2026-03-13T19:59:27Z
NLY-I,25.03,2026-03-13T16:23:31Z
NLY-J,25.81,2026-03-13T19:57:59Z
NMAI,12.71,2026-03-13T19:38:26Z
NMAR,29.71,2026-03-13T18:50:45Z
NMAX,7.04,2026-03-13T19:59:59Z
NMCO,10.57,2026-03-13T15:36:44Z
NMFC,7.9,2026-03-13T19:59:56Z
NMG,2.16,2026-03-13T19:59:59Z
NMIH,37.315,2026-03-13T19:59:52Z
NML,10.01,2026-03-13T19:56:03Z
NMM,58.92,2026-03-13T19:59:54Z
NMR,7.38,2026-03-13T19:59:39Z
NMRA,3,2026-03-13T19:59:48Z
NMRK,14.185,2026-03-13T19:59:57Z
NMS,11.68,2026-03-13T16:57:44Z
NMT,11.995,2026-03-13T17:35:48Z
NMZ,10.415,2026-03-13T19:59:20Z
NN,17.035,2026-03-13T19:59:56Z
NNAVW,7.24,2026-03-13T17:27:18Z
NNBR,1.265,2026-03-13T19:59:46Z
NNDM,1.735,2026-03-13T19:59:59Z
NNE,22.825,2026-03-13T19:59:50Z
NNI,129.46,2026-03-13T19:32:08Z
NNN,45,2026-03-13T19:59:55Z
NNNN,21.985,2026-03-13T14:45:54Z
NNOX,2.52,2026-03-13T19:59:49Z
NNVC,1.17,2026-03-13T19:58:58Z
NNY,8.53,2026-03-13T19:13:59Z
NOA,12.83,2026-03-13T19:59:22Z
NOAH,11.4,2026-03-13T19:59:56Z
NOBL,107.43,2026-03-13T19:59:59Z
NOC,733.595,2026-03-13T19:59:51Z
NOCT,57.04,2026-03-13T18:04:04Z
NODK,13.12,2026-03-13T17:45:24Z
NOG,27.495,2026-03-13T19:59:59Z
NOK,8.23,2026-03-13T19:59:59Z
NOMA,5.2,2026-03-13T15:43:34Z
NOMD,9.85,2026-03-13T19:59:53Z
NORW,35.69,2026-03-13T19:59:55Z
NOTE,0.9937,2026-03-13T15:36:03Z
NOTV,0.3379,2026-03-13T19:41:05Z
NOV,18.44,2026-03-13T19:59:59Z
NOVP,29.93,2026-03-13T19:25:59Z
NOVT,116.77,2026-03-13T19:59:47Z
NOVZ,42.96,2026-03-13T17:16:37Z
NOW,113.6,2026-03-13T19:59:55Z
NOWL,7.15,2026-03-13T19:59:25Z
NP,21.91,2026-03-13T19:59:24Z
NPB,17.54,2026-03-13T19:59:53Z
NPCE,14.09,2026-03-13T19:59:40Z
NPCT,10.12,2026-03-13T19:45:25Z
NPFD,19.09,2026-03-13T17:53:09Z
NPFI,25.895,2026-03-13T16:49:55Z
NPK,131.2,2026-03-13T19:58:19Z
NPKI,13.37,2026-03-13T19:59:58Z
NPO,241.02,2026-03-13T19:55:30Z
NPT,17.39,2026-03-13T19:53:14Z
NPWR,1.71,2026-03-13T19:59:58Z
NQP,11.85,2026-03-13T19:54:46Z
NRC,16.58,2026-03-13T19:59:50Z
NRDS,9.92,2026-03-13T19:59:51Z
NRDY,0.922,2026-03-13T19:59:33Z
NREF,13.135,2026-03-13T18:24:10Z
NRG,152.8,2026-03-13T19:59:52Z
NRGD,31.8,2026-03-13T16:56:08Z
NRGU,38.05,2026-03-13T19:58:15Z
NRGV,3.305,2026-03-13T19:59:59Z
NRIM,22.48,2026-03-13T19:58:43Z
NRIX,15.025,2026-03-13T19:59:55Z
NRK,10.31,2026-03-13T19:36:27Z
NRO,2.95,2026-03-13T19:42:26Z
NRP,118.15,2026-03-13T14:40:47Z
NRT,8.89,2026-03-13T17:51:00Z
NRUC,23.33,2026-03-13T19:46:14Z
NRXP,1.86,2026-03-13T19:59:53Z
NRXS,6.88,2026-03-13T19:59:56Z
NSA,30.925,2026-03-13T19:59:50Z
NSA-A,20.355,2026-03-13T19:27:07Z
NSC,289.285,2026-03-13T19:59:58Z
NSIT,80.855,2026-03-13T19:59:58Z
NSP,20.17,2026-03-13T19:59:55Z
NSSC,42.57,2026-03-13T19:59:49Z
NSTS,12.16,2026-03-13T17:47:59Z
NTAP,98.71,2026-03-13T19:59:15Z
NTB,50.63,2026-03-13T19:31:28Z
NTCT,29.99,2026-03-13T19:59:57Z
NTES,117.54,2026-03-13T19:59:52Z
NTGR,21.55,2026-03-13T19:59:44Z
NTHI,8.655,2026-03-13T16:45:24Z
NTIP,1.49,2026-03-13T14:50:42Z
NTLA,12.755,2026-03-13T19:59:58Z
NTNX,39.305,2026-03-13T19:59:59Z
NTR,82.82,2026-03-13T19:59:54Z
NTRA,187.82,2026-03-13T19:59:59Z
NTRP,2.99,2026-03-13T19:58:48Z
NTRS,136.89,2026-03-13T19:59:43Z
NTRSO,19.1,2026-03-13T19:37:52Z
NTSK,9.74,2026-03-13T19:59:56Z
NTST,20.25,2026-03-13T19:59:56Z
NTSX,53.25,2026-03-13T18:52:08Z
NTWK,3.55,2026-03-13T19:24:27Z
NTZ,3.01,2026-03-13T19:07:19Z
NU,13.88,2026-03-13T19:59:58Z
NUAI,5.02,2026-03-13T19:59:56Z
NUBD,22.215,2026-03-13T19:24:33Z
NUCL,5.655,2026-03-13T15:40:25Z
NUDM,36.22,2026-03-13T18:17:30Z
NUDV,30.93,2026-03-13T15:52:42Z
NUE,163.5,2026-03-13T19:59:51Z
NUEM,36.59,2026-03-13T14:30:13Z
NUGO,36.92,2026-03-13T16:58:51Z
NUGT,198.685,2026-03-13T19:50:34Z
NUGY,18.65,2026-03-13T19:58:29Z
NUHY,21.14,2026-03-13T19:29:22Z
NULG,92.74,2026-03-13T17:53:46Z
NUMG,41.4,2026-03-13T19:51:55Z
NURE,28.44,2026-03-13T13:32:55Z
NUS,7.17,2026-03-13T19:59:54Z
NUSA,23.28,2026-03-13T17:57:46Z
NUSC,45.1,2026-03-13T13:32:00Z
NUTX,89.015,2026-03-13T18:51:24Z
NUV,9.135,2026-03-13T19:58:41Z
NUVB,4.45,2026-03-13T19:59:58Z
NUVL,97.9,2026-03-13T19:59:55Z
NUW,14.25,2026-03-13T19:53:09Z
NUWE,1.27,2026-03-13T19:42:24Z
NVA,6.19,2026-03-13T19:59:49Z
NVAX,10.24,2026-03-13T19:59:59Z
NVCR,12.07,2026-03-13T19:59:57Z
NVD,7.21,2026-03-13T19:59:42Z
NVDA,180.21,2026-03-13T19:59:58Z
NVDB,25.25,2026-03-13T16:58:51Z
NVDD,39.35,2026-03-13T19:54:50Z
NVDG,15,2026-03-13T19:59:07Z
NVDL,78.56,2026-03-13T19:59:50Z
NVDQ,16.79,2026-03-13T19:59:55Z
NVDS,28.47,2026-03-13T19:59:50Z
NVDU,105.12,2026-03-13T19:59:31Z
NVDW,36.53,2026-03-13T18:02:09Z
NVDX,15.12,2026-03-13T19:59:59Z
NVDY,13.5,2026-03-13T19:59:44Z
NVEC,67.62,2026-03-13T19:59:11Z
NVG,12.705,2026-03-13T19:58:30Z
NVGS,18.02,2026-03-13T19:58:34Z
NVII,25.32,2026-03-13T17:58:43Z
NVMI,428.795,2026-03-13T19:59:40Z
NVNI,1.265,2026-03-13T19:58:00Z
NVO,37.97,2026-03-13T19:59:59Z
NVOX,10.42,2026-03-13T19:59:48Z
NVR,6461.02,2026-03-13T19:56:20Z
NVRI,17.84,2026-03-13T19:59:55Z
NVS,153.42,2026-03-13T19:59:49Z
NVST,24.62,2026-03-13T19:59:54Z
NVT,109.91,2026-03-13T19:59:49Z
NVTS,10.11,2026-03-13T19:59:59Z
NVTX,29.69,2026-03-13T18:51:24Z
NVVE,0.8201,2026-03-13T19:59:59Z
NVVEW,0.0087,2026-03-13T19:36:13Z
NVX,0.7818,2026-03-13T19:59:38Z
NVYY,15.52,2026-03-13T19:59:46Z
NWAX,10.085,2026-03-13T19:58:01Z
NWBI,12.25,2026-03-13T19:59:58Z
NWE,68.38,2026-03-13T19:59:37Z
NWFL,28.395,2026-03-13T18:30:48Z
NWG,14.965,2026-03-13T19:59:57Z
NWL,4.03,2026-03-13T19:59:54Z
NWN,52.57,2026-03-13T19:59:44Z
NWPX,71.21,2026-03-13T19:39:43Z
NWS,26.75,2026-03-13T19:59:50Z
NWSA,23.69,2026-03-13T19:59:54Z
NX,16.87,2026-03-13T19:59:59Z
NXDR,1.57,2026-03-13T19:59:57Z
NXDT,4.45,2026-03-13T19:59:48Z
NXE,12.11,2026-03-13T19:59:58Z
NXG,55.135,2026-03-13T17:15:53Z
NXGL,0.83,2026-03-13T18:57:11Z
NXGLW,0.05,2026-03-13T19:50:56Z
NXJ,12.29,2026-03-13T18:58:25Z
NXL,0.422,2026-03-13T19:00:24Z
NXP,14.39,2026-03-13T19:56:27Z
NXPI,190.78,2026-03-13T19:59:51Z
NXPL,0.4557,2026-03-13T16:01:25Z
NXRT,25.66,2026-03-13T19:30:00Z
NXST,233.355,2026-03-13T19:59:40Z
NXT,119.67,2026-03-13T19:59:59Z
NXTC,12.98,2026-03-13T16:31:05Z
NXTG,113.79,2026-03-13T17:24:35Z
NXTT,2.4,2026-03-13T18:29:01Z
NXXT,0.5164,2026-03-13T19:59:52Z
NYAX,59.69,2026-03-13T19:56:24Z
NYF,53.585,2026-03-13T19:56:15Z
NYM,25.09,2026-03-13T19:53:52Z
NYT,79.285,2026-03-13T19:59:51Z
NYXH,3.145,2026-03-13T19:58:30Z
NZAC,41.25,2026-03-13T19:08:31Z
NZF,12.52,2026-03-13T19:59:50Z
O,64.45,2026-03-13T19:59:58Z
OABI,1.8,2026-03-13T19:59:58Z
OACP,22.79,2026-03-13T16:59:10Z
OAEM,40,2026-03-13T19:55:00Z
OAIM,42.585,2026-03-13T16:44:49Z
OAK-A,21.26,2026-03-13T13:49:45Z
OAK-B,21.12,2026-03-13T19:49:06Z
OAKM,27.04,2026-03-13T19:59:59Z
OASC,29.31,2026-03-13T16:42:14Z
OBAI,1.785,2026-03-13T19:59:44Z
OBDC,10.94,2026-03-13T19:59:56Z
OBE,8.495,2026-03-13T19:59:58Z
OBIO,4.21,2026-03-13T19:44:47Z
OBK,40.64,2026-03-13T19:58:10Z
OBOR,28.18,2026-03-13T14:02:03Z
OBT,30.67,2026-03-13T19:59:59Z
OC,106.52,2026-03-13T19:59:59Z
OCC,7.36,2026-03-13T19:57:31Z
OCCI,2.83,2026-03-13T19:56:20Z
OCFC,17.805,2026-03-13T19:59:55Z
OCG,0.7601,2026-03-13T19:25:01Z
OCGN,2.48,2026-03-13T19:59:56Z
OCIO,34.63,2026-03-13T14:47:38Z
OCS,25.43,2026-03-13T19:59:45Z
OCSL,11.1,2026-03-13T19:59:56Z
OCTB,25.25,2026-03-13T19:21:25Z
OCTW,38.66,2026-03-13T19:39:44Z
OCTZ,41.62,2026-03-13T16:59:21Z
OCUL,8.77,2026-03-13T19:59:57Z
ODC,63.685,2026-03-13T19:50:03Z
ODD,13.6,2026-03-13T19:59:56Z
ODFL,180.73,2026-03-13T19:59:49Z
ODV,3.705,2026-03-13T19:59:56Z
OEC,4.77,2026-03-13T19:59:53Z
OEF,325.575,2026-03-13T19:59:53Z
OESX,9.5,2026-03-13T19:32:04Z
OFG,39.37,2026-03-13T19:59:44Z
OFIX,11.69,2026-03-13T19:59:48Z
OFLX,28.4,2026-03-13T19:59:41Z
OFRM,18.865,2026-03-13T19:59:47Z
OFS,3.24,2026-03-13T19:59:50Z
OGE,48.35,2026-03-13T19:59:49Z
OGEN,0.8867,2026-03-13T18:37:09Z
OGI,1.41,2026-03-13T19:59:41Z
OGIG,43.64,2026-03-13T14:31:02Z
OGN,6.36,2026-03-13T19:59:59Z
OGS,87.46,2026-03-13T19:59:49Z
OHI,48.05,2026-03-13T19:59:53Z
OI,10.62,2026-03-13T19:59:55Z
OIA,6.13,2026-03-13T14:57:25Z
OIH,371.23,2026-03-13T19:59:54Z
OII,33.25,2026-03-13T19:59:54Z
OILD,46.48,2026-03-13T18:53:45Z
OILK,54.47,2026-03-13T19:59:51Z
OILT,30.41,2026-03-13T19:52:10Z
OILU,44.57,2026-03-13T19:56:23Z
OIO,3.32,2026-03-13T19:36:35Z
OIS,11.88,2026-03-13T19:59:39Z
OKE,85.35,2026-03-13T19:59:54Z
OKLL,8.75,2026-03-13T19:58:22Z
OKLO,58.31,2026-03-13T19:59:54Z
OKLS,17.27,2026-03-13T19:59:46Z
OKTA,79.205,2026-03-13T19:59:54Z
OKUR,3.79,2026-03-13T19:59:57Z
OKYO,1.64,2026-03-13T19:38:19Z
OLB,0.6405,2026-03-13T16:14:06Z
OLED,94.11,2026-03-13T19:59:51Z
OLLI,109.315,2026-03-13T19:59:28Z
OLMA,14.72,2026-03-13T19:59:53Z
OLN,24.72,2026-03-13T19:59:55Z
OLOX,1.2,2026-03-13T19:59:50Z
OLP,22.815,2026-03-13T19:59:44Z
OLPX,1.21,2026-03-13T19:59:58Z
OM,3.25,2026-03-13T19:57:46Z
OMAB,104.81,2026-03-13T19:42:23Z
OMAH,18.055,2026-03-13T19:59:45Z
OMC,77.795,2026-03-13T19:59:54Z
OMCL,34.4,2026-03-13T19:59:50Z
OMDA,14.535,2026-03-13T19:59:32Z
OMER,11.19,2026-03-13T19:59:39Z
OMEX,1.535,2026-03-13T19:59:24Z
OMF,52.045,2026-03-13T19:59:44Z
OMFL,61.04,2026-03-13T19:54:30Z
OMFS,44.68,2026-03-13T16:39:06Z
OMH,1.185,2026-03-13T19:59:16Z
ON,58.545,2026-03-13T19:59:59Z
ONB,21.52,2026-03-13T19:59:57Z
ONC,284.15,2026-03-13T19:59:56Z
ONCY,0.9846,2026-03-13T19:50:53Z
ONDG,7.15,2026-03-13T19:59:25Z
ONDL,20.77,2026-03-13T19:50:40Z
ONDS,10.165,2026-03-13T19:59:56Z
ONDU,11.35,2026-03-13T19:22:22Z
ONEG,1.63,2026-03-13T19:57:02Z
ONEQ,87.07,2026-03-13T19:59:59Z
ONEW,8.435,2026-03-13T19:57:56Z
ONEZ,25.4,2026-03-13T17:10:49Z
ONFO,0.54,2026-03-13T18:42:59Z
ONIT,37.73,2026-03-13T19:59:43Z
ONL,2.335,2026-03-13T19:59:53Z
ONLN,53.33,2026-03-13T19:53:23Z
ONMD,0.86,2026-03-13T19:59:56Z
ONON,37.98,2026-03-13T19:59:59Z
ONTF,8.04,2026-03-13T19:59:58Z
ONTO,189.9,2026-03-13T19:58:52Z
OOMA,13.66,2026-03-13T19:59:49Z
OOQB,9.49,2026-03-13T16:21:10Z
OPAD,0.7584,2026-03-13T19:56:20Z
OPAL,2.11,2026-03-13T19:59:21Z
OPBK,12.92,2026-03-13T19:32:02Z
OPCH,29.29,2026-03-13T19:59:49Z
OPEN,4.955,2026-03-13T19:59:54Z
OPENL,0.3551,2026-03-13T13:49:48Z
OPENZ,0.303,2026-03-13T14:22:32Z
OPEX,24.83,2026-03-13T19:59:29Z
OPFI,8.29,2026-03-13T19:59:58Z
OPHC,5.42,2026-03-13T19:59:06Z
OPK,1.19,2026-03-13T19:59:52Z
OPLN,27.69,2026-03-13T19:59:59Z
OPP,7.72,2026-03-13T17:29:48Z
OPPJ,53.43,2026-03-13T13:30:03Z
OPRA,14.455,2026-03-13T19:59:42Z
OPRT,4.27,2026-03-13T19:59:56Z
OPRX,6.41,2026-03-13T19:59:55Z
OPTT,0.3792,2026-03-13T19:59:10Z
OPTU,1.41,2026-03-13T19:59:57Z
OPTX,6.68,2026-03-13T19:59:59Z
OPTXW,0.98,2026-03-13T18:34:04Z
OPXS,13.21,2026-03-13T16:00:17Z
OPY,82.665,2026-03-13T19:52:07Z
OR,40.335,2026-03-13T19:59:51Z
ORA,110.185,2026-03-13T19:54:38Z
ORBS,0.8208,2026-03-13T19:59:31Z
ORC,7.23,2026-03-13T19:59:56Z
ORCL,155.11,2026-03-13T19:59:58Z
ORCL-D,48.385,2026-03-13T17:53:01Z
ORCS,32.83,2026-03-13T19:24:07Z
ORCU,10.75,2026-03-13T19:44:42Z
ORCX,10.06,2026-03-13T19:59:55Z
ORGN,0.1213,2026-03-13T19:59:44Z
ORGO,2.64,2026-03-13T19:59:46Z
ORI,40.09,2026-03-13T19:59:52Z
ORIC,11.91,2026-03-13T19:59:59Z
ORIS,0.6727,2026-03-13T19:10:30Z
ORKA,39.88,2026-03-13T19:59:45Z
ORLA,16.35,2026-03-13T19:59:56Z
ORLY,91.535,2026-03-13T19:59:56Z
ORMP,3.42,2026-03-13T19:58:54Z
ORN,10.27,2026-03-13T19:59:58Z
ORR,36.17,2026-03-13T19:59:09Z
ORRF,34.19,2026-03-13T19:59:54Z
OS,23.56,2026-03-13T19:59:56Z
OSBC,19.48,2026-03-13T19:59:57Z
OSCR,13.22,2026-03-13T19:59:55Z
OSCX,6.78,2026-03-13T18:08:06Z
OSEA,29.49,2026-03-13T19:42:41Z
OSG,5.105,2026-03-13T19:59:54Z
OSIS,270.36,2026-03-13T19:55:55Z
OSK,147.135,2026-03-13T19:58:30Z
OSPN,10.57,2026-03-13T19:59:53Z
OSRH,0.4696,2026-03-13T19:41:43Z
OSS,10.065,2026-03-13T19:59:45Z
OSTX,1.525,2026-03-13T19:59:25Z
OSUR,2.98,2026-03-13T19:59:51Z
OSW,20.395,2026-03-13T19:59:40Z
OTEX,22.965,2026-03-13T19:59:55Z
OTF,11.73,2026-03-13T19:59:56Z
OTGAW,0.3,2026-03-13T15:07:07Z
OTGL,10.445,2026-03-13T19:52:28Z
OTIS,83.125,2026-03-13T19:59:46Z
OTLK,0.3924,2026-03-13T19:59:58Z
OTLY,10.29,2026-03-13T19:59:12Z
OTTR,87.64,2026-03-13T19:59:11Z
OUNZ,48.23,2026-03-13T19:59:03Z
OUST,21.47,2026-03-13T19:59:57Z
OUT,26.69,2026-03-13T19:59:58Z
OVID,1.97,2026-03-13T19:59:52Z
OVL,51.13,2026-03-13T18:24:59Z
OVLH,38.62,2026-03-13T16:44:41Z
OVLY,31.895,2026-03-13T16:05:36Z
OVV,55.37,2026-03-13T19:59:59Z
OWL,8.74,2026-03-13T19:59:56Z
OWLS,6.05,2026-03-13T19:51:45Z
OWLT,5.565,2026-03-13T19:59:43Z
OWNB,18.71,2026-03-13T16:37:28Z
OWNS,17.49,2026-03-13T18:10:17Z
OXBR,0.785,2026-03-13T17:34:29Z
OXLC,8.2,2026-03-13T19:59:52Z
OXLCG,24.74,2026-03-13T17:39:45Z
OXLCN,24.19,2026-03-13T16:03:40Z
OXLCP,24.85,2026-03-13T19:02:28Z
OXM,35.885,2026-03-13T19:58:33Z
OXSQ,1.74,2026-03-13T19:59:55Z
OXY,57.88,2026-03-13T19:59:59Z
OXY+,35.93,2026-03-13T19:55:50Z
OZEM,31.35,2026-03-13T19:58:31Z
OZK,43.405,2026-03-13T19:59:53Z
OZKAP,16.49,2026-03-13T19:17:25Z
PAA,21.325,2026-03-13T19:59:57Z
PAAA,51.205,2026-03-13T19:59:56Z
PAAS,56.115,2026-03-13T19:59:59Z
PABU,67.79,2026-03-13T16:58:51Z
PAC,226.435,2026-03-13T17:39:47Z
PACB,1.34,2026-03-13T19:59:58Z
PACK,3.435,2026-03-13T19:59:44Z
PACS,34.93,2026-03-13T19:59:39Z
PAG,146.04,2026-03-13T19:59:42Z
PAGP,23.14,2026-03-13T19:59:57Z
PAGS,9.37,2026-03-13T19:59:58Z
PAHC,49.54,2026-03-13T19:57:37Z
PAII,10.12,2026-03-13T15:22:38Z
PAL,6.14,2026-03-13T19:59:38Z
PALI,1.96,2026-03-13T19:59:56Z
PALL,140.57,2026-03-13T19:59:21Z
PALU,13.95,2026-03-13T19:59:50Z
PAM,80.88,2026-03-13T19:59:40Z
PANG,8.49,2026-03-13T19:01:26Z
PANL,6.84,2026-03-13T19:59:56Z
PANW,167.01,2026-03-13T19:59:54Z
PAPI,27.25,2026-03-13T19:38:16Z
PAPL,0.68,2026-03-13T19:56:43Z
PAPR,39.4,2026-03-13T19:21:13Z
PAR,14.765,2026-03-13T19:59:58Z
PARK,17.5,2026-03-13T19:10:36Z
PARR,53.9,2026-03-13T19:59:56Z
PASG,7.315,2026-03-13T18:01:31Z
PASW,0.1427,2026-03-13T19:51:06Z
PATH,11.56,2026-03-13T19:59:52Z
PATK,114.305,2026-03-13T19:59:25Z
PATX,10.13,2026-03-13T19:57:03Z
PAVE,50.16,2026-03-13T19:59:10Z
PAVS,1.695,2026-03-13T19:57:27Z
PAX,11.24,2026-03-13T19:59:28Z
PAXS,14.46,2026-03-13T19:58:20Z
PAY,24.39,2026-03-13T19:59:51Z
PAYC,125.675,2026-03-13T19:59:41Z
PAYH,23.05,2026-03-13T17:57:52Z
PAYO,4.55,2026-03-13T19:59:55Z
PAYP,21.1,2026-03-13T19:59:58Z
PAYR,54.59,2026-03-13T15:00:40Z
PAYS,3.43,2026-03-13T19:59:56Z
PAYX,92.58,2026-03-13T19:59:57Z
PB,64.3,2026-03-13T19:59:51Z
PBA,44.65,2026-03-13T19:59:56Z
PBD,17.485,2026-03-13T19:58:30Z
PBDC,26.61,2026-03-13T19:40:07Z
PBE,76.46,2026-03-13T18:51:12Z
PBF,43.5,2026-03-13T19:59:54Z
PBFR,29.075,2026-03-13T19:49:56Z
PBFS,13.81,2026-03-13T19:59:03Z
PBH,61.4,2026-03-13T19:59:54Z
PBI,10.145,2026-03-13T19:59:58Z
PBI-B,19.7,2026-03-13T18:10:06Z
PBJA,30.665,2026-03-13T14:27:42Z
PBMR,30.46,2026-03-13T17:42:13Z
PBOC,29.07,2026-03-13T14:31:21Z
PBOG,32.84,2026-03-13T16:24:21Z
PBP,22.38,2026-03-13T17:08:35Z
PBR,18.57,2026-03-13T19:59:59Z
PBR.A,16.79,2026-03-13T19:59:57Z
PBT,20.415,2026-03-13T19:56:29Z
PBUS,66.36,2026-03-13T19:29:26Z
PBW,32.21,2026-03-13T19:59:57Z
PBYI,5.89,2026-03-13T19:59:47Z
PCAR,115.3,2026-03-13T19:59:56Z
PCEF,19.18,2026-03-13T19:55:01Z
PCF,5.62,2026-03-13T19:44:02Z
PCG,18.145,2026-03-13T19:59:59Z
PCG-X,44.58,2026-03-13T15:50:36Z
PCGG,10.45,2026-03-13T16:53:18Z
PCLA,2.34,2026-03-13T13:38:11Z
PCLG,21.35,2026-03-13T14:12:00Z
PCM,5.655,2026-03-13T19:56:41Z
PCMM,49.26,2026-03-13T18:12:11Z
PCN,11.88,2026-03-13T19:59:58Z
PCOR,57.105,2026-03-13T19:59:51Z
PCQ,8.76,2026-03-13T19:59:40Z
PCRX,23.27,2026-03-13T19:59:54Z
PCSA,2.9,2026-03-13T16:15:31Z
PCSC,11.15,2026-03-13T18:10:20Z
PCT,5.77,2026-03-13T19:59:58Z
PCTTW,0.5,2026-03-13T13:36:55Z
PCTY,109.43,2026-03-13T19:59:53Z
PCVX,54.6,2026-03-13T19:59:57Z
PCY,21.08,2026-03-13T19:59:28Z
PCYO,10.3,2026-03-13T19:53:22Z
PD,7.05,2026-03-13T19:59:57Z
PDBA,35.56,2026-03-13T14:25:32Z
PDBC,17.125,2026-03-13T19:59:59Z
PDD,102.665,2026-03-13T19:59:59Z
PDDL,22.28,2026-03-13T19:58:54Z
PDEC,42.81,2026-03-13T19:12:57Z
PDEX,47.985,2026-03-13T19:50:10Z
PDFS,31.76,2026-03-13T19:58:08Z
PDI,17.47,2026-03-13T19:59:50Z
PDLB,16.3,2026-03-13T19:58:47Z
PDM,6.63,2026-03-13T19:59:58Z
PDO,13.12,2026-03-13T19:57:59Z
PDP,122.77,2026-03-13T13:37:23Z
PDS,92.765,2026-03-13T19:49:15Z
PDSB,0.635,2026-03-13T19:44:53Z
PDT,13.19,2026-03-13T19:35:38Z
PDX,20.33,2026-03-13T19:48:17Z
PDYN,6.94,2026-03-13T19:59:59Z
PEB,11.57,2026-03-13T19:59:57Z
PEB-F,19.92,2026-03-13T18:00:55Z
PEB-H,17.85,2026-03-13T19:12:54Z
PEBO,31.59,2026-03-13T19:58:39Z
PECO,38.17,2026-03-13T19:59:54Z
PED,18.18,2026-03-13T19:59:15Z
PEG,83.72,2026-03-13T19:59:50Z
PEGA,42.42,2026-03-13T19:59:53Z
PELI,9.55,2026-03-13T19:54:53Z
PELIR,0.735,2026-03-13T14:19:15Z
PELIU,10.52,2026-03-13T14:13:26Z
PEMX,69.22,2026-03-13T19:09:09Z
PEN,336.06,2026-03-13T19:59:47Z
PENG,17.99,2026-03-13T19:59:57Z
PENN,14.3,2026-03-13T19:59:58Z
PEO,26.535,2026-03-13T19:07:43Z
PEP,159.89,2026-03-13T19:59:54Z
PEPG,5.33,2026-03-13T19:59:52Z
PERF,1.38,2026-03-13T19:54:42Z
PERI,8.54,2026-03-13T19:59:41Z
PESI,13.14,2026-03-13T19:59:27Z
PETS,2.47,2026-03-13T19:57:07Z
PETZ,1.195,2026-03-13T19:57:21Z
PEW,3.14,2026-03-13T19:59:49Z
PEXL,59.68,2026-03-13T15:55:33Z
PEY,20.925,2026-03-13T19:59:46Z
PFAI,2.42,2026-03-13T19:37:20Z
PFBC,88.97,2026-03-13T19:45:32Z
PFD,11.37,2026-03-13T19:57:28Z
PFE,26.6,2026-03-13T19:59:58Z
PFEB,40.39,2026-03-13T16:24:05Z
PFF,30.69,2026-03-13T19:59:58Z
PFFA,20.955,2026-03-13T19:48:32Z
PFFD,18.57,2026-03-13T19:59:52Z
PFFR,17.66,2026-03-13T19:05:27Z
PFFV,22.2,2026-03-13T19:59:50Z
PFG,85.83,2026-03-13T19:59:50Z
PFGC,88.16,2026-03-13T19:59:56Z
PFH,16.94,2026-03-13T17:34:51Z
PFI,52.6,2026-03-13T15:50:51Z
PFIS,52.115,2026-03-13T19:12:40Z
PFIX,46.41,2026-03-13T19:35:30Z
PFL,7.985,2026-03-13T19:53:47Z
PFLT,8.1,2026-03-13T19:59:57Z
PFM,51.86,2026-03-13T16:36:35Z
PFN,6.885,2026-03-13T19:59:55Z
PFOE,22.76,2026-03-13T18:35:24Z
PFS,20.36,2026-03-13T19:59:59Z
PFSA,0.9138,2026-03-13T19:59:56Z
PFSI,84.16,2026-03-13T19:59:59Z
PFXF,17.785,2026-03-13T19:54:15Z
PG,150.605,2026-03-13T19:59:54Z
PGAC,10.46,2026-03-13T15:19:53Z
PGC,33.44,2026-03-13T19:59:21Z
PGEN,3.52,2026-03-13T19:59:58Z
PGF,14.055,2026-03-13T19:57:16Z
PGHY,19.65,2026-03-13T16:17:08Z
PGJ,27.37,2026-03-13T19:57:08Z
PGNY,17.5,2026-03-13T19:59:54Z
PGP,8.505,2026-03-13T19:29:57Z
PGR,205.16,2026-03-13T19:59:55Z
PGX,11.16,2026-03-13T19:59:45Z
PGY,10.96,2026-03-13T19:59:54Z
PGYWW,0.0854,2026-03-13T19:58:36Z
PGZ,9.99,2026-03-13T17:12:11Z
PH,890,2026-03-13T19:59:59Z
PHAR,14.8,2026-03-13T15:11:15Z
PHAT,10.37,2026-03-13T19:59:52Z
PHDG,38.19,2026-03-13T16:59:11Z
PHEQ,32.02,2026-03-13T19:59:45Z
PHG,27.77,2026-03-13T19:59:51Z
PHGE,6.12,2026-03-13T14:04:06Z
PHI,21.45,2026-03-13T19:55:48Z
PHIN,63.03,2026-03-13T19:59:22Z
PHIO,1.175,2026-03-13T19:59:26Z
PHK,4.53,2026-03-13T19:58:03Z
PHM,119.19,2026-03-13T19:59:49Z
PHO,67.25,2026-03-13T19:34:17Z
PHR,10.97,2026-03-13T19:59:56Z
PHUN,1.68,2026-03-13T19:37:48Z
PHVS,25.37,2026-03-13T19:58:20Z
PHXE-,23.32,2026-03-13T14:52:17Z
PHYL,34.765,2026-03-13T19:58:57Z
PHYS,38.11,2026-03-13T19:59:50Z
PI,91.685,2026-03-13T19:59:57Z
PICB,23.08,2026-03-13T19:57:55Z
PICK,55.44,2026-03-13T19:59:54Z
PICS,14.69,2026-03-13T19:58:47Z
PID,22.47,2026-03-13T19:56:39Z
PIE,25.7,2026-03-13T19:57:04Z
PIEQ,33.745,2026-03-13T19:38:31Z
PII,50.42,2026-03-13T19:59:55Z
PIII,3.12,2026-03-13T19:58:49Z
PILL,9.97,2026-03-13T19:59:45Z
PINE,18.45,2026-03-13T19:59:41Z
PINK,33.7,2026-03-13T19:56:28Z
PINS,18.175,2026-03-13T19:59:59Z
PIPR,282.51,2026-03-13T19:59:55Z
PIT,70.715,2026-03-13T19:34:48Z
PIZ,49.49,2026-03-13T19:15:31Z
PJAN,46.37,2026-03-13T19:47:36Z
PJFG,100.84,2026-03-13T19:39:39Z
PJIO,57.73,2026-03-13T14:22:27Z
PJT,129.14,2026-03-13T19:59:51Z
PJUL,46.14,2026-03-13T19:24:35Z
PK,10.19,2026-03-13T19:59:56Z
PKBK,27.15,2026-03-13T19:59:43Z
PKE,26.79,2026-03-13T19:59:10Z
PKG,214.69,2026-03-13T19:59:56Z
PKOH,24.8,2026-03-13T13:56:54Z
PKST,20.82,2026-03-13T19:59:58Z
PKW,131.69,2026-03-13T13:37:50Z
PKX,56.78,2026-03-13T19:45:39Z
PL,24.795,2026-03-13T19:59:55Z
PLAB,33.545,2026-03-13T19:59:16Z
PLAG,2.2,2026-03-13T19:53:50Z
PLAY,12.945,2026-03-13T19:59:54Z
PLBC,48.41,2026-03-13T19:54:10Z
PLBL,9.01,2026-03-13T18:43:33Z
PLBY,1.685,2026-03-13T19:59:54Z
PLCE,3.64,2026-03-13T19:59:50Z
PLD,131.76,2026-03-13T19:59:52Z
PLG,1.945,2026-03-13T19:59:54Z
PLMK,10.53,2026-03-13T14:17:40Z
PLMR,120.14,2026-03-13T19:58:52Z
PLNT,73.62,2026-03-13T19:59:53Z
PLOW,40.91,2026-03-13T19:59:12Z
PLPC,261.6,2026-03-13T19:57:15Z
PLRX,1.35,2026-03-13T19:59:55Z
PLRZ,14.025,2026-03-13T19:30:41Z
PLSE,21.58,2026-03-13T19:59:24Z
PLSM,4.19,2026-03-13T14:54:00Z
PLTA,18.86,2026-03-13T16:58:51Z
PLTD,7.43,2026-03-13T19:59:47Z
PLTG,17.17,2026-03-13T19:52:52Z
PLTK,2.845,2026-03-13T19:59:58Z
PLTM,19.43,2026-03-13T19:59:45Z
PLTR,150.97,2026-03-13T19:59:58Z
PLTU,48.75,2026-03-13T19:59:05Z
PLTW,27.31,2026-03-13T19:44:14Z
PLTY,40.52,2026-03-13T19:58:59Z
PLTZ,28.89,2026-03-13T19:59:48Z
PLUG,2.16,2026-03-13T19:59:57Z
PLUR,3.5,2026-03-13T15:33:52Z
PLUS,75.77,2026-03-13T19:57:38Z
PLX,2.83,2026-03-13T19:59:56Z
PLXS,190.83,2026-03-13T19:59:55Z
PLYX,6.375,2026-03-13T19:59:47Z
PLYY,13,2026-03-13T18:27:55Z
PM,174.36,2026-03-13T19:59:49Z
PMAR,44.91,2026-03-13T18:10:14Z
PMAX,0.6002,2026-03-13T16:43:00Z
PMAY,39.7,2026-03-13T18:12:21Z
PMBS,49.65,2026-03-13T19:02:53Z
PMCB,0.69,2026-03-13T16:41:12Z
PMI,1.27,2026-03-13T19:53:24Z
PML,7.64,2026-03-13T19:59:53Z
PMM,6.285,2026-03-13T19:56:28Z
PMMF,100.36,2026-03-13T19:59:50Z
PMMR,26.55,2026-03-13T19:24:34Z
PMN,17.895,2026-03-13T19:59:18Z
PMNT,0.2412,2026-03-13T19:14:14Z
PMO,10.505,2026-03-13T14:17:20Z
PMT,11.63,2026-03-13T19:59:54Z
PMT-C,18.69,2026-03-13T19:14:33Z
PMTS,14.875,2026-03-13T19:53:34Z
PMVP,1.57,2026-03-13T19:59:56Z
PNBK,1.295,2026-03-13T19:59:44Z
PNC,201.11,2026-03-13T19:59:55Z
PNFP,82.81,2026-03-13T19:59:43Z
PNFP-B,25.705,2026-03-13T17:04:30Z
PNI,6.965,2026-03-13T18:19:53Z
PNNT,4.655,2026-03-13T19:59:42Z
PNOV,41.35,2026-03-13T14:48:34Z
PNQI,45.96,2026-03-13T19:10:18Z
PNR,88.29,2026-03-13T19:59:40Z
PNTG,32.885,2026-03-13T19:56:46Z
PNW,102.91,2026-03-13T19:59:59Z
POAS,1.445,2026-03-13T19:57:08Z
POCT,43.42,2026-03-13T18:47:08Z
PODC,2.3,2026-03-13T19:54:00Z
PODD,219.845,2026-03-13T19:59:58Z
POET,6.83,2026-03-13T19:59:51Z
POLA,1.845,2026-03-13T19:59:15Z
POM,0.4,2026-03-13T19:58:23Z
PONOU,9.965,2026-03-13T19:59:59Z
PONY,11.43,2026-03-13T19:59:56Z
POOL,206.59,2026-03-13T19:59:59Z
POR,53.61,2026-03-13T19:59:51Z
POST,98.435,2026-03-13T19:57:41Z
POWI,47.46,2026-03-13T19:59:48Z
POWL,502.115,2026-03-13T19:58:43Z
POWW,2.01,2026-03-13T19:59:57Z
PPA,173.17,2026-03-13T19:59:39Z
PPBT,3.89,2026-03-13T19:59:30Z
PPC,36.225,2026-03-13T19:59:56Z
PPCB,0.127,2026-03-13T19:59:48Z
PPG,101.87,2026-03-13T19:59:59Z
PPH,104.36,2026-03-13T19:59:26Z
PPHC,13.1,2026-03-13T19:59:58Z
PPI,20.915,2026-03-13T19:10:15Z
PPIH,28.06,2026-03-13T19:59:30Z
PPL,38.53,2026-03-13T19:59:58Z
PPLC,51.145,2026-03-13T15:39:45Z
PPLT,183.63,2026-03-13T19:59:27Z
PPSI,3.32,2026-03-13T19:57:26Z
PPT,3.52,2026-03-13T17:03:01Z
PPTA,29.79,2026-03-13T19:59:36Z
PQDI,19.355,2026-03-13T19:55:44Z
PQJL,28.83,2026-03-13T14:18:27Z
PR,19.36,2026-03-13T19:59:58Z
PRA,24.63,2026-03-13T19:59:56Z
PRAA,16.735,2026-03-13T19:59:54Z
PRAX,293.66,2026-03-13T19:59:30Z
PRAY,32.38,2026-03-13T19:43:52Z
PRCH,7.58,2026-03-13T19:59:52Z
PRCS,25.63,2026-03-13T18:57:11Z
PRCT,27.15,2026-03-13T19:59:56Z
PRDO,35.775,2026-03-13T19:59:50Z
PRE,20.755,2026-03-13T19:59:32Z
PREF,18.95,2026-03-13T19:20:53Z
PRF,47.61,2026-03-13T19:59:47Z
PRFD,51.08,2026-03-13T14:51:20Z
PRFZ,45.5,2026-03-13T19:59:46Z
PRG,28.1,2026-03-13T19:59:48Z
PRGO,9.31,2026-03-13T19:59:59Z
PRGS,34.28,2026-03-13T19:59:33Z
PRH,24.17,2026-03-13T19:50:15Z
PRHI,0.7101,2026-03-13T16:45:58Z
PRI,249.27,2026-03-13T19:59:01Z
PRIF-D,24.73,2026-03-13T19:29:52Z
PRIM,133.43,2026-03-13T19:59:50Z
PRIV,25.18,2026-03-13T19:44:45Z
PRK,156.42,2026-03-13T19:48:33Z
PRKS,30.88,2026-03-13T19:59:58Z
PRLB,54.25,2026-03-13T19:59:50Z
PRLD,3.3,2026-03-13T19:59:50Z
PRM,22.78,2026-03-13T19:59:45Z
PRMB,20.77,2026-03-13T19:59:51Z
PRME,3.66,2026-03-13T19:59:59Z
PRMR,23.89,2026-03-13T18:18:48Z
PRN,190.135,2026-03-13T15:03:13Z
PROF,5.48,2026-03-13T19:59:52Z
PROK,2.24,2026-03-13T19:59:50Z
PROP,1.985,2026-03-13T19:59:53Z
PROV,16.03,2026-03-13T19:39:38Z
PRPL,0.697,2026-03-13T18:02:54Z
PRQR,1.82,2026-03-13T19:59:54Z
PRS,23.74,2026-03-13T16:48:33Z
PRSO,1.51,2026-03-13T19:59:40Z
PRSU,36.28,2026-03-13T19:59:46Z
PRT,3.42,2026-03-13T19:59:57Z
PRTA,9.2,2026-03-13T19:59:56Z
PRTH,4.97,2026-03-13T19:59:49Z
PRTS,0.7848,2026-03-13T19:59:38Z
PRU,91.985,2026-03-13T19:59:48Z
PRVA,21.69,2026-03-13T19:59:57Z
PRZO,1.18,2026-03-13T19:59:35Z
PSA,297.82,2026-03-13T19:59:53Z
PSA-F,20.52,2026-03-13T19:54:57Z
PSA-G,20.19,2026-03-13T19:56:02Z
PSA-H,22.63,2026-03-13T19:59:51Z
PSA-I,19.37,2026-03-13T18:59:51Z
PSA-J,18.73,2026-03-13T17:05:09Z
PSA-L,18.405,2026-03-13T18:39:48Z
PSA-M,16.52,2026-03-13T19:36:05Z
PSA-N,15.325,2026-03-13T19:52:19Z
PSA-P,15.94,2026-03-13T16:59:30Z
PSA-Q,15.63,2026-03-13T19:47:49Z
PSA-R,15.82,2026-03-13T19:59:51Z
PSA-S,16.285,2026-03-13T18:53:03Z
PSBD,10.24,2026-03-13T19:59:49Z
PSC,56.8,2026-03-13T17:44:32Z
PSCC,33.32,2026-03-13T13:40:51Z
PSCE,57.39,2026-03-13T19:49:03Z
PSCM,93.16,2026-03-13T16:58:51Z
PSDM,51.19,2026-03-13T13:36:27Z
PSEC,2.565,2026-03-13T19:59:49Z
PSEC-A,17.96,2026-03-13T17:31:06Z
PSEP,43.31,2026-03-13T15:43:58Z
PSF,19.6,2026-03-13T19:38:10Z
PSFE,6.92,2026-03-13T19:59:50Z
PSFF,32.1,2026-03-13T19:19:12Z
PSFJ,32.88,2026-03-13T18:42:09Z
PSHG,2.25,2026-03-13T19:31:42Z
PSI,92.09,2026-03-13T16:59:41Z
PSIG,5.7,2026-03-13T13:46:37Z
PSIL,16.66,2026-03-13T15:45:09Z
PSIX,56.48,2026-03-13T19:59:48Z
PSK,31.48,2026-03-13T19:57:16Z
PSKY,9.73,2026-03-13T19:59:59Z
PSLV,26.105,2026-03-13T19:59:59Z
PSMT,149.08,2026-03-13T19:57:06Z
PSN,54.96,2026-03-13T19:59:54Z
PSNL,6.715,2026-03-13T19:59:57Z
PSNY,16.45,2026-03-13T19:58:32Z
PSO,13.065,2026-03-13T19:59:44Z
PSP,55.86,2026-03-13T19:59:15Z
PSQ,31.5,2026-03-13T19:59:42Z
PSQH,0.6339,2026-03-13T19:01:45Z
PSR,96.58,2026-03-13T15:00:47Z
PST,22.44,2026-03-13T16:12:29Z
PSTG,61.5,2026-03-13T19:59:54Z
PSTL,19.275,2026-03-13T19:58:03Z
PSTV,0.2506,2026-03-13T19:57:02Z
PSX,172.78,2026-03-13T19:59:53Z
PTA,18.96,2026-03-13T19:55:00Z
PTC,155.92,2026-03-13T19:59:33Z
PTCT,64.49,2026-03-13T19:59:54Z
PTEN,10.29,2026-03-13T19:59:58Z
PTF,87.11,2026-03-13T18:25:28Z
PTGX,92.36,2026-03-13T19:59:32Z
PTIN,32.9,2026-03-13T14:34:43Z
PTIR,17.805,2026-03-13T19:59:54Z
PTL,253.11,2026-03-13T15:15:04Z
PTLC,54.025,2026-03-13T19:18:09Z
PTLO,5.34,2026-03-13T19:59:57Z
PTMC,36.155,2026-03-13T16:58:51Z
PTN,22.79,2026-03-13T19:04:35Z
PTNQ,75.99,2026-03-13T16:02:37Z
PTON,3.72,2026-03-13T19:59:58Z
PTRB,41.78,2026-03-13T13:33:56Z
PTRN,11.375,2026-03-13T19:59:45Z
PTY,12.035,2026-03-13T19:59:58Z
PUBM,8.02,2026-03-13T19:59:52Z
PUI,47.58,2026-03-13T19:59:45Z
PUK,28.64,2026-03-13T19:59:53Z
PULM,2.12,2026-03-13T14:58:22Z
PULS,49.615,2026-03-13T18:12:23Z
PUMP,14.34,2026-03-13T19:59:53Z
PURR,5.33,2026-03-13T19:59:51Z
PVAL,45.955,2026-03-13T19:58:27Z
PVEX,27.72,2026-03-13T19:11:33Z
PVH,60.78,2026-03-13T19:59:23Z
PVI,24.88,2026-03-13T18:09:40Z
PVL,1.765,2026-03-13T17:45:44Z
PVLA,121.74,2026-03-13T19:59:51Z
PWB,129.31,2026-03-13T19:42:20Z
PWP,16.08,2026-03-13T19:59:54Z
PWR,559,2026-03-13T19:59:53Z
PWRD,99.035,2026-03-13T19:52:55Z
PWV,69.03,2026-03-13T15:19:59Z
PWZ,24.2,2026-03-13T19:57:54Z
PXE,36.18,2026-03-13T19:59:50Z
PXED,27.26,2026-03-13T19:59:54Z
PXF,69.05,2026-03-13T19:57:49Z
PXH,26.64,2026-03-13T19:59:54Z
PXIU,0.289,2026-03-13T16:07:00Z
PXLW,5.75,2026-03-13T19:15:15Z
PY,51.39,2026-03-13T16:20:58Z
PYLD,26.23,2026-03-13T19:59:54Z
PYPD,4.19,2026-03-13T19:29:21Z
PYPG,5.92,2026-03-13T19:58:31Z
PYPL,44.9,2026-03-13T19:59:59Z
PYXS,1.54,2026-03-13T19:59:46Z
PYZ,117.82,2026-03-13T16:58:51Z
PZA,23.305,2026-03-13T19:59:55Z
PZG,2.085,2026-03-13T19:59:55Z
PZT,22.32,2026-03-13T19:56:15Z
PZZA,36.82,2026-03-13T19:59:58Z
Q,109.08,2026-03-13T19:59:46Z
QABA,56.69,2026-03-13T16:49:17Z
QAT,18.7,2026-03-13T19:58:10Z
QBER,24.07,2026-03-13T17:57:51Z
QBSF,26.27,2026-03-13T17:23:32Z
QBTS,17.56,2026-03-13T19:59:59Z
QBTX,12.23,2026-03-13T19:59:50Z
QBTZ,12.45,2026-03-13T19:59:45Z
QBUL,23.66,2026-03-13T17:22:10Z
QCAP,23.89,2026-03-13T17:43:28Z
QCLN,46.485,2026-03-13T19:59:45Z
QCLR,27.47,2026-03-13T14:48:32Z
QCLS,3.88,2026-03-13T19:59:52Z
QCML,11.95,2026-03-13T18:37:02Z
QCMU,15.03,2026-03-13T18:40:41Z
QCOC,22.21,2026-03-13T18:06:55Z
QCOM,129.83,2026-03-13T19:59:55Z
QCRH,81.745,2026-03-13T19:44:08Z
QDEC,31.87,2026-03-13T19:59:50Z
QDEF,81.02,2026-03-13T19:03:44Z
QDEL,17.09,2026-03-13T19:59:58Z
QDF,79.97,2026-03-13T16:58:51Z
QDIV,36.66,2026-03-13T14:38:52Z
QDPL,40.84,2026-03-13T19:59:51Z
QDTE,28.48,2026-03-13T19:59:55Z
QDVO,27.45,2026-03-13T19:59:50Z
QEFA,92.69,2026-03-13T18:48:57Z
QETH,20.965,2026-03-13T19:17:36Z
QFIN,13.83,2026-03-13T19:59:43Z
QFLR,33.94,2026-03-13T16:37:37Z
QGEN,40.6,2026-03-13T19:59:50Z
QGRD,26,2026-03-13T16:42:12Z
QGRO,106.81,2026-03-13T15:15:20Z
QGRW,55.25,2026-03-13T19:43:22Z
QH,0.0974,2026-03-13T19:43:08Z
QID,21.72,2026-03-13T19:59:45Z
QINT,64.555,2026-03-13T17:08:26Z
QIPT,3.645,2026-03-13T19:59:58Z
QLD,64.73,2026-03-13T19:59:57Z
QLTA,47.285,2026-03-13T19:59:46Z
QLTI,25.465,2026-03-13T18:43:28Z
QLTY,36.7,2026-03-13T19:59:51Z
QLYS,99.71,2026-03-13T19:59:30Z
QMAR,33.5,2026-03-13T19:36:58Z
QMCO,5.27,2026-03-13T19:59:59Z
QMFE,22.42,2026-03-13T18:20:51Z
QNC,3.02,2026-03-13T19:59:35Z
QNCX,0.1048,2026-03-13T19:59:56Z
QNRX,8.14,2026-03-13T16:59:57Z
QNST,12.46,2026-03-13T19:59:36Z
QNTM,2.51,2026-03-13T15:17:59Z
QPUX,6.86,2026-03-13T18:14:03Z
QQDN,30.54,2026-03-13T17:48:41Z
QQEW,130.11,2026-03-13T17:17:16Z
QQH,72.595,2026-03-13T19:59:46Z
QQQ,593.61,2026-03-13T19:59:58Z
QQQD,14.37,2026-03-13T19:45:44Z
QQQE,99.865,2026-03-13T19:53:36Z
QQQH,52.66,2026-03-13T17:16:36Z
QQQI,51.45,2026-03-13T19:58:10Z
QQQJ,36.38,2026-03-13T19:15:23Z
QQQM,244.41,2026-03-13T19:59:50Z
QQQT,16.2,2026-03-13T19:55:03Z
QQQU,45.97,2026-03-13T19:16:16Z
QQQX,27.25,2026-03-13T19:59:45Z
QQQY,21.45,2026-03-13T17:49:26Z
QQXT,98.74,2026-03-13T19:59:50Z
QRFT,60.4,2026-03-13T18:17:06Z
QRHC,1.165,2026-03-13T17:50:05Z
QRMI,15.59,2026-03-13T14:28:01Z
QRVO,78.16,2026-03-13T19:59:59Z
QS,6.72,2026-03-13T19:59:58Z
QSI,0.9491,2026-03-13T19:59:41Z
QSOL,8.94,2026-03-13T19:59:05Z
QSR,72.66,2026-03-13T19:59:52Z
QTEC,219.31,2026-03-13T19:58:56Z
QTI,6.1,2026-03-13T19:57:54Z
QTOP,30.72,2026-03-13T19:52:40Z
QTPI,25.69,2026-03-13T16:54:28Z
QTRX,4.73,2026-03-13T19:59:52Z
QTTB,6.795,2026-03-13T19:57:40Z
QTUM,109.34,2026-03-13T19:59:30Z
QTWO,48.33,2026-03-13T19:59:40Z
QUAD,6.545,2026-03-13T19:59:41Z
QUAL,195.16,2026-03-13T19:59:50Z
QUBT,7.3,2026-03-13T19:59:58Z
QUBX,8.9,2026-03-13T19:59:55Z
QUCY,0.7227,2026-03-13T13:31:20Z
QUIK,9.05,2026-03-13T19:58:19Z
QUMS,10.11,2026-03-13T14:52:18Z
QURE,15.53,2026-03-13T19:59:57Z
QUVU,27.44,2026-03-13T13:32:48Z
QVCC,10.68,2026-03-13T19:57:53Z
QVCD,10.58,2026-03-13T19:51:39Z
QVCGA,2.98,2026-03-13T19:17:14Z
QVCGP,4.25,2026-03-13T13:50:34Z
QVMT,60.24,2026-03-13T17:16:46Z
QXO,20.19,2026-03-13T19:59:58Z
QXO-B,55.23,2026-03-13T13:32:53Z
QXQ,26.39,2026-03-13T19:01:25Z
QYLD,17.45,2026-03-13T19:59:06Z
R,187.96,2026-03-13T19:59:46Z
RA,12.74,2026-03-13T19:59:33Z
RAAQ,10.58,2026-03-13T16:52:18Z
RAAX,40.875,2026-03-13T19:55:05Z
RACE,332.01,2026-03-13T19:59:51Z
RADX,4.825,2026-03-13T19:54:40Z
RAFE,41.52,2026-03-13T19:59:46Z
RAIL,8.295,2026-03-13T19:59:45Z
RAIN,2.79,2026-03-13T16:50:45Z
RAL,42.4,2026-03-13T19:59:52Z
RAMP,27.93,2026-03-13T19:59:49Z
RANI,1.325,2026-03-13T19:56:59Z
RAPP,27.83,2026-03-13T19:58:56Z
RARE,21.35,2026-03-13T19:59:52Z
RAVE,2.64,2026-03-13T19:31:42Z
RAVI,75.305,2026-03-13T19:59:25Z
RAY,4.01,2026-03-13T19:58:56Z
RBA,98.68,2026-03-13T19:59:50Z
RBB,20.94,2026-03-13T19:56:04Z
RBBN,2.1,2026-03-13T19:59:58Z
RBC,536.73,2026-03-13T19:59:23Z
RBCAA,68.59,2026-03-13T19:50:00Z
RBIL,50.03,2026-03-13T19:56:32Z
RBLU,11.97,2026-03-13T19:55:35Z
RBLX,56.41,2026-03-13T19:59:57Z
RBNE,1.51,2026-03-13T19:58:54Z
RBRK,53.435,2026-03-13T19:59:58Z
RBUF,29.455,2026-03-13T14:45:17Z
RC,1.75,2026-03-13T19:59:58Z
RCAT,15.86,2026-03-13T19:59:58Z
RCAX,22.65,2026-03-13T19:51:32Z
RCD,21.31,2026-03-13T14:19:09Z
RCEL,4.41,2026-03-13T19:59:48Z
RCG,3.05,2026-03-13T15:38:39Z
RCI,38.73,2026-03-13T19:59:58Z
RCKT,4.735,2026-03-13T19:59:53Z
RCKY,42.25,2026-03-13T19:39:27Z
RCL,272.67,2026-03-13T19:59:57Z
RCMT,18.985,2026-03-13T19:27:31Z
RCS,5.49,2026-03-13T19:50:24Z
RCT,0.869,2026-03-13T13:51:42Z
RCUS,21.96,2026-03-13T19:59:49Z
RDAGU,10.36,2026-03-13T19:27:54Z
RDCM,10.71,2026-03-13T19:32:04Z
RDDT,132.43,2026-03-13T19:59:53Z
RDIB,10.735,2026-03-13T17:58:00Z
RDN,32.98,2026-03-13T19:59:49Z
RDNT,62.1,2026-03-13T19:59:38Z
RDNW,6.14,2026-03-13T19:58:45Z
RDTE,27.22,2026-03-13T19:59:39Z
RDTL,14.605,2026-03-13T17:59:07Z
RDVI,25.58,2026-03-13T19:59:50Z
RDVT,38.095,2026-03-13T19:59:29Z
RDVY,68.22,2026-03-13T19:59:24Z
RDW,9.585,2026-03-13T19:59:59Z
RDWR,25.14,2026-03-13T19:50:18Z
RDWU,11.32,2026-03-13T19:59:55Z
RDY,14.13,2026-03-13T19:59:54Z
RDZN,1.15,2026-03-13T19:59:50Z
REAL,9.56,2026-03-13T19:59:50Z
REAX,2.36,2026-03-13T19:59:59Z
REBN,1.9,2026-03-13T14:16:22Z
RECS,39.205,2026-03-13T19:47:56Z
REED,4.06,2026-03-13T19:56:55Z
REET,25.87,2026-03-13T19:59:56Z
REFI,12.095,2026-03-13T19:59:35Z
REG,76.58,2026-03-13T19:59:48Z
REGCP,23.17,2026-03-13T19:53:49Z
REGL,87.38,2026-03-13T18:49:57Z
REGN,746.12,2026-03-13T19:59:57Z
REI,1.495,2026-03-13T19:59:42Z
REKR,0.9966,2026-03-13T19:59:00Z
REKT,18.51,2026-03-13T17:39:06Z
RELL,10.99,2026-03-13T19:44:05Z
RELX,34.15,2026-03-13T19:59:58Z
RELY,15.25,2026-03-13T19:59:59Z
REM,21.445,2026-03-13T19:59:50Z
REMC,19.98,2026-03-13T14:38:36Z
REMX,89.6,2026-03-13T19:59:49Z
RENT,4.405,2026-03-13T18:18:48Z
RENX,0.1563,2026-03-13T19:59:35Z
REPL,7.13,2026-03-13T19:59:49Z
REPX,33.13,2026-03-13T19:58:20Z
RERE,5.64,2026-03-13T19:59:49Z
RES,6.52,2026-03-13T19:59:55Z
RESM,20.16,2026-03-13T14:38:54Z
RETL,7.3,2026-03-13T19:32:26Z
RETO,0.5343,2026-03-13T19:45:22Z
REVB,1.23,2026-03-13T18:57:47Z
REW,12.05,2026-03-13T19:57:13Z
REX,40.505,2026-03-13T19:57:26Z
REXR,34.48,2026-03-13T19:59:53Z
REXR-B,21.81,2026-03-13T19:28:13Z
REXR-C,20.89,2026-03-13T19:55:43Z
REYN,21.485,2026-03-13T19:59:50Z
REZ,87.21,2026-03-13T19:30:02Z
REZI,33.535,2026-03-13T19:59:52Z
RF,24.995,2026-03-13T19:59:59Z
RF-C,24.04,2026-03-13T19:59:51Z
RFAMR,0.11,2026-03-13T14:49:44Z
RFI,11.38,2026-03-13T19:23:34Z
RFIL,10.25,2026-03-13T19:59:37Z
RFIX,41.4,2026-03-13T19:59:51Z
RFL,1.29,2026-03-13T19:59:47Z
RFLR,28.65,2026-03-13T14:18:27Z
RFM,14.38,2026-03-13T18:58:22Z
RFMZ,12.92,2026-03-13T19:52:46Z
RFV,126.29,2026-03-13T17:12:39Z
RGA,201.59,2026-03-13T19:59:55Z
RGC,23,2026-03-13T15:00:01Z
RGEN,114.18,2026-03-13T19:59:59Z
RGLD,259.11,2026-03-13T19:59:15Z
RGLO,29.3,2026-03-13T16:30:25Z
RGNX,8.56,2026-03-13T19:59:59Z
RGP,3.63,2026-03-13T19:59:53Z
RGR,38.35,2026-03-13T19:50:00Z
RGT,13.71,2026-03-13T19:54:17Z
RGTI,16.18,2026-03-13T19:59:59Z
RGTIW,7.21,2026-03-13T17:34:33Z
RGTX,5.11,2026-03-13T19:59:59Z
RGTZ,22.8,2026-03-13T19:36:32Z
RH,128.4,2026-03-13T19:59:48Z
RHI,22.37,2026-03-13T19:59:53Z
RHLD,111.6,2026-03-13T19:51:15Z
RHP,89.93,2026-03-13T19:59:23Z
RICK,21.37,2026-03-13T18:49:26Z
RIG,6.36,2026-03-13T19:59:51Z
RIGL,25.92,2026-03-13T19:59:46Z
RIGS,22.85,2026-03-13T19:45:13Z
RILY,6.83,2026-03-13T19:59:48Z
RILYG,22.55,2026-03-13T17:12:41Z
RILYL,10,2026-03-13T19:56:14Z
RILYN,23.55,2026-03-13T19:31:41Z
RILYP,8.76,2026-03-13T14:20:25Z
RILYT,16.92,2026-03-13T19:42:17Z
RILYZ,16.435,2026-03-13T13:38:50Z
RIME,1.605,2026-03-13T19:59:58Z
RING,81.075,2026-03-13T19:57:06Z
RIO,87.81,2026-03-13T19:59:47Z
RIOT,14.02,2026-03-13T19:59:59Z
RIOX,6.86,2026-03-13T18:56:26Z
RISR,36.25,2026-03-13T19:59:38Z
RITM,9.45,2026-03-13T19:59:51Z
RITM-B,25.12,2026-03-13T14:54:28Z
RITM-D,24.71,2026-03-13T19:10:43Z
RITR,0.5995,2026-03-13T19:56:39Z
RIV,11.34,2026-03-13T19:55:37Z
RIVN,14.875,2026-03-13T19:59:56Z
RJET,16.93,2026-03-13T19:59:44Z
RJF,146.205,2026-03-13T19:57:14Z
RKDA,1.79,2026-03-13T17:13:33Z
RKLB,68.41,2026-03-13T19:59:54Z
RKLX,31.86,2026-03-13T19:59:50Z
RKLZ,3.39,2026-03-13T19:59:47Z
RKT,14.14,2026-03-13T19:59:59Z
RL,330.73,2026-03-13T19:59:59Z
RLAY,10.37,2026-03-13T19:59:57Z
RLGT,6.82,2026-03-13T19:59:42Z
RLI,61.835,2026-03-13T19:59:46Z
RLJ,7.43,2026-03-13T19:59:56Z
RLJ-A,25.02,2026-03-13T19:25:17Z
RLMD,5.93,2026-03-13T19:59:29Z
RLTY,15.26,2026-03-13T13:46:21Z
RLX,2.25,2026-03-13T19:59:55Z
RLY,35.85,2026-03-13T19:59:50Z
RLYB,9.5,2026-03-13T19:59:00Z
RM,30.77,2026-03-13T17:19:13Z
RMAX,5.74,2026-03-13T19:59:59Z
RMBI,13.25,2026-03-13T19:29:38Z
RMBS,94.05,2026-03-13T19:59:45Z
RMCF,2.385,2026-03-13T15:04:50Z
RMCO,3.95,2026-03-13T19:53:14Z
RMD,230.76,2026-03-13T19:59:52Z
RMI,15.83,2026-03-13T19:10:29Z
RMM,14.28,2026-03-13T18:43:46Z
RMMZ,14.72,2026-03-13T19:58:20Z
RMNI,3.3,2026-03-13T19:59:58Z
RMOP,25.05,2026-03-13T17:33:25Z
RMR,16.23,2026-03-13T19:58:18Z
RMSG,0.4055,2026-03-13T18:36:55Z
RMT,11.27,2026-03-13T19:42:11Z
RMTI,0.8886,2026-03-13T17:45:49Z
RNA,13.755,2026-03-13T19:59:58Z
RNAC,7.415,2026-03-13T19:59:22Z
RNG,37.755,2026-03-13T19:59:47Z
RNGR,16.68,2026-03-13T19:50:36Z
RNP,20.63,2026-03-13T19:40:50Z
RNR,294.13,2026-03-13T19:57:53Z
RNR-F,21.93,2026-03-13T13:53:59Z
RNR-G,15.6,2026-03-13T19:54:11Z
RNST,35.695,2026-03-13T19:59:49Z
RNTX,1.33,2026-03-13T18:07:07Z
RNTY,50.425,2026-03-13T14:30:30Z
RNW,5.2,2026-03-13T19:59:59Z
RNXT,0.8472,2026-03-13T17:22:48Z
ROAD,114.01,2026-03-13T19:59:48Z
ROBN,19.74,2026-03-13T19:59:50Z
ROBO,69.885,2026-03-13T19:59:54Z
ROBT,47.82,2026-03-13T19:57:27Z
ROC,6.34,2026-03-13T16:06:39Z
ROCK,41.32,2026-03-13T19:59:32Z
RODM,38.81,2026-03-13T17:26:26Z
ROG,102.15,2026-03-13T19:58:59Z
ROIV,28.08,2026-03-13T19:59:59Z
ROK,361.05,2026-03-13T19:59:57Z
ROKT,100.285,2026-03-13T19:57:45Z
ROKU,91.61,2026-03-13T19:59:46Z
ROL,55.1,2026-03-13T19:59:47Z
ROLR,3.79,2026-03-13T19:54:16Z
ROM,83.95,2026-03-13T19:00:00Z
ROMA,5.57,2026-03-13T19:45:41Z
RONB,23.42,2026-03-13T19:27:16Z
ROOT,43.785,2026-03-13T19:59:24Z
ROP,351.01,2026-03-13T19:59:58Z
ROST,206.23,2026-03-13T19:59:54Z
RPAR,22.45,2026-03-13T16:04:43Z
RPAY,2.66,2026-03-13T19:59:49Z
RPC,7.21,2026-03-13T19:59:52Z
RPD,6.84,2026-03-13T19:59:58Z
RPG,47.49,2026-03-13T19:52:24Z
RPGL,0.8112,2026-03-13T18:18:32Z
RPID,2.84,2026-03-13T19:59:51Z
RPM,99.72,2026-03-13T19:59:36Z
RPRX,45.64,2026-03-13T19:59:57Z
RPT,13.965,2026-03-13T18:52:28Z
RPT-C,25.04,2026-03-13T16:08:17Z
RPV,106.845,2026-03-13T19:55:28Z
RQI,12.45,2026-03-13T19:59:55Z
RR,2.305,2026-03-13T19:59:56Z
RRBI,87.07,2026-03-13T17:03:15Z
RRC,43.575,2026-03-13T19:59:51Z
RRGB,3.37,2026-03-13T19:59:40Z
RRR,57.84,2026-03-13T19:59:49Z
RRX,186.35,2026-03-13T19:59:49Z
RS,297.31,2026-03-13T19:59:37Z
RSBT,18.95,2026-03-13T19:40:51Z
RSG,224.49,2026-03-13T19:59:45Z
RSHO,48.87,2026-03-13T19:19:49Z
RSI,20.25,2026-03-13T19:59:55Z
RSKD,4.18,2026-03-13T19:59:59Z
RSP,193.555,2026-03-13T19:59:55Z
RSPA,50.58,2026-03-13T16:15:30Z
RSPD,54.325,2026-03-13T15:46:58Z
RSPF,71.13,2026-03-13T18:58:04Z
RSPG,102.87,2026-03-13T19:59:13Z
RSPH,30.615,2026-03-13T15:23:31Z
RSPM,38.21,2026-03-13T15:36:38Z
RSPN,58.46,2026-03-13T19:59:32Z
RSPS,30.59,2026-03-13T19:21:19Z
RSPT,45.62,2026-03-13T19:56:11Z
RSPU,83.08,2026-03-13T14:59:45Z
RSSB,27.66,2026-03-13T15:07:41Z
RSSL,96.51,2026-03-13T15:05:06Z
RSSS,2.33,2026-03-13T18:43:25Z
RSST,28.835,2026-03-13T19:51:55Z
RSSX,25.75,2026-03-13T16:46:04Z
RSSY,22.25,2026-03-13T19:59:45Z
RSVR,9.85,2026-03-13T19:47:57Z
RTAC,10.345,2026-03-13T15:20:32Z
RTH,255.14,2026-03-13T19:59:51Z
RTO,32.34,2026-03-13T19:59:57Z
RTX,204.445,2026-03-13T19:59:55Z
RTYY,14.16,2026-03-13T16:10:39Z
RUBI,0.7233,2026-03-13T19:59:35Z
RUM,5.34,2026-03-13T19:59:57Z
RUMBW,1.21,2026-03-13T15:03:58Z
RUN,12.145,2026-03-13T19:59:58Z
RUNN,32.46,2026-03-13T19:17:14Z
RUSC,31.48,2026-03-13T18:06:45Z
RUSHA,61.79,2026-03-13T19:59:49Z
RUSHB,59.44,2026-03-13T19:56:37Z
RVI,22.51,2026-03-13T19:00:18Z
RVLV,22.925,2026-03-13T19:59:48Z
RVMD,94.93,2026-03-13T19:59:14Z
RVMDW,1.58,2026-03-13T16:02:31Z
RVNL,28.53,2026-03-13T18:34:29Z
RVNU,24.55,2026-03-13T13:55:41Z
RVPH,2.455,2026-03-13T19:58:40Z
RVSB,5.19,2026-03-13T19:59:30Z
RVT,16.4,2026-03-13T19:43:51Z
RVTY,85.595,2026-03-13T19:59:56Z
RWAY,6.63,2026-03-13T19:59:59Z
RWAYI,25.35,2026-03-13T15:50:47Z
RWJ,49.23,2026-03-13T18:43:41Z
RWL,116.2,2026-03-13T18:25:54Z
RWM,16.435,2026-03-13T19:59:59Z
RWO,47.32,2026-03-13T18:20:17Z
RWR,104.305,2026-03-13T19:58:07Z
RWT,5.83,2026-03-13T19:59:52Z
RWTN,24.74,2026-03-13T19:14:51Z
RWTP,24.5,2026-03-13T19:29:15Z
RWTQ,24.47,2026-03-13T18:14:55Z
RWX,27.42,2026-03-13T19:54:16Z
RXI,190.08,2026-03-13T19:55:20Z
RXO,12.11,2026-03-13T19:59:48Z
RXRX,3.425,2026-03-13T19:59:59Z
RXST,7.32,2026-03-13T19:59:58Z
RXT,1.91,2026-03-13T19:59:56Z
RY,161.225,2026-03-13T19:59:47Z
RYAAY,61.3,2026-03-13T19:59:55Z
RYAM,11.31,2026-03-13T19:59:53Z
RYAN,36.18,2026-03-13T19:59:58Z
RYDE,0.6855,2026-03-13T19:19:42Z
RYLD,14.98,2026-03-13T19:54:30Z
RYN,20.19,2026-03-13T19:59:59Z
RYTM,87.32,2026-03-13T19:59:55Z
RYZ,20.97,2026-03-13T19:59:50Z
RZB,25,2026-03-13T17:53:16Z
RZC,25.62,2026-03-13T18:35:03Z
RZLT,2.6,2026-03-13T19:59:58Z
RZLV,2.69,2026-03-13T19:59:58Z
RZV,120.65,2026-03-13T17:08:18Z
S,14.54,2026-03-13T19:59:58Z
SA,31.38,2026-03-13T19:59:54Z
SABA,8.11,2026-03-13T19:39:24Z
SABR,1.6,2026-03-13T19:59:59Z
SABS,4.15,2026-03-13T19:59:54Z
SACH,1.075,2026-03-13T16:13:02Z
SACH-A,18.38,2026-03-13T15:45:49Z
SAFE,14.51,2026-03-13T19:59:55Z
SAFT,73.26,2026-03-13T19:56:56Z
SAFX,0.3988,2026-03-13T19:59:54Z
SAGP,34.62,2026-03-13T18:43:45Z
SAGT,2.19,2026-03-13T19:26:55Z
SAH,59.82,2026-03-13T19:48:48Z
SAIA,321.01,2026-03-13T19:59:59Z
SAIC,91.94,2026-03-13T19:59:46Z
SAIL,15.45,2026-03-13T19:59:54Z
SAM,231.9,2026-03-13T19:59:41Z
SAMG,14.07,2026-03-13T18:10:14Z
SAMT,39.29,2026-03-13T17:02:31Z
SAN,10.76,2026-03-13T19:59:59Z
SANA,3.37,2026-03-13T19:59:58Z
SANM,124.66,2026-03-13T19:58:44Z
SAP,189.945,2026-03-13T19:59:51Z
SAR,22.105,2026-03-13T19:57:04Z
SARK,32.22,2026-03-13T19:59:50Z
SARO,26.055,2026-03-13T19:59:55Z
SATA,96.62,2026-03-13T19:36:14Z
SATL,2.975,2026-03-13T19:59:56Z
SATS,108.31,2026-03-13T19:59:55Z
SB,5.93,2026-03-13T19:59:57Z
SB-D,26.52,2026-03-13T14:40:17Z
SBAC,187.96,2026-03-13T19:59:49Z
SBAR,24.925,2026-03-13T18:17:02Z
SBCF,29.8,2026-03-13T19:59:33Z
SBET,7.53,2026-03-13T19:59:58Z
SBEV,0.5499,2026-03-13T19:59:56Z
SBGI,14.07,2026-03-13T19:59:46Z
SBH,14.54,2026-03-13T19:59:58Z
SBI,7.87,2026-03-13T14:27:31Z
SBIL,100.23,2026-03-13T19:13:59Z
SBIO,49.4,2026-03-13T16:14:04Z
SBIT,52.67,2026-03-13T19:59:05Z
SBLK,21.83,2026-03-13T19:59:53Z
SBND,18.775,2026-03-13T19:59:46Z
SBR,75.265,2026-03-13T19:40:02Z
SBRA,20.62,2026-03-13T19:59:58Z
SBS,27.28,2026-03-13T19:59:52Z
SBSI,29.905,2026-03-13T19:59:52Z
SBSW,12.56,2026-03-13T19:59:56Z
SBTU,4.61,2026-03-13T16:36:56Z
SBUX,99.26,2026-03-13T19:59:57Z
SCC,16.725,2026-03-13T19:52:20Z
SCCE,23.4,2026-03-13T19:47:13Z
SCCO,170.89,2026-03-13T19:59:55Z
SCD,15.065,2026-03-13T17:17:09Z
SCE-G,18.61,2026-03-13T18:32:42Z
SCE-K,25.04,2026-03-13T14:02:56Z
SCE-L,18.49,2026-03-13T18:55:53Z
SCEC,25.075,2026-03-13T19:59:46Z
SCHA,28.725,2026-03-13T19:59:07Z
SCHB,25.5,2026-03-13T19:59:55Z
SCHC,46.47,2026-03-13T19:56:28Z
SCHD,30.79,2026-03-13T19:59:36Z
SCHE,32.93,2026-03-13T19:59:59Z
SCHF,24.61,2026-03-13T19:59:57Z
SCHG,29.9,2026-03-13T19:59:57Z
SCHH,22.235,2026-03-13T19:59:55Z
SCHI,22.595,2026-03-13T19:59:59Z
SCHJ,24.675,2026-03-13T17:52:13Z
SCHK,31.85,2026-03-13T19:58:59Z
SCHL,33.81,2026-03-13T19:59:49Z
SCHM,30.86,2026-03-13T19:58:38Z
SCHO,24.265,2026-03-13T19:42:58Z
SCHP,26.69,2026-03-13T19:59:51Z
SCHQ,31.4,2026-03-13T19:56:59Z
SCHR,24.94,2026-03-13T19:59:53Z
SCHV,30.685,2026-03-13T19:58:56Z
SCHW,93.09,2026-03-13T19:59:53Z
SCHW-D,24.88,2026-03-13T19:08:18Z
SCHW-J,18.12,2026-03-13T19:57:25Z
SCHX,26.09,2026-03-13T19:59:52Z
SCHY,31.345,2026-03-13T19:58:41Z
SCHZ,23.2,2026-03-13T19:59:59Z
SCI,79.525,2026-03-13T19:59:50Z
SCIO,20.745,2026-03-13T19:59:26Z
SCJ,95.94,2026-03-13T19:56:11Z
SCKT,0.91,2026-03-13T15:30:01Z
SCL,46.83,2026-03-13T19:59:22Z
SCLX,8.76,2026-03-13T14:59:01Z
SCM,8.755,2026-03-13T19:59:46Z
SCMB,25.72,2026-03-13T19:59:50Z
SCNX,0.4673,2026-03-13T19:59:44Z
SCO,8.5,2026-03-13T19:59:08Z
SCOR,7.21,2026-03-13T16:57:14Z
SCSC,35.9,2026-03-13T19:59:34Z
SCUS,25.17,2026-03-13T19:38:46Z
SCVL,18.21,2026-03-13T19:59:34Z
SCWO,2.53,2026-03-13T19:59:29Z
SCYB,25.915,2026-03-13T19:59:51Z
SCYX,0.8649,2026-03-13T19:13:30Z
SCZ,77.835,2026-03-13T19:59:55Z
SCZM,9.14,2026-03-13T19:51:36Z
SD,16.91,2026-03-13T19:59:53Z
SDA,1.81,2026-03-13T19:59:35Z
SDCI,26.435,2026-03-13T19:59:43Z
SDD,12.15,2026-03-13T18:10:16Z
SDEM,31.035,2026-03-13T19:59:59Z
SDGR,12.53,2026-03-13T19:59:58Z
SDHC,12.59,2026-03-13T19:59:30Z
SDHY,15.93,2026-03-13T19:58:13Z
SDIV,24.59,2026-03-13T19:59:51Z
SDOT,1.88,2026-03-13T13:37:26Z
SDOW,35.05,2026-03-13T19:59:55Z
SDP,10.355,2026-03-13T19:58:01Z
SDRL,42.95,2026-03-13T19:59:47Z
SDS,73.5,2026-03-13T19:59:52Z
SDSI,51.24,2026-03-13T16:36:12Z
SDST,2.84,2026-03-13T18:56:17Z
SDVD,21.73,2026-03-13T19:59:47Z
SDVY,39.37,2026-03-13T19:56:54Z
SDY,148.57,2026-03-13T19:59:39Z
SE,85.95,2026-03-13T19:59:53Z
SEA,16.17,2026-03-13T19:58:59Z
SEAL-B,25.64,2026-03-13T18:07:17Z
SEAT,5.87,2026-03-13T19:59:58Z
SEB,5043.83,2026-03-13T17:21:27Z
SECT,61.515,2026-03-13T19:59:53Z
SECU,49.7,2026-03-13T18:50:11Z
SEDG,37.47,2026-03-13T19:59:49Z
SEE,41.83,2026-03-13T19:59:59Z
SEED,1.26,2026-03-13T19:59:45Z
SEEM,32.74,2026-03-13T16:00:23Z
SEER,1.815,2026-03-13T19:59:29Z
SEF,34.55,2026-03-13T18:38:39Z
SEG,21.33,2026-03-13T19:57:05Z
SEGG,1.02,2026-03-13T19:49:45Z
SEI,52.06,2026-03-13T19:59:48Z
SEIC,79.92,2026-03-13T19:59:54Z
SEIE,32.49,2026-03-13T18:37:52Z
SEIM,46.11,2026-03-13T18:37:52Z
SEIQ,37.28,2026-03-13T17:29:56Z
SEIS,27.25,2026-03-13T19:40:05Z
SEIX,23.125,2026-03-13T19:59:46Z
SELV,33.05,2026-03-13T17:24:42Z
SEM,16.24,2026-03-13T19:59:55Z
SEMI,29.79,2026-03-13T19:59:45Z
SEMR,11.92,2026-03-13T19:59:51Z
SEMY,17.52,2026-03-13T19:55:13Z
SENEA,143.99,2026-03-13T19:56:52Z
SENS,5.64,2026-03-13T19:59:52Z
SEPI,25.46,2026-03-13T18:44:16Z
SEPN,25.075,2026-03-13T19:59:46Z
SEPP,30.24,2026-03-13T19:29:00Z
SEPU,28.33,2026-03-13T15:50:01Z
SER,1.53,2026-03-13T19:59:45Z
SERA,2.12,2026-03-13T19:57:23Z
SERV,9.11,2026-03-13T19:59:56Z
SES,1.225,2026-03-13T19:59:53Z
SETM,33.12,2026-03-13T19:59:45Z
SEV,2.71,2026-03-13T19:59:18Z
SEVN,8.27,2026-03-13T19:57:21Z
SEZL,66.45,2026-03-13T19:59:47Z
SF,70.26,2026-03-13T19:59:51Z
SF-D,17.04,2026-03-13T15:38:41Z
SFB,19.8,2026-03-13T19:42:17Z
SFBS,73.095,2026-03-13T19:59:44Z
SFD,23.41,2026-03-13T19:59:51Z
SFEB,23.63,2026-03-13T17:28:51Z
SFIX,3.29,2026-03-13T19:59:58Z
SFL,9.88,2026-03-13T19:59:59Z
SFLO,29.42,2026-03-13T14:40:43Z
SFLR,35.95,2026-03-13T19:39:06Z
SFM,82.11,2026-03-13T19:59:50Z
SFNC,18.61,2026-03-13T19:59:59Z
SFST,51.67,2026-03-13T19:46:04Z
SFTX,26.99,2026-03-13T16:42:43Z
SFY,128.08,2026-03-13T16:58:51Z
SG,5.32,2026-03-13T19:59:58Z
SGA,10.965,2026-03-13T14:59:51Z
SGC,10,2026-03-13T17:55:29Z
SGDJ,92.5,2026-03-13T19:52:14Z
SGHC,10.74,2026-03-13T19:59:53Z
SGHT,3.66,2026-03-13T19:59:58Z
SGI,76.91,2026-03-13T19:59:50Z
SGLC,37.71,2026-03-13T19:34:04Z
SGML,11.085,2026-03-13T19:59:57Z
SGMO,0.3824,2026-03-13T19:59:51Z
SGMT,5.215,2026-03-13T19:59:21Z
SGN,0.699,2026-03-13T19:59:54Z
SGOL,47.78,2026-03-13T19:59:40Z
SGOV,100.51,2026-03-13T19:59:50Z
SGP,26.51,2026-03-13T19:55:31Z
SGRY,12.37,2026-03-13T19:59:59Z
SGU,12.485,2026-03-13T18:10:12Z
SGVT,100.58,2026-03-13T19:59:59Z
SH,37.48,2026-03-13T19:58:24Z
SHAK,86.95,2026-03-13T19:59:52Z
SHAZ,22.51,2026-03-13T19:58:05Z
SHBI,17.72,2026-03-13T19:59:50Z
SHC,13.42,2026-03-13T19:59:59Z
SHE,129.34,2026-03-13T19:52:42Z
SHEL,89.43,2026-03-13T19:59:58Z
SHEN,14.68,2026-03-13T19:57:17Z
SHG,58.825,2026-03-13T19:59:28Z
SHIM,3.34,2026-03-13T19:50:19Z
SHIP,12.195,2026-03-13T19:58:55Z
SHLD,75.61,2026-03-13T19:59:59Z
SHLS,6.13,2026-03-13T19:59:59Z
SHM,48.18,2026-03-13T19:59:53Z
SHMD,6.33,2026-03-13T19:58:05Z
SHMDW,2.14,2026-03-13T18:59:10Z
SHNY,17.78,2026-03-13T19:46:44Z
SHO,8.93,2026-03-13T19:59:52Z
SHOC,74.62,2026-03-13T13:39:20Z
SHOO,31.355,2026-03-13T19:59:59Z
SHOP,122.97,2026-03-13T19:59:57Z
SHPD,21.72,2026-03-13T19:55:12Z
SHPH,0.93,2026-03-13T18:06:44Z
SHPU,15.035,2026-03-13T19:35:29Z
SHV,110.225,2026-03-13T19:58:13Z
SHW,319.7,2026-03-13T19:59:51Z
SHY,82.545,2026-03-13T19:59:30Z
SHYD,22.84,2026-03-13T14:10:23Z
SHYG,42.06,2026-03-13T19:59:59Z
SHYL,44.05,2026-03-13T18:50:52Z
SHYM,22.175,2026-03-13T19:39:41Z
SI,14.695,2026-03-13T19:54:39Z
SIBN,13.06,2026-03-13T19:59:59Z
SID,1.11,2026-03-13T19:59:55Z
SIDU,2.09,2026-03-13T19:59:57Z
SIEB,2.09,2026-03-13T19:47:28Z
SIFY,13.85,2026-03-13T19:57:39Z
SIG,82.24,2026-03-13T19:59:53Z
SIGA,5.25,2026-03-13T19:59:55Z
SIGI,76.36,2026-03-13T19:59:50Z
SIHY,44.43,2026-03-13T19:48:08Z
SII,147.61,2026-03-13T19:59:45Z
SIJ,10.02,2026-03-13T18:44:00Z
SIL,94.245,2026-03-13T19:59:31Z
SILA,24.53,2026-03-13T19:59:56Z
SILC,18.78,2026-03-13T17:19:40Z
SILJ,31.44,2026-03-13T19:59:59Z
SILO,0.312,2026-03-13T19:47:44Z
SIMO,123.45,2026-03-13T19:59:57Z
SINT,2.95,2026-03-13T15:09:07Z
SION,37.48,2026-03-13T19:57:28Z
SIOO,18.9,2026-03-13T19:48:21Z
SIRI,22,2026-03-13T19:59:59Z
SITC,5.66,2026-03-13T19:59:58Z
SITE,129.9,2026-03-13T19:59:50Z
SITM,325.9,2026-03-13T19:59:45Z
SIVR,76.33,2026-03-13T19:59:49Z
SIXA,52.72,2026-03-13T18:47:48Z
SIXF,31.66,2026-03-13T18:43:45Z
SIXL,38.44,2026-03-13T13:34:38Z
SIXO,34.245,2026-03-13T19:13:07Z
SIZE,160.59,2026-03-13T18:55:08Z
SJ,1.3,2026-03-13T14:42:34Z
SJB,15.585,2026-03-13T19:59:52Z
SJM,106.28,2026-03-13T19:59:51Z
SJNK,24.86,2026-03-13T19:59:59Z
SJT,4.94,2026-03-13T19:58:49Z
SKBL,3.05,2026-03-13T19:56:02Z
SKE,31.15,2026-03-13T19:59:51Z
SKF,31.97,2026-03-13T19:59:51Z
SKIL,3.705,2026-03-13T19:59:12Z
SKIN,1.28,2026-03-13T19:59:56Z
SKLZ,3.41,2026-03-13T17:31:03Z
SKM,28.035,2026-03-13T19:59:31Z
SKOR,48.485,2026-03-13T18:44:47Z
SKRE,9.27,2026-03-13T17:52:39Z
SKT,35.145,2026-03-13T19:59:43Z
SKWD,45.155,2026-03-13T19:59:55Z
SKY,77.46,2026-03-13T19:59:50Z
SKYE,0.6768,2026-03-13T15:43:08Z
SKYH,8.98,2026-03-13T19:59:15Z
SKYQ,0.3561,2026-03-13T19:59:31Z
SKYT,27.44,2026-03-13T19:59:56Z
SKYW,89.5,2026-03-13T19:59:24Z
SKYX,1.74,2026-03-13T19:59:53Z
SKYY,111.58,2026-03-13T19:57:50Z
SLAB,203.05,2026-03-13T19:59:53Z
SLAI,0.93,2026-03-13T19:41:28Z
SLB,44.735,2026-03-13T19:59:57Z
SLDB,7.305,2026-03-13T19:59:55Z
SLDE,17.645,2026-03-13T19:59:52Z
SLDP,3.15,2026-03-13T19:59:58Z
SLDPW,0.271,2026-03-13T17:07:03Z
SLF,62.74,2026-03-13T19:59:57Z
SLG,37.21,2026-03-13T19:59:51Z
SLGN,41.65,2026-03-13T19:59:44Z
SLI,4.26,2026-03-13T19:59:50Z
SLJY,35.99,2026-03-13T18:50:35Z
SLM,19.745,2026-03-13T19:59:58Z
SLMT,0.9361,2026-03-13T19:59:13Z
SLN,6.86,2026-03-13T19:59:49Z
SLND,0.7862,2026-03-13T19:42:39Z
SLNG,3.65,2026-03-13T19:37:27Z
SLNH,0.7816,2026-03-13T19:57:05Z
SLNO,33.76,2026-03-13T19:59:50Z
SLON,5.99,2026-03-13T17:46:15Z
SLP,12.47,2026-03-13T19:59:53Z
SLQD,50.38,2026-03-13T19:59:51Z
SLQT,0.6644,2026-03-13T19:59:55Z
SLRC,13.84,2026-03-13T19:59:51Z
SLS,5.37,2026-03-13T19:59:53Z
SLSN,0.9525,2026-03-13T18:32:55Z
SLSR,8.5,2026-03-13T19:59:26Z
SLTY,29.08,2026-03-13T16:01:17Z
SLV,72.67,2026-03-13T19:59:59Z
SLVM,41.55,2026-03-13T19:59:55Z
SLVP,37.01,2026-03-13T19:59:08Z
SLVR,62.595,2026-03-13T19:52:03Z
SLX,88.35,2026-03-13T19:58:59Z
SLYG,95.28,2026-03-13T19:59:51Z
SLYV,92.68,2026-03-13T16:24:41Z
SM,26.785,2026-03-13T19:59:55Z
SMA,31.76,2026-03-13T19:59:49Z
SMAX,26.95,2026-03-13T16:49:38Z
SMB,17.4,2026-03-13T17:43:10Z
SMBC,61.34,2026-03-13T18:58:54Z
SMBK,38.03,2026-03-13T19:56:57Z
SMBS,25.57,2026-03-13T19:46:18Z
SMC,30.28,2026-03-13T19:59:50Z
SMCI,30.77,2026-03-13T19:59:59Z
SMCL,4.32,2026-03-13T19:59:50Z
SMCO,26.84,2026-03-13T17:17:42Z
SMCX,10.91,2026-03-13T19:59:43Z
SMCY,7.43,2026-03-13T19:31:32Z
SMCZ,37.57,2026-03-13T16:58:51Z
SMDD,11.89,2026-03-13T19:09:51Z
SMDV,68.24,2026-03-13T15:47:14Z
SMFG,19.1,2026-03-13T19:59:56Z
SMG,60.955,2026-03-13T19:59:48Z
SMH,387.35,2026-03-13T19:59:58Z
SMHB,3.66,2026-03-13T17:23:21Z
SMHI,7.03,2026-03-13T19:58:54Z
SMHX,37.1,2026-03-13T16:58:51Z
SMIG,29.615,2026-03-13T19:59:45Z
SMIN,61.535,2026-03-13T19:45:12Z
SMIZ,37.3,2026-03-13T14:32:06Z
SMJF,3.04,2026-03-13T19:27:04Z
SMLF,74.35,2026-03-13T19:54:31Z
SMMD,75.775,2026-03-13T19:59:55Z
SMMT,16.12,2026-03-13T19:59:59Z
SMMU,50.61,2026-03-13T19:54:16Z
SMMV,44.31,2026-03-13T18:24:01Z
SMN,10.95,2026-03-13T15:38:54Z
SMOM,25.42,2026-03-13T17:09:20Z
SMOT,35.01,2026-03-13T15:47:00Z
SMP,36.44,2026-03-13T19:59:24Z
SMPL,14.42,2026-03-13T19:59:54Z
SMQ,51.9,2026-03-13T14:36:11Z
SMR,11.805,2026-03-13T19:59:58Z
SMRI,35.28,2026-03-13T19:58:32Z
SMRT,1.67,2026-03-13T19:59:36Z
SMSI,0.8174,2026-03-13T19:59:50Z
SMST,55.35,2026-03-13T19:58:01Z
SMTC,84.83,2026-03-13T19:59:51Z
SMTH,25.815,2026-03-13T19:41:25Z
SMTI,19.58,2026-03-13T19:25:14Z
SMTK,0.2546,2026-03-13T19:53:36Z
SMU,16.94,2026-03-13T19:59:45Z
SMUP,0.5098,2026-03-13T19:58:01Z
SMWB,2.68,2026-03-13T19:59:59Z
SMX,14.76,2026-03-13T19:58:57Z
SMYY,9.71,2026-03-13T17:39:30Z
SN,100.03,2026-03-13T19:59:49Z
SNA,367.46,2026-03-13T19:59:21Z
SNAG,5.08,2026-03-13T17:18:15Z
SNAP,4.56,2026-03-13T19:59:57Z
SNBR,3.455,2026-03-13T19:59:55Z
SNCY,15.53,2026-03-13T19:59:59Z
SND,3.71,2026-03-13T19:59:31Z
SNDA,35.135,2026-03-13T19:59:48Z
SNDK,661.48,2026-03-13T19:59:59Z
SNDL,1.51,2026-03-13T19:59:53Z
SNDR,23.7,2026-03-13T19:59:55Z
SNDX,23.53,2026-03-13T19:59:58Z
SNES,1.97,2026-03-13T19:59:59Z
SNEX,103.55,2026-03-13T19:59:34Z
SNFCA,8.53,2026-03-13T19:58:05Z
SNGX,1.22,2026-03-13T15:59:06Z
SNN,32.91,2026-03-13T19:59:46Z
SNOV,24.66,2026-03-13T19:59:46Z
SNOW,178.645,2026-03-13T19:59:54Z
SNOY,9.165,2026-03-13T19:59:45Z
SNPE,60.59,2026-03-13T19:59:59Z
SNPS,412.61,2026-03-13T19:59:51Z
SNSE,32.07,2026-03-13T19:59:21Z
SNTH,26.91,2026-03-13T19:52:09Z
SNWV,21.28,2026-03-13T18:06:31Z
SNX,153.16,2026-03-13T19:59:51Z
SNXX,41.88,2026-03-13T19:59:06Z
SNY,43.59,2026-03-13T19:59:58Z
SO,98.015,2026-03-13T19:59:58Z
SOAR,0.3266,2026-03-13T19:59:51Z
SOBO,33.51,2026-03-13T19:59:51Z
SOBR,0.8204,2026-03-13T19:07:15Z
SOC,16.82,2026-03-13T19:59:58Z
SOCL,46.25,2026-03-13T19:44:33Z
SOEZ,16.04,2026-03-13T14:26:32Z
SOFA,16.595,2026-03-13T19:23:40Z
SOFI,17.745,2026-03-13T19:59:58Z
SOFX,11.76,2026-03-13T19:54:50Z
SOHU,16.26,2026-03-13T18:37:56Z
SOJC,21.94,2026-03-13T18:43:34Z
SOJD,20.39,2026-03-13T19:59:47Z
SOJE,17.82,2026-03-13T19:59:49Z
SOJF,25.43,2026-03-13T19:01:28Z
SOLC,17.44,2026-03-13T19:27:05Z
SOLS,73.21,2026-03-13T19:59:51Z
SOLT,54.14,2026-03-13T19:59:59Z
SOLV,66.75,2026-03-13T19:59:49Z
SOLZ,9.04,2026-03-13T19:59:46Z
SOMN,52.425,2026-03-13T19:25:22Z
SON,53.33,2026-03-13T19:59:58Z
SONM,4.28,2026-03-13T17:10:37Z
SONO,13.16,2026-03-13T19:59:58Z
SONY,21.5,2026-03-13T19:59:58Z
SOPA,0.6394,2026-03-13T19:59:28Z
SOPH,4.65,2026-03-13T19:56:18Z
SOS,1.465,2026-03-13T19:56:05Z
SOTK,4.21,2026-03-13T19:44:24Z
SOUN,7.31,2026-03-13T19:59:58Z
SOUNW,2.32,2026-03-13T18:38:08Z
SOUX,4.73,2026-03-13T19:24:37Z
SOVF,27.25,2026-03-13T19:30:34Z
SOWG,0.44,2026-03-13T19:50:52Z
SOXL,50.7,2026-03-13T19:59:56Z
SOXQ,60.22,2026-03-13T19:59:34Z
SOXS,41.39,2026-03-13T19:59:59Z
SOXX,331.26,2026-03-13T19:59:55Z
SOXY,63.07,2026-03-13T15:09:08Z
SOYB,24.75,2026-03-13T19:18:12Z
SPAB,25.585,2026-03-13T19:59:45Z
SPAI,4.84,2026-03-13T19:59:14Z
SPB,73.665,2026-03-13T19:59:42Z
SPBC,42.55,2026-03-13T17:00:50Z
SPBO,28.85,2026-03-13T19:57:51Z
SPBU,27.54,2026-03-13T15:59:41Z
SPBW,27.33,2026-03-13T17:03:24Z
SPCB,7.965,2026-03-13T19:34:51Z
SPCE,2.46,2026-03-13T19:59:43Z
SPCT,26.76,2026-03-13T19:59:36Z
SPCX,22.09,2026-03-13T14:09:56Z
SPDN,9.83,2026-03-13T19:59:48Z
SPDW,45.4,2026-03-13T19:59:55Z
SPE,14,2026-03-13T19:46:00Z
SPEM,46.925,2026-03-13T19:59:48Z
SPEU,51.29,2026-03-13T19:00:28Z
SPFF,8.9,2026-03-13T14:24:14Z
SPFI,40.37,2026-03-13T19:55:00Z
SPG,186.87,2026-03-13T19:59:54Z
SPG-J,54.78,2026-03-13T17:48:48Z
SPGI,422.565,2026-03-13T19:59:59Z
SPGM,76,2026-03-13T19:59:50Z
SPGP,108.2,2026-03-13T16:58:51Z
SPH,20.355,2026-03-13T19:55:03Z
SPHB,116.4,2026-03-13T19:59:59Z
SPHD,49.93,2026-03-13T19:53:47Z
SPHL,3.22,2026-03-13T19:29:53Z
SPHQ,75.955,2026-03-13T19:59:51Z
SPHR,105.61,2026-03-13T19:59:55Z
SPHY,23.21,2026-03-13T19:59:50Z
SPIB,33.435,2026-03-13T19:59:59Z
SPIN,30.99,2026-03-13T15:48:47Z
SPIP,26.115,2026-03-13T19:59:51Z
SPIR,10.85,2026-03-13T19:59:59Z
SPLB,21.95,2026-03-13T19:59:55Z
SPLS,47.8,2026-03-13T17:45:08Z
SPLV,74.775,2026-03-13T19:59:49Z
SPMB,22.365,2026-03-13T19:59:46Z
SPMC,9.21,2026-03-13T19:55:02Z
SPMD,58.695,2026-03-13T19:59:59Z
SPMO,116.16,2026-03-13T19:59:35Z
SPNT,20.38,2026-03-13T19:59:48Z
SPOG,8.78,2026-03-13T19:58:25Z
SPOK,11.77,2026-03-13T19:59:52Z
SPOT,516.18,2026-03-13T19:59:56Z
SPPP,15.9,2026-03-13T19:59:47Z
SPRB,60.34,2026-03-13T19:53:36Z
SPRC,4.58,2026-03-13T17:48:40Z
SPRO,2.575,2026-03-13T19:59:31Z
SPRU,4.12,2026-03-13T19:56:42Z
SPRX,37.47,2026-03-13T19:46:25Z
SPRY,8.4,2026-03-13T19:59:58Z
SPSB,30.005,2026-03-13T19:59:04Z
SPSC,60.565,2026-03-13T19:59:53Z
SPSK,18.015,2026-03-13T19:54:19Z
SPSM,47.565,2026-03-13T19:59:56Z
SPT,5.86,2026-03-13T19:59:56Z
SPTB,30.27,2026-03-13T18:19:42Z
SPTE,35.37,2026-03-13T18:07:14Z
SPTI,28.69,2026-03-13T19:59:09Z
SPTL,26.245,2026-03-13T19:59:48Z
SPTM,80.365,2026-03-13T19:59:57Z
SPTS,29.165,2026-03-13T19:55:50Z
SPUS,49.18,2026-03-13T19:59:30Z
SPUU,172.2,2026-03-13T15:46:58Z
SPVM,69.02,2026-03-13T19:59:28Z
SPWH,1.3,2026-03-13T19:59:10Z
SPWO,28.37,2026-03-13T19:51:09Z
SPWR,1.29,2026-03-13T19:59:55Z
SPXC,199.43,2026-03-13T19:59:49Z
SPXE,71.09,2026-03-13T18:11:25Z
SPXL,196.35,2026-03-13T19:59:55Z
SPXN,72.6,2026-03-13T19:30:52Z
SPXS,39.235,2026-03-13T19:59:57Z
SPXU,54.905,2026-03-13T19:59:59Z
SPXX,16.72,2026-03-13T19:54:33Z
SPY,662.3,2026-03-13T19:59:59Z
SPYD,45.8,2026-03-13T19:59:24Z
SPYG,101.065,2026-03-13T19:59:55Z
SPYI,50.53,2026-03-13T19:59:22Z
SPYM,77.74,2026-03-13T19:59:59Z
SPYT,16.48,2026-03-13T19:59:59Z
SPYU,22.715,2026-03-13T19:59:49Z
SPYV,56.7,2026-03-13T19:59:49Z
SPYX,54.11,2026-03-13T19:39:18Z
SQM,74.47,2026-03-13T19:59:52Z
SQNS,3.165,2026-03-13T16:02:55Z
SQQQ,75.74,2026-03-13T19:59:59Z
SR,92.47,2026-03-13T19:56:00Z
SRAD,18.68,2026-03-13T19:59:51Z
SRBK,16.62,2026-03-13T19:18:25Z
SRCE,67.79,2026-03-13T19:59:41Z
SRE,95.12,2026-03-13T19:59:57Z
SREA,21.86,2026-03-13T19:29:46Z
SRET,21.66,2026-03-13T19:56:23Z
SRFM,1.465,2026-03-13T19:59:48Z
SRG,2.85,2026-03-13T19:59:50Z
SRI,5.785,2026-03-13T19:59:53Z
SRL,8.48,2026-03-13T14:17:20Z
SRLN,39.935,2026-03-13T19:59:48Z
SRPT,16.41,2026-03-13T19:59:59Z
SRPU,7.92,2026-03-13T19:04:25Z
SRRK,40,2026-03-13T19:59:51Z
SRS,44.99,2026-03-13T17:09:34Z
SRTA,4.57,2026-03-13T19:59:58Z
SRTS,3.9,2026-03-13T19:18:33Z
SRTY,41.59,2026-03-13T19:59:55Z
SRV,44.68,2026-03-13T13:41:46Z
SRVR,32.32,2026-03-13T18:42:10Z
SRXH,0.1416,2026-03-13T19:59:58Z
SRZN,25,2026-03-13T19:59:43Z
SSAC,9.87,2026-03-13T17:59:57Z
SSACU,10.01,2026-03-13T13:58:33Z
SSB,90.45,2026-03-13T19:59:55Z
SSD,177.91,2026-03-13T19:58:41Z
SSG,28.905,2026-03-13T19:59:42Z
SSII,4.49,2026-03-13T19:41:01Z
SSK,12.12,2026-03-13T19:56:13Z
SSL,11.33,2026-03-13T19:59:56Z
SSNC,71.815,2026-03-13T19:59:53Z
SSO,53.87,2026-03-13T19:58:46Z
SSP,3.96,2026-03-13T19:59:59Z
SSRM,28.175,2026-03-13T19:59:58Z
SSSS,9.98,2026-03-13T19:59:52Z
SST,2.19,2026-03-13T15:14:02Z
SSTI,6.68,2026-03-13T19:58:29Z
SSTK,16.065,2026-03-13T19:58:40Z
SSYS,7.875,2026-03-13T19:59:52Z
ST,34.275,2026-03-13T19:59:57Z
STAA,18.835,2026-03-13T19:59:51Z
STAG,38.025,2026-03-13T19:59:59Z
STAK,1,2026-03-13T19:59:52Z
STBA,40.125,2026-03-13T19:50:01Z
STC,64.62,2026-03-13T19:59:30Z
STCE,55.785,2026-03-13T19:59:48Z
STE,214.68,2026-03-13T19:59:50Z
STEL,35.56,2026-03-13T19:59:41Z
STEM,10.665,2026-03-13T17:45:33Z
STEP,45.11,2026-03-13T19:59:44Z
STEW,17.115,2026-03-13T18:51:30Z
STEX,1.95,2026-03-13T19:59:43Z
STFS,4,2026-03-13T19:54:56Z
STGW,6.18,2026-03-13T19:59:56Z
STHO,8.02,2026-03-13T19:59:27Z
STI,4.64,2026-03-13T19:59:25Z
STIM,1.3,2026-03-13T19:59:57Z
STIP,103.38,2026-03-13T19:59:57Z
STK,38.63,2026-03-13T18:33:51Z
STKE,1.67,2026-03-13T19:59:30Z
STKL,6.45,2026-03-13T19:59:58Z
STKS,1.72,2026-03-13T19:59:38Z
STLA,6.505,2026-03-13T19:59:50Z
STLD,170.52,2026-03-13T19:59:55Z
STM,32.865,2026-03-13T19:59:59Z
STN,88.27,2026-03-13T19:59:57Z
STNE,13.82,2026-03-13T19:59:57Z
STNG,66.38,2026-03-13T19:59:50Z
STOK,33.225,2026-03-13T19:59:52Z
STOT,47.135,2026-03-13T16:36:51Z
STRA,80.73,2026-03-13T19:59:54Z
STRC,99.72,2026-03-13T19:59:57Z
STRD,76.74,2026-03-13T16:46:56Z
STRF,100.16,2026-03-13T18:58:06Z
STRK,78.45,2026-03-13T19:59:46Z
STRL,397.96,2026-03-13T19:59:46Z
STRO,22.79,2026-03-13T19:50:21Z
STRR,9.7,2026-03-13T16:56:34Z
STRS,32.36,2026-03-13T19:36:18Z
STRT,74.55,2026-03-13T18:26:47Z
STRV,42.75,2026-03-13T15:46:58Z
STRZ,14.01,2026-03-13T19:59:02Z
STSM,12.19,2026-03-13T17:32:04Z
STSS,1.88,2026-03-13T19:59:50Z
STT,121.35,2026-03-13T19:59:56Z
STTK,5.985,2026-03-13T19:59:55Z
STUB,7.52,2026-03-13T19:59:58Z
STVN,15.04,2026-03-13T19:59:15Z
STWD,17.59,2026-03-13T19:59:59Z
STX,383.73,2026-03-13T19:59:56Z
STXS,1.9,2026-03-13T19:59:51Z
STZ,150.19,2026-03-13T19:59:59Z
SU,59.62,2026-03-13T19:59:47Z
SUB,106.92,2026-03-13T19:59:46Z
SUGP,5.07,2026-03-13T16:34:53Z
SUI,134.4,2026-03-13T19:59:51Z
SUIG,1.41,2026-03-13T19:59:54Z
SUMAU,9.99,2026-03-13T16:50:11Z
SUN,64.29,2026-03-13T19:59:42Z
SUNB,72.71,2026-03-13T19:59:56Z
SUNC,60.195,2026-03-13T19:59:33Z
SUNE,1.265,2026-03-13T13:31:06Z
SUNS,8.56,2026-03-13T19:58:45Z
SUPN,49.91,2026-03-13T19:59:53Z
SUPV,8.19,2026-03-13T19:59:44Z
SUPX,9.52,2026-03-13T19:59:15Z
SURG,0.8724,2026-03-13T17:51:30Z
SUSA,134.31,2026-03-13T16:58:51Z
SUSB,25,2026-03-13T18:56:55Z
SUSC,22.985,2026-03-13T19:58:16Z
SUSL,116.51,2026-03-13T17:51:06Z
SUUN,0.6954,2026-03-13T19:56:22Z
SUZ,10,2026-03-13T19:59:56Z
SVAC,10.175,2026-03-13T19:59:45Z
SVAL,35.22,2026-03-13T17:16:16Z
SVAQ,9.88,2026-03-13T17:31:45Z
SVC,2.08,2026-03-13T19:59:57Z
SVCO,5,2026-03-13T19:59:55Z
SVIV,9.89,2026-03-13T19:25:08Z
SVIX,16.63,2026-03-13T19:59:50Z
SVM,10.82,2026-03-13T19:59:56Z
SVOL,15.9,2026-03-13T19:58:48Z
SVRA,5.255,2026-03-13T19:59:59Z
SVRN,0.3516,2026-03-13T19:48:54Z
SVV,7.88,2026-03-13T19:59:49Z
SVXY,46.71,2026-03-13T19:59:41Z
SW,39.75,2026-03-13T19:59:55Z
SWAG,1.745,2026-03-13T15:52:35Z
SWBI,13.79,2026-03-13T19:59:55Z
SWIM,6.03,2026-03-13T19:59:57Z
SWK,70.15,2026-03-13T19:59:57Z
SWKH,16.88,2026-03-13T15:40:21Z
SWKS,54.71,2026-03-13T19:59:48Z
SWX,87.99,2026-03-13T19:59:57Z
SXC,6.02,2026-03-13T19:59:56Z
SXI,253.955,2026-03-13T19:51:03Z
SXT,89.18,2026-03-13T19:59:52Z
SXTC,1.99,2026-03-13T17:09:13Z
SXTP,2.38,2026-03-13T19:59:29Z
SY,3.06,2026-03-13T19:59:47Z
SYBT,62.99,2026-03-13T19:59:35Z
SYF,63.755,2026-03-13T19:59:52Z
SYF-A,19.33,2026-03-13T17:24:44Z
SYF-B,25.59,2026-03-13T19:45:57Z
SYFI,35.3,2026-03-13T19:54:39Z
SYK,336.82,2026-03-13T19:59:55Z
SYM,49.39,2026-03-13T19:58:56Z
SYNA,73.835,2026-03-13T19:59:51Z
SYRE,39.74,2026-03-13T19:59:51Z
SYSB,88.865,2026-03-13T19:56:45Z
SYY,85.485,2026-03-13T19:59:56Z
SZK,10.8,2026-03-13T17:55:51Z
T,27.72,2026-03-13T19:59:58Z
T-A,20.35,2026-03-13T19:59:49Z
T-C,19.005,2026-03-13T18:54:24Z
TAC,12.44,2026-03-13T19:59:59Z
TACO,10.205,2026-03-13T18:31:03Z
TACT,3.565,2026-03-13T19:59:28Z
TAFI,25.285,2026-03-13T19:54:23Z
TAFL,24.99,2026-03-13T18:16:15Z
TAFM,25.53,2026-03-13T19:59:43Z
TAGG,42.72,2026-03-13T19:06:32Z
TAGS,24.97,2026-03-13T19:44:59Z
TAIL,11.77,2026-03-13T19:59:01Z
TAK,17.765,2026-03-13T19:59:59Z
TAL,11.115,2026-03-13T19:59:54Z
TALK,5.145,2026-03-13T19:59:58Z
TALO,13.82,2026-03-13T19:59:59Z
TAN,55.32,2026-03-13T19:59:51Z
TAOP,1.44,2026-03-13T16:56:25Z
TAOX,5.87,2026-03-13T18:32:21Z
TAP,43.59,2026-03-13T19:59:44Z
TARA,5.26,2026-03-13T19:59:58Z
TARS,67.88,2026-03-13T19:58:27Z
TASK,10.2,2026-03-13T19:59:57Z
TATT,54.88,2026-03-13T19:59:23Z
TAXF,50.52,2026-03-13T19:54:07Z
TAXI,51.41,2026-03-13T19:45:29Z
TAXX,50.725,2026-03-13T19:59:48Z
TAYD,76.49,2026-03-13T15:29:37Z
TBB,22.06,2026-03-13T18:56:43Z
TBBB,33.1,2026-03-13T19:59:57Z
TBBK,53.505,2026-03-13T19:59:57Z
TBCH,13.29,2026-03-13T19:59:15Z
TBF,24.335,2026-03-13T19:25:44Z
TBG,35.27,2026-03-13T15:06:05Z
TBH,0.269,2026-03-13T19:43:17Z
TBI,3.805,2026-03-13T19:59:33Z
TBIL,49.925,2026-03-13T19:58:53Z
TBJL,19.9,2026-03-13T15:02:54Z
TBLA,3.09,2026-03-13T19:59:56Z
TBLD,21.11,2026-03-13T19:47:49Z
TBLL,105.7,2026-03-13T19:59:50Z
TBMCR,0.4399,2026-03-13T14:20:55Z
TBN,28.74,2026-03-13T19:59:30Z
TBPH,13.795,2026-03-13T19:59:54Z
TBRG,17.32,2026-03-13T19:55:56Z
TBT,35.32,2026-03-13T19:59:35Z
TBUX,49.845,2026-03-13T19:53:06Z
TBXU,32.51,2026-03-13T15:01:21Z
TCAF,36.3,2026-03-13T19:56:58Z
TCAL,22.99,2026-03-13T19:52:00Z
TCBI,92.58,2026-03-13T19:59:27Z
TCBIO,22.35,2026-03-13T19:20:25Z
TCBK,47.19,2026-03-13T19:57:14Z
TCBX,37.365,2026-03-13T19:58:32Z
TCHI,22.6,2026-03-13T19:27:25Z
TCHP,45.29,2026-03-13T16:58:51Z
TCMD,26.96,2026-03-13T19:59:50Z
TCOM,51.725,2026-03-13T19:59:51Z
TCPA,24.38,2026-03-13T18:55:10Z
TCPB,50.87,2026-03-13T17:40:31Z
TCPC,3.635,2026-03-13T19:59:54Z
TCRT,3.045,2026-03-13T14:40:55Z
TCRX,1.055,2026-03-13T19:58:01Z
TCV,27.05,2026-03-13T14:24:32Z
TD,93.24,2026-03-13T19:59:58Z
TDAQ,24.49,2026-03-13T19:53:15Z
TDAX,21.4,2026-03-13T19:58:25Z
TDAY,6.34,2026-03-13T19:59:59Z
TDC,26.59,2026-03-13T19:59:51Z
TDF,11.13,2026-03-13T13:54:30Z
TDG,1212.955,2026-03-13T19:59:50Z
TDI,40.56,2026-03-13T19:56:27Z
TDIC,0.1644,2026-03-13T19:59:27Z
TDIV,95.08,2026-03-13T17:46:01Z
TDOC,5.38,2026-03-13T19:59:59Z
TDS,43.4,2026-03-13T19:59:51Z
TDS-V,19.7,2026-03-13T18:20:36Z
TDTF,24.205,2026-03-13T18:44:47Z
TDTH,0.2167,2026-03-13T19:16:18Z
TDTT,24.255,2026-03-13T19:10:02Z
TDUP,3.42,2026-03-13T19:59:57Z
TDVG,44.84,2026-03-13T19:59:46Z
TDVI,26.96,2026-03-13T19:59:04Z
TDW,76.865,2026-03-13T19:59:43Z
TDWDU,10.06,2026-03-13T13:39:41Z
TDY,639.125,2026-03-13T19:59:27Z
TE,7.62,2026-03-13T19:59:58Z
TE+,0.97,2026-03-13T19:51:18Z
TEAD,0.7408,2026-03-13T19:33:58Z
TEAM,75.225,2026-03-13T19:59:55Z
TECB,56.51,2026-03-13T19:59:51Z
TECH,50.87,2026-03-13T19:59:46Z
TECK,49.575,2026-03-13T19:59:54Z
TECL,95.73,2026-03-13T19:59:32Z
TECS,19.545,2026-03-13T19:59:58Z
TECX,33.33,2026-03-13T19:59:51Z
TEI,6.29,2026-03-13T19:48:34Z
TEL,199.38,2026-03-13T19:59:34Z
TELA,0.77,2026-03-13T16:05:54Z
TELO,1.3,2026-03-13T18:29:16Z
TEM,49.99,2026-03-13T19:59:44Z
TEMT,22.21,2026-03-13T19:59:50Z
TEN,33.765,2026-03-13T19:59:06Z
TEN-F,26.86,2026-03-13T19:33:37Z
TENB,20.28,2026-03-13T19:59:50Z
TEND,24.95,2026-03-13T19:40:56Z
TENX,14.19,2026-03-13T19:56:09Z
TEO,11.32,2026-03-13T19:29:51Z
TER,286.51,2026-03-13T19:59:59Z
TERG,36.88,2026-03-13T16:40:22Z
TERN,46.49,2026-03-13T19:59:52Z
TESL,14.46,2026-03-13T14:36:00Z
TETH,10.51,2026-03-13T19:59:46Z
TEVA,28.57,2026-03-13T19:59:59Z
TEX,59.37,2026-03-13T19:59:51Z
TEXU,38.52,2026-03-13T14:14:32Z
TFC,43.84,2026-03-13T19:59:59Z
TFC-I,19.32,2026-03-13T18:28:36Z
TFC-O,21.25,2026-03-13T19:59:14Z
TFC-R,18.915,2026-03-13T19:27:31Z
TFI,45.725,2026-03-13T19:54:10Z
TFII,102.03,2026-03-13T19:59:46Z
TFIN,55.22,2026-03-13T19:49:50Z
TFIN-,21.95,2026-03-13T13:34:13Z
TFLO,50.56,2026-03-13T19:59:50Z
TFLR,50.62,2026-03-13T19:44:14Z
TFPM,35.89,2026-03-13T19:59:45Z
TFSA,16.33,2026-03-13T19:00:25Z
TFSL,13.51,2026-03-13T19:59:59Z
TFX,107.32,2026-03-13T19:59:54Z
TG,7.825,2026-03-13T19:59:21Z
TGB,6.585,2026-03-13T19:59:52Z
TGE,1.33,2026-03-13T19:51:49Z
TGEN,2.74,2026-03-13T19:58:32Z
TGHL,0.342,2026-03-13T16:33:36Z
TGL,3.86,2026-03-13T19:26:01Z
TGLR,36.45,2026-03-13T19:55:59Z
TGLS,45.71,2026-03-13T19:59:53Z
TGNA,20.3,2026-03-13T19:59:54Z
TGRT,40.365,2026-03-13T19:31:54Z
TGS,30.85,2026-03-13T19:57:49Z
TGT,117.36,2026-03-13T19:59:58Z
TGTX,27.975,2026-03-13T19:59:55Z
TH,9.29,2026-03-13T19:59:44Z
THC,227.735,2026-03-13T19:59:39Z
THD,65.29,2026-03-13T19:59:49Z
THFF,60.76,2026-03-13T19:59:14Z
THG,173.51,2026-03-13T19:59:35Z
THH,0.4263,2026-03-13T19:02:02Z
THIR,31.55,2026-03-13T14:44:30Z
THM,2.555,2026-03-13T19:59:59Z
THO,82.305,2026-03-13T19:59:43Z
THQ,17.855,2026-03-13T19:39:02Z
THR,46.565,2026-03-13T19:59:42Z
THRM,27.695,2026-03-13T19:50:00Z
THRO,36.99,2026-03-13T19:30:03Z
THRY,2.93,2026-03-13T19:59:42Z
THTA,15.365,2026-03-13T19:42:24Z
THW,12.08,2026-03-13T19:58:59Z
THY,21.92,2026-03-13T16:35:53Z
THYF,51.16,2026-03-13T16:14:27Z
TIC,7.24,2026-03-13T19:59:58Z
TIGO,72.15,2026-03-13T19:59:54Z
TIGR,7.305,2026-03-13T19:59:56Z
TII,3.36,2026-03-13T19:59:58Z
TIL,8.23,2026-03-13T19:55:47Z
TILE,27.67,2026-03-13T19:59:40Z
TILL,18.16,2026-03-13T19:40:43Z
TIMB,25,2026-03-13T19:59:50Z
TIME,23.71,2026-03-13T16:07:31Z
TIP,110.715,2026-03-13T19:59:57Z
TIPT,16.29,2026-03-13T19:59:10Z
TIPX,19.245,2026-03-13T19:53:44Z
TISI,15.66,2026-03-13T18:25:27Z
TITN,16.59,2026-03-13T19:59:56Z
TIVC,0.9006,2026-03-13T19:17:22Z
TJUL,29.51,2026-03-13T14:15:00Z
TJX,155.39,2026-03-13T19:59:44Z
TK,10.99,2026-03-13T19:59:49Z
TKC,6.15,2026-03-13T19:59:54Z
TKNO,2.8,2026-03-13T19:59:45Z
TKO,194.61,2026-03-13T19:59:46Z
TKR,97.53,2026-03-13T19:59:45Z
TLCI,25.19,2026-03-13T19:07:04Z
TLH,100.615,2026-03-13T19:59:58Z
TLK,17.79,2026-03-13T19:59:55Z
TLN,316.04,2026-03-13T19:59:52Z
TLPH,0.7974,2026-03-13T19:44:37Z
TLRY,6.9,2026-03-13T19:59:52Z
TLS,4.29,2026-03-13T19:59:58Z
TLSA,1.22,2026-03-13T19:59:50Z
TLSI,4.1,2026-03-13T19:59:51Z
TLSIW,1.33,2026-03-13T14:32:54Z
TLT,86.54,2026-03-13T19:59:56Z
TLTD,93.36,2026-03-13T17:53:54Z
TLTP,21.65,2026-03-13T13:58:19Z
TLTW,22.495,2026-03-13T19:59:54Z
TLX,7.84,2026-03-13T19:59:45Z
TLYS,2.68,2026-03-13T19:59:56Z
TM,210.86,2026-03-13T19:56:11Z
TMAT,23.57,2026-03-13T19:59:50Z
TMB,25.525,2026-03-13T19:39:05Z
TMC,5.97,2026-03-13T19:59:57Z
TMCI,1.46,2026-03-13T19:59:58Z
TMDE,2.3,2026-03-13T19:59:10Z
TMDX,123.54,2026-03-13T19:59:59Z
TME,14.2,2026-03-13T19:59:58Z
TMF,36.375,2026-03-13T19:59:49Z
TMFE,27.865,2026-03-13T19:53:31Z
TMFM,20.65,2026-03-13T17:19:47Z
TMHC,59.22,2026-03-13T19:59:53Z
TMNL,50.06,2026-03-13T13:41:41Z
TMO,464.22,2026-03-13T19:59:53Z
TMP,74.06,2026-03-13T16:25:13Z
TMQ,3.88,2026-03-13T19:59:55Z
TMSF,49.52,2026-03-13T19:41:25Z
TMSL,36.18,2026-03-13T19:55:25Z
TMUS,217.39,2026-03-13T19:59:52Z
TMUSI,21.94,2026-03-13T16:18:28Z
TMUSL,24.465,2026-03-13T19:16:00Z
TMUSZ,21.7,2026-03-13T19:47:59Z
TMV,37.86,2026-03-13T19:59:00Z
TMVE,15.47,2026-03-13T15:40:00Z
TNA,43.8,2026-03-13T19:59:57Z
TNC,63.75,2026-03-13T19:59:24Z
TNDM,21.62,2026-03-13T19:59:58Z
TNET,36.375,2026-03-13T19:59:50Z
TNGX,17.325,2026-03-13T19:59:55Z
TNGY,10.34,2026-03-13T19:30:54Z
TNK,63.31,2026-03-13T19:59:54Z
TNL,68.525,2026-03-13T19:59:33Z
TNMG,2.43,2026-03-13T17:53:14Z
TNON,0.8097,2026-03-13T19:59:54Z
TNUK,26.42,2026-03-13T15:21:52Z
TNXP,13.26,2026-03-13T19:59:30Z
TNYA,0.8525,2026-03-13T19:59:48Z
TOCT,26.39,2026-03-13T19:45:56Z
TOI,2.86,2026-03-13T19:59:59Z
TOIIW,0.0738,2026-03-13T15:19:19Z
TOL,136.67,2026-03-13T19:59:50Z
TOLL,34.075,2026-03-13T17:12:19Z
TOLZ,60.635,2026-03-13T19:57:30Z
TOMZ,0.6256,2026-03-13T14:39:40Z
TONX,3.36,2026-03-13T19:59:57Z
TOON,0.5528,2026-03-13T16:11:05Z
TOPS,3.55,2026-03-13T19:51:55Z
TOPT,29.425,2026-03-13T19:59:42Z
TORO,3.69,2026-03-13T17:03:40Z
TOST,27.61,2026-03-13T19:59:56Z
TOTL,39.825,2026-03-13T19:59:24Z
TOUR,0.6909,2026-03-13T19:59:50Z
TOUS,34.31,2026-03-13T19:39:21Z
TOVX,0.1746,2026-03-13T19:50:32Z
TOWN,32.99,2026-03-13T19:59:54Z
TOXR,13.59,2026-03-13T18:18:31Z
TPB,90.82,2026-03-13T19:59:21Z
TPC,67.84,2026-03-13T19:58:02Z
TPCS,3.45,2026-03-13T19:55:09Z
TPET,1.525,2026-03-13T19:57:27Z
TPG,40.5,2026-03-13T19:59:57Z
TPGXL,23.93,2026-03-13T19:59:38Z
TPH,46.285,2026-03-13T19:59:51Z
TPHD,41.29,2026-03-13T18:31:53Z
TPIF,35.785,2026-03-13T17:43:24Z
TPL,532.345,2026-03-13T19:59:35Z
TPLC,46.64,2026-03-13T19:08:09Z
TPOR,26.8,2026-03-13T17:06:12Z
TPR,142.16,2026-03-13T19:59:42Z
TPSC,41.85,2026-03-13T19:02:03Z
TPTA,13.18,2026-03-13T19:07:54Z
TPVG,5.095,2026-03-13T19:59:39Z
TPYP,41.95,2026-03-13T19:44:41Z
TPZ,22.37,2026-03-13T18:34:40Z
TQQQ,45.915,2026-03-13T19:59:58Z
TQQY,13.82,2026-03-13T19:53:30Z
TR,42.38,2026-03-13T19:59:10Z
TRAD=,10.005,2026-03-13T18:36:17Z
TRAK,7.885,2026-03-13T19:57:17Z
TRAW,2.02,2026-03-13T19:38:39Z
TRBF,49.71,2026-03-13T18:17:55Z
TRC,18.78,2026-03-13T19:59:44Z
TRDA,12.695,2026-03-13T19:59:55Z
TREE,39.98,2026-03-13T19:59:52Z
TREX,37.49,2026-03-13T19:59:48Z
TRFK,62.925,2026-03-13T19:58:06Z
TRGP,239.84,2026-03-13T19:59:51Z
TRI,96.33,2026-03-13T19:59:56Z
TRIB,0.7775,2026-03-13T19:21:24Z
TRIN,14.42,2026-03-13T19:59:59Z
TRINI,24.99,2026-03-13T18:24:15Z
TRINZ,25.06,2026-03-13T19:51:23Z
TRIP,9.24,2026-03-13T19:59:59Z
TRMB,66.47,2026-03-13T19:59:58Z
TRMD,24.25,2026-03-13T19:59:52Z
TRMK,40.84,2026-03-13T19:59:49Z
TRN,29.51,2026-03-13T19:59:59Z
TRND,33.45,2026-03-13T15:10:33Z
TRNO,62.16,2026-03-13T19:59:53Z
TRNR,1.485,2026-03-13T16:30:46Z
TRNS,73.82,2026-03-13T19:59:32Z
TRON,1.5,2026-03-13T19:59:03Z
TROO,2.855,2026-03-13T19:12:44Z
TROW,88.6,2026-03-13T19:59:50Z
TROX,6.985,2026-03-13T19:59:59Z
TRP,63.73,2026-03-13T19:59:57Z
TRS,35.05,2026-03-13T19:59:55Z
TRST,43.805,2026-03-13T19:43:15Z
TRT,5.91,2026-03-13T15:55:47Z
TRTN-F,24.45,2026-03-13T18:22:41Z
TRTX,7.995,2026-03-13T19:59:58Z
TRTY,29.99,2026-03-13T16:41:38Z
TRU,69.96,2026-03-13T19:59:55Z
TRUC,25.08,2026-03-13T19:55:22Z
TRUG,0.6128,2026-03-13T19:03:02Z
TRUP,24.725,2026-03-13T19:59:28Z
TRUT,24.61,2026-03-13T19:53:10Z
TRV,302.49,2026-03-13T19:59:48Z
TRVG,2.78,2026-03-13T16:51:40Z
TRVI,11.015,2026-03-13T19:59:51Z
TRX,1.595,2026-03-13T19:59:21Z
TS,52.85,2026-03-13T19:59:42Z
TSAT,34.41,2026-03-13T19:59:00Z
TSBK,37.82,2026-03-13T19:12:49Z
TSCM,18.14,2026-03-13T17:17:25Z
TSCO,47.25,2026-03-13T19:59:59Z
TSDD,9.64,2026-03-13T19:59:59Z
TSEC,26.01,2026-03-13T15:25:09Z
TSEM,124.74,2026-03-13T19:59:44Z
TSHA,4.49,2026-03-13T19:59:58Z
TSI,4.605,2026-03-13T19:59:51Z
TSIC,25.8,2026-03-13T14:38:56Z
TSII,20.7,2026-03-13T14:15:00Z
TSI^,0.0489,2026-03-13T19:58:21Z
TSL,15.54,2026-03-13T19:59:50Z
TSLA,391.13,2026-03-13T19:59:59Z
TSLG,6.72,2026-03-13T19:59:44Z
TSLL,13.755,2026-03-13T19:59:54Z
TSLP,19.35,2026-03-13T18:57:57Z
TSLQ,22.67,2026-03-13T19:59:55Z
TSLR,23.23,2026-03-13T19:59:05Z
TSLS,57.36,2026-03-13T16:58:51Z
TSLT,19.14,2026-03-13T19:59:44Z
TSLW,25.61,2026-03-13T19:59:44Z
TSLX,17.785,2026-03-13T19:59:57Z
TSLY,31.41,2026-03-13T19:45:33Z
TSLZ,14.69,2026-03-13T19:59:59Z
TSM,338.41,2026-03-13T19:59:59Z
TSMG,28.05,2026-03-13T18:38:42Z
TSMU,51.47,2026-03-13T17:23:05Z
TSMX,58.14,2026-03-13T19:59:48Z
TSMY,15.3,2026-03-13T19:59:17Z
TSMZ,10.72,2026-03-13T19:44:10Z
TSN,60.31,2026-03-13T19:59:46Z
TSPA,41.545,2026-03-13T19:59:50Z
TSPY,23.745,2026-03-13T19:35:16Z
TSQ,7.08,2026-03-13T18:42:37Z
TSSI,11.93,2026-03-13T19:59:32Z
TSXU,29.65,2026-03-13T18:00:50Z
TSYX,21.75,2026-03-13T19:05:41Z
TSYY,3.83,2026-03-13T19:59:50Z
TT,422.43,2026-03-13T19:59:53Z
TTAM,15.61,2026-03-13T19:57:54Z
TTAN,70.73,2026-03-13T19:59:54Z
TTC,95.48,2026-03-13T19:59:53Z
TTD,27.34,2026-03-13T19:59:57Z
TTDU,7.3,2026-03-13T19:59:50Z
TTE,82.68,2026-03-13T19:59:49Z
TTEC,3.01,2026-03-13T19:59:48Z
TTEK,32.2,2026-03-13T19:59:58Z
TTEQ,31.18,2026-03-13T18:36:58Z
TTGT,3.96,2026-03-13T19:59:35Z
TTI,8.225,2026-03-13T19:59:57Z
TTMI,90.6,2026-03-13T19:59:51Z
TTRX,3.68,2026-03-13T18:59:13Z
TTWO,208.6,2026-03-13T19:59:58Z
TU,13.11,2026-03-13T19:59:56Z
TUA,21.285,2026-03-13T19:52:15Z
TUGN,23.75,2026-03-13T17:49:26Z
TUR,38.74,2026-03-13T19:57:41Z
TURB,3.6,2026-03-13T19:59:44Z
TUSI,25.37,2026-03-13T19:59:46Z
TUSK,2.16,2026-03-13T19:59:59Z
TUYA,2.44,2026-03-13T19:59:54Z
TV,2.855,2026-03-13T19:58:56Z
TVA,10.32,2026-03-13T19:59:20Z
TVC,24.22,2026-03-13T19:32:23Z
TVE,24.17,2026-03-13T18:41:16Z
TVGN,5.49,2026-03-13T19:59:29Z
TVRD,3.87,2026-03-13T19:57:33Z
TVTX,27.82,2026-03-13T19:59:46Z
TW,124.45,2026-03-13T19:59:55Z
TWAV,1.2,2026-03-13T19:59:38Z
TWFG,19.79,2026-03-13T19:59:45Z
TWG,3.73,2026-03-13T19:03:43Z
TWI,7.32,2026-03-13T19:59:58Z
TWIN,14.86,2026-03-13T19:57:22Z
TWLO,124.46,2026-03-13T19:59:52Z
TWM,31.825,2026-03-13T19:59:58Z
TWN,62.25,2026-03-13T14:26:34Z
TWO,8.98,2026-03-13T19:59:54Z
TWST,43.31,2026-03-13T19:59:53Z
TX,37.705,2026-03-13T19:56:27Z
TXG,18.79,2026-03-13T19:59:57Z
TXN,190.795,2026-03-13T19:59:58Z
TXNM,58.85,2026-03-13T19:59:55Z
TXO,12.38,2026-03-13T19:57:35Z
TXRH,170.23,2026-03-13T19:59:46Z
TXT,91.05,2026-03-13T19:59:59Z
TXUE,32.1,2026-03-13T19:11:00Z
TXXD,6.73,2026-03-13T18:40:12Z
TXXS,5.73,2026-03-13T19:01:44Z
TY,31.5,2026-03-13T19:33:13Z
TYA,13.25,2026-03-13T16:14:00Z
TYD,24.92,2026-03-13T19:51:43Z
TYGO,3.43,2026-03-13T19:59:56Z
TYL,349.89,2026-03-13T19:59:54Z
TYRA,36.25,2026-03-13T19:59:50Z
TZA,7.375,2026-03-13T19:59:54Z
TZOO,6.3,2026-03-13T19:59:05Z
U,19.425,2026-03-13T19:59:59Z
UA,6.27,2026-03-13T19:59:59Z
UAA,6.49,2026-03-13T19:59:56Z
UAE,17.77,2026-03-13T19:59:47Z
UAL,86.61,2026-03-13T19:59:50Z
UAMY,9.21,2026-03-13T19:59:59Z
UAN,131.305,2026-03-13T19:00:44Z
UAPR,33.02,2026-03-13T17:22:39Z
UAVS,1.055,2026-03-13T19:59:23Z
UBER,73.345,2026-03-13T19:59:56Z
UBEW,32.07,2026-03-13T19:37:02Z
UBND,21.755,2026-03-13T19:59:46Z
UBOT,22.97,2026-03-13T19:39:17Z
UBRL,16.51,2026-03-13T19:58:33Z
UBS,36.94,2026-03-13T19:59:59Z
UBSI,39.18,2026-03-13T19:59:55Z
UBT,16.395,2026-03-13T19:57:01Z
UCAR,0.51,2026-03-13T19:59:23Z
UCB,29.96,2026-03-13T19:59:57Z
UCIB,32.95,2026-03-13T14:10:04Z
UCO,40.245,2026-03-13T19:59:55Z
UCON,24.85,2026-03-13T19:13:01Z
UCTT,54.96,2026-03-13T19:59:42Z
UCYB,42.31,2026-03-13T16:27:24Z
UDEC,39.16,2026-03-13T19:59:50Z
UDMY,4.78,2026-03-13T19:59:58Z
UDN,17.9,2026-03-13T19:51:11Z
UDOW,51.57,2026-03-13T19:59:58Z
UDR,35.41,2026-03-13T19:59:58Z
UE,20.54,2026-03-13T19:59:56Z
UEC,13.43,2026-03-13T19:59:59Z
UECG,8.75,2026-03-13T19:57:53Z
UEIC,4.25,2026-03-13T19:42:18Z
UEVM,57.38,2026-03-13T14:08:41Z
UFCS,36.865,2026-03-13T19:58:52Z
UFEB,36.53,2026-03-13T16:14:00Z
UFG,1.02,2026-03-13T19:59:44Z
UFI,3.6,2026-03-13T19:27:32Z
UFIV,49.02,2026-03-13T15:10:36Z
UFO,44.62,2026-03-13T19:56:37Z
UFOD,24.52,2026-03-13T14:42:22Z
UFPI,89.535,2026-03-13T19:58:57Z
UFPT,203.66,2026-03-13T19:58:33Z
UGE,19.53,2026-03-13T19:54:46Z
UGI,37.15,2026-03-13T19:59:50Z
UGL,71.49,2026-03-13T19:59:54Z
UGP,4.9,2026-03-13T19:59:50Z
UGRO,2.68,2026-03-13T16:29:48Z
UHAL,45.905,2026-03-13T19:59:04Z
UHAL.B,42.99,2026-03-13T19:59:49Z
UHG,1.165,2026-03-13T19:30:00Z
UHGWW,0.1775,2026-03-13T19:40:17Z
UHS,192.48,2026-03-13T19:59:28Z
UHT,42.56,2026-03-13T19:51:59Z
UI,753.67,2026-03-13T18:46:00Z
UIS,2.29,2026-03-13T19:59:57Z
UITB,46.965,2026-03-13T19:59:52Z
UJAN,42.79,2026-03-13T19:26:57Z
UL,64.04,2026-03-13T19:59:58Z
ULBI,6.455,2026-03-13T19:56:32Z
ULCC,3.38,2026-03-13T19:59:59Z
ULE,12.45,2026-03-13T17:45:23Z
ULH,14.11,2026-03-13T17:15:56Z
ULS,83.27,2026-03-13T19:59:23Z
ULST,40.455,2026-03-13T15:28:03Z
ULTA,535.51,2026-03-13T19:59:54Z
ULTY,31.925,2026-03-13T19:59:57Z
ULY,2.01,2026-03-13T19:59:17Z
UMAC,20.425,2026-03-13T19:59:27Z
UMAR,39.99,2026-03-13T19:01:58Z
UMAY,36.73,2026-03-13T13:31:47Z
UMBF,110.235,2026-03-13T19:59:16Z
UMC,9.29,2026-03-13T19:59:59Z
UMDD,25.36,2026-03-13T14:57:48Z
UMH,14.66,2026-03-13T19:59:56Z
UMH-D,21.95,2026-03-13T18:01:54Z
UMI,57.79,2026-03-13T19:30:32Z
UMMA,31.04,2026-03-13T19:48:21Z
UNCY,6.84,2026-03-13T19:59:52Z
UNF,272.83,2026-03-13T19:59:06Z
UNFI,41.67,2026-03-13T19:59:39Z
UNG,12.63,2026-03-13T19:59:10Z
UNH,281.885,2026-03-13T19:59:56Z
UNHG,11.175,2026-03-13T19:59:54Z
UNIT,7.72,2026-03-13T19:59:53Z
UNL,7.38,2026-03-13T19:56:01Z
UNM,72.16,2026-03-13T19:59:49Z
UNMA,23.745,2026-03-13T19:33:54Z
UNP,242.21,2026-03-13T19:59:54Z
UNTY,49.905,2026-03-13T19:58:28Z
UNX,23.95,2026-03-13T16:58:51Z
UOCT,38.68,2026-03-13T14:48:13Z
UOKA,0.0574,2026-03-13T19:09:05Z
UP,0.5295,2026-03-13T19:58:54Z
UPB,9.24,2026-03-13T19:59:50Z
UPBD,18.31,2026-03-13T19:59:44Z
UPLD,0.5451,2026-03-13T19:58:37Z
UPRO,103,2026-03-13T19:59:55Z
UPS,97.225,2026-03-13T19:59:47Z
UPST,26.36,2026-03-13T19:59:51Z
UPV,85.28,2026-03-13T19:50:12Z
UPW,25.98,2026-03-13T15:18:50Z
UPWK,12.22,2026-03-13T19:59:51Z
UPXI,1.115,2026-03-13T19:59:31Z
URA,49.285,2026-03-13T19:59:55Z
URAA,37.91,2026-03-13T19:49:20Z
URAN,45.44,2026-03-13T18:32:46Z
URBN,63.42,2026-03-13T19:59:46Z
URG,1.605,2026-03-13T19:59:59Z
URGN,18.44,2026-03-13T19:59:49Z
URI,736.89,2026-03-13T19:59:53Z
URNJ,30.24,2026-03-13T19:58:41Z
URNM,63.88,2026-03-13T19:58:40Z
UROY,3.8,2026-03-13T19:59:45Z
URTH,181.74,2026-03-13T19:58:59Z
URTY,51.25,2026-03-13T19:59:50Z
USA,5.625,2026-03-13T19:59:38Z
USAC,27.6,2026-03-13T19:59:41Z
USAI,46.09,2026-03-13T17:24:32Z
USAR,19.44,2026-03-13T19:59:47Z
USAS,7.37,2026-03-13T19:59:59Z
USAU,16.725,2026-03-13T19:59:02Z
USAX,22.1,2026-03-13T19:46:57Z
USB,51.02,2026-03-13T19:59:59Z
USB-P,22.82,2026-03-13T18:58:46Z
USB-Q,15.285,2026-03-13T19:45:46Z
USB-R,16.22,2026-03-13T19:54:34Z
USB-S,18.21,2026-03-13T19:59:52Z
USBC,0.3547,2026-03-13T16:40:24Z
USCB,18.17,2026-03-13T19:57:03Z
USCI,92.195,2026-03-13T14:13:31Z
USD,51.64,2026-03-13T19:59:48Z
USDU,26.32,2026-03-13T19:59:58Z
USDX,25.63,2026-03-13T15:00:14Z
USEA,2.08,2026-03-13T18:51:46Z
USEG,1.06,2026-03-13T19:59:50Z
USFD,94.65,2026-03-13T19:59:57Z
USFR,50.415,2026-03-13T19:59:12Z
USGG,14.99,2026-03-13T14:10:57Z
USGO,11.58,2026-03-13T19:23:26Z
USHY,36.68,2026-03-13T19:59:57Z
USIG,50.975,2026-03-13T19:59:45Z
USL,48.61,2026-03-13T19:19:40Z
USLM,119.135,2026-03-13T19:55:15Z
USMC,65.66,2026-03-13T19:45:00Z
USMF,50.09,2026-03-13T16:51:57Z
USMV,95.04,2026-03-13T19:59:51Z
USNA,17.21,2026-03-13T19:26:23Z
USO,119.86,2026-03-13T19:59:58Z
USOI,56.05,2026-03-13T18:13:35Z
USOY,8.315,2026-03-13T19:59:56Z
USPH,76.96,2026-03-13T19:59:41Z
USPX,58.64,2026-03-13T13:51:41Z
USRT,61.005,2026-03-13T19:57:40Z
USSE,33.8,2026-03-13T19:23:35Z
USSG,61.18,2026-03-13T16:58:51Z
USTB,50.635,2026-03-13T19:17:35Z
USVM,93.03,2026-03-13T16:58:51Z
USXF,56.105,2026-03-13T19:47:23Z
UTEN,43.76,2026-03-13T18:19:01Z
UTES,82.3,2026-03-13T14:02:19Z
UTF,25.75,2026-03-13T19:57:42Z
UTG,40.305,2026-03-13T19:44:22Z
UTHR,536.46,2026-03-13T19:59:54Z
UTHY,40.92,2026-03-13T15:47:10Z
UTI,36,2026-03-13T19:59:32Z
UTL,53.075,2026-03-13T19:59:08Z
UTSL,52.025,2026-03-13T19:52:20Z
UTWO,48.365,2026-03-13T19:59:45Z
UTZ,7.56,2026-03-13T19:59:58Z
UUP,27.895,2026-03-13T19:59:59Z
UUU,5.975,2026-03-13T19:58:48Z
UUUG,12.03,2026-03-13T14:46:11Z
UUUU,18.655,2026-03-13T19:59:54Z
UVE,34.09,2026-03-13T19:47:47Z
UVIX,8.88,2026-03-13T19:59:58Z
UVSP,32.71,2026-03-13T19:59:46Z
UVV,53.14,2026-03-13T19:59:44Z
UVXY,52.175,2026-03-13T19:59:59Z
UWM,46.33,2026-03-13T19:59:40Z
UWMC,3.65,2026-03-13T19:59:54Z
UX,31.11,2026-03-13T14:33:11Z
UXIN,3.48,2026-03-13T19:44:48Z
UXJL,31.78,2026-03-13T15:28:34Z
UXRP,4.14,2026-03-13T19:59:33Z
UYG,72.2,2026-03-13T16:58:51Z
UYLD,51.175,2026-03-13T19:12:44Z
UZF,18.6,2026-03-13T13:34:08Z
V,307.09,2026-03-13T19:59:55Z
VABK,38.8,2026-03-13T19:59:10Z
VAC,64.805,2026-03-13T19:59:26Z
VACH,10.715,2026-03-13T19:15:00Z
VAL,93.9,2026-03-13T19:59:44Z
VAL+,13.98,2026-03-13T17:43:55Z
VALE,14.685,2026-03-13T19:59:58Z
VALN,10.72,2026-03-13T13:51:51Z
VAMO,34.51,2026-03-13T14:01:00Z
VANI,1.105,2026-03-13T19:59:45Z
VAVX,20.44,2026-03-13T16:04:09Z
VAW,223.76,2026-03-13T16:58:51Z
VB,260.53,2026-03-13T19:59:40Z
VBF,15.125,2026-03-13T19:53:18Z
VBIL,75.53,2026-03-13T19:59:55Z
VBIX,1.74,2026-03-13T13:43:15Z
VBK,301.68,2026-03-13T19:59:40Z
VBNK,13.93,2026-03-13T19:54:15Z
VBR,215.62,2026-03-13T19:59:48Z
VC,89.09,2026-03-13T19:59:50Z
VCEB,62.52,2026-03-13T19:58:27Z
VCEL,32.63,2026-03-13T19:59:39Z
VCIG,1.955,2026-03-13T19:58:50Z
VCIT,82.455,2026-03-13T19:59:53Z
VCLT,73.795,2026-03-13T19:59:42Z
VCR,364.035,2026-03-13T19:57:01Z
VCRB,77.245,2026-03-13T19:59:29Z
VCRM,75.715,2026-03-13T19:59:58Z
VCSH,79.08,2026-03-13T19:59:53Z
VCTR,66.67,2026-03-13T19:59:49Z
VCV,10.87,2026-03-13T19:59:56Z
VCYT,32.15,2026-03-13T19:59:46Z
VDC,231.41,2026-03-13T19:59:50Z
VDE,162.72,2026-03-13T19:59:50Z
VEA,63.815,2026-03-13T19:59:57Z
VECO,30.96,2026-03-13T19:59:59Z
VEEA,0.627,2026-03-13T19:52:52Z
VEEE,0.3807,2026-03-13T19:58:16Z
VEEV,178.87,2026-03-13T19:59:58Z
VEGI,45.59,2026-03-13T19:23:06Z
VEL,17.43,2026-03-13T19:59:51Z
VELO,14.09,2026-03-13T19:58:30Z
VEMY,28.12,2026-03-13T15:19:17Z
VENU,3.41,2026-03-13T19:59:53Z
VEON,50.09,2026-03-13T19:37:03Z
VERA,39.94,2026-03-13T19:59:16Z
VERI,2.87,2026-03-13T19:59:58Z
VERU,2.4,2026-03-13T19:57:08Z
VERX,13.305,2026-03-13T19:59:57Z
VET,11.78,2026-03-13T19:59:56Z
VEU,74.855,2026-03-13T19:59:55Z
VFC,15.97,2026-03-13T19:59:59Z
VFF,2.895,2026-03-13T19:59:32Z
VFH,119.17,2026-03-13T19:59:43Z
VFL,10.08,2026-03-13T19:01:06Z
VFLO,39.19,2026-03-13T19:59:51Z
VFMF,153.56,2026-03-13T19:16:16Z
VFMO,196.09,2026-03-13T15:05:06Z
VFMV,135.19,2026-03-13T15:24:02Z
VFS,3.1,2026-03-13T19:58:57Z
VG,13.09,2026-03-13T19:59:58Z
VGAS,1.77,2026-03-13T18:29:24Z
VGHY,74.21,2026-03-13T19:19:25Z
VGI,7.59,2026-03-13T19:56:53Z
VGIT,59.61,2026-03-13T19:59:56Z
VGK,82.17,2026-03-13T19:59:57Z
VGLT,55.3,2026-03-13T19:59:51Z
VGM,10.35,2026-03-13T19:57:00Z
VGSH,58.525,2026-03-13T19:56:26Z
VGSR,10.59,2026-03-13T19:59:53Z
VGT,713.92,2026-03-13T19:50:00Z
VGUS,75.545,2026-03-13T16:58:53Z
VGVT,75.85,2026-03-13T14:14:14Z
VGZ,2.07,2026-03-13T19:59:54Z
VHC,16.02,2026-03-13T15:39:22Z
VHT,276.57,2026-03-13T19:59:47Z
VHUB,1.475,2026-03-13T19:59:48Z
VIA,16.66,2026-03-13T19:59:54Z
VIAV,29.98,2026-03-13T19:59:59Z
VICI,28.42,2026-03-13T19:59:55Z
VICR,172.48,2026-03-13T19:59:50Z
VIDI,35.565,2026-03-13T19:33:12Z
VIG,217.56,2026-03-13T19:59:24Z
VIGI,88.79,2026-03-13T19:58:06Z
VIK,68.35,2026-03-13T19:59:57Z
VINP,10.23,2026-03-13T19:57:22Z
VIOG,122.26,2026-03-13T19:29:23Z
VIOO,112.6,2026-03-13T19:59:51Z
VIOT,1.4,2026-03-13T19:59:51Z
VIOV,100.01,2026-03-13T15:47:50Z
VIPS,16.01,2026-03-13T19:59:56Z
VIR,9.255,2026-03-13T19:59:53Z
VIRC,6.3,2026-03-13T19:56:59Z
VIRT,39.09,2026-03-13T19:59:59Z
VIS,316.56,2026-03-13T19:59:50Z
VISN,17.605,2026-03-13T19:59:54Z
VIST,64.79,2026-03-13T19:59:54Z
VITL,17.2,2026-03-13T19:59:55Z
VIV,15.36,2026-03-13T19:59:29Z
VIXM,16.9,2026-03-13T19:59:51Z
VIXY,33.92,2026-03-13T19:59:56Z
VKI,9.33,2026-03-13T19:26:05Z
VKQ,9.73,2026-03-13T19:59:07Z
VKTX,35.66,2026-03-13T19:59:54Z
VLGEA,42.41,2026-03-13T19:59:50Z
VLN,1.33,2026-03-13T19:59:53Z
VLO,230.61,2026-03-13T19:59:50Z
VLRS,6.98,2026-03-13T19:59:54Z
VLT,10.355,2026-03-13T15:06:11Z
VLTO,90.195,2026-03-13T19:59:55Z
VLUE,144.7,2026-03-13T19:59:51Z
VLY,11.76,2026-03-13T19:59:58Z
VLYPO,24.79,2026-03-13T16:12:59Z
VMAR,2.395,2026-03-13T13:36:22Z
VMBS,46.925,2026-03-13T19:59:51Z
VMC,265.465,2026-03-13T19:59:51Z
VMD,9.21,2026-03-13T19:59:54Z
VMET,10.605,2026-03-13T19:23:00Z
VMI,409.23,2026-03-13T19:58:01Z
VMO,9.79,2026-03-13T19:55:57Z
VNAM,22.55,2026-03-13T15:50:35Z
VNCE,2.535,2026-03-13T19:54:30Z
VNDA,8.795,2026-03-13T19:59:53Z
VNET,10.52,2026-03-13T19:59:59Z
VNLA,49.01,2026-03-13T19:59:55Z
VNM,16.67,2026-03-13T19:59:53Z
VNMEW,0.2513,2026-03-13T14:55:06Z
VNO,25.94,2026-03-13T19:59:54Z
VNO-L,16.905,2026-03-13T19:36:49Z
VNO-M,16.675,2026-03-13T16:50:10Z
VNO-N,16.62,2026-03-13T14:02:03Z
VNOM,44.27,2026-03-13T19:59:58Z
VNQ,92.17,2026-03-13T19:59:59Z
VNQI,45.2,2026-03-13T19:47:50Z
VNRX,0.1887,2026-03-13T19:59:49Z
VNT,36.01,2026-03-13T19:59:59Z
VO,288.87,2026-03-13T19:59:42Z
VOC,3.47,2026-03-13T18:47:45Z
VOD,14.4,2026-03-13T19:59:56Z
VOE,183.17,2026-03-13T19:59:55Z
VOLT,33.88,2026-03-13T19:58:33Z
VONE,300.615,2026-03-13T19:17:36Z
VONG,112.815,2026-03-13T19:59:58Z
VONV,94.235,2026-03-13T19:59:45Z
VOO,608.91,2026-03-13T19:59:47Z
VOOG,420.78,2026-03-13T19:49:54Z
VOOV,204.59,2026-03-13T19:59:57Z
VOR,13.48,2026-03-13T19:59:50Z
VOT,263.22,2026-03-13T19:58:49Z
VOTE,77.71,2026-03-13T19:59:51Z
VOX,185.43,2026-03-13T19:59:55Z
VOXR,5.6,2026-03-13T19:59:48Z
VOYA,66.25,2026-03-13T19:59:54Z
VOYA-B,23.85,2026-03-13T16:45:07Z
VOYG,27.03,2026-03-13T19:59:53Z
VPC,15.13,2026-03-13T18:03:22Z
VPG,40.96,2026-03-13T19:59:02Z
VPL,97.11,2026-03-13T19:58:55Z
VPLS,77.455,2026-03-13T19:59:36Z
VPU,202.58,2026-03-13T19:59:49Z
VPV,10.88,2026-03-13T18:46:47Z
VRA,3.5,2026-03-13T19:59:57Z
VRCA,6.13,2026-03-13T19:59:00Z
VRDN,28.67,2026-03-13T19:59:55Z
VRE,18.875,2026-03-13T19:59:56Z
VREX,10.8,2026-03-13T19:59:20Z
VRIG,25.105,2026-03-13T17:02:52Z
VRNS,24.72,2026-03-13T19:59:51Z
VRP,24.17,2026-03-13T19:59:59Z
VRRM,14.95,2026-03-13T19:59:51Z
VRSK,201.215,2026-03-13T19:59:53Z
VRSN,238.6,2026-03-13T19:59:47Z
VRT,258.995,2026-03-13T19:59:59Z
VRTS,126.575,2026-03-13T17:56:32Z
VRTX,469.11,2026-03-13T19:59:58Z
VS,0.99,2026-03-13T14:38:07Z
VSA,0.8474,2026-03-13T17:57:08Z
VSAT,46.165,2026-03-13T19:59:58Z
VSCO,44.85,2026-03-13T19:59:53Z
VSDB,76.22,2026-03-13T19:57:26Z
VSDM,76.8,2026-03-13T19:31:12Z
VSEC,195.09,2026-03-13T19:59:12Z
VSEE,0.2769,2026-03-13T19:59:19Z
VSGX,71.81,2026-03-13T19:58:06Z
VSH,17.23,2026-03-13T19:59:57Z
VSNT,37.55,2026-03-13T19:59:59Z
VSOL,12.23,2026-03-13T14:26:32Z
VSS,145.88,2026-03-13T19:59:01Z
VST,159,2026-03-13T19:59:54Z
VSTD,0.313,2026-03-13T17:20:30Z
VSTL,10.9,2026-03-13T19:48:12Z
VSTM,5.6,2026-03-13T19:59:58Z
VSTS,7.6,2026-03-13T19:59:59Z
VT,139.545,2026-03-13T19:59:56Z
VTAK,1.365,2026-03-13T19:59:34Z
VTC,76.34,2026-03-13T19:59:51Z
VTEB,50.37,2026-03-13T19:59:59Z
VTEC,100.145,2026-03-13T19:56:20Z
VTEI,100.97,2026-03-13T19:59:59Z
VTEL,103.43,2026-03-13T18:57:24Z
VTES,101.74,2026-03-13T19:49:58Z
VTEX,3.8,2026-03-13T19:59:57Z
VTGN,0.607,2026-03-13T19:55:43Z
VTHR,292.93,2026-03-13T16:58:51Z
VTI,326.13,2026-03-13T19:59:58Z
VTIP,49.935,2026-03-13T19:59:44Z
VTIX,6.86,2026-03-13T18:32:14Z
VTMX,31.72,2026-03-13T19:59:52Z
VTN,11.36,2026-03-13T19:00:16Z
VTOL,42.605,2026-03-13T19:58:51Z
VTP,76.36,2026-03-13T19:33:47Z
VTR,86.57,2026-03-13T19:59:53Z
VTRS,13.5,2026-03-13T19:59:58Z
VTS,19.815,2026-03-13T19:59:44Z
VTSI,4.27,2026-03-13T19:58:48Z
VTV,197.245,2026-03-13T19:59:51Z
VTVT,34.22,2026-03-13T19:15:58Z
VTWO,99.65,2026-03-13T19:59:59Z
VUG,450.09,2026-03-13T19:59:56Z
VUSB,49.71,2026-03-13T19:59:50Z
VUZI,2.185,2026-03-13T19:59:57Z
VV,304.51,2026-03-13T19:59:55Z
VVOS,1.245,2026-03-13T19:59:38Z
VVPR,2.05,2026-03-13T19:57:58Z
VVR,3.065,2026-03-13T19:55:49Z
VVV,33.61,2026-03-13T19:59:59Z
VVX,66.805,2026-03-13T19:59:50Z
VWAV,7.6,2026-03-13T19:58:31Z
VWAVW,1.59,2026-03-13T19:20:07Z
VWO,54.01,2026-03-13T19:59:59Z
VWOB,65.99,2026-03-13T19:59:43Z
VXF,204.86,2026-03-13T19:59:44Z
VXUS,76.745,2026-03-13T19:59:57Z
VXX,35.11,2026-03-13T19:59:57Z
VXZ,59.32,2026-03-13T19:58:27Z
VYGR,4.45,2026-03-13T19:59:58Z
VYM,148.45,2026-03-13T19:59:26Z
VYMI,93.04,2026-03-13T19:57:57Z
VYNE,0.5931,2026-03-13T19:59:04Z
VYX,6.49,2026-03-13T19:59:59Z
VZ,51.37,2026-03-13T19:59:59Z
VZLA,3.575,2026-03-13T19:59:56Z
W,75.78,2026-03-13T19:59:53Z
WAB,236.67,2026-03-13T19:59:49Z
WABC,50.22,2026-03-13T19:54:30Z
WAFD,31.05,2026-03-13T19:59:58Z
WAFDP,16.36,2026-03-13T19:44:14Z
WAL,67.97,2026-03-13T19:59:50Z
WAL-A,23.165,2026-03-13T19:56:24Z
WALD,1.6,2026-03-13T19:58:55Z
WANT,38.98,2026-03-13T16:58:51Z
WASH,32.18,2026-03-13T19:59:38Z
WAT,286.29,2026-03-13T19:59:50Z
WATT,12.315,2026-03-13T19:58:49Z
WAVE,5.79,2026-03-13T18:52:15Z
WAY,24.17,2026-03-13T19:59:57Z
WB,9.75,2026-03-13T19:59:56Z
WBD,27.15,2026-03-13T19:59:59Z
WBI,25.34,2026-03-13T19:59:49Z
WBIY,33.64,2026-03-13T18:50:33Z
WBS,67.23,2026-03-13T19:59:53Z
WBS-G,24.51,2026-03-13T19:25:05Z
WBTN,9.2,2026-03-13T19:59:56Z
WBX,2.73,2026-03-13T13:30:00Z
WCBR,26.24,2026-03-13T15:52:03Z
WCC,256.06,2026-03-13T19:58:49Z
WCLD,28.29,2026-03-13T19:59:59Z
WCMI,16.79,2026-03-13T19:54:10Z
WCN,166.44,2026-03-13T19:59:49Z
WCT,3.68,2026-03-13T17:58:52Z
WD,45.31,2026-03-13T19:54:48Z
WDAY,133.08,2026-03-13T19:59:57Z
WDC,272.29,2026-03-13T19:59:59Z
WDCX,28.89,2026-03-13T19:59:30Z
WDEF,32.62,2026-03-13T19:52:11Z
WDFC,225.34,2026-03-13T19:50:16Z
WDH,1.725,2026-03-13T19:59:52Z
WDI,13.38,2026-03-13T19:59:33Z
WDS,22.18,2026-03-13T19:59:48Z
WDTE,29.33,2026-03-13T15:08:23Z
WEA,10.64,2026-03-13T19:31:30Z
WEAT,23.43,2026-03-13T19:59:51Z
WEAV,4.88,2026-03-13T19:59:58Z
WEBL,18.43,2026-03-13T19:54:50Z
WEBS,27.67,2026-03-13T19:58:55Z
WEC,117.33,2026-03-13T19:59:49Z
WEEI,23.81,2026-03-13T16:20:16Z
WEEK,100.08,2026-03-13T14:10:56Z
WELL,207.8,2026-03-13T19:59:55Z
WEN,7.17,2026-03-13T19:59:58Z
WERN,27.6,2026-03-13T19:59:48Z
WES,40.81,2026-03-13T19:59:54Z
WEST,4.27,2026-03-13T19:59:57Z
WEX,159.73,2026-03-13T19:59:40Z
WEYS,32.76,2026-03-13T16:19:15Z
WF,64.56,2026-03-13T19:56:26Z
WFC,74.105,2026-03-13T19:59:57Z
WFC-A,18.98,2026-03-13T17:50:12Z
WFC-C,17.72,2026-03-13T16:51:57Z
WFC-D,17.435,2026-03-13T17:38:39Z
WFC-L,1176.01,2026-03-13T17:16:33Z
WFC-Y,24.07,2026-03-13T19:55:15Z
WFC-Z,19.225,2026-03-13T19:41:58Z
WFG,64.49,2026-03-13T19:59:42Z
WFRD,86.54,2026-03-13T19:59:57Z
WGMI,38.24,2026-03-13T19:59:20Z
WGO,33.87,2026-03-13T19:59:14Z
WGRX,0.1647,2026-03-13T19:51:46Z
WGS,77.8,2026-03-13T19:59:55Z
WH,73.41,2026-03-13T19:59:46Z
WHD,46.37,2026-03-13T19:59:47Z
WHF,7.065,2026-03-13T19:59:40Z
WHG,15.49,2026-03-13T14:25:37Z
WHLR,1.5,2026-03-13T19:59:59Z
WHLRP,6.99,2026-03-13T14:29:17Z
WHR,57.47,2026-03-13T19:59:56Z
WHR-A,43.5,2026-03-13T17:11:48Z
WHWK,3.91,2026-03-13T19:59:40Z
WIA,8.09,2026-03-13T17:21:04Z
WILC,25.685,2026-03-13T18:16:19Z
WIMI,1.91,2026-03-13T18:01:34Z
WINA,446.34,2026-03-13T19:11:25Z
WING,203.52,2026-03-13T19:59:59Z
WINN,28.65,2026-03-13T17:38:54Z
WIP,39.26,2026-03-13T19:58:01Z
WIT,2.265,2026-03-13T19:59:59Z
WIW,8.52,2026-03-13T19:59:06Z
WIX,88.08,2026-03-13T19:59:48Z
WK,61.54,2026-03-13T19:59:52Z
WKC,22.805,2026-03-13T19:59:56Z
WKEY,6.91,2026-03-13T19:53:14Z
WKHS,3.25,2026-03-13T19:39:30Z
WKSP,1.32,2026-03-13T19:59:52Z
WLAC,10.85,2026-03-13T19:54:53Z
WLACU,12,2026-03-13T14:44:59Z
WLACW,2.99,2026-03-13T14:48:12Z
WLDN,79.78,2026-03-13T19:58:55Z
WLDR,37.845,2026-03-13T15:35:19Z
WLDS,1.63,2026-03-13T19:46:26Z
WLDU,14.31,2026-03-13T19:00:02Z
WLFC,165.78,2026-03-13T19:58:45Z
WLK,112.005,2026-03-13T19:59:50Z
WLKP,22.265,2026-03-13T19:50:01Z
WLTH,7.86,2026-03-13T19:59:50Z
WLY,36.72,2026-03-13T19:59:49Z
WM,238.52,2026-03-13T19:59:56Z
WMB,73.33,2026-03-13T19:59:59Z
WMG,27.33,2026-03-13T19:59:59Z
WMK,65.85,2026-03-13T19:59:28Z
WMS,137.245,2026-03-13T19:59:56Z
WMT,126.525,2026-03-13T19:59:58Z
WMTI,27.66,2026-03-13T15:47:01Z
WNC,8.2,2026-03-13T19:59:53Z
WNEB,12.75,2026-03-13T19:59:51Z
WNTR,31.91,2026-03-13T14:12:53Z
WOLF,16.73,2026-03-13T19:59:48Z
WOMN,39.975,2026-03-13T19:58:33Z
WOOF,3.63,2026-03-13T19:59:59Z
WOR,47.225,2026-03-13T19:59:33Z
WORX,0.14,2026-03-13T19:58:11Z
WPAY,35.01,2026-03-13T19:55:23Z
WPC,71.49,2026-03-13T19:59:59Z
WPM,139.92,2026-03-13T19:59:55Z
WPP,15.63,2026-03-13T19:59:44Z
WPRT,2.105,2026-03-13T16:40:16Z
WQTM,25.565,2026-03-13T19:59:46Z
WRAP,1.55,2026-03-13T19:59:52Z
WRB,68.71,2026-03-13T19:59:52Z
WRB-H,16.29,2026-03-13T18:57:43Z
WRBY,24.09,2026-03-13T19:59:38Z
WRD,6.66,2026-03-13T19:59:53Z
WRLD,134.06,2026-03-13T19:57:34Z
WRN,2.78,2026-03-13T19:59:44Z
WS,32.25,2026-03-13T19:59:19Z
WSBC,33.33,2026-03-13T19:59:52Z
WSBF,17.49,2026-03-13T18:24:01Z
WSC,18,2026-03-13T19:59:03Z
WSFS,62.66,2026-03-13T19:59:55Z
WSHP,17.47,2026-03-13T14:27:46Z
WSM,180.04,2026-03-13T19:59:56Z
WSML,30.99,2026-03-13T19:59:50Z
WSO,368.54,2026-03-13T19:59:49Z
WSR,16.28,2026-03-13T19:59:58Z
WST,235.48,2026-03-13T19:59:54Z
WT,15.25,2026-03-13T19:59:49Z
WTAI,28.78,2026-03-13T17:50:44Z
WTBA,23.045,2026-03-13T18:01:32Z
WTF,3.09,2026-03-13T17:01:06Z
WTFC,130.175,2026-03-13T19:59:50Z
WTI,3.36,2026-03-13T19:59:55Z
WTID,4.97,2026-03-13T18:32:18Z
WTIU,19.27,2026-03-13T18:40:31Z
WTM,2195.42,2026-03-13T19:55:50Z
WTMF,39.73,2026-03-13T15:33:15Z
WTO,3.01,2026-03-13T19:23:06Z
WTPI,32.52,2026-03-13T19:56:41Z
WTRG,41.67,2026-03-13T19:59:58Z
WTS,297.53,2026-03-13T19:59:40Z
WTTR,14.01,2026-03-13T19:59:53Z
WTV,94.71,2026-03-13T16:59:43Z
WTW,289.45,2026-03-13T19:59:51Z
WU,9.54,2026-03-13T19:59:57Z
WULF,14.67,2026-03-13T19:59:59Z
WULX,20.79,2026-03-13T19:58:28Z
WVE,13.04,2026-03-13T19:59:51Z
WW,21.1,2026-03-13T19:59:45Z
WWD,356.49,2026-03-13T19:59:22Z
WWR,0.7601,2026-03-13T19:44:40Z
WWW,15.96,2026-03-13T19:59:58Z
WY,23.47,2026-03-13T19:59:58Z
WYFI,15.765,2026-03-13T19:59:50Z
WYHG,0.47,2026-03-13T14:52:03Z
WYNN,100.42,2026-03-13T19:59:53Z
WYY,4.56,2026-03-13T19:32:04Z
XAGG,50.035,2026-03-13T19:55:10Z
XAIR,0.8151,2026-03-13T19:58:21Z
XAR,265.11,2026-03-13T19:59:37Z
XBB,40.505,2026-03-13T19:54:40Z
XBFR,24.68,2026-03-13T19:35:36Z
XBI,121.84,2026-03-13T19:59:59Z
XBIL,50.105,2026-03-13T19:59:45Z
XBIO,2.65,2026-03-13T15:48:34Z
XBIT,2.32,2026-03-13T19:59:42Z
XBJA,31.51,2026-03-13T19:59:50Z
XBJL,38.16,2026-03-13T14:18:27Z
XBOC,33.38,2026-03-13T14:02:06Z
XBTY,7.7,2026-03-13T15:56:36Z
XCCC,36.165,2026-03-13T19:55:08Z
XCEM,40.76,2026-03-13T16:56:40Z
XCH,1.35,2026-03-13T19:59:35Z
XCUR,4.07,2026-03-13T15:53:43Z
XDEC,40.49,2026-03-13T15:49:48Z
XDIV,26.98,2026-03-13T17:04:41Z
XDQQ,38.46,2026-03-13T15:34:19Z
XDTE,37.51,2026-03-13T19:58:23Z
XEL,81.86,2026-03-13T19:59:54Z
XELB,1.45,2026-03-13T19:59:25Z
XELLL,24.8,2026-03-13T19:59:50Z
XEMD,44.15,2026-03-13T19:57:13Z
XENE,55.19,2026-03-13T19:59:50Z
XERS,5.46,2026-03-13T19:59:58Z
XES,110.43,2026-03-13T18:40:45Z
XFLT,3.23,2026-03-13T19:58:40Z
XFOR,3.685,2026-03-13T19:57:55Z
XGN,3.05,2026-03-13T19:59:33Z
XHB,100.53,2026-03-13T19:59:53Z
XHE,79.58,2026-03-13T19:20:11Z
XHLF,50.265,2026-03-13T19:22:51Z
XHR,14.15,2026-03-13T19:59:55Z
XIFR,10.315,2026-03-13T19:59:59Z
XIJN,30.64,2026-03-13T17:26:14Z
XIMR,30.98,2026-03-13T15:17:27Z
XISE,29.89,2026-03-13T19:36:54Z
XJH,45.2,2026-03-13T14:15:24Z
XJR,42.69,2026-03-13T16:59:05Z
XLB,49.19,2026-03-13T19:59:53Z
XLBI,23.72,2026-03-13T13:30:03Z
XLC,114.46,2026-03-13T19:59:59Z
XLE,57.69,2026-03-13T19:59:59Z
XLEI,27.03,2026-03-13T16:40:08Z
XLF,48.88,2026-03-13T19:59:58Z
XLG,55.765,2026-03-13T19:59:34Z
XLI,164.66,2026-03-13T19:59:59Z
XLK,136.79,2026-03-13T19:59:59Z
XLO,0.5104,2026-03-13T19:59:12Z
XLP,84.725,2026-03-13T19:59:58Z
XLRE,42.26,2026-03-13T19:59:56Z
XLSR,58.94,2026-03-13T19:45:28Z
XLU,46.96,2026-03-13T19:59:55Z
XLV,149.83,2026-03-13T19:59:59Z
XLVI,25.655,2026-03-13T14:48:32Z
XLY,110.89,2026-03-13T19:59:59Z
XLYI,22.83,2026-03-13T16:58:51Z
XMAR,40.35,2026-03-13T14:47:46Z
XME,109.08,2026-03-13T19:59:54Z
XMHQ,101.91,2026-03-13T17:58:53Z
XMLV,65.01,2026-03-13T18:40:58Z
XMMO,142.85,2026-03-13T19:57:45Z
XMTR,36.93,2026-03-13T19:59:51Z
XNCR,12.03,2026-03-13T19:59:58Z
XNET,7.005,2026-03-13T19:59:45Z
XNTK,264.76,2026-03-13T18:50:11Z
XOM,156.14,2026-03-13T19:59:55Z
XOMA,26.105,2026-03-13T18:32:04Z
XOMO,13.15,2026-03-13T19:11:11Z
XOMX,48.04,2026-03-13T19:17:01Z
XOP,167.92,2026-03-13T19:59:54Z
XOS,2,2026-03-13T19:33:29Z
XOVR,17.2,2026-03-13T19:59:51Z
XP,18.2,2026-03-13T19:59:55Z
XPAY,49.71,2026-03-13T18:28:02Z
XPEL,37.91,2026-03-13T19:57:54Z
XPER,5.69,2026-03-13T19:59:59Z
XPEV,19.99,2026-03-13T19:59:57Z
XPH,53.215,2026-03-13T15:07:16Z
XPL,0.8825,2026-03-13T19:59:29Z
XPO,181.8,2026-03-13T19:59:38Z
XPOF,5.76,2026-03-13T19:59:52Z
XPON,0.6741,2026-03-13T18:35:03Z
XPRO,16.16,2026-03-13T19:59:42Z
XQQI,45.875,2026-03-13T16:13:15Z
XRAY,11.55,2026-03-13T19:59:57Z
XRMI,17.47,2026-03-13T19:38:01Z
XRN,33.63,2026-03-13T19:59:31Z
XRN-B,24.99,2026-03-13T18:01:10Z
XRP,15.68,2026-03-13T19:59:50Z
XRPC,14.925,2026-03-13T19:57:56Z
XRPI,7.97,2026-03-13T19:59:03Z
XRPN,10.31,2026-03-13T17:33:02Z
XRPR,11.54,2026-03-13T16:30:13Z
XRPT,45.09,2026-03-13T19:03:42Z
XRPZ,15.21,2026-03-13T19:42:09Z
XRT,80.035,2026-03-13T19:59:55Z
XRTX,0.4,2026-03-13T14:53:10Z
XRX,1.665,2026-03-13T19:59:50Z
XRXDW,0.1424,2026-03-13T19:59:57Z
XSD,326.885,2026-03-13T16:58:51Z
XSHD,12.98,2026-03-13T18:26:11Z
XSLV,47.54,2026-03-13T19:57:05Z
XSMO,74.995,2026-03-13T19:57:40Z
XSOE,40.2,2026-03-13T19:59:46Z
XSPI,45.74,2026-03-13T17:58:12Z
XSVN,47.78,2026-03-13T16:08:20Z
XSW,149.61,2026-03-13T19:59:50Z
XT,69.07,2026-03-13T19:50:01Z
XTEN,45.88,2026-03-13T19:59:55Z
XTIA,2.74,2026-03-13T19:59:57Z
XTKG,1.145,2026-03-13T19:59:07Z
XTL,184.225,2026-03-13T17:12:18Z
XTN,87.77,2026-03-13T19:59:27Z
XTNT,0.662,2026-03-13T13:30:00Z
XTRE,49.53,2026-03-13T19:19:10Z
XV,24.18,2026-03-13T18:32:52Z
XVV,50.89,2026-03-13T14:08:11Z
XWEL,1.57,2026-03-13T19:59:32Z
XWIN,6.2,2026-03-13T19:59:46Z
XXI,6.85,2026-03-13T19:59:45Z
XXRP,4.31,2026-03-13T19:59:33Z
XXV,23.74,2026-03-13T19:40:12Z
XYF,4.71,2026-03-13T19:16:30Z
XYL,119.88,2026-03-13T19:59:56Z
XYLD,39.79,2026-03-13T19:59:55Z
XYZ,59.78,2026-03-13T19:59:51Z
XYZY,26.62,2026-03-13T19:30:24Z
XZO,15.64,2026-03-13T19:59:45Z
YALA,6.39,2026-03-13T19:56:45Z
YANG,28.93,2026-03-13T19:59:51Z
YBIT,24.99,2026-03-13T19:00:47Z
YCBD,0.72,2026-03-13T19:59:44Z
YCL,18.215,2026-03-13T19:57:40Z
YDDL,8.04,2026-03-13T17:33:57Z
YDEC,26.35,2026-03-13T14:08:53Z
YDKG,0.8336,2026-03-13T19:00:46Z
YEAR,50.42,2026-03-13T19:45:18Z
YELP,23.84,2026-03-13T19:59:58Z
YETH,11.5,2026-03-13T19:48:42Z
YETI,36.44,2026-03-13T19:59:50Z
YEXT,5.24,2026-03-13T19:59:56Z
YFFI,10.07,2026-03-13T19:23:10Z
YHC,0.6615,2026-03-13T18:20:44Z
YINN,34.39,2026-03-13T19:59:40Z
YJUN,25.69,2026-03-13T18:43:16Z
YLD,18.79,2026-03-13T19:59:58Z
YLDE,54.595,2026-03-13T19:28:39Z
YLDW,24.75,2026-03-13T15:57:58Z
YMAG,12.45,2026-03-13T19:55:22Z
YMAR,27.3,2026-03-13T16:36:47Z
YMAX,8.33,2026-03-13T19:59:59Z
YMM,8.81,2026-03-13T19:59:58Z
YMT,0.44,2026-03-13T19:37:48Z
YOKE,27.87,2026-03-13T19:54:18Z
YOLO,2.83,2026-03-13T18:48:20Z
YORW,31.46,2026-03-13T19:59:34Z
YOU,44.64,2026-03-13T19:59:27Z
YPF,38.26,2026-03-13T19:59:42Z
YQQQ,12.525,2026-03-13T16:48:01Z
YRD,3.56,2026-03-13T16:43:22Z
YSG,3.87,2026-03-13T19:03:24Z
YSPY,15.88,2026-03-13T19:42:18Z
YSS,19.92,2026-03-13T19:59:20Z
YSXT,1.315,2026-03-13T19:59:16Z
YUM,160.44,2026-03-13T19:59:52Z
YUMC,52.68,2026-03-13T19:59:45Z
YYAI,0.9151,2026-03-13T19:07:07Z
YYGH,0.049,2026-03-13T19:56:21Z
YYY,11.16,2026-03-13T19:58:46Z
Z,42.92,2026-03-13T19:59:56Z
ZALT,32.52,2026-03-13T18:00:23Z
ZAP,32.69,2026-03-13T19:16:15Z
ZBAO,0.918,2026-03-13T13:47:48Z
ZBH,93.21,2026-03-13T19:59:59Z
ZBIO,23.95,2026-03-13T19:59:56Z
ZBRA,202.75,2026-03-13T19:59:56Z
ZD,39.47,2026-03-13T19:59:52Z
ZDEK,25.7,2026-03-13T17:35:59Z
ZDGE,2.61,2026-03-13T19:45:03Z
ZECP,34.45,2026-03-13T14:53:09Z
ZENA,2.2,2026-03-13T19:59:59Z
ZENV,0.6091,2026-03-13T19:50:52Z
ZEO,0.95,2026-03-13T15:55:32Z
ZEPP,20.96,2026-03-13T19:59:23Z
ZETA,17.84,2026-03-13T19:59:59Z
ZEXIT,10,2026-03-13T13:30:00Z
ZG,42.135,2026-03-13T19:59:53Z
ZGN,9.7,2026-03-13T19:59:59Z
ZH,3.095,2026-03-13T19:59:50Z
ZIEXT,1,2026-03-13T13:30:00Z
ZIM,26.99,2026-03-13T19:59:50Z
ZION,53.1,2026-03-13T19:59:58Z
ZIONP,19.27,2026-03-13T19:44:40Z
ZIP,2.835,2026-03-13T19:59:56Z
ZJUN,26.94,2026-03-13T14:15:00Z
ZJYL,0.124,2026-03-13T19:58:40Z
ZKH,3.36,2026-03-13T14:56:38Z
ZLAB,18.34,2026-03-13T19:59:52Z
ZM,74.05,2026-03-13T19:59:48Z
ZMAR,27.59,2026-03-13T18:23:16Z
ZNB,5.78,2026-03-13T19:57:44Z
ZNOV,26.66,2026-03-13T17:03:24Z
ZNTL,2.72,2026-03-13T19:59:53Z
ZONE,0.3414,2026-03-13T19:59:05Z
ZOOZ,0.34,2026-03-13T19:01:28Z
ZROZ,63.84,2026-03-13T19:59:27Z
ZS,153.69,2026-03-13T19:59:59Z
ZSL,21.005,2026-03-13T19:59:50Z
ZSPC,0.2283,2026-03-13T19:56:57Z
ZTEK,0.6284,2026-03-13T19:59:41Z
ZTO,24.045,2026-03-13T19:59:55Z
ZTR,6.86,2026-03-13T18:17:17Z
ZTS,115.625,2026-03-13T19:59:50Z
ZUMZ,21.41,2026-03-13T19:59:15Z
ZURA,6.185,2026-03-13T19:59:20Z
ZVIA,1.29,2026-03-13T19:59:53Z
ZVOL,8.91,2026-03-13T19:59:46Z
ZVRA,9.99,2026-03-13T19:59:57Z
ZVZZT,16,2026-03-13T19:59:53Z
ZWS,45.725,2026-03-13T19:59:41Z
ZXIET,100,2026-03-13T13:30:00Z
ZYME,22.86,2026-03-13T19:59:47Z
