symbol,close,last_trade_utc
A,114.88,2026-04-28T19:59:54Z
AA,63.17,2026-04-28T19:59:50Z
AAAU,45.315,2026-04-28T19:59:41Z
AAL,11.65,2026-04-28T19:59:56Z
AALG,8.92,2026-04-28T14:24:03Z
AAMI,67.06,2026-04-28T19:56:00Z
AAOI,137.27,2026-04-28T19:59:35Z
AAON,88,2026-04-28T19:59:46Z
AAOX,40.74,2026-04-28T19:56:33Z
AAP,56.595,2026-04-28T19:59:50Z
AAPB,30.42,2026-04-28T18:22:12Z
AAPD,13.08,2026-04-28T19:59:59Z
AAPL,270.78,2026-04-28T19:59:55Z
AAPU,31.58,2026-04-28T19:59:49Z
AAPW,36.13,2026-04-28T15:59:18Z
AAPX,28.61,2026-04-28T18:09:17Z
AARD,5.6,2026-04-28T19:58:40Z
AAT,21.59,2026-04-28T19:59:59Z
AAUC,30.22,2026-04-28T19:59:59Z
AAUS,57.16,2026-04-28T13:49:30Z
AAXJ,107.76,2026-04-28T19:59:47Z
AB,38.525,2026-04-28T19:56:31Z
ABAT,3.3,2026-04-28T19:59:55Z
ABBV,197.53,2026-04-28T19:59:56Z
ABCB,85.75,2026-04-28T19:59:40Z
ABCL,4.165,2026-04-28T19:59:59Z
ABEO,5.365,2026-04-28T19:59:51Z
ABEQ,37.64,2026-04-28T19:59:46Z
ABEV,2.9,2026-04-28T19:59:42Z
ABG,200.48,2026-04-28T19:59:27Z
ABM,40.465,2026-04-28T19:59:37Z
ABNB,139.035,2026-04-28T19:59:54Z
ABOS,2.465,2026-04-28T19:59:38Z
ABR,8.06,2026-04-28T19:59:56Z
ABSI,4.86,2026-04-28T19:59:54Z
ABT,93.855,2026-04-28T19:59:58Z
ABTC,1.165,2026-04-28T19:59:52Z
ABUS,4.145,2026-04-28T19:59:52Z
ABVC,1.075,2026-04-28T19:40:22Z
ABVE,0.4555,2026-04-28T19:34:24Z
ABVX,109.825,2026-04-28T19:59:41Z
ABX,9.46,2026-04-28T19:59:18Z
ACA,117.7,2026-04-28T19:59:55Z
ACAD,22.69,2026-04-28T19:59:58Z
ACB,3.415,2026-04-28T19:59:56Z
ACCO,3.365,2026-04-28T19:59:58Z
ACDC,7.285,2026-04-28T19:59:44Z
ACEL,12.185,2026-04-28T19:59:52Z
ACES,35.13,2026-04-28T14:00:02Z
ACET,7.76,2026-04-28T19:57:50Z
ACGL,97.07,2026-04-28T19:59:54Z
ACGLN,17.15,2026-04-28T18:19:28Z
ACGLO,20.5,2026-04-28T19:55:34Z
ACH,3.83,2026-04-28T19:59:52Z
ACHC,27.6,2026-04-28T19:59:57Z
ACHR,5.83,2026-04-28T19:59:54Z
ACHV,4.265,2026-04-28T19:59:59Z
ACI,16.56,2026-04-28T19:59:57Z
ACIC,12.27,2026-04-28T19:58:45Z
ACIO,44.975,2026-04-28T19:58:54Z
ACIU,3.03,2026-04-28T19:59:56Z
ACIW,43.95,2026-04-28T19:59:52Z
ACLS,134.04,2026-04-28T19:59:52Z
ACM,81.1,2026-04-28T19:59:37Z
ACMR,49.46,2026-04-28T19:59:59Z
ACN,177.75,2026-04-28T19:59:58Z
ACNB,52.37,2026-04-28T19:56:17Z
ACNT,14.69,2026-04-28T19:59:45Z
ACOG,6.3,2026-04-28T18:49:32Z
ACON,3.375,2026-04-28T16:58:11Z
ACP,5.38,2026-04-28T19:55:23Z
ACRE,5.35,2026-04-28T19:59:59Z
ACRS,4.225,2026-04-28T19:59:58Z
ACRV,1.91,2026-04-28T19:59:59Z
ACT,44.005,2026-04-28T19:59:54Z
ACTG,4.95,2026-04-28T19:59:56Z
ACTU,2.905,2026-04-28T19:59:43Z
ACU,41.54,2026-04-28T14:36:23Z
ACV,26.135,2026-04-28T17:09:15Z
ACVA,5.01,2026-04-28T19:59:57Z
ACWI,149.59,2026-04-28T19:59:58Z
ACWV,120.16,2026-04-28T19:50:00Z
ACWX,72.65,2026-04-28T19:59:54Z
ACXP,2.01,2026-04-28T18:26:39Z
ACYN,20.775,2026-04-28T19:55:45Z
ACYS,20.17,2026-04-28T15:15:21Z
AD,48.145,2026-04-28T19:59:14Z
ADAG,3.49,2026-04-28T18:23:51Z
ADAM,8.135,2026-04-28T19:59:58Z
ADAMO,24.89,2026-04-28T19:53:39Z
ADBE,243.08,2026-04-28T19:59:55Z
ADBG,4.47,2026-04-28T19:35:38Z
ADBU,25.05,2026-04-28T15:03:27Z
ADC,76.84,2026-04-28T19:59:52Z
ADC-A,17.1,2026-04-28T15:42:54Z
ADCT,3.78,2026-04-28T19:59:48Z
ADEA,30.235,2026-04-28T19:59:47Z
ADGM,1.09,2026-04-28T19:59:38Z
ADI,383.065,2026-04-28T19:59:51Z
ADIL,1.555,2026-04-28T17:13:36Z
ADM,72.775,2026-04-28T19:59:43Z
ADMA,10.89,2026-04-28T19:59:54Z
ADNT,21.17,2026-04-28T19:59:50Z
ADP,199.22,2026-04-28T19:59:55Z
ADPT,14.04,2026-04-28T19:59:52Z
ADSK,234.795,2026-04-28T19:59:59Z
ADT,7.19,2026-04-28T19:59:58Z
ADTN,16.15,2026-04-28T19:59:48Z
ADTX,0.2196,2026-04-28T19:56:53Z
ADUR,12.01,2026-04-28T19:59:45Z
ADUS,98.92,2026-04-28T19:59:50Z
ADV,36.2,2026-04-28T19:55:58Z
ADX,24.015,2026-04-28T19:58:58Z
ADXN,6.5,2026-04-28T15:38:20Z
AEBI,11.39,2026-04-28T19:59:21Z
AEC,5.1,2026-04-28T14:52:25Z
AEE,112.15,2026-04-28T19:59:52Z
AEF,8.975,2026-04-28T19:57:57Z
AEFC,19.54,2026-04-28T18:49:05Z
AEG,8.095,2026-04-28T19:59:53Z
AEHL,0.5175,2026-04-28T15:58:12Z
AEHR,82.39,2026-04-28T19:59:28Z
AEIS,369.08,2026-04-28T19:59:51Z
AEM,189.16,2026-04-28T19:59:50Z
AENT,7.49,2026-04-28T19:42:49Z
AEO,17.36,2026-04-28T19:59:56Z
AEP,135.595,2026-04-28T19:59:54Z
AER,137.09,2026-04-28T19:59:53Z
AERO,14.735,2026-04-28T19:59:54Z
AERT,0.5856,2026-04-28T19:59:50Z
AES,14.475,2026-04-28T19:59:58Z
AESI,17.1,2026-04-28T19:59:54Z
AESR,18.68,2026-04-28T18:06:30Z
AEVA,15.62,2026-04-28T19:59:48Z
AEXA,11.165,2026-04-28T19:55:35Z
AEYE,7.16,2026-04-28T19:59:49Z
AFB,11.205,2026-04-28T19:57:03Z
AFBI,22.425,2026-04-28T19:14:06Z
AFCG,2.935,2026-04-28T19:59:47Z
AFG,131.27,2026-04-28T19:59:42Z
AFGB,21.29,2026-04-28T18:08:50Z
AFGC,18.72,2026-04-28T18:59:57Z
AFIF,9.45,2026-04-28T19:59:45Z
AFL,116.27,2026-04-28T19:59:48Z
AFLG,41.8,2026-04-28T19:29:31Z
AFMC,38.25,2026-04-28T19:55:32Z
AFRIW,0.8175,2026-04-28T19:59:43Z
AFRM,63.13,2026-04-28T19:59:55Z
AFRU,8.605,2026-04-28T19:51:41Z
AFSM,36.36,2026-04-28T19:38:10Z
AFYA,14.23,2026-04-28T19:57:50Z
AG,19.495,2026-04-28T19:59:59Z
AGAE,0.5075,2026-04-28T19:59:53Z
AGBK,7.52,2026-04-28T19:59:33Z
AGCC,18.72,2026-04-28T19:22:24Z
AGCO,115.32,2026-04-28T19:59:40Z
AGD,12.07,2026-04-28T14:36:20Z
AGEN,3.895,2026-04-28T19:59:48Z
AGG,99.41,2026-04-28T19:59:59Z
AGGH,20.36,2026-04-28T19:59:50Z
AGGY,43.58,2026-04-28T19:54:56Z
AGH,3.92,2026-04-28T19:59:48Z
AGI,41.695,2026-04-28T19:59:57Z
AGIG,1.23,2026-04-28T19:59:45Z
AGIO,24.775,2026-04-28T19:59:35Z
AGIX,38.7,2026-04-28T19:29:45Z
AGL,27.92,2026-04-28T19:59:59Z
AGM,177.505,2026-04-28T18:06:26Z
AGM-D,20.695,2026-04-28T15:32:18Z
AGMB,10.6,2026-04-28T19:49:31Z
AGMH,0.8425,2026-04-28T18:53:23Z
AGMI,67.67,2026-04-28T19:59:19Z
AGNC,11.085,2026-04-28T19:59:49Z
AGNCL,24.97,2026-04-28T19:12:47Z
AGNCN,25.74,2026-04-28T18:33:52Z
AGNCZ,25.4,2026-04-28T19:12:25Z
AGNG,34.86,2026-04-28T17:10:47Z
AGO,83.51,2026-04-28T19:59:49Z
AGOX,31.54,2026-04-28T15:03:16Z
AGPU,5.96,2026-04-28T19:59:41Z
AGQ,110.55,2026-04-28T19:59:38Z
AGRO,13.69,2026-04-28T19:59:58Z
AGRZ,0.3787,2026-04-28T14:53:22Z
AGX,630.86,2026-04-28T19:57:57Z
AGYS,66.52,2026-04-28T19:56:32Z
AHCO,13.38,2026-04-28T19:59:55Z
AHMA,1.03,2026-04-28T19:58:42Z
AHR,50.3,2026-04-28T19:59:51Z
AHRT,6.2,2026-04-28T19:59:57Z
AI,8.98,2026-04-28T19:59:58Z
AIA,122.145,2026-04-28T19:59:06Z
AIB,1.445,2026-04-28T19:53:24Z
AIFF,2.11,2026-04-28T19:59:43Z
AIG,74.17,2026-04-28T19:59:57Z
AIHS,1.255,2026-04-28T19:58:44Z
AII,19.78,2026-04-28T19:50:45Z
AIIO,0.6323,2026-04-28T18:26:36Z
AIMD,1.86,2026-04-28T13:34:38Z
AIN,54.92,2026-04-28T19:57:14Z
AIO,24.53,2026-04-28T19:59:30Z
AIOT,3.09,2026-04-28T19:59:58Z
AIP,25.63,2026-04-28T19:59:47Z
AIPI,35.62,2026-04-28T18:41:30Z
AIPO,29.69,2026-04-28T19:55:15Z
AIQ,54.49,2026-04-28T19:59:48Z
AIR,108.9,2026-04-28T19:59:37Z
AIRE,0.1799,2026-04-28T19:59:44Z
AIRG,6.72,2026-04-28T19:53:23Z
AIRI,3.13,2026-04-28T19:56:07Z
AIRJ,3.155,2026-04-28T19:59:34Z
AIRO,7.96,2026-04-28T19:58:54Z
AIRR,123.59,2026-04-28T19:59:50Z
AIRS,2.475,2026-04-28T19:59:57Z
AIS,55.97,2026-04-28T19:58:13Z
AISP,2.255,2026-04-28T19:59:21Z
AIT,301.08,2026-04-28T19:59:51Z
AIV,4.26,2026-04-28T19:59:49Z
AIVI,55.775,2026-04-28T19:52:54Z
AIXI,0.7197,2026-04-28T19:58:15Z
AIYY,9.75,2026-04-28T19:59:45Z
AIZ,235.45,2026-04-28T19:59:52Z
AIZN,19.66,2026-04-28T19:55:41Z
AJG,213.44,2026-04-28T19:59:53Z
AKAM,95.43,2026-04-28T19:59:49Z
AKAN,17.5,2026-04-28T19:59:52Z
AKBA,1.43,2026-04-28T19:59:55Z
AKR,21.21,2026-04-28T19:59:57Z
AKRE,53.57,2026-04-28T19:59:55Z
AKTS,18.66,2026-04-28T19:59:55Z
AKTX,5.72,2026-04-28T14:41:37Z
ALAB,183.24,2026-04-28T19:59:59Z
ALAI,39.06,2026-04-28T18:19:55Z
ALB,186.965,2026-04-28T19:59:50Z
ALBG,16.66,2026-04-28T13:35:24Z
ALBT,0.4062,2026-04-28T19:59:25Z
ALC,75.39,2026-04-28T19:59:46Z
ALDF,10.62,2026-04-28T13:56:54Z
ALDFU,10.75,2026-04-28T13:55:23Z
ALDX,1.58,2026-04-28T19:59:51Z
ALEC,2.395,2026-04-28T19:59:04Z
ALG,169.355,2026-04-28T19:57:06Z
ALGM,41.11,2026-04-28T19:59:54Z
ALGN,177.27,2026-04-28T19:59:57Z
ALGS,6.26,2026-04-28T17:16:11Z
ALGT,77.8,2026-04-28T19:56:50Z
ALH,25.26,2026-04-28T19:59:52Z
ALHC,21.895,2026-04-28T19:59:55Z
ALIT,0.7329,2026-04-28T19:59:55Z
ALK,39.79,2026-04-28T19:59:53Z
ALKS,34.145,2026-04-28T19:59:57Z
ALKT,16.25,2026-04-28T19:59:50Z
ALL,216.32,2026-04-28T19:59:46Z
ALL-H,20.94,2026-04-28T18:59:11Z
ALL-J,25.895,2026-04-28T19:52:50Z
ALLE,137.87,2026-04-28T19:59:50Z
ALLO,2.185,2026-04-28T19:59:52Z
ALLR,1.375,2026-04-28T19:55:13Z
ALLT,7.12,2026-04-28T19:59:55Z
ALLW,29.71,2026-04-28T19:58:27Z
ALLY,44.415,2026-04-28T19:59:53Z
ALM,20.77,2026-04-28T19:59:50Z
ALMR,26.13,2026-04-28T19:59:55Z
ALMS,24.03,2026-04-28T19:59:55Z
ALMU,18.93,2026-04-28T19:59:50Z
ALNT,74.495,2026-04-28T19:54:50Z
ALNY,302.195,2026-04-28T19:59:56Z
ALOY,9,2026-04-28T19:59:48Z
ALP,0.2409,2026-04-28T19:59:35Z
ALRM,45.045,2026-04-28T19:59:50Z
ALRS,26.015,2026-04-28T19:59:46Z
ALSN,130.13,2026-04-28T19:59:42Z
ALT,2.725,2026-04-28T19:59:50Z
ALTG,8.08,2026-04-28T19:59:17Z
ALTI,3.75,2026-04-28T19:58:13Z
ALTL,44.42,2026-04-28T13:58:51Z
ALTO,5.275,2026-04-28T19:59:33Z
ALTS,0.8525,2026-04-28T19:59:14Z
ALTY,12.39,2026-04-28T16:40:46Z
ALV,114.92,2026-04-28T19:59:37Z
ALVO,3.52,2026-04-28T19:59:58Z
ALX,248.87,2026-04-28T18:58:30Z
ALXO,1.645,2026-04-28T19:59:57Z
ALZN,1.08,2026-04-28T16:51:24Z
AM,21.87,2026-04-28T19:59:59Z
AMAL,41.15,2026-04-28T19:59:29Z
AMAT,380.81,2026-04-28T19:59:53Z
AMBA,63.79,2026-04-28T19:59:30Z
AMBO,2.35,2026-04-28T14:21:15Z
AMBP,3.9,2026-04-28T19:59:55Z
AMBQ,34.66,2026-04-28T19:59:29Z
AMBR,2.38,2026-04-28T18:28:22Z
AMC,1.63,2026-04-28T19:59:53Z
AMCI,7.06,2026-04-28T19:53:58Z
AMCR,38.55,2026-04-28T19:59:57Z
AMCX,8.58,2026-04-28T19:59:48Z
AMD,323.08,2026-04-28T19:59:59Z
AMDD,5.43,2026-04-28T19:59:46Z
AMDG,50.19,2026-04-28T19:50:00Z
AMDL,29.54,2026-04-28T19:59:52Z
AMDW,65.95,2026-04-28T15:23:38Z
AMDY,42.63,2026-04-28T19:59:45Z
AME,229,2026-04-28T19:59:57Z
AMG,292.92,2026-04-28T19:59:39Z
AMGN,339.55,2026-04-28T19:59:56Z
AMH,31.5,2026-04-28T19:59:55Z
AMH-G,22.58,2026-04-28T15:32:54Z
AMIX,0.3797,2026-04-28T19:34:25Z
AMJB,34.4,2026-04-28T14:15:00Z
AMKR,71.345,2026-04-28T19:59:54Z
AMLP,52.58,2026-04-28T19:59:53Z
AMLX,16.315,2026-04-28T19:59:42Z
AMN,20.94,2026-04-28T19:59:44Z
AMOD,0.25,2026-04-28T18:39:38Z
AMP,475.42,2026-04-28T19:59:53Z
AMPG,1.945,2026-04-28T19:59:56Z
AMPH,21.85,2026-04-28T19:59:52Z
AMPL,7.07,2026-04-28T19:59:59Z
AMPX,19.69,2026-04-28T19:59:57Z
AMPX+,9.19,2026-04-28T13:56:31Z
AMPY,6.18,2026-04-28T19:59:58Z
AMR,194.9,2026-04-28T19:58:50Z
AMRC,27.73,2026-04-28T19:59:36Z
AMRN,14,2026-04-28T19:38:53Z
AMRX,12.74,2026-04-28T19:59:57Z
AMRZ,57.49,2026-04-28T19:59:58Z
AMS,1.325,2026-04-28T19:56:33Z
AMSC,47.47,2026-04-28T19:59:52Z
AMSF,31.75,2026-04-28T19:59:56Z
AMST,0.97,2026-04-28T19:47:35Z
AMT,178.31,2026-04-28T19:59:48Z
AMTB,22.81,2026-04-28T19:59:50Z
AMTM,25.905,2026-04-28T19:59:54Z
AMTX,2.75,2026-04-28T19:59:55Z
AMUU,103.35,2026-04-28T19:55:17Z
AMWD,45.9,2026-04-28T19:59:41Z
AMWL,6.25,2026-04-28T19:41:02Z
AMX,26.185,2026-04-28T19:59:50Z
AMYY,15.92,2026-04-28T19:59:24Z
AMZA,46.35,2026-04-28T17:14:02Z
AMZD,8.78,2026-04-28T19:59:03Z
AMZE,0.1424,2026-04-28T19:51:10Z
AMZN,259.71,2026-04-28T19:59:56Z
AMZP,29.07,2026-04-28T14:00:32Z
AMZU,41.075,2026-04-28T19:57:38Z
AMZW,42.57,2026-04-28T16:57:47Z
AMZY,12.435,2026-04-28T19:58:44Z
AMZZ,37.7,2026-04-28T19:59:41Z
AN,200.95,2026-04-28T19:59:07Z
ANAB,66.28,2026-04-28T19:59:37Z
ANDE,76.69,2026-04-28T19:57:28Z
ANDG,35.5,2026-04-28T19:59:38Z
ANEL,21.92,2026-04-28T14:46:53Z
ANET,165.33,2026-04-28T19:59:53Z
ANF,85.21,2026-04-28T19:59:54Z
ANG-D,24.81,2026-04-28T14:55:42Z
ANGI,7.43,2026-04-28T19:59:51Z
ANGL,29.265,2026-04-28T19:59:45Z
ANGO,10.99,2026-04-28T19:59:56Z
ANGX,2.41,2026-04-28T19:59:50Z
ANIK,15.27,2026-04-28T19:59:58Z
ANIP,78.595,2026-04-28T19:59:21Z
ANIX,3.03,2026-04-28T19:52:47Z
ANL,12.17,2026-04-28T19:59:51Z
ANNA,3.795,2026-04-28T19:52:30Z
ANNX,6.01,2026-04-28T19:59:59Z
ANPA,6.8,2026-04-28T17:44:49Z
ANRO,24.48,2026-04-28T19:57:31Z
ANTX,4.71,2026-04-28T19:59:50Z
ANVS,1.87,2026-04-28T19:59:58Z
ANY,1.4,2026-04-28T19:59:56Z
AOA,93.82,2026-04-28T18:23:08Z
AOD,10.005,2026-04-28T19:59:42Z
AOK,40.865,2026-04-28T19:58:01Z
AOM,48.71,2026-04-28T19:02:04Z
AOMR,9.2,2026-04-28T14:09:36Z
AON,321.695,2026-04-28T19:59:55Z
AOR,67.265,2026-04-28T19:50:01Z
AORT,36.29,2026-04-28T19:59:50Z
AOS,63.92,2026-04-28T19:59:51Z
AOSL,39.63,2026-04-28T19:59:27Z
AOUT,9.625,2026-04-28T19:53:50Z
AP,10.08,2026-04-28T19:58:29Z
APA,38.66,2026-04-28T19:59:59Z
APAD,10.26,2026-04-28T19:46:21Z
APADR,0.8,2026-04-28T15:46:25Z
APAM,37.82,2026-04-28T19:59:50Z
APC,18.235,2026-04-28T18:47:50Z
APCB,29.505,2026-04-28T17:26:45Z
APD,303.285,2026-04-28T19:59:43Z
APEI,57.42,2026-04-28T19:59:08Z
APG,48.7,2026-04-28T19:59:56Z
APGE,85.21,2026-04-28T19:59:50Z
APH,143.76,2026-04-28T19:59:54Z
API,3.435,2026-04-28T19:57:32Z
APIE,37.085,2026-04-28T17:28:29Z
APLD,32.12,2026-04-28T19:59:56Z
APLE,13.39,2026-04-28T19:59:55Z
APLS,41,2026-04-28T19:59:59Z
APLU,24.735,2026-04-28T19:55:04Z
APLX,18.42,2026-04-28T19:57:27Z
APLY,11.99,2026-04-28T19:54:50Z
APLZ,9.26,2026-04-28T19:52:20Z
APM,0.89,2026-04-28T17:03:01Z
APMU,25.04,2026-04-28T19:59:46Z
APO,123.575,2026-04-28T19:59:54Z
APO-A,63.88,2026-04-28T17:19:39Z
APOG,36.99,2026-04-28T19:57:55Z
APOS,25.89,2026-04-28T14:08:38Z
APP,449.035,2026-04-28T19:59:58Z
APPF,168.84,2026-04-28T19:59:43Z
APPN,21.765,2026-04-28T19:59:39Z
APPS,3.445,2026-04-28T19:59:58Z
APPX,33.83,2026-04-28T18:41:22Z
APRB,26.27,2026-04-28T14:14:08Z
APRE,0.8396,2026-04-28T19:57:19Z
APRH,25.05,2026-04-28T16:17:35Z
APRJ,24.85,2026-04-28T17:22:44Z
APRW,36.51,2026-04-28T18:03:13Z
APTV,59.12,2026-04-28T19:59:50Z
APUE,43.61,2026-04-28T17:02:38Z
APXM,31.45,2026-04-28T19:26:59Z
APYX,3.69,2026-04-28T19:59:31Z
AQEC,24.22,2026-04-28T18:09:21Z
AQLT,30.05,2026-04-28T16:50:40Z
AQMS,4.745,2026-04-28T17:29:02Z
AQN,6.255,2026-04-28T19:59:04Z
AQNB,25.98,2026-04-28T18:27:45Z
AQST,4.095,2026-04-28T19:59:51Z
AQWA,19.475,2026-04-28T17:25:25Z
AR,38.55,2026-04-28T19:59:57Z
ARAI,0.7247,2026-04-28T19:59:23Z
ARAY,0.4356,2026-04-28T19:59:39Z
ARB,29.475,2026-04-28T19:17:09Z
ARBE,0.7614,2026-04-28T19:59:16Z
ARCB,127.585,2026-04-28T19:59:57Z
ARCC,18.94,2026-04-28T19:59:56Z
ARCO,9.075,2026-04-28T19:59:54Z
ARCT,8.87,2026-04-28T19:59:36Z
ARDC,12.495,2026-04-28T19:50:03Z
ARDT,9.69,2026-04-28T19:59:51Z
ARDX,5.975,2026-04-28T19:59:58Z
ARE,40.39,2026-04-28T19:59:54Z
AREB,0.5891,2026-04-28T19:59:52Z
AREC,2.15,2026-04-28T19:59:38Z
AREN,2.32,2026-04-28T15:44:26Z
ARES,112.975,2026-04-28T19:59:55Z
ARES-B,37.79,2026-04-28T14:43:53Z
ARGT,91.39,2026-04-28T19:54:40Z
ARGX,774.18,2026-04-28T19:59:57Z
ARHS,7.53,2026-04-28T19:59:59Z
ARI,11.07,2026-04-28T19:59:57Z
ARIS,17.89,2026-04-28T19:59:59Z
ARKB,25.31,2026-04-28T19:47:00Z
ARKD,19.65,2026-04-28T14:37:54Z
ARKF,41.9,2026-04-28T19:33:23Z
ARKG,29.57,2026-04-28T19:59:51Z
ARKK,75.46,2026-04-28T19:59:58Z
ARKO,6.58,2026-04-28T19:59:50Z
ARKQ,126.955,2026-04-28T19:59:52Z
ARKW,137,2026-04-28T18:50:33Z
ARKX,32.645,2026-04-28T19:58:58Z
ARLO,14,2026-04-28T19:59:58Z
ARLP,26.5,2026-04-28T19:59:50Z
ARM,198.58,2026-04-28T19:59:59Z
ARMG,15.645,2026-04-28T19:57:33Z
ARMK,45.44,2026-04-28T19:59:55Z
ARMP,9.625,2026-04-28T19:50:06Z
ARMW,43.78,2026-04-28T13:31:09Z
AROC,37.995,2026-04-28T19:59:53Z
AROW,36.95,2026-04-28T17:42:44Z
ARQ,2.27,2026-04-28T19:59:59Z
ARQQ,14.16,2026-04-28T19:59:25Z
ARQT,23.3,2026-04-28T19:59:33Z
ARR,17.61,2026-04-28T19:59:59Z
ARRY,7.93,2026-04-28T19:59:49Z
ARTL,3.58,2026-04-28T19:55:03Z
ARTNA,31.665,2026-04-28T16:14:52Z
ARTV,9.08,2026-04-28T19:59:42Z
ARTY,59.85,2026-04-28T19:58:10Z
ARVN,10.21,2026-04-28T19:59:57Z
ARW,184.04,2026-04-28T19:59:42Z
ARWR,70.15,2026-04-28T19:59:52Z
ARX,13.4,2026-04-28T19:59:44Z
ARXS,35,2026-04-28T19:59:55Z
AS,34.82,2026-04-28T19:59:49Z
ASA,63.735,2026-04-28T19:58:38Z
ASAN,6.34,2026-04-28T19:59:57Z
ASB,28.15,2026-04-28T19:59:59Z
ASB-E,20.96,2026-04-28T15:34:05Z
ASB-F,20.44,2026-04-28T19:37:33Z
ASBA,24.9,2026-04-28T19:57:47Z
ASBP,0.2051,2026-04-28T19:59:12Z
ASC,17.13,2026-04-28T19:59:59Z
ASCE,30.71,2026-04-28T19:56:01Z
ASG,5.17,2026-04-28T19:58:32Z
ASGI,23.47,2026-04-28T19:52:30Z
ASH,57.04,2026-04-28T19:59:50Z
ASHR,34.62,2026-04-28T19:59:45Z
ASIC,20,2026-04-28T19:43:17Z
ASIX,23.69,2026-04-28T19:59:44Z
ASLE,6.84,2026-04-28T19:59:39Z
ASM,6.41,2026-04-28T19:59:54Z
ASMB,26.95,2026-04-28T19:57:23Z
ASML,1385.44,2026-04-28T19:59:39Z
ASMU,22.44,2026-04-28T19:59:55Z
ASND,222.05,2026-04-28T19:59:56Z
ASO,54.33,2026-04-28T19:59:38Z
ASPI,5.225,2026-04-28T19:59:53Z
ASPN,3.605,2026-04-28T19:59:56Z
ASR,304.72,2026-04-28T19:58:31Z
ASRT,18.04,2026-04-28T19:59:50Z
ASST,15.29,2026-04-28T19:59:56Z
ASTE,60.66,2026-04-28T19:59:12Z
ASTH,34.88,2026-04-28T19:59:47Z
ASTI,4.4,2026-04-28T19:59:48Z
ASTL,4.62,2026-04-28T19:59:56Z
ASTN,16.85,2026-04-28T18:23:08Z
ASTS,71.92,2026-04-28T19:59:59Z
ASTX,25.51,2026-04-28T19:58:07Z
ASUR,9.21,2026-04-28T19:58:17Z
ASX,30.07,2026-04-28T19:59:59Z
ASYS,16.7,2026-04-28T19:57:29Z
ATAI,4.32,2026-04-28T19:59:58Z
ATAT,37.35,2026-04-28T19:59:50Z
ATCH,0.3107,2026-04-28T19:59:52Z
ATCL,25,2026-04-28T15:37:07Z
ATCX,5.375,2026-04-28T19:56:03Z
ATEC,9.34,2026-04-28T19:59:58Z
ATEN,28.14,2026-04-28T19:59:53Z
ATER,1.105,2026-04-28T19:59:47Z
ATEX,47.77,2026-04-28T19:59:45Z
ATH-A,24.035,2026-04-28T19:18:35Z
ATH-B,19.25,2026-04-28T14:46:11Z
ATHM,18.28,2026-04-28T19:59:50Z
ATI,151.68,2026-04-28T19:59:55Z
ATII,10.62,2026-04-28T17:41:42Z
ATKR,78.02,2026-04-28T19:59:40Z
ATLC,79.305,2026-04-28T19:58:43Z
ATLN,2.085,2026-04-28T19:59:59Z
ATLO,28.59,2026-04-28T19:59:28Z
ATLX,4.61,2026-04-28T19:57:41Z
ATMP,34.12,2026-04-28T19:14:26Z
ATMU,61.34,2026-04-28T19:59:58Z
ATNI,28.645,2026-04-28T18:52:27Z
ATNM,1.2,2026-04-28T18:28:45Z
ATO,187.21,2026-04-28T19:59:34Z
ATOM,7.315,2026-04-28T19:59:52Z
ATR,125.795,2026-04-28T19:59:55Z
ATRA,4.75,2026-04-28T19:59:32Z
ATRC,28.475,2026-04-28T19:59:35Z
ATRO,71.58,2026-04-28T19:59:34Z
ATS,31.81,2026-04-28T19:56:03Z
ATXG,5.27,2026-04-28T16:11:10Z
ATYR,0.7974,2026-04-28T19:59:53Z
AU,93.935,2026-04-28T19:59:55Z
AUAU,38.23,2026-04-28T16:01:46Z
AUB,38.08,2026-04-28T19:59:50Z
AUDC,8.74,2026-04-28T19:34:02Z
AUGO,83.5,2026-04-28T19:59:52Z
AUGT,36.85,2026-04-28T14:16:17Z
AUGW,33.32,2026-04-28T15:20:36Z
AUID,1.14,2026-04-28T17:13:20Z
AUNA,5.29,2026-04-28T19:52:37Z
AUPH,16.05,2026-04-28T19:59:59Z
AUR,4.95,2026-04-28T19:59:56Z
AURA,6.925,2026-04-28T19:59:31Z
AUSF,48.86,2026-04-28T18:12:14Z
AUST,1.3,2026-04-28T19:16:09Z
AUTL,1.475,2026-04-28T19:59:46Z
AUUD,1.715,2026-04-28T19:59:40Z
AVA,41.19,2026-04-28T19:59:28Z
AVAH,6.685,2026-04-28T19:59:50Z
AVAL,4.52,2026-04-28T19:58:10Z
AVAV,192.52,2026-04-28T19:59:54Z
AVB,183.48,2026-04-28T19:59:55Z
AVBC,20.92,2026-04-28T19:19:45Z
AVBH,30.33,2026-04-28T19:59:55Z
AVBP,30,2026-04-28T19:58:52Z
AVD,2.86,2026-04-28T19:59:46Z
AVDE,88.4,2026-04-28T19:59:50Z
AVDS,75.82,2026-04-28T19:36:09Z
AVDV,104.675,2026-04-28T19:59:52Z
AVEE,69.88,2026-04-28T18:35:56Z
AVEM,88.825,2026-04-28T19:59:36Z
AVES,64.425,2026-04-28T19:59:00Z
AVEX,29.615,2026-04-28T19:58:55Z
AVGE,94.46,2026-04-28T19:52:31Z
AVGG,33.24,2026-04-28T19:54:00Z
AVGO,399.83,2026-04-28T19:59:59Z
AVGU,42.695,2026-04-28T19:52:36Z
AVGX,57.07,2026-04-28T19:54:59Z
AVIG,41.625,2026-04-28T19:57:07Z
AVIR,5.58,2026-04-28T19:59:33Z
AVIV,76.955,2026-04-28T19:55:19Z
AVK,12.285,2026-04-28T19:09:45Z
AVL,53.65,2026-04-28T19:59:06Z
AVLC,84.435,2026-04-28T19:45:28Z
AVLV,85.53,2026-04-28T19:50:51Z
AVMV,78.09,2026-04-28T18:20:33Z
AVNM,80.63,2026-04-28T19:23:56Z
AVNS,24.63,2026-04-28T19:59:59Z
AVNT,36.865,2026-04-28T19:59:45Z
AVNW,21.41,2026-04-28T19:56:20Z
AVO,13.74,2026-04-28T19:59:58Z
AVPT,10.02,2026-04-28T19:59:59Z
AVR,5.685,2026-04-28T19:59:55Z
AVRY,23.57,2026-04-28T19:58:08Z
AVS,7.835,2026-04-28T19:59:18Z
AVSC,67.71,2026-04-28T18:59:35Z
AVT,78.31,2026-04-28T19:59:51Z
AVTR,7.86,2026-04-28T19:59:59Z
AVTX,12.82,2026-04-28T19:59:54Z
AVUQ,63.48,2026-04-28T17:04:38Z
AVUS,120.87,2026-04-28T19:59:45Z
AVUV,119.48,2026-04-28T19:59:13Z
AVX,0.5,2026-04-28T19:15:28Z
AVXL,3.38,2026-04-28T19:59:47Z
AVXX,10.9,2026-04-28T17:55:44Z
AVY,166.62,2026-04-28T19:59:50Z
AWF,10.44,2026-04-28T19:59:17Z
AWI,169.52,2026-04-28T19:59:21Z
AWK,132.69,2026-04-28T19:59:55Z
AWP,11.955,2026-04-28T19:58:36Z
AWR,79.56,2026-04-28T19:57:58Z
AX,98.89,2026-04-28T19:59:59Z
AXG,4.15,2026-04-28T19:59:32Z
AXGN,41.95,2026-04-28T19:59:59Z
AXIA,12.515,2026-04-28T19:59:53Z
AXIA-C,11.89,2026-04-28T19:52:32Z
AXON,406.62,2026-04-28T19:59:44Z
AXP,315.4,2026-04-28T19:59:59Z
AXS,100.345,2026-04-28T19:59:52Z
AXSM,184.78,2026-04-28T19:58:30Z
AXTA,28.54,2026-04-28T19:59:54Z
AXTI,68.715,2026-04-28T19:59:51Z
AXTX,20.81,2026-04-28T17:29:20Z
AYI,285.19,2026-04-28T19:59:46Z
AZ,7.21,2026-04-28T19:59:36Z
AZI,1.285,2026-04-28T19:17:07Z
AZN,186.735,2026-04-28T19:59:54Z
AZO,3565.5,2026-04-28T19:59:54Z
AZTA,24.24,2026-04-28T19:59:48Z
AZTR,0.2479,2026-04-28T19:48:52Z
AZZ,141.525,2026-04-28T19:59:54Z
B,39.17,2026-04-28T19:59:59Z
BA,230.7,2026-04-28T19:59:56Z
BA-A,73.19,2026-04-28T19:56:25Z
BAB,26.89,2026-04-28T19:50:13Z
BABA,130.84,2026-04-28T19:59:58Z
BABU,14.45,2026-04-28T19:59:50Z
BABX,26.36,2026-04-28T19:53:28Z
BAC,52.69,2026-04-28T19:59:59Z
BAC-E,19.4,2026-04-28T15:43:09Z
BAC-L,1223.985,2026-04-28T19:49:20Z
BAC-O,17.625,2026-04-28T19:54:31Z
BAC-P,16.73,2026-04-28T19:59:55Z
BAC-S,19.47,2026-04-28T19:33:06Z
BAER,2.125,2026-04-28T19:59:55Z
BAFE,28.02,2026-04-28T19:23:08Z
BAFN,8.02,2026-04-28T19:20:09Z
BAH,76.255,2026-04-28T19:59:55Z
BAI,40.885,2026-04-28T19:59:38Z
BAIG,3.775,2026-04-28T19:59:52Z
BAK,3.435,2026-04-28T19:59:51Z
BALI,32.67,2026-04-28T19:32:31Z
BALL,61.445,2026-04-28T19:59:50Z
BALT,33.935,2026-04-28T19:02:00Z
BALY,13.07,2026-04-28T19:56:53Z
BAM,46.49,2026-04-28T19:59:55Z
BAMD,32,2026-04-28T19:28:21Z
BAMG,40.1,2026-04-28T18:15:01Z
BAMO,33.39,2026-04-28T19:25:39Z
BAMY,27.735,2026-04-28T18:15:01Z
BANC,18.89,2026-04-28T19:59:59Z
BANC-F,25.5,2026-04-28T18:31:21Z
BAND,23.925,2026-04-28T19:59:09Z
BANF,114.16,2026-04-28T19:57:03Z
BANL,0.4352,2026-04-28T15:56:26Z
BANR,67.39,2026-04-28T19:59:57Z
BANX,19.54,2026-04-28T19:50:01Z
BAP,320.305,2026-04-28T19:59:30Z
BAR,45.26,2026-04-28T19:58:35Z
BARK,9.42,2026-04-28T16:58:43Z
BATL,3.695,2026-04-28T19:59:45Z
BATRK,49.71,2026-04-28T19:59:56Z
BATT,16.38,2026-04-28T18:49:16Z
BAX,17.95,2026-04-28T19:59:59Z
BB,5.15,2026-04-28T19:59:56Z
BBAG,46.13,2026-04-28T18:59:37Z
BBAI,4.135,2026-04-28T19:59:57Z
BBAR,14.79,2026-04-28T19:59:47Z
BBAX,61.15,2026-04-28T19:59:55Z
BBBI,51.66,2026-04-28T19:59:45Z
BBBS,51.22,2026-04-28T19:59:12Z
BBBY,4.73,2026-04-28T19:59:55Z
BBCA,98.45,2026-04-28T19:50:09Z
BBCP,7.84,2026-04-28T19:59:53Z
BBCQ,10.29,2026-04-28T18:52:10Z
BBD,3.88,2026-04-28T19:59:50Z
BBDC,8.985,2026-04-28T19:59:54Z
BBDO,3.43,2026-04-28T15:55:44Z
BBEM,72.5,2026-04-28T14:38:05Z
BBEU,75.56,2026-04-28T19:55:22Z
BBGI,23.455,2026-04-28T14:51:08Z
BBH,183.52,2026-04-28T18:30:57Z
BBHL,16.31,2026-04-28T18:50:33Z
BBHM,11.9,2026-04-28T18:28:21Z
BBHY,46.315,2026-04-28T19:59:55Z
BBIN,75.88,2026-04-28T14:47:57Z
BBIO,69.67,2026-04-28T19:59:58Z
BBJP,71.18,2026-04-28T19:59:43Z
BBLU,15.685,2026-04-28T19:55:41Z
BBN,16.1,2026-04-28T19:56:17Z
BBNX,10.07,2026-04-28T19:59:48Z
BBOT,8.82,2026-04-28T19:59:43Z
BBSC,82.47,2026-04-28T19:59:52Z
BBSI,31.48,2026-04-28T19:59:53Z
BBT,31.88,2026-04-28T19:59:34Z
BBUC,33.43,2026-04-28T19:58:54Z
BBUS,128.3,2026-04-28T19:59:14Z
BBVA,22.05,2026-04-28T19:59:54Z
BBW,38.03,2026-04-28T19:59:20Z
BBWI,19.255,2026-04-28T19:59:58Z
BBY,59.11,2026-04-28T19:59:54Z
BC,79.84,2026-04-28T19:59:49Z
BCAB,4.325,2026-04-28T19:59:53Z
BCAL,18.94,2026-04-28T19:59:59Z
BCAR,10.2,2026-04-28T15:54:47Z
BCAT,14.97,2026-04-28T19:59:56Z
BCAX,21.855,2026-04-28T19:59:51Z
BCBP,10.41,2026-04-28T19:45:05Z
BCC,82.665,2026-04-28T19:59:46Z
BCCC,14.46,2026-04-28T15:29:51Z
BCDA,1.15,2026-04-28T15:09:59Z
BCE,23.49,2026-04-28T19:59:59Z
BCG,1.89,2026-04-28T18:41:00Z
BCH,37.765,2026-04-28T19:59:58Z
BCI,24.84,2026-04-28T19:59:59Z
BCIC,7.88,2026-04-28T19:56:13Z
BCML,29.9,2026-04-28T19:19:28Z
BCO,108.67,2026-04-28T19:57:10Z
BCPC,176.32,2026-04-28T19:37:28Z
BCRX,8.86,2026-04-28T19:59:59Z
BCS,23,2026-04-28T19:59:55Z
BCSF,13.405,2026-04-28T19:59:41Z
BCTX,4.06,2026-04-28T19:59:59Z
BCTXL,0.96,2026-04-28T18:34:12Z
BCTXZ,0.1024,2026-04-28T15:05:01Z
BCX,12.02,2026-04-28T19:58:19Z
BCYC,4.7,2026-04-28T19:59:50Z
BDBT,25.27,2026-04-28T19:38:01Z
BDC,127.955,2026-04-28T19:59:22Z
BDCZ,15.29,2026-04-28T15:30:07Z
BDEC,51.295,2026-04-28T19:37:52Z
BDJ,9.1,2026-04-28T19:59:14Z
BDMD,1.725,2026-04-28T18:53:02Z
BDN,3.09,2026-04-28T19:59:58Z
BDRX,3.325,2026-04-28T19:52:03Z
BDRY,11.39,2026-04-28T18:10:23Z
BDTX,2.705,2026-04-28T19:59:56Z
BDVL,25.59,2026-04-28T19:59:53Z
BDX,149.52,2026-04-28T19:59:55Z
BDYN,26.16,2026-04-28T19:54:49Z
BE,226.38,2026-04-28T19:59:51Z
BEAG,10.54,2026-04-28T14:20:51Z
BEAM,30.58,2026-04-28T19:59:58Z
BEAT,0.8727,2026-04-28T19:59:54Z
BEEM,1.935,2026-04-28T19:59:41Z
BEEP,2.17,2026-04-28T19:59:56Z
BEG,62.2,2026-04-28T17:06:35Z
BEGS,19.7,2026-04-28T19:59:46Z
BEKE,15.795,2026-04-28T19:59:54Z
BELFA,226.785,2026-04-28T19:12:00Z
BELFB,249.8,2026-04-28T19:58:01Z
BEN,29.46,2026-04-28T19:59:57Z
BENF,3.415,2026-04-28T15:51:04Z
BEP,33.23,2026-04-28T19:59:43Z
BEP-A,18.67,2026-04-28T15:08:10Z
BEPC,40.24,2026-04-28T19:59:50Z
BERZ,35.66,2026-04-28T18:09:17Z
BESF,40.32,2026-04-28T15:44:46Z
BESS,2.835,2026-04-28T16:35:08Z
BETA,15.555,2026-04-28T19:59:44Z
BETE,36.52,2026-04-28T14:41:07Z
BETR,42.22,2026-04-28T19:58:07Z
BETZ,19.08,2026-04-28T19:14:14Z
BEX,43.99,2026-04-28T19:31:34Z
BEZ,4.79,2026-04-28T19:52:00Z
BF.A,28.375,2026-04-28T19:59:45Z
BF.B,27.73,2026-04-28T19:59:58Z
BFAM,81.58,2026-04-28T19:59:49Z
BFC,148.605,2026-04-28T19:57:10Z
BFH,86.19,2026-04-28T19:59:49Z
BFLY,5.16,2026-04-28T19:59:56Z
BFOR,88.1,2026-04-28T18:49:41Z
BFRG,0.7215,2026-04-28T19:42:02Z
BFRI,1.125,2026-04-28T14:59:04Z
BFS,34.73,2026-04-28T19:57:49Z
BFST,27.51,2026-04-28T19:59:58Z
BG,126.32,2026-04-28T19:59:45Z
BGB,11.19,2026-04-28T18:47:44Z
BGC,11.31,2026-04-28T19:59:59Z
BGH,14.095,2026-04-28T19:59:40Z
BGIG,34.32,2026-04-28T19:55:38Z
BGIN,3.5,2026-04-28T18:39:26Z
BGL,1.055,2026-04-28T19:59:22Z
BGLD,17.125,2026-04-28T19:13:58Z
BGM,0.332,2026-04-28T15:58:30Z
BGR,16.57,2026-04-28T16:11:30Z
BGRN,47.64,2026-04-28T15:31:57Z
BGRO,39.55,2026-04-28T14:01:46Z
BGS,5.475,2026-04-28T19:59:57Z
BGSF,5.85,2026-04-28T16:04:22Z
BGSI,124.015,2026-04-28T19:16:50Z
BGT,10.87,2026-04-28T19:52:58Z
BGX,10.88,2026-04-28T19:51:07Z
BGY,5.685,2026-04-28T19:59:51Z
BH,308.385,2026-04-28T19:34:20Z
BH.A,1641.44,2026-04-28T18:11:36Z
BHAVU,10.09,2026-04-28T13:30:01Z
BHB,35.26,2026-04-28T19:58:44Z
BHC,5.67,2026-04-28T19:59:56Z
BHE,68.92,2026-04-28T19:59:48Z
BHF,61.72,2026-04-28T19:59:53Z
BHFAM,11.745,2026-04-28T19:28:51Z
BHFAO,16.81,2026-04-28T15:23:48Z
BHK,9.16,2026-04-28T19:59:31Z
BHM,11.03,2026-04-28T14:10:44Z
BHP,78.1,2026-04-28T19:59:48Z
BHR,2.395,2026-04-28T19:59:50Z
BHRB,64.835,2026-04-28T19:52:10Z
BHST,4.33,2026-04-28T14:55:52Z
BHVN,9.63,2026-04-28T19:59:53Z
BIAF,2.6,2026-04-28T19:52:27Z
BIAFW,0.2464,2026-04-28T14:23:02Z
BIBL,52.205,2026-04-28T16:28:21Z
BIDD,30.08,2026-04-28T19:07:34Z
BIDU,125.73,2026-04-28T19:59:55Z
BIGY,51.56,2026-04-28T17:20:28Z
BIIB,183.32,2026-04-28T19:59:57Z
BIL,91.635,2026-04-28T19:59:19Z
BILI,21.46,2026-04-28T19:59:59Z
BILL,37.73,2026-04-28T19:59:53Z
BILS,99.41,2026-04-28T14:37:26Z
BILT,29.25,2026-04-28T16:37:55Z
BILZ,100.94,2026-04-28T17:27:04Z
BINC,52.365,2026-04-28T19:59:52Z
BINT,30.73,2026-04-28T15:38:04Z
BIO,279.305,2026-04-28T19:59:49Z
BIOA,17.34,2026-04-28T19:55:12Z
BIOX,0.4977,2026-04-28T19:10:02Z
BIP,35.375,2026-04-28T19:59:54Z
BIPC,39.76,2026-04-28T19:59:54Z
BIPJ,24.73,2026-04-28T16:35:57Z
BIRD,7.01,2026-04-28T19:59:59Z
BIRK,39.07,2026-04-28T19:59:53Z
BIS,8.83,2026-04-28T19:55:19Z
BIT,12.765,2026-04-28T19:57:19Z
BITB,41.44,2026-04-28T19:59:46Z
BITI,23.11,2026-04-28T19:59:47Z
BITK,12,2026-04-28T17:02:20Z
BITO,10.46,2026-04-28T19:59:59Z
BITQ,23.355,2026-04-28T19:28:55Z
BITU,14.46,2026-04-28T19:59:26Z
BITW,49.51,2026-04-28T17:42:38Z
BITX,18.39,2026-04-28T19:59:41Z
BIV,77.21,2026-04-28T19:59:51Z
BIVI,1.575,2026-04-28T18:14:44Z
BIYA,1.53,2026-04-28T19:59:59Z
BIZD,12.9,2026-04-28T19:59:55Z
BJ,92.18,2026-04-28T19:59:53Z
BJAN,56.8,2026-04-28T17:20:02Z
BJRI,37.33,2026-04-28T19:59:35Z
BJUL,52.61,2026-04-28T19:40:34Z
BJUN,48.36,2026-04-28T14:15:00Z
BK,133.505,2026-04-28T19:59:57Z
BKAG,42.16,2026-04-28T19:59:50Z
BKCH,71.365,2026-04-28T19:28:41Z
BKCI,51.4,2026-04-28T16:26:03Z
BKD,14.145,2026-04-28T19:59:57Z
BKDV,31.37,2026-04-28T19:37:01Z
BKE,56.54,2026-04-28T19:59:41Z
BKGI,44.91,2026-04-28T19:59:46Z
BKH,75.23,2026-04-28T19:59:54Z
BKIE,96.55,2026-04-28T19:59:33Z
BKKT,8.58,2026-04-28T19:59:53Z
BKLC,136.08,2026-04-28T18:26:42Z
BKLN,20.545,2026-04-28T19:59:57Z
BKMI,26.38,2026-04-28T16:37:06Z
BKNG,173.4,2026-04-28T19:59:59Z
BKR,67.67,2026-04-28T19:59:56Z
BKSY,31.22,2026-04-28T19:59:57Z
BKT,10.61,2026-04-28T19:58:39Z
BKTI,91.52,2026-04-28T19:08:18Z
BKU,47.25,2026-04-28T19:59:57Z
BKV,30.27,2026-04-28T19:59:50Z
BKYI,0.5201,2026-04-28T17:09:04Z
BL,31.675,2026-04-28T19:59:55Z
BLBD,62.94,2026-04-28T19:59:57Z
BLCO,15.72,2026-04-28T19:59:53Z
BLCR,46.58,2026-04-28T19:41:02Z
BLD,435.66,2026-04-28T19:59:50Z
BLDP,3.1,2026-04-28T19:59:59Z
BLDR,88.09,2026-04-28T19:59:50Z
BLDX,27.21,2026-04-28T19:20:01Z
BLFS,20.86,2026-04-28T19:58:58Z
BLGR,30.14,2026-04-28T19:38:01Z
BLIN,1.0098,2026-04-28T14:11:47Z
BLK,1049.81,2026-04-28T19:59:57Z
BLKB,37.5,2026-04-28T19:59:50Z
BLLN,78.24,2026-04-28T19:59:59Z
BLMN,6.04,2026-04-28T19:59:58Z
BLND,1.44,2026-04-28T19:59:59Z
BLNE,1.81,2026-04-28T19:59:52Z
BLNK,0.7533,2026-04-28T17:20:19Z
BLOK,58.7,2026-04-28T19:59:00Z
BLOX,15.435,2026-04-28T15:00:54Z
BLRX,2.8,2026-04-28T18:32:02Z
BLSG,5.6,2026-04-28T16:02:52Z
BLSH,39.77,2026-04-28T19:59:51Z
BLST,25.1,2026-04-28T19:51:03Z
BLTD,25.17,2026-04-28T17:07:15Z
BLTE,159.23,2026-04-28T19:55:02Z
BLV,68.815,2026-04-28T19:43:04Z
BLW,12.765,2026-04-28T19:43:23Z
BLX,53.3,2026-04-28T19:59:57Z
BLZE,4.3,2026-04-28T19:59:54Z
BLZR,10.09,2026-04-28T18:27:33Z
BMA,75.7,2026-04-28T19:59:41Z
BMAY,46.13,2026-04-28T19:36:20Z
BMBL,4.26,2026-04-28T19:59:56Z
BME,39.02,2026-04-28T18:31:57Z
BMEA,1.535,2026-04-28T19:59:39Z
BMEZ,13.99,2026-04-28T19:48:35Z
BMGL,0.63,2026-04-28T13:47:02Z
BMI,118.5,2026-04-28T19:59:33Z
BML-H,19.23,2026-04-28T19:58:06Z
BML-J,19.8,2026-04-28T19:54:15Z
BMM,7.28,2026-04-28T19:53:07Z
BMN,25.12,2026-04-28T16:06:29Z
BMNG,1.375,2026-04-28T19:59:46Z
BMNR,21.48,2026-04-28T19:59:59Z
BMNU,1.99,2026-04-28T19:59:41Z
BMNZ,15.83,2026-04-28T19:59:40Z
BMO,151.47,2026-04-28T19:59:49Z
BMOP,24.91,2026-04-28T16:38:09Z
BMR,1.96,2026-04-28T19:56:32Z
BMRC,26,2026-04-28T19:58:49Z
BMRN,53.305,2026-04-28T19:59:45Z
BMY,58.27,2026-04-28T19:59:57Z
BN,44.225,2026-04-28T19:59:59Z
BNAI,27.74,2026-04-28T19:59:52Z
BNBX,0.538,2026-04-28T19:59:55Z
BNC,3.02,2026-04-28T19:59:47Z
BND,73.71,2026-04-28T19:59:59Z
BNDW,68.335,2026-04-28T19:59:46Z
BNDX,47.995,2026-04-28T19:59:46Z
BNED,10.07,2026-04-28T19:59:59Z
BNGO,1.205,2026-04-28T18:23:07Z
BNL,20.03,2026-04-28T19:59:59Z
BNO,55.03,2026-04-28T19:59:53Z
BNOV,45.97,2026-04-28T18:31:33Z
BNR,16.565,2026-04-28T16:10:09Z
BNRG,2.88,2026-04-28T19:42:58Z
BNS,76.72,2026-04-28T19:59:55Z
BNTC,12.24,2026-04-28T19:57:04Z
BNTX,102.1,2026-04-28T19:59:47Z
BNZI,0.3968,2026-04-28T19:59:45Z
BOAT,40.74,2026-04-28T18:23:08Z
BOBS,11.195,2026-04-28T19:59:47Z
BOC,12.195,2026-04-28T19:59:59Z
BOCT,51.12,2026-04-28T18:01:16Z
BODI,16.12,2026-04-28T19:59:21Z
BOE,11.68,2026-04-28T19:59:28Z
BOF,3.745,2026-04-28T19:15:19Z
BOH,77.92,2026-04-28T19:59:59Z
BOH-B,26.31,2026-04-28T19:27:39Z
BOIL,12.56,2026-04-28T19:59:55Z
BOKF,134.075,2026-04-28T19:59:29Z
BOLD,1.455,2026-04-28T18:54:26Z
BOLT,4.78,2026-04-28T15:42:41Z
BOND,92.555,2026-04-28T19:56:41Z
BOOM,6.41,2026-04-28T19:59:50Z
BOOT,168.94,2026-04-28T19:59:51Z
BORR,6.1,2026-04-28T19:59:55Z
BOSC,4.72,2026-04-28T17:53:10Z
BOTZ,37.66,2026-04-28T19:59:57Z
BOW,24.31,2026-04-28T19:55:19Z
BOX,24.505,2026-04-28T19:59:59Z
BOXX,116.5,2026-04-28T19:59:50Z
BP,46.35,2026-04-28T19:59:59Z
BPOP,150.83,2026-04-28T19:59:10Z
BPRE,16.28,2026-04-28T19:56:59Z
BPYPP,16.18,2026-04-28T16:52:09Z
BR,158.88,2026-04-28T19:59:23Z
BRAG,1.935,2026-04-28T19:56:41Z
BRAI,26.55,2026-04-28T14:29:07Z
BRBR,16.93,2026-04-28T19:59:50Z
BRBS,3.62,2026-04-28T19:59:46Z
BRC,82.09,2026-04-28T19:59:50Z
BRCB,12.23,2026-04-28T19:59:58Z
BRCC,1.075,2026-04-28T19:59:54Z
BRF,18.73,2026-04-28T18:06:54Z
BRFH,2.51,2026-04-28T17:55:12Z
BRIE,28.5,2026-04-28T19:49:56Z
BRK.B,478.11,2026-04-28T19:59:55Z
BRKR,36.265,2026-04-28T19:59:54Z
BRKU,21.56,2026-04-28T16:30:10Z
BRLS,1.145,2026-04-28T19:59:48Z
BRLT,1.39,2026-04-28T18:23:32Z
BRN,1.14,2026-04-28T19:59:51Z
BRNS,0.6166,2026-04-28T19:38:27Z
BRNY,53.68,2026-04-28T19:59:46Z
BRO,63.14,2026-04-28T19:59:57Z
BROS,55.39,2026-04-28T19:59:48Z
BRR,1.92,2026-04-28T19:59:53Z
BRRR,21.53,2026-04-28T19:46:08Z
BRSL,12.91,2026-04-28T19:59:59Z
BRSP,6.065,2026-04-28T19:59:59Z
BRT,14.425,2026-04-28T14:07:49Z
BRTR,50.405,2026-04-28T19:55:01Z
BRTX,0.2251,2026-04-28T19:59:58Z
BRW,6.79,2026-04-28T18:23:47Z
BRX,30.4,2026-04-28T19:59:59Z
BRZE,22.405,2026-04-28T19:59:54Z
BRZU,116.28,2026-04-28T15:00:16Z
BSAC,33.115,2026-04-28T19:59:29Z
BSBK,8.45,2026-04-28T13:37:09Z
BSBR,5.9,2026-04-28T19:59:56Z
BSCQ,19.53,2026-04-28T15:41:22Z
BSCR,19.64,2026-04-28T19:59:50Z
BSCS,20.43,2026-04-28T19:59:45Z
BSCT,18.665,2026-04-28T17:55:58Z
BSCU,16.745,2026-04-28T19:59:46Z
BSCV,16.49,2026-04-28T19:59:49Z
BSCW,20.63,2026-04-28T19:56:54Z
BSCX,21.195,2026-04-28T19:59:05Z
BSCY,20.775,2026-04-28T19:59:51Z
BSCZ,20.57,2026-04-28T19:59:48Z
BSEP,50.98,2026-04-28T14:21:48Z
BSJQ,23.17,2026-04-28T18:14:24Z
BSJR,22.46,2026-04-28T18:31:15Z
BSJS,21.82,2026-04-28T19:30:39Z
BSJT,21.205,2026-04-28T14:43:54Z
BSJU,25.86,2026-04-28T18:20:21Z
BSJV,26.35,2026-04-28T19:56:28Z
BSM,14.1,2026-04-28T19:59:35Z
BSMQ,23.58,2026-04-28T19:12:36Z
BSMR,23.61,2026-04-28T15:32:06Z
BSMS,23.44,2026-04-28T19:23:55Z
BSMU,21.9,2026-04-28T16:36:35Z
BSMV,21.01,2026-04-28T19:42:12Z
BSMY,24.58,2026-04-28T13:48:17Z
BSMZ,25.5,2026-04-28T15:34:42Z
BSOL,11.29,2026-04-28T19:59:50Z
BSRR,37.14,2026-04-28T18:01:46Z
BSSX,25.77,2026-04-28T19:59:25Z
BST,42.43,2026-04-28T14:07:21Z
BSTZ,25.115,2026-04-28T19:55:58Z
BSV,78.365,2026-04-28T19:58:21Z
BSVN,45,2026-04-28T19:03:53Z
BSVO,27.66,2026-04-28T19:59:50Z
BSX,58.445,2026-04-28T19:59:57Z
BSY,32.315,2026-04-28T19:59:52Z
BTAI,1.055,2026-04-28T19:59:49Z
BTAL,12.665,2026-04-28T19:59:51Z
BTBD,2.055,2026-04-28T19:58:23Z
BTBT,1.53,2026-04-28T19:59:57Z
BTC,33.76,2026-04-28T19:59:59Z
BTCI,35.62,2026-04-28T19:59:50Z
BTCO,75.96,2026-04-28T19:59:54Z
BTCS,1.91,2026-04-28T19:59:50Z
BTCT,1.27,2026-04-28T16:01:09Z
BTCZ,4.22,2026-04-28T19:59:46Z
BTDR,11.31,2026-04-28T19:59:58Z
BTE,4.965,2026-04-28T19:59:38Z
BTG,4.39,2026-04-28T19:59:59Z
BTGO,10.005,2026-04-28T19:59:58Z
BTI,58.435,2026-04-28T19:59:48Z
BTM,6.1,2026-04-28T19:59:33Z
BTMD,2.255,2026-04-28T19:59:38Z
BTO,37.35,2026-04-28T19:42:15Z
BTOC,0.2899,2026-04-28T19:56:07Z
BTOG,2.07,2026-04-28T19:37:40Z
BTQ,2.85,2026-04-28T19:59:51Z
BTSG,47.48,2026-04-28T19:59:51Z
BTT,22.88,2026-04-28T19:44:16Z
BTU,26.895,2026-04-28T19:59:46Z
BTX,7.675,2026-04-28T19:59:46Z
BTZ,10.35,2026-04-28T19:42:01Z
BUCK,23.505,2026-04-28T16:14:44Z
BUD,74.46,2026-04-28T19:59:53Z
BUFB,38.07,2026-04-28T17:42:35Z
BUFC,41.8,2026-04-28T17:24:42Z
BUFD,29.095,2026-04-28T19:59:46Z
BUFF,51.52,2026-04-28T19:36:38Z
BUFI,41.09,2026-04-28T14:21:48Z
BUFM,39.42,2026-04-28T15:01:00Z
BUFP,31.23,2026-04-28T19:55:20Z
BUFQ,37.86,2026-04-28T19:56:52Z
BUFR,35.52,2026-04-28T19:59:55Z
BUFS,24.1,2026-04-28T18:46:25Z
BUFY,22.91,2026-04-28T18:42:09Z
BUFZ,27.31,2026-04-28T19:53:16Z
BUG,26.79,2026-04-28T19:58:30Z
BUI,27.52,2026-04-28T17:19:56Z
BULG,41.81,2026-04-28T19:28:33Z
BULL,7.1,2026-04-28T19:59:55Z
BULLW,2.31,2026-04-28T14:09:54Z
BULZ,31.41,2026-04-28T19:59:52Z
BUR,4.79,2026-04-28T19:59:48Z
BURL,321.4,2026-04-28T19:59:51Z
BURU,0.3018,2026-04-28T19:59:39Z
BUSE,26.54,2026-04-28T19:59:51Z
BUXX,20.285,2026-04-28T15:49:15Z
BUYW,14.34,2026-04-28T19:59:50Z
BUZZ,33.49,2026-04-28T19:51:00Z
BV,12.34,2026-04-28T19:59:44Z
BVAL,29.5,2026-04-28T19:59:46Z
BVFL,20.11,2026-04-28T17:33:41Z
BVN,31.1,2026-04-28T19:59:54Z
BVS,9.965,2026-04-28T19:59:56Z
BW,14.59,2026-04-28T19:59:46Z
BW-A,20.9,2026-04-28T13:59:14Z
BWA,54.29,2026-04-28T19:59:54Z
BWAY,16.095,2026-04-28T19:58:55Z
BWB,18.77,2026-04-28T19:58:46Z
BWEN,2.52,2026-04-28T14:34:19Z
BWET,153.85,2026-04-28T18:52:12Z
BWFG,53.13,2026-04-28T19:50:04Z
BWG,8,2026-04-28T19:59:36Z
BWIN,23.72,2026-04-28T19:59:57Z
BWIV=,10.1,2026-04-28T19:38:17Z
BWLP,19.72,2026-04-28T19:59:59Z
BWMN,31.07,2026-04-28T19:59:08Z
BWMX,16.73,2026-04-28T17:47:54Z
BWX,22.13,2026-04-28T19:59:46Z
BWXT,216.225,2026-04-28T19:59:57Z
BWZ,27.33,2026-04-28T19:56:29Z
BX,121.56,2026-04-28T19:59:53Z
BXC,56.175,2026-04-28T19:58:56Z
BXMT,19.94,2026-04-28T19:59:56Z
BXP,59.165,2026-04-28T19:59:55Z
BXSL,23.955,2026-04-28T19:59:59Z
BY,33.085,2026-04-28T19:47:06Z
BYD,86.87,2026-04-28T19:59:49Z
BYLD,22.675,2026-04-28T19:58:02Z
BYND,0.866,2026-04-28T19:59:52Z
BYRN,6.075,2026-04-28T19:59:43Z
BZ,13.75,2026-04-28T19:59:59Z
BZAI,1.9,2026-04-28T19:59:53Z
BZAIW,0.43,2026-04-28T15:18:59Z
BZFD,0.755,2026-04-28T14:35:31Z
BZH,22.24,2026-04-28T19:59:52Z
BZQ,9.18,2026-04-28T19:59:50Z
BZUN,2.845,2026-04-28T19:59:55Z
C,128.53,2026-04-28T19:59:56Z
C-R,25.3,2026-04-28T16:49:59Z
CAAP,25,2026-04-28T19:59:39Z
CAAS,4.44,2026-04-28T19:59:12Z
CABA,2.855,2026-04-28T19:59:58Z
CABO,99.225,2026-04-28T19:59:48Z
CAC,50.65,2026-04-28T19:59:45Z
CACC,516.73,2026-04-28T19:59:52Z
CACI,508.87,2026-04-28T19:59:49Z
CADL,6.2,2026-04-28T19:59:55Z
CAE,25.57,2026-04-28T19:59:54Z
CAF,18.54,2026-04-28T19:52:44Z
CAG,14.28,2026-04-28T19:59:56Z
CAGE,25.62,2026-04-28T17:29:37Z
CAH,205.63,2026-04-28T19:59:58Z
CAI,18.44,2026-04-28T19:59:53Z
CAIE,26.95,2026-04-28T19:58:38Z
CAIQ,26.4,2026-04-28T19:59:10Z
CAKE,62.68,2026-04-28T19:59:51Z
CAL,13.42,2026-04-28T19:59:50Z
CALC,0.5704,2026-04-28T18:56:51Z
CALF,47.525,2026-04-28T19:59:46Z
CALI,50.475,2026-04-28T19:59:46Z
CALM,77.26,2026-04-28T19:59:52Z
CALX,42.06,2026-04-28T19:59:40Z
CALY,15.44,2026-04-28T19:59:57Z
CAM,25.095,2026-04-28T19:59:21Z
CAML,38.76,2026-04-28T14:15:00Z
CAMP,4.255,2026-04-28T19:59:37Z
CAMT,180.57,2026-04-28T19:59:30Z
CAN,0.4891,2026-04-28T19:59:30Z
CANC,37.12,2026-04-28T19:59:55Z
CANE,9.555,2026-04-28T19:59:49Z
CANG,0.4425,2026-04-28T19:58:22Z
CAPE,32.1,2026-04-28T18:02:55Z
CAPL,21,2026-04-28T19:10:18Z
CAPR,33.995,2026-04-28T19:59:52Z
CAPS,0.4149,2026-04-28T18:57:45Z
CAR,182.27,2026-04-28T19:59:42Z
CARE,24.79,2026-04-28T19:59:58Z
CARG,36.935,2026-04-28T19:59:52Z
CARL,9.285,2026-04-28T17:23:50Z
CARR,62.06,2026-04-28T19:59:52Z
CARS,11.15,2026-04-28T19:59:54Z
CART,42.235,2026-04-28T19:59:49Z
CARY,20.915,2026-04-28T19:59:57Z
CASH,89.11,2026-04-28T19:59:45Z
CASS,47.505,2026-04-28T19:59:43Z
CAST,2.47,2026-04-28T19:46:40Z
CASY,784.48,2026-04-28T19:59:46Z
CAT,818.1,2026-04-28T19:59:53Z
CATO,2.84,2026-04-28T19:59:36Z
CATX,3.945,2026-04-28T19:59:55Z
CATY,55.755,2026-04-28T19:59:58Z
CAVA,91.07,2026-04-28T19:59:53Z
CB,330.34,2026-04-28T19:59:56Z
CBAN,20.1,2026-04-28T19:59:54Z
CBAT,0.809,2026-04-28T19:58:30Z
CBC,25.9,2026-04-28T19:59:53Z
CBIO,23.85,2026-04-28T19:57:36Z
CBK,29.17,2026-04-28T19:59:45Z
CBL,45.1,2026-04-28T19:57:57Z
CBLL,20.815,2026-04-28T19:59:51Z
CBNK,30.35,2026-04-28T19:59:46Z
CBOE,303.655,2026-04-28T19:59:53Z
CBOJ,23.99,2026-04-28T17:56:11Z
CBRE,146.92,2026-04-28T19:59:52Z
CBRL,30.77,2026-04-28T19:59:24Z
CBSH,52,2026-04-28T19:59:37Z
CBT,76.855,2026-04-28T19:59:59Z
CBTJ,19.82,2026-04-28T14:50:59Z
CBTO,20.12,2026-04-28T14:09:29Z
CBU,63.305,2026-04-28T19:59:32Z
CBUS,1.42,2026-04-28T19:59:54Z
CBXJ,21.42,2026-04-28T19:59:46Z
CBZ,32.485,2026-04-28T19:59:54Z
CC,25.7,2026-04-28T19:59:54Z
CCAP,13.44,2026-04-28T19:59:51Z
CCB,86.715,2026-04-28T19:59:24Z
CCBG,47.13,2026-04-28T19:44:21Z
CCC,4.755,2026-04-28T19:59:58Z
CCCC,2.75,2026-04-28T19:59:56Z
CCD,23.84,2026-04-28T17:27:35Z
CCEL,3.535,2026-04-28T19:38:53Z
CCEP,97.25,2026-04-28T19:59:58Z
CCHH,0.4703,2026-04-28T19:58:04Z
CCI,86.18,2026-04-28T19:59:52Z
CCIF,3.23,2026-04-28T19:12:42Z
CCIX,10.79,2026-04-28T19:59:53Z
CCIXW,0.4,2026-04-28T16:15:12Z
CCJ,116.33,2026-04-28T19:59:59Z
CCK,100.15,2026-04-28T19:59:53Z
CCL,26.32,2026-04-28T19:59:59Z
CCLD,3.18,2026-04-28T19:59:58Z
CCNE,31.31,2026-04-28T19:53:54Z
CCO,2.38,2026-04-28T19:59:55Z
CCOI,24.21,2026-04-28T19:59:53Z
CCOR,26.01,2026-04-28T15:08:54Z
CCRN,10.2,2026-04-28T19:59:51Z
CCS,59.205,2026-04-28T19:59:11Z
CCSI,26.91,2026-04-28T19:57:47Z
CCSO,27.96,2026-04-28T19:59:45Z
CCU,11.22,2026-04-28T19:58:35Z
CCUP,4.29,2026-04-28T17:48:20Z
CCXI,10.24,2026-04-28T18:44:49Z
CCXIU,10.295,2026-04-28T19:49:33Z
CD,5.02,2026-04-28T19:59:16Z
CDC,72.47,2026-04-28T19:55:21Z
CDE,17.85,2026-04-28T19:59:59Z
CDIG,26.63,2026-04-28T19:59:46Z
CDIO,1.73,2026-04-28T19:51:06Z
CDL,75.43,2026-04-28T19:35:18Z
CDLR,26.225,2026-04-28T19:59:55Z
CDLX,0.894,2026-04-28T18:40:37Z
CDNA,21.94,2026-04-28T19:59:57Z
CDNL,48.93,2026-04-28T19:59:45Z
CDNS,325.36,2026-04-28T19:59:59Z
CDP,32.1,2026-04-28T19:59:54Z
CDRE,29.8,2026-04-28T19:59:19Z
CDW,132.935,2026-04-28T19:59:52Z
CDX,21.43,2026-04-28T19:53:08Z
CDXS,2.82,2026-04-28T19:59:54Z
CDZI,4.435,2026-04-28T19:59:54Z
CE,64.685,2026-04-28T19:59:50Z
CECO,74.27,2026-04-28T19:59:56Z
CEF,47.21,2026-04-28T19:59:28Z
CEFS,24.2,2026-04-28T19:53:49Z
CEG,305.7,2026-04-28T19:59:58Z
CEGX,18.56,2026-04-28T17:37:03Z
CELC,120.085,2026-04-28T19:59:58Z
CELG^,0.082,2026-04-28T16:32:59Z
CELH,32.62,2026-04-28T19:59:57Z
CELU,1.025,2026-04-28T19:03:40Z
CELZ,2.185,2026-04-28T15:37:07Z
CEMB,45.85,2026-04-28T18:26:45Z
CENN,4.17,2026-04-28T14:52:34Z
CENTA,33.965,2026-04-28T19:59:57Z
CENX,59.32,2026-04-28T19:59:53Z
CEPT,11.08,2026-04-28T19:35:20Z
CEPU,14.62,2026-04-28T19:58:48Z
CERS,1.97,2026-04-28T19:59:17Z
CERT,6.15,2026-04-28T19:59:56Z
CERY,36.745,2026-04-28T19:59:58Z
CET,52.82,2026-04-28T19:32:54Z
CETX,1.105,2026-04-28T19:59:30Z
CETY,0.7877,2026-04-28T14:49:57Z
CEVA,24.86,2026-04-28T19:58:48Z
CF,122.33,2026-04-28T19:59:54Z
CFBK,29.665,2026-04-28T19:53:50Z
CFFN,7.9,2026-04-28T19:59:54Z
CFG,64.995,2026-04-28T19:59:59Z
CFG-H,25.805,2026-04-28T19:56:23Z
CFO,77.13,2026-04-28T13:39:15Z
CFR,143.53,2026-04-28T19:59:13Z
CFR-B,17.15,2026-04-28T19:57:23Z
CG,47.71,2026-04-28T19:59:49Z
CGAU,18.03,2026-04-28T19:59:59Z
CGBD,11.55,2026-04-28T19:59:55Z
CGBL,36.45,2026-04-28T19:59:57Z
CGC,1.16,2026-04-28T19:59:59Z
CGCB,26.375,2026-04-28T19:59:46Z
CGCP,22.495,2026-04-28T19:59:08Z
CGCTW,1.11,2026-04-28T19:20:39Z
CGCV,31.13,2026-04-28T19:59:37Z
CGDG,36.91,2026-04-28T19:59:52Z
CGDV,45.91,2026-04-28T19:59:52Z
CGEM,12.81,2026-04-28T19:59:50Z
CGEN,2.73,2026-04-28T19:59:56Z
CGGE,32.675,2026-04-28T19:59:17Z
CGGG,28.45,2026-04-28T19:59:50Z
CGGO,36.955,2026-04-28T19:59:38Z
CGGR,44.275,2026-04-28T19:59:55Z
CGHM,25.65,2026-04-28T19:55:00Z
CGHY,25.37,2026-04-28T19:00:19Z
CGIB,25.27,2026-04-28T19:59:46Z
CGIC,34.76,2026-04-28T19:57:18Z
CGIE,35.16,2026-04-28T19:59:59Z
CGMM,31.01,2026-04-28T19:59:52Z
CGMS,27.63,2026-04-28T19:59:50Z
CGMU,27.425,2026-04-28T19:59:53Z
CGNG,34.3,2026-04-28T19:59:50Z
CGNT,9.55,2026-04-28T19:59:53Z
CGNX,53.74,2026-04-28T19:59:55Z
CGO,12.67,2026-04-28T19:53:24Z
CGON,65.5,2026-04-28T19:59:53Z
CGSD,25.93,2026-04-28T19:59:50Z
CGSM,26.415,2026-04-28T19:40:26Z
CGTX,1.285,2026-04-28T19:59:45Z
CGUI,25.375,2026-04-28T19:58:57Z
CGUS,42.125,2026-04-28T19:58:44Z
CGVV,29.08,2026-04-28T19:59:50Z
CGW,65.12,2026-04-28T18:42:08Z
CGXU,31.53,2026-04-28T19:59:00Z
CHA,10.96,2026-04-28T19:59:52Z
CHAI,0.9927,2026-04-28T14:51:54Z
CHAT,75.585,2026-04-28T19:59:46Z
CHAU,22.66,2026-04-28T15:57:00Z
CHCO,125.93,2026-04-28T19:53:17Z
CHCT,17.57,2026-04-28T19:59:53Z
CHD,97.09,2026-04-28T19:59:50Z
CHDN,99.48,2026-04-28T19:59:50Z
CHE,421.19,2026-04-28T19:59:57Z
CHEF,64.3,2026-04-28T19:59:50Z
CHGG,1.065,2026-04-28T19:59:23Z
CHGX,29.36,2026-04-28T17:07:23Z
CHH,120.01,2026-04-28T19:59:43Z
CHI,12,2026-04-28T19:22:08Z
CHIQ,19.58,2026-04-28T18:32:21Z
CHKP,139.36,2026-04-28T19:59:59Z
CHMG,68.185,2026-04-28T18:38:25Z
CHMI,2.64,2026-04-28T19:57:56Z
CHMI-A,20.69,2026-04-28T15:46:42Z
CHNL,21.19,2026-04-28T17:10:54Z
CHNU,21.37,2026-04-28T17:21:36Z
CHOW,0.4232,2026-04-28T19:39:24Z
CHPS,68.92,2026-04-28T15:50:27Z
CHPT,6.66,2026-04-28T19:59:54Z
CHPY,67,2026-04-28T19:59:46Z
CHRD,140.28,2026-04-28T19:59:45Z
CHRS,1.78,2026-04-28T19:59:58Z
CHRW,187.99,2026-04-28T19:59:59Z
CHSN,0.0378,2026-04-28T19:58:58Z
CHT,43.51,2026-04-28T19:59:36Z
CHTR,173.09,2026-04-28T19:59:57Z
CHW,8.26,2026-04-28T19:09:37Z
CHWY,25.6,2026-04-28T19:59:57Z
CHY,12.14,2026-04-28T19:58:45Z
CHYM,21.615,2026-04-28T19:59:55Z
CI,284.99,2026-04-28T19:59:56Z
CIA,5.71,2026-04-28T19:59:26Z
CIB,68.74,2026-04-28T19:59:27Z
CIBR,67.135,2026-04-28T19:59:51Z
CIEN,473.59,2026-04-28T19:59:52Z
CIFG,8.27,2026-04-28T19:56:19Z
CIFR,17.28,2026-04-28T19:59:59Z
CIFU,19.74,2026-04-28T19:42:28Z
CIG,2.53,2026-04-28T19:56:49Z
CIGI,110.39,2026-04-28T19:55:50Z
CII,23.965,2026-04-28T19:45:45Z
CIIT,1.385,2026-04-28T16:18:41Z
CIK,2.555,2026-04-28T19:59:04Z
CIM,13.72,2026-04-28T19:59:58Z
CIM-A,21.65,2026-04-28T13:42:36Z
CIM-B,24.26,2026-04-28T17:15:13Z
CIM-C,22.78,2026-04-28T17:13:23Z
CINF,165.06,2026-04-28T19:59:46Z
CING,4.68,2026-04-28T19:58:28Z
CINT,4.185,2026-04-28T17:07:14Z
CION,7.605,2026-04-28T19:59:56Z
CISO,0.2667,2026-04-28T15:31:34Z
CISS,3.57,2026-04-28T19:57:08Z
CITR,6.285,2026-04-28T19:56:13Z
CIVB,25.49,2026-04-28T19:59:00Z
CJMB,0.9525,2026-04-28T18:39:05Z
CL,85.68,2026-04-28T19:59:55Z
CLAR,2.725,2026-04-28T19:59:20Z
CLB,16.78,2026-04-28T19:59:44Z
CLBK,19.1,2026-04-28T19:59:57Z
CLBT,12.675,2026-04-28T19:59:55Z
CLCG,27.45,2026-04-28T17:01:40Z
CLDI,0.2242,2026-04-28T19:56:01Z
CLDT,8.73,2026-04-28T19:59:52Z
CLDX,33.25,2026-04-28T19:59:58Z
CLF,10.22,2026-04-28T19:59:56Z
CLFD,27.72,2026-04-28T19:57:01Z
CLGN,0.3903,2026-04-28T17:29:59Z
CLH,306.23,2026-04-28T19:59:59Z
CLIK,3.08,2026-04-28T19:35:01Z
CLIP,100.34,2026-04-28T13:30:00Z
CLM,7.435,2026-04-28T19:59:14Z
CLMB,21.23,2026-04-28T19:59:50Z
CLMT,30.495,2026-04-28T19:59:58Z
CLNE,2.205,2026-04-28T19:59:37Z
CLOA,51.925,2026-04-28T19:59:46Z
CLOI,52.82,2026-04-28T19:59:44Z
CLOU,19.76,2026-04-28T19:59:51Z
CLOV,2.635,2026-04-28T19:59:51Z
CLOX,25.595,2026-04-28T19:23:48Z
CLOZ,26.345,2026-04-28T19:59:01Z
CLPR,3.52,2026-04-28T19:25:09Z
CLPT,11.08,2026-04-28T19:59:36Z
CLS,361.66,2026-04-28T19:59:55Z
CLSE,30.98,2026-04-28T19:59:47Z
CLSK,11.8,2026-04-28T19:59:58Z
CLSM,25.24,2026-04-28T19:59:50Z
CLSX,14.955,2026-04-28T19:27:09Z
CLSZ,10.68,2026-04-28T17:56:03Z
CLVT,2.53,2026-04-28T19:59:59Z
CLW,14.905,2026-04-28T19:58:47Z
CLX,96.59,2026-04-28T19:59:57Z
CLYM,9.27,2026-04-28T19:59:49Z
CM,109.545,2026-04-28T19:59:54Z
CMBS,49.06,2026-04-28T15:46:46Z
CMBT,13.25,2026-04-28T19:59:55Z
CMC,68.95,2026-04-28T19:59:51Z
CMCL,22.9,2026-04-28T19:59:56Z
CMCO,15.58,2026-04-28T19:59:51Z
CMCSA,27.65,2026-04-28T19:59:58Z
CMCT,5.11,2026-04-28T17:06:56Z
CMDB,16.82,2026-04-28T15:03:14Z
CMDT,33.59,2026-04-28T15:08:37Z
CMDY,61.08,2026-04-28T18:11:40Z
CME,284.61,2026-04-28T19:59:59Z
CMF,57.405,2026-04-28T19:58:58Z
CMG,32.88,2026-04-28T19:59:59Z
CMI,641.785,2026-04-28T19:59:49Z
CMND,0.7395,2026-04-28T19:58:23Z
CMP,26.17,2026-04-28T19:59:52Z
CMPR,82.625,2026-04-28T19:53:45Z
CMPS,8.42,2026-04-28T19:59:52Z
CMPX,1.82,2026-04-28T19:59:45Z
CMRC,2.93,2026-04-28T19:59:55Z
CMRE,16.53,2026-04-28T19:59:17Z
CMRE-C,26.5,2026-04-28T19:43:52Z
CMS,75.95,2026-04-28T19:59:57Z
CMS-C,17.16,2026-04-28T18:47:48Z
CMSD,23.23,2026-04-28T17:08:22Z
CMTG,2.665,2026-04-28T19:59:47Z
CMTL,3.53,2026-04-28T19:59:46Z
CMTV,40.53,2026-04-28T19:45:05Z
CMU,3.655,2026-04-28T19:58:29Z
CNA,48.68,2026-04-28T19:58:56Z
CNC,49.575,2026-04-28T19:59:59Z
CNCK,1.78,2026-04-28T19:58:29Z
CNDT,1.715,2026-04-28T19:58:31Z
CNEQ,36.1,2026-04-28T17:50:14Z
CNF,2.78,2026-04-28T15:00:57Z
CNH,10.035,2026-04-28T19:59:57Z
CNI,114.89,2026-04-28T19:59:53Z
CNK,29.25,2026-04-28T19:59:54Z
CNL,18.78,2026-04-28T17:04:11Z
CNM,49.51,2026-04-28T19:59:54Z
CNMD,36.75,2026-04-28T19:59:53Z
CNNE,13.615,2026-04-28T19:59:51Z
CNO,44.52,2026-04-28T19:57:47Z
CNOB,29.73,2026-04-28T19:58:00Z
CNP,43.15,2026-04-28T19:59:59Z
CNQ,46.37,2026-04-28T19:59:59Z
CNQQ,23.51,2026-04-28T16:46:47Z
CNR,89.38,2026-04-28T19:59:54Z
CNS,68.97,2026-04-28T19:59:52Z
CNTA,39.445,2026-04-28T19:59:58Z
CNTB,2.435,2026-04-28T19:59:54Z
CNTN,3.3,2026-04-28T19:58:55Z
CNTX,2.52,2026-04-28T19:59:57Z
CNTY,1.405,2026-04-28T19:57:18Z
CNVS,2.495,2026-04-28T19:59:26Z
CNX,39.19,2026-04-28T19:59:59Z
CNXC,25.06,2026-04-28T19:59:53Z
CNXN,63.65,2026-04-28T19:51:10Z
CNXT,50.82,2026-04-28T19:59:53Z
CNYA,36.24,2026-04-28T19:59:18Z
COAL,25.63,2026-04-28T19:59:52Z
COCH,0.6375,2026-04-28T19:56:39Z
COCO,51.62,2026-04-28T19:59:51Z
COCP,1.4,2026-04-28T18:47:49Z
CODA,11.125,2026-04-28T19:59:43Z
CODI,11.79,2026-04-28T19:59:57Z
CODI-C,21.59,2026-04-28T17:25:22Z
COF,192.1,2026-04-28T19:59:54Z
COF-I,19.07,2026-04-28T15:59:20Z
COF-L,16.61,2026-04-28T19:25:54Z
COF-N,16.19,2026-04-28T16:15:10Z
COFS,30.74,2026-04-28T19:56:13Z
COGT,36.355,2026-04-28T19:59:54Z
COHR,303.97,2026-04-28T19:59:43Z
COHU,44.15,2026-04-28T19:59:59Z
COHX,39.3,2026-04-28T19:58:09Z
COIA,6.35,2026-04-28T17:45:23Z
COIG,8.335,2026-04-28T19:12:07Z
COIN,194.075,2026-04-28T19:59:59Z
COIW,12.79,2026-04-28T16:48:11Z
COKE,199.82,2026-04-28T19:45:04Z
COLB,29.63,2026-04-28T19:59:55Z
COLD,12.46,2026-04-28T19:59:54Z
COLL,32.75,2026-04-28T19:59:59Z
COLM,61.13,2026-04-28T19:59:55Z
COLO,38.85,2026-04-28T19:53:10Z
COM,34.11,2026-04-28T19:58:03Z
COMB,26.775,2026-04-28T16:31:39Z
COMP,7.9,2026-04-28T19:59:59Z
COMT,35.12,2026-04-28T19:55:54Z
CON,22.55,2026-04-28T19:59:55Z
CONI,45.74,2026-04-28T18:52:22Z
CONL,8.345,2026-04-28T19:59:58Z
CONX,10.04,2026-04-28T14:29:05Z
CONY,27.56,2026-04-28T19:59:50Z
COO,63.065,2026-04-28T19:59:50Z
COOK,42.89,2026-04-28T15:30:44Z
COOT,0.64,2026-04-28T15:51:48Z
COP,124.27,2026-04-28T19:59:46Z
COPA,46.25,2026-04-28T14:43:00Z
COPJ,41.36,2026-04-28T18:30:54Z
COPP,37.08,2026-04-28T19:59:46Z
COPX,78.65,2026-04-28T19:59:49Z
COPY,14.37,2026-04-28T14:35:58Z
COR,312.13,2026-04-28T19:59:48Z
CORD,7.06,2026-04-28T19:59:32Z
CORN,18.765,2026-04-28T19:59:46Z
CORO,34.31,2026-04-28T19:59:56Z
CORP,97.12,2026-04-28T17:09:15Z
CORT,46.625,2026-04-28T19:59:38Z
CORZ,20.04,2026-04-28T19:59:59Z
CORZW,13.27,2026-04-28T15:03:38Z
COSM,0.3704,2026-04-28T19:56:27Z
COSO,25.7,2026-04-28T19:37:01Z
COST,994.05,2026-04-28T19:59:51Z
COTG,14.63,2026-04-28T19:53:20Z
COTY,2.45,2026-04-28T19:59:55Z
COUR,6.49,2026-04-28T19:59:58Z
COWG,35.82,2026-04-28T18:36:09Z
COWS,34.57,2026-04-28T19:59:46Z
COWZ,62.5,2026-04-28T19:59:25Z
COYA,4.26,2026-04-28T18:19:35Z
COYY,3.94,2026-04-28T18:54:04Z
CP,86.725,2026-04-28T19:59:50Z
CPA,114.76,2026-04-28T19:59:32Z
CPAC,10.71,2026-04-28T19:56:32Z
CPAG,102.51,2026-04-28T15:57:05Z
CPAY,311.32,2026-04-28T19:59:39Z
CPB,20.535,2026-04-28T19:59:59Z
CPER,36.24,2026-04-28T19:59:59Z
CPF,34.66,2026-04-28T19:59:52Z
CPIX,4.29,2026-04-28T19:59:50Z
CPK,127.36,2026-04-28T19:59:02Z
CPLS,35.355,2026-04-28T16:03:37Z
CPNG,20.35,2026-04-28T19:59:56Z
CPNM,26.49,2026-04-28T17:28:39Z
CPRI,19.84,2026-04-28T19:59:57Z
CPRJ,27.37,2026-04-28T18:34:58Z
CPRT,33.34,2026-04-28T19:59:59Z
CPRX,29.43,2026-04-28T19:59:54Z
CPS,29.08,2026-04-28T19:59:29Z
CPSD,26.38,2026-04-28T14:15:00Z
CPSH,4.785,2026-04-28T19:59:54Z
CPSN,27.32,2026-04-28T18:23:08Z
CPSY,25.39,2026-04-28T15:22:06Z
CPT,105.935,2026-04-28T19:59:50Z
CPXR,27.4,2026-04-28T16:19:21Z
CPZ,13.72,2026-04-28T19:39:38Z
CQP,64,2026-04-28T19:36:18Z
CQQQ,49.37,2026-04-28T19:59:57Z
CR,177.98,2026-04-28T19:59:56Z
CRAI,154.39,2026-04-28T19:58:53Z
CRAK,48.37,2026-04-28T19:49:34Z
CRBD,23.87,2026-04-28T19:45:55Z
CRBG,26.945,2026-04-28T19:59:57Z
CRBN,241.885,2026-04-28T17:50:49Z
CRBP,9.78,2026-04-28T19:58:49Z
CRBU,2.09,2026-04-28T19:59:51Z
CRC,66.58,2026-04-28T19:59:50Z
CRCA,38.07,2026-04-28T19:07:46Z
CRCD,5.86,2026-04-28T19:58:10Z
CRCG,2.485,2026-04-28T19:59:50Z
CRCL,94.45,2026-04-28T19:59:42Z
CRCO,21.33,2026-04-28T18:54:59Z
CRCT,4.4,2026-04-28T19:59:55Z
CRD.A,10.93,2026-04-28T18:58:15Z
CRDF,1.68,2026-04-28T19:59:51Z
CRDL,1.37,2026-04-28T19:59:54Z
CRDO,165.88,2026-04-28T19:59:48Z
CRDU,42.93,2026-04-28T19:51:02Z
CREG,0.9019,2026-04-28T19:53:56Z
CRESY,11.28,2026-04-28T19:59:56Z
CRF,7.135,2026-04-28T19:55:07Z
CRGO,2.06,2026-04-28T19:20:02Z
CRGY,13.08,2026-04-28T19:59:59Z
CRH,114.5,2026-04-28T19:59:50Z
CRI,37.575,2026-04-28T19:59:53Z
CRIS,0.5836,2026-04-28T19:59:00Z
CRK,17.31,2026-04-28T19:59:59Z
CRL,166.78,2026-04-28T19:59:59Z
CRM,181.36,2026-04-28T19:59:58Z
CRMD,7.58,2026-04-28T19:59:54Z
CRMG,5.815,2026-04-28T19:59:13Z
CRML,11.875,2026-04-28T19:59:59Z
CRMLW,5.7,2026-04-28T19:30:11Z
CRMT,12.54,2026-04-28T19:58:54Z
CRMU,12.58,2026-04-28T15:53:58Z
CRMX,21.545,2026-04-28T19:59:11Z
CRNC,8.73,2026-04-28T19:58:59Z
CRNT,2.475,2026-04-28T19:59:22Z
CRNX,38.17,2026-04-28T19:59:57Z
CRON,2.64,2026-04-28T19:59:54Z
CROX,102.54,2026-04-28T19:59:50Z
CRPT,14.39,2026-04-28T13:45:16Z
CRS,427.525,2026-04-28T19:59:44Z
CRSP,52.06,2026-04-28T19:59:54Z
CRSR,6.68,2026-04-28T19:59:54Z
CRT,10.94,2026-04-28T19:12:06Z
CRTO,19.4,2026-04-28T19:59:53Z
CRUS,162.51,2026-04-28T19:59:43Z
CRUX,30.175,2026-04-28T19:58:02Z
CRVL,57.91,2026-04-28T19:57:12Z
CRVO,3.695,2026-04-28T17:03:08Z
CRVS,15.64,2026-04-28T19:59:56Z
CRWD,454.94,2026-04-28T19:59:50Z
CRWG,4.175,2026-04-28T19:59:40Z
CRWL,24.48,2026-04-28T15:27:23Z
CRWU,8.02,2026-04-28T19:51:50Z
CRWV,105.505,2026-04-28T19:59:53Z
CSAI,0.5515,2026-04-28T16:08:06Z
CSAN,4.205,2026-04-28T19:59:06Z
CSCO,86.87,2026-04-28T19:59:58Z
CSD,125.695,2026-04-28T17:18:10Z
CSEX,20.07,2026-04-28T19:32:29Z
CSGP,35.945,2026-04-28T19:59:50Z
CSGS,80.35,2026-04-28T19:59:56Z
CSHI,49.83,2026-04-28T19:32:30Z
CSHR,5.645,2026-04-28T19:59:29Z
CSIO,28.44,2026-04-28T14:12:17Z
CSIQ,14.86,2026-04-28T19:59:55Z
CSL,356.95,2026-04-28T19:59:41Z
CSPI,10.45,2026-04-28T19:57:28Z
CSQ,19.4,2026-04-28T19:50:20Z
CSR,68.11,2026-04-28T19:59:49Z
CSRE,28.27,2026-04-28T19:37:21Z
CSTE,1.485,2026-04-28T19:59:20Z
CSTL,24.73,2026-04-28T19:59:54Z
CSTM,31.095,2026-04-28T19:59:59Z
CSV,50.44,2026-04-28T19:54:49Z
CSW,291.63,2026-04-28T19:59:02Z
CSWC,23.625,2026-04-28T19:59:45Z
CSX,45.25,2026-04-28T19:59:59Z
CTA,31.31,2026-04-28T19:59:45Z
CTAAR,0.22,2026-04-28T18:26:16Z
CTAP,30.6,2026-04-28T19:35:12Z
CTAS,174.2,2026-04-28T19:59:51Z
CTBB,17.64,2026-04-28T19:59:27Z
CTBI,66.46,2026-04-28T19:44:43Z
CTDD,17.93,2026-04-28T19:51:37Z
CTEV,23.755,2026-04-28T19:53:08Z
CTGO,22.58,2026-04-28T19:59:57Z
CTKB,4.59,2026-04-28T19:58:54Z
CTLP,10.835,2026-04-28T19:59:56Z
CTM,0.6667,2026-04-28T19:52:59Z
CTMX,4.125,2026-04-28T19:59:56Z
CTNM,12.515,2026-04-28T19:59:36Z
CTNT,0.0236,2026-04-28T19:59:05Z
CTO,19.69,2026-04-28T19:50:38Z
CTOS,9.02,2026-04-28T19:59:59Z
CTRA,34.64,2026-04-28T19:59:59Z
CTRE,39.72,2026-04-28T19:59:59Z
CTRI,35.46,2026-04-28T19:59:53Z
CTRM,2.07,2026-04-28T15:13:39Z
CTRN,49.27,2026-04-28T19:47:59Z
CTS,54.305,2026-04-28T19:59:47Z
CTSH,55.08,2026-04-28T19:59:57Z
CTVA,78.92,2026-04-28T19:59:44Z
CTXR,0.6539,2026-04-28T19:58:53Z
CUBE,39.625,2026-04-28T19:59:55Z
CUBI,77.17,2026-04-28T19:59:26Z
CUE,12.19,2026-04-28T19:58:16Z
CUK,26.29,2026-04-28T19:59:47Z
CULP,3.245,2026-04-28T13:47:57Z
CUPR,0.2841,2026-04-28T19:58:58Z
CURB,28.76,2026-04-28T19:59:58Z
CURI,3.35,2026-04-28T19:59:44Z
CURR,3.39,2026-04-28T19:59:16Z
CURV,1.77,2026-04-28T19:58:32Z
CURX,0.4365,2026-04-28T13:50:08Z
CUZ,25.6,2026-04-28T19:59:53Z
CV,6.795,2026-04-28T19:59:20Z
CVBF,20.5,2026-04-28T19:59:59Z
CVCO,536.62,2026-04-28T19:59:27Z
CVE,27.43,2026-04-28T19:59:59Z
CVEO,31.18,2026-04-28T19:54:27Z
CVGI,4.255,2026-04-28T19:59:54Z
CVGW,28,2026-04-28T19:59:55Z
CVI,32.655,2026-04-28T19:59:38Z
CVIE,78.09,2026-04-28T19:24:13Z
CVLG,34.975,2026-04-28T19:58:54Z
CVLT,97.955,2026-04-28T19:59:49Z
CVNA,406.77,2026-04-28T19:59:43Z
CVNX,19.86,2026-04-28T19:46:16Z
CVNY,28.63,2026-04-28T15:47:24Z
CVRX,7.46,2026-04-28T19:59:49Z
CVS,80.995,2026-04-28T19:59:56Z
CVSA,113.25,2026-04-28T19:59:45Z
CVU,3.65,2026-04-28T16:13:17Z
CVV,6.355,2026-04-28T19:59:10Z
CVX,188.29,2026-04-28T19:59:49Z
CW,705.67,2026-04-28T19:59:54Z
CWAN,24.15,2026-04-28T19:59:59Z
CWB,99.17,2026-04-28T19:59:58Z
CWBC,24.1,2026-04-28T19:59:58Z
CWCO,33.37,2026-04-28T19:55:40Z
CWEB,25.85,2026-04-28T19:59:09Z
CWEN,40.445,2026-04-28T19:58:41Z
CWEN.A,40.43,2026-04-28T19:59:01Z
CWH,6.8,2026-04-28T19:59:59Z
CWI,38.69,2026-04-28T19:33:06Z
CWK,14.51,2026-04-28T19:59:59Z
CWST,77.74,2026-04-28T19:59:56Z
CWT,46.55,2026-04-28T19:59:59Z
CWVX,35.07,2026-04-28T19:42:51Z
CX,12.1,2026-04-28T19:59:56Z
CXAI,0.1608,2026-04-28T19:59:09Z
CXDO,6.805,2026-04-28T19:59:53Z
CXE,3.69,2026-04-28T18:06:02Z
CXH,8.35,2026-04-28T19:51:29Z
CXIIU,10.09,2026-04-28T19:59:51Z
CXM,5.065,2026-04-28T19:59:59Z
CXRN,20.41,2026-04-28T17:58:14Z
CXT,44.305,2026-04-28T19:59:40Z
CXW,20.59,2026-04-28T19:59:43Z
CYAB,1,2026-04-28T19:50:30Z
CYCN,3.06,2026-04-28T19:59:45Z
CYCU,1,2026-04-28T19:59:55Z
CYD,40.61,2026-04-28T19:58:52Z
CYH,2.885,2026-04-28T19:59:59Z
CYN,1.695,2026-04-28T19:59:50Z
CYPH,0.9064,2026-04-28T19:59:52Z
CYRX,10.08,2026-04-28T19:59:56Z
CYTK,60.615,2026-04-28T19:59:52Z
CZA,116.13,2026-04-28T15:01:00Z
CZNC,23.62,2026-04-28T18:50:37Z
CZR,27.29,2026-04-28T19:59:58Z
D,62.91,2026-04-28T19:59:58Z
DAC,120.495,2026-04-28T17:38:20Z
DAIC,0.19,2026-04-28T18:12:15Z
DAKT,19.14,2026-04-28T19:59:58Z
DAL,67.235,2026-04-28T19:59:49Z
DAMD,7.01,2026-04-28T19:59:57Z
DAN,37.655,2026-04-28T19:59:51Z
DAO,11.13,2026-04-28T19:57:10Z
DAPP,18.385,2026-04-28T19:59:04Z
DAPR,39.95,2026-04-28T17:05:32Z
DAR,61.335,2026-04-28T19:59:53Z
DARE,2.21,2026-04-28T19:58:29Z
DARP,52.85,2026-04-28T14:29:52Z
DASH,171.935,2026-04-28T19:59:57Z
DAVA,4.21,2026-04-28T19:59:56Z
DAVE,280.58,2026-04-28T19:25:51Z
DAX,44.505,2026-04-28T15:21:56Z
DB,31.95,2026-04-28T19:59:55Z
DBA,27.96,2026-04-28T19:59:59Z
DBB,24.87,2026-04-28T19:59:51Z
DBC,30.335,2026-04-28T19:59:38Z
DBD,82.33,2026-04-28T19:59:59Z
DBE,31.7,2026-04-28T19:28:26Z
DBEF,50.87,2026-04-28T19:55:07Z
DBEU,50.175,2026-04-28T15:05:41Z
DBGI,1.41,2026-04-28T19:59:46Z
DBI,7.53,2026-04-28T19:59:54Z
DBL,14.245,2026-04-28T19:57:18Z
DBMF,30.715,2026-04-28T19:59:27Z
DBND,45.935,2026-04-28T15:41:14Z
DBO,21.555,2026-04-28T19:59:43Z
DBP,108.04,2026-04-28T18:23:06Z
DBRG,15.58,2026-04-28T19:59:45Z
DBVT,20.77,2026-04-28T19:59:54Z
DBX,24,2026-04-28T19:59:53Z
DC,5.51,2026-04-28T19:59:56Z
DCBO,18.9,2026-04-28T19:59:34Z
DCGO,0.7182,2026-04-28T19:59:42Z
DCH,5.74,2026-04-28T19:59:59Z
DCI,87.77,2026-04-28T19:59:53Z
DCO,143.35,2026-04-28T19:58:04Z
DCOM,36.16,2026-04-28T19:59:29Z
DCOR,77.995,2026-04-28T19:53:00Z
DCTH,10.55,2026-04-28T19:59:52Z
DCX,2.275,2026-04-28T14:01:34Z
DD,45.325,2026-04-28T19:59:52Z
DDC,1.66,2026-04-28T17:58:17Z
DDD,2.2,2026-04-28T19:59:56Z
DDEC,46.22,2026-04-28T19:06:42Z
DDFJ,19.39,2026-04-28T19:59:50Z
DDFL,20.91,2026-04-28T14:15:00Z
DDFM,19.45,2026-04-28T18:56:55Z
DDFN,19.67,2026-04-28T19:41:50Z
DDI,10.99,2026-04-28T19:59:38Z
DDL,2.57,2026-04-28T19:59:55Z
DDLS,44.645,2026-04-28T16:15:33Z
DDM,58.32,2026-04-28T19:59:55Z
DDNQ,20.4,2026-04-28T14:21:48Z
DDOG,131.545,2026-04-28T19:59:57Z
DDS,583.06,2026-04-28T19:59:42Z
DDSQ,20.68,2026-04-28T19:17:07Z
DDTL,21.54,2026-04-28T19:58:49Z
DDTS,21.96,2026-04-28T17:28:54Z
DDWM,45.325,2026-04-28T19:26:13Z
DE,563.89,2026-04-28T19:59:55Z
DEA,23.72,2026-04-28T19:59:58Z
DEC,16.01,2026-04-28T19:59:50Z
DECK,106.18,2026-04-28T19:59:52Z
DECO,54.48,2026-04-28T14:51:08Z
DECP,31.51,2026-04-28T18:54:44Z
DECT,37.88,2026-04-28T19:32:35Z
DECU,28.16,2026-04-28T14:50:53Z
DECW,34.8,2026-04-28T14:26:26Z
DEED,21.39,2026-04-28T18:23:04Z
DEFT,0.761,2026-04-28T19:59:51Z
DEI,11.14,2026-04-28T19:59:58Z
DELL,205.77,2026-04-28T19:59:49Z
DEM,51.93,2026-04-28T19:35:09Z
DEO,78.95,2026-04-28T19:59:55Z
DERM,5.255,2026-04-28T19:59:52Z
DES,38.67,2026-04-28T19:49:44Z
DETX,4.08,2026-04-28T15:40:37Z
DEVS,0.2961,2026-04-28T19:31:57Z
DEXC,73.5,2026-04-28T19:02:42Z
DFAC,42.06,2026-04-28T19:58:01Z
DFAE,37.53,2026-04-28T19:59:38Z
DFAI,40.49,2026-04-28T19:59:50Z
DFAR,25.55,2026-04-28T19:58:47Z
DFAS,76.65,2026-04-28T19:56:36Z
DFAT,66.655,2026-04-28T19:59:45Z
DFAU,49.145,2026-04-28T19:55:00Z
DFAW,79.2,2026-04-28T18:51:17Z
DFAX,36.085,2026-04-28T19:59:32Z
DFCA,50.13,2026-04-28T19:29:27Z
DFCF,42.36,2026-04-28T19:59:56Z
DFDV,4.34,2026-04-28T19:59:59Z
DFEM,38.23,2026-04-28T19:57:57Z
DFEN,58.1,2026-04-28T18:29:57Z
DFEV,39.375,2026-04-28T19:58:09Z
DFGP,54.32,2026-04-28T19:59:45Z
DFGR,28.56,2026-04-28T19:59:53Z
DFGX,52.585,2026-04-28T19:57:06Z
DFH,14.76,2026-04-28T19:59:52Z
DFIC,36.91,2026-04-28T19:59:50Z
DFIN,51.06,2026-04-28T19:57:48Z
DFIS,35.22,2026-04-28T19:56:49Z
DFIV,54.295,2026-04-28T19:58:01Z
DFJ,103.52,2026-04-28T19:10:01Z
DFLI,1.975,2026-04-28T19:59:55Z
DFLV,37.42,2026-04-28T19:59:23Z
DFNM,48.28,2026-04-28T19:59:59Z
DFNS,0.4818,2026-04-28T19:57:41Z
DFSB,51.96,2026-04-28T19:08:47Z
DFSC,2.45,2026-04-28T19:52:20Z
DFSD,47.925,2026-04-28T19:55:04Z
DFSE,46.74,2026-04-28T19:56:08Z
DFSI,44.225,2026-04-28T19:47:57Z
DFSU,44.71,2026-04-28T19:56:08Z
DFSV,37.365,2026-04-28T19:53:44Z
DFTX,21.27,2026-04-28T19:59:50Z
DFUS,77.475,2026-04-28T19:59:57Z
DFUV,51.075,2026-04-28T19:11:24Z
DG,115.84,2026-04-28T19:59:50Z
DGAP,29.92,2026-04-28T14:04:12Z
DGCB,54.51,2026-04-28T19:42:51Z
DGICA,18,2026-04-28T19:59:53Z
DGII,54.85,2026-04-28T19:59:48Z
DGNX,2.635,2026-04-28T19:58:23Z
DGP,174.41,2026-04-28T19:34:30Z
DGRE,37.14,2026-04-28T19:33:36Z
DGRO,72.67,2026-04-28T19:59:41Z
DGRW,93.53,2026-04-28T19:54:36Z
DGS,63.3,2026-04-28T19:54:01Z
DGT,177.725,2026-04-28T19:06:37Z
DGX,194.99,2026-04-28T19:59:57Z
DGXX,3.195,2026-04-28T19:59:55Z
DH,1.015,2026-04-28T19:59:33Z
DHC,7.72,2026-04-28T19:59:59Z
DHCNL,18.9,2026-04-28T19:16:34Z
DHDG,35.47,2026-04-28T17:01:40Z
DHF,2.43,2026-04-28T19:43:31Z
DHI,156.41,2026-04-28T19:59:50Z
DHLX,13.43,2026-04-28T19:56:07Z
DHR,178.98,2026-04-28T19:59:53Z
DHT,18.27,2026-04-28T19:59:49Z
DHX,2.62,2026-04-28T19:59:54Z
DHY,1.77,2026-04-28T19:59:45Z
DHY^,0.0028,2026-04-28T19:58:12Z
DIA,491.42,2026-04-28T19:59:59Z
DIAL,18.27,2026-04-28T19:59:46Z
DIBS,5.075,2026-04-28T19:58:29Z
DIEM,38.92,2026-04-28T14:57:55Z
DIG,58.67,2026-04-28T19:59:50Z
DIHP,33.25,2026-04-28T19:59:59Z
DIN,27.57,2026-04-28T19:58:00Z
DINO,62.75,2026-04-28T19:59:54Z
DIOD,96.69,2026-04-28T19:59:52Z
DIS,101.49,2026-04-28T19:59:54Z
DISV,40.76,2026-04-28T19:58:02Z
DIT,93.4,2026-04-28T14:43:58Z
DIV,19.28,2026-04-28T18:40:58Z
DIVB,56.22,2026-04-28T19:29:31Z
DIVI,41.615,2026-04-28T19:59:49Z
DIVN,28.14,2026-04-28T17:01:40Z
DIVO,45.425,2026-04-28T19:57:48Z
DIVP,26.23,2026-04-28T19:59:52Z
DJAN,44.48,2026-04-28T18:18:05Z
DJCO,522.55,2026-04-28T19:12:47Z
DJIA,21.4,2026-04-28T17:53:57Z
DJP,49.13,2026-04-28T15:31:04Z
DJT,9.17,2026-04-28T19:59:58Z
DJTU,1.5,2026-04-28T19:34:37Z
DJUN,48.58,2026-04-28T16:04:31Z
DK,41.05,2026-04-28T19:59:53Z
DKI,0.4654,2026-04-28T19:57:39Z
DKL,50.905,2026-04-28T19:59:15Z
DKNG,23.43,2026-04-28T19:59:56Z
DKNX,18.31,2026-04-28T15:02:01Z
DKS,226.29,2026-04-28T19:59:53Z
DLB,62.94,2026-04-28T19:59:49Z
DLFE,30.91,2026-04-28T16:02:47Z
DLLL,56.085,2026-04-28T13:30:12Z
DLN,93.17,2026-04-28T19:59:57Z
DLNG,3.895,2026-04-28T18:33:03Z
DLO,13.59,2026-04-28T19:59:55Z
DLR,194.58,2026-04-28T19:59:46Z
DLR-J,20.27,2026-04-28T15:40:44Z
DLR-L,20,2026-04-28T14:52:21Z
DLTH,3.51,2026-04-28T19:50:34Z
DLTR,98.2,2026-04-28T19:59:56Z
DLX,30.135,2026-04-28T19:59:01Z
DLXY,0.6576,2026-04-28T19:03:32Z
DLY,14.14,2026-04-28T19:57:34Z
DMA,7.32,2026-04-28T19:58:54Z
DMAC,6.25,2026-04-28T19:39:14Z
DMAR,43.92,2026-04-28T16:33:12Z
DMAX,27.025,2026-04-28T18:57:01Z
DMAY,46.58,2026-04-28T15:22:06Z
DMB,10.8,2026-04-28T19:32:36Z
DMBS,49.42,2026-04-28T19:58:57Z
DMII,10.005,2026-04-28T15:48:48Z
DMLP,28.19,2026-04-28T19:59:24Z
DMO,10.965,2026-04-28T19:55:21Z
DMRA,24.17,2026-04-28T19:59:45Z
DMRC,7.05,2026-04-28T19:15:37Z
DNA,7.84,2026-04-28T19:59:59Z
DNL,43.06,2026-04-28T16:00:02Z
DNLI,20.06,2026-04-28T19:59:51Z
DNN,3.75,2026-04-28T19:59:59Z
DNOV,50.09,2026-04-28T19:09:48Z
DNOW,12.95,2026-04-28T19:59:59Z
DNP,10.77,2026-04-28T19:59:33Z
DNTH,83.49,2026-04-28T19:59:50Z
DNUT,3.78,2026-04-28T19:59:55Z
DOC,16.065,2026-04-28T19:59:59Z
DOCN,94.395,2026-04-28T19:59:59Z
DOCS,24.58,2026-04-28T19:59:27Z
DOCU,45.8,2026-04-28T19:59:58Z
DOG,23.09,2026-04-28T19:59:37Z
DOJE,9.3,2026-04-28T19:14:06Z
DOL,71.45,2026-04-28T19:59:00Z
DOLE,14.93,2026-04-28T19:59:59Z
DOMH,2.84,2026-04-28T16:48:00Z
DOMO,3.74,2026-04-28T19:59:52Z
DON,55.085,2026-04-28T17:57:48Z
DOO,53.34,2026-04-28T19:59:55Z
DORM,111.095,2026-04-28T19:56:52Z
DOUG,2.035,2026-04-28T19:59:57Z
DOV,224.185,2026-04-28T19:59:49Z
DOW,37.98,2026-04-28T19:59:59Z
DOX,64.295,2026-04-28T19:59:38Z
DPG,14.79,2026-04-28T19:53:01Z
DPRO,5.27,2026-04-28T19:59:49Z
DPST,120.07,2026-04-28T19:59:48Z
DPZ,340.43,2026-04-28T19:59:59Z
DQ,21.98,2026-04-28T19:59:45Z
DRAM,37.35,2026-04-28T19:59:57Z
DRCT,2.835,2026-04-28T19:59:25Z
DRD,27.45,2026-04-28T19:59:34Z
DRGN,34.93,2026-04-28T18:11:28Z
DRH,10.27,2026-04-28T19:59:59Z
DRI,196.55,2026-04-28T19:59:24Z
DRIP,4.54,2026-04-28T19:57:24Z
DRIV,35.54,2026-04-28T16:11:23Z
DRMA,1.26,2026-04-28T19:08:06Z
DRN,10.545,2026-04-28T19:54:44Z
DRNL,11.33,2026-04-28T14:38:52Z
DRNZ,25.71,2026-04-28T14:34:22Z
DRS,40.16,2026-04-28T19:59:35Z
DRSK,28.63,2026-04-28T19:36:26Z
DRTS,7.31,2026-04-28T19:59:33Z
DRUG,89.29,2026-04-28T19:59:28Z
DRV,20.08,2026-04-28T19:53:35Z
DRVN,12.56,2026-04-28T19:59:51Z
DSEP,46.17,2026-04-28T19:59:45Z
DSGN,12.805,2026-04-28T19:59:54Z
DSGR,27.06,2026-04-28T17:30:52Z
DSGX,70.92,2026-04-28T19:59:47Z
DSI,134.48,2026-04-28T19:59:30Z
DSL,11,2026-04-28T19:54:00Z
DSM,6.01,2026-04-28T19:58:41Z
DSP,10.55,2026-04-28T19:59:52Z
DSS,0.5102,2026-04-28T19:58:24Z
DSU,9.88,2026-04-28T19:57:54Z
DSX,2.53,2026-04-28T19:59:56Z
DT,35.99,2026-04-28T19:59:59Z
DTB,17.025,2026-04-28T19:02:12Z
DTCR,28.09,2026-04-28T19:59:34Z
DTCX,2.215,2026-04-28T19:59:14Z
DTD,90.14,2026-04-28T19:59:57Z
DTE,148.51,2026-04-28T19:59:47Z
DTH,55.615,2026-04-28T17:34:49Z
DTI,3.215,2026-04-28T19:59:24Z
DTIL,7.11,2026-04-28T19:59:53Z
DTK,24.81,2026-04-28T19:46:44Z
DTM,138.63,2026-04-28T19:59:51Z
DTRE,42.07,2026-04-28T17:33:19Z
DTST,4.145,2026-04-28T18:37:42Z
DTW,21.71,2026-04-28T16:49:16Z
DUG,18.6,2026-04-28T16:20:13Z
DUHP,38.97,2026-04-28T19:57:15Z
DUK,127.81,2026-04-28T19:59:57Z
DUK-A,24.95,2026-04-28T18:51:16Z
DULL,54.31,2026-04-28T19:22:05Z
DUO,1.36,2026-04-28T17:53:43Z
DUOG,3.58,2026-04-28T19:59:50Z
DUOL,106.26,2026-04-28T19:59:56Z
DUOT,8.36,2026-04-28T19:59:58Z
DUSA,54.79,2026-04-28T19:53:29Z
DUSB,50.75,2026-04-28T19:59:46Z
DUSL,84.7,2026-04-28T13:49:30Z
DUST,52.725,2026-04-28T19:52:30Z
DV,10.92,2026-04-28T19:59:51Z
DVA,150.19,2026-04-28T19:59:51Z
DVAL,15.115,2026-04-28T19:59:30Z
DVLT,0.7227,2026-04-28T19:59:52Z
DVLU,37.34,2026-04-28T15:08:32Z
DVN,49.505,2026-04-28T19:59:59Z
DVY,153.355,2026-04-28T19:59:31Z
DVYE,34.71,2026-04-28T19:59:54Z
DWAS,109.87,2026-04-28T19:59:50Z
DWM,72.38,2026-04-28T19:29:08Z
DWSH,6.37,2026-04-28T14:15:00Z
DWSN,3.56,2026-04-28T19:48:36Z
DWTX,1.36,2026-04-28T19:58:19Z
DWX,46.05,2026-04-28T18:33:25Z
DX,13.74,2026-04-28T19:59:59Z
DXC,11.53,2026-04-28T19:59:56Z
DXCM,59.305,2026-04-28T19:59:54Z
DXD,19.585,2026-04-28T19:59:46Z
DXJ,162.14,2026-04-28T19:59:43Z
DXLG,0.6297,2026-04-28T19:27:24Z
DXPE,170.31,2026-04-28T19:25:54Z
DXR,11.74,2026-04-28T18:10:23Z
DXYZ,29.125,2026-04-28T19:59:38Z
DY,403.4,2026-04-28T19:59:54Z
DYAI,0.8181,2026-04-28T18:02:40Z
DYN,18.155,2026-04-28T19:59:48Z
DYNF,63.61,2026-04-28T19:58:22Z
DYTA,29.97,2026-04-28T19:59:46Z
E,54.735,2026-04-28T19:59:34Z
EA,202.51,2026-04-28T19:59:48Z
EAD,6.615,2026-04-28T19:59:36Z
EAF,9,2026-04-28T19:59:37Z
EAGG,47.605,2026-04-28T19:55:25Z
EAGL,32.68,2026-04-28T18:49:50Z
EALT,35.045,2026-04-28T19:53:29Z
EAPR,32.1,2026-04-28T14:50:58Z
EARN,4.76,2026-04-28T19:57:39Z
EART,31.1,2026-04-28T15:49:25Z
EASG,36.555,2026-04-28T19:59:58Z
EAT,129.17,2026-04-28T19:59:53Z
EBAY,100.36,2026-04-28T19:59:54Z
EBC,20.15,2026-04-28T19:59:59Z
EBF,20.63,2026-04-28T19:58:45Z
EBI,61.97,2026-04-28T19:59:50Z
EBMT,22.155,2026-04-28T15:04:46Z
EBND,21.1,2026-04-28T19:58:55Z
EBS,8.23,2026-04-28T19:59:59Z
EBUF,30.92,2026-04-28T19:58:01Z
EC,13.98,2026-04-28T19:59:54Z
ECAT,14.66,2026-04-28T19:59:38Z
ECC,4.025,2026-04-28T19:59:45Z
ECCC,24.8,2026-04-28T18:01:01Z
ECCV,23.96,2026-04-28T14:52:56Z
ECF,12.24,2026-04-28T19:58:25Z
ECG,136.86,2026-04-28T19:59:17Z
ECH,42.13,2026-04-28T19:59:53Z
ECL,266.97,2026-04-28T19:59:56Z
ECNS,33.16,2026-04-28T16:33:25Z
ECO,54.67,2026-04-28T19:59:47Z
ECOR,6.02,2026-04-28T16:18:19Z
ECOW,27.32,2026-04-28T19:52:04Z
ECPG,83.795,2026-04-28T19:25:07Z
ECVT,13.98,2026-04-28T19:59:57Z
ECX,1.135,2026-04-28T19:59:55Z
ED,109.62,2026-04-28T19:59:50Z
EDAP,3.32,2026-04-28T19:58:51Z
EDBL,0.4919,2026-04-28T19:33:40Z
EDC,73.925,2026-04-28T17:05:46Z
EDD,5.565,2026-04-28T19:58:49Z
EDF,5.09,2026-04-28T19:42:32Z
EDGF,24.795,2026-04-28T19:54:56Z
EDGH,34.64,2026-04-28T19:59:46Z
EDGU,29.76,2026-04-28T14:00:46Z
EDIT,3.06,2026-04-28T19:59:32Z
EDIV,40.6,2026-04-28T17:35:15Z
EDN,25.2,2026-04-28T19:59:51Z
EDOW,42.37,2026-04-28T17:43:19Z
EDRY,19.87,2026-04-28T15:20:27Z
EDSA,14.24,2026-04-28T19:58:46Z
EDU,53.34,2026-04-28T19:59:51Z
EDUC,1.39,2026-04-28T17:25:36Z
EDV,64.055,2026-04-28T19:58:28Z
EDZ,21.2,2026-04-28T19:59:59Z
EE,33.445,2026-04-28T19:58:43Z
EEFT,75.74,2026-04-28T19:59:52Z
EEM,62.99,2026-04-28T19:59:59Z
EEMA,107.74,2026-04-28T19:54:17Z
EEMV,69.88,2026-04-28T19:58:55Z
EES,63.15,2026-04-28T17:02:10Z
EET,101.5,2026-04-28T13:30:00Z
EETH,28.1,2026-04-28T15:54:25Z
EEV,13.615,2026-04-28T19:55:08Z
EEX,5.1,2026-04-28T19:59:44Z
EFA,100.97,2026-04-28T19:59:59Z
EFAA,53.905,2026-04-28T16:38:08Z
EFAS,21.83,2026-04-28T14:04:58Z
EFAV,90.94,2026-04-28T19:59:58Z
EFAX,51.92,2026-04-28T16:36:47Z
EFC,13.34,2026-04-28T19:59:59Z
EFC-D,23.12,2026-04-28T18:35:43Z
EFG,117.3,2026-04-28T19:59:59Z
EFIV,69.13,2026-04-28T19:59:50Z
EFOI,3.82,2026-04-28T19:57:32Z
EFOR,22.07,2026-04-28T19:59:41Z
EFR,10.49,2026-04-28T19:58:52Z
EFSC,59.375,2026-04-28T19:59:52Z
EFSCP,19.99,2026-04-28T19:11:26Z
EFT,10.795,2026-04-28T19:32:52Z
EFV,76.595,2026-04-28T19:59:49Z
EFX,171.71,2026-04-28T19:59:59Z
EFXT,25.385,2026-04-28T19:59:52Z
EFZ,12.1,2026-04-28T19:59:45Z
EG,346.63,2026-04-28T19:59:09Z
EGAN,7.58,2026-04-28T19:59:12Z
EGBN,26.44,2026-04-28T19:59:13Z
EGG,6.98,2026-04-28T15:15:32Z
EGGS,37.12,2026-04-28T19:55:04Z
EGGY,35.58,2026-04-28T19:55:07Z
EGHT,1.855,2026-04-28T19:59:30Z
EGO,30.71,2026-04-28T19:59:58Z
EGP,202.28,2026-04-28T19:59:52Z
EGY,6.56,2026-04-28T19:58:35Z
EH,9.85,2026-04-28T19:59:48Z
EHAB,13.76,2026-04-28T19:59:57Z
EHC,101.67,2026-04-28T19:59:55Z
EHI,6.055,2026-04-28T19:40:02Z
EHTH,1.895,2026-04-28T19:59:36Z
EHY,11.67,2026-04-28T19:30:33Z
EIC,9.975,2026-04-28T19:59:50Z
EIDO,15.08,2026-04-28T19:59:59Z
EIG,43.34,2026-04-28T19:59:45Z
EIKN,8.56,2026-04-28T19:58:58Z
EIM,9.88,2026-04-28T19:59:53Z
EIPI,22.35,2026-04-28T19:59:45Z
EIPX,32.15,2026-04-28T17:32:54Z
EIRL,71.24,2026-04-28T18:20:26Z
EIS,127.56,2026-04-28T19:02:19Z
EIX,68,2026-04-28T19:59:54Z
EKSO,10.95,2026-04-28T14:34:59Z
EL,77.09,2026-04-28T19:59:49Z
ELA,17.58,2026-04-28T17:27:02Z
ELAB,2.555,2026-04-28T19:59:30Z
ELAN,22.155,2026-04-28T19:59:59Z
ELBM,0.5986,2026-04-28T19:59:51Z
ELDN,3.49,2026-04-28T19:59:04Z
ELE,17.08,2026-04-28T19:59:30Z
ELF,63.025,2026-04-28T19:59:57Z
ELFY,42.06,2026-04-28T14:51:31Z
ELIL,17.23,2026-04-28T19:49:22Z
ELME,2.18,2026-04-28T19:59:51Z
ELMT,15.16,2026-04-28T19:59:44Z
ELOG,0.9499,2026-04-28T15:17:52Z
ELPC,12.93,2026-04-28T19:59:43Z
ELPW,4.06,2026-04-28T19:58:33Z
ELS,62.605,2026-04-28T19:59:48Z
ELSE,7.63,2026-04-28T17:53:54Z
ELTX,10.86,2026-04-28T19:50:50Z
ELUT,1.02,2026-04-28T19:50:21Z
ELV,362.86,2026-04-28T19:59:53Z
ELVA,9,2026-04-28T19:59:51Z
ELVN,42.96,2026-04-28T19:59:37Z
ELVR,94.745,2026-04-28T19:51:10Z
ELWT,7.075,2026-04-28T19:08:40Z
EM,1.19,2026-04-28T19:59:50Z
EMA,52.89,2026-04-28T19:59:48Z
EMAT,9.24,2026-04-28T19:59:53Z
EMB,95.91,2026-04-28T19:59:56Z
EMBC,9.035,2026-04-28T19:59:49Z
EMBD,23.8,2026-04-28T14:39:59Z
EMBJ,63.17,2026-04-28T19:59:49Z
EMBX,51.41,2026-04-28T14:15:00Z
EMC,34.19,2026-04-28T15:25:26Z
EMD,10.73,2026-04-28T18:35:06Z
EMDM,38.86,2026-04-28T18:14:27Z
EME,864.87,2026-04-28T19:59:44Z
EMEQ,54.57,2026-04-28T19:59:59Z
EMF,20.28,2026-04-28T18:04:29Z
EMGF,67.2,2026-04-28T18:28:30Z
EMHC,25.28,2026-04-28T15:00:29Z
EMHY,40.335,2026-04-28T19:49:21Z
EMIS,10.12,2026-04-28T14:26:53Z
EMKT,28.6,2026-04-28T18:27:29Z
EML,22.125,2026-04-28T19:50:01Z
EMLC,25.64,2026-04-28T19:59:56Z
EMLP,43.82,2026-04-28T19:59:45Z
EMN,71.61,2026-04-28T19:59:54Z
EMO,49.19,2026-04-28T15:22:33Z
EMOP,48.58,2026-04-28T17:30:43Z
EMP,21.065,2026-04-28T15:15:37Z
EMPB,30.64,2026-04-28T19:51:30Z
EMPD,4.76,2026-04-28T19:59:53Z
EMQQ,33.89,2026-04-28T18:38:43Z
EMR,138.4,2026-04-28T19:59:52Z
EMTY,11.86,2026-04-28T19:59:46Z
EMXC,89.585,2026-04-28T19:59:31Z
EMXF,52.64,2026-04-28T14:06:53Z
ENB,53.05,2026-04-28T19:59:58Z
ENDW,33.41,2026-04-28T17:19:29Z
ENFR,37.59,2026-04-28T19:15:00Z
ENGN,6.99,2026-04-28T19:59:47Z
ENGS,1.22,2026-04-28T17:24:36Z
ENIC,4.51,2026-04-28T19:59:56Z
ENLT,88.99,2026-04-28T19:59:54Z
ENLV,0.8527,2026-04-28T19:52:44Z
ENO,22.1,2026-04-28T18:16:09Z
ENOV,23.4,2026-04-28T19:59:49Z
ENPH,34.315,2026-04-28T19:59:50Z
ENR,19.705,2026-04-28T19:59:52Z
ENS,206.26,2026-04-28T19:59:51Z
ENSC,0.3778,2026-04-28T16:06:21Z
ENSG,188.215,2026-04-28T19:59:34Z
ENTA,13.725,2026-04-28T19:59:56Z
ENTG,144.64,2026-04-28T19:59:54Z
ENTX,1.13,2026-04-28T19:24:38Z
ENVA,172.9,2026-04-28T19:59:34Z
ENVB,5.41,2026-04-28T19:59:46Z
ENVX,6.38,2026-04-28T19:59:57Z
EOD,6.24,2026-04-28T19:42:47Z
EOG,135.77,2026-04-28T19:59:49Z
EOI,19.53,2026-04-28T19:49:39Z
EOLS,5.27,2026-04-28T19:59:56Z
EONR,0.7221,2026-04-28T19:59:44Z
EOS,22.25,2026-04-28T19:50:34Z
EOSE,6.81,2026-04-28T19:59:55Z
EOSU,38.73,2026-04-28T15:51:15Z
EOT,16.915,2026-04-28T18:17:48Z
EP,2.82,2026-04-28T19:59:50Z
EPAC,36.08,2026-04-28T19:59:56Z
EPAM,114.15,2026-04-28T19:59:58Z
EPC,22.8,2026-04-28T19:59:41Z
EPD,38.49,2026-04-28T19:59:49Z
EPHE,24.17,2026-04-28T18:50:25Z
EPI,43.255,2026-04-28T19:59:03Z
EPM,4.735,2026-04-28T19:59:52Z
EPOL,38.215,2026-04-28T19:59:51Z
EPP,54.725,2026-04-28T19:59:43Z
EPR,56.51,2026-04-28T19:59:45Z
EPR-C,24.85,2026-04-28T13:34:20Z
EPRF,17.05,2026-04-28T15:34:59Z
EPRT,31.36,2026-04-28T19:59:59Z
EPRX,7.105,2026-04-28T19:59:01Z
EPS,74.355,2026-04-28T19:59:46Z
EPSN,6.23,2026-04-28T19:57:11Z
EPU,78.565,2026-04-28T18:55:30Z
EPV,20.18,2026-04-28T13:40:43Z
EQ,2.05,2026-04-28T19:58:02Z
EQBK,46.05,2026-04-28T19:59:01Z
EQH,41.86,2026-04-28T19:59:55Z
EQH-A,19.93,2026-04-28T19:40:48Z
EQH-C,16.38,2026-04-28T19:31:48Z
EQIX,1076.16,2026-04-28T19:59:39Z
EQL,49.445,2026-04-28T19:00:21Z
EQNR,38.51,2026-04-28T19:59:59Z
EQPT,23,2026-04-28T19:59:31Z
EQR,65.14,2026-04-28T19:59:54Z
EQT,59.41,2026-04-28T19:59:53Z
EQTY,27.05,2026-04-28T14:15:00Z
EQWL,120.86,2026-04-28T19:52:09Z
EQX,13.83,2026-04-28T19:59:59Z
ERAS,9.895,2026-04-28T19:59:59Z
ERC,9.13,2026-04-28T19:41:17Z
ERIC,11.3,2026-04-28T19:59:57Z
ERIE,230.46,2026-04-28T19:57:52Z
ERII,11.1,2026-04-28T19:59:59Z
ERNA,0.1949,2026-04-28T15:47:31Z
ERO,26.35,2026-04-28T19:59:45Z
ERX,90.705,2026-04-28T19:59:39Z
ERY,11.475,2026-04-28T19:57:45Z
ES,68.59,2026-04-28T19:59:49Z
ESAB,99.57,2026-04-28T19:59:51Z
ESE,316.73,2026-04-28T19:58:33Z
ESEA,70.72,2026-04-28T16:19:09Z
ESGD,99.68,2026-04-28T19:55:36Z
ESGE,50.31,2026-04-28T19:59:37Z
ESGU,154.815,2026-04-28T19:59:51Z
ESGV,124.71,2026-04-28T19:40:28Z
ESHAR,0.0151,2026-04-28T19:04:09Z
ESI,38.77,2026-04-28T19:59:57Z
ESLT,831.655,2026-04-28T19:55:01Z
ESML,50.76,2026-04-28T17:33:17Z
ESN,18.455,2026-04-28T19:55:00Z
ESNT,64.27,2026-04-28T19:59:47Z
ESOA,16.595,2026-04-28T19:52:43Z
ESP,68.23,2026-04-28T16:54:14Z
ESPO,91.85,2026-04-28T19:48:53Z
ESPR,1.9,2026-04-28T19:59:57Z
ESQ,106.55,2026-04-28T19:59:18Z
ESRT,5.73,2026-04-28T19:59:55Z
ESS,268.04,2026-04-28T19:59:51Z
ESSC,28.72,2026-04-28T14:13:03Z
ESTA,64.42,2026-04-28T19:59:55Z
ESTC,47.47,2026-04-28T19:59:41Z
ESUM,28.16,2026-04-28T19:59:46Z
ET,19.415,2026-04-28T19:59:52Z
ET-I,12.05,2026-04-28T19:56:04Z
ETB,15.22,2026-04-28T17:11:20Z
ETCO,12.14,2026-04-28T14:02:43Z
ETD,22.42,2026-04-28T19:59:51Z
ETG,21.77,2026-04-28T19:51:08Z
ETH,21.84,2026-04-28T19:59:43Z
ETHA,17.37,2026-04-28T19:59:59Z
ETHB,29.615,2026-04-28T19:58:48Z
ETHD,50.52,2026-04-28T19:59:59Z
ETHE,18.68,2026-04-28T19:59:59Z
ETHM,10.785,2026-04-28T19:59:55Z
ETHT,17.555,2026-04-28T19:59:54Z
ETHU,26.33,2026-04-28T19:59:46Z
ETHV,33.635,2026-04-28T19:59:34Z
ETHW,16.465,2026-04-28T19:59:56Z
ETJ,8.365,2026-04-28T19:54:42Z
ETN,413.17,2026-04-28T19:59:58Z
ETON,24.16,2026-04-28T19:59:37Z
ETOR,36.62,2026-04-28T19:59:49Z
ETR,113.13,2026-04-28T19:59:49Z
ETS,0.665,2026-04-28T16:35:35Z
ETSY,63.165,2026-04-28T19:59:57Z
ETU,6.98,2026-04-28T19:59:07Z
ETV,14.43,2026-04-28T19:50:32Z
ETW,9.325,2026-04-28T19:59:50Z
ETY,14.63,2026-04-28T19:59:58Z
EU,1.915,2026-04-28T19:59:44Z
EUAD,39.665,2026-04-28T19:59:18Z
EUDAW,0.045,2026-04-28T18:12:03Z
EUDG,37.605,2026-04-28T17:25:03Z
EUFN,37.495,2026-04-28T19:59:51Z
EUM,17.3,2026-04-28T17:50:53Z
EUO,28.87,2026-04-28T16:12:17Z
EUSB,43.605,2026-04-28T19:59:45Z
EVAC+,0.35,2026-04-28T18:05:46Z
EVAX,4.32,2026-04-28T19:39:26Z
EVC,3.84,2026-04-28T19:59:59Z
EVCM,12.015,2026-04-28T19:59:44Z
EVER,16.18,2026-04-28T19:59:54Z
EVEX,2.865,2026-04-28T19:59:56Z
EVEX+,0.33,2026-04-28T18:39:22Z
EVF,4.96,2026-04-28T17:07:22Z
EVG,10.71,2026-04-28T19:59:58Z
EVGN,0.7932,2026-04-28T16:44:00Z
EVGO,2.14,2026-04-28T19:59:55Z
EVH,3.63,2026-04-28T19:59:57Z
EVI,17.975,2026-04-28T19:59:51Z
EVIM,53.115,2026-04-28T19:59:56Z
EVLV,6.78,2026-04-28T19:59:59Z
EVMN,25.645,2026-04-28T19:59:28Z
EVN,10.44,2026-04-28T19:52:51Z
EVO,3,2026-04-28T19:59:32Z
EVPF,50.6,2026-04-28T19:53:40Z
EVR,340.43,2026-04-28T19:59:48Z
EVRG,81.895,2026-04-28T19:59:53Z
EVSB,50.945,2026-04-28T13:30:18Z
EVSD,51.205,2026-04-28T19:59:45Z
EVSM,50.37,2026-04-28T19:42:36Z
EVT,25.85,2026-04-28T15:32:43Z
EVTC,29.99,2026-04-28T19:59:50Z
EVTL,2.35,2026-04-28T19:59:54Z
EVTR,51.135,2026-04-28T19:59:35Z
EVTV,1.71,2026-04-28T19:58:00Z
EVUS,33.75,2026-04-28T15:12:01Z
EVV,9.46,2026-04-28T19:58:34Z
EVX,39.64,2026-04-28T19:42:47Z
EW,82.28,2026-04-28T19:59:59Z
EWA,29.07,2026-04-28T19:59:30Z
EWBC,124.935,2026-04-28T19:59:46Z
EWC,57.425,2026-04-28T19:59:47Z
EWCZ,5.815,2026-04-28T19:58:38Z
EWD,50.59,2026-04-28T19:58:49Z
EWG,41.89,2026-04-28T19:59:44Z
EWH,23.28,2026-04-28T19:59:49Z
EWI,57.555,2026-04-28T19:59:23Z
EWJ,87.57,2026-04-28T19:59:59Z
EWJV,42.64,2026-04-28T19:59:52Z
EWL,60.76,2026-04-28T19:59:40Z
EWM,29.49,2026-04-28T19:59:01Z
EWN,61.64,2026-04-28T19:54:12Z
EWP,56.1,2026-04-28T19:59:02Z
EWQ,44.89,2026-04-28T19:59:35Z
EWS,28.425,2026-04-28T19:59:38Z
EWT,87.215,2026-04-28T19:59:52Z
EWTX,30.98,2026-04-28T19:59:46Z
EWU,46.555,2026-04-28T19:58:46Z
EWV,20.75,2026-04-28T18:29:41Z
EWW,76.26,2026-04-28T19:59:48Z
EWY,154.49,2026-04-28T19:59:56Z
EWZ,39.69,2026-04-28T19:59:55Z
EWZS,14.99,2026-04-28T19:54:55Z
EXC,47.06,2026-04-28T19:59:58Z
EXE,97,2026-04-28T19:59:56Z
EXEL,44.935,2026-04-28T19:59:50Z
EXFY,1.025,2026-04-28T19:59:54Z
EXG,9.26,2026-04-28T19:59:11Z
EXI,191.935,2026-04-28T18:31:23Z
EXK,9.215,2026-04-28T19:59:55Z
EXLS,30.67,2026-04-28T19:59:57Z
EXOD,7.46,2026-04-28T19:59:56Z
EXP,207.805,2026-04-28T19:59:26Z
EXPD,147.39,2026-04-28T19:59:59Z
EXPE,242.135,2026-04-28T19:59:56Z
EXPI,6.57,2026-04-28T19:59:58Z
EXPO,66.965,2026-04-28T19:59:43Z
EXR,140.925,2026-04-28T19:59:50Z
EXTR,17.065,2026-04-28T19:59:57Z
EYE,24.075,2026-04-28T19:59:51Z
EYLD,44.5,2026-04-28T17:45:16Z
EYPT,13.46,2026-04-28T19:59:41Z
EZA,68.39,2026-04-28T17:27:36Z
EZBC,44.12,2026-04-28T19:59:51Z
EZET,17.21,2026-04-28T14:19:05Z
EZPW,32.27,2026-04-28T19:59:53Z
EZRA,0.1763,2026-04-28T19:59:39Z
EZU,65.82,2026-04-28T19:59:59Z
F,12.4,2026-04-28T19:59:57Z
F-B,21.13,2026-04-28T14:38:18Z
F-C,20.62,2026-04-28T15:12:45Z
F-D,22.43,2026-04-28T19:07:00Z
FA,13.07,2026-04-28T19:59:59Z
FAB,98.8,2026-04-28T18:18:45Z
FAD,173.11,2026-04-28T15:37:51Z
FAF,70.505,2026-04-28T19:59:55Z
FAI,45.05,2026-04-28T19:59:45Z
FALN,27.205,2026-04-28T19:59:46Z
FAN,26.37,2026-04-28T19:58:00Z
FANG,200.125,2026-04-28T19:59:46Z
FAPR,45.31,2026-04-28T19:55:52Z
FARM,1.25,2026-04-28T19:58:08Z
FAS,135.73,2026-04-28T19:59:09Z
FAST,44.68,2026-04-28T19:59:59Z
FATE,1.315,2026-04-28T19:59:48Z
FATN,2.11,2026-04-28T18:54:25Z
FAX,15.04,2026-04-28T19:59:28Z
FAZ,43.77,2026-04-28T19:55:00Z
FBCG,57.97,2026-04-28T19:59:59Z
FBCV,37.75,2026-04-28T19:30:30Z
FBIN,41.41,2026-04-28T19:59:58Z
FBIO,2.24,2026-04-28T19:58:08Z
FBIZ,58.38,2026-04-28T15:53:43Z
FBK,54.87,2026-04-28T19:59:06Z
FBL,31.1,2026-04-28T19:59:05Z
FBLA,14.15,2026-04-28T19:59:39Z
FBLG,1.37,2026-04-28T16:32:20Z
FBNC,59.67,2026-04-28T19:59:50Z
FBND,45.845,2026-04-28T19:59:55Z
FBOT,37.555,2026-04-28T16:24:39Z
FBP,24.185,2026-04-28T19:59:59Z
FBRT,9.2,2026-04-28T19:59:52Z
FBRT-E,19.63,2026-04-28T14:14:24Z
FBRX,26.345,2026-04-28T19:59:47Z
FBT,203.355,2026-04-28T19:59:37Z
FBTC,66.46,2026-04-28T19:59:56Z
FBUF,31.23,2026-04-28T18:32:43Z
FBY,11.14,2026-04-28T19:55:25Z
FBYD,17.12,2026-04-28T18:41:03Z
FC,22.235,2026-04-28T19:58:22Z
FCA,32.67,2026-04-28T19:30:19Z
FCAL,49.4,2026-04-28T14:32:16Z
FCAP,55.55,2026-04-28T19:35:41Z
FCBC,43.945,2026-04-28T17:20:55Z
FCBD,25.34,2026-04-28T19:54:37Z
FCCO,30.19,2026-04-28T19:53:29Z
FCEL,9.93,2026-04-28T19:59:51Z
FCF,18.88,2026-04-28T19:59:52Z
FCFS,213.935,2026-04-28T19:59:45Z
FCG,30.485,2026-04-28T19:59:50Z
FCHL,0.1392,2026-04-28T19:52:52Z
FCLD,30.38,2026-04-28T18:14:35Z
FCN,183.07,2026-04-28T19:59:06Z
FCNCA,1983.19,2026-04-28T19:59:43Z
FCO,2.68,2026-04-28T18:42:24Z
FCOM,73.71,2026-04-28T19:59:50Z
FCOR,47.385,2026-04-28T19:38:52Z
FCPT,25.52,2026-04-28T19:59:54Z
FCRS=,10.41,2026-04-28T19:35:10Z
FCT,9.79,2026-04-28T18:00:32Z
FCX,58.205,2026-04-28T19:59:57Z
FDAT,21.78,2026-04-28T15:03:18Z
FDD,18.84,2026-04-28T13:38:45Z
FDEM,34.675,2026-04-28T19:58:58Z
FDHY,49.39,2026-04-28T17:24:15Z
FDIF,36.39,2026-04-28T16:35:15Z
FDIS,101.03,2026-04-28T19:22:35Z
FDIV,27.88,2026-04-28T17:35:11Z
FDL,49.775,2026-04-28T19:58:29Z
FDLO,67.98,2026-04-28T17:17:30Z
FDMO,88.62,2026-04-28T17:33:03Z
FDMT,9.42,2026-04-28T19:59:55Z
FDN,260.01,2026-04-28T19:59:50Z
FDP,41.77,2026-04-28T19:44:19Z
FDRS,22.47,2026-04-28T19:59:55Z
FDS,229.38,2026-04-28T19:59:25Z
FDT,92.91,2026-04-28T19:51:16Z
FDTX,44.76,2026-04-28T19:59:02Z
FDUS,18.68,2026-04-28T19:59:22Z
FDV,31.05,2026-04-28T19:57:50Z
FDVV,58.73,2026-04-28T19:59:26Z
FDX,390.01,2026-04-28T19:59:51Z
FE,49.57,2026-04-28T19:59:59Z
FEAM,1.72,2026-04-28T19:57:42Z
FEBP,33.08,2026-04-28T19:22:03Z
FEED,1.24,2026-04-28T19:48:05Z
FEGE,48.7,2026-04-28T19:59:56Z
FEIM,49.05,2026-04-28T19:55:52Z
FELC,39.68,2026-04-28T19:59:51Z
FELE,103.045,2026-04-28T19:59:32Z
FELG,42.02,2026-04-28T19:59:14Z
FELV,37.125,2026-04-28T19:29:31Z
FEMB,29.56,2026-04-28T19:57:00Z
FEMS,47.11,2026-04-28T18:44:43Z
FEMY,0.3925,2026-04-28T18:20:47Z
FENC,6.735,2026-04-28T19:47:09Z
FENI,38.77,2026-04-28T19:59:51Z
FENY,32.31,2026-04-28T19:58:15Z
FEOE,52.165,2026-04-28T19:54:58Z
FEPI,42.845,2026-04-28T17:08:31Z
FER,67.88,2026-04-28T19:59:45Z
FERG,258.13,2026-04-28T19:59:54Z
FESM,42.53,2026-04-28T19:57:50Z
FET,63.61,2026-04-28T19:59:16Z
FETH,22.93,2026-04-28T19:59:40Z
FEUZ,65.845,2026-04-28T19:04:20Z
FEZ,65.15,2026-04-28T19:59:51Z
FF,4.23,2026-04-28T19:59:40Z
FFA,21.84,2026-04-28T17:28:39Z
FFAI,0.3884,2026-04-28T19:59:39Z
FFBC,30.8,2026-04-28T19:59:53Z
FFC,16.03,2026-04-28T19:05:40Z
FFEM,39.37,2026-04-28T13:49:37Z
FFIC,16.36,2026-04-28T19:59:54Z
FFIN,32.695,2026-04-28T19:59:59Z
FFIV,303.76,2026-04-28T19:59:59Z
FFLC,56.625,2026-04-28T19:55:07Z
FFLG,31.99,2026-04-28T19:52:54Z
FFND,30.85,2026-04-28T15:10:48Z
FFSM,34.825,2026-04-28T19:58:50Z
FFUT,58.985,2026-04-28T19:56:52Z
FG,28.615,2026-04-28T19:59:50Z
FGBI,9.035,2026-04-28T19:59:33Z
FGD,33.085,2026-04-28T19:59:59Z
FGDL,60.71,2026-04-28T14:48:03Z
FGI,6.84,2026-04-28T19:48:51Z
FGN,25.23,2026-04-28T19:40:33Z
FGNX,6.95,2026-04-28T16:56:40Z
FHB,27.16,2026-04-28T19:59:59Z
FHEQ,31.69,2026-04-28T18:57:28Z
FHI,56.88,2026-04-28T19:59:51Z
FHLC,69.375,2026-04-28T19:37:55Z
FHN,24.65,2026-04-28T19:59:56Z
FHN-H,25.03,2026-04-28T17:28:03Z
FHTX,5.15,2026-04-28T19:59:52Z
FHYS,23.15,2026-04-28T18:50:19Z
FIAX,17.655,2026-04-28T19:59:46Z
FIBK,35.7,2026-04-28T19:59:57Z
FICO,1009.83,2026-04-28T19:59:53Z
FID,21.7,2026-04-28T19:15:54Z
FIDI,27.985,2026-04-28T19:58:12Z
FIDU,91.83,2026-04-28T15:04:54Z
FIG,17.17,2026-04-28T19:59:59Z
FIGB,43.175,2026-04-28T19:59:44Z
FIGG,0.7467,2026-04-28T19:59:41Z
FIGR,34.42,2026-04-28T19:59:54Z
FIGS,15.02,2026-04-28T19:59:57Z
FIHL,21.18,2026-04-28T19:59:59Z
FIIG,20.825,2026-04-28T19:58:57Z
FINS,12.77,2026-04-28T19:28:07Z
FINV,5.02,2026-04-28T19:59:59Z
FIP,5.6,2026-04-28T19:59:50Z
FIS,46.33,2026-04-28T19:59:56Z
FISI,34.96,2026-04-28T19:58:23Z
FISR,25.705,2026-04-28T18:13:37Z
FISV,61.615,2026-04-28T19:59:23Z
FITB,50.31,2026-04-28T19:59:59Z
FITBI,25.34,2026-04-28T18:51:09Z
FITE,92.49,2026-04-28T17:10:07Z
FIVA,36.2,2026-04-28T17:08:13Z
FIVE,232.49,2026-04-28T19:59:50Z
FIVN,16.77,2026-04-28T19:59:57Z
FIW,107.095,2026-04-28T19:55:22Z
FIX,1716.77,2026-04-28T19:59:24Z
FIXD,43.74,2026-04-28T19:59:58Z
FIZZ,34.52,2026-04-28T19:59:32Z
FJET,5.83,2026-04-28T19:59:45Z
FJP,74.795,2026-04-28T18:55:14Z
FJUN,58.96,2026-04-28T18:31:33Z
FKU,52.47,2026-04-28T15:46:40Z
FLBL,23.15,2026-04-28T19:50:10Z
FLBR,24.795,2026-04-28T19:59:59Z
FLC,17.02,2026-04-28T17:31:12Z
FLCB,21.505,2026-04-28T19:43:23Z
FLCH,22.695,2026-04-28T18:32:21Z
FLD,1.5,2026-04-28T19:59:51Z
FLDB,50.47,2026-04-28T16:39:42Z
FLDDW,0.1549,2026-04-28T18:23:35Z
FLDR,50.235,2026-04-28T19:54:28Z
FLEU,34.015,2026-04-28T16:06:06Z
FLEX,87.2,2026-04-28T19:59:50Z
FLG,14.02,2026-04-28T19:59:59Z
FLG-A,22.98,2026-04-28T17:46:05Z
FLGR,33.025,2026-04-28T16:03:04Z
FLGT,15.29,2026-04-28T19:59:59Z
FLGV,20.395,2026-04-28T19:58:57Z
FLHY,24.385,2026-04-28T19:48:00Z
FLIA,20.265,2026-04-28T19:52:02Z
FLIN,35.23,2026-04-28T19:59:15Z
FLJH,42.16,2026-04-28T19:22:11Z
FLJP,37.45,2026-04-28T19:59:51Z
FLKR,50.185,2026-04-28T19:58:59Z
FLL,2.39,2026-04-28T19:59:51Z
FLLA,29.13,2026-04-28T19:57:52Z
FLMI,25.015,2026-04-28T19:57:06Z
FLNA,1.56,2026-04-28T19:33:46Z
FLNC,12.345,2026-04-28T19:59:53Z
FLNG,31.69,2026-04-28T19:59:59Z
FLO,8.94,2026-04-28T19:59:58Z
FLOC,24.29,2026-04-28T19:59:09Z
FLOT,51,2026-04-28T19:59:55Z
FLQL,73.735,2026-04-28T19:56:56Z
FLQM,56.385,2026-04-28T18:46:04Z
FLR,50.53,2026-04-28T19:59:55Z
FLRN,30.81,2026-04-28T19:59:46Z
FLS,85.075,2026-04-28T19:59:54Z
FLSP,27.06,2026-04-28T16:48:00Z
FLTR,25.52,2026-04-28T19:56:15Z
FLTW,84,2026-04-28T19:14:43Z
FLUD,25.02,2026-04-28T16:57:35Z
FLUT,109.09,2026-04-28T19:59:53Z
FLWS,3.715,2026-04-28T19:59:32Z
FLX,2.82,2026-04-28T19:57:57Z
FLXR,39.395,2026-04-28T19:57:09Z
FLXS,55.85,2026-04-28T19:55:25Z
FLY,34.215,2026-04-28T19:59:49Z
FLYE,2.02,2026-04-28T13:30:15Z
FLYW,13.59,2026-04-28T19:59:58Z
FLYX,2.05,2026-04-28T19:54:00Z
FMAG,35.4,2026-04-28T14:39:49Z
FMAO,27.71,2026-04-28T19:59:51Z
FMAR,50.945,2026-04-28T17:54:43Z
FMAT,59.48,2026-04-28T19:57:31Z
FMAY,55.25,2026-04-28T19:59:50Z
FMB,51.16,2026-04-28T19:59:45Z
FMBH,43.73,2026-04-28T19:59:25Z
FMC,15.26,2026-04-28T19:59:59Z
FMDE,37.99,2026-04-28T19:59:52Z
FMED,24.74,2026-04-28T19:55:37Z
FMF,51.76,2026-04-28T19:50:53Z
FMFC,0.372,2026-04-28T17:19:09Z
FMN,11.09,2026-04-28T18:43:31Z
FMNB,14.37,2026-04-28T19:59:59Z
FMNY,26.745,2026-04-28T19:59:00Z
FMS,22.515,2026-04-28T19:59:56Z
FMST,1.71,2026-04-28T17:43:31Z
FMTM,37.99,2026-04-28T19:41:36Z
FMX,113.63,2026-04-28T19:59:48Z
FMY,11.975,2026-04-28T14:34:01Z
FN,637.68,2026-04-28T19:59:59Z
FNB,17.75,2026-04-28T19:59:59Z
FNCL,74.21,2026-04-28T18:50:37Z
FND,49.415,2026-04-28T19:59:55Z
FNDA,35.37,2026-04-28T19:59:49Z
FNDB,28.91,2026-04-28T19:58:09Z
FNDC,48.965,2026-04-28T16:27:01Z
FNDE,40.23,2026-04-28T19:55:46Z
FNDF,50.92,2026-04-28T19:59:51Z
FNDX,29.555,2026-04-28T19:59:01Z
FNF,52.675,2026-04-28T19:59:49Z
FNGD,45.14,2026-04-28T19:48:29Z
FNGG,206.99,2026-04-28T18:07:01Z
FNGO,118.4,2026-04-28T18:32:11Z
FNGR,1.015,2026-04-28T19:59:30Z
FNGS,69.62,2026-04-28T17:41:47Z
FNGU,24.42,2026-04-28T19:59:53Z
FNKO,4.405,2026-04-28T19:59:58Z
FNLC,29.7,2026-04-28T19:10:33Z
FNOV,56.69,2026-04-28T19:03:49Z
FNRN,15.95,2026-04-28T18:00:26Z
FNUC,2.27,2026-04-28T19:58:20Z
FNV,232.3,2026-04-28T19:59:50Z
FNWB,9.81,2026-04-28T16:00:57Z
FNX,136.78,2026-04-28T16:39:10Z
FNY,98.555,2026-04-28T18:53:46Z
FOA,20.44,2026-04-28T16:38:28Z
FOCT,50.575,2026-04-28T16:48:34Z
FOFO,2.8,2026-04-28T19:06:48Z
FONR,18.87,2026-04-28T17:31:10Z
FOR,28.105,2026-04-28T19:59:40Z
FORA,2.15,2026-04-28T16:13:22Z
FORM,134.07,2026-04-28T19:59:28Z
FORR,6.26,2026-04-28T19:59:09Z
FOSL,4.55,2026-04-28T19:59:50Z
FOUR,46.22,2026-04-28T19:59:57Z
FOWF,32.35,2026-04-28T19:16:43Z
FOX,56.59,2026-04-28T19:59:54Z
FOXA,63.14,2026-04-28T19:59:53Z
FOXF,17.69,2026-04-28T19:59:58Z
FOXY,29.2,2026-04-28T19:54:51Z
FPA,49.37,2026-04-28T18:34:30Z
FPAG,38.1,2026-04-28T19:49:14Z
FPE,18.105,2026-04-28T19:59:16Z
FPEI,19.18,2026-04-28T19:59:55Z
FPF,18.27,2026-04-28T19:53:22Z
FPH,5.04,2026-04-28T19:59:29Z
FPI,11.55,2026-04-28T19:59:57Z
FPS,36.895,2026-04-28T19:59:50Z
FPWR,37.69,2026-04-28T19:58:46Z
FPX,178.09,2026-04-28T13:49:30Z
FQAL,77.67,2026-04-28T15:57:02Z
FR,62.45,2026-04-28T19:59:48Z
FRA,11.03,2026-04-28T19:48:10Z
FRBA,15.5,2026-04-28T19:59:54Z
FRDM,62.38,2026-04-28T19:55:18Z
FREL,29.025,2026-04-28T19:51:25Z
FRHC,149.95,2026-04-28T19:45:48Z
FRI,30.6,2026-04-28T19:59:52Z
FRME,40.48,2026-04-28T19:59:40Z
FRMI,5.29,2026-04-28T19:59:55Z
FRMM,5.15,2026-04-28T19:59:00Z
FRNW,24.63,2026-04-28T16:39:56Z
FRO,36.12,2026-04-28T19:59:40Z
FROG,45.5,2026-04-28T19:59:50Z
FRPH,21.665,2026-04-28T18:50:16Z
FRPT,65.62,2026-04-28T19:59:52Z
FRSH,8.28,2026-04-28T19:59:56Z
FRST,14.84,2026-04-28T19:59:53Z
FRT,112.5,2026-04-28T19:59:49Z
FRT-C,19.44,2026-04-28T14:12:51Z
FRTY,20.395,2026-04-28T19:55:03Z
FSBC,40.425,2026-04-28T19:58:41Z
FSCC,32.97,2026-04-28T17:46:30Z
FSCO,5.065,2026-04-28T19:58:21Z
FSEC,44.11,2026-04-28T18:41:15Z
FSEP,53.31,2026-04-28T14:23:35Z
FSI,6.52,2026-04-28T19:55:39Z
FSIG,18.965,2026-04-28T19:58:55Z
FSK,10.82,2026-04-28T19:59:54Z
FSLR,195.85,2026-04-28T19:59:56Z
FSLY,24.625,2026-04-28T19:59:55Z
FSM,9.58,2026-04-28T19:59:59Z
FSMB,19.995,2026-04-28T19:54:19Z
FSOL,9.95,2026-04-28T19:59:46Z
FSP,0.6624,2026-04-28T19:59:38Z
FSS,111.64,2026-04-28T19:59:47Z
FSSL,11.86,2026-04-28T19:56:11Z
FSTA,53.2,2026-04-28T19:59:50Z
FSTR,31.335,2026-04-28T19:58:59Z
FSUN,37.33,2026-04-28T19:59:35Z
FSV,142.98,2026-04-28T19:58:21Z
FSYD,49.09,2026-04-28T14:50:44Z
FT,8.145,2026-04-28T19:41:16Z
FTAG,29.43,2026-04-28T14:56:12Z
FTAI,215.94,2026-04-28T19:59:59Z
FTAIM,26.6,2026-04-28T17:04:10Z
FTBI,21.46,2026-04-28T14:35:07Z
FTC,166.79,2026-04-28T19:27:48Z
FTCA,7.365,2026-04-28T19:56:54Z
FTCB,20.96,2026-04-28T19:59:59Z
FTCI,4.6,2026-04-28T16:29:57Z
FTCS,92.9,2026-04-28T19:50:06Z
FTDR,62.1,2026-04-28T19:59:28Z
FTEC,245.16,2026-04-28T19:53:00Z
FTEK,1.55,2026-04-28T19:59:44Z
FTF,5.89,2026-04-28T19:59:55Z
FTFT,1.765,2026-04-28T14:41:21Z
FTGC,29.285,2026-04-28T19:58:00Z
FTHF,42.48,2026-04-28T17:50:19Z
FTHI,23.56,2026-04-28T19:59:54Z
FTHM,0.9673,2026-04-28T19:24:02Z
FTHY,13.685,2026-04-28T18:14:24Z
FTI,75.48,2026-04-28T19:59:54Z
FTK,16.87,2026-04-28T19:22:11Z
FTLS,73.105,2026-04-28T19:53:19Z
FTMA,9.06,2026-04-28T18:55:05Z
FTMH,11.72,2026-04-28T19:50:52Z
FTMN,8.86,2026-04-28T18:15:19Z
FTMU,7.88,2026-04-28T19:52:07Z
FTNJ,8.81,2026-04-28T14:42:05Z
FTNT,85.74,2026-04-28T19:59:53Z
FTNY,7.91,2026-04-28T19:59:00Z
FTOH,8.39,2026-04-28T17:26:33Z
FTQI,21.01,2026-04-28T19:59:51Z
FTRB,25.275,2026-04-28T19:41:39Z
FTRE,10.77,2026-04-28T19:59:59Z
FTRI,17.475,2026-04-28T19:18:01Z
FTRK,0.3601,2026-04-28T15:49:27Z
FTS,56.47,2026-04-28T19:59:51Z
FTSD,90.82,2026-04-28T19:21:06Z
FTSL,45.09,2026-04-28T19:55:17Z
FTSM,59.97,2026-04-28T19:58:26Z
FTV,61.765,2026-04-28T19:59:52Z
FTW,10.59,2026-04-28T17:27:23Z
FTW+,0.92,2026-04-28T19:45:09Z
FTXL,201.05,2026-04-28T19:51:34Z
FTXN,36.58,2026-04-28T19:51:03Z
FTXO,38.98,2026-04-28T19:03:40Z
FTXR,41.12,2026-04-28T19:59:50Z
FUBO,11.525,2026-04-28T19:59:51Z
FUFU,1.935,2026-04-28T19:59:41Z
FUL,61.87,2026-04-28T19:59:52Z
FULC,7.43,2026-04-28T19:59:57Z
FULT,21.72,2026-04-28T19:59:58Z
FUN,18.22,2026-04-28T19:59:53Z
FUND,10.04,2026-04-28T19:54:17Z
FURY,0.5737,2026-04-28T19:59:36Z
FUSE,1.75,2026-04-28T19:54:51Z
FUTG,11.39,2026-04-28T16:48:38Z
FUTU,155.07,2026-04-28T19:59:35Z
FUTY,59.88,2026-04-28T14:53:07Z
FVAL,75.13,2026-04-28T17:45:16Z
FVCB,15.77,2026-04-28T19:59:50Z
FVD,47.775,2026-04-28T19:59:08Z
FVR,17.73,2026-04-28T19:58:38Z
FVRR,10.36,2026-04-28T19:59:53Z
FWD,123.92,2026-04-28T19:52:40Z
FWDI,4.305,2026-04-28T19:59:54Z
FWONA,79.62,2026-04-28T19:59:14Z
FWONK,86.045,2026-04-28T19:59:51Z
FWRD,22.435,2026-04-28T19:59:47Z
FWRG,12.86,2026-04-28T19:59:55Z
FXE,108.04,2026-04-28T19:56:08Z
FXF,111.79,2026-04-28T19:12:03Z
FXG,64.74,2026-04-28T16:49:07Z
FXH,112.56,2026-04-28T18:10:29Z
FXI,36.26,2026-04-28T19:59:59Z
FXL,180.19,2026-04-28T16:50:20Z
FXN,21.76,2026-04-28T19:50:05Z
FXNC,28.715,2026-04-28T19:57:06Z
FXO,60.11,2026-04-28T19:58:17Z
FXR,86.8,2026-04-28T19:13:52Z
FXU,49.39,2026-04-28T19:33:14Z
FXY,57.48,2026-04-28T14:53:04Z
FYC,108.88,2026-04-28T19:30:10Z
FYEE,28.6,2026-04-28T19:35:20Z
FYX,131.76,2026-04-28T19:56:26Z
G,33.955,2026-04-28T19:59:57Z
GAB,5.64,2026-04-28T19:59:59Z
GAB-H,20.365,2026-04-28T16:26:26Z
GAB-K,20.66,2026-04-28T14:42:02Z
GABC,43.245,2026-04-28T19:58:24Z
GAIA,3.12,2026-04-28T19:59:36Z
GAIN,16.21,2026-04-28T19:59:56Z
GALT,2.32,2026-04-28T19:59:56Z
GAM,64.95,2026-04-28T19:50:01Z
GAMB,3.92,2026-04-28T19:59:59Z
GAME,0.5994,2026-04-28T19:59:31Z
GANX,1.86,2026-04-28T19:59:51Z
GAP,24.44,2026-04-28T19:59:56Z
GAPR,40.69,2026-04-28T19:54:43Z
GARP,72.27,2026-04-28T18:43:20Z
GASS,9.515,2026-04-28T17:51:32Z
GATX,196.93,2026-04-28T18:54:30Z
GAU,2.265,2026-04-28T19:59:50Z
GAUZ,0.715,2026-04-28T18:04:18Z
GBAB,14.5,2026-04-28T19:26:24Z
GBCI,49.44,2026-04-28T19:59:52Z
GBDC,13.445,2026-04-28T19:59:58Z
GBFH,28.68,2026-04-28T19:55:27Z
GBIL,100.17,2026-04-28T16:17:37Z
GBND,50.7,2026-04-28T19:59:46Z
GBR,0.855,2026-04-28T19:58:27Z
GBTC,59.34,2026-04-28T19:59:03Z
GBTG,5.89,2026-04-28T19:59:56Z
GBUG,44.315,2026-04-28T16:56:38Z
GBX,48.42,2026-04-28T19:59:50Z
GCAD,50.19,2026-04-28T18:15:36Z
GCAL,51.03,2026-04-28T17:50:37Z
GCC,24.8,2026-04-28T14:59:08Z
GCDT,0.807,2026-04-28T14:02:40Z
GCMG,10.91,2026-04-28T19:59:48Z
GCO,35.98,2026-04-28T19:59:52Z
GCOR,41.35,2026-04-28T19:59:45Z
GCOW,45.63,2026-04-28T19:34:48Z
GCT,42.98,2026-04-28T19:59:05Z
GCTK,0.8247,2026-04-28T19:59:24Z
GCTS,1.295,2026-04-28T19:59:43Z
GCV,4.5,2026-04-28T17:16:31Z
GD,313.585,2026-04-28T19:59:57Z
GDDY,85.34,2026-04-28T19:59:59Z
GDE,66.47,2026-04-28T19:56:09Z
GDEN,28.58,2026-04-28T19:59:59Z
GDHG,1.71,2026-04-28T13:30:57Z
GDLC,34.305,2026-04-28T16:53:03Z
GDMA,41.77,2026-04-28T18:19:59Z
GDMN,95.59,2026-04-28T19:31:57Z
GDO,11,2026-04-28T15:55:53Z
GDOG,11.56,2026-04-28T14:47:35Z
GDOT,12.145,2026-04-28T19:59:51Z
GDRX,2.325,2026-04-28T19:59:43Z
GDS,41.79,2026-04-28T19:59:50Z
GDTC,0.9699,2026-04-28T13:45:49Z
GDV,29.2,2026-04-28T19:22:48Z
GDX,88.59,2026-04-28T19:59:59Z
GDXD,42.05,2026-04-28T19:59:00Z
GDXJ,116.73,2026-04-28T19:59:56Z
GDXU,175.14,2026-04-28T19:10:13Z
GDXW,48.66,2026-04-28T16:44:00Z
GDXY,13.05,2026-04-28T19:59:00Z
GDYN,5.59,2026-04-28T19:59:55Z
GE,289.21,2026-04-28T19:59:59Z
GECC,5.54,2026-04-28T19:59:37Z
GECCI,25.24,2026-04-28T13:55:12Z
GEF,66.32,2026-04-28T19:59:59Z
GEF.B,83.46,2026-04-28T13:41:02Z
GEHC,68.5,2026-04-28T19:59:55Z
GEL,17.155,2026-04-28T19:59:49Z
GELS,0.62,2026-04-28T16:55:56Z
GEM,47.725,2026-04-28T19:12:05Z
GEME,38.92,2026-04-28T19:45:32Z
GEMI,4.48,2026-04-28T19:59:53Z
GEN,19.26,2026-04-28T19:59:59Z
GENB,12.43,2026-04-28T19:59:56Z
GENC,14.965,2026-04-28T15:00:20Z
GEND,12.56,2026-04-28T17:28:32Z
GENI,4.32,2026-04-28T19:59:56Z
GENK,1.575,2026-04-28T18:42:47Z
GENM,10.35,2026-04-28T18:39:04Z
GENVR,0.3902,2026-04-28T18:14:39Z
GENW,14.47,2026-04-28T17:40:39Z
GEO,18.84,2026-04-28T19:59:59Z
GEOS,9.86,2026-04-28T19:59:55Z
GERN,1.5,2026-04-28T19:59:59Z
GETY,0.8754,2026-04-28T19:59:20Z
GEV,1089.07,2026-04-28T19:59:53Z
GEVG,32.96,2026-04-28T17:49:31Z
GEVO,1.825,2026-04-28T19:59:56Z
GEVX,77.94,2026-04-28T19:55:10Z
GF,11.265,2026-04-28T19:59:40Z
GFAI,0.5428,2026-04-28T19:29:23Z
GFEB,42.99,2026-04-28T17:41:49Z
GFF,92.245,2026-04-28T19:58:54Z
GFI,43.32,2026-04-28T19:59:54Z
GFL,40.13,2026-04-28T19:59:54Z
GFR,6.21,2026-04-28T19:57:13Z
GFS,59.5,2026-04-28T19:59:59Z
GGAL,43.58,2026-04-28T19:59:51Z
GGB,4.525,2026-04-28T19:59:58Z
GGG,80.365,2026-04-28T19:59:55Z
GGLL,114.09,2026-04-28T19:59:45Z
GGLS,5.98,2026-04-28T19:59:56Z
GGN,5.28,2026-04-28T18:15:34Z
GGR,4.19,2026-04-28T19:15:57Z
GGRP,0.5497,2026-04-28T15:38:57Z
GGT,4.15,2026-04-28T18:21:51Z
GH,83.115,2026-04-28T19:59:59Z
GHC,1178.74,2026-04-28T19:59:47Z
GHI,5.11,2026-04-28T13:49:37Z
GHM,93.085,2026-04-28T19:25:12Z
GHRS,19.84,2026-04-28T19:59:57Z
GHY,11.85,2026-04-28T19:56:57Z
GHYG,45.58,2026-04-28T19:50:54Z
GIB,73.61,2026-04-28T19:59:31Z
GIC,34.025,2026-04-28T17:28:37Z
GIG,10.68,2026-04-28T18:35:57Z
GIGB,45.93,2026-04-28T18:03:20Z
GIII,31.48,2026-04-28T19:59:17Z
GIL,57.89,2026-04-28T19:59:49Z
GILD,129.225,2026-04-28T19:59:57Z
GILT,16.485,2026-04-28T19:59:55Z
GIPR,0.2615,2026-04-28T14:55:46Z
GIS,34.76,2026-04-28T19:59:59Z
GITS,1.39,2026-04-28T19:37:34Z
GIXXR,0.24,2026-04-28T17:36:37Z
GJAN,43.87,2026-04-28T15:00:43Z
GJS,23.535,2026-04-28T19:57:46Z
GJUL,42.47,2026-04-28T18:08:46Z
GJUN,40.63,2026-04-28T19:14:22Z
GKOS,119.71,2026-04-28T19:58:40Z
GL,152.51,2026-04-28T19:58:08Z
GLAD,18.645,2026-04-28T19:59:57Z
GLBE,31.955,2026-04-28T19:59:18Z
GLD,421.94,2026-04-28T19:59:59Z
GLDB,23.98,2026-04-28T19:17:00Z
GLDG,1.18,2026-04-28T19:59:50Z
GLDI,162.54,2026-04-28T15:23:54Z
GLDM,90.915,2026-04-28T19:59:40Z
GLE,0.335,2026-04-28T19:05:24Z
GLED,9.89,2026-04-28T14:33:12Z
GLIBA,35.3,2026-04-28T19:59:43Z
GLIBK,34.71,2026-04-28T19:59:52Z
GLL,20.91,2026-04-28T19:59:40Z
GLMD,0.5893,2026-04-28T19:53:18Z
GLND,3.275,2026-04-28T19:59:50Z
GLNDW,0.94,2026-04-28T19:59:19Z
GLNG,52.835,2026-04-28T19:59:56Z
GLNK,8.19,2026-04-28T18:17:34Z
GLO,5.795,2026-04-28T19:59:05Z
GLOB,41.02,2026-04-28T19:59:53Z
GLOO,6.75,2026-04-28T17:04:13Z
GLPG,28.39,2026-04-28T19:55:00Z
GLPI,48.025,2026-04-28T19:59:52Z
GLQ,8.04,2026-04-28T19:51:34Z
GLRE,18.825,2026-04-28T19:59:04Z
GLSI,22.98,2026-04-28T18:55:06Z
GLTR,212.12,2026-04-28T14:50:18Z
GLUE,19.01,2026-04-28T19:59:50Z
GLV,5.995,2026-04-28T14:31:31Z
GLW,152.995,2026-04-28T19:59:58Z
GLWG,19.26,2026-04-28T19:57:21Z
GLXU,9.81,2026-04-28T19:59:46Z
GLXY,26.37,2026-04-28T19:59:53Z
GM,78.99,2026-04-28T19:59:58Z
GMAB,26.785,2026-04-28T19:59:57Z
GMAR,43.33,2026-04-28T19:59:46Z
GMAY,42.47,2026-04-28T19:48:41Z
GME,25.09,2026-04-28T19:59:59Z
GME+,3.62,2026-04-28T19:06:22Z
GMED,90.67,2026-04-28T19:59:57Z
GMEU,11.81,2026-04-28T16:55:29Z
GMEX,0.3397,2026-04-28T19:59:00Z
GMOI,37.12,2026-04-28T17:25:38Z
GMTL,19,2026-04-28T19:59:06Z
GNK,24.33,2026-04-28T19:59:57Z
GNL,9.56,2026-04-28T19:59:53Z
GNL-B,21.42,2026-04-28T16:17:24Z
GNLN,3.83,2026-04-28T19:27:34Z
GNLX,2.515,2026-04-28T19:51:08Z
GNOV,40.73,2026-04-28T14:21:48Z
GNPX,0.9239,2026-04-28T19:54:50Z
GNR,73.44,2026-04-28T19:55:17Z
GNRC,217.71,2026-04-28T19:59:35Z
GNS,0.2913,2026-04-28T19:57:01Z
GNSS,1.88,2026-04-28T14:46:29Z
GNT,8.6,2026-04-28T13:30:00Z
GNT-A,20.81,2026-04-28T19:06:46Z
GNTX,23.45,2026-04-28T19:59:56Z
GNW,9.015,2026-04-28T19:59:59Z
GO,7.895,2026-04-28T19:59:55Z
GOAI,3.985,2026-04-28T19:53:32Z
GOAU,42.51,2026-04-28T18:01:37Z
GOCO,1.145,2026-04-28T19:37:28Z
GOCT,40.4,2026-04-28T15:22:06Z
GOEX,82.49,2026-04-28T19:47:11Z
GOF,11.34,2026-04-28T19:59:08Z
GOGO,4.045,2026-04-28T19:59:53Z
GOLD,45.76,2026-04-28T19:59:46Z
GOLF,97.33,2026-04-28T19:59:18Z
GOLY,29.03,2026-04-28T16:43:31Z
GOOD,12.75,2026-04-28T19:59:29Z
GOOG,347.495,2026-04-28T19:59:45Z
GOOGL,349.765,2026-04-28T19:59:53Z
GOOS,11.395,2026-04-28T19:59:51Z
GOOX,81.16,2026-04-28T19:53:50Z
GOOY,14.495,2026-04-28T19:59:53Z
GORO,1.47,2026-04-28T19:59:50Z
GOSS,0.3435,2026-04-28T19:59:57Z
GOTU,1.915,2026-04-28T19:59:46Z
GOU,28.67,2026-04-28T16:21:18Z
GOVI,27.2,2026-04-28T19:55:43Z
GOVT,22.88,2026-04-28T19:59:55Z
GOVX,1.12,2026-04-28T13:51:54Z
GOVZ,9.08,2026-04-28T19:55:07Z
GP,0.9906,2026-04-28T17:45:33Z
GPC,105.36,2026-04-28T19:59:38Z
GPCR,43.485,2026-04-28T19:59:46Z
GPGI,15.05,2026-04-28T19:59:52Z
GPI,345.1,2026-04-28T19:58:13Z
GPIQ,54.615,2026-04-28T19:59:49Z
GPIX,53.68,2026-04-28T19:59:46Z
GPK,9.72,2026-04-28T19:59:56Z
GPMT,1.52,2026-04-28T19:59:21Z
GPN,67.91,2026-04-28T19:59:59Z
GPOR,191.33,2026-04-28T19:59:32Z
GPRE,16.82,2026-04-28T19:59:59Z
GPRK,9.25,2026-04-28T19:59:54Z
GPRO,1.525,2026-04-28T19:59:56Z
GPTY,41.68,2026-04-28T15:19:11Z
GPUS,0.1355,2026-04-28T19:59:53Z
GPZ,22.955,2026-04-28T19:57:18Z
GQGU,26.45,2026-04-28T17:01:41Z
GQRE,64.225,2026-04-28T17:38:12Z
GRAB,3.87,2026-04-28T19:59:55Z
GRAG,7.4,2026-04-28T14:11:45Z
GRAL,52.12,2026-04-28T19:59:17Z
GRBK,70.35,2026-04-28T19:57:59Z
GRC,75.24,2026-04-28T19:59:59Z
GRCE,2.1,2026-04-28T19:59:46Z
GRDN,37.565,2026-04-28T19:59:44Z
GRDX,2.24,2026-04-28T15:18:27Z
GREE,1.12,2026-04-28T19:59:55Z
GREK,69.11,2026-04-28T19:18:02Z
GRFS,8.07,2026-04-28T19:59:51Z
GRID,185.34,2026-04-28T19:59:38Z
GRML,0.4437,2026-04-28T19:55:13Z
GRMN,247.81,2026-04-28T19:59:54Z
GRND,13.44,2026-04-28T19:59:54Z
GRNI,20.7,2026-04-28T14:15:00Z
GRNJ,28.06,2026-04-28T14:54:06Z
GRNT,5.85,2026-04-28T19:59:55Z
GRNY,26.35,2026-04-28T19:59:31Z
GRO,3.16,2026-04-28T19:58:59Z
GROY,3.46,2026-04-28T19:59:57Z
GRPN,14.28,2026-04-28T19:59:53Z
GRRR,13.07,2026-04-28T19:59:10Z
GRWG,1.35,2026-04-28T19:59:55Z
GS,926.38,2026-04-28T19:59:53Z
GS-A,19.24,2026-04-28T19:58:17Z
GS-C,19.35,2026-04-28T19:51:21Z
GS-D,19.05,2026-04-28T19:59:21Z
GSAT,81.27,2026-04-28T19:59:50Z
GSBC,68.56,2026-04-28T19:59:46Z
GSBD,9.785,2026-04-28T19:59:42Z
GSEP,39.87,2026-04-28T14:50:53Z
GSEU,47.12,2026-04-28T14:01:39Z
GSEW,89.19,2026-04-28T14:20:23Z
GSG,33.33,2026-04-28T19:59:55Z
GSHD,48.99,2026-04-28T19:59:50Z
GSIE,44.67,2026-04-28T19:57:13Z
GSIT,7.11,2026-04-28T19:59:51Z
GSK,54.5,2026-04-28T19:59:56Z
GSL,39.57,2026-04-28T19:58:37Z
GSLC,136.095,2026-04-28T19:54:22Z
GSM,4.66,2026-04-28T19:59:52Z
GSOL,6.26,2026-04-28T19:46:03Z
GSSC,82.14,2026-04-28T14:48:41Z
GSST,50.575,2026-04-28T19:55:04Z
GSUN,0.7425,2026-04-28T17:30:41Z
GSUS,98.09,2026-04-28T14:00:59Z
GSWO,60.63,2026-04-28T19:50:01Z
GSY,50.14,2026-04-28T19:59:46Z
GT,7.12,2026-04-28T19:59:59Z
GTBP,0.2818,2026-04-28T19:59:39Z
GTE,8.91,2026-04-28T19:59:50Z
GTEN,10.35,2026-04-28T17:45:09Z
GTES,25.14,2026-04-28T19:59:59Z
GTLB,22.435,2026-04-28T19:59:58Z
GTLS,207.92,2026-04-28T19:59:56Z
GTM,6.17,2026-04-28T19:59:59Z
GTN,5.775,2026-04-28T19:59:43Z
GTO,46.995,2026-04-28T19:57:06Z
GTOP,42.79,2026-04-28T16:53:36Z
GTOQ,22.37,2026-04-28T15:21:42Z
GTR,26.355,2026-04-28T17:10:18Z
GTX,20.3,2026-04-28T19:59:57Z
GTY,33.14,2026-04-28T19:59:56Z
GUG,15.64,2026-04-28T19:18:39Z
GUMI,50.42,2026-04-28T19:37:00Z
GUNR,54.09,2026-04-28T19:57:20Z
GUSH,38.84,2026-04-28T19:58:26Z
GUT,6.16,2026-04-28T18:55:55Z
GUTS,0.6577,2026-04-28T19:59:55Z
GV,0.1967,2026-04-28T14:37:45Z
GVA,124.83,2026-04-28T19:59:06Z
GVAL,34.81,2026-04-28T19:58:52Z
GVH,3.565,2026-04-28T19:50:00Z
GVI,106.675,2026-04-28T19:49:22Z
GWAV,3.78,2026-04-28T19:50:10Z
GWH,1.155,2026-04-28T19:59:17Z
GWRE,138.83,2026-04-28T19:59:24Z
GWRS,7.43,2026-04-28T19:46:09Z
GWW,1161.265,2026-04-28T19:59:42Z
GWX,45.14,2026-04-28T16:47:45Z
GXAI,1.32,2026-04-28T19:57:31Z
GXC,94.64,2026-04-28T18:10:53Z
GXO,56.79,2026-04-28T19:59:49Z
GXPC,31.41,2026-04-28T19:59:51Z
GXPD,26.41,2026-04-28T19:59:47Z
GXPT,29.06,2026-04-28T15:00:00Z
GXRP,26.86,2026-04-28T19:59:46Z
GYLD,14.14,2026-04-28T16:42:33Z
GYRE,7.68,2026-04-28T19:58:56Z
H,162.335,2026-04-28T19:59:51Z
HACK,79.23,2026-04-28T19:20:31Z
HAE,59.85,2026-04-28T19:59:51Z
HAFC,31.03,2026-04-28T19:39:52Z
HAFN,8.77,2026-04-28T19:59:56Z
HAIN,0.7454,2026-04-28T19:59:54Z
HAKY,24.19,2026-04-28T14:14:31Z
HAL,40.805,2026-04-28T19:59:59Z
HALO,63.885,2026-04-28T19:59:53Z
HAS,95.54,2026-04-28T19:59:45Z
HASI,40.89,2026-04-28T19:59:56Z
HAUZ,23.69,2026-04-28T18:05:49Z
HAWX,42.965,2026-04-28T18:16:58Z
HAYW,15.8,2026-04-28T19:59:59Z
HBAN,16.565,2026-04-28T19:59:59Z
HBCP,63.365,2026-04-28T19:31:55Z
HBIO,6.52,2026-04-28T13:54:41Z
HBM,22.96,2026-04-28T19:59:55Z
HBNC,18.4,2026-04-28T19:59:58Z
HBR,12.17,2026-04-28T13:30:51Z
HBT,29.09,2026-04-28T19:50:59Z
HCA,431.71,2026-04-28T19:59:55Z
HCAI,5.775,2026-04-28T16:33:53Z
HCAT,1.335,2026-04-28T19:59:54Z
HCC,89.605,2026-04-28T19:59:54Z
HCHL,1.81,2026-04-28T19:56:00Z
HCI,158.07,2026-04-28T18:24:27Z
HCKT,13.15,2026-04-28T19:59:56Z
HCM,13.54,2026-04-28T19:59:59Z
HCMT,36.24,2026-04-28T17:15:14Z
HCSG,21.56,2026-04-28T19:59:24Z
HCTI,2.19,2026-04-28T14:37:55Z
HCWB,0.3985,2026-04-28T19:34:18Z
HCWC,0.2691,2026-04-28T19:41:06Z
HD,329.07,2026-04-28T19:59:57Z
HDB,25.36,2026-04-28T19:59:58Z
HDEF,32.795,2026-04-28T16:35:07Z
HDGE,16.8,2026-04-28T18:14:53Z
HDSN,6.33,2026-04-28T19:59:58Z
HDV,134.34,2026-04-28T19:51:20Z
HE,15.225,2026-04-28T19:59:49Z
HECA,27.34,2026-04-28T15:16:44Z
HEEM,40.27,2026-04-28T14:39:01Z
HEFA,43.79,2026-04-28T19:57:40Z
HEGD,25.87,2026-04-28T16:34:11Z
HEI,263.81,2026-04-28T19:59:50Z
HEI.A,205.51,2026-04-28T19:59:59Z
HELE,23.445,2026-04-28T19:59:46Z
HELO,67.21,2026-04-28T19:35:46Z
HELP,5.16,2026-04-28T19:59:50Z
HELS,22.89,2026-04-28T19:59:46Z
HEPS,2.785,2026-04-28T19:59:58Z
HEQ,11.5,2026-04-28T18:19:23Z
HERD,46.94,2026-04-28T18:13:40Z
HERE,3.55,2026-04-28T19:54:21Z
HERZ,17.59,2026-04-28T19:08:07Z
HESM,37.82,2026-04-28T19:59:56Z
HEWJ,58.87,2026-04-28T19:28:26Z
HEZU,45.515,2026-04-28T19:59:17Z
HFFG,1.97,2026-04-28T19:59:13Z
HFGO,27.79,2026-04-28T18:56:08Z
HFND,23.97,2026-04-28T18:01:04Z
HFRO,6.14,2026-04-28T19:59:59Z
HFSI,35.325,2026-04-28T19:41:53Z
HFWA,27.57,2026-04-28T19:59:59Z
HFXI,35.35,2026-04-28T19:56:52Z
HG,32.55,2026-04-28T19:59:49Z
HGER,31.96,2026-04-28T19:58:16Z
HGLB,8.06,2026-04-28T19:57:32Z
HGTY,10.61,2026-04-28T19:38:07Z
HGV,45.44,2026-04-28T19:59:50Z
HHH,63.99,2026-04-28T19:59:50Z
HIBL,85.55,2026-04-28T19:48:27Z
HIBS,31.805,2026-04-28T18:23:11Z
HIDE,24.37,2026-04-28T13:42:41Z
HIFS,288.89,2026-04-28T19:47:43Z
HIG,138.78,2026-04-28T19:59:50Z
HIG-G,25.07,2026-04-28T15:36:04Z
HII,361.56,2026-04-28T19:59:53Z
HIMS,27.94,2026-04-28T19:59:59Z
HIMU,48.785,2026-04-28T19:54:30Z
HIMX,10.96,2026-04-28T19:59:46Z
HIMZ,38,2026-04-28T19:55:18Z
HIO,3.665,2026-04-28T19:59:53Z
HIPO,28.79,2026-04-28T19:58:48Z
HISF,44.59,2026-04-28T19:59:45Z
HIT,1.5,2026-04-28T19:58:46Z
HITI,2.52,2026-04-28T19:59:56Z
HIVE,2.305,2026-04-28T19:59:53Z
HIW,24.91,2026-04-28T19:59:55Z
HIX,3.975,2026-04-28T19:59:59Z
HKD,1.73,2026-04-28T19:58:46Z
HKIT,0.8249,2026-04-28T19:44:21Z
HL,17.83,2026-04-28T19:59:59Z
HLF,16.64,2026-04-28T19:59:49Z
HLI,159.51,2026-04-28T19:59:00Z
HLIO,67.785,2026-04-28T19:57:17Z
HLIT,10.22,2026-04-28T19:59:49Z
HLLY,3.3,2026-04-28T19:59:55Z
HLMN,8.325,2026-04-28T19:59:57Z
HLN,9.485,2026-04-28T19:59:59Z
HLNE,90.67,2026-04-28T19:59:55Z
HLT,323.3,2026-04-28T19:59:57Z
HLX,10.08,2026-04-28T19:59:57Z
HMC,24.225,2026-04-28T19:59:45Z
HMH,20.605,2026-04-28T19:59:47Z
HMN,46.15,2026-04-28T19:59:15Z
HMOP,39.2,2026-04-28T19:31:52Z
HMR,0.804,2026-04-28T13:42:14Z
HMY,15.67,2026-04-28T19:59:59Z
HNGE,44.78,2026-04-28T19:59:50Z
HNI,37.89,2026-04-28T19:59:51Z
HNNA,9.86,2026-04-28T17:58:20Z
HNRG,15.47,2026-04-28T19:59:55Z
HNST,3.505,2026-04-28T19:59:58Z
HNVR,23.305,2026-04-28T19:48:49Z
HODL,21.59,2026-04-28T19:59:58Z
HODU,9.49,2026-04-28T19:49:06Z
HOFT,12.22,2026-04-28T19:59:43Z
HOG,23.415,2026-04-28T19:59:54Z
HOLO,1.68,2026-04-28T19:53:04Z
HOMB,27.06,2026-04-28T19:59:59Z
HON,212.97,2026-04-28T19:59:51Z
HOOD,82.04,2026-04-28T19:59:59Z
HOOG,23.1,2026-04-28T19:59:59Z
HOOW,25.855,2026-04-28T18:34:28Z
HOOX,26.12,2026-04-28T19:59:26Z
HOOY,30.835,2026-04-28T18:43:19Z
HOOZ,25.91,2026-04-28T19:58:49Z
HOPE,12.92,2026-04-28T19:59:56Z
HOTH,0.7398,2026-04-28T19:59:56Z
HOV,117.57,2026-04-28T19:55:49Z
HOVNP,21,2026-04-28T19:33:41Z
HOVR,1.985,2026-04-28T19:59:52Z
HOWL,0.7421,2026-04-28T19:59:41Z
HOYY,6.48,2026-04-28T19:59:45Z
HP,39.295,2026-04-28T19:59:45Z
HPE,27.94,2026-04-28T19:59:59Z
HPE-C,73.71,2026-04-28T15:55:23Z
HPI,16.015,2026-04-28T19:32:51Z
HPK,6.69,2026-04-28T19:59:48Z
HPP,9.81,2026-04-28T19:59:52Z
HPQ,19.735,2026-04-28T19:59:59Z
HPS,14.58,2026-04-28T19:55:10Z
HQ,10,2026-04-28T19:49:18Z
HQH,19.61,2026-04-28T19:34:34Z
HQI,11,2026-04-28T13:50:50Z
HQL,17.55,2026-04-28T19:59:56Z
HQWWW,3.15,2026-04-28T16:28:24Z
HQY,81.24,2026-04-28T19:59:30Z
HR,18.595,2026-04-28T19:59:58Z
HRB,31.52,2026-04-28T19:59:50Z
HRI,133.97,2026-04-28T19:59:50Z
HRL,21.31,2026-04-28T19:59:56Z
HRMY,31.17,2026-04-28T19:59:54Z
HROW,40.47,2026-04-28T19:59:52Z
HRTG,30.34,2026-04-28T19:59:53Z
HRTX,1.22,2026-04-28T19:59:57Z
HRZN,3.96,2026-04-28T19:59:55Z
HSAI,22.49,2026-04-28T19:59:48Z
HSBC,89.95,2026-04-28T19:59:53Z
HSDT,2.1,2026-04-28T19:59:32Z
HSHP,13.85,2026-04-28T19:59:30Z
HSIC,76.13,2026-04-28T19:59:27Z
HSLV,5.88,2026-04-28T19:35:19Z
HST,20.945,2026-04-28T19:59:56Z
HSTM,21.59,2026-04-28T19:59:11Z
HSY,187.97,2026-04-28T19:59:55Z
HTB,46.515,2026-04-28T19:50:58Z
HTCO,7.915,2026-04-28T19:05:16Z
HTCR,3.09,2026-04-28T17:29:42Z
HTD,25.24,2026-04-28T19:59:14Z
HTFL,30.56,2026-04-28T19:59:57Z
HTGC,15.65,2026-04-28T19:59:57Z
HTH,38.13,2026-04-28T19:59:24Z
HTHT,50.91,2026-04-28T19:59:59Z
HTLD,13.565,2026-04-28T19:59:49Z
HTO,59.26,2026-04-28T19:59:40Z
HTOO,3.39,2026-04-28T19:54:48Z
HTRB,33.945,2026-04-28T19:59:46Z
HTT,2.42,2026-04-28T19:59:55Z
HTZ,5.76,2026-04-28T19:59:55Z
HUBB,544.805,2026-04-28T19:59:52Z
HUBC,1.28,2026-04-28T19:58:50Z
HUBG,43.96,2026-04-28T19:59:45Z
HUBS,225.96,2026-04-28T19:59:52Z
HUM,229.835,2026-04-28T19:59:50Z
HUMA,0.8481,2026-04-28T19:59:44Z
HUMN,32.72,2026-04-28T19:20:05Z
HUN,13.67,2026-04-28T19:59:59Z
HURA,2.14,2026-04-28T19:59:54Z
HURC,17.245,2026-04-28T15:31:26Z
HURN,129.755,2026-04-28T19:52:09Z
HUSV,39.135,2026-04-28T15:27:53Z
HUT,72.07,2026-04-28T19:59:50Z
HUTG,14.55,2026-04-28T14:52:17Z
HUYA,3.03,2026-04-28T19:59:05Z
HVAC,38.71,2026-04-28T16:47:06Z
HVT,22.37,2026-04-28T16:41:29Z
HWC,67.335,2026-04-28T19:59:46Z
HWKN,163.49,2026-04-28T14:34:20Z
HWM,240.54,2026-04-28T19:59:59Z
HXHX,0.5799,2026-04-28T18:16:11Z
HXL,93.06,2026-04-28T19:59:55Z
HY,39.385,2026-04-28T15:57:42Z
HYBB,46.86,2026-04-28T18:07:21Z
HYBL,28.16,2026-04-28T19:59:54Z
HYD,51.13,2026-04-28T19:59:23Z
HYDB,47.045,2026-04-28T19:01:04Z
HYDR,50.31,2026-04-28T19:33:20Z
HYEM,20.11,2026-04-28T19:54:32Z
HYFI,37.54,2026-04-28T19:45:17Z
HYFT,1.245,2026-04-28T19:58:44Z
HYG,80.4,2026-04-28T19:59:55Z
HYGH,86.55,2026-04-28T17:58:01Z
HYGV,40.52,2026-04-28T19:59:51Z
HYHG,64.91,2026-04-28T15:27:07Z
HYI,10.79,2026-04-28T19:59:19Z
HYIN,14.97,2026-04-28T17:30:18Z
HYLB,36.745,2026-04-28T19:59:59Z
HYLN,1.825,2026-04-28T19:59:58Z
HYLS,40.945,2026-04-28T19:59:58Z
HYMB,25.135,2026-04-28T19:58:31Z
HYMC,35.65,2026-04-28T19:59:55Z
HYPD,4.26,2026-04-28T19:59:45Z
HYPR,1.295,2026-04-28T19:02:16Z
HYS,93.98,2026-04-28T19:59:59Z
HYT,8.64,2026-04-28T19:59:50Z
HYUP,41.895,2026-04-28T19:55:29Z
HYZD,22.45,2026-04-28T19:18:34Z
HZO,29.86,2026-04-28T19:59:40Z
IAC,44.095,2026-04-28T19:59:52Z
IACQU,9.995,2026-04-28T19:59:58Z
IAG,16.48,2026-04-28T19:59:59Z
IAGG,49.9,2026-04-28T19:59:58Z
IAI,177.77,2026-04-28T19:18:25Z
IAK,133.14,2026-04-28T18:39:25Z
IALT,27.89,2026-04-28T19:59:01Z
IAPR,32.48,2026-04-28T16:06:02Z
IART,10.74,2026-04-28T19:59:57Z
IAT,58.19,2026-04-28T19:35:07Z
IAU,86.45,2026-04-28T19:59:03Z
IAUG,29.31,2026-04-28T18:23:05Z
IAUI,55.74,2026-04-28T19:32:40Z
IAUM,45.795,2026-04-28T19:59:30Z
IAUX,1.52,2026-04-28T19:59:56Z
IBACR,0.1125,2026-04-28T19:18:11Z
IBAT,40.825,2026-04-28T19:54:08Z
IBB,167.855,2026-04-28T19:59:52Z
IBCA,25.71,2026-04-28T19:59:45Z
IBCP,34.185,2026-04-28T19:59:22Z
IBD,23.86,2026-04-28T15:33:53Z
IBDR,24.255,2026-04-28T19:55:15Z
IBDS,24.245,2026-04-28T19:55:06Z
IBDT,25.325,2026-04-28T19:55:13Z
IBDU,23.275,2026-04-28T19:54:59Z
IBDV,21.915,2026-04-28T19:37:34Z
IBDW,20.98,2026-04-28T19:59:51Z
IBDX,25.325,2026-04-28T19:50:01Z
IBDY,25.9,2026-04-28T19:57:32Z
IBDZ,26.14,2026-04-28T16:52:41Z
IBEX,28.15,2026-04-28T19:59:50Z
IBG,1.055,2026-04-28T18:56:20Z
IBHF,22.86,2026-04-28T19:37:50Z
IBHH,23.6,2026-04-28T19:31:14Z
IBHI,23.51,2026-04-28T19:59:58Z
IBHJ,26.56,2026-04-28T19:59:52Z
IBIL,25.76,2026-04-28T13:43:35Z
IBIM,25.44,2026-04-28T18:55:43Z
IBIO,1.62,2026-04-28T19:59:55Z
IBIT,43.26,2026-04-28T19:59:59Z
IBKR,77.48,2026-04-28T19:59:57Z
IBLC,43.43,2026-04-28T14:54:52Z
IBM,233.05,2026-04-28T19:59:58Z
IBMO,25.645,2026-04-28T19:57:03Z
IBMQ,25.535,2026-04-28T16:53:43Z
IBMR,25.415,2026-04-28T15:47:02Z
IBMS,25.94,2026-04-28T19:13:07Z
IBMT,25.8,2026-04-28T18:21:49Z
IBN,26.905,2026-04-28T19:59:59Z
IBND,31.65,2026-04-28T18:18:13Z
IBO,0.6528,2026-04-28T15:24:41Z
IBOC,72.38,2026-04-28T19:30:35Z
IBP,293.59,2026-04-28T19:59:54Z
IBRX,6.965,2026-04-28T19:59:55Z
IBTA,35.55,2026-04-28T19:59:53Z
IBTH,22.43,2026-04-28T19:50:06Z
IBTJ,21.8,2026-04-28T16:26:31Z
IBTK,19.69,2026-04-28T14:04:27Z
IBTM,22.88,2026-04-28T19:59:04Z
IBTO,24.305,2026-04-28T14:52:22Z
IBTQ,25.215,2026-04-28T15:02:22Z
IBUF,30.2,2026-04-28T19:58:01Z
IBX,21.125,2026-04-28T15:00:29Z
ICCM,0.2737,2026-04-28T19:33:54Z
ICE,156.18,2026-04-28T19:59:50Z
ICF,66.71,2026-04-28T17:46:10Z
ICFI,67.425,2026-04-28T19:59:45Z
ICG,1.2,2026-04-28T14:41:07Z
ICHR,66.57,2026-04-28T19:59:49Z
ICL,5.42,2026-04-28T19:59:56Z
ICLN,19.83,2026-04-28T19:59:51Z
ICLO,25.525,2026-04-28T19:52:31Z
ICLR,102.46,2026-04-28T19:59:41Z
ICMB,1.82,2026-04-28T19:37:08Z
ICOI,11.585,2026-04-28T19:59:45Z
ICON,1.035,2026-04-28T13:31:12Z
ICOP,49.53,2026-04-28T17:26:05Z
ICOW,43.62,2026-04-28T17:55:53Z
ICSH,50.635,2026-04-28T19:55:04Z
ICU,4,2026-04-28T18:04:06Z
ICUI,121.14,2026-04-28T19:59:23Z
ICVT,110.18,2026-04-28T19:59:54Z
IDA,145.67,2026-04-28T19:59:55Z
IDCC,352.96,2026-04-28T19:59:54Z
IDE,13.6,2026-04-28T19:36:36Z
IDEF,32.77,2026-04-28T19:59:26Z
IDEQ,33.68,2026-04-28T19:58:25Z
IDEV,87.075,2026-04-28T19:59:50Z
IDGT,112.96,2026-04-28T17:36:58Z
IDLV,35.15,2026-04-28T18:23:06Z
IDMO,58.375,2026-04-28T19:55:06Z
IDN,8.14,2026-04-28T19:59:52Z
IDNA,29.6,2026-04-28T15:20:36Z
IDOG,42.445,2026-04-28T18:45:01Z
IDR,41.43,2026-04-28T19:50:26Z
IDT,52.4,2026-04-28T19:31:14Z
IDU,116.76,2026-04-28T19:52:18Z
IDUB,26.4,2026-04-28T19:35:05Z
IDV,43.845,2026-04-28T19:59:51Z
IDVO,41.99,2026-04-28T19:53:56Z
IDVZ,34.51,2026-04-28T16:04:41Z
IDX,13.1,2026-04-28T15:53:38Z
IDXX,568.325,2026-04-28T19:59:51Z
IDYA,29.06,2026-04-28T19:59:57Z
IE,13.08,2026-04-28T19:59:59Z
IEF,95.26,2026-04-28T19:59:58Z
IEFA,94.34,2026-04-28T19:59:59Z
IEI,118.435,2026-04-28T19:59:45Z
IEMG,77.26,2026-04-28T19:59:50Z
IEO,118.35,2026-04-28T19:50:53Z
IEP,8.145,2026-04-28T19:59:47Z
IESC,600.76,2026-04-28T19:59:35Z
IETC,101.505,2026-04-28T14:13:02Z
IEUR,73.44,2026-04-28T19:59:50Z
IEV,70.815,2026-04-28T19:32:54Z
IEX,205.29,2026-04-28T19:59:50Z
IEZ,31.655,2026-04-28T19:59:46Z
IFF,70.79,2026-04-28T19:59:55Z
IFGL,23.46,2026-04-28T15:34:52Z
IFLN,18.31,2026-04-28T19:59:46Z
IFLO,31.79,2026-04-28T15:11:40Z
IFN,12.05,2026-04-28T19:07:33Z
IFRA,61.05,2026-04-28T19:27:57Z
IFRX,1.675,2026-04-28T19:59:49Z
IFS,44.91,2026-04-28T19:59:48Z
IFV,27.08,2026-04-28T15:31:29Z
IGA,9.615,2026-04-28T18:14:22Z
IGC,0.316,2026-04-28T19:59:55Z
IGD,6.015,2026-04-28T19:59:07Z
IGE,60.96,2026-04-28T16:03:44Z
IGEB,45.22,2026-04-28T19:59:50Z
IGF,67.55,2026-04-28T19:59:57Z
IGI,15.98,2026-04-28T18:16:56Z
IGIB,53.4,2026-04-28T19:59:50Z
IGIC,26.65,2026-04-28T16:43:52Z
IGLB,49.915,2026-04-28T19:59:52Z
IGLD,24.645,2026-04-28T19:06:54Z
IGM,140.27,2026-04-28T19:59:46Z
IGOV,41.62,2026-04-28T18:13:19Z
IGPT,74.945,2026-04-28T19:52:40Z
IGR,4.69,2026-04-28T19:58:44Z
IGRO,86.96,2026-04-28T19:16:53Z
IGSB,52.615,2026-04-28T19:57:06Z
IGV,84.92,2026-04-28T19:59:57Z
IHAK,47.1,2026-04-28T19:49:42Z
IHD,7.19,2026-04-28T19:05:31Z
IHDG,49.35,2026-04-28T19:59:37Z
IHE,85.605,2026-04-28T19:42:11Z
IHF,47.69,2026-04-28T19:59:55Z
IHG,144.51,2026-04-28T19:59:49Z
IHI,51.98,2026-04-28T19:59:43Z
IHRT,5.34,2026-04-28T19:59:54Z
IHS,8.24,2026-04-28T19:59:55Z
IIF,21.95,2026-04-28T18:14:27Z
III,4.12,2026-04-28T19:59:38Z
IIIN,25.39,2026-04-28T19:59:19Z
IIIV,22.39,2026-04-28T19:59:14Z
IIM,12.075,2026-04-28T19:57:44Z
IINN,0.47,2026-04-28T19:34:41Z
IIPR,56.04,2026-04-28T19:51:06Z
IJAN,37.11,2026-04-28T14:50:53Z
IJH,72.11,2026-04-28T19:59:56Z
IJJ,141.12,2026-04-28T16:53:01Z
IJK,107.67,2026-04-28T19:59:19Z
IJR,135.8,2026-04-28T19:59:59Z
IJS,128.665,2026-04-28T19:59:52Z
IJT,159.04,2026-04-28T19:53:16Z
IJUL,34.615,2026-04-28T15:08:55Z
IKT,1.89,2026-04-28T19:59:48Z
ILCG,108.65,2026-04-28T15:45:46Z
ILCV,97.66,2026-04-28T18:46:42Z
ILDR,34.13,2026-04-28T14:45:01Z
ILF,36.36,2026-04-28T19:59:54Z
ILIT,21.125,2026-04-28T19:59:25Z
ILLR,0.1799,2026-04-28T19:15:59Z
ILMN,126.95,2026-04-28T19:59:55Z
ILPT,7.63,2026-04-28T19:59:57Z
ILTB,49.06,2026-04-28T18:12:40Z
IMA,5.62,2026-04-28T16:38:33Z
IMAR,29.66,2026-04-28T17:07:14Z
IMAX,36.96,2026-04-28T19:59:52Z
IMCB,89.52,2026-04-28T13:31:51Z
IMCC,0.2599,2026-04-28T19:52:43Z
IMCG,85.89,2026-04-28T15:00:27Z
IMCR,28.835,2026-04-28T19:59:40Z
IMDX,4.18,2026-04-28T19:58:31Z
IMFL,32.74,2026-04-28T17:01:39Z
IMKTA,90.53,2026-04-28T19:51:58Z
IMMP,0.4827,2026-04-28T19:59:59Z
IMMR,5.915,2026-04-28T19:59:54Z
IMMX,8.595,2026-04-28T19:59:50Z
IMNM,23.735,2026-04-28T19:59:56Z
IMNN,2.73,2026-04-28T19:44:37Z
IMO,127.475,2026-04-28T19:59:42Z
IMOM,43.68,2026-04-28T13:30:02Z
IMOS,42.89,2026-04-28T19:59:40Z
IMPP,4.8,2026-04-28T19:59:31Z
IMRN,0.8498,2026-04-28T18:35:50Z
IMRX,5.235,2026-04-28T19:59:55Z
IMSR,7.085,2026-04-28T19:59:52Z
IMSRW,3.29,2026-04-28T19:31:28Z
IMST,11.46,2026-04-28T19:13:36Z
IMTB,43.88,2026-04-28T18:34:18Z
IMTM,51.075,2026-04-28T19:59:55Z
IMTX,11.6,2026-04-28T19:58:29Z
IMUX,10.72,2026-04-28T19:59:46Z
IMVP,21.36,2026-04-28T18:20:26Z
IMVT,26.97,2026-04-28T19:59:31Z
IMXI,15.93,2026-04-28T19:59:55Z
INAB,1.53,2026-04-28T19:56:11Z
INAC,10.18,2026-04-28T15:49:37Z
INBK,23.22,2026-04-28T19:38:20Z
INBX,130.42,2026-04-28T19:59:03Z
INCE,66.42,2026-04-28T19:59:32Z
INCM,29.26,2026-04-28T18:44:42Z
INCY,97.78,2026-04-28T19:59:50Z
INDA,49.215,2026-04-28T19:59:57Z
INDB,78.76,2026-04-28T19:59:35Z
INDE,27.2,2026-04-28T18:34:05Z
INDI,3.84,2026-04-28T19:59:56Z
INDO,3.26,2026-04-28T19:58:52Z
INDP,3.31,2026-04-28T19:45:14Z
INDQ,26.77,2026-04-28T14:38:18Z
INDV,34.44,2026-04-28T19:59:53Z
INDY,43.45,2026-04-28T19:59:50Z
INEO,0.7251,2026-04-28T17:19:04Z
INFL,52.615,2026-04-28T19:52:16Z
INFQ,12.605,2026-04-28T19:59:48Z
INFU,10.2,2026-04-28T19:59:50Z
INFY,12.25,2026-04-28T19:59:56Z
ING,28.09,2026-04-28T19:59:53Z
INGM,29.71,2026-04-28T19:59:42Z
INGN,7.36,2026-04-28T19:59:51Z
INGR,112.88,2026-04-28T19:59:46Z
INHD,0.0811,2026-04-28T19:59:54Z
INKM,34.285,2026-04-28T19:54:59Z
INM,0.734,2026-04-28T14:33:49Z
INMB,1.41,2026-04-28T19:59:31Z
INMD,14.205,2026-04-28T19:59:52Z
INMU,24.145,2026-04-28T13:41:57Z
INN,5.13,2026-04-28T19:59:53Z
INNV,8.27,2026-04-28T19:59:55Z
INO,1.155,2026-04-28T19:59:51Z
INOD,41.86,2026-04-28T19:59:59Z
INQQ,12.87,2026-04-28T19:23:33Z
INR,16.25,2026-04-28T19:59:42Z
INRO,33.9,2026-04-28T19:59:46Z
INSE,7.11,2026-04-28T19:59:02Z
INSG,14.995,2026-04-28T19:59:38Z
INSM,134.95,2026-04-28T19:59:54Z
INSP,55.09,2026-04-28T19:59:52Z
INSW,82.02,2026-04-28T19:59:05Z
INTA,22.67,2026-04-28T19:59:46Z
INTC,84.54,2026-04-28T19:59:59Z
INTF,40.5,2026-04-28T19:42:48Z
INTR,7.79,2026-04-28T19:59:51Z
INTS,5.24,2026-04-28T14:33:06Z
INTT,16.84,2026-04-28T19:59:50Z
INTU,400.45,2026-04-28T19:59:53Z
INTW,173.23,2026-04-28T19:54:00Z
INTZ,0.7827,2026-04-28T15:34:28Z
INUV,1.89,2026-04-28T19:13:30Z
INV,6.28,2026-04-28T19:59:50Z
INVA,23.7,2026-04-28T19:59:59Z
INVE,4.76,2026-04-28T19:59:39Z
INVH,28.165,2026-04-28T19:59:59Z
INVX,28.2,2026-04-28T19:59:09Z
INVZ,0.7248,2026-04-28T19:59:56Z
IONL,21.6,2026-04-28T19:48:08Z
IONQ,43.1,2026-04-28T19:59:58Z
IONR,3.98,2026-04-28T19:19:00Z
IONS,71.83,2026-04-28T19:59:52Z
IONX,41.7,2026-04-28T19:55:26Z
IONZ,7.45,2026-04-28T19:34:17Z
IOO,133.875,2026-04-28T19:59:59Z
IOSP,76.72,2026-04-28T19:58:45Z
IOT,29.33,2026-04-28T19:59:58Z
IOTR,2.91,2026-04-28T18:07:05Z
IOVA,3.39,2026-04-28T19:59:56Z
IP,34.015,2026-04-28T19:59:54Z
IPAC,79.21,2026-04-28T19:59:50Z
IPAR,92.1,2026-04-28T19:59:43Z
IPAY,47.06,2026-04-28T18:10:32Z
IPCXR,0.3897,2026-04-28T17:05:31Z
IPDN,0.7878,2026-04-28T19:09:52Z
IPFXU,10.14,2026-04-28T14:36:45Z
IPGP,112.27,2026-04-28T19:59:27Z
IPI,37.53,2026-04-28T19:59:57Z
IPKW,57.63,2026-04-28T18:18:21Z
IPO,47.63,2026-04-28T13:30:03Z
IPSC,2.2,2026-04-28T19:59:40Z
IPST,4.69,2026-04-28T19:55:54Z
IPW,0.9054,2026-04-28T19:59:03Z
IPWR,3.81,2026-04-28T19:58:36Z
IPX,30.745,2026-04-28T19:59:32Z
IQ,1.105,2026-04-28T19:59:53Z
IQDF,33.19,2026-04-28T19:55:55Z
IQI,9.79,2026-04-28T19:59:09Z
IQLT,48.27,2026-04-28T19:59:50Z
IQM,103.86,2026-04-28T17:47:38Z
IQMM,100.075,2026-04-28T16:54:58Z
IQQQ,46.25,2026-04-28T14:03:56Z
IQST,1.44,2026-04-28T19:48:45Z
IQV,158.95,2026-04-28T19:59:57Z
IR,81.19,2026-04-28T19:59:58Z
IRD,5.005,2026-04-28T19:59:59Z
IRDM,37.36,2026-04-28T19:59:55Z
IRE,20.33,2026-04-28T19:44:39Z
IREG,15.08,2026-04-28T19:44:35Z
IREN,44.45,2026-04-28T19:59:59Z
IREX,26.945,2026-04-28T18:25:16Z
IREZ,15.24,2026-04-28T19:59:51Z
IRHO,9.96,2026-04-28T19:23:42Z
IRIX,1.04,2026-04-28T19:40:32Z
IRM,112.595,2026-04-28T19:59:52Z
IRMD,84.72,2026-04-28T19:59:47Z
IRON,67.38,2026-04-28T19:57:54Z
IRS,14.57,2026-04-28T19:29:41Z
IRT,16.31,2026-04-28T19:59:57Z
IRTC,125.305,2026-04-28T19:59:55Z
IRTR,31.52,2026-04-28T18:24:20Z
IRWD,4.21,2026-04-28T19:59:50Z
ISBA,41.585,2026-04-28T19:57:49Z
ISBG,19.58,2026-04-28T13:55:21Z
ISCB,69.76,2026-04-28T17:19:26Z
ISCF,43.85,2026-04-28T18:22:02Z
ISCG,59.5,2026-04-28T16:53:36Z
ISD,13.33,2026-04-28T19:59:31Z
ISHG,75.54,2026-04-28T17:43:09Z
ISMF,27.83,2026-04-28T17:47:55Z
ISOU,11.355,2026-04-28T19:59:46Z
ISPC,4.58,2026-04-28T19:51:00Z
ISPR,1.4,2026-04-28T19:56:18Z
ISPY,46.24,2026-04-28T14:49:03Z
ISRG,466.71,2026-04-28T19:59:54Z
ISSC,20.06,2026-04-28T19:59:50Z
ISTB,48.5,2026-04-28T19:59:33Z
ISTR,28.13,2026-04-28T19:59:40Z
ISUL,23.88,2026-04-28T13:40:26Z
IT,150.14,2026-04-28T19:59:51Z
ITA,216.22,2026-04-28T19:59:58Z
ITB,97.96,2026-04-28T19:59:51Z
ITDC,35.445,2026-04-28T19:52:36Z
ITDG,39.94,2026-04-28T17:21:03Z
ITEQ,60.67,2026-04-28T15:34:48Z
ITGR,84.68,2026-04-28T19:59:35Z
ITIC,246.56,2026-04-28T19:26:14Z
ITM,46.905,2026-04-28T19:57:24Z
ITOC,0.43,2026-04-28T15:07:27Z
ITOT,155.685,2026-04-28T19:59:50Z
ITP,0.1868,2026-04-28T18:57:07Z
ITRG,2.725,2026-04-28T19:59:40Z
ITRI,87,2026-04-28T19:59:54Z
ITRN,55.005,2026-04-28T19:59:05Z
ITT,213.8,2026-04-28T19:59:29Z
ITUB,8.845,2026-04-28T19:59:49Z
ITW,268.54,2026-04-28T19:59:55Z
ITWO,42.96,2026-04-28T14:51:02Z
IUS,61.87,2026-04-28T18:32:19Z
IUSB,46.31,2026-04-28T19:59:45Z
IUSG,176.61,2026-04-28T19:59:59Z
IUSV,106.7,2026-04-28T19:50:58Z
IVA,5.055,2026-04-28T19:59:32Z
IVAL,34.48,2026-04-28T19:59:49Z
IVDA,0.2904,2026-04-28T19:17:05Z
IVE,220.23,2026-04-28T19:59:57Z
IVEP,27.62,2026-04-28T18:54:38Z
IVES,32.79,2026-04-28T19:59:52Z
IVF,2,2026-04-28T18:53:00Z
IVLU,40.98,2026-04-28T19:59:50Z
IVOG,133.6,2026-04-28T19:34:18Z
IVOL,18.425,2026-04-28T19:39:14Z
IVOO,122.03,2026-04-28T17:46:04Z
IVOV,108.47,2026-04-28T14:44:16Z
IVR,8.28,2026-04-28T19:59:58Z
IVT,32.645,2026-04-28T19:59:49Z
IVV,714.98,2026-04-28T19:59:59Z
IVVD,1.38,2026-04-28T19:59:49Z
IVVW,44.49,2026-04-28T15:32:48Z
IVW,129.17,2026-04-28T19:59:59Z
IVZ,25.88,2026-04-28T19:59:59Z
IWB,389.12,2026-04-28T19:59:57Z
IWC,177.085,2026-04-28T19:40:04Z
IWD,227.01,2026-04-28T19:59:50Z
IWF,476.11,2026-04-28T19:59:47Z
IWL,176.495,2026-04-28T18:09:17Z
IWM,273.92,2026-04-28T19:59:59Z
IWMI,50.52,2026-04-28T19:59:50Z
IWN,206.77,2026-04-28T19:59:50Z
IWO,351.33,2026-04-28T19:59:57Z
IWP,134.06,2026-04-28T19:59:52Z
IWR,102.87,2026-04-28T19:58:37Z
IWS,154.64,2026-04-28T19:59:21Z
IWV,404.4,2026-04-28T19:59:57Z
IWX,98.41,2026-04-28T19:59:43Z
IWY,279.08,2026-04-28T19:59:00Z
IX,32.53,2026-04-28T19:59:36Z
IXC,54.875,2026-04-28T19:59:09Z
IXHL,4.1,2026-04-28T19:47:49Z
IXJ,91.71,2026-04-28T19:55:06Z
IXN,118.93,2026-04-28T19:38:57Z
IXP,121.385,2026-04-28T14:52:46Z
IXUS,91.955,2026-04-28T19:59:23Z
IYC,101.66,2026-04-28T19:59:52Z
IYE,61.205,2026-04-28T19:59:45Z
IYF,124.165,2026-04-28T19:33:14Z
IYG,87.41,2026-04-28T19:33:17Z
IYH,60.395,2026-04-28T19:59:53Z
IYJ,154.945,2026-04-28T14:19:15Z
IYK,71.08,2026-04-28T19:52:56Z
IYM,181.84,2026-04-28T18:37:29Z
IYR,101.715,2026-04-28T19:59:53Z
IYRI,49.26,2026-04-28T19:39:30Z
IYT,80.865,2026-04-28T19:59:49Z
IYW,215.28,2026-04-28T19:59:44Z
IYY,173.36,2026-04-28T13:49:30Z
IYZ,40.83,2026-04-28T19:59:01Z
IZEA,4.22,2026-04-28T18:37:13Z
IZRL,29.46,2026-04-28T17:34:05Z
J,126.585,2026-04-28T19:59:44Z
JAAA,50.665,2026-04-28T19:59:55Z
JACK,13.005,2026-04-28T19:59:58Z
JAGU,2.57,2026-04-28T17:17:03Z
JAGX,0.2424,2026-04-28T19:58:17Z
JAKK,22.06,2026-04-28T15:14:58Z
JAN,25.48,2026-04-28T19:59:20Z
JANI,25.07,2026-04-28T16:45:00Z
JANU,28.92,2026-04-28T15:58:26Z
JANW,37.87,2026-04-28T17:52:59Z
JANX,14.49,2026-04-28T19:59:51Z
JAVA,75.13,2026-04-28T19:57:15Z
JAZZ,203.94,2026-04-28T19:59:59Z
JBBB,47.37,2026-04-28T19:55:30Z
JBDI,0.5836,2026-04-28T15:17:22Z
JBGS,15.565,2026-04-28T19:59:53Z
JBHT,251.41,2026-04-28T19:59:50Z
JBI,5.42,2026-04-28T19:59:56Z
JBIO,26.39,2026-04-28T19:59:49Z
JBL,330.71,2026-04-28T19:59:50Z
JBLU,5.005,2026-04-28T19:59:58Z
JBND,53.775,2026-04-28T19:59:50Z
JBS,16.15,2026-04-28T19:59:57Z
JBSS,76.88,2026-04-28T19:59:38Z
JBTM,129.095,2026-04-28T19:59:31Z
JCAP,20.89,2026-04-28T19:59:47Z
JCE,15.91,2026-04-28T17:31:07Z
JCI,141.54,2026-04-28T19:59:50Z
JCPB,47.12,2026-04-28T19:59:50Z
JCPI,48.72,2026-04-28T16:27:50Z
JCSE,1.09,2026-04-28T19:57:12Z
JD,29.72,2026-04-28T19:59:56Z
JDST,35.21,2026-04-28T19:59:07Z
JDVI,37.815,2026-04-28T19:51:15Z
JEDI,27.6,2026-04-28T19:30:03Z
JEF,48.15,2026-04-28T19:59:50Z
JELD,1.525,2026-04-28T19:59:53Z
JEM,1.28,2026-04-28T15:54:59Z
JEMA,58.04,2026-04-28T19:38:47Z
JEMB,53.93,2026-04-28T16:57:05Z
JEPI,57.11,2026-04-28T19:59:38Z
JEPQ,58.92,2026-04-28T19:59:51Z
JETD,4.38,2026-04-28T19:59:51Z
JETS,25.275,2026-04-28T19:59:41Z
JFB,5.81,2026-04-28T19:55:23Z
JFIN,4.695,2026-04-28T19:56:53Z
JFR,7.45,2026-04-28T19:59:48Z
JFU,3.11,2026-04-28T19:50:28Z
JGH,12.67,2026-04-28T19:54:50Z
JGLO,69.975,2026-04-28T19:59:31Z
JGRO,92.93,2026-04-28T19:59:51Z
JGRW,26.48,2026-04-28T14:12:16Z
JHG,51.57,2026-04-28T19:59:56Z
JHHY,25.68,2026-04-28T18:53:17Z
JHMD,43.785,2026-04-28T19:58:42Z
JHML,84.58,2026-04-28T13:46:47Z
JHMM,70.93,2026-04-28T19:59:50Z
JHMU,26.17,2026-04-28T19:35:45Z
JHPI,22.94,2026-04-28T16:20:45Z
JHSC,46.08,2026-04-28T15:32:56Z
JHX,21.78,2026-04-28T19:59:59Z
JIG,79.44,2026-04-28T14:54:05Z
JILL,13.16,2026-04-28T15:47:09Z
JIRE,78.62,2026-04-28T19:56:02Z
JIVE,89.17,2026-04-28T19:59:51Z
JJSF,86.87,2026-04-28T19:59:50Z
JKHY,152.87,2026-04-28T19:59:50Z
JKS,22.28,2026-04-28T19:59:12Z
JL,6.91,2026-04-28T16:01:06Z
JLHL,11.61,2026-04-28T14:37:50Z
JLL,341.595,2026-04-28T19:59:50Z
JLS,17.97,2026-04-28T18:32:11Z
JMBS,45.515,2026-04-28T19:55:03Z
JMEE,71.945,2026-04-28T19:59:20Z
JMHI,50.265,2026-04-28T19:54:56Z
JMIA,6.84,2026-04-28T19:59:59Z
JMM,5.82,2026-04-28T19:16:54Z
JMOM,74.53,2026-04-28T16:51:56Z
JMSB,21.715,2026-04-28T18:15:29Z
JMST,50.95,2026-04-28T19:49:59Z
JMTG,51.025,2026-04-28T19:57:07Z
JMUB,50.485,2026-04-28T19:59:52Z
JNJ,227.75,2026-04-28T19:59:53Z
JNK,96.82,2026-04-28T19:59:42Z
JNUG,184.845,2026-04-28T19:59:49Z
JOB,0.2379,2026-04-28T19:28:22Z
JOBX,22.6,2026-04-28T13:47:52Z
JOBY,8.94,2026-04-28T19:59:59Z
JOE,71.11,2026-04-28T19:56:00Z
JOF,10.99,2026-04-28T19:54:34Z
JOUT,53.24,2026-04-28T19:12:06Z
JOYY,57.53,2026-04-28T19:59:59Z
JPC,7.945,2026-04-28T19:54:14Z
JPEF,77.84,2026-04-28T17:28:16Z
JPIB,48.165,2026-04-28T19:59:56Z
JPIE,46.185,2026-04-28T19:59:52Z
JPLD,52.345,2026-04-28T19:57:06Z
JPM,311.485,2026-04-28T19:59:56Z
JPM-C,25.365,2026-04-28T19:55:39Z
JPM-D,24.82,2026-04-28T15:06:12Z
JPM-J,20,2026-04-28T17:12:04Z
JPM-L,19.47,2026-04-28T14:54:29Z
JPM-M,17.89,2026-04-28T18:47:43Z
JPMB,40.09,2026-04-28T18:25:02Z
JPO,14.28,2026-04-28T16:58:54Z
JPRE,51.24,2026-04-28T16:49:18Z
JPSE,57.055,2026-04-28T19:59:45Z
JPST,50.6,2026-04-28T19:59:56Z
JPXN,94.625,2026-04-28T15:12:16Z
JQC,4.8,2026-04-28T19:57:30Z
JQUA,65.475,2026-04-28T19:59:50Z
JRI,12.795,2026-04-28T19:59:58Z
JRS,8.12,2026-04-28T19:59:16Z
JRVR,6.36,2026-04-28T19:58:56Z
JSCP,47.35,2026-04-28T19:59:46Z
JSI,51.86,2026-04-28T19:49:59Z
JSM,18.57,2026-04-28T14:51:17Z
JSMD,88.02,2026-04-28T18:24:12Z
JSPR,0.9297,2026-04-28T19:59:16Z
JSPRW,0.0156,2026-04-28T16:02:26Z
JSTC,20.8,2026-04-28T17:30:19Z
JTAI,6.185,2026-04-28T19:01:53Z
JTEK,92.285,2026-04-28T19:59:48Z
JULP,31.85,2026-04-28T19:21:43Z
JULU,30.63,2026-04-28T14:25:28Z
JUNM,34.77,2026-04-28T19:06:42Z
JUST,101.29,2026-04-28T15:54:40Z
JVA,4.9,2026-04-28T19:29:56Z
JXI,87.81,2026-04-28T19:59:41Z
JXN,115.505,2026-04-28T19:59:58Z
JXN-A,26.06,2026-04-28T13:48:13Z
JYD,5.415,2026-04-28T19:59:41Z
JYNT,9.07,2026-04-28T19:56:16Z
JZXN,1.04,2026-04-28T19:59:40Z
KAI,309.735,2026-04-28T19:59:13Z
KALA,0.115,2026-04-28T19:57:31Z
KALU,172.585,2026-04-28T19:59:10Z
KALV,19.24,2026-04-28T19:59:59Z
KAPA,0.59,2026-04-28T19:38:11Z
KAPR,38.23,2026-04-28T13:36:12Z
KARO,50.2,2026-04-28T17:56:07Z
KARS,35.5,2026-04-28T19:11:24Z
KB,107,2026-04-28T19:58:29Z
KBA,32.75,2026-04-28T15:30:12Z
KBAB,10.36,2026-04-28T19:59:45Z
KBDC,14.62,2026-04-28T19:58:20Z
KBE,64.605,2026-04-28T19:59:57Z
KBH,54.47,2026-04-28T19:59:50Z
KBR,36.01,2026-04-28T19:59:58Z
KBWB,86.85,2026-04-28T19:59:21Z
KBWD,13.21,2026-04-28T19:30:27Z
KBWY,16.85,2026-04-28T19:59:53Z
KC,15.41,2026-04-28T19:59:57Z
KCE,151.31,2026-04-28T19:32:57Z
KD,13.45,2026-04-28T19:59:57Z
KDEF,61.24,2026-04-28T18:31:22Z
KDK,8.425,2026-04-28T19:59:51Z
KDKRW,1.4,2026-04-28T15:32:09Z
KDP,28.815,2026-04-28T19:59:57Z
KE,26.815,2026-04-28T19:59:56Z
KEEL,2.895,2026-04-28T19:59:59Z
KEEX,35.3,2026-04-28T19:10:54Z
KELYA,9.9,2026-04-28T19:59:59Z
KEP,14.96,2026-04-28T19:59:40Z
KEX,150.91,2026-04-28T19:59:54Z
KEY,21.98,2026-04-28T19:59:59Z
KEY-I,25.03,2026-04-28T19:54:08Z
KEY-L,24.81,2026-04-28T18:56:45Z
KEYS,332.29,2026-04-28T19:59:56Z
KF,56.25,2026-04-28T19:46:14Z
KFEB,29.59,2026-04-28T18:43:13Z
KFRC,45.93,2026-04-28T19:59:08Z
KFS,11.61,2026-04-28T19:59:56Z
KFY,67.23,2026-04-28T19:59:59Z
KG,10.11,2026-04-28T13:50:49Z
KGC,30.5,2026-04-28T19:59:59Z
KGEI,5.615,2026-04-28T19:59:31Z
KGLD,31.215,2026-04-28T18:38:47Z
KGRN,28.21,2026-04-28T19:51:15Z
KGS,66.72,2026-04-28T19:59:46Z
KHC,22.47,2026-04-28T19:59:56Z
KHPI,25.65,2026-04-28T18:56:38Z
KIDS,15.115,2026-04-28T19:59:52Z
KIDZ,1.075,2026-04-28T19:59:04Z
KIE,58.065,2026-04-28T19:59:38Z
KIM,23.81,2026-04-28T19:59:59Z
KIM-M,20.14,2026-04-28T18:59:57Z
KINS,17.57,2026-04-28T19:59:25Z
KIO,11.165,2026-04-28T17:32:01Z
KITT,2.765,2026-04-28T19:59:42Z
KJAN,43.86,2026-04-28T19:51:52Z
KKR,101.4,2026-04-28T19:59:53Z
KKR-D,44.3,2026-04-28T17:28:01Z
KKRS,16.885,2026-04-28T18:10:07Z
KKRT,25.18,2026-04-28T19:32:15Z
KLAC,1808.3,2026-04-28T19:59:52Z
KLAR,13.825,2026-04-28T19:59:35Z
KLC,3.87,2026-04-28T19:59:57Z
KLIC,82.96,2026-04-28T19:59:45Z
KLIP,26.2,2026-04-28T19:44:04Z
KLRA,23.72,2026-04-28T19:59:57Z
KLRS,5.7,2026-04-28T19:46:49Z
KLTR,1.485,2026-04-28T19:59:50Z
KLXE,3.72,2026-04-28T19:59:01Z
KMB,98.39,2026-04-28T19:59:59Z
KMDA,8.15,2026-04-28T18:08:49Z
KMI,31.79,2026-04-28T19:59:59Z
KMLI,9.91,2026-04-28T19:59:46Z
KMLM,29.47,2026-04-28T19:58:30Z
KMPB,23.895,2026-04-28T19:36:12Z
KMPR,33.63,2026-04-28T19:59:50Z
KMT,39.285,2026-04-28T19:59:42Z
KMTS,21.63,2026-04-28T19:59:29Z
KMX,38.62,2026-04-28T19:59:55Z
KN,30.33,2026-04-28T19:59:50Z
KNDI,0.6899,2026-04-28T19:16:46Z
KNF,88.12,2026-04-28T19:59:31Z
KNG,49.235,2026-04-28T19:59:55Z
KNOP,10.73,2026-04-28T19:58:50Z
KNRX,1.3,2026-04-28T19:32:18Z
KNSA,53.8,2026-04-28T19:59:54Z
KNSL,329.29,2026-04-28T19:59:45Z
KNTK,48.865,2026-04-28T19:59:53Z
KNX,65.53,2026-04-28T19:59:54Z
KO,78.38,2026-04-28T19:59:59Z
KOD,45.41,2026-04-28T19:59:50Z
KODK,12.94,2026-04-28T19:59:59Z
KOF,100.9,2026-04-28T19:56:31Z
KOID,36.04,2026-04-28T19:59:52Z
KOLD,27.27,2026-04-28T19:59:55Z
KOOL,14.12,2026-04-28T16:04:13Z
KOP,41.43,2026-04-28T19:58:19Z
KOPN,4.005,2026-04-28T19:59:59Z
KORE,9.135,2026-04-28T19:59:54Z
KORU,525.67,2026-04-28T19:32:34Z
KOS,2.955,2026-04-28T19:59:58Z
KPRX,2.38,2026-04-28T19:59:50Z
KPTI,8.59,2026-04-28T19:58:41Z
KQQQ,28.24,2026-04-28T18:38:21Z
KR,66.925,2026-04-28T19:59:55Z
KRBN,31.69,2026-04-28T15:32:28Z
KRC,34.14,2026-04-28T19:59:54Z
KRE,70.38,2026-04-28T19:59:59Z
KREF,6.23,2026-04-28T19:59:53Z
KRG,26.14,2026-04-28T19:59:57Z
KRMD,4.06,2026-04-28T19:34:05Z
KRMN,70.33,2026-04-28T19:59:50Z
KRNT,15.38,2026-04-28T19:59:59Z
KRNY,8.26,2026-04-28T19:59:50Z
KRO,7.2,2026-04-28T19:59:56Z
KROS,11.34,2026-04-28T19:58:57Z
KRP,15.03,2026-04-28T19:59:59Z
KRRO,12.89,2026-04-28T19:15:59Z
KRT,28.72,2026-04-28T19:59:30Z
KRUS,53.61,2026-04-28T19:59:44Z
KRYS,269.335,2026-04-28T19:55:28Z
KSA,39.19,2026-04-28T19:58:49Z
KSCP,3.095,2026-04-28T19:59:15Z
KSLV,33.045,2026-04-28T19:15:07Z
KSPI,85.97,2026-04-28T19:58:30Z
KSPY,28.2,2026-04-28T17:52:47Z
KSS,14.82,2026-04-28T19:59:59Z
KSTR,21.2,2026-04-28T19:58:06Z
KT,21.18,2026-04-28T19:59:55Z
KTB,72.07,2026-04-28T19:59:50Z
KTEC,13.68,2026-04-28T19:59:30Z
KTF,9.12,2026-04-28T15:35:58Z
KTOS,61.635,2026-04-28T19:59:50Z
KTTA,0.6731,2026-04-28T19:58:56Z
KTUP,11.12,2026-04-28T15:13:22Z
KTWO,10.01,2026-04-28T19:54:30Z
KULR,2.425,2026-04-28T19:59:39Z
KURA,8.84,2026-04-28T19:59:59Z
KUST,3.65,2026-04-28T19:59:27Z
KVHI,9.52,2026-04-28T19:53:33Z
KVUE,17.55,2026-04-28T19:59:59Z
KVYO,19.94,2026-04-28T19:59:54Z
KW,10.895,2026-04-28T19:59:49Z
KWEB,28.12,2026-04-28T19:59:58Z
KWIN,25.54,2026-04-28T19:58:09Z
KWM,0.334,2026-04-28T19:07:28Z
KWR,139.54,2026-04-28T19:59:48Z
KXI,67.87,2026-04-28T19:59:41Z
KYIV,11.62,2026-04-28T19:59:53Z
KYIVW,4.79,2026-04-28T19:58:27Z
KYLD,20.5,2026-04-28T14:37:41Z
KYMR,83.8,2026-04-28T19:59:48Z
KYN,13.81,2026-04-28T19:59:46Z
KYTX,8.685,2026-04-28T19:59:59Z
KZIA,11.84,2026-04-28T19:58:45Z
KZR,7.31,2026-04-28T18:52:02Z
L,112.35,2026-04-28T19:59:52Z
LAB,0.9243,2026-04-28T19:59:50Z
LABD,14.88,2026-04-28T19:59:58Z
LABT,3.19,2026-04-28T13:58:06Z
LABU,177.23,2026-04-28T19:59:41Z
LABX,39.745,2026-04-28T19:10:02Z
LAC,4.92,2026-04-28T19:59:56Z
LACG,9.96,2026-04-28T15:13:30Z
LAD,277.3,2026-04-28T19:59:51Z
LADR,10.48,2026-04-28T19:59:58Z
LAES,2.77,2026-04-28T19:59:54Z
LAKE,10.25,2026-04-28T19:59:49Z
LALT,24.83,2026-04-28T18:52:46Z
LAMR,134.905,2026-04-28T19:59:35Z
LAND,10.07,2026-04-28T19:59:56Z
LANDO,20.89,2026-04-28T14:34:11Z
LAR,9.615,2026-04-28T19:59:59Z
LASE,0.715,2026-04-28T19:59:54Z
LASR,65.73,2026-04-28T19:59:33Z
LAUR,31.37,2026-04-28T19:59:55Z
LAW,4.45,2026-04-28T19:59:50Z
LAZ,48.51,2026-04-28T19:59:58Z
LB,67.91,2026-04-28T19:58:18Z
LBAY,25.83,2026-04-28T14:15:00Z
LBGJ,0.9399,2026-04-28T19:06:07Z
LBRDA,40.26,2026-04-28T19:58:49Z
LBRDK,40.215,2026-04-28T19:59:37Z
LBRDP,22.25,2026-04-28T19:26:12Z
LBRT,33.055,2026-04-28T19:59:58Z
LBRX,31.42,2026-04-28T19:59:14Z
LBTYA,11.515,2026-04-28T19:59:56Z
LBTYK,11.24,2026-04-28T19:59:53Z
LC,16.88,2026-04-28T19:59:54Z
LCDL,0.806,2026-04-28T19:31:46Z
LCFY,4.36,2026-04-28T14:08:42Z
LCID,5.86,2026-04-28T19:59:56Z
LCII,117.76,2026-04-28T19:55:05Z
LCNB,16.29,2026-04-28T19:18:15Z
LCR,38.54,2026-04-28T19:59:46Z
LCTD,57.385,2026-04-28T14:27:27Z
LCTU,76.15,2026-04-28T18:31:49Z
LCTX,1.565,2026-04-28T19:59:56Z
LCUT,7.28,2026-04-28T19:57:03Z
LDI,1.66,2026-04-28T19:59:54Z
LDOS,146.265,2026-04-28T19:59:49Z
LDP,20.7,2026-04-28T19:59:31Z
LDRH,24.75,2026-04-28T19:33:08Z
LDRT,25.22,2026-04-28T19:59:50Z
LE,11.125,2026-04-28T19:59:45Z
LEA,124.15,2026-04-28T19:59:54Z
LECO,259.995,2026-04-28T19:59:44Z
LEE,8.48,2026-04-28T19:52:48Z
LEG,11.12,2026-04-28T19:59:55Z
LEGH,21.86,2026-04-28T19:58:13Z
LEGN,23.58,2026-04-28T19:59:52Z
LEGO,9.875,2026-04-28T18:41:10Z
LEGT,11.04,2026-04-28T19:58:05Z
LEMB,41.96,2026-04-28T19:59:13Z
LEN,92.32,2026-04-28T19:59:54Z
LEN.B,90.16,2026-04-28T19:57:11Z
LENZ,9.285,2026-04-28T19:59:28Z
LEO,6.315,2026-04-28T19:56:08Z
LESL,1.9,2026-04-28T19:59:52Z
LEU,205.6,2026-04-28T19:59:56Z
LEUX,21.77,2026-04-28T16:48:44Z
LEVI,22.305,2026-04-28T19:59:57Z
LEXX,0.8893,2026-04-28T19:59:33Z
LFACW,0.26,2026-04-28T19:32:58Z
LFCR,5.13,2026-04-28T19:40:10Z
LFMD,4.555,2026-04-28T19:59:54Z
LFS,1.97,2026-04-28T19:50:11Z
LFSC,36.95,2026-04-28T18:15:00Z
LFST,7.675,2026-04-28T19:59:59Z
LFT,1.22,2026-04-28T19:58:50Z
LFUS,389.21,2026-04-28T19:59:55Z
LFVN,5.21,2026-04-28T19:59:40Z
LFWD,6.93,2026-04-28T14:01:21Z
LGCB,0.43,2026-04-28T18:57:08Z
LGCL,1.82,2026-04-28T17:24:22Z
LGCY,11.49,2026-04-28T19:22:23Z
LGH,59.91,2026-04-28T19:19:23Z
LGHL,0.91,2026-04-28T15:56:06Z
LGI,17.55,2026-04-28T19:46:14Z
LGIH,48.96,2026-04-28T19:59:48Z
LGLV,180.22,2026-04-28T14:42:32Z
LGN,80.57,2026-04-28T19:59:50Z
LGND,232.565,2026-04-28T19:59:35Z
LGO,1.225,2026-04-28T19:59:35Z
LGOV,21.61,2026-04-28T19:57:06Z
LGPS,0.935,2026-04-28T19:37:48Z
LGVN,0.8959,2026-04-28T19:57:57Z
LH,259.48,2026-04-28T19:59:50Z
LHAI,1.16,2026-04-28T17:21:15Z
LHSW,0.1951,2026-04-28T19:59:43Z
LHX,324.97,2026-04-28T19:59:56Z
LI,17.8,2026-04-28T19:59:57Z
LICN,3.695,2026-04-28T15:03:08Z
LIDR,2.195,2026-04-28T19:59:34Z
LIEN,9.425,2026-04-28T15:31:17Z
LIF,43.22,2026-04-28T19:59:58Z
LIFE,17.9,2026-04-28T19:50:10Z
LII,495.48,2026-04-28T19:59:54Z
LILA,8.22,2026-04-28T19:45:57Z
LILAK,8.465,2026-04-28T19:59:50Z
LIMI,58.2,2026-04-28T16:21:54Z
LIMN,0.1999,2026-04-28T19:40:27Z
LIN,510.43,2026-04-28T19:59:50Z
LINC,39.67,2026-04-28T19:59:57Z
LIND,17.85,2026-04-28T19:59:56Z
LINE,36.62,2026-04-28T19:59:56Z
LINK,2.87,2026-04-28T13:35:27Z
LINT,110.42,2026-04-28T19:57:43Z
LION,12.22,2026-04-28T19:59:59Z
LIQT,2.2,2026-04-28T14:53:08Z
LIT,83.86,2026-04-28T19:59:52Z
LITE,791.83,2026-04-28T19:59:55Z
LITP,16.35,2026-04-28T19:59:56Z
LITS,1.14,2026-04-28T19:59:30Z
LITX,34.945,2026-04-28T19:59:01Z
LITZ,28.98,2026-04-28T14:28:18Z
LIVN,61.29,2026-04-28T19:59:54Z
LIXT,3.52,2026-04-28T18:07:38Z
LKFN,61.71,2026-04-28T19:56:20Z
LKQ,31.11,2026-04-28T19:59:56Z
LLII,19.75,2026-04-28T18:41:18Z
LLY,873.83,2026-04-28T19:59:56Z
LLYVA,91.01,2026-04-28T19:27:26Z
LLYVK,93.12,2026-04-28T19:56:33Z
LLYX,15.09,2026-04-28T19:01:02Z
LMAT,112.38,2026-04-28T19:59:50Z
LMB,94.355,2026-04-28T19:54:55Z
LMBS,49.96,2026-04-28T19:59:52Z
LMFA,0.2439,2026-04-28T18:37:18Z
LMND,65.795,2026-04-28T19:59:57Z
LMNR,12.9,2026-04-28T19:59:35Z
LMNX,19.12,2026-04-28T19:53:04Z
LMRI,9.35,2026-04-28T19:59:51Z
LMT,512.215,2026-04-28T19:59:48Z
LMTL,32.48,2026-04-28T13:32:49Z
LMUB,50.795,2026-04-28T19:55:22Z
LNAI,0.3348,2026-04-28T19:43:18Z
LNC,37.36,2026-04-28T19:59:54Z
LNC-D,26.43,2026-04-28T19:56:53Z
LND,3.845,2026-04-28T19:49:25Z
LNG,265.02,2026-04-28T19:59:50Z
LNGX,44.4,2026-04-28T13:35:08Z
LNKB,8.73,2026-04-28T19:59:31Z
LNN,110.51,2026-04-28T19:44:35Z
LNSR,5.345,2026-04-28T19:59:03Z
LNT,72.46,2026-04-28T19:59:52Z
LNTH,83.43,2026-04-28T19:59:36Z
LNZA,25.035,2026-04-28T19:45:40Z
LOAR,56.5,2026-04-28T19:59:54Z
LOB,38.79,2026-04-28T19:59:50Z
LOBO,0.675,2026-04-28T19:40:48Z
LOCL,2.51,2026-04-28T16:36:36Z
LOCO,13.59,2026-04-28T19:59:59Z
LODE,3.25,2026-04-28T19:59:50Z
LOGI,96.68,2026-04-28T19:59:51Z
LOKVW,1.4,2026-04-28T15:12:29Z
LOMA,11.11,2026-04-28T19:59:32Z
LONZ,49.75,2026-04-28T19:59:00Z
LOPE,167.72,2026-04-28T19:59:53Z
LOT,1.295,2026-04-28T19:45:00Z
LOUP,79.01,2026-04-28T19:41:06Z
LOVE,16.29,2026-04-28T19:59:51Z
LOW,240.345,2026-04-28T19:59:59Z
LOWV,78.955,2026-04-28T19:57:11Z
LPAA,10.77,2026-04-28T19:08:25Z
LPBB,10.64,2026-04-28T16:57:58Z
LPCN,2.315,2026-04-28T19:59:59Z
LPG,38.46,2026-04-28T19:59:52Z
LPL,4.22,2026-04-28T19:59:54Z
LPLA,333.79,2026-04-28T19:59:51Z
LPRO,1.8,2026-04-28T19:59:10Z
LPSN,2.67,2026-04-28T19:59:51Z
LPTH,12.68,2026-04-28T19:59:56Z
LPX,75.665,2026-04-28T19:59:48Z
LQD,109.33,2026-04-28T19:59:56Z
LQDA,37.64,2026-04-28T19:59:53Z
LQDH,92.78,2026-04-28T19:54:59Z
LQDT,35.595,2026-04-28T19:54:50Z
LQDW,24.09,2026-04-28T18:23:06Z
LQTI,19.53,2026-04-28T16:26:08Z
LRCU,41.35,2026-04-28T13:30:25Z
LRCX,251.14,2026-04-28T19:59:54Z
LRE,1.295,2026-04-28T19:28:34Z
LRGE,82.61,2026-04-28T14:56:56Z
LRGF,71.57,2026-04-28T18:29:58Z
LRGG,27.86,2026-04-28T19:59:52Z
LRHC,2.035,2026-04-28T19:57:24Z
LRMR,4.39,2026-04-28T19:59:54Z
LRN,92.73,2026-04-28T19:59:44Z
LSAK,4.8,2026-04-28T15:38:23Z
LSCC,113.85,2026-04-28T19:59:59Z
LSE,5.2,2026-04-28T19:59:13Z
LSF,3.185,2026-04-28T19:58:28Z
LSGR,43.84,2026-04-28T19:59:46Z
LSPD,9.04,2026-04-28T19:59:56Z
LST,43.52,2026-04-28T19:02:17Z
LSTA,3.185,2026-04-28T19:19:10Z
LSTR,182.31,2026-04-28T19:59:51Z
LTBR,12.55,2026-04-28T19:59:52Z
LTC,38.41,2026-04-28T19:59:45Z
LTH,26.29,2026-04-28T19:59:58Z
LTM,48.545,2026-04-28T19:59:49Z
LTPZ,51.75,2026-04-28T19:52:20Z
LTRN,2.195,2026-04-28T19:45:00Z
LTRX,6.4,2026-04-28T19:59:42Z
LU,1.885,2026-04-28T19:59:46Z
LUCD,1.055,2026-04-28T19:58:04Z
LUCK,7.31,2026-04-28T19:59:58Z
LUCY,1.045,2026-04-28T14:28:38Z
LUD,6.26,2026-04-28T19:20:36Z
LULU,142.44,2026-04-28T19:59:45Z
LUMN,8.73,2026-04-28T19:59:59Z
LUNG,1.22,2026-04-28T19:59:52Z
LUNL,18.4,2026-04-28T19:25:42Z
LUNR,24.56,2026-04-28T19:59:54Z
LUV,38.01,2026-04-28T19:59:54Z
LUXE,8.96,2026-04-28T19:59:21Z
LVHD,43.03,2026-04-28T19:59:25Z
LVHI,40.635,2026-04-28T19:59:38Z
LVO,5.37,2026-04-28T19:39:26Z
LVS,54.27,2026-04-28T19:59:57Z
LVWR,2.05,2026-04-28T19:59:14Z
LW,43.08,2026-04-28T19:59:50Z
LWAY,27.66,2026-04-28T19:50:14Z
LWLG,11.57,2026-04-28T19:59:50Z
LX,2.105,2026-04-28T19:58:55Z
LXEH,1.205,2026-04-28T14:27:32Z
LXEO,5.815,2026-04-28T19:58:31Z
LXFR,13.3,2026-04-28T19:45:30Z
LXP,51.085,2026-04-28T19:59:13Z
LXRX,1.665,2026-04-28T19:59:26Z
LXU,14.86,2026-04-28T19:59:59Z
LYB,71.47,2026-04-28T19:59:51Z
LYEL,21.425,2026-04-28T19:57:47Z
LYFT,14.23,2026-04-28T19:59:52Z
LYG,5.33,2026-04-28T19:59:59Z
LYTS,23.36,2026-04-28T19:58:42Z
LYV,154.72,2026-04-28T19:59:57Z
LZ,6.56,2026-04-28T19:59:55Z
LZB,36.13,2026-04-28T19:59:45Z
LZM,4.765,2026-04-28T19:59:43Z
LZMH,0.0999,2026-04-28T19:53:27Z
M,19.42,2026-04-28T19:59:55Z
MA,507.52,2026-04-28T19:59:56Z
MAA,130.38,2026-04-28T19:59:47Z
MAAS,10.35,2026-04-28T19:59:39Z
MAC,21.77,2026-04-28T19:59:59Z
MACI,10.81,2026-04-28T19:47:02Z
MAGN,10.47,2026-04-28T19:59:46Z
MAGS,66.875,2026-04-28T19:59:57Z
MAGX,56.41,2026-04-28T19:58:57Z
MAGY,45.96,2026-04-28T15:55:26Z
MAIA,1.265,2026-04-28T19:59:24Z
MAIN,54.71,2026-04-28T19:59:08Z
MAIR,34.535,2026-04-28T19:59:32Z
MAKO,7.575,2026-04-28T19:59:39Z
MAMA,13.72,2026-04-28T19:56:37Z
MAN,31.195,2026-04-28T19:59:55Z
MANE,103.6,2026-04-28T19:59:45Z
MANH,140.31,2026-04-28T19:59:56Z
MANU,17.485,2026-04-28T19:58:55Z
MAR,358.19,2026-04-28T19:59:54Z
MARA,11.02,2026-04-28T19:59:58Z
MARM,33.86,2026-04-28T16:16:12Z
MARO,6.08,2026-04-28T15:29:46Z
MARPS,4.86,2026-04-28T18:02:52Z
MARS,29.66,2026-04-28T13:52:31Z
MART,40.63,2026-04-28T19:59:46Z
MAS,74.34,2026-04-28T19:59:59Z
MASI,178.5,2026-04-28T19:59:58Z
MASK,1.62,2026-04-28T17:57:34Z
MASS,6.735,2026-04-28T19:59:24Z
MAT,14.795,2026-04-28T19:59:57Z
MATV,9.74,2026-04-28T19:59:58Z
MATW,28.31,2026-04-28T19:22:06Z
MATX,176.04,2026-04-28T19:24:19Z
MAX,9.99,2026-04-28T19:59:52Z
MAXJ,28.73,2026-04-28T19:59:46Z
MAXN,1.125,2026-04-28T19:59:53Z
MAYP,31.73,2026-04-28T14:09:41Z
MAYW,34.25,2026-04-28T17:54:56Z
MAZE,25.97,2026-04-28T19:59:50Z
MBAI,1.435,2026-04-28T19:02:57Z
MBAV,10.805,2026-04-28T14:08:34Z
MBB,95.085,2026-04-28T19:59:46Z
MBBC,14.71,2026-04-28T13:43:26Z
MBC,9.465,2026-04-28T19:59:41Z
MBCC,37.37,2026-04-28T19:10:16Z
MBI,6.105,2026-04-28T19:59:32Z
MBIN,49.55,2026-04-28T19:59:47Z
MBINL,24.06,2026-04-28T19:55:53Z
MBINM,25.3,2026-04-28T15:46:22Z
MBLY,9.04,2026-04-28T19:59:57Z
MBOT,2.105,2026-04-28T19:59:47Z
MBOX,38.12,2026-04-28T14:19:46Z
MBRX,2.57,2026-04-28T19:58:17Z
MBSF,25.63,2026-04-28T15:52:35Z
MBUU,25.55,2026-04-28T19:59:34Z
MBWM,51.92,2026-04-28T19:50:38Z
MBX,29.04,2026-04-28T19:59:57Z
MC,69.68,2026-04-28T19:59:57Z
MCB,90.855,2026-04-28T19:56:00Z
MCBS,33,2026-04-28T19:58:50Z
MCD,292.39,2026-04-28T19:59:54Z
MCFT,23.435,2026-04-28T19:59:55Z
MCGA,10.175,2026-04-28T15:32:52Z
MCGAU,10.33,2026-04-28T15:40:44Z
MCHB,15.595,2026-04-28T19:59:49Z
MCHI,56.725,2026-04-28T19:59:43Z
MCHP,84.245,2026-04-28T19:59:55Z
MCHPP,73.24,2026-04-28T15:00:02Z
MCI,17.535,2026-04-28T18:11:25Z
MCK,834.24,2026-04-28T19:59:42Z
MCN,5.94,2026-04-28T13:54:49Z
MCO,457.94,2026-04-28T19:59:57Z
MCR,5.985,2026-04-28T19:51:13Z
MCRB,7.09,2026-04-28T19:51:42Z
MCRI,118.15,2026-04-28T19:58:40Z
MCRP,2.535,2026-04-28T16:08:35Z
MCS,19.17,2026-04-28T19:59:48Z
MCW,7.08,2026-04-28T19:59:59Z
MCY,98.17,2026-04-28T19:57:14Z
MD,22.95,2026-04-28T19:59:40Z
MDA,30.16,2026-04-28T19:56:51Z
MDAI,1.99,2026-04-28T19:59:55Z
MDB,258.13,2026-04-28T19:59:55Z
MDCX,0.2996,2026-04-28T19:59:18Z
MDGL,516.75,2026-04-28T19:59:59Z
MDIV,16.53,2026-04-28T19:57:52Z
MDLN,44.24,2026-04-28T19:59:55Z
MDLV,30.22,2026-04-28T16:16:53Z
MDLZ,58.555,2026-04-28T19:59:57Z
MDPL,26.19,2026-04-28T19:09:17Z
MDST,28.71,2026-04-28T19:34:11Z
MDT,81.89,2026-04-28T19:59:57Z
MDU,21.99,2026-04-28T19:59:59Z
MDV,16.275,2026-04-28T19:50:32Z
MDWD,16.575,2026-04-28T18:16:14Z
MDXG,3.405,2026-04-28T19:59:54Z
MDXH,2.04,2026-04-28T19:59:44Z
MDY,658.13,2026-04-28T19:59:57Z
MDYG,102.67,2026-04-28T17:50:50Z
MDYV,90.71,2026-04-28T19:59:05Z
MEAR,50.37,2026-04-28T19:48:17Z
MEC,21.945,2026-04-28T19:58:15Z
MED,10.82,2026-04-28T19:59:39Z
MEDP,409.31,2026-04-28T19:59:53Z
MEG,20.89,2026-04-28T19:59:58Z
MEGI,15.22,2026-04-28T19:52:50Z
MEHA,0.1019,2026-04-28T19:43:34Z
MEI,7.98,2026-04-28T19:59:49Z
MELI,1792.005,2026-04-28T19:59:57Z
MEME,7.77,2026-04-28T19:43:30Z
MENS,2.16,2026-04-28T15:12:16Z
MEOH,60.38,2026-04-28T19:59:44Z
MERC,1.08,2026-04-28T19:59:50Z
MESO,15.23,2026-04-28T19:59:30Z
MET,78.3,2026-04-28T19:59:53Z
MET-E,22.735,2026-04-28T19:47:35Z
MET-F,19.15,2026-04-28T18:12:27Z
META,671.3,2026-04-28T19:59:59Z
METC,14.57,2026-04-28T19:59:56Z
METCB,10.06,2026-04-28T19:53:19Z
METCI,25.26,2026-04-28T15:39:31Z
METD,15.035,2026-04-28T17:48:25Z
METL,28.56,2026-04-28T19:44:41Z
METU,30.33,2026-04-28T19:59:54Z
METV,17.83,2026-04-28T19:44:54Z
MEXX,29.56,2026-04-28T14:26:05Z
MFA,10.28,2026-04-28T19:59:53Z
MFA-B,20.82,2026-04-28T16:46:46Z
MFA-C,23.77,2026-04-28T16:07:41Z
MFAO,25.43,2026-04-28T18:47:50Z
MFC,38.58,2026-04-28T19:59:52Z
MFDX,41.15,2026-04-28T19:19:58Z
MFEM,27.225,2026-04-28T19:58:49Z
MFG,8.45,2026-04-28T19:59:56Z
MFIC,11.59,2026-04-28T19:59:40Z
MFIN,9.48,2026-04-28T17:26:13Z
MFM,5.38,2026-04-28T19:10:50Z
MFSB,25.08,2026-04-28T19:59:46Z
MFSG,29.085,2026-04-28T19:59:31Z
MFSI,31.13,2026-04-28T19:48:55Z
MFSV,27.57,2026-04-28T19:49:13Z
MFUL,22.07,2026-04-28T19:59:45Z
MFUS,61.31,2026-04-28T19:59:45Z
MG,18.91,2026-04-28T19:58:44Z
MGA,61.92,2026-04-28T19:59:50Z
MGC,260.44,2026-04-28T18:23:08Z
MGEE,81.07,2026-04-28T19:56:58Z
MGF,2.89,2026-04-28T18:41:34Z
MGK,83.72,2026-04-28T19:59:57Z
MGM,39.745,2026-04-28T19:59:54Z
MGMT,47.74,2026-04-28T19:36:29Z
MGN,0.1782,2026-04-28T19:38:59Z
MGNI,12.965,2026-04-28T19:59:58Z
MGNX,3.02,2026-04-28T19:59:55Z
MGPI,20.25,2026-04-28T19:59:14Z
MGR,20.16,2026-04-28T18:59:57Z
MGRC,120.04,2026-04-28T19:59:51Z
MGRE,23.97,2026-04-28T19:05:01Z
MGRX,0.3614,2026-04-28T19:49:30Z
MGTX,9.09,2026-04-28T19:59:59Z
MGV,150.04,2026-04-28T19:17:27Z
MGX,1.435,2026-04-28T19:59:45Z
MGY,29.33,2026-04-28T19:59:58Z
MH,12.3,2026-04-28T19:58:05Z
MHD,11.72,2026-04-28T19:50:01Z
MHF,6.84,2026-04-28T19:08:26Z
MHH,6.51,2026-04-28T19:23:17Z
MHK,106.365,2026-04-28T19:59:41Z
MHO,135.64,2026-04-28T19:59:27Z
MIAX,47.29,2026-04-28T19:59:48Z
MICC,13.19,2026-04-28T19:59:39Z
MIDD,141.84,2026-04-28T19:58:41Z
MIDU,62.5,2026-04-28T17:33:57Z
MIGI,4.225,2026-04-28T19:45:05Z
MIMI,0.316,2026-04-28T19:59:49Z
MIN,2.465,2026-04-28T19:55:42Z
MIND,6.21,2026-04-28T19:45:52Z
MINE,2.88,2026-04-28T16:53:31Z
MINN,22.44,2026-04-28T13:47:42Z
MINO,45.545,2026-04-28T19:49:59Z
MINT,100.69,2026-04-28T18:17:11Z
MIR,18.69,2026-04-28T19:59:56Z
MIRA,1.02,2026-04-28T15:09:05Z
MIRM,94.03,2026-04-28T19:59:50Z
MIST,1.855,2026-04-28T19:59:57Z
MITK,14.07,2026-04-28T19:59:58Z
MITQ,0.6701,2026-04-28T19:39:13Z
MITT,8.2,2026-04-28T19:59:31Z
MIY,11.95,2026-04-28T19:53:28Z
MKC,51.135,2026-04-28T19:59:53Z
MKC.V,51.34,2026-04-28T18:37:10Z
MKL,1908.085,2026-04-28T19:59:37Z
MKOR,54.54,2026-04-28T15:22:39Z
MKSI,268.085,2026-04-28T19:59:27Z
MKTX,158.405,2026-04-28T19:59:26Z
MLAA,9.99,2026-04-28T14:53:33Z
MLAB,100.09,2026-04-28T19:15:38Z
MLCI,4.53,2026-04-28T19:52:07Z
MLCO,5.56,2026-04-28T19:59:54Z
MLEC,8.64,2026-04-28T19:58:33Z
MLGO,3.975,2026-04-28T18:21:22Z
MLI,135.61,2026-04-28T19:59:43Z
MLKN,17.12,2026-04-28T19:59:58Z
MLM,614.46,2026-04-28T19:59:45Z
MLN,17.645,2026-04-28T19:59:45Z
MLP,15.725,2026-04-28T19:52:53Z
MLPA,53.995,2026-04-28T19:30:37Z
MLPI,55.82,2026-04-28T19:59:02Z
MLPX,72.82,2026-04-28T19:59:09Z
MLR,47.19,2026-04-28T19:19:31Z
MLSS,0.3299,2026-04-28T19:58:19Z
MLTX,16.665,2026-04-28T19:59:54Z
MLYS,25.86,2026-04-28T19:59:01Z
MMA,0.641,2026-04-28T19:57:25Z
MMD,14.93,2026-04-28T19:57:21Z
MMED,12.99,2026-04-28T19:59:54Z
MMI,28.73,2026-04-28T19:59:51Z
MMIN,24.1,2026-04-28T19:59:55Z
MMIT,24.365,2026-04-28T19:51:11Z
MMLP,2.5,2026-04-28T19:45:57Z
MMM,146.025,2026-04-28T19:59:54Z
MMS,65.38,2026-04-28T19:59:53Z
MMSI,66.66,2026-04-28T19:59:51Z
MMT,4.525,2026-04-28T17:44:23Z
MMU,10.18,2026-04-28T15:34:11Z
MMYT,46.84,2026-04-28T19:59:54Z
MNA,36.395,2026-04-28T19:58:24Z
MNDO,1.045,2026-04-28T18:53:08Z
MNDR,0.7785,2026-04-28T19:56:56Z
MNDY,67.26,2026-04-28T19:59:42Z
MNKD,2.795,2026-04-28T19:59:52Z
MNPR,54.7,2026-04-28T19:59:11Z
MNR,13.48,2026-04-28T19:59:55Z
MNRO,16.995,2026-04-28T19:59:47Z
MNSB,24.81,2026-04-28T19:46:47Z
MNSO,14.67,2026-04-28T19:59:53Z
MNST,77.21,2026-04-28T19:59:53Z
MNTK,1.46,2026-04-28T19:59:25Z
MNTN,9.99,2026-04-28T19:59:59Z
MNTS,5.105,2026-04-28T19:58:49Z
MO,67.79,2026-04-28T19:59:59Z
MOAT,100.105,2026-04-28T19:59:12Z
MOB,6.67,2026-04-28T19:59:50Z
MOBX,2.52,2026-04-28T19:58:01Z
MOD,237.32,2026-04-28T19:59:27Z
MODD,4.34,2026-04-28T19:59:10Z
MOG.A,305.6,2026-04-28T19:34:49Z
MOH,185.47,2026-04-28T19:59:49Z
MOMO,6.13,2026-04-28T19:58:33Z
MOO,82.02,2026-04-28T19:58:37Z
MORN,183.755,2026-04-28T19:59:46Z
MORT,10.61,2026-04-28T19:59:55Z
MOS,23.18,2026-04-28T19:59:54Z
MOV,27.64,2026-04-28T19:59:12Z
MP,61.72,2026-04-28T19:59:50Z
MPA,11.28,2026-04-28T17:23:38Z
MPAA,11.065,2026-04-28T19:59:37Z
MPB,34.28,2026-04-28T19:59:40Z
MPC,232.525,2026-04-28T19:59:52Z
MPG,7.975,2026-04-28T19:59:32Z
MPL,21.66,2026-04-28T14:46:17Z
MPLT,30.38,2026-04-28T19:59:49Z
MPLX,55.1,2026-04-28T19:59:47Z
MPLY,31.1,2026-04-28T18:21:25Z
MPRO,32.09,2026-04-28T18:13:18Z
MPT,5.16,2026-04-28T19:59:55Z
MPTI,63.225,2026-04-28T19:58:42Z
MPU,0.63,2026-04-28T15:22:06Z
MPWR,1504.545,2026-04-28T19:59:44Z
MPWX,21.87,2026-04-28T14:46:11Z
MQ,4.35,2026-04-28T19:59:55Z
MQY,11.37,2026-04-28T19:56:06Z
MRAL,5.02,2026-04-28T19:59:50Z
MRAM,12.735,2026-04-28T19:59:54Z
MRBK,19.095,2026-04-28T19:58:37Z
MRCY,76.57,2026-04-28T19:59:58Z
MRDN,6.92,2026-04-28T16:00:13Z
MREO,0.2766,2026-04-28T19:59:45Z
MRK,109.98,2026-04-28T19:59:54Z
MRKR,1.415,2026-04-28T17:59:35Z
MRLN,11.52,2026-04-28T19:59:59Z
MRNA,47.11,2026-04-28T19:59:52Z
MRNY,16.24,2026-04-28T19:59:59Z
MRP,30.72,2026-04-28T19:59:51Z
MRSH,170.815,2026-04-28T19:59:47Z
MRSK,36.95,2026-04-28T19:16:19Z
MRTN,14.93,2026-04-28T19:59:49Z
MRVI,3.56,2026-04-28T19:59:48Z
MRVL,153.11,2026-04-28T19:59:59Z
MRVU,77.64,2026-04-28T19:52:26Z
MRX,52.73,2026-04-28T19:59:52Z
MS,190.365,2026-04-28T19:59:54Z
MS-I,25.12,2026-04-28T19:26:02Z
MS-L,20.505,2026-04-28T17:10:40Z
MS-P,25.32,2026-04-28T18:20:15Z
MS-Q,25.63,2026-04-28T19:59:27Z
MSA,167.38,2026-04-28T19:56:28Z
MSAI,5.39,2026-04-28T19:52:16Z
MSB,28.275,2026-04-28T19:01:55Z
MSBI,25.99,2026-04-28T19:59:28Z
MSBT,21.83,2026-04-28T16:57:15Z
MSCI,594.84,2026-04-28T19:59:49Z
MSD,7.36,2026-04-28T19:52:50Z
MSDL,15.21,2026-04-28T19:59:47Z
MSEX,53.4,2026-04-28T19:59:25Z
MSFD,12.68,2026-04-28T19:59:59Z
MSFL,20.2,2026-04-28T19:59:59Z
MSFT,429.4,2026-04-28T19:59:59Z
MSFU,30.52,2026-04-28T19:58:44Z
MSFX,20.17,2026-04-28T19:50:00Z
MSGE,64.935,2026-04-28T19:59:36Z
MSGM,4.575,2026-04-28T15:11:50Z
MSGS,333.38,2026-04-28T19:59:45Z
MSGY,0.4897,2026-04-28T19:58:58Z
MSI,434.825,2026-04-28T19:59:53Z
MSIF,12.54,2026-04-28T19:58:01Z
MSLC,56.355,2026-04-28T19:58:44Z
MSLE,7.68,2026-04-28T19:58:37Z
MSM,102.83,2026-04-28T19:59:50Z
MSOS,4.965,2026-04-28T19:59:58Z
MSOX,3.585,2026-04-28T19:59:58Z
MSS,1.31,2026-04-28T19:39:05Z
MSST,39.3,2026-04-28T14:50:53Z
MST,30.5,2026-04-28T18:14:46Z
MSTP,2.41,2026-04-28T19:59:51Z
MSTR,165.77,2026-04-28T19:59:59Z
MSTU,7.07,2026-04-28T19:59:59Z
MSTW,8.19,2026-04-28T19:56:51Z
MSTX,32.39,2026-04-28T19:59:38Z
MSTY,25.26,2026-04-28T19:59:55Z
MSTZ,6.225,2026-04-28T19:59:47Z
MSW,1.725,2026-04-28T19:59:25Z
MT,57.86,2026-04-28T19:59:38Z
MTA,6.63,2026-04-28T19:59:35Z
MTB,217.53,2026-04-28T19:59:48Z
MTB-J,26.355,2026-04-28T17:27:20Z
MTB-K,25.05,2026-04-28T19:58:08Z
MTBA,49.52,2026-04-28T18:26:58Z
MTC,6.86,2026-04-28T19:59:32Z
MTCH,37.01,2026-04-28T19:59:53Z
MTD,1262.44,2026-04-28T19:58:40Z
MTDR,61.11,2026-04-28T19:59:54Z
MTEK,1.24,2026-04-28T16:50:17Z
MTEN,1.065,2026-04-28T19:22:57Z
MTG,28.97,2026-04-28T19:59:55Z
MTGP,44.39,2026-04-28T17:13:36Z
MTH,69.46,2026-04-28T19:59:36Z
MTLS,5.315,2026-04-28T19:54:21Z
MTN,126.7,2026-04-28T19:59:53Z
MTRN,177.87,2026-04-28T19:59:15Z
MTRX,12.95,2026-04-28T19:59:53Z
MTSI,265.81,2026-04-28T19:59:32Z
MTUM,275.88,2026-04-28T19:59:45Z
MTUS,19.18,2026-04-28T19:59:46Z
MTVA,1.61,2026-04-28T19:59:26Z
MTW,13.355,2026-04-28T19:59:16Z
MTX,72.7,2026-04-28T19:59:45Z
MTZ,374.92,2026-04-28T19:59:50Z
MU,504.25,2026-04-28T19:59:58Z
MUA,10.535,2026-04-28T19:50:21Z
MUB,107.305,2026-04-28T19:59:57Z
MUC,10.81,2026-04-28T19:58:44Z
MUD,28.32,2026-04-28T19:57:31Z
MUFG,17.53,2026-04-28T19:59:50Z
MUJ,12.075,2026-04-28T19:59:50Z
MULL,227.775,2026-04-28T19:44:22Z
MUNI,52.525,2026-04-28T19:59:21Z
MUNY,103.535,2026-04-28T18:38:20Z
MUR,40.01,2026-04-28T19:59:50Z
MUSA,520,2026-04-28T19:59:46Z
MUST,20.64,2026-04-28T19:56:10Z
MUU,257.67,2026-04-28T19:59:59Z
MUX,21.7,2026-04-28T19:59:55Z
MUYY,25.5,2026-04-28T13:59:21Z
MVAL,36.17,2026-04-28T16:10:42Z
MVIS,0.6512,2026-04-28T19:59:56Z
MVLL,59.23,2026-04-28T19:55:00Z
MVO,2.625,2026-04-28T19:12:44Z
MVST,1.935,2026-04-28T19:59:27Z
MWA,28.13,2026-04-28T19:59:59Z
MWG,1.91,2026-04-28T16:16:14Z
MWH,37.25,2026-04-28T19:59:39Z
MWYN,0.55,2026-04-28T19:59:23Z
MX,4.87,2026-04-28T19:59:53Z
MXCT,0.8788,2026-04-28T19:59:52Z
MXF,21,2026-04-28T19:58:19Z
MXI,109.28,2026-04-28T18:38:19Z
MXL,52.045,2026-04-28T19:59:56Z
MYCJ,24.83,2026-04-28T14:12:51Z
MYE,21.325,2026-04-28T19:59:51Z
MYFW,27.99,2026-04-28T19:51:31Z
MYGN,4.845,2026-04-28T19:59:56Z
MYI,10.82,2026-04-28T19:52:34Z
MYMF,24.88,2026-04-28T15:40:13Z
MYMJ,24.92,2026-04-28T15:47:21Z
MYN,9.935,2026-04-28T19:56:27Z
MYO,0.8216,2026-04-28T19:51:14Z
MYPS,0.4292,2026-04-28T19:57:22Z
MYRG,330.67,2026-04-28T19:59:49Z
MYSE,2.77,2026-04-28T19:59:48Z
MYXXU,10.06,2026-04-28T19:59:50Z
MZTI,126.91,2026-04-28T19:59:16Z
MZZ,6.62,2026-04-28T15:09:39Z
NA,1.795,2026-04-28T19:59:09Z
NABL,5.28,2026-04-28T19:59:55Z
NAC,11.87,2026-04-28T19:58:00Z
NAD,11.665,2026-04-28T19:57:44Z
NAGE,4.85,2026-04-28T19:59:56Z
NAII,2.71,2026-04-28T14:27:47Z
NAIL,46.65,2026-04-28T19:59:50Z
NAK,1.995,2026-04-28T19:59:30Z
NAKA,0.1863,2026-04-28T19:59:46Z
NAMM,2.01,2026-04-28T19:52:25Z
NAMMW,0.2299,2026-04-28T15:07:58Z
NAMS,28.72,2026-04-28T19:59:58Z
NAN,11.495,2026-04-28T19:54:52Z
NANR,81.975,2026-04-28T17:50:37Z
NASA,28.17,2026-04-28T19:59:30Z
NAT,5.61,2026-04-28T19:59:58Z
NATH,100.45,2026-04-28T19:52:49Z
NATL,44.44,2026-04-28T19:59:49Z
NATR,27.275,2026-04-28T19:20:16Z
NAUG,30.77,2026-04-28T14:21:48Z
NAUT,2.59,2026-04-28T19:59:50Z
NAVI,9.18,2026-04-28T19:59:57Z
NAVN,16.14,2026-04-28T19:59:54Z
NAZ,12.71,2026-04-28T18:43:42Z
NB,5.65,2026-04-28T19:59:56Z
NBB,15.68,2026-04-28T19:59:28Z
NBBK,19.99,2026-04-28T19:59:48Z
NBCM,29.11,2026-04-28T14:47:59Z
NBDS,35.28,2026-04-28T13:38:16Z
NBH,10.24,2026-04-28T19:44:23Z
NBHC,43.315,2026-04-28T19:59:43Z
NBIG,11.63,2026-04-28T19:40:28Z
NBIL,16.86,2026-04-28T19:59:41Z
NBIS,135.545,2026-04-28T19:59:56Z
NBIX,128.17,2026-04-28T19:59:53Z
NBIZ,5.46,2026-04-28T19:59:59Z
NBN,129.42,2026-04-28T19:56:21Z
NBOS,27.54,2026-04-28T19:26:56Z
NBP,2.385,2026-04-28T19:59:51Z
NBR,94.09,2026-04-28T19:58:48Z
NBSD,50.785,2026-04-28T19:59:46Z
NBSM,26.76,2026-04-28T19:07:54Z
NBTB,44.475,2026-04-28T19:57:40Z
NBTX,32.995,2026-04-28T19:51:06Z
NBXG,14.35,2026-04-28T18:08:19Z
NCDL,14.36,2026-04-28T19:59:37Z
NCEL,3.305,2026-04-28T19:39:25Z
NCEW,16.25,2026-04-28T19:46:17Z
NCI,0.925,2026-04-28T19:56:18Z
NCIQ,19.13,2026-04-28T19:57:21Z
NCL,0.1536,2026-04-28T19:43:50Z
NCLH,17.8,2026-04-28T19:59:59Z
NCMI,3.595,2026-04-28T19:59:46Z
NCNO,17.39,2026-04-28T19:59:57Z
NCPL,0.3872,2026-04-28T17:16:32Z
NCT,2.46,2026-04-28T13:38:50Z
NCTY,5.33,2026-04-28T13:51:06Z
NCV,16.475,2026-04-28T19:59:32Z
NCV-A,20.7,2026-04-28T19:09:14Z
NCZ,14.82,2026-04-28T19:58:50Z
NDAQ,91.33,2026-04-28T19:59:57Z
NDEC,28.86,2026-04-28T17:27:54Z
NDLS,11.41,2026-04-28T19:03:22Z
NDMO,10.34,2026-04-28T19:54:49Z
NDOW,28.47,2026-04-28T16:48:34Z
NDSN,281.76,2026-04-28T19:59:46Z
NE,50.975,2026-04-28T19:59:53Z
NEA,11.425,2026-04-28T19:59:44Z
NEAR,50.905,2026-04-28T19:59:15Z
NEBX,51.08,2026-04-28T19:52:40Z
NECB,24.805,2026-04-28T19:24:06Z
NEE,96.51,2026-04-28T19:59:54Z
NEE-S,58.13,2026-04-28T19:54:05Z
NEE-V,51.6,2026-04-28T17:12:23Z
NEE-W,25.17,2026-04-28T19:57:49Z
NEGG,37.54,2026-04-28T16:13:17Z
NEHI,34.745,2026-04-28T15:08:45Z
NEM,109.85,2026-04-28T19:59:55Z
NEO,9.03,2026-04-28T19:59:55Z
NEOG,9.35,2026-04-28T19:59:59Z
NEON,1.655,2026-04-28T15:15:02Z
NEOV,2.795,2026-04-28T19:51:19Z
NEPH,3.23,2026-04-28T15:19:53Z
NERV,6.455,2026-04-28T19:59:53Z
NESR,25.02,2026-04-28T19:59:58Z
NET,208.65,2026-04-28T19:59:56Z
NETG,11.77,2026-04-28T16:05:44Z
NEU,681.94,2026-04-28T19:59:28Z
NEUP,5.19,2026-04-28T17:22:30Z
NEWP,5.21,2026-04-28T19:58:53Z
NEWT,13.105,2026-04-28T19:59:57Z
NEXA,14.055,2026-04-28T19:59:07Z
NEXN,7.33,2026-04-28T19:59:56Z
NEXR,2.28,2026-04-28T19:59:51Z
NEXT,7.41,2026-04-28T19:59:59Z
NFBK,14.17,2026-04-28T19:59:56Z
NFE,0.6506,2026-04-28T19:59:56Z
NFG,89.2,2026-04-28T19:59:54Z
NFGC,1.955,2026-04-28T19:59:56Z
NFJ,13.95,2026-04-28T19:55:23Z
NFLT,22.97,2026-04-28T14:42:15Z
NFLU,28.7,2026-04-28T19:59:50Z
NFLX,92.295,2026-04-28T19:59:59Z
NFLY,10.205,2026-04-28T19:59:46Z
NFRA,65.145,2026-04-28T13:30:02Z
NFTY,53.65,2026-04-28T13:52:04Z
NFXL,27.12,2026-04-28T19:59:00Z
NFXS,16.89,2026-04-28T19:59:46Z
NG,8.17,2026-04-28T19:59:55Z
NGEN,3.85,2026-04-28T16:35:20Z
NGG,87.47,2026-04-28T19:59:23Z
NGL,15.655,2026-04-28T19:59:20Z
NGNE,27.47,2026-04-28T19:43:21Z
NGS,39.505,2026-04-28T19:29:17Z
NGVC,27.53,2026-04-28T19:59:44Z
NGVT,74.725,2026-04-28T19:59:46Z
NHC,174.59,2026-04-28T19:57:32Z
NHI,76.51,2026-04-28T19:59:50Z
NHP,13.32,2026-04-28T19:59:53Z
NHPAP,20.98,2026-04-28T19:57:58Z
NHPBP,20.38,2026-04-28T19:41:50Z
NHS,6.41,2026-04-28T19:59:15Z
NHTC,2.99,2026-04-28T19:16:46Z
NHYM,25.01,2026-04-28T18:42:09Z
NI,48.5,2026-04-28T19:59:56Z
NIC,148.155,2026-04-28T19:54:55Z
NICE,102.05,2026-04-28T19:59:39Z
NIE,25.755,2026-04-28T18:27:33Z
NIHI,50.255,2026-04-28T14:31:49Z
NIKL,17.395,2026-04-28T19:59:06Z
NIM,9.31,2026-04-28T19:22:26Z
NIO,6.365,2026-04-28T19:59:56Z
NIOBW,1.91,2026-04-28T14:36:30Z
NIPG,0.6618,2026-04-28T17:42:18Z
NIQ,11.04,2026-04-28T19:59:53Z
NIU,3.025,2026-04-28T19:59:33Z
NIVF,1.91,2026-04-28T15:24:42Z
NIXX,0.5858,2026-04-28T19:59:50Z
NJAN,56.84,2026-04-28T17:11:31Z
NJR,56.19,2026-04-28T19:59:45Z
NJUL,75.52,2026-04-28T14:50:01Z
NJUN,32.6,2026-04-28T15:48:49Z
NKE,45.02,2026-04-28T19:59:58Z
NKLR,6.33,2026-04-28T19:59:53Z
NKSH,36.7,2026-04-28T19:58:22Z
NKTR,83.77,2026-04-28T19:59:57Z
NKTX,2.77,2026-04-28T19:59:56Z
NKX,12.34,2026-04-28T19:58:15Z
NLOP,13.22,2026-04-28T19:59:47Z
NLR,141.26,2026-04-28T19:59:03Z
NLY,22.825,2026-04-28T19:59:59Z
NLY-F,25.9,2026-04-28T19:46:03Z
NMAI,13.625,2026-04-28T19:05:18Z
NMAX,5.985,2026-04-28T19:59:56Z
NMAY,28.56,2026-04-28T17:36:32Z
NMCO,10.77,2026-04-28T19:59:54Z
NMFC,8.38,2026-04-28T19:59:56Z
NMG,2.16,2026-04-28T19:59:55Z
NMI,10.03,2026-04-28T14:40:51Z
NMIH,41.49,2026-04-28T19:59:52Z
NML,10.12,2026-04-28T19:58:59Z
NMM,72.035,2026-04-28T19:51:11Z
NMR,7.885,2026-04-28T19:59:54Z
NMRA,2.25,2026-04-28T19:59:53Z
NMRK,16.41,2026-04-28T19:59:59Z
NMT,12.555,2026-04-28T18:55:25Z
NMTC,4.74,2026-04-28T19:27:57Z
NMZ,10.25,2026-04-28T19:58:53Z
NN,16.98,2026-04-28T19:59:56Z
NNBR,2.535,2026-04-28T19:59:37Z
NNDM,1.745,2026-04-28T19:59:55Z
NNE,23.715,2026-04-28T19:59:45Z
NNI,143.81,2026-04-28T19:51:09Z
NNN,44.05,2026-04-28T19:59:49Z
NNNN,28,2026-04-28T14:34:10Z
NNOV,29.97,2026-04-28T19:59:50Z
NNOX,1.81,2026-04-28T19:59:54Z
NNVC,1.205,2026-04-28T19:59:43Z
NNY,8.53,2026-04-28T16:56:03Z
NOA,14.56,2026-04-28T19:24:37Z
NOAH,10.705,2026-04-28T19:59:34Z
NOBL,108.12,2026-04-28T19:56:36Z
NOC,577.76,2026-04-28T19:59:49Z
NOG,27.56,2026-04-28T19:59:58Z
NOK,11.3,2026-04-28T19:59:59Z
NOMD,9.73,2026-04-28T19:59:53Z
NORW,37.805,2026-04-28T19:00:12Z
NOTV,0.2888,2026-04-28T19:58:50Z
NOV,20.31,2026-04-28T19:59:59Z
NOVT,128.79,2026-04-28T19:50:00Z
NOVTU,57.285,2026-04-28T18:57:29Z
NOW,90.52,2026-04-28T19:59:57Z
NOWL,4.07,2026-04-28T19:59:51Z
NP,26.61,2026-04-28T19:59:30Z
NPB,17.69,2026-04-28T19:59:03Z
NPCE,16.875,2026-04-28T19:53:33Z
NPCT,10.39,2026-04-28T19:59:51Z
NPFD,19.115,2026-04-28T19:59:50Z
NPFI,26.145,2026-04-28T19:56:49Z
NPK,144.465,2026-04-28T17:22:58Z
NPKI,15.75,2026-04-28T19:59:57Z
NPO,287.67,2026-04-28T19:59:37Z
NPT,1.915,2026-04-28T19:58:01Z
NPWR,1.83,2026-04-28T19:59:54Z
NPWR+,0.2526,2026-04-28T15:08:50Z
NRC,16.88,2026-04-28T19:50:44Z
NRDS,11.09,2026-04-28T19:58:56Z
NRDY,0.898,2026-04-28T19:57:22Z
NREF,14.445,2026-04-28T19:41:44Z
NRG,154.81,2026-04-28T19:59:56Z
NRGD,29.25,2026-04-28T14:24:59Z
NRGU,37.78,2026-04-28T19:58:40Z
NRGV,4.22,2026-04-28T19:59:47Z
NRIM,25.44,2026-04-28T19:58:46Z
NRIX,17.03,2026-04-28T19:59:38Z
NRK,10.54,2026-04-28T19:59:50Z
NRO,3,2026-04-28T19:50:34Z
NRP,117.075,2026-04-28T19:31:41Z
NRSN,0.8055,2026-04-28T19:24:34Z
NRT,8.335,2026-04-28T16:21:42Z
NRUC,24.11,2026-04-28T15:20:15Z
NRXP,2.945,2026-04-28T19:59:52Z
NRXS,7.61,2026-04-28T19:59:57Z
NSA,41.89,2026-04-28T19:59:52Z
NSA-A,22.95,2026-04-28T14:25:33Z
NSC,316.7,2026-04-28T19:59:50Z
NSEP,30.36,2026-04-28T19:00:40Z
NSIT,74.075,2026-04-28T19:58:48Z
NSP,35.24,2026-04-28T19:59:53Z
NSPR,1.19,2026-04-28T15:22:51Z
NSRX,2.91,2026-04-28T19:56:58Z
NSSC,45.61,2026-04-28T19:59:16Z
NSYS,13.89,2026-04-28T15:34:54Z
NTAP,108.28,2026-04-28T19:59:49Z
NTB,56.25,2026-04-28T19:58:27Z
NTCL,0.3875,2026-04-28T18:06:57Z
NTCT,32.71,2026-04-28T19:59:46Z
NTES,111.79,2026-04-28T19:59:52Z
NTGR,24.9,2026-04-28T19:59:51Z
NTHI,4.31,2026-04-28T19:59:40Z
NTIP,1.385,2026-04-28T19:59:36Z
NTLA,13.21,2026-04-28T19:59:59Z
NTNX,41.29,2026-04-28T19:59:50Z
NTR,72.915,2026-04-28T19:59:58Z
NTRA,200.2,2026-04-28T19:59:42Z
NTRP,2.55,2026-04-28T19:28:21Z
NTRS,166.87,2026-04-28T19:59:55Z
NTSK,9.98,2026-04-28T19:59:57Z
NTST,20.6,2026-04-28T19:59:54Z
NTWK,3.52,2026-04-28T18:50:46Z
NU,14.505,2026-04-28T19:59:55Z
NUAG,21.06,2026-04-28T16:11:54Z
NUAI,3.83,2026-04-28T19:59:54Z
NUAIW,1.57,2026-04-28T15:53:36Z
NUBD,22.23,2026-04-28T19:51:09Z
NUCL,10.67,2026-04-28T19:59:51Z
NUCLW,2.1,2026-04-28T19:54:06Z
NUDM,37.85,2026-04-28T18:52:34Z
NUE,225.04,2026-04-28T19:59:54Z
NUGO,40.91,2026-04-28T18:01:16Z
NUGT,172.47,2026-04-28T19:44:33Z
NUHY,21.455,2026-04-28T19:59:47Z
NUKZ,71.775,2026-04-28T19:52:04Z
NULG,103.1,2026-04-28T19:57:17Z
NULV,48.65,2026-04-28T14:47:57Z
NUMG,43.35,2026-04-28T19:12:49Z
NUMV,41.02,2026-04-28T18:17:53Z
NUS,7.375,2026-04-28T19:59:55Z
NUSC,48.46,2026-04-28T19:59:51Z
NUTX,107.78,2026-04-28T14:11:40Z
NUV,9.14,2026-04-28T18:18:39Z
NUVB,4.56,2026-04-28T19:59:51Z
NUVL,101.95,2026-04-28T19:59:57Z
NUW,14.18,2026-04-28T14:04:52Z
NUWE,1.13,2026-04-28T13:47:04Z
NVA,5.77,2026-04-28T19:59:50Z
NVAX,7.93,2026-04-28T19:59:59Z
NVBW,34.72,2026-04-28T19:30:46Z
NVCR,12.12,2026-04-28T19:59:59Z
NVCT,8.74,2026-04-28T19:58:33Z
NVD,4.97,2026-04-28T19:59:55Z
NVDA,213.15,2026-04-28T19:59:59Z
NVDD,32.66,2026-04-28T19:31:01Z
NVDG,20.39,2026-04-28T19:55:37Z
NVDL,106.7,2026-04-28T19:59:54Z
NVDQ,11.5,2026-04-28T19:59:59Z
NVDS,21.67,2026-04-28T19:54:50Z
NVDU,142.35,2026-04-28T19:59:26Z
NVDW,41.445,2026-04-28T14:23:45Z
NVDX,20.44,2026-04-28T19:59:39Z
NVDY,14.42,2026-04-28T19:59:45Z
NVEC,79.08,2026-04-28T19:59:46Z
NVG,12.665,2026-04-28T19:59:42Z
NVGS,21.42,2026-04-28T19:59:43Z
NVMI,498.45,2026-04-28T19:59:45Z
NVNI,1.36,2026-04-28T18:50:05Z
NVO,41.17,2026-04-28T19:59:54Z
NVOH,22.81,2026-04-28T14:10:36Z
NVOX,12.475,2026-04-28T19:59:44Z
NVR,6468.175,2026-04-28T19:50:33Z
NVRI,19.44,2026-04-28T19:59:49Z
NVS,145.5,2026-04-28T19:59:47Z
NVST,26.49,2026-04-28T19:59:50Z
NVT,138.265,2026-04-28T19:59:53Z
NVTS,15.105,2026-04-28T19:59:54Z
NVTX,50.88,2026-04-28T19:35:27Z
NVVE,0.3186,2026-04-28T19:58:07Z
NVX,0.7244,2026-04-28T19:59:45Z
NWBI,14.16,2026-04-28T19:59:59Z
NWE,72.42,2026-04-28T19:57:42Z
NWFL,29.08,2026-04-28T19:32:51Z
NWG,15.7,2026-04-28T19:59:55Z
NWL,4.005,2026-04-28T19:59:59Z
NWN,53.4,2026-04-28T19:57:37Z
NWPX,86.73,2026-04-28T19:57:16Z
NWS,30.13,2026-04-28T19:59:52Z
NWSA,26.16,2026-04-28T19:59:58Z
NWTG,1.29,2026-04-28T19:55:07Z
NX,20.295,2026-04-28T19:59:59Z
NXDR,1.595,2026-04-28T19:59:54Z
NXDT,5.09,2026-04-28T19:59:54Z
NXE,12.025,2026-04-28T19:59:56Z
NXG,55.245,2026-04-28T19:05:39Z
NXGL,0.6001,2026-04-28T15:33:16Z
NXG^,0.0334,2026-04-28T19:24:50Z
NXL,0.3722,2026-04-28T19:56:00Z
NXP,14.015,2026-04-28T19:57:16Z
NXPI,230.35,2026-04-28T19:59:51Z
NXRT,28.87,2026-04-28T19:59:54Z
NXST,204.27,2026-04-28T19:58:58Z
NXT,116.49,2026-04-28T19:59:50Z
NXTC,9.58,2026-04-28T14:21:54Z
NXTG,129.63,2026-04-28T19:59:50Z
NXTT,1.54,2026-04-28T19:52:43Z
NXXT,0.3938,2026-04-28T19:59:51Z
NYF,53.695,2026-04-28T19:59:54Z
NYM,25.11,2026-04-28T14:03:57Z
NYT,78.44,2026-04-28T19:59:53Z
NYXH,2.985,2026-04-28T19:43:17Z
NZAC,44.415,2026-04-28T14:08:25Z
NZF,12.605,2026-04-28T19:55:05Z
O,63.55,2026-04-28T19:59:59Z
OABI,1.41,2026-04-28T19:59:57Z
OACP,22.845,2026-04-28T19:58:01Z
OAIM,45.87,2026-04-28T19:52:22Z
OAK-B,20.925,2026-04-28T17:25:48Z
OAKM,28.115,2026-04-28T19:59:51Z
OASC,32.32,2026-04-28T15:10:37Z
OBAI,0.5097,2026-04-28T19:48:28Z
OBDC,11.355,2026-04-28T19:59:55Z
OBE,13.35,2026-04-28T19:59:52Z
OBIO,3.89,2026-04-28T19:59:51Z
OBK,47.36,2026-04-28T19:58:16Z
OBT,36.32,2026-04-28T19:46:42Z
OC,123.96,2026-04-28T19:59:59Z
OCC,9.33,2026-04-28T19:54:22Z
OCCI,3,2026-04-28T19:59:38Z
OCFC,19.28,2026-04-28T19:59:59Z
OCG,1.76,2026-04-28T19:49:45Z
OCGN,1.68,2026-04-28T19:59:58Z
OCS,26.72,2026-04-28T19:56:32Z
OCSL,12.625,2026-04-28T19:59:55Z
OCTB,26.35,2026-04-28T14:56:57Z
OCTH,24,2026-04-28T15:22:06Z
OCTJ,24.07,2026-04-28T19:07:00Z
OCTM,33.17,2026-04-28T14:21:48Z
OCTU,29.265,2026-04-28T14:00:16Z
OCUL,9.32,2026-04-28T19:59:59Z
ODC,74.685,2026-04-28T18:11:03Z
ODD,15.4,2026-04-28T19:59:59Z
ODFL,221.76,2026-04-28T19:59:50Z
ODV,3.045,2026-04-28T19:59:50Z
ODYS,4.61,2026-04-28T13:58:00Z
OEC,7.505,2026-04-28T19:59:49Z
OEF,352,2026-04-28T19:59:58Z
OEFA,32.74,2026-04-28T16:28:55Z
OEI,25.53,2026-04-28T18:47:15Z
OESX,9.22,2026-04-28T18:22:30Z
OFAL,0.7504,2026-04-28T18:20:21Z
OFG,45.88,2026-04-28T19:59:52Z
OFIX,11.93,2026-04-28T19:57:16Z
OFLX,34.27,2026-04-28T19:59:57Z
OFRM,14.77,2026-04-28T19:59:30Z
OFS,4,2026-04-28T19:12:49Z
OGC,30.73,2026-04-28T19:56:50Z
OGE,47.59,2026-04-28T19:59:54Z
OGEN,0.6117,2026-04-28T19:58:16Z
OGI,1.4,2026-04-28T19:59:55Z
OGIG,43.5,2026-04-28T19:59:33Z
OGN,13.33,2026-04-28T19:59:59Z
OGS,88.08,2026-04-28T19:59:55Z
OHI,47.45,2026-04-28T19:59:56Z
OI,10.245,2026-04-28T19:59:58Z
OIA,6.1,2026-04-28T15:41:10Z
OIH,441.34,2026-04-28T19:58:05Z
OII,37.56,2026-04-28T19:59:52Z
OILD,41.5,2026-04-28T19:35:46Z
OILK,57.43,2026-04-28T19:59:50Z
OILT,31.23,2026-04-28T16:52:31Z
OILU,46.51,2026-04-28T19:59:59Z
OIO,1.68,2026-04-28T16:25:12Z
OIS,11.395,2026-04-28T19:59:57Z
OKE,89.86,2026-04-28T19:59:57Z
OKLL,10.6,2026-04-28T19:59:50Z
OKLO,69.13,2026-04-28T19:59:54Z
OKLS,24.38,2026-04-28T19:59:36Z
OKTA,76.215,2026-04-28T19:59:49Z
OKUR,5.245,2026-04-28T19:59:46Z
OKYO,1.6,2026-04-28T19:59:01Z
OLB,0.6125,2026-04-28T19:25:16Z
OLED,91.155,2026-04-28T19:59:50Z
OLLI,88.76,2026-04-28T19:59:58Z
OLMA,14.59,2026-04-28T19:59:45Z
OLN,26.77,2026-04-28T19:59:49Z
OLOX,0.6356,2026-04-28T19:59:14Z
OLP,23.29,2026-04-28T19:58:52Z
OLPX,2.035,2026-04-28T19:59:57Z
OM,4.325,2026-04-28T19:58:39Z
OMAB,106.39,2026-04-28T19:28:40Z
OMAH,18.355,2026-04-28T19:55:06Z
OMC,76.905,2026-04-28T19:59:59Z
OMCL,45.54,2026-04-28T19:59:58Z
OMDA,14.57,2026-04-28T19:59:54Z
OMER,14.66,2026-04-28T19:59:42Z
OMEX,0.8731,2026-04-28T19:59:06Z
OMF,58.63,2026-04-28T19:59:58Z
OMFL,65.06,2026-04-28T19:53:52Z
OMH,0.9468,2026-04-28T14:39:16Z
ON,93.25,2026-04-28T19:59:51Z
ONB,24,2026-04-28T19:59:59Z
ONBPO,25.06,2026-04-28T16:33:58Z
ONBPP,24.87,2026-04-28T17:20:50Z
ONC,297.92,2026-04-28T19:59:46Z
ONCO,0.7548,2026-04-28T19:59:49Z
ONCY,0.9019,2026-04-28T19:59:51Z
ONDG,6.83,2026-04-28T19:54:29Z
ONDL,19.17,2026-04-28T19:59:59Z
ONDS,10.46,2026-04-28T19:59:57Z
ONEG,8.31,2026-04-28T19:58:18Z
ONEQ,97.08,2026-04-28T19:59:50Z
ONEW,10.29,2026-04-28T19:59:34Z
ONFO,1.375,2026-04-28T19:55:12Z
ONIT,46.735,2026-04-28T19:46:45Z
ONL,2.67,2026-04-28T19:59:50Z
ONLN,59.295,2026-04-28T19:59:46Z
ONMD,1.08,2026-04-28T19:58:06Z
ONON,35.435,2026-04-28T19:59:56Z
ONTO,282.23,2026-04-28T19:59:50Z
OOMA,16.35,2026-04-28T19:55:02Z
OPAD,0.8325,2026-04-28T19:54:03Z
OPAL,2.19,2026-04-28T19:56:10Z
OPBK,14.93,2026-04-28T19:42:00Z
OPCH,27.76,2026-04-28T19:59:52Z
OPEG,6.8,2026-04-28T19:55:00Z
OPEN,5.47,2026-04-28T19:59:59Z
OPENL,0.4225,2026-04-28T19:59:32Z
OPFI,9.01,2026-04-28T19:59:56Z
OPK,1.22,2026-04-28T19:59:48Z
OPLN,31.67,2026-04-28T19:59:58Z
OPPE,55.85,2026-04-28T19:55:29Z
OPPJ,55.34,2026-04-28T19:45:05Z
OPRA,17.79,2026-04-28T19:59:56Z
OPRT,6.04,2026-04-28T19:59:58Z
OPRX,6.4,2026-04-28T19:58:59Z
OPTT,0.3529,2026-04-28T19:59:56Z
OPTU,1.6,2026-04-28T19:59:58Z
OPTX,8.2,2026-04-28T19:58:55Z
OPTXW,1.46,2026-04-28T15:10:29Z
OPXS,10.55,2026-04-28T14:35:30Z
OPY,112.145,2026-04-28T18:29:10Z
OR,37.58,2026-04-28T19:59:56Z
ORA,113.2,2026-04-28T19:59:14Z
ORBS,0.8344,2026-04-28T19:59:55Z
ORBX,50.54,2026-04-28T14:13:33Z
ORC,7.125,2026-04-28T19:59:53Z
ORCL,165.89,2026-04-28T19:59:54Z
ORCL-D,50.195,2026-04-28T19:21:01Z
ORCS,29.235,2026-04-28T18:46:43Z
ORCU,11.74,2026-04-28T19:57:41Z
ORCX,32.91,2026-04-28T19:59:55Z
ORGN,2.55,2026-04-28T19:58:17Z
ORGO,2.395,2026-04-28T19:59:50Z
ORI,40.185,2026-04-28T19:59:54Z
ORIC,9.65,2026-04-28T19:59:56Z
ORIO,1.03,2026-04-28T18:14:52Z
ORIS,0.4771,2026-04-28T19:50:15Z
ORKA,74.06,2026-04-28T19:59:56Z
ORKT,1.03,2026-04-28T16:01:24Z
ORLA,13.6,2026-04-28T19:59:59Z
ORLY,91.55,2026-04-28T19:59:51Z
ORMP,4.03,2026-04-28T19:59:39Z
ORN,11.6,2026-04-28T19:59:41Z
ORR,35.64,2026-04-28T19:44:53Z
ORRF,37.42,2026-04-28T19:59:29Z
OSBC,20.92,2026-04-28T19:59:58Z
OSCR,18.04,2026-04-28T19:59:59Z
OSCV,41.31,2026-04-28T19:20:59Z
OSCX,46.71,2026-04-28T16:41:07Z
OSEA,30.435,2026-04-28T18:04:58Z
OSG,4.58,2026-04-28T19:59:55Z
OSIS,285.57,2026-04-28T19:40:10Z
OSK,149.865,2026-04-28T19:58:18Z
OSPN,11.53,2026-04-28T19:59:59Z
OSRH,0.745,2026-04-28T19:48:51Z
OSRHW,0.054,2026-04-28T16:30:01Z
OSS,9.27,2026-04-28T19:59:53Z
OSTX,1.66,2026-04-28T19:59:37Z
OSUR,3.015,2026-04-28T19:59:49Z
OSW,23.74,2026-04-28T19:59:47Z
OTEX,22.5,2026-04-28T19:59:57Z
OTF,10.92,2026-04-28T19:59:57Z
OTGA,10.1,2026-04-28T15:48:16Z
OTH,2.88,2026-04-28T18:42:58Z
OTIS,77.39,2026-04-28T19:59:49Z
OTLK,0.2617,2026-04-28T19:59:58Z
OTLY,11.725,2026-04-28T19:43:25Z
OTTR,89.36,2026-04-28T19:54:01Z
OUNZ,44.19,2026-04-28T19:59:59Z
OUSM,46.7,2026-04-28T18:48:07Z
OUST,26.13,2026-04-28T19:59:52Z
OUT,30.56,2026-04-28T19:59:59Z
OVF,30.735,2026-04-28T16:47:54Z
OVID,2.71,2026-04-28T19:59:53Z
OVL,54.5,2026-04-28T17:17:46Z
OVLY,33.755,2026-04-28T19:54:50Z
OVV,58.45,2026-04-28T19:59:54Z
OWL,8.855,2026-04-28T19:59:58Z
OWLT,5.075,2026-04-28T19:59:57Z
OXBR,0.923,2026-04-28T18:47:36Z
OXLC,10.08,2026-04-28T19:59:58Z
OXLCM,25.04,2026-04-28T19:40:05Z
OXM,44,2026-04-28T19:59:49Z
OXSQ,1.815,2026-04-28T19:59:25Z
OXY,58.6,2026-04-28T19:59:59Z
OZ,50.34,2026-04-28T14:12:51Z
OZEM,30.56,2026-04-28T18:51:02Z
OZK,48.345,2026-04-28T19:59:24Z
P,70.96,2026-04-28T19:59:53Z
PAA,22.26,2026-04-28T19:59:55Z
PAAA,51.435,2026-04-28T19:57:48Z
PAAS,52.385,2026-04-28T19:59:59Z
PAB,42.445,2026-04-28T18:01:45Z
PAC,254.305,2026-04-28T19:55:14Z
PACB,1.575,2026-04-28T19:59:51Z
PACK,4.12,2026-04-28T19:59:52Z
PACS,33.16,2026-04-28T19:59:49Z
PAG,161.71,2026-04-28T19:59:25Z
PAGP,23.755,2026-04-28T19:59:58Z
PAGS,10.11,2026-04-28T19:59:59Z
PAHC,54.605,2026-04-28T19:55:22Z
PAL,7.34,2026-04-28T19:59:29Z
PALI,1.95,2026-04-28T19:59:54Z
PALL,132.84,2026-04-28T19:49:30Z
PALU,15.73,2026-04-28T19:55:00Z
PAM,82.24,2026-04-28T19:59:51Z
PAMT,10.49,2026-04-28T17:32:28Z
PANG,9.69,2026-04-28T19:55:00Z
PANL,7.69,2026-04-28T19:59:54Z
PANW,181.03,2026-04-28T19:59:59Z
PAPI,26.66,2026-04-28T19:43:45Z
PAPL,1.355,2026-04-28T19:59:04Z
PAPR,41.35,2026-04-28T14:53:59Z
PAR,13.835,2026-04-28T19:59:37Z
PARK,18.37,2026-04-28T13:32:38Z
PARR,62.645,2026-04-28T19:59:54Z
PASG,5.7,2026-04-28T19:59:28Z
PASW,0.1583,2026-04-28T14:43:48Z
PATH,10.56,2026-04-28T19:59:57Z
PATK,94.27,2026-04-28T19:59:48Z
PATX,7.93,2026-04-28T19:00:00Z
PAVE,55.755,2026-04-28T19:59:57Z
PAVM,8.69,2026-04-28T16:37:41Z
PAVS,1.05,2026-04-28T19:59:45Z
PAX,12.63,2026-04-28T19:59:56Z
PAXS,14.71,2026-04-28T19:35:05Z
PAY,27.99,2026-04-28T19:59:45Z
PAYC,124.9,2026-04-28T19:59:46Z
PAYO,5.19,2026-04-28T19:59:55Z
PAYP,20.28,2026-04-28T19:57:42Z
PAYR,53.65,2026-04-28T19:31:19Z
PAYS,6.57,2026-04-28T19:59:41Z
PAYX,91.005,2026-04-28T19:59:57Z
PB,69.49,2026-04-28T19:59:46Z
PBA,44.28,2026-04-28T19:59:51Z
PBDC,27.74,2026-04-28T19:52:06Z
PBF,41.385,2026-04-28T19:59:53Z
PBFB,31.25,2026-04-28T17:42:42Z
PBFR,30.02,2026-04-28T18:57:02Z
PBH,58.75,2026-04-28T19:59:39Z
PBI,15.83,2026-04-28T19:59:57Z
PBJ,49.405,2026-04-28T14:34:15Z
PBM,6.72,2026-04-28T19:59:53Z
PBNV,30.18,2026-04-28T17:24:43Z
PBOG,33.17,2026-04-28T19:53:17Z
PBP,22.49,2026-04-28T13:49:20Z
PBR,21.21,2026-04-28T19:59:55Z
PBR.A,19.13,2026-04-28T19:59:53Z
PBT,22.385,2026-04-28T19:56:50Z
PBUS,71.3,2026-04-28T19:58:44Z
PBW,36.28,2026-04-28T19:59:51Z
PBYI,7.535,2026-04-28T19:59:54Z
PCAR,119.62,2026-04-28T19:59:55Z
PCB,24.7,2026-04-28T18:18:05Z
PCEF,19.73,2026-04-28T19:20:08Z
PCF,5.59,2026-04-28T16:25:59Z
PCG,16.27,2026-04-28T19:59:59Z
PCG-B,21.17,2026-04-28T14:17:30Z
PCG-X,41.18,2026-04-28T19:55:34Z
PCIG,8.4,2026-04-28T13:49:57Z
PCLG,22.14,2026-04-28T18:56:48Z
PCM,5.79,2026-04-28T19:56:50Z
PCMM,49.68,2026-04-28T15:04:42Z
PCN,12.015,2026-04-28T19:53:40Z
PCOR,55.53,2026-04-28T19:59:54Z
PCQ,8.77,2026-04-28T16:23:23Z
PCRX,25.41,2026-04-28T19:59:48Z
PCT,7.09,2026-04-28T19:59:54Z
PCTTW,1.3,2026-04-28T18:28:55Z
PCTY,102.19,2026-04-28T19:59:51Z
PCVX,58.745,2026-04-28T19:59:39Z
PCY,21.52,2026-04-28T19:59:21Z
PD,6.72,2026-04-28T19:59:56Z
PDBA,37.265,2026-04-28T19:58:17Z
PDBC,18.08,2026-04-28T19:59:57Z
PDC,6.935,2026-04-28T19:30:11Z
PDD,97.32,2026-04-28T19:59:57Z
PDEC,44.63,2026-04-28T19:36:54Z
PDFS,40.085,2026-04-28T19:59:55Z
PDI,17.475,2026-04-28T19:51:40Z
PDLB,17.8,2026-04-28T18:46:56Z
PDM,8.51,2026-04-28T19:59:54Z
PDO,13.385,2026-04-28T19:50:51Z
PDS,98.81,2026-04-28T19:59:55Z
PDSB,1.08,2026-04-28T19:59:54Z
PDT,13.065,2026-04-28T19:59:03Z
PDX,20.76,2026-04-28T18:31:22Z
PDYN,6.17,2026-04-28T19:59:54Z
PEB,14.11,2026-04-28T19:59:56Z
PEB-F,19.99,2026-04-28T15:15:24Z
PEBK,39.83,2026-04-28T15:24:02Z
PEBO,34.9,2026-04-28T19:58:45Z
PECO,40.35,2026-04-28T19:59:46Z
PED,16.56,2026-04-28T17:26:57Z
PEG,80.65,2026-04-28T19:59:49Z
PEGA,35.98,2026-04-28T19:59:51Z
PEJ,60.14,2026-04-28T14:55:39Z
PEN,326.31,2026-04-28T19:59:35Z
PENG,28.105,2026-04-28T19:59:55Z
PENN,18.01,2026-04-28T19:59:56Z
PEO,26.345,2026-04-28T19:58:53Z
PEP,156.28,2026-04-28T19:59:53Z
PEPG,1.585,2026-04-28T19:59:45Z
PERF,1.67,2026-04-28T19:59:00Z
PERI,10.395,2026-04-28T19:59:50Z
PESI,12.68,2026-04-28T19:59:46Z
PETS,2.26,2026-04-28T19:47:04Z
PEW,2.96,2026-04-28T19:59:28Z
PEY,22.205,2026-04-28T19:59:46Z
PFBC,95.66,2026-04-28T18:56:55Z
PFE,26.48,2026-04-28T19:59:59Z
PFEB,41.965,2026-04-28T18:49:29Z
PFF,31.31,2026-04-28T19:59:59Z
PFFA,21.36,2026-04-28T19:59:50Z
PFFD,18.99,2026-04-28T19:59:59Z
PFFR,17.73,2026-04-28T18:23:00Z
PFFV,22.31,2026-04-28T17:59:08Z
PFG,100.085,2026-04-28T19:59:53Z
PFGC,87.875,2026-04-28T19:59:52Z
PFIS,58.97,2026-04-28T19:58:16Z
PFIX,45.815,2026-04-28T19:37:11Z
PFL,8.06,2026-04-28T19:55:00Z
PFLD,19.71,2026-04-28T19:01:05Z
PFLT,8.785,2026-04-28T19:59:49Z
PFN,7.105,2026-04-28T19:33:37Z
PFO,9.22,2026-04-28T19:48:36Z
PFS,22.99,2026-04-28T19:59:59Z
PFSA,0.5552,2026-04-28T19:59:44Z
PFSI,91.17,2026-04-28T19:59:33Z
PFXF,18.365,2026-04-28T19:59:14Z
PG,149.18,2026-04-28T19:59:57Z
PGC,42.73,2026-04-28T19:53:45Z
PGEN,4.03,2026-04-28T19:59:52Z
PGF,14.02,2026-04-28T19:59:51Z
PGJ,26.15,2026-04-28T15:22:20Z
PGNY,18.39,2026-04-28T19:59:59Z
PGP,9.135,2026-04-28T17:51:33Z
PGR,202.99,2026-04-28T19:59:54Z
PGRO,45.55,2026-04-28T19:11:22Z
PGX,11.12,2026-04-28T19:59:49Z
PGY,13.48,2026-04-28T19:59:58Z
PGZ,10.06,2026-04-28T16:52:27Z
PH,962.56,2026-04-28T19:59:49Z
PHAT,11.35,2026-04-28T19:59:57Z
PHEQ,33.66,2026-04-28T19:40:55Z
PHG,27.135,2026-04-28T19:59:50Z
PHGE,0.895,2026-04-28T19:57:31Z
PHI,20.225,2026-04-28T19:54:07Z
PHIN,72.465,2026-04-28T19:58:28Z
PHIO,1.205,2026-04-28T19:59:43Z
PHK,4.715,2026-04-28T19:56:04Z
PHM,124.955,2026-04-28T19:59:59Z
PHO,68.45,2026-04-28T16:19:49Z
PHR,9.45,2026-04-28T19:59:49Z
PHUN,2.245,2026-04-28T19:59:19Z
PHVS,28.21,2026-04-28T19:59:33Z
PHYL,35.335,2026-04-28T19:59:28Z
PHYS,34.77,2026-04-28T19:59:45Z
PI,118.915,2026-04-28T19:59:50Z
PICB,23.45,2026-04-28T16:50:51Z
PICK,60.835,2026-04-28T19:59:54Z
PICS,11.625,2026-04-28T19:59:09Z
PID,22.665,2026-04-28T19:58:56Z
PIE,30.2,2026-04-28T18:52:11Z
PIEQ,34.425,2026-04-28T17:55:06Z
PII,66.51,2026-04-28T19:59:52Z
PIII,2.73,2026-04-28T17:24:00Z
PIM,3.205,2026-04-28T19:56:22Z
PINE,19.32,2026-04-28T19:56:18Z
PINK,34.48,2026-04-28T19:56:25Z
PINS,19.88,2026-04-28T19:59:59Z
PIPR,87.895,2026-04-28T19:59:57Z
PIT,74.83,2026-04-28T19:57:44Z
PIZ,55.06,2026-04-28T16:31:06Z
PJIO,59.89,2026-04-28T18:12:34Z
PJP,104.23,2026-04-28T14:28:22Z
PJT,153.26,2026-04-28T19:59:50Z
PJUL,47.82,2026-04-28T19:59:50Z
PK,11.29,2026-04-28T19:59:57Z
PKBK,30.3,2026-04-28T19:59:39Z
PKE,33.89,2026-04-28T19:59:53Z
PKG,222.64,2026-04-28T19:59:23Z
PKOH,28.91,2026-04-28T17:00:30Z
PKST,20.97,2026-04-28T19:59:58Z
PKW,137.41,2026-04-28T18:23:07Z
PKX,76.19,2026-04-28T19:59:32Z
PL,35.02,2026-04-28T19:59:57Z
PLAB,48.12,2026-04-28T19:59:42Z
PLAG,1.42,2026-04-28T18:35:11Z
PLAY,11.46,2026-04-28T19:59:50Z
PLBC,52.145,2026-04-28T15:44:25Z
PLBY,1.74,2026-04-28T19:59:33Z
PLCE,3.21,2026-04-28T19:59:51Z
PLD,141.54,2026-04-28T19:59:55Z
PLDR,37.17,2026-04-28T13:59:59Z
PLG,1.71,2026-04-28T19:59:57Z
PLMK,10.59,2026-04-28T14:50:36Z
PLMKW,0.45,2026-04-28T14:59:51Z
PLMR,126.09,2026-04-28T19:52:46Z
PLNT,64.44,2026-04-28T19:59:52Z
PLOW,45.275,2026-04-28T19:59:47Z
PLPC,355.29,2026-04-28T19:16:06Z
PLRX,1.215,2026-04-28T19:59:49Z
PLRZ,17.17,2026-04-28T14:32:57Z
PLSE,21.86,2026-04-28T19:59:48Z
PLSM,3.6,2026-04-28T14:22:47Z
PLTD,7.655,2026-04-28T19:59:47Z
PLTG,14.3,2026-04-28T19:55:02Z
PLTK,3.48,2026-04-28T19:59:53Z
PLTM,18.69,2026-04-28T18:58:05Z
PLTR,141.17,2026-04-28T19:59:52Z
PLTU,40.11,2026-04-28T19:59:45Z
PLTW,23.27,2026-04-28T16:02:05Z
PLTY,35.81,2026-04-28T19:55:02Z
PLTZ,29.18,2026-04-28T19:53:06Z
PLU,35,2026-04-28T19:29:58Z
PLUG,3.035,2026-04-28T19:59:48Z
PLUN=,10.03,2026-04-28T19:41:18Z
PLUS,83.72,2026-04-28T19:59:35Z
PLX,2.12,2026-04-28T19:59:05Z
PLXS,246.18,2026-04-28T19:58:16Z
PLYX,5.62,2026-04-28T19:59:45Z
PM,165.93,2026-04-28T19:59:57Z
PMAR,46.63,2026-04-28T19:59:50Z
PMAX,2.26,2026-04-28T16:11:25Z
PMAY,40.46,2026-04-28T15:30:05Z
PMBS,49.75,2026-04-28T18:46:04Z
PMEC,0.5551,2026-04-28T16:25:20Z
PMI,0.4466,2026-04-28T19:49:11Z
PML,7.49,2026-04-28T19:47:19Z
PMM,6.175,2026-04-28T19:56:02Z
PMMF,100.325,2026-04-28T14:29:08Z
PMN,10.99,2026-04-28T15:51:27Z
PMNT,0.2531,2026-04-28T15:58:42Z
PMO,10.35,2026-04-28T19:46:50Z
PMT,12.22,2026-04-28T19:59:59Z
PMT-B,23.71,2026-04-28T16:46:16Z
PMTS,18.41,2026-04-28T19:57:05Z
PMTV,25.73,2026-04-28T14:25:31Z
PMTW,25.555,2026-04-28T15:48:39Z
PMVP,1.425,2026-04-28T19:59:33Z
PN,2.37,2026-04-28T18:26:40Z
PNBK,1.3,2026-04-28T18:45:42Z
PNC,220.94,2026-04-28T19:59:53Z
PNFP,98.95,2026-04-28T19:59:50Z
PNFP-B,26.15,2026-04-28T16:55:39Z
PNFP-C,25.04,2026-04-28T18:38:59Z
PNI,7.035,2026-04-28T18:29:16Z
PNNT,4.63,2026-04-28T19:59:54Z
PNOV,43.05,2026-04-28T19:49:39Z
PNQI,48.41,2026-04-28T19:34:52Z
PNR,82.77,2026-04-28T19:59:54Z
PNRG,214.9,2026-04-28T18:42:39Z
PNTG,30.81,2026-04-28T19:59:35Z
PNW,103.15,2026-04-28T19:58:53Z
POAS,2.14,2026-04-28T19:56:23Z
POCT,45.16,2026-04-28T19:36:54Z
PODC,3.37,2026-04-28T16:27:57Z
PODD,182.925,2026-04-28T19:59:54Z
POET,8.025,2026-04-28T19:59:57Z
POLA,1.89,2026-04-28T19:59:50Z
POLEW,0.12,2026-04-28T16:03:14Z
POM,0.4,2026-04-28T19:50:28Z
PONX,7.73,2026-04-28T17:08:18Z
PONY,10.22,2026-04-28T19:59:59Z
POOL,216.345,2026-04-28T19:59:55Z
POR,51.56,2026-04-28T19:59:48Z
POST,103.05,2026-04-28T19:59:37Z
POWI,66.075,2026-04-28T19:59:56Z
POWL,255.54,2026-04-28T19:59:55Z
POWR,27.29,2026-04-28T17:35:20Z
POWW,2.05,2026-04-28T19:59:24Z
PPA,165.44,2026-04-28T19:57:53Z
PPC,32.86,2026-04-28T19:59:54Z
PPCB,0.1046,2026-04-28T19:59:42Z
PPG,107.65,2026-04-28T19:59:59Z
PPH,99.72,2026-04-28T19:59:52Z
PPHC,14.29,2026-04-28T16:15:21Z
PPIH,32.485,2026-04-28T19:51:16Z
PPL,39,2026-04-28T19:59:59Z
PPLT,176.09,2026-04-28T19:59:32Z
PPSI,3.79,2026-04-28T19:23:08Z
PPT,3.48,2026-04-28T19:59:49Z
PPTA,27.47,2026-04-28T19:59:42Z
PQAP,30.94,2026-04-28T15:50:29Z
PQJL,30.32,2026-04-28T14:34:00Z
PQOC,29.92,2026-04-28T14:23:43Z
PR,20.93,2026-04-28T19:59:58Z
PRA,24.78,2026-04-28T19:59:57Z
PRAA,22.175,2026-04-28T19:59:56Z
PRAX,321.65,2026-04-28T19:57:59Z
PRCH,8.62,2026-04-28T19:59:59Z
PRCT,23.02,2026-04-28T19:59:58Z
PRDO,33.81,2026-04-28T19:59:41Z
PRE,18.48,2026-04-28T19:59:25Z
PREF,19.055,2026-04-28T19:51:11Z
PRF,50.89,2026-04-28T19:59:53Z
PRFD,51.365,2026-04-28T16:38:15Z
PRFX,2.02,2026-04-28T19:46:00Z
PRFZ,49.97,2026-04-28T14:36:54Z
PRG,28.905,2026-04-28T19:59:41Z
PRGO,11.515,2026-04-28T19:59:49Z
PRGS,27.78,2026-04-28T19:59:48Z
PRHI,0.6801,2026-04-28T15:50:06Z
PRI,280.83,2026-04-28T19:59:53Z
PRIM,168.94,2026-04-28T19:59:40Z
PRK,175.44,2026-04-28T19:57:13Z
PRKS,34.39,2026-04-28T19:59:59Z
PRLB,63.77,2026-04-28T19:55:25Z
PRLD,4.365,2026-04-28T19:59:56Z
PRM,31.17,2026-04-28T19:59:59Z
PRMB,19.7,2026-04-28T19:59:59Z
PRME,3.69,2026-04-28T19:59:56Z
PRMR,24.97,2026-04-28T16:02:25Z
PROF,6.73,2026-04-28T19:59:54Z
PROK,1.84,2026-04-28T19:59:51Z
PROP,1.18,2026-04-28T19:59:57Z
PROV,17.28,2026-04-28T13:56:21Z
PRPL,0.5278,2026-04-28T19:59:15Z
PRPO,31.58,2026-04-28T19:29:15Z
PRQR,1.48,2026-04-28T19:59:55Z
PRS,23.27,2026-04-28T15:25:22Z
PRSD,25.075,2026-04-28T19:55:41Z
PRSO,0.941,2026-04-28T19:59:24Z
PRSU,41.385,2026-04-28T19:59:54Z
PRT,2.81,2026-04-28T15:14:25Z
PRTA,11.53,2026-04-28T19:59:59Z
PRTH,5.41,2026-04-28T19:59:52Z
PRTS,0.9508,2026-04-28T19:50:46Z
PRU,96.92,2026-04-28T19:59:55Z
PRVA,24.84,2026-04-28T19:59:57Z
PRVS,29.85,2026-04-28T19:55:10Z
PRXV,32.42,2026-04-28T18:06:23Z
PRZO,0.6801,2026-04-28T19:32:52Z
PSA,297.2,2026-04-28T19:59:52Z
PSA-F,20.685,2026-04-28T18:41:24Z
PSA-G,20.51,2026-04-28T14:24:56Z
PSA-Q,15.56,2026-04-28T19:03:45Z
PSA-R,15.765,2026-04-28T15:14:03Z
PSBD,10.86,2026-04-28T19:59:54Z
PSCC,32.89,2026-04-28T19:55:26Z
PSCE,62.36,2026-04-28T16:17:35Z
PSCT,70.68,2026-04-28T14:16:44Z
PSEC,2.74,2026-04-28T19:59:51Z
PSEP,44.94,2026-04-28T19:49:39Z
PSF,19.72,2026-04-28T19:51:19Z
PSFE,9,2026-04-28T19:58:12Z
PSFF,33.42,2026-04-28T18:23:25Z
PSI,125.43,2026-04-28T19:34:41Z
PSIG,6.37,2026-04-28T13:30:01Z
PSIL,19.73,2026-04-28T14:29:34Z
PSIX,68.73,2026-04-28T19:54:40Z
PSK,31.47,2026-04-28T19:14:56Z
PSKY,10.54,2026-04-28T19:59:56Z
PSLV,23.7,2026-04-28T19:59:55Z
PSMR,31.48,2026-04-28T13:36:01Z
PSMT,155.51,2026-04-28T19:59:30Z
PSN,51.78,2026-04-28T19:59:49Z
PSNL,5.495,2026-04-28T19:59:45Z
PSNY,18.04,2026-04-28T19:18:47Z
PSO,14.445,2026-04-28T19:59:19Z
PSQ,28.31,2026-04-28T19:58:15Z
PSQA,20.65,2026-04-28T17:53:03Z
PSQH,0.7,2026-04-28T19:55:55Z
PST,22.565,2026-04-28T19:57:07Z
PSTL,21.58,2026-04-28T19:59:50Z
PSTP,35.89,2026-04-28T19:56:53Z
PSTV,5.92,2026-04-28T19:59:45Z
PSX,165.085,2026-04-28T19:59:56Z
PTA,19.23,2026-04-28T19:58:56Z
PTC,137.08,2026-04-28T19:59:53Z
PTCT,70.265,2026-04-28T19:59:59Z
PTEN,11.83,2026-04-28T19:59:59Z
PTEU,31.61,2026-04-28T18:30:58Z
PTF,106.665,2026-04-28T19:58:46Z
PTGX,101.12,2026-04-28T19:59:59Z
PTH,50.5,2026-04-28T17:10:55Z
PTHS,25.04,2026-04-28T18:09:04Z
PTIR,14.8,2026-04-28T19:55:02Z
PTL,271.63,2026-04-28T14:41:20Z
PTLC,55.39,2026-04-28T19:59:57Z
PTLO,6.085,2026-04-28T19:59:49Z
PTMC,39.07,2026-04-28T18:28:04Z
PTON,5.27,2026-04-28T19:59:59Z
PTOR,9.84,2026-04-28T18:42:00Z
PTRB,41.75,2026-04-28T19:53:41Z
PTRN,13.6,2026-04-28T19:59:48Z
PTY,12.25,2026-04-28T19:57:57Z
PUBM,9.76,2026-04-28T19:59:56Z
PUI,48.26,2026-04-28T16:07:52Z
PUK,30.48,2026-04-28T19:59:32Z
PULS,49.71,2026-04-28T19:42:18Z
PUMP,17.415,2026-04-28T19:59:59Z
PURR,5.93,2026-04-28T19:59:51Z
PVAL,48.56,2026-04-28T19:59:53Z
PVEX,29.345,2026-04-28T17:53:03Z
PVH,92.725,2026-04-28T19:59:49Z
PVLA,127.59,2026-04-28T19:52:35Z
PWB,142.59,2026-04-28T16:49:21Z
PWP,22.075,2026-04-28T19:59:52Z
PWR,631.21,2026-04-28T19:59:52Z
PWRD,108.565,2026-04-28T19:59:23Z
PWV,72.385,2026-04-28T19:59:46Z
PWZ,24.255,2026-04-28T19:59:52Z
PXE,37.3,2026-04-28T19:37:39Z
PXED,27.65,2026-04-28T18:35:44Z
PXF,72.86,2026-04-28T19:38:21Z
PXH,28.355,2026-04-28T19:59:40Z
PXI,59.03,2026-04-28T13:49:10Z
PXLW,5.675,2026-04-28T14:36:55Z
PXS,4.37,2026-04-28T19:59:47Z
PYLD,26.52,2026-04-28T19:59:50Z
PYPG,7.03,2026-04-28T19:59:51Z
PYPL,49.64,2026-04-28T19:59:58Z
PYXS,1.7,2026-04-28T19:58:14Z
PZA,23.295,2026-04-28T19:59:47Z
PZG,1.5,2026-04-28T19:57:59Z
PZZA,36.58,2026-04-28T19:59:50Z
Q,137.61,2026-04-28T19:59:49Z
QAI,35.44,2026-04-28T19:59:45Z
QBTS,18.11,2026-04-28T19:59:59Z
QBTX,11.07,2026-04-28T19:55:02Z
QBTZ,20.96,2026-04-28T19:40:54Z
QBUF,30.3,2026-04-28T14:34:00Z
QBUL,23.96,2026-04-28T14:25:26Z
QCAP,24.21,2026-04-28T18:42:21Z
QCJA,22.69,2026-04-28T17:01:41Z
QCJL,24.51,2026-04-28T18:55:24Z
QCLN,55.07,2026-04-28T19:58:51Z
QCLS,3.8,2026-04-28T19:58:28Z
QCML,15.59,2026-04-28T19:56:37Z
QCMU,19.49,2026-04-28T17:52:27Z
QCOC,23.2,2026-04-28T14:16:16Z
QCOM,149.98,2026-04-28T19:59:59Z
QCRH,92.335,2026-04-28T19:35:25Z
QDEF,84.42,2026-04-28T18:10:04Z
QDEL,12.025,2026-04-28T19:59:52Z
QDIV,36.68,2026-04-28T17:36:09Z
QDPL,43.58,2026-04-28T17:28:25Z
QDTE,29.77,2026-04-28T18:03:27Z
QDVO,29.42,2026-04-28T19:59:50Z
QEFA,95.69,2026-04-28T19:15:39Z
QEMM,75.93,2026-04-28T13:57:03Z
QETH,22.59,2026-04-28T14:47:57Z
QEW,26.53,2026-04-28T16:10:38Z
QFIN,12.96,2026-04-28T19:59:49Z
QFLR,34.725,2026-04-28T19:56:34Z
QGEN,34.01,2026-04-28T19:59:59Z
QGRO,111.25,2026-04-28T14:37:20Z
QGRW,61.34,2026-04-28T19:58:02Z
QID,17.445,2026-04-28T19:59:47Z
QJUN,33.17,2026-04-28T14:21:48Z
QLC,84.83,2026-04-28T14:49:12Z
QLD,78.68,2026-04-28T19:59:32Z
QLTA,47.7,2026-04-28T19:59:46Z
QLTY,39.53,2026-04-28T19:59:31Z
QLYS,85.735,2026-04-28T19:59:46Z
QMAR,35.93,2026-04-28T19:54:14Z
QMCO,6.7,2026-04-28T19:59:44Z
QMOM,74.63,2026-04-28T13:34:03Z
QNC,2.78,2026-04-28T19:59:56Z
QNCX,1.225,2026-04-28T19:59:45Z
QNRX,5.38,2026-04-28T17:22:29Z
QNST,13.25,2026-04-28T19:59:52Z
QNTM,5.42,2026-04-28T19:52:58Z
QNXT,28.205,2026-04-28T19:59:46Z
QPUX,23.7,2026-04-28T13:58:18Z
QQA,54.1,2026-04-28T19:07:14Z
QQDN,23.46,2026-04-28T15:17:53Z
QQEW,136.57,2026-04-28T18:58:22Z
QQH,76,2026-04-28T19:50:00Z
QQQ,657.59,2026-04-28T19:59:59Z
QQQD,12.77,2026-04-28T19:29:29Z
QQQE,107.185,2026-04-28T19:20:07Z
QQQG,25.99,2026-04-28T14:25:30Z
QQQI,53.695,2026-04-28T19:59:58Z
QQQJ,39.41,2026-04-28T16:06:23Z
QQQM,270.69,2026-04-28T19:59:51Z
QQQS,38.45,2026-04-28T19:12:41Z
QQQT,17.65,2026-04-28T19:26:11Z
QQQU,55.89,2026-04-28T17:43:14Z
QQQX,29.84,2026-04-28T18:42:30Z
QQQY,22.8,2026-04-28T16:02:23Z
QRVO,84.89,2026-04-28T19:59:31Z
QS,6.99,2026-04-28T19:59:56Z
QSI,0.9151,2026-04-28T19:59:54Z
QSIX,39.38,2026-04-28T15:16:15Z
QSOL,8.42,2026-04-28T17:45:36Z
QSPT,33.14,2026-04-28T16:26:52Z
QSR,78.17,2026-04-28T19:59:50Z
QSU,13.475,2026-04-28T19:56:14Z
QTAC,21.99,2026-04-28T18:50:05Z
QTEC,256.77,2026-04-28T19:59:57Z
QTJL,41.34,2026-04-28T14:21:48Z
QTOP,34.695,2026-04-28T19:59:46Z
QTPI,25.74,2026-04-28T17:35:58Z
QTRX,3.335,2026-04-28T19:59:52Z
QTTB,5.745,2026-04-28T19:59:11Z
QTUM,128.91,2026-04-28T19:59:50Z
QTWO,50.18,2026-04-28T19:59:50Z
QUAD,7.8,2026-04-28T19:59:59Z
QUAL,205.88,2026-04-28T19:59:49Z
QUBT,8.59,2026-04-28T19:59:54Z
QUBX,10.91,2026-04-28T19:50:11Z
QUCY,0.52,2026-04-28T15:47:14Z
QUIK,13.54,2026-04-28T19:59:44Z
QUIZ,28.16,2026-04-28T19:59:45Z
QURE,18.045,2026-04-28T19:59:48Z
QUVU,28.66,2026-04-28T19:48:23Z
QXO,19.59,2026-04-28T19:59:58Z
QYLD,17.855,2026-04-28T19:58:57Z
QYLG,28.2,2026-04-28T17:09:16Z
R,247.59,2026-04-28T19:59:37Z
RA,12.91,2026-04-28T19:45:28Z
RAAQ,10.865,2026-04-28T19:59:49Z
RAAQW,2.41,2026-04-28T19:52:36Z
RAAX,41.55,2026-04-28T19:57:44Z
RACE,342.61,2026-04-28T19:59:53Z
RAIL,8.615,2026-04-28T19:52:36Z
RAL,43.835,2026-04-28T19:59:53Z
RAMP,29.78,2026-04-28T19:59:38Z
RANI,0.8627,2026-04-28T19:42:54Z
RAPP,33.79,2026-04-28T19:59:21Z
RARE,24.53,2026-04-28T19:59:54Z
RAVE,2.845,2026-04-28T19:59:35Z
RAY,2.27,2026-04-28T15:10:44Z
RAYA,3.59,2026-04-28T19:58:52Z
RAYJ,37.85,2026-04-28T15:44:38Z
RBA,105.35,2026-04-28T19:59:53Z
RBB,24.36,2026-04-28T18:55:53Z
RBBN,2.6,2026-04-28T19:59:54Z
RBC,594.505,2026-04-28T19:59:49Z
RBCAA,76.53,2026-04-28T19:55:06Z
RBLX,56.11,2026-04-28T19:59:56Z
RBNE,1.69,2026-04-28T19:51:32Z
RBRK,54.62,2026-04-28T19:59:53Z
RC,1.9,2026-04-28T19:59:55Z
RC-E,12.65,2026-04-28T13:53:38Z
RCAT,11.35,2026-04-28T19:59:55Z
RCAX,9.76,2026-04-28T14:10:46Z
RCD,21.99,2026-04-28T15:54:58Z
RCEL,4.33,2026-04-28T19:56:45Z
RCI,36.065,2026-04-28T19:59:58Z
RCKT,3.44,2026-04-28T19:59:55Z
RCKY,43.16,2026-04-28T19:34:23Z
RCL,255.93,2026-04-28T19:59:59Z
RCMT,31.51,2026-04-28T15:12:43Z
RCS,5.4,2026-04-28T18:35:46Z
RCT,0.6612,2026-04-28T19:59:17Z
RCTR,37.47,2026-04-28T19:19:18Z
RCUS,24.83,2026-04-28T19:59:53Z
RDAG,10.25,2026-04-28T14:31:43Z
RDCM,16.03,2026-04-28T19:59:57Z
RDDT,147.925,2026-04-28T19:59:56Z
RDGT,1.65,2026-04-28T18:51:51Z
RDIV,56.04,2026-04-28T18:35:13Z
RDN,35.91,2026-04-28T19:59:49Z
RDNT,57.9,2026-04-28T19:59:52Z
RDNW,7.175,2026-04-28T19:59:08Z
RDTE,28.83,2026-04-28T19:59:50Z
RDTL,17.13,2026-04-28T19:52:14Z
RDVI,27.34,2026-04-28T19:59:51Z
RDVT,38.155,2026-04-28T19:40:41Z
RDVY,74.27,2026-04-28T19:59:07Z
RDW,9.04,2026-04-28T19:59:59Z
RDWR,25.86,2026-04-28T19:59:55Z
RDWU,8.28,2026-04-28T19:24:17Z
RDY,14.035,2026-04-28T19:59:58Z
RDYY,20.49,2026-04-28T16:41:39Z
RDZN,1.445,2026-04-28T19:59:46Z
REAL,11.79,2026-04-28T19:59:59Z
REAX,2.22,2026-04-28T19:59:56Z
REBN,2.625,2026-04-28T14:06:31Z
RECS,42.06,2026-04-28T19:59:46Z
REET,27.08,2026-04-28T19:59:56Z
REFI,12.15,2026-04-28T19:57:01Z
REG,80.29,2026-04-28T19:59:50Z
REGL,90.425,2026-04-28T18:07:55Z
REGN,731.985,2026-04-28T19:59:54Z
REI,1.68,2026-04-28T19:59:51Z
REKR,0.8197,2026-04-28T19:59:35Z
RELL,14.105,2026-04-28T15:23:58Z
RELX,36.02,2026-04-28T19:59:57Z
RELY,21.61,2026-04-28T19:59:59Z
REM,23.03,2026-04-28T19:51:50Z
REMC,21.04,2026-04-28T17:40:36Z
REMX,97.88,2026-04-28T19:59:36Z
RENT,4.595,2026-04-28T16:39:26Z
RENX,2.56,2026-04-28T16:00:02Z
REPL,2.57,2026-04-28T19:59:56Z
REPX,35.74,2026-04-28T19:59:25Z
RERE,4.48,2026-04-28T19:59:52Z
RES,7.935,2026-04-28T19:59:54Z
RESM,22.23,2026-04-28T17:40:48Z
RETL,8.43,2026-04-28T19:59:53Z
RETO,0.63,2026-04-28T19:41:56Z
REW,8.81,2026-04-28T18:35:58Z
REX,47.22,2026-04-28T19:59:39Z
REXC,21.55,2026-04-28T19:50:13Z
REXR,35.84,2026-04-28T19:59:54Z
REYN,20.94,2026-04-28T19:59:56Z
REZ,89.675,2026-04-28T19:53:38Z
REZI,40.73,2026-04-28T19:59:54Z
RF,28.35,2026-04-28T19:59:57Z
RF-C,24.82,2026-04-28T15:24:30Z
RF-E,16.77,2026-04-28T19:58:36Z
RFFC,71.36,2026-04-28T14:14:05Z
RFI,11.52,2026-04-28T19:52:44Z
RFIL,14.02,2026-04-28T19:59:22Z
RFIX,39.47,2026-04-28T19:55:43Z
RFMZ,12.99,2026-04-28T18:41:15Z
RFV,138.15,2026-04-28T18:55:29Z
RGA,209.66,2026-04-28T19:59:49Z
RGC,28.83,2026-04-28T15:43:23Z
RGEN,117.385,2026-04-28T19:59:34Z
RGLD,236.865,2026-04-28T19:59:50Z
RGLO,31.1,2026-04-28T16:53:13Z
RGNT,3.05,2026-04-28T14:14:21Z
RGNX,8.69,2026-04-28T19:59:44Z
RGP,4.12,2026-04-28T19:59:55Z
RGR,43.24,2026-04-28T19:23:02Z
RGS,27.83,2026-04-28T19:53:09Z
RGT,14.245,2026-04-28T19:10:13Z
RGTI,16.42,2026-04-28T19:59:59Z
RGTIW,7.09,2026-04-28T13:55:22Z
RGTX,18.5,2026-04-28T19:51:43Z
RGTZ,16.1,2026-04-28T19:55:00Z
RH,133.05,2026-04-28T19:59:50Z
RHI,27.51,2026-04-28T19:59:54Z
RHLD,137.55,2026-04-28T18:54:01Z
RHP,103.84,2026-04-28T19:59:57Z
RHRX,20.7,2026-04-28T16:34:19Z
RIBBR,0.2059,2026-04-28T18:27:47Z
RICK,25.76,2026-04-28T18:26:47Z
RIET,9.565,2026-04-28T15:27:41Z
RIG,6.82,2026-04-28T19:59:58Z
RIGL,30.725,2026-04-28T19:59:09Z
RIGS,22.83,2026-04-28T17:14:30Z
RILY,7.66,2026-04-28T19:59:57Z
RILYG,23.75,2026-04-28T19:51:41Z
RILYN,24.85,2026-04-28T19:42:26Z
RILYT,19.59,2026-04-28T13:48:01Z
RILYZ,17.78,2026-04-28T13:47:22Z
RIME,1.03,2026-04-28T19:58:29Z
RING,76.905,2026-04-28T19:59:14Z
RIO,98.47,2026-04-28T19:59:47Z
RIOT,16.58,2026-04-28T19:59:59Z
RIOX,25.22,2026-04-28T19:54:50Z
RITA,20.72,2026-04-28T13:34:57Z
RITM,9.835,2026-04-28T19:59:58Z
RITM-D,25.14,2026-04-28T18:12:15Z
RIV,11.65,2026-04-28T19:52:14Z
RIVN,16.15,2026-04-28T19:59:57Z
RJET,17.815,2026-04-28T19:59:52Z
RJF,155.8,2026-04-28T19:59:44Z
RKLB,78.55,2026-04-28T19:59:51Z
RKLX,35.86,2026-04-28T19:54:51Z
RKLZ,13.71,2026-04-28T19:59:50Z
RKT,15.32,2026-04-28T19:59:55Z
RL,366.61,2026-04-28T19:59:56Z
RLAY,13.025,2026-04-28T19:59:55Z
RLGT,8.59,2026-04-28T19:59:42Z
RLI,52.125,2026-04-28T19:59:44Z
RLJ,8.115,2026-04-28T19:59:56Z
RLJ-A,25.14,2026-04-28T16:48:04Z
RLMD,7.235,2026-04-28T19:59:50Z
RLTY,15.45,2026-04-28T17:33:02Z
RLX,2.21,2026-04-28T19:59:56Z
RLY,36.6,2026-04-28T19:59:45Z
RLYB,8.77,2026-04-28T19:59:55Z
RM,39.445,2026-04-28T19:56:14Z
RMAX,11.32,2026-04-28T19:59:48Z
RMBI,15.53,2026-04-28T14:37:40Z
RMBS,111.26,2026-04-28T19:59:59Z
RMD,216.99,2026-04-28T19:59:56Z
RMI,15.18,2026-04-28T19:58:55Z
RMIX,15.91,2026-04-28T19:56:05Z
RMM,14.2,2026-04-28T19:55:26Z
RMMZ,14.67,2026-04-28T17:25:54Z
RMNI,3.48,2026-04-28T19:59:59Z
RMOP,25.275,2026-04-28T19:02:22Z
RMR,17.99,2026-04-28T19:59:51Z
RMSG,1.44,2026-04-28T19:59:50Z
RMT,13.08,2026-04-28T19:00:00Z
RMTI,0.8504,2026-04-28T15:53:06Z
RNA,12.56,2026-04-28T19:59:53Z
RNAC,6.78,2026-04-28T19:59:52Z
RNG,39.56,2026-04-28T19:59:49Z
RNGR,17.28,2026-04-28T19:59:41Z
RNIN,31.1,2026-04-28T16:09:53Z
RNP,20.8,2026-04-28T19:58:17Z
RNR,310.77,2026-04-28T19:59:49Z
RNR-F,21.6,2026-04-28T15:51:55Z
RNST,39.92,2026-04-28T19:59:53Z
RNTX,1.425,2026-04-28T19:00:55Z
RNW,5.035,2026-04-28T19:59:55Z
RNXT,0.8472,2026-04-28T19:37:27Z
ROAD,116.97,2026-04-28T19:58:07Z
ROAM,33.54,2026-04-28T18:13:36Z
ROBN,23.04,2026-04-28T19:59:41Z
ROBO,79.19,2026-04-28T19:48:14Z
ROBT,50.615,2026-04-28T14:55:39Z
ROCK,40.14,2026-04-28T19:59:42Z
ROCQ,54,2026-04-28T16:07:57Z
ROCY,52.88,2026-04-28T17:39:17Z
RODM,40.57,2026-04-28T18:49:33Z
ROE,38.53,2026-04-28T19:59:45Z
ROG,128.16,2026-04-28T19:59:57Z
ROIV,27.78,2026-04-28T19:59:58Z
ROK,401.405,2026-04-28T19:59:47Z
ROKT,108.36,2026-04-28T19:46:15Z
ROKU,112.25,2026-04-28T19:59:53Z
ROL,55.735,2026-04-28T19:59:52Z
ROLR,9.955,2026-04-28T19:54:16Z
ROM,109.96,2026-04-28T18:23:11Z
RONB,23.29,2026-04-28T19:57:40Z
ROOT,54.495,2026-04-28T19:58:00Z
ROP,354.18,2026-04-28T19:59:50Z
ROST,225.52,2026-04-28T19:59:52Z
RPAY,4.07,2026-04-28T19:59:56Z
RPC,7.935,2026-04-28T19:59:59Z
RPD,5.83,2026-04-28T19:59:52Z
RPG,52.97,2026-04-28T19:59:54Z
RPGL,1,2026-04-28T19:59:57Z
RPID,2.45,2026-04-28T19:59:09Z
RPM,103.75,2026-04-28T19:59:53Z
RPRX,49.54,2026-04-28T19:59:57Z
RPT,14.455,2026-04-28T19:56:03Z
RPV,109.815,2026-04-28T19:53:51Z
RQI,13.1,2026-04-28T19:50:19Z
RR,2.415,2026-04-28T19:59:58Z
RRBI,95.48,2026-04-28T17:15:15Z
RRC,42.93,2026-04-28T19:59:56Z
RRGB,3.8,2026-04-28T19:59:35Z
RRR,55.53,2026-04-28T19:59:58Z
RRX,209.6,2026-04-28T19:59:50Z
RS,362.4,2026-04-28T19:59:43Z
RSG,208.14,2026-04-28T19:59:56Z
RSHO,54.95,2026-04-28T13:59:07Z
RSI,24.01,2026-04-28T19:59:58Z
RSKD,4.47,2026-04-28T19:59:55Z
RSMV,27.25,2026-04-28T14:31:14Z
RSP,200.77,2026-04-28T19:59:59Z
RSPA,51.42,2026-04-28T19:46:29Z
RSPD,55.2,2026-04-28T19:59:52Z
RSPG,105.44,2026-04-28T19:53:52Z
RSPH,30.35,2026-04-28T19:58:03Z
RSPN,60.33,2026-04-28T17:17:02Z
RSPS,29.5,2026-04-28T19:20:23Z
RSPT,51.7,2026-04-28T19:53:15Z
RSSS,2.45,2026-04-28T19:56:10Z
RSST,31.55,2026-04-28T19:55:40Z
RSSY,24.58,2026-04-28T14:49:28Z
RSVR,10.06,2026-04-28T19:57:38Z
RTAC,10.36,2026-04-28T19:59:50Z
RTH,266.35,2026-04-28T19:52:10Z
RTO,33.435,2026-04-28T19:59:58Z
RTRE,25.07,2026-04-28T15:22:10Z
RTX,175.62,2026-04-28T19:59:49Z
RTXG,19.105,2026-04-28T16:35:57Z
RTYY,12.655,2026-04-28T17:51:05Z
RUM,7.005,2026-04-28T19:59:58Z
RUMBW,1.71,2026-04-28T15:36:21Z
RUN,12.96,2026-04-28T19:59:59Z
RUSHA,75.27,2026-04-28T19:59:54Z
RUSHB,78.23,2026-04-28T15:29:51Z
RVI,30.85,2026-04-28T19:58:59Z
RVLV,26.31,2026-04-28T19:59:54Z
RVMD,144.8,2026-04-28T19:59:54Z
RVMDW,5.15,2026-04-28T19:05:06Z
RVNU,24.85,2026-04-28T19:27:33Z
RVP,0.6268,2026-04-28T19:59:53Z
RVPH,0.8842,2026-04-28T19:57:27Z
RVSB,5.36,2026-04-28T19:59:06Z
RVT,18.26,2026-04-28T18:37:18Z
RVTY,85.2,2026-04-28T19:59:56Z
RVYL,5.17,2026-04-28T18:45:58Z
RW,23.75,2026-04-28T15:34:31Z
RWAY,6.59,2026-04-28T19:59:58Z
RWAYI,25.14,2026-04-28T13:31:18Z
RWEM,33,2026-04-28T16:09:02Z
RWL,122.225,2026-04-28T18:23:08Z
RWM,14.725,2026-04-28T19:59:57Z
RWO,49.04,2026-04-28T19:48:33Z
RWR,109.04,2026-04-28T19:59:49Z
RWT,5.74,2026-04-28T19:59:50Z
RWTO,25.35,2026-04-28T19:59:00Z
RWTP,24.91,2026-04-28T16:27:32Z
RWX,27.97,2026-04-28T13:51:41Z
RXD,10.58,2026-04-28T19:59:40Z
RXO,19.53,2026-04-28T19:59:52Z
RXRX,3.41,2026-04-28T19:59:56Z
RXST,7.16,2026-04-28T19:59:52Z
RXT,1.54,2026-04-28T19:59:57Z
RY,177.7,2026-04-28T19:59:50Z
RYAAY,54.41,2026-04-28T19:59:03Z
RYAM,9.91,2026-04-28T19:59:59Z
RYAN,34.73,2026-04-28T19:59:55Z
RYDE,1.14,2026-04-28T19:55:42Z
RYLD,15.31,2026-04-28T19:59:50Z
RYM,34.41,2026-04-28T17:20:24Z
RYN,21.47,2026-04-28T19:59:58Z
RYTM,84.16,2026-04-28T19:59:40Z
RYZ,26.645,2026-04-28T19:59:52Z
RZG,63.07,2026-04-28T19:04:12Z
RZLT,3.075,2026-04-28T19:59:48Z
RZLV,2.54,2026-04-28T19:59:57Z
S,14.65,2026-04-28T19:59:56Z
SA,28.28,2026-04-28T19:59:30Z
SAA,32.09,2026-04-28T17:51:54Z
SAAQW,0.71,2026-04-28T19:29:33Z
SABA,8.47,2026-04-28T19:01:48Z
SABR,1.845,2026-04-28T19:59:55Z
SABS,3.535,2026-04-28T19:59:59Z
SACH,1.04,2026-04-28T19:49:53Z
SAFE,15.98,2026-04-28T19:59:59Z
SAFT,77.295,2026-04-28T19:53:18Z
SAFX,0.3717,2026-04-28T19:59:54Z
SAH,72.39,2026-04-28T19:59:50Z
SAIA,443.65,2026-04-28T19:59:56Z
SAIC,94.89,2026-04-28T19:59:56Z
SAIH,10.9,2026-04-28T19:29:44Z
SAIL,11.52,2026-04-28T19:59:56Z
SAM,238.965,2026-04-28T19:59:37Z
SAMT,42.25,2026-04-28T18:10:21Z
SAN,12.05,2026-04-28T19:59:59Z
SANA,3.36,2026-04-28T19:59:54Z
SANM,215.58,2026-04-28T19:59:50Z
SAP,173.52,2026-04-28T19:59:50Z
SAR,22.61,2026-04-28T17:29:12Z
SARK,29.29,2026-04-28T18:48:30Z
SARO,24.615,2026-04-28T19:59:54Z
SATA,99.92,2026-04-28T17:28:39Z
SATG,17.99,2026-04-28T19:50:17Z
SATL,6.155,2026-04-28T19:59:58Z
SATS,123.69,2026-04-28T19:59:50Z
SAV,25.29,2026-04-28T19:41:52Z
SAZ,25.62,2026-04-28T14:34:16Z
SB,6.67,2026-04-28T19:59:52Z
SBAC,217.6,2026-04-28T19:59:59Z
SBAR,25.36,2026-04-28T19:59:50Z
SBC,3.39,2026-04-28T19:44:05Z
SBCF,31.73,2026-04-28T19:59:59Z
SBCWW,0.2,2026-04-28T18:26:17Z
SBET,7.305,2026-04-28T19:59:57Z
SBEV,0.2781,2026-04-28T19:43:37Z
SBFM,0.97,2026-04-28T16:44:19Z
SBGI,15.71,2026-04-28T19:59:51Z
SBH,14.48,2026-04-28T19:59:59Z
SBI,7.67,2026-04-28T19:50:04Z
SBIL,100.065,2026-04-28T19:58:57Z
SBIO,53.47,2026-04-28T18:31:58Z
SBIT,44.04,2026-04-28T19:59:59Z
SBLK,24.635,2026-04-28T19:59:50Z
SBLX,3.09,2026-04-28T19:59:50Z
SBND,18.87,2026-04-28T19:59:46Z
SBR,76.3,2026-04-28T16:18:00Z
SBRA,20.51,2026-04-28T19:59:57Z
SBS,33.59,2026-04-28T19:59:51Z
SBSI,33.36,2026-04-28T18:14:06Z
SBSW,11.93,2026-04-28T19:59:59Z
SBTU,3.84,2026-04-28T19:22:05Z
SBUX,97.29,2026-04-28T19:59:53Z
SCAP,37.91,2026-04-28T13:43:23Z
SCCO,170.69,2026-04-28T19:59:57Z
SCCR,25.675,2026-04-28T19:59:59Z
SCD,14.965,2026-04-28T15:23:20Z
SCE-M,24.99,2026-04-28T16:09:12Z
SCE-N,23.94,2026-04-28T18:00:36Z
SCEC,25.125,2026-04-28T19:55:47Z
SCHA,31.98,2026-04-28T19:59:52Z
SCHB,27.455,2026-04-28T19:55:00Z
SCHC,49.52,2026-04-28T19:48:35Z
SCHD,31.32,2026-04-28T19:59:53Z
SCHE,35.44,2026-04-28T19:59:56Z
SCHF,26.14,2026-04-28T19:59:51Z
SCHG,32.76,2026-04-28T19:59:50Z
SCHH,23.19,2026-04-28T19:51:52Z
SCHI,22.755,2026-04-28T19:59:54Z
SCHJ,24.755,2026-04-28T19:57:00Z
SCHK,34.25,2026-04-28T19:59:26Z
SCHL,40.9,2026-04-28T19:59:58Z
SCHM,33.305,2026-04-28T19:59:32Z
SCHO,24.255,2026-04-28T18:57:18Z
SCHP,26.9,2026-04-28T19:58:04Z
SCHQ,31.33,2026-04-28T19:59:50Z
SCHR,24.87,2026-04-28T19:59:28Z
SCHV,31.875,2026-04-28T19:53:48Z
SCHW,90.86,2026-04-28T19:59:57Z
SCHW-D,24.87,2026-04-28T17:52:19Z
SCHW-J,18.28,2026-04-28T19:52:24Z
SCHX,28.025,2026-04-28T19:59:53Z
SCHY,32.165,2026-04-28T19:59:08Z
SCHZ,23.25,2026-04-28T19:59:50Z
SCI,86.34,2026-04-28T19:59:53Z
SCIO,20.68,2026-04-28T19:59:50Z
SCJ,100.34,2026-04-28T17:35:08Z
SCL,49.27,2026-04-28T19:59:39Z
SCM,9.69,2026-04-28T19:59:43Z
SCMB,25.75,2026-04-28T19:59:59Z
SCMC,25.135,2026-04-28T19:59:46Z
SCNI,0.5603,2026-04-28T19:52:14Z
SCNX,0.38,2026-04-28T19:37:21Z
SCO,6.98,2026-04-28T19:59:48Z
SCOR,7.42,2026-04-28T17:07:34Z
SCSB,25.04,2026-04-28T17:58:47Z
SCSC,40.71,2026-04-28T19:58:03Z
SCVL,18.49,2026-04-28T19:59:58Z
SCWO,2.915,2026-04-28T15:25:27Z
SCYB,26.32,2026-04-28T19:59:50Z
SCYX,0.9829,2026-04-28T19:58:17Z
SCZ,82.6,2026-04-28T19:59:55Z
SCZM,7.88,2026-04-28T19:59:07Z
SD,15.51,2026-04-28T19:59:58Z
SDA,1.41,2026-04-28T19:58:24Z
SDCI,28.16,2026-04-28T19:59:59Z
SDEV,1.27,2026-04-28T19:59:23Z
SDG,88.33,2026-04-28T19:20:35Z
SDGR,12.26,2026-04-28T19:59:56Z
SDHC,13.64,2026-04-28T19:59:36Z
SDHY,16.01,2026-04-28T19:55:41Z
SDIV,25.79,2026-04-28T19:59:58Z
SDOG,65.62,2026-04-28T19:59:51Z
SDOW,29.48,2026-04-28T19:59:54Z
SDRL,49.775,2026-04-28T19:59:59Z
SDS,63.055,2026-04-28T19:59:47Z
SDST,2.66,2026-04-28T19:59:51Z
SDTY,41.63,2026-04-28T19:51:06Z
SDVD,22.92,2026-04-28T19:59:41Z
SDVY,42.18,2026-04-28T19:57:25Z
SDY,148.1,2026-04-28T18:56:47Z
SE,85.89,2026-04-28T19:59:58Z
SEAT,6.585,2026-04-28T19:05:37Z
SEB,5871.505,2026-04-28T18:42:24Z
SECT,65.98,2026-04-28T17:31:21Z
SECU,49.91,2026-04-28T19:41:29Z
SEDG,44.25,2026-04-28T19:59:54Z
SEED,1.18,2026-04-28T13:35:06Z
SEER,1.935,2026-04-28T19:59:46Z
SEG,22.59,2026-04-28T19:24:31Z
SEGG,1.465,2026-04-28T19:59:49Z
SEI,74.47,2026-04-28T19:59:57Z
SEIC,91.52,2026-04-28T19:59:34Z
SEIE,34.055,2026-04-28T19:08:02Z
SEIQ,38.49,2026-04-28T16:56:08Z
SEIS,30.52,2026-04-28T18:57:29Z
SEIV,43.77,2026-04-28T18:24:19Z
SEIX,23.24,2026-04-28T19:59:51Z
SELF,5.355,2026-04-28T19:42:06Z
SELV,32.49,2026-04-28T15:02:43Z
SELX,0.425,2026-04-28T19:37:38Z
SEM,16.45,2026-04-28T19:59:50Z
SEMG,26.09,2026-04-28T15:17:27Z
SEMY,16.63,2026-04-28T19:59:59Z
SENEA,140.93,2026-04-28T14:52:43Z
SENS,7.18,2026-04-28T19:59:50Z
SEPN,24.275,2026-04-28T19:59:17Z
SEPP,31.6,2026-04-28T14:21:48Z
SER,1.8,2026-04-28T13:33:41Z
SERV,9.44,2026-04-28T19:59:59Z
SES,1.03,2026-04-28T19:59:47Z
SETH,43.72,2026-04-28T13:45:55Z
SETM,36.06,2026-04-28T19:15:04Z
SEV,2.83,2026-04-28T19:58:17Z
SEVN,8.19,2026-04-28T19:58:34Z
SEZL,81.35,2026-04-28T19:59:02Z
SF,78.09,2026-04-28T19:59:50Z
SFB,20.08,2026-04-28T16:07:12Z
SFBS,79.575,2026-04-28T19:59:18Z
SFD,26.87,2026-04-28T19:59:55Z
SFIX,3.745,2026-04-28T19:59:31Z
SFL,11.4,2026-04-28T19:59:59Z
SFLR,36.63,2026-04-28T19:59:52Z
SFM,70.73,2026-04-28T19:59:46Z
SFNC,21.62,2026-04-28T19:59:59Z
SFST,57.65,2026-04-28T19:53:48Z
SFTX,28.6,2026-04-28T17:54:52Z
SFTY,29.305,2026-04-28T18:25:09Z
SFY,139.1,2026-04-28T16:09:53Z
SG,6.76,2026-04-28T19:59:57Z
SGC,11.435,2026-04-28T19:39:24Z
SGDJ,90.94,2026-04-28T19:06:12Z
SGDM,72.51,2026-04-28T19:58:00Z
SGHC,12.345,2026-04-28T19:59:49Z
SGHT,4.36,2026-04-28T19:59:24Z
SGI,77.48,2026-04-28T19:59:55Z
SGLC,41.24,2026-04-28T18:05:01Z
SGLY,0.45,2026-04-28T15:19:35Z
SGML,20.62,2026-04-28T19:59:30Z
SGMO,0.1979,2026-04-28T19:57:27Z
SGMT,8.73,2026-04-28T19:59:59Z
SGOL,43.765,2026-04-28T19:59:57Z
SGOV,100.655,2026-04-28T19:59:00Z
SGP,22.83,2026-04-28T18:34:25Z
SGRP,0.6301,2026-04-28T15:46:45Z
SGRT,30.84,2026-04-28T19:47:22Z
SGRY,14.36,2026-04-28T19:59:57Z
SGVT,100.745,2026-04-28T16:45:17Z
SH,34.78,2026-04-28T19:59:47Z
SHAG,47.605,2026-04-28T18:39:16Z
SHAK,100.15,2026-04-28T19:59:54Z
SHAZ,43.895,2026-04-28T19:59:48Z
SHBI,19.57,2026-04-28T19:59:35Z
SHC,15.55,2026-04-28T19:59:56Z
SHDG,32.02,2026-04-28T19:48:14Z
SHEL,87.575,2026-04-28T19:59:54Z
SHEN,16.48,2026-04-28T19:59:59Z
SHFS,0.8515,2026-04-28T19:53:51Z
SHG,66.86,2026-04-28T19:59:43Z
SHIM,5.59,2026-04-28T19:51:39Z
SHIP,14.89,2026-04-28T19:56:35Z
SHLD,67.085,2026-04-28T19:59:50Z
SHLS,7.65,2026-04-28T19:59:56Z
SHM,47.935,2026-04-28T19:29:42Z
SHMD,5.94,2026-04-28T19:59:48Z
SHMDW,1.49,2026-04-28T15:38:25Z
SHNY,12.78,2026-04-28T19:53:07Z
SHO,9.76,2026-04-28T19:59:54Z
SHOO,37.46,2026-04-28T19:59:56Z
SHOP,122.04,2026-04-28T19:59:54Z
SHPH,1.04,2026-04-28T19:54:06Z
SHPU,14.17,2026-04-28T19:59:50Z
SHV,110.37,2026-04-28T18:20:09Z
SHW,324.23,2026-04-28T19:59:48Z
SHY,82.505,2026-04-28T19:59:58Z
SHYD,22.73,2026-04-28T17:48:38Z
SHYG,42.63,2026-04-28T19:59:59Z
SHYM,22.21,2026-04-28T19:03:39Z
SI,12.97,2026-04-28T19:30:29Z
SIBN,12.37,2026-04-28T19:59:49Z
SID,1.295,2026-04-28T19:58:22Z
SIDU,3.09,2026-04-28T19:59:53Z
SIEB,1.92,2026-04-28T19:57:57Z
SIF,15.1,2026-04-28T19:43:11Z
SIFY,14.86,2026-04-28T18:22:23Z
SIG,87.085,2026-04-28T19:59:49Z
SIGA,4.58,2026-04-28T19:59:54Z
SIGI,85.65,2026-04-28T19:59:11Z
SIHY,45.26,2026-04-28T15:17:27Z
SII,127.77,2026-04-28T19:59:55Z
SIJ,9.325,2026-04-28T15:28:54Z
SIL,89.21,2026-04-28T19:59:59Z
SILA,30.42,2026-04-28T19:59:59Z
SILC,27.63,2026-04-28T19:59:28Z
SILJ,29.185,2026-04-28T19:59:50Z
SILO,0.4444,2026-04-28T19:59:11Z
SIMAW,0.23,2026-04-28T14:43:20Z
SIMO,149.105,2026-04-28T19:59:41Z
SINT,2.145,2026-04-28T19:58:50Z
SIO,25.87,2026-04-28T18:46:16Z
SION,39.595,2026-04-28T19:59:43Z
SIRI,26.275,2026-04-28T19:59:58Z
SITC,5.62,2026-04-28T19:59:56Z
SITE,143,2026-04-28T19:59:45Z
SITM,516,2026-04-28T19:59:41Z
SIVR,69.55,2026-04-28T19:59:50Z
SIXF,33.05,2026-04-28T15:00:43Z
SIXG,79.105,2026-04-28T16:50:17Z
SJB,15.32,2026-04-28T14:37:48Z
SJM,98.07,2026-04-28T19:59:59Z
SJNK,25.18,2026-04-28T19:59:51Z
SJT,4.25,2026-04-28T19:42:40Z
SKBL,3.67,2026-04-28T19:51:39Z
SKE,29.7,2026-04-28T19:59:43Z
SKF,27.83,2026-04-28T16:32:52Z
SKIL,7.005,2026-04-28T19:58:00Z
SKIN,0.8357,2026-04-28T19:59:56Z
SKK,1.76,2026-04-28T19:59:00Z
SKLZ,6.475,2026-04-28T19:58:47Z
SKM,36.75,2026-04-28T19:59:48Z
SKOR,48.73,2026-04-28T18:41:32Z
SKRE,7.32,2026-04-28T19:59:45Z
SKT,36.94,2026-04-28T19:59:47Z
SKWD,45.58,2026-04-28T19:59:21Z
SKY,79.855,2026-04-28T19:59:48Z
SKYE,0.9226,2026-04-28T18:49:04Z
SKYH,10.57,2026-04-28T19:58:10Z
SKYQ,6.09,2026-04-28T19:57:31Z
SKYT,31.175,2026-04-28T19:59:49Z
SKYW,82.88,2026-04-28T19:59:58Z
SKYX,1.055,2026-04-28T19:59:08Z
SKYY,117.78,2026-04-28T19:59:51Z
SLAB,215.76,2026-04-28T19:59:51Z
SLAI,0.7769,2026-04-28T19:54:47Z
SLB,55.66,2026-04-28T19:59:59Z
SLDB,7.44,2026-04-28T19:59:53Z
SLDE,18.9,2026-04-28T19:59:57Z
SLDP,3.495,2026-04-28T19:59:58Z
SLF,71.165,2026-04-28T19:59:34Z
SLG,43.86,2026-04-28T19:59:57Z
SLG-I,21.225,2026-04-28T17:21:48Z
SLGL,70.71,2026-04-28T19:57:45Z
SLGN,38.78,2026-04-28T19:59:53Z
SLI,3.74,2026-04-28T19:59:54Z
SLJY,32.88,2026-04-28T17:56:51Z
SLM,23.44,2026-04-28T19:59:57Z
SLMT,0.753,2026-04-28T19:59:46Z
SLN,7.7,2026-04-28T19:51:20Z
SLND,0.9602,2026-04-28T18:30:20Z
SLNH,1.065,2026-04-28T19:59:49Z
SLNHP,7.44,2026-04-28T13:39:14Z
SLNO,52.77,2026-04-28T19:59:59Z
SLON,5.06,2026-04-28T19:59:47Z
SLP,14.875,2026-04-28T19:59:55Z
SLQD,50.515,2026-04-28T19:58:16Z
SLQT,0.9833,2026-04-28T19:59:49Z
SLRC,15.59,2026-04-28T19:59:50Z
SLS,4.875,2026-04-28T19:59:57Z
SLSN,1.315,2026-04-28T19:14:25Z
SLSR,10.125,2026-04-28T19:59:46Z
SLTY,26.665,2026-04-28T19:23:17Z
SLV,66.205,2026-04-28T19:59:56Z
SLVM,43.555,2026-04-28T19:59:42Z
SLVO,85.685,2026-04-28T19:55:09Z
SLVP,35.395,2026-04-28T19:59:45Z
SLVR,58.59,2026-04-28T19:53:42Z
SLX,102.28,2026-04-28T19:33:07Z
SLXN,0.6,2026-04-28T19:50:40Z
SLYG,106.16,2026-04-28T19:59:46Z
SLYV,102.7,2026-04-28T19:59:51Z
SM,29.28,2026-04-28T19:59:59Z
SMA,32.055,2026-04-28T19:59:57Z
SMBC,69.86,2026-04-28T19:59:05Z
SMBK,42.58,2026-04-28T13:30:03Z
SMBS,25.625,2026-04-28T19:59:53Z
SMC,30.58,2026-04-28T19:27:40Z
SMCF,37.73,2026-04-28T14:29:21Z
SMCI,27.25,2026-04-28T19:59:58Z
SMCL,2.31,2026-04-28T19:59:50Z
SMCO,29.2,2026-04-28T19:45:36Z
SMCX,11.48,2026-04-28T19:59:33Z
SMCY,5.84,2026-04-28T19:59:31Z
SMCZ,27.71,2026-04-28T19:59:47Z
SMDV,73.41,2026-04-28T16:35:24Z
SMFG,20.925,2026-04-28T19:59:54Z
SMG,65.42,2026-04-28T19:59:42Z
SMH,491.43,2026-04-28T19:59:57Z
SMHI,7.515,2026-04-28T19:25:46Z
SMHX,48.32,2026-04-28T18:15:55Z
SMIG,30.83,2026-04-28T19:38:31Z
SMIN,66.36,2026-04-28T19:46:12Z
SMJF,3.29,2026-04-28T19:58:55Z
SMLF,81.31,2026-04-28T19:59:46Z
SMMD,83.36,2026-04-28T19:52:16Z
SMMT,21.255,2026-04-28T19:59:53Z
SMMU,50.48,2026-04-28T19:55:49Z
SMOT,37.05,2026-04-28T13:36:01Z
SMP,37.77,2026-04-28T19:32:50Z
SMPL,13.8,2026-04-28T19:59:59Z
SMR,11.82,2026-04-28T19:59:59Z
SMRI,37.26,2026-04-28T19:59:46Z
SMRT,1.35,2026-04-28T19:59:54Z
SMST,32.3,2026-04-28T19:57:16Z
SMTC,94.36,2026-04-28T19:59:52Z
SMTH,25.805,2026-04-28T19:15:44Z
SMTI,18.73,2026-04-28T18:19:39Z
SMTK,0.235,2026-04-28T18:06:56Z
SMU,14.575,2026-04-28T19:59:59Z
SMWB,2.71,2026-04-28T19:59:53Z
SMX,1.645,2026-04-28T19:58:53Z
SMZ,28.27,2026-04-28T17:54:18Z
SN,114.62,2026-04-28T19:59:50Z
SNA,377.3,2026-04-28T19:59:49Z
SNAL,0.6356,2026-04-28T19:58:03Z
SNAP,5.94,2026-04-28T19:59:56Z
SNBR,3.24,2026-04-28T19:59:58Z
SNCY,16.17,2026-04-28T19:59:53Z
SND,5.28,2026-04-28T19:59:52Z
SNDA,37.825,2026-04-28T19:59:54Z
SNDK,1003.01,2026-04-28T19:59:36Z
SNDL,1.47,2026-04-28T19:59:56Z
SNDQ,22.51,2026-04-28T19:56:59Z
SNDR,30.855,2026-04-28T19:59:48Z
SNDU,52.3,2026-04-28T19:52:30Z
SNDX,21.13,2026-04-28T19:59:57Z
SNEX,104.905,2026-04-28T19:58:24Z
SNFCA,9.83,2026-04-28T19:48:05Z
SNGX,0.4266,2026-04-28T19:55:31Z
SNN,31.06,2026-04-28T19:59:55Z
SNOA,1.04,2026-04-28T19:59:26Z
SNOU,15.05,2026-04-28T19:41:30Z
SNOV,26.11,2026-04-28T14:21:48Z
SNOW,142.47,2026-04-28T19:59:54Z
SNPD,28.73,2026-04-28T17:30:31Z
SNPE,65.28,2026-04-28T19:59:52Z
SNPS,483.85,2026-04-28T19:59:55Z
SNSE,29.535,2026-04-28T17:55:20Z
SNTH,28.63,2026-04-28T19:58:46Z
SNTI,0.9516,2026-04-28T14:00:30Z
SNWV,18.405,2026-04-28T19:59:46Z
SNX,223.27,2026-04-28T19:59:28Z
SNXX,84.645,2026-04-28T19:59:50Z
SNY,45.97,2026-04-28T19:59:47Z
SNYR,0.377,2026-04-28T19:42:46Z
SO,94.42,2026-04-28T19:59:54Z
SOAR,0.2471,2026-04-28T19:58:09Z
SOBO,32.71,2026-04-28T19:59:54Z
SOBR,0.5399,2026-04-28T19:39:01Z
SOC,13.14,2026-04-28T19:59:54Z
SOEZ,14.54,2026-04-28T19:59:46Z
SOFI,18.375,2026-04-28T19:59:58Z
SOFX,12.15,2026-04-28T19:58:58Z
SOHU,15.44,2026-04-28T19:10:46Z
SOJF,25.4,2026-04-28T19:50:29Z
SOLS,79.76,2026-04-28T19:59:54Z
SOLT,45.57,2026-04-28T19:20:04Z
SOLV,67.525,2026-04-28T19:59:51Z
SOLX,8.52,2026-04-28T16:40:20Z
SOLZ,8.44,2026-04-28T19:59:26Z
SOMN,50.96,2026-04-28T17:58:40Z
SON,49.95,2026-04-28T19:59:52Z
SONO,14.49,2026-04-28T19:59:59Z
SONY,19.96,2026-04-28T19:59:56Z
SOPA,0.4092,2026-04-28T16:05:49Z
SOPH,5.03,2026-04-28T19:59:53Z
SOTK,4.585,2026-04-28T15:59:01Z
SOUL=,10.46,2026-04-28T15:14:42Z
SOUN,8.07,2026-04-28T19:59:59Z
SOUX,21.79,2026-04-28T18:31:24Z
SOWG,1.69,2026-04-28T19:59:28Z
SOXL,109.59,2026-04-28T19:59:59Z
SOXQ,78.985,2026-04-28T19:59:40Z
SOXS,15.615,2026-04-28T19:59:57Z
SOXX,438.67,2026-04-28T19:59:55Z
SOXY,79.49,2026-04-28T19:17:09Z
SOYB,24.68,2026-04-28T19:59:50Z
SPAB,25.63,2026-04-28T19:59:40Z
SPAI,4.205,2026-04-28T19:02:51Z
SPB,82.99,2026-04-28T19:59:18Z
SPBC,45.94,2026-04-28T15:08:52Z
SPBO,29.1,2026-04-28T19:43:37Z
SPBU,28.97,2026-04-28T13:45:49Z
SPBX,28.35,2026-04-28T19:56:58Z
SPCB,8.615,2026-04-28T19:59:59Z
SPCE,2.38,2026-04-28T19:59:55Z
SPCT,26.94,2026-04-28T19:38:27Z
SPCZ,25.84,2026-04-28T17:58:58Z
SPDN,9.115,2026-04-28T19:59:43Z
SPDV,37.68,2026-04-28T19:07:42Z
SPDW,48.18,2026-04-28T19:59:38Z
SPEM,50.655,2026-04-28T19:59:35Z
SPEU,53.565,2026-04-28T16:34:33Z
SPFF,9.32,2026-04-28T19:22:46Z
SPFI,43.83,2026-04-28T19:59:50Z
SPG,202.8,2026-04-28T19:59:52Z
SPGI,433.66,2026-04-28T19:59:59Z
SPGM,81.7,2026-04-28T19:53:03Z
SPGP,116.59,2026-04-28T13:59:50Z
SPH,19.65,2026-04-28T19:59:54Z
SPHB,131.51,2026-04-28T19:59:46Z
SPHD,49.645,2026-04-28T19:50:28Z
SPHQ,79.68,2026-04-28T19:59:38Z
SPHR,133.08,2026-04-28T19:59:43Z
SPHY,23.56,2026-04-28T19:59:51Z
SPIB,33.6,2026-04-28T19:59:51Z
SPIP,26.22,2026-04-28T19:59:46Z
SPIR,16,2026-04-28T19:59:49Z
SPIT,29.97,2026-04-28T18:14:28Z
SPLB,22.35,2026-04-28T19:59:42Z
SPLV,74.11,2026-04-28T19:59:46Z
SPMB,22.4,2026-04-28T19:56:57Z
SPMC,9.945,2026-04-28T14:35:29Z
SPMD,63.215,2026-04-28T19:59:43Z
SPMO,129.99,2026-04-28T19:58:49Z
SPNT,23.75,2026-04-28T19:59:52Z
SPOG,5.855,2026-04-28T19:50:09Z
SPOK,11.48,2026-04-28T19:58:21Z
SPOT,434.59,2026-04-28T19:59:52Z
SPPL,2.4,2026-04-28T19:54:01Z
SPPP,15.305,2026-04-28T19:59:04Z
SPRB,54.905,2026-04-28T19:59:15Z
SPRC,8.07,2026-04-28T17:40:17Z
SPRO,2.675,2026-04-28T19:59:46Z
SPRX,41.95,2026-04-28T19:56:02Z
SPRY,7.935,2026-04-28T19:59:58Z
SPSB,30.09,2026-04-28T19:59:32Z
SPSC,55.305,2026-04-28T19:59:54Z
SPSK,18.055,2026-04-28T15:57:49Z
SPSM,52.82,2026-04-28T19:59:52Z
SPT,6.08,2026-04-28T19:59:54Z
SPTE,41.14,2026-04-28T16:59:41Z
SPTI,28.61,2026-04-28T19:59:41Z
SPTL,26.215,2026-04-28T19:59:17Z
SPTM,86.4,2026-04-28T19:59:50Z
SPTS,29.155,2026-04-28T19:55:05Z
SPUS,53.495,2026-04-28T19:59:19Z
SPVM,71.09,2026-04-28T19:59:51Z
SPWH,1.365,2026-04-28T19:59:51Z
SPWO,31.035,2026-04-28T19:57:15Z
SPWR,0.8942,2026-04-28T19:59:51Z
SPXC,216.645,2026-04-28T19:59:12Z
SPXD,27.27,2026-04-28T14:31:01Z
SPXE,76.31,2026-04-28T16:45:15Z
SPXL,239.71,2026-04-28T19:59:59Z
SPXS,30.935,2026-04-28T19:59:52Z
SPXU,43.365,2026-04-28T19:59:56Z
SPXX,17.43,2026-04-28T19:53:21Z
SPY,711.68,2026-04-28T19:59:59Z
SPYD,46.36,2026-04-28T19:56:32Z
SPYG,111.8,2026-04-28T19:59:52Z
SPYI,52.14,2026-04-28T19:59:46Z
SPYM,83.765,2026-04-28T19:59:56Z
SPYT,17.4,2026-04-28T19:59:31Z
SPYU,29.04,2026-04-28T19:59:46Z
SPYV,58.99,2026-04-28T19:59:57Z
SPYX,58.255,2026-04-28T19:59:51Z
SQFT,3.395,2026-04-28T14:55:24Z
SQM,89.38,2026-04-28T19:59:43Z
SQNS,3.51,2026-04-28T19:08:11Z
SQQQ,54.07,2026-04-28T19:59:56Z
SQS,26.96,2026-04-28T19:53:50Z
SR,90.85,2026-04-28T19:59:46Z
SRAD,12.35,2026-04-28T19:59:54Z
SRBK,19.09,2026-04-28T16:19:09Z
SRCE,74.11,2026-04-28T19:43:06Z
SRE,92.9,2026-04-28T19:59:54Z
SRET,22.775,2026-04-28T15:30:12Z
SRFM,1.07,2026-04-28T19:59:55Z
SRG,2.615,2026-04-28T19:59:32Z
SRG-A,21.56,2026-04-28T19:12:34Z
SRI,6.255,2026-04-28T19:59:21Z
SRL,6.31,2026-04-28T19:58:16Z
SRLN,40.565,2026-04-28T19:59:54Z
SRPT,21.07,2026-04-28T19:59:52Z
SRRK,46.73,2026-04-28T19:59:50Z
SRS,41.52,2026-04-28T17:57:18Z
SRTA,5.09,2026-04-28T19:59:55Z
SRTY,29.37,2026-04-28T19:59:59Z
SRV,46.16,2026-04-28T16:11:50Z
SRVR,34.435,2026-04-28T19:59:25Z
SRXH,0.1183,2026-04-28T19:59:43Z
SRZN,30.98,2026-04-28T19:59:31Z
SSB,98.37,2026-04-28T19:59:37Z
SSD,191.33,2026-04-28T19:59:15Z
SSG,18.34,2026-04-28T16:00:21Z
SSII,4.31,2026-04-28T17:33:34Z
SSK,11.43,2026-04-28T19:56:57Z
SSL,13.09,2026-04-28T19:59:48Z
SSM,5.7,2026-04-28T15:24:49Z
SSMG,24.45,2026-04-28T19:42:37Z
SSNC,69.06,2026-04-28T19:59:56Z
SSO,61.83,2026-04-28T19:58:57Z
SSP,4.63,2026-04-28T19:59:57Z
SSRM,29.22,2026-04-28T19:59:52Z
SSSS,13.285,2026-04-28T19:59:13Z
SST,3.98,2026-04-28T19:59:50Z
SSTI,6.865,2026-04-28T19:59:01Z
SSTK,17.295,2026-04-28T19:59:54Z
SSUS,51.55,2026-04-28T14:15:00Z
SSXU,35.54,2026-04-28T14:57:01Z
SSYS,8.58,2026-04-28T19:59:54Z
ST,41.6,2026-04-28T19:59:53Z
STAA,26.71,2026-04-28T19:59:56Z
STAG,39.57,2026-04-28T19:59:52Z
STAK,0.865,2026-04-28T16:09:41Z
STBA,44.44,2026-04-28T19:59:51Z
STBF,25.405,2026-04-28T19:27:38Z
STC,71.135,2026-04-28T19:59:43Z
STCE,62.57,2026-04-28T14:53:01Z
STE,219.74,2026-04-28T19:59:18Z
STEL,37.59,2026-04-28T19:59:46Z
STEM,10.58,2026-04-28T19:28:54Z
STEP,51.735,2026-04-28T19:59:50Z
STEW,17.7,2026-04-28T19:59:29Z
STEX,0.8901,2026-04-28T19:59:14Z
STGW,6.71,2026-04-28T19:59:57Z
STHO,8.43,2026-04-28T19:59:02Z
STIM,1.64,2026-04-28T19:59:22Z
STIP,104.12,2026-04-28T19:59:59Z
STK,46.64,2026-04-28T15:04:49Z
STKE,1.38,2026-04-28T19:55:27Z
STKL,6.48,2026-04-28T19:59:59Z
STLA,7.87,2026-04-28T19:59:41Z
STLD,226.975,2026-04-28T19:59:31Z
STM,49.8,2026-04-28T19:59:56Z
STN,89.925,2026-04-28T19:59:49Z
STNE,11.67,2026-04-28T19:59:59Z
STNG,81.12,2026-04-28T19:59:58Z
STOK,33.32,2026-04-28T19:59:49Z
STRA,77.68,2026-04-28T19:59:19Z
STRC,99.43,2026-04-28T19:59:11Z
STRD,76.61,2026-04-28T16:23:35Z
STRF,100.19,2026-04-28T19:17:56Z
STRL,471.64,2026-04-28T19:59:55Z
STRO,34.665,2026-04-28T19:58:31Z
STRS,29.99,2026-04-28T13:51:57Z
STRT,76.12,2026-04-28T19:59:38Z
STRV,45.86,2026-04-28T14:21:31Z
STRW,12.645,2026-04-28T19:36:03Z
STRZ,18.36,2026-04-28T19:23:25Z
STSS,1.79,2026-04-28T19:59:46Z
STT,152.35,2026-04-28T19:59:53Z
STT-G,22.26,2026-04-28T19:56:48Z
STTK,7.535,2026-04-28T19:59:55Z
STUB,7.47,2026-04-28T19:59:56Z
STVN,16.235,2026-04-28T19:59:51Z
STWD,18.38,2026-04-28T19:59:56Z
STX,579.2,2026-04-28T19:59:51Z
STXE,44.9,2026-04-28T18:42:44Z
STXG,52.3,2026-04-28T19:52:52Z
STXK,35.98,2026-04-28T17:28:36Z
STXL,19.9,2026-04-28T19:59:14Z
STXS,1.86,2026-04-28T19:59:10Z
STXX,24.26,2026-04-28T19:40:39Z
STZ,155.365,2026-04-28T19:59:54Z
SU,65.16,2026-04-28T19:59:59Z
SUB,106.605,2026-04-28T19:59:48Z
SUI,128.31,2026-04-28T19:59:51Z
SUIG,1.515,2026-04-28T19:59:47Z
SUN,66.845,2026-04-28T19:59:49Z
SUNB,75.955,2026-04-28T19:59:53Z
SUNC,63.95,2026-04-28T19:59:48Z
SUNE,1.18,2026-04-28T19:59:50Z
SUNS,7.64,2026-04-28T19:58:12Z
SUPN,48.62,2026-04-28T19:59:54Z
SUPV,8.92,2026-04-28T19:59:49Z
SUPX,7.77,2026-04-28T19:57:37Z
SURG,0.6065,2026-04-28T19:59:42Z
SURI,16.61,2026-04-28T17:09:46Z
SUSA,143.95,2026-04-28T18:00:57Z
SUSB,25.075,2026-04-28T16:50:17Z
SUSC,23.205,2026-04-28T19:59:24Z
SUUN,0.6331,2026-04-28T19:20:24Z
SUZ,9.075,2026-04-28T19:59:50Z
SVAC,10.385,2026-04-28T17:42:27Z
SVC,1.535,2026-04-28T19:59:49Z
SVCO,10,2026-04-28T19:59:34Z
SVIVW,0.9,2026-04-28T19:53:22Z
SVIX,19.31,2026-04-28T19:59:55Z
SVM,11.81,2026-04-28T19:59:59Z
SVOL,15.86,2026-04-28T19:59:53Z
SVRA,5.03,2026-04-28T19:59:59Z
SVRE,4,2026-04-28T13:59:25Z
SVRN,8.27,2026-04-28T16:38:38Z
SVV,8.455,2026-04-28T19:59:54Z
SVXY,50.99,2026-04-28T19:59:59Z
SW,40.55,2026-04-28T19:59:56Z
SWAG,1.525,2026-04-28T19:17:28Z
SWBI,15.24,2026-04-28T19:59:59Z
SWIM,5.95,2026-04-28T19:59:56Z
SWK,78.37,2026-04-28T19:59:54Z
SWKS,60.985,2026-04-28T19:59:59Z
SWMR,39.015,2026-04-28T19:55:32Z
SWP,28.43,2026-04-28T14:01:34Z
SWVL,2.045,2026-04-28T18:48:12Z
SWVLW,0.007,2026-04-28T16:56:58Z
SWX,91.7,2026-04-28T19:59:52Z
SWZ,6.04,2026-04-28T15:48:39Z
SXC,6.73,2026-04-28T19:59:57Z
SXI,268.84,2026-04-28T19:39:06Z
SXT,123.055,2026-04-28T19:59:51Z
SXTC,2.09,2026-04-28T17:27:30Z
SXTP,1.61,2026-04-28T19:53:58Z
SY,2.87,2026-04-28T19:59:36Z
SYBT,73.13,2026-04-28T19:59:41Z
SYF,76.27,2026-04-28T19:59:52Z
SYFI,35.87,2026-04-28T19:59:00Z
SYK,321.39,2026-04-28T19:59:53Z
SYM,57.09,2026-04-28T19:59:47Z
SYNA,86.24,2026-04-28T19:59:20Z
SYNX,1.265,2026-04-28T17:00:05Z
SYPR,3.6,2026-04-28T15:00:46Z
SYRE,68.71,2026-04-28T19:59:58Z
SYSB,89.045,2026-04-28T19:39:08Z
SYY,73.42,2026-04-28T19:59:57Z
SZK,11.24,2026-04-28T14:08:00Z
SZZL,10.3,2026-04-28T14:40:15Z
T,26.07,2026-04-28T19:59:59Z
T-C,18.62,2026-04-28T19:46:33Z
TAC,12.72,2026-04-28T19:59:55Z
TAFI,25.22,2026-04-28T19:01:15Z
TAFL,25.08,2026-04-28T16:45:31Z
TAGG,42.58,2026-04-28T14:45:20Z
TAGS,25.055,2026-04-28T14:36:44Z
TAIL,11.05,2026-04-28T19:58:42Z
TAK,16.41,2026-04-28T19:59:53Z
TAL,10.775,2026-04-28T19:59:55Z
TALK,5.185,2026-04-28T19:59:54Z
TALO,15.505,2026-04-28T19:59:53Z
TAN,57.64,2026-04-28T19:59:58Z
TANH,0.36,2026-04-28T16:15:52Z
TAOX,4.925,2026-04-28T16:39:12Z
TAP,42.56,2026-04-28T19:59:45Z
TARA,5.07,2026-04-28T19:59:50Z
TARS,62.11,2026-04-28T19:59:27Z
TASK,6.35,2026-04-28T19:59:43Z
TATT,34.55,2026-04-28T19:52:03Z
TAXE,51.11,2026-04-28T16:44:23Z
TAXX,50.68,2026-04-28T16:22:59Z
TAYD,56.395,2026-04-28T19:55:47Z
TBB,21.58,2026-04-28T18:20:05Z
TBBB,36.18,2026-04-28T19:59:21Z
TBBK,60.76,2026-04-28T19:59:36Z
TBCH,11.12,2026-04-28T19:59:48Z
TBF,24.37,2026-04-28T19:53:01Z
TBG,35.59,2026-04-28T19:59:45Z
TBH,0.7598,2026-04-28T19:57:42Z
TBI,4.775,2026-04-28T19:58:30Z
TBIL,49.85,2026-04-28T19:59:11Z
TBLA,3.79,2026-04-28T19:59:54Z
TBLD,21.54,2026-04-28T15:49:55Z
TBLL,105.59,2026-04-28T19:55:32Z
TBN,35.48,2026-04-28T19:54:13Z
TBPH,16.775,2026-04-28T19:59:51Z
TBRG,25.725,2026-04-28T19:58:49Z
TBT,35.28,2026-04-28T19:57:22Z
TBUX,49.76,2026-04-28T19:59:46Z
TCAF,39.13,2026-04-28T19:59:40Z
TCAI,42.725,2026-04-28T19:56:26Z
TCAL,22.45,2026-04-28T19:59:50Z
TCBI,100.68,2026-04-28T19:57:39Z
TCBIO,21.62,2026-04-28T19:18:38Z
TCBK,50.78,2026-04-28T19:45:07Z
TCBX,38.23,2026-04-28T19:58:19Z
TCHI,23.35,2026-04-28T19:59:58Z
TCHP,50.12,2026-04-28T19:59:51Z
TCMD,23.56,2026-04-28T19:59:48Z
TCOM,52.355,2026-04-28T19:59:59Z
TCPB,51.02,2026-04-28T15:03:32Z
TCPC,4.235,2026-04-28T19:59:53Z
TCRT,2.62,2026-04-28T14:25:27Z
TCRX,1.265,2026-04-28T19:59:05Z
TCV,30.425,2026-04-28T19:55:49Z
TCX,16.33,2026-04-28T19:53:18Z
TD,105.36,2026-04-28T19:59:44Z
TDAQ,26.165,2026-04-28T19:59:46Z
TDAX,23.34,2026-04-28T19:59:33Z
TDAY,7.38,2026-04-28T19:59:59Z
TDC,25.78,2026-04-28T19:59:55Z
TDF,11.105,2026-04-28T18:22:36Z
TDG,1154.04,2026-04-28T19:59:53Z
TDI,43.45,2026-04-28T16:01:52Z
TDIC,1.115,2026-04-28T19:59:25Z
TDIV,104.53,2026-04-28T15:16:00Z
TDOC,6,2026-04-28T19:59:56Z
TDS,44.47,2026-04-28T19:59:39Z
TDS-U,21.48,2026-04-28T19:18:21Z
TDSB,24.65,2026-04-28T14:25:32Z
TDTF,24.36,2026-04-28T18:42:41Z
TDTH,2.2,2026-04-28T19:54:41Z
TDTT,24.44,2026-04-28T19:59:28Z
TDUP,4.185,2026-04-28T19:59:57Z
TDVG,46.67,2026-04-28T19:59:45Z
TDVI,29.36,2026-04-28T19:59:38Z
TDW,86.645,2026-04-28T19:59:49Z
TDY,641.83,2026-04-28T19:59:54Z
TE,4.895,2026-04-28T19:59:55Z
TEAD,0.9265,2026-04-28T19:59:26Z
TEAM,69.71,2026-04-28T19:59:55Z
TECH,53.55,2026-04-28T19:59:55Z
TECK,57.815,2026-04-28T19:59:54Z
TECL,141.875,2026-04-28T19:59:47Z
TECS,12.11,2026-04-28T19:59:57Z
TECX,27.255,2026-04-28T19:58:29Z
TEI,6.43,2026-04-28T19:41:17Z
TEK,34.33,2026-04-28T15:43:17Z
TEL,204.34,2026-04-28T19:59:54Z
TELO,1.47,2026-04-28T17:37:57Z
TEM,51.11,2026-04-28T19:59:30Z
TEMT,21.57,2026-04-28T18:39:41Z
TEN,39.89,2026-04-28T19:57:02Z
TENB,20.47,2026-04-28T19:59:59Z
TEND,26.27,2026-04-28T17:04:54Z
TENX,14.53,2026-04-28T19:59:50Z
TEO,11.15,2026-04-28T19:57:59Z
TER,380.03,2026-04-28T19:59:59Z
TERN,52.93,2026-04-28T19:59:57Z
TESL,13.47,2026-04-28T14:11:01Z
TETH,11.45,2026-04-28T19:37:01Z
TEVA,31.645,2026-04-28T19:59:59Z
TEX,61.9,2026-04-28T19:59:30Z
TFC,51.16,2026-04-28T19:59:59Z
TFI,45.655,2026-04-28T19:36:50Z
TFII,144.65,2026-04-28T19:59:51Z
TFIN,67.58,2026-04-28T19:59:36Z
TFLO,50.615,2026-04-28T19:58:16Z
TFLR,50.73,2026-04-28T19:55:00Z
TFPM,32.23,2026-04-28T19:59:59Z
TFSL,15.08,2026-04-28T19:59:51Z
TFX,135.48,2026-04-28T19:59:59Z
TG,9.6,2026-04-28T19:57:54Z
TGB,7.215,2026-04-28T19:59:49Z
TGEN,4.21,2026-04-28T19:59:52Z
TGHL,0.3831,2026-04-28T18:05:30Z
TGL,4.33,2026-04-28T19:44:37Z
TGLS,43.54,2026-04-28T19:59:35Z
TGRW,45.72,2026-04-28T19:15:23Z
TGS,30.495,2026-04-28T19:56:47Z
TGT,127.12,2026-04-28T19:59:54Z
TGTX,34.61,2026-04-28T19:59:44Z
TH,14.34,2026-04-28T19:59:57Z
THC,177.51,2026-04-28T19:59:59Z
THCH,1.92,2026-04-28T19:35:35Z
THD,69.31,2026-04-28T19:59:57Z
THFF,67.46,2026-04-28T19:59:50Z
THG,180.755,2026-04-28T19:59:53Z
THIR,31.67,2026-04-28T14:37:33Z
THLV,31.85,2026-04-28T13:55:26Z
THM,2.27,2026-04-28T19:59:50Z
THNQ,70.315,2026-04-28T14:13:47Z
THNR,23.92,2026-04-28T19:12:06Z
THO,78.195,2026-04-28T19:59:34Z
THQ,18.225,2026-04-28T19:50:01Z
THR,60.56,2026-04-28T19:59:52Z
THRM,29.85,2026-04-28T19:59:36Z
THRO,40.225,2026-04-28T19:57:49Z
THRY,3.87,2026-04-28T19:59:53Z
THW,12.49,2026-04-28T17:43:18Z
TIC,8.89,2026-04-28T19:59:57Z
TIGO,82.07,2026-04-28T19:59:46Z
TIGR,6.7,2026-04-28T19:59:56Z
TII,2.57,2026-04-28T19:59:59Z
TIL,8.09,2026-04-28T15:48:15Z
TILE,27.9,2026-04-28T19:59:10Z
TILL,18.42,2026-04-28T19:59:46Z
TIMB,25.42,2026-04-28T19:59:47Z
TIME,25.27,2026-04-28T17:26:17Z
TIP,111.735,2026-04-28T19:58:53Z
TIPT,17.21,2026-04-28T19:59:52Z
TIPX,19.335,2026-04-28T19:45:27Z
TIPZ,53.595,2026-04-28T19:45:58Z
TISI,17.26,2026-04-28T16:12:21Z
TITN,21.14,2026-04-28T19:57:52Z
TJGC,1.3,2026-04-28T19:59:11Z
TJUL,29.94,2026-04-28T18:04:33Z
TJX,157.21,2026-04-28T19:59:52Z
TK,13.305,2026-04-28T19:58:41Z
TKC,6.295,2026-04-28T19:59:54Z
TKNO,3.22,2026-04-28T19:43:32Z
TKO,184.69,2026-04-28T19:59:49Z
TKR,106.92,2026-04-28T19:59:40Z
TLCI,25.49,2026-04-28T15:07:50Z
TLH,100.515,2026-04-28T19:58:59Z
TLIH,0.225,2026-04-28T18:06:58Z
TLK,16.68,2026-04-28T19:59:56Z
TLN,361.12,2026-04-28T19:59:45Z
TLPH,0.7724,2026-04-28T19:58:16Z
TLRY,6.555,2026-04-28T19:59:50Z
TLS,4.47,2026-04-28T19:59:37Z
TLSA,1.25,2026-04-28T19:56:11Z
TLSI,4.47,2026-04-28T15:45:43Z
TLT,86.36,2026-04-28T19:59:59Z
TLTD,97.675,2026-04-28T19:21:18Z
TLTP,21.46,2026-04-28T18:14:03Z
TLTW,22.46,2026-04-28T19:59:51Z
TLX,10.45,2026-04-28T19:21:59Z
TLYS,3.815,2026-04-28T19:59:08Z
TM,193.135,2026-04-28T19:57:09Z
TMB,25.67,2026-04-28T19:40:22Z
TMC,5.06,2026-04-28T19:59:54Z
TMCI,1.9,2026-04-28T19:59:57Z
TMCR,13.685,2026-04-28T18:48:49Z
TMDE,1.27,2026-04-28T19:50:04Z
TMDX,101.29,2026-04-28T19:59:38Z
TME,9.195,2026-04-28T19:59:56Z
TMF,35.74,2026-04-28T19:59:53Z
TMFC,73.64,2026-04-28T14:41:20Z
TMFM,20.91,2026-04-28T18:38:52Z
TMFS,34.92,2026-04-28T19:59:50Z
TMHC,62.86,2026-04-28T19:59:53Z
TMLP,28.195,2026-04-28T17:24:10Z
TMO,470.32,2026-04-28T19:59:59Z
TMP,85.62,2026-04-28T19:58:38Z
TMQ,4.125,2026-04-28T19:59:45Z
TMSL,39.64,2026-04-28T17:45:06Z
TMUS,186.68,2026-04-28T19:59:55Z
TMUSL,24.98,2026-04-28T14:28:20Z
TMV,37.7,2026-04-28T19:59:59Z
TNA,58.74,2026-04-28T19:59:56Z
TNC,82.055,2026-04-28T19:59:48Z
TNDM,18.615,2026-04-28T19:59:44Z
TNET,41.835,2026-04-28T19:59:58Z
TNGX,25.1,2026-04-28T19:59:06Z
TNGY,10.265,2026-04-28T19:46:50Z
TNK,78.18,2026-04-28T19:58:45Z
TNL,64.6,2026-04-28T19:59:57Z
TNMG,1.06,2026-04-28T19:06:12Z
TNXP,12.71,2026-04-28T19:58:49Z
TNYA,0.6955,2026-04-28T19:59:40Z
TOGA,29.28,2026-04-28T15:43:37Z
TOI,3.435,2026-04-28T19:59:59Z
TOL,143.72,2026-04-28T19:59:47Z
TOLL,36.425,2026-04-28T18:45:01Z
TOMZ,0.6602,2026-04-28T19:58:18Z
TONX,2.2,2026-04-28T19:59:50Z
TOON,0.6574,2026-04-28T19:59:48Z
TOP,0.8035,2026-04-28T15:42:14Z
TOPS,2.16,2026-04-28T19:56:13Z
TOPT,31.89,2026-04-28T19:55:00Z
TOPW,37.97,2026-04-28T19:59:50Z
TORO,7.155,2026-04-28T19:53:11Z
TOST,29.005,2026-04-28T19:59:58Z
TOTL,39.83,2026-04-28T18:26:52Z
TOUR,6.92,2026-04-28T19:55:07Z
TOUS,35.91,2026-04-28T19:59:30Z
TOVX,0.3482,2026-04-28T19:59:57Z
TOWN,35.94,2026-04-28T19:59:59Z
TOXR,13.35,2026-04-28T14:49:41Z
TOYO,10.83,2026-04-28T19:55:53Z
TPB,77.29,2026-04-28T19:59:48Z
TPC,86.9,2026-04-28T19:58:16Z
TPCS,4.27,2026-04-28T18:21:49Z
TPET,0.5099,2026-04-28T19:59:56Z
TPG,42.485,2026-04-28T19:59:56Z
TPH,46.915,2026-04-28T19:59:59Z
TPHD,41.92,2026-04-28T19:27:18Z
TPIF,37.23,2026-04-28T13:52:20Z
TPL,431.06,2026-04-28T19:59:31Z
TPOR,35.81,2026-04-28T19:19:38Z
TPR,143.79,2026-04-28T19:59:50Z
TPSC,45.47,2026-04-28T18:59:21Z
TPST,1.69,2026-04-28T19:59:47Z
TPTA,23.5,2026-04-28T16:28:04Z
TPVG,5.33,2026-04-28T19:58:37Z
TPYP,42.04,2026-04-28T19:56:07Z
TQQQ,60.74,2026-04-28T19:59:59Z
TQQY,13.21,2026-04-28T15:12:06Z
TR,42.93,2026-04-28T19:59:35Z
TRAD,9.88,2026-04-28T19:59:16Z
TRAK,8.67,2026-04-28T19:59:56Z
TRAW,1.19,2026-04-28T19:07:55Z
TRAX,20.03,2026-04-28T19:59:12Z
TRC,20.35,2026-04-28T19:35:31Z
TRDA,12.9,2026-04-28T19:59:37Z
TREE,50.06,2026-04-28T19:57:16Z
TREX,41.02,2026-04-28T19:59:55Z
TRFK,78.46,2026-04-28T19:04:54Z
TRGP,248.44,2026-04-28T19:59:54Z
TRI,89.905,2026-04-28T19:59:50Z
TRIB,0.6152,2026-04-28T13:40:48Z
TRIN,16.185,2026-04-28T19:59:53Z
TRIP,10.87,2026-04-28T19:59:56Z
TRMB,66.64,2026-04-28T19:59:45Z
TRMD,31.98,2026-04-28T19:59:52Z
TRMK,45.42,2026-04-28T19:59:37Z
TRN,31.39,2026-04-28T19:59:46Z
TRNO,66.08,2026-04-28T19:59:54Z
TRNR,1.095,2026-04-28T19:47:12Z
TRNS,75.675,2026-04-28T19:59:08Z
TRON,2.03,2026-04-28T19:59:48Z
TROO,3.23,2026-04-28T19:15:08Z
TROW,100.785,2026-04-28T19:59:45Z
TROX,9.8,2026-04-28T19:59:51Z
TRP,62.95,2026-04-28T19:59:50Z
TRS,36.79,2026-04-28T19:59:59Z
TRST,47.63,2026-04-28T19:58:11Z
TRT,12.18,2026-04-28T19:56:32Z
TRTN-F,24.8,2026-04-28T14:57:46Z
TRTN-G,24.4,2026-04-28T16:16:43Z
TRTX,8.42,2026-04-28T19:59:48Z
TRTX-C,17.87,2026-04-28T15:39:25Z
TRTY,30.79,2026-04-28T15:29:43Z
TRU,70.105,2026-04-28T19:59:57Z
TRUC,26.42,2026-04-28T15:44:25Z
TRUD,26.16,2026-04-28T19:39:56Z
TRUG,2.355,2026-04-28T17:39:29Z
TRUP,24.935,2026-04-28T19:59:52Z
TRUT,28.025,2026-04-28T17:24:15Z
TRV,310.035,2026-04-28T19:59:49Z
TRVG,2.86,2026-04-28T18:45:02Z
TRVI,13.83,2026-04-28T19:59:58Z
TRX,1.12,2026-04-28T19:54:03Z
TS,63.16,2026-04-28T19:59:49Z
TSAT,45.7,2026-04-28T19:59:57Z
TSBK,41.82,2026-04-28T18:24:14Z
TSCO,35.58,2026-04-28T19:59:56Z
TSCV,30.45,2026-04-28T17:17:10Z
TSDD,9.79,2026-04-28T19:59:50Z
TSEM,193.545,2026-04-28T19:59:59Z
TSES,30.82,2026-04-28T19:59:50Z
TSHA,6.295,2026-04-28T19:59:57Z
TSI,4.56,2026-04-28T18:16:39Z
TSIC,25.44,2026-04-28T19:59:46Z
TSII,17.75,2026-04-28T19:59:50Z
TSL,14.69,2026-04-28T19:59:59Z
TSLA,376.11,2026-04-28T19:59:56Z
TSLG,5.98,2026-04-28T19:59:34Z
TSLI,22.87,2026-04-28T19:10:46Z
TSLL,12.14,2026-04-28T19:59:54Z
TSLP,17.84,2026-04-28T14:15:53Z
TSLQ,23.07,2026-04-28T19:59:41Z
TSLR,20.72,2026-04-28T19:59:09Z
TSLS,59.03,2026-04-28T19:59:40Z
TSLT,16.98,2026-04-28T19:59:31Z
TSLW,22.755,2026-04-28T16:42:00Z
TSLX,19,2026-04-28T19:59:50Z
TSLY,29.19,2026-04-28T19:58:21Z
TSLZ,14.88,2026-04-28T19:59:59Z
TSM,392.34,2026-04-28T19:59:57Z
TSME,45.98,2026-04-28T15:56:04Z
TSMG,36.25,2026-04-28T19:57:27Z
TSMU,66.24,2026-04-28T19:56:00Z
TSMX,75.18,2026-04-28T19:59:54Z
TSMY,16.66,2026-04-28T19:57:51Z
TSMZ,8.97,2026-04-28T19:59:50Z
TSN,64.12,2026-04-28T19:59:49Z
TSPA,44.95,2026-04-28T19:54:45Z
TSPY,25.03,2026-04-28T19:54:59Z
TSQ,6.34,2026-04-28T19:59:50Z
TSSI,15.2,2026-04-28T19:59:51Z
TSXD,11.23,2026-04-28T19:57:55Z
TSYY,3.17,2026-04-28T19:10:46Z
TT,480.91,2026-04-28T19:59:56Z
TTAM,16.3,2026-04-28T19:59:41Z
TTAN,60.695,2026-04-28T19:59:55Z
TTC,94.7,2026-04-28T19:59:43Z
TTD,23.25,2026-04-28T19:59:55Z
TTDU,4.91,2026-04-28T19:50:00Z
TTE,90.995,2026-04-28T19:59:32Z
TTEC,2.99,2026-04-28T19:59:32Z
TTEK,31.37,2026-04-28T19:59:57Z
TTEQ,36.77,2026-04-28T18:56:39Z
TTGT,5.83,2026-04-28T19:59:42Z
TTI,9.745,2026-04-28T19:59:58Z
TTMI,137.56,2026-04-28T19:59:56Z
TTWO,213.07,2026-04-28T19:59:53Z
TTXD,25.36,2026-04-28T15:38:55Z
TTXU,21.41,2026-04-28T14:50:31Z
TU,12.325,2026-04-28T19:59:40Z
TUA,21,2026-04-28T19:59:48Z
TUR,42.38,2026-04-28T19:50:01Z
TURB,1.86,2026-04-28T19:59:03Z
TUSI,25.405,2026-04-28T19:59:16Z
TUSK,2.825,2026-04-28T19:59:28Z
TUYA,2.29,2026-04-28T19:59:59Z
TV,2.835,2026-04-28T19:59:42Z
TVC,24.25,2026-04-28T18:30:06Z
TVRD,3.14,2026-04-28T19:31:15Z
TVTX,40.86,2026-04-28T19:59:54Z
TW,112.385,2026-04-28T19:59:58Z
TWAV,1.66,2026-04-28T19:59:54Z
TWFG,19.89,2026-04-28T19:59:50Z
TWG,3.45,2026-04-28T19:05:37Z
TWI,8.125,2026-04-28T19:59:57Z
TWIN,17.13,2026-04-28T19:53:18Z
TWLO,142.13,2026-04-28T19:59:54Z
TWM,25.435,2026-04-28T19:59:47Z
TWN,88.91,2026-04-28T19:19:59Z
TWO,11,2026-04-28T19:59:56Z
TWO-C,24.86,2026-04-28T19:47:22Z
TWST,59.225,2026-04-28T19:59:49Z
TX,43.35,2026-04-28T19:59:52Z
TXBC,15.72,2026-04-28T13:30:27Z
TXG,21.38,2026-04-28T19:59:51Z
TXN,264.95,2026-04-28T19:59:59Z
TXNM,58.98,2026-04-28T19:59:57Z
TXNU,44.51,2026-04-28T15:02:37Z
TXO,12.33,2026-04-28T19:58:48Z
TXRH,158.3,2026-04-28T19:59:57Z
TXT,88.13,2026-04-28T19:59:50Z
TXUE,33.87,2026-04-28T18:42:21Z
TY,33.92,2026-04-28T19:16:35Z
TYD,24.43,2026-04-28T19:57:32Z
TYG,48.41,2026-04-28T18:26:41Z
TYGO,4.985,2026-04-28T19:59:43Z
TYL,340.69,2026-04-28T19:59:26Z
TYO,13.69,2026-04-28T19:55:59Z
TYRA,35,2026-04-28T19:59:32Z
TZA,5.19,2026-04-28T19:59:59Z
TZOO,10.465,2026-04-28T19:59:12Z
U,26.55,2026-04-28T19:59:56Z
UA,6.2,2026-04-28T19:59:56Z
UAA,6.41,2026-04-28T19:59:58Z
UAE,19.73,2026-04-28T19:59:55Z
UAL,90.45,2026-04-28T19:59:57Z
UAMY,10.81,2026-04-28T19:59:57Z
UAN,134.17,2026-04-28T19:02:56Z
UAVS,1.05,2026-04-28T19:56:11Z
UBCP,16.21,2026-04-28T13:37:29Z
UBER,74.11,2026-04-28T19:59:55Z
UBND,21.805,2026-04-28T19:57:08Z
UBOT,26.545,2026-04-28T13:49:30Z
UBRL,16.55,2026-04-28T19:55:30Z
UBS,42.1,2026-04-28T19:59:50Z
UBSI,44.1,2026-04-28T19:59:38Z
UBXG,1.01,2026-04-28T13:50:46Z
UCAR,1.82,2026-04-28T19:58:55Z
UCB,33.645,2026-04-28T19:59:56Z
UCO,45.1,2026-04-28T19:59:54Z
UCON,24.89,2026-04-28T19:59:17Z
UCTT,78.24,2026-04-28T19:59:59Z
UDEC,40.66,2026-04-28T17:01:41Z
UDMY,5.165,2026-04-28T19:59:55Z
UDN,18.28,2026-04-28T18:35:15Z
UDOW,59.36,2026-04-28T19:58:55Z
UDR,36.19,2026-04-28T19:59:58Z
UE,22.11,2026-04-28T19:59:57Z
UEC,14.45,2026-04-28T19:59:59Z
UECG,9.32,2026-04-28T19:20:56Z
UEIC,4.23,2026-04-28T19:55:50Z
UFCS,41.525,2026-04-28T19:31:54Z
UFEB,37.78,2026-04-28T19:28:10Z
UFG,1.005,2026-04-28T19:56:31Z
UFI,3.625,2026-04-28T15:20:46Z
UFO,50.02,2026-04-28T19:59:21Z
UFPI,95.79,2026-04-28T19:59:15Z
UFPT,196.2,2026-04-28T19:18:54Z
UGA,113.69,2026-04-28T19:49:10Z
UGI,37.76,2026-04-28T19:59:54Z
UGL,58.67,2026-04-28T19:59:49Z
UGP,5.875,2026-04-28T19:59:59Z
UGRO,7.05,2026-04-28T18:33:23Z
UHAL,52.34,2026-04-28T19:39:28Z
UHAL.B,48.96,2026-04-28T19:59:54Z
UHG,1.19,2026-04-28T19:22:05Z
UHS,162.1,2026-04-28T19:59:38Z
UHT,40.815,2026-04-28T18:58:50Z
UI,961.9,2026-04-28T19:21:38Z
UIS,2.66,2026-04-28T19:59:54Z
UITB,47.01,2026-04-28T19:47:19Z
UJAN,44.3,2026-04-28T14:50:53Z
UK,0.2874,2026-04-28T19:57:06Z
UL,57.69,2026-04-28T19:59:55Z
ULBI,7.04,2026-04-28T18:24:11Z
ULCC,3.8,2026-04-28T19:59:54Z
ULH,24.3,2026-04-28T16:27:48Z
ULS,88.27,2026-04-28T19:59:54Z
ULST,40.485,2026-04-28T15:12:50Z
ULTA,538.25,2026-04-28T19:59:54Z
ULTI,12.87,2026-04-28T17:37:31Z
ULTY,31.27,2026-04-28T19:55:29Z
UMAC,14.5,2026-04-28T19:59:46Z
UMAY,37.35,2026-04-28T15:38:02Z
UMBF,125.51,2026-04-28T19:59:55Z
UMC,11.66,2026-04-28T19:59:55Z
UMDD,31.43,2026-04-28T19:55:05Z
UMH,15.62,2026-04-28T19:59:56Z
UMI,57.585,2026-04-28T15:13:47Z
UMMA,33.61,2026-04-28T19:56:01Z
UNCY,7.175,2026-04-28T19:59:55Z
UNF,257.605,2026-04-28T19:59:52Z
UNFI,48.095,2026-04-28T19:59:40Z
UNG,10.33,2026-04-28T19:59:45Z
UNH,366.74,2026-04-28T19:59:59Z
UNHG,18.24,2026-04-28T19:58:15Z
UNIT,11.48,2026-04-28T19:59:53Z
UNL,6.45,2026-04-28T18:00:18Z
UNM,77.805,2026-04-28T19:59:58Z
UNOV,39.05,2026-04-28T19:06:42Z
UNP,267.73,2026-04-28T19:59:58Z
UNTY,54.005,2026-04-28T19:26:24Z
UOCT,40.04,2026-04-28T19:36:05Z
UP,6.185,2026-04-28T19:59:18Z
UPB,9.52,2026-04-28T19:59:54Z
UPBD,19.07,2026-04-28T19:59:58Z
UPLD,0.6,2026-04-28T19:09:25Z
UPRO,125.76,2026-04-28T19:59:20Z
UPS,103.935,2026-04-28T19:59:55Z
UPST,32.88,2026-04-28T19:59:58Z
UPSX,22.64,2026-04-28T13:31:18Z
UPWK,10.37,2026-04-28T19:59:58Z
UPXI,1.315,2026-04-28T19:59:57Z
URA,54.245,2026-04-28T19:59:59Z
URAA,40.6,2026-04-28T16:49:50Z
URAN,46.34,2026-04-28T18:01:08Z
URBN,69.77,2026-04-28T19:59:53Z
URG,1.735,2026-04-28T19:59:55Z
URGN,24.07,2026-04-28T19:59:53Z
URI,962.95,2026-04-28T19:59:50Z
URNJ,30.83,2026-04-28T19:59:50Z
URNM,65.98,2026-04-28T19:59:50Z
UROY,3.68,2026-04-28T19:59:54Z
URTH,194.39,2026-04-28T19:59:55Z
URTY,68.51,2026-04-28T19:58:55Z
USA,5.775,2026-04-28T19:55:15Z
USAC,27.12,2026-04-28T19:58:48Z
USAF,27.39,2026-04-28T16:45:00Z
USAR,22.76,2026-04-28T19:59:49Z
USAS,5.67,2026-04-28T19:59:51Z
USAU,16.15,2026-04-28T19:58:24Z
USAX,24.56,2026-04-28T14:49:27Z
USB,56.23,2026-04-28T19:59:56Z
USB-R,15.91,2026-04-28T18:12:44Z
USBC,0.3697,2026-04-28T19:29:06Z
USCB,19.02,2026-04-28T19:55:13Z
USCI,98.47,2026-04-28T16:47:28Z
USD,78.15,2026-04-28T19:58:30Z
USDU,26.025,2026-04-28T19:59:52Z
USDX,25.75,2026-04-28T19:32:05Z
USEG,1.035,2026-04-28T19:59:46Z
USFD,90.39,2026-04-28T19:59:59Z
USFR,50.315,2026-04-28T19:57:28Z
USGG,17.2,2026-04-28T18:28:53Z
USGO,13.025,2026-04-28T19:22:17Z
USGOW,0.2969,2026-04-28T14:21:31Z
USHY,37.21,2026-04-28T19:59:57Z
USIG,51.395,2026-04-28T19:57:15Z
USLM,129.84,2026-04-28T19:57:24Z
USMV,93.785,2026-04-28T19:59:50Z
USNA,19.58,2026-04-28T19:57:15Z
USO,139.58,2026-04-28T19:59:59Z
USOI,56.26,2026-04-28T17:41:31Z
USOY,8.915,2026-04-28T19:06:24Z
USPH,72.56,2026-04-28T19:47:00Z
USPX,62.11,2026-04-28T17:35:08Z
USRT,64.01,2026-04-28T19:52:22Z
USSG,66.02,2026-04-28T19:59:46Z
USTB,50.675,2026-04-28T19:59:45Z
USVM,102.41,2026-04-28T17:45:24Z
USXF,62.71,2026-04-28T19:59:32Z
UTEN,43.42,2026-04-28T18:03:24Z
UTES,83.05,2026-04-28T19:53:20Z
UTF,26.46,2026-04-28T19:58:42Z
UTG,42.36,2026-04-28T19:59:51Z
UTHR,569.51,2026-04-28T19:59:46Z
UTI,35.54,2026-04-28T19:59:44Z
UTL,52.97,2026-04-28T19:14:53Z
UTSL,49.43,2026-04-28T19:57:44Z
UTZ,8,2026-04-28T19:59:55Z
UUP,27.535,2026-04-28T19:59:54Z
UUU,6.075,2026-04-28T13:30:00Z
UUUG,12.34,2026-04-28T19:35:56Z
UUUU,20.61,2026-04-28T19:59:55Z
UVE,41.16,2026-04-28T19:57:11Z
UVIX,5.37,2026-04-28T19:59:38Z
UVSP,38.27,2026-04-28T19:59:59Z
UVV,53.89,2026-04-28T19:59:39Z
UVXY,36.785,2026-04-28T19:59:57Z
UWM,56.66,2026-04-28T19:10:54Z
UWMC,3.65,2026-04-28T19:59:56Z
UXIN,2.97,2026-04-28T19:59:54Z
UXRP,3.81,2026-04-28T19:59:50Z
UYLD,51.23,2026-04-28T16:12:02Z
UZE,18.05,2026-04-28T13:33:21Z
V,309.315,2026-04-28T19:59:56Z
VABK,42.56,2026-04-28T16:39:29Z
VAC,71.26,2026-04-28T19:59:53Z
VAL,102.07,2026-04-28T19:59:49Z
VALE,16.93,2026-04-28T19:59:59Z
VALN,5.59,2026-04-28T14:25:06Z
VANI,1.375,2026-04-28T19:59:52Z
VATE,12.175,2026-04-28T19:21:01Z
VAW,231.235,2026-04-28T14:35:22Z
VB,280.7,2026-04-28T19:59:52Z
VBCB,75.57,2026-04-28T17:20:40Z
VBF,15.03,2026-04-28T19:52:57Z
VBIL,75.65,2026-04-28T19:51:43Z
VBIO,0.9299,2026-04-28T19:14:19Z
VBK,328.46,2026-04-28T18:17:53Z
VBNK,18.325,2026-04-28T18:33:14Z
VBR,230.65,2026-04-28T19:59:55Z
VC,110.37,2026-04-28T19:59:59Z
VCEL,35.67,2026-04-28T19:59:57Z
VCIG,0.9884,2026-04-28T19:37:59Z
VCIT,83.035,2026-04-28T19:59:58Z
VCLT,75.11,2026-04-28T19:59:59Z
VCR,389.09,2026-04-28T19:59:52Z
VCRB,77.505,2026-04-28T19:56:18Z
VCRM,75.92,2026-04-28T19:59:49Z
VCSH,79.34,2026-04-28T19:59:52Z
VCTR,76.21,2026-04-28T19:58:41Z
VCV,10.69,2026-04-28T19:25:53Z
VCX,78.28,2026-04-28T19:57:33Z
VCYT,33.46,2026-04-28T19:59:59Z
VDC,228.505,2026-04-28T13:50:57Z
VDE,164.245,2026-04-28T19:53:51Z
VDG,74.23,2026-04-28T16:48:15Z
VDV,74.15,2026-04-28T15:11:06Z
VEA,67.73,2026-04-28T19:59:59Z
VECO,47.855,2026-04-28T19:59:56Z
VEEA,0.522,2026-04-28T17:15:41Z
VEEE,0.1885,2026-04-28T19:58:37Z
VEEV,158.425,2026-04-28T19:59:49Z
VEGI,44.86,2026-04-28T16:04:46Z
VEL,19.8,2026-04-28T19:53:22Z
VELO,13.635,2026-04-28T19:58:43Z
VEMY,28.59,2026-04-28T17:40:52Z
VENU,3.865,2026-04-28T19:59:53Z
VEON,50.4,2026-04-28T19:29:10Z
VERA,37.1,2026-04-28T19:59:49Z
VERI,2.175,2026-04-28T19:59:47Z
VERX,12.635,2026-04-28T19:59:49Z
VET,13.06,2026-04-28T19:59:50Z
VEU,79.76,2026-04-28T19:59:50Z
VFC,18.725,2026-04-28T19:59:57Z
VFF,2.795,2026-04-28T19:58:21Z
VFH,127.71,2026-04-28T19:55:17Z
VFL,10.1,2026-04-28T19:58:56Z
VFLO,41.45,2026-04-28T19:47:56Z
VFMO,218.7,2026-04-28T19:10:57Z
VFS,4.06,2026-04-28T19:59:29Z
VG,12.155,2026-04-28T19:59:59Z
VGHY,75.17,2026-04-28T15:21:27Z
VGI,7.57,2026-04-28T15:03:20Z
VGIT,59.445,2026-04-28T19:59:46Z
VGK,86.145,2026-04-28T19:59:55Z
VGLT,55.2,2026-04-28T19:58:58Z
VGM,10.08,2026-04-28T19:59:15Z
VGNT,34.23,2026-04-28T19:59:52Z
VGSH,58.495,2026-04-28T18:59:52Z
VGSR,11.06,2026-04-28T15:16:04Z
VGT,102.67,2026-04-28T19:59:51Z
VGUS,75.66,2026-04-28T19:59:46Z
VGZ,2.13,2026-04-28T19:59:58Z
VHC,14.925,2026-04-28T13:55:17Z
VHT,268.8,2026-04-28T19:59:39Z
VHUB,0.6882,2026-04-28T18:49:13Z
VIA,15.405,2026-04-28T19:59:42Z
VIAV,43.16,2026-04-28T19:59:56Z
VICI,28.65,2026-04-28T19:59:59Z
VICR,248.68,2026-04-28T19:58:16Z
VIG,225.38,2026-04-28T19:55:00Z
VIGI,91.31,2026-04-28T19:46:20Z
VIK,79.565,2026-04-28T19:59:54Z
VINP,10.99,2026-04-28T19:58:24Z
VIOG,136.68,2026-04-28T19:57:15Z
VIOO,125.455,2026-04-28T19:59:50Z
VIOT,1,2026-04-28T17:56:36Z
VIOV,110.6,2026-04-28T14:53:13Z
VIPS,14.125,2026-04-28T19:59:58Z
VIR,10.27,2026-04-28T19:59:56Z
VIRC,6.195,2026-04-28T19:55:58Z
VIRT,48.94,2026-04-28T19:59:55Z
VIS,332.81,2026-04-28T19:52:25Z
VISN,9.895,2026-04-28T19:59:55Z
VIST,73.18,2026-04-28T19:58:56Z
VITL,12.96,2026-04-28T19:59:49Z
VIV,15.675,2026-04-28T19:59:49Z
VIVK,2.325,2026-04-28T19:43:56Z
VIVO,3.13,2026-04-28T19:58:17Z
VIVS,1.47,2026-04-28T16:49:50Z
VIXM,15.835,2026-04-28T19:55:22Z
VIXY,27.37,2026-04-28T19:59:38Z
VKI,8.69,2026-04-28T17:50:40Z
VKQ,9.63,2026-04-28T19:52:32Z
VKTX,32.37,2026-04-28T19:59:53Z
VLGEA,42.61,2026-04-28T19:29:44Z
VLN,1.53,2026-04-28T19:59:53Z
VLO,240.26,2026-04-28T19:59:30Z
VLRS,7.21,2026-04-28T19:59:54Z
VLTO,85.625,2026-04-28T19:59:58Z
VLU,229.11,2026-04-28T19:49:34Z
VLUE,162.04,2026-04-28T19:59:57Z
VLY,13.615,2026-04-28T19:59:53Z
VMAR,1.12,2026-04-28T19:51:38Z
VMBS,47,2026-04-28T19:59:51Z
VMC,291.575,2026-04-28T19:59:53Z
VMD,10.06,2026-04-28T19:59:52Z
VMET,12.03,2026-04-28T19:59:49Z
VMI,497.06,2026-04-28T19:59:53Z
VMO,9.645,2026-04-28T19:55:17Z
VNCE,4.82,2026-04-28T19:58:01Z
VNDA,6.84,2026-04-28T19:59:59Z
VNET,8.51,2026-04-28T19:59:55Z
VNLA,49.075,2026-04-28T18:32:38Z
VNM,19.125,2026-04-28T19:59:56Z
VNME,10.15,2026-04-28T19:33:13Z
VNO,30.305,2026-04-28T19:59:53Z
VNO-L,17.54,2026-04-28T19:58:20Z
VNO-M,17.2,2026-04-28T19:58:21Z
VNO-N,16.19,2026-04-28T19:58:20Z
VNO-O,14.69,2026-04-28T19:58:20Z
VNOM,47.83,2026-04-28T19:59:51Z
VNQ,95.625,2026-04-28T19:59:52Z
VNQI,46.77,2026-04-28T19:59:50Z
VNRX,2.72,2026-04-28T19:55:15Z
VNT,35.425,2026-04-28T19:59:49Z
VO,76.02,2026-04-28T19:59:47Z
VOC,3.49,2026-04-28T19:36:44Z
VOD,15.5,2026-04-28T19:59:58Z
VOE,192.1,2026-04-28T19:59:50Z
VOLT,38.64,2026-04-28T19:59:50Z
VONE,321.91,2026-04-28T19:58:43Z
VONG,122.52,2026-04-28T19:59:53Z
VONV,99.6,2026-04-28T19:59:51Z
VOO,654.22,2026-04-28T19:59:55Z
VOOG,77.61,2026-04-28T19:59:50Z
VOOV,212.61,2026-04-28T19:59:37Z
VOR,14.35,2026-04-28T19:59:36Z
VOT,278.29,2026-04-28T19:50:33Z
VOX,194.98,2026-04-28T19:59:45Z
VOXR,5.345,2026-04-28T19:59:36Z
VOYA,81.645,2026-04-28T19:59:53Z
VOYG,26.61,2026-04-28T19:59:54Z
VPG,57.33,2026-04-28T19:59:49Z
VPL,105.045,2026-04-28T19:59:58Z
VPLS,77.785,2026-04-28T19:55:35Z
VPU,200.06,2026-04-28T19:51:04Z
VPV,10.685,2026-04-28T19:55:18Z
VRA,4.14,2026-04-28T19:59:50Z
VRAX,0.1345,2026-04-28T19:41:52Z
VRDN,13.62,2026-04-28T19:59:59Z
VRE,18.97,2026-04-28T19:59:59Z
VREX,12.07,2026-04-28T19:59:57Z
VRIG,25.045,2026-04-28T19:59:25Z
VRM,15.595,2026-04-28T19:30:03Z
VRNS,25.44,2026-04-28T19:59:57Z
VRP,24.325,2026-04-28T19:59:59Z
VRRM,15.28,2026-04-28T19:59:59Z
VRSK,176.59,2026-04-28T19:59:58Z
VRSN,270.49,2026-04-28T19:59:56Z
VRT,305.08,2026-04-28T19:59:57Z
VRTL,140.36,2026-04-28T16:01:47Z
VRTS,145.54,2026-04-28T19:50:02Z
VRTX,430.14,2026-04-28T19:59:57Z
VSA,0.7299,2026-04-28T19:59:39Z
VSAT,58.07,2026-04-28T19:59:59Z
VSCO,51.74,2026-04-28T19:59:54Z
VSDB,76.47,2026-04-28T14:53:34Z
VSDM,76.55,2026-04-28T19:59:45Z
VSEC,176.02,2026-04-28T19:58:39Z
VSEE,0.1929,2026-04-28T19:35:56Z
VSGX,76.88,2026-04-28T19:55:34Z
VSH,26.735,2026-04-28T19:59:59Z
VSNT,39.15,2026-04-28T19:59:55Z
VSS,155.84,2026-04-28T19:59:01Z
VST,161.04,2026-04-28T19:59:58Z
VSTL,32.12,2026-04-28T19:28:22Z
VSTM,5.45,2026-04-28T19:59:52Z
VSTS,9.62,2026-04-28T19:59:59Z
VT,149.445,2026-04-28T19:59:50Z
VTAK,0.96,2026-04-28T16:54:35Z
VTC,77.05,2026-04-28T19:59:47Z
VTEB,50.395,2026-04-28T19:59:52Z
VTEC,100.1,2026-04-28T19:58:00Z
VTEI,100.865,2026-04-28T19:55:21Z
VTEL,104.035,2026-04-28T19:59:55Z
VTES,101.315,2026-04-28T19:59:59Z
VTEX,3.98,2026-04-28T19:59:56Z
VTG,75.61,2026-04-28T19:59:45Z
VTGN,0.5934,2026-04-28T19:59:30Z
VTHR,314.68,2026-04-28T13:40:06Z
VTI,350.575,2026-04-28T19:59:50Z
VTIP,50.365,2026-04-28T19:59:48Z
VTIX,3.575,2026-04-28T19:58:16Z
VTMX,35.625,2026-04-28T19:59:22Z
VTOL,49.05,2026-04-28T19:59:47Z
VTR,87.53,2026-04-28T19:59:54Z
VTRS,14.83,2026-04-28T19:59:56Z
VTS,18.705,2026-04-28T19:59:55Z
VTSI,4.51,2026-04-28T18:20:11Z
VTV,203.48,2026-04-28T19:59:59Z
VTVT,31.94,2026-04-28T19:59:14Z
VTWO,110.66,2026-04-28T19:59:59Z
VTWV,182.1,2026-04-28T19:54:45Z
VUG,82.75,2026-04-28T19:59:54Z
VUSB,49.825,2026-04-28T19:59:56Z
VUZI,2.42,2026-04-28T19:59:47Z
VV,327.15,2026-04-28T19:59:59Z
VVR,3.145,2026-04-28T19:45:47Z
VVV,32.405,2026-04-28T19:59:32Z
VVX,64.775,2026-04-28T19:58:48Z
VWAV,6.05,2026-04-28T19:59:31Z
VWO,58.32,2026-04-28T19:59:59Z
VWOB,66.975,2026-04-28T19:55:53Z
VXF,223.41,2026-04-28T19:59:57Z
VXUS,81.86,2026-04-28T19:59:53Z
VXX,28.33,2026-04-28T19:59:55Z
VXZ,55.49,2026-04-28T19:53:29Z
VYGR,3.77,2026-04-28T19:59:46Z
VYM,154.3,2026-04-28T19:59:27Z
VYMI,97.83,2026-04-28T19:59:58Z
VYNE,0.6381,2026-04-28T19:53:08Z
VYX,7.07,2026-04-28T19:59:56Z
VZ,47.25,2026-04-28T19:59:59Z
VZLA,3.445,2026-04-28T19:59:53Z
W,73.61,2026-04-28T19:59:50Z
WAB,263.27,2026-04-28T19:59:45Z
WABC,55.07,2026-04-28T19:59:52Z
WAFD,35.595,2026-04-28T19:59:31Z
WAL,80.435,2026-04-28T19:59:49Z
WALD,0.7653,2026-04-28T19:25:47Z
WANT,44.29,2026-04-28T19:10:46Z
WAR,28.41,2026-04-28T14:50:17Z
WASH,32.03,2026-04-28T19:59:26Z
WAT,300.72,2026-04-28T19:59:53Z
WATT,32.92,2026-04-28T19:59:49Z
WAVE,7.6,2026-04-28T17:18:23Z
WAY,25.22,2026-04-28T19:59:46Z
WB,8.13,2026-04-28T19:59:50Z
WBD,26.95,2026-04-28T19:59:59Z
WBI,28.6,2026-04-28T19:59:58Z
WBIF,32.56,2026-04-28T19:59:46Z
WBIG,24.17,2026-04-28T16:09:15Z
WBS,72.03,2026-04-28T19:59:57Z
WBS-G,24.01,2026-04-28T19:09:01Z
WBTN,12.18,2026-04-28T19:59:53Z
WBUY,1.375,2026-04-28T17:51:54Z
WCBR,26.08,2026-04-28T15:14:45Z
WCC,306.56,2026-04-28T19:59:53Z
WCLD,27.24,2026-04-28T19:59:50Z
WCME,18.45,2026-04-28T19:02:17Z
WCMI,18.06,2026-04-28T19:59:50Z
WCN,163.62,2026-04-28T19:59:55Z
WCPB,25.485,2026-04-28T19:06:09Z
WD,51.515,2026-04-28T19:59:50Z
WDAF,36.14,2026-04-28T19:49:40Z
WDAY,121.205,2026-04-28T19:59:54Z
WDC,391.08,2026-04-28T19:59:58Z
WDCX,55.635,2026-04-28T19:50:09Z
WDEF,29.76,2026-04-28T18:30:33Z
WDFC,219.52,2026-04-28T19:59:59Z
WDGF,32.12,2026-04-28T14:30:48Z
WDH,1.68,2026-04-28T19:09:45Z
WDI,13.69,2026-04-28T19:56:35Z
WDS,23.27,2026-04-28T19:59:58Z
WEAT,24.72,2026-04-28T19:59:58Z
WEAV,4.99,2026-04-28T19:59:40Z
WEBL,22.68,2026-04-28T19:55:00Z
WEBS,21.09,2026-04-28T17:01:57Z
WEC,115.77,2026-04-28T19:59:48Z
WEED,21.86,2026-04-28T13:59:24Z
WEEI,23.86,2026-04-28T18:19:24Z
WELL,214.7,2026-04-28T19:59:53Z
WEN,6.8,2026-04-28T19:59:57Z
WEPN,44.46,2026-04-28T19:24:12Z
WERN,34.41,2026-04-28T19:59:58Z
WES,41.45,2026-04-28T19:59:55Z
WEST,5.64,2026-04-28T19:59:56Z
WETH,1.86,2026-04-28T18:59:11Z
WEX,152.61,2026-04-28T19:59:35Z
WF,67.85,2026-04-28T19:58:11Z
WFC,81.5,2026-04-28T19:59:59Z
WFC-C,17.565,2026-04-28T17:20:24Z
WFC-D,17.34,2026-04-28T17:01:41Z
WFC-L,1199.995,2026-04-28T19:54:09Z
WFC-Y,24.06,2026-04-28T17:12:25Z
WFC-Z,19.09,2026-04-28T16:33:21Z
WFG,64.07,2026-04-28T19:59:55Z
WFRD,110.36,2026-04-28T19:59:52Z
WGMI,46.28,2026-04-28T19:53:36Z
WGO,32.51,2026-04-28T19:59:42Z
WGRX,0.1161,2026-04-28T19:59:39Z
WGS,66.19,2026-04-28T19:59:37Z
WH,85.47,2026-04-28T19:59:58Z
WHD,55.9,2026-04-28T19:59:54Z
WHF,7.63,2026-04-28T19:36:06Z
WHLR,1.9,2026-04-28T18:49:51Z
WHR,55.2,2026-04-28T19:59:51Z
WHWK,4.135,2026-04-28T19:59:52Z
WIA,8.1,2026-04-28T16:26:16Z
WIMI,1.76,2026-04-28T19:56:45Z
WINA,374.19,2026-04-28T19:55:16Z
WING,173.13,2026-04-28T19:59:54Z
WINN,31.33,2026-04-28T19:59:38Z
WIP,40.49,2026-04-28T18:34:30Z
WIT,2.02,2026-04-28T19:59:56Z
WIW,8.505,2026-04-28T19:59:33Z
WIX,77.55,2026-04-28T19:59:57Z
WK,54.18,2026-04-28T19:59:56Z
WKC,26.805,2026-04-28T19:59:21Z
WKHS,2.435,2026-04-28T19:58:23Z
WKSP,1.06,2026-04-28T15:21:07Z
WLAC,16.31,2026-04-28T19:59:55Z
WLACW,6.43,2026-04-28T19:05:59Z
WLDN,72.56,2026-04-28T19:58:52Z
WLDS,1.12,2026-04-28T19:59:43Z
WLFC,190.835,2026-04-28T19:55:37Z
WLK,110.345,2026-04-28T19:59:57Z
WLKP,22.78,2026-04-28T18:19:43Z
WLTG,36.47,2026-04-28T18:13:36Z
WLTH,10.705,2026-04-28T19:59:40Z
WLY,41.02,2026-04-28T19:59:59Z
WM,227.04,2026-04-28T19:59:54Z
WMB,73.05,2026-04-28T19:59:53Z
WMG,28.55,2026-04-28T19:59:50Z
WMK,69.67,2026-04-28T17:03:09Z
WMS,149.47,2026-04-28T19:59:42Z
WMT,127.595,2026-04-28T19:59:54Z
WNC,8.36,2026-04-28T19:59:52Z
WNEB,14.21,2026-04-28T17:05:57Z
WNTR,24.11,2026-04-28T19:57:04Z
WNW,3.275,2026-04-28T15:55:55Z
WOLF,25.77,2026-04-28T19:59:51Z
WOOF,2.92,2026-04-28T19:59:09Z
WOR,55.66,2026-04-28T19:59:53Z
WPC,72.65,2026-04-28T19:59:50Z
WPM,129.37,2026-04-28T19:59:51Z
WPP,17.62,2026-04-28T19:59:41Z
WPRT,1.975,2026-04-28T19:59:35Z
WQTM,30.27,2026-04-28T19:45:48Z
WRAP,1.575,2026-04-28T19:56:52Z
WRB,67.11,2026-04-28T19:59:52Z
WRB-F,19.52,2026-04-28T18:48:14Z
WRB-G,16.49,2026-04-28T17:39:35Z
WRBY,22.53,2026-04-28T19:59:49Z
WRD,7.82,2026-04-28T19:59:58Z
WRLD,156.255,2026-04-28T17:38:05Z
WRN,2.745,2026-04-28T19:59:43Z
WRND,40.45,2026-04-28T14:11:32Z
WRTH,25.045,2026-04-28T19:55:25Z
WS,37.71,2026-04-28T19:57:15Z
WSBC,34.745,2026-04-28T19:59:45Z
WSBF,18.25,2026-04-28T19:59:33Z
WSBK,12.9,2026-04-28T17:14:49Z
WSC,22.86,2026-04-28T19:59:54Z
WSFS,72.47,2026-04-28T19:59:55Z
WSHP,9.765,2026-04-28T15:43:23Z
WSM,187.315,2026-04-28T19:59:42Z
WSO,438.23,2026-04-28T19:59:54Z
WSR,18.92,2026-04-28T19:59:59Z
WST,292.26,2026-04-28T19:59:49Z
WT,16.725,2026-04-28T19:59:59Z
WTAI,34.51,2026-04-28T19:59:31Z
WTBA,24.47,2026-04-28T19:43:33Z
WTBN,25.265,2026-04-28T14:41:36Z
WTFC,150.55,2026-04-28T19:59:59Z
WTI,3.995,2026-04-28T19:59:51Z
WTID,4.87,2026-04-28T19:32:00Z
WTIU,17.86,2026-04-28T16:50:17Z
WTM,2261.76,2026-04-28T19:50:05Z
WTMF,40.65,2026-04-28T19:49:34Z
WTPI,32.69,2026-04-28T16:56:37Z
WTRG,39.63,2026-04-28T19:59:54Z
WTS,298.12,2026-04-28T19:59:54Z
WTTR,16.51,2026-04-28T19:59:55Z
WTV,97.855,2026-04-28T19:32:09Z
WTW,290.89,2026-04-28T19:59:56Z
WU,8.945,2026-04-28T19:59:58Z
WULF,20.82,2026-04-28T19:59:59Z
WULX,36.145,2026-04-28T19:20:32Z
WVE,7.52,2026-04-28T19:59:59Z
WW,9.875,2026-04-28T19:58:00Z
WWD,363.64,2026-04-28T19:59:21Z
WWJD,38.99,2026-04-28T19:59:45Z
WWR,0.642,2026-04-28T19:59:50Z
WWW,17.27,2026-04-28T19:59:59Z
WXET,21.76,2026-04-28T14:10:32Z
WY,24.82,2026-04-28T19:59:57Z
WYFI,15.56,2026-04-28T19:59:58Z
WYHG,0.8422,2026-04-28T19:58:44Z
WYNN,106.21,2026-04-28T19:59:52Z
WYY,6.28,2026-04-28T19:48:34Z
XAGG,50.46,2026-04-28T19:49:59Z
XAIR,0.4888,2026-04-28T13:57:48Z
XAR,255.12,2026-04-28T19:59:57Z
XBAP,40.93,2026-04-28T19:56:53Z
XBB,41,2026-04-28T19:59:00Z
XBI,131.145,2026-04-28T19:59:54Z
XBIL,50.025,2026-04-28T19:59:45Z
XBIT,2.55,2026-04-28T19:52:54Z
XBJL,39.35,2026-04-28T18:31:33Z
XBOC,34.55,2026-04-28T14:21:48Z
XBP,2.9,2026-04-28T19:57:37Z
XBTY,6.97,2026-04-28T19:59:46Z
XC,32.105,2026-04-28T18:20:18Z
XCCC,37.115,2026-04-28T19:44:25Z
XCEM,46.54,2026-04-28T19:59:53Z
XCUR,3.49,2026-04-28T18:44:35Z
XDEC,41.87,2026-04-28T17:01:41Z
XDEF,21.8,2026-04-28T19:15:45Z
XDIV,28.91,2026-04-28T17:22:29Z
XDQQ,39.74,2026-04-28T14:34:10Z
XDSQ,41.91,2026-04-28T14:34:10Z
XDTE,38.87,2026-04-28T19:59:54Z
XE,34.08,2026-04-28T19:59:52Z
XEL,79.505,2026-04-28T19:59:57Z
XELLL,24.51,2026-04-28T18:20:06Z
XEMD,44.72,2026-04-28T19:53:40Z
XENE,54.49,2026-04-28T19:59:45Z
XERS,6.09,2026-04-28T19:59:56Z
XES,128.32,2026-04-28T19:59:50Z
XFLT,18.415,2026-04-28T18:10:07Z
XFOR,4.13,2026-04-28T19:59:52Z
XGN,2.74,2026-04-28T19:59:03Z
XHB,106.9,2026-04-28T19:59:54Z
XHE,81.45,2026-04-28T15:34:06Z
XHLF,50.32,2026-04-28T19:59:07Z
XHR,16.11,2026-04-28T19:59:50Z
XIFR,10.35,2026-04-28T19:59:56Z
XIMR,31.49,2026-04-28T14:50:53Z
XITK,165.995,2026-04-28T19:56:49Z
XJH,48.54,2026-04-28T17:29:52Z
XJUL,40.02,2026-04-28T15:10:53Z
XJUN,43.95,2026-04-28T18:31:33Z
XLB,51.405,2026-04-28T19:59:51Z
XLC,115.75,2026-04-28T19:59:59Z
XLE,57.73,2026-04-28T19:59:59Z
XLEI,26.79,2026-04-28T14:41:37Z
XLF,51.86,2026-04-28T19:59:59Z
XLG,60.63,2026-04-28T19:59:53Z
XLI,171,2026-04-28T19:59:58Z
XLK,157.85,2026-04-28T19:59:59Z
XLKI,26.23,2026-04-28T14:55:51Z
XLO,8.075,2026-04-28T18:28:22Z
XLP,83.095,2026-04-28T19:59:58Z
XLRE,43.92,2026-04-28T19:59:59Z
XLSR,62.2,2026-04-28T14:48:15Z
XLU,46.245,2026-04-28T19:59:58Z
XLUI,25.16,2026-04-28T18:52:25Z
XLV,143.81,2026-04-28T19:59:59Z
XLVI,24.55,2026-04-28T18:41:19Z
XLY,117.015,2026-04-28T19:59:57Z
XMAR,41.9,2026-04-28T18:42:49Z
XME,117.04,2026-04-28T19:59:54Z
XMHQ,106.65,2026-04-28T19:59:57Z
XMLV,65.86,2026-04-28T14:25:05Z
XMMO,156.31,2026-04-28T19:58:41Z
XMPT,21.73,2026-04-28T18:17:59Z
XMTR,46.48,2026-04-28T19:59:36Z
XNCR,12.16,2026-04-28T19:59:57Z
XNDU,27.79,2026-04-28T19:58:58Z
XNET,6.28,2026-04-28T19:59:25Z
XNTK,304.03,2026-04-28T19:59:38Z
XOCT,38.67,2026-04-28T19:52:04Z
XOM,150.55,2026-04-28T19:59:54Z
XOMA,40.93,2026-04-28T19:59:50Z
XOMO,12.08,2026-04-28T19:58:30Z
XONE,49.505,2026-04-28T19:52:10Z
XOP,171.62,2026-04-28T19:59:50Z
XOVR,18.49,2026-04-28T19:59:51Z
XP,19.28,2026-04-28T19:59:54Z
XPAY,52.55,2026-04-28T19:57:18Z
XPEG,7.99,2026-04-28T16:03:57Z
XPEL,46.11,2026-04-28T19:56:19Z
XPER,6.58,2026-04-28T19:59:58Z
XPEV,16.16,2026-04-28T19:59:59Z
XPL,0.815,2026-04-28T15:38:29Z
XPO,222,2026-04-28T19:59:58Z
XPOF,6.48,2026-04-28T19:59:54Z
XPON,0.7106,2026-04-28T19:59:41Z
XPRO,18,2026-04-28T19:59:48Z
XQQI,49.46,2026-04-28T19:10:02Z
XRAY,11.79,2026-04-28T19:59:56Z
XRMI,17.13,2026-04-28T19:58:31Z
XRN,35.83,2026-04-28T19:58:08Z
XRP,15.5,2026-04-28T19:51:57Z
XRPC,14.69,2026-04-28T19:59:50Z
XRPI,7.76,2026-04-28T19:57:19Z
XRPM,14.285,2026-04-28T16:08:14Z
XRPR,11.295,2026-04-28T13:30:51Z
XRPT,41.8,2026-04-28T19:59:23Z
XRPZ,15.025,2026-04-28T19:59:46Z
XRT,84.48,2026-04-28T19:59:59Z
XRTX,2.82,2026-04-28T19:13:50Z
XRX,1.6,2026-04-28T19:59:48Z
XRXDW,0.11,2026-04-28T17:37:24Z
XSD,443.83,2026-04-28T19:59:50Z
XSHD,13.825,2026-04-28T19:19:27Z
XSHQ,45.265,2026-04-28T19:34:12Z
XSMO,84.94,2026-04-28T19:58:31Z
XSOE,44.55,2026-04-28T19:59:56Z
XSVM,66.02,2026-04-28T13:53:38Z
XSW,150.815,2026-04-28T19:58:59Z
XT,74.915,2026-04-28T19:59:46Z
XTEN,45.765,2026-04-28T19:55:21Z
XTIA,1.915,2026-04-28T19:59:48Z
XTL,210.55,2026-04-28T19:20:22Z
XTLB,2.32,2026-04-28T15:37:36Z
XTN,104.66,2026-04-28T16:14:54Z
XTNT,0.5525,2026-04-28T17:41:31Z
XUSP,49.46,2026-04-28T19:40:39Z
XV,24.4,2026-04-28T17:45:10Z
XWEL,1.18,2026-04-28T19:55:53Z
XWIN,7.49,2026-04-28T19:59:49Z
XXI,7.95,2026-04-28T19:59:51Z
XXII,1.695,2026-04-28T17:09:19Z
XXRP,3.97,2026-04-28T19:59:57Z
XXV,23.2,2026-04-28T15:00:18Z
XYF,4.915,2026-04-28T19:53:18Z
XYL,117.845,2026-04-28T19:59:47Z
XYLD,40.08,2026-04-28T19:54:09Z
XYLG,27.83,2026-04-28T17:20:35Z
XYZ,69.54,2026-04-28T19:59:57Z
XYZY,27.77,2026-04-28T14:47:59Z
XZO,16.7,2026-04-28T19:59:56Z
YAAS,1.505,2026-04-28T19:59:38Z
YALA,6.755,2026-04-28T19:59:44Z
YANG,28.28,2026-04-28T19:54:25Z
YBST,15.405,2026-04-28T15:22:11Z
YCBD,0.9258,2026-04-28T19:54:42Z
YCS,54.08,2026-04-28T19:59:46Z
YCY,10.1,2026-04-28T14:18:14Z
YDDL,5.09,2026-04-28T19:59:45Z
YDEC,26.86,2026-04-28T15:57:50Z
YDKG,0.89,2026-04-28T18:37:18Z
YEAR,50.445,2026-04-28T18:56:26Z
YELP,27.75,2026-04-28T19:59:52Z
YETH,11.73,2026-04-28T14:02:15Z
YETI,39.42,2026-04-28T19:59:59Z
YEXT,3.93,2026-04-28T19:59:36Z
YHC,0.8206,2026-04-28T19:59:10Z
YI,6.64,2026-04-28T19:32:09Z
YIBO,1.23,2026-04-28T13:37:41Z
YINN,33.36,2026-04-28T19:59:30Z
YJUN,26.4,2026-04-28T19:59:46Z
YLD,19.06,2026-04-28T16:49:48Z
YLDE,55.54,2026-04-28T19:31:04Z
YMAG,13.01,2026-04-28T19:59:28Z
YMAT,0.2603,2026-04-28T19:16:33Z
YMAX,8.43,2026-04-28T19:45:03Z
YMM,8.645,2026-04-28T19:59:55Z
YMT,0.1895,2026-04-28T19:05:34Z
YOLO,3.24,2026-04-28T19:52:08Z
YOOV,1.53,2026-04-28T19:52:36Z
YORW,29.755,2026-04-28T19:59:46Z
YOU,53.77,2026-04-28T19:59:54Z
YOUL,0.9659,2026-04-28T19:54:22Z
YPF,43.37,2026-04-28T19:59:51Z
YRD,2.06,2026-04-28T17:15:03Z
YSG,2.83,2026-04-28T19:59:22Z
YSPY,15.2,2026-04-28T19:58:17Z
YSS,32.02,2026-04-28T19:59:40Z
YSWY,24.44,2026-04-28T19:59:50Z
YSXT,1.07,2026-04-28T19:55:35Z
YTRA,1.035,2026-04-28T19:53:09Z
YUM,156.515,2026-04-28T19:59:49Z
YUMC,47.34,2026-04-28T19:59:48Z
YXT,0.5976,2026-04-28T13:49:06Z
YYAI,0.7501,2026-04-28T19:52:55Z
YYGH,1.34,2026-04-28T19:58:57Z
YYY,11.535,2026-04-28T19:58:41Z
Z,44.77,2026-04-28T19:59:49Z
ZALT,33.42,2026-04-28T19:14:01Z
ZAP,33.65,2026-04-28T19:58:30Z
ZAPR,26.45,2026-04-28T18:41:36Z
ZBAO,0.6512,2026-04-28T19:38:42Z
ZBH,82.84,2026-04-28T19:59:59Z
ZBIO,18.01,2026-04-28T19:59:48Z
ZBRA,219.28,2026-04-28T19:59:53Z
ZD,47.19,2026-04-28T19:59:44Z
ZDEK,26.13,2026-04-28T16:51:50Z
ZDGE,3.285,2026-04-28T16:56:52Z
ZENA,2.04,2026-04-28T19:59:46Z
ZEO,0.9287,2026-04-28T19:59:54Z
ZEPP,16.97,2026-04-28T18:35:46Z
ZETA,17.765,2026-04-28T19:59:58Z
ZEXIT,10,2026-04-28T13:30:00Z
ZFEB,25.74,2026-04-28T14:15:00Z
ZG,44.9,2026-04-28T19:59:42Z
ZGN,11.815,2026-04-28T19:59:49Z
ZH,3.315,2026-04-28T19:59:58Z
ZIEXT,1,2026-04-28T13:30:00Z
ZIM,26.05,2026-04-28T19:59:52Z
ZION,63.175,2026-04-28T19:59:51Z
ZIP,3.03,2026-04-28T19:59:56Z
ZJUL,29.56,2026-04-28T16:46:44Z
ZKH,3.04,2026-04-28T19:11:23Z
ZKIN,1.28,2026-04-28T14:34:15Z
ZKPW,0.25,2026-04-28T16:34:25Z
ZLAB,22.15,2026-04-28T19:59:56Z
ZM,91.195,2026-04-28T19:59:59Z
ZMAR,27.95,2026-04-28T14:15:00Z
ZNTL,4.055,2026-04-28T19:59:55Z
ZOCT,27.255,2026-04-28T19:11:47Z
ZONE,0.2976,2026-04-28T19:59:51Z
ZOOZ,0.2996,2026-04-28T19:58:54Z
ZROZ,62.91,2026-04-28T19:58:41Z
ZS,136.05,2026-04-28T19:59:57Z
ZSEP,27.215,2026-04-28T17:53:02Z
ZSL,23.095,2026-04-28T19:59:50Z
ZSQR,14.91,2026-04-28T19:55:41Z
ZTEK,0.444,2026-04-28T19:57:12Z
ZTEN,50.595,2026-04-28T19:18:47Z
ZTG,2.71,2026-04-28T19:58:01Z
ZTO,25.63,2026-04-28T19:59:57Z
ZTR,6.825,2026-04-28T19:58:36Z
ZTRE,50.76,2026-04-28T17:02:32Z
ZTS,116.66,2026-04-28T19:59:50Z
ZUMZ,24.66,2026-04-28T19:59:26Z
ZURA,5.32,2026-04-28T19:59:50Z
ZVIA,1.26,2026-04-28T19:59:58Z
ZVRA,9.9,2026-04-28T19:59:41Z
ZWS,52.13,2026-04-28T19:59:53Z
ZXIET,100,2026-04-28T13:30:00Z
ZYME,27.935,2026-04-28T19:59:46Z
