symbol,close,last_trade_utc
A,119.72,2026-04-15T19:59:55Z
AA,70.39,2026-04-15T19:59:45Z
AAA,24.88,2026-04-15T19:57:26Z
AAAU,47.285,2026-04-15T19:59:29Z
AAL,12.17,2026-04-15T19:59:56Z
AAMI,66.655,2026-04-15T19:57:39Z
AAOI,142.54,2026-04-15T19:59:59Z
AAON,92.645,2026-04-15T19:59:50Z
AAOX,46.58,2026-04-15T19:53:55Z
AAP,56.89,2026-04-15T19:59:53Z
AAPB,29.615,2026-04-15T19:48:56Z
AAPD,13.3,2026-04-15T19:59:53Z
AAPL,266.31,2026-04-15T19:59:59Z
AAPR,29.27,2026-04-15T16:04:05Z
AAPU,30.76,2026-04-15T19:59:44Z
AAPX,27.85,2026-04-15T19:50:00Z
AAPY,23.21,2026-04-15T19:22:12Z
AARD,5.09,2026-04-15T19:43:01Z
AAT,20.19,2026-04-15T19:59:50Z
AAUC,31.815,2026-04-15T19:59:59Z
AAVM,33.46,2026-04-15T16:09:19Z
AAXJ,105.56,2026-04-15T19:59:45Z
AB,38.78,2026-04-15T19:53:36Z
ABAT,3.2,2026-04-15T19:59:51Z
ABBV,208.405,2026-04-15T19:59:57Z
ABCB,82.725,2026-04-15T19:59:58Z
ABCL,3.86,2026-04-15T19:59:56Z
ABEO,5.42,2026-04-15T19:59:57Z
ABEQ,37.97,2026-04-15T18:11:10Z
ABEV,3.135,2026-04-15T19:59:59Z
ABFL,76.03,2026-04-15T19:59:45Z
ABG,202.4,2026-04-15T19:49:53Z
ABM,39.725,2026-04-15T19:59:55Z
ABNB,137.5,2026-04-15T19:59:57Z
ABNY,43.19,2026-04-15T16:01:17Z
ABOS,2.73,2026-04-15T19:59:49Z
ABR,7.91,2026-04-15T19:59:58Z
ABR-D,17.1,2026-04-15T15:12:50Z
ABR-E,16.84,2026-04-15T14:23:36Z
ABSI,3.175,2026-04-15T19:59:55Z
ABT,101.53,2026-04-15T19:59:58Z
ABTC,1.11,2026-04-15T19:59:51Z
ABTS,1.08,2026-04-15T19:22:50Z
ABUS,4.48,2026-04-15T19:59:59Z
ABVC,1.315,2026-04-15T19:59:17Z
ABVE,0.822,2026-04-15T19:44:10Z
ABVX,121.22,2026-04-15T19:59:22Z
ABX,8.79,2026-04-15T19:59:59Z
ACA,111.255,2026-04-15T19:55:13Z
ACAD,21.76,2026-04-15T19:59:58Z
ACB,3.705,2026-04-15T19:59:46Z
ACCO,3.195,2026-04-15T19:59:58Z
ACCS,8.3,2026-04-15T18:42:03Z
ACDC,6.21,2026-04-15T19:59:59Z
ACEI,24.37,2026-04-15T16:51:05Z
ACEL,11.78,2026-04-15T19:59:54Z
ACEP,18.54,2026-04-15T16:26:34Z
ACES,35.035,2026-04-15T15:29:54Z
ACET,7.9,2026-04-15T19:59:45Z
ACGL,97.46,2026-04-15T19:59:50Z
ACGLN,17.19,2026-04-15T16:33:07Z
ACH,3.15,2026-04-15T19:59:54Z
ACHC,26.62,2026-04-15T19:59:56Z
ACHR,6.08,2026-04-15T19:59:59Z
ACHV,3.55,2026-04-15T19:59:37Z
ACI,16.61,2026-04-15T19:59:55Z
ACIC,11.74,2026-04-15T19:59:46Z
ACII,25.66,2026-04-15T19:26:11Z
ACIO,44.34,2026-04-15T18:52:53Z
ACIU,3.14,2026-04-15T19:59:55Z
ACIW,42.46,2026-04-15T19:59:51Z
ACKY,19.17,2026-04-15T19:59:46Z
ACLS,117.945,2026-04-15T19:59:29Z
ACLX,114.985,2026-04-15T19:59:59Z
ACM,86.465,2026-04-15T19:59:43Z
ACMR,49.8,2026-04-15T19:59:40Z
ACN,194.01,2026-04-15T19:59:57Z
ACNB,50.68,2026-04-15T18:04:11Z
ACNT,13.79,2026-04-15T19:59:32Z
ACOG,6.675,2026-04-15T18:13:22Z
ACON,3.18,2026-04-15T19:52:05Z
ACP,5.395,2026-04-15T19:59:46Z
ACRE,5.27,2026-04-15T19:59:56Z
ACRS,3.92,2026-04-15T19:59:58Z
ACRV,1.69,2026-04-15T19:59:47Z
ACT,41.95,2026-04-15T19:59:52Z
ACTG,4.92,2026-04-15T19:59:52Z
ACTU,2.12,2026-04-15T19:36:58Z
ACU,44.45,2026-04-15T15:35:55Z
ACV,25.47,2026-04-15T19:59:36Z
ACVA,4.9,2026-04-15T19:59:59Z
ACVF,50.49,2026-04-15T17:31:41Z
ACWI,148.79,2026-04-15T19:59:57Z
ACWV,121.1,2026-04-15T19:59:24Z
ACWX,73.505,2026-04-15T19:59:52Z
ACXP,3.14,2026-04-15T19:45:49Z
ACYN,20.72,2026-04-15T19:33:00Z
AD,48.325,2026-04-15T19:58:37Z
ADAG,3.83,2026-04-15T19:59:52Z
ADAM,7.765,2026-04-15T19:59:59Z
ADAMH,25.24,2026-04-15T16:24:40Z
ADAMM,25.25,2026-04-15T15:41:53Z
ADAMN,23,2026-04-15T18:59:13Z
ADAMO,24.49,2026-04-15T19:51:18Z
ADBE,244.65,2026-04-15T19:59:58Z
ADBG,4.605,2026-04-15T19:50:05Z
ADC,78.035,2026-04-15T19:59:55Z
ADCT,4.36,2026-04-15T19:59:47Z
ADEA,26.935,2026-04-15T19:59:46Z
ADFI,8.55,2026-04-15T19:59:45Z
ADGM,1.51,2026-04-15T13:47:07Z
ADI,347.84,2026-04-15T19:59:55Z
ADIL,1.64,2026-04-15T18:39:01Z
ADM,66.96,2026-04-15T19:59:59Z
ADMA,10.64,2026-04-15T19:59:59Z
ADME,52.72,2026-04-15T19:59:33Z
ADNT,20.48,2026-04-15T19:59:58Z
ADP,196.91,2026-04-15T19:59:57Z
ADPT,14.535,2026-04-15T19:59:42Z
ADSK,239.3,2026-04-15T19:59:59Z
ADT,6.98,2026-04-15T19:59:56Z
ADTN,15.72,2026-04-15T19:59:58Z
ADTX,0.4298,2026-04-15T19:57:18Z
ADUR,11.01,2026-04-15T19:47:20Z
ADUS,93.43,2026-04-15T19:59:57Z
ADV,28.55,2026-04-15T19:59:54Z
ADVB,6.33,2026-04-15T16:32:53Z
ADX,23.86,2026-04-15T19:26:06Z
ADXN,7.29,2026-04-15T15:21:33Z
AEBI,12.22,2026-04-15T19:59:50Z
AEC,5.875,2026-04-15T15:39:41Z
AEE,110.755,2026-04-15T19:59:54Z
AEF,8.5,2026-04-15T19:58:21Z
AEFC,20.01,2026-04-15T17:59:51Z
AEG,8.015,2026-04-15T19:59:40Z
AEHL,0.6986,2026-04-15T19:39:32Z
AEHR,73.26,2026-04-15T19:59:59Z
AEIS,374.14,2026-04-15T19:59:07Z
AEM,214.355,2026-04-15T19:59:58Z
AEMD,2.36,2026-04-15T18:44:15Z
AENT,6.91,2026-04-15T16:51:14Z
AEO,19.42,2026-04-15T19:59:59Z
AEON,0.9307,2026-04-15T19:44:53Z
AEP,134.395,2026-04-15T19:59:54Z
AER,147.26,2026-04-15T19:59:49Z
AERO,15.83,2026-04-15T19:59:46Z
AERT,0.615,2026-04-15T19:58:23Z
AES,14.44,2026-04-15T19:59:58Z
AESI,13.17,2026-04-15T19:59:57Z
AEVA,14.94,2026-04-15T19:59:55Z
AEXA,11.09,2026-04-15T18:52:43Z
AEYE,6.975,2026-04-15T19:54:14Z
AFB,10.895,2026-04-15T19:55:14Z
AFBI,22.35,2026-04-15T18:09:46Z
AFCG,2.71,2026-04-15T19:59:59Z
AFG,130.64,2026-04-15T19:59:42Z
AFGC,18.81,2026-04-15T19:46:29Z
AFIF,9.41,2026-04-15T19:59:45Z
AFK,28.65,2026-04-15T18:01:16Z
AFL,112.99,2026-04-15T19:59:47Z
AFOS,40.3,2026-04-15T19:59:46Z
AFRI,9.205,2026-04-15T13:31:57Z
AFRM,59.63,2026-04-15T19:59:59Z
AFRU,7.9,2026-04-15T19:54:50Z
AFYA,15.49,2026-04-15T19:59:06Z
AG,21.15,2026-04-15T19:59:57Z
AGAE,0.4855,2026-04-15T19:59:56Z
AGBK,7.855,2026-04-15T19:59:20Z
AGCC,15.02,2026-04-15T19:59:08Z
AGCO,115.26,2026-04-15T19:59:54Z
AGD,11.9,2026-04-15T19:01:51Z
AGEM,44.34,2026-04-15T19:02:10Z
AGEN,4.83,2026-04-15T19:59:50Z
AGG,99.625,2026-04-15T19:59:57Z
AGGA,25.18,2026-04-15T13:58:20Z
AGGH,20.5,2026-04-15T19:59:50Z
AGGY,43.91,2026-04-15T19:55:00Z
AGH,3.3,2026-04-15T19:59:50Z
AGI,47.8,2026-04-15T19:59:50Z
AGIG,1.095,2026-04-15T19:56:09Z
AGIO,34.46,2026-04-15T19:59:36Z
AGIQ,21.62,2026-04-15T19:09:04Z
AGIX,37.42,2026-04-15T19:58:52Z
AGL,26.935,2026-04-15T19:58:46Z
AGM,165.35,2026-04-15T19:56:17Z
AGM-G,17.67,2026-04-15T14:25:05Z
AGMB,10.5,2026-04-15T19:33:07Z
AGMH,0.9499,2026-04-15T19:59:39Z
AGMI,74.48,2026-04-15T19:53:35Z
AGNC,10.73,2026-04-15T19:59:57Z
AGNCM,24.64,2026-04-15T15:39:21Z
AGNCN,25.46,2026-04-15T19:58:04Z
AGNCO,25.13,2026-04-15T18:38:33Z
AGNCP,24.47,2026-04-15T19:52:46Z
AGNCZ,25.25,2026-04-15T19:53:51Z
AGO,83.525,2026-04-15T19:59:35Z
AGOX,30.49,2026-04-15T14:33:37Z
AGPU,3.53,2026-04-15T19:59:42Z
AGQ,131.64,2026-04-15T19:59:40Z
AGQI,17.53,2026-04-15T15:34:49Z
AGRO,13.315,2026-04-15T19:59:55Z
AGRZ,0.389,2026-04-15T17:19:33Z
AGX,602.34,2026-04-15T19:37:33Z
AGYS,67.22,2026-04-15T19:59:47Z
AGZD,22.59,2026-04-15T15:45:05Z
AHCO,12.66,2026-04-15T19:59:54Z
AHL-D,20.83,2026-04-15T14:29:01Z
AHMA,1.245,2026-04-15T19:54:12Z
AHR,49.46,2026-04-15T19:59:55Z
AHRT,5.88,2026-04-15T19:59:53Z
AHT,2.84,2026-04-15T13:30:00Z
AHT-F,7.33,2026-04-15T15:42:28Z
AHT-G,6.79,2026-04-15T17:53:17Z
AHYB,46.56,2026-04-15T13:31:20Z
AI,9.52,2026-04-15T19:59:57Z
AIA,118.08,2026-04-15T19:57:32Z
AIB,1.58,2026-04-15T19:59:51Z
AIBD,7.41,2026-04-15T19:59:57Z
AIBU,47.84,2026-04-15T19:59:51Z
AIEQ,46.22,2026-04-15T13:55:35Z
AIFF,1.58,2026-04-15T19:59:55Z
AIFU,1.41,2026-04-15T19:02:34Z
AIG,77.1,2026-04-15T19:59:50Z
AII,18.755,2026-04-15T19:58:32Z
AIIO,0.6096,2026-04-15T19:58:57Z
AIM,0.5319,2026-04-15T19:13:52Z
AIMD,1.65,2026-04-15T16:30:14Z
AIN,57.11,2026-04-15T19:12:10Z
AIO,23.81,2026-04-15T19:12:35Z
AIOT,3.255,2026-04-15T19:59:58Z
AIP,20.29,2026-04-15T19:59:51Z
AIPI,35.28,2026-04-15T18:35:01Z
AIPO,28.665,2026-04-15T19:58:20Z
AIQ,52.71,2026-04-15T19:59:51Z
AIR,122.72,2026-04-15T19:59:20Z
AIRE,0.2809,2026-04-15T19:58:04Z
AIRG,6.035,2026-04-15T19:59:50Z
AIRJ,3,2026-04-15T19:57:50Z
AIRO,8.37,2026-04-15T19:59:45Z
AIRR,121.23,2026-04-15T19:59:57Z
AIRS,2.8,2026-04-15T19:59:59Z
AIS,51.275,2026-04-15T19:51:40Z
AISP,2.475,2026-04-15T19:59:37Z
AISPW,0.675,2026-04-15T14:12:30Z
AIT,284.535,2026-04-15T19:59:39Z
AIUP,26.59,2026-04-15T15:14:06Z
AIV,4.105,2026-04-15T19:59:59Z
AIXC,1.24,2026-04-15T19:51:34Z
AIXI,1.12,2026-04-15T19:59:57Z
AIYY,10.595,2026-04-15T19:56:33Z
AIZ,224.04,2026-04-15T19:59:52Z
AIZN,20.13,2026-04-15T19:42:48Z
AJG,223.21,2026-04-15T19:59:52Z
AJUL,29.57,2026-04-15T15:11:16Z
AKAM,90.36,2026-04-15T19:59:56Z
AKAN,3.24,2026-04-15T19:56:25Z
AKBA,1.555,2026-04-15T19:59:48Z
AKR,21.125,2026-04-15T19:59:56Z
AKRE,55.285,2026-04-15T19:58:01Z
AKTS,18.095,2026-04-15T19:59:03Z
ALAB,172.105,2026-04-15T19:59:54Z
ALAI,38.43,2026-04-15T19:59:59Z
ALAR,6.89,2026-04-15T19:57:29Z
ALB,185.31,2026-04-15T19:59:42Z
ALB-A,73.65,2026-04-15T19:20:23Z
ALBT,0.3757,2026-04-15T19:46:05Z
ALC,80.735,2026-04-15T19:59:58Z
ALCO,42.41,2026-04-15T18:19:28Z
ALDX,1.84,2026-04-15T19:59:52Z
ALEC,2.58,2026-04-15T19:59:59Z
ALG,167.21,2026-04-15T19:42:12Z
ALGM,37.275,2026-04-15T19:59:55Z
ALGN,186.76,2026-04-15T19:59:07Z
ALGS,7.385,2026-04-15T19:49:21Z
ALGT,88.225,2026-04-15T19:59:34Z
ALH,25.005,2026-04-15T19:59:54Z
ALHC,20.91,2026-04-15T19:59:59Z
ALIT,0.6499,2026-04-15T19:59:56Z
ALK,42.56,2026-04-15T19:59:54Z
ALKS,33.215,2026-04-15T19:59:53Z
ALKT,16.84,2026-04-15T19:59:59Z
ALL,218.31,2026-04-15T19:59:49Z
ALL-H,20.95,2026-04-15T15:01:18Z
ALL-I,19.43,2026-04-15T19:40:43Z
ALL-J,25.97,2026-04-15T19:52:12Z
ALLE,141.72,2026-04-15T19:59:38Z
ALLO,2.17,2026-04-15T19:59:59Z
ALLR,1.24,2026-04-15T19:59:55Z
ALLT,7.21,2026-04-15T19:53:49Z
ALLW,29.75,2026-04-15T19:59:54Z
ALLY,42.24,2026-04-15T19:59:54Z
ALM,21.015,2026-04-15T19:59:53Z
ALMS,24.12,2026-04-15T19:59:50Z
ALMU,16.68,2026-04-15T19:59:50Z
ALNT,70.25,2026-04-15T19:52:16Z
ALNY,333.32,2026-04-15T19:59:57Z
ALOT,11.895,2026-04-15T19:32:07Z
ALOY,12.81,2026-04-15T19:59:48Z
ALRM,45.79,2026-04-15T19:59:57Z
ALRS,25.24,2026-04-15T19:51:24Z
ALSN,125.935,2026-04-15T19:59:26Z
ALT,3.39,2026-04-15T19:59:59Z
ALTG,6.405,2026-04-15T19:58:47Z
ALTI,3.76,2026-04-15T19:59:45Z
ALTO,4.9,2026-04-15T19:59:56Z
ALTS,0.9982,2026-04-15T19:59:53Z
ALTY,12.27,2026-04-15T16:16:40Z
ALV,109.23,2026-04-15T19:59:50Z
ALVO,3.65,2026-04-15T19:59:00Z
ALX,246.13,2026-04-15T19:50:02Z
ALXO,1.68,2026-04-15T19:59:57Z
AM,21.27,2026-04-15T19:59:54Z
AMAL,41.98,2026-04-15T19:57:31Z
AMAT,394.32,2026-04-15T19:59:53Z
AMAX,7.95,2026-04-15T17:12:47Z
AMBA,57.2,2026-04-15T19:59:32Z
AMBO,2.33,2026-04-15T14:23:45Z
AMBP,4.105,2026-04-15T19:59:52Z
AMBQ,31.485,2026-04-15T19:57:50Z
AMBR,2.31,2026-04-15T16:41:19Z
AMC,1.67,2026-04-15T19:59:59Z
AMCI,6.58,2026-04-15T16:41:57Z
AMCR,40.605,2026-04-15T19:59:59Z
AMCX,8.05,2026-04-15T19:59:29Z
AMD,258.115,2026-04-15T19:59:59Z
AMDD,7.025,2026-04-15T19:59:46Z
AMDG,32.77,2026-04-15T19:55:00Z
AMDL,19.445,2026-04-15T19:59:59Z
AMDY,36.65,2026-04-15T19:59:26Z
AME,230.1,2026-04-15T19:59:50Z
AMG,301,2026-04-15T19:57:52Z
AMGN,348.21,2026-04-15T19:59:56Z
AMH,30.17,2026-04-15T19:59:57Z
AMH-G,22.91,2026-04-15T15:27:44Z
AMH-H,23.9,2026-04-15T19:34:15Z
AMIX,0.3974,2026-04-15T19:59:42Z
AMJB,33.74,2026-04-15T18:23:17Z
AMKR,59.74,2026-04-15T19:59:52Z
AMLP,51.32,2026-04-15T19:59:54Z
AMLX,17.115,2026-04-15T19:59:58Z
AMN,19.375,2026-04-15T19:59:58Z
AMOD,0.3607,2026-04-15T19:42:29Z
AMP,468.25,2026-04-15T19:59:51Z
AMPG,2.08,2026-04-15T19:59:12Z
AMPGR,0.035,2026-04-15T18:40:25Z
AMPH,21.66,2026-04-15T19:59:54Z
AMPL,6.68,2026-04-15T19:59:56Z
AMPX,18.3,2026-04-15T19:59:58Z
AMPX+,7.52,2026-04-15T16:51:06Z
AMPY,5.51,2026-04-15T19:59:55Z
AMR,193.615,2026-04-15T19:59:13Z
AMRC,25.64,2026-04-15T19:59:57Z
AMRN,15.04,2026-04-15T19:51:17Z
AMRX,13.035,2026-04-15T19:59:57Z
AMRZ,58.745,2026-04-15T19:59:53Z
AMSC,37.74,2026-04-15T19:59:57Z
AMSF,33.63,2026-04-15T19:41:47Z
AMT,176.99,2026-04-15T19:59:53Z
AMTB,23.885,2026-04-15T19:58:48Z
AMTM,27.58,2026-04-15T19:59:54Z
AMTX,2.34,2026-04-15T19:59:59Z
AMUU,66.07,2026-04-15T18:02:31Z
AMWD,41.3,2026-04-15T19:59:36Z
AMWL,6.545,2026-04-15T19:59:45Z
AMX,26.29,2026-04-15T19:59:55Z
AMZD,9.18,2026-04-15T19:59:49Z
AMZE,0.1848,2026-04-15T19:59:46Z
AMZN,248.46,2026-04-15T19:59:59Z
AMZU,37.83,2026-04-15T19:59:34Z
AMZW,41.165,2026-04-15T19:59:45Z
AMZY,12.46,2026-04-15T19:50:18Z
AMZZ,34.8,2026-04-15T19:54:00Z
AN,195.82,2026-04-15T19:59:31Z
ANAB,67.9,2026-04-15T19:59:34Z
ANDE,70.61,2026-04-15T19:59:07Z
ANDG,32.97,2026-04-15T19:59:39Z
ANEL,19.74,2026-04-15T19:59:28Z
ANET,154.46,2026-04-15T19:59:55Z
ANF,91.565,2026-04-15T19:59:30Z
ANG-D,24.705,2026-04-15T16:35:26Z
ANGI,7.27,2026-04-15T19:59:54Z
ANGL,29.33,2026-04-15T19:59:42Z
ANGO,10.345,2026-04-15T19:59:34Z
ANGX,2.405,2026-04-15T19:59:50Z
ANIK,15.27,2026-04-15T19:59:45Z
ANIP,76.46,2026-04-15T19:59:51Z
ANIX,2.91,2026-04-15T19:57:43Z
ANL,13.49,2026-04-15T19:59:51Z
ANNA,4.16,2026-04-15T19:59:50Z
ANNX,6.34,2026-04-15T19:59:57Z
ANRO,25.285,2026-04-15T19:59:41Z
ANTX,3.27,2026-04-15T19:59:54Z
ANVS,1.76,2026-04-15T19:59:47Z
ANY,1.54,2026-04-15T19:55:18Z
AOA,93.08,2026-04-15T13:55:31Z
AOD,10.05,2026-04-15T19:58:55Z
AOHY,11.1,2026-04-15T19:53:30Z
AOK,40.85,2026-04-15T19:57:07Z
AOM,48.67,2026-04-15T19:58:16Z
AOMD,25.29,2026-04-15T19:31:06Z
AOMR,8.98,2026-04-15T19:59:50Z
AON,328.12,2026-04-15T19:59:59Z
AOR,67.1,2026-04-15T19:59:21Z
AORT,37.49,2026-04-15T19:58:40Z
AOS,63.34,2026-04-15T19:59:57Z
AOSL,31.22,2026-04-15T19:58:50Z
AOTG,53.24,2026-04-15T14:24:51Z
AOUT,9.22,2026-04-15T17:44:57Z
AP,8.86,2026-04-15T19:59:42Z
APA,36.58,2026-04-15T19:59:57Z
APAD,10.27,2026-04-15T19:59:28Z
APADR,0.7,2026-04-15T19:55:35Z
APAM,37.61,2026-04-15T19:59:46Z
APC,18.72,2026-04-15T19:59:30Z
APCB,29.585,2026-04-15T16:38:03Z
APD,295.26,2026-04-15T19:59:59Z
APEI,57.84,2026-04-15T19:59:50Z
APG,44.9,2026-04-15T19:59:50Z
APGE,89.335,2026-04-15T19:59:40Z
APH,146.99,2026-04-15T19:59:57Z
API,3.98,2026-04-15T19:59:55Z
APIE,37.72,2026-04-15T15:55:39Z
APLD,30.795,2026-04-15T19:59:57Z
APLE,12.51,2026-04-15T19:59:59Z
APLS,40.85,2026-04-15T19:59:59Z
APLU,24.9,2026-04-15T19:52:19Z
APLX,17.55,2026-04-15T19:59:59Z
APLY,12,2026-04-15T19:57:59Z
APLZ,10.89,2026-04-15T19:53:28Z
APO,120.6,2026-04-15T19:59:55Z
APOG,34.96,2026-04-15T19:59:35Z
APOS,25.79,2026-04-15T14:40:33Z
APP,464.68,2026-04-15T19:59:49Z
APPF,154.955,2026-04-15T19:59:57Z
APPN,21.42,2026-04-15T19:59:54Z
APPS,3.38,2026-04-15T19:59:56Z
APPX,36.66,2026-04-15T19:55:00Z
APRE,0.8991,2026-04-15T18:13:04Z
APRW,36.29,2026-04-15T17:15:19Z
APT,4.56,2026-04-15T19:56:13Z
APTV,58.45,2026-04-15T19:59:53Z
APUE,42.9,2026-04-15T17:47:54Z
APVO,5.44,2026-04-15T19:56:08Z
APYX,3.87,2026-04-15T19:59:47Z
AQB,1.11,2026-04-15T19:57:22Z
AQEC,24.49,2026-04-15T19:59:50Z
AQLT,29.74,2026-04-15T14:50:57Z
AQMS,4.3,2026-04-15T19:59:15Z
AQN,6.36,2026-04-15T19:59:56Z
AQNB,26.11,2026-04-15T19:32:21Z
AQST,4.25,2026-04-15T19:59:57Z
AQWA,19.715,2026-04-15T13:59:18Z
AR,36.35,2026-04-15T19:59:56Z
ARAI,1.02,2026-04-15T19:59:53Z
ARAY,0.4379,2026-04-15T19:59:57Z
ARBE,0.7782,2026-04-15T19:56:26Z
ARBK,2.99,2026-04-15T19:59:56Z
ARCB,108.185,2026-04-15T19:59:39Z
ARCC,18.975,2026-04-15T19:59:54Z
ARCIU,9.99,2026-04-15T19:08:28Z
ARCO,8.56,2026-04-15T19:59:56Z
ARCT,8.63,2026-04-15T19:59:55Z
ARDC,12.46,2026-04-15T18:08:06Z
ARDT,9.41,2026-04-15T19:59:51Z
ARDX,6.295,2026-04-15T19:59:59Z
ARE,47.62,2026-04-15T19:59:56Z
AREC,2.41,2026-04-15T19:59:56Z
AREN,1.85,2026-04-15T19:59:42Z
ARES,119.29,2026-04-15T19:59:58Z
ARES-B,39.53,2026-04-15T18:41:21Z
ARGT,93.9,2026-04-15T19:59:00Z
ARGX,842.09,2026-04-15T19:59:57Z
ARHS,7.11,2026-04-15T19:59:56Z
ARI,11.23,2026-04-15T19:59:59Z
ARIS,20.29,2026-04-15T19:59:54Z
ARKB,24.9,2026-04-15T19:59:55Z
ARKF,42.46,2026-04-15T19:53:21Z
ARKG,29.945,2026-04-15T19:59:53Z
ARKK,77.49,2026-04-15T19:59:55Z
ARKO,6.11,2026-04-15T19:59:45Z
ARKQ,126.305,2026-04-15T19:56:55Z
ARKR,7.09,2026-04-15T17:26:06Z
ARKW,136.02,2026-04-15T19:55:18Z
ARKX,32.815,2026-04-15T19:59:40Z
ARLO,14.53,2026-04-15T19:59:57Z
ARLP,25.715,2026-04-15T19:56:12Z
ARLU,30.16,2026-04-15T15:47:15Z
ARM,159.29,2026-04-15T19:59:59Z
ARMG,10.6,2026-04-15T19:48:17Z
ARMK,43.82,2026-04-15T19:59:56Z
ARMP,12.6,2026-04-15T18:44:44Z
ARMY,26.94,2026-04-15T17:18:23Z
AROC,36.31,2026-04-15T19:59:56Z
AROW,36.17,2026-04-15T19:58:28Z
ARQ,2.37,2026-04-15T19:59:58Z
ARQQ,16.22,2026-04-15T19:59:49Z
ARQT,24.56,2026-04-15T19:59:58Z
ARR,17.57,2026-04-15T19:59:58Z
ARRY,7.65,2026-04-15T19:59:58Z
ARTCU,9.95,2026-04-15T19:29:34Z
ARTNA,32.21,2026-04-15T19:48:25Z
ARTV,9.13,2026-04-15T19:59:55Z
ARTW,2.64,2026-04-15T19:50:01Z
ARTY,56.705,2026-04-15T19:59:57Z
ARVN,10.965,2026-04-15T19:59:47Z
ARW,168.83,2026-04-15T19:59:32Z
ARWG,23.81,2026-04-15T14:50:30Z
ARWR,70.95,2026-04-15T19:59:58Z
ARX,13.7,2026-04-15T19:59:51Z
AS,36.44,2026-04-15T19:59:47Z
ASA,67.61,2026-04-15T19:21:10Z
ASAN,6.075,2026-04-15T19:59:56Z
ASB,27.61,2026-04-15T19:59:59Z
ASBA,25.06,2026-04-15T19:10:09Z
ASBP,0.5389,2026-04-15T19:58:06Z
ASC,15.47,2026-04-15T19:59:57Z
ASCE,30.46,2026-04-15T19:37:35Z
ASEA,19.97,2026-04-15T15:15:14Z
ASG,5.24,2026-04-15T19:59:12Z
ASGI,24.11,2026-04-15T19:50:21Z
ASGN,39.06,2026-04-15T19:59:54Z
ASH,55.69,2026-04-15T19:59:52Z
ASHR,34.39,2026-04-15T19:59:59Z
ASIC,20.6,2026-04-15T18:36:35Z
ASIX,23.03,2026-04-15T19:59:46Z
ASLE,7.07,2026-04-15T19:59:59Z
ASM,7.16,2026-04-15T19:59:54Z
ASMB,29.71,2026-04-15T19:59:50Z
ASMG,39.34,2026-04-15T19:57:50Z
ASML,1480.64,2026-04-15T19:59:53Z
ASMU,25.845,2026-04-15T19:59:59Z
ASND,241.52,2026-04-15T19:59:53Z
ASO,59.05,2026-04-15T19:59:53Z
ASPI,5.38,2026-04-15T19:59:59Z
ASPN,3.33,2026-04-15T19:59:56Z
ASPS,6.97,2026-04-15T19:58:49Z
ASR,343.31,2026-04-15T19:58:44Z
ASRT,18.01,2026-04-15T19:59:40Z
ASRV,3.84,2026-04-15T19:12:46Z
ASST,13.53,2026-04-15T19:59:55Z
ASTC,3.02,2026-04-15T17:56:10Z
ASTE,59.22,2026-04-15T19:58:04Z
ASTH,29.26,2026-04-15T19:59:46Z
ASTI,6.41,2026-04-15T19:59:23Z
ASTL,4.92,2026-04-15T19:59:42Z
ASTN,12.4,2026-04-15T19:31:03Z
ASTS,86.955,2026-04-15T19:59:55Z
ASTX,38.61,2026-04-15T19:59:52Z
ASUR,8.54,2026-04-15T19:57:37Z
ASX,27.23,2026-04-15T19:59:53Z
ASYS,15.95,2026-04-15T19:59:43Z
ATAI,4,2026-04-15T19:59:59Z
ATAT,37,2026-04-15T19:59:55Z
ATCH,0.2413,2026-04-15T19:58:38Z
ATCL,24.8,2026-04-15T17:46:33Z
ATCX,4.95,2026-04-15T18:46:44Z
ATEC,11.42,2026-04-15T19:59:58Z
ATEN,25.5,2026-04-15T19:59:59Z
ATER,0.6735,2026-04-15T19:53:33Z
ATEX,37.76,2026-04-15T19:57:47Z
ATH-A,24.05,2026-04-15T16:15:18Z
ATH-D,17.05,2026-04-15T14:23:52Z
ATH-E,24.91,2026-04-15T15:41:38Z
ATHM,18.36,2026-04-15T19:59:52Z
ATHS,24.89,2026-04-15T18:47:57Z
ATI,156.88,2026-04-15T19:59:54Z
ATKR,67.675,2026-04-15T19:59:26Z
ATLCL,24.985,2026-04-15T19:15:58Z
ATLCZ,25.25,2026-04-15T19:48:43Z
ATLN,2.08,2026-04-15T19:58:48Z
ATLO,28.64,2026-04-15T19:32:47Z
ATLX,4.57,2026-04-15T19:58:16Z
ATMP,33.1,2026-04-15T19:59:45Z
ATMU,62.19,2026-04-15T19:59:54Z
ATNI,26.59,2026-04-15T19:43:22Z
ATNM,1.27,2026-04-15T19:54:44Z
ATO,186.26,2026-04-15T19:59:44Z
ATOM,5.14,2026-04-15T19:59:57Z
ATON,0.3336,2026-04-15T19:59:50Z
ATOS,5.71,2026-04-15T19:58:03Z
ATPC,2.71,2026-04-15T13:43:59Z
ATR,129.63,2026-04-15T19:59:45Z
ATRA,5.27,2026-04-15T19:59:08Z
ATRC,29.39,2026-04-15T19:59:54Z
ATRO,76.245,2026-04-15T19:59:51Z
ATS,30.745,2026-04-15T19:21:09Z
ATXG,5.48,2026-04-15T19:13:05Z
ATYR,0.8509,2026-04-15T19:59:03Z
AU,104.41,2026-04-15T19:59:37Z
AUB,38.01,2026-04-15T19:59:59Z
AUDC,8.89,2026-04-15T19:53:04Z
AUGO,105.03,2026-04-15T19:59:52Z
AUGU,29.8,2026-04-15T16:00:14Z
AUID,1.19,2026-04-15T19:46:38Z
AUNA,5.355,2026-04-15T19:59:41Z
AUPH,16.05,2026-04-15T19:59:59Z
AUR,5.305,2026-04-15T19:59:53Z
AURA,7.1,2026-04-15T19:59:57Z
AURE,2.49,2026-04-15T18:39:29Z
AUSF,49.02,2026-04-15T19:51:24Z
AUST,1.48,2026-04-15T19:43:55Z
AUTL,1.5,2026-04-15T19:59:43Z
AUUD,4.64,2026-04-15T19:55:04Z
AVA,41.41,2026-04-15T19:59:53Z
AVAH,6.715,2026-04-15T19:59:57Z
AVAL,4.8,2026-04-15T19:59:54Z
AVAV,198.33,2026-04-15T19:59:57Z
AVB,171.255,2026-04-15T19:59:43Z
AVBC,20.72,2026-04-15T19:59:53Z
AVBH,29.59,2026-04-15T19:59:40Z
AVBP,29.425,2026-04-15T19:59:31Z
AVD,2.5,2026-04-15T19:59:53Z
AVDE,90.285,2026-04-15T19:58:01Z
AVDS,77.06,2026-04-15T19:15:34Z
AVDV,106.32,2026-04-15T19:59:51Z
AVEM,87.85,2026-04-15T19:59:52Z
AVES,64.38,2026-04-15T15:18:34Z
AVGG,32.69,2026-04-15T19:54:50Z
AVGO,396.62,2026-04-15T19:59:59Z
AVGU,40.79,2026-04-15T17:00:39Z
AVGW,47.37,2026-04-15T19:05:05Z
AVGX,56.63,2026-04-15T19:58:55Z
AVIG,41.77,2026-04-15T19:59:50Z
AVIR,5.88,2026-04-15T19:59:57Z
AVIV,78.76,2026-04-15T19:14:20Z
AVK,12.365,2026-04-15T18:23:58Z
AVL,52.81,2026-04-15T19:51:26Z
AVLC,82.96,2026-04-15T19:59:46Z
AVLV,84.33,2026-04-15T19:59:19Z
AVNM,81.555,2026-04-15T19:55:11Z
AVNS,24.66,2026-04-15T19:59:56Z
AVNT,37.56,2026-04-15T19:59:51Z
AVNW,22.64,2026-04-15T19:59:58Z
AVO,13.75,2026-04-15T19:59:50Z
AVPT,9.745,2026-04-15T19:59:57Z
AVR,6.29,2026-04-15T19:59:50Z
AVRE,46.77,2026-04-15T14:53:21Z
AVRY,22.68,2026-04-15T16:37:13Z
AVS,7.92,2026-04-15T19:57:02Z
AVSC,66.1,2026-04-15T19:52:53Z
AVSE,73.14,2026-04-15T14:50:31Z
AVSF,46.81,2026-04-15T18:59:24Z
AVSU,80.05,2026-04-15T19:32:24Z
AVT,70.18,2026-04-15T19:59:47Z
AVTR,8.36,2026-04-15T19:59:59Z
AVTX,13.4,2026-04-15T19:59:40Z
AVUQ,62.44,2026-04-15T19:00:03Z
AVUS,118.67,2026-04-15T19:59:59Z
AVUV,115.14,2026-04-15T19:59:32Z
AVX,0.5601,2026-04-15T19:04:00Z
AVXC,74.79,2026-04-15T14:56:10Z
AVXL,3.24,2026-04-15T19:59:58Z
AVXX,12,2026-04-15T19:59:06Z
AVY,168.06,2026-04-15T19:59:46Z
AWF,10.535,2026-04-15T19:59:39Z
AWI,176.295,2026-04-15T19:58:55Z
AWK,130.33,2026-04-15T19:59:54Z
AWP,12.15,2026-04-15T18:57:22Z
AWR,75.1,2026-04-15T19:58:31Z
AX,94.82,2026-04-15T19:59:54Z
AXG,3.49,2026-04-15T19:59:30Z
AXGN,34.735,2026-04-15T19:59:16Z
AXIA,13.3,2026-04-15T19:59:30Z
AXIA-,14.57,2026-04-15T19:54:54Z
AXIA-C,12.815,2026-04-15T19:59:54Z
AXON,401.9,2026-04-15T19:59:57Z
AXP,329.1,2026-04-15T19:59:57Z
AXR,27.14,2026-04-15T18:15:57Z
AXS,100.85,2026-04-15T19:59:33Z
AXS-E,19.81,2026-04-15T16:55:25Z
AXSM,184.26,2026-04-15T19:59:41Z
AXTA,28.085,2026-04-15T19:59:58Z
AXTI,62.92,2026-04-15T19:59:56Z
AYI,278.33,2026-04-15T19:59:48Z
AYTU,2.575,2026-04-15T15:32:33Z
AZ,8.6,2026-04-15T19:59:58Z
AZN,201.305,2026-04-15T19:59:51Z
AZO,3537.49,2026-04-15T19:59:55Z
AZTA,24.965,2026-04-15T19:59:16Z
AZTR,0.2157,2026-04-15T16:50:35Z
AZZ,133.97,2026-04-15T19:59:30Z
B,43.06,2026-04-15T19:59:59Z
BA,224.045,2026-04-15T19:59:50Z
BA-A,71.15,2026-04-15T18:07:35Z
BAB,27.09,2026-04-15T19:59:50Z
BABA,133.26,2026-04-15T19:59:59Z
BABX,27.69,2026-04-15T19:13:06Z
BAC,54.31,2026-04-15T19:59:59Z
BAC-L,1221.79,2026-04-15T18:46:02Z
BAC-N,20.75,2026-04-15T17:25:59Z
BAC-O,17.76,2026-04-15T14:00:39Z
BAC-P,16.87,2026-04-15T18:58:57Z
BAC-Q,17.46,2026-04-15T18:42:46Z
BAER,2.1,2026-04-15T19:59:50Z
BAFN,7.45,2026-04-15T14:59:30Z
BAH,82.28,2026-04-15T19:59:51Z
BAI,39.56,2026-04-15T19:59:59Z
BAIG,3.26,2026-04-15T19:56:54Z
BAIV,24.77,2026-04-15T15:00:03Z
BAK,3.72,2026-04-15T19:59:35Z
BALI,32.32,2026-04-15T19:59:58Z
BALL,62.78,2026-04-15T19:59:52Z
BALT,33.845,2026-04-15T19:49:44Z
BALY,11.58,2026-04-15T19:12:41Z
BAM,48.835,2026-04-15T19:59:58Z
BAMD,31.75,2026-04-15T17:00:21Z
BAMG,39.745,2026-04-15T19:59:46Z
BAMU,25.26,2026-04-15T19:48:49Z
BANC,18.57,2026-04-15T19:59:59Z
BANC-F,25.405,2026-04-15T18:26:21Z
BAND,19.165,2026-04-15T19:59:54Z
BANF,112.97,2026-04-15T19:59:13Z
BANL,0.45,2026-04-15T15:01:19Z
BANR,63.36,2026-04-15T19:59:09Z
BANX,19.76,2026-04-15T19:58:49Z
BAP,315.995,2026-04-15T19:59:23Z
BAPR,51.4,2026-04-15T19:44:53Z
BAR,47.22,2026-04-15T19:59:01Z
BARK,10.09,2026-04-15T19:59:50Z
BASG,24.7,2026-04-15T19:59:45Z
BASV,28.27,2026-04-15T18:10:38Z
BATL,3.34,2026-04-15T19:59:38Z
BATRA,50.44,2026-04-15T19:52:25Z
BATRK,45.21,2026-04-15T19:57:27Z
BATT,16.5,2026-04-15T19:59:50Z
BAVA,25.245,2026-04-15T18:15:55Z
BAX,17.6,2026-04-15T19:59:58Z
BB,4.115,2026-04-15T19:59:55Z
BBAG,46.27,2026-04-15T19:56:45Z
BBAI,3.79,2026-04-15T19:59:55Z
BBAR,16.25,2026-04-15T19:59:29Z
BBAX,63.24,2026-04-15T19:59:54Z
BBBS,51.23,2026-04-15T17:52:05Z
BBBY,5.27,2026-04-15T19:59:57Z
BBCA,99.515,2026-04-15T19:58:22Z
BBCP,7.62,2026-04-15T19:57:47Z
BBCQ,10.255,2026-04-15T19:45:07Z
BBCQW,1.32,2026-04-15T19:39:27Z
BBD,4.12,2026-04-15T19:59:54Z
BBDC,8.84,2026-04-15T19:59:55Z
BBDO,3.67,2026-04-15T18:51:24Z
BBEU,77.22,2026-04-15T19:58:17Z
BBGI,13.35,2026-04-15T19:28:17Z
BBHL,16.03,2026-04-15T18:40:41Z
BBHM,11.75,2026-04-15T18:41:17Z
BBHY,46.315,2026-04-15T19:50:49Z
BBIN,77.64,2026-04-15T19:59:47Z
BBIO,77.7,2026-04-15T19:59:50Z
BBJP,72.535,2026-04-15T19:59:56Z
BBLG,1.31,2026-04-15T19:56:12Z
BBLU,15.53,2026-04-15T19:59:45Z
BBN,16.25,2026-04-15T19:45:24Z
BBNX,12.99,2026-04-15T19:59:57Z
BBOT,9.385,2026-04-15T19:59:55Z
BBP,86.63,2026-04-15T15:27:13Z
BBSI,29.32,2026-04-15T19:59:40Z
BBT,31.575,2026-04-15T19:59:49Z
BBUC,34.79,2026-04-15T19:59:45Z
BBUS,126.23,2026-04-15T19:55:46Z
BBVA,23.33,2026-04-15T19:59:52Z
BBW,37,2026-04-15T19:59:46Z
BBWI,17.935,2026-04-15T19:59:58Z
BBY,63.4,2026-04-15T19:59:50Z
BC,77.21,2026-04-15T19:59:52Z
BCAL,18.55,2026-04-15T19:59:39Z
BCAR,10.25,2026-04-15T19:56:00Z
BCARW,0.88,2026-04-15T18:45:23Z
BCAT,14.74,2026-04-15T19:59:10Z
BCAX,23.7,2026-04-15T19:59:13Z
BCBP,9.34,2026-04-15T19:50:00Z
BCC,78.82,2026-04-15T19:56:19Z
BCE,23.845,2026-04-15T19:59:51Z
BCG,2.13,2026-04-15T16:55:29Z
BCH,39.82,2026-04-15T19:59:54Z
BCHP,36.74,2026-04-15T14:39:20Z
BCHT,1.845,2026-04-15T19:59:00Z
BCI,23.93,2026-04-15T19:59:57Z
BCIC,7.935,2026-04-15T19:04:38Z
BCIL,28.97,2026-04-15T14:21:28Z
BCML,28.1,2026-04-15T18:42:13Z
BCO,108.51,2026-04-15T19:58:33Z
BCPC,174.33,2026-04-15T19:58:46Z
BCRX,9.45,2026-04-15T19:59:59Z
BCS,23.91,2026-04-15T19:59:56Z
BCSF,13.29,2026-04-15T19:59:54Z
BCTK,26.24,2026-04-15T15:17:21Z
BCTX,4.62,2026-04-15T19:54:11Z
BCTXL,1.16,2026-04-15T14:09:34Z
BCX,12.39,2026-04-15T15:34:38Z
BCYC,5.3,2026-04-15T19:59:48Z
BDBT,25.41,2026-04-15T19:01:19Z
BDC,127.35,2026-04-15T19:59:25Z
BDCX,21.12,2026-04-15T15:05:10Z
BDEC,50.67,2026-04-15T19:59:46Z
BDGS,35.81,2026-04-15T14:24:57Z
BDJ,9.145,2026-04-15T19:59:46Z
BDMD,1.805,2026-04-15T19:59:42Z
BDN,2.81,2026-04-15T19:59:59Z
BDRX,3.405,2026-04-15T19:57:06Z
BDRY,11.325,2026-04-15T19:59:01Z
BDSX,12.565,2026-04-15T18:11:46Z
BDTX,2.87,2026-04-15T19:59:55Z
BDVL,25.805,2026-04-15T19:55:15Z
BDX,155.5,2026-04-15T19:59:58Z
BDYN,26.03,2026-04-15T19:59:46Z
BE,213.665,2026-04-15T19:59:57Z
BEAG,10.55,2026-04-15T18:33:39Z
BEAM,30.665,2026-04-15T19:59:58Z
BEAT,0.8613,2026-04-15T19:59:56Z
BEDY,27.61,2026-04-15T16:01:39Z
BEEM,1.545,2026-04-15T19:59:56Z
BEEP,2.135,2026-04-15T18:06:18Z
BEG,63.21,2026-04-15T15:24:23Z
BEKE,16.25,2026-04-15T19:59:59Z
BELFA,217.36,2026-04-15T19:24:41Z
BELFB,235.44,2026-04-15T19:27:09Z
BEN,26.63,2026-04-15T19:59:57Z
BENF,3.35,2026-04-15T18:50:50Z
BEP,35.39,2026-04-15T19:59:20Z
BEPC,43.65,2026-04-15T19:59:50Z
BEPH,14.85,2026-04-15T19:58:30Z
BERZ,40.825,2026-04-15T19:59:46Z
BESS,2.98,2026-04-15T19:58:09Z
BETA,18.25,2026-04-15T19:59:57Z
BETR,38.06,2026-04-15T19:59:13Z
BETZ,19.09,2026-04-15T19:13:19Z
BEX,38.97,2026-04-15T19:58:35Z
BEZ,5.47,2026-04-15T19:58:57Z
BF.A,30.07,2026-04-15T19:58:11Z
BF.B,29.61,2026-04-15T19:59:55Z
BFAM,83.96,2026-04-15T19:59:49Z
BFC,142.705,2026-04-15T19:59:36Z
BFEB,50.34,2026-04-15T19:46:43Z
BFEW,20.37,2026-04-15T13:46:36Z
BFH,83.2,2026-04-15T19:59:14Z
BFH-A,24.915,2026-04-15T19:15:50Z
BFLY,4.87,2026-04-15T19:59:56Z
BFOR,87.72,2026-04-15T18:36:16Z
BFRG,0.947,2026-04-15T19:58:34Z
BFRI,1.06,2026-04-15T19:55:29Z
BFRZ,26.35,2026-04-15T19:54:59Z
BFS,33.48,2026-04-15T19:59:09Z
BFS-E,22.48,2026-04-15T13:53:45Z
BFST,28.49,2026-04-15T18:24:28Z
BG,119.96,2026-04-15T19:59:50Z
BGB,11.27,2026-04-15T19:02:39Z
BGC,11.64,2026-04-15T19:59:59Z
BGDV,29.23,2026-04-15T19:59:46Z
BGH,14.34,2026-04-15T19:56:18Z
BGI,0.8401,2026-04-15T14:29:54Z
BGIG,34.19,2026-04-15T19:59:51Z
BGIN,3.095,2026-04-15T19:02:33Z
BGL,1.08,2026-04-15T19:53:22Z
BGM,0.33,2026-04-15T19:22:46Z
BGR,15.88,2026-04-15T19:59:56Z
BGS,5.54,2026-04-15T19:59:56Z
BGSF,6,2026-04-15T18:03:03Z
BGSI,123.3,2026-04-15T19:41:35Z
BGT,10.95,2026-04-15T19:23:27Z
BGX,10.98,2026-04-15T19:56:03Z
BGY,5.755,2026-04-15T19:53:21Z
BH,335.95,2026-04-15T18:32:11Z
BH.A,1760.72,2026-04-15T18:37:24Z
BHAVU,10.02,2026-04-15T19:59:06Z
BHB,34.51,2026-04-15T19:59:47Z
BHC,5.75,2026-04-15T19:59:53Z
BHE,62.44,2026-04-15T19:59:19Z
BHF,62.085,2026-04-15T19:59:58Z
BHFAL,17.18,2026-04-15T19:35:48Z
BHFAM,11.96,2026-04-15T17:56:11Z
BHFAN,13.3,2026-04-15T19:56:59Z
BHFAO,16.9,2026-04-15T19:35:01Z
BHFAP,16.375,2026-04-15T19:15:52Z
BHK,9.25,2026-04-15T19:40:18Z
BHP,79.49,2026-04-15T19:59:53Z
BHR,2.47,2026-04-15T19:59:59Z
BHR-B,15.15,2026-04-15T16:07:53Z
BHRB,65.6,2026-04-15T19:57:28Z
BHST,4.4,2026-04-15T14:00:41Z
BHV,10.91,2026-04-15T19:54:47Z
BHVN,10.36,2026-04-15T19:59:59Z
BIAF,2.93,2026-04-15T19:59:33Z
BIBL,50.78,2026-04-15T18:37:47Z
BIDD,30.34,2026-04-15T18:03:57Z
BIDU,120.96,2026-04-15T19:59:46Z
BIGY,50.85,2026-04-15T17:16:03Z
BIIB,180.51,2026-04-15T19:59:41Z
BIL,91.515,2026-04-15T19:27:45Z
BILI,24.95,2026-04-15T19:59:55Z
BILL,39.33,2026-04-15T19:59:51Z
BILS,99.285,2026-04-15T19:01:32Z
BILZ,100.805,2026-04-15T19:59:46Z
BINC,52.41,2026-04-15T19:59:51Z
BINT,30.72,2026-04-15T17:07:49Z
BINV,43.22,2026-04-15T19:23:59Z
BIO,295.9,2026-04-15T19:59:36Z
BIOA,17,2026-04-15T19:59:51Z
BIOX,0.5823,2026-04-15T19:59:43Z
BIP,37,2026-04-15T19:59:40Z
BIPC,42.565,2026-04-15T19:59:36Z
BIPJ,23.79,2026-04-15T15:09:10Z
BIRD,17.01,2026-04-15T19:59:58Z
BIRK,37.79,2026-04-15T19:59:59Z
BIS,8.18,2026-04-15T14:06:04Z
BIT,12.68,2026-04-15T19:58:41Z
BITB,40.77,2026-04-15T19:59:45Z
BITC,37.74,2026-04-15T15:02:08Z
BITI,23.48,2026-04-15T19:52:10Z
BITK,11.87,2026-04-15T19:14:07Z
BITO,10.305,2026-04-15T19:59:42Z
BITQ,23.41,2026-04-15T19:39:14Z
BITS,61.58,2026-04-15T14:59:21Z
BITU,14.14,2026-04-15T19:59:56Z
BITW,48.51,2026-04-15T13:42:52Z
BITX,17.93,2026-04-15T19:59:56Z
BIV,77.465,2026-04-15T19:54:24Z
BIVI,1.4,2026-04-15T18:28:29Z
BIYA,1.17,2026-04-15T17:19:36Z
BIZD,13.165,2026-04-15T19:59:53Z
BJ,90.71,2026-04-15T19:59:53Z
BJDX,1.94,2026-04-15T19:29:35Z
BJRI,38.05,2026-04-15T19:59:38Z
BJUL,52.08,2026-04-15T18:08:58Z
BJUN,48.03,2026-04-15T16:00:04Z
BK,131.915,2026-04-15T19:59:44Z
BK-K,25.56,2026-04-15T14:41:57Z
BKAG,42.23,2026-04-15T15:30:29Z
BKCH,71.51,2026-04-15T13:53:09Z
BKCI,52.17,2026-04-15T16:19:45Z
BKD,14.06,2026-04-15T19:59:59Z
BKDV,30.91,2026-04-15T19:59:59Z
BKE,52.665,2026-04-15T19:59:58Z
BKFI,24.07,2026-04-15T16:38:38Z
BKGI,45.09,2026-04-15T19:58:21Z
BKH,76.53,2026-04-15T19:59:55Z
BKHY,47.72,2026-04-15T16:51:35Z
BKIE,98.82,2026-04-15T19:36:39Z
BKKT,9.26,2026-04-15T19:59:53Z
BKLC,134.04,2026-04-15T19:59:40Z
BKLN,20.535,2026-04-15T19:59:53Z
BKMC,115.72,2026-04-15T13:44:57Z
BKMI,26.3,2026-04-15T17:22:23Z
BKMS,25.54,2026-04-15T19:56:30Z
BKNG,185.76,2026-04-15T19:59:57Z
BKR,60.055,2026-04-15T19:59:58Z
BKSY,33.085,2026-04-15T19:59:54Z
BKT,10.66,2026-04-15T19:01:43Z
BKTI,94.77,2026-04-15T19:52:43Z
BKU,47.41,2026-04-15T19:59:54Z
BKUI,49.755,2026-04-15T19:16:15Z
BKV,26.53,2026-04-15T19:59:59Z
BKYI,0.5878,2026-04-15T16:02:07Z
BL,32.58,2026-04-15T19:59:48Z
BLBD,61.93,2026-04-15T19:59:08Z
BLCO,16.86,2026-04-15T19:59:22Z
BLCR,45.38,2026-04-15T19:46:41Z
BLCV,38.02,2026-04-15T19:59:50Z
BLD,388.57,2026-04-15T19:59:35Z
BLDG,25.265,2026-04-15T13:59:14Z
BLDP,3.065,2026-04-15T19:59:50Z
BLDR,85.13,2026-04-15T19:59:52Z
BLFS,21.2,2026-04-15T19:59:49Z
BLK,1048.945,2026-04-15T19:59:59Z
BLKB,37.97,2026-04-15T19:59:39Z
BLLN,80.715,2026-04-15T19:59:38Z
BLMN,6.54,2026-04-15T19:59:56Z
BLND,1.54,2026-04-15T19:59:58Z
BLNE,2.4,2026-04-15T19:59:19Z
BLNK,0.6775,2026-04-15T19:59:48Z
BLOK,58.515,2026-04-15T19:59:18Z
BLOX,15.69,2026-04-15T19:59:51Z
BLRX,2.35,2026-04-15T14:00:40Z
BLSG,6.17,2026-04-15T18:11:04Z
BLSH,41.68,2026-04-15T19:59:59Z
BLST,25.21,2026-04-15T17:01:59Z
BLTD,25.455,2026-04-15T19:55:21Z
BLTE,168.38,2026-04-15T19:59:31Z
BLUC,28.975,2026-04-15T16:47:20Z
BLUI,25.75,2026-04-15T14:39:49Z
BLV,69.31,2026-04-15T19:59:23Z
BLW,12.685,2026-04-15T19:55:00Z
BLX,56.385,2026-04-15T19:43:51Z
BLZE,3.82,2026-04-15T19:59:57Z
BMA,82.65,2026-04-15T19:59:54Z
BMBL,4.085,2026-04-15T19:59:53Z
BME,40.145,2026-04-15T19:59:28Z
BMEA,1.96,2026-04-15T19:59:52Z
BMEZ,14.64,2026-04-15T19:59:57Z
BMI,157.19,2026-04-15T19:59:13Z
BMM,7.84,2026-04-15T19:55:22Z
BMNG,1.52,2026-04-15T19:59:55Z
BMNR,22.33,2026-04-15T19:59:59Z
BMNU,2.19,2026-04-15T19:59:47Z
BMNZ,15.13,2026-04-15T19:57:23Z
BMO,149.575,2026-04-15T19:56:42Z
BMOP,24.85,2026-04-15T16:39:28Z
BMR,1.74,2026-04-15T18:18:02Z
BMRC,26.59,2026-04-15T19:57:41Z
BMRN,55.24,2026-04-15T19:59:49Z
BMY,57.87,2026-04-15T19:59:58Z
BN,46.51,2026-04-15T19:59:59Z
BNAI,56.03,2026-04-15T19:42:44Z
BNBX,0.6521,2026-04-15T16:12:21Z
BNC,2.81,2026-04-15T19:59:59Z
BND,73.87,2026-04-15T19:59:53Z
BNDI,47.35,2026-04-15T19:55:47Z
BNDW,68.535,2026-04-15T19:59:21Z
BNDX,48.11,2026-04-15T19:59:52Z
BNED,10.17,2026-04-15T19:59:50Z
BNGO,1.27,2026-04-15T19:58:33Z
BNH,15.94,2026-04-15T14:03:10Z
BNKK,2.66,2026-04-15T19:55:58Z
BNKU,33.9,2026-04-15T18:41:45Z
BNL,20.14,2026-04-15T19:59:59Z
BNO,47.31,2026-04-15T19:59:50Z
BNS,75.335,2026-04-15T19:59:59Z
BNT,46.45,2026-04-15T14:56:57Z
BNTC,13.615,2026-04-15T19:59:53Z
BNTX,99.435,2026-04-15T19:59:58Z
BNZI,0.7406,2026-04-15T19:55:11Z
BOAT,41.035,2026-04-15T17:01:11Z
BOBP,28.36,2026-04-15T14:50:23Z
BOBS,11.8,2026-04-15T19:59:52Z
BOC,12.25,2026-04-15T19:59:07Z
BODI,11.18,2026-04-15T19:25:02Z
BOE,11.68,2026-04-15T19:36:22Z
BOEU,37.97,2026-04-15T15:15:17Z
BOF,4.46,2026-04-15T19:29:38Z
BOH,78.645,2026-04-15T19:59:22Z
BOIL,13.165,2026-04-15T19:59:54Z
BOKF,135.06,2026-04-15T19:59:55Z
BOLD,1.64,2026-04-15T19:59:50Z
BOLT,4.78,2026-04-15T18:05:44Z
BOND,92.825,2026-04-15T19:57:14Z
BOOM,5.35,2026-04-15T19:59:46Z
BOOT,158.005,2026-04-15T19:59:39Z
BORR,5.5,2026-04-15T19:59:57Z
BOSC,4.58,2026-04-15T18:23:18Z
BOTJ,22.28,2026-04-15T14:59:01Z
BOTZ,36.725,2026-04-15T19:59:56Z
BOW,24.23,2026-04-15T19:59:46Z
BOX,23.81,2026-04-15T19:59:54Z
BOXL,1.205,2026-04-15T19:52:36Z
BOXX,116.33,2026-04-15T19:59:57Z
BP,46.115,2026-04-15T19:59:59Z
BPOP,144.88,2026-04-15T19:59:43Z
BPRE,16.26,2026-04-15T19:58:46Z
BPRO,23.55,2026-04-15T15:07:52Z
BPYPN,13.61,2026-04-15T19:04:34Z
BPYPO,15.24,2026-04-15T17:32:47Z
BQ,0.7995,2026-04-15T18:19:39Z
BR,160.91,2026-04-15T19:59:47Z
BRBI,15.72,2026-04-15T19:43:20Z
BRBR,15.95,2026-04-15T19:59:50Z
BRBS,3.51,2026-04-15T19:59:58Z
BRC,82.635,2026-04-15T19:53:21Z
BRCB,14.405,2026-04-15T19:59:14Z
BRCC,0.8383,2026-04-15T19:59:50Z
BRF,19.75,2026-04-15T16:09:38Z
BRIE,28.84,2026-04-15T18:48:49Z
BRK.B,474,2026-04-15T19:59:59Z
BRKR,39.485,2026-04-15T19:59:36Z
BRKU,21.29,2026-04-15T19:58:20Z
BRKW,39.15,2026-04-15T19:42:13Z
BRLS,0.925,2026-04-15T16:38:27Z
BRLT,1.32,2026-04-15T19:14:06Z
BRN,1.07,2026-04-15T19:59:22Z
BRNS,0.6354,2026-04-15T14:41:56Z
BRO,67.4,2026-04-15T19:59:44Z
BROS,51.78,2026-04-15T19:59:53Z
BRR,1.935,2026-04-15T19:59:44Z
BRRR,21.175,2026-04-15T19:59:46Z
BRSL,12.81,2026-04-15T19:59:59Z
BRSP,5.955,2026-04-15T19:59:58Z
BRT,14.385,2026-04-15T19:57:39Z
BRTR,50.52,2026-04-15T19:50:06Z
BRTX,0.2643,2026-04-15T19:59:51Z
BRW,6.71,2026-04-15T19:51:43Z
BRX,30.13,2026-04-15T19:59:57Z
BRZE,22.775,2026-04-15T19:59:54Z
BRZU,132.15,2026-04-15T13:30:01Z
BSAC,35.56,2026-04-15T19:59:50Z
BSBR,6.37,2026-04-15T19:59:51Z
BSCQ,19.565,2026-04-15T19:45:34Z
BSCR,19.685,2026-04-15T19:59:25Z
BSCS,20.505,2026-04-15T19:59:44Z
BSCT,18.755,2026-04-15T19:59:59Z
BSCU,16.84,2026-04-15T19:59:46Z
BSCV,16.6,2026-04-15T19:56:20Z
BSCW,20.8,2026-04-15T19:52:25Z
BSCX,21.36,2026-04-15T19:53:04Z
BSCY,20.93,2026-04-15T18:50:25Z
BSCZ,20.76,2026-04-15T13:36:25Z
BSJQ,23.26,2026-04-15T19:38:45Z
BSJR,22.535,2026-04-15T19:58:30Z
BSJS,21.89,2026-04-15T19:59:52Z
BSJT,21.31,2026-04-15T19:53:28Z
BSJU,25.985,2026-04-15T18:59:29Z
BSJV,26.49,2026-04-15T13:33:35Z
BSL,12.95,2026-04-15T19:03:20Z
BSM,13.65,2026-04-15T19:59:26Z
BSMR,23.685,2026-04-15T19:13:44Z
BSMS,23.495,2026-04-15T19:59:24Z
BSMU,21.985,2026-04-15T19:59:46Z
BSMV,21.07,2026-04-15T15:13:20Z
BSMW,25.11,2026-04-15T15:13:20Z
BSMZ,25.48,2026-04-15T19:37:52Z
BSOL,11.505,2026-04-15T19:59:51Z
BSSX,25.63,2026-04-15T17:34:12Z
BST,40.92,2026-04-15T18:57:51Z
BSTZ,24.255,2026-04-15T19:52:45Z
BSV,78.41,2026-04-15T19:59:55Z
BSVN,43,2026-04-15T16:45:25Z
BSVO,26.66,2026-04-15T15:20:13Z
BSX,64.6,2026-04-15T19:59:59Z
BSY,34.08,2026-04-15T19:59:48Z
BTAI,1.06,2026-04-15T19:59:50Z
BTAL,12.815,2026-04-15T19:59:53Z
BTBD,1.81,2026-04-15T19:59:47Z
BTBT,1.52,2026-04-15T19:59:54Z
BTC,33.205,2026-04-15T19:59:58Z
BTCI,35.75,2026-04-15T19:59:50Z
BTCO,74.79,2026-04-15T19:36:07Z
BTCS,1.795,2026-04-15T19:59:53Z
BTCT,1.21,2026-04-15T16:41:08Z
BTCZ,4.415,2026-04-15T19:59:28Z
BTDR,12.59,2026-04-15T19:59:59Z
BTE,4.205,2026-04-15T19:59:48Z
BTG,4.905,2026-04-15T19:59:54Z
BTGO,10.5,2026-04-15T19:59:54Z
BTI,56.68,2026-04-15T19:59:57Z
BTM,4.155,2026-04-15T19:59:11Z
BTMD,1.975,2026-04-15T19:59:58Z
BTO,37.53,2026-04-15T13:30:00Z
BTOC,0.2842,2026-04-15T18:57:37Z
BTOG,2.7,2026-04-15T18:53:47Z
BTQ,3.52,2026-04-15T19:59:59Z
BTSG,46.02,2026-04-15T19:59:56Z
BTT,23.05,2026-04-15T19:43:24Z
BTTC,1.55,2026-04-15T19:59:26Z
BTU,28.04,2026-04-15T19:59:54Z
BTX,7.35,2026-04-15T19:59:50Z
BTZ,10.44,2026-04-15T19:59:56Z
BUCK,23.595,2026-04-15T19:58:51Z
BUD,75.295,2026-04-15T19:59:54Z
BUFB,37.69,2026-04-15T15:45:52Z
BUFC,41.57,2026-04-15T14:58:41Z
BUFD,28.9,2026-04-15T19:59:50Z
BUFE,20.92,2026-04-15T17:01:24Z
BUFF,51.21,2026-04-15T19:46:54Z
BUFG,28.12,2026-04-15T17:03:40Z
BUFH,21.13,2026-04-15T17:49:49Z
BUFI,41.8,2026-04-15T18:50:27Z
BUFP,30.98,2026-04-15T19:56:10Z
BUFQ,37.33,2026-04-15T19:59:50Z
BUFR,35.235,2026-04-15T19:57:00Z
BUFZ,27.16,2026-04-15T19:59:50Z
BUG,25.06,2026-04-15T19:59:54Z
BUI,26.75,2026-04-15T16:39:29Z
BULG,1.81,2026-04-15T19:47:53Z
BULL,6.46,2026-04-15T19:59:56Z
BULLW,2.06,2026-04-15T14:53:32Z
BULX,4.27,2026-04-15T16:24:15Z
BULZ,28.25,2026-04-15T19:59:25Z
BUR,4.74,2026-04-15T19:59:59Z
BURL,339.42,2026-04-15T19:59:51Z
BURU,0.2155,2026-04-15T19:59:58Z
BUSE,26.6,2026-04-15T19:59:59Z
BUXX,20.26,2026-04-15T19:59:46Z
BUYW,14.365,2026-04-15T16:08:28Z
BUZZ,33.24,2026-04-15T19:59:09Z
BV,12.14,2026-04-15T19:59:57Z
BVC,10.5,2026-04-15T19:27:19Z
BVFL,20.13,2026-04-15T19:06:03Z
BVN,35.36,2026-04-15T19:59:32Z
BVS,10.57,2026-04-15T19:59:57Z
BW,18.345,2026-04-15T19:59:59Z
BW-A,21.82,2026-04-15T19:46:29Z
BWA,52.495,2026-04-15T19:59:59Z
BWAY,15.72,2026-04-15T19:59:32Z
BWB,18.8,2026-04-15T19:59:29Z
BWEN,2.22,2026-04-15T18:30:45Z
BWET,118.01,2026-04-15T18:55:55Z
BWFG,51.935,2026-04-15T14:26:36Z
BWG,8.19,2026-04-15T19:56:57Z
BWIN,22.83,2026-04-15T19:59:59Z
BWLP,17.98,2026-04-15T19:58:54Z
BWMN,31.79,2026-04-15T19:58:45Z
BWX,22.345,2026-04-15T19:57:38Z
BWXT,238.545,2026-04-15T19:59:46Z
BWZ,27.42,2026-04-15T19:59:58Z
BX,130.2,2026-04-15T19:59:58Z
BXC,54.92,2026-04-15T17:14:58Z
BXMT,20.12,2026-04-15T19:59:59Z
BXP,55.94,2026-04-15T19:59:50Z
BXSL,24.77,2026-04-15T19:59:55Z
BY,33.135,2026-04-15T19:42:54Z
BYAH,1.085,2026-04-15T16:28:11Z
BYD,85.84,2026-04-15T19:59:45Z
BYLD,22.72,2026-04-15T18:55:18Z
BYND,0.7499,2026-04-15T19:59:58Z
BYRN,6.7,2026-04-15T19:59:52Z
BZ,14.225,2026-04-15T19:59:59Z
BZAI,1.655,2026-04-15T19:59:56Z
BZFD,0.7191,2026-04-15T16:05:53Z
BZH,21.83,2026-04-15T19:59:58Z
BZQ,8.4,2026-04-15T19:59:45Z
BZUN,2.68,2026-04-15T19:59:56Z
C,131.66,2026-04-15T19:59:56Z
C-N,30.12,2026-04-15T16:28:08Z
C-R,25.4,2026-04-15T19:58:47Z
CAAP,26.24,2026-04-15T19:57:53Z
CAAS,4.26,2026-04-15T19:56:26Z
CABA,3.4,2026-04-15T19:59:57Z
CABO,94.21,2026-04-15T15:00:18Z
CAC,50.39,2026-04-15T19:57:51Z
CACC,497.06,2026-04-15T19:59:58Z
CACI,531.39,2026-04-15T19:59:05Z
CADL,5.145,2026-04-15T19:59:56Z
CAE,27.97,2026-04-15T19:59:49Z
CAEP,10.335,2026-04-15T19:16:35Z
CAF,17.915,2026-04-15T18:43:54Z
CAFX,24.87,2026-04-15T19:17:58Z
CAG,14.08,2026-04-15T19:59:57Z
CAH,211.87,2026-04-15T19:59:55Z
CAI,20.96,2026-04-15T19:59:59Z
CAIE,26.55,2026-04-15T19:54:23Z
CAIQ,25.68,2026-04-15T19:16:40Z
CAKE,61.44,2026-04-15T19:59:49Z
CAL,12.94,2026-04-15T19:59:25Z
CALC,0.6317,2026-04-15T19:46:26Z
CALF,46.47,2026-04-15T19:55:03Z
CALI,50.41,2026-04-15T19:22:02Z
CALM,74.99,2026-04-15T19:59:39Z
CALX,49.155,2026-04-15T19:59:47Z
CALY,13.94,2026-04-15T19:59:59Z
CAM,25.05,2026-04-15T19:57:21Z
CAML,38.06,2026-04-15T17:16:51Z
CAMP,4.53,2026-04-15T19:58:36Z
CAMT,179.165,2026-04-15T19:39:14Z
CAN,0.5561,2026-04-15T19:59:52Z
CANE,9.19,2026-04-15T18:30:34Z
CANF,3.19,2026-04-15T19:56:48Z
CANG,0.4545,2026-04-15T19:59:50Z
CANQ,29.15,2026-04-15T15:31:56Z
CAOS,90.53,2026-04-15T19:59:46Z
CAPL,21.06,2026-04-15T18:38:49Z
CAPR,35.02,2026-04-15T19:59:56Z
CAR,395.41,2026-04-15T19:59:59Z
CARD,2.79,2026-04-15T19:59:45Z
CARE,24.31,2026-04-15T19:59:49Z
CARG,35.86,2026-04-15T19:59:55Z
CARL,10.95,2026-04-15T19:59:49Z
CARR,58.555,2026-04-15T19:59:58Z
CARS,10.18,2026-04-15T19:59:53Z
CART,41.3,2026-04-15T19:59:59Z
CARU,24.92,2026-04-15T17:37:28Z
CARY,20.895,2026-04-15T19:53:30Z
CARZ,91.96,2026-04-15T18:45:45Z
CASH,96.5,2026-04-15T19:59:29Z
CASS,46.93,2026-04-15T19:57:45Z
CAST,3.93,2026-04-15T19:46:20Z
CASY,736.975,2026-04-15T19:59:48Z
CAT,770.11,2026-04-15T19:59:48Z
CATF,50.12,2026-04-15T19:56:29Z
CATH,83.83,2026-04-15T14:24:07Z
CATO,2.95,2026-04-15T19:54:23Z
CATX,4.39,2026-04-15T19:59:59Z
CATY,53.31,2026-04-15T19:59:54Z
CAVA,88.465,2026-04-15T19:59:54Z
CB,327.27,2026-04-15T19:59:57Z
CBAN,20.99,2026-04-15T19:59:50Z
CBC,24.945,2026-04-15T19:59:55Z
CBIO,20.05,2026-04-15T19:59:45Z
CBK,28.23,2026-04-15T19:58:09Z
CBL,42.32,2026-04-15T19:57:45Z
CBLL,20.55,2026-04-15T19:59:36Z
CBNK,31.9,2026-04-15T19:50:36Z
CBOE,304.535,2026-04-15T19:59:20Z
CBON,23.64,2026-04-15T13:47:05Z
CBRE,147.46,2026-04-15T19:59:51Z
CBRL,29.3,2026-04-15T19:59:52Z
CBSE,44.64,2026-04-15T14:24:28Z
CBSH,50.71,2026-04-15T19:59:52Z
CBT,73.28,2026-04-15T19:59:07Z
CBTO,20.18,2026-04-15T19:59:46Z
CBTY,19.88,2026-04-15T16:41:08Z
CBU,61.7,2026-04-15T19:59:51Z
CBUS,1.45,2026-04-15T19:59:57Z
CBXA,22.27,2026-04-15T19:54:25Z
CBZ,30.35,2026-04-15T19:59:59Z
CC,23.045,2026-04-15T19:59:52Z
CCAP,13.405,2026-04-15T19:59:57Z
CCB,83.19,2026-04-15T19:59:50Z
CCBG,46.25,2026-04-15T18:14:42Z
CCC,5.375,2026-04-15T19:59:59Z
CCCC,2.89,2026-04-15T19:59:55Z
CCD,23.35,2026-04-15T16:26:07Z
CCEP,96.18,2026-04-15T19:59:49Z
CCG,0.7048,2026-04-15T15:23:56Z
CCHH,0.5707,2026-04-15T16:11:32Z
CCI,85.62,2026-04-15T19:59:53Z
CCID,25.29,2026-04-15T19:03:27Z
CCIF,3.365,2026-04-15T16:54:48Z
CCIIU,10.38,2026-04-15T19:07:21Z
CCIX,10.74,2026-04-15T19:58:36Z
CCJ,119.13,2026-04-15T19:59:59Z
CCK,105,2026-04-15T19:59:26Z
CCL,28.83,2026-04-15T19:59:59Z
CCLD,3.04,2026-04-15T19:59:59Z
CCNE,30.51,2026-04-15T19:59:04Z
CCNR,40.33,2026-04-15T17:24:45Z
CCO,2.4,2026-04-15T19:59:56Z
CCOI,23.515,2026-04-15T19:59:56Z
CCRN,10.05,2026-04-15T19:59:56Z
CCS,58.87,2026-04-15T19:59:42Z
CCSI,25.46,2026-04-15T19:58:06Z
CCTG,0.5191,2026-04-15T17:26:27Z
CCU,12.16,2026-04-15T19:59:53Z
CCUP,5.45,2026-04-15T19:59:52Z
CD,4.715,2026-04-15T19:55:00Z
CDC,71.88,2026-04-15T19:53:38Z
CDE,19.67,2026-04-15T19:59:59Z
CDIG,26.47,2026-04-15T14:03:11Z
CDIO,1.99,2026-04-15T19:57:34Z
CDLR,26.265,2026-04-15T19:50:58Z
CDLX,1.02,2026-04-15T19:59:53Z
CDNA,17.57,2026-04-15T19:59:59Z
CDNL,52.11,2026-04-15T19:59:09Z
CDNS,303.56,2026-04-15T19:59:51Z
CDP,32.4,2026-04-15T19:59:51Z
CDRE,33.05,2026-04-15T19:59:02Z
CDW,129.62,2026-04-15T19:59:49Z
CDX,21.69,2026-04-15T19:55:58Z
CDXS,2.455,2026-04-15T19:59:58Z
CDZI,4.92,2026-04-15T19:59:57Z
CE,64.79,2026-04-15T19:59:47Z
CECO,64.46,2026-04-15T19:55:00Z
CEF,49.725,2026-04-15T19:59:51Z
CEG,294.63,2026-04-15T19:59:55Z
CEGX,17.57,2026-04-15T18:18:27Z
CELC,123.48,2026-04-15T19:59:38Z
CELH,35.29,2026-04-15T19:59:59Z
CELZ,2.24,2026-04-15T14:33:10Z
CENN,3.98,2026-04-15T19:59:48Z
CENT,37.565,2026-04-15T19:57:26Z
CENTA,33.67,2026-04-15T19:59:32Z
CENX,64.13,2026-04-15T19:59:40Z
CEPI,32.045,2026-04-15T17:50:46Z
CEPS,10.105,2026-04-15T15:46:53Z
CEPT,11.28,2026-04-15T19:59:48Z
CEPU,15.42,2026-04-15T19:59:36Z
CERS,2.025,2026-04-15T19:59:49Z
CERT,6.15,2026-04-15T19:59:49Z
CERY,35.63,2026-04-15T17:13:07Z
CET,52.83,2026-04-15T18:49:51Z
CETX,1.255,2026-04-15T19:59:36Z
CETY,0.7923,2026-04-15T16:03:47Z
CEVA,22.17,2026-04-15T19:59:46Z
CF,120.81,2026-04-15T19:59:56Z
CFFN,7.57,2026-04-15T19:59:46Z
CFG,65.2,2026-04-15T19:59:56Z
CFG-E,19.11,2026-04-15T14:03:01Z
CFG-I,25.125,2026-04-15T15:35:34Z
CFIT,25.49,2026-04-15T13:49:12Z
CFND,3.65,2026-04-15T18:29:46Z
CFO,76.66,2026-04-15T19:59:50Z
CFR,142.02,2026-04-15T19:59:54Z
CFR-B,17.3,2026-04-15T18:33:17Z
CG,52.045,2026-04-15T19:59:57Z
CGAU,19.385,2026-04-15T19:59:59Z
CGBD,11.77,2026-04-15T19:59:53Z
CGBL,36.48,2026-04-15T19:59:58Z
CGC,1.17,2026-04-15T19:59:55Z
CGCB,26.445,2026-04-15T19:57:24Z
CGCP,22.55,2026-04-15T19:59:48Z
CGCT,10.29,2026-04-15T15:33:16Z
CGCTW,0.845,2026-04-15T19:42:51Z
CGCV,31.01,2026-04-15T19:59:41Z
CGDG,37.175,2026-04-15T19:59:10Z
CGDV,45.38,2026-04-15T19:59:40Z
CGEM,14.945,2026-04-15T19:59:59Z
CGEN,2.9,2026-04-15T19:59:16Z
CGGE,32.915,2026-04-15T19:59:21Z
CGGO,37.07,2026-04-15T19:59:50Z
CGGR,44.155,2026-04-15T19:59:57Z
CGHM,25.585,2026-04-15T19:57:49Z
CGHY,25.44,2026-04-15T18:51:12Z
CGIB,25.32,2026-04-15T19:54:13Z
CGIC,35.18,2026-04-15T19:59:24Z
CGIE,36.02,2026-04-15T19:57:30Z
CGMM,31.27,2026-04-15T19:59:46Z
CGMS,27.66,2026-04-15T19:58:12Z
CGMU,27.4,2026-04-15T19:59:50Z
CGNG,34.52,2026-04-15T19:59:58Z
CGNT,9.68,2026-04-15T19:59:54Z
CGNX,54.655,2026-04-15T19:59:53Z
CGO,12.48,2026-04-15T18:43:34Z
CGON,67.67,2026-04-15T19:59:58Z
CGSD,25.92,2026-04-15T19:56:14Z
CGSM,26.36,2026-04-15T19:53:21Z
CGTX,1.095,2026-04-15T19:58:17Z
CGUI,25.34,2026-04-15T18:00:00Z
CGUS,41.615,2026-04-15T19:57:23Z
CGVV,28.54,2026-04-15T17:29:51Z
CGXU,32,2026-04-15T19:59:50Z
CHA,10.44,2026-04-15T19:59:55Z
CHAT,73.14,2026-04-15T19:59:46Z
CHAU,22.41,2026-04-15T19:58:01Z
CHCI,18.54,2026-04-15T16:24:00Z
CHCO,125.82,2026-04-15T19:03:52Z
CHCT,17.39,2026-04-15T19:59:52Z
CHD,94.64,2026-04-15T19:59:54Z
CHDN,92.01,2026-04-15T19:59:52Z
CHE,377.64,2026-04-15T19:59:48Z
CHEF,64.51,2026-04-15T19:59:59Z
CHGG,1.085,2026-04-15T19:59:57Z
CHGX,28.825,2026-04-15T19:59:45Z
CHH,116.59,2026-04-15T19:59:14Z
CHI,11.74,2026-04-15T19:58:40Z
CHIQ,20.51,2026-04-15T18:51:33Z
CHKP,134.65,2026-04-15T19:59:55Z
CHMI,2.665,2026-04-15T18:20:03Z
CHMI-A,20.62,2026-04-15T16:22:41Z
CHNU,21.62,2026-04-15T14:51:33Z
CHOW,0.4614,2026-04-15T19:53:49Z
CHPS,64.445,2026-04-15T19:58:52Z
CHPT,6.25,2026-04-15T19:59:54Z
CHPX,68.2,2026-04-15T16:56:35Z
CHPY,62.38,2026-04-15T19:59:46Z
CHRD,129.94,2026-04-15T19:59:36Z
CHRS,1.88,2026-04-15T19:59:40Z
CHRW,168.115,2026-04-15T19:59:44Z
CHSCL,25.55,2026-04-15T16:36:32Z
CHSCM,24.93,2026-04-15T15:41:38Z
CHT,42.92,2026-04-15T19:59:47Z
CHTR,220.25,2026-04-15T19:59:57Z
CHW,8.03,2026-04-15T19:35:27Z
CHWY,27.17,2026-04-15T19:59:59Z
CHY,11.99,2026-04-15T19:58:06Z
CHYM,23.42,2026-04-15T19:59:52Z
CI,268.63,2026-04-15T19:59:59Z
CIA,5.405,2026-04-15T19:58:36Z
CIB,75.36,2026-04-15T19:57:47Z
CIBR,64.56,2026-04-15T19:59:29Z
CICB,25,2026-04-15T18:16:54Z
CIEN,476.73,2026-04-15T19:59:35Z
CIFG,9.49,2026-04-15T19:51:03Z
CIFR,17.99,2026-04-15T19:59:58Z
CIFU,22.59,2026-04-15T16:20:56Z
CIG,2.675,2026-04-15T19:59:47Z
CIGI,113.71,2026-04-15T19:59:39Z
CII,23.26,2026-04-15T19:37:13Z
CIIT,1.595,2026-04-15T19:59:50Z
CIK,2.605,2026-04-15T19:59:46Z
CIM,13.66,2026-04-15T19:59:59Z
CIM-A,21.95,2026-04-15T16:24:05Z
CIM-B,24.1,2026-04-15T18:10:32Z
CIM-C,22.15,2026-04-15T19:42:44Z
CIM-D,23.96,2026-04-15T16:17:45Z
CIMN,25.52,2026-04-15T19:42:54Z
CINF,162.96,2026-04-15T19:59:51Z
CING,5.215,2026-04-15T19:59:18Z
CINT,4.695,2026-04-15T19:53:35Z
CION,7.62,2026-04-15T19:59:58Z
CISO,0.3432,2026-04-15T18:52:28Z
CISS,0.8229,2026-04-15T17:40:48Z
CITR,8.51,2026-04-15T19:28:23Z
CIVB,24,2026-04-15T19:55:40Z
CIX,23.27,2026-04-15T15:57:06Z
CJMB,1.11,2026-04-15T14:46:47Z
CL,83.495,2026-04-15T19:59:51Z
CLAR,2.73,2026-04-15T19:59:59Z
CLB,16.47,2026-04-15T19:59:54Z
CLBK,18.33,2026-04-15T19:59:50Z
CLBR,10.06,2026-04-15T19:57:41Z
CLBT,12.52,2026-04-15T19:59:59Z
CLDI,0.2659,2026-04-15T19:59:23Z
CLDT,8.7,2026-04-15T19:59:52Z
CLDT-A,20.14,2026-04-15T15:02:13Z
CLDX,33.84,2026-04-15T19:59:56Z
CLF,9.665,2026-04-15T19:59:58Z
CLFD,27.84,2026-04-15T19:58:37Z
CLGN,0.3398,2026-04-15T19:51:22Z
CLH,296.1,2026-04-15T19:59:37Z
CLIP,100.2,2026-04-15T19:35:03Z
CLLS,4.06,2026-04-15T16:42:01Z
CLM,7.56,2026-04-15T19:54:02Z
CLMB,22.915,2026-04-15T19:49:15Z
CLMT,32.02,2026-04-15T19:59:44Z
CLNE,2.3,2026-04-15T19:59:57Z
CLNK,16.925,2026-04-15T18:53:56Z
CLNN,6.33,2026-04-15T19:38:21Z
CLOA,51.795,2026-04-15T19:56:41Z
CLOB,50.05,2026-04-15T19:11:15Z
CLOI,52.615,2026-04-15T19:59:44Z
CLOU,19.06,2026-04-15T19:58:40Z
CLOV,2.145,2026-04-15T19:59:49Z
CLOX,25.515,2026-04-15T19:54:30Z
CLOZ,25.87,2026-04-15T19:59:59Z
CLPR,3.34,2026-04-15T19:52:20Z
CLPT,10.46,2026-04-15T19:59:57Z
CLRB,3,2026-04-15T18:14:33Z
CLS,381.505,2026-04-15T19:59:49Z
CLSE,30.22,2026-04-15T19:54:00Z
CLSK,11.27,2026-04-15T19:59:57Z
CLSM,24.575,2026-04-15T19:56:00Z
CLSX,13.94,2026-04-15T19:24:16Z
CLSZ,12.55,2026-04-15T17:08:51Z
CLVT,2.475,2026-04-15T19:59:56Z
CLW,14.9,2026-04-15T19:59:58Z
CLX,102.9,2026-04-15T19:59:53Z
CLYM,8.62,2026-04-15T19:59:46Z
CM,107.35,2026-04-15T19:59:00Z
CMBS,48.88,2026-04-15T18:32:01Z
CMBT,13.105,2026-04-15T19:59:51Z
CMC,64.94,2026-04-15T19:59:48Z
CMCL,25.02,2026-04-15T17:07:33Z
CMCM,5.7,2026-04-15T14:30:56Z
CMCO,15.12,2026-04-15T19:59:54Z
CMCSA,28.28,2026-04-15T19:59:58Z
CMCT,0.7555,2026-04-15T19:59:00Z
CMDB,16.86,2026-04-15T18:51:37Z
CMDT,32.74,2026-04-15T19:59:51Z
CMDY,58.925,2026-04-15T19:55:55Z
CME,296.9,2026-04-15T19:59:56Z
CMF,57.275,2026-04-15T19:58:28Z
CMG,35.245,2026-04-15T19:59:58Z
CMGG,17.01,2026-04-15T19:55:00Z
CMI,601.69,2026-04-15T19:59:55Z
CMMB,1.65,2026-04-15T18:51:07Z
CMND,0.6677,2026-04-15T19:40:11Z
CMP,24.81,2026-04-15T19:59:49Z
CMPR,79.025,2026-04-15T19:49:10Z
CMPS,5.965,2026-04-15T19:59:54Z
CMPX,5.84,2026-04-15T19:59:59Z
CMRC,2.6,2026-04-15T19:59:56Z
CMRE,17.225,2026-04-15T19:59:53Z
CMS,77.485,2026-04-15T19:59:54Z
CMSA,21.86,2026-04-15T14:40:56Z
CMSC,22.71,2026-04-15T16:11:16Z
CMSD,23,2026-04-15T16:32:18Z
CMT,26.29,2026-04-15T19:59:18Z
CMTG,2.66,2026-04-15T19:59:58Z
CMTL,3.75,2026-04-15T19:59:45Z
CMTV,35.19,2026-04-15T16:37:58Z
CMU,3.68,2026-04-15T19:59:42Z
CNA,47.45,2026-04-15T19:59:53Z
CNAV,34.69,2026-04-15T18:17:42Z
CNC,37.6,2026-04-15T19:59:49Z
CNCK,1.94,2026-04-15T19:47:38Z
CNDT,1.55,2026-04-15T19:59:59Z
CNEQ,36.02,2026-04-15T19:58:55Z
CNET,0.7556,2026-04-15T14:30:15Z
CNH,10.645,2026-04-15T19:59:57Z
CNI,109.98,2026-04-15T19:59:48Z
CNK,29.88,2026-04-15T19:59:54Z
CNL,19.365,2026-04-15T17:53:27Z
CNM,53.385,2026-04-15T19:59:51Z
CNMD,39.46,2026-04-15T19:59:53Z
CNNE,13.045,2026-04-15T19:59:44Z
CNO,43.235,2026-04-15T19:59:22Z
CNOB,28.4,2026-04-15T19:59:57Z
CNP,42.465,2026-04-15T19:59:58Z
CNQ,45.77,2026-04-15T19:59:58Z
CNR,89.3,2026-04-15T19:59:57Z
CNS,66.23,2026-04-15T19:59:57Z
CNSP,2.72,2026-04-15T18:18:21Z
CNTA,39.6,2026-04-15T19:59:51Z
CNTB,2.95,2026-04-15T19:59:55Z
CNTN,3.59,2026-04-15T19:59:54Z
CNTX,2.5,2026-04-15T19:59:53Z
CNTY,1.48,2026-04-15T13:56:50Z
CNVS,2.39,2026-04-15T19:16:18Z
CNX,39.37,2026-04-15T19:59:57Z
CNXC,28.82,2026-04-15T19:59:43Z
CNXN,63.19,2026-04-15T19:58:33Z
CNXT,49.94,2026-04-15T17:48:17Z
CNYA,36.13,2026-04-15T19:59:47Z
COAL,26.02,2026-04-15T18:52:13Z
COCH,0.6845,2026-04-15T14:53:27Z
COCO,49.83,2026-04-15T19:59:54Z
COCP,1.53,2026-04-15T19:59:31Z
CODA,13.04,2026-04-15T19:59:31Z
CODI,10.37,2026-04-15T19:59:54Z
CODI-A,18.925,2026-04-15T15:37:13Z
CODX,1.43,2026-04-15T19:51:58Z
COEP,12.84,2026-04-15T19:48:31Z
COF,202.99,2026-04-15T19:59:51Z
COF-J,18.51,2026-04-15T18:53:37Z
COF-L,16.93,2026-04-15T19:47:31Z
COFS,30.17,2026-04-15T19:17:02Z
COGT,36.28,2026-04-15T19:59:58Z
COHR,308.23,2026-04-15T19:59:56Z
COHU,38.96,2026-04-15T19:59:55Z
COHX,41.16,2026-04-15T19:55:58Z
COIA,6.04,2026-04-15T13:37:49Z
COIG,8.555,2026-04-15T19:53:42Z
COIN,195.94,2026-04-15T19:59:55Z
COIW,13.15,2026-04-15T15:47:09Z
COKE,187.46,2026-04-15T19:59:43Z
COLB,29.105,2026-04-15T19:59:54Z
COLD,12.105,2026-04-15T19:59:57Z
COLL,34.99,2026-04-15T19:59:45Z
COLM,57.93,2026-04-15T19:59:47Z
COLO,41.35,2026-04-15T19:42:01Z
COM,33.385,2026-04-15T19:54:33Z
COMB,25.865,2026-04-15T19:59:46Z
COMP,7.29,2026-04-15T19:59:59Z
COMT,32.84,2026-04-15T19:59:05Z
CON,22.44,2026-04-15T19:59:59Z
CONI,47.15,2026-04-15T19:54:40Z
CONL,8.67,2026-04-15T19:59:59Z
CONX,10.48,2026-04-15T19:59:35Z
CONY,28.38,2026-04-15T19:56:29Z
COO,70.275,2026-04-15T19:59:54Z
COOK,38.89,2026-04-15T18:32:53Z
COOT,0.5651,2026-04-15T18:52:48Z
COP,118.93,2026-04-15T19:59:57Z
COPJ,43.67,2026-04-15T19:11:18Z
COPP,41.13,2026-04-15T19:50:46Z
COPX,86.18,2026-04-15T19:59:59Z
COPY,14.22,2026-04-15T19:56:07Z
COPZ,18.97,2026-04-15T16:09:23Z
COR,317.605,2026-04-15T19:59:58Z
CORB,29.75,2026-04-15T19:47:50Z
CORD,5.82,2026-04-15T19:59:45Z
CORN,18.06,2026-04-15T19:46:31Z
CORO,34.54,2026-04-15T19:47:55Z
CORP,97.57,2026-04-15T19:03:36Z
CORT,43.94,2026-04-15T19:59:52Z
CORZ,19.05,2026-04-15T19:59:58Z
CORZW,12.53,2026-04-15T19:59:45Z
COSM,0.3869,2026-04-15T19:58:38Z
COSO,25.55,2026-04-15T19:57:33Z
COST,984.45,2026-04-15T19:59:53Z
COTG,14.31,2026-04-15T16:34:43Z
COTY,2.305,2026-04-15T19:59:55Z
COUR,6.15,2026-04-15T19:59:56Z
COWG,35.48,2026-04-15T19:55:00Z
COWZ,62.25,2026-04-15T19:59:36Z
COYA,4.525,2026-04-15T19:59:10Z
COYY,4.2,2026-04-15T17:01:30Z
CP,81.02,2026-04-15T19:59:58Z
CPA,120.65,2026-04-15T19:59:54Z
CPAC,10.6,2026-04-15T19:59:58Z
CPAI,45.09,2026-04-15T14:27:49Z
CPAY,324.16,2026-04-15T19:59:51Z
CPB,20.49,2026-04-15T19:59:55Z
CPER,37.27,2026-04-15T19:59:50Z
CPF,33.82,2026-04-15T19:58:54Z
CPIX,3.19,2026-04-15T19:54:05Z
CPK,127.84,2026-04-15T19:56:14Z
CPLB,21.13,2026-04-15T14:05:21Z
CPNG,21.3,2026-04-15T19:59:59Z
CPNQ,26.83,2026-04-15T19:50:56Z
CPOP,0.3107,2026-04-15T15:44:44Z
CPRI,19.775,2026-04-15T19:59:57Z
CPRT,33.35,2026-04-15T19:59:58Z
CPRX,25.84,2026-04-15T19:59:59Z
CPRY,27.44,2026-04-15T17:11:23Z
CPS,30.485,2026-04-15T19:59:37Z
CPSA,27.31,2026-04-15T19:56:54Z
CPSH,5.23,2026-04-15T19:59:26Z
CPSM,28.99,2026-04-15T19:39:46Z
CPSN,27.18,2026-04-15T14:36:10Z
CPSP,26.69,2026-04-15T15:44:24Z
CPSR,25.58,2026-04-15T18:47:56Z
CPT,101.36,2026-04-15T19:59:49Z
CPXR,29.03,2026-04-15T19:59:51Z
CPZ,13.97,2026-04-15T19:25:10Z
CQP,61.5,2026-04-15T19:59:18Z
CQQQ,48.94,2026-04-15T19:59:58Z
CR,190.38,2026-04-15T19:59:49Z
CRAC,10.04,2026-04-15T18:52:56Z
CRAI,161.06,2026-04-15T19:29:30Z
CRAK,47.745,2026-04-15T19:57:16Z
CRANR,0.2,2026-04-15T17:00:56Z
CRBD,23.99,2026-04-15T19:08:04Z
CRBG,26.82,2026-04-15T19:59:56Z
CRBP,10.01,2026-04-15T19:41:58Z
CRBU,2.195,2026-04-15T19:59:43Z
CRC,64.96,2026-04-15T19:59:31Z
CRCA,48.5,2026-04-15T19:59:18Z
CRCD,4.97,2026-04-15T19:59:14Z
CRCG,3.2,2026-04-15T19:59:50Z
CRCL,105.55,2026-04-15T19:59:53Z
CRCO,24,2026-04-15T15:17:55Z
CRCT,4.32,2026-04-15T19:59:57Z
CRD.A,10.795,2026-04-15T19:28:53Z
CRDF,1.69,2026-04-15T19:59:52Z
CRDL,1.44,2026-04-15T19:59:47Z
CRDO,168.37,2026-04-15T19:59:58Z
CRDU,45.46,2026-04-15T19:56:29Z
CREG,0.6296,2026-04-15T19:59:29Z
CRESY,11.46,2026-04-15T19:59:55Z
CREX,3.8,2026-04-15T18:22:51Z
CRF,7.245,2026-04-15T19:59:45Z
CRGO,1.85,2026-04-15T19:31:03Z
CRGY,12.21,2026-04-15T19:59:58Z
CRH,116.19,2026-04-15T19:59:53Z
CRI,36.235,2026-04-15T19:59:55Z
CRIS,0.6676,2026-04-15T19:57:24Z
CRK,16.27,2026-04-15T19:59:53Z
CRL,180.87,2026-04-15T19:58:54Z
CRM,177.615,2026-04-15T19:59:54Z
CRMD,7.23,2026-04-15T19:59:56Z
CRMG,5.66,2026-04-15T19:59:59Z
CRML,8.89,2026-04-15T19:59:59Z
CRMT,11.56,2026-04-15T19:59:52Z
CRMU,6.51,2026-04-15T17:10:24Z
CRMX,15.27,2026-04-15T19:08:33Z
CRNC,8.36,2026-04-15T19:59:47Z
CRNT,2.53,2026-04-15T19:58:41Z
CRNX,39.76,2026-04-15T19:59:48Z
CRON,2.725,2026-04-15T19:59:49Z
CROX,102.48,2026-04-15T19:59:57Z
CRPT,13.74,2026-04-15T19:34:54Z
CRS,429.26,2026-04-15T19:59:00Z
CRSH,24.44,2026-04-15T17:15:51Z
CRSP,56.78,2026-04-15T19:59:56Z
CRSR,6.16,2026-04-15T19:59:52Z
CRT,10.54,2026-04-15T19:49:06Z
CRTO,19.395,2026-04-15T19:59:18Z
CRUS,157.71,2026-04-15T19:59:42Z
CRUX,30.18,2026-04-15T19:57:00Z
CRVL,55.93,2026-04-15T19:57:07Z
CRVO,4.07,2026-04-15T19:42:31Z
CRVS,15.11,2026-04-15T19:59:59Z
CRWD,411.21,2026-04-15T19:59:56Z
CRWG,5.4,2026-04-15T19:59:40Z
CRWL,20.47,2026-04-15T19:18:34Z
CRWS,2.74,2026-04-15T13:48:39Z
CRWU,10.06,2026-04-15T19:59:50Z
CRWV,118.65,2026-04-15T19:59:57Z
CSAI,0.64,2026-04-15T19:50:18Z
CSAN,4.34,2026-04-15T19:59:55Z
CSCL,32.55,2026-04-15T19:53:22Z
CSCO,82.305,2026-04-15T19:59:59Z
CSCS,19.71,2026-04-15T13:38:58Z
CSD,123.59,2026-04-15T16:42:11Z
CSGP,39.3,2026-04-15T19:59:51Z
CSGS,80.35,2026-04-15T19:59:49Z
CSHI,49.73,2026-04-15T19:59:46Z
CSHR,6.27,2026-04-15T19:59:00Z
CSIO,28.08,2026-04-15T14:05:53Z
CSIQ,13.64,2026-04-15T19:59:52Z
CSL,350.61,2026-04-15T19:59:33Z
CSM,80.2,2026-04-15T13:51:42Z
CSMD,32.82,2026-04-15T19:52:49Z
CSNR,37.415,2026-04-15T19:39:20Z
CSQ,19.06,2026-04-15T19:55:00Z
CSR,62.5,2026-04-15T19:57:52Z
CSRE,28.14,2026-04-15T19:59:58Z
CSTE,1.645,2026-04-15T19:58:15Z
CSTL,24.63,2026-04-15T19:59:48Z
CSTM,29.665,2026-04-15T19:59:56Z
CSV,46.87,2026-04-15T19:59:36Z
CSW,285.25,2026-04-15T19:57:44Z
CSWC,24,2026-04-15T19:59:53Z
CSX,42.08,2026-04-15T19:59:58Z
CTA,29.3,2026-04-15T19:59:50Z
CTAP,28.085,2026-04-15T19:59:46Z
CTAS,176.49,2026-04-15T19:59:51Z
CTBI,65.86,2026-04-15T19:56:21Z
CTDD,19.655,2026-04-15T18:34:53Z
CTEV,19.025,2026-04-15T19:51:32Z
CTGO,24.735,2026-04-15T19:59:58Z
CTKB,4.69,2026-04-15T19:59:57Z
CTLP,10.82,2026-04-15T19:59:57Z
CTM,0.722,2026-04-15T19:55:54Z
CTMX,4.555,2026-04-15T19:59:57Z
CTNM,13.24,2026-04-15T19:59:54Z
CTNT,0.1687,2026-04-15T19:59:53Z
CTO,19.64,2026-04-15T19:59:50Z
CTOR,0.7802,2026-04-15T16:25:03Z
CTOS,7.17,2026-04-15T19:59:57Z
CTRA,31.6,2026-04-15T19:59:59Z
CTRE,39.74,2026-04-15T19:59:53Z
CTRI,33.1,2026-04-15T19:59:51Z
CTRM,1.75,2026-04-15T15:21:44Z
CTRN,47.375,2026-04-15T19:59:13Z
CTS,54.76,2026-04-15T19:05:43Z
CTSH,60.35,2026-04-15T19:59:55Z
CTVA,81.33,2026-04-15T19:59:54Z
CTXR,0.8601,2026-04-15T19:49:46Z
CUBB,22.82,2026-04-15T19:23:24Z
CUBE,38.945,2026-04-15T19:59:50Z
CUBI,76,2026-04-15T19:59:46Z
CUE,0.7247,2026-04-15T19:59:51Z
CUK,28.805,2026-04-15T19:59:58Z
CULP,2.985,2026-04-15T19:52:20Z
CUPR,0.3613,2026-04-15T19:57:07Z
CURB,27.17,2026-04-15T19:59:51Z
CURE,93.56,2026-04-15T19:38:12Z
CURI,3.32,2026-04-15T19:59:49Z
CURR,3.1,2026-04-15T19:58:04Z
CURV,2.17,2026-04-15T19:59:59Z
CUZ,23.63,2026-04-15T19:59:59Z
CV,5.97,2026-04-15T19:59:53Z
CVBF,20.3,2026-04-15T19:59:59Z
CVCO,502.68,2026-04-15T19:58:06Z
CVE,25.45,2026-04-15T19:59:58Z
CVEO,29.495,2026-04-15T19:57:07Z
CVGI,3.91,2026-04-15T19:59:55Z
CVGW,26.66,2026-04-15T19:59:50Z
CVI,31.66,2026-04-15T19:59:50Z
CVIE,78.37,2026-04-15T18:03:21Z
CVKD,4.85,2026-04-15T19:58:26Z
CVLG,28.265,2026-04-15T19:45:34Z
CVLT,93.23,2026-04-15T19:59:56Z
CVM,4.28,2026-04-15T15:07:03Z
CVNA,371.07,2026-04-15T19:59:59Z
CVNX,16.94,2026-04-15T19:24:49Z
CVNY,28.51,2026-04-15T15:50:01Z
CVRX,7.46,2026-04-15T19:59:45Z
CVS,74.99,2026-04-15T19:59:55Z
CVSA,112.58,2026-04-15T19:59:57Z
CVU,3.4,2026-04-15T19:59:39Z
CVV,4.46,2026-04-15T19:59:47Z
CVX,184.84,2026-04-15T19:59:52Z
CW,732.92,2026-04-15T19:57:13Z
CWAN,24.05,2026-04-15T19:59:59Z
CWB,98.98,2026-04-15T19:59:53Z
CWBC,24.13,2026-04-15T19:59:23Z
CWCO,33.8,2026-04-15T19:30:48Z
CWD,1.17,2026-04-15T16:09:00Z
CWEB,28.85,2026-04-15T19:59:48Z
CWEN,40.28,2026-04-15T19:59:52Z
CWEN.A,40.22,2026-04-15T19:35:06Z
CWH,6.85,2026-04-15T19:59:56Z
CWI,39.13,2026-04-15T18:47:38Z
CWII,15.31,2026-04-15T19:59:46Z
CWK,13.88,2026-04-15T19:59:59Z
CWST,81.49,2026-04-15T19:59:52Z
CWT,44.595,2026-04-15T19:58:29Z
CWVX,43.71,2026-04-15T19:59:02Z
CX,11.88,2026-04-15T19:59:58Z
CXAI,0.1833,2026-04-15T19:59:54Z
CXDO,6.4,2026-04-15T19:29:48Z
CXE,3.73,2026-04-15T19:59:54Z
CXH,8.35,2026-04-15T19:59:00Z
CXM,5.415,2026-04-15T19:59:59Z
CXRN,19.18,2026-04-15T17:44:55Z
CXSE,40.05,2026-04-15T19:59:51Z
CXT,45.87,2026-04-15T19:59:42Z
CXW,20.08,2026-04-15T19:59:49Z
CYAB,1.23,2026-04-15T19:36:29Z
CYCN,3.05,2026-04-15T19:56:48Z
CYCU,1.225,2026-04-15T19:59:56Z
CYD,42.24,2026-04-15T19:59:12Z
CYH,3.15,2026-04-15T19:59:52Z
CYN,1.725,2026-04-15T19:59:53Z
CYPH,0.8914,2026-04-15T19:59:18Z
CYRX,10.07,2026-04-15T19:59:46Z
CYTK,65.4,2026-04-15T19:59:57Z
CZNC,23.38,2026-04-15T19:51:21Z
CZR,27.29,2026-04-15T19:59:50Z
CZWI,20.42,2026-04-15T19:02:17Z
D,62.38,2026-04-15T19:59:57Z
DABS,50.66,2026-04-15T19:35:01Z
DAC,115.92,2026-04-15T19:22:00Z
DAIC,0.2012,2026-04-15T13:49:51Z
DAIO,2.475,2026-04-15T17:48:01Z
DAKT,19.08,2026-04-15T19:59:59Z
DAL,72.005,2026-04-15T19:59:56Z
DALI,29.97,2026-04-15T13:51:16Z
DAMD,12.51,2026-04-15T19:09:08Z
DAN,35.37,2026-04-15T19:59:59Z
DAO,9.67,2026-04-15T19:58:37Z
DAPP,18.47,2026-04-15T19:59:00Z
DAR,58.47,2026-04-15T19:59:48Z
DARP,51.14,2026-04-15T16:03:01Z
DASH,179.935,2026-04-15T19:59:59Z
DAT,34.915,2026-04-15T15:36:23Z
DAVA,4.74,2026-04-15T19:55:15Z
DAVE,230,2026-04-15T19:57:28Z
DAWN,21.48,2026-04-15T19:59:56Z
DAX,45.07,2026-04-15T19:13:38Z
DB,33.51,2026-04-15T19:59:56Z
DBA,27.165,2026-04-15T19:59:59Z
DBAW,45.22,2026-04-15T19:28:05Z
DBB,25.05,2026-04-15T19:59:50Z
DBC,28.88,2026-04-15T19:59:51Z
DBD,84.92,2026-04-15T19:59:25Z
DBE,28.83,2026-04-15T18:01:45Z
DBEF,51.805,2026-04-15T19:59:55Z
DBEM,35.43,2026-04-15T15:21:22Z
DBGI,1.82,2026-04-15T16:03:34Z
DBI,7.31,2026-04-15T19:59:52Z
DBL,14.4,2026-04-15T19:57:30Z
DBMF,30.265,2026-04-15T19:59:42Z
DBND,46.03,2026-04-15T19:59:45Z
DBO,20.045,2026-04-15T19:59:57Z
DBRG,15.58,2026-04-15T19:59:59Z
DBRG-H,16.275,2026-04-15T17:59:49Z
DBRG-I,16.13,2026-04-15T19:17:30Z
DBRG-J,16.27,2026-04-15T18:04:00Z
DBVT,21.24,2026-04-15T19:59:09Z
DBX,23.69,2026-04-15T19:59:53Z
DC,5.705,2026-04-15T19:59:58Z
DCBG,26.12,2026-04-15T14:06:24Z
DCBO,16.2,2026-04-15T19:55:04Z
DCGO,0.5301,2026-04-15T19:59:45Z
DCH,5.86,2026-04-15T19:59:58Z
DCI,88.555,2026-04-15T19:59:49Z
DCO,141.21,2026-04-15T19:55:20Z
DCOM,36.13,2026-04-15T19:59:59Z
DCOR,76.66,2026-04-15T18:01:45Z
DCRE,51.96,2026-04-15T17:39:31Z
DCTH,10.98,2026-04-15T19:59:56Z
DD,46.045,2026-04-15T19:59:57Z
DDC,2.07,2026-04-15T15:47:23Z
DDD,2.03,2026-04-15T19:59:58Z
DDFA,19.72,2026-04-15T17:11:36Z
DDFF,19.47,2026-04-15T19:19:54Z
DDFJ,19.29,2026-04-15T19:59:50Z
DDFN,19.6,2026-04-15T19:10:08Z
DDFO,21.94,2026-04-15T17:03:41Z
DDI,8.84,2026-04-15T16:10:54Z
DDIV,43.32,2026-04-15T15:45:27Z
DDL,2.68,2026-04-15T19:59:59Z
DDLS,45.075,2026-04-15T17:50:24Z
DDM,56.52,2026-04-15T15:52:15Z
DDNQ,20.21,2026-04-15T19:52:06Z
DDOG,121.08,2026-04-15T19:59:58Z
DDS,607.05,2026-04-15T19:59:42Z
DDSQ,20.62,2026-04-15T13:36:38Z
DDTD,19.54,2026-04-15T14:58:41Z
DDWM,46.12,2026-04-15T19:52:33Z
DDX,24.83,2026-04-15T13:57:34Z
DE,576.76,2026-04-15T19:59:44Z
DEA,23.23,2026-04-15T19:59:54Z
DEC,15.53,2026-04-15T19:59:59Z
DECK,108.92,2026-04-15T19:59:46Z
DECP,31.05,2026-04-15T14:21:09Z
DECU,27.74,2026-04-15T14:56:46Z
DECW,34.5,2026-04-15T17:13:05Z
DEFT,0.7659,2026-04-15T19:59:59Z
DEHP,37.34,2026-04-15T18:16:53Z
DEI,10.16,2026-04-15T19:59:58Z
DELL,177.32,2026-04-15T19:59:54Z
DEM,51.93,2026-04-15T19:57:03Z
DEO,79.67,2026-04-15T19:59:49Z
DERM,5.305,2026-04-15T19:59:06Z
DES,37.59,2026-04-15T19:15:44Z
DEUS,61.91,2026-04-15T14:53:40Z
DEVS,0.7209,2026-04-15T19:59:56Z
DFAC,41.42,2026-04-15T19:59:56Z
DFAE,37,2026-04-15T19:55:11Z
DFAI,41.335,2026-04-15T19:59:09Z
DFAR,25.145,2026-04-15T19:39:50Z
DFAS,75.25,2026-04-15T19:59:26Z
DFAT,64.76,2026-04-15T19:47:55Z
DFAU,48.38,2026-04-15T19:52:50Z
DFAW,78.62,2026-04-15T19:59:18Z
DFAX,36.385,2026-04-15T19:54:27Z
DFCA,50.09,2026-04-15T19:55:00Z
DFCF,42.615,2026-04-15T19:59:50Z
DFDV,4.25,2026-04-15T19:59:59Z
DFE,76.525,2026-04-15T16:42:15Z
DFEM,37.645,2026-04-15T19:59:55Z
DFEN,76.24,2026-04-15T19:25:38Z
DFEV,38.565,2026-04-15T19:58:30Z
DFGP,54.505,2026-04-15T19:49:51Z
DFGR,28.36,2026-04-15T19:59:40Z
DFGX,52.855,2026-04-15T19:58:17Z
DFH,13.5,2026-04-15T19:59:48Z
DFIC,37.62,2026-04-15T19:59:53Z
DFII,14.21,2026-04-15T15:25:20Z
DFIN,49.72,2026-04-15T19:58:36Z
DFIP,42.16,2026-04-15T19:21:41Z
DFIS,35.91,2026-04-15T19:53:04Z
DFIV,55.345,2026-04-15T19:59:51Z
DFJ,105.84,2026-04-15T18:00:31Z
DFLI,2.065,2026-04-15T19:59:41Z
DFLV,36.895,2026-04-15T19:59:45Z
DFNL,47.835,2026-04-15T19:52:13Z
DFNM,48.29,2026-04-15T19:59:51Z
DFNS,0.6252,2026-04-15T19:59:14Z
DFP,20.9,2026-04-15T19:56:26Z
DFSB,52.07,2026-04-15T18:05:58Z
DFSC,1.98,2026-04-15T16:48:37Z
DFSD,48.115,2026-04-15T19:59:45Z
DFSE,46.19,2026-04-15T17:09:59Z
DFSI,45.305,2026-04-15T15:12:23Z
DFSU,44.11,2026-04-15T18:33:51Z
DFSV,36.265,2026-04-15T19:57:16Z
DFTX,22.15,2026-04-15T19:59:50Z
DFUS,76.29,2026-04-15T19:56:05Z
DFUV,50.22,2026-04-15T19:52:45Z
DG,121.59,2026-04-15T19:59:51Z
DGCB,54.75,2026-04-15T19:55:00Z
DGICA,17.22,2026-04-15T19:59:15Z
DGICB,18.18,2026-04-15T18:39:59Z
DGII,54.025,2026-04-15T19:59:50Z
DGNX,0.5578,2026-04-15T19:59:48Z
DGP,193.57,2026-04-15T17:19:42Z
DGRO,72.34,2026-04-15T19:59:57Z
DGRS,55.23,2026-04-15T18:02:22Z
DGRW,92.635,2026-04-15T19:58:13Z
DGX,191.42,2026-04-15T19:59:56Z
DGXX,2.87,2026-04-15T19:59:54Z
DH,1.08,2026-04-15T19:59:58Z
DHC,7.44,2026-04-15T19:59:57Z
DHCNI,18.35,2026-04-15T16:51:43Z
DHDG,34.76,2026-04-15T16:40:23Z
DHF,2.44,2026-04-15T14:24:00Z
DHI,144.26,2026-04-15T19:59:43Z
DHIL,172.13,2026-04-15T19:32:55Z
DHLX,13.305,2026-04-15T19:13:50Z
DHR,198.1,2026-04-15T19:59:51Z
DHT,17.67,2026-04-15T19:59:58Z
DHX,2.94,2026-04-15T19:59:53Z
DHY,1.89,2026-04-15T19:59:51Z
DIA,484.685,2026-04-15T19:59:56Z
DIAL,18.32,2026-04-15T19:59:51Z
DIBS,5.8,2026-04-15T19:59:48Z
DIG,54.93,2026-04-15T19:59:51Z
DIHP,34.01,2026-04-15T19:55:45Z
DIM,87.8,2026-04-15T19:51:27Z
DIN,27.74,2026-04-15T19:59:48Z
DINO,58.285,2026-04-15T19:59:59Z
DIOD,90.185,2026-04-15T19:59:11Z
DIPS,44.25,2026-04-15T18:22:46Z
DIS,103.06,2026-04-15T19:59:50Z
DISV,41.51,2026-04-15T19:59:51Z
DIV,19.095,2026-04-15T19:58:16Z
DIVI,42.375,2026-04-15T19:59:46Z
DIVO,45.74,2026-04-15T19:59:50Z
DIVP,26.14,2026-04-15T14:15:58Z
DIVZ,36.73,2026-04-15T19:48:24Z
DJAN,44.07,2026-04-15T15:54:09Z
DJCO,548.64,2026-04-15T19:47:11Z
DJD,59.6,2026-04-15T15:40:07Z
DJIA,21.285,2026-04-15T19:59:06Z
DJP,47.29,2026-04-15T19:59:00Z
DJT,10.21,2026-04-15T19:59:55Z
DJTU,1.91,2026-04-15T19:58:04Z
DJTWW,4.92,2026-04-15T19:44:03Z
DJUN,48.43,2026-04-15T19:52:45Z
DK,40.9,2026-04-15T19:59:59Z
DKI,0.415,2026-04-15T19:51:28Z
DKL,48.93,2026-04-15T16:36:35Z
DKNG,23.63,2026-04-15T19:59:57Z
DKNX,19.17,2026-04-15T19:58:59Z
DKS,217.05,2026-04-15T19:59:53Z
DLAG,32.01,2026-04-15T19:48:17Z
DLB,63.04,2026-04-15T19:59:15Z
DLFE,30.64,2026-04-15T14:46:33Z
DLHC,6.22,2026-04-15T13:37:42Z
DLLL,41.14,2026-04-15T16:49:05Z
DLN,92.54,2026-04-15T19:38:55Z
DLNG,3.995,2026-04-15T19:59:48Z
DLO,13.54,2026-04-15T19:59:55Z
DLR,195.685,2026-04-15T19:59:59Z
DLR-K,22.69,2026-04-15T15:41:38Z
DLS,86.865,2026-04-15T19:59:50Z
DLTH,3.255,2026-04-15T19:59:31Z
DLTR,101.31,2026-04-15T19:59:50Z
DLX,28.91,2026-04-15T19:58:00Z
DLXY,0.625,2026-04-15T18:02:58Z
DLY,14.195,2026-04-15T18:57:09Z
DMA,8,2026-04-15T19:11:58Z
DMAA,10.54,2026-04-15T19:59:51Z
DMAC,6.58,2026-04-15T19:58:04Z
DMAR,43.65,2026-04-15T15:00:07Z
DMB,10.915,2026-04-15T19:59:35Z
DMBS,49.585,2026-04-15T19:55:27Z
DMII,10,2026-04-15T19:30:13Z
DMLP,27.775,2026-04-15T19:06:46Z
DMO,11.11,2026-04-15T16:38:46Z
DMRA,26.73,2026-04-15T19:59:54Z
DMRC,6.57,2026-04-15T19:56:50Z
DMX,50.39,2026-04-15T17:06:20Z
DMXF,81.14,2026-04-15T19:52:05Z
DNA,7.82,2026-04-15T19:59:51Z
DNLI,21.705,2026-04-15T19:59:53Z
DNN,3.875,2026-04-15T19:59:28Z
DNOV,49.65,2026-04-15T18:23:03Z
DNOW,11.98,2026-04-15T19:59:58Z
DNP,10.495,2026-04-15T19:50:07Z
DNTH,95.61,2026-04-15T19:59:55Z
DNUT,3.455,2026-04-15T19:59:53Z
DOC,17.19,2026-04-15T19:59:57Z
DOCN,77.72,2026-04-15T19:59:54Z
DOCS,23.905,2026-04-15T19:59:55Z
DOCU,46.84,2026-04-15T19:59:59Z
DOG,23.38,2026-04-15T19:59:50Z
DOGD,13.76,2026-04-15T14:57:29Z
DOGZ,1.41,2026-04-15T18:11:25Z
DOJE,8.98,2026-04-15T19:58:16Z
DOLE,14.94,2026-04-15T19:59:47Z
DOMH,3.04,2026-04-15T19:57:58Z
DOMO,3.19,2026-04-15T19:59:57Z
DON,54.44,2026-04-15T19:14:27Z
DOO,50.865,2026-04-15T19:59:59Z
DORM,106.77,2026-04-15T19:59:40Z
DOUG,1.78,2026-04-15T19:59:54Z
DOV,215.4,2026-04-15T19:59:55Z
DOW,38.835,2026-04-15T19:59:59Z
DOX,65.45,2026-04-15T19:59:49Z
DOYU,4.965,2026-04-15T15:12:58Z
DPG,14.68,2026-04-15T19:53:12Z
DPRO,5.955,2026-04-15T19:59:53Z
DPST,114.93,2026-04-15T19:56:20Z
DPZ,367.95,2026-04-15T19:59:58Z
DQ,21.68,2026-04-15T19:59:58Z
DRAM,34.44,2026-04-15T19:59:58Z
DRAY,16.63,2026-04-15T19:58:00Z
DRCT,0.728,2026-04-15T15:56:58Z
DRD,30.75,2026-04-15T19:59:51Z
DRGN,34.14,2026-04-15T14:59:33Z
DRH,10.29,2026-04-15T19:59:57Z
DRI,199.72,2026-04-15T19:59:43Z
DRIO,7.17,2026-04-15T13:53:55Z
DRIP,5,2026-04-15T19:59:52Z
DRIV,34.2,2026-04-15T19:28:55Z
DRMA,1.22,2026-04-15T17:00:17Z
DRN,10.27,2026-04-15T19:59:49Z
DRNZ,25.76,2026-04-15T19:43:45Z
DRS,46.27,2026-04-15T19:59:54Z
DRSK,28.45,2026-04-15T19:44:36Z
DRTS,7.85,2026-04-15T19:59:17Z
DRUG,88.94,2026-04-15T19:31:33Z
DRV,20.8,2026-04-15T19:52:17Z
DRVN,12.79,2026-04-15T19:59:57Z
DSCO,24.85,2026-04-15T19:55:05Z
DSEP,45.64,2026-04-15T16:48:03Z
DSGN,12.745,2026-04-15T19:59:45Z
DSGR,26.7,2026-04-15T19:55:00Z
DSGX,72.64,2026-04-15T19:59:45Z
DSI,130.885,2026-04-15T19:59:58Z
DSL,11.09,2026-04-15T19:59:50Z
DSM,6.06,2026-04-15T19:50:40Z
DSMC,38.39,2026-04-15T18:03:01Z
DSP,11.575,2026-04-15T19:59:59Z
DSS,0.9605,2026-04-15T18:08:20Z
DSTL,59.29,2026-04-15T19:32:52Z
DSU,9.82,2026-04-15T19:59:54Z
DSX,2.52,2026-04-15T19:59:47Z
DT,35.45,2026-04-15T19:59:56Z
DTCR,27.09,2026-04-15T19:59:51Z
DTCX,2.205,2026-04-15T19:59:35Z
DTE,146.75,2026-04-15T19:59:48Z
DTEC,45.215,2026-04-15T18:16:06Z
DTF,11.44,2026-04-15T18:31:05Z
DTG,17.1,2026-04-15T18:37:30Z
DTH,56.495,2026-04-15T19:42:32Z
DTI,3.075,2026-04-15T19:59:28Z
DTIL,7.67,2026-04-15T19:59:24Z
DTK,24.74,2026-04-15T19:03:00Z
DTM,131.92,2026-04-15T19:59:17Z
DTSS,1.07,2026-04-15T19:57:50Z
DTST,3.93,2026-04-15T16:05:48Z
DTW,21.575,2026-04-15T16:14:40Z
DUHP,38.785,2026-04-15T19:59:37Z
DUK,127.97,2026-04-15T19:59:58Z
DUK-A,24.92,2026-04-15T19:53:26Z
DUKB,23.97,2026-04-15T18:59:57Z
DUKX,27.53,2026-04-15T19:44:25Z
DUKZ,25.34,2026-04-15T19:55:53Z
DULL,48.21,2026-04-15T18:01:45Z
DUO,1.43,2026-04-15T14:33:50Z
DUOG,3.14,2026-04-15T19:51:27Z
DUOL,98.765,2026-04-15T19:59:59Z
DUOT,8.17,2026-04-15T19:59:47Z
DUSB,50.795,2026-04-15T18:40:29Z
DUSL,86.135,2026-04-15T19:52:24Z
DUST,44.26,2026-04-15T19:59:36Z
DV,10.55,2026-04-15T19:59:56Z
DVA,144.43,2026-04-15T19:59:02Z
DVLT,0.7026,2026-04-15T19:59:54Z
DVN,45.21,2026-04-15T19:59:58Z
DVOL,36.34,2026-04-15T19:59:50Z
DVUT,27.61,2026-04-15T16:25:54Z
DVY,151.82,2026-04-15T19:59:54Z
DVYE,35.645,2026-04-15T19:02:04Z
DWAS,107.21,2026-04-15T16:34:14Z
DWM,73.845,2026-04-15T19:48:55Z
DWSH,6.3,2026-04-15T19:57:48Z
DWSN,2.755,2026-04-15T19:59:55Z
DWTX,1.68,2026-04-15T19:35:18Z
DX,13.41,2026-04-15T19:59:58Z
DXC,12.63,2026-04-15T19:59:59Z
DXCM,61.5,2026-04-15T19:59:54Z
DXD,20.105,2026-04-15T19:59:59Z
DXJ,165.025,2026-04-15T19:59:36Z
DXLG,0.5814,2026-04-15T19:52:04Z
DXPE,151.95,2026-04-15T19:59:51Z
DXST,2.76,2026-04-15T19:42:18Z
DXUV,62.7,2026-04-15T17:26:27Z
DXYZ,29.715,2026-04-15T19:59:50Z
DY,394.63,2026-04-15T19:59:54Z
DYLG,26.23,2026-04-15T16:05:52Z
DYN,20,2026-04-15T19:59:55Z
DYNF,62.92,2026-04-15T19:58:58Z
DYTA,29.63,2026-04-15T19:59:46Z
E,54.26,2026-04-15T19:59:52Z
EA,203.18,2026-04-15T19:59:49Z
EAD,6.65,2026-04-15T17:39:40Z
EAF,7.745,2026-04-15T19:59:51Z
EAGG,47.725,2026-04-15T19:59:19Z
EAGL,32.36,2026-04-15T19:12:21Z
EAI,20.73,2026-04-15T16:57:43Z
EARN,4.705,2026-04-15T19:59:49Z
EAT,157.14,2026-04-15T19:59:52Z
EBAY,100,2026-04-15T19:59:57Z
EBC,20.68,2026-04-15T19:59:58Z
EBF,21.37,2026-04-15T19:59:51Z
EBI,60.78,2026-04-15T19:59:53Z
EBMT,21.95,2026-04-15T19:59:09Z
EBND,21.355,2026-04-15T19:59:21Z
EBS,8.66,2026-04-15T19:59:57Z
EC,13.15,2026-04-15T19:59:57Z
ECAT,14.64,2026-04-15T19:59:33Z
ECBK,17.78,2026-04-15T13:39:05Z
ECC,4.04,2026-04-15T19:59:35Z
ECF,11.96,2026-04-15T19:58:41Z
ECG,128.63,2026-04-15T19:59:52Z
ECH,43.91,2026-04-15T19:59:45Z
ECL,270.3,2026-04-15T19:59:44Z
ECNS,34.095,2026-04-15T19:27:49Z
ECO,50.845,2026-04-15T19:59:50Z
ECOR,6.73,2026-04-15T19:49:22Z
ECOW,28.01,2026-04-15T19:57:03Z
ECPG,78.58,2026-04-15T19:59:32Z
ECVT,14.05,2026-04-15T19:59:59Z
ECX,1.145,2026-04-15T19:59:50Z
ED,110.285,2026-04-15T19:59:53Z
EDBL,1.08,2026-04-15T18:43:47Z
EDC,72.67,2026-04-15T19:01:45Z
EDD,5.645,2026-04-15T19:58:46Z
EDF,5.065,2026-04-15T19:58:53Z
EDGF,24.79,2026-04-15T19:14:38Z
EDGH,34.69,2026-04-15T19:59:46Z
EDGI,30.15,2026-04-15T19:17:49Z
EDHL,2.54,2026-04-15T13:35:51Z
EDIT,3.37,2026-04-15T19:59:48Z
EDIV,41.255,2026-04-15T19:57:00Z
EDN,27.655,2026-04-15T19:59:52Z
EDOG,26.2,2026-04-15T17:21:00Z
EDOW,41.67,2026-04-15T14:55:10Z
EDSA,5.36,2026-04-15T19:11:43Z
EDU,55.47,2026-04-15T19:59:46Z
EDV,64.595,2026-04-15T19:59:52Z
EDZ,22.14,2026-04-15T19:59:45Z
EE,33.75,2026-04-15T19:58:31Z
EEA,10.69,2026-04-15T19:59:00Z
EEFT,73.75,2026-04-15T19:59:55Z
EEIQ,3.995,2026-04-15T15:12:07Z
EELV,29.39,2026-04-15T19:17:20Z
EEM,62.19,2026-04-15T19:59:59Z
EEMA,105.05,2026-04-15T19:59:56Z
EEMO,19.29,2026-04-15T15:58:18Z
EEMS,74.85,2026-04-15T18:51:17Z
EEMV,69.17,2026-04-15T19:59:50Z
EES,61.25,2026-04-15T19:55:01Z
EET,99.5,2026-04-15T14:39:02Z
EETH,29.41,2026-04-15T19:59:23Z
EEV,14.01,2026-04-15T15:43:32Z
EEX,4.49,2026-04-15T19:59:46Z
EFA,103.31,2026-04-15T19:59:59Z
EFAA,55.09,2026-04-15T15:00:13Z
EFAS,21.91,2026-04-15T18:48:21Z
EFAV,93.355,2026-04-15T19:59:58Z
EFAX,53.37,2026-04-15T19:08:05Z
EFC,12.81,2026-04-15T19:59:58Z
EFC-C,25.71,2026-04-15T18:16:00Z
EFG,120.43,2026-04-15T19:59:59Z
EFIV,67.79,2026-04-15T19:57:00Z
EFR,10.48,2026-04-15T19:00:26Z
EFSC,57.85,2026-04-15T19:59:02Z
EFSI,38.7,2026-04-15T19:36:18Z
EFT,10.77,2026-04-15T17:49:36Z
EFU,7.71,2026-04-15T14:09:40Z
EFV,78.23,2026-04-15T19:59:55Z
EFX,186.79,2026-04-15T19:59:56Z
EFXT,23.3,2026-04-15T19:59:55Z
EFZ,11.79,2026-04-15T19:32:44Z
EG,345.76,2026-04-15T19:59:50Z
EGAN,7.75,2026-04-15T19:59:21Z
EGBN,27.28,2026-04-15T19:59:39Z
EGGQ,48.44,2026-04-15T14:58:41Z
EGGS,37.01,2026-04-15T13:46:23Z
EGGY,34.81,2026-04-15T19:33:07Z
EGHT,1.81,2026-04-15T19:59:57Z
EGO,34.735,2026-04-15T19:59:57Z
EGP,195.51,2026-04-15T19:59:49Z
EGY,5.685,2026-04-15T19:59:41Z
EH,11.37,2026-04-15T19:56:16Z
EHAB,13.705,2026-04-15T19:59:58Z
EHC,105.265,2026-04-15T19:59:55Z
EHI,6.22,2026-04-15T16:53:13Z
EHTH,1.6,2026-04-15T19:59:58Z
EIC,9.85,2026-04-15T18:48:20Z
EIDO,16.27,2026-04-15T19:59:38Z
EIG,41.73,2026-04-15T19:59:48Z
EIKN,10.89,2026-04-15T19:59:41Z
EIM,9.835,2026-04-15T19:25:40Z
EINC,113.81,2026-04-15T19:17:05Z
EIPI,22.095,2026-04-15T19:25:27Z
EIPX,31.55,2026-04-15T14:48:03Z
EIS,127.405,2026-04-15T18:32:32Z
EIX,71.35,2026-04-15T19:59:52Z
EJUL,30.695,2026-04-15T19:59:46Z
EL,76.585,2026-04-15T19:59:57Z
ELA,17.405,2026-04-15T19:49:51Z
ELAB,4.165,2026-04-15T19:58:19Z
ELAN,23.225,2026-04-15T19:59:58Z
ELBM,0.6725,2026-04-15T19:58:38Z
ELC,20.65,2026-04-15T16:59:55Z
ELD,29.2,2026-04-15T19:48:14Z
ELDN,3.295,2026-04-15T19:59:50Z
ELE,19.81,2026-04-15T19:59:48Z
ELF,69.83,2026-04-15T19:59:54Z
ELM,28.33,2026-04-15T15:43:33Z
ELMD,25.68,2026-04-15T19:54:57Z
ELME,2.17,2026-04-15T19:59:56Z
ELPC,13.34,2026-04-15T19:59:54Z
ELPW,1.79,2026-04-15T19:59:06Z
ELS,64.4,2026-04-15T19:59:51Z
ELTX,11.73,2026-04-15T18:55:13Z
ELUT,1.17,2026-04-15T19:55:27Z
ELV,311.19,2026-04-15T19:59:50Z
ELVA,9.455,2026-04-15T19:59:52Z
ELVN,43.935,2026-04-15T19:59:50Z
ELVR,63.45,2026-04-15T17:22:26Z
ELWT,6.54,2026-04-15T18:52:59Z
EM,1.165,2026-04-15T15:03:08Z
EMA,52.53,2026-04-15T19:59:05Z
EMAT,8,2026-04-15T19:59:41Z
EMB,96.275,2026-04-15T19:59:48Z
EMBC,9.6,2026-04-15T19:59:47Z
EMBD,23.82,2026-04-15T19:56:58Z
EMBJ,68.16,2026-04-15T19:59:58Z
EMD,10.72,2026-04-15T19:58:21Z
EMDM,39.34,2026-04-15T19:28:52Z
EME,803.64,2026-04-15T19:59:59Z
EMEQ,51.91,2026-04-15T19:39:48Z
EMET,45.08,2026-04-15T14:48:12Z
EMGF,66.15,2026-04-15T18:02:31Z
EMHC,25.41,2026-04-15T18:59:29Z
EMHY,40.445,2026-04-15T19:56:35Z
EMKT,28.51,2026-04-15T19:50:04Z
EML,21.75,2026-04-15T14:44:15Z
EMLC,25.985,2026-04-15T19:59:46Z
EMLP,43.245,2026-04-15T19:54:40Z
EMM,39.51,2026-04-15T19:53:46Z
EMN,72.755,2026-04-15T19:59:59Z
EMO,49.12,2026-04-15T19:55:57Z
EMOP,48.21,2026-04-15T19:26:12Z
EMPD,4.89,2026-04-15T19:59:45Z
EMQQ,35.06,2026-04-15T18:42:18Z
EMR,140.435,2026-04-15T19:59:50Z
EMXC,87.71,2026-04-15T19:59:53Z
ENB,52.62,2026-04-15T19:59:47Z
ENDW,33.14,2026-04-15T15:04:11Z
ENFR,36.49,2026-04-15T19:54:21Z
ENGN,7.75,2026-04-15T19:59:48Z
ENHU,25.91,2026-04-15T16:32:14Z
ENIC,4.485,2026-04-15T19:59:49Z
ENJ,20.55,2026-04-15T19:11:56Z
ENLT,82.17,2026-04-15T19:59:50Z
ENLV,0.82,2026-04-15T18:55:03Z
ENOR,37.12,2026-04-15T16:23:56Z
ENOV,25.33,2026-04-15T19:59:50Z
ENPH,32.16,2026-04-15T19:59:55Z
ENR,19.29,2026-04-15T19:59:58Z
ENS,193.96,2026-04-15T19:58:09Z
ENSG,197.59,2026-04-15T19:54:50Z
ENTA,14.53,2026-04-15T19:59:40Z
ENTG,136.92,2026-04-15T19:59:52Z
ENTX,1.15,2026-04-15T19:38:18Z
ENVA,156.14,2026-04-15T19:59:48Z
ENVB,1.99,2026-04-15T19:42:15Z
ENVX,6.32,2026-04-15T19:59:59Z
EOD,6.35,2026-04-15T19:59:58Z
EOG,132.41,2026-04-15T19:59:50Z
EOI,19.935,2026-04-15T19:45:49Z
EOLS,4.63,2026-04-15T19:59:18Z
EONR,0.6926,2026-04-15T19:56:11Z
EOS,22.1,2026-04-15T19:47:55Z
EOSE,7.085,2026-04-15T19:59:56Z
EOSU,43.45,2026-04-15T16:28:30Z
EP,2.85,2026-04-15T19:59:50Z
EPAC,35.315,2026-04-15T19:59:58Z
EPAM,128.31,2026-04-15T19:59:57Z
EPC,22.25,2026-04-15T19:59:58Z
EPD,37.07,2026-04-15T19:59:54Z
EPHE,25.475,2026-04-15T19:50:55Z
EPI,43.495,2026-04-15T19:59:23Z
EPM,4.225,2026-04-15T19:59:45Z
EPOL,40.505,2026-04-15T19:59:13Z
EPOW,0.8,2026-04-15T13:50:05Z
EPP,56.72,2026-04-15T19:59:57Z
EPR,56.38,2026-04-15T19:59:50Z
EPRF,17.15,2026-04-15T16:18:35Z
EPRT,32.66,2026-04-15T19:59:58Z
EPRX,7.38,2026-04-15T18:47:06Z
EPS,72.85,2026-04-15T15:54:01Z
EPSN,5.99,2026-04-15T19:59:09Z
EPU,83.115,2026-04-15T17:10:22Z
EPV,19.24,2026-04-15T19:59:50Z
EQ,2.045,2026-04-15T19:59:58Z
EQAL,57.25,2026-04-15T19:59:51Z
EQBK,45.26,2026-04-15T19:59:49Z
EQH,42.005,2026-04-15T19:59:56Z
EQH-C,16.62,2026-04-15T19:08:02Z
EQIN,49.62,2026-04-15T16:16:06Z
EQIX,1052.76,2026-04-15T19:59:54Z
EQNR,36.82,2026-04-15T19:59:56Z
EQPT,20.01,2026-04-15T19:59:40Z
EQR,61.285,2026-04-15T19:59:49Z
EQT,56.775,2026-04-15T19:59:56Z
EQTY,27.11,2026-04-15T17:26:00Z
EQWL,119.86,2026-04-15T16:04:23Z
EQX,15.09,2026-04-15T19:59:59Z
ERAS,18.195,2026-04-15T19:59:56Z
ERC,9.295,2026-04-15T18:06:35Z
ERH,12.45,2026-04-15T19:55:32Z
ERIC,11.875,2026-04-15T19:59:59Z
ERIE,244.84,2026-04-15T19:59:30Z
ERII,10.62,2026-04-15T19:59:55Z
ERNA,0.1898,2026-04-15T19:58:05Z
ERO,29.735,2026-04-15T19:59:50Z
ERX,85.155,2026-04-15T19:59:03Z
ERY,12.26,2026-04-15T19:51:29Z
ES,68.785,2026-04-15T19:59:55Z
ESAB,101.255,2026-04-15T19:59:14Z
ESE,307.42,2026-04-15T19:58:35Z
ESEA,70.99,2026-04-15T14:26:08Z
ESG,160.51,2026-04-15T14:02:52Z
ESGD,101.98,2026-04-15T19:57:45Z
ESGE,49.9,2026-04-15T19:59:34Z
ESGU,152.05,2026-04-15T19:59:56Z
ESGV,122.49,2026-04-15T19:59:21Z
ESI,37.53,2026-04-15T19:59:57Z
ESLA,1.73,2026-04-15T19:46:12Z
ESLT,898.34,2026-04-15T19:36:02Z
ESML,50.125,2026-04-15T18:55:09Z
ESN,18.21,2026-04-15T18:32:54Z
ESNT,60.82,2026-04-15T19:59:35Z
ESOA,15.17,2026-04-15T19:57:33Z
ESP,65,2026-04-15T16:24:42Z
ESPO,93.51,2026-04-15T18:34:08Z
ESPR,2.17,2026-04-15T19:59:53Z
ESQ,114.97,2026-04-15T19:58:43Z
ESRT,5.46,2026-04-15T19:59:57Z
ESS,251.565,2026-04-15T19:59:43Z
ESTA,66.58,2026-04-15T19:59:59Z
ESTC,47.5,2026-04-15T19:59:55Z
ESUM,27.63,2026-04-15T19:52:13Z
ET,18.705,2026-04-15T19:59:59Z
ET-I,12,2026-04-15T19:51:59Z
ETD,22.29,2026-04-15T19:59:50Z
ETG,21.755,2026-04-15T19:47:04Z
ETH,22.55,2026-04-15T19:59:50Z
ETHA,17.95,2026-04-15T19:59:57Z
ETHB,30.58,2026-04-15T19:59:47Z
ETHD,47.935,2026-04-15T19:58:04Z
ETHE,19.3,2026-04-15T19:59:50Z
ETHM,10.81,2026-04-15T19:42:57Z
ETHMW,0.1232,2026-04-15T19:11:45Z
ETHT,19.04,2026-04-15T19:58:53Z
ETHU,28.45,2026-04-15T19:59:58Z
ETHV,34.765,2026-04-15T19:59:26Z
ETHW,17.005,2026-04-15T19:59:04Z
ETJ,8.51,2026-04-15T18:14:19Z
ETN,395.23,2026-04-15T19:59:52Z
ETO,29.17,2026-04-15T18:48:19Z
ETON,26.95,2026-04-15T19:59:45Z
ETOR,36.92,2026-04-15T19:59:55Z
ETR,114.96,2026-04-15T19:59:48Z
ETSY,57.92,2026-04-15T19:59:45Z
ETU,7.59,2026-04-15T19:37:06Z
ETV,14.485,2026-04-15T19:59:59Z
ETW,9.38,2026-04-15T18:54:16Z
ETY,14.5,2026-04-15T19:57:57Z
EU,2.11,2026-04-15T19:59:57Z
EUAD,44.35,2026-04-15T19:59:47Z
EUDG,38.6,2026-04-15T18:55:52Z
EUFN,38.365,2026-04-15T19:59:55Z
EUM,17.5,2026-04-15T19:59:15Z
EUO,28.36,2026-04-15T19:59:51Z
EURL,45.735,2026-04-15T17:16:10Z
EUSA,106.46,2026-04-15T15:07:22Z
EUSB,43.69,2026-04-15T17:55:00Z
EVAC+,0.38,2026-04-15T16:58:40Z
EVAX,4.14,2026-04-15T19:57:49Z
EVC,3.45,2026-04-15T19:59:58Z
EVCM,12.01,2026-04-15T19:59:55Z
EVER,15.45,2026-04-15T19:59:59Z
EVEX,2.76,2026-04-15T19:59:57Z
EVG,10.83,2026-04-15T13:48:15Z
EVGO,2.07,2026-04-15T19:59:58Z
EVH,2.9,2026-04-15T19:59:54Z
EVLN,48.42,2026-04-15T18:55:09Z
EVLV,6.37,2026-04-15T19:59:55Z
EVMN,26.885,2026-04-15T19:59:52Z
EVMO,50.64,2026-04-15T19:57:20Z
EVN,10.59,2026-04-15T19:34:25Z
EVO,3.22,2026-04-15T19:59:01Z
EVR,356.9,2026-04-15T19:59:59Z
EVRG,81.54,2026-04-15T19:59:51Z
EVSB,50.845,2026-04-15T19:49:24Z
EVSD,51.185,2026-04-15T19:48:03Z
EVSM,50.33,2026-04-15T19:54:05Z
EVT,25.675,2026-04-15T19:02:06Z
EVTC,30.27,2026-04-15T19:59:59Z
EVTL,2.66,2026-04-15T19:59:59Z
EVTR,51.25,2026-04-15T19:55:04Z
EVTV,1.82,2026-04-15T19:59:59Z
EVUS,33.265,2026-04-15T17:28:16Z
EVV,9.5,2026-04-15T19:58:36Z
EW,78.22,2026-04-15T19:59:48Z
EWA,30.265,2026-04-15T19:59:53Z
EWBC,117.36,2026-04-15T19:59:11Z
EWC,58.035,2026-04-15T19:59:58Z
EWCZ,5.84,2026-04-15T19:58:56Z
EWD,53.41,2026-04-15T19:59:54Z
EWG,42.345,2026-04-15T19:59:58Z
EWH,23.6,2026-04-15T19:59:59Z
EWI,58.185,2026-04-15T19:59:18Z
EWJ,89.07,2026-04-15T19:59:50Z
EWJV,44.15,2026-04-15T19:56:20Z
EWL,61.62,2026-04-15T19:59:33Z
EWM,28.63,2026-04-15T19:59:10Z
EWN,63.63,2026-04-15T19:53:37Z
EWP,57.8,2026-04-15T19:57:51Z
EWQ,46.13,2026-04-15T19:58:25Z
EWS,29.325,2026-04-15T19:52:50Z
EWT,80.73,2026-04-15T19:59:56Z
EWTX,33.735,2026-04-15T19:59:36Z
EWU,47.795,2026-04-15T19:59:59Z
EWV,20.04,2026-04-15T19:59:46Z
EWW,79.43,2026-04-15T19:59:58Z
EWX,71.43,2026-04-15T19:55:11Z
EWY,144.89,2026-04-15T19:59:59Z
EWZ,41.45,2026-04-15T19:59:59Z
EWZS,16.02,2026-04-15T19:58:03Z
EXC,47.86,2026-04-15T19:59:58Z
EXE,96.045,2026-04-15T19:59:54Z
EXEL,44.3,2026-04-15T19:59:50Z
EXFY,0.8923,2026-04-15T19:56:18Z
EXG,9.295,2026-04-15T19:41:10Z
EXI,193.375,2026-04-15T17:38:15Z
EXK,9.86,2026-04-15T19:59:51Z
EXLS,31.245,2026-04-15T19:59:54Z
EXOD,7.59,2026-04-15T19:43:22Z
EXOZ,11.1,2026-04-15T16:03:46Z
EXP,197.12,2026-04-15T19:58:42Z
EXPD,143.995,2026-04-15T19:59:49Z
EXPE,257.49,2026-04-15T19:59:53Z
EXPI,6.24,2026-04-15T19:59:57Z
EXPO,68.22,2026-04-15T19:59:17Z
EXR,141.06,2026-04-15T19:59:49Z
EXTR,17.35,2026-04-15T19:59:58Z
EYE,25.16,2026-04-15T19:59:56Z
EYEG,35.65,2026-04-15T17:25:02Z
EYLD,44.805,2026-04-15T19:55:08Z
EYPT,14.63,2026-04-15T19:59:58Z
EZA,72.955,2026-04-15T19:45:39Z
EZBC,43.525,2026-04-15T19:37:38Z
EZET,18.02,2026-04-15T19:59:45Z
EZM,70.41,2026-04-15T16:26:15Z
EZMO,26.94,2026-04-15T19:59:45Z
EZPW,29.31,2026-04-15T19:59:49Z
EZRA,0.208,2026-04-15T19:59:05Z
EZRO,25.885,2026-04-15T19:59:46Z
EZU,67.39,2026-04-15T19:59:49Z
F,12.7,2026-04-15T19:59:58Z
F-C,20.4,2026-04-15T19:55:32Z
F-D,21.93,2026-04-15T14:23:05Z
FA,11.86,2026-04-15T19:59:52Z
FAF,63.815,2026-04-15T19:59:58Z
FALN,27.225,2026-04-15T19:59:46Z
FAN,25.86,2026-04-15T19:52:04Z
FANG,185.88,2026-04-15T19:59:56Z
FAPR,45.27,2026-04-15T19:50:01Z
FARM,1.25,2026-04-15T18:37:51Z
FAS,138.72,2026-04-15T19:59:51Z
FAST,44.4,2026-04-15T19:59:59Z
FATE,1.295,2026-04-15T19:59:37Z
FATN,2.25,2026-04-15T19:58:42Z
FAX,14.98,2026-04-15T19:17:35Z
FAZ,42.9,2026-04-15T19:59:50Z
FB,43.11,2026-04-15T13:38:27Z
FBCG,56.725,2026-04-15T19:59:02Z
FBCV,37.33,2026-04-15T15:43:39Z
FBGL,0.646,2026-04-15T15:26:10Z
FBIN,38.59,2026-04-15T19:59:50Z
FBIO,2.44,2026-04-15T19:59:51Z
FBIOP,13.2,2026-04-15T18:46:49Z
FBK,54.225,2026-04-15T19:59:46Z
FBL,31.31,2026-04-15T19:59:52Z
FBLA,14.02,2026-04-15T19:59:19Z
FBLG,1.58,2026-04-15T19:57:13Z
FBNC,58.24,2026-04-15T19:59:44Z
FBND,45.93,2026-04-15T19:59:51Z
FBP,22.83,2026-04-15T19:59:58Z
FBRT,8.94,2026-04-15T19:59:57Z
FBRT-E,20.09,2026-04-15T19:16:28Z
FBRX,31.24,2026-04-15T19:59:44Z
FBT,208.195,2026-04-15T15:08:14Z
FBTC,65.35,2026-04-15T19:59:55Z
FBY,11.335,2026-04-15T19:54:40Z
FBYD,12.03,2026-04-15T13:46:27Z
FC,23.19,2026-04-15T19:52:50Z
FCAL,49.4,2026-04-15T19:45:42Z
FCBC,42.57,2026-04-15T18:18:17Z
FCCO,30.83,2026-04-15T19:57:00Z
FCEF,23.33,2026-04-15T19:50:44Z
FCEL,7.52,2026-04-15T19:59:58Z
FCF,18.69,2026-04-15T19:59:58Z
FCFS,202.715,2026-04-15T19:59:40Z
FCG,29.01,2026-04-15T19:59:50Z
FCHL,1.43,2026-04-15T19:58:03Z
FCLD,29.36,2026-04-15T19:50:10Z
FCN,178.85,2026-04-15T19:55:11Z
FCNCA,1985.17,2026-04-15T19:59:55Z
FCNCN,25.16,2026-04-15T19:57:47Z
FCNCO,21.61,2026-04-15T13:30:59Z
FCO,2.815,2026-04-15T16:33:20Z
FCOM,74.175,2026-04-15T19:57:05Z
FCOR,47.6,2026-04-15T19:59:50Z
FCPI,52.17,2026-04-15T19:59:46Z
FCPT,25.06,2026-04-15T19:59:58Z
FCT,9.72,2026-04-15T19:53:21Z
FCTE,26.71,2026-04-15T19:02:25Z
FCUV,2.17,2026-04-15T19:57:32Z
FCX,68.7,2026-04-15T19:59:57Z
FDAT,21.72,2026-04-15T17:41:16Z
FDBC,44.79,2026-04-15T19:38:10Z
FDD,19.165,2026-04-15T19:59:50Z
FDEC,52.11,2026-04-15T17:11:23Z
FDEM,34.3,2026-04-15T19:07:50Z
FDEV,37.035,2026-04-15T14:24:45Z
FDG,127.045,2026-04-15T16:25:36Z
FDHY,49.355,2026-04-15T17:07:03Z
FDIF,36.13,2026-04-15T19:56:18Z
FDIG,39.88,2026-04-15T19:55:02Z
FDIQ,71.34,2026-04-15T15:14:03Z
FDIS,101.42,2026-04-15T18:52:43Z
FDL,49.275,2026-04-15T19:56:30Z
FDLO,67.67,2026-04-15T19:58:35Z
FDLS,39.36,2026-04-15T18:51:01Z
FDMO,87.405,2026-04-15T18:02:33Z
FDMT,9.765,2026-04-15T19:59:27Z
FDN,258.82,2026-04-15T19:59:48Z
FDP,40.85,2026-04-15T19:59:05Z
FDRS,22.36,2026-04-15T19:39:53Z
FDS,230.77,2026-04-15T19:59:52Z
FDSB,14.815,2026-04-15T14:38:50Z
FDT,92.93,2026-04-15T19:40:22Z
FDUS,18.735,2026-04-15T19:59:36Z
FDV,30.9,2026-04-15T18:11:25Z
FDVV,58.165,2026-04-15T19:59:57Z
FDX,364.89,2026-04-15T19:59:59Z
FE,50.54,2026-04-15T19:59:58Z
FEAM,1.665,2026-04-15T19:59:44Z
FEBM,30.81,2026-04-15T14:58:41Z
FEBT,39.28,2026-04-15T14:14:14Z
FEBU,28.11,2026-04-15T13:40:09Z
FEED,1.74,2026-04-15T19:59:41Z
FEGE,48.98,2026-04-15T19:57:03Z
FEIM,56.77,2026-04-15T19:45:26Z
FELC,39.11,2026-04-15T19:53:40Z
FELE,100.29,2026-04-15T19:59:29Z
FELG,41.35,2026-04-15T19:59:46Z
FELV,36.62,2026-04-15T18:01:48Z
FEM,32.44,2026-04-15T19:50:11Z
FEMB,30.11,2026-04-15T19:47:56Z
FEMY,0.4263,2026-04-15T19:59:42Z
FENC,6.49,2026-04-15T19:59:12Z
FENI,39.645,2026-04-15T19:57:26Z
FENY,31.165,2026-04-15T19:59:40Z
FEOE,52.845,2026-04-15T19:59:59Z
FEPI,42.885,2026-04-15T19:49:03Z
FER,71.29,2026-04-15T19:59:45Z
FERG,257.065,2026-04-15T19:59:46Z
FESM,41.305,2026-04-15T19:58:00Z
FET,58.835,2026-04-15T19:53:06Z
FETH,23.685,2026-04-15T19:59:52Z
FEUZ,66.89,2026-04-15T18:48:40Z
FEX,127.38,2026-04-15T15:00:33Z
FEZ,66.685,2026-04-15T19:59:58Z
FF,3.995,2026-04-15T19:59:50Z
FFA,21.71,2026-04-15T16:57:08Z
FFAI,0.3012,2026-04-15T19:59:58Z
FFBC,29.08,2026-04-15T19:59:59Z
FFC,16.065,2026-04-15T19:53:21Z
FFEB,58.59,2026-04-15T18:02:31Z
FFEM,39.03,2026-04-15T18:07:15Z
FFIC,16.12,2026-04-15T19:59:50Z
FFIN,31.12,2026-04-15T19:59:59Z
FFIV,299.14,2026-04-15T19:59:59Z
FFLC,55.66,2026-04-15T19:59:57Z
FFLG,31.435,2026-04-15T19:59:46Z
FFOG,46.73,2026-04-15T19:59:46Z
FFOX,28.54,2026-04-15T19:56:37Z
FFSM,34.345,2026-04-15T19:56:40Z
FG,26.45,2026-04-15T19:59:49Z
FGD,33.04,2026-04-15T19:59:58Z
FGDL,63.85,2026-04-15T19:52:37Z
FGL,2.01,2026-04-15T19:55:27Z
FGMC,10.125,2026-04-15T19:30:33Z
FGN,24.82,2026-04-15T16:48:34Z
FGNX,6.29,2026-04-15T19:57:45Z
FGSN,21.4,2026-04-15T18:36:03Z
FHB,26.42,2026-04-15T19:59:48Z
FHDG,35.01,2026-04-15T14:49:05Z
FHEQ,31.29,2026-04-15T19:59:46Z
FHI,58.015,2026-04-15T19:59:50Z
FHLC,71.41,2026-04-15T19:59:45Z
FHN,24.17,2026-04-15T19:59:59Z
FHN-H,24.99,2026-04-15T18:52:02Z
FHTX,4.885,2026-04-15T19:59:58Z
FIAT,23,2026-04-15T19:59:50Z
FIBK,34.06,2026-04-15T19:59:58Z
FICO,1030.585,2026-04-15T19:59:53Z
FIDI,28.46,2026-04-15T17:07:31Z
FIDU,91.97,2026-04-15T18:01:45Z
FIG,20.33,2026-04-15T19:59:57Z
FIGB,43.295,2026-04-15T18:50:41Z
FIGG,1.065,2026-04-15T19:59:49Z
FIGR,35.64,2026-04-15T19:59:43Z
FIGS,15.41,2026-04-15T19:59:55Z
FIHL,20.15,2026-04-15T19:59:51Z
FIIG,20.965,2026-04-15T19:55:00Z
FINS,12.87,2026-04-15T19:40:41Z
FINV,5.12,2026-04-15T19:59:58Z
FINX,25.58,2026-04-15T17:54:58Z
FIP,5.83,2026-04-15T19:59:59Z
FIS,48.345,2026-04-15T19:59:52Z
FISI,34.25,2026-04-15T19:59:30Z
FISR,25.84,2026-04-15T19:59:51Z
FISV,61.29,2026-04-15T19:59:55Z
FITB,49.84,2026-04-15T19:59:59Z
FITBI,25.32,2026-04-15T19:55:47Z
FIVA,36.775,2026-04-15T17:55:42Z
FIVE,223.34,2026-04-15T19:59:51Z
FIVN,15.36,2026-04-15T19:59:56Z
FIX,1649.72,2026-04-15T19:59:47Z
FIXD,44.02,2026-04-15T19:59:50Z
FIZZ,33.86,2026-04-15T19:58:50Z
FJAN,52.78,2026-04-15T17:58:49Z
FJET,5.36,2026-04-15T19:59:45Z
FJP,75.84,2026-04-15T18:47:44Z
FLAU,35.71,2026-04-15T19:54:02Z
FLBL,22.955,2026-04-15T19:55:15Z
FLBR,25.86,2026-04-15T18:02:23Z
FLC,17.135,2026-04-15T19:58:00Z
FLCA,51.94,2026-04-15T19:59:06Z
FLCB,21.555,2026-04-15T19:59:21Z
FLCH,23.22,2026-04-15T19:59:50Z
FLCO,21.59,2026-04-15T19:59:45Z
FLD,1.15,2026-04-15T19:59:43Z
FLDB,50.42,2026-04-15T19:58:44Z
FLDR,50.16,2026-04-15T19:59:50Z
FLEU,34.815,2026-04-15T15:15:43Z
FLEX,78.46,2026-04-15T19:59:54Z
FLG,14.14,2026-04-15T19:59:58Z
FLG-A,23.395,2026-04-15T18:26:40Z
FLG-U,40.4,2026-04-15T19:03:55Z
FLGB,36.5,2026-04-15T17:04:55Z
FLGR,33.37,2026-04-15T14:18:12Z
FLGT,16.14,2026-04-15T19:59:39Z
FLGV,20.44,2026-04-15T19:48:42Z
FLHY,24.4,2026-04-15T19:59:34Z
FLIA,20.3,2026-04-15T19:54:40Z
FLIN,35.61,2026-04-15T19:22:11Z
FLJH,42.68,2026-04-15T18:58:00Z
FLJP,38.16,2026-04-15T19:50:20Z
FLKR,46.63,2026-04-15T18:04:22Z
FLL,2.47,2026-04-15T19:58:05Z
FLLA,30.425,2026-04-15T19:55:11Z
FLMI,24.945,2026-04-15T19:59:56Z
FLMX,38.79,2026-04-15T19:40:47Z
FLN,27.98,2026-04-15T19:50:26Z
FLNA,1.6,2026-04-15T19:59:55Z
FLNC,15.21,2026-04-15T19:59:57Z
FLNG,30.8,2026-04-15T19:59:50Z
FLO,8.53,2026-04-15T19:59:56Z
FLOC,22.9,2026-04-15T19:59:52Z
FLOT,50.85,2026-04-15T19:59:55Z
FLQL,72.95,2026-04-15T19:30:52Z
FLQM,56.55,2026-04-15T18:56:37Z
FLR,48.55,2026-04-15T19:59:54Z
FLRN,30.735,2026-04-15T19:57:23Z
FLRT,46.6,2026-04-15T19:37:59Z
FLS,78.85,2026-04-15T19:59:48Z
FLSP,27.56,2026-04-15T19:54:04Z
FLTB,50.52,2026-04-15T19:59:50Z
FLTR,25.45,2026-04-15T19:58:34Z
FLTW,77.46,2026-04-15T19:57:19Z
FLUD,24.97,2026-04-15T19:47:03Z
FLUT,111.78,2026-04-15T19:59:54Z
FLUX,1.21,2026-04-15T19:57:56Z
FLWS,3.575,2026-04-15T19:58:58Z
FLX,2.49,2026-04-15T19:05:22Z
FLXR,39.345,2026-04-15T19:59:28Z
FLXS,46.21,2026-04-15T14:48:13Z
FLY,37.585,2026-04-15T19:59:59Z
FLYE,2.19,2026-04-15T14:15:39Z
FLYT,23.75,2026-04-15T15:31:12Z
FLYW,12.97,2026-04-15T19:59:58Z
FLYX,2.995,2026-04-15T19:59:49Z
FLYX+,0.37,2026-04-15T19:19:06Z
FMAG,34.82,2026-04-15T17:55:33Z
FMAO,26.61,2026-04-15T19:53:03Z
FMAR,50.49,2026-04-15T16:57:24Z
FMAT,59.87,2026-04-15T18:57:43Z
FMAY,54.9,2026-04-15T19:59:51Z
FMB,51.14,2026-04-15T18:10:01Z
FMBH,43.46,2026-04-15T19:57:05Z
FMC,17.41,2026-04-15T19:59:55Z
FMDE,37.84,2026-04-15T19:59:46Z
FMET,34.41,2026-04-15T17:27:14Z
FMF,51.31,2026-04-15T19:49:19Z
FMFC,0.4855,2026-04-15T19:59:24Z
FMHI,48.1,2026-04-15T19:14:34Z
FMKT,21.88,2026-04-15T18:03:08Z
FMNB,13.89,2026-04-15T19:59:57Z
FMNY,26.78,2026-04-15T15:17:00Z
FMS,22.84,2026-04-15T19:59:53Z
FMST,1.845,2026-04-15T19:59:21Z
FMTL,36.99,2026-04-15T17:13:08Z
FMTM,36.99,2026-04-15T19:59:46Z
FMUB,51.11,2026-04-15T15:42:33Z
FMUN,50.07,2026-04-15T18:24:15Z
FMX,117,2026-04-15T19:59:53Z
FN,687,2026-04-15T19:59:41Z
FNB,17.875,2026-04-15T19:59:56Z
FNCL,74.66,2026-04-15T18:57:41Z
FND,53.175,2026-04-15T19:59:59Z
FNDA,34.54,2026-04-15T19:59:54Z
FNDB,28.36,2026-04-15T19:59:50Z
FNDC,49.34,2026-04-15T19:18:37Z
FNDE,40.34,2026-04-15T19:53:56Z
FNDF,51.445,2026-04-15T19:59:56Z
FNDX,29.01,2026-04-15T19:57:18Z
FNF,48.42,2026-04-15T19:59:56Z
FNGD,48.05,2026-04-15T19:53:40Z
FNGO,113.07,2026-04-15T13:53:52Z
FNGR,1.005,2026-04-15T19:59:21Z
FNGS,68.37,2026-04-15T16:26:11Z
FNGU,23.515,2026-04-15T19:59:50Z
FNK,58.82,2026-04-15T16:22:47Z
FNKO,3.965,2026-04-15T19:59:52Z
FNLC,28.62,2026-04-15T19:34:40Z
FNUC,2.62,2026-04-15T18:50:24Z
FNV,256.895,2026-04-15T19:59:29Z
FNWB,10.05,2026-04-15T19:29:35Z
FNX,134.64,2026-04-15T19:59:17Z
FNY,97.6,2026-04-15T19:59:51Z
FOA,21.97,2026-04-15T19:58:45Z
FOCT,50.09,2026-04-15T19:59:46Z
FOF,13.56,2026-04-15T15:07:44Z
FOFO,4.13,2026-04-15T18:04:37Z
FOLD,14.455,2026-04-15T19:59:56Z
FONR,18.76,2026-04-15T19:59:51Z
FOR,26.39,2026-04-15T19:48:58Z
FORA,2.16,2026-04-15T19:35:56Z
FORM,129.7,2026-04-15T19:59:46Z
FORR,5.89,2026-04-15T19:54:38Z
FOSL,5.47,2026-04-15T19:59:54Z
FOUR,48.025,2026-04-15T19:59:51Z
FOUR-A,57.76,2026-04-15T14:59:00Z
FOX,57.045,2026-04-15T19:59:44Z
FOXA,63.675,2026-04-15T19:59:40Z
FOXF,16.735,2026-04-15T19:59:32Z
FOXY,29.19,2026-04-15T19:57:20Z
FPE,18.105,2026-04-15T19:59:59Z
FPEI,19.25,2026-04-15T19:59:36Z
FPF,18.38,2026-04-15T19:58:58Z
FPFD,21.85,2026-04-15T15:20:07Z
FPH,5.06,2026-04-15T19:59:32Z
FPI,11.54,2026-04-15T19:59:55Z
FPS,32.38,2026-04-15T19:59:50Z
FPWR,37.34,2026-04-15T14:31:41Z
FR,61.3,2026-04-15T19:59:49Z
FRA,10.94,2026-04-15T19:58:35Z
FRAF,56.22,2026-04-15T18:34:58Z
FRBA,16.785,2026-04-15T19:16:23Z
FRD,19.07,2026-04-15T16:45:01Z
FRDM,61.71,2026-04-15T19:58:55Z
FREL,28.625,2026-04-15T19:59:48Z
FRHC,160.94,2026-04-15T19:42:14Z
FRI,30.2,2026-04-15T19:58:58Z
FRME,40.54,2026-04-15T19:59:50Z
FRMI,5.82,2026-04-15T19:59:58Z
FRMM,2.125,2026-04-15T19:59:59Z
FRNW,24.21,2026-04-15T19:15:54Z
FRO,35.48,2026-04-15T19:59:55Z
FROG,42.88,2026-04-15T19:59:59Z
FRPH,21.93,2026-04-15T19:59:17Z
FRPT,68.815,2026-04-15T19:59:55Z
FRSH,8.27,2026-04-15T19:59:56Z
FRST,14.09,2026-04-15T19:59:36Z
FRSX,2.48,2026-04-15T19:57:25Z
FRT,110.01,2026-04-15T19:59:44Z
FRTY,20.65,2026-04-15T17:12:04Z
FSBC,40.73,2026-04-15T19:59:34Z
FSBW,39.88,2026-04-15T19:41:59Z
FSCO,5.17,2026-04-15T19:44:14Z
FSCS,36.11,2026-04-15T15:22:06Z
FSEA,12.16,2026-04-15T14:51:55Z
FSEC,44.21,2026-04-15T19:52:49Z
FSIG,19.045,2026-04-15T19:54:04Z
FSK,11.12,2026-04-15T19:59:56Z
FSLR,195.17,2026-04-15T19:59:50Z
FSLY,23.38,2026-04-15T19:59:56Z
FSM,10.44,2026-04-15T19:59:51Z
FSMB,20.025,2026-04-15T19:50:10Z
FSMD,47.645,2026-04-15T19:42:54Z
FSOL,10.14,2026-04-15T19:59:46Z
FSP,0.6494,2026-04-15T19:59:58Z
FSS,113.24,2026-04-15T19:59:50Z
FSSL,12.62,2026-04-15T19:59:48Z
FSTA,51.95,2026-04-15T19:59:51Z
FSTR,29.995,2026-04-15T19:57:27Z
FSUN,38.33,2026-04-15T19:59:41Z
FSV,149.205,2026-04-15T19:58:23Z
FSYD,48.94,2026-04-15T18:22:29Z
FT,8.25,2026-04-15T15:03:31Z
FTA,93.84,2026-04-15T19:22:05Z
FTAI,269.7,2026-04-15T19:59:41Z
FTAIM,26.92,2026-04-15T18:16:06Z
FTBD,49.605,2026-04-15T19:58:07Z
FTC,166.41,2026-04-15T17:59:48Z
FTCA,7.34,2026-04-15T18:22:32Z
FTCB,21.11,2026-04-15T19:59:52Z
FTCI,4.325,2026-04-15T19:59:36Z
FTCS,94.19,2026-04-15T19:52:40Z
FTDR,60.705,2026-04-15T19:59:51Z
FTEC,233.855,2026-04-15T19:59:58Z
FTEK,1.37,2026-04-15T19:57:39Z
FTF,5.96,2026-04-15T16:44:26Z
FTFT,1.4,2026-04-15T19:55:32Z
FTGC,28.68,2026-04-15T19:59:52Z
FTGS,36.18,2026-04-15T19:50:10Z
FTHI,23.63,2026-04-15T19:55:24Z
FTHY,13.67,2026-04-15T18:47:17Z
FTI,72.04,2026-04-15T19:59:46Z
FTK,16.39,2026-04-15T19:59:51Z
FTLF,9.28,2026-04-15T19:50:21Z
FTLS,72.195,2026-04-15T19:59:52Z
FTMA,9.015,2026-04-15T19:09:59Z
FTMH,11.68,2026-04-15T19:59:46Z
FTMS,9.92,2026-04-15T17:47:30Z
FTMU,7.84,2026-04-15T19:58:42Z
FTNJ,8.77,2026-04-15T18:17:02Z
FTNT,79.625,2026-04-15T19:59:55Z
FTNY,7.89,2026-04-15T15:00:46Z
FTPA,8.66,2026-04-15T19:57:18Z
FTQI,21.04,2026-04-15T19:59:59Z
FTRB,25.325,2026-04-15T19:36:57Z
FTRE,10.05,2026-04-15T19:59:55Z
FTRK,0.3645,2026-04-15T14:10:32Z
FTS,56.89,2026-04-15T19:59:42Z
FTSD,90.64,2026-04-15T15:31:11Z
FTSL,45.035,2026-04-15T19:59:52Z
FTSM,59.89,2026-04-15T19:59:52Z
FTV,59.385,2026-04-15T19:59:53Z
FTW,10.67,2026-04-15T19:52:24Z
FTW+,1.01,2026-04-15T19:52:24Z
FTWO,46.8,2026-04-15T15:25:19Z
FTXG,21.725,2026-04-15T19:59:46Z
FTXL,180.76,2026-04-15T19:59:50Z
FTXN,35.11,2026-04-15T19:59:51Z
FTXO,38.76,2026-04-15T19:59:50Z
FTXR,40.09,2026-04-15T19:59:46Z
FUBO,13.12,2026-04-15T19:59:49Z
FUFU,2.39,2026-04-15T19:55:25Z
FUL,61.395,2026-04-15T19:59:53Z
FULC,8.23,2026-04-15T19:59:48Z
FULT,21.735,2026-04-15T19:59:59Z
FUMB,20.08,2026-04-15T15:30:45Z
FUN,19.62,2026-04-15T19:59:57Z
FUNC,37.54,2026-04-15T15:31:20Z
FUND,9.85,2026-04-15T19:37:06Z
FURY,0.6269,2026-04-15T19:53:03Z
FUSE,1.68,2026-04-15T19:32:25Z
FUTG,12.8,2026-04-15T16:09:39Z
FUTU,164.695,2026-04-15T19:59:57Z
FUTY,59.47,2026-04-15T19:59:28Z
FV,63.945,2026-04-15T19:37:12Z
FVAL,74.01,2026-04-15T19:52:41Z
FVC,36.9,2026-04-15T19:53:14Z
FVCB,15.42,2026-04-15T19:59:30Z
FVD,47.88,2026-04-15T19:54:26Z
FVR,16.86,2026-04-15T19:59:59Z
FVRR,10.625,2026-04-15T19:59:41Z
FWD,121.66,2026-04-15T19:59:59Z
FWDI,4.59,2026-04-15T19:59:55Z
FWONA,82.8,2026-04-15T19:53:12Z
FWONK,90.48,2026-04-15T19:59:56Z
FWRD,19.205,2026-04-15T19:59:55Z
FWRG,11.73,2026-04-15T19:59:58Z
FXA,71.08,2026-04-15T19:53:44Z
FXB,130.51,2026-04-15T16:32:03Z
FXC,71.14,2026-04-15T19:58:44Z
FXE,108.925,2026-04-15T19:58:43Z
FXED,17.76,2026-04-15T17:34:25Z
FXF,112.93,2026-04-15T19:14:27Z
FXI,36.89,2026-04-15T19:59:58Z
FXN,20.74,2026-04-15T19:58:55Z
FXNC,28.66,2026-04-15T19:58:30Z
FXO,59.6,2026-04-15T17:49:39Z
FXR,86.23,2026-04-15T19:59:46Z
FXU,49.795,2026-04-15T19:59:44Z
FXY,57.73,2026-04-15T19:59:51Z
FXZ,78.64,2026-04-15T18:27:08Z
FYC,106.27,2026-04-15T19:07:52Z
FYEE,28.465,2026-04-15T19:40:24Z
FYLD,38.115,2026-04-15T19:57:00Z
FYT,65,2026-04-15T19:59:46Z
FYX,127.75,2026-04-15T17:13:09Z
G,36.23,2026-04-15T19:59:53Z
GAA,34.78,2026-04-15T18:36:46Z
GAB,5.67,2026-04-15T19:57:05Z
GABC,43.57,2026-04-15T19:59:41Z
GAB^,0.0663,2026-04-15T19:59:59Z
GAIA,2.8,2026-04-15T19:59:04Z
GAIN,15.38,2026-04-15T19:59:41Z
GAING,25.17,2026-04-15T13:49:52Z
GAINI,25.215,2026-04-15T13:44:45Z
GAINZ,23.99,2026-04-15T14:06:29Z
GALT,2.56,2026-04-15T19:59:36Z
GAM,62.91,2026-04-15T19:49:44Z
GAM-B,24.85,2026-04-15T19:54:27Z
GAMB,3.82,2026-04-15T19:59:56Z
GAME,0.4006,2026-04-15T19:59:33Z
GANX,2.14,2026-04-15T19:59:26Z
GAP,25.81,2026-04-15T19:59:54Z
GAPR,40.66,2026-04-15T15:03:16Z
GARP,70.9,2026-04-15T14:53:44Z
GASS,9.31,2026-04-15T19:59:48Z
GATX,195.73,2026-04-15T19:57:03Z
GAU,2.585,2026-04-15T19:59:47Z
GAUG,40.13,2026-04-15T18:52:16Z
GAUZ,0.7,2026-04-15T14:48:12Z
GBAB,14.635,2026-04-15T19:13:28Z
GBCI,47.77,2026-04-15T19:59:54Z
GBDC,13.42,2026-04-15T19:59:57Z
GBFH,29.89,2026-04-15T19:21:00Z
GBIL,100.03,2026-04-15T19:59:54Z
GBND,50.84,2026-04-15T18:41:09Z
GBR,0.7189,2026-04-15T18:58:42Z
GBTC,58.39,2026-04-15T19:59:42Z
GBTG,5.84,2026-04-15T19:59:56Z
GBUG,49.185,2026-04-15T19:59:00Z
GBX,51.49,2026-04-15T19:59:51Z
GCAL,50.86,2026-04-15T19:55:18Z
GCC,24.65,2026-04-15T19:52:25Z
GCL,0.5301,2026-04-15T14:42:59Z
GCMG,10.88,2026-04-15T19:59:57Z
GCO,33.605,2026-04-15T19:59:17Z
GCOR,41.43,2026-04-15T15:00:53Z
GCOW,45.97,2026-04-15T19:49:26Z
GCT,46.57,2026-04-15T19:59:45Z
GCTK,0.7511,2026-04-15T13:55:02Z
GCTS,1.31,2026-04-15T19:44:10Z
GCV,4.38,2026-04-15T17:57:30Z
GD,338.825,2026-04-15T19:59:57Z
GDC,3.51,2026-04-15T18:15:15Z
GDDY,82.35,2026-04-15T19:59:51Z
GDEC,38.53,2026-04-15T19:11:08Z
GDEN,27.98,2026-04-15T19:59:04Z
GDIV,17.715,2026-04-15T19:35:28Z
GDLC,34.34,2026-04-15T19:41:04Z
GDO,11.2,2026-04-15T19:31:52Z
GDOG,11.3,2026-04-15T19:59:46Z
GDOT,12.04,2026-04-15T19:59:52Z
GDRX,2.32,2026-04-15T19:59:50Z
GDS,42.955,2026-04-15T19:59:05Z
GDTC,0.9998,2026-04-15T19:59:38Z
GDV,28.875,2026-04-15T19:53:33Z
GDV-H,22.5,2026-04-15T18:58:26Z
GDX,97.81,2026-04-15T19:59:59Z
GDXD,32.58,2026-04-15T19:59:00Z
GDXJ,129.34,2026-04-15T19:59:57Z
GDXU,242.53,2026-04-15T19:59:00Z
GDXW,56.94,2026-04-15T18:19:17Z
GDXY,14.48,2026-04-15T19:59:51Z
GDYN,5.88,2026-04-15T19:59:59Z
GE,313.9,2026-04-15T19:59:54Z
GECC,5.4,2026-04-15T18:54:57Z
GEF,67.26,2026-04-15T19:53:05Z
GEF.B,86.905,2026-04-15T13:30:33Z
GEHC,73.495,2026-04-15T19:59:57Z
GEL,17.21,2026-04-15T19:59:53Z
GELS,0.6967,2026-04-15T16:07:17Z
GEM,47.395,2026-04-15T19:57:02Z
GEME,38.05,2026-04-15T19:59:49Z
GEMI,4.91,2026-04-15T19:59:59Z
GEN,19.675,2026-04-15T19:59:59Z
GENB,12.545,2026-04-15T19:59:50Z
GEND,12.48,2026-04-15T18:50:53Z
GENI,4.8,2026-04-15T19:59:58Z
GENK,1.59,2026-04-15T13:52:22Z
GENVR,0.4701,2026-04-15T19:40:15Z
GEO,17.61,2026-04-15T19:59:56Z
GEOS,9.63,2026-04-15T19:32:29Z
GERN,1.69,2026-04-15T19:59:51Z
GETY,0.928,2026-04-15T19:59:51Z
GEV,986.25,2026-04-15T19:59:56Z
GEVG,28.22,2026-04-15T19:31:17Z
GEVO,2,2026-04-15T19:59:58Z
GEVX,64.98,2026-04-15T16:50:09Z
GFAI,0.5004,2026-04-15T19:58:26Z
GFF,83.06,2026-04-15T19:59:50Z
GFI,47.4,2026-04-15T19:59:57Z
GFL,39,2026-04-15T19:59:55Z
GFLW,28.79,2026-04-15T14:31:03Z
GFR,6.11,2026-04-15T19:59:43Z
GFS,48.305,2026-04-15T19:59:53Z
GGAL,49.39,2026-04-15T19:59:58Z
GGB,4.32,2026-04-15T19:59:53Z
GGG,85.22,2026-04-15T19:59:53Z
GGLL,106.48,2026-04-15T19:59:05Z
GGLS,6.21,2026-04-15T19:59:43Z
GGN,5.515,2026-04-15T19:57:30Z
GGT,4.205,2026-04-15T19:55:29Z
GH,84.77,2026-04-15T19:59:56Z
GHC,1126.01,2026-04-15T19:59:55Z
GHI,5.38,2026-04-15T19:56:27Z
GHM,90.99,2026-04-15T19:31:19Z
GHRS,16.955,2026-04-15T19:56:28Z
GHY,12.06,2026-04-15T16:53:09Z
GHYG,45.75,2026-04-15T14:17:03Z
GIAX,16,2026-04-15T19:06:40Z
GIB,74.13,2026-04-15T19:59:49Z
GIBO,1.31,2026-04-15T19:26:05Z
GIC,32.825,2026-04-15T19:58:59Z
GIFT,1.24,2026-04-15T13:50:25Z
GIGB,46.14,2026-04-15T19:54:03Z
GIGL,50.84,2026-04-15T17:15:18Z
GII,76.78,2026-04-15T19:59:59Z
GIII,29.73,2026-04-15T19:59:38Z
GIL,57.28,2026-04-15T19:59:52Z
GILD,139.72,2026-04-15T19:59:58Z
GILT,18.4,2026-04-15T19:59:04Z
GIND,24.12,2026-04-15T17:42:14Z
GINN,73.895,2026-04-15T19:34:10Z
GIPR,0.3093,2026-04-15T18:51:02Z
GIS,34.48,2026-04-15T19:59:59Z
GITS,2.35,2026-04-15T19:33:18Z
GIX,9.84,2026-04-15T15:04:09Z
GJAN,43.53,2026-04-15T19:43:01Z
GJH,9.75,2026-04-15T19:36:03Z
GJUL,42.18,2026-04-15T14:31:40Z
GKOS,121.08,2026-04-15T19:59:52Z
GL,149.125,2026-04-15T19:59:43Z
GLAD,19.13,2026-04-15T19:59:55Z
GLBE,33.29,2026-04-15T19:59:55Z
GLBS,2,2026-04-15T14:12:39Z
GLD,440.47,2026-04-15T19:59:55Z
GLDG,1.31,2026-04-15T19:57:01Z
GLDM,94.9,2026-04-15T19:59:49Z
GLDN,19.02,2026-04-15T15:59:27Z
GLDY,15.7,2026-04-15T13:33:56Z
GLE,0.4001,2026-04-15T18:40:10Z
GLED^,0.25,2026-04-15T16:40:21Z
GLGG,7.23,2026-04-15T19:55:17Z
GLIBA,36.86,2026-04-15T19:19:11Z
GLIBK,36.96,2026-04-15T19:59:53Z
GLL,19.19,2026-04-15T19:59:36Z
GLMD,0.703,2026-04-15T19:57:57Z
GLND,5.49,2026-04-15T19:59:51Z
GLNG,53.81,2026-04-15T19:59:49Z
GLNK,8.31,2026-04-15T19:52:12Z
GLO,5.87,2026-04-15T19:58:26Z
GLOB,48.75,2026-04-15T19:59:39Z
GLOO,6.36,2026-04-15T19:44:28Z
GLOP-A,25.71,2026-04-15T18:25:13Z
GLPG,29.135,2026-04-15T19:59:34Z
GLPI,46.74,2026-04-15T19:59:50Z
GLQ,8.12,2026-04-15T18:58:33Z
GLRE,18.06,2026-04-15T19:59:41Z
GLRY,40.39,2026-04-15T17:29:17Z
GLSI,25.84,2026-04-15T19:24:43Z
GLTR,226.94,2026-04-15T17:31:48Z
GLUE,18.24,2026-04-15T19:59:49Z
GLV,6.17,2026-04-15T18:43:44Z
GLW,168.27,2026-04-15T19:59:56Z
GLWG,23.78,2026-04-15T19:53:40Z
GLXU,8.34,2026-04-15T19:59:51Z
GLXY,24.01,2026-04-15T19:59:56Z
GM,77.79,2026-04-15T19:59:58Z
GMAB,29.3,2026-04-15T19:59:54Z
GMAR,43.025,2026-04-15T17:11:53Z
GMAY,42.24,2026-04-15T14:21:09Z
GME,24.8,2026-04-15T19:59:57Z
GME+,3.68,2026-04-15T19:55:37Z
GMED,94.51,2026-04-15T19:59:53Z
GMEU,11.6,2026-04-15T14:56:13Z
GMEX,0.49,2026-04-15T18:56:27Z
GMEY,33.34,2026-04-15T14:14:27Z
GMMF,100.23,2026-04-15T17:08:31Z
GMNY,50,2026-04-15T17:49:06Z
GMOD,26.89,2026-04-15T19:20:00Z
GMOI,37.52,2026-04-15T17:43:39Z
GMOM,37.03,2026-04-15T19:51:41Z
GMTL,18.15,2026-04-15T19:56:27Z
GMUB,51.16,2026-04-15T19:29:10Z
GNE,13.84,2026-04-15T19:56:58Z
GNK,24.165,2026-04-15T19:59:58Z
GNL,9.48,2026-04-15T19:59:58Z
GNL-E,22.825,2026-04-15T18:59:30Z
GNLN,4.43,2026-04-15T19:55:03Z
GNLX,2.835,2026-04-15T19:59:52Z
GNOM,46.7,2026-04-15T15:05:06Z
GNPX,1.295,2026-04-15T19:59:59Z
GNR,74.68,2026-04-15T19:54:41Z
GNRC,204.27,2026-04-15T19:59:31Z
GNS,0.32,2026-04-15T19:59:58Z
GNSS,1.91,2026-04-15T19:44:33Z
GNT,9.075,2026-04-15T19:57:44Z
GNTA,0.6949,2026-04-15T17:50:35Z
GNTX,21.69,2026-04-15T19:59:58Z
GNW,8.675,2026-04-15T19:59:52Z
GO,7.225,2026-04-15T19:59:55Z
GOAI,4,2026-04-15T18:28:11Z
GOCO,1.065,2026-04-15T17:23:53Z
GOCT,40.07,2026-04-15T14:21:09Z
GOF,11.33,2026-04-15T19:55:51Z
GOGO,4.735,2026-04-15T19:59:57Z
GOLD,45.005,2026-04-15T19:59:53Z
GOLF,96.52,2026-04-15T19:55:08Z
GOLS,25.36,2026-04-15T19:36:26Z
GOOD,12.45,2026-04-15T19:59:46Z
GOOG,334.445,2026-04-15T19:59:59Z
GOOGL,337.11,2026-04-15T19:59:56Z
GOOS,11.49,2026-04-15T19:59:45Z
GOOX,74.34,2026-04-15T17:02:09Z
GOOY,14.21,2026-04-15T19:54:28Z
GORO,1.52,2026-04-15T19:59:55Z
GOSS,0.4579,2026-04-15T19:59:54Z
GOTU,1.93,2026-04-15T19:59:50Z
GOVI,27.405,2026-04-15T19:56:49Z
GOVT,22.93,2026-04-15T19:59:59Z
GOVX,1.29,2026-04-15T19:47:30Z
GOVZ,9.155,2026-04-15T19:59:59Z
GP,0.9501,2026-04-15T16:54:33Z
GPC,110.44,2026-04-15T19:59:57Z
GPCR,54.31,2026-04-15T19:59:51Z
GPGI,16.46,2026-04-15T19:59:54Z
GPI,333.045,2026-04-15T19:59:52Z
GPIQ,53.26,2026-04-15T19:59:44Z
GPIX,52.96,2026-04-15T19:59:40Z
GPK,9.69,2026-04-15T19:59:56Z
GPMT,1.55,2026-04-15T19:59:57Z
GPMT-A,20.09,2026-04-15T18:30:35Z
GPN,70.16,2026-04-15T19:59:53Z
GPOR,191.305,2026-04-15T19:57:07Z
GPRE,15.405,2026-04-15T19:59:52Z
GPRK,9.145,2026-04-15T19:59:56Z
GPRO,1.11,2026-04-15T19:59:54Z
GPUS,0.1549,2026-04-15T19:58:36Z
GPZ,23.91,2026-04-15T19:58:22Z
GQGU,25.99,2026-04-15T19:59:50Z
GRAB,3.92,2026-04-15T19:59:53Z
GRAL,49.81,2026-04-15T19:59:34Z
GRBK,65.3,2026-04-15T19:50:05Z
GRC,68.08,2026-04-15T19:59:50Z
GRCE,4.37,2026-04-15T19:59:51Z
GRDN,37.09,2026-04-15T19:59:54Z
GRDX,2.2,2026-04-15T19:36:39Z
GREE,1.23,2026-04-15T19:50:09Z
GREK,72.355,2026-04-15T19:55:09Z
GRF,9.68,2026-04-15T19:59:55Z
GRFS,8.705,2026-04-15T19:59:44Z
GRI,2.48,2026-04-15T18:07:37Z
GRID,179.91,2026-04-15T19:59:51Z
GRML,0.3978,2026-04-15T19:59:43Z
GRMN,265.6,2026-04-15T19:59:43Z
GRNB,24.18,2026-04-15T16:15:07Z
GRND,12.935,2026-04-15T19:59:50Z
GRNJ,28.035,2026-04-15T19:59:45Z
GRNT,5.36,2026-04-15T19:59:58Z
GRNY,25.745,2026-04-15T19:58:57Z
GRO,3.18,2026-04-15T19:59:47Z
GROY,3.715,2026-04-15T19:59:53Z
GROZ,30.01,2026-04-15T16:40:32Z
GRPN,12.93,2026-04-15T19:59:34Z
GRRR,12.45,2026-04-15T19:59:56Z
GRWG,1.095,2026-04-15T19:55:49Z
GS,899.495,2026-04-15T19:59:58Z
GS-A,19.82,2026-04-15T15:44:01Z
GS-C,19.88,2026-04-15T18:26:09Z
GS-D,19.58,2026-04-15T19:51:32Z
GSAT,80.55,2026-04-15T19:59:51Z
GSBC,67.785,2026-04-15T19:58:15Z
GSBD,9.67,2026-04-15T19:59:56Z
GSEE,64.29,2026-04-15T13:37:57Z
GSEP,39.52,2026-04-15T17:13:06Z
GSG,31.15,2026-04-15T19:59:44Z
GSGO,40.46,2026-04-15T19:50:18Z
GSHD,41.22,2026-04-15T19:59:45Z
GSID,74.52,2026-04-15T14:33:20Z
GSIE,45.75,2026-04-15T19:59:46Z
GSIT,6.35,2026-04-15T19:58:15Z
GSIW,23.5,2026-04-15T14:26:33Z
GSK,57.815,2026-04-15T19:59:55Z
GSL,38.91,2026-04-15T19:59:59Z
GSL-B,27,2026-04-15T17:01:11Z
GSLC,134.28,2026-04-15T19:59:55Z
GSM,4.53,2026-04-15T19:59:50Z
GSOL,6.37,2026-04-15T19:59:54Z
GSSC,80.275,2026-04-15T18:00:09Z
GSST,50.51,2026-04-15T19:59:52Z
GSUI,13.72,2026-04-15T14:01:04Z
GSUN,0.4322,2026-04-15T19:50:32Z
GSUS,96.53,2026-04-15T19:59:50Z
GSWO,60.39,2026-04-15T18:29:00Z
GSY,50.235,2026-04-15T19:55:21Z
GT,6.73,2026-04-15T19:59:56Z
GTBP,0.3815,2026-04-15T19:04:18Z
GTE,7.88,2026-04-15T19:59:50Z
GTEK,47.18,2026-04-15T15:55:00Z
GTERU,10.38,2026-04-15T19:50:46Z
GTES,24.92,2026-04-15T19:59:56Z
GTLB,21.78,2026-04-15T19:59:56Z
GTLS,207.98,2026-04-15T19:59:50Z
GTM,6.15,2026-04-15T19:59:57Z
GTN,5.68,2026-04-15T19:59:56Z
GTO,47.295,2026-04-15T19:06:05Z
GTOQ,22.47,2026-04-15T19:46:35Z
GTOS,25.07,2026-04-15T19:51:28Z
GTX,19.025,2026-04-15T19:59:55Z
GTY,34.05,2026-04-15T19:59:53Z
GUG,15.68,2026-04-15T19:54:50Z
GUNR,55.14,2026-04-15T19:55:01Z
GUSH,35.81,2026-04-15T19:59:41Z
GUT,6.18,2026-04-15T19:54:44Z
GUTS,0.5344,2026-04-15T19:59:42Z
GV,0.2189,2026-04-15T19:57:53Z
GVA,125.68,2026-04-15T19:59:50Z
GVAL,35.97,2026-04-15T19:58:42Z
GVH,2.24,2026-04-15T16:35:32Z
GVI,106.835,2026-04-15T19:58:29Z
GVIP,163.17,2026-04-15T15:24:08Z
GWAV,3.69,2026-04-15T17:14:22Z
GWH,1.17,2026-04-15T19:57:45Z
GWRE,136.68,2026-04-15T19:59:53Z
GWRS,7.72,2026-04-15T18:42:28Z
GWW,1143.92,2026-04-15T19:59:30Z
GWX,45.1,2026-04-15T17:41:36Z
GXAI,1.215,2026-04-15T19:59:01Z
GXC,96,2026-04-15T19:48:15Z
GXDW,25.28,2026-04-15T15:50:48Z
GXIG,25.1,2026-04-15T13:30:25Z
GXO,55.74,2026-04-15T19:59:59Z
GXPC,31.105,2026-04-15T19:59:59Z
GXPD,26.44,2026-04-15T19:59:51Z
GXPE,32.81,2026-04-15T19:59:46Z
GXPS,26.04,2026-04-15T18:12:52Z
GXPT,27.945,2026-04-15T19:59:47Z
GXRP,27.175,2026-04-15T19:57:10Z
GYRE,7.99,2026-04-15T18:15:53Z
H,163.41,2026-04-15T19:59:45Z
HACK,75.97,2026-04-15T19:48:07Z
HAE,61.95,2026-04-15T19:59:51Z
HAFC,27.63,2026-04-15T19:59:36Z
HAFN,8.19,2026-04-15T19:59:56Z
HAIN,0.8649,2026-04-15T19:59:50Z
HAKY,23.02,2026-04-15T14:05:15Z
HAL,37.54,2026-04-15T19:59:58Z
HALO,68.06,2026-04-15T19:59:53Z
HAP,72.845,2026-04-15T19:59:46Z
HARD,33.25,2026-04-15T19:04:50Z
HAS,93.965,2026-04-15T19:59:49Z
HASI,40.4,2026-04-15T19:59:58Z
HAUZ,24.09,2026-04-15T17:50:07Z
HAWX,43.36,2026-04-15T19:36:52Z
HAYW,14.645,2026-04-15T19:59:55Z
HBAN,16.69,2026-04-15T19:59:55Z
HBANL,25.53,2026-04-15T14:09:58Z
HBANP,17.29,2026-04-15T18:33:12Z
HBANZ,21.16,2026-04-15T19:17:52Z
HBB,20.7,2026-04-15T19:25:31Z
HBCP,64.15,2026-04-15T19:47:54Z
HBIO,5.74,2026-04-15T19:57:12Z
HBM,24.9,2026-04-15T19:59:55Z
HBNC,17.74,2026-04-15T19:59:50Z
HBT,28.405,2026-04-15T19:55:31Z
HCA,488.87,2026-04-15T19:59:48Z
HCAI,5.28,2026-04-15T19:59:14Z
HCAT,1.22,2026-04-15T19:59:58Z
HCC,88.83,2026-04-15T19:59:41Z
HCHL,1.445,2026-04-15T18:40:41Z
HCI,155.605,2026-04-15T19:56:17Z
HCKT,13.67,2026-04-15T19:59:51Z
HCM,15.25,2026-04-15T15:43:39Z
HCMT,35.3,2026-04-15T19:02:26Z
HCOW,23.62,2026-04-15T15:08:52Z
HCSG,19.275,2026-04-15T19:59:49Z
HCTI,2.52,2026-04-15T17:24:39Z
HCWB,0.3982,2026-04-15T19:59:02Z
HCWC,0.2724,2026-04-15T19:59:50Z
HD,338.9,2026-04-15T19:59:50Z
HDB,27.13,2026-04-15T19:59:56Z
HDEF,33.2,2026-04-15T19:55:03Z
HDGE,16.935,2026-04-15T19:14:12Z
HDSN,6.2,2026-04-15T19:59:54Z
HDV,133.2,2026-04-15T19:59:55Z
HE,15.135,2026-04-15T19:59:59Z
HECA,27.54,2026-04-15T19:59:50Z
HEDG,29.63,2026-04-15T14:16:45Z
HEDJ,54.805,2026-04-15T19:40:27Z
HEFA,44.56,2026-04-15T19:59:57Z
HEFT,25.79,2026-04-15T16:14:15Z
HEGD,25.575,2026-04-15T18:04:59Z
HEI,292.66,2026-04-15T19:59:51Z
HEI.A,222.12,2026-04-15T19:59:40Z
HELE,17.45,2026-04-15T19:59:55Z
HELO,66.72,2026-04-15T19:30:18Z
HELP,5.495,2026-04-15T19:59:41Z
HEMI,40.58,2026-04-15T19:06:05Z
HEPS,2.795,2026-04-15T19:59:11Z
HEQ,11.27,2026-04-15T19:57:17Z
HEQQ,59.07,2026-04-15T17:42:54Z
HEQT,32.53,2026-04-15T19:55:10Z
HERE,3.47,2026-04-15T19:54:51Z
HERZ,15.85,2026-04-15T19:57:49Z
HESM,37.235,2026-04-15T19:59:49Z
HEWJ,59.45,2026-04-15T18:02:22Z
HEZU,46.23,2026-04-15T19:59:46Z
HFFG,2.09,2026-04-15T19:59:58Z
HFGM,33.15,2026-04-15T19:49:33Z
HFRO,6.105,2026-04-15T19:59:38Z
HFRO-A,16.425,2026-04-15T16:17:12Z
HFSI,35.325,2026-04-15T19:57:09Z
HFWA,27.07,2026-04-15T19:59:58Z
HFXI,35.78,2026-04-15T19:59:08Z
HG,31.155,2026-04-15T19:59:53Z
HGBL,1.45,2026-04-15T19:59:08Z
HGER,31.185,2026-04-15T19:59:44Z
HGLB,8.26,2026-04-15T19:27:23Z
HGTY,11.025,2026-04-15T19:59:52Z
HGV,47.435,2026-04-15T19:59:56Z
HHH,65.01,2026-04-15T19:59:31Z
HIBL,78.73,2026-04-15T18:01:45Z
HIBS,34.65,2026-04-15T19:50:24Z
HIFS,295.09,2026-04-15T19:49:12Z
HIG,138.77,2026-04-15T19:59:52Z
HII,398.72,2026-04-15T19:59:28Z
HIMS,24.3,2026-04-15T19:59:58Z
HIMU,48.56,2026-04-15T18:32:35Z
HIMX,10.18,2026-04-15T19:59:56Z
HIMZ,30.795,2026-04-15T19:59:10Z
HIO,3.705,2026-04-15T19:58:13Z
HIPO,27.66,2026-04-15T19:59:38Z
HIPS,11.945,2026-04-15T19:57:48Z
HISF,44.86,2026-04-15T19:59:45Z
HIT,1.52,2026-04-15T19:24:19Z
HITI,2.46,2026-04-15T19:59:58Z
HIVE,2.465,2026-04-15T19:59:56Z
HIW,23.19,2026-04-15T19:59:51Z
HIX,4.05,2026-04-15T19:59:09Z
HIYY,14.44,2026-04-15T18:36:46Z
HKD,1.76,2026-04-15T19:59:41Z
HKIT,0.9729,2026-04-15T15:06:36Z
HKPD,0.6598,2026-04-15T14:08:43Z
HL,19.12,2026-04-15T19:59:59Z
HLAL,63.57,2026-04-15T13:44:56Z
HLF,16.89,2026-04-15T19:59:51Z
HLI,159.915,2026-04-15T19:59:40Z
HLIO,67.405,2026-04-15T19:59:52Z
HLIT,9.88,2026-04-15T19:59:59Z
HLLY,3.1,2026-04-15T19:59:55Z
HLMN,8.48,2026-04-15T19:59:57Z
HLN,9.66,2026-04-15T19:59:56Z
HLNE,105.07,2026-04-15T19:59:52Z
HLP,1.025,2026-04-15T19:58:41Z
HLT,328.95,2026-04-15T19:59:56Z
HLX,9.41,2026-04-15T19:59:59Z
HMC,24.27,2026-04-15T19:59:59Z
HMH,18.245,2026-04-15T19:59:36Z
HMN,44.56,2026-04-15T19:51:59Z
HMOP,39.08,2026-04-15T19:39:41Z
HMY,16.86,2026-04-15T19:59:58Z
HNDL,22.41,2026-04-15T19:45:35Z
HNGE,41.47,2026-04-15T19:59:53Z
HNI,35.92,2026-04-15T19:59:57Z
HNNA,9.7,2026-04-15T13:45:00Z
HNRG,15.84,2026-04-15T19:59:55Z
HNST,3.24,2026-04-15T19:59:57Z
HODL,21.23,2026-04-15T19:59:34Z
HODU,10.765,2026-04-15T19:29:52Z
HOFT,14.535,2026-04-15T19:39:45Z
HOG,22.86,2026-04-15T19:59:54Z
HOLA,54.205,2026-04-15T18:26:18Z
HOLO,2.09,2026-04-15T19:59:51Z
HOMB,27.68,2026-04-15T19:59:58Z
HON,232.105,2026-04-15T19:59:57Z
HOOD,87.38,2026-04-15T19:59:59Z
HOOG,26.53,2026-04-15T19:59:30Z
HOOW,28.5,2026-04-15T19:50:25Z
HOOX,30.01,2026-04-15T19:55:28Z
HOOY,31.47,2026-04-15T13:36:33Z
HOOZ,23.575,2026-04-15T19:47:13Z
HOPE,12.18,2026-04-15T19:59:53Z
HOTH,0.6913,2026-04-15T19:59:50Z
HOUR,2.12,2026-04-15T19:58:16Z
HOV,106.01,2026-04-15T19:58:17Z
HOVR,1.845,2026-04-15T19:59:52Z
HOYY,6.95,2026-04-15T18:15:56Z
HP,34.535,2026-04-15T19:59:50Z
HPE,24.61,2026-04-15T19:59:59Z
HPE-C,66.685,2026-04-15T15:36:54Z
HPF,15.81,2026-04-15T19:59:00Z
HPI,15.92,2026-04-15T19:53:07Z
HPK,5.76,2026-04-15T19:59:53Z
HPP,6.665,2026-04-15T19:59:50Z
HPQ,19.23,2026-04-15T19:59:57Z
HPS,14.47,2026-04-15T19:41:26Z
HQ,12.04,2026-04-15T19:54:31Z
HQH,19.81,2026-04-15T19:59:34Z
HQI,10.59,2026-04-15T17:20:16Z
HQL,17.81,2026-04-15T19:43:30Z
HQWWW,3.37,2026-04-15T19:38:16Z
HQY,83.73,2026-04-15T19:59:50Z
HR,17.82,2026-04-15T19:59:53Z
HRB,30.9,2026-04-15T19:59:48Z
HRI,100.08,2026-04-15T19:58:43Z
HRL,20.65,2026-04-15T19:59:56Z
HRMY,29.215,2026-04-15T19:59:55Z
HROW,38.79,2026-04-15T19:59:57Z
HRTG,26.685,2026-04-15T19:58:57Z
HRTX,0.9598,2026-04-15T19:59:57Z
HRZN,4.79,2026-04-15T19:59:54Z
HSAI,24.235,2026-04-15T19:59:57Z
HSBC,90.995,2026-04-15T19:58:53Z
HSCS,1.99,2026-04-15T16:49:58Z
HSCZ,41.895,2026-04-15T18:34:04Z
HSDT,1.96,2026-04-15T19:59:13Z
HSHP,13.94,2026-04-15T19:59:55Z
HSIC,77.445,2026-04-15T19:59:53Z
HSLV,6.44,2026-04-15T19:35:40Z
HST,20.69,2026-04-15T19:59:59Z
HSTM,21.05,2026-04-15T19:59:51Z
HSY,191.945,2026-04-15T19:59:50Z
HTAB,19.13,2026-04-15T19:21:24Z
HTB,45.21,2026-04-15T19:17:22Z
HTBK,13.19,2026-04-15T19:59:58Z
HTCO,11.51,2026-04-15T19:16:13Z
HTCR,3.4,2026-04-15T18:08:25Z
HTD,25.26,2026-04-15T18:21:57Z
HTFL,29.205,2026-04-15T19:59:59Z
HTGC,15.68,2026-04-15T19:59:53Z
HTH,37.09,2026-04-15T19:59:51Z
HTHT,53.715,2026-04-15T19:59:54Z
HTLD,10.76,2026-04-15T19:59:43Z
HTO,58.23,2026-04-15T19:59:55Z
HTOO,2.82,2026-04-15T14:23:06Z
HTRB,34.045,2026-04-15T18:53:53Z
HTT,2.57,2026-04-15T19:21:00Z
HTZ,6.56,2026-04-15T19:59:57Z
HTZWW,3.09,2026-04-15T19:56:57Z
HUBB,527.1,2026-04-15T19:59:45Z
HUBC,0.2534,2026-04-15T19:59:55Z
HUBCW,0.02,2026-04-15T17:01:08Z
HUBG,39.265,2026-04-15T19:59:48Z
HUBS,218.62,2026-04-15T19:59:55Z
HUHU,10.51,2026-04-15T14:12:00Z
HUIZ,1.65,2026-04-15T18:40:29Z
HUM,198.43,2026-04-15T19:59:50Z
HUMA,0.7328,2026-04-15T19:59:51Z
HUMN,31.94,2026-04-15T19:54:46Z
HUN,13.58,2026-04-15T19:59:57Z
HURA,3.095,2026-04-15T19:58:56Z
HURC,16.82,2026-04-15T19:58:46Z
HURN,131.11,2026-04-15T19:58:01Z
HUT,71.09,2026-04-15T19:59:57Z
HUYA,3.25,2026-04-15T19:59:59Z
HVT,22.53,2026-04-15T19:55:28Z
HWBK,34.17,2026-04-15T19:09:32Z
HWC,67.015,2026-04-15T19:59:59Z
HWCPZ,22.83,2026-04-15T18:20:32Z
HWH,1.125,2026-04-15T17:08:51Z
HWKN,147.41,2026-04-15T17:02:48Z
HWM,254.1,2026-04-15T19:59:56Z
HXHX,0.6342,2026-04-15T19:49:04Z
HXL,83.28,2026-04-15T19:59:47Z
HY,37.25,2026-04-15T19:59:41Z
HYBI,49.63,2026-04-15T19:00:31Z
HYBL,28,2026-04-15T18:33:43Z
HYD,50.87,2026-04-15T19:59:51Z
HYDB,47.09,2026-04-15T19:59:31Z
HYDR,46.27,2026-04-15T18:13:06Z
HYEM,20.06,2026-04-15T19:50:28Z
HYFI,37.495,2026-04-15T19:45:53Z
HYFT,1.29,2026-04-15T19:57:52Z
HYG,80.45,2026-04-15T19:59:58Z
HYGH,86.11,2026-04-15T19:29:10Z
HYGV,40.535,2026-04-15T19:56:21Z
HYGW,29.21,2026-04-15T19:31:38Z
HYHG,64.38,2026-04-15T15:44:14Z
HYI,10.96,2026-04-15T19:54:30Z
HYIN,15.09,2026-04-15T18:01:44Z
HYLB,36.72,2026-04-15T19:59:57Z
HYLN,1.93,2026-04-15T19:59:57Z
HYLS,41.105,2026-04-15T19:55:09Z
HYMB,25.07,2026-04-15T19:59:57Z
HYMC,40.33,2026-04-15T19:59:52Z
HYPD,3.86,2026-04-15T19:58:45Z
HYPR,1.305,2026-04-15T19:59:23Z
HYS,93.965,2026-04-15T19:55:10Z
HYT,8.58,2026-04-15T19:59:39Z
HYTR,21.545,2026-04-15T19:40:47Z
HYXF,46.77,2026-04-15T19:28:01Z
HYZD,22.54,2026-04-15T19:51:41Z
HZO,28.37,2026-04-15T19:59:49Z
IAC,43.24,2026-04-15T19:59:53Z
IACO,9.85,2026-04-15T17:56:28Z
IAE,7.89,2026-04-15T19:50:01Z
IAG,19.47,2026-04-15T19:59:59Z
IAGG,49.985,2026-04-15T19:59:58Z
IAI,178.81,2026-04-15T14:36:11Z
IAK,132.315,2026-04-15T19:59:34Z
IALT,27.565,2026-04-15T19:59:46Z
IAPR,32.79,2026-04-15T14:21:09Z
IART,11.02,2026-04-15T19:59:59Z
IAT,57.73,2026-04-15T19:56:37Z
IAU,90.225,2026-04-15T19:59:50Z
IAUI,58.4,2026-04-15T19:46:12Z
IAUM,47.79,2026-04-15T19:59:52Z
IAUX,1.61,2026-04-15T19:59:59Z
IBAT,38.88,2026-04-15T19:20:09Z
IBB,176.055,2026-04-15T19:59:54Z
IBBQ,30.2,2026-04-15T19:59:50Z
IBCA,25.85,2026-04-15T19:59:50Z
IBCP,34.35,2026-04-15T19:59:15Z
IBDR,24.205,2026-04-15T18:52:28Z
IBDS,24.215,2026-04-15T16:21:54Z
IBDT,25.325,2026-04-15T19:59:46Z
IBDU,23.3,2026-04-15T19:57:34Z
IBDV,21.955,2026-04-15T19:59:48Z
IBDW,21.035,2026-04-15T19:59:44Z
IBDX,25.425,2026-04-15T19:51:06Z
IBDY,26.005,2026-04-15T19:54:03Z
IBDZ,26.275,2026-04-15T19:57:21Z
IBEX,29.015,2026-04-15T19:59:49Z
IBG,1.06,2026-04-15T14:55:48Z
IBHF,22.915,2026-04-15T18:59:25Z
IBHG,22.135,2026-04-15T19:59:46Z
IBHH,23.55,2026-04-15T19:03:06Z
IBHI,23.47,2026-04-15T13:48:58Z
IBIC,25.895,2026-04-15T19:23:24Z
IBIF,26.325,2026-04-15T18:26:20Z
IBII,26.07,2026-04-15T19:59:45Z
IBIK,25.95,2026-04-15T19:54:40Z
IBIL,25.715,2026-04-15T19:59:05Z
IBIO,2.1,2026-04-15T19:59:55Z
IBIT,42.54,2026-04-15T19:59:58Z
IBKR,79.7,2026-04-15T19:59:48Z
IBM,244.84,2026-04-15T19:59:53Z
IBMO,25.64,2026-04-15T19:59:46Z
IBMP,25.44,2026-04-15T19:30:19Z
IBMQ,25.53,2026-04-15T18:50:36Z
IBMR,25.405,2026-04-15T19:30:18Z
IBMS,25.97,2026-04-15T19:31:28Z
IBMU,25.39,2026-04-15T16:23:33Z
IBN,28.475,2026-04-15T19:59:54Z
IBND,32.04,2026-04-15T19:13:52Z
IBO,0.66,2026-04-15T18:20:48Z
IBOC,71.2,2026-04-15T19:59:39Z
IBP,284.03,2026-04-15T19:59:49Z
IBRX,7.8,2026-04-15T19:59:58Z
IBTA,35.33,2026-04-15T19:59:31Z
IBTH,22.41,2026-04-15T19:30:44Z
IBTI,22.26,2026-04-15T19:46:40Z
IBTJ,21.825,2026-04-15T19:52:24Z
IBTK,19.735,2026-04-15T19:59:53Z
IBTL,20.4,2026-04-15T18:01:46Z
IBTM,22.945,2026-04-15T19:59:04Z
IBTO,24.405,2026-04-15T19:59:04Z
IBTQ,25.33,2026-04-15T19:10:01Z
IBUF,30.435,2026-04-15T17:18:28Z
IBUY,67.72,2026-04-15T15:13:13Z
IBX,24.01,2026-04-15T14:18:49Z
ICCC,7.7,2026-04-15T16:39:09Z
ICCM,0.3475,2026-04-15T15:54:08Z
ICE,165.06,2026-04-15T19:59:53Z
ICF,65.905,2026-04-15T19:59:21Z
ICFI,73.06,2026-04-15T19:59:55Z
ICHR,64.365,2026-04-15T19:59:55Z
ICL,5.33,2026-04-15T19:59:53Z
ICLN,19.53,2026-04-15T19:59:55Z
ICLO,25.54,2026-04-15T19:48:18Z
ICLR,116.525,2026-04-15T19:59:59Z
ICMB,1.79,2026-04-15T17:14:30Z
ICOI,11.72,2026-04-15T19:59:50Z
ICON,1.05,2026-04-15T17:33:56Z
ICOW,43.845,2026-04-15T19:52:50Z
ICSH,50.555,2026-04-15T19:58:25Z
ICU,3.885,2026-04-15T19:53:38Z
ICUI,126.11,2026-04-15T19:55:58Z
ICVT,110.25,2026-04-15T19:57:07Z
IDA,146.46,2026-04-15T19:58:33Z
IDAI,2.635,2026-04-15T19:54:58Z
IDCC,365.44,2026-04-15T19:59:24Z
IDE,13.54,2026-04-15T15:30:43Z
IDEC,33.7,2026-04-15T18:34:12Z
IDEF,34.85,2026-04-15T19:56:26Z
IDEQ,34.04,2026-04-15T19:54:11Z
IDEV,88.955,2026-04-15T19:59:50Z
IDGT,111.91,2026-04-15T19:10:16Z
IDHQ,38.56,2026-04-15T18:29:03Z
IDMO,59.69,2026-04-15T19:59:26Z
IDN,8.17,2026-04-15T19:59:04Z
IDNA,30.97,2026-04-15T19:16:48Z
IDR,39.41,2026-04-15T19:59:42Z
IDT,50.78,2026-04-15T19:59:05Z
IDU,116.34,2026-04-15T19:59:50Z
IDUB,26.66,2026-04-15T19:59:46Z
IDV,44.025,2026-04-15T19:59:46Z
IDVO,42.62,2026-04-15T16:57:17Z
IDX,14.43,2026-04-15T17:09:24Z
IDXX,580.855,2026-04-15T19:59:46Z
IDYA,32.16,2026-04-15T19:59:54Z
IE,14.7,2026-04-15T19:59:59Z
IEAG,10,2026-04-15T19:49:49Z
IEF,95.58,2026-04-15T19:59:54Z
IEFA,96.435,2026-04-15T19:59:59Z
IEI,118.675,2026-04-15T19:59:44Z
IEMG,76.29,2026-04-15T19:59:59Z
IEO,113.31,2026-04-15T19:59:45Z
IEP,7.845,2026-04-15T19:59:27Z
IESC,529.32,2026-04-15T19:58:45Z
IETC,98.59,2026-04-15T19:59:46Z
IEUR,75.125,2026-04-15T19:59:59Z
IEUS,72.225,2026-04-15T19:34:57Z
IEV,72.47,2026-04-15T19:59:26Z
IEX,199.375,2026-04-15T19:59:48Z
IEZ,28.99,2026-04-15T19:59:39Z
IFBD,0.9395,2026-04-15T16:12:09Z
IFEB,30.86,2026-04-15T18:23:03Z
IFF,71.52,2026-04-15T19:59:49Z
IFGL,24.06,2026-04-15T19:57:15Z
IFLN,18.435,2026-04-15T19:52:35Z
IFN,11.995,2026-04-15T19:54:55Z
IFRA,59.085,2026-04-15T19:58:59Z
IFRX,1.21,2026-04-15T19:59:34Z
IFS,45.91,2026-04-15T19:59:54Z
IFV,27.27,2026-04-15T19:37:54Z
IG,20.76,2026-04-15T19:59:47Z
IGA,9.68,2026-04-15T15:13:54Z
IGC,0.3108,2026-04-15T14:50:46Z
IGD,5.95,2026-04-15T19:59:56Z
IGE,60.81,2026-04-15T19:59:47Z
IGEB,45.39,2026-04-15T19:59:19Z
IGF,67.59,2026-04-15T19:59:53Z
IGI,16.32,2026-04-15T18:40:06Z
IGIB,53.59,2026-04-15T19:59:59Z
IGIC,26.025,2026-04-15T19:59:58Z
IGLB,50.32,2026-04-15T19:59:59Z
IGLD,25.6,2026-04-15T17:57:41Z
IGM,135.28,2026-04-15T19:59:51Z
IGOV,41.97,2026-04-15T19:52:02Z
IGPT,68.71,2026-04-15T19:52:31Z
IGR,4.765,2026-04-15T19:09:50Z
IGRO,87.83,2026-04-15T16:54:37Z
IGSB,52.645,2026-04-15T19:55:24Z
IGV,82.975,2026-04-15T19:59:55Z
IHAK,45,2026-04-15T18:36:52Z
IHD,7.12,2026-04-15T19:48:35Z
IHDG,50.7,2026-04-15T19:59:49Z
IHE,87.39,2026-04-15T19:34:54Z
IHF,44.57,2026-04-15T19:59:50Z
IHG,142.555,2026-04-15T19:59:40Z
IHI,54.23,2026-04-15T19:59:54Z
IHRT,3.92,2026-04-15T19:59:54Z
IHS,8.25,2026-04-15T19:59:54Z
IHY,21.88,2026-04-15T17:18:48Z
IIF,22.67,2026-04-15T19:54:38Z
III,4.09,2026-04-15T19:59:52Z
IIIN,36.65,2026-04-15T19:59:51Z
IIIV,21.09,2026-04-15T19:59:52Z
IIM,12.4,2026-04-15T19:52:07Z
IINN,0.5125,2026-04-15T18:47:02Z
IIPR,51.86,2026-04-15T19:57:32Z
IIPR-A,21.25,2026-04-15T16:27:47Z
IJH,71.37,2026-04-15T19:59:46Z
IJJ,138.285,2026-04-15T13:50:15Z
IJK,107.465,2026-04-15T19:59:59Z
IJR,132.24,2026-04-15T19:59:59Z
IJS,124.59,2026-04-15T19:59:51Z
IJT,155.74,2026-04-15T18:59:42Z
IKT,1.78,2026-04-15T19:59:58Z
ILCG,105.73,2026-04-15T16:56:04Z
ILCV,96.84,2026-04-15T18:01:45Z
ILDR,33.385,2026-04-15T18:09:03Z
ILF,37.75,2026-04-15T19:59:58Z
ILIT,19.15,2026-04-15T17:33:20Z
ILMN,132.265,2026-04-15T19:59:47Z
ILOW,45.235,2026-04-15T19:59:00Z
ILPT,6,2026-04-15T19:59:50Z
ILS,19.83,2026-04-15T16:49:10Z
IMA,5.67,2026-04-15T19:52:48Z
IMAR,30.1,2026-04-15T13:48:42Z
IMAX,37.06,2026-04-15T19:59:50Z
IMCB,87.93,2026-04-15T19:59:51Z
IMCC,0.3688,2026-04-15T18:59:37Z
IMCG,85.18,2026-04-15T18:01:45Z
IMCR,31.645,2026-04-15T19:59:56Z
IMCV,87.055,2026-04-15T19:59:45Z
IMDX,3.42,2026-04-15T19:58:17Z
IMFL,33.04,2026-04-15T19:29:50Z
IMKTA,90.325,2026-04-15T19:10:39Z
IMMP,0.5457,2026-04-15T19:59:53Z
IMMR,6.13,2026-04-15T19:59:57Z
IMMX,10.06,2026-04-15T19:59:45Z
IMNM,23.375,2026-04-15T19:59:53Z
IMNN,3.17,2026-04-15T19:22:52Z
IMO,124.93,2026-04-15T19:59:48Z
IMOM,43.89,2026-04-15T18:07:36Z
IMOS,42.92,2026-04-15T14:03:49Z
IMPP,4.31,2026-04-15T19:59:54Z
IMRX,5.75,2026-04-15T19:59:47Z
IMSR,7.16,2026-04-15T19:59:43Z
IMSRW,3.21,2026-04-15T17:04:09Z
IMST,11.03,2026-04-15T16:47:48Z
IMTE,0.712,2026-04-15T17:16:22Z
IMTM,52.345,2026-04-15T19:58:47Z
IMTX,10.99,2026-04-15T19:59:11Z
IMUX,1.105,2026-04-15T19:59:49Z
IMVT,27.46,2026-04-15T19:59:57Z
IMXI,15.915,2026-04-15T19:59:49Z
INAB,1.4,2026-04-15T19:58:43Z
INBK,23.12,2026-04-15T19:50:39Z
INBS,2.72,2026-04-15T16:27:33Z
INBX,83.4,2026-04-15T19:57:54Z
INCE,65.66,2026-04-15T16:45:00Z
INCM,29.18,2026-04-15T19:55:53Z
INCY,97.06,2026-04-15T19:59:54Z
INDA,49.96,2026-04-15T19:59:59Z
INDB,79.465,2026-04-15T19:59:34Z
INDI,2.965,2026-04-15T19:59:56Z
INDL,47.25,2026-04-15T19:59:47Z
INDO,3.38,2026-04-15T19:59:51Z
INDP,2.69,2026-04-15T19:59:56Z
INDS,39.44,2026-04-15T18:06:25Z
INDV,32.52,2026-04-15T19:59:52Z
INDY,44.6,2026-04-15T19:59:30Z
INFL,53.19,2026-04-15T19:55:02Z
INFQ,14.98,2026-04-15T19:59:59Z
INFQ+,7.47,2026-04-15T18:18:10Z
INFU,10.19,2026-04-15T19:57:10Z
INFY,14.3,2026-04-15T19:59:59Z
ING,29.52,2026-04-15T19:59:53Z
INGM,28.21,2026-04-15T19:59:44Z
INGN,6.18,2026-04-15T19:59:56Z
INGR,112.805,2026-04-15T19:58:41Z
INHD,0.1858,2026-04-15T19:59:02Z
INLF,3.89,2026-04-15T18:37:16Z
INM,0.6901,2026-04-15T15:56:02Z
INMB,1.32,2026-04-15T19:59:58Z
INMD,14.26,2026-04-15T19:59:49Z
INMU,24.095,2026-04-15T19:56:55Z
INN,4.82,2026-04-15T19:59:55Z
INNV,8.15,2026-04-15T19:59:26Z
INO,1.195,2026-04-15T19:57:42Z
INOD,43.85,2026-04-15T19:59:52Z
INQQ,12.76,2026-04-15T19:27:23Z
INR,15.7,2026-04-15T19:59:48Z
INSE,6.86,2026-04-15T19:59:52Z
INSG,14.17,2026-04-15T19:59:57Z
INSM,146.6,2026-04-15T19:59:58Z
INSP,56.74,2026-04-15T19:59:17Z
INSW,74.505,2026-04-15T19:59:48Z
INTA,23.24,2026-04-15T19:59:48Z
INTC,64.935,2026-04-15T19:59:59Z
INTF,41.38,2026-04-15T19:59:58Z
INTR,8.39,2026-04-15T19:59:56Z
INTS,5.32,2026-04-15T19:57:30Z
INTT,15.38,2026-04-15T19:59:39Z
INTU,389.58,2026-04-15T19:59:54Z
INTW,108.42,2026-04-15T19:55:00Z
INTZ,0.9499,2026-04-15T15:33:16Z
INUV,2,2026-04-15T19:59:50Z
INV,4.755,2026-04-15T19:59:53Z
INVA,23.92,2026-04-15T19:59:57Z
INVE,3.665,2026-04-15T19:51:20Z
INVH,26.28,2026-04-15T19:59:53Z
INVX,26,2026-04-15T19:59:46Z
INVZ,0.6783,2026-04-15T19:59:50Z
ION,61.8,2026-04-15T13:30:15Z
IONL,21.955,2026-04-15T19:14:27Z
IONQ,43.26,2026-04-15T19:59:59Z
IONQ+,31.56,2026-04-15T16:28:43Z
IONR,3.87,2026-04-15T19:51:35Z
IONS,76.795,2026-04-15T19:59:53Z
IONX,43.3,2026-04-15T19:59:59Z
IONZ,7.74,2026-04-15T19:59:59Z
IOO,131.4,2026-04-15T19:57:00Z
IOSP,74.63,2026-04-15T19:58:35Z
IOT,28.855,2026-04-15T19:59:58Z
IOVA,3.83,2026-04-15T19:59:58Z
IOYY,9.5,2026-04-15T15:43:19Z
IP,36.515,2026-04-15T19:59:51Z
IPAC,81.07,2026-04-15T19:48:18Z
IPAR,94.04,2026-04-15T19:59:27Z
IPAY,47.34,2026-04-15T19:06:36Z
IPDN,0.89,2026-04-15T19:53:19Z
IPGP,121.385,2026-04-15T19:58:00Z
IPI,37.575,2026-04-15T19:46:49Z
IPKW,58.52,2026-04-15T19:25:38Z
IPO,47.65,2026-04-15T15:56:18Z
IPODW,0.285,2026-04-15T19:15:50Z
IPSC,2.605,2026-04-15T19:59:43Z
IPST,0.5948,2026-04-15T19:59:45Z
IPW,1.12,2026-04-15T19:58:13Z
IPWR,3.29,2026-04-15T19:59:54Z
IPX,33.79,2026-04-15T19:59:56Z
IQ,1.41,2026-04-15T19:59:53Z
IQDF,33.645,2026-04-15T19:59:54Z
IQDG,43.005,2026-04-15T19:55:19Z
IQI,9.84,2026-04-15T16:58:32Z
IQLT,49.12,2026-04-15T19:59:50Z
IQMM,100.09,2026-04-15T18:01:00Z
IQQQ,44.71,2026-04-15T19:08:51Z
IQST,1.66,2026-04-15T19:43:15Z
IQSU,55.13,2026-04-15T15:41:39Z
IQV,177.99,2026-04-15T19:59:54Z
IR,83.39,2026-04-15T19:59:54Z
IRD,5.72,2026-04-15T19:59:54Z
IRDM,37.995,2026-04-15T19:59:47Z
IRE,25.67,2026-04-15T19:59:48Z
IREG,18.66,2026-04-15T19:44:53Z
IREN,48.85,2026-04-15T19:59:55Z
IREX,33.16,2026-04-15T19:36:21Z
IREZ,13.83,2026-04-15T19:54:04Z
IRIX,1.04,2026-04-15T19:59:12Z
IRM,113.56,2026-04-15T19:59:48Z
IRMD,93.03,2026-04-15T18:52:01Z
IRON,70.01,2026-04-15T19:45:58Z
IRS,16,2026-04-15T19:53:14Z
IRT,15.665,2026-04-15T19:59:58Z
IRTC,124.465,2026-04-15T19:59:54Z
IRWD,4.37,2026-04-15T19:59:57Z
ISBG,20.59,2026-04-15T19:28:00Z
ISCB,69.29,2026-04-15T13:32:50Z
ISCF,44.76,2026-04-15T19:59:46Z
ISCG,59.1,2026-04-15T18:14:28Z
ISD,13.32,2026-04-15T14:39:05Z
ISEP,33.79,2026-04-15T17:08:56Z
ISHG,75.96,2026-04-15T18:55:49Z
ISMD,42.91,2026-04-15T17:29:17Z
ISOU,11.82,2026-04-15T19:56:16Z
ISPC,0.1061,2026-04-15T19:59:15Z
ISPR,1.865,2026-04-15T19:59:45Z
ISPY,45.625,2026-04-15T19:05:22Z
ISRA,65.515,2026-04-15T16:47:36Z
ISRG,468.39,2026-04-15T19:59:54Z
ISSC,23.54,2026-04-15T19:58:13Z
ISTB,48.51,2026-04-15T19:43:34Z
ISTR,28.49,2026-04-15T19:59:28Z
ISVL,51.28,2026-04-15T13:44:11Z
IT,152.4,2026-04-15T19:59:50Z
ITA,233.635,2026-04-15T19:59:54Z
ITB,93.95,2026-04-15T19:59:58Z
ITEQ,60.72,2026-04-15T18:51:19Z
ITGR,87.83,2026-04-15T19:59:22Z
ITM,46.805,2026-04-15T19:59:54Z
ITOT,153.23,2026-04-15T19:59:49Z
ITP,0.22,2026-04-15T14:31:28Z
ITRG,3.105,2026-04-15T19:59:50Z
ITRI,97.575,2026-04-15T19:59:43Z
ITRN,54.34,2026-04-15T19:56:41Z
ITT,215.82,2026-04-15T19:59:57Z
ITUB,9.41,2026-04-15T19:59:56Z
ITW,264.4,2026-04-15T19:59:51Z
ITWO,42.47,2026-04-15T13:31:19Z
IUSB,46.42,2026-04-15T19:59:51Z
IUSG,172.97,2026-04-15T19:58:18Z
IUSV,105.63,2026-04-15T19:53:10Z
IVA,5.71,2026-04-15T19:59:58Z
IVAL,35.35,2026-04-15T18:39:42Z
IVDA,0.2889,2026-04-15T17:48:00Z
IVE,218,2026-04-15T19:59:50Z
IVEP,27.06,2026-04-15T19:54:59Z
IVES,32.08,2026-04-15T19:59:33Z
IVF,2.2,2026-04-15T19:04:47Z
IVLU,41.78,2026-04-15T19:59:50Z
IVOG,133.53,2026-04-15T19:58:23Z
IVOL,18.48,2026-04-15T19:59:07Z
IVOO,120.8,2026-04-15T19:49:07Z
IVR,8.4,2026-04-15T19:59:56Z
IVT,31.9,2026-04-15T19:59:45Z
IVV,703.09,2026-04-15T19:59:55Z
IVVD,1.71,2026-04-15T19:59:57Z
IVW,126.3,2026-04-15T19:59:58Z
IVZ,24.7,2026-04-15T19:59:58Z
IWB,383.24,2026-04-15T19:59:58Z
IWC,174.69,2026-04-15T15:07:47Z
IWD,224.03,2026-04-15T19:59:59Z
IWF,468.93,2026-04-15T19:59:46Z
IWL,173.445,2026-04-15T19:14:27Z
IWM,269.42,2026-04-15T19:59:59Z
IWMI,50.52,2026-04-15T19:51:03Z
IWMW,37.9,2026-04-15T19:59:45Z
IWN,201.88,2026-04-15T19:59:42Z
IWO,347.5,2026-04-15T19:53:08Z
IWP,135.285,2026-04-15T19:58:28Z
IWR,102.29,2026-04-15T19:59:54Z
IWS,153.055,2026-04-15T19:59:58Z
IWV,398.35,2026-04-15T19:59:50Z
IWX,96.92,2026-04-15T18:36:17Z
IWY,274.15,2026-04-15T19:59:26Z
IX,31.94,2026-04-15T19:59:37Z
IXC,53.52,2026-04-15T19:59:45Z
IXHL,3.64,2026-04-15T19:59:41Z
IXJ,95.16,2026-04-15T19:55:11Z
IXN,113.21,2026-04-15T18:57:09Z
IXUS,92.92,2026-04-15T19:58:43Z
IYC,103.57,2026-04-15T19:42:57Z
IYE,59.165,2026-04-15T19:59:49Z
IYF,124.65,2026-04-15T19:59:49Z
IYG,88.04,2026-04-15T19:57:23Z
IYH,62.31,2026-04-15T19:59:33Z
IYJ,156.43,2026-04-15T19:58:31Z
IYK,69.205,2026-04-15T19:59:35Z
IYLD,22.19,2026-04-15T14:15:00Z
IYR,100.49,2026-04-15T19:59:57Z
IYRI,49.34,2026-04-15T16:51:40Z
IYT,78.98,2026-04-15T19:59:44Z
IYW,205.24,2026-04-15T19:59:58Z
IYY,169.795,2026-04-15T18:01:45Z
IYZ,41.035,2026-04-15T19:59:24Z
IZEA,4.32,2026-04-15T19:59:43Z
IZM,0.4237,2026-04-15T19:59:46Z
IZRL,29.07,2026-04-15T17:31:41Z
J,127.32,2026-04-15T19:59:55Z
JAAA,50.58,2026-04-15T19:59:55Z
JABS,50.15,2026-04-15T15:36:58Z
JACK,11.71,2026-04-15T19:59:38Z
JAGU,2.37,2026-04-15T19:50:51Z
JAGX,0.4216,2026-04-15T19:59:28Z
JAKK,21.63,2026-04-15T19:14:56Z
JAN,26.11,2026-04-15T19:59:47Z
JANI,25.5,2026-04-15T14:17:03Z
JANT,42.04,2026-04-15T16:47:25Z
JANX,15.035,2026-04-15T19:59:53Z
JANZ,38.69,2026-04-15T18:00:51Z
JAPN,23.69,2026-04-15T19:58:17Z
JAVA,74.56,2026-04-15T19:59:50Z
JAZZ,199.29,2026-04-15T19:59:39Z
JBBB,46.885,2026-04-15T19:49:58Z
JBDI,0.586,2026-04-15T19:59:44Z
JBGS,15.24,2026-04-15T19:59:59Z
JBHT,224.195,2026-04-15T19:59:52Z
JBI,5.35,2026-04-15T19:59:54Z
JBIO,19.265,2026-04-15T19:59:06Z
JBL,305.16,2026-04-15T19:59:45Z
JBLU,5.65,2026-04-15T19:59:55Z
JBND,53.92,2026-04-15T19:59:29Z
JBS,17.76,2026-04-15T19:59:57Z
JBSS,80.99,2026-04-15T19:59:35Z
JBTM,130,2026-04-15T19:59:40Z
JCAP,20.81,2026-04-15T19:59:04Z
JCE,15.87,2026-04-15T19:48:20Z
JCI,137.19,2026-04-15T19:59:53Z
JCPB,47.24,2026-04-15T19:59:51Z
JCPI,48.6,2026-04-15T14:42:15Z
JCSE,1.41,2026-04-15T19:58:53Z
JD,31.46,2026-04-15T19:59:54Z
JDST,29.34,2026-04-15T19:59:12Z
JDZG,1.28,2026-04-15T14:49:32Z
JEDI,28.875,2026-04-15T14:19:42Z
JEF,46.835,2026-04-15T19:59:57Z
JELD,1.18,2026-04-15T19:59:57Z
JEM,1.51,2026-04-15T19:50:23Z
JEMA,57.11,2026-04-15T14:21:27Z
JEMB,53.71,2026-04-15T19:59:44Z
JENA,10.23,2026-04-15T19:47:08Z
JEPI,57.6,2026-04-15T19:59:51Z
JEPQ,58.48,2026-04-15T19:59:59Z
JETD,3.89,2026-04-15T19:57:00Z
JETS,27.02,2026-04-15T19:59:57Z
JETU,29.47,2026-04-15T19:49:09Z
JFB,5.82,2026-04-15T19:59:52Z
JFIN,4.38,2026-04-15T15:03:05Z
JFLX,50.13,2026-04-15T17:59:35Z
JFR,7.495,2026-04-15T19:59:33Z
JGH,12.66,2026-04-15T19:57:17Z
JGLO,69.61,2026-04-15T19:59:49Z
JGRO,91.92,2026-04-15T19:59:51Z
JHAI,28.9,2026-04-15T16:46:54Z
JHCB,21.44,2026-04-15T19:54:33Z
JHEM,37.04,2026-04-15T19:08:39Z
JHG,51.6,2026-04-15T19:59:56Z
JHI,13.52,2026-04-15T15:50:58Z
JHMB,22.16,2026-04-15T18:30:40Z
JHMD,44.94,2026-04-15T19:47:02Z
JHML,82.92,2026-04-15T13:44:57Z
JHMM,70.58,2026-04-15T18:32:02Z
JHPI,23.055,2026-04-15T16:10:32Z
JHS,11.25,2026-04-15T13:39:31Z
JHX,19.93,2026-04-15T19:59:58Z
JIII,50.2,2026-04-15T18:27:22Z
JILL,12.29,2026-04-15T19:59:49Z
JIRE,80.58,2026-04-15T19:59:51Z
JIVE,90.56,2026-04-15T19:59:25Z
JJSF,79.42,2026-04-15T19:59:50Z
JKHY,153.46,2026-04-15T19:59:50Z
JKS,24.205,2026-04-15T19:59:46Z
JL,6.69,2026-04-15T15:13:16Z
JLL,332.175,2026-04-15T19:59:59Z
JMBS,45.61,2026-04-15T19:59:51Z
JMEE,70.74,2026-04-15T19:57:59Z
JMIA,7.29,2026-04-15T19:59:57Z
JMOM,73.61,2026-04-15T19:43:59Z
JMSB,20.82,2026-04-15T19:55:56Z
JMST,50.92,2026-04-15T19:57:31Z
JMTG,51.135,2026-04-15T19:58:56Z
JMUB,50.375,2026-04-15T19:59:54Z
JNJ,238.62,2026-04-15T19:59:52Z
JNK,96.8,2026-04-15T19:59:43Z
JNUG,230.62,2026-04-15T19:59:00Z
JOB,0.2432,2026-04-15T19:58:17Z
JOBX,22.14,2026-04-15T14:09:52Z
JOBY,9.14,2026-04-15T19:59:56Z
JOE,66.935,2026-04-15T19:59:19Z
JOET,42.49,2026-04-15T19:59:45Z
JOF,10.97,2026-04-15T19:57:53Z
JOUT,51.47,2026-04-15T19:13:58Z
JOYT,55.25,2026-04-15T14:58:41Z
JOYY,63.03,2026-04-15T19:59:51Z
JPC,7.925,2026-04-15T19:59:54Z
JPEF,76.89,2026-04-15T19:59:47Z
JPHY,50.67,2026-04-15T19:56:36Z
JPIB,48.355,2026-04-15T19:30:31Z
JPIE,46.2,2026-04-15T19:59:55Z
JPIN,74.565,2026-04-15T19:57:55Z
JPLD,52.195,2026-04-15T19:55:00Z
JPM,305.87,2026-04-15T19:59:58Z
JPM-C,25.34,2026-04-15T17:59:44Z
JPM-D,24.71,2026-04-15T19:58:54Z
JPM-J,20.03,2026-04-15T19:50:37Z
JPM-L,19.56,2026-04-15T18:40:04Z
JPM-M,18.06,2026-04-15T18:42:53Z
JPSE,55.26,2026-04-15T16:52:23Z
JPST,50.52,2026-04-15T19:59:47Z
JPUS,134.17,2026-04-15T16:29:35Z
JQC,4.82,2026-04-15T19:48:20Z
JQUA,64.55,2026-04-15T19:59:36Z
JRI,12.87,2026-04-15T19:59:51Z
JRS,8.04,2026-04-15T15:09:00Z
JRSH,3.11,2026-04-15T16:00:35Z
JRVR,6.38,2026-04-15T19:59:58Z
JSCP,47.345,2026-04-15T19:59:46Z
JSI,51.86,2026-04-15T19:52:05Z
JSM,18.39,2026-04-15T14:30:30Z
JSML,78.52,2026-04-15T19:59:45Z
JSPR,1.025,2026-04-15T19:59:39Z
JSTC,20.76,2026-04-15T18:18:41Z
JTAI,7.55,2026-04-15T19:54:37Z
JTEK,89.44,2026-04-15T19:59:46Z
JUCY,22.29,2026-04-15T16:26:34Z
JULM,34.04,2026-04-15T14:31:40Z
JULT,46.06,2026-04-15T18:53:45Z
JULU,30.15,2026-04-15T19:57:17Z
JUNS,0.3971,2026-04-15T17:55:15Z
JVA,4.645,2026-04-15T18:51:53Z
JVAL,52,2026-04-15T19:12:19Z
JXI,87.68,2026-04-15T19:58:08Z
JXN,107.5,2026-04-15T19:59:30Z
JXN-A,25.68,2026-04-15T16:48:34Z
JYNT,9.09,2026-04-15T19:58:06Z
KAI,325.17,2026-04-15T19:57:55Z
KALA,0.1935,2026-04-15T19:59:33Z
KALU,138.13,2026-04-15T19:53:04Z
KALV,20.86,2026-04-15T19:59:40Z
KAMO,24.745,2026-04-15T19:59:45Z
KAPR,37.81,2026-04-15T17:15:53Z
KARO,51.965,2026-04-15T19:55:05Z
KARS,34.4,2026-04-15T14:45:01Z
KAT,55.75,2026-04-15T14:12:00Z
KAUG,27.74,2026-04-15T19:47:57Z
KB,106.64,2026-04-15T19:59:43Z
KBA,32.395,2026-04-15T19:49:41Z
KBDC,14.61,2026-04-15T19:59:59Z
KBE,63.36,2026-04-15T19:59:56Z
KBH,51.59,2026-04-15T19:59:54Z
KBON,10.09,2026-04-15T14:04:33Z
KBR,36.7,2026-04-15T19:59:50Z
KBWB,86.05,2026-04-15T19:59:58Z
KBWD,13.36,2026-04-15T19:58:56Z
KBWY,16.435,2026-04-15T19:59:35Z
KC,16.92,2026-04-15T19:59:55Z
KCCA,14.96,2026-04-15T19:30:43Z
KCOP,24.385,2026-04-15T17:57:24Z
KD,13.82,2026-04-15T19:59:57Z
KDEC,26.88,2026-04-15T18:23:03Z
KDK,8.92,2026-04-15T19:59:59Z
KDKRW,1.6,2026-04-15T19:59:57Z
KDP,26,2026-04-15T19:59:59Z
KE,26.17,2026-04-15T19:51:30Z
KEEL,2.845,2026-04-15T19:59:50Z
KELYA,9.33,2026-04-15T19:59:57Z
KEMQ,24.11,2026-04-15T16:24:59Z
KEMX,45.02,2026-04-15T19:37:42Z
KEP,14.94,2026-04-15T19:59:50Z
KEX,142.54,2026-04-15T19:59:49Z
KEY,21.57,2026-04-15T19:59:58Z
KEY-K,21.78,2026-04-15T16:45:04Z
KEY-L,25.055,2026-04-15T16:08:58Z
KEYS,325.32,2026-04-15T19:59:54Z
KF,51.945,2026-04-15T19:57:01Z
KFRC,30.74,2026-04-15T19:52:55Z
KFS,11.82,2026-04-15T19:56:56Z
KFY,64.39,2026-04-15T19:59:26Z
KG,11.1,2026-04-15T14:27:49Z
KGC,33.39,2026-04-15T19:59:59Z
KGEI,5.145,2026-04-15T19:59:53Z
KGLD,32.77,2026-04-15T16:03:29Z
KGRN,29.19,2026-04-15T17:54:41Z
KGS,61.56,2026-04-15T19:59:47Z
KHC,22.01,2026-04-15T19:59:59Z
KHPI,25.38,2026-04-15T19:59:47Z
KIDS,17.86,2026-04-15T19:59:47Z
KIDZ,1.575,2026-04-15T19:59:24Z
KIE,57.375,2026-04-15T19:59:45Z
KIM,23.48,2026-04-15T19:59:57Z
KIM-M,20.1,2026-04-15T14:45:53Z
KINS,17.68,2026-04-15T19:59:59Z
KIO,11.12,2026-04-15T19:59:27Z
KITT,0.543,2026-04-15T19:59:26Z
KJAN,43.43,2026-04-15T17:57:56Z
KJD,22.26,2026-04-15T16:46:52Z
KKR,103.865,2026-04-15T19:59:55Z
KKR-D,44.08,2026-04-15T19:59:54Z
KKRT,25.08,2026-04-15T19:30:56Z
KLAC,1747.28,2026-04-15T19:59:53Z
KLAG,28.02,2026-04-15T19:24:59Z
KLAR,14.86,2026-04-15T19:59:56Z
KLC,3.055,2026-04-15T19:59:55Z
KLIC,79.89,2026-04-15T19:59:18Z
KLIP,26.52,2026-04-15T16:10:40Z
KLRS,5.88,2026-04-15T19:59:48Z
KLTR,1.135,2026-04-15T19:59:55Z
KLXE,2.29,2026-04-15T19:59:50Z
KMAR,30.49,2026-04-15T15:17:12Z
KMB,96.8,2026-04-15T19:59:48Z
KMDA,8.41,2026-04-15T19:19:39Z
KMI,31.68,2026-04-15T19:59:59Z
KMLI,11.005,2026-04-15T15:40:24Z
KMLM,28.31,2026-04-15T19:53:11Z
KMPR,32.49,2026-04-15T19:59:56Z
KMRK,2.67,2026-04-15T19:59:28Z
KMT,38.07,2026-04-15T19:59:50Z
KMTS,20.22,2026-04-15T19:59:41Z
KMX,40.485,2026-04-15T19:59:54Z
KN,28.74,2026-04-15T19:59:53Z
KNF,84.8,2026-04-15T19:59:45Z
KNG,49.17,2026-04-15T19:15:38Z
KNGZ,37.08,2026-04-15T17:01:15Z
KNOP,10.23,2026-04-15T19:59:21Z
KNRX,1.55,2026-04-15T15:52:24Z
KNSA,45.9,2026-04-15T19:59:15Z
KNSL,358.17,2026-04-15T19:59:50Z
KNTK,46.8,2026-04-15T19:59:44Z
KNX,61.605,2026-04-15T19:59:52Z
KO,75.3,2026-04-15T19:59:58Z
KOD,41.93,2026-04-15T19:59:53Z
KODK,12.81,2026-04-15T19:59:57Z
KOF,103.29,2026-04-15T19:59:47Z
KOID,34.92,2026-04-15T19:59:43Z
KOLD,26.14,2026-04-15T19:59:50Z
KOMP,64.345,2026-04-15T19:28:09Z
KOP,37.57,2026-04-15T19:40:08Z
KOPN,2.925,2026-04-15T19:59:57Z
KORE,9.16,2026-04-15T19:51:55Z
KORP,46.98,2026-04-15T18:00:02Z
KORU,446.01,2026-04-15T19:59:26Z
KOS,2.585,2026-04-15T19:59:56Z
KOSS,4.02,2026-04-15T19:37:39Z
KPDD,8.78,2026-04-15T19:42:42Z
KPLT,7,2026-04-15T19:53:54Z
KPRX,2.56,2026-04-15T19:59:54Z
KPTI,8.59,2026-04-15T19:59:49Z
KQQQ,27.16,2026-04-15T16:40:47Z
KR,66.645,2026-04-15T19:59:52Z
KRBN,30.795,2026-04-15T19:08:04Z
KRC,30.49,2026-04-15T19:59:55Z
KRE,69.145,2026-04-15T19:59:59Z
KREF,6.7,2026-04-15T19:59:55Z
KRG,25.78,2026-04-15T19:59:59Z
KRMA,44.16,2026-04-15T16:51:59Z
KRMD,4.24,2026-04-15T19:59:50Z
KRMN,92.61,2026-04-15T19:59:49Z
KRNT,16.12,2026-04-15T19:59:54Z
KRNY,7.915,2026-04-15T19:59:57Z
KRO,6.45,2026-04-15T19:59:56Z
KROP,35.06,2026-04-15T17:59:51Z
KROS,11.73,2026-04-15T19:59:58Z
KRP,14.23,2026-04-15T19:59:58Z
KRRO,13.75,2026-04-15T19:59:03Z
KRT,28.68,2026-04-15T17:24:37Z
KRUS,59.93,2026-04-15T19:59:53Z
KRYS,268.6,2026-04-15T19:56:49Z
KSA,40.62,2026-04-15T19:58:54Z
KSCP,3.46,2026-04-15T19:59:59Z
KSLV,36.95,2026-04-15T19:59:14Z
KSPI,82.085,2026-04-15T19:59:59Z
KSPY,28.175,2026-04-15T19:59:46Z
KSS,14.3,2026-04-15T19:59:59Z
KSTR,20.34,2026-04-15T15:27:57Z
KT,22.65,2026-04-15T19:59:59Z
KTB,71.98,2026-04-15T19:59:54Z
KTEC,14.24,2026-04-15T19:53:04Z
KTF,9.16,2026-04-15T19:59:21Z
KTN,26.03,2026-04-15T18:37:11Z
KTOS,74.71,2026-04-15T19:59:52Z
KTTA,0.71,2026-04-15T18:34:16Z
KULR,2.63,2026-04-15T19:59:58Z
KURA,9.055,2026-04-15T19:59:56Z
KURE,18.26,2026-04-15T16:50:30Z
KVHI,9.26,2026-04-15T19:58:24Z
KVUE,17.28,2026-04-15T19:59:57Z
KVYO,18.38,2026-04-15T19:59:57Z
KW,10.895,2026-04-15T19:59:45Z
KWEB,29.63,2026-04-15T19:59:57Z
KWM,0.3713,2026-04-15T19:59:09Z
KWR,129.66,2026-04-15T19:59:56Z
KXI,67.005,2026-04-15T19:41:15Z
KYIV,11.845,2026-04-15T19:59:53Z
KYLD,20.335,2026-04-15T14:38:48Z
KYMR,88.96,2026-04-15T19:59:58Z
KYN,13.41,2026-04-15T19:56:05Z
KYNB,7.27,2026-04-15T14:02:23Z
KYTX,9.395,2026-04-15T19:59:33Z
KZIA,10.03,2026-04-15T19:59:00Z
KZR,7.36,2026-04-15T18:45:12Z
L,110.175,2026-04-15T19:59:40Z
LAB,0.9786,2026-04-15T19:59:46Z
LABD,13.28,2026-04-15T19:59:59Z
LABU,199.905,2026-04-15T19:50:00Z
LABX,34.955,2026-04-15T19:54:00Z
LAC,4.575,2026-04-15T19:59:53Z
LAD,274.72,2026-04-15T19:59:48Z
LADR,10.36,2026-04-15T19:59:54Z
LAES,2.815,2026-04-15T19:59:53Z
LAKE,9.36,2026-04-15T19:59:04Z
LAMR,134.41,2026-04-15T19:59:47Z
LAND,10.39,2026-04-15T19:59:51Z
LANDO,20.99,2026-04-15T14:39:46Z
LANDP,20.115,2026-04-15T19:58:24Z
LAPR,25.37,2026-04-15T14:24:04Z
LAR,8.28,2026-04-15T19:59:54Z
LASE,1.055,2026-04-15T19:58:05Z
LASR,66.43,2026-04-15T19:59:50Z
LAUR,33.01,2026-04-15T19:59:59Z
LAW,4.23,2026-04-15T19:59:43Z
LAZ,49.19,2026-04-15T19:59:57Z
LB,68.01,2026-04-15T19:55:00Z
LBRDA,51.42,2026-04-15T19:59:54Z
LBRDK,51.42,2026-04-15T19:59:39Z
LBRT,27.785,2026-04-15T19:59:56Z
LBRX,29.13,2026-04-15T19:59:45Z
LBTYA,12.38,2026-04-15T19:59:58Z
LBTYK,11.98,2026-04-15T19:59:59Z
LC,16.565,2026-04-15T19:59:59Z
LCAP,31.17,2026-04-15T18:58:53Z
LCDL,1.66,2026-04-15T19:07:34Z
LCID,8.21,2026-04-15T19:59:56Z
LCII,120.6,2026-04-15T19:59:51Z
LCNB,16.855,2026-04-15T16:00:01Z
LCR,38.51,2026-04-15T19:59:46Z
LCTX,1.635,2026-04-15T19:59:59Z
LCUT,8.13,2026-04-15T19:56:19Z
LDI,1.545,2026-04-15T19:59:51Z
LDOS,158.99,2026-04-15T19:59:47Z
LDP,20.74,2026-04-15T19:42:49Z
LDRC,25.27,2026-04-15T19:59:51Z
LDRT,25.23,2026-04-15T15:32:19Z
LDRX,33.16,2026-04-15T18:04:45Z
LDSF,19.04,2026-04-15T19:59:46Z
LDUR,95.72,2026-04-15T19:55:00Z
LE,11.56,2026-04-15T19:59:59Z
LEA,118.73,2026-04-15T19:59:40Z
LECO,255.53,2026-04-15T19:58:51Z
LEDS,1.22,2026-04-15T17:40:33Z
LEE,8.295,2026-04-15T19:51:28Z
LEG,11.37,2026-04-15T19:59:59Z
LEGH,20.82,2026-04-15T19:33:19Z
LEGN,20.515,2026-04-15T19:59:55Z
LEGR,62.08,2026-04-15T19:14:31Z
LEMB,42.275,2026-04-15T19:58:04Z
LEN,88.47,2026-04-15T19:59:57Z
LEN.B,86.72,2026-04-15T18:53:44Z
LENS,46.03,2026-04-15T16:36:57Z
LENZ,9.56,2026-04-15T19:59:55Z
LEO,6.38,2026-04-15T19:59:12Z
LESL,1.425,2026-04-15T19:20:49Z
LEU,197.7,2026-04-15T19:59:51Z
LEUX,20.83,2026-04-15T17:21:49Z
LEVI,22.295,2026-04-15T19:59:55Z
LFCR,5.38,2026-04-15T19:59:59Z
LFGY,22.94,2026-04-15T15:17:43Z
LFMD,3.84,2026-04-15T19:59:53Z
LFS,2.14,2026-04-15T18:39:52Z
LFST,6.57,2026-04-15T19:59:56Z
LFT,1.3,2026-04-15T19:59:57Z
LFUS,386.265,2026-04-15T19:59:36Z
LFVN,4.35,2026-04-15T19:59:41Z
LFWD,6.435,2026-04-15T14:07:01Z
LGCY,13.58,2026-04-15T18:19:11Z
LGHL,0.88,2026-04-15T14:59:06Z
LGI,17.37,2026-04-15T16:33:11Z
LGIH,39.35,2026-04-15T19:59:27Z
LGLV,181.32,2026-04-15T19:59:01Z
LGN,69.55,2026-04-15T19:59:54Z
LGND,225.615,2026-04-15T19:59:18Z
LGO,1.28,2026-04-15T19:59:50Z
LGOV,21.76,2026-04-15T19:45:00Z
LGPS,0.7088,2026-04-15T13:50:17Z
LGVN,1.11,2026-04-15T19:58:37Z
LH,266.94,2026-04-15T19:59:48Z
LHAI,1.16,2026-04-15T17:34:21Z
LHSW,0.1943,2026-04-15T19:59:44Z
LHX,355.95,2026-04-15T19:59:55Z
LI,18.14,2026-04-15T19:59:59Z
LIDR,1.775,2026-04-15T19:59:00Z
LIEN,9.51,2026-04-15T19:59:27Z
LIF,42.56,2026-04-15T19:59:43Z
LIFE,14.81,2026-04-15T19:59:50Z
LII,484.5,2026-04-15T19:59:48Z
LILA,8.29,2026-04-15T19:59:57Z
LILAK,8.44,2026-04-15T19:59:58Z
LIMN,0.1869,2026-04-15T19:59:41Z
LIN,497.95,2026-04-15T19:59:50Z
LINC,40.1,2026-04-15T19:59:59Z
LIND,20.065,2026-04-15T19:59:51Z
LINE,35.68,2026-04-15T19:59:18Z
LINT,67.845,2026-04-15T19:14:27Z
LION,10.64,2026-04-15T19:59:54Z
LIT,79.62,2026-04-15T19:57:43Z
LITE,823.74,2026-04-15T19:59:51Z
LITP,14.9,2026-04-15T19:59:46Z
LITS,1.19,2026-04-15T19:42:14Z
LITX,38.93,2026-04-15T19:59:00Z
LIVE,13.55,2026-04-15T17:49:25Z
LIVN,65.115,2026-04-15T19:59:58Z
LIXT,3.14,2026-04-15T19:41:08Z
LKFN,60.275,2026-04-15T19:12:27Z
LKQ,30.33,2026-04-15T19:59:40Z
LLY,905.48,2026-04-15T19:59:51Z
LLYVA,92.35,2026-04-15T19:59:39Z
LLYVK,94.84,2026-04-15T19:59:39Z
LLYX,16.615,2026-04-15T18:14:23Z
LMAT,114.82,2026-04-15T19:56:51Z
LMB,88.83,2026-04-15T19:55:41Z
LMBS,50.105,2026-04-15T19:59:50Z
LMFA,0.3,2026-04-15T17:34:06Z
LMND,65.87,2026-04-15T19:59:57Z
LMNR,12.99,2026-04-15T19:34:56Z
LMNX,19.49,2026-04-15T19:57:08Z
LMRI,9.55,2026-04-15T19:59:54Z
LMT,611.25,2026-04-15T19:59:49Z
LMUB,50.62,2026-04-15T19:18:08Z
LNAI,0.316,2026-04-15T19:59:57Z
LNC,36.005,2026-04-15T19:59:55Z
LNC-D,26.55,2026-04-15T19:57:40Z
LND,4.13,2026-04-15T19:54:03Z
LNG,256.76,2026-04-15T19:59:50Z
LNKB,8.85,2026-04-15T19:59:44Z
LNKS,2.015,2026-04-15T17:07:46Z
LNN,107.64,2026-04-15T19:50:31Z
LNSR,6.26,2026-04-15T19:58:43Z
LNT,72.19,2026-04-15T19:59:49Z
LNTH,83.93,2026-04-15T19:59:55Z
LNZA,41.4,2026-04-15T19:56:36Z
LOAN,4.79,2026-04-15T16:19:41Z
LOAR,65.51,2026-04-15T19:59:53Z
LOB,36.6,2026-04-15T19:51:27Z
LOBO,0.5809,2026-04-15T14:56:35Z
LOCO,13.74,2026-04-15T19:59:55Z
LODE,3.09,2026-04-15T19:59:56Z
LOGI,97.71,2026-04-15T19:59:50Z
LOMA,11.47,2026-04-15T19:58:47Z
LONA,8.9,2026-04-15T16:10:56Z
LONZ,49.46,2026-04-15T19:53:33Z
LOOP,1.4,2026-04-15T17:27:59Z
LOPE,169.72,2026-04-15T19:55:00Z
LOT,1.39,2026-04-15T16:42:34Z
LOTI,25.92,2026-04-15T19:59:46Z
LOUP,79.13,2026-04-15T18:16:05Z
LOVE,16.695,2026-04-15T19:59:37Z
LOW,243.96,2026-04-15T19:59:53Z
LOWV,78.5,2026-04-15T19:52:18Z
LPA,3.77,2026-04-15T19:59:41Z
LPCN,2.57,2026-04-15T19:57:37Z
LPG,35.615,2026-04-15T19:59:53Z
LPL,4.75,2026-04-15T19:59:55Z
LPLA,331.36,2026-04-15T19:59:57Z
LPRE,27.75,2026-04-15T19:42:32Z
LPRO,1.67,2026-04-15T19:59:54Z
LPSN,3.205,2026-04-15T19:59:53Z
LPTH,14.015,2026-04-15T19:59:45Z
LPX,73.835,2026-04-15T19:59:56Z
LQD,109.95,2026-04-15T19:59:54Z
LQDA,40.12,2026-04-15T19:59:55Z
LQDB,86.91,2026-04-15T19:54:05Z
LQDH,92.77,2026-04-15T14:15:00Z
LQDI,26.55,2026-04-15T18:50:55Z
LQDT,33.66,2026-04-15T19:59:48Z
LQDW,24.11,2026-04-15T19:23:15Z
LQTI,19.65,2026-04-15T18:38:26Z
LRCU,46.48,2026-04-15T19:39:58Z
LRCX,265.17,2026-04-15T19:59:53Z
LRGC,79.57,2026-04-15T19:59:53Z
LRGF,70.65,2026-04-15T19:49:07Z
LRGG,27.38,2026-04-15T19:59:56Z
LRHC,0.407,2026-04-15T19:58:17Z
LRMR,4.815,2026-04-15T19:59:51Z
LRN,93.97,2026-04-15T19:59:33Z
LSAK,4.93,2026-04-15T19:51:49Z
LSBK,15.695,2026-04-15T19:57:11Z
LSCC,108.32,2026-04-15T19:59:05Z
LSF,2.77,2026-04-15T17:44:41Z
LSGR,43.41,2026-04-15T19:59:46Z
LSH,0.8001,2026-04-15T13:50:11Z
LSPD,9.46,2026-04-15T19:59:56Z
LSTA,3.95,2026-04-15T19:58:27Z
LSTR,166.355,2026-04-15T19:59:43Z
LTBR,12.14,2026-04-15T19:59:58Z
LTC,39.63,2026-04-15T19:59:54Z
LTH,27.76,2026-04-15T19:59:56Z
LTM,53.605,2026-04-15T19:59:58Z
LTPZ,52.03,2026-04-15T18:13:17Z
LTRN,2.43,2026-04-15T19:59:46Z
LTRX,6,2026-04-15T19:59:57Z
LU,1.95,2026-04-15T19:59:58Z
LUCD,1.42,2026-04-15T19:59:47Z
LUCK,8.44,2026-04-15T19:59:41Z
LUD,5.77,2026-04-15T19:13:12Z
LULU,162.79,2026-04-15T19:59:41Z
LUMN,8.58,2026-04-15T19:59:56Z
LUNG,1.5,2026-04-15T19:59:57Z
LUNL,18.26,2026-04-15T19:58:13Z
LUNR,23.9,2026-04-15T19:59:55Z
LUV,41.73,2026-04-15T19:59:54Z
LUXE,8.9,2026-04-15T19:59:54Z
LVDS,52.65,2026-04-15T14:18:16Z
LVHD,42.69,2026-04-15T19:59:52Z
LVHI,40.86,2026-04-15T19:59:50Z
LVO,4.33,2026-04-15T19:58:10Z
LVS,56.265,2026-04-15T19:59:53Z
LVWR,1.84,2026-04-15T19:59:57Z
LW,43.18,2026-04-15T19:59:52Z
LWAY,24.575,2026-04-15T19:56:06Z
LWLG,12.095,2026-04-15T19:59:47Z
LX,2.34,2026-04-15T19:59:56Z
LXEH,0.1796,2026-04-15T19:58:13Z
LXEO,6.795,2026-04-15T19:59:58Z
LXFR,12.99,2026-04-15T19:58:36Z
LXP,49.67,2026-04-15T19:59:49Z
LXRX,1.86,2026-04-15T19:59:53Z
LXU,14.15,2026-04-15T19:59:55Z
LYB,73.08,2026-04-15T19:59:52Z
LYEL,23.885,2026-04-15T17:19:44Z
LYFT,14.66,2026-04-15T19:59:56Z
LYG,5.615,2026-04-15T19:59:57Z
LYTS,19.31,2026-04-15T19:59:58Z
LYV,155.81,2026-04-15T19:59:57Z
LZ,6.23,2026-04-15T19:59:57Z
LZB,34.19,2026-04-15T19:59:34Z
LZM,3.89,2026-04-15T19:59:58Z
LZMH,1.08,2026-04-15T19:45:07Z
M,19.15,2026-04-15T19:59:58Z
MA,520.095,2026-04-15T19:59:52Z
MAA,124.18,2026-04-15T19:59:49Z
MAAS,7.975,2026-04-15T19:51:01Z
MAAY,7.64,2026-04-15T18:29:19Z
MAC,21.51,2026-04-15T19:59:59Z
MADE,36.265,2026-04-15T19:59:46Z
MAGG,20.44,2026-04-15T19:16:45Z
MAGN,10.6,2026-04-15T19:59:51Z
MAGO,22.925,2026-04-15T17:40:03Z
MAGS,65.235,2026-04-15T19:59:50Z
MAGX,53.76,2026-04-15T19:56:28Z
MAGY,46.19,2026-04-15T19:59:50Z
MAIA,1.425,2026-04-15T19:59:39Z
MAIN,57.86,2026-04-15T19:59:34Z
MAKO,7.87,2026-04-15T19:58:02Z
MAMA,15.65,2026-04-15T19:59:55Z
MAMB,24.365,2026-04-15T15:24:49Z
MAMO,0.9525,2026-04-15T16:00:33Z
MAN,30.75,2026-04-15T19:59:56Z
MANE,80.21,2026-04-15T19:59:50Z
MANH,128.83,2026-04-15T19:59:46Z
MANU,17.66,2026-04-15T19:59:43Z
MAPS,0.3845,2026-04-15T19:59:54Z
MAR,363.735,2026-04-15T19:59:58Z
MARA,10.47,2026-04-15T19:59:59Z
MARB,20.83,2026-04-15T19:57:22Z
MARO,6.11,2026-04-15T18:59:54Z
MARPS,5.03,2026-04-15T19:45:01Z
MARS,30.575,2026-04-15T15:33:04Z
MARW,35.21,2026-04-15T19:55:25Z
MARZ,34.71,2026-04-15T15:31:56Z
MAS,63.16,2026-04-15T19:59:57Z
MASI,178.385,2026-04-15T19:59:49Z
MASK,1.75,2026-04-15T19:55:58Z
MASS,7.39,2026-04-15T19:59:58Z
MAT,14.86,2026-04-15T19:59:57Z
MATH,1.22,2026-04-15T17:23:59Z
MATV,9.23,2026-04-15T19:59:54Z
MATW,26.68,2026-04-15T19:59:48Z
MATX,170.13,2026-04-15T19:59:05Z
MAX,9.7,2026-04-15T19:59:49Z
MAXN,1.55,2026-04-15T19:59:57Z
MAZE,26.85,2026-04-15T19:59:51Z
MBAI,1.73,2026-04-15T19:51:04Z
MBAV,10.835,2026-04-15T15:52:57Z
MBB,95.265,2026-04-15T19:59:19Z
MBC,8.57,2026-04-15T19:59:57Z
MBI,5.97,2026-04-15T19:59:55Z
MBIN,46.85,2026-04-15T19:59:54Z
MBINL,24.2,2026-04-15T19:59:30Z
MBLY,7.735,2026-04-15T19:59:59Z
MBOT,2.4,2026-04-15T19:59:59Z
MBOX,37.66,2026-04-15T18:07:47Z
MBRX,2.43,2026-04-15T19:51:52Z
MBS,8.72,2026-04-15T19:58:03Z
MBUU,24.7,2026-04-15T19:57:18Z
MBWM,53.01,2026-04-15T19:47:56Z
MBX,32.95,2026-04-15T19:59:06Z
MC,66.52,2026-04-15T19:59:49Z
MCB,89.49,2026-04-15T19:58:22Z
MCBS,31.17,2026-04-15T19:59:46Z
MCD,306.28,2026-04-15T19:59:55Z
MCFT,21.95,2026-04-15T19:57:50Z
MCHB,15.05,2026-04-15T19:59:59Z
MCHI,58.04,2026-04-15T19:59:57Z
MCHP,74.475,2026-04-15T19:59:57Z
MCI,17.99,2026-04-15T18:05:18Z
MCK,862.93,2026-04-15T19:59:42Z
MCO,446.89,2026-04-15T19:59:54Z
MCR,6.09,2026-04-15T18:09:27Z
MCRB,8.79,2026-04-15T19:20:18Z
MCRI,97.9,2026-04-15T19:56:54Z
MCS,18.99,2026-04-15T19:59:50Z
MCVT,26.11,2026-04-15T18:02:23Z
MCW,7.01,2026-04-15T19:59:58Z
MCY,93.64,2026-04-15T16:23:28Z
MD,22.17,2026-04-15T19:59:53Z
MDA,34.63,2026-04-15T19:59:45Z
MDAI,1.92,2026-04-15T19:58:30Z
MDB,244.02,2026-04-15T19:59:55Z
MDBX,18.06,2026-04-15T19:12:34Z
MDCX,0.3021,2026-04-15T19:59:43Z
MDCXW,0.4,2026-04-15T17:38:03Z
MDGL,518.695,2026-04-15T19:59:42Z
MDIV,16.46,2026-04-15T19:58:17Z
MDLN,47.935,2026-04-15T19:59:58Z
MDLZ,56.565,2026-04-15T19:59:57Z
MDST,28.01,2026-04-15T18:37:57Z
MDT,87.105,2026-04-15T19:59:58Z
MDU,21.87,2026-04-15T19:59:48Z
MDV,15.52,2026-04-15T19:58:59Z
MDWD,17.29,2026-04-15T19:59:12Z
MDXG,3.88,2026-04-15T19:59:57Z
MDXH,2.3,2026-04-15T19:59:26Z
MDY,651.48,2026-04-15T19:59:54Z
MDYG,102.45,2026-04-15T19:47:10Z
MDYV,89.125,2026-04-15T19:34:41Z
MEAR,50.31,2026-04-15T19:41:42Z
MEC,20.18,2026-04-15T19:58:24Z
MED,10.82,2026-04-15T19:59:20Z
MEDI,30.33,2026-04-15T19:59:50Z
MEDP,518.91,2026-04-15T19:59:31Z
MEG,21.15,2026-04-15T19:59:55Z
MEGI,15.145,2026-04-15T19:58:55Z
MEGL,1.11,2026-04-15T18:32:48Z
MEHA,0.1233,2026-04-15T19:56:39Z
MEI,7.11,2026-04-15T19:59:51Z
MELI,1872.04,2026-04-15T19:59:50Z
MEM,40.4,2026-04-15T18:04:31Z
MEME,8.54,2026-04-15T19:55:25Z
MENS,2.65,2026-04-15T19:59:52Z
MEOH,57.59,2026-04-15T19:59:50Z
MER-K,25.47,2026-04-15T18:13:24Z
MERC,1.095,2026-04-15T19:59:35Z
MESO,15.75,2026-04-15T19:59:08Z
MET,77.54,2026-04-15T19:59:49Z
MET-A,21.16,2026-04-15T19:59:26Z
MET-E,23.12,2026-04-15T18:01:17Z
META,671.65,2026-04-15T19:59:57Z
METC,14.1,2026-04-15T19:59:54Z
METCB,10.4,2026-04-15T17:12:07Z
METCI,24.875,2026-04-15T16:26:05Z
METD,15.03,2026-04-15T19:55:30Z
METL,29.875,2026-04-15T15:06:18Z
METU,30.535,2026-04-15T19:59:46Z
METV,17.4,2026-04-15T19:58:52Z
METW,32.23,2026-04-15T13:44:57Z
MFA,10.14,2026-04-15T19:59:56Z
MFA-C,23.47,2026-04-15T16:36:44Z
MFAN,25.4,2026-04-15T19:47:08Z
MFAO,25.58,2026-04-15T19:57:32Z
MFC,38.81,2026-04-15T19:59:54Z
MFDX,41.85,2026-04-15T19:55:02Z
MFEM,26.99,2026-04-15T19:50:38Z
MFG,8.795,2026-04-15T19:59:39Z
MFI,13.31,2026-04-15T17:18:12Z
MFIC,11.72,2026-04-15T19:59:56Z
MFIN,9.22,2026-04-15T19:59:46Z
MFLX,17.17,2026-04-15T19:59:45Z
MFM,5.435,2026-04-15T16:15:49Z
MFMO,20.95,2026-04-15T14:51:58Z
MFSB,25.13,2026-04-15T19:14:27Z
MFSI,31.57,2026-04-15T19:59:59Z
MFSM,25.07,2026-04-15T19:13:22Z
MFSV,27.43,2026-04-15T16:49:35Z
MFUT,18.55,2026-04-15T15:43:31Z
MG,16.98,2026-04-15T19:59:48Z
MGA,56.445,2026-04-15T19:59:57Z
MGC,254.78,2026-04-15T18:01:45Z
MGEE,77.745,2026-04-15T19:59:53Z
MGF,2.9,2026-04-15T19:58:21Z
MGK,409.15,2026-04-15T19:59:01Z
MGLD,1.13,2026-04-15T16:14:57Z
MGM,38.35,2026-04-15T19:59:54Z
MGN,0.2396,2026-04-15T19:47:58Z
MGNI,13.24,2026-04-15T19:59:58Z
MGNR,53.09,2026-04-15T18:05:08Z
MGNX,3.52,2026-04-15T19:59:47Z
MGOV,20.44,2026-04-15T19:59:52Z
MGPI,20,2026-04-15T19:59:09Z
MGR,20.3,2026-04-15T16:19:03Z
MGRC,114.945,2026-04-15T19:58:05Z
MGRE,23.95,2026-04-15T18:28:37Z
MGRX,0.4125,2026-04-15T16:35:43Z
MGTX,11.26,2026-04-15T19:59:55Z
MGV,149.23,2026-04-15T19:55:00Z
MGX,1.445,2026-04-15T19:59:34Z
MGY,28.2,2026-04-15T19:59:57Z
MH,13.98,2026-04-15T19:59:12Z
MHD,11.74,2026-04-15T19:59:01Z
MHF,6.96,2026-04-15T19:49:52Z
MHH,6.84,2026-04-15T19:59:46Z
MHK,103.9,2026-04-15T19:59:55Z
MHO,120.505,2026-04-15T19:59:48Z
MI,0.283,2026-04-15T19:58:41Z
MIAX,44.21,2026-04-15T19:59:49Z
MICC,14.075,2026-04-15T19:59:58Z
MIDD,139.44,2026-04-15T19:59:53Z
MIDU,60.94,2026-04-15T18:01:45Z
MIGI,6.015,2026-04-15T19:46:38Z
MILN,44.19,2026-04-15T14:24:38Z
MIMI,0.3516,2026-04-15T19:59:31Z
MIN,2.475,2026-04-15T19:54:02Z
MIND,8.7,2026-04-15T19:59:59Z
MINE,3.28,2026-04-15T14:45:29Z
MINN,22.43,2026-04-15T18:18:09Z
MINO,45.42,2026-04-15T19:35:57Z
MINT,100.485,2026-04-15T19:59:55Z
MIR,19.775,2026-04-15T19:59:46Z
MIRM,96.41,2026-04-15T19:59:53Z
MISL,47.42,2026-04-15T19:15:58Z
MIST,2.19,2026-04-15T19:59:55Z
MITK,15.07,2026-04-15T19:59:53Z
MITQ,0.5698,2026-04-15T19:35:08Z
MITT,7.89,2026-04-15T19:59:49Z
MITT-B,21.63,2026-04-15T16:20:21Z
MITT-C,25.12,2026-04-15T19:51:19Z
MIY,12.06,2026-04-15T19:59:03Z
MJ,25.81,2026-04-15T19:58:02Z
MKC,53.36,2026-04-15T19:59:50Z
MKC.V,53.3,2026-04-15T19:32:37Z
MKL,1984.27,2026-04-15T19:59:56Z
MKOR,50.82,2026-04-15T18:11:54Z
MKSI,268.81,2026-04-15T19:59:53Z
MKTW,16.36,2026-04-15T19:55:40Z
MKTX,171.35,2026-04-15T19:59:46Z
MKZR,3.72,2026-04-15T18:39:50Z
MLAA,9.92,2026-04-15T18:45:24Z
MLAAU,10.1,2026-04-15T17:07:32Z
MLAAW,0.45,2026-04-15T19:33:48Z
MLAB,99.385,2026-04-15T19:59:56Z
MLCI,4.15,2026-04-15T15:22:59Z
MLCO,5.935,2026-04-15T19:59:56Z
MLEC,7.455,2026-04-15T17:48:16Z
MLGO,3.83,2026-04-15T19:52:55Z
MLI,120.64,2026-04-15T19:59:54Z
MLKN,16.205,2026-04-15T19:59:54Z
MLM,617.15,2026-04-15T19:59:54Z
MLN,17.615,2026-04-15T19:52:56Z
MLPA,52.7,2026-04-15T19:58:42Z
MLPI,54.67,2026-04-15T19:59:45Z
MLPX,70.74,2026-04-15T19:59:49Z
MLR,46.935,2026-04-15T19:53:33Z
MLSS,0.2779,2026-04-15T19:59:41Z
MLTX,18.005,2026-04-15T19:59:57Z
MLYS,30.425,2026-04-15T19:59:55Z
MMA,0.4985,2026-04-15T18:21:55Z
MMCA,21.77,2026-04-15T19:59:46Z
MMD,15.235,2026-04-15T19:59:59Z
MMED,15.21,2026-04-15T19:59:45Z
MMI,27.09,2026-04-15T19:59:25Z
MMIN,24,2026-04-15T19:58:49Z
MMIT,24.305,2026-04-15T19:58:18Z
MMKT,100.245,2026-04-15T19:51:35Z
MMM,151.155,2026-04-15T19:59:41Z
MMS,69.48,2026-04-15T19:59:40Z
MMSD,25.38,2026-04-15T19:59:46Z
MMSI,70.71,2026-04-15T19:59:44Z
MMT,4.63,2026-04-15T16:20:54Z
MMU,10.44,2026-04-15T19:58:05Z
MMYT,46.995,2026-04-15T19:59:59Z
MNA,36.295,2026-04-15T19:41:47Z
MNDR,0.8029,2026-04-15T17:11:28Z
MNDY,65.47,2026-04-15T19:59:41Z
MNKD,2.77,2026-04-15T19:59:58Z
MNPR,57.75,2026-04-15T19:59:46Z
MNR,12.7,2026-04-15T19:59:55Z
MNRO,16.57,2026-04-15T19:59:57Z
MNSB,23.36,2026-04-15T19:58:52Z
MNSO,16.03,2026-04-15T19:59:43Z
MNST,74.9,2026-04-15T19:59:54Z
MNTK,1.22,2026-04-15T19:59:58Z
MNTN,9.64,2026-04-15T19:59:56Z
MNTS,6.94,2026-04-15T19:59:50Z
MNVT,27.05,2026-04-15T19:54:50Z
MNZL,53.68,2026-04-15T19:49:29Z
MO,64.43,2026-04-15T19:59:58Z
MOAT,101.04,2026-04-15T19:57:45Z
MOB,5.03,2026-04-15T19:59:45Z
MOBX,2.895,2026-04-15T19:58:21Z
MOD,237.93,2026-04-15T19:59:58Z
MODD,4.61,2026-04-15T19:57:00Z
MODL,47.955,2026-04-15T19:08:19Z
MOG.A,312.89,2026-04-15T19:15:12Z
MOGU,2.435,2026-04-15T13:39:51Z
MOH,146.86,2026-04-15T19:59:53Z
MOMO,6.2,2026-04-15T19:59:45Z
MOO,83.74,2026-04-15T19:54:27Z
MOOD,41.95,2026-04-15T19:59:50Z
MORN,179.545,2026-04-15T19:59:37Z
MORT,10.52,2026-04-15T19:59:59Z
MOS,23.735,2026-04-15T19:59:58Z
MOTI,36.15,2026-04-15T18:06:38Z
MOV,26.96,2026-04-15T19:52:21Z
MOVE,15,2026-04-15T15:07:28Z
MP,59.445,2026-04-15T19:59:35Z
MPA,11.27,2026-04-15T15:20:17Z
MPAA,11.17,2026-04-15T19:59:53Z
MPB,33.81,2026-04-15T19:59:54Z
MPC,223.18,2026-04-15T19:59:49Z
MPLT,26.95,2026-04-15T19:59:54Z
MPLX,54.76,2026-04-15T19:59:59Z
MPLY,30.35,2026-04-15T18:24:17Z
MPT,4.995,2026-04-15T19:59:59Z
MPTI^,1.25,2026-04-15T14:59:47Z
MPWR,1353.19,2026-04-15T19:59:25Z
MPX,7.59,2026-04-15T19:42:47Z
MQ,4.13,2026-04-15T19:59:58Z
MQY,11.525,2026-04-15T19:59:18Z
MRAL,4.625,2026-04-15T19:59:46Z
MRAM,11.8,2026-04-15T19:59:42Z
MRBK,20.48,2026-04-15T19:59:43Z
MRCY,85.53,2026-04-15T19:59:46Z
MRDN,6.67,2026-04-15T19:22:03Z
MREO,0.3367,2026-04-15T19:59:33Z
MRK,117.87,2026-04-15T19:59:53Z
MRKR,1.6,2026-04-15T19:59:22Z
MRLN,14.35,2026-04-15T19:59:52Z
MRM,1.14,2026-04-15T18:19:19Z
MRNA,54.26,2026-04-15T19:59:57Z
MRNO,0.5494,2026-04-15T19:58:00Z
MRNY,18.77,2026-04-15T19:29:53Z
MRP,30.43,2026-04-15T19:59:57Z
MRSH,174.97,2026-04-15T19:59:49Z
MRSK,36.5,2026-04-15T15:01:05Z
MRT,2.11,2026-04-15T16:48:28Z
MRTN,13.75,2026-04-15T19:59:58Z
MRVI,3.5,2026-04-15T19:59:58Z
MRVL,134.54,2026-04-15T19:59:58Z
MRVU,60.42,2026-04-15T19:49:07Z
MRX,52.03,2026-04-15T19:59:58Z
MS,191.61,2026-04-15T19:59:57Z
MS-A,19.45,2026-04-15T19:57:16Z
MS-E,25.335,2026-04-15T16:10:35Z
MS-F,25.22,2026-04-15T18:01:30Z
MS-I,25.19,2026-04-15T18:09:17Z
MS-L,20.64,2026-04-15T17:44:49Z
MS-O,17.63,2026-04-15T18:53:04Z
MS-P,25.33,2026-04-15T15:22:26Z
MSA,165.885,2026-04-15T19:59:54Z
MSAI,6.07,2026-04-15T19:00:52Z
MSB,31.45,2026-04-15T19:26:29Z
MSBI,23.52,2026-04-15T19:59:49Z
MSBT,21.55,2026-04-15T19:44:45Z
MSCI,560.04,2026-04-15T19:59:50Z
MSD,7.44,2026-04-15T18:40:04Z
MSDL,15.32,2026-04-15T19:59:52Z
MSEX,50.58,2026-04-15T19:59:49Z
MSFD,13.245,2026-04-15T19:59:32Z
MSFL,18.67,2026-04-15T19:58:15Z
MSFO,12.555,2026-04-15T19:59:46Z
MSFT,411.3,2026-04-15T19:59:57Z
MSFU,28.185,2026-04-15T19:59:59Z
MSFX,18.68,2026-04-15T19:48:05Z
MSGE,60.82,2026-04-15T19:59:41Z
MSGM,4,2026-04-15T19:50:07Z
MSGS,334.275,2026-04-15T19:58:56Z
MSGY,0.5,2026-04-15T19:37:46Z
MSI,440.27,2026-04-15T19:59:59Z
MSIF,12.9,2026-04-15T19:59:49Z
MSII,6.89,2026-04-15T19:50:00Z
MSLC,55.695,2026-04-15T19:52:22Z
MSLE,7.21,2026-04-15T16:32:09Z
MSM,94.7,2026-04-15T19:59:47Z
MSN,0.45,2026-04-15T19:54:59Z
MSOO,6.99,2026-04-15T17:41:56Z
MSOS,4.135,2026-04-15T19:59:58Z
MSOX,2.78,2026-04-15T19:59:49Z
MSS,0.1401,2026-04-15T19:26:31Z
MSST,35.87,2026-04-15T19:13:12Z
MST,23.27,2026-04-15T13:37:25Z
MSTP,1.87,2026-04-15T19:58:27Z
MSTR,143.54,2026-04-15T19:59:59Z
MSTU,5.47,2026-04-15T19:59:58Z
MSTW,7.095,2026-04-15T19:50:00Z
MSTX,25.16,2026-04-15T19:59:46Z
MSTY,23.12,2026-04-15T19:59:49Z
MSTZ,9.11,2026-04-15T19:59:50Z
MT,61.565,2026-04-15T19:59:57Z
MTA,6.85,2026-04-15T19:59:56Z
MTB,217.01,2026-04-15T19:59:34Z
MTB-J,26.56,2026-04-15T17:20:01Z
MTBA,49.845,2026-04-15T19:57:43Z
MTC,8.98,2026-04-15T19:59:29Z
MTCH,34.505,2026-04-15T19:59:58Z
MTD,1316.52,2026-04-15T19:59:56Z
MTDR,57.055,2026-04-15T19:59:56Z
MTEK,1.46,2026-04-15T19:59:18Z
MTG,27.22,2026-04-15T19:59:56Z
MTH,64.985,2026-04-15T19:59:45Z
MTLS,5.305,2026-04-15T19:59:55Z
MTN,128.34,2026-04-15T19:59:50Z
MTRN,162.81,2026-04-15T19:58:57Z
MTRX,12.14,2026-04-15T19:59:46Z
MTSI,260.82,2026-04-15T19:59:54Z
MTUM,270.005,2026-04-15T19:59:01Z
MTUS,17.525,2026-04-15T19:58:56Z
MTVA,1.42,2026-04-15T18:51:25Z
MTW,13,2026-04-15T19:59:25Z
MTX,71.39,2026-04-15T19:58:11Z
MTZ,365.325,2026-04-15T19:58:31Z
MU,456.11,2026-04-15T19:59:57Z
MUA,10.665,2026-04-15T19:56:30Z
MUB,106.9,2026-04-15T19:59:58Z
MUC,10.695,2026-04-15T19:59:35Z
MUD,31.64,2026-04-15T19:59:59Z
MUFG,18.46,2026-04-15T19:59:43Z
MUJ,12.03,2026-04-15T16:49:37Z
MULL,186.99,2026-04-15T19:55:00Z
MUNI,52.445,2026-04-15T19:59:56Z
MUNY,103.245,2026-04-15T18:51:02Z
MUR,38.21,2026-04-15T19:59:58Z
MUSA,500.07,2026-04-15T19:59:50Z
MUST,20.55,2026-04-15T15:03:24Z
MUU,213.54,2026-04-15T19:59:44Z
MUX,24.69,2026-04-15T19:59:55Z
MVBF,26.24,2026-04-15T17:47:19Z
MVFG,33.85,2026-04-15T19:59:46Z
MVIS,0.6713,2026-04-15T19:59:42Z
MVLL,46.73,2026-04-15T19:59:44Z
MVO,2.725,2026-04-15T19:56:39Z
MVST,1.93,2026-04-15T19:59:58Z
MVV,79.88,2026-04-15T13:44:57Z
MWA,29.19,2026-04-15T19:59:59Z
MWH,33.45,2026-04-15T19:59:41Z
MWYN,0.6299,2026-04-15T13:51:15Z
MX,3.185,2026-04-15T19:58:30Z
MXCT,0.8418,2026-04-15T19:59:49Z
MXF,21.81,2026-04-15T13:34:28Z
MXI,112.27,2026-04-15T16:12:40Z
MXL,22.005,2026-04-15T19:59:59Z
MYCG,24.99,2026-04-15T19:35:01Z
MYCH,24.97,2026-04-15T19:59:45Z
MYCJ,24.87,2026-04-15T18:26:01Z
MYE,21.46,2026-04-15T19:59:57Z
MYFW,26.7,2026-04-15T19:56:02Z
MYGN,5.2,2026-04-15T19:59:58Z
MYI,11.04,2026-04-15T19:58:25Z
MYN,9.84,2026-04-15T19:21:24Z
MYO,0.7977,2026-04-15T19:59:41Z
MYPS,0.4638,2026-04-15T19:59:27Z
MYRG,320.6,2026-04-15T19:56:42Z
MYSE,1.435,2026-04-15T19:58:01Z
MYSZ,0.6351,2026-04-15T14:31:28Z
MYXXU,9.985,2026-04-15T18:00:07Z
MZTI,136.69,2026-04-15T19:59:14Z
MZZ,6.71,2026-04-15T19:55:51Z
NA,3.18,2026-04-15T18:52:03Z
NABL,4.96,2026-04-15T19:59:52Z
NAC,11.67,2026-04-15T19:59:40Z
NAD,11.81,2026-04-15T19:34:02Z
NAGE,4.73,2026-04-15T19:59:56Z
NAII,2.71,2026-04-15T15:39:51Z
NAIL,41.72,2026-04-15T19:59:45Z
NAK,1.905,2026-04-15T19:59:42Z
NAKA,0.2389,2026-04-15T19:57:32Z
NAMM,2.14,2026-04-15T19:59:59Z
NAMS,34.01,2026-04-15T19:59:41Z
NAN,11.37,2026-04-15T19:59:53Z
NANC,46.1,2026-04-15T19:59:33Z
NANR,83.195,2026-04-15T19:43:02Z
NAPR,57,2026-04-15T17:19:19Z
NASA,29.3,2026-04-15T19:42:30Z
NAT,5.885,2026-04-15T19:59:57Z
NATL,44.72,2026-04-15T19:59:51Z
NATR,26.36,2026-04-15T19:59:31Z
NAUT,3.23,2026-04-15T19:59:53Z
NAVI,8.43,2026-04-15T19:59:53Z
NAVN,14.46,2026-04-15T19:59:55Z
NAZ,12.6,2026-04-15T17:07:35Z
NB,5.92,2026-04-15T19:59:59Z
NBB,15.83,2026-04-15T16:38:05Z
NBBK,22.43,2026-04-15T19:59:47Z
NBCM,28.315,2026-04-15T17:11:57Z
NBCR,31.92,2026-04-15T19:59:45Z
NBFR,25.22,2026-04-15T17:02:34Z
NBH,10.175,2026-04-15T18:24:19Z
NBHC,41.62,2026-04-15T19:59:39Z
NBIG,18.15,2026-04-15T19:55:00Z
NBIL,25.78,2026-04-15T19:58:41Z
NBIS,166.78,2026-04-15T19:59:56Z
NBIX,131.41,2026-04-15T19:59:53Z
NBIZ,3.725,2026-04-15T19:58:42Z
NBN,123.98,2026-04-15T17:24:57Z
NBOS,27.475,2026-04-15T13:56:43Z
NBP,2.61,2026-04-15T19:59:53Z
NBR,80.95,2026-04-15T19:52:44Z
NBSD,50.895,2026-04-15T19:54:16Z
NBTB,44.91,2026-04-15T19:59:14Z
NBTX,33.38,2026-04-15T15:05:58Z
NBXG,14.19,2026-04-15T19:51:36Z
NC,48,2026-04-15T15:48:40Z
NCA,9.36,2026-04-15T19:05:38Z
NCDL,14.44,2026-04-15T19:59:56Z
NCI,0.6478,2026-04-15T19:59:33Z
NCIQ,19.03,2026-04-15T19:59:31Z
NCL,0.1667,2026-04-15T19:52:06Z
NCLH,21.12,2026-04-15T19:59:58Z
NCMI,3.485,2026-04-15T19:59:50Z
NCNA,2.2,2026-04-15T19:58:52Z
NCNO,18.085,2026-04-15T19:59:50Z
NCPL,0.4548,2026-04-15T19:54:59Z
NCRA,0.198,2026-04-15T19:41:14Z
NCSM,72.66,2026-04-15T19:06:44Z
NCT,1.67,2026-04-15T19:52:42Z
NCV,16.17,2026-04-15T19:59:24Z
NCV-A,20.9,2026-04-15T16:40:43Z
NCZ,14.61,2026-04-15T17:22:17Z
NDAQ,88.55,2026-04-15T19:59:52Z
NDEC,28.34,2026-04-15T17:40:01Z
NDIV,34.9,2026-04-15T17:15:15Z
NDLS,8.59,2026-04-15T19:25:59Z
NDMO,10.33,2026-04-15T19:56:31Z
NDRA,5.03,2026-04-15T14:39:01Z
NDSN,274.94,2026-04-15T19:59:51Z
NE,47.41,2026-04-15T19:59:47Z
NEA,11.515,2026-04-15T19:54:57Z
NEAR,50.875,2026-04-15T19:59:13Z
NEBX,80.64,2026-04-15T19:59:59Z
NECB,24.87,2026-04-15T19:53:51Z
NEE,91.23,2026-04-15T19:59:52Z
NEE-N,23.71,2026-04-15T18:48:15Z
NEE-S,55.51,2026-04-15T19:46:16Z
NEE-T,51.53,2026-04-15T19:33:20Z
NEE-U,25.31,2026-04-15T19:03:21Z
NEE-V,49.75,2026-04-15T19:58:35Z
NEE-W,25.01,2026-04-15T17:01:29Z
NEGG,45,2026-04-15T15:38:33Z
NEHI,36.215,2026-04-15T17:26:00Z
NEM,113.04,2026-04-15T19:59:55Z
NEO,8.68,2026-04-15T19:59:59Z
NEOG,9.41,2026-04-15T19:59:59Z
NEON,1.57,2026-04-15T19:59:57Z
NEOV,3.29,2026-04-15T19:46:21Z
NEOVW,1.51,2026-04-15T17:47:16Z
NEPH,3.07,2026-04-15T17:33:08Z
NERV,6.19,2026-04-15T19:59:47Z
NESR,23.24,2026-04-15T19:59:58Z
NET,190.04,2026-04-15T19:59:56Z
NETG,9.58,2026-04-15T16:57:59Z
NEU,641.32,2026-04-15T19:58:38Z
NEUP,4.6,2026-04-15T15:44:27Z
NEWP,5.275,2026-04-15T19:59:47Z
NEWT,12.73,2026-04-15T19:59:52Z
NEXA,14.65,2026-04-15T19:59:56Z
NEXM,2.33,2026-04-15T19:59:12Z
NEXN,7.24,2026-04-15T19:59:57Z
NEXT,7.17,2026-04-15T19:59:59Z
NFBK,14.035,2026-04-15T19:59:58Z
NFE,0.6898,2026-04-15T19:59:50Z
NFEB,28.77,2026-04-15T17:58:12Z
NFG,89.5,2026-04-15T19:59:53Z
NFGC,2.06,2026-04-15T19:59:53Z
NFJ,13.8,2026-04-15T19:59:14Z
NFLT,23.1,2026-04-15T19:59:20Z
NFLU,39.895,2026-04-15T19:55:00Z
NFLW,28.25,2026-04-15T17:22:58Z
NFLX,107.66,2026-04-15T19:59:59Z
NFLY,11.54,2026-04-15T14:45:12Z
NFRA,64.97,2026-04-15T16:46:25Z
NFTY,54.28,2026-04-15T14:17:18Z
NFXL,37.54,2026-04-15T19:59:39Z
NFXS,14.86,2026-04-15T15:06:09Z
NG,9.97,2026-04-15T19:59:58Z
NGEN,4.29,2026-04-15T19:58:27Z
NGG,87.87,2026-04-15T19:59:23Z
NGL,13.135,2026-04-15T19:59:59Z
NGL-B,25.05,2026-04-15T16:28:52Z
NGNE,23.96,2026-04-15T19:59:50Z
NGS,38.73,2026-04-15T19:59:13Z
NGVC,26.42,2026-04-15T19:59:31Z
NGVT,74.16,2026-04-15T19:55:23Z
NHC,158.87,2026-04-15T19:59:13Z
NHI,85.32,2026-04-15T19:59:49Z
NHIVU,9.95,2026-04-15T19:59:47Z
NHPBP,21,2026-04-15T14:09:31Z
NHS,6.51,2026-04-15T19:59:27Z
NHTC,2.81,2026-04-15T15:04:37Z
NHYM,24.98,2026-04-15T17:22:09Z
NI,47.35,2026-04-15T19:59:58Z
NIC,156.43,2026-04-15T19:55:46Z
NICE,101.99,2026-04-15T19:59:55Z
NICM,7.81,2026-04-15T19:56:07Z
NIE,25.17,2026-04-15T19:57:30Z
NIKL,17.69,2026-04-15T19:57:29Z
NINE,8.66,2026-04-15T16:41:34Z
NIO,6.42,2026-04-15T19:59:58Z
NIOG,22.88,2026-04-15T18:52:10Z
NIQ,10.85,2026-04-15T19:59:54Z
NIU,3.05,2026-04-15T19:59:54Z
NIVF,2.36,2026-04-15T19:59:45Z
NIXX,0.7646,2026-04-15T19:59:54Z
NJAN,55.94,2026-04-15T16:48:03Z
NJR,55.95,2026-04-15T19:59:42Z
NJUL,74.69,2026-04-15T14:21:09Z
NKE,45.47,2026-04-15T19:59:59Z
NKLR,6.06,2026-04-15T19:59:50Z
NKSH,37.09,2026-04-15T19:56:30Z
NKTR,83.24,2026-04-15T19:59:34Z
NKTX,2.42,2026-04-15T19:58:47Z
NKX,12.12,2026-04-15T16:19:10Z
NL,5.82,2026-04-15T14:32:04Z
NLOP,12.33,2026-04-15T19:57:23Z
NLR,144.92,2026-04-15T19:59:49Z
NLY,22.65,2026-04-15T19:59:58Z
NLY-F,25.84,2026-04-15T19:58:55Z
NLY-G,25,2026-04-15T16:38:13Z
NLY-I,25.44,2026-04-15T19:30:40Z
NMAI,13.7,2026-04-15T19:59:29Z
NMAR,30.76,2026-04-15T15:16:05Z
NMAX,6.725,2026-04-15T19:59:50Z
NMB,24.53,2026-04-15T13:34:04Z
NMCO,10.73,2026-04-15T19:59:05Z
NMFC,8.42,2026-04-15T19:59:56Z
NMFCZ,25.49,2026-04-15T19:51:28Z
NMG,1.95,2026-04-15T19:59:56Z
NMIH,38.72,2026-04-15T19:59:53Z
NML,9.82,2026-04-15T19:16:47Z
NMM,69.61,2026-04-15T19:59:58Z
NMP,10.17,2026-04-15T19:57:51Z
NMR,8.665,2026-04-15T19:59:56Z
NMRA,2.065,2026-04-15T19:59:56Z
NMRK,15.88,2026-04-15T19:59:58Z
NMT,12.45,2026-04-15T18:31:32Z
NMTC,0.7401,2026-04-15T19:59:50Z
NMZ,10.295,2026-04-15T19:55:35Z
NN,16.965,2026-04-15T19:59:59Z
NNBR,1.975,2026-04-15T19:59:35Z
NNDM,1.77,2026-04-15T19:59:55Z
NNE,24.32,2026-04-15T19:59:54Z
NNEX,6.21,2026-04-15T14:44:39Z
NNI,136.71,2026-04-15T19:58:56Z
NNN,44.29,2026-04-15T19:59:49Z
NNNN,27,2026-04-15T15:10:53Z
NNOV,29.43,2026-04-15T18:02:39Z
NNOX,2.6,2026-04-15T19:59:58Z
NNVC,1.165,2026-04-15T19:59:27Z
NNY,8.615,2026-04-15T19:21:41Z
NOA,14.7,2026-04-15T19:46:40Z
NOAH,10.11,2026-04-15T19:59:50Z
NOBL,106.955,2026-04-15T19:59:44Z
NOC,678.55,2026-04-15T19:59:47Z
NOCT,59.24,2026-04-15T17:08:50Z
NODK,12.955,2026-04-15T19:59:58Z
NOEMW,0.0925,2026-04-15T13:45:35Z
NOG,25.88,2026-04-15T19:59:57Z
NOK,9.99,2026-04-15T19:59:59Z
NOMD,9.57,2026-04-15T19:59:53Z
NORW,38.235,2026-04-15T19:46:16Z
NOTV,0.397,2026-04-15T19:59:26Z
NOV,19.025,2026-04-15T19:59:56Z
NOVT,126.44,2026-04-15T19:59:20Z
NOW,94.2,2026-04-15T19:59:58Z
NOWL,4.68,2026-04-15T19:58:59Z
NP,26.86,2026-04-15T19:59:56Z
NPB,18.79,2026-04-15T19:58:55Z
NPCE,15.61,2026-04-15T19:59:07Z
NPCT,10.415,2026-04-15T14:58:36Z
NPFD,19,2026-04-15T19:57:23Z
NPFE,25.9,2026-04-15T14:44:40Z
NPK,142.77,2026-04-15T19:57:38Z
NPKI,15.16,2026-04-15T19:59:49Z
NPO,266.225,2026-04-15T19:51:30Z
NPT,6.03,2026-04-15T19:53:17Z
NPWR,1.64,2026-04-15T19:59:56Z
NQP,12.03,2026-04-15T19:56:39Z
NRC,17.87,2026-04-15T19:56:58Z
NRDS,10.49,2026-04-15T19:59:57Z
NRDY,0.9784,2026-04-15T19:59:55Z
NREF,14.05,2026-04-15T19:40:01Z
NREF-A,22.95,2026-04-15T14:27:52Z
NRES,34.6,2026-04-15T19:15:00Z
NRG,168.51,2026-04-15T19:59:57Z
NRGU,34.725,2026-04-15T17:43:26Z
NRGV,3.5,2026-04-15T19:59:54Z
NRIM,24.59,2026-04-15T19:56:21Z
NRIX,16.985,2026-04-15T19:59:55Z
NRK,10.385,2026-04-15T19:41:32Z
NRO,3.02,2026-04-15T18:54:16Z
NRP,116.74,2026-04-15T14:36:43Z
NRSN,0.74,2026-04-15T17:52:04Z
NRT,8.68,2026-04-15T15:51:58Z
NRUC,24.055,2026-04-15T18:55:09Z
NRXP,2.52,2026-04-15T19:59:33Z
NRXS,7,2026-04-15T19:56:03Z
NSA,41.91,2026-04-15T19:59:51Z
NSC,297.685,2026-04-15T19:59:52Z
NSIT,75.09,2026-04-15T19:59:54Z
NSP,27.77,2026-04-15T19:59:52Z
NSRX,2.17,2026-04-15T15:15:17Z
NSSC,44.2,2026-04-15T19:58:21Z
NTAP,100.35,2026-04-15T19:59:55Z
NTB,55.82,2026-04-15T19:56:21Z
NTCL,0.5065,2026-04-15T18:54:50Z
NTCT,32.4,2026-04-15T19:59:59Z
NTES,115.83,2026-04-15T19:59:44Z
NTGR,24.86,2026-04-15T19:59:41Z
NTHI,5.12,2026-04-15T19:50:50Z
NTIP,1.43,2026-04-15T18:20:46Z
NTLA,14.92,2026-04-15T19:59:59Z
NTNX,38.27,2026-04-15T19:59:49Z
NTR,73.38,2026-04-15T19:59:55Z
NTRA,207.08,2026-04-15T19:59:49Z
NTRP,3.02,2026-04-15T19:51:31Z
NTRS,156.1,2026-04-15T19:59:59Z
NTSE,43.16,2026-04-15T14:21:55Z
NTSI,46.41,2026-04-15T15:17:28Z
NTSK,9.67,2026-04-15T19:59:56Z
NTST,20.17,2026-04-15T19:59:50Z
NTWK,3.44,2026-04-15T14:42:21Z
NTZ,3.03,2026-04-15T19:44:53Z
NU,15.33,2026-04-15T19:59:57Z
NUAG,21.135,2026-04-15T18:39:22Z
NUAI,5.12,2026-04-15T19:59:56Z
NUAIW,2.29,2026-04-15T19:54:04Z
NUBD,22.295,2026-04-15T18:30:46Z
NUCL,9.51,2026-04-15T19:59:55Z
NUCLW,2.25,2026-04-15T19:53:48Z
NUDM,38.7,2026-04-15T19:52:49Z
NUE,189.61,2026-04-15T19:59:58Z
NUGT,212.05,2026-04-15T19:59:25Z
NUGY,18.065,2026-04-15T19:59:00Z
NUHY,21.465,2026-04-15T19:54:04Z
NUKZ,71.99,2026-04-15T19:58:41Z
NULC,49.84,2026-04-15T19:46:44Z
NULG,100.11,2026-04-15T19:14:33Z
NULV,47.67,2026-04-15T18:56:13Z
NUMG,43.18,2026-04-15T19:13:46Z
NUMI,25.03,2026-04-15T18:51:06Z
NUS,7.8,2026-04-15T19:59:50Z
NUTX,109.49,2026-04-15T19:49:32Z
NUV,9.155,2026-04-15T19:59:51Z
NUVB,4.82,2026-04-15T19:59:58Z
NUVL,104.815,2026-04-15T19:59:00Z
NUW,14.49,2026-04-15T19:50:10Z
NUWE,1.22,2026-04-15T15:34:21Z
NVA,6.5,2026-04-15T19:59:48Z
NVAX,8.68,2026-04-15T19:59:56Z
NVBT,37.61,2026-04-15T14:44:02Z
NVBU,29.39,2026-04-15T19:58:00Z
NVCR,12.15,2026-04-15T19:59:54Z
NVCT,8.49,2026-04-15T19:57:53Z
NVD,5.76,2026-04-15T19:59:32Z
NVDA,198.85,2026-04-15T19:59:59Z
NVDB,29.57,2026-04-15T19:55:00Z
NVDD,35.4,2026-04-15T19:40:16Z
NVDG,17.89,2026-04-15T19:55:00Z
NVDL,93.675,2026-04-15T19:59:57Z
NVDQ,13.39,2026-04-15T19:59:59Z
NVDS,24.26,2026-04-15T19:59:59Z
NVDU,125.01,2026-04-15T19:59:45Z
NVDW,38.885,2026-04-15T13:37:03Z
NVDX,17.975,2026-04-15T19:59:55Z
NVDY,13.975,2026-04-15T19:59:57Z
NVEC,77.98,2026-04-15T16:17:37Z
NVG,12.6,2026-04-15T19:55:02Z
NVGS,20.13,2026-04-15T19:59:46Z
NVII,26.24,2026-04-15T18:02:23Z
NVMI,517.72,2026-04-15T19:59:40Z
NVNI,1.29,2026-04-15T19:56:25Z
NVO,40.81,2026-04-15T19:59:59Z
NVOH,21.97,2026-04-15T17:53:27Z
NVOX,12.385,2026-04-15T19:58:59Z
NVR,6785.91,2026-04-15T19:57:40Z
NVRI,19.55,2026-04-15T19:59:50Z
NVS,152.07,2026-04-15T19:59:57Z
NVST,27.04,2026-04-15T19:59:54Z
NVT,131.42,2026-04-15T19:59:49Z
NVTS,10.25,2026-04-15T19:59:59Z
NVTX,26.01,2026-04-15T16:48:09Z
NVVE,0.6707,2026-04-15T19:59:42Z
NVX,0.8001,2026-04-15T19:59:41Z
NVYY,14.49,2026-04-15T19:59:50Z
NWBI,13.28,2026-04-15T19:59:58Z
NWE,73.38,2026-04-15T19:59:54Z
NWFL,30.19,2026-04-15T13:55:18Z
NWG,16.93,2026-04-15T19:59:50Z
NWL,4.1,2026-04-15T19:59:55Z
NWN,54.42,2026-04-15T19:59:40Z
NWPX,83.86,2026-04-15T19:59:50Z
NWS,29.14,2026-04-15T19:59:55Z
NWSA,25.34,2026-04-15T19:59:59Z
NX,19.18,2026-04-15T19:59:39Z
NXDR,1.515,2026-04-15T19:59:51Z
NXDT,4.74,2026-04-15T19:59:38Z
NXE,12.29,2026-04-15T19:59:58Z
NXG,53.955,2026-04-15T14:47:42Z
NXGL,0.6418,2026-04-15T15:24:53Z
NXG^,0.024,2026-04-15T16:02:25Z
NXJ,12.38,2026-04-15T18:25:57Z
NXL,0.4817,2026-04-15T18:45:06Z
NXP,14.3,2026-04-15T19:59:09Z
NXPI,209.47,2026-04-15T19:59:44Z
NXRT,26.605,2026-04-15T19:59:57Z
NXST,196.91,2026-04-15T19:59:45Z
NXT,110.09,2026-04-15T19:59:51Z
NXTC,12.08,2026-04-15T19:14:38Z
NXTE,43.255,2026-04-15T19:08:10Z
NXTS,4,2026-04-15T15:41:37Z
NXTT,2.065,2026-04-15T19:52:50Z
NXXT,0.4956,2026-04-15T19:59:57Z
NYAX,61.21,2026-04-15T15:20:27Z
NYF,53.525,2026-04-15T18:31:47Z
NYM,25.02,2026-04-15T19:15:12Z
NYT,81.075,2026-04-15T19:59:54Z
NYXH,3.35,2026-04-15T19:59:14Z
NZF,12.54,2026-04-15T19:51:52Z
O,63.935,2026-04-15T19:59:59Z
OABI,1.48,2026-04-15T19:59:58Z
OACP,22.92,2026-04-15T19:59:39Z
OAIM,46.1,2026-04-15T17:14:03Z
OAKM,28.45,2026-04-15T19:59:16Z
OALC,36.97,2026-04-15T15:23:09Z
OASC,31.79,2026-04-15T16:35:35Z
OBAI,0.8914,2026-04-15T19:58:57Z
OBDC,11.64,2026-04-15T19:59:54Z
OBE,9.54,2026-04-15T19:59:48Z
OBIL,50.135,2026-04-15T13:31:49Z
OBIO,4.57,2026-04-15T19:59:47Z
OBK,44.835,2026-04-15T19:57:04Z
OBT,35.21,2026-04-15T19:59:53Z
OBTC,23.8,2026-04-15T17:27:23Z
OC,116.645,2026-04-15T19:59:53Z
OCC,10.5,2026-04-15T19:59:59Z
OCCI,2.985,2026-04-15T19:56:27Z
OCFC,19.075,2026-04-15T19:59:57Z
OCG,0.6165,2026-04-15T16:16:11Z
OCGN,1.94,2026-04-15T19:59:59Z
OCS,27.54,2026-04-15T19:59:50Z
OCSL,12.76,2026-04-15T19:59:59Z
OCTU,28.845,2026-04-15T16:41:53Z
OCTZ,43.15,2026-04-15T14:39:06Z
OCUL,8.91,2026-04-15T19:59:58Z
ODC,69.78,2026-04-15T19:11:08Z
ODD,15.09,2026-04-15T19:59:57Z
ODFL,205.19,2026-04-15T19:59:54Z
ODV,3.35,2026-04-15T19:59:55Z
ODYS,5.62,2026-04-15T14:29:39Z
OEC,6.72,2026-04-15T19:59:58Z
OEF,345.02,2026-04-15T19:59:58Z
OESX,10.095,2026-04-15T19:58:45Z
OFAL,0.48,2026-04-15T17:15:25Z
OFG,42.41,2026-04-15T19:56:32Z
OFIX,12.87,2026-04-15T19:59:40Z
OFLX,32.65,2026-04-15T13:44:58Z
OFRM,15.77,2026-04-15T19:59:36Z
OFS,4.01,2026-04-15T18:49:19Z
OGC,33.02,2026-04-15T19:59:55Z
OGE,48.525,2026-04-15T19:59:53Z
OGI,1.525,2026-04-15T19:59:45Z
OGIG,43.72,2026-04-15T19:13:29Z
OGN,9.24,2026-04-15T19:59:58Z
OGS,88.655,2026-04-15T19:59:43Z
OHI,46.63,2026-04-15T19:59:54Z
OI,10.59,2026-04-15T19:59:58Z
OIA,6.125,2026-04-15T19:52:28Z
OIH,403.43,2026-04-15T19:58:35Z
OII,35.76,2026-04-15T19:59:58Z
OILD,47.08,2026-04-15T19:14:33Z
OILK,54.655,2026-04-15T19:58:43Z
OILT,30,2026-04-15T16:26:05Z
OILU,41.54,2026-04-15T19:59:50Z
OIO,3,2026-04-15T16:53:50Z
OIS,10.79,2026-04-15T19:59:54Z
OKE,84.11,2026-04-15T19:59:51Z
OKLL,9.45,2026-04-15T19:59:52Z
OKLO,63.34,2026-04-15T19:59:55Z
OKLS,35.45,2026-04-15T19:51:21Z
OKTA,67.36,2026-04-15T19:59:53Z
OKTG,7.95,2026-04-15T14:08:33Z
OKUR,4.53,2026-04-15T19:59:52Z
OKYO,1.67,2026-04-15T17:07:05Z
OLB,0.486,2026-04-15T19:58:56Z
OLED,98.67,2026-04-15T19:59:47Z
OLLI,95.25,2026-04-15T19:59:52Z
OLMA,16.47,2026-04-15T19:59:58Z
OLN,27.76,2026-04-15T19:59:57Z
OLOX,0.6033,2026-04-15T19:59:16Z
OLP,22.88,2026-04-15T19:59:47Z
OLPX,2.03,2026-04-15T19:59:55Z
OM,4.37,2026-04-15T19:58:10Z
OMAB,114.125,2026-04-15T18:41:30Z
OMAH,18.42,2026-04-15T19:59:51Z
OMC,77.49,2026-04-15T19:59:52Z
OMCL,37.515,2026-04-15T19:59:59Z
OMDA,13.12,2026-04-15T19:59:57Z
OMER,12.255,2026-04-15T19:59:30Z
OMEX,1.095,2026-04-15T19:59:59Z
OMF,57.675,2026-04-15T19:59:49Z
OMFL,64.19,2026-04-15T19:58:21Z
OMH,1.12,2026-04-15T14:35:24Z
ON,72.415,2026-04-15T19:59:54Z
ONB,23.36,2026-04-15T19:59:59Z
ONC,319.98,2026-04-15T19:59:18Z
ONCO,0.76,2026-04-15T19:59:37Z
ONCY,1.08,2026-04-15T19:56:07Z
ONDG,6.37,2026-04-15T19:59:01Z
ONDL,17.825,2026-04-15T19:55:27Z
ONDS,10.02,2026-04-15T19:59:58Z
ONDU,9.99,2026-04-15T18:55:23Z
ONEG,3.91,2026-04-15T19:59:52Z
ONEQ,94.58,2026-04-15T19:59:32Z
ONEW,9.67,2026-04-15T19:54:10Z
ONEZ,26.21,2026-04-15T14:56:10Z
ONIT,44.87,2026-04-15T17:31:06Z
ONL,2.52,2026-04-15T19:59:53Z
ONMD,0.8918,2026-04-15T19:59:29Z
ONON,35.42,2026-04-15T19:59:59Z
ONTO,259.03,2026-04-15T19:59:38Z
OOMA,14.82,2026-04-15T19:59:51Z
OPAD,0.873,2026-04-15T19:59:39Z
OPAL,2.455,2026-04-15T19:59:52Z
OPBK,14.13,2026-04-15T19:59:32Z
OPCH,28.33,2026-04-15T19:59:58Z
OPEG,5.26,2026-04-15T14:32:13Z
OPEN,4.82,2026-04-15T19:59:56Z
OPENW,0.54,2026-04-15T19:55:39Z
OPENZ,0.2793,2026-04-15T19:46:26Z
OPFI,8.63,2026-04-15T19:59:54Z
OPK,1.175,2026-04-15T19:59:47Z
OPLN,30.765,2026-04-15T19:59:14Z
OPP,7.83,2026-04-15T19:11:33Z
OPPJ,56.38,2026-04-15T18:18:23Z
OPRA,16.285,2026-04-15T19:59:50Z
OPRT,5.38,2026-04-15T19:59:47Z
OPRX,6.4,2026-04-15T19:59:55Z
OPTT,0.381,2026-04-15T19:54:33Z
OPTU,1.52,2026-04-15T19:59:45Z
OPTX,10.94,2026-04-15T19:59:50Z
OPTXW,1.74,2026-04-15T16:32:12Z
OPXS,11.44,2026-04-15T19:51:03Z
OPY,114.245,2026-04-15T19:51:04Z
OR,40.09,2026-04-15T19:59:49Z
ORA,113.84,2026-04-15T19:59:58Z
ORBS,1.125,2026-04-15T19:59:30Z
ORBX,52.48,2026-04-15T19:58:45Z
ORC,7.36,2026-04-15T19:59:59Z
ORCL,169.79,2026-04-15T19:59:59Z
ORCL-D,51.18,2026-04-15T19:48:18Z
ORCS,28.87,2026-04-15T19:59:44Z
ORCU,12.49,2026-04-15T19:59:44Z
ORCX,34.99,2026-04-15T19:59:44Z
ORGN,2.18,2026-04-15T19:59:45Z
ORGO,2.605,2026-04-15T19:59:53Z
ORI,41.23,2026-04-15T19:59:49Z
ORIC,10.285,2026-04-15T19:59:57Z
ORIO,1.09,2026-04-15T19:58:42Z
ORIS,0.5784,2026-04-15T18:28:32Z
ORKA,65.6,2026-04-15T19:59:55Z
ORKT,1.07,2026-04-15T19:51:46Z
ORLA,16.135,2026-04-15T19:59:54Z
ORLY,93.585,2026-04-15T19:59:55Z
ORMP,3.83,2026-04-15T19:59:47Z
ORN,11.71,2026-04-15T19:59:42Z
ORR,36.79,2026-04-15T19:56:41Z
ORRF,38.42,2026-04-15T19:44:15Z
OSBC,21.68,2026-04-15T19:59:57Z
OSCR,15.59,2026-04-15T19:59:58Z
OSCV,40.83,2026-04-15T13:36:12Z
OSCX,34.53,2026-04-15T15:11:50Z
OSEA,30.68,2026-04-15T19:39:09Z
OSG,4.755,2026-04-15T19:59:56Z
OSIS,306,2026-04-15T19:59:45Z
OSK,140.16,2026-04-15T19:59:49Z
OSPN,11.17,2026-04-15T19:59:59Z
OSRH,0.5495,2026-04-15T19:57:04Z
OSS,9.83,2026-04-15T19:59:46Z
OSTX,1.395,2026-04-15T19:59:46Z
OSUR,3.235,2026-04-15T19:59:26Z
OSW,24.44,2026-04-15T19:59:48Z
OTEX,23.11,2026-04-15T19:59:51Z
OTF,12.25,2026-04-15T19:59:41Z
OTGA,10.09,2026-04-15T19:14:17Z
OTGAW,0.265,2026-04-15T18:11:44Z
OTH,3.1,2026-04-15T19:59:04Z
OTIS,81,2026-04-15T19:59:51Z
OTLK,0.2737,2026-04-15T19:59:12Z
OTLY,12.975,2026-04-15T19:31:00Z
OTTR,86.07,2026-04-15T19:59:10Z
OUNZ,46.115,2026-04-15T19:59:25Z
OUSA,57.29,2026-04-15T19:59:50Z
OUSM,45.64,2026-04-15T14:17:52Z
OUST,24.43,2026-04-15T19:59:57Z
OUT,29.06,2026-04-15T19:59:58Z
OVBC,45.72,2026-04-15T19:54:39Z
OVF,31.445,2026-04-15T13:34:42Z
OVID,2.775,2026-04-15T19:59:51Z
OVLY,34.71,2026-04-15T19:55:48Z
OVV,55.05,2026-04-15T19:59:53Z
OWL,9.925,2026-04-15T19:59:58Z
OWLS,5.67,2026-04-15T19:27:15Z
OWLT,5.64,2026-04-15T19:59:02Z
OXBR,0.7398,2026-04-15T18:33:46Z
OXLC,10.25,2026-04-15T19:59:52Z
OXLCG,24.86,2026-04-15T17:18:16Z
OXLCM,24.85,2026-04-15T15:43:55Z
OXLCN,24.64,2026-04-15T18:18:46Z
OXLCP,25.01,2026-04-15T14:01:47Z
OXM,44.55,2026-04-15T19:59:34Z
OXSQ,1.895,2026-04-15T19:54:40Z
OXY,55.8,2026-04-15T19:59:58Z
OXY+,33.95,2026-04-15T15:43:20Z
OZ,49.51,2026-04-15T15:53:16Z
OZK,47.845,2026-04-15T19:59:47Z
OZKAP,16.6,2026-04-15T17:09:01Z
PAA,21.57,2026-04-15T19:59:53Z
PAAA,51.33,2026-04-15T19:44:59Z
PAAS,57.345,2026-04-15T19:59:54Z
PAC,242.71,2026-04-15T19:56:59Z
PACB,1.61,2026-04-15T19:59:57Z
PACK,3.86,2026-04-15T19:59:57Z
PACS,34.845,2026-04-15T19:59:50Z
PAG,155.185,2026-04-15T19:59:43Z
PAGP,23.31,2026-04-15T19:59:56Z
PAGS,11.345,2026-04-15T19:59:58Z
PAHC,54.995,2026-04-15T19:59:34Z
PAL,7,2026-04-15T19:58:58Z
PALI,2.34,2026-04-15T19:59:51Z
PALL,143.01,2026-04-15T19:57:29Z
PALU,12.84,2026-04-15T16:48:43Z
PAM,82.12,2026-04-15T19:59:50Z
PANG,7.84,2026-04-15T15:00:09Z
PANL,7.66,2026-04-15T19:59:57Z
PANW,164.08,2026-04-15T19:59:58Z
PAPI,26.73,2026-04-15T17:33:23Z
PAPR,41.2,2026-04-15T19:50:04Z
PAR,13.38,2026-04-15T19:59:55Z
PARK,18.175,2026-04-15T17:57:26Z
PARR,62.18,2026-04-15T19:59:50Z
PASG,11.85,2026-04-15T19:59:55Z
PASW,0.171,2026-04-15T19:55:59Z
PATH,10.6,2026-04-15T19:59:58Z
PATK,99.34,2026-04-15T19:59:41Z
PATN,31.07,2026-04-15T19:43:59Z
PATX,8.11,2026-04-15T19:59:45Z
PAVE,54.075,2026-04-15T19:58:30Z
PAVS,1.67,2026-04-15T14:26:31Z
PAX,12.91,2026-04-15T19:59:58Z
PAXS,14.44,2026-04-15T15:40:43Z
PAY,27.17,2026-04-15T19:59:53Z
PAYC,123.56,2026-04-15T19:59:58Z
PAYO,5.11,2026-04-15T19:59:57Z
PAYP,21.57,2026-04-15T19:59:48Z
PAYR,54.03,2026-04-15T19:48:06Z
PAYS,5.81,2026-04-15T19:59:52Z
PAYX,90.245,2026-04-15T19:59:53Z
PB,69.11,2026-04-15T19:59:50Z
PBA,43.2,2026-04-15T19:59:54Z
PBAP,30.33,2026-04-15T19:00:21Z
PBD,19.51,2026-04-15T19:58:19Z
PBDC,28.46,2026-04-15T19:59:25Z
PBE,81.18,2026-04-15T17:19:13Z
PBEU,30.7,2026-04-15T19:39:08Z
PBF,40.525,2026-04-15T19:59:57Z
PBFB,31.03,2026-04-15T16:20:02Z
PBFR,29.83,2026-04-15T17:16:07Z
PBH,57.57,2026-04-15T19:59:57Z
PBI,11.87,2026-04-15T19:59:58Z
PBI-B,20.07,2026-04-15T19:43:12Z
PBJ,49.01,2026-04-15T14:13:16Z
PBM,2.84,2026-04-15T19:24:32Z
PBOG,32.51,2026-04-15T19:39:33Z
PBP,22.47,2026-04-15T19:59:41Z
PBPH,25.675,2026-04-15T19:59:46Z
PBR,20.56,2026-04-15T19:59:58Z
PBR.A,18.74,2026-04-15T19:59:58Z
PBT,21.475,2026-04-15T19:55:32Z
PBTP,26.26,2026-04-15T19:40:38Z
PBUS,70.165,2026-04-15T19:58:48Z
PBW,34.93,2026-04-15T19:59:51Z
PBYI,7.46,2026-04-15T19:59:34Z
PCAR,123.48,2026-04-15T19:59:57Z
PCB,24.23,2026-04-15T17:35:57Z
PCEF,19.82,2026-04-15T19:14:35Z
PCF,5.7,2026-04-15T19:58:32Z
PCFI,22.8,2026-04-15T16:23:04Z
PCG,17.37,2026-04-15T19:59:58Z
PCIG,8.6,2026-04-15T19:47:14Z
PCM,5.71,2026-04-15T13:46:38Z
PCMM,49.31,2026-04-15T15:03:50Z
PCN,12.03,2026-04-15T19:38:43Z
PCOR,52.41,2026-04-15T19:59:57Z
PCQ,8.72,2026-04-15T19:55:05Z
PCRB,46.67,2026-04-15T19:27:19Z
PCRX,23.43,2026-04-15T19:59:46Z
PCSA,2.81,2026-04-15T18:27:55Z
PCSC,11.01,2026-04-15T18:27:56Z
PCT,6.7,2026-04-15T19:59:56Z
PCTY,100.48,2026-04-15T19:59:39Z
PCVX,60.43,2026-04-15T19:59:45Z
PCY,21.695,2026-04-15T19:58:57Z
PCYO,11.22,2026-04-15T18:06:19Z
PD,6.325,2026-04-15T19:59:59Z
PDBA,36.22,2026-04-15T19:59:45Z
PDBC,17.215,2026-04-15T19:59:59Z
PDC,5.76,2026-04-15T19:35:21Z
PDCC,10.81,2026-04-15T18:40:25Z
PDD,101.97,2026-04-15T19:59:53Z
PDEC,44.25,2026-04-15T19:59:51Z
PDEX,50.55,2026-04-15T19:18:45Z
PDFS,41.88,2026-04-15T19:57:57Z
PDI,17.24,2026-04-15T19:56:04Z
PDLB,17.545,2026-04-15T19:59:55Z
PDM,7.64,2026-04-15T19:59:57Z
PDO,13.295,2026-04-15T19:59:15Z
PDP,131.585,2026-04-15T19:34:51Z
PDS,89.2,2026-04-15T19:59:52Z
PDSB,1.37,2026-04-15T19:59:50Z
PDT,13.21,2026-04-15T19:58:33Z
PDX,20.85,2026-04-15T19:19:19Z
PDYN,6.545,2026-04-15T19:59:58Z
PEB,13.98,2026-04-15T19:59:56Z
PEB-F,20.54,2026-04-15T18:36:56Z
PEBK,41.62,2026-04-15T19:56:59Z
PEBO,33.83,2026-04-15T19:59:57Z
PECO,38.82,2026-04-15T19:59:57Z
PEG,80.95,2026-04-15T19:59:52Z
PEGA,42.73,2026-04-15T19:59:24Z
PEN,332.4,2026-04-15T19:59:50Z
PENG,26.48,2026-04-15T19:59:59Z
PENN,16.01,2026-04-15T19:59:58Z
PEO,26.05,2026-04-15T16:13:52Z
PEP,154.83,2026-04-15T19:59:56Z
PEPG,1.73,2026-04-15T19:59:52Z
PEPS,29.71,2026-04-15T17:40:52Z
PERF,1.73,2026-04-15T19:26:03Z
PERI,10.3,2026-04-15T19:59:52Z
PESI,12.3,2026-04-15T19:39:31Z
PETS,2.335,2026-04-15T19:59:56Z
PEW,2.97,2026-04-15T19:59:47Z
PEY,21.685,2026-04-15T19:58:45Z
PFBC,94.345,2026-04-15T19:59:13Z
PFD,11.6,2026-04-15T17:04:43Z
PFDE,25.7,2026-04-15T18:03:53Z
PFE,27.18,2026-04-15T19:59:59Z
PFEB,41.7,2026-04-15T19:55:11Z
PFF,31.35,2026-04-15T19:59:56Z
PFFA,21.675,2026-04-15T19:57:39Z
PFFD,18.99,2026-04-15T19:27:41Z
PFFR,17.82,2026-04-15T19:47:49Z
PFFV,22.33,2026-04-15T19:59:45Z
PFG,94.66,2026-04-15T19:59:49Z
PFGC,88.9,2026-04-15T19:59:52Z
PFH,17.045,2026-04-15T18:42:00Z
PFIG,24.18,2026-04-15T19:53:26Z
PFIS,57.43,2026-04-15T13:47:37Z
PFIX,44.08,2026-04-15T19:39:49Z
PFL,8.04,2026-04-15T19:03:18Z
PFLD,19.64,2026-04-15T19:53:11Z
PFLT,8.71,2026-04-15T19:59:56Z
PFN,7.035,2026-04-15T19:57:57Z
PFOE,24.16,2026-04-15T19:59:45Z
PFS,22.31,2026-04-15T19:59:59Z
PFSA,0.6586,2026-04-15T19:57:20Z
PFSI,91.7,2026-04-15T19:59:51Z
PFXF,18.27,2026-04-15T19:58:48Z
PG,143.355,2026-04-15T19:59:54Z
PGC,39.195,2026-04-15T19:59:46Z
PGEN,3.89,2026-04-15T19:59:58Z
PGF,14.195,2026-04-15T19:59:46Z
PGHY,19.83,2026-04-15T19:52:25Z
PGJ,27.25,2026-04-15T19:44:38Z
PGNY,17.41,2026-04-15T19:59:55Z
PGP,8.98,2026-04-15T14:36:44Z
PGR,201.26,2026-04-15T19:59:54Z
PGRO,44.5,2026-04-15T15:06:35Z
PGX,11.245,2026-04-15T19:59:49Z
PGY,14.195,2026-04-15T19:59:56Z
PGZ,10.4,2026-04-15T19:42:08Z
PH,963.99,2026-04-15T19:59:45Z
PHAT,12.79,2026-04-15T19:59:56Z
PHEQ,33.38,2026-04-15T19:13:55Z
PHG,29.095,2026-04-15T19:59:40Z
PHGE,1.92,2026-04-15T19:58:15Z
PHI,20.54,2026-04-15T19:59:53Z
PHIN,68.94,2026-04-15T19:59:50Z
PHIO,1.33,2026-04-15T19:59:29Z
PHK,4.68,2026-04-15T19:59:50Z
PHM,120.78,2026-04-15T19:59:49Z
PHO,69.44,2026-04-15T19:59:50Z
PHR,9.06,2026-04-15T19:59:54Z
PHUN,2.115,2026-04-15T19:59:08Z
PHVS,29.135,2026-04-15T19:59:21Z
PHYL,35.295,2026-04-15T19:56:07Z
PHYS,36.34,2026-04-15T19:59:36Z
PI,108.31,2026-04-15T19:56:50Z
PICB,23.81,2026-04-15T19:29:50Z
PICK,62.6,2026-04-15T19:59:35Z
PICS,13.16,2026-04-15T19:59:41Z
PID,22.96,2026-04-15T19:56:15Z
PIE,29.25,2026-04-15T19:02:11Z
PIEQ,35.46,2026-04-15T18:24:10Z
PII,47.92,2026-04-15T19:59:51Z
PIII,2.33,2026-04-15T15:56:13Z
PILL,12.01,2026-04-15T17:55:05Z
PINE,19.435,2026-04-15T19:59:22Z
PINK,35.7,2026-04-15T18:50:25Z
PINS,20.28,2026-04-15T19:59:59Z
PIO,46.08,2026-04-15T19:58:41Z
PIPR,88.6,2026-04-15T19:59:53Z
PIT,71.325,2026-04-15T18:39:18Z
PIZ,55.27,2026-04-15T19:37:14Z
PJAN,47.84,2026-04-15T14:27:45Z
PJT,162.71,2026-04-15T19:58:23Z
PJUN,42.84,2026-04-15T16:15:03Z
PK,11.34,2026-04-15T19:59:56Z
PKBK,29.52,2026-04-15T19:59:49Z
PKE,32.555,2026-04-15T19:59:31Z
PKG,206.83,2026-04-15T19:59:49Z
PKOH,26.07,2026-04-15T14:24:28Z
PKST,20.93,2026-04-15T19:40:16Z
PKW,137.76,2026-04-15T13:33:57Z
PKX,62.53,2026-04-15T19:57:39Z
PL,34.39,2026-04-15T19:59:59Z
PL+,22.47,2026-04-15T14:02:43Z
PLAB,45.87,2026-04-15T19:59:53Z
PLAY,13.64,2026-04-15T19:59:55Z
PLBC,51.86,2026-04-15T19:59:45Z
PLBL,7.04,2026-04-15T17:22:38Z
PLBY,1.735,2026-04-15T19:59:56Z
PLCE,3.32,2026-04-15T19:59:58Z
PLD,139.79,2026-04-15T19:59:53Z
PLG,1.88,2026-04-15T19:59:50Z
PLMR,129.96,2026-04-15T19:59:50Z
PLNT,72.22,2026-04-15T19:59:53Z
PLOW,45.06,2026-04-15T19:56:32Z
PLPC,311.55,2026-04-15T19:17:10Z
PLRX,1.31,2026-04-15T19:59:56Z
PLSE,19.63,2026-04-15T19:58:03Z
PLTA,15.9,2026-04-15T19:35:23Z
PLTD,7.64,2026-04-15T19:59:48Z
PLTG,14.67,2026-04-15T19:55:27Z
PLTK,3.47,2026-04-15T19:59:57Z
PLTM,20.43,2026-04-15T18:56:06Z
PLTR,142.17,2026-04-15T19:59:59Z
PLTU,41.16,2026-04-15T19:59:44Z
PLTW,22.96,2026-04-15T13:44:56Z
PLTY,36.71,2026-04-15T19:55:02Z
PLTZ,29.62,2026-04-15T19:58:44Z
PLU,34.33,2026-04-15T19:47:09Z
PLUG,2.93,2026-04-15T19:59:56Z
PLUS,80.81,2026-04-15T19:59:53Z
PLX,2.37,2026-04-15T19:59:57Z
PLXS,219.415,2026-04-15T19:49:16Z
PLYX,6.545,2026-04-15T19:56:48Z
PM,157.16,2026-04-15T19:59:52Z
PMAP,27.05,2026-04-15T19:11:42Z
PMAX,0.227,2026-04-15T19:59:46Z
PMAY,40.4,2026-04-15T18:23:03Z
PMBS,49.825,2026-04-15T19:59:00Z
PMCB,0.7683,2026-04-15T19:32:20Z
PMI,0.9506,2026-04-15T19:51:48Z
PMIO,50.59,2026-04-15T18:48:47Z
PML,7.575,2026-04-15T19:57:20Z
PMM,6.23,2026-04-15T15:06:17Z
PMMF,100.26,2026-04-15T17:08:22Z
PMN,12.28,2026-04-15T19:59:58Z
PMNT,0.3092,2026-04-15T19:58:03Z
PMO,10.45,2026-04-15T17:38:33Z
PMOC,25.62,2026-04-15T16:06:24Z
PMT,12.14,2026-04-15T19:59:58Z
PMT-B,23.535,2026-04-15T17:16:15Z
PMT-C,18.56,2026-04-15T19:21:25Z
PMTRW,0.569,2026-04-15T16:56:49Z
PMTU,25.62,2026-04-15T14:19:44Z
PMTV,25.46,2026-04-15T19:53:59Z
PMVP,1.415,2026-04-15T19:59:22Z
PN,2.315,2026-04-15T19:59:21Z
PNBK,1.34,2026-04-15T19:59:55Z
PNC,222.145,2026-04-15T19:59:55Z
PNFP,94.05,2026-04-15T19:59:45Z
PNFP-C,25.04,2026-04-15T13:42:03Z
PNNT,4.64,2026-04-15T19:59:56Z
PNOV,42.7,2026-04-15T19:50:00Z
PNQI,48.84,2026-04-15T19:50:04Z
PNR,88.31,2026-04-15T19:59:52Z
PNTG,30.51,2026-04-15T19:59:50Z
PNW,102.82,2026-04-15T19:59:56Z
POAS,1.83,2026-04-15T19:59:32Z
POCI,4.375,2026-04-15T19:47:58Z
POCT,44.73,2026-04-15T14:34:07Z
PODC,2.17,2026-04-15T15:40:19Z
PODD,202.5,2026-04-15T19:59:57Z
POET,6.97,2026-04-15T19:59:59Z
POLA,1.78,2026-04-15T19:45:33Z
POM,0.36,2026-04-15T17:43:50Z
PONX,9.16,2026-04-15T16:45:11Z
PONY,11.17,2026-04-15T19:59:59Z
POOL,226.635,2026-04-15T19:59:53Z
POR,52.47,2026-04-15T19:59:59Z
POST,99.4,2026-04-15T19:59:58Z
POW,26.99,2026-04-15T17:48:29Z
POWI,54.88,2026-04-15T19:59:51Z
POWL,229.66,2026-04-15T19:59:22Z
POWR,26.56,2026-04-15T19:59:58Z
POWW,2.12,2026-04-15T19:59:47Z
PPA,176.66,2026-04-15T19:48:55Z
PPC,33.61,2026-04-15T19:59:41Z
PPCB,0.109,2026-04-15T19:57:04Z
PPG,107.74,2026-04-15T19:59:49Z
PPH,103.35,2026-04-15T19:14:27Z
PPHC,13.51,2026-04-15T19:46:08Z
PPIH,33.71,2026-04-15T16:04:29Z
PPL,39.35,2026-04-15T19:59:59Z
PPLT,193,2026-04-15T19:15:24Z
PPSI,2.545,2026-04-15T19:58:51Z
PPT,3.55,2026-04-15T17:10:40Z
PPTA,31.61,2026-04-15T19:58:25Z
PQDI,19.51,2026-04-15T17:51:38Z
PQOC,29.35,2026-04-15T16:30:36Z
PQUS,25.79,2026-04-15T13:34:47Z
PR,20.095,2026-04-15T19:59:56Z
PRA,24.66,2026-04-15T19:59:54Z
PRAA,20.46,2026-04-15T19:59:52Z
PRAB,25.04,2026-04-15T19:04:49Z
PRAX,339.61,2026-04-15T19:59:46Z
PRCH,7.43,2026-04-15T19:59:55Z
PRCS,27.07,2026-04-15T19:12:54Z
PRCT,25.68,2026-04-15T19:59:48Z
PRDO,35.13,2026-04-15T19:59:57Z
PRE,17.78,2026-04-15T19:59:52Z
PREF,19.04,2026-04-15T19:53:21Z
PRF,49.905,2026-04-15T19:59:58Z
PRFX,2.7,2026-04-15T18:46:07Z
PRFZ,49.19,2026-04-15T19:58:22Z
PRG,30.17,2026-04-15T19:58:53Z
PRGO,11.42,2026-04-15T19:59:51Z
PRGS,29.585,2026-04-15T19:59:58Z
PRH,24.11,2026-04-15T18:04:14Z
PRI,273.62,2026-04-15T19:59:31Z
PRIF-L,24.26,2026-04-15T15:12:33Z
PRIM,162.56,2026-04-15T19:58:55Z
PRIV,25.41,2026-04-15T14:48:57Z
PRK,171.58,2026-04-15T19:51:14Z
PRKS,36.715,2026-04-15T19:59:51Z
PRLB,63.235,2026-04-15T19:59:34Z
PRLD,5.47,2026-04-15T19:58:46Z
PRM,27.14,2026-04-15T19:59:55Z
PRMB,19.74,2026-04-15T19:59:59Z
PRME,3.77,2026-04-15T19:59:58Z
PRN,217.73,2026-04-15T15:15:01Z
PROF,6.47,2026-04-15T19:59:35Z
PROK,2,2026-04-15T19:59:55Z
PROP,1.25,2026-04-15T19:59:54Z
PRPL,0.6005,2026-04-15T19:59:50Z
PRQR,1.98,2026-04-15T19:59:56Z
PRS,23.51,2026-04-15T19:45:32Z
PRSO,0.9741,2026-04-15T19:57:07Z
PRSU,41.185,2026-04-15T19:57:52Z
PRTA,10.82,2026-04-15T19:59:58Z
PRTH,4.995,2026-04-15T19:59:37Z
PRTS,0.8165,2026-04-15T19:59:52Z
PRU,99.47,2026-04-15T19:59:50Z
PRVA,23.45,2026-04-15T19:59:57Z
PRVS,29.56,2026-04-15T15:16:07Z
PRXG,36.17,2026-04-15T14:02:46Z
PRZO,0.7199,2026-04-15T19:55:43Z
PSA,300.01,2026-04-15T19:59:55Z
PSA-G,20.21,2026-04-15T18:03:39Z
PSA-K,18.76,2026-04-15T16:02:36Z
PSA-O,15.38,2026-04-15T14:38:27Z
PSA-P,15.925,2026-04-15T17:58:07Z
PSA-Q,15.54,2026-04-15T19:58:27Z
PSBD,10.765,2026-04-15T19:48:23Z
PSC,61.18,2026-04-15T13:44:57Z
PSCC,32.35,2026-04-15T14:47:51Z
PSCQ,30.01,2026-04-15T14:35:02Z
PSCT,66.99,2026-04-15T16:10:34Z
PSCU,64.905,2026-04-15T19:59:45Z
PSDM,51.3,2026-04-15T19:50:00Z
PSEC,2.815,2026-04-15T19:59:45Z
PSEP,44.66,2026-04-15T19:59:46Z
PSF,19.83,2026-04-15T19:22:26Z
PSFE,8.51,2026-04-15T19:59:51Z
PSFF,33.23,2026-04-15T19:59:45Z
PSH,50.16,2026-04-15T17:10:15Z
PSHG,1.91,2026-04-15T17:39:06Z
PSI,112.855,2026-04-15T19:05:51Z
PSIG,7.085,2026-04-15T19:53:27Z
PSIL,18.135,2026-04-15T15:52:10Z
PSIX,83.15,2026-04-15T19:59:45Z
PSK,31.62,2026-04-15T19:29:44Z
PSKY,11.68,2026-04-15T19:59:58Z
PSLV,25.695,2026-04-15T19:59:25Z
PSMJ,32.9,2026-04-15T14:31:40Z
PSMO,31.32,2026-04-15T14:39:05Z
PSMT,155.49,2026-04-15T19:51:55Z
PSN,56.53,2026-04-15T19:59:47Z
PSNL,6.625,2026-04-15T19:59:58Z
PSNY,21.125,2026-04-15T19:57:29Z
PSO,14.205,2026-04-15T19:59:52Z
PSP,61.95,2026-04-15T19:58:26Z
PSQ,29.175,2026-04-15T19:59:46Z
PSQH,0.6716,2026-04-15T19:56:29Z
PSQO,20.67,2026-04-15T19:52:00Z
PST,22.325,2026-04-15T19:58:10Z
PSTG,64.9,2026-04-15T19:59:58Z
PSTL,19.64,2026-04-15T19:59:53Z
PSTP,35.63,2026-04-15T18:03:32Z
PSTV,5.63,2026-04-15T19:59:49Z
PSX,161.53,2026-04-15T19:59:50Z
PTA,19.245,2026-04-15T19:59:46Z
PTC,136.455,2026-04-15T19:59:38Z
PTCT,73.495,2026-04-15T19:59:30Z
PTEN,9.925,2026-04-15T19:59:55Z
PTF,101.87,2026-04-15T19:56:44Z
PTGX,105.35,2026-04-15T19:59:51Z
PTIR,15.18,2026-04-15T19:59:22Z
PTLO,5.52,2026-04-15T19:59:55Z
PTMC,38.68,2026-04-15T18:02:22Z
PTN,21.24,2026-04-15T17:46:26Z
PTON,4.86,2026-04-15T19:59:58Z
PTOR,9.8,2026-04-15T19:58:22Z
PTRB,41.88,2026-04-15T19:57:24Z
PTRN,13.56,2026-04-15T19:59:57Z
PTY,12.09,2026-04-15T19:42:13Z
PUBM,9.68,2026-04-15T19:59:59Z
PUK,30.85,2026-04-15T19:58:57Z
PULM,1.255,2026-04-15T14:56:06Z
PULS,49.635,2026-04-15T19:59:45Z
PULT,50.48,2026-04-15T17:43:51Z
PUMP,14.5,2026-04-15T19:59:55Z
PURR,6.52,2026-04-15T19:59:59Z
PUSH,50.46,2026-04-15T19:05:36Z
PVAL,48.59,2026-04-15T19:59:54Z
PVH,87.155,2026-04-15T19:59:14Z
PVI,24.79,2026-04-15T14:45:13Z
PVL,1.84,2026-04-15T19:59:17Z
PVLA,129.84,2026-04-15T19:55:47Z
PWB,141.69,2026-04-15T19:50:18Z
PWP,21.665,2026-04-15T19:59:54Z
PWR,591.84,2026-04-15T19:59:52Z
PWRD,108.21,2026-04-15T19:50:07Z
PWS,32,2026-04-15T19:59:46Z
PWZ,24.23,2026-04-15T19:48:33Z
PXE,35.66,2026-04-15T19:59:51Z
PXED,28.33,2026-04-15T19:58:20Z
PXF,73.62,2026-04-15T16:08:39Z
PXH,28.35,2026-04-15T19:58:27Z
PXLW,5.35,2026-04-15T19:58:47Z
PXS,4.38,2026-04-15T19:56:31Z
PYLD,26.54,2026-04-15T19:59:52Z
PYPD,4.72,2026-04-15T19:59:30Z
PYPG,7.05,2026-04-15T19:50:38Z
PYPL,49.57,2026-04-15T19:59:57Z
PYXS,1.71,2026-04-15T19:59:52Z
PZA,23.28,2026-04-15T19:59:51Z
PZG,1.76,2026-04-15T19:59:52Z
PZZA,36.925,2026-04-15T19:59:54Z
Q,131.86,2026-04-15T19:59:50Z
QAI,35.19,2026-04-15T16:19:38Z
QBF,18.14,2026-04-15T19:30:40Z
QBQV,26.23,2026-04-15T14:29:07Z
QBSV,25.99,2026-04-15T18:47:44Z
QBTS,20.805,2026-04-15T19:59:59Z
QBTX,15.16,2026-04-15T19:59:11Z
QBTZ,17.42,2026-04-15T19:56:10Z
QCJA,22.45,2026-04-15T16:20:05Z
QCLN,52.07,2026-04-15T18:02:22Z
QCLR,27.91,2026-04-15T19:59:45Z
QCLS,4.09,2026-04-15T19:59:31Z
QCML,12.42,2026-04-15T19:55:00Z
QCOC,22.87,2026-04-15T17:03:41Z
QCOM,133.02,2026-04-15T19:59:57Z
QCRH,91.05,2026-04-15T19:59:32Z
QDEC,33.35,2026-04-15T17:52:22Z
QDEL,17.5,2026-04-15T19:59:58Z
QDF,83.73,2026-04-15T19:54:25Z
QDIV,36.26,2026-04-15T14:59:37Z
QDPL,42.985,2026-04-15T19:53:02Z
QDTE,29.225,2026-04-15T19:40:21Z
QDTY,39.12,2026-04-15T19:34:23Z
QDVO,28.86,2026-04-15T19:59:02Z
QEFA,97.76,2026-04-15T19:59:55Z
QETH,23.405,2026-04-15T18:10:22Z
QFIN,14.275,2026-04-15T19:59:59Z
QFLR,34.69,2026-04-15T18:12:18Z
QGEN,41.64,2026-04-15T19:59:47Z
QGRO,112.99,2026-04-15T19:58:29Z
QGRW,59.92,2026-04-15T19:59:00Z
QHY,46.23,2026-04-15T19:59:46Z
QID,18.56,2026-04-15T19:59:45Z
QINT,69.58,2026-04-15T19:16:03Z
QJUN,32.84,2026-04-15T16:47:19Z
QLD,74.12,2026-04-15T19:59:51Z
QLTA,47.91,2026-04-15T19:59:53Z
QLTI,26.26,2026-04-15T15:46:25Z
QLTY,39.27,2026-04-15T19:59:51Z
QLYS,85.13,2026-04-15T19:59:51Z
QMAG,24.23,2026-04-15T15:56:03Z
QMCO,7.245,2026-04-15T19:59:28Z
QMFE,23.23,2026-04-15T18:20:27Z
QMOM,74.87,2026-04-15T13:34:03Z
QNC,2.81,2026-04-15T19:59:51Z
QNCX,1.22,2026-04-15T19:59:01Z
QNST,12.4,2026-04-15T19:59:56Z
QNTM,3.08,2026-04-15T19:58:31Z
QPUX,27.88,2026-04-15T18:28:42Z
QQA,53.37,2026-04-15T19:07:12Z
QQEW,134.67,2026-04-15T19:59:51Z
QQH,73.77,2026-04-15T19:33:00Z
QQLV,24.38,2026-04-15T18:06:11Z
QQQ,637.24,2026-04-15T19:59:59Z
QQQA,59.59,2026-04-15T19:59:46Z
QQQD,13.08,2026-04-15T19:50:00Z
QQQE,104.54,2026-04-15T19:59:51Z
QQQH,53.6,2026-04-15T19:42:59Z
QQQI,53.355,2026-04-15T19:59:00Z
QQQJ,40,2026-04-15T19:59:33Z
QQQM,262.45,2026-04-15T19:59:54Z
QQQS,37.705,2026-04-15T19:35:20Z
QQQT,16.98,2026-04-15T18:08:10Z
QQQU,53.58,2026-04-15T19:49:56Z
QQQX,29.35,2026-04-15T19:58:30Z
QQQY,22.41,2026-04-15T19:59:50Z
QQXT,99.44,2026-04-15T19:59:50Z
QRED=,9.99,2026-04-15T19:58:54Z
QRVO,81.12,2026-04-15T19:58:50Z
QS,7.18,2026-04-15T19:59:58Z
QSI,1.045,2026-04-15T19:59:58Z
QSOL,8.62,2026-04-15T19:46:39Z
QSPT,32.58,2026-04-15T17:55:56Z
QSR,78.72,2026-04-15T19:59:57Z
QSU,14.48,2026-04-15T15:55:21Z
QTEC,241.08,2026-04-15T19:59:54Z
QTJL,40.86,2026-04-15T14:21:09Z
QTOP,33.4,2026-04-15T18:58:53Z
QTRX,3.595,2026-04-15T19:59:54Z
QTTB,6.21,2026-04-15T19:56:54Z
QTUM,123.35,2026-04-15T19:57:35Z
QTWO,50.08,2026-04-15T19:59:40Z
QUAD,7.395,2026-04-15T19:58:59Z
QUAL,204.36,2026-04-15T19:59:54Z
QUBT,9.39,2026-04-15T19:59:59Z
QUBX,13.25,2026-04-15T17:49:26Z
QUCY,0.54,2026-04-15T19:56:02Z
QUIK,12.33,2026-04-15T19:58:55Z
QUMS,10.135,2026-04-15T13:36:24Z
QURE,17.28,2026-04-15T19:59:46Z
QUSA,18.18,2026-04-15T15:36:41Z
QUVU,28.46,2026-04-15T19:53:38Z
QVAL,53.8,2026-04-15T16:53:59Z
QVCC,10.09,2026-04-15T18:25:33Z
QVCGA,2.59,2026-04-15T19:59:50Z
QVCGP,3.09,2026-04-15T19:30:24Z
QVMT,62.45,2026-04-15T19:54:21Z
QVOY,28.1,2026-04-15T16:26:09Z
QXO,23.22,2026-04-15T19:59:55Z
QXO-B,63.86,2026-04-15T15:22:49Z
QYLD,17.635,2026-04-15T19:59:45Z
QYLG,27.68,2026-04-15T19:11:34Z
R,212.11,2026-04-15T19:59:31Z
RA,13.1,2026-04-15T19:38:54Z
RAA,28.91,2026-04-15T19:59:44Z
RAAQ,10.705,2026-04-15T19:40:09Z
RAAQW,1.9,2026-04-15T19:58:03Z
RAAX,41.23,2026-04-15T19:59:46Z
RACE,357.5,2026-04-15T19:59:38Z
RADX,4.54,2026-04-15T19:31:11Z
RAIL,9.035,2026-04-15T19:59:53Z
RAIN,2.42,2026-04-15T19:55:03Z
RAL,45.78,2026-04-15T19:59:49Z
RAMP,27.38,2026-04-15T19:58:35Z
RANI,0.9735,2026-04-15T19:59:39Z
RAPP,36.665,2026-04-15T19:59:05Z
RARE,25.18,2026-04-15T19:59:53Z
RAUS,27.25,2026-04-15T18:00:02Z
RAVE,2.39,2026-04-15T16:19:55Z
RAVI,75.31,2026-04-15T13:30:00Z
RAYA,0.6099,2026-04-15T19:59:41Z
RBA,103.76,2026-04-15T19:59:58Z
RBB,22.32,2026-04-15T19:59:31Z
RBBN,2.625,2026-04-15T19:59:57Z
RBC,587.155,2026-04-15T19:59:34Z
RBIL,50.165,2026-04-15T18:03:43Z
RBLD,85.24,2026-04-15T19:51:31Z
RBLU,13.03,2026-04-15T19:59:53Z
RBLX,59.785,2026-04-15T19:59:52Z
RBLY,18.24,2026-04-15T16:01:17Z
RBNE,1.91,2026-04-15T19:59:50Z
RBRK,51.34,2026-04-15T19:59:59Z
RBUF,30.2,2026-04-15T14:58:41Z
RC,1.7,2026-04-15T19:59:57Z
RC-E,11,2026-04-15T14:56:51Z
RCAT,13.05,2026-04-15T19:59:58Z
RCAX,12.72,2026-04-15T19:47:37Z
RCEL,5.16,2026-04-15T19:59:51Z
RCI,33.28,2026-04-15T19:59:55Z
RCKT,3.89,2026-04-15T19:59:58Z
RCKY,42.185,2026-04-15T19:59:22Z
RCL,282.27,2026-04-15T19:59:50Z
RCMT,29.78,2026-04-15T19:59:50Z
RCON,0.87,2026-04-15T17:34:02Z
RCT,0.6467,2026-04-15T19:59:50Z
RCUS,23.68,2026-04-15T19:59:39Z
RDCM,12.53,2026-04-15T18:22:00Z
RDDT,158.565,2026-04-15T19:59:52Z
RDFI,23.79,2026-04-15T19:53:55Z
RDGT,2.115,2026-04-15T19:59:48Z
RDIV,54.89,2026-04-15T19:59:50Z
RDN,34.53,2026-04-15T19:59:59Z
RDNT,58.24,2026-04-15T19:59:32Z
RDNW,6.56,2026-04-15T19:59:26Z
RDTE,28.485,2026-04-15T15:07:52Z
RDTL,20.1,2026-04-15T19:55:02Z
RDVI,27.25,2026-04-15T19:53:45Z
RDVT,38.94,2026-04-15T19:50:45Z
RDVY,73.495,2026-04-15T19:59:32Z
RDW,9.905,2026-04-15T19:59:57Z
RDWR,24.93,2026-04-15T19:57:08Z
RDWU,10.765,2026-04-15T19:04:16Z
RDY,12.955,2026-04-15T19:59:47Z
RDYY,22.19,2026-04-15T13:47:51Z
RDZN,1.205,2026-04-15T14:31:58Z
REAL,10.51,2026-04-15T19:59:57Z
REAX,2.62,2026-04-15T19:59:58Z
REBN,2.9,2026-04-15T18:57:29Z
RECS,41.43,2026-04-15T19:59:56Z
RECT,1.365,2026-04-15T19:59:40Z
REET,26.88,2026-04-15T19:59:06Z
REFI,11.955,2026-04-15T19:59:23Z
REFR,0.9162,2026-04-15T17:53:54Z
REG,79.53,2026-04-15T19:59:52Z
REGCO,22.49,2026-04-15T14:48:16Z
REGL,89.39,2026-04-15T19:43:52Z
REGN,753.975,2026-04-15T19:59:41Z
REI,1.305,2026-04-15T19:59:54Z
REKR,0.9453,2026-04-15T19:59:43Z
RELL,13.26,2026-04-15T19:58:59Z
RELX,35.68,2026-04-15T19:59:58Z
RELY,18.85,2026-04-15T19:59:59Z
REM,22.845,2026-04-15T19:57:58Z
REMC,20.82,2026-04-15T15:59:22Z
REMX,97.41,2026-04-15T19:59:40Z
RENT,5.255,2026-04-15T19:55:04Z
RENX,2.665,2026-04-15T19:59:53Z
REPL,2.3,2026-04-15T19:59:57Z
REPX,34.455,2026-04-15T19:59:42Z
RERE,4.89,2026-04-15T19:59:57Z
RES,7,2026-04-15T19:59:59Z
RESM,21.67,2026-04-15T15:59:37Z
RETL,8.31,2026-04-15T19:59:59Z
RETO,1.01,2026-04-15T19:59:51Z
REVB,1.26,2026-04-15T19:44:08Z
REW,9.82,2026-04-15T19:09:06Z
REX,42.945,2026-04-15T19:58:00Z
REXC,20.96,2026-04-15T19:57:04Z
REXR,35.69,2026-04-15T19:59:57Z
REYN,21.63,2026-04-15T19:59:58Z
REZ,87.865,2026-04-15T17:34:20Z
REZI,39.78,2026-04-15T19:59:53Z
RF,27.85,2026-04-15T19:59:59Z
RF-C,24.5,2026-04-15T14:40:36Z
RF-F,25.75,2026-04-15T14:29:38Z
RFCI,22.545,2026-04-15T19:58:57Z
RFG,59.07,2026-04-15T13:59:32Z
RFI,11.49,2026-04-15T19:53:06Z
RFIL,12.98,2026-04-15T19:58:02Z
RFIX,38.36,2026-04-15T16:20:47Z
RFL,1.23,2026-04-15T16:43:57Z
RFM,14.235,2026-04-15T18:19:52Z
RFMZ,12.9,2026-04-15T18:53:54Z
RGA,207.99,2026-04-15T19:59:29Z
RGC,29.515,2026-04-15T18:33:44Z
RGEN,131.93,2026-04-15T19:59:58Z
RGLD,270.01,2026-04-15T19:59:03Z
RGLO,31.09,2026-04-15T18:56:23Z
RGNX,9.36,2026-04-15T19:59:51Z
RGP,3.84,2026-04-15T19:59:56Z
RGR,42.285,2026-04-15T19:26:24Z
RGS,26.425,2026-04-15T16:18:09Z
RGTI,19.11,2026-04-15T19:59:59Z
RGTIW,8.74,2026-04-15T19:51:56Z
RGTU,24.49,2026-04-15T16:51:55Z
RGTX,25.93,2026-04-15T19:59:59Z
RGTZ,12.525,2026-04-15T19:58:21Z
RGYY,10.35,2026-04-15T16:09:52Z
RH,129.54,2026-04-15T19:59:57Z
RHI,27.61,2026-04-15T19:59:51Z
RHLD,150.815,2026-04-15T19:55:11Z
RHP,101.12,2026-04-15T19:59:03Z
RICK,24.73,2026-04-15T19:59:56Z
RIET,9.55,2026-04-15T18:52:07Z
RIFR,28.45,2026-04-15T17:49:58Z
RIG,6.15,2026-04-15T19:59:59Z
RIGL,32.02,2026-04-15T19:59:57Z
RIGS,22.99,2026-04-15T19:11:50Z
RILA,11.235,2026-04-15T18:18:37Z
RILY,7.75,2026-04-15T19:59:48Z
RILYG,23.44,2026-04-15T19:48:34Z
RILYL,12.55,2026-04-15T19:39:44Z
RILYP,12.26,2026-04-15T17:24:08Z
RILYT,18.335,2026-04-15T14:17:34Z
RILYZ,16.38,2026-04-15T18:36:06Z
RIME,1.075,2026-04-15T19:58:29Z
RING,84.33,2026-04-15T19:59:45Z
RINT,30.99,2026-04-15T13:50:16Z
RIO,98.57,2026-04-15T19:59:52Z
RIOT,17.425,2026-04-15T19:59:58Z
RIOX,28.125,2026-04-15T19:43:48Z
RISN,29.34,2026-04-15T17:13:47Z
RISR,36.17,2026-04-15T19:43:34Z
RITM,10.175,2026-04-15T19:59:40Z
RITM-B,25.14,2026-04-15T19:58:39Z
RITM-C,24.53,2026-04-15T19:25:26Z
RITM-D,24.99,2026-04-15T19:59:25Z
RITM-E,24.805,2026-04-15T15:18:05Z
RITM-F,24.985,2026-04-15T16:26:25Z
RITR,0.505,2026-04-15T19:59:50Z
RIV,11.49,2026-04-15T19:53:22Z
RIVN,16.41,2026-04-15T19:59:55Z
RJDI,28.08,2026-04-15T14:35:20Z
RJET,19.81,2026-04-15T19:59:55Z
RJF,155.82,2026-04-15T19:59:50Z
RKLB,73.625,2026-04-15T19:59:45Z
RKLX,33.07,2026-04-15T19:59:54Z
RKLZ,17.43,2026-04-15T19:59:54Z
RKNG,22.79,2026-04-15T19:59:45Z
RKT,15.55,2026-04-15T19:59:58Z
RL,369.7,2026-04-15T19:59:42Z
RLAY,15.49,2026-04-15T19:59:59Z
RLGT,7.9,2026-04-15T19:59:54Z
RLI,58.34,2026-04-15T19:59:43Z
RLJ,8.045,2026-04-15T19:59:57Z
RLMD,7.185,2026-04-15T19:59:44Z
RLTY,15.32,2026-04-15T19:44:47Z
RLX,2.175,2026-04-15T19:59:51Z
RLY,36.44,2026-04-15T19:08:26Z
RLYB,8.25,2026-04-15T19:58:48Z
RM,38.175,2026-04-15T19:58:03Z
RMAX,5.925,2026-04-15T19:59:07Z
RMBI,13.89,2026-04-15T18:18:23Z
RMBS,120.06,2026-04-15T19:59:59Z
RMCA,24.25,2026-04-15T19:55:00Z
RMCF,2.35,2026-04-15T19:52:00Z
RMD,228.84,2026-04-15T19:59:56Z
RMIF,24.31,2026-04-15T19:34:20Z
RMIX,13.06,2026-04-15T19:59:41Z
RMNI,3.56,2026-04-15T19:59:54Z
RMNY,24.595,2026-04-15T15:34:59Z
RMOP,25.17,2026-04-15T19:56:35Z
RMR,16.56,2026-04-15T19:59:41Z
RMSG,1.77,2026-04-15T19:59:54Z
RMT,12.895,2026-04-15T13:51:47Z
RMTI,0.8692,2026-04-15T16:24:22Z
RNA,14.53,2026-04-15T19:59:54Z
RNAC,6,2026-04-15T19:59:52Z
RNG,38.71,2026-04-15T19:59:52Z
RNGR,17.09,2026-04-15T19:59:34Z
RNP,20.65,2026-04-15T19:59:27Z
RNR,310.83,2026-04-15T19:58:31Z
RNST,39.43,2026-04-15T19:59:44Z
RNTX,1.76,2026-04-15T17:19:53Z
RNW,4.965,2026-04-15T19:59:56Z
RNXT,1.02,2026-04-15T19:59:11Z
ROAD,111.66,2026-04-15T19:59:55Z
ROBN,26.52,2026-04-15T19:54:50Z
ROBO,75.97,2026-04-15T16:47:40Z
ROBT,49.735,2026-04-15T19:43:38Z
ROCK,38.145,2026-04-15T19:59:10Z
ROCY,52.31,2026-04-15T19:38:39Z
RODM,41.1,2026-04-15T19:17:44Z
ROE,38.02,2026-04-15T19:59:45Z
ROG,117.43,2026-04-15T19:59:26Z
ROIV,29.385,2026-04-15T19:59:56Z
ROK,397.03,2026-04-15T19:59:31Z
ROKU,109.38,2026-04-15T19:59:54Z
ROL,54.35,2026-04-15T19:59:47Z
ROLR,5.945,2026-04-15T19:59:49Z
ROM,99.75,2026-04-15T19:59:51Z
ROMA,4.97,2026-04-15T18:32:25Z
RONB,23.81,2026-04-15T19:59:13Z
ROOT,51.85,2026-04-15T19:59:28Z
ROP,358.05,2026-04-15T19:59:53Z
ROSC,50.76,2026-04-15T15:26:47Z
ROST,224.13,2026-04-15T19:59:52Z
RPAR,22.935,2026-04-15T19:57:27Z
RPAY,3.16,2026-04-15T19:59:58Z
RPC,7.705,2026-04-15T19:59:54Z
RPD,5.77,2026-04-15T19:59:56Z
RPG,52.65,2026-04-15T19:56:22Z
RPGL,0.389,2026-04-15T19:56:00Z
RPID,2.355,2026-04-15T19:59:55Z
RPM,105.63,2026-04-15T19:59:57Z
RPRX,48.71,2026-04-15T19:59:46Z
RPT,14.34,2026-04-15T19:54:55Z
RPV,108.135,2026-04-15T19:50:19Z
RQI,12.92,2026-04-15T19:47:53Z
RR,2.405,2026-04-15T19:59:55Z
RRBI,95.12,2026-04-15T19:47:59Z
RRC,41.225,2026-04-15T19:59:57Z
RRGB,3.71,2026-04-15T19:58:55Z
RRR,56.59,2026-04-15T19:59:50Z
RRX,193.4,2026-04-15T19:59:58Z
RS,319.9,2026-04-15T19:59:46Z
RSDE,22.54,2026-04-15T18:57:33Z
RSEE,35.86,2026-04-15T18:23:27Z
RSG,210.88,2026-04-15T19:59:53Z
RSI,22.81,2026-04-15T19:59:54Z
RSKD,4.255,2026-04-15T19:59:56Z
RSP,199.715,2026-04-15T19:59:58Z
RSPC,39.05,2026-04-15T18:07:03Z
RSPD,56.84,2026-04-15T19:38:32Z
RSPF,76.28,2026-04-15T19:05:30Z
RSPG,100.76,2026-04-15T19:32:59Z
RSPH,30.98,2026-04-15T19:54:54Z
RSPM,39.29,2026-04-15T19:43:47Z
RSPN,59.99,2026-04-15T19:59:46Z
RSPS,29.19,2026-04-15T18:53:45Z
RSPT,49.63,2026-04-15T19:59:45Z
RSPU,81.66,2026-04-15T16:02:24Z
RSSB,29.43,2026-04-15T19:59:46Z
RSSE,22.09,2026-04-15T13:46:33Z
RSSS,2.41,2026-04-15T18:45:59Z
RSST,30.7,2026-04-15T16:41:36Z
RSSX,26.34,2026-04-15T13:30:02Z
RSVR,9.995,2026-04-15T18:52:17Z
RTAC,10.3,2026-04-15T19:58:45Z
RTO,34.345,2026-04-15T19:59:51Z
RTX,198.41,2026-04-15T19:59:58Z
RTXG,25.41,2026-04-15T19:40:13Z
RUBI,3.83,2026-04-15T18:10:19Z
RULE,26.1,2026-04-15T19:50:06Z
RUM,5.59,2026-04-15T19:59:58Z
RUN,12.09,2026-04-15T19:59:53Z
RUNN,33.46,2026-04-15T19:56:14Z
RUSC,34.54,2026-04-15T18:51:53Z
RUSHA,70,2026-04-15T19:59:44Z
RUSHB,70.96,2026-04-15T16:14:47Z
RVER,29.89,2026-04-15T18:58:53Z
RVI,25.28,2026-04-15T19:57:36Z
RVLV,25.03,2026-04-15T19:59:54Z
RVMD,152.58,2026-04-15T19:59:57Z
RVMDW,5.83,2026-04-15T19:19:56Z
RVNU,24.82,2026-04-15T18:54:23Z
RVPH,0.8834,2026-04-15T19:56:29Z
RVSB,5.56,2026-04-15T17:41:00Z
RVSN,8.59,2026-04-15T15:45:12Z
RVT,18.125,2026-04-15T17:55:40Z
RVTY,92.96,2026-04-15T19:59:49Z
RWAY,6.79,2026-04-15T19:59:55Z
RWJ,53.51,2026-04-15T18:19:14Z
RWK,136.15,2026-04-15T15:55:03Z
RWL,119.895,2026-04-15T19:53:21Z
RWLC,34.19,2026-04-15T19:57:36Z
RWM,14.95,2026-04-15T19:59:41Z
RWO,48.84,2026-04-15T19:43:44Z
RWR,107.35,2026-04-15T19:59:44Z
RWT,6.06,2026-04-15T19:59:55Z
RWT-A,24.39,2026-04-15T19:57:55Z
RWTN,25,2026-04-15T13:57:02Z
RWTP,24.465,2026-04-15T16:52:38Z
RWX,28.48,2026-04-15T13:46:43Z
RXO,16.48,2026-04-15T19:59:57Z
RXRX,3.74,2026-04-15T19:59:59Z
RXST,7.21,2026-04-15T19:59:55Z
RXT,1.23,2026-04-15T19:59:50Z
RY,175.98,2026-04-15T19:59:53Z
RYAAY,61.955,2026-04-15T19:59:44Z
RYAM,10.03,2026-04-15T19:58:41Z
RYAN,36.39,2026-04-15T19:59:57Z
RYDE,1.19,2026-04-15T19:58:21Z
RYLD,15.295,2026-04-15T19:59:46Z
RYM,25.4,2026-04-15T16:45:17Z
RYN,20.815,2026-04-15T19:59:59Z
RYTM,87.79,2026-04-15T19:59:59Z
RYZ,23.93,2026-04-15T19:59:06Z
RZLT,3.58,2026-04-15T19:59:55Z
RZLV,2.795,2026-04-15T19:59:51Z
RZLVW,1.18,2026-04-15T13:39:05Z
S,13.27,2026-04-15T19:59:55Z
SA,31.08,2026-04-15T19:59:50Z
SAAQ,10.17,2026-04-15T18:34:25Z
SABA,8.39,2026-04-15T19:56:27Z
SABR,1.76,2026-04-15T19:59:56Z
SABS,4.045,2026-04-15T19:59:27Z
SAC+,0.45,2026-04-15T15:48:56Z
SAFE,15.39,2026-04-15T19:57:14Z
SAFT,74.68,2026-04-15T14:45:31Z
SAFX,0.6197,2026-04-15T19:59:52Z
SAGP,35.84,2026-04-15T19:10:50Z
SAGT,1.85,2026-04-15T19:59:25Z
SAH,65.56,2026-04-15T19:58:35Z
SAIA,397.82,2026-04-15T19:59:45Z
SAIC,96.16,2026-04-15T19:59:49Z
SAIL,11.77,2026-04-15T19:59:54Z
SAM,244.38,2026-04-15T19:59:32Z
SAMG,13.735,2026-04-15T19:52:07Z
SAMT,41.74,2026-04-15T19:40:39Z
SAN,12.48,2026-04-15T19:59:59Z
SANA,3.44,2026-04-15T19:59:59Z
SANM,154.42,2026-04-15T19:58:46Z
SAP,172.975,2026-04-15T19:59:54Z
SAR,23.285,2026-04-15T19:32:40Z
SARK,28.73,2026-04-15T19:59:05Z
SARO,27.255,2026-04-15T19:59:49Z
SASS,24.5,2026-04-15T13:47:02Z
SATA,99.75,2026-04-15T19:58:43Z
SATG,21.2,2026-04-15T13:42:46Z
SATL,6.92,2026-04-15T19:59:59Z
SATLW,1.56,2026-04-15T19:54:39Z
SATS,131.39,2026-04-15T19:59:49Z
SB,6.52,2026-04-15T19:59:49Z
SBAC,214.275,2026-04-15T19:59:50Z
SBAR,25.44,2026-04-15T19:34:22Z
SBB,12.43,2026-04-15T19:58:01Z
SBC,4.35,2026-04-15T17:26:18Z
SBCF,32.25,2026-04-15T19:59:57Z
SBET,7.57,2026-04-15T19:59:54Z
SBEV,0.3499,2026-04-15T19:56:00Z
SBGI,16.245,2026-04-15T19:59:56Z
SBH,13.8,2026-04-15T19:59:54Z
SBI,7.84,2026-04-15T17:36:49Z
SBIL,100.22,2026-04-15T19:59:54Z
SBIO,56.69,2026-04-15T19:59:50Z
SBIT,45.94,2026-04-15T19:50:18Z
SBLK,24.64,2026-04-15T19:59:53Z
SBLX,2.6,2026-04-15T19:59:16Z
SBND,18.87,2026-04-15T19:59:46Z
SBR,73.865,2026-04-15T17:14:34Z
SBRA,20.48,2026-04-15T19:59:59Z
SBS,34,2026-04-15T19:59:58Z
SBSI,32.82,2026-04-15T18:53:32Z
SBSW,13.19,2026-04-15T19:59:59Z
SBTU,4.25,2026-04-15T19:59:50Z
SBUX,98.32,2026-04-15T19:59:55Z
SCC,14.79,2026-04-15T13:41:02Z
SCCO,189.3,2026-04-15T19:59:47Z
SCD,15.4,2026-04-15T17:22:03Z
SCDV,26.1,2026-04-15T17:42:01Z
SCE-N,23.83,2026-04-15T19:51:51Z
SCEC,25.17,2026-04-15T19:48:17Z
SCEP,24.61,2026-04-15T19:57:18Z
SCHA,31.395,2026-04-15T19:55:02Z
SCHB,27.03,2026-04-15T19:59:33Z
SCHC,50.09,2026-04-15T19:55:10Z
SCHD,30.64,2026-04-15T19:59:50Z
SCHE,35.38,2026-04-15T19:58:32Z
SCHF,26.51,2026-04-15T19:59:58Z
SCHG,32.1,2026-04-15T19:59:40Z
SCHH,22.87,2026-04-15T19:59:46Z
SCHI,22.84,2026-04-15T19:47:09Z
SCHJ,24.775,2026-04-15T19:58:57Z
SCHK,33.725,2026-04-15T19:57:45Z
SCHL,39.5,2026-04-15T19:59:45Z
SCHM,32.995,2026-04-15T19:59:46Z
SCHO,24.25,2026-04-15T18:35:50Z
SCHP,26.825,2026-04-15T19:59:54Z
SCHQ,31.51,2026-04-15T19:56:56Z
SCHR,24.925,2026-04-15T19:58:28Z
SCHV,31.69,2026-04-15T19:50:18Z
SCHW,100.28,2026-04-15T19:59:53Z
SCHW-D,24.94,2026-04-15T17:30:04Z
SCHX,27.585,2026-04-15T19:59:44Z
SCHY,32.7,2026-04-15T19:59:41Z
SCHZ,23.31,2026-04-15T19:59:59Z
SCI,80.585,2026-04-15T19:59:54Z
SCII,9.98,2026-04-15T14:46:45Z
SCIO,20.76,2026-04-15T19:55:26Z
SCKT,0.834,2026-04-15T14:58:40Z
SCL,50.22,2026-04-15T19:59:59Z
SCM,9.935,2026-04-15T19:59:58Z
SCMB,25.685,2026-04-15T19:59:21Z
SCMC,25.11,2026-04-15T19:57:23Z
SCNI,0.6,2026-04-15T16:29:54Z
SCNX,0.3817,2026-04-15T19:59:21Z
SCO,7.8,2026-04-15T19:59:56Z
SCOR,7.95,2026-04-15T19:55:15Z
SCSC,38.19,2026-04-15T19:59:35Z
SCUS,25.175,2026-04-15T19:59:45Z
SCVL,18.18,2026-04-15T19:59:46Z
SCWO,3.425,2026-04-15T19:59:10Z
SCYB,26.32,2026-04-15T19:59:50Z
SCYX,1.115,2026-04-15T19:59:46Z
SCZ,83.9,2026-04-15T19:59:51Z
SCZM,8.83,2026-04-15T19:59:50Z
SD,14.855,2026-04-15T19:59:56Z
SDA,1.665,2026-04-15T19:59:07Z
SDCI,27.54,2026-04-15T19:59:51Z
SDEV,1.57,2026-04-15T19:59:38Z
SDGR,12.39,2026-04-15T19:59:59Z
SDHC,13.85,2026-04-15T19:55:01Z
SDHY,16.125,2026-04-15T17:13:20Z
SDIV,26.1,2026-04-15T19:59:55Z
SDOG,65.17,2026-04-15T19:46:24Z
SDOW,30.685,2026-04-15T19:59:56Z
SDRL,45.98,2026-04-15T19:59:47Z
SDS,65.005,2026-04-15T19:59:42Z
SDST,2.77,2026-04-15T19:55:05Z
SDVD,22.725,2026-04-15T18:02:46Z
SDVY,41.45,2026-04-15T19:59:55Z
SDY,146.62,2026-04-15T19:59:51Z
SE,90.33,2026-04-15T19:59:52Z
SEA,17.31,2026-04-15T14:26:51Z
SEAT,7.345,2026-04-15T19:58:55Z
SEB,5618,2026-04-15T19:27:09Z
SECT,64.95,2026-04-15T18:02:34Z
SEDG,37.76,2026-04-15T19:59:54Z
SEEM,35.96,2026-04-15T17:10:00Z
SEER,1.97,2026-04-15T19:46:21Z
SEF,32.24,2026-04-15T19:56:36Z
SEG,22.58,2026-04-15T16:23:55Z
SEGG,0.5415,2026-04-15T19:59:10Z
SEI,66.08,2026-04-15T19:59:55Z
SEIC,80.015,2026-04-15T19:59:58Z
SEIE,34.71,2026-04-15T19:12:08Z
SEIM,49.63,2026-04-15T16:04:59Z
SEIQ,38.12,2026-04-15T19:21:41Z
SEIS,29.94,2026-04-15T19:12:52Z
SEIV,43.23,2026-04-15T19:12:52Z
SEIX,23.18,2026-04-15T14:31:15Z
SELV,32.35,2026-04-15T16:00:20Z
SELX,0.361,2026-04-15T19:54:28Z
SEM,16.385,2026-04-15T19:59:57Z
SEMG,25.75,2026-04-15T17:36:37Z
SEMR,11.95,2026-04-15T19:59:56Z
SEMY,16.98,2026-04-15T19:55:36Z
SENEA,155.8,2026-04-15T19:58:08Z
SENS,6.89,2026-04-15T19:59:41Z
SEPN,25.94,2026-04-15T19:59:51Z
SEPP,31.3,2026-04-15T17:10:00Z
SER,2.07,2026-04-15T19:58:50Z
SERA,2.18,2026-04-15T19:53:08Z
SERV,9.56,2026-04-15T19:59:59Z
SES,1.155,2026-04-15T19:59:56Z
SETM,37.2,2026-04-15T19:59:59Z
SEV,3.305,2026-04-15T19:59:31Z
SEVN,8.5,2026-04-15T19:54:27Z
SEZL,70.66,2026-04-15T19:59:50Z
SF,81.87,2026-04-15T19:59:54Z
SF-C,23.47,2026-04-15T18:33:57Z
SF-D,17.05,2026-04-15T16:25:54Z
SFBC,46.41,2026-04-15T18:54:03Z
SFBS,76.82,2026-04-15T19:59:49Z
SFD,28.01,2026-04-15T19:59:54Z
SFHG,2.48,2026-04-15T13:49:54Z
SFIX,3.63,2026-04-15T19:59:58Z
SFL,10.885,2026-04-15T19:59:55Z
SFLR,36.49,2026-04-15T19:08:45Z
SFM,74.94,2026-04-15T19:59:57Z
SFNC,20.54,2026-04-15T19:59:59Z
SFST,58.92,2026-04-15T19:58:05Z
SFTX,28.67,2026-04-15T18:56:28Z
SFY,135.89,2026-04-15T13:54:44Z
SG,6.59,2026-04-15T19:59:58Z
SGC,10.84,2026-04-15T19:59:41Z
SGDJ,96.09,2026-04-15T19:56:44Z
SGDM,80.43,2026-04-15T19:59:33Z
SGHC,11.215,2026-04-15T19:59:58Z
SGHT,3.905,2026-04-15T19:59:59Z
SGI,80.51,2026-04-15T19:59:53Z
SGLY,0.4121,2026-04-15T14:01:19Z
SGML,18.215,2026-04-15T19:59:52Z
SGMO,0.2784,2026-04-15T19:59:55Z
SGMT,6.075,2026-04-15T19:59:41Z
SGOL,45.68,2026-04-15T19:59:46Z
SGOV,100.525,2026-04-15T19:59:46Z
SGP,24.77,2026-04-15T19:59:53Z
SGRP,0.6074,2026-04-15T18:18:51Z
SGRT,30.85,2026-04-15T19:59:46Z
SGRY,13.21,2026-04-15T19:59:59Z
SGU,12.6,2026-04-15T19:20:30Z
SGVT,100.615,2026-04-15T19:52:10Z
SH,35.29,2026-04-15T19:59:59Z
SHAK,101.26,2026-04-15T19:59:54Z
SHAZ,36.76,2026-04-15T19:58:33Z
SHBI,19.43,2026-04-15T19:59:59Z
SHC,16.02,2026-04-15T19:59:56Z
SHE,136.4,2026-04-15T15:24:24Z
SHEL,89.845,2026-04-15T19:59:55Z
SHEN,15.52,2026-04-15T19:59:53Z
SHFS,0.9013,2026-04-15T19:43:45Z
SHG,66.01,2026-04-15T19:59:53Z
SHIM,5.14,2026-04-15T19:59:20Z
SHIP,14.57,2026-04-15T19:57:51Z
SHLD,74.59,2026-04-15T19:59:54Z
SHLS,7.22,2026-04-15T19:59:59Z
SHM,47.925,2026-04-15T19:55:13Z
SHMD,5.79,2026-04-15T19:59:36Z
SHMDW,1.53,2026-04-15T18:44:27Z
SHNY,14.72,2026-04-15T19:59:51Z
SHO,9.555,2026-04-15T19:59:58Z
SHOC,84.93,2026-04-15T17:41:19Z
SHOO,38.39,2026-04-15T19:59:51Z
SHOP,127.43,2026-04-15T19:59:51Z
SHPH,0.88,2026-04-15T19:38:51Z
SHPU,15.615,2026-04-15T19:50:00Z
SHV,110.225,2026-04-15T16:42:19Z
SHW,328.84,2026-04-15T19:59:58Z
SHY,82.51,2026-04-15T19:59:20Z
SHYD,22.67,2026-04-15T15:41:51Z
SHYG,42.61,2026-04-15T19:59:51Z
SHYL,44.72,2026-04-15T19:09:23Z
SHYM,22.155,2026-04-15T19:54:51Z
SI,15.18,2026-04-15T19:57:07Z
SIBN,14.49,2026-04-15T19:59:58Z
SID,1.355,2026-04-15T19:59:49Z
SIDU,4.89,2026-04-15T19:59:20Z
SIEB,1.925,2026-04-15T19:59:01Z
SIF,15.76,2026-04-15T19:57:41Z
SIFY,12.89,2026-04-15T19:08:56Z
SIG,92.71,2026-04-15T19:59:50Z
SIGA,4.7,2026-04-15T19:59:57Z
SIGI,80.625,2026-04-15T19:59:41Z
SIHY,45.39,2026-04-15T18:16:28Z
SII,144.44,2026-04-15T19:59:46Z
SIJ,9.2,2026-04-15T19:50:20Z
SIL,97.58,2026-04-15T19:59:50Z
SILA,25.135,2026-04-15T19:59:51Z
SILJ,31.895,2026-04-15T19:59:55Z
SILO,0.4011,2026-04-15T19:55:41Z
SIMO,139.03,2026-04-15T19:59:51Z
SINT,2.72,2026-04-15T19:54:26Z
SION,45.055,2026-04-15T19:59:57Z
SIRI,24.2,2026-04-15T19:59:55Z
SITC,5.34,2026-04-15T19:59:55Z
SITE,137.64,2026-04-15T19:59:46Z
SITM,455.14,2026-04-15T19:59:12Z
SIVR,75.48,2026-04-15T19:59:57Z
SIXG,76.51,2026-04-15T19:55:06Z
SIXP,32.54,2026-04-15T19:50:56Z
SIZE,166.99,2026-04-15T19:59:45Z
SJB,15.275,2026-04-15T19:48:13Z
SJM,93.545,2026-04-15T19:59:48Z
SJNK,25.165,2026-04-15T19:58:43Z
SJT,4.62,2026-04-15T19:59:46Z
SKBL,3.44,2026-04-15T18:21:07Z
SKE,32.14,2026-04-15T19:58:17Z
SKF,27.46,2026-04-15T18:51:22Z
SKIL,5.56,2026-04-15T19:55:25Z
SKIN,0.97,2026-04-15T19:59:40Z
SKK,2.3,2026-04-15T13:42:34Z
SKLZ,4.35,2026-04-15T19:59:50Z
SKM,36.345,2026-04-15T19:59:48Z
SKOR,48.835,2026-04-15T19:49:35Z
SKRE,7.58,2026-04-15T18:38:02Z
SKT,36.22,2026-04-15T19:59:59Z
SKWD,46.64,2026-04-15T19:59:54Z
SKY,75.67,2026-04-15T19:59:22Z
SKYE,0.7722,2026-04-15T19:52:44Z
SKYH,10.79,2026-04-15T19:57:53Z
SKYH+,0.95,2026-04-15T19:58:30Z
SKYQ,11.065,2026-04-15T19:59:29Z
SKYT,32.21,2026-04-15T19:59:50Z
SKYW,96.925,2026-04-15T19:58:42Z
SKYX,1.17,2026-04-15T19:59:59Z
SKYY,113.01,2026-04-15T17:41:26Z
SLAB,211.72,2026-04-15T19:58:27Z
SLB,52.43,2026-04-15T19:59:59Z
SLDB,8.33,2026-04-15T19:59:53Z
SLDE,18.39,2026-04-15T19:59:55Z
SLDP,3.265,2026-04-15T19:59:58Z
SLF,68.32,2026-04-15T19:59:53Z
SLG,41.67,2026-04-15T19:59:52Z
SLG-I,20.925,2026-04-15T19:45:00Z
SLGB,0.8914,2026-04-15T19:58:53Z
SLGN,40.575,2026-04-15T19:59:33Z
SLI,3.67,2026-04-15T19:59:55Z
SLJY,35.71,2026-04-15T19:50:46Z
SLM,21.39,2026-04-15T19:59:53Z
SLMT,0.8711,2026-04-15T19:59:52Z
SLN,7.275,2026-04-15T19:59:55Z
SLND,1.16,2026-04-15T19:59:50Z
SLNG,3.7,2026-04-15T19:22:24Z
SLNH,1.045,2026-04-15T19:59:58Z
SLNHP,7.95,2026-04-15T14:31:12Z
SLNO,52.57,2026-04-15T19:59:59Z
SLON,5.35,2026-04-15T19:59:45Z
SLP,14.62,2026-04-15T19:59:56Z
SLQD,50.535,2026-04-15T19:53:21Z
SLQT,0.7576,2026-04-15T19:59:57Z
SLRC,16.13,2026-04-15T19:59:48Z
SLS,4.895,2026-04-15T19:59:41Z
SLSN,1.085,2026-04-15T17:22:08Z
SLSR,10.19,2026-04-15T19:59:36Z
SLTY,27.43,2026-04-15T14:03:16Z
SLV,71.85,2026-04-15T19:59:55Z
SLVM,42.215,2026-04-15T19:49:54Z
SLVO,92.54,2026-04-15T19:55:53Z
SLVP,38.66,2026-04-15T19:54:02Z
SLVR,63.455,2026-04-15T19:55:28Z
SLX,99.63,2026-04-15T13:58:41Z
SLXN,1.035,2026-04-15T16:42:10Z
SLYG,103.93,2026-04-15T18:34:11Z
SLYV,99.51,2026-04-15T19:33:32Z
SM,27.335,2026-04-15T19:59:55Z
SMA,31.785,2026-04-15T19:59:40Z
SMAX,27.27,2026-04-15T14:38:40Z
SMBC,66.51,2026-04-15T19:58:34Z
SMBK,41.795,2026-04-15T19:59:54Z
SMBS,25.655,2026-04-15T19:59:46Z
SMC,29.86,2026-04-15T19:53:54Z
SMCI,27.3,2026-04-15T19:59:58Z
SMCL,2.4,2026-04-15T19:59:35Z
SMCO,28.8,2026-04-15T17:11:52Z
SMCX,11.89,2026-04-15T19:59:34Z
SMCY,6,2026-04-15T19:59:50Z
SMCZ,29.72,2026-04-15T19:52:50Z
SMDD,9.61,2026-04-15T18:01:45Z
SMDV,71.76,2026-04-15T19:59:50Z
SMFG,21.53,2026-04-15T19:59:45Z
SMG,62.64,2026-04-15T19:59:59Z
SMH,452.93,2026-04-15T19:59:57Z
SMHB,3.89,2026-04-15T18:09:50Z
SMHI,7.51,2026-04-15T19:59:56Z
SMHX,44.42,2026-04-15T19:13:37Z
SMIG,30.275,2026-04-15T18:42:33Z
SMIN,65.91,2026-04-15T18:02:05Z
SMJF,3.38,2026-04-15T19:57:55Z
SMLF,80.75,2026-04-15T19:58:14Z
SMLV,144.49,2026-04-15T19:59:54Z
SMMD,82.26,2026-04-15T19:53:20Z
SMMT,21.11,2026-04-15T19:59:53Z
SMMU,50.495,2026-04-15T19:58:06Z
SMOG,148.91,2026-04-15T15:44:50Z
SMOM,26.09,2026-04-15T18:03:34Z
SMOT,36.38,2026-04-15T17:05:54Z
SMP,36.83,2026-04-15T19:38:21Z
SMPL,11.72,2026-04-15T19:59:59Z
SMR,11.72,2026-04-15T19:59:59Z
SMRI,36.61,2026-04-15T17:57:10Z
SMRT,1.47,2026-04-15T19:59:52Z
SMST,48.2,2026-04-15T19:51:11Z
SMTC,93.3,2026-04-15T19:59:56Z
SMTH,25.98,2026-04-15T19:59:59Z
SMTI,19.89,2026-04-15T18:59:58Z
SMU,15.3,2026-04-15T19:56:47Z
SMUP,11.7,2026-04-15T19:59:41Z
SMWB,2.6,2026-04-15T19:59:54Z
SMX,5.23,2026-04-15T19:59:24Z
SMXT,0.5802,2026-04-15T13:37:27Z
SMYY,9.36,2026-04-15T19:22:30Z
SMZ,38.72,2026-04-15T16:48:19Z
SN,115.47,2026-04-15T19:59:54Z
SNA,368.115,2026-04-15T19:59:50Z
SNAG,8.07,2026-04-15T19:55:03Z
SNAL,0.886,2026-04-15T19:59:56Z
SNAP,6.03,2026-04-15T19:59:59Z
SNBR,2.27,2026-04-15T19:59:56Z
SNCY,17.765,2026-04-15T19:59:58Z
SND,4.905,2026-04-15T19:59:41Z
SNDA,35,2026-04-15T19:59:50Z
SNDK,891.27,2026-04-15T19:59:55Z
SNDL,1.53,2026-04-15T19:59:56Z
SNDR,27.34,2026-04-15T19:59:59Z
SNDU,41.79,2026-04-15T19:59:32Z
SNDX,24.28,2026-04-15T19:59:50Z
SNEX,102.31,2026-04-15T19:59:58Z
SNFCA,9.63,2026-04-15T17:10:17Z
SNGX,1.16,2026-04-15T19:57:52Z
SNN,34.22,2026-04-15T19:59:55Z
SNOU,14.9,2026-04-15T17:05:18Z
SNOW,144.51,2026-04-15T19:59:56Z
SNPE,63.99,2026-04-15T19:59:57Z
SNPS,438.4,2026-04-15T19:59:58Z
SNPX,24.295,2026-04-15T15:00:21Z
SNSE,26.85,2026-04-15T19:36:49Z
SNSR,41.215,2026-04-15T19:54:48Z
SNT,2.99,2026-04-15T18:39:46Z
SNTH,28.09,2026-04-15T19:34:15Z
SNTI,0.9473,2026-04-15T19:51:18Z
SNWV,18.355,2026-04-15T16:36:51Z
SNX,205.435,2026-04-15T19:59:46Z
SNXX,68.85,2026-04-15T19:59:59Z
SNY,48.02,2026-04-15T19:59:40Z
SNYR,0.5474,2026-04-15T19:56:36Z
SO,94.63,2026-04-15T19:59:49Z
SOAR,0.2547,2026-04-15T19:59:03Z
SOBO,32.39,2026-04-15T19:59:54Z
SOBR,0.7142,2026-04-15T19:59:59Z
SOC,12.945,2026-04-15T19:59:59Z
SOCL,46.885,2026-04-15T16:30:44Z
SOEZ,14.735,2026-04-15T19:02:02Z
SOFA,18.24,2026-04-15T19:17:12Z
SOFI,18.81,2026-04-15T19:59:56Z
SOFX,12.81,2026-04-15T19:39:10Z
SOHU,14.99,2026-04-15T19:59:21Z
SOJC,21.73,2026-04-15T16:04:15Z
SOJD,20.44,2026-04-15T19:30:09Z
SOJF,25.37,2026-04-15T17:09:20Z
SOLS,79.25,2026-04-15T19:59:49Z
SOLT,48.32,2026-04-15T19:51:25Z
SOLV,69.1,2026-04-15T19:59:50Z
SOLZ,8.65,2026-04-15T19:59:50Z
SOMN,51.22,2026-04-15T18:15:23Z
SON,55.2,2026-04-15T19:59:49Z
SONM,3.22,2026-04-15T13:32:13Z
SONO,13.86,2026-04-15T19:59:59Z
SONY,21.25,2026-04-15T19:59:56Z
SOPA,0.5101,2026-04-15T19:58:21Z
SOPH,5.035,2026-04-15T19:59:48Z
SOR,47.38,2026-04-15T13:41:52Z
SOS,1.11,2026-04-15T13:32:15Z
SOTK,4.05,2026-04-15T19:46:07Z
SOUN,7.86,2026-04-15T19:59:59Z
SOUX,20.26,2026-04-15T19:29:58Z
SOWG,0.2924,2026-04-15T19:48:17Z
SOXL,85.885,2026-04-15T19:59:59Z
SOXQ,72.73,2026-04-15T19:59:46Z
SOXS,20.94,2026-04-15T19:59:59Z
SOXX,401.85,2026-04-15T19:59:55Z
SOXY,72.81,2026-04-15T19:39:33Z
SOYB,24.42,2026-04-15T15:46:21Z
SPAB,25.7,2026-04-15T19:59:44Z
SPAI,4.35,2026-04-15T19:59:34Z
SPAQ,90.84,2026-04-15T19:59:14Z
SPB,79.18,2026-04-15T19:59:44Z
SPBO,29.225,2026-04-15T19:33:39Z
SPCB,8.9,2026-04-15T19:56:50Z
SPCE,2.84,2026-04-15T19:59:52Z
SPDN,9.25,2026-04-15T19:59:45Z
SPDW,48.875,2026-04-15T19:59:59Z
SPE,14.3,2026-04-15T19:59:20Z
SPEM,50.455,2026-04-15T19:59:55Z
SPEU,54.85,2026-04-15T19:50:04Z
SPFF,9.25,2026-04-15T18:13:28Z
SPFI,43.715,2026-04-15T19:58:13Z
SPG,201.6,2026-04-15T19:59:48Z
SPGI,430.68,2026-04-15T19:59:49Z
SPGM,81.34,2026-04-15T19:59:50Z
SPGP,115.19,2026-04-15T19:59:33Z
SPH,19.34,2026-04-15T19:55:56Z
SPHB,128.3,2026-04-15T19:52:50Z
SPHD,49.315,2026-04-15T19:59:49Z
SPHQ,79.42,2026-04-15T19:59:53Z
SPHR,132.43,2026-04-15T19:59:53Z
SPHY,23.55,2026-04-15T19:59:51Z
SPIB,33.67,2026-04-15T19:59:54Z
SPIP,26.155,2026-04-15T15:37:47Z
SPIR,20.6,2026-04-15T19:59:31Z
SPIT,29.84,2026-04-15T18:23:28Z
SPLB,22.54,2026-04-15T19:59:51Z
SPLS,50.48,2026-04-15T18:19:24Z
SPLV,73.975,2026-04-15T19:59:51Z
SPMA,25.19,2026-04-15T18:34:35Z
SPMB,22.48,2026-04-15T19:59:52Z
SPMC,10,2026-04-15T19:16:32Z
SPMD,62.55,2026-04-15T19:59:59Z
SPMO,126.63,2026-04-15T19:59:29Z
SPNT,22.785,2026-04-15T19:58:59Z
SPOG,9.22,2026-04-15T17:32:22Z
SPOK,11.065,2026-04-15T19:59:55Z
SPOT,531.34,2026-04-15T19:59:53Z
SPPP,16.72,2026-04-15T19:40:14Z
SPRC,3.36,2026-04-15T19:27:07Z
SPRE,20.835,2026-04-15T19:52:50Z
SPRO,2.635,2026-04-15T19:59:54Z
SPRU,4.11,2026-04-15T19:59:51Z
SPRX,42.74,2026-04-15T19:59:45Z
SPRY,8.03,2026-04-15T19:59:54Z
SPSB,30.085,2026-04-15T19:59:46Z
SPSC,55.25,2026-04-15T19:55:37Z
SPSK,18.085,2026-04-15T19:59:45Z
SPSM,51.41,2026-04-15T19:55:04Z
SPT,5.58,2026-04-15T19:59:55Z
SPTE,38.66,2026-04-15T13:54:12Z
SPTI,28.675,2026-04-15T19:59:52Z
SPTL,26.355,2026-04-15T19:59:23Z
SPTM,85.01,2026-04-15T19:59:45Z
SPTS,29.15,2026-04-15T19:59:54Z
SPUS,52.265,2026-04-15T19:59:46Z
SPUU,189.61,2026-04-15T18:01:45Z
SPWH,1.59,2026-04-15T19:59:55Z
SPWO,30.75,2026-04-15T19:59:51Z
SPWR,1.21,2026-04-15T19:59:59Z
SPXC,219.85,2026-04-15T19:59:57Z
SPXL,229.01,2026-04-15T19:59:45Z
SPXS,32.435,2026-04-15T19:59:57Z
SPXU,45.47,2026-04-15T19:59:50Z
SPXX,17.35,2026-04-15T19:58:57Z
SPY,699.75,2026-04-15T19:59:59Z
SPYD,45.73,2026-04-15T19:59:45Z
SPYG,109.35,2026-04-15T19:59:57Z
SPYI,52.1,2026-04-15T19:59:46Z
SPYM,82.37,2026-04-15T19:59:58Z
SPYT,17.11,2026-04-15T19:54:11Z
SPYU,27.5,2026-04-15T19:59:50Z
SPYV,58.4,2026-04-15T19:59:45Z
SPYX,57.31,2026-04-15T19:05:17Z
SQFT,3.89,2026-04-15T19:48:25Z
SQFTP,8.1,2026-04-15T16:33:15Z
SQM,87.51,2026-04-15T19:58:42Z
SQNS,2.64,2026-04-15T19:57:27Z
SQQQ,59.465,2026-04-15T19:59:58Z
SR,92.15,2026-04-15T19:59:35Z
SRAD,17.245,2026-04-15T19:59:57Z
SRBK,17.76,2026-04-15T19:42:47Z
SRCE,73.735,2026-04-15T19:53:42Z
SRE,95.45,2026-04-15T19:59:54Z
SRET,22.485,2026-04-15T19:56:36Z
SRFM,1.36,2026-04-15T19:59:54Z
SRG,2.535,2026-04-15T19:59:30Z
SRG-A,22.12,2026-04-15T17:08:14Z
SRI,6.59,2026-04-15T19:59:52Z
SRJN,25.07,2026-04-15T18:41:32Z
SRL,7.05,2026-04-15T16:21:05Z
SRLN,40.365,2026-04-15T19:59:53Z
SRPT,21.73,2026-04-15T19:59:56Z
SRRK,49.26,2026-04-15T19:59:55Z
SRS,42.41,2026-04-15T13:31:27Z
SRTA,4.49,2026-04-15T19:59:58Z
SRTS,4.49,2026-04-15T19:47:48Z
SRTY,30.855,2026-04-15T19:59:57Z
SRVR,34.215,2026-04-15T19:53:03Z
SRXH,0.1205,2026-04-15T19:59:47Z
SRZN,31.9,2026-04-15T19:59:28Z
SSB,97.97,2026-04-15T19:59:48Z
SSBI,13.66,2026-04-15T14:46:31Z
SSD,172.7,2026-04-15T19:59:21Z
SSG,20.735,2026-04-15T19:59:01Z
SSII,4.8,2026-04-15T15:55:20Z
SSK,11.59,2026-04-15T19:59:26Z
SSL,12.78,2026-04-15T19:59:51Z
SSM,6.04,2026-04-15T18:40:59Z
SSNC,71.46,2026-04-15T19:59:47Z
SSO,59.925,2026-04-15T19:59:44Z
SSP,4.8,2026-04-15T19:59:54Z
SSPY,91.26,2026-04-15T16:47:44Z
SSRM,31.14,2026-04-15T19:59:58Z
SSSS,12.9,2026-04-15T19:59:52Z
SST,2.13,2026-04-15T19:59:13Z
SSTI,6.74,2026-04-15T19:58:04Z
SSTK,17.78,2026-04-15T19:59:44Z
SSYS,8.52,2026-04-15T19:59:54Z
ST,38.775,2026-04-15T19:59:53Z
STAA,24.72,2026-04-15T19:59:50Z
STAG,38.45,2026-04-15T19:59:59Z
STAK,0.9185,2026-04-15T19:59:08Z
STBA,43.7,2026-04-15T19:59:27Z
STBF,25.44,2026-04-15T19:28:48Z
STC,65.28,2026-04-15T19:59:55Z
STCE,63.405,2026-04-15T18:03:12Z
STE,221.52,2026-04-15T19:59:42Z
STEL,37.58,2026-04-15T19:59:50Z
STEM,10.67,2026-04-15T19:53:22Z
STEP,54.6,2026-04-15T19:59:37Z
STEW,17.76,2026-04-15T19:46:03Z
STEX,1.09,2026-04-15T19:59:53Z
STFS,3.34,2026-04-15T13:50:19Z
STGW,6.65,2026-04-15T19:59:58Z
STHO,8.5,2026-04-15T19:58:02Z
STIM,1.385,2026-04-15T19:59:55Z
STIP,103.645,2026-04-15T19:59:18Z
STK,45.16,2026-04-15T16:26:27Z
STKE,1.095,2026-04-15T19:59:25Z
STKL,6.49,2026-04-15T19:59:59Z
STLA,8.29,2026-04-15T19:59:59Z
STLD,194.145,2026-04-15T19:59:42Z
STM,40.66,2026-04-15T19:59:59Z
STN,90.93,2026-04-15T19:59:15Z
STNE,14.92,2026-04-15T19:59:59Z
STNG,73.96,2026-04-15T19:58:30Z
STOK,35.6,2026-04-15T19:59:40Z
STOT,47.16,2026-04-15T19:59:45Z
STRA,80.45,2026-04-15T19:59:50Z
STRC,99.34,2026-04-15T19:59:45Z
STRD,75.72,2026-04-15T17:54:15Z
STRF,99.46,2026-04-15T19:26:33Z
STRK,75.39,2026-04-15T19:22:00Z
STRL,456.26,2026-04-15T19:59:57Z
STRO,29.77,2026-04-15T19:57:47Z
STRS,30.105,2026-04-15T19:19:58Z
STRT,76.465,2026-04-15T19:57:02Z
STRV,44.79,2026-04-15T13:44:57Z
STRW,13.13,2026-04-15T16:15:52Z
STRZ,16.735,2026-04-15T19:59:54Z
STSS,1.84,2026-04-15T19:59:52Z
STT,142.75,2026-04-15T19:59:50Z
STT-G,22.29,2026-04-15T18:34:33Z
STTK,7.175,2026-04-15T19:59:51Z
STUB,7.14,2026-04-15T19:59:57Z
STVN,14.685,2026-04-15T19:58:35Z
STWD,18.15,2026-04-15T19:59:55Z
STX,520.05,2026-04-15T19:59:44Z
STXG,51.29,2026-04-15T18:32:43Z
STXK,35.46,2026-04-15T16:31:31Z
STXS,2,2026-04-15T19:59:57Z
STXV,35.8,2026-04-15T14:15:00Z
STZ,163.97,2026-04-15T19:59:42Z
SU,62.95,2026-04-15T19:59:54Z
SUB,106.59,2026-04-15T19:59:51Z
SUI,128.635,2026-04-15T19:59:49Z
SUIG,1.445,2026-04-15T19:59:55Z
SUIS,25.14,2026-04-15T19:55:00Z
SUN,63.33,2026-04-15T19:59:50Z
SUNB,67.85,2026-04-15T19:59:52Z
SUNC,60.37,2026-04-15T19:59:53Z
SUNE,1.635,2026-04-15T19:58:04Z
SUNS,7.975,2026-04-15T19:59:04Z
SUPN,49.95,2026-04-15T19:59:30Z
SUPV,9.74,2026-04-15T19:59:42Z
SUPX,9.26,2026-04-15T19:59:35Z
SURG,0.5549,2026-04-15T19:59:51Z
SUSA,140.64,2026-04-15T17:12:47Z
SUSB,25.105,2026-04-15T19:51:44Z
SUSC,23.28,2026-04-15T19:58:38Z
SUSL,122.01,2026-04-15T16:40:26Z
SUUN,0.7255,2026-04-15T19:55:30Z
SUZ,9.55,2026-04-15T19:59:58Z
SVAC,10.505,2026-04-15T19:59:55Z
SVACW,1.68,2026-04-15T19:59:56Z
SVAL,37.93,2026-04-15T17:17:39Z
SVC,1.39,2026-04-15T19:59:57Z
SVCO,8.32,2026-04-15T19:59:58Z
SVIV,9.92,2026-04-15T17:07:14Z
SVIX,18.74,2026-04-15T19:59:44Z
SVM,12.35,2026-04-15T19:59:55Z
SVOL,15.985,2026-04-15T19:57:16Z
SVRA,5.88,2026-04-15T19:59:58Z
SVRE,3.36,2026-04-15T19:07:14Z
SVV,8.29,2026-04-15T19:59:52Z
SVXY,50.11,2026-04-15T19:59:58Z
SW,41.38,2026-04-15T19:59:58Z
SWAG,1.7,2026-04-15T15:54:20Z
SWAN,32.33,2026-04-15T17:11:44Z
SWBI,14.81,2026-04-15T19:59:49Z
SWIM,6.035,2026-04-15T19:59:47Z
SWK,67.19,2026-04-15T19:59:50Z
SWKS,57.93,2026-04-15T19:59:49Z
SWMR,40.89,2026-04-15T19:58:53Z
SWX,91.03,2026-04-15T19:59:53Z
SWZ,6.07,2026-04-15T16:24:22Z
SXC,6.25,2026-04-15T19:59:57Z
SXI,266.71,2026-04-15T19:54:33Z
SXQG,31.48,2026-04-15T19:59:45Z
SXT,91.88,2026-04-15T19:59:23Z
SXTP,1.965,2026-04-15T19:58:21Z
SY,2.73,2026-04-15T19:59:55Z
SYBT,71.48,2026-04-15T19:55:10Z
SYF,76.03,2026-04-15T19:59:54Z
SYF-B,26.4,2026-04-15T17:35:14Z
SYFI,35.805,2026-04-15T19:54:21Z
SYK,341.27,2026-04-15T19:59:58Z
SYM,58.83,2026-04-15T19:59:41Z
SYNA,77.685,2026-04-15T19:59:54Z
SYNX,1,2026-04-15T18:54:57Z
SYPR,3.35,2026-04-15T13:38:16Z
SYRE,69.02,2026-04-15T19:59:50Z
SYSB,89.41,2026-04-15T19:59:50Z
SYY,74.11,2026-04-15T19:59:54Z
T,25.47,2026-04-15T19:59:58Z
T-A,20.1,2026-04-15T18:00:45Z
T-C,18.81,2026-04-15T16:10:32Z
TAC,13.66,2026-04-15T19:59:53Z
TAFI,25.17,2026-04-15T19:59:59Z
TAFL,24.94,2026-04-15T15:01:10Z
TAGG,42.87,2026-04-15T18:07:28Z
TAIL,11.16,2026-04-15T19:58:16Z
TAK,17.86,2026-04-15T19:59:56Z
TAL,11.79,2026-04-15T19:59:50Z
TALK,5.165,2026-04-15T19:59:53Z
TALO,14.38,2026-04-15T19:59:53Z
TAN,55.29,2026-04-15T19:59:54Z
TANH,0.3074,2026-04-15T19:57:28Z
TAOX,4.56,2026-04-15T17:11:36Z
TAP,44.305,2026-04-15T19:59:46Z
TARA,5.21,2026-04-15T19:59:47Z
TARK,44.635,2026-04-15T14:00:55Z
TARS,71.8,2026-04-15T19:59:50Z
TASK,7.025,2026-04-15T19:59:56Z
TATT,42.55,2026-04-15T19:59:47Z
TAVIR,0.0999,2026-04-15T19:55:13Z
TAXE,51.04,2026-04-15T19:15:13Z
TAXS,50.36,2026-04-15T19:34:04Z
TAXX,50.56,2026-04-15T19:09:31Z
TAYD,53.9,2026-04-15T15:46:06Z
TBB,22.03,2026-04-15T14:18:11Z
TBBB,35,2026-04-15T19:59:49Z
TBBK,59.77,2026-04-15T19:59:53Z
TBCH,10.93,2026-04-15T19:59:45Z
TBF,24.17,2026-04-15T19:59:30Z
TBG,35.48,2026-04-15T14:15:00Z
TBH,0.5166,2026-04-15T19:59:43Z
TBI,3.995,2026-04-15T19:58:05Z
TBIL,49.925,2026-04-15T19:59:25Z
TBLA,3.615,2026-04-15T19:59:56Z
TBLD,22.07,2026-04-15T17:00:49Z
TBLL,105.72,2026-04-15T18:09:36Z
TBN,35.765,2026-04-15T19:59:34Z
TBPH,16.63,2026-04-15T19:59:59Z
TBRG,22.18,2026-04-15T19:59:46Z
TBT,34.8,2026-04-15T19:57:21Z
TBUX,49.835,2026-04-15T19:52:40Z
TCAF,38.52,2026-04-15T19:52:50Z
TCAI,40.75,2026-04-15T16:43:45Z
TCAL,22.95,2026-04-15T19:59:54Z
TCBI,103.135,2026-04-15T19:56:17Z
TCBIO,21.99,2026-04-15T17:15:16Z
TCBK,50.2,2026-04-15T19:52:12Z
TCBX,41.12,2026-04-15T18:47:24Z
TCHI,23.04,2026-04-15T17:42:11Z
TCHP,49.12,2026-04-15T19:57:28Z
TCMD,25.32,2026-04-15T19:59:47Z
TCOM,54.14,2026-04-15T19:59:56Z
TCPA,24.27,2026-04-15T19:28:43Z
TCPB,51.14,2026-04-15T19:29:21Z
TCPC,4.36,2026-04-15T19:59:54Z
TCRX,1.065,2026-04-15T19:59:46Z
TCX,16.725,2026-04-15T19:38:07Z
TD,103.99,2026-04-15T19:59:49Z
TDAQ,25.34,2026-04-15T19:12:19Z
TDAX,22.4,2026-04-15T16:40:41Z
TDAY,7.4,2026-04-15T19:59:56Z
TDC,26.675,2026-04-15T19:59:51Z
TDF,11.26,2026-04-15T19:52:14Z
TDG,1274.37,2026-04-15T19:59:55Z
TDI,44.14,2026-04-15T19:59:35Z
TDIC,0.132,2026-04-15T19:59:27Z
TDIV,101.4,2026-04-15T19:56:03Z
TDOC,5.54,2026-04-15T19:59:56Z
TDS,44.67,2026-04-15T19:59:54Z
TDS-U,21.63,2026-04-15T16:17:25Z
TDSB,24.73,2026-04-15T19:59:50Z
TDSC,26.63,2026-04-15T19:59:50Z
TDTF,24.255,2026-04-15T17:42:05Z
TDTH,0.0989,2026-04-15T19:51:28Z
TDTT,24.33,2026-04-15T19:59:39Z
TDUP,4.23,2026-04-15T19:59:58Z
TDVG,46.58,2026-04-15T19:59:45Z
TDVI,28.595,2026-04-15T19:59:34Z
TDW,83.7,2026-04-15T19:59:51Z
TDY,634.32,2026-04-15T19:59:49Z
TE,5.34,2026-04-15T19:59:56Z
TEAD,0.7248,2026-04-15T19:59:36Z
TEAM,66,2026-04-15T19:59:59Z
TEC,28.88,2026-04-15T19:59:50Z
TECB,60.41,2026-04-15T19:15:05Z
TECH,58.505,2026-04-15T19:59:58Z
TECK,58.335,2026-04-15T19:59:54Z
TECL,123.66,2026-04-15T19:59:04Z
TECS,14.16,2026-04-15T19:59:50Z
TECX,29.72,2026-04-15T19:59:31Z
TEI,6.59,2026-04-15T19:59:51Z
TEKX,49.06,2026-04-15T18:13:58Z
TEL,234.235,2026-04-15T19:59:50Z
TEM,56.445,2026-04-15T19:59:54Z
TEMT,25.48,2026-04-15T18:19:36Z
TEN,38.77,2026-04-15T19:58:56Z
TENB,18.94,2026-04-15T19:59:55Z
TEND,25.97,2026-04-15T18:01:48Z
TENX,14,2026-04-15T19:59:22Z
TEO,11.85,2026-04-15T19:59:32Z
TER,364.835,2026-04-15T19:59:58Z
TERG,52.93,2026-04-15T17:02:42Z
TERN,52.7,2026-04-15T19:59:59Z
TESL,13.81,2026-04-15T18:20:24Z
TETH,11.87,2026-04-15T19:59:53Z
TEVA,31.605,2026-04-15T19:59:54Z
TEX,58.69,2026-04-15T19:59:50Z
TEXU,38.295,2026-04-15T18:02:22Z
TFC,49.6,2026-04-15T19:59:58Z
TFC-O,21.705,2026-04-15T19:17:24Z
TFFI,19.83,2026-04-15T15:52:24Z
TFI,45.56,2026-04-15T19:59:52Z
TFII,122.78,2026-04-15T19:58:50Z
TFIN,62.47,2026-04-15T19:57:01Z
TFJL,19.61,2026-04-15T19:59:46Z
TFLO,50.555,2026-04-15T19:26:52Z
TFLR,50.76,2026-04-15T19:59:50Z
TFPM,35.6,2026-04-15T19:59:45Z
TFPN,30,2026-04-15T17:47:38Z
TFSL,14.63,2026-04-15T19:59:58Z
TFX,126.05,2026-04-15T19:59:26Z
TG,8.75,2026-04-15T19:59:54Z
TGB,7.52,2026-04-15T19:59:58Z
TGE,1.07,2026-04-15T14:41:17Z
TGEN,3.92,2026-04-15T19:59:50Z
TGL,3.84,2026-04-15T16:53:29Z
TGLS,43.84,2026-04-15T19:56:39Z
TGRT,43.55,2026-04-15T16:38:04Z
TGRW,44.82,2026-04-15T14:21:09Z
TGS,31.02,2026-04-15T19:59:46Z
TGT,122.875,2026-04-15T19:59:58Z
TGTX,34.59,2026-04-15T19:59:46Z
TH,14.86,2026-04-15T19:59:55Z
THC,193.54,2026-04-15T19:59:49Z
THCH,2.12,2026-04-15T15:24:33Z
THD,71.965,2026-04-15T19:59:53Z
THFF,66.375,2026-04-15T19:59:02Z
THG,177.22,2026-04-15T19:59:33Z
THH,0.4101,2026-04-15T19:59:52Z
THLV,31.59,2026-04-15T19:58:01Z
THM,2.56,2026-04-15T19:59:54Z
THO,76.135,2026-04-15T19:59:37Z
THQ,18.05,2026-04-15T18:49:09Z
THR,53.92,2026-04-15T19:59:25Z
THRM,28.63,2026-04-15T19:59:35Z
THRO,39.425,2026-04-15T19:55:03Z
THRY,3.37,2026-04-15T19:59:57Z
THTA,15.56,2026-04-15T18:25:30Z
THW,12.72,2026-04-15T19:40:34Z
TIC,7.63,2026-04-15T19:59:58Z
TIGO,77.86,2026-04-15T19:59:32Z
TIGR,7.235,2026-04-15T19:59:55Z
TII,2.85,2026-04-15T19:59:50Z
TIIV,29.39,2026-04-15T19:13:42Z
TIL,8.87,2026-04-15T19:19:37Z
TILE,27.1,2026-04-15T19:59:53Z
TILL,17.57,2026-04-15T19:54:59Z
TILT,257.42,2026-04-15T19:50:06Z
TIMB,27.325,2026-04-15T19:59:59Z
TIME,24.69,2026-04-15T13:36:54Z
TIP,111.42,2026-04-15T19:59:57Z
TIPT,17.23,2026-04-15T19:59:59Z
TIPX,19.265,2026-04-15T19:52:05Z
TIPZ,53.47,2026-04-15T17:53:22Z
TITN,19.32,2026-04-15T19:58:40Z
TIVC,1.03,2026-04-15T19:59:56Z
TJUL,29.83,2026-04-15T14:17:02Z
TJX,160.24,2026-04-15T19:59:59Z
TK,12.575,2026-04-15T19:59:52Z
TKC,6.45,2026-04-15T19:57:42Z
TKNO,2.745,2026-04-15T19:58:10Z
TKO,193.08,2026-04-15T19:59:50Z
TKR,103.735,2026-04-15T19:59:59Z
TLF,2.33,2026-04-15T14:08:35Z
TLG,26.29,2026-04-15T16:17:36Z
TLH,101.025,2026-04-15T19:59:56Z
TLK,18.385,2026-04-15T19:59:55Z
TLN,353.3,2026-04-15T19:59:39Z
TLPH,0.8294,2026-04-15T19:54:10Z
TLRY,6.97,2026-04-15T19:59:55Z
TLS,4.43,2026-04-15T19:59:53Z
TLSA,1.33,2026-04-15T19:59:38Z
TLSI,4.48,2026-04-15T19:59:19Z
TLT,86.825,2026-04-15T19:59:55Z
TLTW,22.555,2026-04-15T19:59:24Z
TLX,10.66,2026-04-15T19:59:51Z
TLYS,5.18,2026-04-15T19:59:53Z
TM,213.32,2026-04-15T19:58:58Z
TMAR,25.12,2026-04-15T16:45:00Z
TMAT,25.3,2026-04-15T19:59:50Z
TMB,25.64,2026-04-15T19:53:28Z
TMC,5.13,2026-04-15T19:59:53Z
TMCI,2.24,2026-04-15T19:59:50Z
TMCR,15.195,2026-04-15T19:56:59Z
TMCWW,0.4544,2026-04-15T14:40:00Z
TMDE,1.26,2026-04-15T19:59:50Z
TMDX,116.17,2026-04-15T19:59:59Z
TME,9.895,2026-04-15T19:59:59Z
TMET,32.22,2026-04-15T15:53:18Z
TMF,36.47,2026-04-15T19:57:47Z
TMFC,71.86,2026-04-15T15:12:02Z
TMFG,30.24,2026-04-15T18:25:26Z
TMFM,21.22,2026-04-15T17:31:59Z
TMHC,57.74,2026-04-15T19:59:53Z
TMO,531.515,2026-04-15T19:59:59Z
TMP,83.53,2026-04-15T16:11:52Z
TMQ,4.32,2026-04-15T19:59:58Z
TMSL,39.395,2026-04-15T19:30:03Z
TMUS,190.18,2026-04-15T19:59:57Z
TMUSL,24.83,2026-04-15T19:08:06Z
TMUSZ,22.02,2026-04-15T19:50:33Z
TMV,36.94,2026-04-15T19:59:47Z
TNA,56.21,2026-04-15T19:59:54Z
TNC,78.2,2026-04-15T19:58:26Z
TNDM,20.635,2026-04-15T19:59:51Z
TNET,38.28,2026-04-15T19:59:50Z
TNGX,25.33,2026-04-15T19:59:57Z
TNGY,9.93,2026-04-15T18:35:37Z
TNK,74.69,2026-04-15T19:59:57Z
TNL,78.445,2026-04-15T19:59:58Z
TNMG,1.29,2026-04-15T19:55:43Z
TNXP,14.39,2026-04-15T19:59:05Z
TNYA,0.7635,2026-04-15T19:36:04Z
TOGA,29.98,2026-04-15T16:58:08Z
TOI,3.425,2026-04-15T19:59:46Z
TOL,140.15,2026-04-15T19:59:49Z
TOLZ,60.23,2026-04-15T19:24:56Z
TONX,2.53,2026-04-15T19:59:51Z
TOP,0.7912,2026-04-15T13:44:10Z
TOPS,2.99,2026-04-15T16:28:35Z
TOPT,31.24,2026-04-15T19:53:40Z
TOPW,37.8,2026-04-15T19:52:13Z
TORO,3.9,2026-04-15T19:52:20Z
TOST,28.17,2026-04-15T19:59:58Z
TOTL,39.875,2026-04-15T19:57:01Z
TOUS,36.79,2026-04-15T17:34:31Z
TOVX,0.2572,2026-04-15T19:51:23Z
TOWN,35.39,2026-04-15T19:59:59Z
TOXR,13.7,2026-04-15T19:59:11Z
TOYO,11.75,2026-04-15T19:59:31Z
TPB,81,2026-04-15T19:59:44Z
TPC,86.26,2026-04-15T19:59:09Z
TPCS,3.7,2026-04-15T18:15:30Z
TPET,0.5086,2026-04-15T19:59:58Z
TPG,43.94,2026-04-15T19:59:55Z
TPGXL,25.06,2026-04-15T16:48:35Z
TPH,46.78,2026-04-15T19:59:57Z
TPHD,41.48,2026-04-15T19:59:51Z
TPIF,37.79,2026-04-15T16:40:02Z
TPL,417.44,2026-04-15T19:59:35Z
TPOR,33.465,2026-04-15T19:50:14Z
TPR,151.485,2026-04-15T19:59:50Z
TPST,2.12,2026-04-15T19:55:17Z
TPVG,5.35,2026-04-15T19:59:55Z
TPYP,40.97,2026-04-15T19:55:45Z
TQQQ,55.655,2026-04-15T19:59:59Z
TQQY,13.255,2026-04-15T18:59:59Z
TR,42.545,2026-04-15T19:33:38Z
TRAK,7.99,2026-04-15T19:59:27Z
TRAW,1.27,2026-04-15T19:55:28Z
TRC,19.37,2026-04-15T18:11:42Z
TRDA,13.97,2026-04-15T19:59:55Z
TREE,45.52,2026-04-15T19:59:45Z
TREX,40.875,2026-04-15T19:59:53Z
TRFK,72.055,2026-04-15T18:49:51Z
TRFM,52.17,2026-04-15T18:13:51Z
TRGP,238.71,2026-04-15T19:59:42Z
TRI,92.41,2026-04-15T19:59:54Z
TRIB,0.6936,2026-04-15T17:57:59Z
TRIN,15.66,2026-04-15T19:59:55Z
TRIP,11.47,2026-04-15T19:59:59Z
TRMB,66.76,2026-04-15T19:59:55Z
TRMD,30.29,2026-04-15T19:59:47Z
TRMK,44.21,2026-04-15T19:59:39Z
TRN,33.5,2026-04-15T19:59:53Z
TRNO,65.725,2026-04-15T19:58:40Z
TRNR,1.2,2026-04-15T19:21:20Z
TRNS,78.9,2026-04-15T17:15:47Z
TRON,2.44,2026-04-15T19:59:51Z
TROO,2.375,2026-04-15T19:30:23Z
TROW,96.13,2026-04-15T19:59:51Z
TROX,9.27,2026-04-15T19:59:59Z
TRP,60.915,2026-04-15T19:59:50Z
TRS,37.7,2026-04-15T19:59:44Z
TRST,46.34,2026-04-15T19:31:36Z
TRT,6.845,2026-04-15T19:12:23Z
TRTN-D,23.355,2026-04-15T13:53:14Z
TRTX,8.29,2026-04-15T19:59:56Z
TRU,74.86,2026-04-15T19:59:53Z
TRUD,26.08,2026-04-15T16:48:36Z
TRUG,3.21,2026-04-15T19:19:57Z
TRUP,27.235,2026-04-15T19:59:34Z
TRUT,26.89,2026-04-15T19:52:50Z
TRV,299.33,2026-04-15T19:59:48Z
TRVG,2.75,2026-04-15T19:58:50Z
TRVI,14.27,2026-04-15T19:59:56Z
TRX,1.455,2026-04-15T19:59:50Z
TS,57.885,2026-04-15T19:59:50Z
TSAT,47.11,2026-04-15T19:46:36Z
TSBK,41.155,2026-04-15T19:17:33Z
TSCO,44.735,2026-04-15T19:59:59Z
TSDD,9.09,2026-04-15T19:59:38Z
TSEM,215.8,2026-04-15T19:59:39Z
TSHA,5.99,2026-04-15T19:59:58Z
TSI,4.555,2026-04-15T14:23:29Z
TSII,18.72,2026-04-15T18:39:41Z
TSL,15.48,2026-04-15T19:59:30Z
TSLA,392,2026-04-15T19:59:58Z
TSLG,6.55,2026-04-15T19:59:51Z
TSLL,13.29,2026-04-15T19:59:59Z
TSLQ,21.39,2026-04-15T19:59:55Z
TSLR,22.62,2026-04-15T19:59:47Z
TSLS,56.64,2026-04-15T19:55:56Z
TSLT,18.57,2026-04-15T19:59:41Z
TSLW,24.465,2026-04-15T19:56:18Z
TSLX,19.23,2026-04-15T19:59:59Z
TSLY,30.57,2026-04-15T19:59:53Z
TSLZ,13.795,2026-04-15T19:59:55Z
TSM,375.28,2026-04-15T19:59:58Z
TSME,45.2,2026-04-15T15:54:40Z
TSMG,33.31,2026-04-15T16:59:50Z
TSMU,61.23,2026-04-15T18:06:35Z
TSMX,70.02,2026-04-15T19:57:08Z
TSMY,16.4,2026-04-15T19:59:41Z
TSMZ,9.33,2026-04-15T15:35:18Z
TSN,63.375,2026-04-15T19:59:54Z
TSNF,26.88,2026-04-15T13:36:07Z
TSPA,44.22,2026-04-15T19:59:05Z
TSPY,24.6,2026-04-15T19:25:06Z
TSQ,6.665,2026-04-15T19:59:46Z
TSSD,24.81,2026-04-15T18:40:45Z
TSSI,14.18,2026-04-15T19:59:51Z
TSXD,12.4,2026-04-15T16:34:42Z
TSXU,35.55,2026-04-15T16:52:45Z
TSYY,3.385,2026-04-15T18:17:20Z
TT,462.62,2026-04-15T19:59:58Z
TTAM,16.02,2026-04-15T19:59:48Z
TTAN,61.935,2026-04-15T19:59:53Z
TTC,92.8,2026-04-15T19:59:49Z
TTD,22.36,2026-04-15T19:59:59Z
TTDU,4.63,2026-04-15T19:59:53Z
TTE,87.035,2026-04-15T19:59:57Z
TTEC,3.04,2026-04-15T19:59:58Z
TTEK,31.665,2026-04-15T19:59:52Z
TTEQ,34.945,2026-04-15T19:59:40Z
TTGT,4.15,2026-04-15T19:59:51Z
TTI,8.52,2026-04-15T19:59:55Z
TTMI,116.68,2026-04-15T19:59:56Z
TTOP,17.72,2026-04-15T19:01:01Z
TTRX,3.29,2026-04-15T17:08:55Z
TTWO,214.19,2026-04-15T19:59:38Z
TTXD,28.12,2026-04-15T17:23:05Z
TTXU,19.64,2026-04-15T14:25:21Z
TU,12.32,2026-04-15T19:59:56Z
TUA,21.175,2026-04-15T19:59:40Z
TUR,42.615,2026-04-15T19:59:11Z
TURB,2.01,2026-04-15T19:59:49Z
TUSI,25.365,2026-04-15T19:52:39Z
TUSK,2.72,2026-04-15T19:59:58Z
TUYA,2.435,2026-04-15T19:59:35Z
TV,3.13,2026-04-15T19:59:52Z
TVAL,38.06,2026-04-15T17:59:43Z
TVC,24.41,2026-04-15T19:45:54Z
TVRD,3.46,2026-04-15T19:47:00Z
TVTX,40.94,2026-04-15T19:59:52Z
TW,120.695,2026-04-15T19:59:53Z
TWAV,1.65,2026-04-15T19:59:05Z
TWFG,18.51,2026-04-15T19:59:23Z
TWG,3.72,2026-04-15T19:58:57Z
TWI,8.11,2026-04-15T19:59:55Z
TWIN,17.035,2026-04-15T19:09:17Z
TWLO,134.11,2026-04-15T19:59:49Z
TWM,26.22,2026-04-15T19:59:29Z
TWO,11.12,2026-04-15T19:59:53Z
TWO-A,24.68,2026-04-15T14:03:56Z
TWO-B,24.62,2026-04-15T17:01:00Z
TWO-C,24.9,2026-04-15T19:51:59Z
TWOX,28.01,2026-04-15T19:59:55Z
TWST,57.61,2026-04-15T19:59:57Z
TX,42.62,2026-04-15T19:58:53Z
TXG,25.365,2026-04-15T19:59:51Z
TXMD,2.12,2026-04-15T16:01:12Z
TXN,216.315,2026-04-15T19:59:54Z
TXNM,59.03,2026-04-15T19:59:59Z
TXO,11.9,2026-04-15T19:59:56Z
TXRH,163.01,2026-04-15T19:59:57Z
TXT,90.46,2026-04-15T19:59:46Z
TXXS,5.05,2026-04-15T19:27:40Z
TY,33.6,2026-04-15T16:47:46Z
TYA,13.24,2026-04-15T18:02:09Z
TYD,24.76,2026-04-15T16:00:03Z
TYG,48.025,2026-04-15T18:52:53Z
TYGO,4.01,2026-04-15T19:59:55Z
TYL,337.96,2026-04-15T19:59:47Z
TYRA,34.95,2026-04-15T19:59:56Z
TZA,5.455,2026-04-15T19:59:52Z
TZOO,6.8,2026-04-15T19:57:31Z
U,25.27,2026-04-15T19:59:57Z
UA,6.15,2026-04-15T19:59:59Z
UAA,6.33,2026-04-15T19:59:59Z
UAE,19.93,2026-04-15T19:58:42Z
UAL,94.27,2026-04-15T19:59:59Z
UAMY,10.7,2026-04-15T19:59:59Z
UAN,123.94,2026-04-15T19:50:30Z
UAPR,34.29,2026-04-15T13:38:35Z
UAUG,40.825,2026-04-15T19:59:45Z
UAVS,1.055,2026-04-15T19:59:53Z
UBER,77.28,2026-04-15T19:59:54Z
UBND,21.845,2026-04-15T18:35:15Z
UBR,42.94,2026-04-15T18:08:35Z
UBRL,18.1,2026-04-15T19:55:00Z
UBS,43.12,2026-04-15T19:59:59Z
UBSI,43.5,2026-04-15T19:59:46Z
UBT,16.53,2026-04-15T14:01:18Z
UBXG,1.1,2026-04-15T17:20:18Z
UCAR,1.365,2026-04-15T19:59:11Z
UCB,33.395,2026-04-15T19:59:54Z
UCO,41.17,2026-04-15T19:59:18Z
UCON,25.04,2026-04-15T19:59:50Z
UCTT,76.07,2026-04-15T19:59:55Z
UDEC,40.265,2026-04-15T18:10:38Z
UDI,34.48,2026-04-15T17:06:53Z
UDMY,4.92,2026-04-15T19:59:58Z
UDN,18.37,2026-04-15T19:59:50Z
UDOW,57.11,2026-04-15T19:59:56Z
UDR,34.87,2026-04-15T19:59:58Z
UE,21.415,2026-04-15T19:59:55Z
UEC,14.835,2026-04-15T19:59:58Z
UECG,10.24,2026-04-15T15:51:18Z
UEIC,4.13,2026-04-15T19:51:29Z
UFCS,39.17,2026-04-15T19:58:49Z
UFG,0.89,2026-04-15T19:56:21Z
UFI,3.66,2026-04-15T19:16:32Z
UFIV,48.97,2026-04-15T15:30:17Z
UFO,52.22,2026-04-15T19:56:19Z
UFOD,25.68,2026-04-15T19:28:06Z
UFPI,93.01,2026-04-15T19:59:39Z
UFPT,194.93,2026-04-15T19:47:54Z
UGA,98.74,2026-04-15T19:59:51Z
UGE,17.94,2026-04-15T19:52:40Z
UGI,37.1,2026-04-15T19:59:54Z
UGL,64.14,2026-04-15T19:59:58Z
UGP,6.1,2026-04-15T19:59:56Z
UGRO,12.29,2026-04-15T19:59:29Z
UHAL,51.29,2026-04-15T19:35:44Z
UHAL.B,47.075,2026-04-15T19:59:37Z
UHG,1.19,2026-04-15T19:59:47Z
UHS,179.93,2026-04-15T19:58:01Z
UHT,42.68,2026-04-15T19:45:42Z
UI,1006.78,2026-04-15T19:59:36Z
UIS,2.41,2026-04-15T19:59:59Z
UITB,47.13,2026-04-15T19:50:53Z
UIVM,71.7,2026-04-15T14:03:08Z
UK,0.3646,2026-04-15T16:13:55Z
UL,58.08,2026-04-15T19:59:59Z
ULBI,7.475,2026-04-15T19:01:38Z
ULCC,3.99,2026-04-15T19:59:56Z
ULH,20.84,2026-04-15T18:54:08Z
ULS,90.38,2026-04-15T19:59:12Z
ULTA,539.15,2026-04-15T19:59:55Z
ULTY,31.5,2026-04-15T19:29:01Z
UMAC,15.39,2026-04-15T19:59:50Z
UMAR,41.01,2026-04-15T19:16:13Z
UMBF,119.96,2026-04-15T19:59:44Z
UMC,9.96,2026-04-15T19:59:59Z
UMDD,30.6,2026-04-15T13:45:46Z
UMH,15.29,2026-04-15T19:59:48Z
UMMA,33.455,2026-04-15T18:37:54Z
UNB,23.96,2026-04-15T16:03:27Z
UNCY,6.965,2026-04-15T19:59:38Z
UNF,258.98,2026-04-15T19:48:15Z
UNFI,46.95,2026-04-15T19:59:41Z
UNG,10.58,2026-04-15T19:59:59Z
UNH,314.09,2026-04-15T19:59:58Z
UNHG,13.56,2026-04-15T19:59:33Z
UNHU,32.36,2026-04-15T14:04:16Z
UNIT,11.04,2026-04-15T19:59:58Z
UNL,6.445,2026-04-15T19:59:45Z
UNM,78.91,2026-04-15T19:59:53Z
UNP,248.11,2026-04-15T19:59:52Z
UNTY,54.15,2026-04-15T19:43:51Z
UNX,38.73,2026-04-15T18:15:48Z
UOCT,39.73,2026-04-15T17:26:33Z
UONE,5.96,2026-04-15T17:20:49Z
UP,0.4181,2026-04-15T19:53:47Z
UPB,9.86,2026-04-15T19:59:58Z
UPBD,18.92,2026-04-15T19:59:57Z
UPLD,0.6488,2026-04-15T17:18:18Z
UPRO,120.03,2026-04-15T19:59:58Z
UPS,103.58,2026-04-15T19:59:49Z
UPST,33.34,2026-04-15T19:59:53Z
UPSX,23.31,2026-04-15T19:14:32Z
UPW,25,2026-04-15T17:16:05Z
UPWK,11.29,2026-04-15T19:59:56Z
UPXI,1.28,2026-04-15T19:59:51Z
URA,54.82,2026-04-15T19:59:57Z
URAA,43.07,2026-04-15T19:51:22Z
URAN,47.77,2026-04-15T15:28:41Z
URBN,68.14,2026-04-15T19:59:48Z
URG,1.64,2026-04-15T19:59:51Z
URGN,21.51,2026-04-15T19:59:55Z
URI,766.04,2026-04-15T19:59:33Z
URNJ,32.885,2026-04-15T19:53:57Z
URNM,68.8,2026-04-15T19:56:48Z
UROY,3.93,2026-04-15T19:59:53Z
URTH,193.38,2026-04-15T19:59:53Z
URTY,65.6,2026-04-15T19:59:51Z
USA,5.91,2026-04-15T19:59:47Z
USAC,26.9,2026-04-15T19:56:30Z
USAR,18.335,2026-04-15T19:59:59Z
USAS,6.09,2026-04-15T19:59:53Z
USAU,16.87,2026-04-15T19:57:20Z
USAX,18.17,2026-04-15T18:13:30Z
USB,56.37,2026-04-15T19:59:58Z
USB-H,18.96,2026-04-15T16:10:45Z
USB-P,22.25,2026-04-15T16:16:59Z
USB-R,16.08,2026-04-15T18:35:18Z
USB-S,18.05,2026-04-15T14:05:50Z
USBC,0.3487,2026-04-15T18:24:50Z
USCB,19.69,2026-04-15T19:46:10Z
USCI,96.32,2026-04-15T19:57:23Z
USD,68.17,2026-04-15T19:59:50Z
USDU,25.825,2026-04-15T19:57:58Z
USDX,25.75,2026-04-15T19:16:01Z
USEA,2.16,2026-04-15T15:03:27Z
USEG,0.7567,2026-04-15T19:59:42Z
USEP,40,2026-04-15T14:21:09Z
USFD,90.2,2026-04-15T19:59:59Z
USFR,50.405,2026-04-15T19:54:55Z
USG,38.26,2026-04-15T16:50:20Z
USGG,11.25,2026-04-15T19:54:50Z
USGO,13.07,2026-04-15T19:40:23Z
USGOW,0.3,2026-04-15T16:10:24Z
USHY,37.22,2026-04-15T19:59:52Z
USIG,51.58,2026-04-15T19:59:51Z
USIO,1.19,2026-04-15T16:43:59Z
USL,49.73,2026-04-15T16:50:10Z
USLM,134.74,2026-04-15T17:31:00Z
USMC,69.18,2026-04-15T18:59:05Z
USMV,93.92,2026-04-15T19:59:57Z
USNA,18.83,2026-04-15T19:59:18Z
USO,122.64,2026-04-15T19:59:56Z
USOI,57.96,2026-04-15T18:52:23Z
USOY,8.41,2026-04-15T19:59:50Z
USPH,76.755,2026-04-15T19:59:16Z
USPX,60.83,2026-04-15T14:14:26Z
USRT,63.03,2026-04-15T19:59:31Z
USSE,35.81,2026-04-15T19:59:45Z
UST,43.285,2026-04-15T18:01:51Z
USTB,50.59,2026-04-15T19:50:03Z
USVM,99.7,2026-04-15T18:18:37Z
USXF,60.47,2026-04-15T18:01:51Z
UTEN,43.75,2026-04-15T18:08:24Z
UTES,82.89,2026-04-15T13:44:57Z
UTF,26.305,2026-04-15T19:53:28Z
UTG,41.86,2026-04-15T16:55:54Z
UTHR,577.69,2026-04-15T19:59:52Z
UTI,35.38,2026-04-15T19:59:40Z
UTL,53.3,2026-04-15T19:57:16Z
UTMD,69.185,2026-04-15T19:14:10Z
UTSI,2.5,2026-04-15T15:50:25Z
UTSL,49,2026-04-15T19:49:29Z
UTWO,48.365,2026-04-15T19:59:52Z
UTZ,7.74,2026-04-15T19:59:49Z
UUP,27.29,2026-04-15T19:59:51Z
UUUG,13.35,2026-04-15T18:30:56Z
UUUU,20.95,2026-04-15T19:59:59Z
UVE,34.33,2026-04-15T19:55:01Z
UVIX,5.795,2026-04-15T19:59:58Z
UVSP,36.69,2026-04-15T19:59:56Z
UVV,51.11,2026-04-15T19:31:22Z
UVXY,38.875,2026-04-15T19:59:59Z
UWM,54.955,2026-04-15T19:59:26Z
UWMC,3.82,2026-04-15T19:59:49Z
UXI,55.125,2026-04-15T18:01:45Z
UXIN,2.975,2026-04-15T19:59:50Z
UXRP,3.97,2026-04-15T19:50:18Z
UYLD,51.13,2026-04-15T19:53:22Z
UYM,30.72,2026-04-15T17:59:42Z
V,315.9,2026-04-15T19:59:54Z
VAC,69.72,2026-04-15T19:59:49Z
VAL,91.71,2026-04-15T19:59:58Z
VALE,17.63,2026-04-15T19:59:59Z
VALU,34.915,2026-04-15T19:54:50Z
VANI,1.14,2026-04-15T19:59:40Z
VATE,9.78,2026-04-15T19:26:54Z
VAW,233.43,2026-04-15T19:59:48Z
VB,278.43,2026-04-15T19:59:44Z
VBCA,75.43,2026-04-15T13:34:17Z
VBCC,75.745,2026-04-15T15:31:12Z
VBCD,75.905,2026-04-15T17:33:43Z
VBCE,76.04,2026-04-15T14:15:35Z
VBF,15.16,2026-04-15T19:40:17Z
VBIL,75.55,2026-04-15T19:59:55Z
VBIX,2.06,2026-04-15T19:08:33Z
VBK,328.5,2026-04-15T19:59:49Z
VBNK,16.325,2026-04-15T19:59:54Z
VBR,227.28,2026-04-15T19:59:00Z
VC,93.14,2026-04-15T19:59:40Z
VCEB,63.26,2026-04-15T19:59:51Z
VCEL,35.41,2026-04-15T19:59:35Z
VCIG,1.15,2026-04-15T19:59:45Z
VCIT,83.35,2026-04-15T19:59:59Z
VCLT,75.76,2026-04-15T19:59:53Z
VCR,390.21,2026-04-15T19:59:53Z
VCRB,77.725,2026-04-15T19:55:19Z
VCRM,75.735,2026-04-15T19:40:38Z
VCSH,79.4,2026-04-15T19:59:55Z
VCTR,73.15,2026-04-15T19:59:45Z
VCV,10.55,2026-04-15T19:53:32Z
VCX,91.01,2026-04-15T19:53:32Z
VCYT,34.035,2026-04-15T19:59:49Z
VDC,222.105,2026-04-15T15:10:58Z
VDE,158.45,2026-04-15T19:59:52Z
VEA,68.69,2026-04-15T19:59:58Z
VECO,42.665,2026-04-15T19:59:45Z
VEEE,0.2219,2026-04-15T19:09:17Z
VEEV,167.28,2026-04-15T19:59:55Z
VEGI,45.21,2026-04-15T19:14:42Z
VEL,19.54,2026-04-15T19:59:41Z
VELO,11.27,2026-04-15T19:59:53Z
VEMY,28.77,2026-04-15T19:57:30Z
VENU,4.09,2026-04-15T19:59:51Z
VEON,52.72,2026-04-15T19:57:10Z
VERA,43.4,2026-04-15T19:59:38Z
VERI,2.08,2026-04-15T19:59:56Z
VERU,2.45,2026-04-15T19:03:42Z
VERX,12.195,2026-04-15T19:59:59Z
VET,12.275,2026-04-15T19:59:42Z
VEU,80.48,2026-04-15T19:59:45Z
VFC,19.64,2026-04-15T19:59:52Z
VFF,2.89,2026-04-15T19:59:46Z
VFH,128.16,2026-04-15T19:59:49Z
VFL,10.25,2026-04-15T19:59:04Z
VFLO,40.895,2026-04-15T19:58:17Z
VFMO,215.73,2026-04-15T19:23:28Z
VFS,4.28,2026-04-15T19:59:55Z
VG,12.175,2026-04-15T19:59:57Z
VGAS,1.85,2026-04-15T18:57:33Z
VGHY,75.31,2026-04-15T18:59:20Z
VGI,7.58,2026-04-15T13:59:32Z
VGIT,59.585,2026-04-15T19:59:46Z
VGK,88.025,2026-04-15T19:59:45Z
VGLT,55.475,2026-04-15T19:59:17Z
VGM,10.27,2026-04-15T19:58:06Z
VGNT,34.21,2026-04-15T19:59:57Z
VGSH,58.49,2026-04-15T19:59:50Z
VGSR,11.02,2026-04-15T19:41:20Z
VGT,784.38,2026-04-15T19:59:51Z
VGZ,2.09,2026-04-15T19:58:56Z
VHCP,9.91,2026-04-15T19:23:56Z
VHCPU,10.01,2026-04-15T19:58:25Z
VHI,14.47,2026-04-15T13:51:05Z
VHT,276.69,2026-04-15T19:50:49Z
VHUB,0.6487,2026-04-15T19:57:37Z
VIA,17.15,2026-04-15T19:59:44Z
VIAV,39.26,2026-04-15T19:59:58Z
VICI,28.12,2026-04-15T19:59:57Z
VICR,193.79,2026-04-15T19:55:03Z
VIDI,37.96,2026-04-15T19:50:04Z
VIG,224.34,2026-04-15T19:59:58Z
VIGI,92.575,2026-04-15T19:59:33Z
VIK,81.16,2026-04-15T19:59:55Z
VINP,10.8,2026-04-15T19:59:52Z
VIOO,122.22,2026-04-15T13:31:45Z
VIOT,1.09,2026-04-15T19:52:11Z
VIOV,106.81,2026-04-15T17:54:37Z
VIPS,15.11,2026-04-15T19:59:50Z
VIR,10.45,2026-04-15T19:59:57Z
VIRC,6.11,2026-04-15T19:59:43Z
VIRT,50.595,2026-04-15T19:59:58Z
VIS,332.48,2026-04-15T18:36:30Z
VISN,18.975,2026-04-15T19:59:59Z
VIST,64.09,2026-04-15T19:59:40Z
VITL,12.265,2026-04-15T19:59:45Z
VIV,16.685,2026-04-15T19:59:59Z
VIVO,2.685,2026-04-15T19:59:17Z
VIXM,15.79,2026-04-15T19:58:41Z
VIXY,28.35,2026-04-15T19:59:57Z
VKI,8.87,2026-04-15T19:59:48Z
VKQ,9.695,2026-04-15T19:58:58Z
VKTX,35.445,2026-04-15T19:59:40Z
VLGEA,41.39,2026-04-15T19:16:11Z
VLN,1.47,2026-04-15T19:59:54Z
VLO,234.955,2026-04-15T19:59:55Z
VLRS,7.9,2026-04-15T19:59:56Z
VLTO,92.265,2026-04-15T19:59:48Z
VLU,226,2026-04-15T19:57:55Z
VLUE,154.42,2026-04-15T19:59:50Z
VLY,13.14,2026-04-15T19:59:57Z
VLYPN,26.37,2026-04-15T17:11:27Z
VMAR,1.75,2026-04-15T19:48:03Z
VMBS,47.12,2026-04-15T19:59:42Z
VMC,291.185,2026-04-15T19:59:53Z
VMD,9.63,2026-04-15T19:59:57Z
VMET,11.52,2026-04-15T19:59:56Z
VMI,411.86,2026-04-15T19:59:36Z
VMO,9.7,2026-04-15T19:59:45Z
VNAM,24.72,2026-04-15T18:48:50Z
VNCE,3.135,2026-04-15T19:59:33Z
VNDA,7.27,2026-04-15T19:59:59Z
VNET,9.02,2026-04-15T19:59:56Z
VNLA,49.02,2026-04-15T19:47:10Z
VNM,18.65,2026-04-15T19:59:02Z
VNME,10.125,2026-04-15T19:54:09Z
VNMEW,0.246,2026-04-15T19:45:02Z
VNO,28.59,2026-04-15T19:59:57Z
VNO-L,17.81,2026-04-15T15:50:09Z
VNO-M,17.675,2026-04-15T19:37:59Z
VNO-N,17.7,2026-04-15T19:51:32Z
VNO-O,15.68,2026-04-15T19:59:59Z
VNOM,46.495,2026-04-15T19:59:56Z
VNQ,94.32,2026-04-15T19:59:50Z
VNQI,47.565,2026-04-15T19:45:54Z
VNRX,0.1736,2026-04-15T19:59:54Z
VNT,36.43,2026-04-15T19:59:46Z
VNTG,0.7512,2026-04-15T13:53:52Z
VO,301.86,2026-04-15T19:59:45Z
VOC,3.25,2026-04-15T19:28:26Z
VOD,15.59,2026-04-15T19:59:58Z
VOE,189.68,2026-04-15T19:59:51Z
VOLT,37.575,2026-04-15T19:59:43Z
VONE,317.03,2026-04-15T19:27:29Z
VONG,120.65,2026-04-15T19:59:47Z
VONV,98.3,2026-04-15T19:59:35Z
VOO,643.32,2026-04-15T19:59:57Z
VOOG,455.55,2026-04-15T19:59:45Z
VOOV,210.58,2026-04-15T19:50:18Z
VOR,15.63,2026-04-15T19:59:51Z
VOT,278.04,2026-04-15T18:27:44Z
VOTE,82,2026-04-15T18:01:45Z
VOX,196.285,2026-04-15T19:59:45Z
VOXR,5.68,2026-04-15T19:59:57Z
VOYA,73.495,2026-04-15T19:59:46Z
VOYA-B,23.94,2026-04-15T19:58:28Z
VOYG,29.8,2026-04-15T19:59:44Z
VPC,16.04,2026-04-15T19:55:12Z
VPG,50.675,2026-04-15T19:53:59Z
VPL,105.45,2026-04-15T19:59:40Z
VPLS,77.985,2026-04-15T19:46:35Z
VPU,199.13,2026-04-15T19:55:20Z
VPV,10.66,2026-04-15T19:59:57Z
VRA,3.7,2026-04-15T19:59:38Z
VRAX,0.1492,2026-04-15T19:58:40Z
VRCA,5.865,2026-04-15T19:40:23Z
VRDN,14.87,2026-04-15T19:59:59Z
VRE,18.89,2026-04-15T19:59:56Z
VREX,11.775,2026-04-15T19:59:51Z
VRIG,25.08,2026-04-15T13:30:05Z
VRME,0.9299,2026-04-15T19:02:12Z
VRNS,23.14,2026-04-15T19:59:51Z
VRP,24.36,2026-04-15T19:59:48Z
VRRM,14.96,2026-04-15T19:59:59Z
VRSK,176.84,2026-04-15T19:59:50Z
VRSN,275.36,2026-04-15T19:59:56Z
VRT,301.23,2026-04-15T19:59:53Z
VRTL,139.945,2026-04-15T17:32:45Z
VRTS,142.67,2026-04-15T18:25:48Z
VRTX,441.56,2026-04-15T19:59:55Z
VS,1.02,2026-04-15T18:55:46Z
VSA,0.8082,2026-04-15T19:59:33Z
VSAT,59.93,2026-04-15T19:59:34Z
VSCO,49.575,2026-04-15T19:59:47Z
VSDB,76.49,2026-04-15T17:16:04Z
VSDM,76.495,2026-04-15T19:39:48Z
VSEC,224.69,2026-04-15T19:59:53Z
VSEE,0.237,2026-04-15T19:57:49Z
VSGX,77.57,2026-04-15T19:59:50Z
VSH,23.77,2026-04-15T19:59:57Z
VSLU,44.77,2026-04-15T18:36:04Z
VSME,0.955,2026-04-15T16:35:37Z
VSNT,41.01,2026-04-15T19:59:52Z
VSS,156.815,2026-04-15T19:49:51Z
VST,162.93,2026-04-15T19:59:50Z
VSTD,0.3649,2026-04-15T19:58:20Z
VSTL,33.675,2026-04-15T15:34:27Z
VSTM,6.33,2026-04-15T19:59:56Z
VSTS,9.26,2026-04-15T19:59:58Z
VT,148.615,2026-04-15T19:59:58Z
VTAK,1.025,2026-04-15T15:33:18Z
VTC,77.325,2026-04-15T19:55:17Z
VTEB,50.27,2026-04-15T19:59:59Z
VTEC,99.97,2026-04-15T17:55:26Z
VTEI,100.61,2026-04-15T19:58:42Z
VTEL,103.54,2026-04-15T16:35:43Z
VTES,101.34,2026-04-15T19:59:45Z
VTEX,4.04,2026-04-15T19:59:58Z
VTGN,0.6125,2026-04-15T19:59:46Z
VTHR,309.04,2026-04-15T19:49:36Z
VTI,345.18,2026-04-15T19:59:58Z
VTIP,50.15,2026-04-15T19:57:41Z
VTIX,6.39,2026-04-15T19:58:30Z
VTMX,36.62,2026-04-15T19:11:35Z
VTN,11.19,2026-04-15T19:41:26Z
VTOL,49.31,2026-04-15T19:59:43Z
VTP,76.72,2026-04-15T19:47:31Z
VTR,84.89,2026-04-15T19:59:57Z
VTRS,13.86,2026-04-15T19:59:57Z
VTS,18.05,2026-04-15T19:59:57Z
VTSI,4.63,2026-04-15T19:50:11Z
VTV,202.04,2026-04-15T19:59:59Z
VTVT,37.51,2026-04-15T17:42:36Z
VTWG,253.23,2026-04-15T18:07:10Z
VTWO,108.86,2026-04-15T19:59:51Z
VUG,485.78,2026-04-15T19:59:37Z
VUSB,49.745,2026-04-15T19:55:02Z
VUSE,67.03,2026-04-15T19:39:20Z
VUZI,2.605,2026-04-15T19:59:57Z
VV,321.83,2026-04-15T19:59:58Z
VVOS,1.48,2026-04-15T19:59:34Z
VVR,3.12,2026-04-15T19:59:55Z
VVV,33.09,2026-04-15T19:59:38Z
VVX,68.8,2026-04-15T19:59:47Z
VWAV,7.17,2026-04-15T19:59:04Z
VWO,58.09,2026-04-15T19:59:59Z
VWOB,67.25,2026-04-15T19:59:51Z
VXF,221.02,2026-04-15T19:59:49Z
VXUS,82.63,2026-04-15T19:59:45Z
VXX,29.33,2026-04-15T19:59:57Z
VYGR,4.03,2026-04-15T19:59:58Z
VYM,153.07,2026-04-15T19:59:51Z
VYMI,99.39,2026-04-15T19:59:50Z
VYNE,0.6199,2026-04-15T17:58:09Z
VYX,6.915,2026-04-15T19:59:55Z
VZ,45.035,2026-04-15T19:59:59Z
VZLA,3.41,2026-04-15T19:58:56Z
W,76.865,2026-04-15T19:59:56Z
WAB,257.3,2026-04-15T19:59:56Z
WABC,53.32,2026-04-15T19:57:01Z
WAFD,32.46,2026-04-15T19:59:59Z
WAFDP,16.72,2026-04-15T16:47:28Z
WAFU,1.59,2026-04-15T19:50:09Z
WAGN,14.98,2026-04-15T18:40:57Z
WAL,78.56,2026-04-15T19:59:53Z
WAL-A,23.42,2026-04-15T16:29:33Z
WALD,1.07,2026-04-15T19:54:19Z
WALDW,0.0491,2026-04-15T19:26:41Z
WANT,45.7,2026-04-15T19:59:51Z
WAR,28.27,2026-04-15T19:59:59Z
WASH,35.69,2026-04-15T19:56:15Z
WAT,326.305,2026-04-15T19:59:54Z
WATT,22.05,2026-04-15T19:59:29Z
WAVE,6.27,2026-04-15T13:40:30Z
WAY,24.69,2026-04-15T19:59:58Z
WB,9.16,2026-04-15T19:59:59Z
WBD,27.19,2026-04-15T19:59:59Z
WBI,26.525,2026-04-15T19:59:56Z
WBIY,33.46,2026-04-15T13:35:08Z
WBS,72.515,2026-04-15T19:59:51Z
WBS-G,23.99,2026-04-15T16:59:55Z
WBTN,11.48,2026-04-15T19:59:50Z
WBUY,1.2,2026-04-15T19:59:55Z
WBX,2.975,2026-04-15T19:58:51Z
WCBR,24.49,2026-04-15T16:05:05Z
WCC,305.71,2026-04-15T19:59:48Z
WCLD,26.59,2026-04-15T19:59:55Z
WCME,18.32,2026-04-15T13:41:57Z
WCMI,18.63,2026-04-15T19:50:10Z
WCN,159.915,2026-04-15T19:59:48Z
WCPB,25.495,2026-04-15T13:50:50Z
WD,49.015,2026-04-15T19:59:54Z
WDAY,124.14,2026-04-15T19:59:57Z
WDC,364.94,2026-04-15T19:59:57Z
WDCX,48.285,2026-04-15T19:59:32Z
WDEF,32.81,2026-04-15T18:05:41Z
WDFC,201.07,2026-04-15T19:57:48Z
WDH,1.72,2026-04-15T18:23:46Z
WDI,13.9,2026-04-15T19:58:05Z
WDIV,79.56,2026-04-15T18:42:35Z
WDS,23.56,2026-04-15T19:59:58Z
WEA,10.87,2026-04-15T18:48:19Z
WEAT,22.55,2026-04-15T18:19:11Z
WEAV,5.23,2026-04-15T19:59:57Z
WEBL,22.51,2026-04-15T19:59:49Z
WEBS,21.95,2026-04-15T16:56:22Z
WEC,114.84,2026-04-15T19:59:53Z
WEEI,23.19,2026-04-15T19:35:13Z
WEEK,100.005,2026-04-15T13:37:11Z
WEEL,20.25,2026-04-15T17:33:58Z
WELL,211.42,2026-04-15T19:59:52Z
WEN,6.9,2026-04-15T19:59:58Z
WERN,30.82,2026-04-15T19:59:53Z
WES,40.385,2026-04-15T19:59:50Z
WEST,5.11,2026-04-15T19:59:57Z
WETH,1.555,2026-04-15T19:48:25Z
WETO,0.5507,2026-04-15T17:42:53Z
WEX,171.23,2026-04-15T19:58:50Z
WF,71.16,2026-04-15T18:47:30Z
WFC,80.3,2026-04-15T19:59:59Z
WFC-A,19.22,2026-04-15T19:59:29Z
WFC-C,17.81,2026-04-15T16:53:32Z
WFC-D,17.59,2026-04-15T19:57:35Z
WFC-L,1196.05,2026-04-15T18:34:52Z
WFC-Y,24.195,2026-04-15T18:09:38Z
WFC-Z,19.37,2026-04-15T17:28:01Z
WFF,1.73,2026-04-15T19:58:21Z
WFG,65.415,2026-04-15T19:59:40Z
WFRD,99.825,2026-04-15T19:59:51Z
WGMI,47.32,2026-04-15T19:59:49Z
WGO,31.645,2026-04-15T19:59:53Z
WGRX,0.1468,2026-04-15T19:52:39Z
WGS,67.605,2026-04-15T19:59:20Z
WH,87.52,2026-04-15T19:59:49Z
WHD,53.23,2026-04-15T19:59:48Z
WHF,7.66,2026-04-15T19:59:51Z
WHG,16.67,2026-04-15T14:49:49Z
WHLR,0.791,2026-04-15T19:03:30Z
WHLRP,7.21,2026-04-15T18:33:37Z
WHR,55.73,2026-04-15T19:59:57Z
WHR-A,41.27,2026-04-15T17:44:59Z
WHWK,3.895,2026-04-15T19:59:45Z
WIA,8.175,2026-04-15T18:48:32Z
WIMI,2.04,2026-04-15T19:57:36Z
WINA,381.13,2026-04-15T19:57:17Z
WING,191.425,2026-04-15T19:59:54Z
WINN,30.54,2026-04-15T16:56:20Z
WIP,40.865,2026-04-15T19:53:53Z
WIT,2.265,2026-04-15T19:59:50Z
WIW,8.58,2026-04-15T19:47:11Z
WIX,70.11,2026-04-15T19:59:54Z
WK,56.46,2026-04-15T19:59:53Z
WKC,23.875,2026-04-15T19:59:45Z
WKEY,7.56,2026-04-15T19:30:33Z
WKHS,2.86,2026-04-15T19:56:47Z
WKSP,1.01,2026-04-15T16:07:58Z
WLAC,13.72,2026-04-15T19:59:48Z
WLACU,15.32,2026-04-15T19:15:00Z
WLACW,4.89,2026-04-15T19:58:07Z
WLDN,78.71,2026-04-15T19:58:32Z
WLDR,39.65,2026-04-15T19:59:59Z
WLDS,1.71,2026-04-15T19:47:09Z
WLFC,213.73,2026-04-15T13:40:45Z
WLK,115.09,2026-04-15T19:59:07Z
WLKP,22.3,2026-04-15T18:25:34Z
WLTH,11,2026-04-15T19:59:58Z
WLY,40.255,2026-04-15T19:59:43Z
WM,224.9,2026-04-15T19:59:52Z
WMB,70.75,2026-04-15T19:59:53Z
WMG,29.04,2026-04-15T19:59:57Z
WMK,69.22,2026-04-15T19:15:33Z
WMS,147.71,2026-04-15T19:59:55Z
WMT,124.74,2026-04-15T19:59:59Z
WMTI,26.67,2026-04-15T16:53:47Z
WNC,9.01,2026-04-15T19:59:55Z
WNEB,13.755,2026-04-15T19:59:28Z
WNTR,29.48,2026-04-15T19:51:13Z
WOLF,23.88,2026-04-15T19:59:53Z
WOOF,2.9,2026-04-15T19:59:50Z
WOR,53.89,2026-04-15T19:52:52Z
WPC,71.57,2026-04-15T19:59:47Z
WPM,147.575,2026-04-15T19:59:59Z
WPP,17.79,2026-04-15T19:59:56Z
WPRT,2.12,2026-04-15T18:32:16Z
WQTM,29.86,2026-04-15T19:30:25Z
WRAP,1.43,2026-04-15T19:49:55Z
WRB,66.07,2026-04-15T19:59:57Z
WRBY,23.67,2026-04-15T19:59:51Z
WRD,8.105,2026-04-15T19:59:54Z
WRLD,135.89,2026-04-15T14:15:11Z
WRN,2.8,2026-04-15T19:59:54Z
WS,32.74,2026-04-15T19:58:08Z
WSBC,36.025,2026-04-15T19:59:53Z
WSBF,18.53,2026-04-15T19:59:10Z
WSC,19.065,2026-04-15T19:59:55Z
WSFS,69.155,2026-04-15T19:59:42Z
WSGE,26.33,2026-04-15T16:58:19Z
WSHP,8.125,2026-04-15T19:51:04Z
WSM,192.84,2026-04-15T19:59:56Z
WSO,415.49,2026-04-15T19:59:49Z
WSR,18.93,2026-04-15T19:59:56Z
WST,266.49,2026-04-15T19:59:55Z
WT,17.08,2026-04-15T19:59:59Z
WTAI,32.94,2026-04-15T19:10:48Z
WTFC,146.09,2026-04-15T19:59:40Z
WTFCN,26,2026-04-15T13:52:54Z
WTI,2.885,2026-04-15T19:59:24Z
WTID,5.47,2026-04-15T19:08:51Z
WTIP,38.43,2026-04-15T13:30:03Z
WTIU,16.58,2026-04-15T17:37:58Z
WTM,2290.29,2026-04-15T19:59:14Z
WTMF,40.33,2026-04-15T19:39:34Z
WTPI,32.91,2026-04-15T19:59:53Z
WTRE,24.435,2026-04-15T15:57:55Z
WTRG,38.58,2026-04-15T19:59:58Z
WTS,303.83,2026-04-15T19:59:23Z
WTTR,15,2026-04-15T19:59:57Z
WTV,96.985,2026-04-15T19:50:34Z
WTW,292.09,2026-04-15T19:59:54Z
WU,9.15,2026-04-15T19:59:56Z
WULF,19.69,2026-04-15T19:59:57Z
WULX,33.87,2026-04-15T19:21:54Z
WVE,7.595,2026-04-15T19:59:57Z
WW,10.825,2026-04-15T19:58:32Z
WWD,392.965,2026-04-15T19:59:58Z
WWJD,39.635,2026-04-15T19:29:07Z
WWR,0.6834,2026-04-15T19:59:40Z
WWW,17.65,2026-04-15T19:59:49Z
WXET,18.83,2026-04-15T19:41:11Z
WY,24.2,2026-04-15T19:59:57Z
WYFI,15.99,2026-04-15T19:59:51Z
WYHG,0.6015,2026-04-15T15:44:56Z
WYNN,106.85,2026-04-15T19:59:53Z
WYY,5.07,2026-04-15T14:16:42Z
XAGG,50.535,2026-04-15T19:55:26Z
XAIR,0.509,2026-04-15T19:52:22Z
XAPR,36.98,2026-04-15T15:56:30Z
XAR,275.24,2026-04-15T19:42:47Z
XBB,41.1,2026-04-15T19:40:00Z
XBCI,44.25,2026-04-15T15:01:46Z
XBI,136.44,2026-04-15T19:59:56Z
XBIL,50.105,2026-04-15T19:59:55Z
XBIO,3.26,2026-04-15T13:38:45Z
XBJL,39.13,2026-04-15T14:58:41Z
XBOC,34.36,2026-04-15T19:53:03Z
XBOX,99.175,2026-04-15T19:58:44Z
XBP,3.015,2026-04-15T13:51:37Z
XBTY,7.16,2026-04-15T19:27:35Z
XCCC,36.785,2026-04-15T19:57:18Z
XCEM,45.52,2026-04-15T19:59:47Z
XDIV,28.34,2026-04-15T15:28:02Z
XDQQ,39.36,2026-04-15T18:16:32Z
XDSQ,41.59,2026-04-15T14:31:40Z
XDTE,38.47,2026-04-15T19:55:01Z
XEL,78.625,2026-04-15T19:59:54Z
XELB,2.02,2026-04-15T19:59:41Z
XELLL,24.71,2026-04-15T19:59:46Z
XENE,58.83,2026-04-15T19:59:59Z
XERS,6.19,2026-04-15T19:59:53Z
XES,116.52,2026-04-15T19:54:41Z
XFIV,49.195,2026-04-15T19:59:46Z
XFLT,17.545,2026-04-15T18:43:30Z
XFOR,4.31,2026-04-15T19:59:49Z
XGN,3.08,2026-04-15T19:59:50Z
XHB,102.84,2026-04-15T19:59:56Z
XHG,1.43,2026-04-15T19:59:49Z
XHLD,1.44,2026-04-15T18:22:22Z
XHLF,50.25,2026-04-15T15:52:17Z
XHR,15.94,2026-04-15T19:59:58Z
XIDV,37.71,2026-04-15T16:51:39Z
XIFR,10.33,2026-04-15T19:59:56Z
XJAN,37.34,2026-04-15T19:40:42Z
XJUN,43.78,2026-04-15T14:58:41Z
XLB,51.36,2026-04-15T19:59:58Z
XLBI,24.02,2026-04-15T14:20:24Z
XLC,117.37,2026-04-15T19:59:59Z
XLE,55.765,2026-04-15T19:59:59Z
XLEI,26.14,2026-04-15T19:05:26Z
XLF,52.16,2026-04-15T19:59:57Z
XLG,59.255,2026-04-15T19:59:56Z
XLI,171.19,2026-04-15T19:59:59Z
XLK,150.23,2026-04-15T19:59:57Z
XLO,8.59,2026-04-15T19:59:33Z
XLP,81.04,2026-04-15T19:59:59Z
XLRE,43.405,2026-04-15T19:59:58Z
XLSR,61.43,2026-04-15T19:17:44Z
XLU,46.03,2026-04-15T19:59:57Z
XLV,147.78,2026-04-15T19:59:59Z
XLY,118.155,2026-04-15T19:59:58Z
XMAG,23.32,2026-04-15T16:41:34Z
XMAR,41.69,2026-04-15T14:31:40Z
XME,115.71,2026-04-15T19:59:54Z
XMHQ,107.975,2026-04-15T13:44:57Z
XMMO,156.76,2026-04-15T19:59:21Z
XMPT,21.89,2026-04-15T17:50:00Z
XMTR,46.03,2026-04-15T19:59:45Z
XNCR,12.51,2026-04-15T19:59:59Z
XNDU,25.11,2026-04-15T19:59:54Z
XNET,6.26,2026-04-15T19:58:15Z
XNOV,38.53,2026-04-15T15:56:15Z
XNTK,291.34,2026-04-15T19:14:27Z
XOM,148.995,2026-04-15T19:59:55Z
XOMA,39.96,2026-04-15T19:20:59Z
XOMO,12.13,2026-04-15T19:59:46Z
XONE,49.445,2026-04-15T19:24:51Z
XOP,164.225,2026-04-15T19:59:59Z
XOS,1.615,2026-04-15T18:28:28Z
XOVR,17.95,2026-04-15T19:59:51Z
XP,20.805,2026-04-15T19:59:55Z
XPAY,51.65,2026-04-15T19:59:50Z
XPEL,45.51,2026-04-15T17:58:28Z
XPER,6.4,2026-04-15T19:59:54Z
XPEV,17.655,2026-04-15T19:59:59Z
XPL,0.905,2026-04-15T19:28:41Z
XPND,35.83,2026-04-15T16:57:48Z
XPO,210.42,2026-04-15T19:59:31Z
XPOF,7.11,2026-04-15T19:59:51Z
XPON,0.75,2026-04-15T18:09:46Z
XPRO,16.165,2026-04-15T19:59:49Z
XQQI,47.88,2026-04-15T17:05:40Z
XRAY,12.04,2026-04-15T19:59:57Z
XRN,35.37,2026-04-15T19:58:07Z
XRP,15.7,2026-04-15T19:59:45Z
XRPC,14.77,2026-04-15T19:26:58Z
XRPI,7.92,2026-04-15T19:43:08Z
XRPNW,0.55,2026-04-15T19:27:32Z
XRPR,11.175,2026-04-15T14:14:37Z
XRPT,43.025,2026-04-15T19:31:24Z
XRPZ,15.21,2026-04-15T19:57:45Z
XRT,83.89,2026-04-15T19:59:51Z
XRTX,2.11,2026-04-15T13:46:11Z
XRX,1.475,2026-04-15T19:59:55Z
XRXDW,0.1062,2026-04-15T19:59:19Z
XSD,388.69,2026-04-15T18:01:45Z
XSEP,43.18,2026-04-15T14:58:41Z
XSHD,13.58,2026-04-15T18:25:55Z
XSHQ,44.22,2026-04-15T16:57:34Z
XSLLW,0.2,2026-04-15T14:27:50Z
XSMO,82.49,2026-04-15T19:54:30Z
XSVM,63.44,2026-04-15T19:57:55Z
XSVN,47.76,2026-04-15T19:58:06Z
XSW,147.68,2026-04-15T16:55:47Z
XT,73.245,2026-04-15T19:54:27Z
XTEN,45.96,2026-04-15T19:59:02Z
XTIA,2.33,2026-04-15T19:59:58Z
XTJL,40.04,2026-04-15T18:02:42Z
XTL,209.36,2026-04-15T18:00:14Z
XTN,104.95,2026-04-15T14:25:32Z
XTNT,0.4922,2026-04-15T19:46:16Z
XTR,26.76,2026-04-15T18:56:41Z
XTRE,49.48,2026-04-15T19:35:50Z
XVOL,23.22,2026-04-15T17:44:56Z
XVV,53.24,2026-04-15T17:50:33Z
XWEL,1.11,2026-04-15T19:26:33Z
XWIN,7.19,2026-04-15T19:59:52Z
XXI,7.41,2026-04-15T19:59:57Z
XXII,1.91,2026-04-15T19:49:17Z
XXRP,4.15,2026-04-15T19:59:45Z
XYF,4.58,2026-04-15T19:59:44Z
XYL,125.2,2026-04-15T19:59:46Z
XYLD,39.965,2026-04-15T19:50:00Z
XYZ,67.995,2026-04-15T19:59:54Z
XZO,16.79,2026-04-15T19:57:40Z
YAAS,0.94,2026-04-15T18:51:04Z
YALA,6.94,2026-04-15T19:59:52Z
YANG,26.87,2026-04-15T19:59:12Z
YB,18.36,2026-04-15T16:19:05Z
YBST,15.965,2026-04-15T15:46:00Z
YBTC,21.47,2026-04-15T15:34:50Z
YCBD,0.7679,2026-04-15T19:49:02Z
YCL,18.25,2026-04-15T14:45:17Z
YCS,53.4,2026-04-15T19:59:51Z
YDDL,4.29,2026-04-15T17:30:48Z
YDEC,27.07,2026-04-15T19:03:00Z
YDES,5.3,2026-04-15T15:26:24Z
YEAR,50.41,2026-04-15T19:59:46Z
YELP,26.94,2026-04-15T19:59:59Z
YETH,12.18,2026-04-15T19:59:30Z
YETI,38.6,2026-04-15T19:59:49Z
YEXT,3.61,2026-04-15T19:59:58Z
YFYA,9.76,2026-04-15T18:38:28Z
YHC,0.8901,2026-04-15T16:56:02Z
YI,7.19,2026-04-15T16:37:52Z
YIBO,0.9294,2026-04-15T15:25:21Z
YINN,35.4,2026-04-15T19:59:56Z
YLD,19.035,2026-04-15T19:55:37Z
YLDE,55.26,2026-04-15T18:36:06Z
YMAG,12.77,2026-04-15T18:01:02Z
YMAT,0.3149,2026-04-15T19:34:41Z
YMAX,8.265,2026-04-15T19:50:21Z
YMM,8.61,2026-04-15T19:59:57Z
YMT,0.1939,2026-04-15T19:58:40Z
YOKE,29.63,2026-04-15T19:55:00Z
YOLO,2.77,2026-04-15T16:40:31Z
YOOV,1.8,2026-04-15T18:48:55Z
YORW,30.825,2026-04-15T19:58:33Z
YOU,51,2026-04-15T19:59:50Z
YOUL,1.09,2026-04-15T19:59:39Z
YPF,41.55,2026-04-15T19:59:54Z
YQQQ,11.64,2026-04-15T16:40:01Z
YRD,2,2026-04-15T19:57:33Z
YSG,3.19,2026-04-15T19:59:52Z
YSPY,15.265,2026-04-15T19:32:06Z
YSS,39.65,2026-04-15T19:59:54Z
YSXT,1.255,2026-04-15T19:34:50Z
YUM,162.115,2026-04-15T19:59:37Z
YUMC,49.37,2026-04-15T19:59:53Z
YXT,0.3985,2026-04-15T15:56:18Z
YYAI,0.9406,2026-04-15T19:59:30Z
YYGH,1.62,2026-04-15T19:51:14Z
YYY,11.5,2026-04-15T19:59:50Z
Z,43.51,2026-04-15T19:59:46Z
ZALT,33.28,2026-04-15T19:59:46Z
ZAP,33.29,2026-04-15T19:33:00Z
ZAPR,26.33,2026-04-15T17:24:00Z
ZBAO,1.12,2026-04-15T19:59:57Z
ZBH,94.28,2026-04-15T19:59:49Z
ZBIO,21.025,2026-04-15T19:59:49Z
ZBRA,229.79,2026-04-15T19:59:54Z
ZCMD,1.945,2026-04-15T17:06:22Z
ZD,46.94,2026-04-15T19:59:50Z
ZDAI,3.84,2026-04-15T17:47:10Z
ZDGE,3.03,2026-04-15T18:02:04Z
ZECP,35.46,2026-04-15T16:51:19Z
ZENA,2.125,2026-04-15T19:59:48Z
ZEO,0.588,2026-04-15T14:33:45Z
ZEPP,13.995,2026-04-15T17:25:41Z
ZETA,17.375,2026-04-15T19:59:58Z
ZETX,16.26,2026-04-15T14:13:27Z
ZEXIT,10,2026-04-15T13:30:00Z
ZFEB,25.65,2026-04-15T15:15:18Z
ZG,43.64,2026-04-15T19:59:27Z
ZGN,11.49,2026-04-15T19:59:58Z
ZH,3.57,2026-04-15T19:59:58Z
ZHOG,51.62,2026-04-15T19:46:39Z
ZIEXT,1,2026-04-15T13:30:00Z
ZIM,26.71,2026-04-15T19:59:50Z
ZION,61.85,2026-04-15T19:59:51Z
ZIP,2.71,2026-04-15T19:59:58Z
ZJUL,29.48,2026-04-15T17:03:41Z
ZKH,3.15,2026-04-15T19:59:55Z
ZLAB,23.22,2026-04-15T19:59:46Z
ZM,89.03,2026-04-15T19:59:50Z
ZMAR,27.86,2026-04-15T14:58:41Z
ZMUN,50.16,2026-04-15T14:02:04Z
ZNB,1.78,2026-04-15T19:07:13Z
ZNTL,5.36,2026-04-15T19:59:54Z
ZONE,0.3275,2026-04-15T19:59:50Z
ZOOZ,0.3168,2026-04-15T19:50:21Z
ZROZ,63.515,2026-04-15T19:59:52Z
ZS,131.05,2026-04-15T19:59:57Z
ZSL,19.88,2026-04-15T19:59:06Z
ZSPC,0.0712,2026-04-15T19:59:56Z
ZTEK,0.4784,2026-04-15T14:11:08Z
ZTEN,51.11,2026-04-15T19:00:12Z
ZTO,25.07,2026-04-15T19:59:53Z
ZTR,6.77,2026-04-15T19:50:27Z
ZTRE,50.955,2026-04-15T15:52:10Z
ZTS,120.795,2026-04-15T19:59:36Z
ZTWO,50.625,2026-04-15T19:59:46Z
ZUMZ,24.44,2026-04-15T19:59:49Z
ZURA,5.7,2026-04-15T19:59:52Z
ZVIA,1.19,2026-04-15T19:59:44Z
ZVOL,9.02,2026-04-15T16:21:24Z
ZVRA,10.32,2026-04-15T19:59:56Z
ZVZZT,11.1,2026-04-15T15:45:28Z
ZWS,47.41,2026-04-15T19:59:50Z
ZXIET,100,2026-04-15T13:30:00Z
ZYBT,1.145,2026-04-15T16:03:43Z
ZYME,27.75,2026-04-15T19:59:59Z
