symbol,close,last_trade_utc
A,159,2026-08-21T19:59:55Z
AA,51.865,2026-08-21T19:59:45Z
AAAA,30.71,2026-08-21T15:19:01Z
AAAU,45.505,2026-08-21T19:59:22Z
AACG,0.9863,2026-08-21T15:02:05Z
AACP,10.07,2026-08-21T19:59:50Z
AACPU,10.26,2026-08-21T14:56:45Z
AADX,14.965,2026-08-21T19:59:36Z
AAL,13.83,2026-08-21T19:59:59Z
AAMI,92.11,2026-08-21T19:59:00Z
AAOG,3.55,2026-08-21T19:59:09Z
AAOI,124.8,2026-08-21T19:59:59Z
AAON,79.43,2026-08-21T19:59:56Z
AAOX,15.96,2026-08-21T19:59:09Z
AAOZ,10.73,2026-08-21T18:43:34Z
AAP,42.575,2026-08-21T19:59:59Z
AAPB,37.79,2026-08-21T18:32:19Z
AAPD,11.25,2026-08-21T19:59:50Z
AAPL,309.27,2026-08-21T19:59:58Z
AAPU,38.85,2026-08-21T19:59:55Z
AAPX,35.14,2026-08-21T19:55:00Z
AARD,6.75,2026-08-21T19:46:03Z
AAT,22.82,2026-08-21T19:59:49Z
AAUC,23.59,2026-08-21T19:59:56Z
AAXJ,116.36,2026-08-21T19:59:45Z
AB,36.27,2026-08-21T19:59:52Z
ABAT,2.575,2026-08-21T19:59:50Z
ABBV,264.99,2026-08-21T19:59:53Z
ABCB,86.19,2026-08-21T19:59:49Z
ABCL,11.325,2026-08-21T19:59:55Z
ABEO,6.1,2026-08-21T19:59:57Z
ABEV,2.865,2026-08-21T19:59:16Z
ABFL,82.9,2026-08-21T18:47:04Z
ABG,214.755,2026-08-21T19:59:58Z
ABLD,33.25,2026-08-21T17:23:58Z
ABM,46.82,2026-08-21T19:59:23Z
ABNB,187.32,2026-08-21T19:59:56Z
ABOS,3.165,2026-08-21T19:59:53Z
ABR,5.185,2026-08-21T19:59:57Z
ABR-F,22.33,2026-08-21T18:07:36Z
ABSI,9.55,2026-08-21T19:59:55Z
ABT,116.635,2026-08-21T19:59:59Z
ABTC,7.935,2026-08-21T19:59:40Z
ABTS,1.425,2026-08-21T16:26:37Z
ABUS,5.195,2026-08-21T19:59:57Z
ABVC,0.8991,2026-08-21T19:59:56Z
ABVX,115.065,2026-08-21T19:59:32Z
ABX,9.66,2026-08-21T19:59:50Z
ABXL,25.52,2026-08-21T15:54:07Z
ACA,144.985,2026-08-21T19:59:53Z
ACAD,29.505,2026-08-21T19:59:56Z
ACB,3.93,2026-08-21T19:59:52Z
ACCO,4.23,2026-08-21T19:59:50Z
ACCS,5.065,2026-08-21T19:00:55Z
ACDC,4.82,2026-08-21T19:59:59Z
ACEI,23.25,2026-08-21T19:12:36Z
ACEL,12.065,2026-08-21T19:59:39Z
ACEP,20.77,2026-08-21T13:30:02Z
ACES,31.29,2026-08-21T19:59:51Z
ACET,9.185,2026-08-21T19:58:47Z
ACFN,18.84,2026-08-21T15:41:24Z
ACGL,99.4,2026-08-21T19:59:56Z
ACGLN,16.06,2026-08-21T19:59:54Z
ACGLO,19.09,2026-08-21T19:38:50Z
ACH,1.19,2026-08-21T19:59:56Z
ACHC,27.825,2026-08-21T19:59:59Z
ACHR,6.29,2026-08-21T19:59:56Z
ACHV,8,2026-08-21T19:59:56Z
ACI,12.38,2026-08-21T19:59:55Z
ACIC,9.19,2026-08-21T19:59:53Z
ACII,25.56,2026-08-21T19:40:16Z
ACIO,46.915,2026-08-21T19:59:50Z
ACIU,2.9,2026-08-21T19:59:56Z
ACIW,51.86,2026-08-21T19:59:56Z
ACKY,18.14,2026-08-21T17:58:17Z
ACLO,50.48,2026-08-21T15:25:46Z
ACLS,127,2026-08-21T19:57:47Z
ACM,64.76,2026-08-21T19:59:52Z
ACMR,79.54,2026-08-21T19:59:13Z
ACN,185.31,2026-08-21T19:59:53Z
ACNB,65,2026-08-21T19:52:20Z
ACNT,14.7,2026-08-21T19:51:48Z
ACOG,9.78,2026-08-21T19:59:43Z
ACON,2.73,2026-08-21T19:26:48Z
ACP,5.105,2026-08-21T19:59:46Z
ACR,14.98,2026-08-21T16:28:53Z
ACR-C,23.82,2026-08-21T18:59:00Z
ACRE,4.775,2026-08-21T19:59:47Z
ACRS,6.4,2026-08-21T19:59:56Z
ACRV,2.21,2026-08-21T19:59:50Z
ACT,49.23,2026-08-21T19:59:08Z
ACTG,4.51,2026-08-21T19:59:27Z
ACTU,1.3,2026-08-21T15:36:03Z
ACU,61.11,2026-08-21T19:54:50Z
ACV,26.59,2026-08-21T19:56:36Z
ACVA,7.43,2026-08-21T19:59:56Z
ACVU,32.28,2026-08-21T19:26:33Z
ACWI,160.795,2026-08-21T19:59:56Z
ACWV,127.17,2026-08-21T19:58:49Z
ACWX,77.945,2026-08-21T19:59:58Z
ACXP,1.48,2026-08-21T19:59:23Z
ACYN,20.735,2026-08-21T19:59:20Z
ACYQ,20.95,2026-08-21T16:39:42Z
ACYS,20.5,2026-08-21T19:46:52Z
AD,35.68,2026-08-21T19:59:53Z
ADAG,4.005,2026-08-21T19:59:32Z
ADAM,9.94,2026-08-21T19:59:52Z
ADAMG,25.19,2026-08-21T15:43:59Z
ADAMH,25.49,2026-08-21T14:20:13Z
ADAMM,25.5,2026-08-21T19:54:20Z
ADAMO,25.03,2026-08-21T19:47:02Z
ADBE,275.29,2026-08-21T19:59:58Z
ADBG,5.09,2026-08-21T19:59:45Z
ADC,73.865,2026-08-21T19:59:56Z
ADCT,0.9942,2026-08-21T19:59:51Z
ADEA,26.285,2026-08-21T19:59:41Z
ADGM,0.6432,2026-08-21T19:33:27Z
ADI,373.16,2026-08-21T19:59:59Z
ADIG,21.16,2026-08-21T19:59:48Z
ADIL,6.215,2026-08-21T19:59:40Z
ADM,80.24,2026-08-21T19:59:50Z
ADMA,9.85,2026-08-21T19:59:58Z
ADME,56.32,2026-08-21T19:14:41Z
ADNT,20.05,2026-08-21T19:59:37Z
ADP,280.79,2026-08-21T19:59:56Z
ADPT,25.995,2026-08-21T19:59:56Z
ADSK,253.9,2026-08-21T19:59:33Z
ADT,7.38,2026-08-21T19:59:59Z
ADTN,7.75,2026-08-21T19:59:57Z
ADUR,16.03,2026-08-21T19:59:57Z
ADUS,120.78,2026-08-21T19:58:27Z
ADV,34.38,2026-08-21T19:59:22Z
ADVB,7.605,2026-08-21T13:44:47Z
ADX,25.96,2026-08-21T19:59:58Z
ADXN,4.93,2026-08-21T19:58:12Z
AEBI,12.325,2026-08-21T19:58:47Z
AEC,4.55,2026-08-21T19:11:52Z
AEE,106.14,2026-08-21T19:59:49Z
AEF,9.38,2026-08-21T19:58:04Z
AEG,8.98,2026-08-21T19:59:57Z
AEHG,10.165,2026-08-21T19:57:33Z
AEHL,6.09,2026-08-21T19:36:31Z
AEHR,101.645,2026-08-21T19:59:56Z
AEIS,285.85,2026-08-21T19:59:29Z
AEM,216.195,2026-08-21T19:59:58Z
AEMD,2.71,2026-08-21T19:29:02Z
AENT,5.57,2026-08-21T16:25:02Z
AEO,16.16,2026-08-21T19:59:59Z
AEON,0.1867,2026-08-21T19:31:03Z
AEP,120.87,2026-08-21T19:59:48Z
AER,146.18,2026-08-21T19:59:49Z
AERO,13.71,2026-08-21T19:59:48Z
AES,14.77,2026-08-21T19:59:56Z
AESI,12.57,2026-08-21T19:59:54Z
AESR,20.115,2026-08-21T18:10:00Z
AEVA,18.28,2026-08-21T19:59:56Z
AEYE,7.175,2026-08-21T19:59:35Z
AFB,10.925,2026-08-21T18:23:49Z
AFCG,3.28,2026-08-21T19:49:44Z
AFG,143.635,2026-08-21T19:56:58Z
AFJK,12.695,2026-08-21T19:59:02Z
AFK,29.89,2026-08-21T19:58:15Z
AFL,116.06,2026-08-21T19:59:53Z
AFOS,46.35,2026-08-21T19:04:29Z
AFRI,11.48,2026-08-21T16:07:54Z
AFRIW,1.24,2026-08-21T19:37:02Z
AFRM,76.995,2026-08-21T19:59:54Z
AFSM,40.54,2026-08-21T14:13:14Z
AFYA,14.37,2026-08-21T19:59:31Z
AG,21.095,2026-08-21T19:59:57Z
AGBK,6.06,2026-08-21T19:59:35Z
AGCO,106.8,2026-08-21T19:59:50Z
AGD,12.41,2026-08-21T19:59:36Z
AGEN,8.08,2026-08-21T19:59:45Z
AGG,97.36,2026-08-21T19:59:58Z
AGGH,19.845,2026-08-21T19:43:05Z
AGGY,42.705,2026-08-21T19:59:58Z
AGI,37.87,2026-08-21T19:59:56Z
AGIG,0.9534,2026-08-21T18:40:49Z
AGIO,33.115,2026-08-21T19:59:47Z
AGIX,44.965,2026-08-21T16:21:13Z
AGL,96.64,2026-08-21T19:59:56Z
AGM,220.635,2026-08-21T19:38:31Z
AGMB,13.14,2026-08-21T19:56:17Z
AGNC,10.89,2026-08-21T19:59:57Z
AGNCO,25.63,2026-08-21T15:49:09Z
AGNCP,25.38,2026-08-21T19:48:35Z
AGNG,38.73,2026-08-21T13:35:37Z
AGNT,4.57,2026-08-21T19:59:54Z
AGO,74.37,2026-08-21T19:59:04Z
AGOX,34.12,2026-08-21T19:24:39Z
AGPU,10.215,2026-08-21T19:59:51Z
AGQ,90.53,2026-08-21T19:59:36Z
AGQI,18.82,2026-08-21T16:15:51Z
AGRO,11.06,2026-08-21T19:59:43Z
AGRZ,0.3048,2026-08-21T18:15:53Z
AGX,501.26,2026-08-21T19:59:58Z
AGYS,113.78,2026-08-21T19:59:45Z
AGZ,108.72,2026-08-21T19:39:18Z
AHCO,5.63,2026-08-21T19:59:56Z
AHG,0.965,2026-08-21T19:01:17Z
AHL-F,23.41,2026-08-21T16:39:44Z
AHMA,1.45,2026-08-21T14:29:12Z
AHR,55.93,2026-08-21T19:59:59Z
AHRT,6.665,2026-08-21T19:59:56Z
AHRT-A,21.5,2026-08-21T13:50:11Z
AHT-G,6.42,2026-08-21T18:15:10Z
AI,10.29,2026-08-21T19:59:58Z
AIA,138.795,2026-08-21T19:59:59Z
AIAI,6.535,2026-08-21T19:58:31Z
AIB,1.405,2026-08-21T19:58:55Z
AIBZ,6.2,2026-08-21T19:58:13Z
AIDX,0.63,2026-08-21T16:14:39Z
AIFA,3.17,2026-08-21T19:59:48Z
AIFC,0.6722,2026-08-21T19:47:16Z
AIFU,17.265,2026-08-21T18:33:14Z
AIG,76.255,2026-08-21T19:59:42Z
AIHS,1.49,2026-08-21T19:59:14Z
AIHY,20.7,2026-08-21T15:04:52Z
AII,25.28,2026-08-21T19:59:52Z
AIIO,2.765,2026-08-21T19:59:41Z
AIM,0.2603,2026-08-21T19:59:12Z
AIN,59.23,2026-08-21T19:41:09Z
AINP,24.815,2026-08-21T18:50:01Z
AIO,25.67,2026-08-21T14:42:48Z
AIOT,3.04,2026-08-21T19:59:56Z
AIP,23.86,2026-08-21T19:59:32Z
AIPI,36.63,2026-08-21T19:30:53Z
AIPO,28.92,2026-08-21T19:59:48Z
AIQ,63.415,2026-08-21T19:59:51Z
AIR,134.07,2026-08-21T19:58:50Z
AIRE,1.6,2026-08-21T19:59:14Z
AIRG,5.41,2026-08-21T19:56:23Z
AIRJ,5.025,2026-08-21T19:59:52Z
AIRJW,1.3,2026-08-21T19:23:39Z
AIRO,8.605,2026-08-21T19:59:51Z
AIRR,115.28,2026-08-21T19:59:00Z
AIRS,2.75,2026-08-21T19:59:56Z
AIS,68.53,2026-08-21T14:41:13Z
AISP,2.14,2026-08-21T19:59:51Z
AIT,341.65,2026-08-21T19:59:53Z
AIV,2.62,2026-08-21T19:59:54Z
AIXC,1.15,2026-08-21T19:58:58Z
AIXI,0.4485,2026-08-21T19:47:50Z
AIYY,7.735,2026-08-21T19:59:37Z
AIZ,283.96,2026-08-21T19:59:52Z
AIZN,18.38,2026-08-21T17:30:48Z
AJG,263.865,2026-08-21T19:59:59Z
AJUL,30.34,2026-08-21T18:46:26Z
AKAM,110.4,2026-08-21T19:59:59Z
AKAN,3.81,2026-08-21T19:59:52Z
AKBA,0.9082,2026-08-21T19:59:55Z
AKR,21.055,2026-08-21T19:59:48Z
AKRE,60.51,2026-08-21T19:59:50Z
AKTS,24.16,2026-08-21T19:59:37Z
ALAB,284.875,2026-08-21T19:59:58Z
ALAI,44.64,2026-08-21T19:32:06Z
ALAR,1.7,2026-08-21T19:40:17Z
ALB,143.27,2026-08-21T19:59:55Z
ALC,73.64,2026-08-21T19:59:59Z
ALDX,1.52,2026-08-21T19:59:56Z
ALEC,2.36,2026-08-21T19:59:53Z
ALG,164.15,2026-08-21T19:57:07Z
ALGM,37.16,2026-08-21T19:59:51Z
ALGN,162.61,2026-08-21T19:59:58Z
ALGS,6.645,2026-08-21T19:59:13Z
ALGT,81.78,2026-08-21T19:59:54Z
ALH,23.48,2026-08-21T19:59:50Z
ALHC,13.165,2026-08-21T19:59:59Z
ALIT,14.24,2026-08-21T19:59:59Z
ALK,40.39,2026-08-21T19:59:46Z
ALKS,48.335,2026-08-21T19:59:50Z
ALKT,20.38,2026-08-21T19:59:29Z
ALL,253.695,2026-08-21T19:59:50Z
ALL-H,18.72,2026-08-21T17:26:32Z
ALL-I,17.5,2026-08-21T15:22:23Z
ALLE,162.33,2026-08-21T19:59:54Z
ALLO,2.08,2026-08-21T19:59:57Z
ALLR,1.42,2026-08-21T19:10:58Z
ALLT,7.475,2026-08-21T19:59:54Z
ALLW,30.215,2026-08-21T19:59:54Z
ALLY,42.94,2026-08-21T19:59:58Z
ALM,18.52,2026-08-21T19:59:51Z
ALMR,34.18,2026-08-21T19:59:20Z
ALMS,24.22,2026-08-21T19:59:53Z
ALMU,14.76,2026-08-21T19:59:57Z
ALNT,95.78,2026-08-21T19:57:48Z
ALNY,236.17,2026-08-21T19:59:54Z
ALOT,28.9,2026-08-21T19:25:45Z
ALOY,12.495,2026-08-21T19:59:56Z
ALP,0.1539,2026-08-21T19:48:43Z
ALPS,0.3056,2026-08-21T19:58:26Z
ALRM,57.52,2026-08-21T19:59:09Z
ALRS,32.755,2026-08-21T19:57:45Z
ALSN,133.22,2026-08-21T19:59:53Z
ALT,3.1,2026-08-21T19:59:57Z
ALTG,6.49,2026-08-21T19:58:45Z
ALTI,4.06,2026-08-21T19:58:57Z
ALTO,4.375,2026-08-21T19:59:56Z
ALV,125.3,2026-08-21T19:58:09Z
ALVO,4.42,2026-08-21T19:59:58Z
ALX,264.105,2026-08-21T18:00:57Z
ALXO,2.04,2026-08-21T19:59:50Z
ALZN,1.54,2026-08-21T19:55:12Z
AM,22.155,2026-08-21T19:59:49Z
AMA,24.29,2026-08-21T19:55:00Z
AMACU,9.95,2026-08-21T15:02:51Z
AMAL,48.765,2026-08-21T19:43:31Z
AMAN,10.7,2026-08-21T16:16:26Z
AMAT,492.12,2026-08-21T19:59:56Z
AMAU,14.76,2026-08-21T19:55:00Z
AMBA,73.75,2026-08-21T19:59:58Z
AMBP,5.36,2026-08-21T19:59:57Z
AMBQ,59.105,2026-08-21T19:59:28Z
AMBR,1.0077,2026-08-21T19:59:28Z
AMC,2.55,2026-08-21T19:59:56Z
AMCI,5.09,2026-08-21T19:50:08Z
AMCR,48.58,2026-08-21T19:59:58Z
AMCX,12.415,2026-08-21T19:59:23Z
AMD,473.2,2026-08-21T19:59:56Z
AMDD,30.245,2026-08-21T19:54:47Z
AMDG,82.96,2026-08-21T19:54:30Z
AMDL,49.58,2026-08-21T19:58:03Z
AMDW,80.35,2026-08-21T13:57:35Z
AMDY,43.14,2026-08-21T19:59:51Z
AME,239.5,2026-08-21T19:59:53Z
AMEI,26.51,2026-08-21T19:35:57Z
AMG,356.14,2026-08-21T19:59:59Z
AMGN,439.405,2026-08-21T19:59:57Z
AMGR,25.39,2026-08-21T19:59:46Z
AMH,34.35,2026-08-21T19:59:50Z
AMID,36.75,2026-08-21T19:59:46Z
AMIX,5.245,2026-08-21T19:58:52Z
AMJB,37.24,2026-08-21T17:27:47Z
AMKL,6.71,2026-08-21T13:39:20Z
AMKR,50.235,2026-08-21T19:59:59Z
AMLP,54.74,2026-08-21T19:59:51Z
AMLX,38.665,2026-08-21T19:59:57Z
AMN,34.44,2026-08-21T19:59:51Z
AMODW,0.02,2026-08-21T15:00:30Z
AMP,555.5,2026-08-21T19:59:46Z
AMPG,3.455,2026-08-21T19:59:29Z
AMPH,21.6,2026-08-21T19:59:51Z
AMPL,13.285,2026-08-21T19:59:57Z
AMPU,2.55,2026-08-21T19:59:50Z
AMPX,10.34,2026-08-21T19:59:59Z
AMPX+,3.53,2026-08-21T17:40:01Z
AMPY,4.82,2026-08-21T19:59:56Z
AMR,209.91,2026-08-21T19:59:54Z
AMRC,21.36,2026-08-21T19:59:49Z
AMRN,14.09,2026-08-21T19:55:22Z
AMRX,17.905,2026-08-21T19:59:51Z
AMRZ,45.595,2026-08-21T19:59:51Z
AMSC,30.015,2026-08-21T19:59:47Z
AMSF,26,2026-08-21T19:59:55Z
AMSS,1.05,2026-08-21T16:37:02Z
AMST,1.06,2026-08-21T19:49:44Z
AMT,175.77,2026-08-21T19:59:49Z
AMTB,28.69,2026-08-21T19:59:20Z
AMTM,21.52,2026-08-21T19:59:58Z
AMTX,2.07,2026-08-21T19:59:59Z
AMUN,26.08,2026-08-21T13:58:47Z
AMUU,172.94,2026-08-21T19:54:30Z
AMWL,11.81,2026-08-21T19:53:04Z
AMX,23.765,2026-08-21T19:59:51Z
AMYY,13.815,2026-08-21T17:57:46Z
AMZD,8.475,2026-08-21T19:59:41Z
AMZE,0.1929,2026-08-21T19:53:16Z
AMZG,16.15,2026-08-21T15:50:27Z
AMZN,258.57,2026-08-21T19:59:58Z
AMZO,13.83,2026-08-21T19:59:50Z
AMZU,37.46,2026-08-21T19:59:56Z
AMZW,37.315,2026-08-21T19:59:46Z
AMZY,10.76,2026-08-21T19:59:32Z
AMZZ,35.02,2026-08-21T19:53:23Z
AN,198.95,2026-08-21T19:59:04Z
ANAB,57.66,2026-08-21T19:59:54Z
ANDE,67.91,2026-08-21T19:55:01Z
ANDG,50.14,2026-08-21T19:59:52Z
ANET,188.66,2026-08-21T19:59:54Z
ANF,109.14,2026-08-21T19:59:51Z
ANGH,3.45,2026-08-21T17:24:13Z
ANGI,4.93,2026-08-21T19:59:55Z
ANGL,29.01,2026-08-21T19:59:55Z
ANGO,15.76,2026-08-21T19:59:41Z
ANGU,25.29,2026-08-21T19:10:07Z
ANGX,4.33,2026-08-21T19:59:53Z
ANIK,21.72,2026-08-21T19:44:53Z
ANIP,75.395,2026-08-21T19:59:50Z
ANIX,3.705,2026-08-21T19:59:45Z
ANL,13.65,2026-08-21T19:48:33Z
ANNA,2.85,2026-08-21T19:58:53Z
ANNX,5.065,2026-08-21T19:59:55Z
ANRO,34.295,2026-08-21T19:59:48Z
ANTA,4,2026-08-21T14:52:40Z
ANTX,5.81,2026-08-21T19:59:50Z
ANVS,1.81,2026-08-21T19:59:56Z
ANY,2.64,2026-08-21T19:57:36Z
AOA,99.01,2026-08-21T19:59:58Z
AOD,10.755,2026-08-21T19:59:59Z
AOHY,11.055,2026-08-21T19:59:46Z
AOK,41.3,2026-08-21T19:59:51Z
AOM,49.75,2026-08-21T19:21:09Z
AOMR,8.24,2026-08-21T19:58:56Z
AON,354.99,2026-08-21T19:59:56Z
AOR,69.84,2026-08-21T19:59:40Z
AORT,28.06,2026-08-21T19:59:52Z
AOS,63.07,2026-08-21T19:59:59Z
AOSL,26.365,2026-08-21T19:59:58Z
AOUT,11.255,2026-08-21T19:50:22Z
AP,8.835,2026-08-21T19:57:23Z
APA,43.39,2026-08-21T19:59:58Z
APAM,42.28,2026-08-21T19:59:40Z
APC,18.43,2026-08-21T19:59:50Z
APCB,28.955,2026-08-21T16:41:21Z
APD,305.04,2026-08-21T19:59:49Z
APDB,26.09,2026-08-21T15:19:29Z
APEI,45.38,2026-08-21T19:56:08Z
APG,41.16,2026-08-21T19:59:53Z
APGE,134.73,2026-08-21T19:59:59Z
APH,157.04,2026-08-21T19:59:56Z
API,4.335,2026-08-21T16:44:03Z
APIE,39.75,2026-08-21T16:14:25Z
APLD,27.205,2026-08-21T19:59:58Z
APLE,16.66,2026-08-21T19:59:57Z
APLU,24.27,2026-08-21T19:08:30Z
APLX,9.215,2026-08-21T19:52:32Z
APLY,11.45,2026-08-21T19:59:50Z
APLZ,22.95,2026-08-21T19:52:20Z
APMC,9.93,2026-08-21T18:24:29Z
APMD,28.265,2026-08-21T19:59:23Z
APMU,24.82,2026-08-21T19:15:40Z
APO,132.68,2026-08-21T19:59:50Z
APOC,26.46,2026-08-21T15:57:52Z
APOG,41.675,2026-08-21T19:43:39Z
APOS,25.37,2026-08-21T19:49:49Z
APP,305.99,2026-08-21T19:59:54Z
APPF,223.25,2026-08-21T19:51:20Z
APPN,38.31,2026-08-21T19:59:57Z
APPS,10.89,2026-08-21T19:59:55Z
APPX,12.25,2026-08-21T19:48:22Z
APRJ,24.93,2026-08-21T14:34:57Z
APRP,33.13,2026-08-21T14:24:34Z
APT,5.22,2026-08-21T19:59:50Z
APTV,48.27,2026-08-21T19:59:55Z
APUE,47.385,2026-08-21T19:55:01Z
APUS,4.71,2026-08-21T18:46:28Z
APVO,2.62,2026-08-21T17:31:55Z
APXT,10.11,2026-08-21T18:02:12Z
APYX,3.1,2026-08-21T19:58:20Z
AQB,1.34,2026-08-21T18:00:00Z
AQLT,31.99,2026-08-21T19:37:24Z
AQN,5.705,2026-08-21T19:59:57Z
AQNB,26.05,2026-08-21T18:09:30Z
AQST,4.655,2026-08-21T19:59:57Z
AR,37.94,2026-08-21T19:59:58Z
ARAI,0.2441,2026-08-21T19:56:57Z
ARAY,0.283,2026-08-21T19:45:09Z
ARBB,4.755,2026-08-21T16:17:52Z
ARBE,0.7133,2026-08-21T19:59:58Z
ARCB,140.23,2026-08-21T19:59:51Z
ARCC,19.93,2026-08-21T19:59:58Z
ARCI,10.14,2026-08-21T16:55:18Z
ARCIW,0.52,2026-08-21T15:19:15Z
ARCO,7.97,2026-08-21T19:59:56Z
ARCT,13.47,2026-08-21T19:59:50Z
ARDT,10.99,2026-08-21T19:59:43Z
ARDX,3.885,2026-08-21T19:59:56Z
ARE,53.52,2026-08-21T19:59:52Z
AREC,2.67,2026-08-21T19:59:57Z
AREN,0.9253,2026-08-21T19:59:20Z
ARES,141.275,2026-08-21T19:59:55Z
ARGT,92.78,2026-08-21T19:59:31Z
ARGX,1040.81,2026-08-21T19:58:05Z
ARHS,9.39,2026-08-21T19:59:55Z
ARI,6.94,2026-08-21T19:59:56Z
ARIS,20.86,2026-08-21T19:59:52Z
ARKB,25.545,2026-08-21T19:59:49Z
ARKF,45.72,2026-08-21T19:59:31Z
ARKG,49.505,2026-08-21T19:59:54Z
ARKK,86.23,2026-08-21T19:59:58Z
ARKO,4.75,2026-08-21T19:59:50Z
ARKQ,125.61,2026-08-21T19:59:51Z
ARKW,155.3,2026-08-21T19:43:06Z
ARKX,33.28,2026-08-21T19:58:32Z
ARKY,20.26,2026-08-21T19:56:29Z
ARLO,13.11,2026-08-21T19:59:44Z
ARLP,26.32,2026-08-21T19:58:59Z
ARLU,32.46,2026-08-21T18:18:35Z
ARM,243.41,2026-08-21T19:59:56Z
ARMG,16.31,2026-08-21T19:59:56Z
ARMK,59.78,2026-08-21T19:59:53Z
ARMP,5.1,2026-08-21T19:58:35Z
ARMW,40.13,2026-08-21T16:51:09Z
AROC,31.81,2026-08-21T19:59:56Z
AROW,38.48,2026-08-21T19:52:40Z
ARQ,2.31,2026-08-21T19:59:07Z
ARQQ,21.01,2026-08-21T19:59:51Z
ARQT,25.1,2026-08-21T19:59:55Z
ARR,16.33,2026-08-21T19:59:59Z
ARRY,4.68,2026-08-21T19:59:55Z
ARTL,0.69,2026-08-21T19:48:29Z
ARTNA,35.59,2026-08-21T19:51:23Z
ARTV,10.93,2026-08-21T19:59:35Z
ARTY,74.1,2026-08-21T19:59:55Z
ARVN,9.37,2026-08-21T19:59:57Z
ARW,210.66,2026-08-21T19:59:49Z
ARWR,87.145,2026-08-21T19:59:56Z
ARX,19.6,2026-08-21T19:59:57Z
ARXS,53.325,2026-08-21T19:59:44Z
AS,32.615,2026-08-21T19:59:56Z
ASA,63.27,2026-08-21T18:56:57Z
ASAN,9.57,2026-08-21T19:59:59Z
ASB,30.84,2026-08-21T19:59:55Z
ASBP,8.045,2026-08-21T16:04:07Z
ASC,18.41,2026-08-21T19:59:41Z
ASCE,34.975,2026-08-21T19:50:07Z
ASEA,21.71,2026-08-21T19:11:10Z
ASG,5.265,2026-08-21T19:55:26Z
ASGI,25.155,2026-08-21T19:55:13Z
ASH,72.67,2026-08-21T19:59:52Z
ASHR,34.48,2026-08-21T19:59:53Z
ASIC,26.01,2026-08-21T19:54:10Z
ASIX,17.205,2026-08-21T19:59:26Z
ASLE,5.565,2026-08-21T19:59:55Z
ASM,7.395,2026-08-21T19:59:51Z
ASMB,34.41,2026-08-21T19:59:49Z
ASMG,48.47,2026-08-21T17:57:51Z
ASML,1764.75,2026-08-21T19:59:58Z
ASMU,31.64,2026-08-21T15:56:44Z
ASND,253.8,2026-08-21T19:58:44Z
ASO,45.86,2026-08-21T19:59:48Z
ASPC,12.23,2026-08-21T19:55:49Z
ASPCR,0.0772,2026-08-21T17:20:02Z
ASPI,3.98,2026-08-21T19:59:55Z
ASPN,5.175,2026-08-21T19:59:56Z
ASR,262.79,2026-08-21T19:59:51Z
ASST,18.225,2026-08-21T19:59:58Z
ASTE,43.56,2026-08-21T19:59:41Z
ASTG,10.32,2026-08-21T14:01:44Z
ASTH,39.43,2026-08-21T19:59:41Z
ASTI,3.1,2026-08-21T19:59:42Z
ASTL,4.65,2026-08-21T19:59:54Z
ASTN,4.18,2026-08-21T19:52:53Z
ASTS,68.695,2026-08-21T19:59:55Z
ASTX,14.05,2026-08-21T19:59:50Z
ASTY,7.46,2026-08-21T13:48:34Z
ASUP,9.87,2026-08-21T13:40:49Z
ASUR,8.72,2026-08-21T19:59:53Z
ASX,36.525,2026-08-21T19:59:58Z
ASYS,14.63,2026-08-21T19:58:53Z
ATAI,7.395,2026-08-21T19:59:54Z
ATAT,34.76,2026-08-21T19:59:45Z
ATCH,0.1975,2026-08-21T19:59:32Z
ATEC,9.48,2026-08-21T19:59:58Z
ATEN,26.115,2026-08-21T19:59:59Z
ATER,0.4546,2026-08-21T16:10:44Z
ATEX,93.465,2026-08-21T19:59:59Z
ATH-A,23.59,2026-08-21T19:02:50Z
ATH-D,15.48,2026-08-21T19:58:23Z
ATH-E,25.22,2026-08-21T15:23:27Z
ATHE,4.59,2026-08-21T19:57:10Z
ATHM,22.21,2026-08-21T19:59:51Z
ATHS,24.48,2026-08-21T19:50:57Z
ATI,206.96,2026-08-21T19:59:56Z
ATII,10.68,2026-08-21T19:00:09Z
ATIIW,1.54,2026-08-21T19:27:41Z
ATKR,93.6,2026-08-21T19:59:46Z
ATLC,95.565,2026-08-21T19:55:03Z
ATLCZ,25.39,2026-08-21T13:49:26Z
ATLO,31.775,2026-08-21T19:56:34Z
ATLX,3.3,2026-08-21T19:56:24Z
ATMU,49.795,2026-08-21T19:59:49Z
ATNI,30.755,2026-08-21T19:52:57Z
ATNM,1.11,2026-08-21T19:59:51Z
ATO,166.87,2026-08-21T19:59:48Z
ATOM,4.77,2026-08-21T19:59:40Z
ATPC,2.43,2026-08-21T19:29:56Z
ATR,134.74,2026-08-21T19:59:49Z
ATRA,9.58,2026-08-21T17:20:13Z
ATRC,48.99,2026-08-21T19:59:52Z
ATRO,78.06,2026-08-21T19:59:32Z
ATS,19.745,2026-08-21T19:59:55Z
ATTO,20.9,2026-08-21T19:59:49Z
ATYR,0.5023,2026-08-21T19:59:40Z
AU,121.25,2026-08-21T19:59:57Z
AUAU,44.1,2026-08-21T17:26:35Z
AUB,41.14,2026-08-21T19:59:52Z
AUDC,9.58,2026-08-21T19:57:02Z
AUGM,35.38,2026-08-21T17:03:06Z
AUGO,87.325,2026-08-21T19:59:57Z
AUGT,39.15,2026-08-21T19:47:49Z
AUGU,32.17,2026-08-21T19:55:01Z
AUGW,34.62,2026-08-21T19:19:58Z
AUID,0.5027,2026-08-21T14:14:32Z
AUNA,5.265,2026-08-21T19:59:52Z
AUPH,16.645,2026-08-21T19:59:59Z
AUR,6.23,2026-08-21T19:59:55Z
AURA,7.8,2026-08-21T19:59:54Z
AUSF,51.995,2026-08-21T19:58:56Z
AUST,1.315,2026-08-21T14:49:22Z
AUTL,2.405,2026-08-21T19:59:52Z
AVA,37.56,2026-08-21T19:59:57Z
AVAH,13.15,2026-08-21T19:59:58Z
AVAL,5.455,2026-08-21T19:48:08Z
AVAT,0.5068,2026-08-21T18:43:57Z
AVAV,160.2,2026-08-21T19:59:54Z
AVBC,21.79,2026-08-21T19:59:46Z
AVBH,32.195,2026-08-21T19:52:07Z
AVBP,29.16,2026-08-21T19:53:40Z
AVD,2.31,2026-08-21T19:59:33Z
AVDE,94.235,2026-08-21T19:59:56Z
AVDV,111.96,2026-08-21T19:59:51Z
AVEE,68.02,2026-08-21T14:20:09Z
AVEM,94.21,2026-08-21T19:59:50Z
AVES,65.21,2026-08-21T19:50:14Z
AVEX,18.29,2026-08-21T19:59:50Z
AVGE,101.71,2026-08-21T16:30:17Z
AVGG,24.7,2026-08-21T19:59:51Z
AVGO,368.37,2026-08-21T19:59:59Z
AVGU,31.23,2026-08-21T16:58:16Z
AVGW,35.19,2026-08-21T18:42:10Z
AVGX,42.39,2026-08-21T19:57:49Z
AVIG,40.705,2026-08-21T19:47:38Z
AVIR,5.425,2026-08-21T19:59:47Z
AVIV,83.5,2026-08-21T18:57:38Z
AVK,12.67,2026-08-21T19:20:24Z
AVL,39.985,2026-08-21T19:55:00Z
AVLC,91.63,2026-08-21T18:52:53Z
AVLN,38.36,2026-08-21T19:58:11Z
AVLV,94.63,2026-08-21T19:59:43Z
AVMV,82.72,2026-08-21T19:59:50Z
AVNM,85.6,2026-08-21T18:41:05Z
AVNT,44.64,2026-08-21T19:59:50Z
AVNW,20.895,2026-08-21T19:56:59Z
AVO,13.3,2026-08-21T19:59:57Z
AVPT,13.37,2026-08-21T19:59:57Z
AVR,8.975,2026-08-21T19:59:48Z
AVRE,48.3,2026-08-21T19:18:46Z
AVRY,25.65,2026-08-21T19:59:51Z
AVS,7.93,2026-08-21T19:59:51Z
AVSC,73.845,2026-08-21T19:59:47Z
AVSD,83.035,2026-08-21T19:44:54Z
AVSF,46.35,2026-08-21T15:24:07Z
AVT,88.635,2026-08-21T19:59:55Z
AVTR,14.46,2026-08-21T19:59:59Z
AVTX,19.86,2026-08-21T19:59:41Z
AVUS,130.54,2026-08-21T19:59:56Z
AVUV,126.43,2026-08-21T19:59:51Z
AVX,3.33,2026-08-21T19:52:30Z
AVXC,81.645,2026-08-21T19:59:59Z
AVXL,3.23,2026-08-21T19:59:55Z
AVXX,5.68,2026-08-21T19:59:45Z
AVY,184.005,2026-08-21T19:59:25Z
AWF,10.13,2026-08-21T19:58:56Z
AWI,178.87,2026-08-21T19:59:35Z
AWK,135.42,2026-08-21T19:59:51Z
AWP,11.805,2026-08-21T19:59:50Z
AWR,88.73,2026-08-21T19:59:28Z
AWRE,1.23,2026-08-21T15:31:50Z
AX,96.58,2026-08-21T19:57:48Z
AXG,2.525,2026-08-21T18:39:20Z
AXGN,50.44,2026-08-21T19:59:54Z
AXIL,6.04,2026-08-21T19:47:55Z
AXON,627.7,2026-08-21T19:59:58Z
AXP,336.12,2026-08-21T19:59:54Z
AXR,23.22,2026-08-21T19:59:28Z
AXS,98.78,2026-08-21T19:59:51Z
AXS-E,18.45,2026-08-21T19:49:32Z
AXSM,207.665,2026-08-21T19:59:56Z
AXTA,36.18,2026-08-21T19:59:50Z
AXTI,70.75,2026-08-21T19:59:58Z
AXTL,3.21,2026-08-21T19:50:00Z
AXTQ,42.435,2026-08-21T17:43:34Z
AXTU,4.53,2026-08-21T19:59:53Z
AXTX,8.415,2026-08-21T19:59:33Z
AYA,26.62,2026-08-21T19:59:37Z
AYI,343.63,2026-08-21T19:59:37Z
AYTU,2.35,2026-08-21T19:46:24Z
AZ,7.14,2026-08-21T19:59:58Z
AZI,1.475,2026-08-21T19:30:29Z
AZIO,1.165,2026-08-21T19:57:06Z
AZN,165.88,2026-08-21T19:59:49Z
AZO,2957.08,2026-08-21T19:59:48Z
AZTA,37.42,2026-08-21T19:59:50Z
AZTR,0.1335,2026-08-21T18:31:45Z
AZUL,7.72,2026-08-21T19:57:53Z
AZZ,141.12,2026-08-21T19:59:40Z
B,47.615,2026-08-21T19:59:56Z
BA,214.2,2026-08-21T19:59:58Z
BA-A,66.19,2026-08-21T19:53:47Z
BAB,26.345,2026-08-21T19:59:52Z
BABA,119.33,2026-08-21T19:59:53Z
BABO,8.12,2026-08-21T17:22:34Z
BABU,11.475,2026-08-21T15:01:45Z
BABX,20.41,2026-08-21T19:59:59Z
BAC,61.7,2026-08-21T19:59:59Z
BAC-B,24.42,2026-08-21T14:34:11Z
BAC-K,23.42,2026-08-21T19:59:58Z
BAC-M,20.72,2026-08-21T19:26:38Z
BAC-N,19.34,2026-08-21T19:58:51Z
BAC-O,16.71,2026-08-21T15:49:09Z
BAC-P,15.9,2026-08-21T19:11:10Z
BAC-Q,16.22,2026-08-21T16:56:51Z
BAC-S,18.02,2026-08-21T14:35:22Z
BAER,1.23,2026-08-21T19:58:26Z
BAFN,7.4,2026-08-21T19:55:00Z
BAH,77.03,2026-08-21T19:59:55Z
BAI,44.28,2026-08-21T19:59:45Z
BAIG,18.11,2026-08-21T17:39:44Z
BAK,1.995,2026-08-21T19:59:48Z
BALI,34.7,2026-08-21T19:59:50Z
BALL,63.62,2026-08-21T19:59:49Z
BALT,34.705,2026-08-21T18:47:32Z
BALY,10,2026-08-21T19:51:46Z
BAM,52.275,2026-08-21T19:59:49Z
BAMB,25.84,2026-08-21T13:42:00Z
BAMD,35.09,2026-08-21T19:35:14Z
BAMU,25.32,2026-08-21T13:41:59Z
BANC,18.63,2026-08-21T19:59:57Z
BANC-F,25.2,2026-08-21T17:13:58Z
BAND,47.51,2026-08-21T19:59:55Z
BANF,112.96,2026-08-21T19:55:00Z
BANL,12.41,2026-08-21T16:39:28Z
BANR,71.15,2026-08-21T19:59:45Z
BANX,20.67,2026-08-21T19:56:32Z
BAOS,0.4701,2026-08-21T19:59:35Z
BAP,378.87,2026-08-21T19:59:41Z
BAR,45.44,2026-08-21T19:58:29Z
BARK,10.18,2026-08-21T19:45:56Z
BATL,1.355,2026-08-21T19:59:11Z
BATRA,56.54,2026-08-21T19:59:30Z
BATRK,52,2026-08-21T19:59:19Z
BAX,26.34,2026-08-21T19:59:56Z
BB,8.045,2026-08-21T19:59:54Z
BBAG,45.115,2026-08-21T19:59:45Z
BBAI,3.22,2026-08-21T19:59:57Z
BBAR,14.04,2026-08-21T19:59:48Z
BBAX,65.27,2026-08-21T19:59:45Z
BBBYW,0.3701,2026-08-21T13:38:49Z
BBCA,107.54,2026-08-21T19:59:43Z
BBCP,9.31,2026-08-21T19:59:35Z
BBCQ,9.765,2026-08-21T19:59:57Z
BBCQW,1.93,2026-08-21T18:35:03Z
BBD,3.115,2026-08-21T19:59:41Z
BBDC,9.33,2026-08-21T19:59:56Z
BBDO,3.15,2026-08-21T18:18:02Z
BBEU,80.915,2026-08-21T19:56:41Z
BBGI,20.37,2026-08-21T16:33:52Z
BBH,241.29,2026-08-21T19:18:54Z
BBHM,12.13,2026-08-21T15:00:04Z
BBHY,45.8,2026-08-21T19:54:50Z
BBIN,81.32,2026-08-21T19:32:46Z
BBIO,81.47,2026-08-21T19:59:48Z
BBJP,76.845,2026-08-21T19:59:56Z
BBLS,24.99,2026-08-21T18:01:10Z
BBLU,17.36,2026-08-21T19:59:19Z
BBN,15.76,2026-08-21T19:29:54Z
BBNX,19.04,2026-08-21T19:59:50Z
BBOT,9.065,2026-08-21T19:59:56Z
BBP,108.76,2026-08-21T15:06:16Z
BBSI,33.58,2026-08-21T19:59:30Z
BBT,31.65,2026-08-21T19:59:52Z
BBUC,28.675,2026-08-21T19:59:53Z
BBUS,138.175,2026-08-21T19:59:40Z
BBVA,29.04,2026-08-21T19:59:51Z
BBW,38.905,2026-08-21T19:59:54Z
BBWI,19.46,2026-08-21T19:59:58Z
BBY,85.99,2026-08-21T19:59:49Z
BC,80.89,2026-08-21T19:59:16Z
BCAB,3.27,2026-08-21T19:45:20Z
BCAL,21.37,2026-08-21T19:57:49Z
BCAR,5.61,2026-08-21T19:46:21Z
BCARW,0.5696,2026-08-21T19:59:30Z
BCAT,15.905,2026-08-21T19:59:43Z
BCAX,23.91,2026-08-21T19:58:18Z
BCBP,8.78,2026-08-21T19:59:50Z
BCC,82.42,2026-08-21T19:59:48Z
BCCQ,9.93,2026-08-21T19:06:09Z
BCCQW,0.49,2026-08-21T17:19:59Z
BCD,38.275,2026-08-21T15:44:33Z
BCDA,0.9696,2026-08-21T16:05:51Z
BCDF,33.95,2026-08-21T15:32:28Z
BCE,23.72,2026-08-21T19:59:54Z
BCG,1.41,2026-08-21T19:56:43Z
BCH,42.25,2026-08-21T19:59:06Z
BCHT,1.35,2026-08-21T19:59:15Z
BCI,25.485,2026-08-21T19:58:55Z
BCIC,7.635,2026-08-21T17:37:58Z
BCIL,30.02,2026-08-21T16:06:40Z
BCML,30.01,2026-08-21T19:59:02Z
BCO,111.705,2026-08-21T19:58:13Z
BCPC,181.47,2026-08-21T19:57:32Z
BCPL,24.45,2026-08-21T19:14:57Z
BCRX,9.555,2026-08-21T19:59:55Z
BCS,26.83,2026-08-21T19:59:55Z
BCSF,12.075,2026-08-21T19:59:49Z
BCTK,29.92,2026-08-21T15:39:02Z
BCTX,4.055,2026-08-21T19:59:47Z
BCTXZ,0.131,2026-08-21T19:41:43Z
BCUS,35.24,2026-08-21T17:06:50Z
BCV,25.01,2026-08-21T15:44:48Z
BCX,13.14,2026-08-21T16:33:04Z
BCYC,4.355,2026-08-21T19:59:39Z
BDBT,24.83,2026-08-21T19:08:16Z
BDC,122.335,2026-08-21T19:58:30Z
BDCZ,15.38,2026-08-21T18:54:07Z
BDJ,9.79,2026-08-21T19:59:42Z
BDMD,1.17,2026-08-21T19:58:46Z
BDN,3.02,2026-08-21T19:59:55Z
BDRY,14.74,2026-08-21T17:20:04Z
BDSX,26.445,2026-08-21T19:58:56Z
BDTX,2.2,2026-08-21T19:59:59Z
BDVL,26.64,2026-08-21T19:50:57Z
BDX,192,2026-08-21T19:59:55Z
BDYN,28.225,2026-08-21T19:58:27Z
BE,201.34,2026-08-21T19:59:58Z
BEAGR,0.26,2026-08-21T19:33:04Z
BEAM,29.78,2026-08-21T19:59:47Z
BEAT,0.489,2026-08-21T19:56:45Z
BEEM,1.57,2026-08-21T19:59:56Z
BEEP,2.69,2026-08-21T16:36:37Z
BEEX,28.24,2026-08-21T19:55:00Z
BEG,29.21,2026-08-21T19:27:01Z
BEGS,18.96,2026-08-21T17:31:08Z
BEKE,17.76,2026-08-21T19:59:56Z
BELFA,215.49,2026-08-21T16:01:57Z
BELFB,258.52,2026-08-21T19:30:22Z
BEN,34.32,2026-08-21T19:59:58Z
BEP,32.77,2026-08-21T19:59:54Z
BEP-A,16.85,2026-08-21T13:30:04Z
BEPC,33.27,2026-08-21T19:59:58Z
BEPI,16.21,2026-08-21T19:53:01Z
BEPJ,23.71,2026-08-21T17:23:39Z
BERZ,21.05,2026-08-21T19:59:51Z
BESS,3.3,2026-08-21T18:34:05Z
BETA,24.72,2026-08-21T19:59:59Z
BETH,42.92,2026-08-21T14:26:03Z
BETR,11.71,2026-08-21T19:59:46Z
BEX,20.68,2026-08-21T19:57:04Z
BEZ,11.97,2026-08-21T19:10:04Z
BF.A,29.02,2026-08-21T19:54:09Z
BF.B,28.375,2026-08-21T19:59:43Z
BFAM,72.81,2026-08-21T19:59:49Z
BFC,152.16,2026-08-21T18:15:59Z
BFH,106.07,2026-08-21T19:59:44Z
BFH-A,25.25,2026-08-21T19:21:56Z
BFJA,18.58,2026-08-21T13:50:32Z
BFLB,55.38,2026-08-21T19:04:10Z
BFLX,25.845,2026-08-21T19:59:03Z
BFLY,9.55,2026-08-21T19:59:55Z
BFOR,24.285,2026-08-21T19:59:45Z
BFRG,0.5877,2026-08-21T19:59:52Z
BFRI,1.47,2026-08-21T19:55:53Z
BFRZ,27.165,2026-08-21T19:49:51Z
BFS,33.74,2026-08-21T19:59:49Z
BFST,31.16,2026-08-21T19:59:45Z
BG,112.98,2026-08-21T19:59:51Z
BGB,11.27,2026-08-21T19:59:51Z
BGC,11.84,2026-08-21T19:59:56Z
BGDE,7.485,2026-08-21T19:32:01Z
BGH,14.05,2026-08-21T19:45:18Z
BGIG,36.93,2026-08-21T19:57:55Z
BGIN,2.26,2026-08-21T19:59:51Z
BGL,0.2229,2026-08-21T13:35:15Z
BGLD,17.7,2026-08-21T19:59:46Z
BGLWW,0.041,2026-08-21T14:32:54Z
BGR,17.48,2026-08-21T19:26:16Z
BGS,3.46,2026-08-21T19:59:53Z
BGSI,88.07,2026-08-21T19:59:16Z
BGT,10.87,2026-08-21T19:51:33Z
BGX,10.795,2026-08-21T19:50:03Z
BGY,5.84,2026-08-21T19:57:56Z
BH,388.91,2026-08-21T19:59:58Z
BH.A,1950.91,2026-08-21T18:59:35Z
BHB,39.8,2026-08-21T19:59:35Z
BHC,6.415,2026-08-21T19:59:55Z
BHE,72.56,2026-08-21T19:59:15Z
BHF,52.29,2026-08-21T19:59:48Z
BHFAL,15.75,2026-08-21T16:49:05Z
BHFAM,9.53,2026-08-21T18:03:04Z
BHFAN,11.1,2026-08-21T18:10:19Z
BHFAO,13.92,2026-08-21T15:27:28Z
BHFAP,13.59,2026-08-21T18:40:46Z
BHK,8.92,2026-08-21T19:59:37Z
BHP,97.07,2026-08-21T19:59:49Z
BHR,2.065,2026-08-21T19:59:55Z
BHRB,71.405,2026-08-21T19:19:22Z
BHST,2.08,2026-08-21T19:59:59Z
BHVN,13.84,2026-08-21T19:59:53Z
BHYP,42.13,2026-08-21T19:53:05Z
BIAF,0.3942,2026-08-21T17:43:52Z
BIB,124.1,2026-08-21T14:22:34Z
BIBL,55.87,2026-08-21T19:59:47Z
BID,9.86,2026-08-21T18:02:15Z
BIDD,31.05,2026-08-21T16:50:23Z
BIDG,7.22,2026-08-21T18:56:41Z
BIDU,93.23,2026-08-21T19:59:49Z
BIGY,52.17,2026-08-21T13:32:09Z
BIIB,216.78,2026-08-21T19:59:52Z
BIL,91.6,2026-08-21T19:59:06Z
BILI,17.04,2026-08-21T19:59:55Z
BILL,47.69,2026-08-21T19:59:46Z
BILS,99.37,2026-08-21T18:49:24Z
BILT,27.785,2026-08-21T19:59:45Z
BILZ,100.875,2026-08-21T19:51:43Z
BINC,52.03,2026-08-21T19:59:51Z
BIO,379.85,2026-08-21T19:59:53Z
BIOA,9.485,2026-08-21T19:59:31Z
BIOT,0.41,2026-08-21T14:57:33Z
BIOX,0.4397,2026-08-21T19:57:56Z
BIP,38.925,2026-08-21T19:59:52Z
BIPC,39.54,2026-08-21T19:59:49Z
BIPJ,23.92,2026-08-21T14:12:16Z
BIRD,2.44,2026-08-21T19:59:37Z
BIRK,35.66,2026-08-21T19:59:50Z
BIS,10.84,2026-08-21T14:02:48Z
BIT,11.91,2026-08-21T19:34:54Z
BITA,59.49,2026-08-21T19:39:15Z
BITB,41.815,2026-08-21T19:59:54Z
BITC,40.02,2026-08-21T16:21:49Z
BITI,19.685,2026-08-21T19:59:58Z
BITO,10.4,2026-08-21T19:59:50Z
BITQ,26.075,2026-08-21T13:43:42Z
BITS,65.63,2026-08-21T13:40:10Z
BITU,13.33,2026-08-21T19:59:47Z
BITW,50.24,2026-08-21T19:59:46Z
BITX,17.18,2026-08-21T19:59:58Z
BIV,75.42,2026-08-21T19:59:51Z
BIVI,1.91,2026-08-21T19:59:54Z
BIVIW,0.3025,2026-08-21T15:26:55Z
BIXIW,0.288,2026-08-21T16:46:59Z
BIYA,2.345,2026-08-21T19:23:57Z
BIZD,13.3,2026-08-21T19:59:58Z
BJ,96.68,2026-08-21T19:59:56Z
BJDX,0.9006,2026-08-21T18:50:29Z
BJRI,66.86,2026-08-21T19:59:29Z
BJUL,55.41,2026-08-21T19:36:29Z
BKAG,41.28,2026-08-21T19:33:29Z
BKCH,69.89,2026-08-21T19:49:47Z
BKD,11.81,2026-08-21T19:59:55Z
BKDV,34.845,2026-08-21T19:59:50Z
BKE,43.925,2026-08-21T19:59:29Z
BKF,40.815,2026-08-21T14:16:55Z
BKFI,23.5,2026-08-21T19:58:01Z
BKGI,44.61,2026-08-21T19:59:51Z
BKH,71.795,2026-08-21T19:59:42Z
BKHY,47.28,2026-08-21T15:18:30Z
BKIE,34.87,2026-08-21T19:57:07Z
BKKT,8.53,2026-08-21T19:59:40Z
BKLC,48.98,2026-08-21T19:03:21Z
BKLN,20.59,2026-08-21T19:59:58Z
BKMC,41.4,2026-08-21T15:33:46Z
BKNG,209.625,2026-08-21T19:59:59Z
BKR,62.33,2026-08-21T19:59:57Z
BKSY,27.78,2026-08-21T19:59:53Z
BKT,10.46,2026-08-21T19:13:21Z
BKTI,78.3,2026-08-21T19:40:00Z
BKU,46.33,2026-08-21T19:59:57Z
BKV,24.23,2026-08-21T19:59:55Z
BL,31.83,2026-08-21T19:59:56Z
BLBD,61.95,2026-08-21T19:59:37Z
BLCO,17.24,2026-08-21T19:59:50Z
BLCR,49.11,2026-08-21T19:59:46Z
BLDG,26.93,2026-08-21T16:18:28Z
BLDP,2.39,2026-08-21T19:59:56Z
BLDR,70.165,2026-08-21T19:59:52Z
BLES,50.3,2026-08-21T16:43:18Z
BLFS,37.12,2026-08-21T19:59:31Z
BLGR,32.28,2026-08-21T17:07:55Z
BLK,1156.44,2026-08-21T19:59:49Z
BLKB,47.55,2026-08-21T19:59:43Z
BLLN,95.255,2026-08-21T19:59:54Z
BLMN,11.62,2026-08-21T19:59:59Z
BLND,1.525,2026-08-21T19:59:55Z
BLNE,1.015,2026-08-21T19:58:48Z
BLNK,0.5938,2026-08-21T19:58:45Z
BLOK,62.795,2026-08-21T19:47:40Z
BLOX,13.63,2026-08-21T19:59:51Z
BLSG,2.56,2026-08-21T19:59:50Z
BLSH,30.44,2026-08-21T19:59:42Z
BLSM,16.165,2026-08-21T19:59:06Z
BLST,24.88,2026-08-21T19:22:22Z
BLTD,24.34,2026-08-21T18:13:59Z
BLTE,160.82,2026-08-21T19:59:36Z
BLUC,31.8,2026-08-21T19:59:51Z
BLV,65.825,2026-08-21T19:59:48Z
BLW,12.7,2026-08-21T16:50:43Z
BLX,53.31,2026-08-21T19:59:25Z
BLZE,15.815,2026-08-21T19:59:53Z
BMA,72.665,2026-08-21T19:57:41Z
BMBL,2.79,2026-08-21T19:59:58Z
BME,46.14,2026-08-21T19:59:59Z
BMEA,1.36,2026-08-21T19:59:56Z
BMEZ,17.015,2026-08-21T19:59:23Z
BMI,131.76,2026-08-21T19:59:56Z
BMM,5.51,2026-08-21T19:59:50Z
BMNG,23.375,2026-08-21T19:59:56Z
BMNP,93.21,2026-08-21T18:20:03Z
BMNR,22.815,2026-08-21T19:59:59Z
BMNU,17.15,2026-08-21T19:59:03Z
BMNZ,7.7,2026-08-21T18:45:36Z
BMO,174.38,2026-08-21T19:59:57Z
BMOP,24.71,2026-08-21T19:47:02Z
BMR,1.29,2026-08-21T19:06:24Z
BMRC,26.91,2026-08-21T19:59:30Z
BMRN,66.68,2026-08-21T19:59:59Z
BMY,67.015,2026-08-21T19:59:58Z
BN,41.69,2026-08-21T19:59:59Z
BNAI,14.69,2026-08-21T19:36:02Z
BNAV,29.66,2026-08-21T14:06:14Z
BNC,3.11,2026-08-21T19:43:44Z
BND,72.23,2026-08-21T19:59:54Z
BNDS,50.27,2026-08-21T13:52:57Z
BNDW,67.385,2026-08-21T19:30:49Z
BNDX,47.645,2026-08-21T19:59:55Z
BNDY,24.735,2026-08-21T15:18:07Z
BNED,12.01,2026-08-21T19:57:29Z
BNGO,1.2,2026-08-21T19:59:22Z
BNKK,1.14,2026-08-21T19:43:19Z
BNKU,43.38,2026-08-21T18:51:39Z
BNL,21.11,2026-08-21T19:59:59Z
BNMC,54.16,2026-08-21T19:30:24Z
BNO,53.8,2026-08-21T19:59:52Z
BNS,87.555,2026-08-21T19:59:54Z
BNT,41.83,2026-08-21T19:18:19Z
BNTC,13.525,2026-08-21T19:59:58Z
BNTX,116.555,2026-08-21T19:59:46Z
BNY,158.49,2026-08-21T19:59:54Z
BNY-K,24.87,2026-08-21T14:47:05Z
BOAT,49.715,2026-08-21T19:54:58Z
BOBS,17.47,2026-08-21T19:59:56Z
BOC,14.14,2026-08-21T19:59:38Z
BODI,6.39,2026-08-21T19:08:57Z
BOE,12.34,2026-08-21T14:38:12Z
BOEG,12.64,2026-08-21T18:50:39Z
BOEU,32.06,2026-08-21T13:35:06Z
BOH,77.44,2026-08-21T19:59:40Z
BOH-A,15.2,2026-08-21T18:55:20Z
BOIL,19.04,2026-08-21T19:59:52Z
BOKF,140.39,2026-08-21T19:59:59Z
BOLD,3,2026-08-21T19:58:33Z
BOLT,3.59,2026-08-21T19:28:00Z
BOND,90.495,2026-08-21T19:59:04Z
BOOM,7.055,2026-08-21T19:59:16Z
BOOT,164.65,2026-08-21T19:57:47Z
BORR,4.51,2026-08-21T19:59:56Z
BOSC,4.66,2026-08-21T19:51:20Z
BOT,27.72,2026-08-21T19:59:41Z
BOTT,43.42,2026-08-21T13:33:41Z
BOTZ,36.03,2026-08-21T19:59:52Z
BOW,33.51,2026-08-21T19:59:50Z
BOX,32.93,2026-08-21T19:59:49Z
BOXL,5.62,2026-08-21T19:41:30Z
BOXX,117.95,2026-08-21T19:59:25Z
BP,44.75,2026-08-21T19:59:59Z
BPOP,169.05,2026-08-21T19:58:45Z
BPRE,12.21,2026-08-21T19:57:29Z
BPRN,42.13,2026-08-21T17:17:17Z
BPYPN,13.99,2026-08-21T13:57:33Z
BR,182.2,2026-08-21T19:59:50Z
BRAG,1.495,2026-08-21T19:58:00Z
BRAI,5.54,2026-08-21T19:53:08Z
BRBR,10.195,2026-08-21T19:59:49Z
BRBS,3.91,2026-08-21T19:59:50Z
BRC,91.19,2026-08-21T19:36:20Z
BRCB,9.25,2026-08-21T19:59:54Z
BRCC,0.8796,2026-08-21T19:59:50Z
BREZ,10,2026-08-21T19:56:58Z
BRIB,24.8,2026-08-21T15:06:06Z
BRID,6.15,2026-08-21T18:35:58Z
BRIE,31.265,2026-08-21T19:52:04Z
BRK.B,495.77,2026-08-21T19:59:59Z
BRKR,59.57,2026-08-21T19:59:55Z
BRKRP,438.26,2026-08-21T18:26:32Z
BRKW,38.53,2026-08-21T19:01:09Z
BRLS,1.84,2026-08-21T19:56:10Z
BRLT,1.295,2026-08-21T18:37:39Z
BRNX,3.73,2026-08-21T19:57:35Z
BRO,72.92,2026-08-21T19:59:35Z
BROS,49.88,2026-08-21T19:59:58Z
BRR,2.15,2026-08-21T19:59:53Z
BRRR,21.79,2026-08-21T16:40:09Z
BRRWW,0.3,2026-08-21T17:22:17Z
BRSL,12.105,2026-08-21T19:59:59Z
BRSP,4.905,2026-08-21T19:59:57Z
BRT,14.56,2026-08-21T19:59:58Z
BRTR,49.45,2026-08-21T19:59:45Z
BRUN,19.52,2026-08-21T19:59:51Z
BRVE,27.58,2026-08-21T19:57:07Z
BRW,6.43,2026-08-21T19:56:39Z
BRX,29.3,2026-08-21T19:59:49Z
BRZE,31.075,2026-08-21T19:59:55Z
BRZU,90.6,2026-08-21T19:20:51Z
BSAAR,0.085,2026-08-21T15:45:54Z
BSAC,35.14,2026-08-21T19:59:49Z
BSBR,5.75,2026-08-21T19:59:55Z
BSCA,19.725,2026-08-21T13:49:16Z
BSCQ,19.57,2026-08-21T18:59:24Z
BSCR,19.67,2026-08-21T19:59:50Z
BSCS,20.385,2026-08-21T19:59:46Z
BSCT,18.565,2026-08-21T19:59:58Z
BSCU,16.555,2026-08-21T19:59:46Z
BSCV,16.265,2026-08-21T19:50:00Z
BSCW,20.28,2026-08-21T19:49:08Z
BSCX,20.77,2026-08-21T19:59:58Z
BSCY,20.325,2026-08-21T19:59:06Z
BSCZ,20.045,2026-08-21T18:20:10Z
BSEM,3.64,2026-08-21T14:20:49Z
BSEP,53.99,2026-08-21T16:02:36Z
BSIN,1.4,2026-08-21T19:59:53Z
BSJQ,22.95,2026-08-21T19:59:35Z
BSJR,22.44,2026-08-21T19:37:50Z
BSJT,21.215,2026-08-21T17:38:23Z
BSJV,26.11,2026-08-21T18:39:21Z
BSJW,25.34,2026-08-21T18:29:54Z
BSL,13.01,2026-08-21T19:57:22Z
BSM,14.91,2026-08-21T19:58:35Z
BSMR,23.69,2026-08-21T19:28:15Z
BSMS,23.43,2026-08-21T15:52:44Z
BSMT,22.97,2026-08-21T19:19:56Z
BSMU,21.76,2026-08-21T19:28:45Z
BSMV,20.81,2026-08-21T15:31:59Z
BSMW,24.78,2026-08-21T18:43:20Z
BSMY,24.06,2026-08-21T17:46:58Z
BSMZ,24.95,2026-08-21T19:47:18Z
BSOL,12.465,2026-08-21T19:59:51Z
BSP,41.245,2026-08-21T19:59:54Z
BSRR,39.84,2026-08-21T19:52:40Z
BST,49.65,2026-08-21T19:42:56Z
BSTP,40.17,2026-08-21T16:03:30Z
BSTZ,30.48,2026-08-21T19:10:57Z
BSV,77.58,2026-08-21T19:59:36Z
BSVO,29.61,2026-08-21T18:37:32Z
BSX,50.38,2026-08-21T19:59:56Z
BSY,37.08,2026-08-21T19:59:58Z
BTAI,0.8087,2026-08-21T19:59:24Z
BTAL,12.025,2026-08-21T19:59:43Z
BTBT,1.525,2026-08-21T19:59:42Z
BTC,34.075,2026-08-21T19:59:54Z
BTCC,13.54,2026-08-21T13:50:36Z
BTCI,32.01,2026-08-21T19:58:53Z
BTCL,17.65,2026-08-21T17:23:37Z
BTCO,77.25,2026-08-21T15:24:29Z
BTCS,1.36,2026-08-21T19:59:56Z
BTCT,1.145,2026-08-21T19:59:55Z
BTCU,23.745,2026-08-21T13:32:08Z
BTCZ,3.635,2026-08-21T19:59:50Z
BTDR,11.38,2026-08-21T19:59:56Z
BTE,4.805,2026-08-21T19:59:01Z
BTF,21.31,2026-08-21T16:08:10Z
BTG,5.525,2026-08-21T19:59:54Z
BTGD,28.36,2026-08-21T19:59:45Z
BTGO,6.85,2026-08-21T19:59:45Z
BTI,56.205,2026-08-21T19:59:56Z
BTLN,1.065,2026-08-21T19:57:20Z
BTMD,1.615,2026-08-21T19:59:46Z
BTO,39.61,2026-08-21T14:43:58Z
BTOG,3.61,2026-08-21T19:56:52Z
BTQ,3.5,2026-08-21T19:59:56Z
BTRN,26.06,2026-08-21T15:21:21Z
BTSG,58.88,2026-08-21T19:59:41Z
BTT,22.51,2026-08-21T19:34:10Z
BTTC,0.5919,2026-08-21T19:46:36Z
BTU,27.63,2026-08-21T19:59:41Z
BTX,9,2026-08-21T19:59:40Z
BTZ,10.15,2026-08-21T19:59:53Z
BUCK,23.43,2026-08-21T19:59:24Z
BUD,78.93,2026-08-21T19:59:48Z
BUFB,40.12,2026-08-21T18:21:23Z
BUFD,30.23,2026-08-21T19:59:59Z
BUFE,21.72,2026-08-21T19:22:50Z
BUFF,53.63,2026-08-21T19:59:59Z
BUFG,29.89,2026-08-21T15:35:02Z
BUFH,21.63,2026-08-21T19:04:36Z
BUFM,41.09,2026-08-21T16:55:46Z
BUFP,32.7,2026-08-21T17:47:41Z
BUFQ,39.51,2026-08-21T19:59:59Z
BUFR,37.295,2026-08-21T19:59:51Z
BUFS,25.37,2026-08-21T16:09:21Z
BUFT,26.3,2026-08-21T19:59:52Z
BUFX,22.54,2026-08-21T19:17:35Z
BUFZ,28.4,2026-08-21T19:28:54Z
BUG,40.63,2026-08-21T19:59:55Z
BUI,26.93,2026-08-21T19:31:49Z
BULG,60.4,2026-08-21T14:49:22Z
BULL,8.775,2026-08-21T19:59:53Z
BULLW,3.28,2026-08-21T17:38:14Z
BULZ,36.72,2026-08-21T18:52:18Z
BUR,4.315,2026-08-21T19:59:57Z
BURL,326.73,2026-08-21T19:59:52Z
BUSE,30.31,2026-08-21T19:58:41Z
BUUU,32.685,2026-08-21T16:25:20Z
BUXX,20.26,2026-08-21T14:01:53Z
BUYW,14.625,2026-08-21T19:59:45Z
BUZZ,36.85,2026-08-21T19:59:50Z
BV,11.3,2026-08-21T19:59:52Z
BVAL,32.23,2026-08-21T19:59:51Z
BVC,15.11,2026-08-21T19:45:00Z
BVFL,21.31,2026-08-21T18:53:20Z
BVN,35.48,2026-08-21T19:59:49Z
BVS,14.385,2026-08-21T19:59:59Z
BW,8.285,2026-08-21T19:59:55Z
BWA,67.77,2026-08-21T19:59:52Z
BWAY,14.725,2026-08-21T19:56:20Z
BWB,21.61,2026-08-21T19:59:56Z
BWEN,4.45,2026-08-21T19:59:48Z
BWET,463.49,2026-08-21T16:37:23Z
BWFG,65.65,2026-08-21T14:32:09Z
BWG,7.76,2026-08-21T15:55:10Z
BWIN,31.92,2026-08-21T19:59:52Z
BWIV,9.935,2026-08-21T17:53:49Z
BWLP,24.71,2026-08-21T19:59:36Z
BWMN,42.62,2026-08-21T19:59:30Z
BWMX,15.9,2026-08-21T14:23:08Z
BWX,21.965,2026-08-21T19:53:01Z
BWXT,156.795,2026-08-21T19:59:52Z
BX,143.39,2026-08-21T19:59:52Z
BXBL,4.425,2026-08-21T19:57:39Z
BXC,84.95,2026-08-21T19:57:06Z
BXDC,20.59,2026-08-21T19:59:34Z
BXMT,14.28,2026-08-21T19:59:56Z
BXP,67.65,2026-08-21T19:59:56Z
BXSL,24.76,2026-08-21T19:59:55Z
BY,38.295,2026-08-21T19:58:26Z
BYAH,2.99,2026-08-21T16:39:36Z
BYD,80.85,2026-08-21T19:58:49Z
BYLD,22.29,2026-08-21T17:52:31Z
BYND,14.76,2026-08-21T19:59:56Z
BYRE,27.65,2026-08-21T16:05:41Z
BYRN,3.705,2026-08-21T19:59:40Z
BYSI,0.7417,2026-08-21T17:23:10Z
BZ,15.955,2026-08-21T19:59:59Z
BZAI,0.4861,2026-08-21T19:59:23Z
BZFD,1.12,2026-08-21T19:59:42Z
BZH,33.13,2026-08-21T19:59:54Z
BZQ,22.45,2026-08-21T13:53:47Z
BZUN,2.85,2026-08-21T19:49:18Z
BZZ,25.44,2026-08-21T14:22:16Z
C,131.63,2026-08-21T19:59:56Z
C-N,26.315,2026-08-21T19:58:38Z
C-R,24.275,2026-08-21T18:58:00Z
CAAP,23.55,2026-08-21T19:59:14Z
CABA,3.135,2026-08-21T19:59:42Z
CABO,22.72,2026-08-21T19:57:27Z
CABR,1.31,2026-08-21T18:38:36Z
CAC,56.74,2026-08-21T19:58:07Z
CACC,600.98,2026-08-21T19:58:46Z
CACI,648.24,2026-08-21T19:59:53Z
CADL,13.15,2026-08-21T19:59:55Z
CAE,24.92,2026-08-21T19:59:53Z
CAG,16.45,2026-08-21T19:59:56Z
CAGE,28.67,2026-08-21T19:58:13Z
CAH,229.54,2026-08-21T19:59:50Z
CAI,26.26,2026-08-21T19:59:54Z
CAIE,27,2026-08-21T19:59:51Z
CAII,9.99,2026-08-21T18:03:26Z
CAIIU,10.05,2026-08-21T18:44:12Z
CAIQ,25.705,2026-08-21T19:59:46Z
CAKE,113.38,2026-08-21T19:59:56Z
CAL,13.67,2026-08-21T19:59:44Z
CALC,0.5839,2026-08-21T19:16:17Z
CALF,57.8,2026-08-21T19:59:54Z
CALI,50.385,2026-08-21T19:59:46Z
CALM,82.78,2026-08-21T19:59:57Z
CALX,40.11,2026-08-21T19:59:48Z
CALY,15.885,2026-08-21T19:59:53Z
CAM,24.86,2026-08-21T19:59:51Z
CAMP,4.47,2026-08-21T19:59:54Z
CAMT,146.77,2026-08-21T19:59:15Z
CAN,0.3627,2026-08-21T19:58:40Z
CANC,44.64,2026-08-21T18:20:18Z
CANE,11.205,2026-08-21T19:59:46Z
CANG,2.07,2026-08-21T19:58:47Z
CAOS,90.45,2026-08-21T19:26:49Z
CAPE,33.435,2026-08-21T19:21:01Z
CAPL,23.78,2026-08-21T18:48:42Z
CAPR,6.285,2026-08-21T19:59:57Z
CAPS,0.1852,2026-08-21T19:03:09Z
CAR,146.55,2026-08-21T19:59:39Z
CARE,31.25,2026-08-21T19:59:45Z
CARG,36.85,2026-08-21T19:59:38Z
CARL,16.08,2026-08-21T19:59:19Z
CARR,60.365,2026-08-21T19:59:52Z
CARS,12.22,2026-08-21T19:59:53Z
CART,49.81,2026-08-21T19:59:54Z
CARY,20.705,2026-08-21T19:59:57Z
CARZ,107.08,2026-08-21T16:25:53Z
CASH,83.67,2026-08-21T19:59:50Z
CASS,56.23,2026-08-21T17:31:45Z
CAST,1.555,2026-08-21T19:59:36Z
CASY,835.785,2026-08-21T19:59:29Z
CAT,827.83,2026-08-21T19:59:56Z
CATF,49.465,2026-08-21T19:27:54Z
CATH,91.04,2026-08-21T15:24:29Z
CATO,2.93,2026-08-21T19:58:00Z
CATX,3.305,2026-08-21T19:59:52Z
CATY,62.35,2026-08-21T19:59:22Z
CAVA,73.625,2026-08-21T19:59:56Z
CB,341.03,2026-08-21T19:59:57Z
CBAN,21.43,2026-08-21T19:59:42Z
CBAT,0.8275,2026-08-21T16:55:31Z
CBC,31.97,2026-08-21T19:59:41Z
CBIL,25.04,2026-08-21T18:46:18Z
CBIO,17.125,2026-08-21T19:51:30Z
CBK,33.775,2026-08-21T19:59:45Z
CBL,55.365,2026-08-21T19:59:43Z
CBLL,24.185,2026-08-21T19:59:52Z
CBNA,45.285,2026-08-21T17:56:58Z
CBNK,36.55,2026-08-21T19:54:50Z
CBOE,301.21,2026-08-21T19:59:49Z
CBRE,152.11,2026-08-21T19:59:49Z
CBRG,3.54,2026-08-21T19:58:56Z
CBRL,57.66,2026-08-21T19:59:55Z
CBRS,195.95,2026-08-21T19:59:52Z
CBRX,10.555,2026-08-21T19:56:35Z
CBRZ,9.94,2026-08-21T19:59:12Z
CBSH,58.415,2026-08-21T19:59:47Z
CBT,85.03,2026-08-21T19:59:26Z
CBTL,19.01,2026-08-21T18:20:56Z
CBTO,19.91,2026-08-21T18:33:53Z
CBU,63.665,2026-08-21T19:59:25Z
CBUS,1.7,2026-08-21T19:59:41Z
CBXO,22.17,2026-08-21T19:59:46Z
CBXY,23.26,2026-08-21T17:19:32Z
CBZ,54.65,2026-08-21T19:59:59Z
CC,15.95,2026-08-21T19:59:46Z
CCAP,10.705,2026-08-21T19:59:42Z
CCB,46.34,2026-08-21T19:54:31Z
CCBG,51.31,2026-08-21T19:49:34Z
CCC,7.45,2026-08-21T19:59:58Z
CCCC,4,2026-08-21T19:59:57Z
CCD,25.28,2026-08-21T15:36:56Z
CCEC,22.645,2026-08-21T18:59:17Z
CCEP,107.97,2026-08-21T19:59:51Z
CCI,75.52,2026-08-21T19:59:45Z
CCIF,2.73,2026-08-21T19:24:16Z
CCJ,102.505,2026-08-21T19:59:59Z
CCK,119.43,2026-08-21T19:59:37Z
CCL,25.72,2026-08-21T19:59:59Z
CCLD,2.51,2026-08-21T19:59:48Z
CCM,5.36,2026-08-21T19:25:50Z
CCNE,33.88,2026-08-21T19:59:44Z
CCNR,42.33,2026-08-21T19:41:33Z
CCO,2.375,2026-08-21T19:59:53Z
CCOI,9.165,2026-08-21T19:59:53Z
CCS,69.87,2026-08-21T19:59:41Z
CCSI,38.85,2026-08-21T19:58:49Z
CCU,12.33,2026-08-21T19:59:58Z
CCUP,2.655,2026-08-21T19:55:00Z
CCXI,14.57,2026-08-21T19:59:56Z
CD,3.6,2026-08-21T19:59:49Z
CDE,20.975,2026-08-21T19:59:59Z
CDIG,26.98,2026-08-21T13:51:09Z
CDIO,2.045,2026-08-21T19:57:35Z
CDL,80.42,2026-08-21T19:34:11Z
CDLR,23.93,2026-08-21T19:59:56Z
CDNA,48.625,2026-08-21T19:59:45Z
CDNL,43.55,2026-08-21T19:59:49Z
CDNS,318.83,2026-08-21T19:59:55Z
CDP,37.27,2026-08-21T19:59:55Z
CDRE,34.2,2026-08-21T19:59:12Z
CDRO,9.13,2026-08-21T19:52:26Z
CDT,3.29,2026-08-21T13:42:02Z
CDTG,1.17,2026-08-21T19:59:40Z
CDW,137.265,2026-08-21T19:59:56Z
CDX,20.71,2026-08-21T19:58:39Z
CDXS,1.67,2026-08-21T19:59:50Z
CDZI,3.67,2026-08-21T19:59:59Z
CDZIP,22.19,2026-08-21T14:51:34Z
CE,46.8,2026-08-21T19:59:57Z
CECO,71.625,2026-08-21T19:59:41Z
CEE,20.5,2026-08-21T19:57:19Z
CEF,47.27,2026-08-21T19:59:54Z
CEFD,18.92,2026-08-21T16:56:00Z
CEFS,25.38,2026-08-21T19:58:45Z
CEG,272.83,2026-08-21T19:59:56Z
CELC,93.66,2026-08-21T19:59:46Z
CELH,33.38,2026-08-21T19:59:56Z
CELZ,1.27,2026-08-21T15:58:23Z
CEMB,45.28,2026-08-21T19:59:46Z
CENT,44.37,2026-08-21T19:58:02Z
CENTA,38.47,2026-08-21T19:59:32Z
CENX,43.92,2026-08-21T19:59:45Z
CEPL,6.59,2026-08-21T19:59:55Z
CEPO,10.805,2026-08-21T19:44:14Z
CEPU,12.995,2026-08-21T19:59:55Z
CERS,2.8,2026-08-21T19:59:50Z
CERT,8.435,2026-08-21T19:59:56Z
CERY,38.49,2026-08-21T19:55:25Z
CET,54.7,2026-08-21T14:03:19Z
CEV,10.62,2026-08-21T15:36:26Z
CEVA,27.995,2026-08-21T19:59:49Z
CF,129.61,2026-08-21T19:59:55Z
CFBK,34.615,2026-08-21T19:54:41Z
CFFN,8.535,2026-08-21T19:59:55Z
CFG,69.86,2026-08-21T19:59:54Z
CFND,2.53,2026-08-21T19:58:20Z
CFO,82.44,2026-08-21T19:18:52Z
CFR,164.055,2026-08-21T19:59:41Z
CFR-B,16.98,2026-08-21T18:07:35Z
CG,49.38,2026-08-21T19:59:51Z
CGABL,16.1,2026-08-21T19:47:38Z
CGAU,23.74,2026-08-21T19:59:59Z
CGBD,11.34,2026-08-21T19:59:47Z
CGBL,38.22,2026-08-21T19:59:54Z
CGC,1.075,2026-08-21T19:59:59Z
CGCB,25.835,2026-08-21T19:59:50Z
CGCF,9.87,2026-08-21T19:41:37Z
CGCFW,0.4021,2026-08-21T15:56:12Z
CGCP,21.99,2026-08-21T19:59:51Z
CGCV,33.34,2026-08-21T19:52:59Z
CGDG,38.89,2026-08-21T19:59:51Z
CGDV,50.235,2026-08-21T19:59:03Z
CGEM,21.72,2026-08-21T19:59:27Z
CGEN,2.62,2026-08-21T19:59:53Z
CGGE,35.44,2026-08-21T19:59:47Z
CGGO,40.78,2026-08-21T19:59:59Z
CGGR,46.985,2026-08-21T19:59:47Z
CGHM,25.365,2026-08-21T19:36:35Z
CGIB,25.325,2026-08-21T19:54:55Z
CGIC,37.14,2026-08-21T19:59:53Z
CGIE,38.005,2026-08-21T19:59:33Z
CGMM,33.085,2026-08-21T19:59:31Z
CGMS,27.13,2026-08-21T19:59:52Z
CGMU,27.085,2026-08-21T19:52:01Z
CGNG,36.92,2026-08-21T19:58:30Z
CGNT,8.59,2026-08-21T19:59:59Z
CGNX,60.545,2026-08-21T19:59:58Z
CGO,13.19,2026-08-21T15:30:13Z
CGON,79.775,2026-08-21T19:59:26Z
CGSD,25.715,2026-08-21T19:59:48Z
CGSM,26.305,2026-08-21T19:59:45Z
CGTL,4.7,2026-08-21T18:04:55Z
CGTX,0.9965,2026-08-21T19:59:33Z
CGUI,25.35,2026-08-21T19:35:44Z
CGUS,45.135,2026-08-21T19:59:46Z
CGVV,32.215,2026-08-21T19:53:25Z
CGXU,35.11,2026-08-21T19:59:48Z
CHA,10.76,2026-08-21T19:59:20Z
CHAI,0.2649,2026-08-21T19:42:04Z
CHAT,88.05,2026-08-21T19:52:16Z
CHAU,21.8,2026-08-21T19:59:50Z
CHCO,144.74,2026-08-21T19:59:55Z
CHCT,14.84,2026-08-21T19:46:02Z
CHD,98.8,2026-08-21T19:59:54Z
CHDN,93.67,2026-08-21T19:59:37Z
CHE,541.33,2026-08-21T19:58:23Z
CHEF,110.625,2026-08-21T19:59:52Z
CHGA,0.1699,2026-08-21T19:58:26Z
CHGG,0.8219,2026-08-21T19:59:38Z
CHGX,33.83,2026-08-21T16:21:06Z
CHH,109.62,2026-08-21T19:58:59Z
CHI,12.945,2026-08-21T19:59:45Z
CHIQ,18.01,2026-08-21T13:59:26Z
CHKP,130.51,2026-08-21T19:59:54Z
CHMG,82.065,2026-08-21T18:32:38Z
CHMI,2.93,2026-08-21T19:50:04Z
CHNU,29.78,2026-08-21T17:41:46Z
CHPS,82.67,2026-08-21T17:34:14Z
CHPT,6.25,2026-08-21T19:59:55Z
CHPY,67.46,2026-08-21T19:59:36Z
CHR,1.96,2026-08-21T18:44:17Z
CHRD,147.965,2026-08-21T19:59:20Z
CHRN,24.23,2026-08-21T17:43:37Z
CHRS,1.415,2026-08-21T19:59:19Z
CHRW,141.66,2026-08-21T19:59:37Z
CHSCM,24.3,2026-08-21T18:58:56Z
CHSCP,26.68,2026-08-21T15:47:46Z
CHSN,1.17,2026-08-21T19:59:46Z
CHT,43.355,2026-08-21T19:59:40Z
CHTR,150.09,2026-08-21T19:59:57Z
CHW,8.54,2026-08-21T19:56:45Z
CHWY,24.02,2026-08-21T19:59:59Z
CHY,13.05,2026-08-21T19:59:28Z
CHYM,32.77,2026-08-21T19:59:58Z
CI,277.63,2026-08-21T19:59:55Z
CIA,3.76,2026-08-21T19:59:49Z
CIB,101.26,2026-08-21T19:59:52Z
CIBR,94.76,2026-08-21T19:59:55Z
CIEG,5.525,2026-08-21T19:59:46Z
CIEN,395.895,2026-08-21T19:59:48Z
CIFG,3.98,2026-08-21T19:35:29Z
CIFR,15.765,2026-08-21T19:59:58Z
CIFU,9.73,2026-08-21T19:59:43Z
CIG,1.925,2026-08-21T19:59:58Z
CIGI,107.32,2026-08-21T19:55:04Z
CIGL,0.4217,2026-08-21T18:28:53Z
CII,24.29,2026-08-21T19:52:42Z
CIK,2.425,2026-08-21T19:59:39Z
CIM,11.52,2026-08-21T19:59:56Z
CIM-D,24.68,2026-08-21T14:03:41Z
CINF,168.37,2026-08-21T19:58:53Z
CING,5.52,2026-08-21T19:58:46Z
CINT,3.9,2026-08-21T19:46:02Z
CION,7.335,2026-08-21T19:59:49Z
CIRC,0.6199,2026-08-21T19:59:49Z
CISO,0.22,2026-08-21T17:24:50Z
CISS,2.87,2026-08-21T19:58:14Z
CITR,6.87,2026-08-21T19:58:49Z
CIVB,27.6,2026-08-21T19:59:51Z
CIX,31.585,2026-08-21T18:50:00Z
CJMB,2.48,2026-08-21T19:59:42Z
CL,91.07,2026-08-21T19:59:50Z
CLAR,3.705,2026-08-21T19:59:55Z
CLB,12.56,2026-08-21T19:58:59Z
CLBK,11.805,2026-08-21T19:59:59Z
CLBT,11.05,2026-08-21T19:59:56Z
CLDI,1.335,2026-08-21T18:51:20Z
CLDT,13.57,2026-08-21T19:59:50Z
CLDX,40.36,2026-08-21T19:59:51Z
CLF,11.275,2026-08-21T19:59:55Z
CLFD,27.495,2026-08-21T19:33:36Z
CLH,315.99,2026-08-21T19:59:50Z
CLIP,100.29,2026-08-21T19:48:35Z
CLIR,4.26,2026-08-21T15:18:27Z
CLLS,3.37,2026-08-21T14:53:53Z
CLM,6.855,2026-08-21T19:59:50Z
CLMB,28.28,2026-08-21T19:54:50Z
CLMT,49.03,2026-08-21T19:59:59Z
CLNE,1.615,2026-08-21T19:57:56Z
CLNK,21.24,2026-08-21T18:07:37Z
CLNN,4.345,2026-08-21T19:59:36Z
CLOA,51.92,2026-08-21T19:59:55Z
CLOI,52.925,2026-08-21T18:25:00Z
CLOU,28.06,2026-08-21T19:59:43Z
CLOV,4.16,2026-08-21T19:59:56Z
CLOX,25.525,2026-08-21T15:23:36Z
CLOZ,26.275,2026-08-21T19:40:18Z
CLPR,3.27,2026-08-21T17:19:14Z
CLPS,0.99,2026-08-21T18:14:37Z
CLPT,15.385,2026-08-21T19:59:55Z
CLRB,2.57,2026-08-21T17:56:35Z
CLS,296.45,2026-08-21T19:59:57Z
CLSE,33.29,2026-08-21T19:58:40Z
CLSK,11.98,2026-08-21T19:59:57Z
CLSX,11.505,2026-08-21T18:38:53Z
CLVT,2.085,2026-08-21T19:59:47Z
CLW,21.755,2026-08-21T19:58:52Z
CLWT,1.6,2026-08-21T19:59:11Z
CLX,106.66,2026-08-21T19:59:59Z
CLYM,17.255,2026-08-21T19:59:57Z
CM,116.505,2026-08-21T19:59:25Z
CMBS,48.33,2026-08-21T19:59:58Z
CMBT,18.055,2026-08-21T19:59:57Z
CMC,66.38,2026-08-21T19:59:49Z
CMCL,24.805,2026-08-21T19:59:28Z
CMCO,17.67,2026-08-21T19:59:38Z
CMCSA,26.85,2026-08-21T19:59:58Z
CMDB,20.405,2026-08-21T19:56:48Z
CMDT,34.36,2026-08-21T19:06:06Z
CMDY,62.87,2026-08-21T19:59:51Z
CME,274.89,2026-08-21T19:59:53Z
CMF,56.505,2026-08-21T19:52:08Z
CMG,36.87,2026-08-21T19:59:59Z
CMI,587.64,2026-08-21T19:59:56Z
CMII,10.04,2026-08-21T19:02:02Z
CMMB,2.185,2026-08-21T13:38:21Z
CMND,1.76,2026-08-21T14:27:51Z
CMP,25.95,2026-08-21T19:59:45Z
CMPR,87.34,2026-08-21T19:51:39Z
CMPS,13.35,2026-08-21T19:59:58Z
CMPX,2.4,2026-08-21T19:59:43Z
CMRC,2.22,2026-08-21T19:59:56Z
CMRE,15.625,2026-08-21T19:59:40Z
CMRE-B,25.31,2026-08-21T18:01:14Z
CMS,68.265,2026-08-21T19:59:55Z
CMS-C,16.27,2026-08-21T15:23:49Z
CMSA,20.24,2026-08-21T14:45:39Z
CMSD,20.95,2026-08-21T19:56:14Z
CMT,26.15,2026-08-21T19:57:16Z
CMTG,1.8,2026-08-21T19:59:59Z
CMTL,1.76,2026-08-21T19:59:55Z
CMTV,41.01,2026-08-21T19:55:08Z
CNA,49,2026-08-21T19:59:42Z
CNBS,28.71,2026-08-21T19:23:27Z
CNC,65.03,2026-08-21T19:59:52Z
CNCK,2.11,2026-08-21T17:52:09Z
CNDT,1.605,2026-08-21T19:59:55Z
CNEQ,39.6,2026-08-21T15:05:23Z
CNEY,0.6899,2026-08-21T19:59:20Z
CNF,2.23,2026-08-21T16:38:38Z
CNH,11.9,2026-08-21T19:59:59Z
CNI,129.83,2026-08-21T19:59:51Z
CNK,36.61,2026-08-21T19:59:56Z
CNL,15.64,2026-08-21T19:59:54Z
CNM,44.85,2026-08-21T19:59:48Z
CNMD,51.1,2026-08-21T19:59:36Z
CNNE,15.49,2026-08-21T19:59:51Z
CNO,53.52,2026-08-21T19:59:57Z
CNOB,32.285,2026-08-21T19:59:30Z
CNP,38.765,2026-08-21T19:59:58Z
CNQ,51.4,2026-08-21T19:59:58Z
CNR,95.21,2026-08-21T19:58:48Z
CNS,81.35,2026-08-21T19:55:15Z
CNSY,3.03,2026-08-21T19:31:14Z
CNTB,2.36,2026-08-21T19:59:50Z
CNTN,2.19,2026-08-21T19:59:34Z
CNTX,0.5,2026-08-21T19:59:48Z
CNTY,1.265,2026-08-21T19:42:59Z
CNVS,2.515,2026-08-21T19:55:50Z
CNX,36.31,2026-08-21T19:59:49Z
CNXC,25.38,2026-08-21T19:59:54Z
CNXN,77.65,2026-08-21T19:55:19Z
CNXT,50.88,2026-08-21T15:41:13Z
CNXU,8.84,2026-08-21T19:52:09Z
COAG,49.19,2026-08-21T19:59:54Z
COAL,26.55,2026-08-21T19:59:50Z
COCH,0.7302,2026-08-21T16:06:38Z
COCO,63.36,2026-08-21T19:58:52Z
COCP,1.135,2026-08-21T19:59:42Z
CODA,10.125,2026-08-21T19:59:20Z
CODI,11.68,2026-08-21T19:59:51Z
CODX,1.21,2026-08-21T19:33:43Z
COE,16.58,2026-08-21T16:13:28Z
COF,217.965,2026-08-21T19:59:59Z
COF-I,17.72,2026-08-21T19:59:59Z
COF-J,16.88,2026-08-21T17:37:29Z
COF-L,15.35,2026-08-21T15:46:29Z
COFS,33.095,2026-08-21T19:53:37Z
COGT,36.745,2026-08-21T19:59:44Z
COHH,6,2026-08-21T19:00:00Z
COHN,11.07,2026-08-21T16:05:10Z
COHR,289.385,2026-08-21T19:59:55Z
COHU,54.32,2026-08-21T19:59:54Z
COHX,24,2026-08-21T19:51:47Z
COIA,9.53,2026-08-21T19:59:51Z
COIG,6.4,2026-08-21T14:58:34Z
COIN,186.565,2026-08-21T19:59:54Z
COIW,9.68,2026-08-21T19:58:58Z
COKE,189.095,2026-08-21T19:52:30Z
COLA,10.71,2026-08-21T14:24:58Z
COLAR,0.5,2026-08-21T18:36:10Z
COLB,30.815,2026-08-21T19:59:56Z
COLD,15.25,2026-08-21T19:59:52Z
COLL,27.115,2026-08-21T19:59:46Z
COLM,60.355,2026-08-21T19:59:12Z
COLO,49.91,2026-08-21T19:34:40Z
COM,34.76,2026-08-21T19:59:51Z
COMB,27.54,2026-08-21T15:41:12Z
COMP,11.745,2026-08-21T19:59:56Z
COMT,34.99,2026-08-21T19:56:21Z
CON,35.07,2026-08-21T19:59:44Z
CONI,30.34,2026-08-21T19:59:30Z
CONL,6.26,2026-08-21T19:59:49Z
CONX,7.6,2026-08-21T19:54:40Z
CONY,21.44,2026-08-21T19:59:50Z
COO,76.2,2026-08-21T19:59:50Z
COOK,55.49,2026-08-21T18:34:30Z
COP,134.92,2026-08-21T19:59:59Z
COPA,57.41,2026-08-21T18:26:05Z
COPJ,47.77,2026-08-21T17:52:01Z
COPP,45.74,2026-08-21T19:59:51Z
COPR,2.7,2026-08-21T19:59:50Z
COPX,94.6,2026-08-21T19:59:55Z
COPY,15.905,2026-08-21T19:59:46Z
COPZ,19.8,2026-08-21T19:45:26Z
COR,318.02,2026-08-21T19:59:57Z
CORB,29.05,2026-08-21T19:53:27Z
CORD,3.27,2026-08-21T19:59:22Z
CORN,19.01,2026-08-21T19:58:55Z
CORO,37.11,2026-08-21T19:59:51Z
CORP,94.895,2026-08-21T19:57:43Z
CORT,122.33,2026-08-21T19:59:34Z
CORZ,17.82,2026-08-21T19:59:59Z
CORZW,11.11,2026-08-21T19:59:45Z
COSM,0.2223,2026-08-21T19:57:09Z
COSO,27.38,2026-08-21T19:59:59Z
COST,947.48,2026-08-21T19:59:52Z
COSW,39.36,2026-08-21T16:53:19Z
COTG,12.805,2026-08-21T19:50:00Z
COTY,2.735,2026-08-21T19:59:56Z
COUR,6,2026-08-21T19:59:59Z
COWG,39.75,2026-08-21T19:59:51Z
COWZ,72.025,2026-08-21T19:59:33Z
COYA,4.86,2026-08-21T19:59:52Z
COYY,16.72,2026-08-21T17:59:50Z
COZX,9.08,2026-08-21T18:36:00Z
CP,96.715,2026-08-21T19:59:57Z
CPA,129.51,2026-08-21T19:58:11Z
CPAY,417.635,2026-08-21T19:59:26Z
CPB,23.96,2026-08-21T19:59:59Z
CPER,39.985,2026-08-21T19:59:55Z
CPF,37.39,2026-08-21T19:57:30Z
CPHI,0.985,2026-08-21T19:59:11Z
CPIX,7.615,2026-08-21T19:59:31Z
CPK,135.88,2026-08-21T14:30:03Z
CPNG,16.44,2026-08-21T19:59:59Z
CPNJ,27.635,2026-08-21T13:35:32Z
CPOP,0.3407,2026-08-21T19:22:10Z
CPRI,13.655,2026-08-21T19:59:58Z
CPRT,33.81,2026-08-21T19:59:59Z
CPS,28.08,2026-08-21T19:58:44Z
CPSH,3.92,2026-08-21T19:57:00Z
CPSJ,27.91,2026-08-21T19:59:45Z
CPSL,28.25,2026-08-21T19:59:47Z
CPT,107.59,2026-08-21T19:59:50Z
CPXR,32.26,2026-08-21T18:40:48Z
CPZ,13.28,2026-08-21T19:45:44Z
CQP,68.2,2026-08-21T19:59:36Z
CQQQ,49.36,2026-08-21T19:59:59Z
CR,207.99,2026-08-21T19:59:24Z
CRAI,174.69,2026-08-21T14:36:36Z
CRAK,60.91,2026-08-21T19:59:58Z
CRBD,22.06,2026-08-21T17:06:49Z
CRBG,31.95,2026-08-21T19:59:55Z
CRBP,10.4,2026-08-21T19:59:53Z
CRBU,1.655,2026-08-21T19:59:42Z
CRC,53.31,2026-08-21T19:59:31Z
CRCA,22.31,2026-08-21T19:54:35Z
CRCD,2.66,2026-08-21T19:58:26Z
CRCG,15.17,2026-08-21T19:59:41Z
CRCL,87.98,2026-08-21T19:59:54Z
CRCO,15.16,2026-08-21T18:26:18Z
CRCT,5.58,2026-08-21T19:59:57Z
CRD.B,11.89,2026-08-21T14:45:18Z
CRDF,0.8806,2026-08-21T19:58:44Z
CRDL,1.86,2026-08-21T19:59:50Z
CRDO,230.545,2026-08-21T19:59:45Z
CRDT,23.44,2026-08-21T15:30:48Z
CRDU,14.43,2026-08-21T19:52:20Z
CRDX,11.445,2026-08-21T18:55:44Z
CRESY,11.16,2026-08-21T19:59:52Z
CRF,6.565,2026-08-21T19:57:06Z
CRGO,1.37,2026-08-21T16:33:16Z
CRGY,14.06,2026-08-21T19:59:55Z
CRH,95.08,2026-08-21T19:59:54Z
CRI,35.73,2026-08-21T19:59:52Z
CRIS,1.55,2026-08-21T19:59:00Z
CRK,14.225,2026-08-21T19:59:57Z
CRL,295.365,2026-08-21T19:59:29Z
CRM,209.145,2026-08-21T19:59:59Z
CRMD,8.195,2026-08-21T19:59:55Z
CRMG,6.91,2026-08-21T19:59:51Z
CRML,7.1,2026-08-21T19:59:57Z
CRMLW,2.65,2026-08-21T15:39:55Z
CRMT,2.39,2026-08-21T19:59:55Z
CRMU,2.34,2026-08-21T19:39:17Z
CRMX,5.48,2026-08-21T19:36:20Z
CRNC,8.03,2026-08-21T19:59:54Z
CRNT,2.09,2026-08-21T19:59:20Z
CRNX,84.71,2026-08-21T19:59:57Z
CRON,3.32,2026-08-21T19:59:55Z
CROX,122.02,2026-08-21T19:59:40Z
CRPT,14.01,2026-08-21T19:24:21Z
CRS,492.58,2026-08-21T19:59:57Z
CRSP,59.485,2026-08-21T19:59:58Z
CRSR,10.92,2026-08-21T19:59:55Z
CRTC,40.7,2026-08-21T17:37:59Z
CRTO,17.455,2026-08-21T19:58:28Z
CRUS,115.275,2026-08-21T19:59:27Z
CRUX,29.46,2026-08-21T19:36:51Z
CRVL,70.1,2026-08-21T19:50:00Z
CRVO,2.62,2026-08-21T19:59:39Z
CRVS,14.465,2026-08-21T19:59:45Z
CRWC,24.53,2026-08-21T17:19:36Z
CRWD,191.94,2026-08-21T19:59:59Z
CRWG,19.94,2026-08-21T19:53:10Z
CRWL,60.11,2026-08-21T19:54:40Z
CRWS,2.955,2026-08-21T19:59:45Z
CRWU,3.775,2026-08-21T19:59:56Z
CRWV,87.84,2026-08-21T19:59:58Z
CSAN,2.76,2026-08-21T19:59:55Z
CSCL,54.12,2026-08-21T19:50:00Z
CSCO,111.05,2026-08-21T19:59:59Z
CSD,134.37,2026-08-21T19:59:50Z
CSEN,25.95,2026-08-21T19:10:31Z
CSEX,11.03,2026-08-21T19:26:02Z
CSGP,32.255,2026-08-21T19:59:54Z
CSHI,49.72,2026-08-21T17:37:46Z
CSHP,99.7,2026-08-21T13:52:49Z
CSHR,5.81,2026-08-21T19:59:25Z
CSIO,28.56,2026-08-21T14:36:46Z
CSIQ,14.54,2026-08-21T19:59:57Z
CSL,368.06,2026-08-21T19:59:42Z
CSPF,25.97,2026-08-21T19:52:15Z
CSQ,20.75,2026-08-21T19:59:46Z
CSQR,20.3,2026-08-21T19:59:53Z
CSR,54.045,2026-08-21T19:55:02Z
CSRE,29.04,2026-08-21T19:59:51Z
CSTE,3.535,2026-08-21T19:48:51Z
CSTL,34.25,2026-08-21T19:59:58Z
CSTM,27.035,2026-08-21T19:59:55Z
CSV,34.51,2026-08-21T19:57:15Z
CSW,330.19,2026-08-21T19:58:58Z
CSWC,24.95,2026-08-21T19:59:54Z
CSX,51.595,2026-08-21T19:59:59Z
CTA,28.56,2026-08-21T19:59:50Z
CTAP,29.54,2026-08-21T19:56:30Z
CTAS,203.78,2026-08-21T19:59:56Z
CTBI,76.41,2026-08-21T19:52:01Z
CTEV,37.22,2026-08-21T19:59:59Z
CTGO,20.025,2026-08-21T19:59:08Z
CTHH,16.91,2026-08-21T19:47:41Z
CTKB,4.81,2026-08-21T19:59:54Z
CTM,0.6126,2026-08-21T19:17:26Z
CTMX,3.28,2026-08-21T19:59:58Z
CTNM,17.2,2026-08-21T19:59:54Z
CTNT,1.58,2026-08-21T19:22:17Z
CTO,21.835,2026-08-21T19:59:44Z
CTOR,0.7303,2026-08-21T18:52:41Z
CTOS,9.77,2026-08-21T19:59:49Z
CTRE,39.595,2026-08-21T19:59:50Z
CTRI,21.365,2026-08-21T19:59:53Z
CTRM,2.465,2026-08-21T19:40:30Z
CTRN,71.23,2026-08-21T19:54:18Z
CTS,57.62,2026-08-21T19:56:42Z
CTSH,61.89,2026-08-21T19:59:59Z
CTSO,0.3719,2026-08-21T19:43:46Z
CTVA,81.77,2026-08-21T19:59:57Z
CTW,2.57,2026-08-21T15:41:03Z
CTXR,0.6002,2026-08-21T19:59:44Z
CUBE,40.88,2026-08-21T19:59:51Z
CUBI,79.835,2026-08-21T19:58:55Z
CUE,24.305,2026-08-21T19:58:56Z
CURB,29.39,2026-08-21T19:59:49Z
CURI,2.76,2026-08-21T19:59:56Z
CURR,3.52,2026-08-21T19:56:11Z
CURV,2.21,2026-08-21T19:59:53Z
CURX,4.79,2026-08-21T19:59:09Z
CUZ,29.68,2026-08-21T19:59:53Z
CV,5.98,2026-08-21T19:33:46Z
CVBF,22.56,2026-08-21T19:59:53Z
CVCO,584.12,2026-08-21T18:00:20Z
CVE,32.95,2026-08-21T19:59:57Z
CVEO,34.5,2026-08-21T19:59:40Z
CVGI,3.21,2026-08-21T19:59:53Z
CVI,39.67,2026-08-21T19:59:44Z
CVKD,1.59,2026-08-21T14:51:19Z
CVLG,35.26,2026-08-21T19:59:44Z
CVLT,133.915,2026-08-21T19:59:08Z
CVM,1.46,2026-08-21T19:24:17Z
CVNA,69.89,2026-08-21T19:59:59Z
CVNY,20.55,2026-08-21T17:44:32Z
CVRX,2.845,2026-08-21T19:59:55Z
CVS,93.03,2026-08-21T19:59:53Z
CVSA,132.36,2026-08-21T19:59:52Z
CVSM,26.41,2026-08-21T19:59:46Z
CVU,5.32,2026-08-21T19:28:24Z
CVV,7.505,2026-08-21T19:34:50Z
CVX,205.21,2026-08-21T19:59:50Z
CVY,30.44,2026-08-21T16:52:20Z
CW,635.08,2026-08-21T19:59:54Z
CWB,103.76,2026-08-21T19:37:34Z
CWBC,25.93,2026-08-21T19:59:49Z
CWCO,29.48,2026-08-21T19:59:42Z
CWD,0.5419,2026-08-21T15:49:27Z
CWEB,22.01,2026-08-21T19:59:51Z
CWEN,32.55,2026-08-21T19:59:52Z
CWH,6.54,2026-08-21T19:59:54Z
CWI,41.51,2026-08-21T19:59:57Z
CWK,14.82,2026-08-21T19:59:54Z
CWST,92.16,2026-08-21T19:59:03Z
CWT,49.56,2026-08-21T19:59:46Z
CWVX,16.56,2026-08-21T19:48:39Z
CX,11.11,2026-08-21T19:59:59Z
CXAI,3.855,2026-08-21T19:59:54Z
CXDO,6.39,2026-08-21T19:59:16Z
CXII,10.72,2026-08-21T17:04:27Z
CXM,7.4,2026-08-21T19:59:57Z
CXSE,38.65,2026-08-21T18:39:31Z
CXT,50.21,2026-08-21T19:59:46Z
CXW,33.995,2026-08-21T19:59:54Z
CYCN,3.94,2026-08-21T15:54:55Z
CYCU,0.6478,2026-08-21T19:58:59Z
CYCUW,0.04,2026-08-21T18:27:10Z
CYD,39.955,2026-08-21T19:58:01Z
CYH,3.025,2026-08-21T19:59:53Z
CYN,1.085,2026-08-21T19:59:50Z
CYPH,1.41,2026-08-21T19:59:56Z
CYRX,17.115,2026-08-21T19:59:59Z
CYTK,76.87,2026-08-21T19:59:57Z
CZFS,81.645,2026-08-21T19:28:02Z
CZNC,25.8,2026-08-21T19:59:59Z
CZR,29.765,2026-08-21T19:59:52Z
CZWI,21.06,2026-08-21T19:59:42Z
D,66.61,2026-08-21T19:59:48Z
DAC,149.76,2026-08-21T19:59:22Z
DAIC,0.4162,2026-08-21T16:43:36Z
DAIO,2.97,2026-08-21T18:39:53Z
DAKT,19.23,2026-08-21T19:59:34Z
DAL,82.415,2026-08-21T19:59:54Z
DAMD,1.65,2026-08-21T19:55:05Z
DAN,31.73,2026-08-21T19:59:55Z
DAO,18.37,2026-08-21T19:59:48Z
DAPP,19.47,2026-08-21T19:59:58Z
DAR,65.75,2026-08-21T19:59:49Z
DARE,0.8167,2026-08-21T18:46:46Z
DASH,223.52,2026-08-21T19:59:49Z
DAUG,47.55,2026-08-21T19:59:46Z
DAVA,3.185,2026-08-21T19:59:52Z
DAVE,354.91,2026-08-21T19:59:51Z
DB,37.825,2026-08-21T19:59:44Z
DBA,28.32,2026-08-21T19:59:51Z
DBB,25.53,2026-08-21T19:59:58Z
DBC,31.25,2026-08-21T19:58:20Z
DBCA,10,2026-08-21T18:39:25Z
DBCAU,10.32,2026-08-21T13:47:49Z
DBD,70.01,2026-08-21T19:59:51Z
DBE,33.415,2026-08-21T18:29:08Z
DBEF,55.825,2026-08-21T19:53:11Z
DBEU,54.98,2026-08-21T18:31:51Z
DBGI,8.755,2026-08-21T19:57:29Z
DBI,5.76,2026-08-21T19:59:50Z
DBJP,114.89,2026-08-21T15:50:52Z
DBL,14.09,2026-08-21T18:24:08Z
DBMF,31.36,2026-08-21T19:59:51Z
DBND,44.945,2026-08-21T18:24:08Z
DBO,22.18,2026-08-21T19:58:58Z
DBRG,15.94,2026-08-21T19:59:58Z
DBRG-I,15,2026-08-21T18:30:49Z
DBRG-J,15.365,2026-08-21T16:04:55Z
DBVT,14.625,2026-08-21T19:20:54Z
DBX,34.48,2026-08-21T19:59:51Z
DC,6.15,2026-08-21T19:59:55Z
DCBO,24.86,2026-08-21T19:48:13Z
DCGO,0.4352,2026-08-21T19:27:48Z
DCH,6.89,2026-08-21T19:59:59Z
DCI,93.24,2026-08-21T19:59:48Z
DCO,191.35,2026-08-21T19:59:48Z
DCOM,40.445,2026-08-21T19:57:05Z
DCOR,84.57,2026-08-21T19:56:56Z
DCOY,3.25,2026-08-21T15:51:45Z
DCTH,17.14,2026-08-21T19:59:58Z
DCX,1.015,2026-08-21T16:35:58Z
DD,138.31,2026-08-21T19:59:51Z
DDC,0.6157,2026-08-21T19:59:14Z
DDD,3.185,2026-08-21T19:59:50Z
DDFA,20.41,2026-08-21T19:19:58Z
DDFF,20.2,2026-08-21T19:19:58Z
DDFG,19.4,2026-08-21T19:34:54Z
DDFL,21.56,2026-08-21T18:30:16Z
DDFN,20.345,2026-08-21T14:03:32Z
DDFZ,19.655,2026-08-21T19:59:49Z
DDI,12.885,2026-08-21T19:59:20Z
DDL,2.455,2026-08-21T19:59:55Z
DDM,67.54,2026-08-21T19:58:55Z
DDNQ,20.73,2026-08-21T19:01:31Z
DDOG,235.57,2026-08-21T19:59:58Z
DDS,621.64,2026-08-21T19:59:15Z
DDTF,20.58,2026-08-21T19:45:02Z
DDTG,19.36,2026-08-21T19:19:58Z
DDTO,23.36,2026-08-21T14:15:00Z
DDV,25.47,2026-08-21T15:47:48Z
DDWM,47.34,2026-08-21T13:45:01Z
DE,647.75,2026-08-21T19:59:54Z
DEA,24.58,2026-08-21T19:57:51Z
DEC,14.64,2026-08-21T19:59:50Z
DECK,91.605,2026-08-21T19:59:48Z
DECP,33.19,2026-08-21T19:19:58Z
DECT,40.145,2026-08-21T18:32:02Z
DECW,36.24,2026-08-21T14:10:01Z
DEED,21.06,2026-08-21T15:19:11Z
DEFT,0.5752,2026-08-21T19:59:46Z
DEHP,41.24,2026-08-21T19:55:03Z
DEI,11.8,2026-08-21T19:59:55Z
DELL,441.55,2026-08-21T19:59:50Z
DEM,55.045,2026-08-21T19:58:34Z
DEO,94.61,2026-08-21T19:59:50Z
DERM,7.755,2026-08-21T19:59:52Z
DES,40.86,2026-08-21T19:44:42Z
DEUS,67.92,2026-08-21T18:20:50Z
DEW,73.24,2026-08-21T19:51:48Z
DFAC,45.605,2026-08-21T19:59:57Z
DFAE,39.475,2026-08-21T19:59:52Z
DFAI,43.33,2026-08-21T19:59:51Z
DFAR,26.48,2026-08-21T19:55:00Z
DFAS,83.07,2026-08-21T19:59:29Z
DFAT,71.71,2026-08-21T19:38:22Z
DFAU,53.035,2026-08-21T19:59:56Z
DFAW,85.315,2026-08-21T18:12:57Z
DFAX,38.15,2026-08-21T19:59:50Z
DFCA,49.48,2026-08-21T19:30:01Z
DFCF,41.475,2026-08-21T19:59:49Z
DFDV,3.935,2026-08-21T19:59:59Z
DFE,77.585,2026-08-21T19:20:27Z
DFEB,51.39,2026-08-21T15:00:48Z
DFEM,39.9,2026-08-21T19:59:52Z
DFEN,72.26,2026-08-21T19:53:42Z
DFEV,41.915,2026-08-21T19:59:45Z
DFGP,53.25,2026-08-21T19:59:47Z
DFGR,29.445,2026-08-21T19:59:58Z
DFGX,52,2026-08-21T16:10:22Z
DFH,14.94,2026-08-21T19:59:48Z
DFIC,39.4,2026-08-21T19:59:49Z
DFIN,48.2,2026-08-21T19:59:46Z
DFIP,40.32,2026-08-21T19:58:33Z
DFIS,37.54,2026-08-21T19:59:43Z
DFIV,58.295,2026-08-21T19:59:58Z
DFJ,113.35,2026-08-21T14:26:35Z
DFLI,1.19,2026-08-21T19:59:13Z
DFLV,42.02,2026-08-21T19:59:53Z
DFNL,51.545,2026-08-21T15:38:41Z
DFNM,47.58,2026-08-21T19:55:10Z
DFNS,20.855,2026-08-21T19:55:27Z
DFP,20.76,2026-08-21T19:38:04Z
DFSB,50.725,2026-08-21T18:48:41Z
DFSC,1.56,2026-08-21T19:53:48Z
DFSD,47.305,2026-08-21T19:59:46Z
DFSI,47.43,2026-08-21T16:50:15Z
DFSU,48.265,2026-08-21T19:27:34Z
DFSV,40.29,2026-08-21T19:59:53Z
DFTX,44.89,2026-08-21T19:59:54Z
DFUS,83.655,2026-08-21T19:59:55Z
DFUV,57.43,2026-08-21T19:55:03Z
DG,123.385,2026-08-21T19:59:57Z
DGAC,9.97,2026-08-21T17:24:35Z
DGAP,30.91,2026-08-21T19:19:58Z
DGCB,53.17,2026-08-21T17:09:32Z
DGICA,18.68,2026-08-21T19:59:51Z
DGII,74.925,2026-08-21T19:59:45Z
DGNX,1.275,2026-08-21T19:59:45Z
DGP,169.15,2026-08-21T15:01:21Z
DGRE,40.49,2026-08-21T19:46:13Z
DGRO,79.655,2026-08-21T19:59:33Z
DGRS,60.08,2026-08-21T13:44:47Z
DGRW,99.28,2026-08-21T19:59:55Z
DGS,63.48,2026-08-21T15:46:58Z
DGT,192.065,2026-08-21T15:18:51Z
DGX,244.47,2026-08-21T19:59:56Z
DGXX,4.06,2026-08-21T19:59:55Z
DGZ,4.88,2026-08-21T19:11:53Z
DH,0.7138,2026-08-21T19:58:35Z
DHC,8.01,2026-08-21T19:59:55Z
DHCNI,18.36,2026-08-21T18:25:00Z
DHCNL,18.91,2026-08-21T19:13:28Z
DHF,2.35,2026-08-21T19:56:37Z
DHI,148.38,2026-08-21T19:59:49Z
DHLX,13.89,2026-08-21T15:01:19Z
DHR,218.895,2026-08-21T19:59:53Z
DHT,19.8,2026-08-21T19:59:54Z
DHX,4.17,2026-08-21T19:45:42Z
DHY,1.715,2026-08-21T19:25:23Z
DIA,532.19,2026-08-21T19:59:56Z
DIAL,17.935,2026-08-21T19:59:03Z
DIBS,4.77,2026-08-21T19:59:50Z
DIEM,42.615,2026-08-21T19:54:04Z
DIG,69.32,2026-08-21T19:59:46Z
DIHP,35.75,2026-08-21T19:59:19Z
DIM,89.42,2026-08-21T15:57:24Z
DIME,8.6,2026-08-21T18:34:36Z
DIN,35.855,2026-08-21T19:57:57Z
DINO,97.34,2026-08-21T19:59:49Z
DINT,30.49,2026-08-21T19:31:55Z
DIOD,94.015,2026-08-21T19:59:50Z
DIPS,34.25,2026-08-21T13:52:55Z
DIS,107.77,2026-08-21T19:59:56Z
DISK,38.075,2026-08-21T16:41:01Z
DISV,44.5,2026-08-21T19:58:57Z
DIV,19.79,2026-08-21T18:47:54Z
DIVB,68.93,2026-08-21T19:55:13Z
DIVI,44.605,2026-08-21T19:59:51Z
DIVO,48.57,2026-08-21T19:59:48Z
DIVP,27.87,2026-08-21T19:26:44Z
DIVZ,38.51,2026-08-21T19:59:46Z
DJAN,46.325,2026-08-21T14:56:32Z
DJCO,604.365,2026-08-21T15:11:45Z
DJD,66.3,2026-08-21T14:08:02Z
DJIA,22.92,2026-08-21T19:55:06Z
DJP,50.73,2026-08-21T16:09:03Z
DJT,9.095,2026-08-21T19:59:54Z
DJTU,11.25,2026-08-21T14:58:48Z
DJTWW,4.14,2026-08-21T19:13:13Z
DJUN,50.03,2026-08-21T18:32:03Z
DK,71.47,2026-08-21T19:59:54Z
DKL,54.115,2026-08-21T19:59:58Z
DKNG,26.16,2026-08-21T19:59:58Z
DKS,183.255,2026-08-21T19:59:59Z
DLAG,33.61,2026-08-21T16:22:28Z
DLB,65.25,2026-08-21T19:59:50Z
DLLL,23.52,2026-08-21T19:59:28Z
DLMY,30.41,2026-08-21T18:31:13Z
DLN,100.75,2026-08-21T19:59:46Z
DLNG,3.87,2026-08-21T18:48:29Z
DLO,15.165,2026-08-21T19:59:55Z
DLPN,1.11,2026-08-21T13:31:06Z
DLR,190.61,2026-08-21T19:59:46Z
DLTH,3.74,2026-08-21T18:22:29Z
DLTR,131.45,2026-08-21T19:59:54Z
DLX,23.605,2026-08-21T19:59:50Z
DLXY,0.4156,2026-08-21T15:13:19Z
DLY,13.845,2026-08-21T19:58:46Z
DMA,7.62,2026-08-21T19:44:15Z
DMAAR,0.1513,2026-08-21T15:27:16Z
DMAC,6.505,2026-08-21T19:57:25Z
DMAR,45.38,2026-08-21T18:05:18Z
DMAY,47.84,2026-08-21T19:54:50Z
DMB,10.5,2026-08-21T18:00:48Z
DMC,31.49,2026-08-21T19:58:47Z
DMLP,28.965,2026-08-21T19:46:35Z
DMO,10.375,2026-08-21T19:58:01Z
DMRA,30.875,2026-08-21T19:59:10Z
DMRC,6.14,2026-08-21T19:59:50Z
DMXF,87.05,2026-08-21T17:07:17Z
DNA,7.395,2026-08-21T19:59:55Z
DNLI,24.94,2026-08-21T19:59:31Z
DNN,3.505,2026-08-21T19:59:56Z
DNOV,52.23,2026-08-21T19:19:58Z
DNOW,15.685,2026-08-21T19:59:59Z
DNP,10.89,2026-08-21T19:44:14Z
DNTH,111.155,2026-08-21T19:59:40Z
DNUT,3.59,2026-08-21T19:59:54Z
DOC,21.39,2026-08-21T19:59:56Z
DOCN,115.56,2026-08-21T19:59:47Z
DOCS,25.33,2026-08-21T19:59:55Z
DOCT,47.59,2026-08-21T18:49:09Z
DOCU,62.01,2026-08-21T19:59:57Z
DOG,21.37,2026-08-21T19:59:48Z
DOGG,22.57,2026-08-21T19:15:12Z
DOGZ,1.07,2026-08-21T19:59:44Z
DOJE,7.84,2026-08-21T19:53:27Z
DOL,77.37,2026-08-21T18:41:26Z
DOLE,13.315,2026-08-21T19:59:55Z
DOMH,2.65,2026-08-21T15:28:22Z
DOMO,3.8,2026-08-21T19:59:56Z
DON,58.26,2026-08-21T19:59:49Z
DOO,68.205,2026-08-21T19:59:24Z
DORM,131.92,2026-08-21T19:59:15Z
DOUG,1.93,2026-08-21T19:59:53Z
DOV,201.905,2026-08-21T19:59:48Z
DOW,32.34,2026-08-21T19:59:59Z
DOX,61.38,2026-08-21T19:59:51Z
DOYU,4.35,2026-08-21T19:25:02Z
DPC,45.445,2026-08-21T19:59:54Z
DPG,14.64,2026-08-21T19:59:57Z
DPRO,4.49,2026-08-21T19:59:36Z
DPST,137.72,2026-08-21T19:59:50Z
DPZ,341.89,2026-08-21T19:59:43Z
DQ,13.585,2026-08-21T19:59:55Z
DQJN,29.46,2026-08-21T16:05:52Z
DRAL,11.08,2026-08-21T19:48:54Z
DRAM,57.715,2026-08-21T19:59:57Z
DRAY,15.05,2026-08-21T14:55:42Z
DRCT,2.48,2026-08-21T15:53:29Z
DRD,30.67,2026-08-21T19:59:01Z
DRES,30.99,2026-08-21T19:35:14Z
DRH,12.83,2026-08-21T19:59:55Z
DRI,221.66,2026-08-21T19:59:49Z
DRIP,34.44,2026-08-21T19:59:46Z
DRIV,34.72,2026-08-21T14:21:58Z
DRLL,41.49,2026-08-21T16:30:15Z
DRMA,1.41,2026-08-21T17:59:23Z
DRN,11.08,2026-08-21T19:59:09Z
DRNZ,22.5,2026-08-21T19:55:01Z
DRS,40.705,2026-08-21T19:59:30Z
DRSK,28.415,2026-08-21T19:59:46Z
DRTS,14.9,2026-08-21T19:59:52Z
DRTSW,3.99,2026-08-21T15:07:36Z
DRUG,77.715,2026-08-21T19:53:26Z
DRV,17.91,2026-08-21T19:59:50Z
DRVN,13.16,2026-08-21T19:59:53Z
DSC,8.455,2026-08-21T15:57:55Z
DSCO,24.76,2026-08-21T16:44:59Z
DSGN,14.98,2026-08-21T19:59:28Z
DSGR,34.81,2026-08-21T19:59:05Z
DSGX,78.255,2026-08-21T19:59:50Z
DSL,10.55,2026-08-21T19:57:59Z
DSM,5.815,2026-08-21T18:50:27Z
DSMC,44.16,2026-08-21T19:06:41Z
DSP,12.49,2026-08-21T19:57:13Z
DSTL,69.73,2026-08-21T19:26:59Z
DSU,9.4,2026-08-21T19:59:50Z
DSX,2.715,2026-08-21T19:59:21Z
DSX+,0.6,2026-08-21T15:46:52Z
DSX-B,27.84,2026-08-21T17:29:49Z
DT,49.3,2026-08-21T19:59:55Z
DTAN,34.21,2026-08-21T17:56:23Z
DTB,15.73,2026-08-21T19:51:30Z
DTCR,28.35,2026-08-21T19:58:23Z
DTCX,2.615,2026-08-21T19:59:57Z
DTD,97.33,2026-08-21T15:14:18Z
DTE,135.16,2026-08-21T19:59:48Z
DTEC,52.91,2026-08-21T16:09:35Z
DTG,15.79,2026-08-21T13:43:43Z
DTH,58.97,2026-08-21T19:52:28Z
DTI,2.61,2026-08-21T19:59:59Z
DTIL,8.84,2026-08-21T19:59:50Z
DTK,23.11,2026-08-21T17:02:26Z
DTM,126.78,2026-08-21T19:59:52Z
DTW,19.19,2026-08-21T18:30:45Z
DUG,14.76,2026-08-21T19:59:51Z
DUHP,42.445,2026-08-21T19:50:35Z
DUK,119.85,2026-08-21T19:59:55Z
DUKR,5.45,2026-08-21T18:25:17Z
DUKU,50.12,2026-08-21T14:27:59Z
DUO,0.695,2026-08-21T16:00:33Z
DUOL,146.02,2026-08-21T19:59:52Z
DUOT,10.32,2026-08-21T19:59:59Z
DUSA,57.12,2026-08-21T19:03:24Z
DUSB,50.74,2026-08-21T19:59:46Z
DUST,30.61,2026-08-21T19:59:07Z
DV,13.315,2026-08-21T19:59:57Z
DVA,173.87,2026-08-21T19:59:52Z
DVAL,16.64,2026-08-21T15:00:06Z
DVLT,0.3194,2026-08-21T19:59:58Z
DVN,49.1,2026-08-21T19:59:59Z
DVOL,37.06,2026-08-21T17:06:42Z
DVY,164.09,2026-08-21T19:59:45Z
DVYA,52.465,2026-08-21T18:36:57Z
DVYE,35.425,2026-08-21T19:49:50Z
DWAS,113.94,2026-08-21T13:37:25Z
DWLD,48.13,2026-08-21T18:28:38Z
DWMF,34.37,2026-08-21T19:44:20Z
DWSN,3.46,2026-08-21T19:59:54Z
DWTX,2.5,2026-08-21T19:59:20Z
DX,13.03,2026-08-21T19:59:56Z
DXC,10.8,2026-08-21T19:59:58Z
DXCM,92.35,2026-08-21T19:59:48Z
DXD,16.645,2026-08-21T19:59:31Z
DXIV,75.15,2026-08-21T18:08:02Z
DXJ,177.24,2026-08-21T19:59:55Z
DXPE,190.74,2026-08-21T19:50:16Z
DXUV,69.76,2026-08-21T15:26:49Z
DXYZ,34.285,2026-08-21T19:59:56Z
DY,393.01,2026-08-21T19:59:53Z
DYAI,0.689,2026-08-21T19:47:56Z
DYLD,22.26,2026-08-21T17:32:21Z
DYN,26.1,2026-08-21T19:59:43Z
DYNC,10.875,2026-08-21T17:40:45Z
DYNF,69.055,2026-08-21T19:59:55Z
DYTA,31.775,2026-08-21T19:57:03Z
E,56.58,2026-08-21T19:58:30Z
EAD,6.34,2026-08-21T18:32:55Z
EAF,6.82,2026-08-21T19:59:53Z
EAFG,26.24,2026-08-21T19:56:19Z
EAGG,46.625,2026-08-21T19:59:45Z
EAGL,35.735,2026-08-21T19:55:25Z
EALT,36.6,2026-08-21T19:23:42Z
EAPR,33.61,2026-08-21T13:37:40Z
EARN,4.425,2026-08-21T19:58:28Z
EART,31.59,2026-08-21T17:54:13Z
EAT,246.17,2026-08-21T19:59:51Z
EBAY,104.09,2026-08-21T19:59:52Z
EBC,22.73,2026-08-21T19:59:55Z
EBF,21.55,2026-08-21T19:59:45Z
EBI,67.5,2026-08-21T19:59:51Z
EBIZ,30.4,2026-08-21T14:46:02Z
EBMT,22.8,2026-08-21T19:58:49Z
EBND,21.225,2026-08-21T19:59:46Z
EBS,5.09,2026-08-21T19:59:47Z
EC,17.52,2026-08-21T19:59:49Z
ECAT,15.32,2026-08-21T19:59:44Z
ECBK,20.67,2026-08-21T19:31:31Z
ECC,3.805,2026-08-21T18:17:54Z
ECC-D,18.67,2026-08-21T15:46:07Z
ECF,12.55,2026-08-21T19:09:57Z
ECG,126.055,2026-08-21T19:59:07Z
ECH,41.445,2026-08-21T19:58:39Z
ECHO,86.81,2026-08-21T19:59:59Z
ECHX,7.53,2026-08-21T14:25:39Z
ECL,281.655,2026-08-21T19:59:59Z
ECNS,29.38,2026-08-21T15:08:25Z
ECO,64.65,2026-08-21T19:55:04Z
ECON,35.37,2026-08-21T14:02:55Z
ECOR,10.355,2026-08-21T19:58:00Z
ECOW,27.93,2026-08-21T19:53:13Z
ECPG,101.21,2026-08-21T19:59:31Z
ECVT,10.445,2026-08-21T19:59:59Z
ECX,1.095,2026-08-21T19:59:50Z
ED,106.375,2026-08-21T19:59:55Z
EDBL,1.47,2026-08-21T19:59:13Z
EDC,79.57,2026-08-21T19:53:45Z
EDD,5.97,2026-08-21T19:59:51Z
EDF,5.05,2026-08-21T19:00:08Z
EDGH,35.76,2026-08-21T19:55:10Z
EDIT,3.1,2026-08-21T19:59:56Z
EDIV,42.12,2026-08-21T18:23:21Z
EDN,22.675,2026-08-21T15:25:51Z
EDOW,46.19,2026-08-21T15:12:15Z
EDRY,46.43,2026-08-21T19:26:38Z
EDSA,4.44,2026-08-21T19:19:52Z
EDU,55.83,2026-08-21T19:59:28Z
EDV,59.515,2026-08-21T19:59:53Z
EDZ,14.65,2026-08-21T19:59:15Z
EE,39.365,2026-08-21T19:59:12Z
EEA,11.21,2026-08-21T18:58:21Z
EEFT,70.07,2026-08-21T19:59:50Z
EEIQ,2.85,2026-08-21T13:37:28Z
EELV,28.855,2026-08-21T17:24:26Z
EEM,67.12,2026-08-21T19:59:59Z
EEMA,116.01,2026-08-21T18:45:20Z
EEMO,22.13,2026-08-21T14:19:37Z
EEMS,74.845,2026-08-21T19:07:54Z
EEMV,74.69,2026-08-21T19:59:55Z
EES,68.37,2026-08-21T19:49:50Z
EETH,29.35,2026-08-21T19:54:06Z
EFA,108.25,2026-08-21T19:59:59Z
EFAA,57.19,2026-08-21T15:36:30Z
EFAS,23.43,2026-08-21T14:42:05Z
EFAV,94.6,2026-08-21T19:59:59Z
EFAX,55.85,2026-08-21T19:01:06Z
EFC,13.64,2026-08-21T19:59:56Z
EFC-B,24.77,2026-08-21T16:44:22Z
EFG,125.6,2026-08-21T19:59:57Z
EFIV,75.04,2026-08-21T17:59:05Z
EFOR,32.65,2026-08-21T19:59:50Z
EFR,10.64,2026-08-21T19:59:53Z
EFSC,63.69,2026-08-21T19:59:49Z
EFSI,42.45,2026-08-21T19:52:40Z
EFT,10.725,2026-08-21T17:29:47Z
EFV,82.23,2026-08-21T19:59:55Z
EFX,192.77,2026-08-21T19:59:15Z
EFXT,20.34,2026-08-21T19:59:49Z
EG,369.81,2026-08-21T19:59:46Z
EGAN,7.29,2026-08-21T19:59:43Z
EGBN,28.19,2026-08-21T19:45:15Z
EGGS,36.78,2026-08-21T17:50:32Z
EGGY,33.82,2026-08-21T19:59:29Z
EGHT,2.005,2026-08-21T19:59:58Z
EGO,45.73,2026-08-21T19:59:56Z
EGP,201.22,2026-08-21T19:59:20Z
EGY,5.935,2026-08-21T19:59:55Z
EH,5.525,2026-08-21T19:59:49Z
EHC,120.27,2026-08-21T19:59:49Z
EHGO,1.37,2026-08-21T19:59:50Z
EHI,5.78,2026-08-21T19:59:52Z
EHTH,1.23,2026-08-21T19:59:52Z
EIC,9.995,2026-08-21T19:59:53Z
EIDO,12.765,2026-08-21T19:55:21Z
EIG,48.17,2026-08-21T19:47:00Z
EIKN,11.37,2026-08-21T19:59:55Z
EIM,9.6,2026-08-21T19:59:37Z
EIPI,22.52,2026-08-21T19:59:51Z
EIPX,33.26,2026-08-21T18:14:06Z
EIRL,83.81,2026-08-21T15:16:32Z
EIX,71.625,2026-08-21T19:59:53Z
EJUL,31.34,2026-08-21T19:21:29Z
EL,101.91,2026-08-21T19:59:52Z
ELA,14.145,2026-08-21T19:58:00Z
ELAB,6.7,2026-08-21T16:59:00Z
ELAN,23.98,2026-08-21T19:59:59Z
ELBM,0.6264,2026-08-21T19:59:29Z
ELC,19.71,2026-08-21T19:30:10Z
ELCV,31.78,2026-08-21T17:23:23Z
ELD,28.97,2026-08-21T16:03:31Z
ELDN,3.44,2026-08-21T19:59:55Z
ELE,22.24,2026-08-21T19:59:53Z
ELF,101.94,2026-08-21T19:59:52Z
ELIL,33.75,2026-08-21T15:47:07Z
ELM,29.745,2026-08-21T19:57:31Z
ELMD,39.6,2026-08-21T19:58:09Z
ELME,1.67,2026-08-21T19:59:59Z
ELMT,19.85,2026-08-21T19:59:59Z
ELOX,22.355,2026-08-21T15:25:08Z
ELPC,11.03,2026-08-21T19:59:54Z
ELPW,4,2026-08-21T14:10:10Z
ELS,65.46,2026-08-21T19:59:59Z
ELTX,3.05,2026-08-21T19:57:12Z
ELV,400.65,2026-08-21T19:59:54Z
ELVA,6.645,2026-08-21T19:59:55Z
ELVN,59.87,2026-08-21T19:59:50Z
ELVR,67.815,2026-08-21T19:59:00Z
EMA,50.11,2026-08-21T19:58:25Z
EMAT,3.99,2026-08-21T19:59:51Z
EMB,94.72,2026-08-21T19:59:59Z
EMBC,5.23,2026-08-21T19:59:54Z
EMBJ,75.89,2026-08-21T19:59:40Z
EMC,37.075,2026-08-21T18:49:57Z
EMD,10.59,2026-08-21T19:50:01Z
EME,776,2026-08-21T19:59:18Z
EMEM,25.8,2026-08-21T18:02:11Z
EMET,45.7,2026-08-21T15:25:20Z
EMF,22.49,2026-08-21T13:42:19Z
EMGF,71.69,2026-08-21T19:58:17Z
EMHC,24.905,2026-08-21T16:39:46Z
EMHY,40.235,2026-08-21T17:55:26Z
EML,24.795,2026-08-21T19:59:12Z
EMLC,25.85,2026-08-21T19:59:59Z
EMLP,43.745,2026-08-21T19:59:45Z
EMMF,38.23,2026-08-21T15:48:28Z
EMN,74.125,2026-08-21T19:59:44Z
EMO,54.45,2026-08-21T19:11:49Z
EMOP,50.85,2026-08-21T14:23:40Z
EMPD,2.86,2026-08-21T19:59:33Z
EMQQ,34.25,2026-08-21T19:17:00Z
EMR,157.23,2026-08-21T19:59:57Z
EMSC,25.3,2026-08-21T19:59:38Z
EMXC,97.82,2026-08-21T19:59:56Z
EMXF,56.87,2026-08-21T16:14:36Z
ENB,50.46,2026-08-21T19:59:50Z
ENFR,39.36,2026-08-21T17:57:38Z
ENGN,1.79,2026-08-21T19:59:55Z
ENGS,2.82,2026-08-21T19:59:55Z
ENHA,1.735,2026-08-21T19:59:53Z
ENIC,4.445,2026-08-21T19:59:56Z
ENJ,19.145,2026-08-21T18:26:30Z
ENLT,80.075,2026-08-21T19:56:59Z
ENLV,1.485,2026-08-21T19:28:48Z
ENO,20.89,2026-08-21T17:44:56Z
ENOR,36.79,2026-08-21T17:24:25Z
ENOV,26.11,2026-08-21T19:59:37Z
ENPH,38.6,2026-08-21T19:59:49Z
ENR,21.45,2026-08-21T19:59:50Z
ENRD,5.9,2026-08-21T16:18:36Z
ENS,189.55,2026-08-21T19:57:58Z
ENSC,0.3675,2026-08-21T19:58:13Z
ENSG,179.43,2026-08-21T19:57:41Z
ENTA,13.44,2026-08-21T19:59:57Z
ENTG,143.7,2026-08-21T19:59:55Z
ENTX,3.24,2026-08-21T19:59:31Z
ENVA,243.32,2026-08-21T19:59:29Z
ENVB,1.42,2026-08-21T19:59:44Z
ENVX,3.38,2026-08-21T19:59:57Z
ENZL,48.72,2026-08-21T19:50:26Z
EOD,6.68,2026-08-21T19:59:38Z
EOG,153.05,2026-08-21T19:59:59Z
EOLS,8.395,2026-08-21T19:59:56Z
EONR,0.4853,2026-08-21T19:58:46Z
EOS,21.425,2026-08-21T19:52:11Z
EOSE,3.815,2026-08-21T19:59:47Z
EOSU,7.19,2026-08-21T17:50:33Z
EOT,17.39,2026-08-21T16:31:41Z
EP,3.23,2026-08-21T16:52:34Z
EPAC,37.335,2026-08-21T19:58:25Z
EPAM,110.485,2026-08-21T19:59:37Z
EPC,28.61,2026-08-21T19:59:48Z
EPD,38.035,2026-08-21T19:59:57Z
EPHE,25.25,2026-08-21T19:59:51Z
EPI,42.985,2026-08-21T19:59:54Z
EPM,3.54,2026-08-21T19:59:52Z
EPOL,44.38,2026-08-21T19:59:55Z
EPP,58.075,2026-08-21T19:59:56Z
EPR,60.36,2026-08-21T19:58:47Z
EPRT,30.85,2026-08-21T19:59:50Z
EPRX,6.71,2026-08-21T19:59:58Z
EPS,80.53,2026-08-21T18:59:48Z
EPSB,27.52,2026-08-21T19:59:45Z
EPSN,5.6,2026-08-21T19:59:38Z
EPSV,30.79,2026-08-21T19:59:46Z
EPU,93.87,2026-08-21T19:51:44Z
EPV,16.75,2026-08-21T19:58:33Z
EQ,2.32,2026-08-21T19:59:49Z
EQAL,61.735,2026-08-21T19:59:45Z
EQBK,49.9,2026-08-21T19:56:42Z
EQH,48.89,2026-08-21T19:59:52Z
EQH-A,18.57,2026-08-21T17:59:31Z
EQIX,1065.61,2026-08-21T19:59:56Z
EQL,52.25,2026-08-21T19:35:09Z
EQNR,42.84,2026-08-21T19:59:58Z
EQPT,18.51,2026-08-21T19:59:53Z
EQRR,86.84,2026-08-21T16:26:52Z
EQT,53.72,2026-08-21T19:59:58Z
EQWL,134.97,2026-08-21T19:59:51Z
EQX,13.54,2026-08-21T19:59:56Z
ERAS,17.64,2026-08-21T19:59:58Z
ERC,9.29,2026-08-21T19:43:19Z
ERH,11.55,2026-08-21T19:52:15Z
ERIC,10.22,2026-08-21T19:59:56Z
ERIE,264.615,2026-08-21T19:58:55Z
ERII,7.9,2026-08-21T19:59:56Z
ERO,39.415,2026-08-21T19:59:55Z
EROC,14.12,2026-08-21T19:59:48Z
EROK,26.64,2026-08-21T19:58:51Z
ERX,107.46,2026-08-21T19:59:46Z
ERY,9.02,2026-08-21T19:59:41Z
ES,70.195,2026-08-21T19:59:53Z
ESAB,81.51,2026-08-21T19:59:41Z
ESCA,21.065,2026-08-21T13:30:02Z
ESE,286.97,2026-08-21T19:59:47Z
ESEA,75.02,2026-08-21T19:59:08Z
ESGD,107.24,2026-08-21T19:59:41Z
ESGE,53.955,2026-08-21T19:59:49Z
ESGU,167.85,2026-08-21T19:59:07Z
ESGV,135.95,2026-08-21T19:49:43Z
ESI,35.32,2026-08-21T19:59:57Z
ESLG,29.06,2026-08-21T13:30:00Z
ESLT,741.92,2026-08-21T19:59:21Z
ESML,55.77,2026-08-21T18:00:18Z
ESN,20.6,2026-08-21T19:59:08Z
ESNT,68.05,2026-08-21T19:59:50Z
ESOA,11.815,2026-08-21T19:59:11Z
ESP,64.73,2026-08-21T19:59:48Z
ESPO,98.23,2026-08-21T19:59:46Z
ESQ,115.54,2026-08-21T19:59:19Z
ESRT,4.815,2026-08-21T19:59:55Z
ESS,289.015,2026-08-21T19:59:50Z
ESTA,72.74,2026-08-21T19:59:41Z
ESTC,85.9,2026-08-21T19:59:45Z
ESUM,31.1,2026-08-21T19:59:45Z
ET,21.19,2026-08-21T19:59:58Z
ETB,15.54,2026-08-21T14:37:20Z
ETD,23.43,2026-08-21T19:58:55Z
ETG,23.98,2026-08-21T18:57:00Z
ETH,23.05,2026-08-21T19:59:18Z
ETHA,18.225,2026-08-21T19:59:58Z
ETHB,31.08,2026-08-21T19:59:44Z
ETHD,33.05,2026-08-21T19:58:02Z
ETHE,19.44,2026-08-21T19:59:41Z
ETHO,82.1,2026-08-21T15:25:26Z
ETHT,16.38,2026-08-21T19:59:58Z
ETHU,25.385,2026-08-21T19:59:55Z
ETHV,35.26,2026-08-21T19:59:51Z
ETHW,17.265,2026-08-21T19:59:56Z
ETJ,8.39,2026-08-21T19:37:10Z
ETN,419.33,2026-08-21T19:59:59Z
ETO,31.59,2026-08-21T19:12:51Z
ETON,63.33,2026-08-21T19:59:16Z
ETOR,30.33,2026-08-21T19:59:39Z
ETR,104.615,2026-08-21T19:59:57Z
ETSY,81.03,2026-08-21T19:59:52Z
ETU,6.695,2026-08-21T19:57:31Z
ETV,15.045,2026-08-21T19:51:33Z
ETW,9.81,2026-08-21T19:51:59Z
ETX,18.03,2026-08-21T19:59:06Z
ETY,14.38,2026-08-21T19:57:00Z
EU,1.205,2026-08-21T19:59:52Z
EUAD,46.06,2026-08-21T19:58:51Z
EUDG,40.335,2026-08-21T19:31:55Z
EUFN,42.2,2026-08-21T19:59:51Z
EUM,15.74,2026-08-21T19:59:51Z
EUSA,118.43,2026-08-21T16:21:07Z
EUSB,42.805,2026-08-21T19:59:45Z
EUV,24.585,2026-08-21T19:59:55Z
EUVX,15,2026-08-21T19:59:51Z
EVAX,3.38,2026-08-21T19:56:43Z
EVC,8.07,2026-08-21T19:59:52Z
EVCM,9.72,2026-08-21T19:59:59Z
EVER,25.25,2026-08-21T19:59:47Z
EVEX,2.62,2026-08-21T19:59:56Z
EVF,4.95,2026-08-21T19:35:44Z
EVGN,0.5601,2026-08-21T19:35:10Z
EVGO,1.505,2026-08-21T19:59:56Z
EVH,4.74,2026-08-21T19:59:56Z
EVI,15.11,2026-08-21T19:49:51Z
EVIM,52.4,2026-08-21T19:59:53Z
EVLV,5.32,2026-08-21T19:59:50Z
EVMN,13.94,2026-08-21T19:59:47Z
EVMO,49.77,2026-08-21T18:34:49Z
EVMU,29.3,2026-08-21T14:38:38Z
EVN,10.75,2026-08-21T19:32:33Z
EVO,1.94,2026-08-21T19:36:49Z
EVR,291.885,2026-08-21T19:59:52Z
EVRG,80.935,2026-08-21T19:59:54Z
EVSD,50.85,2026-08-21T18:59:09Z
EVSM,50.155,2026-08-21T19:59:51Z
EVT,29.08,2026-08-21T15:56:21Z
EVTC,29.87,2026-08-21T19:59:33Z
EVTL,0.7705,2026-08-21T19:59:25Z
EVTR,50.1,2026-08-21T19:59:54Z
EVUS,37.09,2026-08-21T19:59:51Z
EVV,9.045,2026-08-21T19:59:44Z
EVYM,49.86,2026-08-21T19:58:00Z
EW,89.79,2026-08-21T19:59:57Z
EWA,30.13,2026-08-21T19:59:59Z
EWBC,129.96,2026-08-21T19:59:52Z
EWC,62.35,2026-08-21T19:59:49Z
EWD,53.67,2026-08-21T19:01:43Z
EWG,44.2,2026-08-21T19:59:45Z
EWH,23.36,2026-08-21T19:59:56Z
EWI,62.89,2026-08-21T19:59:40Z
EWJ,95.17,2026-08-21T19:59:53Z
EWL,64.36,2026-08-21T19:59:54Z
EWM,28.66,2026-08-21T19:59:37Z
EWN,69.44,2026-08-21T19:59:51Z
EWP,62.93,2026-08-21T19:58:55Z
EWQ,46.995,2026-08-21T19:59:50Z
EWS,33.755,2026-08-21T19:59:48Z
EWT,104.28,2026-08-21T19:59:58Z
EWTX,44.2,2026-08-21T19:59:41Z
EWU,48.94,2026-08-21T19:59:50Z
EWV,16.88,2026-08-21T14:48:48Z
EWW,77.42,2026-08-21T19:59:25Z
EWY,178.36,2026-08-21T19:59:56Z
EWZ,35.07,2026-08-21T19:59:57Z
EWZS,12.4,2026-08-21T19:59:50Z
EXC,43.75,2026-08-21T19:59:59Z
EXE,96.09,2026-08-21T19:59:59Z
EXEL,54.08,2026-08-21T19:59:57Z
EXFY,2.645,2026-08-21T19:59:48Z
EXG,9.905,2026-08-21T19:59:42Z
EXI,201.73,2026-08-21T19:01:04Z
EXK,10.615,2026-08-21T19:59:53Z
EXLS,37.54,2026-08-21T19:59:48Z
EXOD,7.585,2026-08-21T19:50:00Z
EXP,206.985,2026-08-21T19:59:58Z
EXPD,187.74,2026-08-21T19:59:46Z
EXPE,321.67,2026-08-21T19:59:24Z
EXPO,70.245,2026-08-21T19:59:49Z
EXR,146.75,2026-08-21T19:59:50Z
EXTR,23.025,2026-08-21T19:59:41Z
EXYN,2.23,2026-08-21T19:59:30Z
EYE,17.86,2026-08-21T19:59:57Z
EYLD,48.07,2026-08-21T19:59:51Z
EYPT,5.31,2026-08-21T19:59:55Z
EZA,72.535,2026-08-21T19:59:32Z
EZBC,44.6,2026-08-21T19:44:57Z
EZET,18.27,2026-08-21T19:59:45Z
EZM,76.67,2026-08-21T18:09:56Z
EZPW,32.22,2026-08-21T19:59:54Z
EZRA,3.04,2026-08-21T19:54:50Z
EZU,71.51,2026-08-21T19:59:59Z
F,14.41,2026-08-21T19:59:58Z
F-B,19.92,2026-08-21T19:48:12Z
F-C,19.53,2026-08-21T16:41:59Z
FA,20.885,2026-08-21T19:59:55Z
FAB,107.765,2026-08-21T16:10:10Z
FABC,2.83,2026-08-21T19:58:55Z
FAC,4.59,2026-08-21T19:47:58Z
FAF,71.83,2026-08-21T19:59:33Z
FALN,27.005,2026-08-21T19:59:46Z
FAMI,0.0978,2026-08-21T19:49:45Z
FAN,23.94,2026-08-21T15:00:03Z
FANG,210.64,2026-08-21T19:59:49Z
FARX,29.84,2026-08-21T18:45:13Z
FAS,177.83,2026-08-21T19:59:11Z
FAST,51.26,2026-08-21T19:59:59Z
FATE,2.32,2026-08-21T19:59:52Z
FATN,6.41,2026-08-21T19:55:54Z
FAUG,57.54,2026-08-21T18:51:15Z
FAX,14.72,2026-08-21T19:53:37Z
FAZ,32.08,2026-08-21T19:59:50Z
FBCG,61.58,2026-08-21T19:59:53Z
FBCV,42.97,2026-08-21T17:40:24Z
FBDT,3.9,2026-08-21T19:45:15Z
FBGL,0.4402,2026-08-21T16:22:13Z
FBIN,44.53,2026-08-21T19:59:53Z
FBIO,2.87,2026-08-21T19:59:47Z
FBIZ,68.66,2026-08-21T19:30:47Z
FBK,58.69,2026-08-21T19:59:40Z
FBL,18.92,2026-08-21T19:59:53Z
FBLA,15.715,2026-08-21T19:34:37Z
FBLG,1.44,2026-08-21T19:59:08Z
FBNC,64.695,2026-08-21T19:59:45Z
FBND,44.88,2026-08-21T19:59:53Z
FBOT,39.71,2026-08-21T15:00:28Z
FBP,28.5,2026-08-21T19:59:49Z
FBRT,8.395,2026-08-21T19:59:57Z
FBRX,76.92,2026-08-21T19:59:55Z
FBTC,67.045,2026-08-21T19:59:55Z
FBUF,33.375,2026-08-21T17:30:34Z
FBY,8.095,2026-08-21T19:49:35Z
FBYD,10.68,2026-08-21T19:55:05Z
FC,20.34,2026-08-21T19:55:03Z
FCBC,49.11,2026-08-21T18:25:21Z
FCBM,12.625,2026-08-21T19:59:09Z
FCCO,33.8,2026-08-21T19:10:28Z
FCEL,19.54,2026-08-21T19:59:56Z
FCF,21.09,2026-08-21T19:59:55Z
FCFS,225.105,2026-08-21T19:59:28Z
FCG,31.475,2026-08-21T19:59:48Z
FCLO,50.48,2026-08-21T19:55:44Z
FCN,155.74,2026-08-21T19:59:44Z
FCNCA,2184.485,2026-08-21T19:59:27Z
FCNCP,19.67,2026-08-21T19:58:36Z
FCOM,70.25,2026-08-21T19:54:50Z
FCOR,46.175,2026-08-21T19:58:58Z
FCPI,57.36,2026-08-21T18:12:46Z
FCPT,25.24,2026-08-21T19:59:40Z
FCUV,9.005,2026-08-21T16:00:14Z
FCX,76.625,2026-08-21T19:59:52Z
FCXG,18.215,2026-08-21T19:50:00Z
FDD,20.46,2026-08-21T19:42:45Z
FDEC,55.6,2026-08-21T19:59:47Z
FDEM,36.13,2026-08-21T19:56:28Z
FDEV,38.13,2026-08-21T19:28:25Z
FDHY,49.13,2026-08-21T19:58:01Z
FDIS,102.43,2026-08-21T13:53:06Z
FDL,53.105,2026-08-21T19:59:17Z
FDLO,72.81,2026-08-21T19:45:22Z
FDLS,43.28,2026-08-21T17:42:21Z
FDMO,94.94,2026-08-21T13:44:14Z
FDMT,15.86,2026-08-21T19:59:51Z
FDN,286.895,2026-08-21T19:59:30Z
FDRR,69.335,2026-08-21T14:35:42Z
FDS,299.58,2026-08-21T19:59:34Z
FDT,95.25,2026-08-21T19:59:51Z
FDTX,54.455,2026-08-21T19:20:52Z
FDUS,19.69,2026-08-21T19:59:50Z
FDV,33.935,2026-08-21T19:54:59Z
FDVV,63.135,2026-08-21T19:59:40Z
FDX,325.08,2026-08-21T19:59:55Z
FDXF,137.39,2026-08-21T19:59:30Z
FE,45.955,2026-08-21T19:59:57Z
FEAM,1.665,2026-08-21T19:59:58Z
FEBP,34.7,2026-08-21T16:51:17Z
FEBW,36.15,2026-08-21T15:41:25Z
FEED,0.3977,2026-08-21T18:43:38Z
FEGE,53.245,2026-08-21T19:59:18Z
FEIM,61.42,2026-08-21T19:59:35Z
FELC,43.45,2026-08-21T19:59:40Z
FELE,104.07,2026-08-21T19:59:41Z
FELG,43.905,2026-08-21T19:59:23Z
FELV,42.735,2026-08-21T19:59:50Z
FEM,32.9,2026-08-21T19:52:39Z
FEMB,29.73,2026-08-21T19:55:48Z
FEMR,41.095,2026-08-21T19:50:59Z
FEMS,46.65,2026-08-21T19:15:42Z
FEMY,2.965,2026-08-21T19:59:34Z
FENC,11.27,2026-08-21T19:59:37Z
FENI,41.71,2026-08-21T19:59:58Z
FENY,35.315,2026-08-21T19:59:46Z
FEOE,56.725,2026-08-21T19:59:14Z
FEP,60.41,2026-08-21T18:41:16Z
FEPI,41.765,2026-08-21T19:59:21Z
FER,62.81,2026-08-21T19:59:49Z
FERG,242.27,2026-08-21T19:59:40Z
FESM,47.95,2026-08-21T19:59:32Z
FET,77.85,2026-08-21T19:57:50Z
FETH,24.04,2026-08-21T19:59:41Z
FEZ,71.765,2026-08-21T19:59:56Z
FF,5.55,2026-08-21T19:59:23Z
FFA,23.11,2026-08-21T19:29:04Z
FFAI,3.205,2026-08-21T19:59:14Z
FFBC,33.02,2026-08-21T19:59:55Z
FFC,16.065,2026-08-21T19:59:15Z
FFEB,62.27,2026-08-21T19:45:09Z
FFEM,42.765,2026-08-21T15:40:40Z
FFIN,34.14,2026-08-21T19:59:40Z
FFIU,21.33,2026-08-21T17:24:09Z
FFIV,384.61,2026-08-21T19:59:55Z
FFLC,59.9,2026-08-21T19:44:02Z
FFLG,33.08,2026-08-21T19:32:46Z
FFLV,29.06,2026-08-21T19:59:51Z
FFLX,9.63,2026-08-21T19:56:47Z
FFND,33.36,2026-08-21T19:31:13Z
FFOX,30.32,2026-08-21T19:59:51Z
FFSM,37.31,2026-08-21T19:58:13Z
FFTY,36.91,2026-08-21T19:59:09Z
FG,22.645,2026-08-21T19:59:38Z
FGD,35.695,2026-08-21T18:17:48Z
FGDL,61.44,2026-08-21T15:55:31Z
FGI,7.89,2026-08-21T19:45:13Z
FGL,0.2675,2026-08-21T19:59:04Z
FGN,24.58,2026-08-21T19:57:13Z
FGNX,6.965,2026-08-21T19:47:55Z
FGRU,15.26,2026-08-21T14:10:52Z
FHB,26.325,2026-08-21T19:59:57Z
FHEQ,33.97,2026-08-21T19:16:58Z
FHI,63.69,2026-08-21T19:59:53Z
FHLC,84.67,2026-08-21T19:59:51Z
FHN,24.63,2026-08-21T19:59:59Z
FHN-F,16.97,2026-08-21T15:00:58Z
FHTX,7.08,2026-08-21T19:59:46Z
FIAT,16.61,2026-08-21T19:53:10Z
FIBK,37.48,2026-08-21T19:59:55Z
FICO,1172.76,2026-08-21T19:59:55Z
FICS,42.6,2026-08-21T19:07:01Z
FID,23.195,2026-08-21T19:58:51Z
FIDI,29.64,2026-08-21T15:16:05Z
FIDU,95.68,2026-08-21T19:59:50Z
FIEE,4.48,2026-08-21T13:59:17Z
FIG,27.11,2026-08-21T19:59:59Z
FIGB,42.25,2026-08-21T19:54:54Z
FIGG,27.77,2026-08-21T16:21:22Z
FIGR,39.13,2026-08-21T19:59:55Z
FIGS,14.67,2026-08-21T19:59:51Z
FIIG,20.36,2026-08-21T19:59:45Z
FINS,12.555,2026-08-21T18:45:29Z
FINV,4.35,2026-08-21T19:59:56Z
FINW,13.94,2026-08-21T19:29:41Z
FINX,27.52,2026-08-21T19:56:09Z
FIP,3.81,2026-08-21T19:59:54Z
FIRY,9.79,2026-08-21T19:59:26Z
FIS,41.33,2026-08-21T19:59:59Z
FISI,40.97,2026-08-21T19:27:18Z
FISN,8.075,2026-08-21T19:53:10Z
FISR,25.21,2026-08-21T19:59:50Z
FISV,52.58,2026-08-21T19:59:57Z
FITB,54.81,2026-08-21T19:59:57Z
FITB-I,25.54,2026-08-21T17:48:29Z
FITB-M,25.795,2026-08-21T18:06:09Z
FITE,111.29,2026-08-21T15:04:50Z
FITZ,25.22,2026-08-21T14:15:00Z
FIVA,40.215,2026-08-21T19:40:00Z
FIVE,250.16,2026-08-21T19:59:49Z
FIVN,32.755,2026-08-21T19:59:56Z
FIW,110.795,2026-08-21T13:31:36Z
FIX,1655.21,2026-08-21T19:59:55Z
FIXD,42.75,2026-08-21T19:59:51Z
FIXP,19.82,2026-08-21T19:19:58Z
FIZY,25.83,2026-08-21T14:52:20Z
FIZZ,32.39,2026-08-21T19:57:08Z
FJET,3.905,2026-08-21T19:59:50Z
FJP,76.5,2026-08-21T13:32:41Z
FJUL,61.06,2026-08-21T18:59:39Z
FJUN,61.13,2026-08-21T19:44:48Z
FLAU,36.06,2026-08-21T17:03:55Z
FLBL,23.095,2026-08-21T19:59:46Z
FLBR,21.605,2026-08-21T19:59:51Z
FLCB,21.045,2026-08-21T19:59:59Z
FLCG,34.87,2026-08-21T15:36:44Z
FLCH,22.025,2026-08-21T19:59:59Z
FLD,0.5092,2026-08-21T19:04:49Z
FLDR,50.12,2026-08-21T19:59:51Z
FLEE,40.275,2026-08-21T19:10:04Z
FLEX,110.425,2026-08-21T19:59:57Z
FLG,13.475,2026-08-21T19:59:59Z
FLG-A,23.955,2026-08-21T19:52:51Z
FLGB,37.75,2026-08-21T19:58:30Z
FLGT,19.92,2026-08-21T19:59:56Z
FLGV,19.95,2026-08-21T19:19:02Z
FLHY,24.175,2026-08-21T18:11:50Z
FLIN,35.685,2026-08-21T19:59:57Z
FLJP,40.595,2026-08-21T19:59:50Z
FLKR,58.505,2026-08-21T19:59:54Z
FLL,2.08,2026-08-21T19:58:56Z
FLLA,27.15,2026-08-21T18:53:07Z
FLMI,24.595,2026-08-21T19:59:11Z
FLMX,37.43,2026-08-21T19:58:22Z
FLNA,0.9564,2026-08-21T19:43:44Z
FLNC,11.32,2026-08-21T19:59:55Z
FLNG,32.04,2026-08-21T19:59:58Z
FLNT,4.12,2026-08-21T19:59:51Z
FLO,6.95,2026-08-21T19:59:53Z
FLOC,22.605,2026-08-21T19:59:48Z
FLOT,51.015,2026-08-21T19:57:27Z
FLQL,78.545,2026-08-21T19:59:47Z
FLR,52.375,2026-08-21T19:59:55Z
FLRN,30.83,2026-08-21T19:59:51Z
FLS,79.47,2026-08-21T19:59:52Z
FLSP,28.2,2026-08-21T18:24:59Z
FLSW,44.495,2026-08-21T17:47:47Z
FLTR,25.595,2026-08-21T19:59:46Z
FLTW,100.155,2026-08-21T19:33:10Z
FLUD,25.01,2026-08-21T14:49:17Z
FLUT,102.665,2026-08-21T19:59:44Z
FLUX,0.5883,2026-08-21T19:57:36Z
FLWS,3.965,2026-08-21T19:59:57Z
FLX,2.005,2026-08-21T19:59:46Z
FLXR,38.925,2026-08-21T19:54:59Z
FLXS,81.175,2026-08-21T19:50:00Z
FLY,24.43,2026-08-21T19:59:59Z
FLYT,6.62,2026-08-21T19:30:25Z
FLYW,19.54,2026-08-21T19:59:57Z
FLYX,1.315,2026-08-21T19:59:51Z
FLZH,0.99,2026-08-21T15:26:33Z
FMAO,33.955,2026-08-21T19:56:09Z
FMAR,53.26,2026-08-21T15:01:15Z
FMAT,61.24,2026-08-21T16:27:29Z
FMB,50.18,2026-08-21T19:54:36Z
FMBH,50.26,2026-08-21T19:59:58Z
FMC,11.02,2026-08-21T19:59:54Z
FMDE,42.38,2026-08-21T19:59:55Z
FMED,32.52,2026-08-21T19:03:54Z
FMF,50.8,2026-08-21T15:34:30Z
FMFC,0.2252,2026-08-21T19:35:48Z
FMHI,47.355,2026-08-21T19:39:54Z
FMKT,22.69,2026-08-21T19:59:46Z
FMN,11.045,2026-08-21T15:01:04Z
FMNB,15.7,2026-08-21T19:59:52Z
FMNY,26.15,2026-08-21T13:36:00Z
FMQQ,12.96,2026-08-21T16:20:09Z
FMS,23.42,2026-08-21T19:59:50Z
FMTM,38.69,2026-08-21T19:26:31Z
FMUB,50.65,2026-08-21T14:26:17Z
FMUN,49.61,2026-08-21T13:33:14Z
FMX,120.435,2026-08-21T19:56:47Z
FN,436.89,2026-08-21T19:59:55Z
FNB,18.53,2026-08-21T19:59:55Z
FNCL,81.93,2026-08-21T19:59:51Z
FND,54.26,2026-08-21T19:59:54Z
FNDA,37.72,2026-08-21T19:59:54Z
FNDB,31.71,2026-08-21T19:59:49Z
FNDC,51.04,2026-08-21T16:58:13Z
FNDE,41.875,2026-08-21T19:59:40Z
FNDF,55.84,2026-08-21T19:59:53Z
FNDX,32.535,2026-08-21T19:55:51Z
FNF,47.29,2026-08-21T19:59:56Z
FNG,5.71,2026-08-21T18:42:27Z
FNGD,28,2026-08-21T19:59:59Z
FNGG,256.41,2026-08-21T19:54:50Z
FNGR,0.2216,2026-08-21T19:58:38Z
FNGS,78.61,2026-08-21T13:48:55Z
FNGU,31.385,2026-08-21T19:59:57Z
FNK,64.72,2026-08-21T14:07:24Z
FNKO,6.495,2026-08-21T19:59:53Z
FNLC,34.54,2026-08-21T14:35:03Z
FNRN,17.51,2026-08-21T19:59:27Z
FNUC,1.86,2026-08-21T19:59:44Z
FNV,265.88,2026-08-21T19:59:49Z
FNWB,11.105,2026-08-21T16:45:03Z
FOA,20.195,2026-08-21T19:54:03Z
FOCL,4.13,2026-08-21T19:59:41Z
FOCT,53.48,2026-08-21T19:19:58Z
FOF,13.52,2026-08-21T19:50:37Z
FOIL,22.71,2026-08-21T19:54:41Z
FOPC,25.22,2026-08-21T14:26:53Z
FOR,29.235,2026-08-21T19:55:09Z
FORM,114.245,2026-08-21T19:59:59Z
FORR,11.79,2026-08-21T19:59:42Z
FOSL,5.625,2026-08-21T19:59:56Z
FOTO,18.44,2026-08-21T16:44:41Z
FOUR,47.91,2026-08-21T19:59:58Z
FOX,61.055,2026-08-21T19:59:52Z
FOXA,68.51,2026-08-21T19:59:59Z
FOXF,21.85,2026-08-21T19:59:48Z
FOXY,27.7,2026-08-21T19:59:17Z
FPA,49.12,2026-08-21T14:19:33Z
FPAG,42.825,2026-08-21T19:55:01Z
FPE,17.665,2026-08-21T19:20:29Z
FPEI,19.045,2026-08-21T19:59:36Z
FPF,17.675,2026-08-21T17:32:12Z
FPH,5.135,2026-08-21T19:58:49Z
FPI,10.15,2026-08-21T19:59:52Z
FPRO,25.455,2026-08-21T14:26:15Z
FPS,33.18,2026-08-21T19:59:50Z
FPX,184.14,2026-08-21T19:16:33Z
FQAL,84.38,2026-08-21T13:43:06Z
FR,62.965,2026-08-21T19:59:41Z
FRA,10.79,2026-08-21T19:56:50Z
FRAF,61.15,2026-08-21T15:27:58Z
FRBA,18.22,2026-08-21T19:59:51Z
FRBT,18.67,2026-08-21T19:59:22Z
FRD,41.795,2026-08-21T19:52:17Z
FRDM,68.8,2026-08-21T19:52:37Z
FREL,29.925,2026-08-21T19:59:17Z
FRGN,32.05,2026-08-21T19:57:43Z
FRGT,1.65,2026-08-21T16:44:06Z
FRHC,170.02,2026-08-21T19:27:08Z
FRME,42.07,2026-08-21T19:59:40Z
FRMI,5.915,2026-08-21T19:59:57Z
FRMM,5.58,2026-08-21T19:47:32Z
FRNM,13.83,2026-08-21T19:59:42Z
FRO,43.67,2026-08-21T19:59:49Z
FROG,92.15,2026-08-21T19:59:58Z
FRPH,22.7,2026-08-21T19:59:58Z
FRPT,73.94,2026-08-21T19:59:54Z
FRSH,12.985,2026-08-21T19:59:56Z
FRST,16.15,2026-08-21T19:59:53Z
FRSX,1.2,2026-08-21T19:37:50Z
FRT,116.79,2026-08-21T19:59:49Z
FRTT,1.03,2026-08-21T14:03:28Z
FRTY,23.27,2026-08-21T16:00:32Z
FRVO,16.915,2026-08-21T19:59:57Z
FSBC,45.2,2026-08-21T19:50:25Z
FSCC,35.88,2026-08-21T19:59:50Z
FSCO,5.18,2026-08-21T19:59:47Z
FSEC,43.33,2026-08-21T19:59:52Z
FSHP,11.18,2026-08-21T14:54:06Z
FSIG,18.76,2026-08-21T19:59:15Z
FSK,11.92,2026-08-21T19:59:56Z
FSLR,214.2,2026-08-21T19:59:52Z
FSLY,24.95,2026-08-21T19:59:56Z
FSM,12.07,2026-08-21T19:59:57Z
FSMB,19.885,2026-08-21T17:45:54Z
FSMD,52.04,2026-08-21T19:59:51Z
FSML,30.16,2026-08-21T14:09:48Z
FSOL,10.765,2026-08-21T19:53:32Z
FSP,0.4377,2026-08-21T19:51:14Z
FSS,122.62,2026-08-21T19:59:52Z
FSSL,11.67,2026-08-21T19:53:44Z
FSTA,53.95,2026-08-21T19:43:45Z
FSTR,37.99,2026-08-21T18:26:28Z
FSUN,40.02,2026-08-21T19:58:58Z
FSV,144.59,2026-08-21T19:59:05Z
FSYD,48.48,2026-08-21T19:57:17Z
FT,7.83,2026-08-21T17:06:49Z
FTAI,209.7,2026-08-21T19:59:47Z
FTCA,7.235,2026-08-21T19:55:40Z
FTCB,20.48,2026-08-21T19:44:43Z
FTCE,27.88,2026-08-21T18:49:27Z
FTCI,2.13,2026-08-21T19:59:56Z
FTCS,101.57,2026-08-21T19:56:49Z
FTDR,82.55,2026-08-21T19:59:45Z
FTEC,282.76,2026-08-21T19:58:16Z
FTEK,1.39,2026-08-21T19:58:40Z
FTF,5.785,2026-08-21T19:53:00Z
FTGC,30.55,2026-08-21T19:55:07Z
FTGS,39.56,2026-08-21T19:53:14Z
FTH,32.24,2026-08-21T19:59:06Z
FTHB,25.29,2026-08-21T17:33:04Z
FTHI,23.82,2026-08-21T19:59:50Z
FTHY,13.39,2026-08-21T19:42:29Z
FTI,77.42,2026-08-21T19:59:53Z
FTK,24.83,2026-08-21T19:58:49Z
FTLS,75.955,2026-08-21T18:29:13Z
FTMA,8.915,2026-08-21T18:38:12Z
FTMH,11.51,2026-08-21T19:18:46Z
FTMN,8.685,2026-08-21T19:59:45Z
FTMU,7.73,2026-08-21T19:49:27Z
FTNJ,8.63,2026-08-21T18:25:01Z
FTNT,153.51,2026-08-21T19:59:57Z
FTQI,21.93,2026-08-21T19:59:40Z
FTRA,9.885,2026-08-21T19:13:10Z
FTRB,24.76,2026-08-21T18:22:26Z
FTRE,18.4,2026-08-21T19:59:53Z
FTRI,18.83,2026-08-21T14:41:26Z
FTS,54.91,2026-08-21T19:59:58Z
FTSL,44.785,2026-08-21T19:59:24Z
FTSM,59.88,2026-08-21T19:59:52Z
FTV,60.08,2026-08-21T19:59:56Z
FTW,11.71,2026-08-21T19:59:49Z
FTWO,47.99,2026-08-21T19:59:51Z
FTXG,23.44,2026-08-21T18:13:22Z
FTXH,42.235,2026-08-21T19:52:05Z
FTXL,225.72,2026-08-21T19:55:00Z
FTXN,40.28,2026-08-21T18:40:03Z
FTXO,41.74,2026-08-21T19:52:08Z
FUBO,10.24,2026-08-21T19:59:47Z
FUFU,1.58,2026-08-21T19:59:45Z
FUL,58.8,2026-08-21T19:59:37Z
FULC,3.825,2026-08-21T19:59:54Z
FULT,23.63,2026-08-21T19:59:55Z
FULTP,17.66,2026-08-21T14:22:42Z
FUMB,20.02,2026-08-21T18:13:47Z
FUN,16.73,2026-08-21T19:59:54Z
FUNC,42.99,2026-08-21T14:14:23Z
FUND,10.885,2026-08-21T19:49:33Z
FURY,0.6734,2026-08-21T17:12:37Z
FUSE,0.7643,2026-08-21T14:40:52Z
FUSI,50.71,2026-08-21T16:22:49Z
FUTG,5.215,2026-08-21T19:59:46Z
FUTU,123.6,2026-08-21T19:59:41Z
FUTY,55.27,2026-08-21T19:59:39Z
FV,74.1,2026-08-21T15:43:00Z
FVAL,82.65,2026-08-21T14:29:21Z
FVAV,10.2,2026-08-21T19:09:34Z
FVCB,18.64,2026-08-21T19:49:12Z
FVD,50.7,2026-08-21T19:59:51Z
FVN,12.3,2026-08-21T18:00:05Z
FVNNU,14,2026-08-21T18:49:51Z
FVR,19.78,2026-08-21T19:59:43Z
FVRR,9.19,2026-08-21T19:56:50Z
FWD,130.07,2026-08-21T19:47:13Z
FWDI,5.13,2026-08-21T19:59:54Z
FWONA,96.705,2026-08-21T19:57:23Z
FWONK,104.95,2026-08-21T19:59:59Z
FWRD,18.11,2026-08-21T19:59:47Z
FWRG,13.025,2026-08-21T19:59:53Z
FXA,71.08,2026-08-21T19:09:44Z
FXD,69.99,2026-08-21T14:49:38Z
FXE,107.815,2026-08-21T19:59:59Z
FXED,17.3,2026-08-21T17:57:14Z
FXF,110.03,2026-08-21T16:21:09Z
FXG,66.23,2026-08-21T14:06:48Z
FXH,135.35,2026-08-21T15:07:43Z
FXI,35.87,2026-08-21T19:59:56Z
FXN,23.595,2026-08-21T19:59:56Z
FXNC,30.54,2026-08-21T15:37:56Z
FXO,65.74,2026-08-21T19:30:46Z
FXU,47.485,2026-08-21T19:58:40Z
FXY,57.705,2026-08-21T19:59:46Z
FXZ,87.45,2026-08-21T18:55:33Z
FYC,122.02,2026-08-21T19:59:50Z
FYEE,30.085,2026-08-21T19:01:25Z
FYLD,40.75,2026-08-21T18:09:14Z
G,37.13,2026-08-21T19:59:54Z
GAB,5.655,2026-08-21T19:45:05Z
GABC,49.91,2026-08-21T19:51:52Z
GAEM,26.855,2026-08-21T15:57:26Z
GAIA,1.46,2026-08-21T19:59:45Z
GAIN,16.37,2026-08-21T19:59:54Z
GAING,25.08,2026-08-21T16:00:29Z
GALT,3.695,2026-08-21T19:59:19Z
GAME,0.4245,2026-08-21T19:59:28Z
GANX,2.005,2026-08-21T19:59:28Z
GAP,19.79,2026-08-21T19:59:56Z
GARP,83.05,2026-08-21T19:59:44Z
GARY,26.87,2026-08-21T15:42:56Z
GASS,9.65,2026-08-21T19:49:59Z
GATX,176.79,2026-08-21T19:58:29Z
GAU,2.335,2026-08-21T19:59:48Z
GAUG,42.04,2026-08-21T19:56:41Z
GAUZ,0.4328,2026-08-21T19:56:54Z
GAVA,18.63,2026-08-21T15:04:45Z
GBAB,13.82,2026-08-21T19:55:53Z
GBCI,47.245,2026-08-21T19:59:49Z
GBDC,13.195,2026-08-21T19:59:59Z
GBFH,21.255,2026-08-21T19:52:37Z
GBIL,100.12,2026-08-21T19:34:27Z
GBTC,59.615,2026-08-21T19:59:45Z
GBTG,9.46,2026-08-21T19:59:59Z
GBX,46.09,2026-08-21T19:58:01Z
GCAD,53.44,2026-08-21T16:53:48Z
GCAL,50.48,2026-08-21T19:27:25Z
GCDT,0.3925,2026-08-21T15:51:40Z
GCL,0.7143,2026-08-21T19:55:52Z
GCMG,13.715,2026-08-21T19:59:54Z
GCO,35.26,2026-08-21T19:58:30Z
GCOR,40.5,2026-08-21T19:59:46Z
GCOW,47.92,2026-08-21T19:59:40Z
GCT,49.675,2026-08-21T19:59:34Z
GCTK,0.3341,2026-08-21T19:02:21Z
GCTS,2.035,2026-08-21T19:59:51Z
GD,384.28,2026-08-21T19:59:59Z
GDC,1.54,2026-08-21T19:58:36Z
GDDY,97.07,2026-08-21T19:59:57Z
GDE,70.49,2026-08-21T19:47:25Z
GDEC,40.5,2026-08-21T15:22:27Z
GDEV,10.625,2026-08-21T19:35:31Z
GDL,8.435,2026-08-21T14:51:28Z
GDLC,35.31,2026-08-21T16:57:04Z
GDMN,106.38,2026-08-21T19:34:25Z
GDO,10.285,2026-08-21T17:00:31Z
GDOG,9.935,2026-08-21T19:51:18Z
GDOT,13.45,2026-08-21T19:59:53Z
GDRX,3.45,2026-08-21T19:59:54Z
GDS,32.84,2026-08-21T19:59:52Z
GDTC,1.01,2026-08-21T19:59:25Z
GDV,30.38,2026-08-21T19:58:17Z
GDX,102.8,2026-08-21T19:59:59Z
GDXD,15.47,2026-08-21T19:59:43Z
GDXJ,132.605,2026-08-21T19:59:53Z
GDXU,185.05,2026-08-21T19:59:55Z
GDXW,48.53,2026-08-21T13:54:58Z
GDXY,11.945,2026-08-21T19:53:37Z
GDYN,8,2026-08-21T19:59:58Z
GE,348.265,2026-08-21T19:59:51Z
GECC,5.98,2026-08-21T19:57:03Z
GEF,87.935,2026-08-21T19:59:40Z
GEF.B,111.54,2026-08-21T19:20:29Z
GEHC,74.8,2026-08-21T19:59:56Z
GEL,16.22,2026-08-21T19:59:54Z
GELS,0.5445,2026-08-21T14:25:07Z
GEM,51.16,2026-08-21T19:58:01Z
GEME,42.7,2026-08-21T19:01:10Z
GEMG,7.41,2026-08-21T16:42:06Z
GEMI,4.26,2026-08-21T19:59:53Z
GEN,28.93,2026-08-21T19:59:58Z
GENB,16.1,2026-08-21T19:59:48Z
GENC,18.945,2026-08-21T19:59:58Z
GENI,8.07,2026-08-21T19:59:57Z
GENK,2.055,2026-08-21T19:52:12Z
GENM,10.25,2026-08-21T19:53:24Z
GENT,10.17,2026-08-21T19:28:36Z
GENVR,3.7,2026-08-21T19:51:31Z
GEO,32.77,2026-08-21T19:59:40Z
GEOS,5.5,2026-08-21T19:59:18Z
GERN,1.525,2026-08-21T19:59:58Z
GETY,0.2655,2026-08-21T19:56:02Z
GEV,956.44,2026-08-21T19:59:53Z
GEVO,1.535,2026-08-21T19:59:55Z
GEVX,18.24,2026-08-21T15:51:51Z
GFF,100.525,2026-08-21T19:58:23Z
GFI,47.79,2026-08-21T19:59:58Z
GFL,41.08,2026-08-21T19:59:55Z
GFLW,34.13,2026-08-21T19:59:51Z
GFR,6.445,2026-08-21T19:59:54Z
GFR^#,1.37,2026-08-21T19:58:42Z
GFS,48.04,2026-08-21T19:59:55Z
GFSG,3.8,2026-08-21T13:56:42Z
GFUZ,6.975,2026-08-21T19:59:56Z
GFUZW,1.41,2026-08-21T17:39:10Z
GGAL,41.49,2026-08-21T19:59:58Z
GGB,4.325,2026-08-21T19:59:54Z
GGG,80.65,2026-08-21T19:59:49Z
GGLL,101.88,2026-08-21T19:59:50Z
GGLS,58.47,2026-08-21T19:55:00Z
GGN,5.67,2026-08-21T19:55:14Z
GGOV,50.165,2026-08-21T19:55:00Z
GGR,2.28,2026-08-21T14:44:45Z
GGT,4.135,2026-08-21T19:59:49Z
GGUS,67.02,2026-08-21T13:30:00Z
GH,170.76,2026-08-21T19:59:48Z
GHC,1168.41,2026-08-21T19:59:02Z
GHI,6.59,2026-08-21T19:59:52Z
GHM,101.4,2026-08-21T19:59:49Z
GHRS,28.43,2026-08-21T19:51:08Z
GHTA,31.36,2026-08-21T14:14:06Z
GHY,11.56,2026-08-21T19:59:42Z
GHYB,44.685,2026-08-21T18:39:59Z
GIAX,16.01,2026-08-21T19:26:30Z
GIB,74.88,2026-08-21T19:58:39Z
GIBOW,0.0174,2026-08-21T17:19:28Z
GIC,39.48,2026-08-21T19:58:44Z
GIFT,0.84,2026-08-21T19:08:21Z
GIGB,44.88,2026-08-21T19:59:51Z
GII,74.41,2026-08-21T19:28:58Z
GIII,33.78,2026-08-21T19:59:54Z
GIL,56.18,2026-08-21T19:59:54Z
GILD,146.065,2026-08-21T19:59:52Z
GILT,10.47,2026-08-21T19:59:49Z
GINN,82.57,2026-08-21T15:00:55Z
GIPR,0.2919,2026-08-21T19:15:30Z
GIS,39.975,2026-08-21T19:59:57Z
GITS,1.62,2026-08-21T16:11:23Z
GJUL,44.435,2026-08-21T19:06:28Z
GJUN,41.865,2026-08-21T18:29:32Z
GK,29.16,2026-08-21T16:40:10Z
GKOS,184.94,2026-08-21T19:59:54Z
GL,171.22,2026-08-21T19:59:30Z
GL-D,15.16,2026-08-21T14:57:20Z
GLAD,19.69,2026-08-21T19:59:49Z
GLAS,9.85,2026-08-21T19:58:44Z
GLBE,40.54,2026-08-21T19:59:59Z
GLBS,3.76,2026-08-21T19:58:54Z
GLD,423.37,2026-08-21T19:59:59Z
GLDG,1.145,2026-08-21T19:59:25Z
GLDM,91.31,2026-08-21T19:59:42Z
GLE,0.4129,2026-08-21T19:54:32Z
GLGG,4.7,2026-08-21T19:46:56Z
GLIBK,25.5,2026-08-21T19:59:53Z
GLIX,27.22,2026-08-21T15:59:32Z
GLL,20.245,2026-08-21T19:59:46Z
GLND,1.48,2026-08-21T19:59:04Z
GLNDW,0.52,2026-08-21T19:24:43Z
GLNG,52.005,2026-08-21T19:59:57Z
GLNK,10.35,2026-08-21T19:59:46Z
GLO,5.79,2026-08-21T19:56:02Z
GLOB,39.6,2026-08-21T19:59:50Z
GLOO,3.47,2026-08-21T19:53:10Z
GLOP-B,25.75,2026-08-21T14:29:39Z
GLP,50.37,2026-08-21T19:37:58Z
GLPI,43.54,2026-08-21T19:59:54Z
GLQ,8.1,2026-08-21T19:52:42Z
GLRE,15.31,2026-08-21T19:58:47Z
GLRY,39.89,2026-08-21T14:12:09Z
GLSI,16.325,2026-08-21T19:57:57Z
GLTR,209.28,2026-08-21T15:25:49Z
GLUE,14.295,2026-08-21T19:59:57Z
GLV,6.155,2026-08-21T14:58:28Z
GLW,149.83,2026-08-21T19:59:57Z
GLWG,13.3,2026-08-21T19:59:44Z
GLXG,1.07,2026-08-21T15:43:03Z
GLXU,5.65,2026-08-21T19:59:51Z
GLXY,23.67,2026-08-21T19:59:59Z
GM,87.935,2026-08-21T19:59:52Z
GMAB,33.45,2026-08-21T19:59:58Z
GMAY,43.715,2026-08-21T19:55:01Z
GME,18.2,2026-08-21T19:59:59Z
GMED,86.85,2026-08-21T19:59:43Z
GMEU,5.23,2026-08-21T19:55:54Z
GMEX,1.1,2026-08-21T19:55:54Z
GMF,155.79,2026-08-21T19:50:38Z
GMOI,41.61,2026-08-21T19:36:29Z
GMRS,13.51,2026-08-21T19:59:38Z
GMTL,12.55,2026-08-21T19:36:55Z
GMUB,50.75,2026-08-21T19:56:16Z
GNE,15,2026-08-21T19:57:31Z
GNK,26.5,2026-08-21T19:59:50Z
GNL,9.03,2026-08-21T19:59:56Z
GNLX,2.71,2026-08-21T19:59:53Z
GNOM,66.825,2026-08-21T17:03:18Z
GNOV,42.52,2026-08-21T19:54:50Z
GNPX,4.01,2026-08-21T19:17:13Z
GNR,79.225,2026-08-21T19:59:55Z
GNRC,206.16,2026-08-21T19:59:49Z
GNS,0.1754,2026-08-21T19:59:43Z
GNSS,1.685,2026-08-21T19:59:46Z
GNT,9.21,2026-08-21T19:19:25Z
GNTA,1.265,2026-08-21T19:59:51Z
GNTX,23.64,2026-08-21T19:59:58Z
GNW,9.87,2026-08-21T19:59:53Z
GO,11.59,2026-08-21T19:59:57Z
GOAI,2.24,2026-08-21T19:58:01Z
GOAU,49.9,2026-08-21T16:01:22Z
GOEX,96.16,2026-08-21T19:48:07Z
GOF,9.69,2026-08-21T19:59:50Z
GOGO,2.67,2026-08-21T19:59:59Z
GOLD,46.195,2026-08-21T19:59:49Z
GOLF,88.775,2026-08-21T19:59:38Z
GOLI,13.57,2026-08-21T19:35:07Z
GOOD,12.925,2026-08-21T19:58:08Z
GOOG,341.73,2026-08-21T19:59:58Z
GOOGL,344.75,2026-08-21T19:59:58Z
GOOGM,49.01,2026-08-21T19:58:58Z
GOOGN,48.63,2026-08-21T19:59:50Z
GOOL,12.76,2026-08-21T19:59:23Z
GOOS,8.74,2026-08-21T19:59:57Z
GOOW,61.78,2026-08-21T15:47:20Z
GOOX,72.08,2026-08-21T19:55:00Z
GOOY,12.23,2026-08-21T19:59:52Z
GOP,44.62,2026-08-21T14:13:00Z
GORO,3.18,2026-08-21T19:59:47Z
GOSS,0.1546,2026-08-21T19:59:44Z
GOTU,1.67,2026-08-21T19:59:56Z
GOU,25.7,2026-08-21T19:55:00Z
GOVI,26.395,2026-08-21T19:59:50Z
GOVT,22.44,2026-08-21T19:59:28Z
GOVX,0.6389,2026-08-21T14:33:05Z
GOVZ,33.265,2026-08-21T19:48:50Z
GP,1.64,2026-08-21T19:56:50Z
GPC,133.98,2026-08-21T19:59:49Z
GPCR,49.14,2026-08-21T19:59:26Z
GPGI,12.79,2026-08-21T19:59:49Z
GPI,262.29,2026-08-21T19:53:52Z
GPIQ,56.63,2026-08-21T19:59:54Z
GPIX,56.1,2026-08-21T19:53:17Z
GPK,11.96,2026-08-21T19:59:55Z
GPMT,1.125,2026-08-21T19:59:38Z
GPN,93.505,2026-08-21T19:59:56Z
GPOR,173.48,2026-08-21T19:59:29Z
GPRE,16.23,2026-08-21T19:59:57Z
GPRK,9.8,2026-08-21T19:59:50Z
GPRO,0.6283,2026-08-21T19:59:28Z
GPTY,41.98,2026-08-21T19:59:50Z
GPZ,25.02,2026-08-21T19:59:51Z
GQGU,26.05,2026-08-21T19:55:28Z
GQI,60.19,2026-08-21T19:46:38Z
GRAB,3.475,2026-08-21T19:59:53Z
GRAL,79.59,2026-08-21T19:59:27Z
GRBK,72.13,2026-08-21T19:48:36Z
GRC,77.81,2026-08-21T19:56:07Z
GRCE,2.19,2026-08-21T19:23:52Z
GRDN,37.81,2026-08-21T19:56:07Z
GRDX,3.53,2026-08-21T18:15:21Z
GREK,84.495,2026-08-21T19:47:34Z
GRFS,7.99,2026-08-21T19:59:45Z
GRID,180.87,2026-08-21T19:59:44Z
GRML,0.203,2026-08-21T19:59:55Z
GRMN,295,2026-08-21T19:59:45Z
GRND,15.535,2026-08-21T19:59:53Z
GRNI,21.17,2026-08-21T19:54:02Z
GRNJ,30.09,2026-08-21T19:59:50Z
GRNT,5.1,2026-08-21T19:59:59Z
GRNY,27.83,2026-08-21T19:59:24Z
GRO,2.45,2026-08-21T19:59:10Z
GROY,3.44,2026-08-21T19:59:50Z
GROY+,1.46,2026-08-21T19:57:55Z
GRPM,144.38,2026-08-21T19:52:50Z
GRPN,19.57,2026-08-21T19:59:48Z
GRRR,16.085,2026-08-21T19:59:56Z
GRSD,1.97,2026-08-21T19:59:33Z
GRWG,1.715,2026-08-21T19:59:29Z
GRX,10.125,2026-08-21T19:59:04Z
GS,1039.63,2026-08-21T19:59:52Z
GS-A,19.17,2026-08-21T16:48:25Z
GS-C,19.13,2026-08-21T19:53:38Z
GS-D,18.79,2026-08-21T14:55:31Z
GSAT,82.37,2026-08-21T19:59:55Z
GSBC,79.095,2026-08-21T19:59:32Z
GSBD,9.845,2026-08-21T19:59:49Z
GSC,66.01,2026-08-21T14:45:40Z
GSEP,41.71,2026-08-21T19:55:40Z
GSEU,50.625,2026-08-21T19:52:08Z
GSEW,98.29,2026-08-21T18:40:37Z
GSG,33.84,2026-08-21T19:59:55Z
GSHD,72.455,2026-08-21T19:59:11Z
GSIB,64.035,2026-08-21T18:01:35Z
GSIE,48.135,2026-08-21T19:59:49Z
GSIT,5.99,2026-08-21T19:59:52Z
GSK,52.43,2026-08-21T19:59:59Z
GSL,43.815,2026-08-21T19:59:37Z
GSLC,146.17,2026-08-21T19:59:50Z
GSM,4.08,2026-08-21T19:59:58Z
GSOL,6.895,2026-08-21T19:59:58Z
GSSC,91.305,2026-08-21T19:55:01Z
GSST,50.545,2026-08-21T19:55:00Z
GSUI,11.69,2026-08-21T19:30:19Z
GSUN,0.3133,2026-08-21T19:59:26Z
GSUS,105.88,2026-08-21T19:35:29Z
GSWO,65.44,2026-08-21T17:00:29Z
GSY,50.285,2026-08-21T19:59:57Z
GT,5.97,2026-08-21T19:59:57Z
GTBP,0.2867,2026-08-21T19:55:03Z
GTE,9.89,2026-08-21T19:59:47Z
GTEC,0.9,2026-08-21T16:25:08Z
GTES,25.9,2026-08-21T19:59:54Z
GTIM,1.5,2026-08-21T18:03:44Z
GTIP,47.665,2026-08-21T15:32:24Z
GTLB,41.705,2026-08-21T19:59:52Z
GTM,3.97,2026-08-21T19:59:55Z
GTN,4.935,2026-08-21T19:59:57Z
GTND,25.43,2026-08-21T18:57:07Z
GTO,46.21,2026-08-21T19:59:51Z
GTOP,47.99,2026-08-21T14:21:53Z
GTOQ,22.38,2026-08-21T14:30:52Z
GTX,26.61,2026-08-21T19:59:57Z
GTY,33.1,2026-08-21T19:59:55Z
GUG,15.13,2026-08-21T19:59:31Z
GUNR,56.94,2026-08-21T19:59:02Z
GUSH,45.57,2026-08-21T19:58:51Z
GUT,6.53,2026-08-21T19:59:51Z
GUTS,0.7788,2026-08-21T19:59:11Z
GVA,123.87,2026-08-21T19:57:57Z
GVAL,38.675,2026-08-21T19:58:37Z
GVI,105.29,2026-08-21T19:59:51Z
GVLU,29.34,2026-08-21T17:06:03Z
GWH,0.3995,2026-08-21T19:59:59Z
GWRE,188.91,2026-08-21T19:59:40Z
GWRS,8.85,2026-08-21T19:59:53Z
GWW,1312.33,2026-08-21T19:59:52Z
GWX,46.27,2026-08-21T19:12:54Z
GXAI,0.86,2026-08-21T19:55:07Z
GXC,91.5,2026-08-21T19:41:31Z
GXO,45.65,2026-08-21T19:59:48Z
GXPC,29.5,2026-08-21T19:59:45Z
GXPS,26.8,2026-08-21T19:59:51Z
GXRP,26.57,2026-08-21T19:59:46Z
GYGY,1.34,2026-08-21T19:55:37Z
GYRE,6.925,2026-08-21T19:17:12Z
H,180.63,2026-08-21T19:59:49Z
HACK,111.47,2026-08-21T19:59:50Z
HAE,108.795,2026-08-21T19:59:50Z
HAFC,31.115,2026-08-21T19:59:05Z
HAFN,8.16,2026-08-21T19:59:56Z
HAIN,0.79,2026-08-21T19:56:17Z
HAKY,29.97,2026-08-21T17:52:32Z
HAL,35.325,2026-08-21T19:59:57Z
HALO,108.14,2026-08-21T19:59:53Z
HAO,3.37,2026-08-21T19:56:53Z
HAPN,18.43,2026-08-21T19:59:44Z
HARD,33.53,2026-08-21T19:00:50Z
HAS,93.57,2026-08-21T19:59:54Z
HASI,39.515,2026-08-21T19:59:50Z
HAUZ,23.01,2026-08-21T17:54:01Z
HAVA,10.16,2026-08-21T14:06:29Z
HAWK,21.4,2026-08-21T19:59:04Z
HAWX,46.01,2026-08-21T17:45:00Z
HAYW,14.57,2026-08-21T19:59:56Z
HBAN,17.03,2026-08-21T19:59:56Z
HBANP,16.58,2026-08-21T18:39:08Z
HBB,32.87,2026-08-21T19:59:53Z
HBCP,69.7,2026-08-21T19:59:37Z
HBDC,24.84,2026-08-21T17:05:40Z
HBIO,7.59,2026-08-21T13:34:32Z
HBM,30.06,2026-08-21T19:59:56Z
HBMX,23.805,2026-08-21T19:31:04Z
HBNC,19.56,2026-08-21T19:59:43Z
HBR,10.63,2026-08-21T16:49:07Z
HBT,35.74,2026-08-21T19:59:42Z
HBTA,32.21,2026-08-21T16:55:20Z
HCA,429.285,2026-08-21T19:59:59Z
HCACR,0.27,2026-08-21T19:45:10Z
HCAT,1.53,2026-08-21T19:59:56Z
HCC,106.75,2026-08-21T19:59:49Z
HCI,182.51,2026-08-21T19:59:49Z
HCIC,10.005,2026-08-21T19:08:12Z
HCKT,11.095,2026-08-21T19:59:11Z
HCM,12.59,2026-08-21T19:59:56Z
HCMT,40.98,2026-08-21T19:07:38Z
HCOW,26.34,2026-08-21T16:27:24Z
HCSG,22.79,2026-08-21T19:59:41Z
HCTI,0.8787,2026-08-21T19:59:40Z
HCWB,2.18,2026-08-21T19:59:04Z
HCWC,0.2692,2026-08-21T19:04:03Z
HD,335.71,2026-08-21T19:59:55Z
HDB,23.595,2026-08-21T19:59:59Z
HDEF,34.37,2026-08-21T19:45:00Z
HDRN,1.88,2026-08-21T13:31:35Z
HDRNW,0.124,2026-08-21T19:53:15Z
HDSN,5.64,2026-08-21T19:59:56Z
HDUS,73.81,2026-08-21T16:22:33Z
HDV,29.81,2026-08-21T19:59:48Z
HE,11.48,2026-08-21T19:59:55Z
HEAL,30.48,2026-08-21T18:55:25Z
HECA,27.95,2026-08-21T19:59:51Z
HEDG,30.58,2026-08-21T19:48:19Z
HEDJ,57.33,2026-08-21T19:45:06Z
HEEM,42.29,2026-08-21T19:50:01Z
HEFA,47.25,2026-08-21T19:59:53Z
HEFT,26.68,2026-08-21T13:45:06Z
HEGD,27.075,2026-08-21T18:45:13Z
HEI,354.925,2026-08-21T19:59:57Z
HEI.A,260.93,2026-08-21T19:59:49Z
HELE,29.15,2026-08-21T19:59:44Z
HELO,69.435,2026-08-21T19:59:46Z
HELP,12.61,2026-08-21T19:59:48Z
HELS,24.155,2026-08-21T19:37:32Z
HEMI,41.61,2026-08-21T19:59:46Z
HEPS,2.705,2026-08-21T19:59:50Z
HEQ,11.83,2026-08-21T19:52:17Z
HERE,1.85,2026-08-21T19:44:53Z
HESM,39.175,2026-08-21T19:59:41Z
HEWJ,64.16,2026-08-21T15:15:39Z
HFFG,1.82,2026-08-21T19:59:55Z
HFGM,31.77,2026-08-21T19:56:30Z
HFMF,21.55,2026-08-21T19:59:51Z
HFRO,7.09,2026-08-21T19:26:45Z
HFRO-A,16.3,2026-08-21T18:24:46Z
HFRO-B,16.21,2026-08-21T19:59:29Z
HFSI,34.905,2026-08-21T19:53:13Z
HFWA,29.15,2026-08-21T19:57:28Z
HFXI,38.25,2026-08-21T19:59:35Z
HG,34.94,2026-08-21T19:59:49Z
HGBL,1.14,2026-08-21T19:59:54Z
HGER,35.16,2026-08-21T19:57:19Z
HGLB,7.59,2026-08-21T19:59:43Z
HGRO,30.435,2026-08-21T19:42:59Z
HGTY,13.08,2026-08-21T19:57:33Z
HGV,45.11,2026-08-21T19:59:28Z
HHH,66.62,2026-08-21T19:59:39Z
HHS,3.67,2026-08-21T19:51:34Z
HIBL,107.84,2026-08-21T18:07:49Z
HIBS,18.64,2026-08-21T19:59:51Z
HIDE,24.77,2026-08-21T19:56:10Z
HIFS,296.53,2026-08-21T19:31:20Z
HIG,136.07,2026-08-21T19:59:52Z
HIGH,21.57,2026-08-21T13:36:00Z
HIHO,0.9266,2026-08-21T16:18:30Z
HII,298.47,2026-08-21T19:59:53Z
HIMS,33.785,2026-08-21T19:59:59Z
HIMU,48.22,2026-08-21T19:52:41Z
HIMX,13.785,2026-08-21T19:59:50Z
HIMZ,39.24,2026-08-21T16:31:25Z
HIND,2.29,2026-08-21T19:38:38Z
HIO,3.52,2026-08-21T19:35:00Z
HIPO,33.135,2026-08-21T19:56:08Z
HIPS,11.8,2026-08-21T15:25:32Z
HIS,26.1,2026-08-21T14:54:15Z
HIT,1.02,2026-08-21T19:16:16Z
HITI,2.45,2026-08-21T19:59:54Z
HIVE,3.025,2026-08-21T19:59:59Z
HIW,31.41,2026-08-21T19:59:49Z
HIX,3.95,2026-08-21T19:59:39Z
HIYY,13.7,2026-08-21T18:38:15Z
HKD,1.7,2026-08-21T19:46:07Z
HKIT,3.24,2026-08-21T13:42:30Z
HKPD,0.39,2026-08-21T13:37:36Z
HL,20.72,2026-08-21T19:59:55Z
HLF,12.645,2026-08-21T19:59:58Z
HLI,128.935,2026-08-21T19:59:48Z
HLIO,76.22,2026-08-21T19:59:26Z
HLIT,12.46,2026-08-21T19:59:57Z
HLLY,3.085,2026-08-21T19:59:50Z
HLMN,8.36,2026-08-21T19:59:59Z
HLN,10.01,2026-08-21T19:59:58Z
HLNE,105.38,2026-08-21T19:59:48Z
HLP,1.2,2026-08-21T19:58:28Z
HLT,326.6,2026-08-21T19:59:57Z
HLX,10.35,2026-08-21T19:59:50Z
HMC,33.36,2026-08-21T19:59:59Z
HMH,20.485,2026-08-21T19:53:08Z
HMN,50.58,2026-08-21T19:59:52Z
HMOP,38.67,2026-08-21T19:37:57Z
HMR,1.395,2026-08-21T19:42:02Z
HMY,23.54,2026-08-21T19:59:59Z
HNGE,88.46,2026-08-21T19:59:52Z
HNI,49.24,2026-08-21T19:59:59Z
HNRG,15.39,2026-08-21T19:59:57Z
HNST,5.05,2026-08-21T19:59:53Z
HNVR,27.105,2026-08-21T19:59:25Z
HODL,21.785,2026-08-21T19:59:51Z
HODO,0.4655,2026-08-21T19:50:27Z
HODU,12.86,2026-08-21T14:14:14Z
HOFT,14.345,2026-08-21T19:41:37Z
HOG,28.205,2026-08-21T19:59:54Z
HOLO,1.815,2026-08-21T19:59:08Z
HOMB,30.27,2026-08-21T19:59:59Z
HON,215.99,2026-08-21T19:59:57Z
HONA,164.71,2026-08-21T19:59:54Z
HOOC,19.85,2026-08-21T13:49:37Z
HOOD,108.13,2026-08-21T19:59:59Z
HOOG,31.89,2026-08-21T19:59:45Z
HOOW,28.01,2026-08-21T19:55:00Z
HOOX,35.71,2026-08-21T15:51:06Z
HOOY,27.81,2026-08-21T19:53:09Z
HOOZ,8.82,2026-08-21T19:52:58Z
HOPE,13.97,2026-08-21T19:59:55Z
HOV,132.045,2026-08-21T19:55:20Z
HOVR,1.865,2026-08-21T19:55:42Z
HOWL,0.8767,2026-08-21T19:59:42Z
HOYY,5.16,2026-08-21T19:04:56Z
HP,43.54,2026-08-21T19:59:43Z
HPAI,0.4499,2026-08-21T15:45:25Z
HPE,53.435,2026-08-21T19:59:58Z
HPE-C,138.28,2026-08-21T15:42:59Z
HPEL,16.97,2026-08-21T15:10:56Z
HPI,15.94,2026-08-21T19:09:28Z
HPK,8.33,2026-08-21T19:59:51Z
HPP,14.48,2026-08-21T19:59:23Z
HPP-C,14.16,2026-08-21T17:53:25Z
HPQ,29.71,2026-08-21T19:59:59Z
HPS,14.025,2026-08-21T18:12:38Z
HQ,19.91,2026-08-21T19:59:59Z
HQH,24.295,2026-08-21T19:55:00Z
HQL,22.36,2026-08-21T19:50:03Z
HQY,105.42,2026-08-21T19:59:40Z
HR,19.4,2026-08-21T19:59:59Z
HRB,53.705,2026-08-21T19:59:54Z
HRI,162.01,2026-08-21T19:59:59Z
HRL,23.89,2026-08-21T19:59:58Z
HRMY,38.14,2026-08-21T19:59:35Z
HROW,41.01,2026-08-21T19:59:00Z
HRTG,33.95,2026-08-21T19:59:46Z
HRTX,0.3187,2026-08-21T19:59:58Z
HRZN,4.805,2026-08-21T19:58:56Z
HSAI,19.085,2026-08-21T19:59:53Z
HSBC,104.12,2026-08-21T19:59:49Z
HSCS,2.72,2026-08-21T19:58:41Z
HSDT,2.1,2026-08-21T19:58:57Z
HSHP,16.58,2026-08-21T19:55:17Z
HSIC,88.49,2026-08-21T19:59:49Z
HSLV,5.32,2026-08-21T19:59:50Z
HST,23.19,2026-08-21T19:59:59Z
HSTM,28.845,2026-08-21T19:59:33Z
HSY,186.54,2026-08-21T19:59:48Z
HTB,46.635,2026-08-21T19:59:45Z
HTCO,2.96,2026-08-21T19:30:33Z
HTCR,2.74,2026-08-21T19:40:32Z
HTD,25.27,2026-08-21T18:55:50Z
HTEC,43.45,2026-08-21T18:09:01Z
HTFL,49.74,2026-08-21T19:59:55Z
HTGC,17.13,2026-08-21T19:59:59Z
HTH,38.67,2026-08-21T19:59:52Z
HTHT,49.15,2026-08-21T19:59:50Z
HTLD,12.83,2026-08-21T19:59:50Z
HTO,63.55,2026-08-21T19:59:34Z
HTOO,2.18,2026-08-21T19:57:05Z
HTRB,33.24,2026-08-21T19:33:47Z
HTT,2.505,2026-08-21T19:59:05Z
HTZ,2.245,2026-08-21T19:59:48Z
HTZWW,1.07,2026-08-21T18:53:33Z
HUBB,470.3,2026-08-21T19:59:42Z
HUBC,0.74,2026-08-21T13:55:38Z
HUBCW,0.01,2026-08-21T19:51:11Z
HUBG,40.71,2026-08-21T19:59:57Z
HUBS,239.88,2026-08-21T19:59:44Z
HUIZ,1.655,2026-08-21T19:55:01Z
HUM,378.73,2026-08-21T19:59:51Z
HUMA,0.6451,2026-08-21T19:59:54Z
HUMN,31.09,2026-08-21T13:58:16Z
HUN,9.98,2026-08-21T19:59:57Z
HURA,2.005,2026-08-21T19:59:44Z
HURC,22.9,2026-08-21T19:53:11Z
HURN,161.76,2026-08-21T19:58:21Z
HUT,80.88,2026-08-21T19:59:58Z
HUTG,12.01,2026-08-21T19:59:03Z
HUYA,2.175,2026-08-21T19:59:57Z
HVII,6.49,2026-08-21T19:46:13Z
HVIIR,0.25,2026-08-21T15:54:52Z
HVMC,10.22,2026-08-21T17:16:48Z
HVT,27.435,2026-08-21T19:55:12Z
HWBK,39.21,2026-08-21T13:38:02Z
HWC,75.44,2026-08-21T19:59:36Z
HWH,2.1,2026-08-21T16:30:37Z
HWKN,119.05,2026-08-21T19:59:39Z
HWM,271.64,2026-08-21T19:59:54Z
HXHX,0.5001,2026-08-21T17:44:37Z
HXL,93.75,2026-08-21T19:59:44Z
HY,34.79,2026-08-21T19:59:25Z
HYBL,27.98,2026-08-21T18:02:08Z
HYD,50.22,2026-08-21T19:59:33Z
HYDB,46.535,2026-08-21T19:26:36Z
HYDR,43.1,2026-08-21T19:48:56Z
HYEM,20.07,2026-08-21T19:59:40Z
HYFI,37.16,2026-08-21T19:25:12Z
HYFM,1.04,2026-08-21T19:56:54Z
HYFT,1.41,2026-08-21T18:06:57Z
HYG,79.625,2026-08-21T19:59:55Z
HYGH,86.66,2026-08-21T18:48:22Z
HYGV,40.13,2026-08-21T19:59:48Z
HYGW,28.91,2026-08-21T17:18:00Z
HYI,10.47,2026-08-21T14:52:41Z
HYLB,36.33,2026-08-21T19:59:56Z
HYLN,3.32,2026-08-21T19:59:58Z
HYLS,40.56,2026-08-21T19:59:39Z
HYMB,24.805,2026-08-21T19:56:28Z
HYMC,27.08,2026-08-21T19:59:53Z
HYNE,16.61,2026-08-21T19:59:41Z
HYNX,23.365,2026-08-21T19:55:00Z
HYP,26.54,2026-08-21T15:37:18Z
HYPD,3.16,2026-08-21T19:59:48Z
HYPG,26.58,2026-08-21T18:30:59Z
HYPR,0.9014,2026-08-21T19:59:58Z
HYS,92.825,2026-08-21T16:12:18Z
HYSA,14.81,2026-08-21T14:29:34Z
HYT,8.255,2026-08-21T19:53:36Z
HYTI,18.985,2026-08-21T15:06:15Z
HYXF,46.44,2026-08-21T19:56:11Z
HYZD,22.64,2026-08-21T19:14:27Z
HZO,52.19,2026-08-21T19:59:33Z
IA,21.52,2026-08-21T19:55:01Z
IAE,8.8,2026-08-21T13:43:04Z
IAG,21.14,2026-08-21T19:59:56Z
IAGG,49.77,2026-08-21T19:59:55Z
IAI,194.61,2026-08-21T19:59:48Z
IAK,143.98,2026-08-21T19:59:51Z
IALT,28.965,2026-08-21T19:59:17Z
IART,16.745,2026-08-21T19:59:58Z
IAT,62.33,2026-08-21T19:46:30Z
IAU,86.78,2026-08-21T19:59:50Z
IAUG,30.97,2026-08-21T17:20:44Z
IAUI,52.69,2026-08-21T19:48:00Z
IAUM,46.005,2026-08-21T19:59:45Z
IAUX,1.815,2026-08-21T19:59:56Z
IAUX+,1.1,2026-08-21T13:49:39Z
IBB,213.68,2026-08-21T19:59:49Z
IBBQ,36.27,2026-08-21T19:59:50Z
IBCA,25,2026-08-21T19:59:51Z
IBCB,24.5,2026-08-21T18:29:32Z
IBCP,37.14,2026-08-21T19:59:30Z
IBD,23.64,2026-08-21T19:59:45Z
IBDR,24.22,2026-08-21T19:59:50Z
IBDS,24.195,2026-08-21T19:59:45Z
IBDT,25.195,2026-08-21T19:59:46Z
IBDU,23.05,2026-08-21T17:58:43Z
IBDV,21.6,2026-08-21T19:22:21Z
IBDW,20.605,2026-08-21T19:59:46Z
IBDX,24.825,2026-08-21T19:59:46Z
IBDY,25.295,2026-08-21T19:47:05Z
IBDZ,25.515,2026-08-21T19:49:55Z
IBEX,36.53,2026-08-21T19:55:16Z
IBFR,51.36,2026-08-21T19:47:59Z
IBG,0.972,2026-08-21T19:58:56Z
IBGB,23.42,2026-08-21T19:59:46Z
IBGC,23.99,2026-08-21T16:22:50Z
IBHF,22.525,2026-08-21T19:08:26Z
IBHG,21.98,2026-08-21T18:04:10Z
IBHH,23.425,2026-08-21T17:52:12Z
IBHJ,26.38,2026-08-21T19:18:21Z
IBHK,25.52,2026-08-21T19:18:51Z
IBHL,25.38,2026-08-21T14:06:51Z
IBID,25.805,2026-08-21T19:58:34Z
IBIM,24.665,2026-08-21T19:45:31Z
IBIO,1.43,2026-08-21T19:59:30Z
IBIT,43.64,2026-08-21T19:59:59Z
IBKR,93.89,2026-08-21T19:59:54Z
IBLC,45.92,2026-08-21T17:52:01Z
IBM,235.58,2026-08-21T19:59:55Z
IBMO,25.63,2026-08-21T19:20:14Z
IBMP,25.385,2026-08-21T19:47:04Z
IBMQ,25.495,2026-08-21T19:55:39Z
IBMR,25.28,2026-08-21T18:56:52Z
IBMT,25.56,2026-08-21T18:39:35Z
IBN,29.9,2026-08-21T19:59:59Z
IBND,31.35,2026-08-21T16:56:49Z
IBO,0.4608,2026-08-21T15:56:20Z
IBOC,71.495,2026-08-21T19:59:46Z
IBP,246.46,2026-08-21T19:59:49Z
IBRX,7.795,2026-08-21T19:59:55Z
IBTA,37.73,2026-08-21T19:55:27Z
IBTG,22.875,2026-08-21T19:07:45Z
IBTH,22.37,2026-08-21T19:59:53Z
IBTI,22.105,2026-08-21T19:59:04Z
IBTJ,21.555,2026-08-21T19:07:49Z
IBTK,19.405,2026-08-21T17:26:34Z
IBTL,19.985,2026-08-21T19:40:06Z
IBTM,22.42,2026-08-21T19:54:10Z
IBTO,23.77,2026-08-21T19:15:01Z
IBTP,24.945,2026-08-21T19:59:29Z
IBUY,73.85,2026-08-21T19:56:22Z
IBX,18.075,2026-08-21T19:59:40Z
ICAP,29.1,2026-08-21T19:29:30Z
ICCM,2.31,2026-08-21T19:33:24Z
ICE,161.3,2026-08-21T19:59:57Z
ICF,68.695,2026-08-21T19:56:19Z
ICFI,89,2026-08-21T19:59:51Z
ICG,1.01,2026-08-21T19:54:12Z
ICHR,60.245,2026-08-21T19:59:26Z
ICL,5.79,2026-08-21T19:59:58Z
ICLN,17.59,2026-08-21T19:59:59Z
ICLO,25.65,2026-08-21T19:59:04Z
ICLR,172.08,2026-08-21T19:59:50Z
ICMB,0.852,2026-08-21T13:38:59Z
ICOP,59.4,2026-08-21T19:59:50Z
ICOW,45.825,2026-08-21T14:18:17Z
ICSH,50.535,2026-08-21T19:46:35Z
ICU,3.32,2026-08-21T19:41:35Z
ICUI,182.29,2026-08-21T19:50:02Z
ICVT,115.9,2026-08-21T19:59:43Z
IDA,137.23,2026-08-21T19:59:49Z
IDAI,3.26,2026-08-21T19:58:03Z
IDCC,342.44,2026-08-21T19:54:37Z
IDE,13.24,2026-08-21T19:55:36Z
IDEF,33.535,2026-08-21T19:58:38Z
IDEQ,36.11,2026-08-21T19:59:59Z
IDEV,93.315,2026-08-21T19:59:40Z
IDGT,116.66,2026-08-21T14:24:48Z
IDHQ,46.095,2026-08-21T15:55:36Z
IDMO,62.88,2026-08-21T19:59:49Z
IDN,2.93,2026-08-21T19:59:50Z
IDNA,40.085,2026-08-21T19:44:33Z
IDOG,44.99,2026-08-21T19:25:26Z
IDR,32.41,2026-08-21T19:59:57Z
IDRV,37.47,2026-08-21T13:55:26Z
IDT,67.955,2026-08-21T19:59:52Z
IDU,109.065,2026-08-21T19:56:27Z
IDUB,28.29,2026-08-21T19:42:07Z
IDV,45.09,2026-08-21T19:59:50Z
IDVO,43.255,2026-08-21T19:58:35Z
IDVZ,34.915,2026-08-21T18:52:35Z
IDX,11.63,2026-08-21T19:59:00Z
IDXX,556.725,2026-08-21T19:59:56Z
IDYA,39.71,2026-08-21T19:59:49Z
IE,11.26,2026-08-21T19:59:55Z
IEAG,10.26,2026-08-21T14:21:21Z
IEF,92.815,2026-08-21T19:59:55Z
IEFA,100.865,2026-08-21T19:59:59Z
IEI,116.405,2026-08-21T19:59:29Z
IEMG,81.55,2026-08-21T19:59:57Z
IEO,136.88,2026-08-21T19:59:52Z
IEP,6.79,2026-08-21T19:59:54Z
IESC,685.44,2026-08-21T19:59:12Z
IETC,108.19,2026-08-21T19:36:42Z
IEUR,78.405,2026-08-21T19:59:46Z
IEV,75.895,2026-08-21T19:59:59Z
IEX,234.32,2026-08-21T19:59:49Z
IEZ,29.69,2026-08-21T19:59:50Z
IFEB,32.13,2026-08-21T19:48:36Z
IFF,84.39,2026-08-21T19:59:46Z
IFLO,37.7,2026-08-21T19:55:27Z
IFN,11.85,2026-08-21T19:53:43Z
IFRA,59.795,2026-08-21T19:56:24Z
IFRX,2.095,2026-08-21T19:59:50Z
IFS,54.87,2026-08-21T19:59:49Z
IGA,10.445,2026-08-21T14:48:31Z
IGBH,24.455,2026-08-21T19:59:46Z
IGC,0.3073,2026-08-21T19:59:24Z
IGD,6.56,2026-08-21T19:59:05Z
IGE,66.44,2026-08-21T19:59:41Z
IGEB,44.145,2026-08-21T19:59:46Z
IGF,65.385,2026-08-21T19:59:43Z
IGHG,77.775,2026-08-21T19:51:30Z
IGIB,52.14,2026-08-21T19:59:52Z
IGIC,26.66,2026-08-21T19:48:55Z
IGLB,47.795,2026-08-21T19:59:45Z
IGLD,22.68,2026-08-21T19:40:21Z
IGM,158.86,2026-08-21T19:59:58Z
IGOV,41.5,2026-08-21T19:43:55Z
IGPT,91.94,2026-08-21T19:23:19Z
IGR,4.615,2026-08-21T19:58:47Z
IGRO,92.66,2026-08-21T19:59:30Z
IGSB,52.105,2026-08-21T19:59:45Z
IGV,103.38,2026-08-21T19:59:55Z
IH,1.235,2026-08-21T19:19:57Z
IHAK,63.42,2026-08-21T19:59:27Z
IHD,7.55,2026-08-21T15:12:42Z
IHDG,53.265,2026-08-21T17:22:31Z
IHE,106.78,2026-08-21T19:59:52Z
IHF,56.97,2026-08-21T19:58:55Z
IHG,160.025,2026-08-21T19:59:07Z
IHI,56.17,2026-08-21T19:59:49Z
IHRT,2.79,2026-08-21T19:59:58Z
IHS,8.41,2026-08-21T19:59:59Z
IHT,1.52,2026-08-21T18:11:44Z
IIF,23.29,2026-08-21T13:33:47Z
III,4.925,2026-08-21T19:59:51Z
IIIN,30.92,2026-08-21T19:59:34Z
IIIV,16.69,2026-08-21T19:59:46Z
IIM,12.45,2026-08-21T19:55:55Z
IIPR,56.87,2026-08-21T19:55:31Z
IJAN,39.01,2026-08-21T19:45:43Z
IJH,76.755,2026-08-21T19:59:58Z
IJJ,148.99,2026-08-21T19:59:30Z
IJK,115.47,2026-08-21T19:59:51Z
IJR,147.28,2026-08-21T19:59:59Z
IJS,138.51,2026-08-21T19:59:00Z
IJT,173.93,2026-08-21T19:59:50Z
IJUL,36.99,2026-08-21T18:53:15Z
IJUN,31.98,2026-08-21T16:33:06Z
IKT,2.395,2026-08-21T19:59:11Z
ILCB,106.3,2026-08-21T16:21:21Z
ILCG,114.86,2026-08-21T19:59:51Z
ILCV,108.15,2026-08-21T19:44:04Z
ILDR,38.925,2026-08-21T19:54:50Z
ILF,34.665,2026-08-21T19:59:22Z
ILIT,15.71,2026-08-21T19:53:10Z
ILLR,0.8898,2026-08-21T17:41:56Z
ILMN,219.425,2026-08-21T19:59:42Z
ILOW,47.32,2026-08-21T17:28:19Z
ILPT,8.3,2026-08-21T19:59:53Z
ILS,20.11,2026-08-21T18:59:00Z
ILTB,47.05,2026-08-21T19:52:31Z
IMA,5.56,2026-08-21T19:57:55Z
IMAX,52.805,2026-08-21T19:59:28Z
IMC,10.33,2026-08-21T14:32:27Z
IMCB,99.89,2026-08-21T19:02:47Z
IMCC,0.11,2026-08-21T15:18:32Z
IMCG,98.07,2026-08-21T19:59:51Z
IMCR,36.91,2026-08-21T19:59:40Z
IMCV,98.18,2026-08-21T19:59:50Z
IMDX,4.33,2026-08-21T19:59:53Z
IMFL,35.3,2026-08-21T19:50:20Z
IMKTA,84.53,2026-08-21T19:00:50Z
IMMP,0.3863,2026-08-21T19:57:28Z
IMMR,7.51,2026-08-21T19:59:50Z
IMMX,13.68,2026-08-21T19:59:58Z
IMNM,28.54,2026-08-21T19:59:48Z
IMNN,1.59,2026-08-21T19:33:43Z
IMO,137.78,2026-08-21T19:59:09Z
IMOS,54.12,2026-08-21T19:59:49Z
IMPP,5.2,2026-08-21T19:59:45Z
IMRX,5.29,2026-08-21T19:59:43Z
IMSR,5.575,2026-08-21T19:59:58Z
IMTM,53.965,2026-08-21T19:59:58Z
IMTX,8.95,2026-08-21T19:59:49Z
IMUX,16.415,2026-08-21T19:52:11Z
IMVP,20.03,2026-08-21T19:58:58Z
IMVT,44.41,2026-08-21T19:59:33Z
IMXI,14.13,2026-08-21T19:59:50Z
INBK,28.5,2026-08-21T15:25:43Z
INBS,2.53,2026-08-21T19:44:04Z
INBX,103.3,2026-08-21T19:59:40Z
INCM,29.555,2026-08-21T19:59:30Z
INCO,62.3,2026-08-21T16:45:28Z
INCY,127.825,2026-08-21T19:59:48Z
INDA,49.635,2026-08-21T19:59:59Z
INDB,83.72,2026-08-21T19:58:10Z
INDI,4.155,2026-08-21T19:59:49Z
INDL,45.22,2026-08-21T19:19:07Z
INDO,2.91,2026-08-21T19:59:47Z
INDP,1.28,2026-08-21T19:59:03Z
INDS,41.42,2026-08-21T19:59:27Z
INDV,36.88,2026-08-21T19:59:48Z
INDY,43.61,2026-08-21T19:49:44Z
INEO,0.5041,2026-08-21T15:10:57Z
INFH,9.97,2026-08-21T19:57:44Z
INFL,55.695,2026-08-21T19:59:45Z
INFQ,14.1,2026-08-21T19:59:59Z
INFU,12.18,2026-08-21T19:59:54Z
INFY,11.945,2026-08-21T19:59:55Z
ING,34.83,2026-08-21T19:59:56Z
INGM,27.49,2026-08-21T19:59:58Z
INGN,5.61,2026-08-21T19:59:24Z
INGR,106.805,2026-08-21T19:59:48Z
INHD,7.14,2026-08-21T14:07:51Z
INIO,23.17,2026-08-21T19:59:59Z
INLF,4.74,2026-08-21T14:18:38Z
INM,1.49,2026-08-21T19:50:30Z
INMB,2.3,2026-08-21T19:59:47Z
INMD,15.065,2026-08-21T19:59:55Z
INMU,23.75,2026-08-21T19:59:50Z
INN,6.17,2026-08-21T19:59:56Z
INNV,10.92,2026-08-21T19:59:51Z
INO,1.18,2026-08-21T19:59:56Z
INOD,64.14,2026-08-21T19:59:56Z
INR,14.88,2026-08-21T19:59:46Z
INSE,6.1,2026-08-21T19:57:51Z
INSG,4.4,2026-08-21T19:59:03Z
INSM,125.8,2026-08-21T19:59:57Z
INSP,62.36,2026-08-21T19:59:49Z
INSW,99.31,2026-08-21T19:58:21Z
INTA,41.37,2026-08-21T19:59:59Z
INTC,90.02,2026-08-21T19:59:59Z
INTF,43.13,2026-08-21T19:59:51Z
INTG,33.505,2026-08-21T15:36:20Z
INTR,5.385,2026-08-21T19:59:56Z
INTS,4.735,2026-08-21T14:28:18Z
INTT,11.68,2026-08-21T19:59:41Z
INTU,366.98,2026-08-21T19:59:59Z
INTW,18.74,2026-08-21T19:54:50Z
INTZ,0.6426,2026-08-21T19:32:33Z
INUV,0.72,2026-08-21T19:59:33Z
INV,1.515,2026-08-21T19:59:56Z
INVA,21.075,2026-08-21T19:59:47Z
INVE,2.87,2026-08-21T19:59:46Z
INVH,30.11,2026-08-21T19:59:58Z
INVX,29.31,2026-08-21T19:59:56Z
INVZ,0.3419,2026-08-21T19:55:02Z
IOND,69.1,2026-08-21T19:59:09Z
IONL,16.76,2026-08-21T17:22:05Z
IONQ,44.845,2026-08-21T19:59:59Z
IONR,3.31,2026-08-21T19:59:33Z
IONS,59.74,2026-08-21T19:59:51Z
IONX,30.965,2026-08-21T19:59:40Z
IONZ,2.41,2026-08-21T19:59:49Z
IOO,143.81,2026-08-21T19:59:40Z
IOSP,93.66,2026-08-21T19:59:46Z
IOT,39.94,2026-08-21T19:59:53Z
IOVA,8.295,2026-08-21T19:59:59Z
IOYY,6.56,2026-08-21T16:24:46Z
IP,41.49,2026-08-21T19:59:54Z
IPAC,85.2,2026-08-21T19:59:35Z
IPAR,115.6,2026-08-21T19:59:55Z
IPAY,52.28,2026-08-21T19:58:38Z
IPDN,0.1558,2026-08-21T19:41:24Z
IPFX,10.11,2026-08-21T15:28:17Z
IPFXW,1.15,2026-08-21T18:56:15Z
IPGP,73.39,2026-08-21T19:59:50Z
IPHA,2.27,2026-08-21T19:59:45Z
IPI,38.955,2026-08-21T19:58:25Z
IPKW,61.315,2026-08-21T19:55:23Z
IPO,54.58,2026-08-21T13:56:44Z
IPSC,2.065,2026-08-21T19:59:59Z
IPST,9.58,2026-08-21T19:59:55Z
IPW,2.735,2026-08-21T19:37:19Z
IPWR,4.76,2026-08-21T19:59:51Z
IPX,22.5,2026-08-21T19:59:58Z
IQ,1.05,2026-08-21T19:59:50Z
IQDG,44.69,2026-08-21T17:33:57Z
IQDY,43.78,2026-08-21T15:26:09Z
IQI,10.01,2026-08-21T19:56:54Z
IQLT,52.065,2026-08-21T19:59:33Z
IQM,105.69,2026-08-21T18:01:10Z
IQMX,12.03,2026-08-21T19:59:59Z
IQQ,24.14,2026-08-21T16:25:13Z
IQQQ,48.07,2026-08-21T18:55:03Z
IQST,0.9754,2026-08-21T18:09:18Z
IQV,260.04,2026-08-21T19:59:51Z
IR,80.55,2026-08-21T19:59:54Z
IRD,4.045,2026-08-21T19:59:48Z
IRDM,48.97,2026-08-21T19:59:41Z
IRE,10.6,2026-08-21T19:59:29Z
IREG,8.6,2026-08-21T19:59:38Z
IREN,41.88,2026-08-21T19:59:59Z
IREX,14.83,2026-08-21T19:45:45Z
IREZ,11.23,2026-08-21T19:55:10Z
IRIX,0.7475,2026-08-21T13:33:57Z
IRM,121.965,2026-08-21T19:59:49Z
IRMD,87.38,2026-08-21T19:55:00Z
IRON,79.72,2026-08-21T19:59:27Z
IRS,14.83,2026-08-21T19:58:35Z
IRT,16.58,2026-08-21T19:59:55Z
IRTC,128.6,2026-08-21T19:59:49Z
IRWD,4.285,2026-08-21T19:59:55Z
ISBA,39.95,2026-08-21T19:59:36Z
ISBG,17.26,2026-08-21T17:41:21Z
ISCF,46.01,2026-08-21T19:59:46Z
ISCG,64.97,2026-08-21T16:21:06Z
ISCV,80.99,2026-08-21T18:01:32Z
ISD,12.31,2026-08-21T19:59:48Z
ISHG,76.28,2026-08-21T19:59:30Z
ISOU,11.82,2026-08-21T19:59:51Z
ISPC,1.685,2026-08-21T19:59:36Z
ISRG,378.85,2026-08-21T19:59:56Z
ISSB,21.68,2026-08-21T14:01:00Z
ISTB,48.025,2026-08-21T19:59:31Z
ISTR,30.275,2026-08-21T19:57:19Z
ISVL,54.39,2026-08-21T18:19:44Z
ISWN,22.63,2026-08-21T18:50:58Z
IT,195.76,2026-08-21T19:59:48Z
ITA,237.38,2026-08-21T19:59:57Z
ITAN,44.74,2026-08-21T19:59:46Z
ITB,97.455,2026-08-21T19:59:54Z
ITDC,37.26,2026-08-21T13:30:00Z
ITDD,39.09,2026-08-21T14:25:43Z
ITDH,43.2,2026-08-21T18:05:46Z
ITG,12.94,2026-08-21T19:59:34Z
ITGR,125.21,2026-08-21T19:59:42Z
ITIC,285.01,2026-08-21T16:28:20Z
ITM,45.93,2026-08-21T19:53:58Z
ITOT,167.94,2026-08-21T19:59:52Z
ITP,0.1759,2026-08-21T15:09:07Z
ITRG,2.84,2026-08-21T19:59:54Z
ITRI,100.07,2026-08-21T19:59:41Z
ITRN,50.77,2026-08-21T19:59:45Z
ITT,208.13,2026-08-21T19:59:49Z
ITUB,7.475,2026-08-21T19:59:59Z
ITW,282.21,2026-08-21T19:59:58Z
ITWO,46.345,2026-08-21T13:37:32Z
IUS,69.955,2026-08-21T15:45:15Z
IUSB,45.43,2026-08-21T19:59:59Z
IUSG,189.86,2026-08-21T19:59:41Z
IUSV,114.89,2026-08-21T19:55:28Z
IVA,4.67,2026-08-21T19:59:47Z
IVAL,37.25,2026-08-21T19:55:00Z
IVDA,0.3423,2026-08-21T19:59:54Z
IVE,237.28,2026-08-21T19:57:11Z
IVES,38.69,2026-08-21T19:59:55Z
IVF,1.085,2026-08-21T14:17:40Z
IVLU,44.45,2026-08-21T19:59:46Z
IVOG,143.78,2026-08-21T19:59:41Z
IVOL,17.48,2026-08-21T18:38:56Z
IVOO,129.91,2026-08-21T19:59:52Z
IVR,7.52,2026-08-21T19:59:51Z
IVT,32.7,2026-08-21T19:59:49Z
IVV,769.31,2026-08-21T19:59:58Z
IVVD,0.999,2026-08-21T19:59:50Z
IVVM,37.71,2026-08-21T14:14:08Z
IVVW,45.38,2026-08-21T19:59:55Z
IVW,138.86,2026-08-21T19:59:59Z
IVZ,32.02,2026-08-21T19:59:59Z
IWB,419.55,2026-08-21T19:59:54Z
IWC,197.52,2026-08-21T17:02:09Z
IWD,257.32,2026-08-21T19:59:43Z
IWF,122.375,2026-08-21T19:59:58Z
IWL,189.55,2026-08-21T19:52:14Z
IWLG,56.15,2026-08-21T16:21:05Z
IWM,299.94,2026-08-21T19:59:59Z
IWMI,52.54,2026-08-21T19:58:23Z
IWMY,18.875,2026-08-21T19:59:46Z
IWN,224.76,2026-08-21T19:59:55Z
IWO,387.34,2026-08-21T19:59:55Z
IWP,143.7,2026-08-21T19:59:45Z
IWR,113.44,2026-08-21T19:59:56Z
IWS,172.01,2026-08-21T19:59:31Z
IWV,436.405,2026-08-21T19:59:58Z
IWX,112.31,2026-08-21T19:59:54Z
IWY,285.69,2026-08-21T19:59:58Z
IX,38.5,2026-08-21T19:59:50Z
IXC,58.47,2026-08-21T19:58:49Z
IXG,133.16,2026-08-21T19:55:53Z
IXHL,3.58,2026-08-21T19:53:18Z
IXJ,106.82,2026-08-21T19:41:14Z
IXN,139.415,2026-08-21T19:53:02Z
IXUS,97.935,2026-08-21T19:59:52Z
IYC,102.725,2026-08-21T18:59:12Z
IYE,67.355,2026-08-21T19:59:54Z
IYF,136.17,2026-08-21T19:48:51Z
IYG,96.45,2026-08-21T13:35:30Z
IYH,73.925,2026-08-21T19:59:54Z
IYJ,165.1,2026-08-21T19:50:05Z
IYK,75.275,2026-08-21T19:59:00Z
IYLD,22.265,2026-08-21T18:14:04Z
IYR,104.72,2026-08-21T19:59:58Z
IYRI,49.485,2026-08-21T19:59:46Z
IYT,87.03,2026-08-21T19:59:50Z
IYW,247.31,2026-08-21T19:53:10Z
IYY,186.705,2026-08-21T15:00:07Z
IYZ,43.04,2026-08-21T19:59:59Z
IZEA,2.98,2026-08-21T19:58:34Z
J,150.065,2026-08-21T19:59:53Z
JA,50.27,2026-08-21T18:25:26Z
JAAA,50.67,2026-08-21T19:59:55Z
JACK,17.24,2026-08-21T19:59:54Z
JADE,80.23,2026-08-21T18:18:55Z
JAGU,1.55,2026-08-21T19:59:31Z
JAGX,0.8455,2026-08-21T18:53:12Z
JAJL,30.21,2026-08-21T18:45:15Z
JAKK,25.31,2026-08-21T19:20:51Z
JAN,30.67,2026-08-21T19:59:48Z
JANW,39.3,2026-08-21T14:08:02Z
JANX,17.38,2026-08-21T19:59:55Z
JAPN,25.3,2026-08-21T18:16:30Z
JATT,12.625,2026-08-21T16:24:34Z
JAVA,83.06,2026-08-21T19:53:44Z
JAZZ,254.27,2026-08-21T19:59:32Z
JBBB,47.51,2026-08-21T19:47:41Z
JBGS,12.52,2026-08-21T19:59:39Z
JBHT,275.43,2026-08-21T19:59:52Z
JBI,5.11,2026-08-21T19:59:56Z
JBIO,21.35,2026-08-21T19:59:57Z
JBL,313.275,2026-08-21T19:59:37Z
JBLU,4.89,2026-08-21T19:59:58Z
JBND,52.64,2026-08-21T19:59:55Z
JBS,13.82,2026-08-21T19:59:57Z
JBSS,73.65,2026-08-21T19:59:25Z
JBTM,116.965,2026-08-21T19:59:43Z
JCAP,22.3,2026-08-21T19:59:39Z
JCE,17.03,2026-08-21T15:41:15Z
JCI,143.17,2026-08-21T19:59:49Z
JCPB,46.155,2026-08-21T19:59:29Z
JCPI,47.49,2026-08-21T18:19:47Z
JCSE,1.545,2026-08-21T14:21:46Z
JCTC,2.9,2026-08-21T16:13:12Z
JD,29.375,2026-08-21T19:59:58Z
JDIV,58.17,2026-08-21T18:40:45Z
JDST,20.04,2026-08-21T19:59:59Z
JDVI,41.46,2026-08-21T19:53:48Z
JDVL,32.49,2026-08-21T13:56:02Z
JEDI,28.61,2026-08-21T19:59:45Z
JEF,52.35,2026-08-21T19:59:55Z
JELD,2.3,2026-08-21T19:59:53Z
JELH,25.66,2026-08-21T19:15:48Z
JELM,25.58,2026-08-21T16:22:18Z
JEM,4,2026-08-21T17:10:00Z
JEMA,62.38,2026-08-21T14:30:52Z
JEMB,53.63,2026-08-21T19:07:05Z
JEPI,57.91,2026-08-21T19:59:40Z
JEPQ,59.82,2026-08-21T19:59:54Z
JETD,2.79,2026-08-21T19:50:08Z
JETS,29.565,2026-08-21T19:59:57Z
JFB,4.48,2026-08-21T19:59:42Z
JFLX,49.88,2026-08-21T19:52:13Z
JFR,7.555,2026-08-21T19:49:47Z
JGH,12.39,2026-08-21T19:59:58Z
JGLO,73.44,2026-08-21T19:39:21Z
JGRO,94.27,2026-08-21T19:59:26Z
JHCP,24.775,2026-08-21T19:59:45Z
JHEM,39.78,2026-08-21T19:59:55Z
JHI,13.2,2026-08-21T19:59:54Z
JHMD,46.47,2026-08-21T19:38:52Z
JHMM,75.99,2026-08-21T19:59:51Z
JHX,30.42,2026-08-21T19:59:58Z
JIDE,52.47,2026-08-21T17:10:03Z
JIG,85.07,2026-08-21T19:54:54Z
JILL,20.1,2026-08-21T19:57:06Z
JIRE,85.285,2026-08-21T19:59:59Z
JIVE,98.1,2026-08-21T19:59:27Z
JJSF,87.945,2026-08-21T19:55:52Z
JKHY,166.175,2026-08-21T19:59:52Z
JKS,15.93,2026-08-21T19:59:50Z
JLL,387.27,2026-08-21T19:59:53Z
JLS,16.86,2026-08-21T19:56:02Z
JMBS,44.37,2026-08-21T19:53:06Z
JMEE,77.865,2026-08-21T19:59:40Z
JMHI,49.54,2026-08-21T19:59:50Z
JMIA,6.76,2026-08-21T19:59:53Z
JMKE,23.86,2026-08-21T19:59:56Z
JMM,5.755,2026-08-21T18:46:41Z
JMMF,100.21,2026-08-21T19:07:09Z
JMOM,82.77,2026-08-21T14:22:31Z
JMSB,23.18,2026-08-21T19:40:56Z
JMST,50.93,2026-08-21T19:59:50Z
JMTG,50.07,2026-08-21T19:51:19Z
JMUB,49.69,2026-08-21T19:53:39Z
JNJ,270.28,2026-08-21T19:59:56Z
JNK,95.87,2026-08-21T19:59:54Z
JNUG,207.27,2026-08-21T18:48:25Z
JOBX,12.17,2026-08-21T15:29:28Z
JOBY,7.535,2026-08-21T19:59:55Z
JOE,69.055,2026-08-21T19:59:15Z
JOET,46.27,2026-08-21T16:05:16Z
JOF,12.41,2026-08-21T19:59:40Z
JOJO,15.03,2026-08-21T18:48:49Z
JOUT,47.52,2026-08-21T19:55:00Z
JOYY,73.58,2026-08-21T19:59:41Z
JPC,7.51,2026-08-21T19:59:57Z
JPEF,81.325,2026-08-21T19:55:00Z
JPIB,47.85,2026-08-21T19:15:10Z
JPIE,45.845,2026-08-21T19:59:53Z
JPLD,52.045,2026-08-21T19:59:47Z
JPM,351.615,2026-08-21T19:59:55Z
JPM-C,24.69,2026-08-21T19:48:18Z
JPM-J,18.57,2026-08-21T19:14:20Z
JPM-K,17.79,2026-08-21T17:25:55Z
JPM-L,18.11,2026-08-21T17:20:19Z
JPM-M,16.41,2026-08-21T14:30:55Z
JPO,14.27,2026-08-21T19:53:15Z
JPRF,49.75,2026-08-21T19:14:46Z
JPSE,60.04,2026-08-21T18:59:03Z
JPST,50.525,2026-08-21T19:59:05Z
JPY,37.98,2026-08-21T14:39:28Z
JQC,4.745,2026-08-21T19:59:37Z
JQUA,74.735,2026-08-21T19:59:57Z
JRI,12.385,2026-08-21T19:18:00Z
JRS,8.515,2026-08-21T19:52:03Z
JRSH,5.52,2026-08-21T15:45:42Z
JRVR,4.05,2026-08-21T19:59:18Z
JSCP,46.91,2026-08-21T15:20:30Z
JSI,51.07,2026-08-21T18:06:07Z
JSMD,94.5,2026-08-21T14:51:03Z
JSML,90.45,2026-08-21T19:20:21Z
JSPR,0.719,2026-08-21T19:59:54Z
JTAI,1.59,2026-08-21T19:58:18Z
JTEK,99.97,2026-08-21T19:59:51Z
JUCY,22.03,2026-08-21T19:42:07Z
JUDB,26.25,2026-08-21T13:59:10Z
JULJ,24.99,2026-08-21T14:34:56Z
JULM,34.94,2026-08-21T19:34:33Z
JULP,33.28,2026-08-21T16:58:19Z
JULW,41.42,2026-08-21T18:06:52Z
JUNM,35.41,2026-08-21T16:05:35Z
JUNP,32.23,2026-08-21T19:19:58Z
JUNS,6.2,2026-08-21T19:59:49Z
JUNT,38.54,2026-08-21T19:19:09Z
JUNW,34.88,2026-08-21T17:11:45Z
JUSA,69.015,2026-08-21T19:52:52Z
JVA,3.51,2026-08-21T17:00:04Z
JXG,7.3,2026-08-21T14:40:04Z
JXN,129.82,2026-08-21T19:59:57Z
JXN-A,25.48,2026-08-21T17:33:35Z
JYD,0.9284,2026-08-21T18:37:37Z
JYNT,8.39,2026-08-21T19:59:18Z
JZ,2.29,2026-08-21T15:24:16Z
JZXN,1.32,2026-08-21T14:00:32Z
KAI,313.1,2026-08-21T19:59:08Z
KAIT,24.13,2026-08-21T18:04:02Z
KALA,0.84,2026-08-21T18:58:08Z
KALU,154.835,2026-08-21T19:47:16Z
KAPA,0.2929,2026-08-21T19:19:51Z
KARD,21.01,2026-08-21T19:59:01Z
KARO,63.93,2026-08-21T19:52:31Z
KARS,31.35,2026-08-21T17:00:48Z
KAT,58.85,2026-08-21T19:47:19Z
KAUG,29.32,2026-08-21T19:25:59Z
KAZR,1.95,2026-08-21T19:57:23Z
KB,117.77,2026-08-21T19:52:45Z
KBA,33.29,2026-08-21T14:21:17Z
KBAB,8.365,2026-08-21T15:46:45Z
KBDC,13.33,2026-08-21T19:50:26Z
KBE,68.73,2026-08-21T19:59:49Z
KBH,55.37,2026-08-21T19:59:21Z
KBR,38.575,2026-08-21T19:59:45Z
KBSX,1,2026-08-21T16:58:00Z
KBWB,95.63,2026-08-21T19:59:54Z
KBWD,12.6,2026-08-21T19:59:50Z
KBWY,18.29,2026-08-21T19:59:51Z
KC,11.135,2026-08-21T19:59:55Z
KCCA,16.99,2026-08-21T19:58:08Z
KD,12.54,2026-08-21T19:59:58Z
KDEC,28.85,2026-08-21T19:59:51Z
KDEF,41.195,2026-08-21T19:20:10Z
KDK,3.93,2026-08-21T19:59:58Z
KDKRW,0.61,2026-08-21T19:21:15Z
KDP,32.04,2026-08-21T19:59:57Z
KE,23.07,2026-08-21T19:57:50Z
KEEL,3.325,2026-08-21T19:59:57Z
KEEX,26.35,2026-08-21T18:39:17Z
KELYA,17.085,2026-08-21T19:59:49Z
KEMQ,25.97,2026-08-21T15:08:50Z
KEN,66.53,2026-08-21T19:59:44Z
KEP,11.27,2026-08-21T19:59:46Z
KEX,140.29,2026-08-21T19:55:34Z
KEY,21.875,2026-08-21T19:59:58Z
KEY-L,25.295,2026-08-21T19:33:18Z
KEYS,316.365,2026-08-21T19:59:48Z
KF,64.07,2026-08-21T19:59:56Z
KFRC,58.38,2026-08-21T19:58:37Z
KFY,85.19,2026-08-21T19:58:02Z
KG,8.17,2026-08-21T13:59:37Z
KGC,32.76,2026-08-21T19:59:58Z
KGEI,6.075,2026-08-21T19:59:53Z
KGLD,29.61,2026-08-21T19:52:28Z
KGRN,23.94,2026-08-21T19:56:22Z
KGS,61.51,2026-08-21T19:59:55Z
KHC,25.58,2026-08-21T19:59:58Z
KHPI,26.01,2026-08-21T19:49:27Z
KIDS,25.67,2026-08-21T19:59:58Z
KIDZ,4.585,2026-08-21T19:57:32Z
KIE,63.435,2026-08-21T19:59:33Z
KIM,24,2026-08-21T19:59:54Z
KIM-L,19.79,2026-08-21T18:54:25Z
KIM-N,60.5,2026-08-21T15:55:47Z
KINS,19.805,2026-08-21T19:59:18Z
KIO,10.96,2026-08-21T19:58:01Z
KITT,0.873,2026-08-21T19:32:33Z
KJAN,46.27,2026-08-21T14:55:21Z
KJUN,30.09,2026-08-21T16:03:49Z
KKR,108.475,2026-08-21T19:59:53Z
KKRT,23.09,2026-08-21T19:04:20Z
KLAC,184.05,2026-08-21T19:59:59Z
KLAR,14.34,2026-08-21T19:59:56Z
KLC,2.76,2026-08-21T19:59:50Z
KLIC,85.7,2026-08-21T19:59:40Z
KLRA,17.14,2026-08-21T19:59:41Z
KLRS,4.15,2026-08-21T19:59:45Z
KLTR,1.6,2026-08-21T19:59:30Z
KLXE,1.575,2026-08-21T19:12:36Z
KMB,109.3,2026-08-21T19:59:54Z
KMDA,8.245,2026-08-21T19:47:44Z
KMEM,19.09,2026-08-21T17:26:17Z
KMI,30.98,2026-08-21T19:59:57Z
KMLI,10.27,2026-08-21T19:59:51Z
KMLM,29.32,2026-08-21T19:54:28Z
KMPR,27.02,2026-08-21T19:59:53Z
KMRK,1.21,2026-08-21T18:59:26Z
KMT,29.97,2026-08-21T19:59:49Z
KMTS,26.98,2026-08-21T19:59:58Z
KMX,62.06,2026-08-21T19:59:49Z
KN,33.28,2026-08-21T19:59:58Z
KNDI,0.65,2026-08-21T14:16:19Z
KNF,66.17,2026-08-21T19:59:59Z
KNG,51.875,2026-08-21T19:59:46Z
KNOP,10.66,2026-08-21T19:39:02Z
KNRX,0.5079,2026-08-21T19:59:22Z
KNSA,79.01,2026-08-21T19:59:00Z
KNSL,383.46,2026-08-21T19:59:51Z
KNTK,54.5,2026-08-21T19:59:49Z
KNX,71.65,2026-08-21T19:59:54Z
KO,91.1,2026-08-21T19:59:59Z
KOCT,37.96,2026-08-21T18:07:50Z
KOD,38.395,2026-08-21T19:59:45Z
KODK,9.83,2026-08-21T19:59:51Z
KOF,111.94,2026-08-21T19:56:55Z
KOID,36.96,2026-08-21T19:35:00Z
KOLD,30.8,2026-08-21T19:59:56Z
KOMP,69.32,2026-08-21T16:16:54Z
KOP,45.16,2026-08-21T19:59:54Z
KOPN,5.035,2026-08-21T19:59:52Z
KORP,45.805,2026-08-21T19:43:12Z
KORU,20.385,2026-08-21T19:59:58Z
KOS,2.96,2026-08-21T19:59:51Z
KOSS,3.59,2026-08-21T15:39:41Z
KPDD,5.94,2026-08-21T19:59:40Z
KPLT,5.695,2026-08-21T19:59:32Z
KPTI,1.965,2026-08-21T19:59:50Z
KQQQ,28.71,2026-08-21T19:59:50Z
KR,57.86,2026-08-21T19:59:50Z
KRAQW,0.3821,2026-08-21T19:24:42Z
KRBN,34.84,2026-08-21T16:27:19Z
KRC,36.56,2026-08-21T19:59:53Z
KRE,74.84,2026-08-21T19:59:59Z
KREF,7.59,2026-08-21T19:59:59Z
KRG,26.14,2026-08-21T19:59:58Z
KRMD,3.225,2026-08-21T19:58:22Z
KRMN,53.46,2026-08-21T19:59:49Z
KRNT,16.8,2026-08-21T19:58:53Z
KRNY,9.735,2026-08-21T19:59:52Z
KRO,8.2,2026-08-21T19:59:49Z
KROS,11.05,2026-08-21T19:59:45Z
KRP,15.39,2026-08-21T19:59:58Z
KRRO,13.25,2026-08-21T15:09:20Z
KRT,47.965,2026-08-21T19:58:36Z
KRUS,48.265,2026-08-21T19:59:54Z
KRYS,346.82,2026-08-21T19:59:57Z
KSA,38.315,2026-08-21T19:59:58Z
KSCP,1.415,2026-08-21T19:59:43Z
KSLV,28.575,2026-08-21T19:56:50Z
KSPI,105.49,2026-08-21T19:58:45Z
KSPY,29.86,2026-08-21T19:59:50Z
KSS,17.59,2026-08-21T19:59:58Z
KSTR,23.79,2026-08-21T19:59:25Z
KT,18.885,2026-08-21T19:59:49Z
KTB,82.03,2026-08-21T19:59:41Z
KTF,8.775,2026-08-21T19:59:28Z
KTH,28.74,2026-08-21T19:56:51Z
KTOS,57.18,2026-08-21T19:59:52Z
KTTA,0.5287,2026-08-21T19:52:59Z
KTWO,10.055,2026-08-21T14:31:27Z
KULR,2.56,2026-08-21T19:59:52Z
KURA,11.89,2026-08-21T19:59:50Z
KURE,19.1,2026-08-21T19:55:06Z
KUST,0.9924,2026-08-21T19:28:06Z
KVHI,7.7,2026-08-21T19:59:11Z
KVUE,19.05,2026-08-21T19:59:57Z
KVYO,18.32,2026-08-21T19:59:54Z
KWEB,26.655,2026-08-21T19:59:56Z
KWIN,25.8,2026-08-21T14:18:42Z
KWM,1.65,2026-08-21T19:59:08Z
KWR,163.02,2026-08-21T19:57:42Z
KWY,10.43,2026-08-21T19:59:29Z
KXI,69.08,2026-08-21T19:59:46Z
KXIN,5.39,2026-08-21T19:55:51Z
KYIV,13.23,2026-08-21T19:57:51Z
KYLD,20.725,2026-08-21T19:50:01Z
KYMR,120.04,2026-08-21T19:59:41Z
KYN,14.59,2026-08-21T19:44:36Z
KYTX,8.415,2026-08-21T19:59:52Z
KZIA,13.32,2026-08-21T19:53:38Z
L,109.825,2026-08-21T19:59:49Z
LAB,0.6636,2026-08-21T19:59:52Z
LABD,6.29,2026-08-21T19:59:43Z
LABU,317.14,2026-08-21T19:59:40Z
LABX,10.54,2026-08-21T19:59:58Z
LAC,3.14,2026-08-21T19:59:45Z
LAD,370.695,2026-08-21T19:59:50Z
LADR,9.915,2026-08-21T19:59:38Z
LAES,2.56,2026-08-21T19:59:59Z
LAKE,11.21,2026-08-21T19:50:34Z
LALT,24.5,2026-08-21T19:59:03Z
LAMR,150.63,2026-08-21T19:59:51Z
LAND,8.64,2026-08-21T19:59:55Z
LANDO,20.93,2026-08-21T17:56:53Z
LANDP,20.73,2026-08-21T16:40:30Z
LAR,6.84,2026-08-21T19:59:58Z
LASC,9.06,2026-08-21T14:30:14Z
LASE,1.27,2026-08-21T19:56:01Z
LASR,47.41,2026-08-21T19:59:57Z
LAUR,37.435,2026-08-21T19:59:49Z
LAW,4.28,2026-08-21T19:59:47Z
LAZ,44.125,2026-08-21T19:59:57Z
LAZR,43.83,2026-08-21T15:40:30Z
LB,89.89,2026-08-21T19:59:30Z
LBGJ,3.11,2026-08-21T18:05:03Z
LBRT,19.35,2026-08-21T19:59:54Z
LBRX,47.71,2026-08-21T19:59:16Z
LBTYA,10.64,2026-08-21T19:59:55Z
LBTYK,10.42,2026-08-21T19:59:55Z
LCID,5.51,2026-08-21T19:59:59Z
LCII,101.985,2026-08-21T19:59:15Z
LCLN,23.78,2026-08-21T19:59:49Z
LCNB,19.64,2026-08-21T18:43:31Z
LCTU,82.345,2026-08-21T14:40:14Z
LCTX,1.08,2026-08-21T19:59:57Z
LCUT,9.16,2026-08-21T19:59:59Z
LDI,0.8944,2026-08-21T19:59:40Z
LDOS,141.52,2026-08-21T19:59:49Z
LDP,20.4,2026-08-21T16:10:29Z
LE,12.17,2026-08-21T19:59:50Z
LEA,128.49,2026-08-21T19:59:42Z
LECO,281.74,2026-08-21T19:59:49Z
LEDS,1.97,2026-08-21T19:59:53Z
LEE,8.175,2026-08-21T19:59:54Z
LEG,9.42,2026-08-21T19:59:58Z
LEGH,28.73,2026-08-21T19:55:01Z
LEGN,21.825,2026-08-21T19:59:58Z
LEMB,43.335,2026-08-21T19:59:50Z
LEN,87.01,2026-08-21T19:59:54Z
LEN.B,85.31,2026-08-21T19:49:08Z
LEND,24.87,2026-08-21T19:40:41Z
LENZ,4.69,2026-08-21T19:59:53Z
LEO,6.17,2026-08-21T19:57:21Z
LESL,0.601,2026-08-21T19:59:44Z
LEU,186.36,2026-08-21T19:59:30Z
LEVI,21.495,2026-08-21T19:59:58Z
LFAC,10.06,2026-08-21T19:24:48Z
LFCR,4.55,2026-08-21T19:59:08Z
LFGY,20.1,2026-08-21T19:57:56Z
LFMD,3.3,2026-08-21T19:59:47Z
LFS,2.36,2026-08-21T19:53:49Z
LFSC,48.05,2026-08-21T15:43:45Z
LFST,12.47,2026-08-21T19:59:59Z
LFT,0.658,2026-08-21T18:40:57Z
LFTO,19.02,2026-08-21T19:59:27Z
LFUS,411.84,2026-08-21T19:58:02Z
LFVN,6.66,2026-08-21T19:59:52Z
LGCL,0.0584,2026-08-21T19:44:21Z
LGCY,10.52,2026-08-21T19:46:32Z
LGDS,49.19,2026-08-21T17:07:21Z
LGHL,0.6035,2026-08-21T19:59:42Z
LGHT,10.27,2026-08-21T19:59:30Z
LGI,18.5,2026-08-21T15:50:26Z
LGIH,58.11,2026-08-21T19:59:43Z
LGLV,188.57,2026-08-21T19:59:40Z
LGN,59.37,2026-08-21T19:59:51Z
LGND,286.21,2026-08-21T19:59:36Z
LGO,0.7519,2026-08-21T19:59:51Z
LGOV,20.84,2026-08-21T17:13:51Z
LGVN,0.8444,2026-08-21T19:59:40Z
LH,336.21,2026-08-21T19:59:58Z
LHAI,0.7689,2026-08-21T17:25:37Z
LHSW,2.53,2026-08-21T16:52:00Z
LHX,266.62,2026-08-21T19:59:55Z
LI,13.06,2026-08-21T19:59:55Z
LIDR,1.275,2026-08-21T19:59:48Z
LIEN,10,2026-08-21T18:26:30Z
LIF,44.64,2026-08-21T19:59:53Z
LIFE,34.16,2026-08-21T19:59:49Z
LII,402.8,2026-08-21T19:59:49Z
LILA,8.48,2026-08-21T19:59:50Z
LILAK,8.385,2026-08-21T19:59:53Z
LILAP,20.87,2026-08-21T19:17:37Z
LIME,41.15,2026-08-21T19:58:44Z
LIMN,5.23,2026-08-21T19:58:03Z
LIN,487.39,2026-08-21T19:59:54Z
LINC,25.735,2026-08-21T19:59:53Z
LIND,31.075,2026-08-21T19:59:53Z
LINE,41.59,2026-08-21T19:59:49Z
LINK,5.01,2026-08-21T14:58:55Z
LINT,95.64,2026-08-21T19:54:40Z
LION,11.5,2026-08-21T19:59:52Z
LIQT,0.565,2026-08-21T15:02:57Z
LIT,76.56,2026-08-21T19:54:14Z
LITE,866.81,2026-08-21T19:59:57Z
LITP,12.21,2026-08-21T19:59:06Z
LITS,1.04,2026-08-21T17:47:10Z
LITU,18.21,2026-08-21T19:59:38Z
LITX,29.05,2026-08-21T19:59:46Z
LITZ,9.04,2026-08-21T19:59:51Z
LIVN,78.78,2026-08-21T19:59:48Z
LKFN,60.31,2026-08-21T19:58:51Z
LKFT,28.8,2026-08-21T19:59:05Z
LKQ,25.775,2026-08-21T19:59:52Z
LLY,1255.2,2026-08-21T19:59:55Z
LLYVA,101.75,2026-08-21T19:53:05Z
LLYVK,105.295,2026-08-21T19:59:51Z
LLYX,29.39,2026-08-21T19:50:03Z
LMAT,81.955,2026-08-21T19:59:29Z
LMB,42.865,2026-08-21T19:58:00Z
LMBS,49.51,2026-08-21T19:58:59Z
LMND,53.38,2026-08-21T19:59:55Z
LMNR,13.86,2026-08-21T19:59:41Z
LMRI,12.415,2026-08-21T19:59:51Z
LMT,563.65,2026-08-21T19:59:57Z
LMUB,49.51,2026-08-21T19:50:27Z
LNAI,2.22,2026-08-21T16:50:26Z
LNC,42.12,2026-08-21T19:59:51Z
LNC-D,26.16,2026-08-21T19:35:15Z
LND,3.75,2026-08-21T19:38:22Z
LNG,277.45,2026-08-21T19:59:53Z
LNN,116.29,2026-08-21T19:59:07Z
LNOK,34.63,2026-08-21T17:39:22Z
LNSR,8.645,2026-08-21T19:56:34Z
LNT,67.82,2026-08-21T19:59:43Z
LNTH,99.99,2026-08-21T19:59:51Z
LNZA,6.17,2026-08-21T19:59:52Z
LOAR,74.98,2026-08-21T19:59:55Z
LOB,40.96,2026-08-21T19:59:30Z
LOBO,0.6601,2026-08-21T16:11:18Z
LOCO,16.02,2026-08-21T19:59:55Z
LODE,3.535,2026-08-21T19:59:58Z
LOFD,8.1,2026-08-21T18:54:05Z
LOFF,14.37,2026-08-21T19:54:20Z
LOGI,95.96,2026-08-21T19:59:52Z
LOMA,9.31,2026-08-21T19:58:42Z
LONA,7.74,2026-08-21T19:51:51Z
LOOP,0.6099,2026-08-21T19:59:56Z
LOPE,147.38,2026-08-21T19:58:50Z
LOT,1.115,2026-08-21T19:57:28Z
LOUP,91.125,2026-08-21T14:25:16Z
LOVE,16.14,2026-08-21T19:55:48Z
LOW,216.06,2026-08-21T19:59:54Z
LPA,3.375,2026-08-21T19:16:35Z
LPG,51.11,2026-08-21T19:59:55Z
LPL,3.29,2026-08-21T19:59:57Z
LPLA,360.71,2026-08-21T19:59:51Z
LPSN,2.88,2026-08-21T19:42:48Z
LPTH,14.43,2026-08-21T19:59:52Z
LPX,73.16,2026-08-21T19:59:24Z
LQD,105.94,2026-08-21T19:59:59Z
LQDA,68.59,2026-08-21T19:59:53Z
LQDH,92.555,2026-08-21T19:59:45Z
LQDT,43.3,2026-08-21T19:54:30Z
LQDW,23.29,2026-08-21T15:49:37Z
LRCU,51.95,2026-08-21T18:24:17Z
LRCX,313.95,2026-08-21T19:59:55Z
LRGF,77.97,2026-08-21T18:21:37Z
LRGG,29.69,2026-08-21T15:32:54Z
LRHC,0.5811,2026-08-21T19:30:13Z
LRMR,4.165,2026-08-21T19:59:56Z
LRN,84.39,2026-08-21T19:59:49Z
LSAK,4.6,2026-08-21T18:52:23Z
LSBK,17.215,2026-08-21T15:17:19Z
LSCC,117.665,2026-08-21T19:59:54Z
LSF,3.95,2026-08-21T19:25:46Z
LSPD,10.6,2026-08-21T19:59:56Z
LSTA,1.53,2026-08-21T19:59:51Z
LSTR,186.61,2026-08-21T19:59:31Z
LTBR,8.22,2026-08-21T19:59:53Z
LTC,40.32,2026-08-21T19:59:36Z
LTCC,12.73,2026-08-21T19:30:16Z
LTGO,22.37,2026-08-21T19:59:33Z
LTGR,9.98,2026-08-21T19:48:31Z
LTH,45.09,2026-08-21T19:59:45Z
LTL,24.34,2026-08-21T17:38:09Z
LTM,51.48,2026-08-21T19:59:50Z
LTPZ,47.72,2026-08-21T19:49:09Z
LTRN,2.305,2026-08-21T19:47:16Z
LTRX,5.99,2026-08-21T19:59:50Z
LTRYW,0.0074,2026-08-21T16:20:10Z
LTTI,17.48,2026-08-21T19:33:07Z
LU,1.4,2026-08-21T19:59:57Z
LUCD,0.9634,2026-08-21T19:59:50Z
LUCK,6.82,2026-08-21T19:56:56Z
LUCY,0.6812,2026-08-21T19:58:17Z
LULG,6.43,2026-08-21T17:50:06Z
LULU,121.1,2026-08-21T19:59:47Z
LUMN,5.945,2026-08-21T19:59:55Z
LUNG,2.27,2026-08-21T19:59:54Z
LUNL,6.105,2026-08-21T19:54:40Z
LUNR,18.32,2026-08-21T19:59:59Z
LUV,40.375,2026-08-21T19:59:56Z
LUXE,7.775,2026-08-21T19:59:14Z
LVHD,44.38,2026-08-21T19:18:19Z
LVHI,42.97,2026-08-21T19:59:54Z
LVO,3.87,2026-08-21T18:59:35Z
LVS,47.035,2026-08-21T19:59:56Z
LVWR,1.2,2026-08-21T19:59:50Z
LW,53.63,2026-08-21T19:59:42Z
LWAY,25.7,2026-08-21T19:50:04Z
LWLG,6.19,2026-08-21T19:59:51Z
LX,1.325,2026-08-21T19:59:46Z
LXEO,4.87,2026-08-21T19:59:54Z
LXFR,17.2,2026-08-21T19:59:29Z
LXP,60.91,2026-08-21T19:59:49Z
LXP-C,49,2026-08-21T16:12:50Z
LXRX,2.31,2026-08-21T19:59:58Z
LXU,11.11,2026-08-21T19:59:58Z
LYB,67.49,2026-08-21T19:59:54Z
LYEL,15.47,2026-08-21T19:58:36Z
LYFT,17.475,2026-08-21T19:59:59Z
LYG,6.03,2026-08-21T19:59:55Z
LYNX,15.74,2026-08-21T19:59:54Z
LYTE,25.48,2026-08-21T19:59:58Z
LYTS,20.345,2026-08-21T19:59:50Z
LYV,181.78,2026-08-21T19:59:52Z
LZ,5.84,2026-08-21T19:59:56Z
LZB,33.7,2026-08-21T19:59:53Z
LZM,4.34,2026-08-21T19:58:31Z
LZMH,1.12,2026-08-21T16:18:09Z
M,22.815,2026-08-21T19:59:55Z
MA,580.6,2026-08-21T19:59:55Z
MAA,131.335,2026-08-21T19:59:52Z
MAAS,15.5,2026-08-21T19:58:56Z
MAAY,5.525,2026-08-21T19:58:40Z
MAC,24.4,2026-08-21T19:59:58Z
MACIW,0.12,2026-08-21T15:41:35Z
MAGG,19.94,2026-08-21T15:06:33Z
MAGN,12.37,2026-08-21T19:59:48Z
MAGS,67.26,2026-08-21T19:59:55Z
MAGX,54.58,2026-08-21T19:59:43Z
MAGY,41,2026-08-21T13:51:03Z
MAIA,1.385,2026-08-21T19:58:00Z
MAIN,58.315,2026-08-21T19:58:10Z
MAIR,26.005,2026-08-21T19:59:48Z
MAKO,10.495,2026-08-21T19:59:16Z
MAMA,16.42,2026-08-21T19:59:44Z
MAMB,23.97,2026-08-21T17:21:35Z
MAN,61.42,2026-08-21T19:59:58Z
MANE,102.815,2026-08-21T19:59:55Z
MANH,214.71,2026-08-21T19:59:50Z
MANU,23.69,2026-08-21T19:55:14Z
MAR,356.455,2026-08-21T19:59:54Z
MARA,11.27,2026-08-21T19:59:59Z
MARM,34.45,2026-08-21T19:59:47Z
MARO,4.28,2026-08-21T19:55:01Z
MARS,26.24,2026-08-21T14:35:24Z
MARZ,37.31,2026-08-21T17:20:27Z
MAS,73.3,2026-08-21T19:59:50Z
MASK,1.435,2026-08-21T14:09:46Z
MASS,10.635,2026-08-21T19:59:55Z
MAT,14.505,2026-08-21T19:59:59Z
MATH,0.77,2026-08-21T19:47:54Z
MATV,12.495,2026-08-21T19:59:41Z
MATW,21.25,2026-08-21T19:59:33Z
MATX,222.885,2026-08-21T19:59:49Z
MAX,12.91,2026-08-21T19:59:59Z
MAXI,13.44,2026-08-21T19:57:01Z
MAXJ,29.4,2026-08-21T16:54:13Z
MAYP,33.06,2026-08-21T19:19:58Z
MAYT,39.8,2026-08-21T19:19:08Z
MAYW,35.37,2026-08-21T17:33:10Z
MAZE,29.44,2026-08-21T19:59:49Z
MBAI,8.14,2026-08-21T15:54:45Z
MBB,93.1,2026-08-21T19:59:55Z
MBC,9.1,2026-08-21T19:59:59Z
MBGL,19.85,2026-08-21T19:59:55Z
MBI,4.9,2026-08-21T19:59:55Z
MBIN,54.6,2026-08-21T19:58:16Z
MBLY,9.03,2026-08-21T19:59:58Z
MBND,26.85,2026-08-21T19:55:45Z
MBNKO,25.76,2026-08-21T14:53:45Z
MBOT,1.505,2026-08-21T19:58:55Z
MBRX,0.5905,2026-08-21T19:59:23Z
MBS,8.555,2026-08-21T19:59:45Z
MBSF,25.705,2026-08-21T19:59:46Z
MBUU,29.49,2026-08-21T19:59:17Z
MBWM,59.61,2026-08-21T19:59:10Z
MBX,66.385,2026-08-21T19:59:38Z
MC,68.43,2026-08-21T19:59:40Z
MCB,91.81,2026-08-21T19:57:25Z
MCBS,35.42,2026-08-21T19:45:24Z
MCD,271.07,2026-08-21T19:59:47Z
MCDS,68.87,2026-08-21T17:57:58Z
MCFT,25.44,2026-08-21T19:59:14Z
MCGAW,0.37,2026-08-21T19:39:37Z
MCHB,16.2,2026-08-21T19:59:51Z
MCHI,55.645,2026-08-21T19:59:58Z
MCHP,76.09,2026-08-21T19:59:54Z
MCHPP,65.81,2026-08-21T19:12:41Z
MCI,18.29,2026-08-21T19:40:35Z
MCK,860.44,2026-08-21T19:59:54Z
MCN,5.65,2026-08-21T18:26:05Z
MCO,503.375,2026-08-21T19:59:55Z
MCRB,4.57,2026-08-21T19:59:50Z
MCRI,126.1,2026-08-21T19:59:28Z
MCRP,1.225,2026-08-21T19:59:41Z
MCS,29.53,2026-08-21T19:59:48Z
MCVT,28.47,2026-08-21T18:44:13Z
MCY,105.83,2026-08-21T19:59:21Z
MD,26.545,2026-08-21T19:59:47Z
MDA,30.92,2026-08-21T19:59:54Z
MDAI,1.59,2026-08-21T19:59:40Z
MDB,430.86,2026-08-21T19:59:57Z
MDCX,0.2709,2026-08-21T19:59:58Z
MDGL,516.73,2026-08-21T19:59:49Z
MDIV,16.83,2026-08-21T19:59:51Z
MDLN,34.25,2026-08-21T19:59:51Z
MDLZ,64.46,2026-08-21T19:59:58Z
MDST,29.445,2026-08-21T19:57:46Z
MDT,93.35,2026-08-21T19:59:58Z
MDU,19.935,2026-08-21T19:59:59Z
MDWD,13.18,2026-08-21T18:47:48Z
MDXG,4.35,2026-08-21T19:59:54Z
MDXH,0.7436,2026-08-21T19:47:16Z
MDY,699.56,2026-08-21T19:59:51Z
MDYG,110.19,2026-08-21T19:15:46Z
MDYV,95.67,2026-08-21T19:59:45Z
MEAR,50.23,2026-08-21T19:58:52Z
MEC,21.72,2026-08-21T19:59:50Z
MED,12,2026-08-21T19:52:04Z
MEDP,620.35,2026-08-21T19:58:56Z
MEDS,1.37,2026-08-21T19:47:31Z
MEGI,15.095,2026-08-21T19:59:31Z
MEI,14.22,2026-08-21T19:59:53Z
MELI,1922.09,2026-08-21T19:59:52Z
MEME,8.01,2026-08-21T19:59:51Z
MENS,2.11,2026-08-21T16:42:07Z
MEOH,60.08,2026-08-21T19:59:52Z
MER-K,25.01,2026-08-21T19:51:17Z
MERC,0.4235,2026-08-21T19:59:59Z
MESO,17,2026-08-21T19:58:48Z
MET,94.37,2026-08-21T19:59:57Z
MET-E,21.28,2026-08-21T19:51:24Z
MET-F,17.98,2026-08-21T19:59:58Z
META,549.58,2026-08-21T19:59:55Z
METC,11.925,2026-08-21T19:59:37Z
METCB,6.845,2026-08-21T19:59:36Z
METCI,25.31,2026-08-21T14:54:10Z
METD,17.44,2026-08-21T15:48:23Z
METL,29.07,2026-08-21T16:48:22Z
METQ,26.65,2026-08-21T19:12:44Z
METU,18.31,2026-08-21T19:59:40Z
METV,19.87,2026-08-21T19:59:51Z
MEXX,29.62,2026-08-21T16:31:06Z
MF,17.18,2026-08-21T19:19:34Z
MFA,8.89,2026-08-21T19:59:55Z
MFA-C,23.42,2026-08-21T18:54:22Z
MFC,42.53,2026-08-21T19:59:51Z
MFG,10.27,2026-08-21T19:59:52Z
MFI,9.5,2026-08-21T18:19:46Z
MFIC,9.745,2026-08-21T19:59:56Z
MFICL,25.41,2026-08-21T16:18:28Z
MFIN,11.66,2026-08-21T19:55:00Z
MFLX,16.94,2026-08-21T13:30:00Z
MFM,5.345,2026-08-21T19:48:14Z
MFP,50.735,2026-08-21T19:59:38Z
MFSB,24.625,2026-08-21T19:59:46Z
MFSI,33.78,2026-08-21T19:49:50Z
MFSM,24.71,2026-08-21T17:56:59Z
MFSV,29.72,2026-08-21T19:57:41Z
MG,18.93,2026-08-21T19:59:56Z
MGA,73.04,2026-08-21T19:59:51Z
MGC,280.17,2026-08-21T19:55:14Z
MGEE,78.795,2026-08-21T19:58:36Z
MGF,2.83,2026-08-21T14:32:53Z
MGIH,1.54,2026-08-21T19:58:31Z
MGK,88.905,2026-08-21T19:59:50Z
MGM,43.75,2026-08-21T19:59:56Z
MGN,0.1035,2026-08-21T19:50:29Z
MGNI,23.485,2026-08-21T19:59:53Z
MGNR,55.66,2026-08-21T19:27:53Z
MGNX,4.11,2026-08-21T19:59:54Z
MGPI,18.03,2026-08-21T19:49:27Z
MGR,19.68,2026-08-21T19:05:17Z
MGRC,116.66,2026-08-21T19:55:00Z
MGRE,22.38,2026-08-21T19:01:15Z
MGRT,98.4,2026-08-21T14:44:52Z
MGRX,0.4151,2026-08-21T19:57:34Z
MGTX,14.35,2026-08-21T19:59:59Z
MGV,168.26,2026-08-21T19:58:14Z
MGX,1.235,2026-08-21T19:59:05Z
MGY,28.115,2026-08-21T19:59:59Z
MH,13.31,2026-08-21T19:59:54Z
MHD,11.42,2026-08-21T19:53:12Z
MHK,136.28,2026-08-21T19:59:56Z
MHNC,11.83,2026-08-21T16:01:10Z
MHO,152.22,2026-08-21T19:59:00Z
MI,3.23,2026-08-21T14:45:11Z
MIAX,42.655,2026-08-21T19:59:49Z
MICC,19.97,2026-08-21T19:59:55Z
MIDD,115.48,2026-08-21T19:59:42Z
MILN,46.495,2026-08-21T19:50:10Z
MIN,2.455,2026-08-21T19:33:29Z
MIND,4.49,2026-08-21T19:59:10Z
MINE,3.06,2026-08-21T19:59:51Z
MINO,44.75,2026-08-21T19:31:57Z
MINT,100.725,2026-08-21T19:55:25Z
MIR,14.815,2026-08-21T19:59:54Z
MIRA,0.7391,2026-08-21T14:32:09Z
MIRM,96.255,2026-08-21T19:59:45Z
MISL,45.52,2026-08-21T19:59:46Z
MIST,1.05,2026-08-21T19:59:45Z
MITK,18.55,2026-08-21T19:59:42Z
MITN,25.32,2026-08-21T15:31:12Z
MITQ,0.542,2026-08-21T15:53:12Z
MITT,6.7,2026-08-21T19:59:49Z
MITT-A,22.25,2026-08-21T16:46:30Z
MIY,12.42,2026-08-21T13:56:26Z
MJ,26.305,2026-08-21T19:56:06Z
MJSC,61.5,2026-08-21T16:14:15Z
MKC,55.43,2026-08-21T19:59:50Z
MKC.V,55.44,2026-08-21T14:04:30Z
MKL,1795.78,2026-08-21T19:59:49Z
MKOR,60.29,2026-08-21T17:19:44Z
MKSI,279.02,2026-08-21T19:59:59Z
MKTN,27.12,2026-08-21T18:11:54Z
MKTX,162.12,2026-08-21T19:59:52Z
MLAA,10,2026-08-21T19:06:53Z
MLAB,124.79,2026-08-21T19:58:51Z
MLCI,3.25,2026-08-21T19:59:58Z
MLCIL,22.26,2026-08-21T15:50:24Z
MLCO,5.48,2026-08-21T19:59:56Z
MLGO,4.26,2026-08-21T19:57:43Z
MLI,63.19,2026-08-21T19:59:54Z
MLKN,23.025,2026-08-21T19:59:41Z
MLM,534.85,2026-08-21T19:59:46Z
MLN,17.335,2026-08-21T18:17:45Z
MLPA,56.26,2026-08-21T19:59:46Z
MLPD,25.04,2026-08-21T17:03:26Z
MLPI,53.985,2026-08-21T19:44:50Z
MLPX,74.53,2026-08-21T19:57:59Z
MLR,57.34,2026-08-21T19:43:05Z
MLSS,0.4788,2026-08-21T17:51:54Z
MLTX,15.77,2026-08-21T19:59:55Z
MLYS,25.655,2026-08-21T19:59:55Z
MMA,0.4475,2026-08-21T19:58:28Z
MMD,15.02,2026-08-21T19:47:21Z
MMED,20.475,2026-08-21T19:59:43Z
MMI,32.325,2026-08-21T19:55:00Z
MMIN,23.61,2026-08-21T15:02:41Z
MMIT,23.975,2026-08-21T19:30:11Z
MMLP,2.25,2026-08-21T19:10:00Z
MMM,178.96,2026-08-21T19:59:49Z
MMS,58.22,2026-08-21T19:59:28Z
MMSI,90.755,2026-08-21T19:59:50Z
MMT,4.445,2026-08-21T19:57:57Z
MMTX,10.16,2026-08-21T13:50:06Z
MMU,10.17,2026-08-21T19:25:14Z
MMYT,60.58,2026-08-21T19:57:08Z
MNA,36.875,2026-08-21T19:59:18Z
MNDO,1.005,2026-08-21T19:59:04Z
MNDY,90.74,2026-08-21T19:59:54Z
MNKD,4.15,2026-08-21T19:59:57Z
MNOV,1.39,2026-08-21T16:47:06Z
MNPR,107.9,2026-08-21T19:59:43Z
MNR,12.7,2026-08-21T19:59:43Z
MNRO,12.56,2026-08-21T19:59:55Z
MNRS,34.84,2026-08-21T14:14:59Z
MNSB,24.945,2026-08-21T16:03:30Z
MNSO,11.035,2026-08-21T19:59:59Z
MNST,47.8,2026-08-21T19:59:59Z
MNTK,1.89,2026-08-21T19:58:02Z
MNTN,12.89,2026-08-21T19:59:51Z
MNTS,4.31,2026-08-21T19:59:56Z
MNVT,30.15,2026-08-21T16:43:47Z
MNZL,60.67,2026-08-21T19:19:28Z
MO,66.075,2026-08-21T19:59:57Z
MOAT,114.415,2026-08-21T19:59:55Z
MOB,5.9,2026-08-21T19:59:22Z
MOBBW,2.5,2026-08-21T17:39:10Z
MOBI,10.61,2026-08-21T19:52:30Z
MOBX,1.215,2026-08-21T19:59:38Z
MOD,197.67,2026-08-21T19:59:50Z
MODD,3.51,2026-08-21T19:58:00Z
MOG.A,389.11,2026-08-21T19:59:43Z
MOH,200.415,2026-08-21T19:59:45Z
MOMO,5.76,2026-08-21T19:59:24Z
MOO,85.215,2026-08-21T19:59:51Z
MORN,215.76,2026-08-21T19:59:52Z
MORT,9.9,2026-08-21T19:58:31Z
MOS,24.43,2026-08-21T19:59:59Z
MOTG,41.04,2026-08-21T15:35:14Z
MOTI,37.4,2026-08-21T19:13:30Z
MOV,34.75,2026-08-21T19:59:59Z
MOVE,8.99,2026-08-21T17:25:58Z
MP,60.02,2026-08-21T19:59:51Z
MPAA,11.95,2026-08-21T19:59:31Z
MPB,37.23,2026-08-21T19:59:49Z
MPC,360.595,2026-08-21T19:59:57Z
MPG,6.15,2026-08-21T19:59:50Z
MPIA,24.96,2026-08-21T15:08:14Z
MPL,16.44,2026-08-21T15:45:20Z
MPLT,11.2,2026-08-21T19:59:44Z
MPLX,58.39,2026-08-21T19:59:50Z
MPRO,32.63,2026-08-21T15:01:11Z
MPT,4.115,2026-08-21T19:59:59Z
MPTI,81.85,2026-08-21T18:04:41Z
MPV,16.05,2026-08-21T19:03:47Z
MPWR,1316.7,2026-08-21T19:59:59Z
MQ,16.36,2026-08-21T19:59:52Z
MQY,11.065,2026-08-21T18:53:34Z
MRAL,38.605,2026-08-21T19:54:59Z
MRAM,17.1,2026-08-21T19:59:38Z
MRBK,19.85,2026-08-21T19:59:59Z
MRCP,35.02,2026-08-21T19:19:58Z
MRCY,91.36,2026-08-21T19:59:39Z
MRDN,14.205,2026-08-21T19:55:11Z
MREO,0.2943,2026-08-21T18:48:46Z
MRK,152.56,2026-08-21T19:59:54Z
MRKR,1.4,2026-08-21T18:19:03Z
MRLN,3.28,2026-08-21T19:59:44Z
MRNA,145.1,2026-08-21T19:59:59Z
MRNO,0.2145,2026-08-21T18:17:36Z
MRNX,88.52,2026-08-21T19:42:36Z
MRNY,34.4,2026-08-21T19:59:44Z
MRP,30.4,2026-08-21T19:59:49Z
MRSH,192.12,2026-08-21T19:59:44Z
MRT,2.06,2026-08-21T19:44:48Z
MRTN,14.945,2026-08-21T19:59:54Z
MRVI,8.62,2026-08-21T19:59:59Z
MRVL,237.07,2026-08-21T19:59:58Z
MRVU,125.29,2026-08-21T19:59:33Z
MRVX,26.58,2026-08-21T17:58:32Z
MRX,73.14,2026-08-21T19:59:13Z
MS,214.195,2026-08-21T19:59:56Z
MS-E,25.54,2026-08-21T17:59:42Z
MS-F,25.23,2026-08-21T17:44:16Z
MS-K,22.24,2026-08-21T19:38:10Z
MS-L,18.665,2026-08-21T19:58:52Z
MS-O,16.26,2026-08-21T17:55:15Z
MS-P,24.96,2026-08-21T19:58:04Z
MS-Q,25.46,2026-08-21T19:15:03Z
MSA,189.05,2026-08-21T19:54:00Z
MSB,22.81,2026-08-21T19:55:44Z
MSBI,32.87,2026-08-21T19:59:25Z
MSBT,22.085,2026-08-21T19:59:55Z
MSCI,563.96,2026-08-21T19:59:29Z
MSDL,15.38,2026-08-21T19:59:41Z
MSEX,58.5,2026-08-21T19:48:20Z
MSFD,10.64,2026-08-21T19:59:12Z
MSFL,23.73,2026-08-21T19:59:50Z
MSFO,12.11,2026-08-21T19:59:51Z
MSFT,483.33,2026-08-21T19:59:59Z
MSFU,35.695,2026-08-21T19:59:52Z
MSFX,23.4,2026-08-21T14:38:44Z
MSGE,79.98,2026-08-21T19:59:01Z
MSGM,3.77,2026-08-21T14:04:28Z
MSGS,405.99,2026-08-21T19:59:44Z
MSI,480.42,2026-08-21T19:59:49Z
MSIF,12.765,2026-08-21T19:55:11Z
MSLC,60.655,2026-08-21T19:55:00Z
MSLE,9.94,2026-08-21T19:57:55Z
MSM,119.8,2026-08-21T19:59:50Z
MSMR,34.99,2026-08-21T19:24:53Z
MSN,0.4104,2026-08-21T19:54:52Z
MSOL,24.77,2026-08-21T19:34:15Z
MSOS,4.96,2026-08-21T19:59:59Z
MSOX,3.005,2026-08-21T19:59:59Z
MSS,1.49,2026-08-21T19:59:51Z
MSSE,26.02,2026-08-21T19:38:49Z
MSSM,60.77,2026-08-21T17:17:10Z
MST,11.29,2026-08-21T14:28:55Z
MSTP,19.07,2026-08-21T19:59:50Z
MSTR,119.215,2026-08-21T19:59:59Z
MSTU,2.725,2026-08-21T19:59:59Z
MSTW,4.035,2026-08-21T19:59:28Z
MSTX,12.455,2026-08-21T19:59:45Z
MSTY,14.41,2026-08-21T19:59:27Z
MSTZ,6.475,2026-08-21T19:59:28Z
MT,72.22,2026-08-21T19:59:53Z
MTA,11.14,2026-08-21T19:59:53Z
MTB,240.405,2026-08-21T19:59:52Z
MTB-H,25.235,2026-08-21T14:21:03Z
MTB-L,25.175,2026-08-21T15:58:22Z
MTBA,48.63,2026-08-21T19:31:13Z
MTC,3.29,2026-08-21T19:59:41Z
MTCH,40.94,2026-08-21T19:59:58Z
MTD,1394.56,2026-08-21T19:59:50Z
MTDR,58.39,2026-08-21T19:59:50Z
MTEK,1.15,2026-08-21T16:43:22Z
MTG,30.91,2026-08-21T19:59:54Z
MTH,71.835,2026-08-21T19:59:46Z
MTLS,6.63,2026-08-21T19:59:50Z
MTN,152.83,2026-08-21T19:59:11Z
MTNB,0.1971,2026-08-21T19:59:31Z
MTR,2.675,2026-08-21T18:20:25Z
MTRN,231.735,2026-08-21T19:58:39Z
MTRX,11.065,2026-08-21T19:59:51Z
MTSI,266.62,2026-08-21T19:59:38Z
MTUM,305.24,2026-08-21T19:59:55Z
MTUS,19.58,2026-08-21T19:59:06Z
MTVA,1.47,2026-08-21T17:46:52Z
MTW,19.705,2026-08-21T19:59:54Z
MTX,71.01,2026-08-21T19:53:01Z
MTZ,266.37,2026-08-21T19:59:49Z
MU,966.54,2026-08-21T19:59:59Z
MUA,10.055,2026-08-21T18:25:18Z
MUB,105.345,2026-08-21T19:59:42Z
MUC,10.59,2026-08-21T19:59:58Z
MUD,10.37,2026-08-21T19:58:21Z
MUFG,22.05,2026-08-21T19:59:53Z
MUIB,29.59,2026-08-21T17:06:37Z
MUJ,12.2,2026-08-21T18:48:50Z
MULL,22.01,2026-08-21T19:59:51Z
MUNI,51.71,2026-08-21T19:42:51Z
MUNY,101.63,2026-08-21T15:20:51Z
MUR,37.385,2026-08-21T19:59:47Z
MUSA,567.29,2026-08-21T19:58:35Z
MUSI,43.13,2026-08-21T16:29:36Z
MUST,20.24,2026-08-21T19:59:48Z
MUU,31.605,2026-08-21T19:59:59Z
MUX,20.82,2026-08-21T19:59:50Z
MUZ,9.21,2026-08-21T19:59:50Z
MVBF,30.485,2026-08-21T19:56:07Z
MVFD,31.64,2026-08-21T14:21:06Z
MVFG,35.58,2026-08-21T16:50:13Z
MVIS,1.665,2026-08-21T19:59:59Z
MVLL,30.72,2026-08-21T19:59:56Z
MVRL,13.21,2026-08-21T19:01:34Z
MVST,0.8032,2026-08-21T19:59:56Z
MWA,24.935,2026-08-21T19:59:49Z
MWC,1.54,2026-08-21T19:02:49Z
MWH,28.36,2026-08-21T19:59:59Z
MWYN,1.05,2026-08-21T19:58:30Z
MX,3.32,2026-08-21T19:59:49Z
MXCT,1.38,2026-08-21T19:59:50Z
MXF,22,2026-08-21T18:53:39Z
MXL,66.61,2026-08-21T19:59:55Z
MYCH,24.865,2026-08-21T19:39:34Z
MYCI,24.67,2026-08-21T19:59:51Z
MYCJ,24.45,2026-08-21T19:59:50Z
MYCM,24.2,2026-08-21T14:15:00Z
MYE,33.59,2026-08-21T19:59:26Z
MYFW,30.905,2026-08-21T19:52:59Z
MYGN,3.19,2026-08-21T19:59:56Z
MYI,10.705,2026-08-21T19:57:46Z
MYN,9.69,2026-08-21T19:57:37Z
MYND,0.5066,2026-08-21T19:40:22Z
MYO,1.74,2026-08-21T19:59:53Z
MYPS,0.5227,2026-08-21T19:01:20Z
MYRG,311.195,2026-08-21T19:59:41Z
MYSE,2.77,2026-08-21T19:36:14Z
MZTI,111.4,2026-08-21T19:57:55Z
MZYX,9.99,2026-08-21T18:33:33Z
MZYX+,0.5421,2026-08-21T18:33:52Z
NA,1.94,2026-08-21T19:33:18Z
NABL,3.625,2026-08-21T19:59:49Z
NAC,11.71,2026-08-21T19:58:23Z
NAD,11.67,2026-08-21T19:59:51Z
NAGE,3.21,2026-08-21T19:59:55Z
NAII,2.26,2026-08-21T15:05:19Z
NAIL,39.65,2026-08-21T19:59:54Z
NAK,1.745,2026-08-21T19:59:46Z
NAKA,7.07,2026-08-21T19:59:30Z
NAMM,1.51,2026-08-21T19:59:57Z
NAMS,27.88,2026-08-21T19:59:51Z
NAN,11.01,2026-08-21T19:52:50Z
NANC,51.26,2026-08-21T13:38:31Z
NANR,91.275,2026-08-21T19:58:49Z
NAPR,59.93,2026-08-21T18:06:20Z
NASA,24.645,2026-08-21T19:59:58Z
NAT,6.975,2026-08-21T19:59:55Z
NATL,46.41,2026-08-21T19:59:49Z
NATR,14.34,2026-08-21T19:59:29Z
NAUG,32.65,2026-08-21T19:46:46Z
NAUT,0.9534,2026-08-21T19:59:46Z
NAVI,9.44,2026-08-21T19:59:55Z
NAVN,29.15,2026-08-21T19:59:55Z
NAZ,12.32,2026-08-21T19:29:30Z
NB,4.64,2026-08-21T19:59:58Z
NBB,15.38,2026-08-21T14:35:15Z
NBBK,21.93,2026-08-21T19:56:27Z
NBCM,30.66,2026-08-21T19:29:16Z
NBCR,34.42,2026-08-21T18:49:47Z
NBH,10.235,2026-08-21T18:29:13Z
NBHC,41.8,2026-08-21T19:59:46Z
NBIG,16.615,2026-08-21T19:56:18Z
NBIL,24.52,2026-08-21T19:54:50Z
NBIS,219.01,2026-08-21T19:59:55Z
NBIX,152.52,2026-08-21T19:59:56Z
NBIZ,6.78,2026-08-21T19:56:18Z
NBN,130.45,2026-08-21T19:54:00Z
NBOS,28.47,2026-08-21T18:33:33Z
NBP,1.995,2026-08-21T19:59:59Z
NBR,92.26,2026-08-21T19:59:47Z
NBSD,50.65,2026-08-21T16:51:47Z
NBSM,29.44,2026-08-21T19:51:03Z
NBTB,52.13,2026-08-21T19:58:56Z
NBTX,43.845,2026-08-21T19:50:32Z
NBXG,15.14,2026-08-21T19:24:34Z
NC,40.75,2026-08-21T19:10:32Z
NCA,9.135,2026-08-21T17:19:49Z
NCDL,12.34,2026-08-21T19:59:58Z
NCI,12.995,2026-08-21T19:59:51Z
NCIQ,19.32,2026-08-21T19:59:49Z
NCLD,23.22,2026-08-21T19:59:32Z
NCLH,17.24,2026-08-21T19:59:58Z
NCLO,25.02,2026-08-21T14:15:00Z
NCMI,2.54,2026-08-21T19:59:59Z
NCNA,1.53,2026-08-21T19:59:16Z
NCNO,20.6,2026-08-21T19:59:51Z
NCO,9.88,2026-08-21T19:45:04Z
NCOOU,10.1,2026-08-21T13:33:35Z
NCRA,1.9,2026-08-21T15:52:15Z
NCT,4.175,2026-08-21T19:58:00Z
NCTY,5.66,2026-08-21T19:58:05Z
NCV,16.69,2026-08-21T19:53:37Z
NCV-A,20.12,2026-08-21T17:43:07Z
NCZ,15.5,2026-08-21T19:59:27Z
NCZ-A,19.56,2026-08-21T17:23:42Z
NDAQ,98.21,2026-08-21T19:59:52Z
NDIV,35.94,2026-08-21T16:45:30Z
NDLS,15.16,2026-08-21T15:59:32Z
NDMO,9.94,2026-08-21T19:59:49Z
NDSN,332.36,2026-08-21T19:59:55Z
NE,46.3,2026-08-21T19:59:54Z
NEA,11.19,2026-08-21T19:52:50Z
NEAR,50.55,2026-08-21T19:58:09Z
NEBX,24.71,2026-08-21T19:58:07Z
NECB,26.02,2026-08-21T19:53:00Z
NEE,83.64,2026-08-21T19:59:55Z
NEE-N,20.8,2026-08-21T19:46:10Z
NEE-T,47.99,2026-08-21T17:57:48Z
NEE-U,23.36,2026-08-21T19:30:40Z
NEE-V,45.57,2026-08-21T19:14:34Z
NEE-W,23.15,2026-08-21T19:54:37Z
NEGG,19.645,2026-08-21T16:23:00Z
NEHI,31.63,2026-08-21T18:39:57Z
NEM,131.57,2026-08-21T19:59:59Z
NEMG,25.405,2026-08-21T14:07:40Z
NEO,16.985,2026-08-21T19:59:55Z
NEOG,11.95,2026-08-21T19:59:59Z
NEON,0.9169,2026-08-21T19:41:04Z
NEOV,3.335,2026-08-21T19:58:08Z
NEPH,4.13,2026-08-21T17:06:50Z
NERV,4.83,2026-08-21T19:59:56Z
NESR,33.04,2026-08-21T19:59:56Z
NET,293.02,2026-08-21T19:59:50Z
NETG,17.655,2026-08-21T17:46:57Z
NEU,944.42,2026-08-21T19:44:22Z
NEUP,3.95,2026-08-21T17:09:05Z
NEWP,6.625,2026-08-21T19:59:56Z
NEWT,12.53,2026-08-21T19:59:50Z
NEXA,15.39,2026-08-21T19:59:55Z
NEXM,2.48,2026-08-21T16:52:18Z
NEXN,10.285,2026-08-21T19:59:55Z
NEXT,7.13,2026-08-21T19:59:57Z
NFE,0.275,2026-08-21T19:59:30Z
NFG,82.465,2026-08-21T19:59:49Z
NFGC,1.835,2026-08-21T19:55:41Z
NFJ,15.63,2026-08-21T19:59:53Z
NFLT,22.73,2026-08-21T19:32:20Z
NFLU,19.71,2026-08-21T19:58:29Z
NFLX,79.62,2026-08-21T19:59:59Z
NFLY,7.865,2026-08-21T15:32:41Z
NFRA,66.145,2026-08-21T17:41:46Z
NFTY,54.03,2026-08-21T18:05:28Z
NFXL,18.69,2026-08-21T19:59:33Z
NG,8.73,2026-08-21T19:59:58Z
NGEN,1.85,2026-08-21T19:59:58Z
NGG,79.745,2026-08-21T19:59:55Z
NGL,16.81,2026-08-21T19:59:43Z
NGNE,38.615,2026-08-21T19:59:42Z
NGS,35.49,2026-08-21T19:50:58Z
NGVC,27.62,2026-08-21T19:59:47Z
NGVT,70.295,2026-08-21T19:59:14Z
NHC,233.17,2026-08-21T19:41:57Z
NHI,73.45,2026-08-21T19:59:25Z
NHIC,10.62,2026-08-21T16:50:14Z
NHP,16.95,2026-08-21T19:59:41Z
NHS,5.95,2026-08-21T19:59:05Z
NHYM,24.645,2026-08-21T14:02:38Z
NI,40.63,2026-08-21T19:59:59Z
NIC,173.29,2026-08-21T19:59:32Z
NICE,100.22,2026-08-21T19:59:34Z
NIE,26.17,2026-08-21T19:52:47Z
NIHI,52.86,2026-08-21T19:00:36Z
NIKL,15.075,2026-08-21T19:59:04Z
NIM,9.28,2026-08-21T19:22:10Z
NINE,11.53,2026-08-21T19:58:10Z
NIO,4.63,2026-08-21T19:59:55Z
NIPG,15.7,2026-08-21T16:39:34Z
NIQ,18.79,2026-08-21T19:59:47Z
NIU,1.95,2026-08-21T19:58:22Z
NIVF,0.5749,2026-08-21T19:44:49Z
NIXT,34.89,2026-08-21T15:52:06Z
NIXX,0.674,2026-08-21T19:58:53Z
NJNK,20.08,2026-08-21T17:06:43Z
NJR,53.515,2026-08-21T19:59:43Z
NJUN,32.66,2026-08-21T19:16:29Z
NKE,40.75,2026-08-21T19:59:56Z
NKLR,6.13,2026-08-21T19:59:04Z
NKSH,41.12,2026-08-21T18:03:58Z
NKTR,74.04,2026-08-21T19:59:54Z
NKTX,2.66,2026-08-21T19:59:56Z
NKX,12.16,2026-08-21T19:59:55Z
NL,6.495,2026-08-21T19:59:06Z
NLOP,11.62,2026-08-21T19:59:50Z
NLR,119.75,2026-08-21T19:59:08Z
NLY,23.155,2026-08-21T19:59:51Z
NLY-G,25.52,2026-08-21T17:24:09Z
NLY-I,25.445,2026-08-21T19:49:16Z
NLY-J,26.21,2026-08-21T18:20:25Z
NMAD,4.3,2026-08-21T19:59:36Z
NMAI,14.26,2026-08-21T19:58:00Z
NMAR,32.52,2026-08-21T19:19:58Z
NMAX,10.765,2026-08-21T19:59:50Z
NMCO,10.4,2026-08-21T19:58:02Z
NMFC,7.55,2026-08-21T19:59:57Z
NMFCZ,25.22,2026-08-21T15:36:34Z
NMG,1.495,2026-08-21T19:59:55Z
NMI,10.53,2026-08-21T14:57:26Z
NMIH,45.18,2026-08-21T19:59:35Z
NML,10.55,2026-08-21T19:38:57Z
NMM,88.66,2026-08-21T19:55:07Z
NMR,9.73,2026-08-21T19:59:59Z
NMRA,1.62,2026-08-21T19:59:36Z
NMRK,16.22,2026-08-21T19:59:55Z
NMS,11.04,2026-08-21T19:59:20Z
NMTC,2.09,2026-08-21T19:40:42Z
NMZ,10.05,2026-08-21T19:57:41Z
NN,17.545,2026-08-21T19:59:50Z
NNBR,3.78,2026-08-21T19:59:56Z
NNDM,1.53,2026-08-21T19:59:58Z
NNE,18.84,2026-08-21T19:59:51Z
NNI,126.83,2026-08-21T19:59:21Z
NNN,45.82,2026-08-21T19:59:59Z
NNNN,6.97,2026-08-21T19:59:16Z
NNOX,0.8655,2026-08-21T19:57:23Z
NNVC,1.325,2026-08-21T19:59:48Z
NNY,8.15,2026-08-21T17:05:37Z
NOA,14.025,2026-08-21T19:58:45Z
NOAH,8.8,2026-08-21T19:59:59Z
NOBL,58.745,2026-08-21T19:59:57Z
NOC,551.11,2026-08-21T19:59:55Z
NOCT,63.53,2026-08-21T18:14:05Z
NODE,39.03,2026-08-21T15:49:11Z
NODK,15.32,2026-08-21T19:50:12Z
NOG,27.35,2026-08-21T19:59:54Z
NOK,10.21,2026-08-21T19:59:59Z
NOMD,11.81,2026-08-21T19:59:59Z
NORW,37.28,2026-08-21T18:13:50Z
NOV,20.405,2026-08-21T19:59:58Z
NOVP,33.28,2026-08-21T18:59:39Z
NOVT,145.32,2026-08-21T19:58:32Z
NOW,128.52,2026-08-21T19:59:57Z
NOWL,6.815,2026-08-21T19:59:47Z
NP,33.38,2026-08-21T19:59:50Z
NPB,17.21,2026-08-21T19:59:50Z
NPCE,14.04,2026-08-21T19:59:41Z
NPCT,9.69,2026-08-21T19:59:40Z
NPFD,18.72,2026-08-21T19:30:30Z
NPFE,28.71,2026-08-21T15:27:41Z
NPFI,25.86,2026-08-21T16:42:10Z
NPK,149.87,2026-08-21T19:59:49Z
NPKI,13.67,2026-08-21T19:59:49Z
NPO,312.935,2026-08-21T19:59:50Z
NPV,10.51,2026-08-21T15:45:52Z
NPWR,1.705,2026-08-21T19:59:57Z
NPWR+,0.27,2026-08-21T17:27:37Z
NRC,22.15,2026-08-21T19:56:15Z
NRDS,9.875,2026-08-21T19:59:31Z
NRDY,10.495,2026-08-21T19:57:22Z
NREF,17.075,2026-08-21T19:58:08Z
NRG,113.17,2026-08-21T19:59:53Z
NRGD,14.14,2026-08-21T19:59:57Z
NRGU,56.55,2026-08-21T19:50:37Z
NRGV,3.8,2026-08-21T19:59:52Z
NRIM,25.78,2026-08-21T19:59:53Z
NRIX,26.72,2026-08-21T19:59:34Z
NRK,10.12,2026-08-21T19:45:57Z
NRO,2.945,2026-08-21T19:59:12Z
NRP,105.375,2026-08-21T18:32:35Z
NRSN,0.371,2026-08-21T17:58:47Z
NRT,8.64,2026-08-21T17:36:25Z
NRUC,21.36,2026-08-21T15:57:08Z
NRXP,3.53,2026-08-21T19:59:53Z
NRXS,6.17,2026-08-21T19:47:54Z
NSC,350.84,2026-08-21T19:59:56Z
NSEP,31.68,2026-08-21T16:51:56Z
NSIT,147.83,2026-08-21T19:51:38Z
NSLR,9.98,2026-08-21T19:59:35Z
NSP,52.69,2026-08-21T19:59:17Z
NSRX,3.98,2026-08-21T19:29:54Z
NSSC,38.08,2026-08-21T19:59:49Z
NTAP,192.29,2026-08-21T19:59:59Z
NTB,58.54,2026-08-21T19:56:56Z
NTCT,38.51,2026-08-21T19:59:34Z
NTES,128.155,2026-08-21T19:59:51Z
NTGR,21.02,2026-08-21T19:59:50Z
NTHI,4.68,2026-08-21T19:58:48Z
NTIP,1.555,2026-08-21T19:58:55Z
NTLA,12.83,2026-08-21T19:59:55Z
NTNX,67.58,2026-08-21T19:59:54Z
NTR,75.31,2026-08-21T19:59:50Z
NTRA,331.83,2026-08-21T19:59:45Z
NTRB,4.75,2026-08-21T19:57:32Z
NTRP,1.29,2026-08-21T16:50:29Z
NTRS,184.015,2026-08-21T19:59:53Z
NTRSO,18.515,2026-08-21T18:23:53Z
NTSD,48.115,2026-08-21T16:26:21Z
NTSK,14.515,2026-08-21T19:59:55Z
NTST,20.335,2026-08-21T19:59:43Z
NTSX,60.02,2026-08-21T15:43:08Z
NTWO,11.45,2026-08-21T19:59:23Z
NTWOW,1.465,2026-08-21T15:22:23Z
NTZ,1.26,2026-08-21T14:20:47Z
NU,14.58,2026-08-21T19:59:53Z
NUAI,4.855,2026-08-21T19:59:55Z
NUBD,21.75,2026-08-21T18:50:13Z
NUCL,7.26,2026-08-21T19:59:26Z
NUCLW,0.908,2026-08-21T19:53:55Z
NUE,243.61,2026-08-21T19:59:56Z
NUGT,207.595,2026-08-21T19:55:21Z
NUKZ,66.06,2026-08-21T19:54:59Z
NULG,114.57,2026-08-21T19:55:00Z
NULV,53.36,2026-08-21T14:57:54Z
NUMG,48.52,2026-08-21T17:04:52Z
NUR,2.6,2026-08-21T17:20:38Z
NUS,4.73,2026-08-21T19:59:55Z
NUSA,23.06,2026-08-21T19:30:32Z
NUTX,185.2,2026-08-21T19:56:17Z
NUV,8.97,2026-08-21T19:59:49Z
NUVB,6.93,2026-08-21T19:59:57Z
NUW,13.91,2026-08-21T19:59:56Z
NUWE,1.165,2026-08-21T19:59:42Z
NVA,5.36,2026-08-21T19:59:50Z
NVAX,8.96,2026-08-21T19:59:55Z
NVCR,17.09,2026-08-21T19:59:54Z
NVCT,23.48,2026-08-21T19:59:28Z
NVD,4.305,2026-08-21T19:59:57Z
NVDA,214.74,2026-08-21T19:59:57Z
NVDD,31.385,2026-08-21T19:50:00Z
NVDL,33.29,2026-08-21T19:59:58Z
NVDQ,9.76,2026-08-21T19:59:49Z
NVDS,19.92,2026-08-21T19:59:53Z
NVDU,132.49,2026-08-21T19:59:57Z
NVDW,36.35,2026-08-21T17:17:24Z
NVDX,18.79,2026-08-21T19:59:46Z
NVDY,12.47,2026-08-21T19:59:51Z
NVEC,110.04,2026-08-21T19:55:20Z
NVG,12.215,2026-08-21T19:52:01Z
NVGS,22.17,2026-08-21T19:59:27Z
NVII,24.03,2026-08-21T19:30:17Z
NVMI,376.73,2026-08-21T19:59:27Z
NVO,46.73,2026-08-21T19:59:58Z
NVOX,14.835,2026-08-21T19:59:45Z
NVR,6373.56,2026-08-21T19:56:37Z
NVRI,20.76,2026-08-21T19:59:22Z
NVS,158.87,2026-08-21T19:59:52Z
NVST,27.19,2026-08-21T19:59:54Z
NVT,151.95,2026-08-21T19:59:53Z
NVTC,15.44,2026-08-21T19:11:09Z
NVTS,12.955,2026-08-21T19:59:56Z
NVTX,20.91,2026-08-21T19:51:15Z
NVX,0.4044,2026-08-21T17:15:09Z
NVYY,11.9,2026-08-21T17:46:53Z
NWBI,15.415,2026-08-21T19:59:59Z
NWE,69.48,2026-08-21T19:59:44Z
NWFL,33.745,2026-08-21T19:59:32Z
NWG,18.615,2026-08-21T19:59:51Z
NWGL,0.5701,2026-08-21T18:42:42Z
NWL,6.095,2026-08-21T19:59:59Z
NWN,49.455,2026-08-21T19:59:40Z
NWPX,109.5,2026-08-21T19:51:20Z
NWS,34.54,2026-08-21T19:59:58Z
NWSA,30.38,2026-08-21T19:59:57Z
NWTG,1.375,2026-08-21T19:59:59Z
NX,20.3,2026-08-21T19:59:22Z
NXDR,2.395,2026-08-21T19:59:59Z
NXDT,5.55,2026-08-21T19:59:44Z
NXE,10.845,2026-08-21T19:59:58Z
NXG,56.185,2026-08-21T17:23:52Z
NXGL,0.3471,2026-08-21T18:26:57Z
NXH,4.13,2026-08-21T19:59:56Z
NXP,14.19,2026-08-21T19:09:38Z
NXPI,225.5,2026-08-21T19:59:55Z
NXPL,9.01,2026-08-21T19:55:33Z
NXRT,24.45,2026-08-21T19:58:20Z
NXST,185.94,2026-08-21T19:59:55Z
NXT,86.195,2026-08-21T19:59:56Z
NXTC,6.35,2026-08-21T19:57:58Z
NXTE,49.36,2026-08-21T16:40:51Z
NXTT,7.59,2026-08-21T19:53:43Z
NXXT,0.2372,2026-08-21T19:55:50Z
NYF,52.785,2026-08-21T19:03:56Z
NYT,65.715,2026-08-21T19:59:52Z
NYXH,1.6,2026-08-21T19:59:59Z
NZAC,47.14,2026-08-21T19:13:30Z
NZF,12.21,2026-08-21T19:57:09Z
O,62.59,2026-08-21T19:59:59Z
OABI,4.325,2026-08-21T19:59:59Z
OAIM,48.175,2026-08-21T18:22:22Z
OAKI,27.47,2026-08-21T19:45:57Z
OAKM,31.535,2026-08-21T19:18:34Z
OARK,30.13,2026-08-21T18:55:56Z
OBAI,0.3557,2026-08-21T19:56:09Z
OBDC,11.29,2026-08-21T19:59:55Z
OBE,11.95,2026-08-21T19:59:53Z
OBIL,50.125,2026-08-21T17:33:29Z
OBIO,5.38,2026-08-21T19:59:37Z
OBK,52.88,2026-08-21T19:59:48Z
OBND,25.38,2026-08-21T15:49:22Z
OBTC,24.82,2026-08-21T18:23:46Z
OBX,19.96,2026-08-21T19:59:27Z
OC,148,2026-08-21T19:59:52Z
OCAC,9.95,2026-08-21T17:42:46Z
OCAC^,0.29,2026-08-21T13:56:03Z
OCC,13.905,2026-08-21T19:58:45Z
OCCI,2.615,2026-08-21T19:59:51Z
OCCIN,24.94,2026-08-21T17:22:41Z
OCFC,19.07,2026-08-21T19:59:57Z
OCG,1.845,2026-08-21T19:57:30Z
OCGN,1.4,2026-08-21T19:59:58Z
OCLTU,9.99,2026-08-21T19:44:55Z
OCS,13.15,2026-08-21T19:59:48Z
OCSAW,4.76,2026-08-21T17:07:48Z
OCSL,13.005,2026-08-21T19:59:57Z
OCTV,18.135,2026-08-21T19:59:56Z
OCTW,41.61,2026-08-21T16:56:04Z
OCUL,11.07,2026-08-21T19:59:55Z
ODC,90.34,2026-08-21T18:47:39Z
ODD,13.225,2026-08-21T19:59:55Z
ODFL,206.49,2026-08-21T19:59:54Z
ODTX,26.325,2026-08-21T19:57:25Z
OEC,6.11,2026-08-21T19:59:40Z
OEF,377.675,2026-08-21T19:59:52Z
OESX,19.75,2026-08-21T19:20:00Z
OFAL,0.7598,2026-08-21T19:30:56Z
OFG,52.27,2026-08-21T19:59:42Z
OFIX,10.01,2026-08-21T19:59:49Z
OFLX,27.82,2026-08-21T15:46:31Z
OFRM,17.32,2026-08-21T19:59:49Z
OFS,3.57,2026-08-21T18:22:45Z
OGC,31.025,2026-08-21T19:58:30Z
OGCP,4.55,2026-08-21T16:13:07Z
OGE,45.61,2026-08-21T19:59:51Z
OGEN,0.5392,2026-08-21T15:33:54Z
OGG,3.055,2026-08-21T19:59:57Z
OGI,1.245,2026-08-21T19:59:45Z
OGIG,50.34,2026-08-21T16:21:06Z
OGN,13.76,2026-08-21T19:59:57Z
OGS,78.97,2026-08-21T19:59:20Z
OHI,46.6,2026-08-21T19:59:51Z
OI,7.17,2026-08-21T19:59:56Z
OIA,5.98,2026-08-21T19:06:06Z
OIH,415.32,2026-08-21T19:59:42Z
OII,52.995,2026-08-21T19:59:28Z
OILD,28.54,2026-08-21T15:38:16Z
OILK,54.76,2026-08-21T16:21:21Z
OILT,32.93,2026-08-21T13:47:46Z
OILU,54.06,2026-08-21T17:28:35Z
OIM,10.12,2026-08-21T19:16:05Z
OIS,8.66,2026-08-21T19:59:50Z
OKE,93.37,2026-08-21T19:59:40Z
OKLL,2.74,2026-08-21T19:46:50Z
OKLO,42.09,2026-08-21T19:59:55Z
OKLS,26.5,2026-08-21T18:35:57Z
OKTA,135.16,2026-08-21T19:59:55Z
OKUR,3.925,2026-08-21T19:59:50Z
OKYO,1.55,2026-08-21T19:59:56Z
OLB,0.2902,2026-08-21T14:40:14Z
OLED,85.83,2026-08-21T19:59:57Z
OLLI,76.15,2026-08-21T19:59:46Z
OLMA,10.69,2026-08-21T19:59:55Z
OLN,18.395,2026-08-21T19:59:49Z
OLOX,2.12,2026-08-21T19:30:13Z
OLP,24.25,2026-08-21T17:19:26Z
OM,4.18,2026-08-21T19:59:10Z
OMAB,102.865,2026-08-21T19:59:16Z
OMAH,18.5,2026-08-21T19:59:51Z
OMC,87.565,2026-08-21T19:59:49Z
OMCL,35.545,2026-08-21T19:59:45Z
OMDA,23.87,2026-08-21T19:59:50Z
OMER,19.26,2026-08-21T19:59:50Z
OMEX,0.9271,2026-08-21T19:57:54Z
OMF,63.23,2026-08-21T19:59:49Z
OMFL,70.68,2026-08-21T19:59:51Z
OMH,0.0953,2026-08-21T19:56:46Z
ON,74.23,2026-08-21T19:59:57Z
ONB,25.815,2026-08-21T19:59:59Z
ONC,374.79,2026-08-21T19:59:59Z
ONCO,0.6491,2026-08-21T19:59:16Z
ONCY,0.8445,2026-08-21T19:59:54Z
ONDG,3.205,2026-08-21T19:57:00Z
ONDL,8.09,2026-08-21T19:57:54Z
ONDS,8.7,2026-08-21T19:59:55Z
ONDU,5.12,2026-08-21T19:59:50Z
ONEG,1.035,2026-08-21T17:28:26Z
ONEQ,103.315,2026-08-21T19:50:13Z
ONEW,11.98,2026-08-21T19:59:15Z
ONEZ,28.03,2026-08-21T14:28:46Z
ONFO,1.475,2026-08-21T14:10:05Z
ONG,4.4,2026-08-21T19:59:51Z
ONIT,36.14,2026-08-21T19:59:02Z
ONL,2.85,2026-08-21T19:57:50Z
ONMD,0.5984,2026-08-21T17:08:55Z
ONON,30.03,2026-08-21T19:59:55Z
ONT,15.93,2026-08-21T19:59:41Z
ONTO,293.24,2026-08-21T19:59:44Z
ONTX,17,2026-08-21T14:13:15Z
ONX,6.94,2026-08-21T19:59:50Z
OOMA,21.96,2026-08-21T19:59:48Z
OPAL,2.14,2026-08-21T19:57:40Z
OPBK,15.32,2026-08-21T19:56:50Z
OPCH,23.7,2026-08-21T19:59:58Z
OPEN,3.525,2026-08-21T19:59:58Z
OPENL,0.125,2026-08-21T19:49:17Z
OPFI,6.99,2026-08-21T19:59:42Z
OPHC,9.415,2026-08-21T19:23:15Z
OPI,18.37,2026-08-21T17:08:52Z
OPK,1.48,2026-08-21T19:59:56Z
OPLN,33.39,2026-08-21T19:59:52Z
OPP,7.475,2026-08-21T18:33:28Z
OPRA,18.96,2026-08-21T19:59:56Z
OPRT,7.465,2026-08-21T19:56:23Z
OPRX,7.74,2026-08-21T19:59:48Z
OPTH,5.05,2026-08-21T17:44:04Z
OPTT,0.1903,2026-08-21T19:59:56Z
OPTU,0.8498,2026-08-21T19:59:45Z
OPTX,8.54,2026-08-21T19:59:35Z
OPXS,11.13,2026-08-21T19:44:42Z
OPY,115.72,2026-08-21T19:30:12Z
OR,36.07,2026-08-21T19:59:50Z
ORA,108.6,2026-08-21T19:58:50Z
ORBS,0.8771,2026-08-21T19:59:30Z
ORC,6.7,2026-08-21T19:59:54Z
ORCL,146.47,2026-08-21T19:59:56Z
ORCL-D,46.12,2026-08-21T16:14:33Z
ORCU,7.795,2026-08-21T19:59:40Z
ORCX,21.865,2026-08-21T19:55:44Z
ORCZ,16.7,2026-08-21T19:53:46Z
ORGO,1.8,2026-08-21T19:59:55Z
ORI,41.58,2026-08-21T19:59:57Z
ORIC,14.22,2026-08-21T19:59:53Z
ORIO,0.9199,2026-08-21T19:05:31Z
ORKA,107.99,2026-08-21T19:59:10Z
ORLY,89.095,2026-08-21T19:59:54Z
ORMP,4.78,2026-08-21T19:56:05Z
ORN,9.24,2026-08-21T19:59:35Z
ORRF,42.07,2026-08-21T19:56:26Z
OSBC,25.35,2026-08-21T19:59:46Z
OSCR,32.06,2026-08-21T19:59:58Z
OSCV,42.305,2026-08-21T19:26:21Z
OSEA,30.995,2026-08-21T15:24:27Z
OSG,4.56,2026-08-21T19:59:50Z
OSIS,207.24,2026-08-21T19:59:21Z
OSK,156.98,2026-08-21T19:58:05Z
OSPN,15.73,2026-08-21T19:59:50Z
OSPR,9.9,2026-08-21T19:52:50Z
OSRH,0.2716,2026-08-21T19:59:51Z
OSS,11.41,2026-08-21T19:59:49Z
OSSL,6.69,2026-08-21T13:41:09Z
OSTX,1.59,2026-08-21T19:59:55Z
OSUR,3.88,2026-08-21T19:59:56Z
OSW,26.65,2026-08-21T19:59:55Z
OTEX,24.655,2026-08-21T19:59:50Z
OTF,10.96,2026-08-21T19:59:55Z
OTIS,71.51,2026-08-21T19:59:55Z
OTLK,0.6472,2026-08-21T19:59:52Z
OTLY,14.51,2026-08-21T19:59:56Z
OTTR,90.88,2026-08-21T19:59:14Z
OUNZ,44.37,2026-08-21T19:59:25Z
OUSM,49.89,2026-08-21T19:59:51Z
OUST,38.42,2026-08-21T19:59:58Z
OUT,29.82,2026-08-21T19:59:51Z
OVBC,45.51,2026-08-21T13:44:18Z
OVF,32.3,2026-08-21T19:39:34Z
OVID,2.8,2026-08-21T19:59:56Z
OVL,57.47,2026-08-21T19:34:57Z
OVLY,34.44,2026-08-21T19:35:35Z
OVS,41.8,2026-08-21T13:35:24Z
OVT,21.76,2026-08-21T13:32:07Z
OVV,66.83,2026-08-21T19:59:53Z
OWL,11.68,2026-08-21T19:59:58Z
OWLS,5.6,2026-08-21T18:48:38Z
OWLT,5.19,2026-08-21T19:59:47Z
OXLC,9.285,2026-08-21T19:59:53Z
OXM,36.24,2026-08-21T19:57:00Z
OXSQ,1.4,2026-08-21T19:59:58Z
OXY,61.29,2026-08-21T19:59:57Z
OZEM,34.11,2026-08-21T14:10:31Z
OZK,49.41,2026-08-21T19:59:53Z
P,108.48,2026-08-21T19:59:50Z
PAA,24.63,2026-08-21T19:59:44Z
PAAA,51.46,2026-08-21T19:59:54Z
PAAS,53.09,2026-08-21T19:59:55Z
PAB,41.61,2026-08-21T19:21:59Z
PAC,212.28,2026-08-21T19:50:06Z
PACB,1.375,2026-08-21T19:59:59Z
PACK,5.075,2026-08-21T19:59:52Z
PACS,44.28,2026-08-21T19:59:57Z
PAG,216.8,2026-08-21T19:58:16Z
PAGP,26.83,2026-08-21T19:59:58Z
PAGS,8.625,2026-08-21T19:59:55Z
PAHC,36.33,2026-08-21T19:59:46Z
PAI,11.93,2026-08-21T16:17:11Z
PAL,5.325,2026-08-21T19:59:45Z
PALD,10.95,2026-08-21T19:59:51Z
PALI,2.11,2026-08-21T19:59:55Z
PALL,24.46,2026-08-21T19:58:41Z
PALU,54.195,2026-08-21T19:59:34Z
PAM,79.52,2026-08-21T19:58:06Z
PANL,8.125,2026-08-21T19:59:32Z
PANW,357.9,2026-08-21T19:59:58Z
PAPI,28.26,2026-08-21T18:55:21Z
PAPL,1.155,2026-08-21T19:26:10Z
PAPR,42.88,2026-08-21T18:06:21Z
PAR,19.53,2026-08-21T19:59:53Z
PARA,1.295,2026-08-21T19:58:12Z
PARK,21.02,2026-08-21T19:56:32Z
PARR,78.995,2026-08-21T19:59:44Z
PASG,4.51,2026-08-21T18:51:13Z
PATH,16.39,2026-08-21T19:59:56Z
PATK,83.475,2026-08-21T19:58:25Z
PATN,35.92,2026-08-21T18:20:50Z
PATX,15.44,2026-08-21T13:45:37Z
PAUG,46.63,2026-08-21T19:49:47Z
PAVE,56.395,2026-08-21T19:59:57Z
PAVM,5.15,2026-08-21T18:05:39Z
PAX,11.465,2026-08-21T19:59:51Z
PAXS,14.08,2026-08-21T19:30:37Z
PAY,39.925,2026-08-21T19:59:49Z
PAYC,229.24,2026-08-21T19:59:52Z
PAYM,25.52,2026-08-21T18:00:22Z
PAYO,7.1,2026-08-21T19:59:56Z
PAYP,15.42,2026-08-21T19:59:54Z
PAYR,56.53,2026-08-21T14:00:34Z
PAYS,14.08,2026-08-21T19:59:42Z
PAYX,124.515,2026-08-21T19:59:54Z
PB,72.79,2026-08-21T19:59:49Z
PBA,48.71,2026-08-21T19:59:45Z
PBAM,87.875,2026-08-21T18:57:46Z
PBD,18.02,2026-08-21T17:23:56Z
PBEU,35.655,2026-08-21T19:38:15Z
PBF,73.53,2026-08-21T19:59:51Z
PBFR,31.1,2026-08-21T19:44:42Z
PBFS,17.55,2026-08-21T15:01:55Z
PBH,51.28,2026-08-21T19:59:00Z
PBI,16.47,2026-08-21T19:59:50Z
PBJL,31.78,2026-08-21T19:31:51Z
PBK,0.4663,2026-08-21T19:32:39Z
PBL,33.7,2026-08-21T16:53:19Z
PBLS,39.42,2026-08-21T19:58:03Z
PBM,4.41,2026-08-21T19:35:16Z
PBMR,32.56,2026-08-21T19:22:50Z
PBOC,31.14,2026-08-21T19:59:45Z
PBOG,35.93,2026-08-21T19:59:46Z
PBP,23.38,2026-08-21T19:59:45Z
PBPH,29.57,2026-08-21T19:38:15Z
PBR,19.15,2026-08-21T19:59:56Z
PBR.A,17.21,2026-08-21T19:59:59Z
PBSE,31.26,2026-08-21T19:19:58Z
PBT,34.18,2026-08-21T19:59:47Z
PBTP,25.755,2026-08-21T15:59:16Z
PBUS,76.85,2026-08-21T19:21:22Z
PBW,33.325,2026-08-21T19:59:47Z
PBYI,9.24,2026-08-21T19:59:35Z
PCAR,131.075,2026-08-21T19:59:59Z
PCB,27.73,2026-08-21T18:16:05Z
PCEB,24.93,2026-08-21T15:48:19Z
PCEF,20.36,2026-08-21T16:14:16Z
PCG,17.61,2026-08-21T19:59:51Z
PCG-X,42.31,2026-08-21T19:50:22Z
PCLA,7.365,2026-08-21T19:58:00Z
PCLO,24.86,2026-08-21T19:59:46Z
PCM,5.43,2026-08-21T18:31:22Z
PCN,11.63,2026-08-21T19:57:29Z
PCOR,63.475,2026-08-21T19:59:57Z
PCPP,27.46,2026-08-21T16:47:27Z
PCQ,8.735,2026-08-21T19:52:50Z
PCR,19.64,2026-08-21T18:28:40Z
PCRX,24.66,2026-08-21T19:59:57Z
PCSA,2.07,2026-08-21T15:35:42Z
PCT,6.79,2026-08-21T19:59:57Z
PCTY,153.475,2026-08-21T19:59:35Z
PCVX,62.59,2026-08-21T19:59:52Z
PCY,21.075,2026-08-21T19:31:32Z
PCYO,11.3,2026-08-21T19:59:51Z
PD,12.305,2026-08-21T19:59:57Z
PDBA,37.72,2026-08-21T13:30:01Z
PDBC,18.66,2026-08-21T19:59:58Z
PDC,3.02,2026-08-21T15:35:46Z
PDD,88.375,2026-08-21T19:59:56Z
PDDL,14.47,2026-08-21T17:01:24Z
PDEC,46.81,2026-08-21T15:00:54Z
PDEX,65.26,2026-08-21T19:43:34Z
PDFS,45.61,2026-08-21T19:59:22Z
PDI,15.12,2026-08-21T19:59:50Z
PDLB,20.42,2026-08-21T19:59:56Z
PDM,9.66,2026-08-21T19:59:54Z
PDO,12.65,2026-08-21T19:55:12Z
PDP,136.98,2026-08-21T13:54:01Z
PDS,91.78,2026-08-21T19:59:49Z
PDSB,0.215,2026-08-21T19:54:44Z
PDT,12.62,2026-08-21T19:59:30Z
PDX,21.67,2026-08-21T19:54:23Z
PDYN,6.13,2026-08-21T19:59:55Z
PDYNW,0.0138,2026-08-21T15:30:03Z
PEB,18.49,2026-08-21T19:59:58Z
PEB-F,19.9,2026-08-21T15:54:48Z
PEB-G,19.93,2026-08-21T19:02:59Z
PEBK,44.495,2026-08-21T18:15:30Z
PEBO,40.08,2026-08-21T19:57:49Z
PECER,0.3677,2026-08-21T15:18:10Z
PECEW,0.079,2026-08-21T16:59:45Z
PECO,39.27,2026-08-21T19:59:57Z
PED,13.77,2026-08-21T19:59:50Z
PEG,72.62,2026-08-21T19:59:57Z
PEGA,33.55,2026-08-21T19:59:54Z
PEN,325.19,2026-08-21T19:59:42Z
PENG,52.61,2026-08-21T19:59:55Z
PENN,18.65,2026-08-21T19:59:58Z
PEO,28.52,2026-08-21T19:11:15Z
PEP,143.465,2026-08-21T19:59:57Z
PEPG,3.13,2026-08-21T19:59:56Z
PERF,1.87,2026-08-21T19:46:31Z
PERI,9.805,2026-08-21T19:58:57Z
PESI,17.28,2026-08-21T19:59:48Z
PETS,1.77,2026-08-21T19:59:54Z
PEW,2.505,2026-08-21T19:59:29Z
PEX,24.1,2026-08-21T18:54:16Z
PEY,25.19,2026-08-21T19:52:22Z
PFBC,104.31,2026-08-21T19:59:40Z
PFD,11.29,2026-08-21T16:46:59Z
PFE,28.065,2026-08-21T19:59:59Z
PFEB,43.8,2026-08-21T18:40:53Z
PFF,30.47,2026-08-21T19:59:51Z
PFFA,20.885,2026-08-21T19:59:10Z
PFFD,18.38,2026-08-21T19:13:37Z
PFFR,17.46,2026-08-21T18:00:57Z
PFFV,21.99,2026-08-21T18:48:38Z
PFG,110.76,2026-08-21T19:59:54Z
PFGC,104.96,2026-08-21T19:59:50Z
PFH,15.19,2026-08-21T17:36:00Z
PFIG,23.755,2026-08-21T19:59:48Z
PFIS,69.93,2026-08-21T19:47:53Z
PFIX,53.13,2026-08-21T19:59:40Z
PFL,7.61,2026-08-21T19:48:13Z
PFLD,19.55,2026-08-21T19:59:51Z
PFLT,7.36,2026-08-21T19:59:53Z
PFN,6.97,2026-08-21T19:40:21Z
PFO,9.04,2026-08-21T19:15:46Z
PFOE,23.515,2026-08-21T19:30:05Z
PFS,23.7,2026-08-21T19:59:59Z
PFSA,5.5,2026-08-21T19:59:41Z
PFSI,75.11,2026-08-21T19:59:50Z
PFXF,17.96,2026-08-21T19:53:51Z
PG,144.715,2026-08-21T19:59:53Z
PGC,45.49,2026-08-21T19:35:02Z
PGEN,7.185,2026-08-21T19:59:57Z
PGF,13.43,2026-08-21T18:39:25Z
PGHY,19.755,2026-08-21T19:55:34Z
PGJ,24.3,2026-08-21T14:46:03Z
PGNY,25.64,2026-08-21T19:59:58Z
PGR,219.33,2026-08-21T19:59:46Z
PGX,10.6,2026-08-21T19:59:59Z
PGY,21.68,2026-08-21T19:59:56Z
PH,1001.97,2026-08-21T19:59:51Z
PHAT,8.875,2026-08-21T19:59:59Z
PHG,27.42,2026-08-21T19:59:54Z
PHGE,0.1353,2026-08-21T19:59:08Z
PHI,19.37,2026-08-21T19:59:49Z
PHIN,72.77,2026-08-21T19:59:49Z
PHIO,1.2,2026-08-21T16:49:31Z
PHK,4.54,2026-08-21T19:59:43Z
PHM,128.975,2026-08-21T19:59:45Z
PHO,72.255,2026-08-21T19:58:33Z
PHOS,18.31,2026-08-21T17:02:04Z
PHR,12.1,2026-08-21T19:59:58Z
PHUN,2.12,2026-08-21T15:39:22Z
PHVS,36.245,2026-08-21T19:59:47Z
PHYL,34.795,2026-08-21T19:56:14Z
PHYS,34.995,2026-08-21T19:59:45Z
PI,165.585,2026-08-21T19:59:43Z
PICB,23.32,2026-08-21T19:13:01Z
PICK,65.7,2026-08-21T19:59:54Z
PICS,10.59,2026-08-21T19:59:22Z
PID,23.145,2026-08-21T19:47:50Z
PIE,33.13,2026-08-21T19:59:58Z
PIEQ,37.435,2026-08-21T17:11:59Z
PII,64.41,2026-08-21T19:59:51Z
PIII,10.2,2026-08-21T19:44:33Z
PILL,22.72,2026-08-21T13:49:31Z
PIM,3.16,2026-08-21T19:13:49Z
PINE,19.505,2026-08-21T19:59:27Z
PINE-A,25.23,2026-08-21T18:58:22Z
PINK,40.28,2026-08-21T19:02:21Z
PINS,23.4,2026-08-21T19:59:53Z
PIPR,75.03,2026-08-21T19:59:58Z
PIT,79.18,2026-08-21T16:21:04Z
PJIO,65.345,2026-08-21T18:10:51Z
PJT,174.58,2026-08-21T19:59:45Z
PJUL,49.63,2026-08-21T19:04:10Z
PJUN,43.895,2026-08-21T19:55:04Z
PK,15.79,2026-08-21T19:59:58Z
PKB,101.295,2026-08-21T19:25:35Z
PKBK,34.24,2026-08-21T19:29:06Z
PKE,33.76,2026-08-21T19:56:07Z
PKG,253.14,2026-08-21T19:59:41Z
PKOH,45.505,2026-08-21T19:55:00Z
PKW,150.94,2026-08-21T14:24:00Z
PKX,57.27,2026-08-21T19:59:06Z
PL,22.295,2026-08-21T19:59:52Z
PLAB,30.52,2026-08-21T19:59:23Z
PLAG,0.6735,2026-08-21T15:07:36Z
PLAY,10.25,2026-08-21T19:59:55Z
PLBC,61.475,2026-08-21T19:59:46Z
PLBL,6.17,2026-08-21T17:21:01Z
PLBY,1.22,2026-08-21T19:59:56Z
PLCE,2.49,2026-08-21T19:28:28Z
PLD,141.805,2026-08-21T19:59:59Z
PLG,1.65,2026-08-21T19:59:50Z
PLGO,24.02,2026-08-21T19:59:53Z
PLMR,130.06,2026-08-21T19:59:41Z
PLNT,54.2,2026-08-21T19:59:56Z
PLOW,42.07,2026-08-21T19:59:48Z
PLPC,430.785,2026-08-21T19:59:15Z
PLRX,1.16,2026-08-21T19:50:01Z
PLSE,50.45,2026-08-21T19:59:38Z
PLTD,5.09,2026-08-21T19:59:41Z
PLTG,18.94,2026-08-21T19:50:10Z
PLTK,2.365,2026-08-21T19:59:57Z
PLTM,18.04,2026-08-21T19:59:50Z
PLTR,179.935,2026-08-21T19:59:59Z
PLTU,53.94,2026-08-21T19:55:00Z
PLTW,25.39,2026-08-21T19:59:51Z
PLTY,38.1,2026-08-21T19:53:10Z
PLTZ,9.18,2026-08-21T19:59:50Z
PLU,8.93,2026-08-21T14:14:24Z
PLUG,2.27,2026-08-21T19:59:56Z
PLUN=,10.16,2026-08-21T15:02:24Z
PLUS,86.89,2026-08-21T19:57:48Z
PLX,2.37,2026-08-21T19:59:58Z
PLXS,240.23,2026-08-21T19:57:46Z
PLYX,2.04,2026-08-21T19:54:28Z
PM,188.28,2026-08-21T19:59:51Z
PMAR,48.59,2026-08-21T18:03:22Z
PMAX,1.24,2026-08-21T16:12:03Z
PMBS,48.54,2026-08-21T18:37:42Z
PMEC,0.4605,2026-08-21T15:34:36Z
PMI,3.25,2026-08-21T19:59:06Z
PMJA,27.69,2026-08-21T19:19:58Z
PML,7.29,2026-08-21T18:28:52Z
PMM,6.27,2026-08-21T19:11:23Z
PMMF,100.3,2026-08-21T19:59:51Z
PMN,14.46,2026-08-21T19:59:35Z
PMO,10.3,2026-08-21T14:44:46Z
PMT,9.345,2026-08-21T19:59:47Z
PMTR,10.4,2026-08-21T16:54:45Z
PMTRW,0.77,2026-08-21T16:13:21Z
PMTS,28.305,2026-08-21T19:55:10Z
PMVP,1.32,2026-08-21T19:59:52Z
PN,2.69,2026-08-21T19:56:32Z
PNAQ=,9.93,2026-08-21T15:17:43Z
PNBK,1.03,2026-08-21T19:59:14Z
PNC,243.09,2026-08-21T19:59:53Z
PNFP,102.315,2026-08-21T19:59:49Z
PNI,6.815,2026-08-21T19:56:14Z
PNNT,3.74,2026-08-21T19:49:57Z
PNOV,45.26,2026-08-21T18:12:31Z
PNR,64.29,2026-08-21T19:59:49Z
PNRG,211.93,2026-08-21T19:51:43Z
PNTG,38.9,2026-08-21T19:59:17Z
PNW,97.34,2026-08-21T19:59:49Z
POCI,4.52,2026-08-21T19:55:22Z
PODC,2.75,2026-08-21T19:43:05Z
PODD,148.16,2026-08-21T19:59:39Z
POET,8.25,2026-08-21T19:59:55Z
POLA,1.51,2026-08-21T19:59:51Z
POLEW,0.1243,2026-08-21T19:59:21Z
PONY,8.23,2026-08-21T19:59:57Z
POOL,187.96,2026-08-21T19:59:36Z
POR,49.665,2026-08-21T19:59:35Z
POST,80.47,2026-08-21T19:59:49Z
POWI,55.19,2026-08-21T19:59:47Z
POWL,197.765,2026-08-21T19:59:42Z
POWR,25.81,2026-08-21T19:59:52Z
POWW,2.23,2026-08-21T19:59:52Z
POWWP,24.04,2026-08-21T19:14:35Z
PPA,173.67,2026-08-21T19:59:51Z
PPC,32.265,2026-08-21T19:59:51Z
PPCB,1.1,2026-08-21T19:03:33Z
PPG,113.65,2026-08-21T19:59:48Z
PPH,116.63,2026-08-21T19:59:51Z
PPHC,10.545,2026-08-21T19:59:51Z
PPI,21.665,2026-08-21T19:04:10Z
PPIH,27.64,2026-08-21T19:58:06Z
PPL,34.375,2026-08-21T19:59:57Z
PPLI,38.47,2026-08-21T19:59:54Z
PPLT,17.03,2026-08-21T19:59:58Z
PPSI,2.91,2026-08-21T19:58:18Z
PPT,3.435,2026-08-21T14:02:44Z
PPTA,25.73,2026-08-21T19:59:50Z
PPTY,33.93,2026-08-21T17:18:59Z
PQUS,28.51,2026-08-21T15:11:57Z
PR,23.75,2026-08-21T19:59:58Z
PRAA,19.61,2026-08-21T19:59:33Z
PRAX,375.85,2026-08-21T19:59:54Z
PRCH,17.08,2026-08-21T19:59:51Z
PRCT,21.69,2026-08-21T19:59:49Z
PRDO,32.98,2026-08-21T19:59:59Z
PRE,20.11,2026-08-21T19:59:49Z
PREF,18.835,2026-08-21T18:56:27Z
PRF,56.105,2026-08-21T19:59:57Z
PRFX,1.025,2026-08-21T13:59:11Z
PRFZ,55.745,2026-08-21T18:30:24Z
PRG,38.76,2026-08-21T19:59:49Z
PRGO,14.24,2026-08-21T19:59:53Z
PRGS,44.405,2026-08-21T19:59:22Z
PRH,21.44,2026-08-21T13:55:58Z
PRHI,7.65,2026-08-21T19:52:08Z
PRI,295.79,2026-08-21T19:59:53Z
PRIM,77.15,2026-08-21T19:59:51Z
PRIZ,25.19,2026-08-21T13:32:18Z
PRK,202.995,2026-08-21T13:30:15Z
PRKS,45.34,2026-08-21T19:59:51Z
PRLB,79.24,2026-08-21T19:54:22Z
PRLD,6.63,2026-08-21T19:59:45Z
PRM,31.445,2026-08-21T19:59:58Z
PRMB,23.11,2026-08-21T19:59:59Z
PRME,3.38,2026-08-21T19:59:57Z
PRMR,28.685,2026-08-21T18:39:28Z
PRN,208.335,2026-08-21T19:36:30Z
PROF,6.775,2026-08-21T19:59:18Z
PROK,1.62,2026-08-21T19:59:52Z
PROP,0.5316,2026-08-21T19:59:58Z
PROV,17.91,2026-08-21T14:38:48Z
PRPO,29.94,2026-08-21T19:31:17Z
PRQR,2.34,2026-08-21T19:59:51Z
PRS,20.51,2026-08-21T18:13:20Z
PRSD,24.95,2026-08-21T17:29:12Z
PRSU,48.98,2026-08-21T19:59:18Z
PRT,2.195,2026-08-21T19:52:58Z
PRTA,9.44,2026-08-21T19:59:27Z
PRTH,5.59,2026-08-21T19:59:52Z
PRTS,6.54,2026-08-21T15:55:56Z
PRU,121.2,2026-08-21T19:59:46Z
PRVA,21.14,2026-08-21T19:59:59Z
PRZO,0.6669,2026-08-21T19:40:09Z
PS,40.08,2026-08-21T19:59:48Z
PSA,322.49,2026-08-21T19:59:48Z
PSA-G,18.83,2026-08-21T16:02:42Z
PSA-I,18.36,2026-08-21T17:25:26Z
PSA-J,17.49,2026-08-21T18:46:13Z
PSA-K,17.9,2026-08-21T19:43:50Z
PSA-N,14.48,2026-08-21T19:29:47Z
PSA-O,14.52,2026-08-21T13:42:57Z
PSA-Q,14.77,2026-08-21T18:34:10Z
PSA-S,15.28,2026-08-21T15:53:28Z
PSBD,10.25,2026-08-21T19:56:08Z
PSC,69.36,2026-08-21T14:03:23Z
PSCH,55.68,2026-08-21T19:18:05Z
PSCI,177.11,2026-08-21T18:10:10Z
PSCJ,32.21,2026-08-21T19:17:00Z
PSCW,30.44,2026-08-21T19:34:49Z
PSCX,33.23,2026-08-21T19:19:58Z
PSDM,50.93,2026-08-21T17:51:12Z
PSEC,2.33,2026-08-21T19:59:56Z
PSEP,46.73,2026-08-21T19:37:17Z
PSF,19.3,2026-08-21T19:29:53Z
PSFE,6.87,2026-08-21T19:59:54Z
PSFF,34.89,2026-08-21T18:25:04Z
PSI,138.81,2026-08-21T19:40:42Z
PSIG,2.88,2026-08-21T19:16:00Z
PSIL,25.91,2026-08-21T18:20:37Z
PSIX,36.44,2026-08-21T19:59:47Z
PSK,29.6,2026-08-21T19:59:59Z
PSKY,10.34,2026-08-21T19:59:57Z
PSLV,22.84,2026-08-21T19:59:56Z
PSMD,34.89,2026-08-21T19:55:01Z
PSMJ,34.43,2026-08-21T19:08:57Z
PSMR,32.66,2026-08-21T19:19:58Z
PSMT,172.62,2026-08-21T19:59:49Z
PSN,49.04,2026-08-21T19:59:42Z
PSNL,18.39,2026-08-21T19:59:56Z
PSNY,13.35,2026-08-21T19:45:26Z
PSO,16.28,2026-08-21T19:59:54Z
PSQ,25.92,2026-08-21T19:59:40Z
PSQH,5.36,2026-08-21T19:03:53Z
PSTL,22.89,2026-08-21T19:59:37Z
PSTR,31.93,2026-08-21T17:00:21Z
PSUS,39.72,2026-08-21T19:53:39Z
PSX,242.88,2026-08-21T19:59:58Z
PTA,18.4,2026-08-21T19:53:45Z
PTC,154.69,2026-08-21T19:59:57Z
PTCT,69.89,2026-08-21T19:58:59Z
PTEN,12.335,2026-08-21T19:59:49Z
PTF,104.06,2026-08-21T13:47:08Z
PTGX,154.335,2026-08-21T19:58:43Z
PTHS,25.76,2026-08-21T19:59:15Z
PTIR,20.075,2026-08-21T19:59:41Z
PTL,285.275,2026-08-21T19:02:18Z
PTLC,59.65,2026-08-21T19:59:51Z
PTLO,4.99,2026-08-21T19:59:56Z
PTMC,41.57,2026-08-21T18:30:49Z
PTNQ,85.995,2026-08-21T19:59:22Z
PTON,5.4,2026-08-21T19:59:56Z
PTOR,9.95,2026-08-21T13:57:56Z
PTRB,40.885,2026-08-21T16:21:06Z
PTRN,20.87,2026-08-21T19:59:53Z
PTY,11.755,2026-08-21T19:59:40Z
PUBM,16.405,2026-08-21T19:59:50Z
PUK,28.145,2026-08-21T19:59:53Z
PULS,49.67,2026-08-21T19:59:50Z
PUMP,11.345,2026-08-21T19:59:52Z
PUR,28.1,2026-08-21T18:03:37Z
PURR,10.575,2026-08-21T19:59:56Z
PUSA,3.42,2026-08-21T19:59:53Z
PVAL,54.26,2026-08-21T19:59:44Z
PVH,78.52,2026-08-21T19:59:49Z
PVI,24.96,2026-08-21T15:02:16Z
PVL,1.82,2026-08-21T17:19:46Z
PVLA,141.84,2026-08-21T19:58:49Z
PWCM,1.34,2026-08-21T19:59:04Z
PWP,16.6,2026-08-21T19:59:53Z
PWR,639.42,2026-08-21T19:59:55Z
PWRD,108.6,2026-08-21T19:32:31Z
PWRL,11.99,2026-08-21T19:26:40Z
PWV,82.22,2026-08-21T19:59:51Z
PWZ,23.94,2026-08-21T19:49:55Z
PXE,41.345,2026-08-21T19:59:45Z
PXED,28.575,2026-08-21T18:17:38Z
PXF,79.78,2026-08-21T19:59:09Z
PXH,29.29,2026-08-21T19:57:22Z
PXS,5.385,2026-08-21T15:24:13Z
PY,57.92,2026-08-21T19:59:45Z
PYLD,26.165,2026-08-21T19:59:53Z
PYPD,5.105,2026-08-21T19:59:48Z
PYPG,9.87,2026-08-21T19:59:51Z
PYPL,61.56,2026-08-21T19:59:59Z
PYXS,3.07,2026-08-21T19:59:47Z
PZA,22.815,2026-08-21T19:59:46Z
PZG,1.55,2026-08-21T19:59:56Z
PZLV,31.48,2026-08-21T17:04:41Z
PZT,22.01,2026-08-21T15:29:27Z
PZZA,23.955,2026-08-21T19:59:56Z
Q,128.895,2026-08-21T19:59:50Z
QBER,23.88,2026-08-21T16:50:05Z
QBIG,40.76,2026-08-21T18:20:23Z
QBQF,25.95,2026-08-21T16:33:06Z
QBQV,26.7,2026-08-21T19:19:58Z
QBSF,27.35,2026-08-21T16:46:17Z
QBTS,20.38,2026-08-21T19:59:55Z
QBTX,9.2,2026-08-21T19:59:50Z
QBTZ,2.91,2026-08-21T19:59:49Z
QBUF,30.75,2026-08-21T16:04:14Z
QCJA,23.56,2026-08-21T14:37:17Z
QCLN,50.45,2026-08-21T19:59:59Z
QCLS,2.62,2026-08-21T19:56:42Z
QCMD,18.67,2026-08-21T19:55:00Z
QCML,14.32,2026-08-21T19:54:50Z
QCMU,17.71,2026-08-21T19:55:00Z
QCOC,24.24,2026-08-21T16:14:21Z
QCOM,160.73,2026-08-21T19:59:54Z
QCRH,101.4,2026-08-21T19:58:54Z
QDEL,14.735,2026-08-21T19:59:59Z
QDF,92.36,2026-08-21T16:31:52Z
QDPL,46.36,2026-08-21T19:54:50Z
QDTE,28.93,2026-08-21T19:59:57Z
QDTY,38.75,2026-08-21T14:49:41Z
QDVO,29.67,2026-08-21T19:27:27Z
QETH,24,2026-08-21T19:59:51Z
QFF,24.83,2026-08-21T13:46:39Z
QFIN,11.565,2026-08-21T19:59:57Z
QFLR,35.11,2026-08-21T19:59:46Z
QGEN,44.08,2026-08-21T19:59:55Z
QGRO,118.55,2026-08-21T19:51:40Z
QGRW,66.86,2026-08-21T19:59:57Z
QID,14.36,2026-08-21T19:59:54Z
QINT,73.34,2026-08-21T19:08:24Z
QJUN,33.32,2026-08-21T17:21:50Z
QLD,89.62,2026-08-21T19:58:47Z
QLTA,46.405,2026-08-21T19:59:45Z
QLTY,42.975,2026-08-21T19:59:44Z
QLVD,34.94,2026-08-21T19:27:52Z
QLYS,181.96,2026-08-21T19:58:54Z
QMAG,25.74,2026-08-21T19:55:00Z
QMAR,37.63,2026-08-21T19:59:52Z
QMCO,22.3,2026-08-21T19:59:59Z
QMLS,5.84,2026-08-21T19:25:21Z
QMMY,26.43,2026-08-21T19:49:16Z
QMNV,25.4,2026-08-21T18:23:41Z
QNBC,43.995,2026-08-21T19:13:23Z
QNC,2.115,2026-08-21T19:59:53Z
QNCX,33.36,2026-08-21T18:23:19Z
QNDX,24.165,2026-08-21T19:29:49Z
QNME,0.32,2026-08-21T19:08:32Z
QNRX,5.63,2026-08-21T19:36:28Z
QNST,20.6,2026-08-21T19:59:40Z
QNT,56.59,2026-08-21T19:59:53Z
QNTM,3.465,2026-08-21T19:50:25Z
QPUX,18.49,2026-08-21T15:08:00Z
QQA,56.24,2026-08-21T19:59:16Z
QQEW,164.1,2026-08-21T18:20:04Z
QQH,83.37,2026-08-21T17:18:58Z
QQMG,49.67,2026-08-21T19:59:50Z
QQQ,713.41,2026-08-21T19:59:59Z
QQQD,12.64,2026-08-21T19:59:50Z
QQQE,122.84,2026-08-21T19:58:24Z
QQQI,54.25,2026-08-21T19:59:06Z
QQQJ,45.98,2026-08-21T19:59:45Z
QQQM,293.615,2026-08-21T19:59:55Z
QQQT,17.94,2026-08-21T17:56:43Z
QQQU,55.06,2026-08-21T19:59:51Z
QQQX,30.56,2026-08-21T16:46:16Z
QQQY,22.43,2026-08-21T19:59:51Z
QRHC,1.41,2026-08-21T15:04:32Z
QRMI,15.31,2026-08-21T19:59:46Z
QRVO,95.57,2026-08-21T19:59:49Z
QS,5.98,2026-08-21T19:59:55Z
QSI,0.844,2026-08-21T19:59:56Z
QSOL,9.2,2026-08-21T19:32:14Z
QSPT,35.32,2026-08-21T15:21:29Z
QSR,80.85,2026-08-21T19:59:52Z
QTEC,314.26,2026-08-21T19:59:32Z
QTEX,0.9154,2026-08-21T19:59:18Z
QTI,2.885,2026-08-21T17:10:07Z
QTOP,36.86,2026-08-21T18:28:53Z
QTRX,2.99,2026-08-21T19:59:54Z
QTTB,15.94,2026-08-21T19:59:53Z
QTUM,150.44,2026-08-21T19:59:31Z
QTUP,17.605,2026-08-21T14:32:09Z
QTWO,63.8,2026-08-21T19:59:07Z
QUAD,10.32,2026-08-21T19:59:49Z
QUAL,223.3,2026-08-21T19:57:30Z
QUBT,8.915,2026-08-21T19:59:57Z
QUBX,7.94,2026-08-21T16:58:46Z
QUCY,1.3,2026-08-21T19:59:58Z
QUIK,11.42,2026-08-21T19:59:59Z
QUIZ,29.83,2026-08-21T15:39:18Z
QURE,48.37,2026-08-21T19:59:52Z
QUS,194.75,2026-08-21T15:14:59Z
QUSA,18.19,2026-08-21T19:59:46Z
QVCG,15.345,2026-08-21T19:59:34Z
QVMT,66.46,2026-08-21T17:13:50Z
QVOL,100.21,2026-08-21T19:22:01Z
QXL,4.9,2026-08-21T14:19:52Z
QXO,13.75,2026-08-21T19:59:58Z
QXO-B,41.59,2026-08-21T16:07:11Z
QYLD,18.32,2026-08-21T19:59:26Z
QYLG,29.57,2026-08-21T13:32:58Z
R,248.97,2026-08-21T19:56:48Z
RA,12.53,2026-08-21T16:43:16Z
RAAA,25.045,2026-08-21T19:59:45Z
RAAX,42.025,2026-08-21T19:33:10Z
RAC+,0.5397,2026-08-21T17:54:45Z
RACC,22.14,2026-08-21T19:37:05Z
RACE,436.31,2026-08-21T19:59:49Z
RACK,48.12,2026-08-21T17:16:55Z
RADX,2.44,2026-08-21T19:59:11Z
RAIL,7.37,2026-08-21T19:59:44Z
RAIN,0.8625,2026-08-21T19:52:33Z
RAL,63.66,2026-08-21T19:58:14Z
RAM,13.13,2026-08-21T19:59:55Z
RAMP,37.595,2026-08-21T19:59:59Z
RAMZ,16.3,2026-08-21T16:21:12Z
RAND,10.23,2026-08-21T15:59:13Z
RANGR,0.2499,2026-08-21T14:33:48Z
RANI,0.8762,2026-08-21T19:59:54Z
RAPP,48.23,2026-08-21T19:58:29Z
RARE,25.84,2026-08-21T19:59:49Z
RAUS,30.06,2026-08-21T19:59:47Z
RAVI,75.33,2026-08-21T19:58:01Z
RB,47.17,2026-08-21T16:45:56Z
RBA,86.95,2026-08-21T19:59:49Z
RBB,26.64,2026-08-21T19:59:45Z
RBBN,2.02,2026-08-21T19:59:56Z
RBC,505.52,2026-08-21T19:59:42Z
RBCAA,94.25,2026-08-21T17:45:03Z
RBIL,49.945,2026-08-21T18:11:53Z
RBKB,12.68,2026-08-21T19:15:13Z
RBLU,3.655,2026-08-21T19:00:41Z
RBLX,38.39,2026-08-21T19:59:54Z
RBLY,9.11,2026-08-21T15:07:20Z
RBNE,2.8,2026-08-21T19:59:30Z
RBRK,100.06,2026-08-21T19:59:58Z
RBUF,31.39,2026-08-21T19:03:09Z
RC,1.87,2026-08-21T19:59:55Z
RC-E,13.21,2026-08-21T18:52:24Z
RCAT,9.64,2026-08-21T19:59:58Z
RCAX,4.15,2026-08-21T19:49:20Z
RCBC,49.19,2026-08-21T19:59:59Z
RCEL,10.05,2026-08-21T19:59:37Z
RCI,36.27,2026-08-21T19:59:54Z
RCKT,3.505,2026-08-21T19:59:57Z
RCKY,46.015,2026-08-21T16:56:21Z
RCL,291.92,2026-08-21T19:59:58Z
RCLO,25.14,2026-08-21T19:59:51Z
RCMT,41.19,2026-08-21T18:06:46Z
RCON,3.115,2026-08-21T19:59:50Z
RCS,5.29,2026-08-21T17:24:29Z
RCTR,33.98,2026-08-21T13:57:57Z
RCUS,30.37,2026-08-21T19:59:54Z
RDAC,6.98,2026-08-21T14:11:43Z
RDAGW,0.35,2026-08-21T18:06:34Z
RDCM,10.315,2026-08-21T19:53:49Z
RDDT,153.28,2026-08-21T19:59:56Z
RDFI,23.35,2026-08-21T13:43:54Z
RDGT,0.8004,2026-08-21T19:25:49Z
RDI,1.82,2026-08-21T19:57:41Z
RDIV,63.86,2026-08-21T19:59:51Z
RDN,36.59,2026-08-21T19:59:46Z
RDNT,76.81,2026-08-21T19:59:54Z
RDNW,5.87,2026-08-21T19:53:50Z
RDTE,28.48,2026-08-21T19:36:31Z
RDTL,13.69,2026-08-21T19:54:50Z
RDVI,29.195,2026-08-21T19:50:03Z
RDVT,70.67,2026-08-21T19:49:54Z
RDVY,81.95,2026-08-21T19:59:36Z
RDW,12.01,2026-08-21T19:59:58Z
RDWR,27.84,2026-08-21T19:58:57Z
RDWU,8.33,2026-08-21T19:28:57Z
RDY,12.19,2026-08-21T19:59:56Z
RDYY,15.68,2026-08-21T16:36:09Z
RDZN,1.55,2026-08-21T19:59:40Z
REA,14.51,2026-08-21T19:59:21Z
REAL,11.13,2026-08-21T19:59:54Z
REAX,2.645,2026-08-21T19:59:52Z
REBN,1.305,2026-08-21T19:58:17Z
RECS,45.16,2026-08-21T19:56:31Z
REET,28.02,2026-08-21T19:59:56Z
REF,14.43,2026-08-21T19:59:50Z
REFI,10.77,2026-08-21T19:56:00Z
REFR,0.4401,2026-08-21T14:41:56Z
REG,76.07,2026-08-21T19:59:57Z
REGL,94.1,2026-08-21T18:38:29Z
REGN,833.92,2026-08-21T19:59:53Z
REI,1.47,2026-08-21T19:59:57Z
REKR,0.6032,2026-08-21T19:59:46Z
RELL,17.265,2026-08-21T19:59:28Z
RELX,35.895,2026-08-21T19:59:54Z
RELY,26.68,2026-08-21T19:59:57Z
REM,21.995,2026-08-21T19:59:41Z
REMG,36.83,2026-08-21T14:27:48Z
REMX,80.64,2026-08-21T19:59:58Z
RENT,3.76,2026-08-21T19:09:56Z
RENX,1.91,2026-08-21T18:16:19Z
REPL,14.77,2026-08-21T19:59:55Z
REPX,38.36,2026-08-21T19:53:46Z
RERE,4.155,2026-08-21T19:59:42Z
RES,6.365,2026-08-21T19:59:59Z
RETL,8.8,2026-08-21T19:51:05Z
RETO,1.62,2026-08-21T17:00:46Z
REVB,1.07,2026-08-21T16:33:55Z
REX,44.61,2026-08-21T19:59:25Z
REXC,19.185,2026-08-21T19:57:54Z
REXR,37.22,2026-08-21T19:59:50Z
REXR-B,22.7,2026-08-21T14:44:49Z
REYN,25.48,2026-08-21T19:59:56Z
REZ,96.18,2026-08-21T17:53:42Z
REZI,20.27,2026-08-21T19:59:55Z
RF,30.4,2026-08-21T19:59:58Z
RF-C,24.31,2026-08-21T18:43:15Z
RF-E,16.17,2026-08-21T17:14:07Z
RFAI,68.55,2026-08-21T19:34:17Z
RFAIR,0.1801,2026-08-21T19:59:10Z
RFFC,76.71,2026-08-21T19:41:39Z
RFI,11.42,2026-08-21T19:59:48Z
RFIL,11.2,2026-08-21T19:59:30Z
RFIX,35.24,2026-08-21T18:26:17Z
RFLR,33.08,2026-08-21T18:20:18Z
RFM,14.5,2026-08-21T16:13:14Z
RFMZ,13.13,2026-08-21T19:49:19Z
RGA,243.2,2026-08-21T19:59:45Z
RGC,5.26,2026-08-21T19:32:52Z
RGCO,21.83,2026-08-21T14:13:53Z
RGEN,181.085,2026-08-21T19:59:46Z
RGLD,259.04,2026-08-21T19:59:30Z
RGLO,33.53,2026-08-21T14:40:43Z
RGNT,2.1,2026-08-21T19:59:06Z
RGNX,10.705,2026-08-21T19:59:50Z
RGP,4.34,2026-08-21T19:59:43Z
RGR,39.06,2026-08-21T19:59:49Z
RGT,15.295,2026-08-21T19:59:59Z
RGTC,29.48,2026-08-21T16:21:31Z
RGTI,17.89,2026-08-21T19:59:59Z
RGTIW,7.49,2026-08-21T15:03:34Z
RGTU,12.8,2026-08-21T13:36:17Z
RGTX,12.95,2026-08-21T18:32:01Z
RGTZ,2.79,2026-08-21T19:59:40Z
RH,153.27,2026-08-21T19:59:53Z
RHI,44.77,2026-08-21T19:59:50Z
RHLD,127.25,2026-08-21T19:59:36Z
RHP,128.55,2026-08-21T19:59:48Z
RICK,30.93,2026-08-21T19:59:52Z
RIET,9.495,2026-08-21T17:38:04Z
RIFR,28.81,2026-08-21T15:13:45Z
RIG,5.91,2026-08-21T19:59:55Z
RIGL,45.89,2026-08-21T19:59:45Z
RIGS,22.575,2026-08-21T18:36:52Z
RILY,7.11,2026-08-21T19:59:36Z
RILYN,25.02,2026-08-21T13:42:49Z
RILYP,12.73,2026-08-21T19:32:19Z
RIME,0.3417,2026-08-21T19:59:29Z
RING,90.845,2026-08-21T19:59:34Z
RINT,33.23,2026-08-21T16:01:27Z
RIO,105.31,2026-08-21T19:59:49Z
RIOT,19.82,2026-08-21T19:59:59Z
RIOX,25.14,2026-08-21T17:41:04Z
RISR,36.82,2026-08-21T17:44:16Z
RITM,10.18,2026-08-21T19:59:56Z
RITM-B,25.27,2026-08-21T14:50:42Z
RITM-C,24.83,2026-08-21T17:47:25Z
RITM-E,24.49,2026-08-21T19:14:18Z
RITR,0.0824,2026-08-21T19:46:09Z
RIV,11.01,2026-08-21T19:25:36Z
RIVN,16.96,2026-08-21T19:59:59Z
RJET,18.64,2026-08-21T19:53:00Z
RJF,175.22,2026-08-21T19:59:52Z
RKLB,72.58,2026-08-21T19:59:59Z
RKLX,19.83,2026-08-21T19:55:06Z
RKLZ,3.47,2026-08-21T19:59:51Z
RKT,13.925,2026-08-21T19:59:59Z
RKTO,0.7371,2026-08-21T19:59:48Z
RL,372.16,2026-08-21T19:59:50Z
RLAY,19.43,2026-08-21T19:59:59Z
RLGT,8.43,2026-08-21T19:59:29Z
RLI,65.44,2026-08-21T19:59:26Z
RLJ,11.5,2026-08-21T19:59:58Z
RLMD,4.64,2026-08-21T19:59:59Z
RLTY,15.57,2026-08-21T19:16:39Z
RLX,1.81,2026-08-21T19:59:59Z
RLY,37.84,2026-08-21T18:31:50Z
RM,34.11,2026-08-21T19:36:26Z
RMAX,13.63,2026-08-21T19:59:57Z
RMBI,15.83,2026-08-21T19:56:49Z
RMBS,91.24,2026-08-21T19:59:50Z
RMCF,1.235,2026-08-21T19:59:44Z
RMD,231.485,2026-08-21T19:59:54Z
RMHY,25,2026-08-21T19:02:37Z
RMIX,17.57,2026-08-21T19:59:51Z
RMM,14.23,2026-08-21T18:43:18Z
RMMZ,14.55,2026-08-21T19:55:46Z
RMNI,5.265,2026-08-21T19:59:52Z
RMOP,25.03,2026-08-21T19:39:57Z
RMR,20,2026-08-21T19:59:25Z
RMT,14.16,2026-08-21T19:59:28Z
RNA,13.18,2026-08-21T19:59:51Z
RNAC,10,2026-08-21T19:59:45Z
RNG,66.99,2026-08-21T19:59:49Z
RNGR,17.11,2026-08-21T19:59:57Z
RNP,20.295,2026-08-21T19:53:31Z
RNR,323.48,2026-08-21T19:59:49Z
RNR-F,20.63,2026-08-21T16:45:17Z
RNR-G,14.92,2026-08-21T19:25:26Z
RNST,41.51,2026-08-21T19:59:49Z
RNTX,0.83,2026-08-21T19:51:30Z
RNTY,49.54,2026-08-21T19:01:25Z
RNW,6.81,2026-08-21T19:59:55Z
RNWWW,0.0006,2026-08-21T19:36:16Z
RNXT,1.315,2026-08-21T19:58:50Z
ROAD,112.17,2026-08-21T19:59:57Z
ROAM,35.925,2026-08-21T19:52:49Z
ROBN,31.96,2026-08-21T19:59:53Z
ROBO,81.13,2026-08-21T19:59:57Z
ROBT,59.665,2026-08-21T19:45:08Z
ROC,4.135,2026-08-21T19:59:48Z
ROCK,46.47,2026-08-21T19:59:47Z
ROCQ,55.19,2026-08-21T19:59:51Z
ROCY,54.995,2026-08-21T19:59:46Z
RODM,42.3,2026-08-21T19:51:16Z
ROE,43.67,2026-08-21T19:59:45Z
ROG,126.39,2026-08-21T19:58:46Z
ROIV,36.3,2026-08-21T19:59:48Z
ROK,437.64,2026-08-21T19:59:41Z
ROKT,114.64,2026-08-21T15:15:00Z
ROKU,157.455,2026-08-21T19:59:55Z
ROL,36.9,2026-08-21T19:59:49Z
ROMO,34.85,2026-08-21T16:47:04Z
RONB,23.8,2026-08-21T19:35:44Z
ROOT,55.68,2026-08-21T19:58:44Z
ROP,411.63,2026-08-21T19:59:58Z
ROST,239.04,2026-08-21T19:59:50Z
ROUS,68.15,2026-08-21T19:59:31Z
RPAY,4.005,2026-08-21T19:59:57Z
RPC,8.76,2026-08-21T19:59:53Z
RPD,11.85,2026-08-21T19:59:59Z
RPG,58.23,2026-08-21T19:59:58Z
RPGL,2.3,2026-08-21T19:54:18Z
RPID,1.66,2026-08-21T19:52:35Z
RPM,108.67,2026-08-21T19:59:42Z
RPRX,61.3,2026-08-21T19:59:51Z
RPV,122.49,2026-08-21T19:59:52Z
RQI,12.385,2026-08-21T19:59:40Z
RR,1.69,2026-08-21T19:59:57Z
RRBI,100.39,2026-08-21T16:54:07Z
RRC,41.065,2026-08-21T19:59:52Z
RRGB,9.98,2026-08-21T19:59:43Z
RRR,61.11,2026-08-21T19:59:49Z
RRX,166.19,2026-08-21T19:59:49Z
RS,387.91,2026-08-21T19:59:51Z
RSBT,18.97,2026-08-21T16:21:06Z
RSBY,17.97,2026-08-21T19:59:46Z
RSG,220.64,2026-08-21T19:59:57Z
RSI,25.8,2026-08-21T19:59:53Z
RSJN,38.23,2026-08-21T19:53:22Z
RSKD,5.88,2026-08-21T19:59:59Z
RSMC,28.805,2026-08-21T14:23:56Z
RSMV,29.05,2026-08-21T17:22:50Z
RSP,221.675,2026-08-21T19:59:51Z
RSPA,54.86,2026-08-21T19:59:52Z
RSPD,57.36,2026-08-21T19:59:51Z
RSPF,84.97,2026-08-21T15:00:43Z
RSPG,114.21,2026-08-21T17:24:02Z
RSPH,37.75,2026-08-21T19:44:36Z
RSPM,41.35,2026-08-21T17:23:49Z
RSPN,63.26,2026-08-21T19:59:50Z
RSPS,31.67,2026-08-21T19:59:45Z
RSPT,64.07,2026-08-21T19:30:33Z
RSPU,76.02,2026-08-21T19:59:51Z
RSSB,31.1,2026-08-21T19:59:46Z
RSSL,117.49,2026-08-21T19:29:58Z
RSSS,2.23,2026-08-21T19:57:46Z
RSST,33.7,2026-08-21T19:59:51Z
RSSX,28.27,2026-08-21T14:56:53Z
RSSY,25.7,2026-08-21T19:59:50Z
RSVR,9.895,2026-08-21T19:59:50Z
RTAC,10.47,2026-08-21T19:59:36Z
RTB,13.71,2026-08-21T18:37:00Z
RTO,23.645,2026-08-21T19:59:59Z
RTX,209.875,2026-08-21T19:59:55Z
RUBI,1.77,2026-08-21T14:16:55Z
RUM,9.035,2026-08-21T19:59:57Z
RUN,9.14,2026-08-21T19:59:55Z
RUNN,35.285,2026-08-21T19:59:46Z
RUSC,38.49,2026-08-21T19:59:46Z
RUSHA,78.71,2026-08-21T19:59:59Z
RUSHB,77.56,2026-08-21T16:47:04Z
RVI,26.96,2026-08-21T19:54:43Z
RVII,23.25,2026-08-21T19:57:06Z
RVLV,23.745,2026-08-21T19:59:53Z
RVMD,209.475,2026-08-21T19:59:54Z
RVNL,27.3,2026-08-21T15:17:25Z
RVSB,5.125,2026-08-21T18:59:56Z
RVSN,5.21,2026-08-21T19:44:57Z
RVT,18.7,2026-08-21T19:59:42Z
RVTY,124.7,2026-08-21T19:59:50Z
RWAY,6.64,2026-08-21T19:59:57Z
RWAYI,24.57,2026-08-21T13:48:07Z
RWJ,61.42,2026-08-21T19:59:43Z
RWK,149.64,2026-08-21T15:42:17Z
RWL,133.885,2026-08-21T19:59:47Z
RWM,13.4,2026-08-21T19:59:55Z
RWO,50.48,2026-08-21T16:42:17Z
RWR,114.385,2026-08-21T19:59:56Z
RWT,4.805,2026-08-21T19:59:51Z
RWTO,24.58,2026-08-21T14:27:55Z
RWTP,24.17,2026-08-21T14:12:21Z
RWX,27.77,2026-08-21T14:04:26Z
RXI,200.46,2026-08-21T13:58:44Z
RXL,61.695,2026-08-21T13:33:40Z
RXO,22.54,2026-08-21T19:59:52Z
RXRX,3.49,2026-08-21T19:59:59Z
RXST,6.255,2026-08-21T19:59:48Z
RXT,3.3,2026-08-21T19:59:57Z
RY,205.085,2026-08-21T19:59:59Z
RYAAY,55.785,2026-08-21T19:59:41Z
RYAM,8.67,2026-08-21T19:59:41Z
RYAN,43.32,2026-08-21T19:59:47Z
RYDE,0.875,2026-08-21T13:51:11Z
RYLD,16.43,2026-08-21T19:59:44Z
RYN,21.195,2026-08-21T19:59:58Z
RYTM,109.94,2026-08-21T19:59:54Z
RYZ,25.22,2026-08-21T19:59:04Z
RZC,25.585,2026-08-21T15:43:00Z
RZG,68.38,2026-08-21T15:27:32Z
RZLT,5.09,2026-08-21T19:59:58Z
RZLV,2.45,2026-08-21T19:59:59Z
S,21.18,2026-08-21T19:59:59Z
SA,30.03,2026-08-21T19:59:41Z
SABA,8.16,2026-08-21T19:48:12Z
SABR,2.105,2026-08-21T19:59:37Z
SABS,3.76,2026-08-21T19:59:55Z
SACH,0.8235,2026-08-21T19:54:00Z
SAFE,15.39,2026-08-21T19:59:38Z
SAFT,103.63,2026-08-21T19:57:03Z
SAFX,0.3315,2026-08-21T19:59:57Z
SAGP,38.11,2026-08-21T18:37:58Z
SAGT,0.6646,2026-08-21T16:35:02Z
SAGU^,0.1878,2026-08-21T19:06:49Z
SAH,77.71,2026-08-21T19:59:38Z
SAIA,362.145,2026-08-21T19:59:46Z
SAIC,128.01,2026-08-21T19:58:55Z
SAIL,18.64,2026-08-21T19:59:59Z
SAM,186.24,2026-08-21T19:59:00Z
SAMG,10.01,2026-08-21T19:59:46Z
SAMM,32.73,2026-08-21T16:41:36Z
SAMT,43.09,2026-08-21T14:43:34Z
SAN,14.64,2026-08-21T19:59:59Z
SANA,3.9,2026-08-21T19:59:55Z
SANM,189.09,2026-08-21T19:59:19Z
SAP,218.615,2026-08-21T19:59:59Z
SAR,18.42,2026-08-21T19:59:41Z
SARK,24.79,2026-08-21T19:59:51Z
SARO,25.04,2026-08-21T19:59:53Z
SAT,24.99,2026-08-21T15:47:46Z
SATA,100,2026-08-21T19:23:43Z
SATL,5.71,2026-08-21T19:59:48Z
SAUG,28.09,2026-08-21T17:45:00Z
SAV,24.5,2026-08-21T19:58:11Z
SAWG,24.31,2026-08-21T17:36:49Z
SB,8.54,2026-08-21T19:59:36Z
SBAC,182.665,2026-08-21T19:59:57Z
SBAR,25.74,2026-08-21T19:51:17Z
SBC,4,2026-08-21T19:59:33Z
SBCF,34.625,2026-08-21T19:59:50Z
SBET,7.91,2026-08-21T19:59:58Z
SBEV,0.4622,2026-08-21T19:58:46Z
SBFG,26.66,2026-08-21T19:59:50Z
SBFM,1.14,2026-08-21T16:46:36Z
SBGI,14.42,2026-08-21T19:59:32Z
SBH,16.575,2026-08-21T19:59:55Z
SBI,7.635,2026-08-21T19:58:48Z
SBIL,100.29,2026-08-21T19:44:13Z
SBIO,69.28,2026-08-21T14:57:09Z
SBIT,37.66,2026-08-21T19:59:27Z
SBLK,30.495,2026-08-21T19:59:51Z
SBMT,8.39,2026-08-21T19:36:30Z
SBND,18.65,2026-08-21T19:59:50Z
SBR,73.52,2026-08-21T19:59:49Z
SBRA,20.39,2026-08-21T19:59:56Z
SBS,4.605,2026-08-21T19:59:57Z
SBSI,32.03,2026-08-21T19:59:03Z
SBSW,12.575,2026-08-21T19:59:55Z
SBTU,3.73,2026-08-21T19:59:46Z
SBUX,107.07,2026-08-21T19:59:51Z
SCAG,0.2747,2026-08-21T19:54:00Z
SCAP,39.15,2026-08-21T17:43:07Z
SCCE,24.54,2026-08-21T15:16:09Z
SCCO,215.97,2026-08-21T19:59:45Z
SCCR,25.105,2026-08-21T19:55:02Z
SCD,15.63,2026-08-21T19:56:02Z
SCDV,27.62,2026-08-21T19:59:46Z
SCE-L,16.92,2026-08-21T17:39:25Z
SCEC,24.52,2026-08-21T19:59:51Z
SCEP,24.98,2026-08-21T17:30:37Z
SCHA,34.835,2026-08-21T19:59:40Z
SCHB,29.6,2026-08-21T19:59:55Z
SCHC,51.275,2026-08-21T19:59:58Z
SCHD,35.11,2026-08-21T19:59:51Z
SCHE,36.965,2026-08-21T19:59:46Z
SCHF,28.455,2026-08-21T19:59:58Z
SCHG,35.295,2026-08-21T19:59:50Z
SCHH,24.03,2026-08-21T19:59:53Z
SCHI,22.185,2026-08-21T19:59:42Z
SCHJ,24.515,2026-08-21T19:43:06Z
SCHK,36.955,2026-08-21T19:59:53Z
SCHL,40.23,2026-08-21T19:55:00Z
SCHM,36.145,2026-08-21T19:59:55Z
SCHO,24.095,2026-08-21T19:55:46Z
SCHP,25.96,2026-08-21T19:59:51Z
SCHQ,29.9,2026-08-21T19:48:39Z
SCHR,24.39,2026-08-21T19:59:46Z
SCHV,34.93,2026-08-21T19:59:58Z
SCHW,112.29,2026-08-21T19:59:55Z
SCHW-D,23.73,2026-08-21T19:57:59Z
SCHX,30.205,2026-08-21T19:59:49Z
SCHY,33.62,2026-08-21T19:59:51Z
SCHZ,22.76,2026-08-21T19:59:45Z
SCI,83.26,2026-08-21T19:59:53Z
SCIO,20.52,2026-08-21T19:59:39Z
SCKT,0.6602,2026-08-21T19:35:52Z
SCL,63.7,2026-08-21T18:52:01Z
SCM,8.69,2026-08-21T19:45:04Z
SCMB,25.28,2026-08-21T19:44:46Z
SCNI,2.97,2026-08-21T17:39:56Z
SCNX,0.4475,2026-08-21T19:57:12Z
SCO,23.605,2026-08-21T19:59:48Z
SCOR,4.89,2026-08-21T18:33:03Z
SCSC,54.325,2026-08-21T19:59:41Z
SCTX,34.065,2026-08-21T19:59:47Z
SCUS,25.17,2026-08-21T19:59:45Z
SCWO,2.43,2026-08-21T16:52:09Z
SCYB,26.025,2026-08-21T19:59:45Z
SCYX,5.1,2026-08-21T19:40:10Z
SCZ,86.575,2026-08-21T19:59:48Z
SCZM,9.655,2026-08-21T19:59:54Z
SD,14.37,2026-08-21T19:59:47Z
SDA,0.69,2026-08-21T19:10:50Z
SDCI,30.35,2026-08-21T19:59:50Z
SDEV,1.135,2026-08-21T19:59:40Z
SDGR,19.71,2026-08-21T19:59:52Z
SDHC,12.46,2026-08-21T19:59:50Z
SDHY,16.04,2026-08-21T19:58:53Z
SDIV,24.915,2026-08-21T19:59:52Z
SDOG,74.12,2026-08-21T13:44:07Z
SDOT,12.97,2026-08-21T19:58:51Z
SDOW,22.98,2026-08-21T19:59:58Z
SDRL,47.3,2026-08-21T19:59:50Z
SDS,54.585,2026-08-21T19:59:58Z
SDST,0.6206,2026-08-21T19:59:51Z
SDVD,23.21,2026-08-21T19:59:59Z
SDVY,43.895,2026-08-21T19:59:26Z
SDY,158.49,2026-08-21T19:50:39Z
SE,117.49,2026-08-21T19:59:54Z
SEA,20.35,2026-08-21T13:58:56Z
SEAT,6.95,2026-08-21T17:53:59Z
SEB,4261.03,2026-08-21T19:59:15Z
SECU,49.59,2026-08-21T16:41:10Z
SECZ,6.14,2026-08-21T19:59:52Z
SEDG,30.84,2026-08-21T19:59:51Z
SEEM,39.2,2026-08-21T19:40:41Z
SEER,2.035,2026-08-21T19:59:14Z
SEF,29.47,2026-08-21T14:53:49Z
SEG,26.75,2026-08-21T19:55:02Z
SEGG,2.51,2026-08-21T19:59:50Z
SEI,53.295,2026-08-21T19:59:57Z
SEIC,109.59,2026-08-21T19:59:25Z
SEIE,37.2,2026-08-21T18:55:10Z
SEIM,54.16,2026-08-21T19:38:41Z
SEIQ,41.9,2026-08-21T19:43:23Z
SEIS,33.005,2026-08-21T17:39:19Z
SEIV,50.78,2026-08-21T19:55:00Z
SELF,5.59,2026-08-21T19:59:02Z
SELV,35.09,2026-08-21T19:17:14Z
SEMG,27.6,2026-08-21T17:14:57Z
SEMY,13.21,2026-08-21T17:34:04Z
SENEA,194.04,2026-08-21T19:38:49Z
SENS,9.72,2026-08-21T19:59:56Z
SEPI,28.735,2026-08-21T19:49:51Z
SEPN,40.08,2026-08-21T19:59:40Z
SEPP,33.1,2026-08-21T19:19:58Z
SEPW,33.86,2026-08-21T16:37:41Z
SERA,2.14,2026-08-21T18:50:05Z
SERV,4.985,2026-08-21T19:59:58Z
SES,0.5427,2026-08-21T19:59:53Z
SETH,33.78,2026-08-21T18:02:45Z
SETM,35.22,2026-08-21T19:59:45Z
SEUS,26.16,2026-08-21T19:12:30Z
SEV,2.47,2026-08-21T19:59:45Z
SEVN,7.715,2026-08-21T19:38:08Z
SEZL,119.48,2026-08-21T19:59:45Z
SF,80.955,2026-08-21T19:59:43Z
SF-C,21.23,2026-08-21T19:07:28Z
SF-D,15.48,2026-08-21T19:08:21Z
SFBS,43.33,2026-08-21T19:59:47Z
SFD,22.255,2026-08-21T19:59:56Z
SFHG,2.475,2026-08-21T17:53:07Z
SFIX,3.345,2026-08-21T19:59:52Z
SFL,12.39,2026-08-21T19:59:55Z
SFLO,39.72,2026-08-21T19:57:04Z
SFLR,38.865,2026-08-21T19:59:50Z
SFM,81.07,2026-08-21T19:59:46Z
SFNC,23.01,2026-08-21T19:59:55Z
SFST,63.08,2026-08-21T19:59:41Z
SFTX,31.57,2026-08-21T18:30:54Z
SFYF,63.375,2026-08-21T16:57:41Z
SG,7,2026-08-21T19:59:57Z
SGDJ,101.31,2026-08-21T19:28:39Z
SGDM,85.09,2026-08-21T17:38:45Z
SGHC,13.29,2026-08-21T19:59:57Z
SGHT,8.24,2026-08-21T19:59:55Z
SGI,64.7,2026-08-21T19:59:53Z
SGLY,2.64,2026-08-21T19:59:07Z
SGML,11.975,2026-08-21T19:59:47Z
SGMT,10.24,2026-08-21T19:59:50Z
SGOL,43.94,2026-08-21T19:59:49Z
SGOV,100.625,2026-08-21T19:59:47Z
SGP,26.41,2026-08-21T19:59:50Z
SGRY,14.52,2026-08-21T19:59:51Z
SGU,12.61,2026-08-21T19:34:24Z
SGVT,100.7,2026-08-21T19:55:41Z
SH,32.46,2026-08-21T19:59:50Z
SHAK,75.77,2026-08-21T19:59:49Z
SHAZ,59.085,2026-08-21T19:59:56Z
SHBI,23.35,2026-08-21T19:59:40Z
SHC,19.57,2026-08-21T19:59:50Z
SHDG,33.42,2026-08-21T19:22:50Z
SHEL,93.34,2026-08-21T19:59:57Z
SHEN,12.31,2026-08-21T19:59:04Z
SHFS,0.1647,2026-08-21T19:57:31Z
SHG,74.9,2026-08-21T19:58:24Z
SHIM,3.76,2026-08-21T19:59:55Z
SHIP,17.48,2026-08-21T19:59:01Z
SHLD,67.06,2026-08-21T19:59:51Z
SHLS,7.095,2026-08-21T19:59:58Z
SHM,47.76,2026-08-21T19:59:45Z
SHMD,4.9,2026-08-21T19:59:56Z
SHNY,11.4,2026-08-21T19:59:50Z
SHO,11.285,2026-08-21T19:59:51Z
SHO-I,21.5,2026-08-21T19:48:51Z
SHOE,15.48,2026-08-21T19:58:12Z
SHOO,46.115,2026-08-21T19:59:28Z
SHOP,149.25,2026-08-21T19:59:54Z
SHPU,17.3,2026-08-21T13:39:26Z
SHV,110.31,2026-08-21T19:59:51Z
SHW,346.79,2026-08-21T19:59:50Z
SHY,82,2026-08-21T19:57:16Z
SHYD,22.69,2026-08-21T13:38:47Z
SHYG,42.23,2026-08-21T19:59:49Z
SHYM,22.105,2026-08-21T19:58:02Z
SI,22.68,2026-08-21T19:48:39Z
SIBN,19.965,2026-08-21T19:59:56Z
SIC,44.09,2026-08-21T18:56:37Z
SID,0.9761,2026-08-21T19:59:46Z
SIDU,2.36,2026-08-21T19:59:55Z
SIEB,2.02,2026-08-21T15:00:56Z
SIF,21.21,2026-08-21T19:52:33Z
SIG,81.37,2026-08-21T19:58:51Z
SIGA,3.05,2026-08-21T19:59:57Z
SIGI,91.55,2026-08-21T19:59:32Z
SII,132.59,2026-08-21T19:59:45Z
SIL,99.57,2026-08-21T19:59:55Z
SILC,43.89,2026-08-21T19:59:51Z
SILJ,31.93,2026-08-21T19:59:49Z
SILO,2.66,2026-08-21T19:55:21Z
SIMO,258.07,2026-08-21T19:59:55Z
SIND,16.94,2026-08-21T19:58:56Z
SINT,1.51,2026-08-21T19:24:09Z
SION,5.3,2026-08-21T19:59:55Z
SIOO,19.88,2026-08-21T16:30:18Z
SIRI,28.67,2026-08-21T19:59:59Z
SITC,3.07,2026-08-21T19:59:53Z
SITE,95.95,2026-08-21T19:59:53Z
SITM,614.47,2026-08-21T19:59:49Z
SIVR,65.93,2026-08-21T19:59:58Z
SIXD,31.39,2026-08-21T15:39:26Z
SIXJ,37.16,2026-08-21T16:51:17Z
SIXO,36.34,2026-08-21T13:51:24Z
SIXZ,32.11,2026-08-21T19:19:58Z
SJ,0.989,2026-08-21T19:58:36Z
SJM,124.32,2026-08-21T19:59:56Z
SJNK,24.87,2026-08-21T19:59:44Z
SJT,2.75,2026-08-21T19:58:38Z
SK,23.24,2026-08-21T19:54:50Z
SKDD,10.13,2026-08-21T19:59:29Z
SKE,34.85,2026-08-21T19:59:57Z
SKF,22.84,2026-08-21T19:54:33Z
SKHL,9.04,2026-08-21T19:59:06Z
SKHU,18.33,2026-08-21T19:53:10Z
SKHX,14.02,2026-08-21T19:57:49Z
SKHY,163.29,2026-08-21T19:59:57Z
SKHZ,11.25,2026-08-21T19:50:10Z
SKIL,8.035,2026-08-21T17:33:09Z
SKIN,0.6613,2026-08-21T19:59:20Z
SKK,5.925,2026-08-21T14:02:21Z
SKM,40.29,2026-08-21T19:59:52Z
SKOR,47.95,2026-08-21T18:49:30Z
SKRE,6.295,2026-08-21T17:33:52Z
SKT,38.21,2026-08-21T19:59:54Z
SKUU,23.315,2026-08-21T19:59:48Z
SKWD,56.855,2026-08-21T19:59:49Z
SKY,90.22,2026-08-21T19:59:49Z
SKYA,1.305,2026-08-21T19:59:50Z
SKYE,0.2738,2026-08-21T18:52:41Z
SKYH,10.4,2026-08-21T19:58:11Z
SKYH+,0.24,2026-08-21T18:27:04Z
SKYQ,2.755,2026-08-21T19:58:53Z
SKYU,50.01,2026-08-21T14:29:37Z
SKYW,101.08,2026-08-21T19:59:09Z
SKYX,1.15,2026-08-21T19:59:59Z
SKYY,161.19,2026-08-21T19:59:52Z
SLAB,218.03,2026-08-21T19:59:49Z
SLB,53.875,2026-08-21T19:59:57Z
SLDB,9.32,2026-08-21T19:59:58Z
SLDE,22.755,2026-08-21T19:59:31Z
SLDP,2.375,2026-08-21T19:59:57Z
SLDPW,0.04,2026-08-21T15:39:35Z
SLE,4.035,2026-08-21T19:59:50Z
SLF,79.04,2026-08-21T19:59:32Z
SLG,57.45,2026-08-21T19:59:41Z
SLG-I,21.29,2026-08-21T13:54:39Z
SLGB,0.4836,2026-08-21T19:59:30Z
SLGL,77.94,2026-08-21T19:59:51Z
SLGN,42.38,2026-08-21T19:59:43Z
SLI,2.48,2026-08-21T19:59:59Z
SLJY,32.58,2026-08-21T15:48:28Z
SLM,26.45,2026-08-21T19:59:59Z
SLMT,4.225,2026-08-21T19:56:32Z
SLN,13.26,2026-08-21T19:59:56Z
SLND,0.682,2026-08-21T19:59:52Z
SLNH,1.18,2026-08-21T19:59:56Z
SLNHP,11.99,2026-08-21T19:44:02Z
SLON,26.66,2026-08-21T14:41:53Z
SLP,18.39,2026-08-21T19:56:37Z
SLQD,50.15,2026-08-21T19:04:59Z
SLQT,0.8304,2026-08-21T19:59:10Z
SLRC,12.625,2026-08-21T19:59:36Z
SLS,15.465,2026-08-21T19:59:57Z
SLSR,8.91,2026-08-21T19:59:50Z
SLTY,20.71,2026-08-21T15:21:55Z
SLV,62.71,2026-08-21T19:59:55Z
SLVM,36.76,2026-08-21T19:58:10Z
SLVO,71.17,2026-08-21T19:59:50Z
SLVP,40.77,2026-08-21T19:59:27Z
SLVR,63.63,2026-08-21T19:01:02Z
SLVX,16.785,2026-08-21T19:59:32Z
SLX,106.96,2026-08-21T19:31:10Z
SLXN,0.3823,2026-08-21T19:03:03Z
SLYG,116.12,2026-08-21T19:22:01Z
SLYV,110.435,2026-08-21T19:59:47Z
SM,37.2,2026-08-21T19:59:48Z
SMA,34.25,2026-08-21T19:59:50Z
SMB,17.225,2026-08-21T19:54:59Z
SMBC,74.08,2026-08-21T18:15:00Z
SMBK,50.97,2026-08-21T19:52:35Z
SMBS,25.01,2026-08-21T19:54:49Z
SMC,34.1,2026-08-21T18:16:10Z
SMCI,37.23,2026-08-21T19:59:57Z
SMCIP,62.35,2026-08-21T18:36:19Z
SMCL,16.94,2026-08-21T19:50:30Z
SMCX,12.175,2026-08-21T19:59:56Z
SMCY,5.3,2026-08-21T19:59:59Z
SMCZ,3.34,2026-08-21T19:59:07Z
SMDD,7.67,2026-08-21T16:21:05Z
SMDV,76.95,2026-08-21T19:59:51Z
SMFG,25.04,2026-08-21T19:59:59Z
SMG,61.02,2026-08-21T19:59:51Z
SMH,560.39,2026-08-21T19:59:57Z
SMHB,4.255,2026-08-21T14:53:03Z
SMHD,44.55,2026-08-21T15:24:21Z
SMHI,9.96,2026-08-21T19:58:32Z
SMHX,55.65,2026-08-21T13:59:19Z
SMID,27.7,2026-08-21T18:37:50Z
SMIG,32.96,2026-08-21T19:59:51Z
SMIN,71.75,2026-08-21T19:12:31Z
SMJF,11.355,2026-08-21T19:59:48Z
SMLF,89.34,2026-08-21T19:49:54Z
SMMD,91.91,2026-08-21T19:35:26Z
SMMT,13.15,2026-08-21T19:59:58Z
SMMU,50.28,2026-08-21T14:15:47Z
SMOG,139.79,2026-08-21T13:56:25Z
SMP,38.57,2026-08-21T17:43:14Z
SMPL,10.875,2026-08-21T19:59:55Z
SMR,9.39,2026-08-21T19:59:59Z
SMRF,25.51,2026-08-21T19:55:03Z
SMRI,48.47,2026-08-21T13:41:55Z
SMRT,1.425,2026-08-21T19:59:39Z
SMST,32.175,2026-08-21T19:52:50Z
SMTC,124.13,2026-08-21T19:59:59Z
SMTG,6.16,2026-08-21T14:51:30Z
SMTH,25.275,2026-08-21T19:48:15Z
SMTI,34.44,2026-08-21T19:59:51Z
SMTK,4.275,2026-08-21T19:58:41Z
SMU,6.465,2026-08-21T19:57:25Z
SMUP,5.07,2026-08-21T19:59:51Z
SMWB,8.215,2026-08-21T19:59:47Z
SMX,16.195,2026-08-21T18:17:47Z
SN,181.01,2026-08-21T19:59:46Z
SNA,393.39,2026-08-21T19:59:48Z
SNAG,5.23,2026-08-21T14:04:02Z
SNAL,2.865,2026-08-21T19:15:11Z
SNAP,5.24,2026-08-21T19:59:57Z
SND,4.85,2026-08-21T19:59:49Z
SNDA,39.575,2026-08-21T19:59:30Z
SNDC,7.875,2026-08-21T19:49:51Z
SNDG,9.315,2026-08-21T19:59:46Z
SNDK,1596.37,2026-08-21T19:59:52Z
SNDL,1.375,2026-08-21T19:59:56Z
SNDQ,14.895,2026-08-21T19:59:59Z
SNDR,35.795,2026-08-21T19:59:49Z
SNDU,23.29,2026-08-21T19:59:42Z
SNDX,19.66,2026-08-21T19:59:59Z
SNES,1.23,2026-08-21T19:42:22Z
SNEX,68.54,2026-08-21T19:59:25Z
SNFCA,8.9,2026-08-21T19:59:09Z
SNGX,0.4092,2026-08-21T19:51:29Z
SNK,18.62,2026-08-21T19:59:59Z
SNN,29.26,2026-08-21T19:59:54Z
SNOA,1.34,2026-08-21T19:59:55Z
SNOU,67.46,2026-08-21T19:55:01Z
SNOV,27.48,2026-08-21T19:59:50Z
SNOW,332.85,2026-08-21T19:59:52Z
SNOY,11.56,2026-08-21T19:59:51Z
SNPE,70.885,2026-08-21T19:59:33Z
SNPS,397.95,2026-08-21T19:59:59Z
SNSC,1.77,2026-08-21T19:59:45Z
SNT,1.79,2026-08-21T16:55:33Z
SNTH,30.095,2026-08-21T19:15:47Z
SNTI,0.3774,2026-08-21T19:36:13Z
SNUS-H,20.36,2026-08-21T18:58:46Z
SNUS-I,23.2,2026-08-21T13:51:27Z
SNWV,4.72,2026-08-21T19:50:31Z
SNX,250.44,2026-08-21T19:59:49Z
SNXX,15.005,2026-08-21T19:59:59Z
SNY,45.84,2026-08-21T19:59:56Z
SNYR,0.0967,2026-08-21T19:42:27Z
SO,88.96,2026-08-21T19:59:58Z
SOAR,0.1582,2026-08-21T19:58:45Z
SOBO,37.71,2026-08-21T19:59:51Z
SOBR,0.53,2026-08-21T17:26:28Z
SOC,5.1,2026-08-21T19:59:57Z
SOEZ,15.69,2026-08-21T19:59:01Z
SOFA,14.76,2026-08-21T13:37:47Z
SOFI,18.905,2026-08-21T19:59:59Z
SOFX,10.495,2026-08-21T19:57:05Z
SOHU,14.28,2026-08-21T17:10:51Z
SOJD,18.2,2026-08-21T15:36:11Z
SOJE,15.94,2026-08-21T18:11:35Z
SOJF,24.98,2026-08-21T19:31:55Z
SOLS,56.15,2026-08-21T19:59:59Z
SOLT,47.45,2026-08-21T19:59:51Z
SOLV,89.44,2026-08-21T19:59:45Z
SOLZ,9.085,2026-08-21T19:59:48Z
SOMN,48.35,2026-08-21T17:55:24Z
SON,59.51,2026-08-21T19:59:46Z
SONO,15.83,2026-08-21T19:59:56Z
SONY,23.915,2026-08-21T19:59:58Z
SOPH,8.65,2026-08-21T19:59:55Z
SORA,1.91,2026-08-21T19:59:56Z
SOTK,5.095,2026-08-21T15:13:27Z
SOUN,7.31,2026-08-21T19:59:55Z
SOUX,13.09,2026-08-21T19:57:31Z
SOXL,120.625,2026-08-21T19:59:58Z
SOXQ,92.4,2026-08-21T19:59:55Z
SOXS,47.02,2026-08-21T19:59:59Z
SOXX,520.04,2026-08-21T19:59:59Z
SOYB,26.24,2026-08-21T19:59:51Z
SPAB,25.095,2026-08-21T19:59:43Z
SPAI,5.38,2026-08-21T19:59:52Z
SPAL,14.53,2026-08-21T19:54:40Z
SPAX,8.545,2026-08-21T19:37:47Z
SPB,87.12,2026-08-21T19:59:36Z
SPBO,28.385,2026-08-21T19:59:46Z
SPBW,29.2,2026-08-21T17:44:52Z
SPCB,11.345,2026-08-21T19:52:50Z
SPCE,3.07,2026-08-21T19:59:58Z
SPCF,14.35,2026-08-21T19:58:04Z
SPCG,19.21,2026-08-21T19:59:59Z
SPCH,8.56,2026-08-21T19:58:59Z
SPCM,14.75,2026-08-21T19:55:59Z
SPCQ,14.06,2026-08-21T19:42:59Z
SPCU,11.49,2026-08-21T19:54:50Z
SPCX,136.91,2026-08-21T19:59:59Z
SPD,42.295,2026-08-21T13:35:07Z
SPDF,28.38,2026-08-21T13:30:00Z
SPDN,8.53,2026-08-21T19:59:47Z
SPDV,41.82,2026-08-21T19:56:07Z
SPDW,52.01,2026-08-21T19:59:55Z
SPEM,52.385,2026-08-21T19:59:55Z
SPEU,57.355,2026-08-21T19:23:59Z
SPFF,9.5,2026-08-21T19:09:53Z
SPFI,44.19,2026-08-21T19:59:06Z
SPG,218.325,2026-08-21T19:59:32Z
SPGI,431.04,2026-08-21T19:59:59Z
SPGM,87.855,2026-08-21T19:10:14Z
SPGP,127.4,2026-08-21T19:59:51Z
SPH,17.64,2026-08-21T19:59:58Z
SPHB,148.555,2026-08-21T19:59:35Z
SPHD,53.225,2026-08-21T19:59:57Z
SPHQ,85.985,2026-08-21T19:59:58Z
SPHR,158.3,2026-08-21T19:59:49Z
SPHY,23.3,2026-08-21T19:59:50Z
SPIB,33.085,2026-08-21T19:59:49Z
SPIP,25.11,2026-08-21T16:03:55Z
SPIR,13.9,2026-08-21T19:59:42Z
SPKL,11.57,2026-08-21T19:41:47Z
SPKLW,1.13,2026-08-21T13:43:49Z
SPLB,21.33,2026-08-21T19:59:51Z
SPLV,75.31,2026-08-21T19:59:51Z
SPMB,21.965,2026-08-21T19:49:45Z
SPMD,67.255,2026-08-21T19:59:54Z
SPMO,148.765,2026-08-21T19:59:58Z
SPNT,23.62,2026-08-21T19:59:50Z
SPOK,10.3,2026-08-21T19:59:48Z
SPOT,533.57,2026-08-21T19:59:59Z
SPPL,2.18,2026-08-21T19:57:55Z
SPPP,14.885,2026-08-21T19:59:40Z
SPRB,50.13,2026-08-21T19:46:05Z
SPRE,21.28,2026-08-21T18:51:47Z
SPRO,1.225,2026-08-21T19:59:56Z
SPRU,1.93,2026-08-21T19:57:37Z
SPRX,45.21,2026-08-21T14:39:00Z
SPRY,5.5,2026-08-21T19:59:48Z
SPSB,29.94,2026-08-21T19:59:56Z
SPSC,80.93,2026-08-21T19:57:02Z
SPSK,17.92,2026-08-21T19:59:51Z
SPSM,57.28,2026-08-21T19:59:45Z
SPT,10.015,2026-08-21T19:59:53Z
SPTE,46.81,2026-08-21T19:43:55Z
SPTI,28.07,2026-08-21T19:59:59Z
SPTL,25.08,2026-08-21T19:59:33Z
SPTM,92.915,2026-08-21T19:59:56Z
SPTS,28.955,2026-08-21T17:13:02Z
SPTX,24.38,2026-08-21T19:59:41Z
SPUC,49.99,2026-08-21T19:59:51Z
SPUS,58.595,2026-08-21T19:59:51Z
SPWH,1.15,2026-08-21T19:39:45Z
SPWO,33.73,2026-08-21T19:57:40Z
SPWR,0.302,2026-08-21T19:59:54Z
SPXC,207.03,2026-08-21T19:59:12Z
SPXL,286.36,2026-08-21T19:59:50Z
SPXS,24.775,2026-08-21T19:59:58Z
SPXU,34.745,2026-08-21T19:59:55Z
SPXX,19.06,2026-08-21T19:44:06Z
SPY,765.64,2026-08-21T19:59:59Z
SPYD,50.425,2026-08-21T19:59:58Z
SPYG,120.2,2026-08-21T19:59:45Z
SPYH,56.67,2026-08-21T13:42:53Z
SPYI,53.47,2026-08-21T19:59:58Z
SPYM,90.105,2026-08-21T19:59:54Z
SPYT,17.41,2026-08-21T19:30:15Z
SPYU,35.02,2026-08-21T19:59:23Z
SPYV,63.555,2026-08-21T19:59:30Z
SQM,81.98,2026-08-21T19:59:49Z
SQMX,34.73,2026-08-21T16:13:37Z
SQNS,3.07,2026-08-21T18:15:07Z
SQQQ,39.015,2026-08-21T19:59:59Z
SR,80.905,2026-08-21T19:59:52Z
SRAD,13,2026-08-21T19:59:56Z
SRBK,19.47,2026-08-21T19:58:51Z
SRCE,85.74,2026-08-21T19:52:29Z
SRE,82.905,2026-08-21T19:59:57Z
SREA,20.41,2026-08-21T19:59:51Z
SRFM,0.711,2026-08-21T19:54:05Z
SRG,2.13,2026-08-21T19:59:55Z
SRI,7.2,2026-08-21T19:59:46Z
SRJN,22.45,2026-08-21T15:54:56Z
SRLN,40.62,2026-08-21T19:59:49Z
SRPT,18.79,2026-08-21T19:59:53Z
SRRK,56.55,2026-08-21T19:59:52Z
SRS,38.67,2026-08-21T19:59:46Z
SRTA,6.23,2026-08-21T19:59:43Z
SRTS,3.32,2026-08-21T19:44:17Z
SRTY,21.565,2026-08-21T19:59:57Z
SRV,46.07,2026-08-21T19:01:34Z
SRVR,31.67,2026-08-21T19:58:49Z
SRXH,1.875,2026-08-21T19:59:55Z
SRZN,23.97,2026-08-21T19:59:06Z
SSACR,0.1984,2026-08-21T17:20:42Z
SSB,106.93,2026-08-21T19:59:36Z
SSD,189.15,2026-08-21T19:42:21Z
SSG,12.61,2026-08-21T19:59:44Z
SSII,3.58,2026-08-21T19:58:25Z
SSL,12.495,2026-08-21T19:59:59Z
SSM,2.63,2026-08-21T14:54:47Z
SSMR,18.595,2026-08-21T19:58:52Z
SSNC,82.95,2026-08-21T19:59:49Z
SSO,70.135,2026-08-21T19:59:59Z
SSP,3.28,2026-08-21T19:59:56Z
SSPC,11.31,2026-08-21T19:59:59Z
SSRM,37.785,2026-08-21T19:59:58Z
SST,2.02,2026-08-21T15:45:22Z
SSTI,6.15,2026-08-21T19:59:50Z
SSTK,5.325,2026-08-21T19:59:59Z
SSYS,7.895,2026-08-21T19:59:55Z
ST,42.82,2026-08-21T19:59:35Z
STAA,23.13,2026-08-21T19:59:57Z
STAG,36.655,2026-08-21T19:59:58Z
STAK,1.215,2026-08-21T19:58:00Z
STBA,50.43,2026-08-21T19:59:04Z
STC,69.2,2026-08-21T19:59:42Z
STCE,65.54,2026-08-21T18:15:48Z
STDN,12.75,2026-08-21T19:59:45Z
STE,237.96,2026-08-21T19:59:49Z
STEM,5.75,2026-08-21T14:54:33Z
STEP,49.95,2026-08-21T19:59:57Z
STEW,18.29,2026-08-21T19:02:07Z
STEX,0.8265,2026-08-21T19:46:23Z
STGW,8.725,2026-08-21T19:59:58Z
STHH,9.89,2026-08-21T14:47:52Z
STHO,9.77,2026-08-21T19:56:40Z
STI,7.58,2026-08-21T19:51:10Z
STIM,3.005,2026-08-21T19:59:53Z
STIP,100.92,2026-08-21T19:58:07Z
STKE,1.32,2026-08-21T19:56:02Z
STKH,3.64,2026-08-21T19:59:50Z
STKS,1.67,2026-08-21T19:50:09Z
STLA,5.41,2026-08-21T19:59:59Z
STLD,228.66,2026-08-21T19:59:49Z
STLL,14.39,2026-08-21T18:40:39Z
STLN,6.47,2026-08-21T19:59:50Z
STLR,22.7,2026-08-21T15:29:04Z
STLU,19.41,2026-08-21T17:27:38Z
STM,50.55,2026-08-21T19:59:56Z
STN,74.07,2026-08-21T19:59:49Z
STNE,9.37,2026-08-21T19:59:55Z
STNG,78.5,2026-08-21T19:59:01Z
STOK,32.32,2026-08-21T19:59:58Z
STOX,31.94,2026-08-21T14:14:03Z
STRA,82.99,2026-08-21T19:53:31Z
STRC,96.155,2026-08-21T19:59:48Z
STRD,72.24,2026-08-21T17:41:04Z
STRF,99.42,2026-08-21T19:52:00Z
STRK,72.48,2026-08-21T19:39:32Z
STRL,516.65,2026-08-21T19:59:44Z
STRN,26.4,2026-08-21T18:35:59Z
STRO,21.02,2026-08-21T19:58:54Z
STRT,81.78,2026-08-21T18:49:06Z
STRW,13.8,2026-08-21T19:59:25Z
STRZ,27.41,2026-08-21T19:59:57Z
STSM,17.98,2026-08-21T18:31:13Z
STT,187.21,2026-08-21T19:59:41Z
STT-G,20.69,2026-08-21T19:57:38Z
STTK,7.545,2026-08-21T19:59:59Z
STUB,6.685,2026-08-21T19:59:58Z
STVN,22.6,2026-08-21T19:59:54Z
STWD,16.38,2026-08-21T19:59:55Z
STX,850.31,2026-08-21T19:59:50Z
STXE,49.92,2026-08-21T18:56:10Z
STXF,49.53,2026-08-21T19:23:16Z
STXL,31.44,2026-08-21T14:19:55Z
STXS,1.42,2026-08-21T19:59:50Z
STXX,40.6,2026-08-21T16:06:34Z
STZ,135.645,2026-08-21T19:59:56Z
SU,68.43,2026-08-21T19:59:54Z
SUB,106.295,2026-08-21T19:59:46Z
SUGP,1.59,2026-08-21T19:59:58Z
SUI,121.7,2026-08-21T19:59:50Z
SUIG,1.095,2026-08-21T19:58:22Z
SUIL,7.77,2026-08-21T18:09:14Z
SUIS,20.43,2026-08-21T13:38:44Z
SUJA,7.68,2026-08-21T19:59:30Z
SUN,75.915,2026-08-21T19:59:07Z
SUNB,76.84,2026-08-21T19:59:52Z
SUNC,77.22,2026-08-21T19:59:49Z
SUNE,2.27,2026-08-21T19:46:11Z
SUNS,7.65,2026-08-21T19:59:51Z
SUPN,45.91,2026-08-21T19:59:54Z
SUPV,7.87,2026-08-21T19:58:25Z
SUPX,8.41,2026-08-21T19:59:31Z
SURG,0.1707,2026-08-21T19:59:50Z
SUSB,24.84,2026-08-21T19:11:25Z
SUSC,22.645,2026-08-21T19:59:51Z
SUSL,137.23,2026-08-21T14:41:28Z
SUZ,8.77,2026-08-21T19:59:54Z
SVAQW,0.3975,2026-08-21T19:58:59Z
SVC,8.075,2026-08-21T19:59:56Z
SVCO,6.75,2026-08-21T19:59:51Z
SVIX,27.02,2026-08-21T19:59:58Z
SVM,12.53,2026-08-21T19:59:55Z
SVOL,16.56,2026-08-21T19:43:00Z
SVRA,5.595,2026-08-21T19:59:56Z
SVV,10.76,2026-08-21T19:59:41Z
SVXY,61.54,2026-08-21T19:59:56Z
SW,49.395,2026-08-21T19:59:55Z
SWAG,1.865,2026-08-21T17:12:05Z
SWAN,33.305,2026-08-21T18:50:58Z
SWBI,14.08,2026-08-21T19:59:19Z
SWIM,7.04,2026-08-21T19:59:56Z
SWK,99.97,2026-08-21T19:59:30Z
SWKS,67.145,2026-08-21T19:59:59Z
SWMR,42.385,2026-08-21T19:59:28Z
SWP,28.84,2026-08-21T19:55:01Z
SWX,89.02,2026-08-21T19:57:48Z
SXC,9.69,2026-08-21T19:59:57Z
SXI,310.95,2026-08-21T19:38:20Z
SXT,134.51,2026-08-21T19:59:42Z
SXTC,4.09,2026-08-21T19:23:40Z
SY,2.275,2026-08-21T19:59:56Z
SYBT,81.94,2026-08-21T19:50:32Z
SYF,79.46,2026-08-21T19:59:54Z
SYF-A,18.78,2026-08-21T19:59:56Z
SYF-B,25.7,2026-08-21T15:38:32Z
SYFI,35.66,2026-08-21T18:54:13Z
SYK,329.315,2026-08-21T19:59:57Z
SYLD,86.65,2026-08-21T16:16:54Z
SYM,41.86,2026-08-21T19:59:33Z
SYNA,97.41,2026-08-21T19:59:58Z
SYRE,106.5,2026-08-21T19:59:55Z
SYSB,87.195,2026-08-21T19:54:45Z
SYY,84.07,2026-08-21T19:59:59Z
SYZ,30.44,2026-08-21T14:18:39Z
SZZLR,0.1526,2026-08-21T19:04:01Z
T,25.31,2026-08-21T19:59:59Z
T-A,17.63,2026-08-21T19:58:48Z
T-C,16.79,2026-08-21T19:31:32Z
TAC,12.21,2026-08-21T19:59:57Z
TACN,29.49,2026-08-21T13:39:43Z
TACO,10.47,2026-08-21T19:52:57Z
TAFI,25.075,2026-08-21T19:57:14Z
TAFM,25.13,2026-08-21T19:54:40Z
TAGG,41.89,2026-08-21T18:07:25Z
TAGS,26.89,2026-08-21T17:01:18Z
TAIL,10.31,2026-08-21T19:59:45Z
TAK,18.16,2026-08-21T19:59:48Z
TAL,11.32,2026-08-21T19:59:59Z
TALO,17.47,2026-08-21T19:59:58Z
TAN,49.33,2026-08-21T19:59:42Z
TANH,0.3821,2026-08-21T18:18:56Z
TAOX,3.8,2026-08-21T19:55:26Z
TAP,42.91,2026-08-21T19:59:49Z
TARA,3.84,2026-08-21T19:59:56Z
TARS,72.88,2026-08-21T19:59:39Z
TASK,8.01,2026-08-21T19:59:55Z
TATT,37.185,2026-08-21T19:50:27Z
TAXE,50.5,2026-08-21T16:38:06Z
TAXF,49.76,2026-08-21T19:45:56Z
TAXX,50.545,2026-08-21T19:59:46Z
TAYD,59.6,2026-08-21T19:32:16Z
TBB,19.5,2026-08-21T19:51:22Z
TBBB,50.7,2026-08-21T19:59:53Z
TBBK,67.13,2026-08-21T19:59:48Z
TBCH,12.66,2026-08-21T19:59:25Z
TBF,25.52,2026-08-21T19:56:29Z
TBI,10.6,2026-08-21T19:59:53Z
TBIL,49.985,2026-08-21T19:33:43Z
TBJL,18.92,2026-08-21T19:19:58Z
TBLA,3.74,2026-08-21T19:59:56Z
TBLD,22.285,2026-08-21T19:59:15Z
TBLL,105.85,2026-08-21T17:48:42Z
TBN,37.99,2026-08-21T19:58:52Z
TBPH,17.015,2026-08-21T19:59:49Z
TBT,38.55,2026-08-21T19:59:03Z
TBUX,49.925,2026-08-21T19:59:46Z
TBXU,44.94,2026-08-21T14:38:14Z
TC,2.08,2026-08-21T19:59:37Z
TCAF,42.5,2026-08-21T19:59:32Z
TCAI,46.43,2026-08-21T19:55:03Z
TCAL,23.215,2026-08-21T19:59:59Z
TCAN,17.525,2026-08-21T13:41:55Z
TCBI,98.44,2026-08-21T19:59:20Z
TCBK,55.14,2026-08-21T19:57:55Z
TCBX,45.48,2026-08-21T19:33:01Z
TCGX,13.51,2026-08-21T17:19:05Z
TCHP,50.31,2026-08-21T19:58:36Z
TCMD,23.81,2026-08-21T19:59:45Z
TCOM,46.11,2026-08-21T19:59:58Z
TCPA,22,2026-08-21T14:20:04Z
TCPB,50.015,2026-08-21T16:47:19Z
TCPC,4.02,2026-08-21T19:59:54Z
TCRT,1.82,2026-08-21T14:04:49Z
TCRX,0.7769,2026-08-21T19:55:38Z
TCX,9.29,2026-08-21T19:58:27Z
TD,117.12,2026-08-21T19:59:49Z
TDAQ,26.76,2026-08-21T19:59:55Z
TDAX,23.64,2026-08-21T14:50:55Z
TDAY,6.47,2026-08-21T19:59:59Z
TDC,27.66,2026-08-21T19:59:51Z
TDF,10.93,2026-08-21T18:56:27Z
TDG,1200.37,2026-08-21T19:59:55Z
TDI,47.41,2026-08-21T19:58:54Z
TDIC,2.57,2026-08-21T18:41:16Z
TDIV,114.6,2026-08-21T19:33:50Z
TDOC,6.395,2026-08-21T19:59:55Z
TDS,33.6,2026-08-21T19:59:57Z
TDS-U,20.67,2026-08-21T14:48:24Z
TDTF,23.35,2026-08-21T18:56:46Z
TDTH,1.9,2026-08-21T18:48:38Z
TDTT,23.595,2026-08-21T19:59:46Z
TDUP,2.795,2026-08-21T19:59:56Z
TDVG,50.19,2026-08-21T19:59:45Z
TDVI,31.17,2026-08-21T19:58:15Z
TDW,95.175,2026-08-21T19:59:54Z
TDY,635.92,2026-08-21T19:59:57Z
TE,4.43,2026-08-21T19:59:59Z
TEAD,0.663,2026-08-21T19:58:41Z
TEAM,171.815,2026-08-21T19:59:56Z
TECB,74.88,2026-08-21T19:15:19Z
TECH,72.32,2026-08-21T19:59:57Z
TECK,69.21,2026-08-21T19:59:58Z
TECL,194.7,2026-08-21T19:57:15Z
TECS,64.76,2026-08-21T19:59:38Z
TECX,37.615,2026-08-21T19:59:31Z
TEI,6.85,2026-08-21T19:59:42Z
TEL,203.52,2026-08-21T19:59:52Z
TELA,0.6549,2026-08-21T19:56:59Z
TELG,12.56,2026-08-21T14:39:56Z
TEM,72.7,2026-08-21T19:59:51Z
TEMC,29.99,2026-08-21T19:20:51Z
TEMT,33.67,2026-08-21T19:47:22Z
TEN,42.66,2026-08-21T19:59:49Z
TEN-F,26.93,2026-08-21T19:46:45Z
TENB,34.375,2026-08-21T19:59:57Z
TEND,27.88,2026-08-21T16:45:00Z
TENJ,28.18,2026-08-21T14:56:42Z
TENX,1.75,2026-08-21T19:59:58Z
TEO,13.1,2026-08-21T19:59:56Z
TEQI,52.47,2026-08-21T19:08:34Z
TER,375.94,2026-08-21T19:59:59Z
TETH,12.06,2026-08-21T19:51:42Z
TEUP,2.63,2026-08-21T18:30:10Z
TEVA,37.325,2026-08-21T19:59:53Z
TEX,66.45,2026-08-21T19:59:48Z
TFC,50.42,2026-08-21T19:59:59Z
TFC-I,17.84,2026-08-21T19:58:22Z
TFC-R,17.43,2026-08-21T19:53:21Z
TFI,44.89,2026-08-21T19:59:51Z
TFII,141.465,2026-08-21T19:59:09Z
TFIN,74.855,2026-08-21T19:59:28Z
TFLO,50.62,2026-08-21T19:59:50Z
TFLR,50.785,2026-08-21T19:59:45Z
TFPM,33.775,2026-08-21T19:59:49Z
TFSL,17.63,2026-08-21T19:59:56Z
TFX,138.835,2026-08-21T19:59:50Z
TG,7.96,2026-08-21T19:50:41Z
TGB,9.2,2026-08-21T19:59:55Z
TGE,0.95,2026-08-21T19:52:53Z
TGEN,3.4,2026-08-21T19:59:50Z
TGHL,0.8317,2026-08-21T18:54:02Z
TGL,2.24,2026-08-21T19:58:40Z
TGLS,41.01,2026-08-21T19:59:45Z
TGRT,46.24,2026-08-21T17:50:20Z
TGS,28.08,2026-08-21T19:59:43Z
TGT,165.455,2026-08-21T19:59:56Z
TGTX,54.26,2026-08-21T19:59:55Z
TH,17.86,2026-08-21T19:59:51Z
THC,280.68,2026-08-21T19:59:47Z
THD,74.73,2026-08-21T19:59:47Z
THEO,9.87,2026-08-21T19:19:13Z
THEOU,10.12,2026-08-21T18:45:12Z
THFF,79.09,2026-08-21T19:48:21Z
THG,223.47,2026-08-21T19:59:06Z
THM,2.81,2026-08-21T19:59:58Z
THNQ,90.92,2026-08-21T19:52:07Z
THNR,27.58,2026-08-21T17:39:39Z
THO,79.485,2026-08-21T19:59:54Z
THQ,19.95,2026-08-21T19:59:53Z
THRM,40.41,2026-08-21T19:59:11Z
THRO,43.605,2026-08-21T19:59:55Z
THRY,2.095,2026-08-21T19:59:52Z
THTA,15.54,2026-08-21T14:15:00Z
THW,14.26,2026-08-21T19:45:47Z
THY,21.64,2026-08-21T19:15:50Z
THYF,51.42,2026-08-21T17:29:26Z
THYP,43.54,2026-08-21T19:57:36Z
TIC,9.53,2026-08-21T19:59:56Z
TIGO,93.605,2026-08-21T19:59:51Z
TIGR,5.32,2026-08-21T19:59:59Z
TII,2.82,2026-08-21T19:59:56Z
TILE,38.96,2026-08-21T19:59:40Z
TILL,19.76,2026-08-21T19:59:50Z
TIMB,17.85,2026-08-21T19:59:26Z
TIP,107.11,2026-08-21T19:59:57Z
TIPT,18.09,2026-08-21T19:59:54Z
TIPX,18.635,2026-08-21T19:43:13Z
TISI,22.7,2026-08-21T14:16:36Z
TITN,20.19,2026-08-21T19:59:50Z
TJGC,4.68,2026-08-21T19:58:18Z
TJX,140.42,2026-08-21T19:59:49Z
TK,13.24,2026-08-21T19:59:52Z
TKC,5.455,2026-08-21T19:59:46Z
TKLF,1.79,2026-08-21T16:32:47Z
TKNO,7.35,2026-08-21T19:59:45Z
TKO,192.95,2026-08-21T19:59:48Z
TKR,125.1,2026-08-21T19:59:49Z
TLF,2.59,2026-08-21T19:50:41Z
TLH,96.685,2026-08-21T19:59:58Z
TLK,14.98,2026-08-21T19:59:56Z
TLN,314.26,2026-08-21T19:59:52Z
TLPH,1.205,2026-08-21T19:37:28Z
TLRY,4.82,2026-08-21T19:59:55Z
TLS,4.51,2026-08-21T19:59:45Z
TLSA,1.13,2026-08-21T19:59:55Z
TLSI,5.27,2026-08-21T19:56:40Z
TLT,82.045,2026-08-21T19:59:58Z
TLTP,20,2026-08-21T17:48:09Z
TLTW,21.175,2026-08-21T19:59:45Z
TLX,11.33,2026-08-21T19:59:26Z
TLYS,3.915,2026-08-21T19:57:54Z
TM,197.45,2026-08-21T19:59:26Z
TMB,25.245,2026-08-21T19:59:45Z
TMC,4.78,2026-08-21T19:59:58Z
TMCI,4.365,2026-08-21T19:59:43Z
TMCR,6.3,2026-08-21T19:17:24Z
TMCWW,0.0165,2026-08-21T17:20:30Z
TMDE,0.7565,2026-08-21T13:58:50Z
TMDX,94.945,2026-08-21T19:59:35Z
TME,8.805,2026-08-21T19:59:57Z
TMF,30.46,2026-08-21T19:59:48Z
TMFC,78.425,2026-08-21T16:54:27Z
TMFG,31.76,2026-08-21T17:35:07Z
TMO,629.32,2026-08-21T19:59:57Z
TMP,97.8,2026-08-21T19:49:48Z
TMQ,3.97,2026-08-21T19:59:54Z
TMS,7.59,2026-08-21T18:05:42Z
TMSL,43.595,2026-08-21T19:58:42Z
TMUS,182.98,2026-08-21T19:59:58Z
TMV,42.99,2026-08-21T19:59:53Z
TMVE,17.99,2026-08-21T19:44:40Z
TNA,73.06,2026-08-21T19:59:55Z
TNC,68.69,2026-08-21T19:59:46Z
TNDM,22.29,2026-08-21T19:59:56Z
TNET,70.45,2026-08-21T19:58:20Z
TNGX,23.89,2026-08-21T19:59:53Z
TNGY,11.15,2026-08-21T19:59:30Z
TNK,91.19,2026-08-21T19:59:54Z
TNL,71.68,2026-08-21T19:59:44Z
TNMG,0.3984,2026-08-21T19:59:49Z
TNON,6.725,2026-08-21T19:59:29Z
TNONW,0.0102,2026-08-21T17:59:09Z
TNXP,12.57,2026-08-21T19:59:50Z
TNYA,0.6962,2026-08-21T19:59:08Z
TOL,146.98,2026-08-21T19:59:49Z
TOLZ,59.09,2026-08-21T19:03:59Z
TOMZ,1.825,2026-08-21T15:05:03Z
TONX,3.06,2026-08-21T19:59:44Z
TOON,0.6412,2026-08-21T19:14:31Z
TOP,14.125,2026-08-21T19:55:52Z
TOPC,35.1,2026-08-21T19:21:46Z
TOPP,0.1868,2026-08-21T19:58:44Z
TOPT,33.355,2026-08-21T19:59:23Z
TOPW,33.13,2026-08-21T19:59:51Z
TORO,5.995,2026-08-21T15:22:15Z
TOST,36.64,2026-08-21T19:59:57Z
TOTL,38.775,2026-08-21T19:59:45Z
TOUS,39.93,2026-08-21T19:04:34Z
TOVX,0.2325,2026-08-21T19:15:00Z
TOWN,37.755,2026-08-21T19:59:59Z
TOXR,13.49,2026-08-21T19:33:32Z
TOYO,4.8,2026-08-21T19:59:59Z
TP,7.87,2026-08-21T15:05:51Z
TPB,83.51,2026-08-21T19:59:45Z
TPC,90.82,2026-08-21T19:58:30Z
TPCS,5.69,2026-08-21T19:59:56Z
TPET,0.2051,2026-08-21T19:59:15Z
TPG,52.38,2026-08-21T19:59:53Z
TPIF,38.85,2026-08-21T18:06:09Z
TPL,384.16,2026-08-21T19:59:30Z
TPLC,51.16,2026-08-21T19:59:51Z
TPR,130.27,2026-08-21T19:59:46Z
TPSC,48.44,2026-08-21T19:31:39Z
TPST,1.035,2026-08-21T13:30:42Z
TPUT,25.16,2026-08-21T19:22:50Z
TPVG,5.32,2026-08-21T19:59:44Z
TPYP,42.88,2026-08-21T18:35:20Z
TQQQ,71.15,2026-08-21T19:59:59Z
TR,41.04,2026-08-21T19:58:03Z
TRAK,7.98,2026-08-21T19:59:41Z
TRAW,0.53,2026-08-21T14:36:24Z
TRAX,43,2026-08-21T19:59:58Z
TRC,16.44,2026-08-21T19:59:25Z
TRDA,7.58,2026-08-21T19:59:58Z
TREE,30.815,2026-08-21T19:59:40Z
TREO,7.5,2026-08-21T15:51:01Z
TREX,46.825,2026-08-21T19:59:50Z
TRFK,93.85,2026-08-21T19:25:41Z
TRFM,60.02,2026-08-21T19:59:51Z
TRGP,299.075,2026-08-21T19:59:58Z
TRI,105.495,2026-08-21T19:59:47Z
TRIN,18.355,2026-08-21T19:59:53Z
TRIP,9.99,2026-08-21T19:59:51Z
TRLV,11.005,2026-08-21T19:59:48Z
TRMB,60.27,2026-08-21T19:59:57Z
TRMD,31.8,2026-08-21T19:59:56Z
TRMK,46.53,2026-08-21T19:59:55Z
TRN,29.795,2026-08-21T19:59:57Z
TRND,37.31,2026-08-21T19:30:13Z
TRNO,68.18,2026-08-21T19:59:32Z
TRON,2.005,2026-08-21T19:59:46Z
TROO,1.955,2026-08-21T18:36:41Z
TROW,111.5,2026-08-21T19:59:54Z
TROX,5.55,2026-08-21T19:59:57Z
TRP,62.04,2026-08-21T19:59:56Z
TRS,39.36,2026-08-21T19:59:50Z
TRST,57.15,2026-08-21T19:37:50Z
TRT,10.885,2026-08-21T19:58:35Z
TRTN-D,23.26,2026-08-21T17:23:34Z
TRTN-E,18.82,2026-08-21T17:39:59Z
TRTX,7.885,2026-08-21T19:59:50Z
TRU,84.61,2026-08-21T19:59:50Z
TRUD,26.34,2026-08-21T15:50:50Z
TRUG,0.8533,2026-08-21T19:59:55Z
TRUP,31.08,2026-08-21T19:59:50Z
TRUT,31.39,2026-08-21T19:41:14Z
TRV,363.6,2026-08-21T19:59:53Z
TRVG,5.42,2026-08-21T19:59:46Z
TRVI,18.01,2026-08-21T19:59:35Z
TRX,1.185,2026-08-21T19:59:57Z
TS,52.63,2026-08-21T19:59:56Z
TSAT,44.265,2026-08-21T19:59:59Z
TSBK,46.485,2026-08-21T19:59:45Z
TSCO,34.98,2026-08-21T19:59:59Z
TSDD,8.19,2026-08-21T19:59:58Z
TSEG,7.1,2026-08-21T14:32:49Z
TSEL,28.59,2026-08-21T18:39:36Z
TSEM,222.445,2026-08-21T19:59:47Z
TSHA,6.085,2026-08-21T19:59:53Z
TSI,4.38,2026-08-21T19:59:11Z
TSII,13.34,2026-08-21T14:38:00Z
TSL,13.69,2026-08-21T19:59:45Z
TSLA,362.78,2026-08-21T19:59:58Z
TSLG,4.86,2026-08-21T19:59:57Z
TSLL,9.775,2026-08-21T19:59:58Z
TSLP,15.05,2026-08-21T17:07:48Z
TSLQ,19.475,2026-08-21T19:59:54Z
TSLR,16.855,2026-08-21T19:59:57Z
TSLS,57.08,2026-08-21T19:55:00Z
TSLT,13.635,2026-08-21T19:59:57Z
TSLX,18.8,2026-08-21T19:59:56Z
TSLY,22.655,2026-08-21T19:59:32Z
TSLZ,12.34,2026-08-21T19:59:22Z
TSM,418.9,2026-08-21T19:59:58Z
TSME,48.61,2026-08-21T19:59:50Z
TSMG,37.48,2026-08-21T19:22:31Z
TSMX,77.26,2026-08-21T19:56:30Z
TSMY,15.19,2026-08-21T18:30:28Z
TSMZ,7.9,2026-08-21T18:52:29Z
TSN,58.48,2026-08-21T19:59:50Z
TSPA,48.22,2026-08-21T19:59:48Z
TSPY,25.6,2026-08-21T19:58:17Z
TSQ,5.96,2026-08-21T19:56:49Z
TSSI,8.755,2026-08-21T19:59:58Z
TSUI,16.32,2026-08-21T16:51:11Z
TSYW,41.16,2026-08-21T19:28:33Z
TT,453.47,2026-08-21T19:59:42Z
TTAM,15.15,2026-08-21T19:59:50Z
TTAN,94.86,2026-08-21T19:59:58Z
TTC,99.28,2026-08-21T19:59:36Z
TTD,13.165,2026-08-21T19:59:59Z
TTDU,1.23,2026-08-21T19:41:55Z
TTE,89.97,2026-08-21T19:59:54Z
TTEC,1.38,2026-08-21T19:59:42Z
TTEK,37,2026-08-21T19:59:52Z
TTEQ,41.24,2026-08-21T18:40:41Z
TTGT,3.82,2026-08-21T19:59:49Z
TTI,7.19,2026-08-21T19:59:52Z
TTMI,110.54,2026-08-21T19:59:54Z
TTMX,7.54,2026-08-21T17:31:24Z
TTRX,9.53,2026-08-21T19:37:59Z
TTWO,239.6,2026-08-21T19:59:54Z
TTXU,33.64,2026-08-21T13:32:35Z
TU,9.89,2026-08-21T19:59:59Z
TUA,20.38,2026-08-21T19:59:50Z
TUR,40.72,2026-08-21T19:53:00Z
TURB,1.165,2026-08-21T19:12:40Z
TUSI,25.33,2026-08-21T16:59:33Z
TUSK,3.06,2026-08-21T19:59:36Z
TUYA,1.79,2026-08-21T19:59:51Z
TV,2.775,2026-08-21T19:59:49Z
TVAL,43.06,2026-08-21T19:59:51Z
TVC,24.08,2026-08-21T19:55:14Z
TVE,23.49,2026-08-21T19:42:28Z
TVRD,1.86,2026-08-21T19:57:30Z
TVTX,65.7,2026-08-21T19:59:56Z
TW,107.03,2026-08-21T19:59:39Z
TWAV,1.43,2026-08-21T19:30:47Z
TWFG,29.08,2026-08-21T19:13:05Z
TWG,0.6268,2026-08-21T19:33:40Z
TWI,7.16,2026-08-21T19:59:49Z
TWIN,23.61,2026-08-21T19:42:34Z
TWLO,225.35,2026-08-21T19:59:54Z
TWM,20.875,2026-08-21T19:59:55Z
TWN,98.01,2026-08-21T13:33:03Z
TWO,12.055,2026-08-21T19:59:53Z
TWST,145.595,2026-08-21T19:59:41Z
TX,55.39,2026-08-21T19:59:53Z
TXG,65.11,2026-08-21T19:59:58Z
TXN,264.28,2026-08-21T19:59:55Z
TXNM,57.22,2026-08-21T19:59:51Z
TXNU,40.08,2026-08-21T19:49:47Z
TXO,14.24,2026-08-21T19:59:42Z
TXRH,204.41,2026-08-21T19:59:50Z
TXT,82.935,2026-08-21T19:59:49Z
TXUE,36.57,2026-08-21T17:07:14Z
TXXD,4.18,2026-08-21T19:58:25Z
TXXH,58.1,2026-08-21T16:26:11Z
TXXS,27.06,2026-08-21T15:45:38Z
TYA,12.27,2026-08-21T16:21:05Z
TYD,22.63,2026-08-21T14:01:52Z
TYG,44.71,2026-08-21T19:58:51Z
TYGO,1.11,2026-08-21T19:59:45Z
TYL,350.63,2026-08-21T19:59:49Z
TYO,14.77,2026-08-21T19:58:27Z
TYRA,26.08,2026-08-21T19:59:43Z
TZA,38.255,2026-08-21T19:59:58Z
TZOO,6.65,2026-08-21T19:59:56Z
U,46.93,2026-08-21T19:59:56Z
UA,5.23,2026-08-21T19:59:56Z
UAA,5.385,2026-08-21T19:59:56Z
UAE,19.5,2026-08-21T19:59:46Z
UAL,113.17,2026-08-21T19:59:53Z
UAMY,5.49,2026-08-21T19:59:58Z
UAN,126.29,2026-08-21T19:56:01Z
UAPR,35.68,2026-08-21T17:17:07Z
UAUG,42.9,2026-08-21T14:21:26Z
UAVS,1.015,2026-08-21T19:59:47Z
UBER,78.79,2026-08-21T19:59:49Z
UBND,21.365,2026-08-21T19:59:46Z
UBRL,17.84,2026-08-21T15:04:15Z
UBS,53.29,2026-08-21T19:59:53Z
UBSI,47.8,2026-08-21T19:59:55Z
UBT,14.79,2026-08-21T19:58:30Z
UCAR,0.5928,2026-08-21T18:50:05Z
UCB,35.57,2026-08-21T19:59:53Z
UCL,0.3896,2026-08-21T19:17:19Z
UCO,45.55,2026-08-21T19:59:56Z
UCON,24.56,2026-08-21T19:25:10Z
UCTT,76.465,2026-08-21T19:59:42Z
UCYB,81.89,2026-08-21T18:23:29Z
UDEC,42.5,2026-08-21T17:02:16Z
UDN,18.345,2026-08-21T19:59:46Z
UDOW,72.85,2026-08-21T19:59:52Z
UDR,37.77,2026-08-21T19:59:57Z
UE,21.43,2026-08-21T19:59:44Z
UEC,12.74,2026-08-21T19:59:58Z
UECG,5.39,2026-08-21T19:57:17Z
UEIC,4.88,2026-08-21T19:57:09Z
UFCS,52.74,2026-08-21T19:54:40Z
UFI,7.99,2026-08-21T19:59:30Z
UFO,45.92,2026-08-21T19:59:55Z
UFOX,82.94,2026-08-21T19:50:02Z
UFPI,88.83,2026-08-21T19:59:40Z
UFPT,309.11,2026-08-21T19:58:44Z
UGI,37.595,2026-08-21T19:59:52Z
UGL,57.065,2026-08-21T19:59:50Z
UGLD,25.06,2026-08-21T17:18:01Z
UGP,6.73,2026-08-21T19:59:54Z
UHAL,71.43,2026-08-21T19:59:49Z
UHAL.B,63.06,2026-08-21T19:56:45Z
UHS,177.285,2026-08-21T19:59:54Z
UHT,41.17,2026-08-21T19:55:07Z
UI,558.99,2026-08-21T19:59:49Z
UIS,2.74,2026-08-21T19:59:51Z
UITB,46.055,2026-08-21T19:53:30Z
UIVM,77.96,2026-08-21T16:04:48Z
UJAN,46.16,2026-08-21T17:17:07Z
UJUL,41.23,2026-08-21T19:07:21Z
UJUN,39.09,2026-08-21T15:12:13Z
UL,64.135,2026-08-21T19:59:56Z
ULBI,6.885,2026-08-21T19:51:21Z
ULCC,5.96,2026-08-21T19:59:56Z
ULE,12.94,2026-08-21T19:59:45Z
ULH,19.21,2026-08-21T16:20:09Z
ULS,75.03,2026-08-21T19:59:46Z
ULST,40.375,2026-08-21T18:21:01Z
ULTA,521.62,2026-08-21T19:59:50Z
ULTI,7.26,2026-08-21T15:37:34Z
ULTY,26.63,2026-08-21T19:59:49Z
UMAC,27.42,2026-08-21T19:59:51Z
UMAL,17.205,2026-08-21T19:43:36Z
UMBF,145.24,2026-08-21T19:58:48Z
UMC,18.335,2026-08-21T19:59:56Z
UMDD,36.24,2026-08-21T13:48:08Z
UMH,16.52,2026-08-21T19:59:52Z
UMH-D,21.86,2026-08-21T16:50:17Z
UMI,61.07,2026-08-21T19:59:46Z
UMMA,37.94,2026-08-21T19:57:32Z
UNCY,5.625,2026-08-21T19:59:48Z
UNF,290.27,2026-08-21T19:59:50Z
UNFI,48.1,2026-08-21T19:58:51Z
UNG,9.99,2026-08-21T19:59:50Z
UNH,390.12,2026-08-21T19:59:52Z
UNHG,19.54,2026-08-21T19:58:56Z
UNHW,47.57,2026-08-21T14:47:18Z
UNIT,9.99,2026-08-21T19:59:54Z
UNM,87.79,2026-08-21T19:59:52Z
UNMA,21.35,2026-08-21T14:38:51Z
UNP,308.2,2026-08-21T19:59:54Z
UNTY,59.32,2026-08-21T19:58:49Z
UOCT,41.925,2026-08-21T17:17:07Z
UP,4.98,2026-08-21T19:53:32Z
UPB,6.96,2026-08-21T19:59:55Z
UPBD,18.81,2026-08-21T19:59:47Z
UPLD,4.94,2026-08-21T16:50:27Z
UPRO,149.92,2026-08-21T19:59:59Z
UPS,102.015,2026-08-21T19:59:54Z
UPST,30.295,2026-08-21T19:59:56Z
UPSX,15.95,2026-08-21T19:03:38Z
UPWK,8.61,2026-08-21T19:59:55Z
UPXI,1.075,2026-08-21T19:59:25Z
URA,46.07,2026-08-21T19:59:54Z
URAA,26.71,2026-08-21T15:53:00Z
URBN,74.27,2026-08-21T19:59:56Z
URG,1.415,2026-08-21T19:59:58Z
URGN,46.89,2026-08-21T19:59:44Z
URI,1097.505,2026-08-21T19:59:55Z
URNJ,26.12,2026-08-21T19:59:45Z
URNM,58.13,2026-08-21T19:59:45Z
UROY,4.385,2026-08-21T19:59:52Z
URTH,209.06,2026-08-21T19:59:59Z
URTY,85.02,2026-08-21T19:59:55Z
USA,5.98,2026-08-21T19:59:58Z
USAC,26.455,2026-08-21T19:59:26Z
USAI,47.01,2026-08-21T14:58:30Z
USAR,19.255,2026-08-21T19:59:55Z
USAS,5.36,2026-08-21T19:59:59Z
USAU,16.43,2026-08-21T19:58:01Z
USAX,13.595,2026-08-21T19:52:37Z
USB,62.055,2026-08-21T19:59:58Z
USB-P,20.75,2026-08-21T19:59:55Z
USB-Q,14.05,2026-08-21T19:57:34Z
USB-R,14.92,2026-08-21T19:37:17Z
USB-S,16.97,2026-08-21T13:44:55Z
USBC,0.41,2026-08-21T19:42:18Z
USCB,22.23,2026-08-21T16:33:30Z
USD,84.365,2026-08-21T19:59:46Z
USDE,7.47,2026-08-21T19:59:52Z
USDEW,1.4,2026-08-21T19:54:07Z
USDU,26.225,2026-08-21T19:58:59Z
USEA,2.74,2026-08-21T19:58:00Z
USFD,109.61,2026-08-21T19:59:49Z
USFR,50.49,2026-08-21T19:59:59Z
USGG,7.98,2026-08-21T19:56:54Z
USGO,9.67,2026-08-21T19:19:16Z
USHY,36.83,2026-08-21T19:59:49Z
USIG,50.21,2026-08-21T19:59:55Z
USIO,2.85,2026-08-21T17:38:35Z
USL,53.05,2026-08-21T17:34:17Z
USLM,118.85,2026-08-21T19:59:36Z
USMC,75.87,2026-08-21T19:59:45Z
USMV,101.23,2026-08-21T19:59:59Z
USNA,13.475,2026-08-21T19:58:39Z
USNG,34.34,2026-08-21T14:15:00Z
USO,134.65,2026-08-21T19:59:44Z
USOI,44.58,2026-08-21T19:59:53Z
USOY,7.2,2026-08-21T19:59:50Z
USPH,78.13,2026-08-21T19:59:49Z
USPX,66.935,2026-08-21T19:55:00Z
USRT,67.1,2026-08-21T19:59:50Z
UST,41.2,2026-08-21T13:52:37Z
USTB,50.455,2026-08-21T19:59:47Z
USVM,109.98,2026-08-21T17:39:58Z
USXF,68.27,2026-08-21T16:21:05Z
UTEN,42.35,2026-08-21T19:55:31Z
UTES,74.225,2026-08-21T19:18:06Z
UTF,27.08,2026-08-21T19:59:03Z
UTG,38.475,2026-08-21T19:59:14Z
UTHR,513.365,2026-08-21T19:59:48Z
UTHY,38.675,2026-08-21T19:43:10Z
UTI,22.37,2026-08-21T19:59:50Z
UTL,53.3,2026-08-21T19:58:54Z
UTMD,70.985,2026-08-21T19:36:15Z
UTSL,37.41,2026-08-21T19:59:46Z
UTZ,14.105,2026-08-21T19:59:58Z
UUP,27.91,2026-08-21T19:58:45Z
UUU,6.45,2026-08-21T19:52:58Z
UUUG,5.15,2026-08-21T19:59:50Z
UUUU,15.13,2026-08-21T19:59:59Z
UVE,42.39,2026-08-21T19:46:25Z
UVIX,43.54,2026-08-21T19:59:54Z
UVSP,41.63,2026-08-21T19:59:49Z
UVV,44.99,2026-08-21T19:58:58Z
UVXY,19.4,2026-08-21T19:59:58Z
UWM,66.4,2026-08-21T19:55:04Z
UWMC,1.405,2026-08-21T19:59:59Z
UXIN,1.21,2026-08-21T19:59:51Z
UXJA,38.94,2026-08-21T18:58:49Z
UXJL,37.27,2026-08-21T16:45:00Z
UXOC,40.12,2026-08-21T19:53:02Z
UXRP,16.71,2026-08-21T15:52:05Z
UYLD,51.14,2026-08-21T19:59:50Z
UYM,32.52,2026-08-21T14:18:43Z
UZX,0.1171,2026-08-21T19:52:17Z
V,371.085,2026-08-21T19:59:57Z
VAC,112.7,2026-08-21T19:59:50Z
VAIE,24.62,2026-08-21T15:09:12Z
VAL,87.72,2026-08-21T19:59:54Z
VAL+,12.72,2026-08-21T14:27:00Z
VALE,14.585,2026-08-21T19:59:58Z
VALN,6.95,2026-08-21T16:37:31Z
VANI,1.37,2026-08-21T19:53:10Z
VATE,7.9,2026-08-21T19:59:45Z
VB,304.92,2026-08-21T19:59:24Z
VBCA,75.63,2026-08-21T13:36:49Z
VBCC,75.23,2026-08-21T16:58:13Z
VBCD,74.96,2026-08-21T19:38:04Z
VBCE,74.85,2026-08-21T14:00:24Z
VBCG,74.22,2026-08-21T17:49:37Z
VBF,14.61,2026-08-21T19:55:25Z
VBIL,75.655,2026-08-21T19:45:09Z
VBIO,0.1225,2026-08-21T19:59:53Z
VBK,358.48,2026-08-21T19:59:51Z
VBNB,26.31,2026-08-21T18:39:14Z
VBNK,19.81,2026-08-21T19:59:55Z
VBR,249.235,2026-08-21T19:12:40Z
VC,106.09,2026-08-21T19:57:08Z
VCEB,61.38,2026-08-21T19:59:51Z
VCEL,42.645,2026-08-21T19:59:59Z
VCHY,75.055,2026-08-21T19:56:14Z
VCIG,0.2101,2026-08-21T19:46:54Z
VCIT,81.05,2026-08-21T19:59:48Z
VCLT,71.695,2026-08-21T19:59:46Z
VCR,397.35,2026-08-21T19:20:22Z
VCRB,75.95,2026-08-21T19:59:58Z
VCRM,74.865,2026-08-21T19:59:47Z
VCSH,78.59,2026-08-21T19:59:59Z
VCTR,115.8,2026-08-21T19:59:53Z
VCV,10.51,2026-08-21T19:58:20Z
VCX,41.85,2026-08-21T19:58:51Z
VCYT,42.3,2026-08-21T19:59:54Z
VDC,231.67,2026-08-21T19:55:00Z
VDE,179.92,2026-08-21T19:47:39Z
VDG,82.325,2026-08-21T16:13:45Z
VEA,73.42,2026-08-21T19:59:58Z
VECO,47.91,2026-08-21T19:59:49Z
VEEA,0.1388,2026-08-21T19:54:42Z
VEEE,9.52,2026-08-21T14:02:47Z
VEEV,248.01,2026-08-21T19:59:55Z
VEGI,46.815,2026-08-21T19:31:40Z
VEGN,77.08,2026-08-21T16:21:04Z
VEL,18.34,2026-08-21T19:39:11Z
VELO,13.29,2026-08-21T19:59:52Z
VENU,1.88,2026-08-21T19:59:58Z
VEON,59.19,2026-08-21T19:58:53Z
VERA,32.275,2026-08-21T19:59:43Z
VERI,0.8568,2026-08-21T19:59:29Z
VERU,2.64,2026-08-21T19:56:47Z
VERX,13.475,2026-08-21T19:59:59Z
VET,12.73,2026-08-21T19:59:36Z
VEU,85.685,2026-08-21T19:59:54Z
VEXC,95.75,2026-08-21T16:36:37Z
VFC,14.375,2026-08-21T19:59:59Z
VFF,2.72,2026-08-21T19:59:50Z
VFH,140.7,2026-08-21T19:59:45Z
VFLO,55.455,2026-08-21T19:59:42Z
VFMO,232.48,2026-08-21T19:59:32Z
VFS,3.1,2026-08-21T19:59:37Z
VFVA,162.22,2026-08-21T16:37:25Z
VG,14.205,2026-08-21T19:59:57Z
VGAS,1.23,2026-08-21T19:49:32Z
VGHY,74.525,2026-08-21T18:04:30Z
VGIT,58.315,2026-08-21T19:59:47Z
VGK,92.715,2026-08-21T19:59:58Z
VGLT,52.735,2026-08-21T19:59:44Z
VGM,10.3,2026-08-21T19:59:40Z
VGMS,50.96,2026-08-21T19:59:51Z
VGNT,49.19,2026-08-21T19:59:55Z
VGSH,58.125,2026-08-21T19:30:03Z
VGSR,11.535,2026-08-21T19:59:43Z
VGT,118.41,2026-08-21T19:59:57Z
VGUS,75.63,2026-08-21T19:49:19Z
VGZ,2.48,2026-08-21T19:59:58Z
VHC,12.43,2026-08-21T19:51:07Z
VHCP,10.05,2026-08-21T19:58:46Z
VHI,16.51,2026-08-21T13:55:55Z
VHT,327.55,2026-08-21T19:35:13Z
VHUB,0.8001,2026-08-21T19:58:20Z
VIA,26.97,2026-08-21T19:59:59Z
VIAV,38.9,2026-08-21T19:59:48Z
VICI,26.52,2026-08-21T19:59:58Z
VICR,200.15,2026-08-21T19:59:51Z
VIDA,2.45,2026-08-21T17:18:15Z
VIG,243.87,2026-08-21T19:59:56Z
VIGI,98.58,2026-08-21T19:59:03Z
VIK,92.8,2026-08-21T19:59:56Z
VINP,9.53,2026-08-21T19:59:48Z
VIOG,149.57,2026-08-21T19:57:59Z
VIOO,136.58,2026-08-21T19:59:45Z
VIOT,0.7805,2026-08-21T19:19:33Z
VIOV,118.69,2026-08-21T16:21:05Z
VIP,1.85,2026-08-21T18:54:07Z
VIPS,14.54,2026-08-21T19:59:55Z
VIR,9.8,2026-08-21T19:59:58Z
VIRT,68.175,2026-08-21T19:59:42Z
VIS,346.075,2026-08-21T19:57:08Z
VISN,11.21,2026-08-21T19:59:58Z
VIST,69.54,2026-08-21T19:59:47Z
VITL,10.565,2026-08-21T19:59:59Z
VIV,11.43,2026-08-21T19:59:56Z
VIVK,1.07,2026-08-21T19:58:21Z
VIVO,4.355,2026-08-21T19:59:45Z
VIVS,0.2847,2026-08-21T19:54:49Z
VIXM,14.025,2026-08-21T19:57:29Z
VIXY,18.19,2026-08-21T19:59:42Z
VKI,8.84,2026-08-21T19:57:05Z
VKQ,9.69,2026-08-21T19:58:27Z
VKTX,33.87,2026-08-21T19:59:59Z
VLGEA,44.34,2026-08-21T19:58:37Z
VLN,1.82,2026-08-21T19:59:54Z
VLO,348.81,2026-08-21T19:59:46Z
VLRS,6.915,2026-08-21T19:59:59Z
VLT,9.91,2026-08-21T14:43:49Z
VLTO,98.795,2026-08-21T19:59:58Z
VLUE,202.46,2026-08-21T19:55:00Z
VLY,14.165,2026-08-21T19:59:51Z
VMAR,0.6931,2026-08-21T14:15:35Z
VMBS,46.13,2026-08-21T19:59:51Z
VMC,275.98,2026-08-21T19:59:57Z
VMD,8.85,2026-08-21T19:59:53Z
VMET,10.6,2026-08-21T19:59:04Z
VMI,486.25,2026-08-21T19:57:30Z
VMO,9.69,2026-08-21T19:59:28Z
VMRK,66.82,2026-08-21T19:59:51Z
VNAM,23.95,2026-08-21T19:42:41Z
VNCE,6.27,2026-08-21T17:45:07Z
VNDA,5.27,2026-08-21T19:59:54Z
VNET,6.71,2026-08-21T19:59:55Z
VNLA,48.955,2026-08-21T19:58:59Z
VNM,17.905,2026-08-21T19:59:53Z
VNO,37.805,2026-08-21T19:59:25Z
VNO-L,17.4,2026-08-21T19:51:09Z
VNOM,45.27,2026-08-21T19:59:54Z
VNQ,98.49,2026-08-21T19:59:58Z
VNQI,45.75,2026-08-21T19:59:36Z
VNRX,0.4121,2026-08-21T19:59:21Z
VNT,32.94,2026-08-21T19:59:49Z
VO,82.98,2026-08-21T19:59:59Z
VOC,3.41,2026-08-21T17:24:35Z
VOD,15.96,2026-08-21T19:59:56Z
VOE,208.935,2026-08-21T16:19:12Z
VOGX,28.675,2026-08-21T19:54:36Z
VOLT,36.3,2026-08-21T19:59:50Z
VONE,347.275,2026-08-21T19:58:10Z
VONG,125.96,2026-08-21T19:59:51Z
VONV,112.84,2026-08-21T19:59:58Z
VOO,703.76,2026-08-21T19:59:59Z
VOOG,83.45,2026-08-21T19:59:54Z
VOOV,229.04,2026-08-21T19:35:31Z
VOR,23.34,2026-08-21T19:59:51Z
VOT,305.49,2026-08-21T19:59:52Z
VOX,185.97,2026-08-21T19:59:05Z
VOXR,5.77,2026-08-21T19:59:55Z
VOYA,97.79,2026-08-21T19:59:54Z
VOYA-B,23.64,2026-08-21T16:16:22Z
VOYG,38.39,2026-08-21T19:59:54Z
VPG,66.53,2026-08-21T19:59:54Z
VPL,115.09,2026-08-21T19:59:53Z
VPLS,76.34,2026-08-21T19:37:45Z
VPU,185.29,2026-08-21T19:57:00Z
VRA,3.15,2026-08-21T19:43:53Z
VRAX,3.195,2026-08-21T19:58:02Z
VRCA,4.885,2026-08-21T19:31:48Z
VRDN,24.3,2026-08-21T19:59:55Z
VREX,18.51,2026-08-21T19:59:55Z
VRIG,25.14,2026-08-21T19:59:38Z
VRME,0.7244,2026-08-21T19:12:40Z
VRNS,41.285,2026-08-21T19:59:41Z
VRP,24.165,2026-08-21T19:54:34Z
VRRM,4.55,2026-08-21T19:59:56Z
VRSK,187.45,2026-08-21T19:59:58Z
VRSN,281.805,2026-08-21T19:59:27Z
VRT,262,2026-08-21T19:59:58Z
VRTL,27.75,2026-08-21T16:17:10Z
VRTS,167.96,2026-08-21T19:45:25Z
VRTX,548.03,2026-08-21T19:59:48Z
VRXA,1.95,2026-08-21T19:59:06Z
VS,1.305,2026-08-21T18:48:29Z
VSAT,74.69,2026-08-21T19:59:32Z
VSDA,60.57,2026-08-21T13:44:00Z
VSDB,75.95,2026-08-21T19:08:57Z
VSDM,76.185,2026-08-21T14:59:21Z
VSEC,217.86,2026-08-21T19:59:32Z
VSGX,83.54,2026-08-21T19:43:07Z
VSH,31.63,2026-08-21T19:59:55Z
VSLU,48.765,2026-08-21T19:59:45Z
VSME,1.18,2026-08-21T15:58:34Z
VSNT,38.735,2026-08-21T19:59:50Z
VSOL,12.19,2026-08-21T19:58:01Z
VSS,160.22,2026-08-21T19:51:22Z
VST,136.21,2026-08-21T19:59:52Z
VSTL,20.7,2026-08-21T13:37:19Z
VSTM,6.89,2026-08-21T19:59:57Z
VSTS,12.7,2026-08-21T19:59:53Z
VSXY,85.41,2026-08-21T19:59:57Z
VT,160.79,2026-08-21T19:59:58Z
VTAK,0.2048,2026-08-21T19:55:23Z
VTC,75.075,2026-08-21T19:59:20Z
VTEB,49.505,2026-08-21T19:59:48Z
VTEC,98.56,2026-08-21T19:44:39Z
VTEI,99.15,2026-08-21T19:59:51Z
VTEL,101.78,2026-08-21T18:41:21Z
VTES,100.835,2026-08-21T16:39:40Z
VTEX,3.64,2026-08-21T19:59:57Z
VTG,74.22,2026-08-21T13:43:18Z
VTGN,0.2399,2026-08-21T19:59:31Z
VTHR,338.9,2026-08-21T15:30:33Z
VTI,378.29,2026-08-21T19:59:58Z
VTIP,49.795,2026-08-21T19:35:21Z
VTIX,1.335,2026-08-21T19:39:56Z
VTMX,35.76,2026-08-21T19:56:04Z
VTN,10.745,2026-08-21T19:14:48Z
VTOL,45.52,2026-08-21T19:56:23Z
VTP,75.32,2026-08-21T19:09:55Z
VTR,93.065,2026-08-21T19:59:52Z
VTRS,16.31,2026-08-21T19:59:58Z
VTS,17.11,2026-08-21T19:59:52Z
VTSI,3.12,2026-08-21T19:53:11Z
VTV,226.39,2026-08-21T19:59:44Z
VTVT,33.19,2026-08-21T16:30:26Z
VTWG,282.95,2026-08-21T19:29:39Z
VTWO,121.25,2026-08-21T19:59:55Z
VTWV,198.37,2026-08-21T19:59:52Z
VUG,87.465,2026-08-21T19:59:55Z
VUSB,49.75,2026-08-21T19:57:33Z
VUSE,73.42,2026-08-21T19:34:43Z
VUSG,65.4,2026-08-21T19:25:19Z
VUZI,2.94,2026-08-21T19:59:49Z
VV,352.555,2026-08-21T19:59:50Z
VVOS,0.2924,2026-08-21T19:39:03Z
VVR,2.945,2026-08-21T19:59:53Z
VVV,33.97,2026-08-21T19:59:55Z
VVX,78.53,2026-08-21T19:59:50Z
VWAV,1.095,2026-08-21T19:59:30Z
VWO,60.45,2026-08-21T19:59:54Z
VWOB,65.91,2026-08-21T19:50:19Z
VXF,245.55,2026-08-21T19:59:41Z
VXUS,87.7,2026-08-21T19:59:59Z
VXX,18.93,2026-08-21T19:59:58Z
VXZ,49.5,2026-08-21T16:31:03Z
VYGR,3.37,2026-08-21T19:59:56Z
VYM,164.99,2026-08-21T19:59:51Z
VYMI,105.23,2026-08-21T19:59:32Z
VYX,7.905,2026-08-21T19:59:57Z
VZ,49.445,2026-08-21T19:59:59Z
VZLA,3.935,2026-08-21T19:59:56Z
W,101.56,2026-08-21T19:59:52Z
WAB,297.72,2026-08-21T19:59:55Z
WABC,58.49,2026-08-21T19:59:25Z
WAFD,36.405,2026-08-21T19:59:14Z
WAFU,1.48,2026-08-21T17:27:15Z
WAGN,15.85,2026-08-21T19:59:59Z
WAL,79.715,2026-08-21T19:59:41Z
WAL-A,24.785,2026-08-21T18:42:02Z
WALD,1.29,2026-08-21T19:59:57Z
WASH,39.77,2026-08-21T19:58:14Z
WAT,410.73,2026-08-21T19:59:58Z
WATR,2.625,2026-08-21T19:13:43Z
WATT,12.845,2026-08-21T19:07:45Z
WAVE,7,2026-08-21T18:00:45Z
WAY,25.01,2026-08-21T19:59:58Z
WB,7.03,2026-08-21T19:59:59Z
WBD,28.56,2026-08-21T19:59:59Z
WBI,31.59,2026-08-21T19:59:47Z
WBIY,38.99,2026-08-21T14:21:24Z
WBTN,8.8,2026-08-21T19:59:53Z
WBUY,0.8256,2026-08-21T16:58:25Z
WCBR,39.3,2026-08-21T17:35:25Z
WCC,349.21,2026-08-21T19:59:56Z
WCEO,39.35,2026-08-21T15:01:32Z
WCLD,40.67,2026-08-21T19:55:52Z
WCMI,19.82,2026-08-21T19:59:49Z
WCN,169.625,2026-08-21T19:59:45Z
WCPB,25.115,2026-08-21T19:12:18Z
WCT,0.883,2026-08-21T17:37:20Z
WD,40.24,2026-08-21T19:57:57Z
WDAY,200.03,2026-08-21T19:59:54Z
WDC,459.375,2026-08-21T19:59:57Z
WDCC,14.14,2026-08-21T14:35:00Z
WDCX,18.4,2026-08-21T19:59:00Z
WDFC,216.38,2026-08-21T19:54:43Z
WDH,1,2026-08-21T13:43:31Z
WDI,12.95,2026-08-21T19:21:48Z
WDIV,85.3,2026-08-21T16:41:12Z
WDNA,23.5,2026-08-21T19:11:27Z
WDS,24.33,2026-08-21T19:59:39Z
WEA,10.45,2026-08-21T19:12:04Z
WEAT,25.43,2026-08-21T19:59:42Z
WEAV,7.295,2026-08-21T19:59:52Z
WEBL,28.49,2026-08-21T19:50:00Z
WEBS,14.92,2026-08-21T19:59:50Z
WEC,106.01,2026-08-21T19:59:59Z
WEEI,25.07,2026-08-21T19:59:51Z
WELD,55.965,2026-08-21T19:34:39Z
WELL,239.28,2026-08-21T19:59:50Z
WEN,9,2026-08-21T19:59:57Z
WEPN,45.42,2026-08-21T15:46:34Z
WERN,38.895,2026-08-21T19:59:37Z
WES,48.44,2026-08-21T19:59:41Z
WEST,8.32,2026-08-21T19:59:33Z
WETO,25.95,2026-08-21T19:55:13Z
WEX,199.92,2026-08-21T19:59:53Z
WF,68.19,2026-08-21T19:53:14Z
WFC,83.84,2026-08-21T19:59:57Z
WFC-A,17.81,2026-08-21T19:44:36Z
WFC-C,16.6,2026-08-21T19:54:39Z
WFC-L,1150.01,2026-08-21T19:21:08Z
WFC-Z,18,2026-08-21T19:59:48Z
WFF,2.09,2026-08-21T19:59:56Z
WFG,69.66,2026-08-21T19:59:42Z
WFRD,90.59,2026-08-21T19:59:41Z
WGMI,45.8,2026-08-21T19:54:52Z
WGO,31.81,2026-08-21T19:59:21Z
WGS,87.12,2026-08-21T19:59:55Z
WH,74.61,2026-08-21T19:59:49Z
WHD,69.59,2026-08-21T19:59:31Z
WHF,7.13,2026-08-21T18:21:00Z
WHG,19.66,2026-08-21T15:20:09Z
WHK,26.985,2026-08-21T19:57:46Z
WHR,40.35,2026-08-21T19:59:59Z
WHR-A,34.67,2026-08-21T14:48:59Z
WHWK,4.735,2026-08-21T19:59:41Z
WIMI,1.37,2026-08-21T17:03:43Z
WINA,339.71,2026-08-21T17:16:14Z
WING,115.53,2026-08-21T19:59:57Z
WINN,33.43,2026-08-21T19:55:00Z
WIP,39.87,2026-08-21T19:59:10Z
WIT,1.88,2026-08-21T19:59:53Z
WIW,8.365,2026-08-21T19:19:50Z
WIX,82.09,2026-08-21T19:59:58Z
WK,74.87,2026-08-21T19:59:49Z
WKC,35.96,2026-08-21T19:59:49Z
WKEY,6.57,2026-08-21T17:44:24Z
WKHS,3.25,2026-08-21T19:50:25Z
WKSP,0.6,2026-08-21T18:32:16Z
WLCO,9.81,2026-08-21T19:22:30Z
WLDN,85.495,2026-08-21T19:59:51Z
WLDR,47.47,2026-08-21T19:50:48Z
WLDS,2.53,2026-08-21T19:59:28Z
WLFC,54.425,2026-08-21T19:58:20Z
WLK,78.95,2026-08-21T19:59:51Z
WLKP,21.46,2026-08-21T18:07:15Z
WLTH,9.215,2026-08-21T19:59:53Z
WLY,51.5,2026-08-21T19:59:42Z
WM,224.02,2026-08-21T19:59:56Z
WMB,70.525,2026-08-21T19:59:59Z
WMG,27.12,2026-08-21T19:59:46Z
WMK,70.93,2026-08-21T19:56:11Z
WMS,143.72,2026-08-21T19:59:53Z
WMT,103.7,2026-08-21T19:59:58Z
WNC,12.04,2026-08-21T19:59:26Z
WNEB,13.78,2026-08-21T19:59:32Z
WNTR,20.86,2026-08-21T17:15:00Z
WOK,2.2,2026-08-21T19:48:48Z
WOLF,25.74,2026-08-21T19:59:55Z
WOOD,72.47,2026-08-21T17:28:57Z
WOOF,2.845,2026-08-21T19:59:55Z
WOR,56.8,2026-08-21T19:59:50Z
WPC,71.2,2026-08-21T19:59:48Z
WPM,157.76,2026-08-21T19:59:54Z
WPP,26.35,2026-08-21T19:59:51Z
WPRT,1.83,2026-08-21T18:50:12Z
WQTM,33.65,2026-08-21T19:55:00Z
WRAP,1.52,2026-08-21T19:59:59Z
WRB,68.625,2026-08-21T19:59:54Z
WRB-E,20.29,2026-08-21T18:32:52Z
WRB-F,17.7,2026-08-21T15:51:33Z
WRB-H,14.535,2026-08-21T19:59:45Z
WRBY,27.43,2026-08-21T19:59:54Z
WRD,6.43,2026-08-21T19:59:53Z
WRLD,188.44,2026-08-21T17:26:16Z
WRN,2.525,2026-08-21T19:59:53Z
WS,34.86,2026-08-21T19:59:53Z
WSBC,40.85,2026-08-21T19:59:55Z
WSBF,21.065,2026-08-21T19:50:44Z
WSC,22.135,2026-08-21T19:59:55Z
WSE,13.01,2026-08-21T19:59:53Z
WSFS,79.835,2026-08-21T19:59:34Z
WSHP,4.65,2026-08-21T19:34:44Z
WSM,237.55,2026-08-21T19:59:52Z
WSML,35.87,2026-08-21T19:57:16Z
WSO,311.59,2026-08-21T19:59:49Z
WST,352.87,2026-08-21T19:59:52Z
WT,23.51,2026-08-21T19:59:56Z
WTAI,41.18,2026-08-21T19:09:13Z
WTBA,28.57,2026-08-21T19:54:11Z
WTBN,24.74,2026-08-21T18:53:56Z
WTFC,152.74,2026-08-21T19:59:40Z
WTFCN,26.22,2026-08-21T15:07:53Z
WTG,10.59,2026-08-21T19:55:49Z
WTI,3.92,2026-08-21T19:59:59Z
WTID,2.795,2026-08-21T19:57:35Z
WTIU,23.78,2026-08-21T14:01:35Z
WTLS,61.65,2026-08-21T16:53:19Z
WTM,2108.65,2026-08-21T19:55:40Z
WTPI,33.345,2026-08-21T19:22:32Z
WTRG,40.15,2026-08-21T19:59:46Z
WTS,375.49,2026-08-21T19:59:54Z
WTTR,19.73,2026-08-21T19:59:55Z
WTV,108.29,2026-08-21T19:59:52Z
WTW,341.98,2026-08-21T19:59:58Z
WU,7.29,2026-08-21T19:59:55Z
WULF,15.63,2026-08-21T19:59:59Z
WULX,14.99,2026-08-21T19:29:06Z
WVE,5.295,2026-08-21T19:59:59Z
WW,15.665,2026-08-21T19:57:19Z
WWD,343.325,2026-08-21T19:59:56Z
WWJD,41.235,2026-08-21T17:59:24Z
WWR,0.6023,2026-08-21T19:59:10Z
WWW,20.98,2026-08-21T19:59:27Z
WXET,22.46,2026-08-21T19:35:38Z
WXM,4.97,2026-08-21T13:54:41Z
WY,24.44,2026-08-21T19:59:59Z
WYFI,20.68,2026-08-21T19:59:42Z
WYFL,5.64,2026-08-21T19:51:36Z
WYHG,5.2,2026-08-21T19:48:06Z
WYNN,100.265,2026-08-21T19:59:52Z
WYY,9.17,2026-08-21T19:57:37Z
WZRD,0.74,2026-08-21T14:31:12Z
XAGG,49.92,2026-08-21T19:47:00Z
XAIW,23.85,2026-08-21T19:27:36Z
XAPR,38.33,2026-08-21T19:50:58Z
XAR,272.8,2026-08-21T19:59:46Z
XAUG,39.51,2026-08-21T16:49:09Z
XBB,40.77,2026-08-21T19:59:04Z
XBCI,38.32,2026-08-21T18:42:00Z
XBFR,26.77,2026-08-21T19:59:45Z
XBI,165.71,2026-08-21T19:59:56Z
XBIT,2.29,2026-08-21T19:44:44Z
XBOC,36.11,2026-08-21T18:06:57Z
XCCC,35.765,2026-08-21T19:59:01Z
XCEM,50.57,2026-08-21T19:34:23Z
XCH,4.875,2026-08-21T18:22:31Z
XCUR,1.14,2026-08-21T19:56:27Z
XDIV,31.23,2026-08-21T17:34:52Z
XDQQ,39.75,2026-08-21T16:57:32Z
XDSQ,44.4,2026-08-21T19:34:28Z
XDTE,38.85,2026-08-21T19:35:14Z
XE,18.625,2026-08-21T19:59:48Z
XEL,76.315,2026-08-21T19:59:58Z
XELB,0.86,2026-08-21T19:56:30Z
XELLL,22.5,2026-08-21T19:55:12Z
XEMD,44.38,2026-08-21T16:06:28Z
XENE,60.815,2026-08-21T19:59:44Z
XERS,8.7,2026-08-21T19:59:55Z
XFIV,48.08,2026-08-21T17:37:03Z
XFLH,10.05,2026-08-21T19:50:57Z
XFLT,19.45,2026-08-21T19:47:33Z
XFOR,4.025,2026-08-21T19:59:49Z
XGN,7.895,2026-08-21T19:58:23Z
XHB,106.5,2026-08-21T19:59:54Z
XHG,4.28,2026-08-21T15:34:23Z
XHLD,7.72,2026-08-21T19:58:50Z
XHLF,50.275,2026-08-21T14:30:15Z
XHR,19.44,2026-08-21T19:59:38Z
XIFR,11.13,2026-08-21T19:59:29Z
XIMR,31.42,2026-08-21T16:45:30Z
XJR,51.95,2026-08-21T18:20:58Z
XLB,53.515,2026-08-21T19:59:55Z
XLBI,24.61,2026-08-21T14:46:30Z
XLBX,26.29,2026-08-21T18:36:37Z
XLC,111.4,2026-08-21T19:59:54Z
XLE,63.62,2026-08-21T19:59:55Z
XLEI,27.98,2026-08-21T19:58:59Z
XLF,57.495,2026-08-21T19:59:58Z
XLFI,24.42,2026-08-21T17:44:50Z
XLG,62.065,2026-08-21T19:59:52Z
XLI,180.23,2026-08-21T19:59:58Z
XLK,183.32,2026-08-21T19:59:59Z
XLKI,26.22,2026-08-21T13:51:56Z
XLP,85.985,2026-08-21T19:59:55Z
XLRE,45.06,2026-08-21T19:59:54Z
XLU,42.755,2026-08-21T19:59:55Z
XLUI,23.4,2026-08-21T15:21:09Z
XLV,174.615,2026-08-21T19:59:57Z
XLY,117.975,2026-08-21T19:59:51Z
XMAX,8.61,2026-08-21T19:59:49Z
XME,119.35,2026-08-21T19:59:53Z
XMHQ,119.415,2026-08-21T19:49:02Z
XMLV,68.2,2026-08-21T13:33:03Z
XMMO,157.04,2026-08-21T19:59:14Z
XMPT,21.47,2026-08-21T19:59:46Z
XMTR,83.57,2026-08-21T19:59:00Z
XMVM,74.69,2026-08-21T16:16:54Z
XNCR,27.8,2026-08-21T19:59:59Z
XNDU,10.96,2026-08-21T19:59:56Z
XNDX,8.9,2026-08-21T19:26:43Z
XNET,5.1,2026-08-21T19:59:44Z
XNTK,357.53,2026-08-21T19:00:12Z
XOEF,30.34,2026-08-21T19:35:23Z
XOM,165.085,2026-08-21T19:59:56Z
XOMO,11.36,2026-08-21T19:59:55Z
XOMX,50.05,2026-08-21T19:53:44Z
XONE,49.365,2026-08-21T19:53:29Z
XOP,189.46,2026-08-21T19:59:52Z
XOS,3.465,2026-08-21T19:59:50Z
XOVR,20.34,2026-08-21T19:59:56Z
XP,16.8,2026-08-21T19:59:55Z
XPEG,4.2,2026-08-21T19:57:39Z
XPEL,51.41,2026-08-21T19:59:31Z
XPER,6.25,2026-08-21T19:59:50Z
XPEV,12.2,2026-08-21T19:59:57Z
XPH,72.9,2026-08-21T18:22:14Z
XPO,198,2026-08-21T19:59:43Z
XPOF,5.18,2026-08-21T19:59:00Z
XPON,3.49,2026-08-21T15:08:14Z
XPRO,18.21,2026-08-21T19:59:52Z
XQQI,49.06,2026-08-21T19:38:45Z
XRAY,10.9,2026-08-21T19:59:53Z
XRMI,17.4,2026-08-21T18:36:11Z
XRN,37.11,2026-08-21T19:03:27Z
XRP,15.33,2026-08-21T19:59:59Z
XRPC,14.545,2026-08-21T19:59:46Z
XRPI,7.48,2026-08-21T19:59:50Z
XRPM,11.125,2026-08-21T16:00:40Z
XRPNW,0.84,2026-08-21T19:56:49Z
XRPR,11.515,2026-08-21T15:31:25Z
XRPT,35.16,2026-08-21T19:59:59Z
XRPZ,14.89,2026-08-21T19:59:46Z
XRT,87.685,2026-08-21T19:59:48Z
XRX,2.89,2026-08-21T19:59:57Z
XSD,498.26,2026-08-21T19:59:41Z
XSEP,45.07,2026-08-21T16:06:46Z
XSHP,16.9,2026-08-21T18:40:51Z
XSHQ,48.79,2026-08-21T19:01:22Z
XSLL,9.97,2026-08-21T16:22:43Z
XSMO,86.02,2026-08-21T19:59:55Z
XSOE,47.51,2026-08-21T19:59:47Z
XSPI,50.035,2026-08-21T16:21:06Z
XSVM,69.85,2026-08-21T15:03:38Z
XSVN,46.4,2026-08-21T16:03:05Z
XSW,199.36,2026-08-21T13:53:41Z
XT,82.895,2026-08-21T19:59:47Z
XTEN,44.265,2026-08-21T19:53:06Z
XTIA,1.49,2026-08-21T19:59:55Z
XTL,212.48,2026-08-21T19:59:50Z
XTN,108.15,2026-08-21T19:59:50Z
XTRE,48.77,2026-08-21T15:31:13Z
XTWO,48.865,2026-08-21T19:54:40Z
XUSP,53.8,2026-08-21T14:29:50Z
XV,25.02,2026-08-21T19:55:00Z
XWEL,1.035,2026-08-21T19:45:15Z
XXI,6.48,2026-08-21T19:59:59Z
XXRP,32.93,2026-08-21T19:55:03Z
XYF,5.45,2026-08-21T18:43:47Z
XYL,113.45,2026-08-21T19:59:55Z
XYLD,41.67,2026-08-21T19:51:57Z
XYZ,82.17,2026-08-21T19:59:56Z
XYZY,25.4,2026-08-21T17:40:47Z
XZO,16.86,2026-08-21T19:59:44Z
YALA,5.625,2026-08-21T19:59:29Z
YANG,27.645,2026-08-21T19:59:41Z
YARW,36,2026-08-21T17:16:21Z
YB,14.11,2026-08-21T18:28:26Z
YBIT,21.17,2026-08-21T18:25:36Z
YBTC,17.86,2026-08-21T15:52:25Z
YCBD,0.5093,2026-08-21T19:59:42Z
YCL,18.05,2026-08-21T14:48:53Z
YCS,54.59,2026-08-21T19:59:51Z
YDDL,1.72,2026-08-21T14:22:18Z
YDEC,28.22,2026-08-21T19:59:45Z
YDES,4.91,2026-08-21T17:00:58Z
YDKG,1.115,2026-08-21T17:13:30Z
YELP,23.45,2026-08-21T19:59:11Z
YETH,9.1,2026-08-21T19:58:17Z
YETI,43.765,2026-08-21T19:59:51Z
YEXT,6.36,2026-08-21T19:59:50Z
YGLD,39.635,2026-08-21T19:55:27Z
YHGJ,3.12,2026-08-21T15:14:38Z
YHNA,10.97,2026-08-21T13:50:08Z
YI,3.53,2026-08-21T19:53:34Z
YINN,30.43,2026-08-21T19:59:59Z
YJ,3.615,2026-08-21T19:58:51Z
YLD,18.945,2026-08-21T19:59:54Z
YLDE,57.66,2026-08-21T14:09:17Z
YMAG,11.155,2026-08-21T19:59:51Z
YMAX,7.67,2026-08-21T19:59:32Z
YMM,8.78,2026-08-21T19:59:57Z
YMT,0.2103,2026-08-21T18:32:55Z
YNOT,32.7,2026-08-21T19:57:01Z
YOLO,3,2026-08-21T19:23:37Z
YORW,34.04,2026-08-21T19:25:43Z
YOU,43.305,2026-08-21T19:59:53Z
YOUL,0.5097,2026-08-21T15:10:12Z
YPF,51.24,2026-08-21T19:59:50Z
YQ,2.38,2026-08-21T14:15:25Z
YQQQ,9.76,2026-08-21T13:59:00Z
YRD,1.15,2026-08-21T16:43:12Z
YSEP,28.28,2026-08-21T19:52:50Z
YSG,2.99,2026-08-21T19:58:36Z
YSPC,46.8,2026-08-21T19:45:10Z
YSS,9.315,2026-08-21T19:59:57Z
YSWY,25.16,2026-08-21T19:59:26Z
YTRA,0.9401,2026-08-21T14:44:00Z
YUM,152.97,2026-08-21T19:59:49Z
YUMC,49.52,2026-08-21T19:59:55Z
YXT,3.02,2026-08-21T13:40:19Z
YYAI,1.075,2026-08-21T19:52:40Z
YYGH,1.16,2026-08-21T19:48:34Z
YYY,11.395,2026-08-21T19:59:47Z
Z,35.88,2026-08-21T19:59:53Z
ZAP,32.14,2026-08-21T13:47:08Z
ZAUG,27.87,2026-08-21T19:59:55Z
ZBAO,0.1891,2026-08-21T19:49:51Z
ZBH,100.985,2026-08-21T19:59:55Z
ZBIO,32.32,2026-08-21T19:59:58Z
ZBRA,368.59,2026-08-21T19:59:50Z
ZCMD,0.9183,2026-08-21T19:59:43Z
ZD,56.06,2026-08-21T19:59:35Z
ZDAI,1.67,2026-08-21T14:23:30Z
ZDEK,26.69,2026-08-21T14:15:00Z
ZDGE,2.9,2026-08-21T16:28:10Z
ZDIS,61.64,2026-08-21T16:06:24Z
ZENA,2.02,2026-08-21T19:59:50Z
ZEO,0.4198,2026-08-21T18:38:24Z
ZEPP,5.3,2026-08-21T14:13:39Z
ZETA,29.06,2026-08-21T19:59:58Z
ZEXIT,10,2026-08-21T13:30:00Z
ZG,36.765,2026-08-21T19:59:52Z
ZGN,13.895,2026-08-21T19:59:58Z
ZH,3.215,2026-08-21T19:59:48Z
ZHDG,23.83,2026-08-21T19:01:25Z
ZHOG,51.21,2026-08-21T15:18:49Z
ZIEXT,1,2026-08-21T13:30:00Z
ZIM,28.25,2026-08-21T19:59:48Z
ZINC,26.565,2026-08-21T19:59:46Z
ZION,68.135,2026-08-21T19:59:40Z
ZIONP,18.11,2026-08-21T18:09:12Z
ZIP,4.21,2026-08-21T19:59:55Z
ZJK,2.49,2026-08-21T19:49:37Z
ZJYL,3.1,2026-08-21T18:37:38Z
ZKH,2.91,2026-08-21T19:59:40Z
ZLAB,26.01,2026-08-21T19:59:56Z
ZM,107.46,2026-08-21T19:59:47Z
ZMUN,50.08,2026-08-21T18:11:35Z
ZNB,1.87,2026-08-21T18:51:51Z
ZNOV,27.8,2026-08-21T18:34:22Z
ZNTL,3.83,2026-08-21T19:59:46Z
ZOCT,27.94,2026-08-21T17:14:23Z
ZONE,0.1557,2026-08-21T19:59:19Z
ZOOZ,5.7,2026-08-21T17:31:20Z
ZROZ,57.97,2026-08-21T19:58:18Z
ZS,181.75,2026-08-21T19:59:54Z
ZSL,21.39,2026-08-21T19:59:50Z
ZSQR,3.645,2026-08-21T19:59:55Z
ZSTK,4.505,2026-08-21T19:37:00Z
ZTEK,0.5901,2026-08-21T13:36:05Z
ZTG,0.962,2026-08-21T19:58:50Z
ZTO,21.38,2026-08-21T19:59:54Z
ZTR,6.75,2026-08-21T19:57:01Z
ZTS,77.74,2026-08-21T19:59:55Z
ZUMZ,18.25,2026-08-21T19:59:54Z
ZURA,5.855,2026-08-21T19:59:25Z
ZVIA,1.285,2026-08-21T19:59:55Z
ZVOL,7.515,2026-08-21T15:02:40Z
ZVRA,11.865,2026-08-21T19:59:58Z
ZVZZT,24.5,2026-08-21T19:00:33Z
ZWS,49.08,2026-08-21T19:59:30Z
ZXIET,100,2026-08-21T13:30:00Z
ZYBT,2.02,2026-08-21T19:29:57Z
ZYME,28.665,2026-08-21T19:59:47Z
